From	To
Q502K1	exog
Q90YW0	rpl9
P16092	Fgfr1
Q8IYB9	ZNF595
Q9HD45	TM9SF3
P0C026	NUDT24
P52875	Tmem165
Q9DER7	TLL1
Q8K248	Hpdl
P22182	fgfr1
F4HYR3	OSCA1.4
Q05D44	Eif5b
B5DFC9	Nid2
Q6AYU1	Morf4l1
Q8IZD9	DOCK3
Q6NTZ6	fut10
Q5U4T3	arhgap26
Q8VHQ9	Acot11
Q52T38	PAT24
P17560	RENBP
Q9JJ59	Abcb9
Q9Z1M8	Ik
O93308	smc1a
A4IIJ3	wwc1
Q6NYV5	sap30l
Q0P5F3	LIN7C
O02691	HSD17B10
Q9H788	SH2D4A
Q6AXQ2	Efcab11
Q8K2D6	Dctd
O80775	WDR55
O60879	DIAPH2
Q9VXB5	mRpL22
O95714	HERC2
A7Y2W8	slc6a9
Q8BJK1	Kctd7
O70283	Wnt2b
Q5RDJ0	TIMM10B
Q2ABP3	Pgap2
P40644	HMG1
Q01664	TFAP4
P41252	IARS1
Q8TEQ6	GEMIN5
Q9GKE7	CLCN5
Q8K2G4	Bbs7
Q6DG99	kctd6
Q5NU14	mkrn1
Q3UTQ8	Cdkl5
Q96DM3	RMC1
Q17RS7	GEN1
Q3KRG3	tsr2
A5PK46	PNLIPRP2
Q8I719	PKG
O97860	ACP5
Q922G0	Slc25a36
O95487	SEC24B
P23935	NDUFA5
Q8TEJ3	SH3RF3
Q9TTR7	NR2F2
Q9FKC8	At5g37990
O15067	PFAS
P46061	Rangap1
P54131	CHRNA7
Q6JHU9	Crebbp
P45481	Crebbp
E9PY46	Ift140
Q5EA62	FBLN5
Q6NTV6	inf2
A1L1R5	ptpdc1
Q0P451	coa5
A0A8I6A2H6	Micu3
Q9N1R6	SLC7A9
Q86UW6	N4BP2
P0CT34	Tf2-1
Q920B0	Frmd4b
O77457	AGAP002721
B3SBB5	TRIADDRAFT_38449
Q9Y256	RCE1
Q942L2	PDIL2-2
Q63245	Foxd3
Q12931	TRAP1
Q5T0T0	MARCHF8
O43280	TREH
Q108U9	TES
Q5HYK7	SH3D19
Q94BZ1	ZIFL1
Q99M87	Dnaja3
Q14517	FAT1
Q9BZE0	GLIS2
P57760	Stk16
P21675	TAF1
Q9FIV6	DEGP10
Q32M45	ANO4
Q9R085	Usp15
Q9UN86	G3BP2
Q7TT00	Supt20h
Q66HD5	Clip4
P12499	gag-pol
Q9Y673	ALG5
Q9D753	Exosc8
Q7Z628	NET1
Q9WV04	Kif9
Q3T0F2	TRAPPC2
Q32L31	HMGB3
Q5RFH3	NME2
Q8BU03	Pwp2
P21804	FGFR1
A7S6A1	v1g243165
Q9H3E2	SNX25
O54834	Arhgap6
O22943	STL1
Q9H7F4	TMEM185B
Q54KG1	ddx41
A6NNA5	DRGX
Q9CXV9	Dcun1d5
P11369	Pol
O15182	CETN3
P26630	pax6a
Q498H0	pds5b-a
Q9CZG3	Commd8
Q5T8P6	RBM26
Q91ZW3	Smarca5
Q28CH8	yipf6
Q69ZZ9	Macf1
Q52KU6	mtm1
Q5F3V3	PDS5A
Q9VJ79	Pde11
A0A1B0GTI8	TMEM272
A0A2B4SJA1	STING2
Q8VC30	Tkfc
Q90YQ1	rps23
Q2HXK8	fgf16
Q5ZKY2	ATG7
Q54I82	cda
Q2KID6	PLRG1
A2AKK5	Acnat1
Q9W4S1	CG12206
P13677	inaC
Q8BLH7	Hirip3
Q9V4C8	Hcf
Q2TBG8	UCHL3
A7SNN5	v1g246408
Q80VJ2	Sra1
Q5TZ07	plpp6
Q8CII2	Cdc123
Q9VLN1	Wdr82
Q8TD57	DNAH3
P83093	Stim2
Q7Z3S7	CACNA2D4
Q5R754	CDKL2
Q5F4B2	SWAP70
Q86TI0	TBC1D1
Q9NVM9	INTS13
F1QN74	zmynd10
B5LVL2	UFM1
Q3M6C3	Ava_3858
Q95SX7	RTase
Q6ZR37	PLEKHG7
Q99MK9	Rassf1
O88398	Avil
O75364	PITX3
Q91W89	Man2c1
E9Q6D6	Znf277
Q6PHZ5	Rbm15b
Q13887	KLF5
Q96LD1	SGCZ
Q9Z1J2	Nek4
P49596	ppm-2
Q8C4V1	Arhgap24
Q08874	Mitf
Q6L9W6	B4GALNT3
Q27802	DYH1B
Q6DG32	slc25a36a
Q6PBF6	gamt
Q9VQ37	Rim2
Q5SZK8	FREM2
P02552	TUBA1A
Q99JB0	Klf7
Q9Y619	SLC25A15
Q9BVK2	ALG8
Q9CX48	Zcchc10
Q6DIR5	tes
Q96NL6	SCLT1
Q90YH9	TES
Q05546	Tnr
Q9WTS8	Fcn1
Q9BXJ9	NAA15
Q14643	ITPR1
P0C6B8	Svep1
Q63073	Btg1
Q96CQ1	SLC25A36
P58368	ankhb
Q8N6M6	AOPEP
Q8IZS8	CACNA2D3
Q66GS9	CEP135
P70085	cyp17a1
Q8N1A6	C4orf33
Q9Y6H3	ATP23
O95671	ASMTL
P17012	Zfx
Q15485	FCN2
P28658	Atxn10
Q5SSI6	Utp18
Q6DC66	boka
Q96DY2	IQCD
Q6XUX0	DSTYK
Q6V0I7	FAT4
P15056	BRAF
Q8NB90	AFG2A
Q3ZCL5	ARFIP2
P98063	Bmp1
Q0C406	tnaA
O64411	MPAO1
B3RXR7	TRIADDRAFT_56304
P53992	SEC24C
Q6P5I8	yipf5
Q8R332	Nup58
P50851	LRBA
Q80YD6	Sergef
Q6NYJ3	terf2ip
Q9NQM4	DNAAF6
Q5RG49	aasdh
Q5M981	usp12-b
Q9QYM0	Abcc5
Q9P2J5	LARS1
Q5ZQU2	NPAS2
O15440	ABCC5
Q4R6K2	SLC30A1
P55112	nas-4
P0CF65	CRBN
Q5M823	Nudcd2
B0WYR6	WDY
Q8CH40	Nudt6
Q91WS2	Nlrp6
Q9Z1K8	Slc7a7
E9Q9F7	Ccdc146
Q9QXW9	Slc7a8
B0S5N4	plxna3
Q9GKU5	HDAC11
Q32N90	mbtd1
A0JM13	c2cd3
Q9H6E4	CCDC134
B8CWV8	ackA
Q868M7	cel3
Q9BX70	BTBD2
G5EBX9	pef-1
Q8NB14	USP38
P36107	AUR1
P19218	Gp2
P35441	Thbs1
Q6PCB5	RSBN1L
Q08DH3	TRMT9B
Q96PE2	ARHGEF17
Q5RJZ6	Scoc
P07742	Rrm1
Q58DT4	PYCR1
Q5PQJ6	Pycr3
Q6P1D7	Slx4
O94915	FRYL
Q498J9	mblac1
P22770	CHRNA7
Q14CM0	FRMPD4
Q9NS40	KCNH7
P70627	Folh1
Q2HJ58	PRPS1
A4IHW6	gnpda2
P35559	Ide
P82798	ATRX
B2RRE7	Otud4
Q04656	ATP7A
Q61316	Hspa4
Q01389	BCK1
Q7SXW4	emc3
Q864I7	MC1R
Q2YDQ5	fbxl5
A2XVF7	OsI_016050
Q8V5U0	VCATH
Q91WM3	Rrp9
Q96A58	RERG
D4ACP5	Recql5
O43614	HCRTR2
A0FKN5	SLC26A5
P78798	pex7
Q9WVR8	Men1
P57071	PRDM15
O93430	glra1
P49459	UBE2A
Q86UP6	CUZD1
Q5SQX6	Cyfip2
P51151	RAB9A
P35440	THBS2
Q9YDF8	APE_0955
Q64441	Cyp24a1
P70582	Nup54
P60122	Ruvbl1
Q9GP16	RpL31
Q6PBT8	fgf1
Q8IVG5	SAMD9L
Q8NEN9	PDZD8
Q9NZ63	C9orf78
P97521	Slc25a20
Q659C4	LARP1B
O43772	SLC25A20
D3K0R6	ATP2B4
Q6IE82	Jade3
P57093	Phyh
P21328	pol
Q8WV99	ZFAND2B
Q2YBQ4	ttcA
A2AVA0	Svep1
Q9CZL5	Pcbd2
P46018	PHKA2
Q9CR48	Dram2
A7E300	DLC1
Q8BVQ5	Ppme1
Q5RGV1	impdh1b
Q9H1J7	WNT5B
P51903	PGK
Q92051	cahz
P41759	PGK
Q8WXX0	DNAH7
Q9H920	RNF121
Q4R6M4	TTC29
P08220	GABRB1
Q9WV54	Asah1
Q01062	Pde2a
Q4V7F2	Creld1
Q6IAA8	LAMTOR1
Q8N682	DRAM1
Q5EAD8	LRRC51
Q8K3X3	GMDS
Q9D581	Efcab10
Q6P832	gatm
Q7T3H7	med18
Q80T32	Adgrd1
P61763	STXBP1
Q498D6	Fgfr4
Q18932	cah-2
A7S641	v1g243132
Q4R628	KIF3A
Q86TB3	ALPK2
O35449	Prrt1
P61328	FGF12
Q02040	AKAP17A
P81436	OGT
Q96PQ7	KLHL5
O15173	PGRMC2
Q3ZC01	CNOT7
Q28GW8	melk
Q5F457	WBP4
O94913	PCF11
Q62784	Inpp4a
A5PKL6	GSTCD
Q13423	NNT
A4D7T3	ASZ1
P70704	Atp8a1
O54865	Gucy1b1
Q5XJQ5	exosc9
Q9EQZ5	Ptgr1
Q9QZN3	Fbxo8
Q6AYA1	Gar1
D3YY91	Lrr1
F1N206	DLD
Q14656	TMEM187
Q566M8	rnf150
A0JN61	CRCP
P42345	MTOR
Q2TA46	UBL3
Q8CDF7	Exd1
Q86T90	KIAA1328
O18998	DNASE1
O70372	Tert
Q566X8	dmbx1b
Q96RW7	HMCN1
Q9NBX4	X-element\ORF2
Q8AV57	SDK2
Q9BMN8	ptp-3
O97394	sdk
P10586	PTPRF
P49793	Nup98
P62877	RBX1
Q9VC47	tok
A4GTP4	Elk1
Q9PUQ1	etv4
Q9VCR3	Cow
O43900	PRICKLE3
O60271	SPAG9
Q6GPQ3	mfsd8
Q3UHX0	Nol8
Q64323	Piga
P49139	MAPKAPK2
Q7LHG5	TY3B-I
Q08879	Fbln1
Q90435	pou4f3
P0DX19	IFRD2
Q8K2Y0	Obi1
Q5E9U6	WNT16
F1QXD3	zdhhc15b
Q2KIE4	MCTS1
Q95LN2	CFAP70
O96024	B3GALT4
Q9R1T4	Septin6
P52194	Clgn
Q8N5Y2	MSL3
Q64332	Syn2
Q8BTV1	Tusc3
Q6YBV0	SLC36A4
A0A0R4IWG9	gcna
Q3L254	WNT7B
Q9WU06	Avil
Q6TNS2	pak1ip1
Q5YLG1	eglA
A0A1U8QWA2	ATRR
Q98SN8	sec61ab
P22534	celA
Q6P2P2	PRMT9
Q03188	CENPC
P10394	POL
D2I3C6	DCLK2
P38024	AIRC
P35433	Ppat
Q8N5T2	TBC1D19
A7SBF0	ints9
P94598	gdhA
O75896	TUSC2
Q3T169	RPS3
Q8NI36	WDR36
P42325	Nca
Q61603	Glra4
Q0VF22	Ccdc138
Q9UK61	TASOR
O18276	gab-1
Q6XPS3	TPTE2
Q9VCA2	Orct
Q9XX00	sbp-1
P55864	pax6
Q5SXM2	SNAPC4
Q8NHP6	MOSPD2
Q26657	ALX
B2GV36	Slc22a13
Q68F72	slc15a4
Q9NZJ4	SACS
Q9H237	PORCN
Q60HD6	PMM2
Q8WXW3	PIBF1
Q9NX55	HYPK
Q502W6	VWA3B
Q9CQ79	Txndc9
Q6DJH2	aasdhppt
Q8WTS6	SETD7
Q5IRJ6	Slc30a9
A7RNG8	v1g180167
P51954	Nek1
Q6GMK0	mgat4bQ9UQ53
Q923A2	Spdl1
D3YXG0	Hmcn1
E7EYQ9	tmem216
Q9WU40	Lemd3
Q91ZP6	Ndfip2
O70165	Fcn1
P17480	UBTF
Q9NR64	KLHL1
O35114	Scarb2
P83852	CPD
P49582	Chrna7
Q86VN1	VPS36
Q9DF58	ILK
Q8NI27	THOC2
Q86VD9	PIGZ
P79942	noct
Q96RY5	CRAMP1
A2ASS6	Ttn
Q2KI84	HARS1
Q5XK67	polr1d
Q6DRC0	sars1
P42893	Ece1
Q924W7	Dennd2b
Q17QI5	VAMP7
A2A259	Pkd2l1
Q15262	PTPRK
Q20191	nas-13
Q8C7H1	Mmaa
Q460N5	PARP14
Q91X85	Flvcr2
Q5RBU7	PRCP
Q92870	APBB2
Q91YE6	Ipo9
Q9R1S3	Pign
E1B7L7	UBN2
Q9YH85	TECTA
Q6PDN3	Mylk
Q99JW2	Acy1
Q92545	TMEM131
Q9Y2L1	DIS3
Q9UBN7	HDAC6
Q91YL7	Cwh43
Q91YQ5	Rpn1
Q3ZBY7	DEGS1
F1NWE3	PTPRS
E7FCN8	intu
Q9CR67	Tmem33
Q6ZWB6	KCTD8
Q8R323	Rfc3
Q0V8F1	CORO7
O60503	ADCY9
Q9GKT2	FAXDC2
Q14094	CCNI
Q2KJH5	CFAP97
Q16534	HLF
F1R345	ddx11
Q2TBE0	CWF19L2
Q00547	Hmmr
Q2KIG0	ETFDH
P62597	POT1
Q5ZMS6	TDRD3
P36571	bioC
P91580	COS41.2
O94868	FCHSD2
Q9VCA9	Spase22-23
Q5EAK8	dram1
Q8VE88	Fam114a2
Q8BGG9	Acnat2
Q8CDK3	Iqub
A3KMV5	UBA1
Q4GZT3	PKD2
Q8TEA7	TBCK
Q28DF4	ppm1h
Q02753	RPL21A
Q923Y4	Taar7h
P52486	Ubc4
Q9UBS8	RNF14
Q5F489	TAF3
Q5R452	SAFB
Q6DMN8	SPATA4
P37727	Chm
A7YW98	RARS1
P54531	yqiT
Q5RFI8	PGM2
P61221	ABCE1
Q08BG1	tmppe
Q6NZQ2	Ddx31
P27398	sol
Q96SQ7	ATOH8
A7S3J7	v1g242621
Q9ES03	Tbx20
Q6GLI9	polr1e
P97554	Dnajb9
Q8BH31	Mfsd8
Q6DKM1	unc50-a
Q9Y2Z0	SUGT1
Q91821	melk
E7EZF3	uhrf1
A0A481NSZ4	BPI
Q66GM8	PAE10
Q9NW08	POLR3B
Q9NII1	Adar
O43159	RRP8
Q08AY6	kmt5a-a
Q9HDZ5	SPAC589.09
Q5SUV2	Mycbpap
Q811U3	Erc1
P91623	grn
Q5U317	Fip1l1
Q9JI99	Sgpp1
F4I1X0	HIPP41
P23771	GATA3
Q2TAA5	ALG11
P50573	Gabrr3
E1BNQ4	NAXD
A7RS11	HPF1
Q96GY3	LIN37
Q5F452	MTMR8
Q9UKJ5	CHIC2
A0JMY5	nfxl1
P81192	HOXA4
Q2A865	Slc6a19
Q9NZI5	GRHL1
O82568	AAPT2
F8W2M8	tpp1
B0BML7	spr
Q8BZE1	Cdcp3
Q6P0U0	amdhd2
Q6GM07	cinp
Q3SWX0	NIPA2
Q7T163	kidins220b
Q8R3S6	Exoc1
Q39XY8	rpmD
P35846	Folr1
Q2PZL6	Fat4
O75897	SULT1C4
Q8IZU2	WDR17
O88576	Slc6a18
A0A0R4IES7	bltp1
Q15154	PCM1
P30531	SLC6A1
Q9Y5K6	CD2AP
Q5E9N5	CLPB
Q9H4K1	RIBC2
O60494	CUBN
Q9HAR2	ADGRL3
Q7TMC8	Fcsk
P81274	GPSM2
Q5T1M5	FKBP15
Q03958	Pfdn6
Q7Z5N4	SDK1
O95279	KCNK5
P55115	nas-15
G5EBF1	sax-3
G5EBQ8	chs-2
Q7PD79	G-s-alpha-60A
Q6PFL0	med27
Q13356	PPIL2
A0A1L8GXM0	rad50.L
Q96FA3	PELI1
O57593	surf1
Q8TDX7	NEK7
O75063	FAM20B
Q9D2R8	Mrps33
Q5BJF6	ODF2
Q5ZJW4	SEC22B
Q9P202	WHRN
Q8IYH5	ZZZ3
A2AJ15	Man1b1
Q8BMC1	Atp6v1g3
Q7RTX1	TAS1R1
Q6EWQ6	DHPS
Q1JQB2	BUB3
Q9UBH6	XPR1
P54100	Vav1
Q07817	BCL2L1
Q9NVG8	TBC1D13
Q05B79	DHX36
Q5ZL19	STX6
Q9N0A4	PTGES2
Q4PJX1	Odr4
C9D7C2	CAC
A7MBH5	ODAD3
Q5ZJ81	SH3GLB2
A9UL70	swi5
A6H751	FPGS
Q8N9R8	SCAI
Q80SY5	Prpf38b
O35451	Atf6b
P52826	CRAT
Q28FE4	morn5
Q4KML2	cry-dash
Q9H4G4	GLIPR2
Q28C91	echdc1
Q8N1B4	VPS52
Q9Y399	MRPS2
Q96J01	THOC3
P34443	rheb-1
Q8WX92	NELFB
Q9UBK9	UXT
E9Q309	Cep350
Q61165	Slc9a1
Q26481	RPL5
Q6ZM63	gpn3
F1MNN4	FBXW7
Q6NZR5	Skic2
Q17RW2	COL24A1
O77834	PRDX6
Q5W5X9	TTC23
P90747	catp-8
Q8BGY6	B3gnt5
Q91WJ8	Fubp1
Q7PCJ8	SAT2
C5IAW9	unc5b-b
A7XY94	grin2b
P56377	AP1S2
Q6P112	rgl1
Q03472	APOR
Q6DGI0	rgs8
A0A1L8G016	dnaaf11
Q3TUF7	Yeats2
Q9UJ41	RABGEF1
P25102	Hrh2
Q5U580	klhdc10
Q9P4X3	utp7
Q8NDA2	HMCN2
P02469	Lamb1
Q9EQU5	Set
A4D0S4	LAMB4
Q5I7G2	RXR
O95295	SNAPIN
Q9IB83	psmb1-B
P37198	NUP62
Q16832	DDR2
Q9P055	JKAMP
Q86YN1	DOLPP1
P16086	Sptan1
O75936	BBOX1
A7SBN6	v1g244155
Q6MG55	Abhd16a
A4IFW2	ptprf
Q9NQX5	NPDC1
Q8BUH7	Rnf26
P49791	Nup153
Q9V6X7	O-fut1
P10039	TNC
P02671	FGA
A0JP86	lamc1
A1Z713	Vps13
B5XF11	kdm8
P04973	CLTA
Q1LVF3	smg7
Q9DC61	Pmpca
Q9NQH7	XPNPEP3
P97461	Rps5
Q6P0N0	MIS18BP1
Q923L3	Csmd1
Q7T381	bokb
O77633	ADAM10
Q95JN5	ATP13A3
Q9Y2I6	NINL
Q96DA6	DNAJC19
Q8VCK5	Klhl20
O35276	Nrp2
Q32L97	VAMP4
Q7T3C7	rtn4ip1
Q8BS35	Agmo
Q96KQ7	EHMT2
Q5IFJ8	PSMD5
Q7T2Z5	UNC5C
Q92990	GLMN
Q00685	C3
Q5ZL13	NUDT19
Q8N3C7	CLIP4
Q00403	GTF2B
Q9DBN1	Stra6l
Q969S6	TMEM203
P82918	MRPS18B
Q68FK8	dhx9
Q0EEE2	Ptchd3
Q8BGC4	Ptgr3
P34257	tc3a
Q04609	FOLH1
Q9JK41	Slc31a1
Q8WNR0	SLC31A1
P55008	AIF1
Q80ZI6	Lrsam1
Q642A5	Pole3
Q9PUB8	slc39a7
Q0V9E9	kmt5a
B3RNE8	TRIADDRAFT_53139
Q6P3X8	PGBD2
Q6MG08	Abcf1
Q5HZJ0	Drosha
P49696	vars1
Q09575	K02A2.6
Q28BT4	calu
Q7TQ94	Nit1
Q9UL12	SARDH
P04323	pol
Q5R5S9	TYW3
P35658	NUP214
P16295	F9
Q5ZJY3	GARNL3
O00534	VWA5A
Q99LP6	Grpel1
Q6IMX7	Hspbp1
Q3ZBE7	YPEL5
Q4R7W3	RALGPS2
Q3UHX9	Spout1
Q8BUV8	Gpr107
Q08AT1	Rasl12
Q27746	DNMT
Q9EP53	Tsc1
Q5T8I3	EEIG2
A0JMW2	dnaaf5
Q76KB1	HS2ST1
Q12904	AIMP1
Q3B7H2	tamm41
Q8NAT2	TDRD5
Q28CY2	eif3g
Q3ZBX1	PIGC
P59083	PHPT1
Q6X1Y6	Asic3
Q8NDI1	EHBP1
Q9CPU9	Slc31a2
Q5R6Z8	CACYBP
P98068	SPAN
Q7Z7G8	VPS13B
Q95LZ5	TTC16
G3MWR8	MICAL3
P47747	HRH2
Q9DBQ9	Swt1
Q9H1Y0	ATG5
Q9BV10	ALG12
Q9DAA6	Exosc1
Q4R945	TTK
Q9Y5Q5	CORIN
Q0VC30	POLG2
Q14146	URB2
Q6PBC1	rpl35
Q8TB37	NUBPL
Q9JII1	Inpp5e
Q9R172	Notch3
Q9VUL9	FucTA
Q15058	KIF14
B2RXA1	Plcxd2
Q5T4S7	UBR4
Q13526	PIN1
Q66IC8	dynlt5
Q148F0	URM1
Q5M7T1	Ciao1
Q95KD9	DIRAS2
Q6GQB9	edem3
Q5IJ48	CRB2
Q9HCS7	XAB2
P34579	unc-47
Q9D733	Gp2
Q8IY17	PNPLA6
P67868	CSNK2B
E0W1I1	Pink1
P21956	Mfge8
Q9EP86	Npffr1
Q5U3Q6	trip10
P09481	CHRNA3
Q08257	CRYZ
Q0R4F1	pif1
Q3T0Z3	UBL5
Q96PD2	DCBLD2
Q8I7P9	pol
Q7T3E5	kyat3
Q8BND5	Qsox1
Q4VC17	Adamts18
F1NV61	CASP7
Q9V3J8	wds
F1QF89	pomt1
Q9HAC7	SUGCT
Q3TLH4	Prrc2c
Q8NBJ5	COLGALT1
Q6GN42	slc44a4
Q9JHX4	Casp8
P25291	GP2
Q14790	CASP8
O18757	SLC25A24
Q9JIQ8	Tmprss2
Q6GPI1	CTRB2
Q5R5E8	HPN
Q9H2H8	PPIL3
A9JS51	cimip2b
Q9UHF1	EGFL7
A0A1D3PCM3	CysA
B0KWC1	PI4KB
Q9NY93	DDX56
Q800L3	MED22
Q99KC8	Vwa5a
P19208	hsp-3
P53611	RABGGTB
Q9ESR9	Abca2
Q9JHW0	Psmb7
Q6DIM3	tubd1
Q9VBW3	Cad96Ca
Q91YN0	Ferry3
Q8CDY7	Dynlt4
Q01727	Mc1r
Q9Y4A9	OR10H1
Q6P618	ak8
Q16513	PKN2
Q3U0J8	Tbc1d2b
A2BFC9	cfap77
Q796Y5	ygaK
P62294	ASPM
Q8NHY2	COP1
O57592	rpl7a
Q4V5A3	unpg
P48053	C05D11.1
Q7ZVJ6	qtrt2
Q8HXY8	ACADM
Q8TBP5	FAM174A
Q19269	nas-14
Q9BE52	CDK5RAP2
A0A0R4IBK5	rnf213a
Q9I8C7	CHRNA10
Q800K9	SURF4
Q5TC82	RC3H1
Q7ZVS8	cmtr2
P54319	Plaa
Q06AT3	UCHL5
Q9JHB4	Wdr31
Q9VE46	ChT
E1BVR9	HENMT1
C8YR32	Loxhd1
Q2HJ54	PITPNA
Q9Y3Q0	NAALAD2
Q6GMF2	tada1
Q76MS7	HRH2
P48738	PITPNA
Q5REM3	PPAN
Q9WVK7	Hadh
Q8BKF1	Polrmt
Q32PE0	POLR2F
O00311	CDC7
Q8N9H8	EXD3
A1IH00	golga2
Q9UBS9	SUCO
Q3B7L5	FLCN
Q7JJ13	Brd2
P41105	Rpl28
Q8BUH1	Txnl4b
Q5U5A6	nrarp
Q5R5D8	BBOX1
A2AJA9	Ajm1
B0UYH6	rpap2
Q566U4	afmid
Q68FI4	arpc5-a
Q2M3R5	SLC35G1
P10447	ABL
Q9N658	sens
Q4R3G2	SERPINB6
Q9WUH1	Tmem115
Q7Z591	AKNA
B4F134	tdh
Q7T320	gorab
Q5HZL9	hdhd3
Q920P5	Ak5
Q27433	mec-2
Q8CG64	Fkrp
Q28BK1	hace1
Q5BJI9	spcs2
Q8IVV2	LOXHD1
Q5XHA0	slc25a24
Q9D2J7	Ankef1
O14657	TOR1B
Q9JI70	Mkks
Q9EQQ4	Gpr45
Q9D113	Dnlz
Q6NRG5	ndor1
Q9P1Z9	CCDC180
Q5E992	PPIL1
Q8BW00	Ptrh1
Q3UHC7	Dab2ip
O35626	Rasd1
Q6TC27	SRY
Q6GLQ4	ppp1r10
Q8BNA6	Fat3
Q8CGF6	Wdr47
Q8VIB2	Daxx
Q8J0E9	cefD1
A2VE52	REXO2
Q8UVR3	lmx1b.1
P48507	GCLM
B1H116	uck2
Q8IZC6	COL27A1
Q9SMX5	AGD4
Q6DCP1	foxred1
Q96F25	ALG14
Q7TSH2	Phkb
P53678	Ap3m2
Q7ZVB2	aldh9a1a
Q5U3K5	Rabl6
P61245	MAX
Q66I24	ass1
A2AWA9	Rabgap1
D3Z3K2	Ccnb1ip1
Q66KY3	cuta
Q4LDE5	SVEP1
A7RWC9	v1g163483
Q6PAR5	Gapvd1
P40424	PBX1
E7F0Z8	notum2
P25391	LAMA1
Q9NPB8	GPCPD1
Q08E20	ESD
P0CS10	TRM10
P58557	YBEY
Q8HZ69	FMO2
Q29RM1	SLC25A19
Q5SV85	Synrg
P11047	LAMC1
Q54W11	mcfL
Q8NE28	STKLD1
Q9BSL1	UBAC1
Q26626	KAP115
Q9JL58	KCNK9
A0A1D5NSM8	svep1
Q9I9M5	fzd1
Q8CHT3	Ints5
Q5ZKU5	RAB14
P70375	F7
Q8TEH3	DENND1A
Q17GZ9	Arp5
Q9W3F7	Miga
Q96QE2	SLC2A13
Q08CY9	eogt
Q8BUW1	Kcnk10
Q0P5W1	Vps8
Q8QFV0	KCNT1
Q28HC6	qtrt1
Q9Y5Q8	GTF3C5
P46379	BAG6
Q1ECZ2	keap1a
Q8IRC7	Awh
P54245	lgc-4
Q66I61	steep1
Q66I61	zgc:103697
Q5BLX8	Wdr83
Q99943	AGPAT1
B3LF83	CYP74B2
Q7Z7L7	ZER1
Q5NVD0	PRPF4
Q8IZE3	SCYL3
Q9UJX4	ANAPC5
P21575	Dnm1
Q9UET6	FTSJ1
G3M4F8	OA2B2
O43422	THAP12
Q8RWL6	STY17
A6PVS8	LRRIQ3
P48180	acr-16
Q6GPQ6	edf1
Q5T1B0	AXDND1
P10155	RO60
Q3T1G7	Cog7
Q2YDN4	TEKTL1
Q2KID0	EXOSC2
Q91614	ncs1
Q3T147	DDX39B
Q9QZB7	Actr10
Q641E3	acbd5
Q9C0C7	AMBRA1
Q60HH9	ALAD
Q0VFN8	cfap157
Q92643	PIGK
A6RT32	cia1
Q14957	GRIN2C
Q9Y3A0	COQ4
O14463	trx1
O75970	MPDZ
Q9UNH5	CDC14A
P70255	Nfic
Q149M9	NWD1
O95405	ZFYVE9
Q0V9L1	mms19
Q8IWX8	CHERP
P32929	CTH
Q6P431	mknk2
O88354	PNLIP
Q6DF94	spice1
O61749	F37F2.2
Q2KHZ9	GCDH
Q15397	PUM3
P81139	PNLIPRP2
Q6GLB5	elavl1
Q13351	KLF1
Q16739	UGCG
Q9BUJ2	HNRNPUL1
Q5ZLN0	LRRC40
Q5XJN2	ifi30
Q9XT62	RAD17
P27791	Prkaca
Q5R7Z9	HMGCS1
P90789	ndub-7
Q7Z333	SETX
Q8IN35	SIFaR
Q0GGW5	STK11
Q8CFD5	Ercc8
Q9WTP7	Ak3
P26262	Klkb1
Q5R587	POLR2E
Q6DC04	carm1
Q96LT7	C9orf72
O57525	CYP17A1
Q9Z2X8	Keap1
Q6PB03	pld3
Q924U5	Tesk2
O60931	CTNS
E7E2N8	ifi30
P41240	CSK
A3KMV2	RAD23A
Q0VFT9	trappc13
O15974	SCOP2
P70032	plk1
Q0P5N6	ARL16
Q9VE04	mRpL55
D3ZGQ5	Nek8
A7MBJ4	PTPRF
A6QNK1	GAL3ST1
Q28GD4	elavl2
Q9QYM7	ERCC4
Q13332	PTPRS
Q7SZC5	ndc1
Q96RT1	ERBIN
Q6P0I8	exosc6
Q8BYK4	Rdh12
Q9H0A0	NAT10
Q64487	Ptprd
Q96MC6	MFSD14A
Q3B8D7	Dynlt5-a
P02498	CRYAA
Q2KIL7	R3HDM4
E7FDB3	nanos1
Q8BU04	Ubr7
Q0P5I6	PRPF38A
P53702	Hccs
Q8BFR6	Zfand1
Q96N67	DOCK7
Q9ES56	Trappc4
Q96MR6	CFAP57
Q5ZJN0	ASNSD1
P0CB50	PRDX1
Q6PDX6	Rnf220
Q7Z442	PKD1L2
Q5RBL9	RTN3
Q0JRZ9	FCHO2
Q7TSN4	Pigw
O70497	Fcn2
P29413	Calr
Q92530	PSMF1
P20735	GGT1
Q8BGJ0	Zdhhc15
Q8TEK3	DOT1L
Q18248	dmd-4
P53349	Map3k1
Q9FT74	RECQL1
Q3ZBL9	CCNH
Q96SU4	OSBPL9
Q9QYK7	Rnf11
Q7T070	rhbg
Q29RZ2	PPWD1
Q9V8P9	Topors
Q9BV38	WDR18
Q2YMB3	nhaA
Q04998	Inhba
P16051	gpaB
Q7TT28	Rexo1
Q08DP0	PGM1
Q8WW35	DYNLT2B
P00184	Cyp1a1
A3KMX0	ERCC6L2
P55809	OXCT1
Q6ZUT1	NKAPD1
O88956	PLPP1
Q6WRY0	rhcg
Q6MG64	Vwa7
P23468	PTPRD
Q5M8J0	babam1
Q6GL04	vcp
Q9QYT7	Pigq
Q96MN5	TCEANC2
A7SJ66	v1g245604
Q8K1P7	Smarca4
Q8CID0	Kat14
Q9H8E8	KAT14
A0A8I3NQW8	WDR83OS
P25931	RYa-R
Q9P217	ZSWIM5
Q5ZJ74	ISCA1
P27590	Umod
P98167	SSPO
O01159	rsp-7
F6PTN1	trabd2a
P37193	Fdx1
O75417	POLQ
C0HL13	LRP2
Q08BL7	glyctk
A0NLY7	SIAM614_09648
P51907	Slc1a1
O95490	ADGRL2
Q8WZA1	POMGNT1
Q5VXU9	SHOC1
A6QNY1	CD320
Q9R1K5	Fzr1
P35269	GTF2F1
P25228	Rab3
P27921	JUND
F4INN2	GGP4
F1NJ67	SLC46A1
Q32LN0	EHF
Q92058	ALPL
Q9UNQ2	DIMT1
B1AS42	Cyb5rl
P98078	Dab2
Q9V9S7	RhoGAP100F
Q5R6J0	ECPAS
Q9Z1N2	Orc1
Q5EAB6	POMGNT1
Q9Y573	IPP
Q9CQ74	Leprotl1
A2VDD2	Dynlt5-b
Q9QUM7	Msh5
P49908	SELENOP
Q6KCD5	Nipbl
Q96K37	SLC35E1
Q70JS2	kel
P55103	INHBC
P70274	Selenop
Q6TGY8	emc2
Q5RFG0	ECH1
Q6DHU8	pbk
O95214	LEPROTL1
Q8NE22	SETD9
Q5U3T0	mgat4c
Q9ESK9	Rb1cc1
Q9BX74	TM2D1
Q5BL56	hmgxb4
P49907	SELENOP
Q4KLF5	btf3l4
Q9Z1P5	Cd320
Q0V8T0	CNTNAP5
Q7ZVT3	sass6
A7RJI7	v1g238755
P42694	HELZ
Q5W5U4	DDX4
B7Z0W9	OtopLc
Q8BG58	P4htm
Q9QZA6	Cd151
B2GV50	Rfx2
Q9Y0A7	amos
Q8IWG1	DNAI3
C3ZQF9	QRFPR
A4IFR3	ELOF1
Q7YU29	Dys
Q54CS7	jcdE
E3TDS3	mtg1
Q95LP3	RSPRY1
Q1JPX3	farsa
Q8NDV2	GPR26
P41233	Abca1
Q6DJK9	yju2b
P09661	SNRPA1
Q9W678	tp53
Q8CFW7	Cc2d2a
Q55DL2	DDB_G0270580
Q9W256	PolE4
Q6P6G5	Yipf1
P18433	PTPRA
P17971	Shal
Q9NZC4	EHF
Q9BWW4	SSBP3
P53395	Dbt
Q13042	CDC16
P0C872	Jmjd7
Q802T2	ALG6
Q865S1	AP3D1
Q6ZMW3	EML6
Q9N5Y2	art-1
Q6DGV7	mpv17l2
Q15392	DHCR24
Q76LW6	Dand5
P42285	MTREX
Q9BT30	ALKBH7
Q3UK37	Tedc1
Q9NQT5	EXOSC3
Q06615	noto
Q0V8M0	KRI1
Q02508	HGV2
Q96GM8	TOE1
Q7ZW86	cwc27
Q2HJ88	RTCA
Q9UBC2	EPS15L1
Q5F4B8	SLC46A3
Q9NV31	IMP3
Q5H8A4	PIGG
P0C7U5	c5ar1
A8BQB4	AGL
P31637	SLC5A3
Q9CWQ0	Dph5
Q2TA24	ATP6V0B
Q5R4Y2	RANBP3
Q8IUF1	ZNG1B
E1BHC3	PET100
Q04688	Ets97D
A4QNP7	dmrta2
Q8K0T2	Dync2li1
F6V515	mtap
P10463	CAPS
Q6PFH3	Dcaf15
O14494	PLPP1
Q8IY84	NIM1K
P03360	pol
Q58CR3	EIF2D
F4JG10	XYN3
Q6P3N9	slc30a7
Q811C2	Atg4c
Q6P8Y1	Capsl
Q41596	CHIA1
Q5UQN4	MIMI_L432
Q9NA73	tric-1B.2
Q6NU91	noc4l-b
Q4QQT6	Brix1
P50533	smc2
Q3UDE2	Ttll12
Q5XJA5	habp4
Q3U487	Hectd3
Q5TKR9	Kat6a
M0R3Q7	Ptchd3
Q5BLK4	Tut7
O14976	GAK
Q09930	drn-1
O15442	MPPED1
P10895	PLCD1
Q60GI5	GADD45A
P27681	Gabrg3
Q3TBD2	Arhgap45
Q8VDT1	Slc5a9
Q68CZ6	HAUS3
Q8N543	OGFOD1
Q96LI6	HSFY1
Q96LI6	HSFY2
Q8BFY9	Tnpo1
Q9JKP5	Mbnl1
Q2WED0	c3ar1
Q3SZM9	NAGK
Q9ASP6	LIF2
Q8WWF8	CAPSL
Q5ZKE7	CMPK
F1RWC3	CUBN
Q5R9T5	SPTLC1
Q94887	Nrx-IV
Q8N6S4	ANKRD13C
P30545	Adra2b
Q4ZIN3	TMEM259
B7ZCC9	Adgrg4
Q8BH88	Depdc1b
P36406	TRIM23
F6RG56	MCOLN3
P43006	Slc1a2
P43004	SLC1A2
O57321	SLC1A3
A2AVQ5	Cimap2
Q6AZW2	akr1a1a
Q6AXR5	Slc35a3
Q9JHU4	Dync1h1
Q5ZLX5	ZRANB2
P0C7N0	Rwdd3
Q9D3D9	Atp5f1d
Q7T3H9	hyi
Q95YI5	frc
A5PJI7	EIF2B3
Q19863	aptf-4
Q7ZT75	fcn1-a
Q7SY48	heatr1
Q61382	Traf4
Q61212	Npy6r
B0JZ89	fam32a
Q5M7T9	Thnsl2
P20478	Gs2
Q8HZM5	GLUL
Q5R7B8	KLHL20
O32210	yvgN
Q66KE8	ccdc78
F1Q8K0	rad54l
O08795	Prkcsh
Q01063	Pde4d
A3KN33	EGFLAM
O95801	TTC4
Q5ZL21	MMACHC
Q86YQ8	CPNE8
Q8BZ39	Nmur2
X1WE18	kank2
Q6P8U6	Pnlip
Q7T105	mier1
Q0KIA2	CG9801
P28339	POLD1
B6MFW3	BRAFLDRAFT_281537
P58242	Smpdl3b
Q28E02	snx30
Q6IQU6	rpf1
Q9PTS2	urod
P48547	KCNC1
Q6NY34	asf1bb
Q91W43	Gldc
Q6R1L1	TAF7
P17972	Shaw
A7MBF6	ARMH1
Q9TSM5	GSTM1
Q05D32	CTDSPL2
O62742	SCP2
Q6P5L8	hsdl2
Q96LB3	IFT74
Q29116	TNC
Q2NL13	TRAPPC5
E7FA21	smcr8a
A4QP81	frrs1
Q68DH5	LMBRD2
F1NZI4	PGGHG
P13590	NCAM1
Q90744	NAGA
Q28DB0	ttc39b
Q5F3F2	MYSM1
Q8IZD6	SLC22A15
Q6QI06	Rictor
Q9V0D5	mdh
Q96SL4	GPX7
Q8CDV6	Ccdc63
Q8N3J2	METTL4
Q9Z0Z3	Skp2
Q8TF64	GIPC3
P56520	HDAC3
Q8VCD7	Kdm4c
Q9JJT0	Rcl1
Q12834	CDC20
Q6ZT98	TTLL7
P32238	CCKAR
Q8BMZ5	Tsen34
Q5ZL00	EMC1
Q8TC12	RDH11
Q6IRU7	Cep78
Q1RMP0	POLR1H
B1AY13	Usp24
Q9DBE8	Alg2
Q6DCF6	efcab7
Q5ZKV8	KIF2A
Q924H0	Npffr2
Q08BU1	med8
Q15386	UBE3C
Q5RBI4	ABHD5
Q9Y334	VWA7
Q9EQW7	Kif13a
Q5ZKY4	ING4
Q6GPB9	dnai4
Q08CD5	rxylt1
Q96BR5	COA7
A5PK23	MED26
Q8VIG3	Rsph1
Q95J56	DNAJC14
Q28C98	hddc3
Q09137	Prkaa2
A7RQM5	v1g161623
Q7XM21	F3H-1
Q9Y2D8	SSX2IP
Q28EE8	srek1ip1
Q2KJ81	AP1M1
Q60803	Traf3
Q99MU5	Spata6
Q9C093	SPEF2
O75694	NUP155
O02811	PI4KA
Q9Y5Q9	GTF3C3
Q6NYG8	dpyd
Q9NPF5	DMAP1
Q9NQI0	DDX4
O88696	Clpp
P17225	Ptbp1
O18806	F8
Q96D21	RASD2
Q96MU7	YTHDC1
Q6P0Q8	MAST2
Q7Z5L0	VMO1
Q61115	Ptch1
P28288	ABCD3
Q9I8J6	ebna1bp2
P82279	CRB1
A8QW39	CFAP144
O70579	Slc25a17
O60256	PRPSAP2
O95905	ECD
Q24251	ATPsynD
Q12887	COX10
G5E8P0	Tubgcp6
Q9UJK0	TSR3
Q6NUQ1	RINT1
Q9ER34	Aco2
Q9UIC8	LCMT1
Q3MHZ2	SPSB3
A7SLC8	nat9
O75689	ADAP1
Q4R8G6	MEIOB
Q8N5M1	ATPAF2
Q99J47	Dhrs7b
Q9Y226	SLC22A13
P22758	TGM1
A0LPF8	rpmA
Q8VHK1	Caskin2
Q86L51	rapB
Q921Q3	Alg1
Q6V4S5	Sdk2
Q0II25	POP7
Q6NU40	chtf18
A7SE07	v1g229988
Q8K0V4	Cnot3
Q9UKN7	MYO15A
P42297	yxiE
Q9NZS9	BFAR
Q16658	FSCN1
O60733	PLA2G6
O54898	Cacna1g
Q6GPB5	alkbh5
P26369	U2af2
Q12767	TMEM94
Q8IWF2	FOXRED2
P20918	Plg
Q01815	Cacna1c
Q96QP1	ALPK1
Q3V2A7	Qrich2
Q7ZXX2	kif19
Q6QT07	BCO2
Q9R0W9	Chrna6
Q6R5J2	disp1
Q9BUU2	METTL22
Q6NRT5	csn1
Q7SZE3	llgl2
Q7RTV0	PHF5A
A7M7B9	NTHL1
Q91X52	Dcxr
O75460	ERN1
P10644	PRKAR1A
Q9CXL3	Chlsn
Q5XH16	snu13
P84080	ARF1
Q804X6	F9
Q4R495	MFSD11
Q9Z2Z7	PGS1
A0JP70	wdr90
Q8WSF1	HHT3
Q15546	MMD
A4IHR1	ift70a
Q6INI5	nol11
Q9UPM9	B9D1
Q01519	COX12
A4FUD1	GPN1
P27169	PON1
Q80Y81	Elac2
E1BZR9	TECPR1
Q920G0	Skap2
Q8N0W5	IQCK
Q9UBV8	PEF1
Q8NFI3	ENGASE
Q7ZWC3	nudt1
C3YWU0	BRAFLDRAFT_56888
A0JPE9	gk5
Q5HZT0	dxo
O77932	DXO
Q8BW94	Dnah3
Q5XX13	FBXW10
Q9CPQ3	Tomm22
P05696	Prkca
P35980	Rpl18
A2VDL9	TMEM184B
Q9CQT7	Desi1
Q12830	BPTF
Q9SY73	At1g10310
P49146	NPY2R
Q6ZVM7	TOM1L2
Q9UT32	SPAC8F11.04
A6NCI4	VWA3A
Q8R3P7	Cluap1
Q6ZUK4	TMEM26
Q5SSM3	Arhgap44
F8WK50	flii
P47809	Map2k4
Q80ZA4	Pkhd1l1
A0A8M9Q308	flvcr2b
Q07553	Gyc32E
Q9DCJ1	Mlst8
Q5XI54	Drc3
Q29S14	TVP23B
Q5BKU9	OXLD1
Q5U4T9	mboat7
Q9WYJ1	TM_0356
Q922B6	Traf7
P97868	Rbbp6
Q7ZWN0	lmf2
P14791	HMOX1
Q8JZQ9	Eif3b
A8Y5H7	Sec14l1
Q70CQ4	USP31
Q5SSH7	Zzef1
Q90YS3	rps2
Q3SZE9	TBCC
Q5R991	AVL9
Q8JZQ5	Aoc1
Q7TNC4	Luc7l2
Q5ZKX9	KDELR2
P58283	Rnf216
G3C7W6	Slc26a11
Q6GPP1	telo2
Q99853	FOXB1
A7SMR1	v1g235689
F5H4B4	FAM227A
Q3T132	LAMTOR2
A4QNE0	get4
P34205	phr
Q9EP80	Pick1
Q96CC6	RHBDF1
Q9UH99	SUN2
Q03468	ERCC6
Q5REK0	FMO2
Q0P4F7	acsf2
Q6PCF9	slc38a10
Q32NV1	ctu2-b
P23819	Gria2
O75899	GABBR2
O14964	HGS
Q14565	DMC1
A2A5Z6	Smurf2
Q8R480	Nup85
Q9CYH6	Rrs1
O15169	AXIN1
O15050	TRANK1
Q7ZU92	parn
Q96AY2	EME1
Q3SX41	LUC7L3
Q28CJ6	ndel1
Q149F3	Gspt2
Q8BI79	Ccdc40
Q32LI5	MEIG1
F1QAM1	zdhhc4
Q63042	Gfer
Q8BP07	Tmem220
Q14344	GNA13
Q80W47	Wipi2
Q495M9	USH1G
P32598	GLC7
Q80TT2	Baiap3
P70612	Cxcr1
Q8K4Y7	Cant1
Q6P8D1	rpsa
B0JZG0	slc23a2
Q6ZPJ3	Ube2o
Q96QU8	XPO6
Q9U6M0	ECSIT
Q61824	Adam12
E1BKF9	CFAP52
Q13472	TOP3A
Q8C753	Katnip
Q6PFK1	znf598
Q08DX0	SNX29
A4IGH2	rsad1
O95198	KLHL2
P30549	Tacr2
Q7XWS7	FH12
Q9UNK0	STX8
Q09511	rsp-4
Q92949	FOXJ1
Q15750	TAB1
Q8BS45	Ift56
Q640T2	wdr45b
Q8BSL4	Hs3st5
Q8AWC7	FUT11
A6NFN3	RBFOX3
Q9QZS6	Hs3st3b1
O14981	BTAF1
Q7ZUY3	h2ax
Q8N8E3	CEP112
Q9V3G3	cyp33
Q8TES7	FBF1
Q7ZW16	rnf41
P49674	CSNK1E
Q8VCY6	Utp6
Q58A42	DD3-3
Q9D5W8	Tex47
Q9Y6N1	COX11
P02567	myo-1
B7FF07	WDY
Q2YDJ8	KMT5A
Q6GV29	B3gntl1
Q9UKK3	PARP4
Q6PAX8	hapstr1
E9PYK3	Parp4
P49815	TSC2
Q9W6H5	ube2ia
O16797	RpL3
O43451	MGAM
Q501J6	Ddx17
Q6A1A2	PDPK2P
Q9D8B1	Aig1
Q5XI03	Cep95
Q9CWR2	Smyd3
Q9P275	USP36
Q8BKX6	Smg1
Q9JLB4	Cubn
Q6FJZ9	PRP46
P29372	MPG
Q99758	ABCA3
Q8BUV6	Lsm11
A7UA95	radil
Q29S22	DDX47
P41180	CASR
Q8AVT9	arpc1a-a
Q6NUZ2	ttyh2l
P0CT41	Tf2-12
P0C0T1	ITPK1
Q27889	Pp2B-14D
Q5EB25	nubp1
A6QLG5	RPS9
P48636	PA4923
Q495M3	SLC36A2
Q96DW6	SLC25A38
A6H8I2	sgsm3
Q5F3I6	TMEM104
O14562	UBFD1
Q2F5L3	692975
Q9NZC3	GDE1
Q9CXB8	Alpk1
P29594	Casp2
Q9UBX3	SLC25A10
P19174	PLCG1
Q6UXY8	TMC5
Q9CPY6	Gid4
U3JAG9	cep131
Q8BTN6	Leng9
Q96PX1	RNF157
P56696	KCNQ4
P60670	Nploc4
Q9CR92	Cfap184
Q9NJU9	CDPK3
P51156	Rab26
O08852	Pkd1
Q2YDH6	AP3S1
A7SDW5	v1g169424
Q3ULW8	Parp3
Q7ZX03	foxk2
Q6NWH0	P5436
O95180	CACNA1H
Q9N126	RDH8
Q6DFF5	sox9-b
Q9D8W5	Psmd12
Q8C9A2	Endov
F4KFT7	TH2
Q32KN5	DNAL4
G3V8Y7	Tepsin
Q63016	Slc7a5
Q58D56	DRG2
P45862	ywjB
Q5ZHY5	STUB1
Q94AM1	OOP
Q8K448	Abca5
Q6P1R4	DUS1L
Q8NAB2	KBTBD3
Q9GPH3	ATFC
P51570	GALK1
Q2TBW2	COQ7
Q8BWQ6	Vps35l
Q5XGG5	ccnf
D2XV59	Gtpbp1
Q0VCN3	IFT27
Q9DBJ6	Josd1
F1RKB1	IQCD
O19182	KCNJ2
Q0QWG9	Grid2ip
E5RQL4	FTCDNL1
O19137	CPSF4
Q9QZB9	Dctn5
Q13442	PDAP1
P04047	TK1
Q28ER3	birc5.2
Q3TIT8	Slc37a3
Q9UHD8	SEPTIN9
P61922	Abat
Q8MJK1	CBY1
O93610	pold2
Q27991	MYH10
P80147	ABAT
Q6DGP7	lyrm1
Q9DGE0	map2k6
Q00004	SRP68
P41113	ACT3
Q8BHY8	Snx14
Q0VA03	suz12
Q9Y5X2	SNX8
Q4KMQ2	ANO6
B0G143	ucpB
Q8K2W3	Txndc11
Q923X9	Taar8a
Q498Z6	mrps7
Q2YDD4	SLC39A11
Q6GMA4	chmp6-a
O08967	Cyth3
Q5PNP1	snx14
Q10002	apn-1
Q3B8H3	tmem11-b
Q8R040	Rpp21
Q8R1N4	Nudcd3
Q94519	ND-ACP
P34968	Htr2c
Q4R3M1	WBP2NL
Q7TN88	Pkd1l2
Q6S5C2	Gnptg
Q5RF24	WDR13
Q9QXV1	Cbx8
Q8R0H9	Gga1
Q5XJS5	thoc6
Q8IV36	HID1
P52429	DGKE
P21265	ADSL
O61231	RpL10
Q9H361	PABPC3
Q9Z2X3	Psmd10
Q8BL48	Unk
Q6IP57	ubald2-a
Q8N957	ANKFN1
A2RUS2	DENND3
Q83JF4	kdsD
Q5ZI23	HAGH
A6QR16	RNPS1
B1H3D5	endou
Q6DFA1	dcun1d3
Q80U30	Clec16a
Q9Y4E6	WDR7
Q9UPM8	AP4E1
Q8CHU3	Epn2
P48766	SLC8A1
Q8NBK3	SUMF1
Q9D2C6	Polr3h
Q1LZ75	ERCC1
Q8BHA3	Dtd2
Q8IWB9	TEX2
O94817	ATG12
Q93009	USP7
Q3UZW7	Eef2kmt
Q7ZXV8	znf207
Q58EA2	alyref-a
P62993	GRB2
Q8NFF2	SLC24A4
P82094	TMF1
Q9U9P7	rdgBbeta
P21195	P4HB
A7MBC2	PDXDC1
Q9JIA7	Sphk2
Q8TBP0	TBC1D16
Q8N122	RPTOR
Q07E43	ASZ1
Q96FL8	SLC47A1
Q9NXV2	KCTD5
Q0P5C0	LMF1
A1L1C2	pld6
O05218	ywrD
O54983	Crym
Q92806	KCNJ9
G3UW82	Myh2
A7SE05	v1g237158
Q01850	CDR2
O70496	Clcn7
Q9Y2W2	WBP11
D3ZEN0	Micall2
Q17QK9	NAA60
P52827	MRPL12
P53331	RNH70
Q5QQ57	XYLT1
Q8R2S9	Actr8
Q7ZYJ9	aarsd1-b
Q76I82	RPS15A
Q15822	CHRNA2
E7FC72	exoc7
P62998	RAC1
Q9NVU0	POLR3E
Q6NVC5	rhot1a
P14604	Echs1
Q6PDF3	Svopl
B5XAM2	mrpl58
Q6NUH3	nosip
P51892	lig1
O00418	EEF2K
P50616	TOB1
A0JME2	atf7ip
Q17MI0	MED7
Q3SZW1	TSSK1B
Q5JWR5	DOP1A
Q9C102	glt1
P47836	RPS4
Q3ZBP4	RCAN1
P12394	CYP17A1
Q9Y6R4	MAP3K4
Q59A28	CRYZL1
Q9NU22	MDN1
O95562	SFT2D2
A0MTA1	apex1
Q5TFE4	NT5DC1
Q15418	RPS6KA1
B5WWZ9	FAO2
Q96PZ0	PUS7
A5D9D4	MSTO1
Q53H96	PYCR3
Q2TLZ3	MACO1
O00258	GET1
Q9FFZ6	S-RBP11
Q8BH18	Tmem117
Q9LIN3	RZ1A
Q9UA35	SLC28A3
Q9QYS2	Grm3
E9PZJ8	Ascc3
Q8SZA8	Fdx2
P28755	Sod1
Q18297	trpa-1
P08559	PDHA1
Q5XIN9	Ccdc81
Q6DHM9	rhoab
A1L1W9	slc16a10
H6BDU4	SOD1
O75844	ZMPSTE24
Q9UMY4	SNX12
Q9CXG3	Ppil4
B0WWP2	dbo
P27544	CERS1
Q8IXY8	PPIL6
Q5E9B7	CLIC1
Q6P988	NOTUM
Q61618	Adora3
Q8VE22	Mrps23
O54862	MBTPS2
Q80Y44	Ddx10
A5PK71	PACRG
Q55E31	rab32B
Q9D7P6	Iscu
F1QGW6	eif2s3
Q1WG82	Zglp1
Q61093	Cybb
Q2HJ49	MSN
P48740	MASP1
P08510	Sh
Q99LJ7	Rcbtb2
Q29RT6	KIF20A
P56282	POLE2
Q9D572	Ubxn11
Q53FA7	TP53I3
Q3UMM4	Cdk10
Q9TZM3	lrk-1
Q9P2C4	TMEM181
Q4R5J0	CCT8
Q96A49	SYAP1
P87120	SPAC3A12.04c
Q2XWK0	svop
Q58DA6	SLC35A2
Q8N7X0	ADGB
Q4R918	KIF25
Q96C24	SYTL4
P0CH28	UBC
Q1LZD9	PSPC1
P21872	GART
F1MBP6	KLHL3
A8Y1P7	bre-4
Q6PBK1	mix23
P46939	UTRN
Q9D7N3	Mrps9
Q9PT62	fzd4
P13773	carA-1
P13773	carA-2
Q5UAW9	GPR157
Q6GQ39	tmem135
Q05AW7	ctu1
Q924V1	Nox4
Q7Z020	TrpA1
Q8SPX7	CRYL1
Q8BGD4	Slco4c1
Q2NKT1	PFN4
P58003	sesn1
Q969L4	LSM10
Q08DA3	USP16
Q32PJ3	ORC3
Q8VHE6	Dnah5
Q2HJ44	TENT2
Q71MB6	Slco4c1
Q61371	Ift88
Q8WVB3	HEXD
Q9CQC3	Cfap95
P55196	AFDN
A2BH40	Arid1a
A7Z056	USP20
Q9D3A8	Nos1ap
Q9Y333	LSM2
P91620	sif
A7T167	gdap2
O00629	KPNA4
Q64604	Ptprf
Q7ZUP1	tent5c
P35738	Bckdhb
P20825	pol
Q54U31	shkD
P35187	SGS1
Q5HYM0	ZC3H12B
P0CT42	Tf2-7
Q3TLI0	Trappc10
O55013	Trappc3
P17970	Shab
Q91858	taf12
Q5TB80	CEP162
Q9QX47	Son
Q5XJX0	jagn1a
Q32NN2	qki.S
A0A1L8HCK2	cfap298-a
O94804	STK10
Q5ZKG5	ACP1
Q08943	Ssrp1
O23300	ECI3
F1N476	ECE2
B8CW77	rpsO
Q9D1H6	Ndufaf4
Q8N3L3	TXLNB
Q8R149	Bud13
O95835	LATS1
Q921C3	Brwd1
Q86SQ9	DHDDS
P79888	amd1
Q8VHI6	Wasf3
Q80XJ3	Ttc28
A7YWG4	GGH
Q99J39	Mlycd
E7F3F0	myo9ab
Q92820	GGH
Q99MV7	Rnf17
Q6PE15	Abhd10
P42620	yqjG
Q0DXS3	RDR1
Q9UHD1	CHORDC1
Q5BL07	Pex1
Q9GLP1	F5
P43246	MSH2
P43247	Msh2
P32019	INPP5B
Q4QQW3	Adhfe1
Q5R1S9	CHAF1B
Q9WVS6	Prkn
Q8N961	ABTB2
Q8VHE0	Sec63
P31584	YPTV1
Q9N1T2	RPGR
Q13247	SRSF6
F6SDF8	mgme1
Q6TMA8	Angptl4
A2AJ76	Hmcn2
Q3T9Z9	Zup1
Q812B1	Pou3f4
Q63159	Coq3
Q6NXD2	chmp2b
Q3U5F4	Yrdc
Q8IUF8	RIOX2
Q9WU70	Stxbp5
Q13950	RUNX2
Q15723	ELF2
O75486	SUPT3H
F7BJB9	Morc3
Q5JRX3	PITRM1
Q71B07	Dpy19l3
Q6P2H3	CEP85
Q5ZMJ9	SRRM1
O60508	CDC40
P51949	Mnat1
E7F6F7	abcb7
P70279	Surf6
P11717	IGF2R
O88848	Arl6
Q8TE73	DNAH5
Q9P1Y6	PHRF1
Q9I8D1	MYO6
Q5VVH5	IRAK1BP1
Q9P2E3	ZNFX1
O13821	sst4
Q6NRS1	ibtk
Q9HD26	GOPC
Q9Z0L8	Ggh
Q9Y385	UBE2J1
Q3V1H9	Samd5
B2RQR8	Ece2
A7SD85	cdc5l
Q6DGJ3	timm13
Q7T0B1	STK40
Q86VQ0	LCA5
Q148M7	TAF13
Q95221	IP6K2
P02788	LTF
Q8BHC1	Rab39b
P13439	Umps
P06801	Me1
Q5R9B8	DCAF6
Q6DFV8	Vwde
Q6DJN2	traf6-b
Q8ISQ3	RPL24
P47813	EIF1AX
Q8BGC0	Htatsf1
P45700	Man1a1
P61758	VBP1
Q62073	Map3k7
Q5TCS8	AK9
O44400	F37C4.5
P24781	tbxt
O61577	KATNA1
Q9UDY4	DNAJB4
Q60769	Tnfaip3
Q8IWP9	CCDC28A
O43390	HNRNPR
D3Z9Z9	Smarcad1
Q6ZQ88	Kdm1a
Q9ESJ0	Xpo4
Q9PWH2	FZD10
Q6PEI7	ctps1
P59235	Nup43
Q640M1	Utp14a
O73770	DGCR6
O75937	DNAJC8
Q9Y6H1	CHCHD2
Q8BH58	Tiprl
A6NIE9	PRSS29P
Q0P457	kti12
P43141	ADRB4C
Q25C79	Akirin2
Q3SZP8	TADA2A
O77621	ADRA1A
A0A0G2JEB6	Cfap47
O60287	URB1
E1C231	LTN1
B4PTD3	foxo
O55012	Picalm
Q8NBP5	MFSD9
C8VK14	hxnY
Q8IYF3	TEX11
Q7TML3	Slc35f2
Q9H7B2	RPF2
Q6PUR6	gpn2
Q8BGT0	Ostm1
P0CG50	Ubc
Q6IFT4	Arhgap20
Q9Z0R6	Itsn2
Q6NYU7	uprt
Q5E994	CHMP1B
Q67Y99	CLPF
Q924W5	Smc6
Q7L1I2	SV2B
Q7ZTY4	rbbp7
Q3V384	Afg1l
A9UMP7	eno4
Q8IZN3	ZDHHC14
Q9UNX4	WDR3
Q3T099	WARS2
Q6ZRQ5	MMS22L
Q8LE52	DHAR3
Q9GRC0	mos
Q5VSG8	MANEAL
Q61644	Pacsin1
Q0IHF1	tmem39a-a
Q8BIQ5	Cstf2
A7S2N8	v1g184952
A6H8I0	usp22
Q9VEX9	Bin1
Q008S8	ECT2L
Q2KIK2	MPV17L
Q5TH69	ARFGEF3
Q7SZ59	RASL12
Q5ZKR4	RABL3
Q6AZA0	acat1
Q61493	Rev3l
Q5QNP2	taar13c
Q8N5D0	WDTC1
Q9M223	At3g60360
Q32L63	VTA1
Q6PAM0	Prkab2
Q9Y5F2	PCDHB11
Q9NQZ6	ZC4H2
Q9SIT1	TMK3
P82931	MRPS6
G7ISB0	FAAH
Q8K4X7	Agpat4
O89086	Rbm3
Q96D71	REPS1
Q9H4Q3	PRDM13
Q63525	Nudc
P19222	Cpa2
O60502	OGA
Q13162	PRDX4
Q9QY66	Znhit2
Q9NX74	DUS2
Q640N2	Arl13b
Q52KD8	meaf6
P59910	DNAJB13
Q62867	Ggh
Q5XJK9	cmss1
Q8K214	Scmh1
B2B9A1	ATP5PO
Q3SZ90	RPL13A
Q9FWW6	At1g12160
Q29S00	OSCP1
A0L4Y9	rplS
Q8R3L8	Cdk8
Q803G5	samm50a
Q29AK2	GA17800
Q9H446	RWDD1
Q9VKJ0	Hgd
Q92734	TFG
Q92902	HPS1
Q96CB9	NSUN4
B1WAS2	hunk
Q14192	FHL2
Q5ZJ69	ARID5B
Q5R5C5	NOX4
Q6ZN16	MAP3K15
Q96B97	SH3KBP1
P29773	ETS-2
P63171	DYNLT1
Q15007	WTAP
Q6DEE7	fam76b
Q5ZK69	PAAF1
Q7ZZ00	znf511
P50747	HLCS
Q62280	Ss18
Q66JX5	Cep43
Q9X248	fabG
O54842	Nupr1
A8E4N3	RSPH3
Q8R537	PEX7
Q6DID3	Scaf8
Q2LE78	btbd6
O00764	PDXK
Q8VIH3	Slc28a3
Q6DJI9	zcrb1
P08246	ELANE
Q68FT6	Rhbg
Q92562	FIG4
O42163	COCH
Q6TGS6	yars1
Q2TBP7	MYCBP
P50174	phaA
Q28DT7	eed
Q28HM1	tfb1m
Q5BKW9	asrgl1
Q05927	NT5E
Q8VIJ8	Nprl3
P56182	RRP1
Q9D4W2	Mfi
Q8K363	Ddx18
Q9D198	Syf2
Q9VCZ3	Octbeta1R
Q99LJ8	Nus1
O75751	SLC22A3
Q9QXT0	Cnpy2
Q4R639	SORD
Q6DDH2	rmi1
F1MMV1	EFHB
Q9Y2X3	NOP58
O93614	rap1gds1-a
Q922H9	Znf330
Q9JI78	Ngly1
Q94B65	UTR7
Q9NZB8	MOCS1
P10687	Plcb1
Q1MTN8	SPBC16D10.01c
Q975N4	metE
O75962	TRIO
Q14974	KPNB1
Q2T9Z0	TRIM17
Q9UBT7	CTNNAL1
Q8CEL2	Cfap61
Q41808	TUBG2
Q15542	TAF5
Q99808	SLC29A1
B0UY98	tmem163a
Q9DBZ5	Eif3k
Q6AYD3	Pa2g4
Q95029	CtsL1
O96553	pug
Q9CQ46	Efcab2
O95807	TMEM50A
Q05AL1	armc8
P42319	yxjH
P07311	ACYP1
E7FCP8	nags
P49642	PRIM1
Q28FE0	cpped1
P97321	Fap
P17124	HRH2
Q5VT25	CDC42BPA
A7Z061	CDC27
Q9NXE8	CWC25
Q801P7	actr3-a
Q9UIK4	DAPK2
Q8UVC1	invs
P49803	Rgs7
P07756	Cps1
A0JNI5	CLASRP
Q28824	MYLK
Q7ZUK7	waca
Q90674	LHCGR
Q3SZK1	AAMP
A6QL92	SLC35F5
G5ECJ6	csk-1
Q5ZID6	NT5C3A
Q11011	Npepps
Q5RH71	tspan33
O75165	DNAJC13
Q3V1N1	Mfhas1
Q09325	Mgat1
P31696	AGRN
P86881	ngb
Q8C079	Strip1
Q9H160	ING2
Q8MSF5	RNASEK
Q803R5	cmtr1
Q9GKS9	DZANK1
O42202	neurod1
Q6NRF4	ccnyl1-b
Q8NEL9	DDHD1
Q8K4L3	Svil
O57328	FZD1
Q7TNC6	Kif26b
B8A4F0	zdhhc16a
P0CB49	Ylpm1
Q9UN19	DAPP1
O77564	FOLH1
Q9N3X8	rig-4
Q5R5X9	SMYD4
Q2KIB9	POP4
Q04771	ACVR1
Q5E9U9	NPRL2
Q9ERC8	Dscam
P40313	CTRL
P00774	Cela2a
O00423	EML1
Q3LH63	dmrt1-a
Q62232	Six2
O73754	grem1
Q9VM21	gudu
Q6AYI2	Klhdc3
P52162	MAX
Q9Y243	AKT3
Q6NUP7	PPP4R4
O73755	GREM1
Q95LM1	UBE2U
B5YAR4	dnaJ
Q9UT00	SPAPYUK71.03c
Q9ULL1	PLEKHG1
P53041	PPP5C
P97411	Ica1
Q9I7T7	Larp4B
P19517	CACNB1
Q76MT4	Esf1
Q6GZQ0	FV3-075L
Q13257	MAD2L1
Q96L42	KCNH8
Q5PRC7	nabp1
Q5MB13	ABCG2
Q8NEV4	MYO3A
Q4G0J3	LARP7
Q9VGP0	Dtd
Q9JHX2	Sp5
Q0V882	TMBIM6
Q9H6Z9	EGLN3
D3ZAA9	Mpp2
Q1RMM1	ZC3H15
Q6DCK3	rasgrp2-b
Q8H0T4	UPL2
Q6P4F7	ARHGAP11A
Q09328	MGAT5
Q91883	hspa5
P24257	wnt1
Q9Y6F9	WNT6
Q32NU8	odad4
Q3T0L2	ERP44
P56962	STX17
Q90WR8	SP3
P10881	SSB
Q6P8M1	Tatdn1
E9Q286	Ice1
Q5JU00	TCTE1
Q497V6	Bahd1
Q6P632	naa20
O35166	Gosr2
P60009	ACT1
A0A481WQ18	traH
Q5F389	WWOX
A2T7P4	GSC
P80206	Otx2
Q6NRT6	dnajc10
Q1RLY6	kmo
O08919	Numbl
Q6IMM1	DNAJC27
Q8NBP0	TTC13
Q14315	FLNC
Q502G2	tmem41aa
D2GZV9	ENTPD5
Q5XIW8	Sart1
P54922	ADPRH
Q8SR86	CDC28
Q6P2Z6	nmd3
Q8IY50	SLC35F3
Q7ZVN5	srp54
A5PKH3	FAH
F1P4W9	CFAP65
P0C2C4	Mrpl10
Q99708	RBBP8
Q17QG5	UBE2G2
Q9EQG7	Enpp5
P98088	MUC5AC
Q6GMK8	gmppaa
Q9WV08	Aplnr
P0DH95	CAM1
P11475	Esrrb
Q99615	DNAJC7
P80895	PCMT1
Q8WZ42	TTN
A4IIW7	cdk14
Q3YL68	b4galt5
P15535	B4galt1
Q8K348	Acvr1c
Q91175	adra1a
Q8R5L3	Vps39
Q63170	Dnah7
Q9NXD2	MTMR10
P99029	Prdx5
Q920R0	Als2
Q8K158	Cnppd1
Q7TN73	Casd1
E1C7T6	TYW5
O77783	EXT2
Q6DHL5	lrrc57
Q8C1A9	Abhd18
Q62388	Atm
Q96EZ8	MCRS1
Q6QI68	Psenen
Q5TYV0	emc7
Q2T9X7	UBE2E3
Q5SSZ5	Tns3
Q6DFS6	chmp2a
Q6GQA6	csn8
Q00532	CDKL1
Q2KJC8	FKBP9
Q9PTJ6	NFI1
P24844	MYL9
Q1LZ78	NTPCR
A8T6P4	myrip
Q15678	PTPN14
F1MS15	PLEKHA8
Q49XZ6	sodA
Q8BTU7	Rccd1
Q15061	WDR43
Q3TV65	Mpnd
Q01082	SPTBN1
P07814	EPRS1
Q14997	PSME4
Q86TI4	WDR86
P49356	FNTB
Q2TBA3	Malt1
A5JYS0	pcs-1
Q9USQ7	mug71
O73718	TBX3
P49454	CENPF
Q9A9H3	per
Q9DGD1	MGAT4C
Q00963	beta-Spec
O09044	Snap23
Q8TDX6	CSGALNACT1
A8QCE4	Bm5439
A8XJ93	rpl-11.2
P24722	tck1
Q9NZN3	EHD3
A0JMY4	ccdc176
Q689D1	TLR2
Q9JI67	B3galt5
Q9H8Y8	GORASP2
Q9LQ12	4CLL1
O13148	epha4a
Q5CB04	B3GAT1
Q29RN6	SOCS5
Q6AXQ0	Sae1
Q642M9	dhdh
Q8C5N3	Cwc22
O88488	Ptprq
Q9D7A8	Armc1
Q8K1N4	Spats2
Q9P2G1	ANKIB1
P09543	CNP
Q642R9	rab3gap1
Q7JK24	B3GALT1
Q2PFX5	RGN
P97273	TITF1
P63154	Crnkl1
A1L0Y2	neurl4
Q15147	PLCB4
Q9Y3Q3	TMED3
Q32PH2	TMEM143
Q8WUB8	PHF10
Q8AV58	SDK1
Q498G2	cep152
Q86W92	PPFIBP1
P53546	gsc-b
Q26417	OTX
P32242	OTX1
Q90267	otx1a
Q5R8S4	ERLEC1
Q9PT61	otx5-b
Q9WTS2	Fut8
Q99M03	Rwdd2b
Q5ZKD1	CEPT1
Q96L03	SPATA17
Q80ZF8	Adgrb3
Q568Z6	Ist1
Q9P2K3	RCOR3
Q9ESS0	Dusp10
Q64521	Gpd2
Q6DI51	nme6
Q9GT45	RpS26
O08760	Ogg1
Q9QYP2	Celsr2
Q91379	NR2E1
Q90673	PRELID1
Q9TTF0	NR2E3
Q9DBR1	Xrn2
Q9H3S7	PTPN23
P84173	PHB1
B0S6T2	slc15a2
Q8BG94	Commd7
P48024	Eif1
A8TX70	COL6A5
Q9CVI2	Fam133b
O73888	HPGDS
Q6AX60	bbs9
Q8CFE5	Btbd7
Q5ZHV5	JMJD4
Q96GW7	BCAN
A6QQL9	SRP14
F1RCP1	becn1
P32303	agtr1-a
Q2KI14	NAA10
M1BYJ7	NDB1
P51971	EIF1
A4FUD4	PEX12
Q7TSL3	Fbxo11
Q2HJH0	LSM5
Q8CJ69	Bmper
Q6PDJ1	Cachd1
Q54FG7	jcdF
Q9D4H9	Phf14
Q8VBT0	Tmx1
Q86SR1	GALNT10
P35869	AHR
Q9P2K8	EIF2AK4
P51687	SUOX
Q9DC33	Hmg20a
P51955	NEK2
Q91XC8	Dap
Q5ZJQ3	LIN52
Q6ZS30	NBEAL1
Q98SW2	hif1a
Q07536	ALDH6A1
P59328	Wdhd1
Q8TD10	MIPOL1
E1B8W3	ODAD2
Q8BPM2	Map4k5
Q58DS9	RAB5C
A8MPX8	PP2D1
Q8AVY1	cimap1a
Q8BTF7	Lig4
Q6PD31	Trak1
P90666	NME8
Q7ZWM6	ola1
A2CG49	Kalrn
Q9JJN0	Polh
Q8WXE9	STON2
Q13625	TP53BP2
A2ARV4	Lrp2
Q6DFS0	tmx2
P31006	GUK1
Q9Y2I7	PIKFYVE
Q6NWF4	vps25
E9Q5F9	Setd2
Q9LDK9	BETAA-AD
P08183	ABCB1
Q6NVJ5	dip2ba
Q49A88	CCDC14
P35604	COPZ1
E7F6T8	usp37
Q61188	Ezh2
O42131	TOP2B
Q9DAJ5	Dynlrb2
Q9VVY3	Gbs-76A
Q9VXE5	mbt
P21448	ABCB1
O42097	foxa2
Q6RI86	Trpa1
P11586	MTHFD1
Q51330	oxlT
Q3T140	DYNLRB1
Q6IR70	ppp1r21
Q8TCG1	CIP2A
Q7TQC7	Gpatch2
Q9FUS8	GSTU17
A4XLR3	rpsE
Q9Y2U5	MAP3K2
Q5NLX3	rsfS
A7J1T2	map3k13-a
Q28GL6	slc7a6os
P26516	Psmd7
Q8BYA0	Tbcd
O93274	fzd8
Q3ZBA6	DNAJB11
Q2NKS2	COX16
O95260	ATE1
Q5F4A1	G2E3
Q55A09	DDB_G0272254
Q9M2U3	At3g55350
Q12766	HMGXB3
A6ZU08	TOS3
Q9TXJ8	K02F3.12
Q4R9C4	G2E3
Q9P4Z1	B11B22.010
Q9FT72	RECQL3
Q86W25	NLRP13
P51859	Hdgf
O57478	fech
Q8K2J9	Btbd6
P23640	Rab27a
Q58DW0	RPL4
Q9V895	Anp32a
Q86VD7	SLC25A42
Q8VDB9	Slc6a20a
Q5R733	CPEB1
Q9NPH0	ACP6
Q0WU02	MTP10
P0DX22	Patl_0798
Q6ZUX7	LHFPL2
Q9Y3B3	TMED7
P82471	Gnaq
P27089	XPA
P26039	Tln1
Q06S87	urah
Q92122	pkm
Q3ZBV3	MAGOH
Q9UQ03	CORO2B
Q9D1C9	Rrp7a
Q91ZR4	Nek8
Q9R112	Sqor
Q9GUM2	bre-4
Q9CXD6	Mcur1
Q12923	PTPN13
Q6NWZ9	cdo1
O60331	PIP5K1C
P67881	CYC
Q9Y617	PSAT1
Q9NYL9	TMOD3
P40818	USP8
Q54X73	aco1
Q4N4N8	TP02_0602
P49263	pxn1
O75534	CSDE1
Q9VFC8	Glys
Q8N4P6	LRRC71
Q8IV38	ANKMY2
P27046	Man2a1
P25054	APC
Q9UK45	LSM7
Q5FVD7	cdc42se2-a
P48060	GLIPR1
Q96ST3	SIN3A
Q68Y62	CPT1A
Q3T0D3	NTAQ1
O43396	TXNL1
Q569D5	selenbp1
P67810	SEC11A
Q9TTY2	FER
Q5PQ71	isoc2
P05689	CTSZ
Q4V7T8	ropn1l
Q5R7S6	ZFAND6
O57521	hsp90ab1
Q9R1T3	Ctsz
Q9D0S9	Hint2
Q6DEF4	lysmd2
Q13485	SMAD4
Q8CFV9	Rfk
Q6P4J8	smu1
Q6P8G1	ilf2
Q84H41	xsc
P70583	Dut
Q5VY43	PEAR1
P28289	TMOD1
Q9JJ22	Erap1
Q9EP89	Lactb
Q3UGF1	Wdr19
P81069	Gabpb2
Q02241	KIF23
Q8BYH7	Tbc1d17
A0A2R8QP51	dpp9
A7S4N4	serinc
Q32LQ0	ENPEP
A0A0K3AWM6	mom-5
Q86WA6	BPHL
Q9NZ08	ERAP1
P84022	SMAD3
Q07157	TJP1
A0A1L8H0H2	rfx7.L
Q6DCP6	dym
Q5ZJN2	RAB11A
P28024	psmb4
Q9SF91	RABE1E
O24466	RABE1A
A4FV54	RAB8A
P41924	RYL1
Q32MH5	ATOSA
Q07075	ENPEP
Q5PQL3	Sppl2b
O18783	PLG
P41366	VMO1
Q93062	RBPMS
Q0IHU9	Prune2
Q66X05	Nlrp4f
Q8C6J9	Nlrp4b
Q2KJI2	STT3A
Q7ZX83	hnrnpdl-a
Q7T0Y4	drc1
Q8BL74	Gtf3c2
Q4R3D4	EEF1D
Q3ULD5	Mccc2
Q922R8	Pdia6
Q6TLI7	ADORA2A
Q9H270	VPS11
Q9JJZ1	Slc2a8
P34473	F58A4.6
A4IFE9	TM9SF1
Q07617	SPAG1
Q52KD1	slc10a7-b
Q6NY98	rngtt
Q2QI47	Ush2A
Q8N3Y7	SDR16C5
P21932	Adcy3
Q5RH73	smo
Q4H4B6	scrib
Q38PU7	GRIA2
Q91VS7	Mgst1
A7S6A5	sdad1
Q91755	grik2
P12981	JUN
Q9DBU3	Riok3
Q9EQ06	Hsd17b11
Q6IE24	Usp54
Q3SYV4	CAP1
Q5DU00	Dcdc2
Q640S2	crbn
Q9WUU9	Mcm3ap
Q19749	dlat-1
Q00719	mdmC
Q5GFD8	IMPACT
Q9Z2D0	Mtmr9
Q9H6X2	ANTXR1
Q8K4M9	Osbpl1a
Q3B7T8	Cep44
O35261	E2f3
Q91ZV2	Dcbld2
E1BYJ2	MSH6
Q9H867	VCPKMT
P49848	TAF6
Q3T078	ENKD1
P07314	Ggt1
Q32NR9	wdpcp
P19838	NFKB1
Q5I030	vimp
Q99PI4	Lpin3
Q1LY51	znf704
Q3SZI6	RPN2
O43909	EXTL3
Q9VI25	Neurochondrin
Q15029	EFTUD2
F6Y9J3	fbxo9
O95551	TDP2
Q8TDM6	DLG5
Q9WTP6	Ak2
P25708	NDUFV1
Q90YR6	rps8
Q5REC0	ZC2HC1A
Q54E24	rps8
Q9H5L6	THAP9
P16157	ANK1
P92208	bsk
Q0P424	elp6
A6H603	Nwd1
Q5GLZ8	HERC4
P43680	Sox18
Q5ZJL8	ABHD13
Q9QXN1	Lef1
Q90XB6	SULF1
Q96AJ9	VTI1A
A0A4X1TB62	DCTN4
Q93572	rplp-0
Q61124	Cln3
Q9CZE3	Rab32
P57729	RAB38
P69849	NOMO3
Q92576	PHF3
Q9VAC5	Tace
Q91WI7	Itfg2
Q4KM92	Pus1
A7GCK7	psuG
Q8BKN5	Tubgcp5
O15118	NPC1
Q9D361	Snrnp48
Q8NI08	NCOA7
Q8IZA0	KIAA0319L
Q0A9G6	Mlg_1172
Q6X4W1	NSMF
P42696	RBM34
Q2HJ95	ZDHHC6
O93310	rad21
Q6P4Y6	irs1
Q8K4L0	Ddx54
P52849	NDST2
Q8NB78	KDM1B
Q9Y5A9	YTHDF2
Q9BSF4	TIMM29
Q5ZKN3	PHTF2
Q90268	pax2a
Q68EX9	chid1
O75369	FLNB
Q8INF0	Gyc88E
Q86X83	COMMD2
Q9VPD5	mTerf3
Q9NR20	DYRK4
A1L3G4	tmem241
Q9TTM9	ADRA1D
Q0VGT4	Zgrf1
Q69ZU6	Thsd7a
O18866	KCNMA1
Q9H2D1	SLC25A32
Q32LA7	H2AZ2
P09875	Ugt2b1
Q54XH6	phyhd1
F7A4A7	Otogl
O15457	MSH4
F4K2M8	JMJ31
A6N6J5	Wdr35
Q8R4G9	Chrna3
Q07263	CHRNA3
Q9R1D7	GBF1
Q3UHD6	Snx27
P26153	CHRNB4
Q5U374	klhl12
Q99NI4	Ipmk
P30098	TACR3
E1BB03	ZRANB3
P16388	Kcna1
Q64213	Sf1
Q5F477	LDAH
A2VE56	PHF20L1
Q6ZWL3	CYP4V2
P10253	GAA
Q09470	KCNA1
Q9Y4W2	LAS1L
Q27958	POLB
Q8IS44	Dop2R
Q8BN82	Slc17a5
Q5Q0U0	Slc17a5
Q5PQ44	cfap299
Q6PHL4	nkain1
P10620	MGST1
Q4V9H5	Phf20l1
Q24488	Ror
Q2T9V5	TRMT6
O76387	C24G6.8
Q9JIS1	Rims2
P19944	Rplp1
Q9CWH5	Trmt11
O14618	CCS
P70579	Grm8
P11678	EPX
Q9D9T8	Efhc1
P56407	ceh-9
Q7ZW02	chpt1
B3LGB9	TRM82
Q071E0	kmt5aa
Q99PT0	Ddx52
O35413	Sorbs2
Q4R0J7	ARD1
Q559T8	DDB_G0272282
Q5RHP9	ERICH3
Q99315	TY3B-G
A6H584	Col6a5
Q7ZXQ8	dnajb14
Q0P5F9	ALDH8A1
Q9GZR5	ELOVL4
A2VDT1	PTP4A3
Q99K70	Rragc
Q9UK17	KCND3
Q8VBX6	Mpdz
Q5W4S4	FNIP1
Q9ZCN5	RP688
Q6CGG3	FPR2
Q5PQ53	pef1
Q9UMS0	NFU1
Q8CEE6	Pask
Q78KK3	Slc67a1
Q6PFL6	ccdc43
Q5D1E7	Zc3h12a
Q8CFP6	Dnajc27
Q93Z92	At4g11680
Q6PE01	Snrnp40
O73925	KCNQ1
Q5PPZ5	bin3
Q69ZS6	Sv2c
Q5XI41	Tram1
A7SCH8	kynu
Q6DCX5	slc46a1
Q8K0Q5	Arhgap18
Q7JQF1	Oamb
Q5XHC1	cfap96.L
Q9CXF0	Kynu
Q9NR82	KCNQ5
Q99973	TEP1
F1QB54	pabpc1a
P58375	RpL30
Q9XT06	TCP1
A1A5S1	Prpf6
Q8WXR4	MYO3B
Q63ZI0	kcnk9
Q9UJT0	TUBE1
Q1L8F9	kics2
Q7ZXH2	nsmce2
Q803I2	ergic3
Q9NW15	ANO10
Q9V3J1	VhaSFD
O43150	ASAP2
Q63313	Lbp
Q92519	TRIB2
A0PJR5	echdc3
Q8CDN9	Lrrc9
Q641M3	tmem18
P63328	Ppp3ca
P12527	Alox5
P46436	GST1
Q9Y2Y1	POLR3K
O14802	POLR3A
A5D7R1	TNFRSF11B
Q5HZI9	Slc25a51
Q68F35	slc20a1-a
P96579	ydaF
Q3SZM6	CMC1
P31040	SDHA
O00487	PSMD14
P70297	Stam
Q8CJG0	Ago2
P0C152	Tmem67
Q6DC77	paqr5b
Q4U2R1	Herc2
Q9JLT4	Txnrd2
Q4G0A6	MINDY4
Q9USM7	tim23
Q0VC00	ABHD3
Q6A4L1	slc12a8
P16924	P4HA1
Q3TZZ7	Esyt2
P13674	P4HA1
Q55C17	gpsn2
Q9NV58	RNF19A
P54001	P4ha1
Q15311	RALBP1
Q66GV0	mpv17
Q9QXX0	Jag1
A8XZB0	mai-2
A5WUN7	camsap1b
Q9UKP4	ADAMTS7
Q9V9K7	Ars2
O54748	Stk3
Q9VPD3	Pss
Q14BI2	Grm2
Q61749	Eif2b4
Q3UDW8	Hgsnat
Q9UKP5	ADAMTS6
Q8MIR4	COASY
Q3ZBF0	NADSYN1
O77460	Nurf-38
Q2KJJ5	TBL3
Q0VD19	SMPD1
Q5ZIM5	METAP1
Q7ZV80	smndc1
Q148N0	OGDH
Q9XGA0	PRS3
Q8TE56	ADAMTS17
O75173	ADAMTS4
O43399	TPD52L2
Q65Z40	Wapl
Q6P5D8	Smchd1
Q9H251	CDH23
Q6ING9	ppm1k
A7SG48	v1g117062
O94766	B3GAT3
P49207	RPL34
Q9D882	Fam241b
Q9D9B4	Lrmda
Q98SH3	ADRM1
Q8NEZ2	VPS37A
Q9CY16	Mrps28
Q8TAF3	WDR48
Q53T59	HS1BP3
P28465	Wnt2
Q8BSY0	Asph
Q5ZJ56	RPL7
F1MH24	AAK1
Q52KK4	Naf1
P51984	CREB
Q1LUI2	hddc2
P48506	GCLC
Q8C854	Myef2
Q9VYV3	prtp
Q28CB1	tbc1d2b
B1MTJ4	SETD3
Q98925	IRF2
Q99PF4	Cdh23
P23687	PREP
Q80TP3	Ubr5
Q5NC32	Slc16a11
Q2HJ10	Slc30a2
O95847	SLC25A27
Q5IGR8	ext1a
Q7ZXZ0	zmcm3
Q9CR40	Klhl28
O60763	USO1
Q14832	GRM3
Q3ZCF3	SKP1
Q02874	Macroh2a1
A4WVL9	rplA
Q6P268	pdcl3
Q6ZQ38	Cand1
A4IGK3	crebl2
Q5RID7	snx17
Q5SYC1	CLVS2
Q9BLJ6	Samui
P36241	RpL19
Q9NWM8	FKBP14
A4FV84	MRTO4
Q9NR30	DDX21
Q9KPS0	bolA
Q566C5	Rassf4
O16867	tap
Q0IH24	spef1
Q9DCT5	Sdf2
Q0IIG5	PFKM
Q5R6R1	EYS
Q3A6Q7	rplA
Q9UBI4	STOML1
P97438	Kcnk2
O35491	Clk2
Q13093	PLA2G7
Q90596	MAFK
Q6DIV4	rbm38
Q7TQF2	Fbxo10
Q9C0B7	TANGO6
Q9VQX4	Naprt
Q9Y3B4	SF3B6
Q8NFU7	TET1
Q29448	HMGCL
Q8IZQ1	WDFY3
Q9QXT1	Dapp1
D3YZP9	Ccdc6
Q9VCP0	EloA
Q8IX29	FBXO16
Q5XIA8	Ghitm
P22003	BMP5
Q6P5E8	Dgkq
Q0V9A9	lactb2
Q9JI85	Nucb2
E9Q2Z1	Cecr2
P61211	Arl1
Q400G9	AMZ1
Q5TGY1	TMCO4
P98139	F7
Q96LU5	IMMP1L
P28818	Rasgrf1
Q641G4	ncaph2
Q95L46	EIF4G2
Q5ZKZ9	LMF2
O95076	ALX3
Q5ZJL9	SAMHD1
Q15047	SETDB1
P18484	Ap2a2
P34943	NDUFA9
Q14332	FZD2
Q15256	PTPRR
Q55FM5	mtpn
P97315	Csrp1
P48509	CD151
P50460	CSRP2
Q64127	Trim24
Q606D6	ilvD
F6QEU4	trim71
Q6AXX1	Slfnl1
Q9DE27	ruvbl2
D2GXS7	TRIM2
P04813	CTRB1
Q92759	GTF2H4
Q9NY37	ASIC5
P28648	Cd63
P41731	Cd63
Q28193	FURIN
P63239	Pcsk1
Q92824	PCSK5
A5D8P8	emc10
Q8T880	AXP83.9
Q9NS93	TM7SF3
Q58DT5	ELMOD3
Q9Y603	ETV7
P32780	GTF2H1
Q4R764	SYCP3
A3RL54	SLC9C1
Q4R899	LMNTD1
P29119	furin
P29120	PCSK1
P28840	Pcsk1
Q9Y2F9	BTBD3
P51049	mtnr1bb
P50429	Arsb
Q5FYB1	ARSI
E7F211	ttc17
Q1HRV8	AAEL008004
Q5U4K5	tmem41b
O88866	Hunk
Q5F4B1	PGP
Q9IB89	zic5
P48160	rpl27a
P54145	amt-1
Q9Y2H1	STK38L
P30938	Sstr5
Q4V7B1	Cfap20dc
P08621	SNRNP70
Q3MHQ7	TMEM86A
Q9EPL8	Ipo7
Q61241	Tssk1b
Q05744	CTSD
O77302	RPS10
Q32NG4	gatd1
Q5F480	ITPK1
Q1EHB4	SLC5A12
Q49B93	Slc5a12
Q922J9	Far1
P59438	Hps5
Q2YDE3	GOLT1B
Q3T0X6	RPS16
Q8CIW5	Twnk
Q8AVR2	fgfr1op2
Q8VDK3	Elf5
Q8VI63	Mob2
P18090	Adrb1
Q8R104	Sirt3
O54783	Chkb
Q6AYJ1	Recql
Q5ZJJ1	ZC3H11A
Q7T2D4	ergic2
Q5REB8	ACSS3
Q29RP8	KMT5B
D3ZWE7	Hormad1
A7SPX9	v1g192238
Q28EB4	nap1l1
Q0VCR0	ETFRF1
P35805	mycl1-b
Q8R060	Zwilch
Q9Y3B9	RRP15
Q6NVU6	UFSP1
B9EJ86	Osbpl8
A3KN22	UBE2M
A2CEH0	poc1b
Q9Y2I1	NISCH
Q54R42	DDB_G0283417
Q6UPE0	Chdh
Q9D2N9	Vps33a
Q5ZMW3	API5
Q8WUX2	CHAC2
Q8QGQ7	BMAL2
Q95ND5	CASP3
Q9BRR6	ADPGK
A7SPW6	v1g215604
Q60865	Caprin1
B0XK69	CPIJ019830
Q13136	PPFIA1
Q4V7B8	Rnf44
Q3TT38	Ilrun
Q7SXV9	calub
Q96EB1	ELP4
O08873	Madd
O74777	mis3
Q9Y6N9	USH1C
E1BYA3	PTDSS1
P9WMU2	glpQ1
Q5XIG6	Galk2
P63283	UBE2I
Q53RD9	FBLN7
Q6DGN6	spty2d1
A9C3R9	rpe65b
Q9HAY6	BCO1
A0A2B4RP11	cGLR1
P24288	Bcat1
A0A8B8BQ58	cGLR1
Q11100	tag-52
P21728	DRD1
Q3MHW9	CYB5R1
O95985	TOP3B
Q8NA31	TERB1
Q63415	Pcsk6
Q14008	CKAP5
A6H7C2	PEX3
Q6P3W7	SCYL2
Q8N695	SLC5A8
Q4R8N2	LIN9
O95461	LARGE1
Q8C080	Snx16
O43913	ORC5
Q6BDS2	BLTP3A
Q8TAC1	RFESD
Q9UKX7	NUP50
Q8SPU6	CHRNB4
Q96A54	ADIPOR1
Q9NSD4	ZNF275
P40241	Cd9
P36544	CHRNA7
Q6DDS9	xrcc5.L
P61170	CD151
Q5XGB9	lap3
P15388	Kcnc1
A7XUJ6	TRAF6
P59672	Anks1a
Q8CH62	Lto1
A7S7F2	bysl
Q8BHR8	Cstpp1
Q66H95	Slc49a4
Q7ZWY2	pih1d1
Q8IWQ3	BRSK2
Q6ZPE2	Sbf1
Q96KP4	CNDP2
Q5A109	UBI3
Q03168	AAEL006169
F1QU13	alpk2
Q4LBB9	Octbeta2R
O02703	BAX
Q5F408	CARS1
Q86TZ1	TTC6
Q80ZM7	Gtf2a2
Q16531	DDB1
Q02045	MYL5
O60678	PRMT3
Q9GKM4	BCAT1
Q7T199	KCNA10
Q86JM7	p2xA
Q8IS14	gefJ
Q02790	FKBP4
O93336	hs2st1
Q17103	MYC
Q2TBN5	COMMD9
P22555	MYC
Q8NI77	KIF18A
A2T7L5	MYC
P34693	snt-1
Q9EQC4	Elovl4
P50130	DRD1
Q9JJS6	Bco1
Q9VGI8	Blm
Q5SVZ6	ZMYM1
Q6AYT0	Cryz
O13154	PACSIN2
O14727	APAF1
Q5I047	atpsckmt
O62761	BCHE
Q96GN5	CDCA7L
Q9HBU6	ETNK1
O35566	Cd151
Q6P7Q4	Glo1
P04818	TYMS
Q9H2X6	HIPK2
Q4VC05	BCL7A
P97814	Pstpip1
Q62018	Ctr9
O88572	Lrp6
Q6NWC6	cpsf6
Q7ZUC2	sdf4
Q7L2J0	MEPCE
Q91V12	Acot7
P0DPD6	ECE2
P28826	Mep1b
Q5TZA2	CROCC
Q6NYS8	ddost
Q6NX89	eif5a
Q3T134	SPCS1
P58058	Nadk
Q9P2S5	WRAP73
Q6ZUI0	TPRG1
Q5F464	LPP
E7F4V8	pex2
Q922Y2	Trim59
Q9H0C1	ZMYND12
Q29HY3	Cdc42
Q6NWH1	dcaf10
A3KPP3	rangrf
Q09741	SPBC12C2.07c
Q05BC3	Eml1
Q15427	SF3B4
Q8R516	Mib2
Q96S94	CCNL2
Q14839	CHD4
Q99JH7	Clstn3
P56399	Usp5
Q61655	Ddx19a
Q8BXR1	Slc7a14
Q4FZX7	Srprb
Q64674	Srm
P28338	Gst1
P24802	PLOD1
P79959	gnb1
P30823	Slc7a1
Q0V9W6	btbd6
B8MKY6	tstA
Q5BKC6	Hspbap1
O95140	MFN2
Q0V869	OTU11
Q9UNL2	SSR3
Q0P5D0	PPIH
P33534	Oprk1
Q868Z9	Ppn
F1MV99	SSTR5
Q96DP5	MTFMT
Q7TMW6	Ciao3
B0FPE9	NLRP3
P78364	PHC1
Q5SRE5	NUP188
P42898	MTHFR
Q9U3S9	nas-6
P51789	CLCN2
Q96C19	EFHD2
Q9UIK5	TMEFF2
Q9JI38	Pus3
P97386	Lig3
Q5ZKI6	GXYLT1
A3KPP4	slc25a35
Q80TZ9	Rere
Q9WUA2	Farsb
Q6P1A2	LPCAT3
Q02978	SLC25A11
Q5QJE6	DNTTIP2
A1A4J8	SCO1
O43432	EIF4G3
Q5ZKS8	UBIAD1
Q9NVH1	DNAJC11
Q8WYP5	AHCTF1
Q7SYJ9	spag7
P21158	csgA
Q96A11	GAL3ST3
Q96DM1	PGBD4
Q9H3Q3	GAL3ST2
Q9D2N4	Dtna
O95619	YEATS4
A0JNI9	SLC7A14
O70475	Ugdh
Q5U247	exoc8
Q9D4H2	Gcc1
Q09081	KCNA2
Q06HQ7	PLB1
Q9LSB1	GUX1
Q9ES00	Ube4b
Q9P6K1	sft2
Q812F3	Hyal5
Q9UNL4	ING4
Q60HE9	MAN2B1
Q8BSF4	Pisd
Q29081	PMVK
Q6IFT6	Ano7
P21573	ybx1
Q9XT54	PDE6D
Q5RCM7	DNAJC16
Q5E9F9	PSMC2
Q9R053	Scn11a
Q5ZHM5	RER1
Q9CR24	Nudt8
Q2TA11	CFAP107
Q9DB60	Prxl2b
Q5BLE8	retsat
Q4LAL6	ALX4
Q8VDJ3	Hdlbp
Q32LD2	UBE2T
Q9QWV4	Mlf1
Q3TTY0	Plb1
Q8BM47	Plekhm3
P31320	PKAR
Q4R7H0	TTLL10
P47736	RAP1GAP
Q5M886	Adprm
Q96T58	SPEN
Q6DCE8	slc7a2
Q9H0R3	TMEM222
O00461	GOLIM4
Q497D6	ddi2
P49915	GMPS
Q6DK85	kcnrg
Q6GMH0	prpf18
Q5ZMP6	AP2M1
B0DOB4	nphp4
Q765A7	Pgap1
Q62074	Prkci
A4IH36	c1qtnf12
Q6P1X6	C8orf82
Q8NCX0	CCDC150
Q6PCF7	ube2z
Q3B7Z2	Osbp
A1A5X5	c1qtnf12
Q8K4Z4	Adrb2
Q3UK78	Pcgf5
P49337	WNT4
Q9I7S6	Pde9
Q9P0M2	AKAP7
Q05048	CSTF1
A4QND5	nip7
Q920N5	PEX5
Q9GL59	GGCX
A2A7Y5	Miip
Q6NS26	cdkal1
Q53EV4	LRRC23
Q4KWZ7	REV1
Q8LPZ7	CPK3
Q9WV70	Noc2l
Q9H0C5	BTBD1
P22274	ARF1
A4IG66	tmem201
Q9GJW7	GABARAP
O12947	icmt
Q6RFZ7	Plekhg5
Q5R629	ARMC9
Q8C811	Slc35e2a
O75420	GIGYF1
O75934	BCAS2
Q03356	msxb
B9U3F2	DISP3
Q05793	Hspg2
Q05A13	Sdr16c6
Q95116	THBS2
Q8CHN8	Masp1
Q7TNS2	Micos10
P47198	Rpl22
Q6DBQ8	cptp
Q6PC19	ssu72
A2BIG9	naa38
Q08D64	abcb6
Q9P0N9	TBC1D7
Q969F9	HPS3
Q5BKC9	Ngef
Q567I9	cyb5d1
Q9BRS2	RIOK1
Q9UPW0	FOXJ3
Q9D1J1	Necap2
Q9I7F7	Ack-like
B1AJZ9	FHAD1
A0A1L8FG46	pex10.S
Q5FVC7	Acap2
A6QLE5	NLRP3
N4WHE3	PKS1
Q3ZBH8	RPS20
Q922K7	Nop2
O94923	GLCE
Q674X7	KAZN
Q86UV5	USP48
Q9FF18	CYP735A1
P14315	CAPZB
P57054	PIGP
Q3TWW8	Srsf6
Q0VA16	wdr70
O15013	ARHGEF10
P17863	V-SKI
P41891	gar2
Q0IHQ9	pxylp1
Q5U3A7	opa1
Q99570	PIK3R4
Q8L7C8	RWA1
P00349	PGD
Q7VJD2	rplI
P22045	P100/11E
D4A1X2	Exosc10
Q0WW17	RWA2
Q12962	TAF10
Q5THJ4	VPS13D
P45969	sds-22
Q15836	VAMP3
Q3MHN0	PSMB6
Q58E76	atad3-a
Q8R5B6	Spsb4
Q92685	ALG3
O75381	PEX14
Q8NBI6	XXYLT1
A2A825	Cplane2
Q92626	PXDN
Q5T2D3	OTUD3
Q9WYP5	iolG
Q9DAM1	Lrrc34
Q8BZB2	Ppcdc
Q8LBA6	PIS1
Q6Y1H2	HACD2
O60308	CEP104
B1WAP7	dvl3
Q8K268	Abcf3
Q0VA04	smg8
Q5XIH7	Phb2
P69478	Chst11
O95243	MBD4
Q503E1	cpsf3l
Q99N34	Dffb
A2VEC9	SSPOP
Q920D2	Dhfr
Q9CXW2	Mrps22
Q5ZJT1	HMCES
P00940	TPI1
P51870	Cyp4f5
Q3UP23	Tmem26
A1A5V9	elp5
Q5M8Z0	bhmt
O35142	Copb2
Q4VUF1	FOXL2
Q3UY96	Cfap74
P98060	dpy-31
Q5R2J2	GAPDH
Q9UBW8	COPS7A
O62243	nas-1
Q20459	nas-25
Q84SL0	CPK20
Q1JQ91	POLR2D
Q8N2K1	UBE2J2
Q6GNJ8	vps72
Q99J27	Slc33a1
Q6P1K8	GTF2H2C
Q6P1K8	GTF2H2C_2
A8E7I5	ttc36
Q9WVK0	Agtrap
P29349	csw
P21913	Sdhb
Q90687	PTPN11
Q5U395	ctdnep1a
Q8IZH2	XRN1
P31422	Grm3
Q06124	PTPN11
Q28F51	tardbp
Q6P3S6	FBXO42
Q54P07	rab32D
Q7ZUH5	mrpl14
P30038	ALDH4A1
Q2TBR7	CENPS
Q56JU9	RPS24
Q62920	Pdlim5
Q08699	RPS14
O35623	Bet1
Q8N2G6	ZCCHC24
A7E305	ZSWIM8
P34822	DSL1
Q8TBG4	ETNPPL
Q5VYY1	ANKRD22
Q95R48	Orct2
P46097	Syt2
Q8JHW2	thbs3a
A4FUX8	ACTL6B
Q14117	DPYS
P41823	SYT1
B4F6J6	atad1
Q96BK5	PINX1
Q9BQS2	SYT15
O43315	AQP9
P56101	dnajc5
P55265	ADAR
P41115	rps11
Q8R151	Znfx1
O93384	rsad2
Q86W56	PARG
Q95KV1	CHUK
Q5U2T8	Cir1
Q9P2E2	KIF17
Q8AVL0	cwf19l1
Q7M6Z4	Kif27
O43426	SYNJ1
O86938	ppd
O94988	FAM13A
Q16IW3	AAEL013527
Q9UBQ7	GRHPR
Q5RC53	GLRX2
Q8K394	Plcl2
Q7RTX7	CATSPER4
Q6TMK4	poxA
P31943	HNRNPH1
Q80T41	Gabbr2
Q9WV18	Gabbr1
Q8MKI5	CASP3
Q9GZQ6	NPFFR1
Q9D273	Mmab
Q4KLQ5	wdr76
Q9Z0W3	Nup160
Q0WRW8	At3g07570
Q0VC03	MFSD5
P19966	TAGLN
Q3BJS1	foxn4
Q9EQH4	Taf8
Q5ZJG8	HSDL1
O14717	TRDMT1
Q5F362	TMEM30A
Q96LW4	PRIMPOL
O88986	Gcat
Q5RJA1	rfx6
Q4KLM6	P3h2
Q8VEK0	Tmem30a
Q9MAG3	ABCG24
Q4R9E0	TCTN3
Q8R242	Ctbs
Q6CLR3	DED1
Q5ZLY5	PLEKHF2
O95479	H6PD
Q8HXW0	GULO
Q9DFS6	eif4ea
Q9DAM9	Fank1
Q5XIY6	atp6v1c1b
Q99575	POP1
Q3UR70	Tgfbrap1
Q63276	Baat
P43332	snf
Q8IUQ4	SIAH1
Q5VTY9	HHAT
O43264	ZW10
Q9V5N8	stan
Q5R9H4	A1CF
P31153	MAT2A
O15066	KIF3B
Q16975	PRKC2
Q6DJL7	bora
B1H2N3	micu1
P06871	PRSS1
Q9H694	BICC1
Q6NZZ9	rbm22
Q5XI67	Fbxo30
Q8C7N7	Aph1b
Q4KLI2	Trmt10a
Q9UQB3	CTNND2
Q8NE86	MCU
G0S9J5	RSP5
A0AUS0	wdsub1
Q5F3A6	YOD1
P04899	GNAI2
P46109	CRKL
Q9NZM4	BICRA
P12007	Ivd
Q6NTW6	nae1
O08653	Tep1
Q91WD1	Polr3d
O19015	GLB1
Q99PW8	Kif17
Q32NQ7	dnaaf3
P29508	SERPINB3
P18293	Npr1
P42669	Pura
Q32KP2	LRRC23
Q58D63	MOB3A
Q9VXT2	CG7872
Q2T9N3	NTMT1
P55081	MFAP1
Q8SQG9	NHERF2
Q04446	GBE1
E2RKA8	RPL32
Q7L9L4	MOB1B
Q6IQU7	ints12
Q2KIN0	ZCCHC7
O35111	Kcnk3
P17980	PSMC3
Q3ZBG4	HES1
Q4V8B8	Trmt12
Q8WMY2	FDPS
P06731	CEACAM5
Q9HD33	MRPL47
A7SFP1	v1g189306
Q5ZKI4	CCDC93
Q5C9L6	fCNMT
Q3TDN2	Faf2
Q60967	Papss1
A9JRE2	mri1
A4IGP0	hikeshi
Q4AEI0	GPX2
B0BNA9	Cnot11
B2GUP8	abcb8
Q8AVS8	lrrc59
Q4R1I4	OPN4
Q55E58	pats1
A0A974CYQ5	rfwd3.S
B3DIG4	fzd5
Q95117	FRZB
Q8K0G5	Eipr1
Q32PP9	sox14
Q14978	NOLC1
Q5ZHN4	RP2
Q91YN5	Uap1
Q5PQR3	Btbd9
P59015	vps18
Q4G0F5	VPS26B
Q9Z2Z9	Gfpt2
Q6TCH7	PAQR3
P30937	Sstr4
Q75N73	Slc39a14
Q5EB20	ripor3
Q4R5G7	HSD17B12
A4IGY6	slc39a14
P76418	yegU
Q5RBP9	MPEG1
Q29041	FCN2
Q6NY82	ube2f
Q8TEU7	RAPGEF6
Q7T0V2	lamtor3-a
Q91WR3	Ascc2
A4IIK7	ndnf
Q99L43	Cds2
Q66J54	slc22a6-a
P11352	Gpx1
Q297V5	Set8
O54857	Pten
P22897	MRC1
Q16609	LPAL2
Q8NEJ0	DUSP18
P12004	PCNA
Q8K5B2	Mcfd2
Q98895	cnr1b
Q3T0R7	ACAA2
Q6A2H2	ALDH5A1
Q9UBL3	ASH2L
Q9H6S3	EPS8L2
Q8NEP3	DNAAF1
Q55FU9	rab24
Q68EL3	bet1l
O95628	CNOT4
Q6TUD4	Yipf3
Q4KLA0	ccnc
Q2YDF1	METTL1
L7YAI7	b4gat1
P38935	IGHMBP2
P13796	LCP1
P26990	ARF6
Q15428	SF3A2
P51539	RAS1
Q641X3	Hexa
P20060	Hexb
Q2TA25	PLK1
Q9NUD9	PIGV
A3KP37	ndufaf5
A5E1Z4	TIF35
Q6PGT0	tada3-a
Q8C0P0	Mastl
Q5R9C1	PFKFB3
Q7T3N7	rpl15
Q9BXB4	OSBPL11
Q7Z4S6	KIF21A
Q5R9C5	IDH1
Q4KLY4	Rnf2
Q8NFH5	NUP35
Q9D1P0	Mrpl13
Q5ZI08	SUPT5H
Q20655	ftt-2
A7SWD3	v1g247787
P51957	NEK4
Q99260	YPT6
Q9M9E8	JMJ21
Q9BSW2	CRACR2A
Q9DDD7	sox19b
Q60997	Dmbt1
Q8IVB5	LIX1L
A4IH75	atg101
P42695	NCAPD3
Q8K4Z5	Sf3a1
Q08759	myb
Q13017	ARHGAP5
Q9ZQ47	GRDP1
Q9CWF6	Bbs2
A2CEI6	piwil2
Q9Z277	Baz1b
Q9Y6J0	CABIN1
A7SVT1	v1g194069
Q5I0J5	Mitd1
O46037	Vinc
A0JNA8	PAXIP1
Q5D016	pfdn1
Q66HV4	copb1
P50411	Ppp1r2
Q9FQ19	SYN3
Q8JZV4	Rbm41
P61865	rpl-12
Q5R9I6	PSMD2
Q6NV04	ilvbl
F1N2K1	PCYOX1
A9CES3	Atu3163
P79101	CPSF3
Q91618	pkmyt1
Q5XGE0	ogfod3
P50397	GDI2
Q9C0H5	ARHGAP39
Q5ZK10	NSFL1C
Q96C34	RUNDC1
A7RU46	napA
Q9WVM6	Tll2
Q8BGC3	Slc16a12
Q8CF97	Vcpip1
Q5HYC2	BRD10
O95470	SGPL1
Q03717	Kcnb1
Q63369	Nfkb1
P0C1J5	FKBP3
O14678	ABCD4
Q9D3W1	Rsph14
Q9C8L4	GLY3
Q7RTY0	SLC16A13
P57787	Slc16a3
Q8NBR6	MINDY2
Q6GM59	slc16a12
P46459	NSF
Q5R7D0	COX18
A4QN59	dph2
Q2HJ23	MAP1LC3A
Q8WXA3	RUFY2
Q99MW1	Stk31
O00238	BMPR1B
Q58DG1	MYG1
Q6DCC6	gtpbp6
P82251	SLC7A9
Q8R4C2	Rufy2
G5EFS2	msi-1
Q3MHR7	ARPC2
Q16533	SNAPC1
P51399	ALOX5
Q54SB5	DDB_G0282557
Q15382	RHEB
Q641X2	Leo1
Q9D173	Tomm7
Q5RJK0	Tmem106c
A7RHL5	v1g158749
Q80Z25	Ofd1
Q9D0M0	Exosc7
Q86XI2	NCAPG2
Q9I9A2	rx2
Q3KRA6	C2orf76
Q6P135	tmub1
P98160	HSPG2
Q6P1H1	Cyb561a3
P41595	HTR2B
A3BF39	HMA2
Q2HJH1	DNPEP
Q17GM7	AAEL002956
Q9UBK8	MTRR
O75691	UTP20
Q0P4P2	fibcd1
O57422	opn4b
Q5RCE0	GPD1
Q96EN8	MOCOS
Q8TEW0	PARD3
Q4R7X9	LMBR1L
Q9Y4A5	TRRAP
P37370	VRP1
P59110	Senp1
Q5RAP9	ATP5MC2
O94379	mrpl32
Q8WUD4	CCDC12
P29250	LOX1.1
P0C2W5	GABRB2
Q6ZQ89	Marchf6
Q6DF80	insig1
P72745	slr1101
B2GUE2	lrrfip2
O75533	SF3B1
Q1LZE9	PRSS23
Q9H2F5	EPC1
P48065	SLC6A12
P02460	COL2A1
Q1ZXF1	echs1
Q6IA86	ELP2
F6P3G4	psmd11a
Q75NA5	Rdl
P63138	Gabrb2
Q5ZJU3	ASNS
Q6AY46	Trmt61a
O88377	Pip4k2b
A8FCD2	metE
O93479	orc4
Q28199	CDK5R1
P43450	cdk2
P08121	Col3a1
Q86VZ6	JAZF1
Q60519	Sema5b
Q5FW42	dctn2
Q9C040	TRIM2
O08875	Dclk1
Q5FYB0	ARSJ
Q32L53	GRINA
A8KBL5	slc38a11
Q7ZYZ6	dlgap1
Q9UNA4	POLI
O15084	ANKRD28
Q9Y2G5	POFUT2
A0AUZ9	KANSL1L
Q6NZQ8	Marchf1
Q9QZH7	Fbxl20
E1C2U2	RIF1
Q1PCB0	PNPO
Q96H20	SNF8
O54908	Dkk1
Q16322	KCNA10
B9X187	nemp1a
Q8NCW6	GALNT11
Q8TDG4	HELQ
P55197	MLLT10
Q8CBH5	Mfsd6
B5DE93	cdk12
Q13439	GOLGA4
A0JPH4	scap
A8MV24	SPMAP1
P55878	GLI1
Q5RDV8	METTL6
Q8IUH3	RBM45
P34275	acdh-6
P54619	PRKAG1
Q15404	RSU1
Q9UBB9	TFIP11
A8WG21	snx10b
O60294	LCMT2
Q8UUY8	adrb2
O54853	Kcnh6
A6H8H5	Kcnb2
Q92830	KAT2A
Q9Y5Y0	FLVCR1
Q8C6G1	Cfap410
Q5DTK1	Chsy3
Q9PT84	KCNH6
Q504Y3	ZCWPW2
Q08CH6	catip
Q13797	ITGA9
Q1RMH8	SNX3
A5D8W1	CFAP69
Q8IV35	CFAP337
Q8BSM7	Slc43a1
P51166	cdk5
Q4R5S9	PRELID3B
P06602	eve
Q1LUQ4	mfsd6a
Q26998	uprt
Q96KC2	ARL5B
Q9BTV6	DPH7
P86924	REL2
O75387	SLC43A1
O35904	Pik3cd
Q9W6C5	pdcd6ip
Q9Y3A3	MOB4
Q96GM5	SMARCD1
Q9GM70	STK17A
F6VSS6	trmt5
A7T1N0	TRPM2
A0A1B0GVB3	C7orf78
O81884	LGALDH
Q9UBI1	COMMD3
Q32PV0	gulp1
O94889	KLHL18
O93602	ATF2
F1QJX5	ubr3
Q3T904	ATG9A
P57723	PCBP4
A2VE01	CLP1
Q5REV9	SLC34A2
Q0P4U8	smarcal1
Q03146	Ddr1
Q62371	Ddr2
Q969S3	ZNF622
Q9FR62	P23-1
Q9HAB8	PPCS
Q99MZ7	Pecr
O19094	CROT
Q7YRA3	EXOSC4
A4II73	ovca2
Q0VFZ6	CFAP210
Q6ZWH5	NEK10
P34826	EEF1B
Q61712	Dnajc1
Q7ZSX3	ptf1a
Q4K9L7	phnX
F1LSG8	Vps50
O13125	atoh7-a
P58027	MAOA
Q9QZ29	Igbp1b
Q9P2J9	PDP2
A2AG06	Meioc
Q95JI9	CCDC89
P0CB91	NDUFA8
Q4R8X3	RAB1B
Q16864	ATP6V1F
Q3UHB8	Ccdc177
P83038	HDAC4
Q99ME9	Gtpbp4
Q3UUJ4	Strada
Q8WVS4	DYNC2I1
O15075	DCLK1
Q5U5D4	mios-a
A7S1A4	v1g242151
Q6PEH9	slc39a10
P30626	SRI
P48319	GAD1
P70451	Fer
P09917	ALOX5
Q2L969	MTX2
Q4V8D7	Fam221a
P33450	ft
Q9H330	TMEM245
Q39256	UBQ8
Q99996	AKAP9
Q6DGE9	unc45b
Q562C6	Lztfl1
O95954	FTCD
Q568B7	gtdc1
B8M9K8	tropE
Q6F7B8	acr1
Q0VD59	MARCHF8
Q96TA2	YME1L1
Q9CYL5	Glipr2
P55013	SLC12A2
P31335	ATIC
Q4G0X4	KCTD21
Q5ZJP7	KCTD7
P43406	Itgav
Q8BNL5	Kctd6
Q4QXT9	F10
Q9SE95	FIP2
P02720	PCTP
Q6I6G8	Hecw2
P49013	EGF3
P43166	CA7
Q86JG6	cln5la
Q99JF5	Mvd
A8DYE2	Trpm
Q99LS1	Mmadhc
Q9SZT0	P4H11
Q63475	Ptprn2
P00741	F9
A0A1F4	eys
P12259	F5
Q6DFQ7	tmem198
Q7T3E6	bmi1b
F1LZW6	Slc25a13
Q1LZ95	IDI1
Q6PF21	mars1
P70419	Galnt3
O88455	Dhcr7
P61587	RND3
Q8R5H8	Faim
Q32KP1	TSPAN31
Q2KII1	ATF3
Q8BQR4	Kansl2
A6QLA0	NFX1
P61209	Arf1
Q8WXS8	ADAMTS14
Q0D2E8	rft1
Q66HF1	Ndufs1
Q95ZJ1	gly-5
P61359	rpl27
Q9I9L0	hey2
P51046	mtnr1aa
Q61263	Soat1
Q0IHH9	spop-b
P54357	Mlc-c
Q8BQY8	Hus1
Q498T4	Mrpl2
Q0VCH6	SLC25A40
A4FV42	METTL21A
Q9GZQ4	NMUR2
P79292	OPRL1
Q49LX5	SSTR1
P70031	cckar
Q05910	Adam8
Q7Z4L5	TTC21B
P41145	OPRK1
Q9ESQ4	Nmur2
Q13443	ADAM9
P97846	Cntnap1
P0C7P0	CISD3
Q9UPQ3	AGAP1
P13903	twist1
Q1L8G7	gatad1
F1R4U0	slc25a1b
Q9GK13	MMUT
Q5UR46	MIMI_R571
Q9UL51	HCN2
O08912	Galnt1
O13878	utp17
Q63ZL2	psmc3ip
Q7ZUB3	tspan31
Q9NVV4	MTPAP
P55011	SLC12A2
Q7Z3F1	GPR155
Q9Y251	HPSE
O55102	Bloc1s1
Q56JX8	RPS13
Q3T0Y5	PSMA2
Q91YJ2	Snx4
Q1JQA2	SMAD1
Q5ZIM6	AATF
Q28BT8	dus3l
Q7ZYA6	cdv3-a
Q58EB4	hibch
Q8N129	CNPY4
Q8MII5	SLC35B1
Q8HYI9	PFDN5
P12107	COL11A1
Q6PHS6	Snx13
Q29466	ATP6V0A1
O54952	Brca1
P97471	Smad4
Q8HXP4	SOD2
Q6GL69	nifk
D4A6D7	Ttc19
Q9Y5Z0	BACE2
Q8T773	MDH1B
Q8N9W6	BOLL
D3ZJP6	Myo10
Q7TNF9	Fam117a
Q14CW9	ATXN7L3
Q6DIV6	slc32a1
Q3KQ77	clxn
P19120	HSPA8
A6LPR8	rplP
Q54UT2	dgk
Q8IUC8	GALNT13
Q811S7	Ubp1
Q8BP00	Iqcb1
Q9D110	Mthfs
Q5YKK9	OPN4
Q16602	CALCRL
C5CGU7	Kole_1935
A2RT91	Ankar
Q149C2	Traf3ip1
Q9Y2I8	WDR37
Q9BU76	MMTAG2
Q9CZN7	Shmt2
Q8LFJ5	TRM112A
Q9C0I4	THSD7B
D3YV10	Ccdc13
Q5ZLT7	BZW1
Q1KKS3	pde11a
Q4R684	AMZ2
Q62028	Pla2r1
P46735	Myo1b
Q5F479	STK11IP
O54902	Slc11a2
Q3T142	MRPL45
P05997	COL5A2
Q8NEG5	ZSWIM2
Q5E980	CYP20A1
Q5E9A1	NACA
Q6GX86	Hrob
A1A5K2	clasp1b
P54802	NAGLU
E1B9R1	SPMIP4
Q8K2C7	Os9
Q9CPW9	Metap1d
Q9H0J4	QRICH2
A7SG73	qprt
Q3TDQ1	Stt3b
P27041	acvr2b
P29275	ADORA2B
P23588	EIF4B
Q13616	CUL1
Q91V57	Chn1
P53801	PTTG1IP
P13667	PDIA4
O43242	PSMD3
Q9DF60	myd88-a
P18841	ADRA1B
P20905	5-HT7
Q9Y6M1	IGF2BP2
Q8NFT6	DBF4B
Q8TC29	ENKUR
Q8R1N0	Znf830
Q9H0H5	RACGAP1
Q15032	R3HDM1
E2RFJ3	SLC40A1
Q64261	Cdk6
Q8BH47	Sec22a
Q9Y238	DLEC1
Q24K03	THUMPD1
Q8T2J9	mccb
Q6DDQ5	ppp1r3c
O95685	PPP1R3D
Q02635	aatA
A6X919	Dpy19l1
Q9H9Y6	POLR1B
Q9NYL2	MAP3K20
Q91V92	Acly
Q561R3	Rbm48
Q9UKI8	TLK1
Q13617	CUL2
Q29042	FCN1
Q5F468	SLC38A2
P13941	Col3a1
O60551	NMT2
F1R3W0	taf1b
Q9NYP3	DONSON
Q6NS52	Dgkb
Q923Y0	Taar8c
D3YXS5	Kif28
P24507	P65-C
A2A4P0	Dhx8
Q92609	TBC1D5
Q7T339	chmp5
Q9BWQ8	FAIM2
Q8K1J6	Trnt1
Q5PQQ9	Cep70
Q8VD33	Sgtb
A0A3Q2HW92	MFSD12
P48758	Cbr1
O75762	TRPA1
A2ARA8	Itga8
Q9MYU8	EPB41L5
P82979	SARNP
Q0V8S9	CNTNAP5
Q6NZ04	six1b
Q8N2H3	PYROXD2
P12804	Fgl2
Q6P642	dnajb6
Q91428	gata3
Q7ZY18	zmcm6-b
Q4G056	Tdp1
Q7JVE7	slv
Q9YHY6	ncapd2
Q6INP8	med1
A0A0B5RUB0	tmaT
Q80ZQ9	Abitram
Q58D55	GLB1
Q6F754	ACIAD3460
Q923Y8	Taar1
Q3URQ0	Tex10
P28799	GRN
P61289	PSME3
Q9P959	alxA
Q5ZL72	HSPD1
Q7TPQ3	Shprh
Q9W719	HPRT1
Q6DHC1	rab18b
Q5NC05	Ttf2
Q28FF3	slc49a3
O14929	HAT1
P13596	Ncam1
Q9NVH0	EXD2
F1R8P4	glra2
P23198	Cbx3
P48643	CCT5
P10090	w
Q5PPI9	Ttll1
Q9H3S4	TPK1
Q9GNE2	RpL23-A
Q9GNE2	RpL23-B
Q9GNE2	RpL23-C
Q9CZD3	Gars1
Q9UKA2	FBXL4
Q99L13	Hibadh
Q8CGR7	Upp2
Q14833	GRM4
Q0VFE3	pgap3
Q9D5U8	Cnbd2
O93530	wrn
Q9QWV9	Ccnt1
O73792	tie1
O09053	Wrn
Q7ZZ03	fuom
Q58DM7	OXNAD1
Q0V8K7	SH3BP5L
Q9Y241	HIGD1A
Q8IWW6	ARHGAP12
Q5U528	gtpbp10
P14184	licD
Q9JLI7	Spag6
Q9UG63	ABCF2
Q4G0U5	CFAP221
Q9BVL4	SELENOO
P55064	AQP5
Q3UFS0	Zyg11b
Q99LM2	Cdk5rap3
G3V8V5	Kcnk4
F8WLE0	Kif28
Q9CZQ9	Bbs5
Q7TQ95	Lnpk
Q9R1S8	Capn7
Q61753	Phgdh
Q7KW14	CG32809
Q6AUV1	XDH
Q6DGW9	tmco1
Q16621	NFE2
Q8N0X2	SPAG16
Q5I0D6	Nostrin
P62484	Abi2
P78357	CNTNAP1
A5D8S8	hexim1
Q6TDP3	Klhl17
Q8BGG7	Ubash3b
Q5I0H9	Pdia5
Q14032	BAAT
Q3T106	SRSF7
Q19617	nlr-1
Q3SZ85	PTRHD1
P20009	Dll
Q8N5B7	CERS5
P54680	fimA
E7F9L8	myo1d
O08539	Bin1
Q10430	spc25
P53714	ITGB2
Q5ZL23	APBB1IP
P55088	Aqp4
Q9JKP8	Chrac1
Q17ST2	Kcna7
Q6KAR6	Exoc3
P11584	mys
Q0II68	ACMSD
O08892	HTR1B
Q90419	shhb
Q69ZH9	Arhgap23
Q9NWU1	OXSM
Q9UIF8	BAZ2B
A7RHG8	v1g82024
A5PN43	tmem175
O67919	cobB
Q5C9Z4	NOM1
Q7SZR5	sumo1
P58742	Aaas
Q0VCD2	TUBG1
Q3ZBT6	TRA2B
Q5R9I5	DARS1
P79769	TSN
Q5XG73	Acbd5
Q8TAQ2	SMARCC2
O55035	Ppig
Q13905	RAPGEF1
P42232	Stat5b
P48555	Rala
Q61398	Pcolce
A8KBL7	mettl2a
Q1RMT1	ERCC3
Q9V785	pcs
Q10568	CPSF2
Q68LP1	Mib2
Q5U3U0	phyhd1
Q96T54	KCNK17
Q5ICW4	GRB14
P42768	WAS
Q5M7W4	Tmc5
Q9UNS1	TIMELESS
Q8NEZ4	KMT2C
Q15119	PDK2
Q90ZL2	lancl1
O42574	adrb1
Q9H269	VPS16
Q5ZMC3	WDSUB1
Q9FN03	UVR8
Q5RJG7	Crppa
P35368	ADRA1B
P40144	ADCY5
Q9NYG8	KCNK4
Q96PF2	TSSK2
Q28GJ2	TEgg069a24.1
P54277	PMS1
Q5RCI4	CCDC47
E7F6H7	dync1i2a
Q9BUQ8	DDX23
A8DT10	hoxd3a
Q2KIC2	ETV1
Q3ZBU9	UBXN4
A0A0R4IKU3	reck
Q91WN1	Dnajc9
Q9W145	Start1
Q28BX9	c2cd5
Q9FLB5	LAC12
P05631	ATP5F1C
Q8VC12	Uroc1
Q08D35	kdm7a
Q6DFB7	poc5
Q5U3U3	cpt2
A8WGF4	ift122
O75616	ERAL1
P42357	HAL
Q96SD1	DCLRE1C
Q6P2Y3	dnajc2
B4PR07	Manf
P61962	DCAF7
Q9PUE4	copg2
Q86TL2	STIMATE
P36542	ATP5F1C
Q8TAD8	SNIP1
Q921L7	Hemk1
P34410	twk-7
Q6PD74	AAGAB
Q32PE9	LSM3
P49789	FHIT
Q9Z275	Rlbp1
P55201	BRPF1
P00515	PRKAR2A
P21300	Akr1b7
O88783	F5
A8MWY0	ELAPOR2
Q6XHB2	roco4
Q6P8K8	Cpa4
P51644	arf4
Q6P2X9	slc16a12
Q63ZT8	aldh1l1
Q6ZMN7	PDZRN4
B1WQB7	ndk
Q12074	SPE3
Q52KR2	Lrig2
Q9Y4B6	DCAF1
M9PBE2	Hakai
Q5R8H3	BCAP31
Q63ZK1	chchd4-b
B2GUB3	ttll3
Q3T0Z8	SNRPF
Q3ZCE0	LSM8
O46385	SVIL
Q5XGI3	fbxl5
A7RT29	v1g226489
Q24270	Ca-alpha1D
Q9CR35	Ctrb1
Q9Z2F6	Bcl3
Q6GQN0	cep41
Q62186	Ssr4
Q9DBB5	Eif4e3
Q5ZIU3	DYRK2
Q8IY57	YAF2
Q9QXN3	Trip4
Q16635	TAFAZZIN
O43592	XPOT
O15541	RNF113A
Q6NZW8	arl8ba
Q9CQ52	Cela3b
Q9H3S3	TMPRSS5
Q9UNH7	SNX6
Q71SG7	gcnt4
P24706	sod-1
Q9BXT6	MOV10L1
Q6DEZ2	fam120a
P47743	Grm8
Q9Y2I9	TBC1D30
Q969S0	SLC35B4
Q6IQ20	NAPEPLD
Q640H3	otud5-b
Q3MHH4	QARS1
A8Y5T1	cfap276
Q03719	Kcnd1
P20107	ZRC1
Q3UVU3	Slc30a10
Q8K4Q7	Cerk
P29375	KDM5A
Q9VY28	mRpS25
Q32M08	Dus4l
Q18246	rap-1
Q9UBJ2	ABCD2
Q4V9P0	slc25a26
P23249	Mov10
A7SGF0	v1g233178
C5CGR9	rpsL
Q1LXK4	mov10b.1
Q99MD6	Txnrd3
Q7ZW34	cntn5
Q7ZWJ4	rpl18a
Q9H845	ACAD9
Q588Y6	HTR1B
P55861	mcm2
Q769K2	Napepld
Q925U4	Edem1
Q5BKT4	ALG10
Q13371	PDCL
Q3SZ71	PMPCB
Q5E987	PSMA5
P01122	RHO
Q9Y3C4	TPRKB
Q8IZD2	KMT2E
Q8BTM8	Flna
Q91YR1	Twf1
Q6DG03	dmtf1
Q99LJ0	Cttnbp2nl
P48052	CPA2
Q68EY9	gmppb-a
Q8BX57	Pxk
A6QL50	FAM72A
Q5RD27	SRPK1
Q7SXN5	dnm1l
Q1RMU5	RBM5
Q03062	Hes5
Q96SK2	TMEM209
Q90Z12	hes4-a
Q90941	PBRM1
Q6PDC8	Mfsd4a
Q19038	del-1
Q09274	unc-105
Q5R9S8	TMEM43
Q8IXL7	MSRB3
P51512	MMP16
P09527	Rab7a
A7SNN9	v1g230591
A4IFK2	SLC35E3
Q5XIU1	Abtb1
Q0VCR4	PPP1R3C
Q13569	TDG
A7S1L6	slc35c1
Q2MHE4	HT1
Q28CQ7	suv39h2
Q68FQ7	Rpap3
A2RV80	gramd4
Q9Y4B4	RAD54L2
P09237	MMP7
P25210	NFYB
Q9ULZ9	MMP17
O54732	Mmp15
P50280	Mmp7
Q6PHU5	Sort1
Q9UJX5	ANAPC4
P28497	CAPZA2
Q28623	SLMAP
Q0VG85	Ccdc162
Q5I0K7	Alg13
Q96MG7	NSMCE3
Q3MII6	TBC1D25
Q9UHD2	TBK1
B9EJX3	Spmip1
Q5UPX0	MIMI_R290
A0A6I8RMG7	creld1
P08113	Hsp90b1
Q0J952	Os04g0671800
Q96N23	CFAP54
Q96I99	SUCLG2
A0JNK6	TMEM243
P51612	Xpc
Q9P2N4	ADAMTS9
Q15751	HERC1
Q16829	DUSP7
Q9CY21	Bud23
O60830	TIMM17B
Q5F3L4	DENND6A
Q92527	ANKRD7
Q8TD16	BICD2
Q8TD19	NEK9
Q7ZZC8	nek9
Q8K1N1	Pnpla8
Q9UPS8	ANKRD26
Q96M96	FGD4
Q6ZV73	FGD6
P34586	trp-1
A0A1U8QYZ5	smtA
Q9HC24	TMBIM4
O00555	CACNA1A
Q61290	Cacna1e
P91645	cac
P83741	Wnk1
Q9W2U4	PPP4R2r
A7RX26	amdhd1
O44252	rost
Q8NHV4	NEDD1
Q9LGZ2	Os01g0290100
Q8CG50	Rab43
Q8IU85	CAMK1D
Q6DFC2	ccdc77
Q9C0E4	GRIP2
A8E657	AASS
Q9CQM0	Nicn1
Q7Z6Z7	HUWE1
Q99999	GAL3ST1
Q3B7M5	LASP1
O18373	Sps1
Q99PV3	Mkln1
Q96M69	LRGUK
Q8K339	Kin
O49447	AAC3
Q5W1J5	foxp1
A9JRB3	htra1b
Q5ZK36	ING3
Q8CDU4	Fbxl13
Q80Y56	Rbsn
Q64373	Bcl2l1
O42260	gemin2
Q5EA28	CXXC1
P25285	AMT
Q8K4F6	Nsun5
Q460N3	PARP15
Q9D4D4	Tktl2
Q86XH1	IQCA1
Q8BKH7	Mapkap1
A2AT37	Upf2
Q8IVJ1	SLC41A1
Q13825	AUH
Q7ZXX9	bop1-b
P0C218	ddx20
P11413	G6PD
Q5EAW4	mcm10
Q8WPA2	AR
Q8T2F3	nubp1
Q3ZC89	METAP2
Q62717	Cadps
Q15008	PSMD6
A2RUV5	hfm1
O75072	FKTN
Q2YEG2	CXCR1
P28472	GABRB3
O35161	Celsr1
Q7Z6B7	SRGAP1
P47812	mapk14
Q54FB7	xdh
Q2M389	WASHC4
Q9C0G6	DNAH6
Q90X38	gpkow
Q3T0B9	CEBPG
P09215	Prkcd
Q9SL56	At2g13100
Q32LN1	UBE2H
Q5F3N6	BAP1
Q00537	CDK17
Q8VCL5	Slc17a9
Q99952	PTPN18
Q5TCQ9	MAGI3
Q5XPI4	RNF123
E7F654	nol9
P15800	Lamb2
Q5R7W2	SLC25A3
Q4KLV7	fam50a-b
Q9NU19	TBC1D22B
P55735	SEC13
Q5E965	CYB561D2
Q2HJM9	MEST
Q8JZX4	Rbm17
O42401	MATN3
Q9D8P7	Gtf3c6
Q9NS91	RAD18
Q9UP83	COG5
Q4R630	NDC80
Q96LD8	SENP8
Q6P5M2	skic8
Q5R889	AHCYL2
A7RKF6	v1g198406
Q6L8Q7	PDE12
P49432	Pdhb
Q58D06	WDR74
G3V9D0	Poglut1
P97527	Cntn5
Q5R413	DCP1B
Q6AZD4	immp2l
Q0P4W9	fezf1
Q0P5K3	UBE2N
Q92000	shh
P08247	SYP
O00560	SDCBP
Q9C0D9	SELENOI
B0JZV4	agbl5
Q9BX26	SYCP2
Q92769	HDAC2
Q12972	PPP1R8
Q7ZVM1	washc5
Q61166	Mapre1
Q9H841	NIPAL2
H9JW43	CDA8
O75167	PHACTR2
P17713	STK
A6ZM04	PIF1
Q14191	WRN
Q54QB1	erkB
Q9CL21	recQ
Q9DEY9	blm
Q8N328	PGBD3
Q63505	Gtf3c1
P10606	COX5B
Q5ZK84	AKR1A1
Q9A8Z4	CC_1201
P70353	Nfyc
Q8K2L8	Trappc12
Q8UUZ1	mab21l2
Q6PC30	cops5
Q9VQZ6	Elp3
Q5RDY2	TM9SF4
Q29L80	GA19395
A4FV72	PPIE
A7RM45	v1g160387
Q8ISP0	RPS18
Q08DS0	KLHL21
Q8LHH9	SHL2
A6QPT7	ERAP2
Q9QXG4	Acss2
Q5VU57	AGBL4
B3DHU2	tmem65
Q9Y2J2	EPB41L3
Q8R2Y0	Abhd6
O46629	HADHB
Q12981	BNIP1
F1R237	tdrd6
O95460	MATN4
P28568	SLC2A3
A7RFA1	v1g177083
Q8AVW3	cdip1
Q6P828	litaf
O75116	ROCK2
Q8WTR2	DUSP19
Q5SPC5	otof
Q7SIG6	Asap2
Q7T312	ccdc25
Q9UIF3	TEKT2
Q8BZT9	Lacc1
P31596	Slc1a2
Q91YL3	Uckl1
P50897	PPT1
P33610	Prim2
Q5PPX0	ppp1r42
Q8TCT9	HM13
B2GUW6	Aen
Q28EM3	parpbp
Q6AZN4	mrpl15
P55023	melC2
Q2KIR8	TDH
A0A0R4ILB2	flvcr2a
Q6ZQ18	Efr3b
Q6JQN1	ACAD10
O46382	ARFGEF1
Q8N6T3	ARFGAP1
Q3ZCE8	RBM8A
Q08BD8	mtfr2
Q7Z494	NPHP3
Q767L8	MDC1
Q9BTV7	CABLES2
Q9VUX2	mib1
Q6INX4	enosf1
Q6DI48	dla
Q7RYW6	cys-17
Q5RHH4	ift172
Q76I81	RPS12
Q9ULI0	ATAD2B
M9PE65	axo
A1XQY1	nrxn3b
F1LNI5	Ppm1g
C0HBT3	rnf146
Q99J45	Nrbp1
Q9NUQ2	AGPAT5
P18203	FKBP1A
Q3KQ80	stpg1
Q7T322	naa35
P07949	RET
Q2KII4	ELOC
O34678	ytbE
Q3B7U9	Fkbp8
Q69ZX6	Morc2a
Q9HC10	OTOF
P85107	Tgs1
Q8CDJ3	Atg14
Q62559	Ift52
Q90511	eif2b2
P91119	pde-5
Q6PAF4	nsmce1
Q9ULC3	RAB23
Q6GL89	eif2s1
P70296	Pebp1
Q13823	GNL2
Q9UL62	TRPC5
Q6K3R5	NCL2
Q6DFS2	rpa2
Q9XT90	MMP14
Q501Q9	mapk15
O15230	LAMA5
Q9NX07	TRNAU1AP
Q641I1	fam135b
Q63341	Mmp12
Q9NPA2	MMP25
Q4J781	adh
Q9ERC5	Otof
Q5BK46	Rnaseh1
Q8R4D1	Slc9a8
Q922Q5	Slc35b3
Q5ZIK6	BSDC1
P14272	Klkb1
Q502M6	ankrd29
Q92J02	grxC1
Q9V359	Vps28
Q5BJE1	CCDC178
Q00944	PTK2
P52758	RIDA
Q9D1P2	Kat8
A7RM20	v1g239264
O57382	tll2
O73817	psmb3
O70521	Rgs19
Q8TB45	DEPTOR
P52046	crt
O95372	LYPLA2
Q56NI9	ESCO2
Q8BGC9	Creg2
Q3ZBT5	STX7
Q68EF4	Grm4
Q5FVL7	Dnaaf2
Q8BMS1	Hadha
Q49LS8	xkr6
Q0VCR6	TMEM68
Q5E9K0	PSMB2
Q9UGC6	RGS17
Q91VZ6	Smap1
Q148K0	TCEA2
Q91437	CAD
Q0P4G6	slc2a10
Q0V9R3	dis3l2
O75838	CIB2
Q08AE8	SPIRE1
Q9V727	Asx
Q17RB8	LONRF1
P58308	Hcrtr2
Q8BXL7	Arfrp1
Q9QYF3	Myo5a
A7RWP6	v1g163572
Q7ZTL7	bcs1l
P59913	Pcmtd1
P40657	Sox15
O94818	NOL4
Q6PC72	cib2
Q6QRN8	LAPTM4A
Q9P0S9	TMEM14C
P60051	USP14
P11926	ODC1
Q658Y4	FAM91A1
Q21313	epi-1
Q04859	Mak
Q9Y450	HBS1L
Q6PFL8	thyn1
P61026	RAB10
Q561X9	bdh2
Q9QXZ0	Macf1
Q9VKJ9	l(2)gd1
Q5E9H2	ACCS
A0A173GP47	LST
P02888	dscD-1
P02888	dscD-2
Q4AC99	ACCSL
Q9V9J3	Src42A
A6H795	UBE2W
Q9WTK8	Spo11
Q8R1E7	Tmem234
Q9D415	Dlgap1
P07688	CTSB
Q9DBI0	Tmprss6
Q96BR1	SGK3
Q2KJI3	CYRIB
O14901	KLF11
Q1ZZH0	GRM4
Q5VWX1	KHDRBS2
Q9C091	GREB1L
P02362	rps7
P11157	Rrm2
Q4QQT0	Rpusd4
Q503V9	endoub
Q66I84	dscc1
Q9NXZ2	DDX43
Q5W041	ARMC3
Q9UL68	MYT1L
Q9R0G6	Comp
Q3T105	GALE
A7MQL7	ubiE
Q6P423	med23
Q28CL4	bpnt2
Q14831	GRM7
Q21565	amt-3
P53621	COPA
Q2YDF6	MRPS35
Q60648	Gm2a
P53782	ccnd2
O00743	PPP6C
P07602	PSAP
Q9NPI0	TMEM138
Q8IWZ3	ANKHD1
F1QH17	mical3a
P29371	TACR3
Q63802	Wee1
P26446	PARP1
E1C1R4	USP47
P32198	Cpt1a
Q9D967	Mdp1
Q8BML1	Mical2
Q5ZJA9	BORCS5
Q5BKR2	Slc9b2
Q5ZL33	STRAP
Q6P093	AADACL2
Q94986	rab-3
W7MTJ1	FVEG_12639
Q8N187	CARF
P59510	ADAMTS20
P23467	PTPRB
Q923E4	Sirt1
A0A1L8F5J9	grin1
Q13610	PWP1
Q7Z5Y7	KCTD20
Q9NYS0	NKIRAS1
P00516	PRKG1
Q14432	PDE3A
Q9EPW9	Tlr6
Q17R06	RAB21
Q9Y6C9	MTCH2
Q571I9	Aldh16a1
Q9CXF4	Tbc1d15
Q68CP9	ARID2
Q9Y4D2	DAGLA
O53532	Rv2258c
G4WMX4	RYa-R
Q8BUG5	Caps2
P36633	Aoc1
Q9DEE9	ACTR6
Q6DGN0	rergl
Q8R367	Rerg
Q6GR30	aebp2
Q9NP50	SINHCAF
Q61549	Adgre1
O57406	cugbp1-a
Q5REU4	SND1
Q17QC5	AP2S1
Q5M9B7	ostc-b
Q6P0U3	rasl11b
Q96Q83	ALKBH3
Q3ZBH0	CCT2
Q9ULJ6	ZMIZ1
D4A4D7	E2f7
P58414	cadA
Q6P0H6	cops4
Q9SZW4	HMA2
P26443	Glud1
D3Z3C6	Zfand4
Q5RDW9	CSTF3
P35567	cdk1-a
P21521	Syt1
Q3SYV5	TSPAN33
Q95LD9	AHR
Q92621	NUP205
P81004	vdac2
Q924X7	Stk33
C3ZWH9	BRAFLDRAFT_285975
Q9D5I4	Dynlt5
Q9LT17	BBR
Q556Y8	DDB_G0273199
Q556Y8	DDB_G0273729
Q7Z5V6	SAXO4
Q0VDF9	HSPA14
Q96AT9	RPE
Q01406	CTTN1
Q7ZV43	tollip
Q6PBP3	prxl2a
Q06234	ascl1
Q5RBN8	LIN54
Q90260	ascl1b
B0BLT0	znf593
O88450	Deaf1
P79134	ANXA6
P56597	NME5
Q9Y484	WDR45
Q8BFR2	Fstl5
P52809	RPL44
A0PJE2	DHRS12
P18845	chrna3
Q9VZS6	nSMase
Q95114	MFGE8
Q9CQQ7	Atp5pb
O43903	GAS2
Q68DX3	FRMPD2
Q4KMD3	snrnp35
Q9R0N7	Syt7
Q99N42	Tymp
P38976	RAS2
Q63750	Mrpl23
Q54RF3	eif2b5
Q8WML3	KAT6B
M0QWB7	Ascl5
Q13114	TRAF3
Q9UGM1	CHRNA9
Q32PB0	SSBP1
Q9NWT6	HIF1AN
Q1JQD2	GRWD1
Q6P0G6	myl1
A8WIP6	cdk20
Q9UPX8	SHANK2
A1L253	fam149b1
Q8BTY8	Scfd2
P25867	eff
F1NPQ2	MINPP1
Q9VIQ9	sick
P14649	MYL6B
Q8R3S2	Tspan33
O49923	ADK
P35447	spon1
P70445	Eif4ebp2
Q8C9W3	Adamts2
Q5EAC6	CDC37
P78543	BTG2
Q9BVW5	TIPIN
A0LJ16	phnX2
Q7SYD5	sec31a
Q5NDL9	EOGT
Q5R573	RABL2A
Q9NZR2	LRP1B
Q05B58	WASHC3
Q7Z2W9	MRPL21
Q9WVJ2	Psmd13
Q8TC57	M1AP
Q9BYB0	SHANK3
Q62739	Rab3ip
Q99816	TSG101
Q58EG2	erlin1
O14974	PPP1R12A
Q91YR5	Mettl13
Q9HBI1	PARVB
Q0VCA5	SAMHD1
Q5THR3	EFCAB6
Q5ZIH2	MON1A
Q99068	Lrpap1
Q28309	ADORA3
Q8CC12	Cdan1
Q6P1J9	CDC73
Q4R7Y4	GNB2L1
O15078	CEP290
O74362	esf2
Q5M7P5	nol6
Q96IK5	GMCL1
Q9D7B6	Acad8
Q9BY84	DUSP16
Q4KLN7	Arfgap3
Q6PGD0	Atraid
Q9Y5L0	TNPO3
P19579	capA
Q16611	BAK1
Q13393	PLD1
Q07816	BCL2L1
Q5RF73	TMEM19
E9Q8T7	Dnah1
P48463	PPP2CA
Q9FJL3	FKBP65
Q9Y315	DERA
P46096	Syt1
Q5H9R7	PPP6R3
P11029	ACAC
P37837	TALDO1
Q9NYV6	RRN3
Q7ZYZ7	pcgf1
Q8BGR8	Gskip
Q2KIH7	PAH
P54611	Vha26
P04634	Lipf
P17276	Hn
Q5R8X9	AMN1
P35713	SOX18
Q8C5L3	Cnot2
Q9BYH8	NFKBIZ
Q9PWF7	cat
P0C6Y7	Prdm9
P38571	LIPA
P30051	Tead1
O74198	ERG6
Q17QM6	EFHD1
D4AM37	sconB
Q8QFX6	nrp1a
P0CB85	NDUFB8
Q9H6P5	TASP1
Q96EQ9	Prdm9
Q9WV92	Epb41l3
Q8JZR6	Slc4a8
Q5E9E6	RPL10A
Q9D845	Tex9
Q5ZKI0	CAMK2D
O97649	UCP3
Q08BC4	stpg2
O88413	Tulp3
Q9NUJ3	TCP11L1
A2RSQ0	Dennd5b
Q6NU18	cuedc2-a
Q7ZWF0	rae1
Q01611	zfy1
Q9R237	Mapk8ip1
Q95M17	CHIA
Q4R5N9	ACP2
Q9DA37	Samd8
A2RRV3	patl1
P03952	KLKB1
Q3T0I5	FIS1
Q8NHX9	TPCN2
Q3B8N0	ufsp2
Q5FWK3	Arhgap1
Q80XC3	Usp6nl
A4IJ21	mns1
A7RPT4	v1g228490
Q9H0W7	THAP2
Q2ULU3	ste20
Q9H972	C14orf93
Q9Z1M0	P2rx7
Q96JS3	PGBD1
P04146	GIP
Q09811	rqh1
Q9H611	PIF1
P16423	pol
Q1HG60	Pif1
Q0R5R2	gag-pro-pol
Q19546	wrn-1
Q8L4P8	CDKB1-1
Q6PBT6	gchfr
Q28IH8	cfap36
Q921L5	Cog2
B4K5R2	spn-E
B5FZY7	EIF4A3
Q13395	TARBP1
Q96RV3	PCNX1
Q10471	GALNT2
Q15582	TGFBI
Q9H1A4	ANAPC1
Q84MN0	CML4
Q86TJ2	TADA2B
Q8IYT3	CCDC170
Q9NR09	BIRC6
Q7ZVH1	paqr5a
Q9R0J8	Lgmn
O15160	POLR1C
Q9BUK0	CHCHD7
Q5HZE0	Slc25a29
Q6PBL0	pam16
Q8BHA0	Ino80c
Q76L87	dmrta2
Q9Y561	LRP12
Q92797	SYMPK
Q4V8K5	Brox
O35587	TMED10
Q9FIT8	AGD1
Q8C547	Heatr5b
P36404	ARL2
Q9D7J4	Cox20
Q07352	ZFP36L1
P17538	CTRB1
Q96BY7	ATG2B
Q08C93	abhd12
Q99NB1	Acss1
Q6P286	dhtkd1
Q2KID4	DNAL1
Q7TPB1	Cct4
Q4JL91	ippk
Q96FW1	OTUB1
Q7ZVK3	sirt2
Q0VGM9	Rtel1
P82198	Tgfbi
Q86UY6	NAA40
D2IYS2	tor
P25183	rcc1
O15439	ABCC4
Q7TS74	Ckap2l
O82201	At2g19790
A1ZB42	MED9
Q5SP67	wdr26
Q9D554	Sf3a3
Q9N2W7	ndua-12
Q21279	ttll-15
P48601	Rpt2
Q9JI19	Fibp
P97429	Anxa4
P56873	Znrd2
Q17QZ7	TTC27
Q5ZJW8	DTL
E2QY99	PALS1
Q9QXZ9	Opn4
P18901	Drd1
Q5ZMT7	ADCK1
Q567Z6	cript
Q17R31	TATDN3
Q6DF57	gpatch11
P50748	KNTC1
Q8R454	KCNK1
A0A2R8QCI3	ccdc88c
Q9CWX2	Ndufaf1
Q3SZY9	MED6
P48723	HSPA13
Q9ES08	Kcnk9
O68252	pceA
Q9QUG2	Polk
Q0V9S9	drc7
Q9H9C1	VIPAS39
Q4V8V1	brms1la
Q86VP3	PACS2
Q642T7	utp25
O00470	MEIS1
Q60954	Meis1
P78504	JAG1
P35342	ADORA3
Q96S38	RPS6KC1
Q3UHC2	Lrrk1
Q9CYK2	Qpct
A6NDR6	MEIS3P1
A7SMW7	v1g172254
O15040	TECPR2
Q9ERI6	Rdh14
Q5ZJ24	CEP20
Q803X4	dcaf13
F1QVR8	mettl5
Q9Y6A2	CYP46A1
A7MAZ3	UBA5
Q8IYD8	FANCM
Q6DEL2	clptm1
Q9D479	Uvssa
B1AVY7	Kif16b
Q9QYY8	Spast
F1RAX8	coq6
O95861	BPNT1
Q5ZKY9	MED20
Q8NA03	FSIP1
Q6NTL1	slc39a9-a
Q5ZME2	MDH1
Q8WUM0	NUP133
Q9CWG8	Ndufaf7
B4LNA8	Cirl
Q6ZPV2	Ino80
Q80T85	Dcaf5
P22063	Cntn2
B2RY56	Rbm25
Q96PM5	RCHY1
Q6DDB9	pno1
Q07890	SOS2
Q6K9C3	RSZ23
Q9DGJ3	npc2
Q05B60	NUDT14
Q2T9W2	THUMPD3
Q5ZM44	CHP1
P15357	RpS27A
Q6NRL0	prorsd1p
Q9DBY8	Nvl
Q8N8S7	ENAH
Q8AVJ1	prr5
Q5XJ97	c1d
Q9BX95	SGPP1
Q2M2T5	COMMD1
Q96M32	AK7
Q0VBY7	DNAJC24
Q96Q07	BTBD9
A4QNE6	dnaaf10
Q9BRQ3	NUDT22
O12977	psen2
Q9WTQ1	Prkd1
Q2Q426	ADGRE2
P12545	PLG
Q5ZIJ9	MIB2
Q6DFF9	mapkbp1
Q8BY02	Nkrf
Q5TD94	RSPH4A
O77475	Cpes
P0C7U4	c3ar1
Q8VCX6	Kptn
Q9P2P6	STARD9
Q561P5	mcm5
Q03141	Mark3
G5E8F4	Fpgt
Q6NRG0	rnf8-B
Q9CXE6	Xrcc3
Q91ZY8	Trim9
P18074	ERCC2
Q7F0J0	CML13
Q9TZH6	pcbd-1
Q13435	SF3B2
Q6GQL2	ppp1cb
Q9VT65	CalpB
P07477	PRSS1
Q9ES87	Prss8
P63099	PPP3R1
Q8AVH7	egfl6
Q08832	Lcch3
P63080	Gabrb3
P19150	GABRA1
Q5RE15	PSMD8
P21127	CDK11B
Q8N801	STPG4
Q9NW38	FANCL
Q86TV6	TTC7B
Q8NCA5	FAM98A
Q5RGT6	angel2
Q5F3L1	RPS6KA5
Q92994	BRF1
P56965	DDAH1
P57747	VATPD
Q3UVR3	Ttbk2
Q60969	Styx
Q6ZMV9	KIF6
Q6DBY9	chst1
Q8W0Z6	AP5M
Q64LD2	WDR25
Q6A070	Togaram1
Q9H3P7	ACBD3
Q28D16	rtn3
Q9NRK6	ABCB10
Q32N48	prepl
Q2NKU6	DPY30
Q86UA1	PRPF39
Q96C23	GALM
A3QJU3	coq8b
Q8NEC5	CATSPER1
Q62991	Scfd1
Q06609	RAD51
O15270	SPTLC2
P04025	pol
A0JN53	RPAP1
P21692	MMP1
Q9Z2E9	Bscl2
Q2KJF9	GTF2E2
P25500	PAPOLA
Q28955	NTAN1
Q9UQ07	MOK
Q6P0F9	insm1a
Q8TBZ3	WDR20
Q19KA1	G6PC1
P58405	Strn3
Q708S6	asic1c
Q8C5V5	Wdr27
P58200	Vti1b
A0A1D5P556	DAAM2
Q5HZM1	eif1ad
Q2I327	dmrta2
Q91ZN5	Slc35b2
O13270	TBP
P46199	MTIF2
Q6P5F9	Xpo1
A1L1V4	loxl2b
I0IUP4	MCM9
O75445	USH2A
Q1L987	atpaf1
Q9ULC5	ACSL5
Q9JK38	Gnpnat1
Q9D565	Wdr64
O35691	Pnn
O95084	PRSS23
Q8UWJ4	dld
Q64464	Cyp3a13
Q9WU19	Hao1
O35214	Rrh
Q3SZF8	SNRPD2
Q8TER0	SNED1
Q7SXM7	prpf31
Q95NU5	ooc-5
Q3V3N7	Bbs1
Q5RET9	SDE2
O60306	AQR
O88454	Kcnk4
Q8CHB8	Ttll5
O93307	SIX6
Q17G75	AAEL003161
Q9C009	FOXQ1
Q6P2Y1	paf1
Q568H3	mad2l2
Q9W707	foxf1-b
A1L243	mesd
Q9Y316	MEMO1
O62849	SCD
Q7SXW6	actr2a
Q08DB5	STX5
Q1ZXH8	gxcDD
Q2PFW9	NOVA1
Q6DJA3	armt1
Q86X10	RALGAPB
A0A0G2L7I0	sprtn
P49443	Ppm1a
Q8BUL5	Klhl7
Q8R4P9	Abcc10
Q28653	PPP2R5D
Q5HZQ9	pcnx4
Q8WV16	DCAF4
Q86VV8	RTTN
Q9D662	Sec23b
A7RX34	thoc7
Q7SA88	mrpl3
Q6P2U9	cops3
F4J1Q9	AVT1I
P61017	RAB4B
O94759	TRPM2
A2A9C3	Szt2
Q29RK2	PC
Q5SPH9	mrps10
Q2YDE4	PSMA6
Q0IIL5	SNX10
O00602	FCN1
Q90YC0	eef1g
Q801F8	dmrt1
Q9SU79	PAO5
Q9D2G9	Hhipl2
P31225	CBP1
Q9BXW4	MAP1LC3C
Q3UJK4	Gtpbp2
Q9MA55	ACBP4
Q07205	Eif5
Q02224	CENPE
O55164	Mpdz
Q6DFM9	tomm20
Q8NB59	SYT14
Q6NYF1	yipf4
Q147X3	NAA30
Q9D6J3	Yju2
Q3UZZ6	Sult1d1
Q5ZID1	MED17
Q8BH74	Nup107
Q5RBG4	KAT5
E7F594	gpr137ba
P70414	Slc8a1
Q9DB05	Napa
Q6GNT7	golga5
Q9NVH2	INTS7
Q14331	FRG1
Q924K8	Mta3
A7RIT9	v1g178517
G5ECY0	dlg-1
P53441	CTN
Q9H2M9	RAB3GAP2
Q87TN9	fadB
Q9Z2L9	Ndrg4
Q8BH86	Dglucy
Q15643	TRIP11
Q9GPS0	racG
Q8IWV8	UBR2
Q5BU09	Eapp
Q9ULT8	HECTD1
Q96K21	ZFYVE19
A7SL20	v1g245966
E7FEV0	wdr81
Q6P2K6	Ppp4r3a
O15033	AREL1
Q9D3U0	Pus10
O93590	zax
Q8JZM8	Muc4
P53569	Cebpz
Q98ST7	MOXD1
Q96T55	KCNK16
Q99698	LYST
Q5TZ24	moxd1
Q811X5	Eaf2
Q6UVY6	MOXD1
C6KFA3	adgrg6
A7RZS0	bloc1s2
B3DLA6	dicer1
Q3T126	CNIH4
Q0V989	ccdc85c
Q90718	SRF
P86409	RALGAPA1
Q6NWD4	timm50
B0BNF9	Hao1
P58797	NXF1
P50430	Arsb
Q9NQX3	GPHN
F4JTP5	STY46
Q1LWJ6	arpin
F1QMV3	trappc6b
P98192	Gnpat
Q14697	GANAB
P49217	MTNR1A
Q8N6U8	GPR161
Q9Y6V7	DDX49
Q7ZT47	gins1
Q9NQE7	PRSS16
Q86S40	C50D2.7
B5Y876	rpsR
Q9UJA2	CRLS1
P31646	Slc6a13
Q5PQ59	alkbh6
Q9CRA7	Dmac2l
Q96L93	KIF16B
Q3UH53	Sdk1
Q3EBF7	SLD2
P22288	Gch1
Q2KIU7	RSPH9
Q9W7E8	koza
Q80X41	Vrk1
P26882	PPID
O88379	Baz1a
Q6DC39	desi2
P36954	POLR2I
Q495N2	SLC36A3
Q3SZN3	OMA1
A7MB47	CNOT9
Q5U4A3	washc1
A5PJS2	SRD5A1
Q8R1P5	Kcnk13
P27987	ITPKB
Q3U1V8	Map3k9
Q4JIJ3	MTR
Q8BHK3	Slc36a2
Q95JD5	SULT1B1
Q90277	vsx1
Q6AYB3	Isy1
Q9VMU8	senju
Q3U2J5	Camkmt
A0MQH0	DICER1
Q7SX99	fh
A3KP59	riox1
Q9BUX1	CHAC1
P23381	WARS1
Q5BIN6	CNIH1
Q73BH8	phnW
Q9BWU0	SLC4A1AP
Q91905	foxi1-b
A1SY89	phnW
Q9V3A6	Ero1L
Q9JMD1	Sfmbt1
Q9NEU5	Y39B6A.33
Q8BKG3	Ptk7
P12369	Prkar2b
Q3MHV9	SERINC1
Q9CQR5	Zmat5
Q8N9M1	C19orf47
Q2YDP3	DRAP1
Q5E951	TBCB
Q14739	LBR
Q05086	UBE3A
Q8CCP0	Nemf
Q94515	ifc
Q2TBG7	ISCA2
Q6PD03	Ppp2r5a
Q96PN7	TRERF1
Q5JTD7	LRRC73
Q61103	Dpf2
P55345	PRMT2
Q6NXA9	ubxn1
Q8ETY1	rplD
A0JMD4	tpcn2
O95433	AHSA1
P35171	Cox7a2
O88874	Ccnk
A6H782	TEKT3
Q3UV71	Tmtc1
P12694	BCKDHA
Q5E9B8	POLR2G
Q9QZE7	Tsnax
Q80Y14	Glrx5
Q9H4B6	SAV1
A8C750	THADA
P31948	STIP1
Q8AWD2	mocs3
Q01H84	selenon
P25490	YY1
V5YMB3	dapb3
Q8R496	Spdya
Q9CRA8	Exosc5
P97878	Exoc5
Q803I8	syvn1
Q8VD72	Ttc8
Q90512	dlst
Q58DU5	PSMA3
Q9Z2C5	Mtm1
Q07130	UGP2
Q640B4	mus81
O09101	Pigf
Q9W549	coa8
Q96M34	TEX55
O60566	BUB1B
F7B113	SLC9A9
Q0V9V2	tmem229b
Q5ZLK8	RCJMB04_5l6
Q8CN40	SE_2036
A7S7Z9	zfpl1
I0IUP3	MCM8
D0EYG3	SELENOW
Q96JI7	SPG11
Q5T6L9	ERMARD
Q2KHU5	MACROD1
Q3T906	GNPTAB
Q08DK7	SLC25A29
Q14749	GNMT
P48465	CNAG_00483
A7Z026	PPP1R37
Q9VCG3	CG13601
Q8IYS1	PM20D2
A7RZW4	dpp3
Q9HAV4	XPO5
P35400	Grm7
Q5F3X0	LCLAT1
Q9H7Z3	NRDE2
Q9BQ13	KCTD14
Q8BR63	Fam177a1
Q32PA9	FKBP2
Q4I963	COF1
Q14181	POLA2
Q9P1Q0	VPS54
Q9CYA6	Zcchc8
Q2YDI0	MRPL11
Q29RY4	ELAC1
Q6PX77	BMP15
P30837	ALDH1B1
Q9EQC5	Scyl1
Q8NHH9	ATL2
Q32PD0	FCF1
Q2KI83	DNAJC17
Q9Y6J9	TAF6L
Q14442	PIGH
B0BM24	fam161a
O43763	TLX2
Q63472	Kcnh1
Q08DJ7	AAR2
Q8BFX3	Kctd3
Q9WVL0	Gstz1
Q8N357	SLC35F6
Q5R7R9	SNW1
Q9EQC0	Chst1
Q2YDC9	PDCD2
Q5ZIF1	APMAP
Q96P50	ACAP3
Q9QXA6	Slc7a9
Q0P5M9	MFSD10
Q9CR88	Mrps14
Q9D7N9	Apmap
Q5RAD5	RTF1
F1Q8R9	pomt2
Q6P0D1	slc30a6
P59101	SCX
P11217	PYGM
Q810J8	Zfyve1
Q05B50	THG1L
Q5U2R3	Frmd8
Q7YQK4	SLC7A5
Q08CA1	gdpgp1
Q0P6H9	TMEM62
Q9H477	RBKS
P34743	BTG1
Q80TI0	Gramd1b
O70589	Cask
Q5BJS9	Morn4
A2TIL1	GSR
Q2T9X3	SPRYD7
Q91VS8	Farp2
Q7QCK2	Tctp
Q9UI14	RABAC1
P22087	FBL
Q9NRX2	MRPL17
Q8BJ83	Tm2d3
Q8BKC5	Ipo5
Q99M51	Nck1
Q676U5	ATG16L1
A7MBP4	ift46
P80109	GPLD1
Q27968	DNAJC3
E9Q5M6	Cfap44
O43639	NCK2
Q3T030	PSMC4
Q4W5Z4	DNMT3A
Q64343	Abcg1
Q01433	AMPD2
Q641W3	Nufip1
A7SM54	v1g214407
Q5RFH0	ATP5MG
Q15102	PAFAH1B3
P57080	Usp25
Q05B21	slc17a7
Q4R910	UBAC2
Q6NV83	U2surp
Q96P53	WDFY2
Q5F2N2	fut11
Q5RC46	ADA2
Q9NZK5	ADA2
Q0IHV9	ddx6
Q9QYY7	Esm1
Q8IWJ2	GCC2
P56602	PPOX
Q9BZD2	SLC29A3
Q63HM9	PLCXD3
Q17LW0	ck
Q9H6Y7	RNF167
P98061	nas-28
Q32NT4	lrrc58
P80944	ZFX
P22681	CBL
P18101	RpL40
Q50JE5	Ace
Q5UNS8	MIMI_R665
A2VDT4	OVOL1
Q5XIA0	Dzip1l
Q5ZLS8	INTS10
B1H228	Odad1
Q66II5	l3hypdh
P51817	PRKX
Q9UPV0	CEP164
Q3TXS7	Psmd1
Q06546	GABPA
Q3SZ65	EIF4A2
O96014	WNT11
P29144	TPP2
A1L3P4	Slc9a6
Q0V9R4	ccdc39
Q14527	HLTF
Q8VC85	Lsm1
P58544	Btbd1
Q9DAN9	Cfap97d1
P09172	DBH
Q4V7Q6	ulk3
Q7ZX22	wdr24
Q80UU2	Rpp38
Q18973	gstk-2
Q5RDC1	Washc2
Q99J62	Rfc4
Q8BFV2	Pcid2
F1LP64	Trip12
Q62829	Pak3
Q9L6M2	tatD
Q9U5L1	SrpRalpha
Q03048	COF1
Q9QYK4	Hs6st3
Q60854	Serpinb6
O60244	MED14
F1QNX7	upf3b
Q9NUK0	MBNL3
Q3MHY8	RBM7
Q0VFV7	kctd7
Q98930	SORL1
P02597	CCM1
Q6DKE6	cwc15-b
P29400	COL4A5
Q9Y388	RBMX2
O55234	Psmb5
F4IF36	FGT1
Q6DBY2	naa50
Q61214	Dyrk1a
Q7SIB3	COL4A2
Q5R8Y6	TM9SF2
Q5TTG1	Vha68-2
Q06652	CSA
Q9H3P2	NELFA
P62046	Lrch1
P81270	Erg
Q505H7	iws1
Q6NXM2	Rcbtb1
Q3YBR2	TBRG1
Q75K28	ncsA
Q8BUZ1	Abra
Q4WKX3	AFUA_1G00970
P49585	PCYT1A
Q7PRH1	AGAP010478
B0BLU1	rnf168
Q863I2	OXSR1
Q9R0Q9	Mpdu1
Q2T9S3	POLR3F
Q5EA97	SLC38A11
A9ULY7	ift57
Q3SZ19	PSMD9
Q6NRH1	dcaf8
O95819	MAP4K4
P83829	Ift81
P23347	Slc4a2
Q9P289	STK26
Q8N3U4	STAG2
O54701	Slc24a2
P12270	TPR
Q864V5	FUNDC2
O31463	ybgG
Q91XL3	Uxs1
P56451	MC5R
Q99500	S1PR3
Q9DDK4	s1pr1
F2Z4H3	POLR2H
Q4R517	SUCLA2
A4D2G3	OR2A25
Q9NQR4	NIT2
Q93008	USP9X
Q14692	BMS1
A0A1L8GWK2	rfx4.L
Q96HW7	INTS4
Q5I597	BHMT
P30935	Sstr3
P51650	Aldh5a1
P17870	ARRB1
Q6AI12	ANKRD40
Q5SUE8	Ankrd40
Q8K245	Uvrag
Q9VZW5	FMRFaR
Q6DWJ6	GPR139
P16381	D1Pas1
Q20201	sox-3
Q7TQ35	PARK7
Q9NYU2	UGGT1
Q9BXW9	FANCD2
Q5JSL3	DOCK11
P97328	Khk
Q8RWN2	ZIF1
P18077	RPL35A
Q6NYE7	tmem192
Q03164	KMT2A
O08730	Gyg1
Q86YW9	MED12L
Q6W2J9	BCOR
Q7L0X2	ERICH6
P13280	GYG1
Q9HBM6	TAF9B
Q24407	ATPsynCF6
Q177A7	MED4
Q5F1R6	DNAJC21
Q964T1	CYP4C21
Q6P4R8	NFRKB
Q08DI5	RAP2C
Q9QZ73	Dcun1d1
Q8NB46	ANKRD52
Q17QI1	TRAPPC1
Q2T9L9	GTF2F2
Q7Z4T9	CFAP91
Q4R5Y0	CFAP68
Q5EA65	DPAGT1
Q9CPW0	Cntnap2
Q9VPH8	Rbbp5
Q5U3C3	TMEM164
Q39565	ODA4
P15304	Lipe
O08688	Capn5
Q149F1	Rpusd2
Q08D62	mael
Q62623	Cdc20
A2VDB3	rbm42
Q01397	ro-3
Q91WD5	Ndufs2
Q07139	Ect2
Q13608	PEX6
Q5I0S8	serpinb1
Q9QUJ7	Acsl4
P20340	RAB6A
Q96LI9	CXorf58
Q711G3	Iah1
Q68EH8	flad1
Q80W32	Iqcg
Q61488	Dhh
Q9R087	Gpc6
Q28FY5	tmem147
Q8K2K6	Agfg1
O18334	Rab6
Q4QRH7	pex16
O43307	ARHGEF9
P53356	HTK16
Q8BG19	Tmtc4
Q61830	Mrc1
Q9P2K2	TXNDC16
O60779	SLC19A2
F4KGU4	At5g10370
Q54U75	crlA
O70546	Kdm6a
Q2I6J1	inppl1a
Q6GLC9	fmr1
P74148	sll1388
Q28178	THBS1
F1NY98	DSCAM
Q24046	nrv1
Q9D8Z1	Ascc1
P12637	CASQ2
Q6GPD0	arhgap32
Q8BJ48	Nagpa
P0C089	Ptpmt1
P07228	ITGB1
Q9XWZ2	acdh-11
P41596	Dop1R1
P97615	Txn2
Q9QXL7	Nme7
O14353	bpl1
Q6P4K8	pin4
Q2KHS5	mogat2-a
Q99K46	Usp11
P60882	Megf8
Q91ZA3	Pcca
P12676	choA
Q9BRR8	GPATCH1
Q03350	Thbs2
Q8BH01	Tmco3
Q5I0R4	cfap300
P33277	gap1
P53619	ARCN1
P47032	PRY1
Q9WU81	Slc37a2
Q8U259	tdh
Q8TEB9	RHBDD1
Q5ZK28	POLD3
P50053	KHK
Q4VA36	Cenatac
Q5M9H0	Anks3
Q96T23	RSF1
Q7Z410	TMPRSS9
Q924A2	Cic
Q5F364	ABCC1
P62333	PSMC6
Q63009	Prmt1
Q99643	SDHC
Q3V096	Ankrd42
Q7SZ56	tmem218
Q5ZIS0	SDHD
O43543	XRCC2
Q9JI12	Slc17a6
Q2KNE5	opn4a
Q3SX43	RRAGA
A7RR04	v1g236547
P62748	Hpcal1
Q25378	PKC1
Q8N137	CNTROB
P57716	Ncstn
P39963	CCNB3
O14972	VPS26C
Q5HZP1	rnaseh2b
Q6PBF0	rpl8
Q7YQL0	TSPAN7
Q5ZLK7	HYOU1
Q5TC63	GRTP1
O95602	POLR1A
D3ZMY7	Nt5c2
Q9VEN1	cher
Q8C0I1	Agps
P49748	ACADVL
Q9BZK7	TBL1XR1
Q86SQ4	ADGRG6
Q6DFV5	Helz
Q6P2Y2	daw1
Q8VE97	Srsf4
Q68CR1	SEL1L3
Q6P825	tomm40
P81134	ATP6AP2
Q03041	CNGA2
Q62377	Zrsr2
Q9Y2G3	ATP11B
Q6NX65	Pdcd10
P02887	dscC-1
P02887	dscC-2
A9CB27	ZNF259
Q04756	HGFAC
P04052	Polr2A
O48847	LUH
Q63406	Mcf2l
P79384	PCCB
Q9Y5P8	PPP2R3B
Q6P4S6	Sik3
P07700	ADRB1
Q9CZX8	Rps19
O97596	Slc20a1
Q9CPX6	Atg3
Q6DG88	atg4b
Q9UL03	INTS6
Q99MR8	Mccc1
O94888	UBXN7
P28715	ERCC5
O15085	ARHGEF11
P30154	PPP2R1B
Q28IE5	nit2
Q2KHV4	PARL
Q3SZI0	MPI
Q54N00	forH
F1QMY1	dynlt2b
A0A480NP79	CFAP45
Q7TPV2	Dzip3
Q6INF3	mrpl41-b
Q90Z05	vangl2-b
Q9VCA8	mask
Q5F415	TBC1D23
O15162	PLSCR1
Q5AB48	RBT4
P35520	CBS
O89026	Robo1
P42674	BP10
P56817	BACE1
Q60525	Wrap53
Q80UW2	Fbxo2
Q6GLB0	ppp1r11
Q9UKB3	DNAJC12
Q9JJ00	Plscr1
Q9ET22	Dpp7
Q8K3Y7	Tnfsf15
A1A4K8	U2AF1
Q07864	POLE
Q05AW9	smg9
O14681	EI24
Q6DRI7	ddx51
Q66HB3	Ift80
Q9GKY0	FSTL1
A4FUY7	MOCS2
P80229	SERPINB1
O35343	Kpna4
E9PUQ8	Dgkd
Q68FP9	Cog6
Q502K9	selenot2
Q8ISN9	RPS25
Q9JIM0	Mre11
F4JTE7	GPP1
Q0WW55	ZEU1
Q96KN3	PKNOX2
Q8JZZ6	Ammecr1l
Q6ZHE5	DCD1
P07919	UQCRH
Q9H0K1	SIK2
Q9BV81	EMC6
P0C6F1	Dnah2
P50532	smc4
Q4V7H1	stil
P38117	ETFB
O95831	AIFM1
Q8VEL0	Mospd1
Q9EP75	Cyp4f14
Q155Q3	DIXDC1
Q8IW92	GLB1L2
O54935	XRCC1
A6H6X4	KCTD4
Q17QZ4	TFDP1
O96838	fab1
O94826	TOMM70
Q4V838	ltv1
A0A8C0TYJ0	DLG1
Q8C1A5	Thop1
Q2KHV7	USP2
P54106	clns1a
O73787	tubgcp3
Q9V6Y3	mRpS16
Q9NVE7	PANK4
Q5RIV4	adat2
Q9H892	TTC12
Q32TG3	EFHC2
Q0E908	Hil
Q0E9H9	Dscam1
Q3MIE4	Vat1
Q5PQM9	Slc25a30
Q10751	ACE
P51464	ASL
Q8R2X8	Blzf1
Q8BMB3	Eif4e2
O55043	Arhgef7
Q9H0E3	SAP130
Q91Z92	B3galt6
Q80U62	Rubcn
O00222	GRM8
Q91ZN7	Chek1
O02751	CFDP2
H2QII6	RANBP2
P91891	Mo25
Q70VZ7	MOGAT1
P34528	K12H4.7
Q7M757	Brcc3dc
D6C652	yap1-a
Q91757	gsk3b
E7F590	vps41
Q9D099	Acer3
Q7TSA6	Proser3
P81908	BCHE
P70191	Traf5
Q9JLV5	Cul3
F7DP49	deup1
A7SLZ2	v1g246111
Q8BJW6	Eif2a
A7RR34	v1g200856
Q61069	Usf1
O15427	SLC16A3
Q9WTW8	Slc23a2
Q8NEA4	FBXO36
Q96MW5	COG8
P08397	HMBS
Q9D0M3	Cyc1
Q6NRQ1	b3galnt2
Q9FE17	SRT1
P57709	ATP2C1
P51863	Atp6v0d1
Q9VTC4	galla-2
Q99PL6	Ubxn6
Q9Z2R9	Eif2ak1
Q14AK4	Zdhhc11
Q2HJ94	DNAJA2
Q09225	nrf-6
Q9H5Z1	DHX35
Q9H0A8	COMMD4
A7YVD7	NDUFAF6
Q13951	CBFB
O62703	CTNNBL1
P57695	GLRA1
Q1RMU2	CYLD
Q9NXG6	P4HTM
F1QB30	amfra
Q9GKY8	JPH1
Q9NYG2	ZDHHC3
O15995	CYCE
P55859	PNP
Q8CDR2	Rsph6a
Q8NCC3	PLA2G15
Q2HJG5	VPS35
Q6NRC9	lrrcc1
Q9UKV3	ACIN1
Q9VM35	CG4502
P12955	PEPD
Q9CQT9	Rab5if
B6EPT4	rpsQ
O75131	CPNE3
Q9QXE0	Hacl1
P0DOC8	cfap418
P55841	RpL14
Q3SZ43	UBE2V2
P00169	CYB5A
Q9DE07	NBN
Q99J78	Def8
Q6PDL0	Dync1li2
Q6NVT7	foxc2
Q4R537	NOB1
P36110	PRY2
P48424	thsA
Q5ZLV4	NSUN2
O57409	dlb
Q503C8	nudcd1
P50264	FMS1
Q8IXH6	TP53INP2
Q5PQN9	Mrpl38
A1L252	ranbp9
Q3SXZ7	TTLL9
O60762	DPM1
Q2KIQ4	COQ2
Q9NUG6	PDRG1
B2RC85	RSPH10B2
Q93Y23	FMOGS-OX4
Q6DEL1	slc38a7
Q7ZV00	otud6b
A1A4P5	PFDN2
Q9NRS6	SNX15
Q5EA36	RBM14
Q1NZ26	F13E9.13
P05202	Got2
P97608	Oplah
Q7ZYI9	usb1
O94761	RECQL4
Q9Y5B9	SUPT16H
O75340	PDCD6
Q6ZMY6	WDR88
P19387	POLR2C
Q9VQ29	RFeSP
P0CG11	CHTF8
Q99MS8	Tpgs1
Q23236	ndx-3
Q9NRH2	SNRK
Q8TEX9	IPO4
Q8VCX2	Slc35c2
P60519	GABARAPL2
Q795M8	yugO
Q5XKA2	timm21
Q8R0A7	Kiaa0513
Q0VA77	enpp4
Q28GH3	uba2
Q5ZI16	ADAT1
A5PLL7	PEDS1
Q6EDY6	Carmil1
Q9Y2L5	TRAPPC8
Q9VZU4	ND-30
Q53F19	NCBP3
Q8CG07	Wrnip1
Q9UQM7	CAMK2A
Q61072	Adam9
P56616	ube2c
A7S6Y0	sys1
Q5XGC5	psmg2
P28476	GABRR2
Q6PJI9	WDR59
P08059	GPI
A1L244	sacm1lb
P70684	HPGD
A9JTG5	rbck1
Q9H6R0	DHX33
Q69YN4	VIRMA
Q5ZJ85	PRPF3
Q8BY98	Sowahd
Q6BDA0	ELF6
Q6P4W7	ric8a
Q61080	Foxf1
P56812	Pdcd5
Q9Y248	GINS2
P13686	ACP5
Q66J99	rbm18
Q96AY4	TTC28
Q0IIK5	DDX1
Q99MN1	Kars1
Q6B857	CFAP20
Q08CN9	znrf2
D0FH76	VPS4
Q8N8U2	CDYL2
Q86B47	CG8611
Q8CHP0	Zc3h3
Q4KLC4	ngdn-a
Q3UMR0	Ankrd27
A6NE52	WDR97
Q8NCL9	APCDD1L
U6A492	NCOA5
O75521	ECI2
Q8R3F5	Mcat
Q3UEG6	Agxt2
Q6DE14	e2f4
Q494V2	CFAP100
Q8CHJ1	Pigu
Q9D0A0	Det1
Q7L5N7	LPCAT2
P52503	Ndufs6
Q8NDA8	MROH1
Q6NYI0	herpud2
Q7ZY85	cnep1r1
O75191	XYLB
Q5EA70	TMEM229B
Q22708	sym-2
Q5MPP0	Fa2h
P23610	F8A1
P23610	F8A2
P23610	F8A3
Q9D4H1	Exoc2
Q501L1	pm20d2
Q61909	Runx1t1
Q7SYR1	osgep
Q9DCK3	Tspan4
F1QWW8	kdsr
Q9FZK4	NTF2A
A2RU48	SMCO3
Q6DEY8	tbc1d31
O95336	PGLS
Q86VM9	ZC3H18
O00750	PIK3C2B
Q96LJ7	DHRS1
Q5ZJN4	USP10
Q5R746	YTHDC2
Q0KL00	Piezo1
Q6DHF9	six1a
Q6IPM2	IQCE
O15091	PRORP
Q9Y5B0	CTDP1
Q8C190	Vps9d1
Q5RJU3	dnaaf19
A0A0B6VQ48	PAR
Q9H9A5	CNOT10
Q3TIX9	Usp39
Q6ZM19	eif6
E9Q4F7	Ankrd11
Q2KI24	MTHFSD
F1QXM5	ldhd
P17706	PTPN2
Q8C2L6	Tmem161b
P41044	Cbp53E
Q75QI0	CFDP1
O94842	TOX4
Q14703	MBTPS1
Q70E20	Sned1
Q9CQJ8	Ndufb9
Q9GZU8	PSME3IP1
Q7ZVE6	poglut2
Q9CY94	Gins3
Q17R09	DHX38
Q2TAA8	TSNAXIP1
Q6B4M5	Pard6a
A2VDS1	SCLY
Q1L659	F10
Q6UW63	POGLUT2
Q6Q137	SEPTIN7
Q96AN5	TMEM143
Q4R7K1	RNMT
Q8NG66	NEK11
Q502J7	dctn6
Q96I34	PPP1R16A
Q6PKX4	DOK6
Q5R9C4	SLC22A8
Q6NUB3	slc22a15
Q9JJ06	C1galt1
B6JCS1	rbfA
A1A4L5	ALKBH8
Q5R4M2	ULK4
Q5ZKG2	BRD7
Q3SZG6	CIBAR1
Q62381	Tll1
Q8R2N2	Utp4
Q3ZC10	SNRPD1
Q9CQ29	Rnf151
Q13884	SNTB1
Q8BJT9	Edem2
P97697	Impa1
Q8TAP6	CEP76
Q5XHZ9	Trip13
Q9JI13	Utp3
Q02127	DHODH
P28825	Mep1a
Q8NCN5	PDPR
Q9D9I4	Tbc1d20
O08623	Sqstm1
Q61006	Musk
P23434	GCSH
Q6P6Y1	relch
Q6PBF7	emc4
Q28165	PABPN1
Q8BG18	Necab1
Q6NYL5	gpt2l
Q5I3B1	DIO3
Q9Y2E8	SLC9A8
Q9WTK3	Gpaa1
P54278	PMS2
A2VDZ9	VAPB
Q53S33	BOLA3
Q58EX7	PLEKHG4
Q68F38	vac14
Q56X76	RH39
Q91X96	Rabif
O42357	rx2
Q5R822	NUP93
Q9UH92	MLX
B5FZ63	ENY2
Q92636	NSMAF
Q9NV56	MRGBP
Q3UHD2	Gfod1
Q9Z0E2	Chrd
P21369	pncA
Q68CZ1	RPGRIP1L
Q6DEZ7	esrp1
Q80W93	Hydin
O80874	NDA2
Q9D3R3	Cep72
P04394	NDUFV2
O75907	DGAT1
O61585	KATNB1
Q9Y236	OSGIN2
P10272	pol
Q6NSR8	Npepl1
Q6DDX7	arl2bp
P21329	jockey\pol
P68399	CSNK2A1
Q99547	MPHOSPH6
Q5ZMH6	METTL9
Q6YI46	TMEM64
A0JP85	cnot1
Q8C5T8	Cfap263
Q641G7	arpc4
Q5XK83	mcm4-a
Q5EA33	ANKRD49
Q6DRD9	abhd11
Q920A6	Scpep1
Q18515	C38H2.2
O75208	COQ9
Q9UKV8	AGO2
Q8TB96	ITFG1
Q9BQ70	TCF25
Q15306	IRF4
Q924T7	Rnf31
P04068	EPHX1
P28749	RBL1
P79381	EPHX1
Q9VKD3	Nfs1
Q5R5S1	FBXO21
Q02391	GLG1
A0A0R4IC37	cpsf1
O43314	PPIP5K2
Q76B49	CD63
Q9NZC7	WWOX
Q2NL82	TSR1
P97717	Adra1b
Q08465	YNG1
Q96PN6	ADCY10
Q8BH79	Ano10
Q9MYU4	ENTPD1
Q5RC80	RBM39
P62862	Fau
Q2TBR6	PFDN4
Q96RK4	BBS4
Q6QNK2	ADGRD1
Q6PHF0	chmp1a
Q16698	DECR1
Q6NYP0	tmem208
Q9VZV5	CG32486
Q9QWG7	Sult1b1
Q3T077	TPPP2
Q6DDT1	isyna1-b
Q6DFL0	ccdc102a
P57756	Fcn2
Q9D8B6	Fam210b
Q9CY50	Ssr1
Q6DJ25	med10
Q0P5Y3	Tppp2
Q3T0Z5	LENG1
Q2V2M9	FHOD3
Q58CW6	CARF
C3YFB4	BRAFLDRAFT_58504
P07379	Pck1
P07090	CALB2
Q3MHG0	COG4
O43747	AP1G1
P35816	PDP1
Q587J7	TDRD12
Q9YGS0	IRX4
Q8CGC6	Rbm28
Q9P2D1	CHD7
Q8CGC4	Lsm14b
Q6NRS2	slc66a2
Q5EA80	RABGGTA
O95841	ANGPTL1
Q9NQW6	ANLN
Q5I0E9	Slc47a1
Q8NBX0	SCCPDH
P41154	hsf1
Q6URK8	SPMIP8
O43897	TLL1
Q5R8E4	RMDN1
A1L1P9	slc47a1
A7RRJ0	FEN1
P55474	nolO
E9Q3T6	Prdm14
Q9CSU0	Rprd1b
A7MBE0	SLC22A1
A7RRG3	v1g232160
Q9GKX2	DHRS4
Q91XQ0	Dnah8
Q80UJ9	Setmar
Q6ZQQ6	WDR87
Q9JME7	Trappc2l
Q5F380	PIGM
P24046	GABRR1
Q66JZ4	TCAIM
Q9P2T1	GMPR2
Q8BGA9	Oxa1l
Q8N0Z6	TTC5
Q3ZAV8	Edc4
Q9GYZ0	KIF15
Q3TLD5	Uri1
Q99549	MPHOSPH8
Q5H8C1	FREM1
Q8JZQ2	Afg3l2
O43312	MTSS1
Q8QZR1	Tat
Q8K215	Lyrm4
K9IMD0	LTF
Q61503	Nt5e
Q6M0B9	MMP0352
P46413	Gss
Q3ZBG0	PSMA7
Q8CIG8	Prmt5
P80426	tf1
O42115	arx
Q6PGU2	maf1
Q8C0J6	Sowahc
Q80VP5	Mtrfr
Q98UK4	maf
O76082	SLC22A5
P47952	APRT
Q86T03	PIP4P1
P47937	Tacr3
P61800	aptx
O14662	STX16
Q8VHZ7	Imp4
A3KNI7	ccndbp1
Q8VEJ9	Vps4a
S4R2K0	Pdf
A5DCB6	PGUG_00921
A1ZAK1	IntS8
A7YY75	SEH1L
Q6GMG6	slc52a3b
A1L3F5	cmip
Q7T3C6	nudt21
Q5FVL2	Emc8
E7FDW8	tdrd7b
Q8R1Q3	Angptl7
P32244	Mc3r
Q60779	Gas8
Q8BM54	Mylip
Q9BVG8	KIFC3
Q3MHM5	TUBB4B
Q91766	hnf4a
Q9XF62	SSNA1
Q8TEB1	DCAF11
P97259	MGAT5
Q9C0B9	ZCCHC2
Q5FVM1	Tmem231
Q9CZX2	Cep89
Q9H7H0	METTL17
O00268	TAF4
Q502K2	samhd1
Q8R322	Gle1
Q8C863	Itch
Q8NDF8	TENT4B
Q9QXZ7	Nr2e3
Q3TMV7	Pyroxd1
Q99J56	Derl1
Q924N4	Slc12a6
Q566R7	dusp22b
Q15561	TEAD4
Q90Z10	rpl13
Q8BPU7	Elmo1
P98195	Atp9b
Q9VLM5	Dad1
Q290P4	mRpL52
P56475	Gabrr1
Q05975	RAB2
Q13523	PRP4K
Q969N2	PIGT
O93477	ahcy-b
Q921N6	Ddx27
Q1LVE8	sf3b3
Q61462	Cyba
Q0P6D2	DIPK1C
Q1RLQ5	dipk1a
Q9I9A7	cdt1
Q9D0S4	Neurl2
O00142	TK2
A0JP80	fitm2
Q96S44	TP53RK
Q8WYK1	CNTNAP5
Q14409	GK3
Q6IQ73	chmp4c
Q9Y345	SLC6A5
Q0V7M1	PSKH1
Q9D0R9	Wdr89
P56945	BCAR1
Q9SEH3	RABD2C
Q3ULF4	Spg7
Q7ZVX6	uba3
K0J107	MDH2
Q9D5J6	Shpk
Q174D3	MED19
Q8JHJ2	ddx55
Q9UQ35	SRRM2
Q9Z265	Chek2
Q7KZ85	SUPT6H
O16519	gad-1
Q5XGK0	spns1
Q9Y219	JAG2
Q8CFT2	Setd1b
E2QWQ2	NLK
Q12872	SFSWAP
Q7ZXF1	mtmr4
Q5M8K8	ift22
P63085	Mapk1
Q3MHL7	CCT6A
Q8VI36	Pxn
Q9Y4P3	TBL2
Q5F259	Ankrd13b
Q53RE8	ANKRD39
Q5ZIL9	Kifbp
Q5YCC5	Tmc7
O14578	CIT
Q14CX7	NAA25
Q8R4N0	Clybl
P57082	TBX4
Q9H6X4	TMEM134
Q6NW29	RWDD4
O00291	HIP1
A5PKJ4	MAPK7
Q5ZKJ5	MFSD13A
O35643	Ap1b1
Q8WTX7	CASTOR1
Q6P9F0	CCDC62
Q6Y288	B3GLCT
O54992	Mapkapk5
P00518	PHKG1
Q9NXB0	MKS1
P48612	pelo
Q5ZLD7	VPS53
D3YYI7	Rnf217
Q6GR25	pptc7
Q9QZ67	Ppm1d
Q9HA64	FN3KRP
Q7ZXK9	nle1
Q9BXI6	TBC1D10A
Q5RBL6	GOSR1
Q9UJV9	DDX41
Q5ZLG0	AACS
P53668	Limk1
P58875	SEC14L2
A7S338	v1g242515
O61492	Flo2
Q5ZML3	SRSF1
Q6NYA0	srsf1b
A4FUP9	Glt1d1
B6CJY4	TRAF6
Q8CJ11	Adgrg2
Q3T0E7	PPP1CA
Q7ZWB2	ubl4a
Q9YHZ6	cdc45
Q6AY62	Cyb5d2
Q9H0K6	PUS7L
Q8IZF6	ADGRG4
Q8N2C7	UNC80
Q5U3W0	cpped1
Q61976	MYCN
P42207	Septin1
Q8LB88	RGLG5
Q9R1S4	Xbp1
P29475	NOS1
Q9CXI0	Coq5
Q9CXS4	Cenpv
Q6QMZ4	RPL6
Q5RAS0	ACADS
P52555	Erp29
A0A0D1C8Z4	GRP1
Q80UK8	Ints2
Q7Z569	BRAP
Q6IP91	ppp4c
Q6GVH4	GGNBP2
Q86UW9	DTX2
Q4QQW8	Plbd2
P49951	CLTC
P62261	YWHAE
Q9V3D2	Coprox
Q6DC64	mettl16
A0JMH0	asphd2
Q9Z0J4	Nos1
A4QNN3	usp30
Q90XD2	AGMAT
Q5NVD7	ELMOD1
Q67BT3	Slc13a5
Q5R9T2	VPS37C
Q9P7L9	mrx14
P43690	drg1
Q91Y63	Slc13a3
P40937	RFC5
Q86YT5	SLC13A5
P29025	CHI1
Q7ZY56	heatr6
Q810B6	Ankfy1
P82861	fdxr
P18863	Hoxb8
P10038	mab-5
Q5FW48	aspdh
Q4KLT3	trmt44
Q6PCX9	Trim37
O95755	RAB36
D7A0Y2	Snov_0156
P61406	Smg6
Q8BFT9	Svop
Q9NQR1	KMT5A
Q9W0Y2	CG2811
Q9D2Z8	Kif12
A0A8J1M587	brip1.L
Q9Y3E5	PTRH2
Q7ZW00	agk
Q5ZJE4	RCJMB04_18o22
Q5ZJE4	SPRING
Q7ZU90	chd1l
Q24564	Mer
Q4V7D6	Nif3l1
O95721	SNAP29
Q9UJX3	ANAPC7
O97524	GUSB
P31228	DDO
Q62985	Sh2b1
A0A7E6FSU6	DDO
Q96BD0	SLCO4A1
Q7T0Q5	nol10
Q8VHI7	Ccdc65
Q922E4	Pcyt2
Q8AXX2	tbx1
O35550	Rabep1
Q68EQ9	vmp1
H9JAQ7	PNLDC1
Q6Q3F5	Sidt1
Q7ZXB1	mcm7-b
Q9Z2I7	Svop
P00919	CA2
Q15286	RAB35
Q6R2W3	SCAND3
Q9NRZ9	HELLS
A7S8T5	v1g187067
Q64417	CYP3A14
Q91XW8	Fkbp6
O70537	CYP3A31
A2AV36	prmt7
Q5FVR8	Tbccd1
Q8T3C8	mtp-18
P19440	GGT1
Q8CJ12	Adgrg2
Q9FKT5	THO3
P83876	TXNL4A
A8WFU8	kif22
Q8IYT8	ULK2
Q499P8	Rusf1
Q60928	Ggt1
P9WET8	Preu1
Q15735	INPP5J
A7SWH1	v1g194255
P26686	B52
Q5RAJ5	STK36
P22459	KCNA4
Q569L8	Cpap
Q13867	BLMH
Q1XA76	ASIC1
Q8BGF9	Slc25a44
Q9Y620	RAD54B
Q32PW3	taf2
Q61025	Ift20
A9RVK2	MEKK1b
Q5FWV6	tmem120a
Q921G8	Tubgcp2
O00170	AIP
Q8BR65	Suds3
Q9EQM6	Dgcr8
O42184	CLIP1
Q9UBQ0	VPS29
Q8N5U6	RNF10
Q8BNI4	Derl2
A5PJX7	SLC6A13
Q9NQG7	HPS4
Q2KHP8	tyw1
Q9R008	Mvk
Q9JJZ8	Cnga3
Q96HA9	PEX11G
Q5ZJ39	DENR
Q8WV93	AFG1L
Q9Y4C8	RBM19
A7SXK3	v1g194562
P53033	RFC2
Q253T6	dnaJ
O59816	lat1
Q8C1R0	Tssk5
Q3SZR8	SRSF3
O14983	ATP2A1
Q9K9H0	aceA
O44437	SmD3
Q5PR73	Diras2
P95329	mls
Q6ZQF0	Topbp1
Q5PPV2	tekt4
A2RUV0	notch1
P30711	GSTT1
D3ZWJ9	Fam234b
Q92979	EMG1
A2BIR6	ydjc
Q9VRP9	Bre1
Q8WPW2	SNZERR
Q54J48	pdx2
S8FIE4	LCC1
Q6L8S8	B4galnt3
Q9VZS7	hob
F1NXU8	SLC8B1
Q96J94	PIWIL1
P49119	CDK2AP1
O89032	Sh3pxd2a
Q13948	CUX1
P34022	Ranbp1
O42611	hira
Q5RAS1	FTSJ3
Q6P859	gpatch4
O88884	Akap1
Q9W704	rpain-a
Q2HZX7	fuz
Q3T0B6	C1QBP
P97526	Nf1
Q8WY54	PPM1E
Q13889	GTF2H3
A4FU69	EFCAB5
Q6PAY6	prodh2
Q6DGR4	hgh1
Q0BUQ2	tuf
Q6TLE6	orai1
P59997	Kdm2a
P18665	Mrpl3
Q1JQC6	SIRT4
Q8BPQ7	Sgsm1
Q5NVC7	RNF34
Q5NCR9	Nsrp1
Q5PPV3	morn3
Q92614	MYO18A
P51660	Hsd17b4
P62253	UBE2G1
O75771	RAD51D
P22059	OSBP
Q8UWA5	ca2
Q8R081	Hnrnpl
Q5SSL4	Abr
Q3MHP1	UBE2L3
Q08AX9	sanbr
Q54BU4	abcB1
O75140	DEPDC5
A0A6N3IN21	Sdsl
A0JNN3	MED31
Q24JY1	RPL23A
P53411	LHX1
Q9U5M4	TPM2
P62869	Elob
Q2TBX7	CCDC86
Q9Z0F6	Rad9a
P30839	Aldh3a2
Q9NRA8	EIF4ENIF1
Q61097	Ksr1
O75376	NCOR1
Q71RH2	TLCD3B
Q6PC78	rnf185
Q99PT3	Ino80b
Q96ES7	SGF29
Q96HE9	PRR11
B8JMH0	iba57
Q5EA42	ABHD2
P30437	cyp17a1
O73853	cyp17a1
B0JZ65	lrwd1
Q8WYL5	SSH1
Q29RU9	PIPOX
Q5R4Q7	LZTR1
P47990	XDH
Q8QFX1	RIMBP2
Q4V8T0	miox
Q96SZ5	ADO
P27694	RPA1
Q6NZQ0	Cfap119
P25325	MPST
Q9QXY6	Ehd3
Q6TGZ5	hpd
Q9H3F6	KCTD10
Q92624	APPBP2
Q96GX1	TCTN2
Q92616	GCN1
Q24192	RhoL
Q8IWL3	HSCB
Q9CQM5	Txndc17
Q3T0X9	POLD4
O75976	CPD
Q8K396	Mnd1
Q8N5S9	CAMKK1
Q9NWS8	RMND1
Q9D4G2	Hsf2bp
O60671	RAD1
Q9VYA8	Tango2
Q9CPV4	Glod4
Q5U3N0	plekha8
Q689Z5	Sbno1
Q4QR58	eif3c
Q2KN96	specc1l
P70500	Cdipt
P49326	FMO5
Q6DGQ0	supt4h1
Q9NXW9	ALKBH4
Q8VIP2	Mlxipl
Q9JHW4	Eefsec
Q6TJY3	RPS6KB1
B9DFR3	PAE9
O55125	Nipsnap1
Q6ZRS2	SRCAP
Q6GPQ5	dph1
Q6GPH4	XAF1
Q8TBY9	CFAP251
Q9ULV4	CORO1C
Q9BW91	NUDT9
Q6TEK8	vkorc1l1
Q9UBR1	UPB1
P0CB97	NDUFS8
Q6DJF8	mettl23
A5D6V4	Tmem17b
Q969V4	TEKT1
Q8CG76	Akr7a2
Q6PFJ7	smpd4
Q3UPR9	Sbspon
C0H8I2	setd6
Q3UF64	Rnft2
Q8VCM5	Mul1
Q7ZTI5	med21
Q99JB3	Fut9
Q8BNV1	Trmt2a
Q502P0	arl6ip4
O00468	AGRN
Q5ZI89	TRAPPC11
A6QQL0	SLC15A4
Q7ZVT5	rogdi
Q96DF8	ESS2
Q6DIT8	sbds
Q6DD27	taok3
Q9CQL5	Mrpl18
A6NIH7	UNC119B
Q15056	EIF4H
Q9UH36	SRRD
Q08CZ0	ube3b
P43125	rdgB
O65201	ACX2
Q9ES53	Ufd1
Q9H773	DCTPP1
Q95JT3	LRRC43
Q0IHW8	cluh
Q9BQA5	HINFP
Q9Y2S7	POLDIP2
Q04336	YMR196W
P58397	ADAMTS12
Q71F56	MED13L
A5WW08	chfr
Q8R3V6	Cuedc1
Q96QK8	SMIM14
Q08D68	znrf3
Q8TCT6	SPPL3
Q9BYB4	GNB1L
A0AUT1	tchp
P31689	DNAJA1
Q64230	Mep1a
O14874	BCKDK
P78972	slp1
Q8HZ58	CCHCR1
Q2KHU0	PSPH
Q5SPL2	Phf12
Q1JPS6	opn4l
Q3T035	ARPC3
Q80UN9	Trit1
Q2KHM9	KIAA0753
O76878	Rilpl
Q9XWN7	Y43F8C.13
Q5ZK40	SMARCB1
Q99J25	Mrm1
Q6P2Q9	PRPF8
Q08E38	PRPF19
Q99LC8	Eif2b1
Q9D995	Cntd1
Q6DDL7	unc93a
Q29496	CYP3A24
P29026	CHI1
Q64682	GRK2
P51577	P2rx4
Q9P1V8	SAMD15
Q63448	Acox3
A0A1L8HFX9	gas2l2.L
A3KGZ2	ogfod2
Q9Y6J8	STYXL1
Q9JKW1	Timm22
Q5REG1	SART3
O45228	prdh-1
Q9CQK1	Znhit3
Q9NZM6	PKD2L2
Q6GNG8	prkrip1
Q14161	GIT2
A2CEI4	nup88
Q0VAA2	LRRC74A
P70584	Acadsb
A2CEX1	zdhhc8b
Q9CWK3	Cd2bp2
Q13769	THOC5
P52301	ran
Q5SPX1	Ccdc157
Q65Z59	YPEL1
Q8IY37	DHX37
Q8AXV0	SH3GL1
Q29052	ITIH1
P50143	cct3
Q6PH18	nr2f1b
Q8BN59	Larp6
Q99963	SH3GL3
Q6PNC0	Dmxl1
Q13219	PAPPA
Q9Y2Y9	KLF13
P82458	Mid1
O95263	PDE8B
Q60632	Nr2f1
O35943	Fxn
Q8IY18	SMC5
Q13972	RASGRF1
Q29RM3	REEP5
P35448	thbs1
Q9NRW7	VPS45
Q5M868	Gba2
A0JNI4	SRR
Q6TXG9	Sfr1
Q3U827	Rnf180
Q86VS3	IQCH
Q8MJ50	OSTF1
Q96P56	CATSPER2
Q9NUP7	TRMT13
Q90YQ6	rps17
Q7Z4I7	LIMS2
Q8QGX4	PRKDC
P80585	TBCA
P24628	drd2-a
G5ECS8	adt-1
A0A250YGJ5	SIRT6
Q3B8C3	nr2c2ap
P34726	RAS-2
Q865R2	GPX1
Q497V5	Srbd1
P80912	HINT1
Q5RE70	INTS3
Q8BKJ9	Sirt7
P25705	ATP5F1A
Q1JPJ2	XPNPEP1
Q1LZA0	PIGB
Q3UKU1	Ell2
Q3T8J9	GON4L
Q8BGZ3	Dcaf12
Q9MZ03	CD38
Q568D2	cfap161
Q28104	COPE
P82908	KGD4
Q2F5J3	Pym
P86229	KRTCAP2
P00541	V-FPS
Q8R0J8	Idnk
Q8IW50	FAM219A
Q7Z401	DENND4A
Q1HPK6	tef2
F4JTS8	NOV
F1Q749	dkc1
Q9DBN9	Ddx59
Q9JHS4	Clpx
P24367	PPIB
A2BEA6	arid3a
P33198	IDH2
P17439	Gba1
A0A2B4SES9	STING3
O76840	mig-6
B7MIH3	ghrA
Q6NZ07	ncln
Q5T089	MORN1
Q5R416	CTNNA2
A8VU90	Ankle1
O35857	Timm44
Q9Y3Q4	HCN4
Q9Y3U8	RPL36
P36506	Map2k2
P24369	Ppib
Q02366	NDUFA6
Q8BUM3	Ptpn7
Q6ZRH7	CATSPERG
Q503I9	tent2
Q7TSS2	Ube2q1
Q99856	ARID3A
Q63251	Foxd1
Q5M7E9	hvcn1
P98156	Vldlr
Q5ZIQ3	HNRNPK
Q5FW37	apip
Q55DW4	abcG1
Q5E9E4	SSR2
A1L271	gnb5a
Q9UJZ1	STOML2
A0JMK9	chaf1a
O95363	FARS2
F1RCY6	upf1
Q5U231	zfr
Q5E9V4	METTL25B
Q80TE3	Marchf4
Q5F3D7	UTP15
Q9Z160	Cog1
Q9H857	NT5DC2
B4GFJ8	Ras85D
Q6NSJ0	MYORG
Q9Z309	Cib2
Q8JG64	PDIA3
A1L3F4	mex3b
Q7ZYC4	acsbg2
Q5ZK35	METTL14
Q5XIC4	Spg21
P54132	BLM
Q9D4F8	Tubgcp4
Q5EAD5	PGGT1B
P62753	RPS6
P50904	Rasa1
Q6DH02	mrpl24
Q8CG80	Shf
Q9UHI7	SLC23A1
Q8VEF1	Gramd1a
A2AM29	Mllt3
Q9UPW5	AGTPBP1
Q7L8A9	VASH1
Q6AZN6	pik3c3
Q5T1C6	THEM4
Q6DIE2	ncbp1
E1BNS6	SPAG8
B0K3L3	rplT
Q9VLU6	Sirup
Q02375	NDUFS4
Q6VVX2	CERT1
Q1RMR0	POLR3GL
P50211	ISL1
A0A0R4IFG5	cfap53
Q9ESW8	Pgpep1
Q2KJE4	ETFA
A6H8Z2	FAM221B
P59016	Vps33b
Q03601	nhl-1
A4IF78	TNFAIP8
Q6TFL3	CCDC171
Q9JME5	Ap3b2
Q8NC69	KCTD6
Q63041	A1m
Q96DH6	MSI2
Q9CR47	Nsa2
O95163	ELP1
A0JMA9	katnal2
Q9D534	Zc2hc1b
Q3UVC0	Ksr2
Q0BYD7	rpsK
Q6ZPY2	Smg5
P42026	NDUFS7
A4UTP7	MEF2C
Q6P161	MRPL54
Q8WXG9	ADGRV1
Q9GZX3	CHST6
Q9BXW7	HDHD5
Q92005	eef1a
Q3UVK0	Ermp1
Q7SY06	hacd3
Q9UMX0	UBQLN1
Q27975	HSPA1A
Q24322	Sema1a
Q9Y6G5	COMMD10
Q9Z123	Sema4f
Q3UZD5	Prdm6
Q2TBW7	SNX2
P20815	CYP3A5
P33268	CYP3A8
Q0VBZ0	CSK
A2Q0Z1	HSPA8
Q29RH3	NUDT12
O14646	CHD1
P38942	cat2
P51538	Cyp3a9
Q9JMA7	Cyp3a41a
Q9JMA7	Cyp3a41b
Q6DFB8	ttc37
O08740	Polr2j
Q8BP47	Nars1
Q96S82	UBL7
P10731	PAM
Q9VDR1	MED25
Q6IRP0	rnf126-b
Q3EAQ5	ZIFL2
Q9UBB5	MBD2
A0JN62	CEP120
Q8BHT7	Rgp1
Q810V0	Mphosph10
Q5BK68	Snapc3
Q8K2V6	Ipo11
Q2XQV4	ALDH2
Q96M60	FAM227B
Q56A10	Znf608
P05091	ALDH2
P11031	Sub1
A4Q9E8	Ttll6
Q28661	PROC
Q9W6S8	smn1
Q9QY53	Nphp1
Q66JT5	Tpgs2
Q92048	wnt2
Q6AYP6	Saxo1
P46940	IQGAP1
Q16566	CAMK4
P70473	Amacr
Q2KJJ9	FBP2
Q61532	Mapk6
P98198	ATP8B2
Q3ZCK9	PSMA4
P12890	pam-b
Q7Z2Z2	EFL1
Q26263	dpn
Q6AX53	glmp-a
Q99PA3	BSG
Q9D0R2	Tars1
Q5VT52	RPRD2
Q25197	HTK7
Q712K3	UBE2R2
Q5ZK44	ARB2A
Q6K1J1	UGT2B31
P43424	Galt
P36514	UGT2C1
O35239	Ptpn9
P20911	cdk7
I6V1W0	bmb
Q03249	Galt
E9PV86	Mctp1
Q6NUT3	MFSD12
Q9D9Z5	Dda1
Q27HK4	MTX1
Q2KIZ3	MCEE
Q9GL27	TBXT
Q8JFW4	adat3
Q5VST6	ABHD17B
P35462	DRD3
Q3KNY5	Riiad1
Q9VWH4	Idh3a
Q6PHE8	ccdc124
E7FGT5	focad
Q9BRQ0	PYGO2
Q7TMM8	Parp16
Q9ESJ4	Nckipsd
Q9Y6X3	MAU2
Q5ZIG3	SLC25A46
Q28CE7	slc30a5
Q3U829	Ap5z1
P33723	ypt-1
Q75N90	FBN3
P20269	ceh-5
Q6IQT4	cops2
A0AVT1	UBA6
A7RSH7	v1g240395
Q86YP4	GATAD2A
Q59HJ6	LONP1
A0A8J8	ANGPT2
P70615	Lmnb1
Q7TMA5	Apob
D4B2L8	ARB_02626
Q9CRB0	Snx24
G1U0Q2	RPS15
O95149	SNUPN
Q8IU60	DCP2
Q6CQW6	FMP52
B0VYX7	COX5A
P34329	C14B9.2
Q9Y6I4	USP3
Q9QYV8	Polg
P80311	PPIB
Q6NRK9	ccnq
Q8TEQ8	PIGO
P41114	TPM1
Q99735	MGST2
O00303	EIF3F
P49419	ALDH7A1
Q6PCX7	Rgma
D3ZQF9	Alox12e
Q1EG27	Myo3b
Q62441	Tle4
Q9BUI4	POLR3C
Q5M8V2	nudt17
P50583	NUDT2
Q95KV7	NDUFA13
Q62763	Csnk1g3
Q7ZTZ2	rsl24d1
P82922	DAP3
Q8CFI0	Nedd4l
Q5ZJD3	LSG1
Q7TT79	Mcph1
O08949	Gtf2a1
P37380	RPL17
A2A2Y4	FRMD3
Q9Y3D8	AK6
Q9HCF6	TRPM3
Q96SY0	INTS14
Q8WUQ7	CACTIN
E0CZ16	Klhl3
Q9DCT6	Bacc1
Q6DBR9	kxd1
Q1LWH4	fan1
Q99M02	Marchf2
Q5RC24	UQCRB
B2RUR8	Otud7b
Q32LQ4	bhmt
Q4R8R3	CCDC112
A2AM05	Cntln
Q8VE09	Ttc39c
O15945	tgo
P60840	Ensa
Q9QWW1	Homer2
Q8BUN9	Slc24a2
Q9CRA5	Golph3
P0C6P5	Arhgef28
Q9R1P4	Psma1
Q5TYW4	nbas
Q9UI17	DMGDH
Q9DE46	pola1
Q6DRL5	mybbp1a
Q8CH02	Sugp1
O75928	PIAS2
P24043	LAMA2
Q12965	MYO1E
Q2NLB0	khdc4
Q9BY12	SCAPER
Q6NTJ7	slc50a1
P59889	slc39a1
Q62862	Map2k5
Q569Z5	Ddx46
Q7YTC2	otp
B5X1G3	gpr89
Q8RYE9	At2g33255
Q8IUZ0	LRRC49
Q9I4G8	loxA
Q8K021	Scamp1
P51813	BMX
B2RW38	Cfap58
Q5ZIG2	SLU7
I6LDA6	ipgm-1
Q8R3N1	Nop14
Q5ZHS0	ABRAXAS1
P33731	SRP72
Q9M0R5	ATL36
P31401	VHA55
Q7ZV90	pif1
Q6P816	ykt6
P34947	GRK5
Q5R4M8	ALDH18A1
Q58CS7	CHMP3
Q5EA43	SFXN2
Q8C156	Ncaph
H3BCW1	adprs
Q91288	FGFR4
Q6PBN5	aup1
Q9IAV3	hhex
Q6PD19	Armh3
Q9DBV3	Dhx34
A1L2U9	zbtb8a.1-b
O94864	SUPT7L
P61257	RPL26
A8E7C5	inpp5f
O46419	LIPT1
Q9GZN8	ADISSP
Q6GLJ0	slc25a28-a
Q9MAU5	At1g04970
Q2TBT5	RNASEH2A
P70399	Tp53bp1
Q86Y37	CACUL1
Q32M84	BTBD16
E9PVX6	Mki67
Q9NQZ5	STARD7
Q969Q5	RAB24
Q9NTM9	CUTC
Q08C76	ssuh2
O17185	sup-9
E9Q236	Abcc4
Q5BJP5	Tmem230
Q63028	Add1
Q14185	DOCK1
Q8CGF7	Tcerg1
Q9VD92	Archease
Q9MZD1	SLC17A5
Q6INC8	slc17a7
Q5S007	LRRK2
Q8JJ64	hmx3
A7SA47	v1g168210
Q8BUL6	Plekha1
Q8BP78	Fra10ac1
Q283Q6	dbf4b
Q8AW42	slc39a13
Q28E28	ppp1r3b
Q1LZE1	KCMF1
F1R4Y7	cep83
P18460	FGFR3
P52792	Gck
Q2TBI1	NSMCE4A
Q8R087	B4galt7
Q9H013	ADAM19
Q0VCR1	RTF2
Q99LZ3	Gins4
Q9UMX1	SUFU
Q6GLB9	emx1
A2TLM1	RPIA
A7SK48	v1g190699
Q5ZLL8	GPAT3
Q9GZV8	PRDM14
E9Q6J5	Bod1l
Q10B63	FAHD2
Q9LMG7	PAP2
Q99K43	Prc1
Q8QHI3	arl3
Q05195	MXD1
A6QQ47	VPS51
Q80UG1	Fads6
Q6VVD7	sox8
Q3TZI6	Ccnj
P49354	FNTA
P30974	TkR86C
Q3T0S0	TMEM128
Q8WY21	SORCS1
Q925N0	Sfxn5
Q8N371	KDM8
Q708S8	asic1b
Q9UHX1	PUF60
Q7Z6R9	TFAP2D
Q3TWN3	Cnnm2
Q0VCJ7	RERG
Q6P7W0	Senp6
Q8BJM3	R3hcc1l
J9VHE9	UHF1
Q5ZKD5	RRP12
Q9YHB5	ncapg
Q9CYR6	Pgm3
Q9R0D8	Wdr54
P70118	PDX1
Q18775	dop-4
Q9UGI0	ZRANB1
Q4KM79	Dusp11
P09070	hoxb4
O75494	SRSF10
Q9D119	Ppp1r27
Q7M323	PLG
Q9DGM7	mvp
Q9LXF8	AVT1J
Q95JJ0	POMK
Q63398	Ebf1
A8E7G4	dennd10
Q5E9S2	NFYA
Q80X19	Col14a1
Q804S6	emx1
O69060	htxA
Q58DA0	PSMD4
O46644	CELA1
Q8BTQ0	PcgF3
Q8BZW8	Nhlrc2
Q7L273	KCTD9
Q5F450	PAN2
Q8IYW2	CFAP46
Q6ZQN7	SLCO4C1
Q8C6K9	Col6a6
Q0MW30	Neurl1b
A6NMZ7	COL6A6
O94844	RHOBTB1
Q298P4	Pde6
A2ANX9	Znf711
P08154	Egr1
Q5ZK33	LETM1
P05099	MATN1
Q6DIY3	ppp2r2d
Q1EQW7	ldb2
Q9UGP5	POLL
Q38961	SNM1
P11348	Qdpr
Q5ZJJ8	UBLCP1
Q3SWX2	ACOT9
Q7TT36	Adgra3
Q99NF1	Bco2
Q9D0U9	Arv1
Q5VJS5	Dnaaf4
P50129	HTR2A
A5D794	GAPVD1
Q8R0I4	Tm2d2
Q922L6	Nelfcd
O77784	IDH3B
Q6NYD4	mak16
Q9YGP6	slbp2
Q767K6	DHX16
Q61823	Pdcd4
Q6PCJ1	dctn1
Q2M1K5	Pced1b
D6REC4	CFAP99
Q6PE18	pi4k2a
Q5EA55	GOLGA7
Q6GX84	Fignl1
Q6GLT8	fahd2
Q3ZCF5	OAT
P41564	IDH3G
Q9H7T0	CATSPERB
P00504	GOT1
Q49AM3	TTC31
Q5PPX5	rnf170
Q2KIP2	HASPIN
Q0IJ33	tmem129
P67962	CSNK1A1
Q32LQ6	mfsd1
Q6NTV9	nhp2
Q9H5P4	PDZD7
Q1L8X9	slc17a8
Q99L00	Haus8
Q3KR73	Kansl3
Q6A051	Atrnl1
Q8N9F7	GDPD1
Q6IND7	lrp2bp
Q6GLR6	fgf1
Q15544	TAF11
Q5ZIZ2	SMYD5
Q9UK59	DBR1
Q99KL7	Rab28
O43301	HSPA12A
Q9GR88	ERF1
A5D992	SPRY1
Q800K6	topbp1-A
Q5ZLG8	TAPT1
Q9Y5R2	MMP24
Q5ZMV3	DR1
Q4R3G4	RNF17
A8E5W8	cimip2b
Q9QZS2	Rnf4
Q6DIF4	wdr1
P52732	KIF11
P40692	MLH1
Q9P2W9	STX18
Q90788	NKX-2.5
B7ZC77	Ctnna2
Q9NZM1	MYOF
P13086	Suclg1
Q9BZH6	WDR11
Q5XJ54	glrx3
Q9JJG9	Noa1
Q6INN8	samhd1
Q0IHY4	tbc1d12
Q8R3B7	Brd8
P0AF49	yjbQ
F1Q4R9	meox1
Q6DG43	ubtd2
Q3URV1	Tbc1d32
A2AAY5	Sh3pxd2b
Q9D172	Gatd3
Q5U4F6	Dync2i2
O96028	NSD2
Q5ZLT0	XPO7
Q494W8	CHRFAM7A
Q80UM7	Mogs
A8WQK3	acr-16
P32297	CHRNA3
Q9SVG0	AVT3C
P49256	LMAN2
P97931	Ung
Q2EG98	Pkd1l3
P54185	a5
Q8NB25	FAM184A
Q32KV6	SIL1
Q6R5A3	Trpv1
Q9R1W3	Rnf103
A7Z035	CLINT1
Q9NQW7	XPNPEP1
Q6PBU0	fam136a
Q7TT23	Dnaaf9
A0A3B6UES5	VIN1
D3ZV31	Zcchc4
Q7L5Y9	MAEA
Q9HD40	SEPSECS
Q0IHQ8	stk10
Q8CCN1	Nlrp10
Q99614	TTC1
P55772	Entpd1
O15034	RIMBP2
Q7TN31	Aggf1
Q9Z1Z1	Eif2ak3
Q6PBQ2	chmp7
P23475	Xrcc6
Q8N7B6	PACRGL
Q29RL1	CFAP206
O43143	DHX15
Q3TX08	Trmt1
Q0VD50	NMNAT1
Q7JQD3	AM
Q7SXN4	cpeb4
Q6NXK8	Asic1
Q9QYZ9	Prss30
Q08DG6	COX15
Q5FVR4	Eri1
Q9VIH7	sky
Q5EA50	RABEPK
Q6GNY7	ppt2-b
O43464	HTRA2
P23591	Gfus
Q8C9S4	Ccdc186
Q16651	PRSS8
Q9UKB1	FBXW11
Q9Y2D4	EXOC6B
P61162	ACTR1A
O93309	smc3
Q9D0B6	Pbdc1
Q6PEM8	Slc46a1
Q9NZI2	KCNIP1
O19071	MGAT2
O94941	UBOX5
Q9LPC6	KINUB
O43156	TTI1
A7MBD1	CDC25A
B2LU20	SFXN1
Q9D6K7	Ttc33
Q14690	PDCD11
Q9BST9	RTKN
Q96NC0	ZMAT2
Q14642	INPP5A
Q8VI84	Noc3l
Q6PI53	med24
Q9H8W5	TRIM45
Q9D6Z1	Nop56
Q8CI43	Myl6b
Q9PTL2	SPRY2
Q0VCA0	FGF18
Q27245	lap-2
Q6SJP8	fgf17
O75643	SNRNP200
Q8R3N6	Thoc1
P10675	FAS1
D3ZAT9	Faxc
Q8VCD6	Reep2
Q6NZC7	Sec23ip
Q3ZC24	MARCHF5
Q7SYE0	atg13
Q6TEN6	wdr91
H9D1R1	Txndc12
Q9H871	RMND5A
Q6GNI0	bccip
Q6DHV7	MAPDA
Q08DD7	SNX11
Q4G055	Rnpc3
Q8K368	Fanci
Q5ZJK8	CCT7
Q3ZCH0	HSPA9
Q99895	CTRC
O35382	Exoc4
F1N9S8	CARNMT1
Q61586	Gpam
Q9STS3	APC8
Q9Y6Z7	COLEC10
Q8CDG5	Crebrf
Q08288	Lyar
A1L258	d2hgdh
A0A1L8GXY4	cfap43
Q5ZJT0	SUPV3L1
Q99704	DOK1
Q5RA03	SHTN1
Q6NY77	zgc:77082
Q2W6V3	prfA
Q8R1V4	Tmed4
O14639	ABLIM1
Q9PW71	DUSP4
Q708S7	asic1a
O14924	RGS12
Q5RD78	HECTD2
A5PJW8	POLR2B
Q969X5	ERGIC1
Q62302	Tex261
Q5ZIX8	KDM3A
Q7ZYP6	mcmbp
Q8WU08	STK32A
Q9Y227	ENTPD4
A6H7G2	DBNL
Q62849	Pcsk7
P55075	FGF8
Q01085	TIAL1
A0JPG1	fhip2a
P28738	Kif5c
Q9VBP3	Tnks
Q54UC9	kif3
Q708S3	asic4b
P24585	deg-1
Q8VIJ5	Oga
Q5XFW6	Wdr6
A0M5C6	obg
O94903	PLPBP
F1QN54	kif3b
Q3UJZ3	Armc7
P82917	MRPS18C
Q4R7D3	SAXO1
Q9JM04	Ipo13
Q8K194	Snrnp27
Q7TS68	Nsun6
Q05AU4	mmgt1-b
Q7ZWF4	rnf145
Q5R9R1	EDRF1
Q95K68	RGS8
Q3SZZ7	FGL1
