"","ID","Description","GeneRatio","BgRatio","RichFactor","FoldEnrichment","zScore","pvalue","p.adjust","qvalue","geneID","Count"
"GO:0008233","GO:0008233","peptidase activity","21/80","250/6213",0.084,6.52365,10.1809425442825,2.62027352282003e-12,5.90777060371988e-09,5.64136559249118e-09,"XLOC-016755#KLKB1-HUMAN#P03952/XLOC-003066#KLKB1-MOUSE#P26262/XLOC-015868#XLOC-015868/XLOC-027061#PRSS8-HUMAN#Q16651/XLOC-026524#KLKB1-RAT#P14272/XLOC-008889#CATZ-BOVIN#P05689/gene-evm.model.ptg000055l.299#TPP1-DANRE#F8W2M8/gene-evm.model.ptg000027l.443#PCP-PONAB#Q5RBU7/XLOC-003023#FCN2-MOUSE#O70497/XLOC-020049#TSSP-HUMAN#Q9NQE7/XLOC-018112#ATS2-MOUSE#Q8C9W3/XLOC-020392#PRSS8-RAT#Q9ES87/XLOC-015621#TPC12-MOUSE#Q8K2L8/gene-evm.model.ptg000035l.378#TRLF-DESRO#K9IMD0/XLOC-026168#CTRB1-MOUSE#Q9CR35/XLOC-000223#BMP1-MOUSE#P98063/XLOC-014474#TMPS5-HUMAN#Q9H3S3/XLOC-012512#MLRP1-ACRMI#B3EWZ5/XLOC-000900#NAS4-CAEEL#P55112/gene-evm.model.ptg000009l.493#GGH-HUMAN#Q92820/XLOC-026683#ADA19-HUMAN#Q9H013",21
"GO:0008236","GO:0008236","serine-type peptidase activity","12/80","58/6213",0.206896551724138,16.0681034482759,13.1668775274905,4.91904296729382e-12,5.90777060371988e-09,5.64136559249118e-09,"XLOC-016755#KLKB1-HUMAN#P03952/XLOC-003066#KLKB1-MOUSE#P26262/XLOC-027061#PRSS8-HUMAN#Q16651/XLOC-026524#KLKB1-RAT#P14272/gene-evm.model.ptg000055l.299#TPP1-DANRE#F8W2M8/gene-evm.model.ptg000027l.443#PCP-PONAB#Q5RBU7/XLOC-003023#FCN2-MOUSE#O70497/XLOC-020049#TSSP-HUMAN#Q9NQE7/XLOC-020392#PRSS8-RAT#Q9ES87/gene-evm.model.ptg000035l.378#TRLF-DESRO#K9IMD0/XLOC-000223#BMP1-MOUSE#P98063/XLOC-014474#TMPS5-HUMAN#Q9H3S3",12
"GO:0017171","GO:0017171","serine hydrolase activity","12/80","61/6213",0.19672131147541,15.277868852459,12.7980669360832,9.31898547057796e-12,7.46140103344275e-09,7.12493661066294e-09,"XLOC-016755#KLKB1-HUMAN#P03952/XLOC-003066#KLKB1-MOUSE#P26262/XLOC-027061#PRSS8-HUMAN#Q16651/XLOC-026524#KLKB1-RAT#P14272/gene-evm.model.ptg000055l.299#TPP1-DANRE#F8W2M8/gene-evm.model.ptg000027l.443#PCP-PONAB#Q5RBU7/XLOC-003023#FCN2-MOUSE#O70497/XLOC-020049#TSSP-HUMAN#Q9NQE7/XLOC-020392#PRSS8-RAT#Q9ES87/gene-evm.model.ptg000035l.378#TRLF-DESRO#K9IMD0/XLOC-000223#BMP1-MOUSE#P98063/XLOC-014474#TMPS5-HUMAN#Q9H3S3",12
"GO:0004175","GO:0004175","endopeptidase activity","15/80","140/6213",0.107142857142857,8.32098214285714,10.0058954222616,1.75368281390625e-10,1.0530865297507e-07,1.00559864513203e-07,"XLOC-003066#KLKB1-MOUSE#P26262/XLOC-015868#XLOC-015868/XLOC-027061#PRSS8-HUMAN#Q16651/XLOC-026524#KLKB1-RAT#P14272/XLOC-008889#CATZ-BOVIN#P05689/gene-evm.model.ptg000055l.299#TPP1-DANRE#F8W2M8/XLOC-003023#FCN2-MOUSE#O70497/XLOC-018112#ATS2-MOUSE#Q8C9W3/XLOC-020392#PRSS8-RAT#Q9ES87/XLOC-015621#TPC12-MOUSE#Q8K2L8/gene-evm.model.ptg000035l.378#TRLF-DESRO#K9IMD0/XLOC-000223#BMP1-MOUSE#P98063/XLOC-014474#TMPS5-HUMAN#Q9H3S3/XLOC-012512#MLRP1-ACRMI#B3EWZ5/XLOC-000900#NAS4-CAEEL#P55112",15
"GO:0031012","GO:0031012","extracellular matrix","11/80","98/6213",0.112244897959184,8.7172193877551,8.79427189178547,3.62919245301718e-08,1.48820040190432e-05,1.4210914920678e-05,"XLOC-024306#AGRIN-HUMAN#O00468/gene-evm.model.ptg000004l.110#SODC-ONCVO#P24706/XLOC-008889#CATZ-BOVIN#P05689/XLOC-000011#NID2-RAT#B5DFC9/gene-evm.model.ptg000005l.77#PLOD1-CHICK#P24802/XLOC-013453#FCN1-PIG#Q29042/XLOC-006017#CADN-ACRMI#B3EWZ3/XLOC-018112#ATS2-MOUSE#Q8C9W3/XLOC-019944#FCN1-HUMAN#O00602/XLOC-008027#CATZ-RAT#Q9R1T3/XLOC-000920#RB6I2-RAT#Q811U3",11
"GO:0030198","GO:0030198","extracellular matrix organization","12/80","122/6213",0.0983606557377049,7.63893442622951,8.45781593214932,3.7174031687868e-08,1.48820040190432e-05,1.4210914920678e-05,"XLOC-027061#PRSS8-HUMAN#Q16651/XLOC-026524#KLKB1-RAT#P14272/XLOC-000011#NID2-RAT#B5DFC9/gene-evm.model.ptg000005l.77#PLOD1-CHICK#P24802/XLOC-026157#AP2D-HUMAN#Q7Z6R9/XLOC-013453#FCN1-PIG#Q29042/XLOC-018112#ATS2-MOUSE#Q8C9W3/XLOC-020392#PRSS8-RAT#Q9ES87/gene-evm.model.ptg000035l.378#TRLF-DESRO#K9IMD0/XLOC-000223#BMP1-MOUSE#P98063/XLOC-019944#FCN1-HUMAN#O00602/XLOC-026683#ADA19-HUMAN#Q9H013",12
"GO:0004252","GO:0004252","serine-type endopeptidase activity","8/80","44/6213",0.181818181818182,14.1204545454545,9.9745214547222,6.45198619388407e-08,2.21395297681565e-05,2.11411697992081e-05,"XLOC-003066#KLKB1-MOUSE#P26262/XLOC-027061#PRSS8-HUMAN#Q16651/XLOC-026524#KLKB1-RAT#P14272/XLOC-003023#FCN2-MOUSE#O70497/XLOC-020392#PRSS8-RAT#Q9ES87/gene-evm.model.ptg000035l.378#TRLF-DESRO#K9IMD0/XLOC-000223#BMP1-MOUSE#P98063/XLOC-014474#TMPS5-HUMAN#Q9H3S3",8
"GO:0043062","GO:0043062","extracellular structure organization","12/80","152/6213",0.0789473684210526,6.13125,7.3147091310423,4.27849374509646e-07,0.000128461774696521,0.000122668919349542,"XLOC-027061#PRSS8-HUMAN#Q16651/XLOC-026524#KLKB1-RAT#P14272/XLOC-000011#NID2-RAT#B5DFC9/gene-evm.model.ptg000005l.77#PLOD1-CHICK#P24802/XLOC-026157#AP2D-HUMAN#Q7Z6R9/XLOC-013453#FCN1-PIG#Q29042/XLOC-018112#ATS2-MOUSE#Q8C9W3/XLOC-020392#PRSS8-RAT#Q9ES87/gene-evm.model.ptg000035l.378#TRLF-DESRO#K9IMD0/XLOC-000223#BMP1-MOUSE#P98063/XLOC-019944#FCN1-HUMAN#O00602/XLOC-026683#ADA19-HUMAN#Q9H013",12
"GO:0005615","GO:0005615","extracellular space","16/80","309/6213",0.0517799352750809,4.02135922330097,6.22203806361278,1.41256165809714e-06,0.000376997011416593,0.000359996707952477,"XLOC-015868#XLOC-015868/XLOC-027061#PRSS8-HUMAN#Q16651/gene-evm.model.ptg000004l.110#SODC-ONCVO#P24706/XLOC-020938#SPB6-MOUSE#Q60854/XLOC-026524#KLKB1-RAT#P14272/XLOC-008889#CATZ-BOVIN#P05689/XLOC-012475#BGAL-FELCA#O19015/gene-evm.model.ptg000005l.77#PLOD1-CHICK#P24802/XLOC-018112#ATS2-MOUSE#Q8C9W3/XLOC-020392#PRSS8-RAT#Q9ES87/gene-evm.model.ptg000035l.378#TRLF-DESRO#K9IMD0/XLOC-002962#LIPP-ICTTR#O88354/XLOC-024417#HEPHL-ACRMI#B3EWZ9/XLOC-014474#TMPS5-HUMAN#Q9H3S3/XLOC-010998#MA2B1-MACFA#Q60HE9/XLOC-012520#GPX2-PONPY#Q4AEI0",16
"GO:0022617","GO:0022617","extracellular matrix disassembly","5/80","25/6213",0.2,15.5325,8.31494571315813,1.3548480582523e-05,0.00325434503592203,0.00310759359887554,"XLOC-027061#PRSS8-HUMAN#Q16651/XLOC-026524#KLKB1-RAT#P14272/XLOC-020392#PRSS8-RAT#Q9ES87/gene-evm.model.ptg000035l.378#TRLF-DESRO#K9IMD0/XLOC-000223#BMP1-MOUSE#P98063",5
"GO:0005764","GO:0005764","lysosome","14/80","290/6213",0.0482758620689655,3.74922413793103,5.47598835143357,1.58445770518687e-05,0.00342856697614626,0.00327395917482042,"XLOC-015868#XLOC-015868/gene-evm.model.ptg000004l.110#SODC-ONCVO#P24706/XLOC-020938#SPB6-MOUSE#Q60854/XLOC-008889#CATZ-BOVIN#P05689/gene-evm.model.ptg000055l.299#TPP1-DANRE#F8W2M8/XLOC-012475#BGAL-FELCA#O19015/gene-evm.model.ptg000027l.443#PCP-PONAB#Q5RBU7/XLOC-020049#TSSP-HUMAN#Q9NQE7/XLOC-002968#GILT-DANRE#Q5XJN2/XLOC-023863#PLBL2-RAT#Q4QQW8/XLOC-012867#MLP3A-BOVIN#Q2HJ23/XLOC-003485#CTNS-HUMAN#O60931/XLOC-010998#MA2B1-MACFA#Q60HE9/XLOC-003833#NAGAB-CHICK#Q90744",14
"GO:0000323","GO:0000323","lytic vacuole","14/80","292/6213",0.0479452054794521,3.72354452054795,5.44443238650553,1.71285610798315e-05,0.00342856697614626,0.00327395917482042,"XLOC-015868#XLOC-015868/gene-evm.model.ptg000004l.110#SODC-ONCVO#P24706/XLOC-020938#SPB6-MOUSE#Q60854/XLOC-008889#CATZ-BOVIN#P05689/gene-evm.model.ptg000055l.299#TPP1-DANRE#F8W2M8/XLOC-012475#BGAL-FELCA#O19015/gene-evm.model.ptg000027l.443#PCP-PONAB#Q5RBU7/XLOC-020049#TSSP-HUMAN#Q9NQE7/XLOC-002968#GILT-DANRE#Q5XJN2/XLOC-023863#PLBL2-RAT#Q4QQW8/XLOC-012867#MLP3A-BOVIN#Q2HJ23/XLOC-003485#CTNS-HUMAN#O60931/XLOC-010998#MA2B1-MACFA#Q60HE9/XLOC-003833#NAGAB-CHICK#Q90744",14
"GO:0005604","GO:0005604","basement membrane","6/80","45/6213",0.133333333333333,10.355,7.19286817338975,2.0587760567131e-05,0.0038039846832499,0.00363244779560959,"XLOC-024306#AGRIN-HUMAN#O00468/XLOC-000011#NID2-RAT#B5DFC9/XLOC-013453#FCN1-PIG#Q29042/XLOC-006017#CADN-ACRMI#B3EWZ3/XLOC-019944#FCN1-HUMAN#O00602/XLOC-000920#RB6I2-RAT#Q811U3",6
"GO:0005773","GO:0005773","vacuole","15/80","352/6213",0.0426136363636364,3.30948153409091,5.09476550685075,3.34171873308098e-05,0.00573343456918608,0.0054748910672056,"XLOC-015868#XLOC-015868/gene-evm.model.ptg000004l.110#SODC-ONCVO#P24706/XLOC-020938#SPB6-MOUSE#Q60854/XLOC-008889#CATZ-BOVIN#P05689/gene-evm.model.ptg000055l.299#TPP1-DANRE#F8W2M8/XLOC-012475#BGAL-FELCA#O19015/gene-evm.model.ptg000027l.443#PCP-PONAB#Q5RBU7/XLOC-020049#TSSP-HUMAN#Q9NQE7/XLOC-002968#GILT-DANRE#Q5XJN2/XLOC-023863#PLBL2-RAT#Q4QQW8/XLOC-012867#MLP3A-BOVIN#Q2HJ23/XLOC-003485#CTNS-HUMAN#O60931/XLOC-010998#MA2B1-MACFA#Q60HE9/XLOC-003833#NAGAB-CHICK#Q90744/gene-evm.model.ptg000009l.493#GGH-HUMAN#Q92820",15
"GO:0072376","GO:0072376","protein activation cascade","4/80","17/6213",0.235294117647059,18.2735294117647,8.14468091590802,5.34109418357897e-05,0.00855287215263779,0.00816718893053935,"XLOC-027061#PRSS8-HUMAN#Q16651/XLOC-026524#KLKB1-RAT#P14272/gene-evm.model.ptg000027l.443#PCP-PONAB#Q5RBU7/XLOC-003023#FCN2-MOUSE#O70497",4
"GO:0030195","GO:0030195","negative regulation of blood coagulation","4/80","20/6213",0.2,15.5325,7.43411070560695,0.000105578998662783,0.0140889308215558,0.0134536045664447,"XLOC-027061#PRSS8-HUMAN#Q16651/XLOC-026524#KLKB1-RAT#P14272/XLOC-020392#PRSS8-RAT#Q9ES87/gene-evm.model.ptg000035l.378#TRLF-DESRO#K9IMD0",4
"GO:0050819","GO:0050819","negative regulation of coagulation","4/80","20/6213",0.2,15.5325,7.43411070560695,0.000105578998662783,0.0140889308215558,0.0134536045664447,"XLOC-027061#PRSS8-HUMAN#Q16651/XLOC-026524#KLKB1-RAT#P14272/XLOC-020392#PRSS8-RAT#Q9ES87/gene-evm.model.ptg000035l.378#TRLF-DESRO#K9IMD0",4
"GO:1900047","GO:1900047","negative regulation of hemostasis","4/80","20/6213",0.2,15.5325,7.43411070560695,0.000105578998662783,0.0140889308215558,0.0134536045664447,"XLOC-027061#PRSS8-HUMAN#Q16651/XLOC-026524#KLKB1-RAT#P14272/XLOC-020392#PRSS8-RAT#Q9ES87/gene-evm.model.ptg000035l.378#TRLF-DESRO#K9IMD0",4
"GO:0070613","GO:0070613","regulation of protein processing","5/80","41/6213",0.121951219512195,9.47103658536585,6.21498037705116,0.000162655618361065,0.0195349397651639,0.0186540311794084,"XLOC-027061#PRSS8-HUMAN#Q16651/XLOC-026524#KLKB1-RAT#P14272/XLOC-008889#CATZ-BOVIN#P05689/XLOC-002398#SVEP1-DANRE#A0A1D5NSM8/XLOC-012512#MLRP1-ACRMI#B3EWZ5",5
"GO:1903317","GO:1903317","regulation of protein maturation","5/80","41/6213",0.121951219512195,9.47103658536585,6.21498037705116,0.000162655618361065,0.0195349397651639,0.0186540311794084,"XLOC-027061#PRSS8-HUMAN#Q16651/XLOC-026524#KLKB1-RAT#P14272/XLOC-008889#CATZ-BOVIN#P05689/XLOC-002398#SVEP1-DANRE#A0A1D5NSM8/XLOC-012512#MLRP1-ACRMI#B3EWZ5",5
"GO:0004222","GO:0004222","metalloendopeptidase activity","5/80","43/6213",0.116279069767442,9.03052325581395,6.03475613032647,0.000204769969684471,0.0234217841515286,0.0223656022026297,"XLOC-018112#ATS2-MOUSE#Q8C9W3/XLOC-020392#PRSS8-RAT#Q9ES87/XLOC-000223#BMP1-MOUSE#P98063/XLOC-012512#MLRP1-ACRMI#B3EWZ5/XLOC-000900#NAS4-CAEEL#P55112",5
"GO:0007597","GO:0007597","blood coagulation, intrinsic pathway","3/80","10/6213",0.3,23.29875,8.05942137107299,0.000231173493341047,0.025239942318418,0.024101772344026,"XLOC-027061#PRSS8-HUMAN#Q16651/XLOC-026524#KLKB1-RAT#P14272/gene-evm.model.ptg000027l.443#PCP-PONAB#Q5RBU7",3
"GO:0061045","GO:0061045","negative regulation of wound healing","4/80","26/6213",0.153846153846154,11.9480769230769,6.38864403821317,0.000307199331327954,0.0317496100537582,0.0303178931185149,"XLOC-027061#PRSS8-HUMAN#Q16651/XLOC-026524#KLKB1-RAT#P14272/XLOC-020392#PRSS8-RAT#Q9ES87/gene-evm.model.ptg000035l.378#TRLF-DESRO#K9IMD0",4
"GO:0030323","GO:0030323","respiratory tube development","7/80","103/6213",0.0679611650485437,5.27803398058252,4.99995933009026,0.000330449729951688,0.0317496100537582,0.0303178931185149,"XLOC-008889#CATZ-BOVIN#P05689/gene-evm.model.ptg000005l.77#PLOD1-CHICK#P24802/XLOC-013453#FCN1-PIG#Q29042/XLOC-019944#FCN1-HUMAN#O00602/XLOC-024417#HEPHL-ACRMI#B3EWZ9/novel-gene-chr14-11626#novel-gene-chr14-11626/XLOC-002903#FZD1-XENLA#Q9I9M5",7
"GO:0030324","GO:0030324","lung development","7/80","103/6213",0.0679611650485437,5.27803398058252,4.99995933009026,0.000330449729951688,0.0317496100537582,0.0303178931185149,"XLOC-008889#CATZ-BOVIN#P05689/gene-evm.model.ptg000005l.77#PLOD1-CHICK#P24802/XLOC-013453#FCN1-PIG#Q29042/XLOC-019944#FCN1-HUMAN#O00602/XLOC-024417#HEPHL-ACRMI#B3EWZ9/novel-gene-chr14-11626#novel-gene-chr14-11626/XLOC-002903#FZD1-XENLA#Q9I9M5",7
"GO:0016485","GO:0016485","protein processing","7/80","105/6213",0.0666666666666667,5.1775,4.93044170834919,0.000371860873592187,0.0343542237834013,0.0328050543950355,"XLOC-027061#PRSS8-HUMAN#Q16651/XLOC-026524#KLKB1-RAT#P14272/XLOC-008889#CATZ-BOVIN#P05689/XLOC-018112#ATS2-MOUSE#Q8C9W3/XLOC-000223#BMP1-MOUSE#P98063/gene-evm.model.ptg000027l.83#CEL3B-MOUSE#Q9CQ52/XLOC-010359#IMP1L-HUMAN#Q96LU5",7
"GO:0008237","GO:0008237","metallopeptidase activity","6/80","77/6213",0.0779220779220779,6.05162337662338,5.09398763102712,0.000432105832632858,0.0384414151845972,0.0367079379846782,"XLOC-018112#ATS2-MOUSE#Q8C9W3/XLOC-020392#PRSS8-RAT#Q9ES87/XLOC-000223#BMP1-MOUSE#P98063/XLOC-012512#MLRP1-ACRMI#B3EWZ5/XLOC-000900#NAS4-CAEEL#P55112/XLOC-026683#ADA19-HUMAN#Q9H013",6
"GO:0051917","GO:0051917","regulation of fibrinolysis","3/80","13/6213",0.230769230769231,17.9221153846154,6.97516873607791,0.00053579565289208,0.0459636127945278,0.0438909296109716,"XLOC-027061#PRSS8-HUMAN#Q16651/XLOC-026524#KLKB1-RAT#P14272/gene-evm.model.ptg000035l.378#TRLF-DESRO#K9IMD0",3
"GO:0051604","GO:0051604","protein maturation","8/80","150/6213",0.0533333333333333,4.142,4.44869119975467,0.00063773099694555,0.0523490496292232,0.0499884215531257,"XLOC-027061#PRSS8-HUMAN#Q16651/XLOC-026524#KLKB1-RAT#P14272/XLOC-008889#CATZ-BOVIN#P05689/XLOC-018112#ATS2-MOUSE#Q8C9W3/XLOC-000223#BMP1-MOUSE#P98063/gene-evm.model.ptg000027l.83#CEL3B-MOUSE#Q9CQ52/novel-gene-chr14-11626#novel-gene-chr14-11626/XLOC-010359#IMP1L-HUMAN#Q96LU5",8
"GO:0010951","GO:0010951","negative regulation of endopeptidase activity","5/80","55/6213",0.0909090909090909,7.06022727272727,5.15554579230679,0.000655999002156132,0.0523490496292232,0.0499884215531257,"XLOC-020938#SPB6-MOUSE#Q60854/XLOC-026157#AP2D-HUMAN#Q7Z6R9/gene-evm.model.ptg000035l.378#TRLF-DESRO#K9IMD0/XLOC-002398#SVEP1-DANRE#A0A1D5NSM8/novel-gene-chr14-11626#novel-gene-chr14-11626",5
"GO:0072378","GO:0072378","blood coagulation, fibrin clot formation","3/80","14/6213",0.214285714285714,16.6419642857143,6.69142669038386,0.000675612214198968,0.0523490496292232,0.0499884215531257,"XLOC-027061#PRSS8-HUMAN#Q16651/XLOC-026524#KLKB1-RAT#P14272/gene-evm.model.ptg000027l.443#PCP-PONAB#Q5RBU7",3
"GO:0008238","GO:0008238","exopeptidase activity","5/80","56/6213",0.0892857142857143,6.93415178571429,5.0943915579328,0.000713123205262566,0.0535288105950214,0.0511149823772083,"XLOC-008889#CATZ-BOVIN#P05689/gene-evm.model.ptg000055l.299#TPP1-DANRE#F8W2M8/gene-evm.model.ptg000027l.443#PCP-PONAB#Q5RBU7/XLOC-020049#TSSP-HUMAN#Q9NQE7/gene-evm.model.ptg000009l.493#GGH-HUMAN#Q92820",5
"GO:0010466","GO:0010466","negative regulation of peptidase activity","5/80","57/6213",0.087719298245614,6.8125,5.03472000055551,0.000773892206725649,0.0563299721380306,0.0537898283398784,"XLOC-020938#SPB6-MOUSE#Q60854/XLOC-026157#AP2D-HUMAN#Q7Z6R9/gene-evm.model.ptg000035l.378#TRLF-DESRO#K9IMD0/XLOC-002398#SVEP1-DANRE#A0A1D5NSM8/novel-gene-chr14-11626#novel-gene-chr14-11626",5
"GO:0032963","GO:0032963","collagen metabolic process","3/80","15/6213",0.2,15.5325,6.43553134431789,0.000836705372188033,0.059110773646931,0.0564452323838305,"gene-evm.model.ptg000005l.77#PLOD1-CHICK#P24802/XLOC-018112#ATS2-MOUSE#Q8C9W3/XLOC-020392#PRSS8-RAT#Q9ES87",3
"GO:0030193","GO:0030193","regulation of blood coagulation","4/80","35/6213",0.114285714285714,8.87571428571428,5.33610365599044,0.000985393299579594,0.0628383450144527,0.0600047126458182,"XLOC-027061#PRSS8-HUMAN#Q16651/XLOC-026524#KLKB1-RAT#P14272/XLOC-020392#PRSS8-RAT#Q9ES87/gene-evm.model.ptg000035l.378#TRLF-DESRO#K9IMD0",4
"GO:0060425","GO:0060425","lung morphogenesis","4/80","35/6213",0.114285714285714,8.87571428571428,5.33610365599044,0.000985393299579594,0.0628383450144527,0.0600047126458182,"XLOC-008889#CATZ-BOVIN#P05689/gene-evm.model.ptg000005l.77#PLOD1-CHICK#P24802/XLOC-013453#FCN1-PIG#Q29042/XLOC-019944#FCN1-HUMAN#O00602",4
"GO:1900046","GO:1900046","regulation of hemostasis","4/80","35/6213",0.114285714285714,8.87571428571428,5.33610365599044,0.000985393299579594,0.0628383450144527,0.0600047126458182,"XLOC-027061#PRSS8-HUMAN#Q16651/XLOC-026524#KLKB1-RAT#P14272/XLOC-020392#PRSS8-RAT#Q9ES87/gene-evm.model.ptg000035l.378#TRLF-DESRO#K9IMD0",4
"GO:0002673","GO:0002673","regulation of acute inflammatory response","3/80","16/6213",0.1875,14.56171875,6.20309184391679,0.00102027287908562,0.0628383450144527,0.0600047126458182,"XLOC-027061#PRSS8-HUMAN#Q16651/XLOC-026524#KLKB1-RAT#P14272/XLOC-002398#SVEP1-DANRE#A0A1D5NSM8",3
"GO:0071711","GO:0071711","basement membrane organization","3/80","16/6213",0.1875,14.56171875,6.20309184391679,0.00102027287908562,0.0628383450144527,0.0600047126458182,"XLOC-000011#NID2-RAT#B5DFC9/gene-evm.model.ptg000005l.77#PLOD1-CHICK#P24802/XLOC-026157#AP2D-HUMAN#Q7Z6R9",3
"GO:0010717","GO:0010717","regulation of epithelial to mesenchymal transition","4/80","36/6213",0.111111111111111,8.62916666666667,5.2428059904666,0.00109781146556564,0.0643156863485038,0.0614154347488452,"XLOC-020938#SPB6-MOUSE#Q60854/XLOC-001851#TBX20-MOUSE#Q9ES03/XLOC-010474#SDHF2-CULQU#B0XK69/XLOC-002354#DAB2P-MOUSE#Q3UHC7",4
"GO:0050818","GO:0050818","regulation of coagulation","4/80","36/6213",0.111111111111111,8.62916666666667,5.2428059904666,0.00109781146556564,0.0643156863485038,0.0614154347488452,"XLOC-027061#PRSS8-HUMAN#Q16651/XLOC-026524#KLKB1-RAT#P14272/XLOC-020392#PRSS8-RAT#Q9ES87/gene-evm.model.ptg000035l.378#TRLF-DESRO#K9IMD0",4
"GO:0043394","GO:0043394","proteoglycan binding","4/80","37/6213",0.108108108108108,8.39594594594595,5.15305978920249,0.00121894056277626,0.0685663513251055,0.0654744202363841,"XLOC-003023#FCN2-MOUSE#O70497/XLOC-013453#FCN1-PIG#Q29042/XLOC-019944#FCN1-HUMAN#O00602/XLOC-002903#FZD1-XENLA#Q9I9M5",4
"GO:0045545","GO:0045545","syndecan binding","3/80","17/6213",0.176470588235294,13.7051470588235,5.99063262157222,0.00122745757992487,0.0685663513251055,0.0654744202363841,"XLOC-013453#FCN1-PIG#Q29042/XLOC-019944#FCN1-HUMAN#O00602/XLOC-002903#FZD1-XENLA#Q9I9M5",3
"GO:0008015","GO:0008015","blood circulation","8/80","168/6213",0.0476190476190476,3.69821428571429,4.04908748497099,0.00133787938086166,0.0730360516552204,0.0697425638970705,"gene-evm.model.ptg000004l.110#SODC-ONCVO#P24706/XLOC-008889#CATZ-BOVIN#P05689/gene-evm.model.ptg000005l.77#PLOD1-CHICK#P24802/gene-evm.model.ptg000027l.443#PCP-PONAB#Q5RBU7/gene-evm.model.ptg000035l.378#TRLF-DESRO#K9IMD0/XLOC-022444#SNTB1-HUMAN#Q13884/XLOC-025017#CP3AO-SHEEP#Q29496/XLOC-001851#TBX20-MOUSE#Q9ES03",8
"GO:0003013","GO:0003013","circulatory system process","8/80","171/6213",0.0467836257309941,3.63333333333333,3.98784037408916,0.00149877537287566,0.0800012987921632,0.0763937201753467,"gene-evm.model.ptg000004l.110#SODC-ONCVO#P24706/XLOC-008889#CATZ-BOVIN#P05689/gene-evm.model.ptg000005l.77#PLOD1-CHICK#P24802/gene-evm.model.ptg000027l.443#PCP-PONAB#Q5RBU7/gene-evm.model.ptg000035l.378#TRLF-DESRO#K9IMD0/XLOC-022444#SNTB1-HUMAN#Q13884/XLOC-025017#CP3AO-SHEEP#Q29496/XLOC-001851#TBX20-MOUSE#Q9ES03",8
"GO:0061041","GO:0061041","regulation of wound healing","5/80","67/6213",0.0746268656716418,5.79570895522388,4.50731776247473,0.00161484032609677,0.0841672550159908,0.0803718167666611,"XLOC-027061#PRSS8-HUMAN#Q16651/XLOC-026524#KLKB1-RAT#P14272/XLOC-020392#PRSS8-RAT#Q9ES87/gene-evm.model.ptg000035l.378#TRLF-DESRO#K9IMD0/XLOC-015776#RET-HUMAN#P07949",5
"GO:0001968","GO:0001968","fibronectin binding","3/80","19/6213",0.157894736842105,12.2625,5.61500618054021,0.00171698396993487,0.0841672550159908,0.0803718167666611,"XLOC-013453#FCN1-PIG#Q29042/gene-evm.model.ptg000035l.378#TRLF-DESRO#K9IMD0/XLOC-019944#FCN1-HUMAN#O00602",3
"GO:0010954","GO:0010954","positive regulation of protein processing","3/80","19/6213",0.157894736842105,12.2625,5.61500618054021,0.00171698396993487,0.0841672550159908,0.0803718167666611,"XLOC-027061#PRSS8-HUMAN#Q16651/XLOC-026524#KLKB1-RAT#P14272/XLOC-012512#MLRP1-ACRMI#B3EWZ5",3
"GO:1903319","GO:1903319","positive regulation of protein maturation","3/80","19/6213",0.157894736842105,12.2625,5.61500618054021,0.00171698396993487,0.0841672550159908,0.0803718167666611,"XLOC-027061#PRSS8-HUMAN#Q16651/XLOC-026524#KLKB1-RAT#P14272/XLOC-012512#MLRP1-ACRMI#B3EWZ5",3
"GO:0043202","GO:0043202","lysosomal lumen","4/80","41/6213",0.0975609756097561,7.57682926829268,4.82524947611112,0.00179764904380634,0.0863590600644565,0.0824647845569265,"gene-evm.model.ptg000055l.299#TPP1-DANRE#F8W2M8/XLOC-012475#BGAL-FELCA#O19015/XLOC-002968#GILT-DANRE#Q5XJN2/XLOC-010998#MA2B1-MACFA#Q60HE9",4
"GO:0031638","GO:0031638","zymogen activation","3/80","21/6213",0.142857142857143,11.0946428571429,5.29187243564721,0.00231338283559531,0.106860491751922,0.102041724671299,"XLOC-027061#PRSS8-HUMAN#Q16651/XLOC-026524#KLKB1-RAT#P14272/gene-evm.model.ptg000027l.83#CEL3B-MOUSE#Q9CQ52",3
"GO:0060602","GO:0060602","branch elongation of an epithelium","3/80","21/6213",0.142857142857143,11.0946428571429,5.29187243564721,0.00231338283559531,0.106860491751922,0.102041724671299,"XLOC-026157#AP2D-HUMAN#Q7Z6R9/XLOC-013453#FCN1-PIG#Q29042/XLOC-019944#FCN1-HUMAN#O00602",3
"GO:0002526","GO:0002526","acute inflammatory response","3/80","22/6213",0.136363636363636,10.5903409090909,5.14623031116721,0.00265397301963217,0.115809541905047,0.110587226351329,"XLOC-027061#PRSS8-HUMAN#Q16651/XLOC-026524#KLKB1-RAT#P14272/gene-evm.model.ptg000027l.443#PCP-PONAB#Q5RBU7",3
"GO:0004866","GO:0004866","endopeptidase inhibitor activity","3/80","22/6213",0.136363636363636,10.5903409090909,5.14623031116721,0.00265397301963217,0.115809541905047,0.110587226351329,"XLOC-020938#SPB6-MOUSE#Q60854/XLOC-026157#AP2D-HUMAN#Q7Z6R9/gene-evm.model.ptg000035l.378#TRLF-DESRO#K9IMD0",3
"GO:0030414","GO:0030414","peptidase inhibitor activity","3/80","22/6213",0.136363636363636,10.5903409090909,5.14623031116721,0.00265397301963217,0.115809541905047,0.110587226351329,"XLOC-020938#SPB6-MOUSE#Q60854/XLOC-026157#AP2D-HUMAN#Q7Z6R9/gene-evm.model.ptg000035l.378#TRLF-DESRO#K9IMD0",3
"GO:0051346","GO:0051346","negative regulation of hydrolase activity","7/80","147/6213",0.0476190476190476,3.69821428571429,3.78101270251048,0.00269997266722841,0.115809541905047,0.110587226351329,"XLOC-020938#SPB6-MOUSE#Q60854/XLOC-026157#AP2D-HUMAN#Q7Z6R9/gene-evm.model.ptg000035l.378#TRLF-DESRO#K9IMD0/XLOC-002398#SVEP1-DANRE#A0A1D5NSM8/XLOC-025616#ELL2-MOUSE#Q3UKU1/novel-gene-chr14-11626#novel-gene-chr14-11626/XLOC-002354#DAB2P-MOUSE#Q3UHC7",7
"GO:1903035","GO:1903035","negative regulation of response to wounding","4/80","46/6213",0.0869565217391304,6.75326086956522,4.47280786538833,0.00275922533644233,0.116274723826921,0.111031431359332,"XLOC-027061#PRSS8-HUMAN#Q16651/XLOC-026524#KLKB1-RAT#P14272/XLOC-020392#PRSS8-RAT#Q9ES87/gene-evm.model.ptg000035l.378#TRLF-DESRO#K9IMD0",4
"GO:0006687","GO:0006687","glycosphingolipid metabolic process","3/80","23/6213",0.130434782608696,10.1298913043478,5.0096621164227,0.00302396255665712,0.125233759673972,0.1195864684384,"XLOC-012475#BGAL-FELCA#O19015/XLOC-025592#GBA2-RAT#Q5M868/XLOC-003833#NAGAB-CHICK#Q90744",3
"GO:0090090","GO:0090090","negative regulation of canonical Wnt signaling pathway","5/80","79/6213",0.0632911392405063,4.91534810126582,3.99978156468384,0.00334251092051248,0.136079851374084,0.129943466472733,"XLOC-020196#FRMD8-RAT#Q5U2R3/novel-gene-chr14-11626#novel-gene-chr14-11626/XLOC-002903#FZD1-XENLA#Q9I9M5/XLOC-010474#SDHF2-CULQU#B0XK69/XLOC-002354#DAB2P-MOUSE#Q3UHC7",5
"GO:0060441","GO:0060441","epithelial tube branching involved in lung morphogenesis","3/80","24/6213",0.125,9.7078125,4.88122338541077,0.00342414840877013,0.137018219321174,0.130839519655041,"XLOC-008889#CATZ-BOVIN#P05689/XLOC-013453#FCN1-PIG#Q29042/XLOC-019944#FCN1-HUMAN#O00602",3
"GO:0004553","GO:0004553","hydrolase activity, hydrolyzing O-glycosyl compounds","4/80","49/6213",0.0816326530612245,6.33979591836735,4.28563932748822,0.00347964670216138,0.137018219321174,0.130839519655041,"XLOC-012475#BGAL-FELCA#O19015/XLOC-025592#GBA2-RAT#Q5M868/XLOC-010998#MA2B1-MACFA#Q60HE9/XLOC-003833#NAGAB-CHICK#Q90744",4
"GO:0045861","GO:0045861","negative regulation of proteolysis","6/80","116/6213",0.0517241379310345,4.01702586206896,3.74605513212376,0.00363601551549263,0.140866278519569,0.134514054469583,"XLOC-020938#SPB6-MOUSE#Q60854/XLOC-008889#CATZ-BOVIN#P05689/XLOC-026157#AP2D-HUMAN#Q7Z6R9/gene-evm.model.ptg000035l.378#TRLF-DESRO#K9IMD0/XLOC-002398#SVEP1-DANRE#A0A1D5NSM8/novel-gene-chr14-11626#novel-gene-chr14-11626",6
"GO:0061135","GO:0061135","endopeptidase regulator activity","3/80","25/6213",0.12,9.3195,4.76010258803503,0.00385528328350944,0.146990324555392,0.140361942769709,"XLOC-020938#SPB6-MOUSE#Q60854/XLOC-026157#AP2D-HUMAN#Q7Z6R9/gene-evm.model.ptg000035l.378#TRLF-DESRO#K9IMD0",3
"GO:0050808","GO:0050808","synapse organization","8/80","200/6213",0.04,3.1065,3.45823971544476,0.00398438181435629,0.149538829970059,0.142795525879644,"XLOC-000011#NID2-RAT#B5DFC9/XLOC-013453#FCN1-PIG#Q29042/XLOC-019944#FCN1-HUMAN#O00602/XLOC-022444#SNTB1-HUMAN#Q13884/XLOC-007156#KALRN-MOUSE#A2CG49/XLOC-000920#RB6I2-RAT#Q811U3/novel-gene-chr14-11626#novel-gene-chr14-11626/XLOC-002903#FZD1-XENLA#Q9I9M5",8
"GO:0005775","GO:0005775","vacuolar lumen","5/80","83/6213",0.0602409638554217,4.67846385542169,3.85300468096589,0.00413757258933577,0.152899220916685,0.14600438335486,"XLOC-020938#SPB6-MOUSE#Q60854/gene-evm.model.ptg000055l.299#TPP1-DANRE#F8W2M8/XLOC-012475#BGAL-FELCA#O19015/XLOC-002968#GILT-DANRE#Q5XJN2/XLOC-010998#MA2B1-MACFA#Q60HE9",5
"GO:0030162","GO:0030162","regulation of proteolysis","11/80","344/6213",0.0319767441860465,2.48339389534884,3.23279293726199,0.00428872801330252,0.154086953780865,0.147138556592535,"XLOC-027061#PRSS8-HUMAN#Q16651/XLOC-020938#SPB6-MOUSE#Q60854/XLOC-026524#KLKB1-RAT#P14272/XLOC-008889#CATZ-BOVIN#P05689/XLOC-026157#AP2D-HUMAN#Q7Z6R9/gene-evm.model.ptg000035l.378#TRLF-DESRO#K9IMD0/XLOC-002398#SVEP1-DANRE#A0A1D5NSM8/XLOC-000920#RB6I2-RAT#Q811U3/XLOC-012512#MLRP1-ACRMI#B3EWZ5/novel-gene-chr14-11626#novel-gene-chr14-11626/XLOC-002354#DAB2P-MOUSE#Q3UHC7",11
"GO:0007613","GO:0007613","memory","6/80","120/6213",0.05,3.883125,3.64219119890888,0.00429801244934137,0.154086953780865,0.147138556592535,"XLOC-007156#KALRN-MOUSE#A2CG49/XLOC-003485#CTNS-HUMAN#O60931/XLOC-021538#RPGP1-HUMAN#P47736/XLOC-014474#TMPS5-HUMAN#Q9H3S3/XLOC-000920#RB6I2-RAT#Q811U3/XLOC-002354#DAB2P-MOUSE#Q3UHC7",6
"GO:0048678","GO:0048678","response to axon injury","4/80","53/6213",0.0754716981132075,5.86132075471698,4.05906579098027,0.00462604629836022,0.163408282480312,0.15603954928989,"gene-evm.model.ptg000004l.110#SODC-ONCVO#P24706/XLOC-013453#FCN1-PIG#Q29042/XLOC-019944#FCN1-HUMAN#O00602/XLOC-014474#TMPS5-HUMAN#Q9H3S3",4
"GO:0006664","GO:0006664","glycolipid metabolic process","4/80","57/6213",0.0701754385964912,5.45,3.85453832300594,0.00600317944111729,0.205994814536625,0.196705684243528,"XLOC-012475#BGAL-FELCA#O19015/XLOC-025592#GBA2-RAT#Q5M868/XLOC-002962#LIPP-ICTTR#O88354/XLOC-003833#NAGAB-CHICK#Q90744",4
"GO:1903509","GO:1903509","liposaccharide metabolic process","4/80","57/6213",0.0701754385964912,5.45,3.85453832300594,0.00600317944111729,0.205994814536625,0.196705684243528,"XLOC-012475#BGAL-FELCA#O19015/XLOC-025592#GBA2-RAT#Q5M868/XLOC-002962#LIPP-ICTTR#O88354/XLOC-003833#NAGAB-CHICK#Q90744",4
"GO:0050878","GO:0050878","regulation of body fluid levels","7/80","171/6213",0.0409356725146199,3.17916666666667,3.30006410703897,0.00621059490202253,0.210110548657156,0.200635823447103,"XLOC-027061#PRSS8-HUMAN#Q16651/XLOC-026524#KLKB1-RAT#P14272/gene-evm.model.ptg000027l.443#PCP-PONAB#Q5RBU7/XLOC-026157#AP2D-HUMAN#Q7Z6R9/XLOC-020392#PRSS8-RAT#Q9ES87/gene-evm.model.ptg000035l.378#TRLF-DESRO#K9IMD0/XLOC-007156#KALRN-MOUSE#A2CG49",7
"GO:0003401","GO:0003401","axis elongation","3/80","30/6213",0.1,7.76625,4.2426116373955,0.00649859009073516,0.216144883201541,0.20639804570584,"XLOC-026157#AP2D-HUMAN#Q7Z6R9/XLOC-013453#FCN1-PIG#Q29042/XLOC-019944#FCN1-HUMAN#O00602",3
"GO:0016798","GO:0016798","hydrolase activity, acting on glycosyl bonds","4/80","59/6213",0.0677966101694915,5.26525423728814,3.75938165336974,0.00678421038759881,0.216144883201541,0.20639804570584,"XLOC-012475#BGAL-FELCA#O19015/XLOC-025592#GBA2-RAT#Q5M868/XLOC-010998#MA2B1-MACFA#Q60HE9/XLOC-003833#NAGAB-CHICK#Q90744",4
"GO:0031639","GO:0031639","plasminogen activation","2/80","10/6213",0.2,15.5325,5.25247115085456,0.00689100673084086,0.216144883201541,0.20639804570584,"XLOC-027061#PRSS8-HUMAN#Q16651/XLOC-026524#KLKB1-RAT#P14272",2
"GO:0060447","GO:0060447","bud outgrowth involved in lung branching","2/80","10/6213",0.2,15.5325,5.25247115085456,0.00689100673084086,0.216144883201541,0.20639804570584,"XLOC-013453#FCN1-PIG#Q29042/XLOC-019944#FCN1-HUMAN#O00602",2
"GO:1900746","GO:1900746","regulation of vascular endothelial growth factor signaling pathway","2/80","10/6213",0.2,15.5325,5.25247115085456,0.00689100673084086,0.216144883201541,0.20639804570584,"XLOC-018112#ATS2-MOUSE#Q8C9W3/XLOC-002354#DAB2P-MOUSE#Q3UHC7",2
"GO:0008344","GO:0008344","adult locomotory behavior","5/80","94/6213",0.0531914893617021,4.13098404255319,3.49324293252425,0.00701044430316603,0.216144883201541,0.20639804570584,"XLOC-026157#AP2D-HUMAN#Q7Z6R9/XLOC-004982#ENDOU-XENTR#B1H3D5/XLOC-007156#KALRN-MOUSE#A2CG49/XLOC-003485#CTNS-HUMAN#O60931/XLOC-000920#RB6I2-RAT#Q811U3",5
"GO:0031099","GO:0031099","regeneration","6/80","133/6213",0.0451127819548872,3.50357142857143,3.33317604647237,0.00707181829571641,0.216144883201541,0.20639804570584,"XLOC-027061#PRSS8-HUMAN#Q16651/XLOC-026524#KLKB1-RAT#P14272/XLOC-013453#FCN1-PIG#Q29042/gene-evm.model.ptg000035l.378#TRLF-DESRO#K9IMD0/XLOC-019944#FCN1-HUMAN#O00602/XLOC-014474#TMPS5-HUMAN#Q9H3S3",6
"GO:0031103","GO:0031103","axon regeneration","3/80","31/6213",0.0967741935483871,7.51572580645161,4.15339639252969,0.00712889679834645,0.216144883201541,0.20639804570584,"XLOC-013453#FCN1-PIG#Q29042/XLOC-019944#FCN1-HUMAN#O00602/XLOC-014474#TMPS5-HUMAN#Q9H3S3",3
"GO:0001227","GO:0001227","DNA-binding transcription repressor activity, RNA polymerase II-specific","4/80","60/6213",0.0666666666666667,5.1775,3.71340964332324,0.00719883041470577,0.216144883201541,0.20639804570584,"XLOC-026157#AP2D-HUMAN#Q7Z6R9/XLOC-001851#TBX20-MOUSE#Q9ES03/novel-gene-chr14-11626#novel-gene-chr14-11626/XLOC-014541#HES4A-XENLA#Q90Z12",4
"GO:0030178","GO:0030178","negative regulation of Wnt signaling pathway","5/80","96/6213",0.0520833333333333,4.044921875,3.43373492024543,0.0076527388793686,0.22228288536707,0.212259260797952,"XLOC-020196#FRMD8-RAT#Q5U2R3/novel-gene-chr14-11626#novel-gene-chr14-11626/XLOC-002903#FZD1-XENLA#Q9I9M5/XLOC-010474#SDHF2-CULQU#B0XK69/XLOC-002354#DAB2P-MOUSE#Q3UHC7",5
"GO:0035150","GO:0035150","regulation of tube size","5/80","96/6213",0.0520833333333333,4.044921875,3.43373492024543,0.0076527388793686,0.22228288536707,0.212259260797952,"gene-evm.model.ptg000004l.110#SODC-ONCVO#P24706/gene-evm.model.ptg000005l.77#PLOD1-CHICK#P24802/XLOC-022444#SNTB1-HUMAN#Q13884/XLOC-025017#CP3AO-SHEEP#Q29496/XLOC-002903#FZD1-XENLA#Q9I9M5",5
"GO:0009611","GO:0009611","response to wounding","9/80","271/6213",0.033210332103321,2.57919741697417,3.03584071617151,0.00768088238362483,0.22228288536707,0.212259260797952,"XLOC-027061#PRSS8-HUMAN#Q16651/gene-evm.model.ptg000004l.110#SODC-ONCVO#P24706/XLOC-026524#KLKB1-RAT#P14272/gene-evm.model.ptg000027l.443#PCP-PONAB#Q5RBU7/XLOC-013453#FCN1-PIG#Q29042/gene-evm.model.ptg000035l.378#TRLF-DESRO#K9IMD0/XLOC-015776#RET-HUMAN#P07949/XLOC-019944#FCN1-HUMAN#O00602/XLOC-014474#TMPS5-HUMAN#Q9H3S3",9
"GO:0007614","GO:0007614","short-term memory","3/80","32/6213",0.09375,7.280859375,4.06807472705144,0.00779428070462034,0.222879312529739,0.212828792673781,"XLOC-014474#TMPS5-HUMAN#Q9H3S3/XLOC-000920#RB6I2-RAT#Q811U3/XLOC-002354#DAB2P-MOUSE#Q3UHC7",3
"GO:0008239","GO:0008239","dipeptidyl-peptidase activity","2/80","11/6213",0.181818181818182,14.1204545454545,4.97397476196137,0.00835235978866903,0.233283351306779,0.222763671719827,"gene-evm.model.ptg000027l.443#PCP-PONAB#Q5RBU7/XLOC-020049#TSSP-HUMAN#Q9NQE7",2
"GO:0042975","GO:0042975","peroxisome proliferator activated receptor binding","2/80","11/6213",0.181818181818182,14.1204545454545,4.97397476196137,0.00835235978866903,0.233283351306779,0.222763671719827,"XLOC-020780#ANM2-HUMAN#P55345/novel-gene-chr14-11626#novel-gene-chr14-11626",2
"GO:0003823","GO:0003823","antigen binding","3/80","33/6213",0.0909090909090909,7.06022727272727,3.98635414593593,0.00849518189452849,0.234545136904108,0.223968558356656,"XLOC-003023#FCN2-MOUSE#O70497/gene-evm.model.ptg000035l.378#TRLF-DESRO#K9IMD0/novel-gene-chr14-11626#novel-gene-chr14-11626",3
"GO:0030141","GO:0030141","secretory granule","11/80","379/6213",0.029023746701847,2.25405672823219,2.8772513987219,0.00877578154052184,0.239538946140153,0.228737176755946,"gene-evm.model.ptg000004l.110#SODC-ONCVO#P24706/XLOC-020938#SPB6-MOUSE#Q60854/XLOC-008889#CATZ-BOVIN#P05689/XLOC-012475#BGAL-FELCA#O19015/gene-evm.model.ptg000027l.443#PCP-PONAB#Q5RBU7/XLOC-003023#FCN2-MOUSE#O70497/gene-evm.model.ptg000035l.378#TRLF-DESRO#K9IMD0/XLOC-002398#SVEP1-DANRE#A0A1D5NSM8/XLOC-002962#LIPP-ICTTR#O88354/XLOC-012512#MLRP1-ACRMI#B3EWZ5/XLOC-010998#MA2B1-MACFA#Q60HE9",11
"GO:0005788","GO:0005788","endoplasmic reticulum lumen","5/80","101/6213",0.0495049504950495,3.84467821782178,3.29174660333236,0.00943618866992574,0.252971715912177,0.241564209199629,"XLOC-022170#FSTL1-MACFA#Q9GKY0/XLOC-008889#CATZ-BOVIN#P05689/XLOC-013453#FCN1-PIG#Q29042/XLOC-019944#FCN1-HUMAN#O00602/XLOC-024417#HEPHL-ACRMI#B3EWZ9",5
"GO:0030510","GO:0030510","regulation of BMP signaling pathway","4/80","65/6213",0.0615384615384615,4.77923076923077,3.49798059104903,0.00952358933873892,0.252971715912177,0.241564209199629,"XLOC-026157#AP2D-HUMAN#Q7Z6R9/XLOC-020392#PRSS8-RAT#Q9ES87/XLOC-000223#BMP1-MOUSE#P98063/XLOC-002903#FZD1-XENLA#Q9I9M5",4
"GO:0016137","GO:0016137","glycoside metabolic process","2/80","12/6213",0.166666666666667,12.94375,4.72960309340561,0.00993963143309884,0.252971715912177,0.241564209199629,"XLOC-025592#GBA2-RAT#Q5M868/XLOC-003833#NAGAB-CHICK#Q90744",2
"GO:0030318","GO:0030318","melanocyte differentiation","2/80","12/6213",0.166666666666667,12.94375,4.72960309340561,0.00993963143309884,0.252971715912177,0.241564209199629,"XLOC-026157#AP2D-HUMAN#Q7Z6R9/gene-evm.model.ptg000024l.134#LRMDA-MOUSE#Q9D9B4",2
"GO:0060638","GO:0060638","mesenchymal-epithelial cell signaling","2/80","12/6213",0.166666666666667,12.94375,4.72960309340561,0.00993963143309884,0.252971715912177,0.241564209199629,"XLOC-013453#FCN1-PIG#Q29042/XLOC-019944#FCN1-HUMAN#O00602",2
"GO:1902547","GO:1902547","regulation of cellular response to vascular endothelial growth factor stimulus","2/80","12/6213",0.166666666666667,12.94375,4.72960309340561,0.00993963143309884,0.252971715912177,0.241564209199629,"XLOC-018112#ATS2-MOUSE#Q8C9W3/XLOC-002354#DAB2P-MOUSE#Q3UHC7",2
"GO:0005507","GO:0005507","copper ion binding","3/80","35/6213",0.0857142857142857,6.65678571428572,3.832692989626,0.0100051261497322,0.252971715912177,0.241564209199629,"gene-evm.model.ptg000004l.110#SODC-ONCVO#P24706/XLOC-024417#HEPHL-ACRMI#B3EWZ9/XLOC-010474#SDHF2-CULQU#B0XK69",3
"GO:0048608","GO:0048608","reproductive structure development","9/80","286/6213",0.0314685314685315,2.44392482517483,2.85518577248149,0.010752779834292,0.267807697281718,0.25573117681619,"gene-evm.model.ptg000004l.110#SODC-ONCVO#P24706/XLOC-008889#CATZ-BOVIN#P05689/XLOC-026157#AP2D-HUMAN#Q7Z6R9/XLOC-013453#FCN1-PIG#Q29042/gene-evm.model.ptg000035l.378#TRLF-DESRO#K9IMD0/XLOC-019944#FCN1-HUMAN#O00602/XLOC-007156#KALRN-MOUSE#A2CG49/XLOC-008027#CATZ-RAT#Q9R1T3/XLOC-001851#TBX20-MOUSE#Q9ES03",9
"GO:0031102","GO:0031102","neuron projection regeneration","3/80","36/6213",0.0833333333333333,6.471875,3.76030309501926,0.010814882030111,0.267807697281718,0.25573117681619,"XLOC-013453#FCN1-PIG#Q29042/XLOC-019944#FCN1-HUMAN#O00602/XLOC-014474#TMPS5-HUMAN#Q9H3S3",3
"GO:0061458","GO:0061458","reproductive system development","9/80","289/6213",0.0311418685121107,2.4185553633218,2.82040789190234,0.0114651822087888,0.281013955770517,0.268341912276593,"gene-evm.model.ptg000004l.110#SODC-ONCVO#P24706/XLOC-008889#CATZ-BOVIN#P05689/XLOC-026157#AP2D-HUMAN#Q7Z6R9/XLOC-013453#FCN1-PIG#Q29042/gene-evm.model.ptg000035l.378#TRLF-DESRO#K9IMD0/XLOC-019944#FCN1-HUMAN#O00602/XLOC-007156#KALRN-MOUSE#A2CG49/XLOC-008027#CATZ-RAT#Q9R1T3/XLOC-001851#TBX20-MOUSE#Q9ES03",9
"GO:0033002","GO:0033002","muscle cell proliferation","2/80","13/6213",0.153846153846154,11.9480769230769,4.51271499681704,0.0116494197567728,0.282645517735033,0.269899900584879,"XLOC-007156#KALRN-MOUSE#A2CG49/XLOC-001851#TBX20-MOUSE#Q9ES03",2
"GO:0048663","GO:0048663","neuron fate commitment","4/80","70/6213",0.0571428571428571,4.43785714285714,3.30347346742825,0.0122903056531984,0.295213141789824,0.281900800192834,"XLOC-026157#AP2D-HUMAN#Q7Z6R9/XLOC-001851#TBX20-MOUSE#Q9ES03/novel-gene-chr14-11626#novel-gene-chr14-11626/XLOC-002903#FZD1-XENLA#Q9I9M5",4
"GO:0003151","GO:0003151","outflow tract morphogenesis","3/80","38/6213",0.0789473684210526,6.13125,3.62343709812504,0.0125455068043478,0.295434385725916,0.282112067354735,"XLOC-026157#AP2D-HUMAN#Q7Z6R9/XLOC-001851#TBX20-MOUSE#Q9ES03/XLOC-002903#FZD1-XENLA#Q9I9M5",3
"GO:0061134","GO:0061134","peptidase regulator activity","3/80","38/6213",0.0789473684210526,6.13125,3.62343709812504,0.0125455068043478,0.295434385725916,0.282112067354735,"XLOC-020938#SPB6-MOUSE#Q60854/XLOC-026157#AP2D-HUMAN#Q7Z6R9/gene-evm.model.ptg000035l.378#TRLF-DESRO#K9IMD0",3
"GO:0097746","GO:0097746","blood vessel diameter maintenance","4/80","71/6213",0.0563380281690141,4.37535211267606,3.26676269577721,0.0128991809958887,0.300813910214803,0.28724900756302,"gene-evm.model.ptg000004l.110#SODC-ONCVO#P24706/gene-evm.model.ptg000005l.77#PLOD1-CHICK#P24802/XLOC-022444#SNTB1-HUMAN#Q13884/XLOC-025017#CP3AO-SHEEP#Q29496",4
"GO:0046688","GO:0046688","response to copper ion","3/80","39/6213",0.0769230769230769,5.97403846153846,3.5586261414631,0.0134669031969503,0.30944741779094,0.295493195743222,"gene-evm.model.ptg000004l.110#SODC-ONCVO#P24706/XLOC-012867#MLP3A-BOVIN#Q2HJ23/XLOC-024417#HEPHL-ACRMI#B3EWZ9",3
"GO:0007528","GO:0007528","neuromuscular junction development","4/80","72/6213",0.0555555555555556,4.31458333333333,3.23072413799581,0.0135270519850328,0.30944741779094,0.295493195743222,"XLOC-013453#FCN1-PIG#Q29042/XLOC-019944#FCN1-HUMAN#O00602/XLOC-022444#SNTB1-HUMAN#Q13884/XLOC-007156#KALRN-MOUSE#A2CG49",4
"GO:1903034","GO:1903034","regulation of response to wounding","5/80","112/6213",0.0446428571428571,3.46707589285714,3.00895188458901,0.0143297668870928,0.324717925120725,0.310075094806109,"XLOC-027061#PRSS8-HUMAN#Q16651/XLOC-026524#KLKB1-RAT#P14272/XLOC-020392#PRSS8-RAT#Q9ES87/gene-evm.model.ptg000035l.378#TRLF-DESRO#K9IMD0/XLOC-015776#RET-HUMAN#P07949",5
"GO:0099503","GO:0099503","secretory vesicle","12/80","464/6213",0.0258620689655172,2.00851293103448,2.57910213928789,0.0148469275549158,0.330773884286874,0.315857966545904,"gene-evm.model.ptg000004l.110#SODC-ONCVO#P24706/XLOC-020938#SPB6-MOUSE#Q60854/XLOC-008889#CATZ-BOVIN#P05689/XLOC-012475#BGAL-FELCA#O19015/gene-evm.model.ptg000027l.443#PCP-PONAB#Q5RBU7/XLOC-003023#FCN2-MOUSE#O70497/gene-evm.model.ptg000035l.378#TRLF-DESRO#K9IMD0/XLOC-002398#SVEP1-DANRE#A0A1D5NSM8/XLOC-002962#LIPP-ICTTR#O88354/XLOC-000920#RB6I2-RAT#Q811U3/XLOC-012512#MLRP1-ACRMI#B3EWZ5/XLOC-010998#MA2B1-MACFA#Q60HE9",12
"GO:0101002","GO:0101002","ficolin-1-rich granule","5/80","114/6213",0.043859649122807,3.40625,2.96133875671571,0.015373409422251,0.330773884286874,0.315857966545904,"XLOC-008889#CATZ-BOVIN#P05689/XLOC-012475#BGAL-FELCA#O19015/gene-evm.model.ptg000027l.443#PCP-PONAB#Q5RBU7/XLOC-003023#FCN2-MOUSE#O70497/XLOC-002398#SVEP1-DANRE#A0A1D5NSM8",5
"GO:0010719","GO:0010719","negative regulation of epithelial to mesenchymal transition","2/80","15/6213",0.133333333333333,10.355,4.1427418356163,0.0154232618818193,0.330773884286874,0.315857966545904,"XLOC-010474#SDHF2-CULQU#B0XK69/XLOC-002354#DAB2P-MOUSE#Q3UHC7",2
"GO:0010955","GO:0010955","negative regulation of protein processing","2/80","15/6213",0.133333333333333,10.355,4.1427418356163,0.0154232618818193,0.330773884286874,0.315857966545904,"XLOC-008889#CATZ-BOVIN#P05689/XLOC-002398#SVEP1-DANRE#A0A1D5NSM8",2
"GO:0046466","GO:0046466","membrane lipid catabolic process","2/80","15/6213",0.133333333333333,10.355,4.1427418356163,0.0154232618818193,0.330773884286874,0.315857966545904,"XLOC-002962#LIPP-ICTTR#O88354/XLOC-003833#NAGAB-CHICK#Q90744",2
"GO:1903318","GO:1903318","negative regulation of protein maturation","2/80","15/6213",0.133333333333333,10.355,4.1427418356163,0.0154232618818193,0.330773884286874,0.315857966545904,"XLOC-008889#CATZ-BOVIN#P05689/XLOC-002398#SVEP1-DANRE#A0A1D5NSM8",2
"GO:0007464","GO:0007464","R3/R4 cell fate commitment","2/80","16/6213",0.125,9.7078125,3.98292883762294,0.0174808317393526,0.357345658682019,0.341231513330172,"novel-gene-chr14-11626#novel-gene-chr14-11626/XLOC-002903#FZD1-XENLA#Q9I9M5",2
"GO:0014044","GO:0014044","Schwann cell development","2/80","16/6213",0.125,9.7078125,3.98292883762294,0.0174808317393526,0.357345658682019,0.341231513330172,"gene-evm.model.ptg000004l.110#SODC-ONCVO#P24706/XLOC-026157#AP2D-HUMAN#Q7Z6R9",2
"GO:0018996","GO:0018996","molting cycle, collagen and cuticulin-based cuticle","2/80","16/6213",0.125,9.7078125,3.98292883762294,0.0174808317393526,0.357345658682019,0.341231513330172,"XLOC-008889#CATZ-BOVIN#P05689/XLOC-008027#CATZ-RAT#Q9R1T3",2
"GO:0030199","GO:0030199","collagen fibril organization","2/80","16/6213",0.125,9.7078125,3.98292883762294,0.0174808317393526,0.357345658682019,0.341231513330172,"gene-evm.model.ptg000005l.77#PLOD1-CHICK#P24802/XLOC-018112#ATS2-MOUSE#Q8C9W3",2
"GO:0048056","GO:0048056","R3/R4 cell differentiation","2/80","16/6213",0.125,9.7078125,3.98292883762294,0.0174808317393526,0.357345658682019,0.341231513330172,"novel-gene-chr14-11626#novel-gene-chr14-11626/XLOC-002903#FZD1-XENLA#Q9I9M5",2
"GO:0003018","GO:0003018","vascular process in circulatory system","4/80","78/6213",0.0512820512820513,3.98269230769231,3.02742021609187,0.0177036358797503,0.357345658682019,0.341231513330172,"gene-evm.model.ptg000004l.110#SODC-ONCVO#P24706/gene-evm.model.ptg000005l.77#PLOD1-CHICK#P24802/XLOC-022444#SNTB1-HUMAN#Q13884/XLOC-025017#CP3AO-SHEEP#Q29496",4
"GO:0035296","GO:0035296","regulation of tube diameter","4/80","78/6213",0.0512820512820513,3.98269230769231,3.02742021609187,0.0177036358797503,0.357345658682019,0.341231513330172,"gene-evm.model.ptg000004l.110#SODC-ONCVO#P24706/gene-evm.model.ptg000005l.77#PLOD1-CHICK#P24802/XLOC-022444#SNTB1-HUMAN#Q13884/XLOC-025017#CP3AO-SHEEP#Q29496",4
"GO:0034774","GO:0034774","secretory granule lumen","6/80","163/6213",0.0368098159509202,2.85874233128834,2.74637311681836,0.0180797615364059,0.361896560087059,0.345577196384461,"XLOC-020938#SPB6-MOUSE#Q60854/XLOC-008889#CATZ-BOVIN#P05689/XLOC-012475#BGAL-FELCA#O19015/XLOC-003023#FCN2-MOUSE#O70497/gene-evm.model.ptg000035l.378#TRLF-DESRO#K9IMD0/XLOC-010998#MA2B1-MACFA#Q60HE9",6
"GO:0048754","GO:0048754","branching morphogenesis of an epithelial tube","5/80","120/6213",0.0416666666666667,3.2359375,2.82461283635303,0.0188073488278757,0.373349189128574,0.356513380564952,"XLOC-008889#CATZ-BOVIN#P05689/XLOC-026157#AP2D-HUMAN#Q7Z6R9/XLOC-013453#FCN1-PIG#Q29042/XLOC-019944#FCN1-HUMAN#O00602/XLOC-001851#TBX20-MOUSE#Q9ES03",5
"GO:0090287","GO:0090287","regulation of cellular response to growth factor stimulus","6/80","165/6213",0.0363636363636364,2.82409090909091,2.71210684275805,0.019086094496701,0.373569960727087,0.356724196688866,"XLOC-026157#AP2D-HUMAN#Q7Z6R9/XLOC-018112#ATS2-MOUSE#Q8C9W3/XLOC-020392#PRSS8-RAT#Q9ES87/XLOC-000223#BMP1-MOUSE#P98063/XLOC-002903#FZD1-XENLA#Q9I9M5/XLOC-002354#DAB2P-MOUSE#Q3UHC7",6
"GO:0014037","GO:0014037","Schwann cell differentiation","2/80","17/6213",0.117647058823529,9.13676470588235,3.83658432723643,0.019647948293943,0.373569960727087,0.356724196688866,"gene-evm.model.ptg000004l.110#SODC-ONCVO#P24706/XLOC-026157#AP2D-HUMAN#Q7Z6R9",2
"GO:0030219","GO:0030219","megakaryocyte differentiation","2/80","17/6213",0.117647058823529,9.13676470588235,3.83658432723643,0.019647948293943,0.373569960727087,0.356724196688866,"gene-evm.model.ptg000022l.488#RBGP1-MOUSE#A2AWA9/novel-gene-chr14-11626#novel-gene-chr14-11626",2
"GO:0035855","GO:0035855","megakaryocyte development","2/80","17/6213",0.117647058823529,9.13676470588235,3.83658432723643,0.019647948293943,0.373569960727087,0.356724196688866,"gene-evm.model.ptg000022l.488#RBGP1-MOUSE#A2AWA9/novel-gene-chr14-11626#novel-gene-chr14-11626",2
"GO:0060765","GO:0060765","regulation of androgen receptor signaling pathway","2/80","17/6213",0.117647058823529,9.13676470588235,3.83658432723643,0.019647948293943,0.373569960727087,0.356724196688866,"XLOC-020780#ANM2-HUMAN#P55345/novel-gene-chr14-11626#novel-gene-chr14-11626",2
"GO:0006879","GO:0006879","intracellular iron ion homeostasis","3/80","45/6213",0.0666666666666667,5.1775,3.21199431259601,0.0197926470288962,0.373569960727087,0.356724196688866,"gene-evm.model.ptg000004l.110#SODC-ONCVO#P24706/XLOC-020392#PRSS8-RAT#Q9ES87/XLOC-024417#HEPHL-ACRMI#B3EWZ9",3
"GO:0005766","GO:0005766","primary lysosome","4/80","81/6213",0.0493827160493827,3.83518518518518,2.9332366442872,0.0200626665003307,0.373569960727087,0.356724196688866,"XLOC-020938#SPB6-MOUSE#Q60854/XLOC-012475#BGAL-FELCA#O19015/gene-evm.model.ptg000027l.443#PCP-PONAB#Q5RBU7/XLOC-010998#MA2B1-MACFA#Q60HE9",4
"GO:0042582","GO:0042582","azurophil granule","4/80","81/6213",0.0493827160493827,3.83518518518518,2.9332366442872,0.0200626665003307,0.373569960727087,0.356724196688866,"XLOC-020938#SPB6-MOUSE#Q60854/XLOC-012475#BGAL-FELCA#O19015/gene-evm.model.ptg000027l.443#PCP-PONAB#Q5RBU7/XLOC-010998#MA2B1-MACFA#Q60HE9",4
"GO:0022404","GO:0022404","molting cycle process","3/80","46/6213",0.0652173913043478,5.06494565217391,3.1602462147338,0.0209810252865093,0.382304417162908,0.365064781540811,"XLOC-008889#CATZ-BOVIN#P05689/XLOC-026157#AP2D-HUMAN#Q7Z6R9/XLOC-008027#CATZ-RAT#Q9R1T3",3
"GO:0046716","GO:0046716","muscle cell cellular homeostasis","3/80","46/6213",0.0652173913043478,5.06494565217391,3.1602462147338,0.0209810252865093,0.382304417162908,0.365064781540811,"gene-evm.model.ptg000004l.110#SODC-ONCVO#P24706/gene-evm.model.ptg000035l.378#TRLF-DESRO#K9IMD0/XLOC-022444#SNTB1-HUMAN#Q13884",3
"GO:0032940","GO:0032940","secretion by cell","12/80","487/6213",0.0246406570841889,1.91365503080082,2.39853076487128,0.02100923524792,0.382304417162908,0.365064781540811,"gene-evm.model.ptg000004l.110#SODC-ONCVO#P24706/XLOC-020938#SPB6-MOUSE#Q60854/XLOC-008889#CATZ-BOVIN#P05689/XLOC-012475#BGAL-FELCA#O19015/gene-evm.model.ptg000027l.443#PCP-PONAB#Q5RBU7/XLOC-003023#FCN2-MOUSE#O70497/gene-evm.model.ptg000035l.378#TRLF-DESRO#K9IMD0/XLOC-002398#SVEP1-DANRE#A0A1D5NSM8/XLOC-013451#S38A2-CHICK#Q5F468/XLOC-000920#RB6I2-RAT#Q811U3/XLOC-010998#MA2B1-MACFA#Q60HE9/novel-gene-chr14-11626#novel-gene-chr14-11626",12
"GO:0090092","GO:0090092","regulation of transmembrane receptor protein serine/threonine kinase signaling pathway","5/80","124/6213",0.0403225806451613,3.13155241935484,2.73815549657948,0.0213580937065632,0.385730384083947,0.36833625790741,"XLOC-026157#AP2D-HUMAN#Q7Z6R9/XLOC-020392#PRSS8-RAT#Q9ES87/XLOC-000223#BMP1-MOUSE#P98063/XLOC-001851#TBX20-MOUSE#Q9ES03/XLOC-002903#FZD1-XENLA#Q9I9M5",5
"GO:0060205","GO:0060205","cytoplasmic vesicle lumen","6/80","171/6213",0.0350877192982456,2.725,2.61228783998878,0.0223345879721572,0.4003558232024,0.382302177465283,"XLOC-020938#SPB6-MOUSE#Q60854/XLOC-008889#CATZ-BOVIN#P05689/XLOC-012475#BGAL-FELCA#O19015/XLOC-003023#FCN2-MOUSE#O70497/gene-evm.model.ptg000035l.378#TRLF-DESRO#K9IMD0/XLOC-010998#MA2B1-MACFA#Q60HE9",6
"GO:0048732","GO:0048732","gland development","9/80","324/6213",0.0277777777777778,2.15729166666667,2.44353626310852,0.0226333011333157,0.40270510609055,0.384545521789434,"XLOC-027061#PRSS8-HUMAN#Q16651/gene-evm.model.ptg000004l.110#SODC-ONCVO#P24706/XLOC-026524#KLKB1-RAT#P14272/XLOC-026157#AP2D-HUMAN#Q7Z6R9/XLOC-013453#FCN1-PIG#Q29042/XLOC-019944#FCN1-HUMAN#O00602/XLOC-007156#KALRN-MOUSE#A2CG49/XLOC-024417#HEPHL-ACRMI#B3EWZ9/XLOC-002903#FZD1-XENLA#Q9I9M5",9
"GO:0045862","GO:0045862","positive regulation of proteolysis","7/80","221/6213",0.0316742081447964,2.45989819004525,2.52381222285607,0.0230861757165305,0.406052420478577,0.387741892380393,"XLOC-027061#PRSS8-HUMAN#Q16651/XLOC-020938#SPB6-MOUSE#Q60854/XLOC-026524#KLKB1-RAT#P14272/XLOC-002398#SVEP1-DANRE#A0A1D5NSM8/XLOC-012512#MLRP1-ACRMI#B3EWZ5/novel-gene-chr14-11626#novel-gene-chr14-11626/XLOC-002354#DAB2P-MOUSE#Q3UHC7",7
"GO:0050877","GO:0050877","nervous system process","12/80","494/6213",0.0242914979757085,1.88653846153846,2.34544494221349,0.0232209347546067,0.406052420478577,0.387741892380393,"gene-evm.model.ptg000004l.110#SODC-ONCVO#P24706/XLOC-010884#QOR-RAT#Q6AYT0/gene-evm.model.ptg000055l.299#TPP1-DANRE#F8W2M8/XLOC-026157#AP2D-HUMAN#Q7Z6R9/XLOC-007156#KALRN-MOUSE#A2CG49/XLOC-003485#CTNS-HUMAN#O60931/XLOC-021538#RPGP1-HUMAN#P47736/XLOC-014474#TMPS5-HUMAN#Q9H3S3/XLOC-000920#RB6I2-RAT#Q811U3/XLOC-011359#CROCC-HUMAN#Q5TZA2/XLOC-010998#MA2B1-MACFA#Q60HE9/XLOC-002354#DAB2P-MOUSE#Q3UHC7",12
"GO:0045773","GO:0045773","positive regulation of axon extension","3/80","48/6213",0.0625,4.85390625,3.06111368357915,0.0234733176426159,0.406052420478577,0.387741892380393,"XLOC-007156#KALRN-MOUSE#A2CG49/novel-gene-chr14-11626#novel-gene-chr14-11626/XLOC-002903#FZD1-XENLA#Q9I9M5",3
"GO:0042303","GO:0042303","molting cycle","4/80","85/6213",0.0470588235294118,3.65470588235294,2.81443181408626,0.0234976213349385,0.406052420478577,0.387741892380393,"XLOC-008889#CATZ-BOVIN#P05689/XLOC-026157#AP2D-HUMAN#Q7Z6R9/XLOC-008027#CATZ-RAT#Q9R1T3/XLOC-002903#FZD1-XENLA#Q9I9M5",4
"GO:0042311","GO:0042311","vasodilation","2/80","19/6213",0.105263157894737,8.175,3.57715155119876,0.0242985278433722,0.412281621916846,0.393690194205183,"gene-evm.model.ptg000004l.110#SODC-ONCVO#P24706/gene-evm.model.ptg000005l.77#PLOD1-CHICK#P24802",2
"GO:0002429","GO:0002429","immune response-activating cell surface receptor signaling pathway","4/80","86/6213",0.0465116279069767,3.61220930232558,2.78584848006406,0.024408885701854,0.412281621916846,0.393690194205183,"XLOC-003023#FCN2-MOUSE#O70497/XLOC-002398#SVEP1-DANRE#A0A1D5NSM8/novel-gene-chr14-11626#novel-gene-chr14-11626/gene-evm.model.ptg000018l.1280#NCK2-HUMAN#O43639",4
"GO:0044092","GO:0044092","negative regulation of molecular function","11/80","440/6213",0.025,1.9415625,2.33990889049666,0.0244857961504806,0.412281621916846,0.393690194205183,"XLOC-020938#SPB6-MOUSE#Q60854/XLOC-008889#CATZ-BOVIN#P05689/XLOC-026157#AP2D-HUMAN#Q7Z6R9/gene-evm.model.ptg000035l.378#TRLF-DESRO#K9IMD0/XLOC-002398#SVEP1-DANRE#A0A1D5NSM8/XLOC-022444#SNTB1-HUMAN#Q13884/XLOC-025616#ELL2-MOUSE#Q3UKU1/XLOC-020780#ANM2-HUMAN#P55345/novel-gene-chr14-11626#novel-gene-chr14-11626/gene-evm.model.ptg000018l.1280#NCK2-HUMAN#O43639/XLOC-002354#DAB2P-MOUSE#Q3UHC7",11
"GO:0031983","GO:0031983","vesicle lumen","6/80","175/6213",0.0342857142857143,2.66271428571429,2.54808747352919,0.0246973241735326,0.412281621916846,0.393690194205183,"XLOC-020938#SPB6-MOUSE#Q60854/XLOC-008889#CATZ-BOVIN#P05689/XLOC-012475#BGAL-FELCA#O19015/XLOC-003023#FCN2-MOUSE#O70497/gene-evm.model.ptg000035l.378#TRLF-DESRO#K9IMD0/XLOC-010998#MA2B1-MACFA#Q60HE9",6
"GO:0007626","GO:0007626","locomotory behavior","7/80","225/6213",0.0311111111111111,2.41616666666667,2.47109229055282,0.0251732188476708,0.412281621916846,0.393690194205183,"gene-evm.model.ptg000004l.110#SODC-ONCVO#P24706/XLOC-026157#AP2D-HUMAN#Q7Z6R9/XLOC-004982#ENDOU-XENTR#B1H3D5/XLOC-007156#KALRN-MOUSE#A2CG49/XLOC-003485#CTNS-HUMAN#O60931/XLOC-000920#RB6I2-RAT#Q811U3/novel-gene-chr14-11626#novel-gene-chr14-11626",7
"GO:0007596","GO:0007596","blood coagulation","4/80","87/6213",0.0459770114942529,3.57068965517241,2.75768727195592,0.0253413753513448,0.412281621916846,0.393690194205183,"XLOC-027061#PRSS8-HUMAN#Q16651/XLOC-026524#KLKB1-RAT#P14272/gene-evm.model.ptg000027l.443#PCP-PONAB#Q5RBU7/gene-evm.model.ptg000035l.378#TRLF-DESRO#K9IMD0",4
"GO:0050817","GO:0050817","coagulation","4/80","87/6213",0.0459770114942529,3.57068965517241,2.75768727195592,0.0253413753513448,0.412281621916846,0.393690194205183,"XLOC-027061#PRSS8-HUMAN#Q16651/XLOC-026524#KLKB1-RAT#P14272/gene-evm.model.ptg000027l.443#PCP-PONAB#Q5RBU7/gene-evm.model.ptg000035l.378#TRLF-DESRO#K9IMD0",4
"GO:1901136","GO:1901136","carbohydrate derivative catabolic process","4/80","87/6213",0.0459770114942529,3.57068965517241,2.75768727195592,0.0253413753513448,0.412281621916846,0.393690194205183,"XLOC-012475#BGAL-FELCA#O19015/XLOC-025592#GBA2-RAT#Q5M868/XLOC-002962#LIPP-ICTTR#O88354/XLOC-003833#NAGAB-CHICK#Q90744",4
"GO:0061138","GO:0061138","morphogenesis of a branching epithelium","5/80","130/6213",0.0384615384615385,2.98701923076923,2.61480359217707,0.0255925831338816,0.412281621916846,0.393690194205183,"XLOC-008889#CATZ-BOVIN#P05689/XLOC-026157#AP2D-HUMAN#Q7Z6R9/XLOC-013453#FCN1-PIG#Q29042/XLOC-019944#FCN1-HUMAN#O00602/XLOC-001851#TBX20-MOUSE#Q9ES03",5
"GO:0007611","GO:0007611","learning or memory","7/80","226/6213",0.0309734513274336,2.40547566371681,2.45808646380018,0.0257146887319651,0.412281621916846,0.393690194205183,"XLOC-007156#KALRN-MOUSE#A2CG49/XLOC-003485#CTNS-HUMAN#O60931/XLOC-021538#RPGP1-HUMAN#P47736/XLOC-014474#TMPS5-HUMAN#Q9H3S3/XLOC-000920#RB6I2-RAT#Q811U3/XLOC-010998#MA2B1-MACFA#Q60HE9/XLOC-002354#DAB2P-MOUSE#Q3UHC7",7
"GO:0030246","GO:0030246","carbohydrate binding","3/80","50/6213",0.06,4.65975,2.96732128905569,0.0261196926199987,0.412281621916846,0.393690194205183,"gene-evm.model.ptg000005l.77#PLOD1-CHICK#P24802/XLOC-003023#FCN2-MOUSE#O70497/XLOC-010998#MA2B1-MACFA#Q60HE9",3
"GO:0001885","GO:0001885","endothelial cell development","2/80","20/6213",0.1,7.76625,3.4612799973723,0.0267759920978468,0.412281621916846,0.393690194205183,"gene-evm.model.ptg000005l.77#PLOD1-CHICK#P24802/XLOC-000223#BMP1-MOUSE#P98063",2
"GO:0004180","GO:0004180","carboxypeptidase activity","2/80","20/6213",0.1,7.76625,3.4612799973723,0.0267759920978468,0.412281621916846,0.393690194205183,"XLOC-008889#CATZ-BOVIN#P05689/gene-evm.model.ptg000027l.443#PCP-PONAB#Q5RBU7",2
"GO:0006636","GO:0006636","unsaturated fatty acid biosynthetic process","2/80","20/6213",0.1,7.76625,3.4612799973723,0.0267759920978468,0.412281621916846,0.393690194205183,"novel-gene-chr4-9990#ACOD-SHEEP#O62849/XLOC-025017#CP3AO-SHEEP#Q29496",2
"GO:0060512","GO:0060512","prostate gland morphogenesis","2/80","20/6213",0.1,7.76625,3.4612799973723,0.0267759920978468,0.412281621916846,0.393690194205183,"XLOC-013453#FCN1-PIG#Q29042/XLOC-019944#FCN1-HUMAN#O00602",2
"GO:0060740","GO:0060740","prostate gland epithelium morphogenesis","2/80","20/6213",0.1,7.76625,3.4612799973723,0.0267759920978468,0.412281621916846,0.393690194205183,"XLOC-013453#FCN1-PIG#Q29042/XLOC-019944#FCN1-HUMAN#O00602",2
"GO:0098751","GO:0098751","bone cell development","2/80","20/6213",0.1,7.76625,3.4612799973723,0.0267759920978468,0.412281621916846,0.393690194205183,"gene-evm.model.ptg000022l.488#RBGP1-MOUSE#A2AWA9/novel-gene-chr14-11626#novel-gene-chr14-11626",2
"GO:0001763","GO:0001763","morphogenesis of a branching structure","5/80","132/6213",0.0378787878787879,2.94176136363636,2.57525093784341,0.0271158660169979,0.412852702776932,0.394235522744614,"XLOC-008889#CATZ-BOVIN#P05689/XLOC-026157#AP2D-HUMAN#Q7Z6R9/XLOC-013453#FCN1-PIG#Q29042/XLOC-019944#FCN1-HUMAN#O00602/XLOC-001851#TBX20-MOUSE#Q9ES03",5
"GO:0007599","GO:0007599","hemostasis","4/80","89/6213",0.0449438202247191,3.49044943820225,2.70258508702028,0.0272704087052305,0.412852702776932,0.394235522744614,"XLOC-027061#PRSS8-HUMAN#Q16651/XLOC-026524#KLKB1-RAT#P14272/gene-evm.model.ptg000027l.443#PCP-PONAB#Q5RBU7/gene-evm.model.ptg000035l.378#TRLF-DESRO#K9IMD0",4
"GO:0060541","GO:0060541","respiratory system development","7/80","229/6213",0.0305676855895196,2.37396288209607,2.41947524938221,0.0273872069247718,0.412852702776932,0.394235522744614,"XLOC-008889#CATZ-BOVIN#P05689/gene-evm.model.ptg000005l.77#PLOD1-CHICK#P24802/XLOC-013453#FCN1-PIG#Q29042/XLOC-019944#FCN1-HUMAN#O00602/XLOC-024417#HEPHL-ACRMI#B3EWZ9/novel-gene-chr14-11626#novel-gene-chr14-11626/XLOC-002903#FZD1-XENLA#Q9I9M5",7
"GO:0001707","GO:0001707","mesoderm formation","3/80","51/6213",0.0588235294117647,4.56838235294118,2.92226676386095,0.0275005963548331,0.412852702776932,0.394235522744614,"XLOC-000223#BMP1-MOUSE#P98063/XLOC-001851#TBX20-MOUSE#Q9ES03/XLOC-002903#FZD1-XENLA#Q9I9M5",3
"GO:0021953","GO:0021953","central nervous system neuron differentiation","4/80","90/6213",0.0444444444444444,3.45166666666667,2.67562214658823,0.0282671254682976,0.421724443322054,0.402707201016151,"XLOC-026157#AP2D-HUMAN#Q7Z6R9/XLOC-025592#GBA2-RAT#Q5M868/XLOC-001851#TBX20-MOUSE#Q9ES03/XLOC-002903#FZD1-XENLA#Q9I9M5",4
"GO:0009311","GO:0009311","oligosaccharide metabolic process","2/80","21/6213",0.0952380952380952,7.39642857142857,3.35317301689162,0.0293510035991364,0.43252215119709,0.413017997045646,"XLOC-010998#MA2B1-MACFA#Q60HE9/XLOC-003833#NAGAB-CHICK#Q90744",2
"GO:0048147","GO:0048147","negative regulation of fibroblast proliferation","2/80","21/6213",0.0952380952380952,7.39642857142857,3.35317301689162,0.0293510035991364,0.43252215119709,0.413017997045646,"XLOC-002968#GILT-DANRE#Q5XJN2/XLOC-002354#DAB2P-MOUSE#Q3UHC7",2
"GO:0045055","GO:0045055","regulated exocytosis","9/80","341/6213",0.0263929618768328,2.04974340175953,2.27714955394151,0.0302507247396753,0.442223266089772,0.422281649857406,"gene-evm.model.ptg000004l.110#SODC-ONCVO#P24706/XLOC-020938#SPB6-MOUSE#Q60854/XLOC-008889#CATZ-BOVIN#P05689/XLOC-012475#BGAL-FELCA#O19015/gene-evm.model.ptg000027l.443#PCP-PONAB#Q5RBU7/XLOC-003023#FCN2-MOUSE#O70497/gene-evm.model.ptg000035l.378#TRLF-DESRO#K9IMD0/XLOC-002398#SVEP1-DANRE#A0A1D5NSM8/XLOC-010998#MA2B1-MACFA#Q60HE9",9
"GO:0048332","GO:0048332","mesoderm morphogenesis","3/80","53/6213",0.0566037735849057,4.39599056603774,2.83555639066199,0.0303775349312292,0.442223266089772,0.422281649857406,"XLOC-000223#BMP1-MOUSE#P98063/XLOC-001851#TBX20-MOUSE#Q9ES03/XLOC-002903#FZD1-XENLA#Q9I9M5",3
"GO:0003015","GO:0003015","heart process","3/80","54/6213",0.0555555555555556,4.31458333333333,2.79379769573447,0.0318733934621091,0.449787937955103,0.429505200405,"gene-evm.model.ptg000004l.110#SODC-ONCVO#P24706/XLOC-022444#SNTB1-HUMAN#Q13884/XLOC-001851#TBX20-MOUSE#Q9ES03",3
"GO:0005518","GO:0005518","collagen binding","2/80","22/6213",0.0909090909090909,7.06022727272727,3.25195168546178,0.0320207066570868,0.449787937955103,0.429505200405,"XLOC-000011#NID2-RAT#B5DFC9/XLOC-000223#BMP1-MOUSE#P98063",2
"GO:0008198","GO:0008198","ferrous iron binding","2/80","22/6213",0.0909090909090909,7.06022727272727,3.25195168546178,0.0320207066570868,0.449787937955103,0.429505200405,"gene-evm.model.ptg000005l.77#PLOD1-CHICK#P24802/XLOC-024417#HEPHL-ACRMI#B3EWZ9",2
"GO:0010039","GO:0010039","response to iron ion","2/80","22/6213",0.0909090909090909,7.06022727272727,3.25195168546178,0.0320207066570868,0.449787937955103,0.429505200405,"XLOC-026157#AP2D-HUMAN#Q7Z6R9/XLOC-012867#MLP3A-BOVIN#Q2HJ23",2
"GO:0071827","GO:0071827","plasma lipoprotein particle organization","2/80","22/6213",0.0909090909090909,7.06022727272727,3.25195168546178,0.0320207066570868,0.449787937955103,0.429505200405,"gene-evm.model.ptg000035l.378#TRLF-DESRO#K9IMD0/XLOC-000223#BMP1-MOUSE#P98063",2
"GO:1900101","GO:1900101","regulation of endoplasmic reticulum unfolded protein response","2/80","22/6213",0.0909090909090909,7.06022727272727,3.25195168546178,0.0320207066570868,0.449787937955103,0.429505200405,"gene-evm.model.ptg000018l.1280#NCK2-HUMAN#O43639/XLOC-002354#DAB2P-MOUSE#Q3UHC7",2
"GO:0043312","GO:0043312","neutrophil degranulation","7/80","239/6213",0.0292887029288703,2.27463389121339,2.29496484764798,0.0334978395283041,0.463561887717342,0.44265802766821,"XLOC-020938#SPB6-MOUSE#Q60854/XLOC-008889#CATZ-BOVIN#P05689/XLOC-012475#BGAL-FELCA#O19015/gene-evm.model.ptg000027l.443#PCP-PONAB#Q5RBU7/XLOC-003023#FCN2-MOUSE#O70497/XLOC-002398#SVEP1-DANRE#A0A1D5NSM8/XLOC-010998#MA2B1-MACFA#Q60HE9",7
"GO:0006643","GO:0006643","membrane lipid metabolic process","4/80","95/6213",0.0421052631578947,3.27,2.54628585918678,0.0335756009908142,0.463561887717342,0.44265802766821,"XLOC-012475#BGAL-FELCA#O19015/XLOC-025592#GBA2-RAT#Q5M868/XLOC-002962#LIPP-ICTTR#O88354/XLOC-003833#NAGAB-CHICK#Q90744",4
"GO:0002768","GO:0002768","immune response-regulating cell surface receptor signaling pathway","4/80","96/6213",0.0416666666666667,3.2359375,2.52144947831749,0.0347026819521814,0.463561887717342,0.44265802766821,"XLOC-003023#FCN2-MOUSE#O70497/XLOC-002398#SVEP1-DANRE#A0A1D5NSM8/novel-gene-chr14-11626#novel-gene-chr14-11626/gene-evm.model.ptg000018l.1280#NCK2-HUMAN#O43639",4
"GO:0022612","GO:0022612","gland morphogenesis","4/80","96/6213",0.0416666666666667,3.2359375,2.52144947831749,0.0347026819521814,0.463561887717342,0.44265802766821,"XLOC-026157#AP2D-HUMAN#Q7Z6R9/XLOC-013453#FCN1-PIG#Q29042/XLOC-019944#FCN1-HUMAN#O00602/XLOC-002903#FZD1-XENLA#Q9I9M5",4
"GO:0002220","GO:0002220","innate immune response activating cell surface receptor signaling pathway","2/80","23/6213",0.0869565217391304,6.75326086956522,3.15687143070723,0.0347823013333182,0.463561887717342,0.44265802766821,"XLOC-003023#FCN2-MOUSE#O70497/novel-gene-chr14-11626#novel-gene-chr14-11626",2
"GO:0072337","GO:0072337","modified amino acid transport","2/80","23/6213",0.0869565217391304,6.75326086956522,3.15687143070723,0.0347823013333182,0.463561887717342,0.44265802766821,"XLOC-003485#CTNS-HUMAN#O60931/XLOC-013451#S38A2-CHICK#Q5F468",2
"GO:0050890","GO:0050890","cognition","7/80","241/6213",0.029045643153527,2.25575726141079,2.27079826946914,0.0348215219729016,0.463561887717342,0.44265802766821,"XLOC-007156#KALRN-MOUSE#A2CG49/XLOC-003485#CTNS-HUMAN#O60931/XLOC-021538#RPGP1-HUMAN#P47736/XLOC-014474#TMPS5-HUMAN#Q9H3S3/XLOC-000920#RB6I2-RAT#Q811U3/XLOC-010998#MA2B1-MACFA#Q60HE9/XLOC-002354#DAB2P-MOUSE#Q3UHC7",7
"GO:0006665","GO:0006665","sphingolipid metabolic process","3/80","56/6213",0.0535714285714286,4.16049107142857,2.71324017561672,0.0349793164974865,0.463561887717342,0.44265802766821,"XLOC-012475#BGAL-FELCA#O19015/XLOC-025592#GBA2-RAT#Q5M868/XLOC-003833#NAGAB-CHICK#Q90744",3
"GO:0007616","GO:0007616","long-term memory","3/80","56/6213",0.0535714285714286,4.16049107142857,2.71324017561672,0.0349793164974865,0.463561887717342,0.44265802766821,"XLOC-003485#CTNS-HUMAN#O60931/XLOC-014474#TMPS5-HUMAN#Q9H3S3/XLOC-002354#DAB2P-MOUSE#Q3UHC7",3
"GO:0040028","GO:0040028","regulation of vulval development","3/80","56/6213",0.0535714285714286,4.16049107142857,2.71324017561672,0.0349793164974865,0.463561887717342,0.44265802766821,"gene-evm.model.ptg000004l.110#SODC-ONCVO#P24706/XLOC-007156#KALRN-MOUSE#A2CG49/gene-evm.model.ptg000003l.459#ZNT1-MACFA#Q4R6K2",3
"GO:0002283","GO:0002283","neutrophil activation involved in immune response","7/80","242/6213",0.0289256198347107,2.24643595041322,2.25880296301558,0.0354963293590596,0.463561887717342,0.44265802766821,"XLOC-020938#SPB6-MOUSE#Q60854/XLOC-008889#CATZ-BOVIN#P05689/XLOC-012475#BGAL-FELCA#O19015/gene-evm.model.ptg000027l.443#PCP-PONAB#Q5RBU7/XLOC-003023#FCN2-MOUSE#O70497/XLOC-002398#SVEP1-DANRE#A0A1D5NSM8/XLOC-010998#MA2B1-MACFA#Q60HE9",7
"GO:0009410","GO:0009410","response to xenobiotic stimulus","5/80","142/6213",0.0352112676056338,2.73459507042254,2.38801141399209,0.0355981297997235,0.463561887717342,0.44265802766821,"gene-evm.model.ptg000004l.110#SODC-ONCVO#P24706/XLOC-010884#QOR-RAT#Q6AYT0/XLOC-007156#KALRN-MOUSE#A2CG49/XLOC-012867#MLP3A-BOVIN#Q2HJ23/novel-gene-chr14-11626#novel-gene-chr14-11626",5
"GO:0002446","GO:0002446","neutrophil mediated immunity","7/80","243/6213",0.0288065843621399,2.23719135802469,2.24686554046169,0.0361798330869517,0.463561887717342,0.44265802766821,"XLOC-020938#SPB6-MOUSE#Q60854/XLOC-008889#CATZ-BOVIN#P05689/XLOC-012475#BGAL-FELCA#O19015/gene-evm.model.ptg000027l.443#PCP-PONAB#Q5RBU7/XLOC-003023#FCN2-MOUSE#O70497/XLOC-002398#SVEP1-DANRE#A0A1D5NSM8/XLOC-010998#MA2B1-MACFA#Q60HE9",7
"GO:0042119","GO:0042119","neutrophil activation","7/80","243/6213",0.0288065843621399,2.23719135802469,2.24686554046169,0.0361798330869517,0.463561887717342,0.44265802766821,"XLOC-020938#SPB6-MOUSE#Q60854/XLOC-008889#CATZ-BOVIN#P05689/XLOC-012475#BGAL-FELCA#O19015/gene-evm.model.ptg000027l.443#PCP-PONAB#Q5RBU7/XLOC-003023#FCN2-MOUSE#O70497/XLOC-002398#SVEP1-DANRE#A0A1D5NSM8/XLOC-010998#MA2B1-MACFA#Q60HE9",7
"GO:0052548","GO:0052548","regulation of endopeptidase activity","5/80","143/6213",0.034965034965035,2.71547202797203,2.3701811989514,0.036527249359345,0.463561887717342,0.44265802766821,"XLOC-020938#SPB6-MOUSE#Q60854/XLOC-026157#AP2D-HUMAN#Q7Z6R9/gene-evm.model.ptg000035l.378#TRLF-DESRO#K9IMD0/XLOC-002398#SVEP1-DANRE#A0A1D5NSM8/novel-gene-chr14-11626#novel-gene-chr14-11626",5
"GO:0035578","GO:0035578","azurophil granule lumen","3/80","57/6213",0.0526315789473684,4.0875,2.67435664545637,0.0365891018895071,0.463561887717342,0.44265802766821,"XLOC-020938#SPB6-MOUSE#Q60854/XLOC-012475#BGAL-FELCA#O19015/XLOC-010998#MA2B1-MACFA#Q60HE9",3
"GO:0022411","GO:0022411","cellular component disassembly","7/80","244/6213",0.0286885245901639,2.22802254098361,2.23498543357199,0.0368720713672854,0.463561887717342,0.44265802766821,"XLOC-027061#PRSS8-HUMAN#Q16651/XLOC-026524#KLKB1-RAT#P14272/XLOC-020392#PRSS8-RAT#Q9ES87/gene-evm.model.ptg000035l.378#TRLF-DESRO#K9IMD0/XLOC-000223#BMP1-MOUSE#P98063/XLOC-012867#MLP3A-BOVIN#Q2HJ23/XLOC-002903#FZD1-XENLA#Q9I9M5",7
"GO:0008037","GO:0008037","cell recognition","4/80","98/6213",0.0408163265306122,3.16989795918367,2.47273942487239,0.0370225850048834,0.463561887717342,0.44265802766821,"XLOC-003023#FCN2-MOUSE#O70497/XLOC-000223#BMP1-MOUSE#P98063/XLOC-001851#TBX20-MOUSE#Q9ES03/gene-evm.model.ptg000018l.1280#NCK2-HUMAN#O43639",4
"GO:0001568","GO:0001568","blood vessel development","6/80","193/6213",0.0310880829015544,2.41437823834197,2.27966068370449,0.0373993331685525,0.463561887717342,0.44265802766821,"gene-evm.model.ptg000027l.443#PCP-PONAB#Q5RBU7/XLOC-026157#AP2D-HUMAN#Q7Z6R9/XLOC-020392#PRSS8-RAT#Q9ES87/gene-evm.model.ptg000035l.378#TRLF-DESRO#K9IMD0/XLOC-000223#BMP1-MOUSE#P98063/XLOC-001851#TBX20-MOUSE#Q9ES03",6
"GO:0036230","GO:0036230","granulocyte activation","7/80","245/6213",0.0285714285714286,2.21892857142857,2.22316208206012,0.0375730816316672,0.463561887717342,0.44265802766821,"XLOC-020938#SPB6-MOUSE#Q60854/XLOC-008889#CATZ-BOVIN#P05689/XLOC-012475#BGAL-FELCA#O19015/gene-evm.model.ptg000027l.443#PCP-PONAB#Q5RBU7/XLOC-003023#FCN2-MOUSE#O70497/XLOC-002398#SVEP1-DANRE#A0A1D5NSM8/XLOC-010998#MA2B1-MACFA#Q60HE9",7
"GO:0043299","GO:0043299","leukocyte degranulation","7/80","245/6213",0.0285714285714286,2.21892857142857,2.22316208206012,0.0375730816316672,0.463561887717342,0.44265802766821,"XLOC-020938#SPB6-MOUSE#Q60854/XLOC-008889#CATZ-BOVIN#P05689/XLOC-012475#BGAL-FELCA#O19015/gene-evm.model.ptg000027l.443#PCP-PONAB#Q5RBU7/XLOC-003023#FCN2-MOUSE#O70497/XLOC-002398#SVEP1-DANRE#A0A1D5NSM8/XLOC-010998#MA2B1-MACFA#Q60HE9",7
"GO:0015804","GO:0015804","neutral amino acid transport","2/80","24/6213",0.0833333333333333,6.471875,3.06729666170977,0.0376330425082771,0.463561887717342,0.44265802766821,"XLOC-003485#CTNS-HUMAN#O60931/XLOC-013451#S38A2-CHICK#Q5F468",2
"GO:0030850","GO:0030850","prostate gland development","2/80","24/6213",0.0833333333333333,6.471875,3.06729666170977,0.0376330425082771,0.463561887717342,0.44265802766821,"XLOC-013453#FCN1-PIG#Q29042/XLOC-019944#FCN1-HUMAN#O00602",2
"GO:0050931","GO:0050931","pigment cell differentiation","2/80","24/6213",0.0833333333333333,6.471875,3.06729666170977,0.0376330425082771,0.463561887717342,0.44265802766821,"XLOC-026157#AP2D-HUMAN#Q7Z6R9/gene-evm.model.ptg000024l.134#LRMDA-MOUSE#Q9D9B4",2
"GO:0071248","GO:0071248","cellular response to metal ion","4/80","99/6213",0.0404040404040404,3.13787878787879,2.44885005075944,0.0382154687883534,0.468334469538903,0.447215394682181,"gene-evm.model.ptg000004l.110#SODC-ONCVO#P24706/XLOC-026157#AP2D-HUMAN#Q7Z6R9/XLOC-012867#MLP3A-BOVIN#Q2HJ23/gene-evm.model.ptg000003l.459#ZNT1-MACFA#Q4R6K2",4
"GO:0043086","GO:0043086","negative regulation of catalytic activity","8/80","303/6213",0.0264026402640264,2.05049504950495,2.14114371598841,0.0401997307096315,0.478836472848935,0.457243820648507,"XLOC-020938#SPB6-MOUSE#Q60854/XLOC-026157#AP2D-HUMAN#Q7Z6R9/gene-evm.model.ptg000035l.378#TRLF-DESRO#K9IMD0/XLOC-002398#SVEP1-DANRE#A0A1D5NSM8/XLOC-025616#ELL2-MOUSE#Q3UKU1/novel-gene-chr14-11626#novel-gene-chr14-11626/gene-evm.model.ptg000018l.1280#NCK2-HUMAN#O43639/XLOC-002354#DAB2P-MOUSE#Q3UHC7",8
"GO:0060828","GO:0060828","regulation of canonical Wnt signaling pathway","5/80","147/6213",0.0340136054421769,2.64158163265306,2.30035139837902,0.0403934445244364,0.478836472848935,0.457243820648507,"XLOC-020196#FRMD8-RAT#Q5U2R3/novel-gene-chr14-11626#novel-gene-chr14-11626/XLOC-002903#FZD1-XENLA#Q9I9M5/XLOC-010474#SDHF2-CULQU#B0XK69/XLOC-002354#DAB2P-MOUSE#Q3UHC7",5
"GO:0002275","GO:0002275","myeloid cell activation involved in immune response","7/80","249/6213",0.0281124497991968,2.18328313253012,2.17642529431999,0.0404655635296043,0.478836472848935,0.457243820648507,"XLOC-020938#SPB6-MOUSE#Q60854/XLOC-008889#CATZ-BOVIN#P05689/XLOC-012475#BGAL-FELCA#O19015/gene-evm.model.ptg000027l.443#PCP-PONAB#Q5RBU7/XLOC-003023#FCN2-MOUSE#O70497/XLOC-002398#SVEP1-DANRE#A0A1D5NSM8/XLOC-010998#MA2B1-MACFA#Q60HE9",7
"GO:0002444","GO:0002444","myeloid leukocyte mediated immunity","7/80","249/6213",0.0281124497991968,2.18328313253012,2.17642529431999,0.0404655635296043,0.478836472848935,0.457243820648507,"XLOC-020938#SPB6-MOUSE#Q60854/XLOC-008889#CATZ-BOVIN#P05689/XLOC-012475#BGAL-FELCA#O19015/gene-evm.model.ptg000027l.443#PCP-PONAB#Q5RBU7/XLOC-003023#FCN2-MOUSE#O70497/XLOC-002398#SVEP1-DANRE#A0A1D5NSM8/XLOC-010998#MA2B1-MACFA#Q60HE9",7
"GO:0007249","GO:0007249","canonical NF-kappaB signal transduction","2/80","25/6213",0.08,6.213,2.98268102547348,0.0405702389626048,0.478836472848935,0.457243820648507,"XLOC-000920#RB6I2-RAT#Q811U3/XLOC-002354#DAB2P-MOUSE#Q3UHC7",2
"GO:0071825","GO:0071825","protein-lipid complex organization","2/80","25/6213",0.08,6.213,2.98268102547348,0.0405702389626048,0.478836472848935,0.457243820648507,"gene-evm.model.ptg000035l.378#TRLF-DESRO#K9IMD0/XLOC-000223#BMP1-MOUSE#P98063",2
"GO:1901658","GO:1901658","glycosyl compound catabolic process","2/80","25/6213",0.08,6.213,2.98268102547348,0.0405702389626048,0.478836472848935,0.457243820648507,"XLOC-025592#GBA2-RAT#Q5M868/XLOC-003833#NAGAB-CHICK#Q90744",2
"GO:0004857","GO:0004857","enzyme inhibitor activity","4/80","101/6213",0.0396039603960396,3.07574257425743,2.40196537007136,0.0406672108497846,0.478836472848935,0.457243820648507,"XLOC-020938#SPB6-MOUSE#Q60854/XLOC-026157#AP2D-HUMAN#Q7Z6R9/gene-evm.model.ptg000035l.378#TRLF-DESRO#K9IMD0/gene-evm.model.ptg000018l.1280#NCK2-HUMAN#O43639",4
"GO:0040012","GO:0040012","regulation of locomotion","11/80","477/6213",0.0230607966457023,1.79095911949686,2.05320772960749,0.0408775778278311,0.478965570450977,0.457367096723204,"XLOC-020938#SPB6-MOUSE#Q60854/gene-evm.model.ptg000027l.443#PCP-PONAB#Q5RBU7/XLOC-026157#AP2D-HUMAN#Q7Z6R9/XLOC-003461#NFIC-MOUSE#P70255/gene-evm.model.ptg000035l.378#TRLF-DESRO#K9IMD0/XLOC-022444#SNTB1-HUMAN#Q13884/XLOC-007156#KALRN-MOUSE#A2CG49/XLOC-001851#TBX20-MOUSE#Q9ES03/XLOC-002903#FZD1-XENLA#Q9I9M5/gene-evm.model.ptg000018l.1280#NCK2-HUMAN#O43639/XLOC-002354#DAB2P-MOUSE#Q3UHC7",11
"GO:0030165","GO:0030165","PDZ domain binding","3/80","60/6213",0.05,3.883125,2.5628304435443,0.0416437505066951,0.485574217073212,0.463677733030602,"XLOC-022444#SNTB1-HUMAN#Q13884/XLOC-000920#RB6I2-RAT#Q811U3/XLOC-002903#FZD1-XENLA#Q9I9M5",3
"GO:0090066","GO:0090066","regulation of anatomical structure size","9/80","364/6213",0.0247252747252747,1.92022664835165,2.0664691275668,0.0432172461824998,0.496357154218023,0.473974424401188,"gene-evm.model.ptg000004l.110#SODC-ONCVO#P24706/gene-evm.model.ptg000005l.77#PLOD1-CHICK#P24802/XLOC-015776#RET-HUMAN#P07949/XLOC-022444#SNTB1-HUMAN#Q13884/XLOC-007156#KALRN-MOUSE#A2CG49/XLOC-025017#CP3AO-SHEEP#Q29496/novel-gene-chr14-11626#novel-gene-chr14-11626/XLOC-002903#FZD1-XENLA#Q9I9M5/gene-evm.model.ptg000018l.1280#NCK2-HUMAN#O43639",9
"GO:0004177","GO:0004177","aminopeptidase activity","2/80","26/6213",0.0769230769230769,5.97403846153846,2.9025518715683,0.0435912524726144,0.496357154218023,0.473974424401188,"gene-evm.model.ptg000027l.443#PCP-PONAB#Q5RBU7/XLOC-020049#TSSP-HUMAN#Q9NQE7",2
"GO:0048730","GO:0048730","epidermis morphogenesis","2/80","26/6213",0.0769230769230769,5.97403846153846,2.9025518715683,0.0435912524726144,0.496357154218023,0.473974424401188,"gene-evm.model.ptg000005l.77#PLOD1-CHICK#P24802/XLOC-026157#AP2D-HUMAN#Q7Z6R9",2
"GO:1905898","GO:1905898","positive regulation of response to endoplasmic reticulum stress","2/80","26/6213",0.0769230769230769,5.97403846153846,2.9025518715683,0.0435912524726144,0.496357154218023,0.473974424401188,"gene-evm.model.ptg000018l.1280#NCK2-HUMAN#O43639/XLOC-002354#DAB2P-MOUSE#Q3UHC7",2
"GO:0098771","GO:0098771","inorganic ion homeostasis","8/80","308/6213",0.025974025974026,2.01720779220779,2.09121805743531,0.0436017316985857,0.496357154218023,0.473974424401188,"gene-evm.model.ptg000004l.110#SODC-ONCVO#P24706/XLOC-026157#AP2D-HUMAN#Q7Z6R9/XLOC-020392#PRSS8-RAT#Q9ES87/XLOC-008866#MCUR1-MOUSE#Q9CXD6/XLOC-024417#HEPHL-ACRMI#B3EWZ9/XLOC-025017#CP3AO-SHEEP#Q29496/gene-evm.model.ptg000003l.459#ZNT1-MACFA#Q4R6K2/XLOC-010474#SDHF2-CULQU#B0XK69",8
"GO:0042803","GO:0042803","protein homodimerization activity","11/80","484/6213",0.0227272727272727,1.76505681818182,2.00171016369198,0.0446847549415359,0.50628670457344,0.483456211606786,"XLOC-027061#PRSS8-HUMAN#Q16651/gene-evm.model.ptg000004l.110#SODC-ONCVO#P24706/XLOC-026524#KLKB1-RAT#P14272/XLOC-012475#BGAL-FELCA#O19015/gene-evm.model.ptg000005l.77#PLOD1-CHICK#P24802/XLOC-026157#AP2D-HUMAN#Q7Z6R9/XLOC-002398#SVEP1-DANRE#A0A1D5NSM8/XLOC-020780#ANM2-HUMAN#P55345/XLOC-003833#NAGAB-CHICK#Q90744/XLOC-002903#FZD1-XENLA#Q9I9M5/XLOC-002354#DAB2P-MOUSE#Q3UHC7",11
"GO:0006855","GO:0006855","xenobiotic transmembrane transport","3/80","62/6213",0.0483870967741935,3.75786290322581,2.49241231811712,0.045199298387945,0.509712275717577,0.486727310043648,"gene-evm.model.ptg000005l.755#RBP-CHICK#P02752/XLOC-022444#SNTB1-HUMAN#Q13884/XLOC-013451#S38A2-CHICK#Q5F468",3
"GO:0001775","GO:0001775","cell activation","10/80","427/6213",0.0234192037470726,1.81879391100703,2.00227424854834,0.0462006574893739,0.518569996679795,0.495185600931361,"XLOC-020938#SPB6-MOUSE#Q60854/XLOC-008889#CATZ-BOVIN#P05689/XLOC-012475#BGAL-FELCA#O19015/gene-evm.model.ptg000027l.443#PCP-PONAB#Q5RBU7/XLOC-003023#FCN2-MOUSE#O70497/XLOC-002398#SVEP1-DANRE#A0A1D5NSM8/XLOC-012512#MLRP1-ACRMI#B3EWZ5/XLOC-010998#MA2B1-MACFA#Q60HE9/novel-gene-chr14-11626#novel-gene-chr14-11626/gene-evm.model.ptg000018l.1280#NCK2-HUMAN#O43639",10
"GO:0048168","GO:0048168","regulation of neuronal synaptic plasticity","2/80","27/6213",0.0740740740740741,5.75277777777778,2.82649790371779,0.0466934969196735,0.519248979634517,0.495833965828306,"XLOC-007156#KALRN-MOUSE#A2CG49/XLOC-002354#DAB2P-MOUSE#Q3UHC7",2
"GO:0101003","GO:0101003","ficolin-1-rich granule membrane","2/80","27/6213",0.0740740740740741,5.75277777777778,2.82649790371779,0.0466934969196735,0.519248979634517,0.495833965828306,"gene-evm.model.ptg000027l.443#PCP-PONAB#Q5RBU7/XLOC-002398#SVEP1-DANRE#A0A1D5NSM8",2
"GO:2000377","GO:2000377","regulation of reactive oxygen species metabolic process","4/80","106/6213",0.0377358490566038,2.93066037735849,2.28964995070803,0.0471817714792087,0.520982180501576,0.497489009734403,"gene-evm.model.ptg000004l.110#SODC-ONCVO#P24706/gene-evm.model.ptg000027l.443#PCP-PONAB#Q5RBU7/XLOC-026157#AP2D-HUMAN#Q7Z6R9/XLOC-003485#CTNS-HUMAN#O60931",4
"GO:0002274","GO:0002274","myeloid leukocyte activation","7/80","258/6213",0.0271317829457364,2.10712209302326,2.0743819370901,0.0475000406035991,0.520982180501576,0.497489009734403,"XLOC-020938#SPB6-MOUSE#Q60854/XLOC-008889#CATZ-BOVIN#P05689/XLOC-012475#BGAL-FELCA#O19015/gene-evm.model.ptg000027l.443#PCP-PONAB#Q5RBU7/XLOC-003023#FCN2-MOUSE#O70497/XLOC-002398#SVEP1-DANRE#A0A1D5NSM8/XLOC-010998#MA2B1-MACFA#Q60HE9",7
"GO:0040017","GO:0040017","positive regulation of locomotion","7/80","258/6213",0.0271317829457364,2.10712209302326,2.0743819370901,0.0475000406035991,0.520982180501576,0.497489009734403,"XLOC-020938#SPB6-MOUSE#Q60854/XLOC-026157#AP2D-HUMAN#Q7Z6R9/gene-evm.model.ptg000035l.378#TRLF-DESRO#K9IMD0/XLOC-022444#SNTB1-HUMAN#Q13884/XLOC-001851#TBX20-MOUSE#Q9ES03/XLOC-002903#FZD1-XENLA#Q9I9M5/XLOC-002354#DAB2P-MOUSE#Q3UHC7",7
"GO:0006887","GO:0006887","exocytosis","9/80","372/6213",0.0241935483870968,1.8789314516129,1.99667374379294,0.0484992657665835,0.525309592945598,0.501621281839019,"gene-evm.model.ptg000004l.110#SODC-ONCVO#P24706/XLOC-020938#SPB6-MOUSE#Q60854/XLOC-008889#CATZ-BOVIN#P05689/XLOC-012475#BGAL-FELCA#O19015/gene-evm.model.ptg000027l.443#PCP-PONAB#Q5RBU7/XLOC-003023#FCN2-MOUSE#O70497/gene-evm.model.ptg000035l.378#TRLF-DESRO#K9IMD0/XLOC-002398#SVEP1-DANRE#A0A1D5NSM8/XLOC-010998#MA2B1-MACFA#Q60HE9",9
"GO:0002757","GO:0002757","immune response-activating signaling pathway","4/80","107/6213",0.0373831775700935,2.90327102803738,2.26797550802018,0.0485506784487605,0.525309592945598,0.501621281839019,"XLOC-003023#FCN2-MOUSE#O70497/XLOC-002398#SVEP1-DANRE#A0A1D5NSM8/novel-gene-chr14-11626#novel-gene-chr14-11626/gene-evm.model.ptg000018l.1280#NCK2-HUMAN#O43639",4
"GO:0005096","GO:0005096","GTPase activator activity","4/80","107/6213",0.0373831775700935,2.90327102803738,2.26797550802018,0.0485506784487605,0.525309592945598,0.501621281839019,"gene-evm.model.ptg000022l.488#RBGP1-MOUSE#A2AWA9/XLOC-007156#KALRN-MOUSE#A2CG49/XLOC-021538#RPGP1-HUMAN#P47736/XLOC-002354#DAB2P-MOUSE#Q3UHC7",4
"GO:0050681","GO:0050681","nuclear androgen receptor binding","2/80","28/6213",0.0714285714285714,5.54732142857143,2.7541592728912,0.0498744374132893,0.537212550074981,0.512987487012307,"XLOC-020780#ANM2-HUMAN#P55345/novel-gene-chr14-11626#novel-gene-chr14-11626",2
"GO:0001944","GO:0001944","vasculature development","6/80","208/6213",0.0288461538461538,2.24026442307692,2.07784755909659,0.0507259459581291,0.54102245059191,0.516625583872989,"gene-evm.model.ptg000027l.443#PCP-PONAB#Q5RBU7/XLOC-026157#AP2D-HUMAN#Q7Z6R9/XLOC-020392#PRSS8-RAT#Q9ES87/gene-evm.model.ptg000035l.378#TRLF-DESRO#K9IMD0/XLOC-000223#BMP1-MOUSE#P98063/XLOC-001851#TBX20-MOUSE#Q9ES03",6
"GO:0008217","GO:0008217","regulation of blood pressure","3/80","65/6213",0.0461538461538462,3.58442307692308,2.39209043166639,0.0508067659397828,0.54102245059191,0.516625583872989,"gene-evm.model.ptg000004l.110#SODC-ONCVO#P24706/XLOC-008889#CATZ-BOVIN#P05689/gene-evm.model.ptg000027l.443#PCP-PONAB#Q5RBU7",3
"GO:0052547","GO:0052547","regulation of peptidase activity","5/80","157/6213",0.0318471337579618,2.47332802547771,2.1354065851775,0.0511196592739505,0.54102245059191,0.516625583872989,"XLOC-020938#SPB6-MOUSE#Q60854/XLOC-026157#AP2D-HUMAN#Q7Z6R9/gene-evm.model.ptg000035l.378#TRLF-DESRO#K9IMD0/XLOC-002398#SVEP1-DANRE#A0A1D5NSM8/novel-gene-chr14-11626#novel-gene-chr14-11626",5
"GO:0006575","GO:0006575","modified amino acid metabolic process","4/80","109/6213",0.036697247706422,2.85,2.22536856786998,0.0513543375249607,0.54102245059191,0.516625583872989,"gene-evm.model.ptg000004l.110#SODC-ONCVO#P24706/gene-evm.model.ptg000005l.77#PLOD1-CHICK#P24802/XLOC-003485#CTNS-HUMAN#O60931/gene-evm.model.ptg000009l.493#GGH-HUMAN#Q92820",4
"GO:0014069","GO:0014069","postsynaptic density","4/80","109/6213",0.036697247706422,2.85,2.22536856786998,0.0513543375249607,0.54102245059191,0.516625583872989,"XLOC-007156#KALRN-MOUSE#A2CG49/XLOC-000920#RB6I2-RAT#Q811U3/gene-evm.model.ptg000018l.1280#NCK2-HUMAN#O43639/XLOC-002354#DAB2P-MOUSE#Q3UHC7",4
"GO:0021987","GO:0021987","cerebral cortex development","3/80","66/6213",0.0454545454545455,3.53011363636364,2.35995989796976,0.0527480102092698,0.543072671512055,0.518583352129702,"XLOC-026157#AP2D-HUMAN#Q7Z6R9/XLOC-013451#S38A2-CHICK#Q5F468/XLOC-002354#DAB2P-MOUSE#Q3UHC7",3
"GO:0006749","GO:0006749","glutathione metabolic process","2/80","29/6213",0.0689655172413793,5.35603448275862,2.68521956075136,0.0531315894276989,0.543072671512055,0.518583352129702,"gene-evm.model.ptg000004l.110#SODC-ONCVO#P24706/XLOC-003485#CTNS-HUMAN#O60931",2
"GO:0008542","GO:0008542","visual learning","2/80","29/6213",0.0689655172413793,5.35603448275862,2.68521956075136,0.0531315894276989,0.543072671512055,0.518583352129702,"XLOC-003485#CTNS-HUMAN#O60931/XLOC-002354#DAB2P-MOUSE#Q3UHC7",2
"GO:0035262","GO:0035262","gonad morphogenesis","2/80","29/6213",0.0689655172413793,5.35603448275862,2.68521956075136,0.0531315894276989,0.543072671512055,0.518583352129702,"XLOC-008889#CATZ-BOVIN#P05689/XLOC-008027#CATZ-RAT#Q9R1T3",2
"GO:0048029","GO:0048029","monosaccharide binding","2/80","29/6213",0.0689655172413793,5.35603448275862,2.68521956075136,0.0531315894276989,0.543072671512055,0.518583352129702,"gene-evm.model.ptg000005l.77#PLOD1-CHICK#P24802/XLOC-010998#MA2B1-MACFA#Q60HE9",2
"GO:0051954","GO:0051954","positive regulation of amine transport","2/80","29/6213",0.0689655172413793,5.35603448275862,2.68521956075136,0.0531315894276989,0.543072671512055,0.518583352129702,"XLOC-007156#KALRN-MOUSE#A2CG49/XLOC-013451#S38A2-CHICK#Q5F468",2
"GO:2000378","GO:2000378","negative regulation of reactive oxygen species metabolic process","2/80","29/6213",0.0689655172413793,5.35603448275862,2.68521956075136,0.0531315894276989,0.543072671512055,0.518583352129702,"XLOC-026157#AP2D-HUMAN#Q7Z6R9/XLOC-003485#CTNS-HUMAN#O60931",2
"GO:0030534","GO:0030534","adult behavior","5/80","159/6213",0.0314465408805031,2.44221698113208,2.10393439408924,0.0534483532231452,0.543995527296588,0.519464592654921,"XLOC-026157#AP2D-HUMAN#Q7Z6R9/XLOC-004982#ENDOU-XENTR#B1H3D5/XLOC-007156#KALRN-MOUSE#A2CG49/XLOC-003485#CTNS-HUMAN#O60931/XLOC-000920#RB6I2-RAT#Q811U3",5
"GO:0045321","GO:0045321","leukocyte activation","9/80","380/6213",0.0236842105263158,1.839375,1.92852855989032,0.0541987629173218,0.549305605600873,0.524535218284895,"XLOC-020938#SPB6-MOUSE#Q60854/XLOC-008889#CATZ-BOVIN#P05689/XLOC-012475#BGAL-FELCA#O19015/gene-evm.model.ptg000027l.443#PCP-PONAB#Q5RBU7/XLOC-003023#FCN2-MOUSE#O70497/XLOC-002398#SVEP1-DANRE#A0A1D5NSM8/XLOC-010998#MA2B1-MACFA#Q60HE9/novel-gene-chr14-11626#novel-gene-chr14-11626/gene-evm.model.ptg000018l.1280#NCK2-HUMAN#O43639",9
"GO:0000978","GO:0000978","RNA polymerase II cis-regulatory region sequence-specific DNA binding","5/80","160/6213",0.03125,2.426953125,2.08837553056255,0.0546357237239977,0.551407598256481,0.526542423682402,"XLOC-026157#AP2D-HUMAN#Q7Z6R9/XLOC-003461#NFIC-MOUSE#P70255/XLOC-001851#TBX20-MOUSE#Q9ES03/novel-gene-chr14-11626#novel-gene-chr14-11626/XLOC-014541#HES4A-XENLA#Q90Z12",5
"GO:0048525","GO:0048525","negative regulation of viral process","2/80","30/6213",0.0666666666666667,5.1775,2.61939924111875,0.0564625179517677,0.560832104937998,0.53554194165384,"XLOC-003023#FCN2-MOUSE#O70497/novel-gene-chr14-11626#novel-gene-chr14-11626",2
"GO:0050729","GO:0050729","positive regulation of inflammatory response","2/80","30/6213",0.0666666666666667,5.1775,2.61939924111875,0.0564625179517677,0.560832104937998,0.53554194165384,"XLOC-027061#PRSS8-HUMAN#Q16651/XLOC-026524#KLKB1-RAT#P14272",2
"GO:0097421","GO:0097421","liver regeneration","2/80","30/6213",0.0666666666666667,5.1775,2.61939924111875,0.0564625179517677,0.560832104937998,0.53554194165384,"XLOC-027061#PRSS8-HUMAN#Q16651/XLOC-026524#KLKB1-RAT#P14272",2
"GO:0043065","GO:0043065","positive regulation of apoptotic process","8/80","325/6213",0.0246153846153846,1.91169230769231,1.92810333138431,0.0565876014160388,0.560832104937998,0.53554194165384,"gene-evm.model.ptg000004l.110#SODC-ONCVO#P24706/XLOC-008889#CATZ-BOVIN#P05689/XLOC-015778#STPG1-XENLA#Q3KQ80/XLOC-026157#AP2D-HUMAN#Q7Z6R9/XLOC-007156#KALRN-MOUSE#A2CG49/XLOC-020780#ANM2-HUMAN#P55345/gene-evm.model.ptg000018l.1280#NCK2-HUMAN#O43639/XLOC-002354#DAB2P-MOUSE#Q3UHC7",8
"GO:0009897","GO:0009897","external side of plasma membrane","3/80","68/6213",0.0441176470588235,3.42628676470588,2.29752304697562,0.0567369698167916,0.560832104937998,0.53554194165384,"XLOC-003023#FCN2-MOUSE#O70497/gene-evm.model.ptg000035l.378#TRLF-DESRO#K9IMD0/XLOC-002398#SVEP1-DANRE#A0A1D5NSM8",3
"GO:0099572","GO:0099572","postsynaptic specialization","4/80","113/6213",0.0353982300884956,2.74911504424779,2.14297406015482,0.0572240698888818,0.563328753578254,0.537926006418781,"XLOC-007156#KALRN-MOUSE#A2CG49/XLOC-000920#RB6I2-RAT#Q811U3/gene-evm.model.ptg000018l.1280#NCK2-HUMAN#O43639/XLOC-002354#DAB2P-MOUSE#Q3UHC7",4
"GO:0000987","GO:0000987","cis-regulatory region sequence-specific DNA binding","5/80","164/6213",0.0304878048780488,2.36775914634146,2.02728120520878,0.0595387738666986,0.580849922669551,0.554657075900325,"XLOC-026157#AP2D-HUMAN#Q7Z6R9/XLOC-003461#NFIC-MOUSE#P70255/XLOC-001851#TBX20-MOUSE#Q9ES03/novel-gene-chr14-11626#novel-gene-chr14-11626/XLOC-014541#HES4A-XENLA#Q90Z12",5
"GO:0035591","GO:0035591","signaling adaptor activity","2/80","31/6213",0.0645161290322581,5.01048387096774,2.55645030757474,0.0598648366520037,0.580849922669551,0.554657075900325,"gene-evm.model.ptg000018l.1280#NCK2-HUMAN#O43639/XLOC-002354#DAB2P-MOUSE#Q3UHC7",2
"GO:0048010","GO:0048010","vascular endothelial growth factor receptor signaling pathway","2/80","31/6213",0.0645161290322581,5.01048387096774,2.55645030757474,0.0598648366520037,0.580849922669551,0.554657075900325,"gene-evm.model.ptg000018l.1280#NCK2-HUMAN#O43639/XLOC-002354#DAB2P-MOUSE#Q3UHC7",2
"GO:0009986","GO:0009986","cell surface","6/80","217/6213",0.0276497695852535,2.14735023041475,1.96480428547668,0.0599711826902784,0.580849922669551,0.554657075900325,"XLOC-008889#CATZ-BOVIN#P05689/XLOC-000011#NID2-RAT#B5DFC9/XLOC-003023#FCN2-MOUSE#O70497/gene-evm.model.ptg000035l.378#TRLF-DESRO#K9IMD0/XLOC-002398#SVEP1-DANRE#A0A1D5NSM8/XLOC-002903#FZD1-XENLA#Q9I9M5",6
"GO:0010594","GO:0010594","regulation of endothelial cell migration","3/80","70/6213",0.0428571428571429,3.32839285714286,2.23737744347584,0.0608659060447171,0.585022444361689,0.558641441896718,"gene-evm.model.ptg000027l.443#PCP-PONAB#Q5RBU7/gene-evm.model.ptg000035l.378#TRLF-DESRO#K9IMD0/XLOC-002354#DAB2P-MOUSE#Q3UHC7",3
"GO:0002443","GO:0002443","leukocyte mediated immunity","7/80","273/6213",0.0256410256410256,1.99134615384615,1.91309995589676,0.0608890970401425,0.585022444361689,0.558641441896718,"XLOC-020938#SPB6-MOUSE#Q60854/XLOC-008889#CATZ-BOVIN#P05689/XLOC-012475#BGAL-FELCA#O19015/gene-evm.model.ptg000027l.443#PCP-PONAB#Q5RBU7/XLOC-003023#FCN2-MOUSE#O70497/XLOC-002398#SVEP1-DANRE#A0A1D5NSM8/XLOC-010998#MA2B1-MACFA#Q60HE9",7
"GO:0002764","GO:0002764","immune response-regulating signaling pathway","4/80","116/6213",0.0344827586206897,2.67801724137931,2.0834906249529,0.0618544972603181,0.589581358806683,0.562994776650932,"XLOC-003023#FCN2-MOUSE#O70497/XLOC-002398#SVEP1-DANRE#A0A1D5NSM8/novel-gene-chr14-11626#novel-gene-chr14-11626/gene-evm.model.ptg000018l.1280#NCK2-HUMAN#O43639",4
"GO:0031349","GO:0031349","positive regulation of defense response","4/80","116/6213",0.0344827586206897,2.67801724137931,2.0834906249529,0.0618544972603181,0.589581358806683,0.562994776650932,"XLOC-027061#PRSS8-HUMAN#Q16651/XLOC-026524#KLKB1-RAT#P14272/XLOC-003023#FCN2-MOUSE#O70497/novel-gene-chr14-11626#novel-gene-chr14-11626",4
"GO:0042058","GO:0042058","regulation of epidermal growth factor receptor signaling pathway","3/80","71/6213",0.0422535211267606,3.28151408450704,2.20811484323894,0.062982085090989,0.592284160230134,0.565575697945335,"XLOC-026157#AP2D-HUMAN#Q7Z6R9/gene-evm.model.ptg000018l.1280#NCK2-HUMAN#O43639/XLOC-002354#DAB2P-MOUSE#Q3UHC7",3
"GO:0032088","GO:0032088","negative regulation of NF-kappaB transcription factor activity","2/80","32/6213",0.0625,4.85390625,2.49615182891284,0.0633362070484959,0.592284160230134,0.565575697945335,"XLOC-020780#ANM2-HUMAN#P55345/XLOC-002354#DAB2P-MOUSE#Q3UHC7",2
"GO:0060411","GO:0060411","cardiac septum morphogenesis","2/80","32/6213",0.0625,4.85390625,2.49615182891284,0.0633362070484959,0.592284160230134,0.565575697945335,"XLOC-001851#TBX20-MOUSE#Q9ES03/XLOC-002903#FZD1-XENLA#Q9I9M5",2
"GO:0090303","GO:0090303","positive regulation of wound healing","2/80","32/6213",0.0625,4.85390625,2.49615182891284,0.0633362070484959,0.592284160230134,0.565575697945335,"gene-evm.model.ptg000035l.378#TRLF-DESRO#K9IMD0/XLOC-015776#RET-HUMAN#P07949",2
"GO:0002366","GO:0002366","leukocyte activation involved in immune response","7/80","277/6213",0.0252707581227437,1.96259025270758,1.87179650800664,0.0648180990321747,0.592284160230134,0.565575697945335,"XLOC-020938#SPB6-MOUSE#Q60854/XLOC-008889#CATZ-BOVIN#P05689/XLOC-012475#BGAL-FELCA#O19015/gene-evm.model.ptg000027l.443#PCP-PONAB#Q5RBU7/XLOC-003023#FCN2-MOUSE#O70497/XLOC-002398#SVEP1-DANRE#A0A1D5NSM8/XLOC-010998#MA2B1-MACFA#Q60HE9",7
"GO:0050772","GO:0050772","positive regulation of axonogenesis","3/80","72/6213",0.0416666666666667,3.2359375,2.17936812137272,0.0651323039216828,0.592284160230134,0.565575697945335,"XLOC-007156#KALRN-MOUSE#A2CG49/novel-gene-chr14-11626#novel-gene-chr14-11626/XLOC-002903#FZD1-XENLA#Q9I9M5",3
"GO:1901184","GO:1901184","regulation of ERBB signaling pathway","3/80","72/6213",0.0416666666666667,3.2359375,2.17936812137272,0.0651323039216828,0.592284160230134,0.565575697945335,"XLOC-026157#AP2D-HUMAN#Q7Z6R9/gene-evm.model.ptg000018l.1280#NCK2-HUMAN#O43639/XLOC-002354#DAB2P-MOUSE#Q3UHC7",3
"GO:0048589","GO:0048589","developmental growth","8/80","335/6213",0.0238805970149254,1.85462686567164,1.83657381607992,0.0652805365278212,0.592284160230134,0.565575697945335,"gene-evm.model.ptg000005l.77#PLOD1-CHICK#P24802/XLOC-026157#AP2D-HUMAN#Q7Z6R9/XLOC-013453#FCN1-PIG#Q29042/gene-evm.model.ptg000035l.378#TRLF-DESRO#K9IMD0/XLOC-019944#FCN1-HUMAN#O00602/XLOC-001851#TBX20-MOUSE#Q9ES03/XLOC-020780#ANM2-HUMAN#P55345/XLOC-002903#FZD1-XENLA#Q9I9M5",8
"GO:0002263","GO:0002263","cell activation involved in immune response","7/80","278/6213",0.0251798561151079,1.95553057553957,1.86157637771189,0.0658241678044444,0.592284160230134,0.565575697945335,"XLOC-020938#SPB6-MOUSE#Q60854/XLOC-008889#CATZ-BOVIN#P05689/XLOC-012475#BGAL-FELCA#O19015/gene-evm.model.ptg000027l.443#PCP-PONAB#Q5RBU7/XLOC-003023#FCN2-MOUSE#O70497/XLOC-002398#SVEP1-DANRE#A0A1D5NSM8/XLOC-010998#MA2B1-MACFA#Q60HE9",7
"GO:0048871","GO:0048871","multicellular organismal-level homeostasis","5/80","169/6213",0.029585798816568,2.29770710059172,1.9533588751366,0.0660128045765513,0.592284160230134,0.565575697945335,"gene-evm.model.ptg000004l.110#SODC-ONCVO#P24706/gene-evm.model.ptg000055l.299#TPP1-DANRE#F8W2M8/gene-evm.model.ptg000027l.443#PCP-PONAB#Q5RBU7/XLOC-026157#AP2D-HUMAN#Q7Z6R9/XLOC-011359#CROCC-HUMAN#Q5TZA2",5
"GO:0032279","GO:0032279","asymmetric synapse","4/80","119/6213",0.0336134453781513,2.61050420168067,2.02585497667472,0.0666786132610005,0.592284160230134,0.565575697945335,"XLOC-007156#KALRN-MOUSE#A2CG49/XLOC-000920#RB6I2-RAT#Q811U3/gene-evm.model.ptg000018l.1280#NCK2-HUMAN#O43639/XLOC-002354#DAB2P-MOUSE#Q3UHC7",4
"GO:0042063","GO:0042063","gliogenesis","4/80","119/6213",0.0336134453781513,2.61050420168067,2.02585497667472,0.0666786132610005,0.592284160230134,0.565575697945335,"gene-evm.model.ptg000004l.110#SODC-ONCVO#P24706/XLOC-026157#AP2D-HUMAN#Q7Z6R9/novel-gene-chr14-11626#novel-gene-chr14-11626/XLOC-002354#DAB2P-MOUSE#Q3UHC7",4
"GO:0002088","GO:0002088","lens development in camera-type eye","2/80","33/6213",0.0606060606060606,4.70681818181818,2.4383062486486,0.0668743377035906,0.592284160230134,0.565575697945335,"XLOC-026157#AP2D-HUMAN#Q7Z6R9/XLOC-003485#CTNS-HUMAN#O60931",2
"GO:0008201","GO:0008201","heparin binding","2/80","33/6213",0.0606060606060606,4.70681818181818,2.4383062486486,0.0668743377035906,0.592284160230134,0.565575697945335,"XLOC-022170#FSTL1-MACFA#Q9GKY0/gene-evm.model.ptg000035l.378#TRLF-DESRO#K9IMD0",2
"GO:0045446","GO:0045446","endothelial cell differentiation","2/80","33/6213",0.0606060606060606,4.70681818181818,2.4383062486486,0.0668743377035906,0.592284160230134,0.565575697945335,"gene-evm.model.ptg000005l.77#PLOD1-CHICK#P24802/XLOC-000223#BMP1-MOUSE#P98063",2
"GO:0048013","GO:0048013","ephrin receptor signaling pathway","2/80","33/6213",0.0606060606060606,4.70681818181818,2.4383062486486,0.0668743377035906,0.592284160230134,0.565575697945335,"XLOC-007156#KALRN-MOUSE#A2CG49/gene-evm.model.ptg000018l.1280#NCK2-HUMAN#O43639",2
"GO:0050830","GO:0050830","defense response to Gram-positive bacterium","2/80","33/6213",0.0606060606060606,4.70681818181818,2.4383062486486,0.0668743377035906,0.592284160230134,0.565575697945335,"XLOC-003023#FCN2-MOUSE#O70497/XLOC-012867#MLP3A-BOVIN#Q2HJ23",2
"GO:0001704","GO:0001704","formation of primary germ layer","3/80","73/6213",0.0410958904109589,3.1916095890411,2.15112016339968,0.0673162263708686,0.592284160230134,0.565575697945335,"XLOC-000223#BMP1-MOUSE#P98063/XLOC-001851#TBX20-MOUSE#Q9ES03/XLOC-002903#FZD1-XENLA#Q9I9M5",3
"GO:0001764","GO:0001764","neuron migration","3/80","73/6213",0.0410958904109589,3.1916095890411,2.15112016339968,0.0673162263708686,0.592284160230134,0.565575697945335,"XLOC-000011#NID2-RAT#B5DFC9/XLOC-007156#KALRN-MOUSE#A2CG49/XLOC-001851#TBX20-MOUSE#Q9ES03",3
"GO:0035113","GO:0035113","embryonic appendage morphogenesis","3/80","73/6213",0.0410958904109589,3.1916095890411,2.15112016339968,0.0673162263708686,0.592284160230134,0.565575697945335,"XLOC-026157#AP2D-HUMAN#Q7Z6R9/XLOC-000223#BMP1-MOUSE#P98063/novel-gene-chr14-11626#novel-gene-chr14-11626",3
"GO:0090101","GO:0090101","negative regulation of transmembrane receptor protein serine/threonine kinase signaling pathway","3/80","73/6213",0.0410958904109589,3.1916095890411,2.15112016339968,0.0673162263708686,0.592284160230134,0.565575697945335,"XLOC-020392#PRSS8-RAT#Q9ES87/XLOC-001851#TBX20-MOUSE#Q9ES03/XLOC-002903#FZD1-XENLA#Q9I9M5",3
"GO:0002253","GO:0002253","activation of immune response","4/80","120/6213",0.0333333333333333,2.58875,2.00703447379718,0.0683293465173152,0.599003979323325,0.571992493512216,"XLOC-003023#FCN2-MOUSE#O70497/XLOC-002398#SVEP1-DANRE#A0A1D5NSM8/novel-gene-chr14-11626#novel-gene-chr14-11626/gene-evm.model.ptg000018l.1280#NCK2-HUMAN#O43639",4
"GO:0008406","GO:0008406","gonad development","5/80","171/6213",0.0292397660818713,2.27083333333333,1.9245115729386,0.0687095232215855,0.599171226495459,0.572152198840267,"gene-evm.model.ptg000004l.110#SODC-ONCVO#P24706/XLOC-008889#CATZ-BOVIN#P05689/XLOC-026157#AP2D-HUMAN#Q7Z6R9/XLOC-008027#CATZ-RAT#Q9R1T3/XLOC-001851#TBX20-MOUSE#Q9ES03",5
"GO:0043068","GO:0043068","positive regulation of programmed cell death","8/80","340/6213",0.0235294117647059,1.82735294117647,1.79194430736006,0.0699259330101951,0.599171226495459,0.572152198840267,"gene-evm.model.ptg000004l.110#SODC-ONCVO#P24706/XLOC-008889#CATZ-BOVIN#P05689/XLOC-015778#STPG1-XENLA#Q3KQ80/XLOC-026157#AP2D-HUMAN#Q7Z6R9/XLOC-007156#KALRN-MOUSE#A2CG49/XLOC-020780#ANM2-HUMAN#P55345/gene-evm.model.ptg000018l.1280#NCK2-HUMAN#O43639/XLOC-002354#DAB2P-MOUSE#Q3UHC7",8
"GO:0098984","GO:0098984","neuron to neuron synapse","4/80","121/6213",0.0330578512396694,2.56735537190083,1.98840318094319,0.0700012881743231,0.599171226495459,0.572152198840267,"XLOC-007156#KALRN-MOUSE#A2CG49/XLOC-000920#RB6I2-RAT#Q811U3/gene-evm.model.ptg000018l.1280#NCK2-HUMAN#O43639/XLOC-002354#DAB2P-MOUSE#Q3UHC7",4
"GO:0045137","GO:0045137","development of primary sexual characteristics","5/80","172/6213",0.0290697674418605,2.25763081395349,1.91023681174097,0.0700807590945928,0.599171226495459,0.572152198840267,"gene-evm.model.ptg000004l.110#SODC-ONCVO#P24706/XLOC-008889#CATZ-BOVIN#P05689/XLOC-026157#AP2D-HUMAN#Q7Z6R9/XLOC-008027#CATZ-RAT#Q9R1T3/XLOC-001851#TBX20-MOUSE#Q9ES03",5
"GO:0033559","GO:0033559","unsaturated fatty acid metabolic process","2/80","34/6213",0.0588235294117647,4.56838235294118,2.38273628558656,0.0704769834231183,0.599171226495459,0.572152198840267,"novel-gene-chr4-9990#ACOD-SHEEP#O62849/XLOC-025017#CP3AO-SHEEP#Q29496",2
"GO:0034198","GO:0034198","cellular response to amino acid starvation","2/80","34/6213",0.0588235294117647,4.56838235294118,2.38273628558656,0.0704769834231183,0.599171226495459,0.572152198840267,"XLOC-012867#MLP3A-BOVIN#Q2HJ23/XLOC-013451#S38A2-CHICK#Q5F468",2
"GO:0030695","GO:0030695","GTPase regulator activity","4/80","122/6213",0.0327868852459016,2.54631147540984,1.96995737465272,0.071694348428443,0.599171226495459,0.572152198840267,"gene-evm.model.ptg000022l.488#RBGP1-MOUSE#A2AWA9/XLOC-007156#KALRN-MOUSE#A2CG49/XLOC-021538#RPGP1-HUMAN#P47736/XLOC-002354#DAB2P-MOUSE#Q3UHC7",4
"GO:0007155","GO:0007155","cell adhesion","6/80","228/6213",0.0263157894736842,2.04375,1.83381731608427,0.0725642976365911,0.599171226495459,0.572152198840267,"XLOC-000011#NID2-RAT#B5DFC9/XLOC-013453#FCN1-PIG#Q29042/XLOC-015776#RET-HUMAN#P07949/XLOC-019944#FCN1-HUMAN#O00602/XLOC-012512#MLRP1-ACRMI#B3EWZ5/XLOC-002903#FZD1-XENLA#Q9I9M5",6
"GO:0050801","GO:0050801","monoatomic ion homeostasis","8/80","344/6213",0.0232558139534884,1.80610465116279,1.7567615932249,0.0737868559978169,0.599171226495459,0.572152198840267,"gene-evm.model.ptg000004l.110#SODC-ONCVO#P24706/XLOC-026157#AP2D-HUMAN#Q7Z6R9/XLOC-020392#PRSS8-RAT#Q9ES87/XLOC-008866#MCUR1-MOUSE#Q9CXD6/XLOC-024417#HEPHL-ACRMI#B3EWZ9/XLOC-025017#CP3AO-SHEEP#Q29496/gene-evm.model.ptg000003l.459#ZNT1-MACFA#Q4R6K2/XLOC-010474#SDHF2-CULQU#B0XK69",8
"GO:0001752","GO:0001752","compound eye photoreceptor fate commitment","2/80","35/6213",0.0571428571428571,4.43785714285714,2.32928232326156,0.0741419444699901,0.599171226495459,0.572152198840267,"novel-gene-chr14-11626#novel-gene-chr14-11626/XLOC-002903#FZD1-XENLA#Q9I9M5",2
"GO:0015179","GO:0015179","L-amino acid transmembrane transporter activity","2/80","35/6213",0.0571428571428571,4.43785714285714,2.32928232326156,0.0741419444699901,0.599171226495459,0.572152198840267,"XLOC-003485#CTNS-HUMAN#O60931/XLOC-013451#S38A2-CHICK#Q5F468",2
"GO:0015807","GO:0015807","L-amino acid transport","2/80","35/6213",0.0571428571428571,4.43785714285714,2.32928232326156,0.0741419444699901,0.599171226495459,0.572152198840267,"XLOC-003485#CTNS-HUMAN#O60931/XLOC-013451#S38A2-CHICK#Q5F468",2
"GO:0035162","GO:0035162","embryonic hemopoiesis","2/80","35/6213",0.0571428571428571,4.43785714285714,2.32928232326156,0.0741419444699901,0.599171226495459,0.572152198840267,"XLOC-000223#BMP1-MOUSE#P98063/XLOC-001851#TBX20-MOUSE#Q9ES03",2
"GO:0042706","GO:0042706","eye photoreceptor cell fate commitment","2/80","35/6213",0.0571428571428571,4.43785714285714,2.32928232326156,0.0741419444699901,0.599171226495459,0.572152198840267,"novel-gene-chr14-11626#novel-gene-chr14-11626/XLOC-002903#FZD1-XENLA#Q9I9M5",2
"GO:0046552","GO:0046552","photoreceptor cell fate commitment","2/80","35/6213",0.0571428571428571,4.43785714285714,2.32928232326156,0.0741419444699901,0.599171226495459,0.572152198840267,"novel-gene-chr14-11626#novel-gene-chr14-11626/XLOC-002903#FZD1-XENLA#Q9I9M5",2
"GO:0060415","GO:0060415","muscle tissue morphogenesis","2/80","35/6213",0.0571428571428571,4.43785714285714,2.32928232326156,0.0741419444699901,0.599171226495459,0.572152198840267,"XLOC-001851#TBX20-MOUSE#Q9ES03/XLOC-002903#FZD1-XENLA#Q9I9M5",2
"GO:1902475","GO:1902475","L-alpha-amino acid transmembrane transport","2/80","35/6213",0.0571428571428571,4.43785714285714,2.32928232326156,0.0741419444699901,0.599171226495459,0.572152198840267,"XLOC-003485#CTNS-HUMAN#O60931/XLOC-013451#S38A2-CHICK#Q5F468",2
"GO:0007612","GO:0007612","learning","4/80","124/6213",0.032258064516129,2.50524193548387,1.93360784464057,0.0751434445954246,0.599171226495459,0.572152198840267,"XLOC-007156#KALRN-MOUSE#A2CG49/XLOC-003485#CTNS-HUMAN#O60931/XLOC-021538#RPGP1-HUMAN#P47736/XLOC-002354#DAB2P-MOUSE#Q3UHC7",4
"GO:0032102","GO:0032102","negative regulation of response to external stimulus","4/80","124/6213",0.032258064516129,2.50524193548387,1.93360784464057,0.0751434445954246,0.599171226495459,0.572152198840267,"XLOC-027061#PRSS8-HUMAN#Q16651/XLOC-026524#KLKB1-RAT#P14272/XLOC-020392#PRSS8-RAT#Q9ES87/gene-evm.model.ptg000035l.378#TRLF-DESRO#K9IMD0",4
"GO:0043393","GO:0043393","regulation of protein binding","4/80","124/6213",0.032258064516129,2.50524193548387,1.93360784464057,0.0751434445954246,0.599171226495459,0.572152198840267,"XLOC-008889#CATZ-BOVIN#P05689/XLOC-015778#STPG1-XENLA#Q3KQ80/novel-gene-chr14-11626#novel-gene-chr14-11626/XLOC-002354#DAB2P-MOUSE#Q3UHC7",4
"GO:0031347","GO:0031347","regulation of defense response","6/80","231/6213",0.025974025974026,2.01720779220779,1.79935435215441,0.0762461655527266,0.599171226495459,0.572152198840267,"XLOC-027061#PRSS8-HUMAN#Q16651/XLOC-026524#KLKB1-RAT#P14272/XLOC-003023#FCN2-MOUSE#O70497/XLOC-002398#SVEP1-DANRE#A0A1D5NSM8/novel-gene-chr14-11626#novel-gene-chr14-11626/XLOC-002354#DAB2P-MOUSE#Q3UHC7",6
"GO:0032266","GO:0032266","phosphatidylinositol-3-phosphate binding","2/80","36/6213",0.0555555555555556,4.31458333333333,2.27780019957192,0.077867065789983,0.599171226495459,0.572152198840267,"XLOC-011926#PKHF2-CHICK#Q5ZLY5/XLOC-002354#DAB2P-MOUSE#Q3UHC7",2
"GO:0046579","GO:0046579","positive regulation of Ras protein signal transduction","2/80","36/6213",0.0555555555555556,4.31458333333333,2.27780019957192,0.077867065789983,0.599171226495459,0.572152198840267,"XLOC-007156#KALRN-MOUSE#A2CG49/gene-evm.model.ptg000003l.459#ZNT1-MACFA#Q4R6K2",2
"GO:0051057","GO:0051057","positive regulation of small GTPase mediated signal transduction","2/80","36/6213",0.0555555555555556,4.31458333333333,2.27780019957192,0.077867065789983,0.599171226495459,0.572152198840267,"XLOC-007156#KALRN-MOUSE#A2CG49/gene-evm.model.ptg000003l.459#ZNT1-MACFA#Q4R6K2",2
"GO:0055081","GO:0055081","monoatomic anion homeostasis","2/80","36/6213",0.0555555555555556,4.31458333333333,2.27780019957192,0.077867065789983,0.599171226495459,0.572152198840267,"XLOC-026157#AP2D-HUMAN#Q7Z6R9/XLOC-025017#CP3AO-SHEEP#Q29496",2
"GO:0019725","GO:0019725","cellular homeostasis","9/80","409/6213",0.0220048899755501,1.70895476772616,1.69410652152576,0.0784902757157039,0.599171226495459,0.572152198840267,"gene-evm.model.ptg000004l.110#SODC-ONCVO#P24706/XLOC-026157#AP2D-HUMAN#Q7Z6R9/XLOC-020392#PRSS8-RAT#Q9ES87/gene-evm.model.ptg000035l.378#TRLF-DESRO#K9IMD0/XLOC-022444#SNTB1-HUMAN#Q13884/XLOC-008866#MCUR1-MOUSE#Q9CXD6/XLOC-024417#HEPHL-ACRMI#B3EWZ9/XLOC-025017#CP3AO-SHEEP#Q29496/gene-evm.model.ptg000003l.459#ZNT1-MACFA#Q4R6K2",9
"GO:0040007","GO:0040007","growth","8/80","350/6213",0.0228571428571429,1.77514285714286,1.70482599634736,0.0798201466831751,0.599171226495459,0.572152198840267,"gene-evm.model.ptg000005l.77#PLOD1-CHICK#P24802/XLOC-026157#AP2D-HUMAN#Q7Z6R9/XLOC-013453#FCN1-PIG#Q29042/gene-evm.model.ptg000035l.378#TRLF-DESRO#K9IMD0/XLOC-019944#FCN1-HUMAN#O00602/XLOC-001851#TBX20-MOUSE#Q9ES03/XLOC-020780#ANM2-HUMAN#P55345/XLOC-002903#FZD1-XENLA#Q9I9M5",8
"GO:0061564","GO:0061564","axon development","8/80","351/6213",0.0227920227920228,1.77008547008547,1.69626544511414,0.0808539624074877,0.599171226495459,0.572152198840267,"XLOC-000011#NID2-RAT#B5DFC9/XLOC-013453#FCN1-PIG#Q29042/XLOC-000223#BMP1-MOUSE#P98063/XLOC-019944#FCN1-HUMAN#O00602/XLOC-007156#KALRN-MOUSE#A2CG49/XLOC-014474#TMPS5-HUMAN#Q9H3S3/XLOC-001851#TBX20-MOUSE#Q9ES03/XLOC-002903#FZD1-XENLA#Q9I9M5",8
"GO:0051090","GO:0051090","regulation of DNA-binding transcription factor activity","5/80","180/6213",0.0277777777777778,2.15729166666667,1.79943701774522,0.0815959836801814,0.599171226495459,0.572152198840267,"XLOC-000920#RB6I2-RAT#Q811U3/XLOC-020780#ANM2-HUMAN#P55345/novel-gene-chr14-11626#novel-gene-chr14-11626/XLOC-002903#FZD1-XENLA#Q9I9M5/XLOC-002354#DAB2P-MOUSE#Q3UHC7",5
"GO:0004197","GO:0004197","cysteine-type endopeptidase activity","2/80","37/6213",0.0540540540540541,4.19797297297297,2.22815932599081,0.0816502362495354,0.599171226495459,0.572152198840267,"XLOC-015868#XLOC-015868/XLOC-008889#CATZ-BOVIN#P05689",2
"GO:0015695","GO:0015695","organic cation transport","2/80","37/6213",0.0540540540540541,4.19797297297297,2.22815932599081,0.0816502362495354,0.599171226495459,0.572152198840267,"XLOC-022444#SNTB1-HUMAN#Q13884/XLOC-013451#S38A2-CHICK#Q5F468",2
"GO:0030183","GO:0030183","B cell differentiation","2/80","37/6213",0.0540540540540541,4.19797297297297,2.22815932599081,0.0816502362495354,0.599171226495459,0.572152198840267,"XLOC-002398#SVEP1-DANRE#A0A1D5NSM8/novel-gene-chr14-11626#novel-gene-chr14-11626",2
"GO:0060021","GO:0060021","roof of mouth development","2/80","37/6213",0.0540540540540541,4.19797297297297,2.22815932599081,0.0816502362495354,0.599171226495459,0.572152198840267,"XLOC-026157#AP2D-HUMAN#Q7Z6R9/XLOC-002903#FZD1-XENLA#Q9I9M5",2
"GO:0061515","GO:0061515","myeloid cell development","2/80","37/6213",0.0540540540540541,4.19797297297297,2.22815932599081,0.0816502362495354,0.599171226495459,0.572152198840267,"gene-evm.model.ptg000022l.488#RBGP1-MOUSE#A2AWA9/novel-gene-chr14-11626#novel-gene-chr14-11626",2
"GO:1990928","GO:1990928","response to amino acid starvation","2/80","37/6213",0.0540540540540541,4.19797297297297,2.22815932599081,0.0816502362495354,0.599171226495459,0.572152198840267,"XLOC-012867#MLP3A-BOVIN#Q2HJ23/XLOC-013451#S38A2-CHICK#Q5F468",2
"GO:2001244","GO:2001244","positive regulation of intrinsic apoptotic signaling pathway","2/80","37/6213",0.0540540540540541,4.19797297297297,2.22815932599081,0.0816502362495354,0.599171226495459,0.572152198840267,"gene-evm.model.ptg000004l.110#SODC-ONCVO#P24706/gene-evm.model.ptg000018l.1280#NCK2-HUMAN#O43639",2
"GO:0010038","GO:0010038","response to metal ion","6/80","236/6213",0.0254237288135593,1.97447033898305,1.74303951523163,0.0826173423834814,0.599171226495459,0.572152198840267,"gene-evm.model.ptg000004l.110#SODC-ONCVO#P24706/XLOC-026157#AP2D-HUMAN#Q7Z6R9/XLOC-012867#MLP3A-BOVIN#Q2HJ23/XLOC-024417#HEPHL-ACRMI#B3EWZ9/gene-evm.model.ptg000003l.459#ZNT1-MACFA#Q4R6K2/novel-gene-chr14-11626#novel-gene-chr14-11626",6
"GO:0006952","GO:0006952","defense response","8/80","353/6213",0.0226628895184136,1.7600566572238,1.67922444062045,0.0829458362599983,0.599171226495459,0.572152198840267,"XLOC-027061#PRSS8-HUMAN#Q16651/XLOC-026524#KLKB1-RAT#P14272/gene-evm.model.ptg000027l.443#PCP-PONAB#Q5RBU7/XLOC-003023#FCN2-MOUSE#O70497/XLOC-002968#GILT-DANRE#Q5XJN2/XLOC-007156#KALRN-MOUSE#A2CG49/XLOC-002962#LIPP-ICTTR#O88354/XLOC-012867#MLP3A-BOVIN#Q2HJ23",8
"GO:0007416","GO:0007416","synapse assembly","3/80","80/6213",0.0375,2.91234375,1.96606877874791,0.0835175713931189,0.599171226495459,0.572152198840267,"XLOC-000920#RB6I2-RAT#Q811U3/novel-gene-chr14-11626#novel-gene-chr14-11626/XLOC-002903#FZD1-XENLA#Q9I9M5",3
"GO:0060348","GO:0060348","bone development","3/80","80/6213",0.0375,2.91234375,1.96606877874791,0.0835175713931189,0.599171226495459,0.572152198840267,"gene-evm.model.ptg000022l.488#RBGP1-MOUSE#A2AWA9/XLOC-026157#AP2D-HUMAN#Q7Z6R9/novel-gene-chr14-11626#novel-gene-chr14-11626",3
"GO:0003158","GO:0003158","endothelium development","2/80","38/6213",0.0526315789473684,4.0875,2.1802410797488,0.0854893878853792,0.599171226495459,0.572152198840267,"gene-evm.model.ptg000005l.77#PLOD1-CHICK#P24802/XLOC-000223#BMP1-MOUSE#P98063",2
"GO:0035418","GO:0035418","protein localization to synapse","2/80","38/6213",0.0526315789473684,4.0875,2.1802410797488,0.0854893878853792,0.599171226495459,0.572152198840267,"XLOC-000011#NID2-RAT#B5DFC9/XLOC-007156#KALRN-MOUSE#A2CG49",2
"GO:0042067","GO:0042067","establishment of ommatidial planar polarity","2/80","38/6213",0.0526315789473684,4.0875,2.1802410797488,0.0854893878853792,0.599171226495459,0.572152198840267,"novel-gene-chr14-11626#novel-gene-chr14-11626/XLOC-002903#FZD1-XENLA#Q9I9M5",2
"GO:0055080","GO:0055080","monoatomic cation homeostasis","7/80","296/6213",0.0236486486486486,1.83661317567568,1.68439524014948,0.0855692775656534,0.599171226495459,0.572152198840267,"gene-evm.model.ptg000004l.110#SODC-ONCVO#P24706/XLOC-026157#AP2D-HUMAN#Q7Z6R9/XLOC-020392#PRSS8-RAT#Q9ES87/XLOC-008866#MCUR1-MOUSE#Q9CXD6/XLOC-024417#HEPHL-ACRMI#B3EWZ9/gene-evm.model.ptg000003l.459#ZNT1-MACFA#Q4R6K2/XLOC-010474#SDHF2-CULQU#B0XK69",7
"GO:0051087","GO:0051087","protein-folding chaperone binding","3/80","81/6213",0.037037037037037,2.87638888888889,1.94128153482953,0.0859581446582261,0.599171226495459,0.572152198840267,"gene-evm.model.ptg000004l.110#SODC-ONCVO#P24706/gene-evm.model.ptg000035l.378#TRLF-DESRO#K9IMD0/XLOC-024417#HEPHL-ACRMI#B3EWZ9",3
"GO:0002064","GO:0002064","epithelial cell development","7/80","297/6213",0.0235690235690236,1.83042929292929,1.67490830858789,0.0867570933779324,0.599171226495459,0.572152198840267,"gene-evm.model.ptg000004l.110#SODC-ONCVO#P24706/gene-evm.model.ptg000005l.77#PLOD1-CHICK#P24802/XLOC-026157#AP2D-HUMAN#Q7Z6R9/XLOC-000223#BMP1-MOUSE#P98063/XLOC-001851#TBX20-MOUSE#Q9ES03/novel-gene-chr14-11626#novel-gene-chr14-11626/XLOC-002903#FZD1-XENLA#Q9I9M5",7
"GO:0030111","GO:0030111","regulation of Wnt signaling pathway","5/80","184/6213",0.0271739130434783,2.11039402173913,1.74617440910074,0.0877133624443663,0.599171226495459,0.572152198840267,"XLOC-020196#FRMD8-RAT#Q5U2R3/novel-gene-chr14-11626#novel-gene-chr14-11626/XLOC-002903#FZD1-XENLA#Q9I9M5/XLOC-010474#SDHF2-CULQU#B0XK69/XLOC-002354#DAB2P-MOUSE#Q3UHC7",5
"GO:0061062","GO:0061062","regulation of nematode larval development","3/80","82/6213",0.0365853658536585,2.84131097560976,1.91686993023612,0.0884290822603841,0.599171226495459,0.572152198840267,"gene-evm.model.ptg000004l.110#SODC-ONCVO#P24706/XLOC-007156#KALRN-MOUSE#A2CG49/gene-evm.model.ptg000003l.459#ZNT1-MACFA#Q4R6K2",3
"GO:0002576","GO:0002576","platelet degranulation","2/80","39/6213",0.0512820512820513,3.98269230769231,2.13393742331694,0.0893824951658348,0.599171226495459,0.572152198840267,"gene-evm.model.ptg000004l.110#SODC-ONCVO#P24706/gene-evm.model.ptg000035l.378#TRLF-DESRO#K9IMD0",2
"GO:0031670","GO:0031670","cellular response to nutrient","2/80","39/6213",0.0512820512820513,3.98269230769231,2.13393742331694,0.0893824951658348,0.599171226495459,0.572152198840267,"gene-evm.model.ptg000004l.110#SODC-ONCVO#P24706/XLOC-002903#FZD1-XENLA#Q9I9M5",2
"GO:0043525","GO:0043525","positive regulation of neuron apoptotic process","2/80","39/6213",0.0512820512820513,3.98269230769231,2.13393742331694,0.0893824951658348,0.599171226495459,0.572152198840267,"XLOC-008889#CATZ-BOVIN#P05689/XLOC-026157#AP2D-HUMAN#Q7Z6R9",2
"GO:0048644","GO:0048644","muscle organ morphogenesis","2/80","39/6213",0.0512820512820513,3.98269230769231,2.13393742331694,0.0893824951658348,0.599171226495459,0.572152198840267,"XLOC-001851#TBX20-MOUSE#Q9ES03/XLOC-002903#FZD1-XENLA#Q9I9M5",2
"GO:0000122","GO:0000122","negative regulation of transcription by RNA polymerase II","8/80","359/6213",0.0222841225626741,1.73064066852368,1.6287294228349,0.089415335812526,0.599171226495459,0.572152198840267,"XLOC-026157#AP2D-HUMAN#Q7Z6R9/XLOC-020392#PRSS8-RAT#Q9ES87/XLOC-003461#NFIC-MOUSE#P70255/XLOC-001851#TBX20-MOUSE#Q9ES03/novel-gene-chr14-11626#novel-gene-chr14-11626/XLOC-014541#HES4A-XENLA#Q90Z12/gene-evm.model.ptg000018l.1280#NCK2-HUMAN#O43639/XLOC-002354#DAB2P-MOUSE#Q3UHC7",8
"GO:0010171","GO:0010171","body morphogenesis","3/80","83/6213",0.036144578313253,2.80707831325301,1.89282305698709,0.0909299846661173,0.599171226495459,0.572152198840267,"XLOC-008889#CATZ-BOVIN#P05689/XLOC-026157#AP2D-HUMAN#Q7Z6R9/XLOC-008027#CATZ-RAT#Q9R1T3",3
"GO:0016052","GO:0016052","carbohydrate catabolic process","3/80","83/6213",0.036144578313253,2.80707831325301,1.89282305698709,0.0909299846661173,0.599171226495459,0.572152198840267,"XLOC-012475#BGAL-FELCA#O19015/XLOC-010998#MA2B1-MACFA#Q60HE9/XLOC-003833#NAGAB-CHICK#Q90744",3
"GO:0032103","GO:0032103","positive regulation of response to external stimulus","4/80","133/6213",0.0300751879699248,2.33571428571429,1.77832787643461,0.0916821113679737,0.599171226495459,0.572152198840267,"XLOC-027061#PRSS8-HUMAN#Q16651/XLOC-026524#KLKB1-RAT#P14272/gene-evm.model.ptg000035l.378#TRLF-DESRO#K9IMD0/XLOC-002903#FZD1-XENLA#Q9I9M5",4
"GO:0048878","GO:0048878","chemical homeostasis","10/80","486/6213",0.0205761316872428,1.59799382716049,1.5681062245035,0.0927187005585556,0.599171226495459,0.572152198840267,"gene-evm.model.ptg000004l.110#SODC-ONCVO#P24706/gene-evm.model.ptg000027l.443#PCP-PONAB#Q5RBU7/XLOC-026157#AP2D-HUMAN#Q7Z6R9/XLOC-020392#PRSS8-RAT#Q9ES87/XLOC-008866#MCUR1-MOUSE#Q9CXD6/XLOC-024417#HEPHL-ACRMI#B3EWZ9/XLOC-025017#CP3AO-SHEEP#Q29496/XLOC-014474#TMPS5-HUMAN#Q9H3S3/gene-evm.model.ptg000003l.459#ZNT1-MACFA#Q4R6K2/XLOC-010474#SDHF2-CULQU#B0XK69",10
"GO:0007586","GO:0007586","digestion","2/80","40/6213",0.05,3.883125,2.08914971412151,0.0933275742635989,0.599171226495459,0.572152198840267,"gene-evm.model.ptg000027l.83#CEL3B-MOUSE#Q9CQ52/XLOC-002962#LIPP-ICTTR#O88354",2
"GO:0097006","GO:0097006","regulation of plasma lipoprotein particle levels","2/80","40/6213",0.05,3.883125,2.08914971412151,0.0933275742635989,0.599171226495459,0.572152198840267,"gene-evm.model.ptg000035l.378#TRLF-DESRO#K9IMD0/XLOC-000223#BMP1-MOUSE#P98063",2
"GO:0030516","GO:0030516","regulation of axon extension","3/80","84/6213",0.0357142857142857,2.77366071428571,1.86913045482623,0.0934604478158525,0.599171226495459,0.572152198840267,"XLOC-007156#KALRN-MOUSE#A2CG49/novel-gene-chr14-11626#novel-gene-chr14-11626/XLOC-002903#FZD1-XENLA#Q9I9M5",3
"GO:0008544","GO:0008544","epidermis development","4/80","134/6213",0.0298507462686567,2.31828358208955,1.76185192615569,0.0936201416388247,0.599171226495459,0.572152198840267,"gene-evm.model.ptg000004l.110#SODC-ONCVO#P24706/gene-evm.model.ptg000005l.77#PLOD1-CHICK#P24802/XLOC-026157#AP2D-HUMAN#Q7Z6R9/XLOC-002903#FZD1-XENLA#Q9I9M5",4
"GO:0043523","GO:0043523","regulation of neuron apoptotic process","4/80","134/6213",0.0298507462686567,2.31828358208955,1.76185192615569,0.0936201416388247,0.599171226495459,0.572152198840267,"gene-evm.model.ptg000004l.110#SODC-ONCVO#P24706/XLOC-008889#CATZ-BOVIN#P05689/XLOC-026157#AP2D-HUMAN#Q7Z6R9/XLOC-002354#DAB2P-MOUSE#Q3UHC7",4
"GO:0030335","GO:0030335","positive regulation of cell migration","5/80","188/6213",0.0265957446808511,2.0654920212766,1.69423962807847,0.094066689092674,0.599171226495459,0.572152198840267,"XLOC-020938#SPB6-MOUSE#Q60854/XLOC-026157#AP2D-HUMAN#Q7Z6R9/gene-evm.model.ptg000035l.378#TRLF-DESRO#K9IMD0/XLOC-001851#TBX20-MOUSE#Q9ES03/XLOC-002354#DAB2P-MOUSE#Q3UHC7",5
"GO:0043087","GO:0043087","regulation of GTPase activity","5/80","188/6213",0.0265957446808511,2.0654920212766,1.69423962807847,0.094066689092674,0.599171226495459,0.572152198840267,"gene-evm.model.ptg000004l.110#SODC-ONCVO#P24706/gene-evm.model.ptg000022l.488#RBGP1-MOUSE#A2AWA9/XLOC-007156#KALRN-MOUSE#A2CG49/XLOC-021538#RPGP1-HUMAN#P47736/XLOC-002354#DAB2P-MOUSE#Q3UHC7",5
"GO:0008347","GO:0008347","glial cell migration","2/80","41/6213",0.0487804878048781,3.78841463414634,2.04578767423106,0.0973226823398569,0.599171226495459,0.572152198840267,"novel-gene-chr14-11626#novel-gene-chr14-11626/XLOC-002354#DAB2P-MOUSE#Q3UHC7",2
"GO:0019229","GO:0019229","regulation of vasoconstriction","2/80","41/6213",0.0487804878048781,3.78841463414634,2.04578767423106,0.0973226823398569,0.599171226495459,0.572152198840267,"XLOC-022444#SNTB1-HUMAN#Q13884/XLOC-025017#CP3AO-SHEEP#Q29496",2
"GO:0045833","GO:0045833","negative regulation of lipid metabolic process","2/80","41/6213",0.0487804878048781,3.78841463414634,2.04578767423106,0.0973226823398569,0.599171226495459,0.572152198840267,"gene-evm.model.ptg000004l.110#SODC-ONCVO#P24706/XLOC-002354#DAB2P-MOUSE#Q3UHC7",2
"GO:0007605","GO:0007605","sensory perception of sound","3/80","86/6213",0.0348837209302326,2.70915697674419,1.82276832167111,0.0986084192399077,0.599171226495459,0.572152198840267,"gene-evm.model.ptg000004l.110#SODC-ONCVO#P24706/XLOC-026157#AP2D-HUMAN#Q7Z6R9/XLOC-011359#CROCC-HUMAN#Q5TZA2",3
"GO:0050863","GO:0050863","regulation of T cell activation","3/80","86/6213",0.0348837209302326,2.70915697674419,1.82276832167111,0.0986084192399077,0.599171226495459,0.572152198840267,"gene-evm.model.ptg000004l.110#SODC-ONCVO#P24706/XLOC-002398#SVEP1-DANRE#A0A1D5NSM8/gene-evm.model.ptg000018l.1280#NCK2-HUMAN#O43639",3
"GO:0007548","GO:0007548","sex differentiation","6/80","249/6213",0.0240963855421687,1.87138554216867,1.6027487276232,0.100541091848034,0.599171226495459,0.572152198840267,"gene-evm.model.ptg000004l.110#SODC-ONCVO#P24706/XLOC-008889#CATZ-BOVIN#P05689/XLOC-026157#AP2D-HUMAN#Q7Z6R9/XLOC-007156#KALRN-MOUSE#A2CG49/XLOC-008027#CATZ-RAT#Q9R1T3/XLOC-001851#TBX20-MOUSE#Q9ES03",6
"GO:0045892","GO:0045892","negative regulation of DNA-templated transcription","10/80","494/6213",0.0202429149797571,1.57211538461538,1.51360058635252,0.100662018349737,0.599171226495459,0.572152198840267,"XLOC-026157#AP2D-HUMAN#Q7Z6R9/XLOC-020392#PRSS8-RAT#Q9ES87/XLOC-003461#NFIC-MOUSE#P70255/XLOC-001851#TBX20-MOUSE#Q9ES03/XLOC-020780#ANM2-HUMAN#P55345/novel-gene-chr14-11626#novel-gene-chr14-11626/XLOC-014541#HES4A-XENLA#Q90Z12/XLOC-002903#FZD1-XENLA#Q9I9M5/gene-evm.model.ptg000018l.1280#NCK2-HUMAN#O43639/XLOC-002354#DAB2P-MOUSE#Q3UHC7",10
"GO:0009913","GO:0009913","epidermal cell differentiation","3/80","87/6213",0.0344827586206897,2.67801724137931,1.80007990438035,0.101225099378785,0.599171226495459,0.572152198840267,"gene-evm.model.ptg000004l.110#SODC-ONCVO#P24706/XLOC-026157#AP2D-HUMAN#Q7Z6R9/XLOC-002903#FZD1-XENLA#Q9I9M5",3
"GO:0050727","GO:0050727","regulation of inflammatory response","3/80","87/6213",0.0344827586206897,2.67801724137931,1.80007990438035,0.101225099378785,0.599171226495459,0.572152198840267,"XLOC-027061#PRSS8-HUMAN#Q16651/XLOC-026524#KLKB1-RAT#P14272/XLOC-002398#SVEP1-DANRE#A0A1D5NSM8",3
"GO:1904813","GO:1904813","ficolin-1-rich granule lumen","3/80","87/6213",0.0344827586206897,2.67801724137931,1.80007990438035,0.101225099378785,0.599171226495459,0.572152198840267,"XLOC-008889#CATZ-BOVIN#P05689/XLOC-012475#BGAL-FELCA#O19015/XLOC-003023#FCN2-MOUSE#O70497",3
"GO:0043535","GO:0043535","regulation of blood vessel endothelial cell migration","2/80","42/6213",0.0476190476190476,3.69821428571429,2.00376849518138,0.101365916839555,0.599171226495459,0.572152198840267,"gene-evm.model.ptg000027l.443#PCP-PONAB#Q5RBU7/gene-evm.model.ptg000035l.378#TRLF-DESRO#K9IMD0",2
"GO:0045088","GO:0045088","regulation of innate immune response","4/80","138/6213",0.0289855072463768,2.25108695652174,1.69737629641214,0.101566815580395,0.599171226495459,0.572152198840267,"XLOC-003023#FCN2-MOUSE#O70497/XLOC-002398#SVEP1-DANRE#A0A1D5NSM8/novel-gene-chr14-11626#novel-gene-chr14-11626/XLOC-002354#DAB2P-MOUSE#Q3UHC7",4
"GO:0010976","GO:0010976","positive regulation of neuron projection development","5/80","193/6213",0.0259067357512953,2.01198186528497,1.63108792851372,0.102334641984722,0.599171226495459,0.572152198840267,"XLOC-007156#KALRN-MOUSE#A2CG49/novel-gene-chr14-11626#novel-gene-chr14-11626/XLOC-002903#FZD1-XENLA#Q9I9M5/gene-evm.model.ptg000018l.1280#NCK2-HUMAN#O43639/XLOC-002354#DAB2P-MOUSE#Q3UHC7",5
"GO:0002252","GO:0002252","immune effector process","8/80","371/6213",0.0215633423180593,1.67466307277628,1.53044368309768,0.103223835316216,0.599171226495459,0.572152198840267,"XLOC-020938#SPB6-MOUSE#Q60854/XLOC-008889#CATZ-BOVIN#P05689/XLOC-012475#BGAL-FELCA#O19015/gene-evm.model.ptg000027l.443#PCP-PONAB#Q5RBU7/XLOC-003023#FCN2-MOUSE#O70497/XLOC-002398#SVEP1-DANRE#A0A1D5NSM8/XLOC-010998#MA2B1-MACFA#Q60HE9/gene-evm.model.ptg000018l.1280#NCK2-HUMAN#O43639",8
"GO:0060560","GO:0060560","developmental growth involved in morphogenesis","4/80","139/6213",0.0287769784172662,2.23489208633094,1.6816021289964,0.103601392909248,0.599171226495459,0.572152198840267,"XLOC-026157#AP2D-HUMAN#Q7Z6R9/XLOC-013453#FCN1-PIG#Q29042/XLOC-019944#FCN1-HUMAN#O00602/XLOC-002903#FZD1-XENLA#Q9I9M5",4
"GO:2000147","GO:2000147","positive regulation of cell motility","5/80","194/6213",0.0257731958762887,2.00161082474227,1.6186834913091,0.104031105320834,0.599171226495459,0.572152198840267,"XLOC-020938#SPB6-MOUSE#Q60854/XLOC-026157#AP2D-HUMAN#Q7Z6R9/gene-evm.model.ptg000035l.378#TRLF-DESRO#K9IMD0/XLOC-001851#TBX20-MOUSE#Q9ES03/XLOC-002354#DAB2P-MOUSE#Q3UHC7",5
"GO:0008284","GO:0008284","positive regulation of cell population proliferation","8/80","372/6213",0.021505376344086,1.67016129032258,1.52240934152259,0.104426573108515,0.599171226495459,0.572152198840267,"XLOC-020938#SPB6-MOUSE#Q60854/XLOC-008889#CATZ-BOVIN#P05689/XLOC-026157#AP2D-HUMAN#Q7Z6R9/XLOC-013453#FCN1-PIG#Q29042/XLOC-019944#FCN1-HUMAN#O00602/XLOC-001851#TBX20-MOUSE#Q9ES03/gene-evm.model.ptg000018l.1280#NCK2-HUMAN#O43639/XLOC-002354#DAB2P-MOUSE#Q3UHC7",8
"GO:0016525","GO:0016525","negative regulation of angiogenesis","2/80","43/6213",0.0465116279069767,3.61220930232558,1.96301605745208,0.105455414797666,0.599171226495459,0.572152198840267,"gene-evm.model.ptg000035l.378#TRLF-DESRO#K9IMD0/XLOC-002354#DAB2P-MOUSE#Q3UHC7",2
"GO:0030514","GO:0030514","negative regulation of BMP signaling pathway","2/80","43/6213",0.0465116279069767,3.61220930232558,1.96301605745208,0.105455414797666,0.599171226495459,0.572152198840267,"XLOC-020392#PRSS8-RAT#Q9ES87/XLOC-002903#FZD1-XENLA#Q9I9M5",2
"GO:0055082","GO:0055082","intracellular chemical homeostasis","7/80","312/6213",0.0224358974358974,1.74242788461538,1.53671382857333,0.105711230096483,0.599171226495459,0.572152198840267,"gene-evm.model.ptg000004l.110#SODC-ONCVO#P24706/XLOC-026157#AP2D-HUMAN#Q7Z6R9/XLOC-020392#PRSS8-RAT#Q9ES87/XLOC-008866#MCUR1-MOUSE#Q9CXD6/XLOC-024417#HEPHL-ACRMI#B3EWZ9/XLOC-025017#CP3AO-SHEEP#Q29496/gene-evm.model.ptg000003l.459#ZNT1-MACFA#Q4R6K2",7
"GO:0031346","GO:0031346","positive regulation of cell projection organization","6/80","253/6213",0.0237154150197628,1.84179841897233,1.56123928632714,0.106444493513709,0.599171226495459,0.572152198840267,"XLOC-007156#KALRN-MOUSE#A2CG49/XLOC-011359#CROCC-HUMAN#Q5TZA2/novel-gene-chr14-11626#novel-gene-chr14-11626/XLOC-002903#FZD1-XENLA#Q9I9M5/gene-evm.model.ptg000018l.1280#NCK2-HUMAN#O43639/XLOC-002354#DAB2P-MOUSE#Q3UHC7",6
"GO:0006954","GO:0006954","inflammatory response","3/80","89/6213",0.0337078651685393,2.61783707865169,1.75564389901797,0.106541752302929,0.599171226495459,0.572152198840267,"XLOC-027061#PRSS8-HUMAN#Q16651/XLOC-026524#KLKB1-RAT#P14272/gene-evm.model.ptg000027l.443#PCP-PONAB#Q5RBU7",3
"GO:0008306","GO:0008306","associative learning","3/80","89/6213",0.0337078651685393,2.61783707865169,1.75564389901797,0.106541752302929,0.599171226495459,0.572152198840267,"XLOC-003485#CTNS-HUMAN#O60931/XLOC-021538#RPGP1-HUMAN#P47736/XLOC-002354#DAB2P-MOUSE#Q3UHC7",3
"GO:0044706","GO:0044706","multi-multicellular organism process","3/80","89/6213",0.0337078651685393,2.61783707865169,1.75564389901797,0.106541752302929,0.599171226495459,0.572152198840267,"gene-evm.model.ptg000004l.110#SODC-ONCVO#P24706/XLOC-007156#KALRN-MOUSE#A2CG49/XLOC-013451#S38A2-CHICK#Q5F468",3
"GO:0001701","GO:0001701","in utero embryonic development","5/80","196/6213",0.0255102040816327,1.9811862244898,1.59409319138644,0.107466353299645,0.599171226495459,0.572152198840267,"gene-evm.model.ptg000005l.77#PLOD1-CHICK#P24802/XLOC-026157#AP2D-HUMAN#Q7Z6R9/gene-evm.model.ptg000035l.378#TRLF-DESRO#K9IMD0/XLOC-002398#SVEP1-DANRE#A0A1D5NSM8/XLOC-025616#ELL2-MOUSE#Q3UKU1",5
"GO:0042060","GO:0042060","wound healing","5/80","196/6213",0.0255102040816327,1.9811862244898,1.59409319138644,0.107466353299645,0.599171226495459,0.572152198840267,"XLOC-027061#PRSS8-HUMAN#Q16651/XLOC-026524#KLKB1-RAT#P14272/gene-evm.model.ptg000027l.443#PCP-PONAB#Q5RBU7/gene-evm.model.ptg000035l.378#TRLF-DESRO#K9IMD0/XLOC-015776#RET-HUMAN#P07949",5
"GO:0048167","GO:0048167","regulation of synaptic plasticity","3/80","90/6213",0.0333333333333333,2.58875,1.73387954536725,0.109240877366192,0.599171226495459,0.572152198840267,"XLOC-007156#KALRN-MOUSE#A2CG49/XLOC-000920#RB6I2-RAT#Q811U3/XLOC-002354#DAB2P-MOUSE#Q3UHC7",3
"GO:0005539","GO:0005539","glycosaminoglycan binding","2/80","44/6213",0.0454545454545455,3.53011363636364,1.92346024761294,0.109589352156294,0.599171226495459,0.572152198840267,"XLOC-022170#FSTL1-MACFA#Q9GKY0/gene-evm.model.ptg000035l.378#TRLF-DESRO#K9IMD0",2
"GO:0032092","GO:0032092","positive regulation of protein binding","2/80","44/6213",0.0454545454545455,3.53011363636364,1.92346024761294,0.109589352156294,0.599171226495459,0.572152198840267,"XLOC-015778#STPG1-XENLA#Q3KQ80/novel-gene-chr14-11626#novel-gene-chr14-11626",2
"GO:0033143","GO:0033143","regulation of intracellular steroid hormone receptor signaling pathway","2/80","44/6213",0.0454545454545455,3.53011363636364,1.92346024761294,0.109589352156294,0.599171226495459,0.572152198840267,"XLOC-020780#ANM2-HUMAN#P55345/novel-gene-chr14-11626#novel-gene-chr14-11626",2
"GO:0045580","GO:0045580","regulation of T cell differentiation","2/80","44/6213",0.0454545454545455,3.53011363636364,1.92346024761294,0.109589352156294,0.599171226495459,0.572152198840267,"gene-evm.model.ptg000004l.110#SODC-ONCVO#P24706/XLOC-002398#SVEP1-DANRE#A0A1D5NSM8",2
"GO:1901570","GO:1901570","fatty acid derivative biosynthetic process","2/80","44/6213",0.0454545454545455,3.53011363636364,1.92346024761294,0.109589352156294,0.599171226495459,0.572152198840267,"novel-gene-chr4-9990#ACOD-SHEEP#O62849/XLOC-025017#CP3AO-SHEEP#Q29496",2
"GO:0001228","GO:0001228","DNA-binding transcription activator activity, RNA polymerase II-specific","4/80","142/6213",0.028169014084507,2.18767605633803,1.6350697791211,0.109817667253175,0.599171226495459,0.572152198840267,"XLOC-026157#AP2D-HUMAN#Q7Z6R9/XLOC-003461#NFIC-MOUSE#P70255/XLOC-001851#TBX20-MOUSE#Q9ES03/novel-gene-chr14-11626#novel-gene-chr14-11626",4
"GO:0050770","GO:0050770","regulation of axonogenesis","4/80","143/6213",0.027972027972028,2.17237762237762,1.61981504409356,0.111926744027098,0.599171226495459,0.572152198840267,"XLOC-007156#KALRN-MOUSE#A2CG49/novel-gene-chr14-11626#novel-gene-chr14-11626/XLOC-002903#FZD1-XENLA#Q9I9M5/XLOC-002354#DAB2P-MOUSE#Q3UHC7",4
"GO:0043254","GO:0043254","regulation of protein-containing complex assembly","6/80","257/6213",0.0233463035019455,1.81313229571984,1.52045882048911,0.112526876191815,0.599171226495459,0.572152198840267,"XLOC-015621#TPC12-MOUSE#Q8K2L8/XLOC-007156#KALRN-MOUSE#A2CG49/XLOC-001851#TBX20-MOUSE#Q9ES03/novel-gene-chr14-11626#novel-gene-chr14-11626/gene-evm.model.ptg000018l.1280#NCK2-HUMAN#O43639/XLOC-002354#DAB2P-MOUSE#Q3UHC7",6
"GO:0030234","GO:0030234","enzyme regulator activity","8/80","379/6213",0.0211081794195251,1.63931398416887,1.46681327388226,0.113067760530746,0.599171226495459,0.572152198840267,"XLOC-020938#SPB6-MOUSE#Q60854/gene-evm.model.ptg000022l.488#RBGP1-MOUSE#A2AWA9/XLOC-026157#AP2D-HUMAN#Q7Z6R9/gene-evm.model.ptg000035l.378#TRLF-DESRO#K9IMD0/XLOC-007156#KALRN-MOUSE#A2CG49/XLOC-021538#RPGP1-HUMAN#P47736/gene-evm.model.ptg000018l.1280#NCK2-HUMAN#O43639/XLOC-002354#DAB2P-MOUSE#Q3UHC7",8
"GO:0003730","GO:0003730","mRNA 3'-UTR binding","2/80","45/6213",0.0444444444444444,3.45166666666667,1.8850363589981,0.113765943092452,0.599171226495459,0.572152198840267,"XLOC-010884#QOR-RAT#Q6AYT0/XLOC-019521#TISB-HUMAN#Q07352",2
"GO:0021954","GO:0021954","central nervous system neuron development","2/80","45/6213",0.0444444444444444,3.45166666666667,1.8850363589981,0.113765943092452,0.599171226495459,0.572152198840267,"XLOC-026157#AP2D-HUMAN#Q7Z6R9/XLOC-025592#GBA2-RAT#Q5M868",2
"GO:0043277","GO:0043277","apoptotic cell clearance","2/80","45/6213",0.0444444444444444,3.45166666666667,1.8850363589981,0.113765943092452,0.599171226495459,0.572152198840267,"XLOC-003023#FCN2-MOUSE#O70497/XLOC-007156#KALRN-MOUSE#A2CG49",2
"GO:0043407","GO:0043407","negative regulation of MAP kinase activity","2/80","45/6213",0.0444444444444444,3.45166666666667,1.8850363589981,0.113765943092452,0.599171226495459,0.572152198840267,"XLOC-020938#SPB6-MOUSE#Q60854/XLOC-002354#DAB2P-MOUSE#Q3UHC7",2
"GO:0046662","GO:0046662","regulation of egg-laying behavior","2/80","45/6213",0.0444444444444444,3.45166666666667,1.8850363589981,0.113765943092452,0.599171226495459,0.572152198840267,"XLOC-003461#NFIC-MOUSE#P70255/XLOC-022444#SNTB1-HUMAN#Q13884",2
"GO:0090598","GO:0090598","male anatomical structure morphogenesis","2/80","45/6213",0.0444444444444444,3.45166666666667,1.8850363589981,0.113765943092452,0.599171226495459,0.572152198840267,"XLOC-007156#KALRN-MOUSE#A2CG49/XLOC-001851#TBX20-MOUSE#Q9ES03",2
"GO:0042593","GO:0042593","glucose homeostasis","3/80","92/6213",0.0326086956521739,2.53247282608696,1.69121857884794,0.114718585327683,0.599171226495459,0.572152198840267,"gene-evm.model.ptg000027l.443#PCP-PONAB#Q5RBU7/XLOC-026157#AP2D-HUMAN#Q7Z6R9/XLOC-014474#TMPS5-HUMAN#Q9H3S3",3
"GO:0043524","GO:0043524","negative regulation of neuron apoptotic process","3/80","92/6213",0.0326086956521739,2.53247282608696,1.69121857884794,0.114718585327683,0.599171226495459,0.572152198840267,"gene-evm.model.ptg000004l.110#SODC-ONCVO#P24706/XLOC-026157#AP2D-HUMAN#Q7Z6R9/XLOC-002354#DAB2P-MOUSE#Q3UHC7",3
"GO:0061387","GO:0061387","regulation of extent of cell growth","3/80","92/6213",0.0326086956521739,2.53247282608696,1.69121857884794,0.114718585327683,0.599171226495459,0.572152198840267,"XLOC-007156#KALRN-MOUSE#A2CG49/novel-gene-chr14-11626#novel-gene-chr14-11626/XLOC-002903#FZD1-XENLA#Q9I9M5",3
"GO:0034620","GO:0034620","cellular response to unfolded protein","3/80","93/6213",0.032258064516129,2.50524193548387,1.67030702232923,0.117496305471674,0.599171226495459,0.572152198840267,"gene-evm.model.ptg000055l.299#TPP1-DANRE#F8W2M8/novel-gene-chr14-11626#novel-gene-chr14-11626/XLOC-002354#DAB2P-MOUSE#Q3UHC7",3
"GO:0090288","GO:0090288","negative regulation of cellular response to growth factor stimulus","3/80","93/6213",0.032258064516129,2.50524193548387,1.67030702232923,0.117496305471674,0.599171226495459,0.572152198840267,"XLOC-020392#PRSS8-RAT#Q9ES87/XLOC-002903#FZD1-XENLA#Q9I9M5/XLOC-002354#DAB2P-MOUSE#Q3UHC7",3
"GO:0015171","GO:0015171","amino acid transmembrane transporter activity","2/80","46/6213",0.0434782608695652,3.37663043478261,1.84768456407927,0.117983439356359,0.599171226495459,0.572152198840267,"XLOC-003485#CTNS-HUMAN#O60931/XLOC-013451#S38A2-CHICK#Q5F468",2
"GO:0048864","GO:0048864","stem cell development","2/80","46/6213",0.0434782608695652,3.37663043478261,1.84768456407927,0.117983439356359,0.599171226495459,0.572152198840267,"XLOC-026157#AP2D-HUMAN#Q7Z6R9/XLOC-001851#TBX20-MOUSE#Q9ES03",2
"GO:0019318","GO:0019318","hexose metabolic process","3/80","94/6213",0.0319148936170213,2.47859042553191,1.64966524386227,0.120299357872741,0.599171226495459,0.572152198840267,"XLOC-012475#BGAL-FELCA#O19015/XLOC-026157#AP2D-HUMAN#Q7Z6R9/XLOC-010998#MA2B1-MACFA#Q60HE9",3
"GO:0030334","GO:0030334","regulation of cell migration","7/80","323/6213",0.021671826625387,1.68308823529412,1.43994085529197,0.120943008872393,0.599171226495459,0.572152198840267,"XLOC-020938#SPB6-MOUSE#Q60854/gene-evm.model.ptg000027l.443#PCP-PONAB#Q5RBU7/XLOC-026157#AP2D-HUMAN#Q7Z6R9/gene-evm.model.ptg000035l.378#TRLF-DESRO#K9IMD0/XLOC-001851#TBX20-MOUSE#Q9ES03/gene-evm.model.ptg000018l.1280#NCK2-HUMAN#O43639/XLOC-002354#DAB2P-MOUSE#Q3UHC7",7
"GO:0000979","GO:0000979","RNA polymerase II core promoter sequence-specific DNA binding","1/80","10/6213",0.1,7.76625,2.44552093063614,0.121634968980311,0.599171226495459,0.572152198840267,"XLOC-026157#AP2D-HUMAN#Q7Z6R9",1
"GO:0003149","GO:0003149","membranous septum morphogenesis","1/80","10/6213",0.1,7.76625,2.44552093063614,0.121634968980311,0.599171226495459,0.572152198840267,"XLOC-002903#FZD1-XENLA#Q9I9M5",1
"GO:0004806","GO:0004806","triacylglycerol lipase activity","1/80","10/6213",0.1,7.76625,2.44552093063614,0.121634968980311,0.599171226495459,0.572152198840267,"XLOC-002962#LIPP-ICTTR#O88354",1
"GO:0005527","GO:0005527","macrolide binding","1/80","10/6213",0.1,7.76625,2.44552093063614,0.121634968980311,0.599171226495459,0.572152198840267,"XLOC-006516#FKBP9-BOVIN#Q2KJC8",1
"GO:0005528","GO:0005528","FK506 binding","1/80","10/6213",0.1,7.76625,2.44552093063614,0.121634968980311,0.599171226495459,0.572152198840267,"XLOC-006516#FKBP9-BOVIN#Q2KJC8",1
"GO:0006465","GO:0006465","signal peptide processing","1/80","10/6213",0.1,7.76625,2.44552093063614,0.121634968980311,0.599171226495459,0.572152198840267,"XLOC-010359#IMP1L-HUMAN#Q96LU5",1
"GO:0008093","GO:0008093","cytoskeletal anchor activity","1/80","10/6213",0.1,7.76625,2.44552093063614,0.121634968980311,0.599171226495459,0.572152198840267,"gene-evm.model.ptg000018l.1280#NCK2-HUMAN#O43639",1
"GO:0010447","GO:0010447","response to acidic pH","1/80","10/6213",0.1,7.76625,2.44552093063614,0.121634968980311,0.599171226495459,0.572152198840267,"XLOC-013451#S38A2-CHICK#Q5F468",1
"GO:0014056","GO:0014056","regulation of acetylcholine secretion, neurotransmission","1/80","10/6213",0.1,7.76625,2.44552093063614,0.121634968980311,0.599171226495459,0.572152198840267,"XLOC-007156#KALRN-MOUSE#A2CG49",1
"GO:0014855","GO:0014855","striated muscle cell proliferation","1/80","10/6213",0.1,7.76625,2.44552093063614,0.121634968980311,0.599171226495459,0.572152198840267,"XLOC-001851#TBX20-MOUSE#Q9ES03",1
"GO:0018216","GO:0018216","peptidyl-arginine methylation","1/80","10/6213",0.1,7.76625,2.44552093063614,0.121634968980311,0.599171226495459,0.572152198840267,"XLOC-020780#ANM2-HUMAN#P55345",1
"GO:0030008","GO:0030008","TRAPP complex","1/80","10/6213",0.1,7.76625,2.44552093063614,0.121634968980311,0.599171226495459,0.572152198840267,"XLOC-015621#TPC12-MOUSE#Q8K2L8",1
"GO:0031645","GO:0031645","negative regulation of nervous system process","1/80","10/6213",0.1,7.76625,2.44552093063614,0.121634968980311,0.599171226495459,0.572152198840267,"gene-evm.model.ptg000005l.755#RBP-CHICK#P02752",1
"GO:0032813","GO:0032813","tumor necrosis factor receptor superfamily binding","1/80","10/6213",0.1,7.76625,2.44552093063614,0.121634968980311,0.599171226495459,0.572152198840267,"XLOC-002354#DAB2P-MOUSE#Q3UHC7",1
"GO:0034122","GO:0034122","negative regulation of toll-like receptor signaling pathway","1/80","10/6213",0.1,7.76625,2.44552093063614,0.121634968980311,0.599171226495459,0.572152198840267,"XLOC-002354#DAB2P-MOUSE#Q3UHC7",1
"GO:0034377","GO:0034377","plasma lipoprotein particle assembly","1/80","10/6213",0.1,7.76625,2.44552093063614,0.121634968980311,0.599171226495459,0.572152198840267,"XLOC-000223#BMP1-MOUSE#P98063",1
"GO:0034465","GO:0034465","response to carbon monoxide","1/80","10/6213",0.1,7.76625,2.44552093063614,0.121634968980311,0.599171226495459,0.572152198840267,"gene-evm.model.ptg000004l.110#SODC-ONCVO#P24706",1
"GO:0034722","GO:0034722","gamma-glutamyl-peptidase activity","1/80","10/6213",0.1,7.76625,2.44552093063614,0.121634968980311,0.599171226495459,0.572152198840267,"gene-evm.model.ptg000009l.493#GGH-HUMAN#Q92820",1
"GO:0035864","GO:0035864","response to potassium ion","1/80","10/6213",0.1,7.76625,2.44552093063614,0.121634968980311,0.599171226495459,0.572152198840267,"gene-evm.model.ptg000004l.110#SODC-ONCVO#P24706",1
"GO:0042590","GO:0042590","antigen processing and presentation of exogenous peptide antigen via MHC class I","1/80","10/6213",0.1,7.76625,2.44552093063614,0.121634968980311,0.599171226495459,0.572152198840267,"XLOC-002968#GILT-DANRE#Q5XJN2",1
"GO:0047134","GO:0047134","protein-disulfide reductase [NAD(P)H] activity","1/80","10/6213",0.1,7.76625,2.44552093063614,0.121634968980311,0.599171226495459,0.572152198840267,"XLOC-002968#GILT-DANRE#Q5XJN2",1
"GO:0047372","GO:0047372","monoacylglycerol lipase activity","1/80","10/6213",0.1,7.76625,2.44552093063614,0.121634968980311,0.599171226495459,0.572152198840267,"XLOC-002962#LIPP-ICTTR#O88354",1
"GO:0048169","GO:0048169","regulation of long-term neuronal synaptic plasticity","1/80","10/6213",0.1,7.76625,2.44552093063614,0.121634968980311,0.599171226495459,0.572152198840267,"XLOC-002354#DAB2P-MOUSE#Q3UHC7",1
"GO:0048486","GO:0048486","parasympathetic nervous system development","1/80","10/6213",0.1,7.76625,2.44552093063614,0.121634968980311,0.599171226495459,0.572152198840267,"XLOC-026157#AP2D-HUMAN#Q7Z6R9",1
"GO:0048867","GO:0048867","stem cell fate determination","1/80","10/6213",0.1,7.76625,2.44552093063614,0.121634968980311,0.599171226495459,0.572152198840267,"XLOC-001851#TBX20-MOUSE#Q9ES03",1
"GO:0050998","GO:0050998","nitric-oxide synthase binding","1/80","10/6213",0.1,7.76625,2.44552093063614,0.121634968980311,0.599171226495459,0.572152198840267,"XLOC-022444#SNTB1-HUMAN#Q13884",1
"GO:0071074","GO:0071074","eukaryotic initiation factor eIF2 binding","1/80","10/6213",0.1,7.76625,2.44552093063614,0.121634968980311,0.599171226495459,0.572152198840267,"gene-evm.model.ptg000018l.1280#NCK2-HUMAN#O43639",1
"GO:0071318","GO:0071318","cellular response to ATP","1/80","10/6213",0.1,7.76625,2.44552093063614,0.121634968980311,0.599171226495459,0.572152198840267,"gene-evm.model.ptg000004l.110#SODC-ONCVO#P24706",1
"GO:0099558","GO:0099558","maintenance of synapse structure","1/80","10/6213",0.1,7.76625,2.44552093063614,0.121634968980311,0.599171226495459,0.572152198840267,"XLOC-000920#RB6I2-RAT#Q811U3",1
"GO:1900103","GO:1900103","positive regulation of endoplasmic reticulum unfolded protein response","1/80","10/6213",0.1,7.76625,2.44552093063614,0.121634968980311,0.599171226495459,0.572152198840267,"XLOC-002354#DAB2P-MOUSE#Q3UHC7",1
"GO:1902108","GO:1902108","regulation of mitochondrial membrane permeability involved in apoptotic process","1/80","10/6213",0.1,7.76625,2.44552093063614,0.121634968980311,0.599171226495459,0.572152198840267,"XLOC-015778#STPG1-XENLA#Q3KQ80",1
"GO:1905710","GO:1905710","positive regulation of membrane permeability","1/80","10/6213",0.1,7.76625,2.44552093063614,0.121634968980311,0.599171226495459,0.572152198840267,"XLOC-015778#STPG1-XENLA#Q3KQ80",1
"GO:1990359","GO:1990359","stress response to zinc ion","1/80","10/6213",0.1,7.76625,2.44552093063614,0.121634968980311,0.599171226495459,0.572152198840267,"gene-evm.model.ptg000003l.459#ZNT1-MACFA#Q4R6K2",1
"GO:0001895","GO:0001895","retina homeostasis","2/80","47/6213",0.0425531914893617,3.30478723404255,1.81134944860237,0.122240129620102,0.599171226495459,0.572152198840267,"gene-evm.model.ptg000004l.110#SODC-ONCVO#P24706/XLOC-011359#CROCC-HUMAN#Q5TZA2",2
"GO:0002758","GO:0002758","innate immune response-activating signaling pathway","2/80","47/6213",0.0425531914893617,3.30478723404255,1.81134944860237,0.122240129620102,0.599171226495459,0.572152198840267,"XLOC-003023#FCN2-MOUSE#O70497/novel-gene-chr14-11626#novel-gene-chr14-11626",2
"GO:0003333","GO:0003333","amino acid transmembrane transport","2/80","47/6213",0.0425531914893617,3.30478723404255,1.81134944860237,0.122240129620102,0.599171226495459,0.572152198840267,"XLOC-003485#CTNS-HUMAN#O60931/XLOC-013451#S38A2-CHICK#Q5F468",2
"GO:0019842","GO:0019842","vitamin binding","2/80","47/6213",0.0425531914893617,3.30478723404255,1.81134944860237,0.122240129620102,0.599171226495459,0.572152198840267,"gene-evm.model.ptg000005l.77#PLOD1-CHICK#P24802/gene-evm.model.ptg000005l.755#RBP-CHICK#P02752",2
"GO:2000181","GO:2000181","negative regulation of blood vessel morphogenesis","2/80","47/6213",0.0425531914893617,3.30478723404255,1.81134944860237,0.122240129620102,0.599171226495459,0.572152198840267,"gene-evm.model.ptg000035l.378#TRLF-DESRO#K9IMD0/XLOC-002354#DAB2P-MOUSE#Q3UHC7",2
"GO:0016853","GO:0016853","isomerase activity","3/80","95/6213",0.0315789473684211,2.4525,1.62928643632987,0.123127306466717,0.599171226495459,0.572152198840267,"XLOC-025017#CP3AO-SHEEP#Q29496/gene-evm.model.ptg000023l.749#TSAL-THEMA#Q9WYJ1/XLOC-006516#FKBP9-BOVIN#Q2KJC8",3
"GO:0033500","GO:0033500","carbohydrate homeostasis","3/80","96/6213",0.03125,2.426953125,1.60916403638955,0.125979713709122,0.599171226495459,0.572152198840267,"gene-evm.model.ptg000027l.443#PCP-PONAB#Q5RBU7/XLOC-026157#AP2D-HUMAN#Q7Z6R9/XLOC-014474#TMPS5-HUMAN#Q9H3S3",3
"GO:2001235","GO:2001235","positive regulation of apoptotic signaling pathway","3/80","96/6213",0.03125,2.426953125,1.60916403638955,0.125979713709122,0.599171226495459,0.572152198840267,"gene-evm.model.ptg000004l.110#SODC-ONCVO#P24706/gene-evm.model.ptg000018l.1280#NCK2-HUMAN#O43639/XLOC-002354#DAB2P-MOUSE#Q3UHC7",3
"GO:0003073","GO:0003073","regulation of systemic arterial blood pressure","2/80","48/6213",0.0416666666666667,3.2359375,1.77597959910877,0.126534338836514,0.599171226495459,0.572152198840267,"XLOC-008889#CATZ-BOVIN#P05689/gene-evm.model.ptg000027l.443#PCP-PONAB#Q5RBU7",2
"GO:0008045","GO:0008045","motor neuron axon guidance","2/80","48/6213",0.0416666666666667,3.2359375,1.77597959910877,0.126534338836514,0.599171226495459,0.572152198840267,"XLOC-000223#BMP1-MOUSE#P98063/XLOC-007156#KALRN-MOUSE#A2CG49",2
"GO:0042059","GO:0042059","negative regulation of epidermal growth factor receptor signaling pathway","2/80","48/6213",0.0416666666666667,3.2359375,1.77597959910877,0.126534338836514,0.599171226495459,0.572152198840267,"XLOC-026157#AP2D-HUMAN#Q7Z6R9/XLOC-002354#DAB2P-MOUSE#Q3UHC7",2
"GO:0051851","GO:0051851","host-mediated perturbation of symbiont process","2/80","48/6213",0.0416666666666667,3.2359375,1.77597959910877,0.126534338836514,0.599171226495459,0.572152198840267,"gene-evm.model.ptg000035l.378#TRLF-DESRO#K9IMD0/novel-gene-chr14-11626#novel-gene-chr14-11626",2
"GO:0048580","GO:0048580","regulation of post-embryonic development","3/80","97/6213",0.0309278350515464,2.40193298969072,1.5892917132662,0.128856140784408,0.599171226495459,0.572152198840267,"gene-evm.model.ptg000004l.110#SODC-ONCVO#P24706/XLOC-007156#KALRN-MOUSE#A2CG49/gene-evm.model.ptg000003l.459#ZNT1-MACFA#Q4R6K2",3
"GO:0060589","GO:0060589","nucleoside-triphosphatase regulator activity","4/80","151/6213",0.0264900662251656,2.05728476821192,1.50209263909839,0.129441078946706,0.599171226495459,0.572152198840267,"gene-evm.model.ptg000022l.488#RBGP1-MOUSE#A2AWA9/XLOC-007156#KALRN-MOUSE#A2CG49/XLOC-021538#RPGP1-HUMAN#P47736/XLOC-002354#DAB2P-MOUSE#Q3UHC7",4
"GO:0003279","GO:0003279","cardiac septum development","2/80","49/6213",0.0408163265306122,3.16989795918367,1.74152723674827,0.130864427608112,0.599171226495459,0.572152198840267,"XLOC-001851#TBX20-MOUSE#Q9ES03/XLOC-002903#FZD1-XENLA#Q9I9M5",2
"GO:0040025","GO:0040025","vulval development","2/80","49/6213",0.0408163265306122,3.16989795918367,1.74152723674827,0.130864427608112,0.599171226495459,0.572152198840267,"XLOC-008889#CATZ-BOVIN#P05689/XLOC-008027#CATZ-RAT#Q9R1T3",2
"GO:0048145","GO:0048145","regulation of fibroblast proliferation","2/80","49/6213",0.0408163265306122,3.16989795918367,1.74152723674827,0.130864427608112,0.599171226495459,0.572152198840267,"XLOC-002968#GILT-DANRE#Q5XJN2/XLOC-002354#DAB2P-MOUSE#Q3UHC7",2
"GO:0051702","GO:0051702","biological process involved in interaction with symbiont","2/80","49/6213",0.0408163265306122,3.16989795918367,1.74152723674827,0.130864427608112,0.599171226495459,0.572152198840267,"gene-evm.model.ptg000035l.378#TRLF-DESRO#K9IMD0/novel-gene-chr14-11626#novel-gene-chr14-11626",2
"GO:0098794","GO:0098794","postsynapse","5/80","209/6213",0.0239234449760766,1.85795454545455,1.44092479764704,0.131130317659416,0.599171226495459,0.572152198840267,"XLOC-022444#SNTB1-HUMAN#Q13884/XLOC-007156#KALRN-MOUSE#A2CG49/XLOC-000920#RB6I2-RAT#Q811U3/gene-evm.model.ptg000018l.1280#NCK2-HUMAN#O43639/XLOC-002354#DAB2P-MOUSE#Q3UHC7",5
"GO:0010632","GO:0010632","regulation of epithelial cell migration","3/80","98/6213",0.0306122448979592,2.37742346938775,1.56966335817052,0.131756147809025,0.599171226495459,0.572152198840267,"gene-evm.model.ptg000027l.443#PCP-PONAB#Q5RBU7/gene-evm.model.ptg000035l.378#TRLF-DESRO#K9IMD0/XLOC-002354#DAB2P-MOUSE#Q3UHC7",3
"GO:0001991","GO:0001991","regulation of systemic arterial blood pressure by circulatory renin-angiotensin","1/80","11/6213",0.0909090909090909,7.06022727272727,2.29743698298458,0.132963229899475,0.599171226495459,0.572152198840267,"XLOC-008889#CATZ-BOVIN#P05689",1
"GO:0002093","GO:0002093","auditory receptor cell morphogenesis","1/80","11/6213",0.0909090909090909,7.06022727272727,2.29743698298458,0.132963229899475,0.599171226495459,0.572152198840267,"gene-evm.model.ptg000004l.110#SODC-ONCVO#P24706",1
"GO:0002704","GO:0002704","negative regulation of leukocyte mediated immunity","1/80","11/6213",0.0909090909090909,7.06022727272727,2.29743698298458,0.132963229899475,0.599171226495459,0.572152198840267,"XLOC-002398#SVEP1-DANRE#A0A1D5NSM8",1
"GO:0002921","GO:0002921","negative regulation of humoral immune response","1/80","11/6213",0.0909090909090909,7.06022727272727,2.29743698298458,0.132963229899475,0.599171226495459,0.572152198840267,"XLOC-002398#SVEP1-DANRE#A0A1D5NSM8",1
"GO:0003091","GO:0003091","renal water homeostasis","1/80","11/6213",0.0909090909090909,7.06022727272727,2.29743698298458,0.132963229899475,0.599171226495459,0.572152198840267,"XLOC-026157#AP2D-HUMAN#Q7Z6R9",1
"GO:0003209","GO:0003209","cardiac atrium morphogenesis","1/80","11/6213",0.0909090909090909,7.06022727272727,2.29743698298458,0.132963229899475,0.599171226495459,0.572152198840267,"XLOC-001851#TBX20-MOUSE#Q9ES03",1
"GO:0003344","GO:0003344","pericardium morphogenesis","1/80","11/6213",0.0909090909090909,7.06022727272727,2.29743698298458,0.132963229899475,0.599171226495459,0.572152198840267,"XLOC-001851#TBX20-MOUSE#Q9ES03",1
"GO:0006012","GO:0006012","galactose metabolic process","1/80","11/6213",0.0909090909090909,7.06022727272727,2.29743698298458,0.132963229899475,0.599171226495459,0.572152198840267,"XLOC-012475#BGAL-FELCA#O19015",1
"GO:0006930","GO:0006930","substrate-dependent cell migration, cell extension","1/80","11/6213",0.0909090909090909,7.06022727272727,2.29743698298458,0.132963229899475,0.599171226495459,0.572152198840267,"gene-evm.model.ptg000018l.1280#NCK2-HUMAN#O43639",1
"GO:0007362","GO:0007362","terminal region determination","1/80","11/6213",0.0909090909090909,7.06022727272727,2.29743698298458,0.132963229899475,0.599171226495459,0.572152198840267,"XLOC-000223#BMP1-MOUSE#P98063",1
"GO:0008343","GO:0008343","adult feeding behavior","1/80","11/6213",0.0909090909090909,7.06022727272727,2.29743698298458,0.132963229899475,0.599171226495459,0.572152198840267,"XLOC-026157#AP2D-HUMAN#Q7Z6R9",1
"GO:0008378","GO:0008378","galactosyltransferase activity","1/80","11/6213",0.0909090909090909,7.06022727272727,2.29743698298458,0.132963229899475,0.599171226495459,0.572152198840267,"gene-evm.model.ptg000005l.77#PLOD1-CHICK#P24802",1
"GO:0010894","GO:0010894","negative regulation of steroid biosynthetic process","1/80","11/6213",0.0909090909090909,7.06022727272727,2.29743698298458,0.132963229899475,0.599171226495459,0.572152198840267,"gene-evm.model.ptg000004l.110#SODC-ONCVO#P24706",1
"GO:0015184","GO:0015184","L-cystine transmembrane transporter activity","1/80","11/6213",0.0909090909090909,7.06022727272727,2.29743698298458,0.132963229899475,0.599171226495459,0.572152198840267,"XLOC-003485#CTNS-HUMAN#O60931",1
"GO:0015562","GO:0015562","efflux transmembrane transporter activity","1/80","11/6213",0.0909090909090909,7.06022727272727,2.29743698298458,0.132963229899475,0.599171226495459,0.572152198840267,"gene-evm.model.ptg000003l.459#ZNT1-MACFA#Q4R6K2",1
"GO:0015811","GO:0015811","L-cystine transport","1/80","11/6213",0.0909090909090909,7.06022727272727,2.29743698298458,0.132963229899475,0.599171226495459,0.572152198840267,"XLOC-003485#CTNS-HUMAN#O60931",1
"GO:0015929","GO:0015929","hexosaminidase activity","1/80","11/6213",0.0909090909090909,7.06022727272727,2.29743698298458,0.132963229899475,0.599171226495459,0.572152198840267,"XLOC-003833#NAGAB-CHICK#Q90744",1
"GO:0016854","GO:0016854","racemase and epimerase activity","1/80","11/6213",0.0909090909090909,7.06022727272727,2.29743698298458,0.132963229899475,0.599171226495459,0.572152198840267,"gene-evm.model.ptg000023l.749#TSAL-THEMA#Q9WYJ1",1
"GO:0018126","GO:0018126","protein hydroxylation","1/80","11/6213",0.0909090909090909,7.06022727272727,2.29743698298458,0.132963229899475,0.599171226495459,0.572152198840267,"gene-evm.model.ptg000005l.77#PLOD1-CHICK#P24802",1
"GO:0019430","GO:0019430","removal of superoxide radicals","1/80","11/6213",0.0909090909090909,7.06022727272727,2.29743698298458,0.132963229899475,0.599171226495459,0.572152198840267,"gene-evm.model.ptg000004l.110#SODC-ONCVO#P24706",1
"GO:0021801","GO:0021801","cerebral cortex radial glia-guided migration","1/80","11/6213",0.0909090909090909,7.06022727272727,2.29743698298458,0.132963229899475,0.599171226495459,0.572152198840267,"XLOC-002354#DAB2P-MOUSE#Q3UHC7",1
"GO:0022030","GO:0022030","telencephalon glial cell migration","1/80","11/6213",0.0909090909090909,7.06022727272727,2.29743698298458,0.132963229899475,0.599171226495459,0.572152198840267,"XLOC-002354#DAB2P-MOUSE#Q3UHC7",1
"GO:0030644","GO:0030644","intracellular chloride ion homeostasis","1/80","11/6213",0.0909090909090909,7.06022727272727,2.29743698298458,0.132963229899475,0.599171226495459,0.572152198840267,"XLOC-025017#CP3AO-SHEEP#Q29496",1
"GO:0032224","GO:0032224","positive regulation of synaptic transmission, cholinergic","1/80","11/6213",0.0909090909090909,7.06022727272727,2.29743698298458,0.132963229899475,0.599171226495459,0.572152198840267,"XLOC-007156#KALRN-MOUSE#A2CG49",1
"GO:0032460","GO:0032460","negative regulation of protein oligomerization","1/80","11/6213",0.0909090909090909,7.06022727272727,2.29743698298458,0.132963229899475,0.599171226495459,0.572152198840267,"novel-gene-chr14-11626#novel-gene-chr14-11626",1
"GO:0032793","GO:0032793","positive regulation of CREB transcription factor activity","1/80","11/6213",0.0909090909090909,7.06022727272727,2.29743698298458,0.132963229899475,0.599171226495459,0.572152198840267,"novel-gene-chr14-11626#novel-gene-chr14-11626",1
"GO:0033334","GO:0033334","fin morphogenesis","1/80","11/6213",0.0909090909090909,7.06022727272727,2.29743698298458,0.132963229899475,0.599171226495459,0.572152198840267,"XLOC-000223#BMP1-MOUSE#P98063",1
"GO:0034374","GO:0034374","low-density lipoprotein particle remodeling","1/80","11/6213",0.0909090909090909,7.06022727272727,2.29743698298458,0.132963229899475,0.599171226495459,0.572152198840267,"gene-evm.model.ptg000035l.378#TRLF-DESRO#K9IMD0",1
"GO:0035728","GO:0035728","response to hepatocyte growth factor","1/80","11/6213",0.0909090909090909,7.06022727272727,2.29743698298458,0.132963229899475,0.599171226495459,0.572152198840267,"novel-gene-chr14-11626#novel-gene-chr14-11626",1
"GO:0035729","GO:0035729","cellular response to hepatocyte growth factor stimulus","1/80","11/6213",0.0909090909090909,7.06022727272727,2.29743698298458,0.132963229899475,0.599171226495459,0.572152198840267,"novel-gene-chr14-11626#novel-gene-chr14-11626",1
"GO:0035809","GO:0035809","regulation of urine volume","1/80","11/6213",0.0909090909090909,7.06022727272727,2.29743698298458,0.132963229899475,0.599171226495459,0.572152198840267,"XLOC-026157#AP2D-HUMAN#Q7Z6R9",1
"GO:0042481","GO:0042481","regulation of odontogenesis","1/80","11/6213",0.0909090909090909,7.06022727272727,2.29743698298458,0.132963229899475,0.599171226495459,0.572152198840267,"XLOC-026157#AP2D-HUMAN#Q7Z6R9",1
"GO:0042588","GO:0042588","zymogen granule","1/80","11/6213",0.0909090909090909,7.06022727272727,2.29743698298458,0.132963229899475,0.599171226495459,0.572152198840267,"XLOC-002962#LIPP-ICTTR#O88354",1
"GO:0043028","GO:0043028","cysteine-type endopeptidase regulator activity involved in apoptotic process","1/80","11/6213",0.0909090909090909,7.06022727272727,2.29743698298458,0.132963229899475,0.599171226495459,0.572152198840267,"XLOC-026157#AP2D-HUMAN#Q7Z6R9",1
"GO:0043050","GO:0043050","nematode pharyngeal pumping","1/80","11/6213",0.0909090909090909,7.06022727272727,2.29743698298458,0.132963229899475,0.599171226495459,0.572152198840267,"XLOC-000900#NAS4-CAEEL#P55112",1
"GO:0045939","GO:0045939","negative regulation of steroid metabolic process","1/80","11/6213",0.0909090909090909,7.06022727272727,2.29743698298458,0.132963229899475,0.599171226495459,0.572152198840267,"gene-evm.model.ptg000004l.110#SODC-ONCVO#P24706",1
"GO:0046900","GO:0046900","tetrahydrofolylpolyglutamate metabolic process","1/80","11/6213",0.0909090909090909,7.06022727272727,2.29743698298458,0.132963229899475,0.599171226495459,0.572152198840267,"gene-evm.model.ptg000009l.493#GGH-HUMAN#Q92820",1
"GO:0048266","GO:0048266","behavioral response to pain","1/80","11/6213",0.0909090909090909,7.06022727272727,2.29743698298458,0.132963229899475,0.599171226495459,0.572152198840267,"XLOC-007156#KALRN-MOUSE#A2CG49",1
"GO:0048368","GO:0048368","lateral mesoderm development","1/80","11/6213",0.0909090909090909,7.06022727272727,2.29743698298458,0.132963229899475,0.599171226495459,0.572152198840267,"XLOC-001851#TBX20-MOUSE#Q9ES03",1
"GO:0055064","GO:0055064","chloride ion homeostasis","1/80","11/6213",0.0909090909090909,7.06022727272727,2.29743698298458,0.132963229899475,0.599171226495459,0.572152198840267,"XLOC-025017#CP3AO-SHEEP#Q29496",1
"GO:0060444","GO:0060444","branching involved in mammary gland duct morphogenesis","1/80","11/6213",0.0909090909090909,7.06022727272727,2.29743698298458,0.132963229899475,0.599171226495459,0.572152198840267,"XLOC-026157#AP2D-HUMAN#Q7Z6R9",1
"GO:0060473","GO:0060473","cortical granule","1/80","11/6213",0.0909090909090909,7.06022727272727,2.29743698298458,0.132963229899475,0.599171226495459,0.572152198840267,"XLOC-012512#MLRP1-ACRMI#B3EWZ5",1
"GO:0062009","GO:0062009","secondary palate development","1/80","11/6213",0.0909090909090909,7.06022727272727,2.29743698298458,0.132963229899475,0.599171226495459,0.572152198840267,"XLOC-002903#FZD1-XENLA#Q9I9M5",1
"GO:0070402","GO:0070402","NADPH binding","1/80","11/6213",0.0909090909090909,7.06022727272727,2.29743698298458,0.132963229899475,0.599171226495459,0.572152198840267,"XLOC-010884#QOR-RAT#Q6AYT0",1
"GO:0090075","GO:0090075","relaxation of muscle","1/80","11/6213",0.0909090909090909,7.06022727272727,2.29743698298458,0.132963229899475,0.599171226495459,0.572152198840267,"gene-evm.model.ptg000004l.110#SODC-ONCVO#P24706",1
"GO:0099054","GO:0099054","presynapse assembly","1/80","11/6213",0.0909090909090909,7.06022727272727,2.29743698298458,0.132963229899475,0.599171226495459,0.572152198840267,"XLOC-002903#FZD1-XENLA#Q9I9M5",1
"GO:1903726","GO:1903726","negative regulation of phospholipid metabolic process","1/80","11/6213",0.0909090909090909,7.06022727272727,2.29743698298458,0.132963229899475,0.599171226495459,0.572152198840267,"XLOC-002354#DAB2P-MOUSE#Q3UHC7",1
"GO:1904948","GO:1904948","midbrain dopaminergic neuron differentiation","1/80","11/6213",0.0909090909090909,7.06022727272727,2.29743698298458,0.132963229899475,0.599171226495459,0.572152198840267,"XLOC-002903#FZD1-XENLA#Q9I9M5",1
"GO:1990909","GO:1990909","Wnt signalosome","1/80","11/6213",0.0909090909090909,7.06022727272727,2.29743698298458,0.132963229899475,0.599171226495459,0.572152198840267,"XLOC-002903#FZD1-XENLA#Q9I9M5",1
"GO:2000628","GO:2000628","regulation of miRNA metabolic process","1/80","11/6213",0.0909090909090909,7.06022727272727,2.29743698298458,0.132963229899475,0.599171226495459,0.572152198840267,"novel-gene-chr14-11626#novel-gene-chr14-11626",1
"GO:0002791","GO:0002791","regulation of peptide secretion","5/80","210/6213",0.0238095238095238,1.84910714285714,1.42959231418258,0.13304328712643,0.599171226495459,0.572152198840267,"XLOC-026157#AP2D-HUMAN#Q7Z6R9/XLOC-003023#FCN2-MOUSE#O70497/XLOC-007156#KALRN-MOUSE#A2CG49/XLOC-014474#TMPS5-HUMAN#Q9H3S3/novel-gene-chr14-11626#novel-gene-chr14-11626",5
"GO:0009886","GO:0009886","post-embryonic animal morphogenesis","6/80","270/6213",0.0222222222222222,1.72583333333333,1.39264415450927,0.133496811400867,0.599171226495459,0.572152198840267,"XLOC-008889#CATZ-BOVIN#P05689/XLOC-026157#AP2D-HUMAN#Q7Z6R9/XLOC-000223#BMP1-MOUSE#P98063/XLOC-008027#CATZ-RAT#Q9R1T3/XLOC-001851#TBX20-MOUSE#Q9ES03/XLOC-002903#FZD1-XENLA#Q9I9M5",6
"GO:0021782","GO:0021782","glial cell development","2/80","50/6213",0.04,3.1065,1.70794789135756,0.135228791565951,0.599171226495459,0.572152198840267,"gene-evm.model.ptg000004l.110#SODC-ONCVO#P24706/XLOC-026157#AP2D-HUMAN#Q7Z6R9",2
"GO:0060047","GO:0060047","heart contraction","2/80","50/6213",0.04,3.1065,1.70794789135756,0.135228791565951,0.599171226495459,0.572152198840267,"gene-evm.model.ptg000004l.110#SODC-ONCVO#P24706/XLOC-022444#SNTB1-HUMAN#Q13884",2
"GO:0098754","GO:0098754","detoxification","2/80","50/6213",0.04,3.1065,1.70794789135756,0.135228791565951,0.599171226495459,0.572152198840267,"gene-evm.model.ptg000004l.110#SODC-ONCVO#P24706/gene-evm.model.ptg000003l.459#ZNT1-MACFA#Q4R6K2",2
"GO:1901185","GO:1901185","negative regulation of ERBB signaling pathway","2/80","50/6213",0.04,3.1065,1.70794789135756,0.135228791565951,0.599171226495459,0.572152198840267,"XLOC-026157#AP2D-HUMAN#Q7Z6R9/XLOC-002354#DAB2P-MOUSE#Q3UHC7",2
"GO:0048514","GO:0048514","blood vessel morphogenesis","4/80","154/6213",0.025974025974026,2.01720779220779,1.45980147197801,0.136291508571206,0.599171226495459,0.572152198840267,"gene-evm.model.ptg000027l.443#PCP-PONAB#Q5RBU7/XLOC-026157#AP2D-HUMAN#Q7Z6R9/XLOC-020392#PRSS8-RAT#Q9ES87/XLOC-001851#TBX20-MOUSE#Q9ES03",4
"GO:0019904","GO:0019904","protein domain specific binding","8/80","398/6213",0.0201005025125628,1.56105527638191,1.32128517502808,0.13844312690236,0.599171226495459,0.572152198840267,"gene-evm.model.ptg000035l.378#TRLF-DESRO#K9IMD0/XLOC-022444#SNTB1-HUMAN#Q13884/XLOC-000920#RB6I2-RAT#Q811U3/novel-gene-chr14-11626#novel-gene-chr14-11626/XLOC-002903#FZD1-XENLA#Q9I9M5/gene-evm.model.ptg000018l.1280#NCK2-HUMAN#O43639/XLOC-026683#ADA19-HUMAN#Q9H013/XLOC-002354#DAB2P-MOUSE#Q3UHC7",8
"GO:0043603","GO:0043603","amide metabolic process","9/80","463/6213",0.019438444924406,1.50963822894168,1.30179561900532,0.139263676886837,0.599171226495459,0.572152198840267,"gene-evm.model.ptg000004l.110#SODC-ONCVO#P24706/XLOC-008889#CATZ-BOVIN#P05689/gene-evm.model.ptg000055l.299#TPP1-DANRE#F8W2M8/novel-gene-chr4-9990#ACOD-SHEEP#O62849/XLOC-015811#TSAP1-HUMAN#Q9NX07/XLOC-003485#CTNS-HUMAN#O60931/XLOC-010359#IMP1L-HUMAN#Q96LU5/XLOC-003833#NAGAB-CHICK#Q90744/gene-evm.model.ptg000009l.493#GGH-HUMAN#Q92820",9
"GO:0045178","GO:0045178","basal part of cell","2/80","51/6213",0.0392156862745098,3.04558823529412,1.67520011066581,0.139625860758241,0.599171226495459,0.572152198840267,"XLOC-000011#NID2-RAT#B5DFC9/gene-evm.model.ptg000027l.443#PCP-PONAB#Q5RBU7",2
"GO:0045619","GO:0045619","regulation of lymphocyte differentiation","2/80","51/6213",0.0392156862745098,3.04558823529412,1.67520011066581,0.139625860758241,0.599171226495459,0.572152198840267,"gene-evm.model.ptg000004l.110#SODC-ONCVO#P24706/XLOC-002398#SVEP1-DANRE#A0A1D5NSM8",2
"GO:0099738","GO:0099738","cell cortex region","2/80","51/6213",0.0392156862745098,3.04558823529412,1.67520011066581,0.139625860758241,0.599171226495459,0.572152198840267,"XLOC-008889#CATZ-BOVIN#P05689/XLOC-000920#RB6I2-RAT#Q811U3",2
"GO:1902807","GO:1902807","negative regulation of cell cycle G1/S phase transition","2/80","51/6213",0.0392156862745098,3.04558823529412,1.67520011066581,0.139625860758241,0.599171226495459,0.572152198840267,"XLOC-020780#ANM2-HUMAN#P55345/novel-gene-chr14-11626#novel-gene-chr14-11626",2
"GO:2000134","GO:2000134","negative regulation of G1/S transition of mitotic cell cycle","2/80","51/6213",0.0392156862745098,3.04558823529412,1.67520011066581,0.139625860758241,0.599171226495459,0.572152198840267,"XLOC-020780#ANM2-HUMAN#P55345/novel-gene-chr14-11626#novel-gene-chr14-11626",2
"GO:0006873","GO:0006873","intracellular monoatomic ion homeostasis","6/80","274/6213",0.0218978102189781,1.70063868613139,1.35468077297191,0.140306964473287,0.599171226495459,0.572152198840267,"gene-evm.model.ptg000004l.110#SODC-ONCVO#P24706/XLOC-020392#PRSS8-RAT#Q9ES87/XLOC-008866#MCUR1-MOUSE#Q9CXD6/XLOC-024417#HEPHL-ACRMI#B3EWZ9/XLOC-025017#CP3AO-SHEEP#Q29496/gene-evm.model.ptg000003l.459#ZNT1-MACFA#Q4R6K2",6
"GO:0048863","GO:0048863","stem cell differentiation","3/80","101/6213",0.0297029702970297,2.30680693069307,1.51218413681037,0.140593237819108,0.599171226495459,0.572152198840267,"XLOC-026157#AP2D-HUMAN#Q7Z6R9/XLOC-001851#TBX20-MOUSE#Q9ES03/XLOC-002903#FZD1-XENLA#Q9I9M5",3
"GO:0006417","GO:0006417","regulation of translation","5/80","214/6213",0.0233644859813084,1.81454439252336,1.38486184077223,0.140821995454013,0.599171226495459,0.572152198840267,"XLOC-015811#TSAP1-HUMAN#Q9NX07/XLOC-004982#ENDOU-XENTR#B1H3D5/XLOC-019521#TISB-HUMAN#Q07352/novel-gene-chr14-11626#novel-gene-chr14-11626/gene-evm.model.ptg000018l.1280#NCK2-HUMAN#O43639",5
"GO:0044057","GO:0044057","regulation of system process","6/80","275/6213",0.0218181818181818,1.69445454545455,1.34528503103937,0.142034973426593,0.599171226495459,0.572152198840267,"gene-evm.model.ptg000004l.110#SODC-ONCVO#P24706/gene-evm.model.ptg000005l.755#RBP-CHICK#P02752/XLOC-022444#SNTB1-HUMAN#Q13884/XLOC-021538#RPGP1-HUMAN#P47736/XLOC-025017#CP3AO-SHEEP#Q29496/novel-gene-chr14-11626#novel-gene-chr14-11626",6
"GO:0051345","GO:0051345","positive regulation of hydrolase activity","7/80","338/6213",0.0207100591715976,1.6083949704142,1.31360340175559,0.143460335257583,0.599171226495459,0.572152198840267,"XLOC-020938#SPB6-MOUSE#Q60854/gene-evm.model.ptg000022l.488#RBGP1-MOUSE#A2AWA9/XLOC-002398#SVEP1-DANRE#A0A1D5NSM8/XLOC-007156#KALRN-MOUSE#A2CG49/XLOC-002962#LIPP-ICTTR#O88354/XLOC-021538#RPGP1-HUMAN#P47736/XLOC-002354#DAB2P-MOUSE#Q3UHC7",7
"GO:0003206","GO:0003206","cardiac chamber morphogenesis","2/80","52/6213",0.0384615384615385,2.98701923076923,1.64324520023231,0.144054099048604,0.599171226495459,0.572152198840267,"XLOC-001851#TBX20-MOUSE#Q9ES03/XLOC-002903#FZD1-XENLA#Q9I9M5",2
"GO:0017124","GO:0017124","SH3 domain binding","2/80","52/6213",0.0384615384615385,2.98701923076923,1.64324520023231,0.144054099048604,0.599171226495459,0.572152198840267,"XLOC-026683#ADA19-HUMAN#Q9H013/XLOC-002354#DAB2P-MOUSE#Q3UHC7",2
"GO:0072347","GO:0072347","response to anesthetic","2/80","52/6213",0.0384615384615385,2.98701923076923,1.64324520023231,0.144054099048604,0.599171226495459,0.572152198840267,"XLOC-007156#KALRN-MOUSE#A2CG49/XLOC-012867#MLP3A-BOVIN#Q2HJ23",2
"GO:1900407","GO:1900407","regulation of cellular response to oxidative stress","2/80","52/6213",0.0384615384615385,2.98701923076923,1.64324520023231,0.144054099048604,0.599171226495459,0.572152198840267,"gene-evm.model.ptg000004l.110#SODC-ONCVO#P24706/XLOC-002903#FZD1-XENLA#Q9I9M5",2
"GO:0000099","GO:0000099","sulfur amino acid transmembrane transporter activity","1/80","12/6213",0.0833333333333333,6.471875,2.16680665006625,0.144147193396418,0.599171226495459,0.572152198840267,"XLOC-003485#CTNS-HUMAN#O60931",1
"GO:0000101","GO:0000101","sulfur amino acid transport","1/80","12/6213",0.0833333333333333,6.471875,2.16680665006625,0.144147193396418,0.599171226495459,0.572152198840267,"XLOC-003485#CTNS-HUMAN#O60931",1
"GO:0000940","GO:0000940","outer kinetochore","1/80","12/6213",0.0833333333333333,6.471875,2.16680665006625,0.144147193396418,0.599171226495459,0.572152198840267,"novel-gene-chr14-11626#novel-gene-chr14-11626",1
"GO:0003179","GO:0003179","heart valve morphogenesis","1/80","12/6213",0.0833333333333333,6.471875,2.16680665006625,0.144147193396418,0.599171226495459,0.572152198840267,"XLOC-001851#TBX20-MOUSE#Q9ES03",1
"GO:0003203","GO:0003203","endocardial cushion morphogenesis","1/80","12/6213",0.0833333333333333,6.471875,2.16680665006625,0.144147193396418,0.599171226495459,0.572152198840267,"XLOC-001851#TBX20-MOUSE#Q9ES03",1
"GO:0009415","GO:0009415","response to water","1/80","12/6213",0.0833333333333333,6.471875,2.16680665006625,0.144147193396418,0.599171226495459,0.572152198840267,"XLOC-026157#AP2D-HUMAN#Q7Z6R9",1
"GO:0010160","GO:0010160","formation of animal organ boundary","1/80","12/6213",0.0833333333333333,6.471875,2.16680665006625,0.144147193396418,0.599171226495459,0.572152198840267,"XLOC-002903#FZD1-XENLA#Q9I9M5",1
"GO:0010918","GO:0010918","positive regulation of mitochondrial membrane potential","1/80","12/6213",0.0833333333333333,6.471875,2.16680665006625,0.144147193396418,0.599171226495459,0.572152198840267,"XLOC-003485#CTNS-HUMAN#O60931",1
"GO:0014017","GO:0014017","neuroblast fate commitment","1/80","12/6213",0.0833333333333333,6.471875,2.16680665006625,0.144147193396418,0.599171226495459,0.572152198840267,"XLOC-001851#TBX20-MOUSE#Q9ES03",1
"GO:0014047","GO:0014047","glutamate secretion","1/80","12/6213",0.0833333333333333,6.471875,2.16680665006625,0.144147193396418,0.599171226495459,0.572152198840267,"XLOC-013451#S38A2-CHICK#Q5F468",1
"GO:0016318","GO:0016318","ommatidial rotation","1/80","12/6213",0.0833333333333333,6.471875,2.16680665006625,0.144147193396418,0.599171226495459,0.572152198840267,"XLOC-002903#FZD1-XENLA#Q9I9M5",1
"GO:0016339","GO:0016339","calcium-dependent cell-cell adhesion","1/80","12/6213",0.0833333333333333,6.471875,2.16680665006625,0.144147193396418,0.599171226495459,0.572152198840267,"XLOC-015776#RET-HUMAN#P07949",1
"GO:0016722","GO:0016722","oxidoreductase activity, acting on metal ions","1/80","12/6213",0.0833333333333333,6.471875,2.16680665006625,0.144147193396418,0.599171226495459,0.572152198840267,"XLOC-024417#HEPHL-ACRMI#B3EWZ9",1
"GO:0021559","GO:0021559","trigeminal nerve development","1/80","12/6213",0.0833333333333333,6.471875,2.16680665006625,0.144147193396418,0.599171226495459,0.572152198840267,"XLOC-026157#AP2D-HUMAN#Q7Z6R9",1
"GO:0030159","GO:0030159","signaling receptor complex adaptor activity","1/80","12/6213",0.0833333333333333,6.471875,2.16680665006625,0.144147193396418,0.599171226495459,0.572152198840267,"gene-evm.model.ptg000018l.1280#NCK2-HUMAN#O43639",1
"GO:0034368","GO:0034368","protein-lipid complex remodeling","1/80","12/6213",0.0833333333333333,6.471875,2.16680665006625,0.144147193396418,0.599171226495459,0.572152198840267,"gene-evm.model.ptg000035l.378#TRLF-DESRO#K9IMD0",1
"GO:0034369","GO:0034369","plasma lipoprotein particle remodeling","1/80","12/6213",0.0833333333333333,6.471875,2.16680665006625,0.144147193396418,0.599171226495459,0.572152198840267,"gene-evm.model.ptg000035l.378#TRLF-DESRO#K9IMD0",1
"GO:0035025","GO:0035025","positive regulation of Rho protein signal transduction","1/80","12/6213",0.0833333333333333,6.471875,2.16680665006625,0.144147193396418,0.599171226495459,0.572152198840267,"XLOC-007156#KALRN-MOUSE#A2CG49",1
"GO:0035909","GO:0035909","aorta morphogenesis","1/80","12/6213",0.0833333333333333,6.471875,2.16680665006625,0.144147193396418,0.599171226495459,0.572152198840267,"XLOC-026157#AP2D-HUMAN#Q7Z6R9",1
"GO:0036342","GO:0036342","post-anal tail morphogenesis","1/80","12/6213",0.0833333333333333,6.471875,2.16680665006625,0.144147193396418,0.599171226495459,0.572152198840267,"XLOC-000223#BMP1-MOUSE#P98063",1
"GO:0042813","GO:0042813","Wnt receptor activity","1/80","12/6213",0.0833333333333333,6.471875,2.16680665006625,0.144147193396418,0.599171226495459,0.572152198840267,"XLOC-002903#FZD1-XENLA#Q9I9M5",1
"GO:0043058","GO:0043058","regulation of backward locomotion","1/80","12/6213",0.0833333333333333,6.471875,2.16680665006625,0.144147193396418,0.599171226495459,0.572152198840267,"XLOC-022444#SNTB1-HUMAN#Q13884",1
"GO:0046527","GO:0046527","glucosyltransferase activity","1/80","12/6213",0.0833333333333333,6.471875,2.16680665006625,0.144147193396418,0.599171226495459,0.572152198840267,"gene-evm.model.ptg000005l.77#PLOD1-CHICK#P24802",1
"GO:0046959","GO:0046959","habituation","1/80","12/6213",0.0833333333333333,6.471875,2.16680665006625,0.144147193396418,0.599171226495459,0.572152198840267,"XLOC-007156#KALRN-MOUSE#A2CG49",1
"GO:0051560","GO:0051560","mitochondrial calcium ion homeostasis","1/80","12/6213",0.0833333333333333,6.471875,2.16680665006625,0.144147193396418,0.599171226495459,0.572152198840267,"XLOC-008866#MCUR1-MOUSE#Q9CXD6",1
"GO:0060045","GO:0060045","positive regulation of cardiac muscle cell proliferation","1/80","12/6213",0.0833333333333333,6.471875,2.16680665006625,0.144147193396418,0.599171226495459,0.572152198840267,"XLOC-001851#TBX20-MOUSE#Q9ES03",1
"GO:0060467","GO:0060467","negative regulation of fertilization","1/80","12/6213",0.0833333333333333,6.471875,2.16680665006625,0.144147193396418,0.599171226495459,0.572152198840267,"XLOC-012512#MLRP1-ACRMI#B3EWZ5",1
"GO:0060468","GO:0060468","prevention of polyspermy","1/80","12/6213",0.0833333333333333,6.471875,2.16680665006625,0.144147193396418,0.599171226495459,0.572152198840267,"XLOC-012512#MLRP1-ACRMI#B3EWZ5",1
"GO:0061036","GO:0061036","positive regulation of cartilage development","1/80","12/6213",0.0833333333333333,6.471875,2.16680665006625,0.144147193396418,0.599171226495459,0.572152198840267,"XLOC-000223#BMP1-MOUSE#P98063",1
"GO:0061157","GO:0061157","mRNA destabilization","1/80","12/6213",0.0833333333333333,6.471875,2.16680665006625,0.144147193396418,0.599171226495459,0.572152198840267,"XLOC-019521#TISB-HUMAN#Q07352",1
"GO:0071295","GO:0071295","cellular response to vitamin","1/80","12/6213",0.0833333333333333,6.471875,2.16680665006625,0.144147193396418,0.599171226495459,0.572152198840267,"XLOC-002903#FZD1-XENLA#Q9I9M5",1
"GO:0072017","GO:0072017","distal tubule development","1/80","12/6213",0.0833333333333333,6.471875,2.16680665006625,0.144147193396418,0.599171226495459,0.572152198840267,"XLOC-026157#AP2D-HUMAN#Q7Z6R9",1
"GO:0072210","GO:0072210","metanephric nephron development","1/80","12/6213",0.0833333333333333,6.471875,2.16680665006625,0.144147193396418,0.599171226495459,0.572152198840267,"XLOC-026157#AP2D-HUMAN#Q7Z6R9",1
"GO:0099072","GO:0099072","regulation of postsynaptic membrane neurotransmitter receptor levels","1/80","12/6213",0.0833333333333333,6.471875,2.16680665006625,0.144147193396418,0.599171226495459,0.572152198840267,"XLOC-007156#KALRN-MOUSE#A2CG49",1
"GO:1900102","GO:1900102","negative regulation of endoplasmic reticulum unfolded protein response","1/80","12/6213",0.0833333333333333,6.471875,2.16680665006625,0.144147193396418,0.599171226495459,0.572152198840267,"gene-evm.model.ptg000018l.1280#NCK2-HUMAN#O43639",1
"GO:1900409","GO:1900409","positive regulation of cellular response to oxidative stress","1/80","12/6213",0.0833333333333333,6.471875,2.16680665006625,0.144147193396418,0.599171226495459,0.572152198840267,"gene-evm.model.ptg000004l.110#SODC-ONCVO#P24706",1
"GO:1901096","GO:1901096","regulation of autophagosome maturation","1/80","12/6213",0.0833333333333333,6.471875,2.16680665006625,0.144147193396418,0.599171226495459,0.572152198840267,"XLOC-012867#MLP3A-BOVIN#Q2HJ23",1
"GO:1903894","GO:1903894","regulation of IRE1-mediated unfolded protein response","1/80","12/6213",0.0833333333333333,6.471875,2.16680665006625,0.144147193396418,0.599171226495459,0.572152198840267,"XLOC-002354#DAB2P-MOUSE#Q3UHC7",1
"GO:1905276","GO:1905276","regulation of epithelial tube formation","1/80","12/6213",0.0833333333333333,6.471875,2.16680665006625,0.144147193396418,0.599171226495459,0.572152198840267,"XLOC-002903#FZD1-XENLA#Q9I9M5",1
"GO:0043207","GO:0043207","response to external biotic stimulus","7/80","339/6213",0.0206489675516224,1.60365044247788,1.30539707727822,0.145030686651698,0.599171226495459,0.572152198840267,"XLOC-026157#AP2D-HUMAN#Q7Z6R9/XLOC-003023#FCN2-MOUSE#O70497/XLOC-006017#CADN-ACRMI#B3EWZ3/XLOC-012867#MLP3A-BOVIN#Q2HJ23/novel-gene-chr14-11626#novel-gene-chr14-11626/gene-evm.model.ptg000018l.1280#NCK2-HUMAN#O43639/XLOC-002354#DAB2P-MOUSE#Q3UHC7",7
"GO:0051707","GO:0051707","response to other organism","7/80","339/6213",0.0206489675516224,1.60365044247788,1.30539707727822,0.145030686651698,0.599171226495459,0.572152198840267,"XLOC-026157#AP2D-HUMAN#Q7Z6R9/XLOC-003023#FCN2-MOUSE#O70497/XLOC-006017#CADN-ACRMI#B3EWZ3/XLOC-012867#MLP3A-BOVIN#Q2HJ23/novel-gene-chr14-11626#novel-gene-chr14-11626/gene-evm.model.ptg000018l.1280#NCK2-HUMAN#O43639/XLOC-002354#DAB2P-MOUSE#Q3UHC7",7
"GO:0019902","GO:0019902","phosphatase binding","3/80","103/6213",0.029126213592233,2.2620145631068,1.47498161963089,0.14659443581777,0.599171226495459,0.572152198840267,"gene-evm.model.ptg000004l.110#SODC-ONCVO#P24706/XLOC-025616#ELL2-MOUSE#Q3UKU1/XLOC-002354#DAB2P-MOUSE#Q3UHC7",3
"GO:0033108","GO:0033108","mitochondrial respiratory chain complex assembly","2/80","53/6213",0.0377358490566038,2.93066037735849,1.61204699034371,0.148512003523795,0.599171226495459,0.572152198840267,"XLOC-010359#IMP1L-HUMAN#Q96LU5/XLOC-010474#SDHF2-CULQU#B0XK69",2
"GO:1901343","GO:1901343","negative regulation of vasculature development","2/80","53/6213",0.0377358490566038,2.93066037735849,1.61204699034371,0.148512003523795,0.599171226495459,0.572152198840267,"gene-evm.model.ptg000035l.378#TRLF-DESRO#K9IMD0/XLOC-002354#DAB2P-MOUSE#Q3UHC7",2
"GO:0006986","GO:0006986","response to unfolded protein","3/80","104/6213",0.0288461538461538,2.24026442307692,1.45670002582982,0.149626649263432,0.599171226495459,0.572152198840267,"gene-evm.model.ptg000055l.299#TPP1-DANRE#F8W2M8/novel-gene-chr14-11626#novel-gene-chr14-11626/XLOC-002354#DAB2P-MOUSE#Q3UHC7",3
"GO:0043547","GO:0043547","positive regulation of GTPase activity","4/80","160/6213",0.025,1.9415625,1.37799627124773,0.150426558462132,0.599171226495459,0.572152198840267,"gene-evm.model.ptg000022l.488#RBGP1-MOUSE#A2AWA9/XLOC-007156#KALRN-MOUSE#A2CG49/XLOC-021538#RPGP1-HUMAN#P47736/XLOC-002354#DAB2P-MOUSE#Q3UHC7",4
"GO:0005506","GO:0005506","iron ion binding","2/80","54/6213",0.037037037037037,2.87638888888889,1.58157162662362,0.152998103910783,0.599171226495459,0.572152198840267,"gene-evm.model.ptg000005l.77#PLOD1-CHICK#P24802/XLOC-024417#HEPHL-ACRMI#B3EWZ9",2
"GO:0045444","GO:0045444","fat cell differentiation","2/80","54/6213",0.037037037037037,2.87638888888889,1.58157162662362,0.152998103910783,0.599171226495459,0.572152198840267,"XLOC-026157#AP2D-HUMAN#Q7Z6R9/novel-gene-chr14-11626#novel-gene-chr14-11626",2
"GO:0000977","GO:0000977","RNA polymerase II transcription regulatory region sequence-specific DNA binding","5/80","221/6213",0.0226244343891403,1.75707013574661,1.30879185629881,0.154907490585592,0.599171226495459,0.572152198840267,"XLOC-026157#AP2D-HUMAN#Q7Z6R9/XLOC-003461#NFIC-MOUSE#P70255/XLOC-001851#TBX20-MOUSE#Q9ES03/novel-gene-chr14-11626#novel-gene-chr14-11626/XLOC-014541#HES4A-XENLA#Q90Z12",5
"GO:0002121","GO:0002121","inter-male aggressive behavior","1/80","13/6213",0.0769230769230769,5.97403846153846,2.05026125755617,0.155188674533055,0.599171226495459,0.572152198840267,"XLOC-026157#AP2D-HUMAN#Q7Z6R9",1
"GO:0003148","GO:0003148","outflow tract septum morphogenesis","1/80","13/6213",0.0769230769230769,5.97403846153846,2.05026125755617,0.155188674533055,0.599171226495459,0.572152198840267,"XLOC-001851#TBX20-MOUSE#Q9ES03",1
"GO:0003230","GO:0003230","cardiac atrium development","1/80","13/6213",0.0769230769230769,5.97403846153846,2.05026125755617,0.155188674533055,0.599171226495459,0.572152198840267,"XLOC-001851#TBX20-MOUSE#Q9ES03",1
"GO:0008206","GO:0008206","bile acid metabolic process","1/80","13/6213",0.0769230769230769,5.97403846153846,2.05026125755617,0.155188674533055,0.599171226495459,0.572152198840267,"XLOC-025592#GBA2-RAT#Q5M868",1
"GO:0008242","GO:0008242","omega peptidase activity","1/80","13/6213",0.0769230769230769,5.97403846153846,2.05026125755617,0.155188674533055,0.599171226495459,0.572152198840267,"gene-evm.model.ptg000009l.493#GGH-HUMAN#Q92820",1
"GO:0010714","GO:0010714","positive regulation of collagen metabolic process","1/80","13/6213",0.0769230769230769,5.97403846153846,2.05026125755617,0.155188674533055,0.599171226495459,0.572152198840267,"novel-gene-chr14-11626#novel-gene-chr14-11626",1
"GO:0016628","GO:0016628","oxidoreductase activity, acting on the CH-CH group of donors, NAD or NADP as acceptor","1/80","13/6213",0.0769230769230769,5.97403846153846,2.05026125755617,0.155188674533055,0.599171226495459,0.572152198840267,"XLOC-025017#CP3AO-SHEEP#Q29496",1
"GO:0030194","GO:0030194","positive regulation of blood coagulation","1/80","13/6213",0.0769230769230769,5.97403846153846,2.05026125755617,0.155188674533055,0.599171226495459,0.572152198840267,"gene-evm.model.ptg000035l.378#TRLF-DESRO#K9IMD0",1
"GO:0030220","GO:0030220","platelet formation","1/80","13/6213",0.0769230769230769,5.97403846153846,2.05026125755617,0.155188674533055,0.599171226495459,0.572152198840267,"novel-gene-chr14-11626#novel-gene-chr14-11626",1
"GO:0032677","GO:0032677","regulation of interleukin-8 production","1/80","13/6213",0.0769230769230769,5.97403846153846,2.05026125755617,0.155188674533055,0.599171226495459,0.572152198840267,"XLOC-003023#FCN2-MOUSE#O70497",1
"GO:0032967","GO:0032967","positive regulation of collagen biosynthetic process","1/80","13/6213",0.0769230769230769,5.97403846153846,2.05026125755617,0.155188674533055,0.599171226495459,0.572152198840267,"novel-gene-chr14-11626#novel-gene-chr14-11626",1
"GO:0036344","GO:0036344","platelet morphogenesis","1/80","13/6213",0.0769230769230769,5.97403846153846,2.05026125755617,0.155188674533055,0.599171226495459,0.572152198840267,"novel-gene-chr14-11626#novel-gene-chr14-11626",1
"GO:0043508","GO:0043508","negative regulation of JUN kinase activity","1/80","13/6213",0.0769230769230769,5.97403846153846,2.05026125755617,0.155188674533055,0.599171226495459,0.572152198840267,"XLOC-020938#SPB6-MOUSE#Q60854",1
"GO:0044754","GO:0044754","autolysosome","1/80","13/6213",0.0769230769230769,5.97403846153846,2.05026125755617,0.155188674533055,0.599171226495459,0.572152198840267,"XLOC-012867#MLP3A-BOVIN#Q2HJ23",1
"GO:0045198","GO:0045198","establishment of epithelial cell apical/basal polarity","1/80","13/6213",0.0769230769230769,5.97403846153846,2.05026125755617,0.155188674533055,0.599171226495459,0.572152198840267,"XLOC-002903#FZD1-XENLA#Q9I9M5",1
"GO:0048148","GO:0048148","behavioral response to cocaine","1/80","13/6213",0.0769230769230769,5.97403846153846,2.05026125755617,0.155188674533055,0.599171226495459,0.572152198840267,"XLOC-007156#KALRN-MOUSE#A2CG49",1
"GO:0048265","GO:0048265","response to pain","1/80","13/6213",0.0769230769230769,5.97403846153846,2.05026125755617,0.155188674533055,0.599171226495459,0.572152198840267,"XLOC-007156#KALRN-MOUSE#A2CG49",1
"GO:0051957","GO:0051957","positive regulation of amino acid transport","1/80","13/6213",0.0769230769230769,5.97403846153846,2.05026125755617,0.155188674533055,0.599171226495459,0.572152198840267,"XLOC-013451#S38A2-CHICK#Q5F468",1
"GO:0060055","GO:0060055","angiogenesis involved in wound healing","1/80","13/6213",0.0769230769230769,5.97403846153846,2.05026125755617,0.155188674533055,0.599171226495459,0.572152198840267,"gene-evm.model.ptg000027l.443#PCP-PONAB#Q5RBU7",1
"GO:0060298","GO:0060298","positive regulation of sarcomere organization","1/80","13/6213",0.0769230769230769,5.97403846153846,2.05026125755617,0.155188674533055,0.599171226495459,0.572152198840267,"novel-gene-chr14-11626#novel-gene-chr14-11626",1
"GO:0065005","GO:0065005","protein-lipid complex assembly","1/80","13/6213",0.0769230769230769,5.97403846153846,2.05026125755617,0.155188674533055,0.599171226495459,0.572152198840267,"XLOC-000223#BMP1-MOUSE#P98063",1
"GO:0071450","GO:0071450","cellular response to oxygen radical","1/80","13/6213",0.0769230769230769,5.97403846153846,2.05026125755617,0.155188674533055,0.599171226495459,0.572152198840267,"gene-evm.model.ptg000004l.110#SODC-ONCVO#P24706",1
"GO:0071451","GO:0071451","cellular response to superoxide","1/80","13/6213",0.0769230769230769,5.97403846153846,2.05026125755617,0.155188674533055,0.599171226495459,0.572152198840267,"gene-evm.model.ptg000004l.110#SODC-ONCVO#P24706",1
"GO:0097120","GO:0097120","receptor localization to synapse","1/80","13/6213",0.0769230769230769,5.97403846153846,2.05026125755617,0.155188674533055,0.599171226495459,0.572152198840267,"XLOC-007156#KALRN-MOUSE#A2CG49",1
"GO:0097157","GO:0097157","pre-mRNA intronic binding","1/80","13/6213",0.0769230769230769,5.97403846153846,2.05026125755617,0.155188674533055,0.599171226495459,0.572152198840267,"novel-gene-chr14-11626#novel-gene-chr14-11626",1
"GO:1900048","GO:1900048","positive regulation of hemostasis","1/80","13/6213",0.0769230769230769,5.97403846153846,2.05026125755617,0.155188674533055,0.599171226495459,0.572152198840267,"gene-evm.model.ptg000035l.378#TRLF-DESRO#K9IMD0",1
"GO:1900153","GO:1900153","positive regulation of nuclear-transcribed mRNA catabolic process, deadenylation-dependent decay","1/80","13/6213",0.0769230769230769,5.97403846153846,2.05026125755617,0.155188674533055,0.599171226495459,0.572152198840267,"XLOC-019521#TISB-HUMAN#Q07352",1
"GO:0001525","GO:0001525","angiogenesis","3/80","106/6213",0.0283018867924528,2.19799528301887,1.42075212858801,0.155752094375999,0.599171226495459,0.572152198840267,"gene-evm.model.ptg000027l.443#PCP-PONAB#Q5RBU7/XLOC-020392#PRSS8-RAT#Q9ES87/XLOC-001851#TBX20-MOUSE#Q9ES03",3
"GO:0007162","GO:0007162","negative regulation of cell adhesion","3/80","106/6213",0.0283018867924528,2.19799528301887,1.42075212858801,0.155752094375999,0.599171226495459,0.572152198840267,"XLOC-013453#FCN1-PIG#Q29042/gene-evm.model.ptg000035l.378#TRLF-DESRO#K9IMD0/XLOC-019944#FCN1-HUMAN#O00602",3
"GO:0045765","GO:0045765","regulation of angiogenesis","3/80","106/6213",0.0283018867924528,2.19799528301887,1.42075212858801,0.155752094375999,0.599171226495459,0.572152198840267,"gene-evm.model.ptg000035l.378#TRLF-DESRO#K9IMD0/XLOC-026683#ADA19-HUMAN#Q9H013/XLOC-002354#DAB2P-MOUSE#Q3UHC7",3
"GO:0050714","GO:0050714","positive regulation of protein secretion","3/80","106/6213",0.0283018867924528,2.19799528301887,1.42075212858801,0.155752094375999,0.599171226495459,0.572152198840267,"XLOC-003023#FCN2-MOUSE#O70497/XLOC-014474#TMPS5-HUMAN#Q9H3S3/novel-gene-chr14-11626#novel-gene-chr14-11626",3
"GO:0002218","GO:0002218","activation of innate immune response","2/80","55/6213",0.0363636363636364,2.82409090909091,1.55178738155088,0.157510962003026,0.599171226495459,0.572152198840267,"XLOC-003023#FCN2-MOUSE#O70497/novel-gene-chr14-11626#novel-gene-chr14-11626",2
"GO:0003231","GO:0003231","cardiac ventricle development","2/80","55/6213",0.0363636363636364,2.82409090909091,1.55178738155088,0.157510962003026,0.599171226495459,0.572152198840267,"XLOC-001851#TBX20-MOUSE#Q9ES03/XLOC-002903#FZD1-XENLA#Q9I9M5",2
"GO:0051881","GO:0051881","regulation of mitochondrial membrane potential","2/80","55/6213",0.0363636363636364,2.82409090909091,1.55178738155088,0.157510962003026,0.599171226495459,0.572152198840267,"gene-evm.model.ptg000004l.110#SODC-ONCVO#P24706/XLOC-003485#CTNS-HUMAN#O60931",2
"GO:0035967","GO:0035967","cellular response to topologically incorrect protein","3/80","107/6213",0.0280373831775701,2.17745327102804,1.40307667231374,0.158844442912362,0.599171226495459,0.572152198840267,"gene-evm.model.ptg000055l.299#TPP1-DANRE#F8W2M8/novel-gene-chr14-11626#novel-gene-chr14-11626/XLOC-002354#DAB2P-MOUSE#Q3UHC7",3
"GO:0003713","GO:0003713","transcription coactivator activity","4/80","164/6213",0.024390243902439,1.89420731707317,1.3253866313463,0.160154833697749,0.599171226495459,0.572152198840267,"XLOC-026157#AP2D-HUMAN#Q7Z6R9/XLOC-001851#TBX20-MOUSE#Q9ES03/XLOC-020780#ANM2-HUMAN#P55345/novel-gene-chr14-11626#novel-gene-chr14-11626",4
"GO:0021543","GO:0021543","pallium development","3/80","108/6213",0.0277777777777778,2.15729166666667,1.38559435133552,0.161955954334153,0.599171226495459,0.572152198840267,"XLOC-026157#AP2D-HUMAN#Q7Z6R9/XLOC-013451#S38A2-CHICK#Q5F468/XLOC-002354#DAB2P-MOUSE#Q3UHC7",3
"GO:0030718","GO:0030718","germ-line stem cell population maintenance","2/80","56/6213",0.0357142857142857,2.77366071428571,1.52266448445868,0.162049171095824,0.599171226495459,0.572152198840267,"XLOC-026157#AP2D-HUMAN#Q7Z6R9/novel-gene-chr14-11626#novel-gene-chr14-11626",2
"GO:0042113","GO:0042113","B cell activation","2/80","56/6213",0.0357142857142857,2.77366071428571,1.52266448445868,0.162049171095824,0.599171226495459,0.572152198840267,"XLOC-002398#SVEP1-DANRE#A0A1D5NSM8/novel-gene-chr14-11626#novel-gene-chr14-11626",2
"GO:0043506","GO:0043506","regulation of JUN kinase activity","2/80","56/6213",0.0357142857142857,2.77366071428571,1.52266448445868,0.162049171095824,0.599171226495459,0.572152198840267,"XLOC-020938#SPB6-MOUSE#Q60854/XLOC-002354#DAB2P-MOUSE#Q3UHC7",2
"GO:1903036","GO:1903036","positive regulation of response to wounding","2/80","56/6213",0.0357142857142857,2.77366071428571,1.52266448445868,0.162049171095824,0.599171226495459,0.572152198840267,"gene-evm.model.ptg000035l.378#TRLF-DESRO#K9IMD0/XLOC-015776#RET-HUMAN#P07949",2
"GO:0030163","GO:0030163","protein catabolic process","7/80","350/6213",0.02,1.55325,1.21680148863882,0.162851127390647,0.599171226495459,0.572152198840267,"XLOC-015868#XLOC-015868/gene-evm.model.ptg000004l.110#SODC-ONCVO#P24706/XLOC-008889#CATZ-BOVIN#P05689/gene-evm.model.ptg000055l.299#TPP1-DANRE#F8W2M8/XLOC-020049#TSSP-HUMAN#Q9NQE7/gene-evm.model.ptg000035l.378#TRLF-DESRO#K9IMD0/XLOC-002354#DAB2P-MOUSE#Q3UHC7",7
"GO:2000145","GO:2000145","regulation of cell motility","7/80","351/6213",0.0199430199430199,1.54882478632479,1.20889505987116,0.164519674352513,0.599171226495459,0.572152198840267,"XLOC-020938#SPB6-MOUSE#Q60854/gene-evm.model.ptg000027l.443#PCP-PONAB#Q5RBU7/XLOC-026157#AP2D-HUMAN#Q7Z6R9/gene-evm.model.ptg000035l.378#TRLF-DESRO#K9IMD0/XLOC-001851#TBX20-MOUSE#Q9ES03/gene-evm.model.ptg000018l.1280#NCK2-HUMAN#O43639/XLOC-002354#DAB2P-MOUSE#Q3UHC7",7
"GO:0030855","GO:0030855","epithelial cell differentiation","8/80","416/6213",0.0192307692307692,1.49350961538462,1.19004906799503,0.164958548560162,0.599171226495459,0.572152198840267,"gene-evm.model.ptg000004l.110#SODC-ONCVO#P24706/gene-evm.model.ptg000055l.299#TPP1-DANRE#F8W2M8/gene-evm.model.ptg000005l.77#PLOD1-CHICK#P24802/XLOC-026157#AP2D-HUMAN#Q7Z6R9/XLOC-000223#BMP1-MOUSE#P98063/XLOC-001851#TBX20-MOUSE#Q9ES03/novel-gene-chr14-11626#novel-gene-chr14-11626/XLOC-002903#FZD1-XENLA#Q9I9M5",8
"GO:0046661","GO:0046661","male sex differentiation","3/80","109/6213",0.0275229357798165,2.1375,1.36830094375789,0.165086188772149,0.599171226495459,0.572152198840267,"XLOC-026157#AP2D-HUMAN#Q7Z6R9/XLOC-007156#KALRN-MOUSE#A2CG49/XLOC-001851#TBX20-MOUSE#Q9ES03",3
"GO:1903522","GO:1903522","regulation of blood circulation","3/80","109/6213",0.0275229357798165,2.1375,1.36830094375789,0.165086188772149,0.599171226495459,0.572152198840267,"XLOC-022444#SNTB1-HUMAN#Q13884/XLOC-021538#RPGP1-HUMAN#P47736/XLOC-025017#CP3AO-SHEEP#Q29496",3
"GO:0000421","GO:0000421","autophagosome membrane","1/80","14/6213",0.0714285714285714,5.54732142857143,1.94528432753724,0.166089465829403,0.599171226495459,0.572152198840267,"XLOC-012867#MLP3A-BOVIN#Q2HJ23",1
"GO:0001829","GO:0001829","trophectodermal cell differentiation","1/80","14/6213",0.0714285714285714,5.54732142857143,1.94528432753724,0.166089465829403,0.599171226495459,0.572152198840267,"XLOC-026157#AP2D-HUMAN#Q7Z6R9",1
"GO:0002118","GO:0002118","aggressive behavior","1/80","14/6213",0.0714285714285714,5.54732142857143,1.94528432753724,0.166089465829403,0.599171226495459,0.572152198840267,"XLOC-026157#AP2D-HUMAN#Q7Z6R9",1
"GO:0003085","GO:0003085","negative regulation of systemic arterial blood pressure","1/80","14/6213",0.0714285714285714,5.54732142857143,1.94528432753724,0.166089465829403,0.599171226495459,0.572152198840267,"gene-evm.model.ptg000027l.443#PCP-PONAB#Q5RBU7",1
"GO:0005767","GO:0005767","secondary lysosome","1/80","14/6213",0.0714285714285714,5.54732142857143,1.94528432753724,0.166089465829403,0.599171226495459,0.572152198840267,"XLOC-012867#MLP3A-BOVIN#Q2HJ23",1
"GO:0006825","GO:0006825","copper ion transport","1/80","14/6213",0.0714285714285714,5.54732142857143,1.94528432753724,0.166089465829403,0.599171226495459,0.572152198840267,"XLOC-024417#HEPHL-ACRMI#B3EWZ9",1
"GO:0006851","GO:0006851","mitochondrial calcium ion transmembrane transport","1/80","14/6213",0.0714285714285714,5.54732142857143,1.94528432753724,0.166089465829403,0.599171226495459,0.572152198840267,"XLOC-008866#MCUR1-MOUSE#Q9CXD6",1
"GO:0010288","GO:0010288","response to lead ion","1/80","14/6213",0.0714285714285714,5.54732142857143,1.94528432753724,0.166089465829403,0.599171226495459,0.572152198840267,"XLOC-012867#MLP3A-BOVIN#Q2HJ23",1
"GO:0010842","GO:0010842","retina layer formation","1/80","14/6213",0.0714285714285714,5.54732142857143,1.94528432753724,0.166089465829403,0.599171226495459,0.572152198840267,"XLOC-026157#AP2D-HUMAN#Q7Z6R9",1
"GO:0015800","GO:0015800","acidic amino acid transport","1/80","14/6213",0.0714285714285714,5.54732142857143,1.94528432753724,0.166089465829403,0.599171226495459,0.572152198840267,"XLOC-013451#S38A2-CHICK#Q5F468",1
"GO:0016601","GO:0016601","Rac protein signal transduction","1/80","14/6213",0.0714285714285714,5.54732142857143,1.94528432753724,0.166089465829403,0.599171226495459,0.572152198840267,"XLOC-007156#KALRN-MOUSE#A2CG49",1
"GO:0022011","GO:0022011","myelination in peripheral nervous system","1/80","14/6213",0.0714285714285714,5.54732142857143,1.94528432753724,0.166089465829403,0.599171226495459,0.572152198840267,"gene-evm.model.ptg000004l.110#SODC-ONCVO#P24706",1
"GO:0030002","GO:0030002","intracellular monoatomic anion homeostasis","1/80","14/6213",0.0714285714285714,5.54732142857143,1.94528432753724,0.166089465829403,0.599171226495459,0.572152198840267,"XLOC-025017#CP3AO-SHEEP#Q29496",1
"GO:0030859","GO:0030859","polarized epithelial cell differentiation","1/80","14/6213",0.0714285714285714,5.54732142857143,1.94528432753724,0.166089465829403,0.599171226495459,0.572152198840267,"XLOC-002903#FZD1-XENLA#Q9I9M5",1
"GO:0032292","GO:0032292","peripheral nervous system axon ensheathment","1/80","14/6213",0.0714285714285714,5.54732142857143,1.94528432753724,0.166089465829403,0.599171226495459,0.572152198840267,"gene-evm.model.ptg000004l.110#SODC-ONCVO#P24706",1
"GO:0033333","GO:0033333","fin development","1/80","14/6213",0.0714285714285714,5.54732142857143,1.94528432753724,0.166089465829403,0.599171226495459,0.572152198840267,"XLOC-000223#BMP1-MOUSE#P98063",1
"GO:0035115","GO:0035115","embryonic forelimb morphogenesis","1/80","14/6213",0.0714285714285714,5.54732142857143,1.94528432753724,0.166089465829403,0.599171226495459,0.572152198840267,"XLOC-026157#AP2D-HUMAN#Q7Z6R9",1
"GO:0035136","GO:0035136","forelimb morphogenesis","1/80","14/6213",0.0714285714285714,5.54732142857143,1.94528432753724,0.166089465829403,0.599171226495459,0.572152198840267,"XLOC-026157#AP2D-HUMAN#Q7Z6R9",1
"GO:0035924","GO:0035924","cellular response to vascular endothelial growth factor stimulus","1/80","14/6213",0.0714285714285714,5.54732142857143,1.94528432753724,0.166089465829403,0.599171226495459,0.572152198840267,"XLOC-002354#DAB2P-MOUSE#Q3UHC7",1
"GO:0040040","GO:0040040","thermosensory behavior","1/80","14/6213",0.0714285714285714,5.54732142857143,1.94528432753724,0.166089465829403,0.599171226495459,0.572152198840267,"novel-gene-chr14-11626#novel-gene-chr14-11626",1
"GO:0043124","GO:0043124","negative regulation of canonical NF-kappaB signal transduction","1/80","14/6213",0.0714285714285714,5.54732142857143,1.94528432753724,0.166089465829403,0.599171226495459,0.572152198840267,"XLOC-002354#DAB2P-MOUSE#Q3UHC7",1
"GO:0043171","GO:0043171","peptide catabolic process","1/80","14/6213",0.0714285714285714,5.54732142857143,1.94528432753724,0.166089465829403,0.599171226495459,0.572152198840267,"gene-evm.model.ptg000055l.299#TPP1-DANRE#F8W2M8",1
"GO:0043491","GO:0043491","phosphatidylinositol 3-kinase/protein kinase B signal transduction","1/80","14/6213",0.0714285714285714,5.54732142857143,1.94528432753724,0.166089465829403,0.599171226495459,0.572152198840267,"novel-gene-chr14-11626#novel-gene-chr14-11626",1
"GO:0043555","GO:0043555","regulation of translation in response to stress","1/80","14/6213",0.0714285714285714,5.54732142857143,1.94528432753724,0.166089465829403,0.599171226495459,0.572152198840267,"gene-evm.model.ptg000018l.1280#NCK2-HUMAN#O43639",1
"GO:0045103","GO:0045103","intermediate filament-based process","1/80","14/6213",0.0714285714285714,5.54732142857143,1.94528432753724,0.166089465829403,0.599171226495459,0.572152198840267,"gene-evm.model.ptg000004l.110#SODC-ONCVO#P24706",1
"GO:0045104","GO:0045104","intermediate filament cytoskeleton organization","1/80","14/6213",0.0714285714285714,5.54732142857143,1.94528432753724,0.166089465829403,0.599171226495459,0.572152198840267,"gene-evm.model.ptg000004l.110#SODC-ONCVO#P24706",1
"GO:0046718","GO:0046718","symbiont entry into host cell","1/80","14/6213",0.0714285714285714,5.54732142857143,1.94528432753724,0.166089465829403,0.599171226495459,0.572152198840267,"XLOC-020938#SPB6-MOUSE#Q60854",1
"GO:0046958","GO:0046958","nonassociative learning","1/80","14/6213",0.0714285714285714,5.54732142857143,1.94528432753724,0.166089465829403,0.599171226495459,0.572152198840267,"XLOC-007156#KALRN-MOUSE#A2CG49",1
"GO:0050779","GO:0050779","RNA destabilization","1/80","14/6213",0.0714285714285714,5.54732142857143,1.94528432753724,0.166089465829403,0.599171226495459,0.572152198840267,"XLOC-019521#TISB-HUMAN#Q07352",1
"GO:0050820","GO:0050820","positive regulation of coagulation","1/80","14/6213",0.0714285714285714,5.54732142857143,1.94528432753724,0.166089465829403,0.599171226495459,0.572152198840267,"gene-evm.model.ptg000035l.378#TRLF-DESRO#K9IMD0",1
"GO:0050892","GO:0050892","intestinal absorption","1/80","14/6213",0.0714285714285714,5.54732142857143,1.94528432753724,0.166089465829403,0.599171226495459,0.572152198840267,"XLOC-002962#LIPP-ICTTR#O88354",1
"GO:0060039","GO:0060039","pericardium development","1/80","14/6213",0.0714285714285714,5.54732142857143,1.94528432753724,0.166089465829403,0.599171226495459,0.572152198840267,"XLOC-001851#TBX20-MOUSE#Q9ES03",1
"GO:0060297","GO:0060297","regulation of sarcomere organization","1/80","14/6213",0.0714285714285714,5.54732142857143,1.94528432753724,0.166089465829403,0.599171226495459,0.572152198840267,"novel-gene-chr14-11626#novel-gene-chr14-11626",1
"GO:0060706","GO:0060706","cell differentiation involved in embryonic placenta development","1/80","14/6213",0.0714285714285714,5.54732142857143,1.94528432753724,0.166089465829403,0.599171226495459,0.572152198840267,"gene-evm.model.ptg000035l.378#TRLF-DESRO#K9IMD0",1
"GO:0060716","GO:0060716","labyrinthine layer blood vessel development","1/80","14/6213",0.0714285714285714,5.54732142857143,1.94528432753724,0.166089465829403,0.599171226495459,0.572152198840267,"gene-evm.model.ptg000035l.378#TRLF-DESRO#K9IMD0",1
"GO:1900273","GO:1900273","positive regulation of long-term synaptic potentiation","1/80","14/6213",0.0714285714285714,5.54732142857143,1.94528432753724,0.166089465829403,0.599171226495459,0.572152198840267,"XLOC-007156#KALRN-MOUSE#A2CG49",1
"GO:0030838","GO:0030838","positive regulation of actin filament polymerization","2/80","57/6213",0.0350877192982456,2.725,1.4941749679068,0.166611355430599,0.599171226495459,0.572152198840267,"XLOC-007156#KALRN-MOUSE#A2CG49/gene-evm.model.ptg000018l.1280#NCK2-HUMAN#O43639",2
"GO:0030879","GO:0030879","mammary gland development","2/80","57/6213",0.0350877192982456,2.725,1.4941749679068,0.166611355430599,0.599171226495459,0.572152198840267,"XLOC-026157#AP2D-HUMAN#Q7Z6R9/XLOC-007156#KALRN-MOUSE#A2CG49",2
"GO:0032956","GO:0032956","regulation of actin cytoskeleton organization","4/80","168/6213",0.0238095238095238,1.84910714285714,1.2742164785597,0.170112212547632,0.599171226495459,0.572152198840267,"XLOC-007156#KALRN-MOUSE#A2CG49/novel-gene-chr14-11626#novel-gene-chr14-11626/XLOC-002903#FZD1-XENLA#Q9I9M5/gene-evm.model.ptg000018l.1280#NCK2-HUMAN#O43639",4
"GO:0043687","GO:0043687","post-translational protein modification","4/80","168/6213",0.0238095238095238,1.84910714285714,1.2742164785597,0.170112212547632,0.599171226495459,0.572152198840267,"XLOC-022170#FSTL1-MACFA#Q9GKY0/XLOC-013453#FCN1-PIG#Q29042/XLOC-019944#FCN1-HUMAN#O00602/XLOC-024417#HEPHL-ACRMI#B3EWZ9",4
"GO:0035218","GO:0035218","leg disc development","2/80","58/6213",0.0344827586206897,2.67801724137931,1.46629252859204,0.171196169647987,0.599171226495459,0.572152198840267,"XLOC-026157#AP2D-HUMAN#Q7Z6R9/XLOC-001851#TBX20-MOUSE#Q9ES03",2
"GO:0009617","GO:0009617","response to bacterium","5/80","229/6213",0.0218340611353712,1.69568777292576,1.22506901010593,0.171701385917225,0.599171226495459,0.572152198840267,"XLOC-026157#AP2D-HUMAN#Q7Z6R9/XLOC-003023#FCN2-MOUSE#O70497/XLOC-006017#CADN-ACRMI#B3EWZ3/XLOC-012867#MLP3A-BOVIN#Q2HJ23/XLOC-002354#DAB2P-MOUSE#Q3UHC7",5
"GO:0009607","GO:0009607","response to biotic stimulus","7/80","356/6213",0.0196629213483146,1.52707162921348,1.16971823868839,0.172979582150347,0.599171226495459,0.572152198840267,"XLOC-026157#AP2D-HUMAN#Q7Z6R9/XLOC-003023#FCN2-MOUSE#O70497/XLOC-006017#CADN-ACRMI#B3EWZ3/XLOC-012867#MLP3A-BOVIN#Q2HJ23/novel-gene-chr14-11626#novel-gene-chr14-11626/gene-evm.model.ptg000018l.1280#NCK2-HUMAN#O43639/XLOC-002354#DAB2P-MOUSE#Q3UHC7",7
"GO:0007498","GO:0007498","mesoderm development","3/80","112/6213",0.0267857142857143,2.08024553571429,1.31751392404149,0.174584846280767,0.599171226495459,0.572152198840267,"XLOC-000223#BMP1-MOUSE#P98063/XLOC-001851#TBX20-MOUSE#Q9ES03/XLOC-002903#FZD1-XENLA#Q9I9M5",3
"GO:0021915","GO:0021915","neural tube development","3/80","112/6213",0.0267857142857143,2.08024553571429,1.31751392404149,0.174584846280767,0.599171226495459,0.572152198840267,"gene-evm.model.ptg000005l.77#PLOD1-CHICK#P24802/XLOC-026157#AP2D-HUMAN#Q7Z6R9/XLOC-002903#FZD1-XENLA#Q9I9M5",3
"GO:0046578","GO:0046578","regulation of Ras protein signal transduction","3/80","112/6213",0.0267857142857143,2.08024553571429,1.31751392404149,0.174584846280767,0.599171226495459,0.572152198840267,"XLOC-007156#KALRN-MOUSE#A2CG49/gene-evm.model.ptg000003l.459#ZNT1-MACFA#Q4R6K2/XLOC-002354#DAB2P-MOUSE#Q3UHC7",3
"GO:0048638","GO:0048638","regulation of developmental growth","7/80","357/6213",0.0196078431372549,1.52279411764706,1.1619528381321,0.174694643024293,0.599171226495459,0.572152198840267,"gene-evm.model.ptg000004l.110#SODC-ONCVO#P24706/XLOC-000223#BMP1-MOUSE#P98063/XLOC-022444#SNTB1-HUMAN#Q13884/XLOC-007156#KALRN-MOUSE#A2CG49/XLOC-001851#TBX20-MOUSE#Q9ES03/novel-gene-chr14-11626#novel-gene-chr14-11626/XLOC-002903#FZD1-XENLA#Q9I9M5",7
"GO:0006631","GO:0006631","fatty acid metabolic process","4/80","170/6213",0.0235294117647059,1.82735294117647,1.24914603380371,0.175172757537274,0.599171226495459,0.572152198840267,"XLOC-027061#PRSS8-HUMAN#Q16651/XLOC-026524#KLKB1-RAT#P14272/novel-gene-chr4-9990#ACOD-SHEEP#O62849/XLOC-025017#CP3AO-SHEEP#Q29496",4
"GO:0006633","GO:0006633","fatty acid biosynthetic process","2/80","59/6213",0.0338983050847458,2.63262711864407,1.43899240119547,0.175802298249597,0.599171226495459,0.572152198840267,"novel-gene-chr4-9990#ACOD-SHEEP#O62849/XLOC-025017#CP3AO-SHEEP#Q29496",2
"GO:0031100","GO:0031100","animal organ regeneration","2/80","59/6213",0.0338983050847458,2.63262711864407,1.43899240119547,0.175802298249597,0.599171226495459,0.572152198840267,"XLOC-027061#PRSS8-HUMAN#Q16651/XLOC-026524#KLKB1-RAT#P14272",2
"GO:0051952","GO:0051952","regulation of amine transport","2/80","59/6213",0.0338983050847458,2.63262711864407,1.43899240119547,0.175802298249597,0.599171226495459,0.572152198840267,"XLOC-007156#KALRN-MOUSE#A2CG49/XLOC-013451#S38A2-CHICK#Q5F468",2
"GO:0003170","GO:0003170","heart valve development","1/80","15/6213",0.0666666666666667,5.1775,1.84995232691471,0.176851337539944,0.599171226495459,0.572152198840267,"XLOC-001851#TBX20-MOUSE#Q9ES03",1
"GO:0006359","GO:0006359","regulation of transcription by RNA polymerase III","1/80","15/6213",0.0666666666666667,5.1775,1.84995232691471,0.176851337539944,0.599171226495459,0.572152198840267,"XLOC-025616#ELL2-MOUSE#Q3UKU1",1
"GO:0006383","GO:0006383","transcription by RNA polymerase III","1/80","15/6213",0.0666666666666667,5.1775,1.84995232691471,0.176851337539944,0.599171226495459,0.572152198840267,"XLOC-025616#ELL2-MOUSE#Q3UKU1",1
"GO:0007354","GO:0007354","zygotic determination of anterior/posterior axis, embryo","1/80","15/6213",0.0666666666666667,5.1775,1.84995232691471,0.176851337539944,0.599171226495459,0.572152198840267,"XLOC-000223#BMP1-MOUSE#P98063",1
"GO:0018195","GO:0018195","peptidyl-arginine modification","1/80","15/6213",0.0666666666666667,5.1775,1.84995232691471,0.176851337539944,0.599171226495459,0.572152198840267,"XLOC-020780#ANM2-HUMAN#P55345",1
"GO:0019371","GO:0019371","cyclooxygenase pathway","1/80","15/6213",0.0666666666666667,5.1775,1.84995232691471,0.176851337539944,0.599171226495459,0.572152198840267,"XLOC-025017#CP3AO-SHEEP#Q29496",1
"GO:0031434","GO:0031434","mitogen-activated protein kinase kinase binding","1/80","15/6213",0.0666666666666667,5.1775,1.84995232691471,0.176851337539944,0.599171226495459,0.572152198840267,"XLOC-002354#DAB2P-MOUSE#Q3UHC7",1
"GO:0032839","GO:0032839","dendrite cytoplasm","1/80","15/6213",0.0666666666666667,5.1775,1.84995232691471,0.176851337539944,0.599171226495459,0.572152198840267,"gene-evm.model.ptg000004l.110#SODC-ONCVO#P24706",1
"GO:0032930","GO:0032930","positive regulation of superoxide anion generation","1/80","15/6213",0.0666666666666667,5.1775,1.84995232691471,0.176851337539944,0.599171226495459,0.572152198840267,"gene-evm.model.ptg000004l.110#SODC-ONCVO#P24706",1
"GO:0032968","GO:0032968","positive regulation of transcription elongation by RNA polymerase II","1/80","15/6213",0.0666666666666667,5.1775,1.84995232691471,0.176851337539944,0.599171226495459,0.572152198840267,"XLOC-025616#ELL2-MOUSE#Q3UKU1",1
"GO:0033198","GO:0033198","response to ATP","1/80","15/6213",0.0666666666666667,5.1775,1.84995232691471,0.176851337539944,0.599171226495459,0.572152198840267,"gene-evm.model.ptg000004l.110#SODC-ONCVO#P24706",1
"GO:0035285","GO:0035285","appendage segmentation","1/80","15/6213",0.0666666666666667,5.1775,1.84995232691471,0.176851337539944,0.599171226495459,0.572152198840267,"XLOC-026157#AP2D-HUMAN#Q7Z6R9",1
"GO:0036011","GO:0036011","imaginal disc-derived leg segmentation","1/80","15/6213",0.0666666666666667,5.1775,1.84995232691471,0.176851337539944,0.599171226495459,0.572152198840267,"XLOC-026157#AP2D-HUMAN#Q7Z6R9",1
"GO:0042771","GO:0042771","intrinsic apoptotic signaling pathway in response to DNA damage by p53 class mediator","1/80","15/6213",0.0666666666666667,5.1775,1.84995232691471,0.176851337539944,0.599171226495459,0.572152198840267,"novel-gene-chr14-11626#novel-gene-chr14-11626",1
"GO:0043548","GO:0043548","phosphatidylinositol 3-kinase binding","1/80","15/6213",0.0666666666666667,5.1775,1.84995232691471,0.176851337539944,0.599171226495459,0.572152198840267,"XLOC-002354#DAB2P-MOUSE#Q3UHC7",1
"GO:0046966","GO:0046966","nuclear thyroid hormone receptor binding","1/80","15/6213",0.0666666666666667,5.1775,1.84995232691471,0.176851337539944,0.599171226495459,0.572152198840267,"XLOC-020780#ANM2-HUMAN#P55345",1
"GO:0055070","GO:0055070","copper ion homeostasis","1/80","15/6213",0.0666666666666667,5.1775,1.84995232691471,0.176851337539944,0.599171226495459,0.572152198840267,"XLOC-010474#SDHF2-CULQU#B0XK69",1
"GO:0071276","GO:0071276","cellular response to cadmium ion","1/80","15/6213",0.0666666666666667,5.1775,1.84995232691471,0.176851337539944,0.599171226495459,0.572152198840267,"gene-evm.model.ptg000004l.110#SODC-ONCVO#P24706",1
"GO:0071294","GO:0071294","cellular response to zinc ion","1/80","15/6213",0.0666666666666667,5.1775,1.84995232691471,0.176851337539944,0.599171226495459,0.572152198840267,"gene-evm.model.ptg000003l.459#ZNT1-MACFA#Q4R6K2",1
"GO:0071889","GO:0071889","14-3-3 protein binding","1/80","15/6213",0.0666666666666667,5.1775,1.84995232691471,0.176851337539944,0.599171226495459,0.572152198840267,"XLOC-002354#DAB2P-MOUSE#Q3UHC7",1
"GO:0099623","GO:0099623","regulation of cardiac muscle cell membrane repolarization","1/80","15/6213",0.0666666666666667,5.1775,1.84995232691471,0.176851337539944,0.599171226495459,0.572152198840267,"XLOC-022444#SNTB1-HUMAN#Q13884",1
"GO:1900151","GO:1900151","regulation of nuclear-transcribed mRNA catabolic process, deadenylation-dependent decay","1/80","15/6213",0.0666666666666667,5.1775,1.84995232691471,0.176851337539944,0.599171226495459,0.572152198840267,"XLOC-019521#TISB-HUMAN#Q07352",1
"GO:1903427","GO:1903427","negative regulation of reactive oxygen species biosynthetic process","1/80","15/6213",0.0666666666666667,5.1775,1.84995232691471,0.176851337539944,0.599171226495459,0.572152198840267,"XLOC-003485#CTNS-HUMAN#O60931",1
"GO:0002793","GO:0002793","positive regulation of peptide secretion","3/80","113/6213",0.0265486725663717,2.06183628318584,1.30093650413775,0.177785594727818,0.599171226495459,0.572152198840267,"XLOC-003023#FCN2-MOUSE#O70497/XLOC-014474#TMPS5-HUMAN#Q9H3S3/novel-gene-chr14-11626#novel-gene-chr14-11626",3
"GO:1902905","GO:1902905","positive regulation of supramolecular fiber organization","3/80","113/6213",0.0265486725663717,2.06183628318584,1.30093650413775,0.177785594727818,0.599171226495459,0.572152198840267,"XLOC-007156#KALRN-MOUSE#A2CG49/novel-gene-chr14-11626#novel-gene-chr14-11626/gene-evm.model.ptg000018l.1280#NCK2-HUMAN#O43639",3
"GO:0016491","GO:0016491","oxidoreductase activity","7/80","359/6213",0.0194986072423398,1.51431058495822,1.14649076938116,0.178147428247144,0.599171226495459,0.572152198840267,"gene-evm.model.ptg000004l.110#SODC-ONCVO#P24706/XLOC-010884#QOR-RAT#Q6AYT0/novel-gene-chr4-9990#ACOD-SHEEP#O62849/gene-evm.model.ptg000005l.77#PLOD1-CHICK#P24802/XLOC-002968#GILT-DANRE#Q5XJN2/XLOC-024417#HEPHL-ACRMI#B3EWZ9/XLOC-025017#CP3AO-SHEEP#Q29496",7
"GO:0031267","GO:0031267","small GTPase binding","5/80","232/6213",0.021551724137931,1.67376077586207,1.19450246444348,0.178179407922353,0.599171226495459,0.572152198840267,"gene-evm.model.ptg000004l.110#SODC-ONCVO#P24706/gene-evm.model.ptg000022l.488#RBGP1-MOUSE#A2AWA9/XLOC-015621#TPC12-MOUSE#Q8K2L8/XLOC-007156#KALRN-MOUSE#A2CG49/XLOC-000920#RB6I2-RAT#Q811U3",5
"GO:0008361","GO:0008361","regulation of cell size","4/80","172/6213",0.0232558139534884,1.80610465116279,1.2244060511893,0.180285680269271,0.599171226495459,0.572152198840267,"XLOC-015776#RET-HUMAN#P07949/XLOC-007156#KALRN-MOUSE#A2CG49/novel-gene-chr14-11626#novel-gene-chr14-11626/XLOC-002903#FZD1-XENLA#Q9I9M5",4
"GO:0000776","GO:0000776","kinetochore","2/80","60/6213",0.0333333333333333,2.58875,1.41225124376536,0.180428455068318,0.599171226495459,0.572152198840267,"XLOC-015621#TPC12-MOUSE#Q8K2L8/novel-gene-chr14-11626#novel-gene-chr14-11626",2
"GO:0007632","GO:0007632","visual behavior","2/80","60/6213",0.0333333333333333,2.58875,1.41225124376536,0.180428455068318,0.599171226495459,0.572152198840267,"XLOC-003485#CTNS-HUMAN#O60931/XLOC-002354#DAB2P-MOUSE#Q3UHC7",2
"GO:0009950","GO:0009950","dorsal/ventral axis specification","2/80","60/6213",0.0333333333333333,2.58875,1.41225124376536,0.180428455068318,0.599171226495459,0.572152198840267,"XLOC-000223#BMP1-MOUSE#P98063/XLOC-002903#FZD1-XENLA#Q9I9M5",2
"GO:0016651","GO:0016651","oxidoreductase activity, acting on NAD(P)H","2/80","60/6213",0.0333333333333333,2.58875,1.41225124376536,0.180428455068318,0.599171226495459,0.572152198840267,"XLOC-010884#QOR-RAT#Q6AYT0/XLOC-002968#GILT-DANRE#Q5XJN2",2
"GO:0042383","GO:0042383","sarcolemma","2/80","60/6213",0.0333333333333333,2.58875,1.41225124376536,0.180428455068318,0.599171226495459,0.572152198840267,"XLOC-022444#SNTB1-HUMAN#Q13884/XLOC-013451#S38A2-CHICK#Q5F468",2
"GO:1902117","GO:1902117","positive regulation of organelle assembly","2/80","60/6213",0.0333333333333333,2.58875,1.41225124376536,0.180428455068318,0.599171226495459,0.572152198840267,"XLOC-011359#CROCC-HUMAN#Q5TZA2/novel-gene-chr14-11626#novel-gene-chr14-11626",2
"GO:1902882","GO:1902882","regulation of response to oxidative stress","2/80","60/6213",0.0333333333333333,2.58875,1.41225124376536,0.180428455068318,0.599171226495459,0.572152198840267,"gene-evm.model.ptg000004l.110#SODC-ONCVO#P24706/XLOC-002903#FZD1-XENLA#Q9I9M5",2
"GO:0005996","GO:0005996","monosaccharide metabolic process","3/80","114/6213",0.0263157894736842,2.04375,1.28452875940655,0.181002883447822,0.599171226495459,0.572152198840267,"XLOC-012475#BGAL-FELCA#O19015/XLOC-026157#AP2D-HUMAN#Q7Z6R9/XLOC-010998#MA2B1-MACFA#Q60HE9",3
"GO:0050954","GO:0050954","sensory perception of mechanical stimulus","3/80","114/6213",0.0263157894736842,2.04375,1.28452875940655,0.181002883447822,0.599171226495459,0.572152198840267,"gene-evm.model.ptg000004l.110#SODC-ONCVO#P24706/XLOC-026157#AP2D-HUMAN#Q7Z6R9/XLOC-011359#CROCC-HUMAN#Q5TZA2",3
"GO:0031669","GO:0031669","cellular response to nutrient levels","4/80","173/6213",0.023121387283237,1.79566473988439,1.21215715554634,0.182861265270018,0.599171226495459,0.572152198840267,"gene-evm.model.ptg000004l.110#SODC-ONCVO#P24706/XLOC-012867#MLP3A-BOVIN#Q2HJ23/XLOC-013451#S38A2-CHICK#Q5F468/XLOC-002903#FZD1-XENLA#Q9I9M5",4
"GO:0030667","GO:0030667","secretory granule membrane","3/80","115/6213",0.0260869565217391,2.02597826086957,1.26828718295767,0.184236280088654,0.599171226495459,0.572152198840267,"gene-evm.model.ptg000027l.443#PCP-PONAB#Q5RBU7/XLOC-002398#SVEP1-DANRE#A0A1D5NSM8/XLOC-002962#LIPP-ICTTR#O88354",3
"GO:0090276","GO:0090276","regulation of peptide hormone secretion","3/80","115/6213",0.0260869565217391,2.02597826086957,1.26828718295767,0.184236280088654,0.599171226495459,0.572152198840267,"XLOC-026157#AP2D-HUMAN#Q7Z6R9/XLOC-007156#KALRN-MOUSE#A2CG49/XLOC-014474#TMPS5-HUMAN#Q9H3S3",3
"GO:0000976","GO:0000976","transcription cis-regulatory region binding","5/80","235/6213",0.0212765957446809,1.65239361702128,1.16436706808236,0.184750854800105,0.599171226495459,0.572152198840267,"XLOC-026157#AP2D-HUMAN#Q7Z6R9/XLOC-003461#NFIC-MOUSE#P70255/XLOC-001851#TBX20-MOUSE#Q9ES03/novel-gene-chr14-11626#novel-gene-chr14-11626/XLOC-014541#HES4A-XENLA#Q90Z12",5
"GO:0001890","GO:0001890","placenta development","2/80","61/6213",0.0327868852459016,2.54631147540984,1.38604703340726,0.185073382747041,0.599171226495459,0.572152198840267,"gene-evm.model.ptg000004l.110#SODC-ONCVO#P24706/gene-evm.model.ptg000035l.378#TRLF-DESRO#K9IMD0",2
"GO:0006865","GO:0006865","amino acid transport","2/80","61/6213",0.0327868852459016,2.54631147540984,1.38604703340726,0.185073382747041,0.599171226495459,0.572152198840267,"XLOC-003485#CTNS-HUMAN#O60931/XLOC-013451#S38A2-CHICK#Q5F468",2
"GO:0019752","GO:0019752","carboxylic acid metabolic process","9/80","496/6213",0.0181451612903226,1.40919858870968,1.08496344000526,0.185895051051434,0.599171226495459,0.572152198840267,"XLOC-027061#PRSS8-HUMAN#Q16651/XLOC-026524#KLKB1-RAT#P14272/novel-gene-chr4-9990#ACOD-SHEEP#O62849/gene-evm.model.ptg000005l.77#PLOD1-CHICK#P24802/XLOC-025592#GBA2-RAT#Q5M868/XLOC-003485#CTNS-HUMAN#O60931/XLOC-025017#CP3AO-SHEEP#Q29496/XLOC-010474#SDHF2-CULQU#B0XK69/gene-evm.model.ptg000009l.493#GGH-HUMAN#Q92820",9
"GO:0001737","GO:0001737","establishment of imaginal disc-derived wing hair orientation","1/80","16/6213",0.0625,4.85390625,1.76276583132908,0.187476037926651,0.599171226495459,0.572152198840267,"XLOC-002903#FZD1-XENLA#Q9I9M5",1
"GO:0001975","GO:0001975","response to amphetamine","1/80","16/6213",0.0625,4.85390625,1.76276583132908,0.187476037926651,0.599171226495459,0.572152198840267,"gene-evm.model.ptg000004l.110#SODC-ONCVO#P24706",1
"GO:0006474","GO:0006474","N-terminal protein amino acid acetylation","1/80","16/6213",0.0625,4.85390625,1.76276583132908,0.187476037926651,0.599171226495459,0.572152198840267,"novel-gene-chr14-11626#novel-gene-chr14-11626",1
"GO:0007343","GO:0007343","egg activation","1/80","16/6213",0.0625,4.85390625,1.76276583132908,0.187476037926651,0.599171226495459,0.572152198840267,"XLOC-012512#MLRP1-ACRMI#B3EWZ5",1
"GO:0008028","GO:0008028","monocarboxylic acid transmembrane transporter activity","1/80","16/6213",0.0625,4.85390625,1.76276583132908,0.187476037926651,0.599171226495459,0.572152198840267,"XLOC-013451#S38A2-CHICK#Q5F468",1
"GO:0010596","GO:0010596","negative regulation of endothelial cell migration","1/80","16/6213",0.0625,4.85390625,1.76276583132908,0.187476037926651,0.599171226495459,0.572152198840267,"XLOC-002354#DAB2P-MOUSE#Q3UHC7",1
"GO:0010718","GO:0010718","positive regulation of epithelial to mesenchymal transition","1/80","16/6213",0.0625,4.85390625,1.76276583132908,0.187476037926651,0.599171226495459,0.572152198840267,"XLOC-020938#SPB6-MOUSE#Q60854",1
"GO:0014016","GO:0014016","neuroblast differentiation","1/80","16/6213",0.0625,4.85390625,1.76276583132908,0.187476037926651,0.599171226495459,0.572152198840267,"XLOC-001851#TBX20-MOUSE#Q9ES03",1
"GO:0016486","GO:0016486","peptide hormone processing","1/80","16/6213",0.0625,4.85390625,1.76276583132908,0.187476037926651,0.599171226495459,0.572152198840267,"XLOC-008889#CATZ-BOVIN#P05689",1
"GO:0016668","GO:0016668","oxidoreductase activity, acting on a sulfur group of donors, NAD(P) as acceptor","1/80","16/6213",0.0625,4.85390625,1.76276583132908,0.187476037926651,0.599171226495459,0.572152198840267,"XLOC-002968#GILT-DANRE#Q5XJN2",1
"GO:0021799","GO:0021799","cerebral cortex radially oriented cell migration","1/80","16/6213",0.0625,4.85390625,1.76276583132908,0.187476037926651,0.599171226495459,0.572152198840267,"XLOC-002354#DAB2P-MOUSE#Q3UHC7",1
"GO:0030867","GO:0030867","rough endoplasmic reticulum membrane","1/80","16/6213",0.0625,4.85390625,1.76276583132908,0.187476037926651,0.599171226495459,0.572152198840267,"gene-evm.model.ptg000005l.77#PLOD1-CHICK#P24802",1
"GO:0033081","GO:0033081","regulation of T cell differentiation in thymus","1/80","16/6213",0.0625,4.85390625,1.76276583132908,0.187476037926651,0.599171226495459,0.572152198840267,"gene-evm.model.ptg000004l.110#SODC-ONCVO#P24706",1
"GO:0033280","GO:0033280","response to vitamin D","1/80","16/6213",0.0625,4.85390625,1.76276583132908,0.187476037926651,0.599171226495459,0.572152198840267,"XLOC-002903#FZD1-XENLA#Q9I9M5",1
"GO:0043278","GO:0043278","response to morphine","1/80","16/6213",0.0625,4.85390625,1.76276583132908,0.187476037926651,0.599171226495459,0.572152198840267,"XLOC-012867#MLP3A-BOVIN#Q2HJ23",1
"GO:0043652","GO:0043652","engulfment of apoptotic cell","1/80","16/6213",0.0625,4.85390625,1.76276583132908,0.187476037926651,0.599171226495459,0.572152198840267,"XLOC-007156#KALRN-MOUSE#A2CG49",1
"GO:0043923","GO:0043923","host-mediated activation of viral transcription","1/80","16/6213",0.0625,4.85390625,1.76276583132908,0.187476037926651,0.599171226495459,0.572152198840267,"novel-gene-chr14-11626#novel-gene-chr14-11626",1
"GO:0046949","GO:0046949","fatty-acyl-CoA biosynthetic process","1/80","16/6213",0.0625,4.85390625,1.76276583132908,0.187476037926651,0.599171226495459,0.572152198840267,"novel-gene-chr4-9990#ACOD-SHEEP#O62849",1
"GO:0055017","GO:0055017","cardiac muscle tissue growth","1/80","16/6213",0.0625,4.85390625,1.76276583132908,0.187476037926651,0.599171226495459,0.572152198840267,"XLOC-001851#TBX20-MOUSE#Q9ES03",1
"GO:0055075","GO:0055075","potassium ion homeostasis","1/80","16/6213",0.0625,4.85390625,1.76276583132908,0.187476037926651,0.599171226495459,0.572152198840267,"XLOC-026157#AP2D-HUMAN#Q7Z6R9",1
"GO:0071467","GO:0071467","cellular response to pH","1/80","16/6213",0.0625,4.85390625,1.76276583132908,0.187476037926651,0.599171226495459,0.572152198840267,"XLOC-013451#S38A2-CHICK#Q5F468",1
"GO:0072132","GO:0072132","mesenchyme morphogenesis","1/80","16/6213",0.0625,4.85390625,1.76276583132908,0.187476037926651,0.599171226495459,0.572152198840267,"XLOC-001851#TBX20-MOUSE#Q9ES03",1
"GO:0072349","GO:0072349","modified amino acid transmembrane transporter activity","1/80","16/6213",0.0625,4.85390625,1.76276583132908,0.187476037926651,0.599171226495459,0.572152198840267,"XLOC-003485#CTNS-HUMAN#O60931",1
"GO:0090482","GO:0090482","vitamin transmembrane transporter activity","1/80","16/6213",0.0625,4.85390625,1.76276583132908,0.187476037926651,0.599171226495459,0.572152198840267,"gene-evm.model.ptg000005l.755#RBP-CHICK#P02752",1
"GO:1903539","GO:1903539","protein localization to postsynaptic membrane","1/80","16/6213",0.0625,4.85390625,1.76276583132908,0.187476037926651,0.599171226495459,0.572152198840267,"XLOC-007156#KALRN-MOUSE#A2CG49",1
"GO:2001224","GO:2001224","positive regulation of neuron migration","1/80","16/6213",0.0625,4.85390625,1.76276583132908,0.187476037926651,0.599171226495459,0.572152198840267,"XLOC-002354#DAB2P-MOUSE#Q3UHC7",1
"GO:0042472","GO:0042472","inner ear morphogenesis","2/80","62/6213",0.032258064516129,2.50524193548387,1.36035897120129,0.189735852225678,0.599171226495459,0.572152198840267,"gene-evm.model.ptg000004l.110#SODC-ONCVO#P24706/XLOC-026157#AP2D-HUMAN#Q7Z6R9",2
"GO:0035148","GO:0035148","tube formation","3/80","117/6213",0.0256410256410256,1.99134615384615,1.23628902074621,0.190749676186996,0.599171226495459,0.572152198840267,"XLOC-026157#AP2D-HUMAN#Q7Z6R9/XLOC-002903#FZD1-XENLA#Q9I9M5/XLOC-002354#DAB2P-MOUSE#Q3UHC7",3
"GO:0000981","GO:0000981","DNA-binding transcription factor activity, RNA polymerase II-specific","6/80","303/6213",0.0198019801980198,1.53787128712871,1.09630190736164,0.194258917485074,0.599171226495459,0.572152198840267,"XLOC-026157#AP2D-HUMAN#Q7Z6R9/XLOC-003461#NFIC-MOUSE#P70255/XLOC-001851#TBX20-MOUSE#Q9ES03/novel-gene-chr14-11626#novel-gene-chr14-11626/XLOC-014541#HES4A-XENLA#Q90Z12/XLOC-025659#FOXD1-RAT#Q63251",6
"GO:0031333","GO:0031333","negative regulation of protein-containing complex assembly","2/80","63/6213",0.0317460317460317,2.46547619047619,1.33516739539535,0.194414662236346,0.599171226495459,0.572152198840267,"XLOC-001851#TBX20-MOUSE#Q9ES03/novel-gene-chr14-11626#novel-gene-chr14-11626",2
"GO:0035315","GO:0035315","hair cell differentiation","2/80","63/6213",0.0317460317460317,2.46547619047619,1.33516739539535,0.194414662236346,0.599171226495459,0.572152198840267,"gene-evm.model.ptg000004l.110#SODC-ONCVO#P24706/XLOC-002903#FZD1-XENLA#Q9I9M5",2
"GO:0043433","GO:0043433","negative regulation of DNA-binding transcription factor activity","2/80","63/6213",0.0317460317460317,2.46547619047619,1.33516739539535,0.194414662236346,0.599171226495459,0.572152198840267,"XLOC-020780#ANM2-HUMAN#P55345/XLOC-002354#DAB2P-MOUSE#Q3UHC7",2
"GO:0043009","GO:0043009","chordate embryonic development","7/80","369/6213",0.018970189701897,1.47327235772358,1.0705167171995,0.195850506531915,0.599171226495459,0.572152198840267,"gene-evm.model.ptg000005l.77#PLOD1-CHICK#P24802/XLOC-026157#AP2D-HUMAN#Q7Z6R9/gene-evm.model.ptg000035l.378#TRLF-DESRO#K9IMD0/XLOC-002398#SVEP1-DANRE#A0A1D5NSM8/XLOC-025616#ELL2-MOUSE#Q3UKU1/novel-gene-chr14-11626#novel-gene-chr14-11626/XLOC-002903#FZD1-XENLA#Q9I9M5",7
"GO:0001819","GO:0001819","positive regulation of cytokine production","3/80","119/6213",0.0252100840336134,1.9578781512605,1.20491596218998,0.197322359546474,0.599171226495459,0.572152198840267,"gene-evm.model.ptg000004l.110#SODC-ONCVO#P24706/XLOC-003023#FCN2-MOUSE#O70497/novel-gene-chr14-11626#novel-gene-chr14-11626",3
"GO:1901342","GO:1901342","regulation of vasculature development","3/80","119/6213",0.0252100840336134,1.9578781512605,1.20491596218998,0.197322359546474,0.599171226495459,0.572152198840267,"gene-evm.model.ptg000035l.378#TRLF-DESRO#K9IMD0/XLOC-026683#ADA19-HUMAN#Q9H013/XLOC-002354#DAB2P-MOUSE#Q3UHC7",3
"GO:0031667","GO:0031667","response to nutrient levels","7/80","370/6213",0.0189189189189189,1.46929054054054,1.06303840255255,0.197659735418553,0.599171226495459,0.572152198840267,"gene-evm.model.ptg000004l.110#SODC-ONCVO#P24706/XLOC-022170#FSTL1-MACFA#Q9GKY0/XLOC-002962#LIPP-ICTTR#O88354/XLOC-012867#MLP3A-BOVIN#Q2HJ23/XLOC-024417#HEPHL-ACRMI#B3EWZ9/XLOC-013451#S38A2-CHICK#Q5F468/XLOC-002903#FZD1-XENLA#Q9I9M5",7
"GO:0001516","GO:0001516","prostaglandin biosynthetic process","1/80","17/6213",0.0588235294117647,4.56838235294118,1.68253603290063,0.197965293528695,0.599171226495459,0.572152198840267,"XLOC-025017#CP3AO-SHEEP#Q29496",1
"GO:0001662","GO:0001662","behavioral fear response","1/80","17/6213",0.0588235294117647,4.56838235294118,1.68253603290063,0.197965293528695,0.599171226495459,0.572152198840267,"XLOC-007156#KALRN-MOUSE#A2CG49",1
"GO:0001784","GO:0001784","phosphotyrosine residue binding","1/80","17/6213",0.0588235294117647,4.56838235294118,1.68253603290063,0.197965293528695,0.599171226495459,0.572152198840267,"gene-evm.model.ptg000018l.1280#NCK2-HUMAN#O43639",1
"GO:0001956","GO:0001956","positive regulation of neurotransmitter secretion","1/80","17/6213",0.0588235294117647,4.56838235294118,1.68253603290063,0.197965293528695,0.599171226495459,0.572152198840267,"XLOC-007156#KALRN-MOUSE#A2CG49",1
"GO:0002474","GO:0002474","antigen processing and presentation of peptide antigen via MHC class I","1/80","17/6213",0.0588235294117647,4.56838235294118,1.68253603290063,0.197965293528695,0.599171226495459,0.572152198840267,"XLOC-002968#GILT-DANRE#Q5XJN2",1
"GO:0006027","GO:0006027","glycosaminoglycan catabolic process","1/80","17/6213",0.0588235294117647,4.56838235294118,1.68253603290063,0.197965293528695,0.599171226495459,0.572152198840267,"XLOC-012475#BGAL-FELCA#O19015",1
"GO:0006882","GO:0006882","intracellular zinc ion homeostasis","1/80","17/6213",0.0588235294117647,4.56838235294118,1.68253603290063,0.197965293528695,0.599171226495459,0.572152198840267,"gene-evm.model.ptg000003l.459#ZNT1-MACFA#Q4R6K2",1
"GO:0006929","GO:0006929","substrate-dependent cell migration","1/80","17/6213",0.0588235294117647,4.56838235294118,1.68253603290063,0.197965293528695,0.599171226495459,0.572152198840267,"gene-evm.model.ptg000018l.1280#NCK2-HUMAN#O43639",1
"GO:0007215","GO:0007215","glutamate receptor signaling pathway","1/80","17/6213",0.0588235294117647,4.56838235294118,1.68253603290063,0.197965293528695,0.599171226495459,0.572152198840267,"XLOC-007156#KALRN-MOUSE#A2CG49",1
"GO:0007221","GO:0007221","positive regulation of transcription of Notch receptor target","1/80","17/6213",0.0588235294117647,4.56838235294118,1.68253603290063,0.197965293528695,0.599171226495459,0.572152198840267,"novel-gene-chr14-11626#novel-gene-chr14-11626",1
"GO:0007413","GO:0007413","axonal fasciculation","1/80","17/6213",0.0588235294117647,4.56838235294118,1.68253603290063,0.197965293528695,0.599171226495459,0.572152198840267,"XLOC-001851#TBX20-MOUSE#Q9ES03",1
"GO:0008293","GO:0008293","torso signaling pathway","1/80","17/6213",0.0588235294117647,4.56838235294118,1.68253603290063,0.197965293528695,0.599171226495459,0.572152198840267,"XLOC-000223#BMP1-MOUSE#P98063",1
"GO:0009395","GO:0009395","phospholipid catabolic process","1/80","17/6213",0.0588235294117647,4.56838235294118,1.68253603290063,0.197965293528695,0.599171226495459,0.572152198840267,"XLOC-002962#LIPP-ICTTR#O88354",1
"GO:0010960","GO:0010960","magnesium ion homeostasis","1/80","17/6213",0.0588235294117647,4.56838235294118,1.68253603290063,0.197965293528695,0.599171226495459,0.572152198840267,"XLOC-026157#AP2D-HUMAN#Q7Z6R9",1
"GO:0010996","GO:0010996","response to auditory stimulus","1/80","17/6213",0.0588235294117647,4.56838235294118,1.68253603290063,0.197965293528695,0.599171226495459,0.572152198840267,"XLOC-011359#CROCC-HUMAN#Q5TZA2",1
"GO:0014072","GO:0014072","response to isoquinoline alkaloid","1/80","17/6213",0.0588235294117647,4.56838235294118,1.68253603290063,0.197965293528695,0.599171226495459,0.572152198840267,"XLOC-012867#MLP3A-BOVIN#Q2HJ23",1
"GO:0030513","GO:0030513","positive regulation of BMP signaling pathway","1/80","17/6213",0.0588235294117647,4.56838235294118,1.68253603290063,0.197965293528695,0.599171226495459,0.572152198840267,"XLOC-000223#BMP1-MOUSE#P98063",1
"GO:0032965","GO:0032965","regulation of collagen biosynthetic process","1/80","17/6213",0.0588235294117647,4.56838235294118,1.68253603290063,0.197965293528695,0.599171226495459,0.572152198840267,"novel-gene-chr14-11626#novel-gene-chr14-11626",1
"GO:0034394","GO:0034394","protein localization to cell surface","1/80","17/6213",0.0588235294117647,4.56838235294118,1.68253603290063,0.197965293528695,0.599171226495459,0.572152198840267,"XLOC-003023#FCN2-MOUSE#O70497",1
"GO:0035020","GO:0035020","regulation of Rac protein signal transduction","1/80","17/6213",0.0588235294117647,4.56838235294118,1.68253603290063,0.197965293528695,0.599171226495459,0.572152198840267,"XLOC-007156#KALRN-MOUSE#A2CG49",1
"GO:0042743","GO:0042743","hydrogen peroxide metabolic process","1/80","17/6213",0.0588235294117647,4.56838235294118,1.68253603290063,0.197965293528695,0.599171226495459,0.572152198840267,"gene-evm.model.ptg000004l.110#SODC-ONCVO#P24706",1
"GO:0045453","GO:0045453","bone resorption","1/80","17/6213",0.0588235294117647,4.56838235294118,1.68253603290063,0.197965293528695,0.599171226495459,0.572152198840267,"gene-evm.model.ptg000055l.299#TPP1-DANRE#F8W2M8",1
"GO:0046457","GO:0046457","prostanoid biosynthetic process","1/80","17/6213",0.0588235294117647,4.56838235294118,1.68253603290063,0.197965293528695,0.599171226495459,0.572152198840267,"XLOC-025017#CP3AO-SHEEP#Q29496",1
"GO:0046875","GO:0046875","ephrin receptor binding","1/80","17/6213",0.0588235294117647,4.56838235294118,1.68253603290063,0.197965293528695,0.599171226495459,0.572152198840267,"gene-evm.model.ptg000018l.1280#NCK2-HUMAN#O43639",1
"GO:0060306","GO:0060306","regulation of membrane repolarization","1/80","17/6213",0.0588235294117647,4.56838235294118,1.68253603290063,0.197965293528695,0.599171226495459,0.572152198840267,"XLOC-022444#SNTB1-HUMAN#Q13884",1
"GO:0060419","GO:0060419","heart growth","1/80","17/6213",0.0588235294117647,4.56838235294118,1.68253603290063,0.197965293528695,0.599171226495459,0.572152198840267,"XLOC-001851#TBX20-MOUSE#Q9ES03",1
"GO:0060603","GO:0060603","mammary gland duct morphogenesis","1/80","17/6213",0.0588235294117647,4.56838235294118,1.68253603290063,0.197965293528695,0.599171226495459,0.572152198840267,"XLOC-026157#AP2D-HUMAN#Q7Z6R9",1
"GO:0061003","GO:0061003","positive regulation of dendritic spine morphogenesis","1/80","17/6213",0.0588235294117647,4.56838235294118,1.68253603290063,0.197965293528695,0.599171226495459,0.572152198840267,"XLOC-007156#KALRN-MOUSE#A2CG49",1
"GO:0070001","GO:0070001","aspartic-type peptidase activity","1/80","17/6213",0.0588235294117647,4.56838235294118,1.68253603290063,0.197965293528695,0.599171226495459,0.572152198840267,"XLOC-012512#MLRP1-ACRMI#B3EWZ5",1
"GO:0097009","GO:0097009","energy homeostasis","1/80","17/6213",0.0588235294117647,4.56838235294118,1.68253603290063,0.197965293528695,0.599171226495459,0.572152198840267,"gene-evm.model.ptg000027l.443#PCP-PONAB#Q5RBU7",1
"GO:0097501","GO:0097501","stress response to metal ion","1/80","17/6213",0.0588235294117647,4.56838235294118,1.68253603290063,0.197965293528695,0.599171226495459,0.572152198840267,"gene-evm.model.ptg000003l.459#ZNT1-MACFA#Q4R6K2",1
"GO:0106030","GO:0106030","neuron projection fasciculation","1/80","17/6213",0.0588235294117647,4.56838235294118,1.68253603290063,0.197965293528695,0.599171226495459,0.572152198840267,"XLOC-001851#TBX20-MOUSE#Q9ES03",1
"GO:1902884","GO:1902884","positive regulation of response to oxidative stress","1/80","17/6213",0.0588235294117647,4.56838235294118,1.68253603290063,0.197965293528695,0.599171226495459,0.572152198840267,"gene-evm.model.ptg000004l.110#SODC-ONCVO#P24706",1
"GO:1904886","GO:1904886","beta-catenin destruction complex disassembly","1/80","17/6213",0.0588235294117647,4.56838235294118,1.68253603290063,0.197965293528695,0.599171226495459,0.572152198840267,"XLOC-002903#FZD1-XENLA#Q9I9M5",1
"GO:0048639","GO:0048639","positive regulation of developmental growth","4/80","179/6213",0.0223463687150838,1.7354748603352,1.14029161214312,0.198569353724753,0.599171226495459,0.572152198840267,"XLOC-007156#KALRN-MOUSE#A2CG49/XLOC-001851#TBX20-MOUSE#Q9ES03/novel-gene-chr14-11626#novel-gene-chr14-11626/XLOC-002903#FZD1-XENLA#Q9I9M5",4
"GO:0007565","GO:0007565","female pregnancy","2/80","64/6213",0.03125,2.426953125,1.3104537020345,0.199108638806609,0.599171226495459,0.572152198840267,"gene-evm.model.ptg000004l.110#SODC-ONCVO#P24706/XLOC-013451#S38A2-CHICK#Q5F468",2
"GO:0043279","GO:0043279","response to alkaloid","2/80","64/6213",0.03125,2.426953125,1.3104537020345,0.199108638806609,0.599171226495459,0.572152198840267,"XLOC-007156#KALRN-MOUSE#A2CG49/XLOC-012867#MLP3A-BOVIN#Q2HJ23",2
"GO:1905897","GO:1905897","regulation of response to endoplasmic reticulum stress","2/80","64/6213",0.03125,2.426953125,1.3104537020345,0.199108638806609,0.599171226495459,0.572152198840267,"gene-evm.model.ptg000018l.1280#NCK2-HUMAN#O43639/XLOC-002354#DAB2P-MOUSE#Q3UHC7",2
"GO:0045666","GO:0045666","positive regulation of neuron differentiation","5/80","242/6213",0.0206611570247934,1.60459710743802,1.09565656964475,0.200429152378879,0.599171226495459,0.572152198840267,"XLOC-007156#KALRN-MOUSE#A2CG49/novel-gene-chr14-11626#novel-gene-chr14-11626/XLOC-002903#FZD1-XENLA#Q9I9M5/gene-evm.model.ptg000018l.1280#NCK2-HUMAN#O43639/XLOC-002354#DAB2P-MOUSE#Q3UHC7",5
"GO:0035966","GO:0035966","response to topologically incorrect protein","3/80","120/6213",0.025,1.9415625,1.18945611124132,0.200629872701068,0.599171226495459,0.572152198840267,"gene-evm.model.ptg000055l.299#TPP1-DANRE#F8W2M8/novel-gene-chr14-11626#novel-gene-chr14-11626/XLOC-002354#DAB2P-MOUSE#Q3UHC7",3
"GO:0007631","GO:0007631","feeding behavior","2/80","65/6213",0.0307692307692308,2.38961538461538,1.28620027228375,0.203816634770636,0.599171226495459,0.572152198840267,"XLOC-026157#AP2D-HUMAN#Q7Z6R9/XLOC-000900#NAS4-CAEEL#P55112",2
"GO:0008038","GO:0008038","neuron recognition","2/80","65/6213",0.0307692307692308,2.38961538461538,1.28620027228375,0.203816634770636,0.599171226495459,0.572152198840267,"XLOC-000223#BMP1-MOUSE#P98063/XLOC-001851#TBX20-MOUSE#Q9ES03",2
"GO:0016705","GO:0016705","oxidoreductase activity, acting on paired donors, with incorporation or reduction of molecular oxygen","2/80","65/6213",0.0307692307692308,2.38961538461538,1.28620027228375,0.203816634770636,0.599171226495459,0.572152198840267,"novel-gene-chr4-9990#ACOD-SHEEP#O62849/gene-evm.model.ptg000005l.77#PLOD1-CHICK#P24802",2
"GO:0016999","GO:0016999","antibiotic metabolic process","2/80","65/6213",0.0307692307692308,2.38961538461538,1.28620027228375,0.203816634770636,0.599171226495459,0.572152198840267,"gene-evm.model.ptg000004l.110#SODC-ONCVO#P24706/XLOC-010474#SDHF2-CULQU#B0XK69",2
"GO:1901568","GO:1901568","fatty acid derivative metabolic process","2/80","65/6213",0.0307692307692308,2.38961538461538,1.28620027228375,0.203816634770636,0.599171226495459,0.572152198840267,"novel-gene-chr4-9990#ACOD-SHEEP#O62849/XLOC-025017#CP3AO-SHEEP#Q29496",2
"GO:1903532","GO:1903532","positive regulation of secretion by cell","4/80","181/6213",0.0220994475138122,1.71629834254144,1.11693217567352,0.203897326586174,0.599171226495459,0.572152198840267,"XLOC-003023#FCN2-MOUSE#O70497/XLOC-007156#KALRN-MOUSE#A2CG49/XLOC-014474#TMPS5-HUMAN#Q9H3S3/novel-gene-chr14-11626#novel-gene-chr14-11626",4
"GO:0051091","GO:0051091","positive regulation of DNA-binding transcription factor activity","3/80","121/6213",0.0247933884297521,1.92551652892562,1.17414342855722,0.203950938409375,0.599171226495459,0.572152198840267,"XLOC-000920#RB6I2-RAT#Q811U3/novel-gene-chr14-11626#novel-gene-chr14-11626/XLOC-002903#FZD1-XENLA#Q9I9M5",3
"GO:0051249","GO:0051249","regulation of lymphocyte activation","3/80","121/6213",0.0247933884297521,1.92551652892562,1.17414342855722,0.203950938409375,0.599171226495459,0.572152198840267,"gene-evm.model.ptg000004l.110#SODC-ONCVO#P24706/XLOC-002398#SVEP1-DANRE#A0A1D5NSM8/gene-evm.model.ptg000018l.1280#NCK2-HUMAN#O43639",3
"GO:0034976","GO:0034976","response to endoplasmic reticulum stress","4/80","182/6213",0.021978021978022,1.70686813186813,1.10535980253389,0.206577604132201,0.599171226495459,0.572152198840267,"gene-evm.model.ptg000055l.299#TPP1-DANRE#F8W2M8/novel-gene-chr14-11626#novel-gene-chr14-11626/gene-evm.model.ptg000018l.1280#NCK2-HUMAN#O43639/XLOC-002354#DAB2P-MOUSE#Q3UHC7",4
"GO:0072359","GO:0072359","circulatory system development","8/80","442/6213",0.0180995475113122,1.40565610859729,1.01057337609302,0.207123992501781,0.599171226495459,0.572152198840267,"gene-evm.model.ptg000027l.443#PCP-PONAB#Q5RBU7/XLOC-026157#AP2D-HUMAN#Q7Z6R9/XLOC-020392#PRSS8-RAT#Q9ES87/gene-evm.model.ptg000035l.378#TRLF-DESRO#K9IMD0/XLOC-000223#BMP1-MOUSE#P98063/XLOC-001851#TBX20-MOUSE#Q9ES03/novel-gene-chr14-11626#novel-gene-chr14-11626/XLOC-002903#FZD1-XENLA#Q9I9M5",8
"GO:0001894","GO:0001894","tissue homeostasis","3/80","122/6213",0.0245901639344262,1.90973360655738,1.15897505496564,0.207285138156794,0.599171226495459,0.572152198840267,"gene-evm.model.ptg000004l.110#SODC-ONCVO#P24706/gene-evm.model.ptg000055l.299#TPP1-DANRE#F8W2M8/XLOC-011359#CROCC-HUMAN#Q5TZA2",3
"GO:0000076","GO:0000076","DNA replication checkpoint signaling","1/80","18/6213",0.0555555555555556,4.31458333333333,1.60830634072091,0.208320809428905,0.599171226495459,0.572152198840267,"novel-gene-chr14-11626#novel-gene-chr14-11626",1
"GO:0003081","GO:0003081","regulation of systemic arterial blood pressure by renin-angiotensin","1/80","18/6213",0.0555555555555556,4.31458333333333,1.60830634072091,0.208320809428905,0.599171226495459,0.572152198840267,"XLOC-008889#CATZ-BOVIN#P05689",1
"GO:0003197","GO:0003197","endocardial cushion development","1/80","18/6213",0.0555555555555556,4.31458333333333,1.60830634072091,0.208320809428905,0.599171226495459,0.572152198840267,"XLOC-001851#TBX20-MOUSE#Q9ES03",1
"GO:0006968","GO:0006968","cellular defense response","1/80","18/6213",0.0555555555555556,4.31458333333333,1.60830634072091,0.208320809428905,0.599171226495459,0.572152198840267,"XLOC-002962#LIPP-ICTTR#O88354",1
"GO:0007484","GO:0007484","imaginal disc-derived genitalia development","1/80","18/6213",0.0555555555555556,4.31458333333333,1.60830634072091,0.208320809428905,0.599171226495459,0.572152198840267,"XLOC-026157#AP2D-HUMAN#Q7Z6R9",1
"GO:0007485","GO:0007485","imaginal disc-derived male genitalia development","1/80","18/6213",0.0555555555555556,4.31458333333333,1.60830634072091,0.208320809428905,0.599171226495459,0.572152198840267,"XLOC-026157#AP2D-HUMAN#Q7Z6R9",1
"GO:0010560","GO:0010560","positive regulation of glycoprotein biosynthetic process","1/80","18/6213",0.0555555555555556,4.31458333333333,1.60830634072091,0.208320809428905,0.599171226495459,0.572152198840267,"novel-gene-chr14-11626#novel-gene-chr14-11626",1
"GO:0014812","GO:0014812","muscle cell migration","1/80","18/6213",0.0555555555555556,4.31458333333333,1.60830634072091,0.208320809428905,0.599171226495459,0.572152198840267,"XLOC-007156#KALRN-MOUSE#A2CG49",1
"GO:0017147","GO:0017147","Wnt-protein binding","1/80","18/6213",0.0555555555555556,4.31458333333333,1.60830634072091,0.208320809428905,0.599171226495459,0.572152198840267,"XLOC-002903#FZD1-XENLA#Q9I9M5",1
"GO:0030501","GO:0030501","positive regulation of bone mineralization","1/80","18/6213",0.0555555555555556,4.31458333333333,1.60830634072091,0.208320809428905,0.599171226495459,0.572152198840267,"XLOC-026157#AP2D-HUMAN#Q7Z6R9",1
"GO:0031093","GO:0031093","platelet alpha granule lumen","1/80","18/6213",0.0555555555555556,4.31458333333333,1.60830634072091,0.208320809428905,0.599171226495459,0.572152198840267,"gene-evm.model.ptg000035l.378#TRLF-DESRO#K9IMD0",1
"GO:0032094","GO:0032094","response to food","1/80","18/6213",0.0555555555555556,4.31458333333333,1.60830634072091,0.208320809428905,0.599171226495459,0.572152198840267,"XLOC-002962#LIPP-ICTTR#O88354",1
"GO:0032222","GO:0032222","regulation of synaptic transmission, cholinergic","1/80","18/6213",0.0555555555555556,4.31458333333333,1.60830634072091,0.208320809428905,0.599171226495459,0.572152198840267,"XLOC-007156#KALRN-MOUSE#A2CG49",1
"GO:0032459","GO:0032459","regulation of protein oligomerization","1/80","18/6213",0.0555555555555556,4.31458333333333,1.60830634072091,0.208320809428905,0.599171226495459,0.572152198840267,"novel-gene-chr14-11626#novel-gene-chr14-11626",1
"GO:0032480","GO:0032480","negative regulation of type I interferon production","1/80","18/6213",0.0555555555555556,4.31458333333333,1.60830634072091,0.208320809428905,0.599171226495459,0.572152198840267,"novel-gene-chr14-11626#novel-gene-chr14-11626",1
"GO:0032928","GO:0032928","regulation of superoxide anion generation","1/80","18/6213",0.0555555555555556,4.31458333333333,1.60830634072091,0.208320809428905,0.599171226495459,0.572152198840267,"gene-evm.model.ptg000004l.110#SODC-ONCVO#P24706",1
"GO:0033137","GO:0033137","negative regulation of peptidyl-serine phosphorylation","1/80","18/6213",0.0555555555555556,4.31458333333333,1.60830634072091,0.208320809428905,0.599171226495459,0.572152198840267,"gene-evm.model.ptg000018l.1280#NCK2-HUMAN#O43639",1
"GO:0034367","GO:0034367","protein-containing complex remodeling","1/80","18/6213",0.0555555555555556,4.31458333333333,1.60830634072091,0.208320809428905,0.599171226495459,0.572152198840267,"gene-evm.model.ptg000035l.378#TRLF-DESRO#K9IMD0",1
"GO:0035089","GO:0035089","establishment of apical/basal cell polarity","1/80","18/6213",0.0555555555555556,4.31458333333333,1.60830634072091,0.208320809428905,0.599171226495459,0.572152198840267,"XLOC-002903#FZD1-XENLA#Q9I9M5",1
"GO:0035137","GO:0035137","hindlimb morphogenesis","1/80","18/6213",0.0555555555555556,4.31458333333333,1.60830634072091,0.208320809428905,0.599171226495459,0.572152198840267,"XLOC-026157#AP2D-HUMAN#Q7Z6R9",1
"GO:0035159","GO:0035159","regulation of tube length, open tracheal system","1/80","18/6213",0.0555555555555556,4.31458333333333,1.60830634072091,0.208320809428905,0.599171226495459,0.572152198840267,"XLOC-002903#FZD1-XENLA#Q9I9M5",1
"GO:0035461","GO:0035461","vitamin transmembrane transport","1/80","18/6213",0.0555555555555556,4.31458333333333,1.60830634072091,0.208320809428905,0.599171226495459,0.572152198840267,"gene-evm.model.ptg000005l.755#RBP-CHICK#P02752",1
"GO:0044409","GO:0044409","symbiont entry into host","1/80","18/6213",0.0555555555555556,4.31458333333333,1.60830634072091,0.208320809428905,0.599171226495459,0.572152198840267,"XLOC-020938#SPB6-MOUSE#Q60854",1
"GO:0045599","GO:0045599","negative regulation of fat cell differentiation","1/80","18/6213",0.0555555555555556,4.31458333333333,1.60830634072091,0.208320809428905,0.599171226495459,0.572152198840267,"XLOC-007156#KALRN-MOUSE#A2CG49",1
"GO:0045724","GO:0045724","positive regulation of cilium assembly","1/80","18/6213",0.0555555555555556,4.31458333333333,1.60830634072091,0.208320809428905,0.599171226495459,0.572152198840267,"XLOC-011359#CROCC-HUMAN#Q5TZA2",1
"GO:0045907","GO:0045907","positive regulation of vasoconstriction","1/80","18/6213",0.0555555555555556,4.31458333333333,1.60830634072091,0.208320809428905,0.599171226495459,0.572152198840267,"XLOC-025017#CP3AO-SHEEP#Q29496",1
"GO:0045932","GO:0045932","negative regulation of muscle contraction","1/80","18/6213",0.0555555555555556,4.31458333333333,1.60830634072091,0.208320809428905,0.599171226495459,0.572152198840267,"gene-evm.model.ptg000004l.110#SODC-ONCVO#P24706",1
"GO:0045948","GO:0045948","positive regulation of translational initiation","1/80","18/6213",0.0555555555555556,4.31458333333333,1.60830634072091,0.208320809428905,0.599171226495459,0.572152198840267,"gene-evm.model.ptg000018l.1280#NCK2-HUMAN#O43639",1
"GO:0048262","GO:0048262","determination of dorsal/ventral asymmetry","1/80","18/6213",0.0555555555555556,4.31458333333333,1.60830634072091,0.208320809428905,0.599171226495459,0.572152198840267,"XLOC-000223#BMP1-MOUSE#P98063",1
"GO:0048532","GO:0048532","anatomical structure arrangement","1/80","18/6213",0.0555555555555556,4.31458333333333,1.60830634072091,0.208320809428905,0.599171226495459,0.572152198840267,"XLOC-026157#AP2D-HUMAN#Q7Z6R9",1
"GO:0048808","GO:0048808","male genitalia morphogenesis","1/80","18/6213",0.0555555555555556,4.31458333333333,1.60830634072091,0.208320809428905,0.599171226495459,0.572152198840267,"XLOC-007156#KALRN-MOUSE#A2CG49",1
"GO:0050891","GO:0050891","multicellular organismal-level water homeostasis","1/80","18/6213",0.0555555555555556,4.31458333333333,1.60830634072091,0.208320809428905,0.599171226495459,0.572152198840267,"XLOC-026157#AP2D-HUMAN#Q7Z6R9",1
"GO:0060117","GO:0060117","auditory receptor cell development","1/80","18/6213",0.0555555555555556,4.31458333333333,1.60830634072091,0.208320809428905,0.599171226495459,0.572152198840267,"gene-evm.model.ptg000004l.110#SODC-ONCVO#P24706",1
"GO:0060443","GO:0060443","mammary gland morphogenesis","1/80","18/6213",0.0555555555555556,4.31458333333333,1.60830634072091,0.208320809428905,0.599171226495459,0.572152198840267,"XLOC-026157#AP2D-HUMAN#Q7Z6R9",1
"GO:0060674","GO:0060674","placenta blood vessel development","1/80","18/6213",0.0555555555555556,4.31458333333333,1.60830634072091,0.208320809428905,0.599171226495459,0.572152198840267,"gene-evm.model.ptg000035l.378#TRLF-DESRO#K9IMD0",1
"GO:0070273","GO:0070273","phosphatidylinositol-4-phosphate binding","1/80","18/6213",0.0555555555555556,4.31458333333333,1.60830634072091,0.208320809428905,0.599171226495459,0.572152198840267,"XLOC-002354#DAB2P-MOUSE#Q3UHC7",1
"GO:0086002","GO:0086002","cardiac muscle cell action potential involved in contraction","1/80","18/6213",0.0555555555555556,4.31458333333333,1.60830634072091,0.208320809428905,0.599171226495459,0.572152198840267,"XLOC-022444#SNTB1-HUMAN#Q13884",1
"GO:1903409","GO:1903409","reactive oxygen species biosynthetic process","1/80","18/6213",0.0555555555555556,4.31458333333333,1.60830634072091,0.208320809428905,0.599171226495459,0.572152198840267,"gene-evm.model.ptg000004l.110#SODC-ONCVO#P24706",1
"GO:1904837","GO:1904837","beta-catenin-TCF complex assembly","1/80","18/6213",0.0555555555555556,4.31458333333333,1.60830634072091,0.208320809428905,0.599171226495459,0.572152198840267,"novel-gene-chr14-11626#novel-gene-chr14-11626",1
"GO:0001843","GO:0001843","neural tube closure","2/80","66/6213",0.0303030303030303,2.35340909090909,1.26239040578575,0.208537529288178,0.599171226495459,0.572152198840267,"XLOC-026157#AP2D-HUMAN#Q7Z6R9/XLOC-002903#FZD1-XENLA#Q9I9M5",2
"GO:0035821","GO:0035821","modulation of process of another organism","2/80","66/6213",0.0303030303030303,2.35340909090909,1.26239040578575,0.208537529288178,0.599171226495459,0.572152198840267,"gene-evm.model.ptg000035l.378#TRLF-DESRO#K9IMD0/novel-gene-chr14-11626#novel-gene-chr14-11626",2
"GO:0051668","GO:0051668","localization within membrane","2/80","66/6213",0.0303030303030303,2.35340909090909,1.26239040578575,0.208537529288178,0.599171226495459,0.572152198840267,"XLOC-007156#KALRN-MOUSE#A2CG49/XLOC-002354#DAB2P-MOUSE#Q3UHC7",2
"GO:0060606","GO:0060606","tube closure","2/80","66/6213",0.0303030303030303,2.35340909090909,1.26239040578575,0.208537529288178,0.599171226495459,0.572152198840267,"XLOC-026157#AP2D-HUMAN#Q7Z6R9/XLOC-002903#FZD1-XENLA#Q9I9M5",2
"GO:0070820","GO:0070820","tertiary granule","2/80","66/6213",0.0303030303030303,2.35340909090909,1.26239040578575,0.208537529288178,0.599171226495459,0.572152198840267,"gene-evm.model.ptg000027l.443#PCP-PONAB#Q5RBU7/XLOC-002398#SVEP1-DANRE#A0A1D5NSM8",2
"GO:0000302","GO:0000302","response to reactive oxygen species","3/80","123/6213",0.024390243902439,1.89420731707317,1.14394821072974,0.210632055778803,0.602961701591964,0.575771746250444,"gene-evm.model.ptg000004l.110#SODC-ONCVO#P24706/XLOC-012867#MLP3A-BOVIN#Q2HJ23/XLOC-012520#GPX2-PONPY#Q4AEI0",3
"GO:0006909","GO:0006909","phagocytosis","3/80","123/6213",0.024390243902439,1.89420731707317,1.14394821072974,0.210632055778803,0.602961701591964,0.575771746250444,"XLOC-003023#FCN2-MOUSE#O70497/XLOC-007156#KALRN-MOUSE#A2CG49/gene-evm.model.ptg000018l.1280#NCK2-HUMAN#O43639",3
"GO:0044419","GO:0044419","biological process involved in interspecies interaction between organisms","4/80","184/6213",0.0217391304347826,1.6883152173913,1.08242515221834,0.211969685191136,0.602961701591964,0.575771746250444,"gene-evm.model.ptg000004l.110#SODC-ONCVO#P24706/XLOC-020938#SPB6-MOUSE#Q60854/gene-evm.model.ptg000035l.378#TRLF-DESRO#K9IMD0/novel-gene-chr14-11626#novel-gene-chr14-11626",4
"GO:0007267","GO:0007267","cell-cell signaling","8/80","445/6213",0.0179775280898876,1.3961797752809,0.990567136721032,0.212256200105035,0.602961701591964,0.575771746250444,"XLOC-020938#SPB6-MOUSE#Q60854/XLOC-000011#NID2-RAT#B5DFC9/XLOC-026157#AP2D-HUMAN#Q7Z6R9/XLOC-013453#FCN1-PIG#Q29042/XLOC-019944#FCN1-HUMAN#O00602/XLOC-000920#RB6I2-RAT#Q811U3/novel-gene-chr14-11626#novel-gene-chr14-11626/XLOC-002903#FZD1-XENLA#Q9I9M5",8
"GO:0000041","GO:0000041","transition metal ion transport","2/80","67/6213",0.0298507462686567,2.31828358208955,1.23900825946884,0.213270227371245,0.602961701591964,0.575771746250444,"XLOC-024417#HEPHL-ACRMI#B3EWZ9/gene-evm.model.ptg000003l.459#ZNT1-MACFA#Q4R6K2",2
"GO:0014020","GO:0014020","primary neural tube formation","2/80","67/6213",0.0298507462686567,2.31828358208955,1.23900825946884,0.213270227371245,0.602961701591964,0.575771746250444,"XLOC-026157#AP2D-HUMAN#Q7Z6R9/XLOC-002903#FZD1-XENLA#Q9I9M5",2
"GO:0019395","GO:0019395","fatty acid oxidation","2/80","67/6213",0.0298507462686567,2.31828358208955,1.23900825946884,0.213270227371245,0.602961701591964,0.575771746250444,"XLOC-027061#PRSS8-HUMAN#Q16651/XLOC-026524#KLKB1-RAT#P14272",2
"GO:0048806","GO:0048806","genitalia development","2/80","67/6213",0.0298507462686567,2.31828358208955,1.23900825946884,0.213270227371245,0.602961701591964,0.575771746250444,"XLOC-026157#AP2D-HUMAN#Q7Z6R9/XLOC-007156#KALRN-MOUSE#A2CG49",2
"GO:0003012","GO:0003012","muscle system process","3/80","124/6213",0.0241935483870968,1.8789314516129,1.12906019270165,0.21399127754368,0.602961701591964,0.575771746250444,"gene-evm.model.ptg000004l.110#SODC-ONCVO#P24706/XLOC-022444#SNTB1-HUMAN#Q13884/XLOC-001851#TBX20-MOUSE#Q9ES03",3
"GO:0010770","GO:0010770","positive regulation of cell morphogenesis","3/80","124/6213",0.0241935483870968,1.8789314516129,1.12906019270165,0.21399127754368,0.602961701591964,0.575771746250444,"XLOC-007156#KALRN-MOUSE#A2CG49/novel-gene-chr14-11626#novel-gene-chr14-11626/XLOC-002903#FZD1-XENLA#Q9I9M5",3
"GO:0032970","GO:0032970","regulation of actin filament-based process","4/80","185/6213",0.0216216216216216,1.67918918918919,1.07106108812265,0.214681065964219,0.602961701591964,0.575771746250444,"XLOC-007156#KALRN-MOUSE#A2CG49/novel-gene-chr14-11626#novel-gene-chr14-11626/XLOC-002903#FZD1-XENLA#Q9I9M5/gene-evm.model.ptg000018l.1280#NCK2-HUMAN#O43639",4
"GO:1902903","GO:1902903","regulation of supramolecular fiber organization","4/80","185/6213",0.0216216216216216,1.67918918918919,1.07106108812265,0.214681065964219,0.602961701591964,0.575771746250444,"XLOC-007156#KALRN-MOUSE#A2CG49/novel-gene-chr14-11626#novel-gene-chr14-11626/XLOC-002903#FZD1-XENLA#Q9I9M5/gene-evm.model.ptg000018l.1280#NCK2-HUMAN#O43639",4
"GO:0001736","GO:0001736","establishment of planar polarity","2/80","68/6213",0.0294117647058824,2.28419117647059,1.21603879128507,0.21801365941835,0.602961701591964,0.575771746250444,"novel-gene-chr14-11626#novel-gene-chr14-11626/XLOC-002903#FZD1-XENLA#Q9I9M5",2
"GO:0042542","GO:0042542","response to hydrogen peroxide","2/80","68/6213",0.0294117647058824,2.28419117647059,1.21603879128507,0.21801365941835,0.602961701591964,0.575771746250444,"gene-evm.model.ptg000004l.110#SODC-ONCVO#P24706/XLOC-012867#MLP3A-BOVIN#Q2HJ23",2
"GO:1900006","GO:1900006","positive regulation of dendrite development","2/80","68/6213",0.0294117647058824,2.28419117647059,1.21603879128507,0.21801365941835,0.602961701591964,0.575771746250444,"XLOC-007156#KALRN-MOUSE#A2CG49/XLOC-002354#DAB2P-MOUSE#Q3UHC7",2
"GO:0002209","GO:0002209","behavioral defense response","1/80","19/6213",0.0526315789473684,4.0875,1.53929692185731,0.21854426951699,0.602961701591964,0.575771746250444,"XLOC-007156#KALRN-MOUSE#A2CG49",1
"GO:0002712","GO:0002712","regulation of B cell mediated immunity","1/80","19/6213",0.0526315789473684,4.0875,1.53929692185731,0.21854426951699,0.602961701591964,0.575771746250444,"XLOC-002398#SVEP1-DANRE#A0A1D5NSM8",1
"GO:0002889","GO:0002889","regulation of immunoglobulin mediated immune response","1/80","19/6213",0.0526315789473684,4.0875,1.53929692185731,0.21854426951699,0.602961701591964,0.575771746250444,"XLOC-002398#SVEP1-DANRE#A0A1D5NSM8",1
"GO:0006801","GO:0006801","superoxide metabolic process","1/80","19/6213",0.0526315789473684,4.0875,1.53929692185731,0.21854426951699,0.602961701591964,0.575771746250444,"gene-evm.model.ptg000004l.110#SODC-ONCVO#P24706",1
"GO:0008090","GO:0008090","retrograde axonal transport","1/80","19/6213",0.0526315789473684,4.0875,1.53929692185731,0.21854426951699,0.602961701591964,0.575771746250444,"gene-evm.model.ptg000004l.110#SODC-ONCVO#P24706",1
"GO:0035176","GO:0035176","social behavior","1/80","19/6213",0.0526315789473684,4.0875,1.53929692185731,0.21854426951699,0.602961701591964,0.575771746250444,"XLOC-007156#KALRN-MOUSE#A2CG49",1
"GO:0042596","GO:0042596","fear response","1/80","19/6213",0.0526315789473684,4.0875,1.53929692185731,0.21854426951699,0.602961701591964,0.575771746250444,"XLOC-007156#KALRN-MOUSE#A2CG49",1
"GO:0045824","GO:0045824","negative regulation of innate immune response","1/80","19/6213",0.0526315789473684,4.0875,1.53929692185731,0.21854426951699,0.602961701591964,0.575771746250444,"XLOC-002398#SVEP1-DANRE#A0A1D5NSM8",1
"GO:0048596","GO:0048596","embryonic camera-type eye morphogenesis","1/80","19/6213",0.0526315789473684,4.0875,1.53929692185731,0.21854426951699,0.602961701591964,0.575771746250444,"XLOC-026157#AP2D-HUMAN#Q7Z6R9",1
"GO:0048859","GO:0048859","formation of anatomical boundary","1/80","19/6213",0.0526315789473684,4.0875,1.53929692185731,0.21854426951699,0.602961701591964,0.575771746250444,"XLOC-002903#FZD1-XENLA#Q9I9M5",1
"GO:0051703","GO:0051703","biological process involved in intraspecies interaction between organisms","1/80","19/6213",0.0526315789473684,4.0875,1.53929692185731,0.21854426951699,0.602961701591964,0.575771746250444,"XLOC-007156#KALRN-MOUSE#A2CG49",1
"GO:0051721","GO:0051721","protein phosphatase 2A binding","1/80","19/6213",0.0526315789473684,4.0875,1.53929692185731,0.21854426951699,0.602961701591964,0.575771746250444,"XLOC-002354#DAB2P-MOUSE#Q3UHC7",1
"GO:0055023","GO:0055023","positive regulation of cardiac muscle tissue growth","1/80","19/6213",0.0526315789473684,4.0875,1.53929692185731,0.21854426951699,0.602961701591964,0.575771746250444,"XLOC-001851#TBX20-MOUSE#Q9ES03",1
"GO:0060325","GO:0060325","face morphogenesis","1/80","19/6213",0.0526315789473684,4.0875,1.53929692185731,0.21854426951699,0.602961701591964,0.575771746250444,"XLOC-026157#AP2D-HUMAN#Q7Z6R9",1
"GO:0060421","GO:0060421","positive regulation of heart growth","1/80","19/6213",0.0526315789473684,4.0875,1.53929692185731,0.21854426951699,0.602961701591964,0.575771746250444,"XLOC-001851#TBX20-MOUSE#Q9ES03",1
"GO:0099172","GO:0099172","presynapse organization","1/80","19/6213",0.0526315789473684,4.0875,1.53929692185731,0.21854426951699,0.602961701591964,0.575771746250444,"XLOC-002903#FZD1-XENLA#Q9I9M5",1
"GO:1900271","GO:1900271","regulation of long-term synaptic potentiation","1/80","19/6213",0.0526315789473684,4.0875,1.53929692185731,0.21854426951699,0.602961701591964,0.575771746250444,"XLOC-007156#KALRN-MOUSE#A2CG49",1
"GO:1903020","GO:1903020","positive regulation of glycoprotein metabolic process","1/80","19/6213",0.0526315789473684,4.0875,1.53929692185731,0.21854426951699,0.602961701591964,0.575771746250444,"novel-gene-chr14-11626#novel-gene-chr14-11626",1
"GO:1903901","GO:1903901","negative regulation of viral life cycle","1/80","19/6213",0.0526315789473684,4.0875,1.53929692185731,0.21854426951699,0.602961701591964,0.575771746250444,"XLOC-003023#FCN2-MOUSE#O70497",1
"GO:0010817","GO:0010817","regulation of hormone levels","5/80","250/6213",0.02,1.55325,1.01972544651169,0.218893673517149,0.602961701591964,0.575771746250444,"XLOC-008889#CATZ-BOVIN#P05689/XLOC-026157#AP2D-HUMAN#Q7Z6R9/XLOC-022444#SNTB1-HUMAN#Q13884/XLOC-007156#KALRN-MOUSE#A2CG49/XLOC-014474#TMPS5-HUMAN#Q9H3S3",5
"GO:0034248","GO:0034248","regulation of amide metabolic process","5/80","250/6213",0.02,1.55325,1.01972544651169,0.218893673517149,0.602961701591964,0.575771746250444,"XLOC-015811#TSAP1-HUMAN#Q9NX07/XLOC-004982#ENDOU-XENTR#B1H3D5/XLOC-019521#TISB-HUMAN#Q07352/novel-gene-chr14-11626#novel-gene-chr14-11626/gene-evm.model.ptg000018l.1280#NCK2-HUMAN#O43639",5
"GO:0001889","GO:0001889","liver development","3/80","126/6213",0.0238095238095238,1.84910714285714,1.09969018940948,0.22074499121223,0.604165987758508,0.576921726335856,"XLOC-027061#PRSS8-HUMAN#Q16651/XLOC-026524#KLKB1-RAT#P14272/XLOC-024417#HEPHL-ACRMI#B3EWZ9",3
"GO:0051495","GO:0051495","positive regulation of cytoskeleton organization","3/80","126/6213",0.0238095238095238,1.84910714285714,1.09969018940948,0.22074499121223,0.604165987758508,0.576921726335856,"XLOC-007156#KALRN-MOUSE#A2CG49/novel-gene-chr14-11626#novel-gene-chr14-11626/gene-evm.model.ptg000018l.1280#NCK2-HUMAN#O43639",3
"GO:0006518","GO:0006518","peptide metabolic process","6/80","316/6213",0.0189873417721519,1.47460443037975,0.988972009483816,0.220746773022563,0.604165987758508,0.576921726335856,"gene-evm.model.ptg000004l.110#SODC-ONCVO#P24706/XLOC-008889#CATZ-BOVIN#P05689/gene-evm.model.ptg000055l.299#TPP1-DANRE#F8W2M8/XLOC-015811#TSAP1-HUMAN#Q9NX07/XLOC-003485#CTNS-HUMAN#O60931/XLOC-010359#IMP1L-HUMAN#Q96LU5",6
"GO:0007164","GO:0007164","establishment of tissue polarity","2/80","69/6213",0.0289855072463768,2.25108695652174,1.19346770841478,0.22276678075623,0.604165987758508,0.576921726335856,"novel-gene-chr14-11626#novel-gene-chr14-11626/XLOC-002903#FZD1-XENLA#Q9I9M5",2
"GO:0030326","GO:0030326","embryonic limb morphogenesis","2/80","69/6213",0.0289855072463768,2.25108695652174,1.19346770841478,0.22276678075623,0.604165987758508,0.576921726335856,"XLOC-026157#AP2D-HUMAN#Q7Z6R9/novel-gene-chr14-11626#novel-gene-chr14-11626",2
"GO:0034440","GO:0034440","lipid oxidation","2/80","69/6213",0.0289855072463768,2.25108695652174,1.19346770841478,0.22276678075623,0.604165987758508,0.576921726335856,"XLOC-027061#PRSS8-HUMAN#Q16651/XLOC-026524#KLKB1-RAT#P14272",2
"GO:0051216","GO:0051216","cartilage development","2/80","69/6213",0.0289855072463768,2.25108695652174,1.19346770841478,0.22276678075623,0.604165987758508,0.576921726335856,"XLOC-000223#BMP1-MOUSE#P98063/novel-gene-chr14-11626#novel-gene-chr14-11626",2
"GO:0070555","GO:0070555","response to interleukin-1","2/80","70/6213",0.0285714285714286,2.21892857142857,1.17128141952344,0.227528571188921,0.604165987758508,0.576921726335856,"novel-gene-chr14-11626#novel-gene-chr14-11626/XLOC-002354#DAB2P-MOUSE#Q3UHC7",2
"GO:0060249","GO:0060249","anatomical structure homeostasis","5/80","254/6213",0.0196850393700787,1.52878937007874,0.982736567725617,0.228325184446435,0.604165987758508,0.576921726335856,"gene-evm.model.ptg000004l.110#SODC-ONCVO#P24706/gene-evm.model.ptg000055l.299#TPP1-DANRE#F8W2M8/gene-evm.model.ptg000035l.378#TRLF-DESRO#K9IMD0/XLOC-022444#SNTB1-HUMAN#Q13884/XLOC-011359#CROCC-HUMAN#Q5TZA2",5
"GO:0001046","GO:0001046","core promoter sequence-specific DNA binding","1/80","20/6213",0.05,3.883125,1.47486464325498,0.228637336749577,0.604165987758508,0.576921726335856,"XLOC-026157#AP2D-HUMAN#Q7Z6R9",1
"GO:0001091","GO:0001091","RNA polymerase II general transcription initiation factor binding","1/80","20/6213",0.05,3.883125,1.47486464325498,0.228637336749577,0.604165987758508,0.576921726335856,"novel-gene-chr14-11626#novel-gene-chr14-11626",1
"GO:0001221","GO:0001221","transcription coregulator binding","1/80","20/6213",0.05,3.883125,1.47486464325498,0.228637336749577,0.604165987758508,0.576921726335856,"XLOC-001851#TBX20-MOUSE#Q9ES03",1
"GO:0004402","GO:0004402","histone acetyltransferase activity","1/80","20/6213",0.05,3.883125,1.47486464325498,0.228637336749577,0.604165987758508,0.576921726335856,"novel-gene-chr14-11626#novel-gene-chr14-11626",1
"GO:0007156","GO:0007156","homophilic cell-cell adhesion","1/80","20/6213",0.05,3.883125,1.47486464325498,0.228637336749577,0.604165987758508,0.576921726335856,"XLOC-002903#FZD1-XENLA#Q9I9M5",1
"GO:0007566","GO:0007566","embryo implantation","1/80","20/6213",0.05,3.883125,1.47486464325498,0.228637336749577,0.604165987758508,0.576921726335856,"gene-evm.model.ptg000004l.110#SODC-ONCVO#P24706",1
"GO:0009067","GO:0009067","aspartate family amino acid biosynthetic process","1/80","20/6213",0.05,3.883125,1.47486464325498,0.228637336749577,0.604165987758508,0.576921726335856,"gene-evm.model.ptg000005l.77#PLOD1-CHICK#P24802",1
"GO:0021522","GO:0021522","spinal cord motor neuron differentiation","1/80","20/6213",0.05,3.883125,1.47486464325498,0.228637336749577,0.604165987758508,0.576921726335856,"XLOC-001851#TBX20-MOUSE#Q9ES03",1
"GO:0030216","GO:0030216","keratinocyte differentiation","1/80","20/6213",0.05,3.883125,1.47486464325498,0.228637336749577,0.604165987758508,0.576921726335856,"XLOC-026157#AP2D-HUMAN#Q7Z6R9",1
"GO:0032648","GO:0032648","regulation of interferon-beta production","1/80","20/6213",0.05,3.883125,1.47486464325498,0.228637336749577,0.604165987758508,0.576921726335856,"novel-gene-chr14-11626#novel-gene-chr14-11626",1
"GO:0032892","GO:0032892","positive regulation of organic acid transport","1/80","20/6213",0.05,3.883125,1.47486464325498,0.228637336749577,0.604165987758508,0.576921726335856,"XLOC-013451#S38A2-CHICK#Q5F468",1
"GO:0035337","GO:0035337","fatty-acyl-CoA metabolic process","1/80","20/6213",0.05,3.883125,1.47486464325498,0.228637336749577,0.604165987758508,0.576921726335856,"novel-gene-chr4-9990#ACOD-SHEEP#O62849",1
"GO:0035722","GO:0035722","interleukin-12-mediated signaling pathway","1/80","20/6213",0.05,3.883125,1.47486464325498,0.228637336749577,0.604165987758508,0.576921726335856,"gene-evm.model.ptg000004l.110#SODC-ONCVO#P24706",1
"GO:0043243","GO:0043243","positive regulation of protein-containing complex disassembly","1/80","20/6213",0.05,3.883125,1.47486464325498,0.228637336749577,0.604165987758508,0.576921726335856,"XLOC-012867#MLP3A-BOVIN#Q2HJ23",1
"GO:0045117","GO:0045117","azole transmembrane transport","1/80","20/6213",0.05,3.883125,1.47486464325498,0.228637336749577,0.604165987758508,0.576921726335856,"XLOC-013451#S38A2-CHICK#Q5F468",1
"GO:0048286","GO:0048286","lung alveolus development","1/80","20/6213",0.05,3.883125,1.47486464325498,0.228637336749577,0.604165987758508,0.576921726335856,"XLOC-002903#FZD1-XENLA#Q9I9M5",1
"GO:0048483","GO:0048483","autonomic nervous system development","1/80","20/6213",0.05,3.883125,1.47486464325498,0.228637336749577,0.604165987758508,0.576921726335856,"XLOC-026157#AP2D-HUMAN#Q7Z6R9",1
"GO:0050434","GO:0050434","positive regulation of viral transcription","1/80","20/6213",0.05,3.883125,1.47486464325498,0.228637336749577,0.604165987758508,0.576921726335856,"novel-gene-chr14-11626#novel-gene-chr14-11626",1
"GO:0051059","GO:0051059","NF-kappaB binding","1/80","20/6213",0.05,3.883125,1.47486464325498,0.228637336749577,0.604165987758508,0.576921726335856,"novel-gene-chr14-11626#novel-gene-chr14-11626",1
"GO:0051931","GO:0051931","regulation of sensory perception","1/80","20/6213",0.05,3.883125,1.47486464325498,0.228637336749577,0.604165987758508,0.576921726335856,"gene-evm.model.ptg000005l.755#RBP-CHICK#P02752",1
"GO:0060027","GO:0060027","convergent extension involved in gastrulation","1/80","20/6213",0.05,3.883125,1.47486464325498,0.228637336749577,0.604165987758508,0.576921726335856,"XLOC-002903#FZD1-XENLA#Q9I9M5",1
"GO:0060122","GO:0060122","inner ear receptor cell stereocilium organization","1/80","20/6213",0.05,3.883125,1.47486464325498,0.228637336749577,0.604165987758508,0.576921726335856,"gene-evm.model.ptg000004l.110#SODC-ONCVO#P24706",1
"GO:0060412","GO:0060412","ventricular septum morphogenesis","1/80","20/6213",0.05,3.883125,1.47486464325498,0.228637336749577,0.604165987758508,0.576921726335856,"XLOC-002903#FZD1-XENLA#Q9I9M5",1
"GO:0061001","GO:0061001","regulation of dendritic spine morphogenesis","1/80","20/6213",0.05,3.883125,1.47486464325498,0.228637336749577,0.604165987758508,0.576921726335856,"XLOC-007156#KALRN-MOUSE#A2CG49",1
"GO:0070509","GO:0070509","calcium ion import","1/80","20/6213",0.05,3.883125,1.47486464325498,0.228637336749577,0.604165987758508,0.576921726335856,"XLOC-008866#MCUR1-MOUSE#Q9CXD6",1
"GO:0070671","GO:0070671","response to interleukin-12","1/80","20/6213",0.05,3.883125,1.47486464325498,0.228637336749577,0.604165987758508,0.576921726335856,"gene-evm.model.ptg000004l.110#SODC-ONCVO#P24706",1
"GO:0071349","GO:0071349","cellular response to interleukin-12","1/80","20/6213",0.05,3.883125,1.47486464325498,0.228637336749577,0.604165987758508,0.576921726335856,"gene-evm.model.ptg000004l.110#SODC-ONCVO#P24706",1
"GO:2000765","GO:2000765","regulation of cytoplasmic translation","1/80","20/6213",0.05,3.883125,1.47486464325498,0.228637336749577,0.604165987758508,0.576921726335856,"gene-evm.model.ptg000018l.1280#NCK2-HUMAN#O43639",1
"GO:0010975","GO:0010975","regulation of neuron projection development","6/80","320/6213",0.01875,1.456171875,0.956884476058687,0.229141102228064,0.604831788518474,0.577557503475943,"XLOC-008889#CATZ-BOVIN#P05689/XLOC-007156#KALRN-MOUSE#A2CG49/novel-gene-chr14-11626#novel-gene-chr14-11626/XLOC-002903#FZD1-XENLA#Q9I9M5/gene-evm.model.ptg000018l.1280#NCK2-HUMAN#O43639/XLOC-002354#DAB2P-MOUSE#Q3UHC7",6
"GO:1990837","GO:1990837","sequence-specific double-stranded DNA binding","5/80","255/6213",0.0196078431372549,1.52279411764706,0.973587003483599,0.230702418723146,0.607119885046453,0.579742420577686,"XLOC-026157#AP2D-HUMAN#Q7Z6R9/XLOC-003461#NFIC-MOUSE#P70255/XLOC-001851#TBX20-MOUSE#Q9ES03/novel-gene-chr14-11626#novel-gene-chr14-11626/XLOC-014541#HES4A-XENLA#Q90Z12",5
"GO:0110053","GO:0110053","regulation of actin filament organization","3/80","129/6213",0.0232558139534884,1.80610465116279,1.05661291347402,0.230957647929826,0.607119885046453,0.579742420577686,"XLOC-007156#KALRN-MOUSE#A2CG49/XLOC-002903#FZD1-XENLA#Q9I9M5/gene-evm.model.ptg000018l.1280#NCK2-HUMAN#O43639",3
"GO:0032101","GO:0032101","regulation of response to external stimulus","6/80","321/6213",0.0186915887850467,1.45163551401869,0.948928448511922,0.231256334628441,0.607119885046453,0.579742420577686,"XLOC-027061#PRSS8-HUMAN#Q16651/XLOC-026524#KLKB1-RAT#P14272/XLOC-020392#PRSS8-RAT#Q9ES87/gene-evm.model.ptg000035l.378#TRLF-DESRO#K9IMD0/XLOC-002398#SVEP1-DANRE#A0A1D5NSM8/XLOC-002903#FZD1-XENLA#Q9I9M5",6
"GO:0046943","GO:0046943","carboxylic acid transmembrane transporter activity","2/80","71/6213",0.028169014084507,2.18767605633803,1.14946699070066,0.232298034554079,0.607119885046453,0.579742420577686,"XLOC-003485#CTNS-HUMAN#O60931/XLOC-013451#S38A2-CHICK#Q5F468",2
"GO:0061008","GO:0061008","hepaticobiliary system development","3/80","130/6213",0.0230769230769231,1.79221153846154,1.04250504698509,0.234382152022924,0.607119885046453,0.579742420577686,"XLOC-027061#PRSS8-HUMAN#Q16651/XLOC-026524#KLKB1-RAT#P14272/XLOC-024417#HEPHL-ACRMI#B3EWZ9",3
"GO:0034220","GO:0034220","monoatomic ion transmembrane transport","7/80","390/6213",0.0179487179487179,1.39394230769231,0.917731773045716,0.235201164631535,0.607119885046453,0.579742420577686,"gene-evm.model.ptg000005l.755#RBP-CHICK#P02752/XLOC-022444#SNTB1-HUMAN#Q13884/XLOC-008866#MCUR1-MOUSE#Q9CXD6/XLOC-003485#CTNS-HUMAN#O60931/XLOC-024417#HEPHL-ACRMI#B3EWZ9/XLOC-013451#S38A2-CHICK#Q5F468/gene-evm.model.ptg000003l.459#ZNT1-MACFA#Q4R6K2",7
"GO:0003205","GO:0003205","cardiac chamber development","2/80","72/6213",0.0277777777777778,2.15729166666667,1.12801210474964,0.237074198286433,0.607119885046453,0.579742420577686,"XLOC-001851#TBX20-MOUSE#Q9ES03/XLOC-002903#FZD1-XENLA#Q9I9M5",2
"GO:0005903","GO:0005903","brush border","2/80","72/6213",0.0277777777777778,2.15729166666667,1.12801210474964,0.237074198286433,0.607119885046453,0.579742420577686,"gene-evm.model.ptg000027l.83#CEL3B-MOUSE#Q9CQ52/XLOC-013451#S38A2-CHICK#Q5F468",2
"GO:0007422","GO:0007422","peripheral nervous system development","2/80","72/6213",0.0277777777777778,2.15729166666667,1.12801210474964,0.237074198286433,0.607119885046453,0.579742420577686,"gene-evm.model.ptg000004l.110#SODC-ONCVO#P24706/XLOC-026157#AP2D-HUMAN#Q7Z6R9",2
"GO:0031594","GO:0031594","neuromuscular junction","2/80","72/6213",0.0277777777777778,2.15729166666667,1.12801210474964,0.237074198286433,0.607119885046453,0.579742420577686,"XLOC-022444#SNTB1-HUMAN#Q13884/XLOC-000920#RB6I2-RAT#Q811U3",2
"GO:0002223","GO:0002223","stimulatory C-type lectin receptor signaling pathway","1/80","21/6213",0.0476190476190476,3.69821428571429,1.41447359813602,0.238601653407099,0.607119885046453,0.579742420577686,"novel-gene-chr14-11626#novel-gene-chr14-11626",1
"GO:0005246","GO:0005246","calcium channel regulator activity","1/80","21/6213",0.0476190476190476,3.69821428571429,1.41447359813602,0.238601653407099,0.607119885046453,0.579742420577686,"XLOC-022444#SNTB1-HUMAN#Q13884",1
"GO:0005385","GO:0005385","zinc ion transmembrane transporter activity","1/80","21/6213",0.0476190476190476,3.69821428571429,1.41447359813602,0.238601653407099,0.607119885046453,0.579742420577686,"gene-evm.model.ptg000003l.459#ZNT1-MACFA#Q4R6K2",1
"GO:0010002","GO:0010002","cardioblast differentiation","1/80","21/6213",0.0476190476190476,3.69821428571429,1.41447359813602,0.238601653407099,0.607119885046453,0.579742420577686,"XLOC-001851#TBX20-MOUSE#Q9ES03",1
"GO:0015175","GO:0015175","neutral L-amino acid transmembrane transporter activity","1/80","21/6213",0.0476190476190476,3.69821428571429,1.41447359813602,0.238601653407099,0.607119885046453,0.579742420577686,"XLOC-013451#S38A2-CHICK#Q5F468",1
"GO:0031128","GO:0031128","developmental induction","1/80","21/6213",0.0476190476190476,3.69821428571429,1.41447359813602,0.238601653407099,0.607119885046453,0.579742420577686,"XLOC-026157#AP2D-HUMAN#Q7Z6R9",1
"GO:0031435","GO:0031435","mitogen-activated protein kinase kinase kinase binding","1/80","21/6213",0.0476190476190476,3.69821428571429,1.41447359813602,0.238601653407099,0.607119885046453,0.579742420577686,"XLOC-002354#DAB2P-MOUSE#Q3UHC7",1
"GO:0032786","GO:0032786","positive regulation of DNA-templated transcription, elongation","1/80","21/6213",0.0476190476190476,3.69821428571429,1.41447359813602,0.238601653407099,0.607119885046453,0.579742420577686,"XLOC-025616#ELL2-MOUSE#Q3UKU1",1
"GO:0035293","GO:0035293","chitin-based larval cuticle pattern formation","1/80","21/6213",0.0476190476190476,3.69821428571429,1.41447359813602,0.238601653407099,0.607119885046453,0.579742420577686,"XLOC-002903#FZD1-XENLA#Q9I9M5",1
"GO:0035577","GO:0035577","azurophil granule membrane","1/80","21/6213",0.0476190476190476,3.69821428571429,1.41447359813602,0.238601653407099,0.607119885046453,0.579742420577686,"gene-evm.model.ptg000027l.443#PCP-PONAB#Q5RBU7",1
"GO:0042102","GO:0042102","positive regulation of T cell proliferation","1/80","21/6213",0.0476190476190476,3.69821428571429,1.41447359813602,0.238601653407099,0.607119885046453,0.579742420577686,"gene-evm.model.ptg000018l.1280#NCK2-HUMAN#O43639",1
"GO:0043425","GO:0043425","bHLH transcription factor binding","1/80","21/6213",0.0476190476190476,3.69821428571429,1.41447359813602,0.238601653407099,0.607119885046453,0.579742420577686,"novel-gene-chr14-11626#novel-gene-chr14-11626",1
"GO:0043921","GO:0043921","host-mediated perturbation of viral transcription","1/80","21/6213",0.0476190476190476,3.69821428571429,1.41447359813602,0.238601653407099,0.607119885046453,0.579742420577686,"novel-gene-chr14-11626#novel-gene-chr14-11626",1
"GO:0045776","GO:0045776","negative regulation of blood pressure","1/80","21/6213",0.0476190476190476,3.69821428571429,1.41447359813602,0.238601653407099,0.607119885046453,0.579742420577686,"gene-evm.model.ptg000027l.443#PCP-PONAB#Q5RBU7",1
"GO:0045792","GO:0045792","negative regulation of cell size","1/80","21/6213",0.0476190476190476,3.69821428571429,1.41447359813602,0.238601653407099,0.607119885046453,0.579742420577686,"XLOC-015776#RET-HUMAN#P07949",1
"GO:0048865","GO:0048865","stem cell fate commitment","1/80","21/6213",0.0476190476190476,3.69821428571429,1.41447359813602,0.238601653407099,0.607119885046453,0.579742420577686,"XLOC-001851#TBX20-MOUSE#Q9ES03",1
"GO:0060711","GO:0060711","labyrinthine layer development","1/80","21/6213",0.0476190476190476,3.69821428571429,1.41447359813602,0.238601653407099,0.607119885046453,0.579742420577686,"gene-evm.model.ptg000035l.378#TRLF-DESRO#K9IMD0",1
"GO:0060996","GO:0060996","dendritic spine development","1/80","21/6213",0.0476190476190476,3.69821428571429,1.41447359813602,0.238601653407099,0.607119885046453,0.579742420577686,"gene-evm.model.ptg000018l.1280#NCK2-HUMAN#O43639",1
"GO:0061162","GO:0061162","establishment of monopolar cell polarity","1/80","21/6213",0.0476190476190476,3.69821428571429,1.41447359813602,0.238601653407099,0.607119885046453,0.579742420577686,"XLOC-002903#FZD1-XENLA#Q9I9M5",1
"GO:0061339","GO:0061339","establishment or maintenance of monopolar cell polarity","1/80","21/6213",0.0476190476190476,3.69821428571429,1.41447359813602,0.238601653407099,0.607119885046453,0.579742420577686,"XLOC-002903#FZD1-XENLA#Q9I9M5",1
"GO:0070169","GO:0070169","positive regulation of biomineral tissue development","1/80","21/6213",0.0476190476190476,3.69821428571429,1.41447359813602,0.238601653407099,0.607119885046453,0.579742420577686,"XLOC-026157#AP2D-HUMAN#Q7Z6R9",1
"GO:0070317","GO:0070317","negative regulation of G0 to G1 transition","1/80","21/6213",0.0476190476190476,3.69821428571429,1.41447359813602,0.238601653407099,0.607119885046453,0.579742420577686,"XLOC-002354#DAB2P-MOUSE#Q3UHC7",1
"GO:0080154","GO:0080154","regulation of fertilization","1/80","21/6213",0.0476190476190476,3.69821428571429,1.41447359813602,0.238601653407099,0.607119885046453,0.579742420577686,"XLOC-012512#MLRP1-ACRMI#B3EWZ5",1
"GO:1902669","GO:1902669","positive regulation of axon guidance","1/80","21/6213",0.0476190476190476,3.69821428571429,1.41447359813602,0.238601653407099,0.607119885046453,0.579742420577686,"XLOC-002903#FZD1-XENLA#Q9I9M5",1
"GO:0030003","GO:0030003","intracellular monoatomic cation homeostasis","5/80","259/6213",0.0193050193050193,1.49927606177606,0.937368695130987,0.240284874355875,0.61011022008754,0.582597909448595,"gene-evm.model.ptg000004l.110#SODC-ONCVO#P24706/XLOC-020392#PRSS8-RAT#Q9ES87/XLOC-008866#MCUR1-MOUSE#Q9CXD6/XLOC-024417#HEPHL-ACRMI#B3EWZ9/gene-evm.model.ptg000003l.459#ZNT1-MACFA#Q4R6K2",5
"GO:0032787","GO:0032787","monocarboxylic acid metabolic process","5/80","259/6213",0.0193050193050193,1.49927606177606,0.937368695130987,0.240284874355875,0.61011022008754,0.582597909448595,"XLOC-027061#PRSS8-HUMAN#Q16651/XLOC-026524#KLKB1-RAT#P14272/novel-gene-chr4-9990#ACOD-SHEEP#O62849/XLOC-025592#GBA2-RAT#Q5M868/XLOC-025017#CP3AO-SHEEP#Q29496",5
"GO:0030307","GO:0030307","positive regulation of cell growth","3/80","132/6213",0.0227272727272727,1.76505681818182,1.01465263725125,0.241259215760172,0.61017392322789,0.582658739959495,"XLOC-007156#KALRN-MOUSE#A2CG49/novel-gene-chr14-11626#novel-gene-chr14-11626/XLOC-002903#FZD1-XENLA#Q9I9M5",3
"GO:0032273","GO:0032273","positive regulation of protein polymerization","2/80","73/6213",0.0273972602739726,2.1277397260274,1.10690502352921,0.24185611298828,0.61017392322789,0.582658739959495,"XLOC-007156#KALRN-MOUSE#A2CG49/gene-evm.model.ptg000018l.1280#NCK2-HUMAN#O43639",2
"GO:0050708","GO:0050708","regulation of protein secretion","4/80","195/6213",0.0205128205128205,1.59307692307692,0.961006830303579,0.242307026063633,0.61017392322789,0.582658739959495,"XLOC-026157#AP2D-HUMAN#Q7Z6R9/XLOC-003023#FCN2-MOUSE#O70497/XLOC-014474#TMPS5-HUMAN#Q9H3S3/novel-gene-chr14-11626#novel-gene-chr14-11626",4
"GO:0050778","GO:0050778","positive regulation of immune response","4/80","195/6213",0.0205128205128205,1.59307692307692,0.961006830303579,0.242307026063633,0.61017392322789,0.582658739959495,"XLOC-003023#FCN2-MOUSE#O70497/XLOC-002398#SVEP1-DANRE#A0A1D5NSM8/novel-gene-chr14-11626#novel-gene-chr14-11626/gene-evm.model.ptg000018l.1280#NCK2-HUMAN#O43639",4
"GO:0098552","GO:0098552","side of membrane","4/80","195/6213",0.0205128205128205,1.59307692307692,0.961006830303579,0.242307026063633,0.61017392322789,0.582658739959495,"XLOC-003023#FCN2-MOUSE#O70497/gene-evm.model.ptg000035l.378#TRLF-DESRO#K9IMD0/XLOC-002398#SVEP1-DANRE#A0A1D5NSM8/XLOC-002354#DAB2P-MOUSE#Q3UHC7",4
"GO:0005770","GO:0005770","late endosome","3/80","133/6213",0.0225563909774436,1.75178571428571,1.00090379141574,0.2447109950923,0.61017392322789,0.582658739959495,"XLOC-011926#PKHF2-CHICK#Q5ZLY5/XLOC-012867#MLP3A-BOVIN#Q2HJ23/XLOC-003485#CTNS-HUMAN#O60931",3
"GO:0006469","GO:0006469","negative regulation of protein kinase activity","3/80","133/6213",0.0225563909774436,1.75178571428571,1.00090379141574,0.2447109950923,0.61017392322789,0.582658739959495,"XLOC-020938#SPB6-MOUSE#Q60854/gene-evm.model.ptg000018l.1280#NCK2-HUMAN#O43639/XLOC-002354#DAB2P-MOUSE#Q3UHC7",3
"GO:0016323","GO:0016323","basolateral plasma membrane","3/80","133/6213",0.0225563909774436,1.75178571428571,1.00090379141574,0.2447109950923,0.61017392322789,0.582658739959495,"XLOC-024417#HEPHL-ACRMI#B3EWZ9/XLOC-013451#S38A2-CHICK#Q5F468/gene-evm.model.ptg000003l.459#ZNT1-MACFA#Q4R6K2",3
"GO:0051047","GO:0051047","positive regulation of secretion","4/80","196/6213",0.0204081632653061,1.58494897959184,0.950342720272761,0.245116206746216,0.61017392322789,0.582658739959495,"XLOC-003023#FCN2-MOUSE#O70497/XLOC-007156#KALRN-MOUSE#A2CG49/XLOC-014474#TMPS5-HUMAN#Q9H3S3/novel-gene-chr14-11626#novel-gene-chr14-11626",4
"GO:0030968","GO:0030968","endoplasmic reticulum unfolded protein response","2/80","74/6213",0.027027027027027,2.09898648648649,1.08613455308115,0.246642852006895,0.61017392322789,0.582658739959495,"gene-evm.model.ptg000055l.299#TPP1-DANRE#F8W2M8/novel-gene-chr14-11626#novel-gene-chr14-11626",2
"GO:0042471","GO:0042471","ear morphogenesis","2/80","74/6213",0.027027027027027,2.09898648648649,1.08613455308115,0.246642852006895,0.61017392322789,0.582658739959495,"gene-evm.model.ptg000004l.110#SODC-ONCVO#P24706/XLOC-026157#AP2D-HUMAN#Q7Z6R9",2
"GO:0001569","GO:0001569","branching involved in blood vessel morphogenesis","1/80","22/6213",0.0454545454545455,3.53011363636364,1.35767305975636,0.248438841347575,0.61017392322789,0.582658739959495,"XLOC-001851#TBX20-MOUSE#Q9ES03",1
"GO:0001990","GO:0001990","regulation of systemic arterial blood pressure by hormone","1/80","22/6213",0.0454545454545455,3.53011363636364,1.35767305975636,0.248438841347575,0.61017392322789,0.582658739959495,"XLOC-008889#CATZ-BOVIN#P05689",1
"GO:0007271","GO:0007271","synaptic transmission, cholinergic","1/80","22/6213",0.0454545454545455,3.53011363636364,1.35767305975636,0.248438841347575,0.61017392322789,0.582658739959495,"XLOC-000011#NID2-RAT#B5DFC9",1
"GO:0008078","GO:0008078","mesodermal cell migration","1/80","22/6213",0.0454545454545455,3.53011363636364,1.35767305975636,0.248438841347575,0.61017392322789,0.582658739959495,"XLOC-007156#KALRN-MOUSE#A2CG49",1
"GO:0010669","GO:0010669","epithelial structure maintenance","1/80","22/6213",0.0454545454545455,3.53011363636364,1.35767305975636,0.248438841347575,0.61017392322789,0.582658739959495,"XLOC-011359#CROCC-HUMAN#Q5TZA2",1
"GO:0019369","GO:0019369","arachidonate metabolic process","1/80","22/6213",0.0454545454545455,3.53011363636364,1.35767305975636,0.248438841347575,0.61017392322789,0.582658739959495,"XLOC-025017#CP3AO-SHEEP#Q29496",1
"GO:0035151","GO:0035151","regulation of tube size, open tracheal system","1/80","22/6213",0.0454545454545455,3.53011363636364,1.35767305975636,0.248438841347575,0.61017392322789,0.582658739959495,"XLOC-002903#FZD1-XENLA#Q9I9M5",1
"GO:0042755","GO:0042755","eating behavior","1/80","22/6213",0.0454545454545455,3.53011363636364,1.35767305975636,0.248438841347575,0.61017392322789,0.582658739959495,"XLOC-000900#NAS4-CAEEL#P55112",1
"GO:0043051","GO:0043051","regulation of nematode pharyngeal pumping","1/80","22/6213",0.0454545454545455,3.53011363636364,1.35767305975636,0.248438841347575,0.61017392322789,0.582658739959495,"XLOC-003461#NFIC-MOUSE#P70255",1
"GO:0043550","GO:0043550","regulation of lipid kinase activity","1/80","22/6213",0.0454545454545455,3.53011363636364,1.35767305975636,0.248438841347575,0.61017392322789,0.582658739959495,"XLOC-002354#DAB2P-MOUSE#Q3UHC7",1
"GO:0044273","GO:0044273","sulfur compound catabolic process","1/80","22/6213",0.0454545454545455,3.53011363636364,1.35767305975636,0.248438841347575,0.61017392322789,0.582658739959495,"XLOC-012475#BGAL-FELCA#O19015",1
"GO:0046456","GO:0046456","icosanoid biosynthetic process","1/80","22/6213",0.0454545454545455,3.53011363636364,1.35767305975636,0.248438841347575,0.61017392322789,0.582658739959495,"XLOC-025017#CP3AO-SHEEP#Q29496",1
"GO:0048048","GO:0048048","embryonic eye morphogenesis","1/80","22/6213",0.0454545454545455,3.53011363636364,1.35767305975636,0.248438841347575,0.61017392322789,0.582658739959495,"XLOC-026157#AP2D-HUMAN#Q7Z6R9",1
"GO:0051955","GO:0051955","regulation of amino acid transport","1/80","22/6213",0.0454545454545455,3.53011363636364,1.35767305975636,0.248438841347575,0.61017392322789,0.582658739959495,"XLOC-013451#S38A2-CHICK#Q5F468",1
"GO:0060043","GO:0060043","regulation of cardiac muscle cell proliferation","1/80","22/6213",0.0454545454545455,3.53011363636364,1.35767305975636,0.248438841347575,0.61017392322789,0.582658739959495,"XLOC-001851#TBX20-MOUSE#Q9ES03",1
"GO:0061733","GO:0061733","protein-lysine-acetyltransferase activity","1/80","22/6213",0.0454545454545455,3.53011363636364,1.35767305975636,0.248438841347575,0.61017392322789,0.582658739959495,"novel-gene-chr14-11626#novel-gene-chr14-11626",1
"GO:0071542","GO:0071542","dopaminergic neuron differentiation","1/80","22/6213",0.0454545454545455,3.53011363636364,1.35767305975636,0.248438841347575,0.61017392322789,0.582658739959495,"XLOC-002903#FZD1-XENLA#Q9I9M5",1
"GO:0071577","GO:0071577","zinc ion transmembrane transport","1/80","22/6213",0.0454545454545455,3.53011363636364,1.35767305975636,0.248438841347575,0.61017392322789,0.582658739959495,"gene-evm.model.ptg000003l.459#ZNT1-MACFA#Q4R6K2",1
"GO:0086003","GO:0086003","cardiac muscle cell contraction","1/80","22/6213",0.0454545454545455,3.53011363636364,1.35767305975636,0.248438841347575,0.61017392322789,0.582658739959495,"XLOC-022444#SNTB1-HUMAN#Q13884",1
"GO:1900744","GO:1900744","regulation of p38MAPK cascade","1/80","22/6213",0.0454545454545455,3.53011363636364,1.35767305975636,0.248438841347575,0.61017392322789,0.582658739959495,"XLOC-002354#DAB2P-MOUSE#Q3UHC7",1
"GO:1902175","GO:1902175","regulation of oxidative stress-induced intrinsic apoptotic signaling pathway","1/80","22/6213",0.0454545454545455,3.53011363636364,1.35767305975636,0.248438841347575,0.61017392322789,0.582658739959495,"gene-evm.model.ptg000004l.110#SODC-ONCVO#P24706",1
"GO:0006955","GO:0006955","immune response","8/80","466/6213",0.0171673819742489,1.33326180257511,0.854244386299981,0.249535715059044,0.61224186677408,0.584633431658145,"XLOC-020938#SPB6-MOUSE#Q60854/XLOC-008889#CATZ-BOVIN#P05689/XLOC-012475#BGAL-FELCA#O19015/gene-evm.model.ptg000027l.443#PCP-PONAB#Q5RBU7/XLOC-003023#FCN2-MOUSE#O70497/XLOC-002968#GILT-DANRE#Q5XJN2/XLOC-002398#SVEP1-DANRE#A0A1D5NSM8/XLOC-010998#MA2B1-MACFA#Q60HE9",8
"GO:0030278","GO:0030278","regulation of ossification","2/80","75/6213",0.0266666666666667,2.071,1.06569001130187,0.251433511018772,0.613938125170366,0.586253198977268,"XLOC-026157#AP2D-HUMAN#Q7Z6R9/XLOC-002903#FZD1-XENLA#Q9I9M5",2
"GO:0048066","GO:0048066","developmental pigmentation","2/80","75/6213",0.0266666666666667,2.071,1.06569001130187,0.251433511018772,0.613938125170366,0.586253198977268,"XLOC-026157#AP2D-HUMAN#Q7Z6R9/gene-evm.model.ptg000024l.134#LRMDA-MOUSE#Q9D9B4",2
"GO:0006839","GO:0006839","mitochondrial transport","3/80","135/6213",0.0222222222222222,1.72583333333333,0.973750469359954,0.251639120993937,0.613938125170366,0.586253198977268,"XLOC-015778#STPG1-XENLA#Q3KQ80/XLOC-008866#MCUR1-MOUSE#Q9CXD6/XLOC-010359#IMP1L-HUMAN#Q96LU5",3
"GO:0001501","GO:0001501","skeletal system development","4/80","199/6213",0.0201005025125628,1.56105527638191,0.918702106133774,0.253588709210998,0.613938125170366,0.586253198977268,"gene-evm.model.ptg000022l.488#RBGP1-MOUSE#A2AWA9/XLOC-026157#AP2D-HUMAN#Q7Z6R9/XLOC-000223#BMP1-MOUSE#P98063/novel-gene-chr14-11626#novel-gene-chr14-11626",4
"GO:0043025","GO:0043025","neuronal cell body","7/80","400/6213",0.0175,1.35909375,0.847933737348383,0.254843003679375,0.613938125170366,0.586253198977268,"gene-evm.model.ptg000004l.110#SODC-ONCVO#P24706/XLOC-026168#CTRB1-MOUSE#Q9CR35/XLOC-007156#KALRN-MOUSE#A2CG49/XLOC-021538#RPGP1-HUMAN#P47736/XLOC-013451#S38A2-CHICK#Q5F468/XLOC-000920#RB6I2-RAT#Q811U3/XLOC-002354#DAB2P-MOUSE#Q3UHC7",7
"GO:0007635","GO:0007635","chemosensory behavior","2/80","76/6213",0.0263157894736842,2.04375,1.04556119794136,0.256227207620574,0.613938125170366,0.586253198977268,"XLOC-007156#KALRN-MOUSE#A2CG49/XLOC-021538#RPGP1-HUMAN#P47736",2
"GO:0034614","GO:0034614","cellular response to reactive oxygen species","2/80","76/6213",0.0263157894736842,2.04375,1.04556119794136,0.256227207620574,0.613938125170366,0.586253198977268,"gene-evm.model.ptg000004l.110#SODC-ONCVO#P24706/XLOC-012867#MLP3A-BOVIN#Q2HJ23",2
"GO:0006790","GO:0006790","sulfur compound metabolic process","4/80","200/6213",0.02,1.55325,0.908270174493146,0.256427171555811,0.613938125170366,0.586253198977268,"gene-evm.model.ptg000004l.110#SODC-ONCVO#P24706/XLOC-012475#BGAL-FELCA#O19015/novel-gene-chr4-9990#ACOD-SHEEP#O62849/XLOC-003485#CTNS-HUMAN#O60931",4
"GO:0051098","GO:0051098","regulation of binding","4/80","200/6213",0.02,1.55325,0.908270174493146,0.256427171555811,0.613938125170366,0.586253198977268,"XLOC-008889#CATZ-BOVIN#P05689/XLOC-015778#STPG1-XENLA#Q3KQ80/novel-gene-chr14-11626#novel-gene-chr14-11626/XLOC-002354#DAB2P-MOUSE#Q3UHC7",4
"GO:0005198","GO:0005198","structural molecule activity","5/80","266/6213",0.018796992481203,1.45982142857143,0.875397476046619,0.257317057698727,0.613938125170366,0.586253198977268,"XLOC-010884#QOR-RAT#Q6AYT0/XLOC-000011#NID2-RAT#B5DFC9/XLOC-022444#SNTB1-HUMAN#Q13884/XLOC-011359#CROCC-HUMAN#Q5TZA2/gene-evm.model.ptg000018l.1280#NCK2-HUMAN#O43639",5
"GO:0000303","GO:0000303","response to superoxide","1/80","23/6213",0.0434782608695652,3.37663043478261,1.30408074499175,0.258150502257315,0.613938125170366,0.586253198977268,"gene-evm.model.ptg000004l.110#SODC-ONCVO#P24706",1
"GO:0000413","GO:0000413","protein peptidyl-prolyl isomerization","1/80","23/6213",0.0434782608695652,3.37663043478261,1.30408074499175,0.258150502257315,0.613938125170366,0.586253198977268,"XLOC-006516#FKBP9-BOVIN#Q2KJC8",1
"GO:0001825","GO:0001825","blastocyst formation","1/80","23/6213",0.0434782608695652,3.37663043478261,1.30408074499175,0.258150502257315,0.613938125170366,0.586253198977268,"XLOC-026157#AP2D-HUMAN#Q7Z6R9",1
"GO:0003755","GO:0003755","peptidyl-prolyl cis-trans isomerase activity","1/80","23/6213",0.0434782608695652,3.37663043478261,1.30408074499175,0.258150502257315,0.613938125170366,0.586253198977268,"XLOC-006516#FKBP9-BOVIN#Q2KJC8",1
"GO:0005109","GO:0005109","frizzled binding","1/80","23/6213",0.0434782608695652,3.37663043478261,1.30408074499175,0.258150502257315,0.613938125170366,0.586253198977268,"XLOC-002903#FZD1-XENLA#Q9I9M5",1
"GO:0006517","GO:0006517","protein deglycosylation","1/80","23/6213",0.0434782608695652,3.37663043478261,1.30408074499175,0.258150502257315,0.613938125170366,0.586253198977268,"XLOC-010998#MA2B1-MACFA#Q60HE9",1
"GO:0006692","GO:0006692","prostanoid metabolic process","1/80","23/6213",0.0434782608695652,3.37663043478261,1.30408074499175,0.258150502257315,0.613938125170366,0.586253198977268,"XLOC-025017#CP3AO-SHEEP#Q29496",1
"GO:0006693","GO:0006693","prostaglandin metabolic process","1/80","23/6213",0.0434782608695652,3.37663043478261,1.30408074499175,0.258150502257315,0.613938125170366,0.586253198977268,"XLOC-025017#CP3AO-SHEEP#Q29496",1
"GO:0007628","GO:0007628","adult walking behavior","1/80","23/6213",0.0434782608695652,3.37663043478261,1.30408074499175,0.258150502257315,0.613938125170366,0.586253198977268,"XLOC-003485#CTNS-HUMAN#O60931",1
"GO:0008519","GO:0008519","ammonium channel activity","1/80","23/6213",0.0434782608695652,3.37663043478261,1.30408074499175,0.258150502257315,0.613938125170366,0.586253198977268,"XLOC-022444#SNTB1-HUMAN#Q13884",1
"GO:0010633","GO:0010633","negative regulation of epithelial cell migration","1/80","23/6213",0.0434782608695652,3.37663043478261,1.30408074499175,0.258150502257315,0.613938125170366,0.586253198977268,"XLOC-002354#DAB2P-MOUSE#Q3UHC7",1
"GO:0021884","GO:0021884","forebrain neuron development","1/80","23/6213",0.0434782608695652,3.37663043478261,1.30408074499175,0.258150502257315,0.613938125170366,0.586253198977268,"XLOC-026157#AP2D-HUMAN#Q7Z6R9",1
"GO:0030947","GO:0030947","regulation of vascular endothelial growth factor receptor signaling pathway","1/80","23/6213",0.0434782608695652,3.37663043478261,1.30408074499175,0.258150502257315,0.613938125170366,0.586253198977268,"XLOC-002354#DAB2P-MOUSE#Q3UHC7",1
"GO:0031076","GO:0031076","embryonic camera-type eye development","1/80","23/6213",0.0434782608695652,3.37663043478261,1.30408074499175,0.258150502257315,0.613938125170366,0.586253198977268,"XLOC-026157#AP2D-HUMAN#Q7Z6R9",1
"GO:0042220","GO:0042220","response to cocaine","1/80","23/6213",0.0434782608695652,3.37663043478261,1.30408074499175,0.258150502257315,0.613938125170366,0.586253198977268,"XLOC-007156#KALRN-MOUSE#A2CG49",1
"GO:0070316","GO:0070316","regulation of G0 to G1 transition","1/80","23/6213",0.0434782608695652,3.37663043478261,1.30408074499175,0.258150502257315,0.613938125170366,0.586253198977268,"XLOC-002354#DAB2P-MOUSE#Q3UHC7",1
"GO:0072332","GO:0072332","intrinsic apoptotic signaling pathway by p53 class mediator","1/80","23/6213",0.0434782608695652,3.37663043478261,1.30408074499175,0.258150502257315,0.613938125170366,0.586253198977268,"novel-gene-chr14-11626#novel-gene-chr14-11626",1
"GO:0072488","GO:0072488","ammonium transmembrane transport","1/80","23/6213",0.0434782608695652,3.37663043478261,1.30408074499175,0.258150502257315,0.613938125170366,0.586253198977268,"XLOC-022444#SNTB1-HUMAN#Q13884",1
"GO:0090659","GO:0090659","walking behavior","1/80","23/6213",0.0434782608695652,3.37663043478261,1.30408074499175,0.258150502257315,0.613938125170366,0.586253198977268,"XLOC-003485#CTNS-HUMAN#O60931",1
"GO:0098586","GO:0098586","cellular response to virus","1/80","23/6213",0.0434782608695652,3.37663043478261,1.30408074499175,0.258150502257315,0.613938125170366,0.586253198977268,"novel-gene-chr14-11626#novel-gene-chr14-11626",1
"GO:2001222","GO:2001222","regulation of neuron migration","1/80","23/6213",0.0434782608695652,3.37663043478261,1.30408074499175,0.258150502257315,0.613938125170366,0.586253198977268,"XLOC-002354#DAB2P-MOUSE#Q3UHC7",1
"GO:0001655","GO:0001655","urogenital system development","4/80","201/6213",0.0199004975124378,1.5455223880597,0.897894592423894,0.259272436753831,0.615387740200299,0.587637445066152,"XLOC-026157#AP2D-HUMAN#Q7Z6R9/XLOC-013453#FCN1-PIG#Q29042/XLOC-019944#FCN1-HUMAN#O00602/XLOC-001851#TBX20-MOUSE#Q9ES03",4
"GO:0035282","GO:0035282","segmentation","4/80","201/6213",0.0199004975124378,1.5455223880597,0.897894592423894,0.259272436753831,0.615387740200299,0.587637445066152,"XLOC-026157#AP2D-HUMAN#Q7Z6R9/XLOC-000223#BMP1-MOUSE#P98063/novel-gene-chr14-11626#novel-gene-chr14-11626/XLOC-002903#FZD1-XENLA#Q9I9M5",4
"GO:0016477","GO:0016477","cell migration","8/80","473/6213",0.0169133192389006,1.31353065539112,0.810175058468383,0.262438209747061,0.618967468135113,0.591055748747277,"XLOC-000011#NID2-RAT#B5DFC9/gene-evm.model.ptg000035l.378#TRLF-DESRO#K9IMD0/XLOC-007156#KALRN-MOUSE#A2CG49/XLOC-001851#TBX20-MOUSE#Q9ES03/novel-gene-chr14-11626#novel-gene-chr14-11626/XLOC-002903#FZD1-XENLA#Q9I9M5/gene-evm.model.ptg000018l.1280#NCK2-HUMAN#O43639/XLOC-002354#DAB2P-MOUSE#Q3UHC7",8
"GO:0045664","GO:0045664","regulation of neuron differentiation","7/80","404/6213",0.0173267326732673,1.34563737623762,0.820511984335428,0.262841468847361,0.618967468135113,0.591055748747277,"XLOC-008889#CATZ-BOVIN#P05689/XLOC-026157#AP2D-HUMAN#Q7Z6R9/XLOC-007156#KALRN-MOUSE#A2CG49/novel-gene-chr14-11626#novel-gene-chr14-11626/XLOC-002903#FZD1-XENLA#Q9I9M5/gene-evm.model.ptg000018l.1280#NCK2-HUMAN#O43639/XLOC-002354#DAB2P-MOUSE#Q3UHC7",7
"GO:0051056","GO:0051056","regulation of small GTPase mediated signal transduction","3/80","139/6213",0.0215827338129496,1.6761690647482,0.920766560437223,0.265583046821215,0.618967468135113,0.591055748747277,"XLOC-007156#KALRN-MOUSE#A2CG49/gene-evm.model.ptg000003l.459#ZNT1-MACFA#Q4R6K2/XLOC-002354#DAB2P-MOUSE#Q3UHC7",3
"GO:0001841","GO:0001841","neural tube formation","2/80","78/6213",0.0256410256410256,1.99134615384615,1.00621219948121,0.265820291173453,0.618967468135113,0.591055748747277,"XLOC-026157#AP2D-HUMAN#Q7Z6R9/XLOC-002903#FZD1-XENLA#Q9I9M5",2
"GO:0035108","GO:0035108","limb morphogenesis","2/80","78/6213",0.0256410256410256,1.99134615384615,1.00621219948121,0.265820291173453,0.618967468135113,0.591055748747277,"XLOC-026157#AP2D-HUMAN#Q7Z6R9/novel-gene-chr14-11626#novel-gene-chr14-11626",2
"GO:0046887","GO:0046887","positive regulation of hormone secretion","2/80","78/6213",0.0256410256410256,1.99134615384615,1.00621219948121,0.265820291173453,0.618967468135113,0.591055748747277,"XLOC-007156#KALRN-MOUSE#A2CG49/XLOC-014474#TMPS5-HUMAN#Q9H3S3",2
"GO:0006026","GO:0006026","aminoglycan catabolic process","1/80","24/6213",0.0416666666666667,3.2359375,1.25336993800876,0.267738217898577,0.618967468135113,0.591055748747277,"XLOC-012475#BGAL-FELCA#O19015",1
"GO:0006829","GO:0006829","zinc ion transport","1/80","24/6213",0.0416666666666667,3.2359375,1.25336993800876,0.267738217898577,0.618967468135113,0.591055748747277,"gene-evm.model.ptg000003l.459#ZNT1-MACFA#Q4R6K2",1
"GO:0007310","GO:0007310","oocyte dorsal/ventral axis specification","1/80","24/6213",0.0416666666666667,3.2359375,1.25336993800876,0.267738217898577,0.618967468135113,0.591055748747277,"XLOC-000223#BMP1-MOUSE#P98063",1
"GO:0008363","GO:0008363","larval chitin-based cuticle development","1/80","24/6213",0.0416666666666667,3.2359375,1.25336993800876,0.267738217898577,0.618967468135113,0.591055748747277,"XLOC-002903#FZD1-XENLA#Q9I9M5",1
"GO:0008586","GO:0008586","imaginal disc-derived wing vein morphogenesis","1/80","24/6213",0.0416666666666667,3.2359375,1.25336993800876,0.267738217898577,0.618967468135113,0.591055748747277,"XLOC-000223#BMP1-MOUSE#P98063",1
"GO:0010712","GO:0010712","regulation of collagen metabolic process","1/80","24/6213",0.0416666666666667,3.2359375,1.25336993800876,0.267738217898577,0.618967468135113,0.591055748747277,"novel-gene-chr14-11626#novel-gene-chr14-11626",1
"GO:0030301","GO:0030301","cholesterol transport","1/80","24/6213",0.0416666666666667,3.2359375,1.25336993800876,0.267738217898577,0.618967468135113,0.591055748747277,"XLOC-002962#LIPP-ICTTR#O88354",1
"GO:0032228","GO:0032228","regulation of synaptic transmission, GABAergic","1/80","24/6213",0.0416666666666667,3.2359375,1.25336993800876,0.267738217898577,0.618967468135113,0.591055748747277,"XLOC-007156#KALRN-MOUSE#A2CG49",1
"GO:0032413","GO:0032413","negative regulation of ion transmembrane transporter activity","1/80","24/6213",0.0416666666666667,3.2359375,1.25336993800876,0.267738217898577,0.618967468135113,0.591055748747277,"XLOC-022444#SNTB1-HUMAN#Q13884",1
"GO:0042337","GO:0042337","cuticle development involved in chitin-based cuticle molting cycle","1/80","24/6213",0.0416666666666667,3.2359375,1.25336993800876,0.267738217898577,0.618967468135113,0.591055748747277,"XLOC-002903#FZD1-XENLA#Q9I9M5",1
"GO:0042887","GO:0042887","amide transmembrane transporter activity","1/80","24/6213",0.0416666666666667,3.2359375,1.25336993800876,0.267738217898577,0.618967468135113,0.591055748747277,"XLOC-013451#S38A2-CHICK#Q5F468",1
"GO:0045682","GO:0045682","regulation of epidermis development","1/80","24/6213",0.0416666666666667,3.2359375,1.25336993800876,0.267738217898577,0.618967468135113,0.591055748747277,"XLOC-026157#AP2D-HUMAN#Q7Z6R9",1
"GO:0046849","GO:0046849","bone remodeling","1/80","24/6213",0.0416666666666667,3.2359375,1.25336993800876,0.267738217898577,0.618967468135113,0.591055748747277,"gene-evm.model.ptg000055l.299#TPP1-DANRE#F8W2M8",1
"GO:0051180","GO:0051180","vitamin transport","1/80","24/6213",0.0416666666666667,3.2359375,1.25336993800876,0.267738217898577,0.618967468135113,0.591055748747277,"gene-evm.model.ptg000005l.755#RBP-CHICK#P02752",1
"GO:0060026","GO:0060026","convergent extension","1/80","24/6213",0.0416666666666667,3.2359375,1.25336993800876,0.267738217898577,0.618967468135113,0.591055748747277,"XLOC-002903#FZD1-XENLA#Q9I9M5",1
"GO:0060465","GO:0060465","pharynx development","1/80","24/6213",0.0416666666666667,3.2359375,1.25336993800876,0.267738217898577,0.618967468135113,0.591055748747277,"XLOC-000900#NAS4-CAEEL#P55112",1
"GO:0070059","GO:0070059","intrinsic apoptotic signaling pathway in response to endoplasmic reticulum stress","1/80","24/6213",0.0416666666666667,3.2359375,1.25336993800876,0.267738217898577,0.618967468135113,0.591055748747277,"XLOC-002354#DAB2P-MOUSE#Q3UHC7",1
"GO:0071616","GO:0071616","acyl-CoA biosynthetic process","1/80","24/6213",0.0416666666666667,3.2359375,1.25336993800876,0.267738217898577,0.618967468135113,0.591055748747277,"novel-gene-chr4-9990#ACOD-SHEEP#O62849",1
"GO:0086001","GO:0086001","cardiac muscle cell action potential","1/80","24/6213",0.0416666666666667,3.2359375,1.25336993800876,0.267738217898577,0.618967468135113,0.591055748747277,"XLOC-022444#SNTB1-HUMAN#Q13884",1
"GO:0090322","GO:0090322","regulation of superoxide metabolic process","1/80","24/6213",0.0416666666666667,3.2359375,1.25336993800876,0.267738217898577,0.618967468135113,0.591055748747277,"gene-evm.model.ptg000004l.110#SODC-ONCVO#P24706",1
"GO:1902235","GO:1902235","regulation of endoplasmic reticulum stress-induced intrinsic apoptotic signaling pathway","1/80","24/6213",0.0416666666666667,3.2359375,1.25336993800876,0.267738217898577,0.618967468135113,0.591055748747277,"gene-evm.model.ptg000018l.1280#NCK2-HUMAN#O43639",1
"GO:0061061","GO:0061061","muscle structure development","6/80","338/6213",0.0177514792899408,1.37862426035503,0.81749873121231,0.268133503371434,0.619285264517486,0.591359214419388,"gene-evm.model.ptg000035l.378#TRLF-DESRO#K9IMD0/XLOC-022444#SNTB1-HUMAN#Q13884/XLOC-001851#TBX20-MOUSE#Q9ES03/novel-gene-chr14-11626#novel-gene-chr14-11626/XLOC-002903#FZD1-XENLA#Q9I9M5/XLOC-026683#ADA19-HUMAN#Q9H013",6
"GO:0046883","GO:0046883","regulation of hormone secretion","3/80","140/6213",0.0214285714285714,1.66419642857143,0.907785304545453,0.269085124524108,0.620886137470612,0.592887897606584,"XLOC-026157#AP2D-HUMAN#Q7Z6R9/XLOC-007156#KALRN-MOUSE#A2CG49/XLOC-014474#TMPS5-HUMAN#Q9H3S3",3
"GO:0008234","GO:0008234","cysteine-type peptidase activity","2/80","79/6213",0.0253164556962025,1.96613924050633,0.986973781934108,0.270618019329403,0.62382387949062,0.595693165086139,"XLOC-015868#XLOC-015868/XLOC-008889#CATZ-BOVIN#P05689",2
"GO:0032535","GO:0032535","regulation of cellular component size","5/80","272/6213",0.0183823529411765,1.42761948529412,0.82363804095567,0.272153368511294,0.624032734724359,0.59589260220184,"XLOC-015776#RET-HUMAN#P07949/XLOC-007156#KALRN-MOUSE#A2CG49/novel-gene-chr14-11626#novel-gene-chr14-11626/XLOC-002903#FZD1-XENLA#Q9I9M5/gene-evm.model.ptg000018l.1280#NCK2-HUMAN#O43639",5
"GO:0048534","GO:0048534","hematopoietic or lymphoid organ development","6/80","341/6213",0.0175953079178886,1.36649560117302,0.795018376237288,0.27480214732366,0.624032734724359,0.59589260220184,"gene-evm.model.ptg000004l.110#SODC-ONCVO#P24706/gene-evm.model.ptg000022l.488#RBGP1-MOUSE#A2AWA9/XLOC-000223#BMP1-MOUSE#P98063/XLOC-002398#SVEP1-DANRE#A0A1D5NSM8/XLOC-001851#TBX20-MOUSE#Q9ES03/novel-gene-chr14-11626#novel-gene-chr14-11626",6
"GO:0005774","GO:0005774","vacuolar membrane","3/80","142/6213",0.0211267605633803,1.64075704225352,0.882128144250109,0.276106045103663,0.624032734724359,0.59589260220184,"gene-evm.model.ptg000027l.443#PCP-PONAB#Q5RBU7/XLOC-012867#MLP3A-BOVIN#Q2HJ23/XLOC-003485#CTNS-HUMAN#O60931",3
"GO:0000305","GO:0000305","response to oxygen radical","1/80","25/6213",0.04,3.1065,1.20525946291193,0.277203550354243,0.624032734724359,0.59589260220184,"gene-evm.model.ptg000004l.110#SODC-ONCVO#P24706",1
"GO:0007638","GO:0007638","mechanosensory behavior","1/80","25/6213",0.04,3.1065,1.20525946291193,0.277203550354243,0.624032734724359,0.59589260220184,"XLOC-011359#CROCC-HUMAN#Q5TZA2",1
"GO:0008355","GO:0008355","olfactory learning","1/80","25/6213",0.04,3.1065,1.20525946291193,0.277203550354243,0.624032734724359,0.59589260220184,"XLOC-021538#RPGP1-HUMAN#P47736",1
"GO:0010559","GO:0010559","regulation of glycoprotein biosynthetic process","1/80","25/6213",0.04,3.1065,1.20525946291193,0.277203550354243,0.624032734724359,0.59589260220184,"novel-gene-chr14-11626#novel-gene-chr14-11626",1
"GO:0030032","GO:0030032","lamellipodium assembly","1/80","25/6213",0.04,3.1065,1.20525946291193,0.277203550354243,0.624032734724359,0.59589260220184,"gene-evm.model.ptg000018l.1280#NCK2-HUMAN#O43639",1
"GO:0031365","GO:0031365","N-terminal protein amino acid modification","1/80","25/6213",0.04,3.1065,1.20525946291193,0.277203550354243,0.624032734724359,0.59589260220184,"novel-gene-chr14-11626#novel-gene-chr14-11626",1
"GO:0032922","GO:0032922","circadian regulation of gene expression","1/80","25/6213",0.04,3.1065,1.20525946291193,0.277203550354243,0.624032734724359,0.59589260220184,"novel-gene-chr14-11626#novel-gene-chr14-11626",1
"GO:0033116","GO:0033116","endoplasmic reticulum-Golgi intermediate compartment membrane","1/80","25/6213",0.04,3.1065,1.20525946291193,0.277203550354243,0.624032734724359,0.59589260220184,"XLOC-008889#CATZ-BOVIN#P05689",1
"GO:0033619","GO:0033619","membrane protein proteolysis","1/80","25/6213",0.04,3.1065,1.20525946291193,0.277203550354243,0.624032734724359,0.59589260220184,"XLOC-020392#PRSS8-RAT#Q9ES87",1
"GO:0034212","GO:0034212","protein N-acetyltransferase activity","1/80","25/6213",0.04,3.1065,1.20525946291193,0.277203550354243,0.624032734724359,0.59589260220184,"novel-gene-chr14-11626#novel-gene-chr14-11626",1
"GO:0034260","GO:0034260","negative regulation of GTPase activity","1/80","25/6213",0.04,3.1065,1.20525946291193,0.277203550354243,0.624032734724359,0.59589260220184,"XLOC-002354#DAB2P-MOUSE#Q3UHC7",1
"GO:0035206","GO:0035206","regulation of hemocyte proliferation","1/80","25/6213",0.04,3.1065,1.20525946291193,0.277203550354243,0.624032734724359,0.59589260220184,"XLOC-002903#FZD1-XENLA#Q9I9M5",1
"GO:0040026","GO:0040026","positive regulation of vulval development","1/80","25/6213",0.04,3.1065,1.20525946291193,0.277203550354243,0.624032734724359,0.59589260220184,"gene-evm.model.ptg000003l.459#ZNT1-MACFA#Q4R6K2",1
"GO:0045445","GO:0045445","myoblast differentiation","1/80","25/6213",0.04,3.1065,1.20525946291193,0.277203550354243,0.624032734724359,0.59589260220184,"gene-evm.model.ptg000035l.378#TRLF-DESRO#K9IMD0",1
"GO:0045540","GO:0045540","regulation of cholesterol biosynthetic process","1/80","25/6213",0.04,3.1065,1.20525946291193,0.277203550354243,0.624032734724359,0.59589260220184,"gene-evm.model.ptg000004l.110#SODC-ONCVO#P24706",1
"GO:0045838","GO:0045838","positive regulation of membrane potential","1/80","25/6213",0.04,3.1065,1.20525946291193,0.277203550354243,0.624032734724359,0.59589260220184,"XLOC-003485#CTNS-HUMAN#O60931",1
"GO:0046782","GO:0046782","regulation of viral transcription","1/80","25/6213",0.04,3.1065,1.20525946291193,0.277203550354243,0.624032734724359,0.59589260220184,"novel-gene-chr14-11626#novel-gene-chr14-11626",1
"GO:0050975","GO:0050975","sensory perception of touch","1/80","25/6213",0.04,3.1065,1.20525946291193,0.277203550354243,0.624032734724359,0.59589260220184,"XLOC-011359#CROCC-HUMAN#Q5TZA2",1
"GO:0060581","GO:0060581","cell fate commitment involved in pattern specification","1/80","25/6213",0.04,3.1065,1.20525946291193,0.277203550354243,0.624032734724359,0.59589260220184,"XLOC-002903#FZD1-XENLA#Q9I9M5",1
"GO:0090311","GO:0090311","regulation of protein deacetylation","1/80","25/6213",0.04,3.1065,1.20525946291193,0.277203550354243,0.624032734724359,0.59589260220184,"novel-gene-chr14-11626#novel-gene-chr14-11626",1
"GO:0106118","GO:0106118","regulation of sterol biosynthetic process","1/80","25/6213",0.04,3.1065,1.20525946291193,0.277203550354243,0.624032734724359,0.59589260220184,"gene-evm.model.ptg000004l.110#SODC-ONCVO#P24706",1
"GO:2001025","GO:2001025","positive regulation of response to drug","1/80","25/6213",0.04,3.1065,1.20525946291193,0.277203550354243,0.624032734724359,0.59589260220184,"XLOC-007156#KALRN-MOUSE#A2CG49",1
"GO:0002694","GO:0002694","regulation of leukocyte activation","3/80","143/6213",0.020979020979021,1.62928321678322,0.869448889235725,0.279624172983875,0.627130964992781,0.598851120872636,"gene-evm.model.ptg000004l.110#SODC-ONCVO#P24706/XLOC-002398#SVEP1-DANRE#A0A1D5NSM8/gene-evm.model.ptg000018l.1280#NCK2-HUMAN#O43639",3
"GO:0008509","GO:0008509","monoatomic anion transmembrane transporter activity","3/80","143/6213",0.020979020979021,1.62928321678322,0.869448889235725,0.279624172983875,0.627130964992781,0.598851120872636,"gene-evm.model.ptg000005l.755#RBP-CHICK#P02752/XLOC-003485#CTNS-HUMAN#O60931/XLOC-013451#S38A2-CHICK#Q5F468",3
"GO:0033673","GO:0033673","negative regulation of kinase activity","3/80","143/6213",0.020979020979021,1.62928321678322,0.869448889235725,0.279624172983875,0.627130964992781,0.598851120872636,"XLOC-020938#SPB6-MOUSE#Q60854/gene-evm.model.ptg000018l.1280#NCK2-HUMAN#O43639/XLOC-002354#DAB2P-MOUSE#Q3UHC7",3
"GO:0046649","GO:0046649","lymphocyte activation","3/80","143/6213",0.020979020979021,1.62928321678322,0.869448889235725,0.279624172983875,0.627130964992781,0.598851120872636,"XLOC-002398#SVEP1-DANRE#A0A1D5NSM8/novel-gene-chr14-11626#novel-gene-chr14-11626/gene-evm.model.ptg000018l.1280#NCK2-HUMAN#O43639",3
"GO:0019897","GO:0019897","extrinsic component of plasma membrane","2/80","81/6213",0.0246913580246914,1.91759259259259,0.949326425371854,0.28021185461249,0.62727760930028,0.598991152401644,"XLOC-003023#FCN2-MOUSE#O70497/gene-evm.model.ptg000035l.378#TRLF-DESRO#K9IMD0",2
"GO:0071901","GO:0071901","negative regulation of protein serine/threonine kinase activity","2/80","81/6213",0.0246913580246914,1.91759259259259,0.949326425371854,0.28021185461249,0.62727760930028,0.598991152401644,"XLOC-020938#SPB6-MOUSE#Q60854/XLOC-002354#DAB2P-MOUSE#Q3UHC7",2
"GO:0045727","GO:0045727","positive regulation of translation","2/80","82/6213",0.024390243902439,1.89420731707317,0.930901482801979,0.285006423921292,0.630300730340071,0.601877948819411,"novel-gene-chr14-11626#novel-gene-chr14-11626/gene-evm.model.ptg000018l.1280#NCK2-HUMAN#O43639",2
"GO:0000422","GO:0000422","autophagy of mitochondrion","1/80","26/6213",0.0384615384615385,2.98701923076923,1.15950578824587,0.286548042269508,0.630300730340071,0.601877948819411,"XLOC-012867#MLP3A-BOVIN#Q2HJ23",1
"GO:0001703","GO:0001703","gastrulation with mouth forming first","1/80","26/6213",0.0384615384615385,2.98701923076923,1.15950578824587,0.286548042269508,0.630300730340071,0.601877948819411,"XLOC-000223#BMP1-MOUSE#P98063",1
"GO:0006940","GO:0006940","regulation of smooth muscle contraction","1/80","26/6213",0.0384615384615385,2.98701923076923,1.15950578824587,0.286548042269508,0.630300730340071,0.601877948819411,"gene-evm.model.ptg000004l.110#SODC-ONCVO#P24706",1
"GO:0008089","GO:0008089","anterograde axonal transport","1/80","26/6213",0.0384615384615385,2.98701923076923,1.15950578824587,0.286548042269508,0.630300730340071,0.601877948819411,"gene-evm.model.ptg000004l.110#SODC-ONCVO#P24706",1
"GO:0009988","GO:0009988","cell-cell recognition","1/80","26/6213",0.0384615384615385,2.98701923076923,1.15950578824587,0.286548042269508,0.630300730340071,0.601877948819411,"gene-evm.model.ptg000018l.1280#NCK2-HUMAN#O43639",1
"GO:0010004","GO:0010004","gastrulation involving germ band extension","1/80","26/6213",0.0384615384615385,2.98701923076923,1.15950578824587,0.286548042269508,0.630300730340071,0.601877948819411,"XLOC-000223#BMP1-MOUSE#P98063",1
"GO:0010812","GO:0010812","negative regulation of cell-substrate adhesion","1/80","26/6213",0.0384615384615385,2.98701923076923,1.15950578824587,0.286548042269508,0.630300730340071,0.601877948819411,"gene-evm.model.ptg000035l.378#TRLF-DESRO#K9IMD0",1
"GO:0016655","GO:0016655","oxidoreductase activity, acting on NAD(P)H, quinone or similar compound as acceptor","1/80","26/6213",0.0384615384615385,2.98701923076923,1.15950578824587,0.286548042269508,0.630300730340071,0.601877948819411,"XLOC-010884#QOR-RAT#Q6AYT0",1
"GO:0030500","GO:0030500","regulation of bone mineralization","1/80","26/6213",0.0384615384615385,2.98701923076923,1.15950578824587,0.286548042269508,0.630300730340071,0.601877948819411,"XLOC-026157#AP2D-HUMAN#Q7Z6R9",1
"GO:0034121","GO:0034121","regulation of toll-like receptor signaling pathway","1/80","26/6213",0.0384615384615385,2.98701923076923,1.15950578824587,0.286548042269508,0.630300730340071,0.601877948819411,"XLOC-002354#DAB2P-MOUSE#Q3UHC7",1
"GO:0036002","GO:0036002","pre-mRNA binding","1/80","26/6213",0.0384615384615385,2.98701923076923,1.15950578824587,0.286548042269508,0.630300730340071,0.601877948819411,"novel-gene-chr14-11626#novel-gene-chr14-11626",1
"GO:0045309","GO:0045309","protein phosphorylated amino acid binding","1/80","26/6213",0.0384615384615385,2.98701923076923,1.15950578824587,0.286548042269508,0.630300730340071,0.601877948819411,"gene-evm.model.ptg000018l.1280#NCK2-HUMAN#O43639",1
"GO:0048665","GO:0048665","neuron fate specification","1/80","26/6213",0.0384615384615385,2.98701923076923,1.15950578824587,0.286548042269508,0.630300730340071,0.601877948819411,"XLOC-001851#TBX20-MOUSE#Q9ES03",1
"GO:0050886","GO:0050886","endocrine process","1/80","26/6213",0.0384615384615385,2.98701923076923,1.15950578824587,0.286548042269508,0.630300730340071,0.601877948819411,"XLOC-008889#CATZ-BOVIN#P05689",1
"GO:0060193","GO:0060193","positive regulation of lipase activity","1/80","26/6213",0.0384615384615385,2.98701923076923,1.15950578824587,0.286548042269508,0.630300730340071,0.601877948819411,"XLOC-002962#LIPP-ICTTR#O88354",1
"GO:0061014","GO:0061014","positive regulation of mRNA catabolic process","1/80","26/6213",0.0384615384615385,2.98701923076923,1.15950578824587,0.286548042269508,0.630300730340071,0.601877948819411,"XLOC-019521#TISB-HUMAN#Q07352",1
"GO:1901224","GO:1901224","positive regulation of non-canonical NF-kappaB signal transduction","1/80","26/6213",0.0384615384615385,2.98701923076923,1.15950578824587,0.286548042269508,0.630300730340071,0.601877948819411,"novel-gene-chr14-11626#novel-gene-chr14-11626",1
"GO:1903018","GO:1903018","regulation of glycoprotein metabolic process","1/80","26/6213",0.0384615384615385,2.98701923076923,1.15950578824587,0.286548042269508,0.630300730340071,0.601877948819411,"novel-gene-chr14-11626#novel-gene-chr14-11626",1
"GO:0001067","GO:0001067","transcription regulatory region nucleic acid binding","5/80","278/6213",0.0179856115107914,1.39680755395683,0.773065339669072,0.28717882894386,0.631110290140121,0.602651002329341,"XLOC-026157#AP2D-HUMAN#Q7Z6R9/XLOC-003461#NFIC-MOUSE#P70255/XLOC-001851#TBX20-MOUSE#Q9ES03/novel-gene-chr14-11626#novel-gene-chr14-11626/XLOC-014541#HES4A-XENLA#Q90Z12",5
"GO:0031406","GO:0031406","carboxylic acid binding","2/80","83/6213",0.0240963855421687,1.87138554216867,0.912732244997693,0.289798434767099,0.635462672139315,0.606807118011993,"gene-evm.model.ptg000005l.77#PLOD1-CHICK#P24802/XLOC-003023#FCN2-MOUSE#O70497",2
"GO:0006836","GO:0006836","neurotransmitter transport","3/80","147/6213",0.0204081632653061,1.58494897959184,0.819690094247569,0.29373962303834,0.635462672139315,0.606807118011993,"XLOC-022444#SNTB1-HUMAN#Q13884/XLOC-000920#RB6I2-RAT#Q811U3/novel-gene-chr14-11626#novel-gene-chr14-11626",3
"GO:0097435","GO:0097435","supramolecular fiber organization","4/80","213/6213",0.0187793427230047,1.45845070422535,0.777554887178294,0.293872031352776,0.635462672139315,0.606807118011993,"gene-evm.model.ptg000005l.77#PLOD1-CHICK#P24802/XLOC-018112#ATS2-MOUSE#Q8C9W3/XLOC-022444#SNTB1-HUMAN#Q13884/gene-evm.model.ptg000018l.1280#NCK2-HUMAN#O43639",4
"GO:0001738","GO:0001738","morphogenesis of a polarized epithelium","2/80","84/6213",0.0238095238095238,1.84910714285714,0.894811508955322,0.294587166156154,0.635462672139315,0.606807118011993,"novel-gene-chr14-11626#novel-gene-chr14-11626/XLOC-002903#FZD1-XENLA#Q9I9M5",2
"GO:0019903","GO:0019903","protein phosphatase binding","2/80","84/6213",0.0238095238095238,1.84910714285714,0.894811508955322,0.294587166156154,0.635462672139315,0.606807118011993,"gene-evm.model.ptg000004l.110#SODC-ONCVO#P24706/XLOC-002354#DAB2P-MOUSE#Q3UHC7",2
"GO:0043177","GO:0043177","organic acid binding","2/80","84/6213",0.0238095238095238,1.84910714285714,0.894811508955322,0.294587166156154,0.635462672139315,0.606807118011993,"gene-evm.model.ptg000005l.77#PLOD1-CHICK#P24802/XLOC-003023#FCN2-MOUSE#O70497",2
"GO:1901681","GO:1901681","sulfur compound binding","2/80","84/6213",0.0238095238095238,1.84910714285714,0.894811508955322,0.294587166156154,0.635462672139315,0.606807118011993,"XLOC-022170#FSTL1-MACFA#Q9GKY0/gene-evm.model.ptg000035l.378#TRLF-DESRO#K9IMD0",2
"GO:1905039","GO:1905039","carboxylic acid transmembrane transport","2/80","84/6213",0.0238095238095238,1.84910714285714,0.894811508955322,0.294587166156154,0.635462672139315,0.606807118011993,"XLOC-003485#CTNS-HUMAN#O60931/XLOC-013451#S38A2-CHICK#Q5F468",2
"GO:0051020","GO:0051020","GTPase binding","5/80","281/6213",0.0177935943060498,1.38189501779359,0.748205361686432,0.294753684471026,0.635462672139315,0.606807118011993,"gene-evm.model.ptg000004l.110#SODC-ONCVO#P24706/gene-evm.model.ptg000022l.488#RBGP1-MOUSE#A2AWA9/XLOC-015621#TPC12-MOUSE#Q8K2L8/XLOC-007156#KALRN-MOUSE#A2CG49/XLOC-000920#RB6I2-RAT#Q811U3",5
"GO:0001706","GO:0001706","endoderm formation","1/80","27/6213",0.037037037037037,2.87638888888889,1.11589674690904,0.295773217090655,0.635462672139315,0.606807118011993,"XLOC-001851#TBX20-MOUSE#Q9ES03",1
"GO:0001917","GO:0001917","photoreceptor inner segment","1/80","27/6213",0.037037037037037,2.87638888888889,1.11589674690904,0.295773217090655,0.635462672139315,0.606807118011993,"XLOC-011359#CROCC-HUMAN#Q5TZA2",1
"GO:0008307","GO:0008307","structural constituent of muscle","1/80","27/6213",0.037037037037037,2.87638888888889,1.11589674690904,0.295773217090655,0.635462672139315,0.606807118011993,"XLOC-022444#SNTB1-HUMAN#Q13884",1
"GO:0030331","GO:0030331","nuclear estrogen receptor binding","1/80","27/6213",0.037037037037037,2.87638888888889,1.11589674690904,0.295773217090655,0.635462672139315,0.606807118011993,"XLOC-020780#ANM2-HUMAN#P55345",1
"GO:0032410","GO:0032410","negative regulation of transporter activity","1/80","27/6213",0.037037037037037,2.87638888888889,1.11589674690904,0.295773217090655,0.635462672139315,0.606807118011993,"XLOC-022444#SNTB1-HUMAN#Q13884",1
"GO:0032943","GO:0032943","mononuclear cell proliferation","1/80","27/6213",0.037037037037037,2.87638888888889,1.11589674690904,0.295773217090655,0.635462672139315,0.606807118011993,"XLOC-002398#SVEP1-DANRE#A0A1D5NSM8",1
"GO:0035317","GO:0035317","imaginal disc-derived wing hair organization","1/80","27/6213",0.037037037037037,2.87638888888889,1.11589674690904,0.295773217090655,0.635462672139315,0.606807118011993,"XLOC-002903#FZD1-XENLA#Q9I9M5",1
"GO:0046651","GO:0046651","lymphocyte proliferation","1/80","27/6213",0.037037037037037,2.87638888888889,1.11589674690904,0.295773217090655,0.635462672139315,0.606807118011993,"XLOC-002398#SVEP1-DANRE#A0A1D5NSM8",1
"GO:0051055","GO:0051055","negative regulation of lipid biosynthetic process","1/80","27/6213",0.037037037037037,2.87638888888889,1.11589674690904,0.295773217090655,0.635462672139315,0.606807118011993,"gene-evm.model.ptg000004l.110#SODC-ONCVO#P24706",1
"GO:0055008","GO:0055008","cardiac muscle tissue morphogenesis","1/80","27/6213",0.037037037037037,2.87638888888889,1.11589674690904,0.295773217090655,0.635462672139315,0.606807118011993,"XLOC-001851#TBX20-MOUSE#Q9ES03",1
"GO:0055025","GO:0055025","positive regulation of cardiac muscle tissue development","1/80","27/6213",0.037037037037037,2.87638888888889,1.11589674690904,0.295773217090655,0.635462672139315,0.606807118011993,"XLOC-001851#TBX20-MOUSE#Q9ES03",1
"GO:0060324","GO:0060324","face development","1/80","27/6213",0.037037037037037,2.87638888888889,1.11589674690904,0.295773217090655,0.635462672139315,0.606807118011993,"XLOC-026157#AP2D-HUMAN#Q7Z6R9",1
"GO:0061180","GO:0061180","mammary gland epithelium development","1/80","27/6213",0.037037037037037,2.87638888888889,1.11589674690904,0.295773217090655,0.635462672139315,0.606807118011993,"XLOC-026157#AP2D-HUMAN#Q7Z6R9",1
"GO:0070661","GO:0070661","leukocyte proliferation","1/80","27/6213",0.037037037037037,2.87638888888889,1.11589674690904,0.295773217090655,0.635462672139315,0.606807118011993,"XLOC-002398#SVEP1-DANRE#A0A1D5NSM8",1
"GO:0097366","GO:0097366","response to bronchodilator","1/80","27/6213",0.037037037037037,2.87638888888889,1.11589674690904,0.295773217090655,0.635462672139315,0.606807118011993,"gene-evm.model.ptg000004l.110#SODC-ONCVO#P24706",1
"GO:0120111","GO:0120111","neuron projection cytoplasm","1/80","27/6213",0.037037037037037,2.87638888888889,1.11589674690904,0.295773217090655,0.635462672139315,0.606807118011993,"gene-evm.model.ptg000004l.110#SODC-ONCVO#P24706",1
"GO:0098655","GO:0098655","monoatomic cation transmembrane transport","5/80","282/6213",0.0177304964539007,1.37699468085106,0.739980115142439,0.297286975686117,0.638144160498707,0.609367687333662,"XLOC-022444#SNTB1-HUMAN#Q13884/XLOC-008866#MCUR1-MOUSE#Q9CXD6/XLOC-024417#HEPHL-ACRMI#B3EWZ9/XLOC-013451#S38A2-CHICK#Q5F468/gene-evm.model.ptg000003l.459#ZNT1-MACFA#Q4R6K2",5
"GO:0006479","GO:0006479","protein methylation","2/80","85/6213",0.0235294117647059,1.82735294117647,0.87713236129234,0.299371915619704,0.638468309922257,0.609677219562908,"XLOC-020780#ANM2-HUMAN#P55345/novel-gene-chr14-11626#novel-gene-chr14-11626",2
"GO:0008213","GO:0008213","protein alkylation","2/80","85/6213",0.0235294117647059,1.82735294117647,0.87713236129234,0.299371915619704,0.638468309922257,0.609677219562908,"XLOC-020780#ANM2-HUMAN#P55345/novel-gene-chr14-11626#novel-gene-chr14-11626",2
"GO:0010977","GO:0010977","negative regulation of neuron projection development","2/80","85/6213",0.0235294117647059,1.82735294117647,0.87713236129234,0.299371915619704,0.638468309922257,0.609677219562908,"XLOC-008889#CATZ-BOVIN#P05689/XLOC-002354#DAB2P-MOUSE#Q3UHC7",2
"GO:0045089","GO:0045089","positive regulation of innate immune response","2/80","85/6213",0.0235294117647059,1.82735294117647,0.87713236129234,0.299371915619704,0.638468309922257,0.609677219562908,"XLOC-003023#FCN2-MOUSE#O70497/novel-gene-chr14-11626#novel-gene-chr14-11626",2
"GO:0046914","GO:0046914","transition metal ion binding","6/80","352/6213",0.0170454545454545,1.32379261363636,0.714293409571233,0.299593559125229,0.638468309922257,0.609677219562908,"gene-evm.model.ptg000004l.110#SODC-ONCVO#P24706/gene-evm.model.ptg000005l.77#PLOD1-CHICK#P24802/XLOC-018112#ATS2-MOUSE#Q8C9W3/XLOC-024417#HEPHL-ACRMI#B3EWZ9/novel-gene-chr14-11626#novel-gene-chr14-11626/XLOC-010474#SDHF2-CULQU#B0XK69",6
"GO:1902115","GO:1902115","regulation of organelle assembly","3/80","149/6213",0.0201342281879195,1.5636744966443,0.795364418162663,0.300818315538072,0.638468309922257,0.609677219562908,"XLOC-015621#TPC12-MOUSE#Q8K2L8/XLOC-011359#CROCC-HUMAN#Q5TZA2/novel-gene-chr14-11626#novel-gene-chr14-11626",3
"GO:0060562","GO:0060562","epithelial tube morphogenesis","7/80","423/6213",0.016548463356974,1.28519503546099,0.693900335959723,0.30177548422115,0.638468309922257,0.609677219562908,"XLOC-008889#CATZ-BOVIN#P05689/XLOC-026157#AP2D-HUMAN#Q7Z6R9/XLOC-013453#FCN1-PIG#Q29042/XLOC-000223#BMP1-MOUSE#P98063/XLOC-019944#FCN1-HUMAN#O00602/XLOC-001851#TBX20-MOUSE#Q9ES03/XLOC-002903#FZD1-XENLA#Q9I9M5",7
"GO:0008047","GO:0008047","enzyme activator activity","4/80","216/6213",0.0185185185185185,1.43819444444444,0.748601948158457,0.302629527417604,0.638468309922257,0.609677219562908,"gene-evm.model.ptg000022l.488#RBGP1-MOUSE#A2AWA9/XLOC-007156#KALRN-MOUSE#A2CG49/XLOC-021538#RPGP1-HUMAN#P47736/XLOC-002354#DAB2P-MOUSE#Q3UHC7",4
"GO:0120035","GO:0120035","regulation of plasma membrane bounded cell projection organization","7/80","424/6213",0.0165094339622642,1.28216391509434,0.687395778752242,0.30386215774985,0.638468309922257,0.609677219562908,"XLOC-008889#CATZ-BOVIN#P05689/XLOC-007156#KALRN-MOUSE#A2CG49/XLOC-011359#CROCC-HUMAN#Q5TZA2/novel-gene-chr14-11626#novel-gene-chr14-11626/XLOC-002903#FZD1-XENLA#Q9I9M5/gene-evm.model.ptg000018l.1280#NCK2-HUMAN#O43639/XLOC-002354#DAB2P-MOUSE#Q3UHC7",7
"GO:0010950","GO:0010950","positive regulation of endopeptidase activity","2/80","86/6213",0.0232558139534884,1.80610465116279,0.859688163278169,0.304151998866843,0.638468309922257,0.609677219562908,"XLOC-020938#SPB6-MOUSE#Q60854/XLOC-002398#SVEP1-DANRE#A0A1D5NSM8",2
"GO:0006099","GO:0006099","tricarboxylic acid cycle","1/80","28/6213",0.0357142857142857,2.77366071428571,1.07424649432522,0.304880579300928,0.638468309922257,0.609677219562908,"XLOC-010474#SDHF2-CULQU#B0XK69",1
"GO:0006672","GO:0006672","ceramide metabolic process","1/80","28/6213",0.0357142857142857,2.77366071428571,1.07424649432522,0.304880579300928,0.638468309922257,0.609677219562908,"XLOC-003833#NAGAB-CHICK#Q90744",1
"GO:0007595","GO:0007595","lactation","1/80","28/6213",0.0357142857142857,2.77366071428571,1.07424649432522,0.304880579300928,0.638468309922257,0.609677219562908,"XLOC-007156#KALRN-MOUSE#A2CG49",1
"GO:0015036","GO:0015036","disulfide oxidoreductase activity","1/80","28/6213",0.0357142857142857,2.77366071428571,1.07424649432522,0.304880579300928,0.638468309922257,0.609677219562908,"XLOC-002968#GILT-DANRE#Q5XJN2",1
"GO:0015918","GO:0015918","sterol transport","1/80","28/6213",0.0357142857142857,2.77366071428571,1.07424649432522,0.304880579300928,0.638468309922257,0.609677219562908,"XLOC-002962#LIPP-ICTTR#O88354",1
"GO:0016859","GO:0016859","cis-trans isomerase activity","1/80","28/6213",0.0357142857142857,2.77366071428571,1.07424649432522,0.304880579300928,0.638468309922257,0.609677219562908,"XLOC-006516#FKBP9-BOVIN#Q2KJC8",1
"GO:0018208","GO:0018208","peptidyl-proline modification","1/80","28/6213",0.0357142857142857,2.77366071428571,1.07424649432522,0.304880579300928,0.638468309922257,0.609677219562908,"XLOC-006516#FKBP9-BOVIN#Q2KJC8",1
"GO:0021517","GO:0021517","ventral spinal cord development","1/80","28/6213",0.0357142857142857,2.77366071428571,1.07424649432522,0.304880579300928,0.638468309922257,0.609677219562908,"XLOC-001851#TBX20-MOUSE#Q9ES03",1
"GO:0031571","GO:0031571","mitotic G1 DNA damage checkpoint signaling","1/80","28/6213",0.0357142857142857,2.77366071428571,1.07424649432522,0.304880579300928,0.638468309922257,0.609677219562908,"novel-gene-chr14-11626#novel-gene-chr14-11626",1
"GO:0034243","GO:0034243","regulation of transcription elongation by RNA polymerase II","1/80","28/6213",0.0357142857142857,2.77366071428571,1.07424649432522,0.304880579300928,0.638468309922257,0.609677219562908,"XLOC-025616#ELL2-MOUSE#Q3UKU1",1
"GO:0035215","GO:0035215","genital disc development","1/80","28/6213",0.0357142857142857,2.77366071428571,1.07424649432522,0.304880579300928,0.638468309922257,0.609677219562908,"XLOC-026157#AP2D-HUMAN#Q7Z6R9",1
"GO:0035316","GO:0035316","non-sensory hair organization","1/80","28/6213",0.0357142857142857,2.77366071428571,1.07424649432522,0.304880579300928,0.638468309922257,0.609677219562908,"XLOC-002903#FZD1-XENLA#Q9I9M5",1
"GO:0042054","GO:0042054","histone methyltransferase activity","1/80","28/6213",0.0357142857142857,2.77366071428571,1.07424649432522,0.304880579300928,0.638468309922257,0.609677219562908,"XLOC-020780#ANM2-HUMAN#P55345",1
"GO:0042491","GO:0042491","inner ear auditory receptor cell differentiation","1/80","28/6213",0.0357142857142857,2.77366071428571,1.07424649432522,0.304880579300928,0.638468309922257,0.609677219562908,"gene-evm.model.ptg000004l.110#SODC-ONCVO#P24706",1
"GO:0045138","GO:0045138","nematode male tail tip morphogenesis","1/80","28/6213",0.0357142857142857,2.77366071428571,1.07424649432522,0.304880579300928,0.638468309922257,0.609677219562908,"XLOC-001851#TBX20-MOUSE#Q9ES03",1
"GO:0090278","GO:0090278","negative regulation of peptide hormone secretion","1/80","28/6213",0.0357142857142857,2.77366071428571,1.07424649432522,0.304880579300928,0.638468309922257,0.609677219562908,"XLOC-007156#KALRN-MOUSE#A2CG49",1
"GO:0097581","GO:0097581","lamellipodium organization","1/80","28/6213",0.0357142857142857,2.77366071428571,1.07424649432522,0.304880579300928,0.638468309922257,0.609677219562908,"gene-evm.model.ptg000018l.1280#NCK2-HUMAN#O43639",1
"GO:1902305","GO:1902305","regulation of sodium ion transmembrane transport","1/80","28/6213",0.0357142857142857,2.77366071428571,1.07424649432522,0.304880579300928,0.638468309922257,0.609677219562908,"XLOC-022444#SNTB1-HUMAN#Q13884",1
"GO:0002520","GO:0002520","immune system development","6/80","355/6213",0.0169014084507042,1.31260563380282,0.692724468605233,0.306436499799419,0.638914930845603,0.610103700562062,"gene-evm.model.ptg000004l.110#SODC-ONCVO#P24706/gene-evm.model.ptg000022l.488#RBGP1-MOUSE#A2AWA9/XLOC-000223#BMP1-MOUSE#P98063/XLOC-002398#SVEP1-DANRE#A0A1D5NSM8/XLOC-001851#TBX20-MOUSE#Q9ES03/novel-gene-chr14-11626#novel-gene-chr14-11626",6
"GO:0009612","GO:0009612","response to mechanical stimulus","3/80","151/6213",0.0198675496688742,1.54296357615894,0.771392547748694,0.307907418729636,0.638914930845603,0.610103700562062,"XLOC-007156#KALRN-MOUSE#A2CG49/XLOC-013451#S38A2-CHICK#Q5F468/XLOC-011359#CROCC-HUMAN#Q5TZA2",3
"GO:0016202","GO:0016202","regulation of striated muscle tissue development","2/80","87/6213",0.0229885057471264,1.78534482758621,0.842472536804777,0.308926749443033,0.638914930845603,0.610103700562062,"XLOC-000223#BMP1-MOUSE#P98063/XLOC-001851#TBX20-MOUSE#Q9ES03",2
"GO:0097193","GO:0097193","intrinsic apoptotic signaling pathway","2/80","87/6213",0.0229885057471264,1.78534482758621,0.842472536804777,0.308926749443033,0.638914930845603,0.610103700562062,"novel-gene-chr14-11626#novel-gene-chr14-11626/XLOC-002354#DAB2P-MOUSE#Q3UHC7",2
"GO:1902533","GO:1902533","positive regulation of intracellular signal transduction","7/80","427/6213",0.0163934426229508,1.27315573770492,0.667973579306562,0.310141465516934,0.638914930845603,0.610103700562062,"gene-evm.model.ptg000004l.110#SODC-ONCVO#P24706/XLOC-007156#KALRN-MOUSE#A2CG49/XLOC-014474#TMPS5-HUMAN#Q9H3S3/gene-evm.model.ptg000003l.459#ZNT1-MACFA#Q4R6K2/novel-gene-chr14-11626#novel-gene-chr14-11626/gene-evm.model.ptg000018l.1280#NCK2-HUMAN#O43639/XLOC-002354#DAB2P-MOUSE#Q3UHC7",7
"GO:0002066","GO:0002066","columnar/cuboidal epithelial cell development","4/80","219/6213",0.0182648401826484,1.41849315068493,0.720072586188604,0.311419466921783,0.638914930845603,0.610103700562062,"gene-evm.model.ptg000004l.110#SODC-ONCVO#P24706/XLOC-001851#TBX20-MOUSE#Q9ES03/novel-gene-chr14-11626#novel-gene-chr14-11626/XLOC-002903#FZD1-XENLA#Q9I9M5",4
"GO:0050776","GO:0050776","regulation of immune response","5/80","288/6213",0.0173611111111111,1.34830729166667,0.691255926152109,0.312565286633714,0.638914930845603,0.610103700562062,"XLOC-003023#FCN2-MOUSE#O70497/XLOC-002398#SVEP1-DANRE#A0A1D5NSM8/novel-gene-chr14-11626#novel-gene-chr14-11626/gene-evm.model.ptg000018l.1280#NCK2-HUMAN#O43639/XLOC-002354#DAB2P-MOUSE#Q3UHC7",5
"GO:0007030","GO:0007030","Golgi organization","2/80","88/6213",0.0227272727272727,1.76505681818182,0.825479351227908,0.313695518394237,0.638914930845603,0.610103700562062,"XLOC-015621#TPC12-MOUSE#Q8K2L8/XLOC-015776#RET-HUMAN#P07949",2
"GO:0008016","GO:0008016","regulation of heart contraction","2/80","88/6213",0.0227272727272727,1.76505681818182,0.825479351227908,0.313695518394237,0.638914930845603,0.610103700562062,"XLOC-022444#SNTB1-HUMAN#Q13884/XLOC-021538#RPGP1-HUMAN#P47736",2
"GO:0010001","GO:0010001","glial cell differentiation","2/80","88/6213",0.0227272727272727,1.76505681818182,0.825479351227908,0.313695518394237,0.638914930845603,0.610103700562062,"gene-evm.model.ptg000004l.110#SODC-ONCVO#P24706/XLOC-026157#AP2D-HUMAN#Q7Z6R9",2
"GO:0050792","GO:0050792","regulation of viral process","2/80","88/6213",0.0227272727272727,1.76505681818182,0.825479351227908,0.313695518394237,0.638914930845603,0.610103700562062,"XLOC-003023#FCN2-MOUSE#O70497/novel-gene-chr14-11626#novel-gene-chr14-11626",2
"GO:0051427","GO:0051427","hormone receptor binding","2/80","88/6213",0.0227272727272727,1.76505681818182,0.825479351227908,0.313695518394237,0.638914930845603,0.610103700562062,"XLOC-020780#ANM2-HUMAN#P55345/novel-gene-chr14-11626#novel-gene-chr14-11626",2
"GO:1901861","GO:1901861","regulation of muscle tissue development","2/80","88/6213",0.0227272727272727,1.76505681818182,0.825479351227908,0.313695518394237,0.638914930845603,0.610103700562062,"XLOC-000223#BMP1-MOUSE#P98063/XLOC-001851#TBX20-MOUSE#Q9ES03",2
"GO:0001942","GO:0001942","hair follicle development","1/80","29/6213",0.0344827586206897,2.67801724137931,1.03439142588611,0.313871614653544,0.638914930845603,0.610103700562062,"XLOC-026157#AP2D-HUMAN#Q7Z6R9",1
"GO:0003044","GO:0003044","regulation of systemic arterial blood pressure mediated by a chemical signal","1/80","29/6213",0.0344827586206897,2.67801724137931,1.03439142588611,0.313871614653544,0.638914930845603,0.610103700562062,"XLOC-008889#CATZ-BOVIN#P05689",1
"GO:0005326","GO:0005326","neurotransmitter transmembrane transporter activity","1/80","29/6213",0.0344827586206897,2.67801724137931,1.03439142588611,0.313871614653544,0.638914930845603,0.610103700562062,"XLOC-022444#SNTB1-HUMAN#Q13884",1
"GO:0008049","GO:0008049","male courtship behavior","1/80","29/6213",0.0344827586206897,2.67801724137931,1.03439142588611,0.313871614653544,0.638914930845603,0.610103700562062,"XLOC-026157#AP2D-HUMAN#Q7Z6R9",1
"GO:0008287","GO:0008287","protein serine/threonine phosphatase complex","1/80","29/6213",0.0344827586206897,2.67801724137931,1.03439142588611,0.313871614653544,0.638914930845603,0.610103700562062,"gene-evm.model.ptg000018l.1280#NCK2-HUMAN#O43639",1
"GO:0014075","GO:0014075","response to amine","1/80","29/6213",0.0344827586206897,2.67801724137931,1.03439142588611,0.313871614653544,0.638914930845603,0.610103700562062,"gene-evm.model.ptg000004l.110#SODC-ONCVO#P24706",1
"GO:0021515","GO:0021515","cell differentiation in spinal cord","1/80","29/6213",0.0344827586206897,2.67801724137931,1.03439142588611,0.313871614653544,0.638914930845603,0.610103700562062,"XLOC-001851#TBX20-MOUSE#Q9ES03",1
"GO:0021795","GO:0021795","cerebral cortex cell migration","1/80","29/6213",0.0344827586206897,2.67801724137931,1.03439142588611,0.313871614653544,0.638914930845603,0.610103700562062,"XLOC-002354#DAB2P-MOUSE#Q3UHC7",1
"GO:0021879","GO:0021879","forebrain neuron differentiation","1/80","29/6213",0.0344827586206897,2.67801724137931,1.03439142588611,0.313871614653544,0.638914930845603,0.610103700562062,"XLOC-026157#AP2D-HUMAN#Q7Z6R9",1
"GO:0030539","GO:0030539","male genitalia development","1/80","29/6213",0.0344827586206897,2.67801724137931,1.03439142588611,0.313871614653544,0.638914930845603,0.610103700562062,"XLOC-007156#KALRN-MOUSE#A2CG49",1
"GO:0035017","GO:0035017","cuticle pattern formation","1/80","29/6213",0.0344827586206897,2.67801724137931,1.03439142588611,0.313871614653544,0.638914930845603,0.610103700562062,"XLOC-002903#FZD1-XENLA#Q9I9M5",1
"GO:0045652","GO:0045652","regulation of megakaryocyte differentiation","1/80","29/6213",0.0344827586206897,2.67801724137931,1.03439142588611,0.313871614653544,0.638914930845603,0.610103700562062,"novel-gene-chr14-11626#novel-gene-chr14-11626",1
"GO:0048844","GO:0048844","artery morphogenesis","1/80","29/6213",0.0344827586206897,2.67801724137931,1.03439142588611,0.313871614653544,0.638914930845603,0.610103700562062,"XLOC-026157#AP2D-HUMAN#Q7Z6R9",1
"GO:0070050","GO:0070050","neuron cellular homeostasis","1/80","29/6213",0.0344827586206897,2.67801724137931,1.03439142588611,0.313871614653544,0.638914930845603,0.610103700562062,"gene-evm.model.ptg000004l.110#SODC-ONCVO#P24706",1
"GO:0071364","GO:0071364","cellular response to epidermal growth factor stimulus","1/80","29/6213",0.0344827586206897,2.67801724137931,1.03439142588611,0.313871614653544,0.638914930845603,0.610103700562062,"XLOC-002354#DAB2P-MOUSE#Q3UHC7",1
"GO:0090162","GO:0090162","establishment of epithelial cell polarity","1/80","29/6213",0.0344827586206897,2.67801724137931,1.03439142588611,0.313871614653544,0.638914930845603,0.610103700562062,"XLOC-002903#FZD1-XENLA#Q9I9M5",1
"GO:0090181","GO:0090181","regulation of cholesterol metabolic process","1/80","29/6213",0.0344827586206897,2.67801724137931,1.03439142588611,0.313871614653544,0.638914930845603,0.610103700562062,"gene-evm.model.ptg000004l.110#SODC-ONCVO#P24706",1
"GO:1900034","GO:1900034","regulation of cellular response to heat","1/80","29/6213",0.0344827586206897,2.67801724137931,1.03439142588611,0.313871614653544,0.638914930845603,0.610103700562062,"novel-gene-chr14-11626#novel-gene-chr14-11626",1
"GO:1903793","GO:1903793","positive regulation of monoatomic anion transport","1/80","29/6213",0.0344827586206897,2.67801724137931,1.03439142588611,0.313871614653544,0.638914930845603,0.610103700562062,"XLOC-013451#S38A2-CHICK#Q5F468",1
"GO:2000758","GO:2000758","positive regulation of peptidyl-lysine acetylation","1/80","29/6213",0.0344827586206897,2.67801724137931,1.03439142588611,0.313871614653544,0.638914930845603,0.610103700562062,"novel-gene-chr14-11626#novel-gene-chr14-11626",1
"GO:0071496","GO:0071496","cellular response to external stimulus","4/80","220/6213",0.0181818181818182,1.41204545454545,0.710654587438888,0.314355762944795,0.63935863047705,0.610527392002057,"gene-evm.model.ptg000004l.110#SODC-ONCVO#P24706/XLOC-012867#MLP3A-BOVIN#Q2HJ23/XLOC-013451#S38A2-CHICK#Q5F468/XLOC-002903#FZD1-XENLA#Q9I9M5",4
"GO:0009953","GO:0009953","dorsal/ventral pattern formation","3/80","153/6213",0.0196078431372549,1.52279411764706,0.747763616926655,0.315004329546065,0.640135701835573,0.611269422104261,"XLOC-000223#BMP1-MOUSE#P98063/XLOC-001851#TBX20-MOUSE#Q9ES03/XLOC-002903#FZD1-XENLA#Q9I9M5",3
"GO:0003700","GO:0003700","DNA-binding transcription factor activity","6/80","359/6213",0.0167130919220056,1.29798050139276,0.664252115927425,0.315607101493897,0.640818476575097,0.611921407799262,"XLOC-026157#AP2D-HUMAN#Q7Z6R9/XLOC-003461#NFIC-MOUSE#P70255/XLOC-001851#TBX20-MOUSE#Q9ES03/novel-gene-chr14-11626#novel-gene-chr14-11626/XLOC-014541#HES4A-XENLA#Q90Z12/XLOC-025659#FOXD1-RAT#Q63251",6
"GO:0007411","GO:0007411","axon guidance","4/80","222/6213",0.018018018018018,1.39932432432432,0.691953368082122,0.320236695323397,0.643352856884081,0.614341502761037,"XLOC-000011#NID2-RAT#B5DFC9/XLOC-000223#BMP1-MOUSE#P98063/XLOC-007156#KALRN-MOUSE#A2CG49/XLOC-001851#TBX20-MOUSE#Q9ES03",4
"GO:0050769","GO:0050769","positive regulation of neurogenesis","5/80","291/6213",0.0171821305841924,1.33440721649485,0.667286238686601,0.320249210125077,0.643352856884081,0.614341502761037,"XLOC-007156#KALRN-MOUSE#A2CG49/novel-gene-chr14-11626#novel-gene-chr14-11626/XLOC-002903#FZD1-XENLA#Q9I9M5/gene-evm.model.ptg000018l.1280#NCK2-HUMAN#O43639/XLOC-002354#DAB2P-MOUSE#Q3UHC7",5
"GO:0031344","GO:0031344","regulation of cell projection organization","7/80","432/6213",0.0162037037037037,1.25842013888889,0.635903153889778,0.320667056528501,0.643352856884081,0.614341502761037,"XLOC-008889#CATZ-BOVIN#P05689/XLOC-007156#KALRN-MOUSE#A2CG49/XLOC-011359#CROCC-HUMAN#Q5TZA2/novel-gene-chr14-11626#novel-gene-chr14-11626/XLOC-002903#FZD1-XENLA#Q9I9M5/gene-evm.model.ptg000018l.1280#NCK2-HUMAN#O43639/XLOC-002354#DAB2P-MOUSE#Q3UHC7",7
"GO:0021537","GO:0021537","telencephalon development","3/80","155/6213",0.0193548387096774,1.50314516129032,0.724467236723212,0.322106503612195,0.643352856884081,0.614341502761037,"XLOC-026157#AP2D-HUMAN#Q7Z6R9/XLOC-013451#S38A2-CHICK#Q5F468/XLOC-002354#DAB2P-MOUSE#Q3UHC7",3
"GO:0050865","GO:0050865","regulation of cell activation","3/80","155/6213",0.0193548387096774,1.50314516129032,0.724467236723212,0.322106503612195,0.643352856884081,0.614341502761037,"gene-evm.model.ptg000004l.110#SODC-ONCVO#P24706/XLOC-002398#SVEP1-DANRE#A0A1D5NSM8/gene-evm.model.ptg000018l.1280#NCK2-HUMAN#O43639",3
"GO:0005790","GO:0005790","smooth endoplasmic reticulum","1/80","30/6213",0.0333333333333333,2.58875,0.996186844841989,0.322747790401881,0.643352856884081,0.614341502761037,"XLOC-025592#GBA2-RAT#Q5M868",1
"GO:0006101","GO:0006101","citrate metabolic process","1/80","30/6213",0.0333333333333333,2.58875,0.996186844841989,0.322747790401881,0.643352856884081,0.614341502761037,"XLOC-010474#SDHF2-CULQU#B0XK69",1
"GO:0022405","GO:0022405","hair cycle process","1/80","30/6213",0.0333333333333333,2.58875,0.996186844841989,0.322747790401881,0.643352856884081,0.614341502761037,"XLOC-026157#AP2D-HUMAN#Q7Z6R9",1
"GO:0031091","GO:0031091","platelet alpha granule","1/80","30/6213",0.0333333333333333,2.58875,0.996186844841989,0.322747790401881,0.643352856884081,0.614341502761037,"gene-evm.model.ptg000035l.378#TRLF-DESRO#K9IMD0",1
"GO:0031648","GO:0031648","protein destabilization","1/80","30/6213",0.0333333333333333,2.58875,0.996186844841989,0.322747790401881,0.643352856884081,0.614341502761037,"novel-gene-chr14-11626#novel-gene-chr14-11626",1
"GO:0032481","GO:0032481","positive regulation of type I interferon production","1/80","30/6213",0.0333333333333333,2.58875,0.996186844841989,0.322747790401881,0.643352856884081,0.614341502761037,"novel-gene-chr14-11626#novel-gene-chr14-11626",1
"GO:0032946","GO:0032946","positive regulation of mononuclear cell proliferation","1/80","30/6213",0.0333333333333333,2.58875,0.996186844841989,0.322747790401881,0.643352856884081,0.614341502761037,"gene-evm.model.ptg000018l.1280#NCK2-HUMAN#O43639",1
"GO:0043113","GO:0043113","receptor clustering","1/80","30/6213",0.0333333333333333,2.58875,0.996186844841989,0.322747790401881,0.643352856884081,0.614341502761037,"XLOC-002354#DAB2P-MOUSE#Q3UHC7",1
"GO:0043536","GO:0043536","positive regulation of blood vessel endothelial cell migration","1/80","30/6213",0.0333333333333333,2.58875,0.996186844841989,0.322747790401881,0.643352856884081,0.614341502761037,"gene-evm.model.ptg000035l.378#TRLF-DESRO#K9IMD0",1
"GO:0045466","GO:0045466","R7 cell differentiation","1/80","30/6213",0.0333333333333333,2.58875,0.996186844841989,0.322747790401881,0.643352856884081,0.614341502761037,"novel-gene-chr14-11626#novel-gene-chr14-11626",1
"GO:0045843","GO:0045843","negative regulation of striated muscle tissue development","1/80","30/6213",0.0333333333333333,2.58875,0.996186844841989,0.322747790401881,0.643352856884081,0.614341502761037,"XLOC-000223#BMP1-MOUSE#P98063",1
"GO:0046888","GO:0046888","negative regulation of hormone secretion","1/80","30/6213",0.0333333333333333,2.58875,0.996186844841989,0.322747790401881,0.643352856884081,0.614341502761037,"XLOC-007156#KALRN-MOUSE#A2CG49",1
"GO:0050671","GO:0050671","positive regulation of lymphocyte proliferation","1/80","30/6213",0.0333333333333333,2.58875,0.996186844841989,0.322747790401881,0.643352856884081,0.614341502761037,"gene-evm.model.ptg000018l.1280#NCK2-HUMAN#O43639",1
"GO:0051590","GO:0051590","positive regulation of neurotransmitter transport","1/80","30/6213",0.0333333333333333,2.58875,0.996186844841989,0.322747790401881,0.643352856884081,0.614341502761037,"XLOC-007156#KALRN-MOUSE#A2CG49",1
"GO:0060071","GO:0060071","Wnt signaling pathway, planar cell polarity pathway","1/80","30/6213",0.0333333333333333,2.58875,0.996186844841989,0.322747790401881,0.643352856884081,0.614341502761037,"XLOC-002903#FZD1-XENLA#Q9I9M5",1
"GO:0070665","GO:0070665","positive regulation of leukocyte proliferation","1/80","30/6213",0.0333333333333333,2.58875,0.996186844841989,0.322747790401881,0.643352856884081,0.614341502761037,"gene-evm.model.ptg000018l.1280#NCK2-HUMAN#O43639",1
"GO:1903998","GO:1903998","regulation of eating behavior","1/80","30/6213",0.0333333333333333,2.58875,0.996186844841989,0.322747790401881,0.643352856884081,0.614341502761037,"XLOC-003461#NFIC-MOUSE#P70255",1
"GO:0001838","GO:0001838","embryonic epithelial tube formation","2/80","91/6213",0.021978021978022,1.70686813186813,0.775776591201995,0.327959701565556,0.648255992956802,0.619023536812688,"XLOC-026157#AP2D-HUMAN#Q7Z6R9/XLOC-002903#FZD1-XENLA#Q9I9M5",2
"GO:0030098","GO:0030098","lymphocyte differentiation","2/80","91/6213",0.021978021978022,1.70686813186813,0.775776591201995,0.327959701565556,0.648255992956802,0.619023536812688,"XLOC-002398#SVEP1-DANRE#A0A1D5NSM8/novel-gene-chr14-11626#novel-gene-chr14-11626",2
"GO:0051099","GO:0051099","positive regulation of binding","2/80","91/6213",0.021978021978022,1.70686813186813,0.775776591201995,0.327959701565556,0.648255992956802,0.619023536812688,"XLOC-015778#STPG1-XENLA#Q3KQ80/novel-gene-chr14-11626#novel-gene-chr14-11626",2
"GO:0051384","GO:0051384","response to glucocorticoid","2/80","91/6213",0.021978021978022,1.70686813186813,0.775776591201995,0.327959701565556,0.648255992956802,0.619023536812688,"XLOC-002962#LIPP-ICTTR#O88354/novel-gene-chr14-11626#novel-gene-chr14-11626",2
"GO:0098862","GO:0098862","cluster of actin-based cell projections","2/80","91/6213",0.021978021978022,1.70686813186813,0.775776591201995,0.327959701565556,0.648255992956802,0.619023536812688,"gene-evm.model.ptg000027l.83#CEL3B-MOUSE#Q9CQ52/XLOC-013451#S38A2-CHICK#Q5F468",2
"GO:2000045","GO:2000045","regulation of G1/S transition of mitotic cell cycle","2/80","91/6213",0.021978021978022,1.70686813186813,0.775776591201995,0.327959701565556,0.648255992956802,0.619023536812688,"XLOC-020780#ANM2-HUMAN#P55345/novel-gene-chr14-11626#novel-gene-chr14-11626",2
"GO:0000779","GO:0000779","condensed chromosome, centromeric region","1/80","31/6213",0.032258064516129,2.50524193548387,0.959504222619799,0.331510555526876,0.648255992956802,0.619023536812688,"novel-gene-chr14-11626#novel-gene-chr14-11626",1
"GO:0003281","GO:0003281","ventricular septum development","1/80","31/6213",0.032258064516129,2.50524193548387,0.959504222619799,0.331510555526876,0.648255992956802,0.619023536812688,"XLOC-002903#FZD1-XENLA#Q9I9M5",1
"GO:0008080","GO:0008080","N-acetyltransferase activity","1/80","31/6213",0.032258064516129,2.50524193548387,0.959504222619799,0.331510555526876,0.648255992956802,0.619023536812688,"novel-gene-chr14-11626#novel-gene-chr14-11626",1
"GO:0021602","GO:0021602","cranial nerve morphogenesis","1/80","31/6213",0.032258064516129,2.50524193548387,0.959504222619799,0.331510555526876,0.648255992956802,0.619023536812688,"XLOC-026157#AP2D-HUMAN#Q7Z6R9",1
"GO:0033866","GO:0033866","nucleoside bisphosphate biosynthetic process","1/80","31/6213",0.032258064516129,2.50524193548387,0.959504222619799,0.331510555526876,0.648255992956802,0.619023536812688,"novel-gene-chr4-9990#ACOD-SHEEP#O62849",1
"GO:0034030","GO:0034030","ribonucleoside bisphosphate biosynthetic process","1/80","31/6213",0.032258064516129,2.50524193548387,0.959504222619799,0.331510555526876,0.648255992956802,0.619023536812688,"novel-gene-chr4-9990#ACOD-SHEEP#O62849",1
"GO:0034033","GO:0034033","purine nucleoside bisphosphate biosynthetic process","1/80","31/6213",0.032258064516129,2.50524193548387,0.959504222619799,0.331510555526876,0.648255992956802,0.619023536812688,"novel-gene-chr4-9990#ACOD-SHEEP#O62849",1
"GO:0042633","GO:0042633","hair cycle","1/80","31/6213",0.032258064516129,2.50524193548387,0.959504222619799,0.331510555526876,0.648255992956802,0.619023536812688,"XLOC-026157#AP2D-HUMAN#Q7Z6R9",1
"GO:0044819","GO:0044819","mitotic G1/S transition checkpoint signaling","1/80","31/6213",0.032258064516129,2.50524193548387,0.959504222619799,0.331510555526876,0.648255992956802,0.619023536812688,"novel-gene-chr14-11626#novel-gene-chr14-11626",1
"GO:0045111","GO:0045111","intermediate filament cytoskeleton","1/80","31/6213",0.032258064516129,2.50524193548387,0.959504222619799,0.331510555526876,0.648255992956802,0.619023536812688,"XLOC-003485#CTNS-HUMAN#O60931",1
"GO:0045214","GO:0045214","sarcomere organization","1/80","31/6213",0.032258064516129,2.50524193548387,0.959504222619799,0.331510555526876,0.648255992956802,0.619023536812688,"XLOC-022444#SNTB1-HUMAN#Q13884",1
"GO:0050661","GO:0050661","NADP binding","1/80","31/6213",0.032258064516129,2.50524193548387,0.959504222619799,0.331510555526876,0.648255992956802,0.619023536812688,"XLOC-010884#QOR-RAT#Q6AYT0",1
"GO:0051019","GO:0051019","mitogen-activated protein kinase binding","1/80","31/6213",0.032258064516129,2.50524193548387,0.959504222619799,0.331510555526876,0.648255992956802,0.619023536812688,"novel-gene-chr14-11626#novel-gene-chr14-11626",1
"GO:0060999","GO:0060999","positive regulation of dendritic spine development","1/80","31/6213",0.032258064516129,2.50524193548387,0.959504222619799,0.331510555526876,0.648255992956802,0.619023536812688,"XLOC-007156#KALRN-MOUSE#A2CG49",1
"GO:1903293","GO:1903293","phosphatase complex","1/80","31/6213",0.032258064516129,2.50524193548387,0.959504222619799,0.331510555526876,0.648255992956802,0.619023536812688,"gene-evm.model.ptg000018l.1280#NCK2-HUMAN#O43639",1
"GO:0030833","GO:0030833","regulation of actin filament polymerization","2/80","92/6213",0.0217391304347826,1.6883152173913,0.759616395109822,0.332698393037509,0.648255992956802,0.619023536812688,"XLOC-007156#KALRN-MOUSE#A2CG49/gene-evm.model.ptg000018l.1280#NCK2-HUMAN#O43639",2
"GO:0046620","GO:0046620","regulation of organ growth","2/80","92/6213",0.0217391304347826,1.6883152173913,0.759616395109822,0.332698393037509,0.648255992956802,0.619023536812688,"gene-evm.model.ptg000004l.110#SODC-ONCVO#P24706/XLOC-001851#TBX20-MOUSE#Q9ES03",2
"GO:0048634","GO:0048634","regulation of muscle organ development","2/80","92/6213",0.0217391304347826,1.6883152173913,0.759616395109822,0.332698393037509,0.648255992956802,0.619023536812688,"XLOC-000223#BMP1-MOUSE#P98063/XLOC-001851#TBX20-MOUSE#Q9ES03",2
"GO:0060173","GO:0060173","limb development","2/80","92/6213",0.0217391304347826,1.6883152173913,0.759616395109822,0.332698393037509,0.648255992956802,0.619023536812688,"XLOC-026157#AP2D-HUMAN#Q7Z6R9/novel-gene-chr14-11626#novel-gene-chr14-11626",2
"GO:0061448","GO:0061448","connective tissue development","2/80","92/6213",0.0217391304347826,1.6883152173913,0.759616395109822,0.332698393037509,0.648255992956802,0.619023536812688,"XLOC-000223#BMP1-MOUSE#P98063/novel-gene-chr14-11626#novel-gene-chr14-11626",2
"GO:2001242","GO:2001242","regulation of intrinsic apoptotic signaling pathway","2/80","92/6213",0.0217391304347826,1.6883152173913,0.759616395109822,0.332698393037509,0.648255992956802,0.619023536812688,"gene-evm.model.ptg000004l.110#SODC-ONCVO#P24706/gene-evm.model.ptg000018l.1280#NCK2-HUMAN#O43639",2
"GO:0098656","GO:0098656","monoatomic anion transmembrane transport","3/80","158/6213",0.0189873417721519,1.47460443037975,0.690124574543795,0.332764212870831,0.648255992956802,0.619023536812688,"gene-evm.model.ptg000005l.755#RBP-CHICK#P02752/XLOC-003485#CTNS-HUMAN#O60931/XLOC-013451#S38A2-CHICK#Q5F468",3
"GO:0003690","GO:0003690","double-stranded DNA binding","5/80","296/6213",0.0168918918918919,1.31186655405405,0.627896564964107,0.333110306865495,0.648404341240616,0.6191651954789,"XLOC-026157#AP2D-HUMAN#Q7Z6R9/XLOC-003461#NFIC-MOUSE#P70255/XLOC-001851#TBX20-MOUSE#Q9ES03/novel-gene-chr14-11626#novel-gene-chr14-11626/XLOC-014541#HES4A-XENLA#Q90Z12",5
"GO:0030155","GO:0030155","regulation of cell adhesion","4/80","227/6213",0.0176211453744493,1.36850220264317,0.645964862653587,0.334979006311137,0.648981366949892,0.619716200790488,"XLOC-013453#FCN1-PIG#Q29042/gene-evm.model.ptg000035l.378#TRLF-DESRO#K9IMD0/XLOC-019944#FCN1-HUMAN#O00602/gene-evm.model.ptg000018l.1280#NCK2-HUMAN#O43639",4
"GO:0048568","GO:0048568","embryonic organ development","5/80","297/6213",0.0168350168350168,1.3074494949495,0.620100612955986,0.335689589727251,0.648981366949892,0.619716200790488,"gene-evm.model.ptg000004l.110#SODC-ONCVO#P24706/XLOC-026157#AP2D-HUMAN#Q7Z6R9/gene-evm.model.ptg000035l.378#TRLF-DESRO#K9IMD0/XLOC-000223#BMP1-MOUSE#P98063/XLOC-001851#TBX20-MOUSE#Q9ES03",5
"GO:0003007","GO:0003007","heart morphogenesis","3/80","159/6213",0.0188679245283019,1.46533018867925,0.678832797962073,0.336316759510777,0.648981366949892,0.619716200790488,"XLOC-026157#AP2D-HUMAN#Q7Z6R9/XLOC-001851#TBX20-MOUSE#Q9ES03/XLOC-002903#FZD1-XENLA#Q9I9M5",3
"GO:0007369","GO:0007369","gastrulation","3/80","159/6213",0.0188679245283019,1.46533018867925,0.678832797962073,0.336316759510777,0.648981366949892,0.619716200790488,"XLOC-000223#BMP1-MOUSE#P98063/XLOC-001851#TBX20-MOUSE#Q9ES03/XLOC-002903#FZD1-XENLA#Q9I9M5",3
"GO:0043405","GO:0043405","regulation of MAP kinase activity","3/80","159/6213",0.0188679245283019,1.46533018867925,0.678832797962073,0.336316759510777,0.648981366949892,0.619716200790488,"gene-evm.model.ptg000004l.110#SODC-ONCVO#P24706/XLOC-020938#SPB6-MOUSE#Q60854/XLOC-002354#DAB2P-MOUSE#Q3UHC7",3
"GO:0000775","GO:0000775","chromosome, centromeric region","2/80","93/6213",0.021505376344086,1.67016129032258,0.743651291484375,0.337428109247747,0.648981366949892,0.619716200790488,"XLOC-015621#TPC12-MOUSE#Q8K2L8/novel-gene-chr14-11626#novel-gene-chr14-11626",2
"GO:0001751","GO:0001751","compound eye photoreceptor cell differentiation","2/80","93/6213",0.021505376344086,1.67016129032258,0.743651291484375,0.337428109247747,0.648981366949892,0.619716200790488,"novel-gene-chr14-11626#novel-gene-chr14-11626/XLOC-002903#FZD1-XENLA#Q9I9M5",2
"GO:0002221","GO:0002221","pattern recognition receptor signaling pathway","1/80","32/6213",0.03125,2.426953125,0.924228930774234,0.340161340961663,0.648981366949892,0.619716200790488,"XLOC-003023#FCN2-MOUSE#O70497",1
"GO:0003208","GO:0003208","cardiac ventricle morphogenesis","1/80","32/6213",0.03125,2.426953125,0.924228930774234,0.340161340961663,0.648981366949892,0.619716200790488,"XLOC-001851#TBX20-MOUSE#Q9ES03",1
"GO:0006826","GO:0006826","iron ion transport","1/80","32/6213",0.03125,2.426953125,0.924228930774234,0.340161340961663,0.648981366949892,0.619716200790488,"XLOC-024417#HEPHL-ACRMI#B3EWZ9",1
"GO:0007589","GO:0007589","body fluid secretion","1/80","32/6213",0.03125,2.426953125,0.924228930774234,0.340161340961663,0.648981366949892,0.619716200790488,"XLOC-007156#KALRN-MOUSE#A2CG49",1
"GO:0009268","GO:0009268","response to pH","1/80","32/6213",0.03125,2.426953125,0.924228930774234,0.340161340961663,0.648981366949892,0.619716200790488,"XLOC-013451#S38A2-CHICK#Q5F468",1
"GO:0009914","GO:0009914","hormone transport","1/80","32/6213",0.03125,2.426953125,0.924228930774234,0.340161340961663,0.648981366949892,0.619716200790488,"XLOC-022444#SNTB1-HUMAN#Q13884",1
"GO:0016209","GO:0016209","antioxidant activity","1/80","32/6213",0.03125,2.426953125,0.924228930774234,0.340161340961663,0.648981366949892,0.619716200790488,"gene-evm.model.ptg000004l.110#SODC-ONCVO#P24706",1
"GO:0035112","GO:0035112","genitalia morphogenesis","1/80","32/6213",0.03125,2.426953125,0.924228930774234,0.340161340961663,0.648981366949892,0.619716200790488,"XLOC-007156#KALRN-MOUSE#A2CG49",1
"GO:0035904","GO:0035904","aorta development","1/80","32/6213",0.03125,2.426953125,0.924228930774234,0.340161340961663,0.648981366949892,0.619716200790488,"XLOC-026157#AP2D-HUMAN#Q7Z6R9",1
"GO:0042398","GO:0042398","modified amino acid biosynthetic process","1/80","32/6213",0.03125,2.426953125,0.924228930774234,0.340161340961663,0.648981366949892,0.619716200790488,"gene-evm.model.ptg000005l.77#PLOD1-CHICK#P24802",1
"GO:0046627","GO:0046627","negative regulation of insulin receptor signaling pathway","1/80","32/6213",0.03125,2.426953125,0.924228930774234,0.340161340961663,0.648981366949892,0.619716200790488,"gene-evm.model.ptg000018l.1280#NCK2-HUMAN#O43639",1
"GO:0048538","GO:0048538","thymus development","1/80","32/6213",0.03125,2.426953125,0.924228930774234,0.340161340961663,0.648981366949892,0.619716200790488,"gene-evm.model.ptg000004l.110#SODC-ONCVO#P24706",1
"GO:0048635","GO:0048635","negative regulation of muscle organ development","1/80","32/6213",0.03125,2.426953125,0.924228930774234,0.340161340961663,0.648981366949892,0.619716200790488,"XLOC-000223#BMP1-MOUSE#P98063",1
"GO:0048641","GO:0048641","regulation of skeletal muscle tissue development","1/80","32/6213",0.03125,2.426953125,0.924228930774234,0.340161340961663,0.648981366949892,0.619716200790488,"XLOC-000223#BMP1-MOUSE#P98063",1
"GO:0060323","GO:0060323","head morphogenesis","1/80","32/6213",0.03125,2.426953125,0.924228930774234,0.340161340961663,0.648981366949892,0.619716200790488,"XLOC-026157#AP2D-HUMAN#Q7Z6R9",1
"GO:0070167","GO:0070167","regulation of biomineral tissue development","1/80","32/6213",0.03125,2.426953125,0.924228930774234,0.340161340961663,0.648981366949892,0.619716200790488,"XLOC-026157#AP2D-HUMAN#Q7Z6R9",1
"GO:0098773","GO:0098773","skin epidermis development","1/80","32/6213",0.03125,2.426953125,0.924228930774234,0.340161340961663,0.648981366949892,0.619716200790488,"XLOC-026157#AP2D-HUMAN#Q7Z6R9",1
"GO:1990841","GO:1990841","promoter-specific chromatin binding","1/80","32/6213",0.03125,2.426953125,0.924228930774234,0.340161340961663,0.648981366949892,0.619716200790488,"novel-gene-chr14-11626#novel-gene-chr14-11626",1
"GO:0097485","GO:0097485","neuron projection guidance","4/80","229/6213",0.0174672489082969,1.35655021834061,0.627865890467785,0.340888083282908,0.649851727020275,0.620547312843323,"XLOC-000011#NID2-RAT#B5DFC9/XLOC-000223#BMP1-MOUSE#P98063/XLOC-007156#KALRN-MOUSE#A2CG49/XLOC-001851#TBX20-MOUSE#Q9ES03",4
"GO:0010608","GO:0010608","post-transcriptional regulation of gene expression","5/80","300/6213",0.0166666666666667,1.294375,0.596872880865692,0.343439350641028,0.653849450953921,0.624364763411453,"XLOC-015811#TSAP1-HUMAN#Q9NX07/XLOC-004982#ENDOU-XENTR#B1H3D5/XLOC-019521#TISB-HUMAN#Q07352/novel-gene-chr14-11626#novel-gene-chr14-11626/gene-evm.model.ptg000018l.1280#NCK2-HUMAN#O43639",5
"GO:0044297","GO:0044297","cell body","7/80","444/6213",0.0157657657657658,1.22440878378378,0.560409259334253,0.346187233792519,0.653849450953921,0.624364763411453,"gene-evm.model.ptg000004l.110#SODC-ONCVO#P24706/XLOC-026168#CTRB1-MOUSE#Q9CR35/XLOC-007156#KALRN-MOUSE#A2CG49/XLOC-021538#RPGP1-HUMAN#P47736/XLOC-013451#S38A2-CHICK#Q5F468/XLOC-000920#RB6I2-RAT#Q811U3/XLOC-002354#DAB2P-MOUSE#Q3UHC7",7
"GO:0060359","GO:0060359","response to ammonium ion","2/80","95/6213",0.0210526315789474,1.635,0.712287013472954,0.346858428377359,0.653849450953921,0.624364763411453,"XLOC-007156#KALRN-MOUSE#A2CG49/XLOC-012867#MLP3A-BOVIN#Q2HJ23",2
"GO:1901991","GO:1901991","negative regulation of mitotic cell cycle phase transition","2/80","95/6213",0.0210526315789474,1.635,0.712287013472954,0.346858428377359,0.653849450953921,0.624364763411453,"XLOC-020780#ANM2-HUMAN#P55345/novel-gene-chr14-11626#novel-gene-chr14-11626",2
"GO:1902105","GO:1902105","regulation of leukocyte differentiation","2/80","95/6213",0.0210526315789474,1.635,0.712287013472954,0.346858428377359,0.653849450953921,0.624364763411453,"gene-evm.model.ptg000004l.110#SODC-ONCVO#P24706/XLOC-002398#SVEP1-DANRE#A0A1D5NSM8",2
"GO:0007584","GO:0007584","response to nutrient","3/80","162/6213",0.0185185185185185,1.43819444444444,0.64540902294786,0.346970214747005,0.653849450953921,0.624364763411453,"gene-evm.model.ptg000004l.110#SODC-ONCVO#P24706/XLOC-024417#HEPHL-ACRMI#B3EWZ9/XLOC-002903#FZD1-XENLA#Q9I9M5",3
"GO:0006760","GO:0006760","folic acid-containing compound metabolic process","1/80","33/6213",0.0303030303030303,2.35340909090909,0.890258351361278,0.348701559813478,0.653849450953921,0.624364763411453,"gene-evm.model.ptg000009l.493#GGH-HUMAN#Q92820",1
"GO:0007266","GO:0007266","Rho protein signal transduction","1/80","33/6213",0.0303030303030303,2.35340909090909,0.890258351361278,0.348701559813478,0.653849450953921,0.624364763411453,"XLOC-007156#KALRN-MOUSE#A2CG49",1
"GO:0008023","GO:0008023","transcription elongation factor complex","1/80","33/6213",0.0303030303030303,2.35340909090909,0.890258351361278,0.348701559813478,0.653849450953921,0.624364763411453,"XLOC-025616#ELL2-MOUSE#Q3UKU1",1
"GO:0009225","GO:0009225","nucleotide-sugar metabolic process","1/80","33/6213",0.0303030303030303,2.35340909090909,0.890258351361278,0.348701559813478,0.653849450953921,0.624364763411453,"gene-evm.model.ptg000005l.77#PLOD1-CHICK#P24802",1
"GO:0016706","GO:0016706","2-oxoglutarate-dependent dioxygenase activity","1/80","33/6213",0.0303030303030303,2.35340909090909,0.890258351361278,0.348701559813478,0.653849450953921,0.624364763411453,"gene-evm.model.ptg000005l.77#PLOD1-CHICK#P24802",1
"GO:0019894","GO:0019894","kinesin binding","1/80","33/6213",0.0303030303030303,2.35340909090909,0.890258351361278,0.348701559813478,0.653849450953921,0.624364763411453,"XLOC-011359#CROCC-HUMAN#Q5TZA2",1
"GO:0022600","GO:0022600","digestive system process","1/80","33/6213",0.0303030303030303,2.35340909090909,0.890258351361278,0.348701559813478,0.653849450953921,0.624364763411453,"XLOC-002962#LIPP-ICTTR#O88354",1
"GO:0035023","GO:0035023","regulation of Rho protein signal transduction","1/80","33/6213",0.0303030303030303,2.35340909090909,0.890258351361278,0.348701559813478,0.653849450953921,0.624364763411453,"XLOC-007156#KALRN-MOUSE#A2CG49",1
"GO:0046902","GO:0046902","regulation of mitochondrial membrane permeability","1/80","33/6213",0.0303030303030303,2.35340909090909,0.890258351361278,0.348701559813478,0.653849450953921,0.624364763411453,"XLOC-015778#STPG1-XENLA#Q3KQ80",1
"GO:0060119","GO:0060119","inner ear receptor cell development","1/80","33/6213",0.0303030303030303,2.35340909090909,0.890258351361278,0.348701559813478,0.653849450953921,0.624364763411453,"gene-evm.model.ptg000004l.110#SODC-ONCVO#P24706",1
"GO:0097718","GO:0097718","disordered domain specific binding","1/80","33/6213",0.0303030303030303,2.35340909090909,0.890258351361278,0.348701559813478,0.653849450953921,0.624364763411453,"novel-gene-chr14-11626#novel-gene-chr14-11626",1
"GO:0099175","GO:0099175","regulation of postsynapse organization","1/80","33/6213",0.0303030303030303,2.35340909090909,0.890258351361278,0.348701559813478,0.653849450953921,0.624364763411453,"XLOC-007156#KALRN-MOUSE#A2CG49",1
"GO:1900408","GO:1900408","negative regulation of cellular response to oxidative stress","1/80","33/6213",0.0303030303030303,2.35340909090909,0.890258351361278,0.348701559813478,0.653849450953921,0.624364763411453,"XLOC-002903#FZD1-XENLA#Q9I9M5",1
"GO:1901862","GO:1901862","negative regulation of muscle tissue development","1/80","33/6213",0.0303030303030303,2.35340909090909,0.890258351361278,0.348701559813478,0.653849450953921,0.624364763411453,"XLOC-000223#BMP1-MOUSE#P98063",1
"GO:1905207","GO:1905207","regulation of cardiocyte differentiation","1/80","33/6213",0.0303030303030303,2.35340909090909,0.890258351361278,0.348701559813478,0.653849450953921,0.624364763411453,"XLOC-001851#TBX20-MOUSE#Q9ES03",1
"GO:0005975","GO:0005975","carbohydrate metabolic process","4/80","232/6213",0.0172413793103448,1.33900862068966,0.601024350761964,0.349760241734142,0.654812237447708,0.625284134010498,"XLOC-012475#BGAL-FELCA#O19015/XLOC-026157#AP2D-HUMAN#Q7Z6R9/XLOC-010998#MA2B1-MACFA#Q60HE9/XLOC-003833#NAGAB-CHICK#Q90744",4
"GO:0007169","GO:0007169","cell surface receptor protein tyrosine kinase signaling pathway","4/80","232/6213",0.0172413793103448,1.33900862068966,0.601024350761964,0.349760241734142,0.654812237447708,0.625284134010498,"XLOC-000223#BMP1-MOUSE#P98063/XLOC-007156#KALRN-MOUSE#A2CG49/gene-evm.model.ptg000018l.1280#NCK2-HUMAN#O43639/XLOC-002354#DAB2P-MOUSE#Q3UHC7",4
"GO:0008064","GO:0008064","regulation of actin polymerization or depolymerization","2/80","96/6213",0.0208333333333333,1.61796875,0.696878594461612,0.35155797549796,0.657153507506692,0.627519826836006,"XLOC-007156#KALRN-MOUSE#A2CG49/gene-evm.model.ptg000018l.1280#NCK2-HUMAN#O43639",2
"GO:0030832","GO:0030832","regulation of actin filament length","2/80","96/6213",0.0208333333333333,1.61796875,0.696878594461612,0.35155797549796,0.657153507506692,0.627519826836006,"XLOC-007156#KALRN-MOUSE#A2CG49/gene-evm.model.ptg000018l.1280#NCK2-HUMAN#O43639",2
"GO:0060090","GO:0060090","molecular adaptor activity","2/80","97/6213",0.0206185567010309,1.60128865979381,0.681646762946969,0.35624643517614,0.657342929819221,0.627700707338658,"gene-evm.model.ptg000018l.1280#NCK2-HUMAN#O43639/XLOC-002354#DAB2P-MOUSE#Q3UHC7",2
"GO:0060485","GO:0060485","mesenchyme development","2/80","97/6213",0.0206185567010309,1.60128865979381,0.681646762946969,0.35624643517614,0.657342929819221,0.627700707338658,"XLOC-026157#AP2D-HUMAN#Q7Z6R9/XLOC-001851#TBX20-MOUSE#Q9ES03",2
"GO:0030097","GO:0030097","hemopoiesis","5/80","305/6213",0.0163934426229508,1.27315573770492,0.55868143302296,0.356388052226009,0.657342929819221,0.627700707338658,"gene-evm.model.ptg000022l.488#RBGP1-MOUSE#A2AWA9/XLOC-000223#BMP1-MOUSE#P98063/XLOC-002398#SVEP1-DANRE#A0A1D5NSM8/XLOC-001851#TBX20-MOUSE#Q9ES03/novel-gene-chr14-11626#novel-gene-chr14-11626",5
"GO:0001541","GO:0001541","ovarian follicle development","1/80","34/6213",0.0294117647058824,2.28419117647059,0.857500293174721,0.357132607582882,0.657342929819221,0.627700707338658,"gene-evm.model.ptg000004l.110#SODC-ONCVO#P24706",1
"GO:0003407","GO:0003407","neural retina development","1/80","34/6213",0.0294117647058824,2.28419117647059,0.857500293174721,0.357132607582882,0.657342929819221,0.627700707338658,"XLOC-026157#AP2D-HUMAN#Q7Z6R9",1
"GO:0006835","GO:0006835","dicarboxylic acid transport","1/80","34/6213",0.0294117647058824,2.28419117647059,0.857500293174721,0.357132607582882,0.657342929819221,0.627700707338658,"XLOC-013451#S38A2-CHICK#Q5F468",1
"GO:0006911","GO:0006911","phagocytosis, engulfment","1/80","34/6213",0.0294117647058824,2.28419117647059,0.857500293174721,0.357132607582882,0.657342929819221,0.627700707338658,"XLOC-007156#KALRN-MOUSE#A2CG49",1
"GO:0007367","GO:0007367","segment polarity determination","1/80","34/6213",0.0294117647058824,2.28419117647059,0.857500293174721,0.357132607582882,0.657342929819221,0.627700707338658,"XLOC-002903#FZD1-XENLA#Q9I9M5",1
"GO:0008637","GO:0008637","apoptotic mitochondrial changes","1/80","34/6213",0.0294117647058824,2.28419117647059,0.857500293174721,0.357132607582882,0.657342929819221,0.627700707338658,"XLOC-015778#STPG1-XENLA#Q3KQ80",1
"GO:0010172","GO:0010172","embryonic body morphogenesis","1/80","34/6213",0.0294117647058824,2.28419117647059,0.857500293174721,0.357132607582882,0.657342929819221,0.627700707338658,"XLOC-026157#AP2D-HUMAN#Q7Z6R9",1
"GO:0015030","GO:0015030","Cajal body","1/80","34/6213",0.0294117647058824,2.28419117647059,0.857500293174721,0.357132607582882,0.657342929819221,0.627700707338658,"XLOC-025616#ELL2-MOUSE#Q3UKU1",1
"GO:0032809","GO:0032809","neuronal cell body membrane","1/80","34/6213",0.0294117647058824,2.28419117647059,0.857500293174721,0.357132607582882,0.657342929819221,0.627700707338658,"XLOC-002354#DAB2P-MOUSE#Q3UHC7",1
"GO:0035580","GO:0035580","specific granule lumen","1/80","34/6213",0.0294117647058824,2.28419117647059,0.857500293174721,0.357132607582882,0.657342929819221,0.627700707338658,"XLOC-008889#CATZ-BOVIN#P05689",1
"GO:0044298","GO:0044298","cell body membrane","1/80","34/6213",0.0294117647058824,2.28419117647059,0.857500293174721,0.357132607582882,0.657342929819221,0.627700707338658,"XLOC-002354#DAB2P-MOUSE#Q3UHC7",1
"GO:0051966","GO:0051966","regulation of synaptic transmission, glutamatergic","1/80","34/6213",0.0294117647058824,2.28419117647059,0.857500293174721,0.357132607582882,0.657342929819221,0.627700707338658,"XLOC-007156#KALRN-MOUSE#A2CG49",1
"GO:0061035","GO:0061035","regulation of cartilage development","1/80","34/6213",0.0294117647058824,2.28419117647059,0.857500293174721,0.357132607582882,0.657342929819221,0.627700707338658,"XLOC-000223#BMP1-MOUSE#P98063",1
"GO:0070849","GO:0070849","response to epidermal growth factor","1/80","34/6213",0.0294117647058824,2.28419117647059,0.857500293174721,0.357132607582882,0.657342929819221,0.627700707338658,"XLOC-002354#DAB2P-MOUSE#Q3UHC7",1
"GO:0097191","GO:0097191","extrinsic apoptotic signaling pathway","1/80","34/6213",0.0294117647058824,2.28419117647059,0.857500293174721,0.357132607582882,0.657342929819221,0.627700707338658,"XLOC-002354#DAB2P-MOUSE#Q3UHC7",1
"GO:0098869","GO:0098869","cellular oxidant detoxification","1/80","34/6213",0.0294117647058824,2.28419117647059,0.857500293174721,0.357132607582882,0.657342929819221,0.627700707338658,"gene-evm.model.ptg000004l.110#SODC-ONCVO#P24706",1
"GO:1900077","GO:1900077","negative regulation of cellular response to insulin stimulus","1/80","34/6213",0.0294117647058824,2.28419117647059,0.857500293174721,0.357132607582882,0.657342929819221,0.627700707338658,"gene-evm.model.ptg000018l.1280#NCK2-HUMAN#O43639",1
"GO:0040029","GO:0040029","epigenetic regulation of gene expression","3/80","165/6213",0.0181818181818182,1.41204545454545,0.612640132808417,0.357611415475601,0.657720229687897,0.628060993246824,"XLOC-026157#AP2D-HUMAN#Q7Z6R9/XLOC-019521#TISB-HUMAN#Q07352/novel-gene-chr14-11626#novel-gene-chr14-11626",3
"GO:0001709","GO:0001709","cell fate determination","2/80","98/6213",0.0204081632653061,1.58494897959184,0.666587291468657,0.360923316162955,0.657784805655861,0.628122657226049,"XLOC-001851#TBX20-MOUSE#Q9ES03/XLOC-002903#FZD1-XENLA#Q9I9M5",2
"GO:0010952","GO:0010952","positive regulation of peptidase activity","2/80","98/6213",0.0204081632653061,1.58494897959184,0.666587291468657,0.360923316162955,0.657784805655861,0.628122657226049,"XLOC-020938#SPB6-MOUSE#Q60854/XLOC-002398#SVEP1-DANRE#A0A1D5NSM8",2
"GO:0000049","GO:0000049","tRNA binding","1/80","35/6213",0.0285714285714286,2.21892857142857,0.825871656897124,0.36545586238032,0.657784805655861,0.628122657226049,"XLOC-015811#TSAP1-HUMAN#Q9NX07",1
"GO:0001570","GO:0001570","vasculogenesis","1/80","35/6213",0.0285714285714286,2.21892857142857,0.825871656897124,0.36545586238032,0.657784805655861,0.628122657226049,"XLOC-001851#TBX20-MOUSE#Q9ES03",1
"GO:0001892","GO:0001892","embryonic placenta development","1/80","35/6213",0.0285714285714286,2.21892857142857,0.825871656897124,0.36545586238032,0.657784805655861,0.628122657226049,"gene-evm.model.ptg000035l.378#TRLF-DESRO#K9IMD0",1
"GO:0002011","GO:0002011","morphogenesis of an epithelial sheet","1/80","35/6213",0.0285714285714286,2.21892857142857,0.825871656897124,0.36545586238032,0.657784805655861,0.628122657226049,"XLOC-001851#TBX20-MOUSE#Q9ES03",1
"GO:0004860","GO:0004860","protein kinase inhibitor activity","1/80","35/6213",0.0285714285714286,2.21892857142857,0.825871656897124,0.36545586238032,0.657784805655861,0.628122657226049,"gene-evm.model.ptg000018l.1280#NCK2-HUMAN#O43639",1
"GO:0016605","GO:0016605","PML body","1/80","35/6213",0.0285714285714286,2.21892857142857,0.825871656897124,0.36545586238032,0.657784805655861,0.628122657226049,"novel-gene-chr14-11626#novel-gene-chr14-11626",1
"GO:0016667","GO:0016667","oxidoreductase activity, acting on a sulfur group of donors","1/80","35/6213",0.0285714285714286,2.21892857142857,0.825871656897124,0.36545586238032,0.657784805655861,0.628122657226049,"XLOC-002968#GILT-DANRE#Q5XJN2",1
"GO:0016860","GO:0016860","intramolecular oxidoreductase activity","1/80","35/6213",0.0285714285714286,2.21892857142857,0.825871656897124,0.36545586238032,0.657784805655861,0.628122657226049,"XLOC-025017#CP3AO-SHEEP#Q29496",1
"GO:0030971","GO:0030971","receptor tyrosine kinase binding","1/80","35/6213",0.0285714285714286,2.21892857142857,0.825871656897124,0.36545586238032,0.657784805655861,0.628122657226049,"gene-evm.model.ptg000018l.1280#NCK2-HUMAN#O43639",1
"GO:0031369","GO:0031369","translation initiation factor binding","1/80","35/6213",0.0285714285714286,2.21892857142857,0.825871656897124,0.36545586238032,0.657784805655861,0.628122657226049,"gene-evm.model.ptg000018l.1280#NCK2-HUMAN#O43639",1
"GO:0042307","GO:0042307","positive regulation of protein import into nucleus","1/80","35/6213",0.0285714285714286,2.21892857142857,0.825871656897124,0.36545586238032,0.657784805655861,0.628122657226049,"novel-gene-chr14-11626#novel-gene-chr14-11626",1
"GO:0042475","GO:0042475","odontogenesis of dentin-containing tooth","1/80","35/6213",0.0285714285714286,2.21892857142857,0.825871656897124,0.36545586238032,0.657784805655861,0.628122657226049,"XLOC-003461#NFIC-MOUSE#P70255",1
"GO:0046332","GO:0046332","SMAD binding","1/80","35/6213",0.0285714285714286,2.21892857142857,0.825871656897124,0.36545586238032,0.657784805655861,0.628122657226049,"novel-gene-chr14-11626#novel-gene-chr14-11626",1
"GO:0046915","GO:0046915","transition metal ion transmembrane transporter activity","1/80","35/6213",0.0285714285714286,2.21892857142857,0.825871656897124,0.36545586238032,0.657784805655861,0.628122657226049,"gene-evm.model.ptg000003l.459#ZNT1-MACFA#Q4R6K2",1
"GO:0048786","GO:0048786","presynaptic active zone","1/80","35/6213",0.0285714285714286,2.21892857142857,0.825871656897124,0.36545586238032,0.657784805655861,0.628122657226049,"XLOC-000920#RB6I2-RAT#Q811U3",1
"GO:0050771","GO:0050771","negative regulation of axonogenesis","1/80","35/6213",0.0285714285714286,2.21892857142857,0.825871656897124,0.36545586238032,0.657784805655861,0.628122657226049,"XLOC-002354#DAB2P-MOUSE#Q3UHC7",1
"GO:0070301","GO:0070301","cellular response to hydrogen peroxide","1/80","35/6213",0.0285714285714286,2.21892857142857,0.825871656897124,0.36545586238032,0.657784805655861,0.628122657226049,"XLOC-012867#MLP3A-BOVIN#Q2HJ23",1
"GO:0070373","GO:0070373","negative regulation of ERK1 and ERK2 cascade","1/80","35/6213",0.0285714285714286,2.21892857142857,0.825871656897124,0.36545586238032,0.657784805655861,0.628122657226049,"XLOC-002354#DAB2P-MOUSE#Q3UHC7",1
"GO:0071548","GO:0071548","response to dexamethasone","1/80","35/6213",0.0285714285714286,2.21892857142857,0.825871656897124,0.36545586238032,0.657784805655861,0.628122657226049,"novel-gene-chr14-11626#novel-gene-chr14-11626",1
"GO:0072350","GO:0072350","tricarboxylic acid metabolic process","1/80","35/6213",0.0285714285714286,2.21892857142857,0.825871656897124,0.36545586238032,0.657784805655861,0.628122657226049,"XLOC-010474#SDHF2-CULQU#B0XK69",1
"GO:1901682","GO:1901682","sulfur compound transmembrane transporter activity","1/80","35/6213",0.0285714285714286,2.21892857142857,0.825871656897124,0.36545586238032,0.657784805655861,0.628122657226049,"XLOC-003485#CTNS-HUMAN#O60931",1
"GO:1902930","GO:1902930","regulation of alcohol biosynthetic process","1/80","35/6213",0.0285714285714286,2.21892857142857,0.825871656897124,0.36545586238032,0.657784805655861,0.628122657226049,"gene-evm.model.ptg000004l.110#SODC-ONCVO#P24706",1
"GO:1903524","GO:1903524","positive regulation of blood circulation","1/80","35/6213",0.0285714285714286,2.21892857142857,0.825871656897124,0.36545586238032,0.657784805655861,0.628122657226049,"XLOC-025017#CP3AO-SHEEP#Q29496",1
"GO:1990748","GO:1990748","cellular detoxification","1/80","35/6213",0.0285714285714286,2.21892857142857,0.825871656897124,0.36545586238032,0.657784805655861,0.628122657226049,"gene-evm.model.ptg000004l.110#SODC-ONCVO#P24706",1
"GO:0001664","GO:0001664","G protein-coupled receptor binding","2/80","99/6213",0.0202020202020202,1.56893939393939,0.651696097845621,0.365588141361605,0.657784805655861,0.628122657226049,"XLOC-003023#FCN2-MOUSE#O70497/XLOC-002903#FZD1-XENLA#Q9I9M5",2
"GO:1901981","GO:1901981","phosphatidylinositol phosphate binding","2/80","99/6213",0.0202020202020202,1.56893939393939,0.651696097845621,0.365588141361605,0.657784805655861,0.628122657226049,"XLOC-011926#PKHF2-CHICK#Q5ZLY5/XLOC-002354#DAB2P-MOUSE#Q3UHC7",2
"GO:1902806","GO:1902806","regulation of cell cycle G1/S phase transition","2/80","99/6213",0.0202020202020202,1.56893939393939,0.651696097845621,0.365588141361605,0.657784805655861,0.628122657226049,"XLOC-020780#ANM2-HUMAN#P55345/novel-gene-chr14-11626#novel-gene-chr14-11626",2
"GO:0005085","GO:0005085","guanyl-nucleotide exchange factor activity","2/80","100/6213",0.02,1.55325,0.636969238736803,0.370240447552492,0.659486987293451,0.629748080683829,"XLOC-015621#TPC12-MOUSE#Q8K2L8/XLOC-007156#KALRN-MOUSE#A2CG49",2
"GO:0007269","GO:0007269","neurotransmitter secretion","2/80","100/6213",0.02,1.55325,0.636969238736803,0.370240447552492,0.659486987293451,0.629748080683829,"XLOC-000920#RB6I2-RAT#Q811U3/novel-gene-chr14-11626#novel-gene-chr14-11626",2
"GO:0031960","GO:0031960","response to corticosteroid","2/80","100/6213",0.02,1.55325,0.636969238736803,0.370240447552492,0.659486987293451,0.629748080683829,"XLOC-002962#LIPP-ICTTR#O88354/novel-gene-chr14-11626#novel-gene-chr14-11626",2
"GO:0072175","GO:0072175","epithelial tube formation","2/80","100/6213",0.02,1.55325,0.636969238736803,0.370240447552492,0.659486987293451,0.629748080683829,"XLOC-026157#AP2D-HUMAN#Q7Z6R9/XLOC-002903#FZD1-XENLA#Q9I9M5",2
"GO:0099643","GO:0099643","signal release from synapse","2/80","100/6213",0.02,1.55325,0.636969238736803,0.370240447552492,0.659486987293451,0.629748080683829,"XLOC-000920#RB6I2-RAT#Q811U3/novel-gene-chr14-11626#novel-gene-chr14-11626",2
"GO:0038023","GO:0038023","signaling receptor activity","3/80","169/6213",0.0177514792899408,1.37862426035503,0.569919867872571,0.371767814823664,0.659486987293451,0.629748080683829,"XLOC-003023#FCN2-MOUSE#O70497/XLOC-002398#SVEP1-DANRE#A0A1D5NSM8/XLOC-002903#FZD1-XENLA#Q9I9M5",3
"GO:0007167","GO:0007167","enzyme-linked receptor protein signaling pathway","5/80","311/6213",0.0160771704180064,1.24859324758842,0.513681771411187,0.371961661042833,0.659486987293451,0.629748080683829,"XLOC-022170#FSTL1-MACFA#Q9GKY0/XLOC-000223#BMP1-MOUSE#P98063/XLOC-007156#KALRN-MOUSE#A2CG49/gene-evm.model.ptg000018l.1280#NCK2-HUMAN#O43639/XLOC-002354#DAB2P-MOUSE#Q3UHC7",5
"GO:0000045","GO:0000045","autophagosome assembly","1/80","36/6213",0.0277777777777778,2.15729166666667,0.795297304124575,0.373672685140044,0.659486987293451,0.629748080683829,"XLOC-012867#MLP3A-BOVIN#Q2HJ23",1
"GO:0002698","GO:0002698","negative regulation of immune effector process","1/80","36/6213",0.0277777777777778,2.15729166666667,0.795297304124575,0.373672685140044,0.659486987293451,0.629748080683829,"XLOC-002398#SVEP1-DANRE#A0A1D5NSM8",1
"GO:0002920","GO:0002920","regulation of humoral immune response","1/80","36/6213",0.0277777777777778,2.15729166666667,0.795297304124575,0.373672685140044,0.659486987293451,0.629748080683829,"XLOC-002398#SVEP1-DANRE#A0A1D5NSM8",1
"GO:0003382","GO:0003382","epithelial cell morphogenesis","1/80","36/6213",0.0277777777777778,2.15729166666667,0.795297304124575,0.373672685140044,0.659486987293451,0.629748080683829,"gene-evm.model.ptg000005l.77#PLOD1-CHICK#P24802",1
"GO:0007274","GO:0007274","neuromuscular synaptic transmission","1/80","36/6213",0.0277777777777778,2.15729166666667,0.795297304124575,0.373672685140044,0.659486987293451,0.629748080683829,"XLOC-000920#RB6I2-RAT#Q811U3",1
"GO:0007442","GO:0007442","hindgut morphogenesis","1/80","36/6213",0.0277777777777778,2.15729166666667,0.795297304124575,0.373672685140044,0.659486987293451,0.629748080683829,"XLOC-001851#TBX20-MOUSE#Q9ES03",1
"GO:0014032","GO:0014032","neural crest cell development","1/80","36/6213",0.0277777777777778,2.15729166666667,0.795297304124575,0.373672685140044,0.659486987293451,0.629748080683829,"XLOC-026157#AP2D-HUMAN#Q7Z6R9",1
"GO:0030134","GO:0030134","COPII-coated ER to Golgi transport vesicle","1/80","36/6213",0.0277777777777778,2.15729166666667,0.795297304124575,0.373672685140044,0.659486987293451,0.629748080683829,"XLOC-008889#CATZ-BOVIN#P05689",1
"GO:0030330","GO:0030330","DNA damage response, signal transduction by p53 class mediator","1/80","36/6213",0.0277777777777778,2.15729166666667,0.795297304124575,0.373672685140044,0.659486987293451,0.629748080683829,"novel-gene-chr14-11626#novel-gene-chr14-11626",1
"GO:0031338","GO:0031338","regulation of vesicle fusion","1/80","36/6213",0.0277777777777778,2.15729166666667,0.795297304124575,0.373672685140044,0.659486987293451,0.629748080683829,"gene-evm.model.ptg000022l.488#RBGP1-MOUSE#A2AWA9",1
"GO:0035019","GO:0035019","somatic stem cell population maintenance","1/80","36/6213",0.0277777777777778,2.15729166666667,0.795297304124575,0.373672685140044,0.659486987293451,0.629748080683829,"XLOC-026157#AP2D-HUMAN#Q7Z6R9",1
"GO:0043388","GO:0043388","positive regulation of DNA binding","1/80","36/6213",0.0277777777777778,2.15729166666667,0.795297304124575,0.373672685140044,0.659486987293451,0.629748080683829,"novel-gene-chr14-11626#novel-gene-chr14-11626",1
"GO:0046717","GO:0046717","acid secretion","1/80","36/6213",0.0277777777777778,2.15729166666667,0.795297304124575,0.373672685140044,0.659486987293451,0.629748080683829,"XLOC-013451#S38A2-CHICK#Q5F468",1
"GO:0048306","GO:0048306","calcium-dependent protein binding","1/80","36/6213",0.0277777777777778,2.15729166666667,0.795297304124575,0.373672685140044,0.659486987293451,0.629748080683829,"XLOC-003023#FCN2-MOUSE#O70497",1
"GO:0050885","GO:0050885","neuromuscular process controlling balance","1/80","36/6213",0.0277777777777778,2.15729166666667,0.795297304124575,0.373672685140044,0.659486987293451,0.629748080683829,"gene-evm.model.ptg000055l.299#TPP1-DANRE#F8W2M8",1
"GO:0055021","GO:0055021","regulation of cardiac muscle tissue growth","1/80","36/6213",0.0277777777777778,2.15729166666667,0.795297304124575,0.373672685140044,0.659486987293451,0.629748080683829,"XLOC-001851#TBX20-MOUSE#Q9ES03",1
"GO:0060042","GO:0060042","retina morphogenesis in camera-type eye","1/80","36/6213",0.0277777777777778,2.15729166666667,0.795297304124575,0.373672685140044,0.659486987293451,0.629748080683829,"XLOC-026157#AP2D-HUMAN#Q7Z6R9",1
"GO:1901985","GO:1901985","positive regulation of protein acetylation","1/80","36/6213",0.0277777777777778,2.15729166666667,0.795297304124575,0.373672685140044,0.659486987293451,0.629748080683829,"novel-gene-chr14-11626#novel-gene-chr14-11626",1
"GO:1902883","GO:1902883","negative regulation of response to oxidative stress","1/80","36/6213",0.0277777777777778,2.15729166666667,0.795297304124575,0.373672685140044,0.659486987293451,0.629748080683829,"XLOC-002903#FZD1-XENLA#Q9I9M5",1
"GO:0048588","GO:0048588","developmental cell growth","2/80","101/6213",0.0198019801980198,1.53787128712871,0.622402903549377,0.374879785122863,0.660646547223124,0.630855351417322,"XLOC-020780#ANM2-HUMAN#P55345/XLOC-002903#FZD1-XENLA#Q9I9M5",2
"GO:0050796","GO:0050796","regulation of insulin secretion","2/80","101/6213",0.0198019801980198,1.53787128712871,0.622402903549377,0.374879785122863,0.660646547223124,0.630855351417322,"XLOC-026157#AP2D-HUMAN#Q7Z6R9/XLOC-014474#TMPS5-HUMAN#Q9H3S3",2
"GO:0043565","GO:0043565","sequence-specific DNA binding","5/80","313/6213",0.0159744408945687,1.24061501597444,0.498876589288309,0.377157341320426,0.662127203202264,0.632269238694831,"XLOC-026157#AP2D-HUMAN#Q7Z6R9/XLOC-003461#NFIC-MOUSE#P70255/XLOC-001851#TBX20-MOUSE#Q9ES03/novel-gene-chr14-11626#novel-gene-chr14-11626/XLOC-014541#HES4A-XENLA#Q90Z12",5
"GO:0010948","GO:0010948","negative regulation of cell cycle process","3/80","171/6213",0.0175438596491228,1.3625,0.548959038838223,0.378827617692091,0.662127203202264,0.632269238694831,"XLOC-020780#ANM2-HUMAN#P55345/novel-gene-chr14-11626#novel-gene-chr14-11626/XLOC-002354#DAB2P-MOUSE#Q3UHC7",3
"GO:0001656","GO:0001656","metanephros development","1/80","37/6213",0.027027027027027,2.09898648648649,0.765709094384966,0.381784419831447,0.662127203202264,0.632269238694831,"XLOC-026157#AP2D-HUMAN#Q7Z6R9",1
"GO:0006690","GO:0006690","icosanoid metabolic process","1/80","37/6213",0.027027027027027,2.09898648648649,0.765709094384966,0.381784419831447,0.662127203202264,0.632269238694831,"XLOC-025017#CP3AO-SHEEP#Q29496",1
"GO:0006959","GO:0006959","humoral immune response","1/80","37/6213",0.027027027027027,2.09898648648649,0.765709094384966,0.381784419831447,0.662127203202264,0.632269238694831,"XLOC-003023#FCN2-MOUSE#O70497",1
"GO:0014031","GO:0014031","mesenchymal cell development","1/80","37/6213",0.027027027027027,2.09898648648649,0.765709094384966,0.381784419831447,0.662127203202264,0.632269238694831,"XLOC-026157#AP2D-HUMAN#Q7Z6R9",1
"GO:0016410","GO:0016410","N-acyltransferase activity","1/80","37/6213",0.027027027027027,2.09898648648649,0.765709094384966,0.381784419831447,0.662127203202264,0.632269238694831,"novel-gene-chr14-11626#novel-gene-chr14-11626",1
"GO:0021872","GO:0021872","forebrain generation of neurons","1/80","37/6213",0.027027027027027,2.09898648648649,0.765709094384966,0.381784419831447,0.662127203202264,0.632269238694831,"XLOC-026157#AP2D-HUMAN#Q7Z6R9",1
"GO:0030901","GO:0030901","midbrain development","1/80","37/6213",0.027027027027027,2.09898648648649,0.765709094384966,0.381784419831447,0.662127203202264,0.632269238694831,"XLOC-002903#FZD1-XENLA#Q9I9M5",1
"GO:0034766","GO:0034766","negative regulation of monoatomic ion transmembrane transport","1/80","37/6213",0.027027027027027,2.09898648648649,0.765709094384966,0.381784419831447,0.662127203202264,0.632269238694831,"XLOC-022444#SNTB1-HUMAN#Q13884",1
"GO:0040003","GO:0040003","chitin-based cuticle development","1/80","37/6213",0.027027027027027,2.09898648648649,0.765709094384966,0.381784419831447,0.662127203202264,0.632269238694831,"XLOC-002903#FZD1-XENLA#Q9I9M5",1
"GO:0045494","GO:0045494","photoreceptor cell maintenance","1/80","37/6213",0.027027027027027,2.09898648648649,0.765709094384966,0.381784419831447,0.662127203202264,0.632269238694831,"XLOC-011359#CROCC-HUMAN#Q5TZA2",1
"GO:0051155","GO:0051155","positive regulation of striated muscle cell differentiation","1/80","37/6213",0.027027027027027,2.09898648648649,0.765709094384966,0.381784419831447,0.662127203202264,0.632269238694831,"novel-gene-chr14-11626#novel-gene-chr14-11626",1
"GO:0051310","GO:0051310","metaphase chromosome alignment","1/80","37/6213",0.027027027027027,2.09898648648649,0.765709094384966,0.381784419831447,0.662127203202264,0.632269238694831,"XLOC-015621#TPC12-MOUSE#Q8K2L8",1
"GO:0060048","GO:0060048","cardiac muscle contraction","1/80","37/6213",0.027027027027027,2.09898648648649,0.765709094384966,0.381784419831447,0.662127203202264,0.632269238694831,"XLOC-022444#SNTB1-HUMAN#Q13884",1
"GO:0060349","GO:0060349","bone morphogenesis","1/80","37/6213",0.027027027027027,2.09898648648649,0.765709094384966,0.381784419831447,0.662127203202264,0.632269238694831,"XLOC-026157#AP2D-HUMAN#Q7Z6R9",1
"GO:0060998","GO:0060998","regulation of dendritic spine development","1/80","37/6213",0.027027027027027,2.09898648648649,0.765709094384966,0.381784419831447,0.662127203202264,0.632269238694831,"XLOC-007156#KALRN-MOUSE#A2CG49",1
"GO:0061525","GO:0061525","hindgut development","1/80","37/6213",0.027027027027027,2.09898648648649,0.765709094384966,0.381784419831447,0.662127203202264,0.632269238694831,"XLOC-001851#TBX20-MOUSE#Q9ES03",1
"GO:0090559","GO:0090559","regulation of membrane permeability","1/80","37/6213",0.027027027027027,2.09898648648649,0.765709094384966,0.381784419831447,0.662127203202264,0.632269238694831,"XLOC-015778#STPG1-XENLA#Q3KQ80",1
"GO:0097352","GO:0097352","autophagosome maturation","1/80","37/6213",0.027027027027027,2.09898648648649,0.765709094384966,0.381784419831447,0.662127203202264,0.632269238694831,"XLOC-012867#MLP3A-BOVIN#Q2HJ23",1
"GO:1900087","GO:1900087","positive regulation of G1/S transition of mitotic cell cycle","1/80","37/6213",0.027027027027027,2.09898648648649,0.765709094384966,0.381784419831447,0.662127203202264,0.632269238694831,"novel-gene-chr14-11626#novel-gene-chr14-11626",1
"GO:2000179","GO:2000179","positive regulation of neural precursor cell proliferation","1/80","37/6213",0.027027027027027,2.09898648648649,0.765709094384966,0.381784419831447,0.662127203202264,0.632269238694831,"XLOC-008889#CATZ-BOVIN#P05689",1
"GO:0006470","GO:0006470","protein dephosphorylation","2/80","103/6213",0.0194174757281553,1.50800970873786,0.593737192016052,0.384117822394701,0.664029311766044,0.634085573573868,"XLOC-010474#SDHF2-CULQU#B0XK69/gene-evm.model.ptg000018l.1280#NCK2-HUMAN#O43639",2
"GO:0006936","GO:0006936","muscle contraction","2/80","103/6213",0.0194174757281553,1.50800970873786,0.593737192016052,0.384117822394701,0.664029311766044,0.634085573573868,"XLOC-022444#SNTB1-HUMAN#Q13884/XLOC-001851#TBX20-MOUSE#Q9ES03",2
"GO:1901988","GO:1901988","negative regulation of cell cycle phase transition","2/80","103/6213",0.0194174757281553,1.50800970873786,0.593737192016052,0.384117822394701,0.664029311766044,0.634085573573868,"XLOC-020780#ANM2-HUMAN#P55345/novel-gene-chr14-11626#novel-gene-chr14-11626",2
"GO:0060089","GO:0060089","molecular transducer activity","3/80","173/6213",0.0173410404624277,1.34674855491329,0.52825483013684,0.385872456056186,0.664029311766044,0.634085573573868,"XLOC-003023#FCN2-MOUSE#O70497/XLOC-002398#SVEP1-DANRE#A0A1D5NSM8/XLOC-002903#FZD1-XENLA#Q9I9M5",3
"GO:0003712","GO:0003712","transcription coregulator activity","4/80","245/6213",0.0163265306122449,1.26795918367347,0.488721579464224,0.388217676846439,0.664029311766044,0.634085573573868,"XLOC-026157#AP2D-HUMAN#Q7Z6R9/XLOC-001851#TBX20-MOUSE#Q9ES03/XLOC-020780#ANM2-HUMAN#P55345/novel-gene-chr14-11626#novel-gene-chr14-11626",4
"GO:0034250","GO:0034250","positive regulation of amide metabolic process","2/80","104/6213",0.0192307692307692,1.49350961538462,0.579630807835763,0.38871568853453,0.664029311766044,0.634085573573868,"novel-gene-chr14-11626#novel-gene-chr14-11626/gene-evm.model.ptg000018l.1280#NCK2-HUMAN#O43639",2
"GO:0097237","GO:0097237","cellular response to toxic substance","2/80","104/6213",0.0192307692307692,1.49350961538462,0.579630807835763,0.38871568853453,0.664029311766044,0.634085573573868,"gene-evm.model.ptg000004l.110#SODC-ONCVO#P24706/XLOC-012867#MLP3A-BOVIN#Q2HJ23",2
"GO:0001649","GO:0001649","osteoblast differentiation","1/80","38/6213",0.0263157894736842,2.04375,0.737045061372571,0.389792393667828,0.664029311766044,0.634085573573868,"XLOC-002903#FZD1-XENLA#Q9I9M5",1
"GO:0002431","GO:0002431","Fc receptor mediated stimulatory signaling pathway","1/80","38/6213",0.0263157894736842,2.04375,0.737045061372571,0.389792393667828,0.664029311766044,0.634085573573868,"gene-evm.model.ptg000018l.1280#NCK2-HUMAN#O43639",1
"GO:0004521","GO:0004521","RNA endonuclease activity","1/80","38/6213",0.0263157894736842,2.04375,0.737045061372571,0.389792393667828,0.664029311766044,0.634085573573868,"XLOC-004982#ENDOU-XENTR#B1H3D5",1
"GO:0006626","GO:0006626","protein targeting to mitochondrion","1/80","38/6213",0.0263157894736842,2.04375,0.737045061372571,0.389792393667828,0.664029311766044,0.634085573573868,"XLOC-010359#IMP1L-HUMAN#Q96LU5",1
"GO:0007520","GO:0007520","myoblast fusion","1/80","38/6213",0.0263157894736842,2.04375,0.737045061372571,0.389792393667828,0.664029311766044,0.634085573573868,"XLOC-026683#ADA19-HUMAN#Q9H013",1
"GO:0007591","GO:0007591","molting cycle, chitin-based cuticle","1/80","38/6213",0.0263157894736842,2.04375,0.737045061372571,0.389792393667828,0.664029311766044,0.634085573573868,"XLOC-002903#FZD1-XENLA#Q9I9M5",1
"GO:0019210","GO:0019210","kinase inhibitor activity","1/80","38/6213",0.0263157894736842,2.04375,0.737045061372571,0.389792393667828,0.664029311766044,0.634085573573868,"gene-evm.model.ptg000018l.1280#NCK2-HUMAN#O43639",1
"GO:0031490","GO:0031490","chromatin DNA binding","1/80","38/6213",0.0263157894736842,2.04375,0.737045061372571,0.389792393667828,0.664029311766044,0.634085573573868,"novel-gene-chr14-11626#novel-gene-chr14-11626",1
"GO:0038094","GO:0038094","Fc-gamma receptor signaling pathway","1/80","38/6213",0.0263157894736842,2.04375,0.737045061372571,0.389792393667828,0.664029311766044,0.634085573573868,"gene-evm.model.ptg000018l.1280#NCK2-HUMAN#O43639",1
"GO:0038096","GO:0038096","Fc-gamma receptor signaling pathway involved in phagocytosis","1/80","38/6213",0.0263157894736842,2.04375,0.737045061372571,0.389792393667828,0.664029311766044,0.634085573573868,"gene-evm.model.ptg000018l.1280#NCK2-HUMAN#O43639",1
"GO:0043627","GO:0043627","response to estrogen","1/80","38/6213",0.0263157894736842,2.04375,0.737045061372571,0.389792393667828,0.664029311766044,0.634085573573868,"novel-gene-chr14-11626#novel-gene-chr14-11626",1
"GO:0045475","GO:0045475","locomotor rhythm","1/80","38/6213",0.0263157894736842,2.04375,0.737045061372571,0.389792393667828,0.664029311766044,0.634085573573868,"novel-gene-chr14-11626#novel-gene-chr14-11626",1
"GO:0045815","GO:0045815","transcription initiation-coupled chromatin remodeling","1/80","38/6213",0.0263157894736842,2.04375,0.737045061372571,0.389792393667828,0.664029311766044,0.634085573573868,"novel-gene-chr14-11626#novel-gene-chr14-11626",1
"GO:0046329","GO:0046329","negative regulation of JNK cascade","1/80","38/6213",0.0263157894736842,2.04375,0.737045061372571,0.389792393667828,0.664029311766044,0.634085573573868,"XLOC-020938#SPB6-MOUSE#Q60854",1
"GO:0071346","GO:0071346","cellular response to type II interferon","1/80","38/6213",0.0263157894736842,2.04375,0.737045061372571,0.389792393667828,0.664029311766044,0.634085573573868,"XLOC-002968#GILT-DANRE#Q5XJN2",1
"GO:1901222","GO:1901222","regulation of non-canonical NF-kappaB signal transduction","1/80","38/6213",0.0263157894736842,2.04375,0.737045061372571,0.389792393667828,0.664029311766044,0.634085573573868,"novel-gene-chr14-11626#novel-gene-chr14-11626",1
"GO:1903725","GO:1903725","regulation of phospholipid metabolic process","1/80","38/6213",0.0263157894736842,2.04375,0.737045061372571,0.389792393667828,0.664029311766044,0.634085573573868,"XLOC-002354#DAB2P-MOUSE#Q3UHC7",1
"GO:1904591","GO:1904591","positive regulation of protein import","1/80","38/6213",0.0263157894736842,2.04375,0.737045061372571,0.389792393667828,0.664029311766044,0.634085573573868,"novel-gene-chr14-11626#novel-gene-chr14-11626",1
"GO:0002065","GO:0002065","columnar/cuboidal epithelial cell differentiation","4/80","246/6213",0.016260162601626,1.26280487804878,0.480338272049801,0.391170163115946,0.665432529606588,0.63542551470825,"gene-evm.model.ptg000004l.110#SODC-ONCVO#P24706/XLOC-001851#TBX20-MOUSE#Q9ES03/novel-gene-chr14-11626#novel-gene-chr14-11626/XLOC-002903#FZD1-XENLA#Q9I9M5",4
"GO:0035107","GO:0035107","appendage morphogenesis","4/80","246/6213",0.016260162601626,1.26280487804878,0.480338272049801,0.391170163115946,0.665432529606588,0.63542551470825,"XLOC-026157#AP2D-HUMAN#Q7Z6R9/XLOC-000223#BMP1-MOUSE#P98063/novel-gene-chr14-11626#novel-gene-chr14-11626/XLOC-002903#FZD1-XENLA#Q9I9M5",4
"GO:0072330","GO:0072330","monocarboxylic acid biosynthetic process","2/80","105/6213",0.019047619047619,1.47928571428571,0.565670921826503,0.393298918420864,0.667491401389383,0.637391543725609,"novel-gene-chr4-9990#ACOD-SHEEP#O62849/XLOC-025017#CP3AO-SHEEP#Q29496",2
"GO:0030424","GO:0030424","axon","6/80","394/6213",0.0152284263959391,1.18267766497462,0.427891459945144,0.397262392368907,0.667491401389383,0.637391543725609,"XLOC-008889#CATZ-BOVIN#P05689/XLOC-007156#KALRN-MOUSE#A2CG49/XLOC-021538#RPGP1-HUMAN#P47736/XLOC-013451#S38A2-CHICK#Q5F468/XLOC-000920#RB6I2-RAT#Q811U3/XLOC-002354#DAB2P-MOUSE#Q3UHC7",6
"GO:0033993","GO:0033993","response to lipid","6/80","394/6213",0.0152284263959391,1.18267766497462,0.427891459945144,0.397262392368907,0.667491401389383,0.637391543725609,"XLOC-026157#AP2D-HUMAN#Q7Z6R9/XLOC-002962#LIPP-ICTTR#O88354/XLOC-025017#CP3AO-SHEEP#Q29496/novel-gene-chr14-11626#novel-gene-chr14-11626/XLOC-002903#FZD1-XENLA#Q9I9M5/XLOC-002354#DAB2P-MOUSE#Q3UHC7",6
"GO:0000768","GO:0000768","syncytium formation by plasma membrane fusion","1/80","39/6213",0.0256410256410256,1.99134615384615,0.709248705170783,0.397697917312617,0.667491401389383,0.637391543725609,"XLOC-026683#ADA19-HUMAN#Q9H013",1
"GO:0001098","GO:0001098","basal transcription machinery binding","1/80","39/6213",0.0256410256410256,1.99134615384615,0.709248705170783,0.397697917312617,0.667491401389383,0.637391543725609,"novel-gene-chr14-11626#novel-gene-chr14-11626",1
"GO:0001099","GO:0001099","basal RNA polymerase II transcription machinery binding","1/80","39/6213",0.0256410256410256,1.99134615384615,0.709248705170783,0.397697917312617,0.667491401389383,0.637391543725609,"novel-gene-chr14-11626#novel-gene-chr14-11626",1
"GO:0002433","GO:0002433","immune response-regulating cell surface receptor signaling pathway involved in phagocytosis","1/80","39/6213",0.0256410256410256,1.99134615384615,0.709248705170783,0.397697917312617,0.667491401389383,0.637391543725609,"gene-evm.model.ptg000018l.1280#NCK2-HUMAN#O43639",1
"GO:0006493","GO:0006493","protein O-linked glycosylation","1/80","39/6213",0.0256410256410256,1.99134615384615,0.709248705170783,0.397697917312617,0.667491401389383,0.637391543725609,"gene-evm.model.ptg000005l.77#PLOD1-CHICK#P24802",1
"GO:0007365","GO:0007365","periodic partitioning","1/80","39/6213",0.0256410256410256,1.99134615384615,0.709248705170783,0.397697917312617,0.667491401389383,0.637391543725609,"XLOC-002903#FZD1-XENLA#Q9I9M5",1
"GO:0016627","GO:0016627","oxidoreductase activity, acting on the CH-CH group of donors","1/80","39/6213",0.0256410256410256,1.99134615384615,0.709248705170783,0.397697917312617,0.667491401389383,0.637391543725609,"XLOC-025017#CP3AO-SHEEP#Q29496",1
"GO:0032784","GO:0032784","regulation of DNA-templated transcription elongation","1/80","39/6213",0.0256410256410256,1.99134615384615,0.709248705170783,0.397697917312617,0.667491401389383,0.637391543725609,"XLOC-025616#ELL2-MOUSE#Q3UKU1",1
"GO:0032890","GO:0032890","regulation of organic acid transport","1/80","39/6213",0.0256410256410256,1.99134615384615,0.709248705170783,0.397697917312617,0.667491401389383,0.637391543725609,"XLOC-013451#S38A2-CHICK#Q5F468",1
"GO:0036498","GO:0036498","IRE1-mediated unfolded protein response","1/80","39/6213",0.0256410256410256,1.99134615384615,0.709248705170783,0.397697917312617,0.667491401389383,0.637391543725609,"gene-evm.model.ptg000055l.299#TPP1-DANRE#F8W2M8",1
"GO:0042558","GO:0042558","pteridine-containing compound metabolic process","1/80","39/6213",0.0256410256410256,1.99134615384615,0.709248705170783,0.397697917312617,0.667491401389383,0.637391543725609,"gene-evm.model.ptg000009l.493#GGH-HUMAN#Q92820",1
"GO:0046622","GO:0046622","positive regulation of organ growth","1/80","39/6213",0.0256410256410256,1.99134615384615,0.709248705170783,0.397697917312617,0.667491401389383,0.637391543725609,"XLOC-001851#TBX20-MOUSE#Q9ES03",1
"GO:0048771","GO:0048771","tissue remodeling","1/80","39/6213",0.0256410256410256,1.99134615384615,0.709248705170783,0.397697917312617,0.667491401389383,0.637391543725609,"gene-evm.model.ptg000055l.299#TPP1-DANRE#F8W2M8",1
"GO:0061063","GO:0061063","positive regulation of nematode larval development","1/80","39/6213",0.0256410256410256,1.99134615384615,0.709248705170783,0.397697917312617,0.667491401389383,0.637391543725609,"gene-evm.model.ptg000003l.459#ZNT1-MACFA#Q4R6K2",1
"GO:1903573","GO:1903573","negative regulation of response to endoplasmic reticulum stress","1/80","39/6213",0.0256410256410256,1.99134615384615,0.709248705170783,0.397697917312617,0.667491401389383,0.637391543725609,"gene-evm.model.ptg000018l.1280#NCK2-HUMAN#O43639",1
"GO:0042742","GO:0042742","defense response to bacterium","2/80","106/6213",0.0188679245283019,1.46533018867925,0.551854306467987,0.397867126575573,0.667491401389383,0.637391543725609,"XLOC-003023#FCN2-MOUSE#O70497/XLOC-012867#MLP3A-BOVIN#Q2HJ23",2
"GO:0007409","GO:0007409","axonogenesis","5/80","321/6213",0.0155763239875389,1.20969626168224,0.440591455012649,0.397938254283762,0.667491401389383,0.637391543725609,"XLOC-000011#NID2-RAT#B5DFC9/XLOC-000223#BMP1-MOUSE#P98063/XLOC-007156#KALRN-MOUSE#A2CG49/XLOC-001851#TBX20-MOUSE#Q9ES03/XLOC-002903#FZD1-XENLA#Q9I9M5",5
"GO:0007600","GO:0007600","sensory perception","4/80","249/6213",0.0160642570281124,1.24759036144578,0.455395594229612,0.400017299032329,0.670510504030463,0.640274502950339,"gene-evm.model.ptg000004l.110#SODC-ONCVO#P24706/XLOC-010884#QOR-RAT#Q6AYT0/XLOC-026157#AP2D-HUMAN#Q7Z6R9/XLOC-011359#CROCC-HUMAN#Q5TZA2",4
"GO:0007033","GO:0007033","vacuole organization","2/80","107/6213",0.0186915887850467,1.45163551401869,0.538177836607292,0.402419939597729,0.671828662686009,0.641533220558664,"gene-evm.model.ptg000055l.299#TPP1-DANRE#F8W2M8/XLOC-012867#MLP3A-BOVIN#Q2HJ23",2
"GO:0043903","GO:0043903","regulation of biological process involved in symbiotic interaction","2/80","107/6213",0.0186915887850467,1.45163551401869,0.538177836607292,0.402419939597729,0.671828662686009,0.641533220558664,"XLOC-003023#FCN2-MOUSE#O70497/novel-gene-chr14-11626#novel-gene-chr14-11626",2
"GO:0009880","GO:0009880","embryonic pattern specification","3/80","178/6213",0.0168539325842697,1.30891853932584,0.47757278632735,0.403406418180662,0.671828662686009,0.641533220558664,"XLOC-026157#AP2D-HUMAN#Q7Z6R9/XLOC-000223#BMP1-MOUSE#P98063/XLOC-002903#FZD1-XENLA#Q9I9M5",3
"GO:0016053","GO:0016053","organic acid biosynthetic process","3/80","178/6213",0.0168539325842697,1.30891853932584,0.47757278632735,0.403406418180662,0.671828662686009,0.641533220558664,"novel-gene-chr4-9990#ACOD-SHEEP#O62849/gene-evm.model.ptg000005l.77#PLOD1-CHICK#P24802/XLOC-025017#CP3AO-SHEEP#Q29496",3
"GO:0044403","GO:0044403","biological process involved in symbiotic interaction","3/80","178/6213",0.0168539325842697,1.30891853932584,0.47757278632735,0.403406418180662,0.671828662686009,0.641533220558664,"XLOC-020938#SPB6-MOUSE#Q60854/gene-evm.model.ptg000035l.378#TRLF-DESRO#K9IMD0/novel-gene-chr14-11626#novel-gene-chr14-11626",3
"GO:0046394","GO:0046394","carboxylic acid biosynthetic process","3/80","178/6213",0.0168539325842697,1.30891853932584,0.47757278632735,0.403406418180662,0.671828662686009,0.641533220558664,"novel-gene-chr4-9990#ACOD-SHEEP#O62849/gene-evm.model.ptg000005l.77#PLOD1-CHICK#P24802/XLOC-025017#CP3AO-SHEEP#Q29496",3
"GO:0007009","GO:0007009","plasma membrane organization","1/80","40/6213",0.025,1.9415625,0.682268381600705,0.405502285083104,0.671828662686009,0.641533220558664,"gene-evm.model.ptg000004l.110#SODC-ONCVO#P24706",1
"GO:0030509","GO:0030509","BMP signaling pathway","1/80","40/6213",0.025,1.9415625,0.682268381600705,0.405502285083104,0.671828662686009,0.641533220558664,"XLOC-022170#FSTL1-MACFA#Q9GKY0",1
"GO:0035152","GO:0035152","regulation of tube architecture, open tracheal system","1/80","40/6213",0.025,1.9415625,0.682268381600705,0.405502285083104,0.671828662686009,0.641533220558664,"XLOC-002903#FZD1-XENLA#Q9I9M5",1
"GO:0045197","GO:0045197","establishment or maintenance of epithelial cell apical/basal polarity","1/80","40/6213",0.025,1.9415625,0.682268381600705,0.405502285083104,0.671828662686009,0.641533220558664,"XLOC-002903#FZD1-XENLA#Q9I9M5",1
"GO:0048207","GO:0048207","vesicle targeting, rough ER to cis-Golgi","1/80","40/6213",0.025,1.9415625,0.682268381600705,0.405502285083104,0.671828662686009,0.641533220558664,"XLOC-008889#CATZ-BOVIN#P05689",1
"GO:0048208","GO:0048208","COPII vesicle coating","1/80","40/6213",0.025,1.9415625,0.682268381600705,0.405502285083104,0.671828662686009,0.641533220558664,"XLOC-008889#CATZ-BOVIN#P05689",1
"GO:0050852","GO:0050852","T cell receptor signaling pathway","1/80","40/6213",0.025,1.9415625,0.682268381600705,0.405502285083104,0.671828662686009,0.641533220558664,"gene-evm.model.ptg000018l.1280#NCK2-HUMAN#O43639",1
"GO:0060179","GO:0060179","male mating behavior","1/80","40/6213",0.025,1.9415625,0.682268381600705,0.405502285083104,0.671828662686009,0.641533220558664,"XLOC-026157#AP2D-HUMAN#Q7Z6R9",1
"GO:0072348","GO:0072348","sulfur compound transport","1/80","40/6213",0.025,1.9415625,0.682268381600705,0.405502285083104,0.671828662686009,0.641533220558664,"XLOC-003485#CTNS-HUMAN#O60931",1
"GO:1905037","GO:1905037","autophagosome organization","1/80","40/6213",0.025,1.9415625,0.682268381600705,0.405502285083104,0.671828662686009,0.641533220558664,"XLOC-012867#MLP3A-BOVIN#Q2HJ23",1
"GO:0045927","GO:0045927","positive regulation of growth","4/80","251/6213",0.0159362549800797,1.23764940239044,0.438936641254807,0.405905276705558,0.671828662686009,0.641533220558664,"XLOC-007156#KALRN-MOUSE#A2CG49/XLOC-001851#TBX20-MOUSE#Q9ES03/novel-gene-chr14-11626#novel-gene-chr14-11626/XLOC-002903#FZD1-XENLA#Q9I9M5",4
"GO:0097367","GO:0097367","carbohydrate derivative binding","7/80","472/6213",0.0148305084745763,1.15177436440678,0.391741771928266,0.406575372987613,0.671828662686009,0.641533220558664,"XLOC-022170#FSTL1-MACFA#Q9GKY0/XLOC-012475#BGAL-FELCA#O19015/XLOC-003023#FCN2-MOUSE#O70497/XLOC-013453#FCN1-PIG#Q29042/gene-evm.model.ptg000035l.378#TRLF-DESRO#K9IMD0/XLOC-019944#FCN1-HUMAN#O00602/XLOC-002903#FZD1-XENLA#Q9I9M5",7
"GO:0007186","GO:0007186","G protein-coupled receptor signaling pathway","3/80","179/6213",0.0167597765363128,1.3016061452514,0.467614837907913,0.40689795905207,0.671828662686009,0.641533220558664,"XLOC-003023#FCN2-MOUSE#O70497/XLOC-007156#KALRN-MOUSE#A2CG49/XLOC-002903#FZD1-XENLA#Q9I9M5",3
"GO:0035114","GO:0035114","imaginal disc-derived appendage morphogenesis","3/80","179/6213",0.0167597765363128,1.3016061452514,0.467614837907913,0.40689795905207,0.671828662686009,0.641533220558664,"XLOC-026157#AP2D-HUMAN#Q7Z6R9/XLOC-000223#BMP1-MOUSE#P98063/XLOC-002903#FZD1-XENLA#Q9I9M5",3
"GO:0035120","GO:0035120","post-embryonic appendage morphogenesis","3/80","179/6213",0.0167597765363128,1.3016061452514,0.467614837907913,0.40689795905207,0.671828662686009,0.641533220558664,"XLOC-026157#AP2D-HUMAN#Q7Z6R9/XLOC-000223#BMP1-MOUSE#P98063/XLOC-002903#FZD1-XENLA#Q9I9M5",3
"GO:0043473","GO:0043473","pigmentation","2/80","108/6213",0.0185185185185185,1.43819444444444,0.524638485264155,0.406956995923457,0.671828662686009,0.641533220558664,"XLOC-026157#AP2D-HUMAN#Q7Z6R9/gene-evm.model.ptg000024l.134#LRMDA-MOUSE#Q9D9B4",2
"GO:0080135","GO:0080135","regulation of cellular response to stress","6/80","399/6213",0.0150375939849624,1.16785714285714,0.395833909202384,0.409006104771911,0.674747708559155,0.644320634975415,"gene-evm.model.ptg000004l.110#SODC-ONCVO#P24706/XLOC-020938#SPB6-MOUSE#Q60854/novel-gene-chr14-11626#novel-gene-chr14-11626/XLOC-002903#FZD1-XENLA#Q9I9M5/gene-evm.model.ptg000018l.1280#NCK2-HUMAN#O43639/XLOC-002354#DAB2P-MOUSE#Q3UHC7",6
"GO:1903706","GO:1903706","regulation of hemopoiesis","3/80","180/6213",0.0166666666666667,1.294375,0.457714582551574,0.410383893283332,0.675185492458741,0.644738677447564,"gene-evm.model.ptg000004l.110#SODC-ONCVO#P24706/XLOC-002398#SVEP1-DANRE#A0A1D5NSM8/novel-gene-chr14-11626#novel-gene-chr14-11626",3
"GO:1903829","GO:1903829","positive regulation of protein localization","3/80","180/6213",0.0166666666666667,1.294375,0.457714582551574,0.410383893283332,0.675185492458741,0.644738677447564,"XLOC-015621#TPC12-MOUSE#Q8K2L8/XLOC-011359#CROCC-HUMAN#Q5TZA2/novel-gene-chr14-11626#novel-gene-chr14-11626",3
"GO:0006366","GO:0006366","transcription by RNA polymerase II","5/80","326/6213",0.0153374233128834,1.19114263803681,0.404896098858648,0.410907008463306,0.675185492458741,0.644738677447564,"XLOC-026157#AP2D-HUMAN#Q7Z6R9/XLOC-003461#NFIC-MOUSE#P70255/XLOC-025616#ELL2-MOUSE#Q3UKU1/XLOC-001851#TBX20-MOUSE#Q9ES03/novel-gene-chr14-11626#novel-gene-chr14-11626",5
"GO:0005765","GO:0005765","lysosomal membrane","2/80","109/6213",0.018348623853211,1.425,0.511233319645805,0.411477945589837,0.675185492458741,0.644738677447564,"gene-evm.model.ptg000027l.443#PCP-PONAB#Q5RBU7/XLOC-003485#CTNS-HUMAN#O60931",2
"GO:0006949","GO:0006949","syncytium formation","1/80","41/6213",0.024390243902439,1.89420731707317,0.656056773291022,0.413206775151686,0.675185492458741,0.644738677447564,"XLOC-026683#ADA19-HUMAN#Q9H013",1
"GO:0019226","GO:0019226","transmission of nerve impulse","1/80","41/6213",0.024390243902439,1.89420731707317,0.656056773291022,0.413206775151686,0.675185492458741,0.644738677447564,"gene-evm.model.ptg000004l.110#SODC-ONCVO#P24706",1
"GO:0019320","GO:0019320","hexose catabolic process","1/80","41/6213",0.024390243902439,1.89420731707317,0.656056773291022,0.413206775151686,0.675185492458741,0.644738677447564,"XLOC-012475#BGAL-FELCA#O19015",1
"GO:0042129","GO:0042129","regulation of T cell proliferation","1/80","41/6213",0.024390243902439,1.89420731707317,0.656056773291022,0.413206775151686,0.675185492458741,0.644738677447564,"gene-evm.model.ptg000018l.1280#NCK2-HUMAN#O43639",1
"GO:0042246","GO:0042246","tissue regeneration","1/80","41/6213",0.024390243902439,1.89420731707317,0.656056773291022,0.413206775151686,0.675185492458741,0.644738677447564,"gene-evm.model.ptg000035l.378#TRLF-DESRO#K9IMD0",1
"GO:0045778","GO:0045778","positive regulation of ossification","1/80","41/6213",0.024390243902439,1.89420731707317,0.656056773291022,0.413206775151686,0.675185492458741,0.644738677447564,"XLOC-026157#AP2D-HUMAN#Q7Z6R9",1
"GO:0046928","GO:0046928","regulation of neurotransmitter secretion","1/80","41/6213",0.024390243902439,1.89420731707317,0.656056773291022,0.413206775151686,0.675185492458741,0.644738677447564,"XLOC-007156#KALRN-MOUSE#A2CG49",1
"GO:0048512","GO:0048512","circadian behavior","1/80","41/6213",0.024390243902439,1.89420731707317,0.656056773291022,0.413206775151686,0.675185492458741,0.644738677447564,"novel-gene-chr14-11626#novel-gene-chr14-11626",1
"GO:0060420","GO:0060420","regulation of heart growth","1/80","41/6213",0.024390243902439,1.89420731707317,0.656056773291022,0.413206775151686,0.675185492458741,0.644738677447564,"XLOC-001851#TBX20-MOUSE#Q9ES03",1
"GO:1990782","GO:1990782","protein tyrosine kinase binding","1/80","41/6213",0.024390243902439,1.89420731707317,0.656056773291022,0.413206775151686,0.675185492458741,0.644738677447564,"gene-evm.model.ptg000018l.1280#NCK2-HUMAN#O43639",1
"GO:0008285","GO:0008285","negative regulation of cell population proliferation","5/80","327/6213",0.0152905198776758,1.1875,0.397822419327292,0.413497478689464,0.675201185460294,0.644753662788896,"XLOC-026157#AP2D-HUMAN#Q7Z6R9/gene-evm.model.ptg000035l.378#TRLF-DESRO#K9IMD0/XLOC-002968#GILT-DANRE#Q5XJN2/gene-evm.model.ptg000018l.1280#NCK2-HUMAN#O43639/XLOC-002354#DAB2P-MOUSE#Q3UHC7",5
"GO:0030707","GO:0030707","follicle cell of egg chamber development","3/80","181/6213",0.0165745856353591,1.28722375690608,0.447871280237771,0.413864003958004,0.675340582545601,0.644886773901952,"XLOC-001851#TBX20-MOUSE#Q9ES03/novel-gene-chr14-11626#novel-gene-chr14-11626/XLOC-002903#FZD1-XENLA#Q9I9M5",3
"GO:0006888","GO:0006888","endoplasmic reticulum to Golgi vesicle-mediated transport","2/80","110/6213",0.0181818181818182,1.41204545454545,0.497959497359056,0.4159824500028,0.677876421239298,0.64730826148404,"XLOC-008889#CATZ-BOVIN#P05689/XLOC-015621#TPC12-MOUSE#Q8K2L8",2
"GO:0098852","GO:0098852","lytic vacuole membrane","2/80","110/6213",0.0181818181818182,1.41204545454545,0.497959497359056,0.4159824500028,0.677876421239298,0.64730826148404,"gene-evm.model.ptg000027l.443#PCP-PONAB#Q5RBU7/XLOC-003485#CTNS-HUMAN#O60931",2
"GO:0031345","GO:0031345","negative regulation of cell projection organization","2/80","111/6213",0.018018018018018,1.39932432432432,0.484814262808159,0.420470181708957,0.678650317492114,0.648047259658757,"XLOC-008889#CATZ-BOVIN#P05689/XLOC-002354#DAB2P-MOUSE#Q3UHC7",2
"GO:0009266","GO:0009266","response to temperature stimulus","3/80","183/6213",0.0163934426229508,1.27315573770492,0.428352642979884,0.420805904646676,0.678650317492114,0.648047259658757,"gene-evm.model.ptg000004l.110#SODC-ONCVO#P24706/gene-evm.model.ptg000035l.378#TRLF-DESRO#K9IMD0/novel-gene-chr14-11626#novel-gene-chr14-11626",3
"GO:0048737","GO:0048737","imaginal disc-derived appendage development","3/80","183/6213",0.0163934426229508,1.27315573770492,0.428352642979884,0.420805904646676,0.678650317492114,0.648047259658757,"XLOC-026157#AP2D-HUMAN#Q7Z6R9/XLOC-000223#BMP1-MOUSE#P98063/XLOC-002903#FZD1-XENLA#Q9I9M5",3
"GO:0050807","GO:0050807","regulation of synapse organization","3/80","183/6213",0.0163934426229508,1.27315573770492,0.428352642979884,0.420805904646676,0.678650317492114,0.648047259658757,"XLOC-022444#SNTB1-HUMAN#Q13884/XLOC-007156#KALRN-MOUSE#A2CG49/XLOC-002354#DAB2P-MOUSE#Q3UHC7",3
"GO:0001816","GO:0001816","cytokine production","1/80","42/6213",0.0238095238095238,1.84910714285714,0.63057042982048,0.420812649744664,0.678650317492114,0.648047259658757,"XLOC-018112#ATS2-MOUSE#Q8C9W3",1
"GO:0006805","GO:0006805","xenobiotic metabolic process","1/80","42/6213",0.0238095238095238,1.84910714285714,0.63057042982048,0.420812649744664,0.678650317492114,0.648047259658757,"XLOC-010884#QOR-RAT#Q6AYT0",1
"GO:0006901","GO:0006901","vesicle coating","1/80","42/6213",0.0238095238095238,1.84910714285714,0.63057042982048,0.420812649744664,0.678650317492114,0.648047259658757,"XLOC-008889#CATZ-BOVIN#P05689",1
"GO:0010923","GO:0010923","negative regulation of phosphatase activity","1/80","42/6213",0.0238095238095238,1.84910714285714,0.63057042982048,0.420812649744664,0.678650317492114,0.648047259658757,"XLOC-025616#ELL2-MOUSE#Q3UKU1",1
"GO:0014033","GO:0014033","neural crest cell differentiation","1/80","42/6213",0.0238095238095238,1.84910714285714,0.63057042982048,0.420812649744664,0.678650317492114,0.648047259658757,"XLOC-026157#AP2D-HUMAN#Q7Z6R9",1
"GO:0030203","GO:0030203","glycosaminoglycan metabolic process","1/80","42/6213",0.0238095238095238,1.84910714285714,0.63057042982048,0.420812649744664,0.678650317492114,0.648047259658757,"XLOC-012475#BGAL-FELCA#O19015",1
"GO:0033555","GO:0033555","multicellular organismal response to stress","1/80","42/6213",0.0238095238095238,1.84910714285714,0.63057042982048,0.420812649744664,0.678650317492114,0.648047259658757,"XLOC-007156#KALRN-MOUSE#A2CG49",1
"GO:0034341","GO:0034341","response to type II interferon","1/80","42/6213",0.0238095238095238,1.84910714285714,0.63057042982048,0.420812649744664,0.678650317492114,0.648047259658757,"XLOC-002968#GILT-DANRE#Q5XJN2",1
"GO:0043507","GO:0043507","positive regulation of JUN kinase activity","1/80","42/6213",0.0238095238095238,1.84910714285714,0.63057042982048,0.420812649744664,0.678650317492114,0.648047259658757,"XLOC-002354#DAB2P-MOUSE#Q3UHC7",1
"GO:0046580","GO:0046580","negative regulation of Ras protein signal transduction","1/80","42/6213",0.0238095238095238,1.84910714285714,0.63057042982048,0.420812649744664,0.678650317492114,0.648047259658757,"XLOC-002354#DAB2P-MOUSE#Q3UHC7",1
"GO:0060563","GO:0060563","neuroepithelial cell differentiation","1/80","42/6213",0.0238095238095238,1.84910714285714,0.63057042982048,0.420812649744664,0.678650317492114,0.648047259658757,"gene-evm.model.ptg000004l.110#SODC-ONCVO#P24706",1
"GO:0051962","GO:0051962","positive regulation of nervous system development","5/80","330/6213",0.0151515151515152,1.17670454545455,0.376729389354492,0.421260459359177,0.678650317492114,0.648047259658757,"XLOC-007156#KALRN-MOUSE#A2CG49/novel-gene-chr14-11626#novel-gene-chr14-11626/XLOC-002903#FZD1-XENLA#Q9I9M5/gene-evm.model.ptg000018l.1280#NCK2-HUMAN#O43639/XLOC-002354#DAB2P-MOUSE#Q3UHC7",5
"GO:1903530","GO:1903530","regulation of secretion by cell","5/80","330/6213",0.0151515151515152,1.17670454545455,0.376729389354492,0.421260459359177,0.678650317492114,0.648047259658757,"XLOC-026157#AP2D-HUMAN#Q7Z6R9/XLOC-003023#FCN2-MOUSE#O70497/XLOC-007156#KALRN-MOUSE#A2CG49/XLOC-014474#TMPS5-HUMAN#Q9H3S3/novel-gene-chr14-11626#novel-gene-chr14-11626",5
"GO:0010256","GO:0010256","endomembrane system organization","4/80","257/6213",0.0155642023346304,1.20875486381323,0.390346288882598,0.423507766605978,0.68089173734177,0.650187604920337,"gene-evm.model.ptg000004l.110#SODC-ONCVO#P24706/XLOC-011926#PKHF2-CHICK#Q5ZLY5/XLOC-015621#TPC12-MOUSE#Q8K2L8/XLOC-015776#RET-HUMAN#P07949",4
"GO:0071363","GO:0071363","cellular response to growth factor stimulus","4/80","257/6213",0.0155642023346304,1.20875486381323,0.390346288882598,0.423507766605978,0.68089173734177,0.650187604920337,"XLOC-022170#FSTL1-MACFA#Q9GKY0/novel-gene-chr14-11626#novel-gene-chr14-11626/XLOC-002903#FZD1-XENLA#Q9I9M5/XLOC-002354#DAB2P-MOUSE#Q3UHC7",4
"GO:0048667","GO:0048667","cell morphogenesis involved in neuron differentiation","6/80","406/6213",0.0147783251231527,1.14772167487685,0.351605420331366,0.425425492722575,0.68089173734177,0.650187604920337,"gene-evm.model.ptg000004l.110#SODC-ONCVO#P24706/XLOC-000011#NID2-RAT#B5DFC9/XLOC-000223#BMP1-MOUSE#P98063/XLOC-007156#KALRN-MOUSE#A2CG49/XLOC-001851#TBX20-MOUSE#Q9ES03/XLOC-002903#FZD1-XENLA#Q9I9M5",6
"GO:0007517","GO:0007517","muscle organ development","3/80","185/6213",0.0162162162162162,1.25939189189189,0.409053274701836,0.42772199623803,0.68089173734177,0.650187604920337,"XLOC-001851#TBX20-MOUSE#Q9ES03/novel-gene-chr14-11626#novel-gene-chr14-11626/XLOC-002903#FZD1-XENLA#Q9I9M5",3
"GO:0042594","GO:0042594","response to starvation","3/80","185/6213",0.0162162162162162,1.25939189189189,0.409053274701836,0.42772199623803,0.68089173734177,0.650187604920337,"XLOC-022170#FSTL1-MACFA#Q9GKY0/XLOC-012867#MLP3A-BOVIN#Q2HJ23/XLOC-013451#S38A2-CHICK#Q5F468",3
"GO:0001756","GO:0001756","somitogenesis","1/80","43/6213",0.0232558139534884,1.80610465116279,0.605769366493948,0.42832115533864,0.68089173734177,0.650187604920337,"novel-gene-chr14-11626#novel-gene-chr14-11626",1
"GO:0002028","GO:0002028","regulation of sodium ion transport","1/80","43/6213",0.0232558139534884,1.80610465116279,0.605769366493948,0.42832115533864,0.68089173734177,0.650187604920337,"XLOC-022444#SNTB1-HUMAN#Q13884",1
"GO:0004620","GO:0004620","phospholipase activity","1/80","43/6213",0.0232558139534884,1.80610465116279,0.605769366493948,0.42832115533864,0.68089173734177,0.650187604920337,"XLOC-002962#LIPP-ICTTR#O88354",1
"GO:0007622","GO:0007622","rhythmic behavior","1/80","43/6213",0.0232558139534884,1.80610465116279,0.605769366493948,0.42832115533864,0.68089173734177,0.650187604920337,"novel-gene-chr14-11626#novel-gene-chr14-11626",1
"GO:0032479","GO:0032479","regulation of type I interferon production","1/80","43/6213",0.0232558139534884,1.80610465116279,0.605769366493948,0.42832115533864,0.68089173734177,0.650187604920337,"novel-gene-chr14-11626#novel-gene-chr14-11626",1
"GO:0035097","GO:0035097","histone methyltransferase complex","1/80","43/6213",0.0232558139534884,1.80610465116279,0.605769366493948,0.42832115533864,0.68089173734177,0.650187604920337,"novel-gene-chr14-11626#novel-gene-chr14-11626",1
"GO:0043954","GO:0043954","cellular component maintenance","1/80","43/6213",0.0232558139534884,1.80610465116279,0.605769366493948,0.42832115533864,0.68089173734177,0.650187604920337,"XLOC-000920#RB6I2-RAT#Q811U3",1
"GO:0045793","GO:0045793","positive regulation of cell size","1/80","43/6213",0.0232558139534884,1.80610465116279,0.605769366493948,0.42832115533864,0.68089173734177,0.650187604920337,"novel-gene-chr14-11626#novel-gene-chr14-11626",1
"GO:0046686","GO:0046686","response to cadmium ion","1/80","43/6213",0.0232558139534884,1.80610465116279,0.605769366493948,0.42832115533864,0.68089173734177,0.650187604920337,"gene-evm.model.ptg000004l.110#SODC-ONCVO#P24706",1
"GO:0050775","GO:0050775","positive regulation of dendrite morphogenesis","1/80","43/6213",0.0232558139534884,1.80610465116279,0.605769366493948,0.42832115533864,0.68089173734177,0.650187604920337,"XLOC-007156#KALRN-MOUSE#A2CG49",1
"GO:0051058","GO:0051058","negative regulation of small GTPase mediated signal transduction","1/80","43/6213",0.0232558139534884,1.80610465116279,0.605769366493948,0.42832115533864,0.68089173734177,0.650187604920337,"XLOC-002354#DAB2P-MOUSE#Q3UHC7",1
"GO:0051213","GO:0051213","dioxygenase activity","1/80","43/6213",0.0232558139534884,1.80610465116279,0.605769366493948,0.42832115533864,0.68089173734177,0.650187604920337,"gene-evm.model.ptg000005l.77#PLOD1-CHICK#P24802",1
"GO:0090114","GO:0090114","COPII-coated vesicle budding","1/80","43/6213",0.0232558139534884,1.80610465116279,0.605769366493948,0.42832115533864,0.68089173734177,0.650187604920337,"XLOC-008889#CATZ-BOVIN#P05689",1
"GO:1902554","GO:1902554","serine/threonine protein kinase complex","1/80","43/6213",0.0232558139534884,1.80610465116279,0.605769366493948,0.42832115533864,0.68089173734177,0.650187604920337,"XLOC-000920#RB6I2-RAT#Q811U3",1
"GO:1902808","GO:1902808","positive regulation of cell cycle G1/S phase transition","1/80","43/6213",0.0232558139534884,1.80610465116279,0.605769366493948,0.42832115533864,0.68089173734177,0.650187604920337,"novel-gene-chr14-11626#novel-gene-chr14-11626",1
"GO:0050773","GO:0050773","regulation of dendrite development","2/80","113/6213",0.0176991150442478,1.37455752212389,0.458898948120682,0.429394071548647,0.681844900258326,0.651097785907749,"XLOC-007156#KALRN-MOUSE#A2CG49/XLOC-002354#DAB2P-MOUSE#Q3UHC7",2
"GO:0005543","GO:0005543","phospholipid binding","3/80","186/6213",0.0161290322580645,1.25262096774194,0.399484106498782,0.431169858607246,0.681844900258326,0.651097785907749,"XLOC-011926#PKHF2-CHICK#Q5ZLY5/XLOC-012867#MLP3A-BOVIN#Q2HJ23/XLOC-002354#DAB2P-MOUSE#Q3UHC7",3
"GO:0009408","GO:0009408","response to heat","2/80","114/6213",0.0175438596491228,1.3625,0.446123760751976,0.433829628479019,0.681844900258326,0.651097785907749,"gene-evm.model.ptg000004l.110#SODC-ONCVO#P24706/gene-evm.model.ptg000035l.378#TRLF-DESRO#K9IMD0",2
"GO:0046328","GO:0046328","regulation of JNK cascade","2/80","114/6213",0.0175438596491228,1.3625,0.446123760751976,0.433829628479019,0.681844900258326,0.651097785907749,"XLOC-020938#SPB6-MOUSE#Q60854/XLOC-002354#DAB2P-MOUSE#Q3UHC7",2
"GO:0050821","GO:0050821","protein stabilization","2/80","114/6213",0.0175438596491228,1.3625,0.446123760751976,0.433829628479019,0.681844900258326,0.651097785907749,"XLOC-002968#GILT-DANRE#Q5XJN2/novel-gene-chr14-11626#novel-gene-chr14-11626",2
"GO:0090257","GO:0090257","regulation of muscle system process","2/80","114/6213",0.0175438596491228,1.3625,0.446123760751976,0.433829628479019,0.681844900258326,0.651097785907749,"gene-evm.model.ptg000004l.110#SODC-ONCVO#P24706/novel-gene-chr14-11626#novel-gene-chr14-11626",2
"GO:0098609","GO:0098609","cell-cell adhesion","2/80","114/6213",0.0175438596491228,1.3625,0.446123760751976,0.433829628479019,0.681844900258326,0.651097785907749,"XLOC-015776#RET-HUMAN#P07949/XLOC-002903#FZD1-XENLA#Q9I9M5",2
"GO:0003684","GO:0003684","damaged DNA binding","1/80","44/6213",0.0227272727272727,1.76505681818182,0.581616713094727,0.435733522854509,0.681844900258326,0.651097785907749,"novel-gene-chr14-11626#novel-gene-chr14-11626",1
"GO:0007173","GO:0007173","epidermal growth factor receptor signaling pathway","1/80","44/6213",0.0227272727272727,1.76505681818182,0.581616713094727,0.435733522854509,0.681844900258326,0.651097785907749,"gene-evm.model.ptg000018l.1280#NCK2-HUMAN#O43639",1
"GO:0007619","GO:0007619","courtship behavior","1/80","44/6213",0.0227272727272727,1.76505681818182,0.581616713094727,0.435733522854509,0.681844900258326,0.651097785907749,"XLOC-026157#AP2D-HUMAN#Q7Z6R9",1
"GO:0016407","GO:0016407","acetyltransferase activity","1/80","44/6213",0.0227272727272727,1.76505681818182,0.581616713094727,0.435733522854509,0.681844900258326,0.651097785907749,"novel-gene-chr14-11626#novel-gene-chr14-11626",1
"GO:0021545","GO:0021545","cranial nerve development","1/80","44/6213",0.0227272727272727,1.76505681818182,0.581616713094727,0.435733522854509,0.681844900258326,0.651097785907749,"XLOC-026157#AP2D-HUMAN#Q7Z6R9",1
"GO:0021885","GO:0021885","forebrain cell migration","1/80","44/6213",0.0227272727272727,1.76505681818182,0.581616713094727,0.435733522854509,0.681844900258326,0.651097785907749,"XLOC-002354#DAB2P-MOUSE#Q3UHC7",1
"GO:0022029","GO:0022029","telencephalon cell migration","1/80","44/6213",0.0227272727272727,1.76505681818182,0.581616713094727,0.435733522854509,0.681844900258326,0.651097785907749,"XLOC-002354#DAB2P-MOUSE#Q3UHC7",1
"GO:0042552","GO:0042552","myelination","1/80","44/6213",0.0227272727272727,1.76505681818182,0.581616713094727,0.435733522854509,0.681844900258326,0.651097785907749,"gene-evm.model.ptg000004l.110#SODC-ONCVO#P24706",1
"GO:0044325","GO:0044325","transmembrane transporter binding","1/80","44/6213",0.0227272727272727,1.76505681818182,0.581616713094727,0.435733522854509,0.681844900258326,0.651097785907749,"XLOC-022444#SNTB1-HUMAN#Q13884",1
"GO:0045844","GO:0045844","positive regulation of striated muscle tissue development","1/80","44/6213",0.0227272727272727,1.76505681818182,0.581616713094727,0.435733522854509,0.681844900258326,0.651097785907749,"XLOC-001851#TBX20-MOUSE#Q9ES03",1
"GO:0048199","GO:0048199","vesicle targeting, to, from or within Golgi","1/80","44/6213",0.0227272727272727,1.76505681818182,0.581616713094727,0.435733522854509,0.681844900258326,0.651097785907749,"XLOC-008889#CATZ-BOVIN#P05689",1
"GO:0048582","GO:0048582","positive regulation of post-embryonic development","1/80","44/6213",0.0227272727272727,1.76505681818182,0.581616713094727,0.435733522854509,0.681844900258326,0.651097785907749,"gene-evm.model.ptg000003l.459#ZNT1-MACFA#Q4R6K2",1
"GO:0050673","GO:0050673","epithelial cell proliferation","1/80","44/6213",0.0227272727272727,1.76505681818182,0.581616713094727,0.435733522854509,0.681844900258326,0.651097785907749,"XLOC-026157#AP2D-HUMAN#Q7Z6R9",1
"GO:0072655","GO:0072655","establishment of protein localization to mitochondrion","1/80","44/6213",0.0227272727272727,1.76505681818182,0.581616713094727,0.435733522854509,0.681844900258326,0.651097785907749,"XLOC-010359#IMP1L-HUMAN#Q96LU5",1
"GO:0099023","GO:0099023","vesicle tethering complex","1/80","44/6213",0.0227272727272727,1.76505681818182,0.581616713094727,0.435733522854509,0.681844900258326,0.651097785907749,"XLOC-015621#TPC12-MOUSE#Q8K2L8",1
"GO:1901863","GO:1901863","positive regulation of muscle tissue development","1/80","44/6213",0.0227272727272727,1.76505681818182,0.581616713094727,0.435733522854509,0.681844900258326,0.651097785907749,"XLOC-001851#TBX20-MOUSE#Q9ES03",1
"GO:1903426","GO:1903426","regulation of reactive oxygen species biosynthetic process","1/80","44/6213",0.0227272727272727,1.76505681818182,0.581616713094727,0.435733522854509,0.681844900258326,0.651097785907749,"XLOC-003485#CTNS-HUMAN#O60931",1
"GO:0015075","GO:0015075","monoatomic ion transmembrane transporter activity","5/80","336/6213",0.0148809523809524,1.15569196428571,0.33510601706233,0.436739400566528,0.682973984479687,0.65217595520454,"gene-evm.model.ptg000005l.755#RBP-CHICK#P02752/XLOC-022444#SNTB1-HUMAN#Q13884/XLOC-003485#CTNS-HUMAN#O60931/XLOC-013451#S38A2-CHICK#Q5F468/gene-evm.model.ptg000003l.459#ZNT1-MACFA#Q4R6K2",5
"GO:0016055","GO:0016055","Wnt signaling pathway","2/80","115/6213",0.0173913043478261,1.35065217391304,0.4334669405892,0.438247209866459,0.68349930942424,0.65267759114572,"novel-gene-chr14-11626#novel-gene-chr14-11626/XLOC-002903#FZD1-XENLA#Q9I9M5",2
"GO:0043409","GO:0043409","negative regulation of MAPK cascade","2/80","115/6213",0.0173913043478261,1.35065217391304,0.4334669405892,0.438247209866459,0.68349930942424,0.65267759114572,"XLOC-020938#SPB6-MOUSE#Q60854/XLOC-002354#DAB2P-MOUSE#Q3UHC7",2
"GO:0097060","GO:0097060","synaptic membrane","2/80","115/6213",0.0173913043478261,1.35065217391304,0.4334669405892,0.438247209866459,0.68349930942424,0.65267759114572,"XLOC-022444#SNTB1-HUMAN#Q13884/XLOC-000920#RB6I2-RAT#Q811U3",2
"GO:0001558","GO:0001558","regulation of cell growth","4/80","263/6213",0.0152091254752852,1.18117870722433,0.342886812632653,0.440994532548036,0.68349930942424,0.65267759114572,"XLOC-007156#KALRN-MOUSE#A2CG49/novel-gene-chr14-11626#novel-gene-chr14-11626/XLOC-002903#FZD1-XENLA#Q9I9M5/XLOC-002354#DAB2P-MOUSE#Q3UHC7",4
"GO:0015711","GO:0015711","organic anion transport","3/80","189/6213",0.0158730158730159,1.2327380952381,0.371090751543174,0.441470370724897,0.68349930942424,0.65267759114572,"gene-evm.model.ptg000005l.755#RBP-CHICK#P02752/XLOC-003485#CTNS-HUMAN#O60931/XLOC-013451#S38A2-CHICK#Q5F468",3
"GO:0007265","GO:0007265","Ras protein signal transduction","2/80","116/6213",0.0172413793103448,1.33900862068966,0.420926117782033,0.442646540671677,0.68349930942424,0.65267759114572,"XLOC-007156#KALRN-MOUSE#A2CG49/XLOC-002354#DAB2P-MOUSE#Q3UHC7",2
"GO:0032496","GO:0032496","response to lipopolysaccharide","2/80","116/6213",0.0172413793103448,1.33900862068966,0.420926117782033,0.442646540671677,0.68349930942424,0.65267759114572,"XLOC-026157#AP2D-HUMAN#Q7Z6R9/XLOC-002354#DAB2P-MOUSE#Q3UHC7",2
"GO:0005758","GO:0005758","mitochondrial intermembrane space","1/80","45/6213",0.0222222222222222,1.72583333333333,0.558078405400184,0.443050967849101,0.68349930942424,0.65267759114572,"gene-evm.model.ptg000004l.110#SODC-ONCVO#P24706",1
"GO:0007160","GO:0007160","cell-matrix adhesion","1/80","45/6213",0.0222222222222222,1.72583333333333,0.558078405400184,0.443050967849101,0.68349930942424,0.65267759114572,"XLOC-000011#NID2-RAT#B5DFC9",1
"GO:0008630","GO:0008630","intrinsic apoptotic signaling pathway in response to DNA damage","1/80","45/6213",0.0222222222222222,1.72583333333333,0.558078405400184,0.443050967849101,0.68349930942424,0.65267759114572,"novel-gene-chr14-11626#novel-gene-chr14-11626",1
"GO:0042733","GO:0042733","embryonic digit morphogenesis","1/80","45/6213",0.0222222222222222,1.72583333333333,0.558078405400184,0.443050967849101,0.68349930942424,0.65267759114572,"novel-gene-chr14-11626#novel-gene-chr14-11626",1
"GO:0060113","GO:0060113","inner ear receptor cell differentiation","1/80","45/6213",0.0222222222222222,1.72583333333333,0.558078405400184,0.443050967849101,0.68349930942424,0.65267759114572,"gene-evm.model.ptg000004l.110#SODC-ONCVO#P24706",1
"GO:0060259","GO:0060259","regulation of feeding behavior","1/80","45/6213",0.0222222222222222,1.72583333333333,0.558078405400184,0.443050967849101,0.68349930942424,0.65267759114572,"XLOC-003461#NFIC-MOUSE#P70255",1
"GO:0062014","GO:0062014","negative regulation of small molecule metabolic process","1/80","45/6213",0.0222222222222222,1.72583333333333,0.558078405400184,0.443050967849101,0.68349930942424,0.65267759114572,"gene-evm.model.ptg000004l.110#SODC-ONCVO#P24706",1
"GO:0070851","GO:0070851","growth factor receptor binding","1/80","45/6213",0.0222222222222222,1.72583333333333,0.558078405400184,0.443050967849101,0.68349930942424,0.65267759114572,"XLOC-002354#DAB2P-MOUSE#Q3UHC7",1
"GO:0090630","GO:0090630","activation of GTPase activity","1/80","45/6213",0.0222222222222222,1.72583333333333,0.558078405400184,0.443050967849101,0.68349930942424,0.65267759114572,"gene-evm.model.ptg000022l.488#RBGP1-MOUSE#A2AWA9",1
"GO:0097110","GO:0097110","scaffold protein binding","1/80","45/6213",0.0222222222222222,1.72583333333333,0.558078405400184,0.443050967849101,0.68349930942424,0.65267759114572,"gene-evm.model.ptg000018l.1280#NCK2-HUMAN#O43639",1
"GO:0098930","GO:0098930","axonal transport","1/80","45/6213",0.0222222222222222,1.72583333333333,0.558078405400184,0.443050967849101,0.68349930942424,0.65267759114572,"gene-evm.model.ptg000004l.110#SODC-ONCVO#P24706",1
"GO:0099024","GO:0099024","plasma membrane invagination","1/80","45/6213",0.0222222222222222,1.72583333333333,0.558078405400184,0.443050967849101,0.68349930942424,0.65267759114572,"XLOC-007156#KALRN-MOUSE#A2CG49",1
"GO:1902667","GO:1902667","regulation of axon guidance","1/80","45/6213",0.0222222222222222,1.72583333333333,0.558078405400184,0.443050967849101,0.68349930942424,0.65267759114572,"XLOC-002903#FZD1-XENLA#Q9I9M5",1
"GO:1903008","GO:1903008","organelle disassembly","1/80","45/6213",0.0222222222222222,1.72583333333333,0.558078405400184,0.443050967849101,0.68349930942424,0.65267759114572,"XLOC-012867#MLP3A-BOVIN#Q2HJ23",1
"GO:0048736","GO:0048736","appendage development","4/80","265/6213",0.0150943396226415,1.1722641509434,0.327307984381588,0.446792728169303,0.687539997565515,0.656536068493473,"XLOC-026157#AP2D-HUMAN#Q7Z6R9/XLOC-000223#BMP1-MOUSE#P98063/novel-gene-chr14-11626#novel-gene-chr14-11626/XLOC-002903#FZD1-XENLA#Q9I9M5",4
"GO:0030099","GO:0030099","myeloid cell differentiation","2/80","117/6213",0.0170940170940171,1.3275641025641,0.408498991012813,0.447027355706193,0.687539997565515,0.656536068493473,"gene-evm.model.ptg000022l.488#RBGP1-MOUSE#A2AWA9/novel-gene-chr14-11626#novel-gene-chr14-11626",2
"GO:0002039","GO:0002039","p53 binding","1/80","46/6213",0.0217391304347826,1.6883152173913,0.535122913424742,0.450274690704495,0.687539997565515,0.656536068493473,"novel-gene-chr14-11626#novel-gene-chr14-11626",1
"GO:0008366","GO:0008366","axon ensheathment","1/80","46/6213",0.0217391304347826,1.6883152173913,0.535122913424742,0.450274690704495,0.687539997565515,0.656536068493473,"gene-evm.model.ptg000004l.110#SODC-ONCVO#P24706",1
"GO:0010771","GO:0010771","negative regulation of cell morphogenesis","1/80","46/6213",0.0217391304347826,1.6883152173913,0.535122913424742,0.450274690704495,0.687539997565515,0.656536068493473,"XLOC-002354#DAB2P-MOUSE#Q3UHC7",1
"GO:0030863","GO:0030863","cortical cytoskeleton","1/80","46/6213",0.0217391304347826,1.6883152173913,0.535122913424742,0.450274690704495,0.687539997565515,0.656536068493473,"XLOC-000920#RB6I2-RAT#Q811U3",1
"GO:0032024","GO:0032024","positive regulation of insulin secretion","1/80","46/6213",0.0217391304347826,1.6883152173913,0.535122913424742,0.450274690704495,0.687539997565515,0.656536068493473,"XLOC-014474#TMPS5-HUMAN#Q9H3S3",1
"GO:0035305","GO:0035305","negative regulation of dephosphorylation","1/80","46/6213",0.0217391304347826,1.6883152173913,0.535122913424742,0.450274690704495,0.687539997565515,0.656536068493473,"XLOC-025616#ELL2-MOUSE#Q3UKU1",1
"GO:0042048","GO:0042048","olfactory behavior","1/80","46/6213",0.0217391304347826,1.6883152173913,0.535122913424742,0.450274690704495,0.687539997565515,0.656536068493473,"XLOC-021538#RPGP1-HUMAN#P47736",1
"GO:0048636","GO:0048636","positive regulation of muscle organ development","1/80","46/6213",0.0217391304347826,1.6883152173913,0.535122913424742,0.450274690704495,0.687539997565515,0.656536068493473,"XLOC-001851#TBX20-MOUSE#Q9ES03",1
"GO:0050777","GO:0050777","negative regulation of immune response","1/80","46/6213",0.0217391304347826,1.6883152173913,0.535122913424742,0.450274690704495,0.687539997565515,0.656536068493473,"XLOC-002398#SVEP1-DANRE#A0A1D5NSM8",1
"GO:1901607","GO:1901607","alpha-amino acid biosynthetic process","1/80","46/6213",0.0217391304347826,1.6883152173913,0.535122913424742,0.450274690704495,0.687539997565515,0.656536068493473,"gene-evm.model.ptg000005l.77#PLOD1-CHICK#P24802",1
"GO:1902017","GO:1902017","regulation of cilium assembly","1/80","46/6213",0.0217391304347826,1.6883152173913,0.535122913424742,0.450274690704495,0.687539997565515,0.656536068493473,"XLOC-011359#CROCC-HUMAN#Q5TZA2",1
"GO:2000242","GO:2000242","negative regulation of reproductive process","1/80","46/6213",0.0217391304347826,1.6883152173913,0.535122913424742,0.450274690704495,0.687539997565515,0.656536068493473,"XLOC-012512#MLRP1-ACRMI#B3EWZ5",1
"GO:0032271","GO:0032271","regulation of protein polymerization","2/80","118/6213",0.0169491525423729,1.31631355932203,0.396183324931059,0.451389399430021,0.687539997565515,0.656536068493473,"XLOC-007156#KALRN-MOUSE#A2CG49/gene-evm.model.ptg000018l.1280#NCK2-HUMAN#O43639",2
"GO:0043406","GO:0043406","positive regulation of MAP kinase activity","2/80","118/6213",0.0169491525423729,1.31631355932203,0.396183324931059,0.451389399430021,0.687539997565515,0.656536068493473,"gene-evm.model.ptg000004l.110#SODC-ONCVO#P24706/XLOC-002354#DAB2P-MOUSE#Q3UHC7",2
"GO:0048705","GO:0048705","skeletal system morphogenesis","2/80","118/6213",0.0169491525423729,1.31631355932203,0.396183324931059,0.451389399430021,0.687539997565515,0.656536068493473,"XLOC-026157#AP2D-HUMAN#Q7Z6R9/XLOC-000223#BMP1-MOUSE#P98063",2
"GO:0051222","GO:0051222","positive regulation of protein transport","3/80","192/6213",0.015625,1.2134765625,0.343155320139459,0.451702333985267,0.687539997565515,0.656536068493473,"XLOC-003023#FCN2-MOUSE#O70497/XLOC-014474#TMPS5-HUMAN#Q9H3S3/novel-gene-chr14-11626#novel-gene-chr14-11626",3
"GO:0070848","GO:0070848","response to growth factor","4/80","267/6213",0.0149812734082397,1.16348314606742,0.311846159271164,0.452573852220622,0.687539997565515,0.656536068493473,"XLOC-022170#FSTL1-MACFA#Q9GKY0/novel-gene-chr14-11626#novel-gene-chr14-11626/XLOC-002903#FZD1-XENLA#Q9I9M5/XLOC-002354#DAB2P-MOUSE#Q3UHC7",4
"GO:0001754","GO:0001754","eye photoreceptor cell differentiation","2/80","119/6213",0.0168067226890756,1.30525210084034,0.38397694770524,0.455732425752817,0.687539997565515,0.656536068493473,"novel-gene-chr14-11626#novel-gene-chr14-11626/XLOC-002903#FZD1-XENLA#Q9I9M5",2
"GO:0015849","GO:0015849","organic acid transport","2/80","119/6213",0.0168067226890756,1.30525210084034,0.38397694770524,0.455732425752817,0.687539997565515,0.656536068493473,"XLOC-003485#CTNS-HUMAN#O60931/XLOC-013451#S38A2-CHICK#Q5F468",2
"GO:0040013","GO:0040013","negative regulation of locomotion","2/80","119/6213",0.0168067226890756,1.30525210084034,0.38397694770524,0.455732425752817,0.687539997565515,0.656536068493473,"XLOC-022444#SNTB1-HUMAN#Q13884/XLOC-002354#DAB2P-MOUSE#Q3UHC7",2
"GO:0043270","GO:0043270","positive regulation of monoatomic ion transport","2/80","119/6213",0.0168067226890756,1.30525210084034,0.38397694770524,0.455732425752817,0.687539997565515,0.656536068493473,"XLOC-007156#KALRN-MOUSE#A2CG49/XLOC-013451#S38A2-CHICK#Q5F468",2
"GO:0046942","GO:0046942","carboxylic acid transport","2/80","119/6213",0.0168067226890756,1.30525210084034,0.38397694770524,0.455732425752817,0.687539997565515,0.656536068493473,"XLOC-003485#CTNS-HUMAN#O60931/XLOC-013451#S38A2-CHICK#Q5F468",2
"GO:0048839","GO:0048839","inner ear development","2/80","119/6213",0.0168067226890756,1.30525210084034,0.38397694770524,0.455732425752817,0.687539997565515,0.656536068493473,"gene-evm.model.ptg000004l.110#SODC-ONCVO#P24706/XLOC-026157#AP2D-HUMAN#Q7Z6R9",2
"GO:0002706","GO:0002706","regulation of lymphocyte mediated immunity","1/80","47/6213",0.0212765957446809,1.65239361702128,0.512721001317981,0.457405876815026,0.687539997565515,0.656536068493473,"XLOC-002398#SVEP1-DANRE#A0A1D5NSM8",1
"GO:0005126","GO:0005126","cytokine receptor binding","1/80","47/6213",0.0212765957446809,1.65239361702128,0.512721001317981,0.457405876815026,0.687539997565515,0.656536068493473,"XLOC-002354#DAB2P-MOUSE#Q3UHC7",1
"GO:0006446","GO:0006446","regulation of translational initiation","1/80","47/6213",0.0212765957446809,1.65239361702128,0.512721001317981,0.457405876815026,0.687539997565515,0.656536068493473,"gene-evm.model.ptg000018l.1280#NCK2-HUMAN#O43639",1
"GO:0007272","GO:0007272","ensheathment of neurons","1/80","47/6213",0.0212765957446809,1.65239361702128,0.512721001317981,0.457405876815026,0.687539997565515,0.656536068493473,"gene-evm.model.ptg000004l.110#SODC-ONCVO#P24706",1
"GO:0007304","GO:0007304","chorion-containing eggshell formation","1/80","47/6213",0.0212765957446809,1.65239361702128,0.512721001317981,0.457405876815026,0.687539997565515,0.656536068493473,"XLOC-001851#TBX20-MOUSE#Q9ES03",1
"GO:0008013","GO:0008013","beta-catenin binding","1/80","47/6213",0.0212765957446809,1.65239361702128,0.512721001317981,0.457405876815026,0.687539997565515,0.656536068493473,"novel-gene-chr14-11626#novel-gene-chr14-11626",1
"GO:0008170","GO:0008170","N-methyltransferase activity","1/80","47/6213",0.0212765957446809,1.65239361702128,0.512721001317981,0.457405876815026,0.687539997565515,0.656536068493473,"XLOC-020780#ANM2-HUMAN#P55345",1
"GO:0035194","GO:0035194","regulatory ncRNA-mediated post-transcriptional gene silencing","1/80","47/6213",0.0212765957446809,1.65239361702128,0.512721001317981,0.457405876815026,0.687539997565515,0.656536068493473,"XLOC-019521#TISB-HUMAN#Q07352",1
"GO:0042773","GO:0042773","ATP synthesis coupled electron transport","1/80","47/6213",0.0212765957446809,1.65239361702128,0.512721001317981,0.457405876815026,0.687539997565515,0.656536068493473,"XLOC-010474#SDHF2-CULQU#B0XK69",1
"GO:0042775","GO:0042775","mitochondrial ATP synthesis coupled electron transport","1/80","47/6213",0.0212765957446809,1.65239361702128,0.512721001317981,0.457405876815026,0.687539997565515,0.656536068493473,"XLOC-010474#SDHF2-CULQU#B0XK69",1
"GO:0048645","GO:0048645","animal organ formation","1/80","47/6213",0.0212765957446809,1.65239361702128,0.512721001317981,0.457405876815026,0.687539997565515,0.656536068493473,"XLOC-002903#FZD1-XENLA#Q9I9M5",1
"GO:0060840","GO:0060840","artery development","1/80","47/6213",0.0212765957446809,1.65239361702128,0.512721001317981,0.457405876815026,0.687539997565515,0.656536068493473,"XLOC-026157#AP2D-HUMAN#Q7Z6R9",1
"GO:0070542","GO:0070542","response to fatty acid","1/80","47/6213",0.0212765957446809,1.65239361702128,0.512721001317981,0.457405876815026,0.687539997565515,0.656536068493473,"XLOC-025017#CP3AO-SHEEP#Q29496",1
"GO:0071260","GO:0071260","cellular response to mechanical stimulus","1/80","47/6213",0.0212765957446809,1.65239361702128,0.512721001317981,0.457405876815026,0.687539997565515,0.656536068493473,"XLOC-013451#S38A2-CHICK#Q5F468",1
"GO:0072593","GO:0072593","reactive oxygen species metabolic process","1/80","47/6213",0.0212765957446809,1.65239361702128,0.512721001317981,0.457405876815026,0.687539997565515,0.656536068493473,"gene-evm.model.ptg000004l.110#SODC-ONCVO#P24706",1
"GO:0090175","GO:0090175","regulation of establishment of planar polarity","1/80","47/6213",0.0212765957446809,1.65239361702128,0.512721001317981,0.457405876815026,0.687539997565515,0.656536068493473,"XLOC-002903#FZD1-XENLA#Q9I9M5",1
"GO:0045471","GO:0045471","response to ethanol","2/80","120/6213",0.0166666666666667,1.294375,0.371877748685472,0.46005619783844,0.689492313749308,0.658400346930077,"gene-evm.model.ptg000004l.110#SODC-ONCVO#P24706/XLOC-025017#CP3AO-SHEEP#Q29496",2
"GO:0002682","GO:0002682","regulation of immune system process","7/80","498/6213",0.0140562248995984,1.09164156626506,0.243513639662602,0.462684834705555,0.689492313749308,0.658400346930077,"gene-evm.model.ptg000004l.110#SODC-ONCVO#P24706/XLOC-003023#FCN2-MOUSE#O70497/XLOC-002398#SVEP1-DANRE#A0A1D5NSM8/novel-gene-chr14-11626#novel-gene-chr14-11626/XLOC-002903#FZD1-XENLA#Q9I9M5/gene-evm.model.ptg000018l.1280#NCK2-HUMAN#O43639/XLOC-002354#DAB2P-MOUSE#Q3UHC7",7
"GO:0055085","GO:0055085","transmembrane transport","7/80","498/6213",0.0140562248995984,1.09164156626506,0.243513639662602,0.462684834705555,0.689492313749308,0.658400346930077,"gene-evm.model.ptg000005l.755#RBP-CHICK#P02752/XLOC-022444#SNTB1-HUMAN#Q13884/XLOC-008866#MCUR1-MOUSE#Q9CXD6/XLOC-003485#CTNS-HUMAN#O60931/XLOC-024417#HEPHL-ACRMI#B3EWZ9/XLOC-013451#S38A2-CHICK#Q5F468/gene-evm.model.ptg000003l.459#ZNT1-MACFA#Q4R6K2",7
"GO:0002792","GO:0002792","negative regulation of peptide secretion","1/80","48/6213",0.0208333333333333,1.61796875,0.490845514638376,0.464445696772015,0.689492313749308,0.658400346930077,"XLOC-007156#KALRN-MOUSE#A2CG49",1
"GO:0005791","GO:0005791","rough endoplasmic reticulum","1/80","48/6213",0.0208333333333333,1.61796875,0.490845514638376,0.464445696772015,0.689492313749308,0.658400346930077,"gene-evm.model.ptg000005l.77#PLOD1-CHICK#P24802",1
"GO:0006941","GO:0006941","striated muscle contraction","1/80","48/6213",0.0208333333333333,1.61796875,0.490845514638376,0.464445696772015,0.689492313749308,0.658400346930077,"XLOC-022444#SNTB1-HUMAN#Q13884",1
"GO:0007447","GO:0007447","imaginal disc pattern formation","1/80","48/6213",0.0208333333333333,1.61796875,0.490845514638376,0.464445696772015,0.689492313749308,0.658400346930077,"XLOC-001851#TBX20-MOUSE#Q9ES03",1
"GO:0007480","GO:0007480","imaginal disc-derived leg morphogenesis","1/80","48/6213",0.0208333333333333,1.61796875,0.490845514638376,0.464445696772015,0.689492313749308,0.658400346930077,"XLOC-026157#AP2D-HUMAN#Q7Z6R9",1
"GO:0019886","GO:0019886","antigen processing and presentation of exogenous peptide antigen via MHC class II","1/80","48/6213",0.0208333333333333,1.61796875,0.490845514638376,0.464445696772015,0.689492313749308,0.658400346930077,"XLOC-002968#GILT-DANRE#Q5XJN2",1
"GO:0032873","GO:0032873","negative regulation of stress-activated MAPK cascade","1/80","48/6213",0.0208333333333333,1.61796875,0.490845514638376,0.464445696772015,0.689492313749308,0.658400346930077,"XLOC-020938#SPB6-MOUSE#Q60854",1
"GO:0038127","GO:0038127","ERBB signaling pathway","1/80","48/6213",0.0208333333333333,1.61796875,0.490845514638376,0.464445696772015,0.689492313749308,0.658400346930077,"gene-evm.model.ptg000018l.1280#NCK2-HUMAN#O43639",1
"GO:0042659","GO:0042659","regulation of cell fate specification","1/80","48/6213",0.0208333333333333,1.61796875,0.490845514638376,0.464445696772015,0.689492313749308,0.658400346930077,"XLOC-001851#TBX20-MOUSE#Q9ES03",1
"GO:0045598","GO:0045598","regulation of fat cell differentiation","1/80","48/6213",0.0208333333333333,1.61796875,0.490845514638376,0.464445696772015,0.689492313749308,0.658400346930077,"XLOC-007156#KALRN-MOUSE#A2CG49",1
"GO:0046365","GO:0046365","monosaccharide catabolic process","1/80","48/6213",0.0208333333333333,1.61796875,0.490845514638376,0.464445696772015,0.689492313749308,0.658400346930077,"XLOC-012475#BGAL-FELCA#O19015",1
"GO:0050810","GO:0050810","regulation of steroid biosynthetic process","1/80","48/6213",0.0208333333333333,1.61796875,0.490845514638376,0.464445696772015,0.689492313749308,0.658400346930077,"gene-evm.model.ptg000004l.110#SODC-ONCVO#P24706",1
"GO:0050851","GO:0050851","antigen receptor-mediated signaling pathway","1/80","48/6213",0.0208333333333333,1.61796875,0.490845514638376,0.464445696772015,0.689492313749308,0.658400346930077,"gene-evm.model.ptg000018l.1280#NCK2-HUMAN#O43639",1
"GO:0051289","GO:0051289","protein homotetramerization","1/80","48/6213",0.0208333333333333,1.61796875,0.490845514638376,0.464445696772015,0.689492313749308,0.658400346930077,"XLOC-010884#QOR-RAT#Q6AYT0",1
"GO:0070303","GO:0070303","negative regulation of stress-activated protein kinase signaling cascade","1/80","48/6213",0.0208333333333333,1.61796875,0.490845514638376,0.464445696772015,0.689492313749308,0.658400346930077,"XLOC-020938#SPB6-MOUSE#Q60854",1
"GO:0071772","GO:0071772","response to BMP","1/80","48/6213",0.0208333333333333,1.61796875,0.490845514638376,0.464445696772015,0.689492313749308,0.658400346930077,"XLOC-022170#FSTL1-MACFA#Q9GKY0",1
"GO:0071773","GO:0071773","cellular response to BMP stimulus","1/80","48/6213",0.0208333333333333,1.61796875,0.490845514638376,0.464445696772015,0.689492313749308,0.658400346930077,"XLOC-022170#FSTL1-MACFA#Q9GKY0",1
"GO:0001817","GO:0001817","regulation of cytokine production","3/80","197/6213",0.0152284263959391,1.18267766497462,0.297569822341486,0.468590265028738,0.690421662392759,0.65928778752523,"gene-evm.model.ptg000004l.110#SODC-ONCVO#P24706/XLOC-003023#FCN2-MOUSE#O70497/novel-gene-chr14-11626#novel-gene-chr14-11626",3
"GO:0002119","GO:0002119","nematode larval development","3/80","197/6213",0.0152284263959391,1.18267766497462,0.297569822341486,0.468590265028738,0.690421662392759,0.65928778752523,"XLOC-008889#CATZ-BOVIN#P05689/XLOC-007156#KALRN-MOUSE#A2CG49/XLOC-008027#CATZ-RAT#Q9R1T3",3
"GO:0010720","GO:0010720","positive regulation of cell development","5/80","349/6213",0.0143266475644699,1.11264326647564,0.247368959991054,0.469974740275825,0.690421662392759,0.65928778752523,"XLOC-007156#KALRN-MOUSE#A2CG49/novel-gene-chr14-11626#novel-gene-chr14-11626/XLOC-002903#FZD1-XENLA#Q9I9M5/gene-evm.model.ptg000018l.1280#NCK2-HUMAN#O43639/XLOC-002354#DAB2P-MOUSE#Q3UHC7",5
"GO:0001676","GO:0001676","long-chain fatty acid metabolic process","1/80","49/6213",0.0204081632653061,1.58494897959184,0.469471191378296,0.471395306546263,0.690421662392759,0.65928778752523,"XLOC-025017#CP3AO-SHEEP#Q29496",1
"GO:0002027","GO:0002027","regulation of heart rate","1/80","49/6213",0.0204081632653061,1.58494897959184,0.469471191378296,0.471395306546263,0.690421662392759,0.65928778752523,"XLOC-022444#SNTB1-HUMAN#Q13884",1
"GO:0002168","GO:0002168","instar larval development","1/80","49/6213",0.0204081632653061,1.58494897959184,0.469471191378296,0.471395306546263,0.690421662392759,0.65928778752523,"XLOC-002903#FZD1-XENLA#Q9I9M5",1
"GO:0002495","GO:0002495","antigen processing and presentation of peptide antigen via MHC class II","1/80","49/6213",0.0204081632653061,1.58494897959184,0.469471191378296,0.471395306546263,0.690421662392759,0.65928778752523,"XLOC-002968#GILT-DANRE#Q5XJN2",1
"GO:0002504","GO:0002504","antigen processing and presentation of peptide or polysaccharide antigen via MHC class II","1/80","49/6213",0.0204081632653061,1.58494897959184,0.469471191378296,0.471395306546263,0.690421662392759,0.65928778752523,"XLOC-002968#GILT-DANRE#Q5XJN2",1
"GO:0007492","GO:0007492","endoderm development","1/80","49/6213",0.0204081632653061,1.58494897959184,0.469471191378296,0.471395306546263,0.690421662392759,0.65928778752523,"XLOC-001851#TBX20-MOUSE#Q9ES03",1
"GO:0009060","GO:0009060","aerobic respiration","1/80","49/6213",0.0204081632653061,1.58494897959184,0.469471191378296,0.471395306546263,0.690421662392759,0.65928778752523,"XLOC-010474#SDHF2-CULQU#B0XK69",1
"GO:0010043","GO:0010043","response to zinc ion","1/80","49/6213",0.0204081632653061,1.58494897959184,0.469471191378296,0.471395306546263,0.690421662392759,0.65928778752523,"gene-evm.model.ptg000003l.459#ZNT1-MACFA#Q4R6K2",1
"GO:0030239","GO:0030239","myofibril assembly","1/80","49/6213",0.0204081632653061,1.58494897959184,0.469471191378296,0.471395306546263,0.690421662392759,0.65928778752523,"XLOC-022444#SNTB1-HUMAN#Q13884",1
"GO:0031970","GO:0031970","organelle envelope lumen","1/80","49/6213",0.0204081632653061,1.58494897959184,0.469471191378296,0.471395306546263,0.690421662392759,0.65928778752523,"gene-evm.model.ptg000004l.110#SODC-ONCVO#P24706",1
"GO:0035265","GO:0035265","organ growth","1/80","49/6213",0.0204081632653061,1.58494897959184,0.469471191378296,0.471395306546263,0.690421662392759,0.65928778752523,"XLOC-001851#TBX20-MOUSE#Q9ES03",1
"GO:0035567","GO:0035567","non-canonical Wnt signaling pathway","1/80","49/6213",0.0204081632653061,1.58494897959184,0.469471191378296,0.471395306546263,0.690421662392759,0.65928778752523,"XLOC-002903#FZD1-XENLA#Q9I9M5",1
"GO:0042476","GO:0042476","odontogenesis","1/80","49/6213",0.0204081632653061,1.58494897959184,0.469471191378296,0.471395306546263,0.690421662392759,0.65928778752523,"XLOC-003461#NFIC-MOUSE#P70255",1
"GO:0043122","GO:0043122","regulation of canonical NF-kappaB signal transduction","1/80","49/6213",0.0204081632653061,1.58494897959184,0.469471191378296,0.471395306546263,0.690421662392759,0.65928778752523,"XLOC-002354#DAB2P-MOUSE#Q3UHC7",1
"GO:0048194","GO:0048194","Golgi vesicle budding","1/80","49/6213",0.0204081632653061,1.58494897959184,0.469471191378296,0.471395306546263,0.690421662392759,0.65928778752523,"XLOC-008889#CATZ-BOVIN#P05689",1
"GO:0050000","GO:0050000","chromosome localization","1/80","49/6213",0.0204081632653061,1.58494897959184,0.469471191378296,0.471395306546263,0.690421662392759,0.65928778752523,"XLOC-015621#TPC12-MOUSE#Q8K2L8",1
"GO:0051219","GO:0051219","phosphoprotein binding","1/80","49/6213",0.0204081632653061,1.58494897959184,0.469471191378296,0.471395306546263,0.690421662392759,0.65928778752523,"gene-evm.model.ptg000018l.1280#NCK2-HUMAN#O43639",1
"GO:0061097","GO:0061097","regulation of protein tyrosine kinase activity","1/80","49/6213",0.0204081632653061,1.58494897959184,0.469471191378296,0.471395306546263,0.690421662392759,0.65928778752523,"gene-evm.model.ptg000018l.1280#NCK2-HUMAN#O43639",1
"GO:0070585","GO:0070585","protein localization to mitochondrion","1/80","49/6213",0.0204081632653061,1.58494897959184,0.469471191378296,0.471395306546263,0.690421662392759,0.65928778752523,"XLOC-010359#IMP1L-HUMAN#Q96LU5",1
"GO:0042391","GO:0042391","regulation of membrane potential","3/80","198/6213",0.0151515151515152,1.17670454545455,0.288593626221208,0.471941542088037,0.690800477815639,0.659649520645198,"gene-evm.model.ptg000004l.110#SODC-ONCVO#P24706/XLOC-022444#SNTB1-HUMAN#Q13884/XLOC-003485#CTNS-HUMAN#O60931",3
"GO:0016042","GO:0016042","lipid catabolic process","2/80","123/6213",0.016260162601626,1.26280487804878,0.336202985901478,0.472909755113441,0.691613814629309,0.660426180848093,"XLOC-002962#LIPP-ICTTR#O88354/XLOC-003833#NAGAB-CHICK#Q90744",2
"GO:0019216","GO:0019216","regulation of lipid metabolic process","3/80","199/6213",0.0150753768844221,1.17079145728643,0.279663124336961,0.475283677285134,0.691613814629309,0.660426180848093,"gene-evm.model.ptg000004l.110#SODC-ONCVO#P24706/novel-gene-chr14-11626#novel-gene-chr14-11626/XLOC-002354#DAB2P-MOUSE#Q3UHC7",3
"GO:0002237","GO:0002237","response to molecule of bacterial origin","2/80","124/6213",0.0161290322580645,1.25262096774194,0.324512540762742,0.477154320319503,0.691613814629309,0.660426180848093,"XLOC-026157#AP2D-HUMAN#Q7Z6R9/XLOC-002354#DAB2P-MOUSE#Q3UHC7",2
"GO:0008134","GO:0008134","transcription factor binding","5/80","352/6213",0.0142045454545455,1.10316051136364,0.227574287651287,0.477569604843804,0.691613814629309,0.660426180848093,"XLOC-026157#AP2D-HUMAN#Q7Z6R9/XLOC-001851#TBX20-MOUSE#Q9ES03/XLOC-020780#ANM2-HUMAN#P55345/novel-gene-chr14-11626#novel-gene-chr14-11626/XLOC-014541#HES4A-XENLA#Q90Z12",5
"GO:0001824","GO:0001824","blastocyst development","1/80","50/6213",0.02,1.55325,0.44857449365942,0.478255847668311,0.691613814629309,0.660426180848093,"XLOC-026157#AP2D-HUMAN#Q7Z6R9",1
"GO:0002822","GO:0002822","regulation of adaptive immune response based on somatic recombination of immune receptors built from immunoglobulin superfamily domains","1/80","50/6213",0.02,1.55325,0.44857449365942,0.478255847668311,0.691613814629309,0.660426180848093,"XLOC-002398#SVEP1-DANRE#A0A1D5NSM8",1
"GO:0008276","GO:0008276","protein methyltransferase activity","1/80","50/6213",0.02,1.55325,0.44857449365942,0.478255847668311,0.691613814629309,0.660426180848093,"XLOC-020780#ANM2-HUMAN#P55345",1
"GO:0009301","GO:0009301","snRNA transcription","1/80","50/6213",0.02,1.55325,0.44857449365942,0.478255847668311,0.691613814629309,0.660426180848093,"XLOC-025616#ELL2-MOUSE#Q3UKU1",1
"GO:0010324","GO:0010324","membrane invagination","1/80","50/6213",0.02,1.55325,0.44857449365942,0.478255847668311,0.691613814629309,0.660426180848093,"XLOC-007156#KALRN-MOUSE#A2CG49",1
"GO:0015850","GO:0015850","organic hydroxy compound transport","1/80","50/6213",0.02,1.55325,0.44857449365942,0.478255847668311,0.691613814629309,0.660426180848093,"XLOC-002962#LIPP-ICTTR#O88354",1
"GO:0016298","GO:0016298","lipase activity","1/80","50/6213",0.02,1.55325,0.44857449365942,0.478255847668311,0.691613814629309,0.660426180848093,"XLOC-002962#LIPP-ICTTR#O88354",1
"GO:0016441","GO:0016441","post-transcriptional gene silencing","1/80","50/6213",0.02,1.55325,0.44857449365942,0.478255847668311,0.691613814629309,0.660426180848093,"XLOC-019521#TISB-HUMAN#Q07352",1
"GO:0042795","GO:0042795","snRNA transcription by RNA polymerase II","1/80","50/6213",0.02,1.55325,0.44857449365942,0.478255847668311,0.691613814629309,0.660426180848093,"XLOC-025616#ELL2-MOUSE#Q3UKU1",1
"GO:0043198","GO:0043198","dendritic shaft","1/80","50/6213",0.02,1.55325,0.44857449365942,0.478255847668311,0.691613814629309,0.660426180848093,"XLOC-002354#DAB2P-MOUSE#Q3UHC7",1
"GO:0050829","GO:0050829","defense response to Gram-negative bacterium","1/80","50/6213",0.02,1.55325,0.44857449365942,0.478255847668311,0.691613814629309,0.660426180848093,"XLOC-003023#FCN2-MOUSE#O70497",1
"GO:0050870","GO:0050870","positive regulation of T cell activation","1/80","50/6213",0.02,1.55325,0.44857449365942,0.478255847668311,0.691613814629309,0.660426180848093,"gene-evm.model.ptg000018l.1280#NCK2-HUMAN#O43639",1
"GO:0051092","GO:0051092","positive regulation of NF-kappaB transcription factor activity","1/80","50/6213",0.02,1.55325,0.44857449365942,0.478255847668311,0.691613814629309,0.660426180848093,"XLOC-000920#RB6I2-RAT#Q811U3",1
"GO:0055024","GO:0055024","regulation of cardiac muscle tissue development","1/80","50/6213",0.02,1.55325,0.44857449365942,0.478255847668311,0.691613814629309,0.660426180848093,"XLOC-001851#TBX20-MOUSE#Q9ES03",1
"GO:0090100","GO:0090100","positive regulation of transmembrane receptor protein serine/threonine kinase signaling pathway","1/80","50/6213",0.02,1.55325,0.44857449365942,0.478255847668311,0.691613814629309,0.660426180848093,"XLOC-000223#BMP1-MOUSE#P98063",1
"GO:1903039","GO:1903039","positive regulation of leukocyte cell-cell adhesion","1/80","50/6213",0.02,1.55325,0.44857449365942,0.478255847668311,0.691613814629309,0.660426180848093,"gene-evm.model.ptg000018l.1280#NCK2-HUMAN#O43639",1
"GO:0006812","GO:0006812","monoatomic cation transport","5/80","353/6213",0.0141643059490085,1.10003541076487,0.221012348339208,0.480094009785606,0.693854278883891,0.662565613606204,"XLOC-022444#SNTB1-HUMAN#Q13884/XLOC-008866#MCUR1-MOUSE#Q9CXD6/XLOC-024417#HEPHL-ACRMI#B3EWZ9/XLOC-013451#S38A2-CHICK#Q5F468/gene-evm.model.ptg000003l.459#ZNT1-MACFA#Q4R6K2",5
"GO:0016049","GO:0016049","cell growth","2/80","125/6213",0.016,1.2426,0.312919563549407,0.481378579312797,0.694457265771375,0.663141409402614,"XLOC-020780#ANM2-HUMAN#P55345/XLOC-002903#FZD1-XENLA#Q9I9M5",2
"GO:0030426","GO:0030426","growth cone","2/80","125/6213",0.016,1.2426,0.312919563549407,0.481378579312797,0.694457265771375,0.663141409402614,"XLOC-008889#CATZ-BOVIN#P05689/XLOC-000920#RB6I2-RAT#Q811U3",2
"GO:0035091","GO:0035091","phosphatidylinositol binding","2/80","125/6213",0.016,1.2426,0.312919563549407,0.481378579312797,0.694457265771375,0.663141409402614,"XLOC-011926#PKHF2-CHICK#Q5ZLY5/XLOC-002354#DAB2P-MOUSE#Q3UHC7",2
"GO:0007444","GO:0007444","imaginal disc development","4/80","278/6213",0.0143884892086331,1.11744604316547,0.228809820647662,0.484021922548061,0.695094634782158,0.663750036894834,"XLOC-026157#AP2D-HUMAN#Q7Z6R9/XLOC-000223#BMP1-MOUSE#P98063/XLOC-001851#TBX20-MOUSE#Q9ES03/XLOC-002903#FZD1-XENLA#Q9I9M5",4
"GO:0019058","GO:0019058","viral life cycle","1/80","51/6213",0.0196078431372549,1.52279411764706,0.428133457470665,0.485028447406512,0.695094634782158,0.663750036894834,"XLOC-020938#SPB6-MOUSE#Q60854",1
"GO:0021675","GO:0021675","nerve development","1/80","51/6213",0.0196078431372549,1.52279411764706,0.428133457470665,0.485028447406512,0.695094634782158,0.663750036894834,"XLOC-026157#AP2D-HUMAN#Q7Z6R9",1
"GO:0032231","GO:0032231","regulation of actin filament bundle assembly","1/80","51/6213",0.0196078431372549,1.52279411764706,0.428133457470665,0.485028447406512,0.695094634782158,0.663750036894834,"XLOC-002903#FZD1-XENLA#Q9I9M5",1
"GO:0035088","GO:0035088","establishment or maintenance of apical/basal cell polarity","1/80","51/6213",0.0196078431372549,1.52279411764706,0.428133457470665,0.485028447406512,0.695094634782158,0.663750036894834,"XLOC-002903#FZD1-XENLA#Q9I9M5",1
"GO:0042490","GO:0042490","mechanoreceptor differentiation","1/80","51/6213",0.0196078431372549,1.52279411764706,0.428133457470665,0.485028447406512,0.695094634782158,0.663750036894834,"gene-evm.model.ptg000004l.110#SODC-ONCVO#P24706",1
"GO:0045746","GO:0045746","negative regulation of Notch signaling pathway","1/80","51/6213",0.0196078431372549,1.52279411764706,0.428133457470665,0.485028447406512,0.695094634782158,0.663750036894834,"XLOC-002903#FZD1-XENLA#Q9I9M5",1
"GO:0048701","GO:0048701","embryonic cranial skeleton morphogenesis","1/80","51/6213",0.0196078431372549,1.52279411764706,0.428133457470665,0.485028447406512,0.695094634782158,0.663750036894834,"XLOC-026157#AP2D-HUMAN#Q7Z6R9",1
"GO:0061245","GO:0061245","establishment or maintenance of bipolar cell polarity","1/80","51/6213",0.0196078431372549,1.52279411764706,0.428133457470665,0.485028447406512,0.695094634782158,0.663750036894834,"XLOC-002903#FZD1-XENLA#Q9I9M5",1
"GO:2000241","GO:2000241","regulation of reproductive process","3/80","202/6213",0.0148514851485149,1.15340346534653,0.253140553723395,0.485253715857433,0.695094634782158,0.663750036894834,"XLOC-003461#NFIC-MOUSE#P70255/XLOC-022444#SNTB1-HUMAN#Q13884/XLOC-012512#MLRP1-ACRMI#B3EWZ5",3
"GO:2001233","GO:2001233","regulation of apoptotic signaling pathway","3/80","202/6213",0.0148514851485149,1.15340346534653,0.253140553723395,0.485253715857433,0.695094634782158,0.663750036894834,"gene-evm.model.ptg000004l.110#SODC-ONCVO#P24706/gene-evm.model.ptg000018l.1280#NCK2-HUMAN#O43639/XLOC-002354#DAB2P-MOUSE#Q3UHC7",3
"GO:0019098","GO:0019098","reproductive behavior","2/80","126/6213",0.0158730158730159,1.2327380952381,0.301422267128712,0.485582346862806,0.695094634782158,0.663750036894834,"XLOC-026157#AP2D-HUMAN#Q7Z6R9/XLOC-007156#KALRN-MOUSE#A2CG49",2
"GO:0042277","GO:0042277","peptide binding","2/80","126/6213",0.0158730158730159,1.2327380952381,0.301422267128712,0.485582346862806,0.695094634782158,0.663750036894834,"gene-evm.model.ptg000055l.299#TPP1-DANRE#F8W2M8/gene-evm.model.ptg000005l.77#PLOD1-CHICK#P24802",2
"GO:0004888","GO:0004888","transmembrane signaling receptor activity","2/80","127/6213",0.015748031496063,1.22303149606299,0.290018911840314,0.489765445716374,0.696035609341629,0.664648579146943,"XLOC-002398#SVEP1-DANRE#A0A1D5NSM8/XLOC-002903#FZD1-XENLA#Q9I9M5",2
"GO:0046034","GO:0046034","ATP metabolic process","2/80","127/6213",0.015748031496063,1.22303149606299,0.290018911840314,0.489765445716374,0.696035609341629,0.664648579146943,"XLOC-003485#CTNS-HUMAN#O60931/XLOC-010474#SDHF2-CULQU#B0XK69",2
"GO:0007478","GO:0007478","leg disc morphogenesis","1/80","52/6213",0.0192307692307692,1.49350961538462,0.408127558199484,0.491714218942941,0.696035609341629,0.664648579146943,"XLOC-026157#AP2D-HUMAN#Q7Z6R9",1
"GO:0010453","GO:0010453","regulation of cell fate commitment","1/80","52/6213",0.0192307692307692,1.49350961538462,0.408127558199484,0.491714218942941,0.696035609341629,0.664648579146943,"XLOC-001851#TBX20-MOUSE#Q9ES03",1
"GO:0016239","GO:0016239","positive regulation of macroautophagy","1/80","52/6213",0.0192307692307692,1.49350961538462,0.408127558199484,0.491714218942941,0.696035609341629,0.664648579146943,"XLOC-012867#MLP3A-BOVIN#Q2HJ23",1
"GO:0017015","GO:0017015","regulation of transforming growth factor beta receptor signaling pathway","1/80","52/6213",0.0192307692307692,1.49350961538462,0.408127558199484,0.491714218942941,0.696035609341629,0.664648579146943,"XLOC-000223#BMP1-MOUSE#P98063",1
"GO:0018991","GO:0018991","egg-laying behavior","1/80","52/6213",0.0192307692307692,1.49350961538462,0.408127558199484,0.491714218942941,0.696035609341629,0.664648579146943,"XLOC-007156#KALRN-MOUSE#A2CG49",1
"GO:0033273","GO:0033273","response to vitamin","1/80","52/6213",0.0192307692307692,1.49350961538462,0.408127558199484,0.491714218942941,0.696035609341629,0.664648579146943,"XLOC-002903#FZD1-XENLA#Q9I9M5",1
"GO:0034763","GO:0034763","negative regulation of transmembrane transport","1/80","52/6213",0.0192307692307692,1.49350961538462,0.408127558199484,0.491714218942941,0.696035609341629,0.664648579146943,"XLOC-022444#SNTB1-HUMAN#Q13884",1
"GO:0045667","GO:0045667","regulation of osteoblast differentiation","1/80","52/6213",0.0192307692307692,1.49350961538462,0.408127558199484,0.491714218942941,0.696035609341629,0.664648579146943,"XLOC-002903#FZD1-XENLA#Q9I9M5",1
"GO:0051701","GO:0051701","biological process involved in interaction with host","1/80","52/6213",0.0192307692307692,1.49350961538462,0.408127558199484,0.491714218942941,0.696035609341629,0.664648579146943,"XLOC-020938#SPB6-MOUSE#Q60854",1
"GO:0060070","GO:0060070","canonical Wnt signaling pathway","1/80","52/6213",0.0192307692307692,1.49350961538462,0.408127558199484,0.491714218942941,0.696035609341629,0.664648579146943,"XLOC-002903#FZD1-XENLA#Q9I9M5",1
"GO:0071347","GO:0071347","cellular response to interleukin-1","1/80","52/6213",0.0192307692307692,1.49350961538462,0.408127558199484,0.491714218942941,0.696035609341629,0.664648579146943,"XLOC-002354#DAB2P-MOUSE#Q3UHC7",1
"GO:0099106","GO:0099106","ion channel regulator activity","1/80","52/6213",0.0192307692307692,1.49350961538462,0.408127558199484,0.491714218942941,0.696035609341629,0.664648579146943,"XLOC-022444#SNTB1-HUMAN#Q13884",1
"GO:0030133","GO:0030133","transport vesicle","3/80","204/6213",0.0147058823529412,1.14209558823529,0.235677873331939,0.49185197417898,0.696035609341629,0.664648579146943,"XLOC-011926#PKHF2-CHICK#Q5ZLY5/XLOC-000920#RB6I2-RAT#Q811U3/XLOC-012512#MLRP1-ACRMI#B3EWZ5",3
"GO:0002164","GO:0002164","larval development","4/80","281/6213",0.0142348754448399,1.10551601423488,0.206726047515459,0.492483730364772,0.696035609341629,0.664648579146943,"XLOC-008889#CATZ-BOVIN#P05689/XLOC-007156#KALRN-MOUSE#A2CG49/XLOC-008027#CATZ-RAT#Q9R1T3/XLOC-002903#FZD1-XENLA#Q9I9M5",4
"GO:0007005","GO:0007005","mitochondrion organization","4/80","281/6213",0.0142348754448399,1.10551601423488,0.206726047515459,0.492483730364772,0.696035609341629,0.664648579146943,"XLOC-015778#STPG1-XENLA#Q3KQ80/XLOC-012867#MLP3A-BOVIN#Q2HJ23/XLOC-010359#IMP1L-HUMAN#Q96LU5/XLOC-010474#SDHF2-CULQU#B0XK69",4
"GO:0048812","GO:0048812","neuron projection morphogenesis","6/80","435/6213",0.0137931034482759,1.07120689655172,0.175874207098122,0.492639229547673,0.696035609341629,0.664648579146943,"XLOC-000011#NID2-RAT#B5DFC9/XLOC-000223#BMP1-MOUSE#P98063/XLOC-007156#KALRN-MOUSE#A2CG49/XLOC-001851#TBX20-MOUSE#Q9ES03/XLOC-002903#FZD1-XENLA#Q9I9M5/XLOC-002354#DAB2P-MOUSE#Q3UHC7",6
"GO:0019827","GO:0019827","stem cell population maintenance","2/80","128/6213",0.015625,1.2134765625,0.278707803860994,0.493927706427731,0.696035609341629,0.664648579146943,"XLOC-026157#AP2D-HUMAN#Q7Z6R9/novel-gene-chr14-11626#novel-gene-chr14-11626",2
"GO:0045665","GO:0045665","negative regulation of neuron differentiation","2/80","128/6213",0.015625,1.2134765625,0.278707803860994,0.493927706427731,0.696035609341629,0.664648579146943,"XLOC-008889#CATZ-BOVIN#P05689/XLOC-002354#DAB2P-MOUSE#Q3UHC7",2
"GO:0120039","GO:0120039","plasma membrane bounded cell projection morphogenesis","6/80","436/6213",0.0137614678899083,1.06875,0.170015688313399,0.494920662300989,0.696035609341629,0.664648579146943,"XLOC-000011#NID2-RAT#B5DFC9/XLOC-000223#BMP1-MOUSE#P98063/XLOC-007156#KALRN-MOUSE#A2CG49/XLOC-001851#TBX20-MOUSE#Q9ES03/XLOC-002903#FZD1-XENLA#Q9I9M5/XLOC-002354#DAB2P-MOUSE#Q3UHC7",6
"GO:0005938","GO:0005938","cell cortex","3/80","205/6213",0.0146341463414634,1.1365243902439,0.227010763186093,0.495136150735943,0.696035609341629,0.664648579146943,"XLOC-008889#CATZ-BOVIN#P05689/XLOC-006017#CADN-ACRMI#B3EWZ3/XLOC-000920#RB6I2-RAT#Q811U3",3
"GO:0045165","GO:0045165","cell fate commitment","4/80","282/6213",0.0141843971631206,1.10159574468085,0.199416158013694,0.495292316763026,0.696035609341629,0.664648579146943,"XLOC-026157#AP2D-HUMAN#Q7Z6R9/XLOC-001851#TBX20-MOUSE#Q9ES03/novel-gene-chr14-11626#novel-gene-chr14-11626/XLOC-002903#FZD1-XENLA#Q9I9M5",4
"GO:0048858","GO:0048858","cell projection morphogenesis","6/80","437/6213",0.0137299771167048,1.06630434782609,0.164169837590908,0.497198998945416,0.696035609341629,0.664648579146943,"XLOC-000011#NID2-RAT#B5DFC9/XLOC-000223#BMP1-MOUSE#P98063/XLOC-007156#KALRN-MOUSE#A2CG49/XLOC-001851#TBX20-MOUSE#Q9ES03/XLOC-002903#FZD1-XENLA#Q9I9M5/XLOC-002354#DAB2P-MOUSE#Q3UHC7",6
"GO:0010638","GO:0010638","positive regulation of organelle organization","5/80","360/6213",0.0138888888888889,1.07864583333333,0.175574702658345,0.497655445455784,0.696035609341629,0.664648579146943,"XLOC-007156#KALRN-MOUSE#A2CG49/XLOC-012867#MLP3A-BOVIN#Q2HJ23/XLOC-011359#CROCC-HUMAN#Q5TZA2/novel-gene-chr14-11626#novel-gene-chr14-11626/gene-evm.model.ptg000018l.1280#NCK2-HUMAN#O43639",5
"GO:0008593","GO:0008593","regulation of Notch signaling pathway","2/80","129/6213",0.0155038759689922,1.20406976744186,0.267487293638213,0.498068967191478,0.696035609341629,0.664648579146943,"novel-gene-chr14-11626#novel-gene-chr14-11626/XLOC-002903#FZD1-XENLA#Q9I9M5",2
"GO:0023061","GO:0023061","signal release","2/80","129/6213",0.0155038759689922,1.20406976744186,0.267487293638213,0.498068967191478,0.696035609341629,0.664648579146943,"XLOC-000920#RB6I2-RAT#Q811U3/novel-gene-chr14-11626#novel-gene-chr14-11626",2
"GO:0002819","GO:0002819","regulation of adaptive immune response","1/80","53/6213",0.0188679245283019,1.46533018867925,0.388537590025426,0.498314261547156,0.696035609341629,0.664648579146943,"XLOC-002398#SVEP1-DANRE#A0A1D5NSM8",1
"GO:0005793","GO:0005793","endoplasmic reticulum-Golgi intermediate compartment","1/80","53/6213",0.0188679245283019,1.46533018867925,0.388537590025426,0.498314261547156,0.696035609341629,0.664648579146943,"XLOC-008889#CATZ-BOVIN#P05689",1
"GO:0006022","GO:0006022","aminoglycan metabolic process","1/80","53/6213",0.0188679245283019,1.46533018867925,0.388537590025426,0.498314261547156,0.696035609341629,0.664648579146943,"XLOC-012475#BGAL-FELCA#O19015",1
"GO:0008585","GO:0008585","female gonad development","1/80","53/6213",0.0188679245283019,1.46533018867925,0.388537590025426,0.498314261547156,0.696035609341629,0.664648579146943,"gene-evm.model.ptg000004l.110#SODC-ONCVO#P24706",1
"GO:0015718","GO:0015718","monocarboxylic acid transport","1/80","53/6213",0.0188679245283019,1.46533018867925,0.388537590025426,0.498314261547156,0.696035609341629,0.664648579146943,"XLOC-013451#S38A2-CHICK#Q5F468",1
"GO:0018022","GO:0018022","peptidyl-lysine methylation","1/80","53/6213",0.0188679245283019,1.46533018867925,0.388537590025426,0.498314261547156,0.696035609341629,0.664648579146943,"novel-gene-chr14-11626#novel-gene-chr14-11626",1
"GO:0042147","GO:0042147","retrograde transport, endosome to Golgi","1/80","53/6213",0.0188679245283019,1.46533018867925,0.388537590025426,0.498314261547156,0.696035609341629,0.664648579146943,"XLOC-000920#RB6I2-RAT#Q811U3",1
"GO:0043244","GO:0043244","regulation of protein-containing complex disassembly","1/80","53/6213",0.0188679245283019,1.46533018867925,0.388537590025426,0.498314261547156,0.696035609341629,0.664648579146943,"XLOC-012867#MLP3A-BOVIN#Q2HJ23",1
"GO:0046824","GO:0046824","positive regulation of nucleocytoplasmic transport","1/80","53/6213",0.0188679245283019,1.46533018867925,0.388537590025426,0.498314261547156,0.696035609341629,0.664648579146943,"novel-gene-chr14-11626#novel-gene-chr14-11626",1
"GO:0072331","GO:0072331","signal transduction by p53 class mediator","1/80","53/6213",0.0188679245283019,1.46533018867925,0.388537590025426,0.498314261547156,0.696035609341629,0.664648579146943,"novel-gene-chr14-11626#novel-gene-chr14-11626",1
"GO:0090277","GO:0090277","positive regulation of peptide hormone secretion","1/80","53/6213",0.0188679245283019,1.46533018867925,0.388537590025426,0.498314261547156,0.696035609341629,0.664648579146943,"XLOC-014474#TMPS5-HUMAN#Q9H3S3",1
"GO:1903313","GO:1903313","positive regulation of mRNA metabolic process","1/80","53/6213",0.0188679245283019,1.46533018867925,0.388537590025426,0.498314261547156,0.696035609341629,0.664648579146943,"XLOC-019521#TISB-HUMAN#Q07352",1
"GO:0050804","GO:0050804","modulation of chemical synaptic transmission","3/80","206/6213",0.0145631067961165,1.1310072815534,0.218385834116119,0.49841017821299,0.696035609341629,0.664648579146943,"XLOC-007156#KALRN-MOUSE#A2CG49/XLOC-000920#RB6I2-RAT#Q811U3/XLOC-002354#DAB2P-MOUSE#Q3UHC7",3
"GO:0099177","GO:0099177","regulation of trans-synaptic signaling","3/80","206/6213",0.0145631067961165,1.1310072815534,0.218385834116119,0.49841017821299,0.696035609341629,0.664648579146943,"XLOC-007156#KALRN-MOUSE#A2CG49/XLOC-000920#RB6I2-RAT#Q811U3/XLOC-002354#DAB2P-MOUSE#Q3UHC7",3
"GO:1904951","GO:1904951","positive regulation of establishment of protein localization","3/80","206/6213",0.0145631067961165,1.1310072815534,0.218385834116119,0.49841017821299,0.696035609341629,0.664648579146943,"XLOC-003023#FCN2-MOUSE#O70497/XLOC-014474#TMPS5-HUMAN#Q9H3S3/novel-gene-chr14-11626#novel-gene-chr14-11626",3
"GO:0090087","GO:0090087","regulation of peptide transport","5/80","361/6213",0.0138504155124654,1.07565789473684,0.169153087528713,0.500147646160248,0.698056156930224,0.666578012161338,"XLOC-026157#AP2D-HUMAN#Q7Z6R9/XLOC-003023#FCN2-MOUSE#O70497/XLOC-007156#KALRN-MOUSE#A2CG49/XLOC-014474#TMPS5-HUMAN#Q9H3S3/novel-gene-chr14-11626#novel-gene-chr14-11626",5
"GO:0090596","GO:0090596","sensory organ morphogenesis","4/80","284/6213",0.0140845070422535,1.09383802816901,0.184872175924125,0.500890861483105,0.698687485065284,0.667180871185088,"gene-evm.model.ptg000004l.110#SODC-ONCVO#P24706/XLOC-026157#AP2D-HUMAN#Q7Z6R9/novel-gene-chr14-11626#novel-gene-chr14-11626/XLOC-002903#FZD1-XENLA#Q9I9M5",4
"GO:0050803","GO:0050803","regulation of synapse structure or activity","3/80","207/6213",0.0144927536231884,1.12554347826087,0.209802616633103,0.501673924826754,0.699280089841,0.667746753040685,"XLOC-022444#SNTB1-HUMAN#Q13884/XLOC-007156#KALRN-MOUSE#A2CG49/XLOC-002354#DAB2P-MOUSE#Q3UHC7",3
"GO:0009267","GO:0009267","cellular response to starvation","2/80","130/6213",0.0153846153846154,1.19480769230769,0.2563557743891,0.502189073678487,0.699280089841,0.667746753040685,"XLOC-012867#MLP3A-BOVIN#Q2HJ23/XLOC-013451#S38A2-CHICK#Q5F468",2
"GO:0098727","GO:0098727","maintenance of cell number","2/80","130/6213",0.0153846153846154,1.19480769230769,0.2563557743891,0.502189073678487,0.699280089841,0.667746753040685,"XLOC-026157#AP2D-HUMAN#Q7Z6R9/novel-gene-chr14-11626#novel-gene-chr14-11626",2
"GO:0007032","GO:0007032","endosome organization","1/80","54/6213",0.0185185185185185,1.43819444444444,0.36934555751277,0.504829660747842,0.700112796712546,0.668541909828055,"XLOC-011926#PKHF2-CHICK#Q5ZLY5",1
"GO:0010595","GO:0010595","positive regulation of endothelial cell migration","1/80","54/6213",0.0185185185185185,1.43819444444444,0.36934555751277,0.504829660747842,0.700112796712546,0.668541909828055,"gene-evm.model.ptg000035l.378#TRLF-DESRO#K9IMD0",1
"GO:0033135","GO:0033135","regulation of peptidyl-serine phosphorylation","1/80","54/6213",0.0185185185185185,1.43819444444444,0.36934555751277,0.504829660747842,0.700112796712546,0.668541909828055,"gene-evm.model.ptg000018l.1280#NCK2-HUMAN#O43639",1
"GO:0048675","GO:0048675","axon extension","1/80","54/6213",0.0185185185185185,1.43819444444444,0.36934555751277,0.504829660747842,0.700112796712546,0.668541909828055,"XLOC-002903#FZD1-XENLA#Q9I9M5",1
"GO:1900182","GO:1900182","positive regulation of protein localization to nucleus","1/80","54/6213",0.0185185185185185,1.43819444444444,0.36934555751277,0.504829660747842,0.700112796712546,0.668541909828055,"novel-gene-chr14-11626#novel-gene-chr14-11626",1
"GO:1903844","GO:1903844","regulation of cellular response to transforming growth factor beta stimulus","1/80","54/6213",0.0185185185185185,1.43819444444444,0.36934555751277,0.504829660747842,0.700112796712546,0.668541909828055,"XLOC-000223#BMP1-MOUSE#P98063",1
"GO:2000736","GO:2000736","regulation of stem cell differentiation","1/80","54/6213",0.0185185185185185,1.43819444444444,0.36934555751277,0.504829660747842,0.700112796712546,0.668541909828055,"XLOC-001851#TBX20-MOUSE#Q9ES03",1
"GO:0051046","GO:0051046","regulation of secretion","5/80","363/6213",0.0137741046831956,1.06973140495868,0.156360852529738,0.505118849584864,0.700112796712546,0.668541909828055,"XLOC-026157#AP2D-HUMAN#Q7Z6R9/XLOC-003023#FCN2-MOUSE#O70497/XLOC-007156#KALRN-MOUSE#A2CG49/XLOC-014474#TMPS5-HUMAN#Q9H3S3/novel-gene-chr14-11626#novel-gene-chr14-11626",5
"GO:0097190","GO:0097190","apoptotic signaling pathway","2/80","131/6213",0.0152671755725191,1.18568702290076,0.245311680661662,0.506287878874672,0.701167913599605,0.669549447273561,"novel-gene-chr14-11626#novel-gene-chr14-11626/XLOC-002354#DAB2P-MOUSE#Q3UHC7",2
"GO:0022604","GO:0022604","regulation of cell morphogenesis","4/80","286/6213",0.013986013986014,1.08618881118881,0.170427894280156,0.506463917608374,0.701167913599605,0.669549447273561,"XLOC-007156#KALRN-MOUSE#A2CG49/novel-gene-chr14-11626#novel-gene-chr14-11626/XLOC-002903#FZD1-XENLA#Q9I9M5/XLOC-002354#DAB2P-MOUSE#Q3UHC7",4
"GO:0002521","GO:0002521","leukocyte differentiation","2/80","132/6213",0.0151515151515152,1.17670454545455,0.234353486955172,0.510365242922588,0.702545821157155,0.670865219466866,"XLOC-002398#SVEP1-DANRE#A0A1D5NSM8/novel-gene-chr14-11626#novel-gene-chr14-11626",2
"GO:0019221","GO:0019221","cytokine-mediated signaling pathway","2/80","132/6213",0.0151515151515152,1.17670454545455,0.234353486955172,0.510365242922588,0.702545821157155,0.670865219466866,"gene-evm.model.ptg000004l.110#SODC-ONCVO#P24706/XLOC-002968#GILT-DANRE#Q5XJN2",2
"GO:0002478","GO:0002478","antigen processing and presentation of exogenous peptide antigen","1/80","55/6213",0.0181818181818182,1.41204545454545,0.350534577965581,0.511261488502376,0.702545821157155,0.670865219466866,"XLOC-002968#GILT-DANRE#Q5XJN2",1
"GO:0003014","GO:0003014","renal system process","1/80","55/6213",0.0181818181818182,1.41204545454545,0.350534577965581,0.511261488502376,0.702545821157155,0.670865219466866,"XLOC-026157#AP2D-HUMAN#Q7Z6R9",1
"GO:0032944","GO:0032944","regulation of mononuclear cell proliferation","1/80","55/6213",0.0181818181818182,1.41204545454545,0.350534577965581,0.511261488502376,0.702545821157155,0.670865219466866,"gene-evm.model.ptg000018l.1280#NCK2-HUMAN#O43639",1
"GO:0042770","GO:0042770","signal transduction in response to DNA damage","1/80","55/6213",0.0181818181818182,1.41204545454545,0.350534577965581,0.511261488502376,0.702545821157155,0.670865219466866,"novel-gene-chr14-11626#novel-gene-chr14-11626",1
"GO:0043502","GO:0043502","regulation of muscle adaptation","1/80","55/6213",0.0181818181818182,1.41204545454545,0.350534577965581,0.511261488502376,0.702545821157155,0.670865219466866,"novel-gene-chr14-11626#novel-gene-chr14-11626",1
"GO:0046545","GO:0046545","development of primary female sexual characteristics","1/80","55/6213",0.0181818181818182,1.41204545454545,0.350534577965581,0.511261488502376,0.702545821157155,0.670865219466866,"gene-evm.model.ptg000004l.110#SODC-ONCVO#P24706",1
"GO:0050670","GO:0050670","regulation of lymphocyte proliferation","1/80","55/6213",0.0181818181818182,1.41204545454545,0.350534577965581,0.511261488502376,0.702545821157155,0.670865219466866,"gene-evm.model.ptg000018l.1280#NCK2-HUMAN#O43639",1
"GO:0051149","GO:0051149","positive regulation of muscle cell differentiation","1/80","55/6213",0.0181818181818182,1.41204545454545,0.350534577965581,0.511261488502376,0.702545821157155,0.670865219466866,"novel-gene-chr14-11626#novel-gene-chr14-11626",1
"GO:1902911","GO:1902911","protein kinase complex","1/80","55/6213",0.0181818181818182,1.41204545454545,0.350534577965581,0.511261488502376,0.702545821157155,0.670865219466866,"XLOC-000920#RB6I2-RAT#Q811U3",1
"GO:1903076","GO:1903076","regulation of protein localization to plasma membrane","1/80","55/6213",0.0181818181818182,1.41204545454545,0.350534577965581,0.511261488502376,0.702545821157155,0.670865219466866,"XLOC-007156#KALRN-MOUSE#A2CG49",1
"GO:2000756","GO:2000756","regulation of peptidyl-lysine acetylation","1/80","55/6213",0.0181818181818182,1.41204545454545,0.350534577965581,0.511261488502376,0.702545821157155,0.670865219466866,"novel-gene-chr14-11626#novel-gene-chr14-11626",1
"GO:0002684","GO:0002684","positive regulation of immune system process","4/80","288/6213",0.0138888888888889,1.07864583333333,0.156081711923691,0.512010724293209,0.702771291287022,0.671080522246559,"XLOC-003023#FCN2-MOUSE#O70497/XLOC-002398#SVEP1-DANRE#A0A1D5NSM8/novel-gene-chr14-11626#novel-gene-chr14-11626/gene-evm.model.ptg000018l.1280#NCK2-HUMAN#O43639",4
"GO:0051493","GO:0051493","regulation of cytoskeleton organization","4/80","288/6213",0.0138888888888889,1.07864583333333,0.156081711923691,0.512010724293209,0.702771291287022,0.671080522246559,"XLOC-007156#KALRN-MOUSE#A2CG49/novel-gene-chr14-11626#novel-gene-chr14-11626/XLOC-002903#FZD1-XENLA#Q9I9M5/gene-evm.model.ptg000018l.1280#NCK2-HUMAN#O43639",4
"GO:0007264","GO:0007264","small GTPase-mediated signal transduction","2/80","133/6213",0.0150375939849624,1.16785714285714,0.223479706396863,0.514421032965798,0.704746758389659,0.672966907634457,"XLOC-007156#KALRN-MOUSE#A2CG49/XLOC-002354#DAB2P-MOUSE#Q3UHC7",2
"GO:0022407","GO:0022407","regulation of cell-cell adhesion","2/80","133/6213",0.0150375939849624,1.16785714285714,0.223479706396863,0.514421032965798,0.704746758389659,0.672966907634457,"gene-evm.model.ptg000035l.378#TRLF-DESRO#K9IMD0/gene-evm.model.ptg000018l.1280#NCK2-HUMAN#O43639",2
"GO:0030427","GO:0030427","site of polarized growth","2/80","133/6213",0.0150375939849624,1.16785714285714,0.223479706396863,0.514421032965798,0.704746758389659,0.672966907634457,"XLOC-008889#CATZ-BOVIN#P05689/XLOC-000920#RB6I2-RAT#Q811U3",2
"GO:0007560","GO:0007560","imaginal disc morphogenesis","3/80","211/6213",0.014218009478673,1.10420616113744,0.175877734970959,0.514623569615096,0.704746758389659,0.672966907634457,"XLOC-026157#AP2D-HUMAN#Q7Z6R9/XLOC-000223#BMP1-MOUSE#P98063/XLOC-002903#FZD1-XENLA#Q9I9M5",3
"GO:0005776","GO:0005776","autophagosome","1/80","56/6213",0.0178571428571429,1.38683035714286,0.332088793300641,0.517610803364313,0.70632445081879,0.67447345560022,"XLOC-012867#MLP3A-BOVIN#Q2HJ23",1
"GO:0008333","GO:0008333","endosome to lysosome transport","1/80","56/6213",0.0178571428571429,1.38683035714286,0.332088793300641,0.517610803364313,0.70632445081879,0.67447345560022,"XLOC-011926#PKHF2-CHICK#Q5ZLY5",1
"GO:0051117","GO:0051117","ATPase binding","1/80","56/6213",0.0178571428571429,1.38683035714286,0.332088793300641,0.517610803364313,0.70632445081879,0.67447345560022,"XLOC-022444#SNTB1-HUMAN#Q13884",1
"GO:0070663","GO:0070663","regulation of leukocyte proliferation","1/80","56/6213",0.0178571428571429,1.38683035714286,0.332088793300641,0.517610803364313,0.70632445081879,0.67447345560022,"gene-evm.model.ptg000018l.1280#NCK2-HUMAN#O43639",1
"GO:0072080","GO:0072080","nephron tubule development","1/80","56/6213",0.0178571428571429,1.38683035714286,0.332088793300641,0.517610803364313,0.70632445081879,0.67447345560022,"XLOC-026157#AP2D-HUMAN#Q7Z6R9",1
"GO:2000379","GO:2000379","positive regulation of reactive oxygen species metabolic process","1/80","56/6213",0.0178571428571429,1.38683035714286,0.332088793300641,0.517610803364313,0.70632445081879,0.67447345560022,"gene-evm.model.ptg000004l.110#SODC-ONCVO#P24706",1
"GO:0048562","GO:0048562","embryonic organ morphogenesis","3/80","212/6213",0.0141509433962264,1.09899764150943,0.167496293089834,0.517834037423767,0.70632445081879,0.67447345560022,"gene-evm.model.ptg000004l.110#SODC-ONCVO#P24706/XLOC-026157#AP2D-HUMAN#Q7Z6R9/XLOC-001851#TBX20-MOUSE#Q9ES03",3
"GO:0034599","GO:0034599","cellular response to oxidative stress","2/80","135/6213",0.0148148148148148,1.15055555555556,0.201979622806389,0.522467393702791,0.708534075933853,0.676583439878989,"gene-evm.model.ptg000004l.110#SODC-ONCVO#P24706/XLOC-012867#MLP3A-BOVIN#Q2HJ23",2
"GO:0043583","GO:0043583","ear development","2/80","135/6213",0.0148148148148148,1.15055555555556,0.201979622806389,0.522467393702791,0.708534075933853,0.676583439878989,"gene-evm.model.ptg000004l.110#SODC-ONCVO#P24706/XLOC-026157#AP2D-HUMAN#Q7Z6R9",2
"GO:0002020","GO:0002020","protease binding","1/80","57/6213",0.0175438596491228,1.3625,0.313993290357225,0.523878650648844,0.708534075933853,0.676583439878989,"XLOC-020938#SPB6-MOUSE#Q60854",1
"GO:0004713","GO:0004713","protein tyrosine kinase activity","1/80","57/6213",0.0175438596491228,1.3625,0.313993290357225,0.523878650648844,0.708534075933853,0.676583439878989,"XLOC-015776#RET-HUMAN#P07949",1
"GO:0006414","GO:0006414","translational elongation","1/80","57/6213",0.0175438596491228,1.3625,0.313993290357225,0.523878650648844,0.708534075933853,0.676583439878989,"XLOC-015811#TSAP1-HUMAN#Q9NX07",1
"GO:0008088","GO:0008088","axo-dendritic transport","1/80","57/6213",0.0175438596491228,1.3625,0.313993290357225,0.523878650648844,0.708534075933853,0.676583439878989,"gene-evm.model.ptg000004l.110#SODC-ONCVO#P24706",1
"GO:0008584","GO:0008584","male gonad development","1/80","57/6213",0.0175438596491228,1.3625,0.313993290357225,0.523878650648844,0.708534075933853,0.676583439878989,"XLOC-026157#AP2D-HUMAN#Q7Z6R9",1
"GO:0019218","GO:0019218","regulation of steroid metabolic process","1/80","57/6213",0.0175438596491228,1.3625,0.313993290357225,0.523878650648844,0.708534075933853,0.676583439878989,"gene-evm.model.ptg000004l.110#SODC-ONCVO#P24706",1
"GO:0019884","GO:0019884","antigen processing and presentation of exogenous antigen","1/80","57/6213",0.0175438596491228,1.3625,0.313993290357225,0.523878650648844,0.708534075933853,0.676583439878989,"XLOC-002968#GILT-DANRE#Q5XJN2",1
"GO:0031047","GO:0031047","regulatory ncRNA-mediated gene silencing","1/80","57/6213",0.0175438596491228,1.3625,0.313993290357225,0.523878650648844,0.708534075933853,0.676583439878989,"XLOC-019521#TISB-HUMAN#Q07352",1
"GO:0032091","GO:0032091","negative regulation of protein binding","1/80","57/6213",0.0175438596491228,1.3625,0.313993290357225,0.523878650648844,0.708534075933853,0.676583439878989,"XLOC-008889#CATZ-BOVIN#P05689",1
"GO:0034708","GO:0034708","methyltransferase complex","1/80","57/6213",0.0175438596491228,1.3625,0.313993290357225,0.523878650648844,0.708534075933853,0.676583439878989,"novel-gene-chr14-11626#novel-gene-chr14-11626",1
"GO:0042306","GO:0042306","regulation of protein import into nucleus","1/80","57/6213",0.0175438596491228,1.3625,0.313993290357225,0.523878650648844,0.708534075933853,0.676583439878989,"novel-gene-chr14-11626#novel-gene-chr14-11626",1
"GO:0044773","GO:0044773","mitotic DNA damage checkpoint signaling","1/80","57/6213",0.0175438596491228,1.3625,0.313993290357225,0.523878650648844,0.708534075933853,0.676583439878989,"novel-gene-chr14-11626#novel-gene-chr14-11626",1
"GO:0061053","GO:0061053","somite development","1/80","57/6213",0.0175438596491228,1.3625,0.313993290357225,0.523878650648844,0.708534075933853,0.676583439878989,"novel-gene-chr14-11626#novel-gene-chr14-11626",1
"GO:0006935","GO:0006935","chemotaxis","4/80","293/6213",0.0136518771331058,1.06023890784983,0.12063526452808,0.525758116764724,0.710675856200826,0.678628638705289,"XLOC-000011#NID2-RAT#B5DFC9/XLOC-000223#BMP1-MOUSE#P98063/XLOC-007156#KALRN-MOUSE#A2CG49/XLOC-001851#TBX20-MOUSE#Q9ES03",4
"GO:0006897","GO:0006897","endocytosis","4/80","294/6213",0.0136054421768707,1.05663265306122,0.113616298766434,0.528486388260201,0.710773233928274,0.678721625281436,"XLOC-011926#PKHF2-CHICK#Q5ZLY5/XLOC-003023#FCN2-MOUSE#O70497/XLOC-007156#KALRN-MOUSE#A2CG49/gene-evm.model.ptg000018l.1280#NCK2-HUMAN#O43639",4
"GO:0004930","GO:0004930","G protein-coupled receptor activity","1/80","58/6213",0.0172413793103448,1.33900862068966,0.296234028702194,0.530066062596227,0.710773233928274,0.678721625281436,"XLOC-002903#FZD1-XENLA#Q9I9M5",1
"GO:0006283","GO:0006283","transcription-coupled nucleotide-excision repair","1/80","58/6213",0.0172413793103448,1.33900862068966,0.296234028702194,0.530066062596227,0.710773233928274,0.678721625281436,"novel-gene-chr14-11626#novel-gene-chr14-11626",1
"GO:0006354","GO:0006354","DNA-templated transcription elongation","1/80","58/6213",0.0172413793103448,1.33900862068966,0.296234028702194,0.530066062596227,0.710773233928274,0.678721625281436,"XLOC-025616#ELL2-MOUSE#Q3UKU1",1
"GO:0006368","GO:0006368","transcription elongation by RNA polymerase II","1/80","58/6213",0.0172413793103448,1.33900862068966,0.296234028702194,0.530066062596227,0.710773233928274,0.678721625281436,"XLOC-025616#ELL2-MOUSE#Q3UKU1",1
"GO:0007254","GO:0007254","JNK cascade","1/80","58/6213",0.0172413793103448,1.33900862068966,0.296234028702194,0.530066062596227,0.710773233928274,0.678721625281436,"XLOC-002354#DAB2P-MOUSE#Q3UHC7",1
"GO:0007435","GO:0007435","salivary gland morphogenesis","1/80","58/6213",0.0172413793103448,1.33900862068966,0.296234028702194,0.530066062596227,0.710773233928274,0.678721625281436,"XLOC-002903#FZD1-XENLA#Q9I9M5",1
"GO:0014902","GO:0014902","myotube differentiation","1/80","58/6213",0.0172413793103448,1.33900862068966,0.296234028702194,0.530066062596227,0.710773233928274,0.678721625281436,"XLOC-026683#ADA19-HUMAN#Q9H013",1
"GO:0030703","GO:0030703","eggshell formation","1/80","58/6213",0.0172413793103448,1.33900862068966,0.296234028702194,0.530066062596227,0.710773233928274,0.678721625281436,"XLOC-001851#TBX20-MOUSE#Q9ES03",1
"GO:0044070","GO:0044070","regulation of monoatomic anion transport","1/80","58/6213",0.0172413793103448,1.33900862068966,0.296234028702194,0.530066062596227,0.710773233928274,0.678721625281436,"XLOC-013451#S38A2-CHICK#Q5F468",1
"GO:0046546","GO:0046546","development of primary male sexual characteristics","1/80","58/6213",0.0172413793103448,1.33900862068966,0.296234028702194,0.530066062596227,0.710773233928274,0.678721625281436,"XLOC-026157#AP2D-HUMAN#Q7Z6R9",1
"GO:0048002","GO:0048002","antigen processing and presentation of peptide antigen","1/80","58/6213",0.0172413793103448,1.33900862068966,0.296234028702194,0.530066062596227,0.710773233928274,0.678721625281436,"XLOC-002968#GILT-DANRE#Q5XJN2",1
"GO:0050921","GO:0050921","positive regulation of chemotaxis","1/80","58/6213",0.0172413793103448,1.33900862068966,0.296234028702194,0.530066062596227,0.710773233928274,0.678721625281436,"XLOC-002903#FZD1-XENLA#Q9I9M5",1
"GO:0071356","GO:0071356","cellular response to tumor necrosis factor","1/80","58/6213",0.0172413793103448,1.33900862068966,0.296234028702194,0.530066062596227,0.710773233928274,0.678721625281436,"XLOC-002354#DAB2P-MOUSE#Q3UHC7",1
"GO:0031334","GO:0031334","positive regulation of protein-containing complex assembly","2/80","137/6213",0.0145985401459854,1.13375912408759,0.180800260475696,0.530426032511643,0.710773233928274,0.678721625281436,"XLOC-007156#KALRN-MOUSE#A2CG49/gene-evm.model.ptg000018l.1280#NCK2-HUMAN#O43639",2
"GO:0043410","GO:0043410","positive regulation of MAPK cascade","3/80","216/6213",0.0138888888888889,1.07864583333333,0.134356847272497,0.530564699597583,0.710773233928274,0.678721625281436,"gene-evm.model.ptg000004l.110#SODC-ONCVO#P24706/XLOC-014474#TMPS5-HUMAN#Q9H3S3/XLOC-002354#DAB2P-MOUSE#Q3UHC7",3
"GO:0012506","GO:0012506","vesicle membrane","4/80","296/6213",0.0135135135135135,1.04949324324324,0.0996472273714195,0.533921052826117,0.713512514458082,0.681337380693353,"gene-evm.model.ptg000027l.443#PCP-PONAB#Q5RBU7/XLOC-002398#SVEP1-DANRE#A0A1D5NSM8/XLOC-002962#LIPP-ICTTR#O88354/gene-evm.model.ptg000018l.1280#NCK2-HUMAN#O43639",4
"GO:0032872","GO:0032872","regulation of stress-activated MAPK cascade","2/80","138/6213",0.0144927536231884,1.12554347826087,0.170327508458386,0.534372194167663,0.713512514458082,0.681337380693353,"XLOC-020938#SPB6-MOUSE#Q60854/XLOC-002354#DAB2P-MOUSE#Q3UHC7",2
"GO:0070302","GO:0070302","regulation of stress-activated protein kinase signaling cascade","2/80","138/6213",0.0144927536231884,1.12554347826087,0.170327508458386,0.534372194167663,0.713512514458082,0.681337380693353,"XLOC-020938#SPB6-MOUSE#Q60854/XLOC-002354#DAB2P-MOUSE#Q3UHC7",2
"GO:0001508","GO:0001508","action potential","1/80","59/6213",0.0169491525423729,1.31631355932203,0.278797775108336,0.536174058533238,0.713512514458082,0.681337380693353,"XLOC-022444#SNTB1-HUMAN#Q13884",1
"GO:0002262","GO:0002262","myeloid cell homeostasis","1/80","59/6213",0.0169491525423729,1.31631355932203,0.278797775108336,0.536174058533238,0.713512514458082,0.681337380693353,"gene-evm.model.ptg000004l.110#SODC-ONCVO#P24706",1
"GO:0006006","GO:0006006","glucose metabolic process","1/80","59/6213",0.0169491525423729,1.31631355932203,0.278797775108336,0.536174058533238,0.713512514458082,0.681337380693353,"XLOC-026157#AP2D-HUMAN#Q7Z6R9",1
"GO:0007601","GO:0007601","visual perception","1/80","59/6213",0.0169491525423729,1.31631355932203,0.278797775108336,0.536174058533238,0.713512514458082,0.681337380693353,"XLOC-010884#QOR-RAT#Q6AYT0",1
"GO:0032993","GO:0032993","protein-DNA complex","1/80","59/6213",0.0169491525423729,1.31631355932203,0.278797775108336,0.536174058533238,0.713512514458082,0.681337380693353,"novel-gene-chr14-11626#novel-gene-chr14-11626",1
"GO:0038093","GO:0038093","Fc receptor signaling pathway","1/80","59/6213",0.0169491525423729,1.31631355932203,0.278797775108336,0.536174058533238,0.713512514458082,0.681337380693353,"gene-evm.model.ptg000018l.1280#NCK2-HUMAN#O43639",1
"GO:0045747","GO:0045747","positive regulation of Notch signaling pathway","1/80","59/6213",0.0169491525423729,1.31631355932203,0.278797775108336,0.536174058533238,0.713512514458082,0.681337380693353,"novel-gene-chr14-11626#novel-gene-chr14-11626",1
"GO:0048524","GO:0048524","positive regulation of viral process","1/80","59/6213",0.0169491525423729,1.31631355932203,0.278797775108336,0.536174058533238,0.713512514458082,0.681337380693353,"novel-gene-chr14-11626#novel-gene-chr14-11626",1
"GO:0051588","GO:0051588","regulation of neurotransmitter transport","1/80","59/6213",0.0169491525423729,1.31631355932203,0.278797775108336,0.536174058533238,0.713512514458082,0.681337380693353,"XLOC-007156#KALRN-MOUSE#A2CG49",1
"GO:0030258","GO:0030258","lipid modification","2/80","139/6213",0.0143884892086331,1.11744604316547,0.159930991878044,0.538296123326005,0.715939805220966,0.683655215205086,"XLOC-027061#PRSS8-HUMAN#Q16651/XLOC-026524#KLKB1-RAT#P14272",2
"GO:0005509","GO:0005509","calcium ion binding","2/80","140/6213",0.0142857142857143,1.10946428571429,0.149609461402436,0.542197732004294,0.718352540192173,0.685959150304021,"XLOC-002962#LIPP-ICTTR#O88354/XLOC-006516#FKBP9-BOVIN#Q2KJC8",2
"GO:0009855","GO:0009855","determination of bilateral symmetry","2/80","140/6213",0.0142857142857143,1.10946428571429,0.149609461402436,0.542197732004294,0.718352540192173,0.685959150304021,"XLOC-000223#BMP1-MOUSE#P98063/XLOC-001851#TBX20-MOUSE#Q9ES03",2
"GO:0006637","GO:0006637","acyl-CoA metabolic process","1/80","60/6213",0.0166666666666667,1.294375,0.261672043986422,0.542203645032643,0.718352540192173,0.685959150304021,"novel-gene-chr4-9990#ACOD-SHEEP#O62849",1
"GO:0008194","GO:0008194","UDP-glycosyltransferase activity","1/80","60/6213",0.0166666666666667,1.294375,0.261672043986422,0.542203645032643,0.718352540192173,0.685959150304021,"gene-evm.model.ptg000005l.77#PLOD1-CHICK#P24802",1
"GO:0008652","GO:0008652","amino acid biosynthetic process","1/80","60/6213",0.0166666666666667,1.294375,0.261672043986422,0.542203645032643,0.718352540192173,0.685959150304021,"gene-evm.model.ptg000005l.77#PLOD1-CHICK#P24802",1
"GO:0070252","GO:0070252","actin-mediated cell contraction","1/80","60/6213",0.0166666666666667,1.294375,0.261672043986422,0.542203645032643,0.718352540192173,0.685959150304021,"XLOC-022444#SNTB1-HUMAN#Q13884",1
"GO:1903900","GO:1903900","regulation of viral life cycle","1/80","60/6213",0.0166666666666667,1.294375,0.261672043986422,0.542203645032643,0.718352540192173,0.685959150304021,"XLOC-003023#FCN2-MOUSE#O70497",1
"GO:0009799","GO:0009799","specification of symmetry","2/80","141/6213",0.0141843971631206,1.10159574468085,0.139361697472299,0.546076938071113,0.721858700768591,0.689307204073255,"XLOC-000223#BMP1-MOUSE#P98063/XLOC-001851#TBX20-MOUSE#Q9ES03",2
"GO:0015631","GO:0015631","tubulin binding","2/80","141/6213",0.0141843971631206,1.10159574468085,0.139361697472299,0.546076938071113,0.721858700768591,0.689307204073255,"gene-evm.model.ptg000022l.488#RBGP1-MOUSE#A2AWA9/XLOC-012867#MLP3A-BOVIN#Q2HJ23",2
"GO:0001947","GO:0001947","heart looping","1/80","61/6213",0.0163934426229508,1.27315573770492,0.24484504313966,0.548155816070737,0.721858700768591,0.689307204073255,"XLOC-001851#TBX20-MOUSE#Q9ES03",1
"GO:0005814","GO:0005814","centriole","1/80","61/6213",0.0163934426229508,1.27315573770492,0.24484504313966,0.548155816070737,0.721858700768591,0.689307204073255,"XLOC-011359#CROCC-HUMAN#Q5TZA2",1
"GO:0006903","GO:0006903","vesicle targeting","1/80","61/6213",0.0163934426229508,1.27315573770492,0.24484504313966,0.548155816070737,0.721858700768591,0.689307204073255,"XLOC-008889#CATZ-BOVIN#P05689",1
"GO:0022904","GO:0022904","respiratory electron transport chain","1/80","61/6213",0.0163934426229508,1.27315573770492,0.24484504313966,0.548155816070737,0.721858700768591,0.689307204073255,"XLOC-010474#SDHF2-CULQU#B0XK69",1
"GO:0044774","GO:0044774","mitotic DNA integrity checkpoint signaling","1/80","61/6213",0.0163934426229508,1.27315573770492,0.24484504313966,0.548155816070737,0.721858700768591,0.689307204073255,"novel-gene-chr14-11626#novel-gene-chr14-11626",1
"GO:0046626","GO:0046626","regulation of insulin receptor signaling pathway","1/80","61/6213",0.0163934426229508,1.27315573770492,0.24484504313966,0.548155816070737,0.721858700768591,0.689307204073255,"gene-evm.model.ptg000018l.1280#NCK2-HUMAN#O43639",1
"GO:0050953","GO:0050953","sensory perception of light stimulus","1/80","61/6213",0.0163934426229508,1.27315573770492,0.24484504313966,0.548155816070737,0.721858700768591,0.689307204073255,"XLOC-010884#QOR-RAT#Q6AYT0",1
"GO:0051592","GO:0051592","response to calcium ion","1/80","61/6213",0.0163934426229508,1.27315573770492,0.24484504313966,0.548155816070737,0.721858700768591,0.689307204073255,"novel-gene-chr14-11626#novel-gene-chr14-11626",1
"GO:0071222","GO:0071222","cellular response to lipopolysaccharide","1/80","61/6213",0.0163934426229508,1.27315573770492,0.24484504313966,0.548155816070737,0.721858700768591,0.689307204073255,"XLOC-002354#DAB2P-MOUSE#Q3UHC7",1
"GO:0044089","GO:0044089","positive regulation of cellular component biogenesis","4/80","302/6213",0.0132450331125828,1.02864238410596,0.0582782350843858,0.550044331014396,0.723948757861139,0.691303012129989,"XLOC-007156#KALRN-MOUSE#A2CG49/XLOC-011359#CROCC-HUMAN#Q5TZA2/novel-gene-chr14-11626#novel-gene-chr14-11626/gene-evm.model.ptg000018l.1280#NCK2-HUMAN#O43639",4
"GO:0030900","GO:0030900","forebrain development","3/80","223/6213",0.0134529147982063,1.0447869955157,0.077788461891372,0.552399255105321,0.726255995972804,0.693506207644831,"XLOC-026157#AP2D-HUMAN#Q7Z6R9/XLOC-013451#S38A2-CHICK#Q5F468/XLOC-002354#DAB2P-MOUSE#Q3UHC7",3
"GO:0006915","GO:0006915","apoptotic process","4/80","303/6213",0.0132013201320132,1.02524752475248,0.0514600987348769,0.552704396602117,0.726255995972804,0.693506207644831,"XLOC-015778#STPG1-XENLA#Q3KQ80/XLOC-026157#AP2D-HUMAN#Q7Z6R9/novel-gene-chr14-11626#novel-gene-chr14-11626/XLOC-002354#DAB2P-MOUSE#Q3UHC7",4
"GO:0051603","GO:0051603","proteolysis involved in protein catabolic process","4/80","303/6213",0.0132013201320132,1.02524752475248,0.0514600987348769,0.552704396602117,0.726255995972804,0.693506207644831,"XLOC-015868#XLOC-015868/gene-evm.model.ptg000004l.110#SODC-ONCVO#P24706/XLOC-008889#CATZ-BOVIN#P05689/gene-evm.model.ptg000035l.378#TRLF-DESRO#K9IMD0",4
"GO:0034644","GO:0034644","cellular response to UV","1/80","62/6213",0.0161290322580645,1.25262096774194,0.228305624285456,0.554031553182951,0.726410366127428,0.693653616631608,"novel-gene-chr14-11626#novel-gene-chr14-11626",1
"GO:0052689","GO:0052689","carboxylic ester hydrolase activity","1/80","62/6213",0.0161290322580645,1.25262096774194,0.228305624285456,0.554031553182951,0.726410366127428,0.693653616631608,"XLOC-002962#LIPP-ICTTR#O88354",1
"GO:1904589","GO:1904589","regulation of protein import","1/80","62/6213",0.0161290322580645,1.25262096774194,0.228305624285456,0.554031553182951,0.726410366127428,0.693653616631608,"novel-gene-chr14-11626#novel-gene-chr14-11626",1
"GO:1904888","GO:1904888","cranial skeletal system development","1/80","62/6213",0.0161290322580645,1.25262096774194,0.228305624285456,0.554031553182951,0.726410366127428,0.693653616631608,"XLOC-026157#AP2D-HUMAN#Q7Z6R9",1
"GO:0007350","GO:0007350","blastoderm segmentation","2/80","144/6213",0.0138888888888889,1.07864583333333,0.109049236833247,0.557579404286979,0.730663245552276,0.697714716709063,"XLOC-000223#BMP1-MOUSE#P98063/XLOC-002903#FZD1-XENLA#Q9I9M5",2
"GO:0046677","GO:0046677","response to antibiotic","3/80","225/6213",0.0133333333333333,1.0355,0.0619445284085855,0.558530204763293,0.731510115507868,0.698523397910357,"gene-evm.model.ptg000004l.110#SODC-ONCVO#P24706/XLOC-012867#MLP3A-BOVIN#Q2HJ23/XLOC-025017#CP3AO-SHEEP#Q29496",3
"GO:0000123","GO:0000123","histone acetyltransferase complex","1/80","63/6213",0.0158730158730159,1.2327380952381,0.212043237855232,0.559831825617574,0.73161917580708,0.698627540244369,"novel-gene-chr14-11626#novel-gene-chr14-11626",1
"GO:0016247","GO:0016247","channel regulator activity","1/80","63/6213",0.0158730158730159,1.2327380952381,0.212043237855232,0.559831825617574,0.73161917580708,0.698627540244369,"XLOC-022444#SNTB1-HUMAN#Q13884",1
"GO:0110020","GO:0110020","regulation of actomyosin structure organization","1/80","63/6213",0.0158730158730159,1.2327380952381,0.212043237855232,0.559831825617574,0.73161917580708,0.698627540244369,"novel-gene-chr14-11626#novel-gene-chr14-11626",1
"GO:1990542","GO:1990542","mitochondrial transmembrane transport","1/80","63/6213",0.0158730158730159,1.2327380952381,0.212043237855232,0.559831825617574,0.73161917580708,0.698627540244369,"XLOC-008866#MCUR1-MOUSE#Q9CXD6",1
"GO:0009205","GO:0009205","purine ribonucleoside triphosphate metabolic process","2/80","145/6213",0.0137931034482759,1.07120689655172,0.0990849073975602,0.56136829102483,0.732829692957414,0.699783470333584,"XLOC-003485#CTNS-HUMAN#O60931/XLOC-010474#SDHF2-CULQU#B0XK69",2
"GO:0045087","GO:0045087","innate immune response","2/80","145/6213",0.0137931034482759,1.07120689655172,0.0990849073975602,0.56136829102483,0.732829692957414,0.699783470333584,"XLOC-003023#FCN2-MOUSE#O70497/XLOC-002968#GILT-DANRE#Q5XJN2",2
"GO:0043269","GO:0043269","regulation of monoatomic ion transport","3/80","227/6213",0.013215859030837,1.02637665198238,0.0462368752556886,0.564612136051901,0.735102452570989,0.70195374212375,"XLOC-022444#SNTB1-HUMAN#Q13884/XLOC-007156#KALRN-MOUSE#A2CG49/XLOC-013451#S38A2-CHICK#Q5F468",3
"GO:0050795","GO:0050795","regulation of behavior","2/80","146/6213",0.0136986301369863,1.0638698630137,0.0891886622195067,0.565134447703034,0.735102452570989,0.70195374212375,"XLOC-003461#NFIC-MOUSE#P70255/XLOC-022444#SNTB1-HUMAN#Q13884",2
"GO:0034612","GO:0034612","response to tumor necrosis factor","1/80","64/6213",0.015625,1.2134765625,0.196047891640256,0.565557590487589,0.735102452570989,0.70195374212375,"XLOC-002354#DAB2P-MOUSE#Q3UHC7",1
"GO:0042177","GO:0042177","negative regulation of protein catabolic process","1/80","64/6213",0.015625,1.2134765625,0.196047891640256,0.565557590487589,0.735102452570989,0.70195374212375,"XLOC-002354#DAB2P-MOUSE#Q3UHC7",1
"GO:0042734","GO:0042734","presynaptic membrane","1/80","64/6213",0.015625,1.2134765625,0.196047891640256,0.565557590487589,0.735102452570989,0.70195374212375,"XLOC-000920#RB6I2-RAT#Q811U3",1
"GO:0046683","GO:0046683","response to organophosphorus","1/80","64/6213",0.015625,1.2134765625,0.196047891640256,0.565557590487589,0.735102452570989,0.70195374212375,"gene-evm.model.ptg000004l.110#SODC-ONCVO#P24706",1
"GO:0051153","GO:0051153","regulation of striated muscle cell differentiation","1/80","64/6213",0.015625,1.2134765625,0.196047891640256,0.565557590487589,0.735102452570989,0.70195374212375,"novel-gene-chr14-11626#novel-gene-chr14-11626",1
"GO:1901983","GO:1901983","regulation of protein acetylation","1/80","64/6213",0.015625,1.2134765625,0.196047891640256,0.565557590487589,0.735102452570989,0.70195374212375,"novel-gene-chr14-11626#novel-gene-chr14-11626",1
"GO:0016358","GO:0016358","dendrite development","2/80","147/6213",0.0136054421768707,1.05663265306122,0.0793594421818405,0.568877824594961,0.739018136656082,0.705692852348307,"gene-evm.model.ptg000018l.1280#NCK2-HUMAN#O43639/XLOC-002354#DAB2P-MOUSE#Q3UHC7",2
"GO:0002703","GO:0002703","regulation of leukocyte mediated immunity","1/80","65/6213",0.0153846153846154,1.19480769230769,0.180310112901113,0.571209792920666,0.740046344441985,0.706674694131682,"XLOC-002398#SVEP1-DANRE#A0A1D5NSM8",1
"GO:0006900","GO:0006900","vesicle budding from membrane","1/80","65/6213",0.0153846153846154,1.19480769230769,0.180310112901113,0.571209792920666,0.740046344441985,0.706674694131682,"XLOC-008889#CATZ-BOVIN#P05689",1
"GO:0048593","GO:0048593","camera-type eye morphogenesis","1/80","65/6213",0.0153846153846154,1.19480769230769,0.180310112901113,0.571209792920666,0.740046344441985,0.706674694131682,"XLOC-026157#AP2D-HUMAN#Q7Z6R9",1
"GO:0120034","GO:0120034","positive regulation of plasma membrane bounded cell projection assembly","1/80","65/6213",0.0153846153846154,1.19480769230769,0.180310112901113,0.571209792920666,0.740046344441985,0.706674694131682,"XLOC-011359#CROCC-HUMAN#Q5TZA2",1
"GO:2001023","GO:2001023","regulation of response to drug","1/80","65/6213",0.0153846153846154,1.19480769230769,0.180310112901113,0.571209792920666,0.740046344441985,0.706674694131682,"XLOC-007156#KALRN-MOUSE#A2CG49",1
"GO:0043414","GO:0043414","macromolecule methylation","2/80","148/6213",0.0135135135135135,1.04949324324324,0.0695962121670632,0.572598376945861,0.741445445511568,0.708010704136775,"XLOC-020780#ANM2-HUMAN#P55345/novel-gene-chr14-11626#novel-gene-chr14-11626",2
"GO:0006820","GO:0006820","monoatomic anion transport","3/80","230/6213",0.0130434782608696,1.01298913043478,0.022924967529027,0.573641790852303,0.741996543687255,0.708536951090989,"gene-evm.model.ptg000005l.755#RBP-CHICK#P02752/XLOC-003485#CTNS-HUMAN#O60931/XLOC-013451#S38A2-CHICK#Q5F468",3
"GO:0046982","GO:0046982","protein heterodimerization activity","3/80","230/6213",0.0130434782608696,1.01298913043478,0.022924967529027,0.573641790852303,0.741996543687255,0.708536951090989,"XLOC-026157#AP2D-HUMAN#Q7Z6R9/novel-gene-chr14-11626#novel-gene-chr14-11626/XLOC-002903#FZD1-XENLA#Q9I9M5",3
"GO:0002683","GO:0002683","negative regulation of immune system process","2/80","149/6213",0.0134228187919463,1.04244966442953,0.0598979603498001,0.576296064856171,0.743665087294677,0.710130253391954,"XLOC-002398#SVEP1-DANRE#A0A1D5NSM8/XLOC-002354#DAB2P-MOUSE#Q3UHC7",2
"GO:0010634","GO:0010634","positive regulation of epithelial cell migration","1/80","66/6213",0.0151515151515152,1.17670454545455,0.16482091360175,0.57678936620732,0.743665087294677,0.710130253391954,"gene-evm.model.ptg000035l.378#TRLF-DESRO#K9IMD0",1
"GO:0022409","GO:0022409","positive regulation of cell-cell adhesion","1/80","66/6213",0.0151515151515152,1.17670454545455,0.16482091360175,0.57678936620732,0.743665087294677,0.710130253391954,"gene-evm.model.ptg000018l.1280#NCK2-HUMAN#O43639",1
"GO:0048704","GO:0048704","embryonic skeletal system morphogenesis","1/80","66/6213",0.0151515151515152,1.17670454545455,0.16482091360175,0.57678936620732,0.743665087294677,0.710130253391954,"XLOC-026157#AP2D-HUMAN#Q7Z6R9",1
"GO:0050680","GO:0050680","negative regulation of epithelial cell proliferation","1/80","66/6213",0.0151515151515152,1.17670454545455,0.16482091360175,0.57678936620732,0.743665087294677,0.710130253391954,"XLOC-002354#DAB2P-MOUSE#Q3UHC7",1
"GO:0071219","GO:0071219","cellular response to molecule of bacterial origin","1/80","66/6213",0.0151515151515152,1.17670454545455,0.16482091360175,0.57678936620732,0.743665087294677,0.710130253391954,"XLOC-002354#DAB2P-MOUSE#Q3UHC7",1
"GO:0048592","GO:0048592","eye morphogenesis","3/80","232/6213",0.0129310344827586,1.00425646551724,0.00754623708045069,0.579598572967311,0.743977633583681,0.710428705718411,"XLOC-026157#AP2D-HUMAN#Q7Z6R9/novel-gene-chr14-11626#novel-gene-chr14-11626/XLOC-002903#FZD1-XENLA#Q9I9M5",3
"GO:0009126","GO:0009126","purine nucleoside monophosphate metabolic process","2/80","150/6213",0.0133333333333333,1.0355,0.050263697514733,0.579970853166934,0.743977633583681,0.710428705718411,"XLOC-003485#CTNS-HUMAN#O60931/XLOC-010474#SDHF2-CULQU#B0XK69",2
"GO:0009167","GO:0009167","purine ribonucleoside monophosphate metabolic process","2/80","150/6213",0.0133333333333333,1.0355,0.050263697514733,0.579970853166934,0.743977633583681,0.710428705718411,"XLOC-003485#CTNS-HUMAN#O60931/XLOC-010474#SDHF2-CULQU#B0XK69",2
"GO:0018205","GO:0018205","peptidyl-lysine modification","2/80","150/6213",0.0133333333333333,1.0355,0.050263697514733,0.579970853166934,0.743977633583681,0.710428705718411,"gene-evm.model.ptg000005l.77#PLOD1-CHICK#P24802/novel-gene-chr14-11626#novel-gene-chr14-11626",2
"GO:0046530","GO:0046530","photoreceptor cell differentiation","2/80","150/6213",0.0133333333333333,1.0355,0.050263697514733,0.579970853166934,0.743977633583681,0.710428705718411,"novel-gene-chr14-11626#novel-gene-chr14-11626/XLOC-002903#FZD1-XENLA#Q9I9M5",2
"GO:0004519","GO:0004519","endonuclease activity","1/80","67/6213",0.0149253731343284,1.15914179104478,0.149571758466872,0.582297231947261,0.743977633583681,0.710428705718411,"XLOC-004982#ENDOU-XENTR#B1H3D5",1
"GO:0006119","GO:0006119","oxidative phosphorylation","1/80","67/6213",0.0149253731343284,1.15914179104478,0.149571758466872,0.582297231947261,0.743977633583681,0.710428705718411,"XLOC-010474#SDHF2-CULQU#B0XK69",1
"GO:0007040","GO:0007040","lysosome organization","1/80","67/6213",0.0149253731343284,1.15914179104478,0.149571758466872,0.582297231947261,0.743977633583681,0.710428705718411,"gene-evm.model.ptg000055l.299#TPP1-DANRE#F8W2M8",1
"GO:0018108","GO:0018108","peptidyl-tyrosine phosphorylation","1/80","67/6213",0.0149253731343284,1.15914179104478,0.149571758466872,0.582297231947261,0.743977633583681,0.710428705718411,"XLOC-015776#RET-HUMAN#P07949",1
"GO:0018212","GO:0018212","peptidyl-tyrosine modification","1/80","67/6213",0.0149253731343284,1.15914179104478,0.149571758466872,0.582297231947261,0.743977633583681,0.710428705718411,"XLOC-015776#RET-HUMAN#P07949",1
"GO:0030865","GO:0030865","cortical cytoskeleton organization","1/80","67/6213",0.0149253731343284,1.15914179104478,0.149571758466872,0.582297231947261,0.743977633583681,0.710428705718411,"XLOC-000920#RB6I2-RAT#Q811U3",1
"GO:0031589","GO:0031589","cell-substrate adhesion","1/80","67/6213",0.0149253731343284,1.15914179104478,0.149571758466872,0.582297231947261,0.743977633583681,0.710428705718411,"XLOC-000011#NID2-RAT#B5DFC9",1
"GO:0043488","GO:0043488","regulation of mRNA stability","1/80","67/6213",0.0149253731343284,1.15914179104478,0.149571758466872,0.582297231947261,0.743977633583681,0.710428705718411,"XLOC-019521#TISB-HUMAN#Q07352",1
"GO:0046660","GO:0046660","female sex differentiation","1/80","67/6213",0.0149253731343284,1.15914179104478,0.149571758466872,0.582297231947261,0.743977633583681,0.710428705718411,"gene-evm.model.ptg000004l.110#SODC-ONCVO#P24706",1
"GO:0080171","GO:0080171","lytic vacuole organization","1/80","67/6213",0.0149253731343284,1.15914179104478,0.149571758466872,0.582297231947261,0.743977633583681,0.710428705718411,"gene-evm.model.ptg000055l.299#TPP1-DANRE#F8W2M8",1
"GO:0098800","GO:0098800","inner mitochondrial membrane protein complex","1/80","67/6213",0.0149253731343284,1.15914179104478,0.149571758466872,0.582297231947261,0.743977633583681,0.710428705718411,"XLOC-010359#IMP1L-HUMAN#Q96LU5",1
"GO:1990138","GO:1990138","neuron projection extension","1/80","67/6213",0.0149253731343284,1.15914179104478,0.149571758466872,0.582297231947261,0.743977633583681,0.710428705718411,"XLOC-002903#FZD1-XENLA#Q9I9M5",1
"GO:0016311","GO:0016311","dephosphorylation","2/80","151/6213",0.0132450331125828,1.02864238410596,0.0406924563990011,0.5836227113473,0.744551642737168,0.710976830502778,"XLOC-010474#SDHF2-CULQU#B0XK69/gene-evm.model.ptg000018l.1280#NCK2-HUMAN#O43639",2
"GO:0010563","GO:0010563","negative regulation of phosphorus metabolic process","4/80","315/6213",0.0126984126984127,0.986190476190476,-0.0287280290071578,0.583986384228487,0.744551642737168,0.710976830502778,"XLOC-020938#SPB6-MOUSE#Q60854/XLOC-025616#ELL2-MOUSE#Q3UKU1/gene-evm.model.ptg000018l.1280#NCK2-HUMAN#O43639/XLOC-002354#DAB2P-MOUSE#Q3UHC7",4
"GO:0042330","GO:0042330","taxis","4/80","315/6213",0.0126984126984127,0.986190476190476,-0.0287280290071578,0.583986384228487,0.744551642737168,0.710976830502778,"XLOC-000011#NID2-RAT#B5DFC9/XLOC-000223#BMP1-MOUSE#P98063/XLOC-007156#KALRN-MOUSE#A2CG49/XLOC-001851#TBX20-MOUSE#Q9ES03",4
"GO:0045936","GO:0045936","negative regulation of phosphate metabolic process","4/80","315/6213",0.0126984126984127,0.986190476190476,-0.0287280290071578,0.583986384228487,0.744551642737168,0.710976830502778,"XLOC-020938#SPB6-MOUSE#Q60854/XLOC-025616#ELL2-MOUSE#Q3UKU1/gene-evm.model.ptg000018l.1280#NCK2-HUMAN#O43639/XLOC-002354#DAB2P-MOUSE#Q3UHC7",4
"GO:0099568","GO:0099568","cytoplasmic region","4/80","316/6213",0.0126582278481013,0.983069620253165,-0.0352792148740686,0.586538108161576,0.746556207861392,0.712891001766061,"gene-evm.model.ptg000004l.110#SODC-ONCVO#P24706/XLOC-008889#CATZ-BOVIN#P05689/XLOC-006017#CADN-ACRMI#B3EWZ3/XLOC-000920#RB6I2-RAT#Q811U3",4
"GO:0055074","GO:0055074","calcium ion homeostasis","2/80","152/6213",0.0131578947368421,1.021875,0.0311832910580366,0.587251613384084,0.746556207861392,0.712891001766061,"XLOC-026157#AP2D-HUMAN#Q7Z6R9/XLOC-008866#MCUR1-MOUSE#Q9CXD6",2
"GO:0016073","GO:0016073","snRNA metabolic process","1/80","68/6213",0.0147058823529412,1.14209558823529,0.134554535594526,0.587734300193961,0.746556207861392,0.712891001766061,"XLOC-025616#ELL2-MOUSE#Q3UKU1",1
"GO:0031016","GO:0031016","pancreas development","1/80","68/6213",0.0147058823529412,1.14209558823529,0.134554535594526,0.587734300193961,0.746556207861392,0.712891001766061,"XLOC-002962#LIPP-ICTTR#O88354",1
"GO:0031348","GO:0031348","negative regulation of defense response","1/80","68/6213",0.0147058823529412,1.14209558823529,0.134554535594526,0.587734300193961,0.746556207861392,0.712891001766061,"XLOC-002398#SVEP1-DANRE#A0A1D5NSM8",1
"GO:0045766","GO:0045766","positive regulation of angiogenesis","1/80","68/6213",0.0147058823529412,1.14209558823529,0.134554535594526,0.587734300193961,0.746556207861392,0.712891001766061,"XLOC-026683#ADA19-HUMAN#Q9H013",1
"GO:0071466","GO:0071466","cellular response to xenobiotic stimulus","1/80","68/6213",0.0147058823529412,1.14209558823529,0.134554535594526,0.587734300193961,0.746556207861392,0.712891001766061,"XLOC-010884#QOR-RAT#Q6AYT0",1
"GO:0019898","GO:0019898","extrinsic component of membrane","2/80","153/6213",0.0130718954248366,1.01519607843137,0.0217352762538456,0.59085753767333,0.749525460119205,0.715726358560738,"XLOC-003023#FCN2-MOUSE#O70497/gene-evm.model.ptg000035l.378#TRLF-DESRO#K9IMD0",2
"GO:0001650","GO:0001650","fibrillar center","1/80","69/6213",0.0144927536231884,1.12554347826087,0.119761529384802,0.593101469597457,0.749525460119205,0.715726358560738,"XLOC-003461#NFIC-MOUSE#P70255",1
"GO:0003143","GO:0003143","embryonic heart tube morphogenesis","1/80","69/6213",0.0144927536231884,1.12554347826087,0.119761529384802,0.593101469597457,0.749525460119205,0.715726358560738,"XLOC-001851#TBX20-MOUSE#Q9ES03",1
"GO:0021510","GO:0021510","spinal cord development","1/80","69/6213",0.0144927536231884,1.12554347826087,0.119761529384802,0.593101469597457,0.749525460119205,0.715726358560738,"XLOC-001851#TBX20-MOUSE#Q9ES03",1
"GO:0042335","GO:0042335","cuticle development","1/80","69/6213",0.0144927536231884,1.12554347826087,0.119761529384802,0.593101469597457,0.749525460119205,0.715726358560738,"XLOC-002903#FZD1-XENLA#Q9I9M5",1
"GO:0042445","GO:0042445","hormone metabolic process","1/80","69/6213",0.0144927536231884,1.12554347826087,0.119761529384802,0.593101469597457,0.749525460119205,0.715726358560738,"XLOC-008889#CATZ-BOVIN#P05689",1
"GO:0048762","GO:0048762","mesenchymal cell differentiation","1/80","69/6213",0.0144927536231884,1.12554347826087,0.119761529384802,0.593101469597457,0.749525460119205,0.715726358560738,"XLOC-026157#AP2D-HUMAN#Q7Z6R9",1
"GO:0051101","GO:0051101","regulation of DNA binding","1/80","69/6213",0.0144927536231884,1.12554347826087,0.119761529384802,0.593101469597457,0.749525460119205,0.715726358560738,"novel-gene-chr14-11626#novel-gene-chr14-11626",1
"GO:1904375","GO:1904375","regulation of protein localization to cell periphery","1/80","69/6213",0.0144927536231884,1.12554347826087,0.119761529384802,0.593101469597457,0.749525460119205,0.715726358560738,"XLOC-007156#KALRN-MOUSE#A2CG49",1
"GO:0006351","GO:0006351","DNA-templated transcription","5/80","400/6213",0.0125,0.97078125,-0.0689946953633922,0.593270782141514,0.749525460119205,0.715726358560738,"XLOC-026157#AP2D-HUMAN#Q7Z6R9/XLOC-003461#NFIC-MOUSE#P70255/XLOC-025616#ELL2-MOUSE#Q3UKU1/XLOC-001851#TBX20-MOUSE#Q9ES03/novel-gene-chr14-11626#novel-gene-chr14-11626",5
"GO:0009636","GO:0009636","response to toxic substance","4/80","319/6213",0.0125391849529781,0.973824451410658,-0.0548163738091301,0.594140607072824,0.749525460119205,0.715726358560738,"gene-evm.model.ptg000004l.110#SODC-ONCVO#P24706/XLOC-012867#MLP3A-BOVIN#Q2HJ23/XLOC-025017#CP3AO-SHEEP#Q29496/gene-evm.model.ptg000003l.459#ZNT1-MACFA#Q4R6K2",4
"GO:0009144","GO:0009144","purine nucleoside triphosphate metabolic process","2/80","154/6213",0.012987012987013,1.0086038961039,0.0123475068647996,0.594440466913857,0.749525460119205,0.715726358560738,"XLOC-003485#CTNS-HUMAN#O60931/XLOC-010474#SDHF2-CULQU#B0XK69",2
"GO:0032984","GO:0032984","protein-containing complex disassembly","2/80","154/6213",0.012987012987013,1.0086038961039,0.0123475068647996,0.594440466913857,0.749525460119205,0.715726358560738,"XLOC-012867#MLP3A-BOVIN#Q2HJ23/XLOC-002903#FZD1-XENLA#Q9I9M5",2
"GO:2000027","GO:2000027","regulation of animal organ morphogenesis","2/80","154/6213",0.012987012987013,1.0086038961039,0.0123475068647996,0.594440466913857,0.749525460119205,0.715726358560738,"XLOC-026157#AP2D-HUMAN#Q7Z6R9/XLOC-002903#FZD1-XENLA#Q9I9M5",2
"GO:0008092","GO:0008092","cytoskeletal protein binding","5/80","402/6213",0.0124378109452736,0.965951492537313,-0.0806138944900961,0.597798667164244,0.749794421160181,0.715983191072367,"gene-evm.model.ptg000022l.488#RBGP1-MOUSE#A2AWA9/XLOC-022444#SNTB1-HUMAN#Q13884/XLOC-012867#MLP3A-BOVIN#Q2HJ23/XLOC-011359#CROCC-HUMAN#Q5TZA2/gene-evm.model.ptg000018l.1280#NCK2-HUMAN#O43639",5
"GO:0019900","GO:0019900","kinase binding","5/80","402/6213",0.0124378109452736,0.965951492537313,-0.0806138944900961,0.597798667164244,0.749794421160181,0.715983191072367,"gene-evm.model.ptg000035l.378#TRLF-DESRO#K9IMD0/gene-evm.model.ptg000003l.459#ZNT1-MACFA#Q4R6K2/novel-gene-chr14-11626#novel-gene-chr14-11626/gene-evm.model.ptg000018l.1280#NCK2-HUMAN#O43639/XLOC-002354#DAB2P-MOUSE#Q3UHC7",5
"GO:0045930","GO:0045930","negative regulation of mitotic cell cycle","2/80","155/6213",0.0129032258064516,1.00209677419355,0.00301909731604476,0.598000388002768,0.749794421160181,0.715983191072367,"XLOC-020780#ANM2-HUMAN#P55345/novel-gene-chr14-11626#novel-gene-chr14-11626",2
"GO:0048565","GO:0048565","digestive tract development","2/80","155/6213",0.0129032258064516,1.00209677419355,0.00301909731604476,0.598000388002768,0.749794421160181,0.715983191072367,"XLOC-001851#TBX20-MOUSE#Q9ES03/XLOC-000900#NAS4-CAEEL#P55112",2
"GO:0033865","GO:0033865","nucleoside bisphosphate metabolic process","1/80","70/6213",0.0142857142857143,1.10946428571429,0.105185395571032,0.598399627545407,0.749794421160181,0.715983191072367,"novel-gene-chr4-9990#ACOD-SHEEP#O62849",1
"GO:0033875","GO:0033875","ribonucleoside bisphosphate metabolic process","1/80","70/6213",0.0142857142857143,1.10946428571429,0.105185395571032,0.598399627545407,0.749794421160181,0.715983191072367,"novel-gene-chr4-9990#ACOD-SHEEP#O62849",1
"GO:0034032","GO:0034032","purine nucleoside bisphosphate metabolic process","1/80","70/6213",0.0142857142857143,1.10946428571429,0.105185395571032,0.598399627545407,0.749794421160181,0.715983191072367,"novel-gene-chr4-9990#ACOD-SHEEP#O62849",1
"GO:0043271","GO:0043271","negative regulation of monoatomic ion transport","1/80","70/6213",0.0142857142857143,1.10946428571429,0.105185395571032,0.598399627545407,0.749794421160181,0.715983191072367,"XLOC-022444#SNTB1-HUMAN#Q13884",1
"GO:0043588","GO:0043588","skin development","1/80","70/6213",0.0142857142857143,1.10946428571429,0.105185395571032,0.598399627545407,0.749794421160181,0.715983191072367,"XLOC-026157#AP2D-HUMAN#Q7Z6R9",1
"GO:0061371","GO:0061371","determination of heart left/right asymmetry","1/80","70/6213",0.0142857142857143,1.10946428571429,0.105185395571032,0.598399627545407,0.749794421160181,0.715983191072367,"XLOC-001851#TBX20-MOUSE#Q9ES03",1
"GO:0070588","GO:0070588","calcium ion transmembrane transport","1/80","70/6213",0.0142857142857143,1.10946428571429,0.105185395571032,0.598399627545407,0.749794421160181,0.715983191072367,"XLOC-008866#MCUR1-MOUSE#Q9CXD6",1
"GO:1903037","GO:1903037","regulation of leukocyte cell-cell adhesion","1/80","70/6213",0.0142857142857143,1.10946428571429,0.105185395571032,0.598399627545407,0.749794421160181,0.715983191072367,"gene-evm.model.ptg000018l.1280#NCK2-HUMAN#O43639",1
"GO:0032774","GO:0032774","RNA biosynthetic process","5/80","403/6213",0.0124069478908189,0.96355459057072,-0.0864035377928684,0.600052505290368,0.751473471171775,0.717586526001708,"XLOC-026157#AP2D-HUMAN#Q7Z6R9/XLOC-003461#NFIC-MOUSE#P70255/XLOC-025616#ELL2-MOUSE#Q3UKU1/XLOC-001851#TBX20-MOUSE#Q9ES03/novel-gene-chr14-11626#novel-gene-chr14-11626",5
"GO:0007476","GO:0007476","imaginal disc-derived wing morphogenesis","2/80","156/6213",0.0128205128205128,0.995673076923077,-0.00625081897032246,0.601537291932863,0.752940372705959,0.71898727907721,"XLOC-000223#BMP1-MOUSE#P98063/XLOC-002903#FZD1-XENLA#Q9I9M5",2
"GO:0006937","GO:0006937","regulation of muscle contraction","1/80","71/6213",0.0140845070422535,1.09383802816901,0.0908191381623854,0.603629650302426,0.753204374039702,0.719239375534647,"gene-evm.model.ptg000004l.110#SODC-ONCVO#P24706",1
"GO:0007006","GO:0007006","mitochondrial membrane organization","1/80","71/6213",0.0140845070422535,1.09383802816901,0.0908191381623854,0.603629650302426,0.753204374039702,0.719239375534647,"XLOC-015778#STPG1-XENLA#Q3KQ80",1
"GO:0007338","GO:0007338","single fertilization","1/80","71/6213",0.0140845070422535,1.09383802816901,0.0908191381623854,0.603629650302426,0.753204374039702,0.719239375534647,"XLOC-012512#MLRP1-ACRMI#B3EWZ5",1
"GO:0007431","GO:0007431","salivary gland development","1/80","71/6213",0.0140845070422535,1.09383802816901,0.0908191381623854,0.603629650302426,0.753204374039702,0.719239375534647,"XLOC-002903#FZD1-XENLA#Q9I9M5",1
"GO:0072009","GO:0072009","nephron epithelium development","1/80","71/6213",0.0140845070422535,1.09383802816901,0.0908191381623854,0.603629650302426,0.753204374039702,0.719239375534647,"XLOC-026157#AP2D-HUMAN#Q7Z6R9",1
"GO:0090263","GO:0090263","positive regulation of canonical Wnt signaling pathway","1/80","71/6213",0.0140845070422535,1.09383802816901,0.0908191381623854,0.603629650302426,0.753204374039702,0.719239375534647,"novel-gene-chr14-11626#novel-gene-chr14-11626",1
"GO:0003002","GO:0003002","regionalization","5/80","405/6213",0.0123456790123457,0.958796296296296,-0.0979432921831739,0.604539768072778,0.753557095438928,0.71957619131488,"XLOC-026157#AP2D-HUMAN#Q7Z6R9/XLOC-000223#BMP1-MOUSE#P98063/XLOC-001851#TBX20-MOUSE#Q9ES03/novel-gene-chr14-11626#novel-gene-chr14-11626/XLOC-002903#FZD1-XENLA#Q9I9M5",5
"GO:0022857","GO:0022857","transmembrane transporter activity","5/80","405/6213",0.0123456790123457,0.958796296296296,-0.0979432921831739,0.604539768072778,0.753557095438928,0.71957619131488,"gene-evm.model.ptg000005l.755#RBP-CHICK#P02752/XLOC-022444#SNTB1-HUMAN#Q13884/XLOC-003485#CTNS-HUMAN#O60931/XLOC-013451#S38A2-CHICK#Q5F468/gene-evm.model.ptg000003l.459#ZNT1-MACFA#Q4R6K2",5
"GO:0001745","GO:0001745","compound eye morphogenesis","2/80","157/6213",0.0127388535031847,0.989331210191083,-0.0154630901061219,0.605051173691951,0.753803381331985,0.719811371191724,"novel-gene-chr14-11626#novel-gene-chr14-11626/XLOC-002903#FZD1-XENLA#Q9I9M5",2
"GO:0045597","GO:0045597","positive regulation of cell differentiation","6/80","487/6213",0.0123203285420945,0.956827515400411,-0.113336575640901,0.605962211549344,0.754547035843196,0.72052149134595,"XLOC-020938#SPB6-MOUSE#Q60854/XLOC-007156#KALRN-MOUSE#A2CG49/novel-gene-chr14-11626#novel-gene-chr14-11626/XLOC-002903#FZD1-XENLA#Q9I9M5/gene-evm.model.ptg000018l.1280#NCK2-HUMAN#O43639/XLOC-002354#DAB2P-MOUSE#Q3UHC7",6
"GO:0022408","GO:0022408","negative regulation of cell-cell adhesion","1/80","72/6213",0.0138888888888889,1.07864583333333,0.0766560881265505,0.608792403147721,0.754940295488294,0.720897017340371,"gene-evm.model.ptg000035l.378#TRLF-DESRO#K9IMD0",1
"GO:0031248","GO:0031248","protein acetyltransferase complex","1/80","72/6213",0.0138888888888889,1.07864583333333,0.0766560881265505,0.608792403147721,0.754940295488294,0.720897017340371,"novel-gene-chr14-11626#novel-gene-chr14-11626",1
"GO:0045211","GO:0045211","postsynaptic membrane","1/80","72/6213",0.0138888888888889,1.07864583333333,0.0766560881265505,0.608792403147721,0.754940295488294,0.720897017340371,"XLOC-022444#SNTB1-HUMAN#Q13884",1
"GO:0046330","GO:0046330","positive regulation of JNK cascade","1/80","72/6213",0.0138888888888889,1.07864583333333,0.0766560881265505,0.608792403147721,0.754940295488294,0.720897017340371,"XLOC-002354#DAB2P-MOUSE#Q3UHC7",1
"GO:0051403","GO:0051403","stress-activated MAPK cascade","1/80","72/6213",0.0138888888888889,1.07864583333333,0.0766560881265505,0.608792403147721,0.754940295488294,0.720897017340371,"XLOC-002354#DAB2P-MOUSE#Q3UHC7",1
"GO:1900076","GO:1900076","regulation of cellular response to insulin stimulus","1/80","72/6213",0.0138888888888889,1.07864583333333,0.0766560881265505,0.608792403147721,0.754940295488294,0.720897017340371,"gene-evm.model.ptg000018l.1280#NCK2-HUMAN#O43639",1
"GO:1902493","GO:1902493","acetyltransferase complex","1/80","72/6213",0.0138888888888889,1.07864583333333,0.0766560881265505,0.608792403147721,0.754940295488294,0.720897017340371,"novel-gene-chr14-11626#novel-gene-chr14-11626",1
"GO:1903531","GO:1903531","negative regulation of secretion by cell","1/80","72/6213",0.0138888888888889,1.07864583333333,0.0766560881265505,0.608792403147721,0.754940295488294,0.720897017340371,"XLOC-007156#KALRN-MOUSE#A2CG49",1
"GO:0007472","GO:0007472","wing disc morphogenesis","2/80","159/6213",0.0125786163522013,0.97688679245283,-0.0337180001015121,0.612009870032211,0.756961373053149,0.722826956432277,"XLOC-000223#BMP1-MOUSE#P98063/XLOC-002903#FZD1-XENLA#Q9I9M5",2
"GO:0033218","GO:0033218","amide binding","2/80","159/6213",0.0125786163522013,0.97688679245283,-0.0337180001015121,0.612009870032211,0.756961373053149,0.722826956432277,"gene-evm.model.ptg000055l.299#TPP1-DANRE#F8W2M8/gene-evm.model.ptg000005l.77#PLOD1-CHICK#P24802",2
"GO:0001934","GO:0001934","positive regulation of protein phosphorylation","5/80","409/6213",0.0122249388753056,0.949419315403423,-0.120866762647115,0.613431541657954,0.756961373053149,0.722826956432277,"gene-evm.model.ptg000004l.110#SODC-ONCVO#P24706/XLOC-014474#TMPS5-HUMAN#Q9H3S3/novel-gene-chr14-11626#novel-gene-chr14-11626/XLOC-002903#FZD1-XENLA#Q9I9M5/XLOC-002354#DAB2P-MOUSE#Q3UHC7",5
"GO:0004540","GO:0004540","RNA nuclease activity","1/80","73/6213",0.0136986301369863,1.0638698630137,0.0626898836587297,0.613888740511047,0.756961373053149,0.722826956432277,"XLOC-004982#ENDOU-XENTR#B1H3D5",1
"GO:0007617","GO:0007617","mating behavior","1/80","73/6213",0.0136986301369863,1.0638698630137,0.0626898836587297,0.613888740511047,0.756961373053149,0.722826956432277,"XLOC-026157#AP2D-HUMAN#Q7Z6R9",1
"GO:0010508","GO:0010508","positive regulation of autophagy","1/80","73/6213",0.0136986301369863,1.0638698630137,0.0626898836587297,0.613888740511047,0.756961373053149,0.722826956432277,"XLOC-012867#MLP3A-BOVIN#Q2HJ23",1
"GO:0030048","GO:0030048","actin filament-based movement","1/80","73/6213",0.0136986301369863,1.0638698630137,0.0626898836587297,0.613888740511047,0.756961373053149,0.722826956432277,"XLOC-022444#SNTB1-HUMAN#Q13884",1
"GO:0031644","GO:0031644","regulation of nervous system process","1/80","73/6213",0.0136986301369863,1.0638698630137,0.0626898836587297,0.613888740511047,0.756961373053149,0.722826956432277,"gene-evm.model.ptg000005l.755#RBP-CHICK#P02752",1
"GO:0042581","GO:0042581","specific granule","1/80","73/6213",0.0136986301369863,1.0638698630137,0.0626898836587297,0.613888740511047,0.756961373053149,0.722826956432277,"XLOC-008889#CATZ-BOVIN#P05689",1
"GO:1901992","GO:1901992","positive regulation of mitotic cell cycle phase transition","1/80","73/6213",0.0136986301369863,1.0638698630137,0.0626898836587297,0.613888740511047,0.756961373053149,0.722826956432277,"novel-gene-chr14-11626#novel-gene-chr14-11626",1
"GO:1904018","GO:1904018","positive regulation of vasculature development","1/80","73/6213",0.0136986301369863,1.0638698630137,0.0626898836587297,0.613888740511047,0.756961373053149,0.722826956432277,"XLOC-026683#ADA19-HUMAN#Q9H013",1
"GO:0014706","GO:0014706","striated muscle tissue development","2/80","161/6213",0.0124223602484472,0.964751552795031,-0.051752067294194,0.618876513115943,0.76156697701478,0.727224875286036,"XLOC-001851#TBX20-MOUSE#Q9ES03/novel-gene-chr14-11626#novel-gene-chr14-11626",2
"GO:0043195","GO:0043195","terminal bouton","1/80","74/6213",0.0135135135135135,1.04949324324324,0.0489144518986748,0.618919506106994,0.76156697701478,0.727224875286036,"XLOC-000920#RB6I2-RAT#Q811U3",1
"GO:0048814","GO:0048814","regulation of dendrite morphogenesis","1/80","74/6213",0.0135135135135135,1.04949324324324,0.0489144518986748,0.618919506106994,0.76156697701478,0.727224875286036,"XLOC-007156#KALRN-MOUSE#A2CG49",1
"GO:0007268","GO:0007268","chemical synaptic transmission","3/80","246/6213",0.0121951219512195,0.947103658536585,-0.0966806150819493,0.619843230667733,0.76156697701478,0.727224875286036,"XLOC-000011#NID2-RAT#B5DFC9/XLOC-000920#RB6I2-RAT#Q811U3/novel-gene-chr14-11626#novel-gene-chr14-11626",3
"GO:0008270","GO:0008270","zinc ion binding","3/80","246/6213",0.0121951219512195,0.947103658536585,-0.0966806150819493,0.619843230667733,0.76156697701478,0.727224875286036,"gene-evm.model.ptg000004l.110#SODC-ONCVO#P24706/XLOC-018112#ATS2-MOUSE#Q8C9W3/novel-gene-chr14-11626#novel-gene-chr14-11626",3
"GO:0008324","GO:0008324","monoatomic cation transmembrane transporter activity","3/80","246/6213",0.0121951219512195,0.947103658536585,-0.0966806150819493,0.619843230667733,0.76156697701478,0.727224875286036,"XLOC-022444#SNTB1-HUMAN#Q13884/XLOC-013451#S38A2-CHICK#Q5F468/gene-evm.model.ptg000003l.459#ZNT1-MACFA#Q4R6K2",3
"GO:0098916","GO:0098916","anterograde trans-synaptic signaling","3/80","246/6213",0.0121951219512195,0.947103658536585,-0.0966806150819493,0.619843230667733,0.76156697701478,0.727224875286036,"XLOC-000011#NID2-RAT#B5DFC9/XLOC-000920#RB6I2-RAT#Q811U3/novel-gene-chr14-11626#novel-gene-chr14-11626",3
"GO:0098657","GO:0098657","import into cell","4/80","330/6213",0.0121212121212121,0.941363636363636,-0.125011167142712,0.621321975798794,0.762993551057619,0.728587119398112,"XLOC-011926#PKHF2-CHICK#Q5ZLY5/XLOC-003023#FCN2-MOUSE#O70497/XLOC-007156#KALRN-MOUSE#A2CG49/gene-evm.model.ptg000018l.1280#NCK2-HUMAN#O43639",4
"GO:0051093","GO:0051093","negative regulation of developmental process","6/80","495/6213",0.0121212121212121,0.941363636363636,-0.155300118858002,0.622215333291708,0.763700168915014,0.729261873029412,"XLOC-008889#CATZ-BOVIN#P05689/gene-evm.model.ptg000035l.378#TRLF-DESRO#K9IMD0/XLOC-000223#BMP1-MOUSE#P98063/XLOC-007156#KALRN-MOUSE#A2CG49/XLOC-010474#SDHF2-CULQU#B0XK69/XLOC-002354#DAB2P-MOUSE#Q3UHC7",6
"GO:0006367","GO:0006367","transcription initiation at RNA polymerase II promoter","1/80","75/6213",0.0133333333333333,1.0355,0.0353239919712573,0.623885533067646,0.764968376941544,0.730472892482416,"novel-gene-chr14-11626#novel-gene-chr14-11626",1
"GO:0007224","GO:0007224","smoothened signaling pathway","1/80","75/6213",0.0133333333333333,1.0355,0.0353239919712573,0.623885533067646,0.764968376941544,0.730472892482416,"novel-gene-chr14-11626#novel-gene-chr14-11626",1
"GO:0007389","GO:0007389","pattern specification process","6/80","496/6213",0.0120967741935484,0.939465725806452,-0.160502690330273,0.624221315533041,0.764989591791002,0.73049315066944,"XLOC-026157#AP2D-HUMAN#Q7Z6R9/XLOC-000223#BMP1-MOUSE#P98063/XLOC-001851#TBX20-MOUSE#Q9ES03/novel-gene-chr14-11626#novel-gene-chr14-11626/XLOC-002903#FZD1-XENLA#Q9I9M5/XLOC-002354#DAB2P-MOUSE#Q3UHC7",6
"GO:0032147","GO:0032147","activation of protein kinase activity","2/80","163/6213",0.0122699386503067,0.952914110429448,-0.0695714619080151,0.625651196817752,0.765180333378941,0.730675290956095,"gene-evm.model.ptg000004l.110#SODC-ONCVO#P24706/XLOC-002354#DAB2P-MOUSE#Q3UHC7",2
"GO:0032259","GO:0032259","methylation","2/80","163/6213",0.0122699386503067,0.952914110429448,-0.0695714619080151,0.625651196817752,0.765180333378941,0.730675290956095,"XLOC-020780#ANM2-HUMAN#P55345/novel-gene-chr14-11626#novel-gene-chr14-11626",2
"GO:0051146","GO:0051146","striated muscle cell differentiation","2/80","163/6213",0.0122699386503067,0.952914110429448,-0.0695714619080151,0.625651196817752,0.765180333378941,0.730675290956095,"XLOC-022444#SNTB1-HUMAN#Q13884/XLOC-026683#ADA19-HUMAN#Q9H013",2
"GO:0098542","GO:0098542","defense response to other organism","2/80","163/6213",0.0122699386503067,0.952914110429448,-0.0695714619080151,0.625651196817752,0.765180333378941,0.730675290956095,"XLOC-003023#FCN2-MOUSE#O70497/XLOC-012867#MLP3A-BOVIN#Q2HJ23",2
"GO:0043408","GO:0043408","regulation of MAPK cascade","4/80","332/6213",0.0120481927710843,0.935692771084337,-0.137539513072827,0.626143814460587,0.765393100424595,0.730878463484461,"gene-evm.model.ptg000004l.110#SODC-ONCVO#P24706/XLOC-020938#SPB6-MOUSE#Q60854/XLOC-014474#TMPS5-HUMAN#Q9H3S3/XLOC-002354#DAB2P-MOUSE#Q3UHC7",4
"GO:0099537","GO:0099537","trans-synaptic signaling","3/80","249/6213",0.0120481927710843,0.935692771084337,-0.11828097246718,0.628128650013752,0.766285094401219,0.731730233884157,"XLOC-000011#NID2-RAT#B5DFC9/XLOC-000920#RB6I2-RAT#Q811U3/novel-gene-chr14-11626#novel-gene-chr14-11626",3
"GO:0007219","GO:0007219","Notch signaling pathway","1/80","76/6213",0.0131578947368421,1.021875,0.021912959238292,0.628787644073607,0.766285094401219,0.731730233884157,"novel-gene-chr14-11626#novel-gene-chr14-11626",1
"GO:0010921","GO:0010921","regulation of phosphatase activity","1/80","76/6213",0.0131578947368421,1.021875,0.021912959238292,0.628787644073607,0.766285094401219,0.731730233884157,"XLOC-025616#ELL2-MOUSE#Q3UKU1",1
"GO:0014074","GO:0014074","response to purine-containing compound","1/80","76/6213",0.0131578947368421,1.021875,0.021912959238292,0.628787644073607,0.766285094401219,0.731730233884157,"gene-evm.model.ptg000004l.110#SODC-ONCVO#P24706",1
"GO:0043487","GO:0043487","regulation of RNA stability","1/80","76/6213",0.0131578947368421,1.021875,0.021912959238292,0.628787644073607,0.766285094401219,0.731730233884157,"XLOC-019521#TISB-HUMAN#Q07352",1
"GO:0051251","GO:0051251","positive regulation of lymphocyte activation","1/80","76/6213",0.0131578947368421,1.021875,0.021912959238292,0.628787644073607,0.766285094401219,0.731730233884157,"gene-evm.model.ptg000018l.1280#NCK2-HUMAN#O43639",1
"GO:0008289","GO:0008289","lipid binding","3/80","250/6213",0.012,0.93195,-0.125426690709662,0.630863462783544,0.766869452229794,0.732288240680451,"XLOC-011926#PKHF2-CHICK#Q5ZLY5/XLOC-012867#MLP3A-BOVIN#Q2HJ23/XLOC-002354#DAB2P-MOUSE#Q3UHC7",3
"GO:0030001","GO:0030001","metal ion transport","3/80","250/6213",0.012,0.93195,-0.125426690709662,0.630863462783544,0.766869452229794,0.732288240680451,"XLOC-008866#MCUR1-MOUSE#Q9CXD6/XLOC-024417#HEPHL-ACRMI#B3EWZ9/gene-evm.model.ptg000003l.459#ZNT1-MACFA#Q4R6K2",3
"GO:0048707","GO:0048707","instar larval or pupal morphogenesis","3/80","250/6213",0.012,0.93195,-0.125426690709662,0.630863462783544,0.766869452229794,0.732288240680451,"XLOC-026157#AP2D-HUMAN#Q7Z6R9/XLOC-000223#BMP1-MOUSE#P98063/XLOC-002903#FZD1-XENLA#Q9I9M5",3
"GO:0071900","GO:0071900","regulation of protein serine/threonine kinase activity","3/80","250/6213",0.012,0.93195,-0.125426690709662,0.630863462783544,0.766869452229794,0.732288240680451,"gene-evm.model.ptg000004l.110#SODC-ONCVO#P24706/XLOC-020938#SPB6-MOUSE#Q60854/XLOC-002354#DAB2P-MOUSE#Q3UHC7",3
"GO:0099536","GO:0099536","synaptic signaling","3/80","250/6213",0.012,0.93195,-0.125426690709662,0.630863462783544,0.766869452229794,0.732288240680451,"XLOC-000011#NID2-RAT#B5DFC9/XLOC-000920#RB6I2-RAT#Q811U3/novel-gene-chr14-11626#novel-gene-chr14-11626",3
"GO:0007507","GO:0007507","heart development","4/80","335/6213",0.0119402985074627,0.927313432835821,-0.156201789806308,0.633305707233071,0.767509438660216,0.732899367562387,"XLOC-026157#AP2D-HUMAN#Q7Z6R9/XLOC-001851#TBX20-MOUSE#Q9ES03/novel-gene-chr14-11626#novel-gene-chr14-11626/XLOC-002903#FZD1-XENLA#Q9I9M5",4
"GO:0001933","GO:0001933","negative regulation of protein phosphorylation","3/80","251/6213",0.0119521912350598,0.928237051792829,-0.132545620295091,0.633584731163519,0.767509438660216,0.732899367562387,"XLOC-020938#SPB6-MOUSE#Q60854/gene-evm.model.ptg000018l.1280#NCK2-HUMAN#O43639/XLOC-002354#DAB2P-MOUSE#Q3UHC7",3
"GO:0008589","GO:0008589","regulation of smoothened signaling pathway","1/80","77/6213",0.012987012987013,1.0086038961039,0.00867605066021072,0.633626651483434,0.767509438660216,0.732899367562387,"novel-gene-chr14-11626#novel-gene-chr14-11626",1
"GO:0010810","GO:0010810","regulation of cell-substrate adhesion","1/80","77/6213",0.012987012987013,1.0086038961039,0.00867605066021072,0.633626651483434,0.767509438660216,0.732899367562387,"gene-evm.model.ptg000035l.378#TRLF-DESRO#K9IMD0",1
"GO:0035051","GO:0035051","cardiocyte differentiation","1/80","77/6213",0.012987012987013,1.0086038961039,0.00867605066021072,0.633626651483434,0.767509438660216,0.732899367562387,"XLOC-001851#TBX20-MOUSE#Q9ES03",1
"GO:0050900","GO:0050900","leukocyte migration","1/80","77/6213",0.012987012987013,1.0086038961039,0.00867605066021072,0.633626651483434,0.767509438660216,0.732899367562387,"gene-evm.model.ptg000035l.378#TRLF-DESRO#K9IMD0",1
"GO:0065004","GO:0065004","protein-DNA complex assembly","1/80","77/6213",0.012987012987013,1.0086038961039,0.00867605066021072,0.633626651483434,0.767509438660216,0.732899367562387,"novel-gene-chr14-11626#novel-gene-chr14-11626",1
"GO:0009141","GO:0009141","nucleoside triphosphate metabolic process","2/80","166/6213",0.0120481927710843,0.935692771084337,-0.0959109273295312,0.635641138232133,0.769561499008862,0.734858892300412,"XLOC-003485#CTNS-HUMAN#O60931/XLOC-010474#SDHF2-CULQU#B0XK69",2
"GO:0007298","GO:0007298","border follicle cell migration","1/80","78/6213",0.0128205128205128,0.995673076923077,-0.00439180882411785,0.638403357461486,0.772127323576278,0.737309013573211,"XLOC-002903#FZD1-XENLA#Q9I9M5",1
"GO:0019882","GO:0019882","antigen processing and presentation","1/80","78/6213",0.0128205128205128,0.995673076923077,-0.00439180882411785,0.638403357461486,0.772127323576278,0.737309013573211,"XLOC-002968#GILT-DANRE#Q5XJN2",1
"GO:0045926","GO:0045926","negative regulation of growth","2/80","167/6213",0.0119760479041916,0.930089820359282,-0.10458967582914,0.638925333147815,0.772369728344766,0.73754048734092,"XLOC-000223#BMP1-MOUSE#P98063/XLOC-002354#DAB2P-MOUSE#Q3UHC7",2
"GO:0008283","GO:0008283","cell population proliferation","5/80","421/6213",0.0118764845605701,0.922357482185273,-0.188430246552742,0.639424307229683,0.772584097568259,0.737745189798517,"XLOC-026157#AP2D-HUMAN#Q7Z6R9/XLOC-002398#SVEP1-DANRE#A0A1D5NSM8/XLOC-007156#KALRN-MOUSE#A2CG49/XLOC-001851#TBX20-MOUSE#Q9ES03/novel-gene-chr14-11626#novel-gene-chr14-11626",5
"GO:0055123","GO:0055123","digestive system development","2/80","168/6213",0.0119047619047619,0.924553571428571,-0.113219024645946,0.642186687431523,0.775098227274611,0.740145947338349,"XLOC-001851#TBX20-MOUSE#Q9ES03/XLOC-000900#NAS4-CAEEL#P55112",2
"GO:0001503","GO:0001503","ossification","1/80","79/6213",0.0126582278481013,0.983069620253165,-0.0172954789824681,0.643118554104205,0.775098227274611,0.740145947338349,"XLOC-002903#FZD1-XENLA#Q9I9M5",1
"GO:0006289","GO:0006289","nucleotide-excision repair","1/80","79/6213",0.0126582278481013,0.983069620253165,-0.0172954789824681,0.643118554104205,0.775098227274611,0.740145947338349,"novel-gene-chr14-11626#novel-gene-chr14-11626",1
"GO:0017148","GO:0017148","negative regulation of translation","1/80","79/6213",0.0126582278481013,0.983069620253165,-0.0172954789824681,0.643118554104205,0.775098227274611,0.740145947338349,"XLOC-019521#TISB-HUMAN#Q07352",1
"GO:1901796","GO:1901796","regulation of signal transduction by p53 class mediator","1/80","79/6213",0.0126582278481013,0.983069620253165,-0.0172954789824681,0.643118554104205,0.775098227274611,0.740145947338349,"novel-gene-chr14-11626#novel-gene-chr14-11626",1
"GO:0048545","GO:0048545","response to steroid hormone","2/80","169/6213",0.0118343195266272,0.919082840236686,-0.121799635759444,0.645425236804072,0.775261984356151,0.740302319957953,"XLOC-002962#LIPP-ICTTR#O88354/novel-gene-chr14-11626#novel-gene-chr14-11626",2
"GO:0060537","GO:0060537","muscle tissue development","2/80","169/6213",0.0118343195266272,0.919082840236686,-0.121799635759444,0.645425236804072,0.775261984356151,0.740302319957953,"XLOC-001851#TBX20-MOUSE#Q9ES03/novel-gene-chr14-11626#novel-gene-chr14-11626",2
"GO:0071902","GO:0071902","positive regulation of protein serine/threonine kinase activity","2/80","169/6213",0.0118343195266272,0.919082840236686,-0.121799635759444,0.645425236804072,0.775261984356151,0.740302319957953,"gene-evm.model.ptg000004l.110#SODC-ONCVO#P24706/XLOC-002354#DAB2P-MOUSE#Q3UHC7",2
"GO:0001818","GO:0001818","negative regulation of cytokine production","1/80","80/6213",0.0125,0.97078125,-0.0300396161145404,0.647773023564861,0.775261984356151,0.740302319957953,"novel-gene-chr14-11626#novel-gene-chr14-11626",1
"GO:0007098","GO:0007098","centrosome cycle","1/80","80/6213",0.0125,0.97078125,-0.0300396161145404,0.647773023564861,0.775261984356151,0.740302319957953,"XLOC-011359#CROCC-HUMAN#Q5TZA2",1
"GO:0007309","GO:0007309","oocyte axis specification","1/80","80/6213",0.0125,0.97078125,-0.0300396161145404,0.647773023564861,0.775261984356151,0.740302319957953,"XLOC-000223#BMP1-MOUSE#P98063",1
"GO:0009749","GO:0009749","response to glucose","1/80","80/6213",0.0125,0.97078125,-0.0300396161145404,0.647773023564861,0.775261984356151,0.740302319957953,"novel-gene-chr14-11626#novel-gene-chr14-11626",1
"GO:0044272","GO:0044272","sulfur compound biosynthetic process","1/80","80/6213",0.0125,0.97078125,-0.0300396161145404,0.647773023564861,0.775261984356151,0.740302319957953,"novel-gene-chr4-9990#ACOD-SHEEP#O62849",1
"GO:0048546","GO:0048546","digestive tract morphogenesis","1/80","80/6213",0.0125,0.97078125,-0.0300396161145404,0.647773023564861,0.775261984356151,0.740302319957953,"XLOC-001851#TBX20-MOUSE#Q9ES03",1
"GO:0050679","GO:0050679","positive regulation of epithelial cell proliferation","1/80","80/6213",0.0125,0.97078125,-0.0300396161145404,0.647773023564861,0.775261984356151,0.740302319957953,"XLOC-002354#DAB2P-MOUSE#Q3UHC7",1
"GO:0050905","GO:0050905","neuromuscular process","1/80","80/6213",0.0125,0.97078125,-0.0300396161145404,0.647773023564861,0.775261984356151,0.740302319957953,"gene-evm.model.ptg000055l.299#TPP1-DANRE#F8W2M8",1
"GO:0051048","GO:0051048","negative regulation of secretion","1/80","80/6213",0.0125,0.97078125,-0.0300396161145404,0.647773023564861,0.775261984356151,0.740302319957953,"XLOC-007156#KALRN-MOUSE#A2CG49",1
"GO:0051262","GO:0051262","protein tetramerization","1/80","80/6213",0.0125,0.97078125,-0.0300396161145404,0.647773023564861,0.775261984356151,0.740302319957953,"XLOC-010884#QOR-RAT#Q6AYT0",1
"GO:0072006","GO:0072006","nephron development","1/80","80/6213",0.0125,0.97078125,-0.0300396161145404,0.647773023564861,0.775261984356151,0.740302319957953,"XLOC-026157#AP2D-HUMAN#Q7Z6R9",1
"GO:0005667","GO:0005667","transcription regulator complex","2/80","170/6213",0.0117647058823529,0.913676470588235,-0.130332158166153,0.648641019830795,0.775527988866884,0.740556329261116,"XLOC-026157#AP2D-HUMAN#Q7Z6R9/novel-gene-chr14-11626#novel-gene-chr14-11626",2
"GO:0009123","GO:0009123","nucleoside monophosphate metabolic process","2/80","170/6213",0.0117647058823529,0.913676470588235,-0.130332158166153,0.648641019830795,0.775527988866884,0.740556329261116,"XLOC-003485#CTNS-HUMAN#O60931/XLOC-010474#SDHF2-CULQU#B0XK69",2
"GO:0043010","GO:0043010","camera-type eye development","2/80","171/6213",0.0116959064327485,0.908333333333333,-0.138817228211964,0.651834077844271,0.775736052822074,0.740755010780183,"XLOC-026157#AP2D-HUMAN#Q7Z6R9/XLOC-003485#CTNS-HUMAN#O60931",2
"GO:0034097","GO:0034097","response to cytokine","4/80","343/6213",0.0116618075801749,0.905685131195335,-0.205226013477211,0.651982434040901,0.775736052822074,0.740755010780183,"gene-evm.model.ptg000004l.110#SODC-ONCVO#P24706/XLOC-002968#GILT-DANRE#Q5XJN2/novel-gene-chr14-11626#novel-gene-chr14-11626/XLOC-002354#DAB2P-MOUSE#Q3UHC7",4
"GO:0051223","GO:0051223","regulation of protein transport","4/80","343/6213",0.0116618075801749,0.905685131195335,-0.205226013477211,0.651982434040901,0.775736052822074,0.740755010780183,"XLOC-026157#AP2D-HUMAN#Q7Z6R9/XLOC-003023#FCN2-MOUSE#O70497/XLOC-014474#TMPS5-HUMAN#Q9H3S3/novel-gene-chr14-11626#novel-gene-chr14-11626",4
"GO:0007552","GO:0007552","metamorphosis","3/80","258/6213",0.0116279069767442,0.903052325581395,-0.181647991602874,0.652252411632083,0.775736052822074,0.740755010780183,"XLOC-026157#AP2D-HUMAN#Q7Z6R9/XLOC-000223#BMP1-MOUSE#P98063/XLOC-002903#FZD1-XENLA#Q9I9M5",3
"GO:0009150","GO:0009150","purine ribonucleotide metabolic process","3/80","258/6213",0.0116279069767442,0.903052325581395,-0.181647991602874,0.652252411632083,0.775736052822074,0.740755010780183,"novel-gene-chr4-9990#ACOD-SHEEP#O62849/XLOC-003485#CTNS-HUMAN#O60931/XLOC-010474#SDHF2-CULQU#B0XK69",3
"GO:0003714","GO:0003714","transcription corepressor activity","1/80","81/6213",0.0123456790123457,0.958796296296296,-0.0426286840858198,0.652367538176765,0.775736052822074,0.740755010780183,"XLOC-026157#AP2D-HUMAN#Q7Z6R9",1
"GO:0018393","GO:0018393","internal peptidyl-lysine acetylation","1/80","81/6213",0.0123456790123457,0.958796296296296,-0.0426286840858198,0.652367538176765,0.775736052822074,0.740755010780183,"novel-gene-chr14-11626#novel-gene-chr14-11626",1
"GO:0048706","GO:0048706","embryonic skeletal system development","1/80","81/6213",0.0123456790123457,0.958796296296296,-0.0426286840858198,0.652367538176765,0.775736052822074,0.740755010780183,"XLOC-026157#AP2D-HUMAN#Q7Z6R9",1
"GO:0048738","GO:0048738","cardiac muscle tissue development","1/80","81/6213",0.0123456790123457,0.958796296296296,-0.0426286840858198,0.652367538176765,0.775736052822074,0.740755010780183,"XLOC-001851#TBX20-MOUSE#Q9ES03",1
"GO:0061013","GO:0061013","regulation of mRNA catabolic process","1/80","81/6213",0.0123456790123457,0.958796296296296,-0.0426286840858198,0.652367538176765,0.775736052822074,0.740755010780183,"XLOC-019521#TISB-HUMAN#Q07352",1
"GO:1905269","GO:1905269","positive regulation of chromatin organization","1/80","81/6213",0.0123456790123457,0.958796296296296,-0.0426286840858198,0.652367538176765,0.775736052822074,0.740755010780183,"novel-gene-chr14-11626#novel-gene-chr14-11626",1
"GO:0031400","GO:0031400","negative regulation of protein modification process","4/80","344/6213",0.0116279069767442,0.903052325581395,-0.21128019882456,0.654273409039858,0.777281118769017,0.742230403522367,"XLOC-020938#SPB6-MOUSE#Q60854/XLOC-022444#SNTB1-HUMAN#Q13884/gene-evm.model.ptg000018l.1280#NCK2-HUMAN#O43639/XLOC-002354#DAB2P-MOUSE#Q3UHC7",4
"GO:0048477","GO:0048477","oogenesis","5/80","429/6213",0.0116550116550117,0.905157342657343,-0.23251043697289,0.65616422654782,0.777281118769017,0.742230403522367,"gene-evm.model.ptg000005l.77#PLOD1-CHICK#P24802/XLOC-000223#BMP1-MOUSE#P98063/XLOC-001851#TBX20-MOUSE#Q9ES03/novel-gene-chr14-11626#novel-gene-chr14-11626/XLOC-002903#FZD1-XENLA#Q9I9M5",5
"GO:0007308","GO:0007308","oocyte construction","1/80","82/6213",0.0121951219512195,0.947103658536585,-0.0550669646321661,0.656902860574981,0.777281118769017,0.742230403522367,"XLOC-000223#BMP1-MOUSE#P98063",1
"GO:0009566","GO:0009566","fertilization","1/80","82/6213",0.0121951219512195,0.947103658536585,-0.0550669646321661,0.656902860574981,0.777281118769017,0.742230403522367,"XLOC-012512#MLRP1-ACRMI#B3EWZ5",1
"GO:0009615","GO:0009615","response to virus","1/80","82/6213",0.0121951219512195,0.947103658536585,-0.0550669646321661,0.656902860574981,0.777281118769017,0.742230403522367,"novel-gene-chr14-11626#novel-gene-chr14-11626",1
"GO:0018394","GO:0018394","peptidyl-lysine acetylation","1/80","82/6213",0.0121951219512195,0.947103658536585,-0.0550669646321661,0.656902860574981,0.777281118769017,0.742230403522367,"novel-gene-chr14-11626#novel-gene-chr14-11626",1
"GO:0030308","GO:0030308","negative regulation of cell growth","1/80","82/6213",0.0121951219512195,0.947103658536585,-0.0550669646321661,0.656902860574981,0.777281118769017,0.742230403522367,"XLOC-002354#DAB2P-MOUSE#Q3UHC7",1
"GO:0071216","GO:0071216","cellular response to biotic stimulus","1/80","82/6213",0.0121951219512195,0.947103658536585,-0.0550669646321661,0.656902860574981,0.777281118769017,0.742230403522367,"XLOC-002354#DAB2P-MOUSE#Q3UHC7",1
"GO:0072073","GO:0072073","kidney epithelium development","1/80","82/6213",0.0121951219512195,0.947103658536585,-0.0550669646321661,0.656902860574981,0.777281118769017,0.742230403522367,"XLOC-026157#AP2D-HUMAN#Q7Z6R9",1
"GO:2000177","GO:2000177","regulation of neural precursor cell proliferation","1/80","82/6213",0.0121951219512195,0.947103658536585,-0.0550669646321661,0.656902860574981,0.777281118769017,0.742230403522367,"XLOC-008889#CATZ-BOVIN#P05689",1
"GO:0009896","GO:0009896","positive regulation of catabolic process","3/80","261/6213",0.0114942528735632,0.892672413793103,-0.202313279139944,0.660047629272425,0.779506449777886,0.744355385453356,"XLOC-019521#TISB-HUMAN#Q07352/XLOC-012867#MLP3A-BOVIN#Q2HJ23/XLOC-002354#DAB2P-MOUSE#Q3UHC7",3
"GO:0008202","GO:0008202","steroid metabolic process","1/80","83/6213",0.0120481927710843,0.935692771084337,-0.0673585669917066,0.661379743816541,0.779506449777886,0.744355385453356,"XLOC-025592#GBA2-RAT#Q5M868",1
"GO:0032874","GO:0032874","positive regulation of stress-activated MAPK cascade","1/80","83/6213",0.0120481927710843,0.935692771084337,-0.0673585669917066,0.661379743816541,0.779506449777886,0.744355385453356,"XLOC-002354#DAB2P-MOUSE#Q3UHC7",1
"GO:0035050","GO:0035050","embryonic heart tube development","1/80","83/6213",0.0120481927710843,0.935692771084337,-0.0673585669917066,0.661379743816541,0.779506449777886,0.744355385453356,"XLOC-001851#TBX20-MOUSE#Q9ES03",1
"GO:0043235","GO:0043235","receptor complex","1/80","83/6213",0.0120481927710843,0.935692771084337,-0.0673585669917066,0.661379743816541,0.779506449777886,0.744355385453356,"XLOC-002398#SVEP1-DANRE#A0A1D5NSM8",1
"GO:0070304","GO:0070304","positive regulation of stress-activated protein kinase signaling cascade","1/80","83/6213",0.0120481927710843,0.935692771084337,-0.0673585669917066,0.661379743816541,0.779506449777886,0.744355385453356,"XLOC-002354#DAB2P-MOUSE#Q3UHC7",1
"GO:0071482","GO:0071482","cellular response to light stimulus","1/80","83/6213",0.0120481927710843,0.935692771084337,-0.0673585669917066,0.661379743816541,0.779506449777886,0.744355385453356,"novel-gene-chr14-11626#novel-gene-chr14-11626",1
"GO:1901989","GO:1901989","positive regulation of cell cycle phase transition","1/80","83/6213",0.0120481927710843,0.935692771084337,-0.0673585669917066,0.661379743816541,0.779506449777886,0.744355385453356,"novel-gene-chr14-11626#novel-gene-chr14-11626",1
"GO:0009416","GO:0009416","response to light stimulus","3/80","262/6213",0.0114503816793893,0.889265267175573,-0.209152840621335,0.662618574609835,0.780583529285347,0.745383895136847,"XLOC-003485#CTNS-HUMAN#O60931/novel-gene-chr14-11626#novel-gene-chr14-11626/XLOC-002354#DAB2P-MOUSE#Q3UHC7",3
"GO:0006475","GO:0006475","internal protein amino acid acetylation","1/80","84/6213",0.0119047619047619,0.924553571428571,-0.0795074369155885,0.665798931499196,0.782028867218126,0.746764056999999,"novel-gene-chr14-11626#novel-gene-chr14-11626",1
"GO:0007041","GO:0007041","lysosomal transport","1/80","84/6213",0.0119047619047619,0.924553571428571,-0.0795074369155885,0.665798931499196,0.782028867218126,0.746764056999999,"XLOC-011926#PKHF2-CHICK#Q5ZLY5",1
"GO:0009746","GO:0009746","response to hexose","1/80","84/6213",0.0119047619047619,0.924553571428571,-0.0795074369155885,0.665798931499196,0.782028867218126,0.746764056999999,"novel-gene-chr14-11626#novel-gene-chr14-11626",1
"GO:0035272","GO:0035272","exocrine system development","1/80","84/6213",0.0119047619047619,0.924553571428571,-0.0795074369155885,0.665798931499196,0.782028867218126,0.746764056999999,"XLOC-002903#FZD1-XENLA#Q9I9M5",1
"GO:0071236","GO:0071236","cellular response to antibiotic","1/80","84/6213",0.0119047619047619,0.924553571428571,-0.0795074369155885,0.665798931499196,0.782028867218126,0.746764056999999,"XLOC-012867#MLP3A-BOVIN#Q2HJ23",1
"GO:1901800","GO:1901800","positive regulation of proteasomal protein catabolic process","1/80","84/6213",0.0119047619047619,0.924553571428571,-0.0795074369155885,0.665798931499196,0.782028867218126,0.746764056999999,"XLOC-002354#DAB2P-MOUSE#Q3UHC7",1
"GO:0042327","GO:0042327","positive regulation of phosphorylation","5/80","434/6213",0.0115207373271889,0.894729262672811,-0.259687124204287,0.666380560825044,0.782329475611806,0.74705110975859,"gene-evm.model.ptg000004l.110#SODC-ONCVO#P24706/XLOC-014474#TMPS5-HUMAN#Q9H3S3/novel-gene-chr14-11626#novel-gene-chr14-11626/XLOC-002903#FZD1-XENLA#Q9I9M5/XLOC-002354#DAB2P-MOUSE#Q3UHC7",5
"GO:0007618","GO:0007618","mating","1/80","85/6213",0.0117647058823529,0.913676470588235,-0.091517365104622,0.670161157878714,0.784952656479465,0.749556000906593,"XLOC-026157#AP2D-HUMAN#Q7Z6R9",1
"GO:0030674","GO:0030674","protein-macromolecule adaptor activity","1/80","85/6213",0.0117647058823529,0.913676470588235,-0.091517365104622,0.670161157878714,0.784952656479465,0.749556000906593,"gene-evm.model.ptg000018l.1280#NCK2-HUMAN#O43639",1
"GO:0031032","GO:0031032","actomyosin structure organization","1/80","85/6213",0.0117647058823529,0.913676470588235,-0.091517365104622,0.670161157878714,0.784952656479465,0.749556000906593,"XLOC-022444#SNTB1-HUMAN#Q13884",1
"GO:0097327","GO:0097327","response to antineoplastic agent","1/80","85/6213",0.0117647058823529,0.913676470588235,-0.091517365104622,0.670161157878714,0.784952656479465,0.749556000906593,"novel-gene-chr14-11626#novel-gene-chr14-11626",1
"GO:0006979","GO:0006979","response to oxidative stress","3/80","265/6213",0.0113207547169811,0.879198113207547,-0.22952786089848,0.670248916918977,0.784952656479465,0.749556000906593,"gene-evm.model.ptg000004l.110#SODC-ONCVO#P24706/XLOC-012867#MLP3A-BOVIN#Q2HJ23/XLOC-012520#GPX2-PONPY#Q4AEI0",3
"GO:0007297","GO:0007297","follicle cell of egg chamber migration","1/80","86/6213",0.0116279069767442,0.903052325581395,-0.103391995114775,0.674467147984736,0.788739089318079,0.75317168834046,"XLOC-002903#FZD1-XENLA#Q9I9M5",1
"GO:0031023","GO:0031023","microtubule organizing center organization","1/80","86/6213",0.0116279069767442,0.903052325581395,-0.103391995114775,0.674467147984736,0.788739089318079,0.75317168834046,"XLOC-011359#CROCC-HUMAN#Q5TZA2",1
"GO:1900180","GO:1900180","regulation of protein localization to nucleus","1/80","86/6213",0.0116279069767442,0.903052325581395,-0.103391995114775,0.674467147984736,0.788739089318079,0.75317168834046,"novel-gene-chr14-11626#novel-gene-chr14-11626",1
"GO:0007420","GO:0007420","brain development","5/80","439/6213",0.0113895216400911,0.884538724373577,-0.286585660463275,0.676404453204947,0.790039935142745,0.75441387382271,"XLOC-026157#AP2D-HUMAN#Q7Z6R9/XLOC-003485#CTNS-HUMAN#O60931/XLOC-013451#S38A2-CHICK#Q5F468/XLOC-002903#FZD1-XENLA#Q9I9M5/XLOC-002354#DAB2P-MOUSE#Q3UHC7",5
"GO:0018193","GO:0018193","peptidyl-amino acid modification","5/80","439/6213",0.0113895216400911,0.884538724373577,-0.286585660463275,0.676404453204947,0.790039935142745,0.75441387382271,"gene-evm.model.ptg000005l.77#PLOD1-CHICK#P24802/XLOC-015776#RET-HUMAN#P07949/XLOC-020780#ANM2-HUMAN#P55345/novel-gene-chr14-11626#novel-gene-chr14-11626/XLOC-006516#FKBP9-BOVIN#Q2KJC8",5
"GO:0098687","GO:0098687","chromosomal region","2/80","179/6213",0.0111731843575419,0.867737430167598,-0.205061936327295,0.676566255865373,0.790039935142745,0.75441387382271,"XLOC-015621#TPC12-MOUSE#Q8K2L8/novel-gene-chr14-11626#novel-gene-chr14-11626",2
"GO:0009259","GO:0009259","ribonucleotide metabolic process","3/80","268/6213",0.0111940298507463,0.869356343283582,-0.249691656194923,0.677755427377722,0.790247076005817,0.754611673875575,"novel-gene-chr4-9990#ACOD-SHEEP#O62849/XLOC-003485#CTNS-HUMAN#O60931/XLOC-010474#SDHF2-CULQU#B0XK69",3
"GO:0006816","GO:0006816","calcium ion transport","1/80","87/6213",0.0114942528735632,0.892672413793103,-0.115134830770796,0.678717617735221,0.790247076005817,0.754611673875575,"XLOC-008866#MCUR1-MOUSE#Q9CXD6",1
"GO:0008757","GO:0008757","S-adenosylmethionine-dependent methyltransferase activity","1/80","87/6213",0.0114942528735632,0.892672413793103,-0.115134830770796,0.678717617735221,0.790247076005817,0.754611673875575,"XLOC-020780#ANM2-HUMAN#P55345",1
"GO:0034249","GO:0034249","negative regulation of amide metabolic process","1/80","87/6213",0.0114942528735632,0.892672413793103,-0.115134830770796,0.678717617735221,0.790247076005817,0.754611673875575,"XLOC-019521#TISB-HUMAN#Q07352",1
"GO:0046434","GO:0046434","organophosphate catabolic process","1/80","87/6213",0.0114942528735632,0.892672413793103,-0.115134830770796,0.678717617735221,0.790247076005817,0.754611673875575,"XLOC-002962#LIPP-ICTTR#O88354",1
"GO:1905330","GO:1905330","regulation of morphogenesis of an epithelium","1/80","87/6213",0.0114942528735632,0.892672413793103,-0.115134830770796,0.678717617735221,0.790247076005817,0.754611673875575,"XLOC-002903#FZD1-XENLA#Q9I9M5",1
"GO:0090068","GO:0090068","positive regulation of cell cycle process","2/80","180/6213",0.0111111111111111,0.862916666666667,-0.213146635045248,0.679557068928093,0.790841123820387,0.755178933697631,"novel-gene-chr14-11626#novel-gene-chr14-11626/XLOC-002354#DAB2P-MOUSE#Q3UHC7",2
"GO:0030659","GO:0030659","cytoplasmic vesicle membrane","3/80","269/6213",0.0111524163568773,0.866124535315985,-0.256366908076094,0.680230072241528,0.791240984757458,0.75556076330536,"gene-evm.model.ptg000027l.443#PCP-PONAB#Q5RBU7/XLOC-002398#SVEP1-DANRE#A0A1D5NSM8/XLOC-002962#LIPP-ICTTR#O88354",3
"GO:0016331","GO:0016331","morphogenesis of embryonic epithelium","2/80","181/6213",0.0110497237569061,0.858149171270718,-0.221189615197976,0.682525706525524,0.792060687719393,0.756343502581426,"XLOC-026157#AP2D-HUMAN#Q7Z6R9/XLOC-002903#FZD1-XENLA#Q9I9M5",2
"GO:0031647","GO:0031647","regulation of protein stability","2/80","181/6213",0.0110497237569061,0.858149171270718,-0.221189615197976,0.682525706525524,0.792060687719393,0.756343502581426,"XLOC-002968#GILT-DANRE#Q5XJN2/novel-gene-chr14-11626#novel-gene-chr14-11626",2
"GO:0007519","GO:0007519","skeletal muscle tissue development","1/80","88/6213",0.0113636363636364,0.882528409090909,-0.126749243123929,0.682913274049485,0.792060687719393,0.756343502581426,"novel-gene-chr14-11626#novel-gene-chr14-11626",1
"GO:0030177","GO:0030177","positive regulation of Wnt signaling pathway","1/80","88/6213",0.0113636363636364,0.882528409090909,-0.126749243123929,0.682913274049485,0.792060687719393,0.756343502581426,"novel-gene-chr14-11626#novel-gene-chr14-11626",1
"GO:0031098","GO:0031098","stress-activated protein kinase signaling cascade","1/80","88/6213",0.0113636363636364,0.882528409090909,-0.126749243123929,0.682913274049485,0.792060687719393,0.756343502581426,"XLOC-002354#DAB2P-MOUSE#Q3UHC7",1
"GO:0050730","GO:0050730","regulation of peptidyl-tyrosine phosphorylation","1/80","88/6213",0.0113636363636364,0.882528409090909,-0.126749243123929,0.682913274049485,0.792060687719393,0.756343502581426,"gene-evm.model.ptg000018l.1280#NCK2-HUMAN#O43639",1
"GO:0006163","GO:0006163","purine nucleotide metabolic process","3/80","271/6213",0.011070110701107,0.859732472324723,-0.269649549255997,0.685138083376193,0.793416185352683,0.757637875403609,"novel-gene-chr4-9990#ACOD-SHEEP#O62849/XLOC-003485#CTNS-HUMAN#O60931/XLOC-010474#SDHF2-CULQU#B0XK69",3
"GO:0042326","GO:0042326","negative regulation of phosphorylation","3/80","271/6213",0.011070110701107,0.859732472324723,-0.269649549255997,0.685138083376193,0.793416185352683,0.757637875403609,"XLOC-020938#SPB6-MOUSE#Q60854/gene-evm.model.ptg000018l.1280#NCK2-HUMAN#O43639/XLOC-002354#DAB2P-MOUSE#Q3UHC7",3
"GO:0002696","GO:0002696","positive regulation of leukocyte activation","1/80","89/6213",0.0112359550561798,0.872612359550562,-0.138238476986656,0.687054814959859,0.793416185352683,0.757637875403609,"gene-evm.model.ptg000018l.1280#NCK2-HUMAN#O43639",1
"GO:0007178","GO:0007178","cell surface receptor protein serine/threonine kinase signaling pathway","1/80","89/6213",0.0112359550561798,0.872612359550562,-0.138238476986656,0.687054814959859,0.793416185352683,0.757637875403609,"XLOC-022170#FSTL1-MACFA#Q9GKY0",1
"GO:0007623","GO:0007623","circadian rhythm","1/80","89/6213",0.0112359550561798,0.872612359550562,-0.138238476986656,0.687054814959859,0.793416185352683,0.757637875403609,"novel-gene-chr14-11626#novel-gene-chr14-11626",1
"GO:0034284","GO:0034284","response to monosaccharide","1/80","89/6213",0.0112359550561798,0.872612359550562,-0.138238476986656,0.687054814959859,0.793416185352683,0.757637875403609,"novel-gene-chr14-11626#novel-gene-chr14-11626",1
"GO:0050806","GO:0050806","positive regulation of synaptic transmission","1/80","89/6213",0.0112359550561798,0.872612359550562,-0.138238476986656,0.687054814959859,0.793416185352683,0.757637875403609,"XLOC-007156#KALRN-MOUSE#A2CG49",1
"GO:0090316","GO:0090316","positive regulation of intracellular protein transport","1/80","89/6213",0.0112359550561798,0.872612359550562,-0.138238476986656,0.687054814959859,0.793416185352683,0.757637875403609,"novel-gene-chr14-11626#novel-gene-chr14-11626",1
"GO:1905475","GO:1905475","regulation of protein localization to membrane","1/80","89/6213",0.0112359550561798,0.872612359550562,-0.138238476986656,0.687054814959859,0.793416185352683,0.757637875403609,"XLOC-007156#KALRN-MOUSE#A2CG49",1
"GO:0045596","GO:0045596","negative regulation of cell differentiation","4/80","359/6213",0.011142061281337,0.865320334261839,-0.300225190980051,0.687455111298927,0.793496961720337,0.757715009241691,"XLOC-008889#CATZ-BOVIN#P05689/XLOC-007156#KALRN-MOUSE#A2CG49/XLOC-010474#SDHF2-CULQU#B0XK69/XLOC-002354#DAB2P-MOUSE#Q3UHC7",4
"GO:0009100","GO:0009100","glycoprotein metabolic process","2/80","183/6213",0.0109289617486339,0.848770491803279,-0.237152476008368,0.688396725580994,0.79420217811986,0.758388424612461,"gene-evm.model.ptg000005l.77#PLOD1-CHICK#P24802/XLOC-010998#MA2B1-MACFA#Q60HE9",2
"GO:0051100","GO:0051100","negative regulation of binding","1/80","90/6213",0.0111111111111111,0.862916666666667,-0.149605657074699,0.691142929721977,0.796605238575906,0.760683121458828,"XLOC-008889#CATZ-BOVIN#P05689",1
"GO:1903052","GO:1903052","positive regulation of proteolysis involved in protein catabolic process","1/80","90/6213",0.0111111111111111,0.862916666666667,-0.149605657074699,0.691142929721977,0.796605238575906,0.760683121458828,"XLOC-002354#DAB2P-MOUSE#Q3UHC7",1
"GO:0070201","GO:0070201","regulation of establishment of protein localization","4/80","361/6213",0.0110803324099723,0.860526315789474,-0.31183003961815,0.691710269356358,0.796876770740514,0.760942409151838,"XLOC-026157#AP2D-HUMAN#Q7Z6R9/XLOC-003023#FCN2-MOUSE#O70497/XLOC-014474#TMPS5-HUMAN#Q9H3S3/novel-gene-chr14-11626#novel-gene-chr14-11626",4
"GO:0000077","GO:0000077","DNA damage checkpoint signaling","1/80","91/6213",0.010989010989011,0.853434065934066,-0.160853793784013,0.695178298923715,0.798574019136663,0.762563121827771,"novel-gene-chr14-11626#novel-gene-chr14-11626",1
"GO:0006473","GO:0006473","protein acetylation","1/80","91/6213",0.010989010989011,0.853434065934066,-0.160853793784013,0.695178298923715,0.798574019136663,0.762563121827771,"novel-gene-chr14-11626#novel-gene-chr14-11626",1
"GO:0019887","GO:0019887","protein kinase regulator activity","1/80","91/6213",0.010989010989011,0.853434065934066,-0.160853793784013,0.695178298923715,0.798574019136663,0.762563121827771,"gene-evm.model.ptg000018l.1280#NCK2-HUMAN#O43639",1
"GO:0050867","GO:0050867","positive regulation of cell activation","1/80","91/6213",0.010989010989011,0.853434065934066,-0.160853793784013,0.695178298923715,0.798574019136663,0.762563121827771,"gene-evm.model.ptg000018l.1280#NCK2-HUMAN#O43639",1
"GO:0060041","GO:0060041","retina development in camera-type eye","1/80","91/6213",0.010989010989011,0.853434065934066,-0.160853793784013,0.695178298923715,0.798574019136663,0.762563121827771,"XLOC-026157#AP2D-HUMAN#Q7Z6R9",1
"GO:0090575","GO:0090575","RNA polymerase II transcription regulator complex","1/80","91/6213",0.010989010989011,0.853434065934066,-0.160853793784013,0.695178298923715,0.798574019136663,0.762563121827771,"novel-gene-chr14-11626#novel-gene-chr14-11626",1
"GO:0045859","GO:0045859","regulation of protein kinase activity","4/80","363/6213",0.0110192837465565,0.855785123966942,-0.323377407602243,0.695925388310637,0.799050087343284,0.763017722214389,"gene-evm.model.ptg000004l.110#SODC-ONCVO#P24706/XLOC-020938#SPB6-MOUSE#Q60854/gene-evm.model.ptg000018l.1280#NCK2-HUMAN#O43639/XLOC-002354#DAB2P-MOUSE#Q3UHC7",4
"GO:0043066","GO:0043066","negative regulation of apoptotic process","5/80","450/6213",0.0111111111111111,0.862916666666667,-0.34481872209457,0.697769622776697,0.800784822699296,0.764674231413193,"gene-evm.model.ptg000004l.110#SODC-ONCVO#P24706/XLOC-026157#AP2D-HUMAN#Q7Z6R9/XLOC-000920#RB6I2-RAT#Q811U3/novel-gene-chr14-11626#novel-gene-chr14-11626/XLOC-002354#DAB2P-MOUSE#Q3UHC7",5
"GO:0046822","GO:0046822","regulation of nucleocytoplasmic transport","1/80","92/6213",0.0108695652173913,0.844157608695652,-0.1719857886283,0.699161594592794,0.80199911662459,0.765833767967475,"novel-gene-chr14-11626#novel-gene-chr14-11626",1
"GO:0015629","GO:0015629","actin cytoskeleton","2/80","187/6213",0.0106951871657754,0.830614973262032,-0.268599680228136,0.699875736711167,0.802435092878388,0.766250084307817,"XLOC-007156#KALRN-MOUSE#A2CG49/XLOC-011359#CROCC-HUMAN#Q5TZA2",2
"GO:0005768","GO:0005768","endosome","5/80","452/6213",0.0110619469026549,0.859098451327434,-0.355271427501557,0.701551656560362,0.803969334770031,0.767715141094657,"XLOC-011926#PKHF2-CHICK#Q5ZLY5/gene-evm.model.ptg000022l.488#RBGP1-MOUSE#A2AWA9/XLOC-020049#TSSP-HUMAN#Q9NQE7/XLOC-012867#MLP3A-BOVIN#Q2HJ23/XLOC-003485#CTNS-HUMAN#O60931",5
"GO:0019693","GO:0019693","ribose phosphate metabolic process","3/80","278/6213",0.0107913669064748,0.838084532374101,-0.315445698373748,0.701883303502396,0.803969334770031,0.767715141094657,"novel-gene-chr4-9990#ACOD-SHEEP#O62849/XLOC-003485#CTNS-HUMAN#O60931/XLOC-010474#SDHF2-CULQU#B0XK69",3
"GO:0005769","GO:0005769","early endosome","2/80","188/6213",0.0106382978723404,0.826196808510638,-0.276364579581724,0.702691129184611,0.804205018899031,0.767940197283399,"XLOC-011926#PKHF2-CHICK#Q5ZLY5/gene-evm.model.ptg000022l.488#RBGP1-MOUSE#A2AWA9",2
"GO:0005798","GO:0005798","Golgi-associated vesicle","1/80","93/6213",0.010752688172043,0.83508064516129,-0.183004439360475,0.703093480303066,0.804205018899031,0.767940197283399,"XLOC-008889#CATZ-BOVIN#P05689",1
"GO:0061326","GO:0061326","renal tubule development","1/80","93/6213",0.010752688172043,0.83508064516129,-0.183004439360475,0.703093480303066,0.804205018899031,0.767940197283399,"XLOC-026157#AP2D-HUMAN#Q7Z6R9",1
"GO:0045202","GO:0045202","synapse","5/80","453/6213",0.011037527593819,0.857201986754967,-0.360482560437123,0.703430771525699,0.804207859688115,0.767942909969939,"XLOC-022444#SNTB1-HUMAN#Q13884/XLOC-007156#KALRN-MOUSE#A2CG49/XLOC-000920#RB6I2-RAT#Q811U3/gene-evm.model.ptg000018l.1280#NCK2-HUMAN#O43639/XLOC-002354#DAB2P-MOUSE#Q3UHC7",5
"GO:0012501","GO:0012501","programmed cell death","4/80","367/6213",0.0108991825613079,0.846457765667575,-0.346302572275706,0.704235336197986,0.804744661059735,0.768455504820177,"XLOC-015778#STPG1-XENLA#Q3KQ80/XLOC-026157#AP2D-HUMAN#Q7Z6R9/novel-gene-chr14-11626#novel-gene-chr14-11626/XLOC-002354#DAB2P-MOUSE#Q3UHC7",4
"GO:0042692","GO:0042692","muscle cell differentiation","2/80","189/6213",0.0105820105820106,0.821825396825397,-0.284091640993836,0.705484934087924,0.805023663505555,0.768721925929534,"XLOC-022444#SNTB1-HUMAN#Q13884/XLOC-026683#ADA19-HUMAN#Q9H013",2
"GO:0071214","GO:0071214","cellular response to abiotic stimulus","2/80","189/6213",0.0105820105820106,0.821825396825397,-0.284091640993836,0.705484934087924,0.805023663505555,0.768721925929534,"XLOC-013451#S38A2-CHICK#Q5F468/novel-gene-chr14-11626#novel-gene-chr14-11626",2
"GO:0104004","GO:0104004","cellular response to environmental stimulus","2/80","189/6213",0.0105820105820106,0.821825396825397,-0.284091640993836,0.705484934087924,0.805023663505555,0.768721925929534,"XLOC-013451#S38A2-CHICK#Q5F468/novel-gene-chr14-11626#novel-gene-chr14-11626",2
"GO:0006869","GO:0006869","lipid transport","1/80","94/6213",0.0106382978723404,0.826196808510638,-0.193912444799711,0.706974611279497,0.805193464340138,0.768884069765179,"XLOC-002962#LIPP-ICTTR#O88354",1
"GO:0022898","GO:0022898","regulation of transmembrane transporter activity","1/80","94/6213",0.0106382978723404,0.826196808510638,-0.193912444799711,0.706974611279497,0.805193464340138,0.768884069765179,"XLOC-022444#SNTB1-HUMAN#Q13884",1
"GO:0030336","GO:0030336","negative regulation of cell migration","1/80","94/6213",0.0106382978723404,0.826196808510638,-0.193912444799711,0.706974611279497,0.805193464340138,0.768884069765179,"XLOC-002354#DAB2P-MOUSE#Q3UHC7",1
"GO:0071456","GO:0071456","cellular response to hypoxia","1/80","94/6213",0.0106382978723404,0.826196808510638,-0.193912444799711,0.706974611279497,0.805193464340138,0.768884069765179,"novel-gene-chr14-11626#novel-gene-chr14-11626",1
"GO:0006352","GO:0006352","DNA-templated transcription initiation","1/80","95/6213",0.0105263157894737,0.8175,-0.204712409383959,0.71080563450186,0.808024199750813,0.771587155991508,"novel-gene-chr14-11626#novel-gene-chr14-11626",1
"GO:0007093","GO:0007093","mitotic cell cycle checkpoint signaling","1/80","95/6213",0.0105263157894737,0.8175,-0.204712409383959,0.71080563450186,0.808024199750813,0.771587155991508,"novel-gene-chr14-11626#novel-gene-chr14-11626",1
"GO:0035303","GO:0035303","regulation of dephosphorylation","1/80","95/6213",0.0105263157894737,0.8175,-0.204712409383959,0.71080563450186,0.808024199750813,0.771587155991508,"XLOC-025616#ELL2-MOUSE#Q3UKU1",1
"GO:0042110","GO:0042110","T cell activation","1/80","95/6213",0.0105263157894737,0.8175,-0.204712409383959,0.71080563450186,0.808024199750813,0.771587155991508,"gene-evm.model.ptg000018l.1280#NCK2-HUMAN#O43639",1
"GO:0001654","GO:0001654","eye development","4/80","372/6213",0.010752688172043,0.83508064516129,-0.374648267558808,0.714396991332406,0.810788109359853,0.774226429858942,"XLOC-026157#AP2D-HUMAN#Q7Z6R9/XLOC-003485#CTNS-HUMAN#O60931/novel-gene-chr14-11626#novel-gene-chr14-11626/XLOC-002903#FZD1-XENLA#Q9I9M5",4
"GO:0043069","GO:0043069","negative regulation of programmed cell death","5/80","459/6213",0.0108932461873638,0.845996732026144,-0.391539503168278,0.714538378151197,0.810788109359853,0.774226429858942,"gene-evm.model.ptg000004l.110#SODC-ONCVO#P24706/XLOC-026157#AP2D-HUMAN#Q7Z6R9/XLOC-000920#RB6I2-RAT#Q811U3/novel-gene-chr14-11626#novel-gene-chr14-11626/XLOC-002354#DAB2P-MOUSE#Q3UHC7",5
"GO:0010469","GO:0010469","regulation of signaling receptor activity","1/80","96/6213",0.0104166666666667,0.808984375,-0.215406847466326,0.714587188807164,0.810788109359853,0.774226429858942,"gene-evm.model.ptg000018l.1280#NCK2-HUMAN#O43639",1
"GO:0070372","GO:0070372","regulation of ERK1 and ERK2 cascade","1/80","96/6213",0.0104166666666667,0.808984375,-0.215406847466326,0.714587188807164,0.810788109359853,0.774226429858942,"XLOC-002354#DAB2P-MOUSE#Q3UHC7",1
"GO:0019901","GO:0019901","protein kinase binding","4/80","373/6213",0.0107238605898123,0.8328418230563,-0.380276819557699,0.716399212435915,0.812460296634121,0.775823211519238,"gene-evm.model.ptg000003l.459#ZNT1-MACFA#Q4R6K2/novel-gene-chr14-11626#novel-gene-chr14-11626/gene-evm.model.ptg000018l.1280#NCK2-HUMAN#O43639/XLOC-002354#DAB2P-MOUSE#Q3UHC7",4
"GO:0010562","GO:0010562","positive regulation of phosphorus metabolic process","5/80","461/6213",0.0108459869848156,0.842326464208243,-0.401813075724831,0.718177124340417,0.813102927327027,0.776436863423284,"gene-evm.model.ptg000004l.110#SODC-ONCVO#P24706/XLOC-014474#TMPS5-HUMAN#Q9H3S3/novel-gene-chr14-11626#novel-gene-chr14-11626/XLOC-002903#FZD1-XENLA#Q9I9M5/XLOC-002354#DAB2P-MOUSE#Q3UHC7",5
"GO:0045937","GO:0045937","positive regulation of phosphate metabolic process","5/80","461/6213",0.0108459869848156,0.842326464208243,-0.401813075724831,0.718177124340417,0.813102927327027,0.776436863423284,"gene-evm.model.ptg000004l.110#SODC-ONCVO#P24706/XLOC-014474#TMPS5-HUMAN#Q9H3S3/novel-gene-chr14-11626#novel-gene-chr14-11626/XLOC-002903#FZD1-XENLA#Q9I9M5/XLOC-002354#DAB2P-MOUSE#Q3UHC7",5
"GO:0031570","GO:0031570","DNA integrity checkpoint signaling","1/80","97/6213",0.0103092783505155,0.800644329896907,-0.225998187372259,0.718319904990821,0.813102927327027,0.776436863423284,"novel-gene-chr14-11626#novel-gene-chr14-11626",1
"GO:0050920","GO:0050920","regulation of chemotaxis","1/80","97/6213",0.0103092783505155,0.800644329896907,-0.225998187372259,0.718319904990821,0.813102927327027,0.776436863423284,"XLOC-002903#FZD1-XENLA#Q9I9M5",1
"GO:0003729","GO:0003729","mRNA binding","2/80","195/6213",0.0102564102564103,0.796538461538462,-0.329683925571072,0.721799065636433,0.813440235922883,0.776758961425111,"XLOC-010884#QOR-RAT#Q6AYT0/XLOC-019521#TISB-HUMAN#Q07352",2
"GO:0050768","GO:0050768","negative regulation of neurogenesis","2/80","195/6213",0.0102564102564103,0.796538461538462,-0.329683925571072,0.721799065636433,0.813440235922883,0.776758961425111,"XLOC-008889#CATZ-BOVIN#P05689/XLOC-002354#DAB2P-MOUSE#Q3UHC7",2
"GO:0007034","GO:0007034","vacuolar transport","1/80","98/6213",0.0102040816326531,0.792474489795918,-0.236488775233211,0.722004405906572,0.813440235922883,0.776758961425111,"XLOC-011926#PKHF2-CHICK#Q5ZLY5",1
"GO:0007351","GO:0007351","tripartite regional subdivision","1/80","98/6213",0.0102040816326531,0.792474489795918,-0.236488775233211,0.722004405906572,0.813440235922883,0.776758961425111,"XLOC-000223#BMP1-MOUSE#P98063",1
"GO:0008017","GO:0008017","microtubule binding","1/80","98/6213",0.0102040816326531,0.792474489795918,-0.236488775233211,0.722004405906572,0.813440235922883,0.776758961425111,"XLOC-012867#MLP3A-BOVIN#Q2HJ23",1
"GO:0008356","GO:0008356","asymmetric cell division","1/80","98/6213",0.0102040816326531,0.792474489795918,-0.236488775233211,0.722004405906572,0.813440235922883,0.776758961425111,"XLOC-002903#FZD1-XENLA#Q9I9M5",1
"GO:0008582","GO:0008582","regulation of synaptic assembly at neuromuscular junction","1/80","98/6213",0.0102040816326531,0.792474489795918,-0.236488775233211,0.722004405906572,0.813440235922883,0.776758961425111,"XLOC-022444#SNTB1-HUMAN#Q13884",1
"GO:0008595","GO:0008595","anterior/posterior axis specification, embryo","1/80","98/6213",0.0102040816326531,0.792474489795918,-0.236488775233211,0.722004405906572,0.813440235922883,0.776758961425111,"XLOC-000223#BMP1-MOUSE#P98063",1
"GO:0016747","GO:0016747","acyltransferase activity, transferring groups other than amino-acyl groups","1/80","98/6213",0.0102040816326531,0.792474489795918,-0.236488775233211,0.722004405906572,0.813440235922883,0.776758961425111,"novel-gene-chr14-11626#novel-gene-chr14-11626",1
"GO:0045333","GO:0045333","cellular respiration","1/80","98/6213",0.0102040816326531,0.792474489795918,-0.236488775233211,0.722004405906572,0.813440235922883,0.776758961425111,"XLOC-010474#SDHF2-CULQU#B0XK69",1
"GO:0097305","GO:0097305","response to alcohol","2/80","196/6213",0.0102040816326531,0.792474489795918,-0.337158221954597,0.724444107525403,0.815243413643403,0.778480826648396,"gene-evm.model.ptg000004l.110#SODC-ONCVO#P24706/XLOC-025017#CP3AO-SHEEP#Q29496",2
"GO:0002165","GO:0002165","instar larval or pupal development","3/80","288/6213",0.0104166666666667,0.808984375,-0.379092502304727,0.724643463390113,0.815243413643403,0.778480826648396,"XLOC-026157#AP2D-HUMAN#Q7Z6R9/XLOC-000223#BMP1-MOUSE#P98063/XLOC-002903#FZD1-XENLA#Q9I9M5",3
"GO:0009898","GO:0009898","cytoplasmic side of plasma membrane","1/80","99/6213",0.0101010101010101,0.784469696969697,-0.24688087861129,0.725641306565194,0.815243413643403,0.778480826648396,"XLOC-002354#DAB2P-MOUSE#Q3UHC7",1
"GO:0019207","GO:0019207","kinase regulator activity","1/80","99/6213",0.0101010101010101,0.784469696969697,-0.24688087861129,0.725641306565194,0.815243413643403,0.778480826648396,"gene-evm.model.ptg000018l.1280#NCK2-HUMAN#O43639",1
"GO:0036294","GO:0036294","cellular response to decreased oxygen levels","1/80","99/6213",0.0101010101010101,0.784469696969697,-0.24688087861129,0.725641306565194,0.815243413643403,0.778480826648396,"novel-gene-chr14-11626#novel-gene-chr14-11626",1
"GO:0055002","GO:0055002","striated muscle cell development","1/80","99/6213",0.0101010101010101,0.784469696969697,-0.24688087861129,0.725641306565194,0.815243413643403,0.778480826648396,"XLOC-022444#SNTB1-HUMAN#Q13884",1
"GO:0030054","GO:0030054","cell junction","3/80","289/6213",0.0103806228373702,0.806185121107266,-0.385347677031875,0.726844890774797,0.816213851164592,0.779407503259409,"XLOC-006017#CADN-ACRMI#B3EWZ3/XLOC-002968#GILT-DANRE#Q5XJN2/gene-evm.model.ptg000018l.1280#NCK2-HUMAN#O43639",3
"GO:0005777","GO:0005777","peroxisome","1/80","100/6213",0.01,0.776625,-0.257176689928303,0.729231214231989,0.817858676137976,0.780978156494434,"gene-evm.model.ptg000004l.110#SODC-ONCVO#P24706",1
"GO:0042579","GO:0042579","microbody","1/80","100/6213",0.01,0.776625,-0.257176689928303,0.729231214231989,0.817858676137976,0.780978156494434,"gene-evm.model.ptg000004l.110#SODC-ONCVO#P24706",1
"GO:0001666","GO:0001666","response to hypoxia","2/80","198/6213",0.0101010101010101,0.784469696969697,-0.352003801328762,0.729671583248827,0.817858676137976,0.780978156494434,"gene-evm.model.ptg000005l.77#PLOD1-CHICK#P24802/novel-gene-chr14-11626#novel-gene-chr14-11626",2
"GO:0048749","GO:0048749","compound eye development","2/80","198/6213",0.0101010101010101,0.784469696969697,-0.352003801328762,0.729671583248827,0.817858676137976,0.780978156494434,"novel-gene-chr14-11626#novel-gene-chr14-11626/XLOC-002903#FZD1-XENLA#Q9I9M5",2
"GO:0001667","GO:0001667","ameboidal-type cell migration","2/80","199/6213",0.0100502512562814,0.780527638190955,-0.359375857459853,0.732254201583484,0.820370612035227,0.783376819152794,"XLOC-007156#KALRN-MOUSE#A2CG49/XLOC-002903#FZD1-XENLA#Q9I9M5",2
"GO:0060322","GO:0060322","head development","5/80","470/6213",0.0106382978723404,0.826196808510638,-0.447570550143423,0.734155812960468,0.822117605002818,0.785045033218432,"XLOC-026157#AP2D-HUMAN#Q7Z6R9/XLOC-003485#CTNS-HUMAN#O60931/XLOC-013451#S38A2-CHICK#Q5F468/XLOC-002903#FZD1-XENLA#Q9I9M5/XLOC-002354#DAB2P-MOUSE#Q3UHC7",5
"GO:0035220","GO:0035220","wing disc development","2/80","200/6213",0.01,0.776625,-0.36671459598266,0.734816198392671,0.822188007663536,0.785112261141524,"XLOC-000223#BMP1-MOUSE#P98063/XLOC-002903#FZD1-XENLA#Q9I9M5",2
"GO:0016758","GO:0016758","hexosyltransferase activity","1/80","102/6213",0.00980392156862745,0.761397058823529,-0.277487849668383,0.736272441500527,0.822188007663536,0.785112261141524,"gene-evm.model.ptg000005l.77#PLOD1-CHICK#P24802",1
"GO:0022900","GO:0022900","electron transport chain","1/80","102/6213",0.00980392156862745,0.761397058823529,-0.277487849668383,0.736272441500527,0.822188007663536,0.785112261141524,"XLOC-010474#SDHF2-CULQU#B0XK69",1
"GO:0046890","GO:0046890","regulation of lipid biosynthetic process","1/80","102/6213",0.00980392156862745,0.761397058823529,-0.277487849668383,0.736272441500527,0.822188007663536,0.785112261141524,"gene-evm.model.ptg000004l.110#SODC-ONCVO#P24706",1
"GO:0051147","GO:0051147","regulation of muscle cell differentiation","1/80","102/6213",0.00980392156862745,0.761397058823529,-0.277487849668383,0.736272441500527,0.822188007663536,0.785112261141524,"novel-gene-chr14-11626#novel-gene-chr14-11626",1
"GO:1904396","GO:1904396","regulation of neuromuscular junction development","1/80","102/6213",0.00980392156862745,0.761397058823529,-0.277487849668383,0.736272441500527,0.822188007663536,0.785112261141524,"XLOC-022444#SNTB1-HUMAN#Q13884",1
"GO:0009798","GO:0009798","axis specification","2/80","201/6213",0.00995024875621891,0.772761194029851,-0.374020387678626,0.737357668601278,0.822961637554728,0.785851004965929,"XLOC-000223#BMP1-MOUSE#P98063/XLOC-002903#FZD1-XENLA#Q9I9M5",2
"GO:0072521","GO:0072521","purine-containing compound metabolic process","3/80","294/6213",0.0102040816326531,0.792474489795918,-0.416337202912134,0.737650460306132,0.822961637554728,0.785851004965929,"novel-gene-chr4-9990#ACOD-SHEEP#O62849/XLOC-003485#CTNS-HUMAN#O60931/XLOC-010474#SDHF2-CULQU#B0XK69",3
"GO:0008168","GO:0008168","methyltransferase activity","1/80","103/6213",0.00970873786407767,0.754004854368932,-0.28750723559879,0.73972493776627,0.824510116248066,0.787329656560119,"XLOC-020780#ANM2-HUMAN#P55345",1
"GO:0048640","GO:0048640","negative regulation of developmental growth","1/80","103/6213",0.00970873786407767,0.754004854368932,-0.28750723559879,0.73972493776627,0.824510116248066,0.787329656560119,"XLOC-000223#BMP1-MOUSE#P98063",1
"GO:0008219","GO:0008219","cell death","4/80","386/6213",0.0103626943005181,0.80479274611399,-0.452263281933417,0.741516757474581,0.82600877950992,0.788760739099924,"XLOC-015778#STPG1-XENLA#Q3KQ80/XLOC-026157#AP2D-HUMAN#Q7Z6R9/novel-gene-chr14-11626#novel-gene-chr14-11626/XLOC-002354#DAB2P-MOUSE#Q3UHC7",4
"GO:0036293","GO:0036293","response to decreased oxygen levels","2/80","203/6213",0.00985221674876847,0.765147783251231,-0.388534583491252,0.742379413848405,0.82600877950992,0.788760739099924,"gene-evm.model.ptg000005l.77#PLOD1-CHICK#P24802/novel-gene-chr14-11626#novel-gene-chr14-11626",2
"GO:0007292","GO:0007292","female gamete generation","5/80","475/6213",0.0105263157894737,0.8175,-0.472665208493897,0.742752952150184,0.82600877950992,0.788760739099924,"gene-evm.model.ptg000005l.77#PLOD1-CHICK#P24802/XLOC-000223#BMP1-MOUSE#P98063/XLOC-001851#TBX20-MOUSE#Q9ES03/novel-gene-chr14-11626#novel-gene-chr14-11626/XLOC-002903#FZD1-XENLA#Q9I9M5",5
"GO:0005875","GO:0005875","microtubule associated complex","1/80","104/6213",0.00961538461538462,0.746754807692308,-0.297438410158293,0.743132794554928,0.82600877950992,0.788760739099924,"gene-evm.model.ptg000022l.488#RBGP1-MOUSE#A2AWA9",1
"GO:0043209","GO:0043209","myelin sheath","1/80","104/6213",0.00961538461538462,0.746754807692308,-0.297438410158293,0.743132794554928,0.82600877950992,0.788760739099924,"gene-evm.model.ptg000004l.110#SODC-ONCVO#P24706",1
"GO:0043679","GO:0043679","axon terminus","1/80","104/6213",0.00961538461538462,0.746754807692308,-0.297438410158293,0.743132794554928,0.82600877950992,0.788760739099924,"XLOC-000920#RB6I2-RAT#Q811U3",1
"GO:0071345","GO:0071345","cellular response to cytokine stimulus","3/80","297/6213",0.0101010101010101,0.784469696969697,-0.434707082675921,0.743973540595393,0.82656079764576,0.789287864529608,"gene-evm.model.ptg000004l.110#SODC-ONCVO#P24706/XLOC-002968#GILT-DANRE#Q5XJN2/XLOC-002354#DAB2P-MOUSE#Q3UHC7",3
"GO:0001101","GO:0001101","response to acid chemical","2/80","204/6213",0.00980392156862745,0.761397058823529,-0.395743699333578,0.744859883548102,0.826687316525923,0.78940867816731,"XLOC-026157#AP2D-HUMAN#Q7Z6R9/XLOC-025017#CP3AO-SHEEP#Q29496",2
"GO:0006520","GO:0006520","amino acid metabolic process","2/80","204/6213",0.00980392156862745,0.761397058823529,-0.395743699333578,0.744859883548102,0.826687316525923,0.78940867816731,"gene-evm.model.ptg000005l.77#PLOD1-CHICK#P24802/XLOC-003485#CTNS-HUMAN#O60931",2
"GO:0051050","GO:0051050","positive regulation of transport","5/80","477/6213",0.010482180293501,0.814072327044025,-0.482639526937852,0.746135875426095,0.826687316525923,0.78940867816731,"XLOC-003023#FCN2-MOUSE#O70497/XLOC-007156#KALRN-MOUSE#A2CG49/XLOC-013451#S38A2-CHICK#Q5F468/XLOC-014474#TMPS5-HUMAN#Q9H3S3/novel-gene-chr14-11626#novel-gene-chr14-11626",5
"GO:0000793","GO:0000793","condensed chromosome","1/80","105/6213",0.00952380952380952,0.739642857142857,-0.307283235478034,0.746496581825448,0.826687316525923,0.78940867816731,"novel-gene-chr14-11626#novel-gene-chr14-11626",1
"GO:0016236","GO:0016236","macroautophagy","1/80","105/6213",0.00952380952380952,0.739642857142857,-0.307283235478034,0.746496581825448,0.826687316525923,0.78940867816731,"XLOC-012867#MLP3A-BOVIN#Q2HJ23",1
"GO:0016482","GO:0016482","cytosolic transport","1/80","105/6213",0.00952380952380952,0.739642857142857,-0.307283235478034,0.746496581825448,0.826687316525923,0.78940867816731,"XLOC-000920#RB6I2-RAT#Q811U3",1
"GO:0030010","GO:0030010","establishment of cell polarity","1/80","105/6213",0.00952380952380952,0.739642857142857,-0.307283235478034,0.746496581825448,0.826687316525923,0.78940867816731,"XLOC-002903#FZD1-XENLA#Q9I9M5",1
"GO:0043549","GO:0043549","regulation of kinase activity","4/80","389/6213",0.0102827763496144,0.798586118251928,-0.468573530293329,0.747073731646601,0.826945208947067,0.789654941187458,"gene-evm.model.ptg000004l.110#SODC-ONCVO#P24706/XLOC-020938#SPB6-MOUSE#Q60854/gene-evm.model.ptg000018l.1280#NCK2-HUMAN#O43639/XLOC-002354#DAB2P-MOUSE#Q3UHC7",4
"GO:0007015","GO:0007015","actin filament organization","1/80","106/6213",0.00943396226415094,0.732665094339623,-0.317043515652034,0.749816862351637,0.828454509369196,0.791096181215425,"gene-evm.model.ptg000018l.1280#NCK2-HUMAN#O43639",1
"GO:0055001","GO:0055001","muscle cell development","1/80","106/6213",0.00943396226415094,0.732665094339623,-0.317043515652034,0.749816862351637,0.828454509369196,0.791096181215425,"XLOC-022444#SNTB1-HUMAN#Q13884",1
"GO:0071453","GO:0071453","cellular response to oxygen levels","1/80","106/6213",0.00943396226415094,0.732665094339623,-0.317043515652034,0.749816862351637,0.828454509369196,0.791096181215425,"novel-gene-chr14-11626#novel-gene-chr14-11626",1
"GO:2000146","GO:2000146","negative regulation of cell motility","1/80","106/6213",0.00943396226415094,0.732665094339623,-0.317043515652034,0.749816862351637,0.828454509369196,0.791096181215425,"XLOC-002354#DAB2P-MOUSE#Q3UHC7",1
"GO:0016050","GO:0016050","vesicle organization","2/80","207/6213",0.00966183574879227,0.75036231884058,-0.417183269437829,0.752180867310328,0.830684341737659,0.793225461521696,"XLOC-011926#PKHF2-CHICK#Q5ZLY5/XLOC-008889#CATZ-BOVIN#P05689",2
"GO:0006468","GO:0006468","protein phosphorylation","4/80","392/6213",0.0102040816326531,0.792474489795918,-0.484774713985569,0.752541519310249,0.830700702841553,0.793241084837961,"XLOC-015776#RET-HUMAN#P07949/XLOC-007156#KALRN-MOUSE#A2CG49/XLOC-000920#RB6I2-RAT#Q811U3/XLOC-002354#DAB2P-MOUSE#Q3UHC7",4
"GO:0045786","GO:0045786","negative regulation of cell cycle","3/80","302/6213",0.00993377483443709,0.77148178807947,-0.464962624134239,0.754247547754939,0.832201474371779,0.794674180575882,"XLOC-020780#ANM2-HUMAN#P55345/novel-gene-chr14-11626#novel-gene-chr14-11626/XLOC-002354#DAB2P-MOUSE#Q3UHC7",3
"GO:0001708","GO:0001708","cell fate specification","1/80","108/6213",0.00925925925925926,0.719097222222222,-0.336317380807212,0.756329118875955,0.833349790614699,0.795770714645439,"XLOC-001851#TBX20-MOUSE#Q9ES03",1
"GO:0008021","GO:0008021","synaptic vesicle","1/80","108/6213",0.00925925925925926,0.719097222222222,-0.336317380807212,0.756329118875955,0.833349790614699,0.795770714645439,"XLOC-000920#RB6I2-RAT#Q811U3",1
"GO:0040014","GO:0040014","regulation of multicellular organism growth","1/80","108/6213",0.00925925925925926,0.719097222222222,-0.336317380807212,0.756329118875955,0.833349790614699,0.795770714645439,"gene-evm.model.ptg000004l.110#SODC-ONCVO#P24706",1
"GO:0005700","GO:0005700","polytene chromosome","1/80","109/6213",0.00917431192660551,0.7125,-0.34583430446628,0.759522185295271,0.836100957414867,0.798397820328233,"novel-gene-chr14-11626#novel-gene-chr14-11626",1
"GO:0009152","GO:0009152","purine ribonucleotide biosynthetic process","1/80","109/6213",0.00917431192660551,0.7125,-0.34583430446628,0.759522185295271,0.836100957414867,0.798397820328233,"novel-gene-chr4-9990#ACOD-SHEEP#O62849",1
"GO:0009743","GO:0009743","response to carbohydrate","1/80","110/6213",0.00909090909090909,0.706022727272727,-0.355273364497484,0.762673925986027,0.838801634715402,0.800976713284921,"novel-gene-chr14-11626#novel-gene-chr14-11626",1
"GO:0016746","GO:0016746","acyltransferase activity","1/80","110/6213",0.00909090909090909,0.706022727272727,-0.355273364497484,0.762673925986027,0.838801634715402,0.800976713284921,"novel-gene-chr14-11626#novel-gene-chr14-11626",1
"GO:0009952","GO:0009952","anterior/posterior pattern specification","2/80","212/6213",0.00943396226415094,0.732665094339623,-0.452309823031155,0.763987150689704,0.839680834811588,0.80181626673143,"XLOC-000223#BMP1-MOUSE#P98063/novel-gene-chr14-11626#novel-gene-chr14-11626",2
"GO:0098590","GO:0098590","plasma membrane region","5/80","488/6213",0.0102459016393443,0.795722336065574,-0.536867708612282,0.764172483304801,0.839680834811588,0.80181626673143,"XLOC-022444#SNTB1-HUMAN#Q13884/XLOC-024417#HEPHL-ACRMI#B3EWZ9/XLOC-013451#S38A2-CHICK#Q5F468/XLOC-000920#RB6I2-RAT#Q811U3/gene-evm.model.ptg000003l.459#ZNT1-MACFA#Q4R6K2",5
"GO:0016741","GO:0016741","transferase activity, transferring one-carbon groups","1/80","111/6213",0.00900900900900901,0.699662162162162,-0.364636107983463,0.765784869115819,0.840683389221296,0.802773611951972,"XLOC-020780#ANM2-HUMAN#P55345",1
"GO:0060538","GO:0060538","skeletal muscle organ development","1/80","111/6213",0.00900900900900901,0.699662162162162,-0.364636107983463,0.765784869115819,0.840683389221296,0.802773611951972,"novel-gene-chr14-11626#novel-gene-chr14-11626",1
"GO:0007423","GO:0007423","sensory organ development","5/80","490/6213",0.0102040816326531,0.792474489795918,-0.546615436403537,0.767348738596859,0.842015381502812,0.804045539372728,"gene-evm.model.ptg000004l.110#SODC-ONCVO#P24706/XLOC-026157#AP2D-HUMAN#Q7Z6R9/XLOC-003485#CTNS-HUMAN#O60931/novel-gene-chr14-11626#novel-gene-chr14-11626/XLOC-002903#FZD1-XENLA#Q9I9M5",5
"GO:0051129","GO:0051129","negative regulation of cellular component organization","4/80","401/6213",0.00997506234413965,0.774688279301746,-0.532742571226777,0.768413593639128,0.842514141387825,0.80452180817918,"XLOC-008889#CATZ-BOVIN#P05689/XLOC-001851#TBX20-MOUSE#Q9ES03/novel-gene-chr14-11626#novel-gene-chr14-11626/XLOC-002354#DAB2P-MOUSE#Q3UHC7",4
"GO:0000578","GO:0000578","embryonic axis specification","1/80","112/6213",0.00892857142857143,0.693415178571429,-0.37392403650604,0.768855536187391,0.842514141387825,0.80452180817918,"XLOC-000223#BMP1-MOUSE#P98063",1
"GO:0009411","GO:0009411","response to UV","1/80","112/6213",0.00892857142857143,0.693415178571429,-0.37392403650604,0.768855536187391,0.842514141387825,0.80452180817918,"novel-gene-chr14-11626#novel-gene-chr14-11626",1
"GO:0006164","GO:0006164","purine nucleotide biosynthetic process","1/80","113/6213",0.00884955752212389,0.687278761061947,-0.383138607896387,0.771886442121666,0.844679377665713,0.806589405291025,"novel-gene-chr4-9990#ACOD-SHEEP#O62849",1
"GO:0043543","GO:0043543","protein acylation","1/80","113/6213",0.00884955752212389,0.687278761061947,-0.383138607896387,0.771886442121666,0.844679377665713,0.806589405291025,"novel-gene-chr14-11626#novel-gene-chr14-11626",1
"GO:0044306","GO:0044306","neuron projection terminus","1/80","113/6213",0.00884955752212389,0.687278761061947,-0.383138607896387,0.771886442121666,0.844679377665713,0.806589405291025,"XLOC-000920#RB6I2-RAT#Q811U3",1
"GO:0048193","GO:0048193","Golgi vesicle transport","2/80","216/6213",0.00925925925925926,0.719097222222222,-0.479888253613464,0.773083790055073,0.84521951011028,0.807105181002805,"XLOC-008889#CATZ-BOVIN#P05689/XLOC-015621#TPC12-MOUSE#Q8K2L8",2
"GO:0071396","GO:0071396","cellular response to lipid","2/80","216/6213",0.00925925925925926,0.719097222222222,-0.479888253613464,0.773083790055073,0.84521951011028,0.807105181002805,"XLOC-002903#FZD1-XENLA#Q9I9M5/XLOC-002354#DAB2P-MOUSE#Q3UHC7",2
"GO:0045637","GO:0045637","regulation of myeloid cell differentiation","1/80","114/6213",0.0087719298245614,0.68125,-0.3922812379026,0.774878095339742,0.846410725332451,0.808242679565017,"novel-gene-chr14-11626#novel-gene-chr14-11626",1
"GO:0071824","GO:0071824","protein-DNA complex organization","1/80","114/6213",0.0087719298245614,0.68125,-0.3922812379026,0.774878095339742,0.846410725332451,0.808242679565017,"novel-gene-chr14-11626#novel-gene-chr14-11626",1
"GO:0150034","GO:0150034","distal axon","2/80","217/6213",0.00921658986175115,0.715783410138249,-0.486712739458878,0.775310439032923,0.846498033889582,0.808326051030019,"XLOC-008889#CATZ-BOVIN#P05689/XLOC-000920#RB6I2-RAT#Q811U3",2
"GO:0010506","GO:0010506","regulation of autophagy","2/80","218/6213",0.00917431192660551,0.7125,-0.493509749527268,0.777518296722964,0.847708737214625,0.809482158898579,"XLOC-012867#MLP3A-BOVIN#Q2HJ23/novel-gene-chr14-11626#novel-gene-chr14-11626",2
"GO:0010721","GO:0010721","negative regulation of cell development","2/80","218/6213",0.00917431192660551,0.7125,-0.493509749527268,0.777518296722964,0.847708737214625,0.809482158898579,"XLOC-008889#CATZ-BOVIN#P05689/XLOC-002354#DAB2P-MOUSE#Q3UHC7",2
"GO:0010970","GO:0010970","transport along microtubule","1/80","115/6213",0.00869565217391304,0.675326086956522,-0.401353301779275,0.777830997843894,0.847708737214625,0.809482158898579,"gene-evm.model.ptg000004l.110#SODC-ONCVO#P24706",1
"GO:0099111","GO:0099111","microtubule-based transport","1/80","115/6213",0.00869565217391304,0.675326086956522,-0.401353301779275,0.777830997843894,0.847708737214625,0.809482158898579,"gene-evm.model.ptg000004l.110#SODC-ONCVO#P24706",1
"GO:1904062","GO:1904062","regulation of monoatomic cation transmembrane transport","1/80","116/6213",0.00862068965517241,0.669504310344828,-0.4103561358034,0.780745645297565,0.850499337870636,0.812146920206896,"XLOC-022444#SNTB1-HUMAN#Q13884",1
"GO:0005215","GO:0005215","transporter activity","5/80","499/6213",0.0100200400801603,0.778181362725451,-0.59006848823221,0.781252343120816,0.850665515945693,0.812305604647735,"gene-evm.model.ptg000005l.755#RBP-CHICK#P02752/XLOC-022444#SNTB1-HUMAN#Q13884/XLOC-003485#CTNS-HUMAN#O60931/XLOC-013451#S38A2-CHICK#Q5F468/gene-evm.model.ptg000003l.459#ZNT1-MACFA#Q4R6K2",5
"GO:0005813","GO:0005813","centrosome","3/80","317/6213",0.00946372239747634,0.734976340694006,-0.553171471809235,0.783127124740167,0.852087510233019,0.813663475523795,"gene-evm.model.ptg000022l.488#RBGP1-MOUSE#A2AWA9/XLOC-026157#AP2D-HUMAN#Q7Z6R9/XLOC-011359#CROCC-HUMAN#Q5TZA2",3
"GO:0009260","GO:0009260","ribonucleotide biosynthetic process","1/80","117/6213",0.00854700854700855,0.663782051282051,-0.419291038720588,0.783622527104387,0.852087510233019,0.813663475523795,"novel-gene-chr4-9990#ACOD-SHEEP#O62849",1
"GO:0051963","GO:0051963","regulation of synapse assembly","1/80","117/6213",0.00854700854700855,0.663782051282051,-0.419291038720588,0.783622527104387,0.852087510233019,0.813663475523795,"XLOC-022444#SNTB1-HUMAN#Q13884",1
"GO:0007163","GO:0007163","establishment or maintenance of cell polarity","2/80","223/6213",0.00896860986547085,0.69652466367713,-0.527092281201361,0.788279483564394,0.856763492996233,0.818128599517416,"novel-gene-chr14-11626#novel-gene-chr14-11626/XLOC-002903#FZD1-XENLA#Q9I9M5",2
"GO:0070482","GO:0070482","response to oxygen levels","2/80","224/6213",0.00892857142857143,0.693415178571429,-0.533730150750548,0.790376858935734,0.858510548626768,0.819796873420276,"gene-evm.model.ptg000005l.77#PLOD1-CHICK#P24802/novel-gene-chr14-11626#novel-gene-chr14-11626",2
"GO:0007424","GO:0007424","open tracheal system development","1/80","120/6213",0.00833333333333333,0.6471875,-0.44570061387038,0.792031380415036,0.858510548626768,0.819796873420276,"XLOC-002903#FZD1-XENLA#Q9I9M5",1
"GO:0010927","GO:0010927","cellular component assembly involved in morphogenesis","1/80","120/6213",0.00833333333333333,0.6471875,-0.44570061387038,0.792031380415036,0.858510548626768,0.819796873420276,"XLOC-022444#SNTB1-HUMAN#Q13884",1
"GO:0032838","GO:0032838","plasma membrane bounded cell projection cytoplasm","1/80","120/6213",0.00833333333333333,0.6471875,-0.44570061387038,0.792031380415036,0.858510548626768,0.819796873420276,"gene-evm.model.ptg000004l.110#SODC-ONCVO#P24706",1
"GO:0045785","GO:0045785","positive regulation of cell adhesion","1/80","120/6213",0.00833333333333333,0.6471875,-0.44570061387038,0.792031380415036,0.858510548626768,0.819796873420276,"gene-evm.model.ptg000018l.1280#NCK2-HUMAN#O43639",1
"GO:0046390","GO:0046390","ribose phosphate biosynthetic process","1/80","120/6213",0.00833333333333333,0.6471875,-0.44570061387038,0.792031380415036,0.858510548626768,0.819796873420276,"novel-gene-chr4-9990#ACOD-SHEEP#O62849",1
"GO:0051656","GO:0051656","establishment of organelle localization","3/80","323/6213",0.00928792569659443,0.721323529411765,-0.587446269274118,0.793885102356889,0.859918132787614,0.821140983980109,"XLOC-008889#CATZ-BOVIN#P05689/XLOC-015621#TPC12-MOUSE#Q8K2L8/XLOC-011359#CROCC-HUMAN#Q5TZA2",3
"GO:0061136","GO:0061136","regulation of proteasomal protein catabolic process","1/80","121/6213",0.00826446280991736,0.641838842975207,-0.454376076214741,0.794761971185888,0.859918132787614,0.821140983980109,"XLOC-002354#DAB2P-MOUSE#Q3UHC7",1
"GO:0072522","GO:0072522","purine-containing compound biosynthetic process","1/80","121/6213",0.00826446280991736,0.641838842975207,-0.454376076214741,0.794761971185888,0.859918132787614,0.821140983980109,"novel-gene-chr4-9990#ACOD-SHEEP#O62849",1
"GO:0098562","GO:0098562","cytoplasmic side of membrane","1/80","121/6213",0.00826446280991736,0.641838842975207,-0.454376076214741,0.794761971185888,0.859918132787614,0.821140983980109,"XLOC-002354#DAB2P-MOUSE#Q3UHC7",1
"GO:0061024","GO:0061024","membrane organization","4/80","418/6213",0.00956937799043062,0.743181818181818,-0.620885363973114,0.796258595699641,0.861149548343331,0.822316870082001,"gene-evm.model.ptg000004l.110#SODC-ONCVO#P24706/XLOC-008889#CATZ-BOVIN#P05689/XLOC-015778#STPG1-XENLA#Q3KQ80/XLOC-007156#KALRN-MOUSE#A2CG49",4
"GO:0016241","GO:0016241","regulation of macroautophagy","1/80","123/6213",0.00813008130081301,0.63140243902439,-0.471542238926783,0.80011737669465,0.864933365805827,0.825930060077522,"XLOC-012867#MLP3A-BOVIN#Q2HJ23",1
"GO:0005802","GO:0005802","trans-Golgi network","1/80","124/6213",0.00806451612903226,0.626310483870968,-0.48003511117617,0.802743092600139,0.865823488291663,0.826780043379435,"gene-evm.model.ptg000005l.77#PLOD1-CHICK#P24802",1
"GO:0007088","GO:0007088","regulation of mitotic nuclear division","1/80","124/6213",0.00806451612903226,0.626310483870968,-0.48003511117617,0.802743092600139,0.865823488291663,0.826780043379435,"novel-gene-chr14-11626#novel-gene-chr14-11626",1
"GO:0030705","GO:0030705","cytoskeleton-dependent intracellular transport","1/80","124/6213",0.00806451612903226,0.626310483870968,-0.48003511117617,0.802743092600139,0.865823488291663,0.826780043379435,"gene-evm.model.ptg000004l.110#SODC-ONCVO#P24706",1
"GO:0048511","GO:0048511","rhythmic process","1/80","124/6213",0.00806451612903226,0.626310483870968,-0.48003511117617,0.802743092600139,0.865823488291663,0.826780043379435,"novel-gene-chr14-11626#novel-gene-chr14-11626",1
"GO:0070382","GO:0070382","exocytic vesicle","1/80","124/6213",0.00806451612903226,0.626310483870968,-0.48003511117617,0.802743092600139,0.865823488291663,0.826780043379435,"XLOC-000920#RB6I2-RAT#Q811U3",1
"GO:0055086","GO:0055086","nucleobase-containing small molecule metabolic process","4/80","423/6213",0.00945626477541371,0.734397163120567,-0.646231086893171,0.803929250040319,0.86628484104157,0.827220591888155,"novel-gene-chr4-9990#ACOD-SHEEP#O62849/gene-evm.model.ptg000005l.77#PLOD1-CHICK#P24802/XLOC-003485#CTNS-HUMAN#O60931/XLOC-010474#SDHF2-CULQU#B0XK69",4
"GO:0004518","GO:0004518","nuclease activity","1/80","125/6213",0.008,0.6213,-0.488469244501898,0.805334741900843,0.86628484104157,0.827220591888155,"XLOC-004982#ENDOU-XENTR#B1H3D5",1
"GO:0010876","GO:0010876","lipid localization","1/80","125/6213",0.008,0.6213,-0.488469244501898,0.805334741900843,0.86628484104157,0.827220591888155,"XLOC-002962#LIPP-ICTTR#O88354",1
"GO:0048599","GO:0048599","oocyte development","1/80","125/6213",0.008,0.6213,-0.488469244501898,0.805334741900843,0.86628484104157,0.827220591888155,"XLOC-000223#BMP1-MOUSE#P98063",1
"GO:0060491","GO:0060491","regulation of cell projection assembly","1/80","125/6213",0.008,0.6213,-0.488469244501898,0.805334741900843,0.86628484104157,0.827220591888155,"XLOC-011359#CROCC-HUMAN#Q5TZA2",1
"GO:0120032","GO:0120032","regulation of plasma membrane bounded cell projection assembly","1/80","125/6213",0.008,0.6213,-0.488469244501898,0.805334741900843,0.86628484104157,0.827220591888155,"XLOC-011359#CROCC-HUMAN#Q5TZA2",1
"GO:0044283","GO:0044283","small molecule biosynthetic process","3/80","330/6213",0.00909090909090909,0.706022727272727,-0.626751723639916,0.805881684439304,0.866485141460702,0.827411859960064,"novel-gene-chr4-9990#ACOD-SHEEP#O62849/gene-evm.model.ptg000005l.77#PLOD1-CHICK#P24802/XLOC-025017#CP3AO-SHEEP#Q29496",3
"GO:0007368","GO:0007368","determination of left/right symmetry","1/80","126/6213",0.00793650793650794,0.616369047619048,-0.496845655152059,0.807892761061147,0.867870488402896,0.828734736066397,"XLOC-001851#TBX20-MOUSE#Q9ES03",1
"GO:0016032","GO:0016032","viral process","1/80","126/6213",0.00793650793650794,0.616369047619048,-0.496845655152059,0.807892761061147,0.867870488402896,0.828734736066397,"XLOC-020938#SPB6-MOUSE#Q60854",1
"GO:0051961","GO:0051961","negative regulation of nervous system development","2/80","233/6213",0.00858369098712446,0.666630901287554,-0.592348024079797,0.808454912344847,0.868086141909845,0.828940664893971,"XLOC-008889#CATZ-BOVIN#P05689/XLOC-002354#DAB2P-MOUSE#Q3UHC7",2
"GO:0006457","GO:0006457","protein folding","1/80","127/6213",0.0078740157480315,0.611515748031496,-0.505165333201112,0.810417581024201,0.868984835215239,0.8297988325229,"XLOC-006516#FKBP9-BOVIN#Q2KJC8",1
"GO:0016757","GO:0016757","glycosyltransferase activity","1/80","127/6213",0.0078740157480315,0.611515748031496,-0.505165333201112,0.810417581024201,0.868984835215239,0.8297988325229,"gene-evm.model.ptg000005l.77#PLOD1-CHICK#P24802",1
"GO:0043434","GO:0043434","response to peptide hormone","2/80","235/6213",0.00851063829787234,0.660957446808511,-0.605110125720097,0.81228195518425,0.868984835215239,0.8297988325229,"XLOC-002962#LIPP-ICTTR#O88354/XLOC-002903#FZD1-XENLA#Q9I9M5",2
"GO:0051051","GO:0051051","negative regulation of transport","2/80","235/6213",0.00851063829787234,0.660957446808511,-0.605110125720097,0.81228195518425,0.868984835215239,0.8297988325229,"XLOC-022444#SNTB1-HUMAN#Q13884/XLOC-007156#KALRN-MOUSE#A2CG49",2
"GO:1901990","GO:1901990","regulation of mitotic cell cycle phase transition","2/80","235/6213",0.00851063829787234,0.660957446808511,-0.605110125720097,0.81228195518425,0.868984835215239,0.8297988325229,"XLOC-020780#ANM2-HUMAN#P55345/novel-gene-chr14-11626#novel-gene-chr14-11626",2
"GO:0000075","GO:0000075","cell cycle checkpoint signaling","1/80","128/6213",0.0078125,0.60673828125,-0.513429243434687,0.812909627280866,0.868984835215239,0.8297988325229,"novel-gene-chr14-11626#novel-gene-chr14-11626",1
"GO:0045931","GO:0045931","positive regulation of mitotic cell cycle","1/80","128/6213",0.0078125,0.60673828125,-0.513429243434687,0.812909627280866,0.868984835215239,0.8297988325229,"novel-gene-chr14-11626#novel-gene-chr14-11626",1
"GO:0071478","GO:0071478","cellular response to radiation","1/80","128/6213",0.0078125,0.60673828125,-0.513429243434687,0.812909627280866,0.868984835215239,0.8297988325229,"novel-gene-chr14-11626#novel-gene-chr14-11626",1
"GO:1990778","GO:1990778","protein localization to cell periphery","1/80","128/6213",0.0078125,0.60673828125,-0.513429243434687,0.812909627280866,0.868984835215239,0.8297988325229,"XLOC-007156#KALRN-MOUSE#A2CG49",1
"GO:2001252","GO:2001252","positive regulation of chromosome organization","1/80","128/6213",0.0078125,0.60673828125,-0.513429243434687,0.812909627280866,0.868984835215239,0.8297988325229,"novel-gene-chr14-11626#novel-gene-chr14-11626",1
"GO:0003779","GO:0003779","actin binding","1/80","129/6213",0.00775193798449612,0.60203488372093,-0.521638326197598,0.815369319937815,0.871226470858822,0.831939383847396,"XLOC-011359#CROCC-HUMAN#Q5TZA2",1
"GO:0000209","GO:0000209","protein polyubiquitination","1/80","130/6213",0.00769230769230769,0.597403846153846,-0.529793498206891,0.817797073784786,0.872655962341651,0.833304413840421,"gene-evm.model.ptg000004l.110#SODC-ONCVO#P24706",1
"GO:0032388","GO:0032388","positive regulation of intracellular transport","1/80","130/6213",0.00769230769230769,0.597403846153846,-0.529793498206891,0.817797073784786,0.872655962341651,0.833304413840421,"novel-gene-chr14-11626#novel-gene-chr14-11626",1
"GO:0048872","GO:0048872","homeostasis of number of cells","1/80","130/6213",0.00769230769230769,0.597403846153846,-0.529793498206891,0.817797073784786,0.872655962341651,0.833304413840421,"gene-evm.model.ptg000004l.110#SODC-ONCVO#P24706",1
"GO:0030425","GO:0030425","dendrite","3/80","341/6213",0.00879765395894428,0.68324780058651,-0.687112801466934,0.823565741825135,0.878421364060379,0.838809830530508,"gene-evm.model.ptg000004l.110#SODC-ONCVO#P24706/XLOC-013451#S38A2-CHICK#Q5F468/XLOC-002354#DAB2P-MOUSE#Q3UHC7",3
"GO:0009948","GO:0009948","anterior/posterior axis specification","1/80","133/6213",0.0075187969924812,0.583928571428571,-0.553944378622012,0.824892771998543,0.878942947217801,0.839307893416709,"XLOC-000223#BMP1-MOUSE#P98063",1
"GO:0097447","GO:0097447","dendritic tree","3/80","342/6213",0.0087719298245614,0.68125,-0.692518597730974,0.825104538577575,0.878942947217801,0.839307893416709,"gene-evm.model.ptg000004l.110#SODC-ONCVO#P24706/XLOC-013451#S38A2-CHICK#Q5F468/XLOC-002354#DAB2P-MOUSE#Q3UHC7",3
"GO:0045860","GO:0045860","positive regulation of protein kinase activity","2/80","242/6213",0.00826446280991736,0.641838842975207,-0.649063020411506,0.825152517059176,0.878942947217801,0.839307893416709,"gene-evm.model.ptg000004l.110#SODC-ONCVO#P24706/XLOC-002354#DAB2P-MOUSE#Q3UHC7",2
"GO:1902275","GO:1902275","regulation of chromatin organization","1/80","135/6213",0.00740740740740741,0.575277777777778,-0.569791223747176,0.829470914627242,0.882759918889958,0.84295274256594,"novel-gene-chr14-11626#novel-gene-chr14-11626",1
"GO:1903050","GO:1903050","regulation of proteolysis involved in protein catabolic process","1/80","135/6213",0.00740740740740741,0.575277777777778,-0.569791223747176,0.829470914627242,0.882759918889958,0.84295274256594,"XLOC-002354#DAB2P-MOUSE#Q3UHC7",1
"GO:0045787","GO:0045787","positive regulation of cell cycle","2/80","245/6213",0.00816326530612245,0.633979591836735,-0.667572088933043,0.830425527084247,0.883384462381028,0.843549122892441,"novel-gene-chr14-11626#novel-gene-chr14-11626/XLOC-002354#DAB2P-MOUSE#Q3UHC7",2
"GO:0009994","GO:0009994","oocyte differentiation","1/80","136/6213",0.00735294117647059,0.571047794117647,-0.577640953523982,0.831715456718361,0.884364996475212,0.84448544078158,"XLOC-000223#BMP1-MOUSE#P98063",1
"GO:0000165","GO:0000165","MAPK cascade","1/80","137/6213",0.0072992700729927,0.566879562043796,-0.585442589684944,0.833930820131646,0.885544575577459,0.845611827943067,"XLOC-002354#DAB2P-MOUSE#Q3UHC7",1
"GO:0006914","GO:0006914","autophagy","1/80","137/6213",0.0072992700729927,0.566879562043796,-0.585442589684944,0.833930820131646,0.885544575577459,0.845611827943067,"XLOC-012867#MLP3A-BOVIN#Q2HJ23",1
"GO:0061919","GO:0061919","process utilizing autophagic mechanism","1/80","137/6213",0.0072992700729927,0.566879562043796,-0.585442589684944,0.833930820131646,0.885544575577459,0.845611827943067,"XLOC-012867#MLP3A-BOVIN#Q2HJ23",1
"GO:0009314","GO:0009314","response to radiation","3/80","349/6213",0.00859598853868195,0.667585959885387,-0.729994059674714,0.835564119763877,0.885908224714378,0.845959078685582,"XLOC-003485#CTNS-HUMAN#O60931/novel-gene-chr14-11626#novel-gene-chr14-11626/XLOC-002354#DAB2P-MOUSE#Q3UHC7",3
"GO:0010631","GO:0010631","epithelial cell migration","1/80","138/6213",0.0072463768115942,0.562771739130435,-0.59319688551849,0.836117379445252,0.885908224714378,0.845959078685582,"XLOC-002903#FZD1-XENLA#Q9I9M5",1
"GO:0030139","GO:0030139","endocytic vesicle","1/80","138/6213",0.0072463768115942,0.562771739130435,-0.59319688551849,0.836117379445252,0.885908224714378,0.845959078685582,"XLOC-002354#DAB2P-MOUSE#Q3UHC7",1
"GO:0034765","GO:0034765","regulation of monoatomic ion transmembrane transport","1/80","138/6213",0.0072463768115942,0.562771739130435,-0.59319688551849,0.836117379445252,0.885908224714378,0.845959078685582,"XLOC-022444#SNTB1-HUMAN#Q13884",1
"GO:0045732","GO:0045732","positive regulation of protein catabolic process","1/80","138/6213",0.0072463768115942,0.562771739130435,-0.59319688551849,0.836117379445252,0.885908224714378,0.845959078685582,"XLOC-002354#DAB2P-MOUSE#Q3UHC7",1
"GO:0009117","GO:0009117","nucleotide metabolic process","3/80","351/6213",0.00854700854700855,0.663782051282051,-0.740586481100747,0.838453888437582,0.887992169324106,0.8479490498958,"novel-gene-chr4-9990#ACOD-SHEEP#O62849/XLOC-003485#CTNS-HUMAN#O60931/XLOC-010474#SDHF2-CULQU#B0XK69",3
"GO:0005743","GO:0005743","mitochondrial inner membrane","2/80","250/6213",0.008,0.6213,-0.698002759320337,0.838900941627065,0.888074068659414,0.848027256062432,"XLOC-008866#MCUR1-MOUSE#Q9CXD6/XLOC-010359#IMP1L-HUMAN#Q96LU5",2
"GO:0090132","GO:0090132","epithelium migration","1/80","140/6213",0.00714285714285714,0.554732142857143,-0.60856638174058,0.840405560406754,0.88927495863305,0.84917399310286,"XLOC-002903#FZD1-XENLA#Q9I9M5",1
"GO:0010959","GO:0010959","regulation of metal ion transport","1/80","141/6213",0.00709219858156028,0.550797872340426,-0.616183002698201,0.842507907709152,0.891106998818751,0.850923419267303,"XLOC-022444#SNTB1-HUMAN#Q13884",1
"GO:0006753","GO:0006753","nucleoside phosphate metabolic process","3/80","355/6213",0.00845070422535211,0.656302816901408,-0.761622385453444,0.844104652237605,0.892402893782891,0.852160877143135,"novel-gene-chr4-9990#ACOD-SHEEP#O62849/XLOC-003485#CTNS-HUMAN#O60931/XLOC-010474#SDHF2-CULQU#B0XK69",3
"GO:0033674","GO:0033674","positive regulation of kinase activity","2/80","254/6213",0.0078740157480315,0.611515748031496,-0.721984408155051,0.845407488933427,0.893387060456705,0.853100663804356,"gene-evm.model.ptg000004l.110#SODC-ONCVO#P24706/XLOC-002354#DAB2P-MOUSE#Q3UHC7",2
"GO:0006874","GO:0006874","intracellular calcium ion homeostasis","1/80","143/6213",0.00699300699300699,0.543094405594406,-0.631283420479946,0.846630895717987,0.893886996007185,0.853578055260816,"XLOC-008866#MCUR1-MOUSE#Q9CXD6",1
"GO:0051260","GO:0051260","protein homooligomerization","1/80","143/6213",0.00699300699300699,0.543094405594406,-0.631283420479946,0.846630895717987,0.893886996007185,0.853578055260816,"XLOC-010884#QOR-RAT#Q6AYT0",1
"GO:1901987","GO:1901987","regulation of cell cycle phase transition","2/80","255/6213",0.00784313725490196,0.609117647058824,-0.727930873490691,0.846997003710388,0.893886996007185,0.853578055260816,"XLOC-020780#ANM2-HUMAN#P55345/novel-gene-chr14-11626#novel-gene-chr14-11626",2
"GO:0045995","GO:0045995","regulation of embryonic development","1/80","144/6213",0.00694444444444444,0.539322916666667,-0.638768542907331,0.848652234818904,0.894893443362223,0.854539117878208,"XLOC-002903#FZD1-XENLA#Q9I9M5",1
"GO:0051338","GO:0051338","regulation of transferase activity","4/80","456/6213",0.0087719298245614,0.68125,-0.807530128753136,0.848952862128072,0.894893443362223,0.854539117878208,"gene-evm.model.ptg000004l.110#SODC-ONCVO#P24706/XLOC-020938#SPB6-MOUSE#Q60854/gene-evm.model.ptg000018l.1280#NCK2-HUMAN#O43639/XLOC-002354#DAB2P-MOUSE#Q3UHC7",4
"GO:0033044","GO:0033044","regulation of chromosome organization","2/80","257/6213",0.00778210116731518,0.604377431906615,-0.739766242723918,0.850132240454137,0.894893443362223,0.854539117878208,"XLOC-015621#TPC12-MOUSE#Q8K2L8/novel-gene-chr14-11626#novel-gene-chr14-11626",2
"GO:0072657","GO:0072657","protein localization to membrane","2/80","257/6213",0.00778210116731518,0.604377431906615,-0.739766242723918,0.850132240454137,0.894893443362223,0.854539117878208,"XLOC-007156#KALRN-MOUSE#A2CG49/XLOC-002354#DAB2P-MOUSE#Q3UHC7",2
"GO:0002697","GO:0002697","regulation of immune effector process","1/80","145/6213",0.00689655172413793,0.535603448275862,-0.646211133354306,0.850647262206362,0.894893443362223,0.854539117878208,"XLOC-002398#SVEP1-DANRE#A0A1D5NSM8",1
"GO:0050678","GO:0050678","regulation of epithelial cell proliferation","1/80","145/6213",0.00689655172413793,0.535603448275862,-0.646211133354306,0.850647262206362,0.894893443362223,0.854539117878208,"XLOC-002354#DAB2P-MOUSE#Q3UHC7",1
"GO:1901654","GO:1901654","response to ketone","1/80","145/6213",0.00689655172413793,0.535603448275862,-0.646211133354306,0.850647262206362,0.894893443362223,0.854539117878208,"novel-gene-chr14-11626#novel-gene-chr14-11626",1
"GO:0005740","GO:0005740","mitochondrial envelope","3/80","360/6213",0.00833333333333333,0.6471875,-0.787644394574591,0.850931150973904,0.894893443362223,0.854539117878208,"gene-evm.model.ptg000004l.110#SODC-ONCVO#P24706/XLOC-008866#MCUR1-MOUSE#Q9CXD6/XLOC-010359#IMP1L-HUMAN#Q96LU5",3
"GO:0005840","GO:0005840","ribosome","1/80","146/6213",0.00684931506849315,0.531934931506849,-0.653611818168959,0.852616316099489,0.89627325657373,0.855856709791909,"gene-evm.model.ptg000018l.1280#NCK2-HUMAN#O43639",1
"GO:0015980","GO:0015980","energy derivation by oxidation of organic compounds","1/80","147/6213",0.00680272108843537,0.528316326530612,-0.660971209883888,0.854559730424862,0.897314150785384,0.856850665919344,"XLOC-010474#SDHF2-CULQU#B0XK69",1
"GO:0090130","GO:0090130","tissue migration","1/80","147/6213",0.00680272108843537,0.528316326530612,-0.660971209883888,0.854559730424862,0.897314150785384,0.856850665919344,"XLOC-002903#FZD1-XENLA#Q9I9M5",1
"GO:0051259","GO:0051259","protein complex oligomerization","2/80","260/6213",0.00769230769230769,0.597403846153846,-0.757377831221464,0.854727217733955,0.897314150785384,0.856850665919344,"XLOC-010884#QOR-RAT#Q6AYT0/XLOC-015621#TPC12-MOUSE#Q8K2L8",2
"GO:0009101","GO:0009101","glycoprotein biosynthetic process","1/80","148/6213",0.00675675675675676,0.524746621621622,-0.668289907617858,0.856477834870298,0.898759178400373,0.858230531458177,"gene-evm.model.ptg000005l.77#PLOD1-CHICK#P24802",1
"GO:0030135","GO:0030135","coated vesicle","1/80","149/6213",0.00671140939597315,0.521224832214765,-0.675568497463063,0.858370954937961,0.899566768656624,0.859001704238916,"XLOC-008889#CATZ-BOVIN#P05689",1
"GO:0098798","GO:0098798","mitochondrial protein-containing complex","1/80","149/6213",0.00671140939597315,0.521224832214765,-0.675568497463063,0.858370954937961,0.899566768656624,0.859001704238916,"XLOC-010359#IMP1L-HUMAN#Q96LU5",1
"GO:1901605","GO:1901605","alpha-amino acid metabolic process","1/80","149/6213",0.00671140939597315,0.521224832214765,-0.675568497463063,0.858370954937961,0.899566768656624,0.859001704238916,"gene-evm.model.ptg000005l.77#PLOD1-CHICK#P24802",1
"GO:0030036","GO:0030036","actin cytoskeleton organization","2/80","263/6213",0.00760456273764259,0.590589353612167,-0.774823453309988,0.859195291375635,0.900037980760696,0.859451667504078,"XLOC-022444#SNTB1-HUMAN#Q13884/gene-evm.model.ptg000018l.1280#NCK2-HUMAN#O43639",2
"GO:0033157","GO:0033157","regulation of intracellular protein transport","1/80","150/6213",0.00666666666666667,0.51775,-0.68280755285859,0.860239411996827,0.900738913520653,0.860120992401728,"novel-gene-chr14-11626#novel-gene-chr14-11626",1
"GO:0016197","GO:0016197","endosomal transport","1/80","151/6213",0.00662251655629139,0.51432119205298,-0.690007634950692,0.86208352333449,0.902276524204551,0.861589266068503,"XLOC-000920#RB6I2-RAT#Q811U3",1
"GO:0001822","GO:0001822","kidney development","1/80","152/6213",0.00657894736842105,0.5109375,-0.69716929294039,0.863903602208334,0.903787653529799,0.863032252527031,"XLOC-026157#AP2D-HUMAN#Q7Z6R9",1
"GO:0019866","GO:0019866","organelle inner membrane","2/80","268/6213",0.00746268656716418,0.579570895522388,-0.803541802549459,0.866367782702469,0.90557676851668,0.864740689161596,"XLOC-008866#MCUR1-MOUSE#Q9CXD6/XLOC-010359#IMP1L-HUMAN#Q96LU5",2
"GO:1901652","GO:1901652","response to peptide","2/80","268/6213",0.00746268656716418,0.579570895522388,-0.803541802549459,0.866367782702469,0.90557676851668,0.864740689161596,"XLOC-002962#LIPP-ICTTR#O88354/XLOC-002903#FZD1-XENLA#Q9I9M5",2
"GO:0045177","GO:0045177","apical part of cell","2/80","269/6213",0.00743494423791822,0.577416356877323,-0.809233135037835,0.867762072668469,0.906639625293459,0.865755617474231,"XLOC-015776#RET-HUMAN#P07949/gene-evm.model.ptg000003l.459#ZNT1-MACFA#Q4R6K2",2
"GO:0004672","GO:0004672","protein kinase activity","2/80","270/6213",0.00740740740740741,0.575277777777778,-0.814907352562067,0.869143200401068,0.907376343665006,0.866459114267079,"XLOC-015776#RET-HUMAN#P07949/XLOC-007156#KALRN-MOUSE#A2CG49",2
"GO:1903320","GO:1903320","regulation of protein modification by small protein conjugation or removal","1/80","155/6213",0.00645161290322581,0.501048387096774,-0.718429042091123,0.869222717224471,0.907376343665006,0.866459114267079,"XLOC-000920#RB6I2-RAT#Q811U3",1
"GO:0060341","GO:0060341","regulation of cellular localization","4/80","475/6213",0.00842105263157895,0.654,-0.896121436377471,0.870759713534442,0.908585939144105,0.867614164246901,"XLOC-015621#TPC12-MOUSE#Q8K2L8/XLOC-007156#KALRN-MOUSE#A2CG49/XLOC-011359#CROCC-HUMAN#Q5TZA2/novel-gene-chr14-11626#novel-gene-chr14-11626",4
"GO:0051783","GO:0051783","regulation of nuclear division","1/80","157/6213",0.00636942675159236,0.494665605095541,-0.732419648533995,0.872654197829033,0.910167339637576,0.86912425306555,"novel-gene-chr14-11626#novel-gene-chr14-11626",1
"GO:0003682","GO:0003682","chromatin binding","2/80","275/6213",0.00727272727272727,0.564818181818182,-0.843026501320258,0.875854970985905,0.912507336153167,0.871358729776831,"XLOC-026157#AP2D-HUMAN#Q7Z6R9/novel-gene-chr14-11626#novel-gene-chr14-11626",2
"GO:0098813","GO:0098813","nuclear chromosome segregation","1/80","159/6213",0.00628930817610063,0.488443396226415,-0.746268798165098,0.875996735674911,0.912507336153167,0.871358729776831,"XLOC-015621#TPC12-MOUSE#Q8K2L8",1
"GO:1901701","GO:1901701","cellular response to oxygen-containing compound","4/80","480/6213",0.00833333333333333,0.6471875,-0.918962619647945,0.876037434291924,0.912507336153167,0.871358729776831,"gene-evm.model.ptg000004l.110#SODC-ONCVO#P24706/XLOC-012867#MLP3A-BOVIN#Q2HJ23/XLOC-002903#FZD1-XENLA#Q9I9M5/XLOC-002354#DAB2P-MOUSE#Q3UHC7",4
"GO:0009165","GO:0009165","nucleotide biosynthetic process","1/80","160/6213",0.00625,0.485390625,-0.753141506696715,0.877635364869825,0.91377552943967,0.872569735154495,"novel-gene-chr4-9990#ACOD-SHEEP#O62849",1
"GO:0008610","GO:0008610","lipid biosynthetic process","2/80","279/6213",0.00716845878136201,0.556720430107527,-0.865227433624777,0.880997787646677,0.916878980037833,0.875533238749479,"novel-gene-chr4-9990#ACOD-SHEEP#O62849/XLOC-025017#CP3AO-SHEEP#Q29496",2
"GO:0009725","GO:0009725","response to hormone","4/80","486/6213",0.00823045267489712,0.639197530864198,-0.946124478164952,0.882128949295681,0.917568193886144,0.876191373188092,"gene-evm.model.ptg000005l.77#PLOD1-CHICK#P24802/XLOC-002962#LIPP-ICTTR#O88354/novel-gene-chr14-11626#novel-gene-chr14-11626/XLOC-002903#FZD1-XENLA#Q9I9M5",4
"GO:1901293","GO:1901293","nucleoside phosphate biosynthetic process","1/80","163/6213",0.00613496932515337,0.476457055214724,-0.773557606589608,0.882424033254368,0.917568193886144,0.876191373188092,"novel-gene-chr4-9990#ACOD-SHEEP#O62849",1
"GO:0051650","GO:0051650","establishment of vesicle localization","1/80","164/6213",0.00609756097560976,0.473551829268293,-0.780297090241127,0.883978756781583,0.9187870938076,0.877355308035742,"XLOC-008889#CATZ-BOVIN#P05689",1
"GO:0031503","GO:0031503","protein-containing complex localization","1/80","165/6213",0.00606060606060606,0.470681818181818,-0.787004340491342,0.885513175604111,0.919586099351957,0.878118283223592,"XLOC-007156#KALRN-MOUSE#A2CG49",1
"GO:0046873","GO:0046873","metal ion transmembrane transporter activity","1/80","165/6213",0.00606060606060606,0.470681818181818,-0.787004340491342,0.885513175604111,0.919586099351957,0.878118283223592,"gene-evm.model.ptg000003l.459#ZNT1-MACFA#Q4R6K2",1
"GO:0009895","GO:0009895","negative regulation of catabolic process","1/80","166/6213",0.00602409638554217,0.467846385542169,-0.793679769833486,0.887027551588184,0.920760665045298,0.879239883050836,"XLOC-002354#DAB2P-MOUSE#Q3UHC7",1
"GO:0000785","GO:0000785","chromatin","2/80","286/6213",0.00699300699300699,0.543094405594406,-0.903475257000379,0.889533332658633,0.922647081792197,0.881041233719793,"XLOC-025616#ELL2-MOUSE#Q3UKU1/novel-gene-chr14-11626#novel-gene-chr14-11626",2
"GO:0051648","GO:0051648","vesicle localization","1/80","168/6213",0.00595238095238095,0.462276785714286,-0.80693677624877,0.88999720587532,0.922647081792197,0.881041233719793,"XLOC-008889#CATZ-BOVIN#P05689",1
"GO:0071375","GO:0071375","cellular response to peptide hormone stimulus","1/80","168/6213",0.00595238095238095,0.462276785714286,-0.80693677624877,0.88999720587532,0.922647081792197,0.881041233719793,"XLOC-002903#FZD1-XENLA#Q9I9M5",1
"GO:1903311","GO:1903311","regulation of mRNA metabolic process","1/80","171/6213",0.00584795321637427,0.454166666666667,-0.826593495262151,0.894307723167815,0.926715768355949,0.884926446929144,"XLOC-019521#TISB-HUMAN#Q07352",1
"GO:0005815","GO:0005815","microtubule organizing center","3/80","404/6213",0.00742574257425743,0.576701732673267,-1.00487194142807,0.90069861518302,0.932935779935151,0.890865973302377,"gene-evm.model.ptg000022l.488#RBGP1-MOUSE#A2AWA9/XLOC-026157#AP2D-HUMAN#Q7Z6R9/XLOC-011359#CROCC-HUMAN#Q5TZA2",3
"GO:0048471","GO:0048471","perinuclear region of cytoplasm","3/80","410/6213",0.00731707317073171,0.568262195121951,-1.03302291852181,0.906200913577111,0.937890735484121,0.895597490082782,"gene-evm.model.ptg000005l.77#PLOD1-CHICK#P24802/XLOC-007156#KALRN-MOUSE#A2CG49/XLOC-024417#HEPHL-ACRMI#B3EWZ9",3
"GO:0061695","GO:0061695","transferase complex, transferring phosphorus-containing groups","1/80","180/6213",0.00555555555555556,0.431458333333333,-0.884007852642071,0.906263279374957,0.937890735484121,0.895597490082782,"XLOC-000920#RB6I2-RAT#Q811U3",1
"GO:0005911","GO:0005911","cell-cell junction","1/80","183/6213",0.00546448087431694,0.424385245901639,-0.902657594996619,0.909943611963115,0.940483888096128,0.898073707069312,"gene-evm.model.ptg000018l.1280#NCK2-HUMAN#O43639",1
"GO:0048469","GO:0048469","cell maturation","1/80","183/6213",0.00546448087431694,0.424385245901639,-0.902657594996619,0.909943611963115,0.940483888096128,0.898073707069312,"XLOC-000223#BMP1-MOUSE#P98063",1
"GO:0098797","GO:0098797","plasma membrane protein complex","1/80","183/6213",0.00546448087431694,0.424385245901639,-0.902657594996619,0.909943611963115,0.940483888096128,0.898073707069312,"XLOC-022444#SNTB1-HUMAN#Q13884",1
"GO:0072001","GO:0072001","renal system development","1/80","184/6213",0.00543478260869565,0.422078804347826,-0.908822618428879,0.911138389913853,0.941313725837882,0.89886612410743,"XLOC-026157#AP2D-HUMAN#Q7Z6R9",1
"GO:0032870","GO:0032870","cellular response to hormone stimulus","2/80","307/6213",0.00651465798045603,0.505944625407166,-1.01396351731361,0.911889735593758,0.941684929018146,0.899220588251256,"gene-evm.model.ptg000005l.77#PLOD1-CHICK#P24802/XLOC-002903#FZD1-XENLA#Q9I9M5",2
"GO:0062012","GO:0062012","regulation of small molecule metabolic process","1/80","187/6213",0.0053475935828877,0.415307486631016,-0.927167088774865,0.914629598039953,0.943038768112098,0.900513377324274,"gene-evm.model.ptg000004l.110#SODC-ONCVO#P24706",1
"GO:1901653","GO:1901653","cellular response to peptide","1/80","187/6213",0.0053475935828877,0.415307486631016,-0.927167088774865,0.914629598039953,0.943038768112098,0.900513377324274,"XLOC-002903#FZD1-XENLA#Q9I9M5",1
"GO:0043604","GO:0043604","amide biosynthetic process","2/80","310/6213",0.00645161290322581,0.501048387096774,-1.02926480077028,0.914718991123071,0.943038768112098,0.900513377324274,"novel-gene-chr4-9990#ACOD-SHEEP#O62849/XLOC-015811#TSAP1-HUMAN#Q9NX07",2
"GO:0005789","GO:0005789","endoplasmic reticulum membrane","3/80","420/6213",0.00714285714285714,0.554732142857143,-1.0792410633701,0.914771161407655,0.943038768112098,0.900513377324274,"novel-gene-chr4-9990#ACOD-SHEEP#O62849/gene-evm.model.ptg000005l.77#PLOD1-CHICK#P24802/XLOC-025017#CP3AO-SHEEP#Q29496",3
"GO:0004842","GO:0004842","ubiquitin-protein transferase activity","1/80","189/6213",0.00529100529100529,0.410912698412698,-0.939274033530846,0.91688145896761,0.944403629691338,0.901816691834622,"gene-evm.model.ptg000004l.110#SODC-ONCVO#P24706",1
"GO:0007059","GO:0007059","chromosome segregation","1/80","189/6213",0.00529100529100529,0.410912698412698,-0.939274033530846,0.91688145896761,0.944403629691338,0.901816691834622,"XLOC-015621#TPC12-MOUSE#Q8K2L8",1
"GO:0016324","GO:0016324","apical plasma membrane","1/80","191/6213",0.00523560209424084,0.406609947643979,-0.95128534044295,0.919074644453647,0.946256877830115,0.903586369600693,"gene-evm.model.ptg000003l.459#ZNT1-MACFA#Q4R6K2",1
"GO:0098827","GO:0098827","endoplasmic reticulum subcompartment","3/80","427/6213",0.00702576112412178,0.545638173302108,-1.11109397968247,0.92034689845604,0.946832698403121,0.904136224120427,"novel-gene-chr4-9990#ACOD-SHEEP#O62849/gene-evm.model.ptg000005l.77#PLOD1-CHICK#P24802/XLOC-025017#CP3AO-SHEEP#Q29496",3
"GO:0030029","GO:0030029","actin filament-based process","2/80","317/6213",0.00630914826498423,0.489984227129337,-1.06453203636076,0.920996952365081,0.946832698403121,0.904136224120427,"XLOC-022444#SNTB1-HUMAN#Q13884/gene-evm.model.ptg000018l.1280#NCK2-HUMAN#O43639",2
"GO:0016607","GO:0016607","nuclear speck","1/80","193/6213",0.00518134715025907,0.402396373056995,-0.963203092249352,0.921210664516276,0.946832698403121,0.904136224120427,"XLOC-025616#ELL2-MOUSE#Q3UKU1",1
"GO:0034762","GO:0034762","regulation of transmembrane transport","1/80","193/6213",0.00518134715025907,0.402396373056995,-0.963203092249352,0.921210664516276,0.946832698403121,0.904136224120427,"XLOC-022444#SNTB1-HUMAN#Q13884",1
"GO:0051640","GO:0051640","organelle localization","3/80","429/6213",0.00699300699300699,0.543094405594406,-1.12012170880857,0.921878725096621,0.947098329498684,0.904389876847203,"XLOC-008889#CATZ-BOVIN#P05689/XLOC-015621#TPC12-MOUSE#Q8K2L8/XLOC-011359#CROCC-HUMAN#Q5TZA2",3
"GO:0043161","GO:0043161","proteasome-mediated ubiquitin-dependent protein catabolic process","1/80","194/6213",0.00515463917525773,0.400322164948454,-0.96912751711893,0.922257698874864,0.947098329498684,0.904389876847203,"gene-evm.model.ptg000004l.110#SODC-ONCVO#P24706",1
"GO:0031625","GO:0031625","ubiquitin protein ligase binding","1/80","195/6213",0.00512820512820513,0.398269230769231,-0.975029303508398,0.923290990798773,0.947262298516589,0.904546451846114,"XLOC-012867#MLP3A-BOVIN#Q2HJ23",1
"GO:0042175","GO:0042175","nuclear outer membrane-endoplasmic reticulum membrane network","3/80","432/6213",0.00694444444444444,0.539322916666667,-1.13360364047466,0.924126876621397,0.947262298516589,0.904546451846114,"novel-gene-chr4-9990#ACOD-SHEEP#O62849/gene-evm.model.ptg000005l.77#PLOD1-CHICK#P24802/XLOC-025017#CP3AO-SHEEP#Q29496",3
"GO:0006605","GO:0006605","protein targeting","1/80","196/6213",0.00510204081632653,0.396237244897959,-0.980908693068276,0.924310718405303,0.947262298516589,0.904546451846114,"XLOC-010359#IMP1L-HUMAN#Q96LU5",1
"GO:0006644","GO:0006644","phospholipid metabolic process","1/80","196/6213",0.00510204081632653,0.396237244897959,-0.980908693068276,0.924310718405303,0.947262298516589,0.904546451846114,"XLOC-002962#LIPP-ICTTR#O88354",1
"GO:0006325","GO:0006325","chromatin organization","2/80","321/6213",0.00623052959501558,0.483878504672897,-1.08441952548517,0.924389187228511,0.947262298516589,0.904546451846114,"XLOC-020780#ANM2-HUMAN#P55345/novel-gene-chr14-11626#novel-gene-chr14-11626",2
"GO:1902532","GO:1902532","negative regulation of intracellular signal transduction","2/80","323/6213",0.00619195046439629,0.480882352941177,-1.09429305041564,0.926034111768762,0.948428226054229,0.905659803046656,"XLOC-020938#SPB6-MOUSE#Q60854/XLOC-002354#DAB2P-MOUSE#Q3UHC7",2
"GO:0010564","GO:0010564","regulation of cell cycle process","3/80","435/6213",0.00689655172413793,0.535603448275862,-1.1470149559777,0.926316660417661,0.948428226054229,0.905659803046656,"XLOC-020780#ANM2-HUMAN#P55345/novel-gene-chr14-11626#novel-gene-chr14-11626/XLOC-002354#DAB2P-MOUSE#Q3UHC7",3
"GO:0019787","GO:0019787","ubiquitin-like protein transferase activity","1/80","201/6213",0.00497512437810945,0.386380597014925,-1.00997787772989,0.929211967828619,0.950987280240453,0.908103459241836,"gene-evm.model.ptg000004l.110#SODC-ONCVO#P24706",1
"GO:0042176","GO:0042176","regulation of protein catabolic process","1/80","202/6213",0.00495049504950495,0.384467821782178,-1.01572774823986,0.930153924344538,0.951140794497906,0.90825005092727,"XLOC-002354#DAB2P-MOUSE#Q3UHC7",1
"GO:0044389","GO:0044389","ubiquitin-like protein ligase binding","1/80","202/6213",0.00495049504950495,0.384467821782178,-1.01572774823986,0.930153924344538,0.951140794497906,0.90825005092727,"XLOC-012867#MLP3A-BOVIN#Q2HJ23",1
"GO:0031966","GO:0031966","mitochondrial membrane","2/80","331/6213",0.00604229607250755,0.469259818731118,-1.13333340534193,0.932286621849744,0.952462508572339,0.90951216362642,"XLOC-008866#MCUR1-MOUSE#Q9CXD6/XLOC-010359#IMP1L-HUMAN#Q96LU5",2
"GO:0033365","GO:0033365","protein localization to organelle","3/80","444/6213",0.00675675675675676,0.524746621621622,-1.18683586837555,0.932548372599306,0.952462508572339,0.90951216362642,"XLOC-007156#KALRN-MOUSE#A2CG49/XLOC-011359#CROCC-HUMAN#Q5TZA2/XLOC-010359#IMP1L-HUMAN#Q96LU5",3
"GO:0004674","GO:0004674","protein serine/threonine kinase activity","1/80","205/6213",0.0048780487804878,0.378841463414634,-1.03285334728751,0.93290615612066,0.952462508572339,0.90951216362642,"XLOC-007156#KALRN-MOUSE#A2CG49",1
"GO:0016773","GO:0016773","phosphotransferase activity, alcohol group as acceptor","2/80","332/6213",0.00602409638554217,0.467846385542169,-1.13816362867174,0.933032590620614,0.952462508572339,0.90951216362642,"XLOC-015776#RET-HUMAN#P07949/XLOC-007156#KALRN-MOUSE#A2CG49",2
"GO:1901137","GO:1901137","carbohydrate derivative biosynthetic process","2/80","336/6213",0.00595238095238095,0.462276785714286,-1.15737691054216,0.935940468459575,0.955025065947281,0.911959165037524,"novel-gene-chr4-9990#ACOD-SHEEP#O62849/gene-evm.model.ptg000005l.77#PLOD1-CHICK#P24802",2
"GO:0007018","GO:0007018","microtubule-based movement","1/80","210/6213",0.00476190476190476,0.369821428571429,-1.06099501088335,0.93725714616069,0.955585345741946,0.912494179574785,"gene-evm.model.ptg000004l.110#SODC-ONCVO#P24706",1
"GO:0098791","GO:0098791","Golgi apparatus subcompartment","2/80","338/6213",0.00591715976331361,0.459541420118343,-1.1669199509608,0.937349784309499,0.955585345741946,0.912494179574785,"gene-evm.model.ptg000005l.77#PLOD1-CHICK#P24802/XLOC-000920#RB6I2-RAT#Q811U3",2
"GO:0098796","GO:0098796","membrane protein complex","3/80","452/6213",0.00663716814159292,0.51545907079646,-1.22172927993224,0.937683039098155,0.955585345741946,0.912494179574785,"XLOC-022444#SNTB1-HUMAN#Q13884/XLOC-010359#IMP1L-HUMAN#Q96LU5/XLOC-000900#NAS4-CAEEL#P55112",3
"GO:0010498","GO:0010498","proteasomal protein catabolic process","1/80","212/6213",0.00471698113207547,0.366332547169811,-1.07211593915214,0.938918447093105,0.956438553824274,0.913308913091324,"gene-evm.model.ptg000004l.110#SODC-ONCVO#P24706",1
"GO:0016604","GO:0016604","nuclear body","2/80","347/6213",0.00576368876080692,0.447622478386167,-1.20935537699169,0.943340301771339,0.960535567975734,0.917221176484125,"XLOC-025616#ELL2-MOUSE#Q3UKU1/novel-gene-chr14-11626#novel-gene-chr14-11626",2
"GO:0008340","GO:0008340","determination of adult lifespan","1/80","220/6213",0.00454545454545455,0.353011363636364,-1.11586097451277,0.945140209775091,0.961960501643969,0.918581854192651,"XLOC-003461#NFIC-MOUSE#P70255",1
"GO:1901699","GO:1901699","cellular response to nitrogen compound","2/80","351/6213",0.0056980056980057,0.442521367521368,-1.22795686634372,0.945826658128355,0.962251432793016,0.918859666092283,"gene-evm.model.ptg000004l.110#SODC-ONCVO#P24706/XLOC-002903#FZD1-XENLA#Q9I9M5",2
"GO:0021700","GO:0021700","developmental maturation","1/80","226/6213",0.00442477876106195,0.343639380530973,-1.1479324727841,0.949391783238862,0.965469544174322,0.921932659956986,"XLOC-000223#BMP1-MOUSE#P98063",1
"GO:0032386","GO:0032386","regulation of intracellular transport","1/80","236/6213",0.00423728813559322,0.329078389830508,-1.20008052720073,0.955766235064834,0.970752730204936,0.926977605993494,"novel-gene-chr14-11626#novel-gene-chr14-11626",1
"GO:0098793","GO:0098793","presynapse","1/80","236/6213",0.00423728813559322,0.329078389830508,-1.20008052720073,0.955766235064834,0.970752730204936,0.926977605993494,"XLOC-000920#RB6I2-RAT#Q811U3",1
"GO:0016301","GO:0016301","kinase activity","2/80","369/6213",0.00542005420054201,0.420934959349593,-1.30981409804654,0.955799420039414,0.970752730204936,0.926977605993494,"XLOC-015776#RET-HUMAN#P07949/XLOC-007156#KALRN-MOUSE#A2CG49",2
"GO:0006412","GO:0006412","translation","1/80","237/6213",0.00421940928270042,0.327689873417721,-1.20521010988596,0.956358288134068,0.970909809001704,0.927127601478905,"XLOC-015811#TSAP1-HUMAN#Q9NX07",1
"GO:0140098","GO:0140098","catalytic activity, acting on RNA","1/80","238/6213",0.00420168067226891,0.326313025210084,-1.21032473550024,0.956942514531202,0.971092488341338,0.927302043076286,"XLOC-004982#ENDOU-XENTR#B1H3D5",1
"GO:0006091","GO:0006091","generation of precursor metabolites and energy","1/80","239/6213",0.00418410041841004,0.32494769874477,-1.21542453278866,0.957519016428692,0.971267177982145,0.927468855262323,"XLOC-010474#SDHF2-CULQU#B0XK69",1
"GO:0016788","GO:0016788","hydrolase activity, acting on ester bonds","2/80","384/6213",0.00520833333333333,0.4044921875,-1.37587912835024,0.962760566258439,0.976171751858493,0.932152262281282,"XLOC-004982#ENDOU-XENTR#B1H3D5/XLOC-002962#LIPP-ICTTR#O88354",2
"GO:0072594","GO:0072594","establishment of protein localization to organelle","1/80","250/6213",0.004,0.31065,-1.27057882793101,0.963378656333397,0.976386300638321,0.9323571361983,"XLOC-010359#IMP1L-HUMAN#Q96LU5",1
"GO:0044282","GO:0044282","small molecule catabolic process","1/80","251/6213",0.00398406374501992,0.30941235059761,-1.27551014339489,0.963869970687469,0.976472235171362,0.932439195599456,"XLOC-012475#BGAL-FELCA#O19015",1
"GO:0043043","GO:0043043","peptide biosynthetic process","1/80","252/6213",0.00396825396825397,0.308184523809524,-1.2804281612529,0.964354774837922,0.976551504705181,0.932514890552868,"XLOC-015811#TSAP1-HUMAN#Q9NX07",1
"GO:0044782","GO:0044782","cilium organization","1/80","261/6213",0.00383141762452107,0.297557471264368,-1.32410926601765,0.968438751996739,0.980273865274407,0.936069394992302,"XLOC-011359#CROCC-HUMAN#Q5TZA2",1
"GO:0016567","GO:0016567","protein ubiquitination","1/80","264/6213",0.00378787878787879,0.294176136363636,-1.33844506655673,0.969694562510669,0.981131566617787,0.936888419150777,"gene-evm.model.ptg000004l.110#SODC-ONCVO#P24706",1
"GO:0006511","GO:0006511","ubiquitin-dependent protein catabolic process","1/80","266/6213",0.0037593984962406,0.291964285714286,-1.34794213301936,0.970504222822855,0.981508044139419,0.937247919794817,"gene-evm.model.ptg000004l.110#SODC-ONCVO#P24706",1
"GO:0051301","GO:0051301","cell division","1/80","267/6213",0.00374531835205993,0.290870786516854,-1.3526729021994,0.970901004758986,0.981508044139419,0.937247919794817,"XLOC-002903#FZD1-XENLA#Q9I9M5",1
"GO:0019941","GO:0019941","modification-dependent protein catabolic process","1/80","268/6213",0.00373134328358209,0.289785447761194,-1.357391948904,0.971292514953955,0.981508044139419,0.937247919794817,"gene-evm.model.ptg000004l.110#SODC-ONCVO#P24706",1
"GO:0005759","GO:0005759","mitochondrial matrix","1/80","270/6213",0.0037037037037037,0.287638888888889,-1.3667952293299,0.972059995891052,0.981870525706605,0.937594055617991,"gene-evm.model.ptg000004l.110#SODC-ONCVO#P24706",1
"GO:0000139","GO:0000139","Golgi membrane","1/80","272/6213",0.00367647058823529,0.285523897058824,-1.37615267305081,0.972807208284038,0.982212238040462,0.937920358775655,"XLOC-000920#RB6I2-RAT#Q811U3",1
"GO:0043632","GO:0043632","modification-dependent macromolecule catabolic process","1/80","274/6213",0.00364963503649635,0.283439781021898,-1.38546496295544,0.973534680809982,0.982533740884696,0.938227363770434,"gene-evm.model.ptg000004l.110#SODC-ONCVO#P24706",1
"GO:0006281","GO:0006281","DNA repair","1/80","280/6213",0.00357142857142857,0.277366071428571,-1.41313751066901,0.975603743761762,0.984208396688683,0.939826502644568,"novel-gene-chr14-11626#novel-gene-chr14-11626",1
"GO:0000228","GO:0000228","nuclear chromosome","1/80","283/6213",0.00353356890459364,0.274425795053004,-1.4268290416759,0.976577528934052,0.984363921317496,0.939975014045674,"novel-gene-chr14-11626#novel-gene-chr14-11626",1
"GO:0032446","GO:0032446","protein modification by small protein conjugation","1/80","283/6213",0.00353356890459364,0.274425795053004,-1.4268290416759,0.976577528934052,0.984363921317496,0.939975014045674,"gene-evm.model.ptg000004l.110#SODC-ONCVO#P24706",1
"GO:0007346","GO:0007346","regulation of mitotic cell cycle","2/80","428/6213",0.00467289719626168,0.362908878504673,-1.55989724245111,0.977673837142823,0.98505560269172,0.940635504739584,"XLOC-020780#ANM2-HUMAN#P55345/novel-gene-chr14-11626#novel-gene-chr14-11626",2
"GO:0060627","GO:0060627","regulation of vesicle-mediated transport","1/80","300/6213",0.00333333333333333,0.258875,-1.50270034422619,0.981412705312556,0.98840809985776,0.943836824396363,"gene-evm.model.ptg000022l.488#RBGP1-MOUSE#A2AWA9",1
"GO:0120031","GO:0120031","plasma membrane bounded cell projection assembly","1/80","309/6213",0.00323624595469256,0.251334951456311,-1.5417638501939,0.983558676972003,0.990154208753877,0.945504194256847,"gene-evm.model.ptg000018l.1280#NCK2-HUMAN#O43639",1
"GO:0030031","GO:0030031","cell projection assembly","1/80","316/6213",0.00316455696202532,0.245767405063291,-1.5716560514109,0.985056901821756,0.991044549633358,0.946354386104162,"gene-evm.model.ptg000018l.1280#NCK2-HUMAN#O43639",1
"GO:0016772","GO:0016772","transferase activity, transferring phosphorus-containing groups","2/80","463/6213",0.00431965442764579,0.335475161987041,-1.69743059629162,0.98526826999353,0.991044549633358,0.946354386104162,"XLOC-015776#RET-HUMAN#P07949/XLOC-007156#KALRN-MOUSE#A2CG49",2
"GO:1990234","GO:1990234","transferase complex","2/80","469/6213",0.00426439232409382,0.331183368869936,-1.72032501488521,0.986291751837565,0.991658764300474,0.946940903374701,"XLOC-000920#RB6I2-RAT#Q811U3/novel-gene-chr14-11626#novel-gene-chr14-11626",2
"GO:0090407","GO:0090407","organophosphate biosynthetic process","1/80","326/6213",0.00306748466257669,0.238228527607362,-1.61365512457869,0.986966100062467,0.991921578389141,0.947191866124693,"novel-gene-chr4-9990#ACOD-SHEEP#O62849",1
"GO:0007017","GO:0007017","microtubule-based process","2/80","483/6213",0.0041407867494824,0.321583850931677,-1.77303237774205,0.988421156576396,0.992968472645965,0.948191551731258,"gene-evm.model.ptg000004l.110#SODC-ONCVO#P24706/XLOC-011359#CROCC-HUMAN#Q5TZA2",2
"GO:0005929","GO:0005929","cilium","1/80","343/6213",0.00291545189504373,0.226421282798834,-1.68328152553352,0.989674327726802,0.993465819932014,0.948666471638485,"XLOC-011359#CROCC-HUMAN#Q5TZA2",1
"GO:0006886","GO:0006886","intracellular protein transport","2/80","493/6213",0.00405679513184584,0.315060851926978,-1.81009625223967,0.98974342510296,0.993465819932014,0.948666471638485,"gene-evm.model.ptg000022l.488#RBGP1-MOUSE#A2AWA9/XLOC-010359#IMP1L-HUMAN#Q96LU5",2
"GO:0000226","GO:0000226","microtubule cytoskeleton organization","1/80","351/6213",0.00284900284900285,0.221260683760684,-1.7153272515867,0.99074847367204,0.993895735929273,0.9490770010035,"XLOC-011359#CROCC-HUMAN#Q5TZA2",1
"GO:0007283","GO:0007283","spermatogenesis","1/80","353/6213",0.0028328611898017,0.220007082152975,-1.72327044136911,0.990999287073526,0.993895735929273,0.9490770010035,"gene-evm.model.ptg000004l.110#SODC-ONCVO#P24706",1
"GO:0048232","GO:0048232","male gamete generation","1/80","390/6213",0.00256410256410256,0.199134615384615,-1.86570367041683,0.994596077546413,0.99708671880905,0.952124089699338,"gene-evm.model.ptg000004l.110#SODC-ONCVO#P24706",1
"GO:0070647","GO:0070647","protein modification by small protein conjugation or removal","1/80","422/6213",0.0023696682464455,0.184034360189573,-1.98278465302681,0.996533136404122,0.998098032809894,0.953089799506008,"gene-evm.model.ptg000004l.110#SODC-ONCVO#P24706",1
"GO:0006974","GO:0006974","DNA damage response","1/80","429/6213",0.00233100233100233,0.181031468531469,-2.00773298064425,0.996854969630671,0.998098032809894,0.953089799506008,"novel-gene-chr14-11626#novel-gene-chr14-11626",1
"GO:0006259","GO:0006259","DNA metabolic process","1/80","456/6213",0.00219298245614035,0.1703125,-2.10195342337213,0.997842566856939,0.998098032809894,0.953089799506008,"novel-gene-chr14-11626#novel-gene-chr14-11626",1
"GO:0000166","GO:0000166","nucleotide binding","1/80","457/6213",0.00218818380743982,0.169939824945295,-2.10538497699935,0.997872546820713,0.998098032809894,0.953089799506008,"XLOC-010884#QOR-RAT#Q6AYT0",1
"GO:1901265","GO:1901265","nucleoside phosphate binding","1/80","458/6213",0.00218340611353712,0.169568777292576,-2.10881255822276,0.997902115315213,0.998098032809894,0.953089799506008,"XLOC-010884#QOR-RAT#Q6AYT0",1
"GO:1903047","GO:1903047","mitotic cell cycle process","1/80","465/6213",0.0021505376344086,0.167016129032258,-2.13269584901178,0.998098032809894,0.998098032809894,0.953089799506008,"novel-gene-chr14-11626#novel-gene-chr14-11626",1
