"","ID","Description","GeneRatio","BgRatio","RichFactor","FoldEnrichment","zScore","pvalue","p.adjust","qvalue","geneID","Count"
"GO:0005615","GO:0005615","extracellular space","22/87","309/6213",0.0711974110032362,5.08447717888629,8.77666239041408,1.21360691725116e-10,3.46242053491756e-07,2.82834285767797e-07,"XLOC-023693#TRLF-DESRO#K9IMD0/XLOC-021454#SPB3-HUMAN#P29508/XLOC-026524#KLKB1-RAT#P14272/XLOC-025132#PPN1-CAEEL#O76840/XLOC-020834#BMP15-BOVIN#Q6PX77/XLOC-016472#COMP-MOUSE#Q9R0G6/XLOC-020938#SPB6-MOUSE#Q60854/XLOC-021709#BHMT1-BOVIN#Q5I597/XLOC-003038#INHBA-MOUSE#Q04998/XLOC-006335#GREM1-CHICK#O73755/XLOC-020686#MOXD1-DANRE#Q5TZ24/XLOC-012520#GPX2-PONPY#Q4AEI0/XLOC-022352#XLOC-022352/XLOC-014256#XLOC-014256/XLOC-003648#DAND5-MOUSE#Q76LW6/XLOC-020923#WNT11-HUMAN#O96014/gene-evm.model.ptg000002l.349#ADT1-CAEEL#G5ECS8/XLOC-011360#XLOC-011360/gene-evm.model.ptg000032l.233#LAMC1-XENTR#A0JP86/XLOC-025964#NEC1-HUMAN#P29120/XLOC-020365#PA2-BOMTE#P82971/XLOC-022353#HMCN1-MOUSE#D3YXG0",22
"GO:0097067","GO:0097067","cellular response to thyroid hormone stimulus","6/87","14/6213",0.428571428571429,30.6059113300493,13.2150401624693,1.73914439255865e-08,2.48088947598491e-05,2.02656088690782e-05,"XLOC-020834#BMP15-BOVIN#Q6PX77/XLOC-003038#INHBA-MOUSE#Q04998/XLOC-004696#MYS-ARGIR#P24733/XLOC-013477#SIX1B-DANRE#Q6NZ04/gene-evm.model.ptg000022l.478#GSH0-HUMAN#P48507/XLOC-009823#GSH1-HUMAN#P48506",6
"GO:0005788","GO:0005788","endoplasmic reticulum lumen","11/87","101/6213",0.108910891089109,7.77773984294981,8.18353157755617,1.21433215362059e-07,0.000115482987809318,9.43344346707361e-05,"XLOC-020834#BMP15-BOVIN#Q6PX77/XLOC-016472#COMP-MOUSE#Q9R0G6/XLOC-025407#AGRIN-HUMAN#O00468/XLOC-009392#FKB14-HUMAN#Q9NWM8/gene-evm.model.ptg000022l.266#FCN1-MOUSE#O70165/gene-evm.model.ptg000001l.34#FKB2B-RHIO9#P0C1J5/gene-evm.model.ptg000002l.349#ADT1-CAEEL#G5ECS8/XLOC-027115#TXD12-EPICO#H9D1R1/gene-evm.model.ptg000032l.233#LAMC1-XENTR#A0JP86/gene-evm.model.ptg000012l.503-1#DJC10-XENLA#Q6NRT6/XLOC-025964#NEC1-HUMAN#P29120",11
"GO:0048705","GO:0048705","skeletal system morphogenesis","11/87","118/6213",0.0932203389830508,6.65721800116891,7.39339512661367,6.02600047787838e-07,0.000310050020635557,0.000253270148020412,"XLOC-023693#TRLF-DESRO#K9IMD0/XLOC-006454#GSC-PONPY#A2T7P4/XLOC-020834#BMP15-BOVIN#Q6PX77/XLOC-016472#COMP-MOUSE#Q9R0G6/XLOC-000223#BMP1-MOUSE#P98063/XLOC-013477#SIX1B-DANRE#Q6NZ04/XLOC-013652#HXD3-HAPBU#A8DT10/gene-evm.model.ptg000002l.349#ADT1-CAEEL#G5ECS8/XLOC-013035#HXA4-LINSA#P81192/novel-gene-chr14-4172#SIX2-MOUSE#Q62232/XLOC-010665#MYC-MARMO#P22555",11
"GO:0021536","GO:0021536","diencephalon development","8/87","54/6213",0.148148148148148,10.5798212005109,8.42531282558782,6.5705065433007e-07,0.000310050020635557,0.000253270148020412,"XLOC-020834#BMP15-BOVIN#Q6PX77/XLOC-003038#INHBA-MOUSE#Q04998/XLOC-001125#PITX3-HUMAN#O75364/XLOC-013477#SIX1B-DANRE#Q6NZ04/gene-evm.model.ptg000007l.881-1#OTP-SACKO#Q7YTC2/XLOC-025964#NEC1-HUMAN#P29120/XLOC-010665#MYC-MARMO#P22555/XLOC-009352#ODO1-BOVIN#Q148N0",8
"GO:0060485","GO:0060485","mesenchyme development","10/87","97/6213",0.103092783505155,7.3622467116957,7.52574481910588,7.97846683863519e-07,0.000310050020635557,0.000253270148020412,"XLOC-006454#GSC-PONPY#A2T7P4/XLOC-020834#BMP15-BOVIN#Q6PX77/XLOC-016472#COMP-MOUSE#Q9R0G6/XLOC-003038#INHBA-MOUSE#Q04998/XLOC-010538#LSHR-CHICK#Q90674/XLOC-013477#SIX1B-DANRE#Q6NZ04/XLOC-020923#WNT11-HUMAN#O96014/gene-evm.model.ptg000002l.349#ADT1-CAEEL#G5ECS8/novel-gene-chr14-4172#SIX2-MOUSE#Q62232/XLOC-000173#TES-CHICK#Q90YH9",10
"GO:0090189","GO:0090189","regulation of branching involved in ureteric bud morphogenesis","5/87","14/6213",0.357142857142857,25.5049261083744,10.9381393158408,8.69400688778288e-07,0.000310050020635557,0.000253270148020412,"XLOC-020834#BMP15-BOVIN#Q6PX77/XLOC-010538#LSHR-CHICK#Q90674/XLOC-006335#GREM1-CHICK#O73755/XLOC-013477#SIX1B-DANRE#Q6NZ04/novel-gene-chr14-4172#SIX2-MOUSE#Q62232",5
"GO:0090190","GO:0090190","positive regulation of branching involved in ureteric bud morphogenesis","5/87","14/6213",0.357142857142857,25.5049261083744,10.9381393158408,8.69400688778288e-07,0.000310050020635557,0.000253270148020412,"XLOC-020834#BMP15-BOVIN#Q6PX77/XLOC-010538#LSHR-CHICK#Q90674/XLOC-006335#GREM1-CHICK#O73755/XLOC-013477#SIX1B-DANRE#Q6NZ04/novel-gene-chr14-4172#SIX2-MOUSE#Q62232",5
"GO:0090184","GO:0090184","positive regulation of kidney development","6/87","26/6213",0.230769230769231,16.4801061007958,9.4255652141319,1.16519590936334e-06,0.00032510719510813,0.000265569882107256,"XLOC-020834#BMP15-BOVIN#Q6PX77/XLOC-010538#LSHR-CHICK#Q90674/XLOC-006335#GREM1-CHICK#O73755/XLOC-013477#SIX1B-DANRE#Q6NZ04/novel-gene-chr14-4172#SIX2-MOUSE#Q62232/XLOC-010665#MYC-MARMO#P22555",6
"GO:0061213","GO:0061213","positive regulation of mesonephros development","5/87","15/6213",0.333333333333333,23.8045977011494,10.537294362744,1.28977014762358e-06,0.00032510719510813,0.000265569882107256,"XLOC-020834#BMP15-BOVIN#Q6PX77/XLOC-010538#LSHR-CHICK#Q90674/XLOC-006335#GREM1-CHICK#O73755/XLOC-013477#SIX1B-DANRE#Q6NZ04/novel-gene-chr14-4172#SIX2-MOUSE#Q62232",5
"GO:0061217","GO:0061217","regulation of mesonephros development","5/87","15/6213",0.333333333333333,23.8045977011494,10.537294362744,1.28977014762358e-06,0.00032510719510813,0.000265569882107256,"XLOC-020834#BMP15-BOVIN#Q6PX77/XLOC-010538#LSHR-CHICK#Q90674/XLOC-006335#GREM1-CHICK#O73755/XLOC-013477#SIX1B-DANRE#Q6NZ04/novel-gene-chr14-4172#SIX2-MOUSE#Q62232",5
"GO:0021983","GO:0021983","pituitary gland development","6/87","27/6213",0.222222222222222,15.8697318007663,9.22713581869963,1.48138574707525e-06,0.00032510719510813,0.000265569882107256,"XLOC-020834#BMP15-BOVIN#Q6PX77/XLOC-003038#INHBA-MOUSE#Q04998/XLOC-001125#PITX3-HUMAN#O75364/XLOC-013477#SIX1B-DANRE#Q6NZ04/gene-evm.model.ptg000007l.881-1#OTP-SACKO#Q7YTC2/XLOC-025964#NEC1-HUMAN#P29120",6
"GO:0097066","GO:0097066","response to thyroid hormone","6/87","27/6213",0.222222222222222,15.8697318007663,9.22713581869963,1.48138574707525e-06,0.00032510719510813,0.000265569882107256,"XLOC-020834#BMP15-BOVIN#Q6PX77/XLOC-003038#INHBA-MOUSE#Q04998/XLOC-004696#MYS-ARGIR#P24733/XLOC-013477#SIX1B-DANRE#Q6NZ04/gene-evm.model.ptg000022l.478#GSH0-HUMAN#P48507/XLOC-009823#GSH1-HUMAN#P48506",6
"GO:0090183","GO:0090183","regulation of kidney development","6/87","30/6213",0.2,14.2827586206897,8.69032739737418,2.87316855075042e-06,0.000585510705377924,0.000478285351230182,"XLOC-020834#BMP15-BOVIN#Q6PX77/XLOC-010538#LSHR-CHICK#Q90674/XLOC-006335#GREM1-CHICK#O73755/XLOC-013477#SIX1B-DANRE#Q6NZ04/novel-gene-chr14-4172#SIX2-MOUSE#Q62232/XLOC-010665#MYC-MARMO#P22555",6
"GO:0001501","GO:0001501","skeletal system development","13/87","199/6213",0.0653266331658292,4.66522266504939,6.26227367660506,3.20722728973484e-06,0.000610014630507566,0.000498301839963012,"XLOC-023693#TRLF-DESRO#K9IMD0/XLOC-006454#GSC-PONPY#A2T7P4/XLOC-020834#BMP15-BOVIN#Q6PX77/XLOC-016472#COMP-MOUSE#Q9R0G6/XLOC-001125#PITX3-HUMAN#O75364/XLOC-000223#BMP1-MOUSE#P98063/XLOC-013477#SIX1B-DANRE#Q6NZ04/XLOC-013652#HXD3-HAPBU#A8DT10/gene-evm.model.ptg000002l.349#ADT1-CAEEL#G5ECS8/XLOC-013035#HXA4-LINSA#P81192/novel-gene-chr14-4172#SIX2-MOUSE#Q62232/XLOC-010665#MYC-MARMO#P22555/gene-evm.model.ptg000021l.117#UFD1-RAT#Q9ES53",13
"GO:0008201","GO:0008201","heparin binding","6/87","33/6213",0.181818181818182,12.9843260188088,8.22551693720061,5.18193392937503e-06,0.000924003593781685,0.000754789586818179,"XLOC-023693#TRLF-DESRO#K9IMD0/XLOC-020834#BMP15-BOVIN#Q6PX77/XLOC-016472#COMP-MOUSE#Q9R0G6/XLOC-025407#AGRIN-HUMAN#O00468/XLOC-003648#DAND5-MOUSE#Q76LW6/gene-evm.model.ptg000002l.349#ADT1-CAEEL#G5ECS8",6
"GO:0035270","GO:0035270","endocrine system development","8/87","73/6213",0.10958904109589,7.82616910722721,6.99102960277013,6.83853876327139e-06,0.00114766771127137,0.00093749379702061,"XLOC-020834#BMP15-BOVIN#Q6PX77/XLOC-021709#BHMT1-BOVIN#Q5I597/XLOC-003038#INHBA-MOUSE#Q04998/XLOC-001125#PITX3-HUMAN#O75364/XLOC-013477#SIX1B-DANRE#Q6NZ04/XLOC-013652#HXD3-HAPBU#A8DT10/gene-evm.model.ptg000007l.881-1#OTP-SACKO#Q7YTC2/XLOC-025964#NEC1-HUMAN#P29120",8
"GO:0090092","GO:0090092","regulation of transmembrane receptor protein serine/threonine kinase signaling pathway","10/87","124/6213",0.0806451612903226,5.75917686318131,6.37905804208415,7.60986351026736e-06,0.00120616336637738,0.000985277065013563,"XLOC-020834#BMP15-BOVIN#Q6PX77/XLOC-008044#MOM5-CAEEL#A0A0K3AWM6/XLOC-016472#COMP-MOUSE#Q9R0G6/XLOC-003038#INHBA-MOUSE#Q04998/XLOC-006335#GREM1-CHICK#O73755/XLOC-000223#BMP1-MOUSE#P98063/XLOC-003648#DAND5-MOUSE#Q76LW6/gene-evm.model.ptg000002l.349#ADT1-CAEEL#G5ECS8/XLOC-013035#HXA4-LINSA#P81192/XLOC-018043#RSLBB-DANRE#Q6P0U3",10
"GO:1905332","GO:1905332","positive regulation of morphogenesis of an epithelium","5/87","21/6213",0.238095238095238,17.0032840722496,8.7536694194595,8.17948252280142e-06,0.00122152716787907,0.000997827273113903,"XLOC-020834#BMP15-BOVIN#Q6PX77/XLOC-010538#LSHR-CHICK#Q90674/XLOC-006335#GREM1-CHICK#O73755/XLOC-013477#SIX1B-DANRE#Q6NZ04/novel-gene-chr14-4172#SIX2-MOUSE#Q62232",5
"GO:0007517","GO:0007517","muscle organ development","12/87","185/6213",0.0648648648648649,4.63224603914259,5.97669859399527,8.56310667983928e-06,0.00122152716787907,0.000997827273113903,"XLOC-006454#GSC-PONPY#A2T7P4/XLOC-020834#BMP15-BOVIN#Q6PX77/XLOC-008044#MOM5-CAEEL#A0A0K3AWM6/XLOC-004696#MYS-ARGIR#P24733/XLOC-001125#PITX3-HUMAN#O75364/XLOC-013477#SIX1B-DANRE#Q6NZ04/XLOC-018113#MYL6B-HUMAN#P14649/XLOC-016635#MYL1-DANRE#Q6P0G6/gene-evm.model.ptg000006l.277#gene-evm.model.ptg000006l.277/novel-gene-chr14-4172#SIX2-MOUSE#Q62232/gene-evm.model.ptg000032l.233#LAMC1-XENTR#A0JP86/XLOC-010665#MYC-MARMO#P22555",12
"GO:0060231","GO:0060231","mesenchymal to epithelial transition","4/87","11/6213",0.363636363636364,25.9686520376176,9.87671250414746,1.09847297518635e-05,0.00142451972645758,0.00116364553447971,"XLOC-020834#BMP15-BOVIN#Q6PX77/XLOC-008044#MOM5-CAEEL#A0A0K3AWM6/XLOC-006335#GREM1-CHICK#O73755/XLOC-013477#SIX1B-DANRE#Q6NZ04",4
"GO:0072273","GO:0072273","metanephric nephron morphogenesis","4/87","11/6213",0.363636363636364,25.9686520376176,9.87671250414746,1.09847297518635e-05,0.00142451972645758,0.00116364553447971,"XLOC-020834#BMP15-BOVIN#Q6PX77/XLOC-010538#LSHR-CHICK#Q90674/XLOC-006335#GREM1-CHICK#O73755/XLOC-013477#SIX1B-DANRE#Q6NZ04",4
"GO:0010466","GO:0010466","negative regulation of peptidase activity","7/87","57/6213",0.12280701754386,8.77011494252874,7.02267255614748,1.24063929302638e-05,0.00152740806321152,0.00124769179329249,"XLOC-023693#TRLF-DESRO#K9IMD0/XLOC-021454#SPB3-HUMAN#P29508/XLOC-025132#PPN1-CAEEL#O76840/XLOC-016472#COMP-MOUSE#Q9R0G6/XLOC-020938#SPB6-MOUSE#Q60854/XLOC-016437#UBP14-PANTR#P60051/gene-evm.model.ptg000002l.349#ADT1-CAEEL#G5ECS8",7
"GO:0014706","GO:0014706","striated muscle tissue development","11/87","161/6213",0.0683229813664596,4.8792032555151,5.94282398551154,1.28488585759118e-05,0.00152740806321152,0.00124769179329249,"XLOC-020834#BMP15-BOVIN#Q6PX77/XLOC-004696#MYS-ARGIR#P24733/XLOC-001125#PITX3-HUMAN#O75364/XLOC-013477#SIX1B-DANRE#Q6NZ04/XLOC-018113#MYL6B-HUMAN#P14649/XLOC-016635#MYL1-DANRE#Q6P0G6/gene-evm.model.ptg000006l.277#gene-evm.model.ptg000006l.277/novel-gene-chr14-4172#SIX2-MOUSE#Q62232/gene-evm.model.ptg000032l.233#LAMC1-XENTR#A0JP86/XLOC-010665#MYC-MARMO#P22555/XLOC-023090#KCC2A-HUMAN#Q9UQM7",11
"GO:0072210","GO:0072210","metanephric nephron development","4/87","12/6213",0.333333333333333,23.8045977011494,9.42256248566069,1.63012813612212e-05,0.00181370421500849,0.00148155815006505,"XLOC-020834#BMP15-BOVIN#Q6PX77/XLOC-010538#LSHR-CHICK#Q90674/XLOC-006335#GREM1-CHICK#O73755/XLOC-013477#SIX1B-DANRE#Q6NZ04",4
"GO:0060688","GO:0060688","regulation of morphogenesis of a branching structure","5/87","24/6213",0.208333333333333,14.8778735632184,8.11717968099935,1.65286749352334e-05,0.00181370421500849,0.00148155815006505,"XLOC-020834#BMP15-BOVIN#Q6PX77/XLOC-010538#LSHR-CHICK#Q90674/XLOC-006335#GREM1-CHICK#O73755/XLOC-013477#SIX1B-DANRE#Q6NZ04/novel-gene-chr14-4172#SIX2-MOUSE#Q62232",5
"GO:1901681","GO:1901681","sulfur compound binding","8/87","84/6213",0.0952380952380952,6.80131362889983,6.37907973693587,1.9570467710007e-05,0.00206794608802407,0.0016892403707585,"XLOC-023693#TRLF-DESRO#K9IMD0/XLOC-020834#BMP15-BOVIN#Q6PX77/XLOC-016472#COMP-MOUSE#Q9R0G6/XLOC-006335#GREM1-CHICK#O73755/XLOC-025407#AGRIN-HUMAN#O00468/XLOC-003648#DAND5-MOUSE#Q76LW6/gene-evm.model.ptg000002l.349#ADT1-CAEEL#G5ECS8/XLOC-009352#ODO1-BOVIN#Q148N0",8
"GO:0060537","GO:0060537","muscle tissue development","11/87","169/6213",0.0650887573964497,4.6482350540706,5.72994944226568,2.03365560609651e-05,0.00207214980149762,0.00169267425259311,"XLOC-020834#BMP15-BOVIN#Q6PX77/XLOC-004696#MYS-ARGIR#P24733/XLOC-001125#PITX3-HUMAN#O75364/XLOC-013477#SIX1B-DANRE#Q6NZ04/XLOC-018113#MYL6B-HUMAN#P14649/XLOC-016635#MYL1-DANRE#Q6P0G6/gene-evm.model.ptg000006l.277#gene-evm.model.ptg000006l.277/novel-gene-chr14-4172#SIX2-MOUSE#Q62232/gene-evm.model.ptg000032l.233#LAMC1-XENTR#A0JP86/XLOC-010665#MYC-MARMO#P22555/XLOC-023090#KCC2A-HUMAN#Q9UQM7",11
"GO:0003338","GO:0003338","metanephros morphogenesis","4/87","13/6213",0.307692307692308,21.973474801061,9.02055115261855,2.32951345560932e-05,0.00229175927201841,0.00187206634871834,"XLOC-020834#BMP15-BOVIN#Q6PX77/XLOC-010538#LSHR-CHICK#Q90674/XLOC-006335#GREM1-CHICK#O73755/XLOC-013477#SIX1B-DANRE#Q6NZ04",4
"GO:0007519","GO:0007519","skeletal muscle tissue development","8/87","88/6213",0.0909090909090909,6.49216300940439,6.18327499771702,2.75717697491328e-05,0.00262207530314253,0.00214189116577474,"XLOC-001125#PITX3-HUMAN#O75364/XLOC-013477#SIX1B-DANRE#Q6NZ04/XLOC-018113#MYL6B-HUMAN#P14649/XLOC-016635#MYL1-DANRE#Q6P0G6/gene-evm.model.ptg000006l.277#gene-evm.model.ptg000006l.277/novel-gene-chr14-4172#SIX2-MOUSE#Q62232/gene-evm.model.ptg000032l.233#LAMC1-XENTR#A0JP86/XLOC-010665#MYC-MARMO#P22555",8
"GO:0005539","GO:0005539","glycosaminoglycan binding","6/87","44/6213",0.136363636363636,9.73824451410658,6.93154424464577,2.91952741728546e-05,0.00268690700694046,0.00219485015343634,"XLOC-023693#TRLF-DESRO#K9IMD0/XLOC-020834#BMP15-BOVIN#Q6PX77/XLOC-016472#COMP-MOUSE#Q9R0G6/XLOC-025407#AGRIN-HUMAN#O00468/XLOC-003648#DAND5-MOUSE#Q76LW6/gene-evm.model.ptg000002l.349#ADT1-CAEEL#G5ECS8",6
"GO:0061448","GO:0061448","connective tissue development","8/87","92/6213",0.0869565217391304,6.20989505247376,5.99927199648585,3.8152137162786e-05,0.00340150147891964,0.00277857998942132,"XLOC-020834#BMP15-BOVIN#Q6PX77/XLOC-016472#COMP-MOUSE#Q9R0G6/XLOC-001125#PITX3-HUMAN#O75364/XLOC-000223#BMP1-MOUSE#P98063/XLOC-013477#SIX1B-DANRE#Q6NZ04/XLOC-013652#HXD3-HAPBU#A8DT10/gene-evm.model.ptg000002l.349#ADT1-CAEEL#G5ECS8/novel-gene-chr14-4172#SIX2-MOUSE#Q62232",8
"GO:0051216","GO:0051216","cartilage development","7/87","69/6213",0.101449275362319,7.24487756121939,6.21598164467939,4.42017103975491e-05,0.00382143878073356,0.00312161361467859,"XLOC-020834#BMP15-BOVIN#Q6PX77/XLOC-016472#COMP-MOUSE#Q9R0G6/XLOC-001125#PITX3-HUMAN#O75364/XLOC-000223#BMP1-MOUSE#P98063/XLOC-013477#SIX1B-DANRE#Q6NZ04/XLOC-013652#HXD3-HAPBU#A8DT10/gene-evm.model.ptg000002l.349#ADT1-CAEEL#G5ECS8",7
"GO:0061061","GO:0061061","muscle structure development","15/87","338/6213",0.0443786982248521,3.16925117322995,4.88709869029497,5.79996029163425e-05,0.00486684903295074,0.00397557649711401,"XLOC-006454#GSC-PONPY#A2T7P4/XLOC-020834#BMP15-BOVIN#Q6PX77/XLOC-008044#MOM5-CAEEL#A0A0K3AWM6/XLOC-006335#GREM1-CHICK#O73755/XLOC-004696#MYS-ARGIR#P24733/XLOC-001125#PITX3-HUMAN#O75364/XLOC-013477#SIX1B-DANRE#Q6NZ04/XLOC-018113#MYL6B-HUMAN#P14649/XLOC-016635#MYL1-DANRE#Q6P0G6/gene-evm.model.ptg000006l.277#gene-evm.model.ptg000006l.277/novel-gene-chr14-4172#SIX2-MOUSE#Q62232/XLOC-025643#TRIM2-HUMAN#Q9C040/gene-evm.model.ptg000032l.233#LAMC1-XENTR#A0JP86/XLOC-010665#MYC-MARMO#P22555/XLOC-023090#KCC2A-HUMAN#Q9UQM7",15
"GO:0090100","GO:0090100","positive regulation of transmembrane receptor protein serine/threonine kinase signaling pathway","6/87","50/6213",0.12,8.56965517241379,6.4040080332771,6.14507056932503e-05,0.00500911038122409,0.0040917853354844,"XLOC-020834#BMP15-BOVIN#Q6PX77/XLOC-016472#COMP-MOUSE#Q9R0G6/XLOC-003038#INHBA-MOUSE#Q04998/XLOC-000223#BMP1-MOUSE#P98063/gene-evm.model.ptg000002l.349#ADT1-CAEEL#G5ECS8/XLOC-013035#HXA4-LINSA#P81192",6
"GO:0071229","GO:0071229","cellular response to acid chemical","8/87","100/6213",0.08,5.71310344827586,5.66195779739741,6.96435808755175e-05,0.00551925378438476,0.0045085054987835,"XLOC-008044#MOM5-CAEEL#A0A0K3AWM6/XLOC-004696#MYS-ARGIR#P24733/XLOC-013477#SIX1B-DANRE#Q6NZ04/gene-evm.model.ptg000022l.478#GSH0-HUMAN#P48507/XLOC-009823#GSH1-HUMAN#P48506/XLOC-004104#XLOC-004104/XLOC-013035#HXA4-LINSA#P81192/XLOC-010665#MYC-MARMO#P22555",8
"GO:0030049","GO:0030049","muscle filament sliding","4/87","17/6213",0.235294117647059,16.8032454361055,7.77502680239799,7.4288588500304e-05,0.0057282525132802,0.00467923001250848,"XLOC-004696#MYS-ARGIR#P24733/XLOC-018113#MYL6B-HUMAN#P14649/XLOC-016635#MYL1-DANRE#Q6P0G6/gene-evm.model.ptg000006l.277#gene-evm.model.ptg000006l.277",4
"GO:0033275","GO:0033275","actin-myosin filament sliding","4/87","18/6213",0.222222222222222,15.8697318007663,7.52845027402221,9.44967679438661e-05,0.00709471786694342,0.00579545274869029,"XLOC-004696#MYS-ARGIR#P24733/XLOC-018113#MYL6B-HUMAN#P14649/XLOC-016635#MYL1-DANRE#Q6P0G6/gene-evm.model.ptg000006l.277#gene-evm.model.ptg000006l.277",4
"GO:0043583","GO:0043583","ear development","9/87","135/6213",0.0666666666666667,4.76091954022989,5.26462488597868,0.000100937711914752,0.007376378250735,0.0060255322918174,"XLOC-006454#GSC-PONPY#A2T7P4/XLOC-020834#BMP15-BOVIN#Q6PX77/XLOC-008044#MOM5-CAEEL#A0A0K3AWM6/XLOC-010538#LSHR-CHICK#Q90674/XLOC-013477#SIX1B-DANRE#Q6NZ04/XLOC-013035#HXA4-LINSA#P81192/XLOC-015788#OTOF-HUMAN#Q9HC10/novel-gene-chr14-4172#SIX2-MOUSE#Q62232/XLOC-010665#MYC-MARMO#P22555",9
"GO:0009725","GO:0009725","response to hormone","18/87","486/6213",0.037037037037037,2.64495530012771,4.50085993052496,0.000104585838371151,0.007376378250735,0.0060255322918174,"XLOC-020834#BMP15-BOVIN#Q6PX77/XLOC-008044#MOM5-CAEEL#A0A0K3AWM6/XLOC-016472#COMP-MOUSE#Q9R0G6/XLOC-003038#INHBA-MOUSE#Q04998/XLOC-004696#MYS-ARGIR#P24733/XLOC-022275#T53I2-HUMAN#Q8IXH6/XLOC-013477#SIX1B-DANRE#Q6NZ04/XLOC-026222#MYPH-ECHGR#Q24799/XLOC-006685#KAPR-STRPU#Q26619/XLOC-026123#MGA-HUMAN#O43451/gene-evm.model.ptg000022l.478#GSH0-HUMAN#P48507/XLOC-009823#GSH1-HUMAN#P48506/XLOC-004104#XLOC-004104/gene-evm.model.ptg000002l.349#ADT1-CAEEL#G5ECS8/XLOC-011360#XLOC-011360/XLOC-010031#ACHB4-BOVIN#Q8SPU6/XLOC-025964#NEC1-HUMAN#P29120/XLOC-010665#MYC-MARMO#P22555",18
"GO:0010951","GO:0010951","negative regulation of endopeptidase activity","6/87","55/6213",0.109090909090909,7.79059561128527,6.02776377931497,0.000106004734763454,0.007376378250735,0.0060255322918174,"XLOC-023693#TRLF-DESRO#K9IMD0/XLOC-021454#SPB3-HUMAN#P29508/XLOC-016472#COMP-MOUSE#Q9R0G6/XLOC-020938#SPB6-MOUSE#Q60854/XLOC-016437#UBP14-PANTR#P60051/gene-evm.model.ptg000002l.349#ADT1-CAEEL#G5ECS8",6
"GO:0001818","GO:0001818","negative regulation of cytokine production","7/87","80/6213",0.0875,6.24870689655172,5.63050937468264,0.000114932827346083,0.0078072227718661,0.00637747568281275,"XLOC-023693#TRLF-DESRO#K9IMD0/XLOC-016472#COMP-MOUSE#Q9R0G6/XLOC-003038#INHBA-MOUSE#Q04998/XLOC-010538#LSHR-CHICK#Q90674/gene-evm.model.ptg000002l.349#ADT1-CAEEL#G5ECS8/XLOC-010031#ACHB4-BOVIN#Q8SPU6/gene-evm.model.ptg000021l.117#UFD1-RAT#Q9ES53",7
"GO:0060538","GO:0060538","skeletal muscle organ development","8/87","111/6213",0.0720720720720721,5.14694004349177,5.25339429010141,0.000145824911783341,0.00931305726003714,0.00760754469855267,"XLOC-001125#PITX3-HUMAN#O75364/XLOC-013477#SIX1B-DANRE#Q6NZ04/XLOC-018113#MYL6B-HUMAN#P14649/XLOC-016635#MYL1-DANRE#Q6P0G6/gene-evm.model.ptg000006l.277#gene-evm.model.ptg000006l.277/novel-gene-chr14-4172#SIX2-MOUSE#Q62232/gene-evm.model.ptg000032l.233#LAMC1-XENTR#A0JP86/XLOC-010665#MYC-MARMO#P22555",8
"GO:0001656","GO:0001656","metanephros development","5/87","37/6213",0.135135135135135,9.65051258154707,6.28891773943743,0.000146893647634655,0.00931305726003714,0.00760754469855267,"XLOC-020834#BMP15-BOVIN#Q6PX77/XLOC-010538#LSHR-CHICK#Q90674/XLOC-006335#GREM1-CHICK#O73755/XLOC-013477#SIX1B-DANRE#Q6NZ04/novel-gene-chr14-4172#SIX2-MOUSE#Q62232",5
"GO:0043394","GO:0043394","proteoglycan binding","5/87","37/6213",0.135135135135135,9.65051258154707,6.28891773943743,0.000146893647634655,0.00931305726003714,0.00760754469855267,"XLOC-008044#MOM5-CAEEL#A0A0K3AWM6/XLOC-016472#COMP-MOUSE#Q9R0G6/XLOC-006335#GREM1-CHICK#O73755/gene-evm.model.ptg000022l.266#FCN1-MOUSE#O70165/gene-evm.model.ptg000002l.349#ADT1-CAEEL#G5ECS8",5
"GO:0003151","GO:0003151","outflow tract morphogenesis","5/87","38/6213",0.131578947368421,9.39655172413793,6.18672965174887,0.000167299961841699,0.0103762345898776,0.00847602095005773,"XLOC-020834#BMP15-BOVIN#Q6PX77/XLOC-008044#MOM5-CAEEL#A0A0K3AWM6/XLOC-016472#COMP-MOUSE#Q9R0G6/XLOC-013477#SIX1B-DANRE#Q6NZ04/gene-evm.model.ptg000002l.349#ADT1-CAEEL#G5ECS8",5
"GO:0008284","GO:0008284","positive regulation of cell population proliferation","15/87","372/6213",0.0403225806451613,2.87958843159066,4.45530544735433,0.000171162583753343,0.0103811358992949,0.00848002467616322,"XLOC-023693#TRLF-DESRO#K9IMD0/XLOC-020834#BMP15-BOVIN#Q6PX77/XLOC-008044#MOM5-CAEEL#A0A0K3AWM6/XLOC-016472#COMP-MOUSE#Q9R0G6/XLOC-020938#SPB6-MOUSE#Q60854/XLOC-006335#GREM1-CHICK#O73755/XLOC-016646#ADK-PHYPA#O49923/XLOC-013477#SIX1B-DANRE#Q6NZ04/gene-evm.model.ptg000022l.266#FCN1-MOUSE#O70165/gene-evm.model.ptg000007l.881-1#OTP-SACKO#Q7YTC2/gene-evm.model.ptg000002l.349#ADT1-CAEEL#G5ECS8/gene-evm.model.ptg000032l.233#LAMC1-XENTR#A0JP86/XLOC-010031#ACHB4-BOVIN#Q8SPU6/XLOC-010665#MYC-MARMO#P22555/XLOC-023090#KCC2A-HUMAN#Q9UQM7",15
"GO:0050678","GO:0050678","regulation of epithelial cell proliferation","9/87","145/6213",0.0620689655172414,4.43258026159334,4.98389368484481,0.000174656334793606,0.0103811358992949,0.00848002467616322,"XLOC-020834#BMP15-BOVIN#Q6PX77/XLOC-008044#MOM5-CAEEL#A0A0K3AWM6/XLOC-016472#COMP-MOUSE#Q9R0G6/XLOC-013477#SIX1B-DANRE#Q6NZ04/gene-evm.model.ptg000002l.349#ADT1-CAEEL#G5ECS8/novel-gene-chr14-4172#SIX2-MOUSE#Q62232/XLOC-011360#XLOC-011360/gene-evm.model.ptg000032l.233#LAMC1-XENTR#A0JP86/XLOC-010665#MYC-MARMO#P22555",9
"GO:2001237","GO:2001237","negative regulation of extrinsic apoptotic signaling pathway","5/87","39/6213",0.128205128205128,9.15561450044209,6.08825079163412,0.000189804155952743,0.0108333685671639,0.00884943937414019,"XLOC-020834#BMP15-BOVIN#Q6PX77/XLOC-016472#COMP-MOUSE#Q9R0G6/gene-evm.model.ptg000022l.478#GSH0-HUMAN#P48507/XLOC-009823#GSH1-HUMAN#P48506/gene-evm.model.ptg000002l.349#ADT1-CAEEL#G5ECS8",5
"GO:0051592","GO:0051592","response to calcium ion","6/87","61/6213",0.0983606557377049,7.02430751837196,5.63443976701007,0.000189859245831824,0.0108333685671639,0.00884943937414019,"XLOC-016472#COMP-MOUSE#Q9R0G6/XLOC-003038#INHBA-MOUSE#Q04998/XLOC-011874#SY65-APLCA#P41823/gene-evm.model.ptg000002l.349#ADT1-CAEEL#G5ECS8/XLOC-025964#NEC1-HUMAN#P29120/XLOC-023090#KCC2A-HUMAN#Q9UQM7",6
"GO:0004866","GO:0004866","endopeptidase inhibitor activity","4/87","22/6213",0.181818181818182,12.9843260188088,6.7101373055363,0.000216434808578614,0.0114349723865701,0.00934087068602441,"XLOC-023693#TRLF-DESRO#K9IMD0/XLOC-021454#SPB3-HUMAN#P29508/XLOC-020938#SPB6-MOUSE#Q60854/XLOC-016437#UBP14-PANTR#P60051",4
"GO:0005518","GO:0005518","collagen binding","4/87","22/6213",0.181818181818182,12.9843260188088,6.7101373055363,0.000216434808578614,0.0114349723865701,0.00934087068602441,"XLOC-020834#BMP15-BOVIN#Q6PX77/XLOC-016472#COMP-MOUSE#Q9R0G6/XLOC-000223#BMP1-MOUSE#P98063/gene-evm.model.ptg000002l.349#ADT1-CAEEL#G5ECS8",4
"GO:0030414","GO:0030414","peptidase inhibitor activity","4/87","22/6213",0.181818181818182,12.9843260188088,6.7101373055363,0.000216434808578614,0.0114349723865701,0.00934087068602441,"XLOC-023693#TRLF-DESRO#K9IMD0/XLOC-021454#SPB3-HUMAN#P29508/XLOC-020938#SPB6-MOUSE#Q60854/XLOC-016437#UBP14-PANTR#P60051",4
"GO:0034698","GO:0034698","response to gonadotropin","4/87","22/6213",0.181818181818182,12.9843260188088,6.7101373055363,0.000216434808578614,0.0114349723865701,0.00934087068602441,"XLOC-003038#INHBA-MOUSE#Q04998/gene-evm.model.ptg000022l.478#GSH0-HUMAN#P48507/XLOC-009823#GSH1-HUMAN#P48506/XLOC-010665#MYC-MARMO#P22555",4
"GO:0048839","GO:0048839","inner ear development","8/87","119/6213",0.0672268907563025,4.80092726745871,4.9888295805985,0.000236513897497425,0.0122686209010937,0.0100218520394124,"XLOC-006454#GSC-PONPY#A2T7P4/XLOC-020834#BMP15-BOVIN#Q6PX77/XLOC-008044#MOM5-CAEEL#A0A0K3AWM6/XLOC-010538#LSHR-CHICK#Q90674/XLOC-013477#SIX1B-DANRE#Q6NZ04/XLOC-013035#HXA4-LINSA#P81192/XLOC-015788#OTOF-HUMAN#Q9HC10/novel-gene-chr14-4172#SIX2-MOUSE#Q62232",8
"GO:0071230","GO:0071230","cellular response to amino acid stimulus","5/87","41/6213",0.121951219512195,8.70899915895711,5.90151916141759,0.000241674293529455,0.0123124421328488,0.0100576482307183,"XLOC-004696#MYS-ARGIR#P24733/XLOC-013477#SIX1B-DANRE#Q6NZ04/gene-evm.model.ptg000022l.478#GSH0-HUMAN#P48507/XLOC-009823#GSH1-HUMAN#P48506/XLOC-004104#XLOC-004104",5
"GO:0002040","GO:0002040","sprouting angiogenesis","4/87","23/6213",0.173913043478261,12.4197901049475,6.53828080689041,0.000259214696989347,0.0127506815605277,0.0104156322891908,"XLOC-020834#BMP15-BOVIN#Q6PX77/XLOC-016472#COMP-MOUSE#Q9R0G6/XLOC-006335#GREM1-CHICK#O73755/gene-evm.model.ptg000002l.349#ADT1-CAEEL#G5ECS8",4
"GO:0019955","GO:0019955","cytokine binding","4/87","23/6213",0.173913043478261,12.4197901049475,6.53828080689041,0.000259214696989347,0.0127506815605277,0.0104156322891908,"XLOC-016472#COMP-MOUSE#Q9R0G6/XLOC-006335#GREM1-CHICK#O73755/XLOC-003648#DAND5-MOUSE#Q76LW6/gene-evm.model.ptg000002l.349#ADT1-CAEEL#G5ECS8",4
"GO:0072078","GO:0072078","nephron tubule morphogenesis","5/87","42/6213",0.119047619047619,8.50164203612479,5.81286266226565,0.000271334667219312,0.0131206407724864,0.010717840378654,"XLOC-020834#BMP15-BOVIN#Q6PX77/XLOC-010538#LSHR-CHICK#Q90674/XLOC-006335#GREM1-CHICK#O73755/XLOC-013477#SIX1B-DANRE#Q6NZ04/XLOC-010665#MYC-MARMO#P22555",5
"GO:0048704","GO:0048704","embryonic skeletal system morphogenesis","6/87","66/6213",0.0909090909090909,6.49216300940439,5.34528214091633,0.00029379213439576,0.0133475705379071,0.0109032121943389,"XLOC-006454#GSC-PONPY#A2T7P4/XLOC-020834#BMP15-BOVIN#Q6PX77/XLOC-013477#SIX1B-DANRE#Q6NZ04/XLOC-013652#HXD3-HAPBU#A8DT10/XLOC-013035#HXA4-LINSA#P81192/novel-gene-chr14-4172#SIX2-MOUSE#Q62232",6
"GO:0005527","GO:0005527","macrolide binding","3/87","10/6213",0.3,21.4241379310345,7.70246436510891,0.00029646744041192,0.0133475705379071,0.0109032121943389,"XLOC-006516#FKBP9-BOVIN#Q2KJC8/XLOC-009392#FKB14-HUMAN#Q9NWM8/gene-evm.model.ptg000001l.34#FKB2B-RHIO9#P0C1J5",3
"GO:0005528","GO:0005528","FK506 binding","3/87","10/6213",0.3,21.4241379310345,7.70246436510891,0.00029646744041192,0.0133475705379071,0.0109032121943389,"XLOC-006516#FKBP9-BOVIN#Q2KJC8/XLOC-009392#FKB14-HUMAN#Q9NWM8/gene-evm.model.ptg000001l.34#FKB2B-RHIO9#P0C1J5",3
"GO:0044752","GO:0044752","response to human chorionic gonadotropin","3/87","10/6213",0.3,21.4241379310345,7.70246436510891,0.00029646744041192,0.0133475705379071,0.0109032121943389,"gene-evm.model.ptg000022l.478#GSH0-HUMAN#P48507/XLOC-009823#GSH1-HUMAN#P48506/XLOC-010665#MYC-MARMO#P22555",3
"GO:0072088","GO:0072088","nephron epithelium morphogenesis","5/87","43/6213",0.116279069767442,8.30392943063352,5.72710397608442,0.000303681572722543,0.0133475705379071,0.0109032121943389,"XLOC-020834#BMP15-BOVIN#Q6PX77/XLOC-010538#LSHR-CHICK#Q90674/XLOC-006335#GREM1-CHICK#O73755/XLOC-013477#SIX1B-DANRE#Q6NZ04/XLOC-010665#MYC-MARMO#P22555",5
"GO:0032870","GO:0032870","cellular response to hormone stimulus","13/87","307/6213",0.0423452768729642,3.0240368415141,4.33438748074018,0.000304098172086914,0.0133475705379071,0.0109032121943389,"XLOC-020834#BMP15-BOVIN#Q6PX77/XLOC-008044#MOM5-CAEEL#A0A0K3AWM6/XLOC-003038#INHBA-MOUSE#Q04998/XLOC-004696#MYS-ARGIR#P24733/XLOC-022275#T53I2-HUMAN#Q8IXH6/XLOC-013477#SIX1B-DANRE#Q6NZ04/XLOC-026222#MYPH-ECHGR#Q24799/XLOC-006685#KAPR-STRPU#Q26619/gene-evm.model.ptg000022l.478#GSH0-HUMAN#P48507/XLOC-009823#GSH1-HUMAN#P48506/XLOC-004104#XLOC-004104/XLOC-010031#ACHB4-BOVIN#Q8SPU6/XLOC-010665#MYC-MARMO#P22555",13
"GO:0032102","GO:0032102","negative regulation of response to external stimulus","8/87","124/6213",0.0645161290322581,4.60734149054505,4.83517242736448,0.000313683237101585,0.013559670840164,0.0110764702861708,"XLOC-023693#TRLF-DESRO#K9IMD0/XLOC-026524#KLKB1-RAT#P14272/XLOC-016472#COMP-MOUSE#Q9R0G6/XLOC-006335#GREM1-CHICK#O73755/gene-evm.model.ptg000002l.349#ADT1-CAEEL#G5ECS8/XLOC-011360#XLOC-011360/XLOC-010031#ACHB4-BOVIN#Q8SPU6/gene-evm.model.ptg000021l.117#UFD1-RAT#Q9ES53",8
"GO:0072028","GO:0072028","nephron morphogenesis","5/87","44/6213",0.113636363636364,8.11520376175549,5.64407983830842,0.000338872123818657,0.0144298831232034,0.0117873194365201,"XLOC-020834#BMP15-BOVIN#Q6PX77/XLOC-010538#LSHR-CHICK#Q90674/XLOC-006335#GREM1-CHICK#O73755/XLOC-013477#SIX1B-DANRE#Q6NZ04/XLOC-010665#MYC-MARMO#P22555",5
"GO:0061135","GO:0061135","endopeptidase regulator activity","4/87","25/6213",0.16,11.4262068965517,6.22455120886491,0.000362479075443054,0.0152081294446917,0.0124230444741629,"XLOC-023693#TRLF-DESRO#K9IMD0/XLOC-021454#SPB3-HUMAN#P29508/XLOC-020938#SPB6-MOUSE#Q60854/XLOC-016437#UBP14-PANTR#P60051",4
"GO:0048762","GO:0048762","mesenchymal cell differentiation","6/87","69/6213",0.0869565217391304,6.20989505247376,5.18578814386865,0.000374850997281803,0.0154047526414721,0.0125836598034273,"XLOC-006454#GSC-PONPY#A2T7P4/XLOC-020834#BMP15-BOVIN#Q6PX77/XLOC-010538#LSHR-CHICK#Q90674/XLOC-013477#SIX1B-DANRE#Q6NZ04/XLOC-020923#WNT11-HUMAN#O96014/XLOC-000173#TES-CHICK#Q90YH9",6
"GO:0007267","GO:0007267","cell-cell signaling","16/87","445/6213",0.0359550561797753,2.56768694304533,4.08990833445821,0.00037796448822399,0.0154047526414721,0.0125836598034273,"XLOC-020834#BMP15-BOVIN#Q6PX77/XLOC-008044#MOM5-CAEEL#A0A0K3AWM6/XLOC-020938#SPB6-MOUSE#Q60854/XLOC-010538#LSHR-CHICK#Q90674/XLOC-006335#GREM1-CHICK#O73755/XLOC-020299#SC5A7-DROME#Q9VE46/XLOC-011874#SY65-APLCA#P41823/gene-evm.model.ptg000022l.266#FCN1-MOUSE#O70165/gene-evm.model.ptg000010l.70#ESYT2-MOUSE#Q3TZZ7/XLOC-020923#WNT11-HUMAN#O96014/XLOC-016437#UBP14-PANTR#P60051/XLOC-015788#OTOF-HUMAN#Q9HC10/XLOC-010031#ACHB4-BOVIN#Q8SPU6/XLOC-025964#NEC1-HUMAN#P29120/XLOC-010665#MYC-MARMO#P22555/XLOC-023090#KCC2A-HUMAN#Q9UQM7",16
"GO:0050920","GO:0050920","regulation of chemotaxis","7/87","97/6213",0.0721649484536082,5.15357269818699,4.91315876775063,0.00038360680841565,0.0154145102029556,0.0125916304496998,"XLOC-008044#MOM5-CAEEL#A0A0K3AWM6/XLOC-016472#COMP-MOUSE#Q9R0G6/XLOC-006335#GREM1-CHICK#O73755/XLOC-022943#NR2E3-MOUSE#Q9QXZ7/XLOC-020923#WNT11-HUMAN#O96014/XLOC-016437#UBP14-PANTR#P60051/gene-evm.model.ptg000002l.349#ADT1-CAEEL#G5ECS8",7
"GO:0043587","GO:0043587","tongue morphogenesis","3/87","11/6213",0.272727272727273,19.4764890282132,7.30864325165664,0.000403523456909441,0.0155574651697653,0.0127084058833215,"XLOC-020834#BMP15-BOVIN#Q6PX77/XLOC-013477#SIX1B-DANRE#Q6NZ04/novel-gene-chr14-4172#SIX2-MOUSE#Q62232",3
"GO:0071675","GO:0071675","regulation of mononuclear cell migration","3/87","11/6213",0.272727272727273,19.4764890282132,7.30864325165664,0.000403523456909441,0.0155574651697653,0.0127084058833215,"XLOC-016472#COMP-MOUSE#Q9R0G6/XLOC-006335#GREM1-CHICK#O73755/gene-evm.model.ptg000002l.349#ADT1-CAEEL#G5ECS8",3
"GO:0071731","GO:0071731","response to nitric oxide","3/87","11/6213",0.272727272727273,19.4764890282132,7.30864325165664,0.000403523456909441,0.0155574651697653,0.0127084058833215,"XLOC-020834#BMP15-BOVIN#Q6PX77/XLOC-016472#COMP-MOUSE#Q9R0G6/gene-evm.model.ptg000002l.349#ADT1-CAEEL#G5ECS8",3
"GO:0032101","GO:0032101","regulation of response to external stimulus","13/87","321/6213",0.0404984423676012,2.8921473842518,4.14823128408038,0.000468162253941791,0.0178088921399457,0.0145475260382754,"XLOC-023693#TRLF-DESRO#K9IMD0/XLOC-026524#KLKB1-RAT#P14272/XLOC-008044#MOM5-CAEEL#A0A0K3AWM6/XLOC-016472#COMP-MOUSE#Q9R0G6/XLOC-006335#GREM1-CHICK#O73755/XLOC-022943#NR2E3-MOUSE#Q9QXZ7/gene-evm.model.ptg000004l.40#FA5-MOUSE#O88783/XLOC-020923#WNT11-HUMAN#O96014/XLOC-016437#UBP14-PANTR#P60051/gene-evm.model.ptg000002l.349#ADT1-CAEEL#G5ECS8/XLOC-011360#XLOC-011360/XLOC-010031#ACHB4-BOVIN#Q8SPU6/gene-evm.model.ptg000021l.117#UFD1-RAT#Q9ES53",13
"GO:0008307","GO:0008307","structural constituent of muscle","4/87","27/6213",0.148148148148148,10.5798212005109,5.94458007180846,0.000492263170054058,0.0184793003179504,0.0150951614750649,"XLOC-004696#MYS-ARGIR#P24733/XLOC-018113#MYL6B-HUMAN#P14649/XLOC-016635#MYL1-DANRE#Q6P0G6/gene-evm.model.ptg000006l.277#gene-evm.model.ptg000006l.277",4
"GO:0048732","GO:0048732","gland development","13/87","324/6213",0.0401234567901235,2.86536824180502,4.10963413576383,0.000511748515477469,0.0187592680433209,0.0153238583385587,"XLOC-026524#KLKB1-RAT#P14272/XLOC-020834#BMP15-BOVIN#Q6PX77/XLOC-008044#MOM5-CAEEL#A0A0K3AWM6/XLOC-003038#INHBA-MOUSE#Q04998/XLOC-001125#PITX3-HUMAN#O75364/XLOC-013477#SIX1B-DANRE#Q6NZ04/XLOC-013652#HXD3-HAPBU#A8DT10/gene-evm.model.ptg000022l.266#FCN1-MOUSE#O70165/gene-evm.model.ptg000007l.881-1#OTP-SACKO#Q7YTC2/novel-gene-chr14-4172#SIX2-MOUSE#Q62232/gene-evm.model.ptg000032l.233#LAMC1-XENTR#A0JP86/XLOC-025964#NEC1-HUMAN#P29120/XLOC-010665#MYC-MARMO#P22555",13
"GO:0001101","GO:0001101","response to acid chemical","10/87","204/6213",0.0490196078431373,3.50067613252197,4.32771132896882,0.000514591066045936,0.0187592680433209,0.0153238583385587,"XLOC-020834#BMP15-BOVIN#Q6PX77/XLOC-008044#MOM5-CAEEL#A0A0K3AWM6/XLOC-004696#MYS-ARGIR#P24733/XLOC-013477#SIX1B-DANRE#Q6NZ04/gene-evm.model.ptg000022l.478#GSH0-HUMAN#P48507/XLOC-009823#GSH1-HUMAN#P48506/XLOC-004104#XLOC-004104/XLOC-013035#HXA4-LINSA#P81192/XLOC-025964#NEC1-HUMAN#P29120/XLOC-010665#MYC-MARMO#P22555",10
"GO:0043586","GO:0043586","tongue development","3/87","12/6213",0.25,17.8534482758621,6.96362512328628,0.000532597515425514,0.0187592680433209,0.0153238583385587,"XLOC-020834#BMP15-BOVIN#Q6PX77/XLOC-013477#SIX1B-DANRE#Q6NZ04/novel-gene-chr14-4172#SIX2-MOUSE#Q62232",3
"GO:0060278","GO:0060278","regulation of ovulation","3/87","12/6213",0.25,17.8534482758621,6.96362512328628,0.000532597515425514,0.0187592680433209,0.0153238583385587,"XLOC-003038#INHBA-MOUSE#Q04998/XLOC-004696#MYS-ARGIR#P24733/XLOC-023090#KCC2A-HUMAN#Q9UQM7",3
"GO:1905276","GO:1905276","regulation of epithelial tube formation","3/87","12/6213",0.25,17.8534482758621,6.96362512328628,0.000532597515425514,0.0187592680433209,0.0153238583385587,"XLOC-008044#MOM5-CAEEL#A0A0K3AWM6/XLOC-013477#SIX1B-DANRE#Q6NZ04/novel-gene-chr14-4172#SIX2-MOUSE#Q62232",3
"GO:0042471","GO:0042471","ear morphogenesis","6/87","74/6213",0.0810810810810811,5.79030754892824,4.93989017648565,0.00054782393629814,0.0190065621042126,0.0155258651092024,"XLOC-006454#GSC-PONPY#A2T7P4/XLOC-008044#MOM5-CAEEL#A0A0K3AWM6/XLOC-013477#SIX1B-DANRE#Q6NZ04/XLOC-013035#HXA4-LINSA#P81192/novel-gene-chr14-4172#SIX2-MOUSE#Q62232/XLOC-010665#MYC-MARMO#P22555",6
"GO:0006936","GO:0006936","muscle contraction","7/87","103/6213",0.0679611650485437,4.853364579846,4.69921117393466,0.000552942395600999,0.0190065621042126,0.0155258651092024,"XLOC-004696#MYS-ARGIR#P24733/XLOC-018113#MYL6B-HUMAN#P14649/XLOC-026222#MYPH-ECHGR#Q24799/XLOC-016635#MYL1-DANRE#Q6P0G6/gene-evm.model.ptg000006l.277#gene-evm.model.ptg000006l.277/XLOC-025643#TRIM2-HUMAN#Q9C040/XLOC-023090#KCC2A-HUMAN#Q9UQM7",7
"GO:0016459","GO:0016459","myosin complex","4/87","28/6213",0.142857142857143,10.2019704433498,5.81536329891375,0.000568212091655804,0.0190718717352236,0.0155792145006309,"XLOC-004696#MYS-ARGIR#P24733/XLOC-018113#MYL6B-HUMAN#P14649/XLOC-016635#MYL1-DANRE#Q6P0G6/gene-evm.model.ptg000006l.277#gene-evm.model.ptg000006l.277",4
"GO:0016859","GO:0016859","cis-trans isomerase activity","4/87","28/6213",0.142857142857143,10.2019704433498,5.81536329891375,0.000568212091655804,0.0190718717352236,0.0155792145006309,"XLOC-006516#FKBP9-BOVIN#Q2KJC8/gene-evm.model.ptg000020l.16#MAAI-MOUSE#Q9WVL0/XLOC-009392#FKB14-HUMAN#Q9NWM8/gene-evm.model.ptg000001l.34#FKB2B-RHIO9#P0C1J5",4
"GO:0007162","GO:0007162","negative regulation of cell adhesion","7/87","106/6213",0.0660377358490566,4.7160052049447,4.59835122476558,0.000657484313655655,0.0218116598472045,0.0178172615720149,"XLOC-006454#GSC-PONPY#A2T7P4/XLOC-020834#BMP15-BOVIN#Q6PX77/XLOC-008044#MOM5-CAEEL#A0A0K3AWM6/XLOC-016472#COMP-MOUSE#Q9R0G6/XLOC-010538#LSHR-CHICK#Q90674/gene-evm.model.ptg000022l.266#FCN1-MOUSE#O70165/gene-evm.model.ptg000002l.349#ADT1-CAEEL#G5ECS8",7
"GO:0051917","GO:0051917","regulation of fibrinolysis","3/87","13/6213",0.230769230769231,16.4801061007958,6.65789003752142,0.000685388229686344,0.0224760071183349,0.0183599460438665,"XLOC-026524#KLKB1-RAT#P14272/XLOC-016472#COMP-MOUSE#Q9R0G6/gene-evm.model.ptg000002l.349#ADT1-CAEEL#G5ECS8",3
"GO:0048562","GO:0048562","embryonic organ morphogenesis","10/87","212/6213",0.0471698113207547,3.36857514638907,4.18148110410845,0.000695954024438234,0.0225631458150259,0.0184311269151465,"XLOC-006454#GSC-PONPY#A2T7P4/XLOC-020834#BMP15-BOVIN#Q6PX77/XLOC-008044#MOM5-CAEEL#A0A0K3AWM6/XLOC-013477#SIX1B-DANRE#Q6NZ04/XLOC-013652#HXD3-HAPBU#A8DT10/XLOC-020923#WNT11-HUMAN#O96014/XLOC-013035#HXA4-LINSA#P81192/novel-gene-chr14-4172#SIX2-MOUSE#Q62232/gene-evm.model.ptg000032l.233#LAMC1-XENTR#A0JP86/XLOC-010665#MYC-MARMO#P22555",10
"GO:0017015","GO:0017015","regulation of transforming growth factor beta receptor signaling pathway","5/87","52/6213",0.0961538461538462,6.86671087533157,5.06241339671261,0.000742805464224027,0.0236000653104818,0.0192781539643982,"XLOC-020834#BMP15-BOVIN#Q6PX77/XLOC-016472#COMP-MOUSE#Q9R0G6/XLOC-000223#BMP1-MOUSE#P98063/gene-evm.model.ptg000002l.349#ADT1-CAEEL#G5ECS8/XLOC-018043#RSLBB-DANRE#Q6P0U3",5
"GO:0045843","GO:0045843","negative regulation of striated muscle tissue development","4/87","30/6213",0.133333333333333,9.52183908045977,5.57546619281171,0.000744481555535703,0.0236000653104818,0.0192781539643982,"XLOC-020834#BMP15-BOVIN#Q6PX77/XLOC-008044#MOM5-CAEEL#A0A0K3AWM6/XLOC-000223#BMP1-MOUSE#P98063/novel-gene-chr14-4172#SIX2-MOUSE#Q62232",4
"GO:0060993","GO:0060993","kidney morphogenesis","5/87","53/6213",0.0943396226415094,6.73715029277814,4.99839598845377,0.000811238639036416,0.0251762884741536,0.0205657212838844,"XLOC-020834#BMP15-BOVIN#Q6PX77/XLOC-010538#LSHR-CHICK#Q90674/XLOC-006335#GREM1-CHICK#O73755/XLOC-013477#SIX1B-DANRE#Q6NZ04/XLOC-010665#MYC-MARMO#P22555",5
"GO:0040012","GO:0040012","regulation of locomotion","16/87","477/6213",0.0335429769392034,2.39543121521001,3.77963537909773,0.000813667239025729,0.0251762884741536,0.0205657212838844,"XLOC-025132#PPN1-CAEEL#O76840/XLOC-020834#BMP15-BOVIN#Q6PX77/XLOC-008044#MOM5-CAEEL#A0A0K3AWM6/XLOC-016472#COMP-MOUSE#Q9R0G6/XLOC-020938#SPB6-MOUSE#Q60854/XLOC-010538#LSHR-CHICK#Q90674/XLOC-006335#GREM1-CHICK#O73755/XLOC-001125#PITX3-HUMAN#O75364/XLOC-022275#T53I2-HUMAN#Q8IXH6/XLOC-022943#NR2E3-MOUSE#Q9QXZ7/XLOC-020923#WNT11-HUMAN#O96014/XLOC-016437#UBP14-PANTR#P60051/gene-evm.model.ptg000002l.349#ADT1-CAEEL#G5ECS8/gene-evm.model.ptg000032l.233#LAMC1-XENTR#A0JP86/XLOC-010665#MYC-MARMO#P22555/XLOC-023090#KCC2A-HUMAN#Q9UQM7",16
"GO:0009743","GO:0009743","response to carbohydrate","7/87","110/6213",0.0636363636363636,4.54451410658307,4.46959549188654,0.000820678173184819,0.0251762884741536,0.0205657212838844,"XLOC-016472#COMP-MOUSE#Q9R0G6/XLOC-026123#MGA-HUMAN#O43451/gene-evm.model.ptg000022l.478#GSH0-HUMAN#P48507/XLOC-009823#GSH1-HUMAN#P48506/gene-evm.model.ptg000002l.349#ADT1-CAEEL#G5ECS8/XLOC-025964#NEC1-HUMAN#P29120/XLOC-010665#MYC-MARMO#P22555",7
"GO:0061005","GO:0061005","cell differentiation involved in kidney development","4/87","31/6213",0.129032258064516,9.2146829810901,5.4637901147825,0.000845713226796625,0.0255361862616599,0.0208597105109359,"XLOC-020834#BMP15-BOVIN#Q6PX77/XLOC-010538#LSHR-CHICK#Q90674/XLOC-006335#GREM1-CHICK#O73755/XLOC-013477#SIX1B-DANRE#Q6NZ04",4
"GO:0050922","GO:0050922","negative regulation of chemotaxis","3/87","14/6213",0.214285714285714,15.3029556650246,6.38433762258396,0.000863512630118156,0.0255361862616599,0.0208597105109359,"XLOC-016472#COMP-MOUSE#Q9R0G6/XLOC-006335#GREM1-CHICK#O73755/gene-evm.model.ptg000002l.349#ADT1-CAEEL#G5ECS8",3
"GO:0090103","GO:0090103","cochlea morphogenesis","3/87","14/6213",0.214285714285714,15.3029556650246,6.38433762258396,0.000863512630118156,0.0255361862616599,0.0208597105109359,"XLOC-008044#MOM5-CAEEL#A0A0K3AWM6/XLOC-013477#SIX1B-DANRE#Q6NZ04/XLOC-013035#HXA4-LINSA#P81192",3
"GO:0040017","GO:0040017","positive regulation of locomotion","11/87","258/6213",0.0426356589147287,3.04477412456562,3.9976168265045,0.000868212431609188,0.0255361862616599,0.0208597105109359,"XLOC-020834#BMP15-BOVIN#Q6PX77/XLOC-008044#MOM5-CAEEL#A0A0K3AWM6/XLOC-016472#COMP-MOUSE#Q9R0G6/XLOC-020938#SPB6-MOUSE#Q60854/XLOC-010538#LSHR-CHICK#Q90674/XLOC-022943#NR2E3-MOUSE#Q9QXZ7/XLOC-020923#WNT11-HUMAN#O96014/gene-evm.model.ptg000002l.349#ADT1-CAEEL#G5ECS8/gene-evm.model.ptg000032l.233#LAMC1-XENTR#A0JP86/XLOC-010665#MYC-MARMO#P22555/XLOC-023090#KCC2A-HUMAN#Q9UQM7",11
"GO:1903844","GO:1903844","regulation of cellular response to transforming growth factor beta stimulus","5/87","54/6213",0.0925925925925926,6.61238825031928,4.93601349314034,0.000884272870201982,0.0255805032771559,0.0208959116924468,"XLOC-020834#BMP15-BOVIN#Q6PX77/XLOC-016472#COMP-MOUSE#Q9R0G6/XLOC-000223#BMP1-MOUSE#P98063/gene-evm.model.ptg000002l.349#ADT1-CAEEL#G5ECS8/XLOC-018043#RSLBB-DANRE#Q6P0U3",5
"GO:0048706","GO:0048706","embryonic skeletal system development","6/87","81/6213",0.0740740740740741,5.28991060025543,4.63101866865664,0.000887651533276705,0.0255805032771559,0.0208959116924468,"XLOC-006454#GSC-PONPY#A2T7P4/XLOC-020834#BMP15-BOVIN#Q6PX77/XLOC-013477#SIX1B-DANRE#Q6NZ04/XLOC-013652#HXD3-HAPBU#A8DT10/XLOC-013035#HXA4-LINSA#P81192/novel-gene-chr14-4172#SIX2-MOUSE#Q62232",6
"GO:0007498","GO:0007498","mesoderm development","7/87","112/6213",0.0625,4.46336206896552,4.40750941468662,0.000913489850826269,0.0260618654440734,0.0212891213655722,"XLOC-020834#BMP15-BOVIN#Q6PX77/XLOC-008044#MOM5-CAEEL#A0A0K3AWM6/XLOC-003038#INHBA-MOUSE#Q04998/XLOC-000223#BMP1-MOUSE#P98063/XLOC-013477#SIX1B-DANRE#Q6NZ04/XLOC-018043#RSLBB-DANRE#Q6P0U3/novel-gene-chr14-4172#SIX2-MOUSE#Q62232",7
"GO:0048635","GO:0048635","negative regulation of muscle organ development","4/87","32/6213",0.125,8.92672413793103,5.35705635794337,0.000956286381887618,0.0270127232428255,0.022065847311091,"XLOC-020834#BMP15-BOVIN#Q6PX77/XLOC-008044#MOM5-CAEEL#A0A0K3AWM6/XLOC-000223#BMP1-MOUSE#P98063/novel-gene-chr14-4172#SIX2-MOUSE#Q62232",4
"GO:0072080","GO:0072080","nephron tubule development","5/87","56/6213",0.0892857142857143,6.3762315270936,4.81586443998336,0.00104491293655291,0.028180827745597,0.0230200352828055,"XLOC-020834#BMP15-BOVIN#Q6PX77/XLOC-010538#LSHR-CHICK#Q90674/XLOC-006335#GREM1-CHICK#O73755/XLOC-013477#SIX1B-DANRE#Q6NZ04/XLOC-010665#MYC-MARMO#P22555",5
"GO:0002683","GO:0002683","negative regulation of immune system process","8/87","149/6213",0.0536912751677852,3.83429761629252,4.17297557782593,0.00106776527383251,0.028180827745597,0.0230200352828055,"XLOC-023693#TRLF-DESRO#K9IMD0/XLOC-020834#BMP15-BOVIN#Q6PX77/XLOC-016472#COMP-MOUSE#Q9R0G6/XLOC-010538#LSHR-CHICK#Q90674/XLOC-006335#GREM1-CHICK#O73755/gene-evm.model.ptg000002l.349#ADT1-CAEEL#G5ECS8/XLOC-010665#MYC-MARMO#P22555/gene-evm.model.ptg000021l.117#UFD1-RAT#Q9ES53",8
"GO:0005160","GO:0005160","transforming growth factor beta receptor binding","3/87","15/6213",0.2,14.2827586206897,6.13754907539663,0.0010685084617169,0.028180827745597,0.0230200352828055,"XLOC-020834#BMP15-BOVIN#Q6PX77/XLOC-003038#INHBA-MOUSE#Q04998/XLOC-018043#RSLBB-DANRE#Q6P0U3",3
"GO:0042474","GO:0042474","middle ear morphogenesis","3/87","15/6213",0.2,14.2827586206897,6.13754907539663,0.0010685084617169,0.028180827745597,0.0230200352828055,"XLOC-006454#GSC-PONPY#A2T7P4/XLOC-013477#SIX1B-DANRE#Q6NZ04/XLOC-010665#MYC-MARMO#P22555",3
"GO:1904037","GO:1904037","positive regulation of epithelial cell apoptotic process","3/87","15/6213",0.2,14.2827586206897,6.13754907539663,0.0010685084617169,0.028180827745597,0.0230200352828055,"XLOC-020834#BMP15-BOVIN#Q6PX77/XLOC-016472#COMP-MOUSE#Q9R0G6/gene-evm.model.ptg000002l.349#ADT1-CAEEL#G5ECS8",3
"GO:0009746","GO:0009746","response to hexose","6/87","84/6213",0.0714285714285714,5.10098522167488,4.50941173025682,0.00107521172621774,0.028180827745597,0.0230200352828055,"XLOC-016472#COMP-MOUSE#Q9R0G6/XLOC-026123#MGA-HUMAN#O43451/gene-evm.model.ptg000022l.478#GSH0-HUMAN#P48507/XLOC-009823#GSH1-HUMAN#P48506/gene-evm.model.ptg000002l.349#ADT1-CAEEL#G5ECS8/XLOC-025964#NEC1-HUMAN#P29120",6
"GO:0001658","GO:0001658","branching involved in ureteric bud morphogenesis","4/87","33/6213",0.121212121212121,8.65621734587252,5.254892545023,0.00107665973511044,0.028180827745597,0.0230200352828055,"XLOC-020834#BMP15-BOVIN#Q6PX77/XLOC-006335#GREM1-CHICK#O73755/XLOC-013477#SIX1B-DANRE#Q6NZ04/XLOC-010665#MYC-MARMO#P22555",4
"GO:1901862","GO:1901862","negative regulation of muscle tissue development","4/87","33/6213",0.121212121212121,8.65621734587252,5.254892545023,0.00107665973511044,0.028180827745597,0.0230200352828055,"XLOC-020834#BMP15-BOVIN#Q6PX77/XLOC-008044#MOM5-CAEEL#A0A0K3AWM6/XLOC-000223#BMP1-MOUSE#P98063/novel-gene-chr14-4172#SIX2-MOUSE#Q62232",4
"GO:0045861","GO:0045861","negative regulation of proteolysis","7/87","116/6213",0.0603448275862069,4.30945303210464,4.28759714087979,0.0011239149667025,0.0291502672727477,0.0238119400600894,"XLOC-023693#TRLF-DESRO#K9IMD0/XLOC-021454#SPB3-HUMAN#P29508/XLOC-025132#PPN1-CAEEL#O76840/XLOC-016472#COMP-MOUSE#Q9R0G6/XLOC-020938#SPB6-MOUSE#Q60854/XLOC-016437#UBP14-PANTR#P60051/gene-evm.model.ptg000002l.349#ADT1-CAEEL#G5ECS8",7
"GO:0061035","GO:0061035","regulation of cartilage development","4/87","34/6213",0.117647058823529,8.40162271805274,5.15696469977379,0.00120729209240161,0.0304225316421443,0.0248512129635314,"XLOC-020834#BMP15-BOVIN#Q6PX77/XLOC-006335#GREM1-CHICK#O73755/XLOC-000223#BMP1-MOUSE#P98063/XLOC-013477#SIX1B-DANRE#Q6NZ04",4
"GO:0043062","GO:0043062","extracellular structure organization","8/87","152/6213",0.0526315789473684,3.75862068965517,4.10325487987591,0.00121513648990514,0.0304225316421443,0.0248512129635314,"XLOC-026524#KLKB1-RAT#P14272/XLOC-016472#COMP-MOUSE#Q9R0G6/XLOC-022911#PA2B-BUNFA#A6MEY4/XLOC-006335#GREM1-CHICK#O73755/XLOC-000223#BMP1-MOUSE#P98063/gene-evm.model.ptg000022l.266#FCN1-MOUSE#O70165/gene-evm.model.ptg000002l.349#ADT1-CAEEL#G5ECS8/gene-evm.model.ptg000032l.233#LAMC1-XENTR#A0JP86",8
"GO:0048661","GO:0048661","positive regulation of smooth muscle cell proliferation","5/87","58/6213",0.0862068965517241,6.1563614744352,4.70143219143961,0.00122628501186351,0.0304225316421443,0.0248512129635314,"XLOC-020834#BMP15-BOVIN#Q6PX77/XLOC-016472#COMP-MOUSE#Q9R0G6/gene-evm.model.ptg000002l.349#ADT1-CAEEL#G5ECS8/XLOC-010665#MYC-MARMO#P22555/XLOC-023090#KCC2A-HUMAN#Q9UQM7",5
"GO:0050921","GO:0050921","positive regulation of chemotaxis","5/87","58/6213",0.0862068965517241,6.1563614744352,4.70143219143961,0.00122628501186351,0.0304225316421443,0.0248512129635314,"XLOC-008044#MOM5-CAEEL#A0A0K3AWM6/XLOC-016472#COMP-MOUSE#Q9R0G6/XLOC-022943#NR2E3-MOUSE#Q9QXZ7/XLOC-020923#WNT11-HUMAN#O96014/gene-evm.model.ptg000002l.349#ADT1-CAEEL#G5ECS8",5
"GO:2001236","GO:2001236","regulation of extrinsic apoptotic signaling pathway","5/87","58/6213",0.0862068965517241,6.1563614744352,4.70143219143961,0.00122628501186351,0.0304225316421443,0.0248512129635314,"XLOC-020834#BMP15-BOVIN#Q6PX77/XLOC-016472#COMP-MOUSE#Q9R0G6/gene-evm.model.ptg000022l.478#GSH0-HUMAN#P48507/XLOC-009823#GSH1-HUMAN#P48506/gene-evm.model.ptg000002l.349#ADT1-CAEEL#G5ECS8",5
"GO:0016202","GO:0016202","regulation of striated muscle tissue development","6/87","87/6213",0.0689655172413793,4.92508917954816,4.39346845180727,0.00129185652246415,0.0312112549140467,0.0254954962937257,"XLOC-020834#BMP15-BOVIN#Q6PX77/XLOC-008044#MOM5-CAEEL#A0A0K3AWM6/XLOC-006335#GREM1-CHICK#O73755/XLOC-000223#BMP1-MOUSE#P98063/XLOC-013477#SIX1B-DANRE#Q6NZ04/novel-gene-chr14-4172#SIX2-MOUSE#Q62232",6
"GO:1905330","GO:1905330","regulation of morphogenesis of an epithelium","6/87","87/6213",0.0689655172413793,4.92508917954816,4.39346845180727,0.00129185652246415,0.0312112549140467,0.0254954962937257,"XLOC-020834#BMP15-BOVIN#Q6PX77/XLOC-008044#MOM5-CAEEL#A0A0K3AWM6/XLOC-010538#LSHR-CHICK#Q90674/XLOC-006335#GREM1-CHICK#O73755/XLOC-013477#SIX1B-DANRE#Q6NZ04/novel-gene-chr14-4172#SIX2-MOUSE#Q62232",6
"GO:0032891","GO:0032891","negative regulation of organic acid transport","3/87","16/6213",0.1875,13.3900862068966,5.91330697522775,0.00130183642999354,0.0312112549140467,0.0254954962937257,"XLOC-016472#COMP-MOUSE#Q9R0G6/XLOC-025615#S15A2-DANRE#B0S6T2/gene-evm.model.ptg000002l.349#ADT1-CAEEL#G5ECS8",3
"GO:2000351","GO:2000351","regulation of endothelial cell apoptotic process","3/87","16/6213",0.1875,13.3900862068966,5.91330697522775,0.00130183642999354,0.0312112549140467,0.0254954962937257,"XLOC-020834#BMP15-BOVIN#Q6PX77/XLOC-016472#COMP-MOUSE#Q9R0G6/gene-evm.model.ptg000002l.349#ADT1-CAEEL#G5ECS8",3
"GO:0090102","GO:0090102","cochlea development","4/87","35/6213",0.114285714285714,8.1615763546798,5.0629722892219,0.00134864174654545,0.032063957524118,0.0261920423408037,"XLOC-008044#MOM5-CAEEL#A0A0K3AWM6/XLOC-013477#SIX1B-DANRE#Q6NZ04/XLOC-013035#HXA4-LINSA#P81192/XLOC-015788#OTOF-HUMAN#Q9HC10",4
"GO:1901861","GO:1901861","regulation of muscle tissue development","6/87","88/6213",0.0681818181818182,4.86912225705329,4.3559972408289,0.00137102856138426,0.0323268139308206,0.0264067615041735,"XLOC-020834#BMP15-BOVIN#Q6PX77/XLOC-008044#MOM5-CAEEL#A0A0K3AWM6/XLOC-006335#GREM1-CHICK#O73755/XLOC-000223#BMP1-MOUSE#P98063/XLOC-013477#SIX1B-DANRE#Q6NZ04/novel-gene-chr14-4172#SIX2-MOUSE#Q62232",6
"GO:0070252","GO:0070252","actin-mediated cell contraction","5/87","60/6213",0.0833333333333333,5.95114942528736,4.59224505054654,0.00142998130470048,0.0334404644451677,0.0273164677187822,"XLOC-004696#MYS-ARGIR#P24733/XLOC-018113#MYL6B-HUMAN#P14649/XLOC-016635#MYL1-DANRE#Q6P0G6/gene-evm.model.ptg000006l.277#gene-evm.model.ptg000006l.277/XLOC-023090#KCC2A-HUMAN#Q9UQM7",5
"GO:0034284","GO:0034284","response to monosaccharide","6/87","89/6213",0.0674157303370786,4.81441301821,4.3190872948627,0.00145385991753772,0.0337224580872774,0.0275468194901884,"XLOC-016472#COMP-MOUSE#Q9R0G6/XLOC-026123#MGA-HUMAN#O43451/gene-evm.model.ptg000022l.478#GSH0-HUMAN#P48507/XLOC-009823#GSH1-HUMAN#P48506/gene-evm.model.ptg000002l.349#ADT1-CAEEL#G5ECS8/XLOC-025964#NEC1-HUMAN#P29120",6
"GO:0052547","GO:0052547","regulation of peptidase activity","8/87","157/6213",0.0509554140127389,3.63891939380628,3.99089104579009,0.00149653398645907,0.0341704813740876,0.027912795676658,"XLOC-023693#TRLF-DESRO#K9IMD0/XLOC-021454#SPB3-HUMAN#P29508/XLOC-025132#PPN1-CAEEL#O76840/XLOC-016472#COMP-MOUSE#Q9R0G6/XLOC-020938#SPB6-MOUSE#Q60854/XLOC-016437#UBP14-PANTR#P60051/gene-evm.model.ptg000002l.349#ADT1-CAEEL#G5ECS8/XLOC-010665#MYC-MARMO#P22555",8
"GO:0010717","GO:0010717","regulation of epithelial to mesenchymal transition","4/87","36/6213",0.111111111111111,7.93486590038314,4.97264402724913,0.00150116589964027,0.0341704813740876,0.027912795676658,"XLOC-006454#GSC-PONPY#A2T7P4/XLOC-020834#BMP15-BOVIN#Q6PX77/XLOC-020938#SPB6-MOUSE#Q60854/XLOC-006335#GREM1-CHICK#O73755",4
"GO:0030198","GO:0030198","extracellular matrix organization","7/87","122/6213",0.0573770491803279,4.09751271905031,4.1175185797979,0.00150910643292501,0.0341704813740876,0.027912795676658,"XLOC-026524#KLKB1-RAT#P14272/XLOC-016472#COMP-MOUSE#Q9R0G6/XLOC-006335#GREM1-CHICK#O73755/XLOC-000223#BMP1-MOUSE#P98063/gene-evm.model.ptg000022l.266#FCN1-MOUSE#O70165/gene-evm.model.ptg000002l.349#ADT1-CAEEL#G5ECS8/gene-evm.model.ptg000032l.233#LAMC1-XENTR#A0JP86",7
"GO:1903792","GO:1903792","negative regulation of monoatomic anion transport","3/87","17/6213",0.176470588235294,12.6024340770791,5.70827279036279,0.0015648823960278,0.0351544053217899,0.0287165323232951,"XLOC-016472#COMP-MOUSE#Q9R0G6/XLOC-025615#S15A2-DANRE#B0S6T2/gene-evm.model.ptg000002l.349#ADT1-CAEEL#G5ECS8",3
"GO:0003012","GO:0003012","muscle system process","7/87","124/6213",0.0564516129032258,4.03142380422692,4.06322962000464,0.00165816097441444,0.0368306843375899,0.0300858321336447,"XLOC-004696#MYS-ARGIR#P24733/XLOC-018113#MYL6B-HUMAN#P14649/XLOC-026222#MYPH-ECHGR#Q24799/XLOC-016635#MYL1-DANRE#Q6P0G6/gene-evm.model.ptg000006l.277#gene-evm.model.ptg000006l.277/XLOC-025643#TRIM2-HUMAN#Q9C040/XLOC-023090#KCC2A-HUMAN#Q9UQM7",7
"GO:0060349","GO:0060349","bone morphogenesis","4/87","37/6213",0.108108108108108,7.72041006523765,4.8857343050079,0.00166532011200459,0.0368306843375899,0.0300858321336447,"XLOC-023693#TRLF-DESRO#K9IMD0/XLOC-020834#BMP15-BOVIN#Q6PX77/XLOC-016472#COMP-MOUSE#Q9R0G6/gene-evm.model.ptg000002l.349#ADT1-CAEEL#G5ECS8",4
"GO:0048634","GO:0048634","regulation of muscle organ development","6/87","92/6213",0.0652173913043478,4.65742128935532,4.21157526199345,0.00172541905419183,0.0378663120123791,0.0309318039350664,"XLOC-020834#BMP15-BOVIN#Q6PX77/XLOC-008044#MOM5-CAEEL#A0A0K3AWM6/XLOC-006335#GREM1-CHICK#O73755/XLOC-000223#BMP1-MOUSE#P98063/XLOC-013477#SIX1B-DANRE#Q6NZ04/novel-gene-chr14-4172#SIX2-MOUSE#Q62232",6
"GO:0090288","GO:0090288","negative regulation of cellular response to growth factor stimulus","6/87","93/6213",0.0645161290322581,4.60734149054505,4.17676339180388,0.00182400262286052,0.0384319675018261,0.0313938701824646,"XLOC-008044#MOM5-CAEEL#A0A0K3AWM6/XLOC-016472#COMP-MOUSE#Q9R0G6/XLOC-006335#GREM1-CHICK#O73755/XLOC-003648#DAND5-MOUSE#Q76LW6/gene-evm.model.ptg000002l.349#ADT1-CAEEL#G5ECS8/XLOC-018043#RSLBB-DANRE#Q6P0U3",6
"GO:0061134","GO:0061134","peptidase regulator activity","4/87","38/6213",0.105263157894737,7.51724137931035,4.80202014037181,0.00184155777672964,0.0384319675018261,0.0313938701824646,"XLOC-023693#TRLF-DESRO#K9IMD0/XLOC-021454#SPB3-HUMAN#P29508/XLOC-020938#SPB6-MOUSE#Q60854/XLOC-016437#UBP14-PANTR#P60051",4
"GO:0003197","GO:0003197","endocardial cushion development","3/87","18/6213",0.166666666666667,11.9022988505747,5.51976430165684,0.00185895952164458,0.0384319675018261,0.0313938701824646,"XLOC-020834#BMP15-BOVIN#Q6PX77/XLOC-016472#COMP-MOUSE#Q9R0G6/gene-evm.model.ptg000002l.349#ADT1-CAEEL#G5ECS8",3
"GO:0030511","GO:0030511","positive regulation of transforming growth factor beta receptor signaling pathway","3/87","18/6213",0.166666666666667,11.9022988505747,5.51976430165684,0.00185895952164458,0.0384319675018261,0.0313938701824646,"XLOC-020834#BMP15-BOVIN#Q6PX77/XLOC-016472#COMP-MOUSE#Q9R0G6/gene-evm.model.ptg000002l.349#ADT1-CAEEL#G5ECS8",3
"GO:0032369","GO:0032369","negative regulation of lipid transport","3/87","18/6213",0.166666666666667,11.9022988505747,5.51976430165684,0.00185895952164458,0.0384319675018261,0.0313938701824646,"XLOC-016472#COMP-MOUSE#Q9R0G6/XLOC-025615#S15A2-DANRE#B0S6T2/gene-evm.model.ptg000002l.349#ADT1-CAEEL#G5ECS8",3
"GO:0033688","GO:0033688","regulation of osteoblast proliferation","3/87","18/6213",0.166666666666667,11.9022988505747,5.51976430165684,0.00185895952164458,0.0384319675018261,0.0313938701824646,"XLOC-023693#TRLF-DESRO#K9IMD0/XLOC-020834#BMP15-BOVIN#Q6PX77/XLOC-006335#GREM1-CHICK#O73755",3
"GO:0048262","GO:0048262","determination of dorsal/ventral asymmetry","3/87","18/6213",0.166666666666667,11.9022988505747,5.51976430165684,0.00185895952164458,0.0384319675018261,0.0313938701824646,"XLOC-006335#GREM1-CHICK#O73755/XLOC-000223#BMP1-MOUSE#P98063/XLOC-003648#DAND5-MOUSE#Q76LW6",3
"GO:1903846","GO:1903846","positive regulation of cellular response to transforming growth factor beta stimulus","3/87","18/6213",0.166666666666667,11.9022988505747,5.51976430165684,0.00185895952164458,0.0384319675018261,0.0313938701824646,"XLOC-020834#BMP15-BOVIN#Q6PX77/XLOC-016472#COMP-MOUSE#Q9R0G6/gene-evm.model.ptg000002l.349#ADT1-CAEEL#G5ECS8",3
"GO:2001233","GO:2001233","regulation of apoptotic signaling pathway","9/87","202/6213",0.0445544554455446,3.18180266302492,3.75668379825791,0.0019386694678188,0.039563986504668,0.0323185810398417,"XLOC-020834#BMP15-BOVIN#Q6PX77/XLOC-016472#COMP-MOUSE#Q9R0G6/XLOC-003038#INHBA-MOUSE#Q04998/XLOC-022275#T53I2-HUMAN#Q8IXH6/gene-evm.model.ptg000022l.478#GSH0-HUMAN#P48507/XLOC-009823#GSH1-HUMAN#P48506/gene-evm.model.ptg000002l.349#ADT1-CAEEL#G5ECS8/XLOC-027115#TXD12-EPICO#H9D1R1/XLOC-010665#MYC-MARMO#P22555",9
"GO:0060322","GO:0060322","head development","15/87","470/6213",0.0319148936170213,2.27916360968452,3.43710239400541,0.00199037548487539,0.039563986504668,0.0323185810398417,"XLOC-006454#GSC-PONPY#A2T7P4/XLOC-020834#BMP15-BOVIN#Q6PX77/XLOC-008044#MOM5-CAEEL#A0A0K3AWM6/XLOC-003038#INHBA-MOUSE#Q04998/XLOC-004696#MYS-ARGIR#P24733/XLOC-001125#PITX3-HUMAN#O75364/XLOC-013477#SIX1B-DANRE#Q6NZ04/XLOC-022943#NR2E3-MOUSE#Q9QXZ7/XLOC-004104#XLOC-004104/gene-evm.model.ptg000007l.881-1#OTP-SACKO#Q7YTC2/XLOC-013035#HXA4-LINSA#P81192/gene-evm.model.ptg000032l.233#LAMC1-XENTR#A0JP86/XLOC-025964#NEC1-HUMAN#P29120/XLOC-010665#MYC-MARMO#P22555/XLOC-009352#ODO1-BOVIN#Q148N0",15
"GO:0001837","GO:0001837","epithelial to mesenchymal transition","4/87","39/6213",0.102564102564103,7.32449160035367,4.72129855947082,0.00203032961910414,0.039563986504668,0.0323185810398417,"XLOC-006454#GSC-PONPY#A2T7P4/XLOC-020834#BMP15-BOVIN#Q6PX77/XLOC-010538#LSHR-CHICK#Q90674/XLOC-020923#WNT11-HUMAN#O96014",4
"GO:0032680","GO:0032680","regulation of tumor necrosis factor production","4/87","39/6213",0.102564102564103,7.32449160035367,4.72129855947082,0.00203032961910414,0.039563986504668,0.0323185810398417,"XLOC-023693#TRLF-DESRO#K9IMD0/XLOC-016472#COMP-MOUSE#Q9R0G6/gene-evm.model.ptg000002l.349#ADT1-CAEEL#G5ECS8/XLOC-010031#ACHB4-BOVIN#Q8SPU6",4
"GO:0048644","GO:0048644","muscle organ morphogenesis","4/87","39/6213",0.102564102564103,7.32449160035367,4.72129855947082,0.00203032961910414,0.039563986504668,0.0323185810398417,"XLOC-006454#GSC-PONPY#A2T7P4/XLOC-020834#BMP15-BOVIN#Q6PX77/XLOC-008044#MOM5-CAEEL#A0A0K3AWM6/XLOC-004696#MYS-ARGIR#P24733",4
"GO:0060675","GO:0060675","ureteric bud morphogenesis","4/87","39/6213",0.102564102564103,7.32449160035367,4.72129855947082,0.00203032961910414,0.039563986504668,0.0323185810398417,"XLOC-020834#BMP15-BOVIN#Q6PX77/XLOC-006335#GREM1-CHICK#O73755/XLOC-013477#SIX1B-DANRE#Q6NZ04/XLOC-010665#MYC-MARMO#P22555",4
"GO:0072171","GO:0072171","mesonephric tubule morphogenesis","4/87","39/6213",0.102564102564103,7.32449160035367,4.72129855947082,0.00203032961910414,0.039563986504668,0.0323185810398417,"XLOC-020834#BMP15-BOVIN#Q6PX77/XLOC-006335#GREM1-CHICK#O73755/XLOC-013477#SIX1B-DANRE#Q6NZ04/XLOC-010665#MYC-MARMO#P22555",4
"GO:1903555","GO:1903555","regulation of tumor necrosis factor superfamily cytokine production","4/87","39/6213",0.102564102564103,7.32449160035367,4.72129855947082,0.00203032961910414,0.039563986504668,0.0323185810398417,"XLOC-023693#TRLF-DESRO#K9IMD0/XLOC-016472#COMP-MOUSE#Q9R0G6/gene-evm.model.ptg000002l.349#ADT1-CAEEL#G5ECS8/XLOC-010031#ACHB4-BOVIN#Q8SPU6",4
"GO:0030510","GO:0030510","regulation of BMP signaling pathway","5/87","65/6213",0.0769230769230769,5.49336870026525,4.33958958576068,0.00204758370801126,0.039563986504668,0.0323185810398417,"XLOC-020834#BMP15-BOVIN#Q6PX77/XLOC-008044#MOM5-CAEEL#A0A0K3AWM6/XLOC-006335#GREM1-CHICK#O73755/XLOC-000223#BMP1-MOUSE#P98063/XLOC-003648#DAND5-MOUSE#Q76LW6",5
"GO:0090287","GO:0090287","regulation of cellular response to growth factor stimulus","8/87","165/6213",0.0484848484848485,3.46248693834901,3.82029473580539,0.00205239046711912,0.039563986504668,0.0323185810398417,"XLOC-020834#BMP15-BOVIN#Q6PX77/XLOC-008044#MOM5-CAEEL#A0A0K3AWM6/XLOC-016472#COMP-MOUSE#Q9R0G6/XLOC-006335#GREM1-CHICK#O73755/XLOC-000223#BMP1-MOUSE#P98063/XLOC-003648#DAND5-MOUSE#Q76LW6/gene-evm.model.ptg000002l.349#ADT1-CAEEL#G5ECS8/XLOC-018043#RSLBB-DANRE#Q6P0U3",8
"GO:0030178","GO:0030178","negative regulation of Wnt signaling pathway","6/87","96/6213",0.0625,4.46336206896552,4.07522062930983,0.00214555223998458,0.0407496109370313,0.0332870804931419,"XLOC-006454#GSC-PONPY#A2T7P4/XLOC-020834#BMP15-BOVIN#Q6PX77/XLOC-008044#MOM5-CAEEL#A0A0K3AWM6/XLOC-006335#GREM1-CHICK#O73755/gene-evm.model.ptg000001l.686#SOX14-DANRE#Q32PP9/XLOC-012287#SX19B-DANRE#Q9DDD7",6
"GO:0001786","GO:0001786","phosphatidylserine binding","3/87","19/6213",0.157894736842105,11.2758620689655,5.34559829464932,0.0021853103657083,0.0407496109370313,0.0332870804931419,"XLOC-016472#COMP-MOUSE#Q9R0G6/XLOC-011874#SY65-APLCA#P41823/gene-evm.model.ptg000002l.349#ADT1-CAEEL#G5ECS8",3
"GO:0001968","GO:0001968","fibronectin binding","3/87","19/6213",0.157894736842105,11.2758620689655,5.34559829464932,0.0021853103657083,0.0407496109370313,0.0332870804931419,"XLOC-016472#COMP-MOUSE#Q9R0G6/gene-evm.model.ptg000022l.266#FCN1-MOUSE#O70165/gene-evm.model.ptg000002l.349#ADT1-CAEEL#G5ECS8",3
"GO:0003254","GO:0003254","regulation of membrane depolarization","3/87","19/6213",0.157894736842105,11.2758620689655,5.34559829464932,0.0021853103657083,0.0407496109370313,0.0332870804931419,"gene-evm.model.ptg000022l.478#GSH0-HUMAN#P48507/XLOC-009823#GSH1-HUMAN#P48506/XLOC-023090#KCC2A-HUMAN#Q9UQM7",3
"GO:2000191","GO:2000191","regulation of fatty acid transport","3/87","19/6213",0.157894736842105,11.2758620689655,5.34559829464932,0.0021853103657083,0.0407496109370313,0.0332870804931419,"XLOC-016472#COMP-MOUSE#Q9R0G6/XLOC-025615#S15A2-DANRE#B0S6T2/gene-evm.model.ptg000002l.349#ADT1-CAEEL#G5ECS8",3
"GO:0061041","GO:0061041","regulation of wound healing","5/87","67/6213",0.0746268656716418,5.32938754503345,4.2457502163545,0.00234232357002008,0.0431138654533373,0.0352183659356499,"XLOC-026524#KLKB1-RAT#P14272/XLOC-016472#COMP-MOUSE#Q9R0G6/gene-evm.model.ptg000002l.349#ADT1-CAEEL#G5ECS8/XLOC-011360#XLOC-011360/XLOC-010665#MYC-MARMO#P22555",5
"GO:0061333","GO:0061333","renal tubule morphogenesis","5/87","67/6213",0.0746268656716418,5.32938754503345,4.2457502163545,0.00234232357002008,0.0431138654533373,0.0352183659356499,"XLOC-020834#BMP15-BOVIN#Q6PX77/XLOC-010538#LSHR-CHICK#Q90674/XLOC-006335#GREM1-CHICK#O73755/XLOC-013477#SIX1B-DANRE#Q6NZ04/XLOC-010665#MYC-MARMO#P22555",5
"GO:1901701","GO:1901701","cellular response to oxygen-containing compound","15/87","480/6213",0.03125,2.23168103448276,3.34745506241526,0.00244673267296828,0.0447469763844775,0.0365524030900929,"XLOC-020834#BMP15-BOVIN#Q6PX77/XLOC-008044#MOM5-CAEEL#A0A0K3AWM6/XLOC-016472#COMP-MOUSE#Q9R0G6/XLOC-003038#INHBA-MOUSE#Q04998/XLOC-004696#MYS-ARGIR#P24733/XLOC-022275#T53I2-HUMAN#Q8IXH6/XLOC-013477#SIX1B-DANRE#Q6NZ04/XLOC-006685#KAPR-STRPU#Q26619/gene-evm.model.ptg000022l.478#GSH0-HUMAN#P48507/XLOC-009823#GSH1-HUMAN#P48506/XLOC-004104#XLOC-004104/gene-evm.model.ptg000002l.349#ADT1-CAEEL#G5ECS8/XLOC-013035#HXA4-LINSA#P81192/XLOC-010031#ACHB4-BOVIN#Q8SPU6/XLOC-010665#MYC-MARMO#P22555",15
"GO:0032103","GO:0032103","positive regulation of response to external stimulus","7/87","133/6213",0.0526315789473684,3.75862068965517,3.83224153464313,0.00247639800798511,0.0450010415081626,0.0367599409297958,"XLOC-026524#KLKB1-RAT#P14272/XLOC-008044#MOM5-CAEEL#A0A0K3AWM6/XLOC-016472#COMP-MOUSE#Q9R0G6/XLOC-022943#NR2E3-MOUSE#Q9QXZ7/gene-evm.model.ptg000004l.40#FA5-MOUSE#O88783/XLOC-020923#WNT11-HUMAN#O96014/gene-evm.model.ptg000002l.349#ADT1-CAEEL#G5ECS8",7
"GO:0032330","GO:0032330","regulation of chondrocyte differentiation","3/87","20/6213",0.15,10.7120689655172,5.18397703688762,0.00254510893251258,0.0459569353446733,0.0375407806567811,"XLOC-020834#BMP15-BOVIN#Q6PX77/XLOC-006335#GREM1-CHICK#O73755/XLOC-013477#SIX1B-DANRE#Q6NZ04",3
"GO:0048568","GO:0048568","embryonic organ development","11/87","297/6213",0.037037037037037,2.64495530012771,3.46182489359753,0.00269140617942108,0.0482929674835745,0.0394490121233914,"XLOC-006454#GSC-PONPY#A2T7P4/XLOC-020834#BMP15-BOVIN#Q6PX77/XLOC-008044#MOM5-CAEEL#A0A0K3AWM6/XLOC-000223#BMP1-MOUSE#P98063/XLOC-013477#SIX1B-DANRE#Q6NZ04/XLOC-013652#HXD3-HAPBU#A8DT10/XLOC-020923#WNT11-HUMAN#O96014/XLOC-013035#HXA4-LINSA#P81192/novel-gene-chr14-4172#SIX2-MOUSE#Q62232/gene-evm.model.ptg000032l.233#LAMC1-XENTR#A0JP86/XLOC-010665#MYC-MARMO#P22555",11
"GO:0048863","GO:0048863","stem cell differentiation","6/87","101/6213",0.0594059405940594,4.2424035506999,3.91492038041764,0.00277452732492811,0.0494732903626244,0.0404131809038871,"XLOC-006454#GSC-PONPY#A2T7P4/XLOC-020834#BMP15-BOVIN#Q6PX77/XLOC-008044#MOM5-CAEEL#A0A0K3AWM6/XLOC-006335#GREM1-CHICK#O73755/XLOC-010665#MYC-MARMO#P22555/XLOC-000173#TES-CHICK#Q90YH9",6
"GO:0043271","GO:0043271","negative regulation of monoatomic ion transport","5/87","70/6213",0.0714285714285714,5.10098522167488,4.1118174019271,0.00284079409452731,0.0503402829297293,0.0411213999691629,"XLOC-025132#PPN1-CAEEL#O76840/XLOC-016472#COMP-MOUSE#Q9R0G6/XLOC-025615#S15A2-DANRE#B0S6T2/gene-evm.model.ptg000002l.349#ADT1-CAEEL#G5ECS8/XLOC-023090#KCC2A-HUMAN#Q9UQM7",5
"GO:0007420","GO:0007420","brain development","14/87","439/6213",0.0318906605922551,2.2774330374676,3.30840651829072,0.00287031998868578,0.0505495242451884,0.0412923226442515,"XLOC-006454#GSC-PONPY#A2T7P4/XLOC-020834#BMP15-BOVIN#Q6PX77/XLOC-008044#MOM5-CAEEL#A0A0K3AWM6/XLOC-003038#INHBA-MOUSE#Q04998/XLOC-001125#PITX3-HUMAN#O75364/XLOC-013477#SIX1B-DANRE#Q6NZ04/XLOC-022943#NR2E3-MOUSE#Q9QXZ7/XLOC-004104#XLOC-004104/gene-evm.model.ptg000007l.881-1#OTP-SACKO#Q7YTC2/XLOC-013035#HXA4-LINSA#P81192/gene-evm.model.ptg000032l.233#LAMC1-XENTR#A0JP86/XLOC-025964#NEC1-HUMAN#P29120/XLOC-010665#MYC-MARMO#P22555/XLOC-009352#ODO1-BOVIN#Q148N0",14
"GO:0035293","GO:0035293","chitin-based larval cuticle pattern formation","3/87","21/6213",0.142857142857143,10.2019704433498,5.03340482522584,0.00293946267322472,0.0511358963823789,0.0417713116721408,"XLOC-008044#MOM5-CAEEL#A0A0K3AWM6/gene-evm.model.ptg000001l.686#SOX14-DANRE#Q32PP9/XLOC-012287#SX19B-DANRE#Q9DDD7",3
"GO:1902669","GO:1902669","positive regulation of axon guidance","3/87","21/6213",0.142857142857143,10.2019704433498,5.03340482522584,0.00293946267322472,0.0511358963823789,0.0417713116721408,"XLOC-008044#MOM5-CAEEL#A0A0K3AWM6/XLOC-022943#NR2E3-MOUSE#Q9QXZ7/XLOC-020923#WNT11-HUMAN#O96014",3
"GO:0072009","GO:0072009","nephron epithelium development","5/87","71/6213",0.0704225352112676,5.02914035939777,4.06886722926193,0.0030228278078983,0.0522674408238416,0.0426956348751952,"XLOC-020834#BMP15-BOVIN#Q6PX77/XLOC-010538#LSHR-CHICK#Q90674/XLOC-006335#GREM1-CHICK#O73755/XLOC-013477#SIX1B-DANRE#Q6NZ04/XLOC-010665#MYC-MARMO#P22555",5
"GO:0009986","GO:0009986","cell surface","9/87","217/6213",0.0414746543778802,2.96186238677896,3.50553614429691,0.00315380617655514,0.0536453817026926,0.0438212316083758,"XLOC-023693#TRLF-DESRO#K9IMD0/XLOC-025132#PPN1-CAEEL#O76840/XLOC-020834#BMP15-BOVIN#Q6PX77/XLOC-008044#MOM5-CAEEL#A0A0K3AWM6/XLOC-016472#COMP-MOUSE#Q9R0G6/XLOC-006335#GREM1-CHICK#O73755/XLOC-016437#UBP14-PANTR#P60051/gene-evm.model.ptg000002l.349#ADT1-CAEEL#G5ECS8/XLOC-010031#ACHB4-BOVIN#Q8SPU6",9
"GO:0021545","GO:0021545","cranial nerve development","4/87","44/6213",0.0909090909090909,6.49216300940439,4.35661543197108,0.00317773203917107,0.0536453817026926,0.0438212316083758,"XLOC-013477#SIX1B-DANRE#Q6NZ04/XLOC-013652#HXD3-HAPBU#A8DT10/XLOC-013035#HXA4-LINSA#P81192/novel-gene-chr14-4172#SIX2-MOUSE#Q62232",4
"GO:0048018","GO:0048018","receptor ligand activity","4/87","44/6213",0.0909090909090909,6.49216300940439,4.35661543197108,0.00317773203917107,0.0536453817026926,0.0438212316083758,"XLOC-020834#BMP15-BOVIN#Q6PX77/XLOC-003038#INHBA-MOUSE#Q04998/XLOC-006335#GREM1-CHICK#O73755/XLOC-020923#WNT11-HUMAN#O96014",4
"GO:0050673","GO:0050673","epithelial cell proliferation","4/87","44/6213",0.0909090909090909,6.49216300940439,4.35661543197108,0.00317773203917107,0.0536453817026926,0.0438212316083758,"XLOC-020834#BMP15-BOVIN#Q6PX77/XLOC-010538#LSHR-CHICK#Q90674/XLOC-016646#ADK-PHYPA#O49923/XLOC-020923#WNT11-HUMAN#O96014",4
"GO:0061564","GO:0061564","axon development","12/87","351/6213",0.0341880341880342,2.44149720011789,3.31307530965318,0.00333624325063256,0.055309046159914,0.0451802269810355,"XLOC-008044#MOM5-CAEEL#A0A0K3AWM6/XLOC-001125#PITX3-HUMAN#O75364/XLOC-000223#BMP1-MOUSE#P98063/XLOC-022943#NR2E3-MOUSE#Q9QXZ7/gene-evm.model.ptg000001l.686#SOX14-DANRE#Q32PP9/gene-evm.model.ptg000022l.266#FCN1-MOUSE#O70165/gene-evm.model.ptg000004l.40#FA5-MOUSE#O88783/XLOC-009823#GSH1-HUMAN#P48506/XLOC-004104#XLOC-004104/XLOC-013035#HXA4-LINSA#P81192/XLOC-012287#SX19B-DANRE#Q9DDD7/gene-evm.model.ptg000032l.233#LAMC1-XENTR#A0JP86",12
"GO:1901699","GO:1901699","cellular response to nitrogen compound","12/87","351/6213",0.0341880341880342,2.44149720011789,3.31307530965318,0.00333624325063256,0.055309046159914,0.0451802269810355,"XLOC-008044#MOM5-CAEEL#A0A0K3AWM6/XLOC-016472#COMP-MOUSE#Q9R0G6/XLOC-003038#INHBA-MOUSE#Q04998/XLOC-004696#MYS-ARGIR#P24733/XLOC-013477#SIX1B-DANRE#Q6NZ04/XLOC-006685#KAPR-STRPU#Q26619/gene-evm.model.ptg000022l.478#GSH0-HUMAN#P48507/XLOC-009823#GSH1-HUMAN#P48506/XLOC-004104#XLOC-004104/gene-evm.model.ptg000002l.349#ADT1-CAEEL#G5ECS8/XLOC-010031#ACHB4-BOVIN#Q8SPU6/XLOC-010665#MYC-MARMO#P22555",12
"GO:0016461","GO:0016461","unconventional myosin complex","3/87","22/6213",0.136363636363636,9.73824451410658,4.89262561841026,0.00336941444132675,0.055309046159914,0.0451802269810355,"XLOC-018113#MYL6B-HUMAN#P14649/XLOC-016635#MYL1-DANRE#Q6P0G6/gene-evm.model.ptg000006l.277#gene-evm.model.ptg000006l.277",3
"GO:0060037","GO:0060037","pharyngeal system development","3/87","22/6213",0.136363636363636,9.73824451410658,4.89262561841026,0.00336941444132675,0.055309046159914,0.0451802269810355,"XLOC-020834#BMP15-BOVIN#Q6PX77/XLOC-013477#SIX1B-DANRE#Q6NZ04/novel-gene-chr14-4172#SIX2-MOUSE#Q62232",3
"GO:0030048","GO:0030048","actin filament-based movement","5/87","73/6213",0.0684931506849315,4.89135569201701,3.98533678414091,0.00341198462115137,0.055309046159914,0.0451802269810355,"XLOC-004696#MYS-ARGIR#P24733/XLOC-018113#MYL6B-HUMAN#P14649/XLOC-016635#MYL1-DANRE#Q6P0G6/gene-evm.model.ptg000006l.277#gene-evm.model.ptg000006l.277/XLOC-023090#KCC2A-HUMAN#Q9UQM7",5
"GO:0035113","GO:0035113","embryonic appendage morphogenesis","5/87","73/6213",0.0684931506849315,4.89135569201701,3.98533678414091,0.00341198462115137,0.055309046159914,0.0451802269810355,"XLOC-020834#BMP15-BOVIN#Q6PX77/XLOC-006335#GREM1-CHICK#O73755/XLOC-004696#MYS-ARGIR#P24733/XLOC-001125#PITX3-HUMAN#O75364/XLOC-000223#BMP1-MOUSE#P98063",5
"GO:0048660","GO:0048660","regulation of smooth muscle cell proliferation","5/87","73/6213",0.0684931506849315,4.89135569201701,3.98533678414091,0.00341198462115137,0.055309046159914,0.0451802269810355,"XLOC-020834#BMP15-BOVIN#Q6PX77/XLOC-016472#COMP-MOUSE#Q9R0G6/gene-evm.model.ptg000002l.349#ADT1-CAEEL#G5ECS8/XLOC-010665#MYC-MARMO#P22555/XLOC-023090#KCC2A-HUMAN#Q9UQM7",5
"GO:2000146","GO:2000146","negative regulation of cell motility","6/87","106/6213",0.0566037735849057,4.04229017566688,3.76466608194062,0.00353288720016857,0.0569453513111917,0.0465168733938341,"XLOC-025132#PPN1-CAEEL#O76840/XLOC-016472#COMP-MOUSE#Q9R0G6/XLOC-006335#GREM1-CHICK#O73755/XLOC-022275#T53I2-HUMAN#Q8IXH6/XLOC-020923#WNT11-HUMAN#O96014/gene-evm.model.ptg000002l.349#ADT1-CAEEL#G5ECS8",6
"GO:0052548","GO:0052548","regulation of endopeptidase activity","7/87","143/6213",0.048951048951049,3.49578008198698,3.59804707577429,0.00371843138622156,0.0588394371539604,0.048064092777268,"XLOC-023693#TRLF-DESRO#K9IMD0/XLOC-021454#SPB3-HUMAN#P29508/XLOC-016472#COMP-MOUSE#Q9R0G6/XLOC-020938#SPB6-MOUSE#Q60854/XLOC-016437#UBP14-PANTR#P60051/gene-evm.model.ptg000002l.349#ADT1-CAEEL#G5ECS8/XLOC-010665#MYC-MARMO#P22555",7
"GO:0001657","GO:0001657","ureteric bud development","4/87","46/6213",0.0869565217391304,6.20989505247376,4.22627516974912,0.00373978061955263,0.0588394371539604,0.048064092777268,"XLOC-020834#BMP15-BOVIN#Q6PX77/XLOC-006335#GREM1-CHICK#O73755/XLOC-013477#SIX1B-DANRE#Q6NZ04/XLOC-010665#MYC-MARMO#P22555",4
"GO:0032526","GO:0032526","response to retinoic acid","4/87","46/6213",0.0869565217391304,6.20989505247376,4.22627516974912,0.00373978061955263,0.0588394371539604,0.048064092777268,"XLOC-020834#BMP15-BOVIN#Q6PX77/XLOC-008044#MOM5-CAEEL#A0A0K3AWM6/XLOC-013035#HXA4-LINSA#P81192/XLOC-010665#MYC-MARMO#P22555",4
"GO:0030900","GO:0030900","forebrain development","9/87","223/6213",0.0403587443946188,2.88217102211226,3.41102542594217,0.00378255669161841,0.0588394371539604,0.048064092777268,"XLOC-006454#GSC-PONPY#A2T7P4/XLOC-020834#BMP15-BOVIN#Q6PX77/XLOC-003038#INHBA-MOUSE#Q04998/XLOC-001125#PITX3-HUMAN#O75364/XLOC-013477#SIX1B-DANRE#Q6NZ04/gene-evm.model.ptg000007l.881-1#OTP-SACKO#Q7YTC2/XLOC-025964#NEC1-HUMAN#P29120/XLOC-010665#MYC-MARMO#P22555/XLOC-009352#ODO1-BOVIN#Q148N0",9
"GO:0000413","GO:0000413","protein peptidyl-prolyl isomerization","3/87","23/6213",0.130434782608696,9.31484257871064,4.76057573257375,0.00383594440297736,0.0588394371539604,0.048064092777268,"XLOC-006516#FKBP9-BOVIN#Q2KJC8/XLOC-009392#FKB14-HUMAN#Q9NWM8/gene-evm.model.ptg000001l.34#FKB2B-RHIO9#P0C1J5",3
"GO:0002688","GO:0002688","regulation of leukocyte chemotaxis","3/87","23/6213",0.130434782608696,9.31484257871064,4.76057573257375,0.00383594440297736,0.0588394371539604,0.048064092777268,"XLOC-016472#COMP-MOUSE#Q9R0G6/XLOC-006335#GREM1-CHICK#O73755/gene-evm.model.ptg000002l.349#ADT1-CAEEL#G5ECS8",3
"GO:0003755","GO:0003755","peptidyl-prolyl cis-trans isomerase activity","3/87","23/6213",0.130434782608696,9.31484257871064,4.76057573257375,0.00383594440297736,0.0588394371539604,0.048064092777268,"XLOC-006516#FKBP9-BOVIN#Q2KJC8/XLOC-009392#FKB14-HUMAN#Q9NWM8/gene-evm.model.ptg000001l.34#FKB2B-RHIO9#P0C1J5",3
"GO:0035850","GO:0035850","epithelial cell differentiation involved in kidney development","3/87","23/6213",0.130434782608696,9.31484257871064,4.76057573257375,0.00383594440297736,0.0588394371539604,0.048064092777268,"XLOC-020834#BMP15-BOVIN#Q6PX77/XLOC-006335#GREM1-CHICK#O73755/XLOC-013477#SIX1B-DANRE#Q6NZ04",3
"GO:0030278","GO:0030278","regulation of ossification","5/87","75/6213",0.0666666666666667,4.76091954022989,3.90479362513315,0.0038360095726031,0.0588394371539604,0.048064092777268,"XLOC-023693#TRLF-DESRO#K9IMD0/XLOC-020834#BMP15-BOVIN#Q6PX77/XLOC-008044#MOM5-CAEEL#A0A0K3AWM6/XLOC-006335#GREM1-CHICK#O73755/XLOC-013477#SIX1B-DANRE#Q6NZ04",5
"GO:0048667","GO:0048667","cell morphogenesis involved in neuron differentiation","13/87","406/6213",0.0320197044334975,2.28664854764736,3.19546372278722,0.00395726754014245,0.0597886077464429,0.0488394404968453,"XLOC-008044#MOM5-CAEEL#A0A0K3AWM6/XLOC-003038#INHBA-MOUSE#Q04998/XLOC-001125#PITX3-HUMAN#O75364/XLOC-000223#BMP1-MOUSE#P98063/XLOC-022943#NR2E3-MOUSE#Q9QXZ7/gene-evm.model.ptg000001l.686#SOX14-DANRE#Q32PP9/gene-evm.model.ptg000004l.40#FA5-MOUSE#O88783/XLOC-009823#GSH1-HUMAN#P48506/XLOC-004104#XLOC-004104/XLOC-013035#HXA4-LINSA#P81192/XLOC-012287#SX19B-DANRE#Q9DDD7/gene-evm.model.ptg000032l.233#LAMC1-XENTR#A0JP86/XLOC-010031#ACHB4-BOVIN#Q8SPU6",13
"GO:1901652","GO:1901652","response to peptide","10/87","268/6213",0.0373134328358209,2.66469377251673,3.31980577451436,0.00400609368286352,0.0597886077464429,0.0488394404968453,"XLOC-008044#MOM5-CAEEL#A0A0K3AWM6/XLOC-003038#INHBA-MOUSE#Q04998/XLOC-004696#MYS-ARGIR#P24733/XLOC-006685#KAPR-STRPU#Q26619/XLOC-026123#MGA-HUMAN#O43451/XLOC-009823#GSH1-HUMAN#P48506/XLOC-004104#XLOC-004104/XLOC-010031#ACHB4-BOVIN#Q8SPU6/XLOC-025964#NEC1-HUMAN#P29120/XLOC-010665#MYC-MARMO#P22555",10
"GO:0003700","GO:0003700","DNA-binding transcription factor activity","12/87","359/6213",0.0334261838440111,2.38709057727404,3.22635788755409,0.00400683107561603,0.0597886077464429,0.0488394404968453,"XLOC-006454#GSC-PONPY#A2T7P4/XLOC-001125#PITX3-HUMAN#O75364/XLOC-013477#SIX1B-DANRE#Q6NZ04/XLOC-022943#NR2E3-MOUSE#Q9QXZ7/XLOC-013652#HXD3-HAPBU#A8DT10/gene-evm.model.ptg000001l.686#SOX14-DANRE#Q32PP9/gene-evm.model.ptg000007l.881-1#OTP-SACKO#Q7YTC2/XLOC-013035#HXA4-LINSA#P81192/XLOC-006585#OTX1-HUMAN#P32242/novel-gene-chr14-4172#SIX2-MOUSE#Q62232/XLOC-012287#SX19B-DANRE#Q9DDD7/XLOC-010665#MYC-MARMO#P22555",12
"GO:0001823","GO:0001823","mesonephros development","4/87","47/6213",0.0851063829787234,6.07776962582538,4.1639644761923,0.00404458510166964,0.0597886077464429,0.0488394404968453,"XLOC-020834#BMP15-BOVIN#Q6PX77/XLOC-006335#GREM1-CHICK#O73755/XLOC-013477#SIX1B-DANRE#Q6NZ04/XLOC-010665#MYC-MARMO#P22555",4
"GO:0005126","GO:0005126","cytokine receptor binding","4/87","47/6213",0.0851063829787234,6.07776962582538,4.1639644761923,0.00404458510166964,0.0597886077464429,0.0488394404968453,"XLOC-020834#BMP15-BOVIN#Q6PX77/XLOC-003038#INHBA-MOUSE#Q04998/XLOC-006335#GREM1-CHICK#O73755/XLOC-018043#RSLBB-DANRE#Q6P0U3",4
"GO:0072163","GO:0072163","mesonephric epithelium development","4/87","47/6213",0.0851063829787234,6.07776962582538,4.1639644761923,0.00404458510166964,0.0597886077464429,0.0488394404968453,"XLOC-020834#BMP15-BOVIN#Q6PX77/XLOC-006335#GREM1-CHICK#O73755/XLOC-013477#SIX1B-DANRE#Q6NZ04/XLOC-010665#MYC-MARMO#P22555",4
"GO:0072164","GO:0072164","mesonephric tubule development","4/87","47/6213",0.0851063829787234,6.07776962582538,4.1639644761923,0.00404458510166964,0.0597886077464429,0.0488394404968453,"XLOC-020834#BMP15-BOVIN#Q6PX77/XLOC-006335#GREM1-CHICK#O73755/XLOC-013477#SIX1B-DANRE#Q6NZ04/XLOC-010665#MYC-MARMO#P22555",4
"GO:0030155","GO:0030155","regulation of cell adhesion","9/87","227/6213",0.039647577092511,2.8313838675376,3.34973776992253,0.00425384990249107,0.0622208032152624,0.0508262247748781,"XLOC-006454#GSC-PONPY#A2T7P4/XLOC-020834#BMP15-BOVIN#Q6PX77/XLOC-008044#MOM5-CAEEL#A0A0K3AWM6/XLOC-016472#COMP-MOUSE#Q9R0G6/XLOC-010538#LSHR-CHICK#Q90674/XLOC-006335#GREM1-CHICK#O73755/XLOC-016646#ADK-PHYPA#O49923/gene-evm.model.ptg000022l.266#FCN1-MOUSE#O70165/gene-evm.model.ptg000002l.349#ADT1-CAEEL#G5ECS8",9
"GO:0051346","GO:0051346","negative regulation of hydrolase activity","7/87","147/6213",0.0476190476190476,3.40065681444992,3.51013967323378,0.00433024180986956,0.0622208032152624,0.0508262247748781,"XLOC-023693#TRLF-DESRO#K9IMD0/XLOC-021454#SPB3-HUMAN#P29508/XLOC-025132#PPN1-CAEEL#O76840/XLOC-016472#COMP-MOUSE#Q9R0G6/XLOC-020938#SPB6-MOUSE#Q60854/XLOC-016437#UBP14-PANTR#P60051/gene-evm.model.ptg000002l.349#ADT1-CAEEL#G5ECS8",7
"GO:0009611","GO:0009611","response to wounding","10/87","271/6213",0.03690036900369,2.63519531747042,3.28000729879108,0.00433534982078278,0.0622208032152624,0.0508262247748781,"XLOC-026524#KLKB1-RAT#P14272/XLOC-020834#BMP15-BOVIN#Q6PX77/XLOC-008044#MOM5-CAEEL#A0A0K3AWM6/XLOC-003038#INHBA-MOUSE#Q04998/XLOC-010538#LSHR-CHICK#Q90674/XLOC-006685#KAPR-STRPU#Q26619/XLOC-022943#NR2E3-MOUSE#Q9QXZ7/gene-evm.model.ptg000022l.266#FCN1-MOUSE#O70165/XLOC-025964#NEC1-HUMAN#P29120/XLOC-010665#MYC-MARMO#P22555",10
"GO:0008363","GO:0008363","larval chitin-based cuticle development","3/87","24/6213",0.125,8.92672413793103,4.6363474790427,0.00433997190320267,0.0622208032152624,0.0508262247748781,"XLOC-008044#MOM5-CAEEL#A0A0K3AWM6/gene-evm.model.ptg000001l.686#SOX14-DANRE#Q32PP9/XLOC-012287#SX19B-DANRE#Q9DDD7",3
"GO:0010464","GO:0010464","regulation of mesenchymal cell proliferation","3/87","24/6213",0.125,8.92672413793103,4.6363474790427,0.00433997190320267,0.0622208032152624,0.0508262247748781,"XLOC-020834#BMP15-BOVIN#Q6PX77/XLOC-013477#SIX1B-DANRE#Q6NZ04/XLOC-010665#MYC-MARMO#P22555",3
"GO:0042337","GO:0042337","cuticle development involved in chitin-based cuticle molting cycle","3/87","24/6213",0.125,8.92672413793103,4.6363474790427,0.00433997190320267,0.0622208032152624,0.0508262247748781,"XLOC-008044#MOM5-CAEEL#A0A0K3AWM6/gene-evm.model.ptg000001l.686#SOX14-DANRE#Q32PP9/XLOC-012287#SX19B-DANRE#Q9DDD7",3
"GO:0030335","GO:0030335","positive regulation of cell migration","8/87","188/6213",0.0425531914893617,3.03888481291269,3.38282820969549,0.00459028944543381,0.0654804789391133,0.0534889517483708,"XLOC-020834#BMP15-BOVIN#Q6PX77/XLOC-016472#COMP-MOUSE#Q9R0G6/XLOC-020938#SPB6-MOUSE#Q60854/XLOC-010538#LSHR-CHICK#Q90674/XLOC-020923#WNT11-HUMAN#O96014/gene-evm.model.ptg000002l.349#ADT1-CAEEL#G5ECS8/XLOC-010665#MYC-MARMO#P22555/XLOC-023090#KCC2A-HUMAN#Q9UQM7",8
"GO:1903034","GO:1903034","regulation of response to wounding","6/87","112/6213",0.0535714285714286,3.82573891625616,3.59606377526836,0.0046354527960074,0.0654868589604315,0.0534941633879002,"XLOC-026524#KLKB1-RAT#P14272/XLOC-016472#COMP-MOUSE#Q9R0G6/gene-evm.model.ptg000004l.40#FA5-MOUSE#O88783/gene-evm.model.ptg000002l.349#ADT1-CAEEL#G5ECS8/XLOC-011360#XLOC-011360/XLOC-010665#MYC-MARMO#P22555",6
"GO:0046982","GO:0046982","protein heterodimerization activity","9/87","230/6213",0.0391304347826087,2.79445277361319,3.30463351628484,0.00463664406239298,0.0654868589604315,0.0534941633879002,"XLOC-020834#BMP15-BOVIN#Q6PX77/XLOC-008044#MOM5-CAEEL#A0A0K3AWM6/XLOC-003038#INHBA-MOUSE#Q04998/XLOC-004696#MYS-ARGIR#P24733/XLOC-011874#SY65-APLCA#P41823/gene-evm.model.ptg000022l.478#GSH0-HUMAN#P48507/XLOC-009823#GSH1-HUMAN#P48506/XLOC-013035#HXA4-LINSA#P81192/XLOC-010665#MYC-MARMO#P22555",9
"GO:0035265","GO:0035265","organ growth","4/87","49/6213",0.0816326530612245,5.82969739619986,4.04458064787599,0.00470379382745538,0.0661079989641882,0.0540015531967136,"XLOC-020834#BMP15-BOVIN#Q6PX77/XLOC-016472#COMP-MOUSE#Q9R0G6/gene-evm.model.ptg000002l.349#ADT1-CAEEL#G5ECS8/XLOC-023090#KCC2A-HUMAN#Q9UQM7",4
"GO:0090090","GO:0090090","negative regulation of canonical Wnt signaling pathway","5/87","79/6213",0.0632911392405063,4.51986032300306,3.75192322876959,0.00479543724276719,0.0663303111664963,0.0541831530697596,"XLOC-020834#BMP15-BOVIN#Q6PX77/XLOC-008044#MOM5-CAEEL#A0A0K3AWM6/XLOC-006335#GREM1-CHICK#O73755/gene-evm.model.ptg000001l.686#SOX14-DANRE#Q32PP9/XLOC-012287#SX19B-DANRE#Q9DDD7",5
"GO:0007409","GO:0007409","axonogenesis","11/87","321/6213",0.0342679127725857,2.44720163282845,3.17275870666123,0.00487731310509089,0.0663303111664963,0.0541831530697596,"XLOC-008044#MOM5-CAEEL#A0A0K3AWM6/XLOC-001125#PITX3-HUMAN#O75364/XLOC-000223#BMP1-MOUSE#P98063/XLOC-022943#NR2E3-MOUSE#Q9QXZ7/gene-evm.model.ptg000001l.686#SOX14-DANRE#Q32PP9/gene-evm.model.ptg000004l.40#FA5-MOUSE#O88783/XLOC-009823#GSH1-HUMAN#P48506/XLOC-004104#XLOC-004104/XLOC-013035#HXA4-LINSA#P81192/XLOC-012287#SX19B-DANRE#Q9DDD7/gene-evm.model.ptg000032l.233#LAMC1-XENTR#A0JP86",11
"GO:0016529","GO:0016529","sarcoplasmic reticulum","3/87","25/6213",0.12,8.56965517241379,4.51916087237077,0.00488235728880625,0.0663303111664963,0.0541831530697596,"XLOC-016472#COMP-MOUSE#Q9R0G6/gene-evm.model.ptg000002l.349#ADT1-CAEEL#G5ECS8/XLOC-023090#KCC2A-HUMAN#Q9UQM7",3
"GO:0022617","GO:0022617","extracellular matrix disassembly","3/87","25/6213",0.12,8.56965517241379,4.51916087237077,0.00488235728880625,0.0663303111664963,0.0541831530697596,"XLOC-026524#KLKB1-RAT#P14272/XLOC-000223#BMP1-MOUSE#P98063/gene-evm.model.ptg000032l.233#LAMC1-XENTR#A0JP86",3
"GO:0051893","GO:0051893","regulation of focal adhesion assembly","3/87","25/6213",0.12,8.56965517241379,4.51916087237077,0.00488235728880625,0.0663303111664963,0.0541831530697596,"XLOC-016472#COMP-MOUSE#Q9R0G6/XLOC-006335#GREM1-CHICK#O73755/gene-evm.model.ptg000002l.349#ADT1-CAEEL#G5ECS8",3
"GO:0090109","GO:0090109","regulation of cell-substrate junction assembly","3/87","25/6213",0.12,8.56965517241379,4.51916087237077,0.00488235728880625,0.0663303111664963,0.0541831530697596,"XLOC-016472#COMP-MOUSE#Q9R0G6/XLOC-006335#GREM1-CHICK#O73755/gene-evm.model.ptg000002l.349#ADT1-CAEEL#G5ECS8",3
"GO:2000725","GO:2000725","regulation of cardiac muscle cell differentiation","3/87","25/6213",0.12,8.56965517241379,4.51916087237077,0.00488235728880625,0.0663303111664963,0.0541831530697596,"XLOC-020834#BMP15-BOVIN#Q6PX77/XLOC-008044#MOM5-CAEEL#A0A0K3AWM6/XLOC-006335#GREM1-CHICK#O73755",3
"GO:0009612","GO:0009612","response to mechanical stimulus","7/87","151/6213",0.0463576158940397,3.31057319022608,3.42520911530642,0.00501563175985921,0.0677718158682932,0.0553606730984564,"XLOC-020834#BMP15-BOVIN#Q6PX77/XLOC-016472#COMP-MOUSE#Q9R0G6/XLOC-004696#MYS-ARGIR#P24733/XLOC-009823#GSH1-HUMAN#P48506/gene-evm.model.ptg000002l.349#ADT1-CAEEL#G5ECS8/XLOC-015788#OTOF-HUMAN#Q9HC10/XLOC-010665#MYC-MARMO#P22555",7
"GO:0009749","GO:0009749","response to glucose","5/87","80/6213",0.0625,4.46336206896552,3.71529463953149,0.0050597254749199,0.0677718158682932,0.0553606730984564,"XLOC-016472#COMP-MOUSE#Q9R0G6/gene-evm.model.ptg000022l.478#GSH0-HUMAN#P48507/XLOC-009823#GSH1-HUMAN#P48506/gene-evm.model.ptg000002l.349#ADT1-CAEEL#G5ECS8/XLOC-025964#NEC1-HUMAN#P29120",5
"GO:0072006","GO:0072006","nephron development","5/87","80/6213",0.0625,4.46336206896552,3.71529463953149,0.0050597254749199,0.0677718158682932,0.0553606730984564,"XLOC-020834#BMP15-BOVIN#Q6PX77/XLOC-010538#LSHR-CHICK#Q90674/XLOC-006335#GREM1-CHICK#O73755/XLOC-013477#SIX1B-DANRE#Q6NZ04/XLOC-010665#MYC-MARMO#P22555",5
"GO:0097060","GO:0097060","synaptic membrane","6/87","115/6213",0.0521739130434783,3.72593703148426,3.51607300037859,0.0052734101543297,0.0701456397412016,0.0572997754485658,"XLOC-025853#MFSD8-XENLA#Q6GPQ3/XLOC-004104#XLOC-004104/XLOC-016414#GRM4-MOUSE#Q68EF4/XLOC-015788#OTOF-HUMAN#Q9HC10/XLOC-010031#ACHB4-BOVIN#Q8SPU6/XLOC-023090#KCC2A-HUMAN#Q9UQM7",6
"GO:0043434","GO:0043434","response to peptide hormone","9/87","235/6213",0.0382978723404255,2.73499633162142,3.23103297455991,0.00533402690960866,0.0701456397412016,0.0572997754485658,"XLOC-008044#MOM5-CAEEL#A0A0K3AWM6/XLOC-003038#INHBA-MOUSE#Q04998/XLOC-004696#MYS-ARGIR#P24733/XLOC-006685#KAPR-STRPU#Q26619/XLOC-026123#MGA-HUMAN#O43451/XLOC-009823#GSH1-HUMAN#P48506/XLOC-004104#XLOC-004104/XLOC-025964#NEC1-HUMAN#P29120/XLOC-010665#MYC-MARMO#P22555",9
"GO:0001707","GO:0001707","mesoderm formation","4/87","51/6213",0.0784313725490196,5.60108181203516,3.93161560539079,0.00543177810577133,0.0701456397412016,0.0572997754485658,"XLOC-020834#BMP15-BOVIN#Q6PX77/XLOC-008044#MOM5-CAEEL#A0A0K3AWM6/XLOC-000223#BMP1-MOUSE#P98063/XLOC-013477#SIX1B-DANRE#Q6NZ04",4
"GO:0021675","GO:0021675","nerve development","4/87","51/6213",0.0784313725490196,5.60108181203516,3.93161560539079,0.00543177810577133,0.0701456397412016,0.0572997754485658,"XLOC-013477#SIX1B-DANRE#Q6NZ04/XLOC-013652#HXD3-HAPBU#A8DT10/XLOC-013035#HXA4-LINSA#P81192/novel-gene-chr14-4172#SIX2-MOUSE#Q62232",4
"GO:0048701","GO:0048701","embryonic cranial skeleton morphogenesis","4/87","51/6213",0.0784313725490196,5.60108181203516,3.93161560539079,0.00543177810577133,0.0701456397412016,0.0572997754485658,"XLOC-020834#BMP15-BOVIN#Q6PX77/XLOC-013477#SIX1B-DANRE#Q6NZ04/XLOC-013035#HXA4-LINSA#P81192/novel-gene-chr14-4172#SIX2-MOUSE#Q62232",4
"GO:0010812","GO:0010812","negative regulation of cell-substrate adhesion","3/87","26/6213",0.115384615384615,8.24005305039788,4.4083413728535,0.00546390368887305,0.0701456397412016,0.0572997754485658,"XLOC-008044#MOM5-CAEEL#A0A0K3AWM6/XLOC-016472#COMP-MOUSE#Q9R0G6/gene-evm.model.ptg000002l.349#ADT1-CAEEL#G5ECS8",3
"GO:0030500","GO:0030500","regulation of bone mineralization","3/87","26/6213",0.115384615384615,8.24005305039788,4.4083413728535,0.00546390368887305,0.0701456397412016,0.0572997754485658,"XLOC-023693#TRLF-DESRO#K9IMD0/XLOC-020834#BMP15-BOVIN#Q6PX77/XLOC-006335#GREM1-CHICK#O73755",3
"GO:0060350","GO:0060350","endochondral bone morphogenesis","3/87","26/6213",0.115384615384615,8.24005305039788,4.4083413728535,0.00546390368887305,0.0701456397412016,0.0572997754485658,"XLOC-020834#BMP15-BOVIN#Q6PX77/XLOC-016472#COMP-MOUSE#Q9R0G6/gene-evm.model.ptg000002l.349#ADT1-CAEEL#G5ECS8",3
"GO:1904035","GO:1904035","regulation of epithelial cell apoptotic process","3/87","26/6213",0.115384615384615,8.24005305039788,4.4083413728535,0.00546390368887305,0.0701456397412016,0.0572997754485658,"XLOC-020834#BMP15-BOVIN#Q6PX77/XLOC-016472#COMP-MOUSE#Q9R0G6/gene-evm.model.ptg000002l.349#ADT1-CAEEL#G5ECS8",3
"GO:0098793","GO:0098793","presynapse","9/87","236/6213",0.038135593220339,2.72340736411455,3.2165415922729,0.0054828172668377,0.0701456397412016,0.0572997754485658,"XLOC-020299#SC5A7-DROME#Q9VE46/XLOC-011874#SY65-APLCA#P41823/gene-evm.model.ptg000010l.70#ESYT2-MOUSE#Q3TZZ7/XLOC-004104#XLOC-004104/XLOC-016414#GRM4-MOUSE#Q68EF4/XLOC-015788#OTOF-HUMAN#Q9HC10/XLOC-010031#ACHB4-BOVIN#Q8SPU6/XLOC-025964#NEC1-HUMAN#P29120/XLOC-023090#KCC2A-HUMAN#Q9UQM7",9
"GO:2000147","GO:2000147","positive regulation of cell motility","8/87","194/6213",0.0412371134020619,2.94489868467828,3.27961247351361,0.00554082652143691,0.0705713306502657,0.0576475090153258,"XLOC-020834#BMP15-BOVIN#Q6PX77/XLOC-016472#COMP-MOUSE#Q9R0G6/XLOC-020938#SPB6-MOUSE#Q60854/XLOC-010538#LSHR-CHICK#Q90674/XLOC-020923#WNT11-HUMAN#O96014/gene-evm.model.ptg000002l.349#ADT1-CAEEL#G5ECS8/XLOC-010665#MYC-MARMO#P22555/XLOC-023090#KCC2A-HUMAN#Q9UQM7",8
"GO:2000027","GO:2000027","regulation of animal organ morphogenesis","7/87","154/6213",0.0454545454545455,3.24608150470219,3.36335143916568,0.00558118944326312,0.0706221825355882,0.0576890483272611,"XLOC-020834#BMP15-BOVIN#Q6PX77/XLOC-008044#MOM5-CAEEL#A0A0K3AWM6/XLOC-010538#LSHR-CHICK#Q90674/XLOC-006335#GREM1-CHICK#O73755/XLOC-013477#SIX1B-DANRE#Q6NZ04/novel-gene-chr14-4172#SIX2-MOUSE#Q62232/XLOC-010665#MYC-MARMO#P22555",7
"GO:0016477","GO:0016477","cell migration","14/87","473/6213",0.0295983086680761,2.11372749143399,3.00289687346702,0.00561194189658094,0.0706221825355882,0.0576890483272611,"XLOC-020834#BMP15-BOVIN#Q6PX77/XLOC-008044#MOM5-CAEEL#A0A0K3AWM6/XLOC-016472#COMP-MOUSE#Q9R0G6/XLOC-010538#LSHR-CHICK#Q90674/XLOC-006335#GREM1-CHICK#O73755/XLOC-004696#MYS-ARGIR#P24733/XLOC-013477#SIX1B-DANRE#Q6NZ04/XLOC-006644#FBX11-RAT#Q7TSL3/XLOC-020923#WNT11-HUMAN#O96014/gene-evm.model.ptg000002l.349#ADT1-CAEEL#G5ECS8/novel-gene-chr14-4172#SIX2-MOUSE#Q62232/gene-evm.model.ptg000032l.233#LAMC1-XENTR#A0JP86/XLOC-000173#TES-CHICK#Q90YH9/XLOC-009352#ODO1-BOVIN#Q148N0",14
"GO:0072073","GO:0072073","kidney epithelium development","5/87","82/6213",0.0609756097560976,4.35449957947855,3.64381117564997,0.00561908006855188,0.0706221825355882,0.0576890483272611,"XLOC-020834#BMP15-BOVIN#Q6PX77/XLOC-010538#LSHR-CHICK#Q90674/XLOC-006335#GREM1-CHICK#O73755/XLOC-013477#SIX1B-DANRE#Q6NZ04/XLOC-010665#MYC-MARMO#P22555",5
"GO:0030545","GO:0030545","signaling receptor regulator activity","4/87","52/6213",0.0769230769230769,5.49336870026525,3.8773497429778,0.00582252582590026,0.0719119748107941,0.0587426392278113,"XLOC-020834#BMP15-BOVIN#Q6PX77/XLOC-003038#INHBA-MOUSE#Q04998/XLOC-006335#GREM1-CHICK#O73755/XLOC-020923#WNT11-HUMAN#O96014",4
"GO:0034763","GO:0034763","negative regulation of transmembrane transport","4/87","52/6213",0.0769230769230769,5.49336870026525,3.8773497429778,0.00582252582590026,0.0719119748107941,0.0587426392278113,"XLOC-016472#COMP-MOUSE#Q9R0G6/gene-evm.model.ptg000002l.349#ADT1-CAEEL#G5ECS8/XLOC-010665#MYC-MARMO#P22555/XLOC-023090#KCC2A-HUMAN#Q9UQM7",4
"GO:0045667","GO:0045667","regulation of osteoblast differentiation","4/87","52/6213",0.0769230769230769,5.49336870026525,3.8773497429778,0.00582252582590026,0.0719119748107941,0.0587426392278113,"XLOC-023693#TRLF-DESRO#K9IMD0/XLOC-020834#BMP15-BOVIN#Q6PX77/XLOC-008044#MOM5-CAEEL#A0A0K3AWM6/XLOC-006335#GREM1-CHICK#O73755",4
"GO:0060070","GO:0060070","canonical Wnt signaling pathway","4/87","52/6213",0.0769230769230769,5.49336870026525,3.8773497429778,0.00582252582590026,0.0719119748107941,0.0587426392278113,"XLOC-008044#MOM5-CAEEL#A0A0K3AWM6/XLOC-010538#LSHR-CHICK#Q90674/XLOC-020923#WNT11-HUMAN#O96014/XLOC-010665#MYC-MARMO#P22555",4
"GO:2001234","GO:2001234","negative regulation of apoptotic signaling pathway","6/87","118/6213",0.0508474576271186,3.6312098188194,3.43871737796526,0.00597370392897048,0.0734611090920379,0.060008078487934,"XLOC-020834#BMP15-BOVIN#Q6PX77/XLOC-016472#COMP-MOUSE#Q9R0G6/gene-evm.model.ptg000022l.478#GSH0-HUMAN#P48507/XLOC-009823#GSH1-HUMAN#P48506/gene-evm.model.ptg000002l.349#ADT1-CAEEL#G5ECS8/XLOC-027115#TXD12-EPICO#H9D1R1",6
"GO:0097366","GO:0097366","response to bronchodilator","3/87","27/6213",0.111111111111111,7.93486590038314,4.30330219836288,0.00608535875372542,0.0745129979587065,0.0608673335475404,"XLOC-020834#BMP15-BOVIN#Q6PX77/XLOC-016472#COMP-MOUSE#Q9R0G6/gene-evm.model.ptg000002l.349#ADT1-CAEEL#G5ECS8",3
"GO:0043200","GO:0043200","response to amino acid","5/87","84/6213",0.0595238095238095,4.2508210180624,3.57457772691729,0.00622084747444104,0.0753338336440566,0.0615378485022013,"XLOC-004696#MYS-ARGIR#P24733/XLOC-013477#SIX1B-DANRE#Q6NZ04/gene-evm.model.ptg000022l.478#GSH0-HUMAN#P48507/XLOC-009823#GSH1-HUMAN#P48506/XLOC-004104#XLOC-004104",5
"GO:0040013","GO:0040013","negative regulation of locomotion","6/87","119/6213",0.0504201680672269,3.60069545059403,3.41348978317233,0.00622157866432269,0.0753338336440566,0.0615378485022013,"XLOC-025132#PPN1-CAEEL#O76840/XLOC-016472#COMP-MOUSE#Q9R0G6/XLOC-006335#GREM1-CHICK#O73755/XLOC-022275#T53I2-HUMAN#Q8IXH6/XLOC-020923#WNT11-HUMAN#O96014/gene-evm.model.ptg000002l.349#ADT1-CAEEL#G5ECS8",6
"GO:0048332","GO:0048332","mesoderm morphogenesis","4/87","53/6213",0.0754716981132075,5.38972023422251,3.82447014448827,0.00623161049421569,0.0753338336440566,0.0615378485022013,"XLOC-020834#BMP15-BOVIN#Q6PX77/XLOC-008044#MOM5-CAEEL#A0A0K3AWM6/XLOC-000223#BMP1-MOUSE#P98063/XLOC-013477#SIX1B-DANRE#Q6NZ04",4
"GO:0042303","GO:0042303","molting cycle","5/87","85/6213",0.0588235294117647,4.20081135902637,3.54076429952807,0.00653814698669332,0.0787060479031057,0.0642925046792761,"XLOC-008044#MOM5-CAEEL#A0A0K3AWM6/XLOC-010538#LSHR-CHICK#Q90674/gene-evm.model.ptg000001l.686#SOX14-DANRE#Q32PP9/XLOC-006644#FBX11-RAT#Q7TSL3/XLOC-012287#SX19B-DANRE#Q9DDD7",5
"GO:0003007","GO:0003007","heart morphogenesis","7/87","159/6213",0.0440251572327044,3.14400346996313,3.26354564575661,0.00662869948108637,0.0794608387375605,0.0649090696644193,"XLOC-020834#BMP15-BOVIN#Q6PX77/XLOC-008044#MOM5-CAEEL#A0A0K3AWM6/XLOC-016472#COMP-MOUSE#Q9R0G6/XLOC-004696#MYS-ARGIR#P24733/XLOC-013477#SIX1B-DANRE#Q6NZ04/XLOC-020923#WNT11-HUMAN#O96014/gene-evm.model.ptg000002l.349#ADT1-CAEEL#G5ECS8",7
"GO:0018208","GO:0018208","peptidyl-proline modification","3/87","28/6213",0.107142857142857,7.65147783251232,4.20353013616611,0.00674741635317378,0.0802099118983533,0.0655209640610822,"XLOC-006516#FKBP9-BOVIN#Q2KJC8/XLOC-009392#FKB14-HUMAN#Q9NWM8/gene-evm.model.ptg000001l.34#FKB2B-RHIO9#P0C1J5",3
"GO:1903391","GO:1903391","regulation of adherens junction organization","3/87","28/6213",0.107142857142857,7.65147783251232,4.20353013616611,0.00674741635317378,0.0802099118983533,0.0655209640610822,"XLOC-016472#COMP-MOUSE#Q9R0G6/XLOC-006335#GREM1-CHICK#O73755/gene-evm.model.ptg000002l.349#ADT1-CAEEL#G5ECS8",3
"GO:0007605","GO:0007605","sensory perception of sound","5/87","86/6213",0.0581395348837209,4.15196471531676,3.50746613205373,0.00686666009056295,0.0812887188314361,0.066402207645802,"XLOC-013477#SIX1B-DANRE#Q6NZ04/XLOC-006644#FBX11-RAT#Q7TSL3/XLOC-013035#HXA4-LINSA#P81192/XLOC-015788#OTOF-HUMAN#Q9HC10/XLOC-010665#MYC-MARMO#P22555",5
"GO:0048812","GO:0048812","neuron projection morphogenesis","13/87","435/6213",0.0298850574712644,2.13420531113753,2.92303751978437,0.00705258015202456,0.0831446742715953,0.0679182794979659,"XLOC-008044#MOM5-CAEEL#A0A0K3AWM6/XLOC-003038#INHBA-MOUSE#Q04998/XLOC-001125#PITX3-HUMAN#O75364/XLOC-000223#BMP1-MOUSE#P98063/XLOC-022943#NR2E3-MOUSE#Q9QXZ7/gene-evm.model.ptg000001l.686#SOX14-DANRE#Q32PP9/gene-evm.model.ptg000004l.40#FA5-MOUSE#O88783/XLOC-009823#GSH1-HUMAN#P48506/XLOC-004104#XLOC-004104/XLOC-013035#HXA4-LINSA#P81192/XLOC-012287#SX19B-DANRE#Q9DDD7/gene-evm.model.ptg000032l.233#LAMC1-XENTR#A0JP86/XLOC-010031#ACHB4-BOVIN#Q8SPU6",13
"GO:0120039","GO:0120039","plasma membrane bounded cell projection morphogenesis","13/87","436/6213",0.0298165137614679,2.12931034482759,2.91401793826295,0.00718651187354105,0.0843749727375005,0.0689232717696335,"XLOC-008044#MOM5-CAEEL#A0A0K3AWM6/XLOC-003038#INHBA-MOUSE#Q04998/XLOC-001125#PITX3-HUMAN#O75364/XLOC-000223#BMP1-MOUSE#P98063/XLOC-022943#NR2E3-MOUSE#Q9QXZ7/gene-evm.model.ptg000001l.686#SOX14-DANRE#Q32PP9/gene-evm.model.ptg000004l.40#FA5-MOUSE#O88783/XLOC-009823#GSH1-HUMAN#P48506/XLOC-004104#XLOC-004104/XLOC-013035#HXA4-LINSA#P81192/XLOC-012287#SX19B-DANRE#Q9DDD7/gene-evm.model.ptg000032l.233#LAMC1-XENTR#A0JP86/XLOC-010031#ACHB4-BOVIN#Q8SPU6",13
"GO:0048858","GO:0048858","cell projection morphogenesis","13/87","437/6213",0.0297482837528604,2.12443778110945,2.90502189023804,0.00732246997389858,0.0856188804734945,0.0699393810276594,"XLOC-008044#MOM5-CAEEL#A0A0K3AWM6/XLOC-003038#INHBA-MOUSE#Q04998/XLOC-001125#PITX3-HUMAN#O75364/XLOC-000223#BMP1-MOUSE#P98063/XLOC-022943#NR2E3-MOUSE#Q9QXZ7/gene-evm.model.ptg000001l.686#SOX14-DANRE#Q32PP9/gene-evm.model.ptg000004l.40#FA5-MOUSE#O88783/XLOC-009823#GSH1-HUMAN#P48506/XLOC-004104#XLOC-004104/XLOC-013035#HXA4-LINSA#P81192/XLOC-012287#SX19B-DANRE#Q9DDD7/gene-evm.model.ptg000032l.233#LAMC1-XENTR#A0JP86/XLOC-010031#ACHB4-BOVIN#Q8SPU6",13
"GO:0006749","GO:0006749","glutathione metabolic process","3/87","29/6213",0.103448275862069,7.38763376932223,4.10857406421048,0.00745071823488862,0.0859660887922502,0.0702230046252484,"gene-evm.model.ptg000020l.16#MAAI-MOUSE#Q9WVL0/gene-evm.model.ptg000022l.478#GSH0-HUMAN#P48507/XLOC-009823#GSH1-HUMAN#P48506",3
"GO:0035017","GO:0035017","cuticle pattern formation","3/87","29/6213",0.103448275862069,7.38763376932223,4.10857406421048,0.00745071823488862,0.0859660887922502,0.0702230046252484,"XLOC-008044#MOM5-CAEEL#A0A0K3AWM6/gene-evm.model.ptg000001l.686#SOX14-DANRE#Q32PP9/XLOC-012287#SX19B-DANRE#Q9DDD7",3
"GO:0048844","GO:0048844","artery morphogenesis","3/87","29/6213",0.103448275862069,7.38763376932223,4.10857406421048,0.00745071823488862,0.0859660887922502,0.0702230046252484,"XLOC-020834#BMP15-BOVIN#Q6PX77/XLOC-013477#SIX1B-DANRE#Q6NZ04/XLOC-013035#HXA4-LINSA#P81192",3
"GO:0032147","GO:0032147","activation of protein kinase activity","7/87","163/6213",0.0429447852760736,3.06685001057753,3.18648537759145,0.00756728784955353,0.0859660887922502,0.0702230046252484,"XLOC-023693#TRLF-DESRO#K9IMD0/XLOC-020834#BMP15-BOVIN#Q6PX77/XLOC-016472#COMP-MOUSE#Q9R0G6/XLOC-006335#GREM1-CHICK#O73755/XLOC-006685#KAPR-STRPU#Q26619/gene-evm.model.ptg000002l.349#ADT1-CAEEL#G5ECS8/XLOC-010031#ACHB4-BOVIN#Q8SPU6",7
"GO:1903036","GO:1903036","positive regulation of response to wounding","4/87","56/6213",0.0714285714285714,5.10098522167488,3.67353764406015,0.00757250065781502,0.0859660887922502,0.0702230046252484,"XLOC-016472#COMP-MOUSE#Q9R0G6/gene-evm.model.ptg000004l.40#FA5-MOUSE#O88783/gene-evm.model.ptg000002l.349#ADT1-CAEEL#G5ECS8/XLOC-010665#MYC-MARMO#P22555",4
"GO:0048511","GO:0048511","rhythmic process","6/87","124/6213",0.0483870967741935,3.45550611790879,3.2912868126448,0.00757496020695166,0.0859660887922502,0.0702230046252484,"XLOC-020834#BMP15-BOVIN#Q6PX77/XLOC-010538#LSHR-CHICK#Q90674/XLOC-016646#ADK-PHYPA#O49923/XLOC-013477#SIX1B-DANRE#Q6NZ04/XLOC-022943#NR2E3-MOUSE#Q9QXZ7/XLOC-010031#ACHB4-BOVIN#Q8SPU6",6
"GO:0007600","GO:0007600","sensory perception","9/87","249/6213",0.036144578313253,2.58122143747403,3.03466253773969,0.00772619309216693,0.0859660887922502,0.0702230046252484,"XLOC-008044#MOM5-CAEEL#A0A0K3AWM6/XLOC-013477#SIX1B-DANRE#Q6NZ04/XLOC-011874#SY65-APLCA#P41823/XLOC-006644#FBX11-RAT#Q7TSL3/XLOC-013035#HXA4-LINSA#P81192/XLOC-015788#OTOF-HUMAN#Q9HC10/gene-evm.model.ptg000032l.233#LAMC1-XENTR#A0JP86/XLOC-010031#ACHB4-BOVIN#Q8SPU6/XLOC-010665#MYC-MARMO#P22555",9
"GO:0006954","GO:0006954","inflammatory response","5/87","89/6213",0.0561797752808989,4.01201084850833,3.41052154700484,0.00792147603048032,0.0859660887922502,0.0702230046252484,"XLOC-026524#KLKB1-RAT#P14272/XLOC-020834#BMP15-BOVIN#Q6PX77/XLOC-016472#COMP-MOUSE#Q9R0G6/XLOC-022911#PA2B-BUNFA#A6MEY4/gene-evm.model.ptg000002l.349#ADT1-CAEEL#G5ECS8",5
"GO:0003149","GO:0003149","membranous septum morphogenesis","2/87","10/6213",0.2,14.2827586206897,5.00926772486907,0.00810903767963692,0.0859660887922502,0.0702230046252484,"XLOC-020834#BMP15-BOVIN#Q6PX77/XLOC-008044#MOM5-CAEEL#A0A0K3AWM6",2
"GO:0003416","GO:0003416","endochondral bone growth","2/87","10/6213",0.2,14.2827586206897,5.00926772486907,0.00810903767963692,0.0859660887922502,0.0702230046252484,"XLOC-016472#COMP-MOUSE#Q9R0G6/gene-evm.model.ptg000002l.349#ADT1-CAEEL#G5ECS8",2
"GO:0019184","GO:0019184","nonribosomal peptide biosynthetic process","2/87","10/6213",0.2,14.2827586206897,5.00926772486907,0.00810903767963692,0.0859660887922502,0.0702230046252484,"gene-evm.model.ptg000022l.478#GSH0-HUMAN#P48507/XLOC-009823#GSH1-HUMAN#P48506",2
"GO:0032695","GO:0032695","negative regulation of interleukin-12 production","2/87","10/6213",0.2,14.2827586206897,5.00926772486907,0.00810903767963692,0.0859660887922502,0.0702230046252484,"XLOC-016472#COMP-MOUSE#Q9R0G6/gene-evm.model.ptg000002l.349#ADT1-CAEEL#G5ECS8",2
"GO:0036151","GO:0036151","phosphatidylcholine acyl-chain remodeling","2/87","10/6213",0.2,14.2827586206897,5.00926772486907,0.00810903767963692,0.0859660887922502,0.0702230046252484,"XLOC-022911#PA2B-BUNFA#A6MEY4/XLOC-020365#PA2-BOMTE#P82971",2
"GO:0040037","GO:0040037","negative regulation of fibroblast growth factor receptor signaling pathway","2/87","10/6213",0.2,14.2827586206897,5.00926772486907,0.00810903767963692,0.0859660887922502,0.0702230046252484,"XLOC-016472#COMP-MOUSE#Q9R0G6/gene-evm.model.ptg000002l.349#ADT1-CAEEL#G5ECS8",2
"GO:0043032","GO:0043032","positive regulation of macrophage activation","2/87","10/6213",0.2,14.2827586206897,5.00926772486907,0.00810903767963692,0.0859660887922502,0.0702230046252484,"XLOC-016472#COMP-MOUSE#Q9R0G6/gene-evm.model.ptg000002l.349#ADT1-CAEEL#G5ECS8",2
"GO:0048486","GO:0048486","parasympathetic nervous system development","2/87","10/6213",0.2,14.2827586206897,5.00926772486907,0.00810903767963692,0.0859660887922502,0.0702230046252484,"XLOC-013477#SIX1B-DANRE#Q6NZ04/XLOC-013035#HXA4-LINSA#P81192",2
"GO:0060232","GO:0060232","delamination","2/87","10/6213",0.2,14.2827586206897,5.00926772486907,0.00810903767963692,0.0859660887922502,0.0702230046252484,"XLOC-006454#GSC-PONPY#A2T7P4/XLOC-010538#LSHR-CHICK#Q90674",2
"GO:0061550","GO:0061550","cranial ganglion development","2/87","10/6213",0.2,14.2827586206897,5.00926772486907,0.00810903767963692,0.0859660887922502,0.0702230046252484,"XLOC-013477#SIX1B-DANRE#Q6NZ04/novel-gene-chr14-4172#SIX2-MOUSE#Q62232",2
"GO:0071634","GO:0071634","regulation of transforming growth factor beta production","2/87","10/6213",0.2,14.2827586206897,5.00926772486907,0.00810903767963692,0.0859660887922502,0.0702230046252484,"XLOC-016472#COMP-MOUSE#Q9R0G6/gene-evm.model.ptg000002l.349#ADT1-CAEEL#G5ECS8",2
"GO:0090051","GO:0090051","negative regulation of cell migration involved in sprouting angiogenesis","2/87","10/6213",0.2,14.2827586206897,5.00926772486907,0.00810903767963692,0.0859660887922502,0.0702230046252484,"XLOC-016472#COMP-MOUSE#Q9R0G6/gene-evm.model.ptg000002l.349#ADT1-CAEEL#G5ECS8",2
"GO:0098868","GO:0098868","bone growth","2/87","10/6213",0.2,14.2827586206897,5.00926772486907,0.00810903767963692,0.0859660887922502,0.0702230046252484,"XLOC-016472#COMP-MOUSE#Q9R0G6/gene-evm.model.ptg000002l.349#ADT1-CAEEL#G5ECS8",2
"GO:1902170","GO:1902170","cellular response to reactive nitrogen species","2/87","10/6213",0.2,14.2827586206897,5.00926772486907,0.00810903767963692,0.0859660887922502,0.0702230046252484,"XLOC-016472#COMP-MOUSE#Q9R0G6/gene-evm.model.ptg000002l.349#ADT1-CAEEL#G5ECS8",2
"GO:1905521","GO:1905521","regulation of macrophage migration","2/87","10/6213",0.2,14.2827586206897,5.00926772486907,0.00810903767963692,0.0859660887922502,0.0702230046252484,"XLOC-016472#COMP-MOUSE#Q9R0G6/gene-evm.model.ptg000002l.349#ADT1-CAEEL#G5ECS8",2
"GO:2001014","GO:2001014","regulation of skeletal muscle cell differentiation","2/87","10/6213",0.2,14.2827586206897,5.00926772486907,0.00810903767963692,0.0859660887922502,0.0702230046252484,"XLOC-013477#SIX1B-DANRE#Q6NZ04/novel-gene-chr14-4172#SIX2-MOUSE#Q62232",2
"GO:0030162","GO:0030162","regulation of proteolysis","11/87","344/6213",0.0319767441860465,2.28358059342422,2.91881898550486,0.00812143580603404,0.0859660887922502,0.0702230046252484,"XLOC-023693#TRLF-DESRO#K9IMD0/XLOC-021454#SPB3-HUMAN#P29508/XLOC-026524#KLKB1-RAT#P14272/XLOC-025132#PPN1-CAEEL#O76840/XLOC-016472#COMP-MOUSE#Q9R0G6/XLOC-020938#SPB6-MOUSE#Q60854/XLOC-009823#GSH1-HUMAN#P48506/XLOC-016437#UBP14-PANTR#P60051/gene-evm.model.ptg000002l.349#ADT1-CAEEL#G5ECS8/XLOC-010665#MYC-MARMO#P22555/gene-evm.model.ptg000021l.117#UFD1-RAT#Q9ES53",11
"GO:0016528","GO:0016528","sarcoplasm","3/87","30/6213",0.1,7.14137931034483,4.01803559053048,0.00819585564370559,0.0859660887922502,0.0702230046252484,"XLOC-016472#COMP-MOUSE#Q9R0G6/gene-evm.model.ptg000002l.349#ADT1-CAEEL#G5ECS8/XLOC-023090#KCC2A-HUMAN#Q9UQM7",3
"GO:0046685","GO:0046685","response to arsenic-containing substance","3/87","30/6213",0.1,7.14137931034483,4.01803559053048,0.00819585564370559,0.0859660887922502,0.0702230046252484,"gene-evm.model.ptg000022l.478#GSH0-HUMAN#P48507/XLOC-009823#GSH1-HUMAN#P48506/XLOC-010665#MYC-MARMO#P22555",3
"GO:0071300","GO:0071300","cellular response to retinoic acid","3/87","30/6213",0.1,7.14137931034483,4.01803559053048,0.00819585564370559,0.0859660887922502,0.0702230046252484,"XLOC-008044#MOM5-CAEEL#A0A0K3AWM6/XLOC-013035#HXA4-LINSA#P81192/XLOC-010665#MYC-MARMO#P22555",3
"GO:0004888","GO:0004888","transmembrane signaling receptor activity","6/87","127/6213",0.047244094488189,3.37387998913929,3.22093158073692,0.00848271274705607,0.0885318788240599,0.0723189181162834,"XLOC-008044#MOM5-CAEEL#A0A0K3AWM6/XLOC-010538#LSHR-CHICK#Q90674/XLOC-015786#XLOC-015786/XLOC-001284#OX2R-HUMAN#O43614/XLOC-016414#GRM4-MOUSE#Q68EF4/XLOC-010031#ACHB4-BOVIN#Q8SPU6",6
"GO:0004930","GO:0004930","G protein-coupled receptor activity","4/87","58/6213",0.0689655172413793,4.92508917954816,3.57879111355751,0.00856459816173871,0.0885318788240599,0.0723189181162834,"XLOC-008044#MOM5-CAEEL#A0A0K3AWM6/XLOC-010538#LSHR-CHICK#Q90674/XLOC-001284#OX2R-HUMAN#O43614/XLOC-016414#GRM4-MOUSE#Q68EF4",4
"GO:0008236","GO:0008236","serine-type peptidase activity","4/87","58/6213",0.0689655172413793,4.92508917954816,3.57879111355751,0.00856459816173871,0.0885318788240599,0.0723189181162834,"XLOC-026524#KLKB1-RAT#P14272/XLOC-000223#BMP1-MOUSE#P98063/XLOC-004937#FOLH1-RAT#P70627/XLOC-025964#NEC1-HUMAN#P29120",4
"GO:0032368","GO:0032368","regulation of lipid transport","4/87","58/6213",0.0689655172413793,4.92508917954816,3.57879111355751,0.00856459816173871,0.0885318788240599,0.0723189181162834,"XLOC-020834#BMP15-BOVIN#Q6PX77/XLOC-016472#COMP-MOUSE#Q9R0G6/XLOC-025615#S15A2-DANRE#B0S6T2/gene-evm.model.ptg000002l.349#ADT1-CAEEL#G5ECS8",4
"GO:0071375","GO:0071375","cellular response to peptide hormone stimulus","7/87","168/6213",0.0416666666666667,2.97557471264368,3.093405122943,0.00887525978111265,0.0914119716805574,0.0746715757377291,"XLOC-008044#MOM5-CAEEL#A0A0K3AWM6/XLOC-003038#INHBA-MOUSE#Q04998/XLOC-004696#MYS-ARGIR#P24733/XLOC-006685#KAPR-STRPU#Q26619/XLOC-009823#GSH1-HUMAN#P48506/XLOC-004104#XLOC-004104/XLOC-010665#MYC-MARMO#P22555",7
"GO:0000096","GO:0000096","sulfur amino acid metabolic process","3/87","31/6213",0.0967741935483871,6.91101223581757,3.93156136356861,0.00898337090266014,0.091534132804605,0.0747713653326675,"XLOC-021709#BHMT1-BOVIN#Q5I597/gene-evm.model.ptg000022l.478#GSH0-HUMAN#P48507/XLOC-009823#GSH1-HUMAN#P48506",3
"GO:0021602","GO:0021602","cranial nerve morphogenesis","3/87","31/6213",0.0967741935483871,6.91101223581757,3.93156136356861,0.00898337090266014,0.091534132804605,0.0747713653326675,"XLOC-013477#SIX1B-DANRE#Q6NZ04/XLOC-013652#HXD3-HAPBU#A8DT10/XLOC-013035#HXA4-LINSA#P81192",3
"GO:0070405","GO:0070405","ammonium ion binding","3/87","31/6213",0.0967741935483871,6.91101223581757,3.93156136356861,0.00898337090266014,0.091534132804605,0.0747713653326675,"XLOC-020299#SC5A7-DROME#Q9VE46/gene-evm.model.ptg000010l.70#ESYT2-MOUSE#Q3TZZ7/XLOC-010031#ACHB4-BOVIN#Q8SPU6",3
"GO:0000981","GO:0000981","DNA-binding transcription factor activity, RNA polymerase II-specific","10/87","303/6213",0.033003300330033,2.35689086149994,2.88575425682271,0.0093543029388208,0.0930909651734663,0.0760430929193847,"XLOC-006454#GSC-PONPY#A2T7P4/XLOC-001125#PITX3-HUMAN#O75364/XLOC-013477#SIX1B-DANRE#Q6NZ04/XLOC-013652#HXD3-HAPBU#A8DT10/gene-evm.model.ptg000001l.686#SOX14-DANRE#Q32PP9/gene-evm.model.ptg000007l.881-1#OTP-SACKO#Q7YTC2/XLOC-013035#HXA4-LINSA#P81192/novel-gene-chr14-4172#SIX2-MOUSE#Q62232/XLOC-012287#SX19B-DANRE#Q9DDD7/XLOC-010665#MYC-MARMO#P22555",10
"GO:2000145","GO:2000145","regulation of cell motility","11/87","351/6213",0.0313390313390313,2.23803910010807,2.8454559430416,0.00938692172252725,0.0930909651734663,0.0760430929193847,"XLOC-025132#PPN1-CAEEL#O76840/XLOC-020834#BMP15-BOVIN#Q6PX77/XLOC-016472#COMP-MOUSE#Q9R0G6/XLOC-020938#SPB6-MOUSE#Q60854/XLOC-010538#LSHR-CHICK#Q90674/XLOC-006335#GREM1-CHICK#O73755/XLOC-022275#T53I2-HUMAN#Q8IXH6/XLOC-020923#WNT11-HUMAN#O96014/gene-evm.model.ptg000002l.349#ADT1-CAEEL#G5ECS8/XLOC-010665#MYC-MARMO#P22555/XLOC-023090#KCC2A-HUMAN#Q9UQM7",11
"GO:0061326","GO:0061326","renal tubule development","5/87","93/6213",0.0537634408602151,3.83945124212088,3.28766101905994,0.00949683991785664,0.0930909651734663,0.0760430929193847,"XLOC-020834#BMP15-BOVIN#Q6PX77/XLOC-010538#LSHR-CHICK#Q90674/XLOC-006335#GREM1-CHICK#O73755/XLOC-013477#SIX1B-DANRE#Q6NZ04/XLOC-010665#MYC-MARMO#P22555",5
"GO:0009950","GO:0009950","dorsal/ventral axis specification","4/87","60/6213",0.0666666666666667,4.76091954022989,3.48829386079821,0.00963831932989286,0.0930909651734663,0.0760430929193847,"XLOC-006454#GSC-PONPY#A2T7P4/XLOC-020834#BMP15-BOVIN#Q6PX77/XLOC-008044#MOM5-CAEEL#A0A0K3AWM6/XLOC-000223#BMP1-MOUSE#P98063",4
"GO:0048641","GO:0048641","regulation of skeletal muscle tissue development","3/87","32/6213",0.09375,6.69504310344828,3.84883671176328,0.00981375895653314,0.0930909651734663,0.0760430929193847,"XLOC-000223#BMP1-MOUSE#P98063/XLOC-013477#SIX1B-DANRE#Q6NZ04/novel-gene-chr14-4172#SIX2-MOUSE#Q62232",3
"GO:0060323","GO:0060323","head morphogenesis","3/87","32/6213",0.09375,6.69504310344828,3.84883671176328,0.00981375895653314,0.0930909651734663,0.0760430929193847,"XLOC-020834#BMP15-BOVIN#Q6PX77/XLOC-004696#MYS-ARGIR#P24733/XLOC-013035#HXA4-LINSA#P81192",3
"GO:0070167","GO:0070167","regulation of biomineral tissue development","3/87","32/6213",0.09375,6.69504310344828,3.84883671176328,0.00981375895653314,0.0930909651734663,0.0760430929193847,"XLOC-023693#TRLF-DESRO#K9IMD0/XLOC-020834#BMP15-BOVIN#Q6PX77/XLOC-006335#GREM1-CHICK#O73755",3
"GO:0090303","GO:0090303","positive regulation of wound healing","3/87","32/6213",0.09375,6.69504310344828,3.84883671176328,0.00981375895653314,0.0930909651734663,0.0760430929193847,"XLOC-016472#COMP-MOUSE#Q9R0G6/gene-evm.model.ptg000002l.349#ADT1-CAEEL#G5ECS8/XLOC-010665#MYC-MARMO#P22555",3
"GO:1902106","GO:1902106","negative regulation of leukocyte differentiation","3/87","32/6213",0.09375,6.69504310344828,3.84883671176328,0.00981375895653314,0.0930909651734663,0.0760430929193847,"XLOC-023693#TRLF-DESRO#K9IMD0/XLOC-020834#BMP15-BOVIN#Q6PX77/XLOC-010665#MYC-MARMO#P22555",3
"GO:0001759","GO:0001759","organ induction","2/87","11/6213",0.181818181818182,12.9843260188088,4.74057399916582,0.00982137417357636,0.0930909651734663,0.0760430929193847,"XLOC-020834#BMP15-BOVIN#Q6PX77/XLOC-013477#SIX1B-DANRE#Q6NZ04",2
"GO:0001953","GO:0001953","negative regulation of cell-matrix adhesion","2/87","11/6213",0.181818181818182,12.9843260188088,4.74057399916582,0.00982137417357636,0.0930909651734663,0.0760430929193847,"XLOC-016472#COMP-MOUSE#Q9R0G6/gene-evm.model.ptg000002l.349#ADT1-CAEEL#G5ECS8",2
"GO:0015669","GO:0015669","gas transport","2/87","11/6213",0.181818181818182,12.9843260188088,4.74057399916582,0.00982137417357636,0.0930909651734663,0.0760430929193847,"XLOC-003539#RHBG-DANRE#Q7T070/XLOC-010665#MYC-MARMO#P22555",2
"GO:0017134","GO:0017134","fibroblast growth factor binding","2/87","11/6213",0.181818181818182,12.9843260188088,4.74057399916582,0.00982137417357636,0.0930909651734663,0.0760430929193847,"XLOC-016472#COMP-MOUSE#Q9R0G6/gene-evm.model.ptg000002l.349#ADT1-CAEEL#G5ECS8",2
"GO:0035728","GO:0035728","response to hepatocyte growth factor","2/87","11/6213",0.181818181818182,12.9843260188088,4.74057399916582,0.00982137417357636,0.0930909651734663,0.0760430929193847,"gene-evm.model.ptg000022l.478#GSH0-HUMAN#P48507/XLOC-009823#GSH1-HUMAN#P48506",2
"GO:0035729","GO:0035729","cellular response to hepatocyte growth factor stimulus","2/87","11/6213",0.181818181818182,12.9843260188088,4.74057399916582,0.00982137417357636,0.0930909651734663,0.0760430929193847,"gene-evm.model.ptg000022l.478#GSH0-HUMAN#P48507/XLOC-009823#GSH1-HUMAN#P48506",2
"GO:0036379","GO:0036379","myofilament","2/87","11/6213",0.181818181818182,12.9843260188088,4.74057399916582,0.00982137417357636,0.0930909651734663,0.0760430929193847,"XLOC-004696#MYS-ARGIR#P24733/XLOC-026222#MYPH-ECHGR#Q24799",2
"GO:0042762","GO:0042762","regulation of sulfur metabolic process","2/87","11/6213",0.181818181818182,12.9843260188088,4.74057399916582,0.00982137417357636,0.0930909651734663,0.0760430929193847,"XLOC-021709#BHMT1-BOVIN#Q5I597/gene-evm.model.ptg000020l.16#MAAI-MOUSE#Q9WVL0",2
"GO:0048266","GO:0048266","behavioral response to pain","2/87","11/6213",0.181818181818182,12.9843260188088,4.74057399916582,0.00982137417357636,0.0930909651734663,0.0760430929193847,"XLOC-016472#COMP-MOUSE#Q9R0G6/gene-evm.model.ptg000002l.349#ADT1-CAEEL#G5ECS8",2
"GO:0051900","GO:0051900","regulation of mitochondrial depolarization","2/87","11/6213",0.181818181818182,12.9843260188088,4.74057399916582,0.00982137417357636,0.0930909651734663,0.0760430929193847,"gene-evm.model.ptg000022l.478#GSH0-HUMAN#P48507/XLOC-009823#GSH1-HUMAN#P48506",2
"GO:0072079","GO:0072079","nephron tubule formation","2/87","11/6213",0.181818181818182,12.9843260188088,4.74057399916582,0.00982137417357636,0.0930909651734663,0.0760430929193847,"XLOC-006335#GREM1-CHICK#O73755/XLOC-013477#SIX1B-DANRE#Q6NZ04",2
"GO:1901722","GO:1901722","regulation of cell proliferation involved in kidney development","2/87","11/6213",0.181818181818182,12.9843260188088,4.74057399916582,0.00982137417357636,0.0930909651734663,0.0760430929193847,"XLOC-020834#BMP15-BOVIN#Q6PX77/XLOC-010665#MYC-MARMO#P22555",2
"GO:0030336","GO:0030336","negative regulation of cell migration","5/87","94/6213",0.0531914893617021,3.79860601614087,3.25800928147807,0.0099221225754463,0.0937344890985043,0.0765687674522067,"XLOC-016472#COMP-MOUSE#Q9R0G6/XLOC-006335#GREM1-CHICK#O73755/XLOC-022275#T53I2-HUMAN#Q8IXH6/XLOC-020923#WNT11-HUMAN#O96014/gene-evm.model.ptg000002l.349#ADT1-CAEEL#G5ECS8",5
"GO:0017171","GO:0017171","serine hydrolase activity","4/87","61/6213",0.0655737704918033,4.68287167891464,3.44453177086146,0.0102065728626202,0.0961034731916023,0.0785039163378189,"XLOC-026524#KLKB1-RAT#P14272/XLOC-000223#BMP1-MOUSE#P98063/XLOC-004937#FOLH1-RAT#P70627/XLOC-025964#NEC1-HUMAN#P29120",4
"GO:0003002","GO:0003002","regionalization","12/87","405/6213",0.0296296296296296,2.11596424010217,2.76790601647317,0.0102717704978123,0.0963992145732186,0.0787454982069128,"XLOC-006454#GSC-PONPY#A2T7P4/XLOC-020834#BMP15-BOVIN#Q6PX77/XLOC-008044#MOM5-CAEEL#A0A0K3AWM6/XLOC-006335#GREM1-CHICK#O73755/XLOC-000223#BMP1-MOUSE#P98063/XLOC-013477#SIX1B-DANRE#Q6NZ04/XLOC-013652#HXD3-HAPBU#A8DT10/gene-evm.model.ptg000001l.686#SOX14-DANRE#Q32PP9/XLOC-003648#DAND5-MOUSE#Q76LW6/XLOC-020923#WNT11-HUMAN#O96014/XLOC-013035#HXA4-LINSA#P81192/XLOC-012287#SX19B-DANRE#Q9DDD7",12
"GO:0031099","GO:0031099","regeneration","6/87","133/6213",0.0451127819548872,3.22167487684729,3.08632309307867,0.0105292075504263,0.098491243086447,0.0804544107563206,"XLOC-026524#KLKB1-RAT#P14272/XLOC-008044#MOM5-CAEEL#A0A0K3AWM6/XLOC-010538#LSHR-CHICK#Q90674/XLOC-022943#NR2E3-MOUSE#Q9QXZ7/gene-evm.model.ptg000022l.266#FCN1-MOUSE#O70165/XLOC-010665#MYC-MARMO#P22555",6
"GO:1905207","GO:1905207","regulation of cardiocyte differentiation","3/87","33/6213",0.0909090909090909,6.49216300940439,3.7695803489342,0.0106874688786754,0.0995026726477049,0.0812806158769231,"XLOC-020834#BMP15-BOVIN#Q6PX77/XLOC-008044#MOM5-CAEEL#A0A0K3AWM6/XLOC-006335#GREM1-CHICK#O73755",3
"GO:0042472","GO:0042472","inner ear morphogenesis","4/87","62/6213",0.0645161290322581,4.60734149054505,3.40170847315375,0.0107961556506607,0.0995026726477049,0.0812806158769231,"XLOC-008044#MOM5-CAEEL#A0A0K3AWM6/XLOC-013477#SIX1B-DANRE#Q6NZ04/XLOC-013035#HXA4-LINSA#P81192/novel-gene-chr14-4172#SIX2-MOUSE#Q62232",4
"GO:1904888","GO:1904888","cranial skeletal system development","4/87","62/6213",0.0645161290322581,4.60734149054505,3.40170847315375,0.0107961556506607,0.0995026726477049,0.0812806158769231,"XLOC-020834#BMP15-BOVIN#Q6PX77/XLOC-013477#SIX1B-DANRE#Q6NZ04/XLOC-013035#HXA4-LINSA#P81192/novel-gene-chr14-4172#SIX2-MOUSE#Q62232",4
"GO:0010469","GO:0010469","regulation of signaling receptor activity","5/87","96/6213",0.0520833333333333,3.7194683908046,3.19990617968313,0.0108117169718852,0.0995026726477049,0.0812806158769231,"XLOC-020834#BMP15-BOVIN#Q6PX77/XLOC-003038#INHBA-MOUSE#Q04998/XLOC-006335#GREM1-CHICK#O73755/XLOC-003648#DAND5-MOUSE#Q76LW6/XLOC-020923#WNT11-HUMAN#O96014",5
"GO:2001235","GO:2001235","positive regulation of apoptotic signaling pathway","5/87","96/6213",0.0520833333333333,3.7194683908046,3.19990617968313,0.0108117169718852,0.0995026726477049,0.0812806158769231,"XLOC-016472#COMP-MOUSE#Q9R0G6/XLOC-003038#INHBA-MOUSE#Q04998/XLOC-022275#T53I2-HUMAN#Q8IXH6/gene-evm.model.ptg000002l.349#ADT1-CAEEL#G5ECS8/XLOC-010665#MYC-MARMO#P22555",5
"GO:0006979","GO:0006979","response to oxidative stress","9/87","265/6213",0.0339622641509434,2.42537410540013,2.82587648410877,0.0113854454472643,0.102841223698624,0.0840077736339416,"XLOC-020834#BMP15-BOVIN#Q6PX77/XLOC-016472#COMP-MOUSE#Q9R0G6/XLOC-025615#S15A2-DANRE#B0S6T2/XLOC-022275#T53I2-HUMAN#Q8IXH6/XLOC-012520#GPX2-PONPY#Q4AEI0/gene-evm.model.ptg000022l.478#GSH0-HUMAN#P48507/XLOC-020923#WNT11-HUMAN#O96014/XLOC-009823#GSH1-HUMAN#P48506/gene-evm.model.ptg000002l.349#ADT1-CAEEL#G5ECS8",9
"GO:0043565","GO:0043565","sequence-specific DNA binding","10/87","313/6213",0.0319488817891374,2.28159083397598,2.7725692943359,0.0116043473959917,0.102841223698624,0.0840077736339416,"XLOC-006454#GSC-PONPY#A2T7P4/XLOC-001125#PITX3-HUMAN#O75364/XLOC-013477#SIX1B-DANRE#Q6NZ04/XLOC-026222#MYPH-ECHGR#Q24799/XLOC-022943#NR2E3-MOUSE#Q9QXZ7/XLOC-013652#HXD3-HAPBU#A8DT10/XLOC-013035#HXA4-LINSA#P81192/XLOC-006585#OTX1-HUMAN#P32242/novel-gene-chr14-4172#SIX2-MOUSE#Q62232/XLOC-010665#MYC-MARMO#P22555",10
"GO:0001541","GO:0001541","ovarian follicle development","3/87","34/6213",0.0882352941176471,6.30121703853955,3.69353994049296,0.0116049053418632,0.102841223698624,0.0840077736339416,"XLOC-020834#BMP15-BOVIN#Q6PX77/XLOC-003038#INHBA-MOUSE#Q04998/XLOC-010665#MYC-MARMO#P22555",3
"GO:0007367","GO:0007367","segment polarity determination","3/87","34/6213",0.0882352941176471,6.30121703853955,3.69353994049296,0.0116049053418632,0.102841223698624,0.0840077736339416,"XLOC-008044#MOM5-CAEEL#A0A0K3AWM6/gene-evm.model.ptg000001l.686#SOX14-DANRE#Q32PP9/XLOC-012287#SX19B-DANRE#Q9DDD7",3
"GO:1905953","GO:1905953","negative regulation of lipid localization","3/87","34/6213",0.0882352941176471,6.30121703853955,3.69353994049296,0.0116049053418632,0.102841223698624,0.0840077736339416,"XLOC-016472#COMP-MOUSE#Q9R0G6/XLOC-025615#S15A2-DANRE#B0S6T2/gene-evm.model.ptg000002l.349#ADT1-CAEEL#G5ECS8",3
"GO:0005125","GO:0005125","cytokine activity","2/87","12/6213",0.166666666666667,11.9022988505747,4.50468776091188,0.0116791295052065,0.102841223698624,0.0840077736339416,"XLOC-020834#BMP15-BOVIN#Q6PX77/XLOC-003038#INHBA-MOUSE#Q04998",2
"GO:0008188","GO:0008188","neuropeptide receptor activity","2/87","12/6213",0.166666666666667,11.9022988505747,4.50468776091188,0.0116791295052065,0.102841223698624,0.0840077736339416,"XLOC-010538#LSHR-CHICK#Q90674/XLOC-001284#OX2R-HUMAN#O43614",2
"GO:0032331","GO:0032331","negative regulation of chondrocyte differentiation","2/87","12/6213",0.166666666666667,11.9022988505747,4.50468776091188,0.0116791295052065,0.102841223698624,0.0840077736339416,"XLOC-020834#BMP15-BOVIN#Q6PX77/XLOC-006335#GREM1-CHICK#O73755",2
"GO:0033690","GO:0033690","positive regulation of osteoblast proliferation","2/87","12/6213",0.166666666666667,11.9022988505747,4.50468776091188,0.0116791295052065,0.102841223698624,0.0840077736339416,"XLOC-023693#TRLF-DESRO#K9IMD0/XLOC-020834#BMP15-BOVIN#Q6PX77",2
"GO:0060317","GO:0060317","cardiac epithelial to mesenchymal transition","2/87","12/6213",0.166666666666667,11.9022988505747,4.50468776091188,0.0116791295052065,0.102841223698624,0.0840077736339416,"XLOC-020834#BMP15-BOVIN#Q6PX77/XLOC-020923#WNT11-HUMAN#O96014",2
"GO:0060351","GO:0060351","cartilage development involved in endochondral bone morphogenesis","2/87","12/6213",0.166666666666667,11.9022988505747,4.50468776091188,0.0116791295052065,0.102841223698624,0.0840077736339416,"XLOC-016472#COMP-MOUSE#Q9R0G6/gene-evm.model.ptg000002l.349#ADT1-CAEEL#G5ECS8",2
"GO:0061036","GO:0061036","positive regulation of cartilage development","2/87","12/6213",0.166666666666667,11.9022988505747,4.50468776091188,0.0116791295052065,0.102841223698624,0.0840077736339416,"XLOC-020834#BMP15-BOVIN#Q6PX77/XLOC-000223#BMP1-MOUSE#P98063",2
"GO:1903010","GO:1903010","regulation of bone development","2/87","12/6213",0.166666666666667,11.9022988505747,4.50468776091188,0.0116791295052065,0.102841223698624,0.0840077736339416,"XLOC-023693#TRLF-DESRO#K9IMD0/XLOC-006335#GREM1-CHICK#O73755",2
"GO:1903671","GO:1903671","negative regulation of sprouting angiogenesis","2/87","12/6213",0.166666666666667,11.9022988505747,4.50468776091188,0.0116791295052065,0.102841223698624,0.0840077736339416,"XLOC-016472#COMP-MOUSE#Q9R0G6/gene-evm.model.ptg000002l.349#ADT1-CAEEL#G5ECS8",2
"GO:0000977","GO:0000977","RNA polymerase II transcription regulatory region sequence-specific DNA binding","8/87","221/6213",0.0361990950226244,2.58511468247777,2.85928717859396,0.0117953604812035,0.103545118316534,0.0845827630943631,"XLOC-006454#GSC-PONPY#A2T7P4/XLOC-001125#PITX3-HUMAN#O75364/XLOC-013477#SIX1B-DANRE#Q6NZ04/XLOC-026222#MYPH-ECHGR#Q24799/XLOC-013652#HXD3-HAPBU#A8DT10/XLOC-006585#OTX1-HUMAN#P32242/novel-gene-chr14-4172#SIX2-MOUSE#Q62232/XLOC-010665#MYC-MARMO#P22555",8
"GO:0099503","GO:0099503","secretory vesicle","13/87","464/6213",0.0280172413793103,2.00081747919144,2.6705737215222,0.0118394520492292,0.103613364099543,0.0846385109363691,"XLOC-023693#TRLF-DESRO#K9IMD0/XLOC-021454#SPB3-HUMAN#P29508/XLOC-016472#COMP-MOUSE#Q9R0G6/XLOC-020938#SPB6-MOUSE#Q60854/XLOC-020686#MOXD1-DANRE#Q5TZ24/XLOC-020299#SC5A7-DROME#Q9VE46/XLOC-011874#SY65-APLCA#P41823/gene-evm.model.ptg000010l.70#ESYT2-MOUSE#Q3TZZ7/XLOC-026123#MGA-HUMAN#O43451/XLOC-004104#XLOC-004104/gene-evm.model.ptg000002l.349#ADT1-CAEEL#G5ECS8/XLOC-015788#OTOF-HUMAN#Q9HC10/XLOC-025964#NEC1-HUMAN#P29120",13
"GO:0007411","GO:0007411","axon guidance","8/87","222/6213",0.036036036036036,2.57347002174588,2.84493372782004,0.012099058960351,0.10556151441554,0.0862298938941482,"XLOC-001125#PITX3-HUMAN#O75364/XLOC-000223#BMP1-MOUSE#P98063/XLOC-022943#NR2E3-MOUSE#Q9QXZ7/gene-evm.model.ptg000001l.686#SOX14-DANRE#Q32PP9/gene-evm.model.ptg000004l.40#FA5-MOUSE#O88783/XLOC-013035#HXA4-LINSA#P81192/XLOC-012287#SX19B-DANRE#Q9DDD7/gene-evm.model.ptg000032l.233#LAMC1-XENTR#A0JP86",8
"GO:0055002","GO:0055002","striated muscle cell development","5/87","99/6213",0.0505050505050505,3.60675722744688,3.11560448277955,0.0122463757705436,0.106521067296832,0.0870137225801779,"XLOC-004696#MYS-ARGIR#P24733/XLOC-013477#SIX1B-DANRE#Q6NZ04/novel-gene-chr14-4172#SIX2-MOUSE#Q62232/XLOC-025643#TRIM2-HUMAN#Q9C040/XLOC-023090#KCC2A-HUMAN#Q9UQM7",5
"GO:0030659","GO:0030659","cytoplasmic vesicle membrane","9/87","269/6213",0.033457249070632,2.38930906294065,2.77601917739747,0.012476366564631,0.107988026939295,0.0882120359524043,"XLOC-021454#SPB3-HUMAN#P29508/XLOC-008044#MOM5-CAEEL#A0A0K3AWM6/XLOC-025615#S15A2-DANRE#B0S6T2/XLOC-020686#MOXD1-DANRE#Q5TZ24/XLOC-003539#RHBG-DANRE#Q7T070/XLOC-011874#SY65-APLCA#P41823/XLOC-026123#MGA-HUMAN#O43451/XLOC-015788#OTOF-HUMAN#Q9HC10/XLOC-023090#KCC2A-HUMAN#Q9UQM7",9
"GO:0030193","GO:0030193","regulation of blood coagulation","3/87","35/6213",0.0857142857142857,6.12118226600985,3.6204883697036,0.0125664300539243,0.107988026939295,0.0882120359524043,"XLOC-026524#KLKB1-RAT#P14272/XLOC-016472#COMP-MOUSE#Q9R0G6/gene-evm.model.ptg000002l.349#ADT1-CAEEL#G5ECS8",3
"GO:0060415","GO:0060415","muscle tissue morphogenesis","3/87","35/6213",0.0857142857142857,6.12118226600985,3.6204883697036,0.0125664300539243,0.107988026939295,0.0882120359524043,"XLOC-020834#BMP15-BOVIN#Q6PX77/XLOC-008044#MOM5-CAEEL#A0A0K3AWM6/XLOC-004696#MYS-ARGIR#P24733",3
"GO:1900046","GO:1900046","regulation of hemostasis","3/87","35/6213",0.0857142857142857,6.12118226600985,3.6204883697036,0.0125664300539243,0.107988026939295,0.0882120359524043,"XLOC-026524#KLKB1-RAT#P14272/XLOC-016472#COMP-MOUSE#Q9R0G6/gene-evm.model.ptg000002l.349#ADT1-CAEEL#G5ECS8",3
"GO:0004857","GO:0004857","enzyme inhibitor activity","5/87","101/6213",0.0495049504950495,3.53533629224991,3.06119814098993,0.0132716958305038,0.112135948009408,0.091600342720619,"XLOC-023693#TRLF-DESRO#K9IMD0/XLOC-021454#SPB3-HUMAN#P29508/XLOC-020938#SPB6-MOUSE#Q60854/XLOC-006685#KAPR-STRPU#Q26619/XLOC-016437#UBP14-PANTR#P60051",5
"GO:0005509","GO:0005509","calcium ion binding","6/87","140/6213",0.0428571428571429,3.06059113300493,2.93860394674152,0.0133353341948949,0.112135948009408,0.091600342720619,"XLOC-016472#COMP-MOUSE#Q9R0G6/XLOC-006516#FKBP9-BOVIN#Q2KJC8/XLOC-011874#SY65-APLCA#P41823/gene-evm.model.ptg000010l.70#ESYT2-MOUSE#Q3TZZ7/gene-evm.model.ptg000002l.349#ADT1-CAEEL#G5ECS8/XLOC-015788#OTOF-HUMAN#Q9HC10",6
"GO:0050680","GO:0050680","negative regulation of epithelial cell proliferation","4/87","66/6213",0.0606060606060606,4.32810867293626,3.23910266720292,0.0133734303060434,0.112135948009408,0.091600342720619,"XLOC-020834#BMP15-BOVIN#Q6PX77/XLOC-016472#COMP-MOUSE#Q9R0G6/gene-evm.model.ptg000002l.349#ADT1-CAEEL#G5ECS8/XLOC-011360#XLOC-011360",4
"GO:0097367","GO:0097367","carbohydrate derivative binding","13/87","472/6213",0.0275423728813559,1.96690531852718,2.60404226382812,0.0135291135305319,0.112135948009408,0.091600342720619,"XLOC-023693#TRLF-DESRO#K9IMD0/XLOC-020834#BMP15-BOVIN#Q6PX77/XLOC-008044#MOM5-CAEEL#A0A0K3AWM6/XLOC-016472#COMP-MOUSE#Q9R0G6/XLOC-006335#GREM1-CHICK#O73755/XLOC-004696#MYS-ARGIR#P24733/XLOC-006685#KAPR-STRPU#Q26619/XLOC-025407#AGRIN-HUMAN#O00468/XLOC-003648#DAND5-MOUSE#Q76LW6/gene-evm.model.ptg000022l.266#FCN1-MOUSE#O70165/XLOC-009823#GSH1-HUMAN#P48506/gene-evm.model.ptg000002l.349#ADT1-CAEEL#G5ECS8/gene-evm.model.ptg000032l.233#LAMC1-XENTR#A0JP86",13
"GO:0050818","GO:0050818","regulation of coagulation","3/87","36/6213",0.0833333333333333,5.95114942528736,3.55022057691309,0.0135723631588592,0.112135948009408,0.091600342720619,"XLOC-026524#KLKB1-RAT#P14272/XLOC-016472#COMP-MOUSE#Q9R0G6/gene-evm.model.ptg000002l.349#ADT1-CAEEL#G5ECS8",3
"GO:0003323","GO:0003323","type B pancreatic cell development","2/87","13/6213",0.153846153846154,10.9867374005305,4.29522892242429,0.0136779915553011,0.112135948009408,0.091600342720619,"XLOC-020834#BMP15-BOVIN#Q6PX77/XLOC-021709#BHMT1-BOVIN#Q5I597",2
"GO:0021854","GO:0021854","hypothalamus development","2/87","13/6213",0.153846153846154,10.9867374005305,4.29522892242429,0.0136779915553011,0.112135948009408,0.091600342720619,"gene-evm.model.ptg000007l.881-1#OTP-SACKO#Q7YTC2/XLOC-010665#MYC-MARMO#P22555",2
"GO:0030194","GO:0030194","positive regulation of blood coagulation","2/87","13/6213",0.153846153846154,10.9867374005305,4.29522892242429,0.0136779915553011,0.112135948009408,0.091600342720619,"XLOC-016472#COMP-MOUSE#Q9R0G6/gene-evm.model.ptg000002l.349#ADT1-CAEEL#G5ECS8",2
"GO:0030282","GO:0030282","bone mineralization","2/87","13/6213",0.153846153846154,10.9867374005305,4.29522892242429,0.0136779915553011,0.112135948009408,0.091600342720619,"XLOC-020834#BMP15-BOVIN#Q6PX77/XLOC-010538#LSHR-CHICK#Q90674",2
"GO:0043030","GO:0043030","regulation of macrophage activation","2/87","13/6213",0.153846153846154,10.9867374005305,4.29522892242429,0.0136779915553011,0.112135948009408,0.091600342720619,"XLOC-016472#COMP-MOUSE#Q9R0G6/gene-evm.model.ptg000002l.349#ADT1-CAEEL#G5ECS8",2
"GO:0043537","GO:0043537","negative regulation of blood vessel endothelial cell migration","2/87","13/6213",0.153846153846154,10.9867374005305,4.29522892242429,0.0136779915553011,0.112135948009408,0.091600342720619,"XLOC-016472#COMP-MOUSE#Q9R0G6/gene-evm.model.ptg000002l.349#ADT1-CAEEL#G5ECS8",2
"GO:0048265","GO:0048265","response to pain","2/87","13/6213",0.153846153846154,10.9867374005305,4.29522892242429,0.0136779915553011,0.112135948009408,0.091600342720619,"XLOC-016472#COMP-MOUSE#Q9R0G6/gene-evm.model.ptg000002l.349#ADT1-CAEEL#G5ECS8",2
"GO:0048745","GO:0048745","smooth muscle tissue development","2/87","13/6213",0.153846153846154,10.9867374005305,4.29522892242429,0.0136779915553011,0.112135948009408,0.091600342720619,"XLOC-020834#BMP15-BOVIN#Q6PX77/XLOC-013477#SIX1B-DANRE#Q6NZ04",2
"GO:0051145","GO:0051145","smooth muscle cell differentiation","2/87","13/6213",0.153846153846154,10.9867374005305,4.29522892242429,0.0136779915553011,0.112135948009408,0.091600342720619,"XLOC-020834#BMP15-BOVIN#Q6PX77/XLOC-013477#SIX1B-DANRE#Q6NZ04",2
"GO:0061548","GO:0061548","ganglion development","2/87","13/6213",0.153846153846154,10.9867374005305,4.29522892242429,0.0136779915553011,0.112135948009408,0.091600342720619,"XLOC-013477#SIX1B-DANRE#Q6NZ04/novel-gene-chr14-4172#SIX2-MOUSE#Q62232",2
"GO:1900048","GO:1900048","positive regulation of hemostasis","2/87","13/6213",0.153846153846154,10.9867374005305,4.29522892242429,0.0136779915553011,0.112135948009408,0.091600342720619,"XLOC-016472#COMP-MOUSE#Q9R0G6/gene-evm.model.ptg000002l.349#ADT1-CAEEL#G5ECS8",2
"GO:0009266","GO:0009266","response to temperature stimulus","7/87","183/6213",0.0382513661202186,2.73167514603354,2.8334800953547,0.0137997480192014,0.112809974495077,0.0921509338395777,"XLOC-016472#COMP-MOUSE#Q9R0G6/XLOC-025615#S15A2-DANRE#B0S6T2/XLOC-022275#T53I2-HUMAN#Q8IXH6/XLOC-009823#GSH1-HUMAN#P48506/gene-evm.model.ptg000002l.349#ADT1-CAEEL#G5ECS8/XLOC-006585#OTX1-HUMAN#P32242/XLOC-010031#ACHB4-BOVIN#Q8SPU6",7
"GO:0030111","GO:0030111","regulation of Wnt signaling pathway","7/87","184/6213",0.0380434782608696,2.71682908545727,2.81708651942855,0.0141861132098292,0.115462344465109,0.0943175717696062,"XLOC-006454#GSC-PONPY#A2T7P4/XLOC-020834#BMP15-BOVIN#Q6PX77/XLOC-008044#MOM5-CAEEL#A0A0K3AWM6/XLOC-010538#LSHR-CHICK#Q90674/XLOC-006335#GREM1-CHICK#O73755/gene-evm.model.ptg000001l.686#SOX14-DANRE#Q32PP9/XLOC-012287#SX19B-DANRE#Q9DDD7",7
"GO:0001228","GO:0001228","DNA-binding transcription activator activity, RNA polymerase II-specific","6/87","142/6213",0.0422535211267606,3.01748421563866,2.89808457214918,0.0142251440222388,0.115462344465109,0.0943175717696062,"XLOC-001125#PITX3-HUMAN#O75364/XLOC-013477#SIX1B-DANRE#Q6NZ04/XLOC-013652#HXD3-HAPBU#A8DT10/XLOC-013035#HXA4-LINSA#P81192/novel-gene-chr14-4172#SIX2-MOUSE#Q62232/XLOC-010665#MYC-MARMO#P22555",6
"GO:0030334","GO:0030334","regulation of cell migration","10/87","323/6213",0.0309597523219814,2.21095334685598,2.66353175717634,0.0142456169827264,0.115462344465109,0.0943175717696062,"XLOC-020834#BMP15-BOVIN#Q6PX77/XLOC-016472#COMP-MOUSE#Q9R0G6/XLOC-020938#SPB6-MOUSE#Q60854/XLOC-010538#LSHR-CHICK#Q90674/XLOC-006335#GREM1-CHICK#O73755/XLOC-022275#T53I2-HUMAN#Q8IXH6/XLOC-020923#WNT11-HUMAN#O96014/gene-evm.model.ptg000002l.349#ADT1-CAEEL#G5ECS8/XLOC-010665#MYC-MARMO#P22555/XLOC-023090#KCC2A-HUMAN#Q9UQM7",10
"GO:0097485","GO:0097485","neuron projection guidance","8/87","229/6213",0.0349344978165939,2.4948049992471,2.74658689778835,0.0143895003001131,0.116298142652189,0.0950003091231559,"XLOC-001125#PITX3-HUMAN#O75364/XLOC-000223#BMP1-MOUSE#P98063/XLOC-022943#NR2E3-MOUSE#Q9QXZ7/gene-evm.model.ptg000001l.686#SOX14-DANRE#Q32PP9/gene-evm.model.ptg000004l.40#FA5-MOUSE#O88783/XLOC-013035#HXA4-LINSA#P81192/XLOC-012287#SX19B-DANRE#Q9DDD7/gene-evm.model.ptg000032l.233#LAMC1-XENTR#A0JP86",8
"GO:0034766","GO:0034766","negative regulation of monoatomic ion transmembrane transport","3/87","37/6213",0.0810810810810811,5.79030754892824,3.48255087057837,0.0146229846041699,0.117519366410413,0.0959978885504286,"XLOC-016472#COMP-MOUSE#Q9R0G6/gene-evm.model.ptg000002l.349#ADT1-CAEEL#G5ECS8/XLOC-023090#KCC2A-HUMAN#Q9UQM7",3
"GO:0040003","GO:0040003","chitin-based cuticle development","3/87","37/6213",0.0810810810810811,5.79030754892824,3.48255087057837,0.0146229846041699,0.117519366410413,0.0959978885504286,"XLOC-008044#MOM5-CAEEL#A0A0K3AWM6/gene-evm.model.ptg000001l.686#SOX14-DANRE#Q32PP9/XLOC-012287#SX19B-DANRE#Q9DDD7",3
"GO:0045766","GO:0045766","positive regulation of angiogenesis","4/87","68/6213",0.0588235294117647,4.20081135902637,3.16257217749442,0.0147971345312377,0.118584901173093,0.0968682905149624,"XLOC-016472#COMP-MOUSE#Q9R0G6/XLOC-006335#GREM1-CHICK#O73755/gene-evm.model.ptg000002l.349#ADT1-CAEEL#G5ECS8/XLOC-010031#ACHB4-BOVIN#Q8SPU6",4
"GO:0001067","GO:0001067","transcription regulatory region nucleic acid binding","9/87","278/6213",0.0323741007194245,2.31195733068717,2.66697288618826,0.0152159901300462,0.121281168376878,0.0990707867199467,"XLOC-006454#GSC-PONPY#A2T7P4/XLOC-001125#PITX3-HUMAN#O75364/XLOC-013477#SIX1B-DANRE#Q6NZ04/XLOC-026222#MYPH-ECHGR#Q24799/XLOC-013652#HXD3-HAPBU#A8DT10/XLOC-013035#HXA4-LINSA#P81192/XLOC-006585#OTX1-HUMAN#P32242/novel-gene-chr14-4172#SIX2-MOUSE#Q62232/XLOC-010665#MYC-MARMO#P22555",9
"GO:1901653","GO:1901653","cellular response to peptide","7/87","187/6213",0.0374331550802139,2.67324359210769,2.76854931420524,0.0153918733016541,0.121281168376878,0.0990707867199467,"XLOC-008044#MOM5-CAEEL#A0A0K3AWM6/XLOC-003038#INHBA-MOUSE#Q04998/XLOC-004696#MYS-ARGIR#P24733/XLOC-006685#KAPR-STRPU#Q26619/XLOC-009823#GSH1-HUMAN#P48506/XLOC-004104#XLOC-004104/XLOC-010665#MYC-MARMO#P22555",7
"GO:0003774","GO:0003774","cytoskeletal motor activity","4/87","69/6213",0.0579710144927536,4.13993003498251,3.12540114224717,0.0155436141774376,0.121281168376878,0.0990707867199467,"XLOC-004696#MYS-ARGIR#P24733/XLOC-018113#MYL6B-HUMAN#P14649/XLOC-016635#MYL1-DANRE#Q6P0G6/gene-evm.model.ptg000006l.277#gene-evm.model.ptg000006l.277",4
"GO:0030326","GO:0030326","embryonic limb morphogenesis","4/87","69/6213",0.0579710144927536,4.13993003498251,3.12540114224717,0.0155436141774376,0.121281168376878,0.0990707867199467,"XLOC-020834#BMP15-BOVIN#Q6PX77/XLOC-006335#GREM1-CHICK#O73755/XLOC-004696#MYS-ARGIR#P24733/XLOC-001125#PITX3-HUMAN#O75364",4
"GO:0001649","GO:0001649","osteoblast differentiation","3/87","38/6213",0.0789473684210526,5.63793103448276,3.41731062899476,0.0157185354750933,0.121281168376878,0.0990707867199467,"XLOC-020834#BMP15-BOVIN#Q6PX77/XLOC-008044#MOM5-CAEEL#A0A0K3AWM6/XLOC-010538#LSHR-CHICK#Q90674",3
"GO:0007591","GO:0007591","molting cycle, chitin-based cuticle","3/87","38/6213",0.0789473684210526,5.63793103448276,3.41731062899476,0.0157185354750933,0.121281168376878,0.0990707867199467,"XLOC-008044#MOM5-CAEEL#A0A0K3AWM6/gene-evm.model.ptg000001l.686#SOX14-DANRE#Q32PP9/XLOC-012287#SX19B-DANRE#Q9DDD7",3
"GO:1901888","GO:1901888","regulation of cell junction assembly","3/87","38/6213",0.0789473684210526,5.63793103448276,3.41731062899476,0.0157185354750933,0.121281168376878,0.0990707867199467,"XLOC-016472#COMP-MOUSE#Q9R0G6/XLOC-006335#GREM1-CHICK#O73755/gene-evm.model.ptg000002l.349#ADT1-CAEEL#G5ECS8",3
"GO:0006534","GO:0006534","cysteine metabolic process","2/87","14/6213",0.142857142857143,10.2019704433498,4.10743677595551,0.0158137380428316,0.121281168376878,0.0990707867199467,"gene-evm.model.ptg000022l.478#GSH0-HUMAN#P48507/XLOC-009823#GSH1-HUMAN#P48506",2
"GO:0010763","GO:0010763","positive regulation of fibroblast migration","2/87","14/6213",0.142857142857143,10.2019704433498,4.10743677595551,0.0158137380428316,0.121281168376878,0.0990707867199467,"XLOC-016472#COMP-MOUSE#Q9R0G6/gene-evm.model.ptg000002l.349#ADT1-CAEEL#G5ECS8",2
"GO:0043236","GO:0043236","laminin binding","2/87","14/6213",0.142857142857143,10.2019704433498,4.10743677595551,0.0158137380428316,0.121281168376878,0.0990707867199467,"XLOC-016472#COMP-MOUSE#Q9R0G6/gene-evm.model.ptg000002l.349#ADT1-CAEEL#G5ECS8",2
"GO:0050820","GO:0050820","positive regulation of coagulation","2/87","14/6213",0.142857142857143,10.2019704433498,4.10743677595551,0.0158137380428316,0.121281168376878,0.0990707867199467,"XLOC-016472#COMP-MOUSE#Q9R0G6/gene-evm.model.ptg000002l.349#ADT1-CAEEL#G5ECS8",2
"GO:0060788","GO:0060788","ectodermal placode formation","2/87","14/6213",0.142857142857143,10.2019704433498,4.10743677595551,0.0158137380428316,0.121281168376878,0.0990707867199467,"XLOC-013477#SIX1B-DANRE#Q6NZ04/novel-gene-chr14-4172#SIX2-MOUSE#Q62232",2
"GO:0061037","GO:0061037","negative regulation of cartilage development","2/87","14/6213",0.142857142857143,10.2019704433498,4.10743677595551,0.0158137380428316,0.121281168376878,0.0990707867199467,"XLOC-020834#BMP15-BOVIN#Q6PX77/XLOC-006335#GREM1-CHICK#O73755",2
"GO:1905209","GO:1905209","positive regulation of cardiocyte differentiation","2/87","14/6213",0.142857142857143,10.2019704433498,4.10743677595551,0.0158137380428316,0.121281168376878,0.0990707867199467,"XLOC-020834#BMP15-BOVIN#Q6PX77/XLOC-006335#GREM1-CHICK#O73755",2
"GO:2000726","GO:2000726","negative regulation of cardiac muscle cell differentiation","2/87","14/6213",0.142857142857143,10.2019704433498,4.10743677595551,0.0158137380428316,0.121281168376878,0.0990707867199467,"XLOC-020834#BMP15-BOVIN#Q6PX77/XLOC-008044#MOM5-CAEEL#A0A0K3AWM6",2
"GO:2000727","GO:2000727","positive regulation of cardiac muscle cell differentiation","2/87","14/6213",0.142857142857143,10.2019704433498,4.10743677595551,0.0158137380428316,0.121281168376878,0.0990707867199467,"XLOC-020834#BMP15-BOVIN#Q6PX77/XLOC-006335#GREM1-CHICK#O73755",2
"GO:0030234","GO:0030234","enzyme regulator activity","11/87","379/6213",0.029023746701847,2.07269584205259,2.56802852480239,0.0160436493231206,0.122707843051763,0.100236192564282,"XLOC-023693#TRLF-DESRO#K9IMD0/XLOC-021454#SPB3-HUMAN#P29508/XLOC-020834#BMP15-BOVIN#Q6PX77/XLOC-020938#SPB6-MOUSE#Q60854/XLOC-006335#GREM1-CHICK#O73755/XLOC-006685#KAPR-STRPU#Q26619/gene-evm.model.ptg000022l.478#GSH0-HUMAN#P48507/XLOC-016437#UBP14-PANTR#P60051/gene-evm.model.ptg000012l.503-1#DJC10-XENLA#Q6NRT6/XLOC-020232#AGD1-ARATH#Q9FIT8/XLOC-009355#B3GA3-HUMAN#O94766",11
"GO:0055001","GO:0055001","muscle cell development","5/87","106/6213",0.0471698113207547,3.36857514638907,2.93098093911566,0.0160857810379808,0.122707843051763,0.100236192564282,"XLOC-004696#MYS-ARGIR#P24733/XLOC-013477#SIX1B-DANRE#Q6NZ04/novel-gene-chr14-4172#SIX2-MOUSE#Q62232/XLOC-025643#TRIM2-HUMAN#Q9C040/XLOC-023090#KCC2A-HUMAN#Q9UQM7",5
"GO:0048663","GO:0048663","neuron fate commitment","4/87","70/6213",0.0571428571428571,4.0807881773399,3.0889256494477,0.0163134820612503,0.123717473487726,0.101060928035798,"XLOC-020834#BMP15-BOVIN#Q6PX77/XLOC-008044#MOM5-CAEEL#A0A0K3AWM6/XLOC-013477#SIX1B-DANRE#Q6NZ04/XLOC-022943#NR2E3-MOUSE#Q9QXZ7",4
"GO:0070555","GO:0070555","response to interleukin-1","4/87","70/6213",0.0571428571428571,4.0807881773399,3.0889256494477,0.0163134820612503,0.123717473487726,0.101060928035798,"XLOC-003038#INHBA-MOUSE#Q04998/XLOC-009823#GSH1-HUMAN#P48506/XLOC-025964#NEC1-HUMAN#P29120/XLOC-010665#MYC-MARMO#P22555",4
"GO:0051962","GO:0051962","positive regulation of nervous system development","10/87","330/6213",0.0303030303030303,2.16405433646813,2.58951035728457,0.0163482255537584,0.123717473487726,0.101060928035798,"XLOC-020834#BMP15-BOVIN#Q6PX77/XLOC-008044#MOM5-CAEEL#A0A0K3AWM6/XLOC-016472#COMP-MOUSE#Q9R0G6/XLOC-022943#NR2E3-MOUSE#Q9QXZ7/XLOC-013652#HXD3-HAPBU#A8DT10/gene-evm.model.ptg000004l.40#FA5-MOUSE#O88783/XLOC-020923#WNT11-HUMAN#O96014/XLOC-004104#XLOC-004104/gene-evm.model.ptg000007l.881-1#OTP-SACKO#Q7YTC2/XLOC-010665#MYC-MARMO#P22555",10
"GO:0000976","GO:0000976","transcription cis-regulatory region binding","8/87","235/6213",0.0340425531914894,2.43110785033015,2.66511033498671,0.0165931250806873,0.124856731919794,0.1019915525561,"XLOC-006454#GSC-PONPY#A2T7P4/XLOC-001125#PITX3-HUMAN#O75364/XLOC-013477#SIX1B-DANRE#Q6NZ04/XLOC-026222#MYPH-ECHGR#Q24799/XLOC-013652#HXD3-HAPBU#A8DT10/XLOC-006585#OTX1-HUMAN#P32242/novel-gene-chr14-4172#SIX2-MOUSE#Q62232/XLOC-010665#MYC-MARMO#P22555",8
"GO:0051051","GO:0051051","negative regulation of transport","8/87","235/6213",0.0340425531914894,2.43110785033015,2.66511033498671,0.0165931250806873,0.124856731919794,0.1019915525561,"XLOC-025132#PPN1-CAEEL#O76840/XLOC-016472#COMP-MOUSE#Q9R0G6/XLOC-025615#S15A2-DANRE#B0S6T2/XLOC-003038#INHBA-MOUSE#Q04998/XLOC-010538#LSHR-CHICK#Q90674/gene-evm.model.ptg000002l.349#ADT1-CAEEL#G5ECS8/XLOC-010665#MYC-MARMO#P22555/XLOC-023090#KCC2A-HUMAN#Q9UQM7",8
"GO:0060828","GO:0060828","regulation of canonical Wnt signaling pathway","6/87","147/6213",0.0408163265306122,2.91484869809993,2.79981142784906,0.0166300589307823,0.124856731919794,0.1019915525561,"XLOC-020834#BMP15-BOVIN#Q6PX77/XLOC-008044#MOM5-CAEEL#A0A0K3AWM6/XLOC-010538#LSHR-CHICK#Q90674/XLOC-006335#GREM1-CHICK#O73755/gene-evm.model.ptg000001l.686#SOX14-DANRE#Q32PP9/XLOC-012287#SX19B-DANRE#Q9DDD7",6
"GO:0007365","GO:0007365","periodic partitioning","3/87","39/6213",0.0769230769230769,5.49336870026525,3.35434632730752,0.0168592192964257,0.125914535740059,0.102855639355984,"XLOC-008044#MOM5-CAEEL#A0A0K3AWM6/gene-evm.model.ptg000001l.686#SOX14-DANRE#Q32PP9/XLOC-012287#SX19B-DANRE#Q9DDD7",3
"GO:0032890","GO:0032890","regulation of organic acid transport","3/87","39/6213",0.0769230769230769,5.49336870026525,3.35434632730752,0.0168592192964257,0.125914535740059,0.102855639355984,"XLOC-016472#COMP-MOUSE#Q9R0G6/XLOC-025615#S15A2-DANRE#B0S6T2/gene-evm.model.ptg000002l.349#ADT1-CAEEL#G5ECS8",3
"GO:0043408","GO:0043408","regulation of MAPK cascade","10/87","332/6213",0.0301204819277108,2.1510178645617,2.56869399224168,0.0169895695493619,0.126556767426448,0.103380258299539,"XLOC-020834#BMP15-BOVIN#Q6PX77/XLOC-008044#MOM5-CAEEL#A0A0K3AWM6/XLOC-016472#COMP-MOUSE#Q9R0G6/XLOC-020938#SPB6-MOUSE#Q60854/XLOC-003038#INHBA-MOUSE#Q04998/XLOC-020923#WNT11-HUMAN#O96014/gene-evm.model.ptg000002l.349#ADT1-CAEEL#G5ECS8/XLOC-010031#ACHB4-BOVIN#Q8SPU6/XLOC-010665#MYC-MARMO#P22555/XLOC-023090#KCC2A-HUMAN#Q9UQM7",10
"GO:0042327","GO:0042327","positive regulation of phosphorylation","12/87","434/6213",0.0276497695852535,1.97457492451931,2.50853753700679,0.0170860427410879,0.126943958177927,0.103696542293774,"XLOC-023693#TRLF-DESRO#K9IMD0/XLOC-020834#BMP15-BOVIN#Q6PX77/XLOC-008044#MOM5-CAEEL#A0A0K3AWM6/XLOC-016472#COMP-MOUSE#Q9R0G6/XLOC-003038#INHBA-MOUSE#Q04998/XLOC-006335#GREM1-CHICK#O73755/XLOC-006685#KAPR-STRPU#Q26619/XLOC-020923#WNT11-HUMAN#O96014/gene-evm.model.ptg000002l.349#ADT1-CAEEL#G5ECS8/XLOC-010031#ACHB4-BOVIN#Q8SPU6/XLOC-010665#MYC-MARMO#P22555/XLOC-023090#KCC2A-HUMAN#Q9UQM7",12
"GO:0045597","GO:0045597","positive regulation of cell differentiation","13/87","487/6213",0.026694045174538,1.90632301918856,2.48261098606659,0.0171968249035617,0.127435172597043,0.10409779996305,"XLOC-023693#TRLF-DESRO#K9IMD0/XLOC-020834#BMP15-BOVIN#Q6PX77/XLOC-008044#MOM5-CAEEL#A0A0K3AWM6/XLOC-020938#SPB6-MOUSE#Q60854/XLOC-006335#GREM1-CHICK#O73755/XLOC-006685#KAPR-STRPU#Q26619/XLOC-022943#NR2E3-MOUSE#Q9QXZ7/XLOC-013652#HXD3-HAPBU#A8DT10/gene-evm.model.ptg000004l.40#FA5-MOUSE#O88783/XLOC-020923#WNT11-HUMAN#O96014/XLOC-004104#XLOC-004104/gene-evm.model.ptg000007l.881-1#OTP-SACKO#Q7YTC2/XLOC-010665#MYC-MARMO#P22555",13
"GO:0006575","GO:0006575","modified amino acid metabolic process","5/87","109/6213",0.0458715596330275,3.27586206896552,2.85652992272325,0.0179524727166808,0.13027428326737,0.106416980520581,"XLOC-022911#PA2B-BUNFA#A6MEY4/XLOC-021709#BHMT1-BOVIN#Q5I597/gene-evm.model.ptg000020l.16#MAAI-MOUSE#Q9WVL0/gene-evm.model.ptg000022l.478#GSH0-HUMAN#P48507/XLOC-009823#GSH1-HUMAN#P48506",5
"GO:0001568","GO:0001568","blood vessel development","7/87","193/6213",0.0362694300518135,2.5901375737002,2.67424973977142,0.0180205033830735,0.13027428326737,0.106416980520581,"XLOC-020834#BMP15-BOVIN#Q6PX77/XLOC-016472#COMP-MOUSE#Q9R0G6/XLOC-006335#GREM1-CHICK#O73755/XLOC-000223#BMP1-MOUSE#P98063/XLOC-013477#SIX1B-DANRE#Q6NZ04/gene-evm.model.ptg000002l.349#ADT1-CAEEL#G5ECS8/XLOC-013035#HXA4-LINSA#P81192",7
"GO:0030509","GO:0030509","BMP signaling pathway","3/87","40/6213",0.075,5.35603448275862,3.29351783671595,0.0180452033026098,0.13027428326737,0.106416980520581,"XLOC-020834#BMP15-BOVIN#Q6PX77/XLOC-025407#AGRIN-HUMAN#O00468/XLOC-003648#DAND5-MOUSE#Q76LW6",3
"GO:0072341","GO:0072341","modified amino acid binding","3/87","40/6213",0.075,5.35603448275862,3.29351783671595,0.0180452033026098,0.13027428326737,0.106416980520581,"XLOC-016472#COMP-MOUSE#Q9R0G6/XLOC-011874#SY65-APLCA#P41823/gene-evm.model.ptg000002l.349#ADT1-CAEEL#G5ECS8",3
"GO:0007354","GO:0007354","zygotic determination of anterior/posterior axis, embryo","2/87","15/6213",0.133333333333333,9.52183908045977,3.93767643172297,0.0180822349014646,0.13027428326737,0.106416980520581,"XLOC-020834#BMP15-BOVIN#Q6PX77/XLOC-000223#BMP1-MOUSE#P98063",2
"GO:0010955","GO:0010955","negative regulation of protein processing","2/87","15/6213",0.133333333333333,9.52183908045977,3.93767643172297,0.0180822349014646,0.13027428326737,0.106416980520581,"XLOC-016472#COMP-MOUSE#Q9R0G6/gene-evm.model.ptg000002l.349#ADT1-CAEEL#G5ECS8",2
"GO:0021984","GO:0021984","adenohypophysis development","2/87","15/6213",0.133333333333333,9.52183908045977,3.93767643172297,0.0180822349014646,0.13027428326737,0.106416980520581,"XLOC-020834#BMP15-BOVIN#Q6PX77/XLOC-013477#SIX1B-DANRE#Q6NZ04",2
"GO:0030878","GO:0030878","thyroid gland development","2/87","15/6213",0.133333333333333,9.52183908045977,3.93767643172297,0.0180822349014646,0.13027428326737,0.106416980520581,"XLOC-013477#SIX1B-DANRE#Q6NZ04/XLOC-013652#HXD3-HAPBU#A8DT10",2
"GO:0071622","GO:0071622","regulation of granulocyte chemotaxis","2/87","15/6213",0.133333333333333,9.52183908045977,3.93767643172297,0.0180822349014646,0.13027428326737,0.106416980520581,"XLOC-016472#COMP-MOUSE#Q9R0G6/gene-evm.model.ptg000002l.349#ADT1-CAEEL#G5ECS8",2
"GO:1903318","GO:1903318","negative regulation of protein maturation","2/87","15/6213",0.133333333333333,9.52183908045977,3.93767643172297,0.0180822349014646,0.13027428326737,0.106416980520581,"XLOC-016472#COMP-MOUSE#Q9R0G6/gene-evm.model.ptg000002l.349#ADT1-CAEEL#G5ECS8",2
"GO:2000136","GO:2000136","regulation of cell proliferation involved in heart morphogenesis","2/87","15/6213",0.133333333333333,9.52183908045977,3.93767643172297,0.0180822349014646,0.13027428326737,0.106416980520581,"XLOC-020834#BMP15-BOVIN#Q6PX77/XLOC-013477#SIX1B-DANRE#Q6NZ04",2
"GO:0001704","GO:0001704","formation of primary germ layer","4/87","73/6213",0.0547945205479452,3.9130845536136,2.98343917793117,0.0187655262703558,0.134180567542168,0.10960790176116,"XLOC-020834#BMP15-BOVIN#Q6PX77/XLOC-008044#MOM5-CAEEL#A0A0K3AWM6/XLOC-000223#BMP1-MOUSE#P98063/XLOC-013477#SIX1B-DANRE#Q6NZ04",4
"GO:0090101","GO:0090101","negative regulation of transmembrane receptor protein serine/threonine kinase signaling pathway","4/87","73/6213",0.0547945205479452,3.9130845536136,2.98343917793117,0.0187655262703558,0.134180567542168,0.10960790176116,"XLOC-008044#MOM5-CAEEL#A0A0K3AWM6/XLOC-006335#GREM1-CHICK#O73755/XLOC-003648#DAND5-MOUSE#Q76LW6/XLOC-018043#RSLBB-DANRE#Q6P0U3",4
"GO:1904018","GO:1904018","positive regulation of vasculature development","4/87","73/6213",0.0547945205479452,3.9130845536136,2.98343917793117,0.0187655262703558,0.134180567542168,0.10960790176116,"XLOC-016472#COMP-MOUSE#Q9R0G6/XLOC-006335#GREM1-CHICK#O73755/gene-evm.model.ptg000002l.349#ADT1-CAEEL#G5ECS8/XLOC-010031#ACHB4-BOVIN#Q8SPU6",4
"GO:0002685","GO:0002685","regulation of leukocyte migration","3/87","41/6213",0.0731707317073171,5.22539949537426,3.23469695253785,0.0192766196767441,0.136656193242154,0.111630162834368,"XLOC-016472#COMP-MOUSE#Q9R0G6/XLOC-006335#GREM1-CHICK#O73755/gene-evm.model.ptg000002l.349#ADT1-CAEEL#G5ECS8",3
"GO:0070613","GO:0070613","regulation of protein processing","3/87","41/6213",0.0731707317073171,5.22539949537426,3.23469695253785,0.0192766196767441,0.136656193242154,0.111630162834368,"XLOC-026524#KLKB1-RAT#P14272/XLOC-016472#COMP-MOUSE#Q9R0G6/gene-evm.model.ptg000002l.349#ADT1-CAEEL#G5ECS8",3
"GO:1903317","GO:1903317","regulation of protein maturation","3/87","41/6213",0.0731707317073171,5.22539949537426,3.23469695253785,0.0192766196767441,0.136656193242154,0.111630162834368,"XLOC-026524#KLKB1-RAT#P14272/XLOC-016472#COMP-MOUSE#Q9R0G6/gene-evm.model.ptg000002l.349#ADT1-CAEEL#G5ECS8",3
"GO:0001822","GO:0001822","kidney development","6/87","152/6213",0.0394736842105263,2.81896551724138,2.70558368641818,0.0193033459083729,0.136656193242154,0.111630162834368,"XLOC-020834#BMP15-BOVIN#Q6PX77/XLOC-010538#LSHR-CHICK#Q90674/XLOC-006335#GREM1-CHICK#O73755/XLOC-013477#SIX1B-DANRE#Q6NZ04/novel-gene-chr14-4172#SIX2-MOUSE#Q62232/XLOC-010665#MYC-MARMO#P22555",6
"GO:0097306","GO:0097306","cellular response to alcohol","4/87","74/6213",0.0540540540540541,3.86020503261883,2.94951808397557,0.019631011628841,0.138631871725454,0.113244032689562,"XLOC-003038#INHBA-MOUSE#Q04998/XLOC-022275#T53I2-HUMAN#Q8IXH6/XLOC-013035#HXA4-LINSA#P81192/XLOC-010665#MYC-MARMO#P22555",4
"GO:0007389","GO:0007389","pattern specification process","13/87","496/6213",0.0262096774193548,1.87173248053393,2.41171966014988,0.0197374508247389,0.138783437413049,0.113367841951221,"XLOC-006454#GSC-PONPY#A2T7P4/XLOC-020834#BMP15-BOVIN#Q6PX77/XLOC-008044#MOM5-CAEEL#A0A0K3AWM6/XLOC-003038#INHBA-MOUSE#Q04998/XLOC-006335#GREM1-CHICK#O73755/XLOC-000223#BMP1-MOUSE#P98063/XLOC-013477#SIX1B-DANRE#Q6NZ04/XLOC-013652#HXD3-HAPBU#A8DT10/gene-evm.model.ptg000001l.686#SOX14-DANRE#Q32PP9/XLOC-003648#DAND5-MOUSE#Q76LW6/XLOC-020923#WNT11-HUMAN#O96014/XLOC-013035#HXA4-LINSA#P81192/XLOC-012287#SX19B-DANRE#Q9DDD7",13
"GO:0009953","GO:0009953","dorsal/ventral pattern formation","6/87","153/6213",0.0392156862745098,2.80054090601758,2.68719541219289,0.0198713357459706,0.138783437413049,0.113367841951221,"XLOC-006454#GSC-PONPY#A2T7P4/XLOC-020834#BMP15-BOVIN#Q6PX77/XLOC-008044#MOM5-CAEEL#A0A0K3AWM6/XLOC-006335#GREM1-CHICK#O73755/XLOC-000223#BMP1-MOUSE#P98063/XLOC-003648#DAND5-MOUSE#Q76LW6",6
"GO:0050769","GO:0050769","positive regulation of neurogenesis","9/87","291/6213",0.0309278350515464,2.20867401350871,2.51656603860863,0.0199295226289645,0.138783437413049,0.113367841951221,"XLOC-020834#BMP15-BOVIN#Q6PX77/XLOC-008044#MOM5-CAEEL#A0A0K3AWM6/XLOC-022943#NR2E3-MOUSE#Q9QXZ7/XLOC-013652#HXD3-HAPBU#A8DT10/gene-evm.model.ptg000004l.40#FA5-MOUSE#O88783/XLOC-020923#WNT11-HUMAN#O96014/XLOC-004104#XLOC-004104/gene-evm.model.ptg000007l.881-1#OTP-SACKO#Q7YTC2/XLOC-010665#MYC-MARMO#P22555",9
"GO:0001817","GO:0001817","regulation of cytokine production","7/87","197/6213",0.0355329949238579,2.53754594783826,2.61332940980833,0.0199404266538934,0.138783437413049,0.113367841951221,"XLOC-023693#TRLF-DESRO#K9IMD0/XLOC-016472#COMP-MOUSE#Q9R0G6/XLOC-003038#INHBA-MOUSE#Q04998/XLOC-010538#LSHR-CHICK#Q90674/gene-evm.model.ptg000002l.349#ADT1-CAEEL#G5ECS8/XLOC-010031#ACHB4-BOVIN#Q8SPU6/gene-evm.model.ptg000021l.117#UFD1-RAT#Q9ES53",7
"GO:0048514","GO:0048514","blood vessel morphogenesis","6/87","154/6213",0.038961038961039,2.78235557545902,2.66895398821242,0.0204506660014857,0.138783437413049,0.113367841951221,"XLOC-020834#BMP15-BOVIN#Q6PX77/XLOC-016472#COMP-MOUSE#Q9R0G6/XLOC-006335#GREM1-CHICK#O73755/XLOC-013477#SIX1B-DANRE#Q6NZ04/gene-evm.model.ptg000002l.349#ADT1-CAEEL#G5ECS8/XLOC-013035#HXA4-LINSA#P81192",6
"GO:0002068","GO:0002068","glandular epithelial cell development","2/87","16/6213",0.125,8.92672413793103,3.78311759521442,0.0204794346831033,0.138783437413049,0.113367841951221,"XLOC-020834#BMP15-BOVIN#Q6PX77/XLOC-021709#BHMT1-BOVIN#Q5I597",2
"GO:0002762","GO:0002762","negative regulation of myeloid leukocyte differentiation","2/87","16/6213",0.125,8.92672413793103,3.78311759521442,0.0204794346831033,0.138783437413049,0.113367841951221,"XLOC-023693#TRLF-DESRO#K9IMD0/XLOC-010665#MYC-MARMO#P22555",2
"GO:0003309","GO:0003309","type B pancreatic cell differentiation","2/87","16/6213",0.125,8.92672413793103,3.78311759521442,0.0204794346831033,0.138783437413049,0.113367841951221,"XLOC-020834#BMP15-BOVIN#Q6PX77/XLOC-021709#BHMT1-BOVIN#Q5I597",2
"GO:0004623","GO:0004623","phospholipase A2 activity","2/87","16/6213",0.125,8.92672413793103,3.78311759521442,0.0204794346831033,0.138783437413049,0.113367841951221,"XLOC-022911#PA2B-BUNFA#A6MEY4/XLOC-020365#PA2-BOMTE#P82971",2
"GO:0010596","GO:0010596","negative regulation of endothelial cell migration","2/87","16/6213",0.125,8.92672413793103,3.78311759521442,0.0204794346831033,0.138783437413049,0.113367841951221,"XLOC-016472#COMP-MOUSE#Q9R0G6/gene-evm.model.ptg000002l.349#ADT1-CAEEL#G5ECS8",2
"GO:0010718","GO:0010718","positive regulation of epithelial to mesenchymal transition","2/87","16/6213",0.125,8.92672413793103,3.78311759521442,0.0204794346831033,0.138783437413049,0.113367841951221,"XLOC-020834#BMP15-BOVIN#Q6PX77/XLOC-020938#SPB6-MOUSE#Q60854",2
"GO:0021904","GO:0021904","dorsal/ventral neural tube patterning","2/87","16/6213",0.125,8.92672413793103,3.78311759521442,0.0204794346831033,0.138783437413049,0.113367841951221,"XLOC-006454#GSC-PONPY#A2T7P4/XLOC-020834#BMP15-BOVIN#Q6PX77",2
"GO:0035116","GO:0035116","embryonic hindlimb morphogenesis","2/87","16/6213",0.125,8.92672413793103,3.78311759521442,0.0204794346831033,0.138783437413049,0.113367841951221,"XLOC-020834#BMP15-BOVIN#Q6PX77/XLOC-001125#PITX3-HUMAN#O75364",2
"GO:0043652","GO:0043652","engulfment of apoptotic cell","2/87","16/6213",0.125,8.92672413793103,3.78311759521442,0.0204794346831033,0.138783437413049,0.113367841951221,"XLOC-016472#COMP-MOUSE#Q9R0G6/gene-evm.model.ptg000002l.349#ADT1-CAEEL#G5ECS8",2
"GO:0071361","GO:0071361","cellular response to ethanol","2/87","16/6213",0.125,8.92672413793103,3.78311759521442,0.0204794346831033,0.138783437413049,0.113367841951221,"XLOC-022275#T53I2-HUMAN#Q8IXH6/XLOC-013035#HXA4-LINSA#P81192",2
"GO:0071697","GO:0071697","ectodermal placode morphogenesis","2/87","16/6213",0.125,8.92672413793103,3.78311759521442,0.0204794346831033,0.138783437413049,0.113367841951221,"XLOC-013477#SIX1B-DANRE#Q6NZ04/novel-gene-chr14-4172#SIX2-MOUSE#Q62232",2
"GO:1903556","GO:1903556","negative regulation of tumor necrosis factor superfamily cytokine production","2/87","16/6213",0.125,8.92672413793103,3.78311759521442,0.0204794346831033,0.138783437413049,0.113367841951221,"XLOC-023693#TRLF-DESRO#K9IMD0/XLOC-010031#ACHB4-BOVIN#Q8SPU6",2
"GO:0006935","GO:0006935","chemotaxis","9/87","293/6213",0.0307167235494881,2.19359774037896,2.49412260413369,0.0207396672734527,0.140213911685215,0.114536351567534,"XLOC-020834#BMP15-BOVIN#Q6PX77/XLOC-001125#PITX3-HUMAN#O75364/XLOC-000223#BMP1-MOUSE#P98063/XLOC-022943#NR2E3-MOUSE#Q9QXZ7/gene-evm.model.ptg000001l.686#SOX14-DANRE#Q32PP9/gene-evm.model.ptg000004l.40#FA5-MOUSE#O88783/XLOC-013035#HXA4-LINSA#P81192/XLOC-012287#SX19B-DANRE#Q9DDD7/gene-evm.model.ptg000032l.233#LAMC1-XENTR#A0JP86",9
"GO:0033993","GO:0033993","response to lipid","11/87","394/6213",0.0279187817258883,1.99378610187292,2.42886683450529,0.020832565266503,0.14050900403152,0.114777403260016,"XLOC-020834#BMP15-BOVIN#Q6PX77/XLOC-008044#MOM5-CAEEL#A0A0K3AWM6/XLOC-016472#COMP-MOUSE#Q9R0G6/XLOC-003038#INHBA-MOUSE#Q04998/XLOC-022275#T53I2-HUMAN#Q8IXH6/XLOC-026123#MGA-HUMAN#O43451/gene-evm.model.ptg000002l.349#ADT1-CAEEL#G5ECS8/XLOC-013035#HXA4-LINSA#P81192/XLOC-011360#XLOC-011360/XLOC-025964#NEC1-HUMAN#P29120/XLOC-010665#MYC-MARMO#P22555",11
"GO:0001667","GO:0001667","ameboidal-type cell migration","7/87","199/6213",0.0351758793969849,2.51204297348813,2.5834247400745,0.0209524320061272,0.14098417102236,0.115165552287899,"XLOC-020834#BMP15-BOVIN#Q6PX77/XLOC-008044#MOM5-CAEEL#A0A0K3AWM6/XLOC-010538#LSHR-CHICK#Q90674/XLOC-006335#GREM1-CHICK#O73755/XLOC-004696#MYS-ARGIR#P24733/XLOC-006644#FBX11-RAT#Q7TSL3/XLOC-000173#TES-CHICK#Q90YH9",7
"GO:0035107","GO:0035107","appendage morphogenesis","8/87","246/6213",0.032520325203252,2.3223997757219,2.52196558086914,0.0212542925373928,0.142471857278844,0.116380796581755,"XLOC-020834#BMP15-BOVIN#Q6PX77/XLOC-008044#MOM5-CAEEL#A0A0K3AWM6/XLOC-006335#GREM1-CHICK#O73755/XLOC-004696#MYS-ARGIR#P24733/XLOC-001125#PITX3-HUMAN#O75364/XLOC-000223#BMP1-MOUSE#P98063/XLOC-022943#NR2E3-MOUSE#Q9QXZ7/XLOC-009823#GSH1-HUMAN#P48506",8
"GO:0009408","GO:0009408","response to heat","5/87","114/6213",0.043859649122807,3.13218390804598,2.73800744008946,0.021373275469802,0.142471857278844,0.116380796581755,"XLOC-016472#COMP-MOUSE#Q9R0G6/XLOC-025615#S15A2-DANRE#B0S6T2/XLOC-022275#T53I2-HUMAN#Q8IXH6/XLOC-009823#GSH1-HUMAN#P48506/gene-evm.model.ptg000002l.349#ADT1-CAEEL#G5ECS8",5
"GO:0045637","GO:0045637","regulation of myeloid cell differentiation","5/87","114/6213",0.043859649122807,3.13218390804598,2.73800744008946,0.021373275469802,0.142471857278844,0.116380796581755,"XLOC-023693#TRLF-DESRO#K9IMD0/XLOC-016472#COMP-MOUSE#Q9R0G6/XLOC-022918#XLOC-022918/gene-evm.model.ptg000002l.349#ADT1-CAEEL#G5ECS8/XLOC-010665#MYC-MARMO#P22555",5
"GO:0050954","GO:0050954","sensory perception of mechanical stimulus","5/87","114/6213",0.043859649122807,3.13218390804598,2.73800744008946,0.021373275469802,0.142471857278844,0.116380796581755,"XLOC-013477#SIX1B-DANRE#Q6NZ04/XLOC-006644#FBX11-RAT#Q7TSL3/XLOC-013035#HXA4-LINSA#P81192/XLOC-015788#OTOF-HUMAN#Q9HC10/XLOC-010665#MYC-MARMO#P22555",5
"GO:0030514","GO:0030514","negative regulation of BMP signaling pathway","3/87","43/6213",0.0697674418604651,4.98235765838011,3.12261729745666,0.0218761102262217,0.145483781993964,0.118841143518231,"XLOC-008044#MOM5-CAEEL#A0A0K3AWM6/XLOC-006335#GREM1-CHICK#O73755/XLOC-003648#DAND5-MOUSE#Q76LW6",3
"GO:0012506","GO:0012506","vesicle membrane","9/87","296/6213",0.0304054054054054,2.17136533084809,2.46078851093534,0.0219994430728102,0.145628133456161,0.118959059705182,"XLOC-021454#SPB3-HUMAN#P29508/XLOC-008044#MOM5-CAEEL#A0A0K3AWM6/XLOC-025615#S15A2-DANRE#B0S6T2/XLOC-020686#MOXD1-DANRE#Q5TZ24/XLOC-003539#RHBG-DANRE#Q7T070/XLOC-011874#SY65-APLCA#P41823/XLOC-026123#MGA-HUMAN#O43451/XLOC-015788#OTOF-HUMAN#Q9HC10/XLOC-023090#KCC2A-HUMAN#Q9UQM7",9
"GO:0001655","GO:0001655","urogenital system development","7/87","201/6213",0.0348258706467662,2.48704752101561,2.55387856876491,0.0219999037923607,0.145628133456161,0.118959059705182,"XLOC-020834#BMP15-BOVIN#Q6PX77/XLOC-010538#LSHR-CHICK#Q90674/XLOC-006335#GREM1-CHICK#O73755/XLOC-013477#SIX1B-DANRE#Q6NZ04/gene-evm.model.ptg000022l.266#FCN1-MOUSE#O70165/novel-gene-chr14-4172#SIX2-MOUSE#Q62232/XLOC-010665#MYC-MARMO#P22555",7
"GO:0010810","GO:0010810","regulation of cell-substrate adhesion","4/87","77/6213",0.051948051948052,3.70980743394537,2.85120189221755,0.0223743788073326,0.147764126706759,0.120703885671137,"XLOC-008044#MOM5-CAEEL#A0A0K3AWM6/XLOC-016472#COMP-MOUSE#Q9R0G6/XLOC-006335#GREM1-CHICK#O73755/gene-evm.model.ptg000002l.349#ADT1-CAEEL#G5ECS8",4
"GO:0001653","GO:0001653","peptide receptor activity","2/87","17/6213",0.117647058823529,8.40162271805274,3.64151877832759,0.0230013749880468,0.148026658340309,0.120918339537493,"XLOC-010538#LSHR-CHICK#Q90674/XLOC-001284#OX2R-HUMAN#O43614",2
"GO:0001710","GO:0001710","mesodermal cell fate commitment","2/87","17/6213",0.117647058823529,8.40162271805274,3.64151877832759,0.0230013749880468,0.148026658340309,0.120918339537493,"XLOC-020834#BMP15-BOVIN#Q6PX77/XLOC-013477#SIX1B-DANRE#Q6NZ04",2
"GO:0008528","GO:0008528","G protein-coupled peptide receptor activity","2/87","17/6213",0.117647058823529,8.40162271805274,3.64151877832759,0.0230013749880468,0.148026658340309,0.120918339537493,"XLOC-010538#LSHR-CHICK#Q90674/XLOC-001284#OX2R-HUMAN#O43614",2
"GO:0016881","GO:0016881","acid-amino acid ligase activity","2/87","17/6213",0.117647058823529,8.40162271805274,3.64151877832759,0.0230013749880468,0.148026658340309,0.120918339537493,"gene-evm.model.ptg000022l.478#GSH0-HUMAN#P48507/XLOC-009823#GSH1-HUMAN#P48506",2
"GO:0017085","GO:0017085","response to insecticide","2/87","17/6213",0.117647058823529,8.40162271805274,3.64151877832759,0.0230013749880468,0.148026658340309,0.120918339537493,"XLOC-003038#INHBA-MOUSE#Q04998/XLOC-016414#GRM4-MOUSE#Q68EF4",2
"GO:0030513","GO:0030513","positive regulation of BMP signaling pathway","2/87","17/6213",0.117647058823529,8.40162271805274,3.64151877832759,0.0230013749880468,0.148026658340309,0.120918339537493,"XLOC-020834#BMP15-BOVIN#Q6PX77/XLOC-000223#BMP1-MOUSE#P98063",2
"GO:0045545","GO:0045545","syndecan binding","2/87","17/6213",0.117647058823529,8.40162271805274,3.64151877832759,0.0230013749880468,0.148026658340309,0.120918339537493,"XLOC-008044#MOM5-CAEEL#A0A0K3AWM6/gene-evm.model.ptg000022l.266#FCN1-MOUSE#O70165",2
"GO:0046471","GO:0046471","phosphatidylglycerol metabolic process","2/87","17/6213",0.117647058823529,8.40162271805274,3.64151877832759,0.0230013749880468,0.148026658340309,0.120918339537493,"XLOC-022911#PA2B-BUNFA#A6MEY4/XLOC-020365#PA2-BOMTE#P82971",2
"GO:0050840","GO:0050840","extracellular matrix binding","2/87","17/6213",0.117647058823529,8.40162271805274,3.64151877832759,0.0230013749880468,0.148026658340309,0.120918339537493,"XLOC-016472#COMP-MOUSE#Q9R0G6/gene-evm.model.ptg000002l.349#ADT1-CAEEL#G5ECS8",2
"GO:1902041","GO:1902041","regulation of extrinsic apoptotic signaling pathway via death domain receptors","2/87","17/6213",0.117647058823529,8.40162271805274,3.64151877832759,0.0230013749880468,0.148026658340309,0.120918339537493,"XLOC-016472#COMP-MOUSE#Q9R0G6/gene-evm.model.ptg000002l.349#ADT1-CAEEL#G5ECS8",2
"GO:2001026","GO:2001026","regulation of endothelial cell chemotaxis","2/87","17/6213",0.117647058823529,8.40162271805274,3.64151877832759,0.0230013749880468,0.148026658340309,0.120918339537493,"XLOC-016472#COMP-MOUSE#Q9R0G6/gene-evm.model.ptg000002l.349#ADT1-CAEEL#G5ECS8",2
"GO:0045202","GO:0045202","synapse","12/87","453/6213",0.0264900662251656,1.89175610870062,2.34893395516987,0.023135080622172,0.148026658340309,0.120918339537493,"XLOC-025853#MFSD8-XENLA#Q6GPQ3/XLOC-020299#SC5A7-DROME#Q9VE46/XLOC-006685#KAPR-STRPU#Q26619/XLOC-011874#SY65-APLCA#P41823/gene-evm.model.ptg000010l.70#ESYT2-MOUSE#Q3TZZ7/XLOC-016437#UBP14-PANTR#P60051/XLOC-004104#XLOC-004104/XLOC-016414#GRM4-MOUSE#Q68EF4/XLOC-015788#OTOF-HUMAN#Q9HC10/XLOC-010031#ACHB4-BOVIN#Q8SPU6/XLOC-025964#NEC1-HUMAN#P29120/XLOC-023090#KCC2A-HUMAN#Q9UQM7",12
"GO:0008233","GO:0008233","peptidase activity","8/87","250/6213",0.032,2.28524137931034,2.47177623743851,0.0231607126849274,0.148026658340309,0.120918339537493,"XLOC-023693#TRLF-DESRO#K9IMD0/XLOC-026524#KLKB1-RAT#P14272/XLOC-015621#TPC12-MOUSE#Q8K2L8/XLOC-000223#BMP1-MOUSE#P98063/XLOC-016437#UBP14-PANTR#P60051/XLOC-004937#FOLH1-RAT#P70627/XLOC-025964#NEC1-HUMAN#P29120/gene-evm.model.ptg000021l.117#UFD1-RAT#Q9ES53",8
"GO:0008289","GO:0008289","lipid binding","8/87","250/6213",0.032,2.28524137931034,2.47177623743851,0.0231607126849274,0.148026658340309,0.120918339537493,"XLOC-023693#TRLF-DESRO#K9IMD0/XLOC-008044#MOM5-CAEEL#A0A0K3AWM6/XLOC-016472#COMP-MOUSE#Q9R0G6/XLOC-011874#SY65-APLCA#P41823/gene-evm.model.ptg000010l.70#ESYT2-MOUSE#Q3TZZ7/gene-evm.model.ptg000002l.349#ADT1-CAEEL#G5ECS8/gene-evm.model.ptg000032l.233#LAMC1-XENTR#A0JP86/XLOC-020232#AGD1-ARATH#Q9FIT8",8
"GO:0010720","GO:0010720","positive regulation of cell development","10/87","349/6213",0.0286532951289398,2.04624049007015,2.39736471900373,0.0232231653350939,0.148026658340309,0.120918339537493,"XLOC-020834#BMP15-BOVIN#Q6PX77/XLOC-008044#MOM5-CAEEL#A0A0K3AWM6/XLOC-006685#KAPR-STRPU#Q26619/XLOC-022943#NR2E3-MOUSE#Q9QXZ7/XLOC-013652#HXD3-HAPBU#A8DT10/gene-evm.model.ptg000004l.40#FA5-MOUSE#O88783/XLOC-020923#WNT11-HUMAN#O96014/XLOC-004104#XLOC-004104/gene-evm.model.ptg000007l.881-1#OTP-SACKO#Q7YTC2/XLOC-010665#MYC-MARMO#P22555",10
"GO:0004252","GO:0004252","serine-type endopeptidase activity","3/87","44/6213",0.0681818181818182,4.86912225705329,3.06915102563374,0.0232442842399083,0.148026658340309,0.120918339537493,"XLOC-026524#KLKB1-RAT#P14272/XLOC-000223#BMP1-MOUSE#P98063/XLOC-025964#NEC1-HUMAN#P29120",3
"GO:0035108","GO:0035108","limb morphogenesis","4/87","78/6213",0.0512820512820513,3.66224580017683,2.81951897709777,0.0233383381428524,0.148294607397679,0.121137218727641,"XLOC-020834#BMP15-BOVIN#Q6PX77/XLOC-006335#GREM1-CHICK#O73755/XLOC-004696#MYS-ARGIR#P24733/XLOC-001125#PITX3-HUMAN#O75364",4
"GO:0035148","GO:0035148","tube formation","5/87","117/6213",0.0427350427350427,3.05187150014736,2.66997665804316,0.0236173589364955,0.149734055657381,0.122313058913219,"XLOC-020834#BMP15-BOVIN#Q6PX77/XLOC-008044#MOM5-CAEEL#A0A0K3AWM6/XLOC-006335#GREM1-CHICK#O73755/XLOC-013477#SIX1B-DANRE#Q6NZ04/XLOC-013035#HXA4-LINSA#P81192",5
"GO:0000978","GO:0000978","RNA polymerase II cis-regulatory region sequence-specific DNA binding","6/87","160/6213",0.0375,2.67801724137931,2.56246490916504,0.0241700379278098,0.152898266536677,0.124897803646098,"XLOC-006454#GSC-PONPY#A2T7P4/XLOC-001125#PITX3-HUMAN#O75364/XLOC-013477#SIX1B-DANRE#Q6NZ04/XLOC-026222#MYPH-ECHGR#Q24799/novel-gene-chr14-4172#SIX2-MOUSE#Q62232/XLOC-010665#MYC-MARMO#P22555",6
"GO:0002244","GO:0002244","hematopoietic progenitor cell differentiation","3/87","45/6213",0.0666666666666667,4.76091954022989,3.01727552781392,0.0246580925688976,0.154678301811,0.126351858693362,"XLOC-021454#SPB3-HUMAN#P29508/XLOC-020834#BMP15-BOVIN#Q6PX77/XLOC-010665#MYC-MARMO#P22555",3
"GO:0005604","GO:0005604","basement membrane","3/87","45/6213",0.0666666666666667,4.76091954022989,3.01727552781392,0.0246580925688976,0.154678301811,0.126351858693362,"XLOC-016472#COMP-MOUSE#Q9R0G6/gene-evm.model.ptg000022l.266#FCN1-MOUSE#O70165/gene-evm.model.ptg000032l.233#LAMC1-XENTR#A0JP86",3
"GO:1902667","GO:1902667","regulation of axon guidance","3/87","45/6213",0.0666666666666667,4.76091954022989,3.01727552781392,0.0246580925688976,0.154678301811,0.126351858693362,"XLOC-008044#MOM5-CAEEL#A0A0K3AWM6/XLOC-022943#NR2E3-MOUSE#Q9QXZ7/XLOC-020923#WNT11-HUMAN#O96014",3
"GO:0006952","GO:0006952","defense response","10/87","353/6213",0.028328611898017,2.02305362899287,2.35843438757837,0.0249053730157686,0.154678301811,0.126351858693362,"XLOC-023693#TRLF-DESRO#K9IMD0/XLOC-026524#KLKB1-RAT#P14272/XLOC-025132#PPN1-CAEEL#O76840/XLOC-020834#BMP15-BOVIN#Q6PX77/XLOC-016472#COMP-MOUSE#Q9R0G6/XLOC-022911#PA2B-BUNFA#A6MEY4/XLOC-003038#INHBA-MOUSE#Q04998/gene-evm.model.ptg000002l.349#ADT1-CAEEL#G5ECS8/XLOC-010665#MYC-MARMO#P22555/XLOC-023090#KCC2A-HUMAN#Q9UQM7",10
"GO:0043086","GO:0043086","negative regulation of catalytic activity","9/87","303/6213",0.0297029702970297,2.12120177534995,2.38450481742995,0.0251530851562619,0.154678301811,0.126351858693362,"XLOC-023693#TRLF-DESRO#K9IMD0/XLOC-021454#SPB3-HUMAN#P29508/XLOC-025132#PPN1-CAEEL#O76840/XLOC-020834#BMP15-BOVIN#Q6PX77/XLOC-016472#COMP-MOUSE#Q9R0G6/XLOC-020938#SPB6-MOUSE#Q60854/XLOC-006685#KAPR-STRPU#Q26619/XLOC-016437#UBP14-PANTR#P60051/gene-evm.model.ptg000002l.349#ADT1-CAEEL#G5ECS8",9
"GO:1901342","GO:1901342","regulation of vasculature development","5/87","119/6213",0.0420168067226891,3.00057954216169,2.62581988445925,0.0251952653627689,0.154678301811,0.126351858693362,"XLOC-020834#BMP15-BOVIN#Q6PX77/XLOC-016472#COMP-MOUSE#Q9R0G6/XLOC-006335#GREM1-CHICK#O73755/gene-evm.model.ptg000002l.349#ADT1-CAEEL#G5ECS8/XLOC-010031#ACHB4-BOVIN#Q8SPU6",5
"GO:0044272","GO:0044272","sulfur compound biosynthetic process","4/87","80/6213",0.05,3.57068965517241,2.75768727195592,0.0253413753513448,0.154678301811,0.126351858693362,"XLOC-021709#BHMT1-BOVIN#Q5I597/gene-evm.model.ptg000020l.16#MAAI-MOUSE#Q9WVL0/gene-evm.model.ptg000022l.478#GSH0-HUMAN#P48507/XLOC-009823#GSH1-HUMAN#P48506",4
"GO:0050679","GO:0050679","positive regulation of epithelial cell proliferation","4/87","80/6213",0.05,3.57068965517241,2.75768727195592,0.0253413753513448,0.154678301811,0.126351858693362,"XLOC-020834#BMP15-BOVIN#Q6PX77/XLOC-008044#MOM5-CAEEL#A0A0K3AWM6/gene-evm.model.ptg000032l.233#LAMC1-XENTR#A0JP86/XLOC-010665#MYC-MARMO#P22555",4
"GO:0060348","GO:0060348","bone development","4/87","80/6213",0.05,3.57068965517241,2.75768727195592,0.0253413753513448,0.154678301811,0.126351858693362,"XLOC-023693#TRLF-DESRO#K9IMD0/XLOC-020834#BMP15-BOVIN#Q6PX77/XLOC-016472#COMP-MOUSE#Q9R0G6/gene-evm.model.ptg000002l.349#ADT1-CAEEL#G5ECS8",4
"GO:0002690","GO:0002690","positive regulation of leukocyte chemotaxis","2/87","18/6213",0.111111111111111,7.93486590038314,3.51107832929147,0.025644176921347,0.154678301811,0.126351858693362,"XLOC-016472#COMP-MOUSE#Q9R0G6/gene-evm.model.ptg000002l.349#ADT1-CAEEL#G5ECS8",2
"GO:0009713","GO:0009713","catechol-containing compound biosynthetic process","2/87","18/6213",0.111111111111111,7.93486590038314,3.51107832929147,0.025644176921347,0.154678301811,0.126351858693362,"XLOC-020686#MOXD1-DANRE#Q5TZ24/XLOC-010031#ACHB4-BOVIN#Q8SPU6",2
"GO:0014812","GO:0014812","muscle cell migration","2/87","18/6213",0.111111111111111,7.93486590038314,3.51107832929147,0.025644176921347,0.154678301811,0.126351858693362,"XLOC-013477#SIX1B-DANRE#Q6NZ04/novel-gene-chr14-4172#SIX2-MOUSE#Q62232",2
"GO:0030501","GO:0030501","positive regulation of bone mineralization","2/87","18/6213",0.111111111111111,7.93486590038314,3.51107832929147,0.025644176921347,0.154678301811,0.126351858693362,"XLOC-023693#TRLF-DESRO#K9IMD0/XLOC-020834#BMP15-BOVIN#Q6PX77",2
"GO:0031093","GO:0031093","platelet alpha granule lumen","2/87","18/6213",0.111111111111111,7.93486590038314,3.51107832929147,0.025644176921347,0.154678301811,0.126351858693362,"XLOC-016472#COMP-MOUSE#Q9R0G6/gene-evm.model.ptg000002l.349#ADT1-CAEEL#G5ECS8",2
"GO:0035137","GO:0035137","hindlimb morphogenesis","2/87","18/6213",0.111111111111111,7.93486590038314,3.51107832929147,0.025644176921347,0.154678301811,0.126351858693362,"XLOC-020834#BMP15-BOVIN#Q6PX77/XLOC-001125#PITX3-HUMAN#O75364",2
"GO:0035159","GO:0035159","regulation of tube length, open tracheal system","2/87","18/6213",0.111111111111111,7.93486590038314,3.51107832929147,0.025644176921347,0.154678301811,0.126351858693362,"XLOC-020834#BMP15-BOVIN#Q6PX77/XLOC-008044#MOM5-CAEEL#A0A0K3AWM6",2
"GO:0035914","GO:0035914","skeletal muscle cell differentiation","2/87","18/6213",0.111111111111111,7.93486590038314,3.51107832929147,0.025644176921347,0.154678301811,0.126351858693362,"novel-gene-chr14-4172#SIX2-MOUSE#Q62232/XLOC-010665#MYC-MARMO#P22555",2
"GO:0042417","GO:0042417","dopamine metabolic process","2/87","18/6213",0.111111111111111,7.93486590038314,3.51107832929147,0.025644176921347,0.154678301811,0.126351858693362,"XLOC-020686#MOXD1-DANRE#Q5TZ24/XLOC-010031#ACHB4-BOVIN#Q8SPU6",2
"GO:0042423","GO:0042423","catecholamine biosynthetic process","2/87","18/6213",0.111111111111111,7.93486590038314,3.51107832929147,0.025644176921347,0.154678301811,0.126351858693362,"XLOC-020686#MOXD1-DANRE#Q5TZ24/XLOC-010031#ACHB4-BOVIN#Q8SPU6",2
"GO:0071599","GO:0071599","otic vesicle development","2/87","18/6213",0.111111111111111,7.93486590038314,3.51107832929147,0.025644176921347,0.154678301811,0.126351858693362,"XLOC-006454#GSC-PONPY#A2T7P4/XLOC-013477#SIX1B-DANRE#Q6NZ04",2
"GO:0071696","GO:0071696","ectodermal placode development","2/87","18/6213",0.111111111111111,7.93486590038314,3.51107832929147,0.025644176921347,0.154678301811,0.126351858693362,"XLOC-013477#SIX1B-DANRE#Q6NZ04/novel-gene-chr14-4172#SIX2-MOUSE#Q62232",2
"GO:1903959","GO:1903959","regulation of monoatomic anion transmembrane transport","2/87","18/6213",0.111111111111111,7.93486590038314,3.51107832929147,0.025644176921347,0.154678301811,0.126351858693362,"XLOC-016472#COMP-MOUSE#Q9R0G6/gene-evm.model.ptg000002l.349#ADT1-CAEEL#G5ECS8",2
"GO:1990837","GO:1990837","sequence-specific double-stranded DNA binding","8/87","255/6213",0.0313725490196078,2.24043272481406,2.41034888858508,0.0257106148245363,0.154751865178063,0.126411950303183,"XLOC-006454#GSC-PONPY#A2T7P4/XLOC-001125#PITX3-HUMAN#O75364/XLOC-013477#SIX1B-DANRE#Q6NZ04/XLOC-026222#MYPH-ECHGR#Q24799/XLOC-013652#HXD3-HAPBU#A8DT10/XLOC-006585#OTX1-HUMAN#P32242/novel-gene-chr14-4172#SIX2-MOUSE#Q62232/XLOC-010665#MYC-MARMO#P22555",8
"GO:0001944","GO:0001944","vasculature development","7/87","208/6213",0.0336538461538462,2.40334880636605,2.453169998697,0.0259533622733714,0.155527378290219,0.127045442667753,"XLOC-020834#BMP15-BOVIN#Q6PX77/XLOC-016472#COMP-MOUSE#Q9R0G6/XLOC-006335#GREM1-CHICK#O73755/XLOC-000223#BMP1-MOUSE#P98063/XLOC-013477#SIX1B-DANRE#Q6NZ04/gene-evm.model.ptg000002l.349#ADT1-CAEEL#G5ECS8/XLOC-013035#HXA4-LINSA#P81192",7
"GO:0045471","GO:0045471","response to ethanol","5/87","120/6213",0.0416666666666667,2.97557471264368,2.60408614031754,0.0260091079479993,0.155527378290219,0.127045442667753,"XLOC-022275#T53I2-HUMAN#Q8IXH6/gene-evm.model.ptg000022l.478#GSH0-HUMAN#P48507/XLOC-013035#HXA4-LINSA#P81192/XLOC-010031#ACHB4-BOVIN#Q8SPU6/XLOC-010665#MYC-MARMO#P22555",5
"GO:0048754","GO:0048754","branching morphogenesis of an epithelial tube","5/87","120/6213",0.0416666666666667,2.97557471264368,2.60408614031754,0.0260091079479993,0.155527378290219,0.127045442667753,"XLOC-020834#BMP15-BOVIN#Q6PX77/XLOC-006335#GREM1-CHICK#O73755/XLOC-013477#SIX1B-DANRE#Q6NZ04/gene-evm.model.ptg000022l.266#FCN1-MOUSE#O70165/XLOC-010665#MYC-MARMO#P22555",5
"GO:0010562","GO:0010562","positive regulation of phosphorus metabolic process","12/87","461/6213",0.0260303687635575,1.85892736928716,2.2839380463408,0.0261120274100998,0.155527378290219,0.127045442667753,"XLOC-023693#TRLF-DESRO#K9IMD0/XLOC-020834#BMP15-BOVIN#Q6PX77/XLOC-008044#MOM5-CAEEL#A0A0K3AWM6/XLOC-016472#COMP-MOUSE#Q9R0G6/XLOC-003038#INHBA-MOUSE#Q04998/XLOC-006335#GREM1-CHICK#O73755/XLOC-006685#KAPR-STRPU#Q26619/XLOC-020923#WNT11-HUMAN#O96014/gene-evm.model.ptg000002l.349#ADT1-CAEEL#G5ECS8/XLOC-010031#ACHB4-BOVIN#Q8SPU6/XLOC-010665#MYC-MARMO#P22555/XLOC-023090#KCC2A-HUMAN#Q9UQM7",12
"GO:0045937","GO:0045937","positive regulation of phosphate metabolic process","12/87","461/6213",0.0260303687635575,1.85892736928716,2.2839380463408,0.0261120274100998,0.155527378290219,0.127045442667753,"XLOC-023693#TRLF-DESRO#K9IMD0/XLOC-020834#BMP15-BOVIN#Q6PX77/XLOC-008044#MOM5-CAEEL#A0A0K3AWM6/XLOC-016472#COMP-MOUSE#Q9R0G6/XLOC-003038#INHBA-MOUSE#Q04998/XLOC-006335#GREM1-CHICK#O73755/XLOC-006685#KAPR-STRPU#Q26619/XLOC-020923#WNT11-HUMAN#O96014/gene-evm.model.ptg000002l.349#ADT1-CAEEL#G5ECS8/XLOC-010031#ACHB4-BOVIN#Q8SPU6/XLOC-010665#MYC-MARMO#P22555/XLOC-023090#KCC2A-HUMAN#Q9UQM7",12
"GO:0051146","GO:0051146","striated muscle cell differentiation","6/87","163/6213",0.0368098159509202,2.62872858049503,2.51102875353906,0.0261902080587979,0.15566804914948,0.127160352285479,"XLOC-020834#BMP15-BOVIN#Q6PX77/XLOC-004696#MYS-ARGIR#P24733/XLOC-013477#SIX1B-DANRE#Q6NZ04/novel-gene-chr14-4172#SIX2-MOUSE#Q62232/XLOC-025643#TRIM2-HUMAN#Q9C040/XLOC-023090#KCC2A-HUMAN#Q9UQM7",6
"GO:0001934","GO:0001934","positive regulation of protein phosphorylation","11/87","409/6213",0.0268948655256724,1.92066436219543,2.29554673076584,0.0266136037242942,0.157855741009171,0.128947409225489,"XLOC-023693#TRLF-DESRO#K9IMD0/XLOC-020834#BMP15-BOVIN#Q6PX77/XLOC-008044#MOM5-CAEEL#A0A0K3AWM6/XLOC-016472#COMP-MOUSE#Q9R0G6/XLOC-003038#INHBA-MOUSE#Q04998/XLOC-006335#GREM1-CHICK#O73755/XLOC-006685#KAPR-STRPU#Q26619/XLOC-020923#WNT11-HUMAN#O96014/gene-evm.model.ptg000002l.349#ADT1-CAEEL#G5ECS8/XLOC-010031#ACHB4-BOVIN#Q8SPU6/XLOC-023090#KCC2A-HUMAN#Q9UQM7",11
"GO:0071363","GO:0071363","cellular response to growth factor stimulus","8/87","257/6213",0.0311284046692607,2.222997450691,2.38617132540348,0.0267838472374585,0.158535925660725,0.129503030757225,"XLOC-020834#BMP15-BOVIN#Q6PX77/XLOC-008044#MOM5-CAEEL#A0A0K3AWM6/XLOC-025407#AGRIN-HUMAN#O00468/XLOC-003648#DAND5-MOUSE#Q76LW6/gene-evm.model.ptg000022l.478#GSH0-HUMAN#P48507/XLOC-009823#GSH1-HUMAN#P48506/XLOC-004104#XLOC-004104/XLOC-010665#MYC-MARMO#P22555",8
"GO:0000987","GO:0000987","cis-regulatory region sequence-specific DNA binding","6/87","164/6213",0.0365853658536585,2.61269974768713,2.49413813879562,0.0268879392695666,0.158822548107813,0.129737163654398,"XLOC-006454#GSC-PONPY#A2T7P4/XLOC-001125#PITX3-HUMAN#O75364/XLOC-013477#SIX1B-DANRE#Q6NZ04/XLOC-026222#MYPH-ECHGR#Q24799/novel-gene-chr14-4172#SIX2-MOUSE#Q62232/XLOC-010665#MYC-MARMO#P22555",6
"GO:0001952","GO:0001952","regulation of cell-matrix adhesion","3/87","47/6213",0.0638297872340425,4.55832721936904,2.91796383608332,0.0276224818120953,0.162154198785819,0.132458684712972,"XLOC-016472#COMP-MOUSE#Q9R0G6/XLOC-006335#GREM1-CHICK#O73755/gene-evm.model.ptg000002l.349#ADT1-CAEEL#G5ECS8",3
"GO:0060840","GO:0060840","artery development","3/87","47/6213",0.0638297872340425,4.55832721936904,2.91796383608332,0.0276224818120953,0.162154198785819,0.132458684712972,"XLOC-020834#BMP15-BOVIN#Q6PX77/XLOC-013477#SIX1B-DANRE#Q6NZ04/XLOC-013035#HXA4-LINSA#P81192",3
"GO:0071322","GO:0071322","cellular response to carbohydrate stimulus","3/87","47/6213",0.0638297872340425,4.55832721936904,2.91796383608332,0.0276224818120953,0.162154198785819,0.132458684712972,"gene-evm.model.ptg000022l.478#GSH0-HUMAN#P48507/XLOC-009823#GSH1-HUMAN#P48506/XLOC-010665#MYC-MARMO#P22555",3
"GO:0003300","GO:0003300","cardiac muscle hypertrophy","2/87","19/6213",0.105263157894737,7.51724137931035,3.39032911976081,0.0284040435749516,0.164374718700481,0.134272557862587,"XLOC-004696#MYS-ARGIR#P24733/XLOC-023090#KCC2A-HUMAN#Q9UQM7",2
"GO:0007218","GO:0007218","neuropeptide signaling pathway","2/87","19/6213",0.105263157894737,7.51724137931035,3.39032911976081,0.0284040435749516,0.164374718700481,0.134272557862587,"XLOC-010538#LSHR-CHICK#Q90674/XLOC-001284#OX2R-HUMAN#O43614",2
"GO:0014897","GO:0014897","striated muscle hypertrophy","2/87","19/6213",0.105263157894737,7.51724137931035,3.39032911976081,0.0284040435749516,0.164374718700481,0.134272557862587,"XLOC-004696#MYS-ARGIR#P24733/XLOC-023090#KCC2A-HUMAN#Q9UQM7",2
"GO:0032655","GO:0032655","regulation of interleukin-12 production","2/87","19/6213",0.105263157894737,7.51724137931035,3.39032911976081,0.0284040435749516,0.164374718700481,0.134272557862587,"XLOC-016472#COMP-MOUSE#Q9R0G6/gene-evm.model.ptg000002l.349#ADT1-CAEEL#G5ECS8",2
"GO:0046189","GO:0046189","phenol-containing compound biosynthetic process","2/87","19/6213",0.105263157894737,7.51724137931035,3.39032911976081,0.0284040435749516,0.164374718700481,0.134272557862587,"XLOC-020686#MOXD1-DANRE#Q5TZ24/XLOC-010031#ACHB4-BOVIN#Q8SPU6",2
"GO:0090049","GO:0090049","regulation of cell migration involved in sprouting angiogenesis","2/87","19/6213",0.105263157894737,7.51724137931035,3.39032911976081,0.0284040435749516,0.164374718700481,0.134272557862587,"XLOC-016472#COMP-MOUSE#Q9R0G6/gene-evm.model.ptg000002l.349#ADT1-CAEEL#G5ECS8",2
"GO:1904385","GO:1904385","cellular response to angiotensin","2/87","19/6213",0.105263157894737,7.51724137931035,3.39032911976081,0.0284040435749516,0.164374718700481,0.134272557862587,"XLOC-004696#MYS-ARGIR#P24733/XLOC-010665#MYC-MARMO#P22555",2
"GO:0010171","GO:0010171","body morphogenesis","4/87","83/6213",0.0481927710843374,3.44162858329871,2.66854949909564,0.0285355773722511,0.164560079385693,0.134423973199006,"XLOC-020834#BMP15-BOVIN#Q6PX77/XLOC-004696#MYS-ARGIR#P24733/XLOC-003648#DAND5-MOUSE#Q76LW6/XLOC-013035#HXA4-LINSA#P81192",4
"GO:0000302","GO:0000302","response to reactive oxygen species","5/87","123/6213",0.040650406504065,2.90299971965237,2.54020921587909,0.0285514333319026,0.164560079385693,0.134423973199006,"XLOC-020834#BMP15-BOVIN#Q6PX77/XLOC-016472#COMP-MOUSE#Q9R0G6/XLOC-012520#GPX2-PONPY#Q4AEI0/XLOC-009823#GSH1-HUMAN#P48506/gene-evm.model.ptg000002l.349#ADT1-CAEEL#G5ECS8",5
"GO:0005791","GO:0005791","rough endoplasmic reticulum","3/87","48/6213",0.0625,4.46336206896552,2.8703762505489,0.0291729279986323,0.166460727160196,0.135976552818888,"XLOC-004104#XLOC-004104/XLOC-025964#NEC1-HUMAN#P29120/XLOC-010665#MYC-MARMO#P22555",3
"GO:0006941","GO:0006941","striated muscle contraction","3/87","48/6213",0.0625,4.46336206896552,2.8703762505489,0.0291729279986323,0.166460727160196,0.135976552818888,"XLOC-004696#MYS-ARGIR#P24733/XLOC-025643#TRIM2-HUMAN#Q9C040/XLOC-023090#KCC2A-HUMAN#Q9UQM7",3
"GO:0008045","GO:0008045","motor neuron axon guidance","3/87","48/6213",0.0625,4.46336206896552,2.8703762505489,0.0291729279986323,0.166460727160196,0.135976552818888,"XLOC-000223#BMP1-MOUSE#P98063/gene-evm.model.ptg000004l.40#FA5-MOUSE#O88783/XLOC-013035#HXA4-LINSA#P81192",3
"GO:0071772","GO:0071772","response to BMP","3/87","48/6213",0.0625,4.46336206896552,2.8703762505489,0.0291729279986323,0.166460727160196,0.135976552818888,"XLOC-020834#BMP15-BOVIN#Q6PX77/XLOC-025407#AGRIN-HUMAN#O00468/XLOC-003648#DAND5-MOUSE#Q76LW6",3
"GO:0071773","GO:0071773","cellular response to BMP stimulus","3/87","48/6213",0.0625,4.46336206896552,2.8703762505489,0.0291729279986323,0.166460727160196,0.135976552818888,"XLOC-020834#BMP15-BOVIN#Q6PX77/XLOC-025407#AGRIN-HUMAN#O00468/XLOC-003648#DAND5-MOUSE#Q76LW6",3
"GO:0055123","GO:0055123","digestive system development","6/87","168/6213",0.0357142857142857,2.55049261083744,2.42780075830768,0.0298026757289354,0.16971463843244,0.138634570992463,"XLOC-020834#BMP15-BOVIN#Q6PX77/XLOC-021709#BHMT1-BOVIN#Q5I597/XLOC-010538#LSHR-CHICK#Q90674/XLOC-013477#SIX1B-DANRE#Q6NZ04/XLOC-013035#HXA4-LINSA#P81192/gene-evm.model.ptg000032l.233#LAMC1-XENTR#A0JP86",6
"GO:0038023","GO:0038023","signaling receptor activity","6/87","169/6213",0.0355029585798817,2.53540093858396,2.41151395710566,0.0305626879605895,0.17037752303071,0.13917606065268,"XLOC-008044#MOM5-CAEEL#A0A0K3AWM6/XLOC-010538#LSHR-CHICK#Q90674/XLOC-015786#XLOC-015786/XLOC-001284#OX2R-HUMAN#O43614/XLOC-016414#GRM4-MOUSE#Q68EF4/XLOC-010031#ACHB4-BOVIN#Q8SPU6",6
"GO:0048545","GO:0048545","response to steroid hormone","6/87","169/6213",0.0355029585798817,2.53540093858396,2.41151395710566,0.0305626879605895,0.17037752303071,0.13917606065268,"XLOC-020834#BMP15-BOVIN#Q6PX77/XLOC-016472#COMP-MOUSE#Q9R0G6/XLOC-022275#T53I2-HUMAN#Q8IXH6/XLOC-026123#MGA-HUMAN#O43451/gene-evm.model.ptg000002l.349#ADT1-CAEEL#G5ECS8/XLOC-025964#NEC1-HUMAN#P29120",6
"GO:0002027","GO:0002027","regulation of heart rate","3/87","49/6213",0.0612244897959184,4.37227304714989,2.82407554489607,0.0307687410967525,0.17037752303071,0.13917606065268,"XLOC-004696#MYS-ARGIR#P24733/XLOC-010031#ACHB4-BOVIN#Q8SPU6/XLOC-023090#KCC2A-HUMAN#Q9UQM7",3
"GO:0002168","GO:0002168","instar larval development","3/87","49/6213",0.0612244897959184,4.37227304714989,2.82407554489607,0.0307687410967525,0.17037752303071,0.13917606065268,"XLOC-008044#MOM5-CAEEL#A0A0K3AWM6/gene-evm.model.ptg000001l.686#SOX14-DANRE#Q32PP9/XLOC-012287#SX19B-DANRE#Q9DDD7",3
"GO:0007492","GO:0007492","endoderm development","3/87","49/6213",0.0612244897959184,4.37227304714989,2.82407554489607,0.0307687410967525,0.17037752303071,0.13917606065268,"XLOC-020834#BMP15-BOVIN#Q6PX77/XLOC-018043#RSLBB-DANRE#Q6P0U3/gene-evm.model.ptg000032l.233#LAMC1-XENTR#A0JP86",3
"GO:0030239","GO:0030239","myofibril assembly","3/87","49/6213",0.0612244897959184,4.37227304714989,2.82407554489607,0.0307687410967525,0.17037752303071,0.13917606065268,"XLOC-004696#MYS-ARGIR#P24733/novel-gene-chr14-4172#SIX2-MOUSE#Q62232/XLOC-025643#TRIM2-HUMAN#Q9C040",3
"GO:0043410","GO:0043410","positive regulation of MAPK cascade","7/87","216/6213",0.0324074074074074,2.31433588761175,2.34289632483711,0.0310410577172603,0.17037752303071,0.13917606065268,"XLOC-020834#BMP15-BOVIN#Q6PX77/XLOC-008044#MOM5-CAEEL#A0A0K3AWM6/XLOC-016472#COMP-MOUSE#Q9R0G6/XLOC-020923#WNT11-HUMAN#O96014/gene-evm.model.ptg000002l.349#ADT1-CAEEL#G5ECS8/XLOC-010031#ACHB4-BOVIN#Q8SPU6/XLOC-023090#KCC2A-HUMAN#Q9UQM7",7
"GO:0001221","GO:0001221","transcription coregulator binding","2/87","20/6213",0.1,7.14137931034483,3.27806252536724,0.0312772585352226,0.17037752303071,0.13917606065268,"XLOC-013477#SIX1B-DANRE#Q6NZ04/XLOC-004104#XLOC-004104",2
"GO:0001937","GO:0001937","negative regulation of endothelial cell proliferation","2/87","20/6213",0.1,7.14137931034483,3.27806252536724,0.0312772585352226,0.17037752303071,0.13917606065268,"XLOC-016472#COMP-MOUSE#Q9R0G6/gene-evm.model.ptg000002l.349#ADT1-CAEEL#G5ECS8",2
"GO:0014896","GO:0014896","muscle hypertrophy","2/87","20/6213",0.1,7.14137931034483,3.27806252536724,0.0312772585352226,0.17037752303071,0.13917606065268,"XLOC-004696#MYS-ARGIR#P24733/XLOC-023090#KCC2A-HUMAN#Q9UQM7",2
"GO:0032760","GO:0032760","positive regulation of tumor necrosis factor production","2/87","20/6213",0.1,7.14137931034483,3.27806252536724,0.0312772585352226,0.17037752303071,0.13917606065268,"XLOC-016472#COMP-MOUSE#Q9R0G6/gene-evm.model.ptg000002l.349#ADT1-CAEEL#G5ECS8",2
"GO:0048286","GO:0048286","lung alveolus development","2/87","20/6213",0.1,7.14137931034483,3.27806252536724,0.0312772585352226,0.17037752303071,0.13917606065268,"XLOC-020834#BMP15-BOVIN#Q6PX77/XLOC-008044#MOM5-CAEEL#A0A0K3AWM6",2
"GO:0048483","GO:0048483","autonomic nervous system development","2/87","20/6213",0.1,7.14137931034483,3.27806252536724,0.0312772585352226,0.17037752303071,0.13917606065268,"XLOC-013477#SIX1B-DANRE#Q6NZ04/XLOC-013035#HXA4-LINSA#P81192",2
"GO:0051154","GO:0051154","negative regulation of striated muscle cell differentiation","2/87","20/6213",0.1,7.14137931034483,3.27806252536724,0.0312772585352226,0.17037752303071,0.13917606065268,"XLOC-020834#BMP15-BOVIN#Q6PX77/XLOC-008044#MOM5-CAEEL#A0A0K3AWM6",2
"GO:0060395","GO:0060395","SMAD protein signal transduction","2/87","20/6213",0.1,7.14137931034483,3.27806252536724,0.0312772585352226,0.17037752303071,0.13917606065268,"XLOC-020834#BMP15-BOVIN#Q6PX77/XLOC-003038#INHBA-MOUSE#Q04998",2
"GO:0060412","GO:0060412","ventricular septum morphogenesis","2/87","20/6213",0.1,7.14137931034483,3.27806252536724,0.0312772585352226,0.17037752303071,0.13917606065268,"XLOC-020834#BMP15-BOVIN#Q6PX77/XLOC-008044#MOM5-CAEEL#A0A0K3AWM6",2
"GO:0060512","GO:0060512","prostate gland morphogenesis","2/87","20/6213",0.1,7.14137931034483,3.27806252536724,0.0312772585352226,0.17037752303071,0.13917606065268,"XLOC-020834#BMP15-BOVIN#Q6PX77/gene-evm.model.ptg000022l.266#FCN1-MOUSE#O70165",2
"GO:0060740","GO:0060740","prostate gland epithelium morphogenesis","2/87","20/6213",0.1,7.14137931034483,3.27806252536724,0.0312772585352226,0.17037752303071,0.13917606065268,"XLOC-020834#BMP15-BOVIN#Q6PX77/gene-evm.model.ptg000022l.266#FCN1-MOUSE#O70165",2
"GO:0070664","GO:0070664","negative regulation of leukocyte proliferation","2/87","20/6213",0.1,7.14137931034483,3.27806252536724,0.0312772585352226,0.17037752303071,0.13917606065268,"XLOC-020834#BMP15-BOVIN#Q6PX77/XLOC-006335#GREM1-CHICK#O73755",2
"GO:1903557","GO:1903557","positive regulation of tumor necrosis factor superfamily cytokine production","2/87","20/6213",0.1,7.14137931034483,3.27806252536724,0.0312772585352226,0.17037752303071,0.13917606065268,"XLOC-016472#COMP-MOUSE#Q9R0G6/gene-evm.model.ptg000002l.349#ADT1-CAEEL#G5ECS8",2
"GO:1905208","GO:1905208","negative regulation of cardiocyte differentiation","2/87","20/6213",0.1,7.14137931034483,3.27806252536724,0.0312772585352226,0.17037752303071,0.13917606065268,"XLOC-020834#BMP15-BOVIN#Q6PX77/XLOC-008044#MOM5-CAEEL#A0A0K3AWM6",2
"GO:2000463","GO:2000463","positive regulation of excitatory postsynaptic potential","2/87","20/6213",0.1,7.14137931034483,3.27806252536724,0.0312772585352226,0.17037752303071,0.13917606065268,"XLOC-004104#XLOC-004104/XLOC-010031#ACHB4-BOVIN#Q8SPU6",2
"GO:0042330","GO:0042330","taxis","9/87","315/6213",0.0285714285714286,2.04039408866995,2.25833113638955,0.0312926120112485,0.17037752303071,0.13917606065268,"XLOC-020834#BMP15-BOVIN#Q6PX77/XLOC-001125#PITX3-HUMAN#O75364/XLOC-000223#BMP1-MOUSE#P98063/XLOC-022943#NR2E3-MOUSE#Q9QXZ7/gene-evm.model.ptg000001l.686#SOX14-DANRE#Q32PP9/gene-evm.model.ptg000004l.40#FA5-MOUSE#O88783/XLOC-013035#HXA4-LINSA#P81192/XLOC-012287#SX19B-DANRE#Q9DDD7/gene-evm.model.ptg000032l.233#LAMC1-XENTR#A0JP86",9
"GO:0048736","GO:0048736","appendage development","8/87","265/6213",0.030188679245283,2.155888093689,2.29160679280064,0.0313912461434773,0.170589000471125,0.139348809948188,"XLOC-020834#BMP15-BOVIN#Q6PX77/XLOC-008044#MOM5-CAEEL#A0A0K3AWM6/XLOC-006335#GREM1-CHICK#O73755/XLOC-004696#MYS-ARGIR#P24733/XLOC-001125#PITX3-HUMAN#O75364/XLOC-000223#BMP1-MOUSE#P98063/XLOC-022943#NR2E3-MOUSE#Q9QXZ7/XLOC-009823#GSH1-HUMAN#P48506",8
"GO:0043198","GO:0043198","dendritic shaft","3/87","50/6213",0.06,4.2848275862069,2.7789987484055,0.0324097887661023,0.175123347253201,0.143052775773825,"XLOC-006685#KAPR-STRPU#Q26619/XLOC-004104#XLOC-004104/XLOC-010031#ACHB4-BOVIN#Q8SPU6",3
"GO:0055024","GO:0055024","regulation of cardiac muscle tissue development","3/87","50/6213",0.06,4.2848275862069,2.7789987484055,0.0324097887661023,0.175123347253201,0.143052775773825,"XLOC-020834#BMP15-BOVIN#Q6PX77/XLOC-008044#MOM5-CAEEL#A0A0K3AWM6/XLOC-006335#GREM1-CHICK#O73755",3
"GO:0098754","GO:0098754","detoxification","3/87","50/6213",0.06,4.2848275862069,2.7789987484055,0.0324097887661023,0.175123347253201,0.143052775773825,"XLOC-022275#T53I2-HUMAN#Q8IXH6/gene-evm.model.ptg000020l.16#MAAI-MOUSE#Q9WVL0/gene-evm.model.ptg000022l.478#GSH0-HUMAN#P48507",3
"GO:0070848","GO:0070848","response to growth factor","8/87","267/6213",0.0299625468164794,2.13973911920444,2.26848277870047,0.0326236299404488,0.17594558831777,0.14372443873874,"XLOC-020834#BMP15-BOVIN#Q6PX77/XLOC-008044#MOM5-CAEEL#A0A0K3AWM6/XLOC-025407#AGRIN-HUMAN#O00468/XLOC-003648#DAND5-MOUSE#Q76LW6/gene-evm.model.ptg000022l.478#GSH0-HUMAN#P48507/XLOC-009823#GSH1-HUMAN#P48506/XLOC-004104#XLOC-004104/XLOC-010665#MYC-MARMO#P22555",8
"GO:0060089","GO:0060089","molecular transducer activity","6/87","173/6213",0.0346820809248555,2.47677895156468,2.34750718190977,0.0337301663501594,0.179018875709212,0.146234910923016,"XLOC-008044#MOM5-CAEEL#A0A0K3AWM6/XLOC-010538#LSHR-CHICK#Q90674/XLOC-015786#XLOC-015786/XLOC-001284#OX2R-HUMAN#O43614/XLOC-016414#GRM4-MOUSE#Q68EF4/XLOC-010031#ACHB4-BOVIN#Q8SPU6",6
"GO:0001936","GO:0001936","regulation of endothelial cell proliferation","3/87","51/6213",0.0588235294117647,4.20081135902637,2.73508718235415,0.034095914432373,0.179018875709212,0.146234910923016,"XLOC-020834#BMP15-BOVIN#Q6PX77/XLOC-016472#COMP-MOUSE#Q9R0G6/gene-evm.model.ptg000002l.349#ADT1-CAEEL#G5ECS8",3
"GO:0009620","GO:0009620","response to fungus","3/87","51/6213",0.0588235294117647,4.20081135902637,2.73508718235415,0.034095914432373,0.179018875709212,0.146234910923016,"XLOC-023693#TRLF-DESRO#K9IMD0/XLOC-020834#BMP15-BOVIN#Q6PX77/XLOC-025615#S15A2-DANRE#B0S6T2",3
"GO:0014823","GO:0014823","response to activity","3/87","51/6213",0.0588235294117647,4.20081135902637,2.73508718235415,0.034095914432373,0.179018875709212,0.146234910923016,"XLOC-004696#MYS-ARGIR#P24733/gene-evm.model.ptg000022l.478#GSH0-HUMAN#P48507/XLOC-009823#GSH1-HUMAN#P48506",3
"GO:0002026","GO:0002026","regulation of the force of heart contraction","2/87","21/6213",0.0952380952380952,6.80131362889983,3.17327252810901,0.0342601844154329,0.179018875709212,0.146234910923016,"XLOC-004696#MYS-ARGIR#P24733/XLOC-023090#KCC2A-HUMAN#Q9UQM7",2
"GO:0002053","GO:0002053","positive regulation of mesenchymal cell proliferation","2/87","21/6213",0.0952380952380952,6.80131362889983,3.17327252810901,0.0342601844154329,0.179018875709212,0.146234910923016,"XLOC-013477#SIX1B-DANRE#Q6NZ04/XLOC-010665#MYC-MARMO#P22555",2
"GO:0006536","GO:0006536","glutamate metabolic process","2/87","21/6213",0.0952380952380952,6.80131362889983,3.17327252810901,0.0342601844154329,0.179018875709212,0.146234910923016,"gene-evm.model.ptg000022l.478#GSH0-HUMAN#P48507/XLOC-009823#GSH1-HUMAN#P48506",2
"GO:0010002","GO:0010002","cardioblast differentiation","2/87","21/6213",0.0952380952380952,6.80131362889983,3.17327252810901,0.0342601844154329,0.179018875709212,0.146234910923016,"XLOC-020834#BMP15-BOVIN#Q6PX77/XLOC-006335#GREM1-CHICK#O73755",2
"GO:0031128","GO:0031128","developmental induction","2/87","21/6213",0.0952380952380952,6.80131362889983,3.17327252810901,0.0342601844154329,0.179018875709212,0.146234910923016,"XLOC-020834#BMP15-BOVIN#Q6PX77/XLOC-013477#SIX1B-DANRE#Q6NZ04",2
"GO:0031214","GO:0031214","biomineral tissue development","2/87","21/6213",0.0952380952380952,6.80131362889983,3.17327252810901,0.0342601844154329,0.179018875709212,0.146234910923016,"XLOC-020834#BMP15-BOVIN#Q6PX77/XLOC-010538#LSHR-CHICK#Q90674",2
"GO:0032026","GO:0032026","response to magnesium ion","2/87","21/6213",0.0952380952380952,6.80131362889983,3.17327252810901,0.0342601844154329,0.179018875709212,0.146234910923016,"XLOC-016472#COMP-MOUSE#Q9R0G6/gene-evm.model.ptg000002l.349#ADT1-CAEEL#G5ECS8",2
"GO:0044060","GO:0044060","regulation of endocrine process","2/87","21/6213",0.0952380952380952,6.80131362889983,3.17327252810901,0.0342601844154329,0.179018875709212,0.146234910923016,"XLOC-020834#BMP15-BOVIN#Q6PX77/XLOC-003038#INHBA-MOUSE#Q04998",2
"GO:0045992","GO:0045992","negative regulation of embryonic development","2/87","21/6213",0.0952380952380952,6.80131362889983,3.17327252810901,0.0342601844154329,0.179018875709212,0.146234910923016,"XLOC-020834#BMP15-BOVIN#Q6PX77/XLOC-008044#MOM5-CAEEL#A0A0K3AWM6",2
"GO:0048147","GO:0048147","negative regulation of fibroblast proliferation","2/87","21/6213",0.0952380952380952,6.80131362889983,3.17327252810901,0.0342601844154329,0.179018875709212,0.146234910923016,"XLOC-022275#T53I2-HUMAN#Q8IXH6/XLOC-010665#MYC-MARMO#P22555",2
"GO:0060602","GO:0060602","branch elongation of an epithelium","2/87","21/6213",0.0952380952380952,6.80131362889983,3.17327252810901,0.0342601844154329,0.179018875709212,0.146234910923016,"XLOC-020834#BMP15-BOVIN#Q6PX77/gene-evm.model.ptg000022l.266#FCN1-MOUSE#O70165",2
"GO:0070169","GO:0070169","positive regulation of biomineral tissue development","2/87","21/6213",0.0952380952380952,6.80131362889983,3.17327252810901,0.0342601844154329,0.179018875709212,0.146234910923016,"XLOC-023693#TRLF-DESRO#K9IMD0/XLOC-020834#BMP15-BOVIN#Q6PX77",2
"GO:1990776","GO:1990776","response to angiotensin","2/87","21/6213",0.0952380952380952,6.80131362889983,3.17327252810901,0.0342601844154329,0.179018875709212,0.146234910923016,"XLOC-004696#MYS-ARGIR#P24733/XLOC-010665#MYC-MARMO#P22555",2
"GO:0061138","GO:0061138","morphogenesis of a branching epithelium","5/87","130/6213",0.0384615384615385,2.74668435013263,2.39835822311822,0.0350832603355505,0.182984536996939,0.14947433538518,"XLOC-020834#BMP15-BOVIN#Q6PX77/XLOC-006335#GREM1-CHICK#O73755/XLOC-013477#SIX1B-DANRE#Q6NZ04/gene-evm.model.ptg000022l.266#FCN1-MOUSE#O70165/XLOC-010665#MYC-MARMO#P22555",5
"GO:0007178","GO:0007178","cell surface receptor protein serine/threonine kinase signaling pathway","4/87","89/6213",0.0449438202247191,3.20960867880666,2.50195579914698,0.0356162574297711,0.185087764020286,0.151192395646655,"XLOC-020834#BMP15-BOVIN#Q6PX77/XLOC-003038#INHBA-MOUSE#Q04998/XLOC-025407#AGRIN-HUMAN#O00468/XLOC-003648#DAND5-MOUSE#Q76LW6",4
"GO:0007623","GO:0007623","circadian rhythm","4/87","89/6213",0.0449438202247191,3.20960867880666,2.50195579914698,0.0356162574297711,0.185087764020286,0.151192395646655,"XLOC-010538#LSHR-CHICK#Q90674/XLOC-016646#ADK-PHYPA#O49923/XLOC-013477#SIX1B-DANRE#Q6NZ04/XLOC-022943#NR2E3-MOUSE#Q9QXZ7",4
"GO:0003206","GO:0003206","cardiac chamber morphogenesis","3/87","52/6213",0.0576923076923077,4.12002652519894,2.692286089243,0.035826938224606,0.185844099554184,0.151810222448378,"XLOC-020834#BMP15-BOVIN#Q6PX77/XLOC-008044#MOM5-CAEEL#A0A0K3AWM6/XLOC-004696#MYS-ARGIR#P24733",3
"GO:0042803","GO:0042803","protein homodimerization activity","12/87","484/6213",0.0247933884297521,1.77058991165574,2.10374667392341,0.0362443406149963,0.18766806492665,0.15330016261649,"XLOC-026524#KLKB1-RAT#P14272/XLOC-020834#BMP15-BOVIN#Q6PX77/XLOC-008044#MOM5-CAEEL#A0A0K3AWM6/XLOC-003038#INHBA-MOUSE#Q04998/XLOC-006335#GREM1-CHICK#O73755/XLOC-004696#MYS-ARGIR#P24733/XLOC-006685#KAPR-STRPU#Q26619/gene-evm.model.ptg000020l.16#MAAI-MOUSE#Q9WVL0/XLOC-003648#DAND5-MOUSE#Q76LW6/XLOC-011874#SY65-APLCA#P41823/XLOC-010031#ACHB4-BOVIN#Q8SPU6/XLOC-023090#KCC2A-HUMAN#Q9UQM7",12
"GO:0021953","GO:0021953","central nervous system neuron differentiation","4/87","90/6213",0.0444444444444444,3.17394636015326,2.4755676722428,0.0368869284794963,0.190281147876504,0.155434708210593,"XLOC-008044#MOM5-CAEEL#A0A0K3AWM6/gene-evm.model.ptg000007l.881-1#OTP-SACKO#Q7YTC2/XLOC-013035#HXA4-LINSA#P81192/XLOC-009352#ODO1-BOVIN#Q148N0",4
"GO:0001763","GO:0001763","morphogenesis of a branching structure","5/87","132/6213",0.0378787878787879,2.70506792058516,2.35954356945792,0.0371065802508325,0.190281147876504,0.155434708210593,"XLOC-020834#BMP15-BOVIN#Q6PX77/XLOC-006335#GREM1-CHICK#O73755/XLOC-013477#SIX1B-DANRE#Q6NZ04/gene-evm.model.ptg000022l.266#FCN1-MOUSE#O70165/XLOC-010665#MYC-MARMO#P22555",5
"GO:0007271","GO:0007271","synaptic transmission, cholinergic","2/87","22/6213",0.0909090909090909,6.49216300940439,3.07511393128422,0.0373492614128435,0.190281147876504,0.155434708210593,"XLOC-020299#SC5A7-DROME#Q9VE46/XLOC-010031#ACHB4-BOVIN#Q8SPU6",2
"GO:0009954","GO:0009954","proximal/distal pattern formation","2/87","22/6213",0.0909090909090909,6.49216300940439,3.07511393128422,0.0373492614128435,0.190281147876504,0.155434708210593,"XLOC-020834#BMP15-BOVIN#Q6PX77/XLOC-006335#GREM1-CHICK#O73755",2
"GO:0019730","GO:0019730","antimicrobial humoral response","2/87","22/6213",0.0909090909090909,6.49216300940439,3.07511393128422,0.0373492614128435,0.190281147876504,0.155434708210593,"XLOC-023693#TRLF-DESRO#K9IMD0/XLOC-025132#PPN1-CAEEL#O76840",2
"GO:0035151","GO:0035151","regulation of tube size, open tracheal system","2/87","22/6213",0.0909090909090909,6.49216300940439,3.07511393128422,0.0373492614128435,0.190281147876504,0.155434708210593,"XLOC-020834#BMP15-BOVIN#Q6PX77/XLOC-008044#MOM5-CAEEL#A0A0K3AWM6",2
"GO:0036315","GO:0036315","cellular response to sterol","2/87","22/6213",0.0909090909090909,6.49216300940439,3.07511393128422,0.0373492614128435,0.190281147876504,0.155434708210593,"XLOC-003038#INHBA-MOUSE#Q04998/XLOC-022275#T53I2-HUMAN#Q8IXH6",2
"GO:0070228","GO:0070228","regulation of lymphocyte apoptotic process","2/87","22/6213",0.0909090909090909,6.49216300940439,3.07511393128422,0.0373492614128435,0.190281147876504,0.155434708210593,"XLOC-020834#BMP15-BOVIN#Q6PX77/XLOC-010665#MYC-MARMO#P22555",2
"GO:0071827","GO:0071827","plasma lipoprotein particle organization","2/87","22/6213",0.0909090909090909,6.49216300940439,3.07511393128422,0.0373492614128435,0.190281147876504,0.155434708210593,"XLOC-022911#PA2B-BUNFA#A6MEY4/XLOC-000223#BMP1-MOUSE#P98063",2
"GO:0008585","GO:0008585","female gonad development","3/87","53/6213",0.0566037735849057,4.04229017566688,2.65054430052277,0.0376026578884294,0.190551301875114,0.155655388548159,"XLOC-020834#BMP15-BOVIN#Q6PX77/XLOC-003038#INHBA-MOUSE#Q04998/XLOC-010665#MYC-MARMO#P22555",3
"GO:0048678","GO:0048678","response to axon injury","3/87","53/6213",0.0566037735849057,4.04229017566688,2.65054430052277,0.0376026578884294,0.190551301875114,0.155655388548159,"XLOC-022943#NR2E3-MOUSE#Q9QXZ7/gene-evm.model.ptg000022l.266#FCN1-MOUSE#O70165/XLOC-025964#NEC1-HUMAN#P29120",3
"GO:1901343","GO:1901343","negative regulation of vasculature development","3/87","53/6213",0.0566037735849057,4.04229017566688,2.65054430052277,0.0376026578884294,0.190551301875114,0.155655388548159,"XLOC-020834#BMP15-BOVIN#Q6PX77/XLOC-016472#COMP-MOUSE#Q9R0G6/gene-evm.model.ptg000002l.349#ADT1-CAEEL#G5ECS8",3
"GO:0030141","GO:0030141","secretory granule","10/87","379/6213",0.0263852242744063,1.88426894732053,2.1169354734991,0.0380564269553356,0.192508840609171,0.157254440610513,"XLOC-023693#TRLF-DESRO#K9IMD0/XLOC-021454#SPB3-HUMAN#P29508/XLOC-016472#COMP-MOUSE#Q9R0G6/XLOC-020938#SPB6-MOUSE#Q60854/XLOC-020686#MOXD1-DANRE#Q5TZ24/XLOC-011874#SY65-APLCA#P41823/XLOC-026123#MGA-HUMAN#O43451/XLOC-004104#XLOC-004104/gene-evm.model.ptg000002l.349#ADT1-CAEEL#G5ECS8/XLOC-025964#NEC1-HUMAN#P29120",10
"GO:0001838","GO:0001838","embryonic epithelial tube formation","4/87","91/6213",0.043956043956044,3.139067828723,2.44954511838043,0.0381835973099107,0.192810271018009,0.157500669667708,"XLOC-020834#BMP15-BOVIN#Q6PX77/XLOC-008044#MOM5-CAEEL#A0A0K3AWM6/XLOC-006335#GREM1-CHICK#O73755/XLOC-013477#SIX1B-DANRE#Q6NZ04",4
"GO:0008285","GO:0008285","negative regulation of cell population proliferation","9/87","327/6213",0.0275229357798165,1.96551724137931,2.13752220270634,0.0384176485443009,0.193649383916768,0.158186114705379,"XLOC-020834#BMP15-BOVIN#Q6PX77/XLOC-016472#COMP-MOUSE#Q9R0G6/XLOC-006335#GREM1-CHICK#O73755/XLOC-022275#T53I2-HUMAN#Q8IXH6/gene-evm.model.ptg000002l.349#ADT1-CAEEL#G5ECS8/novel-gene-chr14-4172#SIX2-MOUSE#Q62232/XLOC-011360#XLOC-011360/XLOC-010665#MYC-MARMO#P22555/XLOC-000173#TES-CHICK#Q90YH9",9
"GO:0007423","GO:0007423","sensory organ development","12/87","490/6213",0.0244897959183673,1.74890921885996,2.05826930437977,0.0392977721546034,0.197041720279548,0.160957207998568,"XLOC-006454#GSC-PONPY#A2T7P4/XLOC-020834#BMP15-BOVIN#Q6PX77/XLOC-008044#MOM5-CAEEL#A0A0K3AWM6/XLOC-003038#INHBA-MOUSE#Q04998/XLOC-010538#LSHR-CHICK#Q90674/XLOC-013477#SIX1B-DANRE#Q6NZ04/XLOC-020923#WNT11-HUMAN#O96014/XLOC-013035#HXA4-LINSA#P81192/XLOC-015788#OTOF-HUMAN#Q9HC10/novel-gene-chr14-4172#SIX2-MOUSE#Q62232/gene-evm.model.ptg000032l.233#LAMC1-XENTR#A0JP86/XLOC-010665#MYC-MARMO#P22555",12
"GO:0010595","GO:0010595","positive regulation of endothelial cell migration","3/87","54/6213",0.0555555555555556,3.96743295019157,2.60981393817535,0.0394228496757407,0.197041720279548,0.160957207998568,"XLOC-020834#BMP15-BOVIN#Q6PX77/XLOC-016472#COMP-MOUSE#Q9R0G6/gene-evm.model.ptg000002l.349#ADT1-CAEEL#G5ECS8",3
"GO:0043524","GO:0043524","negative regulation of neuron apoptotic process","4/87","92/6213",0.0434782608695652,3.10494752623688,2.42387852750105,0.0395062916520105,0.197041720279548,0.160957207998568,"XLOC-013477#SIX1B-DANRE#Q6NZ04/gene-evm.model.ptg000022l.478#GSH0-HUMAN#P48507/XLOC-009823#GSH1-HUMAN#P48506/novel-gene-chr14-4172#SIX2-MOUSE#Q62232",4
"GO:0060173","GO:0060173","limb development","4/87","92/6213",0.0434782608695652,3.10494752623688,2.42387852750105,0.0395062916520105,0.197041720279548,0.160957207998568,"XLOC-020834#BMP15-BOVIN#Q6PX77/XLOC-006335#GREM1-CHICK#O73755/XLOC-004696#MYS-ARGIR#P24733/XLOC-001125#PITX3-HUMAN#O75364",4
"GO:1903706","GO:1903706","regulation of hemopoiesis","6/87","180/6213",0.0333333333333333,2.38045977011494,2.23965022567309,0.0397735889895078,0.197041720279548,0.160957207998568,"XLOC-023693#TRLF-DESRO#K9IMD0/XLOC-020834#BMP15-BOVIN#Q6PX77/XLOC-016472#COMP-MOUSE#Q9R0G6/XLOC-022918#XLOC-022918/gene-evm.model.ptg000002l.349#ADT1-CAEEL#G5ECS8/XLOC-010665#MYC-MARMO#P22555",6
"GO:0007155","GO:0007155","cell adhesion","7/87","228/6213",0.0307017543859649,2.19252873563218,2.18620585208271,0.0398746931937887,0.197041720279548,0.160957207998568,"XLOC-008044#MOM5-CAEEL#A0A0K3AWM6/XLOC-016472#COMP-MOUSE#Q9R0G6/XLOC-013652#HXD3-HAPBU#A8DT10/gene-evm.model.ptg000022l.266#FCN1-MOUSE#O70165/gene-evm.model.ptg000002l.349#ADT1-CAEEL#G5ECS8/XLOC-013035#HXA4-LINSA#P81192/gene-evm.model.ptg000032l.233#LAMC1-XENTR#A0JP86",7
"GO:0034599","GO:0034599","cellular response to oxidative stress","5/87","135/6213",0.037037037037037,2.64495530012771,2.30264766814063,0.0402744359172438,0.197041720279548,0.160957207998568,"XLOC-020834#BMP15-BOVIN#Q6PX77/XLOC-016472#COMP-MOUSE#Q9R0G6/XLOC-022275#T53I2-HUMAN#Q8IXH6/XLOC-020923#WNT11-HUMAN#O96014/gene-evm.model.ptg000002l.349#ADT1-CAEEL#G5ECS8",5
"GO:0005109","GO:0005109","frizzled binding","2/87","23/6213",0.0869565217391304,6.20989505247376,2.98287065825708,0.0405410058899736,0.197041720279548,0.160957207998568,"XLOC-008044#MOM5-CAEEL#A0A0K3AWM6/XLOC-020923#WNT11-HUMAN#O96014",2
"GO:0006584","GO:0006584","catecholamine metabolic process","2/87","23/6213",0.0869565217391304,6.20989505247376,2.98287065825708,0.0405410058899736,0.197041720279548,0.160957207998568,"XLOC-020686#MOXD1-DANRE#Q5TZ24/XLOC-010031#ACHB4-BOVIN#Q8SPU6",2
"GO:0008519","GO:0008519","ammonium channel activity","2/87","23/6213",0.0869565217391304,6.20989505247376,2.98287065825708,0.0405410058899736,0.197041720279548,0.160957207998568,"XLOC-020299#SC5A7-DROME#Q9VE46/XLOC-003539#RHBG-DANRE#Q7T070",2
"GO:0009712","GO:0009712","catechol-containing compound metabolic process","2/87","23/6213",0.0869565217391304,6.20989505247376,2.98287065825708,0.0405410058899736,0.197041720279548,0.160957207998568,"XLOC-020686#MOXD1-DANRE#Q5TZ24/XLOC-010031#ACHB4-BOVIN#Q8SPU6",2
"GO:0010633","GO:0010633","negative regulation of epithelial cell migration","2/87","23/6213",0.0869565217391304,6.20989505247376,2.98287065825708,0.0405410058899736,0.197041720279548,0.160957207998568,"XLOC-016472#COMP-MOUSE#Q9R0G6/gene-evm.model.ptg000002l.349#ADT1-CAEEL#G5ECS8",2
"GO:0010762","GO:0010762","regulation of fibroblast migration","2/87","23/6213",0.0869565217391304,6.20989505247376,2.98287065825708,0.0405410058899736,0.197041720279548,0.160957207998568,"XLOC-016472#COMP-MOUSE#Q9R0G6/gene-evm.model.ptg000002l.349#ADT1-CAEEL#G5ECS8",2
"GO:0021884","GO:0021884","forebrain neuron development","2/87","23/6213",0.0869565217391304,6.20989505247376,2.98287065825708,0.0405410058899736,0.197041720279548,0.160957207998568,"gene-evm.model.ptg000007l.881-1#OTP-SACKO#Q7YTC2/XLOC-009352#ODO1-BOVIN#Q148N0",2
"GO:0032570","GO:0032570","response to progesterone","2/87","23/6213",0.0869565217391304,6.20989505247376,2.98287065825708,0.0405410058899736,0.197041720279548,0.160957207998568,"XLOC-016472#COMP-MOUSE#Q9R0G6/gene-evm.model.ptg000002l.349#ADT1-CAEEL#G5ECS8",2
"GO:0034446","GO:0034446","substrate adhesion-dependent cell spreading","2/87","23/6213",0.0869565217391304,6.20989505247376,2.98287065825708,0.0405410058899736,0.197041720279548,0.160957207998568,"XLOC-008044#MOM5-CAEEL#A0A0K3AWM6/gene-evm.model.ptg000032l.233#LAMC1-XENTR#A0JP86",2
"GO:0035883","GO:0035883","enteroendocrine cell differentiation","2/87","23/6213",0.0869565217391304,6.20989505247376,2.98287065825708,0.0405410058899736,0.197041720279548,0.160957207998568,"XLOC-020834#BMP15-BOVIN#Q6PX77/XLOC-021709#BHMT1-BOVIN#Q5I597",2
"GO:0048333","GO:0048333","mesodermal cell differentiation","2/87","23/6213",0.0869565217391304,6.20989505247376,2.98287065825708,0.0405410058899736,0.197041720279548,0.160957207998568,"XLOC-020834#BMP15-BOVIN#Q6PX77/XLOC-013477#SIX1B-DANRE#Q6NZ04",2
"GO:0055026","GO:0055026","negative regulation of cardiac muscle tissue development","2/87","23/6213",0.0869565217391304,6.20989505247376,2.98287065825708,0.0405410058899736,0.197041720279548,0.160957207998568,"XLOC-020834#BMP15-BOVIN#Q6PX77/XLOC-008044#MOM5-CAEEL#A0A0K3AWM6",2
"GO:0072488","GO:0072488","ammonium transmembrane transport","2/87","23/6213",0.0869565217391304,6.20989505247376,2.98287065825708,0.0405410058899736,0.197041720279548,0.160957207998568,"XLOC-020299#SC5A7-DROME#Q9VE46/XLOC-003539#RHBG-DANRE#Q7T070",2
"GO:2001238","GO:2001238","positive regulation of extrinsic apoptotic signaling pathway","2/87","23/6213",0.0869565217391304,6.20989505247376,2.98287065825708,0.0405410058899736,0.197041720279548,0.160957207998568,"XLOC-016472#COMP-MOUSE#Q9R0G6/gene-evm.model.ptg000002l.349#ADT1-CAEEL#G5ECS8",2
"GO:2000243","GO:2000243","positive regulation of reproductive process","4/87","93/6213",0.043010752688172,3.0715609936967,2.39855864631599,0.0408550310557926,0.198230278234994,0.161928103754967,"XLOC-020834#BMP15-BOVIN#Q6PX77/XLOC-003038#INHBA-MOUSE#Q04998/XLOC-004696#MYS-ARGIR#P24733/XLOC-006685#KAPR-STRPU#Q26619",4
"GO:0003231","GO:0003231","cardiac ventricle development","3/87","55/6213",0.0545454545454545,3.89529780564263,2.57005014614316,0.0412872692113406,0.198973951114788,0.162535586831273,"XLOC-020834#BMP15-BOVIN#Q6PX77/XLOC-008044#MOM5-CAEEL#A0A0K3AWM6/XLOC-004696#MYS-ARGIR#P24733",3
"GO:0043502","GO:0043502","regulation of muscle adaptation","3/87","55/6213",0.0545454545454545,3.89529780564263,2.57005014614316,0.0412872692113406,0.198973951114788,0.162535586831273,"XLOC-004696#MYS-ARGIR#P24733/XLOC-016646#ADK-PHYPA#O49923/XLOC-023090#KCC2A-HUMAN#Q9UQM7",3
"GO:0046545","GO:0046545","development of primary female sexual characteristics","3/87","55/6213",0.0545454545454545,3.89529780564263,2.57005014614316,0.0412872692113406,0.198973951114788,0.162535586831273,"XLOC-020834#BMP15-BOVIN#Q6PX77/XLOC-003038#INHBA-MOUSE#Q04998/XLOC-010665#MYC-MARMO#P22555",3
"GO:0051881","GO:0051881","regulation of mitochondrial membrane potential","3/87","55/6213",0.0545454545454545,3.89529780564263,2.57005014614316,0.0412872692113406,0.198973951114788,0.162535586831273,"gene-evm.model.ptg000022l.478#GSH0-HUMAN#P48507/XLOC-009823#GSH1-HUMAN#P48506/XLOC-010665#MYC-MARMO#P22555",3
"GO:0045892","GO:0045892","negative regulation of DNA-templated transcription","12/87","494/6213",0.0242914979757085,1.73474801061008,2.0282836912319,0.0414327411145565,0.199002711110825,0.162559079970987,"XLOC-006454#GSC-PONPY#A2T7P4/XLOC-020834#BMP15-BOVIN#Q6PX77/XLOC-008044#MOM5-CAEEL#A0A0K3AWM6/XLOC-010538#LSHR-CHICK#Q90674/XLOC-006335#GREM1-CHICK#O73755/XLOC-001125#PITX3-HUMAN#O75364/XLOC-013477#SIX1B-DANRE#Q6NZ04/XLOC-026222#MYPH-ECHGR#Q24799/XLOC-006644#FBX11-RAT#Q7TSL3/XLOC-009823#GSH1-HUMAN#P48506/novel-gene-chr14-4172#SIX2-MOUSE#Q62232/XLOC-010665#MYC-MARMO#P22555",12
"GO:0050877","GO:0050877","nervous system process","12/87","494/6213",0.0242914979757085,1.73474801061008,2.0282836912319,0.0414327411145565,0.199002711110825,0.162559079970987,"XLOC-008044#MOM5-CAEEL#A0A0K3AWM6/XLOC-013477#SIX1B-DANRE#Q6NZ04/XLOC-006685#KAPR-STRPU#Q26619/XLOC-011874#SY65-APLCA#P41823/XLOC-006644#FBX11-RAT#Q7TSL3/gene-evm.model.ptg000022l.478#GSH0-HUMAN#P48507/XLOC-013035#HXA4-LINSA#P81192/XLOC-015788#OTOF-HUMAN#Q9HC10/gene-evm.model.ptg000032l.233#LAMC1-XENTR#A0JP86/XLOC-010031#ACHB4-BOVIN#Q8SPU6/XLOC-010665#MYC-MARMO#P22555/XLOC-023090#KCC2A-HUMAN#Q9UQM7",12
"GO:0034976","GO:0034976","response to endoplasmic reticulum stress","6/87","182/6213",0.032967032967033,2.35430087154225,2.20974948476426,0.0416194492678629,0.199563510523047,0.163017179441041,"XLOC-016472#COMP-MOUSE#Q9R0G6/XLOC-009392#FKB14-HUMAN#Q9NWM8/gene-evm.model.ptg000001l.34#FKB2B-RHIO9#P0C1J5/gene-evm.model.ptg000002l.349#ADT1-CAEEL#G5ECS8/gene-evm.model.ptg000012l.503-1#DJC10-XENLA#Q6NRT6/gene-evm.model.ptg000021l.117#UFD1-RAT#Q9ES53",6
"GO:0051093","GO:0051093","negative regulation of developmental process","12/87","495/6213",0.0242424242424242,1.7312434691745,2.02082812664998,0.0419790988697651,0.200950283683624,0.164149990988449,"XLOC-023693#TRLF-DESRO#K9IMD0/XLOC-020834#BMP15-BOVIN#Q6PX77/XLOC-008044#MOM5-CAEEL#A0A0K3AWM6/XLOC-016472#COMP-MOUSE#Q9R0G6/XLOC-006335#GREM1-CHICK#O73755/XLOC-000223#BMP1-MOUSE#P98063/XLOC-022275#T53I2-HUMAN#Q8IXH6/XLOC-013477#SIX1B-DANRE#Q6NZ04/XLOC-020923#WNT11-HUMAN#O96014/gene-evm.model.ptg000002l.349#ADT1-CAEEL#G5ECS8/novel-gene-chr14-4172#SIX2-MOUSE#Q62232/XLOC-010665#MYC-MARMO#P22555",12
"GO:0044092","GO:0044092","negative regulation of molecular function","11/87","440/6213",0.025,1.78534482758621,2.03644554216055,0.042138618182236,0.201376009504052,0.164497753073209,"XLOC-023693#TRLF-DESRO#K9IMD0/XLOC-021454#SPB3-HUMAN#P29508/XLOC-025132#PPN1-CAEEL#O76840/XLOC-020834#BMP15-BOVIN#Q6PX77/XLOC-016472#COMP-MOUSE#Q9R0G6/XLOC-020938#SPB6-MOUSE#Q60854/XLOC-006685#KAPR-STRPU#Q26619/XLOC-016437#UBP14-PANTR#P60051/gene-evm.model.ptg000002l.349#ADT1-CAEEL#G5ECS8/XLOC-010665#MYC-MARMO#P22555/XLOC-023090#KCC2A-HUMAN#Q9UQM7",11
"GO:0050807","GO:0050807","regulation of synapse organization","6/87","183/6213",0.0327868852459016,2.34143583945732,2.19494502707618,0.0425624899881565,0.202678641197775,0.165561832092488,"XLOC-016472#COMP-MOUSE#Q9R0G6/XLOC-013477#SIX1B-DANRE#Q6NZ04/XLOC-004104#XLOC-004104/novel-gene-chr14-4172#SIX2-MOUSE#Q62232/XLOC-010031#ACHB4-BOVIN#Q8SPU6/XLOC-023090#KCC2A-HUMAN#Q9UQM7",6
"GO:0045165","GO:0045165","cell fate commitment","8/87","282/6213",0.0283687943262411,2.02592320860846,2.10117536515853,0.042939785904414,0.202678641197775,0.165561832092488,"XLOC-006454#GSC-PONPY#A2T7P4/XLOC-020834#BMP15-BOVIN#Q6PX77/XLOC-008044#MOM5-CAEEL#A0A0K3AWM6/XLOC-001125#PITX3-HUMAN#O75364/XLOC-013477#SIX1B-DANRE#Q6NZ04/XLOC-022943#NR2E3-MOUSE#Q9QXZ7/XLOC-020923#WNT11-HUMAN#O96014/XLOC-013035#HXA4-LINSA#P81192",8
"GO:0030666","GO:0030666","endocytic vesicle membrane","3/87","56/6213",0.0535714285714286,3.82573891625616,2.53121084813694,0.0431956523370118,0.202678641197775,0.165561832092488,"XLOC-008044#MOM5-CAEEL#A0A0K3AWM6/XLOC-025615#S15A2-DANRE#B0S6T2/XLOC-023090#KCC2A-HUMAN#Q9UQM7",3
"GO:0051117","GO:0051117","ATPase binding","3/87","56/6213",0.0535714285714286,3.82573891625616,2.53121084813694,0.0431956523370118,0.202678641197775,0.165561832092488,"gene-evm.model.ptg000012l.503-1#DJC10-XENLA#Q6NRT6/XLOC-010031#ACHB4-BOVIN#Q8SPU6/gene-evm.model.ptg000021l.117#UFD1-RAT#Q9ES53",3
"GO:0070663","GO:0070663","regulation of leukocyte proliferation","3/87","56/6213",0.0535714285714286,3.82573891625616,2.53121084813694,0.0431956523370118,0.202678641197775,0.165561832092488,"XLOC-020834#BMP15-BOVIN#Q6PX77/XLOC-006335#GREM1-CHICK#O73755/XLOC-016646#ADK-PHYPA#O49923",3
"GO:0072359","GO:0072359","circulatory system development","11/87","442/6213",0.0248868778280543,1.77726634420346,2.02042304848596,0.0433202481074595,0.202678641197775,0.165561832092488,"XLOC-020834#BMP15-BOVIN#Q6PX77/XLOC-008044#MOM5-CAEEL#A0A0K3AWM6/XLOC-016472#COMP-MOUSE#Q9R0G6/XLOC-006335#GREM1-CHICK#O73755/XLOC-004696#MYS-ARGIR#P24733/XLOC-000223#BMP1-MOUSE#P98063/XLOC-013477#SIX1B-DANRE#Q6NZ04/XLOC-020923#WNT11-HUMAN#O96014/gene-evm.model.ptg000002l.349#ADT1-CAEEL#G5ECS8/XLOC-013035#HXA4-LINSA#P81192/XLOC-023090#KCC2A-HUMAN#Q9UQM7",11
"GO:0072001","GO:0072001","renal system development","6/87","184/6213",0.0326086956521739,2.32871064467766,2.18023615574156,0.0435189970705721,0.202678641197775,0.165561832092488,"XLOC-020834#BMP15-BOVIN#Q6PX77/XLOC-010538#LSHR-CHICK#Q90674/XLOC-006335#GREM1-CHICK#O73755/XLOC-013477#SIX1B-DANRE#Q6NZ04/novel-gene-chr14-4172#SIX2-MOUSE#Q62232/XLOC-010665#MYC-MARMO#P22555",6
"GO:0010631","GO:0010631","epithelial cell migration","5/87","138/6213",0.036231884057971,2.58745627186407,2.24726882279972,0.0436029873409884,0.202678641197775,0.165561832092488,"XLOC-020834#BMP15-BOVIN#Q6PX77/XLOC-008044#MOM5-CAEEL#A0A0K3AWM6/XLOC-010538#LSHR-CHICK#Q90674/XLOC-006335#GREM1-CHICK#O73755/XLOC-004696#MYS-ARGIR#P24733",5
"GO:0032872","GO:0032872","regulation of stress-activated MAPK cascade","5/87","138/6213",0.036231884057971,2.58745627186407,2.24726882279972,0.0436029873409884,0.202678641197775,0.165561832092488,"XLOC-020834#BMP15-BOVIN#Q6PX77/XLOC-008044#MOM5-CAEEL#A0A0K3AWM6/XLOC-020938#SPB6-MOUSE#Q60854/XLOC-020923#WNT11-HUMAN#O96014/XLOC-010665#MYC-MARMO#P22555",5
"GO:0070302","GO:0070302","regulation of stress-activated protein kinase signaling cascade","5/87","138/6213",0.036231884057971,2.58745627186407,2.24726882279972,0.0436029873409884,0.202678641197775,0.165561832092488,"XLOC-020834#BMP15-BOVIN#Q6PX77/XLOC-008044#MOM5-CAEEL#A0A0K3AWM6/XLOC-020938#SPB6-MOUSE#Q60854/XLOC-020923#WNT11-HUMAN#O96014/XLOC-010665#MYC-MARMO#P22555",5
"GO:0016853","GO:0016853","isomerase activity","4/87","95/6213",0.0421052631578947,3.00689655172414,2.34892368289737,0.0436306829338709,0.202678641197775,0.165561832092488,"XLOC-006516#FKBP9-BOVIN#Q2KJC8/gene-evm.model.ptg000020l.16#MAAI-MOUSE#Q9WVL0/XLOC-009392#FKB14-HUMAN#Q9NWM8/gene-evm.model.ptg000001l.34#FKB2B-RHIO9#P0C1J5",4
"GO:0002682","GO:0002682","regulation of immune system process","12/87","498/6213",0.0240963855421687,1.72081429164936,1.99855818436006,0.0436487826716349,0.202678641197775,0.165561832092488,"XLOC-023693#TRLF-DESRO#K9IMD0/XLOC-020834#BMP15-BOVIN#Q6PX77/XLOC-008044#MOM5-CAEEL#A0A0K3AWM6/XLOC-016472#COMP-MOUSE#Q9R0G6/XLOC-010538#LSHR-CHICK#Q90674/XLOC-006335#GREM1-CHICK#O73755/XLOC-016646#ADK-PHYPA#O49923/XLOC-022918#XLOC-022918/XLOC-004104#XLOC-004104/gene-evm.model.ptg000002l.349#ADT1-CAEEL#G5ECS8/XLOC-010665#MYC-MARMO#P22555/gene-evm.model.ptg000021l.117#UFD1-RAT#Q9ES53",12
"GO:0007507","GO:0007507","heart development","9/87","335/6213",0.026865671641791,1.91857951621204,2.05973440304635,0.0437458477704797,0.202678641197775,0.165561832092488,"XLOC-020834#BMP15-BOVIN#Q6PX77/XLOC-008044#MOM5-CAEEL#A0A0K3AWM6/XLOC-016472#COMP-MOUSE#Q9R0G6/XLOC-006335#GREM1-CHICK#O73755/XLOC-004696#MYS-ARGIR#P24733/XLOC-013477#SIX1B-DANRE#Q6NZ04/XLOC-020923#WNT11-HUMAN#O96014/gene-evm.model.ptg000002l.349#ADT1-CAEEL#G5ECS8/XLOC-023090#KCC2A-HUMAN#Q9UQM7",9
"GO:0007310","GO:0007310","oocyte dorsal/ventral axis specification","2/87","24/6213",0.0833333333333333,5.95114942528736,2.89593137806437,0.0438320089796801,0.202678641197775,0.165561832092488,"XLOC-020834#BMP15-BOVIN#Q6PX77/XLOC-000223#BMP1-MOUSE#P98063",2
"GO:0007455","GO:0007455","eye-antennal disc morphogenesis","2/87","24/6213",0.0833333333333333,5.95114942528736,2.89593137806437,0.0438320089796801,0.202678641197775,0.165561832092488,"XLOC-020834#BMP15-BOVIN#Q6PX77/XLOC-013477#SIX1B-DANRE#Q6NZ04",2
"GO:0008586","GO:0008586","imaginal disc-derived wing vein morphogenesis","2/87","24/6213",0.0833333333333333,5.95114942528736,2.89593137806437,0.0438320089796801,0.202678641197775,0.165561832092488,"XLOC-020834#BMP15-BOVIN#Q6PX77/XLOC-000223#BMP1-MOUSE#P98063",2
"GO:0030850","GO:0030850","prostate gland development","2/87","24/6213",0.0833333333333333,5.95114942528736,2.89593137806437,0.0438320089796801,0.202678641197775,0.165561832092488,"XLOC-020834#BMP15-BOVIN#Q6PX77/gene-evm.model.ptg000022l.266#FCN1-MOUSE#O70165",2
"GO:0046849","GO:0046849","bone remodeling","2/87","24/6213",0.0833333333333333,5.95114942528736,2.89593137806437,0.0438320089796801,0.202678641197775,0.165561832092488,"XLOC-010538#LSHR-CHICK#Q90674/XLOC-020923#WNT11-HUMAN#O96014",2
"GO:0060441","GO:0060441","epithelial tube branching involved in lung morphogenesis","2/87","24/6213",0.0833333333333333,5.95114942528736,2.89593137806437,0.0438320089796801,0.202678641197775,0.165561832092488,"XLOC-020834#BMP15-BOVIN#Q6PX77/gene-evm.model.ptg000022l.266#FCN1-MOUSE#O70165",2
"GO:2000648","GO:2000648","positive regulation of stem cell proliferation","2/87","24/6213",0.0833333333333333,5.95114942528736,2.89593137806437,0.0438320089796801,0.202678641197775,0.165561832092488,"XLOC-020834#BMP15-BOVIN#Q6PX77/gene-evm.model.ptg000007l.881-1#OTP-SACKO#Q7YTC2",2
"GO:0090596","GO:0090596","sensory organ morphogenesis","8/87","284/6213",0.028169014084507,2.01165614375911,2.07964028577315,0.0444625997466785,0.205261807568404,0.167671939770305,"XLOC-006454#GSC-PONPY#A2T7P4/XLOC-020834#BMP15-BOVIN#Q6PX77/XLOC-008044#MOM5-CAEEL#A0A0K3AWM6/XLOC-013477#SIX1B-DANRE#Q6NZ04/XLOC-020923#WNT11-HUMAN#O96014/XLOC-013035#HXA4-LINSA#P81192/novel-gene-chr14-4172#SIX2-MOUSE#Q62232/XLOC-010665#MYC-MARMO#P22555",8
"GO:0022612","GO:0022612","gland morphogenesis","4/87","96/6213",0.0416666666666667,2.97557471264368,2.32459173005643,0.0450575944974355,0.207337608227715,0.169367596294265,"XLOC-020834#BMP15-BOVIN#Q6PX77/XLOC-008044#MOM5-CAEEL#A0A0K3AWM6/gene-evm.model.ptg000022l.266#FCN1-MOUSE#O70165/gene-evm.model.ptg000032l.233#LAMC1-XENTR#A0JP86",4
"GO:0035150","GO:0035150","regulation of tube size","4/87","96/6213",0.0416666666666667,2.97557471264368,2.32459173005643,0.0450575944974355,0.207337608227715,0.169367596294265,"XLOC-020834#BMP15-BOVIN#Q6PX77/XLOC-008044#MOM5-CAEEL#A0A0K3AWM6/gene-evm.model.ptg000022l.478#GSH0-HUMAN#P48507/XLOC-009823#GSH1-HUMAN#P48506",4
"GO:0061053","GO:0061053","somite development","3/87","57/6213",0.0526315789473684,3.75862068965517,2.49325652880976,0.0451477159335304,0.20741776740477,0.169433075814622,"XLOC-013477#SIX1B-DANRE#Q6NZ04/novel-gene-chr14-4172#SIX2-MOUSE#Q62232/gene-evm.model.ptg000032l.233#LAMC1-XENTR#A0JP86",3
"GO:0005543","GO:0005543","phospholipid binding","6/87","186/6213",0.032258064516129,2.30367074527252,2.15110024594823,0.0454725764259086,0.208574373863532,0.170377871394418,"XLOC-008044#MOM5-CAEEL#A0A0K3AWM6/XLOC-016472#COMP-MOUSE#Q9R0G6/XLOC-011874#SY65-APLCA#P41823/gene-evm.model.ptg000010l.70#ESYT2-MOUSE#Q3TZZ7/gene-evm.model.ptg000002l.349#ADT1-CAEEL#G5ECS8/XLOC-020232#AGD1-ARATH#Q9FIT8",6
"GO:0004175","GO:0004175","endopeptidase activity","5/87","140/6213",0.0357142857142857,2.55049261083744,2.21115369886897,0.0459118654248494,0.209914346245345,0.171472452851917,"XLOC-026524#KLKB1-RAT#P14272/XLOC-015621#TPC12-MOUSE#Q8K2L8/XLOC-000223#BMP1-MOUSE#P98063/XLOC-016437#UBP14-PANTR#P60051/XLOC-025964#NEC1-HUMAN#P29120",5
"GO:0090132","GO:0090132","epithelium migration","5/87","140/6213",0.0357142857142857,2.55049261083744,2.21115369886897,0.0459118654248494,0.209914346245345,0.171472452851917,"XLOC-020834#BMP15-BOVIN#Q6PX77/XLOC-008044#MOM5-CAEEL#A0A0K3AWM6/XLOC-010538#LSHR-CHICK#Q90674/XLOC-006335#GREM1-CHICK#O73755/XLOC-004696#MYS-ARGIR#P24733",5
"GO:0015629","GO:0015629","actin cytoskeleton","6/87","187/6213",0.0320855614973262,2.29135165037802,2.1366708009014,0.0464697268057182,0.212125008922742,0.173278273933238,"XLOC-004696#MYS-ARGIR#P24733/XLOC-018113#MYL6B-HUMAN#P14649/XLOC-026222#MYPH-ECHGR#Q24799/XLOC-016635#MYL1-DANRE#Q6P0G6/gene-evm.model.ptg000006l.277#gene-evm.model.ptg000006l.277/XLOC-004104#XLOC-004104",6
"GO:0010038","GO:0010038","response to metal ion","7/87","236/6213",0.0296610169491525,2.11820572764465,2.08700235741115,0.0466021064908342,0.212389472553275,0.1734943059874,"XLOC-016472#COMP-MOUSE#Q9R0G6/XLOC-003038#INHBA-MOUSE#Q04998/XLOC-011874#SY65-APLCA#P41823/XLOC-009823#GSH1-HUMAN#P48506/gene-evm.model.ptg000002l.349#ADT1-CAEEL#G5ECS8/XLOC-025964#NEC1-HUMAN#P29120/XLOC-023090#KCC2A-HUMAN#Q9UQM7",7
"GO:0009799","GO:0009799","specification of symmetry","5/87","141/6213",0.0354609929078014,2.53240401076058,2.1933291394536,0.0470933606556604,0.212485208461511,0.173572509651442,"XLOC-020834#BMP15-BOVIN#Q6PX77/XLOC-003038#INHBA-MOUSE#Q04998/XLOC-006335#GREM1-CHICK#O73755/XLOC-000223#BMP1-MOUSE#P98063/XLOC-003648#DAND5-MOUSE#Q76LW6",5
"GO:0016079","GO:0016079","synaptic vesicle exocytosis","3/87","58/6213",0.0517241379310345,3.69381688466112,2.45615003567541,0.0471431587210826,0.212485208461511,0.173572509651442,"XLOC-011874#SY65-APLCA#P41823/gene-evm.model.ptg000010l.70#ESYT2-MOUSE#Q3TZZ7/XLOC-015788#OTOF-HUMAN#Q9HC10",3
"GO:0044070","GO:0044070","regulation of monoatomic anion transport","3/87","58/6213",0.0517241379310345,3.69381688466112,2.45615003567541,0.0471431587210826,0.212485208461511,0.173572509651442,"XLOC-016472#COMP-MOUSE#Q9R0G6/XLOC-025615#S15A2-DANRE#B0S6T2/gene-evm.model.ptg000002l.349#ADT1-CAEEL#G5ECS8",3
"GO:0003156","GO:0003156","regulation of animal organ formation","2/87","25/6213",0.08,5.71310344827586,2.81377053587662,0.0472189352136691,0.212485208461511,0.173572509651442,"XLOC-020834#BMP15-BOVIN#Q6PX77/XLOC-013477#SIX1B-DANRE#Q6NZ04",2
"GO:0032922","GO:0032922","circadian regulation of gene expression","2/87","25/6213",0.08,5.71310344827586,2.81377053587662,0.0472189352136691,0.212485208461511,0.173572509651442,"XLOC-010538#LSHR-CHICK#Q90674/XLOC-016646#ADK-PHYPA#O49923",2
"GO:0045445","GO:0045445","myoblast differentiation","2/87","25/6213",0.08,5.71310344827586,2.81377053587662,0.0472189352136691,0.212485208461511,0.173572509651442,"XLOC-006335#GREM1-CHICK#O73755/XLOC-001125#PITX3-HUMAN#O75364",2
"GO:0071825","GO:0071825","protein-lipid complex organization","2/87","25/6213",0.08,5.71310344827586,2.81377053587662,0.0472189352136691,0.212485208461511,0.173572509651442,"XLOC-022911#PA2B-BUNFA#A6MEY4/XLOC-000223#BMP1-MOUSE#P98063",2
"GO:0098815","GO:0098815","modulation of excitatory postsynaptic potential","2/87","25/6213",0.08,5.71310344827586,2.81377053587662,0.0472189352136691,0.212485208461511,0.173572509651442,"XLOC-004104#XLOC-004104/XLOC-010031#ACHB4-BOVIN#Q8SPU6",2
"GO:0002165","GO:0002165","instar larval or pupal development","8/87","288/6213",0.0277777777777778,1.98371647509579,2.03708365941926,0.0476151712541806,0.213930840296342,0.174753401005812,"XLOC-020834#BMP15-BOVIN#Q6PX77/XLOC-008044#MOM5-CAEEL#A0A0K3AWM6/XLOC-000223#BMP1-MOUSE#P98063/XLOC-013477#SIX1B-DANRE#Q6NZ04/XLOC-022943#NR2E3-MOUSE#Q9QXZ7/gene-evm.model.ptg000001l.686#SOX14-DANRE#Q32PP9/XLOC-009823#GSH1-HUMAN#P48506/XLOC-012287#SX19B-DANRE#Q9DDD7",8
"GO:0031012","GO:0031012","extracellular matrix","4/87","98/6213",0.0408163265306122,2.91484869809993,2.27685893657905,0.0479895281311164,0.215273779493829,0.175850405962085,"XLOC-016472#COMP-MOUSE#Q9R0G6/gene-evm.model.ptg000022l.266#FCN1-MOUSE#O70165/gene-evm.model.ptg000002l.349#ADT1-CAEEL#G5ECS8/gene-evm.model.ptg000032l.233#LAMC1-XENTR#A0JP86",4
"GO:0043066","GO:0043066","negative regulation of apoptotic process","11/87","450/6213",0.0244444444444444,1.74567049808429,1.95711236846375,0.0482782640109416,0.21622902232844,0.176630713906015,"XLOC-023693#TRLF-DESRO#K9IMD0/XLOC-020834#BMP15-BOVIN#Q6PX77/XLOC-016472#COMP-MOUSE#Q9R0G6/XLOC-006335#GREM1-CHICK#O73755/XLOC-013477#SIX1B-DANRE#Q6NZ04/gene-evm.model.ptg000022l.478#GSH0-HUMAN#P48507/XLOC-009823#GSH1-HUMAN#P48506/gene-evm.model.ptg000002l.349#ADT1-CAEEL#G5ECS8/novel-gene-chr14-4172#SIX2-MOUSE#Q62232/XLOC-027115#TXD12-EPICO#H9D1R1/XLOC-010665#MYC-MARMO#P22555",11
"GO:0042692","GO:0042692","muscle cell differentiation","6/87","189/6213",0.0317460317460317,2.26710454296661,2.1080830779558,0.0485049293508516,0.216903704448244,0.177181840591957,"XLOC-020834#BMP15-BOVIN#Q6PX77/XLOC-004696#MYS-ARGIR#P24733/XLOC-013477#SIX1B-DANRE#Q6NZ04/novel-gene-chr14-4172#SIX2-MOUSE#Q62232/XLOC-025643#TRIM2-HUMAN#Q9C040/XLOC-023090#KCC2A-HUMAN#Q9UQM7",6
"GO:0070374","GO:0070374","positive regulation of ERK1 and ERK2 cascade","3/87","59/6213",0.0508474576271186,3.6312098188194,2.41985639948353,0.0491816620385578,0.219585730510181,0.17937270365434,"XLOC-020834#BMP15-BOVIN#Q6PX77/XLOC-010031#ACHB4-BOVIN#Q8SPU6/XLOC-023090#KCC2A-HUMAN#Q9UQM7",3
"GO:0050801","GO:0050801","monoatomic ion homeostasis","9/87","344/6213",0.0261627906976744,1.86838412189254,1.97467621018576,0.0503160617835759,0.221714296060048,0.181111462164277,"XLOC-020834#BMP15-BOVIN#Q6PX77/XLOC-008044#MOM5-CAEEL#A0A0K3AWM6/XLOC-025615#S15A2-DANRE#B0S6T2/XLOC-003539#RHBG-DANRE#Q7T070/gene-evm.model.ptg000022l.478#GSH0-HUMAN#P48507/XLOC-009823#GSH1-HUMAN#P48506/XLOC-010031#ACHB4-BOVIN#Q8SPU6/XLOC-010665#MYC-MARMO#P22555/XLOC-023090#KCC2A-HUMAN#Q9UQM7",9
"GO:0001703","GO:0001703","gastrulation with mouth forming first","2/87","26/6213",0.0769230769230769,5.49336870026525,2.7359334257607,0.0506985211740687,0.221714296060048,0.181111462164277,"XLOC-020834#BMP15-BOVIN#Q6PX77/XLOC-000223#BMP1-MOUSE#P98063",2
"GO:0002062","GO:0002062","chondrocyte differentiation","2/87","26/6213",0.0769230769230769,5.49336870026525,2.7359334257607,0.0506985211740687,0.221714296060048,0.181111462164277,"XLOC-020834#BMP15-BOVIN#Q6PX77/XLOC-013477#SIX1B-DANRE#Q6NZ04",2
"GO:0002687","GO:0002687","positive regulation of leukocyte migration","2/87","26/6213",0.0769230769230769,5.49336870026525,2.7359334257607,0.0506985211740687,0.221714296060048,0.181111462164277,"XLOC-016472#COMP-MOUSE#Q9R0G6/gene-evm.model.ptg000002l.349#ADT1-CAEEL#G5ECS8",2
"GO:0010004","GO:0010004","gastrulation involving germ band extension","2/87","26/6213",0.0769230769230769,5.49336870026525,2.7359334257607,0.0506985211740687,0.221714296060048,0.181111462164277,"XLOC-020834#BMP15-BOVIN#Q6PX77/XLOC-000223#BMP1-MOUSE#P98063",2
"GO:0019838","GO:0019838","growth factor binding","2/87","26/6213",0.0769230769230769,5.49336870026525,2.7359334257607,0.0506985211740687,0.221714296060048,0.181111462164277,"XLOC-016472#COMP-MOUSE#Q9R0G6/gene-evm.model.ptg000002l.349#ADT1-CAEEL#G5ECS8",2
"GO:0034121","GO:0034121","regulation of toll-like receptor signaling pathway","2/87","26/6213",0.0769230769230769,5.49336870026525,2.7359334257607,0.0506985211740687,0.221714296060048,0.181111462164277,"XLOC-023693#TRLF-DESRO#K9IMD0/XLOC-010538#LSHR-CHICK#Q90674",2
"GO:0046885","GO:0046885","regulation of hormone biosynthetic process","2/87","26/6213",0.0769230769230769,5.49336870026525,2.7359334257607,0.0506985211740687,0.221714296060048,0.181111462164277,"XLOC-020834#BMP15-BOVIN#Q6PX77/XLOC-010031#ACHB4-BOVIN#Q8SPU6",2
"GO:0048149","GO:0048149","behavioral response to ethanol","2/87","26/6213",0.0769230769230769,5.49336870026525,2.7359334257607,0.0506985211740687,0.221714296060048,0.181111462164277,"gene-evm.model.ptg000022l.478#GSH0-HUMAN#P48507/XLOC-010031#ACHB4-BOVIN#Q8SPU6",2
"GO:0048665","GO:0048665","neuron fate specification","2/87","26/6213",0.0769230769230769,5.49336870026525,2.7359334257607,0.0506985211740687,0.221714296060048,0.181111462164277,"XLOC-013477#SIX1B-DANRE#Q6NZ04/XLOC-022943#NR2E3-MOUSE#Q9QXZ7",2
"GO:0061045","GO:0061045","negative regulation of wound healing","2/87","26/6213",0.0769230769230769,5.49336870026525,2.7359334257607,0.0506985211740687,0.221714296060048,0.181111462164277,"XLOC-026524#KLKB1-RAT#P14272/XLOC-011360#XLOC-011360",2
"GO:0071277","GO:0071277","cellular response to calcium ion","2/87","26/6213",0.0769230769230769,5.49336870026525,2.7359334257607,0.0506985211740687,0.221714296060048,0.181111462164277,"XLOC-003038#INHBA-MOUSE#Q04998/XLOC-023090#KCC2A-HUMAN#Q9UQM7",2
"GO:2000106","GO:2000106","regulation of leukocyte apoptotic process","2/87","26/6213",0.0769230769230769,5.49336870026525,2.7359334257607,0.0506985211740687,0.221714296060048,0.181111462164277,"XLOC-020834#BMP15-BOVIN#Q6PX77/XLOC-010665#MYC-MARMO#P22555",2
"GO:0007350","GO:0007350","blastoderm segmentation","5/87","144/6213",0.0347222222222222,2.47964559386973,2.14075632637437,0.0507463846222263,0.221714296060048,0.181111462164277,"XLOC-020834#BMP15-BOVIN#Q6PX77/XLOC-008044#MOM5-CAEEL#A0A0K3AWM6/XLOC-000223#BMP1-MOUSE#P98063/gene-evm.model.ptg000001l.686#SOX14-DANRE#Q32PP9/XLOC-012287#SX19B-DANRE#Q9DDD7",5
"GO:0007269","GO:0007269","neurotransmitter secretion","4/87","100/6213",0.04,2.85655172413793,2.23031758715157,0.0510254391733533,0.221913990795087,0.181274586536913,"XLOC-020299#SC5A7-DROME#Q9VE46/XLOC-011874#SY65-APLCA#P41823/gene-evm.model.ptg000010l.70#ESYT2-MOUSE#Q3TZZ7/XLOC-015788#OTOF-HUMAN#Q9HC10",4
"GO:0072175","GO:0072175","epithelial tube formation","4/87","100/6213",0.04,2.85655172413793,2.23031758715157,0.0510254391733533,0.221913990795087,0.181274586536913,"XLOC-020834#BMP15-BOVIN#Q6PX77/XLOC-008044#MOM5-CAEEL#A0A0K3AWM6/XLOC-006335#GREM1-CHICK#O73755/XLOC-013477#SIX1B-DANRE#Q6NZ04",4
"GO:0099643","GO:0099643","signal release from synapse","4/87","100/6213",0.04,2.85655172413793,2.23031758715157,0.0510254391733533,0.221913990795087,0.181274586536913,"XLOC-020299#SC5A7-DROME#Q9VE46/XLOC-011874#SY65-APLCA#P41823/gene-evm.model.ptg000010l.70#ESYT2-MOUSE#Q3TZZ7/XLOC-015788#OTOF-HUMAN#Q9HC10",4
"GO:0032355","GO:0032355","response to estradiol","3/87","60/6213",0.05,3.57068965517241,2.38434267104988,0.0512628906021717,0.222607346861485,0.181840967384776,"XLOC-020834#BMP15-BOVIN#Q6PX77/XLOC-011360#XLOC-011360/XLOC-010665#MYC-MARMO#P22555",3
"GO:1901654","GO:1901654","response to ketone","5/87","145/6213",0.0344827586206897,2.46254458977408,2.12352405166936,0.0520003046267322,0.225224147809088,0.183978550094756,"XLOC-020834#BMP15-BOVIN#Q6PX77/XLOC-016472#COMP-MOUSE#Q9R0G6/XLOC-022275#T53I2-HUMAN#Q8IXH6/gene-evm.model.ptg000002l.349#ADT1-CAEEL#G5ECS8/XLOC-010665#MYC-MARMO#P22555",5
"GO:0045666","GO:0045666","positive regulation of neuron differentiation","7/87","242/6213",0.0289256198347107,2.06568823026503,2.01512119223256,0.0521023265173495,0.225224147809088,0.183978550094756,"XLOC-020834#BMP15-BOVIN#Q6PX77/XLOC-008044#MOM5-CAEEL#A0A0K3AWM6/XLOC-022943#NR2E3-MOUSE#Q9QXZ7/XLOC-013652#HXD3-HAPBU#A8DT10/gene-evm.model.ptg000004l.40#FA5-MOUSE#O88783/XLOC-020923#WNT11-HUMAN#O96014/XLOC-004104#XLOC-004104",7
"GO:0045860","GO:0045860","positive regulation of protein kinase activity","7/87","242/6213",0.0289256198347107,2.06568823026503,2.01512119223256,0.0521023265173495,0.225224147809088,0.183978550094756,"XLOC-023693#TRLF-DESRO#K9IMD0/XLOC-020834#BMP15-BOVIN#Q6PX77/XLOC-016472#COMP-MOUSE#Q9R0G6/XLOC-006335#GREM1-CHICK#O73755/XLOC-006685#KAPR-STRPU#Q26619/gene-evm.model.ptg000002l.349#ADT1-CAEEL#G5ECS8/XLOC-010031#ACHB4-BOVIN#Q8SPU6",7
"GO:0010976","GO:0010976","positive regulation of neuron projection development","6/87","193/6213",0.0310880829015544,2.22011792031445,2.05196083965157,0.0527398262159357,0.22763498365214,0.185947886363694,"XLOC-020834#BMP15-BOVIN#Q6PX77/XLOC-008044#MOM5-CAEEL#A0A0K3AWM6/XLOC-022943#NR2E3-MOUSE#Q9QXZ7/gene-evm.model.ptg000004l.40#FA5-MOUSE#O88783/XLOC-020923#WNT11-HUMAN#O96014/XLOC-004104#XLOC-004104",6
"GO:0010565","GO:0010565","regulation of ketone metabolic process","3/87","61/6213",0.0491803278688525,3.51215375918598,2.34957777278716,0.0533864932438726,0.230078044146176,0.187943545940426,"XLOC-020834#BMP15-BOVIN#Q6PX77/XLOC-021709#BHMT1-BOVIN#Q5I597/gene-evm.model.ptg000020l.16#MAAI-MOUSE#Q9WVL0",3
"GO:0010613","GO:0010613","positive regulation of cardiac muscle hypertrophy","2/87","27/6213",0.0740740740740741,5.28991060025543,2.66202432491729,0.0542675741676962,0.230764922848447,0.188504635632468,"XLOC-016646#ADK-PHYPA#O49923/XLOC-023090#KCC2A-HUMAN#Q9UQM7",2
"GO:0014742","GO:0014742","positive regulation of muscle hypertrophy","2/87","27/6213",0.0740740740740741,5.28991060025543,2.66202432491729,0.0542675741676962,0.230764922848447,0.188504635632468,"XLOC-016646#ADK-PHYPA#O49923/XLOC-023090#KCC2A-HUMAN#Q9UQM7",2
"GO:0014911","GO:0014911","positive regulation of smooth muscle cell migration","2/87","27/6213",0.0740740740740741,5.28991060025543,2.66202432491729,0.0542675741676962,0.230764922848447,0.188504635632468,"XLOC-010665#MYC-MARMO#P22555/XLOC-023090#KCC2A-HUMAN#Q9UQM7",2
"GO:0043094","GO:0043094","metabolic compound salvage","2/87","27/6213",0.0740740740740741,5.28991060025543,2.66202432491729,0.0542675741676962,0.230764922848447,0.188504635632468,"XLOC-021709#BHMT1-BOVIN#Q5I597/XLOC-016646#ADK-PHYPA#O49923",2
"GO:0055008","GO:0055008","cardiac muscle tissue morphogenesis","2/87","27/6213",0.0740740740740741,5.28991060025543,2.66202432491729,0.0542675741676962,0.230764922848447,0.188504635632468,"XLOC-020834#BMP15-BOVIN#Q6PX77/XLOC-004696#MYS-ARGIR#P24733",2
"GO:0055025","GO:0055025","positive regulation of cardiac muscle tissue development","2/87","27/6213",0.0740740740740741,5.28991060025543,2.66202432491729,0.0542675741676962,0.230764922848447,0.188504635632468,"XLOC-020834#BMP15-BOVIN#Q6PX77/XLOC-006335#GREM1-CHICK#O73755",2
"GO:0101003","GO:0101003","ficolin-1-rich granule membrane","2/87","27/6213",0.0740740740740741,5.28991060025543,2.66202432491729,0.0542675741676962,0.230764922848447,0.188504635632468,"XLOC-021454#SPB3-HUMAN#P29508/XLOC-026123#MGA-HUMAN#O43451",2
"GO:0120111","GO:0120111","neuron projection cytoplasm","2/87","27/6213",0.0740740740740741,5.28991060025543,2.66202432491729,0.0542675741676962,0.230764922848447,0.188504635632468,"XLOC-004104#XLOC-004104/XLOC-023090#KCC2A-HUMAN#Q9UQM7",2
"GO:0043069","GO:0043069","negative regulation of programmed cell death","11/87","459/6213",0.0239651416122004,1.71144166478852,1.88732878269742,0.0543089753052778,0.230764922848447,0.188504635632468,"XLOC-023693#TRLF-DESRO#K9IMD0/XLOC-020834#BMP15-BOVIN#Q6PX77/XLOC-016472#COMP-MOUSE#Q9R0G6/XLOC-006335#GREM1-CHICK#O73755/XLOC-013477#SIX1B-DANRE#Q6NZ04/gene-evm.model.ptg000022l.478#GSH0-HUMAN#P48507/XLOC-009823#GSH1-HUMAN#P48506/gene-evm.model.ptg000002l.349#ADT1-CAEEL#G5ECS8/novel-gene-chr14-4172#SIX2-MOUSE#Q62232/XLOC-027115#TXD12-EPICO#H9D1R1/XLOC-010665#MYC-MARMO#P22555",11
"GO:0003690","GO:0003690","double-stranded DNA binding","8/87","296/6213",0.027027027027027,1.93010251630941,1.95394683951345,0.0543547242040505,0.230764922848447,0.188504635632468,"XLOC-006454#GSC-PONPY#A2T7P4/XLOC-001125#PITX3-HUMAN#O75364/XLOC-013477#SIX1B-DANRE#Q6NZ04/XLOC-026222#MYPH-ECHGR#Q24799/XLOC-013652#HXD3-HAPBU#A8DT10/XLOC-006585#OTX1-HUMAN#P32242/novel-gene-chr14-4172#SIX2-MOUSE#Q62232/XLOC-010665#MYC-MARMO#P22555",8
"GO:0090130","GO:0090130","tissue migration","5/87","147/6213",0.0340136054421769,2.42904058174994,2.08948318246435,0.0545625935247341,0.231303238225953,0.188944368598985,"XLOC-020834#BMP15-BOVIN#Q6PX77/XLOC-008044#MOM5-CAEEL#A0A0K3AWM6/XLOC-010538#LSHR-CHICK#Q90674/XLOC-006335#GREM1-CHICK#O73755/XLOC-004696#MYS-ARGIR#P24733",5
"GO:0040007","GO:0040007","growth","9/87","350/6213",0.0257142857142857,1.83635467980296,1.91933781550204,0.0550442678183345,0.232998955616778,0.19032954700889,"XLOC-020834#BMP15-BOVIN#Q6PX77/XLOC-008044#MOM5-CAEEL#A0A0K3AWM6/XLOC-016472#COMP-MOUSE#Q9R0G6/XLOC-003038#INHBA-MOUSE#Q04998/XLOC-010538#LSHR-CHICK#Q90674/XLOC-022943#NR2E3-MOUSE#Q9QXZ7/gene-evm.model.ptg000022l.266#FCN1-MOUSE#O70165/gene-evm.model.ptg000002l.349#ADT1-CAEEL#G5ECS8/XLOC-023090#KCC2A-HUMAN#Q9UQM7",9
"GO:0009755","GO:0009755","hormone-mediated signaling pathway","3/87","62/6213",0.0483870967741935,3.45550611790879,2.31553236339405,0.0555521036299682,0.234452887065532,0.191517218057847,"XLOC-020834#BMP15-BOVIN#Q6PX77/XLOC-022275#T53I2-HUMAN#Q8IXH6/XLOC-026222#MYPH-ECHGR#Q24799",3
"GO:0044344","GO:0044344","cellular response to fibroblast growth factor stimulus","3/87","62/6213",0.0483870967741935,3.45550611790879,2.31553236339405,0.0555521036299682,0.234452887065532,0.191517218057847,"gene-evm.model.ptg000022l.478#GSH0-HUMAN#P48507/XLOC-009823#GSH1-HUMAN#P48506/XLOC-010665#MYC-MARMO#P22555",3
"GO:0007268","GO:0007268","chemical synaptic transmission","7/87","246/6213",0.0284552845528455,2.03209980375666,1.96833077930247,0.055989375812003,0.235554298137656,0.192416926255565,"XLOC-020299#SC5A7-DROME#Q9VE46/XLOC-011874#SY65-APLCA#P41823/gene-evm.model.ptg000010l.70#ESYT2-MOUSE#Q3TZZ7/XLOC-016437#UBP14-PANTR#P60051/XLOC-015788#OTOF-HUMAN#Q9HC10/XLOC-010031#ACHB4-BOVIN#Q8SPU6/XLOC-023090#KCC2A-HUMAN#Q9UQM7",7
"GO:0098916","GO:0098916","anterograde trans-synaptic signaling","7/87","246/6213",0.0284552845528455,2.03209980375666,1.96833077930247,0.055989375812003,0.235554298137656,0.192416926255565,"XLOC-020299#SC5A7-DROME#Q9VE46/XLOC-011874#SY65-APLCA#P41823/gene-evm.model.ptg000010l.70#ESYT2-MOUSE#Q3TZZ7/XLOC-016437#UBP14-PANTR#P60051/XLOC-015788#OTOF-HUMAN#Q9HC10/XLOC-010031#ACHB4-BOVIN#Q8SPU6/XLOC-023090#KCC2A-HUMAN#Q9UQM7",7
"GO:0097305","GO:0097305","response to alcohol","6/87","196/6213",0.0306122448979592,2.18613652357495,2.01075687586242,0.0560607670646576,0.235554298137656,0.192416926255565,"XLOC-003038#INHBA-MOUSE#Q04998/XLOC-022275#T53I2-HUMAN#Q8IXH6/gene-evm.model.ptg000022l.478#GSH0-HUMAN#P48507/XLOC-013035#HXA4-LINSA#P81192/XLOC-010031#ACHB4-BOVIN#Q8SPU6/XLOC-010665#MYC-MARMO#P22555",6
"GO:0097237","GO:0097237","cellular response to toxic substance","4/87","104/6213",0.0384615384615385,2.74668435013263,2.14058703052537,0.0574078464527424,0.240859685190697,0.196750730721938,"XLOC-022275#T53I2-HUMAN#Q8IXH6/gene-evm.model.ptg000020l.16#MAAI-MOUSE#Q9WVL0/XLOC-013035#HXA4-LINSA#P81192/XLOC-010665#MYC-MARMO#P22555",4
"GO:0044853","GO:0044853","plasma membrane raft","3/87","63/6213",0.0476190476190476,3.40065681444992,2.28217871434414,0.057759340960406,0.241247059915836,0.197067164998491,"XLOC-020299#SC5A7-DROME#Q9VE46/XLOC-006685#KAPR-STRPU#Q26619/XLOC-010031#ACHB4-BOVIN#Q8SPU6",3
"GO:0071774","GO:0071774","response to fibroblast growth factor","3/87","63/6213",0.0476190476190476,3.40065681444992,2.28217871434414,0.057759340960406,0.241247059915836,0.197067164998491,"gene-evm.model.ptg000022l.478#GSH0-HUMAN#P48507/XLOC-009823#GSH1-HUMAN#P48506/XLOC-010665#MYC-MARMO#P22555",3
"GO:0015036","GO:0015036","disulfide oxidoreductase activity","2/87","28/6213",0.0714285714285714,5.10098522167488,2.59169697341847,0.0579229709226595,0.241247059915836,0.197067164998491,"XLOC-027115#TXD12-EPICO#H9D1R1/gene-evm.model.ptg000012l.503-1#DJC10-XENLA#Q6NRT6",2
"GO:0045334","GO:0045334","clathrin-coated endocytic vesicle","2/87","28/6213",0.0714285714285714,5.10098522167488,2.59169697341847,0.0579229709226595,0.241247059915836,0.197067164998491,"XLOC-008044#MOM5-CAEEL#A0A0K3AWM6/XLOC-020299#SC5A7-DROME#Q9VE46",2
"GO:0045669","GO:0045669","positive regulation of osteoblast differentiation","2/87","28/6213",0.0714285714285714,5.10098522167488,2.59169697341847,0.0579229709226595,0.241247059915836,0.197067164998491,"XLOC-023693#TRLF-DESRO#K9IMD0/XLOC-020834#BMP15-BOVIN#Q6PX77",2
"GO:0001666","GO:0001666","response to hypoxia","6/87","198/6213",0.0303030303030303,2.16405433646813,1.98369494194924,0.0583439813739882,0.242293127889357,0.197921665152853,"XLOC-020834#BMP15-BOVIN#Q6PX77/XLOC-016472#COMP-MOUSE#Q9R0G6/gene-evm.model.ptg000002l.349#ADT1-CAEEL#G5ECS8/XLOC-010031#ACHB4-BOVIN#Q8SPU6/XLOC-010665#MYC-MARMO#P22555/XLOC-023090#KCC2A-HUMAN#Q9UQM7",6
"GO:0042391","GO:0042391","regulation of membrane potential","6/87","198/6213",0.0303030303030303,2.16405433646813,1.98369494194924,0.0583439813739882,0.242293127889357,0.197921665152853,"gene-evm.model.ptg000022l.478#GSH0-HUMAN#P48507/XLOC-009823#GSH1-HUMAN#P48506/XLOC-004104#XLOC-004104/XLOC-010031#ACHB4-BOVIN#Q8SPU6/XLOC-010665#MYC-MARMO#P22555/XLOC-023090#KCC2A-HUMAN#Q9UQM7",6
"GO:0099537","GO:0099537","trans-synaptic signaling","7/87","249/6213",0.0281124497991968,2.00761667359092,1.93380667582711,0.0590214100211006,0.244232570467039,0.199505935032016,"XLOC-020299#SC5A7-DROME#Q9VE46/XLOC-011874#SY65-APLCA#P41823/gene-evm.model.ptg000010l.70#ESYT2-MOUSE#Q3TZZ7/XLOC-016437#UBP14-PANTR#P60051/XLOC-015788#OTOF-HUMAN#Q9HC10/XLOC-010031#ACHB4-BOVIN#Q8SPU6/XLOC-023090#KCC2A-HUMAN#Q9UQM7",7
"GO:0016485","GO:0016485","protein processing","4/87","105/6213",0.0380952380952381,2.72052545155993,2.11881525170849,0.0590678140982323,0.244232570467039,0.199505935032016,"XLOC-026524#KLKB1-RAT#P14272/XLOC-000223#BMP1-MOUSE#P98063/XLOC-025964#NEC1-HUMAN#P29120/XLOC-010665#MYC-MARMO#P22555",4
"GO:1905952","GO:1905952","regulation of lipid localization","4/87","105/6213",0.0380952380952381,2.72052545155993,2.11881525170849,0.0590678140982323,0.244232570467039,0.199505935032016,"XLOC-020834#BMP15-BOVIN#Q6PX77/XLOC-016472#COMP-MOUSE#Q9R0G6/XLOC-025615#S15A2-DANRE#B0S6T2/gene-evm.model.ptg000002l.349#ADT1-CAEEL#G5ECS8",4
"GO:0042734","GO:0042734","presynaptic membrane","3/87","64/6213",0.046875,3.34752155172414,2.24949059697587,0.0600078106491317,0.245818222154438,0.20080120421714,"XLOC-016414#GRM4-MOUSE#Q68EF4/XLOC-015788#OTOF-HUMAN#Q9HC10/XLOC-010031#ACHB4-BOVIN#Q8SPU6",3
"GO:0043204","GO:0043204","perikaryon","3/87","64/6213",0.046875,3.34752155172414,2.24949059697587,0.0600078106491317,0.245818222154438,0.20080120421714,"XLOC-020299#SC5A7-DROME#Q9VE46/XLOC-010031#ACHB4-BOVIN#Q8SPU6/XLOC-025964#NEC1-HUMAN#P29120",3
"GO:0051153","GO:0051153","regulation of striated muscle cell differentiation","3/87","64/6213",0.046875,3.34752155172414,2.24949059697587,0.0600078106491317,0.245818222154438,0.20080120421714,"XLOC-020834#BMP15-BOVIN#Q6PX77/XLOC-008044#MOM5-CAEEL#A0A0K3AWM6/XLOC-006335#GREM1-CHICK#O73755",3
"GO:1903707","GO:1903707","negative regulation of hemopoiesis","3/87","64/6213",0.046875,3.34752155172414,2.24949059697587,0.0600078106491317,0.245818222154438,0.20080120421714,"XLOC-023693#TRLF-DESRO#K9IMD0/XLOC-020834#BMP15-BOVIN#Q6PX77/XLOC-010665#MYC-MARMO#P22555",3
"GO:1905897","GO:1905897","regulation of response to endoplasmic reticulum stress","3/87","64/6213",0.046875,3.34752155172414,2.24949059697587,0.0600078106491317,0.245818222154438,0.20080120421714,"XLOC-025615#S15A2-DANRE#B0S6T2/XLOC-016437#UBP14-PANTR#P60051/XLOC-027115#TXD12-EPICO#H9D1R1",3
"GO:0071900","GO:0071900","regulation of protein serine/threonine kinase activity","7/87","250/6213",0.028,1.99958620689655,1.92240420612973,0.0600544342242003,0.245818222154438,0.20080120421714,"XLOC-023693#TRLF-DESRO#K9IMD0/XLOC-020834#BMP15-BOVIN#Q6PX77/XLOC-016472#COMP-MOUSE#Q9R0G6/XLOC-020938#SPB6-MOUSE#Q60854/XLOC-006685#KAPR-STRPU#Q26619/gene-evm.model.ptg000002l.349#ADT1-CAEEL#G5ECS8/XLOC-010031#ACHB4-BOVIN#Q8SPU6",7
"GO:0099536","GO:0099536","synaptic signaling","7/87","250/6213",0.028,1.99958620689655,1.92240420612973,0.0600544342242003,0.245818222154438,0.20080120421714,"XLOC-020299#SC5A7-DROME#Q9VE46/XLOC-011874#SY65-APLCA#P41823/gene-evm.model.ptg000010l.70#ESYT2-MOUSE#Q3TZZ7/XLOC-016437#UBP14-PANTR#P60051/XLOC-015788#OTOF-HUMAN#Q9HC10/XLOC-010031#ACHB4-BOVIN#Q8SPU6/XLOC-023090#KCC2A-HUMAN#Q9UQM7",7
"GO:0006790","GO:0006790","sulfur compound metabolic process","6/87","200/6213",0.03,2.14241379310345,1.95694981030776,0.0606827443162699,0.247613435164619,0.202267657481309,"XLOC-021709#BHMT1-BOVIN#Q5I597/gene-evm.model.ptg000020l.16#MAAI-MOUSE#Q9WVL0/gene-evm.model.ptg000022l.478#GSH0-HUMAN#P48507/XLOC-009823#GSH1-HUMAN#P48506/XLOC-009355#B3GA3-HUMAN#O94766/XLOC-009352#ODO1-BOVIN#Q148N0",6
"GO:0001525","GO:0001525","angiogenesis","4/87","106/6213",0.0377358490566038,2.69486011711126,2.0972957962907,0.0607533840221638,0.247613435164619,0.202267657481309,"XLOC-020834#BMP15-BOVIN#Q6PX77/XLOC-016472#COMP-MOUSE#Q9R0G6/XLOC-006335#GREM1-CHICK#O73755/gene-evm.model.ptg000002l.349#ADT1-CAEEL#G5ECS8",4
"GO:0045765","GO:0045765","regulation of angiogenesis","4/87","106/6213",0.0377358490566038,2.69486011711126,2.0972957962907,0.0607533840221638,0.247613435164619,0.202267657481309,"XLOC-016472#COMP-MOUSE#Q9R0G6/XLOC-006335#GREM1-CHICK#O73755/gene-evm.model.ptg000002l.349#ADT1-CAEEL#G5ECS8/XLOC-010031#ACHB4-BOVIN#Q8SPU6",4
"GO:0001933","GO:0001933","negative regulation of protein phosphorylation","7/87","251/6213",0.0278884462151394,1.99161972798461,1.91105368272846,0.061098660743136,0.248665448074418,0.203127013867863,"XLOC-020834#BMP15-BOVIN#Q6PX77/XLOC-020938#SPB6-MOUSE#Q60854/XLOC-006335#GREM1-CHICK#O73755/XLOC-006685#KAPR-STRPU#Q26619/gene-evm.model.ptg000012l.503-1#DJC10-XENLA#Q6NRT6/XLOC-010031#ACHB4-BOVIN#Q8SPU6/XLOC-010665#MYC-MARMO#P22555",7
"GO:0007494","GO:0007494","midgut development","2/87","29/6213",0.0689655172413793,4.92508917954816,2.52464687005934,0.0616616563069388,0.248827023258411,0.203258999573532,"XLOC-013035#HXA4-LINSA#P81192/gene-evm.model.ptg000032l.233#LAMC1-XENTR#A0JP86",2
"GO:0021879","GO:0021879","forebrain neuron differentiation","2/87","29/6213",0.0689655172413793,4.92508917954816,2.52464687005934,0.0616616563069388,0.248827023258411,0.203258999573532,"gene-evm.model.ptg000007l.881-1#OTP-SACKO#Q7YTC2/XLOC-009352#ODO1-BOVIN#Q148N0",2
"GO:0030315","GO:0030315","T-tubule","2/87","29/6213",0.0689655172413793,4.92508917954816,2.52464687005934,0.0616616563069388,0.248827023258411,0.203258999573532,"XLOC-006685#KAPR-STRPU#Q26619/XLOC-023090#KCC2A-HUMAN#Q9UQM7",2
"GO:0032350","GO:0032350","regulation of hormone metabolic process","2/87","29/6213",0.0689655172413793,4.92508917954816,2.52464687005934,0.0616616563069388,0.248827023258411,0.203258999573532,"XLOC-020834#BMP15-BOVIN#Q6PX77/XLOC-010031#ACHB4-BOVIN#Q8SPU6",2
"GO:0045652","GO:0045652","regulation of megakaryocyte differentiation","2/87","29/6213",0.0689655172413793,4.92508917954816,2.52464687005934,0.0616616563069388,0.248827023258411,0.203258999573532,"XLOC-016472#COMP-MOUSE#Q9R0G6/gene-evm.model.ptg000002l.349#ADT1-CAEEL#G5ECS8",2
"GO:0071364","GO:0071364","cellular response to epidermal growth factor stimulus","2/87","29/6213",0.0689655172413793,4.92508917954816,2.52464687005934,0.0616616563069388,0.248827023258411,0.203258999573532,"XLOC-004104#XLOC-004104/XLOC-010665#MYC-MARMO#P22555",2
"GO:0009798","GO:0009798","axis specification","6/87","201/6213",0.0298507462686567,2.13175501801338,1.94369369152539,0.0618729855631594,0.24897549761875,0.203380283626806,"XLOC-006454#GSC-PONPY#A2T7P4/XLOC-020834#BMP15-BOVIN#Q6PX77/XLOC-008044#MOM5-CAEEL#A0A0K3AWM6/XLOC-000223#BMP1-MOUSE#P98063/XLOC-013477#SIX1B-DANRE#Q6NZ04/XLOC-020923#WNT11-HUMAN#O96014",6
"GO:0035282","GO:0035282","segmentation","6/87","201/6213",0.0298507462686567,2.13175501801338,1.94369369152539,0.0618729855631594,0.24897549761875,0.203380283626806,"XLOC-020834#BMP15-BOVIN#Q6PX77/XLOC-008044#MOM5-CAEEL#A0A0K3AWM6/XLOC-000223#BMP1-MOUSE#P98063/gene-evm.model.ptg000001l.686#SOX14-DANRE#Q32PP9/XLOC-013035#HXA4-LINSA#P81192/XLOC-012287#SX19B-DANRE#Q9DDD7",6
"GO:0045596","GO:0045596","negative regulation of cell differentiation","9/87","359/6213",0.0250696378830084,1.79031793295553,1.83827108225158,0.0626707702024575,0.251830573785368,0.205712505898059,"XLOC-023693#TRLF-DESRO#K9IMD0/XLOC-020834#BMP15-BOVIN#Q6PX77/XLOC-008044#MOM5-CAEEL#A0A0K3AWM6/XLOC-006335#GREM1-CHICK#O73755/XLOC-022275#T53I2-HUMAN#Q8IXH6/XLOC-013477#SIX1B-DANRE#Q6NZ04/XLOC-020923#WNT11-HUMAN#O96014/novel-gene-chr14-4172#SIX2-MOUSE#Q62232/XLOC-010665#MYC-MARMO#P22555",9
"GO:0030855","GO:0030855","epithelial cell differentiation","10/87","416/6213",0.0240384615384615,1.71667771883289,1.80324929637953,0.0641718059693198,0.256565320762292,0.20958017236435,"XLOC-020834#BMP15-BOVIN#Q6PX77/XLOC-008044#MOM5-CAEEL#A0A0K3AWM6/XLOC-021709#BHMT1-BOVIN#Q5I597/XLOC-010538#LSHR-CHICK#Q90674/XLOC-006335#GREM1-CHICK#O73755/XLOC-004696#MYS-ARGIR#P24733/XLOC-000223#BMP1-MOUSE#P98063/XLOC-013477#SIX1B-DANRE#Q6NZ04/XLOC-003539#RHBG-DANRE#Q7T070/XLOC-020923#WNT11-HUMAN#O96014",10
"GO:0001708","GO:0001708","cell fate specification","4/87","108/6213",0.037037037037037,2.64495530012771,2.05499135007157,0.0642009891401261,0.256565320762292,0.20958017236435,"XLOC-006454#GSC-PONPY#A2T7P4/XLOC-020834#BMP15-BOVIN#Q6PX77/XLOC-013477#SIX1B-DANRE#Q6NZ04/XLOC-022943#NR2E3-MOUSE#Q9QXZ7",4
"GO:0008021","GO:0008021","synaptic vesicle","4/87","108/6213",0.037037037037037,2.64495530012771,2.05499135007157,0.0642009891401261,0.256565320762292,0.20958017236435,"XLOC-020299#SC5A7-DROME#Q9VE46/XLOC-011874#SY65-APLCA#P41823/gene-evm.model.ptg000010l.70#ESYT2-MOUSE#Q3TZZ7/XLOC-015788#OTOF-HUMAN#Q9HC10",4
"GO:0036293","GO:0036293","response to decreased oxygen levels","6/87","203/6213",0.0295566502463054,2.11075250552064,1.9174097795199,0.0642952282882704,0.256565320762292,0.20958017236435,"XLOC-020834#BMP15-BOVIN#Q6PX77/XLOC-016472#COMP-MOUSE#Q9R0G6/gene-evm.model.ptg000002l.349#ADT1-CAEEL#G5ECS8/XLOC-010031#ACHB4-BOVIN#Q8SPU6/XLOC-010665#MYC-MARMO#P22555/XLOC-023090#KCC2A-HUMAN#Q9UQM7",6
"GO:0033674","GO:0033674","positive regulation of kinase activity","7/87","254/6213",0.0275590551181102,1.96809666033125,1.87730890889118,0.0642987046424953,0.256565320762292,0.20958017236435,"XLOC-023693#TRLF-DESRO#K9IMD0/XLOC-020834#BMP15-BOVIN#Q6PX77/XLOC-016472#COMP-MOUSE#Q9R0G6/XLOC-006335#GREM1-CHICK#O73755/XLOC-006685#KAPR-STRPU#Q26619/gene-evm.model.ptg000002l.349#ADT1-CAEEL#G5ECS8/XLOC-010031#ACHB4-BOVIN#Q8SPU6",7
"GO:0010634","GO:0010634","positive regulation of epithelial cell migration","3/87","66/6213",0.0454545454545455,3.24608150470219,2.18601293034621,0.0646268037802198,0.256840119482848,0.209804646829755,"XLOC-020834#BMP15-BOVIN#Q6PX77/XLOC-016472#COMP-MOUSE#Q9R0G6/gene-evm.model.ptg000002l.349#ADT1-CAEEL#G5ECS8",3
"GO:0002832","GO:0002832","negative regulation of response to biotic stimulus","2/87","30/6213",0.0666666666666667,4.76091954022989,2.46060498824925,0.0654806420685983,0.256840119482848,0.209804646829755,"XLOC-023693#TRLF-DESRO#K9IMD0/gene-evm.model.ptg000021l.117#UFD1-RAT#Q9ES53",2
"GO:0003401","GO:0003401","axis elongation","2/87","30/6213",0.0666666666666667,4.76091954022989,2.46060498824925,0.0654806420685983,0.256840119482848,0.209804646829755,"XLOC-020834#BMP15-BOVIN#Q6PX77/gene-evm.model.ptg000022l.266#FCN1-MOUSE#O70165",2
"GO:0006942","GO:0006942","regulation of striated muscle contraction","2/87","30/6213",0.0666666666666667,4.76091954022989,2.46060498824925,0.0654806420685983,0.256840119482848,0.209804646829755,"XLOC-004696#MYS-ARGIR#P24733/XLOC-023090#KCC2A-HUMAN#Q9UQM7",2
"GO:0014015","GO:0014015","positive regulation of gliogenesis","2/87","30/6213",0.0666666666666667,4.76091954022989,2.46060498824925,0.0654806420685983,0.256840119482848,0.209804646829755,"XLOC-020834#BMP15-BOVIN#Q6PX77/XLOC-010665#MYC-MARMO#P22555",2
"GO:0031091","GO:0031091","platelet alpha granule","2/87","30/6213",0.0666666666666667,4.76091954022989,2.46060498824925,0.0654806420685983,0.256840119482848,0.209804646829755,"XLOC-016472#COMP-MOUSE#Q9R0G6/gene-evm.model.ptg000002l.349#ADT1-CAEEL#G5ECS8",2
"GO:0032835","GO:0032835","glomerulus development","2/87","30/6213",0.0666666666666667,4.76091954022989,2.46060498824925,0.0654806420685983,0.256840119482848,0.209804646829755,"XLOC-020834#BMP15-BOVIN#Q6PX77/XLOC-010538#LSHR-CHICK#Q90674",2
"GO:0043536","GO:0043536","positive regulation of blood vessel endothelial cell migration","2/87","30/6213",0.0666666666666667,4.76091954022989,2.46060498824925,0.0654806420685983,0.256840119482848,0.209804646829755,"XLOC-016472#COMP-MOUSE#Q9R0G6/gene-evm.model.ptg000002l.349#ADT1-CAEEL#G5ECS8",2
"GO:0097421","GO:0097421","liver regeneration","2/87","30/6213",0.0666666666666667,4.76091954022989,2.46060498824925,0.0654806420685983,0.256840119482848,0.209804646829755,"XLOC-026524#KLKB1-RAT#P14272/XLOC-010665#MYC-MARMO#P22555",2
"GO:2000826","GO:2000826","regulation of heart morphogenesis","2/87","30/6213",0.0666666666666667,4.76091954022989,2.46060498824925,0.0654806420685983,0.256840119482848,0.209804646829755,"XLOC-020834#BMP15-BOVIN#Q6PX77/XLOC-013477#SIX1B-DANRE#Q6NZ04",2
"GO:0006520","GO:0006520","amino acid metabolic process","6/87","204/6213",0.0294117647058824,2.10040567951318,1.90438020492004,0.0655272400932028,0.256840119482848,0.209804646829755,"XLOC-021709#BHMT1-BOVIN#Q5I597/XLOC-002744#NPFF1-RAT#Q9EP86/gene-evm.model.ptg000020l.16#MAAI-MOUSE#Q9WVL0/gene-evm.model.ptg000022l.478#GSH0-HUMAN#P48507/XLOC-009823#GSH1-HUMAN#P48506/XLOC-004937#FOLH1-RAT#P70627",6
"GO:0048565","GO:0048565","digestive tract development","5/87","155/6213",0.032258064516129,2.30367074527252,1.9586461721733,0.0655378923881925,0.256840119482848,0.209804646829755,"XLOC-020834#BMP15-BOVIN#Q6PX77/XLOC-010538#LSHR-CHICK#Q90674/XLOC-013477#SIX1B-DANRE#Q6NZ04/XLOC-013035#HXA4-LINSA#P81192/gene-evm.model.ptg000032l.233#LAMC1-XENTR#A0JP86",5
"GO:0050865","GO:0050865","regulation of cell activation","5/87","155/6213",0.032258064516129,2.30367074527252,1.9586461721733,0.0655378923881925,0.256840119482848,0.209804646829755,"XLOC-020834#BMP15-BOVIN#Q6PX77/XLOC-016472#COMP-MOUSE#Q9R0G6/XLOC-016646#ADK-PHYPA#O49923/XLOC-009823#GSH1-HUMAN#P48506/gene-evm.model.ptg000002l.349#ADT1-CAEEL#G5ECS8",5
"GO:0046661","GO:0046661","male sex differentiation","4/87","109/6213",0.036697247706422,2.62068965517241,2.03419555103019,0.0659628373848288,0.258150857419639,0.210875347585028,"XLOC-020834#BMP15-BOVIN#Q6PX77/XLOC-003038#INHBA-MOUSE#Q04998/XLOC-010538#LSHR-CHICK#Q90674/novel-gene-chr14-4172#SIX2-MOUSE#Q62232",4
"GO:0007476","GO:0007476","imaginal disc-derived wing morphogenesis","5/87","156/6213",0.032051282051282,2.28890362511052,1.94285688678658,0.066991341531189,0.261121507019052,0.213301978172627,"XLOC-020834#BMP15-BOVIN#Q6PX77/XLOC-008044#MOM5-CAEEL#A0A0K3AWM6/XLOC-000223#BMP1-MOUSE#P98063/XLOC-022943#NR2E3-MOUSE#Q9QXZ7/XLOC-009823#GSH1-HUMAN#P48506",5
"GO:0031589","GO:0031589","cell-substrate adhesion","3/87","67/6213",0.0447761194029851,3.19763252702007,2.1551775349303,0.0669964749870122,0.261121507019052,0.213301978172627,"XLOC-008044#MOM5-CAEEL#A0A0K3AWM6/XLOC-013652#HXD3-HAPBU#A8DT10/gene-evm.model.ptg000032l.233#LAMC1-XENTR#A0JP86",3
"GO:0046660","GO:0046660","female sex differentiation","3/87","67/6213",0.0447761194029851,3.19763252702007,2.1551775349303,0.0669964749870122,0.261121507019052,0.213301978172627,"XLOC-020834#BMP15-BOVIN#Q6PX77/XLOC-003038#INHBA-MOUSE#Q04998/XLOC-010665#MYC-MARMO#P22555",3
"GO:0050803","GO:0050803","regulation of synapse structure or activity","6/87","207/6213",0.0289855072463768,2.06996501749125,1.86573062821022,0.0693068578102654,0.267225899697446,0.218288465301583,"XLOC-016472#COMP-MOUSE#Q9R0G6/XLOC-013477#SIX1B-DANRE#Q6NZ04/XLOC-004104#XLOC-004104/novel-gene-chr14-4172#SIX2-MOUSE#Q62232/XLOC-010031#ACHB4-BOVIN#Q8SPU6/XLOC-023090#KCC2A-HUMAN#Q9UQM7",6
"GO:0003281","GO:0003281","ventricular septum development","2/87","31/6213",0.0645161290322581,4.60734149054505,2.39933261235472,0.0693770055972837,0.267225899697446,0.218288465301583,"XLOC-020834#BMP15-BOVIN#Q6PX77/XLOC-008044#MOM5-CAEEL#A0A0K3AWM6",2
"GO:0031103","GO:0031103","axon regeneration","2/87","31/6213",0.0645161290322581,4.60734149054505,2.39933261235472,0.0693770055972837,0.267225899697446,0.218288465301583,"XLOC-022943#NR2E3-MOUSE#Q9QXZ7/gene-evm.model.ptg000022l.266#FCN1-MOUSE#O70165",2
"GO:0035214","GO:0035214","eye-antennal disc development","2/87","31/6213",0.0645161290322581,4.60734149054505,2.39933261235472,0.0693770055972837,0.267225899697446,0.218288465301583,"XLOC-020834#BMP15-BOVIN#Q6PX77/XLOC-013477#SIX1B-DANRE#Q6NZ04",2
"GO:0045214","GO:0045214","sarcomere organization","2/87","31/6213",0.0645161290322581,4.60734149054505,2.39933261235472,0.0693770055972837,0.267225899697446,0.218288465301583,"XLOC-004696#MYS-ARGIR#P24733/novel-gene-chr14-4172#SIX2-MOUSE#Q62232",2
"GO:0046470","GO:0046470","phosphatidylcholine metabolic process","2/87","31/6213",0.0645161290322581,4.60734149054505,2.39933261235472,0.0693770055972837,0.267225899697446,0.218288465301583,"XLOC-022911#PA2B-BUNFA#A6MEY4/XLOC-020365#PA2-BOMTE#P82971",2
"GO:0009897","GO:0009897","external side of plasma membrane","3/87","68/6213",0.0441176470588235,3.15060851926978,2.1249158119065,0.0694056753157404,0.267225899697446,0.218288465301583,"XLOC-016472#COMP-MOUSE#Q9R0G6/gene-evm.model.ptg000002l.349#ADT1-CAEEL#G5ECS8/XLOC-010031#ACHB4-BOVIN#Q8SPU6",3
"GO:0031016","GO:0031016","pancreas development","3/87","68/6213",0.0441176470588235,3.15060851926978,2.1249158119065,0.0694056753157404,0.267225899697446,0.218288465301583,"XLOC-020834#BMP15-BOVIN#Q6PX77/XLOC-021709#BHMT1-BOVIN#Q5I597/XLOC-025964#NEC1-HUMAN#P29120",3
"GO:0031348","GO:0031348","negative regulation of defense response","3/87","68/6213",0.0441176470588235,3.15060851926978,2.1249158119065,0.0694056753157404,0.267225899697446,0.218288465301583,"XLOC-011360#XLOC-011360/XLOC-010031#ACHB4-BOVIN#Q8SPU6/gene-evm.model.ptg000021l.117#UFD1-RAT#Q9ES53",3
"GO:0055082","GO:0055082","intracellular chemical homeostasis","8/87","312/6213",0.0256410256410256,1.83112290008842,1.79500884102334,0.0696137417758584,0.267665775318765,0.218647785915379,"XLOC-020834#BMP15-BOVIN#Q6PX77/XLOC-008044#MOM5-CAEEL#A0A0K3AWM6/XLOC-003539#RHBG-DANRE#Q7T070/gene-evm.model.ptg000022l.478#GSH0-HUMAN#P48507/XLOC-009823#GSH1-HUMAN#P48506/XLOC-010031#ACHB4-BOVIN#Q8SPU6/XLOC-010665#MYC-MARMO#P22555/XLOC-023090#KCC2A-HUMAN#Q9UQM7",8
"GO:0060562","GO:0060562","epithelial tube morphogenesis","10/87","423/6213",0.0236406619385343,1.68826934050705,1.74733501323523,0.070174606056204,0.269459153537483,0.220112740395885,"XLOC-020834#BMP15-BOVIN#Q6PX77/XLOC-008044#MOM5-CAEEL#A0A0K3AWM6/XLOC-010538#LSHR-CHICK#Q90674/XLOC-006335#GREM1-CHICK#O73755/XLOC-000223#BMP1-MOUSE#P98063/XLOC-013477#SIX1B-DANRE#Q6NZ04/XLOC-022943#NR2E3-MOUSE#Q9QXZ7/gene-evm.model.ptg000022l.266#FCN1-MOUSE#O70165/XLOC-009823#GSH1-HUMAN#P48506/XLOC-010665#MYC-MARMO#P22555",10
"GO:0007369","GO:0007369","gastrulation","5/87","159/6213",0.0314465408805031,2.24571676425938,1.89619726777523,0.0714598943777656,0.273290990160543,0.223242847682197,"XLOC-006454#GSC-PONPY#A2T7P4/XLOC-020834#BMP15-BOVIN#Q6PX77/XLOC-008044#MOM5-CAEEL#A0A0K3AWM6/XLOC-000223#BMP1-MOUSE#P98063/XLOC-013477#SIX1B-DANRE#Q6NZ04",5
"GO:0007472","GO:0007472","wing disc morphogenesis","5/87","159/6213",0.0314465408805031,2.24571676425938,1.89619726777523,0.0714598943777656,0.273290990160543,0.223242847682197,"XLOC-020834#BMP15-BOVIN#Q6PX77/XLOC-008044#MOM5-CAEEL#A0A0K3AWM6/XLOC-000223#BMP1-MOUSE#P98063/XLOC-022943#NR2E3-MOUSE#Q9QXZ7/XLOC-009823#GSH1-HUMAN#P48506",5
"GO:0043405","GO:0043405","regulation of MAP kinase activity","5/87","159/6213",0.0314465408805031,2.24571676425938,1.89619726777523,0.0714598943777656,0.273290990160543,0.223242847682197,"XLOC-020834#BMP15-BOVIN#Q6PX77/XLOC-016472#COMP-MOUSE#Q9R0G6/XLOC-020938#SPB6-MOUSE#Q60854/gene-evm.model.ptg000002l.349#ADT1-CAEEL#G5ECS8/XLOC-010031#ACHB4-BOVIN#Q8SPU6",5
"GO:0042335","GO:0042335","cuticle development","3/87","69/6213",0.0434782608695652,3.10494752623688,2.09520764143643,0.0718539508220268,0.27443014952509,0.224173391277344,"XLOC-008044#MOM5-CAEEL#A0A0K3AWM6/gene-evm.model.ptg000001l.686#SOX14-DANRE#Q32PP9/XLOC-012287#SX19B-DANRE#Q9DDD7",3
"GO:0031667","GO:0031667","response to nutrient levels","9/87","370/6213",0.0243243243243243,1.73709226467847,1.74217439298268,0.0728790957551735,0.277535181008118,0.226709794215498,"XLOC-008044#MOM5-CAEEL#A0A0K3AWM6/XLOC-003038#INHBA-MOUSE#Q04998/XLOC-025407#AGRIN-HUMAN#O00468/XLOC-026123#MGA-HUMAN#O43451/gene-evm.model.ptg000022l.478#GSH0-HUMAN#P48507/XLOC-009823#GSH1-HUMAN#P48506/XLOC-004104#XLOC-004104/XLOC-010031#ACHB4-BOVIN#Q8SPU6/XLOC-025964#NEC1-HUMAN#P29120",9
"GO:0007608","GO:0007608","sensory perception of smell","2/87","32/6213",0.0625,4.46336206896552,2.3406170655832,0.0733478887066671,0.277535181008118,0.226709794215498,"XLOC-008044#MOM5-CAEEL#A0A0K3AWM6/XLOC-011874#SY65-APLCA#P41823",2
"GO:0016209","GO:0016209","antioxidant activity","2/87","32/6213",0.0625,4.46336206896552,2.3406170655832,0.0733478887066671,0.277535181008118,0.226709794215498,"XLOC-022275#T53I2-HUMAN#Q8IXH6/gene-evm.model.ptg000020l.16#MAAI-MOUSE#Q9WVL0",2
"GO:0019208","GO:0019208","phosphatase regulator activity","2/87","32/6213",0.0625,4.46336206896552,2.3406170655832,0.0733478887066671,0.277535181008118,0.226709794215498,"XLOC-020834#BMP15-BOVIN#Q6PX77/XLOC-009355#B3GA3-HUMAN#O94766",2
"GO:0042398","GO:0042398","modified amino acid biosynthetic process","2/87","32/6213",0.0625,4.46336206896552,2.3406170655832,0.0733478887066671,0.277535181008118,0.226709794215498,"gene-evm.model.ptg000022l.478#GSH0-HUMAN#P48507/XLOC-009823#GSH1-HUMAN#P48506",2
"GO:0048538","GO:0048538","thymus development","2/87","32/6213",0.0625,4.46336206896552,2.3406170655832,0.0733478887066671,0.277535181008118,0.226709794215498,"XLOC-013477#SIX1B-DANRE#Q6NZ04/novel-gene-chr14-4172#SIX2-MOUSE#Q62232",2
"GO:0060411","GO:0060411","cardiac septum morphogenesis","2/87","32/6213",0.0625,4.46336206896552,2.3406170655832,0.0733478887066671,0.277535181008118,0.226709794215498,"XLOC-020834#BMP15-BOVIN#Q6PX77/XLOC-008044#MOM5-CAEEL#A0A0K3AWM6",2
"GO:0010594","GO:0010594","regulation of endothelial cell migration","3/87","70/6213",0.0428571428571429,3.06059113300493,2.06603389696829,0.074340837482957,0.28091974746871,0.22947454051902,"XLOC-020834#BMP15-BOVIN#Q6PX77/XLOC-016472#COMP-MOUSE#Q9R0G6/gene-evm.model.ptg000002l.349#ADT1-CAEEL#G5ECS8",3
"GO:0007560","GO:0007560","imaginal disc morphogenesis","6/87","211/6213",0.028436018957346,2.03072397450564,1.81519155974026,0.0745412544788202,0.281304496068881,0.229788829596363,"XLOC-020834#BMP15-BOVIN#Q6PX77/XLOC-008044#MOM5-CAEEL#A0A0K3AWM6/XLOC-000223#BMP1-MOUSE#P98063/XLOC-013477#SIX1B-DANRE#Q6NZ04/XLOC-022943#NR2E3-MOUSE#Q9QXZ7/XLOC-009823#GSH1-HUMAN#P48506",6
"GO:0030029","GO:0030029","actin filament-based process","8/87","317/6213",0.0252365930599369,1.80224083541825,1.74719956065804,0.0748773713375443,0.282199657101736,0.230520058598795,"XLOC-004696#MYS-ARGIR#P24733/XLOC-018113#MYL6B-HUMAN#P14649/XLOC-016635#MYL1-DANRE#Q6P0G6/gene-evm.model.ptg000006l.277#gene-evm.model.ptg000006l.277/XLOC-004104#XLOC-004104/novel-gene-chr14-4172#SIX2-MOUSE#Q62232/XLOC-025643#TRIM2-HUMAN#Q9C040/XLOC-023090#KCC2A-HUMAN#Q9UQM7",8
"GO:0009952","GO:0009952","anterior/posterior pattern specification","6/87","212/6213",0.0283018867924528,2.02114508783344,1.80272890891312,0.0758846079503739,0.284529750433251,0.232423438839713,"XLOC-006454#GSC-PONPY#A2T7P4/XLOC-020834#BMP15-BOVIN#Q6PX77/XLOC-000223#BMP1-MOUSE#P98063/XLOC-013477#SIX1B-DANRE#Q6NZ04/XLOC-013652#HXD3-HAPBU#A8DT10/XLOC-013035#HXA4-LINSA#P81192",6
"GO:0007584","GO:0007584","response to nutrient","5/87","162/6213",0.0308641975308642,2.20412941677309,1.8505633239915,0.0760900482783009,0.284529750433251,0.232423438839713,"XLOC-008044#MOM5-CAEEL#A0A0K3AWM6/XLOC-026123#MGA-HUMAN#O43451/gene-evm.model.ptg000022l.478#GSH0-HUMAN#P48507/XLOC-009823#GSH1-HUMAN#P48506/XLOC-004104#XLOC-004104",5
"GO:0032868","GO:0032868","response to insulin","5/87","162/6213",0.0308641975308642,2.20412941677309,1.8505633239915,0.0760900482783009,0.284529750433251,0.232423438839713,"XLOC-003038#INHBA-MOUSE#Q04998/XLOC-026123#MGA-HUMAN#O43451/XLOC-009823#GSH1-HUMAN#P48506/XLOC-004104#XLOC-004104/XLOC-010665#MYC-MARMO#P22555",5
"GO:0017156","GO:0017156","calcium-ion regulated exocytosis","3/87","71/6213",0.0422535211267606,3.01748421563866,2.0373763826367,0.0768658617561623,0.284529750433251,0.232423438839713,"XLOC-011874#SY65-APLCA#P41823/gene-evm.model.ptg000010l.70#ESYT2-MOUSE#Q3TZZ7/XLOC-015788#OTOF-HUMAN#Q9HC10",3
"GO:0009636","GO:0009636","response to toxic substance","8/87","319/6213",0.0250783699059561,1.79094151983569,1.72830944552617,0.077049392117247,0.284529750433251,0.232423438839713,"XLOC-003038#INHBA-MOUSE#Q04998/XLOC-022275#T53I2-HUMAN#Q8IXH6/gene-evm.model.ptg000020l.16#MAAI-MOUSE#Q9WVL0/gene-evm.model.ptg000022l.478#GSH0-HUMAN#P48507/XLOC-016414#GRM4-MOUSE#Q68EF4/XLOC-013035#HXA4-LINSA#P81192/XLOC-010031#ACHB4-BOVIN#Q8SPU6/XLOC-010665#MYC-MARMO#P22555",8
"GO:0016055","GO:0016055","Wnt signaling pathway","4/87","115/6213",0.0347826086956522,2.48395802098951,1.9140958397177,0.0770597011677179,0.284529750433251,0.232423438839713,"XLOC-008044#MOM5-CAEEL#A0A0K3AWM6/XLOC-010538#LSHR-CHICK#Q90674/XLOC-020923#WNT11-HUMAN#O96014/XLOC-010665#MYC-MARMO#P22555",4
"GO:0030667","GO:0030667","secretory granule membrane","4/87","115/6213",0.0347826086956522,2.48395802098951,1.9140958397177,0.0770597011677179,0.284529750433251,0.232423438839713,"XLOC-021454#SPB3-HUMAN#P29508/XLOC-020686#MOXD1-DANRE#Q5TZ24/XLOC-011874#SY65-APLCA#P41823/XLOC-026123#MGA-HUMAN#O43451",4
"GO:0043409","GO:0043409","negative regulation of MAPK cascade","4/87","115/6213",0.0347826086956522,2.48395802098951,1.9140958397177,0.0770597011677179,0.284529750433251,0.232423438839713,"XLOC-020834#BMP15-BOVIN#Q6PX77/XLOC-020938#SPB6-MOUSE#Q60854/XLOC-010031#ACHB4-BOVIN#Q8SPU6/XLOC-010665#MYC-MARMO#P22555",4
"GO:0098590","GO:0098590","plasma membrane region","11/87","488/6213",0.0225409836065574,1.60973713962691,1.67205927092037,0.0771505334298437,0.284529750433251,0.232423438839713,"XLOC-025615#S15A2-DANRE#B0S6T2/XLOC-025853#MFSD8-XENLA#Q6GPQ3/XLOC-020299#SC5A7-DROME#Q9VE46/XLOC-003539#RHBG-DANRE#Q7T070/XLOC-006685#KAPR-STRPU#Q26619/XLOC-026123#MGA-HUMAN#O43451/XLOC-004104#XLOC-004104/XLOC-016414#GRM4-MOUSE#Q68EF4/XLOC-015788#OTOF-HUMAN#Q9HC10/XLOC-010031#ACHB4-BOVIN#Q8SPU6/XLOC-023090#KCC2A-HUMAN#Q9UQM7",11
"GO:0002067","GO:0002067","glandular epithelial cell differentiation","2/87","33/6213",0.0606060606060606,4.32810867293626,2.2842681528454,0.0773904964375052,0.284529750433251,0.232423438839713,"XLOC-020834#BMP15-BOVIN#Q6PX77/XLOC-021709#BHMT1-BOVIN#Q5I597",2
"GO:0002088","GO:0002088","lens development in camera-type eye","2/87","33/6213",0.0606060606060606,4.32810867293626,2.2842681528454,0.0773904964375052,0.284529750433251,0.232423438839713,"XLOC-020834#BMP15-BOVIN#Q6PX77/novel-gene-chr14-4172#SIX2-MOUSE#Q62232",2
"GO:0014704","GO:0014704","intercalated disc","2/87","33/6213",0.0606060606060606,4.32810867293626,2.2842681528454,0.0773904964375052,0.284529750433251,0.232423438839713,"XLOC-004696#MYS-ARGIR#P24733/XLOC-023090#KCC2A-HUMAN#Q9UQM7",2
"GO:0021532","GO:0021532","neural tube patterning","2/87","33/6213",0.0606060606060606,4.32810867293626,2.2842681528454,0.0773904964375052,0.284529750433251,0.232423438839713,"XLOC-006454#GSC-PONPY#A2T7P4/XLOC-020834#BMP15-BOVIN#Q6PX77",2
"GO:0031018","GO:0031018","endocrine pancreas development","2/87","33/6213",0.0606060606060606,4.32810867293626,2.2842681528454,0.0773904964375052,0.284529750433251,0.232423438839713,"XLOC-020834#BMP15-BOVIN#Q6PX77/XLOC-021709#BHMT1-BOVIN#Q5I597",2
"GO:0033238","GO:0033238","regulation of amine metabolic process","2/87","33/6213",0.0606060606060606,4.32810867293626,2.2842681528454,0.0773904964375052,0.284529750433251,0.232423438839713,"XLOC-021709#BHMT1-BOVIN#Q5I597/XLOC-010031#ACHB4-BOVIN#Q8SPU6",2
"GO:0040036","GO:0040036","regulation of fibroblast growth factor receptor signaling pathway","2/87","33/6213",0.0606060606060606,4.32810867293626,2.2842681528454,0.0773904964375052,0.284529750433251,0.232423438839713,"XLOC-016472#COMP-MOUSE#Q9R0G6/gene-evm.model.ptg000002l.349#ADT1-CAEEL#G5ECS8",2
"GO:0042562","GO:0042562","hormone binding","2/87","33/6213",0.0606060606060606,4.32810867293626,2.2842681528454,0.0773904964375052,0.284529750433251,0.232423438839713,"XLOC-010031#ACHB4-BOVIN#Q8SPU6/XLOC-025964#NEC1-HUMAN#P29120",2
"GO:0060795","GO:0060795","cell fate commitment involved in formation of primary germ layer","2/87","33/6213",0.0606060606060606,4.32810867293626,2.2842681528454,0.0773904964375052,0.284529750433251,0.232423438839713,"XLOC-020834#BMP15-BOVIN#Q6PX77/XLOC-013477#SIX1B-DANRE#Q6NZ04",2
"GO:1903670","GO:1903670","regulation of sprouting angiogenesis","2/87","33/6213",0.0606060606060606,4.32810867293626,2.2842681528454,0.0773904964375052,0.284529750433251,0.232423438839713,"XLOC-016472#COMP-MOUSE#Q9R0G6/gene-evm.model.ptg000002l.349#ADT1-CAEEL#G5ECS8",2
"GO:0003205","GO:0003205","cardiac chamber development","3/87","72/6213",0.0416666666666667,2.97557471264368,2.00921777543295,0.0794285411230835,0.290153172630163,0.237017036251104,"XLOC-020834#BMP15-BOVIN#Q6PX77/XLOC-008044#MOM5-CAEEL#A0A0K3AWM6/XLOC-004696#MYS-ARGIR#P24733",3
"GO:0021761","GO:0021761","limbic system development","3/87","72/6213",0.0416666666666667,2.97557471264368,2.00921777543295,0.0794285411230835,0.290153172630163,0.237017036251104,"gene-evm.model.ptg000007l.881-1#OTP-SACKO#Q7YTC2/XLOC-010665#MYC-MARMO#P22555/XLOC-009352#ODO1-BOVIN#Q148N0",3
"GO:0022408","GO:0022408","negative regulation of cell-cell adhesion","3/87","72/6213",0.0416666666666667,2.97557471264368,2.00921777543295,0.0794285411230835,0.290153172630163,0.237017036251104,"XLOC-006454#GSC-PONPY#A2T7P4/XLOC-020834#BMP15-BOVIN#Q6PX77/XLOC-010538#LSHR-CHICK#Q90674",3
"GO:0045211","GO:0045211","postsynaptic membrane","3/87","72/6213",0.0416666666666667,2.97557471264368,2.00921777543295,0.0794285411230835,0.290153172630163,0.237017036251104,"XLOC-025853#MFSD8-XENLA#Q6GPQ3/XLOC-010031#ACHB4-BOVIN#Q8SPU6/XLOC-023090#KCC2A-HUMAN#Q9UQM7",3
"GO:0050772","GO:0050772","positive regulation of axonogenesis","3/87","72/6213",0.0416666666666667,2.97557471264368,2.00921777543295,0.0794285411230835,0.290153172630163,0.237017036251104,"XLOC-008044#MOM5-CAEEL#A0A0K3AWM6/XLOC-022943#NR2E3-MOUSE#Q9QXZ7/XLOC-020923#WNT11-HUMAN#O96014",3
"GO:0051963","GO:0051963","regulation of synapse assembly","4/87","117/6213",0.0341880341880342,2.44149720011789,1.8757333861662,0.0809559456333034,0.294356438839468,0.240450552729567,"XLOC-016472#COMP-MOUSE#Q9R0G6/XLOC-013477#SIX1B-DANRE#Q6NZ04/novel-gene-chr14-4172#SIX2-MOUSE#Q62232/XLOC-023090#KCC2A-HUMAN#Q9UQM7",4
"GO:0008047","GO:0008047","enzyme activator activity","6/87","216/6213",0.0277777777777778,1.98371647509579,1.75354392732252,0.0813966392045946,0.294356438839468,0.240450552729567,"XLOC-023693#TRLF-DESRO#K9IMD0/XLOC-020834#BMP15-BOVIN#Q6PX77/XLOC-006335#GREM1-CHICK#O73755/gene-evm.model.ptg000012l.503-1#DJC10-XENLA#Q6NRT6/XLOC-020232#AGD1-ARATH#Q9FIT8/XLOC-009355#B3GA3-HUMAN#O94766",6
"GO:0071396","GO:0071396","cellular response to lipid","6/87","216/6213",0.0277777777777778,1.98371647509579,1.75354392732252,0.0813966392045946,0.294356438839468,0.240450552729567,"XLOC-020834#BMP15-BOVIN#Q6PX77/XLOC-008044#MOM5-CAEEL#A0A0K3AWM6/XLOC-003038#INHBA-MOUSE#Q04998/XLOC-022275#T53I2-HUMAN#Q8IXH6/XLOC-013035#HXA4-LINSA#P81192/XLOC-010665#MYC-MARMO#P22555",6
"GO:0006911","GO:0006911","phagocytosis, engulfment","2/87","34/6213",0.0588235294117647,4.20081135902637,2.23011518121212,0.0815020958809829,0.294356438839468,0.240450552729567,"XLOC-016472#COMP-MOUSE#Q9R0G6/gene-evm.model.ptg000002l.349#ADT1-CAEEL#G5ECS8",2
"GO:0008637","GO:0008637","apoptotic mitochondrial changes","2/87","34/6213",0.0588235294117647,4.20081135902637,2.23011518121212,0.0815020958809829,0.294356438839468,0.240450552729567,"gene-evm.model.ptg000022l.478#GSH0-HUMAN#P48507/XLOC-009823#GSH1-HUMAN#P48506",2
"GO:0042698","GO:0042698","ovulation cycle","2/87","34/6213",0.0588235294117647,4.20081135902637,2.23011518121212,0.0815020958809829,0.294356438839468,0.240450552729567,"XLOC-020834#BMP15-BOVIN#Q6PX77/XLOC-010031#ACHB4-BOVIN#Q8SPU6",2
"GO:0070849","GO:0070849","response to epidermal growth factor","2/87","34/6213",0.0588235294117647,4.20081135902637,2.23011518121212,0.0815020958809829,0.294356438839468,0.240450552729567,"XLOC-004104#XLOC-004104/XLOC-010665#MYC-MARMO#P22555",2
"GO:0098869","GO:0098869","cellular oxidant detoxification","2/87","34/6213",0.0588235294117647,4.20081135902637,2.23011518121212,0.0815020958809829,0.294356438839468,0.240450552729567,"XLOC-022275#T53I2-HUMAN#Q8IXH6/gene-evm.model.ptg000020l.16#MAAI-MOUSE#Q9WVL0",2
"GO:1902532","GO:1902532","negative regulation of intracellular signal transduction","8/87","323/6213",0.0247678018575851,1.76876267748479,1.69091882071999,0.0815077415643813,0.294356438839468,0.240450552729567,"XLOC-020834#BMP15-BOVIN#Q6PX77/XLOC-016472#COMP-MOUSE#Q9R0G6/XLOC-020938#SPB6-MOUSE#Q60854/gene-evm.model.ptg000002l.349#ADT1-CAEEL#G5ECS8/XLOC-027115#TXD12-EPICO#H9D1R1/XLOC-010031#ACHB4-BOVIN#Q8SPU6/XLOC-010665#MYC-MARMO#P22555/gene-evm.model.ptg000021l.117#UFD1-RAT#Q9ES53",8
"GO:0043406","GO:0043406","positive regulation of MAP kinase activity","4/87","118/6213",0.0338983050847458,2.4208065458796,1.8568462785059,0.0829404331419827,0.299151777185937,0.244367714387317,"XLOC-020834#BMP15-BOVIN#Q6PX77/XLOC-016472#COMP-MOUSE#Q9R0G6/gene-evm.model.ptg000002l.349#ADT1-CAEEL#G5ECS8/XLOC-010031#ACHB4-BOVIN#Q8SPU6",4
"GO:0043065","GO:0043065","positive regulation of apoptotic process","8/87","325/6213",0.0246153846153846,1.75787798408488,1.67241450155068,0.0837940940848491,0.301849179828377,0.246571138096566,"XLOC-020834#BMP15-BOVIN#Q6PX77/XLOC-016472#COMP-MOUSE#Q9R0G6/XLOC-003038#INHBA-MOUSE#Q04998/XLOC-022275#T53I2-HUMAN#Q8IXH6/XLOC-006644#FBX11-RAT#Q7TSL3/gene-evm.model.ptg000002l.349#ADT1-CAEEL#G5ECS8/XLOC-010665#MYC-MARMO#P22555/XLOC-023090#KCC2A-HUMAN#Q9UQM7",8
"GO:0042326","GO:0042326","negative regulation of phosphorylation","7/87","271/6213",0.025830258302583,1.84463672222929,1.69424079444208,0.0843506255165718,0.303470787640327,0.247895778713334,"XLOC-020834#BMP15-BOVIN#Q6PX77/XLOC-020938#SPB6-MOUSE#Q60854/XLOC-006335#GREM1-CHICK#O73755/XLOC-006685#KAPR-STRPU#Q26619/gene-evm.model.ptg000012l.503-1#DJC10-XENLA#Q6NRT6/XLOC-010031#ACHB4-BOVIN#Q8SPU6/XLOC-010665#MYC-MARMO#P22555",7
"GO:0043648","GO:0043648","dicarboxylic acid metabolic process","3/87","74/6213",0.0405405405405405,2.89515377446412,1.95433203772054,0.0846648933345717,0.303835145513878,0.248193411244941,"gene-evm.model.ptg000022l.478#GSH0-HUMAN#P48507/XLOC-009823#GSH1-HUMAN#P48506/XLOC-009352#ODO1-BOVIN#Q148N0",3
"GO:1901655","GO:1901655","cellular response to ketone","3/87","74/6213",0.0405405405405405,2.89515377446412,1.95433203772054,0.0846648933345717,0.303835145513878,0.248193411244941,"XLOC-020834#BMP15-BOVIN#Q6PX77/XLOC-022275#T53I2-HUMAN#Q8IXH6/XLOC-010665#MYC-MARMO#P22555",3
"GO:0016667","GO:0016667","oxidoreductase activity, acting on a sulfur group of donors","2/87","35/6213",0.0571428571428571,4.0807881773399,2.17800445018529,0.0856800150220167,0.30571054973809,0.249725370199469,"XLOC-027115#TXD12-EPICO#H9D1R1/gene-evm.model.ptg000012l.503-1#DJC10-XENLA#Q6NRT6",2
"GO:0048786","GO:0048786","presynaptic active zone","2/87","35/6213",0.0571428571428571,4.0807881773399,2.17800445018529,0.0856800150220167,0.30571054973809,0.249725370199469,"XLOC-015788#OTOF-HUMAN#Q9HC10/XLOC-023090#KCC2A-HUMAN#Q9UQM7",2
"GO:0060425","GO:0060425","lung morphogenesis","2/87","35/6213",0.0571428571428571,4.0807881773399,2.17800445018529,0.0856800150220167,0.30571054973809,0.249725370199469,"XLOC-020834#BMP15-BOVIN#Q6PX77/gene-evm.model.ptg000022l.266#FCN1-MOUSE#O70165",2
"GO:1990748","GO:1990748","cellular detoxification","2/87","35/6213",0.0571428571428571,4.0807881773399,2.17800445018529,0.0856800150220167,0.30571054973809,0.249725370199469,"XLOC-022275#T53I2-HUMAN#Q8IXH6/gene-evm.model.ptg000020l.16#MAAI-MOUSE#Q9WVL0",2
"GO:0008015","GO:0008015","blood circulation","5/87","168/6213",0.0297619047619048,2.1254105090312,1.76219639367236,0.0858304067088013,0.30571054973809,0.249725370199469,"XLOC-004696#MYS-ARGIR#P24733/gene-evm.model.ptg000022l.478#GSH0-HUMAN#P48507/XLOC-009823#GSH1-HUMAN#P48506/XLOC-010031#ACHB4-BOVIN#Q8SPU6/XLOC-023090#KCC2A-HUMAN#Q9UQM7",5
"GO:0043687","GO:0043687","post-translational protein modification","5/87","168/6213",0.0297619047619048,2.1254105090312,1.76219639367236,0.0858304067088013,0.30571054973809,0.249725370199469,"XLOC-020834#BMP15-BOVIN#Q6PX77/XLOC-025407#AGRIN-HUMAN#O00468/XLOC-006644#FBX11-RAT#Q7TSL3/gene-evm.model.ptg000022l.266#FCN1-MOUSE#O70165/gene-evm.model.ptg000032l.233#LAMC1-XENTR#A0JP86",5
"GO:0010927","GO:0010927","cellular component assembly involved in morphogenesis","4/87","120/6213",0.0333333333333333,2.38045977011494,1.81964070081243,0.0869813694330813,0.309423749367308,0.252758566642397,"XLOC-020834#BMP15-BOVIN#Q6PX77/XLOC-004696#MYS-ARGIR#P24733/novel-gene-chr14-4172#SIX2-MOUSE#Q62232/XLOC-025643#TRIM2-HUMAN#Q9C040",4
"GO:0071902","GO:0071902","positive regulation of protein serine/threonine kinase activity","5/87","169/6213",0.029585798816568,2.11283411548664,1.74782686007366,0.0875153981340518,0.310935779422727,0.253993696622915,"XLOC-023693#TRLF-DESRO#K9IMD0/XLOC-020834#BMP15-BOVIN#Q6PX77/XLOC-016472#COMP-MOUSE#Q9R0G6/gene-evm.model.ptg000002l.349#ADT1-CAEEL#G5ECS8/XLOC-010031#ACHB4-BOVIN#Q8SPU6",5
"GO:0044057","GO:0044057","regulation of system process","7/87","275/6213",0.0254545454545455,1.81780564263323,1.65303940599615,0.089542769798127,0.317115504933354,0.259041720782351,"XLOC-020834#BMP15-BOVIN#Q6PX77/XLOC-003038#INHBA-MOUSE#Q04998/XLOC-004696#MYS-ARGIR#P24733/XLOC-016646#ADK-PHYPA#O49923/XLOC-004104#XLOC-004104/XLOC-010031#ACHB4-BOVIN#Q8SPU6/XLOC-023090#KCC2A-HUMAN#Q9UQM7",7
"GO:0014910","GO:0014910","regulation of smooth muscle cell migration","2/87","36/6213",0.0555555555555556,3.96743295019157,2.12779712657705,0.0899216416022024,0.317115504933354,0.259041720782351,"XLOC-010665#MYC-MARMO#P22555/XLOC-023090#KCC2A-HUMAN#Q9UQM7",2
"GO:0031102","GO:0031102","neuron projection regeneration","2/87","36/6213",0.0555555555555556,3.96743295019157,2.12779712657705,0.0899216416022024,0.317115504933354,0.259041720782351,"XLOC-022943#NR2E3-MOUSE#Q9QXZ7/gene-evm.model.ptg000022l.266#FCN1-MOUSE#O70165",2
"GO:0050832","GO:0050832","defense response to fungus","2/87","36/6213",0.0555555555555556,3.96743295019157,2.12779712657705,0.0899216416022024,0.317115504933354,0.259041720782351,"XLOC-023693#TRLF-DESRO#K9IMD0/XLOC-020834#BMP15-BOVIN#Q6PX77",2
"GO:0071331","GO:0071331","cellular response to hexose stimulus","2/87","36/6213",0.0555555555555556,3.96743295019157,2.12779712657705,0.0899216416022024,0.317115504933354,0.259041720782351,"gene-evm.model.ptg000022l.478#GSH0-HUMAN#P48507/XLOC-009823#GSH1-HUMAN#P48506",2
"GO:0071333","GO:0071333","cellular response to glucose stimulus","2/87","36/6213",0.0555555555555556,3.96743295019157,2.12779712657705,0.0899216416022024,0.317115504933354,0.259041720782351,"gene-evm.model.ptg000022l.478#GSH0-HUMAN#P48507/XLOC-009823#GSH1-HUMAN#P48506",2
"GO:0007219","GO:0007219","Notch signaling pathway","3/87","76/6213",0.0394736842105263,2.81896551724138,1.90125362091919,0.0900458741263525,0.317161578867264,0.25907935713547,"XLOC-020834#BMP15-BOVIN#Q6PX77/XLOC-013652#HXD3-HAPBU#A8DT10/XLOC-010665#MYC-MARMO#P22555",3
"GO:0003013","GO:0003013","circulatory system process","5/87","171/6213",0.0292397660818713,2.08812260536398,1.71938202054063,0.09093761272467,0.319120552402809,0.260679581242208,"XLOC-004696#MYS-ARGIR#P24733/gene-evm.model.ptg000022l.478#GSH0-HUMAN#P48507/XLOC-009823#GSH1-HUMAN#P48506/XLOC-010031#ACHB4-BOVIN#Q8SPU6/XLOC-023090#KCC2A-HUMAN#Q9UQM7",5
"GO:0008406","GO:0008406","gonad development","5/87","171/6213",0.0292397660818713,2.08812260536398,1.71938202054063,0.09093761272467,0.319120552402809,0.260679581242208,"XLOC-020834#BMP15-BOVIN#Q6PX77/XLOC-003038#INHBA-MOUSE#Q04998/XLOC-006644#FBX11-RAT#Q7TSL3/novel-gene-chr14-4172#SIX2-MOUSE#Q62232/XLOC-010665#MYC-MARMO#P22555",5
"GO:0043010","GO:0043010","camera-type eye development","5/87","171/6213",0.0292397660818713,2.08812260536398,1.71938202054063,0.09093761272467,0.319120552402809,0.260679581242208,"XLOC-020834#BMP15-BOVIN#Q6PX77/XLOC-013477#SIX1B-DANRE#Q6NZ04/XLOC-020923#WNT11-HUMAN#O96014/novel-gene-chr14-4172#SIX2-MOUSE#Q62232/gene-evm.model.ptg000032l.233#LAMC1-XENTR#A0JP86",5
"GO:0045137","GO:0045137","development of primary sexual characteristics","5/87","172/6213",0.0290697674418605,2.07598235765838,1.70530399576601,0.092674695486491,0.324664584507201,0.265208327374304,"XLOC-020834#BMP15-BOVIN#Q6PX77/XLOC-003038#INHBA-MOUSE#Q04998/XLOC-006644#FBX11-RAT#Q7TSL3/novel-gene-chr14-4172#SIX2-MOUSE#Q62232/XLOC-010665#MYC-MARMO#P22555",5
"GO:0035051","GO:0035051","cardiocyte differentiation","3/87","77/6213",0.038961038961039,2.78235557545902,1.87535672302526,0.0927893131257722,0.324664584507201,0.265208327374304,"XLOC-020834#BMP15-BOVIN#Q6PX77/XLOC-006335#GREM1-CHICK#O73755/XLOC-023090#KCC2A-HUMAN#Q9UQM7",3
"GO:0070482","GO:0070482","response to oxygen levels","6/87","224/6213",0.0267857142857143,1.91286945812808,1.65822089512773,0.0930816277830853,0.324664584507201,0.265208327374304,"XLOC-020834#BMP15-BOVIN#Q6PX77/XLOC-016472#COMP-MOUSE#Q9R0G6/gene-evm.model.ptg000002l.349#ADT1-CAEEL#G5ECS8/XLOC-010031#ACHB4-BOVIN#Q8SPU6/XLOC-010665#MYC-MARMO#P22555/XLOC-023090#KCC2A-HUMAN#Q9UQM7",6
"GO:0006909","GO:0006909","phagocytosis","4/87","123/6213",0.032520325203252,2.3223997757219,1.76519841946106,0.0932202200743099,0.324664584507201,0.265208327374304,"XLOC-016472#COMP-MOUSE#Q9R0G6/XLOC-015786#XLOC-015786/XLOC-004104#XLOC-004104/gene-evm.model.ptg000002l.349#ADT1-CAEEL#G5ECS8",4
"GO:0005546","GO:0005546","phosphatidylinositol-4,5-bisphosphate binding","2/87","37/6213",0.0540540540540541,3.86020503261883,2.07936743614883,0.09422442200209,0.324664584507201,0.265208327374304,"XLOC-008044#MOM5-CAEEL#A0A0K3AWM6/XLOC-011874#SY65-APLCA#P41823",2
"GO:0006959","GO:0006959","humoral immune response","2/87","37/6213",0.0540540540540541,3.86020503261883,2.07936743614883,0.09422442200209,0.324664584507201,0.265208327374304,"XLOC-023693#TRLF-DESRO#K9IMD0/XLOC-025132#PPN1-CAEEL#O76840",2
"GO:0015695","GO:0015695","organic cation transport","2/87","37/6213",0.0540540540540541,3.86020503261883,2.07936743614883,0.09422442200209,0.324664584507201,0.265208327374304,"XLOC-020299#SC5A7-DROME#Q9VE46/XLOC-003539#RHBG-DANRE#Q7T070",2
"GO:0021872","GO:0021872","forebrain generation of neurons","2/87","37/6213",0.0540540540540541,3.86020503261883,2.07936743614883,0.09422442200209,0.324664584507201,0.265208327374304,"gene-evm.model.ptg000007l.881-1#OTP-SACKO#Q7YTC2/XLOC-009352#ODO1-BOVIN#Q148N0",2
"GO:0033574","GO:0033574","response to testosterone","2/87","37/6213",0.0540540540540541,3.86020503261883,2.07936743614883,0.09422442200209,0.324664584507201,0.265208327374304,"XLOC-020834#BMP15-BOVIN#Q6PX77/XLOC-010665#MYC-MARMO#P22555",2
"GO:0036314","GO:0036314","response to sterol","2/87","37/6213",0.0540540540540541,3.86020503261883,2.07936743614883,0.09422442200209,0.324664584507201,0.265208327374304,"XLOC-003038#INHBA-MOUSE#Q04998/XLOC-022275#T53I2-HUMAN#Q8IXH6",2
"GO:0050728","GO:0050728","negative regulation of inflammatory response","2/87","37/6213",0.0540540540540541,3.86020503261883,2.07936743614883,0.09422442200209,0.324664584507201,0.265208327374304,"XLOC-011360#XLOC-011360/XLOC-010031#ACHB4-BOVIN#Q8SPU6",2
"GO:0051148","GO:0051148","negative regulation of muscle cell differentiation","2/87","37/6213",0.0540540540540541,3.86020503261883,2.07936743614883,0.09422442200209,0.324664584507201,0.265208327374304,"XLOC-020834#BMP15-BOVIN#Q6PX77/XLOC-008044#MOM5-CAEEL#A0A0K3AWM6",2
"GO:0051155","GO:0051155","positive regulation of striated muscle cell differentiation","2/87","37/6213",0.0540540540540541,3.86020503261883,2.07936743614883,0.09422442200209,0.324664584507201,0.265208327374304,"XLOC-020834#BMP15-BOVIN#Q6PX77/XLOC-006335#GREM1-CHICK#O73755",2
"GO:0060048","GO:0060048","cardiac muscle contraction","2/87","37/6213",0.0540540540540541,3.86020503261883,2.07936743614883,0.09422442200209,0.324664584507201,0.265208327374304,"XLOC-004696#MYS-ARGIR#P24733/XLOC-023090#KCC2A-HUMAN#Q9UQM7",2
"GO:0071326","GO:0071326","cellular response to monosaccharide stimulus","2/87","37/6213",0.0540540540540541,3.86020503261883,2.07936743614883,0.09422442200209,0.324664584507201,0.265208327374304,"gene-evm.model.ptg000022l.478#GSH0-HUMAN#P48507/XLOC-009823#GSH1-HUMAN#P48506",2
"GO:0010770","GO:0010770","positive regulation of cell morphogenesis","4/87","124/6213",0.032258064516129,2.30367074527252,1.74740119792512,0.0953464674851563,0.327739122572471,0.267719821194846,"XLOC-008044#MOM5-CAEEL#A0A0K3AWM6/XLOC-022943#NR2E3-MOUSE#Q9QXZ7/XLOC-020923#WNT11-HUMAN#O96014/XLOC-004104#XLOC-004104",4
"GO:0070382","GO:0070382","exocytic vesicle","4/87","124/6213",0.032258064516129,2.30367074527252,1.74740119792512,0.0953464674851563,0.327739122572471,0.267719821194846,"XLOC-020299#SC5A7-DROME#Q9VE46/XLOC-011874#SY65-APLCA#P41823/gene-evm.model.ptg000010l.70#ESYT2-MOUSE#Q3TZZ7/XLOC-015788#OTOF-HUMAN#Q9HC10",4
"GO:0007298","GO:0007298","border follicle cell migration","3/87","78/6213",0.0384615384615385,2.74668435013263,1.84987038832835,0.095567352125089,0.328103075346425,0.268017122813284,"XLOC-008044#MOM5-CAEEL#A0A0K3AWM6/XLOC-010538#LSHR-CHICK#Q90674/XLOC-004696#MYS-ARGIR#P24733",3
"GO:0048589","GO:0048589","developmental growth","8/87","335/6213",0.0238805970149254,1.7054040144107,1.5817301506137,0.0957968639227165,0.328495736504219,0.268337875411051,"XLOC-020834#BMP15-BOVIN#Q6PX77/XLOC-008044#MOM5-CAEEL#A0A0K3AWM6/XLOC-016472#COMP-MOUSE#Q9R0G6/XLOC-010538#LSHR-CHICK#Q90674/XLOC-022943#NR2E3-MOUSE#Q9QXZ7/gene-evm.model.ptg000022l.266#FCN1-MOUSE#O70165/gene-evm.model.ptg000002l.349#ADT1-CAEEL#G5ECS8/XLOC-023090#KCC2A-HUMAN#Q9UQM7",8
"GO:0032869","GO:0032869","cellular response to insulin stimulus","4/87","125/6213",0.032,2.28524137931034,1.72977349323804,0.097495730010783,0.333919949244615,0.272768744858626,"XLOC-003038#INHBA-MOUSE#Q04998/XLOC-009823#GSH1-HUMAN#P48506/XLOC-004104#XLOC-004104/XLOC-010665#MYC-MARMO#P22555",4
"GO:0043269","GO:0043269","regulation of monoatomic ion transport","6/87","227/6213",0.026431718061674,1.88758924502506,1.62346696994503,0.0976883252211083,0.334178407500986,0.272979871310784,"XLOC-025132#PPN1-CAEEL#O76840/XLOC-020834#BMP15-BOVIN#Q6PX77/XLOC-016472#COMP-MOUSE#Q9R0G6/XLOC-025615#S15A2-DANRE#B0S6T2/gene-evm.model.ptg000002l.349#ADT1-CAEEL#G5ECS8/XLOC-023090#KCC2A-HUMAN#Q9UQM7",6
"GO:0001503","GO:0001503","ossification","3/87","79/6213",0.0379746835443038,2.71191619380183,1.82478210605585,0.0983794597277561,0.334441687260989,0.273194936298202,"XLOC-020834#BMP15-BOVIN#Q6PX77/XLOC-008044#MOM5-CAEEL#A0A0K3AWM6/XLOC-010538#LSHR-CHICK#Q90674",3
"GO:0003158","GO:0003158","endothelium development","2/87","38/6213",0.0526315789473684,3.75862068965517,2.0326011176177,0.0985858601424788,0.334441687260989,0.273194936298202,"XLOC-020834#BMP15-BOVIN#Q6PX77/XLOC-000223#BMP1-MOUSE#P98063",2
"GO:0006029","GO:0006029","proteoglycan metabolic process","2/87","38/6213",0.0526315789473684,3.75862068965517,2.0326011176177,0.0985858601424788,0.334441687260989,0.273194936298202,"XLOC-020834#BMP15-BOVIN#Q6PX77/XLOC-009355#B3GA3-HUMAN#O94766",2
"GO:0010470","GO:0010470","regulation of gastrulation","2/87","38/6213",0.0526315789473684,3.75862068965517,2.0326011176177,0.0985858601424788,0.334441687260989,0.273194936298202,"XLOC-020834#BMP15-BOVIN#Q6PX77/XLOC-008044#MOM5-CAEEL#A0A0K3AWM6",2
"GO:0016879","GO:0016879","ligase activity, forming carbon-nitrogen bonds","2/87","38/6213",0.0526315789473684,3.75862068965517,2.0326011176177,0.0985858601424788,0.334441687260989,0.273194936298202,"gene-evm.model.ptg000022l.478#GSH0-HUMAN#P48507/XLOC-009823#GSH1-HUMAN#P48506",2
"GO:0031490","GO:0031490","chromatin DNA binding","2/87","38/6213",0.0526315789473684,3.75862068965517,2.0326011176177,0.0985858601424788,0.334441687260989,0.273194936298202,"gene-evm.model.ptg000001l.686#SOX14-DANRE#Q32PP9/XLOC-012287#SX19B-DANRE#Q9DDD7",2
"GO:0071346","GO:0071346","cellular response to type II interferon","2/87","38/6213",0.0526315789473684,3.75862068965517,2.0326011176177,0.0985858601424788,0.334441687260989,0.273194936298202,"XLOC-010665#MYC-MARMO#P22555/XLOC-023090#KCC2A-HUMAN#Q9UQM7",2
"GO:0048546","GO:0048546","digestive tract morphogenesis","3/87","80/6213",0.0375,2.67801724137931,1.80007990438035,0.101225099378785,0.342987183524553,0.280175484466346,"XLOC-020834#BMP15-BOVIN#Q6PX77/XLOC-013477#SIX1B-DANRE#Q6NZ04/gene-evm.model.ptg000032l.233#LAMC1-XENTR#A0JP86",3
"GO:0006457","GO:0006457","protein folding","4/87","127/6213",0.031496062992126,2.24925332609286,1.69501386285835,0.101862549660231,0.344108937121583,0.281091809835329,"XLOC-006516#FKBP9-BOVIN#Q2KJC8/XLOC-009392#FKB14-HUMAN#Q9NWM8/gene-evm.model.ptg000001l.34#FKB2B-RHIO9#P0C1J5/gene-evm.model.ptg000012l.503-1#DJC10-XENLA#Q6NRT6",4
"GO:0043068","GO:0043068","positive regulation of programmed cell death","8/87","340/6213",0.0235294117647059,1.68032454361055,1.53749053434419,0.102153654774772,0.344108937121583,0.281091809835329,"XLOC-020834#BMP15-BOVIN#Q6PX77/XLOC-016472#COMP-MOUSE#Q9R0G6/XLOC-003038#INHBA-MOUSE#Q04998/XLOC-022275#T53I2-HUMAN#Q8IXH6/XLOC-006644#FBX11-RAT#Q7TSL3/gene-evm.model.ptg000002l.349#ADT1-CAEEL#G5ECS8/XLOC-010665#MYC-MARMO#P22555/XLOC-023090#KCC2A-HUMAN#Q9UQM7",8
"GO:0001678","GO:0001678","intracellular glucose homeostasis","2/87","39/6213",0.0512820512820513,3.66224580017683,1.98739409514423,0.103003516404428,0.344108937121583,0.281091809835329,"gene-evm.model.ptg000022l.478#GSH0-HUMAN#P48507/XLOC-009823#GSH1-HUMAN#P48506",2
"GO:0002576","GO:0002576","platelet degranulation","2/87","39/6213",0.0512820512820513,3.66224580017683,1.98739409514423,0.103003516404428,0.344108937121583,0.281091809835329,"XLOC-016472#COMP-MOUSE#Q9R0G6/gene-evm.model.ptg000002l.349#ADT1-CAEEL#G5ECS8",2
"GO:0004843","GO:0004843","cysteine-type deubiquitinase activity","2/87","39/6213",0.0512820512820513,3.66224580017683,1.98739409514423,0.103003516404428,0.344108937121583,0.281091809835329,"XLOC-016437#UBP14-PANTR#P60051/gene-evm.model.ptg000021l.117#UFD1-RAT#Q9ES53",2
"GO:0030295","GO:0030295","protein kinase activator activity","2/87","39/6213",0.0512820512820513,3.66224580017683,1.98739409514423,0.103003516404428,0.344108937121583,0.281091809835329,"XLOC-023693#TRLF-DESRO#K9IMD0/XLOC-006335#GREM1-CHICK#O73755",2
"GO:0031670","GO:0031670","cellular response to nutrient","2/87","39/6213",0.0512820512820513,3.66224580017683,1.98739409514423,0.103003516404428,0.344108937121583,0.281091809835329,"XLOC-008044#MOM5-CAEEL#A0A0K3AWM6/XLOC-004104#XLOC-004104",2
"GO:0036498","GO:0036498","IRE1-mediated unfolded protein response","2/87","39/6213",0.0512820512820513,3.66224580017683,1.98739409514423,0.103003516404428,0.344108937121583,0.281091809835329,"XLOC-009392#FKB14-HUMAN#Q9NWM8/gene-evm.model.ptg000001l.34#FKB2B-RHIO9#P0C1J5",2
"GO:0044291","GO:0044291","cell-cell contact zone","2/87","39/6213",0.0512820512820513,3.66224580017683,1.98739409514423,0.103003516404428,0.344108937121583,0.281091809835329,"XLOC-004696#MYS-ARGIR#P24733/XLOC-023090#KCC2A-HUMAN#Q9UQM7",2
"GO:0045638","GO:0045638","negative regulation of myeloid cell differentiation","2/87","39/6213",0.0512820512820513,3.66224580017683,1.98739409514423,0.103003516404428,0.344108937121583,0.281091809835329,"XLOC-023693#TRLF-DESRO#K9IMD0/XLOC-010665#MYC-MARMO#P22555",2
"GO:0048771","GO:0048771","tissue remodeling","2/87","39/6213",0.0512820512820513,3.66224580017683,1.98739409514423,0.103003516404428,0.344108937121583,0.281091809835329,"XLOC-010538#LSHR-CHICK#Q90674/XLOC-020923#WNT11-HUMAN#O96014",2
"GO:1903573","GO:1903573","negative regulation of response to endoplasmic reticulum stress","2/87","39/6213",0.0512820512820513,3.66224580017683,1.98739409514423,0.103003516404428,0.344108937121583,0.281091809835329,"XLOC-016437#UBP14-PANTR#P60051/XLOC-027115#TXD12-EPICO#H9D1R1",2
"GO:0045055","GO:0045055","regulated exocytosis","8/87","341/6213",0.0234604105571848,1.67539690565275,1.52872752860448,0.103453272886543,0.344410665181006,0.281338282033962,"XLOC-021454#SPB3-HUMAN#P29508/XLOC-016472#COMP-MOUSE#Q9R0G6/XLOC-020938#SPB6-MOUSE#Q60854/XLOC-011874#SY65-APLCA#P41823/gene-evm.model.ptg000010l.70#ESYT2-MOUSE#Q3TZZ7/XLOC-026123#MGA-HUMAN#O43451/gene-evm.model.ptg000002l.349#ADT1-CAEEL#G5ECS8/XLOC-015788#OTOF-HUMAN#Q9HC10",8
"GO:0048534","GO:0048534","hematopoietic or lymphoid organ development","8/87","341/6213",0.0234604105571848,1.67539690565275,1.52872752860448,0.103453272886543,0.344410665181006,0.281338282033962,"XLOC-021454#SPB3-HUMAN#P29508/XLOC-020834#BMP15-BOVIN#Q6PX77/XLOC-008044#MOM5-CAEEL#A0A0K3AWM6/XLOC-000223#BMP1-MOUSE#P98063/XLOC-013477#SIX1B-DANRE#Q6NZ04/XLOC-003539#RHBG-DANRE#Q7T070/novel-gene-chr14-4172#SIX2-MOUSE#Q62232/XLOC-010665#MYC-MARMO#P22555",8
"GO:0009880","GO:0009880","embryonic pattern specification","5/87","178/6213",0.0280898876404494,2.00600542425417,1.62277586486099,0.103455990206843,0.344410665181006,0.281338282033962,"XLOC-020834#BMP15-BOVIN#Q6PX77/XLOC-008044#MOM5-CAEEL#A0A0K3AWM6/XLOC-000223#BMP1-MOUSE#P98063/gene-evm.model.ptg000001l.686#SOX14-DANRE#Q32PP9/XLOC-012287#SX19B-DANRE#Q9DDD7",5
"GO:0031347","GO:0031347","regulation of defense response","6/87","231/6213",0.025974025974026,1.85490371697268,1.57792677128446,0.10401874829776,0.344956958263156,0.281784531737461,"XLOC-023693#TRLF-DESRO#K9IMD0/XLOC-026524#KLKB1-RAT#P14272/XLOC-010538#LSHR-CHICK#Q90674/XLOC-011360#XLOC-011360/XLOC-010031#ACHB4-BOVIN#Q8SPU6/gene-evm.model.ptg000021l.117#UFD1-RAT#Q9ES53",6
"GO:0048738","GO:0048738","cardiac muscle tissue development","3/87","81/6213",0.037037037037037,2.64495530012771,1.77575232069954,0.104103729780784,0.344956958263156,0.281784531737461,"XLOC-020834#BMP15-BOVIN#Q6PX77/XLOC-004696#MYS-ARGIR#P24733/XLOC-023090#KCC2A-HUMAN#Q9UQM7",3
"GO:0051087","GO:0051087","protein-folding chaperone binding","3/87","81/6213",0.037037037037037,2.64495530012771,1.77575232069954,0.104103729780784,0.344956958263156,0.281784531737461,"gene-evm.model.ptg000012l.503-1#DJC10-XENLA#Q6NRT6/XLOC-025964#NEC1-HUMAN#P29120/XLOC-009352#ODO1-BOVIN#Q148N0",3
"GO:0071901","GO:0071901","negative regulation of protein serine/threonine kinase activity","3/87","81/6213",0.037037037037037,2.64495530012771,1.77575232069954,0.104103729780784,0.344956958263156,0.281784531737461,"XLOC-020834#BMP15-BOVIN#Q6PX77/XLOC-020938#SPB6-MOUSE#Q60854/XLOC-006685#KAPR-STRPU#Q26619",3
"GO:0080135","GO:0080135","regulation of cellular response to stress","9/87","399/6213",0.0225563909774436,1.61083743842365,1.50300849414306,0.104553141814114,0.346044215308198,0.282672677953899,"XLOC-020834#BMP15-BOVIN#Q6PX77/XLOC-008044#MOM5-CAEEL#A0A0K3AWM6/XLOC-020938#SPB6-MOUSE#Q60854/XLOC-025615#S15A2-DANRE#B0S6T2/gene-evm.model.ptg000004l.40#FA5-MOUSE#O88783/XLOC-020923#WNT11-HUMAN#O96014/XLOC-016437#UBP14-PANTR#P60051/XLOC-027115#TXD12-EPICO#H9D1R1/XLOC-010665#MYC-MARMO#P22555",9
"GO:0048608","GO:0048608","reproductive structure development","7/87","286/6213",0.0244755244755245,1.74789004099349,1.54308609110399,0.104743071516497,0.346271127504711,0.282858035418094,"XLOC-020834#BMP15-BOVIN#Q6PX77/XLOC-003038#INHBA-MOUSE#Q04998/XLOC-010538#LSHR-CHICK#Q90674/XLOC-006644#FBX11-RAT#Q7TSL3/gene-evm.model.ptg000022l.266#FCN1-MOUSE#O70165/novel-gene-chr14-4172#SIX2-MOUSE#Q62232/XLOC-010665#MYC-MARMO#P22555",7
"GO:0035114","GO:0035114","imaginal disc-derived appendage morphogenesis","5/87","179/6213",0.0279329608938547,1.99479869004045,1.60933301532624,0.105311890052798,0.347346615399576,0.283736567784478,"XLOC-020834#BMP15-BOVIN#Q6PX77/XLOC-008044#MOM5-CAEEL#A0A0K3AWM6/XLOC-000223#BMP1-MOUSE#P98063/XLOC-022943#NR2E3-MOUSE#Q9QXZ7/XLOC-009823#GSH1-HUMAN#P48506",5
"GO:0035120","GO:0035120","post-embryonic appendage morphogenesis","5/87","179/6213",0.0279329608938547,1.99479869004045,1.60933301532624,0.105311890052798,0.347346615399576,0.283736567784478,"XLOC-020834#BMP15-BOVIN#Q6PX77/XLOC-008044#MOM5-CAEEL#A0A0K3AWM6/XLOC-000223#BMP1-MOUSE#P98063/XLOC-022943#NR2E3-MOUSE#Q9QXZ7/XLOC-009823#GSH1-HUMAN#P48506",5
"GO:0023061","GO:0023061","signal release","4/87","129/6213",0.0310077519379845,2.21438118150227,1.66089483551406,0.106319136272765,0.350263851947112,0.286119566923425,"XLOC-020299#SC5A7-DROME#Q9VE46/XLOC-011874#SY65-APLCA#P41823/gene-evm.model.ptg000010l.70#ESYT2-MOUSE#Q3TZZ7/XLOC-015788#OTOF-HUMAN#Q9HC10",4
"GO:0031400","GO:0031400","negative regulation of protein modification process","8/87","344/6213",0.0232558139534884,1.6607858861267,1.5026048225262,0.107408380644203,0.351232753422216,0.286911032182849,"XLOC-020834#BMP15-BOVIN#Q6PX77/XLOC-020938#SPB6-MOUSE#Q60854/XLOC-006335#GREM1-CHICK#O73755/XLOC-006685#KAPR-STRPU#Q26619/XLOC-009823#GSH1-HUMAN#P48506/gene-evm.model.ptg000012l.503-1#DJC10-XENLA#Q6NRT6/XLOC-010031#ACHB4-BOVIN#Q8SPU6/XLOC-010665#MYC-MARMO#P22555",8
"GO:0006576","GO:0006576","biogenic amine metabolic process","2/87","40/6213",0.05,3.57068965517241,1.94365133368038,0.107475006567681,0.351232753422216,0.286911032182849,"XLOC-021709#BHMT1-BOVIN#Q5I597/XLOC-020686#MOXD1-DANRE#Q5TZ24",2
"GO:0009308","GO:0009308","amine metabolic process","2/87","40/6213",0.05,3.57068965517241,1.94365133368038,0.107475006567681,0.351232753422216,0.286911032182849,"XLOC-021709#BHMT1-BOVIN#Q5I597/XLOC-020686#MOXD1-DANRE#Q5TZ24",2
"GO:0019209","GO:0019209","kinase activator activity","2/87","40/6213",0.05,3.57068965517241,1.94365133368038,0.107475006567681,0.351232753422216,0.286911032182849,"XLOC-023693#TRLF-DESRO#K9IMD0/XLOC-006335#GREM1-CHICK#O73755",2
"GO:0031646","GO:0031646","positive regulation of nervous system process","2/87","40/6213",0.05,3.57068965517241,1.94365133368038,0.107475006567681,0.351232753422216,0.286911032182849,"XLOC-004104#XLOC-004104/XLOC-010031#ACHB4-BOVIN#Q8SPU6",2
"GO:0035152","GO:0035152","regulation of tube architecture, open tracheal system","2/87","40/6213",0.05,3.57068965517241,1.94365133368038,0.107475006567681,0.351232753422216,0.286911032182849,"XLOC-020834#BMP15-BOVIN#Q6PX77/XLOC-008044#MOM5-CAEEL#A0A0K3AWM6",2
"GO:0097006","GO:0097006","regulation of plasma lipoprotein particle levels","2/87","40/6213",0.05,3.57068965517241,1.94365133368038,0.107475006567681,0.351232753422216,0.286911032182849,"XLOC-022911#PA2B-BUNFA#A6MEY4/XLOC-000223#BMP1-MOUSE#P98063",2
"GO:0016331","GO:0016331","morphogenesis of embryonic epithelium","5/87","181/6213",0.0276243093922652,1.97275671556487,1.58270404498478,0.109073463565911,0.355795569655152,0.290638253810949,"XLOC-020834#BMP15-BOVIN#Q6PX77/XLOC-008044#MOM5-CAEEL#A0A0K3AWM6/XLOC-006335#GREM1-CHICK#O73755/XLOC-013477#SIX1B-DANRE#Q6NZ04/XLOC-020923#WNT11-HUMAN#O96014",5
"GO:0061458","GO:0061458","reproductive system development","7/87","289/6213",0.0242214532871972,1.72974585371674,1.51390940201725,0.10912061810314,0.355795569655152,0.290638253810949,"XLOC-020834#BMP15-BOVIN#Q6PX77/XLOC-003038#INHBA-MOUSE#Q04998/XLOC-010538#LSHR-CHICK#Q90674/XLOC-006644#FBX11-RAT#Q7TSL3/gene-evm.model.ptg000022l.266#FCN1-MOUSE#O70165/novel-gene-chr14-4172#SIX2-MOUSE#Q62232/XLOC-010665#MYC-MARMO#P22555",7
"GO:0032874","GO:0032874","positive regulation of stress-activated MAPK cascade","3/87","83/6213",0.036144578313253,2.58122143747403,1.72817753846486,0.109957776344618,0.357707566603414,0.292200104215307,"XLOC-020834#BMP15-BOVIN#Q6PX77/XLOC-008044#MOM5-CAEEL#A0A0K3AWM6/XLOC-020923#WNT11-HUMAN#O96014",3
"GO:0070304","GO:0070304","positive regulation of stress-activated protein kinase signaling cascade","3/87","83/6213",0.036144578313253,2.58122143747403,1.72817753846486,0.109957776344618,0.357707566603414,0.292200104215307,"XLOC-020834#BMP15-BOVIN#Q6PX77/XLOC-008044#MOM5-CAEEL#A0A0K3AWM6/XLOC-020923#WNT11-HUMAN#O96014",3
"GO:0010611","GO:0010611","regulation of cardiac muscle hypertrophy","2/87","41/6213",0.0487804878048781,3.48359966358284,1.90128584809799,0.111998000767216,0.361051182134314,0.294931398987353,"XLOC-016646#ADK-PHYPA#O49923/XLOC-023090#KCC2A-HUMAN#Q9UQM7",2
"GO:0010811","GO:0010811","positive regulation of cell-substrate adhesion","2/87","41/6213",0.0487804878048781,3.48359966358284,1.90128584809799,0.111998000767216,0.361051182134314,0.294931398987353,"XLOC-016472#COMP-MOUSE#Q9R0G6/gene-evm.model.ptg000002l.349#ADT1-CAEEL#G5ECS8",2
"GO:0030672","GO:0030672","synaptic vesicle membrane","2/87","41/6213",0.0487804878048781,3.48359966358284,1.90128584809799,0.111998000767216,0.361051182134314,0.294931398987353,"XLOC-011874#SY65-APLCA#P41823/XLOC-015788#OTOF-HUMAN#Q9HC10",2
"GO:0042129","GO:0042129","regulation of T cell proliferation","2/87","41/6213",0.0487804878048781,3.48359966358284,1.90128584809799,0.111998000767216,0.361051182134314,0.294931398987353,"XLOC-020834#BMP15-BOVIN#Q6PX77/XLOC-016646#ADK-PHYPA#O49923",2
"GO:0042246","GO:0042246","tissue regeneration","2/87","41/6213",0.0487804878048781,3.48359966358284,1.90128584809799,0.111998000767216,0.361051182134314,0.294931398987353,"XLOC-008044#MOM5-CAEEL#A0A0K3AWM6/XLOC-010538#LSHR-CHICK#Q90674",2
"GO:0045778","GO:0045778","positive regulation of ossification","2/87","41/6213",0.0487804878048781,3.48359966358284,1.90128584809799,0.111998000767216,0.361051182134314,0.294931398987353,"XLOC-023693#TRLF-DESRO#K9IMD0/XLOC-020834#BMP15-BOVIN#Q6PX77",2
"GO:0060966","GO:0060966","regulation of gene silencing by regulatory ncRNA","2/87","41/6213",0.0487804878048781,3.48359966358284,1.90128584809799,0.111998000767216,0.361051182134314,0.294931398987353,"XLOC-020834#BMP15-BOVIN#Q6PX77/XLOC-006644#FBX11-RAT#Q7TSL3",2
"GO:1900371","GO:1900371","regulation of purine nucleotide biosynthetic process","2/87","41/6213",0.0487804878048781,3.48359966358284,1.90128584809799,0.111998000767216,0.361051182134314,0.294931398987353,"gene-evm.model.ptg000020l.16#MAAI-MOUSE#Q9WVL0/XLOC-010665#MYC-MARMO#P22555",2
"GO:0048737","GO:0048737","imaginal disc-derived appendage development","5/87","183/6213",0.0273224043715847,1.9511965328811,1.55640995879766,0.11290075470725,0.362832491118221,0.29638649448807,"XLOC-020834#BMP15-BOVIN#Q6PX77/XLOC-008044#MOM5-CAEEL#A0A0K3AWM6/XLOC-000223#BMP1-MOUSE#P98063/XLOC-022943#NR2E3-MOUSE#Q9QXZ7/XLOC-009823#GSH1-HUMAN#P48506",5
"GO:0032434","GO:0032434","regulation of proteasomal ubiquitin-dependent protein catabolic process","3/87","84/6213",0.0357142857142857,2.55049261083744,1.70490972023824,0.112932089769709,0.362832491118221,0.29638649448807,"XLOC-009823#GSH1-HUMAN#P48506/XLOC-016437#UBP14-PANTR#P60051/gene-evm.model.ptg000021l.117#UFD1-RAT#Q9ES53",3
"GO:0071236","GO:0071236","cellular response to antibiotic","3/87","84/6213",0.0357142857142857,2.55049261083744,1.70490972023824,0.112932089769709,0.362832491118221,0.29638649448807,"XLOC-022275#T53I2-HUMAN#Q8IXH6/XLOC-013035#HXA4-LINSA#P81192/XLOC-010665#MYC-MARMO#P22555",3
"GO:0006955","GO:0006955","immune response","10/87","466/6213",0.0214592274678112,1.5324848305461,1.42418515132062,0.11482115475646,0.368486787986705,0.301005312451367,"XLOC-023693#TRLF-DESRO#K9IMD0/XLOC-021454#SPB3-HUMAN#P29508/XLOC-025132#PPN1-CAEEL#O76840/XLOC-020834#BMP15-BOVIN#Q6PX77/XLOC-016472#COMP-MOUSE#Q9R0G6/XLOC-020938#SPB6-MOUSE#Q60854/XLOC-026123#MGA-HUMAN#O43451/gene-evm.model.ptg000002l.349#ADT1-CAEEL#G5ECS8/XLOC-010665#MYC-MARMO#P22555/XLOC-023090#KCC2A-HUMAN#Q9UQM7",10
"GO:0009948","GO:0009948","anterior/posterior axis specification","4/87","133/6213",0.0300751879699248,2.14778325123153,1.59448620994973,0.115495126307476,0.369117474694914,0.301520500663951,"XLOC-006454#GSC-PONPY#A2T7P4/XLOC-020834#BMP15-BOVIN#Q6PX77/XLOC-000223#BMP1-MOUSE#P98063/XLOC-013477#SIX1B-DANRE#Q6NZ04",4
"GO:0022407","GO:0022407","regulation of cell-cell adhesion","4/87","133/6213",0.0300751879699248,2.14778325123153,1.59448620994973,0.115495126307476,0.369117474694914,0.301520500663951,"XLOC-006454#GSC-PONPY#A2T7P4/XLOC-020834#BMP15-BOVIN#Q6PX77/XLOC-010538#LSHR-CHICK#Q90674/XLOC-016646#ADK-PHYPA#O49923",4
"GO:0031032","GO:0031032","actomyosin structure organization","3/87","85/6213",0.0352941176470588,2.52048681541582,1.68197523379356,0.115937189218935,0.369117474694914,0.301520500663951,"XLOC-004696#MYS-ARGIR#P24733/novel-gene-chr14-4172#SIX2-MOUSE#Q62232/XLOC-025643#TRIM2-HUMAN#Q9C040",3
"GO:0010522","GO:0010522","regulation of calcium ion transport into cytosol","2/87","42/6213",0.0476190476190476,3.40065681444992,1.86021784223101,0.116570222467619,0.369117474694914,0.301520500663951,"XLOC-020834#BMP15-BOVIN#Q6PX77/XLOC-023090#KCC2A-HUMAN#Q9UQM7",2
"GO:0014033","GO:0014033","neural crest cell differentiation","2/87","42/6213",0.0476190476190476,3.40065681444992,1.86021784223101,0.116570222467619,0.369117474694914,0.301520500663951,"XLOC-006454#GSC-PONPY#A2T7P4/XLOC-000173#TES-CHICK#Q90YH9",2
"GO:0014743","GO:0014743","regulation of muscle hypertrophy","2/87","42/6213",0.0476190476190476,3.40065681444992,1.86021784223101,0.116570222467619,0.369117474694914,0.301520500663951,"XLOC-016646#ADK-PHYPA#O49923/XLOC-023090#KCC2A-HUMAN#Q9UQM7",2
"GO:0030808","GO:0030808","regulation of nucleotide biosynthetic process","2/87","42/6213",0.0476190476190476,3.40065681444992,1.86021784223101,0.116570222467619,0.369117474694914,0.301520500663951,"gene-evm.model.ptg000020l.16#MAAI-MOUSE#Q9WVL0/XLOC-010665#MYC-MARMO#P22555",2
"GO:0033555","GO:0033555","multicellular organismal response to stress","2/87","42/6213",0.0476190476190476,3.40065681444992,1.86021784223101,0.116570222467619,0.369117474694914,0.301520500663951,"XLOC-016472#COMP-MOUSE#Q9R0G6/gene-evm.model.ptg000002l.349#ADT1-CAEEL#G5ECS8",2
"GO:0034341","GO:0034341","response to type II interferon","2/87","42/6213",0.0476190476190476,3.40065681444992,1.86021784223101,0.116570222467619,0.369117474694914,0.301520500663951,"XLOC-010665#MYC-MARMO#P22555/XLOC-023090#KCC2A-HUMAN#Q9UQM7",2
"GO:0040019","GO:0040019","positive regulation of embryonic development","2/87","42/6213",0.0476190476190476,3.40065681444992,1.86021784223101,0.116570222467619,0.369117474694914,0.301520500663951,"XLOC-013477#SIX1B-DANRE#Q6NZ04/novel-gene-chr14-4172#SIX2-MOUSE#Q62232",2
"GO:0043535","GO:0043535","regulation of blood vessel endothelial cell migration","2/87","42/6213",0.0476190476190476,3.40065681444992,1.86021784223101,0.116570222467619,0.369117474694914,0.301520500663951,"XLOC-016472#COMP-MOUSE#Q9R0G6/gene-evm.model.ptg000002l.349#ADT1-CAEEL#G5ECS8",2
"GO:0050709","GO:0050709","negative regulation of protein secretion","2/87","42/6213",0.0476190476190476,3.40065681444992,1.86021784223101,0.116570222467619,0.369117474694914,0.301520500663951,"XLOC-003038#INHBA-MOUSE#Q04998/XLOC-010538#LSHR-CHICK#Q90674",2
"GO:0019725","GO:0019725","cellular homeostasis","9/87","409/6213",0.0220048899755501,1.57145265997808,1.42483660633066,0.117074547852926,0.370303420204434,0.302489262395121,"XLOC-020834#BMP15-BOVIN#Q6PX77/XLOC-008044#MOM5-CAEEL#A0A0K3AWM6/XLOC-003539#RHBG-DANRE#Q7T070/gene-evm.model.ptg000022l.478#GSH0-HUMAN#P48507/XLOC-009823#GSH1-HUMAN#P48506/XLOC-025643#TRIM2-HUMAN#Q9C040/XLOC-010031#ACHB4-BOVIN#Q8SPU6/XLOC-010665#MYC-MARMO#P22555/XLOC-023090#KCC2A-HUMAN#Q9UQM7",9
"GO:0008544","GO:0008544","epidermis development","4/87","134/6213",0.0298507462686567,2.13175501801338,1.57824931626759,0.117842647327268,0.371908266398999,0.303800210971787,"XLOC-008044#MOM5-CAEEL#A0A0K3AWM6/XLOC-010538#LSHR-CHICK#Q90674/XLOC-020923#WNT11-HUMAN#O96014/XLOC-010665#MYC-MARMO#P22555",4
"GO:0043523","GO:0043523","regulation of neuron apoptotic process","4/87","134/6213",0.0298507462686567,2.13175501801338,1.57824931626759,0.117842647327268,0.371908266398999,0.303800210971787,"XLOC-013477#SIX1B-DANRE#Q6NZ04/gene-evm.model.ptg000022l.478#GSH0-HUMAN#P48507/XLOC-009823#GSH1-HUMAN#P48506/novel-gene-chr14-4172#SIX2-MOUSE#Q62232",4
"GO:0007297","GO:0007297","follicle cell of egg chamber migration","3/87","86/6213",0.0348837209302326,2.49117882919006,1.65936478121204,0.118972515493443,0.375059211826291,0.30637411957253,"XLOC-008044#MOM5-CAEEL#A0A0K3AWM6/XLOC-010538#LSHR-CHICK#Q90674/XLOC-004696#MYS-ARGIR#P24733",3
"GO:0055080","GO:0055080","monoatomic cation homeostasis","7/87","296/6213",0.0236486486486486,1.68883970177074,1.44710516809156,0.119714631208958,0.376982166489135,0.307944920990627,"XLOC-020834#BMP15-BOVIN#Q6PX77/XLOC-008044#MOM5-CAEEL#A0A0K3AWM6/XLOC-025615#S15A2-DANRE#B0S6T2/XLOC-003539#RHBG-DANRE#Q7T070/XLOC-010031#ACHB4-BOVIN#Q8SPU6/XLOC-010665#MYC-MARMO#P22555/XLOC-023090#KCC2A-HUMAN#Q9UQM7",7
"GO:0062012","GO:0062012","regulation of small molecule metabolic process","5/87","187/6213",0.0267379679144385,1.90945970864835,1.50479228759756,0.120749211829168,0.379531826113202,0.310027658056941,"XLOC-020834#BMP15-BOVIN#Q6PX77/XLOC-021709#BHMT1-BOVIN#Q5I597/gene-evm.model.ptg000020l.16#MAAI-MOUSE#Q9WVL0/gene-evm.model.ptg000030l.120#PGP-CHICK#Q5F4B1/XLOC-010665#MYC-MARMO#P22555",5
"GO:0004620","GO:0004620","phospholipase activity","2/87","43/6213",0.0465116279069767,3.32157177225341,1.82037395814277,0.121189447455004,0.379531826113202,0.310027658056941,"XLOC-022911#PA2B-BUNFA#A6MEY4/XLOC-020365#PA2-BOMTE#P82971",2
"GO:0016525","GO:0016525","negative regulation of angiogenesis","2/87","43/6213",0.0465116279069767,3.32157177225341,1.82037395814277,0.121189447455004,0.379531826113202,0.310027658056941,"XLOC-016472#COMP-MOUSE#Q9R0G6/gene-evm.model.ptg000002l.349#ADT1-CAEEL#G5ECS8",2
"GO:0030218","GO:0030218","erythrocyte differentiation","2/87","43/6213",0.0465116279069767,3.32157177225341,1.82037395814277,0.121189447455004,0.379531826113202,0.310027658056941,"XLOC-020834#BMP15-BOVIN#Q6PX77/XLOC-003539#RHBG-DANRE#Q7T070",2
"GO:0099501","GO:0099501","exocytic vesicle membrane","2/87","43/6213",0.0465116279069767,3.32157177225341,1.82037395814277,0.121189447455004,0.379531826113202,0.310027658056941,"XLOC-011874#SY65-APLCA#P41823/XLOC-015788#OTOF-HUMAN#Q9HC10",2
"GO:0050727","GO:0050727","regulation of inflammatory response","3/87","87/6213",0.0344827586206897,2.46254458977408,1.63706943220931,0.122037506894131,0.380062005246081,0.310460744780129,"XLOC-026524#KLKB1-RAT#P14272/XLOC-011360#XLOC-011360/XLOC-010031#ACHB4-BOVIN#Q8SPU6",3
"GO:0009994","GO:0009994","oocyte differentiation","4/87","136/6213",0.0294117647058824,2.10040567951318,1.5461958840725,0.122600387971955,0.380062005246081,0.310460744780129,"XLOC-020834#BMP15-BOVIN#Q6PX77/XLOC-003038#INHBA-MOUSE#Q04998/XLOC-010538#LSHR-CHICK#Q90674/XLOC-000223#BMP1-MOUSE#P98063",4
"GO:0002520","GO:0002520","immune system development","8/87","355/6213",0.0225352112676056,1.60932491500729,1.40888414907212,0.122625065797654,0.380062005246081,0.310460744780129,"XLOC-021454#SPB3-HUMAN#P29508/XLOC-020834#BMP15-BOVIN#Q6PX77/XLOC-008044#MOM5-CAEEL#A0A0K3AWM6/XLOC-000223#BMP1-MOUSE#P98063/XLOC-013477#SIX1B-DANRE#Q6NZ04/XLOC-003539#RHBG-DANRE#Q7T070/novel-gene-chr14-4172#SIX2-MOUSE#Q62232/XLOC-010665#MYC-MARMO#P22555",8
"GO:0009607","GO:0009607","response to biotic stimulus","8/87","356/6213",0.0224719101123595,1.60480433940333,1.40051943238762,0.124063419526408,0.380062005246081,0.310460744780129,"XLOC-023693#TRLF-DESRO#K9IMD0/XLOC-025132#PPN1-CAEEL#O76840/XLOC-020834#BMP15-BOVIN#Q6PX77/XLOC-025615#S15A2-DANRE#B0S6T2/XLOC-004104#XLOC-004104/XLOC-025964#NEC1-HUMAN#P29120/XLOC-010665#MYC-MARMO#P22555/gene-evm.model.ptg000021l.117#UFD1-RAT#Q9ES53",8
"GO:0008016","GO:0008016","regulation of heart contraction","3/87","88/6213",0.0340909090909091,2.43456112852665,1.61508060549672,0.125131599555569,0.380062005246081,0.310460744780129,"XLOC-004696#MYS-ARGIR#P24733/XLOC-010031#ACHB4-BOVIN#Q8SPU6/XLOC-023090#KCC2A-HUMAN#Q9UQM7",3
"GO:0048638","GO:0048638","regulation of developmental growth","8/87","357/6213",0.0224089635854342,1.6003090891529,1.39217985955128,0.125510832923318,0.380062005246081,0.310460744780129,"XLOC-020834#BMP15-BOVIN#Q6PX77/XLOC-008044#MOM5-CAEEL#A0A0K3AWM6/XLOC-025615#S15A2-DANRE#B0S6T2/XLOC-000223#BMP1-MOUSE#P98063/XLOC-013477#SIX1B-DANRE#Q6NZ04/XLOC-022943#NR2E3-MOUSE#Q9QXZ7/novel-gene-chr14-4172#SIX2-MOUSE#Q62232/XLOC-023090#KCC2A-HUMAN#Q9UQM7",8
"GO:0007187","GO:0007187","G protein-coupled receptor signaling pathway, coupled to cyclic nucleotide second messenger","2/87","44/6213",0.0454545454545455,3.24608150470219,1.78168661929639,0.125853502846199,0.380062005246081,0.310460744780129,"XLOC-008044#MOM5-CAEEL#A0A0K3AWM6/XLOC-016414#GRM4-MOUSE#Q68EF4",2
"GO:0034605","GO:0034605","cellular response to heat","2/87","44/6213",0.0454545454545455,3.24608150470219,1.78168661929639,0.125853502846199,0.380062005246081,0.310460744780129,"XLOC-016472#COMP-MOUSE#Q9R0G6/gene-evm.model.ptg000002l.349#ADT1-CAEEL#G5ECS8",2
"GO:0044304","GO:0044304","main axon","2/87","44/6213",0.0454545454545455,3.24608150470219,1.78168661929639,0.125853502846199,0.380062005246081,0.310460744780129,"XLOC-010031#ACHB4-BOVIN#Q8SPU6/XLOC-023090#KCC2A-HUMAN#Q9UQM7",2
"GO:0045844","GO:0045844","positive regulation of striated muscle tissue development","2/87","44/6213",0.0454545454545455,3.24608150470219,1.78168661929639,0.125853502846199,0.380062005246081,0.310460744780129,"XLOC-020834#BMP15-BOVIN#Q6PX77/XLOC-006335#GREM1-CHICK#O73755",2
"GO:1901863","GO:1901863","positive regulation of muscle tissue development","2/87","44/6213",0.0454545454545455,3.24608150470219,1.78168661929639,0.125853502846199,0.380062005246081,0.310460744780129,"XLOC-020834#BMP15-BOVIN#Q6PX77/XLOC-006335#GREM1-CHICK#O73755",2
"GO:0030139","GO:0030139","endocytic vesicle","4/87","138/6213",0.0289855072463768,2.06996501749125,1.51468677777875,0.127440222643396,0.380062005246081,0.310460744780129,"XLOC-008044#MOM5-CAEEL#A0A0K3AWM6/XLOC-025615#S15A2-DANRE#B0S6T2/XLOC-020299#SC5A7-DROME#Q9VE46/XLOC-023090#KCC2A-HUMAN#Q9UQM7",4
"GO:0034765","GO:0034765","regulation of monoatomic ion transmembrane transport","4/87","138/6213",0.0289855072463768,2.06996501749125,1.51468677777875,0.127440222643396,0.380062005246081,0.310460744780129,"XLOC-020834#BMP15-BOVIN#Q6PX77/XLOC-016472#COMP-MOUSE#Q9R0G6/gene-evm.model.ptg000002l.349#ADT1-CAEEL#G5ECS8/XLOC-023090#KCC2A-HUMAN#Q9UQM7",4
"GO:0002696","GO:0002696","positive regulation of leukocyte activation","3/87","89/6213",0.0337078651685393,2.407206509105,1.59339005128912,0.128254227769259,0.380062005246081,0.310460744780129,"XLOC-016472#COMP-MOUSE#Q9R0G6/XLOC-016646#ADK-PHYPA#O49923/gene-evm.model.ptg000002l.349#ADT1-CAEEL#G5ECS8",3
"GO:0016324","GO:0016324","apical plasma membrane","5/87","191/6213",0.0261780104712042,1.86947102365048,1.45441476482693,0.128850344470224,0.380062005246081,0.310460744780129,"XLOC-025615#S15A2-DANRE#B0S6T2/XLOC-020299#SC5A7-DROME#Q9VE46/XLOC-003539#RHBG-DANRE#Q7T070/XLOC-026123#MGA-HUMAN#O43451/XLOC-010031#ACHB4-BOVIN#Q8SPU6",5
"GO:0060560","GO:0060560","developmental growth involved in morphogenesis","4/87","139/6213",0.0287769784172662,2.05507318283304,1.4991305154326,0.129890350191914,0.380062005246081,0.310460744780129,"XLOC-020834#BMP15-BOVIN#Q6PX77/XLOC-008044#MOM5-CAEEL#A0A0K3AWM6/XLOC-022943#NR2E3-MOUSE#Q9QXZ7/gene-evm.model.ptg000022l.266#FCN1-MOUSE#O70165",4
"GO:0009064","GO:0009064","glutamine family amino acid metabolic process","2/87","45/6213",0.0444444444444444,3.17394636015326,1.74409345403588,0.130560266114911,0.380062005246081,0.310460744780129,"gene-evm.model.ptg000022l.478#GSH0-HUMAN#P48507/XLOC-009823#GSH1-HUMAN#P48506",2
"GO:0021954","GO:0021954","central nervous system neuron development","2/87","45/6213",0.0444444444444444,3.17394636015326,1.74409345403588,0.130560266114911,0.380062005246081,0.310460744780129,"gene-evm.model.ptg000007l.881-1#OTP-SACKO#Q7YTC2/XLOC-009352#ODO1-BOVIN#Q148N0",2
"GO:0043277","GO:0043277","apoptotic cell clearance","2/87","45/6213",0.0444444444444444,3.17394636015326,1.74409345403588,0.130560266114911,0.380062005246081,0.310460744780129,"XLOC-016472#COMP-MOUSE#Q9R0G6/gene-evm.model.ptg000002l.349#ADT1-CAEEL#G5ECS8",2
"GO:0043407","GO:0043407","negative regulation of MAP kinase activity","2/87","45/6213",0.0444444444444444,3.17394636015326,1.74409345403588,0.130560266114911,0.380062005246081,0.310460744780129,"XLOC-020834#BMP15-BOVIN#Q6PX77/XLOC-020938#SPB6-MOUSE#Q60854",2
"GO:0060113","GO:0060113","inner ear receptor cell differentiation","2/87","45/6213",0.0444444444444444,3.17394636015326,1.74409345403588,0.130560266114911,0.380062005246081,0.310460744780129,"XLOC-020834#BMP15-BOVIN#Q6PX77/XLOC-008044#MOM5-CAEEL#A0A0K3AWM6",2
"GO:0062014","GO:0062014","negative regulation of small molecule metabolic process","2/87","45/6213",0.0444444444444444,3.17394636015326,1.74409345403588,0.130560266114911,0.380062005246081,0.310460744780129,"XLOC-020834#BMP15-BOVIN#Q6PX77/gene-evm.model.ptg000030l.120#PGP-CHICK#Q5F4B1",2
"GO:0097110","GO:0097110","scaffold protein binding","2/87","45/6213",0.0444444444444444,3.17394636015326,1.74409345403588,0.130560266114911,0.380062005246081,0.310460744780129,"XLOC-004104#XLOC-004104/XLOC-010031#ACHB4-BOVIN#Q8SPU6",2
"GO:0099024","GO:0099024","plasma membrane invagination","2/87","45/6213",0.0444444444444444,3.17394636015326,1.74409345403588,0.130560266114911,0.380062005246081,0.310460744780129,"XLOC-016472#COMP-MOUSE#Q9R0G6/gene-evm.model.ptg000002l.349#ADT1-CAEEL#G5ECS8",2
"GO:2000573","GO:2000573","positive regulation of DNA biosynthetic process","2/87","45/6213",0.0444444444444444,3.17394636015326,1.74409345403588,0.130560266114911,0.380062005246081,0.310460744780129,"XLOC-006335#GREM1-CHICK#O73755/XLOC-010665#MYC-MARMO#P22555",2
"GO:0001530","GO:0001530","lipopolysaccharide binding","1/87","10/6213",0.1,7.14137931034483,2.31607108462924,0.131616285027385,0.380062005246081,0.310460744780129,"XLOC-023693#TRLF-DESRO#K9IMD0",1
"GO:0003299","GO:0003299","muscle hypertrophy in response to stress","1/87","10/6213",0.1,7.14137931034483,2.31607108462924,0.131616285027385,0.380062005246081,0.310460744780129,"XLOC-004696#MYS-ARGIR#P24733",1
"GO:0005865","GO:0005865","striated muscle thin filament","1/87","10/6213",0.1,7.14137931034483,2.31607108462924,0.131616285027385,0.380062005246081,0.310460744780129,"XLOC-026222#MYPH-ECHGR#Q24799",1
"GO:0006071","GO:0006071","glycerol metabolic process","1/87","10/6213",0.1,7.14137931034483,2.31607108462924,0.131616285027385,0.380062005246081,0.310460744780129,"gene-evm.model.ptg000030l.120#PGP-CHICK#Q5F4B1",1
"GO:0006577","GO:0006577","amino-acid betaine metabolic process","1/87","10/6213",0.1,7.14137931034483,2.31607108462924,0.131616285027385,0.380062005246081,0.310460744780129,"XLOC-021709#BHMT1-BOVIN#Q5I597",1
"GO:0007597","GO:0007597","blood coagulation, intrinsic pathway","1/87","10/6213",0.1,7.14137931034483,2.31607108462924,0.131616285027385,0.380062005246081,0.310460744780129,"XLOC-026524#KLKB1-RAT#P14272",1
"GO:0008093","GO:0008093","cytoskeletal anchor activity","1/87","10/6213",0.1,7.14137931034483,2.31607108462924,0.131616285027385,0.380062005246081,0.310460744780129,"XLOC-004104#XLOC-004104",1
"GO:0008179","GO:0008179","adenylate cyclase binding","1/87","10/6213",0.1,7.14137931034483,2.31607108462924,0.131616285027385,0.380062005246081,0.310460744780129,"XLOC-010031#ACHB4-BOVIN#Q8SPU6",1
"GO:0009263","GO:0009263","deoxyribonucleotide biosynthetic process","1/87","10/6213",0.1,7.14137931034483,2.31607108462924,0.131616285027385,0.380062005246081,0.310460744780129,"XLOC-016646#ADK-PHYPA#O49923",1
"GO:0009309","GO:0009309","amine biosynthetic process","1/87","10/6213",0.1,7.14137931034483,2.31607108462924,0.131616285027385,0.380062005246081,0.310460744780129,"XLOC-020686#MOXD1-DANRE#Q5TZ24",1
"GO:0010566","GO:0010566","regulation of ketone biosynthetic process","1/87","10/6213",0.1,7.14137931034483,2.31607108462924,0.131616285027385,0.380062005246081,0.310460744780129,"XLOC-020834#BMP15-BOVIN#Q6PX77",1
"GO:0014002","GO:0014002","astrocyte development","1/87","10/6213",0.1,7.14137931034483,2.31607108462924,0.131616285027385,0.380062005246081,0.310460744780129,"gene-evm.model.ptg000032l.233#LAMC1-XENTR#A0JP86",1
"GO:0014029","GO:0014029","neural crest formation","1/87","10/6213",0.1,7.14137931034483,2.31607108462924,0.131616285027385,0.380062005246081,0.310460744780129,"XLOC-006454#GSC-PONPY#A2T7P4",1
"GO:0014887","GO:0014887","cardiac muscle adaptation","1/87","10/6213",0.1,7.14137931034483,2.31607108462924,0.131616285027385,0.380062005246081,0.310460744780129,"XLOC-004696#MYS-ARGIR#P24733",1
"GO:0014898","GO:0014898","cardiac muscle hypertrophy in response to stress","1/87","10/6213",0.1,7.14137931034483,2.31607108462924,0.131616285027385,0.380062005246081,0.310460744780129,"XLOC-004696#MYS-ARGIR#P24733",1
"GO:0015020","GO:0015020","glucuronosyltransferase activity","1/87","10/6213",0.1,7.14137931034483,2.31607108462924,0.131616285027385,0.380062005246081,0.310460744780129,"XLOC-009355#B3GA3-HUMAN#O94766",1
"GO:0018216","GO:0018216","peptidyl-arginine methylation","1/87","10/6213",0.1,7.14137931034483,2.31607108462924,0.131616285027385,0.380062005246081,0.310460744780129,"XLOC-006644#FBX11-RAT#Q7TSL3",1
"GO:0019852","GO:0019852","L-ascorbic acid metabolic process","1/87","10/6213",0.1,7.14137931034483,2.31607108462924,0.131616285027385,0.380062005246081,0.310460744780129,"XLOC-009823#GSH1-HUMAN#P48506",1
"GO:0022840","GO:0022840","leak channel activity","1/87","10/6213",0.1,7.14137931034483,2.31607108462924,0.131616285027385,0.380062005246081,0.310460744780129,"XLOC-003539#RHBG-DANRE#Q7T070",1
"GO:0022842","GO:0022842","narrow pore channel activity","1/87","10/6213",0.1,7.14137931034483,2.31607108462924,0.131616285027385,0.380062005246081,0.310460744780129,"XLOC-003539#RHBG-DANRE#Q7T070",1
"GO:0030008","GO:0030008","TRAPP complex","1/87","10/6213",0.1,7.14137931034483,2.31607108462924,0.131616285027385,0.380062005246081,0.310460744780129,"XLOC-015621#TPC12-MOUSE#Q8K2L8",1
"GO:0030296","GO:0030296","protein tyrosine kinase activator activity","1/87","10/6213",0.1,7.14137931034483,2.31607108462924,0.131616285027385,0.380062005246081,0.310460744780129,"XLOC-006335#GREM1-CHICK#O73755",1
"GO:0030506","GO:0030506","ankyrin binding","1/87","10/6213",0.1,7.14137931034483,2.31607108462924,0.131616285027385,0.380062005246081,0.310460744780129,"XLOC-003539#RHBG-DANRE#Q7T070",1
"GO:0030949","GO:0030949","positive regulation of vascular endothelial growth factor receptor signaling pathway","1/87","10/6213",0.1,7.14137931034483,2.31607108462924,0.131616285027385,0.380062005246081,0.310460744780129,"XLOC-020834#BMP15-BOVIN#Q6PX77",1
"GO:0031639","GO:0031639","plasminogen activation","1/87","10/6213",0.1,7.14137931034483,2.31607108462924,0.131616285027385,0.380062005246081,0.310460744780129,"XLOC-026524#KLKB1-RAT#P14272",1
"GO:0032027","GO:0032027","myosin light chain binding","1/87","10/6213",0.1,7.14137931034483,2.31607108462924,0.131616285027385,0.380062005246081,0.310460744780129,"XLOC-004696#MYS-ARGIR#P24733",1
"GO:0032530","GO:0032530","regulation of microvillus organization","1/87","10/6213",0.1,7.14137931034483,2.31607108462924,0.131616285027385,0.380062005246081,0.310460744780129,"XLOC-006585#OTX1-HUMAN#P32242",1
"GO:0033189","GO:0033189","response to vitamin A","1/87","10/6213",0.1,7.14137931034483,2.31607108462924,0.131616285027385,0.380062005246081,0.310460744780129,"XLOC-026123#MGA-HUMAN#O43451",1
"GO:0033240","GO:0033240","positive regulation of amine metabolic process","1/87","10/6213",0.1,7.14137931034483,2.31607108462924,0.131616285027385,0.380062005246081,0.310460744780129,"XLOC-010031#ACHB4-BOVIN#Q8SPU6",1
"GO:0034104","GO:0034104","negative regulation of tissue remodeling","1/87","10/6213",0.1,7.14137931034483,2.31607108462924,0.131616285027385,0.380062005246081,0.310460744780129,"XLOC-006335#GREM1-CHICK#O73755",1
"GO:0034122","GO:0034122","negative regulation of toll-like receptor signaling pathway","1/87","10/6213",0.1,7.14137931034483,2.31607108462924,0.131616285027385,0.380062005246081,0.310460744780129,"XLOC-010538#LSHR-CHICK#Q90674",1
"GO:0034377","GO:0034377","plasma lipoprotein particle assembly","1/87","10/6213",0.1,7.14137931034483,2.31607108462924,0.131616285027385,0.380062005246081,0.310460744780129,"XLOC-000223#BMP1-MOUSE#P98063",1
"GO:0034663","GO:0034663","endoplasmic reticulum chaperone complex","1/87","10/6213",0.1,7.14137931034483,2.31607108462924,0.131616285027385,0.380062005246081,0.310460744780129,"gene-evm.model.ptg000012l.503-1#DJC10-XENLA#Q6NRT6",1
"GO:0035455","GO:0035455","response to interferon-alpha","1/87","10/6213",0.1,7.14137931034483,2.31607108462924,0.131616285027385,0.380062005246081,0.310460744780129,"XLOC-010665#MYC-MARMO#P22555",1
"GO:0042401","GO:0042401","biogenic amine biosynthetic process","1/87","10/6213",0.1,7.14137931034483,2.31607108462924,0.131616285027385,0.380062005246081,0.310460744780129,"XLOC-020686#MOXD1-DANRE#Q5TZ24",1
"GO:0042585","GO:0042585","germinal vesicle","1/87","10/6213",0.1,7.14137931034483,2.31607108462924,0.131616285027385,0.380062005246081,0.310460744780129,"XLOC-006685#KAPR-STRPU#Q26619",1
"GO:0044036","GO:0044036","cell wall macromolecule metabolic process","1/87","10/6213",0.1,7.14137931034483,2.31607108462924,0.131616285027385,0.380062005246081,0.310460744780129,"XLOC-010665#MYC-MARMO#P22555",1
"GO:0045662","GO:0045662","negative regulation of myoblast differentiation","1/87","10/6213",0.1,7.14137931034483,2.31607108462924,0.131616285027385,0.380062005246081,0.310460744780129,"XLOC-020834#BMP15-BOVIN#Q6PX77",1
"GO:0046060","GO:0046060","dATP metabolic process","1/87","10/6213",0.1,7.14137931034483,2.31607108462924,0.131616285027385,0.380062005246081,0.310460744780129,"XLOC-016646#ADK-PHYPA#O49923",1
"GO:0048100","GO:0048100","wing disc anterior/posterior pattern formation","1/87","10/6213",0.1,7.14137931034483,2.31607108462924,0.131616285027385,0.380062005246081,0.310460744780129,"XLOC-020834#BMP15-BOVIN#Q6PX77",1
"GO:0048787","GO:0048787","presynaptic active zone membrane","1/87","10/6213",0.1,7.14137931034483,2.31607108462924,0.131616285027385,0.380062005246081,0.310460744780129,"XLOC-015788#OTOF-HUMAN#Q9HC10",1
"GO:0048791","GO:0048791","calcium ion-regulated exocytosis of neurotransmitter","1/87","10/6213",0.1,7.14137931034483,2.31607108462924,0.131616285027385,0.380062005246081,0.310460744780129,"XLOC-011874#SY65-APLCA#P41823",1
"GO:0050893","GO:0050893","sensory processing","1/87","10/6213",0.1,7.14137931034483,2.31607108462924,0.131616285027385,0.380062005246081,0.310460744780129,"XLOC-010031#ACHB4-BOVIN#Q8SPU6",1
"GO:0050998","GO:0050998","nitric-oxide synthase binding","1/87","10/6213",0.1,7.14137931034483,2.31607108462924,0.131616285027385,0.380062005246081,0.310460744780129,"XLOC-023090#KCC2A-HUMAN#Q9UQM7",1
"GO:0051787","GO:0051787","misfolded protein binding","1/87","10/6213",0.1,7.14137931034483,2.31607108462924,0.131616285027385,0.380062005246081,0.310460744780129,"gene-evm.model.ptg000012l.503-1#DJC10-XENLA#Q6NRT6",1
"GO:0060447","GO:0060447","bud outgrowth involved in lung branching","1/87","10/6213",0.1,7.14137931034483,2.31607108462924,0.131616285027385,0.380062005246081,0.310460744780129,"gene-evm.model.ptg000022l.266#FCN1-MOUSE#O70165",1
"GO:0071074","GO:0071074","eukaryotic initiation factor eIF2 binding","1/87","10/6213",0.1,7.14137931034483,2.31607108462924,0.131616285027385,0.380062005246081,0.310460744780129,"XLOC-010665#MYC-MARMO#P22555",1
"GO:0099529","GO:0099529","neurotransmitter receptor activity involved in regulation of postsynaptic membrane potential","1/87","10/6213",0.1,7.14137931034483,2.31607108462924,0.131616285027385,0.380062005246081,0.310460744780129,"XLOC-010031#ACHB4-BOVIN#Q8SPU6",1
"GO:1901687","GO:1901687","glutathione derivative biosynthetic process","1/87","10/6213",0.1,7.14137931034483,2.31607108462924,0.131616285027385,0.380062005246081,0.310460744780129,"gene-evm.model.ptg000020l.16#MAAI-MOUSE#Q9WVL0",1
"GO:1904315","GO:1904315","transmitter-gated monoatomic ion channel activity involved in regulation of postsynaptic membrane potential","1/87","10/6213",0.1,7.14137931034483,2.31607108462924,0.131616285027385,0.380062005246081,0.310460744780129,"XLOC-010031#ACHB4-BOVIN#Q8SPU6",1
"GO:2000542","GO:2000542","negative regulation of gastrulation","1/87","10/6213",0.1,7.14137931034483,2.31607108462924,0.131616285027385,0.380062005246081,0.310460744780129,"XLOC-008044#MOM5-CAEEL#A0A0K3AWM6",1
"GO:2000738","GO:2000738","positive regulation of stem cell differentiation","1/87","10/6213",0.1,7.14137931034483,2.31607108462924,0.131616285027385,0.380062005246081,0.310460744780129,"XLOC-020834#BMP15-BOVIN#Q6PX77",1
"GO:0009855","GO:0009855","determination of bilateral symmetry","4/87","140/6213",0.0285714285714286,2.04039408866995,1.48370345099643,0.132360305626239,0.38182401612908,0.311900076266823,"XLOC-003038#INHBA-MOUSE#Q04998/XLOC-006335#GREM1-CHICK#O73755/XLOC-000223#BMP1-MOUSE#P98063/XLOC-003648#DAND5-MOUSE#Q76LW6",4
"GO:0034762","GO:0034762","regulation of transmembrane transport","5/87","193/6213",0.0259067357512953,1.85009826692871,1.42967193953173,0.132993351762525,0.382331278225996,0.312314442781322,"XLOC-020834#BMP15-BOVIN#Q6PX77/XLOC-016472#COMP-MOUSE#Q9R0G6/gene-evm.model.ptg000002l.349#ADT1-CAEEL#G5ECS8/XLOC-010665#MYC-MARMO#P22555/XLOC-023090#KCC2A-HUMAN#Q9UQM7",5
"GO:0045859","GO:0045859","regulation of protein kinase activity","8/87","363/6213",0.0220385674931129,1.57385769924955,1.34266122147143,0.134383935318845,0.382331278225996,0.312314442781322,"XLOC-023693#TRLF-DESRO#K9IMD0/XLOC-020834#BMP15-BOVIN#Q6PX77/XLOC-016472#COMP-MOUSE#Q9R0G6/XLOC-020938#SPB6-MOUSE#Q60854/XLOC-006335#GREM1-CHICK#O73755/XLOC-006685#KAPR-STRPU#Q26619/gene-evm.model.ptg000002l.349#ADT1-CAEEL#G5ECS8/XLOC-010031#ACHB4-BOVIN#Q8SPU6",8
"GO:0019887","GO:0019887","protein kinase regulator activity","3/87","91/6213",0.032967032967033,2.35430087154225,1.55087232118541,0.134582820671035,0.382331278225996,0.312314442781322,"XLOC-023693#TRLF-DESRO#K9IMD0/XLOC-006335#GREM1-CHICK#O73755/XLOC-006685#KAPR-STRPU#Q26619",3
"GO:0050867","GO:0050867","positive regulation of cell activation","3/87","91/6213",0.032967032967033,2.35430087154225,1.55087232118541,0.134582820671035,0.382331278225996,0.312314442781322,"XLOC-016472#COMP-MOUSE#Q9R0G6/XLOC-016646#ADK-PHYPA#O49923/gene-evm.model.ptg000002l.349#ADT1-CAEEL#G5ECS8",3
"GO:0051384","GO:0051384","response to glucocorticoid","3/87","91/6213",0.032967032967033,2.35430087154225,1.55087232118541,0.134582820671035,0.382331278225996,0.312314442781322,"XLOC-020834#BMP15-BOVIN#Q6PX77/XLOC-026123#MGA-HUMAN#O43451/XLOC-025964#NEC1-HUMAN#P29120",3
"GO:0051924","GO:0051924","regulation of calcium ion transport","3/87","91/6213",0.032967032967033,2.35430087154225,1.55087232118541,0.134582820671035,0.382331278225996,0.312314442781322,"XLOC-025132#PPN1-CAEEL#O76840/XLOC-020834#BMP15-BOVIN#Q6PX77/XLOC-023090#KCC2A-HUMAN#Q9UQM7",3
"GO:0007548","GO:0007548","sex differentiation","6/87","249/6213",0.0240963855421687,1.72081429164936,1.38337874487083,0.13508259949377,0.382331278225996,0.312314442781322,"XLOC-020834#BMP15-BOVIN#Q6PX77/XLOC-003038#INHBA-MOUSE#Q04998/XLOC-010538#LSHR-CHICK#Q90674/XLOC-006644#FBX11-RAT#Q7TSL3/novel-gene-chr14-4172#SIX2-MOUSE#Q62232/XLOC-010665#MYC-MARMO#P22555",6
"GO:0015293","GO:0015293","symporter activity","2/87","46/6213",0.0434782608695652,3.10494752623688,1.70753678800799,0.135307664134605,0.382331278225996,0.312314442781322,"XLOC-025615#S15A2-DANRE#B0S6T2/XLOC-020299#SC5A7-DROME#Q9VE46",2
"GO:0015294","GO:0015294","solute:monoatomic cation symporter activity","2/87","46/6213",0.0434782608695652,3.10494752623688,1.70753678800799,0.135307664134605,0.382331278225996,0.312314442781322,"XLOC-025615#S15A2-DANRE#B0S6T2/XLOC-020299#SC5A7-DROME#Q9VE46",2
"GO:0048636","GO:0048636","positive regulation of muscle organ development","2/87","46/6213",0.0434782608695652,3.10494752623688,1.70753678800799,0.135307664134605,0.382331278225996,0.312314442781322,"XLOC-020834#BMP15-BOVIN#Q6PX77/XLOC-006335#GREM1-CHICK#O73755",2
"GO:0055007","GO:0055007","cardiac muscle cell differentiation","2/87","46/6213",0.0434782608695652,3.10494752623688,1.70753678800799,0.135307664134605,0.382331278225996,0.312314442781322,"XLOC-020834#BMP15-BOVIN#Q6PX77/XLOC-023090#KCC2A-HUMAN#Q9UQM7",2
"GO:1903035","GO:1903035","negative regulation of response to wounding","2/87","46/6213",0.0434782608695652,3.10494752623688,1.70753678800799,0.135307664134605,0.382331278225996,0.312314442781322,"XLOC-026524#KLKB1-RAT#P14272/XLOC-011360#XLOC-011360",2
"GO:0010817","GO:0010817","regulation of hormone levels","6/87","250/6213",0.024,1.71393103448276,1.37303217482096,0.136927554377448,0.382331278225996,0.312314442781322,"XLOC-020834#BMP15-BOVIN#Q6PX77/XLOC-003038#INHBA-MOUSE#Q04998/XLOC-020299#SC5A7-DROME#Q9VE46/XLOC-011874#SY65-APLCA#P41823/XLOC-010031#ACHB4-BOVIN#Q8SPU6/XLOC-025964#NEC1-HUMAN#P29120",6
"GO:0048707","GO:0048707","instar larval or pupal morphogenesis","6/87","250/6213",0.024,1.71393103448276,1.37303217482096,0.136927554377448,0.382331278225996,0.312314442781322,"XLOC-020834#BMP15-BOVIN#Q6PX77/XLOC-008044#MOM5-CAEEL#A0A0K3AWM6/XLOC-000223#BMP1-MOUSE#P98063/XLOC-013477#SIX1B-DANRE#Q6NZ04/XLOC-022943#NR2E3-MOUSE#Q9QXZ7/XLOC-009823#GSH1-HUMAN#P48506",6
"GO:0009410","GO:0009410","response to xenobiotic stimulus","4/87","142/6213",0.028169014084507,2.01165614375911,1.45322825319854,0.137358747721579,0.382331278225996,0.312314442781322,"XLOC-020834#BMP15-BOVIN#Q6PX77/XLOC-006685#KAPR-STRPU#Q26619/XLOC-009823#GSH1-HUMAN#P48506/XLOC-025964#NEC1-HUMAN#P29120",4
"GO:0098771","GO:0098771","inorganic ion homeostasis","7/87","308/6213",0.0227272727272727,1.6230407523511,1.33649923697772,0.139081317421008,0.382331278225996,0.312314442781322,"XLOC-020834#BMP15-BOVIN#Q6PX77/XLOC-008044#MOM5-CAEEL#A0A0K3AWM6/XLOC-025615#S15A2-DANRE#B0S6T2/XLOC-003539#RHBG-DANRE#Q7T070/XLOC-010031#ACHB4-BOVIN#Q8SPU6/XLOC-010665#MYC-MARMO#P22555/XLOC-023090#KCC2A-HUMAN#Q9UQM7",7
"GO:0042060","GO:0042060","wound healing","5/87","196/6213",0.0255102040816327,1.82178043631246,1.39309483345496,0.139320665513733,0.382331278225996,0.312314442781322,"XLOC-026524#KLKB1-RAT#P14272/XLOC-020834#BMP15-BOVIN#Q6PX77/XLOC-008044#MOM5-CAEEL#A0A0K3AWM6/XLOC-010538#LSHR-CHICK#Q90674/XLOC-006685#KAPR-STRPU#Q26619",5
"GO:0002694","GO:0002694","regulation of leukocyte activation","4/87","143/6213",0.027972027972028,1.99758861827827,1.43817591811384,0.13988675201082,0.382331278225996,0.312314442781322,"XLOC-020834#BMP15-BOVIN#Q6PX77/XLOC-016472#COMP-MOUSE#Q9R0G6/XLOC-016646#ADK-PHYPA#O49923/gene-evm.model.ptg000002l.349#ADT1-CAEEL#G5ECS8",4
"GO:0006874","GO:0006874","intracellular calcium ion homeostasis","4/87","143/6213",0.027972027972028,1.99758861827827,1.43817591811384,0.13988675201082,0.382331278225996,0.312314442781322,"XLOC-020834#BMP15-BOVIN#Q6PX77/XLOC-008044#MOM5-CAEEL#A0A0K3AWM6/XLOC-010031#ACHB4-BOVIN#Q8SPU6/XLOC-023090#KCC2A-HUMAN#Q9UQM7",4
"GO:0030665","GO:0030665","clathrin-coated vesicle membrane","2/87","47/6213",0.0425531914893617,3.03888481291269,1.67196319597434,0.140093672237828,0.382331278225996,0.312314442781322,"XLOC-008044#MOM5-CAEEL#A0A0K3AWM6/XLOC-011874#SY65-APLCA#P41823",2
"GO:0048645","GO:0048645","animal organ formation","2/87","47/6213",0.0425531914893617,3.03888481291269,1.67196319597434,0.140093672237828,0.382331278225996,0.312314442781322,"XLOC-020834#BMP15-BOVIN#Q6PX77/XLOC-008044#MOM5-CAEEL#A0A0K3AWM6",2
"GO:0071260","GO:0071260","cellular response to mechanical stimulus","2/87","47/6213",0.0425531914893617,3.03888481291269,1.67196319597434,0.140093672237828,0.382331278225996,0.312314442781322,"XLOC-020834#BMP15-BOVIN#Q6PX77/XLOC-009823#GSH1-HUMAN#P48506",2
"GO:2000181","GO:2000181","negative regulation of blood vessel morphogenesis","2/87","47/6213",0.0425531914893617,3.03888481291269,1.67196319597434,0.140093672237828,0.382331278225996,0.312314442781322,"XLOC-016472#COMP-MOUSE#Q9R0G6/gene-evm.model.ptg000002l.349#ADT1-CAEEL#G5ECS8",2
"GO:0048878","GO:0048878","chemical homeostasis","10/87","486/6213",0.0205761316872428,1.46941961118206,1.28440688838652,0.140124338015905,0.382331278225996,0.312314442781322,"XLOC-020834#BMP15-BOVIN#Q6PX77/XLOC-008044#MOM5-CAEEL#A0A0K3AWM6/XLOC-025615#S15A2-DANRE#B0S6T2/XLOC-003539#RHBG-DANRE#Q7T070/XLOC-006685#KAPR-STRPU#Q26619/gene-evm.model.ptg000022l.478#GSH0-HUMAN#P48507/XLOC-009823#GSH1-HUMAN#P48506/XLOC-010031#ACHB4-BOVIN#Q8SPU6/XLOC-010665#MYC-MARMO#P22555/XLOC-023090#KCC2A-HUMAN#Q9UQM7",10
"GO:1902533","GO:1902533","positive regulation of intracellular signal transduction","9/87","427/6213",0.0210772833723653,1.50520875393685,1.2890876377896,0.141626469819796,0.382331278225996,0.312314442781322,"XLOC-023693#TRLF-DESRO#K9IMD0/XLOC-020834#BMP15-BOVIN#Q6PX77/XLOC-008044#MOM5-CAEEL#A0A0K3AWM6/XLOC-016472#COMP-MOUSE#Q9R0G6/XLOC-006335#GREM1-CHICK#O73755/XLOC-020923#WNT11-HUMAN#O96014/gene-evm.model.ptg000002l.349#ADT1-CAEEL#G5ECS8/XLOC-010031#ACHB4-BOVIN#Q8SPU6/XLOC-023090#KCC2A-HUMAN#Q9UQM7",9
"GO:0045995","GO:0045995","regulation of embryonic development","4/87","144/6213",0.0277777777777778,1.98371647509579,1.4232443742913,0.142433619650494,0.382331278225996,0.312314442781322,"XLOC-020834#BMP15-BOVIN#Q6PX77/XLOC-008044#MOM5-CAEEL#A0A0K3AWM6/XLOC-013477#SIX1B-DANRE#Q6NZ04/novel-gene-chr14-4172#SIX2-MOUSE#Q62232",4
"GO:0031346","GO:0031346","positive regulation of cell projection organization","6/87","253/6213",0.0237154150197628,1.69360774158375,1.34226391873968,0.142534584421659,0.382331278225996,0.312314442781322,"XLOC-020834#BMP15-BOVIN#Q6PX77/XLOC-008044#MOM5-CAEEL#A0A0K3AWM6/XLOC-022943#NR2E3-MOUSE#Q9QXZ7/gene-evm.model.ptg000004l.40#FA5-MOUSE#O88783/XLOC-020923#WNT11-HUMAN#O96014/XLOC-004104#XLOC-004104",6
"GO:0043009","GO:0043009","chordate embryonic development","8/87","369/6213",0.021680216802168,1.54826651714793,1.29400709394786,0.143575432650424,0.382331278225996,0.312314442781322,"XLOC-006454#GSC-PONPY#A2T7P4/XLOC-020834#BMP15-BOVIN#Q6PX77/XLOC-008044#MOM5-CAEEL#A0A0K3AWM6/XLOC-013477#SIX1B-DANRE#Q6NZ04/XLOC-013652#HXD3-HAPBU#A8DT10/XLOC-013035#HXA4-LINSA#P81192/novel-gene-chr14-4172#SIX2-MOUSE#Q62232/XLOC-010665#MYC-MARMO#P22555",8
"GO:0000146","GO:0000146","microfilament motor activity","1/87","11/6213",0.0909090909090909,6.49216300940439,2.172504746675,0.143795776112766,0.382331278225996,0.312314442781322,"XLOC-004696#MYS-ARGIR#P24733",1
"GO:0001674","GO:0001674","female germ cell nucleus","1/87","11/6213",0.0909090909090909,6.49216300940439,2.172504746675,0.143795776112766,0.382331278225996,0.312314442781322,"XLOC-006685#KAPR-STRPU#Q26619",1
"GO:0001976","GO:0001976","nervous system process involved in regulation of systemic arterial blood pressure","1/87","11/6213",0.0909090909090909,6.49216300940439,2.172504746675,0.143795776112766,0.382331278225996,0.312314442781322,"XLOC-010031#ACHB4-BOVIN#Q8SPU6",1
"GO:0003091","GO:0003091","renal water homeostasis","1/87","11/6213",0.0909090909090909,6.49216300940439,2.172504746675,0.143795776112766,0.382331278225996,0.312314442781322,"XLOC-006685#KAPR-STRPU#Q26619",1
"GO:0004364","GO:0004364","glutathione transferase activity","1/87","11/6213",0.0909090909090909,6.49216300940439,2.172504746675,0.143795776112766,0.382331278225996,0.312314442781322,"gene-evm.model.ptg000020l.16#MAAI-MOUSE#Q9WVL0",1
"GO:0006658","GO:0006658","phosphatidylserine metabolic process","1/87","11/6213",0.0909090909090909,6.49216300940439,2.172504746675,0.143795776112766,0.382331278225996,0.312314442781322,"XLOC-022911#PA2B-BUNFA#A6MEY4",1
"GO:0007362","GO:0007362","terminal region determination","1/87","11/6213",0.0909090909090909,6.49216300940439,2.172504746675,0.143795776112766,0.382331278225996,0.312314442781322,"XLOC-000223#BMP1-MOUSE#P98063",1
"GO:0007440","GO:0007440","foregut morphogenesis","1/87","11/6213",0.0909090909090909,6.49216300940439,2.172504746675,0.143795776112766,0.382331278225996,0.312314442781322,"XLOC-020834#BMP15-BOVIN#Q6PX77",1
"GO:0008239","GO:0008239","dipeptidyl-peptidase activity","1/87","11/6213",0.0909090909090909,6.49216300940439,2.172504746675,0.143795776112766,0.382331278225996,0.312314442781322,"XLOC-004937#FOLH1-RAT#P70627",1
"GO:0008343","GO:0008343","adult feeding behavior","1/87","11/6213",0.0909090909090909,6.49216300940439,2.172504746675,0.143795776112766,0.382331278225996,0.312314442781322,"XLOC-016414#GRM4-MOUSE#Q68EF4",1
"GO:0008378","GO:0008378","galactosyltransferase activity","1/87","11/6213",0.0909090909090909,6.49216300940439,2.172504746675,0.143795776112766,0.382331278225996,0.312314442781322,"XLOC-009355#B3GA3-HUMAN#O94766",1
"GO:0010894","GO:0010894","negative regulation of steroid biosynthetic process","1/87","11/6213",0.0909090909090909,6.49216300940439,2.172504746675,0.143795776112766,0.382331278225996,0.312314442781322,"XLOC-020834#BMP15-BOVIN#Q6PX77",1
"GO:0017080","GO:0017080","sodium channel regulator activity","1/87","11/6213",0.0909090909090909,6.49216300940439,2.172504746675,0.143795776112766,0.382331278225996,0.312314442781322,"XLOC-023090#KCC2A-HUMAN#Q9UQM7",1
"GO:0019206","GO:0019206","nucleoside kinase activity","1/87","11/6213",0.0909090909090909,6.49216300940439,2.172504746675,0.143795776112766,0.382331278225996,0.312314442781322,"XLOC-016646#ADK-PHYPA#O49923",1
"GO:0021794","GO:0021794","thalamus development","1/87","11/6213",0.0909090909090909,6.49216300940439,2.172504746675,0.143795776112766,0.382331278225996,0.312314442781322,"XLOC-009352#ODO1-BOVIN#Q148N0",1
"GO:0031033","GO:0031033","myosin filament organization","1/87","11/6213",0.0909090909090909,6.49216300940439,2.172504746675,0.143795776112766,0.382331278225996,0.312314442781322,"XLOC-004696#MYS-ARGIR#P24733",1
"GO:0031034","GO:0031034","myosin filament assembly","1/87","11/6213",0.0909090909090909,6.49216300940439,2.172504746675,0.143795776112766,0.382331278225996,0.312314442781322,"XLOC-004696#MYS-ARGIR#P24733",1
"GO:0031210","GO:0031210","phosphatidylcholine binding","1/87","11/6213",0.0909090909090909,6.49216300940439,2.172504746675,0.143795776112766,0.382331278225996,0.312314442781322,"gene-evm.model.ptg000010l.70#ESYT2-MOUSE#Q3TZZ7",1
"GO:0033194","GO:0033194","response to hydroperoxide","1/87","11/6213",0.0909090909090909,6.49216300940439,2.172504746675,0.143795776112766,0.382331278225996,0.312314442781322,"XLOC-022275#T53I2-HUMAN#Q8IXH6",1
"GO:0033334","GO:0033334","fin morphogenesis","1/87","11/6213",0.0909090909090909,6.49216300940439,2.172504746675,0.143795776112766,0.382331278225996,0.312314442781322,"XLOC-000223#BMP1-MOUSE#P98063",1
"GO:0034374","GO:0034374","low-density lipoprotein particle remodeling","1/87","11/6213",0.0909090909090909,6.49216300940439,2.172504746675,0.143795776112766,0.382331278225996,0.312314442781322,"XLOC-022911#PA2B-BUNFA#A6MEY4",1
"GO:0039531","GO:0039531","regulation of cytoplasmic pattern recognition receptor signaling pathway","1/87","11/6213",0.0909090909090909,6.49216300940439,2.172504746675,0.143795776112766,0.382331278225996,0.312314442781322,"gene-evm.model.ptg000021l.117#UFD1-RAT#Q9ES53",1
"GO:0042415","GO:0042415","norepinephrine metabolic process","1/87","11/6213",0.0909090909090909,6.49216300940439,2.172504746675,0.143795776112766,0.382331278225996,0.312314442781322,"XLOC-020686#MOXD1-DANRE#Q5TZ24",1
"GO:0042481","GO:0042481","regulation of odontogenesis","1/87","11/6213",0.0909090909090909,6.49216300940439,2.172504746675,0.143795776112766,0.382331278225996,0.312314442781322,"XLOC-020834#BMP15-BOVIN#Q6PX77",1
"GO:0043050","GO:0043050","nematode pharyngeal pumping","1/87","11/6213",0.0909090909090909,6.49216300940439,2.172504746675,0.143795776112766,0.382331278225996,0.312314442781322,"XLOC-004696#MYS-ARGIR#P24733",1
"GO:0043101","GO:0043101","purine-containing compound salvage","1/87","11/6213",0.0909090909090909,6.49216300940439,2.172504746675,0.143795776112766,0.382331278225996,0.312314442781322,"XLOC-016646#ADK-PHYPA#O49923",1
"GO:0043174","GO:0043174","nucleoside salvage","1/87","11/6213",0.0909090909090909,6.49216300940439,2.172504746675,0.143795776112766,0.382331278225996,0.312314442781322,"XLOC-016646#ADK-PHYPA#O49923",1
"GO:0045239","GO:0045239","tricarboxylic acid cycle heteromeric enzyme complex","1/87","11/6213",0.0909090909090909,6.49216300940439,2.172504746675,0.143795776112766,0.382331278225996,0.312314442781322,"XLOC-009352#ODO1-BOVIN#Q148N0",1
"GO:0045939","GO:0045939","negative regulation of steroid metabolic process","1/87","11/6213",0.0909090909090909,6.49216300940439,2.172504746675,0.143795776112766,0.382331278225996,0.312314442781322,"XLOC-020834#BMP15-BOVIN#Q6PX77",1
"GO:0048368","GO:0048368","lateral mesoderm development","1/87","11/6213",0.0909090909090909,6.49216300940439,2.172504746675,0.143795776112766,0.382331278225996,0.312314442781322,"XLOC-003038#INHBA-MOUSE#Q04998",1
"GO:0048702","GO:0048702","embryonic neurocranium morphogenesis","1/87","11/6213",0.0909090909090909,6.49216300940439,2.172504746675,0.143795776112766,0.382331278225996,0.312314442781322,"XLOC-013035#HXA4-LINSA#P81192",1
"GO:0048715","GO:0048715","negative regulation of oligodendrocyte differentiation","1/87","11/6213",0.0909090909090909,6.49216300940439,2.172504746675,0.143795776112766,0.382331278225996,0.312314442781322,"XLOC-020834#BMP15-BOVIN#Q6PX77",1
"GO:0050650","GO:0050650","chondroitin sulfate proteoglycan biosynthetic process","1/87","11/6213",0.0909090909090909,6.49216300940439,2.172504746675,0.143795776112766,0.382331278225996,0.312314442781322,"XLOC-009355#B3GA3-HUMAN#O94766",1
"GO:0050997","GO:0050997","quaternary ammonium group binding","1/87","11/6213",0.0909090909090909,6.49216300940439,2.172504746675,0.143795776112766,0.382331278225996,0.312314442781322,"gene-evm.model.ptg000010l.70#ESYT2-MOUSE#Q3TZZ7",1
"GO:0060252","GO:0060252","positive regulation of glial cell proliferation","1/87","11/6213",0.0909090909090909,6.49216300940439,2.172504746675,0.143795776112766,0.382331278225996,0.312314442781322,"XLOC-010665#MYC-MARMO#P22555",1
"GO:0062009","GO:0062009","secondary palate development","1/87","11/6213",0.0909090909090909,6.49216300940439,2.172504746675,0.143795776112766,0.382331278225996,0.312314442781322,"XLOC-008044#MOM5-CAEEL#A0A0K3AWM6",1
"GO:0070987","GO:0070987","error-free translesion synthesis","1/87","11/6213",0.0909090909090909,6.49216300940439,2.172504746675,0.143795776112766,0.382331278225996,0.312314442781322,"gene-evm.model.ptg000021l.117#UFD1-RAT#Q9ES53",1
"GO:0071554","GO:0071554","cell wall organization or biogenesis","1/87","11/6213",0.0909090909090909,6.49216300940439,2.172504746675,0.143795776112766,0.382331278225996,0.312314442781322,"XLOC-010665#MYC-MARMO#P22555",1
"GO:0072375","GO:0072375","medium-term memory","1/87","11/6213",0.0909090909090909,6.49216300940439,2.172504746675,0.143795776112766,0.382331278225996,0.312314442781322,"XLOC-023090#KCC2A-HUMAN#Q9UQM7",1
"GO:0090030","GO:0090030","regulation of steroid hormone biosynthetic process","1/87","11/6213",0.0909090909090909,6.49216300940439,2.172504746675,0.143795776112766,0.382331278225996,0.312314442781322,"XLOC-020834#BMP15-BOVIN#Q6PX77",1
"GO:0090075","GO:0090075","relaxation of muscle","1/87","11/6213",0.0909090909090909,6.49216300940439,2.172504746675,0.143795776112766,0.382331278225996,0.312314442781322,"XLOC-023090#KCC2A-HUMAN#Q9UQM7",1
"GO:0098901","GO:0098901","regulation of cardiac muscle cell action potential","1/87","11/6213",0.0909090909090909,6.49216300940439,2.172504746675,0.143795776112766,0.382331278225996,0.312314442781322,"XLOC-023090#KCC2A-HUMAN#Q9UQM7",1
"GO:0098960","GO:0098960","postsynaptic neurotransmitter receptor activity","1/87","11/6213",0.0909090909090909,6.49216300940439,2.172504746675,0.143795776112766,0.382331278225996,0.312314442781322,"XLOC-010031#ACHB4-BOVIN#Q8SPU6",1
"GO:0099054","GO:0099054","presynapse assembly","1/87","11/6213",0.0909090909090909,6.49216300940439,2.172504746675,0.143795776112766,0.382331278225996,0.312314442781322,"XLOC-008044#MOM5-CAEEL#A0A0K3AWM6",1
"GO:0099116","GO:0099116","tRNA 5'-end processing","1/87","11/6213",0.0909090909090909,6.49216300940439,2.172504746675,0.143795776112766,0.382331278225996,0.312314442781322,"XLOC-016437#UBP14-PANTR#P60051",1
"GO:1902003","GO:1902003","regulation of amyloid-beta formation","1/87","11/6213",0.0909090909090909,6.49216300940439,2.172504746675,0.143795776112766,0.382331278225996,0.312314442781322,"XLOC-010031#ACHB4-BOVIN#Q8SPU6",1
"GO:1903538","GO:1903538","regulation of meiotic cell cycle process involved in oocyte maturation","1/87","11/6213",0.0909090909090909,6.49216300940439,2.172504746675,0.143795776112766,0.382331278225996,0.312314442781322,"XLOC-006685#KAPR-STRPU#Q26619",1
"GO:1903779","GO:1903779","regulation of cardiac conduction","1/87","11/6213",0.0909090909090909,6.49216300940439,2.172504746675,0.143795776112766,0.382331278225996,0.312314442781322,"XLOC-023090#KCC2A-HUMAN#Q9UQM7",1
"GO:1904115","GO:1904115","axon cytoplasm","1/87","11/6213",0.0909090909090909,6.49216300940439,2.172504746675,0.143795776112766,0.382331278225996,0.312314442781322,"XLOC-023090#KCC2A-HUMAN#Q9UQM7",1
"GO:1904948","GO:1904948","midbrain dopaminergic neuron differentiation","1/87","11/6213",0.0909090909090909,6.49216300940439,2.172504746675,0.143795776112766,0.382331278225996,0.312314442781322,"XLOC-008044#MOM5-CAEEL#A0A0K3AWM6",1
"GO:1905483","GO:1905483","regulation of motor neuron migration","1/87","11/6213",0.0909090909090909,6.49216300940439,2.172504746675,0.143795776112766,0.382331278225996,0.312314442781322,"XLOC-020923#WNT11-HUMAN#O96014",1
"GO:1990909","GO:1990909","Wnt signalosome","1/87","11/6213",0.0909090909090909,6.49216300940439,2.172504746675,0.143795776112766,0.382331278225996,0.312314442781322,"XLOC-008044#MOM5-CAEEL#A0A0K3AWM6",1
"GO:2000108","GO:2000108","positive regulation of leukocyte apoptotic process","1/87","11/6213",0.0909090909090909,6.49216300940439,2.172504746675,0.143795776112766,0.382331278225996,0.312314442781322,"XLOC-010665#MYC-MARMO#P22555",1
"GO:0007167","GO:0007167","enzyme-linked receptor protein signaling pathway","7/87","311/6213",0.022508038585209,1.60738441068855,1.30957714333935,0.144153655468551,0.382331278225996,0.312314442781322,"XLOC-020834#BMP15-BOVIN#Q6PX77/XLOC-003038#INHBA-MOUSE#Q04998/XLOC-006335#GREM1-CHICK#O73755/XLOC-000223#BMP1-MOUSE#P98063/XLOC-025407#AGRIN-HUMAN#O00468/XLOC-003648#DAND5-MOUSE#Q76LW6/XLOC-004104#XLOC-004104",7
"GO:0048489","GO:0048489","synaptic vesicle transport","3/87","94/6213",0.0319148936170213,2.27916360968452,1.4891438411999,0.14427551188396,0.382331278225996,0.312314442781322,"XLOC-011874#SY65-APLCA#P41823/gene-evm.model.ptg000010l.70#ESYT2-MOUSE#Q3TZZ7/XLOC-015788#OTOF-HUMAN#Q9HC10",3
"GO:0097480","GO:0097480","establishment of synaptic vesicle localization","3/87","94/6213",0.0319148936170213,2.27916360968452,1.4891438411999,0.14427551188396,0.382331278225996,0.312314442781322,"XLOC-011874#SY65-APLCA#P41823/gene-evm.model.ptg000010l.70#ESYT2-MOUSE#Q3TZZ7/XLOC-015788#OTOF-HUMAN#Q9HC10",3
"GO:0002761","GO:0002761","regulation of myeloid leukocyte differentiation","2/87","48/6213",0.0416666666666667,2.97557471264368,1.63732310495944,0.144916313291706,0.382331278225996,0.312314442781322,"XLOC-023693#TRLF-DESRO#K9IMD0/XLOC-010665#MYC-MARMO#P22555",2
"GO:0002792","GO:0002792","negative regulation of peptide secretion","2/87","48/6213",0.0416666666666667,2.97557471264368,1.63732310495944,0.144916313291706,0.382331278225996,0.312314442781322,"XLOC-003038#INHBA-MOUSE#Q04998/XLOC-010538#LSHR-CHICK#Q90674",2
"GO:0005178","GO:0005178","integrin binding","2/87","48/6213",0.0416666666666667,2.97557471264368,1.63732310495944,0.144916313291706,0.382331278225996,0.312314442781322,"XLOC-016472#COMP-MOUSE#Q9R0G6/gene-evm.model.ptg000002l.349#ADT1-CAEEL#G5ECS8",2
"GO:0030175","GO:0030175","filopodium","2/87","48/6213",0.0416666666666667,2.97557471264368,1.63732310495944,0.144916313291706,0.382331278225996,0.312314442781322,"XLOC-015786#XLOC-015786/XLOC-004104#XLOC-004104",2
"GO:0032873","GO:0032873","negative regulation of stress-activated MAPK cascade","2/87","48/6213",0.0416666666666667,2.97557471264368,1.63732310495944,0.144916313291706,0.382331278225996,0.312314442781322,"XLOC-020938#SPB6-MOUSE#Q60854/XLOC-010665#MYC-MARMO#P22555",2
"GO:0042659","GO:0042659","regulation of cell fate specification","2/87","48/6213",0.0416666666666667,2.97557471264368,1.63732310495944,0.144916313291706,0.382331278225996,0.312314442781322,"XLOC-020834#BMP15-BOVIN#Q6PX77/XLOC-008044#MOM5-CAEEL#A0A0K3AWM6",2
"GO:0045773","GO:0045773","positive regulation of axon extension","2/87","48/6213",0.0416666666666667,2.97557471264368,1.63732310495944,0.144916313291706,0.382331278225996,0.312314442781322,"XLOC-008044#MOM5-CAEEL#A0A0K3AWM6/XLOC-022943#NR2E3-MOUSE#Q9QXZ7",2
"GO:0070303","GO:0070303","negative regulation of stress-activated protein kinase signaling cascade","2/87","48/6213",0.0416666666666667,2.97557471264368,1.63732310495944,0.144916313291706,0.382331278225996,0.312314442781322,"XLOC-020938#SPB6-MOUSE#Q60854/XLOC-010665#MYC-MARMO#P22555",2
"GO:0045087","GO:0045087","innate immune response","4/87","145/6213",0.0275862068965517,1.97003567181926,1.4084316433755,0.144999103764643,0.382331278225996,0.312314442781322,"XLOC-023693#TRLF-DESRO#K9IMD0/XLOC-020834#BMP15-BOVIN#Q6PX77/XLOC-010665#MYC-MARMO#P22555/XLOC-023090#KCC2A-HUMAN#Q9UQM7",4
"GO:0060359","GO:0060359","response to ammonium ion","3/87","95/6213",0.0315789473684211,2.2551724137931,1.46908628964715,0.147557408480159,0.382873043185208,0.312756993603059,"XLOC-010031#ACHB4-BOVIN#Q8SPU6/XLOC-025964#NEC1-HUMAN#P29120/XLOC-010665#MYC-MARMO#P22555",3
"GO:0097479","GO:0097479","synaptic vesicle localization","3/87","95/6213",0.0315789473684211,2.2551724137931,1.46908628964715,0.147557408480159,0.382873043185208,0.312756993603059,"XLOC-011874#SY65-APLCA#P41823/gene-evm.model.ptg000010l.70#ESYT2-MOUSE#Q3TZZ7/XLOC-015788#OTOF-HUMAN#Q9HC10",3
"GO:1902105","GO:1902105","regulation of leukocyte differentiation","3/87","95/6213",0.0315789473684211,2.2551724137931,1.46908628964715,0.147557408480159,0.382873043185208,0.312756993603059,"XLOC-023693#TRLF-DESRO#K9IMD0/XLOC-020834#BMP15-BOVIN#Q6PX77/XLOC-010665#MYC-MARMO#P22555",3
"GO:0035220","GO:0035220","wing disc development","5/87","200/6213",0.025,1.78534482758621,1.3452922405602,0.147962264042449,0.382873043185208,0.312756993603059,"XLOC-020834#BMP15-BOVIN#Q6PX77/XLOC-008044#MOM5-CAEEL#A0A0K3AWM6/XLOC-000223#BMP1-MOUSE#P98063/XLOC-022943#NR2E3-MOUSE#Q9QXZ7/XLOC-009823#GSH1-HUMAN#P48506",5
"GO:0006887","GO:0006887","exocytosis","8/87","372/6213",0.021505376344086,1.53578049684835,1.26999385933363,0.148288234930022,0.382873043185208,0.312756993603059,"XLOC-021454#SPB3-HUMAN#P29508/XLOC-016472#COMP-MOUSE#Q9R0G6/XLOC-020938#SPB6-MOUSE#Q60854/XLOC-011874#SY65-APLCA#P41823/gene-evm.model.ptg000010l.70#ESYT2-MOUSE#Q3TZZ7/XLOC-026123#MGA-HUMAN#O43451/gene-evm.model.ptg000002l.349#ADT1-CAEEL#G5ECS8/XLOC-015788#OTOF-HUMAN#Q9HC10",8
"GO:0003279","GO:0003279","cardiac septum development","2/87","49/6213",0.0408163265306122,2.91484869809993,1.60357044191616,0.149773656789363,0.382873043185208,0.312756993603059,"XLOC-020834#BMP15-BOVIN#Q6PX77/XLOC-008044#MOM5-CAEEL#A0A0K3AWM6",2
"GO:0034101","GO:0034101","erythrocyte homeostasis","2/87","49/6213",0.0408163265306122,2.91484869809993,1.60357044191616,0.149773656789363,0.382873043185208,0.312756993603059,"XLOC-020834#BMP15-BOVIN#Q6PX77/XLOC-003539#RHBG-DANRE#Q7T070",2
"GO:0043401","GO:0043401","steroid hormone receptor signaling pathway","2/87","49/6213",0.0408163265306122,2.91484869809993,1.60357044191616,0.149773656789363,0.382873043185208,0.312756993603059,"XLOC-020834#BMP15-BOVIN#Q6PX77/XLOC-022275#T53I2-HUMAN#Q8IXH6",2
"GO:0048145","GO:0048145","regulation of fibroblast proliferation","2/87","49/6213",0.0408163265306122,2.91484869809993,1.60357044191616,0.149773656789363,0.382873043185208,0.312756993603059,"XLOC-022275#T53I2-HUMAN#Q8IXH6/XLOC-010665#MYC-MARMO#P22555",2
"GO:0098802","GO:0098802","plasma membrane signaling receptor complex","2/87","49/6213",0.0408163265306122,2.91484869809993,1.60357044191616,0.149773656789363,0.382873043185208,0.312756993603059,"XLOC-020834#BMP15-BOVIN#Q6PX77/XLOC-010031#ACHB4-BOVIN#Q8SPU6",2
"GO:0101005","GO:0101005","deubiquitinase activity","2/87","49/6213",0.0408163265306122,2.91484869809993,1.60357044191616,0.149773656789363,0.382873043185208,0.312756993603059,"XLOC-016437#UBP14-PANTR#P60051/gene-evm.model.ptg000021l.117#UFD1-RAT#Q9ES53",2
"GO:0006836","GO:0006836","neurotransmitter transport","4/87","147/6213",0.0272108843537415,1.94323246539995,1.37915493707964,0.150184923548412,0.382873043185208,0.312756993603059,"XLOC-020299#SC5A7-DROME#Q9VE46/XLOC-011874#SY65-APLCA#P41823/gene-evm.model.ptg000010l.70#ESYT2-MOUSE#Q3TZZ7/XLOC-015788#OTOF-HUMAN#Q9HC10",4
"GO:0030136","GO:0030136","clathrin-coated vesicle","3/87","96/6213",0.03125,2.23168103448276,1.44927728042972,0.150863854092505,0.382873043185208,0.312756993603059,"XLOC-008044#MOM5-CAEEL#A0A0K3AWM6/XLOC-020299#SC5A7-DROME#Q9VE46/XLOC-011874#SY65-APLCA#P41823",3
"GO:0070372","GO:0070372","regulation of ERK1 and ERK2 cascade","3/87","96/6213",0.03125,2.23168103448276,1.44927728042972,0.150863854092505,0.382873043185208,0.312756993603059,"XLOC-020834#BMP15-BOVIN#Q6PX77/XLOC-010031#ACHB4-BOVIN#Q8SPU6/XLOC-023090#KCC2A-HUMAN#Q9UQM7",3
"GO:0010563","GO:0010563","negative regulation of phosphorus metabolic process","7/87","315/6213",0.0222222222222222,1.58697318007663,1.27411316848914,0.15105582245298,0.382873043185208,0.312756993603059,"XLOC-020834#BMP15-BOVIN#Q6PX77/XLOC-020938#SPB6-MOUSE#Q60854/XLOC-006335#GREM1-CHICK#O73755/XLOC-006685#KAPR-STRPU#Q26619/gene-evm.model.ptg000012l.503-1#DJC10-XENLA#Q6NRT6/XLOC-010031#ACHB4-BOVIN#Q8SPU6/XLOC-010665#MYC-MARMO#P22555",7
"GO:0045936","GO:0045936","negative regulation of phosphate metabolic process","7/87","315/6213",0.0222222222222222,1.58697318007663,1.27411316848914,0.15105582245298,0.382873043185208,0.312756993603059,"XLOC-020834#BMP15-BOVIN#Q6PX77/XLOC-020938#SPB6-MOUSE#Q60854/XLOC-006335#GREM1-CHICK#O73755/XLOC-006685#KAPR-STRPU#Q26619/gene-evm.model.ptg000012l.503-1#DJC10-XENLA#Q6NRT6/XLOC-010031#ACHB4-BOVIN#Q8SPU6/XLOC-010665#MYC-MARMO#P22555",7
"GO:0007552","GO:0007552","metamorphosis","6/87","258/6213",0.0232558139534884,1.6607858861267,1.29186336298047,0.152115401851213,0.382873043185208,0.312756993603059,"XLOC-020834#BMP15-BOVIN#Q6PX77/XLOC-008044#MOM5-CAEEL#A0A0K3AWM6/XLOC-000223#BMP1-MOUSE#P98063/XLOC-013477#SIX1B-DANRE#Q6NZ04/XLOC-022943#NR2E3-MOUSE#Q9QXZ7/XLOC-009823#GSH1-HUMAN#P48506",6
"GO:2000241","GO:2000241","regulation of reproductive process","5/87","202/6213",0.0247524752475248,1.76766814612496,1.32179070814223,0.152368603731821,0.382873043185208,0.312756993603059,"XLOC-020834#BMP15-BOVIN#Q6PX77/XLOC-003038#INHBA-MOUSE#Q04998/XLOC-004696#MYS-ARGIR#P24733/XLOC-006685#KAPR-STRPU#Q26619/XLOC-023090#KCC2A-HUMAN#Q9UQM7",5
"GO:0043197","GO:0043197","dendritic spine","3/87","97/6213",0.0309278350515464,2.20867401350871,1.42971069927697,0.154194278706871,0.382873043185208,0.312756993603059,"XLOC-006685#KAPR-STRPU#Q26619/XLOC-004104#XLOC-004104/XLOC-010031#ACHB4-BOVIN#Q8SPU6",3
"GO:0010324","GO:0010324","membrane invagination","2/87","50/6213",0.04,2.85655172413793,1.57066232011497,0.154663817956999,0.382873043185208,0.312756993603059,"XLOC-016472#COMP-MOUSE#Q9R0G6/gene-evm.model.ptg000002l.349#ADT1-CAEEL#G5ECS8",2
"GO:0016298","GO:0016298","lipase activity","2/87","50/6213",0.04,2.85655172413793,1.57066232011497,0.154663817956999,0.382873043185208,0.312756993603059,"XLOC-022911#PA2B-BUNFA#A6MEY4/XLOC-020365#PA2-BOMTE#P82971",2
"GO:0050829","GO:0050829","defense response to Gram-negative bacterium","2/87","50/6213",0.04,2.85655172413793,1.57066232011497,0.154663817956999,0.382873043185208,0.312756993603059,"XLOC-023693#TRLF-DESRO#K9IMD0/XLOC-020834#BMP15-BOVIN#Q6PX77",2
"GO:0050866","GO:0050866","negative regulation of cell activation","2/87","50/6213",0.04,2.85655172413793,1.57066232011497,0.154663817956999,0.382873043185208,0.312756993603059,"XLOC-020834#BMP15-BOVIN#Q6PX77/XLOC-009823#GSH1-HUMAN#P48506",2
"GO:0051092","GO:0051092","positive regulation of NF-kappaB transcription factor activity","2/87","50/6213",0.04,2.85655172413793,1.57066232011497,0.154663817956999,0.382873043185208,0.312756993603059,"XLOC-023693#TRLF-DESRO#K9IMD0/XLOC-006335#GREM1-CHICK#O73755",2
"GO:0060047","GO:0060047","heart contraction","2/87","50/6213",0.04,2.85655172413793,1.57066232011497,0.154663817956999,0.382873043185208,0.312756993603059,"XLOC-004696#MYS-ARGIR#P24733/XLOC-023090#KCC2A-HUMAN#Q9UQM7",2
"GO:1901605","GO:1901605","alpha-amino acid metabolic process","4/87","149/6213",0.0268456375838926,1.91714880814626,1.35033087408542,0.155442196288127,0.382873043185208,0.312756993603059,"XLOC-021709#BHMT1-BOVIN#Q5I597/gene-evm.model.ptg000020l.16#MAAI-MOUSE#Q9WVL0/gene-evm.model.ptg000022l.478#GSH0-HUMAN#P48507/XLOC-009823#GSH1-HUMAN#P48506",4
"GO:0001223","GO:0001223","transcription coactivator binding","1/87","12/6213",0.0833333333333333,5.95114942528736,2.04575039853747,0.155806380349816,0.382873043185208,0.312756993603059,"XLOC-013477#SIX1B-DANRE#Q6NZ04",1
"GO:0001906","GO:0001906","cell killing","1/87","12/6213",0.0833333333333333,5.95114942528736,2.04575039853747,0.155806380349816,0.382873043185208,0.312756993603059,"XLOC-023693#TRLF-DESRO#K9IMD0",1
"GO:0001935","GO:0001935","endothelial cell proliferation","1/87","12/6213",0.0833333333333333,5.95114942528736,2.04575039853747,0.155806380349816,0.382873043185208,0.312756993603059,"XLOC-020834#BMP15-BOVIN#Q6PX77",1
"GO:0002902","GO:0002902","regulation of B cell apoptotic process","1/87","12/6213",0.0833333333333333,5.95114942528736,2.04575039853747,0.155806380349816,0.382873043185208,0.312756993603059,"XLOC-010665#MYC-MARMO#P22555",1
"GO:0003179","GO:0003179","heart valve morphogenesis","1/87","12/6213",0.0833333333333333,5.95114942528736,2.04575039853747,0.155806380349816,0.382873043185208,0.312756993603059,"XLOC-020834#BMP15-BOVIN#Q6PX77",1
"GO:0003203","GO:0003203","endocardial cushion morphogenesis","1/87","12/6213",0.0833333333333333,5.95114942528736,2.04575039853747,0.155806380349816,0.382873043185208,0.312756993603059,"XLOC-020834#BMP15-BOVIN#Q6PX77",1
"GO:0006559","GO:0006559","L-phenylalanine catabolic process","1/87","12/6213",0.0833333333333333,5.95114942528736,2.04575039853747,0.155806380349816,0.382873043185208,0.312756993603059,"gene-evm.model.ptg000020l.16#MAAI-MOUSE#Q9WVL0",1
"GO:0007392","GO:0007392","initiation of dorsal closure","1/87","12/6213",0.0833333333333333,5.95114942528736,2.04575039853747,0.155806380349816,0.382873043185208,0.312756993603059,"XLOC-020834#BMP15-BOVIN#Q6PX77",1
"GO:0007449","GO:0007449","proximal/distal pattern formation, imaginal disc","1/87","12/6213",0.0833333333333333,5.95114942528736,2.04575039853747,0.155806380349816,0.382873043185208,0.312756993603059,"XLOC-020834#BMP15-BOVIN#Q6PX77",1
"GO:0007501","GO:0007501","mesodermal cell fate specification","1/87","12/6213",0.0833333333333333,5.95114942528736,2.04575039853747,0.155806380349816,0.382873043185208,0.312756993603059,"XLOC-013477#SIX1B-DANRE#Q6NZ04",1
"GO:0009086","GO:0009086","methionine biosynthetic process","1/87","12/6213",0.0833333333333333,5.95114942528736,2.04575039853747,0.155806380349816,0.382873043185208,0.312756993603059,"XLOC-021709#BHMT1-BOVIN#Q5I597",1
"GO:0009415","GO:0009415","response to water","1/87","12/6213",0.0833333333333333,5.95114942528736,2.04575039853747,0.155806380349816,0.382873043185208,0.312756993603059,"XLOC-010665#MYC-MARMO#P22555",1
"GO:0010092","GO:0010092","specification of animal organ identity","1/87","12/6213",0.0833333333333333,5.95114942528736,2.04575039853747,0.155806380349816,0.382873043185208,0.312756993603059,"XLOC-020834#BMP15-BOVIN#Q6PX77",1
"GO:0010160","GO:0010160","formation of animal organ boundary","1/87","12/6213",0.0833333333333333,5.95114942528736,2.04575039853747,0.155806380349816,0.382873043185208,0.312756993603059,"XLOC-008044#MOM5-CAEEL#A0A0K3AWM6",1
"GO:0010460","GO:0010460","positive regulation of heart rate","1/87","12/6213",0.0833333333333333,5.95114942528736,2.04575039853747,0.155806380349816,0.382873043185208,0.312756993603059,"XLOC-010031#ACHB4-BOVIN#Q8SPU6",1
"GO:0010918","GO:0010918","positive regulation of mitochondrial membrane potential","1/87","12/6213",0.0833333333333333,5.95114942528736,2.04575039853747,0.155806380349816,0.382873043185208,0.312756993603059,"XLOC-010665#MYC-MARMO#P22555",1
"GO:0014850","GO:0014850","response to muscle activity","1/87","12/6213",0.0833333333333333,5.95114942528736,2.04575039853747,0.155806380349816,0.382873043185208,0.312756993603059,"XLOC-004696#MYS-ARGIR#P24733",1
"GO:0014888","GO:0014888","striated muscle adaptation","1/87","12/6213",0.0833333333333333,5.95114942528736,2.04575039853747,0.155806380349816,0.382873043185208,0.312756993603059,"XLOC-004696#MYS-ARGIR#P24733",1
"GO:0016318","GO:0016318","ommatidial rotation","1/87","12/6213",0.0833333333333333,5.95114942528736,2.04575039853747,0.155806380349816,0.382873043185208,0.312756993603059,"XLOC-008044#MOM5-CAEEL#A0A0K3AWM6",1
"GO:0021604","GO:0021604","cranial nerve structural organization","1/87","12/6213",0.0833333333333333,5.95114942528736,2.04575039853747,0.155806380349816,0.382873043185208,0.312756993603059,"XLOC-013035#HXA4-LINSA#P81192",1
"GO:0021871","GO:0021871","forebrain regionalization","1/87","12/6213",0.0833333333333333,5.95114942528736,2.04575039853747,0.155806380349816,0.382873043185208,0.312756993603059,"XLOC-020834#BMP15-BOVIN#Q6PX77",1
"GO:0030551","GO:0030551","cyclic nucleotide binding","1/87","12/6213",0.0833333333333333,5.95114942528736,2.04575039853747,0.155806380349816,0.382873043185208,0.312756993603059,"XLOC-006685#KAPR-STRPU#Q26619",1
"GO:0031581","GO:0031581","hemidesmosome assembly","1/87","12/6213",0.0833333333333333,5.95114942528736,2.04575039853747,0.155806380349816,0.382873043185208,0.312756993603059,"gene-evm.model.ptg000032l.233#LAMC1-XENTR#A0JP86",1
"GO:0034368","GO:0034368","protein-lipid complex remodeling","1/87","12/6213",0.0833333333333333,5.95114942528736,2.04575039853747,0.155806380349816,0.382873043185208,0.312756993603059,"XLOC-022911#PA2B-BUNFA#A6MEY4",1
"GO:0034369","GO:0034369","plasma lipoprotein particle remodeling","1/87","12/6213",0.0833333333333333,5.95114942528736,2.04575039853747,0.155806380349816,0.382873043185208,0.312756993603059,"XLOC-022911#PA2B-BUNFA#A6MEY4",1
"GO:0035909","GO:0035909","aorta morphogenesis","1/87","12/6213",0.0833333333333333,5.95114942528736,2.04575039853747,0.155806380349816,0.382873043185208,0.312756993603059,"XLOC-013477#SIX1B-DANRE#Q6NZ04",1
"GO:0036342","GO:0036342","post-anal tail morphogenesis","1/87","12/6213",0.0833333333333333,5.95114942528736,2.04575039853747,0.155806380349816,0.382873043185208,0.312756993603059,"XLOC-000223#BMP1-MOUSE#P98063",1
"GO:0042386","GO:0042386","hemocyte differentiation","1/87","12/6213",0.0833333333333333,5.95114942528736,2.04575039853747,0.155806380349816,0.382873043185208,0.312756993603059,"XLOC-020834#BMP15-BOVIN#Q6PX77",1
"GO:0042451","GO:0042451","purine nucleoside biosynthetic process","1/87","12/6213",0.0833333333333333,5.95114942528736,2.04575039853747,0.155806380349816,0.382873043185208,0.312756993603059,"XLOC-016646#ADK-PHYPA#O49923",1
"GO:0042813","GO:0042813","Wnt receptor activity","1/87","12/6213",0.0833333333333333,5.95114942528736,2.04575039853747,0.155806380349816,0.382873043185208,0.312756993603059,"XLOC-008044#MOM5-CAEEL#A0A0K3AWM6",1
"GO:0043058","GO:0043058","regulation of backward locomotion","1/87","12/6213",0.0833333333333333,5.95114942528736,2.04575039853747,0.155806380349816,0.382873043185208,0.312756993603059,"XLOC-022943#NR2E3-MOUSE#Q9QXZ7",1
"GO:0043395","GO:0043395","heparan sulfate proteoglycan binding","1/87","12/6213",0.0833333333333333,5.95114942528736,2.04575039853747,0.155806380349816,0.382873043185208,0.312756993603059,"XLOC-006335#GREM1-CHICK#O73755",1
"GO:0043534","GO:0043534","blood vessel endothelial cell migration","1/87","12/6213",0.0833333333333333,5.95114942528736,2.04575039853747,0.155806380349816,0.382873043185208,0.312756993603059,"XLOC-006335#GREM1-CHICK#O73755",1
"GO:0045687","GO:0045687","positive regulation of glial cell differentiation","1/87","12/6213",0.0833333333333333,5.95114942528736,2.04575039853747,0.155806380349816,0.382873043185208,0.312756993603059,"XLOC-020834#BMP15-BOVIN#Q6PX77",1
"GO:0046129","GO:0046129","purine ribonucleoside biosynthetic process","1/87","12/6213",0.0833333333333333,5.95114942528736,2.04575039853747,0.155806380349816,0.382873043185208,0.312756993603059,"XLOC-016646#ADK-PHYPA#O49923",1
"GO:0048934","GO:0048934","peripheral nervous system neuron differentiation","1/87","12/6213",0.0833333333333333,5.95114942528736,2.04575039853747,0.155806380349816,0.382873043185208,0.312756993603059,"XLOC-013477#SIX1B-DANRE#Q6NZ04",1
"GO:0048935","GO:0048935","peripheral nervous system neuron development","1/87","12/6213",0.0833333333333333,5.95114942528736,2.04575039853747,0.155806380349816,0.382873043185208,0.312756993603059,"XLOC-013477#SIX1B-DANRE#Q6NZ04",1
"GO:0050687","GO:0050687","negative regulation of defense response to virus","1/87","12/6213",0.0833333333333333,5.95114942528736,2.04575039853747,0.155806380349816,0.382873043185208,0.312756993603059,"gene-evm.model.ptg000021l.117#UFD1-RAT#Q9ES53",1
"GO:0060076","GO:0060076","excitatory synapse","1/87","12/6213",0.0833333333333333,5.95114942528736,2.04575039853747,0.155806380349816,0.382873043185208,0.312756993603059,"XLOC-004104#XLOC-004104",1
"GO:0060638","GO:0060638","mesenchymal-epithelial cell signaling","1/87","12/6213",0.0833333333333333,5.95114942528736,2.04575039853747,0.155806380349816,0.382873043185208,0.312756993603059,"gene-evm.model.ptg000022l.266#FCN1-MOUSE#O70165",1
"GO:0060992","GO:0060992","response to fungicide","1/87","12/6213",0.0833333333333333,5.95114942528736,2.04575039853747,0.155806380349816,0.382873043185208,0.312756993603059,"XLOC-010665#MYC-MARMO#P22555",1
"GO:0061319","GO:0061319","nephrocyte differentiation","1/87","12/6213",0.0833333333333333,5.95114942528736,2.04575039853747,0.155806380349816,0.382873043185208,0.312756993603059,"XLOC-020834#BMP15-BOVIN#Q6PX77",1
"GO:0070229","GO:0070229","negative regulation of lymphocyte apoptotic process","1/87","12/6213",0.0833333333333333,5.95114942528736,2.04575039853747,0.155806380349816,0.382873043185208,0.312756993603059,"XLOC-020834#BMP15-BOVIN#Q6PX77",1
"GO:0071295","GO:0071295","cellular response to vitamin","1/87","12/6213",0.0833333333333333,5.95114942528736,2.04575039853747,0.155806380349816,0.382873043185208,0.312756993603059,"XLOC-008044#MOM5-CAEEL#A0A0K3AWM6",1
"GO:0071377","GO:0071377","cellular response to glucagon stimulus","1/87","12/6213",0.0833333333333333,5.95114942528736,2.04575039853747,0.155806380349816,0.382873043185208,0.312756993603059,"XLOC-006685#KAPR-STRPU#Q26619",1
"GO:0072234","GO:0072234","metanephric nephron tubule development","1/87","12/6213",0.0833333333333333,5.95114942528736,2.04575039853747,0.155806380349816,0.382873043185208,0.312756993603059,"XLOC-010538#LSHR-CHICK#Q90674",1
"GO:0072243","GO:0072243","metanephric nephron epithelium development","1/87","12/6213",0.0833333333333333,5.95114942528736,2.04575039853747,0.155806380349816,0.382873043185208,0.312756993603059,"XLOC-010538#LSHR-CHICK#Q90674",1
"GO:0090279","GO:0090279","regulation of calcium ion import","1/87","12/6213",0.0833333333333333,5.95114942528736,2.04575039853747,0.155806380349816,0.382873043185208,0.312756993603059,"XLOC-025132#PPN1-CAEEL#O76840",1
"GO:1902065","GO:1902065","response to L-glutamate","1/87","12/6213",0.0833333333333333,5.95114942528736,2.04575039853747,0.155806380349816,0.382873043185208,0.312756993603059,"XLOC-004104#XLOC-004104",1
"GO:1902895","GO:1902895","positive regulation of miRNA transcription","1/87","12/6213",0.0833333333333333,5.95114942528736,2.04575039853747,0.155806380349816,0.382873043185208,0.312756993603059,"XLOC-020834#BMP15-BOVIN#Q6PX77",1
"GO:1902991","GO:1902991","regulation of amyloid precursor protein catabolic process","1/87","12/6213",0.0833333333333333,5.95114942528736,2.04575039853747,0.155806380349816,0.382873043185208,0.312756993603059,"XLOC-010031#ACHB4-BOVIN#Q8SPU6",1
"GO:2000105","GO:2000105","positive regulation of DNA-templated DNA replication","1/87","12/6213",0.0833333333333333,5.95114942528736,2.04575039853747,0.155806380349816,0.382873043185208,0.312756993603059,"XLOC-020834#BMP15-BOVIN#Q6PX77",1
"GO:2000479","GO:2000479","regulation of cAMP-dependent protein kinase activity","1/87","12/6213",0.0833333333333333,5.95114942528736,2.04575039853747,0.155806380349816,0.382873043185208,0.312756993603059,"XLOC-006685#KAPR-STRPU#Q26619",1
"GO:0030133","GO:0030133","transport vesicle","5/87","204/6213",0.0245098039215686,1.75033806626099,1.29854742390784,0.156830503964161,0.385058027375001,0.31454183873236,"XLOC-020299#SC5A7-DROME#Q9VE46/XLOC-011874#SY65-APLCA#P41823/gene-evm.model.ptg000010l.70#ESYT2-MOUSE#Q3TZZ7/XLOC-015788#OTOF-HUMAN#Q9HC10/XLOC-025964#NEC1-HUMAN#P29120",5
"GO:0001709","GO:0001709","cell fate determination","3/87","98/6213",0.0306122448979592,2.18613652357495,1.41038064594046,0.157548112935579,0.385162610287238,0.314627269236794,"XLOC-020834#BMP15-BOVIN#Q6PX77/XLOC-008044#MOM5-CAEEL#A0A0K3AWM6/XLOC-013035#HXA4-LINSA#P81192",3
"GO:0008582","GO:0008582","regulation of synaptic assembly at neuromuscular junction","3/87","98/6213",0.0306122448979592,2.18613652357495,1.41038064594046,0.157548112935579,0.385162610287238,0.314627269236794,"XLOC-013477#SIX1B-DANRE#Q6NZ04/novel-gene-chr14-4172#SIX2-MOUSE#Q62232/XLOC-023090#KCC2A-HUMAN#Q9UQM7",3
"GO:0010632","GO:0010632","regulation of epithelial cell migration","3/87","98/6213",0.0306122448979592,2.18613652357495,1.41038064594046,0.157548112935579,0.385162610287238,0.314627269236794,"XLOC-020834#BMP15-BOVIN#Q6PX77/XLOC-016472#COMP-MOUSE#Q9R0G6/gene-evm.model.ptg000002l.349#ADT1-CAEEL#G5ECS8",3
"GO:0044309","GO:0044309","neuron spine","3/87","98/6213",0.0306122448979592,2.18613652357495,1.41038064594046,0.157548112935579,0.385162610287238,0.314627269236794,"XLOC-006685#KAPR-STRPU#Q26619/XLOC-004104#XLOC-004104/XLOC-010031#ACHB4-BOVIN#Q8SPU6",3
"GO:2000058","GO:2000058","regulation of ubiquitin-dependent protein catabolic process","3/87","98/6213",0.0306122448979592,2.18613652357495,1.41038064594046,0.157548112935579,0.385162610287238,0.314627269236794,"XLOC-009823#GSH1-HUMAN#P48506/XLOC-016437#UBP14-PANTR#P60051/gene-evm.model.ptg000021l.117#UFD1-RAT#Q9ES53",3
"GO:0051604","GO:0051604","protein maturation","4/87","150/6213",0.0266666666666667,1.90436781609195,1.33608410589042,0.158096989858067,0.386173554850227,0.315453078177506,"XLOC-026524#KLKB1-RAT#P14272/XLOC-000223#BMP1-MOUSE#P98063/XLOC-025964#NEC1-HUMAN#P29120/XLOC-010665#MYC-MARMO#P22555",4
"GO:0016811","GO:0016811","hydrolase activity, acting on carbon-nitrogen (but not peptide) bonds, in linear amides","2/87","51/6213",0.0392156862745098,2.80054090601758,1.53855875931751,0.159584956876372,0.388477714990007,0.317335274406581,"XLOC-007978#HIUH-DANRE#Q06S87/XLOC-004937#FOLH1-RAT#P70627",2
"GO:0019783","GO:0019783","ubiquitin-like protein peptidase activity","2/87","51/6213",0.0392156862745098,2.80054090601758,1.53855875931751,0.159584956876372,0.388477714990007,0.317335274406581,"XLOC-016437#UBP14-PANTR#P60051/gene-evm.model.ptg000021l.117#UFD1-RAT#Q9ES53",2
"GO:0042490","GO:0042490","mechanoreceptor differentiation","2/87","51/6213",0.0392156862745098,2.80054090601758,1.53855875931751,0.159584956876372,0.388477714990007,0.317335274406581,"XLOC-020834#BMP15-BOVIN#Q6PX77/XLOC-008044#MOM5-CAEEL#A0A0K3AWM6",2
"GO:0045178","GO:0045178","basal part of cell","2/87","51/6213",0.0392156862745098,2.80054090601758,1.53855875931751,0.159584956876372,0.388477714990007,0.317335274406581,"XLOC-003539#RHBG-DANRE#Q7T070/XLOC-015788#OTOF-HUMAN#Q9HC10",2
"GO:0001664","GO:0001664","G protein-coupled receptor binding","3/87","99/6213",0.0303030303030303,2.16405433646813,1.39128142456564,0.160924788247086,0.391071908746964,0.319454390010803,"XLOC-008044#MOM5-CAEEL#A0A0K3AWM6/XLOC-006685#KAPR-STRPU#Q26619/XLOC-020923#WNT11-HUMAN#O96014",3
"GO:0019207","GO:0019207","kinase regulator activity","3/87","99/6213",0.0303030303030303,2.16405433646813,1.39128142456564,0.160924788247086,0.391071908746964,0.319454390010803,"XLOC-023693#TRLF-DESRO#K9IMD0/XLOC-006335#GREM1-CHICK#O73755/XLOC-006685#KAPR-STRPU#Q26619",3
"GO:0055074","GO:0055074","calcium ion homeostasis","4/87","152/6213",0.0263157894736842,1.87931034482759,1.30791249296045,0.163457601697333,0.393992279714928,0.321839949559596,"XLOC-020834#BMP15-BOVIN#Q6PX77/XLOC-008044#MOM5-CAEEL#A0A0K3AWM6/XLOC-010031#ACHB4-BOVIN#Q8SPU6/XLOC-023090#KCC2A-HUMAN#Q9UQM7",4
"GO:0031960","GO:0031960","response to corticosteroid","3/87","100/6213",0.03,2.14241379310345,1.37240753459011,0.164323737187511,0.393992279714928,0.321839949559596,"XLOC-020834#BMP15-BOVIN#Q6PX77/XLOC-026123#MGA-HUMAN#O43451/XLOC-025964#NEC1-HUMAN#P29120",3
"GO:0010453","GO:0010453","regulation of cell fate commitment","2/87","52/6213",0.0384615384615385,2.74668435013263,1.5072224355082,0.164535277622442,0.393992279714928,0.321839949559596,"XLOC-020834#BMP15-BOVIN#Q6PX77/XLOC-008044#MOM5-CAEEL#A0A0K3AWM6",2
"GO:0033273","GO:0033273","response to vitamin","2/87","52/6213",0.0384615384615385,2.74668435013263,1.5072224355082,0.164535277622442,0.393992279714928,0.321839949559596,"XLOC-008044#MOM5-CAEEL#A0A0K3AWM6/XLOC-026123#MGA-HUMAN#O43451",2
"GO:0051701","GO:0051701","biological process involved in interaction with host","2/87","52/6213",0.0384615384615385,2.74668435013263,1.5072224355082,0.164535277622442,0.393992279714928,0.321839949559596,"XLOC-020938#SPB6-MOUSE#Q60854/XLOC-010665#MYC-MARMO#P22555",2
"GO:0071347","GO:0071347","cellular response to interleukin-1","2/87","52/6213",0.0384615384615385,2.74668435013263,1.5072224355082,0.164535277622442,0.393992279714928,0.321839949559596,"XLOC-003038#INHBA-MOUSE#Q04998/XLOC-010665#MYC-MARMO#P22555",2
"GO:0003148","GO:0003148","outflow tract septum morphogenesis","1/87","13/6213",0.0769230769230769,5.49336870026525,1.93256780732716,0.167650412749359,0.393992279714928,0.321839949559596,"XLOC-020834#BMP15-BOVIN#Q6PX77",1
"GO:0006521","GO:0006521","regulation of amino acid metabolic process","1/87","13/6213",0.0769230769230769,5.49336870026525,1.93256780732716,0.167650412749359,0.393992279714928,0.321839949559596,"XLOC-021709#BHMT1-BOVIN#Q5I597",1
"GO:0006558","GO:0006558","L-phenylalanine metabolic process","1/87","13/6213",0.0769230769230769,5.49336870026525,1.93256780732716,0.167650412749359,0.393992279714928,0.321839949559596,"gene-evm.model.ptg000020l.16#MAAI-MOUSE#Q9WVL0",1
"GO:0007448","GO:0007448","anterior/posterior pattern specification, imaginal disc","1/87","13/6213",0.0769230769230769,5.49336870026525,1.93256780732716,0.167650412749359,0.393992279714928,0.321839949559596,"XLOC-020834#BMP15-BOVIN#Q6PX77",1
"GO:0009744","GO:0009744","response to sucrose","1/87","13/6213",0.0769230769230769,5.49336870026525,1.93256780732716,0.167650412749359,0.393992279714928,0.321839949559596,"XLOC-026123#MGA-HUMAN#O43451",1
"GO:0010714","GO:0010714","positive regulation of collagen metabolic process","1/87","13/6213",0.0769230769230769,5.49336870026525,1.93256780732716,0.167650412749359,0.393992279714928,0.321839949559596,"XLOC-020834#BMP15-BOVIN#Q6PX77",1
"GO:0017081","GO:0017081","chloride channel regulator activity","1/87","13/6213",0.0769230769230769,5.49336870026525,1.93256780732716,0.167650412749359,0.393992279714928,0.321839949559596,"XLOC-010031#ACHB4-BOVIN#Q8SPU6",1
"GO:0030238","GO:0030238","male sex determination","1/87","13/6213",0.0769230769230769,5.49336870026525,1.93256780732716,0.167650412749359,0.393992279714928,0.321839949559596,"novel-gene-chr14-4172#SIX2-MOUSE#Q62232",1
"GO:0030728","GO:0030728","ovulation","1/87","13/6213",0.0769230769230769,5.49336870026525,1.93256780732716,0.167650412749359,0.393992279714928,0.321839949559596,"XLOC-010665#MYC-MARMO#P22555",1
"GO:0032225","GO:0032225","regulation of synaptic transmission, dopaminergic","1/87","13/6213",0.0769230769230769,5.49336870026525,1.93256780732716,0.167650412749359,0.393992279714928,0.321839949559596,"XLOC-010031#ACHB4-BOVIN#Q8SPU6",1
"GO:0032469","GO:0032469","endoplasmic reticulum calcium ion homeostasis","1/87","13/6213",0.0769230769230769,5.49336870026525,1.93256780732716,0.167650412749359,0.393992279714928,0.321839949559596,"XLOC-023090#KCC2A-HUMAN#Q9UQM7",1
"GO:0032967","GO:0032967","positive regulation of collagen biosynthetic process","1/87","13/6213",0.0769230769230769,5.49336870026525,1.93256780732716,0.167650412749359,0.393992279714928,0.321839949559596,"XLOC-020834#BMP15-BOVIN#Q6PX77",1
"GO:0034123","GO:0034123","positive regulation of toll-like receptor signaling pathway","1/87","13/6213",0.0769230769230769,5.49336870026525,1.93256780732716,0.167650412749359,0.393992279714928,0.321839949559596,"XLOC-023693#TRLF-DESRO#K9IMD0",1
"GO:0034975","GO:0034975","protein folding in endoplasmic reticulum","1/87","13/6213",0.0769230769230769,5.49336870026525,1.93256780732716,0.167650412749359,0.393992279714928,0.321839949559596,"gene-evm.model.ptg000012l.503-1#DJC10-XENLA#Q6NRT6",1
"GO:0036099","GO:0036099","female germ-line stem cell population maintenance","1/87","13/6213",0.0769230769230769,5.49336870026525,1.93256780732716,0.167650412749359,0.393992279714928,0.321839949559596,"XLOC-020834#BMP15-BOVIN#Q6PX77",1
"GO:0043403","GO:0043403","skeletal muscle tissue regeneration","1/87","13/6213",0.0769230769230769,5.49336870026525,1.93256780732716,0.167650412749359,0.393992279714928,0.321839949559596,"XLOC-008044#MOM5-CAEEL#A0A0K3AWM6",1
"GO:0043508","GO:0043508","negative regulation of JUN kinase activity","1/87","13/6213",0.0769230769230769,5.49336870026525,1.93256780732716,0.167650412749359,0.393992279714928,0.321839949559596,"XLOC-020938#SPB6-MOUSE#Q60854",1
"GO:0043539","GO:0043539","protein serine/threonine kinase activator activity","1/87","13/6213",0.0769230769230769,5.49336870026525,1.93256780732716,0.167650412749359,0.393992279714928,0.321839949559596,"XLOC-023693#TRLF-DESRO#K9IMD0",1
"GO:0045198","GO:0045198","establishment of epithelial cell apical/basal polarity","1/87","13/6213",0.0769230769230769,5.49336870026525,1.93256780732716,0.167650412749359,0.393992279714928,0.321839949559596,"XLOC-008044#MOM5-CAEEL#A0A0K3AWM6",1
"GO:0046325","GO:0046325","negative regulation of D-glucose import","1/87","13/6213",0.0769230769230769,5.49336870026525,1.93256780732716,0.167650412749359,0.393992279714928,0.321839949559596,"XLOC-010665#MYC-MARMO#P22555",1
"GO:0048857","GO:0048857","neural nucleus development","1/87","13/6213",0.0769230769230769,5.49336870026525,1.93256780732716,0.167650412749359,0.393992279714928,0.321839949559596,"XLOC-013035#HXA4-LINSA#P81192",1
"GO:0060218","GO:0060218","hematopoietic stem cell differentiation","1/87","13/6213",0.0769230769230769,5.49336870026525,1.93256780732716,0.167650412749359,0.393992279714928,0.321839949559596,"XLOC-010665#MYC-MARMO#P22555",1
"GO:0065005","GO:0065005","protein-lipid complex assembly","1/87","13/6213",0.0769230769230769,5.49336870026525,1.93256780732716,0.167650412749359,0.393992279714928,0.321839949559596,"XLOC-000223#BMP1-MOUSE#P98063",1
"GO:0070227","GO:0070227","lymphocyte apoptotic process","1/87","13/6213",0.0769230769230769,5.49336870026525,1.93256780732716,0.167650412749359,0.393992279714928,0.321839949559596,"XLOC-010665#MYC-MARMO#P22555",1
"GO:0070723","GO:0070723","response to cholesterol","1/87","13/6213",0.0769230769230769,5.49336870026525,1.93256780732716,0.167650412749359,0.393992279714928,0.321839949559596,"XLOC-003038#INHBA-MOUSE#Q04998",1
"GO:0071390","GO:0071390","cellular response to ecdysone","1/87","13/6213",0.0769230769230769,5.49336870026525,1.93256780732716,0.167650412749359,0.393992279714928,0.321839949559596,"XLOC-022275#T53I2-HUMAN#Q8IXH6",1
"GO:0071394","GO:0071394","cellular response to testosterone stimulus","1/87","13/6213",0.0769230769230769,5.49336870026525,1.93256780732716,0.167650412749359,0.393992279714928,0.321839949559596,"XLOC-010665#MYC-MARMO#P22555",1
"GO:0072170","GO:0072170","metanephric tubule development","1/87","13/6213",0.0769230769230769,5.49336870026525,1.93256780732716,0.167650412749359,0.393992279714928,0.321839949559596,"XLOC-010538#LSHR-CHICK#Q90674",1
"GO:0072207","GO:0072207","metanephric epithelium development","1/87","13/6213",0.0769230769230769,5.49336870026525,1.93256780732716,0.167650412749359,0.393992279714928,0.321839949559596,"XLOC-010538#LSHR-CHICK#Q90674",1
"GO:0097038","GO:0097038","perinuclear endoplasmic reticulum","1/87","13/6213",0.0769230769230769,5.49336870026525,1.93256780732716,0.167650412749359,0.393992279714928,0.321839949559596,"XLOC-011874#SY65-APLCA#P41823",1
"GO:0097154","GO:0097154","GABAergic neuron differentiation","1/87","13/6213",0.0769230769230769,5.49336870026525,1.93256780732716,0.167650412749359,0.393992279714928,0.321839949559596,"XLOC-001125#PITX3-HUMAN#O75364",1
"GO:1900195","GO:1900195","positive regulation of oocyte maturation","1/87","13/6213",0.0769230769230769,5.49336870026525,1.93256780732716,0.167650412749359,0.393992279714928,0.321839949559596,"XLOC-006685#KAPR-STRPU#Q26619",1
"GO:1903356","GO:1903356","positive regulation of distal tip cell migration","1/87","13/6213",0.0769230769230769,5.49336870026525,1.93256780732716,0.167650412749359,0.393992279714928,0.321839949559596,"XLOC-020923#WNT11-HUMAN#O96014",1
"GO:1903862","GO:1903862","positive regulation of oxidative phosphorylation","1/87","13/6213",0.0769230769230769,5.49336870026525,1.93256780732716,0.167650412749359,0.393992279714928,0.321839949559596,"XLOC-010665#MYC-MARMO#P22555",1
"GO:0098794","GO:0098794","postsynapse","5/87","209/6213",0.0239234449760766,1.70846394984326,1.2415305510742,0.168220859501266,0.395007499717788,0.322669250973189,"XLOC-025853#MFSD8-XENLA#Q6GPQ3/XLOC-006685#KAPR-STRPU#Q26619/XLOC-004104#XLOC-004104/XLOC-010031#ACHB4-BOVIN#Q8SPU6/XLOC-023090#KCC2A-HUMAN#Q9UQM7",5
"GO:0018958","GO:0018958","phenol-containing compound metabolic process","2/87","53/6213",0.0377358490566038,2.69486011711126,1.47661845655728,0.169513027415933,0.397061303134365,0.324346938638731,"XLOC-020686#MOXD1-DANRE#Q5TZ24/XLOC-010031#ACHB4-BOVIN#Q8SPU6",2
"GO:0050906","GO:0050906","detection of stimulus involved in sensory perception","2/87","53/6213",0.0377358490566038,2.69486011711126,1.47661845655728,0.169513027415933,0.397061303134365,0.324346938638731,"gene-evm.model.ptg000032l.233#LAMC1-XENTR#A0JP86/XLOC-010665#MYC-MARMO#P22555",2
"GO:1903169","GO:1903169","regulation of calcium ion transmembrane transport","2/87","53/6213",0.0377358490566038,2.69486011711126,1.47661845655728,0.169513027415933,0.397061303134365,0.324346938638731,"XLOC-020834#BMP15-BOVIN#Q6PX77/XLOC-023090#KCC2A-HUMAN#Q9UQM7",2
"GO:0006366","GO:0006366","transcription by RNA polymerase II","7/87","326/6213",0.0214723926380368,1.53342500528877,1.17902226338835,0.170827787460968,0.398940086681584,0.32588165805635,"XLOC-001125#PITX3-HUMAN#O75364/XLOC-013477#SIX1B-DANRE#Q6NZ04/XLOC-013652#HXD3-HAPBU#A8DT10/XLOC-013035#HXA4-LINSA#P81192/XLOC-006585#OTX1-HUMAN#P32242/novel-gene-chr14-4172#SIX2-MOUSE#Q62232/XLOC-010665#MYC-MARMO#P22555",7
"GO:0051147","GO:0051147","regulation of muscle cell differentiation","3/87","102/6213",0.0294117647058824,2.10040567951318,1.33531467185499,0.171186192801545,0.398940086681584,0.32588165805635,"XLOC-020834#BMP15-BOVIN#Q6PX77/XLOC-008044#MOM5-CAEEL#A0A0K3AWM6/XLOC-006335#GREM1-CHICK#O73755",3
"GO:1904396","GO:1904396","regulation of neuromuscular junction development","3/87","102/6213",0.0294117647058824,2.10040567951318,1.33531467185499,0.171186192801545,0.398940086681584,0.32588165805635,"XLOC-013477#SIX1B-DANRE#Q6NZ04/novel-gene-chr14-4172#SIX2-MOUSE#Q62232/XLOC-023090#KCC2A-HUMAN#Q9UQM7",3
"GO:0045177","GO:0045177","apical part of cell","6/87","269/6213",0.0223048327137546,1.5928727086271,1.18463634392538,0.174182820795242,0.398940086681584,0.32588165805635,"XLOC-025615#S15A2-DANRE#B0S6T2/XLOC-020299#SC5A7-DROME#Q9VE46/XLOC-003539#RHBG-DANRE#Q7T070/XLOC-026123#MGA-HUMAN#O43451/XLOC-015788#OTOF-HUMAN#Q9HC10/XLOC-010031#ACHB4-BOVIN#Q8SPU6",6
"GO:0003015","GO:0003015","heart process","2/87","54/6213",0.037037037037037,2.64495530012771,1.44671416069286,0.174516495790556,0.398940086681584,0.32588165805635,"XLOC-004696#MYS-ARGIR#P24733/XLOC-023090#KCC2A-HUMAN#Q9UQM7",2
"GO:0005516","GO:0005516","calmodulin binding","2/87","54/6213",0.037037037037037,2.64495530012771,1.44671416069286,0.174516495790556,0.398940086681584,0.32588165805635,"XLOC-004696#MYS-ARGIR#P24733/XLOC-023090#KCC2A-HUMAN#Q9UQM7",2
"GO:0046165","GO:0046165","alcohol biosynthetic process","2/87","54/6213",0.037037037037037,2.64495530012771,1.44671416069286,0.174516495790556,0.398940086681584,0.32588165805635,"XLOC-020686#MOXD1-DANRE#Q5TZ24/gene-evm.model.ptg000030l.120#PGP-CHICK#Q5F4B1",2
"GO:0051897","GO:0051897","positive regulation of phosphatidylinositol 3-kinase/protein kinase B signal transduction","2/87","54/6213",0.037037037037037,2.64495530012771,1.44671416069286,0.174516495790556,0.398940086681584,0.32588165805635,"XLOC-016472#COMP-MOUSE#Q9R0G6/gene-evm.model.ptg000002l.349#ADT1-CAEEL#G5ECS8",2
"GO:0030323","GO:0030323","respiratory tube development","3/87","103/6213",0.029126213592233,2.08001339136257,1.31708559922791,0.1746485718392,0.398940086681584,0.32588165805635,"XLOC-020834#BMP15-BOVIN#Q6PX77/XLOC-008044#MOM5-CAEEL#A0A0K3AWM6/gene-evm.model.ptg000022l.266#FCN1-MOUSE#O70165",3
"GO:0030324","GO:0030324","lung development","3/87","103/6213",0.029126213592233,2.08001339136257,1.31708559922791,0.1746485718392,0.398940086681584,0.32588165805635,"XLOC-020834#BMP15-BOVIN#Q6PX77/XLOC-008044#MOM5-CAEEL#A0A0K3AWM6/gene-evm.model.ptg000022l.266#FCN1-MOUSE#O70165",3
"GO:0009886","GO:0009886","post-embryonic animal morphogenesis","6/87","270/6213",0.0222222222222222,1.58697318007663,1.17512516997984,0.176253322823736,0.398940086681584,0.32588165805635,"XLOC-020834#BMP15-BOVIN#Q6PX77/XLOC-008044#MOM5-CAEEL#A0A0K3AWM6/XLOC-000223#BMP1-MOUSE#P98063/XLOC-013477#SIX1B-DANRE#Q6NZ04/XLOC-022943#NR2E3-MOUSE#Q9QXZ7/XLOC-009823#GSH1-HUMAN#P48506",6
"GO:0043549","GO:0043549","regulation of kinase activity","8/87","389/6213",0.0205655526992288,1.46866412552079,1.13766050736767,0.176408690811001,0.398940086681584,0.32588165805635,"XLOC-023693#TRLF-DESRO#K9IMD0/XLOC-020834#BMP15-BOVIN#Q6PX77/XLOC-016472#COMP-MOUSE#Q9R0G6/XLOC-020938#SPB6-MOUSE#Q60854/XLOC-006335#GREM1-CHICK#O73755/XLOC-006685#KAPR-STRPU#Q26619/gene-evm.model.ptg000002l.349#ADT1-CAEEL#G5ECS8/XLOC-010031#ACHB4-BOVIN#Q8SPU6",8
"GO:0097435","GO:0097435","supramolecular fiber organization","5/87","213/6213",0.0234741784037559,1.67638011979926,1.19699369943904,0.177565796371843,0.398940086681584,0.32588165805635,"XLOC-006335#GREM1-CHICK#O73755/XLOC-004696#MYS-ARGIR#P24733/XLOC-004104#XLOC-004104/novel-gene-chr14-4172#SIX2-MOUSE#Q62232/XLOC-025643#TRIM2-HUMAN#Q9C040",5
"GO:0034250","GO:0034250","positive regulation of amide metabolic process","3/87","104/6213",0.0288461538461538,2.06001326259947,1.29906164324024,0.178130969622957,0.398940086681584,0.32588165805635,"XLOC-016472#COMP-MOUSE#Q9R0G6/gene-evm.model.ptg000002l.349#ADT1-CAEEL#G5ECS8/XLOC-010031#ACHB4-BOVIN#Q8SPU6",3
"GO:0000097","GO:0000097","sulfur amino acid biosynthetic process","1/87","14/6213",0.0714285714285714,5.10098522167488,1.83053592932707,0.179330156957554,0.398940086681584,0.32588165805635,"XLOC-021709#BHMT1-BOVIN#Q5I597",1
"GO:0001958","GO:0001958","endochondral ossification","1/87","14/6213",0.0714285714285714,5.10098522167488,1.83053592932707,0.179330156957554,0.398940086681584,0.32588165805635,"XLOC-020834#BMP15-BOVIN#Q6PX77",1
"GO:0003084","GO:0003084","positive regulation of systemic arterial blood pressure","1/87","14/6213",0.0714285714285714,5.10098522167488,1.83053592932707,0.179330156957554,0.398940086681584,0.32588165805635,"XLOC-010031#ACHB4-BOVIN#Q8SPU6",1
"GO:0004181","GO:0004181","metallocarboxypeptidase activity","1/87","14/6213",0.0714285714285714,5.10098522167488,1.83053592932707,0.179330156957554,0.398940086681584,0.32588165805635,"XLOC-004937#FOLH1-RAT#P70627",1
"GO:0005918","GO:0005918","septate junction","1/87","14/6213",0.0714285714285714,5.10098522167488,1.83053592932707,0.179330156957554,0.398940086681584,0.32588165805635,"XLOC-023693#TRLF-DESRO#K9IMD0",1
"GO:0007446","GO:0007446","imaginal disc growth","1/87","14/6213",0.0714285714285714,5.10098522167488,1.83053592932707,0.179330156957554,0.398940086681584,0.32588165805635,"XLOC-020834#BMP15-BOVIN#Q6PX77",1
"GO:0009151","GO:0009151","purine deoxyribonucleotide metabolic process","1/87","14/6213",0.0714285714285714,5.10098522167488,1.83053592932707,0.179330156957554,0.398940086681584,0.32588165805635,"XLOC-016646#ADK-PHYPA#O49923",1
"GO:0009215","GO:0009215","purine deoxyribonucleoside triphosphate metabolic process","1/87","14/6213",0.0714285714285714,5.10098522167488,1.83053592932707,0.179330156957554,0.398940086681584,0.32588165805635,"XLOC-016646#ADK-PHYPA#O49923",1
"GO:0010661","GO:0010661","positive regulation of muscle cell apoptotic process","1/87","14/6213",0.0714285714285714,5.10098522167488,1.83053592932707,0.179330156957554,0.398940086681584,0.32588165805635,"XLOC-023090#KCC2A-HUMAN#Q9UQM7",1
"GO:0010922","GO:0010922","positive regulation of phosphatase activity","1/87","14/6213",0.0714285714285714,5.10098522167488,1.83053592932707,0.179330156957554,0.398940086681584,0.32588165805635,"XLOC-020834#BMP15-BOVIN#Q6PX77",1
"GO:0015295","GO:0015295","solute:proton symporter activity","1/87","14/6213",0.0714285714285714,5.10098522167488,1.83053592932707,0.179330156957554,0.398940086681584,0.32588165805635,"XLOC-025615#S15A2-DANRE#B0S6T2",1
"GO:0016082","GO:0016082","synaptic vesicle priming","1/87","14/6213",0.0714285714285714,5.10098522167488,1.83053592932707,0.179330156957554,0.398940086681584,0.32588165805635,"XLOC-015788#OTOF-HUMAN#Q9HC10",1
"GO:0016540","GO:0016540","protein autoprocessing","1/87","14/6213",0.0714285714285714,5.10098522167488,1.83053592932707,0.179330156957554,0.398940086681584,0.32588165805635,"XLOC-025964#NEC1-HUMAN#P29120",1
"GO:0019991","GO:0019991","septate junction assembly","1/87","14/6213",0.0714285714285714,5.10098522167488,1.83053592932707,0.179330156957554,0.398940086681584,0.32588165805635,"XLOC-023693#TRLF-DESRO#K9IMD0",1
"GO:0021544","GO:0021544","subpallium development","1/87","14/6213",0.0714285714285714,5.10098522167488,1.83053592932707,0.179330156957554,0.398940086681584,0.32588165805635,"XLOC-009352#ODO1-BOVIN#Q148N0",1
"GO:0030859","GO:0030859","polarized epithelial cell differentiation","1/87","14/6213",0.0714285714285714,5.10098522167488,1.83053592932707,0.179330156957554,0.398940086681584,0.32588165805635,"XLOC-008044#MOM5-CAEEL#A0A0K3AWM6",1
"GO:0032715","GO:0032715","negative regulation of interleukin-6 production","1/87","14/6213",0.0714285714285714,5.10098522167488,1.83053592932707,0.179330156957554,0.398940086681584,0.32588165805635,"XLOC-010031#ACHB4-BOVIN#Q8SPU6",1
"GO:0033333","GO:0033333","fin development","1/87","14/6213",0.0714285714285714,5.10098522167488,1.83053592932707,0.179330156957554,0.398940086681584,0.32588165805635,"XLOC-000223#BMP1-MOUSE#P98063",1
"GO:0033563","GO:0033563","dorsal/ventral axon guidance","1/87","14/6213",0.0714285714285714,5.10098522167488,1.83053592932707,0.179330156957554,0.398940086681584,0.32588165805635,"XLOC-001125#PITX3-HUMAN#O75364",1
"GO:0034285","GO:0034285","response to disaccharide","1/87","14/6213",0.0714285714285714,5.10098522167488,1.83053592932707,0.179330156957554,0.398940086681584,0.32588165805635,"XLOC-026123#MGA-HUMAN#O43451",1
"GO:0036075","GO:0036075","replacement ossification","1/87","14/6213",0.0714285714285714,5.10098522167488,1.83053592932707,0.179330156957554,0.398940086681584,0.32588165805635,"XLOC-020834#BMP15-BOVIN#Q6PX77",1
"GO:0040010","GO:0040010","positive regulation of growth rate","1/87","14/6213",0.0714285714285714,5.10098522167488,1.83053592932707,0.179330156957554,0.398940086681584,0.32588165805635,"XLOC-025615#S15A2-DANRE#B0S6T2",1
"GO:0040040","GO:0040040","thermosensory behavior","1/87","14/6213",0.0714285714285714,5.10098522167488,1.83053592932707,0.179330156957554,0.398940086681584,0.32588165805635,"XLOC-006585#OTX1-HUMAN#P32242",1
"GO:0045071","GO:0045071","negative regulation of viral genome replication","1/87","14/6213",0.0714285714285714,5.10098522167488,1.83053592932707,0.179330156957554,0.398940086681584,0.32588165805635,"XLOC-023693#TRLF-DESRO#K9IMD0",1
"GO:0045476","GO:0045476","nurse cell apoptotic process","1/87","14/6213",0.0714285714285714,5.10098522167488,1.83053592932707,0.179330156957554,0.398940086681584,0.32588165805635,"XLOC-020834#BMP15-BOVIN#Q6PX77",1
"GO:0045604","GO:0045604","regulation of epidermal cell differentiation","1/87","14/6213",0.0714285714285714,5.10098522167488,1.83053592932707,0.179330156957554,0.398940086681584,0.32588165805635,"XLOC-020834#BMP15-BOVIN#Q6PX77",1
"GO:0046718","GO:0046718","symbiont entry into host cell","1/87","14/6213",0.0714285714285714,5.10098522167488,1.83053592932707,0.179330156957554,0.398940086681584,0.32588165805635,"XLOC-020938#SPB6-MOUSE#Q60854",1
"GO:0048710","GO:0048710","regulation of astrocyte differentiation","1/87","14/6213",0.0714285714285714,5.10098522167488,1.83053592932707,0.179330156957554,0.398940086681584,0.32588165805635,"XLOC-020834#BMP15-BOVIN#Q6PX77",1
"GO:0048821","GO:0048821","erythrocyte development","1/87","14/6213",0.0714285714285714,5.10098522167488,1.83053592932707,0.179330156957554,0.398940086681584,0.32588165805635,"XLOC-003539#RHBG-DANRE#Q7T070",1
"GO:0050654","GO:0050654","chondroitin sulfate proteoglycan metabolic process","1/87","14/6213",0.0714285714285714,5.10098522167488,1.83053592932707,0.179330156957554,0.398940086681584,0.32588165805635,"XLOC-009355#B3GA3-HUMAN#O94766",1
"GO:0050908","GO:0050908","detection of light stimulus involved in visual perception","1/87","14/6213",0.0714285714285714,5.10098522167488,1.83053592932707,0.179330156957554,0.398940086681584,0.32588165805635,"gene-evm.model.ptg000032l.233#LAMC1-XENTR#A0JP86",1
"GO:0050962","GO:0050962","detection of light stimulus involved in sensory perception","1/87","14/6213",0.0714285714285714,5.10098522167488,1.83053592932707,0.179330156957554,0.398940086681584,0.32588165805635,"gene-evm.model.ptg000032l.233#LAMC1-XENTR#A0JP86",1
"GO:0060039","GO:0060039","pericardium development","1/87","14/6213",0.0714285714285714,5.10098522167488,1.83053592932707,0.179330156957554,0.398940086681584,0.32588165805635,"XLOC-020834#BMP15-BOVIN#Q6PX77",1
"GO:0070628","GO:0070628","proteasome binding","1/87","14/6213",0.0714285714285714,5.10098522167488,1.83053592932707,0.179330156957554,0.398940086681584,0.32588165805635,"XLOC-016437#UBP14-PANTR#P60051",1
"GO:0071887","GO:0071887","leukocyte apoptotic process","1/87","14/6213",0.0714285714285714,5.10098522167488,1.83053592932707,0.179330156957554,0.398940086681584,0.32588165805635,"XLOC-010665#MYC-MARMO#P22555",1
"GO:0072015","GO:0072015","podocyte development","1/87","14/6213",0.0714285714285714,5.10098522167488,1.83053592932707,0.179330156957554,0.398940086681584,0.32588165805635,"XLOC-020834#BMP15-BOVIN#Q6PX77",1
"GO:0072378","GO:0072378","blood coagulation, fibrin clot formation","1/87","14/6213",0.0714285714285714,5.10098522167488,1.83053592932707,0.179330156957554,0.398940086681584,0.32588165805635,"XLOC-026524#KLKB1-RAT#P14272",1
"GO:0072687","GO:0072687","meiotic spindle","1/87","14/6213",0.0714285714285714,5.10098522167488,1.83053592932707,0.179330156957554,0.398940086681584,0.32588165805635,"XLOC-014230#RSPH1-MOUSE#Q8VIG3",1
"GO:0086004","GO:0086004","regulation of cardiac muscle cell contraction","1/87","14/6213",0.0714285714285714,5.10098522167488,1.83053592932707,0.179330156957554,0.398940086681584,0.32588165805635,"XLOC-023090#KCC2A-HUMAN#Q9UQM7",1
"GO:1900273","GO:1900273","positive regulation of long-term synaptic potentiation","1/87","14/6213",0.0714285714285714,5.10098522167488,1.83053592932707,0.179330156957554,0.398940086681584,0.32588165805635,"XLOC-010031#ACHB4-BOVIN#Q8SPU6",1
"GO:1900745","GO:1900745","positive regulation of p38MAPK cascade","1/87","14/6213",0.0714285714285714,5.10098522167488,1.83053592932707,0.179330156957554,0.398940086681584,0.32588165805635,"XLOC-020834#BMP15-BOVIN#Q6PX77",1
"GO:1901857","GO:1901857","positive regulation of cellular respiration","1/87","14/6213",0.0714285714285714,5.10098522167488,1.83053592932707,0.179330156957554,0.398940086681584,0.32588165805635,"XLOC-010665#MYC-MARMO#P22555",1
"GO:1903354","GO:1903354","regulation of distal tip cell migration","1/87","14/6213",0.0714285714285714,5.10098522167488,1.83053592932707,0.179330156957554,0.398940086681584,0.32588165805635,"XLOC-020923#WNT11-HUMAN#O96014",1
"GO:1904293","GO:1904293","negative regulation of ERAD pathway","1/87","14/6213",0.0714285714285714,5.10098522167488,1.83053592932707,0.179330156957554,0.398940086681584,0.32588165805635,"XLOC-016437#UBP14-PANTR#P60051",1
"GO:2000107","GO:2000107","negative regulation of leukocyte apoptotic process","1/87","14/6213",0.0714285714285714,5.10098522167488,1.83053592932707,0.179330156957554,0.398940086681584,0.32588165805635,"XLOC-020834#BMP15-BOVIN#Q6PX77",1
"GO:2000637","GO:2000637","positive regulation of miRNA-mediated gene silencing","1/87","14/6213",0.0714285714285714,5.10098522167488,1.83053592932707,0.179330156957554,0.398940086681584,0.32588165805635,"XLOC-020834#BMP15-BOVIN#Q6PX77",1
"GO:0003014","GO:0003014","renal system process","2/87","55/6213",0.0363636363636364,2.59686520376176,1.41747893508588,0.179544013774677,0.398940086681584,0.32588165805635,"XLOC-020834#BMP15-BOVIN#Q6PX77/XLOC-006685#KAPR-STRPU#Q26619",2
"GO:0007606","GO:0007606","sensory perception of chemical stimulus","2/87","55/6213",0.0363636363636364,2.59686520376176,1.41747893508588,0.179544013774677,0.398940086681584,0.32588165805635,"XLOC-008044#MOM5-CAEEL#A0A0K3AWM6/XLOC-011874#SY65-APLCA#P41823",2
"GO:0032944","GO:0032944","regulation of mononuclear cell proliferation","2/87","55/6213",0.0363636363636364,2.59686520376176,1.41747893508588,0.179544013774677,0.398940086681584,0.32588165805635,"XLOC-020834#BMP15-BOVIN#Q6PX77/XLOC-016646#ADK-PHYPA#O49923",2
"GO:0050670","GO:0050670","regulation of lymphocyte proliferation","2/87","55/6213",0.0363636363636364,2.59686520376176,1.41747893508588,0.179544013774677,0.398940086681584,0.32588165805635,"XLOC-020834#BMP15-BOVIN#Q6PX77/XLOC-016646#ADK-PHYPA#O49923",2
"GO:0051149","GO:0051149","positive regulation of muscle cell differentiation","2/87","55/6213",0.0363636363636364,2.59686520376176,1.41747893508588,0.179544013774677,0.398940086681584,0.32588165805635,"XLOC-020834#BMP15-BOVIN#Q6PX77/XLOC-006335#GREM1-CHICK#O73755",2
"GO:1902936","GO:1902936","phosphatidylinositol bisphosphate binding","2/87","55/6213",0.0363636363636364,2.59686520376176,1.41747893508588,0.179544013774677,0.398940086681584,0.32588165805635,"XLOC-008044#MOM5-CAEEL#A0A0K3AWM6/XLOC-011874#SY65-APLCA#P41823",2
"GO:0007616","GO:0007616","long-term memory","2/87","56/6213",0.0357142857142857,2.55049261083744,1.38888405221373,0.184593953087183,0.408983471878319,0.334085784765288,"gene-evm.model.ptg000022l.478#GSH0-HUMAN#P48507/XLOC-023090#KCC2A-HUMAN#Q9UQM7",2
"GO:0043462","GO:0043462","regulation of ATP-dependent activity","2/87","56/6213",0.0357142857142857,2.55049261083744,1.38888405221373,0.184593953087183,0.408983471878319,0.334085784765288,"XLOC-023693#TRLF-DESRO#K9IMD0/gene-evm.model.ptg000012l.503-1#DJC10-XENLA#Q6NRT6",2
"GO:2000379","GO:2000379","positive regulation of reactive oxygen species metabolic process","2/87","56/6213",0.0357142857142857,2.55049261083744,1.38888405221373,0.184593953087183,0.408983471878319,0.334085784765288,"XLOC-016472#COMP-MOUSE#Q9R0G6/gene-evm.model.ptg000002l.349#ADT1-CAEEL#G5ECS8",2
"GO:0006873","GO:0006873","intracellular monoatomic ion homeostasis","6/87","274/6213",0.0218978102189781,1.56380568839668,1.13745683740641,0.184637473459262,0.408983471878319,0.334085784765288,"XLOC-020834#BMP15-BOVIN#Q6PX77/XLOC-008044#MOM5-CAEEL#A0A0K3AWM6/XLOC-003539#RHBG-DANRE#Q7T070/XLOC-010031#ACHB4-BOVIN#Q8SPU6/XLOC-010665#MYC-MARMO#P22555/XLOC-023090#KCC2A-HUMAN#Q9UQM7",6
"GO:0042742","GO:0042742","defense response to bacterium","3/87","106/6213",0.0283018867924528,2.02114508783344,1.26361065346574,0.185153587617503,0.409808522476909,0.334759742750522,"XLOC-023693#TRLF-DESRO#K9IMD0/XLOC-025132#PPN1-CAEEL#O76840/XLOC-020834#BMP15-BOVIN#Q6PX77",3
"GO:0051338","GO:0051338","regulation of transferase activity","9/87","456/6213",0.0197368421052632,1.40948275862069,1.08244734764077,0.186315951104884,0.412061556978476,0.336600176047501,"XLOC-023693#TRLF-DESRO#K9IMD0/XLOC-020834#BMP15-BOVIN#Q6PX77/XLOC-016472#COMP-MOUSE#Q9R0G6/XLOC-020938#SPB6-MOUSE#Q60854/XLOC-006335#GREM1-CHICK#O73755/XLOC-006685#KAPR-STRPU#Q26619/gene-evm.model.ptg000002l.349#ADT1-CAEEL#G5ECS8/XLOC-010031#ACHB4-BOVIN#Q8SPU6/XLOC-010665#MYC-MARMO#P22555",9
"GO:0035967","GO:0035967","cellular response to topologically incorrect protein","3/87","107/6213",0.0280373831775701,2.00225588140509,1.24617477460721,0.188692696708527,0.412179379843444,0.336696421854515,"XLOC-009392#FKB14-HUMAN#Q9NWM8/gene-evm.model.ptg000001l.34#FKB2B-RHIO9#P0C1J5/gene-evm.model.ptg000021l.117#UFD1-RAT#Q9ES53",3
"GO:0008584","GO:0008584","male gonad development","2/87","57/6213",0.0350877192982456,2.50574712643678,1.36090252197533,0.189664725347316,0.412179379843444,0.336696421854515,"XLOC-003038#INHBA-MOUSE#Q04998/novel-gene-chr14-4172#SIX2-MOUSE#Q62232",2
"GO:0040018","GO:0040018","positive regulation of multicellular organism growth","2/87","57/6213",0.0350877192982456,2.50574712643678,1.36090252197533,0.189664725347316,0.412179379843444,0.336696421854515,"XLOC-020834#BMP15-BOVIN#Q6PX77/XLOC-025615#S15A2-DANRE#B0S6T2",2
"GO:0000966","GO:0000966","RNA 5'-end processing","1/87","15/6213",0.0666666666666667,4.76091954022989,1.7378037880493,0.190847865675846,0.412179379843444,0.336696421854515,"XLOC-016437#UBP14-PANTR#P60051",1
"GO:0002092","GO:0002092","positive regulation of receptor internalization","1/87","15/6213",0.0666666666666667,4.76091954022989,1.7378037880493,0.190847865675846,0.412179379843444,0.336696421854515,"XLOC-006335#GREM1-CHICK#O73755",1
"GO:0003170","GO:0003170","heart valve development","1/87","15/6213",0.0666666666666667,4.76091954022989,1.7378037880493,0.190847865675846,0.412179379843444,0.336696421854515,"XLOC-020834#BMP15-BOVIN#Q6PX77",1
"GO:0010829","GO:0010829","negative regulation of D-glucose transmembrane transport","1/87","15/6213",0.0666666666666667,4.76091954022989,1.7378037880493,0.190847865675846,0.412179379843444,0.336696421854515,"XLOC-010665#MYC-MARMO#P22555",1
"GO:0018195","GO:0018195","peptidyl-arginine modification","1/87","15/6213",0.0666666666666667,4.76091954022989,1.7378037880493,0.190847865675846,0.412179379843444,0.336696421854515,"XLOC-006644#FBX11-RAT#Q7TSL3",1
"GO:0030858","GO:0030858","positive regulation of epithelial cell differentiation","1/87","15/6213",0.0666666666666667,4.76091954022989,1.7378037880493,0.190847865675846,0.412179379843444,0.336696421854515,"XLOC-020834#BMP15-BOVIN#Q6PX77",1
"GO:0031952","GO:0031952","regulation of protein autophosphorylation","1/87","15/6213",0.0666666666666667,4.76091954022989,1.7378037880493,0.190847865675846,0.412179379843444,0.336696421854515,"XLOC-006335#GREM1-CHICK#O73755",1
"GO:0032720","GO:0032720","negative regulation of tumor necrosis factor production","1/87","15/6213",0.0666666666666667,4.76091954022989,1.7378037880493,0.190847865675846,0.412179379843444,0.336696421854515,"XLOC-010031#ACHB4-BOVIN#Q8SPU6",1
"GO:0032780","GO:0032780","negative regulation of ATP-dependent activity","1/87","15/6213",0.0666666666666667,4.76091954022989,1.7378037880493,0.190847865675846,0.412179379843444,0.336696421854515,"XLOC-023693#TRLF-DESRO#K9IMD0",1
"GO:0032839","GO:0032839","dendrite cytoplasm","1/87","15/6213",0.0666666666666667,4.76091954022989,1.7378037880493,0.190847865675846,0.412179379843444,0.336696421854515,"XLOC-004104#XLOC-004104",1
"GO:0032875","GO:0032875","regulation of DNA endoreduplication","1/87","15/6213",0.0666666666666667,4.76091954022989,1.7378037880493,0.190847865675846,0.412179379843444,0.336696421854515,"XLOC-020834#BMP15-BOVIN#Q6PX77",1
"GO:0032986","GO:0032986","protein-DNA complex disassembly","1/87","15/6213",0.0666666666666667,4.76091954022989,1.7378037880493,0.190847865675846,0.412179379843444,0.336696421854515,"XLOC-010665#MYC-MARMO#P22555",1
"GO:0042130","GO:0042130","negative regulation of T cell proliferation","1/87","15/6213",0.0666666666666667,4.76091954022989,1.7378037880493,0.190847865675846,0.412179379843444,0.336696421854515,"XLOC-020834#BMP15-BOVIN#Q6PX77",1
"GO:0044232","GO:0044232","organelle membrane contact site","1/87","15/6213",0.0666666666666667,4.76091954022989,1.7378037880493,0.190847865675846,0.412179379843444,0.336696421854515,"gene-evm.model.ptg000010l.70#ESYT2-MOUSE#Q3TZZ7",1
"GO:0045454","GO:0045454","cell redox homeostasis","1/87","15/6213",0.0666666666666667,4.76091954022989,1.7378037880493,0.190847865675846,0.412179379843444,0.336696421854515,"XLOC-009823#GSH1-HUMAN#P48506",1
"GO:0045601","GO:0045601","regulation of endothelial cell differentiation","1/87","15/6213",0.0666666666666667,4.76091954022989,1.7378037880493,0.190847865675846,0.412179379843444,0.336696421854515,"XLOC-020834#BMP15-BOVIN#Q6PX77",1
"GO:0045956","GO:0045956","positive regulation of calcium ion-dependent exocytosis","1/87","15/6213",0.0666666666666667,4.76091954022989,1.7378037880493,0.190847865675846,0.412179379843444,0.336696421854515,"XLOC-011874#SY65-APLCA#P41823",1
"GO:0046033","GO:0046033","AMP metabolic process","1/87","15/6213",0.0666666666666667,4.76091954022989,1.7378037880493,0.190847865675846,0.412179379843444,0.336696421854515,"XLOC-016646#ADK-PHYPA#O49923",1
"GO:0046886","GO:0046886","positive regulation of hormone biosynthetic process","1/87","15/6213",0.0666666666666667,4.76091954022989,1.7378037880493,0.190847865675846,0.412179379843444,0.336696421854515,"XLOC-010031#ACHB4-BOVIN#Q8SPU6",1
"GO:0050918","GO:0050918","positive chemotaxis","1/87","15/6213",0.0666666666666667,4.76091954022989,1.7378037880493,0.190847865675846,0.412179379843444,0.336696421854515,"XLOC-020834#BMP15-BOVIN#Q6PX77",1
"GO:0051823","GO:0051823","regulation of synapse structural plasticity","1/87","15/6213",0.0666666666666667,4.76091954022989,1.7378037880493,0.190847865675846,0.412179379843444,0.336696421854515,"XLOC-010031#ACHB4-BOVIN#Q8SPU6",1
"GO:0060439","GO:0060439","trachea morphogenesis","1/87","15/6213",0.0666666666666667,4.76091954022989,1.7378037880493,0.190847865675846,0.412179379843444,0.336696421854515,"XLOC-020834#BMP15-BOVIN#Q6PX77",1
"GO:0061311","GO:0061311","cell surface receptor signaling pathway involved in heart development","1/87","15/6213",0.0666666666666667,4.76091954022989,1.7378037880493,0.190847865675846,0.412179379843444,0.336696421854515,"XLOC-020834#BMP15-BOVIN#Q6PX77",1
"GO:0071243","GO:0071243","cellular response to arsenic-containing substance","1/87","15/6213",0.0666666666666667,4.76091954022989,1.7378037880493,0.190847865675846,0.412179379843444,0.336696421854515,"XLOC-010665#MYC-MARMO#P22555",1
"GO:0072112","GO:0072112","podocyte differentiation","1/87","15/6213",0.0666666666666667,4.76091954022989,1.7378037880493,0.190847865675846,0.412179379843444,0.336696421854515,"XLOC-020834#BMP15-BOVIN#Q6PX77",1
"GO:0072310","GO:0072310","glomerular epithelial cell development","1/87","15/6213",0.0666666666666667,4.76091954022989,1.7378037880493,0.190847865675846,0.412179379843444,0.336696421854515,"XLOC-020834#BMP15-BOVIN#Q6PX77",1
"GO:1902893","GO:1902893","regulation of miRNA transcription","1/87","15/6213",0.0666666666666667,4.76091954022989,1.7378037880493,0.190847865675846,0.412179379843444,0.336696421854515,"XLOC-020834#BMP15-BOVIN#Q6PX77",1
"GO:1903115","GO:1903115","regulation of actin filament-based movement","1/87","15/6213",0.0666666666666667,4.76091954022989,1.7378037880493,0.190847865675846,0.412179379843444,0.336696421854515,"XLOC-023090#KCC2A-HUMAN#Q9UQM7",1
"GO:0002066","GO:0002066","columnar/cuboidal epithelial cell development","5/87","219/6213",0.0228310502283105,1.630451897339,1.13188550352249,0.191948183091733,0.414242183328831,0.338381461394296,"XLOC-020834#BMP15-BOVIN#Q6PX77/XLOC-008044#MOM5-CAEEL#A0A0K3AWM6/XLOC-021709#BHMT1-BOVIN#Q5I597/XLOC-010538#LSHR-CHICK#Q90674/XLOC-004696#MYS-ARGIR#P24733",5
"GO:0007444","GO:0007444","imaginal disc development","6/87","278/6213",0.0215827338129496,1.54130488712478,1.10037531202851,0.193180204667645,0.416585883534988,0.340295956664809,"XLOC-020834#BMP15-BOVIN#Q6PX77/XLOC-008044#MOM5-CAEEL#A0A0K3AWM6/XLOC-000223#BMP1-MOUSE#P98063/XLOC-013477#SIX1B-DANRE#Q6NZ04/XLOC-022943#NR2E3-MOUSE#Q9QXZ7/XLOC-009823#GSH1-HUMAN#P48506",6
"GO:0034774","GO:0034774","secretory granule lumen","4/87","163/6213",0.0245398773006135,1.75248572033002,1.16011550543427,0.19406923600956,0.418085320574805,0.341520799805419,"XLOC-016472#COMP-MOUSE#Q9R0G6/XLOC-020938#SPB6-MOUSE#Q60854/gene-evm.model.ptg000002l.349#ADT1-CAEEL#G5ECS8/XLOC-025964#NEC1-HUMAN#P29120",4
"GO:0071496","GO:0071496","cellular response to external stimulus","5/87","220/6213",0.0227272727272727,1.6230407523511,1.12122432038497,0.194385826342488,0.418085320574805,0.341520799805419,"XLOC-020834#BMP15-BOVIN#Q6PX77/XLOC-008044#MOM5-CAEEL#A0A0K3AWM6/XLOC-003038#INHBA-MOUSE#Q04998/XLOC-009823#GSH1-HUMAN#P48506/XLOC-004104#XLOC-004104",5
"GO:0006885","GO:0006885","regulation of pH","2/87","58/6213",0.0344827586206897,2.46254458977408,1.33350895779332,0.194754781298253,0.418085320574805,0.341520799805419,"XLOC-025615#S15A2-DANRE#B0S6T2/XLOC-003539#RHBG-DANRE#Q7T070",2
"GO:0007435","GO:0007435","salivary gland morphogenesis","2/87","58/6213",0.0344827586206897,2.46254458977408,1.33350895779332,0.194754781298253,0.418085320574805,0.341520799805419,"XLOC-008044#MOM5-CAEEL#A0A0K3AWM6/gene-evm.model.ptg000032l.233#LAMC1-XENTR#A0JP86",2
"GO:0014902","GO:0014902","myotube differentiation","2/87","58/6213",0.0344827586206897,2.46254458977408,1.33350895779332,0.194754781298253,0.418085320574805,0.341520799805419,"XLOC-013477#SIX1B-DANRE#Q6NZ04/novel-gene-chr14-4172#SIX2-MOUSE#Q62232",2
"GO:0046546","GO:0046546","development of primary male sexual characteristics","2/87","58/6213",0.0344827586206897,2.46254458977408,1.33350895779332,0.194754781298253,0.418085320574805,0.341520799805419,"XLOC-003038#INHBA-MOUSE#Q04998/novel-gene-chr14-4172#SIX2-MOUSE#Q62232",2
"GO:0043207","GO:0043207","response to external biotic stimulus","7/87","339/6213",0.0206489675516224,1.47462109653138,1.07094401957016,0.195597582633385,0.418804480458177,0.342108258982937,"XLOC-023693#TRLF-DESRO#K9IMD0/XLOC-025132#PPN1-CAEEL#O76840/XLOC-020834#BMP15-BOVIN#Q6PX77/XLOC-025615#S15A2-DANRE#B0S6T2/XLOC-004104#XLOC-004104/XLOC-025964#NEC1-HUMAN#P29120/gene-evm.model.ptg000021l.117#UFD1-RAT#Q9ES53",7
"GO:0051707","GO:0051707","response to other organism","7/87","339/6213",0.0206489675516224,1.47462109653138,1.07094401957016,0.195597582633385,0.418804480458177,0.342108258982937,"XLOC-023693#TRLF-DESRO#K9IMD0/XLOC-025132#PPN1-CAEEL#O76840/XLOC-020834#BMP15-BOVIN#Q6PX77/XLOC-025615#S15A2-DANRE#B0S6T2/XLOC-004104#XLOC-004104/XLOC-025964#NEC1-HUMAN#P29120/gene-evm.model.ptg000021l.117#UFD1-RAT#Q9ES53",7
"GO:0014069","GO:0014069","postsynaptic density","3/87","109/6213",0.0275229357798165,1.96551724137931,1.21186117933714,0.195823756372663,0.418804480458177,0.342108258982937,"XLOC-025853#MFSD8-XENLA#Q6GPQ3/XLOC-004104#XLOC-004104/XLOC-010031#ACHB4-BOVIN#Q8SPU6",3
"GO:0030017","GO:0030017","sarcomere","3/87","109/6213",0.0275229357798165,1.96551724137931,1.21186117933714,0.195823756372663,0.418804480458177,0.342108258982937,"XLOC-004696#MYS-ARGIR#P24733/XLOC-026222#MYPH-ECHGR#Q24799/XLOC-025643#TRIM2-HUMAN#Q9C040",3
"GO:1903522","GO:1903522","regulation of blood circulation","3/87","109/6213",0.0275229357798165,1.96551724137931,1.21186117933714,0.195823756372663,0.418804480458177,0.342108258982937,"XLOC-004696#MYS-ARGIR#P24733/XLOC-010031#ACHB4-BOVIN#Q8SPU6/XLOC-023090#KCC2A-HUMAN#Q9UQM7",3
"GO:0045862","GO:0045862","positive regulation of proteolysis","5/87","221/6213",0.0226244343891403,1.6156966765486,1.11061592742709,0.196834640109897,0.420169727857253,0.343223486810175,"XLOC-026524#KLKB1-RAT#P14272/XLOC-020938#SPB6-MOUSE#Q60854/XLOC-009823#GSH1-HUMAN#P48506/XLOC-010665#MYC-MARMO#P22555/gene-evm.model.ptg000021l.117#UFD1-RAT#Q9ES53",5
"GO:0030425","GO:0030425","dendrite","7/87","341/6213",0.0205278592375367,1.46597229244615,1.0547052630348,0.199534205260368,0.420169727857253,0.343223486810175,"XLOC-020299#SC5A7-DROME#Q9VE46/XLOC-006685#KAPR-STRPU#Q26619/XLOC-004104#XLOC-004104/XLOC-016414#GRM4-MOUSE#Q68EF4/XLOC-010031#ACHB4-BOVIN#Q8SPU6/XLOC-025964#NEC1-HUMAN#P29120/XLOC-023090#KCC2A-HUMAN#Q9UQM7",7
"GO:0002164","GO:0002164","larval development","6/87","281/6213",0.0213523131672598,1.52484967480672,1.07293737732126,0.199687340547121,0.420169727857253,0.343223486810175,"XLOC-020834#BMP15-BOVIN#Q6PX77/XLOC-008044#MOM5-CAEEL#A0A0K3AWM6/XLOC-025615#S15A2-DANRE#B0S6T2/gene-evm.model.ptg000001l.686#SOX14-DANRE#Q32PP9/XLOC-006644#FBX11-RAT#Q7TSL3/XLOC-012287#SX19B-DANRE#Q9DDD7",6
"GO:0002262","GO:0002262","myeloid cell homeostasis","2/87","59/6213",0.0338983050847458,2.4208065458796,1.30667945516314,0.199862610044207,0.420169727857253,0.343223486810175,"XLOC-020834#BMP15-BOVIN#Q6PX77/XLOC-003539#RHBG-DANRE#Q7T070",2
"GO:0031100","GO:0031100","animal organ regeneration","2/87","59/6213",0.0338983050847458,2.4208065458796,1.30667945516314,0.199862610044207,0.420169727857253,0.343223486810175,"XLOC-026524#KLKB1-RAT#P14272/XLOC-010665#MYC-MARMO#P22555",2
"GO:1900542","GO:1900542","regulation of purine nucleotide metabolic process","2/87","59/6213",0.0338983050847458,2.4208065458796,1.30667945516314,0.199862610044207,0.420169727857253,0.343223486810175,"gene-evm.model.ptg000020l.16#MAAI-MOUSE#Q9WVL0/XLOC-010665#MYC-MARMO#P22555",2
"GO:0097447","GO:0097447","dendritic tree","7/87","342/6213",0.0204678362573099,1.46168582375479,1.04662331737373,0.201514514200425,0.420169727857253,0.343223486810175,"XLOC-020299#SC5A7-DROME#Q9VE46/XLOC-006685#KAPR-STRPU#Q26619/XLOC-004104#XLOC-004104/XLOC-016414#GRM4-MOUSE#Q68EF4/XLOC-010031#ACHB4-BOVIN#Q8SPU6/XLOC-025964#NEC1-HUMAN#P29120/XLOC-023090#KCC2A-HUMAN#Q9UQM7",7
"GO:0001737","GO:0001737","establishment of imaginal disc-derived wing hair orientation","1/87","16/6213",0.0625,4.46336206896552,1.65292821520108,0.202205761075362,0.420169727857253,0.343223486810175,"XLOC-008044#MOM5-CAEEL#A0A0K3AWM6",1
"GO:0002673","GO:0002673","regulation of acute inflammatory response","1/87","16/6213",0.0625,4.46336206896552,1.65292821520108,0.202205761075362,0.420169727857253,0.343223486810175,"XLOC-026524#KLKB1-RAT#P14272",1
"GO:0004601","GO:0004601","peroxidase activity","1/87","16/6213",0.0625,4.46336206896552,1.65292821520108,0.202205761075362,0.420169727857253,0.343223486810175,"gene-evm.model.ptg000020l.16#MAAI-MOUSE#Q9WVL0",1
"GO:0005328","GO:0005328","neurotransmitter:sodium symporter activity","1/87","16/6213",0.0625,4.46336206896552,1.65292821520108,0.202205761075362,0.420169727857253,0.343223486810175,"XLOC-020299#SC5A7-DROME#Q9VE46",1
"GO:0007464","GO:0007464","R3/R4 cell fate commitment","1/87","16/6213",0.0625,4.46336206896552,1.65292821520108,0.202205761075362,0.420169727857253,0.343223486810175,"XLOC-008044#MOM5-CAEEL#A0A0K3AWM6",1
"GO:0008083","GO:0008083","growth factor activity","1/87","16/6213",0.0625,4.46336206896552,1.65292821520108,0.202205761075362,0.420169727857253,0.343223486810175,"XLOC-020834#BMP15-BOVIN#Q6PX77",1
"GO:0009200","GO:0009200","deoxyribonucleoside triphosphate metabolic process","1/87","16/6213",0.0625,4.46336206896552,1.65292821520108,0.202205761075362,0.420169727857253,0.343223486810175,"XLOC-016646#ADK-PHYPA#O49923",1
"GO:0016486","GO:0016486","peptide hormone processing","1/87","16/6213",0.0625,4.46336206896552,1.65292821520108,0.202205761075362,0.420169727857253,0.343223486810175,"XLOC-025964#NEC1-HUMAN#P29120",1
"GO:0017046","GO:0017046","peptide hormone binding","1/87","16/6213",0.0625,4.46336206896552,1.65292821520108,0.202205761075362,0.420169727857253,0.343223486810175,"XLOC-025964#NEC1-HUMAN#P29120",1
"GO:0018996","GO:0018996","molting cycle, collagen and cuticulin-based cuticle","1/87","16/6213",0.0625,4.46336206896552,1.65292821520108,0.202205761075362,0.420169727857253,0.343223486810175,"XLOC-006644#FBX11-RAT#Q7TSL3",1
"GO:0030199","GO:0030199","collagen fibril organization","1/87","16/6213",0.0625,4.46336206896552,1.65292821520108,0.202205761075362,0.420169727857253,0.343223486810175,"XLOC-006335#GREM1-CHICK#O73755",1
"GO:0030291","GO:0030291","protein serine/threonine kinase inhibitor activity","1/87","16/6213",0.0625,4.46336206896552,1.65292821520108,0.202205761075362,0.420169727857253,0.343223486810175,"XLOC-006685#KAPR-STRPU#Q26619",1
"GO:0030970","GO:0030970","retrograde protein transport, ER to cytosol","1/87","16/6213",0.0625,4.46336206896552,1.65292821520108,0.202205761075362,0.420169727857253,0.343223486810175,"gene-evm.model.ptg000021l.117#UFD1-RAT#Q9ES53",1
"GO:0031690","GO:0031690","adrenergic receptor binding","1/87","16/6213",0.0625,4.46336206896552,1.65292821520108,0.202205761075362,0.420169727857253,0.343223486810175,"XLOC-006685#KAPR-STRPU#Q26619",1
"GO:0032352","GO:0032352","positive regulation of hormone metabolic process","1/87","16/6213",0.0625,4.46336206896552,1.65292821520108,0.202205761075362,0.420169727857253,0.343223486810175,"XLOC-010031#ACHB4-BOVIN#Q8SPU6",1
"GO:0033081","GO:0033081","regulation of T cell differentiation in thymus","1/87","16/6213",0.0625,4.46336206896552,1.65292821520108,0.202205761075362,0.420169727857253,0.343223486810175,"XLOC-020834#BMP15-BOVIN#Q6PX77",1
"GO:0033280","GO:0033280","response to vitamin D","1/87","16/6213",0.0625,4.46336206896552,1.65292821520108,0.202205761075362,0.420169727857253,0.343223486810175,"XLOC-008044#MOM5-CAEEL#A0A0K3AWM6",1
"GO:0043278","GO:0043278","response to morphine","1/87","16/6213",0.0625,4.46336206896552,1.65292821520108,0.202205761075362,0.420169727857253,0.343223486810175,"XLOC-025964#NEC1-HUMAN#P29120",1
"GO:0048056","GO:0048056","R3/R4 cell differentiation","1/87","16/6213",0.0625,4.46336206896552,1.65292821520108,0.202205761075362,0.420169727857253,0.343223486810175,"XLOC-008044#MOM5-CAEEL#A0A0K3AWM6",1
"GO:0048841","GO:0048841","regulation of axon extension involved in axon guidance","1/87","16/6213",0.0625,4.46336206896552,1.65292821520108,0.202205761075362,0.420169727857253,0.343223486810175,"XLOC-022943#NR2E3-MOUSE#Q9QXZ7",1
"GO:0055017","GO:0055017","cardiac muscle tissue growth","1/87","16/6213",0.0625,4.46336206896552,1.65292821520108,0.202205761075362,0.420169727857253,0.343223486810175,"XLOC-023090#KCC2A-HUMAN#Q9UQM7",1
"GO:0055075","GO:0055075","potassium ion homeostasis","1/87","16/6213",0.0625,4.46336206896552,1.65292821520108,0.202205761075362,0.420169727857253,0.343223486810175,"XLOC-023090#KCC2A-HUMAN#Q9UQM7",1
"GO:0060148","GO:0060148","positive regulation of post-transcriptional gene silencing","1/87","16/6213",0.0625,4.46336206896552,1.65292821520108,0.202205761075362,0.420169727857253,0.343223486810175,"XLOC-020834#BMP15-BOVIN#Q6PX77",1
"GO:0070064","GO:0070064","proline-rich region binding","1/87","16/6213",0.0625,4.46336206896552,1.65292821520108,0.202205761075362,0.420169727857253,0.343223486810175,"XLOC-004104#XLOC-004104",1
"GO:0070371","GO:0070371","ERK1 and ERK2 cascade","1/87","16/6213",0.0625,4.46336206896552,1.65292821520108,0.202205761075362,0.420169727857253,0.343223486810175,"XLOC-010665#MYC-MARMO#P22555",1
"GO:0071711","GO:0071711","basement membrane organization","1/87","16/6213",0.0625,4.46336206896552,1.65292821520108,0.202205761075362,0.420169727857253,0.343223486810175,"gene-evm.model.ptg000032l.233#LAMC1-XENTR#A0JP86",1
"GO:0072010","GO:0072010","glomerular epithelium development","1/87","16/6213",0.0625,4.46336206896552,1.65292821520108,0.202205761075362,0.420169727857253,0.343223486810175,"XLOC-020834#BMP15-BOVIN#Q6PX77",1
"GO:0072132","GO:0072132","mesenchyme morphogenesis","1/87","16/6213",0.0625,4.46336206896552,1.65292821520108,0.202205761075362,0.420169727857253,0.343223486810175,"XLOC-020834#BMP15-BOVIN#Q6PX77",1
"GO:0072311","GO:0072311","glomerular epithelial cell differentiation","1/87","16/6213",0.0625,4.46336206896552,1.65292821520108,0.202205761075362,0.420169727857253,0.343223486810175,"XLOC-020834#BMP15-BOVIN#Q6PX77",1
"GO:1902236","GO:1902236","negative regulation of endoplasmic reticulum stress-induced intrinsic apoptotic signaling pathway","1/87","16/6213",0.0625,4.46336206896552,1.65292821520108,0.202205761075362,0.420169727857253,0.343223486810175,"XLOC-027115#TXD12-EPICO#H9D1R1",1
"GO:1903513","GO:1903513","endoplasmic reticulum to cytosol transport","1/87","16/6213",0.0625,4.46336206896552,1.65292821520108,0.202205761075362,0.420169727857253,0.343223486810175,"gene-evm.model.ptg000021l.117#UFD1-RAT#Q9ES53",1
"GO:2001224","GO:2001224","positive regulation of neuron migration","1/87","16/6213",0.0625,4.46336206896552,1.65292821520108,0.202205761075362,0.420169727857253,0.343223486810175,"XLOC-020923#WNT11-HUMAN#O96014",1
"GO:0045664","GO:0045664","regulation of neuron differentiation","8/87","404/6213",0.0198019801980198,1.41413451689997,1.02581318560799,0.203086588731733,0.421692894942965,0.344467714281818,"XLOC-020834#BMP15-BOVIN#Q6PX77/XLOC-008044#MOM5-CAEEL#A0A0K3AWM6/XLOC-013477#SIX1B-DANRE#Q6NZ04/XLOC-022943#NR2E3-MOUSE#Q9QXZ7/XLOC-013652#HXD3-HAPBU#A8DT10/gene-evm.model.ptg000004l.40#FA5-MOUSE#O88783/XLOC-020923#WNT11-HUMAN#O96014/XLOC-004104#XLOC-004104",8
"GO:0034097","GO:0034097","response to cytokine","7/87","343/6213",0.0204081632653061,1.45742434904996,1.03856609784679,0.203502719656713,0.422249643040437,0.344922504359779,"XLOC-003038#INHBA-MOUSE#Q04998/XLOC-003648#DAND5-MOUSE#Q76LW6/gene-evm.model.ptg000022l.478#GSH0-HUMAN#P48507/XLOC-009823#GSH1-HUMAN#P48506/XLOC-025964#NEC1-HUMAN#P29120/XLOC-010665#MYC-MARMO#P22555/XLOC-023090#KCC2A-HUMAN#Q9UQM7",7
"GO:0007632","GO:0007632","visual behavior","2/87","60/6213",0.0333333333333333,2.38045977011494,1.28039148130154,0.204986738300829,0.423787800269757,0.346178976810096,"XLOC-013035#HXA4-LINSA#P81192/gene-evm.model.ptg000032l.233#LAMC1-XENTR#A0JP86",2
"GO:0008652","GO:0008652","amino acid biosynthetic process","2/87","60/6213",0.0333333333333333,2.38045977011494,1.28039148130154,0.204986738300829,0.423787800269757,0.346178976810096,"XLOC-021709#BHMT1-BOVIN#Q5I597/XLOC-004937#FOLH1-RAT#P70627",2
"GO:0030165","GO:0030165","PDZ domain binding","2/87","60/6213",0.0333333333333333,2.38045977011494,1.28039148130154,0.204986738300829,0.423787800269757,0.346178976810096,"XLOC-008044#MOM5-CAEEL#A0A0K3AWM6/XLOC-004104#XLOC-004104",2
"GO:0042383","GO:0042383","sarcolemma","2/87","60/6213",0.0333333333333333,2.38045977011494,1.28039148130154,0.204986738300829,0.423787800269757,0.346178976810096,"XLOC-006685#KAPR-STRPU#Q26619/XLOC-023090#KCC2A-HUMAN#Q9UQM7",2
"GO:0071242","GO:0071242","cellular response to ammonium ion","2/87","60/6213",0.0333333333333333,2.38045977011494,1.28039148130154,0.204986738300829,0.423787800269757,0.346178976810096,"XLOC-010031#ACHB4-BOVIN#Q8SPU6/XLOC-010665#MYC-MARMO#P22555",2
"GO:0045926","GO:0045926","negative regulation of growth","4/87","167/6213",0.0239520958083832,1.71051001445385,1.10912685614973,0.205628656792329,0.424807065770104,0.347011582863841,"XLOC-020834#BMP15-BOVIN#Q6PX77/XLOC-006335#GREM1-CHICK#O73755/XLOC-000223#BMP1-MOUSE#P98063/XLOC-011360#XLOC-011360",4
"GO:0021915","GO:0021915","neural tube development","3/87","112/6213",0.0267857142857143,1.91286945812808,1.16172685701359,0.206644258180996,0.426481987984983,0.348379774346026,"XLOC-006454#GSC-PONPY#A2T7P4/XLOC-020834#BMP15-BOVIN#Q6PX77/XLOC-008044#MOM5-CAEEL#A0A0K3AWM6",3
"GO:0046677","GO:0046677","response to antibiotic","5/87","225/6213",0.0222222222222222,1.58697318007663,1.06869917660197,0.20673837693068,0.426481987984983,0.348379774346026,"XLOC-022275#T53I2-HUMAN#Q8IXH6/gene-evm.model.ptg000022l.478#GSH0-HUMAN#P48507/XLOC-013035#HXA4-LINSA#P81192/XLOC-010031#ACHB4-BOVIN#Q8SPU6/XLOC-010665#MYC-MARMO#P22555",5
"GO:0006865","GO:0006865","amino acid transport","2/87","61/6213",0.0327868852459016,2.34143583945732,1.25462377471285,0.210125729658692,0.428765787635354,0.350245338729195,"XLOC-020299#SC5A7-DROME#Q9VE46/XLOC-010665#MYC-MARMO#P22555",2
"GO:0099572","GO:0099572","postsynaptic specialization","3/87","113/6213",0.0265486725663717,1.89594140982606,1.14535671855557,0.210281972614668,0.428765787635354,0.350245338729195,"XLOC-025853#MFSD8-XENLA#Q6GPQ3/XLOC-004104#XLOC-004104/XLOC-010031#ACHB4-BOVIN#Q8SPU6",3
"GO:0002052","GO:0002052","positive regulation of neuroblast proliferation","1/87","17/6213",0.0588235294117647,4.20081135902637,1.57476476629239,0.213406035205819,0.428765787635354,0.350245338729195,"gene-evm.model.ptg000007l.881-1#OTP-SACKO#Q7YTC2",1
"GO:0006103","GO:0006103","2-oxoglutarate metabolic process","1/87","17/6213",0.0588235294117647,4.20081135902637,1.57476476629239,0.213406035205819,0.428765787635354,0.350245338729195,"XLOC-009352#ODO1-BOVIN#Q148N0",1
"GO:0006555","GO:0006555","methionine metabolic process","1/87","17/6213",0.0588235294117647,4.20081135902637,1.57476476629239,0.213406035205819,0.428765787635354,0.350245338729195,"XLOC-021709#BHMT1-BOVIN#Q5I597",1
"GO:0006654","GO:0006654","phosphatidic acid biosynthetic process","1/87","17/6213",0.0588235294117647,4.20081135902637,1.57476476629239,0.213406035205819,0.428765787635354,0.350245338729195,"XLOC-022911#PA2B-BUNFA#A6MEY4",1
"GO:0007215","GO:0007215","glutamate receptor signaling pathway","1/87","17/6213",0.0588235294117647,4.20081135902637,1.57476476629239,0.213406035205819,0.428765787635354,0.350245338729195,"XLOC-016414#GRM4-MOUSE#Q68EF4",1
"GO:0008293","GO:0008293","torso signaling pathway","1/87","17/6213",0.0588235294117647,4.20081135902637,1.57476476629239,0.213406035205819,0.428765787635354,0.350245338729195,"XLOC-000223#BMP1-MOUSE#P98063",1
"GO:0009310","GO:0009310","amine catabolic process","1/87","17/6213",0.0588235294117647,4.20081135902637,1.57476476629239,0.213406035205819,0.428765787635354,0.350245338729195,"XLOC-021709#BHMT1-BOVIN#Q5I597",1
"GO:0009629","GO:0009629","response to gravity","1/87","17/6213",0.0588235294117647,4.20081135902637,1.57476476629239,0.213406035205819,0.428765787635354,0.350245338729195,"XLOC-004696#MYS-ARGIR#P24733",1
"GO:0010996","GO:0010996","response to auditory stimulus","1/87","17/6213",0.0588235294117647,4.20081135902637,1.57476476629239,0.213406035205819,0.428765787635354,0.350245338729195,"XLOC-015788#OTOF-HUMAN#Q9HC10",1
"GO:0014072","GO:0014072","response to isoquinoline alkaloid","1/87","17/6213",0.0588235294117647,4.20081135902637,1.57476476629239,0.213406035205819,0.428765787635354,0.350245338729195,"XLOC-025964#NEC1-HUMAN#P29120",1
"GO:0015701","GO:0015701","bicarbonate transport","1/87","17/6213",0.0588235294117647,4.20081135902637,1.57476476629239,0.213406035205819,0.428765787635354,0.350245338729195,"XLOC-003539#RHBG-DANRE#Q7T070",1
"GO:0030673","GO:0030673","axolemma","1/87","17/6213",0.0588235294117647,4.20081135902637,1.57476476629239,0.213406035205819,0.428765787635354,0.350245338729195,"XLOC-010031#ACHB4-BOVIN#Q8SPU6",1
"GO:0030813","GO:0030813","positive regulation of nucleotide catabolic process","1/87","17/6213",0.0588235294117647,4.20081135902637,1.57476476629239,0.213406035205819,0.428765787635354,0.350245338729195,"XLOC-010665#MYC-MARMO#P22555",1
"GO:0031146","GO:0031146","SCF-dependent proteasomal ubiquitin-dependent protein catabolic process","1/87","17/6213",0.0588235294117647,4.20081135902637,1.57476476629239,0.213406035205819,0.428765787635354,0.350245338729195,"XLOC-006644#FBX11-RAT#Q7TSL3",1
"GO:0032965","GO:0032965","regulation of collagen biosynthetic process","1/87","17/6213",0.0588235294117647,4.20081135902637,1.57476476629239,0.213406035205819,0.428765787635354,0.350245338729195,"XLOC-020834#BMP15-BOVIN#Q6PX77",1
"GO:0035020","GO:0035020","regulation of Rac protein signal transduction","1/87","17/6213",0.0588235294117647,4.20081135902637,1.57476476629239,0.213406035205819,0.428765787635354,0.350245338729195,"XLOC-023090#KCC2A-HUMAN#Q9UQM7",1
"GO:0035994","GO:0035994","response to muscle stretch","1/87","17/6213",0.0588235294117647,4.20081135902637,1.57476476629239,0.213406035205819,0.428765787635354,0.350245338729195,"XLOC-004696#MYS-ARGIR#P24733",1
"GO:0036120","GO:0036120","cellular response to platelet-derived growth factor stimulus","1/87","17/6213",0.0588235294117647,4.20081135902637,1.57476476629239,0.213406035205819,0.428765787635354,0.350245338729195,"XLOC-010665#MYC-MARMO#P22555",1
"GO:0042402","GO:0042402","biogenic amine catabolic process","1/87","17/6213",0.0588235294117647,4.20081135902637,1.57476476629239,0.213406035205819,0.428765787635354,0.350245338729195,"XLOC-021709#BHMT1-BOVIN#Q5I597",1
"GO:0042661","GO:0042661","regulation of mesodermal cell fate specification","1/87","17/6213",0.0588235294117647,4.20081135902637,1.57476476629239,0.213406035205819,0.428765787635354,0.350245338729195,"XLOC-020834#BMP15-BOVIN#Q6PX77",1
"GO:0043500","GO:0043500","muscle adaptation","1/87","17/6213",0.0588235294117647,4.20081135902637,1.57476476629239,0.213406035205819,0.428765787635354,0.350245338729195,"XLOC-004696#MYS-ARGIR#P24733",1
"GO:0045570","GO:0045570","regulation of imaginal disc growth","1/87","17/6213",0.0588235294117647,4.20081135902637,1.57476476629239,0.213406035205819,0.428765787635354,0.350245338729195,"XLOC-020834#BMP15-BOVIN#Q6PX77",1
"GO:0045581","GO:0045581","negative regulation of T cell differentiation","1/87","17/6213",0.0588235294117647,4.20081135902637,1.57476476629239,0.213406035205819,0.428765787635354,0.350245338729195,"XLOC-020834#BMP15-BOVIN#Q6PX77",1
"GO:0045821","GO:0045821","positive regulation of glycolytic process","1/87","17/6213",0.0588235294117647,4.20081135902637,1.57476476629239,0.213406035205819,0.428765787635354,0.350245338729195,"XLOC-010665#MYC-MARMO#P22555",1
"GO:0046625","GO:0046625","sphingolipid binding","1/87","17/6213",0.0588235294117647,4.20081135902637,1.57476476629239,0.213406035205819,0.428765787635354,0.350245338729195,"gene-evm.model.ptg000032l.233#LAMC1-XENTR#A0JP86",1
"GO:0048713","GO:0048713","regulation of oligodendrocyte differentiation","1/87","17/6213",0.0588235294117647,4.20081135902637,1.57476476629239,0.213406035205819,0.428765787635354,0.350245338729195,"XLOC-020834#BMP15-BOVIN#Q6PX77",1
"GO:0048741","GO:0048741","skeletal muscle fiber development","1/87","17/6213",0.0588235294117647,4.20081135902637,1.57476476629239,0.213406035205819,0.428765787635354,0.350245338729195,"XLOC-013477#SIX1B-DANRE#Q6NZ04",1
"GO:0051782","GO:0051782","negative regulation of cell division","1/87","17/6213",0.0588235294117647,4.20081135902637,1.57476476629239,0.213406035205819,0.428765787635354,0.350245338729195,"XLOC-010665#MYC-MARMO#P22555",1
"GO:0060419","GO:0060419","heart growth","1/87","17/6213",0.0588235294117647,4.20081135902637,1.57476476629239,0.213406035205819,0.428765787635354,0.350245338729195,"XLOC-023090#KCC2A-HUMAN#Q9UQM7",1
"GO:0061003","GO:0061003","positive regulation of dendritic spine morphogenesis","1/87","17/6213",0.0588235294117647,4.20081135902637,1.57476476629239,0.213406035205819,0.428765787635354,0.350245338729195,"XLOC-004104#XLOC-004104",1
"GO:0072376","GO:0072376","protein activation cascade","1/87","17/6213",0.0588235294117647,4.20081135902637,1.57476476629239,0.213406035205819,0.428765787635354,0.350245338729195,"XLOC-026524#KLKB1-RAT#P14272",1
"GO:1902855","GO:1902855","regulation of non-motile cilium assembly","1/87","17/6213",0.0588235294117647,4.20081135902637,1.57476476629239,0.213406035205819,0.428765787635354,0.350245338729195,"XLOC-006585#OTX1-HUMAN#P32242",1
"GO:1904886","GO:1904886","beta-catenin destruction complex disassembly","1/87","17/6213",0.0588235294117647,4.20081135902637,1.57476476629239,0.213406035205819,0.428765787635354,0.350245338729195,"XLOC-008044#MOM5-CAEEL#A0A0K3AWM6",1
"GO:1905770","GO:1905770","regulation of mesodermal cell differentiation","1/87","17/6213",0.0588235294117647,4.20081135902637,1.57476476629239,0.213406035205819,0.428765787635354,0.350245338729195,"XLOC-020834#BMP15-BOVIN#Q6PX77",1
"GO:1905902","GO:1905902","regulation of mesoderm formation","1/87","17/6213",0.0588235294117647,4.20081135902637,1.57476476629239,0.213406035205819,0.428765787635354,0.350245338729195,"XLOC-020834#BMP15-BOVIN#Q6PX77",1
"GO:0046328","GO:0046328","regulation of JNK cascade","3/87","114/6213",0.0263157894736842,1.87931034482759,1.12915131626331,0.213934235757077,0.429222485664515,0.350618401040912,"XLOC-008044#MOM5-CAEEL#A0A0K3AWM6/XLOC-020938#SPB6-MOUSE#Q60854/XLOC-020923#WNT11-HUMAN#O96014",3
"GO:0090257","GO:0090257","regulation of muscle system process","3/87","114/6213",0.0263157894736842,1.87931034482759,1.12915131626331,0.213934235757077,0.429222485664515,0.350618401040912,"XLOC-004696#MYS-ARGIR#P24733/XLOC-016646#ADK-PHYPA#O49923/XLOC-023090#KCC2A-HUMAN#Q9UQM7",3
"GO:0048471","GO:0048471","perinuclear region of cytoplasm","8/87","410/6213",0.0195121951219512,1.39343986543314,0.982269953159602,0.214205379396086,0.42946447464303,0.35081607425597,"XLOC-003038#INHBA-MOUSE#Q04998/XLOC-006685#KAPR-STRPU#Q26619/XLOC-011874#SY65-APLCA#P41823/XLOC-006644#FBX11-RAT#Q7TSL3/XLOC-009823#GSH1-HUMAN#P48506/XLOC-025964#NEC1-HUMAN#P29120/XLOC-010665#MYC-MARMO#P22555/XLOC-023090#KCC2A-HUMAN#Q9UQM7",8
"GO:0005976","GO:0005976","polysaccharide metabolic process","2/87","62/6213",0.032258064516129,2.30367074527252,1.22935625363435,0.21527818385965,0.430104102627157,0.351338566316721,"XLOC-026123#MGA-HUMAN#O43451/XLOC-010665#MYC-MARMO#P22555",2
"GO:0006855","GO:0006855","xenobiotic transmembrane transport","2/87","62/6213",0.032258064516129,2.30367074527252,1.22935625363435,0.21527818385965,0.430104102627157,0.351338566316721,"XLOC-025615#S15A2-DANRE#B0S6T2/XLOC-003539#RHBG-DANRE#Q7T070",2
"GO:0014013","GO:0014013","regulation of gliogenesis","2/87","62/6213",0.032258064516129,2.30367074527252,1.22935625363435,0.21527818385965,0.430104102627157,0.351338566316721,"XLOC-020834#BMP15-BOVIN#Q6PX77/XLOC-010665#MYC-MARMO#P22555",2
"GO:0034644","GO:0034644","cellular response to UV","2/87","62/6213",0.032258064516129,2.30367074527252,1.22935625363435,0.21527818385965,0.430104102627157,0.351338566316721,"XLOC-022275#T53I2-HUMAN#Q8IXH6/XLOC-010665#MYC-MARMO#P22555",2
"GO:0052689","GO:0052689","carboxylic ester hydrolase activity","2/87","62/6213",0.032258064516129,2.30367074527252,1.22935625363435,0.21527818385965,0.430104102627157,0.351338566316721,"XLOC-022911#PA2B-BUNFA#A6MEY4/XLOC-020365#PA2-BOMTE#P82971",2
"GO:0009617","GO:0009617","response to bacterium","5/87","229/6213",0.0218340611353712,1.55925312452944,1.02758373510486,0.216807867320886,0.432554437389152,0.353340168015047,"XLOC-023693#TRLF-DESRO#K9IMD0/XLOC-025132#PPN1-CAEEL#O76840/XLOC-020834#BMP15-BOVIN#Q6PX77/XLOC-004104#XLOC-004104/XLOC-025964#NEC1-HUMAN#P29120",5
"GO:0060541","GO:0060541","respiratory system development","5/87","229/6213",0.0218340611353712,1.55925312452944,1.02758373510486,0.216807867320886,0.432554437389152,0.353340168015047,"XLOC-020834#BMP15-BOVIN#Q6PX77/XLOC-008044#MOM5-CAEEL#A0A0K3AWM6/XLOC-013477#SIX1B-DANRE#Q6NZ04/gene-evm.model.ptg000022l.266#FCN1-MOUSE#O70165/novel-gene-chr14-4172#SIX2-MOUSE#Q62232",5
"GO:0050878","GO:0050878","regulation of body fluid levels","4/87","171/6213",0.0233918128654971,1.67049808429119,1.0594783577275,0.217388866302048,0.433107846061274,0.353792230221064,"XLOC-026524#KLKB1-RAT#P14272/XLOC-016472#COMP-MOUSE#Q9R0G6/XLOC-006685#KAPR-STRPU#Q26619/gene-evm.model.ptg000002l.349#ADT1-CAEEL#G5ECS8",4
"GO:0060205","GO:0060205","cytoplasmic vesicle lumen","4/87","171/6213",0.0233918128654971,1.67049808429119,1.0594783577275,0.217388866302048,0.433107846061274,0.353792230221064,"XLOC-016472#COMP-MOUSE#Q9R0G6/XLOC-020938#SPB6-MOUSE#Q60854/gene-evm.model.ptg000002l.349#ADT1-CAEEL#G5ECS8/XLOC-025964#NEC1-HUMAN#P29120",4
"GO:0099504","GO:0099504","synaptic vesicle cycle","3/87","115/6213",0.0260869565217391,1.86296851574213,1.11310725938726,0.217600517933578,0.433226990693997,0.353889555738746,"XLOC-011874#SY65-APLCA#P41823/gene-evm.model.ptg000010l.70#ESYT2-MOUSE#Q3TZZ7/XLOC-015788#OTOF-HUMAN#Q9HC10",3
"GO:0006140","GO:0006140","regulation of nucleotide metabolic process","2/87","63/6213",0.0317460317460317,2.26710454296661,1.20456993244567,0.220442736085854,0.436531216834285,0.356588674551665,"gene-evm.model.ptg000020l.16#MAAI-MOUSE#Q9WVL0/XLOC-010665#MYC-MARMO#P22555",2
"GO:0016247","GO:0016247","channel regulator activity","2/87","63/6213",0.0317460317460317,2.26710454296661,1.20456993244567,0.220442736085854,0.436531216834285,0.356588674551665,"XLOC-010031#ACHB4-BOVIN#Q8SPU6/XLOC-023090#KCC2A-HUMAN#Q9UQM7",2
"GO:0005231","GO:0005231","excitatory extracellular ligand-gated monoatomic ion channel activity","1/87","18/6213",0.0555555555555556,3.96743295019157,1.5023923569261,0.224450850399024,0.436531216834285,0.356588674551665,"XLOC-010031#ACHB4-BOVIN#Q8SPU6",1
"GO:0009074","GO:0009074","aromatic amino acid family catabolic process","1/87","18/6213",0.0555555555555556,3.96743295019157,1.5023923569261,0.224450850399024,0.436531216834285,0.356588674551665,"gene-evm.model.ptg000020l.16#MAAI-MOUSE#Q9WVL0",1
"GO:0009649","GO:0009649","entrainment of circadian clock","1/87","18/6213",0.0555555555555556,3.96743295019157,1.5023923569261,0.224450850399024,0.436531216834285,0.356588674551665,"XLOC-013477#SIX1B-DANRE#Q6NZ04",1
"GO:0014904","GO:0014904","myotube cell development","1/87","18/6213",0.0555555555555556,3.96743295019157,1.5023923569261,0.224450850399024,0.436531216834285,0.356588674551665,"XLOC-013477#SIX1B-DANRE#Q6NZ04",1
"GO:0016684","GO:0016684","oxidoreductase activity, acting on peroxide as acceptor","1/87","18/6213",0.0555555555555556,3.96743295019157,1.5023923569261,0.224450850399024,0.436531216834285,0.356588674551665,"gene-evm.model.ptg000020l.16#MAAI-MOUSE#Q9WVL0",1
"GO:0017147","GO:0017147","Wnt-protein binding","1/87","18/6213",0.0555555555555556,3.96743295019157,1.5023923569261,0.224450850399024,0.436531216834285,0.356588674551665,"XLOC-008044#MOM5-CAEEL#A0A0K3AWM6",1
"GO:0021772","GO:0021772","olfactory bulb development","1/87","18/6213",0.0555555555555556,3.96743295019157,1.5023923569261,0.224450850399024,0.436531216834285,0.356588674551665,"XLOC-009352#ODO1-BOVIN#Q148N0",1
"GO:0021988","GO:0021988","olfactory lobe development","1/87","18/6213",0.0555555555555556,3.96743295019157,1.5023923569261,0.224450850399024,0.436531216834285,0.356588674551665,"XLOC-009352#ODO1-BOVIN#Q148N0",1
"GO:0030669","GO:0030669","clathrin-coated endocytic vesicle membrane","1/87","18/6213",0.0555555555555556,3.96743295019157,1.5023923569261,0.224450850399024,0.436531216834285,0.356588674551665,"XLOC-008044#MOM5-CAEEL#A0A0K3AWM6",1
"GO:0030903","GO:0030903","notochord development","1/87","18/6213",0.0555555555555556,3.96743295019157,1.5023923569261,0.224450850399024,0.436531216834285,0.356588674551665,"gene-evm.model.ptg000032l.233#LAMC1-XENTR#A0JP86",1
"GO:0032094","GO:0032094","response to food","1/87","18/6213",0.0555555555555556,3.96743295019157,1.5023923569261,0.224450850399024,0.436531216834285,0.356588674551665,"XLOC-010031#ACHB4-BOVIN#Q8SPU6",1
"GO:0032222","GO:0032222","regulation of synaptic transmission, cholinergic","1/87","18/6213",0.0555555555555556,3.96743295019157,1.5023923569261,0.224450850399024,0.436531216834285,0.356588674551665,"XLOC-010031#ACHB4-BOVIN#Q8SPU6",1
"GO:0032480","GO:0032480","negative regulation of type I interferon production","1/87","18/6213",0.0555555555555556,3.96743295019157,1.5023923569261,0.224450850399024,0.436531216834285,0.356588674551665,"gene-evm.model.ptg000021l.117#UFD1-RAT#Q9ES53",1
"GO:0034367","GO:0034367","protein-containing complex remodeling","1/87","18/6213",0.0555555555555556,3.96743295019157,1.5023923569261,0.224450850399024,0.436531216834285,0.356588674551665,"XLOC-022911#PA2B-BUNFA#A6MEY4",1
"GO:0035089","GO:0035089","establishment of apical/basal cell polarity","1/87","18/6213",0.0555555555555556,3.96743295019157,1.5023923569261,0.224450850399024,0.436531216834285,0.356588674551665,"XLOC-008044#MOM5-CAEEL#A0A0K3AWM6",1
"GO:0040034","GO:0040034","regulation of development, heterochronic","1/87","18/6213",0.0555555555555556,3.96743295019157,1.5023923569261,0.224450850399024,0.436531216834285,0.356588674551665,"XLOC-006644#FBX11-RAT#Q7TSL3",1
"GO:0044409","GO:0044409","symbiont entry into host","1/87","18/6213",0.0555555555555556,3.96743295019157,1.5023923569261,0.224450850399024,0.436531216834285,0.356588674551665,"XLOC-020938#SPB6-MOUSE#Q60854",1
"GO:0045620","GO:0045620","negative regulation of lymphocyte differentiation","1/87","18/6213",0.0555555555555556,3.96743295019157,1.5023923569261,0.224450850399024,0.436531216834285,0.356588674551665,"XLOC-020834#BMP15-BOVIN#Q6PX77",1
"GO:0045661","GO:0045661","regulation of myoblast differentiation","1/87","18/6213",0.0555555555555556,3.96743295019157,1.5023923569261,0.224450850399024,0.436531216834285,0.356588674551665,"XLOC-020834#BMP15-BOVIN#Q6PX77",1
"GO:0045668","GO:0045668","negative regulation of osteoblast differentiation","1/87","18/6213",0.0555555555555556,3.96743295019157,1.5023923569261,0.224450850399024,0.436531216834285,0.356588674551665,"XLOC-006335#GREM1-CHICK#O73755",1
"GO:0045777","GO:0045777","positive regulation of blood pressure","1/87","18/6213",0.0555555555555556,3.96743295019157,1.5023923569261,0.224450850399024,0.436531216834285,0.356588674551665,"XLOC-010031#ACHB4-BOVIN#Q8SPU6",1
"GO:0048532","GO:0048532","anatomical structure arrangement","1/87","18/6213",0.0555555555555556,3.96743295019157,1.5023923569261,0.224450850399024,0.436531216834285,0.356588674551665,"XLOC-013035#HXA4-LINSA#P81192",1
"GO:0050891","GO:0050891","multicellular organismal-level water homeostasis","1/87","18/6213",0.0555555555555556,3.96743295019157,1.5023923569261,0.224450850399024,0.436531216834285,0.356588674551665,"XLOC-006685#KAPR-STRPU#Q26619",1
"GO:0055013","GO:0055013","cardiac muscle cell development","1/87","18/6213",0.0555555555555556,3.96743295019157,1.5023923569261,0.224450850399024,0.436531216834285,0.356588674551665,"XLOC-023090#KCC2A-HUMAN#Q9UQM7",1
"GO:0060428","GO:0060428","lung epithelium development","1/87","18/6213",0.0555555555555556,3.96743295019157,1.5023923569261,0.224450850399024,0.436531216834285,0.356588674551665,"XLOC-020834#BMP15-BOVIN#Q6PX77",1
"GO:0060443","GO:0060443","mammary gland morphogenesis","1/87","18/6213",0.0555555555555556,3.96743295019157,1.5023923569261,0.224450850399024,0.436531216834285,0.356588674551665,"XLOC-020834#BMP15-BOVIN#Q6PX77",1
"GO:0060914","GO:0060914","heart formation","1/87","18/6213",0.0555555555555556,3.96743295019157,1.5023923569261,0.224450850399024,0.436531216834285,0.356588674551665,"XLOC-020834#BMP15-BOVIN#Q6PX77",1
"GO:0070633","GO:0070633","transepithelial transport","1/87","18/6213",0.0555555555555556,3.96743295019157,1.5023923569261,0.224450850399024,0.436531216834285,0.356588674551665,"XLOC-003539#RHBG-DANRE#Q7T070",1
"GO:0071218","GO:0071218","cellular response to misfolded protein","1/87","18/6213",0.0555555555555556,3.96743295019157,1.5023923569261,0.224450850399024,0.436531216834285,0.356588674551665,"gene-evm.model.ptg000021l.117#UFD1-RAT#Q9ES53",1
"GO:1904680","GO:1904680","peptide transmembrane transporter activity","1/87","18/6213",0.0555555555555556,3.96743295019157,1.5023923569261,0.224450850399024,0.436531216834285,0.356588674551665,"XLOC-025615#S15A2-DANRE#B0S6T2",1
"GO:1904837","GO:1904837","beta-catenin-TCF complex assembly","1/87","18/6213",0.0555555555555556,3.96743295019157,1.5023923569261,0.224450850399024,0.436531216834285,0.356588674551665,"XLOC-010665#MYC-MARMO#P22555",1
"GO:0005975","GO:0005975","carbohydrate metabolic process","5/87","232/6213",0.021551724137931,1.5390903686088,0.997253381583587,0.224462423798071,0.436531216834285,0.356588674551665,"XLOC-026123#MGA-HUMAN#O43451/XLOC-009823#GSH1-HUMAN#P48506/XLOC-009355#B3GA3-HUMAN#O94766/gene-evm.model.ptg000030l.120#PGP-CHICK#Q5F4B1/XLOC-010665#MYC-MARMO#P22555",5
"GO:0042177","GO:0042177","negative regulation of protein catabolic process","2/87","64/6213",0.03125,2.23168103448276,1.18024684523453,0.225618056261232,0.437883207151902,0.357693073084403,"XLOC-021454#SPB3-HUMAN#P29508/XLOC-016437#UBP14-PANTR#P60051",2
"GO:0043279","GO:0043279","response to alkaloid","2/87","64/6213",0.03125,2.23168103448276,1.18024684523453,0.225618056261232,0.437883207151902,0.357693073084403,"XLOC-025964#NEC1-HUMAN#P29120/XLOC-010665#MYC-MARMO#P22555",2
"GO:2000060","GO:2000060","positive regulation of ubiquitin-dependent protein catabolic process","2/87","64/6213",0.03125,2.23168103448276,1.18024684523453,0.225618056261232,0.437883207151902,0.357693073084403,"XLOC-009823#GSH1-HUMAN#P48506/gene-evm.model.ptg000021l.117#UFD1-RAT#Q9ES53",2
"GO:0031983","GO:0031983","vesicle lumen","4/87","175/6213",0.0228571428571429,1.63231527093596,1.01109740115101,0.229332454172204,0.44436780722962,0.362990139726005,"XLOC-016472#COMP-MOUSE#Q9R0G6/XLOC-020938#SPB6-MOUSE#Q60854/gene-evm.model.ptg000002l.349#ADT1-CAEEL#G5ECS8/XLOC-025964#NEC1-HUMAN#P29120",4
"GO:0007631","GO:0007631","feeding behavior","2/87","65/6213",0.0307692307692308,2.1973474801061,1.15636997580423,0.23080284836521,0.44436780722962,0.362990139726005,"XLOC-004696#MYS-ARGIR#P24733/XLOC-016414#GRM4-MOUSE#Q68EF4",2
"GO:0016705","GO:0016705","oxidoreductase activity, acting on paired donors, with incorporation or reduction of molecular oxygen","2/87","65/6213",0.0307692307692308,2.1973474801061,1.15636997580423,0.23080284836521,0.44436780722962,0.362990139726005,"XLOC-020686#MOXD1-DANRE#Q5TZ24/XLOC-022918#XLOC-022918",2
"GO:0030018","GO:0030018","Z disc","2/87","65/6213",0.0307692307692308,2.1973474801061,1.15636997580423,0.23080284836521,0.44436780722962,0.362990139726005,"XLOC-004696#MYS-ARGIR#P24733/XLOC-025643#TRIM2-HUMAN#Q9C040",2
"GO:0048593","GO:0048593","camera-type eye morphogenesis","2/87","65/6213",0.0307692307692308,2.1973474801061,1.15636997580423,0.23080284836521,0.44436780722962,0.362990139726005,"XLOC-020834#BMP15-BOVIN#Q6PX77/XLOC-020923#WNT11-HUMAN#O96014",2
"GO:0032279","GO:0032279","asymmetric synapse","3/87","119/6213",0.0252100840336134,1.80034772529702,1.05048008703309,0.23239537400663,0.44436780722962,0.362990139726005,"XLOC-025853#MFSD8-XENLA#Q6GPQ3/XLOC-004104#XLOC-004104/XLOC-010031#ACHB4-BOVIN#Q8SPU6",3
"GO:0006515","GO:0006515","protein quality control for misfolded or incompletely synthesized proteins","1/87","19/6213",0.0526315789473684,3.75862068965517,1.4350599448723,0.235342339667028,0.44436780722962,0.362990139726005,"gene-evm.model.ptg000021l.117#UFD1-RAT#Q9ES53",1
"GO:0007398","GO:0007398","ectoderm development","1/87","19/6213",0.0526315789473684,3.75862068965517,1.4350599448723,0.235342339667028,0.44436780722962,0.362990139726005,"XLOC-020834#BMP15-BOVIN#Q6PX77",1
"GO:0010954","GO:0010954","positive regulation of protein processing","1/87","19/6213",0.0526315789473684,3.75862068965517,1.4350599448723,0.235342339667028,0.44436780722962,0.362990139726005,"XLOC-026524#KLKB1-RAT#P14272",1
"GO:0016235","GO:0016235","aggresome","1/87","19/6213",0.0526315789473684,3.75862068965517,1.4350599448723,0.235342339667028,0.44436780722962,0.362990139726005,"XLOC-013652#HXD3-HAPBU#A8DT10",1
"GO:0016620","GO:0016620","oxidoreductase activity, acting on the aldehyde or oxo group of donors, NAD or NADP as acceptor","1/87","19/6213",0.0526315789473684,3.75862068965517,1.4350599448723,0.235342339667028,0.44436780722962,0.362990139726005,"XLOC-009352#ODO1-BOVIN#Q148N0",1
"GO:0030670","GO:0030670","phagocytic vesicle membrane","1/87","19/6213",0.0526315789473684,3.75862068965517,1.4350599448723,0.235342339667028,0.44436780722962,0.362990139726005,"XLOC-025615#S15A2-DANRE#B0S6T2",1
"GO:0032527","GO:0032527","protein exit from endoplasmic reticulum","1/87","19/6213",0.0526315789473684,3.75862068965517,1.4350599448723,0.235342339667028,0.44436780722962,0.362990139726005,"gene-evm.model.ptg000021l.117#UFD1-RAT#Q9ES53",1
"GO:0032945","GO:0032945","negative regulation of mononuclear cell proliferation","1/87","19/6213",0.0526315789473684,3.75862068965517,1.4350599448723,0.235342339667028,0.44436780722962,0.362990139726005,"XLOC-020834#BMP15-BOVIN#Q6PX77",1
"GO:0033627","GO:0033627","cell adhesion mediated by integrin","1/87","19/6213",0.0526315789473684,3.75862068965517,1.4350599448723,0.235342339667028,0.44436780722962,0.362990139726005,"gene-evm.model.ptg000032l.233#LAMC1-XENTR#A0JP86",1
"GO:0036119","GO:0036119","response to platelet-derived growth factor","1/87","19/6213",0.0526315789473684,3.75862068965517,1.4350599448723,0.235342339667028,0.44436780722962,0.362990139726005,"XLOC-010665#MYC-MARMO#P22555",1
"GO:0036335","GO:0036335","intestinal stem cell homeostasis","1/87","19/6213",0.0526315789473684,3.75862068965517,1.4350599448723,0.235342339667028,0.44436780722962,0.362990139726005,"XLOC-010538#LSHR-CHICK#Q90674",1
"GO:0045686","GO:0045686","negative regulation of glial cell differentiation","1/87","19/6213",0.0526315789473684,3.75862068965517,1.4350599448723,0.235342339667028,0.44436780722962,0.362990139726005,"XLOC-020834#BMP15-BOVIN#Q6PX77",1
"GO:0045823","GO:0045823","positive regulation of heart contraction","1/87","19/6213",0.0526315789473684,3.75862068965517,1.4350599448723,0.235342339667028,0.44436780722962,0.362990139726005,"XLOC-010031#ACHB4-BOVIN#Q8SPU6",1
"GO:0046473","GO:0046473","phosphatidic acid metabolic process","1/87","19/6213",0.0526315789473684,3.75862068965517,1.4350599448723,0.235342339667028,0.44436780722962,0.362990139726005,"XLOC-022911#PA2B-BUNFA#A6MEY4",1
"GO:0048596","GO:0048596","embryonic camera-type eye morphogenesis","1/87","19/6213",0.0526315789473684,3.75862068965517,1.4350599448723,0.235342339667028,0.44436780722962,0.362990139726005,"XLOC-020923#WNT11-HUMAN#O96014",1
"GO:0048859","GO:0048859","formation of anatomical boundary","1/87","19/6213",0.0526315789473684,3.75862068965517,1.4350599448723,0.235342339667028,0.44436780722962,0.362990139726005,"XLOC-008044#MOM5-CAEEL#A0A0K3AWM6",1
"GO:0050672","GO:0050672","negative regulation of lymphocyte proliferation","1/87","19/6213",0.0526315789473684,3.75862068965517,1.4350599448723,0.235342339667028,0.44436780722962,0.362990139726005,"XLOC-020834#BMP15-BOVIN#Q6PX77",1
"GO:0051788","GO:0051788","response to misfolded protein","1/87","19/6213",0.0526315789473684,3.75862068965517,1.4350599448723,0.235342339667028,0.44436780722962,0.362990139726005,"gene-evm.model.ptg000021l.117#UFD1-RAT#Q9ES53",1
"GO:0051926","GO:0051926","negative regulation of calcium ion transport","1/87","19/6213",0.0526315789473684,3.75862068965517,1.4350599448723,0.235342339667028,0.44436780722962,0.362990139726005,"XLOC-025132#PPN1-CAEEL#O76840",1
"GO:0060282","GO:0060282","positive regulation of oocyte development","1/87","19/6213",0.0526315789473684,3.75862068965517,1.4350599448723,0.235342339667028,0.44436780722962,0.362990139726005,"XLOC-006685#KAPR-STRPU#Q26619",1
"GO:0060325","GO:0060325","face morphogenesis","1/87","19/6213",0.0526315789473684,3.75862068965517,1.4350599448723,0.235342339667028,0.44436780722962,0.362990139726005,"XLOC-004696#MYS-ARGIR#P24733",1
"GO:0060416","GO:0060416","response to growth hormone","1/87","19/6213",0.0526315789473684,3.75862068965517,1.4350599448723,0.235342339667028,0.44436780722962,0.362990139726005,"XLOC-010665#MYC-MARMO#P22555",1
"GO:0071549","GO:0071549","cellular response to dexamethasone stimulus","1/87","19/6213",0.0526315789473684,3.75862068965517,1.4350599448723,0.235342339667028,0.44436780722962,0.362990139726005,"XLOC-020834#BMP15-BOVIN#Q6PX77",1
"GO:0095500","GO:0095500","acetylcholine receptor signaling pathway","1/87","19/6213",0.0526315789473684,3.75862068965517,1.4350599448723,0.235342339667028,0.44436780722962,0.362990139726005,"XLOC-010031#ACHB4-BOVIN#Q8SPU6",1
"GO:0099172","GO:0099172","presynapse organization","1/87","19/6213",0.0526315789473684,3.75862068965517,1.4350599448723,0.235342339667028,0.44436780722962,0.362990139726005,"XLOC-008044#MOM5-CAEEL#A0A0K3AWM6",1
"GO:1900271","GO:1900271","regulation of long-term synaptic potentiation","1/87","19/6213",0.0526315789473684,3.75862068965517,1.4350599448723,0.235342339667028,0.44436780722962,0.362990139726005,"XLOC-010031#ACHB4-BOVIN#Q8SPU6",1
"GO:1903319","GO:1903319","positive regulation of protein maturation","1/87","19/6213",0.0526315789473684,3.75862068965517,1.4350599448723,0.235342339667028,0.44436780722962,0.362990139726005,"XLOC-026524#KLKB1-RAT#P14272",1
"GO:1903831","GO:1903831","signal transduction involved in cellular response to ammonium ion","1/87","19/6213",0.0526315789473684,3.75862068965517,1.4350599448723,0.235342339667028,0.44436780722962,0.362990139726005,"XLOC-010031#ACHB4-BOVIN#Q8SPU6",1
"GO:1903901","GO:1903901","negative regulation of viral life cycle","1/87","19/6213",0.0526315789473684,3.75862068965517,1.4350599448723,0.235342339667028,0.44436780722962,0.362990139726005,"XLOC-023693#TRLF-DESRO#K9IMD0",1
"GO:1905144","GO:1905144","response to acetylcholine","1/87","19/6213",0.0526315789473684,3.75862068965517,1.4350599448723,0.235342339667028,0.44436780722962,0.362990139726005,"XLOC-010031#ACHB4-BOVIN#Q8SPU6",1
"GO:1905145","GO:1905145","cellular response to acetylcholine","1/87","19/6213",0.0526315789473684,3.75862068965517,1.4350599448723,0.235342339667028,0.44436780722962,0.362990139726005,"XLOC-010031#ACHB4-BOVIN#Q8SPU6",1
"GO:0002064","GO:0002064","epithelial cell development","6/87","297/6213",0.0202020202020202,1.44270289097875,0.931672665110627,0.235715029518714,0.44436780722962,0.362990139726005,"XLOC-020834#BMP15-BOVIN#Q6PX77/XLOC-008044#MOM5-CAEEL#A0A0K3AWM6/XLOC-021709#BHMT1-BOVIN#Q5I597/XLOC-010538#LSHR-CHICK#Q90674/XLOC-004696#MYS-ARGIR#P24733/XLOC-000223#BMP1-MOUSE#P98063",6
"GO:0001843","GO:0001843","neural tube closure","2/87","66/6213",0.0303030303030303,2.16405433646813,1.1329231934895,0.235995849758491,0.44436780722962,0.362990139726005,"XLOC-020834#BMP15-BOVIN#Q6PX77/XLOC-008044#MOM5-CAEEL#A0A0K3AWM6",2
"GO:0035821","GO:0035821","modulation of process of another organism","2/87","66/6213",0.0303030303030303,2.16405433646813,1.1329231934895,0.235995849758491,0.44436780722962,0.362990139726005,"XLOC-023693#TRLF-DESRO#K9IMD0/XLOC-010665#MYC-MARMO#P22555",2
"GO:0036503","GO:0036503","ERAD pathway","2/87","66/6213",0.0303030303030303,2.16405433646813,1.1329231934895,0.235995849758491,0.44436780722962,0.362990139726005,"gene-evm.model.ptg000012l.503-1#DJC10-XENLA#Q6NRT6/gene-evm.model.ptg000021l.117#UFD1-RAT#Q9ES53",2
"GO:0060606","GO:0060606","tube closure","2/87","66/6213",0.0303030303030303,2.16405433646813,1.1329231934895,0.235995849758491,0.44436780722962,0.362990139726005,"XLOC-020834#BMP15-BOVIN#Q6PX77/XLOC-008044#MOM5-CAEEL#A0A0K3AWM6",2
"GO:0070820","GO:0070820","tertiary granule","2/87","66/6213",0.0303030303030303,2.16405433646813,1.1329231934895,0.235995849758491,0.44436780722962,0.362990139726005,"XLOC-021454#SPB3-HUMAN#P29508/XLOC-026123#MGA-HUMAN#O43451",2
"GO:0007613","GO:0007613","memory","3/87","120/6213",0.025,1.78534482758621,1.03519526130732,0.236123938226464,0.44436780722962,0.362990139726005,"gene-evm.model.ptg000022l.478#GSH0-HUMAN#P48507/XLOC-010031#ACHB4-BOVIN#Q8SPU6/XLOC-023090#KCC2A-HUMAN#Q9UQM7",3
"GO:0035966","GO:0035966","response to topologically incorrect protein","3/87","120/6213",0.025,1.78534482758621,1.03519526130732,0.236123938226464,0.44436780722962,0.362990139726005,"XLOC-009392#FKB14-HUMAN#Q9NWM8/gene-evm.model.ptg000001l.34#FKB2B-RHIO9#P0C1J5/gene-evm.model.ptg000021l.117#UFD1-RAT#Q9ES53",3
"GO:0045785","GO:0045785","positive regulation of cell adhesion","3/87","120/6213",0.025,1.78534482758621,1.03519526130732,0.236123938226464,0.44436780722962,0.362990139726005,"XLOC-016472#COMP-MOUSE#Q9R0G6/XLOC-016646#ADK-PHYPA#O49923/gene-evm.model.ptg000002l.349#ADT1-CAEEL#G5ECS8",3
"GO:0016491","GO:0016491","oxidoreductase activity","7/87","359/6213",0.0194986072423398,1.39246950340986,0.912879878716571,0.236323432858294,0.444450068519917,0.363057336396811,"XLOC-020834#BMP15-BOVIN#Q6PX77/XLOC-020686#MOXD1-DANRE#Q5TZ24/gene-evm.model.ptg000020l.16#MAAI-MOUSE#Q9WVL0/XLOC-022918#XLOC-022918/XLOC-027115#TXD12-EPICO#H9D1R1/gene-evm.model.ptg000012l.503-1#DJC10-XENLA#Q6NRT6/XLOC-009352#ODO1-BOVIN#Q148N0",7
"GO:0044403","GO:0044403","biological process involved in symbiotic interaction","4/87","178/6213",0.0224719101123595,1.60480433940333,0.975602975177357,0.238400033222985,0.44806014149221,0.366006291904645,"XLOC-023693#TRLF-DESRO#K9IMD0/XLOC-020938#SPB6-MOUSE#Q60854/XLOC-003038#INHBA-MOUSE#Q04998/XLOC-010665#MYC-MARMO#P22555",4
"GO:0051091","GO:0051091","positive regulation of DNA-binding transcription factor activity","3/87","121/6213",0.0247933884297521,1.77058991165574,1.02005340639442,0.239863424059941,0.449921333887582,0.367526641661449,"XLOC-023693#TRLF-DESRO#K9IMD0/XLOC-008044#MOM5-CAEEL#A0A0K3AWM6/XLOC-006335#GREM1-CHICK#O73755",3
"GO:0061136","GO:0061136","regulation of proteasomal protein catabolic process","3/87","121/6213",0.0247933884297521,1.77058991165574,1.02005340639442,0.239863424059941,0.449921333887582,0.367526641661449,"XLOC-009823#GSH1-HUMAN#P48506/XLOC-016437#UBP14-PANTR#P60051/gene-evm.model.ptg000021l.117#UFD1-RAT#Q9ES53",3
"GO:0098984","GO:0098984","neuron to neuron synapse","3/87","121/6213",0.0247933884297521,1.77058991165574,1.02005340639442,0.239863424059941,0.449921333887582,0.367526641661449,"XLOC-025853#MFSD8-XENLA#Q6GPQ3/XLOC-004104#XLOC-004104/XLOC-010031#ACHB4-BOVIN#Q8SPU6",3
"GO:0032940","GO:0032940","secretion by cell","9/87","487/6213",0.0184804928131417,1.31976209020746,0.875896188521619,0.240232563584296,0.450317676679368,0.367850401670677,"XLOC-021454#SPB3-HUMAN#P29508/XLOC-016472#COMP-MOUSE#Q9R0G6/XLOC-020938#SPB6-MOUSE#Q60854/XLOC-020299#SC5A7-DROME#Q9VE46/XLOC-011874#SY65-APLCA#P41823/gene-evm.model.ptg000010l.70#ESYT2-MOUSE#Q3TZZ7/XLOC-026123#MGA-HUMAN#O43451/gene-evm.model.ptg000002l.349#ADT1-CAEEL#G5ECS8/XLOC-015788#OTOF-HUMAN#Q9HC10",9
"GO:0120035","GO:0120035","regulation of plasma membrane bounded cell projection organization","8/87","424/6213",0.0188679245283019,1.34743005855563,0.883151877706052,0.241047294819755,0.451398533897262,0.368733320068825,"XLOC-020834#BMP15-BOVIN#Q6PX77/XLOC-008044#MOM5-CAEEL#A0A0K3AWM6/XLOC-022943#NR2E3-MOUSE#Q9QXZ7/gene-evm.model.ptg000004l.40#FA5-MOUSE#O88783/XLOC-020923#WNT11-HUMAN#O96014/XLOC-004104#XLOC-004104/XLOC-006585#OTX1-HUMAN#P32242/XLOC-023090#KCC2A-HUMAN#Q9UQM7",8
"GO:0014020","GO:0014020","primary neural tube formation","2/87","67/6213",0.0298507462686567,2.13175501801338,1.1098911942182,0.24119583052069,0.451398533897262,0.368733320068825,"XLOC-020834#BMP15-BOVIN#Q6PX77/XLOC-008044#MOM5-CAEEL#A0A0K3AWM6",2
"GO:0007186","GO:0007186","G protein-coupled receptor signaling pathway","4/87","179/6213",0.0223463687150838,1.59583895203236,0.963916928041064,0.241442047924018,0.451398533897262,0.368733320068825,"XLOC-008044#MOM5-CAEEL#A0A0K3AWM6/XLOC-010538#LSHR-CHICK#Q90674/XLOC-001284#OX2R-HUMAN#O43614/XLOC-016414#GRM4-MOUSE#Q68EF4",4
"GO:0048639","GO:0048639","positive regulation of developmental growth","4/87","179/6213",0.0223463687150838,1.59583895203236,0.963916928041064,0.241442047924018,0.451398533897262,0.368733320068825,"XLOC-020834#BMP15-BOVIN#Q6PX77/XLOC-008044#MOM5-CAEEL#A0A0K3AWM6/XLOC-025615#S15A2-DANRE#B0S6T2/XLOC-022943#NR2E3-MOUSE#Q9QXZ7",4
"GO:0030016","GO:0030016","myofibril","3/87","122/6213",0.0245901639344262,1.75607687959299,1.00505175663467,0.243613329621983,0.451789038725796,0.369052311228776,"XLOC-004696#MYS-ARGIR#P24733/XLOC-026222#MYPH-ECHGR#Q24799/XLOC-025643#TRIM2-HUMAN#Q9C040",3
"GO:0045121","GO:0045121","membrane raft","4/87","180/6213",0.0222222222222222,1.58697318007663,0.952302011027247,0.244493357810011,0.451789038725796,0.369052311228776,"XLOC-020299#SC5A7-DROME#Q9VE46/XLOC-006685#KAPR-STRPU#Q26619/XLOC-026123#MGA-HUMAN#O43451/XLOC-010031#ACHB4-BOVIN#Q8SPU6",4
"GO:0098857","GO:0098857","membrane microdomain","4/87","180/6213",0.0222222222222222,1.58697318007663,0.952302011027247,0.244493357810011,0.451789038725796,0.369052311228776,"XLOC-020299#SC5A7-DROME#Q9VE46/XLOC-006685#KAPR-STRPU#Q26619/XLOC-026123#MGA-HUMAN#O43451/XLOC-010031#ACHB4-BOVIN#Q8SPU6",4
"GO:0001885","GO:0001885","endothelial cell development","1/87","20/6213",0.05,3.57068965517241,1.37214801384687,0.246082607095018,0.451789038725796,0.369052311228776,"XLOC-000223#BMP1-MOUSE#P98063",1
"GO:0003229","GO:0003229","ventricular cardiac muscle tissue development","1/87","20/6213",0.05,3.57068965517241,1.37214801384687,0.246082607095018,0.451789038725796,0.369052311228776,"XLOC-004696#MYS-ARGIR#P24733",1
"GO:0004180","GO:0004180","carboxypeptidase activity","1/87","20/6213",0.05,3.57068965517241,1.37214801384687,0.246082607095018,0.451789038725796,0.369052311228776,"XLOC-004937#FOLH1-RAT#P70627",1
"GO:0004683","GO:0004683","calcium/calmodulin-dependent protein kinase activity","1/87","20/6213",0.05,3.57068965517241,1.37214801384687,0.246082607095018,0.451789038725796,0.369052311228776,"XLOC-023090#KCC2A-HUMAN#Q9UQM7",1
"GO:0007156","GO:0007156","homophilic cell-cell adhesion","1/87","20/6213",0.05,3.57068965517241,1.37214801384687,0.246082607095018,0.451789038725796,0.369052311228776,"XLOC-008044#MOM5-CAEEL#A0A0K3AWM6",1
"GO:0007193","GO:0007193","adenylate cyclase-inhibiting G protein-coupled receptor signaling pathway","1/87","20/6213",0.05,3.57068965517241,1.37214801384687,0.246082607095018,0.451789038725796,0.369052311228776,"XLOC-016414#GRM4-MOUSE#Q68EF4",1
"GO:0009067","GO:0009067","aspartate family amino acid biosynthetic process","1/87","20/6213",0.05,3.57068965517241,1.37214801384687,0.246082607095018,0.451789038725796,0.369052311228776,"XLOC-021709#BHMT1-BOVIN#Q5I597",1
"GO:0010665","GO:0010665","regulation of cardiac muscle cell apoptotic process","1/87","20/6213",0.05,3.57068965517241,1.37214801384687,0.246082607095018,0.451789038725796,0.369052311228776,"XLOC-023090#KCC2A-HUMAN#Q9UQM7",1
"GO:0030195","GO:0030195","negative regulation of blood coagulation","1/87","20/6213",0.05,3.57068965517241,1.37214801384687,0.246082607095018,0.451789038725796,0.369052311228776,"XLOC-026524#KLKB1-RAT#P14272",1
"GO:0030216","GO:0030216","keratinocyte differentiation","1/87","20/6213",0.05,3.57068965517241,1.37214801384687,0.246082607095018,0.451789038725796,0.369052311228776,"XLOC-020923#WNT11-HUMAN#O96014",1
"GO:0032651","GO:0032651","regulation of interleukin-1 beta production","1/87","20/6213",0.05,3.57068965517241,1.37214801384687,0.246082607095018,0.451789038725796,0.369052311228776,"XLOC-010031#ACHB4-BOVIN#Q8SPU6",1
"GO:0033762","GO:0033762","response to glucagon","1/87","20/6213",0.05,3.57068965517241,1.37214801384687,0.246082607095018,0.451789038725796,0.369052311228776,"XLOC-006685#KAPR-STRPU#Q26619",1
"GO:0048708","GO:0048708","astrocyte differentiation","1/87","20/6213",0.05,3.57068965517241,1.37214801384687,0.246082607095018,0.451789038725796,0.369052311228776,"gene-evm.model.ptg000032l.233#LAMC1-XENTR#A0JP86",1
"GO:0050819","GO:0050819","negative regulation of coagulation","1/87","20/6213",0.05,3.57068965517241,1.37214801384687,0.246082607095018,0.451789038725796,0.369052311228776,"XLOC-026524#KLKB1-RAT#P14272",1
"GO:0050881","GO:0050881","musculoskeletal movement","1/87","20/6213",0.05,3.57068965517241,1.37214801384687,0.246082607095018,0.451789038725796,0.369052311228776,"XLOC-004696#MYS-ARGIR#P24733",1
"GO:0051018","GO:0051018","protein kinase A binding","1/87","20/6213",0.05,3.57068965517241,1.37214801384687,0.246082607095018,0.451789038725796,0.369052311228776,"XLOC-006685#KAPR-STRPU#Q26619",1
"GO:0055010","GO:0055010","ventricular cardiac muscle tissue morphogenesis","1/87","20/6213",0.05,3.57068965517241,1.37214801384687,0.246082607095018,0.451789038725796,0.369052311228776,"XLOC-004696#MYS-ARGIR#P24733",1
"GO:0060027","GO:0060027","convergent extension involved in gastrulation","1/87","20/6213",0.05,3.57068965517241,1.37214801384687,0.246082607095018,0.451789038725796,0.369052311228776,"XLOC-008044#MOM5-CAEEL#A0A0K3AWM6",1
"GO:0060612","GO:0060612","adipose tissue development","1/87","20/6213",0.05,3.57068965517241,1.37214801384687,0.246082607095018,0.451789038725796,0.369052311228776,"novel-gene-chr14-4172#SIX2-MOUSE#Q62232",1
"GO:0061001","GO:0061001","regulation of dendritic spine morphogenesis","1/87","20/6213",0.05,3.57068965517241,1.37214801384687,0.246082607095018,0.451789038725796,0.369052311228776,"XLOC-004104#XLOC-004104",1
"GO:0061318","GO:0061318","renal filtration cell differentiation","1/87","20/6213",0.05,3.57068965517241,1.37214801384687,0.246082607095018,0.451789038725796,0.369052311228776,"XLOC-020834#BMP15-BOVIN#Q6PX77",1
"GO:1900047","GO:1900047","negative regulation of hemostasis","1/87","20/6213",0.05,3.57068965517241,1.37214801384687,0.246082607095018,0.451789038725796,0.369052311228776,"XLOC-026524#KLKB1-RAT#P14272",1
"GO:1900193","GO:1900193","regulation of oocyte maturation","1/87","20/6213",0.05,3.57068965517241,1.37214801384687,0.246082607095018,0.451789038725796,0.369052311228776,"XLOC-006685#KAPR-STRPU#Q26619",1
"GO:2000649","GO:2000649","regulation of sodium ion transmembrane transporter activity","1/87","20/6213",0.05,3.57068965517241,1.37214801384687,0.246082607095018,0.451789038725796,0.369052311228776,"XLOC-023090#KCC2A-HUMAN#Q9UQM7",1
"GO:0007204","GO:0007204","positive regulation of cytosolic calcium ion concentration","2/87","68/6213",0.0294117647058824,2.10040567951318,1.08725944631858,0.246401592799628,0.451789038725796,0.369052311228776,"XLOC-020834#BMP15-BOVIN#Q6PX77/XLOC-008044#MOM5-CAEEL#A0A0K3AWM6",2
"GO:0032436","GO:0032436","positive regulation of proteasomal ubiquitin-dependent protein catabolic process","2/87","68/6213",0.0294117647058824,2.10040567951318,1.08725944631858,0.246401592799628,0.451789038725796,0.369052311228776,"XLOC-009823#GSH1-HUMAN#P48506/gene-evm.model.ptg000021l.117#UFD1-RAT#Q9ES53",2
"GO:2000278","GO:2000278","regulation of DNA biosynthetic process","2/87","68/6213",0.0294117647058824,2.10040567951318,1.08725944631858,0.246401592799628,0.451789038725796,0.369052311228776,"XLOC-006335#GREM1-CHICK#O73755/XLOC-010665#MYC-MARMO#P22555",2
"GO:0030707","GO:0030707","follicle cell of egg chamber development","4/87","181/6213",0.0220994475138122,1.5782053724519,0.940757300534434,0.247553694403098,0.453318799828009,0.370301925145908,"XLOC-020834#BMP15-BOVIN#Q6PX77/XLOC-008044#MOM5-CAEEL#A0A0K3AWM6/XLOC-010538#LSHR-CHICK#Q90674/XLOC-004696#MYS-ARGIR#P24733",4
"GO:1903532","GO:1903532","positive regulation of secretion by cell","4/87","181/6213",0.0220994475138122,1.5782053724519,0.940757300534434,0.247553694403098,0.453318799828009,0.370301925145908,"XLOC-020834#BMP15-BOVIN#Q6PX77/XLOC-003038#INHBA-MOUSE#Q04998/XLOC-011874#SY65-APLCA#P41823/XLOC-025964#NEC1-HUMAN#P29120",4
"GO:0050890","GO:0050890","cognition","5/87","241/6213",0.020746887966805,1.48161396480183,0.908729332160317,0.247904893907814,0.453670726311092,0.370589402864117,"XLOC-006685#KAPR-STRPU#Q26619/gene-evm.model.ptg000022l.478#GSH0-HUMAN#P48507/XLOC-013035#HXA4-LINSA#P81192/XLOC-010031#ACHB4-BOVIN#Q8SPU6/XLOC-023090#KCC2A-HUMAN#Q9UQM7",5
"GO:0006915","GO:0006915","apoptotic process","6/87","303/6213",0.0198019801980198,1.41413451689997,0.880756499251684,0.249738212803615,0.456732769954303,0.373090690382728,"XLOC-020834#BMP15-BOVIN#Q6PX77/XLOC-006335#GREM1-CHICK#O73755/gene-evm.model.ptg000022l.478#GSH0-HUMAN#P48507/XLOC-009823#GSH1-HUMAN#P48506/gene-evm.model.ptg000012l.503-1#DJC10-XENLA#Q6NRT6/XLOC-010665#MYC-MARMO#P22555",6
"GO:0043393","GO:0043393","regulation of protein binding","3/87","124/6213",0.0241935483870968,1.72775305895439,0.975458390565281,0.251142414134448,0.459006603155401,0.374948113485734,"XLOC-020834#BMP15-BOVIN#Q6PX77/XLOC-003648#DAND5-MOUSE#Q76LW6/XLOC-010665#MYC-MARMO#P22555",3
"GO:0042445","GO:0042445","hormone metabolic process","2/87","69/6213",0.0289855072463768,2.06996501749125,1.06501414062569,0.251611970172094,0.459276360141385,0.375168469516123,"XLOC-020299#SC5A7-DROME#Q9VE46/XLOC-025964#NEC1-HUMAN#P29120",2
"GO:0072091","GO:0072091","regulation of stem cell proliferation","2/87","69/6213",0.0289855072463768,2.06996501749125,1.06501414062569,0.251611970172094,0.459276360141385,0.375168469516123,"XLOC-020834#BMP15-BOVIN#Q6PX77/gene-evm.model.ptg000007l.881-1#OTP-SACKO#Q7YTC2",2
"GO:0012501","GO:0012501","programmed cell death","7/87","367/6213",0.0190735694822888,1.36211594475242,0.85219332543084,0.253380721873389,0.460962087338409,0.376545487249705,"XLOC-020834#BMP15-BOVIN#Q6PX77/XLOC-006335#GREM1-CHICK#O73755/XLOC-022275#T53I2-HUMAN#Q8IXH6/gene-evm.model.ptg000022l.478#GSH0-HUMAN#P48507/XLOC-009823#GSH1-HUMAN#P48506/gene-evm.model.ptg000012l.503-1#DJC10-XENLA#Q6NRT6/XLOC-010665#MYC-MARMO#P22555",7
"GO:0030097","GO:0030097","hemopoiesis","6/87","305/6213",0.019672131147541,1.40486150367439,0.864018444718471,0.254467404708191,0.460962087338409,0.376545487249705,"XLOC-021454#SPB3-HUMAN#P29508/XLOC-020834#BMP15-BOVIN#Q6PX77/XLOC-008044#MOM5-CAEEL#A0A0K3AWM6/XLOC-000223#BMP1-MOUSE#P98063/XLOC-003539#RHBG-DANRE#Q7T070/XLOC-010665#MYC-MARMO#P22555",6
"GO:0016049","GO:0016049","cell growth","3/87","125/6213",0.024,1.71393103448276,0.960861515453972,0.25492061128503,0.460962087338409,0.376545487249705,"XLOC-008044#MOM5-CAEEL#A0A0K3AWM6/XLOC-003038#INHBA-MOUSE#Q04998/XLOC-023090#KCC2A-HUMAN#Q9UQM7",3
"GO:0035091","GO:0035091","phosphatidylinositol binding","3/87","125/6213",0.024,1.71393103448276,0.960861515453972,0.25492061128503,0.460962087338409,0.376545487249705,"XLOC-008044#MOM5-CAEEL#A0A0K3AWM6/XLOC-011874#SY65-APLCA#P41823/gene-evm.model.ptg000010l.70#ESYT2-MOUSE#Q3TZZ7",3
"GO:0048599","GO:0048599","oocyte development","3/87","125/6213",0.024,1.71393103448276,0.960861515453972,0.25492061128503,0.460962087338409,0.376545487249705,"XLOC-020834#BMP15-BOVIN#Q6PX77/XLOC-003038#INHBA-MOUSE#Q04998/XLOC-000223#BMP1-MOUSE#P98063",3
"GO:0022411","GO:0022411","cellular component disassembly","5/87","244/6213",0.0204918032786885,1.46339739966083,0.880003845082471,0.255863524428662,0.460962087338409,0.376545487249705,"XLOC-026524#KLKB1-RAT#P14272/XLOC-008044#MOM5-CAEEL#A0A0K3AWM6/XLOC-000223#BMP1-MOUSE#P98063/gene-evm.model.ptg000032l.233#LAMC1-XENTR#A0JP86/XLOC-010665#MYC-MARMO#P22555",5
"GO:0001671","GO:0001671","ATPase activator activity","1/87","21/6213",0.0476190476190476,3.40065681444992,1.31314023099218,0.256673728228997,0.460962087338409,0.376545487249705,"gene-evm.model.ptg000012l.503-1#DJC10-XENLA#Q6NRT6",1
"GO:0010524","GO:0010524","positive regulation of calcium ion transport into cytosol","1/87","21/6213",0.0476190476190476,3.40065681444992,1.31314023099218,0.256673728228997,0.460962087338409,0.376545487249705,"XLOC-020834#BMP15-BOVIN#Q6PX77",1
"GO:0010662","GO:0010662","regulation of striated muscle cell apoptotic process","1/87","21/6213",0.0476190476190476,3.40065681444992,1.31314023099218,0.256673728228997,0.460962087338409,0.376545487249705,"XLOC-023090#KCC2A-HUMAN#Q9UQM7",1
"GO:0031593","GO:0031593","polyubiquitin modification-dependent protein binding","1/87","21/6213",0.0476190476190476,3.40065681444992,1.31314023099218,0.256673728228997,0.460962087338409,0.376545487249705,"gene-evm.model.ptg000021l.117#UFD1-RAT#Q9ES53",1
"GO:0031638","GO:0031638","zymogen activation","1/87","21/6213",0.0476190476190476,3.40065681444992,1.31314023099218,0.256673728228997,0.460962087338409,0.376545487249705,"XLOC-026524#KLKB1-RAT#P14272",1
"GO:0032652","GO:0032652","regulation of interleukin-1 production","1/87","21/6213",0.0476190476190476,3.40065681444992,1.31314023099218,0.256673728228997,0.460962087338409,0.376545487249705,"XLOC-010031#ACHB4-BOVIN#Q8SPU6",1
"GO:0042102","GO:0042102","positive regulation of T cell proliferation","1/87","21/6213",0.0476190476190476,3.40065681444992,1.31314023099218,0.256673728228997,0.460962087338409,0.376545487249705,"XLOC-016646#ADK-PHYPA#O49923",1
"GO:0045745","GO:0045745","positive regulation of G protein-coupled receptor signaling pathway","1/87","21/6213",0.0476190476190476,3.40065681444992,1.31314023099218,0.256673728228997,0.460962087338409,0.376545487249705,"XLOC-008044#MOM5-CAEEL#A0A0K3AWM6",1
"GO:0048865","GO:0048865","stem cell fate commitment","1/87","21/6213",0.0476190476190476,3.40065681444992,1.31314023099218,0.256673728228997,0.460962087338409,0.376545487249705,"XLOC-006454#GSC-PONPY#A2T7P4",1
"GO:0060216","GO:0060216","definitive hemopoiesis","1/87","21/6213",0.0476190476190476,3.40065681444992,1.31314023099218,0.256673728228997,0.460962087338409,0.376545487249705,"XLOC-010665#MYC-MARMO#P22555",1
"GO:0061162","GO:0061162","establishment of monopolar cell polarity","1/87","21/6213",0.0476190476190476,3.40065681444992,1.31314023099218,0.256673728228997,0.460962087338409,0.376545487249705,"XLOC-008044#MOM5-CAEEL#A0A0K3AWM6",1
"GO:0061339","GO:0061339","establishment or maintenance of monopolar cell polarity","1/87","21/6213",0.0476190476190476,3.40065681444992,1.31314023099218,0.256673728228997,0.460962087338409,0.376545487249705,"XLOC-008044#MOM5-CAEEL#A0A0K3AWM6",1
"GO:1904427","GO:1904427","positive regulation of calcium ion transmembrane transport","1/87","21/6213",0.0476190476190476,3.40065681444992,1.31314023099218,0.256673728228997,0.460962087338409,0.376545487249705,"XLOC-020834#BMP15-BOVIN#Q6PX77",1
"GO:2001171","GO:2001171","positive regulation of ATP biosynthetic process","1/87","21/6213",0.0476190476190476,3.40065681444992,1.31314023099218,0.256673728228997,0.460962087338409,0.376545487249705,"XLOC-010665#MYC-MARMO#P22555",1
"GO:0044419","GO:0044419","biological process involved in interspecies interaction between organisms","4/87","184/6213",0.0217391304347826,1.55247376311844,0.906535428367576,0.256786190284776,0.460962087338409,0.376545487249705,"XLOC-023693#TRLF-DESRO#K9IMD0/XLOC-020938#SPB6-MOUSE#Q60854/XLOC-003038#INHBA-MOUSE#Q04998/XLOC-010665#MYC-MARMO#P22555",4
"GO:0022037","GO:0022037","metencephalon development","2/87","70/6213",0.0285714285714286,2.04039408866995,1.04314214448889,0.256825827015892,0.460962087338409,0.376545487249705,"XLOC-013035#HXA4-LINSA#P81192/XLOC-009352#ODO1-BOVIN#Q148N0",2
"GO:0030522","GO:0030522","intracellular receptor signaling pathway","2/87","70/6213",0.0285714285714286,2.04039408866995,1.04314214448889,0.256825827015892,0.460962087338409,0.376545487249705,"XLOC-022275#T53I2-HUMAN#Q8IXH6/XLOC-026222#MYPH-ECHGR#Q24799",2
"GO:0043588","GO:0043588","skin development","2/87","70/6213",0.0285714285714286,2.04039408866995,1.04314214448889,0.256825827015892,0.460962087338409,0.376545487249705,"XLOC-010538#LSHR-CHICK#Q90674/XLOC-020923#WNT11-HUMAN#O96014",2
"GO:1903037","GO:1903037","regulation of leukocyte cell-cell adhesion","2/87","70/6213",0.0285714285714286,2.04039408866995,1.04314214448889,0.256825827015892,0.460962087338409,0.376545487249705,"XLOC-020834#BMP15-BOVIN#Q6PX77/XLOC-016646#ADK-PHYPA#O49923",2
"GO:0019752","GO:0019752","carboxylic acid metabolic process","9/87","496/6213",0.0181451612903226,1.2958147942158,0.818395976867194,0.25688827541491,0.460962087338409,0.376545487249705,"XLOC-026524#KLKB1-RAT#P14272/XLOC-021709#BHMT1-BOVIN#Q5I597/XLOC-002744#NPFF1-RAT#Q9EP86/XLOC-006685#KAPR-STRPU#Q26619/gene-evm.model.ptg000020l.16#MAAI-MOUSE#Q9WVL0/gene-evm.model.ptg000022l.478#GSH0-HUMAN#P48507/XLOC-009823#GSH1-HUMAN#P48506/XLOC-004937#FOLH1-RAT#P70627/XLOC-009352#ODO1-BOVIN#Q148N0",9
"GO:0031344","GO:0031344","regulation of cell projection organization","8/87","432/6213",0.0185185185185185,1.32247765006386,0.827993376579203,0.256897903563992,0.460962087338409,0.376545487249705,"XLOC-020834#BMP15-BOVIN#Q6PX77/XLOC-008044#MOM5-CAEEL#A0A0K3AWM6/XLOC-022943#NR2E3-MOUSE#Q9QXZ7/gene-evm.model.ptg000004l.40#FA5-MOUSE#O88783/XLOC-020923#WNT11-HUMAN#O96014/XLOC-004104#XLOC-004104/XLOC-006585#OTX1-HUMAN#P32242/XLOC-023090#KCC2A-HUMAN#Q9UQM7",8
"GO:0032970","GO:0032970","regulation of actin filament-based process","4/87","185/6213",0.0216216216216216,1.54408201304753,0.895262646680976,0.259879963480279,0.466019821376013,0.380676991726711,"XLOC-008044#MOM5-CAEEL#A0A0K3AWM6/XLOC-004696#MYS-ARGIR#P24733/XLOC-004104#XLOC-004104/XLOC-023090#KCC2A-HUMAN#Q9UQM7",4
"GO:0002065","GO:0002065","columnar/cuboidal epithelial cell differentiation","5/87","246/6213",0.0203252032520325,1.45149985982618,0.861061176169124,0.261205474167743,0.466641127019559,0.381184516841479,"XLOC-020834#BMP15-BOVIN#Q6PX77/XLOC-008044#MOM5-CAEEL#A0A0K3AWM6/XLOC-021709#BHMT1-BOVIN#Q5I597/XLOC-010538#LSHR-CHICK#Q90674/XLOC-004696#MYS-ARGIR#P24733",5
"GO:0006937","GO:0006937","regulation of muscle contraction","2/87","71/6213",0.028169014084507,2.01165614375911,1.02163095932408,0.262042057892986,0.466641127019559,0.381184516841479,"XLOC-004696#MYS-ARGIR#P24733/XLOC-023090#KCC2A-HUMAN#Q9UQM7",2
"GO:0007431","GO:0007431","salivary gland development","2/87","71/6213",0.028169014084507,2.01165614375911,1.02163095932408,0.262042057892986,0.466641127019559,0.381184516841479,"XLOC-008044#MOM5-CAEEL#A0A0K3AWM6/gene-evm.model.ptg000032l.233#LAMC1-XENTR#A0JP86",2
"GO:0001654","GO:0001654","eye development","7/87","372/6213",0.0188172043010753,1.34380793474231,0.814949346759245,0.264233881880446,0.466641127019559,0.381184516841479,"XLOC-020834#BMP15-BOVIN#Q6PX77/XLOC-008044#MOM5-CAEEL#A0A0K3AWM6/XLOC-003038#INHBA-MOUSE#Q04998/XLOC-013477#SIX1B-DANRE#Q6NZ04/XLOC-020923#WNT11-HUMAN#O96014/novel-gene-chr14-4172#SIX2-MOUSE#Q62232/gene-evm.model.ptg000032l.233#LAMC1-XENTR#A0JP86",7
"GO:0015267","GO:0015267","channel activity","3/87","128/6213",0.0234375,1.67376077586207,0.917840614472969,0.266304027081925,0.466641127019559,0.381184516841479,"XLOC-025615#S15A2-DANRE#B0S6T2/XLOC-003539#RHBG-DANRE#Q7T070/XLOC-010031#ACHB4-BOVIN#Q8SPU6",3
"GO:0019827","GO:0019827","stem cell population maintenance","3/87","128/6213",0.0234375,1.67376077586207,0.917840614472969,0.266304027081925,0.466641127019559,0.381184516841479,"XLOC-020834#BMP15-BOVIN#Q6PX77/XLOC-008044#MOM5-CAEEL#A0A0K3AWM6/XLOC-013477#SIX1B-DANRE#Q6NZ04",3
"GO:0022803","GO:0022803","passive transmembrane transporter activity","3/87","128/6213",0.0234375,1.67376077586207,0.917840614472969,0.266304027081925,0.466641127019559,0.381184516841479,"XLOC-025615#S15A2-DANRE#B0S6T2/XLOC-003539#RHBG-DANRE#Q7T070/XLOC-010031#ACHB4-BOVIN#Q8SPU6",3
"GO:0002251","GO:0002251","organ or tissue specific immune response","1/87","22/6213",0.0454545454545455,3.24608150470219,1.25760224415819,0.267117750458337,0.466641127019559,0.381184516841479,"XLOC-023693#TRLF-DESRO#K9IMD0",1
"GO:0002385","GO:0002385","mucosal immune response","1/87","22/6213",0.0454545454545455,3.24608150470219,1.25760224415819,0.267117750458337,0.466641127019559,0.381184516841479,"XLOC-023693#TRLF-DESRO#K9IMD0",1
"GO:0002526","GO:0002526","acute inflammatory response","1/87","22/6213",0.0454545454545455,3.24608150470219,1.25760224415819,0.267117750458337,0.466641127019559,0.381184516841479,"XLOC-026524#KLKB1-RAT#P14272",1
"GO:0006144","GO:0006144","purine nucleobase metabolic process","1/87","22/6213",0.0454545454545455,3.24608150470219,1.25760224415819,0.267117750458337,0.466641127019559,0.381184516841479,"XLOC-007978#HIUH-DANRE#Q06S87",1
"GO:0007223","GO:0007223","Wnt signaling pathway, calcium modulating pathway","1/87","22/6213",0.0454545454545455,3.24608150470219,1.25760224415819,0.267117750458337,0.466641127019559,0.381184516841479,"XLOC-008044#MOM5-CAEEL#A0A0K3AWM6",1
"GO:0008078","GO:0008078","mesodermal cell migration","1/87","22/6213",0.0454545454545455,3.24608150470219,1.25760224415819,0.267117750458337,0.466641127019559,0.381184516841479,"XLOC-006644#FBX11-RAT#Q7TSL3",1
"GO:0008345","GO:0008345","larval locomotory behavior","1/87","22/6213",0.0454545454545455,3.24608150470219,1.25760224415819,0.267117750458337,0.466641127019559,0.381184516841479,"XLOC-025643#TRIM2-HUMAN#Q9C040",1
"GO:0009251","GO:0009251","glucan catabolic process","1/87","22/6213",0.0454545454545455,3.24608150470219,1.25760224415819,0.267117750458337,0.466641127019559,0.381184516841479,"XLOC-026123#MGA-HUMAN#O43451",1
"GO:0009394","GO:0009394","2'-deoxyribonucleotide metabolic process","1/87","22/6213",0.0454545454545455,3.24608150470219,1.25760224415819,0.267117750458337,0.466641127019559,0.381184516841479,"XLOC-016646#ADK-PHYPA#O49923",1
"GO:0015012","GO:0015012","heparan sulfate proteoglycan biosynthetic process","1/87","22/6213",0.0454545454545455,3.24608150470219,1.25760224415819,0.267117750458337,0.466641127019559,0.381184516841479,"XLOC-009355#B3GA3-HUMAN#O94766",1
"GO:0022602","GO:0022602","ovulation cycle process","1/87","22/6213",0.0454545454545455,3.24608150470219,1.25760224415819,0.267117750458337,0.466641127019559,0.381184516841479,"XLOC-010031#ACHB4-BOVIN#Q8SPU6",1
"GO:0022824","GO:0022824","transmitter-gated monoatomic ion channel activity","1/87","22/6213",0.0454545454545455,3.24608150470219,1.25760224415819,0.267117750458337,0.466641127019559,0.381184516841479,"XLOC-010031#ACHB4-BOVIN#Q8SPU6",1
"GO:0022835","GO:0022835","transmitter-gated channel activity","1/87","22/6213",0.0454545454545455,3.24608150470219,1.25760224415819,0.267117750458337,0.466641127019559,0.381184516841479,"XLOC-010031#ACHB4-BOVIN#Q8SPU6",1
"GO:0030810","GO:0030810","positive regulation of nucleotide biosynthetic process","1/87","22/6213",0.0454545454545455,3.24608150470219,1.25760224415819,0.267117750458337,0.466641127019559,0.381184516841479,"XLOC-010665#MYC-MARMO#P22555",1
"GO:0040009","GO:0040009","regulation of growth rate","1/87","22/6213",0.0454545454545455,3.24608150470219,1.25760224415819,0.267117750458337,0.466641127019559,0.381184516841479,"XLOC-025615#S15A2-DANRE#B0S6T2",1
"GO:0042755","GO:0042755","eating behavior","1/87","22/6213",0.0454545454545455,3.24608150470219,1.25760224415819,0.267117750458337,0.466641127019559,0.381184516841479,"XLOC-004696#MYS-ARGIR#P24733",1
"GO:0044788","GO:0044788","host-mediated perturbation of viral process","1/87","22/6213",0.0454545454545455,3.24608150470219,1.25760224415819,0.267117750458337,0.466641127019559,0.381184516841479,"XLOC-023693#TRLF-DESRO#K9IMD0",1
"GO:0046676","GO:0046676","negative regulation of insulin secretion","1/87","22/6213",0.0454545454545455,3.24608150470219,1.25760224415819,0.267117750458337,0.466641127019559,0.381184516841479,"XLOC-003038#INHBA-MOUSE#Q04998",1
"GO:0048048","GO:0048048","embryonic eye morphogenesis","1/87","22/6213",0.0454545454545455,3.24608150470219,1.25760224415819,0.267117750458337,0.466641127019559,0.381184516841479,"XLOC-020923#WNT11-HUMAN#O96014",1
"GO:0048102","GO:0048102","autophagic cell death","1/87","22/6213",0.0454545454545455,3.24608150470219,1.25760224415819,0.267117750458337,0.466641127019559,0.381184516841479,"XLOC-022275#T53I2-HUMAN#Q8IXH6",1
"GO:0055006","GO:0055006","cardiac cell development","1/87","22/6213",0.0454545454545455,3.24608150470219,1.25760224415819,0.267117750458337,0.466641127019559,0.381184516841479,"XLOC-023090#KCC2A-HUMAN#Q9UQM7",1
"GO:0071542","GO:0071542","dopaminergic neuron differentiation","1/87","22/6213",0.0454545454545455,3.24608150470219,1.25760224415819,0.267117750458337,0.466641127019559,0.381184516841479,"XLOC-008044#MOM5-CAEEL#A0A0K3AWM6",1
"GO:0086003","GO:0086003","cardiac muscle cell contraction","1/87","22/6213",0.0454545454545455,3.24608150470219,1.25760224415819,0.267117750458337,0.466641127019559,0.381184516841479,"XLOC-023090#KCC2A-HUMAN#Q9UQM7",1
"GO:0086091","GO:0086091","regulation of heart rate by cardiac conduction","1/87","22/6213",0.0454545454545455,3.24608150470219,1.25760224415819,0.267117750458337,0.466641127019559,0.381184516841479,"XLOC-023090#KCC2A-HUMAN#Q9UQM7",1
"GO:0090398","GO:0090398","cellular senescence","1/87","22/6213",0.0454545454545455,3.24608150470219,1.25760224415819,0.267117750458337,0.466641127019559,0.381184516841479,"XLOC-020923#WNT11-HUMAN#O96014",1
"GO:0097061","GO:0097061","dendritic spine organization","1/87","22/6213",0.0454545454545455,3.24608150470219,1.25760224415819,0.267117750458337,0.466641127019559,0.381184516841479,"XLOC-010031#ACHB4-BOVIN#Q8SPU6",1
"GO:0098900","GO:0098900","regulation of action potential","1/87","22/6213",0.0454545454545455,3.24608150470219,1.25760224415819,0.267117750458337,0.466641127019559,0.381184516841479,"XLOC-023090#KCC2A-HUMAN#Q9UQM7",1
"GO:1900101","GO:1900101","regulation of endoplasmic reticulum unfolded protein response","1/87","22/6213",0.0454545454545455,3.24608150470219,1.25760224415819,0.267117750458337,0.466641127019559,0.381184516841479,"XLOC-025615#S15A2-DANRE#B0S6T2",1
"GO:1900373","GO:1900373","positive regulation of purine nucleotide biosynthetic process","1/87","22/6213",0.0454545454545455,3.24608150470219,1.25760224415819,0.267117750458337,0.466641127019559,0.381184516841479,"XLOC-010665#MYC-MARMO#P22555",1
"GO:1900744","GO:1900744","regulation of p38MAPK cascade","1/87","22/6213",0.0454545454545455,3.24608150470219,1.25760224415819,0.267117750458337,0.466641127019559,0.381184516841479,"XLOC-020834#BMP15-BOVIN#Q6PX77",1
"GO:2000380","GO:2000380","regulation of mesoderm development","1/87","22/6213",0.0454545454545455,3.24608150470219,1.25760224415819,0.267117750458337,0.466641127019559,0.381184516841479,"XLOC-020834#BMP15-BOVIN#Q6PX77",1
"GO:0007528","GO:0007528","neuromuscular junction development","2/87","72/6213",0.0277777777777778,1.98371647509579,1.00046868139134,0.267259586943554,0.466641127019559,0.381184516841479,"gene-evm.model.ptg000022l.266#FCN1-MOUSE#O70165/XLOC-023090#KCC2A-HUMAN#Q9UQM7",2
"GO:0031594","GO:0031594","neuromuscular junction","2/87","72/6213",0.0277777777777778,1.98371647509579,1.00046868139134,0.267259586943554,0.466641127019559,0.381184516841479,"XLOC-020299#SC5A7-DROME#Q9VE46/XLOC-023090#KCC2A-HUMAN#Q9UQM7",2
"GO:0031674","GO:0031674","I band","2/87","72/6213",0.0277777777777778,1.98371647509579,1.00046868139134,0.267259586943554,0.466641127019559,0.381184516841479,"XLOC-004696#MYS-ARGIR#P24733/XLOC-025643#TRIM2-HUMAN#Q9C040",2
"GO:0046330","GO:0046330","positive regulation of JNK cascade","2/87","72/6213",0.0277777777777778,1.98371647509579,1.00046868139134,0.267259586943554,0.466641127019559,0.381184516841479,"XLOC-008044#MOM5-CAEEL#A0A0K3AWM6/XLOC-020923#WNT11-HUMAN#O96014",2
"GO:1903531","GO:1903531","negative regulation of secretion by cell","2/87","72/6213",0.0277777777777778,1.98371647509579,1.00046868139134,0.267259586943554,0.466641127019559,0.381184516841479,"XLOC-003038#INHBA-MOUSE#Q04998/XLOC-010538#LSHR-CHICK#Q90674",2
"GO:0071214","GO:0071214","cellular response to abiotic stimulus","4/87","189/6213",0.0211640211640212,1.51140302864441,0.850821723183602,0.272329382390421,0.474879614465862,0.387914279125359,"XLOC-020834#BMP15-BOVIN#Q6PX77/XLOC-022275#T53I2-HUMAN#Q8IXH6/XLOC-009823#GSH1-HUMAN#P48506/XLOC-010665#MYC-MARMO#P22555",4
"GO:0104004","GO:0104004","cellular response to environmental stimulus","4/87","189/6213",0.0211640211640212,1.51140302864441,0.850821723183602,0.272329382390421,0.474879614465862,0.387914279125359,"XLOC-020834#BMP15-BOVIN#Q6PX77/XLOC-022275#T53I2-HUMAN#Q8IXH6/XLOC-009823#GSH1-HUMAN#P48506/XLOC-010665#MYC-MARMO#P22555",4
"GO:0031644","GO:0031644","regulation of nervous system process","2/87","73/6213",0.0273972602739726,1.9565422768068,0.979643965511695,0.272477367290787,0.474879614465862,0.387914279125359,"XLOC-004104#XLOC-004104/XLOC-010031#ACHB4-BOVIN#Q8SPU6",2
"GO:0048872","GO:0048872","homeostasis of number of cells","3/87","130/6213",0.0230769230769231,1.64801061007958,0.889778153238848,0.273928921821969,0.476788757180888,0.38947379799601,"XLOC-020834#BMP15-BOVIN#Q6PX77/XLOC-010538#LSHR-CHICK#Q90674/XLOC-003539#RHBG-DANRE#Q7T070",3
"GO:0098727","GO:0098727","maintenance of cell number","3/87","130/6213",0.0230769230769231,1.64801061007958,0.889778153238848,0.273928921821969,0.476788757180888,0.38947379799601,"XLOC-020834#BMP15-BOVIN#Q6PX77/XLOC-008044#MOM5-CAEEL#A0A0K3AWM6/XLOC-013477#SIX1B-DANRE#Q6NZ04",3
"GO:0000303","GO:0000303","response to superoxide","1/87","23/6213",0.0434782608695652,3.10494752623688,1.20516558394041,0.277416693393263,0.476788757180888,0.38947379799601,"XLOC-009823#GSH1-HUMAN#P48506",1
"GO:0002082","GO:0002082","regulation of oxidative phosphorylation","1/87","23/6213",0.0434782608695652,3.10494752623688,1.20516558394041,0.277416693393263,0.476788757180888,0.38947379799601,"XLOC-010665#MYC-MARMO#P22555",1
"GO:0005796","GO:0005796","Golgi lumen","1/87","23/6213",0.0434782608695652,3.10494752623688,1.20516558394041,0.277416693393263,0.476788757180888,0.38947379799601,"XLOC-009355#B3GA3-HUMAN#O94766",1
"GO:0006939","GO:0006939","smooth muscle contraction","1/87","23/6213",0.0434782608695652,3.10494752623688,1.20516558394041,0.277416693393263,0.476788757180888,0.38947379799601,"XLOC-026222#MYPH-ECHGR#Q24799",1
"GO:0007427","GO:0007427","epithelial cell migration, open tracheal system","1/87","23/6213",0.0434782608695652,3.10494752623688,1.20516558394041,0.277416693393263,0.476788757180888,0.38947379799601,"XLOC-020834#BMP15-BOVIN#Q6PX77",1
"GO:0030947","GO:0030947","regulation of vascular endothelial growth factor receptor signaling pathway","1/87","23/6213",0.0434782608695652,3.10494752623688,1.20516558394041,0.277416693393263,0.476788757180888,0.38947379799601,"XLOC-020834#BMP15-BOVIN#Q6PX77",1
"GO:0031076","GO:0031076","embryonic camera-type eye development","1/87","23/6213",0.0434782608695652,3.10494752623688,1.20516558394041,0.277416693393263,0.476788757180888,0.38947379799601,"XLOC-020923#WNT11-HUMAN#O96014",1
"GO:0035075","GO:0035075","response to ecdysone","1/87","23/6213",0.0434782608695652,3.10494752623688,1.20516558394041,0.277416693393263,0.476788757180888,0.38947379799601,"XLOC-022275#T53I2-HUMAN#Q8IXH6",1
"GO:0044003","GO:0044003","symbiont-mediated perturbation of host process","1/87","23/6213",0.0434782608695652,3.10494752623688,1.20516558394041,0.277416693393263,0.476788757180888,0.38947379799601,"XLOC-010665#MYC-MARMO#P22555",1
"GO:0045600","GO:0045600","positive regulation of fat cell differentiation","1/87","23/6213",0.0434782608695652,3.10494752623688,1.20516558394041,0.277416693393263,0.476788757180888,0.38947379799601,"XLOC-020834#BMP15-BOVIN#Q6PX77",1
"GO:0045839","GO:0045839","negative regulation of mitotic nuclear division","1/87","23/6213",0.0434782608695652,3.10494752623688,1.20516558394041,0.277416693393263,0.476788757180888,0.38947379799601,"XLOC-020834#BMP15-BOVIN#Q6PX77",1
"GO:0048680","GO:0048680","positive regulation of axon regeneration","1/87","23/6213",0.0434782608695652,3.10494752623688,1.20516558394041,0.277416693393263,0.476788757180888,0.38947379799601,"gene-evm.model.ptg000004l.40#FA5-MOUSE#O88783",1
"GO:0050879","GO:0050879","multicellular organismal movement","1/87","23/6213",0.0434782608695652,3.10494752623688,1.20516558394041,0.277416693393263,0.476788757180888,0.38947379799601,"XLOC-004696#MYS-ARGIR#P24733",1
"GO:0051150","GO:0051150","regulation of smooth muscle cell differentiation","1/87","23/6213",0.0434782608695652,3.10494752623688,1.20516558394041,0.277416693393263,0.476788757180888,0.38947379799601,"XLOC-020834#BMP15-BOVIN#Q6PX77",1
"GO:0055038","GO:0055038","recycling endosome membrane","1/87","23/6213",0.0434782608695652,3.10494752623688,1.20516558394041,0.277416693393263,0.476788757180888,0.38947379799601,"XLOC-008044#MOM5-CAEEL#A0A0K3AWM6",1
"GO:0070572","GO:0070572","positive regulation of neuron projection regeneration","1/87","23/6213",0.0434782608695652,3.10494752623688,1.20516558394041,0.277416693393263,0.476788757180888,0.38947379799601,"gene-evm.model.ptg000004l.40#FA5-MOUSE#O88783",1
"GO:0070888","GO:0070888","E-box binding","1/87","23/6213",0.0434782608695652,3.10494752623688,1.20516558394041,0.277416693393263,0.476788757180888,0.38947379799601,"XLOC-010665#MYC-MARMO#P22555",1
"GO:0098586","GO:0098586","cellular response to virus","1/87","23/6213",0.0434782608695652,3.10494752623688,1.20516558394041,0.277416693393263,0.476788757180888,0.38947379799601,"gene-evm.model.ptg000021l.117#UFD1-RAT#Q9ES53",1
"GO:1904645","GO:1904645","response to amyloid-beta","1/87","23/6213",0.0434782608695652,3.10494752623688,1.20516558394041,0.277416693393263,0.476788757180888,0.38947379799601,"XLOC-010031#ACHB4-BOVIN#Q8SPU6",1
"GO:2001222","GO:2001222","regulation of neuron migration","1/87","23/6213",0.0434782608695652,3.10494752623688,1.20516558394041,0.277416693393263,0.476788757180888,0.38947379799601,"XLOC-020923#WNT11-HUMAN#O96014",1
"GO:0030968","GO:0030968","endoplasmic reticulum unfolded protein response","2/87","74/6213",0.027027027027027,1.93010251630941,0.959145991465501,0.277694380456238,0.476788757180888,0.38947379799601,"XLOC-009392#FKB14-HUMAN#Q9NWM8/gene-evm.model.ptg000001l.34#FKB2B-RHIO9#P0C1J5",2
"GO:0034504","GO:0034504","protein localization to nucleus","3/87","131/6213",0.0229007633587786,1.63543037641485,0.875925693615843,0.277750758652168,0.476788757180888,0.38947379799601,"XLOC-020834#BMP15-BOVIN#Q6PX77/XLOC-013477#SIX1B-DANRE#Q6NZ04/novel-gene-chr14-4172#SIX2-MOUSE#Q62232",3
"GO:0051054","GO:0051054","positive regulation of DNA metabolic process","3/87","131/6213",0.0229007633587786,1.63543037641485,0.875925693615843,0.277750758652168,0.476788757180888,0.38947379799601,"XLOC-020834#BMP15-BOVIN#Q6PX77/XLOC-006335#GREM1-CHICK#O73755/XLOC-010665#MYC-MARMO#P22555",3
"GO:0019221","GO:0019221","cytokine-mediated signaling pathway","3/87","132/6213",0.0227272727272727,1.6230407523511,0.862189583753201,0.281578246075072,0.48277808656982,0.394366293528725,"XLOC-003648#DAND5-MOUSE#Q76LW6/XLOC-010665#MYC-MARMO#P22555/XLOC-023090#KCC2A-HUMAN#Q9UQM7",3
"GO:0099003","GO:0099003","vesicle-mediated transport in synapse","3/87","132/6213",0.0227272727272727,1.6230407523511,0.862189583753201,0.281578246075072,0.48277808656982,0.394366293528725,"XLOC-011874#SY65-APLCA#P41823/gene-evm.model.ptg000010l.70#ESYT2-MOUSE#Q3TZZ7/XLOC-015788#OTOF-HUMAN#Q9HC10",3
"GO:0006469","GO:0006469","negative regulation of protein kinase activity","3/87","133/6213",0.0225563909774436,1.61083743842365,0.848567768385266,0.285410933454324,0.486910672388195,0.397742073410247,"XLOC-020834#BMP15-BOVIN#Q6PX77/XLOC-020938#SPB6-MOUSE#Q60854/XLOC-006685#KAPR-STRPU#Q26619",3
"GO:0006024","GO:0006024","glycosaminoglycan biosynthetic process","1/87","24/6213",0.0416666666666667,2.97557471264368,1.15551527708604,0.287572549237332,0.486910672388195,0.397742073410247,"XLOC-009355#B3GA3-HUMAN#O94766",1
"GO:0009593","GO:0009593","detection of chemical stimulus","1/87","24/6213",0.0416666666666667,2.97557471264368,1.15551527708604,0.287572549237332,0.486910672388195,0.397742073410247,"XLOC-011874#SY65-APLCA#P41823",1
"GO:0009996","GO:0009996","negative regulation of cell fate specification","1/87","24/6213",0.0416666666666667,2.97557471264368,1.15551527708604,0.287572549237332,0.486910672388195,0.397742073410247,"XLOC-008044#MOM5-CAEEL#A0A0K3AWM6",1
"GO:0010712","GO:0010712","regulation of collagen metabolic process","1/87","24/6213",0.0416666666666667,2.97557471264368,1.15551527708604,0.287572549237332,0.486910672388195,0.397742073410247,"XLOC-020834#BMP15-BOVIN#Q6PX77",1
"GO:0019985","GO:0019985","translesion synthesis","1/87","24/6213",0.0416666666666667,2.97557471264368,1.15551527708604,0.287572549237332,0.486910672388195,0.397742073410247,"gene-evm.model.ptg000021l.117#UFD1-RAT#Q9ES53",1
"GO:0030279","GO:0030279","negative regulation of ossification","1/87","24/6213",0.0416666666666667,2.97557471264368,1.15551527708604,0.287572549237332,0.486910672388195,0.397742073410247,"XLOC-006335#GREM1-CHICK#O73755",1
"GO:0032413","GO:0032413","negative regulation of ion transmembrane transporter activity","1/87","24/6213",0.0416666666666667,2.97557471264368,1.15551527708604,0.287572549237332,0.486910672388195,0.397742073410247,"XLOC-023090#KCC2A-HUMAN#Q9UQM7",1
"GO:0035167","GO:0035167","larval lymph gland hemopoiesis","1/87","24/6213",0.0416666666666667,2.97557471264368,1.15551527708604,0.287572549237332,0.486910672388195,0.397742073410247,"XLOC-020834#BMP15-BOVIN#Q6PX77",1
"GO:0042887","GO:0042887","amide transmembrane transporter activity","1/87","24/6213",0.0416666666666667,2.97557471264368,1.15551527708604,0.287572549237332,0.486910672388195,0.397742073410247,"XLOC-025615#S15A2-DANRE#B0S6T2",1
"GO:0043457","GO:0043457","regulation of cellular respiration","1/87","24/6213",0.0416666666666667,2.97557471264368,1.15551527708604,0.287572549237332,0.486910672388195,0.397742073410247,"XLOC-010665#MYC-MARMO#P22555",1
"GO:0045682","GO:0045682","regulation of epidermis development","1/87","24/6213",0.0416666666666667,2.97557471264368,1.15551527708604,0.287572549237332,0.486910672388195,0.397742073410247,"XLOC-020834#BMP15-BOVIN#Q6PX77",1
"GO:0045740","GO:0045740","positive regulation of DNA replication","1/87","24/6213",0.0416666666666667,2.97557471264368,1.15551527708604,0.287572549237332,0.486910672388195,0.397742073410247,"XLOC-020834#BMP15-BOVIN#Q6PX77",1
"GO:0048557","GO:0048557","embryonic digestive tract morphogenesis","1/87","24/6213",0.0416666666666667,2.97557471264368,1.15551527708604,0.287572549237332,0.486910672388195,0.397742073410247,"XLOC-013477#SIX1B-DANRE#Q6NZ04",1
"GO:0050974","GO:0050974","detection of mechanical stimulus involved in sensory perception","1/87","24/6213",0.0416666666666667,2.97557471264368,1.15551527708604,0.287572549237332,0.486910672388195,0.397742073410247,"XLOC-010665#MYC-MARMO#P22555",1
"GO:0060026","GO:0060026","convergent extension","1/87","24/6213",0.0416666666666667,2.97557471264368,1.15551527708604,0.287572549237332,0.486910672388195,0.397742073410247,"XLOC-008044#MOM5-CAEEL#A0A0K3AWM6",1
"GO:0060251","GO:0060251","regulation of glial cell proliferation","1/87","24/6213",0.0416666666666667,2.97557471264368,1.15551527708604,0.287572549237332,0.486910672388195,0.397742073410247,"XLOC-010665#MYC-MARMO#P22555",1
"GO:0060465","GO:0060465","pharynx development","1/87","24/6213",0.0416666666666667,2.97557471264368,1.15551527708604,0.287572549237332,0.486910672388195,0.397742073410247,"XLOC-013477#SIX1B-DANRE#Q6NZ04",1
"GO:0065001","GO:0065001","specification of axis polarity","1/87","24/6213",0.0416666666666667,2.97557471264368,1.15551527708604,0.287572549237332,0.486910672388195,0.397742073410247,"XLOC-020834#BMP15-BOVIN#Q6PX77",1
"GO:0070059","GO:0070059","intrinsic apoptotic signaling pathway in response to endoplasmic reticulum stress","1/87","24/6213",0.0416666666666667,2.97557471264368,1.15551527708604,0.287572549237332,0.486910672388195,0.397742073410247,"gene-evm.model.ptg000012l.503-1#DJC10-XENLA#Q6NRT6",1
"GO:1902235","GO:1902235","regulation of endoplasmic reticulum stress-induced intrinsic apoptotic signaling pathway","1/87","24/6213",0.0416666666666667,2.97557471264368,1.15551527708604,0.287572549237332,0.486910672388195,0.397742073410247,"XLOC-027115#TXD12-EPICO#H9D1R1",1
"GO:0010921","GO:0010921","regulation of phosphatase activity","2/87","76/6213",0.0263157894736842,1.87931034482759,0.919089428122074,0.288122169884456,0.487262922750654,0.398029815695371,"XLOC-020834#BMP15-BOVIN#Q6PX77/XLOC-009355#B3GA3-HUMAN#O94766",2
"GO:0034614","GO:0034614","cellular response to reactive oxygen species","2/87","76/6213",0.0263157894736842,1.87931034482759,0.919089428122074,0.288122169884456,0.487262922750654,0.398029815695371,"XLOC-016472#COMP-MOUSE#Q9R0G6/gene-evm.model.ptg000002l.349#ADT1-CAEEL#G5ECS8",2
"GO:0010975","GO:0010975","regulation of neuron projection development","6/87","320/6213",0.01875,1.33900862068965,0.74200078421716,0.290694662990788,0.491322199948294,0.401345712061366,"XLOC-020834#BMP15-BOVIN#Q6PX77/XLOC-008044#MOM5-CAEEL#A0A0K3AWM6/XLOC-022943#NR2E3-MOUSE#Q9QXZ7/gene-evm.model.ptg000004l.40#FA5-MOUSE#O88783/XLOC-020923#WNT11-HUMAN#O96014/XLOC-004104#XLOC-004104",6
"GO:0050708","GO:0050708","regulation of protein secretion","4/87","195/6213",0.0205128205128205,1.46489832007073,0.786024430190824,0.291197816145421,0.491590159445495,0.401564599779484,"XLOC-003038#INHBA-MOUSE#Q04998/XLOC-010538#LSHR-CHICK#Q90674/XLOC-011874#SY65-APLCA#P41823/XLOC-025964#NEC1-HUMAN#P29120",4
"GO:0098552","GO:0098552","side of membrane","4/87","195/6213",0.0205128205128205,1.46489832007073,0.786024430190824,0.291197816145421,0.491590159445495,0.401564599779484,"XLOC-016472#COMP-MOUSE#Q9R0G6/gene-evm.model.ptg000010l.70#ESYT2-MOUSE#Q3TZZ7/gene-evm.model.ptg000002l.349#ADT1-CAEEL#G5ECS8/XLOC-010031#ACHB4-BOVIN#Q8SPU6",4
"GO:1903050","GO:1903050","regulation of proteolysis involved in protein catabolic process","3/87","135/6213",0.0222222222222222,1.58697318007663,0.821659059221612,0.29309013041202,0.494188893388342,0.403687424119316,"XLOC-009823#GSH1-HUMAN#P48506/XLOC-016437#UBP14-PANTR#P60051/gene-evm.model.ptg000021l.117#UFD1-RAT#Q9ES53",3
"GO:0008237","GO:0008237","metallopeptidase activity","2/87","77/6213",0.025974025974026,1.85490371697268,0.899511553832969,0.293331046064687,0.494188893388342,0.403687424119316,"XLOC-000223#BMP1-MOUSE#P98063/XLOC-004937#FOLH1-RAT#P70627",2
"GO:0016810","GO:0016810","hydrolase activity, acting on carbon-nitrogen (but not peptide) bonds","2/87","77/6213",0.025974025974026,1.85490371697268,0.899511553832969,0.293331046064687,0.494188893388342,0.403687424119316,"XLOC-007978#HIUH-DANRE#Q06S87/XLOC-004937#FOLH1-RAT#P70627",2
"GO:0051047","GO:0051047","positive regulation of secretion","4/87","196/6213",0.0204081632653061,1.45742434904996,0.775432791047507,0.294361923450248,0.494188893388342,0.403687424119316,"XLOC-020834#BMP15-BOVIN#Q6PX77/XLOC-003038#INHBA-MOUSE#Q04998/XLOC-011874#SY65-APLCA#P41823/XLOC-025964#NEC1-HUMAN#P29120",4
"GO:0008219","GO:0008219","cell death","7/87","386/6213",0.0181347150259067,1.2950687868501,0.713314854315974,0.295304779087894,0.494188893388342,0.403687424119316,"XLOC-020834#BMP15-BOVIN#Q6PX77/XLOC-006335#GREM1-CHICK#O73755/XLOC-022275#T53I2-HUMAN#Q8IXH6/gene-evm.model.ptg000022l.478#GSH0-HUMAN#P48507/XLOC-009823#GSH1-HUMAN#P48506/gene-evm.model.ptg000012l.503-1#DJC10-XENLA#Q6NRT6/XLOC-010665#MYC-MARMO#P22555",7
"GO:0030003","GO:0030003","intracellular monoatomic cation homeostasis","5/87","259/6213",0.0193050193050193,1.37864465450672,0.741761264950408,0.29653546267321,0.494188893388342,0.403687424119316,"XLOC-020834#BMP15-BOVIN#Q6PX77/XLOC-008044#MOM5-CAEEL#A0A0K3AWM6/XLOC-010031#ACHB4-BOVIN#Q8SPU6/XLOC-010665#MYC-MARMO#P22555/XLOC-023090#KCC2A-HUMAN#Q9UQM7",5
"GO:0000272","GO:0000272","polysaccharide catabolic process","1/87","25/6213",0.04,2.85655172413793,1.10838019938248,0.297587283154985,0.494188893388342,0.403687424119316,"XLOC-026123#MGA-HUMAN#O43451",1
"GO:0000305","GO:0000305","response to oxygen radical","1/87","25/6213",0.04,2.85655172413793,1.10838019938248,0.297587283154985,0.494188893388342,0.403687424119316,"XLOC-009823#GSH1-HUMAN#P48506",1
"GO:0001755","GO:0001755","neural crest cell migration","1/87","25/6213",0.04,2.85655172413793,1.10838019938248,0.297587283154985,0.494188893388342,0.403687424119316,"XLOC-000173#TES-CHICK#Q90YH9",1
"GO:0007443","GO:0007443","Malpighian tubule morphogenesis","1/87","25/6213",0.04,2.85655172413793,1.10838019938248,0.297587283154985,0.494188893388342,0.403687424119316,"XLOC-020834#BMP15-BOVIN#Q6PX77",1
"GO:0009072","GO:0009072","aromatic amino acid metabolic process","1/87","25/6213",0.04,2.85655172413793,1.10838019938248,0.297587283154985,0.494188893388342,0.403687424119316,"gene-evm.model.ptg000020l.16#MAAI-MOUSE#Q9WVL0",1
"GO:0009262","GO:0009262","deoxyribonucleotide metabolic process","1/87","25/6213",0.04,2.85655172413793,1.10838019938248,0.297587283154985,0.494188893388342,0.403687424119316,"XLOC-016646#ADK-PHYPA#O49923",1
"GO:0019888","GO:0019888","protein phosphatase regulator activity","1/87","25/6213",0.04,2.85655172413793,1.10838019938248,0.297587283154985,0.494188893388342,0.403687424119316,"XLOC-009355#B3GA3-HUMAN#O94766",1
"GO:0030201","GO:0030201","heparan sulfate proteoglycan metabolic process","1/87","25/6213",0.04,2.85655172413793,1.10838019938248,0.297587283154985,0.494188893388342,0.403687424119316,"XLOC-009355#B3GA3-HUMAN#O94766",1
"GO:0032435","GO:0032435","negative regulation of proteasomal ubiquitin-dependent protein catabolic process","1/87","25/6213",0.04,2.85655172413793,1.10838019938248,0.297587283154985,0.494188893388342,0.403687424119316,"XLOC-016437#UBP14-PANTR#P60051",1
"GO:0035206","GO:0035206","regulation of hemocyte proliferation","1/87","25/6213",0.04,2.85655172413793,1.10838019938248,0.297587283154985,0.494188893388342,0.403687424119316,"XLOC-008044#MOM5-CAEEL#A0A0K3AWM6",1
"GO:0042446","GO:0042446","hormone biosynthetic process","1/87","25/6213",0.04,2.85655172413793,1.10838019938248,0.297587283154985,0.494188893388342,0.403687424119316,"XLOC-020299#SC5A7-DROME#Q9VE46",1
"GO:0043073","GO:0043073","germ cell nucleus","1/87","25/6213",0.04,2.85655172413793,1.10838019938248,0.297587283154985,0.494188893388342,0.403687424119316,"XLOC-006685#KAPR-STRPU#Q26619",1
"GO:0045838","GO:0045838","positive regulation of membrane potential","1/87","25/6213",0.04,2.85655172413793,1.10838019938248,0.297587283154985,0.494188893388342,0.403687424119316,"XLOC-010665#MYC-MARMO#P22555",1
"GO:0046173","GO:0046173","polyol biosynthetic process","1/87","25/6213",0.04,2.85655172413793,1.10838019938248,0.297587283154985,0.494188893388342,0.403687424119316,"gene-evm.model.ptg000030l.120#PGP-CHICK#Q5F4B1",1
"GO:0048854","GO:0048854","brain morphogenesis","1/87","25/6213",0.04,2.85655172413793,1.10838019938248,0.297587283154985,0.494188893388342,0.403687424119316,"gene-evm.model.ptg000032l.233#LAMC1-XENTR#A0JP86",1
"GO:0051446","GO:0051446","positive regulation of meiotic cell cycle","1/87","25/6213",0.04,2.85655172413793,1.10838019938248,0.297587283154985,0.494188893388342,0.403687424119316,"XLOC-006685#KAPR-STRPU#Q26619",1
"GO:0060581","GO:0060581","cell fate commitment involved in pattern specification","1/87","25/6213",0.04,2.85655172413793,1.10838019938248,0.297587283154985,0.494188893388342,0.403687424119316,"XLOC-008044#MOM5-CAEEL#A0A0K3AWM6",1
"GO:0090311","GO:0090311","regulation of protein deacetylation","1/87","25/6213",0.04,2.85655172413793,1.10838019938248,0.297587283154985,0.494188893388342,0.403687424119316,"XLOC-023090#KCC2A-HUMAN#Q9UQM7",1
"GO:1903431","GO:1903431","positive regulation of cell maturation","1/87","25/6213",0.04,2.85655172413793,1.10838019938248,0.297587283154985,0.494188893388342,0.403687424119316,"XLOC-006685#KAPR-STRPU#Q26619",1
"GO:1904292","GO:1904292","regulation of ERAD pathway","1/87","25/6213",0.04,2.85655172413793,1.10838019938248,0.297587283154985,0.494188893388342,0.403687424119316,"XLOC-016437#UBP14-PANTR#P60051",1
"GO:1905881","GO:1905881","positive regulation of oogenesis","1/87","25/6213",0.04,2.85655172413793,1.10838019938248,0.297587283154985,0.494188893388342,0.403687424119316,"XLOC-006685#KAPR-STRPU#Q26619",1
"GO:2001025","GO:2001025","positive regulation of response to drug","1/87","25/6213",0.04,2.85655172413793,1.10838019938248,0.297587283154985,0.494188893388342,0.403687424119316,"XLOC-020834#BMP15-BOVIN#Q6PX77",1
"GO:0001841","GO:0001841","neural tube formation","2/87","78/6213",0.0256410256410256,1.83112290008842,0.880221799558919,0.29853535379994,0.494324645613017,0.40379831585855,"XLOC-020834#BMP15-BOVIN#Q6PX77/XLOC-008044#MOM5-CAEEL#A0A0K3AWM6",2
"GO:0003018","GO:0003018","vascular process in circulatory system","2/87","78/6213",0.0256410256410256,1.83112290008842,0.880221799558919,0.29853535379994,0.494324645613017,0.40379831585855,"gene-evm.model.ptg000022l.478#GSH0-HUMAN#P48507/XLOC-009823#GSH1-HUMAN#P48506",2
"GO:0030658","GO:0030658","transport vesicle membrane","2/87","78/6213",0.0256410256410256,1.83112290008842,0.880221799558919,0.29853535379994,0.494324645613017,0.40379831585855,"XLOC-011874#SY65-APLCA#P41823/XLOC-015788#OTOF-HUMAN#Q9HC10",2
"GO:0046887","GO:0046887","positive regulation of hormone secretion","2/87","78/6213",0.0256410256410256,1.83112290008842,0.880221799558919,0.29853535379994,0.494324645613017,0.40379831585855,"XLOC-020834#BMP15-BOVIN#Q6PX77/XLOC-003038#INHBA-MOUSE#Q04998",2
"GO:0051224","GO:0051224","negative regulation of protein transport","2/87","78/6213",0.0256410256410256,1.83112290008842,0.880221799558919,0.29853535379994,0.494324645613017,0.40379831585855,"XLOC-003038#INHBA-MOUSE#Q04998/XLOC-010538#LSHR-CHICK#Q90674",2
"GO:0043292","GO:0043292","contractile muscle fiber","3/87","137/6213",0.0218978102189781,1.56380568839668,0.79518413710761,0.300784844428084,0.497760534311673,0.406604985690425,"XLOC-004696#MYS-ARGIR#P24733/XLOC-026222#MYPH-ECHGR#Q24799/XLOC-025643#TRIM2-HUMAN#Q9C040",3
"GO:0008234","GO:0008234","cysteine-type peptidase activity","2/87","79/6213",0.0253164556962025,1.80794412920122,0.861211544698973,0.303734208191425,0.501446547333756,0.409615974245738,"XLOC-016437#UBP14-PANTR#P60051/gene-evm.model.ptg000021l.117#UFD1-RAT#Q9ES53",2
"GO:0030662","GO:0030662","coated vesicle membrane","2/87","79/6213",0.0253164556962025,1.80794412920122,0.861211544698973,0.303734208191425,0.501446547333756,0.409615974245738,"XLOC-008044#MOM5-CAEEL#A0A0K3AWM6/XLOC-011874#SY65-APLCA#P41823",2
"GO:0045088","GO:0045088","regulation of innate immune response","3/87","138/6213",0.0217391304347826,1.55247376311844,0.782104732757782,0.304636947134411,0.501446547333756,0.409615974245738,"XLOC-023693#TRLF-DESRO#K9IMD0/XLOC-010538#LSHR-CHICK#Q90674/gene-evm.model.ptg000021l.117#UFD1-RAT#Q9ES53",3
"GO:0050808","GO:0050808","synapse organization","4/87","200/6213",0.02,1.42827586206897,0.73363467081263,0.307064437479861,0.501446547333756,0.409615974245738,"XLOC-008044#MOM5-CAEEL#A0A0K3AWM6/gene-evm.model.ptg000022l.266#FCN1-MOUSE#O70165/XLOC-010031#ACHB4-BOVIN#Q8SPU6/XLOC-023090#KCC2A-HUMAN#Q9UQM7",4
"GO:0004177","GO:0004177","aminopeptidase activity","1/87","26/6213",0.0384615384615385,2.74668435013263,1.0635254786679,0.307462833634221,0.501446547333756,0.409615974245738,"XLOC-004937#FOLH1-RAT#P70627",1
"GO:0006418","GO:0006418","tRNA aminoacylation for protein translation","1/87","26/6213",0.0384615384615385,2.74668435013263,1.0635254786679,0.307462833634221,0.501446547333756,0.409615974245738,"XLOC-002744#NPFF1-RAT#Q9EP86",1
"GO:0007007","GO:0007007","inner mitochondrial membrane organization","1/87","26/6213",0.0384615384615385,2.74668435013263,1.0635254786679,0.307462833634221,0.501446547333756,0.409615974245738,"XLOC-010665#MYC-MARMO#P22555",1
"GO:0008200","GO:0008200","ion channel inhibitor activity","1/87","26/6213",0.0384615384615385,2.74668435013263,1.0635254786679,0.307462833634221,0.501446547333756,0.409615974245738,"XLOC-023090#KCC2A-HUMAN#Q9UQM7",1
"GO:0009925","GO:0009925","basal plasma membrane","1/87","26/6213",0.0384615384615385,2.74668435013263,1.0635254786679,0.307462833634221,0.501446547333756,0.409615974245738,"XLOC-003539#RHBG-DANRE#Q7T070",1
"GO:0010454","GO:0010454","negative regulation of cell fate commitment","1/87","26/6213",0.0384615384615385,2.74668435013263,1.0635254786679,0.307462833634221,0.501446547333756,0.409615974245738,"XLOC-008044#MOM5-CAEEL#A0A0K3AWM6",1
"GO:0019005","GO:0019005","SCF ubiquitin ligase complex","1/87","26/6213",0.0384615384615385,2.74668435013263,1.0635254786679,0.307462833634221,0.501446547333756,0.409615974245738,"XLOC-006644#FBX11-RAT#Q7TSL3",1
"GO:0019228","GO:0019228","neuronal action potential","1/87","26/6213",0.0384615384615385,2.74668435013263,1.0635254786679,0.307462833634221,0.501446547333756,0.409615974245738,"XLOC-010031#ACHB4-BOVIN#Q8SPU6",1
"GO:0031290","GO:0031290","retinal ganglion cell axon guidance","1/87","26/6213",0.0384615384615385,2.74668435013263,1.0635254786679,0.307462833634221,0.501446547333756,0.409615974245738,"gene-evm.model.ptg000032l.233#LAMC1-XENTR#A0JP86",1
"GO:0043039","GO:0043039","tRNA aminoacylation","1/87","26/6213",0.0384615384615385,2.74668435013263,1.0635254786679,0.307462833634221,0.501446547333756,0.409615974245738,"XLOC-002744#NPFF1-RAT#Q9EP86",1
"GO:0043542","GO:0043542","endothelial cell migration","1/87","26/6213",0.0384615384615385,2.74668435013263,1.0635254786679,0.307462833634221,0.501446547333756,0.409615974245738,"XLOC-006335#GREM1-CHICK#O73755",1
"GO:0045646","GO:0045646","regulation of erythrocyte differentiation","1/87","26/6213",0.0384615384615385,2.74668435013263,1.0635254786679,0.307462833634221,0.501446547333756,0.409615974245738,"XLOC-022918#XLOC-022918",1
"GO:0048730","GO:0048730","epidermis morphogenesis","1/87","26/6213",0.0384615384615385,2.74668435013263,1.0635254786679,0.307462833634221,0.501446547333756,0.409615974245738,"XLOC-010665#MYC-MARMO#P22555",1
"GO:0055117","GO:0055117","regulation of cardiac muscle contraction","1/87","26/6213",0.0384615384615385,2.74668435013263,1.0635254786679,0.307462833634221,0.501446547333756,0.409615974245738,"XLOC-023090#KCC2A-HUMAN#Q9UQM7",1
"GO:0060438","GO:0060438","trachea development","1/87","26/6213",0.0384615384615385,2.74668435013263,1.0635254786679,0.307462833634221,0.501446547333756,0.409615974245738,"XLOC-020834#BMP15-BOVIN#Q6PX77",1
"GO:0070821","GO:0070821","tertiary granule membrane","1/87","26/6213",0.0384615384615385,2.74668435013263,1.0635254786679,0.307462833634221,0.501446547333756,0.409615974245738,"XLOC-026123#MGA-HUMAN#O43451",1
"GO:0070986","GO:0070986","left/right axis specification","1/87","26/6213",0.0384615384615385,2.74668435013263,1.0635254786679,0.307462833634221,0.501446547333756,0.409615974245738,"XLOC-020923#WNT11-HUMAN#O96014",1
"GO:0071320","GO:0071320","cellular response to cAMP","1/87","26/6213",0.0384615384615385,2.74668435013263,1.0635254786679,0.307462833634221,0.501446547333756,0.409615974245738,"XLOC-003038#INHBA-MOUSE#Q04998",1
"GO:1901224","GO:1901224","positive regulation of non-canonical NF-kappaB signal transduction","1/87","26/6213",0.0384615384615385,2.74668435013263,1.0635254786679,0.307462833634221,0.501446547333756,0.409615974245738,"XLOC-006335#GREM1-CHICK#O73755",1
"GO:1903307","GO:1903307","positive regulation of regulated secretory pathway","1/87","26/6213",0.0384615384615385,2.74668435013263,1.0635254786679,0.307462833634221,0.501446547333756,0.409615974245738,"XLOC-011874#SY65-APLCA#P41823",1
"GO:1904063","GO:1904063","negative regulation of cation transmembrane transport","1/87","26/6213",0.0384615384615385,2.74668435013263,1.0635254786679,0.307462833634221,0.501446547333756,0.409615974245738,"XLOC-023090#KCC2A-HUMAN#Q9UQM7",1
"GO:0001558","GO:0001558","regulation of cell growth","5/87","263/6213",0.0190114068441065,1.3576766749705,0.706312454969152,0.30758200414794,0.501446547333756,0.409615974245738,"XLOC-008044#MOM5-CAEEL#A0A0K3AWM6/XLOC-006335#GREM1-CHICK#O73755/XLOC-022943#NR2E3-MOUSE#Q9QXZ7/XLOC-011360#XLOC-011360/XLOC-023090#KCC2A-HUMAN#Q9UQM7",5
"GO:0007309","GO:0007309","oocyte axis specification","2/87","80/6213",0.025,1.78534482758621,0.842472536804777,0.308926749443032,0.502203997812518,0.410234711810989,"XLOC-020834#BMP15-BOVIN#Q6PX77/XLOC-000223#BMP1-MOUSE#P98063",2
"GO:0042752","GO:0042752","regulation of circadian rhythm","2/87","80/6213",0.025,1.78534482758621,0.842472536804777,0.308926749443032,0.502203997812518,0.410234711810989,"XLOC-013477#SIX1B-DANRE#Q6NZ04/XLOC-022943#NR2E3-MOUSE#Q9QXZ7",2
"GO:0050905","GO:0050905","neuromuscular process","2/87","80/6213",0.025,1.78534482758621,0.842472536804777,0.308926749443032,0.502203997812518,0.410234711810989,"XLOC-013035#HXA4-LINSA#P81192/XLOC-015788#OTOF-HUMAN#Q9HC10",2
"GO:0051048","GO:0051048","negative regulation of secretion","2/87","80/6213",0.025,1.78534482758621,0.842472536804777,0.308926749443032,0.502203997812518,0.410234711810989,"XLOC-003038#INHBA-MOUSE#Q04998/XLOC-010538#LSHR-CHICK#Q90674",2
"GO:1904950","GO:1904950","negative regulation of establishment of protein localization","2/87","80/6213",0.025,1.78534482758621,0.842472536804777,0.308926749443032,0.502203997812518,0.410234711810989,"XLOC-003038#INHBA-MOUSE#Q04998/XLOC-010538#LSHR-CHICK#Q90674",2
"GO:0046883","GO:0046883","regulation of hormone secretion","3/87","140/6213",0.0214285714285714,1.53029556650246,0.756253203123892,0.312348542263821,0.507477443666676,0.414542424512709,"XLOC-020834#BMP15-BOVIN#Q6PX77/XLOC-003038#INHBA-MOUSE#Q04998/XLOC-011874#SY65-APLCA#P41823",3
"GO:0042176","GO:0042176","regulation of protein catabolic process","4/87","202/6213",0.0198019801980198,1.41413451689997,0.713067435613307,0.313439876638959,0.507557361158317,0.414607706607823,"XLOC-021454#SPB3-HUMAN#P29508/XLOC-009823#GSH1-HUMAN#P48506/XLOC-016437#UBP14-PANTR#P60051/gene-evm.model.ptg000021l.117#UFD1-RAT#Q9ES53",4
"GO:0002831","GO:0002831","regulation of response to biotic stimulus","2/87","81/6213",0.0246913580246914,1.76330353341848,0.823996871380505,0.314112142345873,0.507557361158317,0.414607706607823,"XLOC-023693#TRLF-DESRO#K9IMD0/gene-evm.model.ptg000021l.117#UFD1-RAT#Q9ES53",2
"GO:1903530","GO:1903530","regulation of secretion by cell","6/87","330/6213",0.0181818181818182,1.29843260188088,0.663881649946566,0.315456337858364,0.507557361158317,0.414607706607823,"XLOC-020834#BMP15-BOVIN#Q6PX77/XLOC-003038#INHBA-MOUSE#Q04998/XLOC-010538#LSHR-CHICK#Q90674/XLOC-011874#SY65-APLCA#P41823/XLOC-010031#ACHB4-BOVIN#Q8SPU6/XLOC-025964#NEC1-HUMAN#P29120",6
"GO:0005198","GO:0005198","structural molecule activity","5/87","266/6213",0.018796992481203,1.3423645320197,0.68009169169906,0.315909621273471,0.507557361158317,0.414607706607823,"XLOC-004696#MYS-ARGIR#P24733/XLOC-018113#MYL6B-HUMAN#P14649/XLOC-016635#MYL1-DANRE#Q6P0G6/gene-evm.model.ptg000006l.277#gene-evm.model.ptg000006l.277/gene-evm.model.ptg000032l.233#LAMC1-XENTR#A0JP86",5
"GO:0010959","GO:0010959","regulation of metal ion transport","3/87","141/6213",0.0212765957446809,1.51944240645635,0.743477671911817,0.316207209455105,0.507557361158317,0.414607706607823,"XLOC-025132#PPN1-CAEEL#O76840/XLOC-020834#BMP15-BOVIN#Q6PX77/XLOC-023090#KCC2A-HUMAN#Q9UQM7",3
"GO:0002090","GO:0002090","regulation of receptor internalization","1/87","27/6213",0.037037037037037,2.64495530012771,1.02074645147171,0.317201112844472,0.507557361158317,0.414607706607823,"XLOC-006335#GREM1-CHICK#O73755",1
"GO:0007200","GO:0007200","phospholipase C-activating G protein-coupled receptor signaling pathway","1/87","27/6213",0.037037037037037,2.64495530012771,1.02074645147171,0.317201112844472,0.507557361158317,0.414607706607823,"XLOC-016414#GRM4-MOUSE#Q68EF4",1
"GO:0008235","GO:0008235","metalloexopeptidase activity","1/87","27/6213",0.037037037037037,2.64495530012771,1.02074645147171,0.317201112844472,0.507557361158317,0.414607706607823,"XLOC-004937#FOLH1-RAT#P70627",1
"GO:0016248","GO:0016248","channel inhibitor activity","1/87","27/6213",0.037037037037037,2.64495530012771,1.02074645147171,0.317201112844472,0.507557361158317,0.414607706607823,"XLOC-023090#KCC2A-HUMAN#Q9UQM7",1
"GO:0032410","GO:0032410","negative regulation of transporter activity","1/87","27/6213",0.037037037037037,2.64495530012771,1.02074645147171,0.317201112844472,0.507557361158317,0.414607706607823,"XLOC-023090#KCC2A-HUMAN#Q9UQM7",1
"GO:0035094","GO:0035094","response to nicotine","1/87","27/6213",0.037037037037037,2.64495530012771,1.02074645147171,0.317201112844472,0.507557361158317,0.414607706607823,"XLOC-010031#ACHB4-BOVIN#Q8SPU6",1
"GO:0035166","GO:0035166","post-embryonic hemopoiesis","1/87","27/6213",0.037037037037037,2.64495530012771,1.02074645147171,0.317201112844472,0.507557361158317,0.414607706607823,"XLOC-020834#BMP15-BOVIN#Q6PX77",1
"GO:0035306","GO:0035306","positive regulation of dephosphorylation","1/87","27/6213",0.037037037037037,2.64495530012771,1.02074645147171,0.317201112844472,0.507557361158317,0.414607706607823,"XLOC-020834#BMP15-BOVIN#Q6PX77",1
"GO:0035317","GO:0035317","imaginal disc-derived wing hair organization","1/87","27/6213",0.037037037037037,2.64495530012771,1.02074645147171,0.317201112844472,0.507557361158317,0.414607706607823,"XLOC-008044#MOM5-CAEEL#A0A0K3AWM6",1
"GO:0042455","GO:0042455","ribonucleoside biosynthetic process","1/87","27/6213",0.037037037037037,2.64495530012771,1.02074645147171,0.317201112844472,0.507557361158317,0.414607706607823,"XLOC-016646#ADK-PHYPA#O49923",1
"GO:0043038","GO:0043038","amino acid activation","1/87","27/6213",0.037037037037037,2.64495530012771,1.02074645147171,0.317201112844472,0.507557361158317,0.414607706607823,"XLOC-002744#NPFF1-RAT#Q9EP86",1
"GO:0045912","GO:0045912","negative regulation of carbohydrate metabolic process","1/87","27/6213",0.037037037037037,2.64495530012771,1.02074645147171,0.317201112844472,0.507557361158317,0.414607706607823,"gene-evm.model.ptg000030l.120#PGP-CHICK#Q5F4B1",1
"GO:0046843","GO:0046843","dorsal appendage formation","1/87","27/6213",0.037037037037037,2.64495530012771,1.02074645147171,0.317201112844472,0.507557361158317,0.414607706607823,"XLOC-020834#BMP15-BOVIN#Q6PX77",1
"GO:0046850","GO:0046850","regulation of bone remodeling","1/87","27/6213",0.037037037037037,2.64495530012771,1.02074645147171,0.317201112844472,0.507557361158317,0.414607706607823,"XLOC-006335#GREM1-CHICK#O73755",1
"GO:0048619","GO:0048619","embryonic hindgut morphogenesis","1/87","27/6213",0.037037037037037,2.64495530012771,1.02074645147171,0.317201112844472,0.507557361158317,0.414607706607823,"XLOC-020834#BMP15-BOVIN#Q6PX77",1
"GO:0050433","GO:0050433","regulation of catecholamine secretion","1/87","27/6213",0.037037037037037,2.64495530012771,1.02074645147171,0.317201112844472,0.507557361158317,0.414607706607823,"XLOC-010031#ACHB4-BOVIN#Q8SPU6",1
"GO:0050868","GO:0050868","negative regulation of T cell activation","1/87","27/6213",0.037037037037037,2.64495530012771,1.02074645147171,0.317201112844472,0.507557361158317,0.414607706607823,"XLOC-020834#BMP15-BOVIN#Q6PX77",1
"GO:0051055","GO:0051055","negative regulation of lipid biosynthetic process","1/87","27/6213",0.037037037037037,2.64495530012771,1.02074645147171,0.317201112844472,0.507557361158317,0.414607706607823,"XLOC-020834#BMP15-BOVIN#Q6PX77",1
"GO:0051279","GO:0051279","regulation of release of sequestered calcium ion into cytosol","1/87","27/6213",0.037037037037037,2.64495530012771,1.02074645147171,0.317201112844472,0.507557361158317,0.414607706607823,"XLOC-023090#KCC2A-HUMAN#Q9UQM7",1
"GO:0060324","GO:0060324","face development","1/87","27/6213",0.037037037037037,2.64495530012771,1.02074645147171,0.317201112844472,0.507557361158317,0.414607706607823,"XLOC-004696#MYS-ARGIR#P24733",1
"GO:0061098","GO:0061098","positive regulation of protein tyrosine kinase activity","1/87","27/6213",0.037037037037037,2.64495530012771,1.02074645147171,0.317201112844472,0.507557361158317,0.414607706607823,"XLOC-006335#GREM1-CHICK#O73755",1
"GO:0106027","GO:0106027","neuron projection organization","1/87","27/6213",0.037037037037037,2.64495530012771,1.02074645147171,0.317201112844472,0.507557361158317,0.414607706607823,"XLOC-010031#ACHB4-BOVIN#Q8SPU6",1
"GO:0007308","GO:0007308","oocyte construction","2/87","82/6213",0.024390243902439,1.74179983179142,0.805776973028274,0.319289575772084,0.510040962865485,0.416636483031411,"XLOC-020834#BMP15-BOVIN#Q6PX77/XLOC-000223#BMP1-MOUSE#P98063",2
"GO:0030308","GO:0030308","negative regulation of cell growth","2/87","82/6213",0.024390243902439,1.74179983179142,0.805776973028274,0.319289575772084,0.510040962865485,0.416636483031411,"XLOC-006335#GREM1-CHICK#O73755/XLOC-011360#XLOC-011360",2
"GO:0045727","GO:0045727","positive regulation of translation","2/87","82/6213",0.024390243902439,1.74179983179142,0.805776973028274,0.319289575772084,0.510040962865485,0.416636483031411,"XLOC-016472#COMP-MOUSE#Q9R0G6/gene-evm.model.ptg000002l.349#ADT1-CAEEL#G5ECS8",2
"GO:0033673","GO:0033673","negative regulation of kinase activity","3/87","143/6213",0.020979020979021,1.49819146370871,0.718218865560356,0.323928258830128,0.514838118134558,0.420555128876312,"XLOC-020834#BMP15-BOVIN#Q6PX77/XLOC-020938#SPB6-MOUSE#Q60854/XLOC-006685#KAPR-STRPU#Q26619",3
"GO:0050770","GO:0050770","regulation of axonogenesis","3/87","143/6213",0.020979020979021,1.49819146370871,0.718218865560356,0.323928258830128,0.514838118134558,0.420555128876312,"XLOC-008044#MOM5-CAEEL#A0A0K3AWM6/XLOC-022943#NR2E3-MOUSE#Q9QXZ7/XLOC-020923#WNT11-HUMAN#O96014",3
"GO:0051606","GO:0051606","detection of stimulus","3/87","143/6213",0.020979020979021,1.49819146370871,0.718218865560356,0.323928258830128,0.514838118134558,0.420555128876312,"XLOC-011874#SY65-APLCA#P41823/gene-evm.model.ptg000032l.233#LAMC1-XENTR#A0JP86/XLOC-010665#MYC-MARMO#P22555",3
"GO:0043235","GO:0043235","receptor complex","2/87","83/6213",0.0240963855421687,1.72081429164936,0.787805577834086,0.324458262177701,0.514838118134558,0.420555128876312,"XLOC-020834#BMP15-BOVIN#Q6PX77/XLOC-010031#ACHB4-BOVIN#Q8SPU6",2
"GO:0071383","GO:0071383","cellular response to steroid hormone stimulus","2/87","83/6213",0.0240963855421687,1.72081429164936,0.787805577834086,0.324458262177701,0.514838118134558,0.420555128876312,"XLOC-020834#BMP15-BOVIN#Q6PX77/XLOC-022275#T53I2-HUMAN#Q8IXH6",2
"GO:0071482","GO:0071482","cellular response to light stimulus","2/87","83/6213",0.0240963855421687,1.72081429164936,0.787805577834086,0.324458262177701,0.514838118134558,0.420555128876312,"XLOC-022275#T53I2-HUMAN#Q8IXH6/XLOC-010665#MYC-MARMO#P22555",2
"GO:0001725","GO:0001725","stress fiber","1/87","28/6213",0.0357142857142857,2.55049261083744,0.979863810670827,0.326804006989725,0.514838118134558,0.420555128876312,"XLOC-004696#MYS-ARGIR#P24733",1
"GO:0003725","GO:0003725","double-stranded RNA binding","1/87","28/6213",0.0357142857142857,2.55049261083744,0.979863810670827,0.326804006989725,0.514838118134558,0.420555128876312,"XLOC-004696#MYS-ARGIR#P24733",1
"GO:0005230","GO:0005230","extracellular ligand-gated monoatomic ion channel activity","1/87","28/6213",0.0357142857142857,2.55049261083744,0.979863810670827,0.326804006989725,0.514838118134558,0.420555128876312,"XLOC-010031#ACHB4-BOVIN#Q8SPU6",1
"GO:0005703","GO:0005703","polytene chromosome puff","1/87","28/6213",0.0357142857142857,2.55049261083744,0.979863810670827,0.326804006989725,0.514838118134558,0.420555128876312,"XLOC-004696#MYS-ARGIR#P24733",1
"GO:0005801","GO:0005801","cis-Golgi network","1/87","28/6213",0.0357142857142857,2.55049261083744,0.979863810670827,0.326804006989725,0.514838118134558,0.420555128876312,"XLOC-009355#B3GA3-HUMAN#O94766",1
"GO:0006023","GO:0006023","aminoglycan biosynthetic process","1/87","28/6213",0.0357142857142857,2.55049261083744,0.979863810670827,0.326804006989725,0.514838118134558,0.420555128876312,"XLOC-009355#B3GA3-HUMAN#O94766",1
"GO:0006099","GO:0006099","tricarboxylic acid cycle","1/87","28/6213",0.0357142857142857,2.55049261083744,0.979863810670827,0.326804006989725,0.514838118134558,0.420555128876312,"XLOC-009352#ODO1-BOVIN#Q148N0",1
"GO:0006111","GO:0006111","regulation of gluconeogenesis","1/87","28/6213",0.0357142857142857,2.55049261083744,0.979863810670827,0.326804006989725,0.514838118134558,0.420555128876312,"gene-evm.model.ptg000030l.120#PGP-CHICK#Q5F4B1",1
"GO:0007044","GO:0007044","cell-substrate junction assembly","1/87","28/6213",0.0357142857142857,2.55049261083744,0.979863810670827,0.326804006989725,0.514838118134558,0.420555128876312,"gene-evm.model.ptg000032l.233#LAMC1-XENTR#A0JP86",1
"GO:0020037","GO:0020037","heme binding","1/87","28/6213",0.0357142857142857,2.55049261083744,0.979863810670827,0.326804006989725,0.514838118134558,0.420555128876312,"XLOC-022943#NR2E3-MOUSE#Q9QXZ7",1
"GO:0033077","GO:0033077","T cell differentiation in thymus","1/87","28/6213",0.0357142857142857,2.55049261083744,0.979863810670827,0.326804006989725,0.514838118134558,0.420555128876312,"XLOC-008044#MOM5-CAEEL#A0A0K3AWM6",1
"GO:0035215","GO:0035215","genital disc development","1/87","28/6213",0.0357142857142857,2.55049261083744,0.979863810670827,0.326804006989725,0.514838118134558,0.420555128876312,"XLOC-020834#BMP15-BOVIN#Q6PX77",1
"GO:0035316","GO:0035316","non-sensory hair organization","1/87","28/6213",0.0357142857142857,2.55049261083744,0.979863810670827,0.326804006989725,0.514838118134558,0.420555128876312,"XLOC-008044#MOM5-CAEEL#A0A0K3AWM6",1
"GO:0045138","GO:0045138","nematode male tail tip morphogenesis","1/87","28/6213",0.0357142857142857,2.55049261083744,0.979863810670827,0.326804006989725,0.514838118134558,0.420555128876312,"XLOC-020834#BMP15-BOVIN#Q6PX77",1
"GO:0061337","GO:0061337","cardiac conduction","1/87","28/6213",0.0357142857142857,2.55049261083744,0.979863810670827,0.326804006989725,0.514838118134558,0.420555128876312,"XLOC-023090#KCC2A-HUMAN#Q9UQM7",1
"GO:0090278","GO:0090278","negative regulation of peptide hormone secretion","1/87","28/6213",0.0357142857142857,2.55049261083744,0.979863810670827,0.326804006989725,0.514838118134558,0.420555128876312,"XLOC-003038#INHBA-MOUSE#Q04998",1
"GO:0097517","GO:0097517","contractile actin filament bundle","1/87","28/6213",0.0357142857142857,2.55049261083744,0.979863810670827,0.326804006989725,0.514838118134558,0.420555128876312,"XLOC-004696#MYS-ARGIR#P24733",1
"GO:1902305","GO:1902305","regulation of sodium ion transmembrane transport","1/87","28/6213",0.0357142857142857,2.55049261083744,0.979863810670827,0.326804006989725,0.514838118134558,0.420555128876312,"XLOC-023090#KCC2A-HUMAN#Q9UQM7",1
"GO:1903580","GO:1903580","positive regulation of ATP metabolic process","1/87","28/6213",0.0357142857142857,2.55049261083744,0.979863810670827,0.326804006989725,0.514838118134558,0.420555128876312,"XLOC-010665#MYC-MARMO#P22555",1
"GO:0006351","GO:0006351","DNA-templated transcription","7/87","400/6213",0.0175,1.24974137931034,0.615328731106946,0.327188231348345,0.515158953662708,0.420817209367512,"XLOC-001125#PITX3-HUMAN#O75364/XLOC-013477#SIX1B-DANRE#Q6NZ04/XLOC-013652#HXD3-HAPBU#A8DT10/XLOC-013035#HXA4-LINSA#P81192/XLOC-006585#OTX1-HUMAN#P32242/novel-gene-chr14-4172#SIX2-MOUSE#Q62232/XLOC-010665#MYC-MARMO#P22555",7
"GO:0030516","GO:0030516","regulation of axon extension","2/87","84/6213",0.0238095238095238,1.70032840722496,0.770075716898712,0.329617437114481,0.517555612596376,0.422774964963336,"XLOC-008044#MOM5-CAEEL#A0A0K3AWM6/XLOC-022943#NR2E3-MOUSE#Q9QXZ7",2
"GO:0035272","GO:0035272","exocrine system development","2/87","84/6213",0.0238095238095238,1.70032840722496,0.770075716898712,0.329617437114481,0.517555612596376,0.422774964963336,"XLOC-008044#MOM5-CAEEL#A0A0K3AWM6/gene-evm.model.ptg000032l.233#LAMC1-XENTR#A0JP86",2
"GO:0098858","GO:0098858","actin-based cell projection","2/87","84/6213",0.0238095238095238,1.70032840722496,0.770075716898712,0.329617437114481,0.517555612596376,0.422774964963336,"XLOC-015786#XLOC-015786/XLOC-004104#XLOC-004104",2
"GO:1901800","GO:1901800","positive regulation of proteasomal protein catabolic process","2/87","84/6213",0.0238095238095238,1.70032840722496,0.770075716898712,0.329617437114481,0.517555612596376,0.422774964963336,"XLOC-009823#GSH1-HUMAN#P48506/gene-evm.model.ptg000021l.117#UFD1-RAT#Q9ES53",2
"GO:1905039","GO:1905039","carboxylic acid transmembrane transport","2/87","84/6213",0.0238095238095238,1.70032840722496,0.770075716898712,0.329617437114481,0.517555612596376,0.422774964963336,"XLOC-020299#SC5A7-DROME#Q9VE46/XLOC-010665#MYC-MARMO#P22555",2
"GO:0032774","GO:0032774","RNA biosynthetic process","7/87","403/6213",0.0173697270471464,1.24043809360828,0.594777575633777,0.334102458653905,0.520275457484992,0.424996721040372,"XLOC-001125#PITX3-HUMAN#O75364/XLOC-013477#SIX1B-DANRE#Q6NZ04/XLOC-013652#HXD3-HAPBU#A8DT10/XLOC-013035#HXA4-LINSA#P81192/XLOC-006585#OTX1-HUMAN#P32242/novel-gene-chr14-4172#SIX2-MOUSE#Q62232/XLOC-010665#MYC-MARMO#P22555",7
"GO:0006479","GO:0006479","protein methylation","2/87","85/6213",0.0235294117647059,1.68032454361055,0.752580700926307,0.334766358750519,0.520275457484992,0.424996721040372,"XLOC-021709#BHMT1-BOVIN#Q5I597/XLOC-006644#FBX11-RAT#Q7TSL3",2
"GO:0008213","GO:0008213","protein alkylation","2/87","85/6213",0.0235294117647059,1.68032454361055,0.752580700926307,0.334766358750519,0.520275457484992,0.424996721040372,"XLOC-021709#BHMT1-BOVIN#Q5I597/XLOC-006644#FBX11-RAT#Q7TSL3",2
"GO:0034329","GO:0034329","cell junction assembly","2/87","85/6213",0.0235294117647059,1.68032454361055,0.752580700926307,0.334766358750519,0.520275457484992,0.424996721040372,"XLOC-023693#TRLF-DESRO#K9IMD0/gene-evm.model.ptg000032l.233#LAMC1-XENTR#A0JP86",2
"GO:0050839","GO:0050839","cell adhesion molecule binding","2/87","85/6213",0.0235294117647059,1.68032454361055,0.752580700926307,0.334766358750519,0.520275457484992,0.424996721040372,"XLOC-016472#COMP-MOUSE#Q9R0G6/gene-evm.model.ptg000002l.349#ADT1-CAEEL#G5ECS8",2
"GO:0051896","GO:0051896","regulation of phosphatidylinositol 3-kinase/protein kinase B signal transduction","2/87","85/6213",0.0235294117647059,1.68032454361055,0.752580700926307,0.334766358750519,0.520275457484992,0.424996721040372,"XLOC-016472#COMP-MOUSE#Q9R0G6/gene-evm.model.ptg000002l.349#ADT1-CAEEL#G5ECS8",2
"GO:0097327","GO:0097327","response to antineoplastic agent","2/87","85/6213",0.0235294117647059,1.68032454361055,0.752580700926307,0.334766358750519,0.520275457484992,0.424996721040372,"XLOC-020834#BMP15-BOVIN#Q6PX77/XLOC-010665#MYC-MARMO#P22555",2
"GO:0016579","GO:0016579","protein deubiquitination","3/87","146/6213",0.0205479452054795,1.4674067076051,0.681037811115303,0.335513203604022,0.520275457484992,0.424996721040372,"XLOC-016437#UBP14-PANTR#P60051/XLOC-010665#MYC-MARMO#P22555/gene-evm.model.ptg000021l.117#UFD1-RAT#Q9ES53",3
"GO:0001540","GO:0001540","amyloid-beta binding","1/87","29/6213",0.0344827586206897,2.46254458977408,0.940719675908206,0.336273376656967,0.520275457484992,0.424996721040372,"XLOC-010031#ACHB4-BOVIN#Q8SPU6",1
"GO:0001942","GO:0001942","hair follicle development","1/87","29/6213",0.0344827586206897,2.46254458977408,0.940719675908206,0.336273376656967,0.520275457484992,0.424996721040372,"XLOC-010538#LSHR-CHICK#Q90674",1
"GO:0005326","GO:0005326","neurotransmitter transmembrane transporter activity","1/87","29/6213",0.0344827586206897,2.46254458977408,0.940719675908206,0.336273376656967,0.520275457484992,0.424996721040372,"XLOC-020299#SC5A7-DROME#Q9VE46",1
"GO:0006110","GO:0006110","regulation of glycolytic process","1/87","29/6213",0.0344827586206897,2.46254458977408,0.940719675908206,0.336273376656967,0.520275457484992,0.424996721040372,"XLOC-010665#MYC-MARMO#P22555",1
"GO:0008049","GO:0008049","male courtship behavior","1/87","29/6213",0.0344827586206897,2.46254458977408,0.940719675908206,0.336273376656967,0.520275457484992,0.424996721040372,"XLOC-023090#KCC2A-HUMAN#Q9UQM7",1
"GO:0014014","GO:0014014","negative regulation of gliogenesis","1/87","29/6213",0.0344827586206897,2.46254458977408,0.940719675908206,0.336273376656967,0.520275457484992,0.424996721040372,"XLOC-020834#BMP15-BOVIN#Q6PX77",1
"GO:0030166","GO:0030166","proteoglycan biosynthetic process","1/87","29/6213",0.0344827586206897,2.46254458977408,0.940719675908206,0.336273376656967,0.520275457484992,0.424996721040372,"XLOC-009355#B3GA3-HUMAN#O94766",1
"GO:0030276","GO:0030276","clathrin binding","1/87","29/6213",0.0344827586206897,2.46254458977408,0.940719675908206,0.336273376656967,0.520275457484992,0.424996721040372,"XLOC-011874#SY65-APLCA#P41823",1
"GO:0030539","GO:0030539","male genitalia development","1/87","29/6213",0.0344827586206897,2.46254458977408,0.940719675908206,0.336273376656967,0.520275457484992,0.424996721040372,"XLOC-010538#LSHR-CHICK#Q90674",1
"GO:0030811","GO:0030811","regulation of nucleotide catabolic process","1/87","29/6213",0.0344827586206897,2.46254458977408,0.940719675908206,0.336273376656967,0.520275457484992,0.424996721040372,"XLOC-010665#MYC-MARMO#P22555",1
"GO:0032370","GO:0032370","positive regulation of lipid transport","1/87","29/6213",0.0344827586206897,2.46254458977408,0.940719675908206,0.336273376656967,0.520275457484992,0.424996721040372,"XLOC-020834#BMP15-BOVIN#Q6PX77",1
"GO:0043531","GO:0043531","ADP binding","1/87","29/6213",0.0344827586206897,2.46254458977408,0.940719675908206,0.336273376656967,0.520275457484992,0.424996721040372,"XLOC-009823#GSH1-HUMAN#P48506",1
"GO:0045981","GO:0045981","positive regulation of nucleotide metabolic process","1/87","29/6213",0.0344827586206897,2.46254458977408,0.940719675908206,0.336273376656967,0.520275457484992,0.424996721040372,"XLOC-010665#MYC-MARMO#P22555",1
"GO:0046906","GO:0046906","tetrapyrrole binding","1/87","29/6213",0.0344827586206897,2.46254458977408,0.940719675908206,0.336273376656967,0.520275457484992,0.424996721040372,"XLOC-022943#NR2E3-MOUSE#Q9QXZ7",1
"GO:0048146","GO:0048146","positive regulation of fibroblast proliferation","1/87","29/6213",0.0344827586206897,2.46254458977408,0.940719675908206,0.336273376656967,0.520275457484992,0.424996721040372,"XLOC-010665#MYC-MARMO#P22555",1
"GO:0060590","GO:0060590","ATPase regulator activity","1/87","29/6213",0.0344827586206897,2.46254458977408,0.940719675908206,0.336273376656967,0.520275457484992,0.424996721040372,"gene-evm.model.ptg000012l.503-1#DJC10-XENLA#Q6NRT6",1
"GO:0090162","GO:0090162","establishment of epithelial cell polarity","1/87","29/6213",0.0344827586206897,2.46254458977408,0.940719675908206,0.336273376656967,0.520275457484992,0.424996721040372,"XLOC-008044#MOM5-CAEEL#A0A0K3AWM6",1
"GO:1900544","GO:1900544","positive regulation of purine nucleotide metabolic process","1/87","29/6213",0.0344827586206897,2.46254458977408,0.940719675908206,0.336273376656967,0.520275457484992,0.424996721040372,"XLOC-010665#MYC-MARMO#P22555",1
"GO:1903038","GO:1903038","negative regulation of leukocyte cell-cell adhesion","1/87","29/6213",0.0344827586206897,2.46254458977408,0.940719675908206,0.336273376656967,0.520275457484992,0.424996721040372,"XLOC-020834#BMP15-BOVIN#Q6PX77",1
"GO:0002791","GO:0002791","regulation of peptide secretion","4/87","210/6213",0.019047619047619,1.36026272577997,0.632894993040403,0.339057684403375,0.524298955882291,0.428283390825315,"XLOC-003038#INHBA-MOUSE#Q04998/XLOC-010538#LSHR-CHICK#Q90674/XLOC-011874#SY65-APLCA#P41823/XLOC-025964#NEC1-HUMAN#P29120",4
"GO:0016358","GO:0016358","dendrite development","3/87","147/6213",0.0204081632653061,1.45742434904996,0.668826691694925,0.339374209438514,0.524504127588343,0.428450989163979,"XLOC-003038#INHBA-MOUSE#Q04998/XLOC-004104#XLOC-004104/XLOC-010031#ACHB4-BOVIN#Q8SPU6",3
"GO:0010950","GO:0010950","positive regulation of endopeptidase activity","2/87","86/6213",0.0232558139534884,1.6607858861267,0.735314105791189,0.339904307399496,0.524754864183313,0.428655808032858,"XLOC-020938#SPB6-MOUSE#Q60854/XLOC-010665#MYC-MARMO#P22555",2
"GO:0050863","GO:0050863","regulation of T cell activation","2/87","86/6213",0.0232558139534884,1.6607858861267,0.735314105791189,0.339904307399496,0.524754864183313,0.428655808032858,"XLOC-020834#BMP15-BOVIN#Q6PX77/XLOC-016646#ADK-PHYPA#O49923",2
"GO:0000082","GO:0000082","G1/S transition of mitotic cell cycle","2/87","87/6213",0.0229885057471264,1.64169639318272,0.718269759009994,0.345030585058446,0.527287885602952,0.430724953871247,"XLOC-010665#MYC-MARMO#P22555/XLOC-023090#KCC2A-HUMAN#Q9UQM7",2
"GO:0006816","GO:0006816","calcium ion transport","2/87","87/6213",0.0229885057471264,1.64169639318272,0.718269759009994,0.345030585058446,0.527287885602952,0.430724953871247,"XLOC-010031#ACHB4-BOVIN#Q8SPU6/XLOC-023090#KCC2A-HUMAN#Q9UQM7",2
"GO:0007596","GO:0007596","blood coagulation","2/87","87/6213",0.0229885057471264,1.64169639318272,0.718269759009994,0.345030585058446,0.527287885602952,0.430724953871247,"XLOC-026524#KLKB1-RAT#P14272/XLOC-006685#KAPR-STRPU#Q26619",2
"GO:0008360","GO:0008360","regulation of cell shape","2/87","87/6213",0.0229885057471264,1.64169639318272,0.718269759009994,0.345030585058446,0.527287885602952,0.430724953871247,"XLOC-020834#BMP15-BOVIN#Q6PX77/XLOC-004104#XLOC-004104",2
"GO:0009913","GO:0009913","epidermal cell differentiation","2/87","87/6213",0.0229885057471264,1.64169639318272,0.718269759009994,0.345030585058446,0.527287885602952,0.430724953871247,"XLOC-008044#MOM5-CAEEL#A0A0K3AWM6/XLOC-020923#WNT11-HUMAN#O96014",2
"GO:0050817","GO:0050817","coagulation","2/87","87/6213",0.0229885057471264,1.64169639318272,0.718269759009994,0.345030585058446,0.527287885602952,0.430724953871247,"XLOC-026524#KLKB1-RAT#P14272/XLOC-006685#KAPR-STRPU#Q26619",2
"GO:0097193","GO:0097193","intrinsic apoptotic signaling pathway","2/87","87/6213",0.0229885057471264,1.64169639318272,0.718269759009994,0.345030585058446,0.527287885602952,0.430724953871247,"gene-evm.model.ptg000012l.503-1#DJC10-XENLA#Q6NRT6/XLOC-010665#MYC-MARMO#P22555",2
"GO:0006101","GO:0006101","citrate metabolic process","1/87","30/6213",0.0333333333333333,2.38045977011494,0.903174385968015,0.345611057160014,0.527287885602952,0.430724953871247,"XLOC-009352#ODO1-BOVIN#Q148N0",1
"GO:0006301","GO:0006301","DNA damage tolerance","1/87","30/6213",0.0333333333333333,2.38045977011494,0.903174385968015,0.345611057160014,0.527287885602952,0.430724953871247,"gene-evm.model.ptg000021l.117#UFD1-RAT#Q9ES53",1
"GO:0016903","GO:0016903","oxidoreductase activity, acting on the aldehyde or oxo group of donors","1/87","30/6213",0.0333333333333333,2.38045977011494,0.903174385968015,0.345611057160014,0.527287885602952,0.430724953871247,"XLOC-009352#ODO1-BOVIN#Q148N0",1
"GO:0022405","GO:0022405","hair cycle process","1/87","30/6213",0.0333333333333333,2.38045977011494,0.903174385968015,0.345611057160014,0.527287885602952,0.430724953871247,"XLOC-010538#LSHR-CHICK#Q90674",1
"GO:0030512","GO:0030512","negative regulation of transforming growth factor beta receptor signaling pathway","1/87","30/6213",0.0333333333333333,2.38045977011494,0.903174385968015,0.345611057160014,0.527287885602952,0.430724953871247,"XLOC-018043#RSLBB-DANRE#Q6P0U3",1
"GO:0031648","GO:0031648","protein destabilization","1/87","30/6213",0.0333333333333333,2.38045977011494,0.903174385968015,0.345611057160014,0.527287885602952,0.430724953871247,"XLOC-020834#BMP15-BOVIN#Q6PX77",1
"GO:0032432","GO:0032432","actin filament bundle","1/87","30/6213",0.0333333333333333,2.38045977011494,0.903174385968015,0.345611057160014,0.527287885602952,0.430724953871247,"XLOC-004696#MYS-ARGIR#P24733",1
"GO:0032946","GO:0032946","positive regulation of mononuclear cell proliferation","1/87","30/6213",0.0333333333333333,2.38045977011494,0.903174385968015,0.345611057160014,0.527287885602952,0.430724953871247,"XLOC-016646#ADK-PHYPA#O49923",1
"GO:0046888","GO:0046888","negative regulation of hormone secretion","1/87","30/6213",0.0333333333333333,2.38045977011494,0.903174385968015,0.345611057160014,0.527287885602952,0.430724953871247,"XLOC-003038#INHBA-MOUSE#Q04998",1
"GO:0048525","GO:0048525","negative regulation of viral process","1/87","30/6213",0.0333333333333333,2.38045977011494,0.903174385968015,0.345611057160014,0.527287885602952,0.430724953871247,"XLOC-023693#TRLF-DESRO#K9IMD0",1
"GO:0050671","GO:0050671","positive regulation of lymphocyte proliferation","1/87","30/6213",0.0333333333333333,2.38045977011494,0.903174385968015,0.345611057160014,0.527287885602952,0.430724953871247,"XLOC-016646#ADK-PHYPA#O49923",1
"GO:0050729","GO:0050729","positive regulation of inflammatory response","1/87","30/6213",0.0333333333333333,2.38045977011494,0.903174385968015,0.345611057160014,0.527287885602952,0.430724953871247,"XLOC-026524#KLKB1-RAT#P14272",1
"GO:0051017","GO:0051017","actin filament bundle assembly","1/87","30/6213",0.0333333333333333,2.38045977011494,0.903174385968015,0.345611057160014,0.527287885602952,0.430724953871247,"XLOC-004104#XLOC-004104",1
"GO:0060071","GO:0060071","Wnt signaling pathway, planar cell polarity pathway","1/87","30/6213",0.0333333333333333,2.38045977011494,0.903174385968015,0.345611057160014,0.527287885602952,0.430724953871247,"XLOC-008044#MOM5-CAEEL#A0A0K3AWM6",1
"GO:0070665","GO:0070665","positive regulation of leukocyte proliferation","1/87","30/6213",0.0333333333333333,2.38045977011494,0.903174385968015,0.345611057160014,0.527287885602952,0.430724953871247,"XLOC-016646#ADK-PHYPA#O49923",1
"GO:0030135","GO:0030135","coated vesicle","3/87","149/6213",0.0201342281879195,1.4378616061097,0.644669698150294,0.347093008289502,0.529265821833217,0.432340668009203,"XLOC-008044#MOM5-CAEEL#A0A0K3AWM6/XLOC-020299#SC5A7-DROME#Q9VE46/XLOC-011874#SY65-APLCA#P41823",3
"GO:0051223","GO:0051223","regulation of protein transport","6/87","343/6213",0.0174927113702624,1.24922087061426,0.565847331112572,0.348152915283485,0.530598433388773,0.433429236638347,"XLOC-020834#BMP15-BOVIN#Q6PX77/XLOC-003038#INHBA-MOUSE#Q04998/XLOC-010538#LSHR-CHICK#Q90674/XLOC-011874#SY65-APLCA#P41823/XLOC-009355#B3GA3-HUMAN#O94766/XLOC-025964#NEC1-HUMAN#P29120",6
"GO:0030177","GO:0030177","positive regulation of Wnt signaling pathway","2/87","88/6213",0.0227272727272727,1.6230407523511,0.701441727052659,0.350144514953862,0.532779893953797,0.435211203428969,"XLOC-020834#BMP15-BOVIN#Q6PX77/XLOC-010538#LSHR-CHICK#Q90674",2
"GO:0031072","GO:0031072","heat shock protein binding","2/87","88/6213",0.0227272727272727,1.6230407523511,0.701441727052659,0.350144514953862,0.532779893953797,0.435211203428969,"gene-evm.model.ptg000012l.503-1#DJC10-XENLA#Q6NRT6/XLOC-009352#ODO1-BOVIN#Q148N0",2
"GO:0044843","GO:0044843","cell cycle G1/S phase transition","2/87","88/6213",0.0227272727272727,1.6230407523511,0.701441727052659,0.350144514953862,0.532779893953797,0.435211203428969,"XLOC-010665#MYC-MARMO#P22555/XLOC-023090#KCC2A-HUMAN#Q9UQM7",2
"GO:0000791","GO:0000791","euchromatin","1/87","31/6213",0.032258064516129,2.30367074527252,0.867103861140838,0.354818858878772,0.536174896388314,0.437984474552632,"XLOC-010665#MYC-MARMO#P22555",1
"GO:0015370","GO:0015370","solute:sodium symporter activity","1/87","31/6213",0.032258064516129,2.30367074527252,0.867103861140838,0.354818858878772,0.536174896388314,0.437984474552632,"XLOC-020299#SC5A7-DROME#Q9VE46",1
"GO:0021695","GO:0021695","cerebellar cortex development","1/87","31/6213",0.032258064516129,2.30367074527252,0.867103861140838,0.354818858878772,0.536174896388314,0.437984474552632,"XLOC-009352#ODO1-BOVIN#Q148N0",1
"GO:0032675","GO:0032675","regulation of interleukin-6 production","1/87","31/6213",0.032258064516129,2.30367074527252,0.867103861140838,0.354818858878772,0.536174896388314,0.437984474552632,"XLOC-010031#ACHB4-BOVIN#Q8SPU6",1
"GO:0042633","GO:0042633","hair cycle","1/87","31/6213",0.032258064516129,2.30367074527252,0.867103861140838,0.354818858878772,0.536174896388314,0.437984474552632,"XLOC-010538#LSHR-CHICK#Q90674",1
"GO:0045670","GO:0045670","regulation of osteoclast differentiation","1/87","31/6213",0.032258064516129,2.30367074527252,0.867103861140838,0.354818858878772,0.536174896388314,0.437984474552632,"XLOC-023693#TRLF-DESRO#K9IMD0",1
"GO:0045685","GO:0045685","regulation of glial cell differentiation","1/87","31/6213",0.032258064516129,2.30367074527252,0.867103861140838,0.354818858878772,0.536174896388314,0.437984474552632,"XLOC-020834#BMP15-BOVIN#Q6PX77",1
"GO:0048010","GO:0048010","vascular endothelial growth factor receptor signaling pathway","1/87","31/6213",0.032258064516129,2.30367074527252,0.867103861140838,0.354818858878772,0.536174896388314,0.437984474552632,"XLOC-004104#XLOC-004104",1
"GO:0048542","GO:0048542","lymph gland development","1/87","31/6213",0.032258064516129,2.30367074527252,0.867103861140838,0.354818858878772,0.536174896388314,0.437984474552632,"XLOC-020834#BMP15-BOVIN#Q6PX77",1
"GO:0048566","GO:0048566","embryonic digestive tract development","1/87","31/6213",0.032258064516129,2.30367074527252,0.867103861140838,0.354818858878772,0.536174896388314,0.437984474552632,"XLOC-013477#SIX1B-DANRE#Q6NZ04",1
"GO:0060999","GO:0060999","positive regulation of dendritic spine development","1/87","31/6213",0.032258064516129,2.30367074527252,0.867103861140838,0.354818858878772,0.536174896388314,0.437984474552632,"XLOC-004104#XLOC-004104",1
"GO:0061572","GO:0061572","actin filament bundle organization","1/87","31/6213",0.032258064516129,2.30367074527252,0.867103861140838,0.354818858878772,0.536174896388314,0.437984474552632,"XLOC-004104#XLOC-004104",1
"GO:1902742","GO:1902742","apoptotic process involved in development","1/87","31/6213",0.032258064516129,2.30367074527252,0.867103861140838,0.354818858878772,0.536174896388314,0.437984474552632,"XLOC-020834#BMP15-BOVIN#Q6PX77",1
"GO:0007599","GO:0007599","hemostasis","2/87","89/6213",0.0224719101123595,1.60480433940333,0.684824303431252,0.355245441096037,0.536251451559255,0.438047010073308,"XLOC-026524#KLKB1-RAT#P14272/XLOC-006685#KAPR-STRPU#Q26619",2
"GO:0050806","GO:0050806","positive regulation of synaptic transmission","2/87","89/6213",0.0224719101123595,1.60480433940333,0.684824303431252,0.355245441096037,0.536251451559255,0.438047010073308,"XLOC-004104#XLOC-004104/XLOC-010031#ACHB4-BOVIN#Q8SPU6",2
"GO:0004721","GO:0004721","phosphoprotein phosphatase activity","2/87","90/6213",0.0222222222222222,1.58697318007663,0.668411997510744,0.360332727841481,0.543068818030505,0.443615903156248,"XLOC-004696#MYS-ARGIR#P24733/gene-evm.model.ptg000030l.120#PGP-CHICK#Q5F4B1",2
"GO:0048167","GO:0048167","regulation of synaptic plasticity","2/87","90/6213",0.0222222222222222,1.58697318007663,0.668411997510744,0.360332727841481,0.543068818030505,0.443615903156248,"XLOC-004104#XLOC-004104/XLOC-010031#ACHB4-BOVIN#Q8SPU6",2
"GO:1903052","GO:1903052","positive regulation of proteolysis involved in protein catabolic process","2/87","90/6213",0.0222222222222222,1.58697318007663,0.668411997510744,0.360332727841481,0.543068818030505,0.443615903156248,"XLOC-009823#GSH1-HUMAN#P48506/gene-evm.model.ptg000021l.117#UFD1-RAT#Q9ES53",2
"GO:0070646","GO:0070646","protein modification by small protein removal","3/87","153/6213",0.0196078431372549,1.40027045300879,0.597378777325644,0.362507624691483,0.545561015946235,0.445651701553292,"XLOC-016437#UBP14-PANTR#P60051/XLOC-010665#MYC-MARMO#P22555/gene-evm.model.ptg000021l.117#UFD1-RAT#Q9ES53",3
"GO:0003208","GO:0003208","cardiac ventricle morphogenesis","1/87","32/6213",0.03125,2.23168103448276,0.83239741940311,0.363898567594001,0.545561015946235,0.445651701553292,"XLOC-004696#MYS-ARGIR#P24733",1
"GO:0007474","GO:0007474","imaginal disc-derived wing vein specification","1/87","32/6213",0.03125,2.23168103448276,0.83239741940311,0.363898567594001,0.545561015946235,0.445651701553292,"XLOC-020834#BMP15-BOVIN#Q6PX77",1
"GO:0007614","GO:0007614","short-term memory","1/87","32/6213",0.03125,2.23168103448276,0.83239741940311,0.363898567594001,0.545561015946235,0.445651701553292,"XLOC-010031#ACHB4-BOVIN#Q8SPU6",1
"GO:0035904","GO:0035904","aorta development","1/87","32/6213",0.03125,2.23168103448276,0.83239741940311,0.363898567594001,0.545561015946235,0.445651701553292,"XLOC-013477#SIX1B-DANRE#Q6NZ04",1
"GO:0042078","GO:0042078","germ-line stem cell division","1/87","32/6213",0.03125,2.23168103448276,0.83239741940311,0.363898567594001,0.545561015946235,0.445651701553292,"XLOC-020834#BMP15-BOVIN#Q6PX77",1
"GO:0060079","GO:0060079","excitatory postsynaptic potential","1/87","32/6213",0.03125,2.23168103448276,0.83239741940311,0.363898567594001,0.545561015946235,0.445651701553292,"XLOC-010031#ACHB4-BOVIN#Q8SPU6",1
"GO:0071385","GO:0071385","cellular response to glucocorticoid stimulus","1/87","32/6213",0.03125,2.23168103448276,0.83239741940311,0.363898567594001,0.545561015946235,0.445651701553292,"XLOC-020834#BMP15-BOVIN#Q6PX77",1
"GO:0098773","GO:0098773","skin epidermis development","1/87","32/6213",0.03125,2.23168103448276,0.83239741940311,0.363898567594001,0.545561015946235,0.445651701553292,"XLOC-010538#LSHR-CHICK#Q90674",1
"GO:1903845","GO:1903845","negative regulation of cellular response to transforming growth factor beta stimulus","1/87","32/6213",0.03125,2.23168103448276,0.83239741940311,0.363898567594001,0.545561015946235,0.445651701553292,"XLOC-018043#RSLBB-DANRE#Q6P0U3",1
"GO:0017145","GO:0017145","stem cell division","2/87","91/6213",0.021978021978022,1.5695339143615,0.652199523990396,0.365405759463289,0.546671542605539,0.446558855988586,"XLOC-020834#BMP15-BOVIN#Q6PX77/XLOC-008044#MOM5-CAEEL#A0A0K3AWM6",2
"GO:0051099","GO:0051099","positive regulation of binding","2/87","91/6213",0.021978021978022,1.5695339143615,0.652199523990396,0.365405759463289,0.546671542605539,0.446558855988586,"XLOC-020834#BMP15-BOVIN#Q6PX77/XLOC-010665#MYC-MARMO#P22555",2
"GO:0055037","GO:0055037","recycling endosome","2/87","91/6213",0.021978021978022,1.5695339143615,0.652199523990396,0.365405759463289,0.546671542605539,0.446558855988586,"XLOC-023693#TRLF-DESRO#K9IMD0/XLOC-008044#MOM5-CAEEL#A0A0K3AWM6",2
"GO:0060041","GO:0060041","retina development in camera-type eye","2/87","91/6213",0.021978021978022,1.5695339143615,0.652199523990396,0.365405759463289,0.546671542605539,0.446558855988586,"XLOC-020834#BMP15-BOVIN#Q6PX77/gene-evm.model.ptg000032l.233#LAMC1-XENTR#A0JP86",2
"GO:0006109","GO:0006109","regulation of carbohydrate metabolic process","2/87","92/6213",0.0217391304347826,1.55247376311844,0.636181793008643,0.37046393972932,0.552308721996226,0.45116369122056,"gene-evm.model.ptg000030l.120#PGP-CHICK#Q5F4B1/XLOC-010665#MYC-MARMO#P22555",2
"GO:0042593","GO:0042593","glucose homeostasis","2/87","92/6213",0.0217391304347826,1.55247376311844,0.636181793008643,0.37046393972932,0.552308721996226,0.45116369122056,"gene-evm.model.ptg000022l.478#GSH0-HUMAN#P48507/XLOC-009823#GSH1-HUMAN#P48506",2
"GO:0061387","GO:0061387","regulation of extent of cell growth","2/87","92/6213",0.0217391304347826,1.55247376311844,0.636181793008643,0.37046393972932,0.552308721996226,0.45116369122056,"XLOC-008044#MOM5-CAEEL#A0A0K3AWM6/XLOC-022943#NR2E3-MOUSE#Q9QXZ7",2
"GO:0008134","GO:0008134","transcription factor binding","6/87","352/6213",0.0170454545454545,1.21728056426332,0.500141860226389,0.371002231534832,0.552308721996226,0.45116369122056,"XLOC-006454#GSC-PONPY#A2T7P4/XLOC-001125#PITX3-HUMAN#O75364/XLOC-022275#T53I2-HUMAN#Q8IXH6/XLOC-013477#SIX1B-DANRE#Q6NZ04/XLOC-004104#XLOC-004104/XLOC-010665#MYC-MARMO#P22555",6
"GO:0022604","GO:0022604","regulation of cell morphogenesis","5/87","286/6213",0.0174825174825175,1.24849288642392,0.512703600478048,0.372031468925727,0.552308721996226,0.45116369122056,"XLOC-020834#BMP15-BOVIN#Q6PX77/XLOC-008044#MOM5-CAEEL#A0A0K3AWM6/XLOC-022943#NR2E3-MOUSE#Q9QXZ7/XLOC-020923#WNT11-HUMAN#O96014/XLOC-004104#XLOC-004104",5
"GO:0004497","GO:0004497","monooxygenase activity","1/87","33/6213",0.0303030303030303,2.16405433646813,0.798955956756603,0.372851944817642,0.552308721996226,0.45116369122056,"XLOC-020686#MOXD1-DANRE#Q5TZ24",1
"GO:0007266","GO:0007266","Rho protein signal transduction","1/87","33/6213",0.0303030303030303,2.16405433646813,0.798955956756603,0.372851944817642,0.552308721996226,0.45116369122056,"XLOC-004104#XLOC-004104",1
"GO:0009163","GO:0009163","nucleoside biosynthetic process","1/87","33/6213",0.0303030303030303,2.16405433646813,0.798955956756603,0.372851944817642,0.552308721996226,0.45116369122056,"XLOC-016646#ADK-PHYPA#O49923",1
"GO:0016234","GO:0016234","inclusion body","1/87","33/6213",0.0303030303030303,2.16405433646813,0.798955956756603,0.372851944817642,0.552308721996226,0.45116369122056,"XLOC-013652#HXD3-HAPBU#A8DT10",1
"GO:0016706","GO:0016706","2-oxoglutarate-dependent dioxygenase activity","1/87","33/6213",0.0303030303030303,2.16405433646813,0.798955956756603,0.372851944817642,0.552308721996226,0.45116369122056,"XLOC-022918#XLOC-022918",1
"GO:0019205","GO:0019205","nucleobase-containing compound kinase activity","1/87","33/6213",0.0303030303030303,2.16405433646813,0.798955956756603,0.372851944817642,0.552308721996226,0.45116369122056,"XLOC-016646#ADK-PHYPA#O49923",1
"GO:0033138","GO:0033138","positive regulation of peptidyl-serine phosphorylation","1/87","33/6213",0.0303030303030303,2.16405433646813,0.798955956756603,0.372851944817642,0.552308721996226,0.45116369122056,"XLOC-010031#ACHB4-BOVIN#Q8SPU6",1
"GO:0035222","GO:0035222","wing disc pattern formation","1/87","33/6213",0.0303030303030303,2.16405433646813,0.798955956756603,0.372851944817642,0.552308721996226,0.45116369122056,"XLOC-020834#BMP15-BOVIN#Q6PX77",1
"GO:0045446","GO:0045446","endothelial cell differentiation","1/87","33/6213",0.0303030303030303,2.16405433646813,0.798955956756603,0.372851944817642,0.552308721996226,0.45116369122056,"XLOC-000223#BMP1-MOUSE#P98063",1
"GO:0050830","GO:0050830","defense response to Gram-positive bacterium","1/87","33/6213",0.0303030303030303,2.16405433646813,0.798955956756603,0.372851944817642,0.552308721996226,0.45116369122056,"XLOC-020834#BMP15-BOVIN#Q6PX77",1
"GO:0050982","GO:0050982","detection of mechanical stimulus","1/87","33/6213",0.0303030303030303,2.16405433646813,0.798955956756603,0.372851944817642,0.552308721996226,0.45116369122056,"XLOC-010665#MYC-MARMO#P22555",1
"GO:0060119","GO:0060119","inner ear receptor cell development","1/87","33/6213",0.0303030303030303,2.16405433646813,0.798955956756603,0.372851944817642,0.552308721996226,0.45116369122056,"XLOC-008044#MOM5-CAEEL#A0A0K3AWM6",1
"GO:0099175","GO:0099175","regulation of postsynapse organization","1/87","33/6213",0.0303030303030303,2.16405433646813,0.798955956756603,0.372851944817642,0.552308721996226,0.45116369122056,"XLOC-004104#XLOC-004104",1
"GO:1900408","GO:1900408","negative regulation of cellular response to oxidative stress","1/87","33/6213",0.0303030303030303,2.16405433646813,0.798955956756603,0.372851944817642,0.552308721996226,0.45116369122056,"XLOC-008044#MOM5-CAEEL#A0A0K3AWM6",1
"GO:0009581","GO:0009581","detection of external stimulus","2/87","93/6213",0.021505376344086,1.53578049684835,0.620353900828103,0.375506691488064,0.55537614868608,0.453669375981323,"gene-evm.model.ptg000032l.233#LAMC1-XENTR#A0JP86/XLOC-010665#MYC-MARMO#P22555",2
"GO:0034620","GO:0034620","cellular response to unfolded protein","2/87","93/6213",0.021505376344086,1.53578049684835,0.620353900828103,0.375506691488064,0.55537614868608,0.453669375981323,"XLOC-009392#FKB14-HUMAN#Q9NWM8/gene-evm.model.ptg000001l.34#FKB2B-RHIO9#P0C1J5",2
"GO:0051480","GO:0051480","regulation of cytosolic calcium ion concentration","2/87","93/6213",0.021505376344086,1.53578049684835,0.620353900828103,0.375506691488064,0.55537614868608,0.453669375981323,"XLOC-020834#BMP15-BOVIN#Q6PX77/XLOC-008044#MOM5-CAEEL#A0A0K3AWM6",2
"GO:0002684","GO:0002684","positive regulation of immune system process","5/87","288/6213",0.0173611111111111,1.23982279693487,0.496625921350629,0.377673065138022,0.558290805615947,0.456050267911416,"XLOC-023693#TRLF-DESRO#K9IMD0/XLOC-016472#COMP-MOUSE#Q9R0G6/XLOC-016646#ADK-PHYPA#O49923/XLOC-004104#XLOC-004104/gene-evm.model.ptg000002l.349#ADT1-CAEEL#G5ECS8",5
"GO:0001745","GO:0001745","compound eye morphogenesis","3/87","157/6213",0.0191082802547771,1.36459477267736,0.551384031295177,0.377873069632255,0.558297186774118,0.456055480479605,"XLOC-020834#BMP15-BOVIN#Q6PX77/XLOC-008044#MOM5-CAEEL#A0A0K3AWM6/XLOC-013477#SIX1B-DANRE#Q6NZ04",3
"GO:0099081","GO:0099081","supramolecular polymer","5/87","289/6213",0.0173010380622837,1.23553275265481,0.488629358989872,0.380494147026976,0.559863813533573,0.457335208797141,"XLOC-004696#MYS-ARGIR#P24733/XLOC-026222#MYPH-ECHGR#Q24799/XLOC-014230#RSPH1-MOUSE#Q8VIG3/XLOC-004104#XLOC-004104/XLOC-025643#TRIM2-HUMAN#Q9C040",5
"GO:0099512","GO:0099512","supramolecular fiber","5/87","289/6213",0.0173010380622837,1.23553275265481,0.488629358989872,0.380494147026976,0.559863813533573,0.457335208797141,"XLOC-004696#MYS-ARGIR#P24733/XLOC-026222#MYPH-ECHGR#Q24799/XLOC-014230#RSPH1-MOUSE#Q8VIG3/XLOC-004104#XLOC-004104/XLOC-025643#TRIM2-HUMAN#Q9C040",5
"GO:0005261","GO:0005261","monoatomic cation channel activity","2/87","94/6213",0.0212765957446809,1.51944240645635,0.604711121060813,0.380533456262066,0.559863813533573,0.457335208797141,"XLOC-025615#S15A2-DANRE#B0S6T2/XLOC-010031#ACHB4-BOVIN#Q8SPU6",2
"GO:0010389","GO:0010389","regulation of G2/M transition of mitotic cell cycle","2/87","94/6213",0.0212765957446809,1.51944240645635,0.604711121060813,0.380533456262066,0.559863813533573,0.457335208797141,"XLOC-006685#KAPR-STRPU#Q26619/XLOC-023090#KCC2A-HUMAN#Q9UQM7",2
"GO:0015291","GO:0015291","secondary active transmembrane transporter activity","2/87","94/6213",0.0212765957446809,1.51944240645635,0.604711121060813,0.380533456262066,0.559863813533573,0.457335208797141,"XLOC-025615#S15A2-DANRE#B0S6T2/XLOC-020299#SC5A7-DROME#Q9VE46",2
"GO:0022898","GO:0022898","regulation of transmembrane transporter activity","2/87","94/6213",0.0212765957446809,1.51944240645635,0.604711121060813,0.380533456262066,0.559863813533573,0.457335208797141,"XLOC-020834#BMP15-BOVIN#Q6PX77/XLOC-023090#KCC2A-HUMAN#Q9UQM7",2
"GO:0009409","GO:0009409","response to cold","1/87","34/6213",0.0294117647058824,2.10040567951318,0.766690421931291,0.381680728118752,0.559863813533573,0.457335208797141,"XLOC-010031#ACHB4-BOVIN#Q8SPU6",1
"GO:0010172","GO:0010172","embryonic body morphogenesis","1/87","34/6213",0.0294117647058824,2.10040567951318,0.766690421931291,0.381680728118752,0.559863813533573,0.457335208797141,"XLOC-003648#DAND5-MOUSE#Q76LW6",1
"GO:0030594","GO:0030594","neurotransmitter receptor activity","1/87","34/6213",0.0294117647058824,2.10040567951318,0.766690421931291,0.381680728118752,0.559863813533573,0.457335208797141,"XLOC-010031#ACHB4-BOVIN#Q8SPU6",1
"GO:0032589","GO:0032589","neuron projection membrane","1/87","34/6213",0.0294117647058824,2.10040567951318,0.766690421931291,0.381680728118752,0.559863813533573,0.457335208797141,"XLOC-010031#ACHB4-BOVIN#Q8SPU6",1
"GO:0034103","GO:0034103","regulation of tissue remodeling","1/87","34/6213",0.0294117647058824,2.10040567951318,0.766690421931291,0.381680728118752,0.559863813533573,0.457335208797141,"XLOC-006335#GREM1-CHICK#O73755",1
"GO:0051966","GO:0051966","regulation of synaptic transmission, glutamatergic","1/87","34/6213",0.0294117647058824,2.10040567951318,0.766690421931291,0.381680728118752,0.559863813533573,0.457335208797141,"XLOC-016414#GRM4-MOUSE#Q68EF4",1
"GO:0060964","GO:0060964","regulation of miRNA-mediated gene silencing","1/87","34/6213",0.0294117647058824,2.10040567951318,0.766690421931291,0.381680728118752,0.559863813533573,0.457335208797141,"XLOC-020834#BMP15-BOVIN#Q6PX77",1
"GO:2000059","GO:2000059","negative regulation of ubiquitin-dependent protein catabolic process","1/87","34/6213",0.0294117647058824,2.10040567951318,0.766690421931291,0.381680728118752,0.559863813533573,0.457335208797141,"XLOC-016437#UBP14-PANTR#P60051",1
"GO:0030534","GO:0030534","adult behavior","3/87","159/6213",0.0188679245283019,1.34743005855563,0.528848889793858,0.385530715995378,0.562444080839256,0.459442948319632,"gene-evm.model.ptg000022l.478#GSH0-HUMAN#P48507/XLOC-016414#GRM4-MOUSE#Q68EF4/XLOC-010031#ACHB4-BOVIN#Q8SPU6",3
"GO:0009582","GO:0009582","detection of abiotic stimulus","2/87","95/6213",0.0210526315789474,1.50344827586207,0.589248896396936,0.385543693848774,0.562444080839256,0.459442948319632,"gene-evm.model.ptg000032l.233#LAMC1-XENTR#A0JP86/XLOC-010665#MYC-MARMO#P22555",2
"GO:0035303","GO:0035303","regulation of dephosphorylation","2/87","95/6213",0.0210526315789474,1.50344827586207,0.589248896396936,0.385543693848774,0.562444080839256,0.459442948319632,"XLOC-020834#BMP15-BOVIN#Q6PX77/XLOC-009355#B3GA3-HUMAN#O94766",2
"GO:0042110","GO:0042110","T cell activation","2/87","95/6213",0.0210526315789474,1.50344827586207,0.589248896396936,0.385543693848774,0.562444080839256,0.459442948319632,"XLOC-008044#MOM5-CAEEL#A0A0K3AWM6/XLOC-010031#ACHB4-BOVIN#Q8SPU6",2
"GO:0061025","GO:0061025","membrane fusion","2/87","95/6213",0.0210526315789474,1.50344827586207,0.589248896396936,0.385543693848774,0.562444080839256,0.459442948319632,"XLOC-011874#SY65-APLCA#P41823/XLOC-015788#OTOF-HUMAN#Q9HC10",2
"GO:0001752","GO:0001752","compound eye photoreceptor fate commitment","1/87","35/6213",0.0285714285714286,2.04039408866995,0.735520530666987,0.390386631445127,0.562444080839256,0.459442948319632,"XLOC-008044#MOM5-CAEEL#A0A0K3AWM6",1
"GO:0004860","GO:0004860","protein kinase inhibitor activity","1/87","35/6213",0.0285714285714286,2.04039408866995,0.735520530666987,0.390386631445127,0.562444080839256,0.459442948319632,"XLOC-006685#KAPR-STRPU#Q26619",1
"GO:0005507","GO:0005507","copper ion binding","1/87","35/6213",0.0285714285714286,2.04039408866995,0.735520530666987,0.390386631445127,0.562444080839256,0.459442948319632,"XLOC-020686#MOXD1-DANRE#Q5TZ24",1
"GO:0008354","GO:0008354","germ cell migration","1/87","35/6213",0.0285714285714286,2.04039408866995,0.735520530666987,0.390386631445127,0.562444080839256,0.459442948319632,"XLOC-020834#BMP15-BOVIN#Q6PX77",1
"GO:0016319","GO:0016319","mushroom body development","1/87","35/6213",0.0285714285714286,2.04039408866995,0.735520530666987,0.390386631445127,0.562444080839256,0.459442948319632,"XLOC-022943#NR2E3-MOUSE#Q9QXZ7",1
"GO:0016605","GO:0016605","PML body","1/87","35/6213",0.0285714285714286,2.04039408866995,0.735520530666987,0.390386631445127,0.562444080839256,0.459442948319632,"XLOC-022275#T53I2-HUMAN#Q8IXH6",1
"GO:0016765","GO:0016765","transferase activity, transferring alkyl or aryl (other than methyl) groups","1/87","35/6213",0.0285714285714286,2.04039408866995,0.735520530666987,0.390386631445127,0.562444080839256,0.459442948319632,"gene-evm.model.ptg000020l.16#MAAI-MOUSE#Q9WVL0",1
"GO:0017158","GO:0017158","regulation of calcium ion-dependent exocytosis","1/87","35/6213",0.0285714285714286,2.04039408866995,0.735520530666987,0.390386631445127,0.562444080839256,0.459442948319632,"XLOC-011874#SY65-APLCA#P41823",1
"GO:0019217","GO:0019217","regulation of fatty acid metabolic process","1/87","35/6213",0.0285714285714286,2.04039408866995,0.735520530666987,0.390386631445127,0.562444080839256,0.459442948319632,"gene-evm.model.ptg000020l.16#MAAI-MOUSE#Q9WVL0",1
"GO:0030544","GO:0030544","Hsp70 protein binding","1/87","35/6213",0.0285714285714286,2.04039408866995,0.735520530666987,0.390386631445127,0.562444080839256,0.459442948319632,"gene-evm.model.ptg000012l.503-1#DJC10-XENLA#Q6NRT6",1
"GO:0030971","GO:0030971","receptor tyrosine kinase binding","1/87","35/6213",0.0285714285714286,2.04039408866995,0.735520530666987,0.390386631445127,0.562444080839256,0.459442948319632,"XLOC-020923#WNT11-HUMAN#O96014",1
"GO:0031369","GO:0031369","translation initiation factor binding","1/87","35/6213",0.0285714285714286,2.04039408866995,0.735520530666987,0.390386631445127,0.562444080839256,0.459442948319632,"XLOC-010665#MYC-MARMO#P22555",1
"GO:0035162","GO:0035162","embryonic hemopoiesis","1/87","35/6213",0.0285714285714286,2.04039408866995,0.735520530666987,0.390386631445127,0.562444080839256,0.459442948319632,"XLOC-000223#BMP1-MOUSE#P98063",1
"GO:0042475","GO:0042475","odontogenesis of dentin-containing tooth","1/87","35/6213",0.0285714285714286,2.04039408866995,0.735520530666987,0.390386631445127,0.562444080839256,0.459442948319632,"XLOC-020834#BMP15-BOVIN#Q6PX77",1
"GO:0042706","GO:0042706","eye photoreceptor cell fate commitment","1/87","35/6213",0.0285714285714286,2.04039408866995,0.735520530666987,0.390386631445127,0.562444080839256,0.459442948319632,"XLOC-008044#MOM5-CAEEL#A0A0K3AWM6",1
"GO:0043123","GO:0043123","positive regulation of canonical NF-kappaB signal transduction","1/87","35/6213",0.0285714285714286,2.04039408866995,0.735520530666987,0.390386631445127,0.562444080839256,0.459442948319632,"XLOC-023693#TRLF-DESRO#K9IMD0",1
"GO:0046332","GO:0046332","SMAD binding","1/87","35/6213",0.0285714285714286,2.04039408866995,0.735520530666987,0.390386631445127,0.562444080839256,0.459442948319632,"XLOC-020834#BMP15-BOVIN#Q6PX77",1
"GO:0046552","GO:0046552","photoreceptor cell fate commitment","1/87","35/6213",0.0285714285714286,2.04039408866995,0.735520530666987,0.390386631445127,0.562444080839256,0.459442948319632,"XLOC-008044#MOM5-CAEEL#A0A0K3AWM6",1
"GO:0051250","GO:0051250","negative regulation of lymphocyte activation","1/87","35/6213",0.0285714285714286,2.04039408866995,0.735520530666987,0.390386631445127,0.562444080839256,0.459442948319632,"XLOC-020834#BMP15-BOVIN#Q6PX77",1
"GO:0060972","GO:0060972","left/right pattern formation","1/87","35/6213",0.0285714285714286,2.04039408866995,0.735520530666987,0.390386631445127,0.562444080839256,0.459442948319632,"XLOC-020923#WNT11-HUMAN#O96014",1
"GO:0070373","GO:0070373","negative regulation of ERK1 and ERK2 cascade","1/87","35/6213",0.0285714285714286,2.04039408866995,0.735520530666987,0.390386631445127,0.562444080839256,0.459442948319632,"XLOC-010031#ACHB4-BOVIN#Q8SPU6",1
"GO:0071548","GO:0071548","response to dexamethasone","1/87","35/6213",0.0285714285714286,2.04039408866995,0.735520530666987,0.390386631445127,0.562444080839256,0.459442948319632,"XLOC-020834#BMP15-BOVIN#Q6PX77",1
"GO:0072350","GO:0072350","tricarboxylic acid metabolic process","1/87","35/6213",0.0285714285714286,2.04039408866995,0.735520530666987,0.390386631445127,0.562444080839256,0.459442948319632,"XLOC-009352#ODO1-BOVIN#Q148N0",1
"GO:0099565","GO:0099565","chemical synaptic transmission, postsynaptic","1/87","35/6213",0.0285714285714286,2.04039408866995,0.735520530666987,0.390386631445127,0.562444080839256,0.459442948319632,"XLOC-010031#ACHB4-BOVIN#Q8SPU6",1
"GO:1902930","GO:1902930","regulation of alcohol biosynthetic process","1/87","35/6213",0.0285714285714286,2.04039408866995,0.735520530666987,0.390386631445127,0.562444080839256,0.459442948319632,"XLOC-020834#BMP15-BOVIN#Q6PX77",1
"GO:1903524","GO:1903524","positive regulation of blood circulation","1/87","35/6213",0.0285714285714286,2.04039408866995,0.735520530666987,0.390386631445127,0.562444080839256,0.459442948319632,"XLOC-010031#ACHB4-BOVIN#Q8SPU6",1
"GO:2001169","GO:2001169","regulation of ATP biosynthetic process","1/87","35/6213",0.0285714285714286,2.04039408866995,0.735520530666987,0.390386631445127,0.562444080839256,0.459442948319632,"XLOC-010665#MYC-MARMO#P22555",1
"GO:2001259","GO:2001259","positive regulation of cation channel activity","1/87","35/6213",0.0285714285714286,2.04039408866995,0.735520530666987,0.390386631445127,0.562444080839256,0.459442948319632,"XLOC-020834#BMP15-BOVIN#Q6PX77",1
"GO:0007611","GO:0007611","learning or memory","4/87","226/6213",0.0176991150442478,1.26396093988404,0.48169940535025,0.390469206003738,0.562444080839256,0.459442948319632,"XLOC-006685#KAPR-STRPU#Q26619/gene-evm.model.ptg000022l.478#GSH0-HUMAN#P48507/XLOC-010031#ACHB4-BOVIN#Q8SPU6/XLOC-023090#KCC2A-HUMAN#Q9UQM7",4
"GO:0033500","GO:0033500","carbohydrate homeostasis","2/87","96/6213",0.0208333333333333,1.48778735632184,0.573962830803023,0.390536881928695,0.562444080839256,0.459442948319632,"gene-evm.model.ptg000022l.478#GSH0-HUMAN#P48507/XLOC-009823#GSH1-HUMAN#P48506",2
"GO:0071695","GO:0071695","anatomical structure maturation","2/87","96/6213",0.0208333333333333,1.48778735632184,0.573962830803023,0.390536881928695,0.562444080839256,0.459442948319632,"XLOC-020834#BMP15-BOVIN#Q6PX77/XLOC-022943#NR2E3-MOUSE#Q9QXZ7",2
"GO:0099080","GO:0099080","supramolecular complex","5/87","293/6213",0.0170648464163823,1.21866541132164,0.456919719826502,0.391777013903741,0.563945419105638,0.460669344512658,"XLOC-004696#MYS-ARGIR#P24733/XLOC-026222#MYPH-ECHGR#Q24799/XLOC-014230#RSPH1-MOUSE#Q8VIG3/XLOC-004104#XLOC-004104/XLOC-025643#TRIM2-HUMAN#Q9C040",5
"GO:0070201","GO:0070201","regulation of establishment of protein localization","6/87","361/6213",0.0166204986149584,1.18693284936479,0.436087784605291,0.393932154781513,0.566476027011924,0.462736518827605,"XLOC-020834#BMP15-BOVIN#Q6PX77/XLOC-003038#INHBA-MOUSE#Q04998/XLOC-010538#LSHR-CHICK#Q90674/XLOC-011874#SY65-APLCA#P41823/XLOC-009355#B3GA3-HUMAN#O94766/XLOC-025964#NEC1-HUMAN#P29120",6
"GO:0090087","GO:0090087","regulation of peptide transport","6/87","361/6213",0.0166204986149584,1.18693284936479,0.436087784605291,0.393932154781513,0.566476027011924,0.462736518827605,"XLOC-020834#BMP15-BOVIN#Q6PX77/XLOC-003038#INHBA-MOUSE#Q04998/XLOC-010538#LSHR-CHICK#Q90674/XLOC-011874#SY65-APLCA#P41823/XLOC-009355#B3GA3-HUMAN#O94766/XLOC-025964#NEC1-HUMAN#P29120",6
"GO:0006897","GO:0006897","endocytosis","5/87","294/6213",0.0170068027210884,1.21452029087497,0.449060365998864,0.394596656692198,0.567145723699164,0.46328357306988,"XLOC-016472#COMP-MOUSE#Q9R0G6/XLOC-015786#XLOC-015786/XLOC-004104#XLOC-004104/gene-evm.model.ptg000002l.349#ADT1-CAEEL#G5ECS8/XLOC-010031#ACHB4-BOVIN#Q8SPU6",5
"GO:0000045","GO:0000045","autophagosome assembly","1/87","36/6213",0.0277777777777778,1.98371647509579,0.705373676241002,0.398971345440639,0.567231958688307,0.463354015730777,"XLOC-022275#T53I2-HUMAN#Q8IXH6",1
"GO:0000731","GO:0000731","DNA synthesis involved in DNA repair","1/87","36/6213",0.0277777777777778,1.98371647509579,0.705373676241002,0.398971345440639,0.567231958688307,0.463354015730777,"gene-evm.model.ptg000021l.117#UFD1-RAT#Q9ES53",1
"GO:0001938","GO:0001938","positive regulation of endothelial cell proliferation","1/87","36/6213",0.0277777777777778,1.98371647509579,0.705373676241002,0.398971345440639,0.567231958688307,0.463354015730777,"XLOC-020834#BMP15-BOVIN#Q6PX77",1
"GO:0002698","GO:0002698","negative regulation of immune effector process","1/87","36/6213",0.0277777777777778,1.98371647509579,0.705373676241002,0.398971345440639,0.567231958688307,0.463354015730777,"gene-evm.model.ptg000021l.117#UFD1-RAT#Q9ES53",1
"GO:0004725","GO:0004725","protein tyrosine phosphatase activity","1/87","36/6213",0.0277777777777778,1.98371647509579,0.705373676241002,0.398971345440639,0.567231958688307,0.463354015730777,"gene-evm.model.ptg000030l.120#PGP-CHICK#Q5F4B1",1
"GO:0007274","GO:0007274","neuromuscular synaptic transmission","1/87","36/6213",0.0277777777777778,1.98371647509579,0.705373676241002,0.398971345440639,0.567231958688307,0.463354015730777,"XLOC-020299#SC5A7-DROME#Q9VE46",1
"GO:0007442","GO:0007442","hindgut morphogenesis","1/87","36/6213",0.0277777777777778,1.98371647509579,0.705373676241002,0.398971345440639,0.567231958688307,0.463354015730777,"XLOC-020834#BMP15-BOVIN#Q6PX77",1
"GO:0014032","GO:0014032","neural crest cell development","1/87","36/6213",0.0277777777777778,1.98371647509579,0.705373676241002,0.398971345440639,0.567231958688307,0.463354015730777,"XLOC-000173#TES-CHICK#Q90YH9",1
"GO:0030537","GO:0030537","larval behavior","1/87","36/6213",0.0277777777777778,1.98371647509579,0.705373676241002,0.398971345440639,0.567231958688307,0.463354015730777,"XLOC-025643#TRIM2-HUMAN#Q9C040",1
"GO:0035019","GO:0035019","somatic stem cell population maintenance","1/87","36/6213",0.0277777777777778,1.98371647509579,0.705373676241002,0.398971345440639,0.567231958688307,0.463354015730777,"XLOC-013477#SIX1B-DANRE#Q6NZ04",1
"GO:0043388","GO:0043388","positive regulation of DNA binding","1/87","36/6213",0.0277777777777778,1.98371647509579,0.705373676241002,0.398971345440639,0.567231958688307,0.463354015730777,"XLOC-010665#MYC-MARMO#P22555",1
"GO:0043470","GO:0043470","regulation of carbohydrate catabolic process","1/87","36/6213",0.0277777777777778,1.98371647509579,0.705373676241002,0.398971345440639,0.567231958688307,0.463354015730777,"XLOC-010665#MYC-MARMO#P22555",1
"GO:0046579","GO:0046579","positive regulation of Ras protein signal transduction","1/87","36/6213",0.0277777777777778,1.98371647509579,0.705373676241002,0.398971345440639,0.567231958688307,0.463354015730777,"XLOC-023090#KCC2A-HUMAN#Q9UQM7",1
"GO:0046717","GO:0046717","acid secretion","1/87","36/6213",0.0277777777777778,1.98371647509579,0.705373676241002,0.398971345440639,0.567231958688307,0.463354015730777,"XLOC-010665#MYC-MARMO#P22555",1
"GO:0048306","GO:0048306","calcium-dependent protein binding","1/87","36/6213",0.0277777777777778,1.98371647509579,0.705373676241002,0.398971345440639,0.567231958688307,0.463354015730777,"XLOC-011874#SY65-APLCA#P41823",1
"GO:0050885","GO:0050885","neuromuscular process controlling balance","1/87","36/6213",0.0277777777777778,1.98371647509579,0.705373676241002,0.398971345440639,0.567231958688307,0.463354015730777,"XLOC-015788#OTOF-HUMAN#Q9HC10",1
"GO:0051057","GO:0051057","positive regulation of small GTPase mediated signal transduction","1/87","36/6213",0.0277777777777778,1.98371647509579,0.705373676241002,0.398971345440639,0.567231958688307,0.463354015730777,"XLOC-023090#KCC2A-HUMAN#Q9UQM7",1
"GO:0051784","GO:0051784","negative regulation of nuclear division","1/87","36/6213",0.0277777777777778,1.98371647509579,0.705373676241002,0.398971345440639,0.567231958688307,0.463354015730777,"XLOC-020834#BMP15-BOVIN#Q6PX77",1
"GO:0055081","GO:0055081","monoatomic anion homeostasis","1/87","36/6213",0.0277777777777778,1.98371647509579,0.705373676241002,0.398971345440639,0.567231958688307,0.463354015730777,"XLOC-025615#S15A2-DANRE#B0S6T2",1
"GO:0071384","GO:0071384","cellular response to corticosteroid stimulus","1/87","36/6213",0.0277777777777778,1.98371647509579,0.705373676241002,0.398971345440639,0.567231958688307,0.463354015730777,"XLOC-020834#BMP15-BOVIN#Q6PX77",1
"GO:1902883","GO:1902883","negative regulation of response to oxidative stress","1/87","36/6213",0.0277777777777778,1.98371647509579,0.705373676241002,0.398971345440639,0.567231958688307,0.463354015730777,"XLOC-008044#MOM5-CAEEL#A0A0K3AWM6",1
"GO:0051046","GO:0051046","regulation of secretion","6/87","363/6213",0.0165289256198347,1.18039327443716,0.422068144276485,0.399030683872216,0.567231958688307,0.463354015730777,"XLOC-020834#BMP15-BOVIN#Q6PX77/XLOC-003038#INHBA-MOUSE#Q04998/XLOC-010538#LSHR-CHICK#Q90674/XLOC-011874#SY65-APLCA#P41823/XLOC-010031#ACHB4-BOVIN#Q8SPU6/XLOC-025964#NEC1-HUMAN#P29120",6
"GO:0007351","GO:0007351","tripartite regional subdivision","2/87","98/6213",0.0204081632653061,1.45742434904996,0.543902355301868,0.400470107404591,0.568145806278119,0.464100509196139,"XLOC-020834#BMP15-BOVIN#Q6PX77/XLOC-000223#BMP1-MOUSE#P98063",2
"GO:0008356","GO:0008356","asymmetric cell division","2/87","98/6213",0.0204081632653061,1.45742434904996,0.543902355301868,0.400470107404591,0.568145806278119,0.464100509196139,"XLOC-008044#MOM5-CAEEL#A0A0K3AWM6/XLOC-020923#WNT11-HUMAN#O96014",2
"GO:0008595","GO:0008595","anterior/posterior axis specification, embryo","2/87","98/6213",0.0204081632653061,1.45742434904996,0.543902355301868,0.400470107404591,0.568145806278119,0.464100509196139,"XLOC-020834#BMP15-BOVIN#Q6PX77/XLOC-000223#BMP1-MOUSE#P98063",2
"GO:0010952","GO:0010952","positive regulation of peptidase activity","2/87","98/6213",0.0204081632653061,1.45742434904996,0.543902355301868,0.400470107404591,0.568145806278119,0.464100509196139,"XLOC-020938#SPB6-MOUSE#Q60854/XLOC-010665#MYC-MARMO#P22555",2
"GO:0098542","GO:0098542","defense response to other organism","3/87","163/6213",0.0184049079754601,1.31436429024751,0.484658881381873,0.400783304634209,0.568307538827733,0.464232623448853,"XLOC-023693#TRLF-DESRO#K9IMD0/XLOC-025132#PPN1-CAEEL#O76840/XLOC-020834#BMP15-BOVIN#Q6PX77",3
"GO:0090066","GO:0090066","regulation of anatomical structure size","6/87","364/6213",0.0164835164835165,1.17715043577113,0.415086835316677,0.401579721297511,0.569153971615399,0.464924047874441,"XLOC-020834#BMP15-BOVIN#Q6PX77/XLOC-008044#MOM5-CAEEL#A0A0K3AWM6/XLOC-022943#NR2E3-MOUSE#Q9QXZ7/gene-evm.model.ptg000022l.478#GSH0-HUMAN#P48507/XLOC-009823#GSH1-HUMAN#P48506/XLOC-004104#XLOC-004104",6
"GO:0071345","GO:0071345","cellular response to cytokine stimulus","5/87","297/6213",0.0168350168350168,1.20225240914896,0.425642219413247,0.403050775202506,0.570371168903164,0.465918338204146,"XLOC-003038#INHBA-MOUSE#Q04998/XLOC-003648#DAND5-MOUSE#Q76LW6/gene-evm.model.ptg000022l.478#GSH0-HUMAN#P48507/XLOC-010665#MYC-MARMO#P22555/XLOC-023090#KCC2A-HUMAN#Q9UQM7",5
"GO:0051650","GO:0051650","establishment of vesicle localization","3/87","164/6213",0.0182926829268293,1.30634987384357,0.4737886920763,0.404581639832858,0.570371168903164,0.465918338204146,"XLOC-011874#SY65-APLCA#P41823/gene-evm.model.ptg000010l.70#ESYT2-MOUSE#Q3TZZ7/XLOC-015788#OTOF-HUMAN#Q9HC10",3
"GO:0071248","GO:0071248","cellular response to metal ion","2/87","99/6213",0.0202020202020202,1.44270289097875,0.529119895458687,0.405409186150106,0.570371168903164,0.465918338204146,"XLOC-003038#INHBA-MOUSE#Q04998/XLOC-023090#KCC2A-HUMAN#Q9UQM7",2
"GO:1901981","GO:1901981","phosphatidylinositol phosphate binding","2/87","99/6213",0.0202020202020202,1.44270289097875,0.529119895458687,0.405409186150106,0.570371168903164,0.465918338204146,"XLOC-008044#MOM5-CAEEL#A0A0K3AWM6/XLOC-011874#SY65-APLCA#P41823",2
"GO:0004197","GO:0004197","cysteine-type endopeptidase activity","1/87","37/6213",0.027027027027027,1.93010251630941,0.676184001719301,0.407436537758377,0.570371168903164,0.465918338204146,"XLOC-016437#UBP14-PANTR#P60051",1
"GO:0005262","GO:0005262","calcium channel activity","1/87","37/6213",0.027027027027027,1.93010251630941,0.676184001719301,0.407436537758377,0.570371168903164,0.465918338204146,"XLOC-010031#ACHB4-BOVIN#Q8SPU6",1
"GO:0009112","GO:0009112","nucleobase metabolic process","1/87","37/6213",0.027027027027027,1.93010251630941,0.676184001719301,0.407436537758377,0.570371168903164,0.465918338204146,"XLOC-007978#HIUH-DANRE#Q06S87",1
"GO:0014031","GO:0014031","mesenchymal cell development","1/87","37/6213",0.027027027027027,1.93010251630941,0.676184001719301,0.407436537758377,0.570371168903164,0.465918338204146,"XLOC-000173#TES-CHICK#Q90YH9",1
"GO:0016597","GO:0016597","amino acid binding","1/87","37/6213",0.027027027027027,1.93010251630941,0.676184001719301,0.407436537758377,0.570371168903164,0.465918338204146,"XLOC-009823#GSH1-HUMAN#P48506",1
"GO:0019915","GO:0019915","lipid storage","1/87","37/6213",0.027027027027027,1.93010251630941,0.676184001719301,0.407436537758377,0.570371168903164,0.465918338204146,"XLOC-025615#S15A2-DANRE#B0S6T2",1
"GO:0030901","GO:0030901","midbrain development","1/87","37/6213",0.027027027027027,1.93010251630941,0.676184001719301,0.407436537758377,0.570371168903164,0.465918338204146,"XLOC-008044#MOM5-CAEEL#A0A0K3AWM6",1
"GO:0035335","GO:0035335","peptidyl-tyrosine dephosphorylation","1/87","37/6213",0.027027027027027,1.93010251630941,0.676184001719301,0.407436537758377,0.570371168903164,0.465918338204146,"gene-evm.model.ptg000030l.120#PGP-CHICK#Q5F4B1",1
"GO:0042641","GO:0042641","actomyosin","1/87","37/6213",0.027027027027027,1.93010251630941,0.676184001719301,0.407436537758377,0.570371168903164,0.465918338204146,"XLOC-004696#MYS-ARGIR#P24733",1
"GO:0051310","GO:0051310","metaphase chromosome alignment","1/87","37/6213",0.027027027027027,1.93010251630941,0.676184001719301,0.407436537758377,0.570371168903164,0.465918338204146,"XLOC-015621#TPC12-MOUSE#Q8K2L8",1
"GO:0060021","GO:0060021","roof of mouth development","1/87","37/6213",0.027027027027027,1.93010251630941,0.676184001719301,0.407436537758377,0.570371168903164,0.465918338204146,"XLOC-008044#MOM5-CAEEL#A0A0K3AWM6",1
"GO:0060147","GO:0060147","regulation of post-transcriptional gene silencing","1/87","37/6213",0.027027027027027,1.93010251630941,0.676184001719301,0.407436537758377,0.570371168903164,0.465918338204146,"XLOC-020834#BMP15-BOVIN#Q6PX77",1
"GO:0060326","GO:0060326","cell chemotaxis","1/87","37/6213",0.027027027027027,1.93010251630941,0.676184001719301,0.407436537758377,0.570371168903164,0.465918338204146,"XLOC-020834#BMP15-BOVIN#Q6PX77",1
"GO:0060976","GO:0060976","coronary vasculature development","1/87","37/6213",0.027027027027027,1.93010251630941,0.676184001719301,0.407436537758377,0.570371168903164,0.465918338204146,"XLOC-020834#BMP15-BOVIN#Q6PX77",1
"GO:0060998","GO:0060998","regulation of dendritic spine development","1/87","37/6213",0.027027027027027,1.93010251630941,0.676184001719301,0.407436537758377,0.570371168903164,0.465918338204146,"XLOC-004104#XLOC-004104",1
"GO:0061515","GO:0061515","myeloid cell development","1/87","37/6213",0.027027027027027,1.93010251630941,0.676184001719301,0.407436537758377,0.570371168903164,0.465918338204146,"XLOC-003539#RHBG-DANRE#Q7T070",1
"GO:0061525","GO:0061525","hindgut development","1/87","37/6213",0.027027027027027,1.93010251630941,0.676184001719301,0.407436537758377,0.570371168903164,0.465918338204146,"XLOC-020834#BMP15-BOVIN#Q6PX77",1
"GO:0072002","GO:0072002","Malpighian tubule development","1/87","37/6213",0.027027027027027,1.93010251630941,0.676184001719301,0.407436537758377,0.570371168903164,0.465918338204146,"XLOC-020834#BMP15-BOVIN#Q6PX77",1
"GO:0099094","GO:0099094","ligand-gated monoatomic cation channel activity","1/87","37/6213",0.027027027027027,1.93010251630941,0.676184001719301,0.407436537758377,0.570371168903164,0.465918338204146,"XLOC-010031#ACHB4-BOVIN#Q8SPU6",1
"GO:1901659","GO:1901659","glycosyl compound biosynthetic process","1/87","37/6213",0.027027027027027,1.93010251630941,0.676184001719301,0.407436537758377,0.570371168903164,0.465918338204146,"XLOC-016646#ADK-PHYPA#O49923",1
"GO:2000179","GO:2000179","positive regulation of neural precursor cell proliferation","1/87","37/6213",0.027027027027027,1.93010251630941,0.676184001719301,0.407436537758377,0.570371168903164,0.465918338204146,"gene-evm.model.ptg000007l.881-1#OTP-SACKO#Q7YTC2",1
"GO:0048592","GO:0048592","eye morphogenesis","4/87","232/6213",0.0172413793103448,1.23127229488704,0.427826374894971,0.409667712954999,0.573213332545666,0.468240012638997,"XLOC-020834#BMP15-BOVIN#Q6PX77/XLOC-008044#MOM5-CAEEL#A0A0K3AWM6/XLOC-013477#SIX1B-DANRE#Q6NZ04/XLOC-020923#WNT11-HUMAN#O96014",4
"GO:0005085","GO:0005085","guanyl-nucleotide exchange factor activity","2/87","100/6213",0.02,1.42827586206897,0.51449748202865,0.410329297353425,0.57385759085751,0.468766287069392,"XLOC-015621#TPC12-MOUSE#Q8K2L8/XLOC-023090#KCC2A-HUMAN#Q9UQM7",2
"GO:0048588","GO:0048588","developmental cell growth","2/87","101/6213",0.0198019801980198,1.41413451689997,0.500031422706812,0.415230002479874,0.576680278883576,0.471072052483346,"XLOC-008044#MOM5-CAEEL#A0A0K3AWM6/XLOC-023090#KCC2A-HUMAN#Q9UQM7",2
"GO:0050796","GO:0050796","regulation of insulin secretion","2/87","101/6213",0.0198019801980198,1.41413451689997,0.500031422706812,0.415230002479874,0.576680278883576,0.471072052483346,"XLOC-003038#INHBA-MOUSE#Q04998/XLOC-011874#SY65-APLCA#P41823",2
"GO:0002431","GO:0002431","Fc receptor mediated stimulatory signaling pathway","1/87","38/6213",0.0263157894736842,1.87931034482759,0.647891606240642,0.415783853369617,0.576680278883576,0.471072052483346,"XLOC-004104#XLOC-004104",1
"GO:0007520","GO:0007520","myoblast fusion","1/87","38/6213",0.0263157894736842,1.87931034482759,0.647891606240642,0.415783853369617,0.576680278883576,0.471072052483346,"novel-gene-chr14-4172#SIX2-MOUSE#Q62232",1
"GO:0010660","GO:0010660","regulation of muscle cell apoptotic process","1/87","38/6213",0.0263157894736842,1.87931034482759,0.647891606240642,0.415783853369617,0.576680278883576,0.471072052483346,"XLOC-023090#KCC2A-HUMAN#Q9UQM7",1
"GO:0019210","GO:0019210","kinase inhibitor activity","1/87","38/6213",0.0263157894736842,1.87931034482759,0.647891606240642,0.415783853369617,0.576680278883576,0.471072052483346,"XLOC-006685#KAPR-STRPU#Q26619",1
"GO:0032781","GO:0032781","positive regulation of ATP-dependent activity","1/87","38/6213",0.0263157894736842,1.87931034482759,0.647891606240642,0.415783853369617,0.576680278883576,0.471072052483346,"gene-evm.model.ptg000012l.503-1#DJC10-XENLA#Q6NRT6",1
"GO:0035418","GO:0035418","protein localization to synapse","1/87","38/6213",0.0263157894736842,1.87931034482759,0.647891606240642,0.415783853369617,0.576680278883576,0.471072052483346,"XLOC-004104#XLOC-004104",1
"GO:0038094","GO:0038094","Fc-gamma receptor signaling pathway","1/87","38/6213",0.0263157894736842,1.87931034482759,0.647891606240642,0.415783853369617,0.576680278883576,0.471072052483346,"XLOC-004104#XLOC-004104",1
"GO:0038096","GO:0038096","Fc-gamma receptor signaling pathway involved in phagocytosis","1/87","38/6213",0.0263157894736842,1.87931034482759,0.647891606240642,0.415783853369617,0.576680278883576,0.471072052483346,"XLOC-004104#XLOC-004104",1
"GO:0042067","GO:0042067","establishment of ommatidial planar polarity","1/87","38/6213",0.0263157894736842,1.87931034482759,0.647891606240642,0.415783853369617,0.576680278883576,0.471072052483346,"XLOC-008044#MOM5-CAEEL#A0A0K3AWM6",1
"GO:0043627","GO:0043627","response to estrogen","1/87","38/6213",0.0263157894736842,1.87931034482759,0.647891606240642,0.415783853369617,0.576680278883576,0.471072052483346,"XLOC-010665#MYC-MARMO#P22555",1
"GO:0045475","GO:0045475","locomotor rhythm","1/87","38/6213",0.0263157894736842,1.87931034482759,0.647891606240642,0.415783853369617,0.576680278883576,0.471072052483346,"XLOC-022943#NR2E3-MOUSE#Q9QXZ7",1
"GO:0046329","GO:0046329","negative regulation of JNK cascade","1/87","38/6213",0.0263157894736842,1.87931034482759,0.647891606240642,0.415783853369617,0.576680278883576,0.471072052483346,"XLOC-020938#SPB6-MOUSE#Q60854",1
"GO:0060446","GO:0060446","branching involved in open tracheal system development","1/87","38/6213",0.0263157894736842,1.87931034482759,0.647891606240642,0.415783853369617,0.576680278883576,0.471072052483346,"XLOC-020834#BMP15-BOVIN#Q6PX77",1
"GO:0099173","GO:0099173","postsynapse organization","1/87","38/6213",0.0263157894736842,1.87931034482759,0.647891606240642,0.415783853369617,0.576680278883576,0.471072052483346,"XLOC-010031#ACHB4-BOVIN#Q8SPU6",1
"GO:1901222","GO:1901222","regulation of non-canonical NF-kappaB signal transduction","1/87","38/6213",0.0263157894736842,1.87931034482759,0.647891606240642,0.415783853369617,0.576680278883576,0.471072052483346,"XLOC-006335#GREM1-CHICK#O73755",1
"GO:0045786","GO:0045786","negative regulation of cell cycle","5/87","302/6213",0.0165562913907285,1.18234756793789,0.387132668086477,0.417116766840636,0.578247879395692,0.472352576228923,"XLOC-020834#BMP15-BOVIN#Q6PX77/XLOC-016472#COMP-MOUSE#Q9R0G6/XLOC-022275#T53I2-HUMAN#Q8IXH6/gene-evm.model.ptg000002l.349#ADT1-CAEEL#G5ECS8/XLOC-010665#MYC-MARMO#P22555",5
"GO:0006650","GO:0006650","glycerophospholipid metabolic process","3/87","168/6213",0.0178571428571429,1.27524630541872,0.430987664401721,0.419707155722079,0.580992001589079,0.474594163675621,"XLOC-022911#PA2B-BUNFA#A6MEY4/gene-evm.model.ptg000030l.120#PGP-CHICK#Q5F4B1/XLOC-020365#PA2-BOMTE#P82971",3
"GO:0032956","GO:0032956","regulation of actin cytoskeleton organization","3/87","168/6213",0.0178571428571429,1.27524630541872,0.430987664401721,0.419707155722079,0.580992001589079,0.474594163675621,"XLOC-008044#MOM5-CAEEL#A0A0K3AWM6/XLOC-004696#MYS-ARGIR#P24733/XLOC-004104#XLOC-004104",3
"GO:0051648","GO:0051648","vesicle localization","3/87","168/6213",0.0178571428571429,1.27524630541872,0.430987664401721,0.419707155722079,0.580992001589079,0.474594163675621,"XLOC-011874#SY65-APLCA#P41823/gene-evm.model.ptg000010l.70#ESYT2-MOUSE#Q3TZZ7/XLOC-015788#OTOF-HUMAN#Q9HC10",3
"GO:0000132","GO:0000132","establishment of mitotic spindle orientation","1/87","39/6213",0.0256410256410256,1.83112290008842,0.620441862980928,0.424014914868701,0.584310237123626,0.477304726323799,"XLOC-020923#WNT11-HUMAN#O96014",1
"GO:0000768","GO:0000768","syncytium formation by plasma membrane fusion","1/87","39/6213",0.0256410256410256,1.83112290008842,0.620441862980928,0.424014914868701,0.584310237123626,0.477304726323799,"novel-gene-chr14-4172#SIX2-MOUSE#Q62232",1
"GO:0002433","GO:0002433","immune response-regulating cell surface receptor signaling pathway involved in phagocytosis","1/87","39/6213",0.0256410256410256,1.83112290008842,0.620441862980928,0.424014914868701,0.584310237123626,0.477304726323799,"XLOC-004104#XLOC-004104",1
"GO:0010332","GO:0010332","response to gamma radiation","1/87","39/6213",0.0256410256410256,1.83112290008842,0.620441862980928,0.424014914868701,0.584310237123626,0.477304726323799,"XLOC-010665#MYC-MARMO#P22555",1
"GO:0016322","GO:0016322","neuron remodeling","1/87","39/6213",0.0256410256410256,1.83112290008842,0.620441862980928,0.424014914868701,0.584310237123626,0.477304726323799,"XLOC-022943#NR2E3-MOUSE#Q9QXZ7",1
"GO:0046622","GO:0046622","positive regulation of organ growth","1/87","39/6213",0.0256410256410256,1.83112290008842,0.620441862980928,0.424014914868701,0.584310237123626,0.477304726323799,"XLOC-020834#BMP15-BOVIN#Q6PX77",1
"GO:0046688","GO:0046688","response to copper ion","1/87","39/6213",0.0256410256410256,1.83112290008842,0.620441862980928,0.424014914868701,0.584310237123626,0.477304726323799,"XLOC-009823#GSH1-HUMAN#P48506",1
"GO:0051928","GO:0051928","positive regulation of calcium ion transport","1/87","39/6213",0.0256410256410256,1.83112290008842,0.620441862980928,0.424014914868701,0.584310237123626,0.477304726323799,"XLOC-020834#BMP15-BOVIN#Q6PX77",1
"GO:0060078","GO:0060078","regulation of postsynaptic membrane potential","1/87","39/6213",0.0256410256410256,1.83112290008842,0.620441862980928,0.424014914868701,0.584310237123626,0.477304726323799,"XLOC-010031#ACHB4-BOVIN#Q8SPU6",1
"GO:0006470","GO:0006470","protein dephosphorylation","2/87","103/6213",0.0194174757281553,1.38667559424171,0.471554205551219,0.424971518412732,0.584310237123626,0.477304726323799,"XLOC-004696#MYS-ARGIR#P24733/gene-evm.model.ptg000030l.120#PGP-CHICK#Q5F4B1",2
"GO:0008168","GO:0008168","methyltransferase activity","2/87","103/6213",0.0194174757281553,1.38667559424171,0.471554205551219,0.424971518412732,0.584310237123626,0.477304726323799,"XLOC-021709#BHMT1-BOVIN#Q5I597/XLOC-006644#FBX11-RAT#Q7TSL3",2
"GO:0030902","GO:0030902","hindbrain development","2/87","103/6213",0.0194174757281553,1.38667559424171,0.471554205551219,0.424971518412732,0.584310237123626,0.477304726323799,"XLOC-013035#HXA4-LINSA#P81192/XLOC-009352#ODO1-BOVIN#Q148N0",2
"GO:0034330","GO:0034330","cell junction organization","2/87","103/6213",0.0194174757281553,1.38667559424171,0.471554205551219,0.424971518412732,0.584310237123626,0.477304726323799,"XLOC-023693#TRLF-DESRO#K9IMD0/gene-evm.model.ptg000032l.233#LAMC1-XENTR#A0JP86",2
"GO:0048640","GO:0048640","negative regulation of developmental growth","2/87","103/6213",0.0194174757281553,1.38667559424171,0.471554205551219,0.424971518412732,0.584310237123626,0.477304726323799,"XLOC-020834#BMP15-BOVIN#Q6PX77/XLOC-000223#BMP1-MOUSE#P98063",2
"GO:0005667","GO:0005667","transcription regulator complex","3/87","170/6213",0.0176470588235294,1.26024340770791,0.409981966535229,0.427225407674256,0.587126246673724,0.479605036299971,"XLOC-006454#GSC-PONPY#A2T7P4/XLOC-001125#PITX3-HUMAN#O75364/XLOC-013477#SIX1B-DANRE#Q6NZ04",3
"GO:0006986","GO:0006986","response to unfolded protein","2/87","104/6213",0.0192307692307692,1.37334217506631,0.457536255955118,0.429811529173316,0.58982794263178,0.481811967084237,"XLOC-009392#FKB14-HUMAN#Q9NWM8/gene-evm.model.ptg000001l.34#FKB2B-RHIO9#P0C1J5",2
"GO:0016874","GO:0016874","ligase activity","2/87","104/6213",0.0192307692307692,1.37334217506631,0.457536255955118,0.429811529173316,0.58982794263178,0.481811967084237,"gene-evm.model.ptg000022l.478#GSH0-HUMAN#P48507/XLOC-009823#GSH1-HUMAN#P48506",2
"GO:1902749","GO:1902749","regulation of cell cycle G2/M phase transition","2/87","104/6213",0.0192307692307692,1.37334217506631,0.457536255955118,0.429811529173316,0.58982794263178,0.481811967084237,"XLOC-006685#KAPR-STRPU#Q26619/XLOC-023090#KCC2A-HUMAN#Q9UQM7",2
"GO:0002695","GO:0002695","negative regulation of leukocyte activation","1/87","40/6213",0.025,1.78534482758621,0.593784830644812,0.432131322773855,0.589890269796081,0.48186288019205,"XLOC-020834#BMP15-BOVIN#Q6PX77",1
"GO:0007188","GO:0007188","adenylate cyclase-modulating G protein-coupled receptor signaling pathway","1/87","40/6213",0.025,1.78534482758621,0.593784830644812,0.432131322773855,0.589890269796081,0.48186288019205,"XLOC-016414#GRM4-MOUSE#Q68EF4",1
"GO:0007586","GO:0007586","digestion","1/87","40/6213",0.025,1.78534482758621,0.593784830644812,0.432131322773855,0.589890269796081,0.48186288019205,"XLOC-026123#MGA-HUMAN#O43451",1
"GO:0045197","GO:0045197","establishment or maintenance of epithelial cell apical/basal polarity","1/87","40/6213",0.025,1.78534482758621,0.593784830644812,0.432131322773855,0.589890269796081,0.48186288019205,"XLOC-008044#MOM5-CAEEL#A0A0K3AWM6",1
"GO:0048260","GO:0048260","positive regulation of receptor-mediated endocytosis","1/87","40/6213",0.025,1.78534482758621,0.593784830644812,0.432131322773855,0.589890269796081,0.48186288019205,"XLOC-006335#GREM1-CHICK#O73755",1
"GO:0050688","GO:0050688","regulation of defense response to virus","1/87","40/6213",0.025,1.78534482758621,0.593784830644812,0.432131322773855,0.589890269796081,0.48186288019205,"gene-evm.model.ptg000021l.117#UFD1-RAT#Q9ES53",1
"GO:0060179","GO:0060179","male mating behavior","1/87","40/6213",0.025,1.78534482758621,0.593784830644812,0.432131322773855,0.589890269796081,0.48186288019205,"XLOC-023090#KCC2A-HUMAN#Q9UQM7",1
"GO:0060281","GO:0060281","regulation of oocyte development","1/87","40/6213",0.025,1.78534482758621,0.593784830644812,0.432131322773855,0.589890269796081,0.48186288019205,"XLOC-006685#KAPR-STRPU#Q26619",1
"GO:0097546","GO:0097546","ciliary base","1/87","40/6213",0.025,1.78534482758621,0.593784830644812,0.432131322773855,0.589890269796081,0.48186288019205,"XLOC-006685#KAPR-STRPU#Q26619",1
"GO:1901799","GO:1901799","negative regulation of proteasomal protein catabolic process","1/87","40/6213",0.025,1.78534482758621,0.593784830644812,0.432131322773855,0.589890269796081,0.48186288019205,"XLOC-016437#UBP14-PANTR#P60051",1
"GO:1905037","GO:1905037","autophagosome organization","1/87","40/6213",0.025,1.78534482758621,0.593784830644812,0.432131322773855,0.589890269796081,0.48186288019205,"XLOC-022275#T53I2-HUMAN#Q8IXH6",1
"GO:0030010","GO:0030010","establishment of cell polarity","2/87","105/6213",0.019047619047619,1.36026272577997,0.443661067212105,0.434630533096324,0.592844676044812,0.48427624209538,"XLOC-008044#MOM5-CAEEL#A0A0K3AWM6/XLOC-020923#WNT11-HUMAN#O96014",2
"GO:0008361","GO:0008361","regulation of cell size","3/87","172/6213",0.0174418604651163,1.24558941459503,0.389229997170367,0.434711203044426,0.592844676044812,0.48427624209538,"XLOC-020834#BMP15-BOVIN#Q6PX77/XLOC-008044#MOM5-CAEEL#A0A0K3AWM6/XLOC-022943#NR2E3-MOUSE#Q9QXZ7",3
"GO:0031669","GO:0031669","cellular response to nutrient levels","3/87","173/6213",0.0173410404624277,1.23838947578234,0.378947035978416,0.438441303826572,0.596534048962438,0.487289975244097,"XLOC-008044#MOM5-CAEEL#A0A0K3AWM6/XLOC-003038#INHBA-MOUSE#Q04998/XLOC-004104#XLOC-004104",3
"GO:0044772","GO:0044772","mitotic cell cycle phase transition","3/87","173/6213",0.0173410404624277,1.23838947578234,0.378947035978416,0.438441303826572,0.596534048962438,0.487289975244097,"XLOC-006685#KAPR-STRPU#Q26619/XLOC-010665#MYC-MARMO#P22555/XLOC-023090#KCC2A-HUMAN#Q9UQM7",3
"GO:0007015","GO:0007015","actin filament organization","2/87","106/6213",0.0188679245283019,1.34743005855563,0.429925510640781,0.439428166663225,0.596534048962438,0.487289975244097,"XLOC-004696#MYS-ARGIR#P24733/XLOC-004104#XLOC-004104",2
"GO:2000377","GO:2000377","regulation of reactive oxygen species metabolic process","2/87","106/6213",0.0188679245283019,1.34743005855563,0.429925510640781,0.439428166663225,0.596534048962438,0.487289975244097,"XLOC-016472#COMP-MOUSE#Q9R0G6/gene-evm.model.ptg000002l.349#ADT1-CAEEL#G5ECS8",2
"GO:0006949","GO:0006949","syncytium formation","1/87","41/6213",0.024390243902439,1.74179983179142,0.567874743658119,0.440134655824021,0.596534048962438,0.487289975244097,"novel-gene-chr14-4172#SIX2-MOUSE#Q62232",1
"GO:0007530","GO:0007530","sex determination","1/87","41/6213",0.024390243902439,1.74179983179142,0.567874743658119,0.440134655824021,0.596534048962438,0.487289975244097,"novel-gene-chr14-4172#SIX2-MOUSE#Q62232",1
"GO:0008347","GO:0008347","glial cell migration","1/87","41/6213",0.024390243902439,1.74179983179142,0.567874743658119,0.440134655824021,0.596534048962438,0.487289975244097,"XLOC-013477#SIX1B-DANRE#Q6NZ04",1
"GO:0019226","GO:0019226","transmission of nerve impulse","1/87","41/6213",0.024390243902439,1.74179983179142,0.567874743658119,0.440134655824021,0.596534048962438,0.487289975244097,"XLOC-010031#ACHB4-BOVIN#Q8SPU6",1
"GO:0031672","GO:0031672","A band","1/87","41/6213",0.024390243902439,1.74179983179142,0.567874743658119,0.440134655824021,0.596534048962438,0.487289975244097,"XLOC-004696#MYS-ARGIR#P24733",1
"GO:0045833","GO:0045833","negative regulation of lipid metabolic process","1/87","41/6213",0.024390243902439,1.74179983179142,0.567874743658119,0.440134655824021,0.596534048962438,0.487289975244097,"XLOC-020834#BMP15-BOVIN#Q6PX77",1
"GO:0048512","GO:0048512","circadian behavior","1/87","41/6213",0.024390243902439,1.74179983179142,0.567874743658119,0.440134655824021,0.596534048962438,0.487289975244097,"XLOC-022943#NR2E3-MOUSE#Q9QXZ7",1
"GO:0090329","GO:0090329","regulation of DNA-templated DNA replication","1/87","41/6213",0.024390243902439,1.74179983179142,0.567874743658119,0.440134655824021,0.596534048962438,0.487289975244097,"XLOC-020834#BMP15-BOVIN#Q6PX77",1
"GO:1990782","GO:1990782","protein tyrosine kinase binding","1/87","41/6213",0.024390243902439,1.74179983179142,0.567874743658119,0.440134655824021,0.596534048962438,0.487289975244097,"XLOC-020923#WNT11-HUMAN#O96014",1
"GO:0000287","GO:0000287","magnesium ion binding","2/87","107/6213",0.0186915887850467,1.33483725427006,0.416326556532763,0.444204080376648,0.601478045237103,0.491328570905952,"XLOC-009823#GSH1-HUMAN#P48506/gene-evm.model.ptg000030l.120#PGP-CHICK#Q5F4B1",2
"GO:0007033","GO:0007033","vacuole organization","2/87","107/6213",0.0186915887850467,1.33483725427006,0.416326556532763,0.444204080376648,0.601478045237103,0.491328570905952,"XLOC-025853#MFSD8-XENLA#Q6GPQ3/XLOC-022275#T53I2-HUMAN#Q8IXH6",2
"GO:0004722","GO:0004722","protein serine/threonine phosphatase activity","1/87","42/6213",0.0238095238095238,1.70032840722496,0.542669568886133,0.448026471271738,0.604359112311239,0.493682024335264,"XLOC-004696#MYS-ARGIR#P24733",1
"GO:0019674","GO:0019674","NAD+ metabolic process","1/87","42/6213",0.0238095238095238,1.70032840722496,0.542669568886133,0.448026471271738,0.604359112311239,0.493682024335264,"XLOC-009352#ODO1-BOVIN#Q148N0",1
"GO:0030203","GO:0030203","glycosaminoglycan metabolic process","1/87","42/6213",0.0238095238095238,1.70032840722496,0.542669568886133,0.448026471271738,0.604359112311239,0.493682024335264,"XLOC-009355#B3GA3-HUMAN#O94766",1
"GO:0030518","GO:0030518","nuclear receptor-mediated steroid hormone signaling pathway","1/87","42/6213",0.0238095238095238,1.70032840722496,0.542669568886133,0.448026471271738,0.604359112311239,0.493682024335264,"XLOC-022275#T53I2-HUMAN#Q8IXH6",1
"GO:0044042","GO:0044042","glucan metabolic process","1/87","42/6213",0.0238095238095238,1.70032840722496,0.542669568886133,0.448026471271738,0.604359112311239,0.493682024335264,"XLOC-026123#MGA-HUMAN#O43451",1
"GO:0048679","GO:0048679","regulation of axon regeneration","1/87","42/6213",0.0238095238095238,1.70032840722496,0.542669568886133,0.448026471271738,0.604359112311239,0.493682024335264,"gene-evm.model.ptg000004l.40#FA5-MOUSE#O88783",1
"GO:0060563","GO:0060563","neuroepithelial cell differentiation","1/87","42/6213",0.0238095238095238,1.70032840722496,0.542669568886133,0.448026471271738,0.604359112311239,0.493682024335264,"XLOC-020834#BMP15-BOVIN#Q6PX77",1
"GO:0070160","GO:0070160","tight junction","1/87","42/6213",0.0238095238095238,1.70032840722496,0.542669568886133,0.448026471271738,0.604359112311239,0.493682024335264,"XLOC-023693#TRLF-DESRO#K9IMD0",1
"GO:0040014","GO:0040014","regulation of multicellular organism growth","2/87","108/6213",0.0185185185185185,1.32247765006386,0.402861270103316,0.448957938447168,0.605043456962575,0.49424104404049,"XLOC-020834#BMP15-BOVIN#Q6PX77/XLOC-025615#S15A2-DANRE#B0S6T2",2
"GO:0043473","GO:0043473","pigmentation","2/87","108/6213",0.0185185185185185,1.32247765006386,0.402861270103316,0.448957938447168,0.605043456962575,0.49424104404049,"XLOC-020834#BMP15-BOVIN#Q6PX77/XLOC-010665#MYC-MARMO#P22555",2
"GO:0008324","GO:0008324","monoatomic cation transmembrane transporter activity","4/87","246/6213",0.016260162601626,1.16119988786095,0.30742637460245,0.45397029810633,0.6102398379428,0.498485804861128,"XLOC-025615#S15A2-DANRE#B0S6T2/XLOC-020299#SC5A7-DROME#Q9VE46/XLOC-003539#RHBG-DANRE#Q7T070/XLOC-010031#ACHB4-BOVIN#Q8SPU6",4
"GO:0002028","GO:0002028","regulation of sodium ion transport","1/87","43/6213",0.0232558139534884,1.6607858861267,0.518130618828893,0.455808305172137,0.6102398379428,0.498485804861128,"XLOC-023090#KCC2A-HUMAN#Q9UQM7",1
"GO:0004222","GO:0004222","metalloendopeptidase activity","1/87","43/6213",0.0232558139534884,1.6607858861267,0.518130618828893,0.455808305172137,0.6102398379428,0.498485804861128,"XLOC-000223#BMP1-MOUSE#P98063",1
"GO:0007622","GO:0007622","rhythmic behavior","1/87","43/6213",0.0232558139534884,1.6607858861267,0.518130618828893,0.455808305172137,0.6102398379428,0.498485804861128,"XLOC-022943#NR2E3-MOUSE#Q9QXZ7",1
"GO:0031397","GO:0031397","negative regulation of protein ubiquitination","1/87","43/6213",0.0232558139534884,1.6607858861267,0.518130618828893,0.455808305172137,0.6102398379428,0.498485804861128,"XLOC-009823#GSH1-HUMAN#P48506",1
"GO:0032479","GO:0032479","regulation of type I interferon production","1/87","43/6213",0.0232558139534884,1.6607858861267,0.518130618828893,0.455808305172137,0.6102398379428,0.498485804861128,"gene-evm.model.ptg000021l.117#UFD1-RAT#Q9ES53",1
"GO:0043297","GO:0043297","apical junction assembly","1/87","43/6213",0.0232558139534884,1.6607858861267,0.518130618828893,0.455808305172137,0.6102398379428,0.498485804861128,"XLOC-023693#TRLF-DESRO#K9IMD0",1
"GO:0045069","GO:0045069","regulation of viral genome replication","1/87","43/6213",0.0232558139534884,1.6607858861267,0.518130618828893,0.455808305172137,0.6102398379428,0.498485804861128,"XLOC-023693#TRLF-DESRO#K9IMD0",1
"GO:0045793","GO:0045793","positive regulation of cell size","1/87","43/6213",0.0232558139534884,1.6607858861267,0.518130618828893,0.455808305172137,0.6102398379428,0.498485804861128,"XLOC-020834#BMP15-BOVIN#Q6PX77",1
"GO:0045913","GO:0045913","positive regulation of carbohydrate metabolic process","1/87","43/6213",0.0232558139534884,1.6607858861267,0.518130618828893,0.455808305172137,0.6102398379428,0.498485804861128,"XLOC-010665#MYC-MARMO#P22555",1
"GO:0046686","GO:0046686","response to cadmium ion","1/87","43/6213",0.0232558139534884,1.6607858861267,0.518130618828893,0.455808305172137,0.6102398379428,0.498485804861128,"XLOC-009823#GSH1-HUMAN#P48506",1
"GO:0050775","GO:0050775","positive regulation of dendrite morphogenesis","1/87","43/6213",0.0232558139534884,1.6607858861267,0.518130618828893,0.455808305172137,0.6102398379428,0.498485804861128,"XLOC-004104#XLOC-004104",1
"GO:0051213","GO:0051213","dioxygenase activity","1/87","43/6213",0.0232558139534884,1.6607858861267,0.518130618828893,0.455808305172137,0.6102398379428,0.498485804861128,"XLOC-022918#XLOC-022918",1
"GO:0051282","GO:0051282","regulation of sequestering of calcium ion","1/87","43/6213",0.0232558139534884,1.6607858861267,0.518130618828893,0.455808305172137,0.6102398379428,0.498485804861128,"XLOC-023090#KCC2A-HUMAN#Q9UQM7",1
"GO:0006518","GO:0006518","peptide metabolic process","5/87","316/6213",0.0158227848101266,1.12996508075076,0.282580059337515,0.456213694960874,0.610496093678881,0.498695132143466,"XLOC-002744#NPFF1-RAT#Q9EP86/gene-evm.model.ptg000020l.16#MAAI-MOUSE#Q9WVL0/gene-evm.model.ptg000022l.478#GSH0-HUMAN#P48507/XLOC-009823#GSH1-HUMAN#P48506/XLOC-025964#NEC1-HUMAN#P29120",5
"GO:0006399","GO:0006399","tRNA metabolic process","2/87","111/6213",0.018018018018018,1.28673501087294,0.3632394134215,0.463084020111803,0.615888780680977,0.503100249203122,"XLOC-002744#NPFF1-RAT#Q9EP86/XLOC-016437#UBP14-PANTR#P60051",2
"GO:0016741","GO:0016741","transferase activity, transferring one-carbon groups","2/87","111/6213",0.018018018018018,1.28673501087294,0.3632394134215,0.463084020111803,0.615888780680977,0.503100249203122,"XLOC-021709#BHMT1-BOVIN#Q5I597/XLOC-006644#FBX11-RAT#Q7TSL3",2
"GO:0007179","GO:0007179","transforming growth factor beta receptor signaling pathway","1/87","44/6213",0.0227272727272727,1.6230407523511,0.494222212959048,0.463481672668089,0.615888780680977,0.503100249203122,"XLOC-020834#BMP15-BOVIN#Q6PX77",1
"GO:0007306","GO:0007306","egg chorion assembly","1/87","44/6213",0.0227272727272727,1.6230407523511,0.494222212959048,0.463481672668089,0.615888780680977,0.503100249203122,"XLOC-020834#BMP15-BOVIN#Q6PX77",1
"GO:0007619","GO:0007619","courtship behavior","1/87","44/6213",0.0227272727272727,1.6230407523511,0.494222212959048,0.463481672668089,0.615888780680977,0.503100249203122,"XLOC-023090#KCC2A-HUMAN#Q9UQM7",1
"GO:0021885","GO:0021885","forebrain cell migration","1/87","44/6213",0.0227272727272727,1.6230407523511,0.494222212959048,0.463481672668089,0.615888780680977,0.503100249203122,"XLOC-009352#ODO1-BOVIN#Q148N0",1
"GO:0022029","GO:0022029","telencephalon cell migration","1/87","44/6213",0.0227272727272727,1.6230407523511,0.494222212959048,0.463481672668089,0.615888780680977,0.503100249203122,"XLOC-009352#ODO1-BOVIN#Q148N0",1
"GO:0032092","GO:0032092","positive regulation of protein binding","1/87","44/6213",0.0227272727272727,1.6230407523511,0.494222212959048,0.463481672668089,0.615888780680977,0.503100249203122,"XLOC-020834#BMP15-BOVIN#Q6PX77",1
"GO:0044325","GO:0044325","transmembrane transporter binding","1/87","44/6213",0.0227272727272727,1.6230407523511,0.494222212959048,0.463481672668089,0.615888780680977,0.503100249203122,"XLOC-023090#KCC2A-HUMAN#Q9UQM7",1
"GO:0045580","GO:0045580","regulation of T cell differentiation","1/87","44/6213",0.0227272727272727,1.6230407523511,0.494222212959048,0.463481672668089,0.615888780680977,0.503100249203122,"XLOC-020834#BMP15-BOVIN#Q6PX77",1
"GO:0045921","GO:0045921","positive regulation of exocytosis","1/87","44/6213",0.0227272727272727,1.6230407523511,0.494222212959048,0.463481672668089,0.615888780680977,0.503100249203122,"XLOC-011874#SY65-APLCA#P41823",1
"GO:0050848","GO:0050848","regulation of calcium-mediated signaling","1/87","44/6213",0.0227272727272727,1.6230407523511,0.494222212959048,0.463481672668089,0.615888780680977,0.503100249203122,"XLOC-023090#KCC2A-HUMAN#Q9UQM7",1
"GO:0070570","GO:0070570","regulation of neuron projection regeneration","1/87","44/6213",0.0227272727272727,1.6230407523511,0.494222212959048,0.463481672668089,0.615888780680977,0.503100249203122,"gene-evm.model.ptg000004l.40#FA5-MOUSE#O88783",1
"GO:0099023","GO:0099023","vesicle tethering complex","1/87","44/6213",0.0227272727272727,1.6230407523511,0.494222212959048,0.463481672668089,0.615888780680977,0.503100249203122,"XLOC-015621#TPC12-MOUSE#Q8K2L8",1
"GO:1905954","GO:1905954","positive regulation of lipid localization","1/87","44/6213",0.0227272727272727,1.6230407523511,0.494222212959048,0.463481672668089,0.615888780680977,0.503100249203122,"XLOC-020834#BMP15-BOVIN#Q6PX77",1
"GO:0051090","GO:0051090","regulation of DNA-binding transcription factor activity","3/87","180/6213",0.0166666666666667,1.19022988505747,0.308627903704327,0.464291103834939,0.616677150484674,0.503744243796214,"XLOC-023693#TRLF-DESRO#K9IMD0/XLOC-008044#MOM5-CAEEL#A0A0K3AWM6/XLOC-006335#GREM1-CHICK#O73755",3
"GO:0034248","GO:0034248","regulation of amide metabolic process","4/87","250/6213",0.016,1.14262068965517,0.274288112203415,0.466451908352808,0.619258862043072,0.505853163083499,"XLOC-016472#COMP-MOUSE#Q9R0G6/gene-evm.model.ptg000020l.16#MAAI-MOUSE#Q9WVL0/gene-evm.model.ptg000002l.349#ADT1-CAEEL#G5ECS8/XLOC-010031#ACHB4-BOVIN#Q8SPU6",4
"GO:0000578","GO:0000578","embryonic axis specification","2/87","112/6213",0.0178571428571429,1.27524630541872,0.350281217595327,0.467746561237818,0.620400250679449,0.506785527700961,"XLOC-020834#BMP15-BOVIN#Q6PX77/XLOC-000223#BMP1-MOUSE#P98063",2
"GO:0009411","GO:0009411","response to UV","2/87","112/6213",0.0178571428571429,1.27524630541872,0.350281217595327,0.467746561237818,0.620400250679449,0.506785527700961,"XLOC-022275#T53I2-HUMAN#Q8IXH6/XLOC-010665#MYC-MARMO#P22555",2
"GO:0045927","GO:0045927","positive regulation of growth","4/87","251/6213",0.0159362549800797,1.13806841599121,0.266086028143822,0.469557571735843,0.621888079027668,0.508000888065105,"XLOC-020834#BMP15-BOVIN#Q6PX77/XLOC-008044#MOM5-CAEEL#A0A0K3AWM6/XLOC-025615#S15A2-DANRE#B0S6T2/XLOC-022943#NR2E3-MOUSE#Q9QXZ7",4
"GO:0002573","GO:0002573","myeloid leukocyte differentiation","1/87","45/6213",0.0222222222222222,1.58697318007663,0.470911380257837,0.47104806827157,0.621888079027668,0.508000888065105,"XLOC-020834#BMP15-BOVIN#Q6PX77",1
"GO:0006879","GO:0006879","intracellular iron ion homeostasis","1/87","45/6213",0.0222222222222222,1.58697318007663,0.470911380257837,0.47104806827157,0.621888079027668,0.508000888065105,"XLOC-010665#MYC-MARMO#P22555",1
"GO:0007160","GO:0007160","cell-matrix adhesion","1/87","45/6213",0.0222222222222222,1.58697318007663,0.470911380257837,0.47104806827157,0.621888079027668,0.508000888065105,"XLOC-013652#HXD3-HAPBU#A8DT10",1
"GO:0008630","GO:0008630","intrinsic apoptotic signaling pathway in response to DNA damage","1/87","45/6213",0.0222222222222222,1.58697318007663,0.470911380257837,0.47104806827157,0.621888079027668,0.508000888065105,"XLOC-010665#MYC-MARMO#P22555",1
"GO:0009584","GO:0009584","detection of visible light","1/87","45/6213",0.0222222222222222,1.58697318007663,0.470911380257837,0.47104806827157,0.621888079027668,0.508000888065105,"gene-evm.model.ptg000032l.233#LAMC1-XENTR#A0JP86",1
"GO:0042733","GO:0042733","embryonic digit morphogenesis","1/87","45/6213",0.0222222222222222,1.58697318007663,0.470911380257837,0.47104806827157,0.621888079027668,0.508000888065105,"XLOC-020834#BMP15-BOVIN#Q6PX77",1
"GO:0051489","GO:0051489","regulation of filopodium assembly","1/87","45/6213",0.0222222222222222,1.58697318007663,0.470911380257837,0.47104806827157,0.621888079027668,0.508000888065105,"XLOC-023090#KCC2A-HUMAN#Q9UQM7",1
"GO:0070851","GO:0070851","growth factor receptor binding","1/87","45/6213",0.0222222222222222,1.58697318007663,0.470911380257837,0.47104806827157,0.621888079027668,0.508000888065105,"XLOC-006335#GREM1-CHICK#O73755",1
"GO:0090598","GO:0090598","male anatomical structure morphogenesis","1/87","45/6213",0.0222222222222222,1.58697318007663,0.470911380257837,0.47104806827157,0.621888079027668,0.508000888065105,"XLOC-020834#BMP15-BOVIN#Q6PX77",1
"GO:0044306","GO:0044306","neuron projection terminus","2/87","113/6213",0.0176991150442478,1.26396093988404,0.337443311154825,0.472385562834631,0.623365407385385,0.509207671315971,"XLOC-004104#XLOC-004104/XLOC-025964#NEC1-HUMAN#P29120",2
"GO:0043043","GO:0043043","peptide biosynthetic process","4/87","252/6213",0.0158730158730159,1.13355227148331,0.257916330982567,0.472657045115801,0.623435298065362,0.509264762822776,"XLOC-002744#NPFF1-RAT#Q9EP86/gene-evm.model.ptg000022l.478#GSH0-HUMAN#P48507/XLOC-009823#GSH1-HUMAN#P48506/XLOC-025964#NEC1-HUMAN#P29120",4
"GO:0005911","GO:0005911","cell-cell junction","3/87","183/6213",0.0163934426229508,1.17071791972866,0.279339822240626,0.475217667110586,0.626233720215474,0.511550706202911,"XLOC-023693#TRLF-DESRO#K9IMD0/XLOC-004696#MYS-ARGIR#P24733/XLOC-023090#KCC2A-HUMAN#Q9UQM7",3
"GO:0048469","GO:0048469","cell maturation","3/87","183/6213",0.0163934426229508,1.17071791972866,0.279339822240626,0.475217667110586,0.626233720215474,0.511550706202911,"XLOC-020834#BMP15-BOVIN#Q6PX77/XLOC-000223#BMP1-MOUSE#P98063/XLOC-022943#NR2E3-MOUSE#Q9QXZ7",3
"GO:0051656","GO:0051656","establishment of organelle localization","5/87","323/6213",0.0154798761609907,1.10547667342799,0.23199941603546,0.475525337927297,0.626349856466564,0.511645574267889,"XLOC-015621#TPC12-MOUSE#Q8K2L8/XLOC-011874#SY65-APLCA#P41823/gene-evm.model.ptg000010l.70#ESYT2-MOUSE#Q3TZZ7/XLOC-020923#WNT11-HUMAN#O96014/XLOC-015788#OTOF-HUMAN#Q9HC10",5
"GO:0005996","GO:0005996","monosaccharide metabolic process","2/87","114/6213",0.0175438596491228,1.25287356321839,0.324723254350233,0.477000765103873,0.626807199449529,0.512019163422162,"XLOC-009823#GSH1-HUMAN#P48506/XLOC-010665#MYC-MARMO#P22555",2
"GO:0098609","GO:0098609","cell-cell adhesion","2/87","114/6213",0.0175438596491228,1.25287356321839,0.324723254350233,0.477000765103873,0.626807199449529,0.512019163422162,"XLOC-008044#MOM5-CAEEL#A0A0K3AWM6/XLOC-013035#HXA4-LINSA#P81192",2
"GO:0101002","GO:0101002","ficolin-1-rich granule","2/87","114/6213",0.0175438596491228,1.25287356321839,0.324723254350233,0.477000765103873,0.626807199449529,0.512019163422162,"XLOC-021454#SPB3-HUMAN#P29508/XLOC-026123#MGA-HUMAN#O43451",2
"GO:0006112","GO:0006112","energy reserve metabolic process","1/87","46/6213",0.0217391304347826,1.55247376311844,0.448167597137425,0.47850896614128,0.626807199449529,0.512019163422162,"XLOC-010665#MYC-MARMO#P22555",1
"GO:0015171","GO:0015171","amino acid transmembrane transporter activity","1/87","46/6213",0.0217391304347826,1.55247376311844,0.448167597137425,0.47850896614128,0.626807199449529,0.512019163422162,"XLOC-020299#SC5A7-DROME#Q9VE46",1
"GO:0022404","GO:0022404","molting cycle process","1/87","46/6213",0.0217391304347826,1.55247376311844,0.448167597137425,0.47850896614128,0.626807199449529,0.512019163422162,"XLOC-010538#LSHR-CHICK#Q90674",1
"GO:0042551","GO:0042551","neuron maturation","1/87","46/6213",0.0217391304347826,1.55247376311844,0.448167597137425,0.47850896614128,0.626807199449529,0.512019163422162,"XLOC-022943#NR2E3-MOUSE#Q9QXZ7",1
"GO:0046716","GO:0046716","muscle cell cellular homeostasis","1/87","46/6213",0.0217391304347826,1.55247376311844,0.448167597137425,0.47850896614128,0.626807199449529,0.512019163422162,"XLOC-025643#TRIM2-HUMAN#Q9C040",1
"GO:0048864","GO:0048864","stem cell development","1/87","46/6213",0.0217391304347826,1.55247376311844,0.448167597137425,0.47850896614128,0.626807199449529,0.512019163422162,"XLOC-000173#TES-CHICK#Q90YH9",1
"GO:1901607","GO:1901607","alpha-amino acid biosynthetic process","1/87","46/6213",0.0217391304347826,1.55247376311844,0.448167597137425,0.47850896614128,0.626807199449529,0.512019163422162,"XLOC-021709#BHMT1-BOVIN#Q5I597",1
"GO:1902017","GO:1902017","regulation of cilium assembly","1/87","46/6213",0.0217391304347826,1.55247376311844,0.448167597137425,0.47850896614128,0.626807199449529,0.512019163422162,"XLOC-006585#OTX1-HUMAN#P32242",1
"GO:2000242","GO:2000242","negative regulation of reproductive process","1/87","46/6213",0.0217391304347826,1.55247376311844,0.448167597137425,0.47850896614128,0.626807199449529,0.512019163422162,"XLOC-020834#BMP15-BOVIN#Q6PX77",1
"GO:0090276","GO:0090276","regulation of peptide hormone secretion","2/87","115/6213",0.0173913043478261,1.24197901049475,0.312118679056817,0.481591919921047,0.630556102585933,0.515081524941522,"XLOC-003038#INHBA-MOUSE#Q04998/XLOC-011874#SY65-APLCA#P41823",2
"GO:0042594","GO:0042594","response to starvation","3/87","185/6213",0.0162162162162162,1.15806150978565,0.26008315326669,0.482447278023997,0.631096783219836,0.515523190011887,"XLOC-003038#INHBA-MOUSE#Q04998/XLOC-025407#AGRIN-HUMAN#O00468/XLOC-026123#MGA-HUMAN#O43451",3
"GO:1902903","GO:1902903","regulation of supramolecular fiber organization","3/87","185/6213",0.0162162162162162,1.15806150978565,0.26008315326669,0.482447278023997,0.631096783219836,0.515523190011887,"XLOC-008044#MOM5-CAEEL#A0A0K3AWM6/XLOC-004104#XLOC-004104/XLOC-010031#ACHB4-BOVIN#Q8SPU6",3
"GO:0003333","GO:0003333","amino acid transmembrane transport","1/87","47/6213",0.0212765957446809,1.51944240645635,0.425962555865359,0.485865820356573,0.632471969669887,0.516646536738476,"XLOC-020299#SC5A7-DROME#Q9VE46",1
"GO:0007304","GO:0007304","chorion-containing eggshell formation","1/87","47/6213",0.0212765957446809,1.51944240645635,0.425962555865359,0.485865820356573,0.632471969669887,0.516646536738476,"XLOC-020834#BMP15-BOVIN#Q6PX77",1
"GO:0008170","GO:0008170","N-methyltransferase activity","1/87","47/6213",0.0212765957446809,1.51944240645635,0.425962555865359,0.485865820356573,0.632471969669887,0.516646536738476,"XLOC-006644#FBX11-RAT#Q7TSL3",1
"GO:0019842","GO:0019842","vitamin binding","1/87","47/6213",0.0212765957446809,1.51944240645635,0.425962555865359,0.485865820356573,0.632471969669887,0.516646536738476,"XLOC-009352#ODO1-BOVIN#Q148N0",1
"GO:0031234","GO:0031234","extrinsic component of cytoplasmic side of plasma membrane","1/87","47/6213",0.0212765957446809,1.51944240645635,0.425962555865359,0.485865820356573,0.632471969669887,0.516646536738476,"gene-evm.model.ptg000010l.70#ESYT2-MOUSE#Q3TZZ7",1
"GO:0032414","GO:0032414","positive regulation of ion transmembrane transporter activity","1/87","47/6213",0.0212765957446809,1.51944240645635,0.425962555865359,0.485865820356573,0.632471969669887,0.516646536738476,"XLOC-020834#BMP15-BOVIN#Q6PX77",1
"GO:0051591","GO:0051591","response to cAMP","1/87","47/6213",0.0212765957446809,1.51944240645635,0.425962555865359,0.485865820356573,0.632471969669887,0.516646536738476,"XLOC-003038#INHBA-MOUSE#Q04998",1
"GO:0051965","GO:0051965","positive regulation of synapse assembly","1/87","47/6213",0.0212765957446809,1.51944240645635,0.425962555865359,0.485865820356573,0.632471969669887,0.516646536738476,"XLOC-016472#COMP-MOUSE#Q9R0G6",1
"GO:0070542","GO:0070542","response to fatty acid","1/87","47/6213",0.0212765957446809,1.51944240645635,0.425962555865359,0.485865820356573,0.632471969669887,0.516646536738476,"XLOC-025964#NEC1-HUMAN#P29120",1
"GO:0090175","GO:0090175","regulation of establishment of planar polarity","1/87","47/6213",0.0212765957446809,1.51944240645635,0.425962555865359,0.485865820356573,0.632471969669887,0.516646536738476,"XLOC-008044#MOM5-CAEEL#A0A0K3AWM6",1
"GO:0031349","GO:0031349","positive regulation of defense response","2/87","116/6213",0.0172413793103448,1.23127229488704,0.299627286050883,0.486158790566443,0.632471969669887,0.516646536738476,"XLOC-023693#TRLF-DESRO#K9IMD0/XLOC-026524#KLKB1-RAT#P14272",2
"GO:1904062","GO:1904062","regulation of monoatomic cation transmembrane transport","2/87","116/6213",0.0172413793103448,1.23127229488704,0.299627286050883,0.486158790566443,0.632471969669887,0.516646536738476,"XLOC-020834#BMP15-BOVIN#Q6PX77/XLOC-023090#KCC2A-HUMAN#Q9UQM7",2
"GO:0044770","GO:0044770","cell cycle phase transition","3/87","187/6213",0.0160427807486631,1.14567582518901,0.241035260989877,0.489631297447789,0.636699221339353,0.520099646187883,"XLOC-006685#KAPR-STRPU#Q26619/XLOC-010665#MYC-MARMO#P22555/XLOC-023090#KCC2A-HUMAN#Q9UQM7",3
"GO:0030099","GO:0030099","myeloid cell differentiation","2/87","117/6213",0.0170940170940171,1.22074860005895,0.287246842412285,0.490701151461158,0.637799719871838,0.520998608960558,"XLOC-020834#BMP15-BOVIN#Q6PX77/XLOC-003539#RHBG-DANRE#Q7T070",2
"GO:0043025","GO:0043025","neuronal cell body","6/87","400/6213",0.015,1.07120689655172,0.175444091092281,0.492390291899332,0.638036982304138,0.521192421208095,"XLOC-020299#SC5A7-DROME#Q9VE46/XLOC-006685#KAPR-STRPU#Q26619/XLOC-004104#XLOC-004104/XLOC-010031#ACHB4-BOVIN#Q8SPU6/XLOC-025964#NEC1-HUMAN#P29120/XLOC-023090#KCC2A-HUMAN#Q9UQM7",6
"GO:0003073","GO:0003073","regulation of systemic arterial blood pressure","1/87","48/6213",0.0208333333333333,1.48778735632184,0.404269959369986,0.49312006518774,0.638036982304138,0.521192421208095,"XLOC-010031#ACHB4-BOVIN#Q8SPU6",1
"GO:0007447","GO:0007447","imaginal disc pattern formation","1/87","48/6213",0.0208333333333333,1.48778735632184,0.404269959369986,0.49312006518774,0.638036982304138,0.521192421208095,"XLOC-020834#BMP15-BOVIN#Q6PX77",1
"GO:0015078","GO:0015078","proton transmembrane transporter activity","1/87","48/6213",0.0208333333333333,1.48778735632184,0.404269959369986,0.49312006518774,0.638036982304138,0.521192421208095,"XLOC-025615#S15A2-DANRE#B0S6T2",1
"GO:0015085","GO:0015085","calcium ion transmembrane transporter activity","1/87","48/6213",0.0208333333333333,1.48778735632184,0.404269959369986,0.49312006518774,0.638036982304138,0.521192421208095,"XLOC-010031#ACHB4-BOVIN#Q8SPU6",1
"GO:0045598","GO:0045598","regulation of fat cell differentiation","1/87","48/6213",0.0208333333333333,1.48778735632184,0.404269959369986,0.49312006518774,0.638036982304138,0.521192421208095,"XLOC-020834#BMP15-BOVIN#Q6PX77",1
"GO:0050810","GO:0050810","regulation of steroid biosynthetic process","1/87","48/6213",0.0208333333333333,1.48778735632184,0.404269959369986,0.49312006518774,0.638036982304138,0.521192421208095,"XLOC-020834#BMP15-BOVIN#Q6PX77",1
"GO:0051851","GO:0051851","host-mediated perturbation of symbiont process","1/87","48/6213",0.0208333333333333,1.48778735632184,0.404269959369986,0.49312006518774,0.638036982304138,0.521192421208095,"XLOC-023693#TRLF-DESRO#K9IMD0",1
"GO:0060033","GO:0060033","anatomical structure regression","1/87","48/6213",0.0208333333333333,1.48778735632184,0.404269959369986,0.49312006518774,0.638036982304138,0.521192421208095,"XLOC-020834#BMP15-BOVIN#Q6PX77",1
"GO:0097711","GO:0097711","ciliary basal body-plasma membrane docking","1/87","48/6213",0.0208333333333333,1.48778735632184,0.404269959369986,0.49312006518774,0.638036982304138,0.521192421208095,"XLOC-006685#KAPR-STRPU#Q26619",1
"GO:0044283","GO:0044283","small molecule biosynthetic process","5/87","330/6213",0.0151515151515152,1.08202716823406,0.182474473112064,0.494627608885815,0.639407597712383,0.522312033993844,"XLOC-021709#BHMT1-BOVIN#Q5I597/XLOC-016646#ADK-PHYPA#O49923/XLOC-020686#MOXD1-DANRE#Q5TZ24/XLOC-004937#FOLH1-RAT#P70627/gene-evm.model.ptg000030l.120#PGP-CHICK#Q5F4B1",5
"GO:0098657","GO:0098657","import into cell","5/87","330/6213",0.0151515151515152,1.08202716823406,0.182474473112064,0.494627608885815,0.639407597712383,0.522312033993844,"XLOC-016472#COMP-MOUSE#Q9R0G6/XLOC-015786#XLOC-015786/XLOC-004104#XLOC-004104/gene-evm.model.ptg000002l.349#ADT1-CAEEL#G5ECS8/XLOC-010031#ACHB4-BOVIN#Q8SPU6",5
"GO:0015711","GO:0015711","organic anion transport","3/87","189/6213",0.0158730158730159,1.13355227148331,0.222191045797502,0.496768277323065,0.640610053020557,0.523294282062285,"XLOC-020299#SC5A7-DROME#Q9VE46/XLOC-003539#RHBG-DANRE#Q7T070/XLOC-010665#MYC-MARMO#P22555",3
"GO:0051259","GO:0051259","protein complex oligomerization","4/87","260/6213",0.0153846153846154,1.09867374005305,0.193689989667679,0.497213216910546,0.640610053020557,0.523294282062285,"XLOC-025132#PPN1-CAEEL#O76840/XLOC-015621#TPC12-MOUSE#Q8K2L8/XLOC-006685#KAPR-STRPU#Q26619/XLOC-023090#KCC2A-HUMAN#Q9UQM7",4
"GO:0001819","GO:0001819","positive regulation of cytokine production","2/87","119/6213",0.0168067226890756,1.20023181686468,0.262810188320009,0.499711495838064,0.640610053020557,0.523294282062285,"XLOC-016472#COMP-MOUSE#Q9R0G6/gene-evm.model.ptg000002l.349#ADT1-CAEEL#G5ECS8",2
"GO:0015849","GO:0015849","organic acid transport","2/87","119/6213",0.0168067226890756,1.20023181686468,0.262810188320009,0.499711495838064,0.640610053020557,0.523294282062285,"XLOC-020299#SC5A7-DROME#Q9VE46/XLOC-010665#MYC-MARMO#P22555",2
"GO:0042063","GO:0042063","gliogenesis","2/87","119/6213",0.0168067226890756,1.20023181686468,0.262810188320009,0.499711495838064,0.640610053020557,0.523294282062285,"XLOC-013477#SIX1B-DANRE#Q6NZ04/gene-evm.model.ptg000032l.233#LAMC1-XENTR#A0JP86",2
"GO:0046942","GO:0046942","carboxylic acid transport","2/87","119/6213",0.0168067226890756,1.20023181686468,0.262810188320009,0.499711495838064,0.640610053020557,0.523294282062285,"XLOC-020299#SC5A7-DROME#Q9VE46/XLOC-010665#MYC-MARMO#P22555",2
"GO:0048813","GO:0048813","dendrite morphogenesis","2/87","119/6213",0.0168067226890756,1.20023181686468,0.262810188320009,0.499711495838064,0.640610053020557,0.523294282062285,"XLOC-003038#INHBA-MOUSE#Q04998/XLOC-010031#ACHB4-BOVIN#Q8SPU6",2
"GO:0009896","GO:0009896","positive regulation of catabolic process","4/87","261/6213",0.0153256704980843,1.09446426212181,0.18579891886218,0.500250775894045,0.640610053020557,0.523294282062285,"XLOC-022275#T53I2-HUMAN#Q8IXH6/XLOC-009823#GSH1-HUMAN#P48506/XLOC-010665#MYC-MARMO#P22555/gene-evm.model.ptg000021l.117#UFD1-RAT#Q9ES53",4
"GO:0004553","GO:0004553","hydrolase activity, hydrolyzing O-glycosyl compounds","1/87","49/6213",0.0204081632653061,1.45742434904996,0.383065338936237,0.500273115362706,0.640610053020557,0.523294282062285,"XLOC-026123#MGA-HUMAN#O43451",1
"GO:0007525","GO:0007525","somatic muscle development","1/87","49/6213",0.0204081632653061,1.45742434904996,0.383065338936237,0.500273115362706,0.640610053020557,0.523294282062285,"XLOC-004696#MYS-ARGIR#P24733",1
"GO:0009060","GO:0009060","aerobic respiration","1/87","49/6213",0.0204081632653061,1.45742434904996,0.383065338936237,0.500273115362706,0.640610053020557,0.523294282062285,"XLOC-009352#ODO1-BOVIN#Q148N0",1
"GO:0019905","GO:0019905","syntaxin binding","1/87","49/6213",0.0204081632653061,1.45742434904996,0.383065338936237,0.500273115362706,0.640610053020557,0.523294282062285,"XLOC-011874#SY65-APLCA#P41823",1
"GO:0035567","GO:0035567","non-canonical Wnt signaling pathway","1/87","49/6213",0.0204081632653061,1.45742434904996,0.383065338936237,0.500273115362706,0.640610053020557,0.523294282062285,"XLOC-008044#MOM5-CAEEL#A0A0K3AWM6",1
"GO:0042476","GO:0042476","odontogenesis","1/87","49/6213",0.0204081632653061,1.45742434904996,0.383065338936237,0.500273115362706,0.640610053020557,0.523294282062285,"XLOC-020834#BMP15-BOVIN#Q6PX77",1
"GO:0043122","GO:0043122","regulation of canonical NF-kappaB signal transduction","1/87","49/6213",0.0204081632653061,1.45742434904996,0.383065338936237,0.500273115362706,0.640610053020557,0.523294282062285,"XLOC-023693#TRLF-DESRO#K9IMD0",1
"GO:0046324","GO:0046324","regulation of D-glucose import","1/87","49/6213",0.0204081632653061,1.45742434904996,0.383065338936237,0.500273115362706,0.640610053020557,0.523294282062285,"XLOC-010665#MYC-MARMO#P22555",1
"GO:0050000","GO:0050000","chromosome localization","1/87","49/6213",0.0204081632653061,1.45742434904996,0.383065338936237,0.500273115362706,0.640610053020557,0.523294282062285,"XLOC-015621#TPC12-MOUSE#Q8K2L8",1
"GO:0051702","GO:0051702","biological process involved in interaction with symbiont","1/87","49/6213",0.0204081632653061,1.45742434904996,0.383065338936237,0.500273115362706,0.640610053020557,0.523294282062285,"XLOC-023693#TRLF-DESRO#K9IMD0",1
"GO:0061097","GO:0061097","regulation of protein tyrosine kinase activity","1/87","49/6213",0.0204081632653061,1.45742434904996,0.383065338936237,0.500273115362706,0.640610053020557,0.523294282062285,"XLOC-006335#GREM1-CHICK#O73755",1
"GO:1903051","GO:1903051","negative regulation of proteolysis involved in protein catabolic process","1/87","49/6213",0.0204081632653061,1.45742434904996,0.383065338936237,0.500273115362706,0.640610053020557,0.523294282062285,"XLOC-016437#UBP14-PANTR#P60051",1
"GO:1903321","GO:1903321","negative regulation of protein modification by small protein conjugation or removal","1/87","49/6213",0.0204081632653061,1.45742434904996,0.383065338936237,0.500273115362706,0.640610053020557,0.523294282062285,"XLOC-009823#GSH1-HUMAN#P48506",1
"GO:0007292","GO:0007292","female gamete generation","7/87","475/6213",0.0147368421052632,1.05241379310345,0.141644258912833,0.501846194726911,0.642336111958671,0.524704245531572,"XLOC-020834#BMP15-BOVIN#Q6PX77/XLOC-008044#MOM5-CAEEL#A0A0K3AWM6/XLOC-003038#INHBA-MOUSE#Q04998/XLOC-010538#LSHR-CHICK#Q90674/XLOC-004696#MYS-ARGIR#P24733/XLOC-000223#BMP1-MOUSE#P98063/XLOC-010665#MYC-MARMO#P22555",7
"GO:0009416","GO:0009416","response to light stimulus","4/87","262/6213",0.0152671755725191,1.0902869176099,0.17793744514998,0.503280804357511,0.64388346853452,0.525968232639854,"XLOC-022275#T53I2-HUMAN#Q8IXH6/XLOC-013035#HXA4-LINSA#P81192/gene-evm.model.ptg000032l.233#LAMC1-XENTR#A0JP86/XLOC-010665#MYC-MARMO#P22555",4
"GO:0007424","GO:0007424","open tracheal system development","2/87","120/6213",0.0166666666666667,1.19022988505747,0.250749821802213,0.504179081560295,0.644454713123441,0.526434864447506,"XLOC-020834#BMP15-BOVIN#Q6PX77/XLOC-008044#MOM5-CAEEL#A0A0K3AWM6",2
"GO:0032838","GO:0032838","plasma membrane bounded cell projection cytoplasm","2/87","120/6213",0.0166666666666667,1.19022988505747,0.250749821802213,0.504179081560295,0.644454713123441,0.526434864447506,"XLOC-004104#XLOC-004104/XLOC-023090#KCC2A-HUMAN#Q9UQM7",2
"GO:0030036","GO:0030036","actin cytoskeleton organization","4/87","263/6213",0.0152091254752852,1.0861413399764,0.170105308986339,0.506303179650324,0.64500985879678,0.526888345555397,"XLOC-004696#MYS-ARGIR#P24733/XLOC-004104#XLOC-004104/novel-gene-chr14-4172#SIX2-MOUSE#Q62232/XLOC-025643#TRIM2-HUMAN#Q9C040",4
"GO:0000502","GO:0000502","proteasome complex","1/87","50/6213",0.02,1.42827586206897,0.362325891824442,0.50732636633017,0.64500985879678,0.526888345555397,"gene-evm.model.ptg000021l.117#UFD1-RAT#Q9ES53",1
"GO:0008276","GO:0008276","protein methyltransferase activity","1/87","50/6213",0.02,1.42827586206897,0.362325891824442,0.50732636633017,0.64500985879678,0.526888345555397,"XLOC-006644#FBX11-RAT#Q7TSL3",1
"GO:0015850","GO:0015850","organic hydroxy compound transport","1/87","50/6213",0.02,1.42827586206897,0.362325891824442,0.50732636633017,0.64500985879678,0.526888345555397,"XLOC-010665#MYC-MARMO#P22555",1
"GO:0018107","GO:0018107","peptidyl-threonine phosphorylation","1/87","50/6213",0.02,1.42827586206897,0.362325891824442,0.50732636633017,0.64500985879678,0.526888345555397,"XLOC-023090#KCC2A-HUMAN#Q9UQM7",1
"GO:0021782","GO:0021782","glial cell development","1/87","50/6213",0.02,1.42827586206897,0.362325891824442,0.50732636633017,0.64500985879678,0.526888345555397,"gene-evm.model.ptg000032l.233#LAMC1-XENTR#A0JP86",1
"GO:0043255","GO:0043255","regulation of carbohydrate biosynthetic process","1/87","50/6213",0.02,1.42827586206897,0.362325891824442,0.50732636633017,0.64500985879678,0.526888345555397,"gene-evm.model.ptg000030l.120#PGP-CHICK#Q5F4B1",1
"GO:0050870","GO:0050870","positive regulation of T cell activation","1/87","50/6213",0.02,1.42827586206897,0.362325891824442,0.50732636633017,0.64500985879678,0.526888345555397,"XLOC-016646#ADK-PHYPA#O49923",1
"GO:0070062","GO:0070062","extracellular exosome","1/87","50/6213",0.02,1.42827586206897,0.362325891824442,0.50732636633017,0.64500985879678,0.526888345555397,"XLOC-021709#BHMT1-BOVIN#Q5I597",1
"GO:1902692","GO:1902692","regulation of neuroblast proliferation","1/87","50/6213",0.02,1.42827586206897,0.362325891824442,0.50732636633017,0.64500985879678,0.526888345555397,"gene-evm.model.ptg000007l.881-1#OTP-SACKO#Q7YTC2",1
"GO:1903039","GO:1903039","positive regulation of leukocyte cell-cell adhesion","1/87","50/6213",0.02,1.42827586206897,0.362325891824442,0.50732636633017,0.64500985879678,0.526888345555397,"XLOC-016646#ADK-PHYPA#O49923",1
"GO:1903561","GO:1903561","extracellular vesicle","1/87","50/6213",0.02,1.42827586206897,0.362325891824442,0.50732636633017,0.64500985879678,0.526888345555397,"XLOC-021709#BHMT1-BOVIN#Q5I597",1
"GO:0051249","GO:0051249","regulation of lymphocyte activation","2/87","121/6213",0.0165289256198347,1.18039327443716,0.238792088109346,0.508621361518284,0.646368260316999,0.527997981198678,"XLOC-020834#BMP15-BOVIN#Q6PX77/XLOC-016646#ADK-PHYPA#O49923",2
"GO:0019058","GO:0019058","viral life cycle","1/87","51/6213",0.0196078431372549,1.40027045300879,0.342030336280874,0.514281194519246,0.650662637677787,0.531505923522283,"XLOC-020938#SPB6-MOUSE#Q60854",1
"GO:0032204","GO:0032204","regulation of telomere maintenance","1/87","51/6213",0.0196078431372549,1.40027045300879,0.342030336280874,0.514281194519246,0.650662637677787,0.531505923522283,"XLOC-010665#MYC-MARMO#P22555",1
"GO:0032231","GO:0032231","regulation of actin filament bundle assembly","1/87","51/6213",0.0196078431372549,1.40027045300879,0.342030336280874,0.514281194519246,0.650662637677787,0.531505923522283,"XLOC-008044#MOM5-CAEEL#A0A0K3AWM6",1
"GO:0035088","GO:0035088","establishment or maintenance of apical/basal cell polarity","1/87","51/6213",0.0196078431372549,1.40027045300879,0.342030336280874,0.514281194519246,0.650662637677787,0.531505923522283,"XLOC-008044#MOM5-CAEEL#A0A0K3AWM6",1
"GO:0045619","GO:0045619","regulation of lymphocyte differentiation","1/87","51/6213",0.0196078431372549,1.40027045300879,0.342030336280874,0.514281194519246,0.650662637677787,0.531505923522283,"XLOC-020834#BMP15-BOVIN#Q6PX77",1
"GO:0045746","GO:0045746","negative regulation of Notch signaling pathway","1/87","51/6213",0.0196078431372549,1.40027045300879,0.342030336280874,0.514281194519246,0.650662637677787,0.531505923522283,"XLOC-008044#MOM5-CAEEL#A0A0K3AWM6",1
"GO:0046128","GO:0046128","purine ribonucleoside metabolic process","1/87","51/6213",0.0196078431372549,1.40027045300879,0.342030336280874,0.514281194519246,0.650662637677787,0.531505923522283,"XLOC-016646#ADK-PHYPA#O49923",1
"GO:0051294","GO:0051294","establishment of spindle orientation","1/87","51/6213",0.0196078431372549,1.40027045300879,0.342030336280874,0.514281194519246,0.650662637677787,0.531505923522283,"XLOC-020923#WNT11-HUMAN#O96014",1
"GO:0061245","GO:0061245","establishment or maintenance of bipolar cell polarity","1/87","51/6213",0.0196078431372549,1.40027045300879,0.342030336280874,0.514281194519246,0.650662637677787,0.531505923522283,"XLOC-008044#MOM5-CAEEL#A0A0K3AWM6",1
"GO:1903429","GO:1903429","regulation of cell maturation","1/87","51/6213",0.0196078431372549,1.40027045300879,0.342030336280874,0.514281194519246,0.650662637677787,0.531505923522283,"XLOC-006685#KAPR-STRPU#Q26619",1
"GO:0051345","GO:0051345","positive regulation of hydrolase activity","5/87","338/6213",0.014792899408284,1.05641705774332,0.127101800109727,0.516157513424176,0.652747068173393,0.533208629489141,"XLOC-020834#BMP15-BOVIN#Q6PX77/XLOC-020938#SPB6-MOUSE#Q60854/gene-evm.model.ptg000012l.503-1#DJC10-XENLA#Q6NRT6/XLOC-020232#AGD1-ARATH#Q9FIT8/XLOC-010665#MYC-MARMO#P22555",5
"GO:0018991","GO:0018991","egg-laying behavior","1/87","52/6213",0.0192307692307692,1.37334217506631,0.322158781773392,0.521138957595654,0.655806263017467,0.53570758991299,"XLOC-004696#MYS-ARGIR#P24733",1
"GO:0030856","GO:0030856","regulation of epithelial cell differentiation","1/87","52/6213",0.0192307692307692,1.37334217506631,0.322158781773392,0.521138957595654,0.655806263017467,0.53570758991299,"XLOC-020834#BMP15-BOVIN#Q6PX77",1
"GO:0042278","GO:0042278","purine nucleoside metabolic process","1/87","52/6213",0.0192307692307692,1.37334217506631,0.322158781773392,0.521138957595654,0.655806263017467,0.53570758991299,"XLOC-016646#ADK-PHYPA#O49923",1
"GO:0072347","GO:0072347","response to anesthetic","1/87","52/6213",0.0192307692307692,1.37334217506631,0.322158781773392,0.521138957595654,0.655806263017467,0.53570758991299,"XLOC-025964#NEC1-HUMAN#P29120",1
"GO:0099106","GO:0099106","ion channel regulator activity","1/87","52/6213",0.0192307692307692,1.37334217506631,0.322158781773392,0.521138957595654,0.655806263017467,0.53570758991299,"XLOC-023090#KCC2A-HUMAN#Q9UQM7",1
"GO:0140029","GO:0140029","exocytic process","1/87","52/6213",0.0192307692307692,1.37334217506631,0.322158781773392,0.521138957595654,0.655806263017467,0.53570758991299,"XLOC-015788#OTOF-HUMAN#Q9HC10",1
"GO:1900407","GO:1900407","regulation of cellular response to oxidative stress","1/87","52/6213",0.0192307692307692,1.37334217506631,0.322158781773392,0.521138957595654,0.655806263017467,0.53570758991299,"XLOC-008044#MOM5-CAEEL#A0A0K3AWM6",1
"GO:1903305","GO:1903305","regulation of regulated secretory pathway","1/87","52/6213",0.0192307692307692,1.37334217506631,0.322158781773392,0.521138957595654,0.655806263017467,0.53570758991299,"XLOC-011874#SY65-APLCA#P41823",1
"GO:1905369","GO:1905369","endopeptidase complex","1/87","52/6213",0.0192307692307692,1.37334217506631,0.322158781773392,0.521138957595654,0.655806263017467,0.53570758991299,"gene-evm.model.ptg000021l.117#UFD1-RAT#Q9ES53",1
"GO:0006644","GO:0006644","phospholipid metabolic process","3/87","196/6213",0.0153061224489796,1.09306826178747,0.157770748640051,0.521357932479431,0.655806263017467,0.53570758991299,"XLOC-022911#PA2B-BUNFA#A6MEY4/gene-evm.model.ptg000030l.120#PGP-CHICK#Q5F4B1/XLOC-020365#PA2-BOMTE#P82971",3
"GO:0046486","GO:0046486","glycerolipid metabolic process","3/87","196/6213",0.0153061224489796,1.09306826178747,0.157770748640051,0.521357932479431,0.655806263017467,0.53570758991299,"XLOC-022911#PA2B-BUNFA#A6MEY4/gene-evm.model.ptg000030l.120#PGP-CHICK#Q5F4B1/XLOC-020365#PA2-BOMTE#P82971",3
"GO:0005216","GO:0005216","monoatomic ion channel activity","2/87","124/6213",0.0161290322580645,1.15183537263626,0.203515583205443,0.521794678250841,0.655806263017467,0.53570758991299,"XLOC-025615#S15A2-DANRE#B0S6T2/XLOC-010031#ACHB4-BOVIN#Q8SPU6",2
"GO:0005802","GO:0005802","trans-Golgi network","2/87","124/6213",0.0161290322580645,1.15183537263626,0.203515583205443,0.521794678250841,0.655806263017467,0.53570758991299,"XLOC-010538#LSHR-CHICK#Q90674/XLOC-025964#NEC1-HUMAN#P29120",2
"GO:0007612","GO:0007612","learning","2/87","124/6213",0.0161290322580645,1.15183537263626,0.203515583205443,0.521794678250841,0.655806263017467,0.53570758991299,"XLOC-006685#KAPR-STRPU#Q26619/XLOC-010031#ACHB4-BOVIN#Q8SPU6",2
"GO:0002119","GO:0002119","nematode larval development","3/87","197/6213",0.0152284263959391,1.08751969193068,0.148755089356121,0.524819175422288,0.659317088278198,0.538575473074669,"XLOC-020834#BMP15-BOVIN#Q6PX77/XLOC-025615#S15A2-DANRE#B0S6T2/XLOC-006644#FBX11-RAT#Q7TSL3",3
"GO:0060491","GO:0060491","regulation of cell projection assembly","2/87","125/6213",0.016,1.14262068965517,0.191949537669901,0.526134093973863,0.660281252924355,0.539363068966931,"XLOC-006585#OTX1-HUMAN#P32242/XLOC-023090#KCC2A-HUMAN#Q9UQM7",2
"GO:0120032","GO:0120032","regulation of plasma membrane bounded cell projection assembly","2/87","125/6213",0.016,1.14262068965517,0.191949537669901,0.526134093973863,0.660281252924355,0.539363068966931,"XLOC-006585#OTX1-HUMAN#P32242/XLOC-023090#KCC2A-HUMAN#Q9UQM7",2
"GO:0006022","GO:0006022","aminoglycan metabolic process","1/87","53/6213",0.0188679245283019,1.34743005855563,0.30269261259178,0.527900994714495,0.660281252924355,0.539363068966931,"XLOC-009355#B3GA3-HUMAN#O94766",1
"GO:0015718","GO:0015718","monocarboxylic acid transport","1/87","53/6213",0.0188679245283019,1.34743005855563,0.30269261259178,0.527900994714495,0.660281252924355,0.539363068966931,"XLOC-010665#MYC-MARMO#P22555",1
"GO:0019722","GO:0019722","calcium-mediated signaling","1/87","53/6213",0.0188679245283019,1.34743005855563,0.30269261259178,0.527900994714495,0.660281252924355,0.539363068966931,"XLOC-023090#KCC2A-HUMAN#Q9UQM7",1
"GO:0019751","GO:0019751","polyol metabolic process","1/87","53/6213",0.0188679245283019,1.34743005855563,0.30269261259178,0.527900994714495,0.660281252924355,0.539363068966931,"gene-evm.model.ptg000030l.120#PGP-CHICK#Q5F4B1",1
"GO:0032411","GO:0032411","positive regulation of transporter activity","1/87","53/6213",0.0188679245283019,1.34743005855563,0.30269261259178,0.527900994714495,0.660281252924355,0.539363068966931,"XLOC-020834#BMP15-BOVIN#Q6PX77",1
"GO:0040001","GO:0040001","establishment of mitotic spindle localization","1/87","53/6213",0.0188679245283019,1.34743005855563,0.30269261259178,0.527900994714495,0.660281252924355,0.539363068966931,"XLOC-020923#WNT11-HUMAN#O96014",1
"GO:0043230","GO:0043230","extracellular organelle","1/87","53/6213",0.0188679245283019,1.34743005855563,0.30269261259178,0.527900994714495,0.660281252924355,0.539363068966931,"XLOC-021709#BHMT1-BOVIN#Q5I597",1
"GO:1903578","GO:1903578","regulation of ATP metabolic process","1/87","53/6213",0.0188679245283019,1.34743005855563,0.30269261259178,0.527900994714495,0.660281252924355,0.539363068966931,"XLOC-010665#MYC-MARMO#P22555",1
"GO:0048749","GO:0048749","compound eye development","3/87","198/6213",0.0151515151515152,1.08202716823406,0.139784607668775,0.528267094090449,0.660449614127981,0.539500597959433,"XLOC-020834#BMP15-BOVIN#Q6PX77/XLOC-008044#MOM5-CAEEL#A0A0K3AWM6/XLOC-013477#SIX1B-DANRE#Q6NZ04",3
"GO:0001889","GO:0001889","liver development","2/87","126/6213",0.0158730158730159,1.13355227148331,0.180476954711146,0.530447429929791,0.662015099558047,0.540779393960749,"XLOC-026524#KLKB1-RAT#P14272/XLOC-010665#MYC-MARMO#P22555",2
"GO:0016032","GO:0016032","viral process","2/87","126/6213",0.0158730158730159,1.13355227148331,0.180476954711146,0.530447429929791,0.662015099558047,0.540779393960749,"XLOC-020938#SPB6-MOUSE#Q60854/XLOC-010665#MYC-MARMO#P22555",2
"GO:0019098","GO:0019098","reproductive behavior","2/87","126/6213",0.0158730158730159,1.13355227148331,0.180476954711146,0.530447429929791,0.662015099558047,0.540779393960749,"XLOC-004696#MYS-ARGIR#P24733/XLOC-023090#KCC2A-HUMAN#Q9UQM7",2
"GO:0042277","GO:0042277","peptide binding","2/87","126/6213",0.0158730158730159,1.13355227148331,0.180476954711146,0.530447429929791,0.662015099558047,0.540779393960749,"XLOC-010031#ACHB4-BOVIN#Q8SPU6/XLOC-025964#NEC1-HUMAN#P29120",2
"GO:0032535","GO:0032535","regulation of cellular component size","4/87","272/6213",0.0147058823529412,1.05020283975659,0.100895039204944,0.533140933172178,0.663674626707506,0.542135009696319,"XLOC-020834#BMP15-BOVIN#Q6PX77/XLOC-008044#MOM5-CAEEL#A0A0K3AWM6/XLOC-022943#NR2E3-MOUSE#Q9QXZ7/XLOC-004104#XLOC-004104",4
"GO:0005506","GO:0005506","iron ion binding","1/87","54/6213",0.0185185185185185,1.32247765006386,0.283614383210362,0.534568626769663,0.663674626707506,0.542135009696319,"XLOC-023693#TRLF-DESRO#K9IMD0",1
"GO:0008286","GO:0008286","insulin receptor signaling pathway","1/87","54/6213",0.0185185185185185,1.32247765006386,0.283614383210362,0.534568626769663,0.663674626707506,0.542135009696319,"XLOC-004104#XLOC-004104",1
"GO:0009145","GO:0009145","purine nucleoside triphosphate biosynthetic process","1/87","54/6213",0.0185185185185185,1.32247765006386,0.283614383210362,0.534568626769663,0.663674626707506,0.542135009696319,"XLOC-016646#ADK-PHYPA#O49923",1
"GO:0015276","GO:0015276","ligand-gated monoatomic ion channel activity","1/87","54/6213",0.0185185185185185,1.32247765006386,0.283614383210362,0.534568626769663,0.663674626707506,0.542135009696319,"XLOC-010031#ACHB4-BOVIN#Q8SPU6",1
"GO:0016616","GO:0016616","oxidoreductase activity, acting on the CH-OH group of donors, NAD or NADP as acceptor","1/87","54/6213",0.0185185185185185,1.32247765006386,0.283614383210362,0.534568626769663,0.663674626707506,0.542135009696319,"XLOC-020834#BMP15-BOVIN#Q6PX77",1
"GO:0022834","GO:0022834","ligand-gated channel activity","1/87","54/6213",0.0185185185185185,1.32247765006386,0.283614383210362,0.534568626769663,0.663674626707506,0.542135009696319,"XLOC-010031#ACHB4-BOVIN#Q8SPU6",1
"GO:0033135","GO:0033135","regulation of peptidyl-serine phosphorylation","1/87","54/6213",0.0185185185185185,1.32247765006386,0.283614383210362,0.534568626769663,0.663674626707506,0.542135009696319,"XLOC-010031#ACHB4-BOVIN#Q8SPU6",1
"GO:0045444","GO:0045444","fat cell differentiation","1/87","54/6213",0.0185185185185185,1.32247765006386,0.283614383210362,0.534568626769663,0.663674626707506,0.542135009696319,"XLOC-003038#INHBA-MOUSE#Q04998",1
"GO:0048675","GO:0048675","axon extension","1/87","54/6213",0.0185185185185185,1.32247765006386,0.283614383210362,0.534568626769663,0.663674626707506,0.542135009696319,"XLOC-008044#MOM5-CAEEL#A0A0K3AWM6",1
"GO:1905879","GO:1905879","regulation of oogenesis","1/87","54/6213",0.0185185185185185,1.32247765006386,0.283614383210362,0.534568626769663,0.663674626707506,0.542135009696319,"XLOC-006685#KAPR-STRPU#Q26619",1
"GO:2000736","GO:2000736","regulation of stem cell differentiation","1/87","54/6213",0.0185185185185185,1.32247765006386,0.283614383210362,0.534568626769663,0.663674626707506,0.542135009696319,"XLOC-020834#BMP15-BOVIN#Q6PX77",1
"GO:0051098","GO:0051098","regulation of binding","3/87","200/6213",0.015,1.07120689655172,0.121977101065063,0.535122423576998,0.6640731946347,0.54246058734895,"XLOC-020834#BMP15-BOVIN#Q6PX77/XLOC-003648#DAND5-MOUSE#Q76LW6/XLOC-010665#MYC-MARMO#P22555",3
"GO:0071478","GO:0071478","cellular response to radiation","2/87","128/6213",0.015625,1.11584051724138,0.157805463503949,0.538995360575968,0.668588592923147,0.546149074743796,"XLOC-022275#T53I2-HUMAN#Q8IXH6/XLOC-010665#MYC-MARMO#P22555",2
"GO:0007043","GO:0007043","cell-cell junction assembly","1/87","55/6213",0.0181818181818182,1.29843260188088,0.264907724028615,0.541143156639941,0.669506255808219,0.546898684804323,"XLOC-023693#TRLF-DESRO#K9IMD0",1
"GO:0010827","GO:0010827","regulation of D-glucose transmembrane transport","1/87","55/6213",0.0181818181818182,1.29843260188088,0.264907724028615,0.541143156639941,0.669506255808219,0.546898684804323,"XLOC-010665#MYC-MARMO#P22555",1
"GO:0021766","GO:0021766","hippocampus development","1/87","55/6213",0.0181818181818182,1.29843260188088,0.264907724028615,0.541143156639941,0.669506255808219,0.546898684804323,"XLOC-009352#ODO1-BOVIN#Q148N0",1
"GO:0030317","GO:0030317","flagellated sperm motility","1/87","55/6213",0.0181818181818182,1.29843260188088,0.264907724028615,0.541143156639941,0.669506255808219,0.546898684804323,"XLOC-010031#ACHB4-BOVIN#Q8SPU6",1
"GO:1902911","GO:1902911","protein kinase complex","1/87","55/6213",0.0181818181818182,1.29843260188088,0.264907724028615,0.541143156639941,0.669506255808219,0.546898684804323,"XLOC-006685#KAPR-STRPU#Q26619",1
"GO:1903076","GO:1903076","regulation of protein localization to plasma membrane","1/87","55/6213",0.0181818181818182,1.29843260188088,0.264907724028615,0.541143156639941,0.669506255808219,0.546898684804323,"XLOC-023090#KCC2A-HUMAN#Q9UQM7",1
"GO:0003682","GO:0003682","chromatin binding","4/87","275/6213",0.0145454545454545,1.0387460815047,0.078317874341124,0.541932857727987,0.670192649804051,0.547459378554862,"XLOC-013477#SIX1B-DANRE#Q6NZ04/XLOC-022943#NR2E3-MOUSE#Q9QXZ7/gene-evm.model.ptg000001l.686#SOX14-DANRE#Q32PP9/XLOC-012287#SX19B-DANRE#Q9DDD7",4
"GO:0003779","GO:0003779","actin binding","2/87","129/6213",0.0155038759689922,1.10719059075114,0.146603308175465,0.543229725448837,0.671214554658091,0.548294140613948,"XLOC-004696#MYS-ARGIR#P24733/XLOC-026222#MYPH-ECHGR#Q24799",2
"GO:0110053","GO:0110053","regulation of actin filament organization","2/87","129/6213",0.0155038759689922,1.10719059075114,0.146603308175465,0.543229725448837,0.671214554658091,0.548294140613948,"XLOC-008044#MOM5-CAEEL#A0A0K3AWM6/XLOC-004104#XLOC-004104",2
"GO:0008283","GO:0008283","cell population proliferation","6/87","421/6213",0.0142517814726841,1.01777377344582,0.0450083679274958,0.543481783617544,0.671235293792578,0.548311081763155,"XLOC-020834#BMP15-BOVIN#Q6PX77/XLOC-010538#LSHR-CHICK#Q90674/XLOC-016646#ADK-PHYPA#O49923/XLOC-013477#SIX1B-DANRE#Q6NZ04/XLOC-020923#WNT11-HUMAN#O96014/XLOC-010665#MYC-MARMO#P22555",6
"GO:0061008","GO:0061008","hepaticobiliary system development","2/87","130/6213",0.0153846153846154,1.09867374005305,0.135488118299161,0.547437550505507,0.672858141898773,0.549636735537434,"XLOC-026524#KLKB1-RAT#P14272/XLOC-010665#MYC-MARMO#P22555",2
"GO:0000794","GO:0000794","condensed nuclear chromosome","1/87","56/6213",0.0178571428571429,1.27524630541872,0.246557256290523,0.547625869431809,0.672858141898773,0.549636735537434,"XLOC-014230#RSPH1-MOUSE#Q8VIG3",1
"GO:0005776","GO:0005776","autophagosome","1/87","56/6213",0.0178571428571429,1.27524630541872,0.246557256290523,0.547625869431809,0.672858141898773,0.549636735537434,"XLOC-022275#T53I2-HUMAN#Q8IXH6",1
"GO:0006906","GO:0006906","vesicle fusion","1/87","56/6213",0.0178571428571429,1.27524630541872,0.246557256290523,0.547625869431809,0.672858141898773,0.549636735537434,"XLOC-011874#SY65-APLCA#P41823",1
"GO:0008238","GO:0008238","exopeptidase activity","1/87","56/6213",0.0178571428571429,1.27524630541872,0.246557256290523,0.547625869431809,0.672858141898773,0.549636735537434,"XLOC-004937#FOLH1-RAT#P70627",1
"GO:0018210","GO:0018210","peptidyl-threonine modification","1/87","56/6213",0.0178571428571429,1.27524630541872,0.246557256290523,0.547625869431809,0.672858141898773,0.549636735537434,"XLOC-023090#KCC2A-HUMAN#Q9UQM7",1
"GO:0030718","GO:0030718","germ-line stem cell population maintenance","1/87","56/6213",0.0178571428571429,1.27524630541872,0.246557256290523,0.547625869431809,0.672858141898773,0.549636735537434,"XLOC-020834#BMP15-BOVIN#Q6PX77",1
"GO:0040028","GO:0040028","regulation of vulval development","1/87","56/6213",0.0178571428571429,1.27524630541872,0.246557256290523,0.547625869431809,0.672858141898773,0.549636735537434,"XLOC-020923#WNT11-HUMAN#O96014",1
"GO:0042113","GO:0042113","B cell activation","1/87","56/6213",0.0178571428571429,1.27524630541872,0.246557256290523,0.547625869431809,0.672858141898773,0.549636735537434,"XLOC-010031#ACHB4-BOVIN#Q8SPU6",1
"GO:0043506","GO:0043506","regulation of JUN kinase activity","1/87","56/6213",0.0178571428571429,1.27524630541872,0.246557256290523,0.547625869431809,0.672858141898773,0.549636735537434,"XLOC-020938#SPB6-MOUSE#Q60854",1
"GO:0097722","GO:0097722","sperm motility","1/87","56/6213",0.0178571428571429,1.27524630541872,0.246557256290523,0.547625869431809,0.672858141898773,0.549636735537434,"XLOC-010031#ACHB4-BOVIN#Q8SPU6",1
"GO:2001243","GO:2001243","negative regulation of intrinsic apoptotic signaling pathway","1/87","56/6213",0.0178571428571429,1.27524630541872,0.246557256290523,0.547625869431809,0.672858141898773,0.549636735537434,"XLOC-027115#TXD12-EPICO#H9D1R1",1
"GO:0097190","GO:0097190","apoptotic signaling pathway","2/87","131/6213",0.0152671755725191,1.0902869176099,0.124458373202251,0.551618741076876,0.676922247257987,0.552956575877353,"gene-evm.model.ptg000012l.503-1#DJC10-XENLA#Q6NRT6/XLOC-010665#MYC-MARMO#P22555",2
"GO:0046914","GO:0046914","transition metal ion binding","5/87","352/6213",0.0142045454545455,1.01440047021944,0.0331473640456624,0.552925632966778,0.676922247257987,0.552956575877353,"XLOC-023693#TRLF-DESRO#K9IMD0/XLOC-021709#BHMT1-BOVIN#Q5I597/XLOC-020686#MOXD1-DANRE#Q5TZ24/XLOC-025643#TRIM2-HUMAN#Q9C040/XLOC-000173#TES-CHICK#Q90YH9",5
"GO:0002020","GO:0002020","protease binding","1/87","57/6213",0.0175438596491228,1.25287356321839,0.228548515140894,0.554018032719032,0.676922247257987,0.552956575877353,"XLOC-020938#SPB6-MOUSE#Q60854",1
"GO:0010906","GO:0010906","regulation of glucose metabolic process","1/87","57/6213",0.0175438596491228,1.25287356321839,0.228548515140894,0.554018032719032,0.676922247257987,0.552956575877353,"gene-evm.model.ptg000030l.120#PGP-CHICK#Q5F4B1",1
"GO:0019218","GO:0019218","regulation of steroid metabolic process","1/87","57/6213",0.0175438596491228,1.25287356321839,0.228548515140894,0.554018032719032,0.676922247257987,0.552956575877353,"XLOC-020834#BMP15-BOVIN#Q6PX77",1
"GO:0030838","GO:0030838","positive regulation of actin filament polymerization","1/87","57/6213",0.0175438596491228,1.25287356321839,0.228548515140894,0.554018032719032,0.676922247257987,0.552956575877353,"XLOC-004104#XLOC-004104",1
"GO:0030879","GO:0030879","mammary gland development","1/87","57/6213",0.0175438596491228,1.25287356321839,0.228548515140894,0.554018032719032,0.676922247257987,0.552956575877353,"XLOC-020834#BMP15-BOVIN#Q6PX77",1
"GO:0031047","GO:0031047","regulatory ncRNA-mediated gene silencing","1/87","57/6213",0.0175438596491228,1.25287356321839,0.228548515140894,0.554018032719032,0.676922247257987,0.552956575877353,"XLOC-006644#FBX11-RAT#Q7TSL3",1
"GO:0032091","GO:0032091","negative regulation of protein binding","1/87","57/6213",0.0175438596491228,1.25287356321839,0.228548515140894,0.554018032719032,0.676922247257987,0.552956575877353,"XLOC-010665#MYC-MARMO#P22555",1
"GO:0032588","GO:0032588","trans-Golgi network membrane","1/87","57/6213",0.0175438596491228,1.25287356321839,0.228548515140894,0.554018032719032,0.676922247257987,0.552956575877353,"XLOC-010538#LSHR-CHICK#Q90674",1
"GO:0035578","GO:0035578","azurophil granule lumen","1/87","57/6213",0.0175438596491228,1.25287356321839,0.228548515140894,0.554018032719032,0.676922247257987,0.552956575877353,"XLOC-020938#SPB6-MOUSE#Q60854",1
"GO:0042306","GO:0042306","regulation of protein import into nucleus","1/87","57/6213",0.0175438596491228,1.25287356321839,0.228548515140894,0.554018032719032,0.676922247257987,0.552956575877353,"XLOC-020834#BMP15-BOVIN#Q6PX77",1
"GO:0050731","GO:0050731","positive regulation of peptidyl-tyrosine phosphorylation","1/87","57/6213",0.0175438596491228,1.25287356321839,0.228548515140894,0.554018032719032,0.676922247257987,0.552956575877353,"XLOC-006335#GREM1-CHICK#O73755",1
"GO:0050804","GO:0050804","modulation of chemical synaptic transmission","3/87","206/6213",0.0145631067961165,1.04000669568129,0.0695863938015581,0.555355386433045,0.677326342925387,0.553286668967774,"XLOC-004104#XLOC-004104/XLOC-016414#GRM4-MOUSE#Q68EF4/XLOC-010031#ACHB4-BOVIN#Q8SPU6",3
"GO:0099177","GO:0099177","regulation of trans-synaptic signaling","3/87","206/6213",0.0145631067961165,1.04000669568129,0.0695863938015581,0.555355386433045,0.677326342925387,0.553286668967774,"XLOC-004104#XLOC-004104/XLOC-016414#GRM4-MOUSE#Q68EF4/XLOC-010031#ACHB4-BOVIN#Q8SPU6",3
"GO:0006812","GO:0006812","monoatomic cation transport","5/87","353/6213",0.0141643059490085,1.01152681449643,0.026572639905877,0.555502905236219,0.677326342925387,0.553286668967774,"XLOC-025615#S15A2-DANRE#B0S6T2/XLOC-020299#SC5A7-DROME#Q9VE46/XLOC-003539#RHBG-DANRE#Q7T070/XLOC-010031#ACHB4-BOVIN#Q8SPU6/XLOC-023090#KCC2A-HUMAN#Q9UQM7",5
"GO:0007283","GO:0007283","spermatogenesis","5/87","353/6213",0.0141643059490085,1.01152681449643,0.026572639905877,0.555502905236219,0.677326342925387,0.553286668967774,"XLOC-003038#INHBA-MOUSE#Q04998/XLOC-010538#LSHR-CHICK#Q90674/XLOC-013477#SIX1B-DANRE#Q6NZ04/XLOC-014230#RSPH1-MOUSE#Q8VIG3/novel-gene-chr14-4172#SIX2-MOUSE#Q62232",5
"GO:0002521","GO:0002521","leukocyte differentiation","2/87","132/6213",0.0151515151515152,1.08202716823406,0.113512590900841,0.555773210230751,0.677326342925387,0.553286668967774,"XLOC-020834#BMP15-BOVIN#Q6PX77/XLOC-008044#MOM5-CAEEL#A0A0K3AWM6",2
"GO:0030307","GO:0030307","positive regulation of cell growth","2/87","132/6213",0.0151515151515152,1.08202716823406,0.113512590900841,0.555773210230751,0.677326342925387,0.553286668967774,"XLOC-008044#MOM5-CAEEL#A0A0K3AWM6/XLOC-022943#NR2E3-MOUSE#Q9QXZ7",2
"GO:0001775","GO:0001775","cell activation","6/87","427/6213",0.0140515222482436,1.00347250262457,0.00886041694772253,0.557694183617344,0.679377244176039,0.554961985944896,"XLOC-021454#SPB3-HUMAN#P29508/XLOC-008044#MOM5-CAEEL#A0A0K3AWM6/XLOC-020938#SPB6-MOUSE#Q60854/XLOC-026123#MGA-HUMAN#O43451/gene-evm.model.ptg000022l.478#GSH0-HUMAN#P48507/XLOC-010031#ACHB4-BOVIN#Q8SPU6",6
"GO:0007286","GO:0007286","spermatid development","2/87","133/6213",0.0150375939849624,1.07389162561576,0.102649326820798,0.559900878578482,0.679674965353154,0.555205185046907,"XLOC-014230#RSPH1-MOUSE#Q8VIG3/novel-gene-chr14-4172#SIX2-MOUSE#Q62232",2
"GO:0016323","GO:0016323","basolateral plasma membrane","2/87","133/6213",0.0150375939849624,1.07389162561576,0.102649326820798,0.559900878578482,0.679674965353154,0.555205185046907,"XLOC-003539#RHBG-DANRE#Q7T070/XLOC-015788#OTOF-HUMAN#Q9HC10",2
"GO:0015081","GO:0015081","sodium ion transmembrane transporter activity","1/87","58/6213",0.0172413793103448,1.23127229488704,0.21086787991122,0.560320896779046,0.679674965353154,0.555205185046907,"XLOC-020299#SC5A7-DROME#Q9VE46",1
"GO:0030217","GO:0030217","T cell differentiation","1/87","58/6213",0.0172413793103448,1.23127229488704,0.21086787991122,0.560320896779046,0.679674965353154,0.555205185046907,"XLOC-008044#MOM5-CAEEL#A0A0K3AWM6",1
"GO:0030703","GO:0030703","eggshell formation","1/87","58/6213",0.0172413793103448,1.23127229488704,0.21086787991122,0.560320896779046,0.679674965353154,0.555205185046907,"XLOC-020834#BMP15-BOVIN#Q6PX77",1
"GO:0035218","GO:0035218","leg disc development","1/87","58/6213",0.0172413793103448,1.23127229488704,0.21086787991122,0.560320896779046,0.679674965353154,0.555205185046907,"XLOC-020834#BMP15-BOVIN#Q6PX77",1
"GO:0035725","GO:0035725","sodium ion transmembrane transport","1/87","58/6213",0.0172413793103448,1.23127229488704,0.21086787991122,0.560320896779046,0.679674965353154,0.555205185046907,"XLOC-020299#SC5A7-DROME#Q9VE46",1
"GO:0051445","GO:0051445","regulation of meiotic cell cycle","1/87","58/6213",0.0172413793103448,1.23127229488704,0.21086787991122,0.560320896779046,0.679674965353154,0.555205185046907,"XLOC-006685#KAPR-STRPU#Q26619",1
"GO:1990823","GO:1990823","response to leukemia inhibitory factor","1/87","58/6213",0.0172413793103448,1.23127229488704,0.21086787991122,0.560320896779046,0.679674965353154,0.555205185046907,"gene-evm.model.ptg000022l.478#GSH0-HUMAN#P48507",1
"GO:1990830","GO:1990830","cellular response to leukemia inhibitory factor","1/87","58/6213",0.0172413793103448,1.23127229488704,0.21086787991122,0.560320896779046,0.679674965353154,0.555205185046907,"gene-evm.model.ptg000022l.478#GSH0-HUMAN#P48507",1
"GO:0098655","GO:0098655","monoatomic cation transmembrane transport","4/87","282/6213",0.0141843971631206,1.01296160430423,0.0265464348875809,0.56212581473438,0.681314123460811,0.556544161950389,"XLOC-025615#S15A2-DANRE#B0S6T2/XLOC-020299#SC5A7-DROME#Q9VE46/XLOC-003539#RHBG-DANRE#Q7T070/XLOC-010031#ACHB4-BOVIN#Q8SPU6",4
"GO:0048477","GO:0048477","oogenesis","6/87","429/6213",0.013986013986014,0.998794309139137,-0.00308416302695047,0.562388629775749,0.681314123460811,0.556544161950389,"XLOC-020834#BMP15-BOVIN#Q6PX77/XLOC-008044#MOM5-CAEEL#A0A0K3AWM6/XLOC-003038#INHBA-MOUSE#Q04998/XLOC-010538#LSHR-CHICK#Q90674/XLOC-004696#MYS-ARGIR#P24733/XLOC-000223#BMP1-MOUSE#P98063",6
"GO:0051640","GO:0051640","organelle localization","6/87","429/6213",0.013986013986014,0.998794309139137,-0.00308416302695047,0.562388629775749,0.681314123460811,0.556544161950389,"XLOC-015621#TPC12-MOUSE#Q8K2L8/XLOC-006685#KAPR-STRPU#Q26619/XLOC-011874#SY65-APLCA#P41823/gene-evm.model.ptg000010l.70#ESYT2-MOUSE#Q3TZZ7/XLOC-020923#WNT11-HUMAN#O96014/XLOC-015788#OTOF-HUMAN#Q9HC10",6
"GO:0001508","GO:0001508","action potential","1/87","59/6213",0.0169491525423729,1.2104032729398,0.193502510842752,0.566535694826198,0.684014531248051,0.558750040468273,"XLOC-010031#ACHB4-BOVIN#Q8SPU6",1
"GO:0006006","GO:0006006","glucose metabolic process","1/87","59/6213",0.0169491525423729,1.2104032729398,0.193502510842752,0.566535694826198,0.684014531248051,0.558750040468273,"XLOC-010665#MYC-MARMO#P22555",1
"GO:0007601","GO:0007601","visual perception","1/87","59/6213",0.0169491525423729,1.2104032729398,0.193502510842752,0.566535694826198,0.684014531248051,0.558750040468273,"gene-evm.model.ptg000032l.233#LAMC1-XENTR#A0JP86",1
"GO:0016798","GO:0016798","hydrolase activity, acting on glycosyl bonds","1/87","59/6213",0.0169491525423729,1.2104032729398,0.193502510842752,0.566535694826198,0.684014531248051,0.558750040468273,"XLOC-026123#MGA-HUMAN#O43451",1
"GO:0038093","GO:0038093","Fc receptor signaling pathway","1/87","59/6213",0.0169491525423729,1.2104032729398,0.193502510842752,0.566535694826198,0.684014531248051,0.558750040468273,"XLOC-004104#XLOC-004104",1
"GO:0051952","GO:0051952","regulation of amine transport","1/87","59/6213",0.0169491525423729,1.2104032729398,0.193502510842752,0.566535694826198,0.684014531248051,0.558750040468273,"XLOC-010031#ACHB4-BOVIN#Q8SPU6",1
"GO:1904064","GO:1904064","positive regulation of cation transmembrane transport","1/87","59/6213",0.0169491525423729,1.2104032729398,0.193502510842752,0.566535694826198,0.684014531248051,0.558750040468273,"XLOC-020834#BMP15-BOVIN#Q6PX77",1
"GO:1990204","GO:1990204","oxidoreductase complex","1/87","59/6213",0.0169491525423729,1.2104032729398,0.193502510842752,0.566535694826198,0.684014531248051,0.558750040468273,"XLOC-009352#ODO1-BOVIN#Q148N0",1
"GO:0016791","GO:0016791","phosphatase activity","2/87","135/6213",0.0148148148148148,1.05798212005109,0.0811647547621,0.568075531885008,0.6855835416531,0.560031715911216,"XLOC-004696#MYS-ARGIR#P24733/gene-evm.model.ptg000030l.120#PGP-CHICK#Q5F4B1",2
"GO:0000122","GO:0000122","negative regulation of transcription by RNA polymerase II","5/87","359/6213",0.0139275766016713,0.994621073864182,-0.0125113248184356,0.570818399533402,0.68849952556641,0.562413691812508,"XLOC-006454#GSC-PONPY#A2T7P4/XLOC-020834#BMP15-BOVIN#Q6PX77/XLOC-013477#SIX1B-DANRE#Q6NZ04/XLOC-026222#MYPH-ECHGR#Q24799/XLOC-010665#MYC-MARMO#P22555",5
"GO:0000776","GO:0000776","kinetochore","1/87","60/6213",0.0166666666666667,1.19022988505747,0.17644029155321,0.572663643241883,0.68849952556641,0.562413691812508,"XLOC-015621#TPC12-MOUSE#Q8K2L8",1
"GO:0001227","GO:0001227","DNA-binding transcription repressor activity, RNA polymerase II-specific","1/87","60/6213",0.0166666666666667,1.19022988505747,0.17644029155321,0.572663643241883,0.68849952556641,0.562413691812508,"XLOC-006454#GSC-PONPY#A2T7P4",1
"GO:0006637","GO:0006637","acyl-CoA metabolic process","1/87","60/6213",0.0166666666666667,1.19022988505747,0.17644029155321,0.572663643241883,0.68849952556641,0.562413691812508,"XLOC-009352#ODO1-BOVIN#Q148N0",1
"GO:0008194","GO:0008194","UDP-glycosyltransferase activity","1/87","60/6213",0.0166666666666667,1.19022988505747,0.17644029155321,0.572663643241883,0.68849952556641,0.562413691812508,"XLOC-009355#B3GA3-HUMAN#O94766",1
"GO:0048103","GO:0048103","somatic stem cell division","1/87","60/6213",0.0166666666666667,1.19022988505747,0.17644029155321,0.572663643241883,0.68849952556641,0.562413691812508,"XLOC-008044#MOM5-CAEEL#A0A0K3AWM6",1
"GO:0051015","GO:0051015","actin filament binding","1/87","60/6213",0.0166666666666667,1.19022988505747,0.17644029155321,0.572663643241883,0.68849952556641,0.562413691812508,"XLOC-004696#MYS-ARGIR#P24733",1
"GO:1902882","GO:1902882","regulation of response to oxidative stress","1/87","60/6213",0.0166666666666667,1.19022988505747,0.17644029155321,0.572663643241883,0.68849952556641,0.562413691812508,"XLOC-008044#MOM5-CAEEL#A0A0K3AWM6",1
"GO:1903900","GO:1903900","regulation of viral life cycle","1/87","60/6213",0.0166666666666667,1.19022988505747,0.17644029155321,0.572663643241883,0.68849952556641,0.562413691812508,"XLOC-023693#TRLF-DESRO#K9IMD0",1
"GO:0010498","GO:0010498","proteasomal protein catabolic process","3/87","212/6213",0.0141509433962264,1.01057254391672,0.0186647625166219,0.575070149949927,0.691101574476471,0.564539224045199,"XLOC-006644#FBX11-RAT#Q7TSL3/gene-evm.model.ptg000012l.503-1#DJC10-XENLA#Q6NRT6/gene-evm.model.ptg000021l.117#UFD1-RAT#Q9ES53",3
"GO:0000165","GO:0000165","MAPK cascade","2/87","137/6213",0.0145985401459854,1.04253712559779,0.0599938032014224,0.576142209647369,0.69209841015745,0.565353507882227,"XLOC-010665#MYC-MARMO#P22555/XLOC-023090#KCC2A-HUMAN#Q9UQM7",2
"GO:0005814","GO:0005814","centriole","1/87","61/6213",0.0163934426229508,1.17071791972866,0.159669776638551,0.578705941801603,0.694009269424116,0.566914428950133,"XLOC-020365#PA2-BOMTE#P82971",1
"GO:0005925","GO:0005925","focal adhesion","1/87","61/6213",0.0163934426229508,1.17071791972866,0.159669776638551,0.578705941801603,0.694009269424116,0.566914428950133,"XLOC-000173#TES-CHICK#Q90YH9",1
"GO:0050953","GO:0050953","sensory perception of light stimulus","1/87","61/6213",0.0163934426229508,1.17071791972866,0.159669776638551,0.578705941801603,0.694009269424116,0.566914428950133,"gene-evm.model.ptg000032l.233#LAMC1-XENTR#A0JP86",1
"GO:1902600","GO:1902600","proton transmembrane transport","1/87","61/6213",0.0163934426229508,1.17071791972866,0.159669776638551,0.578705941801603,0.694009269424116,0.566914428950133,"XLOC-025615#S15A2-DANRE#B0S6T2",1
"GO:0050776","GO:0050776","regulation of immune response","4/87","288/6213",0.0138888888888889,0.991858237547893,-0.016859991338913,0.579057525283268,0.694139125896287,0.567020504633859,"XLOC-023693#TRLF-DESRO#K9IMD0/XLOC-010538#LSHR-CHICK#Q90674/XLOC-004104#XLOC-004104/gene-evm.model.ptg000021l.117#UFD1-RAT#Q9ES53",4
"GO:0045732","GO:0045732","positive regulation of protein catabolic process","2/87","138/6213",0.0144927536231884,1.03498250874563,0.0495226877368111,0.580134934096089,0.695138583358313,0.567836930121683,"XLOC-009823#GSH1-HUMAN#P48506/gene-evm.model.ptg000021l.117#UFD1-RAT#Q9ES53",2
"GO:0030054","GO:0030054","cell junction","4/87","289/6213",0.013840830449827,0.988426202123852,-0.0240106625238182,0.581844379714935,0.696894212983505,0.569271048958799,"XLOC-023693#TRLF-DESRO#K9IMD0/XLOC-004696#MYS-ARGIR#P24733/XLOC-000173#TES-CHICK#Q90YH9/XLOC-023090#KCC2A-HUMAN#Q9UQM7",4
"GO:0045814","GO:0045814","negative regulation of gene expression, epigenetic","1/87","62/6213",0.0161290322580645,1.15183537263626,0.143180143874649,0.584663773899012,0.699683618680319,0.571549627080719,"XLOC-006644#FBX11-RAT#Q7TSL3",1
"GO:1904589","GO:1904589","regulation of protein import","1/87","62/6213",0.0161290322580645,1.15183537263626,0.143180143874649,0.584663773899012,0.699683618680319,0.571549627080719,"XLOC-020834#BMP15-BOVIN#Q6PX77",1
"GO:0009142","GO:0009142","nucleoside triphosphate biosynthetic process","1/87","63/6213",0.0158730158730159,1.13355227148331,0.126961150547189,0.590538306766966,0.705530062481639,0.576325403853505,"XLOC-016646#ADK-PHYPA#O49923",1
"GO:0035315","GO:0035315","hair cell differentiation","1/87","63/6213",0.0158730158730159,1.13355227148331,0.126961150547189,0.590538306766966,0.705530062481639,0.576325403853505,"XLOC-008044#MOM5-CAEEL#A0A0K3AWM6",1
"GO:0045335","GO:0045335","phagocytic vesicle","1/87","63/6213",0.0158730158730159,1.13355227148331,0.126961150547189,0.590538306766966,0.705530062481639,0.576325403853505,"XLOC-025615#S15A2-DANRE#B0S6T2",1
"GO:0048259","GO:0048259","regulation of receptor-mediated endocytosis","1/87","63/6213",0.0158730158730159,1.13355227148331,0.126961150547189,0.590538306766966,0.705530062481639,0.576325403853505,"XLOC-006335#GREM1-CHICK#O73755",1
"GO:0006066","GO:0006066","alcohol metabolic process","2/87","141/6213",0.0141843971631206,1.01296160430423,0.0185519381409257,0.591950212327546,0.706625086096439,0.577219894337453,"XLOC-020686#MOXD1-DANRE#Q5TZ24/gene-evm.model.ptg000030l.120#PGP-CHICK#Q5F4B1",2
"GO:0048515","GO:0048515","spermatid differentiation","2/87","141/6213",0.0141843971631206,1.01296160430423,0.0185519381409257,0.591950212327546,0.706625086096439,0.577219894337453,"XLOC-014230#RSPH1-MOUSE#Q8VIG3/novel-gene-chr14-4172#SIX2-MOUSE#Q62232",2
"GO:0010721","GO:0010721","negative regulation of cell development","3/87","218/6213",0.0137614678899083,0.982758620689655,-0.0308810823230731,0.594246392522207,0.709069409396008,0.579216585460462,"XLOC-023693#TRLF-DESRO#K9IMD0/XLOC-020834#BMP15-BOVIN#Q6PX77/XLOC-020923#WNT11-HUMAN#O96014",3
"GO:0072521","GO:0072521","purine-containing compound metabolic process","4/87","294/6213",0.0136054421768707,0.971616232699976,-0.0594164070922497,0.595623950299504,0.710071562357106,0.580035212817029,"XLOC-007978#HIUH-DANRE#Q06S87/XLOC-004696#MYS-ARGIR#P24733/XLOC-016646#ADK-PHYPA#O49923/XLOC-009352#ODO1-BOVIN#Q148N0",4
"GO:0010623","GO:0010623","programmed cell death involved in cell development","1/87","64/6213",0.015625,1.11584051724138,0.111003093493186,0.596330691695628,0.710071562357106,0.580035212817029,"XLOC-020834#BMP15-BOVIN#Q6PX77",1
"GO:0016614","GO:0016614","oxidoreductase activity, acting on CH-OH group of donors","1/87","64/6213",0.015625,1.11584051724138,0.111003093493186,0.596330691695628,0.710071562357106,0.580035212817029,"XLOC-020834#BMP15-BOVIN#Q6PX77",1
"GO:0046683","GO:0046683","response to organophosphorus","1/87","64/6213",0.015625,1.11584051724138,0.111003093493186,0.596330691695628,0.710071562357106,0.580035212817029,"XLOC-003038#INHBA-MOUSE#Q04998",1
"GO:0140030","GO:0140030","modification-dependent protein binding","1/87","64/6213",0.015625,1.11584051724138,0.111003093493186,0.596330691695628,0.710071562357106,0.580035212817029,"gene-evm.model.ptg000021l.117#UFD1-RAT#Q9ES53",1
"GO:0044297","GO:0044297","cell body","6/87","444/6213",0.0135135135135135,0.965051258154706,-0.0910667032893313,0.596856688220705,0.710401389859687,0.580304638570424,"XLOC-020299#SC5A7-DROME#Q9VE46/XLOC-006685#KAPR-STRPU#Q26619/XLOC-004104#XLOC-004104/XLOC-010031#ACHB4-BOVIN#Q8SPU6/XLOC-025964#NEC1-HUMAN#P29120/XLOC-023090#KCC2A-HUMAN#Q9UQM7",6
"GO:0046649","GO:0046649","lymphocyte activation","2/87","143/6213",0.013986013986014,0.998794309139137,-0.00173818699312764,0.599691077308319,0.713477332594093,0.582817279821175,"XLOC-008044#MOM5-CAEEL#A0A0K3AWM6/XLOC-010031#ACHB4-BOVIN#Q8SPU6",2
"GO:0008038","GO:0008038","neuron recognition","1/87","65/6213",0.0153846153846154,1.09867374005305,0.0952967724854176,0.602042064247666,0.714189608855963,0.583399115983951,"XLOC-000223#BMP1-MOUSE#P98063",1
"GO:0008217","GO:0008217","regulation of blood pressure","1/87","65/6213",0.0153846153846154,1.09867374005305,0.0952967724854176,0.602042064247666,0.714189608855963,0.583399115983951,"XLOC-010031#ACHB4-BOVIN#Q8SPU6",1
"GO:0009583","GO:0009583","detection of light stimulus","1/87","65/6213",0.0153846153846154,1.09867374005305,0.0952967724854176,0.602042064247666,0.714189608855963,0.583399115983951,"gene-evm.model.ptg000032l.233#LAMC1-XENTR#A0JP86",1
"GO:0016999","GO:0016999","antibiotic metabolic process","1/87","65/6213",0.0153846153846154,1.09867374005305,0.0952967724854176,0.602042064247666,0.714189608855963,0.583399115983951,"XLOC-009352#ODO1-BOVIN#Q148N0",1
"GO:0021549","GO:0021549","cerebellum development","1/87","65/6213",0.0153846153846154,1.09867374005305,0.0952967724854176,0.602042064247666,0.714189608855963,0.583399115983951,"XLOC-009352#ODO1-BOVIN#Q148N0",1
"GO:0090174","GO:0090174","organelle membrane fusion","1/87","65/6213",0.0153846153846154,1.09867374005305,0.0952967724854176,0.602042064247666,0.714189608855963,0.583399115983951,"XLOC-011874#SY65-APLCA#P41823",1
"GO:2001023","GO:2001023","regulation of response to drug","1/87","65/6213",0.0153846153846154,1.09867374005305,0.0952967724854176,0.602042064247666,0.714189608855963,0.583399115983951,"XLOC-020834#BMP15-BOVIN#Q6PX77",1
"GO:0009127","GO:0009127","purine nucleoside monophosphate biosynthetic process","1/87","66/6213",0.0151515151515152,1.08202716823406,0.0798334566327877,0.607673544470576,0.719076160254896,0.587390786726563,"XLOC-016646#ADK-PHYPA#O49923",1
"GO:0009168","GO:0009168","purine ribonucleoside monophosphate biosynthetic process","1/87","66/6213",0.0151515151515152,1.08202716823406,0.0798334566327877,0.607673544470576,0.719076160254896,0.587390786726563,"XLOC-016646#ADK-PHYPA#O49923",1
"GO:0022409","GO:0022409","positive regulation of cell-cell adhesion","1/87","66/6213",0.0151515151515152,1.08202716823406,0.0798334566327877,0.607673544470576,0.719076160254896,0.587390786726563,"XLOC-016646#ADK-PHYPA#O49923",1
"GO:0036126","GO:0036126","sperm flagellum","1/87","66/6213",0.0151515151515152,1.08202716823406,0.0798334566327877,0.607673544470576,0.719076160254896,0.587390786726563,"XLOC-014230#RSPH1-MOUSE#Q8VIG3",1
"GO:0043296","GO:0043296","apical junction complex","1/87","66/6213",0.0151515151515152,1.08202716823406,0.0798334566327877,0.607673544470576,0.719076160254896,0.587390786726563,"XLOC-023693#TRLF-DESRO#K9IMD0",1
"GO:0051293","GO:0051293","establishment of spindle localization","1/87","66/6213",0.0151515151515152,1.08202716823406,0.0798334566327877,0.607673544470576,0.719076160254896,0.587390786726563,"XLOC-020923#WNT11-HUMAN#O96014",1
"GO:0007040","GO:0007040","lysosome organization","1/87","67/6213",0.0149253731343284,1.06587750900669,0.0646048535061074,0.613226237106181,0.72384545075049,0.591286670711009,"XLOC-025853#MFSD8-XENLA#Q6GPQ3",1
"GO:0019395","GO:0019395","fatty acid oxidation","1/87","67/6213",0.0149253731343284,1.06587750900669,0.0646048535061074,0.613226237106181,0.72384545075049,0.591286670711009,"XLOC-026524#KLKB1-RAT#P14272",1
"GO:0034767","GO:0034767","positive regulation of monoatomic ion transmembrane transport","1/87","67/6213",0.0149253731343284,1.06587750900669,0.0646048535061074,0.613226237106181,0.72384545075049,0.591286670711009,"XLOC-020834#BMP15-BOVIN#Q6PX77",1
"GO:0048806","GO:0048806","genitalia development","1/87","67/6213",0.0149253731343284,1.06587750900669,0.0646048535061074,0.613226237106181,0.72384545075049,0.591286670711009,"XLOC-010538#LSHR-CHICK#Q90674",1
"GO:0080171","GO:0080171","lytic vacuole organization","1/87","67/6213",0.0149253731343284,1.06587750900669,0.0646048535061074,0.613226237106181,0.72384545075049,0.591286670711009,"XLOC-025853#MFSD8-XENLA#Q6GPQ3",1
"GO:1990138","GO:1990138","neuron projection extension","1/87","67/6213",0.0149253731343284,1.06587750900669,0.0646048535061074,0.613226237106181,0.72384545075049,0.591286670711009,"XLOC-008044#MOM5-CAEEL#A0A0K3AWM6",1
"GO:0015980","GO:0015980","energy derivation by oxidation of organic compounds","2/87","147/6213",0.0136054421768707,0.971616232699976,-0.0415015536897875,0.614846089729286,0.725457358973389,0.592603388037369,"XLOC-010665#MYC-MARMO#P22555/XLOC-009352#ODO1-BOVIN#Q148N0",2
"GO:0007626","GO:0007626","locomotory behavior","3/87","225/6213",0.0133333333333333,0.952183908045977,-0.0870585230025628,0.61591665101527,0.72642009315691,0.59338981542952,"XLOC-004696#MYS-ARGIR#P24733/XLOC-022943#NR2E3-MOUSE#Q9QXZ7/XLOC-025643#TRIM2-HUMAN#Q9C040",3
"GO:0043414","GO:0043414","macromolecule methylation","2/87","148/6213",0.0135135135135135,0.965051258154706,-0.0512783278210062,0.618566799628204,0.727890824872066,0.59459121008975,"XLOC-021709#BHMT1-BOVIN#Q5I597/XLOC-006644#FBX11-RAT#Q7TSL3",2
"GO:0001736","GO:0001736","establishment of planar polarity","1/87","68/6213",0.0147058823529412,1.05020283975659,0.0496030807306634,0.618701231797323,0.727890824872066,0.59459121008975,"XLOC-008044#MOM5-CAEEL#A0A0K3AWM6",1
"GO:0006814","GO:0006814","sodium ion transport","1/87","68/6213",0.0147058823529412,1.05020283975659,0.0496030807306634,0.618701231797323,0.727890824872066,0.59459121008975,"XLOC-020299#SC5A7-DROME#Q9VE46",1
"GO:0009119","GO:0009119","ribonucleoside metabolic process","1/87","68/6213",0.0147058823529412,1.05020283975659,0.0496030807306634,0.618701231797323,0.727890824872066,0.59459121008975,"XLOC-016646#ADK-PHYPA#O49923",1
"GO:0071466","GO:0071466","cellular response to xenobiotic stimulus","1/87","68/6213",0.0147058823529412,1.05020283975659,0.0496030807306634,0.618701231797323,0.727890824872066,0.59459121008975,"XLOC-020834#BMP15-BOVIN#Q6PX77",1
"GO:1900006","GO:1900006","positive regulation of dendrite development","1/87","68/6213",0.0147058823529412,1.05020283975659,0.0496030807306634,0.618701231797323,0.727890824872066,0.59459121008975,"XLOC-004104#XLOC-004104",1
"GO:0021700","GO:0021700","developmental maturation","3/87","226/6213",0.0132743362831858,0.94797070491303,-0.0949476862568989,0.618949576284484,0.727890824872066,0.59459121008975,"XLOC-020834#BMP15-BOVIN#Q6PX77/XLOC-000223#BMP1-MOUSE#P98063/XLOC-022943#NR2E3-MOUSE#Q9QXZ7",3
"GO:0051052","GO:0051052","regulation of DNA metabolic process","3/87","227/6213",0.013215859030837,0.943794622512532,-0.10280383003246,0.621966648152476,0.730880483601635,0.59703336864022,"XLOC-020834#BMP15-BOVIN#Q6PX77/XLOC-006335#GREM1-CHICK#O73755/XLOC-010665#MYC-MARMO#P22555",3
"GO:0045321","GO:0045321","leukocyte activation","5/87","380/6213",0.0131578947368421,0.939655172413793,-0.144668078945352,0.622258482813657,0.730880483601635,0.59703336864022,"XLOC-021454#SPB3-HUMAN#P29508/XLOC-008044#MOM5-CAEEL#A0A0K3AWM6/XLOC-020938#SPB6-MOUSE#Q60854/XLOC-026123#MGA-HUMAN#O43451/XLOC-010031#ACHB4-BOVIN#Q8SPU6",5
"GO:1902115","GO:1902115","regulation of organelle assembly","2/87","149/6213",0.0134228187919463,0.958574404073131,-0.0609914777848322,0.622260320598799,0.730880483601635,0.59703336864022,"XLOC-015621#TPC12-MOUSE#Q8K2L8/XLOC-006585#OTX1-HUMAN#P32242",2
"GO:0006275","GO:0006275","regulation of DNA replication","1/87","69/6213",0.0144927536231884,1.03498250874563,0.0348206398149453,0.624099603291812,0.730934387599154,0.597077401126986,"XLOC-020834#BMP15-BOVIN#Q6PX77",1
"GO:0006606","GO:0006606","protein import into nucleus","1/87","69/6213",0.0144927536231884,1.03498250874563,0.0348206398149453,0.624099603291812,0.730934387599154,0.597077401126986,"XLOC-013477#SIX1B-DANRE#Q6NZ04",1
"GO:0007164","GO:0007164","establishment of tissue polarity","1/87","69/6213",0.0144927536231884,1.03498250874563,0.0348206398149453,0.624099603291812,0.730934387599154,0.597077401126986,"XLOC-008044#MOM5-CAEEL#A0A0K3AWM6",1
"GO:0034440","GO:0034440","lipid oxidation","1/87","69/6213",0.0144927536231884,1.03498250874563,0.0348206398149453,0.624099603291812,0.730934387599154,0.597077401126986,"XLOC-026524#KLKB1-RAT#P14272",1
"GO:0035082","GO:0035082","axoneme assembly","1/87","69/6213",0.0144927536231884,1.03498250874563,0.0348206398149453,0.624099603291812,0.730934387599154,0.597077401126986,"XLOC-014230#RSPH1-MOUSE#Q8VIG3",1
"GO:0051101","GO:0051101","regulation of DNA binding","1/87","69/6213",0.0144927536231884,1.03498250874563,0.0348206398149453,0.624099603291812,0.730934387599154,0.597077401126986,"XLOC-010665#MYC-MARMO#P22555",1
"GO:1904375","GO:1904375","regulation of protein localization to cell periphery","1/87","69/6213",0.0144927536231884,1.03498250874563,0.0348206398149453,0.624099603291812,0.730934387599154,0.597077401126986,"XLOC-023090#KCC2A-HUMAN#Q9UQM7",1
"GO:0009126","GO:0009126","purine nucleoside monophosphate metabolic process","2/87","150/6213",0.0133333333333333,0.952183908045977,-0.0706419659443841,0.625926675338105,0.732172531668558,0.59808880222635,"XLOC-004696#MYS-ARGIR#P24733/XLOC-016646#ADK-PHYPA#O49923",2
"GO:0009167","GO:0009167","purine ribonucleoside monophosphate metabolic process","2/87","150/6213",0.0133333333333333,0.952183908045977,-0.0706419659443841,0.625926675338105,0.732172531668558,0.59808880222635,"XLOC-004696#MYS-ARGIR#P24733/XLOC-016646#ADK-PHYPA#O49923",2
"GO:0033157","GO:0033157","regulation of intracellular protein transport","2/87","150/6213",0.0133333333333333,0.952183908045977,-0.0706419659443841,0.625926675338105,0.732172531668558,0.59808880222635,"XLOC-020834#BMP15-BOVIN#Q6PX77/XLOC-009355#B3GA3-HUMAN#O94766",2
"GO:0016051","GO:0016051","carbohydrate biosynthetic process","1/87","70/6213",0.0142857142857143,1.02019704433498,0.0202503920094908,0.629422411643637,0.732226452334901,0.598132848329357,"gene-evm.model.ptg000030l.120#PGP-CHICK#Q5F4B1",1
"GO:0017022","GO:0017022","myosin binding","1/87","70/6213",0.0142857142857143,1.02019704433498,0.0202503920094908,0.629422411643637,0.732226452334901,0.598132848329357,"XLOC-004696#MYS-ARGIR#P24733",1
"GO:0033865","GO:0033865","nucleoside bisphosphate metabolic process","1/87","70/6213",0.0142857142857143,1.02019704433498,0.0202503920094908,0.629422411643637,0.732226452334901,0.598132848329357,"XLOC-009352#ODO1-BOVIN#Q148N0",1
"GO:0033875","GO:0033875","ribonucleoside bisphosphate metabolic process","1/87","70/6213",0.0142857142857143,1.02019704433498,0.0202503920094908,0.629422411643637,0.732226452334901,0.598132848329357,"XLOC-009352#ODO1-BOVIN#Q148N0",1
"GO:0034032","GO:0034032","purine nucleoside bisphosphate metabolic process","1/87","70/6213",0.0142857142857143,1.02019704433498,0.0202503920094908,0.629422411643637,0.732226452334901,0.598132848329357,"XLOC-009352#ODO1-BOVIN#Q148N0",1
"GO:0051291","GO:0051291","protein heterooligomerization","1/87","70/6213",0.0142857142857143,1.02019704433498,0.0202503920094908,0.629422411643637,0.732226452334901,0.598132848329357,"XLOC-006685#KAPR-STRPU#Q26619",1
"GO:0051653","GO:0051653","spindle localization","1/87","70/6213",0.0142857142857143,1.02019704433498,0.0202503920094908,0.629422411643637,0.732226452334901,0.598132848329357,"XLOC-020923#WNT11-HUMAN#O96014",1
"GO:0070588","GO:0070588","calcium ion transmembrane transport","1/87","70/6213",0.0142857142857143,1.02019704433498,0.0202503920094908,0.629422411643637,0.732226452334901,0.598132848329357,"XLOC-010031#ACHB4-BOVIN#Q8SPU6",1
"GO:0071560","GO:0071560","cellular response to transforming growth factor beta stimulus","1/87","70/6213",0.0142857142857143,1.02019704433498,0.0202503920094908,0.629422411643637,0.732226452334901,0.598132848329357,"XLOC-020834#BMP15-BOVIN#Q6PX77",1
"GO:0097729","GO:0097729","9+2 motile cilium","1/87","70/6213",0.0142857142857143,1.02019704433498,0.0202503920094908,0.629422411643637,0.732226452334901,0.598132848329357,"XLOC-014230#RSPH1-MOUSE#Q8VIG3",1
"GO:1901606","GO:1901606","alpha-amino acid catabolic process","1/87","70/6213",0.0142857142857143,1.02019704433498,0.0202503920094908,0.629422411643637,0.732226452334901,0.598132848329357,"gene-evm.model.ptg000020l.16#MAAI-MOUSE#Q9WVL0",1
"GO:1905368","GO:1905368","peptidase complex","1/87","70/6213",0.0142857142857143,1.02019704433498,0.0202503920094908,0.629422411643637,0.732226452334901,0.598132848329357,"gene-evm.model.ptg000021l.117#UFD1-RAT#Q9ES53",1
"GO:0016311","GO:0016311","dephosphorylation","2/87","151/6213",0.0132450331125828,0.945878054350308,-0.0802307333788913,0.629565891194361,0.732226452334901,0.598132848329357,"XLOC-004696#MYS-ARGIR#P24733/gene-evm.model.ptg000030l.120#PGP-CHICK#Q5F4B1",2
"GO:0060589","GO:0060589","nucleoside-triphosphatase regulator activity","2/87","151/6213",0.0132450331125828,0.945878054350308,-0.0802307333788913,0.629565891194361,0.732226452334901,0.598132848329357,"gene-evm.model.ptg000012l.503-1#DJC10-XENLA#Q6NRT6/XLOC-020232#AGD1-ARATH#Q9FIT8",2
"GO:0006820","GO:0006820","monoatomic anion transport","3/87","230/6213",0.0130434782608696,0.931484257871064,-0.126177418075209,0.630922333073476,0.733505059600093,0.599177302545651,"XLOC-020299#SC5A7-DROME#Q9VE46/XLOC-003539#RHBG-DANRE#Q7T070/XLOC-010665#MYC-MARMO#P22555",3
"GO:0000149","GO:0000149","SNARE binding","1/87","71/6213",0.0140845070422535,1.00582807187955,0.0058855360114685,0.634670702411503,0.736063217065048,0.60126698123195,"XLOC-011874#SY65-APLCA#P41823",1
"GO:0007006","GO:0007006","mitochondrial membrane organization","1/87","71/6213",0.0140845070422535,1.00582807187955,0.0058855360114685,0.634670702411503,0.736063217065048,0.60126698123195,"XLOC-010665#MYC-MARMO#P22555",1
"GO:0007338","GO:0007338","single fertilization","1/87","71/6213",0.0140845070422535,1.00582807187955,0.0058855360114685,0.634670702411503,0.736063217065048,0.60126698123195,"XLOC-011874#SY65-APLCA#P41823",1
"GO:0034702","GO:0034702","monoatomic ion channel complex","1/87","71/6213",0.0140845070422535,1.00582807187955,0.0058855360114685,0.634670702411503,0.736063217065048,0.60126698123195,"XLOC-010031#ACHB4-BOVIN#Q8SPU6",1
"GO:0046943","GO:0046943","carboxylic acid transmembrane transporter activity","1/87","71/6213",0.0140845070422535,1.00582807187955,0.0058855360114685,0.634670702411503,0.736063217065048,0.60126698123195,"XLOC-020299#SC5A7-DROME#Q9VE46",1
"GO:0090263","GO:0090263","positive regulation of canonical Wnt signaling pathway","1/87","71/6213",0.0140845070422535,1.00582807187955,0.0058855360114685,0.634670702411503,0.736063217065048,0.60126698123195,"XLOC-010538#LSHR-CHICK#Q90674",1
"GO:0019898","GO:0019898","extrinsic component of membrane","2/87","153/6213",0.0130718954248366,0.933513635339193,-0.0992267676301043,0.636763038119362,0.737947587743634,0.602806264602138,"XLOC-011874#SY65-APLCA#P41823/gene-evm.model.ptg000010l.70#ESYT2-MOUSE#Q3TZZ7",2
"GO:0007169","GO:0007169","cell surface receptor protein tyrosine kinase signaling pathway","3/87","232/6213",0.0129310344827586,0.923454221165279,-0.141600631793644,0.636812814940353,0.737947587743634,0.602806264602138,"XLOC-006335#GREM1-CHICK#O73755/XLOC-000223#BMP1-MOUSE#P98063/XLOC-004104#XLOC-004104",3
"GO:0043604","GO:0043604","amide biosynthetic process","4/87","310/6213",0.0129032258064516,0.92146829810901,-0.169034875560157,0.637912599163291,0.738921902319475,0.603602151653963,"XLOC-002744#NPFF1-RAT#Q9EP86/gene-evm.model.ptg000022l.478#GSH0-HUMAN#P48507/XLOC-009823#GSH1-HUMAN#P48506/XLOC-025964#NEC1-HUMAN#P29120",4
"GO:0043603","GO:0043603","amide metabolic process","6/87","463/6213",0.0129589632829374,0.925448722722872,-0.198700296575772,0.638454945199294,0.739249983219799,0.603870150662695,"XLOC-002744#NPFF1-RAT#Q9EP86/gene-evm.model.ptg000020l.16#MAAI-MOUSE#Q9WVL0/gene-evm.model.ptg000022l.478#GSH0-HUMAN#P48507/XLOC-009823#GSH1-HUMAN#P48506/XLOC-025964#NEC1-HUMAN#P29120/XLOC-009352#ODO1-BOVIN#Q148N0",6
"GO:0005903","GO:0005903","brush border","1/87","72/6213",0.0138888888888889,0.991858237547893,-0.00828041265026914,0.639845506854714,0.739909252389458,0.60440868699255,"XLOC-026123#MGA-HUMAN#O43451",1
"GO:0007422","GO:0007422","peripheral nervous system development","1/87","72/6213",0.0138888888888889,0.991858237547893,-0.00828041265026914,0.639845506854714,0.739909252389458,0.60440868699255,"XLOC-013477#SIX1B-DANRE#Q6NZ04",1
"GO:0009156","GO:0009156","ribonucleoside monophosphate biosynthetic process","1/87","72/6213",0.0138888888888889,0.991858237547893,-0.00828041265026914,0.639845506854714,0.739909252389458,0.60440868699255,"XLOC-016646#ADK-PHYPA#O49923",1
"GO:0009144","GO:0009144","purine nucleoside triphosphate metabolic process","2/87","154/6213",0.012987012987013,0.927451858486341,-0.108635815600606,0.640321045969005,0.739909252389458,0.60440868699255,"XLOC-004696#MYS-ARGIR#P24733/XLOC-016646#ADK-PHYPA#O49923",2
"GO:0032984","GO:0032984","protein-containing complex disassembly","2/87","154/6213",0.012987012987013,0.927451858486341,-0.108635815600606,0.640321045969005,0.739909252389458,0.60440868699255,"XLOC-008044#MOM5-CAEEL#A0A0K3AWM6/XLOC-010665#MYC-MARMO#P22555",2
"GO:0021537","GO:0021537","telencephalon development","2/87","155/6213",0.0129032258064516,0.92146829810901,-0.117986706275968,0.643852068247364,0.743448967105745,0.60730016904537,"XLOC-020834#BMP15-BOVIN#Q6PX77/XLOC-009352#ODO1-BOVIN#Q148N0",2
"GO:0000086","GO:0000086","G2/M transition of mitotic cell cycle","1/87","73/6213",0.0136986301369863,0.978271138403401,-0.0222536406980435,0.644947842126435,0.743448967105745,0.60730016904537,"XLOC-006685#KAPR-STRPU#Q26619",1
"GO:0007617","GO:0007617","mating behavior","1/87","73/6213",0.0136986301369863,0.978271138403401,-0.0222536406980435,0.644947842126435,0.743448967105745,0.60730016904537,"XLOC-023090#KCC2A-HUMAN#Q9UQM7",1
"GO:0010508","GO:0010508","positive regulation of autophagy","1/87","73/6213",0.0136986301369863,0.978271138403401,-0.0222536406980435,0.644947842126435,0.743448967105745,0.60730016904537,"XLOC-022275#T53I2-HUMAN#Q8IXH6",1
"GO:0032273","GO:0032273","positive regulation of protein polymerization","1/87","73/6213",0.0136986301369863,0.978271138403401,-0.0222536406980435,0.644947842126435,0.743448967105745,0.60730016904537,"XLOC-004104#XLOC-004104",1
"GO:0042581","GO:0042581","specific granule","1/87","73/6213",0.0136986301369863,0.978271138403401,-0.0222536406980435,0.644947842126435,0.743448967105745,0.60730016904537,"XLOC-023693#TRLF-DESRO#K9IMD0",1
"GO:0034220","GO:0034220","monoatomic ion transmembrane transport","5/87","390/6213",0.0128205128205128,0.915561450044209,-0.205251589344888,0.64547159966663,0.743451947456155,0.607302603600246,"XLOC-025615#S15A2-DANRE#B0S6T2/XLOC-020299#SC5A7-DROME#Q9VE46/XLOC-003539#RHBG-DANRE#Q7T070/XLOC-010031#ACHB4-BOVIN#Q8SPU6/XLOC-010665#MYC-MARMO#P22555",5
"GO:0048232","GO:0048232","male gamete generation","5/87","390/6213",0.0128205128205128,0.915561450044209,-0.205251589344888,0.64547159966663,0.743451947456155,0.607302603600246,"XLOC-003038#INHBA-MOUSE#Q04998/XLOC-010538#LSHR-CHICK#Q90674/XLOC-013477#SIX1B-DANRE#Q6NZ04/XLOC-014230#RSPH1-MOUSE#Q8VIG3/novel-gene-chr14-4172#SIX2-MOUSE#Q62232",5
"GO:0030055","GO:0030055","cell-substrate junction","1/87","74/6213",0.0135135135135135,0.965051258154706,-0.0360400547895353,0.649978711464383,0.747737606374147,0.61080342410108,"XLOC-000173#TES-CHICK#Q90YH9",1
"GO:0048814","GO:0048814","regulation of dendrite morphogenesis","1/87","74/6213",0.0135135135135135,0.965051258154706,-0.0360400547895353,0.649978711464383,0.747737606374147,0.61080342410108,"XLOC-004104#XLOC-004104",1
"GO:0071559","GO:0071559","response to transforming growth factor beta","1/87","74/6213",0.0135135135135135,0.965051258154706,-0.0360400547895353,0.649978711464383,0.747737606374147,0.61080342410108,"XLOC-020834#BMP15-BOVIN#Q6PX77",1
"GO:0099568","GO:0099568","cytoplasmic region","4/87","316/6213",0.0126582278481013,0.903972064600611,-0.20879131168515,0.653032670385336,0.750948088919534,0.613425966708303,"XLOC-015786#XLOC-015786/XLOC-004104#XLOC-004104/XLOC-000173#TES-CHICK#Q90YH9/XLOC-023090#KCC2A-HUMAN#Q9UQM7",4
"GO:0098656","GO:0098656","monoatomic anion transmembrane transport","2/87","158/6213",0.0126582278481013,0.903972064600611,-0.145698779908202,0.654283727866912,0.75132338753244,0.613732536387117,"XLOC-020299#SC5A7-DROME#Q9VE46/XLOC-010665#MYC-MARMO#P22555",2
"GO:0030424","GO:0030424","axon","5/87","394/6213",0.0126903553299492,0.906266409942237,-0.229089949780287,0.654511804751603,0.75132338753244,0.613732536387117,"XLOC-020299#SC5A7-DROME#Q9VE46/XLOC-010031#ACHB4-BOVIN#Q8SPU6/XLOC-025964#NEC1-HUMAN#P29120/XLOC-010665#MYC-MARMO#P22555/XLOC-023090#KCC2A-HUMAN#Q9UQM7",5
"GO:0007224","GO:0007224","smoothened signaling pathway","1/87","75/6213",0.0133333333333333,0.952183908045977,-0.0496452979234532,0.654939104378962,0.75132338753244,0.613732536387117,"XLOC-020834#BMP15-BOVIN#Q6PX77",1
"GO:0007391","GO:0007391","dorsal closure","1/87","75/6213",0.0133333333333333,0.952183908045977,-0.0496452979234532,0.654939104378962,0.75132338753244,0.613732536387117,"XLOC-020834#BMP15-BOVIN#Q6PX77",1
"GO:0031256","GO:0031256","leading edge membrane","1/87","75/6213",0.0133333333333333,0.952183908045977,-0.0496452979234532,0.654939104378962,0.75132338753244,0.613732536387117,"XLOC-010031#ACHB4-BOVIN#Q8SPU6",1
"GO:0048066","GO:0048066","developmental pigmentation","1/87","75/6213",0.0133333333333333,0.952183908045977,-0.0496452979234532,0.654939104378962,0.75132338753244,0.613732536387117,"XLOC-020834#BMP15-BOVIN#Q6PX77",1
"GO:0043312","GO:0043312","neutrophil degranulation","3/87","239/6213",0.0125523012552301,0.896407444813158,-0.194617433185712,0.656922046860826,0.753295257111711,0.615343294867943,"XLOC-021454#SPB3-HUMAN#P29508/XLOC-020938#SPB6-MOUSE#Q60854/XLOC-026123#MGA-HUMAN#O43451",3
"GO:0022804","GO:0022804","active transmembrane transporter activity","2/87","159/6213",0.0125786163522013,0.898286705703752,-0.154825299196829,0.657707333113683,0.753589968423027,0.61558403530488,"XLOC-025615#S15A2-DANRE#B0S6T2/XLOC-020299#SC5A7-DROME#Q9VE46",2
"GO:0033218","GO:0033218","amide binding","2/87","159/6213",0.0125786163522013,0.898286705703752,-0.154825299196829,0.657707333113683,0.753589968423027,0.61558403530488,"XLOC-010031#ACHB4-BOVIN#Q8SPU6/XLOC-025964#NEC1-HUMAN#P29120",2
"GO:0014074","GO:0014074","response to purine-containing compound","1/87","76/6213",0.0131578947368421,0.939655172413793,-0.0630747646750444,0.659829996838888,0.75450700640535,0.61633313490193,"XLOC-003038#INHBA-MOUSE#Q04998",1
"GO:0032006","GO:0032006","regulation of TOR signaling","1/87","76/6213",0.0131578947368421,0.939655172413793,-0.0630747646750444,0.659829996838888,0.75450700640535,0.61633313490193,"XLOC-025615#S15A2-DANRE#B0S6T2",1
"GO:0043467","GO:0043467","regulation of generation of precursor metabolites and energy","1/87","76/6213",0.0131578947368421,0.939655172413793,-0.0630747646750444,0.659829996838888,0.75450700640535,0.61633313490193,"XLOC-010665#MYC-MARMO#P22555",1
"GO:0044839","GO:0044839","cell cycle G2/M phase transition","1/87","76/6213",0.0131578947368421,0.939655172413793,-0.0630747646750444,0.659829996838888,0.75450700640535,0.61633313490193,"XLOC-006685#KAPR-STRPU#Q26619",1
"GO:0051251","GO:0051251","positive regulation of lymphocyte activation","1/87","76/6213",0.0131578947368421,0.939655172413793,-0.0630747646750444,0.659829996838888,0.75450700640535,0.61633313490193,"XLOC-016646#ADK-PHYPA#O49923",1
"GO:0006766","GO:0006766","vitamin metabolic process","1/87","77/6213",0.012987012987013,0.927451858486341,-0.0763336153593195,0.664652351454338,0.759108550319947,0.620091991959844,"XLOC-009823#GSH1-HUMAN#P48506",1
"GO:0046496","GO:0046496","nicotinamide nucleotide metabolic process","1/87","77/6213",0.012987012987013,0.927451858486341,-0.0763336153593195,0.664652351454338,0.759108550319947,0.620091991959844,"XLOC-009352#ODO1-BOVIN#Q148N0",1
"GO:0062013","GO:0062013","positive regulation of small molecule metabolic process","1/87","77/6213",0.012987012987013,0.927451858486341,-0.0763336153593195,0.664652351454338,0.759108550319947,0.620091991959844,"XLOC-010665#MYC-MARMO#P22555",1
"GO:0002283","GO:0002283","neutrophil activation involved in immune response","3/87","242/6213",0.012396694214876,0.885294955827871,-0.216896986194306,0.665297443505964,0.759541259032619,0.620445458150504,"XLOC-021454#SPB3-HUMAN#P29508/XLOC-020938#SPB6-MOUSE#Q60854/XLOC-026123#MGA-HUMAN#O43451",3
"GO:0051050","GO:0051050","positive regulation of transport","6/87","477/6213",0.0125786163522013,0.898286705703752,-0.275498470620655,0.667488721890285,0.761472617128554,0.622023124069814,"XLOC-020834#BMP15-BOVIN#Q6PX77/XLOC-003038#INHBA-MOUSE#Q04998/XLOC-006335#GREM1-CHICK#O73755/XLOC-011874#SY65-APLCA#P41823/XLOC-009355#B3GA3-HUMAN#O94766/XLOC-025964#NEC1-HUMAN#P29120",6
"GO:0099513","GO:0099513","polymeric cytoskeletal fiber","2/87","162/6213",0.0123456790123457,0.881651766709238,-0.181883190408215,0.66781819458325,0.761472617128554,0.622023124069814,"XLOC-014230#RSPH1-MOUSE#Q8VIG3/XLOC-004104#XLOC-004104",2
"GO:0002446","GO:0002446","neutrophil mediated immunity","3/87","243/6213",0.0123456790123457,0.881651766709238,-0.22426660258593,0.668056768549867,0.761472617128554,0.622023124069814,"XLOC-021454#SPB3-HUMAN#P29508/XLOC-020938#SPB6-MOUSE#Q60854/XLOC-026123#MGA-HUMAN#O43451",3
"GO:0042119","GO:0042119","neutrophil activation","3/87","243/6213",0.0123456790123457,0.881651766709238,-0.22426660258593,0.668056768549867,0.761472617128554,0.622023124069814,"XLOC-021454#SPB3-HUMAN#P29508/XLOC-020938#SPB6-MOUSE#Q60854/XLOC-026123#MGA-HUMAN#O43451",3
"GO:0001726","GO:0001726","ruffle","1/87","78/6213",0.0128205128205128,0.915561450044209,-0.0894267892105072,0.669407117657642,0.761490632646433,0.622037840381944,"XLOC-004104#XLOC-004104",1
"GO:0008033","GO:0008033","tRNA processing","1/87","78/6213",0.0128205128205128,0.915561450044209,-0.0894267892105072,0.669407117657642,0.761490632646433,0.622037840381944,"XLOC-016437#UBP14-PANTR#P60051",1
"GO:0008277","GO:0008277","regulation of G protein-coupled receptor signaling pathway","1/87","78/6213",0.0128205128205128,0.915561450044209,-0.0894267892105072,0.669407117657642,0.761490632646433,0.622037840381944,"XLOC-008044#MOM5-CAEEL#A0A0K3AWM6",1
"GO:0009124","GO:0009124","nucleoside monophosphate biosynthetic process","1/87","78/6213",0.0128205128205128,0.915561450044209,-0.0894267892105072,0.669407117657642,0.761490632646433,0.622037840381944,"XLOC-016646#ADK-PHYPA#O49923",1
"GO:0035296","GO:0035296","regulation of tube diameter","1/87","78/6213",0.0128205128205128,0.915561450044209,-0.0894267892105072,0.669407117657642,0.761490632646433,0.622037840381944,"XLOC-020834#BMP15-BOVIN#Q6PX77",1
"GO:0032259","GO:0032259","methylation","2/87","163/6213",0.0122699386503067,0.87624286016501,-0.190797742670522,0.671135398185102,0.763152367884454,0.623395259835881,"XLOC-021709#BHMT1-BOVIN#Q5I597/XLOC-006644#FBX11-RAT#Q7TSL3",2
"GO:0008092","GO:0008092","cytoskeletal protein binding","5/87","402/6213",0.0124378109452736,0.888231257505576,-0.276118056040143,0.672161379873895,0.764014508677379,0.624099515638835,"XLOC-004696#MYS-ARGIR#P24733/XLOC-026222#MYPH-ECHGR#Q24799/XLOC-003539#RHBG-DANRE#Q7T070/XLOC-004104#XLOC-004104/XLOC-023090#KCC2A-HUMAN#Q9UQM7",5
"GO:0036230","GO:0036230","granulocyte activation","3/87","245/6213",0.0122448979591837,0.874454609429979,-0.238922065535075,0.673526671326355,0.764652444605687,0.6246206255122,"XLOC-021454#SPB3-HUMAN#P29508/XLOC-020938#SPB6-MOUSE#Q60854/XLOC-026123#MGA-HUMAN#O43451",3
"GO:0043299","GO:0043299","leukocyte degranulation","3/87","245/6213",0.0122448979591837,0.874454609429979,-0.238922065535075,0.673526671326355,0.764652444605687,0.6246206255122,"XLOC-021454#SPB3-HUMAN#P29508/XLOC-020938#SPB6-MOUSE#Q60854/XLOC-026123#MGA-HUMAN#O43451",3
"GO:0045787","GO:0045787","positive regulation of cell cycle","3/87","245/6213",0.0122448979591837,0.874454609429979,-0.238922065535075,0.673526671326355,0.764652444605687,0.6246206255122,"XLOC-020834#BMP15-BOVIN#Q6PX77/XLOC-006685#KAPR-STRPU#Q26619/XLOC-010665#MYC-MARMO#P22555",3
"GO:1901796","GO:1901796","regulation of signal transduction by p53 class mediator","1/87","79/6213",0.0126582278481013,0.903972064600611,-0.102359016657901,0.674095231881568,0.764993514939584,0.62489923518226,"XLOC-022275#T53I2-HUMAN#Q8IXH6",1
"GO:0008270","GO:0008270","zinc ion binding","3/87","246/6213",0.0121951219512195,0.870899915895711,-0.246208426964223,0.676237243835245,0.767119227300975,0.626635663011921,"XLOC-021709#BHMT1-BOVIN#Q5I597/XLOC-025643#TRIM2-HUMAN#Q9C040/XLOC-000173#TES-CHICK#Q90YH9",3
"GO:0046873","GO:0046873","metal ion transmembrane transporter activity","2/87","165/6213",0.0121212121212121,0.865621734587252,-0.208474031666203,0.677690635808508,0.767795941077948,0.627188449294953,"XLOC-020299#SC5A7-DROME#Q9VE46/XLOC-010031#ACHB4-BOVIN#Q8SPU6",2
"GO:0007416","GO:0007416","synapse assembly","1/87","80/6213",0.0125,0.892672413793104,-0.115134830770796,0.678717617735221,0.767795941077948,0.627188449294953,"XLOC-008044#MOM5-CAEEL#A0A0K3AWM6",1
"GO:0009116","GO:0009116","nucleoside metabolic process","1/87","80/6213",0.0125,0.892672413793104,-0.115134830770796,0.678717617735221,0.767795941077948,0.627188449294953,"XLOC-016646#ADK-PHYPA#O49923",1
"GO:0016779","GO:0016779","nucleotidyltransferase activity","1/87","80/6213",0.0125,0.892672413793104,-0.115134830770796,0.678717617735221,0.767795941077948,0.627188449294953,"XLOC-016437#UBP14-PANTR#P60051",1
"GO:0031461","GO:0031461","cullin-RING ubiquitin ligase complex","1/87","80/6213",0.0125,0.892672413793104,-0.115134830770796,0.678717617735221,0.767795941077948,0.627188449294953,"XLOC-006644#FBX11-RAT#Q7TSL3",1
"GO:0051170","GO:0051170","import into nucleus","1/87","80/6213",0.0125,0.892672413793104,-0.115134830770796,0.678717617735221,0.767795941077948,0.627188449294953,"XLOC-013477#SIX1B-DANRE#Q6NZ04",1
"GO:1902495","GO:1902495","transmembrane transporter complex","1/87","80/6213",0.0125,0.892672413793104,-0.115134830770796,0.678717617735221,0.767795941077948,0.627188449294953,"XLOC-010031#ACHB4-BOVIN#Q8SPU6",1
"GO:0009141","GO:0009141","nucleoside triphosphate metabolic process","2/87","166/6213",0.0120481927710843,0.860407145824678,-0.217237151959367,0.680928832378451,0.769686988421442,0.628733186623526,"XLOC-004696#MYS-ARGIR#P24733/XLOC-016646#ADK-PHYPA#O49923",2
"GO:0009895","GO:0009895","negative regulation of catabolic process","2/87","166/6213",0.0120481927710843,0.860407145824678,-0.217237151959367,0.680928832378451,0.769686988421442,0.628733186623526,"XLOC-021454#SPB3-HUMAN#P29508/XLOC-016437#UBP14-PANTR#P60051",2
"GO:0005766","GO:0005766","primary lysosome","1/87","81/6213",0.0123456790123457,0.881651766709238,-0.127758577938528,0.683275186177587,0.770812220705677,0.6296523536231,"XLOC-020938#SPB6-MOUSE#Q60854",1
"GO:0019897","GO:0019897","extrinsic component of plasma membrane","1/87","81/6213",0.0123456790123457,0.881651766709238,-0.127758577938528,0.683275186177587,0.770812220705677,0.6296523536231,"gene-evm.model.ptg000010l.70#ESYT2-MOUSE#Q3TZZ7",1
"GO:0042582","GO:0042582","azurophil granule","1/87","81/6213",0.0123456790123457,0.881651766709238,-0.127758577938528,0.683275186177587,0.770812220705677,0.6296523536231,"XLOC-020938#SPB6-MOUSE#Q60854",1
"GO:0048284","GO:0048284","organelle fusion","1/87","81/6213",0.0123456790123457,0.881651766709238,-0.127758577938528,0.683275186177587,0.770812220705677,0.6296523536231,"XLOC-011874#SY65-APLCA#P41823",1
"GO:0071897","GO:0071897","DNA biosynthetic process","1/87","81/6213",0.0123456790123457,0.881651766709238,-0.127758577938528,0.683275186177587,0.770812220705677,0.6296523536231,"gene-evm.model.ptg000021l.117#UFD1-RAT#Q9ES53",1
"GO:0002275","GO:0002275","myeloid cell activation involved in immune response","3/87","249/6213",0.0120481927710843,0.860407145824678,-0.267905047998039,0.684271454828993,0.77132614011344,0.630072158286257,"XLOC-021454#SPB3-HUMAN#P29508/XLOC-020938#SPB6-MOUSE#Q60854/XLOC-026123#MGA-HUMAN#O43451",3
"GO:0002444","GO:0002444","myeloid leukocyte mediated immunity","3/87","249/6213",0.0120481927710843,0.860407145824678,-0.267905047998039,0.684271454828993,0.77132614011344,0.630072158286257,"XLOC-021454#SPB3-HUMAN#P29508/XLOC-020938#SPB6-MOUSE#Q60854/XLOC-026123#MGA-HUMAN#O43451",3
"GO:0030001","GO:0030001","metal ion transport","3/87","250/6213",0.012,0.856965517241379,-0.275083919105359,0.68691703636514,0.773739940149862,0.632043915911891,"XLOC-020299#SC5A7-DROME#Q9VE46/XLOC-010031#ACHB4-BOVIN#Q8SPU6/XLOC-023090#KCC2A-HUMAN#Q9UQM7",3
"GO:0009566","GO:0009566","fertilization","1/87","82/6213",0.0121951219512195,0.870899915895711,-0.140234427845624,0.687768835688766,0.773739940149862,0.632043915911891,"XLOC-011874#SY65-APLCA#P41823",1
"GO:0009615","GO:0009615","response to virus","1/87","82/6213",0.0121951219512195,0.870899915895711,-0.140234427845624,0.687768835688766,0.773739940149862,0.632043915911891,"gene-evm.model.ptg000021l.117#UFD1-RAT#Q9ES53",1
"GO:0061062","GO:0061062","regulation of nematode larval development","1/87","82/6213",0.0121951219512195,0.870899915895711,-0.140234427845624,0.687768835688766,0.773739940149862,0.632043915911891,"XLOC-020923#WNT11-HUMAN#O96014",1
"GO:2000177","GO:2000177","regulation of neural precursor cell proliferation","1/87","82/6213",0.0121951219512195,0.870899915895711,-0.140234427845624,0.687768835688766,0.773739940149862,0.632043915911891,"gene-evm.model.ptg000007l.881-1#OTP-SACKO#Q7YTC2",1
"GO:0032559","GO:0032559","adenyl ribonucleotide binding","3/87","251/6213",0.0119521912350598,0.853551311993406,-0.282236523384392,0.689546384727592,0.775433912348372,0.633427668728871,"XLOC-004696#MYS-ARGIR#P24733/XLOC-006685#KAPR-STRPU#Q26619/XLOC-009823#GSH1-HUMAN#P48506",3
"GO:0048871","GO:0048871","multicellular organismal-level homeostasis","2/87","169/6213",0.0118343195266272,0.845133646194654,-0.243234431022352,0.690486768126626,0.776185480482767,0.634041601191302,"XLOC-003539#RHBG-DANRE#Q7T070/XLOC-006685#KAPR-STRPU#Q26619",2
"GO:0060271","GO:0060271","cilium assembly","3/87","252/6213",0.0119047619047619,0.850164203612479,-0.28936309674786,0.692159509301228,0.776580824934403,0.63436454568774,"XLOC-006685#KAPR-STRPU#Q26619/XLOC-014230#RSPH1-MOUSE#Q8VIG3/XLOC-020365#PA2-BOMTE#P82971",3
"GO:0005775","GO:0005775","vacuolar lumen","1/87","83/6213",0.0120481927710843,0.860407145824678,-0.152566382796688,0.692199452438901,0.776580824934403,0.63436454568774,"XLOC-020938#SPB6-MOUSE#Q60854",1
"GO:0016052","GO:0016052","carbohydrate catabolic process","1/87","83/6213",0.0120481927710843,0.860407145824678,-0.152566382796688,0.692199452438901,0.776580824934403,0.63436454568774,"XLOC-026123#MGA-HUMAN#O43451",1
"GO:0031406","GO:0031406","carboxylic acid binding","1/87","83/6213",0.0120481927710843,0.860407145824678,-0.152566382796688,0.692199452438901,0.776580824934403,0.63436454568774,"XLOC-009823#GSH1-HUMAN#P48506",1
"GO:0140056","GO:0140056","organelle localization by membrane tethering","1/87","83/6213",0.0120481927710843,0.860407145824678,-0.152566382796688,0.692199452438901,0.776580824934403,0.63436454568774,"XLOC-006685#KAPR-STRPU#Q26619",1
"GO:0006631","GO:0006631","fatty acid metabolic process","2/87","170/6213",0.0117647058823529,0.840162271805274,-0.251804980225846,0.693620831941535,0.777563942447622,0.635167623583314,"XLOC-026524#KLKB1-RAT#P14272/XLOC-006685#KAPR-STRPU#Q26619",2
"GO:0009123","GO:0009123","nucleoside monophosphate metabolic process","2/87","170/6213",0.0117647058823529,0.840162271805274,-0.251804980225846,0.693620831941535,0.777563942447622,0.635167623583314,"XLOC-004696#MYS-ARGIR#P24733/XLOC-016646#ADK-PHYPA#O49923",2
"GO:0030554","GO:0030554","adenyl nucleotide binding","3/87","253/6213",0.0118577075098814,0.846803870791877,-0.296463872010887,0.694756421192557,0.778531056426695,0.635957628693232,"XLOC-004696#MYS-ARGIR#P24733/XLOC-006685#KAPR-STRPU#Q26619/XLOC-009823#GSH1-HUMAN#P48506",3
"GO:0001578","GO:0001578","microtubule bundle formation","1/87","84/6213",0.0119047619047619,0.850164203612479,-0.164758286440815,0.696567910454858,0.779336568050082,0.636615625901777,"XLOC-014230#RSPH1-MOUSE#Q8VIG3",1
"GO:0001738","GO:0001738","morphogenesis of a polarized epithelium","1/87","84/6213",0.0119047619047619,0.850164203612479,-0.164758286440815,0.696567910454858,0.779336568050082,0.636615625901777,"XLOC-008044#MOM5-CAEEL#A0A0K3AWM6",1
"GO:0043177","GO:0043177","organic acid binding","1/87","84/6213",0.0119047619047619,0.850164203612479,-0.164758286440815,0.696567910454858,0.779336568050082,0.636615625901777,"XLOC-009823#GSH1-HUMAN#P48506",1
"GO:1990351","GO:1990351","transporter complex","1/87","84/6213",0.0119047619047619,0.850164203612479,-0.164758286440815,0.696567910454858,0.779336568050082,0.636615625901777,"XLOC-010031#ACHB4-BOVIN#Q8SPU6",1
"GO:0015075","GO:0015075","monoatomic ion transmembrane transporter activity","4/87","336/6213",0.0119047619047619,0.850164203612479,-0.336507096553802,0.700411845996689,0.782927400078962,0.639548864085753,"XLOC-025615#S15A2-DANRE#B0S6T2/XLOC-020299#SC5A7-DROME#Q9VE46/XLOC-003539#RHBG-DANRE#Q7T070/XLOC-010031#ACHB4-BOVIN#Q8SPU6",4
"GO:0007618","GO:0007618","mating","1/87","85/6213",0.0117647058823529,0.840162271805274,-0.176813831940945,0.700875071784672,0.782927400078962,0.639548864085753,"XLOC-023090#KCC2A-HUMAN#Q9UQM7",1
"GO:0030674","GO:0030674","protein-macromolecule adaptor activity","1/87","85/6213",0.0117647058823529,0.840162271805274,-0.176813831940945,0.700875071784672,0.782927400078962,0.639548864085753,"XLOC-004104#XLOC-004104",1
"GO:0045089","GO:0045089","positive regulation of innate immune response","1/87","85/6213",0.0117647058823529,0.840162271805274,-0.176813831940945,0.700875071784672,0.782927400078962,0.639548864085753,"XLOC-023693#TRLF-DESRO#K9IMD0",1
"GO:0033044","GO:0033044","regulation of chromosome organization","3/87","257/6213",0.0116731517509728,0.833624044009124,-0.32461354289636,0.704982222536569,0.785825178648588,0.641915968612162,"XLOC-015621#TPC12-MOUSE#Q8K2L8/XLOC-010665#MYC-MARMO#P22555/XLOC-023090#KCC2A-HUMAN#Q9UQM7",3
"GO:0043254","GO:0043254","regulation of protein-containing complex assembly","3/87","257/6213",0.0116731517509728,0.833624044009124,-0.32461354289636,0.704982222536569,0.785825178648588,0.641915968612162,"XLOC-015621#TPC12-MOUSE#Q8K2L8/XLOC-004696#MYS-ARGIR#P24733/XLOC-004104#XLOC-004104",3
"GO:0002429","GO:0002429","immune response-activating cell surface receptor signaling pathway","1/87","86/6213",0.0116279069767442,0.830392943063352,-0.188736569629656,0.705121786659791,0.785825178648588,0.641915968612162,"XLOC-004104#XLOC-004104",1
"GO:0009063","GO:0009063","amino acid catabolic process","1/87","86/6213",0.0116279069767442,0.830392943063352,-0.188736569629656,0.705121786659791,0.785825178648588,0.641915968612162,"gene-evm.model.ptg000020l.16#MAAI-MOUSE#Q9WVL0",1
"GO:0022406","GO:0022406","membrane docking","1/87","86/6213",0.0116279069767442,0.830392943063352,-0.188736569629656,0.705121786659791,0.785825178648588,0.641915968612162,"XLOC-006685#KAPR-STRPU#Q26619",1
"GO:1900180","GO:1900180","regulation of protein localization to nucleus","1/87","86/6213",0.0116279069767442,0.830392943063352,-0.188736569629656,0.705121786659791,0.785825178648588,0.641915968612162,"XLOC-020834#BMP15-BOVIN#Q6PX77",1
"GO:0061024","GO:0061024","membrane organization","5/87","418/6213",0.0119617224880383,0.85423197492163,-0.367714320952537,0.705697672326446,0.786159882525322,0.642189377722827,"XLOC-016472#COMP-MOUSE#Q9R0G6/XLOC-011874#SY65-APLCA#P41823/gene-evm.model.ptg000002l.349#ADT1-CAEEL#G5ECS8/XLOC-015788#OTOF-HUMAN#Q9HC10/XLOC-010665#MYC-MARMO#P22555",5
"GO:0002274","GO:0002274","myeloid leukocyte activation","3/87","258/6213",0.0116279069767442,0.830392943063352,-0.331588715133944,0.707498295645724,0.787550775449571,0.643325554576107,"XLOC-021454#SPB3-HUMAN#P29508/XLOC-020938#SPB6-MOUSE#Q60854/XLOC-026123#MGA-HUMAN#O43451",3
"GO:0009150","GO:0009150","purine ribonucleotide metabolic process","3/87","258/6213",0.0116279069767442,0.830392943063352,-0.331588715133944,0.707498295645724,0.787550775449571,0.643325554576107,"XLOC-004696#MYS-ARGIR#P24733/XLOC-016646#ADK-PHYPA#O49923/XLOC-009352#ODO1-BOVIN#Q148N0",3
"GO:0008757","GO:0008757","S-adenosylmethionine-dependent methyltransferase activity","1/87","87/6213",0.0114942528735632,0.820848196591359,-0.200529914189325,0.709308893655156,0.7886431307865,0.644217865427458,"XLOC-006644#FBX11-RAT#Q7TSL3",1
"GO:0034249","GO:0034249","negative regulation of amide metabolic process","1/87","87/6213",0.0114942528735632,0.820848196591359,-0.200529914189325,0.709308893655156,0.7886431307865,0.644217865427458,"XLOC-010031#ACHB4-BOVIN#Q8SPU6",1
"GO:0072524","GO:0072524","pyridine-containing compound metabolic process","1/87","87/6213",0.0114942528735632,0.820848196591359,-0.200529914189325,0.709308893655156,0.7886431307865,0.644217865427458,"XLOC-009352#ODO1-BOVIN#Q148N0",1
"GO:0005789","GO:0005789","endoplasmic reticulum membrane","5/87","420/6213",0.0119047619047619,0.850164203612479,-0.378944244298131,0.709721982913932,0.788795020355842,0.644341939257969,"XLOC-020686#MOXD1-DANRE#Q5TZ24/gene-evm.model.ptg000010l.70#ESYT2-MOUSE#Q3TZZ7/XLOC-015788#OTOF-HUMAN#Q9HC10/XLOC-009355#B3GA3-HUMAN#O94766/gene-evm.model.ptg000021l.117#UFD1-RAT#Q9ES53",5
"GO:0007030","GO:0007030","Golgi organization","1/87","88/6213",0.0113636363636364,0.811520376175549,-0.212197151391402,0.713437219847125,0.791376237880703,0.646450454984735,"XLOC-015621#TPC12-MOUSE#Q8K2L8",1
"GO:0010001","GO:0010001","glial cell differentiation","1/87","88/6213",0.0113636363636364,0.811520376175549,-0.212197151391402,0.713437219847125,0.791376237880703,0.646450454984735,"gene-evm.model.ptg000032l.233#LAMC1-XENTR#A0JP86",1
"GO:0050730","GO:0050730","regulation of peptidyl-tyrosine phosphorylation","1/87","88/6213",0.0113636363636364,0.811520376175549,-0.212197151391402,0.713437219847125,0.791376237880703,0.646450454984735,"XLOC-006335#GREM1-CHICK#O73755",1
"GO:0050792","GO:0050792","regulation of viral process","1/87","88/6213",0.0113636363636364,0.811520376175549,-0.212197151391402,0.713437219847125,0.791376237880703,0.646450454984735,"XLOC-023693#TRLF-DESRO#K9IMD0",1
"GO:0051427","GO:0051427","hormone receptor binding","1/87","88/6213",0.0113636363636364,0.811520376175549,-0.212197151391402,0.713437219847125,0.791376237880703,0.646450454984735,"XLOC-022275#T53I2-HUMAN#Q8IXH6",1
"GO:0070647","GO:0070647","protein modification by small protein conjugation or removal","5/87","422/6213",0.0118483412322275,0.846134989377349,-0.390127143429178,0.713708748709096,0.791376237880703,0.646450454984735,"XLOC-006644#FBX11-RAT#Q7TSL3/XLOC-016437#UBP14-PANTR#P60051/XLOC-025643#TRIM2-HUMAN#Q9C040/XLOC-010665#MYC-MARMO#P22555/gene-evm.model.ptg000021l.117#UFD1-RAT#Q9ES53",5
"GO:0044782","GO:0044782","cilium organization","3/87","261/6213",0.0114942528735632,0.820848196591359,-0.352368299268693,0.714949935591092,0.792444509029287,0.647323092217183,"XLOC-006685#KAPR-STRPU#Q26619/XLOC-014230#RSPH1-MOUSE#Q8VIG3/XLOC-020365#PA2-BOMTE#P82971",3
"GO:0008306","GO:0008306","associative learning","1/87","89/6213",0.0112359550561798,0.802402169701666,-0.22374144442661,0.717507580969296,0.793723524086717,0.648367879546181,"XLOC-010031#ACHB4-BOVIN#Q8SPU6",1
"GO:0072089","GO:0072089","stem cell proliferation","1/87","89/6213",0.0112359550561798,0.802402169701666,-0.22374144442661,0.717507580969296,0.793723524086717,0.648367879546181,"XLOC-013477#SIX1B-DANRE#Q6NZ04",1
"GO:0090316","GO:0090316","positive regulation of intracellular protein transport","1/87","89/6213",0.0112359550561798,0.802402169701666,-0.22374144442661,0.717507580969296,0.793723524086717,0.648367879546181,"XLOC-009355#B3GA3-HUMAN#O94766",1
"GO:1905475","GO:1905475","regulation of protein localization to membrane","1/87","89/6213",0.0112359550561798,0.802402169701666,-0.22374144442661,0.717507580969296,0.793723524086717,0.648367879546181,"XLOC-023090#KCC2A-HUMAN#Q9UQM7",1
"GO:0016053","GO:0016053","organic acid biosynthetic process","2/87","178/6213",0.0112359550561798,0.802402169701666,-0.318742804189912,0.717773113264539,0.793723524086717,0.648367879546181,"XLOC-021709#BHMT1-BOVIN#Q5I597/XLOC-004937#FOLH1-RAT#P70627",2
"GO:0046394","GO:0046394","carboxylic acid biosynthetic process","2/87","178/6213",0.0112359550561798,0.802402169701666,-0.318742804189912,0.717773113264539,0.793723524086717,0.648367879546181,"XLOC-021709#BHMT1-BOVIN#Q5I597/XLOC-004937#FOLH1-RAT#P70627",2
"GO:0042578","GO:0042578","phosphoric ester hydrolase activity","2/87","179/6213",0.0111731843575419,0.797919476016182,-0.326915246529285,0.720678709933428,0.796319271665403,0.650488264418692,"XLOC-004696#MYS-ARGIR#P24733/gene-evm.model.ptg000030l.120#PGP-CHICK#Q5F4B1",2
"GO:0098687","GO:0098687","chromosomal region","2/87","179/6213",0.0111731843575419,0.797919476016182,-0.326915246529285,0.720678709933428,0.796319271665403,0.650488264418692,"XLOC-015621#TPC12-MOUSE#Q8K2L8/XLOC-004696#MYS-ARGIR#P24733",2
"GO:0017157","GO:0017157","regulation of exocytosis","1/87","90/6213",0.0111111111111111,0.793486590038314,-0.235165839855281,0.721520781566238,0.796632658594612,0.650744260382781,"XLOC-011874#SY65-APLCA#P41823",1
"GO:0051100","GO:0051100","negative regulation of binding","1/87","90/6213",0.0111111111111111,0.793486590038314,-0.235165839855281,0.721520781566238,0.796632658594612,0.650744260382781,"XLOC-010665#MYC-MARMO#P22555",1
"GO:0016567","GO:0016567","protein ubiquitination","3/87","264/6213",0.0113636363636364,0.811520376175549,-0.372933364177886,0.722257220117874,0.797137272338992,0.651156463541066,"XLOC-006644#FBX11-RAT#Q7TSL3/XLOC-016437#UBP14-PANTR#P60051/XLOC-025643#TRIM2-HUMAN#Q9C040",3
"GO:0098827","GO:0098827","endoplasmic reticulum subcompartment","5/87","427/6213",0.0117096018735363,0.836227085520472,-0.417881989999568,0.723511112158705,0.797648827910864,0.651574337260743,"XLOC-020686#MOXD1-DANRE#Q5TZ24/gene-evm.model.ptg000010l.70#ESYT2-MOUSE#Q3TZZ7/XLOC-015788#OTOF-HUMAN#Q9HC10/XLOC-009355#B3GA3-HUMAN#O94766/gene-evm.model.ptg000021l.117#UFD1-RAT#Q9ES53",5
"GO:0090068","GO:0090068","positive regulation of cell cycle process","2/87","180/6213",0.0111111111111111,0.793486590038314,-0.335046203618594,0.723559469552512,0.797648827910864,0.651574337260743,"XLOC-020834#BMP15-BOVIN#Q6PX77/XLOC-006685#KAPR-STRPU#Q26619",2
"GO:1903829","GO:1903829","positive regulation of protein localization","2/87","180/6213",0.0111111111111111,0.793486590038314,-0.335046203618594,0.723559469552512,0.797648827910864,0.651574337260743,"XLOC-015621#TPC12-MOUSE#Q8K2L8/XLOC-009355#B3GA3-HUMAN#O94766",2
"GO:0016604","GO:0016604","nuclear body","4/87","347/6213",0.0115273775216138,0.82321375335387,-0.403858322544284,0.724459995981135,0.798333089429965,0.652133289057849,"XLOC-006454#GSC-PONPY#A2T7P4/XLOC-022275#T53I2-HUMAN#Q8IXH6/XLOC-013652#HXD3-HAPBU#A8DT10/XLOC-010665#MYC-MARMO#P22555",4
"GO:0030098","GO:0030098","lymphocyte differentiation","1/87","91/6213",0.010989010989011,0.78476695718075,-0.246473273204621,0.72547761514516,0.798837373990405,0.652545223316087,"XLOC-008044#MOM5-CAEEL#A0A0K3AWM6",1
"GO:0098862","GO:0098862","cluster of actin-based cell projections","1/87","91/6213",0.010989010989011,0.78476695718075,-0.246473273204621,0.72547761514516,0.798837373990405,0.652545223316087,"XLOC-026123#MGA-HUMAN#O43451",1
"GO:0031647","GO:0031647","regulation of protein stability","2/87","181/6213",0.0110497237569061,0.789102686225948,-0.343136188366266,0.72641550852492,0.799561514591665,0.653136751086003,"XLOC-020834#BMP15-BOVIN#Q6PX77/XLOC-004696#MYS-ARGIR#P24733",2
"GO:0006511","GO:0006511","ubiquitin-dependent protein catabolic process","3/87","266/6213",0.0112781954887218,0.805418719211823,-0.386526932692271,0.727048914100089,0.799950077874105,0.653454156257778,"XLOC-006644#FBX11-RAT#Q7TSL3/gene-evm.model.ptg000012l.503-1#DJC10-XENLA#Q6NRT6/gene-evm.model.ptg000021l.117#UFD1-RAT#Q9ES53",3
"GO:0009314","GO:0009314","response to radiation","4/87","349/6213",0.0114613180515759,0.81849619602806,-0.415899422873724,0.728678692069175,0.800707133612622,0.65407257137209,"XLOC-022275#T53I2-HUMAN#Q8IXH6/XLOC-013035#HXA4-LINSA#P81192/gene-evm.model.ptg000032l.233#LAMC1-XENTR#A0JP86/XLOC-010665#MYC-MARMO#P22555",4
"GO:0030833","GO:0030833","regulation of actin filament polymerization","1/87","92/6213",0.0108695652173913,0.77623688155922,-0.257666574237558,0.729378864325553,0.800707133612622,0.65407257137209,"XLOC-004104#XLOC-004104",1
"GO:0046620","GO:0046620","regulation of organ growth","1/87","92/6213",0.0108695652173913,0.77623688155922,-0.257666574237558,0.729378864325553,0.800707133612622,0.65407257137209,"XLOC-020834#BMP15-BOVIN#Q6PX77",1
"GO:0046822","GO:0046822","regulation of nucleocytoplasmic transport","1/87","92/6213",0.0108695652173913,0.77623688155922,-0.257666574237558,0.729378864325553,0.800707133612622,0.65407257137209,"XLOC-020834#BMP15-BOVIN#Q6PX77",1
"GO:2001242","GO:2001242","regulation of intrinsic apoptotic signaling pathway","1/87","92/6213",0.0108695652173913,0.77623688155922,-0.257666574237558,0.729378864325553,0.800707133612622,0.65407257137209,"XLOC-027115#TXD12-EPICO#H9D1R1",1
"GO:0051301","GO:0051301","cell division","3/87","267/6213",0.0112359550561798,0.802402169701666,-0.393289365599062,0.729420904402105,0.800707133612622,0.65407257137209,"XLOC-020834#BMP15-BOVIN#Q6PX77/XLOC-008044#MOM5-CAEEL#A0A0K3AWM6/XLOC-020923#WNT11-HUMAN#O96014",3
"GO:0016462","GO:0016462","pyrophosphatase activity","5/87","431/6213",0.0116009280742459,0.828466277302184,-0.439881763996599,0.731183532534625,0.801184137769218,0.65446222112312,"XLOC-004696#MYS-ARGIR#P24733/XLOC-002744#NPFF1-RAT#Q9EP86/XLOC-018113#MYL6B-HUMAN#P14649/XLOC-016635#MYL1-DANRE#Q6P0G6/gene-evm.model.ptg000006l.277#gene-evm.model.ptg000006l.277",5
"GO:0009259","GO:0009259","ribonucleotide metabolic process","3/87","268/6213",0.0111940298507463,0.799408131755018,-0.400029154619562,0.731777034166945,0.801184137769218,0.65446222112312,"XLOC-004696#MYS-ARGIR#P24733/XLOC-016646#ADK-PHYPA#O49923/XLOC-009352#ODO1-BOVIN#Q148N0",3
"GO:0019941","GO:0019941","modification-dependent protein catabolic process","3/87","268/6213",0.0111940298507463,0.799408131755018,-0.400029154619562,0.731777034166945,0.801184137769218,0.65446222112312,"XLOC-006644#FBX11-RAT#Q7TSL3/gene-evm.model.ptg000012l.503-1#DJC10-XENLA#Q6NRT6/gene-evm.model.ptg000021l.117#UFD1-RAT#Q9ES53",3
"GO:0009100","GO:0009100","glycoprotein metabolic process","2/87","183/6213",0.0109289617486339,0.78047861315244,-0.359195246037891,0.732053898230436,0.801184137769218,0.65446222112312,"XLOC-020834#BMP15-BOVIN#Q6PX77/XLOC-009355#B3GA3-HUMAN#O94766",2
"GO:0098797","GO:0098797","plasma membrane protein complex","2/87","183/6213",0.0109289617486339,0.78047861315244,-0.359195246037891,0.732053898230436,0.801184137769218,0.65446222112312,"XLOC-020834#BMP15-BOVIN#Q6PX77/XLOC-010031#ACHB4-BOVIN#Q8SPU6",2
"GO:0016817","GO:0016817","hydrolase activity, acting on acid anhydrides","5/87","432/6213",0.0115740740740741,0.82654853128991,-0.445353863194705,0.733078089512697,0.801184137769218,0.65446222112312,"XLOC-004696#MYS-ARGIR#P24733/XLOC-002744#NPFF1-RAT#Q9EP86/XLOC-018113#MYL6B-HUMAN#P14649/XLOC-016635#MYL1-DANRE#Q6P0G6/gene-evm.model.ptg000006l.277#gene-evm.model.ptg000006l.277",5
"GO:0016818","GO:0016818","hydrolase activity, acting on acid anhydrides, in phosphorus-containing anhydrides","5/87","432/6213",0.0115740740740741,0.82654853128991,-0.445353863194705,0.733078089512697,0.801184137769218,0.65446222112312,"XLOC-004696#MYS-ARGIR#P24733/XLOC-002744#NPFF1-RAT#Q9EP86/XLOC-018113#MYL6B-HUMAN#P14649/XLOC-016635#MYL1-DANRE#Q6P0G6/gene-evm.model.ptg000006l.277#gene-evm.model.ptg000006l.277",5
"GO:0042175","GO:0042175","nuclear outer membrane-endoplasmic reticulum membrane network","5/87","432/6213",0.0115740740740741,0.82654853128991,-0.445353863194705,0.733078089512697,0.801184137769218,0.65446222112312,"XLOC-020686#MOXD1-DANRE#Q5TZ24/gene-evm.model.ptg000010l.70#ESYT2-MOUSE#Q3TZZ7/XLOC-015788#OTOF-HUMAN#Q9HC10/XLOC-009355#B3GA3-HUMAN#O94766/gene-evm.model.ptg000021l.117#UFD1-RAT#Q9ES53",5
"GO:0000775","GO:0000775","chromosome, centromeric region","1/87","93/6213",0.010752688172043,0.767890248424175,-0.268748471915843,0.733225300986831,0.801184137769218,0.65446222112312,"XLOC-015621#TPC12-MOUSE#Q8K2L8",1
"GO:0001751","GO:0001751","compound eye photoreceptor cell differentiation","1/87","93/6213",0.010752688172043,0.767890248424175,-0.268748471915843,0.733225300986831,0.801184137769218,0.65446222112312,"XLOC-008044#MOM5-CAEEL#A0A0K3AWM6",1
"GO:0034404","GO:0034404","nucleobase-containing small molecule biosynthetic process","1/87","93/6213",0.010752688172043,0.767890248424175,-0.268748471915843,0.733225300986831,0.801184137769218,0.65446222112312,"XLOC-016646#ADK-PHYPA#O49923",1
"GO:0045216","GO:0045216","cell-cell junction organization","1/87","93/6213",0.010752688172043,0.767890248424175,-0.268748471915843,0.733225300986831,0.801184137769218,0.65446222112312,"XLOC-023693#TRLF-DESRO#K9IMD0",1
"GO:0005773","GO:0005773","vacuole","4/87","352/6213",0.0113636363636364,0.811520376175549,-0.433847132135064,0.734918316957087,0.802726630275103,0.655722234925038,"XLOC-020938#SPB6-MOUSE#Q60854/XLOC-025853#MFSD8-XENLA#Q6GPQ3/XLOC-022275#T53I2-HUMAN#Q8IXH6/XLOC-020232#AGD1-ARATH#Q9FIT8",4
"GO:0019318","GO:0019318","hexose metabolic process","1/87","94/6213",0.0106382978723404,0.759721203228173,-0.279721599078272,0.737017686413979,0.804403771744101,0.657092239246385,"XLOC-010665#MYC-MARMO#P22555",1
"GO:0071456","GO:0071456","cellular response to hypoxia","1/87","94/6213",0.0106382978723404,0.759721203228173,-0.279721599078272,0.737017686413979,0.804403771744101,0.657092239246385,"XLOC-010665#MYC-MARMO#P22555",1
"GO:0006163","GO:0006163","purine nucleotide metabolic process","3/87","271/6213",0.011070110701107,0.790558595241125,-0.420114544689917,0.738750611371227,0.805986804681495,0.658385369256675,"XLOC-004696#MYS-ARGIR#P24733/XLOC-016646#ADK-PHYPA#O49923/XLOC-009352#ODO1-BOVIN#Q148N0",3
"GO:0006352","GO:0006352","DNA-templated transcription initiation","1/87","95/6213",0.0105263157894737,0.751724137931034,-0.290588496853283,0.740756771441268,0.807866616560374,0.659920928686209,"XLOC-010665#MYC-MARMO#P22555",1
"GO:0002443","GO:0002443","leukocyte mediated immunity","3/87","273/6213",0.010989010989011,0.78476695718075,-0.43339500348028,0.743321024768437,0.810029262083437,0.661687526058528,"XLOC-021454#SPB3-HUMAN#P29508/XLOC-020938#SPB6-MOUSE#Q60854/XLOC-026123#MGA-HUMAN#O43451",3
"GO:0002768","GO:0002768","immune response-regulating cell surface receptor signaling pathway","1/87","96/6213",0.0104166666666667,0.74389367816092,-0.301351618823679,0.744443296594032,0.810029262083437,0.661687526058528,"XLOC-004104#XLOC-004104",1
"GO:0008064","GO:0008064","regulation of actin polymerization or depolymerization","1/87","96/6213",0.0104166666666667,0.74389367816092,-0.301351618823679,0.744443296594032,0.810029262083437,0.661687526058528,"XLOC-004104#XLOC-004104",1
"GO:0018105","GO:0018105","peptidyl-serine phosphorylation","1/87","96/6213",0.0104166666666667,0.74389367816092,-0.301351618823679,0.744443296594032,0.810029262083437,0.661687526058528,"XLOC-023090#KCC2A-HUMAN#Q9UQM7",1
"GO:0022839","GO:0022839","monoatomic ion-gated channel activity","1/87","96/6213",0.0104166666666667,0.74389367816092,-0.301351618823679,0.744443296594032,0.810029262083437,0.661687526058528,"XLOC-010031#ACHB4-BOVIN#Q8SPU6",1
"GO:0030832","GO:0030832","regulation of actin filament length","1/87","96/6213",0.0104166666666667,0.74389367816092,-0.301351618823679,0.744443296594032,0.810029262083437,0.661687526058528,"XLOC-004104#XLOC-004104",1
"GO:0043632","GO:0043632","modification-dependent macromolecule catabolic process","3/87","274/6213",0.0109489051094891,0.781902844198339,-0.440002834648507,0.745582757685933,0.810806189809565,0.662322173976931,"XLOC-006644#FBX11-RAT#Q7TSL3/gene-evm.model.ptg000012l.503-1#DJC10-XENLA#Q6NRT6/gene-evm.model.ptg000021l.117#UFD1-RAT#Q9ES53",3
"GO:0005769","GO:0005769","early endosome","2/87","188/6213",0.0106382978723404,0.759721203228173,-0.398660035507475,0.745725706996249,0.810806189809565,0.662322173976931,"XLOC-023693#TRLF-DESRO#K9IMD0/XLOC-020299#SC5A7-DROME#Q9VE46",2
"GO:0018193","GO:0018193","peptidyl-amino acid modification","5/87","439/6213",0.0113895216400911,0.813368941952714,-0.483353248936774,0.746076416707057,0.810878482615327,0.662381227705032,"XLOC-006516#FKBP9-BOVIN#Q2KJC8/XLOC-009392#FKB14-HUMAN#Q9NWM8/XLOC-006644#FBX11-RAT#Q7TSL3/gene-evm.model.ptg000001l.34#FKB2B-RHIO9#P0C1J5/XLOC-023090#KCC2A-HUMAN#Q9UQM7",5
"GO:0046488","GO:0046488","phosphatidylinositol metabolic process","1/87","97/6213",0.0103092783505155,0.73622467116957,-0.312013334959857,0.748077992228545,0.811844856263579,0.663170628061898,"XLOC-022911#PA2B-BUNFA#A6MEY4",1
"GO:0048580","GO:0048580","regulation of post-embryonic development","1/87","97/6213",0.0103092783505155,0.73622467116957,-0.312013334959857,0.748077992228545,0.811844856263579,0.663170628061898,"XLOC-020923#WNT11-HUMAN#O96014",1
"GO:0060090","GO:0060090","molecular adaptor activity","1/87","97/6213",0.0103092783505155,0.73622467116957,-0.312013334959857,0.748077992228545,0.811844856263579,0.663170628061898,"XLOC-004104#XLOC-004104",1
"GO:0004842","GO:0004842","ubiquitin-protein transferase activity","2/87","189/6213",0.0105820105820106,0.755701514322204,-0.406439631588599,0.748388353302914,0.811844856263579,0.663170628061898,"XLOC-006644#FBX11-RAT#Q7TSL3/XLOC-025643#TRIM2-HUMAN#Q9C040",2
"GO:0005819","GO:0005819","spindle","2/87","189/6213",0.0105820105820106,0.755701514322204,-0.406439631588599,0.748388353302914,0.811844856263579,0.663170628061898,"XLOC-014230#RSPH1-MOUSE#Q8VIG3/XLOC-010665#MYC-MARMO#P22555",2
"GO:0008037","GO:0008037","cell recognition","1/87","98/6213",0.0102040816326531,0.728712174524982,-0.322575935336723,0.75166157867003,0.814466571950473,0.665312225468425,"XLOC-000223#BMP1-MOUSE#P98063",1
"GO:0022836","GO:0022836","gated channel activity","1/87","98/6213",0.0102040816326531,0.728712174524982,-0.322575935336723,0.75166157867003,0.814466571950473,0.665312225468425,"XLOC-010031#ACHB4-BOVIN#Q8SPU6",1
"GO:0045333","GO:0045333","cellular respiration","1/87","98/6213",0.0102040816326531,0.728712174524982,-0.322575935336723,0.75166157867003,0.814466571950473,0.665312225468425,"XLOC-009352#ODO1-BOVIN#Q148N0",1
"GO:0002366","GO:0002366","leukocyte activation involved in immune response","3/87","277/6213",0.0108303249097473,0.773434582347815,-0.459698845465941,0.752274561545482,0.814821307550972,0.665601997866642,"XLOC-021454#SPB3-HUMAN#P29508/XLOC-020938#SPB6-MOUSE#Q60854/XLOC-026123#MGA-HUMAN#O43451",3
"GO:0002263","GO:0002263","cell activation involved in immune response","3/87","278/6213",0.0107913669064748,0.770652443562392,-0.466222262131236,0.754474176269968,0.816434508674929,0.666919771323369,"XLOC-021454#SPB3-HUMAN#P29508/XLOC-020938#SPB6-MOUSE#Q60854/XLOC-026123#MGA-HUMAN#O43451",3
"GO:0019693","GO:0019693","ribose phosphate metabolic process","3/87","278/6213",0.0107913669064748,0.770652443562392,-0.466222262131236,0.754474176269968,0.816434508674929,0.666919771323369,"XLOC-004696#MYS-ARGIR#P24733/XLOC-016646#ADK-PHYPA#O49923/XLOC-009352#ODO1-BOVIN#Q148N0",3
"GO:0006338","GO:0006338","chromatin remodeling","1/87","99/6213",0.0101010101010101,0.721351445489377,-0.333041633648269,0.755194766348804,0.816434508674929,0.666919771323369,"XLOC-010665#MYC-MARMO#P22555",1
"GO:0009898","GO:0009898","cytoplasmic side of plasma membrane","1/87","99/6213",0.0101010101010101,0.721351445489377,-0.333041633648269,0.755194766348804,0.816434508674929,0.666919771323369,"gene-evm.model.ptg000010l.70#ESYT2-MOUSE#Q3TZZ7",1
"GO:0036294","GO:0036294","cellular response to decreased oxygen levels","1/87","99/6213",0.0101010101010101,0.721351445489377,-0.333041633648269,0.755194766348804,0.816434508674929,0.666919771323369,"XLOC-010665#MYC-MARMO#P22555",1
"GO:0051222","GO:0051222","positive regulation of protein transport","2/87","192/6213",0.0104166666666667,0.74389367816092,-0.429559623705173,0.756235168484354,0.817249596850705,0.667585591317528,"XLOC-009355#B3GA3-HUMAN#O94766/XLOC-025964#NEC1-HUMAN#P29120",2
"GO:0005777","GO:0005777","peroxisome","1/87","100/6213",0.01,0.714137931034483,-0.343412570532811,0.758678255934616,0.818959161627491,0.668982081223187,"XLOC-007978#HIUH-DANRE#Q06S87",1
"GO:0042579","GO:0042579","microbody","1/87","100/6213",0.01,0.714137931034483,-0.343412570532811,0.758678255934616,0.818959161627491,0.668982081223187,"XLOC-007978#HIUH-DANRE#Q06S87",1
"GO:0051302","GO:0051302","regulation of cell division","1/87","100/6213",0.01,0.714137931034483,-0.343412570532811,0.758678255934616,0.818959161627491,0.668982081223187,"XLOC-010665#MYC-MARMO#P22555",1
"GO:0007005","GO:0007005","mitochondrion organization","3/87","281/6213",0.0106761565836299,0.762424837403362,-0.485669105095616,0.760980698026993,0.821133862129732,0.670758525930314,"gene-evm.model.ptg000022l.478#GSH0-HUMAN#P48507/XLOC-009823#GSH1-HUMAN#P48506/XLOC-010665#MYC-MARMO#P22555",3
"GO:0043161","GO:0043161","proteasome-mediated ubiquitin-dependent protein catabolic process","2/87","194/6213",0.0103092783505155,0.73622467116957,-0.444794819109321,0.761350086640945,0.821221851488324,0.67083040168065,"XLOC-006644#FBX11-RAT#Q7TSL3/gene-evm.model.ptg000012l.503-1#DJC10-XENLA#Q6NRT6",2
"GO:0031625","GO:0031625","ubiquitin protein ligase binding","2/87","195/6213",0.0102564102564103,0.732449160035367,-0.452360198888823,0.763873056411631,0.823009754509963,0.6722908836442,"XLOC-006685#KAPR-STRPU#Q26619/XLOC-010665#MYC-MARMO#P22555",2
"GO:0050768","GO:0050768","negative regulation of neurogenesis","2/87","195/6213",0.0102564102564103,0.732449160035367,-0.452360198888823,0.763873056411631,0.823009754509963,0.6722908836442,"XLOC-020834#BMP15-BOVIN#Q6PX77/XLOC-020923#WNT11-HUMAN#O96014",2
"GO:0050778","GO:0050778","positive regulation of immune response","2/87","195/6213",0.0102564102564103,0.732449160035367,-0.452360198888823,0.763873056411631,0.823009754509963,0.6722908836442,"XLOC-023693#TRLF-DESRO#K9IMD0/XLOC-004104#XLOC-004104",2
"GO:0032446","GO:0032446","protein modification by small protein conjugation","3/87","283/6213",0.0106007067137809,0.757036676008286,-0.498532464904135,0.765241920449697,0.823517476942872,0.672705626192749,"XLOC-006644#FBX11-RAT#Q7TSL3/XLOC-016437#UBP14-PANTR#P60051/XLOC-025643#TRIM2-HUMAN#Q9C040",3
"GO:0016758","GO:0016758","hexosyltransferase activity","1/87","102/6213",0.00980392156862745,0.700135226504395,-0.363878376017012,0.765498895496844,0.823517476942872,0.672705626192749,"XLOC-009355#B3GA3-HUMAN#O94766",1
"GO:0017038","GO:0017038","protein import","1/87","102/6213",0.00980392156862745,0.700135226504395,-0.363878376017012,0.765498895496844,0.823517476942872,0.672705626192749,"XLOC-013477#SIX1B-DANRE#Q6NZ04",1
"GO:0046890","GO:0046890","regulation of lipid biosynthetic process","1/87","102/6213",0.00980392156862745,0.700135226504395,-0.363878376017012,0.765498895496844,0.823517476942872,0.672705626192749,"XLOC-020834#BMP15-BOVIN#Q6PX77",1
"GO:0001701","GO:0001701","in utero embryonic development","2/87","196/6213",0.0102040816326531,0.728712174524982,-0.459891293767406,0.766373212328457,0.824147295428982,0.673220105181901,"XLOC-020834#BMP15-BOVIN#Q6PX77/XLOC-010665#MYC-MARMO#P22555",2
"GO:0005874","GO:0005874","microtubule","1/87","103/6213",0.00970873786407767,0.693337797120857,-0.373977188125469,0.768837399193747,0.826485719630656,0.675130290649647,"XLOC-004104#XLOC-004104",1
"GO:0002252","GO:0002252","immune effector process","4/87","371/6213",0.0107816711590297,0.769960033460359,-0.544498048849328,0.771995134678057,0.829086860123446,0.677255080824731,"XLOC-021454#SPB3-HUMAN#P29508/XLOC-020938#SPB6-MOUSE#Q60854/XLOC-026123#MGA-HUMAN#O43451/XLOC-004104#XLOC-004104",4
"GO:0043209","GO:0043209","myelin sheath","1/87","104/6213",0.00961538461538462,0.686671087533157,-0.383989131330006,0.772128912494916,0.829086860123446,0.677255080824731,"XLOC-026222#MYPH-ECHGR#Q24799",1
"GO:0043679","GO:0043679","axon terminus","1/87","104/6213",0.00961538461538462,0.686671087533157,-0.383989131330006,0.772128912494916,0.829086860123446,0.677255080824731,"XLOC-025964#NEC1-HUMAN#P29120",1
"GO:0019216","GO:0019216","regulation of lipid metabolic process","2/87","199/6213",0.0100502512562814,0.717726563853752,-0.482282707034307,0.773738152912868,0.83050223862318,0.678411259177494,"XLOC-020834#BMP15-BOVIN#Q6PX77/gene-evm.model.ptg000020l.16#MAAI-MOUSE#Q9WVL0",2
"GO:0000793","GO:0000793","condensed chromosome","1/87","105/6213",0.00952380952380952,0.680131362889984,-0.39391602503609,0.775374089219903,0.831594598492554,0.679303573731257,"XLOC-014230#RSPH1-MOUSE#Q8VIG3",1
"GO:0016236","GO:0016236","macroautophagy","1/87","105/6213",0.00952380952380952,0.680131362889984,-0.39391602503609,0.775374089219903,0.831594598492554,0.679303573731257,"XLOC-022275#T53I2-HUMAN#Q8IXH6",1
"GO:0051493","GO:0051493","regulation of cytoskeleton organization","3/87","288/6213",0.0104166666666667,0.74389367816092,-0.530345904028455,0.775630293231225,0.831594598492554,0.679303573731257,"XLOC-008044#MOM5-CAEEL#A0A0K3AWM6/XLOC-004696#MYS-ARGIR#P24733/XLOC-004104#XLOC-004104",3
"GO:0019787","GO:0019787","ubiquitin-like protein transferase activity","2/87","201/6213",0.00995024875621891,0.71058500600446,-0.497045817432672,0.778536541815651,0.833497338530204,0.680857862455355,"XLOC-006644#FBX11-RAT#Q7TSL3/XLOC-025643#TRIM2-HUMAN#Q9C040",2
"GO:0034764","GO:0034764","positive regulation of transmembrane transport","1/87","106/6213",0.00943396226415094,0.673715029277814,-0.403759632184179,0.778573574196633,0.833497338530204,0.680857862455355,"XLOC-020834#BMP15-BOVIN#Q6PX77",1
"GO:0050714","GO:0050714","positive regulation of protein secretion","1/87","106/6213",0.00943396226415094,0.673715029277814,-0.403759632184179,0.778573574196633,0.833497338530204,0.680857862455355,"XLOC-025964#NEC1-HUMAN#P29120",1
"GO:0071453","GO:0071453","cellular response to oxygen levels","1/87","106/6213",0.00943396226415094,0.673715029277814,-0.403759632184179,0.778573574196633,0.833497338530204,0.680857862455355,"XLOC-010665#MYC-MARMO#P22555",1
"GO:0044389","GO:0044389","ubiquitin-like protein ligase binding","2/87","202/6213",0.0099009900990099,0.707067258449983,-0.504379109444532,0.780902678350659,0.835307113727884,0.68233621111426,"XLOC-006685#KAPR-STRPU#Q26619/XLOC-010665#MYC-MARMO#P22555",2
"GO:0002757","GO:0002757","immune response-activating signaling pathway","1/87","107/6213",0.00934579439252336,0.667418627135031,-0.413521661541685,0.781728003383614,0.835307113727884,0.68233621111426,"XLOC-004104#XLOC-004104",1
"GO:0005096","GO:0005096","GTPase activator activity","1/87","107/6213",0.00934579439252336,0.667418627135031,-0.413521661541685,0.781728003383614,0.835307113727884,0.68233621111426,"XLOC-020232#AGD1-ARATH#Q9FIT8",1
"GO:0043903","GO:0043903","regulation of biological process involved in symbiotic interaction","1/87","107/6213",0.00934579439252336,0.667418627135031,-0.413521661541685,0.781728003383614,0.835307113727884,0.68233621111426,"XLOC-023693#TRLF-DESRO#K9IMD0",1
"GO:0045807","GO:0045807","positive regulation of endocytosis","1/87","107/6213",0.00934579439252336,0.667418627135031,-0.413521661541685,0.781728003383614,0.835307113727884,0.68233621111426,"XLOC-006335#GREM1-CHICK#O73755",1
"GO:0018209","GO:0018209","peptidyl-serine modification","1/87","108/6213",0.00925925925925926,0.661238825031928,-0.42320376988081,0.784838003990497,0.838002554410511,0.684538032160006,"XLOC-023090#KCC2A-HUMAN#Q9UQM7",1
"GO:0021543","GO:0021543","pallium development","1/87","108/6213",0.00925925925925926,0.661238825031928,-0.42320376988081,0.784838003990497,0.838002554410511,0.684538032160006,"XLOC-009352#ODO1-BOVIN#Q148N0",1
"GO:0005938","GO:0005938","cell cortex","2/87","205/6213",0.00975609756097561,0.696719932716569,-0.526190120722902,0.787870524486224,0.840332959695439,0.686441667225894,"XLOC-015786#XLOC-015786/XLOC-000173#TES-CHICK#Q90YH9",2
"GO:0005700","GO:0005700","polytene chromosome","1/87","109/6213",0.00917431192660551,0.655172413793103,-0.432807564048978,0.78790419459702,0.840332959695439,0.686441667225894,"XLOC-004696#MYS-ARGIR#P24733",1
"GO:0009152","GO:0009152","purine ribonucleotide biosynthetic process","1/87","109/6213",0.00917431192660551,0.655172413793103,-0.432807564048978,0.78790419459702,0.840332959695439,0.686441667225894,"XLOC-016646#ADK-PHYPA#O49923",1
"GO:1904951","GO:1904951","positive regulation of establishment of protein localization","2/87","206/6213",0.00970873786407767,0.693337797120857,-0.533398633658804,0.790150084663216,0.8424133750165,0.688141093322461,"XLOC-009355#B3GA3-HUMAN#O94766/XLOC-025964#NEC1-HUMAN#P29120",2
"GO:0006888","GO:0006888","endoplasmic reticulum to Golgi vesicle-mediated transport","1/87","110/6213",0.00909090909090909,0.649216300940439,-0.442334602938095,0.790927185270359,0.842926880678496,0.688560560009663,"XLOC-015621#TPC12-MOUSE#Q8K2L8",1
"GO:0031514","GO:0031514","motile cilium","1/87","111/6213",0.00900900900900901,0.643367505436471,-0.451786399358485,0.793907577680891,0.845787273757873,0.690897125500371,"XLOC-014230#RSPH1-MOUSE#Q8VIG3",1
"GO:0016788","GO:0016788","hydrolase activity, acting on ester bonds","4/87","384/6213",0.0104166666666667,0.74389367816092,-0.617412953749955,0.794984614131723,0.846618553235463,0.69157617166171,"XLOC-022911#PA2B-BUNFA#A6MEY4/XLOC-004696#MYS-ARGIR#P24733/gene-evm.model.ptg000030l.120#PGP-CHICK#Q5F4B1/XLOC-020365#PA2-BOMTE#P82971",4
"GO:0046578","GO:0046578","regulation of Ras protein signal transduction","1/87","112/6213",0.00892857142857143,0.63762315270936,-0.461164421822931,0.796845965216414,0.848284156254638,0.692936750584895,"XLOC-023090#KCC2A-HUMAN#Q9UQM7",1
"GO:0031252","GO:0031252","cell leading edge","2/87","210/6213",0.00952380952380952,0.680131362889984,-0.561932290994852,0.799056798350398,0.849466339582848,0.693902439108022,"XLOC-004104#XLOC-004104/XLOC-010031#ACHB4-BOVIN#Q8SPU6",2
"GO:0002793","GO:0002793","positive regulation of peptide secretion","1/87","113/6213",0.00884955752212389,0.63198046994202,-0.470470096245918,0.799742933094823,0.849466339582848,0.693902439108022,"XLOC-025964#NEC1-HUMAN#P29120",1
"GO:0006164","GO:0006164","purine nucleotide biosynthetic process","1/87","113/6213",0.00884955752212389,0.63198046994202,-0.470470096245918,0.799742933094823,0.849466339582848,0.693902439108022,"XLOC-016646#ADK-PHYPA#O49923",1
"GO:0043543","GO:0043543","protein acylation","1/87","113/6213",0.00884955752212389,0.63198046994202,-0.470470096245918,0.799742933094823,0.849466339582848,0.693902439108022,"XLOC-009352#ODO1-BOVIN#Q148N0",1
"GO:0050773","GO:0050773","regulation of dendrite development","1/87","113/6213",0.00884955752212389,0.63198046994202,-0.470470096245918,0.799742933094823,0.849466339582848,0.693902439108022,"XLOC-004104#XLOC-004104",1
"GO:1902905","GO:1902905","positive regulation of supramolecular fiber organization","1/87","113/6213",0.00884955752212389,0.63198046994202,-0.470470096245918,0.799742933094823,0.849466339582848,0.693902439108022,"XLOC-004104#XLOC-004104",1
"GO:0050821","GO:0050821","protein stabilization","1/87","114/6213",0.0087719298245614,0.626436781609195,-0.479704807562844,0.802599058475274,0.851865741752216,0.695862435567143,"XLOC-004696#MYS-ARGIR#P24733",1
"GO:0071824","GO:0071824","protein-DNA complex organization","1/87","114/6213",0.0087719298245614,0.626436781609195,-0.479704807562844,0.802599058475274,0.851865741752216,0.695862435567143,"XLOC-010665#MYC-MARMO#P22555",1
"GO:0051603","GO:0051603","proteolysis involved in protein catabolic process","3/87","303/6213",0.0099009900990099,0.707067258449983,-0.622991818926583,0.804587119145908,0.853658256200548,0.697326684460684,"XLOC-006644#FBX11-RAT#Q7TSL3/gene-evm.model.ptg000012l.503-1#DJC10-XENLA#Q6NRT6/gene-evm.model.ptg000021l.117#UFD1-RAT#Q9ES53",3
"GO:0006417","GO:0006417","regulation of translation","2/87","214/6213",0.00934579439252336,0.667418627135031,-0.590000298023884,0.807631854757764,0.85620834302499,0.6994097704936,"XLOC-016472#COMP-MOUSE#Q9R0G6/gene-evm.model.ptg000002l.349#ADT1-CAEEL#G5ECS8",2
"GO:0002764","GO:0002764","immune response-regulating signaling pathway","1/87","116/6213",0.00862068965517241,0.61563614744352,-0.497966684914899,0.80819105074178,0.85620834302499,0.6994097704936,"XLOC-004104#XLOC-004104",1
"GO:0007265","GO:0007265","Ras protein signal transduction","1/87","116/6213",0.00862068965517241,0.61563614744352,-0.497966684914899,0.80819105074178,0.85620834302499,0.6994097704936,"XLOC-004104#XLOC-004104",1
"GO:0032496","GO:0032496","response to lipopolysaccharide","1/87","116/6213",0.00862068965517241,0.61563614744352,-0.497966684914899,0.80819105074178,0.85620834302499,0.6994097704936,"XLOC-025964#NEC1-HUMAN#P29120",1
"GO:0001700","GO:0001700","embryonic development via the syncytial blastoderm","1/87","117/6213",0.00854700854700855,0.610374300029473,-0.506996429464674,0.810928032632131,0.858470381112975,0.701257558538243,"XLOC-020834#BMP15-BOVIN#Q6PX77",1
"GO:0009260","GO:0009260","ribonucleotide biosynthetic process","1/87","117/6213",0.00854700854700855,0.610374300029473,-0.506996429464674,0.810928032632131,0.858470381112975,0.701257558538243,"XLOC-016646#ADK-PHYPA#O49923",1
"GO:0032271","GO:0032271","regulation of protein polymerization","1/87","118/6213",0.00847457627118644,0.605201636469901,-0.515960370683148,0.813626402245156,0.860606665958948,0.703002622699323,"XLOC-004104#XLOC-004104",1
"GO:1902850","GO:1902850","microtubule cytoskeleton organization involved in mitosis","1/87","118/6213",0.00847457627118644,0.605201636469901,-0.515960370683148,0.813626402245156,0.860606665958948,0.703002622699323,"XLOC-020923#WNT11-HUMAN#O96014",1
"GO:0150034","GO:0150034","distal axon","2/87","217/6213",0.00921658986175115,0.658191641506436,-0.6107571882701,0.813850958554939,0.860606665958948,0.703002622699323,"XLOC-010031#ACHB4-BOVIN#Q8SPU6/XLOC-025964#NEC1-HUMAN#P29120",2
"GO:0120031","GO:0120031","plasma membrane bounded cell projection assembly","3/87","309/6213",0.00970873786407767,0.693337797120857,-0.65895107370995,0.815274831192641,0.861792920856837,0.703971637160159,"XLOC-006685#KAPR-STRPU#Q26619/XLOC-014230#RSPH1-MOUSE#Q8VIG3/XLOC-020365#PA2-BOMTE#P82971",3
"GO:0010506","GO:0010506","regulation of autophagy","2/87","218/6213",0.00917431192660551,0.655172413793103,-0.617621646461461,0.815884334166353,0.861904496510495,0.704062779815978,"XLOC-025853#MFSD8-XENLA#Q6GPQ3/XLOC-022275#T53I2-HUMAN#Q8IXH6",2
"GO:0001754","GO:0001754","eye photoreceptor cell differentiation","1/87","119/6213",0.00840336134453781,0.600115908432338,-0.524859710393072,0.816286698062165,0.861904496510495,0.704062779815978,"XLOC-008044#MOM5-CAEEL#A0A0K3AWM6",1
"GO:0043270","GO:0043270","positive regulation of monoatomic ion transport","1/87","119/6213",0.00840336134453781,0.600115908432338,-0.524859710393072,0.816286698062165,0.861904496510495,0.704062779815978,"XLOC-020834#BMP15-BOVIN#Q6PX77",1
"GO:0019904","GO:0019904","protein domain specific binding","4/87","398/6213",0.0100502512562814,0.717726563853752,-0.693623087094624,0.817663030749416,0.863038337672248,0.704988979137881,"XLOC-020834#BMP15-BOVIN#Q6PX77/XLOC-008044#MOM5-CAEEL#A0A0K3AWM6/XLOC-006685#KAPR-STRPU#Q26619/XLOC-004104#XLOC-004104",4
"GO:0002253","GO:0002253","activation of immune response","1/87","120/6213",0.00833333333333333,0.595114942528736,-0.533695617702897,0.818909451142013,0.863395663011147,0.70528086701226,"XLOC-004104#XLOC-004104",1
"GO:0046390","GO:0046390","ribose phosphate biosynthetic process","1/87","120/6213",0.00833333333333333,0.595114942528736,-0.533695617702897,0.818909451142013,0.863395663011147,0.70528086701226,"XLOC-016646#ADK-PHYPA#O49923",1
"GO:0046777","GO:0046777","protein autophosphorylation","1/87","120/6213",0.00833333333333333,0.595114942528736,-0.533695617702897,0.818909451142013,0.863395663011147,0.70528086701226,"XLOC-023090#KCC2A-HUMAN#Q9UQM7",1
"GO:0010212","GO:0010212","response to ionizing radiation","1/87","121/6213",0.00826446280991736,0.590196637218581,-0.542469230175733,0.821495185222211,0.865162703373558,0.706724306923112,"XLOC-010665#MYC-MARMO#P22555",1
"GO:0072522","GO:0072522","purine-containing compound biosynthetic process","1/87","121/6213",0.00826446280991736,0.590196637218581,-0.542469230175733,0.821495185222211,0.865162703373558,0.706724306923112,"XLOC-016646#ADK-PHYPA#O49923",1
"GO:0098562","GO:0098562","cytoplasmic side of membrane","1/87","121/6213",0.00826446280991736,0.590196637218581,-0.542469230175733,0.821495185222211,0.865162703373558,0.706724306923112,"gene-evm.model.ptg000010l.70#ESYT2-MOUSE#Q3TZZ7",1
"GO:0030695","GO:0030695","GTPase regulator activity","1/87","122/6213",0.00819672131147541,0.58535895986433,-0.551181654946941,0.824044416818676,0.867527203388813,0.70865579290602,"XLOC-020232#AGD1-ARATH#Q9FIT8",1
"GO:0007163","GO:0007163","establishment or maintenance of cell polarity","2/87","223/6213",0.00896860986547085,0.64048244935828,-0.651547331195823,0.825760161804239,0.869012815059938,0.709869342536094,"XLOC-008044#MOM5-CAEEL#A0A0K3AWM6/XLOC-020923#WNT11-HUMAN#O96014",2
"GO:0030031","GO:0030031","cell projection assembly","3/87","316/6213",0.00949367088607595,0.677979048450458,-0.700162682707814,0.827124488903185,0.870127642640408,0.710780010259141,"XLOC-006685#KAPR-STRPU#Q26619/XLOC-014230#RSPH1-MOUSE#Q8VIG3/XLOC-020365#PA2-BOMTE#P82971",3
"GO:0022857","GO:0022857","transmembrane transporter activity","4/87","405/6213",0.00987654320987654,0.70532141336739,-0.730885993973729,0.82822264704489,0.870853462834758,0.71137291003603,"XLOC-025615#S15A2-DANRE#B0S6T2/XLOC-020299#SC5A7-DROME#Q9VE46/XLOC-003539#RHBG-DANRE#Q7T070/XLOC-010031#ACHB4-BOVIN#Q8SPU6",4
"GO:0002237","GO:0002237","response to molecule of bacterial origin","1/87","124/6213",0.00806451612903226,0.575917686318131,-0.568427224154396,0.829035403105223,0.870853462834758,0.71137291003603,"XLOC-025964#NEC1-HUMAN#P29120",1
"GO:0007088","GO:0007088","regulation of mitotic nuclear division","1/87","124/6213",0.00806451612903226,0.575917686318131,-0.568427224154396,0.829035403105223,0.870853462834758,0.71137291003603,"XLOC-020834#BMP15-BOVIN#Q6PX77",1
"GO:0036464","GO:0036464","cytoplasmic ribonucleoprotein granule","1/87","124/6213",0.00806451612903226,0.575917686318131,-0.568427224154396,0.829035403105223,0.870853462834758,0.71137291003603,"XLOC-004696#MYS-ARGIR#P24733",1
"GO:0017111","GO:0017111","ribonucleoside triphosphate phosphatase activity","4/87","407/6213",0.00982800982800983,0.70185546047615,-0.741433837046487,0.831146870947504,0.872455747672569,0.712681766320611,"XLOC-004696#MYS-ARGIR#P24733/XLOC-018113#MYL6B-HUMAN#P14649/XLOC-016635#MYL1-DANRE#Q6P0G6/gene-evm.model.ptg000006l.277#gene-evm.model.ptg000006l.277",4
"GO:0010876","GO:0010876","lipid localization","1/87","125/6213",0.008,0.571310344827586,-0.57696244011417,0.831478155598218,0.872455747672569,0.712681766320611,"XLOC-025615#S15A2-DANRE#B0S6T2",1
"GO:0030426","GO:0030426","growth cone","1/87","125/6213",0.008,0.571310344827586,-0.57696244011417,0.831478155598218,0.872455747672569,0.712681766320611,"XLOC-010031#ACHB4-BOVIN#Q8SPU6",1
"GO:0007368","GO:0007368","determination of left/right symmetry","1/87","126/6213",0.00793650793650794,0.566776135741653,-0.585440613335541,0.833886401403565,0.874339545462834,0.714220581716278,"XLOC-003038#INHBA-MOUSE#Q04998",1
"GO:0051495","GO:0051495","positive regulation of cytoskeleton organization","1/87","126/6213",0.00793650793650794,0.566776135741653,-0.585440613335541,0.833886401403565,0.874339545462834,0.714220581716278,"XLOC-004104#XLOC-004104",1
"GO:0016757","GO:0016757","glycosyltransferase activity","1/87","127/6213",0.0078740157480315,0.562313331523215,-0.5938627139595,0.836260622379069,0.876184926789381,0.715728015906318,"XLOC-009355#B3GA3-HUMAN#O94766",1
"GO:0046034","GO:0046034","ATP metabolic process","1/87","127/6213",0.0078740157480315,0.562313331523215,-0.5938627139595,0.836260622379069,0.876184926789381,0.715728015906318,"XLOC-004696#MYS-ARGIR#P24733",1
"GO:0055085","GO:0055085","transmembrane transport","5/87","498/6213",0.0100401606425703,0.717005954853898,-0.784640470651256,0.837788022912617,0.87746300637654,0.71677203907896,"XLOC-025615#S15A2-DANRE#B0S6T2/XLOC-020299#SC5A7-DROME#Q9VE46/XLOC-003539#RHBG-DANRE#Q7T070/XLOC-010031#ACHB4-BOVIN#Q8SPU6/XLOC-010665#MYC-MARMO#P22555",5
"GO:0008593","GO:0008593","regulation of Notch signaling pathway","1/87","129/6213",0.00775193798449612,0.553595295375568,-0.610542455493834,0.84090888410906,0.880085490228595,0.718914263975541,"XLOC-008044#MOM5-CAEEL#A0A0K3AWM6",1
"GO:0051235","GO:0051235","maintenance of location","1/87","129/6213",0.00775193798449612,0.553595295375568,-0.610542455493834,0.84090888410906,0.880085490228595,0.718914263975541,"XLOC-025615#S15A2-DANRE#B0S6T2",1
"GO:0031267","GO:0031267","small GTPase binding","2/87","232/6213",0.00862068965517241,0.61563614744352,-0.711027638482259,0.842358799555335,0.880850802005164,0.719539423188678,"XLOC-015621#TPC12-MOUSE#Q8K2L8/XLOC-023090#KCC2A-HUMAN#Q9UQM7",2
"GO:0000209","GO:0000209","protein polyubiquitination","1/87","130/6213",0.00769230769230769,0.549336870026525,-0.618801916640525,0.843183855687382,0.880850802005164,0.719539423188678,"XLOC-006644#FBX11-RAT#Q7TSL3",1
"GO:0009267","GO:0009267","cellular response to starvation","1/87","130/6213",0.00769230769230769,0.549336870026525,-0.618801916640525,0.843183855687382,0.880850802005164,0.719539423188678,"XLOC-003038#INHBA-MOUSE#Q04998",1
"GO:0032388","GO:0032388","positive regulation of intracellular transport","1/87","130/6213",0.00769230769230769,0.549336870026525,-0.618801916640525,0.843183855687382,0.880850802005164,0.719539423188678,"XLOC-009355#B3GA3-HUMAN#O94766",1
"GO:0046474","GO:0046474","glycerophospholipid biosynthetic process","1/87","130/6213",0.00769230769230769,0.549336870026525,-0.618801916640525,0.843183855687382,0.880850802005164,0.719539423188678,"XLOC-022911#PA2B-BUNFA#A6MEY4",1
"GO:0051961","GO:0051961","negative regulation of nervous system development","2/87","233/6213",0.00858369098712446,0.61299393221844,-0.717516671572335,0.844113127112499,0.881498810999985,0.720068761434489,"XLOC-020834#BMP15-BOVIN#Q6PX77/XLOC-020923#WNT11-HUMAN#O96014",2
"GO:0035770","GO:0035770","ribonucleoprotein granule","1/87","131/6213",0.00763358778625954,0.545143458804949,-0.627008947211341,0.845426664261309,0.882547483767843,0.720925389363737,"XLOC-004696#MYS-ARGIR#P24733",1
"GO:1901990","GO:1901990","regulation of mitotic cell cycle phase transition","2/87","235/6213",0.00851063829787234,0.607776962582538,-0.730425502452525,0.847569475150597,0.884208602328771,0.722282305073477,"XLOC-006685#KAPR-STRPU#Q26619/XLOC-023090#KCC2A-HUMAN#Q9UQM7",2
"GO:0031396","GO:0031396","regulation of protein ubiquitination","1/87","132/6213",0.00757575757575758,0.541013584117032,-0.63516440195152,0.847637759330245,0.884208602328771,0.722282305073477,"XLOC-009823#GSH1-HUMAN#P48506",1
"GO:0032386","GO:0032386","regulation of intracellular transport","2/87","236/6213",0.00847457627118644,0.605201636469901,-0.736845729743228,0.849271772005191,0.885187866987281,0.723082235692749,"XLOC-020834#BMP15-BOVIN#Q6PX77/XLOC-009355#B3GA3-HUMAN#O94766",2
"GO:0005912","GO:0005912","adherens junction","1/87","133/6213",0.0075187969924812,0.536945812807882,-0.643269114743669,0.849817584184425,0.885187866987281,0.723082235692749,"XLOC-000173#TES-CHICK#Q90YH9",1
"GO:0007264","GO:0007264","small GTPase-mediated signal transduction","1/87","133/6213",0.0075187969924812,0.536945812807882,-0.643269114743669,0.849817584184425,0.885187866987281,0.723082235692749,"XLOC-004104#XLOC-004104",1
"GO:0030427","GO:0030427","site of polarized growth","1/87","133/6213",0.0075187969924812,0.536945812807882,-0.643269114743669,0.849817584184425,0.885187866987281,0.723082235692749,"XLOC-010031#ACHB4-BOVIN#Q8SPU6",1
"GO:0055086","GO:0055086","nucleobase-containing small molecule metabolic process","4/87","423/6213",0.00945626477541371,0.675307736202821,-0.824308345104337,0.853105264785674,0.888288073150922,0.725614696978671,"XLOC-007978#HIUH-DANRE#Q06S87/XLOC-004696#MYS-ARGIR#P24733/XLOC-016646#ADK-PHYPA#O49923/XLOC-009352#ODO1-BOVIN#Q148N0",4
"GO:1902275","GO:1902275","regulation of chromatin organization","1/87","135/6213",0.00740740740740741,0.528991060025543,-0.659329549697412,0.854085165871059,0.888859124854087,0.726081171223993,"XLOC-023090#KCC2A-HUMAN#Q9UQM7",1
"GO:0006091","GO:0006091","generation of precursor metabolites and energy","2/87","239/6213",0.00836820083682008,0.597604963208772,-0.755972174310518,0.854276803487524,0.888859124854087,0.726081171223993,"XLOC-010665#MYC-MARMO#P22555/XLOC-009352#ODO1-BOVIN#Q148N0",2
"GO:0006914","GO:0006914","autophagy","1/87","137/6213",0.0072992700729927,0.521268562798893,-0.675196530704765,0.858232834652283,0.891674536512369,0.728380992801071,"XLOC-022275#T53I2-HUMAN#Q8IXH6",1
"GO:0031334","GO:0031334","positive regulation of protein-containing complex assembly","1/87","137/6213",0.0072992700729927,0.521268562798893,-0.675196530704765,0.858232834652283,0.891674536512369,0.728380992801071,"XLOC-004104#XLOC-004104",1
"GO:0061919","GO:0061919","process utilizing autophagic mechanism","1/87","137/6213",0.0072992700729927,0.521268562798893,-0.675196530704765,0.858232834652283,0.891674536512369,0.728380992801071,"XLOC-022275#T53I2-HUMAN#Q8IXH6",1
"GO:0070161","GO:0070161","anchoring junction","1/87","137/6213",0.0072992700729927,0.521268562798893,-0.675196530704765,0.858232834652283,0.891674536512369,0.728380992801071,"XLOC-000173#TES-CHICK#Q90YH9",1
"GO:0007346","GO:0007346","regulation of mitotic cell cycle","4/87","428/6213",0.00934579439252336,0.667418627135031,-0.849679182866715,0.859461237571527,0.892625741096311,0.729158002024547,"XLOC-020834#BMP15-BOVIN#Q6PX77/XLOC-006685#KAPR-STRPU#Q26619/XLOC-010665#MYC-MARMO#P22555/XLOC-023090#KCC2A-HUMAN#Q9UQM7",4
"GO:0098791","GO:0098791","Golgi apparatus subcompartment","3/87","338/6213",0.00887573964497041,0.633850234645991,-0.824897577927322,0.86027706843149,0.893147917116099,0.729584551255389,"XLOC-010538#LSHR-CHICK#Q90674/XLOC-009355#B3GA3-HUMAN#O94766/XLOC-025964#NEC1-HUMAN#P29120",3
"GO:0030258","GO:0030258","lipid modification","1/87","139/6213",0.00719424460431655,0.513768295708261,-0.690876042851608,0.862263921819758,0.89423444891013,0.730472105036999,"XLOC-026524#KLKB1-RAT#P14272",1
"GO:0045017","GO:0045017","glycerolipid biosynthetic process","1/87","139/6213",0.00719424460431655,0.513768295708261,-0.690876042851608,0.862263921819758,0.89423444891013,0.730472105036999,"XLOC-022911#PA2B-BUNFA#A6MEY4",1
"GO:0051056","GO:0051056","regulation of small GTPase mediated signal transduction","1/87","139/6213",0.00719424460431655,0.513768295708261,-0.690876042851608,0.862263921819758,0.89423444891013,0.730472105036999,"XLOC-023090#KCC2A-HUMAN#Q9UQM7",1
"GO:0008509","GO:0008509","monoatomic anion transmembrane transporter activity","1/87","143/6213",0.00699300699300699,0.499397154569568,-0.721695239546611,0.869989221525806,0.90191833176349,0.736748828204611,"XLOC-020299#SC5A7-DROME#Q9VE46",1
"GO:0002697","GO:0002697","regulation of immune effector process","1/87","145/6213",0.00689655172413793,0.492508917954816,-0.736845581506084,0.873689649077085,0.904768264543348,0.739076849004362,"gene-evm.model.ptg000021l.117#UFD1-RAT#Q9ES53",1
"GO:0008654","GO:0008654","phospholipid biosynthetic process","1/87","145/6213",0.00689655172413793,0.492508917954816,-0.736845581506084,0.873689649077085,0.904768264543348,0.739076849004362,"XLOC-022911#PA2B-BUNFA#A6MEY4",1
"GO:0009205","GO:0009205","purine ribonucleoside triphosphate metabolic process","1/87","145/6213",0.00689655172413793,0.492508917954816,-0.736845581506084,0.873689649077085,0.904768264543348,0.739076849004362,"XLOC-004696#MYS-ARGIR#P24733",1
"GO:0050795","GO:0050795","regulation of behavior","1/87","146/6213",0.00684931506849315,0.4891355692017,-0.744358153331178,0.875500624774233,0.906314688853733,0.740340074574193,"XLOC-013035#HXA4-LINSA#P81192",1
"GO:0030163","GO:0030163","protein catabolic process","3/87","350/6213",0.00857142857142857,0.612118226600985,-0.890144066395517,0.875940425720639,0.90644107166521,0.740443312733328,"XLOC-006644#FBX11-RAT#Q7TSL3/gene-evm.model.ptg000012l.503-1#DJC10-XENLA#Q6NRT6/gene-evm.model.ptg000021l.117#UFD1-RAT#Q9ES53",3
"GO:0009117","GO:0009117","nucleotide metabolic process","3/87","351/6213",0.00854700854700855,0.610374300029473,-0.895498989851054,0.877173961991719,0.907388438565038,0.741217187072885,"XLOC-004696#MYS-ARGIR#P24733/XLOC-016646#ADK-PHYPA#O49923/XLOC-009352#ODO1-BOVIN#Q148N0",3
"GO:0032555","GO:0032555","purine ribonucleotide binding","3/87","352/6213",0.00852272727272727,0.608640282131661,-0.90084162831579,0.878396789886,0.908129034357163,0.741822156572679,"XLOC-004696#MYS-ARGIR#P24733/XLOC-006685#KAPR-STRPU#Q26619/XLOC-009823#GSH1-HUMAN#P48506",3
"GO:1901987","GO:1901987","regulation of cell cycle phase transition","2/87","255/6213",0.00784313725490196,0.560108181203516,-0.854776510908891,0.878526510629432,0.908129034357163,0.741822156572679,"XLOC-006685#KAPR-STRPU#Q26619/XLOC-023090#KCC2A-HUMAN#Q9UQM7",2
"GO:0009101","GO:0009101","glycoprotein biosynthetic process","1/87","148/6213",0.00675675675675676,0.482525629077353,-0.759261107269699,0.879045923891649,0.908336842036535,0.741991908155363,"XLOC-009355#B3GA3-HUMAN#O94766",1
"GO:0098798","GO:0098798","mitochondrial protein-containing complex","1/87","149/6213",0.00671140939597315,0.479287202036566,-0.766652653719959,0.880780961751735,0.909800175191058,0.743187259163208,"XLOC-009352#ODO1-BOVIN#Q148N0",1
"GO:0006753","GO:0006753","nucleoside phosphate metabolic process","3/87","355/6213",0.00845070422535211,0.603496843127732,-0.916796603939485,0.882001724966751,0.910731422848405,0.743947966198597,"XLOC-004696#MYS-ARGIR#P24733/XLOC-016646#ADK-PHYPA#O49923/XLOC-009352#ODO1-BOVIN#Q148N0",3
"GO:0046530","GO:0046530","photoreceptor cell differentiation","1/87","150/6213",0.00666666666666667,0.476091954022989,-0.774005001861786,0.882491393204176,0.910907360640924,0.744091684269192,"XLOC-008044#MOM5-CAEEL#A0A0K3AWM6",1
"GO:0032787","GO:0032787","monocarboxylic acid metabolic process","2/87","259/6213",0.00772200772200772,0.551457861802689,-0.878689768501379,0.88398618969794,0.912120289044565,0.745082487481199,"XLOC-026524#KLKB1-RAT#P14272/XLOC-006685#KAPR-STRPU#Q26619",2
"GO:0031253","GO:0031253","cell projection membrane","1/87","153/6213",0.0065359477124183,0.466756817669597,-0.795832312585853,0.887478474966299,0.915392656933785,0.747755582286937,"XLOC-010031#ACHB4-BOVIN#Q8SPU6",1
"GO:0017076","GO:0017076","purine nucleotide binding","3/87","361/6213",0.00831024930747922,0.593466424682396,-0.948385084966847,0.888931912790275,0.916065311735657,0.748305052920377,"XLOC-004696#MYS-ARGIR#P24733/XLOC-006685#KAPR-STRPU#Q26619/XLOC-009823#GSH1-HUMAN#P48506",3
"GO:0032553","GO:0032553","ribonucleotide binding","3/87","361/6213",0.00831024930747922,0.593466424682396,-0.948385084966847,0.888931912790275,0.916065311735657,0.748305052920377,"XLOC-004696#MYS-ARGIR#P24733/XLOC-006685#KAPR-STRPU#Q26619/XLOC-009823#GSH1-HUMAN#P48506",3
"GO:0000151","GO:0000151","ubiquitin ligase complex","1/87","154/6213",0.00649350649350649,0.463725929243171,-0.803033266553864,0.889093882998961,0.916065311735657,0.748305052920377,"XLOC-006644#FBX11-RAT#Q7TSL3",1
"GO:0045930","GO:0045930","negative regulation of mitotic cell cycle","1/87","155/6213",0.00645161290322581,0.460734149054505,-0.810197665759058,0.890686362315529,0.917043735722196,0.749104296821053,"XLOC-020834#BMP15-BOVIN#Q6PX77",1
"GO:1903320","GO:1903320","regulation of protein modification by small protein conjugation or removal","1/87","155/6213",0.00645161290322581,0.460734149054505,-0.810197665759058,0.890686362315529,0.917043735722196,0.749104296821053,"XLOC-009823#GSH1-HUMAN#P48506",1
"GO:0051783","GO:0051783","regulation of nuclear division","1/87","157/6213",0.00636942675159236,0.454864924225785,-0.824418774502789,0.893803817193103,0.919921461201992,0.751455020606641,"XLOC-020834#BMP15-BOVIN#Q6PX77",1
"GO:0098813","GO:0098813","nuclear chromosome segregation","1/87","159/6213",0.00628930817610063,0.449143352851876,-0.838499488187516,0.896833360134461,0.92270666298724,0.753730164684911,"XLOC-015621#TPC12-MOUSE#Q8K2L8",1
"GO:0005759","GO:0005759","mitochondrial matrix","2/87","270/6213",0.00740740740740741,0.528991060025543,-0.942963800453799,0.897864921055457,0.923233197973665,0.754160274619032,"gene-evm.model.ptg000020l.16#MAAI-MOUSE#Q9WVL0/XLOC-009352#ODO1-BOVIN#Q148N0",2
"GO:0009165","GO:0009165","nucleotide biosynthetic process","1/87","160/6213",0.00625,0.446336206896552,-0.845488357519266,0.898315933254431,0.923233197973665,0.754160274619032,"XLOC-016646#ADK-PHYPA#O49923",1
"GO:0043547","GO:0043547","positive regulation of GTPase activity","1/87","160/6213",0.00625,0.446336206896552,-0.845488357519266,0.898315933254431,0.923233197973665,0.754160274619032,"XLOC-020232#AGD1-ARATH#Q9FIT8",1
"GO:1903047","GO:1903047","mitotic cell cycle process","4/87","465/6213",0.00860215053763441,0.61431219873934,-1.03036441965629,0.899681650401167,0.92430383456771,0.755034844109768,"XLOC-006685#KAPR-STRPU#Q26619/XLOC-020923#WNT11-HUMAN#O96014/XLOC-010665#MYC-MARMO#P22555/XLOC-023090#KCC2A-HUMAN#Q9UQM7",4
"GO:0000139","GO:0000139","Golgi membrane","2/87","272/6213",0.00735294117647059,0.525101419878296,-0.954426305206364,0.900218329082569,0.924522279651753,0.75521328505506,"XLOC-010538#LSHR-CHICK#Q90674/XLOC-009355#B3GA3-HUMAN#O94766",2
"GO:0019901","GO:0019901","protein kinase binding","3/87","373/6213",0.00804289544235925,0.57437367107331,-1.01033019168643,0.901725766262528,0.925737175655629,0.756205695538053,"XLOC-006685#KAPR-STRPU#Q26619/XLOC-020923#WNT11-HUMAN#O96014/XLOC-010031#ACHB4-BOVIN#Q8SPU6",3
"GO:1901293","GO:1901293","nucleoside phosphate biosynthetic process","1/87","163/6213",0.00613496932515337,0.438121430082505,-0.866254366722916,0.902638446998061,0.926340823483982,0.756698796536807,"XLOC-016646#ADK-PHYPA#O49923",1
"GO:0003713","GO:0003713","transcription coactivator activity","1/87","164/6213",0.00609756097560976,0.435449957947855,-0.873110939069915,0.904038522223048,0.927110677175541,0.757327665898002,"XLOC-022275#T53I2-HUMAN#Q8IXH6",1
"GO:0022618","GO:0022618","protein-RNA complex assembly","1/87","164/6213",0.00609756097560976,0.435449957947855,-0.873110939069915,0.904038522223048,0.927110677175541,0.757327665898002,"XLOC-006644#FBX11-RAT#Q7TSL3",1
"GO:0040029","GO:0040029","epigenetic regulation of gene expression","1/87","165/6213",0.00606060606060606,0.432810867293626,-0.879935492911468,0.905418692262161,0.928192428682697,0.758211314813028,"XLOC-006644#FBX11-RAT#Q7TSL3",1
"GO:0060341","GO:0060341","regulation of cellular localization","4/87","475/6213",0.00842105263157895,0.601379310344828,-1.07724186383707,0.908677965254381,0.931199078617367,0.760667352946612,"XLOC-015621#TPC12-MOUSE#Q8K2L8/XLOC-020834#BMP15-BOVIN#Q6PX77/XLOC-009355#B3GA3-HUMAN#O94766/XLOC-023090#KCC2A-HUMAN#Q9UQM7",4
"GO:0030100","GO:0030100","regulation of endocytosis","1/87","168/6213",0.00595238095238095,0.42508210180624,-0.90022106486892,0.909442549408327,0.931647968927095,0.761034037376939,"XLOC-006335#GREM1-CHICK#O73755",1
"GO:0051020","GO:0051020","GTPase binding","2/87","281/6213",0.00711743772241993,0.508283224935575,-1.00520459923457,0.910203616141071,0.931979172101535,0.761304586873577,"XLOC-015621#TPC12-MOUSE#Q8K2L8/XLOC-023090#KCC2A-HUMAN#Q9UQM7",2
"GO:0016054","GO:0016054","organic acid catabolic process","1/87","169/6213",0.00591715976331361,0.422566823097327,-0.906921528054356,0.910745857630242,0.931979172101535,0.761304586873577,"gene-evm.model.ptg000020l.16#MAAI-MOUSE#Q9WVL0",1
"GO:0046395","GO:0046395","carboxylic acid catabolic process","1/87","169/6213",0.00591715976331361,0.422566823097327,-0.906921528054356,0.910745857630242,0.931979172101535,0.761304586873577,"gene-evm.model.ptg000020l.16#MAAI-MOUSE#Q9WVL0",1
"GO:0000228","GO:0000228","nuclear chromosome","2/87","283/6213",0.00706713780918728,0.504691117338857,-1.01631618346806,0.91229345455164,0.933228119697321,0.762324813035169,"XLOC-014230#RSPH1-MOUSE#Q8VIG3/XLOC-010665#MYC-MARMO#P22555",2
"GO:0010008","GO:0010008","endosome membrane","1/87","171/6213",0.00584795321637427,0.417624521072797,-0.920232630711888,0.913297100653139,0.933585320015552,0.76261659878408,"XLOC-008044#MOM5-CAEEL#A0A0K3AWM6",1
"GO:0010948","GO:0010948","negative regulation of cell cycle process","1/87","171/6213",0.00584795321637427,0.417624521072797,-0.920232630711888,0.913297100653139,0.933585320015552,0.76261659878408,"XLOC-020834#BMP15-BOVIN#Q6PX77",1
"GO:0071826","GO:0071826","protein-RNA complex organization","1/87","175/6213",0.00571428571428571,0.40807881773399,-0.946505638223005,0.918185270872974,0.938245908954368,0.766423687872404,"XLOC-006644#FBX11-RAT#Q7TSL3",1
"GO:0005764","GO:0005764","lysosome","2/87","290/6213",0.00689655172413793,0.492508917954816,-1.05473510550508,0.919258634794244,0.93873143612947,0.766820299810226,"XLOC-020938#SPB6-MOUSE#Q60854/XLOC-025853#MFSD8-XENLA#Q6GPQ3",2
"GO:0006468","GO:0006468","protein phosphorylation","3/87","392/6213",0.0076530612244898,0.546534130893737,-1.10528860371271,0.919318483191637,0.93873143612947,0.766820299810226,"XLOC-020834#BMP15-BOVIN#Q6PX77/XLOC-010665#MYC-MARMO#P22555/XLOC-023090#KCC2A-HUMAN#Q9UQM7",3
"GO:0000323","GO:0000323","lytic vacuole","2/87","292/6213",0.00684931506849315,0.4891355692017,-1.06558086848283,0.921152353473068,0.940267500700774,0.768075062833772,"XLOC-020938#SPB6-MOUSE#Q60854/XLOC-025853#MFSD8-XENLA#Q6GPQ3",2
"GO:0061695","GO:0061695","transferase complex, transferring phosphorus-containing groups","1/87","180/6213",0.00555555555555556,0.396743295019157,-0.978720310941514,0.923913924442486,0.942749079554511,0.770102186851767,"XLOC-006685#KAPR-STRPU#Q26619",1
"GO:0051129","GO:0051129","negative regulation of cellular component organization","3/87","401/6213",0.00748129675810474,0.53426777882879,-1.14903305433968,0.926620454488797,0.945007538315148,0.77194705105604,"XLOC-020834#BMP15-BOVIN#Q6PX77/XLOC-016472#COMP-MOUSE#Q9R0G6/gene-evm.model.ptg000002l.349#ADT1-CAEEL#G5ECS8",3
"GO:0006913","GO:0006913","nucleocytoplasmic transport","1/87","183/6213",0.00546448087431694,0.39023930657622,-0.997730314316408,0.927158855297586,0.945007538315148,0.77194705105604,"XLOC-013477#SIX1B-DANRE#Q6NZ04",1
"GO:0019900","GO:0019900","kinase binding","3/87","402/6213",0.00746268656716418,0.532938754503345,-1.15384713364434,0.927393846107962,0.945007538315148,0.77194705105604,"XLOC-006685#KAPR-STRPU#Q26619/XLOC-020923#WNT11-HUMAN#O96014/XLOC-010031#ACHB4-BOVIN#Q8SPU6",3
"GO:0005215","GO:0005215","transporter activity","4/87","499/6213",0.00801603206412826,0.572455255338263,-1.1867208722781,0.927452193229027,0.945007538315148,0.77194705105604,"XLOC-025615#S15A2-DANRE#B0S6T2/XLOC-020299#SC5A7-DROME#Q9VE46/XLOC-003539#RHBG-DANRE#Q7T070/XLOC-010031#ACHB4-BOVIN#Q8SPU6",4
"GO:0010608","GO:0010608","post-transcriptional regulation of gene expression","2/87","300/6213",0.00666666666666667,0.476091954022989,-1.10840534066001,0.928322009196648,0.945218662468964,0.772119511762793,"XLOC-016472#COMP-MOUSE#Q9R0G6/gene-evm.model.ptg000002l.349#ADT1-CAEEL#G5ECS8",2
"GO:0060627","GO:0060627","regulation of vesicle-mediated transport","2/87","300/6213",0.00666666666666667,0.476091954022989,-1.10840534066001,0.928322009196648,0.945218662468964,0.772119511762793,"XLOC-006335#GREM1-CHICK#O73755/XLOC-011874#SY65-APLCA#P41823",2
"GO:0044089","GO:0044089","positive regulation of cellular component biogenesis","2/87","302/6213",0.00662251655629139,0.472939027175154,-1.11897582710531,0.93001702384977,0.946606696055438,0.773253352912628,"XLOC-016472#COMP-MOUSE#Q9R0G6/XLOC-004104#XLOC-004104",2
"GO:0051169","GO:0051169","nuclear transport","1/87","187/6213",0.0053475935828877,0.38189194172967,-1.0227217656178,0.931273519190823,0.947547557151005,0.77402191286451,"XLOC-013477#SIX1B-DANRE#Q6NZ04",1
"GO:0043087","GO:0043087","regulation of GTPase activity","1/87","188/6213",0.00531914893617021,0.379860601614087,-1.02890807637464,0.932265753480633,0.948218964235382,0.77457036427662,"XLOC-020232#AGD1-ARATH#Q9FIT8",1
"GO:0007059","GO:0007059","chromosome segregation","1/87","189/6213",0.00529100529100529,0.377850757161102,-1.0350703089747,0.933243824758174,0.948875492528536,0.77510666167033,"XLOC-015621#TPC12-MOUSE#Q8K2L8",1
"GO:0003729","GO:0003729","mRNA binding","1/87","195/6213",0.00512820512820513,0.366224580017683,-1.07155251342865,0.93882582742865,0.954210931832539,0.779465014878979,"XLOC-010665#MYC-MARMO#P22555",1
"GO:0006325","GO:0006325","chromatin organization","2/87","321/6213",0.00623052959501558,0.444945751423354,-1.21686789172495,0.94435393913748,0.959487816367247,0.783775536531107,"XLOC-006644#FBX11-RAT#Q7TSL3/XLOC-010665#MYC-MARMO#P22555",2
"GO:0004674","GO:0004674","protein serine/threonine kinase activity","1/87","205/6213",0.0048780487804878,0.348359966358284,-1.13059374802026,0.947121658711429,0.961957313030868,0.78579279098653,"XLOC-023090#KCC2A-HUMAN#Q9UQM7",1
"GO:0090407","GO:0090407","organophosphate biosynthetic process","2/87","326/6213",0.00613496932515337,0.438121430082505,-1.24191280252209,0.947640438100193,0.962141697473257,0.785943408860771,"XLOC-022911#PA2B-BUNFA#A6MEY4/XLOC-016646#ADK-PHYPA#O49923",2
"GO:0016050","GO:0016050","vesicle organization","1/87","207/6213",0.00483091787439614,0.344994169581876,-1.14215364006268,0.948642126243412,0.96281607476786,0.786494286544558,"XLOC-011874#SY65-APLCA#P41823",1
"GO:0010564","GO:0010564","regulation of cell cycle process","3/87","435/6213",0.00689655172413793,0.492508917954816,-1.30788972614338,0.949120141509745,0.962958664198899,0.78661076338346,"XLOC-020834#BMP15-BOVIN#Q6PX77/XLOC-006685#KAPR-STRPU#Q26619/XLOC-023090#KCC2A-HUMAN#Q9UQM7",3
"GO:0031966","GO:0031966","mitochondrial membrane","2/87","331/6213",0.00604229607250755,0.431503281591832,-1.26667821828265,0.950743739666807,0.964263024980234,0.787676254840238,"XLOC-006685#KAPR-STRPU#Q26619/XLOC-009352#ODO1-BOVIN#Q148N0",2
"GO:0016773","GO:0016773","phosphotransferase activity, alcohol group as acceptor","2/87","332/6213",0.00602409638554217,0.430203572912339,-1.27159855995649,0.951343246153522,0.964528173872068,0.787892846662888,"XLOC-016646#ADK-PHYPA#O49923/XLOC-023090#KCC2A-HUMAN#Q9UQM7",2
"GO:1901137","GO:1901137","carbohydrate derivative biosynthetic process","2/87","336/6213",0.00595238095238095,0.42508210180624,-1.29117311979068,0.953673192240159,0.9664448258065,0.789458499579608,"XLOC-016646#ADK-PHYPA#O49923/XLOC-009355#B3GA3-HUMAN#O94766",2
"GO:0033365","GO:0033365","protein localization to organelle","3/87","444/6213",0.00675675675675676,0.482525629077353,-1.34839432003737,0.953911191542623,0.9664448258065,0.789458499579608,"XLOC-020834#BMP15-BOVIN#Q6PX77/XLOC-013477#SIX1B-DANRE#Q6NZ04/novel-gene-chr14-4172#SIX2-MOUSE#Q62232",3
"GO:0048193","GO:0048193","Golgi vesicle transport","1/87","216/6213",0.00462962962962963,0.330619412515964,-1.19321806025046,0.954966485072168,0.967170529609831,0.790051304280321,"XLOC-015621#TPC12-MOUSE#Q8K2L8",1
"GO:0005524","GO:0005524","ATP binding","1/87","218/6213",0.00458715596330275,0.327586206896552,-1.20436221059985,0.956263739923175,0.968140684883186,0.790843793728254,"XLOC-004696#MYS-ARGIR#P24733",1
"GO:0005929","GO:0005929","cilium","2/87","343/6213",0.00583090379008746,0.416406956871418,-1.32502773582432,0.957499311971864,0.968339417958784,0.791006132551423,"XLOC-006685#KAPR-STRPU#Q26619/XLOC-014230#RSPH1-MOUSE#Q8VIG3",2
"GO:0008340","GO:0008340","determination of adult lifespan","1/87","220/6213",0.00454545454545455,0.324608150470219,-1.21543537019845,0.957524042766101,0.968339417958784,0.791006132551423,"XLOC-025615#S15A2-DANRE#B0S6T2",1
"GO:0005768","GO:0005768","endosome","3/87","452/6213",0.00663716814159292,0.473985352456515,-1.3839008344561,0.957817678752082,0.968339417958784,0.791006132551423,"XLOC-023693#TRLF-DESRO#K9IMD0/XLOC-008044#MOM5-CAEEL#A0A0K3AWM6/XLOC-020299#SC5A7-DROME#Q9VE46",3
"GO:0098796","GO:0098796","membrane protein complex","3/87","452/6213",0.00663716814159292,0.473985352456515,-1.3839008344561,0.957817678752082,0.968339417958784,0.791006132551423,"XLOC-020834#BMP15-BOVIN#Q6PX77/XLOC-010031#ACHB4-BOVIN#Q8SPU6/gene-evm.model.ptg000021l.117#UFD1-RAT#Q9ES53",3
"GO:0010639","GO:0010639","negative regulation of organelle organization","1/87","223/6213",0.00448430493273543,0.32024122467914,-1.23191486792982,0.959347480548991,0.9695424590883,0.791988859158964,"XLOC-020834#BMP15-BOVIN#Q6PX77",1
"GO:0000166","GO:0000166","nucleotide binding","3/87","457/6213",0.00656455142231947,0.46879951709047,-1.40586306802125,0.960101616594985,0.969721636524853,0.792135223593272,"XLOC-004696#MYS-ARGIR#P24733/XLOC-006685#KAPR-STRPU#Q26619/XLOC-009823#GSH1-HUMAN#P48506",3
"GO:0005635","GO:0005635","nuclear envelope","1/87","225/6213",0.00444444444444444,0.317394636015326,-1.2428162226071,0.960519893167286,0.969721636524853,0.792135223593272,"XLOC-010665#MYC-MARMO#P22555",1
"GO:1901265","GO:1901265","nucleoside phosphate binding","3/87","458/6213",0.00655021834061135,0.467775937358831,-1.41023482251519,0.960544460153955,0.969721636524853,0.792135223593272,"XLOC-004696#MYS-ARGIR#P24733/XLOC-006685#KAPR-STRPU#Q26619/XLOC-009823#GSH1-HUMAN#P48506",3
"GO:0000226","GO:0000226","microtubule cytoskeleton organization","2/87","351/6213",0.0056980056980057,0.406916200019648,-1.36311835646264,0.961505928065511,0.970348925635269,0.792647636414664,"XLOC-014230#RSPH1-MOUSE#Q8VIG3/XLOC-020923#WNT11-HUMAN#O96014",2
"GO:0016772","GO:0016772","transferase activity, transferring phosphorus-containing groups","3/87","463/6213",0.00647948164146868,0.462724361361436,-1.43199194755007,0.962691256118454,0.971201610221339,0.793344167738501,"XLOC-016646#ADK-PHYPA#O49923/XLOC-016437#UBP14-PANTR#P60051/XLOC-023090#KCC2A-HUMAN#Q9UQM7",3
"GO:1990234","GO:1990234","transferase complex","3/87","469/6213",0.00639658848614072,0.456804646717153,-1.45788109900604,0.965124430897481,0.973312124902974,0.79506818105971,"XLOC-006685#KAPR-STRPU#Q26619/XLOC-006644#FBX11-RAT#Q7TSL3/XLOC-009352#ODO1-BOVIN#Q148N0",3
"GO:0005740","GO:0005740","mitochondrial envelope","2/87","360/6213",0.00555555555555556,0.396743295019157,-1.40524160529903,0.965585139580615,0.973432651315722,0.795166635310203,"XLOC-006685#KAPR-STRPU#Q26619/XLOC-009352#ODO1-BOVIN#Q148N0",2
"GO:0006412","GO:0006412","translation","1/87","237/6213",0.00421940928270042,0.301324021533537,-1.30686745854966,0.966884331201574,0.974398091458174,0.795955273115427,"XLOC-002744#NPFF1-RAT#Q9EP86",1
"GO:0016301","GO:0016301","kinase activity","2/87","369/6213",0.00542005420054201,0.387066629286982,-1.44663244063474,0.969251823790037,0.976439072483395,0.797622486571194,"XLOC-016646#ADK-PHYPA#O49923/XLOC-023090#KCC2A-HUMAN#Q9UQM7",2
"GO:0003712","GO:0003712","transcription coregulator activity","1/87","245/6213",0.00408163265306122,0.291484869809993,-1.3483561411475,0.970552314397497,0.977404078000727,0.798410769344775,"XLOC-022275#T53I2-HUMAN#Q8IXH6",1
"GO:0005743","GO:0005743","mitochondrial inner membrane","1/87","250/6213",0.004,0.285655172413793,-1.37382798172291,0.972637723844624,0.978813201456336,0.799561838147961,"XLOC-006685#KAPR-STRPU#Q26619",1
"GO:0072594","GO:0072594","establishment of protein localization to organelle","1/87","250/6213",0.004,0.285655172413793,-1.37382798172291,0.972637723844624,0.978813201456336,0.799561838147961,"XLOC-013477#SIX1B-DANRE#Q6NZ04",1
"GO:0044282","GO:0044282","small molecule catabolic process","1/87","251/6213",0.00398406374501992,0.284517103997802,-1.37888162644082,0.973036938673656,0.978869670675578,0.799607966083986,"gene-evm.model.ptg000020l.16#MAAI-MOUSE#Q9WVL0",1
"GO:0006886","GO:0006886","intracellular protein transport","3/87","493/6213",0.00608519269776876,0.434566692313073,-1.55917077756467,0.973456497037094,0.978946558352778,0.799670773218606,"XLOC-013477#SIX1B-DANRE#Q6NZ04/XLOC-020232#AGD1-ARATH#Q9FIT8/gene-evm.model.ptg000021l.117#UFD1-RAT#Q9ES53",3
"GO:0060249","GO:0060249","anatomical structure homeostasis","1/87","254/6213",0.00393700787401575,0.281156665761607,-1.39396307286198,0.974200359156032,0.979349409680112,0.799999849846614,"XLOC-025643#TRIM2-HUMAN#Q9C040",1
"GO:0016887","GO:0016887","ATP hydrolysis activity","1/87","256/6213",0.00390625,0.278960129310345,-1.40395218270049,0.974948259569206,0.979756035417733,0.800332009672131,"XLOC-004696#MYS-ARGIR#P24733",1
"GO:0010256","GO:0010256","endomembrane system organization","1/87","257/6213",0.00389105058365759,0.277874681336375,-1.4089274902163,0.975314131890421,0.979778597987103,0.800350440328166,"XLOC-015621#TPC12-MOUSE#Q8K2L8",1
"GO:0019866","GO:0019866","organelle inner membrane","1/87","268/6213",0.00373134328358209,0.266469377251673,-1.46283913437211,0.979006129728121,0.983141319294026,0.803097342010063,"XLOC-006685#KAPR-STRPU#Q26619",1
"GO:0004672","GO:0004672","protein kinase activity","1/87","270/6213",0.0037037037037037,0.264495530012771,-1.47248604306221,0.979616139388074,0.983407757098584,0.803314986705136,"XLOC-023090#KCC2A-HUMAN#Q9UQM7",1
"GO:0005815","GO:0005815","microtubule organizing center","2/87","404/6213",0.00495049504950495,0.353533629224991,-1.60130030251338,0.980274393622323,0.983722421739179,0.803572026391626,"XLOC-006685#KAPR-STRPU#Q26619/XLOC-020365#PA2-BOMTE#P82971",2
"GO:0008610","GO:0008610","lipid biosynthetic process","1/87","279/6213",0.003584229390681,0.255963416141392,-1.5153378611308,0.982151350575067,0.985175531624426,0.804759026331093,"XLOC-022911#PA2B-BUNFA#A6MEY4",1
"GO:0006281","GO:0006281","DNA repair","1/87","280/6213",0.00357142857142857,0.255049261083744,-1.52004431824264,0.982413034515069,0.985175531624426,0.804759026331093,"gene-evm.model.ptg000021l.117#UFD1-RAT#Q9ES53",1
"GO:0000785","GO:0000785","chromatin","1/87","286/6213",0.0034965034965035,0.249698577284784,-1.54806138077384,0.983905357410798,0.986325363560438,0.8056982880155,"XLOC-010665#MYC-MARMO#P22555",1
"GO:0006974","GO:0006974","DNA damage response","2/87","429/6213",0.00466200466200466,0.332931436379712,-1.70636459737739,0.985710506348998,0.98778787306417,0.806892966208819,"XLOC-010665#MYC-MARMO#P22555/gene-evm.model.ptg000021l.117#UFD1-RAT#Q9ES53",2
"GO:0022613","GO:0022613","ribonucleoprotein complex biogenesis","1/87","308/6213",0.00324675324675325,0.231862964621585,-1.64774865496929,0.988381694206297,0.990116914877305,0.808795487497317,"XLOC-006644#FBX11-RAT#Q7TSL3",1
"GO:0035639","GO:0035639","purine ribonucleoside triphosphate binding","1/87","312/6213",0.00320512820512821,0.228890362511052,-1.66539583561434,0.989051579695958,0.990440209502481,0.809059576747834,"XLOC-004696#MYS-ARGIR#P24733",1
"GO:0005813","GO:0005813","centrosome","1/87","317/6213",0.00315457413249211,0.225280104427282,-1.68726173166191,0.989835465206786,0.990877397275425,0.809416701742502,"XLOC-006685#KAPR-STRPU#Q26619",1
"GO:0007017","GO:0007017","microtubule-based process","2/87","483/6213",0.0041407867494824,0.295709288213036,-1.92059179393338,0.992975931171754,0.993672511972296,0.811699943367706,"XLOC-014230#RSPH1-MOUSE#Q8VIG3/XLOC-020923#WNT11-HUMAN#O96014",2
"GO:0010638","GO:0010638","positive regulation of organelle organization","1/87","360/6213",0.00277777777777778,0.198371647509579,-1.86733359713363,0.994648515651344,0.994997270390352,0.812782097014865,"XLOC-004104#XLOC-004104",1
"GO:0006259","GO:0006259","DNA metabolic process","1/87","456/6213",0.00219298245614035,0.156609195402299,-2.22946173005309,0.998744145524194,0.998744145524194,0.815842801922469,"gene-evm.model.ptg000021l.117#UFD1-RAT#Q9ES53",1
