"","ID","Description","GeneRatio","BgRatio","RichFactor","FoldEnrichment","zScore","pvalue","p.adjust","qvalue","geneID","Count"
"GO:0034702","GO:0034702","monoatomic ion channel complex","10/76","71/6213",0.140845070422535,11.5140845070423,9.9149422658107,1.03774342764451e-08,2.12010982267773e-05,1.7750874420235e-05,"XLOC-002415#KCNT1-CHICK#Q8QFV0/XLOC-019525#ABD12-DANRE#Q08C93/XLOC-010099#KCNA1-HUMAN#Q09470/XLOC-010031#ACHB4-BOVIN#Q8SPU6/XLOC-014487#KCND1-MOUSE#Q03719/XLOC-010401#KCNAS-DROME#P08510/XLOC-015804#TRPC5-HUMAN#Q9UL62/XLOC-002280#CAC1A-APIME#C9D7C2/XLOC-024225#KCNA1-ONCMY#Q9I829/XLOC-021753#KCNA1-HUMAN#Q09470",10
"GO:0034703","GO:0034703","cation channel complex","9/76","58/6213",0.155172413793103,12.6853448275862,9.94914954724879,2.48608278052974e-08,2.23336251211457e-05,1.86990961804682e-05,"XLOC-002415#KCNT1-CHICK#Q8QFV0/XLOC-019525#ABD12-DANRE#Q08C93/XLOC-010099#KCNA1-HUMAN#Q09470/XLOC-014487#KCND1-MOUSE#Q03719/XLOC-010401#KCNAS-DROME#P08510/XLOC-015804#TRPC5-HUMAN#Q9UL62/XLOC-002280#CAC1A-APIME#C9D7C2/XLOC-024225#KCNA1-ONCMY#Q9I829/XLOC-021753#KCNA1-HUMAN#Q09470",9
"GO:1902495","GO:1902495","transmembrane transporter complex","10/76","80/6213",0.125,10.21875,9.23474710756589,3.38929523530914e-08,2.23336251211457e-05,1.86990961804682e-05,"XLOC-002415#KCNT1-CHICK#Q8QFV0/XLOC-019525#ABD12-DANRE#Q08C93/XLOC-010099#KCNA1-HUMAN#Q09470/XLOC-010031#ACHB4-BOVIN#Q8SPU6/XLOC-014487#KCND1-MOUSE#Q03719/XLOC-010401#KCNAS-DROME#P08510/XLOC-015804#TRPC5-HUMAN#Q9UL62/XLOC-002280#CAC1A-APIME#C9D7C2/XLOC-024225#KCNA1-ONCMY#Q9I829/XLOC-021753#KCNA1-HUMAN#Q09470",10
"GO:0005249","GO:0005249","voltage-gated potassium channel activity","7/76","30/6213",0.233333333333333,19.075,11.0429159864404,5.03010992537175e-08,2.23336251211457e-05,1.86990961804682e-05,"XLOC-002415#KCNT1-CHICK#Q8QFV0/XLOC-010099#KCNA1-HUMAN#Q09470/XLOC-014487#KCND1-MOUSE#Q03719/XLOC-010401#KCNAS-DROME#P08510/XLOC-024225#KCNA1-ONCMY#Q9I829/XLOC-012495#KCNK3-MOUSE#O35111/XLOC-021753#KCNA1-HUMAN#Q09470",7
"GO:1990351","GO:1990351","transporter complex","10/76","84/6213",0.119047619047619,9.73214285714286,8.96623510745588,5.46588965275224e-08,2.23336251211457e-05,1.86990961804682e-05,"XLOC-002415#KCNT1-CHICK#Q8QFV0/XLOC-019525#ABD12-DANRE#Q08C93/XLOC-010099#KCNA1-HUMAN#Q09470/XLOC-010031#ACHB4-BOVIN#Q8SPU6/XLOC-014487#KCND1-MOUSE#Q03719/XLOC-010401#KCNAS-DROME#P08510/XLOC-015804#TRPC5-HUMAN#Q9UL62/XLOC-002280#CAC1A-APIME#C9D7C2/XLOC-024225#KCNA1-ONCMY#Q9I829/XLOC-021753#KCNA1-HUMAN#Q09470",10
"GO:0022843","GO:0022843","voltage-gated monoatomic cation channel activity","8/76","48/6213",0.166666666666667,13.625,9.77079548472229,8.772896904962e-08,2.98717139613956e-05,2.50104517027426e-05,"XLOC-002415#KCNT1-CHICK#Q8QFV0/XLOC-010099#KCNA1-HUMAN#Q09470/XLOC-014487#KCND1-MOUSE#Q03719/XLOC-010401#KCNAS-DROME#P08510/XLOC-002280#CAC1A-APIME#C9D7C2/XLOC-024225#KCNA1-ONCMY#Q9I829/XLOC-012495#KCNK3-MOUSE#O35111/XLOC-021753#KCNA1-HUMAN#Q09470",8
"GO:0005261","GO:0005261","monoatomic cation channel activity","10/76","94/6213",0.106382978723404,8.6968085106383,8.36717476314253,1.62332095575479e-07,4.73777816086718e-05,3.96676173398726e-05,"XLOC-002415#KCNT1-CHICK#Q8QFV0/XLOC-010099#KCNA1-HUMAN#Q09470/XLOC-010031#ACHB4-BOVIN#Q8SPU6/XLOC-014487#KCND1-MOUSE#Q03719/XLOC-010401#KCNAS-DROME#P08510/XLOC-015804#TRPC5-HUMAN#Q9UL62/XLOC-002280#CAC1A-APIME#C9D7C2/XLOC-024225#KCNA1-ONCMY#Q9I829/XLOC-012495#KCNK3-MOUSE#O35111/XLOC-021753#KCNA1-HUMAN#Q09470",10
"GO:0005267","GO:0005267","potassium channel activity","7/76","36/6213",0.194444444444444,15.8958333333333,9.97405393081252,1.94511412622263e-07,4.90894015112451e-05,4.11006916844544e-05,"XLOC-002415#KCNT1-CHICK#Q8QFV0/XLOC-010099#KCNA1-HUMAN#Q09470/XLOC-014487#KCND1-MOUSE#Q03719/XLOC-010401#KCNAS-DROME#P08510/XLOC-024225#KCNA1-ONCMY#Q9I829/XLOC-012495#KCNK3-MOUSE#O35111/XLOC-021753#KCNA1-HUMAN#Q09470",7
"GO:0022836","GO:0022836","gated channel activity","10/76","98/6213",0.102040816326531,8.34183673469388,8.15199656062287,2.41827335869747e-07,4.90894015112451e-05,4.11006916844544e-05,"XLOC-002415#KCNT1-CHICK#Q8QFV0/XLOC-010099#KCNA1-HUMAN#Q09470/XLOC-010031#ACHB4-BOVIN#Q8SPU6/XLOC-014487#KCND1-MOUSE#Q03719/XLOC-010401#KCNAS-DROME#P08510/XLOC-015804#TRPC5-HUMAN#Q9UL62/XLOC-002280#CAC1A-APIME#C9D7C2/XLOC-024225#KCNA1-ONCMY#Q9I829/XLOC-012495#KCNK3-MOUSE#O35111/XLOC-021753#KCNA1-HUMAN#Q09470",10
"GO:0005244","GO:0005244","voltage-gated monoatomic ion channel activity","8/76","55/6213",0.145454545454545,11.8909090909091,9.02755396809479,2.64309063447722e-07,4.90894015112451e-05,4.11006916844544e-05,"XLOC-002415#KCNT1-CHICK#Q8QFV0/XLOC-010099#KCNA1-HUMAN#Q09470/XLOC-014487#KCND1-MOUSE#Q03719/XLOC-010401#KCNAS-DROME#P08510/XLOC-002280#CAC1A-APIME#C9D7C2/XLOC-024225#KCNA1-ONCMY#Q9I829/XLOC-012495#KCNK3-MOUSE#O35111/XLOC-021753#KCNA1-HUMAN#Q09470",8
"GO:0022832","GO:0022832","voltage-gated channel activity","8/76","55/6213",0.145454545454545,11.8909090909091,9.02755396809479,2.64309063447722e-07,4.90894015112451e-05,4.11006916844544e-05,"XLOC-002415#KCNT1-CHICK#Q8QFV0/XLOC-010099#KCNA1-HUMAN#Q09470/XLOC-014487#KCND1-MOUSE#Q03719/XLOC-010401#KCNAS-DROME#P08510/XLOC-002280#CAC1A-APIME#C9D7C2/XLOC-024225#KCNA1-ONCMY#Q9I829/XLOC-012495#KCNK3-MOUSE#O35111/XLOC-021753#KCNA1-HUMAN#Q09470",8
"GO:0008076","GO:0008076","voltage-gated potassium channel complex","6/76","24/6213",0.25,20.4375,10.6164726167582,3.10028647776411e-07,4.94618808740321e-05,4.14125545097778e-05,"XLOC-002415#KCNT1-CHICK#Q8QFV0/XLOC-010099#KCNA1-HUMAN#Q09470/XLOC-014487#KCND1-MOUSE#Q03719/XLOC-010401#KCNAS-DROME#P08510/XLOC-024225#KCNA1-ONCMY#Q9I829/XLOC-021753#KCNA1-HUMAN#Q09470",6
"GO:0015267","GO:0015267","channel activity","11/76","128/6213",0.0859375,7.025390625,7.66486233253292,3.3894583075695e-07,4.94618808740321e-05,4.14125545097778e-05,"XLOC-002415#KCNT1-CHICK#Q8QFV0/XLOC-010099#KCNA1-HUMAN#Q09470/XLOC-010031#ACHB4-BOVIN#Q8SPU6/XLOC-014487#KCND1-MOUSE#Q03719/XLOC-010401#KCNAS-DROME#P08510/XLOC-015804#TRPC5-HUMAN#Q9UL62/XLOC-002280#CAC1A-APIME#C9D7C2/XLOC-024225#KCNA1-ONCMY#Q9I829/XLOC-012495#KCNK3-MOUSE#O35111/gene-evm.model.ptg000001l.946#AQP9-HUMAN#O43315/XLOC-021753#KCNA1-HUMAN#Q09470",11
"GO:0022803","GO:0022803","passive transmembrane transporter activity","11/76","128/6213",0.0859375,7.025390625,7.66486233253292,3.3894583075695e-07,4.94618808740321e-05,4.14125545097778e-05,"XLOC-002415#KCNT1-CHICK#Q8QFV0/XLOC-010099#KCNA1-HUMAN#Q09470/XLOC-010031#ACHB4-BOVIN#Q8SPU6/XLOC-014487#KCND1-MOUSE#Q03719/XLOC-010401#KCNAS-DROME#P08510/XLOC-015804#TRPC5-HUMAN#Q9UL62/XLOC-002280#CAC1A-APIME#C9D7C2/XLOC-024225#KCNA1-ONCMY#Q9I829/XLOC-012495#KCNK3-MOUSE#O35111/gene-evm.model.ptg000001l.946#AQP9-HUMAN#O43315/XLOC-021753#KCNA1-HUMAN#Q09470",11
"GO:0034705","GO:0034705","potassium channel complex","6/76","25/6213",0.24,19.62,10.3805170591718,4.03993886417285e-07,5.50239673300342e-05,4.60694782756553e-05,"XLOC-002415#KCNT1-CHICK#Q8QFV0/XLOC-010099#KCNA1-HUMAN#Q09470/XLOC-014487#KCND1-MOUSE#Q03719/XLOC-010401#KCNAS-DROME#P08510/XLOC-024225#KCNA1-ONCMY#Q9I829/XLOC-021753#KCNA1-HUMAN#Q09470",6
"GO:0015271","GO:0015271","outward rectifier potassium channel activity","5/76","14/6213",0.357142857142857,29.1964285714286,11.7528112296411,4.40563387213559e-07,5.62544375048313e-05,4.70997042251338e-05,"XLOC-002415#KCNT1-CHICK#Q8QFV0/XLOC-010099#KCNA1-HUMAN#Q09470/XLOC-014487#KCND1-MOUSE#Q03719/XLOC-010401#KCNAS-DROME#P08510/XLOC-021753#KCNA1-HUMAN#Q09470",5
"GO:0022839","GO:0022839","monoatomic ion-gated channel activity","9/76","96/6213",0.09375,7.6640625,7.32234008601908,2.08625034212501e-06,0.00024800124207519,0.000207642021986338,"XLOC-002415#KCNT1-CHICK#Q8QFV0/XLOC-010099#KCNA1-HUMAN#Q09470/XLOC-010031#ACHB4-BOVIN#Q8SPU6/XLOC-014487#KCND1-MOUSE#Q03719/XLOC-010401#KCNAS-DROME#P08510/XLOC-002280#CAC1A-APIME#C9D7C2/XLOC-024225#KCNA1-ONCMY#Q9I829/XLOC-012495#KCNK3-MOUSE#O35111/XLOC-021753#KCNA1-HUMAN#Q09470",9
"GO:0005216","GO:0005216","monoatomic ion channel activity","10/76","124/6213",0.0806451612903226,6.59274193548387,7.00014593175084,2.18503296982547e-06,0.00024800124207519,0.000207642021986338,"XLOC-002415#KCNT1-CHICK#Q8QFV0/XLOC-010099#KCNA1-HUMAN#Q09470/XLOC-010031#ACHB4-BOVIN#Q8SPU6/XLOC-014487#KCND1-MOUSE#Q03719/XLOC-010401#KCNAS-DROME#P08510/XLOC-015804#TRPC5-HUMAN#Q9UL62/XLOC-002280#CAC1A-APIME#C9D7C2/XLOC-024225#KCNA1-ONCMY#Q9I829/XLOC-012495#KCNK3-MOUSE#O35111/XLOC-021753#KCNA1-HUMAN#Q09470",10
"GO:0015079","GO:0015079","potassium ion transmembrane transporter activity","7/76","54/6213",0.12962962962963,10.5972222222222,7.88191572216812,3.46124560712005e-06,0.000372174988176119,0.000311607984020503,"XLOC-002415#KCNT1-CHICK#Q8QFV0/XLOC-010099#KCNA1-HUMAN#Q09470/XLOC-014487#KCND1-MOUSE#Q03719/XLOC-010401#KCNAS-DROME#P08510/XLOC-024225#KCNA1-ONCMY#Q9I829/XLOC-012495#KCNK3-MOUSE#O35111/XLOC-021753#KCNA1-HUMAN#Q09470",7
"GO:0071805","GO:0071805","potassium ion transmembrane transport","7/76","55/6213",0.127272727272727,10.4045454545455,7.79549631051257,3.92746551973892e-06,0.000401190602841331,0.000335901656293461,"XLOC-002415#KCNT1-CHICK#Q8QFV0/XLOC-010099#KCNA1-HUMAN#Q09470/XLOC-014487#KCND1-MOUSE#Q03719/XLOC-010401#KCNAS-DROME#P08510/XLOC-024225#KCNA1-ONCMY#Q9I829/XLOC-012495#KCNK3-MOUSE#O35111/XLOC-021753#KCNA1-HUMAN#Q09470",7
"GO:0046873","GO:0046873","metal ion transmembrane transporter activity","11/76","165/6213",0.0666666666666667,5.45,6.44674585752045,4.27045777979908e-06,0.000415454535434739,0.000347844305372106,"XLOC-002415#KCNT1-CHICK#Q8QFV0/XLOC-010099#KCNA1-HUMAN#Q09470/XLOC-010031#ACHB4-BOVIN#Q8SPU6/XLOC-023758#S6A19-RAT#Q2A865/XLOC-014487#KCND1-MOUSE#Q03719/XLOC-010401#KCNAS-DROME#P08510/XLOC-015804#TRPC5-HUMAN#Q9UL62/XLOC-002280#CAC1A-APIME#C9D7C2/XLOC-024225#KCNA1-ONCMY#Q9I829/XLOC-012495#KCNK3-MOUSE#O35111/XLOC-021753#KCNA1-HUMAN#Q09470",11
"GO:0050877","GO:0050877","nervous system process","19/76","494/6213",0.0384615384615385,3.14423076923077,5.5273810842388,4.80766832873308e-06,0.000437520912002783,0.000366319644487993,"XLOC-015872#DIS1D-DICDI#P02888/XLOC-025696#FIBA-APOPA#P19477/gene-evm.model.ptg000004l.34#RLBP1-MOUSE#Q9Z275/XLOC-010099#KCNA1-HUMAN#Q09470/XLOC-015788#OTOF-HUMAN#Q9HC10/XLOC-010031#ACHB4-BOVIN#Q8SPU6/XLOC-014487#KCND1-MOUSE#Q03719/XLOC-010401#KCNAS-DROME#P08510/XLOC-015804#TRPC5-HUMAN#Q9UL62/XLOC-002280#CAC1A-APIME#C9D7C2/gene-evm.model.ptg000031l.486#ELAV2-XENTR#Q28GD4/XLOC-000356#DRAM2-MOUSE#Q9CR48/XLOC-009528#DYRK4-HUMAN#Q9NR20/XLOC-002878#LMX1B-XENLA#Q8UVR3/XLOC-017989#AMT3-CAEEL#Q21565/XLOC-016498#SAP3-MOUSE#Q60648/XLOC-021753#KCNA1-HUMAN#Q09470/XLOC-025588#RGRF1-HUMAN#Q13972/gene-evm.model.ptg000022l.478#GSH0-HUMAN#P48507",19
"GO:0050905","GO:0050905","neuromuscular process","8/76","80/6213",0.1,8.175,7.18745063015975,4.92559029665394e-06,0.000437520912002783,0.000366319644487993,"XLOC-025696#FIBA-APOPA#P19477/XLOC-010099#KCNA1-HUMAN#Q09470/XLOC-015788#OTOF-HUMAN#Q9HC10/XLOC-010401#KCNAS-DROME#P08510/XLOC-015804#TRPC5-HUMAN#Q9UL62/XLOC-002280#CAC1A-APIME#C9D7C2/XLOC-016498#SAP3-MOUSE#Q60648/XLOC-021753#KCNA1-HUMAN#Q09470",8
"GO:0006813","GO:0006813","potassium ion transport","7/76","60/6213",0.116666666666667,9.5375,7.39447495558029,7.1184518778663e-06,0.000605958216103369,0.000507345802698805,"XLOC-002415#KCNT1-CHICK#Q8QFV0/XLOC-010099#KCNA1-HUMAN#Q09470/XLOC-014487#KCND1-MOUSE#Q03719/XLOC-010401#KCNAS-DROME#P08510/XLOC-024225#KCNA1-ONCMY#Q9I829/XLOC-012495#KCNK3-MOUSE#O35111/XLOC-021753#KCNA1-HUMAN#Q09470",7
"GO:0007600","GO:0007600","sensory perception","13/76","249/6213",0.0522088353413655,4.26807228915663,5.85688866723913,8.05163694222323e-06,0.000657979770918483,0.000550901474994221,"XLOC-015872#DIS1D-DICDI#P02888/gene-evm.model.ptg000004l.34#RLBP1-MOUSE#Q9Z275/XLOC-010099#KCNA1-HUMAN#Q09470/XLOC-015788#OTOF-HUMAN#Q9HC10/XLOC-010031#ACHB4-BOVIN#Q8SPU6/XLOC-014487#KCND1-MOUSE#Q03719/XLOC-010401#KCNAS-DROME#P08510/XLOC-015804#TRPC5-HUMAN#Q9UL62/XLOC-002280#CAC1A-APIME#C9D7C2/XLOC-000356#DRAM2-MOUSE#Q9CR48/XLOC-009528#DYRK4-HUMAN#Q9NR20/XLOC-017989#AMT3-CAEEL#Q21565/XLOC-021753#KCNA1-HUMAN#Q09470",13
"GO:0019226","GO:0019226","transmission of nerve impulse","6/76","41/6213",0.146341463414634,11.9634146341463,7.8373504536336,8.78309538916044e-06,0.000690148610771337,0.000577835222971082,"XLOC-010099#KCNA1-HUMAN#Q09470/XLOC-010031#ACHB4-BOVIN#Q8SPU6/XLOC-014487#KCND1-MOUSE#Q03719/XLOC-010401#KCNAS-DROME#P08510/XLOC-002280#CAC1A-APIME#C9D7C2/XLOC-021753#KCNA1-HUMAN#Q09470",6
"GO:0043204","GO:0043204","perikaryon","7/76","64/6213",0.109375,8.94140625,7.10607213575944,1.10114958014409e-05,0.000833203182309026,0.000697609383132219,"XLOC-010099#KCNA1-HUMAN#Q09470/XLOC-010031#ACHB4-BOVIN#Q8SPU6/XLOC-010401#KCNAS-DROME#P08510/XLOC-002280#CAC1A-APIME#C9D7C2/XLOC-022211#ARLY-AQUCT#P51464/XLOC-021753#KCNA1-HUMAN#Q09470/XLOC-025964#NEC1-HUMAN#P29120",7
"GO:0019228","GO:0019228","neuronal action potential","5/76","26/6213",0.192307692307692,15.7211538461538,8.37014391788886,1.29072486395199e-05,0.000941768177519259,0.000788506730797741,"XLOC-010099#KCNA1-HUMAN#Q09470/XLOC-010031#ACHB4-BOVIN#Q8SPU6/XLOC-014487#KCND1-MOUSE#Q03719/XLOC-010401#KCNAS-DROME#P08510/XLOC-021753#KCNA1-HUMAN#Q09470",5
"GO:0007626","GO:0007626","locomotory behavior","12/76","225/6213",0.0533333333333333,4.36,5.71260372377612,1.51204416227442e-05,0.00106520904259539,0.000891859079381465,"XLOC-019525#ABD12-DANRE#Q08C93/XLOC-025696#FIBA-APOPA#P19477/XLOC-010099#KCNA1-HUMAN#Q09470/XLOC-014487#KCND1-MOUSE#Q03719/XLOC-010401#KCNAS-DROME#P08510/XLOC-002280#CAC1A-APIME#C9D7C2/XLOC-022211#ARLY-AQUCT#P51464/gene-evm.model.ptg000031l.486#ELAV2-XENTR#Q28GD4/XLOC-002878#LMX1B-XENLA#Q8UVR3/XLOC-016422#OX2R-MOUSE#P58308/XLOC-022943#NR2E3-MOUSE#Q9QXZ7/XLOC-021753#KCNA1-HUMAN#Q09470",12
"GO:0050433","GO:0050433","regulation of catecholamine secretion","5/76","27/6213",0.185185185185185,15.1388888888889,8.19288132031664,1.56901977892392e-05,0.00106850246944719,0.000894616540614517,"XLOC-010099#KCNA1-HUMAN#Q09470/XLOC-010031#ACHB4-BOVIN#Q8SPU6/XLOC-016600#SYT7-MOUSE#Q9R0N7/XLOC-010401#KCNAS-DROME#P08510/XLOC-021753#KCNA1-HUMAN#Q09470",5
"GO:0061337","GO:0061337","cardiac conduction","5/76","28/6213",0.178571428571429,14.5982142857143,8.02482374357377,1.89196416903653e-05,0.0012468654184973,0.00104395306440895,"XLOC-010099#KCNA1-HUMAN#Q09470/XLOC-014487#KCND1-MOUSE#Q03719/XLOC-010401#KCNAS-DROME#P08510/XLOC-012495#KCNK3-MOUSE#O35111/XLOC-021753#KCNA1-HUMAN#Q09470",5
"GO:0050976","GO:0050976","detection of mechanical stimulus involved in sensory perception of touch","4/76","15/6213",0.266666666666667,21.8,8.97485904687487,2.54864614861355e-05,0.00144635668933819,0.00121097952967749,"XLOC-010099#KCNA1-HUMAN#Q09470/XLOC-010401#KCNAS-DROME#P08510/XLOC-015804#TRPC5-HUMAN#Q9UL62/XLOC-021753#KCNA1-HUMAN#Q09470",4
"GO:0086009","GO:0086009","membrane repolarization","4/76","15/6213",0.266666666666667,21.8,8.97485904687487,2.54864614861355e-05,0.00144635668933819,0.00121097952967749,"XLOC-010099#KCNA1-HUMAN#Q09470/XLOC-014487#KCND1-MOUSE#Q03719/XLOC-010401#KCNAS-DROME#P08510/XLOC-021753#KCNA1-HUMAN#Q09470",4
"GO:0086011","GO:0086011","membrane repolarization during action potential","4/76","15/6213",0.266666666666667,21.8,8.97485904687487,2.54864614861355e-05,0.00144635668933819,0.00121097952967749,"XLOC-010099#KCNA1-HUMAN#Q09470/XLOC-014487#KCND1-MOUSE#Q03719/XLOC-010401#KCNAS-DROME#P08510/XLOC-021753#KCNA1-HUMAN#Q09470",4
"GO:0086013","GO:0086013","membrane repolarization during cardiac muscle cell action potential","4/76","15/6213",0.266666666666667,21.8,8.97485904687487,2.54864614861355e-05,0.00144635668933819,0.00121097952967749,"XLOC-010099#KCNA1-HUMAN#Q09470/XLOC-014487#KCND1-MOUSE#Q03719/XLOC-010401#KCNAS-DROME#P08510/XLOC-021753#KCNA1-HUMAN#Q09470",4
"GO:0099622","GO:0099622","cardiac muscle cell membrane repolarization","4/76","15/6213",0.266666666666667,21.8,8.97485904687487,2.54864614861355e-05,0.00144635668933819,0.00121097952967749,"XLOC-010099#KCNA1-HUMAN#Q09470/XLOC-014487#KCND1-MOUSE#Q03719/XLOC-010401#KCNAS-DROME#P08510/XLOC-021753#KCNA1-HUMAN#Q09470",4
"GO:0051481","GO:0051481","negative regulation of cytosolic calcium ion concentration","4/76","16/6213",0.25,20.4375,8.66271661844095,3.3667609225523e-05,0.00184432544227341,0.00154418365339634,"XLOC-010099#KCNA1-HUMAN#Q09470/XLOC-010401#KCNAS-DROME#P08510/XLOC-012495#KCNK3-MOUSE#O35111/XLOC-021753#KCNA1-HUMAN#Q09470",4
"GO:0050804","GO:0050804","modulation of chemical synaptic transmission","11/76","206/6213",0.0533980582524272,4.36529126213592,5.46602873075466,3.52073872974365e-05,0.00184432544227341,0.00154418365339634,"XLOC-002415#KCNT1-CHICK#Q8QFV0/XLOC-025955#MCTP1-MOUSE#E9PV86/XLOC-025696#FIBA-APOPA#P19477/XLOC-010099#KCNA1-HUMAN#Q09470/XLOC-010031#ACHB4-BOVIN#Q8SPU6/XLOC-016600#SYT7-MOUSE#Q9R0N7/XLOC-010401#KCNAS-DROME#P08510/XLOC-002280#CAC1A-APIME#C9D7C2/XLOC-016422#OX2R-MOUSE#P58308/XLOC-021753#KCNA1-HUMAN#Q09470/XLOC-025588#RGRF1-HUMAN#Q13972",11
"GO:0099177","GO:0099177","regulation of trans-synaptic signaling","11/76","206/6213",0.0533980582524272,4.36529126213592,5.46602873075466,3.52073872974365e-05,0.00184432544227341,0.00154418365339634,"XLOC-002415#KCNT1-CHICK#Q8QFV0/XLOC-025955#MCTP1-MOUSE#E9PV86/XLOC-025696#FIBA-APOPA#P19477/XLOC-010099#KCNA1-HUMAN#Q09470/XLOC-010031#ACHB4-BOVIN#Q8SPU6/XLOC-016600#SYT7-MOUSE#Q9R0N7/XLOC-010401#KCNAS-DROME#P08510/XLOC-002280#CAC1A-APIME#C9D7C2/XLOC-016422#OX2R-MOUSE#P58308/XLOC-021753#KCNA1-HUMAN#Q09470/XLOC-025588#RGRF1-HUMAN#Q13972",11
"GO:0008324","GO:0008324","monoatomic cation transmembrane transporter activity","12/76","246/6213",0.0487804878048781,3.98780487804878,5.32091381621773,3.689110388792e-05,0.00188421313107551,0.00157758010047026,"XLOC-002415#KCNT1-CHICK#Q8QFV0/XLOC-010099#KCNA1-HUMAN#Q09470/XLOC-010031#ACHB4-BOVIN#Q8SPU6/XLOC-023758#S6A19-RAT#Q2A865/XLOC-014487#KCND1-MOUSE#Q03719/XLOC-010401#KCNAS-DROME#P08510/XLOC-015804#TRPC5-HUMAN#Q9UL62/XLOC-002280#CAC1A-APIME#C9D7C2/XLOC-024225#KCNA1-ONCMY#Q9I829/XLOC-017989#AMT3-CAEEL#Q21565/XLOC-012495#KCNK3-MOUSE#O35111/XLOC-021753#KCNA1-HUMAN#Q09470",12
"GO:0014059","GO:0014059","regulation of dopamine secretion","4/76","18/6213",0.222222222222222,18.1666666666667,8.1160745866861,5.55640099939099e-05,0.00276871396140385,0.00231813905622859,"XLOC-010099#KCNA1-HUMAN#Q09470/XLOC-016600#SYT7-MOUSE#Q9R0N7/XLOC-010401#KCNAS-DROME#P08510/XLOC-021753#KCNA1-HUMAN#Q09470",4
"GO:0001508","GO:0001508","action potential","6/76","59/6213",0.101694915254237,8.3135593220339,6.28088014861076,7.39367699223024e-05,0.00351285630119218,0.00294118117805977,"XLOC-010099#KCNA1-HUMAN#Q09470/XLOC-010031#ACHB4-BOVIN#Q8SPU6/XLOC-014487#KCND1-MOUSE#Q03719/XLOC-010401#KCNAS-DROME#P08510/XLOC-002280#CAC1A-APIME#C9D7C2/XLOC-021753#KCNA1-HUMAN#Q09470",6
"GO:0051952","GO:0051952","regulation of amine transport","6/76","59/6213",0.101694915254237,8.3135593220339,6.28088014861076,7.39367699223024e-05,0.00351285630119218,0.00294118117805977,"XLOC-010099#KCNA1-HUMAN#Q09470/XLOC-010031#ACHB4-BOVIN#Q8SPU6/XLOC-016600#SYT7-MOUSE#Q9R0N7/XLOC-010401#KCNAS-DROME#P08510/XLOC-002280#CAC1A-APIME#C9D7C2/XLOC-021753#KCNA1-HUMAN#Q09470",6
"GO:0007611","GO:0007611","learning or memory","11/76","226/6213",0.0486725663716814,3.97898230088496,5.07647172355065,8.21979772181616e-05,0.00375729283754926,0.00314583860732027,"XLOC-025696#FIBA-APOPA#P19477/XLOC-010099#KCNA1-HUMAN#Q09470/XLOC-010031#ACHB4-BOVIN#Q8SPU6/XLOC-014487#KCND1-MOUSE#Q03719/XLOC-010401#KCNAS-DROME#P08510/gene-evm.model.ptg000031l.486#ELAV2-XENTR#Q28GD4/XLOC-002878#LMX1B-XENLA#Q8UVR3/XLOC-016498#SAP3-MOUSE#Q60648/XLOC-021753#KCNA1-HUMAN#Q09470/XLOC-025588#RGRF1-HUMAN#Q13972/gene-evm.model.ptg000022l.478#GSH0-HUMAN#P48507",11
"GO:0009612","GO:0009612","response to mechanical stimulus","9/76","151/6213",0.0596026490066225,4.87251655629139,5.36065982577962,8.27597541310409e-05,0.00375729283754926,0.00314583860732027,"XLOC-019525#ABD12-DANRE#Q08C93/XLOC-015229#M3K2-HUMAN#Q9Y2U5/XLOC-013651#ETV1-BOVIN#Q2KIC2/XLOC-010099#KCNA1-HUMAN#Q09470/XLOC-015788#OTOF-HUMAN#Q9HC10/XLOC-014487#KCND1-MOUSE#Q03719/XLOC-010401#KCNAS-DROME#P08510/XLOC-015804#TRPC5-HUMAN#Q9UL62/XLOC-021753#KCNA1-HUMAN#Q09470",9
"GO:0048667","GO:0048667","cell morphogenesis involved in neuron differentiation","15/76","406/6213",0.0369458128078818,3.02032019704434,4.68545495782787,9.27231535334173e-05,0.00411811744932112,0.00344794335221517,"gene-evm.model.ptg000001l.686#SOX14-DANRE#Q32PP9/XLOC-013651#ETV1-BOVIN#Q2KIC2/XLOC-025696#FIBA-APOPA#P19477/XLOC-010099#KCNA1-HUMAN#Q09470/XLOC-010031#ACHB4-BOVIN#Q8SPU6/XLOC-010401#KCNAS-DROME#P08510/XLOC-002280#CAC1A-APIME#C9D7C2/gene-evm.model.ptg000031l.486#ELAV2-XENTR#Q28GD4/XLOC-002878#LMX1B-XENLA#Q8UVR3/XLOC-016422#OX2R-MOUSE#P58308/XLOC-022943#NR2E3-MOUSE#Q9QXZ7/XLOC-021753#KCNA1-HUMAN#Q09470/XLOC-019829#INS1A-DANRE#Q6P0F9/gene-evm.model.ptg000004l.40#FA5-MOUSE#O88783/XLOC-012287#SX19B-DANRE#Q9DDD7",15
"GO:0042734","GO:0042734","presynaptic membrane","6/76","64/6213",0.09375,7.6640625,5.96308857039134,0.000117220232315836,0.00509533903449477,0.00426613387487647,"XLOC-010099#KCNA1-HUMAN#Q09470/XLOC-015788#OTOF-HUMAN#Q9HC10/XLOC-010031#ACHB4-BOVIN#Q8SPU6/XLOC-016600#SYT7-MOUSE#Q9R0N7/XLOC-010401#KCNAS-DROME#P08510/XLOC-021753#KCNA1-HUMAN#Q09470",6
"GO:0008345","GO:0008345","larval locomotory behavior","4/76","22/6213",0.181818181818182,14.8636363636364,7.24857363312126,0.000127985922214873,0.00533622936908135,0.00446782220406379,"XLOC-010099#KCNA1-HUMAN#Q09470/XLOC-010401#KCNAS-DROME#P08510/XLOC-016422#OX2R-MOUSE#P58308/XLOC-021753#KCNA1-HUMAN#Q09470",4
"GO:0086091","GO:0086091","regulation of heart rate by cardiac conduction","4/76","22/6213",0.181818181818182,14.8636363636364,7.24857363312126,0.000127985922214873,0.00533622936908135,0.00446782220406379,"XLOC-010099#KCNA1-HUMAN#Q09470/XLOC-014487#KCND1-MOUSE#Q03719/XLOC-010401#KCNAS-DROME#P08510/XLOC-021753#KCNA1-HUMAN#Q09470",4
"GO:0098655","GO:0098655","monoatomic cation transmembrane transport","12/76","282/6213",0.0425531914893617,3.47872340425532,4.74059787599214,0.00013845000973102,0.00565706739760946,0.00473644770132435,"XLOC-002415#KCNT1-CHICK#Q8QFV0/XLOC-010099#KCNA1-HUMAN#Q09470/XLOC-010031#ACHB4-BOVIN#Q8SPU6/XLOC-023758#S6A19-RAT#Q2A865/XLOC-014487#KCND1-MOUSE#Q03719/XLOC-010401#KCNAS-DROME#P08510/XLOC-015804#TRPC5-HUMAN#Q9UL62/XLOC-002280#CAC1A-APIME#C9D7C2/XLOC-024225#KCNA1-ONCMY#Q9I829/XLOC-017989#AMT3-CAEEL#Q21565/XLOC-012495#KCNK3-MOUSE#O35111/XLOC-021753#KCNA1-HUMAN#Q09470",12
"GO:0060359","GO:0060359","response to ammonium ion","7/76","95/6213",0.0736842105263158,6.02368421052631,5.49065120758295,0.000144743800205172,0.00574209721969451,0.00480763994229517,"XLOC-010099#KCNA1-HUMAN#Q09470/XLOC-010031#ACHB4-BOVIN#Q8SPU6/XLOC-010401#KCNAS-DROME#P08510/XLOC-022211#ARLY-AQUCT#P51464/gene-evm.model.ptg000031l.486#ELAV2-XENTR#Q28GD4/XLOC-021753#KCNA1-HUMAN#Q09470/XLOC-025964#NEC1-HUMAN#P29120",7
"GO:0050890","GO:0050890","cognition","11/76","241/6213",0.045643153526971,3.73132780082988,4.81245747583367,0.000146152254245773,0.00574209721969451,0.00480763994229517,"XLOC-025696#FIBA-APOPA#P19477/XLOC-010099#KCNA1-HUMAN#Q09470/XLOC-010031#ACHB4-BOVIN#Q8SPU6/XLOC-014487#KCND1-MOUSE#Q03719/XLOC-010401#KCNAS-DROME#P08510/gene-evm.model.ptg000031l.486#ELAV2-XENTR#Q28GD4/XLOC-002878#LMX1B-XENLA#Q8UVR3/XLOC-016498#SAP3-MOUSE#Q60648/XLOC-021753#KCNA1-HUMAN#Q09470/XLOC-025588#RGRF1-HUMAN#Q13972/gene-evm.model.ptg000022l.478#GSH0-HUMAN#P48507",11
"GO:0007268","GO:0007268","chemical synaptic transmission","11/76","246/6213",0.0447154471544715,3.65548780487805,4.72909789176086,0.000175263077003965,0.0063734727685413,0.00533626671246084,"XLOC-010099#KCNA1-HUMAN#Q09470/XLOC-015788#OTOF-HUMAN#Q9HC10/XLOC-010031#ACHB4-BOVIN#Q8SPU6/XLOC-014487#KCND1-MOUSE#Q03719/XLOC-016600#SYT7-MOUSE#Q9R0N7/XLOC-010401#KCNAS-DROME#P08510/XLOC-002280#CAC1A-APIME#C9D7C2/XLOC-012495#KCNK3-MOUSE#O35111/XLOC-013699#CD5R1-BOVIN#Q28199/XLOC-021753#KCNA1-HUMAN#Q09470/XLOC-016437#UBP14-PANTR#P60051",11
"GO:0098916","GO:0098916","anterograde trans-synaptic signaling","11/76","246/6213",0.0447154471544715,3.65548780487805,4.72909789176086,0.000175263077003965,0.0063734727685413,0.00533626671246084,"XLOC-010099#KCNA1-HUMAN#Q09470/XLOC-015788#OTOF-HUMAN#Q9HC10/XLOC-010031#ACHB4-BOVIN#Q8SPU6/XLOC-014487#KCND1-MOUSE#Q03719/XLOC-016600#SYT7-MOUSE#Q9R0N7/XLOC-010401#KCNAS-DROME#P08510/XLOC-002280#CAC1A-APIME#C9D7C2/XLOC-012495#KCNK3-MOUSE#O35111/XLOC-013699#CD5R1-BOVIN#Q28199/XLOC-021753#KCNA1-HUMAN#Q09470/XLOC-016437#UBP14-PANTR#P60051",11
"GO:0050974","GO:0050974","detection of mechanical stimulus involved in sensory perception","4/76","24/6213",0.166666666666667,13.625,6.8955867157079,0.000182499720629449,0.0063734727685413,0.00533626671246084,"XLOC-010099#KCNA1-HUMAN#Q09470/XLOC-010401#KCNAS-DROME#P08510/XLOC-015804#TRPC5-HUMAN#Q9UL62/XLOC-021753#KCNA1-HUMAN#Q09470",4
"GO:0086001","GO:0086001","cardiac muscle cell action potential","4/76","24/6213",0.166666666666667,13.625,6.8955867157079,0.000182499720629449,0.0063734727685413,0.00533626671246084,"XLOC-010099#KCNA1-HUMAN#Q09470/XLOC-014487#KCND1-MOUSE#Q03719/XLOC-010401#KCNAS-DROME#P08510/XLOC-021753#KCNA1-HUMAN#Q09470",4
"GO:0099537","GO:0099537","trans-synaptic signaling","11/76","249/6213",0.0441767068273092,3.61144578313253,4.68011287972012,0.000194996030770736,0.0063734727685413,0.00533626671246084,"XLOC-010099#KCNA1-HUMAN#Q09470/XLOC-015788#OTOF-HUMAN#Q9HC10/XLOC-010031#ACHB4-BOVIN#Q8SPU6/XLOC-014487#KCND1-MOUSE#Q03719/XLOC-016600#SYT7-MOUSE#Q9R0N7/XLOC-010401#KCNAS-DROME#P08510/XLOC-002280#CAC1A-APIME#C9D7C2/XLOC-012495#KCNK3-MOUSE#O35111/XLOC-013699#CD5R1-BOVIN#Q28199/XLOC-021753#KCNA1-HUMAN#Q09470/XLOC-016437#UBP14-PANTR#P60051",11
"GO:0048150","GO:0048150","behavioral response to ether","3/76","10/6213",0.3,24.525,8.28463157164301,0.000198476940336909,0.0063734727685413,0.00533626671246084,"XLOC-010099#KCNA1-HUMAN#Q09470/XLOC-010401#KCNAS-DROME#P08510/XLOC-021753#KCNA1-HUMAN#Q09470",3
"GO:0086089","GO:0086089","voltage-gated potassium channel activity involved in atrial cardiac muscle cell action potential repolarization","3/76","10/6213",0.3,24.525,8.28463157164301,0.000198476940336909,0.0063734727685413,0.00533626671246084,"XLOC-010099#KCNA1-HUMAN#Q09470/XLOC-010401#KCNAS-DROME#P08510/XLOC-021753#KCNA1-HUMAN#Q09470",3
"GO:0098914","GO:0098914","membrane repolarization during atrial cardiac muscle cell action potential","3/76","10/6213",0.3,24.525,8.28463157164301,0.000198476940336909,0.0063734727685413,0.00533626671246084,"XLOC-010099#KCNA1-HUMAN#Q09470/XLOC-010401#KCNAS-DROME#P08510/XLOC-021753#KCNA1-HUMAN#Q09470",3
"GO:0099624","GO:0099624","atrial cardiac muscle cell membrane repolarization","3/76","10/6213",0.3,24.525,8.28463157164301,0.000198476940336909,0.0063734727685413,0.00533626671246084,"XLOC-010099#KCNA1-HUMAN#Q09470/XLOC-010401#KCNAS-DROME#P08510/XLOC-021753#KCNA1-HUMAN#Q09470",3
"GO:0048812","GO:0048812","neuron projection morphogenesis","15/76","435/6213",0.0344827586206897,2.81896551724138,4.37748618159378,0.000200659435764038,0.0063734727685413,0.00533626671246084,"gene-evm.model.ptg000001l.686#SOX14-DANRE#Q32PP9/XLOC-013651#ETV1-BOVIN#Q2KIC2/XLOC-025696#FIBA-APOPA#P19477/XLOC-010099#KCNA1-HUMAN#Q09470/XLOC-010031#ACHB4-BOVIN#Q8SPU6/XLOC-010401#KCNAS-DROME#P08510/XLOC-002280#CAC1A-APIME#C9D7C2/gene-evm.model.ptg000031l.486#ELAV2-XENTR#Q28GD4/XLOC-002878#LMX1B-XENLA#Q8UVR3/XLOC-016422#OX2R-MOUSE#P58308/XLOC-022943#NR2E3-MOUSE#Q9QXZ7/XLOC-021753#KCNA1-HUMAN#Q09470/XLOC-019829#INS1A-DANRE#Q6P0F9/gene-evm.model.ptg000004l.40#FA5-MOUSE#O88783/XLOC-012287#SX19B-DANRE#Q9DDD7",15
"GO:0030001","GO:0030001","metal ion transport","11/76","250/6213",0.044,3.597,4.66395130382617,0.000201980307702218,0.0063734727685413,0.00533626671246084,"XLOC-002415#KCNT1-CHICK#Q8QFV0/XLOC-010099#KCNA1-HUMAN#Q09470/XLOC-010031#ACHB4-BOVIN#Q8SPU6/XLOC-023758#S6A19-RAT#Q2A865/XLOC-014487#KCND1-MOUSE#Q03719/XLOC-010401#KCNAS-DROME#P08510/XLOC-015804#TRPC5-HUMAN#Q9UL62/XLOC-002280#CAC1A-APIME#C9D7C2/XLOC-024225#KCNA1-ONCMY#Q9I829/XLOC-012495#KCNK3-MOUSE#O35111/XLOC-021753#KCNA1-HUMAN#Q09470",11
"GO:0099536","GO:0099536","synaptic signaling","11/76","250/6213",0.044,3.597,4.66395130382617,0.000201980307702218,0.0063734727685413,0.00533626671246084,"XLOC-010099#KCNA1-HUMAN#Q09470/XLOC-015788#OTOF-HUMAN#Q9HC10/XLOC-010031#ACHB4-BOVIN#Q8SPU6/XLOC-014487#KCND1-MOUSE#Q03719/XLOC-016600#SYT7-MOUSE#Q9R0N7/XLOC-010401#KCNAS-DROME#P08510/XLOC-002280#CAC1A-APIME#C9D7C2/XLOC-012495#KCNK3-MOUSE#O35111/XLOC-013699#CD5R1-BOVIN#Q28199/XLOC-021753#KCNA1-HUMAN#Q09470/XLOC-016437#UBP14-PANTR#P60051",11
"GO:0120039","GO:0120039","plasma membrane bounded cell projection morphogenesis","15/76","436/6213",0.0344036697247706,2.8125,4.36731516950909,0.000205805440126851,0.0063734727685413,0.00533626671246084,"gene-evm.model.ptg000001l.686#SOX14-DANRE#Q32PP9/XLOC-013651#ETV1-BOVIN#Q2KIC2/XLOC-025696#FIBA-APOPA#P19477/XLOC-010099#KCNA1-HUMAN#Q09470/XLOC-010031#ACHB4-BOVIN#Q8SPU6/XLOC-010401#KCNAS-DROME#P08510/XLOC-002280#CAC1A-APIME#C9D7C2/gene-evm.model.ptg000031l.486#ELAV2-XENTR#Q28GD4/XLOC-002878#LMX1B-XENLA#Q8UVR3/XLOC-016422#OX2R-MOUSE#P58308/XLOC-022943#NR2E3-MOUSE#Q9QXZ7/XLOC-021753#KCNA1-HUMAN#Q09470/XLOC-019829#INS1A-DANRE#Q6P0F9/gene-evm.model.ptg000004l.40#FA5-MOUSE#O88783/XLOC-012287#SX19B-DANRE#Q9DDD7",15
"GO:0048858","GO:0048858","cell projection morphogenesis","15/76","437/6213",0.034324942791762,2.80606407322654,4.35717233823249,0.000211066025110816,0.0063734727685413,0.00533626671246084,"gene-evm.model.ptg000001l.686#SOX14-DANRE#Q32PP9/XLOC-013651#ETV1-BOVIN#Q2KIC2/XLOC-025696#FIBA-APOPA#P19477/XLOC-010099#KCNA1-HUMAN#Q09470/XLOC-010031#ACHB4-BOVIN#Q8SPU6/XLOC-010401#KCNAS-DROME#P08510/XLOC-002280#CAC1A-APIME#C9D7C2/gene-evm.model.ptg000031l.486#ELAV2-XENTR#Q28GD4/XLOC-002878#LMX1B-XENLA#Q8UVR3/XLOC-016422#OX2R-MOUSE#P58308/XLOC-022943#NR2E3-MOUSE#Q9QXZ7/XLOC-021753#KCNA1-HUMAN#Q09470/XLOC-019829#INS1A-DANRE#Q6P0F9/gene-evm.model.ptg000004l.40#FA5-MOUSE#O88783/XLOC-012287#SX19B-DANRE#Q9DDD7",15
"GO:0001964","GO:0001964","startle response","4/76","25/6213",0.16,13.08,6.73451375267431,0.000215256789539574,0.0063734727685413,0.00533626671246084,"XLOC-010099#KCNA1-HUMAN#Q09470/XLOC-010401#KCNAS-DROME#P08510/XLOC-015804#TRPC5-HUMAN#Q9UL62/XLOC-021753#KCNA1-HUMAN#Q09470",4
"GO:0050975","GO:0050975","sensory perception of touch","4/76","25/6213",0.16,13.08,6.73451375267431,0.000215256789539574,0.0063734727685413,0.00533626671246084,"XLOC-010099#KCNA1-HUMAN#Q09470/XLOC-010401#KCNAS-DROME#P08510/XLOC-015804#TRPC5-HUMAN#Q9UL62/XLOC-021753#KCNA1-HUMAN#Q09470",4
"GO:0060004","GO:0060004","reflex","4/76","25/6213",0.16,13.08,6.73451375267431,0.000215256789539574,0.0063734727685413,0.00533626671246084,"XLOC-010099#KCNA1-HUMAN#Q09470/XLOC-010401#KCNAS-DROME#P08510/XLOC-002280#CAC1A-APIME#C9D7C2/XLOC-021753#KCNA1-HUMAN#Q09470",4
"GO:0044297","GO:0044297","cell body","15/76","444/6213",0.0337837837837838,2.76182432432432,4.28694858919599,0.00025128148713357,0.00727167247781631,0.00608829521933766,"XLOC-008865#PTN13-HUMAN#Q12923/gene-evm.model.ptg000004l.34#RLBP1-MOUSE#Q9Z275/XLOC-010099#KCNA1-HUMAN#Q09470/XLOC-010031#ACHB4-BOVIN#Q8SPU6/XLOC-014487#KCND1-MOUSE#Q03719/XLOC-016600#SYT7-MOUSE#Q9R0N7/XLOC-010401#KCNAS-DROME#P08510/XLOC-015804#TRPC5-HUMAN#Q9UL62/XLOC-002280#CAC1A-APIME#C9D7C2/XLOC-022211#ARLY-AQUCT#P51464/gene-evm.model.ptg000031l.486#ELAV2-XENTR#Q28GD4/XLOC-016422#OX2R-MOUSE#P58308/XLOC-021753#KCNA1-HUMAN#Q09470/XLOC-025588#RGRF1-HUMAN#Q13972/XLOC-025964#NEC1-HUMAN#P29120",15
"GO:0005251","GO:0005251","delayed rectifier potassium channel activity","3/76","11/6213",0.272727272727273,22.2954545454545,7.8661429419553,0.000270507639899187,0.00727167247781631,0.00608829521933766,"XLOC-010099#KCNA1-HUMAN#Q09470/XLOC-010401#KCNAS-DROME#P08510/XLOC-021753#KCNA1-HUMAN#Q09470",3
"GO:0010644","GO:0010644","cell communication by electrical coupling","3/76","11/6213",0.272727272727273,22.2954545454545,7.8661429419553,0.000270507639899187,0.00727167247781631,0.00608829521933766,"XLOC-010099#KCNA1-HUMAN#Q09470/XLOC-010401#KCNAS-DROME#P08510/XLOC-021753#KCNA1-HUMAN#Q09470",3
"GO:0086008","GO:0086008","voltage-gated potassium channel activity involved in cardiac muscle cell action potential repolarization","3/76","11/6213",0.272727272727273,22.2954545454545,7.8661429419553,0.000270507639899187,0.00727167247781631,0.00608829521933766,"XLOC-010099#KCNA1-HUMAN#Q09470/XLOC-010401#KCNAS-DROME#P08510/XLOC-021753#KCNA1-HUMAN#Q09470",3
"GO:0086015","GO:0086015","SA node cell action potential","3/76","11/6213",0.272727272727273,22.2954545454545,7.8661429419553,0.000270507639899187,0.00727167247781631,0.00608829521933766,"XLOC-010099#KCNA1-HUMAN#Q09470/XLOC-010401#KCNAS-DROME#P08510/XLOC-021753#KCNA1-HUMAN#Q09470",3
"GO:0086018","GO:0086018","SA node cell to atrial cardiac muscle cell signaling","3/76","11/6213",0.272727272727273,22.2954545454545,7.8661429419553,0.000270507639899187,0.00727167247781631,0.00608829521933766,"XLOC-010099#KCNA1-HUMAN#Q09470/XLOC-010401#KCNAS-DROME#P08510/XLOC-021753#KCNA1-HUMAN#Q09470",3
"GO:0086070","GO:0086070","SA node cell to atrial cardiac muscle cell communication","3/76","11/6213",0.272727272727273,22.2954545454545,7.8661429419553,0.000270507639899187,0.00727167247781631,0.00608829521933766,"XLOC-010099#KCNA1-HUMAN#Q09470/XLOC-010401#KCNAS-DROME#P08510/XLOC-021753#KCNA1-HUMAN#Q09470",3
"GO:0061564","GO:0061564","axon development","13/76","351/6213",0.037037037037037,3.02777777777778,4.35206595644834,0.000284428748845133,0.00754659654403384,0.0063184786995672,"gene-evm.model.ptg000001l.686#SOX14-DANRE#Q32PP9/XLOC-013651#ETV1-BOVIN#Q2KIC2/gene-evm.model.ptg000022l.266#FCN1-MOUSE#O70165/XLOC-025696#FIBA-APOPA#P19477/XLOC-010099#KCNA1-HUMAN#Q09470/XLOC-010401#KCNAS-DROME#P08510/XLOC-002878#LMX1B-XENLA#Q8UVR3/XLOC-016422#OX2R-MOUSE#P58308/XLOC-022943#NR2E3-MOUSE#Q9QXZ7/XLOC-021753#KCNA1-HUMAN#Q09470/XLOC-019829#INS1A-DANRE#Q6P0F9/gene-evm.model.ptg000004l.40#FA5-MOUSE#O88783/XLOC-012287#SX19B-DANRE#Q9DDD7",13
"GO:0002027","GO:0002027","regulation of heart rate","5/76","49/6213",0.102040816326531,8.34183673469388,5.74137489029424,0.000300513699047964,0.00777623887337949,0.00651074950111635,"XLOC-010099#KCNA1-HUMAN#Q09470/XLOC-010031#ACHB4-BOVIN#Q8SPU6/XLOC-014487#KCND1-MOUSE#Q03719/XLOC-010401#KCNAS-DROME#P08510/XLOC-021753#KCNA1-HUMAN#Q09470",5
"GO:0006812","GO:0006812","monoatomic cation transport","13/76","353/6213",0.0368271954674221,3.01062322946176,4.32826356218906,0.000300696461574635,0.00777623887337949,0.00651074950111635,"XLOC-002415#KCNT1-CHICK#Q8QFV0/XLOC-010099#KCNA1-HUMAN#Q09470/XLOC-010031#ACHB4-BOVIN#Q8SPU6/XLOC-023758#S6A19-RAT#Q2A865/XLOC-014487#KCND1-MOUSE#Q03719/XLOC-010401#KCNAS-DROME#P08510/XLOC-015804#TRPC5-HUMAN#Q9UL62/XLOC-002280#CAC1A-APIME#C9D7C2/XLOC-024225#KCNA1-ONCMY#Q9I829/XLOC-017989#AMT3-CAEEL#Q21565/XLOC-012495#KCNK3-MOUSE#O35111/XLOC-016422#OX2R-MOUSE#P58308/XLOC-021753#KCNA1-HUMAN#Q09470",13
"GO:0098797","GO:0098797","plasma membrane protein complex","9/76","183/6213",0.0491803278688525,4.02049180327869,4.6151838725745,0.000355990831202244,0.00829989470283381,0.00694918664095883,"XLOC-002415#KCNT1-CHICK#Q8QFV0/XLOC-019525#ABD12-DANRE#Q08C93/XLOC-010099#KCNA1-HUMAN#Q09470/XLOC-010031#ACHB4-BOVIN#Q8SPU6/XLOC-014487#KCND1-MOUSE#Q03719/XLOC-010401#KCNAS-DROME#P08510/XLOC-002280#CAC1A-APIME#C9D7C2/XLOC-024225#KCNA1-ONCMY#Q9I829/XLOC-021753#KCNA1-HUMAN#Q09470",9
"GO:0021604","GO:0021604","cranial nerve structural organization","3/76","12/6213",0.25,20.4375,7.49971261449983,0.000357508925036405,0.00829989470283381,0.00694918664095883,"XLOC-010099#KCNA1-HUMAN#Q09470/XLOC-010401#KCNAS-DROME#P08510/XLOC-021753#KCNA1-HUMAN#Q09470",3
"GO:0021631","GO:0021631","optic nerve morphogenesis","3/76","12/6213",0.25,20.4375,7.49971261449983,0.000357508925036405,0.00829989470283381,0.00694918664095883,"XLOC-010099#KCNA1-HUMAN#Q09470/XLOC-010401#KCNAS-DROME#P08510/XLOC-021753#KCNA1-HUMAN#Q09470",3
"GO:0050966","GO:0050966","detection of mechanical stimulus involved in sensory perception of pain","3/76","12/6213",0.25,20.4375,7.49971261449983,0.000357508925036405,0.00829989470283381,0.00694918664095883,"XLOC-010099#KCNA1-HUMAN#Q09470/XLOC-010401#KCNAS-DROME#P08510/XLOC-021753#KCNA1-HUMAN#Q09470",3
"GO:0060081","GO:0060081","membrane hyperpolarization","3/76","12/6213",0.25,20.4375,7.49971261449983,0.000357508925036405,0.00829989470283381,0.00694918664095883,"XLOC-010099#KCNA1-HUMAN#Q09470/XLOC-010401#KCNAS-DROME#P08510/XLOC-021753#KCNA1-HUMAN#Q09470",3
"GO:0071286","GO:0071286","cellular response to magnesium ion","3/76","12/6213",0.25,20.4375,7.49971261449983,0.000357508925036405,0.00829989470283381,0.00694918664095883,"XLOC-010099#KCNA1-HUMAN#Q09470/XLOC-010401#KCNAS-DROME#P08510/XLOC-021753#KCNA1-HUMAN#Q09470",3
"GO:1903818","GO:1903818","positive regulation of voltage-gated potassium channel activity","3/76","12/6213",0.25,20.4375,7.49971261449983,0.000357508925036405,0.00829989470283381,0.00694918664095883,"XLOC-010099#KCNA1-HUMAN#Q09470/XLOC-010401#KCNAS-DROME#P08510/XLOC-021753#KCNA1-HUMAN#Q09470",3
"GO:2000288","GO:2000288","positive regulation of myoblast proliferation","3/76","12/6213",0.25,20.4375,7.49971261449983,0.000357508925036405,0.00829989470283381,0.00694918664095883,"XLOC-010099#KCNA1-HUMAN#Q09470/XLOC-010401#KCNAS-DROME#P08510/XLOC-021753#KCNA1-HUMAN#Q09470",3
"GO:2000291","GO:2000291","regulation of myoblast proliferation","3/76","12/6213",0.25,20.4375,7.49971261449983,0.000357508925036405,0.00829989470283381,0.00694918664095883,"XLOC-010099#KCNA1-HUMAN#Q09470/XLOC-010401#KCNAS-DROME#P08510/XLOC-021753#KCNA1-HUMAN#Q09470",3
"GO:0050906","GO:0050906","detection of stimulus involved in sensory perception","5/76","53/6213",0.0943396226415094,7.7122641509434,5.46086041776654,0.000435366121899606,0.00960379738840119,0.00804089484305945,"XLOC-010099#KCNA1-HUMAN#Q09470/XLOC-010401#KCNAS-DROME#P08510/XLOC-015804#TRPC5-HUMAN#Q9UL62/XLOC-017989#AMT3-CAEEL#Q21565/XLOC-021753#KCNA1-HUMAN#Q09470",5
"GO:0007409","GO:0007409","axonogenesis","12/76","321/6213",0.0373831775700935,3.05607476635514,4.20924794248264,0.000460475307145162,0.00960379738840119,0.00804089484305945,"gene-evm.model.ptg000001l.686#SOX14-DANRE#Q32PP9/XLOC-013651#ETV1-BOVIN#Q2KIC2/XLOC-025696#FIBA-APOPA#P19477/XLOC-010099#KCNA1-HUMAN#Q09470/XLOC-010401#KCNAS-DROME#P08510/XLOC-002878#LMX1B-XENLA#Q8UVR3/XLOC-016422#OX2R-MOUSE#P58308/XLOC-022943#NR2E3-MOUSE#Q9QXZ7/XLOC-021753#KCNA1-HUMAN#Q09470/XLOC-019829#INS1A-DANRE#Q6P0F9/gene-evm.model.ptg000004l.40#FA5-MOUSE#O88783/XLOC-012287#SX19B-DANRE#Q9DDD7",12
"GO:0007637","GO:0007637","proboscis extension reflex","3/76","13/6213",0.230769230769231,18.8653846153846,7.17517767589121,0.000460681421470052,0.00960379738840119,0.00804089484305945,"XLOC-010099#KCNA1-HUMAN#Q09470/XLOC-010401#KCNAS-DROME#P08510/XLOC-021753#KCNA1-HUMAN#Q09470",3
"GO:0019870","GO:0019870","potassium channel inhibitor activity","3/76","13/6213",0.230769230769231,18.8653846153846,7.17517767589121,0.000460681421470052,0.00960379738840119,0.00804089484305945,"XLOC-010099#KCNA1-HUMAN#Q09470/XLOC-010401#KCNAS-DROME#P08510/XLOC-021753#KCNA1-HUMAN#Q09470",3
"GO:0021554","GO:0021554","optic nerve development","3/76","13/6213",0.230769230769231,18.8653846153846,7.17517767589121,0.000460681421470052,0.00960379738840119,0.00804089484305945,"XLOC-010099#KCNA1-HUMAN#Q09470/XLOC-010401#KCNAS-DROME#P08510/XLOC-021753#KCNA1-HUMAN#Q09470",3
"GO:0048047","GO:0048047","mating behavior, sex discrimination","3/76","13/6213",0.230769230769231,18.8653846153846,7.17517767589121,0.000460681421470052,0.00960379738840119,0.00804089484305945,"XLOC-010099#KCNA1-HUMAN#Q09470/XLOC-010401#KCNAS-DROME#P08510/XLOC-021753#KCNA1-HUMAN#Q09470",3
"GO:0051780","GO:0051780","behavioral response to nutrient","3/76","13/6213",0.230769230769231,18.8653846153846,7.17517767589121,0.000460681421470052,0.00960379738840119,0.00804089484305945,"XLOC-010099#KCNA1-HUMAN#Q09470/XLOC-010401#KCNAS-DROME#P08510/XLOC-021753#KCNA1-HUMAN#Q09470",3
"GO:0086014","GO:0086014","atrial cardiac muscle cell action potential","3/76","13/6213",0.230769230769231,18.8653846153846,7.17517767589121,0.000460681421470052,0.00960379738840119,0.00804089484305945,"XLOC-010099#KCNA1-HUMAN#Q09470/XLOC-010401#KCNAS-DROME#P08510/XLOC-021753#KCNA1-HUMAN#Q09470",3
"GO:0086026","GO:0086026","atrial cardiac muscle cell to AV node cell signaling","3/76","13/6213",0.230769230769231,18.8653846153846,7.17517767589121,0.000460681421470052,0.00960379738840119,0.00804089484305945,"XLOC-010099#KCNA1-HUMAN#Q09470/XLOC-010401#KCNAS-DROME#P08510/XLOC-021753#KCNA1-HUMAN#Q09470",3
"GO:0086066","GO:0086066","atrial cardiac muscle cell to AV node cell communication","3/76","13/6213",0.230769230769231,18.8653846153846,7.17517767589121,0.000460681421470052,0.00960379738840119,0.00804089484305945,"XLOC-010099#KCNA1-HUMAN#Q09470/XLOC-010401#KCNAS-DROME#P08510/XLOC-021753#KCNA1-HUMAN#Q09470",3
"GO:0097060","GO:0097060","synaptic membrane","7/76","115/6213",0.0608695652173913,4.97608695652174,4.78911804569632,0.000472267663555042,0.00970940373618082,0.00812931502758783,"XLOC-010099#KCNA1-HUMAN#Q09470/XLOC-015788#OTOF-HUMAN#Q9HC10/XLOC-010031#ACHB4-BOVIN#Q8SPU6/XLOC-014487#KCND1-MOUSE#Q03719/XLOC-016600#SYT7-MOUSE#Q9R0N7/XLOC-010401#KCNAS-DROME#P08510/XLOC-021753#KCNA1-HUMAN#Q09470",7
"GO:0019233","GO:0019233","sensory perception of pain","5/76","54/6213",0.0925925925925926,7.56944444444444,5.39529108044215,0.000475252263151288,0.00970940373618082,0.00812931502758783,"XLOC-010099#KCNA1-HUMAN#Q09470/XLOC-014487#KCND1-MOUSE#Q03719/XLOC-010401#KCNAS-DROME#P08510/XLOC-002280#CAC1A-APIME#C9D7C2/XLOC-021753#KCNA1-HUMAN#Q09470",5
"GO:0007606","GO:0007606","sensory perception of chemical stimulus","5/76","55/6213",0.0909090909090909,7.43181818181818,5.33138099534813,0.000517832710330289,0.010474576506978,0.00876996513065888,"XLOC-010099#KCNA1-HUMAN#Q09470/XLOC-010401#KCNAS-DROME#P08510/XLOC-009528#DYRK4-HUMAN#Q9NR20/XLOC-017989#AMT3-CAEEL#Q21565/XLOC-021753#KCNA1-HUMAN#Q09470",5
"GO:0098793","GO:0098793","presynapse","10/76","236/6213",0.0423728813559322,3.46398305084746,4.29434120045363,0.000543510313085202,0.0108861918591477,0.00911459503367857,"XLOC-025955#MCTP1-MOUSE#E9PV86/XLOC-010099#KCNA1-HUMAN#Q09470/XLOC-015788#OTOF-HUMAN#Q9HC10/XLOC-010031#ACHB4-BOVIN#Q8SPU6/XLOC-016600#SYT7-MOUSE#Q9R0N7/XLOC-010401#KCNAS-DROME#P08510/XLOC-012495#KCNK3-MOUSE#O35111/XLOC-016422#OX2R-MOUSE#P58308/XLOC-021753#KCNA1-HUMAN#Q09470/XLOC-025964#NEC1-HUMAN#P29120",10
"GO:0005221","GO:0005221","intracellularly cyclic nucleotide-activated monoatomic cation channel activity","3/76","14/6213",0.214285714285714,17.5178571428571,6.88495908006207,0.000581176912869414,0.0109939299351131,0.00920480003326313,"XLOC-010099#KCNA1-HUMAN#Q09470/XLOC-010401#KCNAS-DROME#P08510/XLOC-021753#KCNA1-HUMAN#Q09470",3
"GO:0010842","GO:0010842","retina layer formation","3/76","14/6213",0.214285714285714,17.5178571428571,6.88495908006207,0.000581176912869414,0.0109939299351131,0.00920480003326313,"XLOC-015872#DIS1D-DICDI#P02888/XLOC-019525#ABD12-DANRE#Q08C93/XLOC-013049#PTF1A-DANRE#Q7ZSX3",3
"GO:0023041","GO:0023041","neuronal signal transduction","3/76","14/6213",0.214285714285714,17.5178571428571,6.88495908006207,0.000581176912869414,0.0109939299351131,0.00920480003326313,"XLOC-010099#KCNA1-HUMAN#Q09470/XLOC-010401#KCNAS-DROME#P08510/XLOC-021753#KCNA1-HUMAN#Q09470",3
"GO:0043855","GO:0043855","cyclic nucleotide-activated monoatomic ion channel activity","3/76","14/6213",0.214285714285714,17.5178571428571,6.88495908006207,0.000581176912869414,0.0109939299351131,0.00920480003326313,"XLOC-010099#KCNA1-HUMAN#Q09470/XLOC-010401#KCNAS-DROME#P08510/XLOC-021753#KCNA1-HUMAN#Q09470",3
"GO:0044224","GO:0044224","juxtaparanode region of axon","3/76","14/6213",0.214285714285714,17.5178571428571,6.88495908006207,0.000581176912869414,0.0109939299351131,0.00920480003326313,"XLOC-010099#KCNA1-HUMAN#Q09470/XLOC-010401#KCNAS-DROME#P08510/XLOC-021753#KCNA1-HUMAN#Q09470",3
"GO:0060025","GO:0060025","regulation of synaptic activity","3/76","14/6213",0.214285714285714,17.5178571428571,6.88495908006207,0.000581176912869414,0.0109939299351131,0.00920480003326313,"XLOC-010099#KCNA1-HUMAN#Q09470/XLOC-010401#KCNAS-DROME#P08510/XLOC-021753#KCNA1-HUMAN#Q09470",3
"GO:0001666","GO:0001666","response to hypoxia","9/76","198/6213",0.0454545454545455,3.71590909090909,4.32189753348563,0.000633997625432219,0.0118830931078718,0.00994926259128301,"XLOC-023724#ANGL7-MOUSE#Q8R1Q3/XLOC-010099#KCNA1-HUMAN#Q09470/XLOC-010031#ACHB4-BOVIN#Q8SPU6/XLOC-014487#KCND1-MOUSE#Q03719/XLOC-010401#KCNAS-DROME#P08510/XLOC-022211#ARLY-AQUCT#P51464/XLOC-010449#GCY8E-DROME#Q8INF0/XLOC-012495#KCNK3-MOUSE#O35111/XLOC-021753#KCNA1-HUMAN#Q09470",9
"GO:0050982","GO:0050982","detection of mechanical stimulus","4/76","33/6213",0.121212121212121,9.90909090909091,5.71005880641976,0.000646598034124783,0.0120090889428812,0.0100547541191653,"XLOC-010099#KCNA1-HUMAN#Q09470/XLOC-010401#KCNAS-DROME#P08510/XLOC-015804#TRPC5-HUMAN#Q9UL62/XLOC-021753#KCNA1-HUMAN#Q09470",4
"GO:0030534","GO:0030534","adult behavior","8/76","159/6213",0.050314465408805,4.11320754716981,4.42516925634854,0.000663911933330061,0.0122195682864263,0.0102309804804301,"XLOC-019525#ABD12-DANRE#Q08C93/XLOC-010099#KCNA1-HUMAN#Q09470/XLOC-010031#ACHB4-BOVIN#Q8SPU6/XLOC-010401#KCNAS-DROME#P08510/XLOC-002280#CAC1A-APIME#C9D7C2/XLOC-016422#OX2R-MOUSE#P58308/XLOC-021753#KCNA1-HUMAN#Q09470/gene-evm.model.ptg000022l.478#GSH0-HUMAN#P48507",8
"GO:0008016","GO:0008016","regulation of heart contraction","6/76","88/6213",0.0681818181818182,5.57386363636364,4.80857019415653,0.000671979983107687,0.0122576348704375,0.0102628521856202,"XLOC-010099#KCNA1-HUMAN#Q09470/XLOC-010031#ACHB4-BOVIN#Q8SPU6/XLOC-014487#KCND1-MOUSE#Q03719/XLOC-010401#KCNAS-DROME#P08510/XLOC-012495#KCNK3-MOUSE#O35111/XLOC-021753#KCNA1-HUMAN#Q09470",6
"GO:0015075","GO:0015075","monoatomic ion transmembrane transporter activity","12/76","336/6213",0.0357142857142857,2.91964285714286,4.02584164995849,0.000694095905273683,0.0125490082696826,0.0105068080677199,"XLOC-002415#KCNT1-CHICK#Q8QFV0/XLOC-010099#KCNA1-HUMAN#Q09470/XLOC-010031#ACHB4-BOVIN#Q8SPU6/XLOC-023758#S6A19-RAT#Q2A865/XLOC-014487#KCND1-MOUSE#Q03719/XLOC-010401#KCNAS-DROME#P08510/XLOC-015804#TRPC5-HUMAN#Q9UL62/XLOC-002280#CAC1A-APIME#C9D7C2/XLOC-024225#KCNA1-ONCMY#Q9I829/XLOC-017989#AMT3-CAEEL#Q21565/XLOC-012495#KCNK3-MOUSE#O35111/XLOC-021753#KCNA1-HUMAN#Q09470",12
"GO:0086019","GO:0086019","cell-cell signaling involved in cardiac conduction","3/76","15/6213",0.2,16.35,6.62327338315044,0.000720099525715234,0.0125707917208458,0.0105250465241386,"XLOC-010099#KCNA1-HUMAN#Q09470/XLOC-010401#KCNAS-DROME#P08510/XLOC-021753#KCNA1-HUMAN#Q09470",3
"GO:0099623","GO:0099623","regulation of cardiac muscle cell membrane repolarization","3/76","15/6213",0.2,16.35,6.62327338315044,0.000720099525715234,0.0125707917208458,0.0105250465241386,"XLOC-010099#KCNA1-HUMAN#Q09470/XLOC-010401#KCNAS-DROME#P08510/XLOC-021753#KCNA1-HUMAN#Q09470",3
"GO:0003407","GO:0003407","neural retina development","4/76","34/6213",0.117647058823529,9.61764705882353,5.60678008723082,0.000726066286372887,0.0125707917208458,0.0105250465241386,"XLOC-015872#DIS1D-DICDI#P02888/XLOC-019525#ABD12-DANRE#Q08C93/XLOC-013049#PTF1A-DANRE#Q7ZSX3/XLOC-019829#INS1A-DANRE#Q6P0F9",4
"GO:0032809","GO:0032809","neuronal cell body membrane","4/76","34/6213",0.117647058823529,9.61764705882353,5.60678008723082,0.000726066286372887,0.0125707917208458,0.0105250465241386,"XLOC-010099#KCNA1-HUMAN#Q09470/XLOC-014487#KCND1-MOUSE#Q03719/XLOC-010401#KCNAS-DROME#P08510/XLOC-021753#KCNA1-HUMAN#Q09470",4
"GO:0044298","GO:0044298","cell body membrane","4/76","34/6213",0.117647058823529,9.61764705882353,5.60678008723082,0.000726066286372887,0.0125707917208458,0.0105250465241386,"XLOC-010099#KCNA1-HUMAN#Q09470/XLOC-014487#KCND1-MOUSE#Q03719/XLOC-010401#KCNAS-DROME#P08510/XLOC-021753#KCNA1-HUMAN#Q09470",4
"GO:0036293","GO:0036293","response to decreased oxygen levels","9/76","203/6213",0.0443349753694581,3.6243842364532,4.23041196164609,0.000759013420479883,0.0130307934289109,0.0109101884854472,"XLOC-023724#ANGL7-MOUSE#Q8R1Q3/XLOC-010099#KCNA1-HUMAN#Q09470/XLOC-010031#ACHB4-BOVIN#Q8SPU6/XLOC-014487#KCND1-MOUSE#Q03719/XLOC-010401#KCNAS-DROME#P08510/XLOC-022211#ARLY-AQUCT#P51464/XLOC-010449#GCY8E-DROME#Q8INF0/XLOC-012495#KCNK3-MOUSE#O35111/XLOC-021753#KCNA1-HUMAN#Q09470",9
"GO:0071242","GO:0071242","cellular response to ammonium ion","5/76","60/6213",0.0833333333333333,6.8125,5.03430578967033,0.000775267691869146,0.0131989324540722,0.0110509649060295,"XLOC-010099#KCNA1-HUMAN#Q09470/XLOC-010031#ACHB4-BOVIN#Q8SPU6/XLOC-010401#KCNAS-DROME#P08510/XLOC-022211#ARLY-AQUCT#P51464/XLOC-021753#KCNA1-HUMAN#Q09470",5
"GO:0030425","GO:0030425","dendrite","12/76","341/6213",0.0351906158357771,2.87683284457478,3.96692709560209,0.00079136336297941,0.0133616144674953,0.0111871723779168,"XLOC-019525#ABD12-DANRE#Q08C93/XLOC-010099#KCNA1-HUMAN#Q09470/XLOC-010031#ACHB4-BOVIN#Q8SPU6/XLOC-014487#KCND1-MOUSE#Q03719/XLOC-016600#SYT7-MOUSE#Q9R0N7/XLOC-010401#KCNAS-DROME#P08510/XLOC-015804#TRPC5-HUMAN#Q9UL62/XLOC-002280#CAC1A-APIME#C9D7C2/gene-evm.model.ptg000031l.486#ELAV2-XENTR#Q28GD4/XLOC-021753#KCNA1-HUMAN#Q09470/XLOC-025588#RGRF1-HUMAN#Q13972/XLOC-025964#NEC1-HUMAN#P29120",12
"GO:0097447","GO:0097447","dendritic tree","12/76","342/6213",0.0350877192982456,2.86842105263158,3.95527079893461,0.000812131769428961,0.013599878729044,0.0113866619958763,"XLOC-019525#ABD12-DANRE#Q08C93/XLOC-010099#KCNA1-HUMAN#Q09470/XLOC-010031#ACHB4-BOVIN#Q8SPU6/XLOC-014487#KCND1-MOUSE#Q03719/XLOC-016600#SYT7-MOUSE#Q9R0N7/XLOC-010401#KCNAS-DROME#P08510/XLOC-015804#TRPC5-HUMAN#Q9UL62/XLOC-002280#CAC1A-APIME#C9D7C2/gene-evm.model.ptg000031l.486#ELAV2-XENTR#Q28GD4/XLOC-021753#KCNA1-HUMAN#Q09470/XLOC-025588#RGRF1-HUMAN#Q13972/XLOC-025964#NEC1-HUMAN#P29120",12
"GO:0007267","GO:0007267","cell-cell signaling","14/76","445/6213",0.0314606741573034,2.57191011235955,3.82947770569402,0.000852160217872832,0.0141190076272549,0.0118213089081017,"gene-evm.model.ptg000022l.266#FCN1-MOUSE#O70165/XLOC-010099#KCNA1-HUMAN#Q09470/XLOC-015788#OTOF-HUMAN#Q9HC10/XLOC-010031#ACHB4-BOVIN#Q8SPU6/XLOC-014487#KCND1-MOUSE#Q03719/XLOC-016600#SYT7-MOUSE#Q9R0N7/XLOC-010401#KCNAS-DROME#P08510/XLOC-002280#CAC1A-APIME#C9D7C2/XLOC-012495#KCNK3-MOUSE#O35111/XLOC-016422#OX2R-MOUSE#P58308/XLOC-013699#CD5R1-BOVIN#Q28199/XLOC-021753#KCNA1-HUMAN#Q09470/XLOC-016437#UBP14-PANTR#P60051/XLOC-025964#NEC1-HUMAN#P29120",14
"GO:0005215","GO:0005215","transporter activity","15/76","499/6213",0.030060120240481,2.45741482965932,3.77752891318004,0.000871695815793939,0.0141190076272549,0.0118213089081017,"XLOC-019523#LRP12-HUMAN#Q9Y561/XLOC-002415#KCNT1-CHICK#Q8QFV0/gene-evm.model.ptg000012l.875#IMB1-HUMAN#Q14974/XLOC-010099#KCNA1-HUMAN#Q09470/XLOC-010031#ACHB4-BOVIN#Q8SPU6/XLOC-023758#S6A19-RAT#Q2A865/XLOC-014487#KCND1-MOUSE#Q03719/XLOC-010401#KCNAS-DROME#P08510/XLOC-015804#TRPC5-HUMAN#Q9UL62/XLOC-002280#CAC1A-APIME#C9D7C2/XLOC-024225#KCNA1-ONCMY#Q9I829/XLOC-017989#AMT3-CAEEL#Q21565/XLOC-012495#KCNK3-MOUSE#O35111/gene-evm.model.ptg000001l.946#AQP9-HUMAN#O43315/XLOC-021753#KCNA1-HUMAN#Q09470",15
"GO:0055075","GO:0055075","potassium ion homeostasis","3/76","16/6213",0.1875,15.328125,6.38561988674466,0.000878506891059013,0.0141190076272549,0.0118213089081017,"XLOC-010099#KCNA1-HUMAN#Q09470/XLOC-010401#KCNAS-DROME#P08510/XLOC-021753#KCNA1-HUMAN#Q09470",3
"GO:0086065","GO:0086065","cell communication involved in cardiac conduction","3/76","16/6213",0.1875,15.328125,6.38561988674466,0.000878506891059013,0.0141190076272549,0.0118213089081017,"XLOC-010099#KCNA1-HUMAN#Q09470/XLOC-010401#KCNAS-DROME#P08510/XLOC-021753#KCNA1-HUMAN#Q09470",3
"GO:1901381","GO:1901381","positive regulation of potassium ion transmembrane transport","3/76","16/6213",0.1875,15.328125,6.38561988674466,0.000878506891059013,0.0141190076272549,0.0118213089081017,"XLOC-010099#KCNA1-HUMAN#Q09470/XLOC-010401#KCNAS-DROME#P08510/XLOC-021753#KCNA1-HUMAN#Q09470",3
"GO:0051480","GO:0051480","regulation of cytosolic calcium ion concentration","6/76","93/6213",0.0645161290322581,5.2741935483871,4.62130258817762,0.000900666189136065,0.0141190076272549,0.0118213089081017,"XLOC-010099#KCNA1-HUMAN#Q09470/XLOC-010401#KCNAS-DROME#P08510/XLOC-002280#CAC1A-APIME#C9D7C2/XLOC-012495#KCNK3-MOUSE#O35111/XLOC-016422#OX2R-MOUSE#P58308/XLOC-021753#KCNA1-HUMAN#Q09470",6
"GO:0030537","GO:0030537","larval behavior","4/76","36/6213",0.111111111111111,9.08333333333333,5.41249360161575,0.000905330396069695,0.0141190076272549,0.0118213089081017,"XLOC-010099#KCNA1-HUMAN#Q09470/XLOC-010401#KCNAS-DROME#P08510/XLOC-016422#OX2R-MOUSE#P58308/XLOC-021753#KCNA1-HUMAN#Q09470",4
"GO:0050885","GO:0050885","neuromuscular process controlling balance","4/76","36/6213",0.111111111111111,9.08333333333333,5.41249360161575,0.000905330396069695,0.0141190076272549,0.0118213089081017,"XLOC-025696#FIBA-APOPA#P19477/XLOC-015788#OTOF-HUMAN#Q9HC10/XLOC-002280#CAC1A-APIME#C9D7C2/XLOC-016498#SAP3-MOUSE#Q60648",4
"GO:0060042","GO:0060042","retina morphogenesis in camera-type eye","4/76","36/6213",0.111111111111111,9.08333333333333,5.41249360161575,0.000905330396069695,0.0141190076272549,0.0118213089081017,"XLOC-015872#DIS1D-DICDI#P02888/XLOC-019525#ABD12-DANRE#Q08C93/XLOC-013049#PTF1A-DANRE#Q7ZSX3/XLOC-019829#INS1A-DANRE#Q6P0F9",4
"GO:0043025","GO:0043025","neuronal cell body","13/76","400/6213",0.0325,2.656875,3.81209782882255,0.000990075912759313,0.0153236749224794,0.0128299310863946,"XLOC-010099#KCNA1-HUMAN#Q09470/XLOC-010031#ACHB4-BOVIN#Q8SPU6/XLOC-014487#KCND1-MOUSE#Q03719/XLOC-016600#SYT7-MOUSE#Q9R0N7/XLOC-010401#KCNAS-DROME#P08510/XLOC-015804#TRPC5-HUMAN#Q9UL62/XLOC-002280#CAC1A-APIME#C9D7C2/XLOC-022211#ARLY-AQUCT#P51464/gene-evm.model.ptg000031l.486#ELAV2-XENTR#Q28GD4/XLOC-016422#OX2R-MOUSE#P58308/XLOC-021753#KCNA1-HUMAN#Q09470/XLOC-025588#RGRF1-HUMAN#Q13972/XLOC-025964#NEC1-HUMAN#P29120",13
"GO:0099094","GO:0099094","ligand-gated monoatomic cation channel activity","4/76","37/6213",0.108108108108108,8.83783783783784,5.32093495795561,0.00100573282040662,0.0154489635495543,0.01293483049593,"XLOC-010099#KCNA1-HUMAN#Q09470/XLOC-010031#ACHB4-BOVIN#Q8SPU6/XLOC-010401#KCNAS-DROME#P08510/XLOC-021753#KCNA1-HUMAN#Q09470",4
"GO:0010960","GO:0010960","magnesium ion homeostasis","3/76","17/6213",0.176470588235294,14.4264705882353,6.16843622563997,0.00105741128357434,0.0157685492871706,0.0132024074975667,"XLOC-010099#KCNA1-HUMAN#Q09470/XLOC-010401#KCNAS-DROME#P08510/XLOC-021753#KCNA1-HUMAN#Q09470",3
"GO:0010996","GO:0010996","response to auditory stimulus","3/76","17/6213",0.176470588235294,14.4264705882353,6.16843622563997,0.00105741128357434,0.0157685492871706,0.0132024074975667,"XLOC-019525#ABD12-DANRE#Q08C93/XLOC-015788#OTOF-HUMAN#Q9HC10/XLOC-015804#TRPC5-HUMAN#Q9UL62",3
"GO:0033270","GO:0033270","paranode region of axon","3/76","17/6213",0.176470588235294,14.4264705882353,6.16843622563997,0.00105741128357434,0.0157685492871706,0.0132024074975667,"XLOC-010099#KCNA1-HUMAN#Q09470/XLOC-010401#KCNAS-DROME#P08510/XLOC-021753#KCNA1-HUMAN#Q09470",3
"GO:0060306","GO:0060306","regulation of membrane repolarization","3/76","17/6213",0.176470588235294,14.4264705882353,6.16843622563997,0.00105741128357434,0.0157685492871706,0.0132024074975667,"XLOC-010099#KCNA1-HUMAN#Q09470/XLOC-010401#KCNAS-DROME#P08510/XLOC-021753#KCNA1-HUMAN#Q09470",3
"GO:0022857","GO:0022857","transmembrane transporter activity","13/76","405/6213",0.0320987654320988,2.62407407407407,3.76152973545053,0.00111068556213696,0.0163172004756551,0.0136617723023106,"XLOC-002415#KCNT1-CHICK#Q8QFV0/XLOC-010099#KCNA1-HUMAN#Q09470/XLOC-010031#ACHB4-BOVIN#Q8SPU6/XLOC-023758#S6A19-RAT#Q2A865/XLOC-014487#KCND1-MOUSE#Q03719/XLOC-010401#KCNAS-DROME#P08510/XLOC-015804#TRPC5-HUMAN#Q9UL62/XLOC-002280#CAC1A-APIME#C9D7C2/XLOC-024225#KCNA1-ONCMY#Q9I829/XLOC-017989#AMT3-CAEEL#Q21565/XLOC-012495#KCNK3-MOUSE#O35111/gene-evm.model.ptg000001l.946#AQP9-HUMAN#O43315/XLOC-021753#KCNA1-HUMAN#Q09470",13
"GO:0043266","GO:0043266","regulation of potassium ion transport","4/76","38/6213",0.105263157894737,8.60526315789474,5.23277452113597,0.0011137205086669,0.0163172004756551,0.0136617723023106,"XLOC-010099#KCNA1-HUMAN#Q09470/XLOC-010401#KCNAS-DROME#P08510/XLOC-016422#OX2R-MOUSE#P58308/XLOC-021753#KCNA1-HUMAN#Q09470",4
"GO:2001023","GO:2001023","regulation of response to drug","5/76","65/6213",0.0769230769230769,6.28846153846154,4.76939791082031,0.00111816351766604,0.0163172004756551,0.0136617723023106,"XLOC-010099#KCNA1-HUMAN#Q09470/XLOC-016600#SYT7-MOUSE#Q9R0N7/XLOC-010401#KCNAS-DROME#P08510/XLOC-002280#CAC1A-APIME#C9D7C2/XLOC-021753#KCNA1-HUMAN#Q09470",5
"GO:0150034","GO:0150034","distal axon","9/76","217/6213",0.0414746543778802,3.3905529953917,3.98879657944266,0.00121994661372198,0.0176762477435036,0.014799650969005,"XLOC-010099#KCNA1-HUMAN#Q09470/XLOC-010031#ACHB4-BOVIN#Q8SPU6/XLOC-016600#SYT7-MOUSE#Q9R0N7/XLOC-010401#KCNAS-DROME#P08510/gene-evm.model.ptg000031l.486#ELAV2-XENTR#Q28GD4/XLOC-016422#OX2R-MOUSE#P58308/XLOC-021753#KCNA1-HUMAN#Q09470/XLOC-025588#RGRF1-HUMAN#Q13972/XLOC-025964#NEC1-HUMAN#P29120",9
"GO:0045938","GO:0045938","positive regulation of circadian sleep/wake cycle, sleep","3/76","18/6213",0.166666666666667,13.625,5.96886067904342,0.00125778073829043,0.0178447642244954,0.0149407434190201,"XLOC-010099#KCNA1-HUMAN#Q09470/XLOC-010401#KCNAS-DROME#P08510/XLOC-021753#KCNA1-HUMAN#Q09470",3
"GO:0048532","GO:0048532","anatomical structure arrangement","3/76","18/6213",0.166666666666667,13.625,5.96886067904342,0.00125778073829043,0.0178447642244954,0.0149407434190201,"XLOC-010099#KCNA1-HUMAN#Q09470/XLOC-010401#KCNAS-DROME#P08510/XLOC-021753#KCNA1-HUMAN#Q09470",3
"GO:0086002","GO:0086002","cardiac muscle cell action potential involved in contraction","3/76","18/6213",0.166666666666667,13.625,5.96886067904342,0.00125778073829043,0.0178447642244954,0.0149407434190201,"XLOC-010099#KCNA1-HUMAN#Q09470/XLOC-010401#KCNAS-DROME#P08510/XLOC-021753#KCNA1-HUMAN#Q09470",3
"GO:0031016","GO:0031016","pancreas development","5/76","68/6213",0.0735294117647059,6.01102941176471,4.62343676961222,0.00137156169045247,0.0193248312661683,0.0161799473465355,"gene-evm.model.ptg000031l.539#LIPP-ICTTR#O88354/XLOC-013049#PTF1A-DANRE#Q7ZSX3/XLOC-016422#OX2R-MOUSE#P58308/XLOC-019829#INS1A-DANRE#Q6P0F9/XLOC-025964#NEC1-HUMAN#P29120",5
"GO:0050909","GO:0050909","sensory perception of taste","3/76","19/6213",0.157894736842105,12.9078947368421,5.7845641928404,0.00148054014539186,0.0207174213495587,0.0173459101388736,"XLOC-010099#KCNA1-HUMAN#Q09470/XLOC-010401#KCNAS-DROME#P08510/XLOC-021753#KCNA1-HUMAN#Q09470",3
"GO:0046883","GO:0046883","regulation of hormone secretion","7/76","140/6213",0.05,4.0875,4.11162787360219,0.00151767808080673,0.0210333884288288,0.0176104573752978,"XLOC-010099#KCNA1-HUMAN#Q09470/XLOC-016600#SYT7-MOUSE#Q9R0N7/XLOC-011296#FOXL2-ELLLU#Q4VUF1/XLOC-010401#KCNAS-DROME#P08510/XLOC-002280#CAC1A-APIME#C9D7C2/XLOC-016422#OX2R-MOUSE#P58308/XLOC-021753#KCNA1-HUMAN#Q09470",7
"GO:0070482","GO:0070482","response to oxygen levels","9/76","224/6213",0.0401785714285714,3.28459821428571,3.87526265934359,0.00152371095813346,0.0210333884288288,0.0176104573752978,"XLOC-023724#ANGL7-MOUSE#Q8R1Q3/XLOC-010099#KCNA1-HUMAN#Q09470/XLOC-010031#ACHB4-BOVIN#Q8SPU6/XLOC-014487#KCND1-MOUSE#Q03719/XLOC-010401#KCNAS-DROME#P08510/XLOC-022211#ARLY-AQUCT#P51464/XLOC-010449#GCY8E-DROME#Q8INF0/XLOC-012495#KCNK3-MOUSE#O35111/XLOC-021753#KCNA1-HUMAN#Q09470",9
"GO:0043679","GO:0043679","axon terminus","6/76","104/6213",0.0576923076923077,4.71634615384615,4.25296906780241,0.00161261178844301,0.0221111804281145,0.0185128516864704,"XLOC-010099#KCNA1-HUMAN#Q09470/XLOC-016600#SYT7-MOUSE#Q9R0N7/XLOC-010401#KCNAS-DROME#P08510/XLOC-016422#OX2R-MOUSE#P58308/XLOC-021753#KCNA1-HUMAN#Q09470/XLOC-025964#NEC1-HUMAN#P29120",6
"GO:0006874","GO:0006874","intracellular calcium ion homeostasis","7/76","143/6213",0.048951048951049,4.00174825174825,4.04103300543641,0.00171543606790657,0.0230548186721178,0.0193029241529183,"XLOC-010099#KCNA1-HUMAN#Q09470/XLOC-010031#ACHB4-BOVIN#Q8SPU6/XLOC-010401#KCNAS-DROME#P08510/XLOC-002280#CAC1A-APIME#C9D7C2/XLOC-012495#KCNK3-MOUSE#O35111/XLOC-016422#OX2R-MOUSE#P58308/XLOC-021753#KCNA1-HUMAN#Q09470",7
"GO:0051606","GO:0051606","detection of stimulus","7/76","143/6213",0.048951048951049,4.00174825174825,4.04103300543641,0.00171543606790657,0.0230548186721178,0.0193029241529183,"XLOC-015872#DIS1D-DICDI#P02888/XLOC-010099#KCNA1-HUMAN#Q09470/XLOC-016600#SYT7-MOUSE#Q9R0N7/XLOC-010401#KCNAS-DROME#P08510/XLOC-015804#TRPC5-HUMAN#Q9UL62/XLOC-017989#AMT3-CAEEL#Q21565/XLOC-021753#KCNA1-HUMAN#Q09470",7
"GO:1903350","GO:1903350","response to dopamine","3/76","20/6213",0.15,12.2625,5.61362916480134,0.00172657232346257,0.0230548186721178,0.0193029241529183,"XLOC-010099#KCNA1-HUMAN#Q09470/XLOC-010401#KCNAS-DROME#P08510/XLOC-021753#KCNA1-HUMAN#Q09470",3
"GO:1903351","GO:1903351","cellular response to dopamine","3/76","20/6213",0.15,12.2625,5.61362916480134,0.00172657232346257,0.0230548186721178,0.0193029241529183,"XLOC-010099#KCNA1-HUMAN#Q09470/XLOC-010401#KCNAS-DROME#P08510/XLOC-021753#KCNA1-HUMAN#Q09470",3
"GO:0044057","GO:0044057","regulation of system process","10/76","275/6213",0.0363636363636364,2.97272727272727,3.72355486183439,0.00175785659346176,0.023320136496379,0.0195250646915609,"XLOC-025696#FIBA-APOPA#P19477/XLOC-010099#KCNA1-HUMAN#Q09470/XLOC-010031#ACHB4-BOVIN#Q8SPU6/XLOC-014487#KCND1-MOUSE#Q03719/XLOC-011296#FOXL2-ELLLU#Q4VUF1/XLOC-010401#KCNAS-DROME#P08510/XLOC-016646#ADK-PHYPA#O49923/XLOC-012495#KCNK3-MOUSE#O35111/XLOC-016422#OX2R-MOUSE#P58308/XLOC-021753#KCNA1-HUMAN#Q09470",10
"GO:0045211","GO:0045211","postsynaptic membrane","5/76","72/6213",0.0694444444444444,5.67708333333333,4.44187431196085,0.00177246598052246,0.0233622451497251,0.0195603206679049,"XLOC-010099#KCNA1-HUMAN#Q09470/XLOC-010031#ACHB4-BOVIN#Q8SPU6/XLOC-014487#KCND1-MOUSE#Q03719/XLOC-010401#KCNAS-DROME#P08510/XLOC-021753#KCNA1-HUMAN#Q09470",5
"GO:0007619","GO:0007619","courtship behavior","4/76","44/6213",0.0909090909090909,7.43181818181818,4.7642788244469,0.00193790775069329,0.0252174874819515,0.0211136446186832,"XLOC-010099#KCNA1-HUMAN#Q09470/XLOC-010401#KCNAS-DROME#P08510/gene-evm.model.ptg000031l.486#ELAV2-XENTR#Q28GD4/XLOC-021753#KCNA1-HUMAN#Q09470",4
"GO:0044304","GO:0044304","main axon","4/76","44/6213",0.0909090909090909,7.43181818181818,4.7642788244469,0.00193790775069329,0.0252174874819515,0.0211136446186832,"XLOC-010099#KCNA1-HUMAN#Q09470/XLOC-010031#ACHB4-BOVIN#Q8SPU6/XLOC-010401#KCNAS-DROME#P08510/XLOC-021753#KCNA1-HUMAN#Q09470",4
"GO:0005217","GO:0005217","intracellularly ligand-gated monoatomic ion channel activity","3/76","21/6213",0.142857142857143,11.6785714285714,5.45446034303634,0.00199671907154602,0.0254956066448032,0.0213465032319887,"XLOC-010099#KCNA1-HUMAN#Q09470/XLOC-010401#KCNAS-DROME#P08510/XLOC-021753#KCNA1-HUMAN#Q09470",3
"GO:0032026","GO:0032026","response to magnesium ion","3/76","21/6213",0.142857142857143,11.6785714285714,5.45446034303634,0.00199671907154602,0.0254956066448032,0.0213465032319887,"XLOC-010099#KCNA1-HUMAN#Q09470/XLOC-010401#KCNAS-DROME#P08510/XLOC-021753#KCNA1-HUMAN#Q09470",3
"GO:0043267","GO:0043267","negative regulation of potassium ion transport","3/76","21/6213",0.142857142857143,11.6785714285714,5.45446034303634,0.00199671907154602,0.0254956066448032,0.0213465032319887,"XLOC-010099#KCNA1-HUMAN#Q09470/XLOC-010401#KCNAS-DROME#P08510/XLOC-021753#KCNA1-HUMAN#Q09470",3
"GO:1903522","GO:1903522","regulation of blood circulation","6/76","109/6213",0.055045871559633,4.5,4.10221566651645,0.0020509725892004,0.0259919225338645,0.0217620496779915,"XLOC-010099#KCNA1-HUMAN#Q09470/XLOC-010031#ACHB4-BOVIN#Q8SPU6/XLOC-014487#KCND1-MOUSE#Q03719/XLOC-010401#KCNAS-DROME#P08510/XLOC-012495#KCNK3-MOUSE#O35111/XLOC-021753#KCNA1-HUMAN#Q09470",6
"GO:1903530","GO:1903530","regulation of secretion by cell","11/76","330/6213",0.0333333333333333,2.725,3.58336545970436,0.00206103350488794,0.0259919225338645,0.0217620496779915,"XLOC-002415#KCNT1-CHICK#Q8QFV0/XLOC-025955#MCTP1-MOUSE#E9PV86/XLOC-010099#KCNA1-HUMAN#Q09470/XLOC-010031#ACHB4-BOVIN#Q8SPU6/XLOC-016600#SYT7-MOUSE#Q9R0N7/XLOC-011296#FOXL2-ELLLU#Q4VUF1/XLOC-010401#KCNAS-DROME#P08510/XLOC-002280#CAC1A-APIME#C9D7C2/XLOC-016422#OX2R-MOUSE#P58308/XLOC-021753#KCNA1-HUMAN#Q09470/XLOC-025964#NEC1-HUMAN#P29120",11
"GO:0009584","GO:0009584","detection of visible light","4/76","45/6213",0.0888888888888889,7.26666666666667,4.69477871509473,0.00210745854042364,0.0262532792566189,0.0219808737367678,"XLOC-015872#DIS1D-DICDI#P02888/XLOC-010099#KCNA1-HUMAN#Q09470/XLOC-010401#KCNAS-DROME#P08510/XLOC-021753#KCNA1-HUMAN#Q09470",4
"GO:0097110","GO:0097110","scaffold protein binding","4/76","45/6213",0.0888888888888889,7.26666666666667,4.69477871509473,0.00210745854042364,0.0262532792566189,0.0219808737367678,"XLOC-010099#KCNA1-HUMAN#Q09470/XLOC-010031#ACHB4-BOVIN#Q8SPU6/XLOC-010401#KCNAS-DROME#P08510/XLOC-021753#KCNA1-HUMAN#Q09470",4
"GO:0007635","GO:0007635","chemosensory behavior","5/76","76/6213",0.0657894736842105,5.37828947368421,4.27344052780867,0.00225341953198412,0.0279014309323852,0.0233608085452899,"XLOC-010099#KCNA1-HUMAN#Q09470/XLOC-010401#KCNAS-DROME#P08510/XLOC-009528#DYRK4-HUMAN#Q9NR20/XLOC-002878#LMX1B-XENLA#Q8UVR3/XLOC-021753#KCNA1-HUMAN#Q09470",5
"GO:0045472","GO:0045472","response to ether","3/76","22/6213",0.136363636363636,11.1477272727273,5.30571824129286,0.00229178220038778,0.0280365930263008,0.0234739746336599,"XLOC-010099#KCNA1-HUMAN#Q09470/XLOC-010401#KCNAS-DROME#P08510/XLOC-021753#KCNA1-HUMAN#Q09470",3
"GO:0086003","GO:0086003","cardiac muscle cell contraction","3/76","22/6213",0.136363636363636,11.1477272727273,5.30571824129286,0.00229178220038778,0.0280365930263008,0.0234739746336599,"XLOC-010099#KCNA1-HUMAN#Q09470/XLOC-010401#KCNAS-DROME#P08510/XLOC-021753#KCNA1-HUMAN#Q09470",3
"GO:0055074","GO:0055074","calcium ion homeostasis","7/76","152/6213",0.0460526315789474,3.76480263157895,3.84023891446514,0.0024312017086908,0.0295651493503292,0.0247537767958807,"XLOC-010099#KCNA1-HUMAN#Q09470/XLOC-010031#ACHB4-BOVIN#Q8SPU6/XLOC-010401#KCNAS-DROME#P08510/XLOC-002280#CAC1A-APIME#C9D7C2/XLOC-012495#KCNK3-MOUSE#O35111/XLOC-016422#OX2R-MOUSE#P58308/XLOC-021753#KCNA1-HUMAN#Q09470",7
"GO:0044306","GO:0044306","neuron projection terminus","6/76","113/6213",0.0530973451327434,4.34070796460177,3.988019514271,0.0024623203229389,0.029766393016356,0.02492227047509,"XLOC-010099#KCNA1-HUMAN#Q09470/XLOC-016600#SYT7-MOUSE#Q9R0N7/XLOC-010401#KCNAS-DROME#P08510/XLOC-016422#OX2R-MOUSE#P58308/XLOC-021753#KCNA1-HUMAN#Q09470/XLOC-025964#NEC1-HUMAN#P29120",6
"GO:0034220","GO:0034220","monoatomic ion transmembrane transport","12/76","390/6213",0.0307692307692308,2.51538461538462,3.43974493904042,0.00251086185129602,0.0301746515423398,0.0252640898350219,"XLOC-002415#KCNT1-CHICK#Q8QFV0/XLOC-010099#KCNA1-HUMAN#Q09470/XLOC-010031#ACHB4-BOVIN#Q8SPU6/XLOC-023758#S6A19-RAT#Q2A865/XLOC-014487#KCND1-MOUSE#Q03719/XLOC-010401#KCNAS-DROME#P08510/XLOC-015804#TRPC5-HUMAN#Q9UL62/XLOC-002280#CAC1A-APIME#C9D7C2/XLOC-024225#KCNA1-ONCMY#Q9I829/XLOC-017989#AMT3-CAEEL#Q21565/XLOC-012495#KCNK3-MOUSE#O35111/XLOC-021753#KCNA1-HUMAN#Q09470",12
"GO:0043268","GO:0043268","positive regulation of potassium ion transport","3/76","23/6213",0.130434782608696,10.6630434782609,5.16626863898133,0.00261252454322081,0.0312127932269013,0.0261332864434215,"XLOC-010099#KCNA1-HUMAN#Q09470/XLOC-010401#KCNAS-DROME#P08510/XLOC-021753#KCNA1-HUMAN#Q09470",3
"GO:0090276","GO:0090276","regulation of peptide hormone secretion","6/76","115/6213",0.0521739130434783,4.26521739130435,3.93288972369375,0.00268993924085828,0.0319508480760085,0.0267512317404817,"XLOC-010099#KCNA1-HUMAN#Q09470/XLOC-016600#SYT7-MOUSE#Q9R0N7/XLOC-010401#KCNAS-DROME#P08510/XLOC-002280#CAC1A-APIME#C9D7C2/XLOC-016422#OX2R-MOUSE#P58308/XLOC-021753#KCNA1-HUMAN#Q09470",6
"GO:0042391","GO:0042391","regulation of membrane potential","8/76","198/6213",0.0404040404040404,3.3030303030303,3.66487266437833,0.00271665381958336,0.0320816401931145,0.0268607390132216,"XLOC-010099#KCNA1-HUMAN#Q09470/XLOC-010031#ACHB4-BOVIN#Q8SPU6/XLOC-014487#KCND1-MOUSE#Q03719/XLOC-010401#KCNAS-DROME#P08510/XLOC-002280#CAC1A-APIME#C9D7C2/XLOC-012495#KCNK3-MOUSE#O35111/XLOC-021753#KCNA1-HUMAN#Q09470/gene-evm.model.ptg000022l.478#GSH0-HUMAN#P48507",8
"GO:0042753","GO:0042753","positive regulation of circadian rhythm","3/76","24/6213",0.125,10.21875,5.03514376518275,0.00295967094644814,0.0347506192160549,0.0290953737929717,"XLOC-010099#KCNA1-HUMAN#Q09470/XLOC-010401#KCNAS-DROME#P08510/XLOC-021753#KCNA1-HUMAN#Q09470",3
"GO:0030431","GO:0030431","sleep","4/76","50/6213",0.08,6.54,4.3766633378998,0.00311089951310493,0.0361111801435988,0.0302345197894469,"XLOC-010099#KCNA1-HUMAN#Q09470/XLOC-010401#KCNAS-DROME#P08510/XLOC-024225#KCNA1-ONCMY#Q9I829/XLOC-021753#KCNA1-HUMAN#Q09470",4
"GO:0043198","GO:0043198","dendritic shaft","4/76","50/6213",0.08,6.54,4.3766633378998,0.00311089951310493,0.0361111801435988,0.0302345197894469,"XLOC-010099#KCNA1-HUMAN#Q09470/XLOC-010031#ACHB4-BOVIN#Q8SPU6/XLOC-010401#KCNAS-DROME#P08510/XLOC-021753#KCNA1-HUMAN#Q09470",4
"GO:0010817","GO:0010817","regulation of hormone levels","9/76","250/6213",0.036,2.943,3.48943295469167,0.00322650713044258,0.037241548403922,0.0311809342073696,"XLOC-010099#KCNA1-HUMAN#Q09470/XLOC-010031#ACHB4-BOVIN#Q8SPU6/XLOC-016600#SYT7-MOUSE#Q9R0N7/XLOC-011296#FOXL2-ELLLU#Q4VUF1/XLOC-010401#KCNAS-DROME#P08510/XLOC-002280#CAC1A-APIME#C9D7C2/XLOC-016422#OX2R-MOUSE#P58308/XLOC-021753#KCNA1-HUMAN#Q09470/XLOC-025964#NEC1-HUMAN#P29120",9
"GO:0045838","GO:0045838","positive regulation of membrane potential","3/76","25/6213",0.12,9.81,4.91151209942555,0.00333390924057203,0.0382650369578015,0.032037862305911,"XLOC-010099#KCNA1-HUMAN#Q09470/XLOC-010401#KCNAS-DROME#P08510/XLOC-021753#KCNA1-HUMAN#Q09470",3
"GO:0007584","GO:0007584","response to nutrient","7/76","162/6213",0.0432098765432099,3.53240740740741,3.63430995762952,0.00347648460193805,0.0396785365461421,0.0332213318326924,"XLOC-019523#LRP12-HUMAN#Q9Y561/XLOC-010099#KCNA1-HUMAN#Q09470/XLOC-010401#KCNAS-DROME#P08510/XLOC-022211#ARLY-AQUCT#P51464/XLOC-016422#OX2R-MOUSE#P58308/XLOC-021753#KCNA1-HUMAN#Q09470/gene-evm.model.ptg000022l.478#GSH0-HUMAN#P48507",7
"GO:0000981","GO:0000981","DNA-binding transcription factor activity, RNA polymerase II-specific","10/76","303/6213",0.033003300330033,2.6980198019802,3.37221132400322,0.00357449113136898,0.040570474341038,0.0339681174764596,"gene-evm.model.ptg000001l.686#SOX14-DANRE#Q32PP9/XLOC-013651#ETV1-BOVIN#Q2KIC2/XLOC-011296#FOXL2-ELLLU#Q4VUF1/XLOC-013049#PTF1A-DANRE#Q7ZSX3/XLOC-002878#LMX1B-XENLA#Q8UVR3/XLOC-012420#RFX6-DANRE#Q5RJA1/XLOC-000896#ATOH8-HUMAN#Q96SQ7/XLOC-014468#XLOC-014468/XLOC-019829#INS1A-DANRE#Q6P0F9/XLOC-012287#SX19B-DANRE#Q9DDD7",10
"GO:0008200","GO:0008200","ion channel inhibitor activity","3/76","26/6213",0.115384615384615,9.43269230769231,4.79465461527664,0.00373589119171303,0.0412563551603769,0.0345423794397364,"XLOC-010099#KCNA1-HUMAN#Q09470/XLOC-010401#KCNAS-DROME#P08510/XLOC-021753#KCNA1-HUMAN#Q09470",3
"GO:0015459","GO:0015459","potassium channel regulator activity","3/76","26/6213",0.115384615384615,9.43269230769231,4.79465461527664,0.00373589119171303,0.0412563551603769,0.0345423794397364,"XLOC-010099#KCNA1-HUMAN#Q09470/XLOC-010401#KCNAS-DROME#P08510/XLOC-021753#KCNA1-HUMAN#Q09470",3
"GO:0045187","GO:0045187","regulation of circadian sleep/wake cycle, sleep","3/76","26/6213",0.115384615384615,9.43269230769231,4.79465461527664,0.00373589119171303,0.0412563551603769,0.0345423794397364,"XLOC-010099#KCNA1-HUMAN#Q09470/XLOC-010401#KCNAS-DROME#P08510/XLOC-021753#KCNA1-HUMAN#Q09470",3
"GO:0051393","GO:0051393","alpha-actinin binding","3/76","26/6213",0.115384615384615,9.43269230769231,4.79465461527664,0.00373589119171303,0.0412563551603769,0.0345423794397364,"XLOC-010099#KCNA1-HUMAN#Q09470/XLOC-010401#KCNAS-DROME#P08510/XLOC-021753#KCNA1-HUMAN#Q09470",3
"GO:1901379","GO:1901379","regulation of potassium ion transmembrane transport","3/76","26/6213",0.115384615384615,9.43269230769231,4.79465461527664,0.00373589119171303,0.0412563551603769,0.0345423794397364,"XLOC-010099#KCNA1-HUMAN#Q09470/XLOC-010401#KCNAS-DROME#P08510/XLOC-021753#KCNA1-HUMAN#Q09470",3
"GO:0003700","GO:0003700","DNA-binding transcription factor activity","11/76","359/6213",0.0306406685236769,2.50487465181059,3.26862915579044,0.00396729322908894,0.0435762369195091,0.0364847283376883,"gene-evm.model.ptg000001l.686#SOX14-DANRE#Q32PP9/XLOC-013651#ETV1-BOVIN#Q2KIC2/XLOC-011296#FOXL2-ELLLU#Q4VUF1/XLOC-013049#PTF1A-DANRE#Q7ZSX3/XLOC-002878#LMX1B-XENLA#Q8UVR3/XLOC-012420#RFX6-DANRE#Q5RJA1/XLOC-000896#ATOH8-HUMAN#Q96SQ7/XLOC-014468#XLOC-014468/XLOC-022943#NR2E3-MOUSE#Q9QXZ7/XLOC-019829#INS1A-DANRE#Q6P0F9/XLOC-012287#SX19B-DANRE#Q9DDD7",11
"GO:0015276","GO:0015276","ligand-gated monoatomic ion channel activity","4/76","54/6213",0.0740740740740741,6.05555555555555,4.15197875957916,0.00411765468225494,0.0447466410417385,0.037464663262398,"XLOC-010099#KCNA1-HUMAN#Q09470/XLOC-010031#ACHB4-BOVIN#Q8SPU6/XLOC-010401#KCNAS-DROME#P08510/XLOC-021753#KCNA1-HUMAN#Q09470",4
"GO:0022834","GO:0022834","ligand-gated channel activity","4/76","54/6213",0.0740740740740741,6.05555555555555,4.15197875957916,0.00411765468225494,0.0447466410417385,0.037464663262398,"XLOC-010099#KCNA1-HUMAN#Q09470/XLOC-010031#ACHB4-BOVIN#Q8SPU6/XLOC-010401#KCNAS-DROME#P08510/XLOC-021753#KCNA1-HUMAN#Q09470",4
"GO:0016248","GO:0016248","channel inhibitor activity","3/76","27/6213",0.111111111111111,9.08333333333333,4.68394590218495,0.00416623343405704,0.0450349995014738,0.0377060948501403,"XLOC-010099#KCNA1-HUMAN#Q09470/XLOC-010401#KCNAS-DROME#P08510/XLOC-021753#KCNA1-HUMAN#Q09470",3
"GO:0051046","GO:0051046","regulation of secretion","11/76","363/6213",0.0303030303030303,2.47727272727273,3.22760602621738,0.00431591548347048,0.0464074491196325,0.0388551947957868,"XLOC-002415#KCNT1-CHICK#Q8QFV0/XLOC-025955#MCTP1-MOUSE#E9PV86/XLOC-010099#KCNA1-HUMAN#Q09470/XLOC-010031#ACHB4-BOVIN#Q8SPU6/XLOC-016600#SYT7-MOUSE#Q9R0N7/XLOC-011296#FOXL2-ELLLU#Q4VUF1/XLOC-010401#KCNAS-DROME#P08510/XLOC-002280#CAC1A-APIME#C9D7C2/XLOC-016422#OX2R-MOUSE#P58308/XLOC-021753#KCNA1-HUMAN#Q09470/XLOC-025964#NEC1-HUMAN#P29120",11
"GO:0021766","GO:0021766","hippocampus development","4/76","55/6213",0.0727272727272727,5.94545454545455,4.09932333776592,0.00439999366044511,0.0470638065355464,0.0394047379345457,"XLOC-010099#KCNA1-HUMAN#Q09470/XLOC-010401#KCNAS-DROME#P08510/XLOC-002878#LMX1B-XENLA#Q8UVR3/XLOC-021753#KCNA1-HUMAN#Q09470",4
"GO:0050806","GO:0050806","positive regulation of synaptic transmission","5/76","89/6213",0.0561797752808989,4.59269662921348,3.79876490267035,0.00447726277105304,0.0476408741732362,0.0398878947530767,"XLOC-002415#KCNT1-CHICK#Q8QFV0/XLOC-025696#FIBA-APOPA#P19477/XLOC-010031#ACHB4-BOVIN#Q8SPU6/XLOC-016422#OX2R-MOUSE#P58308/XLOC-025588#RGRF1-HUMAN#Q13972",5
"GO:0045931","GO:0045931","positive regulation of mitotic cell cycle","6/76","128/6213",0.046875,3.83203125,3.6026095242051,0.0045761020038325,0.0484402921960094,0.0405572171051422,"XLOC-010929#MIB2-MOUSE#Q8R516/XLOC-010099#KCNA1-HUMAN#Q09470/XLOC-010401#KCNAS-DROME#P08510/XLOC-025584#SMC5-HUMAN#Q8IY18/XLOC-021753#KCNA1-HUMAN#Q09470/XLOC-019829#INS1A-DANRE#Q6P0F9",6
"GO:0048167","GO:0048167","regulation of synaptic plasticity","5/76","90/6213",0.0555555555555556,4.54166666666667,3.76609496622178,0.0046960856598738,0.0494541391913514,0.0414060726928645,"XLOC-025955#MCTP1-MOUSE#E9PV86/XLOC-025696#FIBA-APOPA#P19477/XLOC-010031#ACHB4-BOVIN#Q8SPU6/XLOC-016600#SYT7-MOUSE#Q9R0N7/XLOC-025588#RGRF1-HUMAN#Q13972",5
"GO:0042805","GO:0042805","actinin binding","3/76","29/6213",0.103448275862069,8.45689655172414,4.47885326831601,0.00511429513325955,0.0535820767038423,0.0448622380110486,"XLOC-010099#KCNA1-HUMAN#Q09470/XLOC-010401#KCNAS-DROME#P08510/XLOC-021753#KCNA1-HUMAN#Q09470",3
"GO:0009581","GO:0009581","detection of external stimulus","5/76","93/6213",0.0537634408602151,4.39516129032258,3.67088375400525,0.00539824235899173,0.0562684139766332,0.0471114061942082,"XLOC-015872#DIS1D-DICDI#P02888/XLOC-010099#KCNA1-HUMAN#Q09470/XLOC-010401#KCNAS-DROME#P08510/XLOC-015804#TRPC5-HUMAN#Q9UL62/XLOC-021753#KCNA1-HUMAN#Q09470",5
"GO:0007411","GO:0007411","axon guidance","8/76","222/6213",0.036036036036036,2.94594594594595,3.28550443540542,0.00545095267958153,0.0565294229664217,0.0473299391093774,"gene-evm.model.ptg000001l.686#SOX14-DANRE#Q32PP9/XLOC-013651#ETV1-BOVIN#Q2KIC2/XLOC-025696#FIBA-APOPA#P19477/XLOC-002878#LMX1B-XENLA#Q8UVR3/XLOC-022943#NR2E3-MOUSE#Q9QXZ7/XLOC-019829#INS1A-DANRE#Q6P0F9/gene-evm.model.ptg000004l.40#FA5-MOUSE#O88783/XLOC-012287#SX19B-DANRE#Q9DDD7",8
"GO:0030900","GO:0030900","forebrain development","8/76","223/6213",0.0358744394618834,2.93273542600897,3.27081428229391,0.00559882373598647,0.0576941549515126,0.0483051249690641,"XLOC-025696#FIBA-APOPA#P19477/XLOC-010099#KCNA1-HUMAN#Q09470/XLOC-010401#KCNAS-DROME#P08510/XLOC-002878#LMX1B-XENLA#Q8UVR3/XLOC-016422#OX2R-MOUSE#P58308/XLOC-012420#RFX6-DANRE#Q5RJA1/XLOC-021753#KCNA1-HUMAN#Q09470/XLOC-025964#NEC1-HUMAN#P29120",8
"GO:0055093","GO:0055093","response to hyperoxia","3/76","30/6213",0.1,8.175,4.38356416059252,0.00563308033044971,0.0576941549515126,0.0483051249690641,"XLOC-010099#KCNA1-HUMAN#Q09470/XLOC-010401#KCNAS-DROME#P08510/XLOC-021753#KCNA1-HUMAN#Q09470",3
"GO:0022898","GO:0022898","regulation of transmembrane transporter activity","5/76","94/6213",0.0531914893617021,4.34840425531915,3.64003905556201,0.00564798384253672,0.0576941549515126,0.0483051249690641,"XLOC-010099#KCNA1-HUMAN#Q09470/XLOC-010401#KCNAS-DROME#P08510/XLOC-002280#CAC1A-APIME#C9D7C2/XLOC-021753#KCNA1-HUMAN#Q09470/XLOC-025588#RGRF1-HUMAN#Q13972",5
"GO:0098590","GO:0098590","plasma membrane region","13/76","488/6213",0.0266393442622951,2.17776639344262,3.01596141789395,0.00573441015961052,0.0582855719208173,0.0488002959380314,"XLOC-019523#LRP12-HUMAN#Q9Y561/XLOC-010099#KCNA1-HUMAN#Q09470/XLOC-015788#OTOF-HUMAN#Q9HC10/XLOC-010031#ACHB4-BOVIN#Q8SPU6/XLOC-014487#KCND1-MOUSE#Q03719/XLOC-016600#SYT7-MOUSE#Q9R0N7/XLOC-010401#KCNAS-DROME#P08510/XLOC-019533#DMBT1-MOUSE#Q60997/XLOC-000356#DRAM2-MOUSE#Q9CR48/XLOC-012495#KCNK3-MOUSE#O35111/gene-evm.model.ptg000001l.946#AQP9-HUMAN#O43315/XLOC-021753#KCNA1-HUMAN#Q09470/XLOC-025588#RGRF1-HUMAN#Q13972",13
"GO:0009582","GO:0009582","detection of abiotic stimulus","5/76","95/6213",0.0526315789473684,4.30263157894737,3.60962140676616,0.00590579835524419,0.0597304259394252,0.0500100173385712,"XLOC-015872#DIS1D-DICDI#P02888/XLOC-010099#KCNA1-HUMAN#Q09470/XLOC-010401#KCNAS-DROME#P08510/XLOC-015804#TRPC5-HUMAN#Q9UL62/XLOC-021753#KCNA1-HUMAN#Q09470",5
"GO:0035150","GO:0035150","regulation of tube size","5/76","96/6213",0.0520833333333333,4.2578125,3.5796199482649,0.0061718218960165,0.0603837374168814,0.0505570102287308,"XLOC-010099#KCNA1-HUMAN#Q09470/XLOC-010401#KCNAS-DROME#P08510/gene-evm.model.ptg000031l.486#ELAV2-XENTR#Q28GD4/XLOC-021753#KCNA1-HUMAN#Q09470/gene-evm.model.ptg000022l.478#GSH0-HUMAN#P48507",5
"GO:0021587","GO:0021587","cerebellum morphogenesis","3/76","31/6213",0.0967741935483871,7.91129032258065,4.29259525670865,0.00618235903614594,0.0603837374168814,0.0505570102287308,"XLOC-002280#CAC1A-APIME#C9D7C2/XLOC-002878#LMX1B-XENLA#Q8UVR3/XLOC-012420#RFX6-DANRE#Q5RJA1",3
"GO:0021602","GO:0021602","cranial nerve morphogenesis","3/76","31/6213",0.0967741935483871,7.91129032258065,4.29259525670865,0.00618235903614594,0.0603837374168814,0.0505570102287308,"XLOC-010099#KCNA1-HUMAN#Q09470/XLOC-010401#KCNAS-DROME#P08510/XLOC-021753#KCNA1-HUMAN#Q09470",3
"GO:0071870","GO:0071870","cellular response to catecholamine stimulus","3/76","31/6213",0.0967741935483871,7.91129032258065,4.29259525670865,0.00618235903614594,0.0603837374168814,0.0505570102287308,"XLOC-010099#KCNA1-HUMAN#Q09470/XLOC-010401#KCNAS-DROME#P08510/XLOC-021753#KCNA1-HUMAN#Q09470",3
"GO:0045121","GO:0045121","membrane raft","7/76","180/6213",0.0388888888888889,3.17916666666667,3.30144825724418,0.00618532251251455,0.0603837374168814,0.0505570102287308,"XLOC-025696#FIBA-APOPA#P19477/XLOC-010099#KCNA1-HUMAN#Q09470/XLOC-010031#ACHB4-BOVIN#Q8SPU6/XLOC-014487#KCND1-MOUSE#Q03719/XLOC-010401#KCNAS-DROME#P08510/XLOC-019533#DMBT1-MOUSE#Q60997/XLOC-021753#KCNA1-HUMAN#Q09470",7
"GO:0098857","GO:0098857","membrane microdomain","7/76","180/6213",0.0388888888888889,3.17916666666667,3.30144825724418,0.00618532251251455,0.0603837374168814,0.0505570102287308,"XLOC-025696#FIBA-APOPA#P19477/XLOC-010099#KCNA1-HUMAN#Q09470/XLOC-010031#ACHB4-BOVIN#Q8SPU6/XLOC-014487#KCND1-MOUSE#Q03719/XLOC-010401#KCNAS-DROME#P08510/XLOC-019533#DMBT1-MOUSE#Q60997/XLOC-021753#KCNA1-HUMAN#Q09470",7
"GO:0047372","GO:0047372","monoacylglycerol lipase activity","2/76","10/6213",0.2,16.35,5.40570009031754,0.00623640166175329,0.0603837374168814,0.0505570102287308,"XLOC-019525#ABD12-DANRE#Q08C93/gene-evm.model.ptg000031l.539#LIPP-ICTTR#O88354",2
"GO:0048791","GO:0048791","calcium ion-regulated exocytosis of neurotransmitter","2/76","10/6213",0.2,16.35,5.40570009031754,0.00623640166175329,0.0603837374168814,0.0505570102287308,"XLOC-016600#SYT7-MOUSE#Q9R0N7/XLOC-002280#CAC1A-APIME#C9D7C2",2
"GO:0060065","GO:0060065","uterus development","2/76","10/6213",0.2,16.35,5.40570009031754,0.00623640166175329,0.0603837374168814,0.0505570102287308,"XLOC-011296#FOXL2-ELLLU#Q4VUF1/XLOC-002878#LMX1B-XENLA#Q8UVR3",2
"GO:0043197","GO:0043197","dendritic spine","5/76","97/6213",0.0515463917525773,4.2139175257732,3.55002420887998,0.00644618969395827,0.0621205921922488,0.052011212773993,"XLOC-010099#KCNA1-HUMAN#Q09470/XLOC-010031#ACHB4-BOVIN#Q8SPU6/XLOC-014487#KCND1-MOUSE#Q03719/XLOC-010401#KCNAS-DROME#P08510/XLOC-021753#KCNA1-HUMAN#Q09470",5
"GO:0007420","GO:0007420","brain development","12/76","439/6213",0.0273348519362187,2.23462414578588,2.98588512110489,0.00653851167011794,0.0625474842605562,0.0523686332912919,"XLOC-025696#FIBA-APOPA#P19477/XLOC-010099#KCNA1-HUMAN#Q09470/XLOC-013049#PTF1A-DANRE#Q7ZSX3/XLOC-010401#KCNAS-DROME#P08510/XLOC-002280#CAC1A-APIME#C9D7C2/XLOC-002878#LMX1B-XENLA#Q8UVR3/XLOC-012495#KCNK3-MOUSE#O35111/XLOC-016422#OX2R-MOUSE#P58308/XLOC-012420#RFX6-DANRE#Q5RJA1/XLOC-022943#NR2E3-MOUSE#Q9QXZ7/XLOC-021753#KCNA1-HUMAN#Q09470/XLOC-025964#NEC1-HUMAN#P29120",12
"GO:0097485","GO:0097485","neuron projection guidance","8/76","229/6213",0.0349344978165939,2.85589519650655,3.1843430958242,0.00655171886038132,0.0625474842605562,0.0523686332912919,"gene-evm.model.ptg000001l.686#SOX14-DANRE#Q32PP9/XLOC-013651#ETV1-BOVIN#Q2KIC2/XLOC-025696#FIBA-APOPA#P19477/XLOC-002878#LMX1B-XENLA#Q8UVR3/XLOC-022943#NR2E3-MOUSE#Q9QXZ7/XLOC-019829#INS1A-DANRE#Q6P0F9/gene-evm.model.ptg000004l.40#FA5-MOUSE#O88783/XLOC-012287#SX19B-DANRE#Q9DDD7",8
"GO:0044309","GO:0044309","neuron spine","5/76","98/6213",0.0510204081632653,4.17091836734694,3.52082408785762,0.00672903615668274,0.0636022834612405,0.0532517766053614,"XLOC-010099#KCNA1-HUMAN#Q09470/XLOC-010031#ACHB4-BOVIN#Q8SPU6/XLOC-014487#KCND1-MOUSE#Q03719/XLOC-010401#KCNAS-DROME#P08510/XLOC-021753#KCNA1-HUMAN#Q09470",5
"GO:0071868","GO:0071868","cellular response to monoamine stimulus","3/76","32/6213",0.09375,7.6640625,4.20561135808806,0.00676258556704236,0.0636022834612405,0.0532517766053614,"XLOC-010099#KCNA1-HUMAN#Q09470/XLOC-010401#KCNAS-DROME#P08510/XLOC-021753#KCNA1-HUMAN#Q09470",3
"GO:0071869","GO:0071869","response to catecholamine","3/76","32/6213",0.09375,7.6640625,4.20561135808806,0.00676258556704236,0.0636022834612405,0.0532517766053614,"XLOC-010099#KCNA1-HUMAN#Q09470/XLOC-010401#KCNAS-DROME#P08510/XLOC-021753#KCNA1-HUMAN#Q09470",3
"GO:0055085","GO:0055085","transmembrane transport","13/76","498/6213",0.0261044176706827,2.13403614457831,2.9361477698151,0.00678673411382791,0.0636022834612405,0.0532517766053614,"XLOC-002415#KCNT1-CHICK#Q8QFV0/XLOC-010099#KCNA1-HUMAN#Q09470/XLOC-010031#ACHB4-BOVIN#Q8SPU6/XLOC-023758#S6A19-RAT#Q2A865/XLOC-014487#KCND1-MOUSE#Q03719/XLOC-010401#KCNAS-DROME#P08510/XLOC-015804#TRPC5-HUMAN#Q9UL62/XLOC-002280#CAC1A-APIME#C9D7C2/XLOC-024225#KCNA1-ONCMY#Q9I829/XLOC-017989#AMT3-CAEEL#Q21565/XLOC-012495#KCNK3-MOUSE#O35111/gene-evm.model.ptg000001l.946#AQP9-HUMAN#O43315/XLOC-021753#KCNA1-HUMAN#Q09470",13
"GO:0005509","GO:0005509","calcium ion binding","6/76","140/6213",0.0428571428571429,3.50357142857143,3.33400941514764,0.00705493131664797,0.0658138113237982,0.0551034049005189,"gene-evm.model.ptg000031l.539#LIPP-ICTTR#O88354/XLOC-025955#MCTP1-MOUSE#E9PV86/XLOC-019965#SYT14-HUMAN#Q8NB59/XLOC-015788#OTOF-HUMAN#Q9HC10/XLOC-019642#CALM-MACPY#Q40302/XLOC-016600#SYT7-MOUSE#Q9R0N7",6
"GO:0016247","GO:0016247","channel regulator activity","4/76","63/6213",0.0634920634920635,5.19047619047619,3.71997954879122,0.0071408891601958,0.0663128934285456,0.0555212673938669,"XLOC-010099#KCNA1-HUMAN#Q09470/XLOC-010031#ACHB4-BOVIN#Q8SPU6/XLOC-010401#KCNAS-DROME#P08510/XLOC-021753#KCNA1-HUMAN#Q09470",4
"GO:0014704","GO:0014704","intercalated disc","3/76","33/6213",0.0909090909090909,7.43181818181818,4.12231286279794,0.00737418432033413,0.0672565114573332,0.0563113229348823,"XLOC-010099#KCNA1-HUMAN#Q09470/XLOC-010401#KCNAS-DROME#P08510/XLOC-021753#KCNA1-HUMAN#Q09470",3
"GO:0019894","GO:0019894","kinesin binding","3/76","33/6213",0.0909090909090909,7.43181818181818,4.12231286279794,0.00737418432033413,0.0672565114573332,0.0563113229348823,"XLOC-010099#KCNA1-HUMAN#Q09470/XLOC-010401#KCNAS-DROME#P08510/XLOC-021753#KCNA1-HUMAN#Q09470",3
"GO:0042562","GO:0042562","hormone binding","3/76","33/6213",0.0909090909090909,7.43181818181818,4.12231286279794,0.00737418432033413,0.0672565114573332,0.0563113229348823,"XLOC-010031#ACHB4-BOVIN#Q8SPU6/XLOC-016422#OX2R-MOUSE#P58308/XLOC-025964#NEC1-HUMAN#P29120",3
"GO:0097718","GO:0097718","disordered domain specific binding","3/76","33/6213",0.0909090909090909,7.43181818181818,4.12231286279794,0.00737418432033413,0.0672565114573332,0.0563113229348823,"XLOC-010099#KCNA1-HUMAN#Q09470/XLOC-010401#KCNAS-DROME#P08510/XLOC-021753#KCNA1-HUMAN#Q09470",3
"GO:0000900","GO:0000900","mRNA regulatory element binding translation repressor activity","2/76","11/6213",0.181818181818182,14.8636363636364,5.12096819060057,0.00756215588883197,0.0677608968459812,0.0567336256664449,"gene-evm.model.ptg000031l.486#ELAV2-XENTR#Q28GD4/XLOC-026511#CPEB4-DANRE#Q7SXN4",2
"GO:0048884","GO:0048884","neuromast development","2/76","11/6213",0.181818181818182,14.8636363636364,5.12096819060057,0.00756215588883197,0.0677608968459812,0.0567336256664449,"XLOC-019525#ABD12-DANRE#Q08C93/XLOC-019829#INS1A-DANRE#Q6P0F9",2
"GO:0061074","GO:0061074","regulation of neural retina development","2/76","11/6213",0.181818181818182,14.8636363636364,5.12096819060057,0.00756215588883197,0.0677608968459812,0.0567336256664449,"XLOC-013049#PTF1A-DANRE#Q7ZSX3/XLOC-000896#ATOH8-HUMAN#Q96SQ7",2
"GO:1902866","GO:1902866","regulation of retina development in camera-type eye","2/76","11/6213",0.181818181818182,14.8636363636364,5.12096819060057,0.00756215588883197,0.0677608968459812,0.0567336256664449,"XLOC-013049#PTF1A-DANRE#Q7ZSX3/XLOC-000896#ATOH8-HUMAN#Q96SQ7",2
"GO:0005788","GO:0005788","endoplasmic reticulum lumen","5/76","101/6213",0.0495049504950495,4.0470297029703,3.43550163809718,0.00762977822921283,0.0677723344447035,0.056743201933505,"gene-evm.model.ptg000022l.266#FCN1-MOUSE#O70165/XLOC-009392#FKB14-HUMAN#Q9NWM8/XLOC-027115#TXD12-EPICO#H9D1R1/XLOC-025964#NEC1-HUMAN#P29120/XLOC-025644#PPIB-MOUSE#P24369",5
"GO:0050796","GO:0050796","regulation of insulin secretion","5/76","101/6213",0.0495049504950495,4.0470297029703,3.43550163809718,0.00762977822921283,0.0677723344447035,0.056743201933505,"XLOC-010099#KCNA1-HUMAN#Q09470/XLOC-016600#SYT7-MOUSE#Q9R0N7/XLOC-010401#KCNAS-DROME#P08510/XLOC-002280#CAC1A-APIME#C9D7C2/XLOC-021753#KCNA1-HUMAN#Q09470",5
"GO:0009583","GO:0009583","detection of light stimulus","4/76","65/6213",0.0615384615384615,5.03076923076923,3.63514837130159,0.00796907717340383,0.0698747839710902,0.0585035030801049,"XLOC-015872#DIS1D-DICDI#P02888/XLOC-010099#KCNA1-HUMAN#Q09470/XLOC-010401#KCNAS-DROME#P08510/XLOC-021753#KCNA1-HUMAN#Q09470",4
"GO:0021549","GO:0021549","cerebellum development","4/76","65/6213",0.0615384615384615,5.03076923076923,3.63514837130159,0.00796907717340383,0.0698747839710902,0.0585035030801049,"XLOC-013049#PTF1A-DANRE#Q7ZSX3/XLOC-002280#CAC1A-APIME#C9D7C2/XLOC-002878#LMX1B-XENLA#Q8UVR3/XLOC-012420#RFX6-DANRE#Q5RJA1",4
"GO:0048593","GO:0048593","camera-type eye morphogenesis","4/76","65/6213",0.0615384615384615,5.03076923076923,3.63514837130159,0.00796907717340383,0.0698747839710902,0.0585035030801049,"XLOC-015872#DIS1D-DICDI#P02888/XLOC-019525#ABD12-DANRE#Q08C93/XLOC-013049#PTF1A-DANRE#Q7ZSX3/XLOC-019829#INS1A-DANRE#Q6P0F9",4
"GO:0045202","GO:0045202","synapse","12/76","453/6213",0.0264900662251656,2.16556291390728,2.86693626242876,0.00834090766112639,0.0728225399644496,0.0609715472304561,"XLOC-025955#MCTP1-MOUSE#E9PV86/XLOC-010099#KCNA1-HUMAN#Q09470/XLOC-015788#OTOF-HUMAN#Q9HC10/XLOC-010031#ACHB4-BOVIN#Q8SPU6/XLOC-014487#KCND1-MOUSE#Q03719/XLOC-016600#SYT7-MOUSE#Q9R0N7/XLOC-010401#KCNAS-DROME#P08510/XLOC-012495#KCNK3-MOUSE#O35111/XLOC-016422#OX2R-MOUSE#P58308/XLOC-021753#KCNA1-HUMAN#Q09470/XLOC-016437#UBP14-PANTR#P60051/XLOC-025964#NEC1-HUMAN#P29120",12
"GO:0016324","GO:0016324","apical plasma membrane","7/76","191/6213",0.0366492146596859,2.99607329842932,3.11793639290249,0.00847963848248833,0.0737187294456326,0.0617218926496911,"XLOC-019523#LRP12-HUMAN#Q9Y561/XLOC-010099#KCNA1-HUMAN#Q09470/XLOC-010031#ACHB4-BOVIN#Q8SPU6/XLOC-010401#KCNAS-DROME#P08510/XLOC-019533#DMBT1-MOUSE#Q60997/XLOC-000356#DRAM2-MOUSE#Q9CR48/XLOC-021753#KCNA1-HUMAN#Q09470",7
"GO:0036296","GO:0036296","response to increased oxygen levels","3/76","35/6213",0.0857142857142857,7.00714285714286,3.96572402499984,0.00869305131664198,0.0743092210874458,0.0622162888770897,"XLOC-010099#KCNA1-HUMAN#Q09470/XLOC-010401#KCNAS-DROME#P08510/XLOC-021753#KCNA1-HUMAN#Q09470",3
"GO:0042749","GO:0042749","regulation of circadian sleep/wake cycle","3/76","35/6213",0.0857142857142857,7.00714285714286,3.96572402499984,0.00869305131664198,0.0743092210874458,0.0622162888770897,"XLOC-010099#KCNA1-HUMAN#Q09470/XLOC-010401#KCNAS-DROME#P08510/XLOC-021753#KCNA1-HUMAN#Q09470",3
"GO:0045840","GO:0045840","positive regulation of mitotic nuclear division","3/76","35/6213",0.0857142857142857,7.00714285714286,3.96572402499984,0.00869305131664198,0.0743092210874458,0.0622162888770897,"XLOC-010929#MIB2-MOUSE#Q8R516/XLOC-025584#SMC5-HUMAN#Q8IY18/XLOC-019829#INS1A-DANRE#Q6P0F9",3
"GO:2001259","GO:2001259","positive regulation of cation channel activity","3/76","35/6213",0.0857142857142857,7.00714285714286,3.96572402499984,0.00869305131664198,0.0743092210874458,0.0622162888770897,"XLOC-010099#KCNA1-HUMAN#Q09470/XLOC-010401#KCNAS-DROME#P08510/XLOC-021753#KCNA1-HUMAN#Q09470",3
"GO:0048916","GO:0048916","posterior lateral line development","2/76","12/6213",0.166666666666667,13.625,4.87119597469121,0.0090030852815911,0.0766387634595442,0.0641667262394102,"XLOC-019525#ABD12-DANRE#Q08C93/XLOC-019829#INS1A-DANRE#Q6P0F9",2
"GO:0071867","GO:0071867","response to monoamine","3/76","36/6213",0.0833333333333333,6.8125,3.89197349188349,0.00940102594578491,0.0796941743038945,0.0667249057082353,"XLOC-010099#KCNA1-HUMAN#Q09470/XLOC-010401#KCNAS-DROME#P08510/XLOC-021753#KCNA1-HUMAN#Q09470",3
"GO:0005262","GO:0005262","calcium channel activity","3/76","37/6213",0.0810810810810811,6.62837837837838,3.8209817413595,0.0101417871039065,0.0845700859317593,0.0708073213484344,"XLOC-010031#ACHB4-BOVIN#Q8SPU6/XLOC-015804#TRPC5-HUMAN#Q9UL62/XLOC-002280#CAC1A-APIME#C9D7C2",3
"GO:0021575","GO:0021575","hindbrain morphogenesis","3/76","37/6213",0.0810810810810811,6.62837837837838,3.8209817413595,0.0101417871039065,0.0845700859317593,0.0708073213484344,"XLOC-002280#CAC1A-APIME#C9D7C2/XLOC-002878#LMX1B-XENLA#Q8UVR3/XLOC-012420#RFX6-DANRE#Q5RJA1",3
"GO:0060048","GO:0060048","cardiac muscle contraction","3/76","37/6213",0.0810810810810811,6.62837837837838,3.8209817413595,0.0101417871039065,0.0845700859317593,0.0708073213484344,"XLOC-010099#KCNA1-HUMAN#Q09470/XLOC-010401#KCNAS-DROME#P08510/XLOC-021753#KCNA1-HUMAN#Q09470",3
"GO:1900087","GO:1900087","positive regulation of G1/S transition of mitotic cell cycle","3/76","37/6213",0.0810810810810811,6.62837837837838,3.8209817413595,0.0101417871039065,0.0845700859317593,0.0708073213484344,"XLOC-010099#KCNA1-HUMAN#Q09470/XLOC-010401#KCNAS-DROME#P08510/XLOC-021753#KCNA1-HUMAN#Q09470",3
"GO:0022037","GO:0022037","metencephalon development","4/76","70/6213",0.0571428571428571,4.67142857142857,3.43746514866627,0.0103096740618604,0.0856205858064261,0.0716868650000991,"XLOC-013049#PTF1A-DANRE#Q7ZSX3/XLOC-002280#CAC1A-APIME#C9D7C2/XLOC-002878#LMX1B-XENLA#Q8UVR3/XLOC-012420#RFX6-DANRE#Q5RJA1",4
"GO:0006937","GO:0006937","regulation of muscle contraction","4/76","71/6213",0.0563380281690141,4.6056338028169,3.40016774286341,0.0108257692782774,0.0895426989292338,0.0749707013731123,"XLOC-010099#KCNA1-HUMAN#Q09470/XLOC-010401#KCNAS-DROME#P08510/XLOC-012495#KCNK3-MOUSE#O35111/XLOC-021753#KCNA1-HUMAN#Q09470",4
"GO:0031490","GO:0031490","chromatin DNA binding","3/76","38/6213",0.0789473684210526,6.45394736842105,3.75256927164508,0.0109156213834985,0.0899218326068043,0.075288135603502,"gene-evm.model.ptg000001l.686#SOX14-DANRE#Q32PP9/XLOC-019829#INS1A-DANRE#Q6P0F9/XLOC-012287#SX19B-DANRE#Q9DDD7",3
"GO:0060322","GO:0060322","head development","12/76","470/6213",0.025531914893617,2.08723404255319,2.7280166777368,0.0110341981769827,0.090533601909942,0.075800346808695,"XLOC-025696#FIBA-APOPA#P19477/XLOC-010099#KCNA1-HUMAN#Q09470/XLOC-013049#PTF1A-DANRE#Q7ZSX3/XLOC-010401#KCNAS-DROME#P08510/XLOC-002280#CAC1A-APIME#C9D7C2/XLOC-002878#LMX1B-XENLA#Q8UVR3/XLOC-012495#KCNK3-MOUSE#O35111/XLOC-016422#OX2R-MOUSE#P58308/XLOC-012420#RFX6-DANRE#Q5RJA1/XLOC-022943#NR2E3-MOUSE#Q9QXZ7/XLOC-021753#KCNA1-HUMAN#Q09470/XLOC-025964#NEC1-HUMAN#P29120",12
"GO:0007405","GO:0007405","neuroblast proliferation","4/76","72/6213",0.0555555555555556,4.54166666666667,3.3635573854492,0.0113583165310866,0.0922197307456501,0.0772120784510299,"XLOC-010099#KCNA1-HUMAN#Q09470/XLOC-010401#KCNAS-DROME#P08510/XLOC-021753#KCNA1-HUMAN#Q09470/XLOC-019829#INS1A-DANRE#Q6P0F9",4
"GO:0021761","GO:0021761","limbic system development","4/76","72/6213",0.0555555555555556,4.54166666666667,3.3635573854492,0.0113583165310866,0.0922197307456501,0.0772120784510299,"XLOC-010099#KCNA1-HUMAN#Q09470/XLOC-010401#KCNAS-DROME#P08510/XLOC-002878#LMX1B-XENLA#Q8UVR3/XLOC-021753#KCNA1-HUMAN#Q09470",4
"GO:0021537","GO:0021537","telencephalon development","6/76","155/6213",0.0387096774193548,3.16451612903226,3.03673223094418,0.0113751209730317,0.0922197307456501,0.0772120784510299,"XLOC-025696#FIBA-APOPA#P19477/XLOC-010099#KCNA1-HUMAN#Q09470/XLOC-010401#KCNAS-DROME#P08510/XLOC-002878#LMX1B-XENLA#Q8UVR3/XLOC-012420#RFX6-DANRE#Q5RJA1/XLOC-021753#KCNA1-HUMAN#Q09470",6
"GO:0044291","GO:0044291","cell-cell contact zone","3/76","39/6213",0.0769230769230769,6.28846153846154,3.68657266994154,0.0117227900628267,0.0946626881357905,0.0792574739009504,"XLOC-010099#KCNA1-HUMAN#Q09470/XLOC-010401#KCNAS-DROME#P08510/XLOC-021753#KCNA1-HUMAN#Q09470",3
"GO:0007617","GO:0007617","mating behavior","4/76","73/6213",0.0547945205479452,4.47945205479452,3.32761105939367,0.0119075027042432,0.0950274532217532,0.0795628778552433,"XLOC-010099#KCNA1-HUMAN#Q09470/XLOC-010401#KCNAS-DROME#P08510/gene-evm.model.ptg000031l.486#ELAV2-XENTR#Q28GD4/XLOC-021753#KCNA1-HUMAN#Q09470",4
"GO:0030048","GO:0030048","actin filament-based movement","4/76","73/6213",0.0547945205479452,4.47945205479452,3.32761105939367,0.0119075027042432,0.0950274532217532,0.0795628778552433,"XLOC-010099#KCNA1-HUMAN#Q09470/XLOC-019642#CALM-MACPY#Q40302/XLOC-010401#KCNAS-DROME#P08510/XLOC-021753#KCNA1-HUMAN#Q09470",4
"GO:1901992","GO:1901992","positive regulation of mitotic cell cycle phase transition","4/76","73/6213",0.0547945205479452,4.47945205479452,3.32761105939367,0.0119075027042432,0.0950274532217532,0.0795628778552433,"XLOC-010099#KCNA1-HUMAN#Q09470/XLOC-010401#KCNAS-DROME#P08510/XLOC-021753#KCNA1-HUMAN#Q09470/XLOC-019829#INS1A-DANRE#Q6P0F9",4
"GO:0006309","GO:0006309","apoptotic DNA fragmentation","2/76","14/6213",0.142857142857143,11.6785714285714,4.45103300527256,0.0122187617376158,0.0971320242410473,0.0813249552472895,"gene-evm.model.ptg000012l.875#IMB1-HUMAN#Q14974/XLOC-011296#FOXL2-ELLLU#Q4VUF1",2
"GO:0050954","GO:0050954","sensory perception of mechanical stimulus","5/76","114/6213",0.043859649122807,3.58552631578947,3.10039144206974,0.012513423087509,0.098415200754939,0.0823993102129355,"XLOC-010099#KCNA1-HUMAN#Q09470/XLOC-015788#OTOF-HUMAN#Q9HC10/XLOC-010401#KCNAS-DROME#P08510/XLOC-015804#TRPC5-HUMAN#Q9UL62/XLOC-021753#KCNA1-HUMAN#Q09470",5
"GO:0090257","GO:0090257","regulation of muscle system process","5/76","114/6213",0.043859649122807,3.58552631578947,3.10039144206974,0.012513423087509,0.098415200754939,0.0823993102129355,"XLOC-010099#KCNA1-HUMAN#Q09470/XLOC-010401#KCNAS-DROME#P08510/XLOC-016646#ADK-PHYPA#O49923/XLOC-012495#KCNK3-MOUSE#O35111/XLOC-021753#KCNA1-HUMAN#Q09470",5
"GO:0005615","GO:0005615","extracellular space","9/76","309/6213",0.029126213592233,2.38106796116505,2.77118534533027,0.0125246951523662,0.098415200754939,0.0823993102129355,"XLOC-019523#LRP12-HUMAN#Q9Y561/XLOC-015872#DIS1D-DICDI#P02888/gene-evm.model.ptg000031l.539#LIPP-ICTTR#O88354/XLOC-023724#ANGL7-MOUSE#Q8R1Q3/XLOC-019533#DMBT1-MOUSE#Q60997/XLOC-012520#GPX2-PONPY#Q4AEI0/XLOC-020365#PA2-BOMTE#P82971/XLOC-014256#XLOC-014256/XLOC-025964#NEC1-HUMAN#P29120",9
"GO:0000978","GO:0000978","RNA polymerase II cis-regulatory region sequence-specific DNA binding","6/76","160/6213",0.0375,3.065625,2.94557844805214,0.0131603975227111,0.103014146126049,0.0862498325243215,"XLOC-013651#ETV1-BOVIN#Q2KIC2/XLOC-011296#FOXL2-ELLLU#Q4VUF1/XLOC-013049#PTF1A-DANRE#Q7ZSX3/XLOC-012420#RFX6-DANRE#Q5RJA1/XLOC-000896#ATOH8-HUMAN#Q96SQ7/XLOC-019829#INS1A-DANRE#Q6P0F9",6
"GO:1904062","GO:1904062","regulation of monoatomic cation transmembrane transport","5/76","116/6213",0.0431034482758621,3.52370689655172,3.05319308179696,0.0134171716796876,0.103992208894147,0.0870687273375008,"XLOC-010099#KCNA1-HUMAN#Q09470/XLOC-010401#KCNAS-DROME#P08510/XLOC-002280#CAC1A-APIME#C9D7C2/XLOC-021753#KCNA1-HUMAN#Q09470/XLOC-025588#RGRF1-HUMAN#Q13972",5
"GO:0019229","GO:0019229","regulation of vasoconstriction","3/76","41/6213",0.0731707317073171,5.98170731707317,3.56124322615053,0.0134380534253817,0.103992208894147,0.0870687273375008,"XLOC-010099#KCNA1-HUMAN#Q09470/XLOC-010401#KCNAS-DROME#P08510/XLOC-021753#KCNA1-HUMAN#Q09470",3
"GO:0046928","GO:0046928","regulation of neurotransmitter secretion","3/76","41/6213",0.0731707317073171,5.98170731707317,3.56124322615053,0.0134380534253817,0.103992208894147,0.0870687273375008,"XLOC-002415#KCNT1-CHICK#Q8QFV0/XLOC-025955#MCTP1-MOUSE#E9PV86/XLOC-002280#CAC1A-APIME#C9D7C2",3
"GO:0002791","GO:0002791","regulation of peptide secretion","7/76","210/6213",0.0333333333333333,2.725,2.82982144294543,0.0138432463749829,0.106030796074848,0.0887755589672714,"XLOC-010099#KCNA1-HUMAN#Q09470/XLOC-016600#SYT7-MOUSE#Q9R0N7/XLOC-010401#KCNAS-DROME#P08510/XLOC-002280#CAC1A-APIME#C9D7C2/XLOC-016422#OX2R-MOUSE#P58308/XLOC-021753#KCNA1-HUMAN#Q09470/XLOC-025964#NEC1-HUMAN#P29120",7
"GO:0007063","GO:0007063","regulation of sister chromatid cohesion","2/76","15/6213",0.133333333333333,10.9,4.27168771942602,0.0139877866932929,0.106030796074848,0.0887755589672714,"XLOC-010929#MIB2-MOUSE#Q8R516/XLOC-025584#SMC5-HUMAN#Q8IY18",2
"GO:0046466","GO:0046466","membrane lipid catabolic process","2/76","15/6213",0.133333333333333,10.9,4.27168771942602,0.0139877866932929,0.106030796074848,0.0887755589672714,"gene-evm.model.ptg000031l.539#LIPP-ICTTR#O88354/XLOC-016498#SAP3-MOUSE#Q60648",2
"GO:0048881","GO:0048881","mechanosensory lateral line system development","2/76","15/6213",0.133333333333333,10.9,4.27168771942602,0.0139877866932929,0.106030796074848,0.0887755589672714,"XLOC-019525#ABD12-DANRE#Q08C93/XLOC-019829#INS1A-DANRE#Q6P0F9",2
"GO:0048915","GO:0048915","posterior lateral line system development","2/76","15/6213",0.133333333333333,10.9,4.27168771942602,0.0139877866932929,0.106030796074848,0.0887755589672714,"XLOC-019525#ABD12-DANRE#Q08C93/XLOC-019829#INS1A-DANRE#Q6P0F9",2
"GO:0031667","GO:0031667","response to nutrient levels","10/76","370/6213",0.027027027027027,2.20945945945946,2.66943095625978,0.0140128805385262,0.106030796074848,0.0887755589672714,"XLOC-019523#LRP12-HUMAN#Q9Y561/gene-evm.model.ptg000031l.539#LIPP-ICTTR#O88354/XLOC-010099#KCNA1-HUMAN#Q09470/XLOC-010031#ACHB4-BOVIN#Q8SPU6/XLOC-010401#KCNAS-DROME#P08510/XLOC-022211#ARLY-AQUCT#P51464/XLOC-016422#OX2R-MOUSE#P58308/XLOC-021753#KCNA1-HUMAN#Q09470/XLOC-025964#NEC1-HUMAN#P29120/gene-evm.model.ptg000022l.478#GSH0-HUMAN#P48507",10
"GO:0008284","GO:0008284","positive regulation of cell population proliferation","10/76","372/6213",0.0268817204301075,2.19758064516129,2.65080080214574,0.0145106818033771,0.10939233551402,0.0915900482831144,"XLOC-015229#M3K2-HUMAN#Q9Y2U5/gene-evm.model.ptg000022l.266#FCN1-MOUSE#O70165/XLOC-010099#KCNA1-HUMAN#Q09470/XLOC-010031#ACHB4-BOVIN#Q8SPU6/XLOC-010401#KCNAS-DROME#P08510/XLOC-016646#ADK-PHYPA#O49923/XLOC-016422#OX2R-MOUSE#P58308/XLOC-021753#KCNA1-HUMAN#Q09470/XLOC-025588#RGRF1-HUMAN#Q13972/XLOC-019829#INS1A-DANRE#Q6P0F9",10
"GO:0000987","GO:0000987","cis-regulatory region sequence-specific DNA binding","6/76","164/6213",0.0365853658536585,2.99085365853659,2.87517264198882,0.0147241638416036,0.110593627677927,0.0925958445921278,"XLOC-013651#ETV1-BOVIN#Q2KIC2/XLOC-011296#FOXL2-ELLLU#Q4VUF1/XLOC-013049#PTF1A-DANRE#Q7ZSX3/XLOC-012420#RFX6-DANRE#Q5RJA1/XLOC-000896#ATOH8-HUMAN#Q96SQ7/XLOC-019829#INS1A-DANRE#Q6P0F9",6
"GO:0032279","GO:0032279","asymmetric synapse","5/76","119/6213",0.0420168067226891,3.43487394957983,2.98430493452341,0.0148541740791811,0.111161456570575,0.0930712661602827,"XLOC-010099#KCNA1-HUMAN#Q09470/XLOC-010031#ACHB4-BOVIN#Q8SPU6/XLOC-014487#KCND1-MOUSE#Q03719/XLOC-010401#KCNAS-DROME#P08510/XLOC-021753#KCNA1-HUMAN#Q09470",5
"GO:0003018","GO:0003018","vascular process in circulatory system","4/76","78/6213",0.0512820512820513,4.19230769230769,3.15710641180727,0.0149091911487212,0.111165976338823,0.0930750503905954,"XLOC-010099#KCNA1-HUMAN#Q09470/XLOC-010401#KCNAS-DROME#P08510/XLOC-021753#KCNA1-HUMAN#Q09470/gene-evm.model.ptg000022l.478#GSH0-HUMAN#P48507",4
"GO:0004620","GO:0004620","phospholipase activity","3/76","43/6213",0.0697674418604651,5.70348837209302,3.44394477300821,0.0152891878552099,0.113173227493456,0.0947556455557443,"XLOC-019525#ABD12-DANRE#Q08C93/gene-evm.model.ptg000031l.539#LIPP-ICTTR#O88354/XLOC-020365#PA2-BOMTE#P82971",3
"GO:1902808","GO:1902808","positive regulation of cell cycle G1/S phase transition","3/76","43/6213",0.0697674418604651,5.70348837209302,3.44394477300821,0.0152891878552099,0.113173227493456,0.0947556455557443,"XLOC-010099#KCNA1-HUMAN#Q09470/XLOC-010401#KCNAS-DROME#P08510/XLOC-021753#KCNA1-HUMAN#Q09470",3
"GO:0017046","GO:0017046","peptide hormone binding","2/76","16/6213",0.125,10.21875,4.10852315504836,0.0158605409507548,0.116192343698731,0.0972834369015835,"XLOC-016422#OX2R-MOUSE#P58308/XLOC-025964#NEC1-HUMAN#P29120",2
"GO:0030371","GO:0030371","translation repressor activity","2/76","16/6213",0.125,10.21875,4.10852315504836,0.0158605409507548,0.116192343698731,0.0972834369015835,"gene-evm.model.ptg000031l.486#ELAV2-XENTR#Q28GD4/XLOC-026511#CPEB4-DANRE#Q7SXN4",2
"GO:0098984","GO:0098984","neuron to neuron synapse","5/76","121/6213",0.0413223140495868,3.37809917355372,2.9395926839515,0.0158676768927783,0.116192343698731,0.0972834369015835,"XLOC-010099#KCNA1-HUMAN#Q09470/XLOC-010031#ACHB4-BOVIN#Q8SPU6/XLOC-014487#KCND1-MOUSE#Q03719/XLOC-010401#KCNAS-DROME#P08510/XLOC-021753#KCNA1-HUMAN#Q09470",5
"GO:0042752","GO:0042752","regulation of circadian rhythm","4/76","80/6213",0.05,4.0875,3.09285767534749,0.0162322902255357,0.11825041049219,0.0990065780713646,"XLOC-010099#KCNA1-HUMAN#Q09470/XLOC-010401#KCNAS-DROME#P08510/XLOC-022943#NR2E3-MOUSE#Q9QXZ7/XLOC-021753#KCNA1-HUMAN#Q09470",4
"GO:0021545","GO:0021545","cranial nerve development","3/76","44/6213",0.0681818181818182,5.57386363636364,3.3880251357595,0.0162661107896868,0.11825041049219,0.0990065780713646,"XLOC-010099#KCNA1-HUMAN#Q09470/XLOC-010401#KCNAS-DROME#P08510/XLOC-021753#KCNA1-HUMAN#Q09470",3
"GO:0009986","GO:0009986","cell surface","7/76","217/6213",0.032258064516129,2.63709677419355,2.73160479006651,0.016329360639641,0.11825041049219,0.0990065780713646,"XLOC-019523#LRP12-HUMAN#Q9Y561/XLOC-025696#FIBA-APOPA#P19477/XLOC-010099#KCNA1-HUMAN#Q09470/XLOC-010031#ACHB4-BOVIN#Q8SPU6/XLOC-010401#KCNAS-DROME#P08510/XLOC-021753#KCNA1-HUMAN#Q09470/XLOC-016437#UBP14-PANTR#P60051",7
"GO:0045177","GO:0045177","apical part of cell","8/76","269/6213",0.0297397769516729,2.43122676579926,2.67048195168245,0.0163802575473762,0.11825041049219,0.0990065780713646,"XLOC-019523#LRP12-HUMAN#Q9Y561/XLOC-010099#KCNA1-HUMAN#Q09470/XLOC-015788#OTOF-HUMAN#Q9HC10/XLOC-010031#ACHB4-BOVIN#Q8SPU6/XLOC-010401#KCNAS-DROME#P08510/XLOC-019533#DMBT1-MOUSE#Q60997/XLOC-000356#DRAM2-MOUSE#Q9CR48/XLOC-021753#KCNA1-HUMAN#Q09470",8
"GO:0000302","GO:0000302","response to reactive oxygen species","5/76","123/6213",0.040650406504065,3.32317073170732,2.89580620962831,0.0169265431761787,0.121763829961032,0.101948230768311,"XLOC-010099#KCNA1-HUMAN#Q09470/XLOC-010401#KCNAS-DROME#P08510/XLOC-010449#GCY8E-DROME#Q8INF0/XLOC-012520#GPX2-PONPY#Q4AEI0/XLOC-021753#KCNA1-HUMAN#Q09470",5
"GO:0048511","GO:0048511","rhythmic process","5/76","124/6213",0.0403225806451613,3.29637096774194,2.87424881624521,0.0174732365725214,0.125255516904075,0.104871687646712,"XLOC-010031#ACHB4-BOVIN#Q8SPU6/XLOC-014487#KCND1-MOUSE#Q03719/XLOC-016646#ADK-PHYPA#O49923/XLOC-016422#OX2R-MOUSE#P58308/XLOC-022943#NR2E3-MOUSE#Q9QXZ7",5
"GO:0043010","GO:0043010","camera-type eye development","6/76","171/6213",0.0350877192982456,2.86842105263158,2.7569373992602,0.0177658552871909,0.126434006336926,0.10585839209496,"XLOC-015872#DIS1D-DICDI#P02888/XLOC-019525#ABD12-DANRE#Q08C93/XLOC-011296#FOXL2-ELLLU#Q4VUF1/XLOC-013049#PTF1A-DANRE#Q7ZSX3/XLOC-002878#LMX1B-XENLA#Q8UVR3/XLOC-019829#INS1A-DANRE#Q6P0F9",6
"GO:0009395","GO:0009395","phospholipid catabolic process","2/76","17/6213",0.117647058823529,9.61764705882353,3.959149647563,0.0178342915730456,0.126434006336926,0.10585839209496,"XLOC-019525#ABD12-DANRE#Q08C93/gene-evm.model.ptg000031l.539#LIPP-ICTTR#O88354",2
"GO:0062033","GO:0062033","positive regulation of mitotic sister chromatid segregation","2/76","17/6213",0.117647058823529,9.61764705882353,3.959149647563,0.0178342915730456,0.126434006336926,0.10585839209496,"XLOC-010929#MIB2-MOUSE#Q8R516/XLOC-025584#SMC5-HUMAN#Q8IY18",2
"GO:0000977","GO:0000977","RNA polymerase II transcription regulatory region sequence-specific DNA binding","7/76","221/6213",0.0316742081447964,2.5893665158371,2.6771872729671,0.0178851824921055,0.126434006336926,0.10585839209496,"XLOC-013651#ETV1-BOVIN#Q2KIC2/XLOC-011296#FOXL2-ELLLU#Q4VUF1/XLOC-013049#PTF1A-DANRE#Q7ZSX3/XLOC-002878#LMX1B-XENLA#Q8UVR3/XLOC-012420#RFX6-DANRE#Q5RJA1/XLOC-000896#ATOH8-HUMAN#Q96SQ7/XLOC-019829#INS1A-DANRE#Q6P0F9",7
"GO:1901989","GO:1901989","positive regulation of cell cycle phase transition","4/76","83/6213",0.0481927710843374,3.93975903614458,3.00030220325382,0.0183518517215455,0.129285631265922,0.108245949355758,"XLOC-010099#KCNA1-HUMAN#Q09470/XLOC-010401#KCNAS-DROME#P08510/XLOC-021753#KCNA1-HUMAN#Q09470/XLOC-019829#INS1A-DANRE#Q6P0F9",4
"GO:0042277","GO:0042277","peptide binding","5/76","126/6213",0.0396825396825397,3.24404761904762,2.83178416033617,0.0186016258387541,0.130594919548366,0.109342166713602,"gene-evm.model.ptg000012l.875#IMB1-HUMAN#Q14974/XLOC-010031#ACHB4-BOVIN#Q8SPU6/XLOC-016422#OX2R-MOUSE#P58308/XLOC-025964#NEC1-HUMAN#P29120/XLOC-025644#PPIB-MOUSE#P24369",5
"GO:0032414","GO:0032414","positive regulation of ion transmembrane transporter activity","3/76","47/6213",0.0638297872340425,5.21808510638298,3.23003304076026,0.0194037287014873,0.134664517013767,0.112749486125858,"XLOC-010099#KCNA1-HUMAN#Q09470/XLOC-010401#KCNAS-DROME#P08510/XLOC-021753#KCNA1-HUMAN#Q09470",3
"GO:0071260","GO:0071260","cellular response to mechanical stimulus","3/76","47/6213",0.0638297872340425,5.21808510638298,3.23003304076026,0.0194037287014873,0.134664517013767,0.112749486125858,"XLOC-015229#M3K2-HUMAN#Q9Y2U5/XLOC-014487#KCND1-MOUSE#Q03719/XLOC-015804#TRPC5-HUMAN#Q9UL62",3
"GO:0007618","GO:0007618","mating","4/76","85/6213",0.0470588235294118,3.84705882352941,2.94097263033541,0.0198563943453727,0.134664517013767,0.112749486125858,"XLOC-010099#KCNA1-HUMAN#Q09470/XLOC-010401#KCNAS-DROME#P08510/gene-evm.model.ptg000031l.486#ELAV2-XENTR#Q28GD4/XLOC-021753#KCNA1-HUMAN#Q09470",4
"GO:0006968","GO:0006968","cellular defense response","2/76","18/6213",0.111111111111111,9.08333333333333,3.82164677140073,0.01990635542739,0.134664517013767,0.112749486125858,"gene-evm.model.ptg000031l.539#LIPP-ICTTR#O88354/XLOC-019533#DMBT1-MOUSE#Q60997",2
"GO:0009713","GO:0009713","catechol-containing compound biosynthetic process","2/76","18/6213",0.111111111111111,9.08333333333333,3.82164677140073,0.01990635542739,0.134664517013767,0.112749486125858,"XLOC-010031#ACHB4-BOVIN#Q8SPU6/XLOC-019829#INS1A-DANRE#Q6P0F9",2
"GO:0021696","GO:0021696","cerebellar cortex morphogenesis","2/76","18/6213",0.111111111111111,9.08333333333333,3.82164677140073,0.01990635542739,0.134664517013767,0.112749486125858,"XLOC-002280#CAC1A-APIME#C9D7C2/XLOC-012420#RFX6-DANRE#Q5RJA1",2
"GO:0030262","GO:0030262","apoptotic nuclear changes","2/76","18/6213",0.111111111111111,9.08333333333333,3.82164677140073,0.01990635542739,0.134664517013767,0.112749486125858,"gene-evm.model.ptg000012l.875#IMB1-HUMAN#Q14974/XLOC-011296#FOXL2-ELLLU#Q4VUF1",2
"GO:0032094","GO:0032094","response to food","2/76","18/6213",0.111111111111111,9.08333333333333,3.82164677140073,0.01990635542739,0.134664517013767,0.112749486125858,"gene-evm.model.ptg000031l.539#LIPP-ICTTR#O88354/XLOC-010031#ACHB4-BOVIN#Q8SPU6",2
"GO:0032222","GO:0032222","regulation of synaptic transmission, cholinergic","2/76","18/6213",0.111111111111111,9.08333333333333,3.82164677140073,0.01990635542739,0.134664517013767,0.112749486125858,"XLOC-010031#ACHB4-BOVIN#Q8SPU6/XLOC-002280#CAC1A-APIME#C9D7C2",2
"GO:0042423","GO:0042423","catecholamine biosynthetic process","2/76","18/6213",0.111111111111111,9.08333333333333,3.82164677140073,0.01990635542739,0.134664517013767,0.112749486125858,"XLOC-010031#ACHB4-BOVIN#Q8SPU6/XLOC-019829#INS1A-DANRE#Q6P0F9",2
"GO:0060291","GO:0060291","long-term synaptic potentiation","2/76","18/6213",0.111111111111111,9.08333333333333,3.82164677140073,0.01990635542739,0.134664517013767,0.112749486125858,"XLOC-025696#FIBA-APOPA#P19477/XLOC-025588#RGRF1-HUMAN#Q13972",2
"GO:0043269","GO:0043269","regulation of monoatomic ion transport","7/76","227/6213",0.0308370044052863,2.52092511013216,2.59774705071028,0.0204119888785301,0.137442517031595,0.115075400044487,"XLOC-010099#KCNA1-HUMAN#Q09470/XLOC-016600#SYT7-MOUSE#Q9R0N7/XLOC-010401#KCNAS-DROME#P08510/XLOC-002280#CAC1A-APIME#C9D7C2/XLOC-016422#OX2R-MOUSE#P58308/XLOC-021753#KCNA1-HUMAN#Q09470/XLOC-025588#RGRF1-HUMAN#Q13972",7
"GO:0006941","GO:0006941","striated muscle contraction","3/76","48/6213",0.0625,5.109375,3.18034556000243,0.0205188290233169,0.137442517031595,0.115075400044487,"XLOC-010099#KCNA1-HUMAN#Q09470/XLOC-010401#KCNAS-DROME#P08510/XLOC-021753#KCNA1-HUMAN#Q09470",3
"GO:0015085","GO:0015085","calcium ion transmembrane transporter activity","3/76","48/6213",0.0625,5.109375,3.18034556000243,0.0205188290233169,0.137442517031595,0.115075400044487,"XLOC-010031#ACHB4-BOVIN#Q8SPU6/XLOC-015804#TRPC5-HUMAN#Q9UL62/XLOC-002280#CAC1A-APIME#C9D7C2",3
"GO:0030424","GO:0030424","axon","10/76","394/6213",0.0253807106598985,2.0748730964467,2.45315835342713,0.0209062265896707,0.139579806936919,0.116864871717285,"XLOC-002415#KCNT1-CHICK#Q8QFV0/XLOC-010099#KCNA1-HUMAN#Q09470/XLOC-010031#ACHB4-BOVIN#Q8SPU6/XLOC-016600#SYT7-MOUSE#Q9R0N7/XLOC-010401#KCNAS-DROME#P08510/gene-evm.model.ptg000031l.486#ELAV2-XENTR#Q28GD4/XLOC-016422#OX2R-MOUSE#P58308/XLOC-021753#KCNA1-HUMAN#Q09470/XLOC-025588#RGRF1-HUMAN#Q13972/XLOC-025964#NEC1-HUMAN#P29120",10
"GO:0019905","GO:0019905","syntaxin binding","3/76","49/6213",0.0612244897959184,5.00510204081633,3.13202174348921,0.0216686339378349,0.143730581607132,0.120340157720375,"XLOC-019965#SYT14-HUMAN#Q8NB59/XLOC-016600#SYT7-MOUSE#Q9R0N7/XLOC-002280#CAC1A-APIME#C9D7C2",3
"GO:0051785","GO:0051785","positive regulation of nuclear division","3/76","49/6213",0.0612244897959184,5.00510204081633,3.13202174348921,0.0216686339378349,0.143730581607132,0.120340157720375,"XLOC-010929#MIB2-MOUSE#Q8R516/XLOC-025584#SMC5-HUMAN#Q8IY18/XLOC-019829#INS1A-DANRE#Q6P0F9",3
"GO:0001786","GO:0001786","phosphatidylserine binding","2/76","19/6213",0.105263157894737,8.60526315789474,3.69445094305166,0.0220740984017427,0.144081095957701,0.120633630075103,"XLOC-015872#DIS1D-DICDI#P02888/XLOC-016600#SYT7-MOUSE#Q9R0N7",2
"GO:0006921","GO:0006921","cellular component disassembly involved in execution phase of apoptosis","2/76","19/6213",0.105263157894737,8.60526315789474,3.69445094305166,0.0220740984017427,0.144081095957701,0.120633630075103,"gene-evm.model.ptg000012l.875#IMB1-HUMAN#Q14974/XLOC-011296#FOXL2-ELLLU#Q4VUF1",2
"GO:0046189","GO:0046189","phenol-containing compound biosynthetic process","2/76","19/6213",0.105263157894737,8.60526315789474,3.69445094305166,0.0220740984017427,0.144081095957701,0.120633630075103,"XLOC-010031#ACHB4-BOVIN#Q8SPU6/XLOC-019829#INS1A-DANRE#Q6P0F9",2
"GO:0048882","GO:0048882","lateral line development","2/76","19/6213",0.105263157894737,8.60526315789474,3.69445094305166,0.0220740984017427,0.144081095957701,0.120633630075103,"XLOC-019525#ABD12-DANRE#Q08C93/XLOC-019829#INS1A-DANRE#Q6P0F9",2
"GO:0051968","GO:0051968","positive regulation of synaptic transmission, glutamatergic","2/76","19/6213",0.105263157894737,8.60526315789474,3.69445094305166,0.0220740984017427,0.144081095957701,0.120633630075103,"XLOC-025696#FIBA-APOPA#P19477/XLOC-016422#OX2R-MOUSE#P58308",2
"GO:0090068","GO:0090068","positive regulation of cell cycle process","6/76","180/6213",0.0333333333333333,2.725,2.61338351529463,0.0222805804849002,0.144965687677233,0.12137426512894,"XLOC-010929#MIB2-MOUSE#Q8R516/XLOC-010099#KCNA1-HUMAN#Q09470/XLOC-010401#KCNAS-DROME#P08510/XLOC-025584#SMC5-HUMAN#Q8IY18/XLOC-021753#KCNA1-HUMAN#Q09470/XLOC-019829#INS1A-DANRE#Q6P0F9",6
"GO:0015850","GO:0015850","organic hydroxy compound transport","3/76","50/6213",0.06,4.905,3.08499464521638,0.0228531701777112,0.147283995814082,0.123315296492714,"gene-evm.model.ptg000031l.539#LIPP-ICTTR#O88354/XLOC-016600#SYT7-MOUSE#Q9R0N7/gene-evm.model.ptg000001l.946#AQP9-HUMAN#O43315",3
"GO:0016298","GO:0016298","lipase activity","3/76","50/6213",0.06,4.905,3.08499464521638,0.0228531701777112,0.147283995814082,0.123315296492714,"XLOC-019525#ABD12-DANRE#Q08C93/gene-evm.model.ptg000031l.539#LIPP-ICTTR#O88354/XLOC-020365#PA2-BOMTE#P82971",3
"GO:0060047","GO:0060047","heart contraction","3/76","50/6213",0.06,4.905,3.08499464521638,0.0228531701777112,0.147283995814082,0.123315296492714,"XLOC-010099#KCNA1-HUMAN#Q09470/XLOC-010401#KCNAS-DROME#P08510/XLOC-021753#KCNA1-HUMAN#Q09470",3
"GO:0031099","GO:0031099","regeneration","5/76","133/6213",0.037593984962406,3.07330827067669,2.68956700944318,0.0229280418306485,0.147301853647846,0.123330248178762,"gene-evm.model.ptg000022l.266#FCN1-MOUSE#O70165/gene-evm.model.ptg000031l.486#ELAV2-XENTR#Q28GD4/XLOC-016422#OX2R-MOUSE#P58308/XLOC-022943#NR2E3-MOUSE#Q9QXZ7/XLOC-019829#INS1A-DANRE#Q6P0F9",5
"GO:0008306","GO:0008306","associative learning","4/76","89/6213",0.0449438202247191,3.67415730337079,2.82754041230819,0.0230893651479746,0.147411165616601,0.123421770939009,"XLOC-025696#FIBA-APOPA#P19477/XLOC-010031#ACHB4-BOVIN#Q8SPU6/XLOC-014487#KCND1-MOUSE#Q03719/gene-evm.model.ptg000031l.486#ELAV2-XENTR#Q28GD4",4
"GO:0072089","GO:0072089","stem cell proliferation","4/76","89/6213",0.0449438202247191,3.67415730337079,2.82754041230819,0.0230893651479746,0.147411165616601,0.123421770939009,"XLOC-010099#KCNA1-HUMAN#Q09470/XLOC-010401#KCNAS-DROME#P08510/XLOC-021753#KCNA1-HUMAN#Q09470/XLOC-019829#INS1A-DANRE#Q6P0F9",4
"GO:0050801","GO:0050801","monoatomic ion homeostasis","9/76","344/6213",0.0261627906976744,2.13880813953488,2.41819983458342,0.0236343143485523,0.150420262349198,0.125941173360871,"XLOC-010099#KCNA1-HUMAN#Q09470/XLOC-010031#ACHB4-BOVIN#Q8SPU6/XLOC-010401#KCNAS-DROME#P08510/XLOC-019533#DMBT1-MOUSE#Q60997/XLOC-002280#CAC1A-APIME#C9D7C2/XLOC-012495#KCNK3-MOUSE#O35111/XLOC-016422#OX2R-MOUSE#P58308/XLOC-021753#KCNA1-HUMAN#Q09470/gene-evm.model.ptg000022l.478#GSH0-HUMAN#P48507",9
"GO:0021675","GO:0021675","nerve development","3/76","51/6213",0.0588235294117647,4.80882352941176,3.03920188886009,0.0240724467916518,0.152503900167269,0.127685724178485,"XLOC-010099#KCNA1-HUMAN#Q09470/XLOC-010401#KCNAS-DROME#P08510/XLOC-021753#KCNA1-HUMAN#Q09470",3
"GO:0000976","GO:0000976","transcription cis-regulatory region binding","7/76","235/6213",0.0297872340425532,2.43510638297872,2.49565489487512,0.0241579266326915,0.152503900167269,0.127685724178485,"XLOC-013651#ETV1-BOVIN#Q2KIC2/XLOC-011296#FOXL2-ELLLU#Q4VUF1/XLOC-013049#PTF1A-DANRE#Q7ZSX3/XLOC-002878#LMX1B-XENLA#Q8UVR3/XLOC-012420#RFX6-DANRE#Q5RJA1/XLOC-000896#ATOH8-HUMAN#Q96SQ7/XLOC-019829#INS1A-DANRE#Q6P0F9",7
"GO:0006308","GO:0006308","DNA catabolic process","2/76","20/6213",0.1,8.175,3.57627429588898,0.0243349346326627,0.152503900167269,0.127685724178485,"gene-evm.model.ptg000012l.875#IMB1-HUMAN#Q14974/XLOC-011296#FOXL2-ELLLU#Q4VUF1",2
"GO:0021522","GO:0021522","spinal cord motor neuron differentiation","2/76","20/6213",0.1,8.175,3.57627429588898,0.0243349346326627,0.152503900167269,0.127685724178485,"XLOC-002280#CAC1A-APIME#C9D7C2/XLOC-019829#INS1A-DANRE#Q6P0F9",2
"GO:0048925","GO:0048925","lateral line system development","2/76","20/6213",0.1,8.175,3.57627429588898,0.0243349346326627,0.152503900167269,0.127685724178485,"XLOC-019525#ABD12-DANRE#Q08C93/XLOC-019829#INS1A-DANRE#Q6P0F9",2
"GO:0010038","GO:0010038","response to metal ion","7/76","236/6213",0.0296610169491525,2.42478813559322,2.48318525993557,0.0246575089457662,0.154052876991438,0.128982623649992,"XLOC-010099#KCNA1-HUMAN#Q09470/XLOC-016600#SYT7-MOUSE#Q9R0N7/XLOC-010401#KCNAS-DROME#P08510/XLOC-022211#ARLY-AQUCT#P51464/XLOC-012495#KCNK3-MOUSE#O35111/XLOC-021753#KCNA1-HUMAN#Q09470/XLOC-025964#NEC1-HUMAN#P29120",7
"GO:0051384","GO:0051384","response to glucocorticoid","4/76","91/6213",0.043956043956044,3.59340659340659,2.77325051432916,0.0248194612582639,0.154122064895542,0.129040552054644,"gene-evm.model.ptg000031l.539#LIPP-ICTTR#O88354/XLOC-022211#ARLY-AQUCT#P51464/XLOC-016422#OX2R-MOUSE#P58308/XLOC-025964#NEC1-HUMAN#P29120",4
"GO:0060041","GO:0060041","retina development in camera-type eye","4/76","91/6213",0.043956043956044,3.59340659340659,2.77325051432916,0.0248194612582639,0.154122064895542,0.129040552054644,"XLOC-015872#DIS1D-DICDI#P02888/XLOC-019525#ABD12-DANRE#Q08C93/XLOC-013049#PTF1A-DANRE#Q7ZSX3/XLOC-019829#INS1A-DANRE#Q6P0F9",4
"GO:0099106","GO:0099106","ion channel regulator activity","3/76","52/6213",0.0576923076923077,4.71634615384615,2.99458527268612,0.0253264556955211,0.156793784805908,0.131277481675349,"XLOC-010099#KCNA1-HUMAN#Q09470/XLOC-010401#KCNAS-DROME#P08510/XLOC-021753#KCNA1-HUMAN#Q09470",3
"GO:0006935","GO:0006935","chemotaxis","8/76","293/6213",0.0273037542662116,2.2320819112628,2.40412473308164,0.0259165816377079,0.159962466120354,0.133930498207268,"gene-evm.model.ptg000001l.686#SOX14-DANRE#Q32PP9/XLOC-013651#ETV1-BOVIN#Q2KIC2/XLOC-025696#FIBA-APOPA#P19477/XLOC-002878#LMX1B-XENLA#Q8UVR3/XLOC-022943#NR2E3-MOUSE#Q9QXZ7/XLOC-019829#INS1A-DANRE#Q6P0F9/gene-evm.model.ptg000004l.40#FA5-MOUSE#O88783/XLOC-012287#SX19B-DANRE#Q9DDD7",8
"GO:0034765","GO:0034765","regulation of monoatomic ion transmembrane transport","5/76","138/6213",0.036231884057971,2.96195652173913,2.59358352623588,0.0263891170896389,0.161780900580789,0.135453004324797,"XLOC-010099#KCNA1-HUMAN#Q09470/XLOC-010401#KCNAS-DROME#P08510/XLOC-002280#CAC1A-APIME#C9D7C2/XLOC-021753#KCNA1-HUMAN#Q09470/XLOC-025588#RGRF1-HUMAN#Q13972",5
"GO:1901699","GO:1901699","cellular response to nitrogen compound","9/76","351/6213",0.0256410256410256,2.09615384615385,2.35259202914436,0.0265129789290227,0.161780900580789,0.135453004324797,"XLOC-010099#KCNA1-HUMAN#Q09470/XLOC-010031#ACHB4-BOVIN#Q8SPU6/XLOC-010401#KCNAS-DROME#P08510/XLOC-002280#CAC1A-APIME#C9D7C2/XLOC-022211#ARLY-AQUCT#P51464/XLOC-017989#AMT3-CAEEL#Q21565/XLOC-021753#KCNA1-HUMAN#Q09470/XLOC-025588#RGRF1-HUMAN#Q13972/gene-evm.model.ptg000022l.478#GSH0-HUMAN#P48507",9
"GO:0032411","GO:0032411","positive regulation of transporter activity","3/76","53/6213",0.0566037735849057,4.62735849056604,2.9510904155042,0.0266151722115131,0.161780900580789,0.135453004324797,"XLOC-010099#KCNA1-HUMAN#Q09470/XLOC-010401#KCNAS-DROME#P08510/XLOC-021753#KCNA1-HUMAN#Q09470",3
"GO:0048678","GO:0048678","response to axon injury","3/76","53/6213",0.0566037735849057,4.62735849056604,2.9510904155042,0.0266151722115131,0.161780900580789,0.135453004324797,"gene-evm.model.ptg000022l.266#FCN1-MOUSE#O70165/XLOC-022943#NR2E3-MOUSE#Q9QXZ7/XLOC-025964#NEC1-HUMAN#P29120",3
"GO:0006536","GO:0006536","glutamate metabolic process","2/76","21/6213",0.0952380952380952,7.78571428571428,3.46604503403647,0.0266863257443592,0.161780900580789,0.135453004324797,"XLOC-022211#ARLY-AQUCT#P51464/gene-evm.model.ptg000022l.478#GSH0-HUMAN#P48507",2
"GO:0035293","GO:0035293","chitin-based larval cuticle pattern formation","2/76","21/6213",0.0952380952380952,7.78571428571428,3.46604503403647,0.0266863257443592,0.161780900580789,0.135453004324797,"gene-evm.model.ptg000001l.686#SOX14-DANRE#Q32PP9/XLOC-012287#SX19B-DANRE#Q9DDD7",2
"GO:0060560","GO:0060560","developmental growth involved in morphogenesis","5/76","139/6213",0.0359712230215827,2.94064748201439,2.57490444799633,0.027119396814488,0.163919904414198,0.137243911004494,"gene-evm.model.ptg000022l.266#FCN1-MOUSE#O70165/XLOC-010099#KCNA1-HUMAN#Q09470/XLOC-010401#KCNAS-DROME#P08510/XLOC-022943#NR2E3-MOUSE#Q9QXZ7/XLOC-021753#KCNA1-HUMAN#Q09470",5
"GO:0003690","GO:0003690","double-stranded DNA binding","8/76","296/6213",0.027027027027027,2.20945945945946,2.37263451858774,0.0273358371171232,0.16462659271263,0.137835594279838,"XLOC-013651#ETV1-BOVIN#Q2KIC2/XLOC-011296#FOXL2-ELLLU#Q4VUF1/XLOC-013049#PTF1A-DANRE#Q7ZSX3/XLOC-002878#LMX1B-XENLA#Q8UVR3/XLOC-009548#MSH4-HUMAN#O15457/XLOC-012420#RFX6-DANRE#Q5RJA1/XLOC-000896#ATOH8-HUMAN#Q96SQ7/XLOC-019829#INS1A-DANRE#Q6P0F9",8
"GO:0048489","GO:0048489","synaptic vesicle transport","4/76","94/6213",0.0425531914893617,3.47872340425532,2.6946119140459,0.0275586366655504,0.16462659271263,0.137835594279838,"XLOC-015788#OTOF-HUMAN#Q9HC10/XLOC-016600#SYT7-MOUSE#Q9R0N7/XLOC-002280#CAC1A-APIME#C9D7C2/XLOC-013699#CD5R1-BOVIN#Q28199",4
"GO:0071456","GO:0071456","cellular response to hypoxia","4/76","94/6213",0.0425531914893617,3.47872340425532,2.6946119140459,0.0275586366655504,0.16462659271263,0.137835594279838,"XLOC-023724#ANGL7-MOUSE#Q8R1Q3/XLOC-014487#KCND1-MOUSE#Q03719/XLOC-022211#ARLY-AQUCT#P51464/XLOC-012495#KCNK3-MOUSE#O35111",4
"GO:0097480","GO:0097480","establishment of synaptic vesicle localization","4/76","94/6213",0.0425531914893617,3.47872340425532,2.6946119140459,0.0275586366655504,0.16462659271263,0.137835594279838,"XLOC-015788#OTOF-HUMAN#Q9HC10/XLOC-016600#SYT7-MOUSE#Q9R0N7/XLOC-002280#CAC1A-APIME#C9D7C2/XLOC-013699#CD5R1-BOVIN#Q28199",4
"GO:0003015","GO:0003015","heart process","3/76","54/6213",0.0555555555555556,4.54166666666667,2.90866643871617,0.0279385555955872,0.165444837918216,0.138520679917099,"XLOC-010099#KCNA1-HUMAN#Q09470/XLOC-010401#KCNAS-DROME#P08510/XLOC-021753#KCNA1-HUMAN#Q09470",3
"GO:0010595","GO:0010595","positive regulation of endothelial cell migration","3/76","54/6213",0.0555555555555556,4.54166666666667,2.90866643871617,0.0279385555955872,0.165444837918216,0.138520679917099,"XLOC-015229#M3K2-HUMAN#Q9Y2U5/XLOC-023724#ANGL7-MOUSE#Q8R1Q3/XLOC-000896#ATOH8-HUMAN#Q96SQ7",3
"GO:0048675","GO:0048675","axon extension","3/76","54/6213",0.0555555555555556,4.54166666666667,2.90866643871617,0.0279385555955872,0.165444837918216,0.138520679917099,"XLOC-010099#KCNA1-HUMAN#Q09470/XLOC-010401#KCNAS-DROME#P08510/XLOC-021753#KCNA1-HUMAN#Q09470",3
"GO:0097479","GO:0097479","synaptic vesicle localization","4/76","95/6213",0.0421052631578947,3.44210526315789,2.66910650635777,0.0285104097780914,0.168343257735956,0.140947416761176,"XLOC-015788#OTOF-HUMAN#Q9HC10/XLOC-016600#SYT7-MOUSE#Q9R0N7/XLOC-002280#CAC1A-APIME#C9D7C2/XLOC-013699#CD5R1-BOVIN#Q28199",4
"GO:0010959","GO:0010959","regulation of metal ion transport","5/76","141/6213",0.0354609929078014,2.89893617021277,2.53804021846092,0.0286185667236679,0.168494904370183,0.141074384729138,"XLOC-010099#KCNA1-HUMAN#Q09470/XLOC-010401#KCNAS-DROME#P08510/XLOC-002280#CAC1A-APIME#C9D7C2/XLOC-016422#OX2R-MOUSE#P58308/XLOC-021753#KCNA1-HUMAN#Q09470",5
"GO:0048880","GO:0048880","sensory system development","2/76","22/6213",0.0909090909090909,7.43181818181818,3.36286284946445,0.0291257800987563,0.170988415924595,0.143162107260977,"XLOC-019525#ABD12-DANRE#Q08C93/XLOC-019829#INS1A-DANRE#Q6P0F9",2
"GO:0048520","GO:0048520","positive regulation of behavior","3/76","55/6213",0.0545454545454545,4.45909090909091,2.8672656801837,0.0292965495533838,0.171050809239059,0.143214346813752,"XLOC-010099#KCNA1-HUMAN#Q09470/XLOC-010401#KCNAS-DROME#P08510/XLOC-021753#KCNA1-HUMAN#Q09470",3
"GO:0001228","GO:0001228","DNA-binding transcription activator activity, RNA polymerase II-specific","5/76","142/6213",0.0352112676056338,2.87852112676056,2.51984946820266,0.0293875839661819,0.171050809239059,0.143214346813752,"XLOC-013651#ETV1-BOVIN#Q2KIC2/XLOC-011296#FOXL2-ELLLU#Q4VUF1/XLOC-013049#PTF1A-DANRE#Q7ZSX3/XLOC-002878#LMX1B-XENLA#Q8UVR3/XLOC-012420#RFX6-DANRE#Q5RJA1",5
"GO:0009410","GO:0009410","response to xenobiotic stimulus","5/76","142/6213",0.0352112676056338,2.87852112676056,2.51984946820266,0.0293875839661819,0.171050809239059,0.143214346813752,"XLOC-025584#SMC5-HUMAN#Q8IY18/XLOC-022211#ARLY-AQUCT#P51464/gene-evm.model.ptg000031l.486#ELAV2-XENTR#Q28GD4/XLOC-025588#RGRF1-HUMAN#Q13972/XLOC-025964#NEC1-HUMAN#P29120",5
"GO:0008283","GO:0008283","cell population proliferation","10/76","421/6213",0.0237529691211401,1.94180522565321,2.2270620896447,0.0313441732571524,0.17862621754497,0.149556948507394,"XLOC-010099#KCNA1-HUMAN#Q09470/XLOC-010401#KCNAS-DROME#P08510/gene-evm.model.ptg000031l.486#ELAV2-XENTR#Q28GD4/XLOC-002878#LMX1B-XENLA#Q8UVR3/XLOC-016646#ADK-PHYPA#O49923/XLOC-016422#OX2R-MOUSE#P58308/XLOC-000896#ATOH8-HUMAN#Q96SQ7/XLOC-021753#KCNA1-HUMAN#Q09470/XLOC-025588#RGRF1-HUMAN#Q13972/XLOC-019829#INS1A-DANRE#Q6P0F9",10
"GO:0050708","GO:0050708","regulation of protein secretion","6/76","195/6213",0.0307692307692308,2.51538461538462,2.39253635600575,0.0314311482476168,0.17862621754497,0.149556948507394,"XLOC-010099#KCNA1-HUMAN#Q09470/XLOC-016600#SYT7-MOUSE#Q9R0N7/XLOC-010401#KCNAS-DROME#P08510/XLOC-002280#CAC1A-APIME#C9D7C2/XLOC-021753#KCNA1-HUMAN#Q09470/XLOC-025964#NEC1-HUMAN#P29120",6
"GO:0030027","GO:0030027","lamellipodium","4/76","98/6213",0.0408163265306122,3.33673469387755,2.59458959330457,0.0314827823193978,0.17862621754497,0.149556948507394,"XLOC-008865#PTN13-HUMAN#Q12923/XLOC-010099#KCNA1-HUMAN#Q09470/XLOC-010401#KCNAS-DROME#P08510/XLOC-021753#KCNA1-HUMAN#Q09470",4
"GO:0000413","GO:0000413","protein peptidyl-prolyl isomerization","2/76","23/6213",0.0869565217391304,7.10869565217391,3.26596510135827,0.0316508520564264,0.17862621754497,0.149556948507394,"XLOC-009392#FKB14-HUMAN#Q9NWM8/XLOC-025644#PPIB-MOUSE#P24369",2
"GO:0003755","GO:0003755","peptidyl-prolyl cis-trans isomerase activity","2/76","23/6213",0.0869565217391304,7.10869565217391,3.26596510135827,0.0316508520564264,0.17862621754497,0.149556948507394,"XLOC-009392#FKB14-HUMAN#Q9NWM8/XLOC-025644#PPIB-MOUSE#P24369",2
"GO:0006584","GO:0006584","catecholamine metabolic process","2/76","23/6213",0.0869565217391304,7.10869565217391,3.26596510135827,0.0316508520564264,0.17862621754497,0.149556948507394,"XLOC-010031#ACHB4-BOVIN#Q8SPU6/XLOC-019829#INS1A-DANRE#Q6P0F9",2
"GO:0007628","GO:0007628","adult walking behavior","2/76","23/6213",0.0869565217391304,7.10869565217391,3.26596510135827,0.0316508520564264,0.17862621754497,0.149556948507394,"XLOC-019525#ABD12-DANRE#Q08C93/XLOC-002280#CAC1A-APIME#C9D7C2",2
"GO:0009712","GO:0009712","catechol-containing compound metabolic process","2/76","23/6213",0.0869565217391304,7.10869565217391,3.26596510135827,0.0316508520564264,0.17862621754497,0.149556948507394,"XLOC-010031#ACHB4-BOVIN#Q8SPU6/XLOC-019829#INS1A-DANRE#Q6P0F9",2
"GO:0070888","GO:0070888","E-box binding","2/76","23/6213",0.0869565217391304,7.10869565217391,3.26596510135827,0.0316508520564264,0.17862621754497,0.149556948507394,"XLOC-013049#PTF1A-DANRE#Q7ZSX3/XLOC-000896#ATOH8-HUMAN#Q96SQ7",2
"GO:0090659","GO:0090659","walking behavior","2/76","23/6213",0.0869565217391304,7.10869565217391,3.26596510135827,0.0316508520564264,0.17862621754497,0.149556948507394,"XLOC-019525#ABD12-DANRE#Q08C93/XLOC-002280#CAC1A-APIME#C9D7C2",2
"GO:1904645","GO:1904645","response to amyloid-beta","2/76","23/6213",0.0869565217391304,7.10869565217391,3.26596510135827,0.0316508520564264,0.17862621754497,0.149556948507394,"XLOC-010031#ACHB4-BOVIN#Q8SPU6/XLOC-002280#CAC1A-APIME#C9D7C2",2
"GO:0036294","GO:0036294","cellular response to decreased oxygen levels","4/76","99/6213",0.0404040404040404,3.3030303030303,2.57038980819181,0.032512773372021,0.181982454791888,0.152366998499017,"XLOC-023724#ANGL7-MOUSE#Q8R1Q3/XLOC-014487#KCND1-MOUSE#Q03719/XLOC-022211#ARLY-AQUCT#P51464/XLOC-012495#KCNK3-MOUSE#O35111",4
"GO:0061351","GO:0061351","neural precursor cell proliferation","4/76","99/6213",0.0404040404040404,3.3030303030303,2.57038980819181,0.032512773372021,0.181982454791888,0.152366998499017,"XLOC-010099#KCNA1-HUMAN#Q09470/XLOC-010401#KCNAS-DROME#P08510/XLOC-021753#KCNA1-HUMAN#Q09470/XLOC-019829#INS1A-DANRE#Q6P0F9",4
"GO:0071248","GO:0071248","cellular response to metal ion","4/76","99/6213",0.0404040404040404,3.3030303030303,2.57038980819181,0.032512773372021,0.181982454791888,0.152366998499017,"XLOC-010099#KCNA1-HUMAN#Q09470/XLOC-010401#KCNAS-DROME#P08510/XLOC-012495#KCNK3-MOUSE#O35111/XLOC-021753#KCNA1-HUMAN#Q09470",4
"GO:0006836","GO:0006836","neurotransmitter transport","5/76","147/6213",0.0340136054421769,2.78061224489796,2.43120330813481,0.0334293443666321,0.186409366780165,0.156073483792034,"XLOC-015788#OTOF-HUMAN#Q9HC10/XLOC-023758#S6A19-RAT#Q2A865/XLOC-016600#SYT7-MOUSE#Q9R0N7/XLOC-002280#CAC1A-APIME#C9D7C2/XLOC-016422#OX2R-MOUSE#P58308",5
"GO:0031960","GO:0031960","response to corticosteroid","4/76","100/6213",0.04,3.27,2.54649669773501,0.0335624431668481,0.186409366780165,0.156073483792034,"gene-evm.model.ptg000031l.539#LIPP-ICTTR#O88354/XLOC-022211#ARLY-AQUCT#P51464/XLOC-016422#OX2R-MOUSE#P58308/XLOC-025964#NEC1-HUMAN#P29120",4
"GO:0016079","GO:0016079","synaptic vesicle exocytosis","3/76","58/6213",0.0517241379310345,4.22844827586207,2.74876909291381,0.0335774091899661,0.186409366780165,0.156073483792034,"XLOC-015788#OTOF-HUMAN#Q9HC10/XLOC-016600#SYT7-MOUSE#Q9R0N7/XLOC-002280#CAC1A-APIME#C9D7C2",3
"GO:0008363","GO:0008363","larval chitin-based cuticle development","2/76","24/6213",0.0833333333333333,6.8125,3.1747008146576,0.0342591412482426,0.187644572574154,0.157107674695624,"gene-evm.model.ptg000001l.686#SOX14-DANRE#Q32PP9/XLOC-012287#SX19B-DANRE#Q9DDD7",2
"GO:0009593","GO:0009593","detection of chemical stimulus","2/76","24/6213",0.0833333333333333,6.8125,3.1747008146576,0.0342591412482426,0.187644572574154,0.157107674695624,"XLOC-016600#SYT7-MOUSE#Q9R0N7/XLOC-017989#AMT3-CAEEL#Q21565",2
"GO:0030301","GO:0030301","cholesterol transport","2/76","24/6213",0.0833333333333333,6.8125,3.1747008146576,0.0342591412482426,0.187644572574154,0.157107674695624,"gene-evm.model.ptg000031l.539#LIPP-ICTTR#O88354/XLOC-016600#SYT7-MOUSE#Q9R0N7",2
"GO:0035861","GO:0035861","site of double-strand break","2/76","24/6213",0.0833333333333333,6.8125,3.1747008146576,0.0342591412482426,0.187644572574154,0.157107674695624,"XLOC-010929#MIB2-MOUSE#Q8R516/XLOC-025584#SMC5-HUMAN#Q8IY18",2
"GO:0042337","GO:0042337","cuticle development involved in chitin-based cuticle molting cycle","2/76","24/6213",0.0833333333333333,6.8125,3.1747008146576,0.0342591412482426,0.187644572574154,0.157107674695624,"gene-evm.model.ptg000001l.686#SOX14-DANRE#Q32PP9/XLOC-012287#SX19B-DANRE#Q9DDD7",2
"GO:0050808","GO:0050808","synapse organization","6/76","200/6213",0.03,2.4525,2.32343215255581,0.0349591532055755,0.190063969146064,0.159133343567176,"gene-evm.model.ptg000022l.266#FCN1-MOUSE#O70165/XLOC-025696#FIBA-APOPA#P19477/XLOC-010031#ACHB4-BOVIN#Q8SPU6/XLOC-002280#CAC1A-APIME#C9D7C2/XLOC-002878#LMX1B-XENLA#Q8UVR3/XLOC-016422#OX2R-MOUSE#P58308",6
"GO:0007601","GO:0007601","visual perception","3/76","59/6213",0.0508474576271186,4.15677966101695,2.71104038859503,0.0350729889222056,0.190063969146064,0.159133343567176,"XLOC-015872#DIS1D-DICDI#P02888/gene-evm.model.ptg000004l.34#RLBP1-MOUSE#Q9Z275/XLOC-000356#DRAM2-MOUSE#Q9CR48",3
"GO:0051588","GO:0051588","regulation of neurotransmitter transport","3/76","59/6213",0.0508474576271186,4.15677966101695,2.71104038859503,0.0350729889222056,0.190063969146064,0.159133343567176,"XLOC-002415#KCNT1-CHICK#Q8QFV0/XLOC-025955#MCTP1-MOUSE#E9PV86/XLOC-002280#CAC1A-APIME#C9D7C2",3
"GO:1904064","GO:1904064","positive regulation of cation transmembrane transport","3/76","59/6213",0.0508474576271186,4.15677966101695,2.71104038859503,0.0350729889222056,0.190063969146064,0.159133343567176,"XLOC-010099#KCNA1-HUMAN#Q09470/XLOC-010401#KCNAS-DROME#P08510/XLOC-021753#KCNA1-HUMAN#Q09470",3
"GO:1990837","GO:1990837","sequence-specific double-stranded DNA binding","7/76","255/6213",0.0274509803921569,2.24411764705882,2.25748955265861,0.0355486974305527,0.192132245636559,0.160865032928566,"XLOC-013651#ETV1-BOVIN#Q2KIC2/XLOC-011296#FOXL2-ELLLU#Q4VUF1/XLOC-013049#PTF1A-DANRE#Q7ZSX3/XLOC-002878#LMX1B-XENLA#Q8UVR3/XLOC-012420#RFX6-DANRE#Q5RJA1/XLOC-000896#ATOH8-HUMAN#Q96SQ7/XLOC-019829#INS1A-DANRE#Q6P0F9",7
"GO:0055082","GO:0055082","intracellular chemical homeostasis","8/76","312/6213",0.0256410256410256,2.09615384615385,2.21070330113744,0.0358328214824666,0.193156871474088,0.161722913231518,"XLOC-010099#KCNA1-HUMAN#Q09470/XLOC-010031#ACHB4-BOVIN#Q8SPU6/XLOC-010401#KCNAS-DROME#P08510/XLOC-002280#CAC1A-APIME#C9D7C2/XLOC-012495#KCNK3-MOUSE#O35111/XLOC-016422#OX2R-MOUSE#P58308/XLOC-021753#KCNA1-HUMAN#Q09470/gene-evm.model.ptg000022l.478#GSH0-HUMAN#P48507",8
"GO:0043565","GO:0043565","sequence-specific DNA binding","8/76","313/6213",0.0255591054313099,2.08945686900958,2.20090178389829,0.0364175052476199,0.195757274538015,0.163900131965002,"XLOC-013651#ETV1-BOVIN#Q2KIC2/XLOC-011296#FOXL2-ELLLU#Q4VUF1/XLOC-013049#PTF1A-DANRE#Q7ZSX3/XLOC-002878#LMX1B-XENLA#Q8UVR3/XLOC-012420#RFX6-DANRE#Q5RJA1/XLOC-000896#ATOH8-HUMAN#Q96SQ7/XLOC-022943#NR2E3-MOUSE#Q9QXZ7/XLOC-019829#INS1A-DANRE#Q6P0F9",8
"GO:0008652","GO:0008652","amino acid biosynthetic process","3/76","60/6213",0.05,4.0875,2.67413662376037,0.0366026817785226,0.195757274538015,0.163900131965002,"XLOC-022211#ARLY-AQUCT#P51464/XLOC-002878#LMX1B-XENLA#Q8UVR3/XLOC-004937#FOLH1-RAT#P70627",3
"GO:0070252","GO:0070252","actin-mediated cell contraction","3/76","60/6213",0.05,4.0875,2.67413662376037,0.0366026817785226,0.195757274538015,0.163900131965002,"XLOC-010099#KCNA1-HUMAN#Q09470/XLOC-010401#KCNAS-DROME#P08510/XLOC-021753#KCNA1-HUMAN#Q09470",3
"GO:0030902","GO:0030902","hindbrain development","4/76","103/6213",0.0388349514563107,3.1747572815534,2.4765851180103,0.036829897493651,0.196065870818409,0.164158507911438,"XLOC-013049#PTF1A-DANRE#Q7ZSX3/XLOC-002280#CAC1A-APIME#C9D7C2/XLOC-002878#LMX1B-XENLA#Q8UVR3/XLOC-012420#RFX6-DANRE#Q5RJA1",4
"GO:0007638","GO:0007638","mechanosensory behavior","2/76","25/6213",0.08,6.54,3.08851044617679,0.0369482918576052,0.196065870818409,0.164158507911438,"XLOC-013651#ETV1-BOVIN#Q2KIC2/XLOC-015804#TRPC5-HUMAN#Q9UL62",2
"GO:0090734","GO:0090734","site of DNA damage","2/76","25/6213",0.08,6.54,3.08851044617679,0.0369482918576052,0.196065870818409,0.164158507911438,"XLOC-010929#MIB2-MOUSE#Q8R516/XLOC-025584#SMC5-HUMAN#Q8IY18",2
"GO:0042330","GO:0042330","taxis","8/76","315/6213",0.0253968253968254,2.07619047619048,2.18140595926665,0.0376063466312385,0.199040844993835,0.166649340812006,"gene-evm.model.ptg000001l.686#SOX14-DANRE#Q32PP9/XLOC-013651#ETV1-BOVIN#Q2KIC2/XLOC-025696#FIBA-APOPA#P19477/XLOC-002878#LMX1B-XENLA#Q8UVR3/XLOC-022943#NR2E3-MOUSE#Q9QXZ7/XLOC-019829#INS1A-DANRE#Q6P0F9/gene-evm.model.ptg000004l.40#FA5-MOUSE#O88783/XLOC-012287#SX19B-DANRE#Q9DDD7",8
"GO:0050953","GO:0050953","sensory perception of light stimulus","3/76","61/6213",0.0491803278688525,4.02049180327869,2.63802479778568,0.0381663483778949,0.201111494941128,0.168383017378639,"XLOC-015872#DIS1D-DICDI#P02888/gene-evm.model.ptg000004l.34#RLBP1-MOUSE#Q9Z275/XLOC-000356#DRAM2-MOUSE#Q9CR48",3
"GO:0030003","GO:0030003","intracellular monoatomic cation homeostasis","7/76","259/6213",0.027027027027027,2.20945945945946,2.21248961304821,0.0381944493573948,0.201111494941128,0.168383017378639,"XLOC-010099#KCNA1-HUMAN#Q09470/XLOC-010031#ACHB4-BOVIN#Q8SPU6/XLOC-010401#KCNAS-DROME#P08510/XLOC-002280#CAC1A-APIME#C9D7C2/XLOC-012495#KCNK3-MOUSE#O35111/XLOC-016422#OX2R-MOUSE#P58308/XLOC-021753#KCNA1-HUMAN#Q09470",7
"GO:0051259","GO:0051259","protein complex oligomerization","7/76","260/6213",0.0269230769230769,2.20096153846154,2.20136617882412,0.0388757593701584,0.204172689956899,0.170946039714538,"XLOC-019523#LRP12-HUMAN#Q9Y561/XLOC-015872#DIS1D-DICDI#P02888/XLOC-010099#KCNA1-HUMAN#Q09470/XLOC-014487#KCND1-MOUSE#Q03719/XLOC-010401#KCNAS-DROME#P08510/gene-evm.model.ptg000031l.486#ELAV2-XENTR#Q28GD4/XLOC-021753#KCNA1-HUMAN#Q09470",7
"GO:0046885","GO:0046885","regulation of hormone biosynthetic process","2/76","26/6213",0.0769230769230769,6.28846153846154,3.00690996397052,0.0397159919130963,0.207238569350316,0.173512984101947,"XLOC-010031#ACHB4-BOVIN#Q8SPU6/XLOC-002280#CAC1A-APIME#C9D7C2",2
"GO:0048149","GO:0048149","behavioral response to ethanol","2/76","26/6213",0.0769230769230769,6.28846153846154,3.00690996397052,0.0397159919130963,0.207238569350316,0.173512984101947,"XLOC-010031#ACHB4-BOVIN#Q8SPU6/gene-evm.model.ptg000022l.478#GSH0-HUMAN#P48507",2
"GO:0052689","GO:0052689","carboxylic ester hydrolase activity","3/76","62/6213",0.0483870967741935,3.95564516129032,2.60267375706974,0.039763837095117,0.207238569350316,0.173512984101947,"XLOC-019525#ABD12-DANRE#Q08C93/gene-evm.model.ptg000031l.539#LIPP-ICTTR#O88354/XLOC-020365#PA2-BOMTE#P82971",3
"GO:0009636","GO:0009636","response to toxic substance","8/76","319/6213",0.0250783699059561,2.05015673981191,2.14283562400769,0.0400626707921339,0.208264723736207,0.174372144200395,"XLOC-010099#KCNA1-HUMAN#Q09470/XLOC-010031#ACHB4-BOVIN#Q8SPU6/XLOC-010401#KCNAS-DROME#P08510/XLOC-022211#ARLY-AQUCT#P51464/XLOC-017989#AMT3-CAEEL#Q21565/XLOC-021753#KCNA1-HUMAN#Q09470/XLOC-025588#RGRF1-HUMAN#Q13972/gene-evm.model.ptg000022l.478#GSH0-HUMAN#P48507",8
"GO:0071453","GO:0071453","cellular response to oxygen levels","4/76","106/6213",0.0377358490566038,3.08490566037736,2.40918327236964,0.0402755967586158,0.208840213649371,0.174853980050095,"XLOC-023724#ANGL7-MOUSE#Q8R1Q3/XLOC-014487#KCND1-MOUSE#Q03719/XLOC-022211#ARLY-AQUCT#P51464/XLOC-012495#KCNK3-MOUSE#O35111",4
"GO:0048168","GO:0048168","regulation of neuronal synaptic plasticity","2/76","27/6213",0.0740740740740741,6.05555555555555,2.92947819311911,0.0425599725914194,0.219594082042341,0.18385778567061,"XLOC-025955#MCTP1-MOUSE#E9PV86/XLOC-025588#RGRF1-HUMAN#Q13972",2
"GO:0008021","GO:0008021","synaptic vesicle","4/76","108/6213",0.037037037037037,3.02777777777778,2.36555941731804,0.0426719777634896,0.219594082042341,0.18385778567061,"XLOC-025955#MCTP1-MOUSE#E9PV86/XLOC-015788#OTOF-HUMAN#Q9HC10/XLOC-016600#SYT7-MOUSE#Q9R0N7/XLOC-012495#KCNK3-MOUSE#O35111",4
"GO:0021543","GO:0021543","pallium development","4/76","108/6213",0.037037037037037,3.02777777777778,2.36555941731804,0.0426719777634896,0.219594082042341,0.18385778567061,"XLOC-010099#KCNA1-HUMAN#Q09470/XLOC-010401#KCNAS-DROME#P08510/XLOC-002878#LMX1B-XENLA#Q8UVR3/XLOC-021753#KCNA1-HUMAN#Q09470",4
"GO:0043279","GO:0043279","response to alkaloid","3/76","64/6213",0.046875,3.83203125,2.53413787428706,0.0430596157380089,0.221032148122493,0.185061823788057,"XLOC-025584#SMC5-HUMAN#Q8IY18/gene-evm.model.ptg000031l.486#ELAV2-XENTR#Q28GD4/XLOC-025964#NEC1-HUMAN#P29120",3
"GO:0033218","GO:0033218","amide binding","5/76","159/6213",0.0314465408805031,2.57075471698113,2.23269903388495,0.0444964111101302,0.227835007263148,0.190757599403671,"gene-evm.model.ptg000012l.875#IMB1-HUMAN#Q14974/XLOC-010031#ACHB4-BOVIN#Q8SPU6/XLOC-016422#OX2R-MOUSE#P58308/XLOC-025964#NEC1-HUMAN#P29120/XLOC-025644#PPIB-MOUSE#P24369",5
"GO:1901652","GO:1901652","response to peptide","7/76","268/6213",0.0261194029850746,2.13526119402985,2.11413014329312,0.0446170274005494,0.227881467448306,0.190796498752349,"gene-evm.model.ptg000031l.539#LIPP-ICTTR#O88354/XLOC-010031#ACHB4-BOVIN#Q8SPU6/XLOC-002280#CAC1A-APIME#C9D7C2/XLOC-022211#ARLY-AQUCT#P51464/XLOC-016422#OX2R-MOUSE#P58308/XLOC-025588#RGRF1-HUMAN#Q13972/XLOC-025964#NEC1-HUMAN#P29120",7
"GO:0030018","GO:0030018","Z disc","3/76","65/6213",0.0461538461538462,3.77307692307692,2.50089883178287,0.0447575450233931,0.228029088485766,0.190920096241013,"XLOC-010099#KCNA1-HUMAN#Q09470/XLOC-010401#KCNAS-DROME#P08510/XLOC-021753#KCNA1-HUMAN#Q09470",3
"GO:0015918","GO:0015918","sterol transport","2/76","28/6213",0.0714285714285714,5.83928571428571,2.85584666383256,0.0454780075304853,0.228846230011777,0.191604257809278,"gene-evm.model.ptg000031l.539#LIPP-ICTTR#O88354/XLOC-016600#SYT7-MOUSE#Q9R0N7",2
"GO:0016859","GO:0016859","cis-trans isomerase activity","2/76","28/6213",0.0714285714285714,5.83928571428571,2.85584666383256,0.0454780075304853,0.228846230011777,0.191604257809278,"XLOC-009392#FKB14-HUMAN#Q9NWM8/XLOC-025644#PPIB-MOUSE#P24369",2
"GO:0018208","GO:0018208","peptidyl-proline modification","2/76","28/6213",0.0714285714285714,5.83928571428571,2.85584666383256,0.0454780075304853,0.228846230011777,0.191604257809278,"XLOC-009392#FKB14-HUMAN#Q9NWM8/XLOC-025644#PPIB-MOUSE#P24369",2
"GO:0020037","GO:0020037","heme binding","2/76","28/6213",0.0714285714285714,5.83928571428571,2.85584666383256,0.0454780075304853,0.228846230011777,0.191604257809278,"XLOC-010449#GCY8E-DROME#Q8INF0/XLOC-022943#NR2E3-MOUSE#Q9QXZ7",2
"GO:0021517","GO:0021517","ventral spinal cord development","2/76","28/6213",0.0714285714285714,5.83928571428571,2.85584666383256,0.0454780075304853,0.228846230011777,0.191604257809278,"XLOC-002280#CAC1A-APIME#C9D7C2/XLOC-019829#INS1A-DANRE#Q6P0F9",2
"GO:0010634","GO:0010634","positive regulation of epithelial cell migration","3/76","66/6213",0.0454545454545455,3.71590909090909,2.46831196270511,0.0464885759601955,0.233356660163831,0.19538066968917,"XLOC-015229#M3K2-HUMAN#Q9Y2U5/XLOC-023724#ANGL7-MOUSE#Q8R1Q3/XLOC-000896#ATOH8-HUMAN#Q96SQ7",3
"GO:0098796","GO:0098796","membrane protein complex","10/76","452/6213",0.0221238938053097,1.80862831858407,1.9866148810631,0.0474025743604382,0.237361420143077,0.198733703136512,"XLOC-002415#KCNT1-CHICK#Q8QFV0/XLOC-019525#ABD12-DANRE#Q08C93/XLOC-010099#KCNA1-HUMAN#Q09470/XLOC-010031#ACHB4-BOVIN#Q8SPU6/XLOC-014487#KCND1-MOUSE#Q03719/XLOC-010401#KCNAS-DROME#P08510/XLOC-015804#TRPC5-HUMAN#Q9UL62/XLOC-002280#CAC1A-APIME#C9D7C2/XLOC-024225#KCNA1-ONCMY#Q9I829/XLOC-021753#KCNA1-HUMAN#Q09470",10
"GO:0034767","GO:0034767","positive regulation of monoatomic ion transmembrane transport","3/76","67/6213",0.0447761194029851,3.66044776119403,2.4363535854541,0.0482525019761105,0.237457900545711,0.198814482513734,"XLOC-010099#KCNA1-HUMAN#Q09470/XLOC-010401#KCNAS-DROME#P08510/XLOC-021753#KCNA1-HUMAN#Q09470",3
"GO:1990138","GO:1990138","neuron projection extension","3/76","67/6213",0.0447761194029851,3.66044776119403,2.4363535854541,0.0482525019761105,0.237457900545711,0.198814482513734,"XLOC-010099#KCNA1-HUMAN#Q09470/XLOC-010401#KCNAS-DROME#P08510/XLOC-021753#KCNA1-HUMAN#Q09470",3
"GO:0014075","GO:0014075","response to amine","2/76","29/6213",0.0689655172413793,5.63793103448276,2.78569139694105,0.048467912152502,0.237457900545711,0.198814482513734,"XLOC-022211#ARLY-AQUCT#P51464/XLOC-025588#RGRF1-HUMAN#Q13972",2
"GO:0021515","GO:0021515","cell differentiation in spinal cord","2/76","29/6213",0.0689655172413793,5.63793103448276,2.78569139694105,0.048467912152502,0.237457900545711,0.198814482513734,"XLOC-002280#CAC1A-APIME#C9D7C2/XLOC-019829#INS1A-DANRE#Q6P0F9",2
"GO:0030276","GO:0030276","clathrin binding","2/76","29/6213",0.0689655172413793,5.63793103448276,2.78569139694105,0.048467912152502,0.237457900545711,0.198814482513734,"XLOC-019965#SYT14-HUMAN#Q8NB59/XLOC-016600#SYT7-MOUSE#Q9R0N7",2
"GO:0032350","GO:0032350","regulation of hormone metabolic process","2/76","29/6213",0.0689655172413793,5.63793103448276,2.78569139694105,0.048467912152502,0.237457900545711,0.198814482513734,"XLOC-010031#ACHB4-BOVIN#Q8SPU6/XLOC-002280#CAC1A-APIME#C9D7C2",2
"GO:0035017","GO:0035017","cuticle pattern formation","2/76","29/6213",0.0689655172413793,5.63793103448276,2.78569139694105,0.048467912152502,0.237457900545711,0.198814482513734,"gene-evm.model.ptg000001l.686#SOX14-DANRE#Q32PP9/XLOC-012287#SX19B-DANRE#Q9DDD7",2
"GO:0046906","GO:0046906","tetrapyrrole binding","2/76","29/6213",0.0689655172413793,5.63793103448276,2.78569139694105,0.048467912152502,0.237457900545711,0.198814482513734,"XLOC-010449#GCY8E-DROME#Q8INF0/XLOC-022943#NR2E3-MOUSE#Q9QXZ7",2
"GO:0051984","GO:0051984","positive regulation of chromosome segregation","2/76","29/6213",0.0689655172413793,5.63793103448276,2.78569139694105,0.048467912152502,0.237457900545711,0.198814482513734,"XLOC-010929#MIB2-MOUSE#Q8R516/XLOC-025584#SMC5-HUMAN#Q8IY18",2
"GO:0006873","GO:0006873","intracellular monoatomic ion homeostasis","7/76","274/6213",0.0255474452554745,2.08850364963504,2.05065672367197,0.0492678005283952,0.240799321721319,0.201612127571499,"XLOC-010099#KCNA1-HUMAN#Q09470/XLOC-010031#ACHB4-BOVIN#Q8SPU6/XLOC-010401#KCNAS-DROME#P08510/XLOC-002280#CAC1A-APIME#C9D7C2/XLOC-012495#KCNK3-MOUSE#O35111/XLOC-016422#OX2R-MOUSE#P58308/XLOC-021753#KCNA1-HUMAN#Q09470",7
"GO:0042542","GO:0042542","response to hydrogen peroxide","3/76","68/6213",0.0441176470588235,3.60661764705882,2.40500122498537,0.0500491066984857,0.243453154726206,0.203834081165512,"XLOC-010099#KCNA1-HUMAN#Q09470/XLOC-010401#KCNAS-DROME#P08510/XLOC-021753#KCNA1-HUMAN#Q09470",3
"GO:0045766","GO:0045766","positive regulation of angiogenesis","3/76","68/6213",0.0441176470588235,3.60661764705882,2.40500122498537,0.0500491066984857,0.243453154726206,0.203834081165512,"XLOC-015229#M3K2-HUMAN#Q9Y2U5/XLOC-023724#ANGL7-MOUSE#Q8R1Q3/XLOC-010031#ACHB4-BOVIN#Q8SPU6",3
"GO:0043536","GO:0043536","positive regulation of blood vessel endothelial cell migration","2/76","30/6213",0.0666666666666667,5.45,2.71872620413055,0.0515275429969343,0.250049335730966,0.209356813026674,"XLOC-015229#M3K2-HUMAN#Q9Y2U5/XLOC-023724#ANGL7-MOUSE#Q8R1Q3",2
"GO:0021510","GO:0021510","spinal cord development","3/76","69/6213",0.0434782608695652,3.55434782608696,2.37423353444809,0.0518781643295971,0.251154241055372,0.210281908295324,"XLOC-002280#CAC1A-APIME#C9D7C2/XLOC-012420#RFX6-DANRE#Q5RJA1/XLOC-019829#INS1A-DANRE#Q6P0F9",3
"GO:0001067","GO:0001067","transcription regulatory region nucleic acid binding","7/76","278/6213",0.0251798561151079,2.05845323741007,2.00922313398631,0.0525353098872481,0.2537343690299,0.212442151466413,"XLOC-013651#ETV1-BOVIN#Q2KIC2/XLOC-011296#FOXL2-ELLLU#Q4VUF1/XLOC-013049#PTF1A-DANRE#Q7ZSX3/XLOC-002878#LMX1B-XENLA#Q8UVR3/XLOC-012420#RFX6-DANRE#Q5RJA1/XLOC-000896#ATOH8-HUMAN#Q96SQ7/XLOC-019829#INS1A-DANRE#Q6P0F9",7
"GO:0010594","GO:0010594","regulation of endothelial cell migration","3/76","70/6213",0.0428571428571429,3.50357142857143,2.34403022297185,0.0537394400132271,0.257722244007096,0.215781047742758,"XLOC-015229#M3K2-HUMAN#Q9Y2U5/XLOC-023724#ANGL7-MOUSE#Q8R1Q3/XLOC-000896#ATOH8-HUMAN#Q96SQ7",3
"GO:0043271","GO:0043271","negative regulation of monoatomic ion transport","3/76","70/6213",0.0428571428571429,3.50357142857143,2.34403022297185,0.0537394400132271,0.257722244007096,0.215781047742758,"XLOC-010099#KCNA1-HUMAN#Q09470/XLOC-010401#KCNAS-DROME#P08510/XLOC-021753#KCNA1-HUMAN#Q09470",3
"GO:0070588","GO:0070588","calcium ion transmembrane transport","3/76","70/6213",0.0428571428571429,3.50357142857143,2.34403022297185,0.0537394400132271,0.257722244007096,0.215781047742758,"XLOC-010031#ACHB4-BOVIN#Q8SPU6/XLOC-015804#TRPC5-HUMAN#Q9UL62/XLOC-002280#CAC1A-APIME#C9D7C2",3
"GO:0008015","GO:0008015","blood circulation","5/76","168/6213",0.0297619047619048,2.43303571428571,2.09535667721122,0.0540906558628831,0.258799086482131,0.216682647053334,"XLOC-010099#KCNA1-HUMAN#Q09470/XLOC-010031#ACHB4-BOVIN#Q8SPU6/XLOC-010401#KCNAS-DROME#P08510/XLOC-021753#KCNA1-HUMAN#Q09470/gene-evm.model.ptg000022l.478#GSH0-HUMAN#P48507",5
"GO:0021695","GO:0021695","cerebellar cortex development","2/76","31/6213",0.0645161290322581,5.2741935483871,2.65469718326206,0.0546547970631955,0.259071346635983,0.216910600140903,"XLOC-002280#CAC1A-APIME#C9D7C2/XLOC-012420#RFX6-DANRE#Q5RJA1",2
"GO:0031103","GO:0031103","axon regeneration","2/76","31/6213",0.0645161290322581,5.2741935483871,2.65469718326206,0.0546547970631955,0.259071346635983,0.216910600140903,"gene-evm.model.ptg000022l.266#FCN1-MOUSE#O70165/XLOC-022943#NR2E3-MOUSE#Q9QXZ7",2
"GO:0045182","GO:0045182","translation regulator activity","2/76","31/6213",0.0645161290322581,5.2741935483871,2.65469718326206,0.0546547970631955,0.259071346635983,0.216910600140903,"gene-evm.model.ptg000031l.486#ELAV2-XENTR#Q28GD4/XLOC-026511#CPEB4-DANRE#Q7SXN4",2
"GO:0097194","GO:0097194","execution phase of apoptosis","2/76","31/6213",0.0645161290322581,5.2741935483871,2.65469718326206,0.0546547970631955,0.259071346635983,0.216910600140903,"gene-evm.model.ptg000012l.875#IMB1-HUMAN#Q14974/XLOC-011296#FOXL2-ELLLU#Q4VUF1",2
"GO:0038023","GO:0038023","signaling receptor activity","5/76","169/6213",0.029585798816568,2.41863905325444,2.08064263616267,0.0552258556561546,0.261172275707231,0.218669628268156,"XLOC-019523#LRP12-HUMAN#Q9Y561/XLOC-010031#ACHB4-BOVIN#Q8SPU6/XLOC-023609#AGRD1-HUMAN#Q6QNK2/XLOC-016422#OX2R-MOUSE#P58308/XLOC-015786#XLOC-015786",5
"GO:0000149","GO:0000149","SNARE binding","3/76","71/6213",0.0422535211267606,3.45422535211268,2.31437198903887,0.0556326901927101,0.261281807043004,0.218761334696077,"XLOC-019965#SYT14-HUMAN#Q8NB59/XLOC-016600#SYT7-MOUSE#Q9R0N7/XLOC-002280#CAC1A-APIME#C9D7C2",3
"GO:0017156","GO:0017156","calcium-ion regulated exocytosis","3/76","71/6213",0.0422535211267606,3.45422535211268,2.31437198903887,0.0556326901927101,0.261281807043004,0.218761334696077,"XLOC-015788#OTOF-HUMAN#Q9HC10/XLOC-016600#SYT7-MOUSE#Q9R0N7/XLOC-002280#CAC1A-APIME#C9D7C2",3
"GO:0097746","GO:0097746","blood vessel diameter maintenance","3/76","71/6213",0.0422535211267606,3.45422535211268,2.31437198903887,0.0556326901927101,0.261281807043004,0.218761334696077,"XLOC-010099#KCNA1-HUMAN#Q09470/XLOC-010401#KCNAS-DROME#P08510/XLOC-021753#KCNA1-HUMAN#Q09470",3
"GO:0046677","GO:0046677","response to antibiotic","6/76","225/6213",0.0266666666666667,2.18,2.00621202204042,0.0564078942046601,0.26431497215624,0.221300888659036,"XLOC-010099#KCNA1-HUMAN#Q09470/XLOC-010031#ACHB4-BOVIN#Q8SPU6/XLOC-010401#KCNAS-DROME#P08510/XLOC-021753#KCNA1-HUMAN#Q09470/XLOC-025588#RGRF1-HUMAN#Q13972/gene-evm.model.ptg000022l.478#GSH0-HUMAN#P48507",6
"GO:0003013","GO:0003013","circulatory system process","5/76","171/6213",0.0292397660818713,2.39035087719298,2.0515238393556,0.0575378402955485,0.268471016960091,0.224780587144884,"XLOC-010099#KCNA1-HUMAN#Q09470/XLOC-010031#ACHB4-BOVIN#Q8SPU6/XLOC-010401#KCNAS-DROME#P08510/XLOC-021753#KCNA1-HUMAN#Q09470/gene-evm.model.ptg000022l.478#GSH0-HUMAN#P48507",5
"GO:0031674","GO:0031674","I band","3/76","72/6213",0.0416666666666667,3.40625,2.28524045893754,0.0575576629606069,0.268471016960091,0.224780587144884,"XLOC-010099#KCNA1-HUMAN#Q09470/XLOC-010401#KCNAS-DROME#P08510/XLOC-021753#KCNA1-HUMAN#Q09470",3
"GO:0007608","GO:0007608","sensory perception of smell","2/76","32/6213",0.0625,5.109375,2.59337816454199,0.0578476111629391,0.269208814591992,0.225398317083745,"XLOC-009528#DYRK4-HUMAN#Q9NR20/XLOC-017989#AMT3-CAEEL#Q21565",2
"GO:0007613","GO:0007613","memory","4/76","120/6213",0.0333333333333333,2.725,2.12328646533778,0.0587147146049551,0.272623095313462,0.228256964672373,"XLOC-010031#ACHB4-BOVIN#Q8SPU6/XLOC-002878#LMX1B-XENLA#Q8UVR3/XLOC-025588#RGRF1-HUMAN#Q13972/gene-evm.model.ptg000022l.478#GSH0-HUMAN#P48507",4
"GO:0001764","GO:0001764","neuron migration","3/76","73/6213",0.0410958904109589,3.35958904109589,2.25661812984472,0.0595140984001653,0.273845277098058,0.229280251067493,"XLOC-002878#LMX1B-XENLA#Q8UVR3/XLOC-016422#OX2R-MOUSE#P58308/XLOC-019829#INS1A-DANRE#Q6P0F9",3
"GO:0031644","GO:0031644","regulation of nervous system process","3/76","73/6213",0.0410958904109589,3.35958904109589,2.25661812984472,0.0595140984001653,0.273845277098058,0.229280251067493,"XLOC-025696#FIBA-APOPA#P19477/XLOC-010031#ACHB4-BOVIN#Q8SPU6/XLOC-016422#OX2R-MOUSE#P58308",3
"GO:0035270","GO:0035270","endocrine system development","3/76","73/6213",0.0410958904109589,3.35958904109589,2.25661812984472,0.0595140984001653,0.273845277098058,0.229280251067493,"XLOC-013049#PTF1A-DANRE#Q7ZSX3/XLOC-019829#INS1A-DANRE#Q6P0F9/XLOC-025964#NEC1-HUMAN#P29120",3
"GO:1904018","GO:1904018","positive regulation of vasculature development","3/76","73/6213",0.0410958904109589,3.35958904109589,2.25661812984472,0.0595140984001653,0.273845277098058,0.229280251067493,"XLOC-015229#M3K2-HUMAN#Q9Y2U5/XLOC-023724#ANGL7-MOUSE#Q8R1Q3/XLOC-010031#ACHB4-BOVIN#Q8SPU6",3
"GO:0060089","GO:0060089","molecular transducer activity","5/76","173/6213",0.0289017341040462,2.36271676300578,2.02280788824654,0.0599052690473421,0.275025763289258,0.230268627325679,"XLOC-019523#LRP12-HUMAN#Q9Y561/XLOC-010031#ACHB4-BOVIN#Q8SPU6/XLOC-023609#AGRD1-HUMAN#Q6QNK2/XLOC-016422#OX2R-MOUSE#P58308/XLOC-015786#XLOC-015786",5
"GO:0010494","GO:0010494","cytoplasmic stress granule","2/76","33/6213",0.0606060606060606,4.95454545454546,2.53456691917612,0.0611039612818168,0.278029828282298,0.232783816863093,"gene-evm.model.ptg000012l.875#IMB1-HUMAN#Q14974/gene-evm.model.ptg000031l.486#ELAV2-XENTR#Q28GD4",2
"GO:0022600","GO:0022600","digestive system process","2/76","33/6213",0.0606060606060606,4.95454545454546,2.53456691917612,0.0611039612818168,0.278029828282298,0.232783816863093,"gene-evm.model.ptg000031l.539#LIPP-ICTTR#O88354/XLOC-016422#OX2R-MOUSE#P58308",2
"GO:0031018","GO:0031018","endocrine pancreas development","2/76","33/6213",0.0606060606060606,4.95454545454546,2.53456691917612,0.0611039612818168,0.278029828282298,0.232783816863093,"XLOC-013049#PTF1A-DANRE#Q7ZSX3/XLOC-019829#INS1A-DANRE#Q6P0F9",2
"GO:0033238","GO:0033238","regulation of amine metabolic process","2/76","33/6213",0.0606060606060606,4.95454545454546,2.53456691917612,0.0611039612818168,0.278029828282298,0.232783816863093,"XLOC-010031#ACHB4-BOVIN#Q8SPU6/XLOC-002280#CAC1A-APIME#C9D7C2",2
"GO:0030198","GO:0030198","extracellular matrix organization","4/76","122/6213",0.0327868852459016,2.68032786885246,2.08580692013578,0.0616639157217499,0.279954177376744,0.234395001281505,"gene-evm.model.ptg000022l.266#FCN1-MOUSE#O70165/XLOC-025696#FIBA-APOPA#P19477/XLOC-002878#LMX1B-XENLA#Q8UVR3/XLOC-002381#LAMA1-HUMAN#P25391",4
"GO:0001541","GO:0001541","ovarian follicle development","2/76","34/6213",0.0588235294117647,4.80882352941176,2.47808198394673,0.0644218619505751,0.28919778813243,0.242134325535306,"XLOC-011296#FOXL2-ELLLU#Q4VUF1/XLOC-009548#MSH4-HUMAN#O15457",2
"GO:0007367","GO:0007367","segment polarity determination","2/76","34/6213",0.0588235294117647,4.80882352941176,2.47808198394673,0.0644218619505751,0.28919778813243,0.242134325535306,"gene-evm.model.ptg000001l.686#SOX14-DANRE#Q32PP9/XLOC-012287#SX19B-DANRE#Q9DDD7",2
"GO:0009409","GO:0009409","response to cold","2/76","34/6213",0.0588235294117647,4.80882352941176,2.47808198394673,0.0644218619505751,0.28919778813243,0.242134325535306,"XLOC-010031#ACHB4-BOVIN#Q8SPU6/XLOC-025072#XLOC-025072",2
"GO:0042698","GO:0042698","ovulation cycle","2/76","34/6213",0.0588235294117647,4.80882352941176,2.47808198394673,0.0644218619505751,0.28919778813243,0.242134325535306,"XLOC-010031#ACHB4-BOVIN#Q8SPU6/XLOC-016422#OX2R-MOUSE#P58308",2
"GO:0051966","GO:0051966","regulation of synaptic transmission, glutamatergic","2/76","34/6213",0.0588235294117647,4.80882352941176,2.47808198394673,0.0644218619505751,0.28919778813243,0.242134325535306,"XLOC-025696#FIBA-APOPA#P19477/XLOC-016422#OX2R-MOUSE#P58308",2
"GO:0007612","GO:0007612","learning","4/76","124/6213",0.032258064516129,2.63709677419355,2.04906939314408,0.0646908414960942,0.28919778813243,0.242134325535306,"XLOC-025696#FIBA-APOPA#P19477/XLOC-010031#ACHB4-BOVIN#Q8SPU6/XLOC-014487#KCND1-MOUSE#Q03719/gene-evm.model.ptg000031l.486#ELAV2-XENTR#Q28GD4",4
"GO:0070382","GO:0070382","exocytic vesicle","4/76","124/6213",0.032258064516129,2.63709677419355,2.04906939314408,0.0646908414960942,0.28919778813243,0.242134325535306,"XLOC-025955#MCTP1-MOUSE#E9PV86/XLOC-015788#OTOF-HUMAN#Q9HC10/XLOC-016600#SYT7-MOUSE#Q9R0N7/XLOC-012495#KCNK3-MOUSE#O35111",4
"GO:0007219","GO:0007219","Notch signaling pathway","3/76","76/6213",0.0394736842105263,3.22697368421053,2.17364330377646,0.0655694683879414,0.292485641739223,0.244887120501964,"XLOC-010099#KCNA1-HUMAN#Q09470/XLOC-010401#KCNAS-DROME#P08510/XLOC-021753#KCNA1-HUMAN#Q09470",3
"GO:0007186","GO:0007186","G protein-coupled receptor signaling pathway","5/76","179/6213",0.0279329608938547,2.28351955307263,1.93896874992846,0.0673397463484379,0.299166531258333,0.250480775585332,"XLOC-015872#DIS1D-DICDI#P02888/XLOC-002280#CAC1A-APIME#C9D7C2/XLOC-023609#AGRD1-HUMAN#Q6QNK2/XLOC-016422#OX2R-MOUSE#P58308/XLOC-025588#RGRF1-HUMAN#Q13972",5
"GO:0019098","GO:0019098","reproductive behavior","4/76","126/6213",0.0317460317460317,2.5952380952381,2.01304550389945,0.0677949910188858,0.299166531258333,0.250480775585332,"XLOC-010099#KCNA1-HUMAN#Q09470/XLOC-010401#KCNAS-DROME#P08510/gene-evm.model.ptg000031l.486#ELAV2-XENTR#Q28GD4/XLOC-021753#KCNA1-HUMAN#Q09470",4
"GO:0017158","GO:0017158","regulation of calcium ion-dependent exocytosis","2/76","35/6213",0.0571428571428571,4.67142857142857,2.42375998674188,0.0677993656253589,0.299166531258333,0.250480775585332,"XLOC-016600#SYT7-MOUSE#Q9R0N7/XLOC-002280#CAC1A-APIME#C9D7C2",2
"GO:0030971","GO:0030971","receptor tyrosine kinase binding","2/76","35/6213",0.0571428571428571,4.67142857142857,2.42375998674188,0.0677993656253589,0.299166531258333,0.250480775585332,"XLOC-023724#ANGL7-MOUSE#Q8R1Q3/XLOC-025588#RGRF1-HUMAN#Q13972",2
"GO:0090102","GO:0090102","cochlea development","2/76","35/6213",0.0571428571428571,4.67142857142857,2.42375998674188,0.0677993656253589,0.299166531258333,0.250480775585332,"XLOC-015788#OTOF-HUMAN#Q9HC10/XLOC-012495#KCNK3-MOUSE#O35111",2
"GO:0055080","GO:0055080","monoatomic cation homeostasis","7/76","296/6213",0.0236486486486486,1.93327702702703,1.83083878703872,0.0689236221081641,0.303471896480559,0.254085494386948,"XLOC-010099#KCNA1-HUMAN#Q09470/XLOC-010031#ACHB4-BOVIN#Q8SPU6/XLOC-010401#KCNAS-DROME#P08510/XLOC-002280#CAC1A-APIME#C9D7C2/XLOC-012495#KCNK3-MOUSE#O35111/XLOC-016422#OX2R-MOUSE#P58308/XLOC-021753#KCNA1-HUMAN#Q09470",7
"GO:0004888","GO:0004888","transmembrane signaling receptor activity","4/76","127/6213",0.031496062992126,2.5748031496063,1.99529272554222,0.0693758522254742,0.304806163648696,0.255202625617194,"XLOC-010031#ACHB4-BOVIN#Q8SPU6/XLOC-023609#AGRD1-HUMAN#Q6QNK2/XLOC-016422#OX2R-MOUSE#P58308/XLOC-015786#XLOC-015786",4
"GO:0035296","GO:0035296","regulation of tube diameter","3/76","78/6213",0.0384615384615385,3.14423076923077,2.12058653564163,0.0697585992852814,0.305830082274313,0.256059913798469,"XLOC-010099#KCNA1-HUMAN#Q09470/XLOC-010401#KCNAS-DROME#P08510/XLOC-021753#KCNA1-HUMAN#Q09470",3
"GO:1903532","GO:1903532","positive regulation of secretion by cell","5/76","181/6213",0.0276243093922652,2.25828729281768,1.91175788369849,0.0699283197258509,0.305917681370264,0.256133257194878,"XLOC-002415#KCNT1-CHICK#Q8QFV0/XLOC-016600#SYT7-MOUSE#Q9R0N7/XLOC-011296#FOXL2-ELLLU#Q4VUF1/XLOC-016422#OX2R-MOUSE#P58308/XLOC-025964#NEC1-HUMAN#P29120",5
"GO:0031102","GO:0031102","neuron projection regeneration","2/76","36/6213",0.0555555555555556,4.54166666666667,2.37145338215123,0.0712345620770986,0.310303220305997,0.259805102402166,"gene-evm.model.ptg000022l.266#FCN1-MOUSE#O70165/XLOC-022943#NR2E3-MOUSE#Q9QXZ7",2
"GO:0046717","GO:0046717","acid secretion","2/76","36/6213",0.0555555555555556,4.54166666666667,2.37145338215123,0.0712345620770986,0.310303220305997,0.259805102402166,"XLOC-002280#CAC1A-APIME#C9D7C2/XLOC-016422#OX2R-MOUSE#P58308",2
"GO:0023061","GO:0023061","signal release","4/76","129/6213",0.0310077519379845,2.53488372093023,1.96028939510516,0.0725947717171322,0.315555571527875,0.264202696618902,"XLOC-015788#OTOF-HUMAN#Q9HC10/XLOC-016600#SYT7-MOUSE#Q9R0N7/XLOC-002280#CAC1A-APIME#C9D7C2/XLOC-016422#OX2R-MOUSE#P58308",4
"GO:0005546","GO:0005546","phosphatidylinositol-4,5-bisphosphate binding","2/76","37/6213",0.0540540540540541,4.41891891891892,2.32102852476339,0.0747255777898523,0.322757622462301,0.270232700363881,"XLOC-015872#DIS1D-DICDI#P02888/XLOC-016600#SYT7-MOUSE#Q9R0N7",2
"GO:0030901","GO:0030901","midbrain development","2/76","37/6213",0.0540540540540541,4.41891891891892,2.32102852476339,0.0747255777898523,0.322757622462301,0.270232700363881,"XLOC-002878#LMX1B-XENLA#Q8UVR3/XLOC-012420#RFX6-DANRE#Q5RJA1",2
"GO:0040003","GO:0040003","chitin-based cuticle development","2/76","37/6213",0.0540540540540541,4.41891891891892,2.32102852476339,0.0747255777898523,0.322757622462301,0.270232700363881,"gene-evm.model.ptg000001l.686#SOX14-DANRE#Q32PP9/XLOC-012287#SX19B-DANRE#Q9DDD7",2
"GO:0099003","GO:0099003","vesicle-mediated transport in synapse","4/76","132/6213",0.0303030303030303,2.47727272727273,1.90899417001797,0.077564913987566,0.334314597629952,0.279908916788352,"XLOC-015788#OTOF-HUMAN#Q9HC10/XLOC-016600#SYT7-MOUSE#Q9R0N7/XLOC-002280#CAC1A-APIME#C9D7C2/XLOC-013699#CD5R1-BOVIN#Q28199",4
"GO:0007591","GO:0007591","molting cycle, chitin-based cuticle","2/76","38/6213",0.0526315789473684,4.30263157894737,2.2723640221542,0.0782705753679831,0.335362380185556,0.280786185331957,"gene-evm.model.ptg000001l.686#SOX14-DANRE#Q32PP9/XLOC-012287#SX19B-DANRE#Q9DDD7",2
"GO:0045475","GO:0045475","locomotor rhythm","2/76","38/6213",0.0526315789473684,4.30263157894737,2.2723640221542,0.0782705753679831,0.335362380185556,0.280786185331957,"XLOC-014487#KCND1-MOUSE#Q03719/XLOC-022943#NR2E3-MOUSE#Q9QXZ7",2
"GO:0045787","GO:0045787","positive regulation of cell cycle","6/76","245/6213",0.0244897959183673,2.00204081632653,1.78073176205611,0.0783004676204162,0.335362380185556,0.280786185331957,"XLOC-010929#MIB2-MOUSE#Q8R516/XLOC-010099#KCNA1-HUMAN#Q09470/XLOC-010401#KCNAS-DROME#P08510/XLOC-025584#SMC5-HUMAN#Q8IY18/XLOC-021753#KCNA1-HUMAN#Q09470/XLOC-019829#INS1A-DANRE#Q6P0F9",6
"GO:0016323","GO:0016323","basolateral plasma membrane","4/76","133/6213",0.0300751879699248,2.45864661654135,1.89220670836619,0.079259080566075,0.338757953130735,0.283629169609936,"XLOC-015788#OTOF-HUMAN#Q9HC10/XLOC-019533#DMBT1-MOUSE#Q60997/gene-evm.model.ptg000001l.946#AQP9-HUMAN#O43315/XLOC-025588#RGRF1-HUMAN#Q13972",4
"GO:0098771","GO:0098771","inorganic ion homeostasis","7/76","308/6213",0.0227272727272727,1.85795454545455,1.71859737764826,0.0814003262816983,0.345569874547581,0.289332532725259,"XLOC-010099#KCNA1-HUMAN#Q09470/XLOC-010031#ACHB4-BOVIN#Q8SPU6/XLOC-010401#KCNAS-DROME#P08510/XLOC-002280#CAC1A-APIME#C9D7C2/XLOC-012495#KCNK3-MOUSE#O35111/XLOC-016422#OX2R-MOUSE#P58308/XLOC-021753#KCNA1-HUMAN#Q09470",7
"GO:0007131","GO:0007131","reciprocal meiotic recombination","2/76","39/6213",0.0512820512820513,4.19230769230769,2.22534932076471,0.0818677529520456,0.345569874547581,0.289332532725259,"XLOC-025584#SMC5-HUMAN#Q8IY18/XLOC-009548#MSH4-HUMAN#O15457",2
"GO:0007365","GO:0007365","periodic partitioning","2/76","39/6213",0.0512820512820513,4.19230769230769,2.22534932076471,0.0818677529520456,0.345569874547581,0.289332532725259,"gene-evm.model.ptg000001l.686#SOX14-DANRE#Q32PP9/XLOC-012287#SX19B-DANRE#Q9DDD7",2
"GO:0035825","GO:0035825","homologous recombination","2/76","39/6213",0.0512820512820513,4.19230769230769,2.22534932076471,0.0818677529520456,0.345569874547581,0.289332532725259,"XLOC-025584#SMC5-HUMAN#Q8IY18/XLOC-009548#MSH4-HUMAN#O15457",2
"GO:0060078","GO:0060078","regulation of postsynaptic membrane potential","2/76","39/6213",0.0512820512820513,4.19230769230769,2.22534932076471,0.0818677529520456,0.345569874547581,0.289332532725259,"XLOC-010031#ACHB4-BOVIN#Q8SPU6/XLOC-014487#KCND1-MOUSE#Q03719",2
"GO:1903573","GO:1903573","negative regulation of response to endoplasmic reticulum stress","2/76","39/6213",0.0512820512820513,4.19230769230769,2.22534932076471,0.0818677529520456,0.345569874547581,0.289332532725259,"XLOC-016437#UBP14-PANTR#P60051/XLOC-027115#TXD12-EPICO#H9D1R1",2
"GO:0019901","GO:0019901","protein kinase binding","8/76","373/6213",0.0214477211796247,1.75335120643432,1.66989797656228,0.084110615214276,0.354305127593332,0.296646228373735,"XLOC-015229#M3K2-HUMAN#Q9Y2U5/XLOC-023724#ANGL7-MOUSE#Q8R1Q3/XLOC-010099#KCNA1-HUMAN#Q09470/XLOC-010031#ACHB4-BOVIN#Q8SPU6/XLOC-010401#KCNAS-DROME#P08510/gene-evm.model.ptg000031l.486#ELAV2-XENTR#Q28GD4/XLOC-021753#KCNA1-HUMAN#Q09470/XLOC-025588#RGRF1-HUMAN#Q13972",8
"GO:0007586","GO:0007586","digestion","2/76","40/6213",0.05,4.0875,2.17988348668306,0.0855153436432655,0.358007883326212,0.299746405134397,"gene-evm.model.ptg000031l.539#LIPP-ICTTR#O88354/XLOC-016422#OX2R-MOUSE#P58308",2
"GO:0031646","GO:0031646","positive regulation of nervous system process","2/76","40/6213",0.05,4.0875,2.17988348668306,0.0855153436432655,0.358007883326212,0.299746405134397,"XLOC-025696#FIBA-APOPA#P19477/XLOC-010031#ACHB4-BOVIN#Q8SPU6",2
"GO:0072341","GO:0072341","modified amino acid binding","2/76","40/6213",0.05,4.0875,2.17988348668306,0.0855153436432655,0.358007883326212,0.299746405134397,"XLOC-015872#DIS1D-DICDI#P02888/XLOC-016600#SYT7-MOUSE#Q9R0N7",2
"GO:0043292","GO:0043292","contractile muscle fiber","4/76","137/6213",0.0291970802919708,2.38686131386861,1.8265387609665,0.086220458677139,0.360221670914918,0.301599925412444,"XLOC-010099#KCNA1-HUMAN#Q09470/XLOC-010401#KCNAS-DROME#P08510/XLOC-012495#KCNK3-MOUSE#O35111/XLOC-021753#KCNA1-HUMAN#Q09470",4
"GO:0034762","GO:0034762","regulation of transmembrane transport","5/76","193/6213",0.0259067357512953,2.11787564766839,1.75557085484274,0.0866065891360058,0.361096452254816,0.302332346607969,"XLOC-010099#KCNA1-HUMAN#Q09470/XLOC-010401#KCNAS-DROME#P08510/XLOC-002280#CAC1A-APIME#C9D7C2/XLOC-021753#KCNA1-HUMAN#Q09470/XLOC-025588#RGRF1-HUMAN#Q13972",5
"GO:0007588","GO:0007588","excretion","2/76","41/6213",0.0487804878048781,3.98780487804878,2.13587415032284,0.0892116149364903,0.368200665283333,0.308280434389786,"XLOC-019533#DMBT1-MOUSE#Q60997/XLOC-002878#LMX1B-XENLA#Q8UVR3",2
"GO:0030672","GO:0030672","synaptic vesicle membrane","2/76","41/6213",0.0487804878048781,3.98780487804878,2.13587415032284,0.0892116149364903,0.368200665283333,0.308280434389786,"XLOC-025955#MCTP1-MOUSE#E9PV86/XLOC-015788#OTOF-HUMAN#Q9HC10",2
"GO:0043202","GO:0043202","lysosomal lumen","2/76","41/6213",0.0487804878048781,3.98780487804878,2.13587415032284,0.0892116149364903,0.368200665283333,0.308280434389786,"XLOC-019523#LRP12-HUMAN#Q9Y561/XLOC-016498#SAP3-MOUSE#Q60648",2
"GO:0048512","GO:0048512","circadian behavior","2/76","41/6213",0.0487804878048781,3.98780487804878,2.13587415032284,0.0892116149364903,0.368200665283333,0.308280434389786,"XLOC-014487#KCND1-MOUSE#Q03719/XLOC-022943#NR2E3-MOUSE#Q9QXZ7",2
"GO:1990782","GO:1990782","protein tyrosine kinase binding","2/76","41/6213",0.0487804878048781,3.98780487804878,2.13587415032284,0.0892116149364903,0.368200665283333,0.308280434389786,"XLOC-023724#ANGL7-MOUSE#Q8R1Q3/XLOC-025588#RGRF1-HUMAN#Q13972",2
"GO:0006816","GO:0006816","calcium ion transport","3/76","87/6213",0.0344827586206897,2.81896551724138,1.90125362091919,0.0900458741263525,0.370148331670298,0.309911141491735,"XLOC-010031#ACHB4-BOVIN#Q8SPU6/XLOC-015804#TRPC5-HUMAN#Q9UL62/XLOC-002280#CAC1A-APIME#C9D7C2",3
"GO:0034249","GO:0034249","negative regulation of amide metabolic process","3/76","87/6213",0.0344827586206897,2.81896551724138,1.90125362091919,0.0900458741263525,0.370148331670298,0.309911141491735,"XLOC-010031#ACHB4-BOVIN#Q8SPU6/gene-evm.model.ptg000031l.486#ELAV2-XENTR#Q28GD4/XLOC-026511#CPEB4-DANRE#Q7SXN4",3
"GO:0051047","GO:0051047","positive regulation of secretion","5/76","196/6213",0.0255102040816327,2.08545918367347,1.71828811170832,0.0910791488481778,0.373643978106079,0.312837913503042,"XLOC-002415#KCNT1-CHICK#Q8QFV0/XLOC-016600#SYT7-MOUSE#Q9R0N7/XLOC-011296#FOXL2-ELLLU#Q4VUF1/XLOC-016422#OX2R-MOUSE#P58308/XLOC-025964#NEC1-HUMAN#P29120",5
"GO:0006638","GO:0006638","neutral lipid metabolic process","2/76","42/6213",0.0476190476190476,3.89285714285714,2.09323658955077,0.0929548681614963,0.377548301498881,0.316106855210697,"XLOC-022043#MOG2A-XENLA#Q2KHS5/XLOC-019525#ABD12-DANRE#Q08C93",2
"GO:0006639","GO:0006639","acylglycerol metabolic process","2/76","42/6213",0.0476190476190476,3.89285714285714,2.09323658955077,0.0929548681614963,0.377548301498881,0.316106855210697,"XLOC-022043#MOG2A-XENLA#Q2KHS5/XLOC-019525#ABD12-DANRE#Q08C93",2
"GO:0033555","GO:0033555","multicellular organismal response to stress","2/76","42/6213",0.0476190476190476,3.89285714285714,2.09323658955077,0.0929548681614963,0.377548301498881,0.316106855210697,"XLOC-002280#CAC1A-APIME#C9D7C2/XLOC-016422#OX2R-MOUSE#P58308",2
"GO:0043535","GO:0043535","regulation of blood vessel endothelial cell migration","2/76","42/6213",0.0476190476190476,3.89285714285714,2.09323658955077,0.0929548681614963,0.377548301498881,0.316106855210697,"XLOC-015229#M3K2-HUMAN#Q9Y2U5/XLOC-023724#ANGL7-MOUSE#Q8R1Q3",2
"GO:0048679","GO:0048679","regulation of axon regeneration","2/76","42/6213",0.0476190476190476,3.89285714285714,2.09323658955077,0.0929548681614963,0.377548301498881,0.316106855210697,"XLOC-025696#FIBA-APOPA#P19477/gene-evm.model.ptg000004l.40#FA5-MOUSE#O88783",2
"GO:0007623","GO:0007623","circadian rhythm","3/76","89/6213",0.0337078651685393,2.75561797752809,1.85631592194603,0.0948577267823355,0.38451257106411,0.321937773645145,"XLOC-014487#KCND1-MOUSE#Q03719/XLOC-016646#ADK-PHYPA#O49923/XLOC-022943#NR2E3-MOUSE#Q9QXZ7",3
"GO:0007622","GO:0007622","rhythmic behavior","2/76","43/6213",0.0465116279069767,3.80232558139535,2.05189293027189,0.0967434379325346,0.390606410466736,0.327039913959577,"XLOC-014487#KCND1-MOUSE#Q03719/XLOC-022943#NR2E3-MOUSE#Q9QXZ7",2
"GO:0099501","GO:0099501","exocytic vesicle membrane","2/76","43/6213",0.0465116279069767,3.80232558139535,2.05189293027189,0.0967434379325346,0.390606410466736,0.327039913959577,"XLOC-025955#MCTP1-MOUSE#E9PV86/XLOC-015788#OTOF-HUMAN#Q9HC10",2
"GO:0021953","GO:0021953","central nervous system neuron differentiation","3/76","90/6213",0.0333333333333333,2.725,1.83430978354802,0.0973029978258811,0.39209077822145,0.3282827187108,"XLOC-002280#CAC1A-APIME#C9D7C2/XLOC-002878#LMX1B-XENLA#Q8UVR3/XLOC-019829#INS1A-DANRE#Q6P0F9",3
"GO:2000045","GO:2000045","regulation of G1/S transition of mitotic cell cycle","3/76","91/6213",0.032967032967033,2.69505494505495,1.81260123659014,0.0997740274815954,0.401256571151377,0.335956889054274,"XLOC-010099#KCNA1-HUMAN#Q09470/XLOC-010401#KCNAS-DROME#P08510/XLOC-021753#KCNA1-HUMAN#Q09470",3
"GO:0070570","GO:0070570","regulation of neuron projection regeneration","2/76","44/6213",0.0454545454545455,3.71590909090909,2.0117714470721,0.100575691606004,0.403685929176946,0.337990898272683,"XLOC-025696#FIBA-APOPA#P19477/gene-evm.model.ptg000004l.40#FA5-MOUSE#O88783",2
"GO:0030133","GO:0030133","transport vesicle","5/76","204/6213",0.0245098039215686,2.00367647058824,1.62200497798045,0.103583758237399,0.414944349174521,0.347417145791069,"XLOC-025955#MCTP1-MOUSE#E9PV86/XLOC-015788#OTOF-HUMAN#Q9HC10/XLOC-016600#SYT7-MOUSE#Q9R0N7/XLOC-012495#KCNK3-MOUSE#O35111/XLOC-025964#NEC1-HUMAN#P29120",5
"GO:0006979","GO:0006979","response to oxidative stress","6/76","265/6213",0.0226415094339623,1.85094339622641,1.57537005973727,0.104415627591976,0.415158382739983,0.347596347967371,"XLOC-010099#KCNA1-HUMAN#Q09470/XLOC-010401#KCNAS-DROME#P08510/XLOC-010449#GCY8E-DROME#Q8INF0/XLOC-012520#GPX2-PONPY#Q4AEI0/XLOC-021753#KCNA1-HUMAN#Q09470/gene-evm.model.ptg000022l.478#GSH0-HUMAN#P48507",6
"GO:0003730","GO:0003730","mRNA 3'-UTR binding","2/76","45/6213",0.0444444444444444,3.63333333333333,1.97280594942811,0.104450028746134,0.415158382739983,0.347596347967371,"gene-evm.model.ptg000031l.486#ELAV2-XENTR#Q28GD4/XLOC-026511#CPEB4-DANRE#Q7SXN4",2
"GO:0005604","GO:0005604","basement membrane","2/76","45/6213",0.0444444444444444,3.63333333333333,1.97280594942811,0.104450028746134,0.415158382739983,0.347596347967371,"gene-evm.model.ptg000022l.266#FCN1-MOUSE#O70165/XLOC-002381#LAMA1-HUMAN#P25391",2
"GO:0009064","GO:0009064","glutamine family amino acid metabolic process","2/76","45/6213",0.0444444444444444,3.63333333333333,1.97280594942811,0.104450028746134,0.415158382739983,0.347596347967371,"XLOC-022211#ARLY-AQUCT#P51464/gene-evm.model.ptg000022l.478#GSH0-HUMAN#P48507",2
"GO:0008344","GO:0008344","adult locomotory behavior","3/76","94/6213",0.0319148936170213,2.60904255319149,1.7491847725298,0.10733808427703,0.421269197746021,0.352712701309882,"XLOC-019525#ABD12-DANRE#Q08C93/XLOC-002280#CAC1A-APIME#C9D7C2/XLOC-016422#OX2R-MOUSE#P58308",3
"GO:0042048","GO:0042048","olfactory behavior","2/76","46/6213",0.0434782608695652,3.55434782608696,1.93493524136489,0.108364880598576,0.421269197746021,0.352712701309882,"XLOC-009528#DYRK4-HUMAN#Q9NR20/XLOC-002878#LMX1B-XENLA#Q8UVR3",2
"GO:0061025","GO:0061025","membrane fusion","3/76","95/6213",0.0315789473684211,2.58157894736842,1.72859160594937,0.109908551923734,0.421269197746021,0.352712701309882,"XLOC-019965#SYT14-HUMAN#Q8NB59/XLOC-015788#OTOF-HUMAN#Q9HC10/XLOC-016600#SYT7-MOUSE#Q9R0N7",3
"GO:0098794","GO:0098794","postsynapse","5/76","209/6213",0.0239234449760766,1.95574162679426,1.5640036460747,0.111816381234248,0.421269197746021,0.352712701309882,"XLOC-010099#KCNA1-HUMAN#Q09470/XLOC-010031#ACHB4-BOVIN#Q8SPU6/XLOC-014487#KCND1-MOUSE#Q03719/XLOC-010401#KCNAS-DROME#P08510/XLOC-021753#KCNA1-HUMAN#Q09470",5
"GO:0031252","GO:0031252","cell leading edge","5/76","210/6213",0.0238095238095238,1.94642857142857,1.55259354530132,0.113500561501619,0.421269197746021,0.352712701309882,"XLOC-008865#PTN13-HUMAN#Q12923/XLOC-010099#KCNA1-HUMAN#Q09470/XLOC-010031#ACHB4-BOVIN#Q8SPU6/XLOC-010401#KCNAS-DROME#P08510/XLOC-021753#KCNA1-HUMAN#Q09470",5
"GO:0048589","GO:0048589","developmental growth","7/76","335/6213",0.0208955223880597,1.70820895522388,1.48290552999961,0.113996256512535,0.421269197746021,0.352712701309882,"gene-evm.model.ptg000022l.266#FCN1-MOUSE#O70165/XLOC-010099#KCNA1-HUMAN#Q09470/XLOC-010401#KCNAS-DROME#P08510/XLOC-002878#LMX1B-XENLA#Q8UVR3/XLOC-022943#NR2E3-MOUSE#Q9QXZ7/XLOC-021753#KCNA1-HUMAN#Q09470/XLOC-019829#INS1A-DANRE#Q6P0F9",7
"GO:0043062","GO:0043062","extracellular structure organization","4/76","152/6213",0.0263157894736842,2.15131578947368,1.59914767407829,0.114851313780491,0.421269197746021,0.352712701309882,"gene-evm.model.ptg000022l.266#FCN1-MOUSE#O70165/XLOC-025696#FIBA-APOPA#P19477/XLOC-002878#LMX1B-XENLA#Q8UVR3/XLOC-002381#LAMA1-HUMAN#P25391",4
"GO:0004806","GO:0004806","triacylglycerol lipase activity","1/76","10/6213",0.1,8.175,2.52676860899208,0.115885114602674,0.421269197746021,0.352712701309882,"gene-evm.model.ptg000031l.539#LIPP-ICTTR#O88354",1
"GO:0005227","GO:0005227","calcium-activated cation channel activity","1/76","10/6213",0.1,8.175,2.52676860899208,0.115885114602674,0.421269197746021,0.352712701309882,"XLOC-002415#KCNT1-CHICK#Q8QFV0",1
"GO:0005527","GO:0005527","macrolide binding","1/76","10/6213",0.1,8.175,2.52676860899208,0.115885114602674,0.421269197746021,0.352712701309882,"XLOC-009392#FKB14-HUMAN#Q9NWM8",1
"GO:0005528","GO:0005528","FK506 binding","1/76","10/6213",0.1,8.175,2.52676860899208,0.115885114602674,0.421269197746021,0.352712701309882,"XLOC-009392#FKB14-HUMAN#Q9NWM8",1
"GO:0008139","GO:0008139","nuclear localization sequence binding","1/76","10/6213",0.1,8.175,2.52676860899208,0.115885114602674,0.421269197746021,0.352712701309882,"gene-evm.model.ptg000012l.875#IMB1-HUMAN#Q14974",1
"GO:0008179","GO:0008179","adenylate cyclase binding","1/76","10/6213",0.1,8.175,2.52676860899208,0.115885114602674,0.421269197746021,0.352712701309882,"XLOC-010031#ACHB4-BOVIN#Q8SPU6",1
"GO:0008328","GO:0008328","ionotropic glutamate receptor complex","1/76","10/6213",0.1,8.175,2.52676860899208,0.115885114602674,0.421269197746021,0.352712701309882,"XLOC-019525#ABD12-DANRE#Q08C93",1
"GO:0009263","GO:0009263","deoxyribonucleotide biosynthetic process","1/76","10/6213",0.1,8.175,2.52676860899208,0.115885114602674,0.421269197746021,0.352712701309882,"XLOC-016646#ADK-PHYPA#O49923",1
"GO:0014056","GO:0014056","regulation of acetylcholine secretion, neurotransmission","1/76","10/6213",0.1,8.175,2.52676860899208,0.115885114602674,0.421269197746021,0.352712701309882,"XLOC-002280#CAC1A-APIME#C9D7C2",1
"GO:0018993","GO:0018993","somatic sex determination","1/76","10/6213",0.1,8.175,2.52676860899208,0.115885114602674,0.421269197746021,0.352712701309882,"XLOC-011296#FOXL2-ELLLU#Q4VUF1",1
"GO:0019184","GO:0019184","nonribosomal peptide biosynthetic process","1/76","10/6213",0.1,8.175,2.52676860899208,0.115885114602674,0.421269197746021,0.352712701309882,"gene-evm.model.ptg000022l.478#GSH0-HUMAN#P48507",1
"GO:0022840","GO:0022840","leak channel activity","1/76","10/6213",0.1,8.175,2.52676860899208,0.115885114602674,0.421269197746021,0.352712701309882,"XLOC-012495#KCNK3-MOUSE#O35111",1
"GO:0022842","GO:0022842","narrow pore channel activity","1/76","10/6213",0.1,8.175,2.52676860899208,0.115885114602674,0.421269197746021,0.352712701309882,"XLOC-012495#KCNK3-MOUSE#O35111",1
"GO:0030073","GO:0030073","insulin secretion","1/76","10/6213",0.1,8.175,2.52676860899208,0.115885114602674,0.421269197746021,0.352712701309882,"XLOC-016422#OX2R-MOUSE#P58308",1
"GO:0030296","GO:0030296","protein tyrosine kinase activator activity","1/76","10/6213",0.1,8.175,2.52676860899208,0.115885114602674,0.421269197746021,0.352712701309882,"XLOC-023724#ANGL7-MOUSE#Q8R1Q3",1
"GO:0030506","GO:0030506","ankyrin binding","1/76","10/6213",0.1,8.175,2.52676860899208,0.115885114602674,0.421269197746021,0.352712701309882,"XLOC-015804#TRPC5-HUMAN#Q9UL62",1
"GO:0032728","GO:0032728","positive regulation of interferon-beta production","1/76","10/6213",0.1,8.175,2.52676860899208,0.115885114602674,0.421269197746021,0.352712701309882,"XLOC-001865#RPC2-HUMAN#Q9NW08",1
"GO:0033240","GO:0033240","positive regulation of amine metabolic process","1/76","10/6213",0.1,8.175,2.52676860899208,0.115885114602674,0.421269197746021,0.352712701309882,"XLOC-010031#ACHB4-BOVIN#Q8SPU6",1
"GO:0034663","GO:0034663","endoplasmic reticulum chaperone complex","1/76","10/6213",0.1,8.175,2.52676860899208,0.115885114602674,0.421269197746021,0.352712701309882,"XLOC-025644#PPIB-MOUSE#P24369",1
"GO:0036151","GO:0036151","phosphatidylcholine acyl-chain remodeling","1/76","10/6213",0.1,8.175,2.52676860899208,0.115885114602674,0.421269197746021,0.352712701309882,"XLOC-020365#PA2-BOMTE#P82971",1
"GO:0042359","GO:0042359","vitamin D metabolic process","1/76","10/6213",0.1,8.175,2.52676860899208,0.115885114602674,0.421269197746021,0.352712701309882,"XLOC-019523#LRP12-HUMAN#Q9Y561",1
"GO:0044752","GO:0044752","response to human chorionic gonadotropin","1/76","10/6213",0.1,8.175,2.52676860899208,0.115885114602674,0.421269197746021,0.352712701309882,"gene-evm.model.ptg000022l.478#GSH0-HUMAN#P48507",1
"GO:0044849","GO:0044849","estrous cycle","1/76","10/6213",0.1,8.175,2.52676860899208,0.115885114602674,0.421269197746021,0.352712701309882,"XLOC-016422#OX2R-MOUSE#P58308",1
"GO:0046060","GO:0046060","dATP metabolic process","1/76","10/6213",0.1,8.175,2.52676860899208,0.115885114602674,0.421269197746021,0.352712701309882,"XLOC-016646#ADK-PHYPA#O49923",1
"GO:0046475","GO:0046475","glycerophospholipid catabolic process","1/76","10/6213",0.1,8.175,2.52676860899208,0.115885114602674,0.421269197746021,0.352712701309882,"XLOC-019525#ABD12-DANRE#Q08C93",1
"GO:0048688","GO:0048688","negative regulation of sprouting of injured axon","1/76","10/6213",0.1,8.175,2.52676860899208,0.115885114602674,0.421269197746021,0.352712701309882,"XLOC-025696#FIBA-APOPA#P19477",1
"GO:0048692","GO:0048692","negative regulation of axon extension involved in regeneration","1/76","10/6213",0.1,8.175,2.52676860899208,0.115885114602674,0.421269197746021,0.352712701309882,"XLOC-025696#FIBA-APOPA#P19477",1
"GO:0048787","GO:0048787","presynaptic active zone membrane","1/76","10/6213",0.1,8.175,2.52676860899208,0.115885114602674,0.421269197746021,0.352712701309882,"XLOC-015788#OTOF-HUMAN#Q9HC10",1
"GO:0050893","GO:0050893","sensory processing","1/76","10/6213",0.1,8.175,2.52676860899208,0.115885114602674,0.421269197746021,0.352712701309882,"XLOC-010031#ACHB4-BOVIN#Q8SPU6",1
"GO:0050907","GO:0050907","detection of chemical stimulus involved in sensory perception","1/76","10/6213",0.1,8.175,2.52676860899208,0.115885114602674,0.421269197746021,0.352712701309882,"XLOC-017989#AMT3-CAEEL#Q21565",1
"GO:0051305","GO:0051305","chromosome movement towards spindle pole","1/76","10/6213",0.1,8.175,2.52676860899208,0.115885114602674,0.421269197746021,0.352712701309882,"gene-evm.model.ptg000012l.875#IMB1-HUMAN#Q14974",1
"GO:0051971","GO:0051971","positive regulation of transmission of nerve impulse","1/76","10/6213",0.1,8.175,2.52676860899208,0.115885114602674,0.421269197746021,0.352712701309882,"XLOC-025696#FIBA-APOPA#P19477",1
"GO:0060149","GO:0060149","negative regulation of post-transcriptional gene silencing","1/76","10/6213",0.1,8.175,2.52676860899208,0.115885114602674,0.421269197746021,0.352712701309882,"gene-evm.model.ptg000031l.486#ELAV2-XENTR#Q28GD4",1
"GO:0060447","GO:0060447","bud outgrowth involved in lung branching","1/76","10/6213",0.1,8.175,2.52676860899208,0.115885114602674,0.421269197746021,0.352712701309882,"gene-evm.model.ptg000022l.266#FCN1-MOUSE#O70165",1
"GO:0072070","GO:0072070","loop of Henle development","1/76","10/6213",0.1,8.175,2.52676860899208,0.115885114602674,0.421269197746021,0.352712701309882,"XLOC-019533#DMBT1-MOUSE#Q60997",1
"GO:0097440","GO:0097440","apical dendrite","1/76","10/6213",0.1,8.175,2.52676860899208,0.115885114602674,0.421269197746021,0.352712701309882,"XLOC-025588#RGRF1-HUMAN#Q13972",1
"GO:0099529","GO:0099529","neurotransmitter receptor activity involved in regulation of postsynaptic membrane potential","1/76","10/6213",0.1,8.175,2.52676860899208,0.115885114602674,0.421269197746021,0.352712701309882,"XLOC-010031#ACHB4-BOVIN#Q8SPU6",1
"GO:0140115","GO:0140115","export across plasma membrane","1/76","10/6213",0.1,8.175,2.52676860899208,0.115885114602674,0.421269197746021,0.352712701309882,"XLOC-014487#KCND1-MOUSE#Q03719",1
"GO:1901385","GO:1901385","regulation of voltage-gated calcium channel activity","1/76","10/6213",0.1,8.175,2.52676860899208,0.115885114602674,0.421269197746021,0.352712701309882,"XLOC-002280#CAC1A-APIME#C9D7C2",1
"GO:1904315","GO:1904315","transmitter-gated monoatomic ion channel activity involved in regulation of postsynaptic membrane potential","1/76","10/6213",0.1,8.175,2.52676860899208,0.115885114602674,0.421269197746021,0.352712701309882,"XLOC-010031#ACHB4-BOVIN#Q8SPU6",1
"GO:2001014","GO:2001014","regulation of skeletal muscle cell differentiation","1/76","10/6213",0.1,8.175,2.52676860899208,0.115885114602674,0.421269197746021,0.352712701309882,"XLOC-000896#ATOH8-HUMAN#Q96SQ7",1
"GO:0019900","GO:0019900","kinase binding","8/76","402/6213",0.0199004975124378,1.62686567164179,1.44612733242848,0.116458730884408,0.422322462640298,0.353594560007463,"XLOC-015229#M3K2-HUMAN#Q9Y2U5/XLOC-023724#ANGL7-MOUSE#Q8R1Q3/XLOC-010099#KCNA1-HUMAN#Q09470/XLOC-010031#ACHB4-BOVIN#Q8SPU6/XLOC-010401#KCNAS-DROME#P08510/gene-evm.model.ptg000031l.486#ELAV2-XENTR#Q28GD4/XLOC-021753#KCNA1-HUMAN#Q09470/XLOC-025588#RGRF1-HUMAN#Q13972",8
"GO:0010632","GO:0010632","regulation of epithelial cell migration","3/76","98/6213",0.0306122448979592,2.50255102040816,1.66835509875152,0.117762169809686,0.422322462640298,0.353594560007463,"XLOC-015229#M3K2-HUMAN#Q9Y2U5/XLOC-023724#ANGL7-MOUSE#Q8R1Q3/XLOC-000896#ATOH8-HUMAN#Q96SQ7",3
"GO:0031012","GO:0031012","extracellular matrix","3/76","98/6213",0.0306122448979592,2.50255102040816,1.66835509875152,0.117762169809686,0.422322462640298,0.353594560007463,"gene-evm.model.ptg000022l.266#FCN1-MOUSE#O70165/XLOC-025696#FIBA-APOPA#P19477/XLOC-002381#LAMA1-HUMAN#P25391",3
"GO:0003682","GO:0003682","chromatin binding","6/76","275/6213",0.0218181818181818,1.78363636363636,1.47912640133698,0.119009337371605,0.422322462640298,0.353594560007463,"gene-evm.model.ptg000001l.686#SOX14-DANRE#Q32PP9/XLOC-013049#PTF1A-DANRE#Q7ZSX3/XLOC-012420#RFX6-DANRE#Q5RJA1/XLOC-022943#NR2E3-MOUSE#Q9QXZ7/XLOC-019829#INS1A-DANRE#Q6P0F9/XLOC-012287#SX19B-DANRE#Q9DDD7",6
"GO:0002168","GO:0002168","instar larval development","2/76","49/6213",0.0408163265306122,3.33673469387755,1.8273451700867,0.12033730127024,0.422322462640298,0.353594560007463,"gene-evm.model.ptg000001l.686#SOX14-DANRE#Q32PP9/XLOC-012287#SX19B-DANRE#Q9DDD7",2
"GO:0010043","GO:0010043","response to zinc ion","2/76","49/6213",0.0408163265306122,3.33673469387755,1.8273451700867,0.12033730127024,0.422322462640298,0.353594560007463,"XLOC-022211#ARLY-AQUCT#P51464/XLOC-012495#KCNK3-MOUSE#O35111",2
"GO:0098802","GO:0098802","plasma membrane signaling receptor complex","2/76","49/6213",0.0408163265306122,3.33673469387755,1.8273451700867,0.12033730127024,0.422322462640298,0.353594560007463,"XLOC-019525#ABD12-DANRE#Q08C93/XLOC-010031#ACHB4-BOVIN#Q8SPU6",2
"GO:1902806","GO:1902806","regulation of cell cycle G1/S phase transition","3/76","99/6213",0.0303030303030303,2.47727272727273,1.64876977828093,0.120426213448363,0.422322462640298,0.353594560007463,"XLOC-010099#KCNA1-HUMAN#Q09470/XLOC-010401#KCNAS-DROME#P08510/XLOC-021753#KCNA1-HUMAN#Q09470",3
"GO:0007269","GO:0007269","neurotransmitter secretion","3/76","100/6213",0.03,2.4525,1.62942134513661,0.123112721807585,0.422322462640298,0.353594560007463,"XLOC-015788#OTOF-HUMAN#Q9HC10/XLOC-016600#SYT7-MOUSE#Q9R0N7/XLOC-002280#CAC1A-APIME#C9D7C2",3
"GO:0099643","GO:0099643","signal release from synapse","3/76","100/6213",0.03,2.4525,1.62942134513661,0.123112721807585,0.422322462640298,0.353594560007463,"XLOC-015788#OTOF-HUMAN#Q9HC10/XLOC-016600#SYT7-MOUSE#Q9R0N7/XLOC-002280#CAC1A-APIME#C9D7C2",3
"GO:0019725","GO:0019725","cellular homeostasis","8/76","409/6213",0.019559902200489,1.59902200488998,1.39471408406089,0.125168114794663,0.422322462640298,0.353594560007463,"XLOC-010099#KCNA1-HUMAN#Q09470/XLOC-010031#ACHB4-BOVIN#Q8SPU6/XLOC-010401#KCNAS-DROME#P08510/XLOC-002280#CAC1A-APIME#C9D7C2/XLOC-012495#KCNK3-MOUSE#O35111/XLOC-016422#OX2R-MOUSE#P58308/XLOC-021753#KCNA1-HUMAN#Q09470/gene-evm.model.ptg000022l.478#GSH0-HUMAN#P48507",8
"GO:0048588","GO:0048588","developmental cell growth","3/76","101/6213",0.0297029702970297,2.42821782178218,1.61030417967674,0.125821320493173,0.422322462640298,0.353594560007463,"XLOC-010099#KCNA1-HUMAN#Q09470/XLOC-010401#KCNAS-DROME#P08510/XLOC-021753#KCNA1-HUMAN#Q09470",3
"GO:0000722","GO:0000722","telomere maintenance via recombination","1/76","11/6213",0.0909090909090909,7.43181818181818,2.37579343924584,0.126717410474059,0.422322462640298,0.353594560007463,"XLOC-025584#SMC5-HUMAN#Q8IY18",1
"GO:0001976","GO:0001976","nervous system process involved in regulation of systemic arterial blood pressure","1/76","11/6213",0.0909090909090909,7.43181818181818,2.37579343924584,0.126717410474059,0.422322462640298,0.353594560007463,"XLOC-010031#ACHB4-BOVIN#Q8SPU6",1
"GO:0006658","GO:0006658","phosphatidylserine metabolic process","1/76","11/6213",0.0909090909090909,7.43181818181818,2.37579343924584,0.126717410474059,0.422322462640298,0.353594560007463,"XLOC-019525#ABD12-DANRE#Q08C93",1
"GO:0007542","GO:0007542","primary sex determination, germ-line","1/76","11/6213",0.0909090909090909,7.43181818181818,2.37579343924584,0.126717410474059,0.422322462640298,0.353594560007463,"XLOC-011296#FOXL2-ELLLU#Q4VUF1",1
"GO:0008239","GO:0008239","dipeptidyl-peptidase activity","1/76","11/6213",0.0909090909090909,7.43181818181818,2.37579343924584,0.126717410474059,0.422322462640298,0.353594560007463,"XLOC-004937#FOLH1-RAT#P70627",1
"GO:0015929","GO:0015929","hexosaminidase activity","1/76","11/6213",0.0909090909090909,7.43181818181818,2.37579343924584,0.126717410474059,0.422322462640298,0.353594560007463,"XLOC-016498#SAP3-MOUSE#Q60648",1
"GO:0016056","GO:0016056","G protein-coupled opsin signaling pathway","1/76","11/6213",0.0909090909090909,7.43181818181818,2.37579343924584,0.126717410474059,0.422322462640298,0.353594560007463,"XLOC-015872#DIS1D-DICDI#P02888",1
"GO:0016840","GO:0016840","carbon-nitrogen lyase activity","1/76","11/6213",0.0909090909090909,7.43181818181818,2.37579343924584,0.126717410474059,0.422322462640298,0.353594560007463,"XLOC-022211#ARLY-AQUCT#P51464",1
"GO:0019206","GO:0019206","nucleoside kinase activity","1/76","11/6213",0.0909090909090909,7.43181818181818,2.37579343924584,0.126717410474059,0.422322462640298,0.353594560007463,"XLOC-016646#ADK-PHYPA#O49923",1
"GO:0021533","GO:0021533","cell differentiation in hindbrain","1/76","11/6213",0.0909090909090909,7.43181818181818,2.37579343924584,0.126717410474059,0.422322462640298,0.353594560007463,"XLOC-002280#CAC1A-APIME#C9D7C2",1
"GO:0021692","GO:0021692","cerebellar Purkinje cell layer morphogenesis","1/76","11/6213",0.0909090909090909,7.43181818181818,2.37579343924584,0.126717410474059,0.422322462640298,0.353594560007463,"XLOC-002280#CAC1A-APIME#C9D7C2",1
"GO:0030644","GO:0030644","intracellular chloride ion homeostasis","1/76","11/6213",0.0909090909090909,7.43181818181818,2.37579343924584,0.126717410474059,0.422322462640298,0.353594560007463,"XLOC-002280#CAC1A-APIME#C9D7C2",1
"GO:0031000","GO:0031000","response to caffeine","1/76","11/6213",0.0909090909090909,7.43181818181818,2.37579343924584,0.126717410474059,0.422322462640298,0.353594560007463,"XLOC-025584#SMC5-HUMAN#Q8IY18",1
"GO:0032230","GO:0032230","positive regulation of synaptic transmission, GABAergic","1/76","11/6213",0.0909090909090909,7.43181818181818,2.37579343924584,0.126717410474059,0.422322462640298,0.353594560007463,"XLOC-016422#OX2R-MOUSE#P58308",1
"GO:0035728","GO:0035728","response to hepatocyte growth factor","1/76","11/6213",0.0909090909090909,7.43181818181818,2.37579343924584,0.126717410474059,0.422322462640298,0.353594560007463,"gene-evm.model.ptg000022l.478#GSH0-HUMAN#P48507",1
"GO:0035729","GO:0035729","cellular response to hepatocyte growth factor stimulus","1/76","11/6213",0.0909090909090909,7.43181818181818,2.37579343924584,0.126717410474059,0.422322462640298,0.353594560007463,"gene-evm.model.ptg000022l.478#GSH0-HUMAN#P48507",1
"GO:0036270","GO:0036270","response to diuretic","1/76","11/6213",0.0909090909090909,7.43181818181818,2.37579343924584,0.126717410474059,0.422322462640298,0.353594560007463,"XLOC-025584#SMC5-HUMAN#Q8IY18",1
"GO:0042415","GO:0042415","norepinephrine metabolic process","1/76","11/6213",0.0909090909090909,7.43181818181818,2.37579343924584,0.126717410474059,0.422322462640298,0.353594560007463,"XLOC-019829#INS1A-DANRE#Q6P0F9",1
"GO:0042588","GO:0042588","zymogen granule","1/76","11/6213",0.0909090909090909,7.43181818181818,2.37579343924584,0.126717410474059,0.422322462640298,0.353594560007463,"gene-evm.model.ptg000031l.539#LIPP-ICTTR#O88354",1
"GO:0042762","GO:0042762","regulation of sulfur metabolic process","1/76","11/6213",0.0909090909090909,7.43181818181818,2.37579343924584,0.126717410474059,0.422322462640298,0.353594560007463,"XLOC-002280#CAC1A-APIME#C9D7C2",1
"GO:0043028","GO:0043028","cysteine-type endopeptidase regulator activity involved in apoptotic process","1/76","11/6213",0.0909090909090909,7.43181818181818,2.37579343924584,0.126717410474059,0.422322462640298,0.353594560007463,"XLOC-011296#FOXL2-ELLLU#Q4VUF1",1
"GO:0043101","GO:0043101","purine-containing compound salvage","1/76","11/6213",0.0909090909090909,7.43181818181818,2.37579343924584,0.126717410474059,0.422322462640298,0.353594560007463,"XLOC-016646#ADK-PHYPA#O49923",1
"GO:0043174","GO:0043174","nucleoside salvage","1/76","11/6213",0.0909090909090909,7.43181818181818,2.37579343924584,0.126717410474059,0.422322462640298,0.353594560007463,"XLOC-016646#ADK-PHYPA#O49923",1
"GO:0043696","GO:0043696","dedifferentiation","1/76","11/6213",0.0909090909090909,7.43181818181818,2.37579343924584,0.126717410474059,0.422322462640298,0.353594560007463,"XLOC-019829#INS1A-DANRE#Q6P0F9",1
"GO:0043697","GO:0043697","cell dedifferentiation","1/76","11/6213",0.0909090909090909,7.43181818181818,2.37579343924584,0.126717410474059,0.422322462640298,0.353594560007463,"XLOC-019829#INS1A-DANRE#Q6P0F9",1
"GO:0044829","GO:0044829","host-mediated activation of viral genome replication","1/76","11/6213",0.0909090909090909,7.43181818181818,2.37579343924584,0.126717410474059,0.422322462640298,0.353594560007463,"XLOC-025644#PPIB-MOUSE#P24369",1
"GO:0046339","GO:0046339","diacylglycerol metabolic process","1/76","11/6213",0.0909090909090909,7.43181818181818,2.37579343924584,0.126717410474059,0.422322462640298,0.353594560007463,"XLOC-022043#MOG2A-XENLA#Q2KHS5",1
"GO:0048266","GO:0048266","behavioral response to pain","1/76","11/6213",0.0909090909090909,7.43181818181818,2.37579343924584,0.126717410474059,0.422322462640298,0.353594560007463,"XLOC-002280#CAC1A-APIME#C9D7C2",1
"GO:0050873","GO:0050873","brown fat cell differentiation","1/76","11/6213",0.0909090909090909,7.43181818181818,2.37579343924584,0.126717410474059,0.422322462640298,0.353594560007463,"XLOC-002381#LAMA1-HUMAN#P25391",1
"GO:0051900","GO:0051900","regulation of mitochondrial depolarization","1/76","11/6213",0.0909090909090909,7.43181818181818,2.37579343924584,0.126717410474059,0.422322462640298,0.353594560007463,"gene-evm.model.ptg000022l.478#GSH0-HUMAN#P48507",1
"GO:0055064","GO:0055064","chloride ion homeostasis","1/76","11/6213",0.0909090909090909,7.43181818181818,2.37579343924584,0.126717410474059,0.422322462640298,0.353594560007463,"XLOC-002280#CAC1A-APIME#C9D7C2",1
"GO:0060856","GO:0060856","establishment of blood-brain barrier","1/76","11/6213",0.0909090909090909,7.43181818181818,2.37579343924584,0.126717410474059,0.422322462640298,0.353594560007463,"gene-evm.model.ptg000031l.486#ELAV2-XENTR#Q28GD4",1
"GO:0061980","GO:0061980","regulatory RNA binding","1/76","11/6213",0.0909090909090909,7.43181818181818,2.37579343924584,0.126717410474059,0.422322462640298,0.353594560007463,"gene-evm.model.ptg000031l.486#ELAV2-XENTR#Q28GD4",1
"GO:0070935","GO:0070935","3'-UTR-mediated mRNA stabilization","1/76","11/6213",0.0909090909090909,7.43181818181818,2.37579343924584,0.126717410474059,0.422322462640298,0.353594560007463,"gene-evm.model.ptg000031l.486#ELAV2-XENTR#Q28GD4",1
"GO:0098878","GO:0098878","neurotransmitter receptor complex","1/76","11/6213",0.0909090909090909,7.43181818181818,2.37579343924584,0.126717410474059,0.422322462640298,0.353594560007463,"XLOC-019525#ABD12-DANRE#Q08C93",1
"GO:0098960","GO:0098960","postsynaptic neurotransmitter receptor activity","1/76","11/6213",0.0909090909090909,7.43181818181818,2.37579343924584,0.126717410474059,0.422322462640298,0.353594560007463,"XLOC-010031#ACHB4-BOVIN#Q8SPU6",1
"GO:0099116","GO:0099116","tRNA 5'-end processing","1/76","11/6213",0.0909090909090909,7.43181818181818,2.37579343924584,0.126717410474059,0.422322462640298,0.353594560007463,"XLOC-016437#UBP14-PANTR#P60051",1
"GO:1902003","GO:1902003","regulation of amyloid-beta formation","1/76","11/6213",0.0909090909090909,7.43181818181818,2.37579343924584,0.126717410474059,0.422322462640298,0.353594560007463,"XLOC-010031#ACHB4-BOVIN#Q8SPU6",1
"GO:1904948","GO:1904948","midbrain dopaminergic neuron differentiation","1/76","11/6213",0.0909090909090909,7.43181818181818,2.37579343924584,0.126717410474059,0.422322462640298,0.353594560007463,"XLOC-002878#LMX1B-XENLA#Q8UVR3",1
"GO:0006936","GO:0006936","muscle contraction","3/76","103/6213",0.029126213592233,2.38106796116505,1.57274211177217,0.131303286153867,0.434591997178685,0.36386737533316,"XLOC-010099#KCNA1-HUMAN#Q09470/XLOC-010401#KCNAS-DROME#P08510/XLOC-021753#KCNA1-HUMAN#Q09470",3
"GO:0033047","GO:0033047","regulation of mitotic sister chromatid segregation","2/76","52/6213",0.0384615384615385,3.14423076923077,1.72779434879432,0.132620813195881,0.434591997178685,0.36386737533316,"XLOC-010929#MIB2-MOUSE#Q8R516/XLOC-025584#SMC5-HUMAN#Q8IY18",2
"GO:0072347","GO:0072347","response to anesthetic","2/76","52/6213",0.0384615384615385,3.14423076923077,1.72779434879432,0.132620813195881,0.434591997178685,0.36386737533316,"gene-evm.model.ptg000031l.486#ELAV2-XENTR#Q28GD4/XLOC-025964#NEC1-HUMAN#P29120",2
"GO:1903305","GO:1903305","regulation of regulated secretory pathway","2/76","52/6213",0.0384615384615385,3.14423076923077,1.72779434879432,0.132620813195881,0.434591997178685,0.36386737533316,"XLOC-016600#SYT7-MOUSE#Q9R0N7/XLOC-002280#CAC1A-APIME#C9D7C2",2
"GO:0040007","GO:0040007","growth","7/76","350/6213",0.02,1.635,1.36079360106202,0.134731494502767,0.434591997178685,0.36386737533316,"gene-evm.model.ptg000022l.266#FCN1-MOUSE#O70165/XLOC-010099#KCNA1-HUMAN#Q09470/XLOC-010401#KCNAS-DROME#P08510/XLOC-002878#LMX1B-XENLA#Q8UVR3/XLOC-022943#NR2E3-MOUSE#Q9QXZ7/XLOC-021753#KCNA1-HUMAN#Q09470/XLOC-019829#INS1A-DANRE#Q6P0F9",7
"GO:0008585","GO:0008585","female gonad development","2/76","53/6213",0.0377358490566038,3.08490566037736,1.69620541437302,0.136777897156052,0.434591997178685,0.36386737533316,"XLOC-011296#FOXL2-ELLLU#Q4VUF1/XLOC-009548#MSH4-HUMAN#O15457",2
"GO:0018958","GO:0018958","phenol-containing compound metabolic process","2/76","53/6213",0.0377358490566038,3.08490566037736,1.69620541437302,0.136777897156052,0.434591997178685,0.36386737533316,"XLOC-010031#ACHB4-BOVIN#Q8SPU6/XLOC-019829#INS1A-DANRE#Q6P0F9",2
"GO:0048878","GO:0048878","chemical homeostasis","9/76","486/6213",0.0185185185185185,1.51388888888889,1.31301058957643,0.137180681586943,0.434591997178685,0.36386737533316,"XLOC-010099#KCNA1-HUMAN#Q09470/XLOC-010031#ACHB4-BOVIN#Q8SPU6/XLOC-010401#KCNAS-DROME#P08510/XLOC-019533#DMBT1-MOUSE#Q60997/XLOC-002280#CAC1A-APIME#C9D7C2/XLOC-012495#KCNK3-MOUSE#O35111/XLOC-016422#OX2R-MOUSE#P58308/XLOC-021753#KCNA1-HUMAN#Q09470/gene-evm.model.ptg000022l.478#GSH0-HUMAN#P48507",9
"GO:0001659","GO:0001659","temperature homeostasis","1/76","12/6213",0.0833333333333333,6.8125,2.24267933488259,0.137418712764283,0.434591997178685,0.36386737533316,"XLOC-016422#OX2R-MOUSE#P58308",1
"GO:0002021","GO:0002021","response to dietary excess","1/76","12/6213",0.0833333333333333,6.8125,2.24267933488259,0.137418712764283,0.434591997178685,0.36386737533316,"XLOC-016422#OX2R-MOUSE#P58308",1
"GO:0006525","GO:0006525","arginine metabolic process","1/76","12/6213",0.0833333333333333,6.8125,2.24267933488259,0.137418712764283,0.434591997178685,0.36386737533316,"XLOC-022211#ARLY-AQUCT#P51464",1
"GO:0008188","GO:0008188","neuropeptide receptor activity","1/76","12/6213",0.0833333333333333,6.8125,2.24267933488259,0.137418712764283,0.434591997178685,0.36386737533316,"XLOC-016422#OX2R-MOUSE#P58308",1
"GO:0010460","GO:0010460","positive regulation of heart rate","1/76","12/6213",0.0833333333333333,6.8125,2.24267933488259,0.137418712764283,0.434591997178685,0.36386737533316,"XLOC-010031#ACHB4-BOVIN#Q8SPU6",1
"GO:0016018","GO:0016018","cyclosporin A binding","1/76","12/6213",0.0833333333333333,6.8125,2.24267933488259,0.137418712764283,0.434591997178685,0.36386737533316,"XLOC-025644#PPIB-MOUSE#P24369",1
"GO:0019825","GO:0019825","oxygen binding","1/76","12/6213",0.0833333333333333,6.8125,2.24267933488259,0.137418712764283,0.434591997178685,0.36386737533316,"XLOC-010449#GCY8E-DROME#Q8INF0",1
"GO:0030072","GO:0030072","peptide hormone secretion","1/76","12/6213",0.0833333333333333,6.8125,2.24267933488259,0.137418712764283,0.434591997178685,0.36386737533316,"XLOC-016422#OX2R-MOUSE#P58308",1
"GO:0031017","GO:0031017","exocrine pancreas development","1/76","12/6213",0.0833333333333333,6.8125,2.24267933488259,0.137418712764283,0.434591997178685,0.36386737533316,"XLOC-013049#PTF1A-DANRE#Q7ZSX3",1
"GO:0032367","GO:0032367","intracellular cholesterol transport","1/76","12/6213",0.0833333333333333,6.8125,2.24267933488259,0.137418712764283,0.434591997178685,0.36386737533316,"XLOC-016600#SYT7-MOUSE#Q9R0N7",1
"GO:0042044","GO:0042044","fluid transport","1/76","12/6213",0.0833333333333333,6.8125,2.24267933488259,0.137418712764283,0.434591997178685,0.36386737533316,"gene-evm.model.ptg000001l.946#AQP9-HUMAN#O43315",1
"GO:0042451","GO:0042451","purine nucleoside biosynthetic process","1/76","12/6213",0.0833333333333333,6.8125,2.24267933488259,0.137418712764283,0.434591997178685,0.36386737533316,"XLOC-016646#ADK-PHYPA#O49923",1
"GO:0043058","GO:0043058","regulation of backward locomotion","1/76","12/6213",0.0833333333333333,6.8125,2.24267933488259,0.137418712764283,0.434591997178685,0.36386737533316,"XLOC-022943#NR2E3-MOUSE#Q9QXZ7",1
"GO:0046129","GO:0046129","purine ribonucleoside biosynthetic process","1/76","12/6213",0.0833333333333333,6.8125,2.24267933488259,0.137418712764283,0.434591997178685,0.36386737533316,"XLOC-016646#ADK-PHYPA#O49923",1
"GO:0046461","GO:0046461","neutral lipid catabolic process","1/76","12/6213",0.0833333333333333,6.8125,2.24267933488259,0.137418712764283,0.434591997178685,0.36386737533316,"XLOC-019525#ABD12-DANRE#Q08C93",1
"GO:0046464","GO:0046464","acylglycerol catabolic process","1/76","12/6213",0.0833333333333333,6.8125,2.24267933488259,0.137418712764283,0.434591997178685,0.36386737533316,"XLOC-019525#ABD12-DANRE#Q08C93",1
"GO:0048934","GO:0048934","peripheral nervous system neuron differentiation","1/76","12/6213",0.0833333333333333,6.8125,2.24267933488259,0.137418712764283,0.434591997178685,0.36386737533316,"XLOC-013651#ETV1-BOVIN#Q2KIC2",1
"GO:0048935","GO:0048935","peripheral nervous system neuron development","1/76","12/6213",0.0833333333333333,6.8125,2.24267933488259,0.137418712764283,0.434591997178685,0.36386737533316,"XLOC-013651#ETV1-BOVIN#Q2KIC2",1
"GO:0060290","GO:0060290","transdifferentiation","1/76","12/6213",0.0833333333333333,6.8125,2.24267933488259,0.137418712764283,0.434591997178685,0.36386737533316,"XLOC-019829#INS1A-DANRE#Q6P0F9",1
"GO:0060638","GO:0060638","mesenchymal-epithelial cell signaling","1/76","12/6213",0.0833333333333333,6.8125,2.24267933488259,0.137418712764283,0.434591997178685,0.36386737533316,"gene-evm.model.ptg000022l.266#FCN1-MOUSE#O70165",1
"GO:0071377","GO:0071377","cellular response to glucagon stimulus","1/76","12/6213",0.0833333333333333,6.8125,2.24267933488259,0.137418712764283,0.434591997178685,0.36386737533316,"XLOC-022211#ARLY-AQUCT#P51464",1
"GO:0072017","GO:0072017","distal tubule development","1/76","12/6213",0.0833333333333333,6.8125,2.24267933488259,0.137418712764283,0.434591997178685,0.36386737533316,"XLOC-019533#DMBT1-MOUSE#Q60997",1
"GO:0072234","GO:0072234","metanephric nephron tubule development","1/76","12/6213",0.0833333333333333,6.8125,2.24267933488259,0.137418712764283,0.434591997178685,0.36386737533316,"XLOC-019533#DMBT1-MOUSE#Q60997",1
"GO:0072243","GO:0072243","metanephric nephron epithelium development","1/76","12/6213",0.0833333333333333,6.8125,2.24267933488259,0.137418712764283,0.434591997178685,0.36386737533316,"XLOC-019533#DMBT1-MOUSE#Q60997",1
"GO:1902991","GO:1902991","regulation of amyloid precursor protein catabolic process","1/76","12/6213",0.0833333333333333,6.8125,2.24267933488259,0.137418712764283,0.434591997178685,0.36386737533316,"XLOC-010031#ACHB4-BOVIN#Q8SPU6",1
"GO:0034764","GO:0034764","positive regulation of transmembrane transport","3/76","106/6213",0.0283018867924528,2.31367924528302,1.51800348722838,0.139682499912669,0.440387881669109,0.368720049314632,"XLOC-010099#KCNA1-HUMAN#Q09470/XLOC-010401#KCNAS-DROME#P08510/XLOC-021753#KCNA1-HUMAN#Q09470",3
"GO:0045765","GO:0045765","regulation of angiogenesis","3/76","106/6213",0.0283018867924528,2.31367924528302,1.51800348722838,0.139682499912669,0.440387881669109,0.368720049314632,"XLOC-015229#M3K2-HUMAN#Q9Y2U5/XLOC-023724#ANGL7-MOUSE#Q8R1Q3/XLOC-010031#ACHB4-BOVIN#Q8SPU6",3
"GO:0051650","GO:0051650","establishment of vesicle localization","4/76","164/6213",0.024390243902439,1.99390243902439,1.43538481054878,0.140407150189747,0.440836449860228,0.369095618426396,"XLOC-015788#OTOF-HUMAN#Q9HC10/XLOC-016600#SYT7-MOUSE#Q9R0N7/XLOC-002280#CAC1A-APIME#C9D7C2/XLOC-013699#CD5R1-BOVIN#Q28199",4
"GO:0005516","GO:0005516","calmodulin binding","2/76","54/6213",0.037037037037037,3.02777777777778,1.66535411785318,0.140964025677609,0.440836449860228,0.369095618426396,"XLOC-016600#SYT7-MOUSE#Q9R0N7/XLOC-002280#CAC1A-APIME#C9D7C2",2
"GO:0007423","GO:0007423","sensory organ development","9/76","490/6213",0.0183673469387755,1.5015306122449,1.28714677107783,0.142168221160364,0.440836449860228,0.369095618426396,"XLOC-000112#PAX6-DANRE#P26630/XLOC-015872#DIS1D-DICDI#P02888/XLOC-019525#ABD12-DANRE#Q08C93/XLOC-015788#OTOF-HUMAN#Q9HC10/XLOC-011296#FOXL2-ELLLU#Q4VUF1/XLOC-013049#PTF1A-DANRE#Q7ZSX3/XLOC-002878#LMX1B-XENLA#Q8UVR3/XLOC-012495#KCNK3-MOUSE#O35111/XLOC-019829#INS1A-DANRE#Q6P0F9",9
"GO:0046545","GO:0046545","development of primary female sexual characteristics","2/76","55/6213",0.0363636363636364,2.97272727272727,1.63520802260148,0.145177892701164,0.440836449860228,0.369095618426396,"XLOC-011296#FOXL2-ELLLU#Q4VUF1/XLOC-009548#MSH4-HUMAN#O15457",2
"GO:1902936","GO:1902936","phosphatidylinositol bisphosphate binding","2/76","55/6213",0.0363636363636364,2.97272727272727,1.63520802260148,0.145177892701164,0.440836449860228,0.369095618426396,"XLOC-015872#DIS1D-DICDI#P02888/XLOC-016600#SYT7-MOUSE#Q9R0N7",2
"GO:0009617","GO:0009617","response to bacterium","5/76","229/6213",0.0218340611353712,1.78493449781659,1.34678981523388,0.147770038849458,0.440836449860228,0.369095618426396,"XLOC-019523#LRP12-HUMAN#Q9Y561/XLOC-022211#ARLY-AQUCT#P51464/XLOC-016422#OX2R-MOUSE#P58308/gene-evm.model.ptg000001l.946#AQP9-HUMAN#O43315/XLOC-025964#NEC1-HUMAN#P29120",5
"GO:0000729","GO:0000729","DNA double-strand break processing","1/76","13/6213",0.0769230769230769,6.28846153846154,2.12397616885908,0.147990584692991,0.440836449860228,0.369095618426396,"XLOC-025584#SMC5-HUMAN#Q8IY18",1
"GO:0000786","GO:0000786","nucleosome","1/76","13/6213",0.0769230769230769,6.28846153846154,2.12397616885908,0.147990584692991,0.440836449860228,0.369095618426396,"XLOC-010929#MIB2-MOUSE#Q8R516",1
"GO:0003323","GO:0003323","type B pancreatic cell development","1/76","13/6213",0.0769230769230769,6.28846153846154,2.12397616885908,0.147990584692991,0.440836449860228,0.369095618426396,"XLOC-019829#INS1A-DANRE#Q6P0F9",1
"GO:0005891","GO:0005891","voltage-gated calcium channel complex","1/76","13/6213",0.0769230769230769,6.28846153846154,2.12397616885908,0.147990584692991,0.440836449860228,0.369095618426396,"XLOC-002280#CAC1A-APIME#C9D7C2",1
"GO:0006521","GO:0006521","regulation of amino acid metabolic process","1/76","13/6213",0.0769230769230769,6.28846153846154,2.12397616885908,0.147990584692991,0.440836449860228,0.369095618426396,"XLOC-002280#CAC1A-APIME#C9D7C2",1
"GO:0007158","GO:0007158","neuron cell-cell adhesion","1/76","13/6213",0.0769230769230769,6.28846153846154,2.12397616885908,0.147990584692991,0.440836449860228,0.369095618426396,"XLOC-025696#FIBA-APOPA#P19477",1
"GO:0008266","GO:0008266","poly(U) RNA binding","1/76","13/6213",0.0769230769230769,6.28846153846154,2.12397616885908,0.147990584692991,0.440836449860228,0.369095618426396,"gene-evm.model.ptg000031l.486#ELAV2-XENTR#Q28GD4",1
"GO:0009084","GO:0009084","glutamine family amino acid biosynthetic process","1/76","13/6213",0.0769230769230769,6.28846153846154,2.12397616885908,0.147990584692991,0.440836449860228,0.369095618426396,"XLOC-022211#ARLY-AQUCT#P51464",1
"GO:0009190","GO:0009190","cyclic nucleotide biosynthetic process","1/76","13/6213",0.0769230769230769,6.28846153846154,2.12397616885908,0.147990584692991,0.440836449860228,0.369095618426396,"XLOC-010449#GCY8E-DROME#Q8INF0",1
"GO:0009642","GO:0009642","response to light intensity","1/76","13/6213",0.0769230769230769,6.28846153846154,2.12397616885908,0.147990584692991,0.440836449860228,0.369095618426396,"XLOC-015872#DIS1D-DICDI#P02888",1
"GO:0009975","GO:0009975","cyclase activity","1/76","13/6213",0.0769230769230769,6.28846153846154,2.12397616885908,0.147990584692991,0.440836449860228,0.369095618426396,"XLOC-010449#GCY8E-DROME#Q8INF0",1
"GO:0016411","GO:0016411","acylglycerol O-acyltransferase activity","1/76","13/6213",0.0769230769230769,6.28846153846154,2.12397616885908,0.147990584692991,0.440836449860228,0.369095618426396,"XLOC-022043#MOG2A-XENLA#Q2KHS5",1
"GO:0017081","GO:0017081","chloride channel regulator activity","1/76","13/6213",0.0769230769230769,6.28846153846154,2.12397616885908,0.147990584692991,0.440836449860228,0.369095618426396,"XLOC-010031#ACHB4-BOVIN#Q8SPU6",1
"GO:0019432","GO:0019432","triglyceride biosynthetic process","1/76","13/6213",0.0769230769230769,6.28846153846154,2.12397616885908,0.147990584692991,0.440836449860228,0.369095618426396,"XLOC-022043#MOG2A-XENLA#Q2KHS5",1
"GO:0021516","GO:0021516","dorsal spinal cord development","1/76","13/6213",0.0769230769230769,6.28846153846154,2.12397616885908,0.147990584692991,0.440836449860228,0.369095618426396,"XLOC-012420#RFX6-DANRE#Q5RJA1",1
"GO:0021697","GO:0021697","cerebellar cortex formation","1/76","13/6213",0.0769230769230769,6.28846153846154,2.12397616885908,0.147990584692991,0.440836449860228,0.369095618426396,"XLOC-002280#CAC1A-APIME#C9D7C2",1
"GO:0030238","GO:0030238","male sex determination","1/76","13/6213",0.0769230769230769,6.28846153846154,2.12397616885908,0.147990584692991,0.440836449860228,0.369095618426396,"XLOC-011296#FOXL2-ELLLU#Q4VUF1",1
"GO:0030953","GO:0030953","astral microtubule organization","1/76","13/6213",0.0769230769230769,6.28846153846154,2.12397616885908,0.147990584692991,0.440836449860228,0.369095618426396,"gene-evm.model.ptg000012l.875#IMB1-HUMAN#Q14974",1
"GO:0032225","GO:0032225","regulation of synaptic transmission, dopaminergic","1/76","13/6213",0.0769230769230769,6.28846153846154,2.12397616885908,0.147990584692991,0.440836449860228,0.369095618426396,"XLOC-010031#ACHB4-BOVIN#Q8SPU6",1
"GO:0032366","GO:0032366","intracellular sterol transport","1/76","13/6213",0.0769230769230769,6.28846153846154,2.12397616885908,0.147990584692991,0.440836449860228,0.369095618426396,"XLOC-016600#SYT7-MOUSE#Q9R0N7",1
"GO:0043537","GO:0043537","negative regulation of blood vessel endothelial cell migration","1/76","13/6213",0.0769230769230769,6.28846153846154,2.12397616885908,0.147990584692991,0.440836449860228,0.369095618426396,"XLOC-023724#ANGL7-MOUSE#Q8R1Q3",1
"GO:0044068","GO:0044068","symbiont-mediated perturbation of host cellular process","1/76","13/6213",0.0769230769230769,6.28846153846154,2.12397616885908,0.147990584692991,0.440836449860228,0.369095618426396,"gene-evm.model.ptg000012l.875#IMB1-HUMAN#Q14974",1
"GO:0048265","GO:0048265","response to pain","1/76","13/6213",0.0769230769230769,6.28846153846154,2.12397616885908,0.147990584692991,0.440836449860228,0.369095618426396,"XLOC-002280#CAC1A-APIME#C9D7C2",1
"GO:0048857","GO:0048857","neural nucleus development","1/76","13/6213",0.0769230769230769,6.28846153846154,2.12397616885908,0.147990584692991,0.440836449860228,0.369095618426396,"XLOC-002280#CAC1A-APIME#C9D7C2",1
"GO:0052652","GO:0052652","cyclic purine nucleotide metabolic process","1/76","13/6213",0.0769230769230769,6.28846153846154,2.12397616885908,0.147990584692991,0.440836449860228,0.369095618426396,"XLOC-010449#GCY8E-DROME#Q8INF0",1
"GO:0060967","GO:0060967","negative regulation of gene silencing by regulatory ncRNA","1/76","13/6213",0.0769230769230769,6.28846153846154,2.12397616885908,0.147990584692991,0.440836449860228,0.369095618426396,"gene-evm.model.ptg000031l.486#ELAV2-XENTR#Q28GD4",1
"GO:0061548","GO:0061548","ganglion development","1/76","13/6213",0.0769230769230769,6.28846153846154,2.12397616885908,0.147990584692991,0.440836449860228,0.369095618426396,"XLOC-019829#INS1A-DANRE#Q6P0F9",1
"GO:0072170","GO:0072170","metanephric tubule development","1/76","13/6213",0.0769230769230769,6.28846153846154,2.12397616885908,0.147990584692991,0.440836449860228,0.369095618426396,"XLOC-019533#DMBT1-MOUSE#Q60997",1
"GO:0072207","GO:0072207","metanephric epithelium development","1/76","13/6213",0.0769230769230769,6.28846153846154,2.12397616885908,0.147990584692991,0.440836449860228,0.369095618426396,"XLOC-019533#DMBT1-MOUSE#Q60997",1
"GO:0097038","GO:0097038","perinuclear endoplasmic reticulum","1/76","13/6213",0.0769230769230769,6.28846153846154,2.12397616885908,0.147990584692991,0.440836449860228,0.369095618426396,"XLOC-014487#KCND1-MOUSE#Q03719",1
"GO:2000036","GO:2000036","regulation of stem cell population maintenance","1/76","13/6213",0.0769230769230769,6.28846153846154,2.12397616885908,0.147990584692991,0.440836449860228,0.369095618426396,"gene-evm.model.ptg000031l.486#ELAV2-XENTR#Q28GD4",1
"GO:0006575","GO:0006575","modified amino acid metabolic process","3/76","109/6213",0.0275229357798165,2.25,1.46507702375588,0.1482401571483,0.440836449860228,0.369095618426396,"XLOC-019525#ABD12-DANRE#Q08C93/XLOC-022211#ARLY-AQUCT#P51464/gene-evm.model.ptg000022l.478#GSH0-HUMAN#P48507",3
"GO:0030017","GO:0030017","sarcomere","3/76","109/6213",0.0275229357798165,2.25,1.46507702375588,0.1482401571483,0.440836449860228,0.369095618426396,"XLOC-010099#KCNA1-HUMAN#Q09470/XLOC-010401#KCNAS-DROME#P08510/XLOC-021753#KCNA1-HUMAN#Q09470",3
"GO:0051648","GO:0051648","vesicle localization","4/76","168/6213",0.0238095238095238,1.94642857142857,1.38384926968467,0.149400138506307,0.441585032339067,0.369722378108037,"XLOC-015788#OTOF-HUMAN#Q9HC10/XLOC-016600#SYT7-MOUSE#Q9R0N7/XLOC-002280#CAC1A-APIME#C9D7C2/XLOC-013699#CD5R1-BOVIN#Q28199",4
"GO:0000794","GO:0000794","condensed nuclear chromosome","2/76","56/6213",0.0357142857142857,2.91964285714286,1.60573669428343,0.149418218995843,0.441585032339067,0.369722378108037,"XLOC-025584#SMC5-HUMAN#Q8IY18/XLOC-009548#MSH4-HUMAN#O15457",2
"GO:0006906","GO:0006906","vesicle fusion","2/76","56/6213",0.0357142857142857,2.91964285714286,1.60573669428343,0.149418218995843,0.441585032339067,0.369722378108037,"XLOC-019965#SYT14-HUMAN#Q8NB59/XLOC-016600#SYT7-MOUSE#Q9R0N7",2
"GO:0007616","GO:0007616","long-term memory","2/76","56/6213",0.0357142857142857,2.91964285714286,1.60573669428343,0.149418218995843,0.441585032339067,0.369722378108037,"XLOC-025588#RGRF1-HUMAN#Q13972/gene-evm.model.ptg000022l.478#GSH0-HUMAN#P48507",2
"GO:0046982","GO:0046982","protein heterodimerization activity","5/76","230/6213",0.0217391304347826,1.77717391304348,1.33649423288607,0.149687546525153,0.441585032339067,0.369722378108037,"XLOC-019965#SYT14-HUMAN#Q8NB59/XLOC-014487#KCND1-MOUSE#Q03719/XLOC-010449#GCY8E-DROME#Q8INF0/XLOC-012495#KCNK3-MOUSE#O35111/gene-evm.model.ptg000022l.478#GSH0-HUMAN#P48507",5
"GO:0090087","GO:0090087","regulation of peptide transport","7/76","361/6213",0.0193905817174515,1.58518005540166,1.27478051294768,0.151066954868047,0.441585032339067,0.369722378108037,"XLOC-010099#KCNA1-HUMAN#Q09470/XLOC-016600#SYT7-MOUSE#Q9R0N7/XLOC-010401#KCNAS-DROME#P08510/XLOC-002280#CAC1A-APIME#C9D7C2/XLOC-016422#OX2R-MOUSE#P58308/XLOC-021753#KCNA1-HUMAN#Q09470/XLOC-025964#NEC1-HUMAN#P29120",7
"GO:0048545","GO:0048545","response to steroid hormone","4/76","169/6213",0.0236686390532544,1.93491124260355,1.37118471955663,0.151683151423887,0.441585032339067,0.369722378108037,"gene-evm.model.ptg000031l.539#LIPP-ICTTR#O88354/XLOC-022211#ARLY-AQUCT#P51464/XLOC-016422#OX2R-MOUSE#P58308/XLOC-025964#NEC1-HUMAN#P29120",4
"GO:0048592","GO:0048592","eye morphogenesis","5/76","232/6213",0.021551724137931,1.76185344827586,1.31605181009879,0.153554811427153,0.441585032339067,0.369722378108037,"XLOC-015872#DIS1D-DICDI#P02888/XLOC-019525#ABD12-DANRE#Q08C93/XLOC-011296#FOXL2-ELLLU#Q4VUF1/XLOC-013049#PTF1A-DANRE#Q7ZSX3/XLOC-019829#INS1A-DANRE#Q6P0F9",5
"GO:0006664","GO:0006664","glycolipid metabolic process","2/76","57/6213",0.0350877192982456,2.86842105263158,1.57691154359098,0.153683751712869,0.441585032339067,0.369722378108037,"gene-evm.model.ptg000031l.539#LIPP-ICTTR#O88354/XLOC-016498#SAP3-MOUSE#Q60648",2
"GO:1903509","GO:1903509","liposaccharide metabolic process","2/76","57/6213",0.0350877192982456,2.86842105263158,1.57691154359098,0.153683751712869,0.441585032339067,0.369722378108037,"gene-evm.model.ptg000031l.539#LIPP-ICTTR#O88354/XLOC-016498#SAP3-MOUSE#Q60648",2
"GO:0090066","GO:0090066","regulation of anatomical structure size","7/76","364/6213",0.0192307692307692,1.57211538461538,1.25180870014227,0.155681212319829,0.441585032339067,0.369722378108037,"XLOC-025696#FIBA-APOPA#P19477/XLOC-010099#KCNA1-HUMAN#Q09470/XLOC-010401#KCNAS-DROME#P08510/gene-evm.model.ptg000031l.486#ELAV2-XENTR#Q28GD4/XLOC-022943#NR2E3-MOUSE#Q9QXZ7/XLOC-021753#KCNA1-HUMAN#Q09470/gene-evm.model.ptg000022l.478#GSH0-HUMAN#P48507",7
"GO:0004930","GO:0004930","G protein-coupled receptor activity","2/76","58/6213",0.0344827586206897,2.81896551724138,1.54870568385798,0.157973263945829,0.441585032339067,0.369722378108037,"XLOC-023609#AGRD1-HUMAN#Q6QNK2/XLOC-016422#OX2R-MOUSE#P58308",2
"GO:0008236","GO:0008236","serine-type peptidase activity","2/76","58/6213",0.0344827586206897,2.81896551724138,1.54870568385798,0.157973263945829,0.441585032339067,0.369722378108037,"XLOC-004937#FOLH1-RAT#P70627/XLOC-025964#NEC1-HUMAN#P29120",2
"GO:1990823","GO:1990823","response to leukemia inhibitory factor","2/76","58/6213",0.0344827586206897,2.81896551724138,1.54870568385798,0.157973263945829,0.441585032339067,0.369722378108037,"gene-evm.model.ptg000031l.486#ELAV2-XENTR#Q28GD4/gene-evm.model.ptg000022l.478#GSH0-HUMAN#P48507",2
"GO:1990830","GO:1990830","cellular response to leukemia inhibitory factor","2/76","58/6213",0.0344827586206897,2.81896551724138,1.54870568385798,0.157973263945829,0.441585032339067,0.369722378108037,"gene-evm.model.ptg000031l.486#ELAV2-XENTR#Q28GD4/gene-evm.model.ptg000022l.478#GSH0-HUMAN#P48507",2
"GO:0001845","GO:0001845","phagolysosome assembly","1/76","14/6213",0.0714285714285714,5.83928571428571,2.01710693048305,0.158434571074173,0.441585032339067,0.369722378108037,"XLOC-016600#SYT7-MOUSE#Q9R0N7",1
"GO:0003084","GO:0003084","positive regulation of systemic arterial blood pressure","1/76","14/6213",0.0714285714285714,5.83928571428571,2.01710693048305,0.158434571074173,0.441585032339067,0.369722378108037,"XLOC-010031#ACHB4-BOVIN#Q8SPU6",1
"GO:0004181","GO:0004181","metallocarboxypeptidase activity","1/76","14/6213",0.0714285714285714,5.83928571428571,2.01710693048305,0.158434571074173,0.441585032339067,0.369722378108037,"XLOC-004937#FOLH1-RAT#P70627",1
"GO:0006312","GO:0006312","mitotic recombination","1/76","14/6213",0.0714285714285714,5.83928571428571,2.01710693048305,0.158434571074173,0.441585032339067,0.369722378108037,"XLOC-025584#SMC5-HUMAN#Q8IY18",1
"GO:0006534","GO:0006534","cysteine metabolic process","1/76","14/6213",0.0714285714285714,5.83928571428571,2.01710693048305,0.158434571074173,0.441585032339067,0.369722378108037,"gene-evm.model.ptg000022l.478#GSH0-HUMAN#P48507",1
"GO:0006607","GO:0006607","NLS-bearing protein import into nucleus","1/76","14/6213",0.0714285714285714,5.83928571428571,2.01710693048305,0.158434571074173,0.441585032339067,0.369722378108037,"gene-evm.model.ptg000012l.875#IMB1-HUMAN#Q14974",1
"GO:0009151","GO:0009151","purine deoxyribonucleotide metabolic process","1/76","14/6213",0.0714285714285714,5.83928571428571,2.01710693048305,0.158434571074173,0.441585032339067,0.369722378108037,"XLOC-016646#ADK-PHYPA#O49923",1
"GO:0009215","GO:0009215","purine deoxyribonucleoside triphosphate metabolic process","1/76","14/6213",0.0714285714285714,5.83928571428571,2.01710693048305,0.158434571074173,0.441585032339067,0.369722378108037,"XLOC-016646#ADK-PHYPA#O49923",1
"GO:0009235","GO:0009235","cobalamin metabolic process","1/76","14/6213",0.0714285714285714,5.83928571428571,2.01710693048305,0.158434571074173,0.441585032339067,0.369722378108037,"XLOC-019523#LRP12-HUMAN#Q9Y561",1
"GO:0016082","GO:0016082","synaptic vesicle priming","1/76","14/6213",0.0714285714285714,5.83928571428571,2.01710693048305,0.158434571074173,0.441585032339067,0.369722378108037,"XLOC-015788#OTOF-HUMAN#Q9HC10",1
"GO:0016540","GO:0016540","protein autoprocessing","1/76","14/6213",0.0714285714285714,5.83928571428571,2.01710693048305,0.158434571074173,0.441585032339067,0.369722378108037,"XLOC-025964#NEC1-HUMAN#P29120",1
"GO:0016849","GO:0016849","phosphorus-oxygen lyase activity","1/76","14/6213",0.0714285714285714,5.83928571428571,2.01710693048305,0.158434571074173,0.441585032339067,0.369722378108037,"XLOC-010449#GCY8E-DROME#Q8INF0",1
"GO:0030002","GO:0030002","intracellular monoatomic anion homeostasis","1/76","14/6213",0.0714285714285714,5.83928571428571,2.01710693048305,0.158434571074173,0.441585032339067,0.369722378108037,"XLOC-002280#CAC1A-APIME#C9D7C2",1
"GO:0030421","GO:0030421","defecation","1/76","14/6213",0.0714285714285714,5.83928571428571,2.01710693048305,0.158434571074173,0.441585032339067,0.369722378108037,"XLOC-002878#LMX1B-XENLA#Q8UVR3",1
"GO:0032036","GO:0032036","myosin heavy chain binding","1/76","14/6213",0.0714285714285714,5.83928571428571,2.01710693048305,0.158434571074173,0.441585032339067,0.369722378108037,"XLOC-019642#CALM-MACPY#Q40302",1
"GO:0032715","GO:0032715","negative regulation of interleukin-6 production","1/76","14/6213",0.0714285714285714,5.83928571428571,2.01710693048305,0.158434571074173,0.441585032339067,0.369722378108037,"XLOC-010031#ACHB4-BOVIN#Q8SPU6",1
"GO:0042219","GO:0042219","modified amino acid catabolic process","1/76","14/6213",0.0714285714285714,5.83928571428571,2.01710693048305,0.158434571074173,0.441585032339067,0.369722378108037,"XLOC-019525#ABD12-DANRE#Q08C93",1
"GO:0043325","GO:0043325","phosphatidylinositol-3,4-bisphosphate binding","1/76","14/6213",0.0714285714285714,5.83928571428571,2.01710693048305,0.158434571074173,0.441585032339067,0.369722378108037,"XLOC-015872#DIS1D-DICDI#P02888",1
"GO:0044794","GO:0044794","host-mediated activation of viral process","1/76","14/6213",0.0714285714285714,5.83928571428571,2.01710693048305,0.158434571074173,0.441585032339067,0.369722378108037,"XLOC-025644#PPIB-MOUSE#P24369",1
"GO:0046460","GO:0046460","neutral lipid biosynthetic process","1/76","14/6213",0.0714285714285714,5.83928571428571,2.01710693048305,0.158434571074173,0.441585032339067,0.369722378108037,"XLOC-022043#MOG2A-XENLA#Q2KHS5",1
"GO:0046463","GO:0046463","acylglycerol biosynthetic process","1/76","14/6213",0.0714285714285714,5.83928571428571,2.01710693048305,0.158434571074173,0.441585032339067,0.369722378108037,"XLOC-022043#MOG2A-XENLA#Q2KHS5",1
"GO:0050892","GO:0050892","intestinal absorption","1/76","14/6213",0.0714285714285714,5.83928571428571,2.01710693048305,0.158434571074173,0.441585032339067,0.369722378108037,"gene-evm.model.ptg000031l.539#LIPP-ICTTR#O88354",1
"GO:0051930","GO:0051930","regulation of sensory perception of pain","1/76","14/6213",0.0714285714285714,5.83928571428571,2.01710693048305,0.158434571074173,0.441585032339067,0.369722378108037,"XLOC-016422#OX2R-MOUSE#P58308",1
"GO:0051932","GO:0051932","synaptic transmission, GABAergic","1/76","14/6213",0.0714285714285714,5.83928571428571,2.01710693048305,0.158434571074173,0.441585032339067,0.369722378108037,"XLOC-013699#CD5R1-BOVIN#Q28199",1
"GO:0070628","GO:0070628","proteasome binding","1/76","14/6213",0.0714285714285714,5.83928571428571,2.01710693048305,0.158434571074173,0.441585032339067,0.369722378108037,"XLOC-016437#UBP14-PANTR#P60051",1
"GO:0097067","GO:0097067","cellular response to thyroid hormone stimulus","1/76","14/6213",0.0714285714285714,5.83928571428571,2.01710693048305,0.158434571074173,0.441585032339067,0.369722378108037,"gene-evm.model.ptg000022l.478#GSH0-HUMAN#P48507",1
"GO:1900273","GO:1900273","positive regulation of long-term synaptic potentiation","1/76","14/6213",0.0714285714285714,5.83928571428571,2.01710693048305,0.158434571074173,0.441585032339067,0.369722378108037,"XLOC-010031#ACHB4-BOVIN#Q8SPU6",1
"GO:1900449","GO:1900449","regulation of glutamate receptor signaling pathway","1/76","14/6213",0.0714285714285714,5.83928571428571,2.01710693048305,0.158434571074173,0.441585032339067,0.369722378108037,"XLOC-025588#RGRF1-HUMAN#Q13972",1
"GO:1900745","GO:1900745","positive regulation of p38MAPK cascade","1/76","14/6213",0.0714285714285714,5.83928571428571,2.01710693048305,0.158434571074173,0.441585032339067,0.369722378108037,"XLOC-015229#M3K2-HUMAN#Q9Y2U5",1
"GO:1904293","GO:1904293","negative regulation of ERAD pathway","1/76","14/6213",0.0714285714285714,5.83928571428571,2.01710693048305,0.158434571074173,0.441585032339067,0.369722378108037,"XLOC-016437#UBP14-PANTR#P60051",1
"GO:2000772","GO:2000772","regulation of cellular senescence","1/76","14/6213",0.0714285714285714,5.83928571428571,2.01710693048305,0.158434571074173,0.441585032339067,0.369722378108037,"XLOC-015229#M3K2-HUMAN#Q9Y2U5",1
"GO:0043434","GO:0043434","response to peptide hormone","5/76","235/6213",0.0212765957446809,1.73936170212766,1.28575252182225,0.159434941620153,0.443767827969989,0.371549949996771,"gene-evm.model.ptg000031l.539#LIPP-ICTTR#O88354/XLOC-022211#ARLY-AQUCT#P51464/XLOC-016422#OX2R-MOUSE#P58308/XLOC-025588#RGRF1-HUMAN#Q13972/XLOC-025964#NEC1-HUMAN#P29120",5
"GO:0099504","GO:0099504","synaptic vesicle cycle","3/76","115/6213",0.0260869565217391,2.13260869565217,1.36420475768605,0.165849935832583,0.457492709809795,0.383041272350216,"XLOC-015788#OTOF-HUMAN#Q9HC10/XLOC-016600#SYT7-MOUSE#Q9R0N7/XLOC-002280#CAC1A-APIME#C9D7C2",3
"GO:0001654","GO:0001654","eye development","7/76","372/6213",0.0188172043010753,1.5383064516129,1.19152157268167,0.168306958705681,0.457492709809795,0.383041272350216,"XLOC-000112#PAX6-DANRE#P26630/XLOC-015872#DIS1D-DICDI#P02888/XLOC-019525#ABD12-DANRE#Q08C93/XLOC-011296#FOXL2-ELLLU#Q4VUF1/XLOC-013049#PTF1A-DANRE#Q7ZSX3/XLOC-002878#LMX1B-XENLA#Q8UVR3/XLOC-019829#INS1A-DANRE#Q6P0F9",7
"GO:0000712","GO:0000712","resolution of meiotic recombination intermediates","1/76","15/6213",0.0666666666666667,5.45,1.92010205570159,0.16875219852995,0.457492709809795,0.383041272350216,"XLOC-009548#MSH4-HUMAN#O15457",1
"GO:0000966","GO:0000966","RNA 5'-end processing","1/76","15/6213",0.0666666666666667,5.45,1.92010205570159,0.16875219852995,0.457492709809795,0.383041272350216,"XLOC-016437#UBP14-PANTR#P60051",1
"GO:0004709","GO:0004709","MAP kinase kinase kinase activity","1/76","15/6213",0.0666666666666667,5.45,1.92010205570159,0.16875219852995,0.457492709809795,0.383041272350216,"XLOC-015229#M3K2-HUMAN#Q9Y2U5",1
"GO:0005245","GO:0005245","voltage-gated calcium channel activity","1/76","15/6213",0.0666666666666667,5.45,1.92010205570159,0.16875219852995,0.457492709809795,0.383041272350216,"XLOC-002280#CAC1A-APIME#C9D7C2",1
"GO:0007538","GO:0007538","primary sex determination","1/76","15/6213",0.0666666666666667,5.45,1.92010205570159,0.16875219852995,0.457492709809795,0.383041272350216,"XLOC-011296#FOXL2-ELLLU#Q4VUF1",1
"GO:0030858","GO:0030858","positive regulation of epithelial cell differentiation","1/76","15/6213",0.0666666666666667,5.45,1.92010205570159,0.16875219852995,0.457492709809795,0.383041272350216,"XLOC-000896#ATOH8-HUMAN#Q96SQ7",1
"GO:0032720","GO:0032720","negative regulation of tumor necrosis factor production","1/76","15/6213",0.0666666666666667,5.45,1.92010205570159,0.16875219852995,0.457492709809795,0.383041272350216,"XLOC-010031#ACHB4-BOVIN#Q8SPU6",1
"GO:0032839","GO:0032839","dendrite cytoplasm","1/76","15/6213",0.0666666666666667,5.45,1.92010205570159,0.16875219852995,0.457492709809795,0.383041272350216,"XLOC-019525#ABD12-DANRE#Q08C93",1
"GO:0035641","GO:0035641","locomotory exploration behavior","1/76","15/6213",0.0666666666666667,5.45,1.92010205570159,0.16875219852995,0.457492709809795,0.383041272350216,"XLOC-025696#FIBA-APOPA#P19477",1
"GO:0043548","GO:0043548","phosphatidylinositol 3-kinase binding","1/76","15/6213",0.0666666666666667,5.45,1.92010205570159,0.16875219852995,0.457492709809795,0.383041272350216,"XLOC-008865#PTN13-HUMAN#Q12923",1
"GO:0045601","GO:0045601","regulation of endothelial cell differentiation","1/76","15/6213",0.0666666666666667,5.45,1.92010205570159,0.16875219852995,0.457492709809795,0.383041272350216,"XLOC-000896#ATOH8-HUMAN#Q96SQ7",1
"GO:0045956","GO:0045956","positive regulation of calcium ion-dependent exocytosis","1/76","15/6213",0.0666666666666667,5.45,1.92010205570159,0.16875219852995,0.457492709809795,0.383041272350216,"XLOC-016600#SYT7-MOUSE#Q9R0N7",1
"GO:0046033","GO:0046033","AMP metabolic process","1/76","15/6213",0.0666666666666667,5.45,1.92010205570159,0.16875219852995,0.457492709809795,0.383041272350216,"XLOC-016646#ADK-PHYPA#O49923",1
"GO:0046068","GO:0046068","cGMP metabolic process","1/76","15/6213",0.0666666666666667,5.45,1.92010205570159,0.16875219852995,0.457492709809795,0.383041272350216,"XLOC-010449#GCY8E-DROME#Q8INF0",1
"GO:0046886","GO:0046886","positive regulation of hormone biosynthetic process","1/76","15/6213",0.0666666666666667,5.45,1.92010205570159,0.16875219852995,0.457492709809795,0.383041272350216,"XLOC-010031#ACHB4-BOVIN#Q8SPU6",1
"GO:0051823","GO:0051823","regulation of synapse structural plasticity","1/76","15/6213",0.0666666666666667,5.45,1.92010205570159,0.16875219852995,0.457492709809795,0.383041272350216,"XLOC-010031#ACHB4-BOVIN#Q8SPU6",1
"GO:0071294","GO:0071294","cellular response to zinc ion","1/76","15/6213",0.0666666666666667,5.45,1.92010205570159,0.16875219852995,0.457492709809795,0.383041272350216,"XLOC-012495#KCNK3-MOUSE#O35111",1
"GO:0032496","GO:0032496","response to lipopolysaccharide","3/76","116/6213",0.0258620689655172,2.11422413793103,1.34799387129721,0.168844592851975,0.457492709809795,0.383041272350216,"XLOC-022211#ARLY-AQUCT#P51464/XLOC-016422#OX2R-MOUSE#P58308/XLOC-025964#NEC1-HUMAN#P29120",3
"GO:0017171","GO:0017171","serine hydrolase activity","2/76","61/6213",0.0327868852459016,2.68032786885246,1.46755789293369,0.170973788761007,0.462036310104149,0.386845456330598,"XLOC-004937#FOLH1-RAT#P70627/XLOC-025964#NEC1-HUMAN#P29120",2
"GO:0051592","GO:0051592","response to calcium ion","2/76","61/6213",0.0327868852459016,2.68032786885246,1.46755789293369,0.170973788761007,0.462036310104149,0.386845456330598,"XLOC-016600#SYT7-MOUSE#Q9R0N7/XLOC-025964#NEC1-HUMAN#P29120",2
"GO:0045666","GO:0045666","positive regulation of neuron differentiation","5/76","242/6213",0.0206611570247934,1.68904958677686,1.21668760032737,0.173511632523779,0.46827511921543,0.392068974276773,"gene-evm.model.ptg000031l.486#ELAV2-XENTR#Q28GD4/XLOC-002878#LMX1B-XENLA#Q8UVR3/XLOC-022943#NR2E3-MOUSE#Q9QXZ7/XLOC-019829#INS1A-DANRE#Q6P0F9/gene-evm.model.ptg000004l.40#FA5-MOUSE#O88783",5
"GO:0043270","GO:0043270","positive regulation of monoatomic ion transport","3/76","119/6213",0.0252100840336134,2.0609243697479,1.30032268501667,0.17792339076034,0.46869818635766,0.392423192328721,"XLOC-010099#KCNA1-HUMAN#Q09470/XLOC-010401#KCNAS-DROME#P08510/XLOC-021753#KCNA1-HUMAN#Q09470",3
"GO:0048813","GO:0048813","dendrite morphogenesis","3/76","119/6213",0.0252100840336134,2.0609243697479,1.30032268501667,0.17792339076034,0.46869818635766,0.392423192328721,"XLOC-010031#ACHB4-BOVIN#Q8SPU6/XLOC-002280#CAC1A-APIME#C9D7C2/gene-evm.model.ptg000031l.486#ELAV2-XENTR#Q28GD4",3
"GO:1901342","GO:1901342","regulation of vasculature development","3/76","119/6213",0.0252100840336134,2.0609243697479,1.30032268501667,0.17792339076034,0.46869818635766,0.392423192328721,"XLOC-015229#M3K2-HUMAN#Q9Y2U5/XLOC-023724#ANGL7-MOUSE#Q8R1Q3/XLOC-010031#ACHB4-BOVIN#Q8SPU6",3
"GO:0001975","GO:0001975","response to amphetamine","1/76","16/6213",0.0625,5.109375,1.83142642335207,0.178944975701897,0.46869818635766,0.392423192328721,"XLOC-025588#RGRF1-HUMAN#Q13972",1
"GO:0002068","GO:0002068","glandular epithelial cell development","1/76","16/6213",0.0625,5.109375,1.83142642335207,0.178944975701897,0.46869818635766,0.392423192328721,"XLOC-019829#INS1A-DANRE#Q6P0F9",1
"GO:0003309","GO:0003309","type B pancreatic cell differentiation","1/76","16/6213",0.0625,5.109375,1.83142642335207,0.178944975701897,0.46869818635766,0.392423192328721,"XLOC-019829#INS1A-DANRE#Q6P0F9",1
"GO:0004623","GO:0004623","phospholipase A2 activity","1/76","16/6213",0.0625,5.109375,1.83142642335207,0.178944975701897,0.46869818635766,0.392423192328721,"XLOC-020365#PA2-BOMTE#P82971",1
"GO:0005328","GO:0005328","neurotransmitter:sodium symporter activity","1/76","16/6213",0.0625,5.109375,1.83142642335207,0.178944975701897,0.46869818635766,0.392423192328721,"XLOC-023758#S6A19-RAT#Q2A865",1
"GO:0009200","GO:0009200","deoxyribonucleoside triphosphate metabolic process","1/76","16/6213",0.0625,5.109375,1.83142642335207,0.178944975701897,0.46869818635766,0.392423192328721,"XLOC-016646#ADK-PHYPA#O49923",1
"GO:0010596","GO:0010596","negative regulation of endothelial cell migration","1/76","16/6213",0.0625,5.109375,1.83142642335207,0.178944975701897,0.46869818635766,0.392423192328721,"XLOC-023724#ANGL7-MOUSE#Q8R1Q3",1
"GO:0016327","GO:0016327","apicolateral plasma membrane","1/76","16/6213",0.0625,5.109375,1.83142642335207,0.178944975701897,0.46869818635766,0.392423192328721,"XLOC-025588#RGRF1-HUMAN#Q13972",1
"GO:0016486","GO:0016486","peptide hormone processing","1/76","16/6213",0.0625,5.109375,1.83142642335207,0.178944975701897,0.46869818635766,0.392423192328721,"XLOC-025964#NEC1-HUMAN#P29120",1
"GO:0030199","GO:0030199","collagen fibril organization","1/76","16/6213",0.0625,5.109375,1.83142642335207,0.178944975701897,0.46869818635766,0.392423192328721,"XLOC-002878#LMX1B-XENLA#Q8UVR3",1
"GO:0032352","GO:0032352","positive regulation of hormone metabolic process","1/76","16/6213",0.0625,5.109375,1.83142642335207,0.178944975701897,0.46869818635766,0.392423192328721,"XLOC-010031#ACHB4-BOVIN#Q8SPU6",1
"GO:0043278","GO:0043278","response to morphine","1/76","16/6213",0.0625,5.109375,1.83142642335207,0.178944975701897,0.46869818635766,0.392423192328721,"XLOC-025964#NEC1-HUMAN#P29120",1
"GO:0048681","GO:0048681","negative regulation of axon regeneration","1/76","16/6213",0.0625,5.109375,1.83142642335207,0.178944975701897,0.46869818635766,0.392423192328721,"XLOC-025696#FIBA-APOPA#P19477",1
"GO:0048841","GO:0048841","regulation of axon extension involved in axon guidance","1/76","16/6213",0.0625,5.109375,1.83142642335207,0.178944975701897,0.46869818635766,0.392423192328721,"XLOC-022943#NR2E3-MOUSE#Q9QXZ7",1
"GO:0051969","GO:0051969","regulation of transmission of nerve impulse","1/76","16/6213",0.0625,5.109375,1.83142642335207,0.178944975701897,0.46869818635766,0.392423192328721,"XLOC-025696#FIBA-APOPA#P19477",1
"GO:0070371","GO:0070371","ERK1 and ERK2 cascade","1/76","16/6213",0.0625,5.109375,1.83142642335207,0.178944975701897,0.46869818635766,0.392423192328721,"XLOC-016422#OX2R-MOUSE#P58308",1
"GO:0071782","GO:0071782","endoplasmic reticulum tubular network","1/76","16/6213",0.0625,5.109375,1.83142642335207,0.178944975701897,0.46869818635766,0.392423192328721,"gene-evm.model.ptg000012l.875#IMB1-HUMAN#Q14974",1
"GO:0099601","GO:0099601","regulation of neurotransmitter receptor activity","1/76","16/6213",0.0625,5.109375,1.83142642335207,0.178944975701897,0.46869818635766,0.392423192328721,"XLOC-025588#RGRF1-HUMAN#Q13972",1
"GO:1902236","GO:1902236","negative regulation of endoplasmic reticulum stress-induced intrinsic apoptotic signaling pathway","1/76","16/6213",0.0625,5.109375,1.83142642335207,0.178944975701897,0.46869818635766,0.392423192328721,"XLOC-027115#TXD12-EPICO#H9D1R1",1
"GO:1903556","GO:1903556","negative regulation of tumor necrosis factor superfamily cytokine production","1/76","16/6213",0.0625,5.109375,1.83142642335207,0.178944975701897,0.46869818635766,0.392423192328721,"XLOC-010031#ACHB4-BOVIN#Q8SPU6",1
"GO:0030234","GO:0030234","enzyme regulator activity","7/76","379/6213",0.0184696569920844,1.5098944591029,1.13988527433663,0.179724374033284,0.469574766815622,0.393157119857478,"XLOC-023724#ANGL7-MOUSE#Q8R1Q3/XLOC-011296#FOXL2-ELLLU#Q4VUF1/XLOC-016422#OX2R-MOUSE#P58308/XLOC-016498#SAP3-MOUSE#Q60648/XLOC-025588#RGRF1-HUMAN#Q13972/XLOC-016437#UBP14-PANTR#P60051/gene-evm.model.ptg000022l.478#GSH0-HUMAN#P48507",7
"GO:0044853","GO:0044853","plasma membrane raft","2/76","63/6213",0.0317460317460317,2.5952380952381,1.41612857823302,0.179739338056689,0.469574766815622,0.393157119857478,"XLOC-010031#ACHB4-BOVIN#Q8SPU6/XLOC-014487#KCND1-MOUSE#Q03719",2
"GO:1905897","GO:1905897","regulation of response to endoplasmic reticulum stress","2/76","64/6213",0.03125,2.5546875,1.39115430891897,0.184148361357292,0.47791634385975,0.400141205539889,"XLOC-016437#UBP14-PANTR#P60051/XLOC-027115#TXD12-EPICO#H9D1R1",2
"GO:0030016","GO:0030016","myofibril","3/76","122/6213",0.0245901639344262,2.01024590163934,1.25402781905724,0.187136615698761,0.47791634385975,0.400141205539889,"XLOC-010099#KCNA1-HUMAN#Q09470/XLOC-010401#KCNAS-DROME#P08510/XLOC-021753#KCNA1-HUMAN#Q09470",3
"GO:0030111","GO:0030111","regulation of Wnt signaling pathway","4/76","184/6213",0.0217391304347826,1.77717391304348,1.19082773778717,0.18746035474873,0.47791634385975,0.400141205539889,"gene-evm.model.ptg000001l.686#SOX14-DANRE#Q32PP9/XLOC-009528#DYRK4-HUMAN#Q9NR20/XLOC-002878#LMX1B-XENLA#Q8UVR3/XLOC-012287#SX19B-DANRE#Q9DDD7",4
"GO:0090174","GO:0090174","organelle membrane fusion","2/76","65/6213",0.0307692307692308,2.51538461538462,1.36664929226415,0.188573466637733,0.47791634385975,0.400141205539889,"XLOC-019965#SYT14-HUMAN#Q8NB59/XLOC-016600#SYT7-MOUSE#Q9R0N7",2
"GO:0001653","GO:0001653","peptide receptor activity","1/76","17/6213",0.0588235294117647,4.80882352941176,1.74986306948604,0.18901439345995,0.47791634385975,0.400141205539889,"XLOC-016422#OX2R-MOUSE#P58308",1
"GO:0001956","GO:0001956","positive regulation of neurotransmitter secretion","1/76","17/6213",0.0588235294117647,4.80882352941176,1.74986306948604,0.18901439345995,0.47791634385975,0.400141205539889,"XLOC-002415#KCNT1-CHICK#Q8QFV0",1
"GO:0005666","GO:0005666","RNA polymerase III complex","1/76","17/6213",0.0588235294117647,4.80882352941176,1.74986306948604,0.18901439345995,0.47791634385975,0.400141205539889,"XLOC-001865#RPC2-HUMAN#Q9NW08",1
"GO:0006298","GO:0006298","mismatch repair","1/76","17/6213",0.0588235294117647,4.80882352941176,1.74986306948604,0.18901439345995,0.47791634385975,0.400141205539889,"XLOC-009548#MSH4-HUMAN#O15457",1
"GO:0007214","GO:0007214","gamma-aminobutyric acid signaling pathway","1/76","17/6213",0.0588235294117647,4.80882352941176,1.74986306948604,0.18901439345995,0.47791634385975,0.400141205539889,"XLOC-002280#CAC1A-APIME#C9D7C2",1
"GO:0008187","GO:0008187","poly-pyrimidine tract binding","1/76","17/6213",0.0588235294117647,4.80882352941176,1.74986306948604,0.18901439345995,0.47791634385975,0.400141205539889,"gene-evm.model.ptg000031l.486#ELAV2-XENTR#Q28GD4",1
"GO:0008528","GO:0008528","G protein-coupled peptide receptor activity","1/76","17/6213",0.0588235294117647,4.80882352941176,1.74986306948604,0.18901439345995,0.47791634385975,0.400141205539889,"XLOC-016422#OX2R-MOUSE#P58308",1
"GO:0014072","GO:0014072","response to isoquinoline alkaloid","1/76","17/6213",0.0588235294117647,4.80882352941176,1.74986306948604,0.18901439345995,0.47791634385975,0.400141205539889,"XLOC-025964#NEC1-HUMAN#P29120",1
"GO:0016881","GO:0016881","acid-amino acid ligase activity","1/76","17/6213",0.0588235294117647,4.80882352941176,1.74986306948604,0.18901439345995,0.47791634385975,0.400141205539889,"gene-evm.model.ptg000022l.478#GSH0-HUMAN#P48507",1
"GO:0021511","GO:0021511","spinal cord patterning","1/76","17/6213",0.0588235294117647,4.80882352941176,1.74986306948604,0.18901439345995,0.47791634385975,0.400141205539889,"XLOC-012420#RFX6-DANRE#Q5RJA1",1
"GO:0021513","GO:0021513","spinal cord dorsal/ventral patterning","1/76","17/6213",0.0588235294117647,4.80882352941176,1.74986306948604,0.18901439345995,0.47791634385975,0.400141205539889,"XLOC-012420#RFX6-DANRE#Q5RJA1",1
"GO:0023058","GO:0023058","adaptation of signaling pathway","1/76","17/6213",0.0588235294117647,4.80882352941176,1.74986306948604,0.18901439345995,0.47791634385975,0.400141205539889,"XLOC-015872#DIS1D-DICDI#P02888",1
"GO:0030332","GO:0030332","cyclin binding","1/76","17/6213",0.0588235294117647,4.80882352941176,1.74986306948604,0.18901439345995,0.47791634385975,0.400141205539889,"XLOC-019829#INS1A-DANRE#Q6P0F9",1
"GO:0030517","GO:0030517","negative regulation of axon extension","1/76","17/6213",0.0588235294117647,4.80882352941176,1.74986306948604,0.18901439345995,0.47791634385975,0.400141205539889,"XLOC-025696#FIBA-APOPA#P19477",1
"GO:0030673","GO:0030673","axolemma","1/76","17/6213",0.0588235294117647,4.80882352941176,1.74986306948604,0.18901439345995,0.47791634385975,0.400141205539889,"XLOC-010031#ACHB4-BOVIN#Q8SPU6",1
"GO:0034381","GO:0034381","plasma lipoprotein particle clearance","1/76","17/6213",0.0588235294117647,4.80882352941176,1.74986306948604,0.18901439345995,0.47791634385975,0.400141205539889,"XLOC-019523#LRP12-HUMAN#Q9Y561",1
"GO:0035020","GO:0035020","regulation of Rac protein signal transduction","1/76","17/6213",0.0588235294117647,4.80882352941176,1.74986306948604,0.18901439345995,0.47791634385975,0.400141205539889,"XLOC-025588#RGRF1-HUMAN#Q13972",1
"GO:0045056","GO:0045056","transcytosis","1/76","17/6213",0.0588235294117647,4.80882352941176,1.74986306948604,0.18901439345995,0.47791634385975,0.400141205539889,"XLOC-019533#DMBT1-MOUSE#Q60997",1
"GO:0045545","GO:0045545","syndecan binding","1/76","17/6213",0.0588235294117647,4.80882352941176,1.74986306948604,0.18901439345995,0.47791634385975,0.400141205539889,"gene-evm.model.ptg000022l.266#FCN1-MOUSE#O70165",1
"GO:0046471","GO:0046471","phosphatidylglycerol metabolic process","1/76","17/6213",0.0588235294117647,4.80882352941176,1.74986306948604,0.18901439345995,0.47791634385975,0.400141205539889,"XLOC-020365#PA2-BOMTE#P82971",1
"GO:0046625","GO:0046625","sphingolipid binding","1/76","17/6213",0.0588235294117647,4.80882352941176,1.74986306948604,0.18901439345995,0.47791634385975,0.400141205539889,"XLOC-025696#FIBA-APOPA#P19477",1
"GO:1904646","GO:1904646","cellular response to amyloid-beta","1/76","17/6213",0.0588235294117647,4.80882352941176,1.74986306948604,0.18901439345995,0.47791634385975,0.400141205539889,"XLOC-002280#CAC1A-APIME#C9D7C2",1
"GO:0008289","GO:0008289","lipid binding","5/76","250/6213",0.02,1.635,1.14039625642265,0.190174500459537,0.479817060002411,0.401732602985248,"XLOC-015872#DIS1D-DICDI#P02888/XLOC-019965#SYT14-HUMAN#Q8NB59/XLOC-025696#FIBA-APOPA#P19477/gene-evm.model.ptg000004l.34#RLBP1-MOUSE#Q9Z275/XLOC-016600#SYT7-MOUSE#Q9R0N7",5
"GO:0016042","GO:0016042","lipid catabolic process","3/76","123/6213",0.024390243902439,1.99390243902439,1.2388882209171,0.190235838767476,0.479817060002411,0.401732602985248,"XLOC-019525#ABD12-DANRE#Q08C93/gene-evm.model.ptg000031l.539#LIPP-ICTTR#O88354/XLOC-016498#SAP3-MOUSE#Q60648",3
"GO:0035821","GO:0035821","modulation of process of another organism","2/76","66/6213",0.0303030303030303,2.47727272727273,1.34259646506972,0.193013619471406,0.485271542826087,0.406299434316094,"gene-evm.model.ptg000012l.875#IMB1-HUMAN#Q14974/XLOC-025644#PPIB-MOUSE#P24369",2
"GO:0002237","GO:0002237","response to molecule of bacterial origin","3/76","124/6213",0.0241935483870968,1.97782258064516,1.22388997004296,0.193348524650237,0.485271542826087,0.406299434316094,"XLOC-022211#ARLY-AQUCT#P51464/XLOC-016422#OX2R-MOUSE#P58308/XLOC-025964#NEC1-HUMAN#P29120",3
"GO:0003012","GO:0003012","muscle system process","3/76","124/6213",0.0241935483870968,1.97782258064516,1.22388997004296,0.193348524650237,0.485271542826087,0.406299434316094,"XLOC-010099#KCNA1-HUMAN#Q09470/XLOC-010401#KCNAS-DROME#P08510/XLOC-021753#KCNA1-HUMAN#Q09470",3
"GO:0007088","GO:0007088","regulation of mitotic nuclear division","3/76","124/6213",0.0241935483870968,1.97782258064516,1.22388997004296,0.193348524650237,0.485271542826087,0.406299434316094,"XLOC-010929#MIB2-MOUSE#Q8R516/XLOC-025584#SMC5-HUMAN#Q8IY18/XLOC-019829#INS1A-DANRE#Q6P0F9",3
"GO:0010876","GO:0010876","lipid localization","3/76","125/6213",0.024,1.962,1.20903038256893,0.196474308939517,0.489733991563292,0.410035673179457,"gene-evm.model.ptg000031l.539#LIPP-ICTTR#O88354/XLOC-016600#SYT7-MOUSE#Q9R0N7/XLOC-016498#SAP3-MOUSE#Q60648",3
"GO:0016049","GO:0016049","cell growth","3/76","125/6213",0.024,1.962,1.20903038256893,0.196474308939517,0.489733991563292,0.410035673179457,"XLOC-010099#KCNA1-HUMAN#Q09470/XLOC-010401#KCNAS-DROME#P08510/XLOC-021753#KCNA1-HUMAN#Q09470",3
"GO:0030426","GO:0030426","growth cone","3/76","125/6213",0.024,1.962,1.20903038256893,0.196474308939517,0.489733991563292,0.410035673179457,"XLOC-010031#ACHB4-BOVIN#Q8SPU6/gene-evm.model.ptg000031l.486#ELAV2-XENTR#Q28GD4/XLOC-025588#RGRF1-HUMAN#Q13972",3
"GO:0030335","GO:0030335","positive regulation of cell migration","4/76","188/6213",0.0212765957446809,1.73936170212766,1.14551771037767,0.197441594543221,0.489733991563292,0.410035673179457,"XLOC-015229#M3K2-HUMAN#Q9Y2U5/XLOC-023724#ANGL7-MOUSE#Q8R1Q3/XLOC-000896#ATOH8-HUMAN#Q96SQ7/XLOC-019829#INS1A-DANRE#Q6P0F9",4
"GO:0046660","GO:0046660","female sex differentiation","2/76","67/6213",0.0298507462686567,2.44029850746269,1.31897964093307,0.197467807702031,0.489733991563292,0.410035673179457,"XLOC-011296#FOXL2-ELLLU#Q4VUF1/XLOC-009548#MSH4-HUMAN#O15457",2
"GO:0000803","GO:0000803","sex chromosome","1/76","18/6213",0.0555555555555556,4.54166666666667,1.67443286375805,0.198961925108924,0.489733991563292,0.410035673179457,"XLOC-025584#SMC5-HUMAN#Q8IY18",1
"GO:0005231","GO:0005231","excitatory extracellular ligand-gated monoatomic ion channel activity","1/76","18/6213",0.0555555555555556,4.54166666666667,1.67443286375805,0.198961925108924,0.489733991563292,0.410035673179457,"XLOC-010031#ACHB4-BOVIN#Q8SPU6",1
"GO:0007603","GO:0007603","phototransduction, visible light","1/76","18/6213",0.0555555555555556,4.54166666666667,1.67443286375805,0.198961925108924,0.489733991563292,0.410035673179457,"XLOC-015872#DIS1D-DICDI#P02888",1
"GO:0034704","GO:0034704","calcium channel complex","1/76","18/6213",0.0555555555555556,4.54166666666667,1.67443286375805,0.198961925108924,0.489733991563292,0.410035673179457,"XLOC-002280#CAC1A-APIME#C9D7C2",1
"GO:0035249","GO:0035249","synaptic transmission, glutamatergic","1/76","18/6213",0.0555555555555556,4.54166666666667,1.67443286375805,0.198961925108924,0.489733991563292,0.410035673179457,"XLOC-002280#CAC1A-APIME#C9D7C2",1
"GO:0042417","GO:0042417","dopamine metabolic process","1/76","18/6213",0.0555555555555556,4.54166666666667,1.67443286375805,0.198961925108924,0.489733991563292,0.410035673179457,"XLOC-010031#ACHB4-BOVIN#Q8SPU6",1
"GO:0044827","GO:0044827","host-mediated perturbation of viral genome replication","1/76","18/6213",0.0555555555555556,4.54166666666667,1.67443286375805,0.198961925108924,0.489733991563292,0.410035673179457,"XLOC-025644#PPIB-MOUSE#P24369",1
"GO:0045777","GO:0045777","positive regulation of blood pressure","1/76","18/6213",0.0555555555555556,4.54166666666667,1.67443286375805,0.198961925108924,0.489733991563292,0.410035673179457,"XLOC-010031#ACHB4-BOVIN#Q8SPU6",1
"GO:0070273","GO:0070273","phosphatidylinositol-4-phosphate binding","1/76","18/6213",0.0555555555555556,4.54166666666667,1.67443286375805,0.198961925108924,0.489733991563292,0.410035673179457,"XLOC-015872#DIS1D-DICDI#P02888",1
"GO:0070571","GO:0070571","negative regulation of neuron projection regeneration","1/76","18/6213",0.0555555555555556,4.54166666666667,1.67443286375805,0.198961925108924,0.489733991563292,0.410035673179457,"XLOC-025696#FIBA-APOPA#P19477",1
"GO:0086010","GO:0086010","membrane depolarization during action potential","1/76","18/6213",0.0555555555555556,4.54166666666667,1.67443286375805,0.198961925108924,0.489733991563292,0.410035673179457,"XLOC-002280#CAC1A-APIME#C9D7C2",1
"GO:0071214","GO:0071214","cellular response to abiotic stimulus","4/76","189/6213",0.0211640211640212,1.73015873015873,1.13435805880233,0.199962919600817,0.491014717240948,0.411107976152995,"XLOC-015872#DIS1D-DICDI#P02888/XLOC-015229#M3K2-HUMAN#Q9Y2U5/XLOC-014487#KCND1-MOUSE#Q03719/XLOC-015804#TRPC5-HUMAN#Q9UL62",4
"GO:0104004","GO:0104004","cellular response to environmental stimulus","4/76","189/6213",0.0211640211640212,1.73015873015873,1.13435805880233,0.199962919600817,0.491014717240948,0.411107976152995,"XLOC-015872#DIS1D-DICDI#P02888/XLOC-015229#M3K2-HUMAN#Q9Y2U5/XLOC-014487#KCND1-MOUSE#Q03719/XLOC-015804#TRPC5-HUMAN#Q9UL62",4
"GO:0007204","GO:0007204","positive regulation of cytosolic calcium ion concentration","2/76","68/6213",0.0294117647058824,2.40441176470588,1.29578345267195,0.201935041065775,0.494668212107167,0.414166908660714,"XLOC-002280#CAC1A-APIME#C9D7C2/XLOC-016422#OX2R-MOUSE#P58308",2
"GO:0009897","GO:0009897","external side of plasma membrane","2/76","68/6213",0.0294117647058824,2.40441176470588,1.29578345267195,0.201935041065775,0.494668212107167,0.414166908660714,"XLOC-019523#LRP12-HUMAN#Q9Y561/XLOC-010031#ACHB4-BOVIN#Q8SPU6",2
"GO:0048732","GO:0048732","gland development","6/76","324/6213",0.0185185185185185,1.51388888888889,1.05722010537267,0.203713797222943,0.496572737286144,0.415761495267529,"gene-evm.model.ptg000022l.266#FCN1-MOUSE#O70165/XLOC-013049#PTF1A-DANRE#Q7ZSX3/XLOC-022211#ARLY-AQUCT#P51464/XLOC-016422#OX2R-MOUSE#P58308/XLOC-019829#INS1A-DANRE#Q6P0F9/XLOC-025964#NEC1-HUMAN#P29120",6
"GO:0099503","GO:0099503","secretory vesicle","8/76","464/6213",0.0172413793103448,1.40948275862069,1.0203353056635,0.204779612661263,0.496572737286144,0.415761495267529,"gene-evm.model.ptg000031l.539#LIPP-ICTTR#O88354/gene-evm.model.ptg000012l.875#IMB1-HUMAN#Q14974/XLOC-025955#MCTP1-MOUSE#E9PV86/XLOC-015788#OTOF-HUMAN#Q9HC10/XLOC-016600#SYT7-MOUSE#Q9R0N7/XLOC-012495#KCNK3-MOUSE#O35111/XLOC-016498#SAP3-MOUSE#Q60648/XLOC-025964#NEC1-HUMAN#P29120",8
"GO:0042335","GO:0042335","cuticle development","2/76","69/6213",0.0289855072463768,2.3695652173913,1.27299329932111,0.206414350819093,0.496572737286144,0.415761495267529,"gene-evm.model.ptg000001l.686#SOX14-DANRE#Q32PP9/XLOC-012287#SX19B-DANRE#Q9DDD7",2
"GO:0040017","GO:0040017","positive regulation of locomotion","5/76","258/6213",0.0193798449612403,1.5843023255814,1.0667214864189,0.20740020006256,0.496572737286144,0.415761495267529,"XLOC-015229#M3K2-HUMAN#Q9Y2U5/XLOC-023724#ANGL7-MOUSE#Q8R1Q3/XLOC-000896#ATOH8-HUMAN#Q96SQ7/XLOC-022943#NR2E3-MOUSE#Q9QXZ7/XLOC-019829#INS1A-DANRE#Q6P0F9",5
"GO:0000795","GO:0000795","synaptonemal complex","1/76","19/6213",0.0526315789473684,4.30263157894737,1.60433769326292,0.208789026592657,0.496572737286144,0.415761495267529,"XLOC-009548#MSH4-HUMAN#O15457",1
"GO:0001968","GO:0001968","fibronectin binding","1/76","19/6213",0.0526315789473684,4.30263157894737,1.60433769326292,0.208789026592657,0.496572737286144,0.415761495267529,"gene-evm.model.ptg000022l.266#FCN1-MOUSE#O70165",1
"GO:0002209","GO:0002209","behavioral defense response","1/76","19/6213",0.0526315789473684,4.30263157894737,1.60433769326292,0.208789026592657,0.496572737286144,0.415761495267529,"XLOC-016422#OX2R-MOUSE#P58308",1
"GO:0003254","GO:0003254","regulation of membrane depolarization","1/76","19/6213",0.0526315789473684,4.30263157894737,1.60433769326292,0.208789026592657,0.496572737286144,0.415761495267529,"gene-evm.model.ptg000022l.478#GSH0-HUMAN#P48507",1
"GO:0006541","GO:0006541","glutamine metabolic process","1/76","19/6213",0.0526315789473684,4.30263157894737,1.60433769326292,0.208789026592657,0.496572737286144,0.415761495267529,"XLOC-022211#ARLY-AQUCT#P51464",1
"GO:0007096","GO:0007096","regulation of exit from mitosis","1/76","19/6213",0.0526315789473684,4.30263157894737,1.60433769326292,0.208789026592657,0.496572737286144,0.415761495267529,"XLOC-019829#INS1A-DANRE#Q6P0F9",1
"GO:0007218","GO:0007218","neuropeptide signaling pathway","1/76","19/6213",0.0526315789473684,4.30263157894737,1.60433769326292,0.208789026592657,0.496572737286144,0.415761495267529,"XLOC-016422#OX2R-MOUSE#P58308",1
"GO:0021680","GO:0021680","cerebellar Purkinje cell layer development","1/76","19/6213",0.0526315789473684,4.30263157894737,1.60433769326292,0.208789026592657,0.496572737286144,0.415761495267529,"XLOC-002280#CAC1A-APIME#C9D7C2",1
"GO:0038024","GO:0038024","cargo receptor activity","1/76","19/6213",0.0526315789473684,4.30263157894737,1.60433769326292,0.208789026592657,0.496572737286144,0.415761495267529,"XLOC-019523#LRP12-HUMAN#Q9Y561",1
"GO:0045823","GO:0045823","positive regulation of heart contraction","1/76","19/6213",0.0526315789473684,4.30263157894737,1.60433769326292,0.208789026592657,0.496572737286144,0.415761495267529,"XLOC-010031#ACHB4-BOVIN#Q8SPU6",1
"GO:0048686","GO:0048686","regulation of sprouting of injured axon","1/76","19/6213",0.0526315789473684,4.30263157894737,1.60433769326292,0.208789026592657,0.496572737286144,0.415761495267529,"XLOC-025696#FIBA-APOPA#P19477",1
"GO:0048690","GO:0048690","regulation of axon extension involved in regeneration","1/76","19/6213",0.0526315789473684,4.30263157894737,1.60433769326292,0.208789026592657,0.496572737286144,0.415761495267529,"XLOC-025696#FIBA-APOPA#P19477",1
"GO:0060416","GO:0060416","response to growth hormone","1/76","19/6213",0.0526315789473684,4.30263157894737,1.60433769326292,0.208789026592657,0.496572737286144,0.415761495267529,"XLOC-022211#ARLY-AQUCT#P51464",1
"GO:0071549","GO:0071549","cellular response to dexamethasone stimulus","1/76","19/6213",0.0526315789473684,4.30263157894737,1.60433769326292,0.208789026592657,0.496572737286144,0.415761495267529,"XLOC-022211#ARLY-AQUCT#P51464",1
"GO:0090049","GO:0090049","regulation of cell migration involved in sprouting angiogenesis","1/76","19/6213",0.0526315789473684,4.30263157894737,1.60433769326292,0.208789026592657,0.496572737286144,0.415761495267529,"XLOC-015229#M3K2-HUMAN#Q9Y2U5",1
"GO:0095500","GO:0095500","acetylcholine receptor signaling pathway","1/76","19/6213",0.0526315789473684,4.30263157894737,1.60433769326292,0.208789026592657,0.496572737286144,0.415761495267529,"XLOC-010031#ACHB4-BOVIN#Q8SPU6",1
"GO:0099086","GO:0099086","synaptonemal structure","1/76","19/6213",0.0526315789473684,4.30263157894737,1.60433769326292,0.208789026592657,0.496572737286144,0.415761495267529,"XLOC-009548#MSH4-HUMAN#O15457",1
"GO:1900271","GO:1900271","regulation of long-term synaptic potentiation","1/76","19/6213",0.0526315789473684,4.30263157894737,1.60433769326292,0.208789026592657,0.496572737286144,0.415761495267529,"XLOC-010031#ACHB4-BOVIN#Q8SPU6",1
"GO:1903831","GO:1903831","signal transduction involved in cellular response to ammonium ion","1/76","19/6213",0.0526315789473684,4.30263157894737,1.60433769326292,0.208789026592657,0.496572737286144,0.415761495267529,"XLOC-010031#ACHB4-BOVIN#Q8SPU6",1
"GO:1905144","GO:1905144","response to acetylcholine","1/76","19/6213",0.0526315789473684,4.30263157894737,1.60433769326292,0.208789026592657,0.496572737286144,0.415761495267529,"XLOC-010031#ACHB4-BOVIN#Q8SPU6",1
"GO:1905145","GO:1905145","cellular response to acetylcholine","1/76","19/6213",0.0526315789473684,4.30263157894737,1.60433769326292,0.208789026592657,0.496572737286144,0.415761495267529,"XLOC-010031#ACHB4-BOVIN#Q8SPU6",1
"GO:0033045","GO:0033045","regulation of sister chromatid segregation","2/76","70/6213",0.0285714285714286,2.33571428571429,1.25059529727742,0.210904789372207,0.499859030959883,0.418512984161481,"XLOC-010929#MIB2-MOUSE#Q8R516/XLOC-025584#SMC5-HUMAN#Q8IY18",2
"GO:0048663","GO:0048663","neuron fate commitment","2/76","70/6213",0.0285714285714286,2.33571428571429,1.25059529727742,0.210904789372207,0.499859030959883,0.418512984161481,"XLOC-013049#PTF1A-DANRE#Q7ZSX3/XLOC-022943#NR2E3-MOUSE#Q9QXZ7",2
"GO:0070555","GO:0070555","response to interleukin-1","2/76","70/6213",0.0285714285714286,2.33571428571429,1.25059529727742,0.210904789372207,0.499859030959883,0.418512984161481,"XLOC-015229#M3K2-HUMAN#Q9Y2U5/XLOC-025964#NEC1-HUMAN#P29120",2
"GO:2000147","GO:2000147","positive regulation of cell motility","4/76","194/6213",0.0206185567010309,1.68556701030928,1.07952588998744,0.212716603658878,0.503568970191294,0.421619175392665,"XLOC-015229#M3K2-HUMAN#Q9Y2U5/XLOC-023724#ANGL7-MOUSE#Q8R1Q3/XLOC-000896#ATOH8-HUMAN#Q96SQ7/XLOC-019829#INS1A-DANRE#Q6P0F9",4
"GO:0009416","GO:0009416","response to light stimulus","5/76","262/6213",0.0190839694656489,1.56011450381679,1.03080602225225,0.216207004458152,0.504965667725734,0.422788577197784,"XLOC-015872#DIS1D-DICDI#P02888/XLOC-010099#KCNA1-HUMAN#Q09470/XLOC-010401#KCNAS-DROME#P08510/XLOC-009528#DYRK4-HUMAN#Q9NR20/XLOC-021753#KCNA1-HUMAN#Q09470",5
"GO:0006644","GO:0006644","phospholipid metabolic process","4/76","196/6213",0.0204081632653061,1.66836734693878,1.05802934257951,0.21788332542214,0.504965667725734,0.422788577197784,"XLOC-019525#ABD12-DANRE#Q08C93/gene-evm.model.ptg000031l.539#LIPP-ICTTR#O88354/XLOC-008865#PTN13-HUMAN#Q12923/XLOC-020365#PA2-BOMTE#P82971",4
"GO:0046486","GO:0046486","glycerolipid metabolic process","4/76","196/6213",0.0204081632653061,1.66836734693878,1.05802934257951,0.21788332542214,0.504965667725734,0.422788577197784,"XLOC-022043#MOG2A-XENLA#Q2KHS5/XLOC-019525#ABD12-DANRE#Q08C93/XLOC-008865#PTN13-HUMAN#Q12923/XLOC-020365#PA2-BOMTE#P82971",4
"GO:0001937","GO:0001937","negative regulation of endothelial cell proliferation","1/76","20/6213",0.05,4.0875,1.53891942697662,0.218497136695815,0.504965667725734,0.422788577197784,"XLOC-000896#ATOH8-HUMAN#Q96SQ7",1
"GO:0004180","GO:0004180","carboxypeptidase activity","1/76","20/6213",0.05,4.0875,1.53891942697662,0.218497136695815,0.504965667725734,0.422788577197784,"XLOC-004937#FOLH1-RAT#P70627",1
"GO:0032648","GO:0032648","regulation of interferon-beta production","1/76","20/6213",0.05,4.0875,1.53891942697662,0.218497136695815,0.504965667725734,0.422788577197784,"XLOC-001865#RPC2-HUMAN#Q9NW08",1
"GO:0032651","GO:0032651","regulation of interleukin-1 beta production","1/76","20/6213",0.05,4.0875,1.53891942697662,0.218497136695815,0.504965667725734,0.422788577197784,"XLOC-010031#ACHB4-BOVIN#Q8SPU6",1
"GO:0033762","GO:0033762","response to glucagon","1/76","20/6213",0.05,4.0875,1.53891942697662,0.218497136695815,0.504965667725734,0.422788577197784,"XLOC-022211#ARLY-AQUCT#P51464",1
"GO:0045117","GO:0045117","azole transmembrane transport","1/76","20/6213",0.05,4.0875,1.53891942697662,0.218497136695815,0.504965667725734,0.422788577197784,"XLOC-016422#OX2R-MOUSE#P58308",1
"GO:0048483","GO:0048483","autonomic nervous system development","1/76","20/6213",0.05,4.0875,1.53891942697662,0.218497136695815,0.504965667725734,0.422788577197784,"XLOC-019829#INS1A-DANRE#Q6P0F9",1
"GO:0050881","GO:0050881","musculoskeletal movement","1/76","20/6213",0.05,4.0875,1.53891942697662,0.218497136695815,0.504965667725734,0.422788577197784,"XLOC-002280#CAC1A-APIME#C9D7C2",1
"GO:0051307","GO:0051307","meiotic chromosome separation","1/76","20/6213",0.05,4.0875,1.53891942697662,0.218497136695815,0.504965667725734,0.422788577197784,"XLOC-009548#MSH4-HUMAN#O15457",1
"GO:0051931","GO:0051931","regulation of sensory perception","1/76","20/6213",0.05,4.0875,1.53891942697662,0.218497136695815,0.504965667725734,0.422788577197784,"XLOC-016422#OX2R-MOUSE#P58308",1
"GO:0060395","GO:0060395","SMAD protein signal transduction","1/76","20/6213",0.05,4.0875,1.53891942697662,0.218497136695815,0.504965667725734,0.422788577197784,"XLOC-000896#ATOH8-HUMAN#Q96SQ7",1
"GO:0060512","GO:0060512","prostate gland morphogenesis","1/76","20/6213",0.05,4.0875,1.53891942697662,0.218497136695815,0.504965667725734,0.422788577197784,"gene-evm.model.ptg000022l.266#FCN1-MOUSE#O70165",1
"GO:0060740","GO:0060740","prostate gland epithelium morphogenesis","1/76","20/6213",0.05,4.0875,1.53891942697662,0.218497136695815,0.504965667725734,0.422788577197784,"gene-evm.model.ptg000022l.266#FCN1-MOUSE#O70165",1
"GO:0070498","GO:0070498","interleukin-1-mediated signaling pathway","1/76","20/6213",0.05,4.0875,1.53891942697662,0.218497136695815,0.504965667725734,0.422788577197784,"XLOC-015229#M3K2-HUMAN#Q9Y2U5",1
"GO:0070509","GO:0070509","calcium ion import","1/76","20/6213",0.05,4.0875,1.53891942697662,0.218497136695815,0.504965667725734,0.422788577197784,"XLOC-002280#CAC1A-APIME#C9D7C2",1
"GO:0080025","GO:0080025","phosphatidylinositol-3,5-bisphosphate binding","1/76","20/6213",0.05,4.0875,1.53891942697662,0.218497136695815,0.504965667725734,0.422788577197784,"XLOC-015872#DIS1D-DICDI#P02888",1
"GO:2000463","GO:2000463","positive regulation of excitatory postsynaptic potential","1/76","20/6213",0.05,4.0875,1.53891942697662,0.218497136695815,0.504965667725734,0.422788577197784,"XLOC-010031#ACHB4-BOVIN#Q8SPU6",1
"GO:2000765","GO:2000765","regulation of cytoplasmic translation","1/76","20/6213",0.05,4.0875,1.53891942697662,0.218497136695815,0.504965667725734,0.422788577197784,"XLOC-026511#CPEB4-DANRE#Q7SXN4",1
"GO:0007528","GO:0007528","neuromuscular junction development","2/76","72/6213",0.0277777777777778,2.27083333333333,1.20692353242589,0.219915366127207,0.507669031636026,0.425052001137925,"gene-evm.model.ptg000022l.266#FCN1-MOUSE#O70165/XLOC-016422#OX2R-MOUSE#P58308",2
"GO:0030427","GO:0030427","site of polarized growth","3/76","133/6213",0.0225563909774436,1.84398496240601,1.0948464072892,0.221908977603985,0.51169304880919,0.428421157902431,"XLOC-010031#ACHB4-BOVIN#Q8SPU6/gene-evm.model.ptg000031l.486#ELAV2-XENTR#Q28GD4/XLOC-025588#RGRF1-HUMAN#Q13972",3
"GO:0045664","GO:0045664","regulation of neuron differentiation","7/76","404/6213",0.0173267326732673,1.4164603960396,0.963292458208808,0.223070898559846,0.51379238529624,0.430178852619414,"XLOC-025696#FIBA-APOPA#P19477/XLOC-002280#CAC1A-APIME#C9D7C2/gene-evm.model.ptg000031l.486#ELAV2-XENTR#Q28GD4/XLOC-002878#LMX1B-XENLA#Q8UVR3/XLOC-022943#NR2E3-MOUSE#Q9QXZ7/XLOC-019829#INS1A-DANRE#Q6P0F9/gene-evm.model.ptg000004l.40#FA5-MOUSE#O88783",7
"GO:0051050","GO:0051050","positive regulation of transport","8/76","477/6213",0.0167714884696017,1.37106918238994,0.938542543195898,0.226161392781221,0.517184378033562,0.433018839325316,"XLOC-002415#KCNT1-CHICK#Q8QFV0/XLOC-010099#KCNA1-HUMAN#Q09470/XLOC-016600#SYT7-MOUSE#Q9R0N7/XLOC-011296#FOXL2-ELLLU#Q4VUF1/XLOC-010401#KCNAS-DROME#P08510/XLOC-016422#OX2R-MOUSE#P58308/XLOC-021753#KCNA1-HUMAN#Q09470/XLOC-025964#NEC1-HUMAN#P29120",8
"GO:0007159","GO:0007159","leukocyte cell-cell adhesion","1/76","21/6213",0.0476190476190476,3.89285714285714,1.4776297250366,0.228087677243387,0.517184378033562,0.433018839325316,"XLOC-019533#DMBT1-MOUSE#Q60997",1
"GO:0009311","GO:0009311","oligosaccharide metabolic process","1/76","21/6213",0.0476190476190476,3.89285714285714,1.4776297250366,0.228087677243387,0.517184378033562,0.433018839325316,"XLOC-016498#SAP3-MOUSE#Q60648",1
"GO:0018992","GO:0018992","germ-line sex determination","1/76","21/6213",0.0476190476190476,3.89285714285714,1.4776297250366,0.228087677243387,0.517184378033562,0.433018839325316,"XLOC-011296#FOXL2-ELLLU#Q4VUF1",1
"GO:0032365","GO:0032365","intracellular lipid transport","1/76","21/6213",0.0476190476190476,3.89285714285714,1.4776297250366,0.228087677243387,0.517184378033562,0.433018839325316,"XLOC-016600#SYT7-MOUSE#Q9R0N7",1
"GO:0032652","GO:0032652","regulation of interleukin-1 production","1/76","21/6213",0.0476190476190476,3.89285714285714,1.4776297250366,0.228087677243387,0.517184378033562,0.433018839325316,"XLOC-010031#ACHB4-BOVIN#Q8SPU6",1
"GO:0042102","GO:0042102","positive regulation of T cell proliferation","1/76","21/6213",0.0476190476190476,3.89285714285714,1.4776297250366,0.228087677243387,0.517184378033562,0.433018839325316,"XLOC-016646#ADK-PHYPA#O49923",1
"GO:0044060","GO:0044060","regulation of endocrine process","1/76","21/6213",0.0476190476190476,3.89285714285714,1.4776297250366,0.228087677243387,0.517184378033562,0.433018839325316,"XLOC-011296#FOXL2-ELLLU#Q4VUF1",1
"GO:0046503","GO:0046503","glycerolipid catabolic process","1/76","21/6213",0.0476190476190476,3.89285714285714,1.4776297250366,0.228087677243387,0.517184378033562,0.433018839325316,"XLOC-019525#ABD12-DANRE#Q08C93",1
"GO:0048255","GO:0048255","mRNA stabilization","1/76","21/6213",0.0476190476190476,3.89285714285714,1.4776297250366,0.228087677243387,0.517184378033562,0.433018839325316,"gene-evm.model.ptg000031l.486#ELAV2-XENTR#Q28GD4",1
"GO:0050686","GO:0050686","negative regulation of mRNA processing","1/76","21/6213",0.0476190476190476,3.89285714285714,1.4776297250366,0.228087677243387,0.517184378033562,0.433018839325316,"gene-evm.model.ptg000031l.486#ELAV2-XENTR#Q28GD4",1
"GO:0060602","GO:0060602","branch elongation of an epithelium","1/76","21/6213",0.0476190476190476,3.89285714285714,1.4776297250366,0.228087677243387,0.517184378033562,0.433018839325316,"gene-evm.model.ptg000022l.266#FCN1-MOUSE#O70165",1
"GO:1902669","GO:1902669","positive regulation of axon guidance","1/76","21/6213",0.0476190476190476,3.89285714285714,1.4776297250366,0.228087677243387,0.517184378033562,0.433018839325316,"XLOC-022943#NR2E3-MOUSE#Q9QXZ7",1
"GO:1990266","GO:1990266","neutrophil migration","1/76","21/6213",0.0476190476190476,3.89285714285714,1.4776297250366,0.228087677243387,0.517184378033562,0.433018839325316,"XLOC-019533#DMBT1-MOUSE#Q60997",1
"GO:0007127","GO:0007127","meiosis I","2/76","74/6213",0.027027027027027,2.20945945945946,1.16466980661704,0.22895960010749,0.518011586954154,0.433711429940748,"XLOC-025584#SMC5-HUMAN#Q8IY18/XLOC-009548#MSH4-HUMAN#O15457",2
"GO:0043648","GO:0043648","dicarboxylic acid metabolic process","2/76","74/6213",0.027027027027027,2.20945945945946,1.16466980661704,0.22895960010749,0.518011586954154,0.433711429940748,"XLOC-022211#ARLY-AQUCT#P51464/gene-evm.model.ptg000022l.478#GSH0-HUMAN#P48507",2
"GO:0001655","GO:0001655","urogenital system development","4/76","201/6213",0.0199004975124378,1.62686567164179,1.00532732858656,0.230950575362931,0.521870188051178,0.436942090106482,"gene-evm.model.ptg000022l.266#FCN1-MOUSE#O70165/XLOC-019533#DMBT1-MOUSE#Q60997/XLOC-022211#ARLY-AQUCT#P51464/XLOC-002878#LMX1B-XENLA#Q8UVR3",4
"GO:1901701","GO:1901701","cellular response to oxygen-containing compound","8/76","480/6213",0.0166666666666667,1.3625,0.919987902844354,0.23121399390371,0.521870188051178,0.436942090106482,"XLOC-010099#KCNA1-HUMAN#Q09470/XLOC-010031#ACHB4-BOVIN#Q8SPU6/XLOC-010401#KCNAS-DROME#P08510/XLOC-002280#CAC1A-APIME#C9D7C2/XLOC-022211#ARLY-AQUCT#P51464/XLOC-021753#KCNA1-HUMAN#Q09470/XLOC-025588#RGRF1-HUMAN#Q13972/gene-evm.model.ptg000022l.478#GSH0-HUMAN#P48507",8
"GO:0048471","GO:0048471","perinuclear region of cytoplasm","7/76","410/6213",0.0170731707317073,1.39573170731707,0.922594688220559,0.234011753281325,0.521870188051178,0.436942090106482,"XLOC-010099#KCNA1-HUMAN#Q09470/XLOC-014487#KCND1-MOUSE#Q03719/XLOC-010401#KCNAS-DROME#P08510/XLOC-022211#ARLY-AQUCT#P51464/XLOC-021753#KCNA1-HUMAN#Q09470/XLOC-025964#NEC1-HUMAN#P29120/XLOC-025644#PPIB-MOUSE#P24369",7
"GO:0000165","GO:0000165","MAPK cascade","3/76","137/6213",0.0218978102189781,1.79014598540146,1.04064642565591,0.234875225181187,0.521870188051178,0.436942090106482,"XLOC-015229#M3K2-HUMAN#Q9Y2U5/XLOC-016422#OX2R-MOUSE#P58308/XLOC-025588#RGRF1-HUMAN#Q13972",3
"GO:0009611","GO:0009611","response to wounding","5/76","271/6213",0.018450184501845,1.50830258302583,0.952105549193247,0.236450157144717,0.521870188051178,0.436942090106482,"gene-evm.model.ptg000022l.266#FCN1-MOUSE#O70165/XLOC-016600#SYT7-MOUSE#Q9R0N7/XLOC-022943#NR2E3-MOUSE#Q9QXZ7/XLOC-019829#INS1A-DANRE#Q6P0F9/XLOC-025964#NEC1-HUMAN#P29120",5
"GO:0002251","GO:0002251","organ or tissue specific immune response","1/76","22/6213",0.0454545454545455,3.71590909090909,1.42000745763605,0.237562053297893,0.521870188051178,0.436942090106482,"XLOC-019533#DMBT1-MOUSE#Q60997",1
"GO:0002385","GO:0002385","mucosal immune response","1/76","22/6213",0.0454545454545455,3.71590909090909,1.42000745763605,0.237562053297893,0.521870188051178,0.436942090106482,"XLOC-019533#DMBT1-MOUSE#Q60997",1
"GO:0004866","GO:0004866","endopeptidase inhibitor activity","1/76","22/6213",0.0454545454545455,3.71590909090909,1.42000745763605,0.237562053297893,0.521870188051178,0.436942090106482,"XLOC-016437#UBP14-PANTR#P60051",1
"GO:0007157","GO:0007157","heterophilic cell-cell adhesion","1/76","22/6213",0.0454545454545455,3.71590909090909,1.42000745763605,0.237562053297893,0.521870188051178,0.436942090106482,"XLOC-019533#DMBT1-MOUSE#Q60997",1
"GO:0007271","GO:0007271","synaptic transmission, cholinergic","1/76","22/6213",0.0454545454545455,3.71590909090909,1.42000745763605,0.237562053297893,0.521870188051178,0.436942090106482,"XLOC-010031#ACHB4-BOVIN#Q8SPU6",1
"GO:0009394","GO:0009394","2'-deoxyribonucleotide metabolic process","1/76","22/6213",0.0454545454545455,3.71590909090909,1.42000745763605,0.237562053297893,0.521870188051178,0.436942090106482,"XLOC-016646#ADK-PHYPA#O49923",1
"GO:0016461","GO:0016461","unconventional myosin complex","1/76","22/6213",0.0454545454545455,3.71590909090909,1.42000745763605,0.237562053297893,0.521870188051178,0.436942090106482,"XLOC-019642#CALM-MACPY#Q40302",1
"GO:0022602","GO:0022602","ovulation cycle process","1/76","22/6213",0.0454545454545455,3.71590909090909,1.42000745763605,0.237562053297893,0.521870188051178,0.436942090106482,"XLOC-010031#ACHB4-BOVIN#Q8SPU6",1
"GO:0022824","GO:0022824","transmitter-gated monoatomic ion channel activity","1/76","22/6213",0.0454545454545455,3.71590909090909,1.42000745763605,0.237562053297893,0.521870188051178,0.436942090106482,"XLOC-010031#ACHB4-BOVIN#Q8SPU6",1
"GO:0022835","GO:0022835","transmitter-gated channel activity","1/76","22/6213",0.0454545454545455,3.71590909090909,1.42000745763605,0.237562053297893,0.521870188051178,0.436942090106482,"XLOC-010031#ACHB4-BOVIN#Q8SPU6",1
"GO:0030414","GO:0030414","peptidase inhibitor activity","1/76","22/6213",0.0454545454545455,3.71590909090909,1.42000745763605,0.237562053297893,0.521870188051178,0.436942090106482,"XLOC-016437#UBP14-PANTR#P60051",1
"GO:0031624","GO:0031624","ubiquitin conjugating enzyme binding","1/76","22/6213",0.0454545454545455,3.71590909090909,1.42000745763605,0.237562053297893,0.521870188051178,0.436942090106482,"XLOC-011296#FOXL2-ELLLU#Q4VUF1",1
"GO:0034698","GO:0034698","response to gonadotropin","1/76","22/6213",0.0454545454545455,3.71590909090909,1.42000745763605,0.237562053297893,0.521870188051178,0.436942090106482,"gene-evm.model.ptg000022l.478#GSH0-HUMAN#P48507",1
"GO:0042755","GO:0042755","eating behavior","1/76","22/6213",0.0454545454545455,3.71590909090909,1.42000745763605,0.237562053297893,0.521870188051178,0.436942090106482,"XLOC-016422#OX2R-MOUSE#P58308",1
"GO:0043550","GO:0043550","regulation of lipid kinase activity","1/76","22/6213",0.0454545454545455,3.71590909090909,1.42000745763605,0.237562053297893,0.521870188051178,0.436942090106482,"XLOC-016422#OX2R-MOUSE#P58308",1
"GO:0044788","GO:0044788","host-mediated perturbation of viral process","1/76","22/6213",0.0454545454545455,3.71590909090909,1.42000745763605,0.237562053297893,0.521870188051178,0.436942090106482,"XLOC-025644#PPIB-MOUSE#P24369",1
"GO:0048048","GO:0048048","embryonic eye morphogenesis","1/76","22/6213",0.0454545454545455,3.71590909090909,1.42000745763605,0.237562053297893,0.521870188051178,0.436942090106482,"XLOC-011296#FOXL2-ELLLU#Q4VUF1",1
"GO:0071542","GO:0071542","dopaminergic neuron differentiation","1/76","22/6213",0.0454545454545455,3.71590909090909,1.42000745763605,0.237562053297893,0.521870188051178,0.436942090106482,"XLOC-002878#LMX1B-XENLA#Q8UVR3",1
"GO:0090398","GO:0090398","cellular senescence","1/76","22/6213",0.0454545454545455,3.71590909090909,1.42000745763605,0.237562053297893,0.521870188051178,0.436942090106482,"XLOC-025584#SMC5-HUMAN#Q8IY18",1
"GO:0097061","GO:0097061","dendritic spine organization","1/76","22/6213",0.0454545454545455,3.71590909090909,1.42000745763605,0.237562053297893,0.521870188051178,0.436942090106482,"XLOC-010031#ACHB4-BOVIN#Q8SPU6",1
"GO:1900744","GO:1900744","regulation of p38MAPK cascade","1/76","22/6213",0.0454545454545455,3.71590909090909,1.42000745763605,0.237562053297893,0.521870188051178,0.436942090106482,"XLOC-015229#M3K2-HUMAN#Q9Y2U5",1
"GO:1903672","GO:1903672","positive regulation of sprouting angiogenesis","1/76","22/6213",0.0454545454545455,3.71590909090909,1.42000745763605,0.237562053297893,0.521870188051178,0.436942090106482,"XLOC-015229#M3K2-HUMAN#Q9Y2U5",1
"GO:0014074","GO:0014074","response to purine-containing compound","2/76","76/6213",0.0263157894736842,2.15131578947368,1.12374469176036,0.238030636011277,0.522337904802406,0.437333691580447,"XLOC-025584#SMC5-HUMAN#Q8IY18/XLOC-022211#ARLY-AQUCT#P51464",2
"GO:0006520","GO:0006520","amino acid metabolic process","4/76","204/6213",0.0196078431372549,1.60294117647059,0.974391268823419,0.238886859731,0.523654350247246,0.438435901358567,"XLOC-022211#ARLY-AQUCT#P51464/XLOC-002878#LMX1B-XENLA#Q8UVR3/XLOC-004937#FOLH1-RAT#P70627/gene-evm.model.ptg000022l.478#GSH0-HUMAN#P48507",4
"GO:0034097","GO:0034097","response to cytokine","6/76","343/6213",0.0174927113702624,1.43002915451895,0.911738654401374,0.241447235815706,0.528133514744632,0.442186135693138,"XLOC-015229#M3K2-HUMAN#Q9Y2U5/XLOC-008865#PTN13-HUMAN#Q12923/XLOC-022211#ARLY-AQUCT#P51464/gene-evm.model.ptg000031l.486#ELAV2-XENTR#Q28GD4/XLOC-025964#NEC1-HUMAN#P29120/gene-evm.model.ptg000022l.478#GSH0-HUMAN#P48507",6
"GO:0051223","GO:0051223","regulation of protein transport","6/76","343/6213",0.0174927113702624,1.43002915451895,0.911738654401374,0.241447235815706,0.528133514744632,0.442186135693138,"XLOC-010099#KCNA1-HUMAN#Q09470/XLOC-016600#SYT7-MOUSE#Q9R0N7/XLOC-010401#KCNAS-DROME#P08510/XLOC-002280#CAC1A-APIME#C9D7C2/XLOC-021753#KCNA1-HUMAN#Q09470/XLOC-025964#NEC1-HUMAN#P29120",6
"GO:0006766","GO:0006766","vitamin metabolic process","2/76","77/6213",0.025974025974026,2.12337662337662,1.10375460224347,0.242574146127188,0.529213930890326,0.443090727102445,"XLOC-019523#LRP12-HUMAN#Q9Y561/gene-evm.model.ptg000004l.34#RLBP1-MOUSE#Q9Z275",2
"GO:0050900","GO:0050900","leukocyte migration","2/76","77/6213",0.025974025974026,2.12337662337662,1.10375460224347,0.242574146127188,0.529213930890326,0.443090727102445,"XLOC-023724#ANGL7-MOUSE#Q8R1Q3/XLOC-019533#DMBT1-MOUSE#Q60997",2
"GO:0050803","GO:0050803","regulation of synapse structure or activity","4/76","207/6213",0.0193236714975845,1.57971014492754,0.943947558289311,0.246889154270081,0.529213930890326,0.443090727102445,"XLOC-010099#KCNA1-HUMAN#Q09470/XLOC-010031#ACHB4-BOVIN#Q8SPU6/XLOC-010401#KCNAS-DROME#P08510/XLOC-021753#KCNA1-HUMAN#Q09470",4
"GO:0005796","GO:0005796","Golgi lumen","1/76","23/6213",0.0434782608695652,3.55434782608696,1.36566156373522,0.246921653354324,0.529213930890326,0.443090727102445,"XLOC-019533#DMBT1-MOUSE#Q60997",1
"GO:0006687","GO:0006687","glycosphingolipid metabolic process","1/76","23/6213",0.0434782608695652,3.55434782608696,1.36566156373522,0.246921653354324,0.529213930890326,0.443090727102445,"XLOC-016498#SAP3-MOUSE#Q60648",1
"GO:0008519","GO:0008519","ammonium channel activity","1/76","23/6213",0.0434782608695652,3.55434782608696,1.36566156373522,0.246921653354324,0.529213930890326,0.443090727102445,"XLOC-017989#AMT3-CAEEL#Q21565",1
"GO:0008643","GO:0008643","carbohydrate transport","1/76","23/6213",0.0434782608695652,3.55434782608696,1.36566156373522,0.246921653354324,0.529213930890326,0.443090727102445,"gene-evm.model.ptg000001l.946#AQP9-HUMAN#O43315",1
"GO:0010633","GO:0010633","negative regulation of epithelial cell migration","1/76","23/6213",0.0434782608695652,3.55434782608696,1.36566156373522,0.246921653354324,0.529213930890326,0.443090727102445,"XLOC-023724#ANGL7-MOUSE#Q8R1Q3",1
"GO:0035883","GO:0035883","enteroendocrine cell differentiation","1/76","23/6213",0.0434782608695652,3.55434782608696,1.36566156373522,0.246921653354324,0.529213930890326,0.443090727102445,"XLOC-019829#INS1A-DANRE#Q6P0F9",1
"GO:0042220","GO:0042220","response to cocaine","1/76","23/6213",0.0434782608695652,3.55434782608696,1.36566156373522,0.246921653354324,0.529213930890326,0.443090727102445,"gene-evm.model.ptg000031l.486#ELAV2-XENTR#Q28GD4",1
"GO:0044003","GO:0044003","symbiont-mediated perturbation of host process","1/76","23/6213",0.0434782608695652,3.55434782608696,1.36566156373522,0.246921653354324,0.529213930890326,0.443090727102445,"gene-evm.model.ptg000012l.875#IMB1-HUMAN#Q14974",1
"GO:0045879","GO:0045879","negative regulation of smoothened signaling pathway","1/76","23/6213",0.0434782608695652,3.55434782608696,1.36566156373522,0.246921653354324,0.529213930890326,0.443090727102445,"XLOC-012420#RFX6-DANRE#Q5RJA1",1
"GO:0046879","GO:0046879","hormone secretion","1/76","23/6213",0.0434782608695652,3.55434782608696,1.36566156373522,0.246921653354324,0.529213930890326,0.443090727102445,"XLOC-016422#OX2R-MOUSE#P58308",1
"GO:0048680","GO:0048680","positive regulation of axon regeneration","1/76","23/6213",0.0434782608695652,3.55434782608696,1.36566156373522,0.246921653354324,0.529213930890326,0.443090727102445,"gene-evm.model.ptg000004l.40#FA5-MOUSE#O88783",1
"GO:0050879","GO:0050879","multicellular organismal movement","1/76","23/6213",0.0434782608695652,3.55434782608696,1.36566156373522,0.246921653354324,0.529213930890326,0.443090727102445,"XLOC-002280#CAC1A-APIME#C9D7C2",1
"GO:0070572","GO:0070572","positive regulation of neuron projection regeneration","1/76","23/6213",0.0434782608695652,3.55434782608696,1.36566156373522,0.246921653354324,0.529213930890326,0.443090727102445,"gene-evm.model.ptg000004l.40#FA5-MOUSE#O88783",1
"GO:0072488","GO:0072488","ammonium transmembrane transport","1/76","23/6213",0.0434782608695652,3.55434782608696,1.36566156373522,0.246921653354324,0.529213930890326,0.443090727102445,"XLOC-017989#AMT3-CAEEL#Q21565",1
"GO:0090382","GO:0090382","phagosome maturation","1/76","23/6213",0.0434782608695652,3.55434782608696,1.36566156373522,0.246921653354324,0.529213930890326,0.443090727102445,"XLOC-016600#SYT7-MOUSE#Q9R0N7",1
"GO:0030658","GO:0030658","transport vesicle membrane","2/76","78/6213",0.0256410256410256,2.09615384615385,1.08406665947599,0.247121923675659,0.529213930890326,0.443090727102445,"XLOC-025955#MCTP1-MOUSE#E9PV86/XLOC-015788#OTOF-HUMAN#Q9HC10",2
"GO:0046887","GO:0046887","positive regulation of hormone secretion","2/76","78/6213",0.0256410256410256,2.09615384615385,1.08406665947599,0.247121923675659,0.529213930890326,0.443090727102445,"XLOC-011296#FOXL2-ELLLU#Q4VUF1/XLOC-016422#OX2R-MOUSE#P58308",2
"GO:0017148","GO:0017148","negative regulation of translation","2/76","79/6213",0.0253164556962025,2.06962025316456,1.06467176190812,0.251673195848862,0.537832990710486,0.450307138575645,"gene-evm.model.ptg000031l.486#ELAV2-XENTR#Q28GD4/XLOC-026511#CPEB4-DANRE#Q7SXN4",2
"GO:0090090","GO:0090090","negative regulation of canonical Wnt signaling pathway","2/76","79/6213",0.0253164556962025,2.06962025316456,1.06467176190812,0.251673195848862,0.537832990710486,0.450307138575645,"gene-evm.model.ptg000001l.686#SOX14-DANRE#Q32PP9/XLOC-012287#SX19B-DANRE#Q9DDD7",2
"GO:0009314","GO:0009314","response to radiation","6/76","349/6213",0.0171919770773639,1.4054441260745,0.867543386879117,0.253799650740171,0.537998134808666,0.4504454074576,"XLOC-015872#DIS1D-DICDI#P02888/XLOC-010099#KCNA1-HUMAN#Q09470/XLOC-010401#KCNAS-DROME#P08510/XLOC-009528#DYRK4-HUMAN#Q9NR20/XLOC-016422#OX2R-MOUSE#P58308/XLOC-021753#KCNA1-HUMAN#Q09470",6
"GO:0050770","GO:0050770","regulation of axonogenesis","3/76","143/6213",0.020979020979021,1.71503496503497,0.962599009448742,0.25457411742358,0.537998134808666,0.4504454074576,"XLOC-025696#FIBA-APOPA#P19477/XLOC-002280#CAC1A-APIME#C9D7C2/XLOC-022943#NR2E3-MOUSE#Q9QXZ7",3
"GO:0051260","GO:0051260","protein homooligomerization","3/76","143/6213",0.020979020979021,1.71503496503497,0.962599009448742,0.25457411742358,0.537998134808666,0.4504454074576,"XLOC-019523#LRP12-HUMAN#Q9Y561/XLOC-015872#DIS1D-DICDI#P02888/gene-evm.model.ptg000031l.486#ELAV2-XENTR#Q28GD4",3
"GO:0005048","GO:0005048","signal sequence binding","1/76","24/6213",0.0416666666666667,3.40625,1.31425786413245,0.256167849532849,0.537998134808666,0.4504454074576,"gene-evm.model.ptg000012l.875#IMB1-HUMAN#Q14974",1
"GO:0007189","GO:0007189","adenylate cyclase-activating G protein-coupled receptor signaling pathway","1/76","24/6213",0.0416666666666667,3.40625,1.31425786413245,0.256167849532849,0.537998134808666,0.4504454074576,"XLOC-023609#AGRD1-HUMAN#Q6QNK2",1
"GO:0008374","GO:0008374","O-acyltransferase activity","1/76","24/6213",0.0416666666666667,3.40625,1.31425786413245,0.256167849532849,0.537998134808666,0.4504454074576,"XLOC-022043#MOG2A-XENLA#Q2KHS5",1
"GO:0008586","GO:0008586","imaginal disc-derived wing vein morphogenesis","1/76","24/6213",0.0416666666666667,3.40625,1.31425786413245,0.256167849532849,0.537998134808666,0.4504454074576,"XLOC-000896#ATOH8-HUMAN#Q96SQ7",1
"GO:0009187","GO:0009187","cyclic nucleotide metabolic process","1/76","24/6213",0.0416666666666667,3.40625,1.31425786413245,0.256167849532849,0.537998134808666,0.4504454074576,"XLOC-010449#GCY8E-DROME#Q8INF0",1
"GO:0030850","GO:0030850","prostate gland development","1/76","24/6213",0.0416666666666667,3.40625,1.31425786413245,0.256167849532849,0.537998134808666,0.4504454074576,"gene-evm.model.ptg000022l.266#FCN1-MOUSE#O70165",1
"GO:0032228","GO:0032228","regulation of synaptic transmission, GABAergic","1/76","24/6213",0.0416666666666667,3.40625,1.31425786413245,0.256167849532849,0.537998134808666,0.4504454074576,"XLOC-016422#OX2R-MOUSE#P58308",1
"GO:0051180","GO:0051180","vitamin transport","1/76","24/6213",0.0416666666666667,3.40625,1.31425786413245,0.256167849532849,0.537998134808666,0.4504454074576,"XLOC-019523#LRP12-HUMAN#Q9Y561",1
"GO:0060441","GO:0060441","epithelial tube branching involved in lung morphogenesis","1/76","24/6213",0.0416666666666667,3.40625,1.31425786413245,0.256167849532849,0.537998134808666,0.4504454074576,"gene-evm.model.ptg000022l.266#FCN1-MOUSE#O70165",1
"GO:0098659","GO:0098659","inorganic cation import across plasma membrane","1/76","24/6213",0.0416666666666667,3.40625,1.31425786413245,0.256167849532849,0.537998134808666,0.4504454074576,"XLOC-014487#KCND1-MOUSE#Q03719",1
"GO:0099587","GO:0099587","inorganic ion import across plasma membrane","1/76","24/6213",0.0416666666666667,3.40625,1.31425786413245,0.256167849532849,0.537998134808666,0.4504454074576,"XLOC-014487#KCND1-MOUSE#Q03719",1
"GO:1902235","GO:1902235","regulation of endoplasmic reticulum stress-induced intrinsic apoptotic signaling pathway","1/76","24/6213",0.0416666666666667,3.40625,1.31425786413245,0.256167849532849,0.537998134808666,0.4504454074576,"XLOC-027115#TXD12-EPICO#H9D1R1",1
"GO:1902373","GO:1902373","negative regulation of mRNA catabolic process","1/76","24/6213",0.0416666666666667,3.40625,1.31425786413245,0.256167849532849,0.537998134808666,0.4504454074576,"gene-evm.model.ptg000031l.486#ELAV2-XENTR#Q28GD4",1
"GO:0009749","GO:0009749","response to glucose","2/76","80/6213",0.025,2.04375,1.04556119794136,0.256227207620574,0.537998134808666,0.4504454074576,"XLOC-025964#NEC1-HUMAN#P29120/gene-evm.model.ptg000022l.478#GSH0-HUMAN#P48507",2
"GO:0019897","GO:0019897","extrinsic component of plasma membrane","2/76","81/6213",0.0246913580246914,2.01851851851852,1.02672662449212,0.260783221436647,0.54644115014879,0.457514423573065,"XLOC-019523#LRP12-HUMAN#Q9Y561/XLOC-015872#DIS1D-DICDI#P02888",2
"GO:0048284","GO:0048284","organelle fusion","2/76","81/6213",0.0246913580246914,2.01851851851852,1.02672662449212,0.260783221436647,0.54644115014879,0.457514423573065,"XLOC-019965#SYT14-HUMAN#Q8NB59/XLOC-016600#SYT7-MOUSE#Q9R0N7",2
"GO:0050795","GO:0050795","regulation of behavior","3/76","146/6213",0.0205479452054795,1.67979452054795,0.924935712231618,0.264516558776139,0.548674773327523,0.459384551437373,"XLOC-010099#KCNA1-HUMAN#Q09470/XLOC-010401#KCNAS-DROME#P08510/XLOC-021753#KCNA1-HUMAN#Q09470",3
"GO:0009262","GO:0009262","deoxyribonucleotide metabolic process","1/76","25/6213",0.04,3.27,1.26550879292804,0.265301997769317,0.548674773327523,0.459384551437373,"XLOC-016646#ADK-PHYPA#O49923",1
"GO:0032435","GO:0032435","negative regulation of proteasomal ubiquitin-dependent protein catabolic process","1/76","25/6213",0.04,3.27,1.26550879292804,0.265301997769317,0.548674773327523,0.459384551437373,"XLOC-016437#UBP14-PANTR#P60051",1
"GO:0032922","GO:0032922","circadian regulation of gene expression","1/76","25/6213",0.04,3.27,1.26550879292804,0.265301997769317,0.548674773327523,0.459384551437373,"XLOC-016646#ADK-PHYPA#O49923",1
"GO:0035640","GO:0035640","exploration behavior","1/76","25/6213",0.04,3.27,1.26550879292804,0.265301997769317,0.548674773327523,0.459384551437373,"XLOC-025696#FIBA-APOPA#P19477",1
"GO:0045540","GO:0045540","regulation of cholesterol biosynthetic process","1/76","25/6213",0.04,3.27,1.26550879292804,0.265301997769317,0.548674773327523,0.459384551437373,"gene-evm.model.ptg000012l.875#IMB1-HUMAN#Q14974",1
"GO:0061135","GO:0061135","endopeptidase regulator activity","1/76","25/6213",0.04,3.27,1.26550879292804,0.265301997769317,0.548674773327523,0.459384551437373,"XLOC-016437#UBP14-PANTR#P60051",1
"GO:0070207","GO:0070207","protein homotrimerization","1/76","25/6213",0.04,3.27,1.26550879292804,0.265301997769317,0.548674773327523,0.459384551437373,"XLOC-019523#LRP12-HUMAN#Q9Y561",1
"GO:0097530","GO:0097530","granulocyte migration","1/76","25/6213",0.04,3.27,1.26550879292804,0.265301997769317,0.548674773327523,0.459384551437373,"XLOC-019533#DMBT1-MOUSE#Q60997",1
"GO:0098815","GO:0098815","modulation of excitatory postsynaptic potential","1/76","25/6213",0.04,3.27,1.26550879292804,0.265301997769317,0.548674773327523,0.459384551437373,"XLOC-010031#ACHB4-BOVIN#Q8SPU6",1
"GO:0106118","GO:0106118","regulation of sterol biosynthetic process","1/76","25/6213",0.04,3.27,1.26550879292804,0.265301997769317,0.548674773327523,0.459384551437373,"gene-evm.model.ptg000012l.875#IMB1-HUMAN#Q14974",1
"GO:1904292","GO:1904292","regulation of ERAD pathway","1/76","25/6213",0.04,3.27,1.26550879292804,0.265301997769317,0.548674773327523,0.459384551437373,"XLOC-016437#UBP14-PANTR#P60051",1
"GO:0072073","GO:0072073","kidney epithelium development","2/76","82/6213",0.024390243902439,1.99390243902439,1.00816004698494,0.265340516910227,0.548674773327523,0.459384551437373,"XLOC-019533#DMBT1-MOUSE#Q60997/XLOC-002878#LMX1B-XENLA#Q8UVR3",2
"GO:0090596","GO:0090596","sensory organ morphogenesis","5/76","284/6213",0.0176056338028169,1.43926056338028,0.843208774364014,0.266597705743843,0.550716999832833,0.461094430135432,"XLOC-015872#DIS1D-DICDI#P02888/XLOC-019525#ABD12-DANRE#Q08C93/XLOC-011296#FOXL2-ELLLU#Q4VUF1/XLOC-013049#PTF1A-DANRE#Q7ZSX3/XLOC-019829#INS1A-DANRE#Q6P0F9",5
"GO:0016358","GO:0016358","dendrite development","3/76","147/6213",0.0204081632653061,1.66836734693878,0.912572015374385,0.267842345032443,0.551711855699845,0.461927385172604,"XLOC-010031#ACHB4-BOVIN#Q8SPU6/XLOC-002280#CAC1A-APIME#C9D7C2/gene-evm.model.ptg000031l.486#ELAV2-XENTR#Q28GD4",3
"GO:0060828","GO:0060828","regulation of canonical Wnt signaling pathway","3/76","147/6213",0.0204081632653061,1.66836734693878,0.912572015374385,0.267842345032443,0.551711855699845,0.461927385172604,"gene-evm.model.ptg000001l.686#SOX14-DANRE#Q32PP9/XLOC-002878#LMX1B-XENLA#Q8UVR3/XLOC-012287#SX19B-DANRE#Q9DDD7",3
"GO:0007346","GO:0007346","regulation of mitotic cell cycle","7/76","428/6213",0.0163551401869159,1.33703271028037,0.804056771374529,0.267889457099484,0.551711855699845,0.461927385172604,"XLOC-010929#MIB2-MOUSE#Q8R516/XLOC-015229#M3K2-HUMAN#Q9Y2U5/XLOC-010099#KCNA1-HUMAN#Q09470/XLOC-010401#KCNAS-DROME#P08510/XLOC-025584#SMC5-HUMAN#Q8IY18/XLOC-021753#KCNA1-HUMAN#Q09470/XLOC-019829#INS1A-DANRE#Q6P0F9",7
"GO:0005775","GO:0005775","vacuolar lumen","2/76","83/6213",0.0240963855421687,1.96987951807229,0.989853800663659,0.269898390521656,0.554730796615435,0.464455029755046,"XLOC-019523#LRP12-HUMAN#Q9Y561/XLOC-016498#SAP3-MOUSE#Q60648",2
"GO:0043235","GO:0043235","receptor complex","2/76","83/6213",0.0240963855421687,1.96987951807229,0.989853800663659,0.269898390521656,0.554730796615435,0.464455029755046,"XLOC-019525#ABD12-DANRE#Q08C93/XLOC-010031#ACHB4-BOVIN#Q8SPU6",2
"GO:0001523","GO:0001523","retinoid metabolic process","1/76","26/6213",0.0384615384615385,3.14423076923077,1.21916531266441,0.274325438003566,0.558480005303647,0.467594099811127,"gene-evm.model.ptg000004l.34#RLBP1-MOUSE#Q9Z275",1
"GO:0004177","GO:0004177","aminopeptidase activity","1/76","26/6213",0.0384615384615385,3.14423076923077,1.21916531266441,0.274325438003566,0.558480005303647,0.467594099811127,"XLOC-004937#FOLH1-RAT#P70627",1
"GO:0045646","GO:0045646","regulation of erythrocyte differentiation","1/76","26/6213",0.0384615384615385,3.14423076923077,1.21916531266441,0.274325438003566,0.558480005303647,0.467594099811127,"XLOC-022254#P4HTM-HUMAN#Q9NXG6",1
"GO:0048665","GO:0048665","neuron fate specification","1/76","26/6213",0.0384615384615385,3.14423076923077,1.21916531266441,0.274325438003566,0.558480005303647,0.467594099811127,"XLOC-022943#NR2E3-MOUSE#Q9QXZ7",1
"GO:0051899","GO:0051899","membrane depolarization","1/76","26/6213",0.0384615384615385,3.14423076923077,1.21916531266441,0.274325438003566,0.558480005303647,0.467594099811127,"XLOC-002280#CAC1A-APIME#C9D7C2",1
"GO:0060193","GO:0060193","positive regulation of lipase activity","1/76","26/6213",0.0384615384615385,3.14423076923077,1.21916531266441,0.274325438003566,0.558480005303647,0.467594099811127,"gene-evm.model.ptg000031l.539#LIPP-ICTTR#O88354",1
"GO:0071320","GO:0071320","cellular response to cAMP","1/76","26/6213",0.0384615384615385,3.14423076923077,1.21916531266441,0.274325438003566,0.558480005303647,0.467594099811127,"XLOC-022211#ARLY-AQUCT#P51464",1
"GO:1903307","GO:1903307","positive regulation of regulated secretory pathway","1/76","26/6213",0.0384615384615385,3.14423076923077,1.21916531266441,0.274325438003566,0.558480005303647,0.467594099811127,"XLOC-016600#SYT7-MOUSE#Q9R0N7",1
"GO:0009746","GO:0009746","response to hexose","2/76","84/6213",0.0238095238095238,1.94642857142857,0.97180053311894,0.274456155322987,0.558480005303647,0.467594099811127,"XLOC-025964#NEC1-HUMAN#P29120/gene-evm.model.ptg000022l.478#GSH0-HUMAN#P48507",2
"GO:0030516","GO:0030516","regulation of axon extension","2/76","84/6213",0.0238095238095238,1.94642857142857,0.97180053311894,0.274456155322987,0.558480005303647,0.467594099811127,"XLOC-025696#FIBA-APOPA#P19477/XLOC-022943#NR2E3-MOUSE#Q9QXZ7",2
"GO:0042303","GO:0042303","molting cycle","2/76","85/6213",0.0235294117647059,1.92352941176471,0.95399318793938,0.27901314064706,0.562350133128147,0.470834410868042,"gene-evm.model.ptg000001l.686#SOX14-DANRE#Q32PP9/XLOC-012287#SX19B-DANRE#Q9DDD7",2
"GO:0051983","GO:0051983","regulation of chromosome segregation","2/76","85/6213",0.0235294117647059,1.92352941176471,0.95399318793938,0.27901314064706,0.562350133128147,0.470834410868042,"XLOC-010929#MIB2-MOUSE#Q8R516/XLOC-025584#SMC5-HUMAN#Q8IY18",2
"GO:0070201","GO:0070201","regulation of establishment of protein localization","6/76","361/6213",0.0166204986149584,1.35872576177285,0.781463083676802,0.279029811796797,0.562350133128147,0.470834410868042,"XLOC-010099#KCNA1-HUMAN#Q09470/XLOC-016600#SYT7-MOUSE#Q9R0N7/XLOC-010401#KCNAS-DROME#P08510/XLOC-002280#CAC1A-APIME#C9D7C2/XLOC-021753#KCNA1-HUMAN#Q09470/XLOC-025964#NEC1-HUMAN#P29120",6
"GO:0005764","GO:0005764","lysosome","5/76","290/6213",0.0172413793103448,1.40948275862069,0.794709145782015,0.280813837916383,0.562350133128147,0.470834410868042,"XLOC-019523#LRP12-HUMAN#Q9Y561/XLOC-016600#SYT7-MOUSE#Q9R0N7/XLOC-000356#DRAM2-MOUSE#Q9CR48/XLOC-016422#OX2R-MOUSE#P58308/XLOC-016498#SAP3-MOUSE#Q60648",5
"GO:0050769","GO:0050769","positive regulation of neurogenesis","5/76","291/6213",0.0171821305841924,1.40463917525773,0.786728127946382,0.283199106516438,0.562350133128147,0.470834410868042,"gene-evm.model.ptg000031l.486#ELAV2-XENTR#Q28GD4/XLOC-002878#LMX1B-XENLA#Q8UVR3/XLOC-022943#NR2E3-MOUSE#Q9QXZ7/XLOC-019829#INS1A-DANRE#Q6P0F9/gene-evm.model.ptg000004l.40#FA5-MOUSE#O88783",5
"GO:0001917","GO:0001917","photoreceptor inner segment","1/76","27/6213",0.037037037037037,3.02777777777778,1.17501048405327,0.283239494365572,0.562350133128147,0.470834410868042,"XLOC-000356#DRAM2-MOUSE#Q9CR48",1
"GO:0007200","GO:0007200","phospholipase C-activating G protein-coupled receptor signaling pathway","1/76","27/6213",0.037037037037037,3.02777777777778,1.17501048405327,0.283239494365572,0.562350133128147,0.470834410868042,"XLOC-016422#OX2R-MOUSE#P58308",1
"GO:0008235","GO:0008235","metalloexopeptidase activity","1/76","27/6213",0.037037037037037,3.02777777777778,1.17501048405327,0.283239494365572,0.562350133128147,0.470834410868042,"XLOC-004937#FOLH1-RAT#P70627",1
"GO:0010613","GO:0010613","positive regulation of cardiac muscle hypertrophy","1/76","27/6213",0.037037037037037,3.02777777777778,1.17501048405327,0.283239494365572,0.562350133128147,0.470834410868042,"XLOC-016646#ADK-PHYPA#O49923",1
"GO:0014742","GO:0014742","positive regulation of muscle hypertrophy","1/76","27/6213",0.037037037037037,3.02777777777778,1.17501048405327,0.283239494365572,0.562350133128147,0.470834410868042,"XLOC-016646#ADK-PHYPA#O49923",1
"GO:0021983","GO:0021983","pituitary gland development","1/76","27/6213",0.037037037037037,3.02777777777778,1.17501048405327,0.283239494365572,0.562350133128147,0.470834410868042,"XLOC-025964#NEC1-HUMAN#P29120",1
"GO:0030331","GO:0030331","nuclear estrogen receptor binding","1/76","27/6213",0.037037037037037,3.02777777777778,1.17501048405327,0.283239494365572,0.562350133128147,0.470834410868042,"XLOC-011296#FOXL2-ELLLU#Q4VUF1",1
"GO:0035094","GO:0035094","response to nicotine","1/76","27/6213",0.037037037037037,3.02777777777778,1.17501048405327,0.283239494365572,0.562350133128147,0.470834410868042,"XLOC-010031#ACHB4-BOVIN#Q8SPU6",1
"GO:0042455","GO:0042455","ribonucleoside biosynthetic process","1/76","27/6213",0.037037037037037,3.02777777777778,1.17501048405327,0.283239494365572,0.562350133128147,0.470834410868042,"XLOC-016646#ADK-PHYPA#O49923",1
"GO:0043094","GO:0043094","metabolic compound salvage","1/76","27/6213",0.037037037037037,3.02777777777778,1.17501048405327,0.283239494365572,0.562350133128147,0.470834410868042,"XLOC-016646#ADK-PHYPA#O49923",1
"GO:0043489","GO:0043489","RNA stabilization","1/76","27/6213",0.037037037037037,3.02777777777778,1.17501048405327,0.283239494365572,0.562350133128147,0.470834410868042,"gene-evm.model.ptg000031l.486#ELAV2-XENTR#Q28GD4",1
"GO:0044390","GO:0044390","ubiquitin-like protein conjugating enzyme binding","1/76","27/6213",0.037037037037037,3.02777777777778,1.17501048405327,0.283239494365572,0.562350133128147,0.470834410868042,"XLOC-011296#FOXL2-ELLLU#Q4VUF1",1
"GO:0045739","GO:0045739","positive regulation of DNA repair","1/76","27/6213",0.037037037037037,3.02777777777778,1.17501048405327,0.283239494365572,0.562350133128147,0.470834410868042,"XLOC-010929#MIB2-MOUSE#Q8R516",1
"GO:0046850","GO:0046850","regulation of bone remodeling","1/76","27/6213",0.037037037037037,3.02777777777778,1.17501048405327,0.283239494365572,0.562350133128147,0.470834410868042,"XLOC-016600#SYT7-MOUSE#Q9R0N7",1
"GO:0055120","GO:0055120","striated muscle dense body","1/76","27/6213",0.037037037037037,3.02777777777778,1.17501048405327,0.283239494365572,0.562350133128147,0.470834410868042,"XLOC-012495#KCNK3-MOUSE#O35111",1
"GO:0061098","GO:0061098","positive regulation of protein tyrosine kinase activity","1/76","27/6213",0.037037037037037,3.02777777777778,1.17501048405327,0.283239494365572,0.562350133128147,0.470834410868042,"XLOC-023724#ANGL7-MOUSE#Q8R1Q3",1
"GO:0097066","GO:0097066","response to thyroid hormone","1/76","27/6213",0.037037037037037,3.02777777777778,1.17501048405327,0.283239494365572,0.562350133128147,0.470834410868042,"gene-evm.model.ptg000022l.478#GSH0-HUMAN#P48507",1
"GO:0097366","GO:0097366","response to bronchodilator","1/76","27/6213",0.037037037037037,3.02777777777778,1.17501048405327,0.283239494365572,0.562350133128147,0.470834410868042,"XLOC-025588#RGRF1-HUMAN#Q13972",1
"GO:0106027","GO:0106027","neuron projection organization","1/76","27/6213",0.037037037037037,3.02777777777778,1.17501048405327,0.283239494365572,0.562350133128147,0.470834410868042,"XLOC-010031#ACHB4-BOVIN#Q8SPU6",1
"GO:0120111","GO:0120111","neuron projection cytoplasm","1/76","27/6213",0.037037037037037,3.02777777777778,1.17501048405327,0.283239494365572,0.562350133128147,0.470834410868042,"XLOC-019525#ABD12-DANRE#Q08C93",1
"GO:0007605","GO:0007605","sensory perception of sound","2/76","86/6213",0.0232558139534884,1.90116279069767,0.936424989401618,0.283568691821051,0.562457123680007,0.470923989994081,"XLOC-015788#OTOF-HUMAN#Q9HC10/XLOC-015804#TRPC5-HUMAN#Q9UL62",2
"GO:0001822","GO:0001822","kidney development","3/76","152/6213",0.0197368421052632,1.61348684210526,0.852117260616002,0.28454459572976,0.563845401625508,0.47208634239712,"XLOC-019533#DMBT1-MOUSE#Q60997/XLOC-022211#ARLY-AQUCT#P51464/XLOC-002878#LMX1B-XENLA#Q8UVR3",3
"GO:0000323","GO:0000323","lytic vacuole","5/76","292/6213",0.0171232876712329,1.39982876712329,0.77877569848276,0.285588623262278,0.565365850120964,0.473359356182377,"XLOC-019523#LRP12-HUMAN#Q9Y561/XLOC-016600#SYT7-MOUSE#Q9R0N7/XLOC-000356#DRAM2-MOUSE#Q9CR48/XLOC-016422#OX2R-MOUSE#P58308/XLOC-016498#SAP3-MOUSE#Q60648",5
"GO:0019898","GO:0019898","extrinsic component of membrane","3/76","153/6213",0.0196078431372549,1.60294117647059,0.840289245761196,0.287897584914093,0.568179143893768,0.475714820221744,"XLOC-019523#LRP12-HUMAN#Q9Y561/XLOC-015872#DIS1D-DICDI#P02888/XLOC-019533#DMBT1-MOUSE#Q60997",3
"GO:0031253","GO:0031253","cell projection membrane","3/76","153/6213",0.0196078431372549,1.60294117647059,0.840289245761196,0.287897584914093,0.568179143893768,0.475714820221744,"XLOC-019523#LRP12-HUMAN#Q9Y561/XLOC-010031#ACHB4-BOVIN#Q8SPU6/XLOC-012495#KCNK3-MOUSE#O35111",3
"GO:0046434","GO:0046434","organophosphate catabolic process","2/76","87/6213",0.0229885057471264,1.87931034482759,0.919089428122074,0.288122169884456,0.568179143893768,0.475714820221744,"XLOC-019525#ABD12-DANRE#Q08C93/gene-evm.model.ptg000031l.539#LIPP-ICTTR#O88354",2
"GO:1901136","GO:1901136","carbohydrate derivative catabolic process","2/76","87/6213",0.0229885057471264,1.87931034482759,0.919089428122074,0.288122169884456,0.568179143893768,0.475714820221744,"gene-evm.model.ptg000031l.539#LIPP-ICTTR#O88354/XLOC-016498#SAP3-MOUSE#Q60648",2
"GO:0003725","GO:0003725","double-stranded RNA binding","1/76","28/6213",0.0357142857142857,2.91964285714286,1.13285430391882,0.292045475359464,0.571502783677571,0.478497577595411,"gene-evm.model.ptg000031l.486#ELAV2-XENTR#Q28GD4",1
"GO:0005230","GO:0005230","extracellular ligand-gated monoatomic ion channel activity","1/76","28/6213",0.0357142857142857,2.91964285714286,1.13285430391882,0.292045475359464,0.571502783677571,0.478497577595411,"XLOC-010031#ACHB4-BOVIN#Q8SPU6",1
"GO:0006641","GO:0006641","triglyceride metabolic process","1/76","28/6213",0.0357142857142857,2.91964285714286,1.13285430391882,0.292045475359464,0.571502783677571,0.478497577595411,"XLOC-022043#MOG2A-XENLA#Q2KHS5",1
"GO:0006672","GO:0006672","ceramide metabolic process","1/76","28/6213",0.0357142857142857,2.91964285714286,1.13285430391882,0.292045475359464,0.571502783677571,0.478497577595411,"XLOC-016498#SAP3-MOUSE#Q60648",1
"GO:0015036","GO:0015036","disulfide oxidoreductase activity","1/76","28/6213",0.0357142857142857,2.91964285714286,1.13285430391882,0.292045475359464,0.571502783677571,0.478497577595411,"XLOC-027115#TXD12-EPICO#H9D1R1",1
"GO:0016459","GO:0016459","myosin complex","1/76","28/6213",0.0357142857142857,2.91964285714286,1.13285430391882,0.292045475359464,0.571502783677571,0.478497577595411,"XLOC-019642#CALM-MACPY#Q40302",1
"GO:0031440","GO:0031440","regulation of mRNA 3'-end processing","1/76","28/6213",0.0357142857142857,2.91964285714286,1.13285430391882,0.292045475359464,0.571502783677571,0.478497577595411,"gene-evm.model.ptg000031l.486#ELAV2-XENTR#Q28GD4",1
"GO:0045070","GO:0045070","positive regulation of viral genome replication","1/76","28/6213",0.0357142857142857,2.91964285714286,1.13285430391882,0.292045475359464,0.571502783677571,0.478497577595411,"XLOC-025644#PPIB-MOUSE#P24369",1
"GO:0030177","GO:0030177","positive regulation of Wnt signaling pathway","2/76","88/6213",0.0227272727272727,1.85795454545455,0.901980247599549,0.29267295131142,0.572182621559073,0.479066780036321,"XLOC-009528#DYRK4-HUMAN#Q9NR20/XLOC-002878#LMX1B-XENLA#Q8UVR3",2
"GO:0034284","GO:0034284","response to monosaccharide","2/76","89/6213",0.0224719101123595,1.83707865168539,0.885091431583865,0.297220427737376,0.580517527597953,0.486045280339374,"XLOC-025964#NEC1-HUMAN#P29120/gene-evm.model.ptg000022l.478#GSH0-HUMAN#P48507",2
"GO:0071345","GO:0071345","cellular response to cytokine stimulus","5/76","297/6213",0.0168350168350168,1.37626262626263,0.739434453692474,0.29759603007817,0.580695978461988,0.486194690471046,"XLOC-015229#M3K2-HUMAN#Q9Y2U5/XLOC-008865#PTN13-HUMAN#Q12923/XLOC-022211#ARLY-AQUCT#P51464/gene-evm.model.ptg000031l.486#ELAV2-XENTR#Q28GD4/gene-evm.model.ptg000022l.478#GSH0-HUMAN#P48507",5
"GO:0001540","GO:0001540","amyloid-beta binding","1/76","29/6213",0.0344827586206897,2.81896551724138,1.0925295255661,0.300744674045427,0.581838417684476,0.487151211447187,"XLOC-010031#ACHB4-BOVIN#Q8SPU6",1
"GO:0005326","GO:0005326","neurotransmitter transmembrane transporter activity","1/76","29/6213",0.0344827586206897,2.81896551724138,1.0925295255661,0.300744674045427,0.581838417684476,0.487151211447187,"XLOC-023758#S6A19-RAT#Q2A865",1
"GO:0006749","GO:0006749","glutathione metabolic process","1/76","29/6213",0.0344827586206897,2.81896551724138,1.0925295255661,0.300744674045427,0.581838417684476,0.487151211447187,"gene-evm.model.ptg000022l.478#GSH0-HUMAN#P48507",1
"GO:0007129","GO:0007129","homologous chromosome pairing at meiosis","1/76","29/6213",0.0344827586206897,2.81896551724138,1.0925295255661,0.300744674045427,0.581838417684476,0.487151211447187,"XLOC-009548#MSH4-HUMAN#O15457",1
"GO:0007494","GO:0007494","midgut development","1/76","29/6213",0.0344827586206897,2.81896551724138,1.0925295255661,0.300744674045427,0.581838417684476,0.487151211447187,"XLOC-022211#ARLY-AQUCT#P51464",1
"GO:0008049","GO:0008049","male courtship behavior","1/76","29/6213",0.0344827586206897,2.81896551724138,1.0925295255661,0.300744674045427,0.581838417684476,0.487151211447187,"gene-evm.model.ptg000031l.486#ELAV2-XENTR#Q28GD4",1
"GO:0030315","GO:0030315","T-tubule","1/76","29/6213",0.0344827586206897,2.81896551724138,1.0925295255661,0.300744674045427,0.581838417684476,0.487151211447187,"XLOC-014487#KCND1-MOUSE#Q03719",1
"GO:0048146","GO:0048146","positive regulation of fibroblast proliferation","1/76","29/6213",0.0344827586206897,2.81896551724138,1.0925295255661,0.300744674045427,0.581838417684476,0.487151211447187,"XLOC-025588#RGRF1-HUMAN#Q13972",1
"GO:0090181","GO:0090181","regulation of cholesterol metabolic process","1/76","29/6213",0.0344827586206897,2.81896551724138,1.0925295255661,0.300744674045427,0.581838417684476,0.487151211447187,"gene-evm.model.ptg000012l.875#IMB1-HUMAN#Q14974",1
"GO:0051783","GO:0051783","regulation of nuclear division","3/76","157/6213",0.0191082802547771,1.56210191082803,0.793809720376025,0.301341482111775,0.582441483400527,0.487656135469437,"XLOC-010929#MIB2-MOUSE#Q8R516/XLOC-025584#SMC5-HUMAN#Q8IY18/XLOC-019829#INS1A-DANRE#Q6P0F9",3
"GO:0017157","GO:0017157","regulation of exocytosis","2/76","90/6213",0.0222222222222222,1.81666666666667,0.86841719221114,0.30176400568991,0.582706865429572,0.487878329764306,"XLOC-016600#SYT7-MOUSE#Q9R0N7/XLOC-002280#CAC1A-APIME#C9D7C2",2
"GO:0007155","GO:0007155","cell adhesion","4/76","228/6213",0.0175438596491228,1.43421052631579,0.743327417122516,0.304352543371249,0.587150374039151,0.491598710778072,"XLOC-015872#DIS1D-DICDI#P02888/gene-evm.model.ptg000022l.266#FCN1-MOUSE#O70165/XLOC-025696#FIBA-APOPA#P19477/XLOC-019533#DMBT1-MOUSE#Q60997",4
"GO:0051924","GO:0051924","regulation of calcium ion transport","2/76","91/6213",0.021978021978022,1.7967032967033,0.851951958851118,0.306303106323805,0.58953198346312,0.493592741905644,"XLOC-002280#CAC1A-APIME#C9D7C2/XLOC-016422#OX2R-MOUSE#P58308",2
"GO:0003401","GO:0003401","axis elongation","1/76","30/6213",0.0333333333333333,2.725,1.05388824766858,0.309338368219513,0.58953198346312,0.493592741905644,"gene-evm.model.ptg000022l.266#FCN1-MOUSE#O70165",1
"GO:0005547","GO:0005547","phosphatidylinositol-3,4,5-trisphosphate binding","1/76","30/6213",0.0333333333333333,2.725,1.05388824766858,0.309338368219513,0.58953198346312,0.493592741905644,"XLOC-015872#DIS1D-DICDI#P02888",1
"GO:0005790","GO:0005790","smooth endoplasmic reticulum","1/76","30/6213",0.0333333333333333,2.725,1.05388824766858,0.309338368219513,0.58953198346312,0.493592741905644,"XLOC-025644#PPIB-MOUSE#P24369",1
"GO:0016528","GO:0016528","sarcoplasm","1/76","30/6213",0.0333333333333333,2.725,1.05388824766858,0.309338368219513,0.58953198346312,0.493592741905644,"XLOC-016600#SYT7-MOUSE#Q9R0N7",1
"GO:0032481","GO:0032481","positive regulation of type I interferon production","1/76","30/6213",0.0333333333333333,2.725,1.05388824766858,0.309338368219513,0.58953198346312,0.493592741905644,"XLOC-001865#RPC2-HUMAN#Q9NW08",1
"GO:0032946","GO:0032946","positive regulation of mononuclear cell proliferation","1/76","30/6213",0.0333333333333333,2.725,1.05388824766858,0.309338368219513,0.58953198346312,0.493592741905644,"XLOC-016646#ADK-PHYPA#O49923",1
"GO:0043113","GO:0043113","receptor clustering","1/76","30/6213",0.0333333333333333,2.725,1.05388824766858,0.309338368219513,0.58953198346312,0.493592741905644,"XLOC-002280#CAC1A-APIME#C9D7C2",1
"GO:0046685","GO:0046685","response to arsenic-containing substance","1/76","30/6213",0.0333333333333333,2.725,1.05388824766858,0.309338368219513,0.58953198346312,0.493592741905644,"gene-evm.model.ptg000022l.478#GSH0-HUMAN#P48507",1
"GO:0050671","GO:0050671","positive regulation of lymphocyte proliferation","1/76","30/6213",0.0333333333333333,2.725,1.05388824766858,0.309338368219513,0.58953198346312,0.493592741905644,"XLOC-016646#ADK-PHYPA#O49923",1
"GO:0051304","GO:0051304","chromosome separation","1/76","30/6213",0.0333333333333333,2.725,1.05388824766858,0.309338368219513,0.58953198346312,0.493592741905644,"XLOC-009548#MSH4-HUMAN#O15457",1
"GO:0051590","GO:0051590","positive regulation of neurotransmitter transport","1/76","30/6213",0.0333333333333333,2.725,1.05388824766858,0.309338368219513,0.58953198346312,0.493592741905644,"XLOC-002415#KCNT1-CHICK#Q8QFV0",1
"GO:0070665","GO:0070665","positive regulation of leukocyte proliferation","1/76","30/6213",0.0333333333333333,2.725,1.05388824766858,0.309338368219513,0.58953198346312,0.493592741905644,"XLOC-016646#ADK-PHYPA#O49923",1
"GO:0042593","GO:0042593","glucose homeostasis","2/76","92/6213",0.0217391304347826,1.77717391304348,0.83569036761649,0.310837165160197,0.59073518923003,0.494600140401782,"XLOC-002280#CAC1A-APIME#C9D7C2/gene-evm.model.ptg000022l.478#GSH0-HUMAN#P48507",2
"GO:0043524","GO:0043524","negative regulation of neuron apoptotic process","2/76","92/6213",0.0217391304347826,1.77717391304348,0.83569036761649,0.310837165160197,0.59073518923003,0.494600140401782,"XLOC-002280#CAC1A-APIME#C9D7C2/gene-evm.model.ptg000022l.478#GSH0-HUMAN#P48507",2
"GO:0061387","GO:0061387","regulation of extent of cell growth","2/76","92/6213",0.0217391304347826,1.77717391304348,0.83569036761649,0.310837165160197,0.59073518923003,0.494600140401782,"XLOC-025696#FIBA-APOPA#P19477/XLOC-022943#NR2E3-MOUSE#Q9QXZ7",2
"GO:0000096","GO:0000096","sulfur amino acid metabolic process","1/76","31/6213",0.032258064516129,2.63709677419355,1.01679910981547,0.31782782059139,0.599005754121964,0.501524770305893,"gene-evm.model.ptg000022l.478#GSH0-HUMAN#P48507",1
"GO:0005905","GO:0005905","clathrin-coated pit","1/76","31/6213",0.032258064516129,2.63709677419355,1.01679910981547,0.31782782059139,0.599005754121964,0.501524770305893,"XLOC-019523#LRP12-HUMAN#Q9Y561",1
"GO:0015370","GO:0015370","solute:sodium symporter activity","1/76","31/6213",0.032258064516129,2.63709677419355,1.01679910981547,0.31782782059139,0.599005754121964,0.501524770305893,"XLOC-023758#S6A19-RAT#Q2A865",1
"GO:0016101","GO:0016101","diterpenoid metabolic process","1/76","31/6213",0.032258064516129,2.63709677419355,1.01679910981547,0.31782782059139,0.599005754121964,0.501524770305893,"gene-evm.model.ptg000004l.34#RLBP1-MOUSE#Q9Z275",1
"GO:0032675","GO:0032675","regulation of interleukin-6 production","1/76","31/6213",0.032258064516129,2.63709677419355,1.01679910981547,0.31782782059139,0.599005754121964,0.501524770305893,"XLOC-010031#ACHB4-BOVIN#Q8SPU6",1
"GO:0046470","GO:0046470","phosphatidylcholine metabolic process","1/76","31/6213",0.032258064516129,2.63709677419355,1.01679910981547,0.31782782059139,0.599005754121964,0.501524770305893,"XLOC-020365#PA2-BOMTE#P82971",1
"GO:0070405","GO:0070405","ammonium ion binding","1/76","31/6213",0.032258064516129,2.63709677419355,1.01679910981547,0.31782782059139,0.599005754121964,0.501524770305893,"XLOC-010031#ACHB4-BOVIN#Q8SPU6",1
"GO:1902369","GO:1902369","negative regulation of RNA catabolic process","1/76","31/6213",0.032258064516129,2.63709677419355,1.01679910981547,0.31782782059139,0.599005754121964,0.501524770305893,"gene-evm.model.ptg000031l.486#ELAV2-XENTR#Q28GD4",1
"GO:2000779","GO:2000779","regulation of double-strand break repair","1/76","31/6213",0.032258064516129,2.63709677419355,1.01679910981547,0.31782782059139,0.599005754121964,0.501524770305893,"XLOC-010929#MIB2-MOUSE#Q8R516",1
"GO:0006869","GO:0006869","lipid transport","2/76","94/6213",0.0212765957446809,1.73936170212766,0.803757631013692,0.319887969820068,0.601778197368691,0.5038460317511,"gene-evm.model.ptg000031l.539#LIPP-ICTTR#O88354/XLOC-016600#SYT7-MOUSE#Q9R0N7",2
"GO:0030336","GO:0030336","negative regulation of cell migration","2/76","94/6213",0.0212765957446809,1.73936170212766,0.803757631013692,0.319887969820068,0.601778197368691,0.5038460317511,"XLOC-023724#ANGL7-MOUSE#Q8R1Q3/XLOC-025955#MCTP1-MOUSE#E9PV86",2
"GO:0032147","GO:0032147","activation of protein kinase activity","3/76","163/6213",0.0184049079754601,1.50460122699387,0.726455264077255,0.321571906827096,0.603673706445093,0.505433069517621,"XLOC-015229#M3K2-HUMAN#Q9Y2U5/XLOC-023724#ANGL7-MOUSE#Q8R1Q3/XLOC-010031#ACHB4-BOVIN#Q8SPU6",3
"GO:0034774","GO:0034774","secretory granule lumen","3/76","163/6213",0.0184049079754601,1.50460122699387,0.726455264077255,0.321571906827096,0.603673706445093,0.505433069517621,"gene-evm.model.ptg000012l.875#IMB1-HUMAN#Q14974/XLOC-016498#SAP3-MOUSE#Q60648/XLOC-025964#NEC1-HUMAN#P29120",3
"GO:0032870","GO:0032870","cellular response to hormone stimulus","5/76","307/6213",0.0162866449511401,1.3314332247557,0.662770190504527,0.321865774837632,0.603673706445093,0.505433069517621,"XLOC-010031#ACHB4-BOVIN#Q8SPU6/XLOC-022211#ARLY-AQUCT#P51464/XLOC-016422#OX2R-MOUSE#P58308/XLOC-025588#RGRF1-HUMAN#Q13972/gene-evm.model.ptg000022l.478#GSH0-HUMAN#P48507",5
"GO:0051051","GO:0051051","negative regulation of transport","4/76","235/6213",0.0170212765957447,1.39148936170213,0.680801335295809,0.323895960426771,0.603673706445093,0.505433069517621,"XLOC-025955#MCTP1-MOUSE#E9PV86/XLOC-010099#KCNA1-HUMAN#Q09470/XLOC-010401#KCNAS-DROME#P08510/XLOC-021753#KCNA1-HUMAN#Q09470",4
"GO:1901990","GO:1901990","regulation of mitotic cell cycle phase transition","4/76","235/6213",0.0170212765957447,1.39148936170213,0.680801335295809,0.323895960426771,0.603673706445093,0.505433069517621,"XLOC-010099#KCNA1-HUMAN#Q09470/XLOC-010401#KCNAS-DROME#P08510/XLOC-021753#KCNA1-HUMAN#Q09470/XLOC-019829#INS1A-DANRE#Q6P0F9",4
"GO:0006643","GO:0006643","membrane lipid metabolic process","2/76","95/6213",0.0210526315789474,1.72105263157895,0.788076705540978,0.324403656226441,0.603673706445093,0.505433069517621,"gene-evm.model.ptg000031l.539#LIPP-ICTTR#O88354/XLOC-016498#SAP3-MOUSE#Q60648",2
"GO:0016853","GO:0016853","isomerase activity","2/76","95/6213",0.0210526315789474,1.72105263157895,0.788076705540978,0.324403656226441,0.603673706445093,0.505433069517621,"XLOC-009392#FKB14-HUMAN#Q9NWM8/XLOC-025644#PPIB-MOUSE#P24369",2
"GO:0007474","GO:0007474","imaginal disc-derived wing vein specification","1/76","32/6213",0.03125,2.5546875,0.981144970995925,0.32621427896005,0.603673706445093,0.505433069517621,"XLOC-000896#ATOH8-HUMAN#Q96SQ7",1
"GO:0007589","GO:0007589","body fluid secretion","1/76","32/6213",0.03125,2.5546875,0.981144970995925,0.32621427896005,0.603673706445093,0.505433069517621,"XLOC-016422#OX2R-MOUSE#P58308",1
"GO:0007614","GO:0007614","short-term memory","1/76","32/6213",0.03125,2.5546875,0.981144970995925,0.32621427896005,0.603673706445093,0.505433069517621,"XLOC-010031#ACHB4-BOVIN#Q8SPU6",1
"GO:0009914","GO:0009914","hormone transport","1/76","32/6213",0.03125,2.5546875,0.981144970995925,0.32621427896005,0.603673706445093,0.505433069517621,"XLOC-016422#OX2R-MOUSE#P58308",1
"GO:0016790","GO:0016790","thiolester hydrolase activity","1/76","32/6213",0.03125,2.5546875,0.981144970995925,0.32621427896005,0.603673706445093,0.505433069517621,"XLOC-019525#ABD12-DANRE#Q08C93",1
"GO:0035254","GO:0035254","glutamate receptor binding","1/76","32/6213",0.03125,2.5546875,0.981144970995925,0.32621427896005,0.603673706445093,0.505433069517621,"XLOC-025588#RGRF1-HUMAN#Q13972",1
"GO:0042398","GO:0042398","modified amino acid biosynthetic process","1/76","32/6213",0.03125,2.5546875,0.981144970995925,0.32621427896005,0.603673706445093,0.505433069517621,"gene-evm.model.ptg000022l.478#GSH0-HUMAN#P48507",1
"GO:0048641","GO:0048641","regulation of skeletal muscle tissue development","1/76","32/6213",0.03125,2.5546875,0.981144970995925,0.32621427896005,0.603673706445093,0.505433069517621,"XLOC-000896#ATOH8-HUMAN#Q96SQ7",1
"GO:0060079","GO:0060079","excitatory postsynaptic potential","1/76","32/6213",0.03125,2.5546875,0.981144970995925,0.32621427896005,0.603673706445093,0.505433069517621,"XLOC-010031#ACHB4-BOVIN#Q8SPU6",1
"GO:0071385","GO:0071385","cellular response to glucocorticoid stimulus","1/76","32/6213",0.03125,2.5546875,0.981144970995925,0.32621427896005,0.603673706445093,0.505433069517621,"XLOC-022211#ARLY-AQUCT#P51464",1
"GO:0097529","GO:0097529","myeloid leukocyte migration","1/76","32/6213",0.03125,2.5546875,0.981144970995925,0.32621427896005,0.603673706445093,0.505433069517621,"XLOC-019533#DMBT1-MOUSE#Q60997",1
"GO:0010469","GO:0010469","regulation of signaling receptor activity","2/76","96/6213",0.0208333333333333,1.703125,0.772579844949258,0.328912181507285,0.606468941172729,0.507773413404274,"XLOC-023724#ANGL7-MOUSE#Q8R1Q3/XLOC-025588#RGRF1-HUMAN#Q13972",2
"GO:0030178","GO:0030178","negative regulation of Wnt signaling pathway","2/76","96/6213",0.0208333333333333,1.703125,0.772579844949258,0.328912181507285,0.606468941172729,0.507773413404274,"gene-evm.model.ptg000001l.686#SOX14-DANRE#Q32PP9/XLOC-012287#SX19B-DANRE#Q9DDD7",2
"GO:0033500","GO:0033500","carbohydrate homeostasis","2/76","96/6213",0.0208333333333333,1.703125,0.772579844949258,0.328912181507285,0.606468941172729,0.507773413404274,"XLOC-002280#CAC1A-APIME#C9D7C2/gene-evm.model.ptg000022l.478#GSH0-HUMAN#P48507",2
"GO:0071695","GO:0071695","anatomical structure maturation","2/76","96/6213",0.0208333333333333,1.703125,0.772579844949258,0.328912181507285,0.606468941172729,0.507773413404274,"XLOC-002280#CAC1A-APIME#C9D7C2/XLOC-022943#NR2E3-MOUSE#Q9QXZ7",2
"GO:0050920","GO:0050920","regulation of chemotaxis","2/76","97/6213",0.0206185567010309,1.68556701030928,0.757262581846091,0.333413049242803,0.610161972106831,0.510865447960224,"XLOC-022943#NR2E3-MOUSE#Q9QXZ7/XLOC-016437#UBP14-PANTR#P60051",2
"GO:0002067","GO:0002067","glandular epithelial cell differentiation","1/76","33/6213",0.0303030303030303,2.47727272727273,0.946820975554296,0.334498976387494,0.610161972106831,0.510865447960224,"XLOC-019829#INS1A-DANRE#Q6P0F9",1
"GO:0003823","GO:0003823","antigen binding","1/76","33/6213",0.0303030303030303,2.47727272727273,0.946820975554296,0.334498976387494,0.610161972106831,0.510865447960224,"XLOC-019533#DMBT1-MOUSE#Q60997",1
"GO:0007080","GO:0007080","mitotic metaphase chromosome alignment","1/76","33/6213",0.0303030303030303,2.47727272727273,0.946820975554296,0.334498976387494,0.610161972106831,0.510865447960224,"gene-evm.model.ptg000012l.875#IMB1-HUMAN#Q14974",1
"GO:0009163","GO:0009163","nucleoside biosynthetic process","1/76","33/6213",0.0303030303030303,2.47727272727273,0.946820975554296,0.334498976387494,0.610161972106831,0.510865447960224,"XLOC-016646#ADK-PHYPA#O49923",1
"GO:0016234","GO:0016234","inclusion body","1/76","33/6213",0.0303030303030303,2.47727272727273,0.946820975554296,0.334498976387494,0.610161972106831,0.510865447960224,"XLOC-010929#MIB2-MOUSE#Q8R516",1
"GO:0016706","GO:0016706","2-oxoglutarate-dependent dioxygenase activity","1/76","33/6213",0.0303030303030303,2.47727272727273,0.946820975554296,0.334498976387494,0.610161972106831,0.510865447960224,"XLOC-022254#P4HTM-HUMAN#Q9NXG6",1
"GO:0019205","GO:0019205","nucleobase-containing compound kinase activity","1/76","33/6213",0.0303030303030303,2.47727272727273,0.946820975554296,0.334498976387494,0.610161972106831,0.510865447960224,"XLOC-016646#ADK-PHYPA#O49923",1
"GO:0033138","GO:0033138","positive regulation of peptidyl-serine phosphorylation","1/76","33/6213",0.0303030303030303,2.47727272727273,0.946820975554296,0.334498976387494,0.610161972106831,0.510865447960224,"XLOC-010031#ACHB4-BOVIN#Q8SPU6",1
"GO:0045143","GO:0045143","homologous chromosome segregation","1/76","33/6213",0.0303030303030303,2.47727272727273,0.946820975554296,0.334498976387494,0.610161972106831,0.510865447960224,"XLOC-009548#MSH4-HUMAN#O15457",1
"GO:0070206","GO:0070206","protein trimerization","1/76","33/6213",0.0303030303030303,2.47727272727273,0.946820975554296,0.334498976387494,0.610161972106831,0.510865447960224,"XLOC-019523#LRP12-HUMAN#Q9Y561",1
"GO:1903670","GO:1903670","regulation of sprouting angiogenesis","1/76","33/6213",0.0303030303030303,2.47727272727273,0.946820975554296,0.334498976387494,0.610161972106831,0.510865447960224,"XLOC-015229#M3K2-HUMAN#Q9Y2U5",1
"GO:0006650","GO:0006650","glycerophospholipid metabolic process","3/76","168/6213",0.0178571428571429,1.45982142857143,0.672341862158116,0.338452372571621,0.616272902998058,0.515981898329003,"XLOC-019525#ABD12-DANRE#Q08C93/XLOC-008865#PTN13-HUMAN#Q12923/XLOC-020365#PA2-BOMTE#P82971",3
"GO:0055123","GO:0055123","digestive system development","3/76","168/6213",0.0178571428571429,1.45982142857143,0.672341862158116,0.338452372571621,0.616272902998058,0.515981898329003,"XLOC-013049#PTF1A-DANRE#Q7ZSX3/XLOC-022211#ARLY-AQUCT#P51464/XLOC-016422#OX2R-MOUSE#P58308",3
"GO:0048871","GO:0048871","multicellular organismal-level homeostasis","3/76","169/6213",0.0177514792899408,1.45118343195266,0.661726802950589,0.34182771994176,0.616829636466776,0.516448030120057,"XLOC-019523#LRP12-HUMAN#Q9Y561/XLOC-000356#DRAM2-MOUSE#Q9CR48/XLOC-016422#OX2R-MOUSE#P58308",3
"GO:0016829","GO:0016829","lyase activity","2/76","99/6213",0.0202020202020202,1.65151515151515,0.727149748370052,0.342389890587336,0.616829636466776,0.516448030120057,"XLOC-022211#ARLY-AQUCT#P51464/XLOC-010449#GCY8E-DROME#Q8INF0",2
"GO:0019207","GO:0019207","kinase regulator activity","2/76","99/6213",0.0202020202020202,1.65151515151515,0.727149748370052,0.342389890587336,0.616829636466776,0.516448030120057,"XLOC-023724#ANGL7-MOUSE#Q8R1Q3/XLOC-016422#OX2R-MOUSE#P58308",2
"GO:1901981","GO:1901981","phosphatidylinositol phosphate binding","2/76","99/6213",0.0202020202020202,1.65151515151515,0.727149748370052,0.342389890587336,0.616829636466776,0.516448030120057,"XLOC-015872#DIS1D-DICDI#P02888/XLOC-016600#SYT7-MOUSE#Q9R0N7",2
"GO:0008637","GO:0008637","apoptotic mitochondrial changes","1/76","34/6213",0.0294117647058824,2.40441176470588,0.913732932304681,0.342683131370431,0.616829636466776,0.516448030120057,"gene-evm.model.ptg000022l.478#GSH0-HUMAN#P48507",1
"GO:0015030","GO:0015030","Cajal body","1/76","34/6213",0.0294117647058824,2.40441176470588,0.913732932304681,0.342683131370431,0.616829636466776,0.516448030120057,"gene-evm.model.ptg000031l.486#ELAV2-XENTR#Q28GD4",1
"GO:0030594","GO:0030594","neurotransmitter receptor activity","1/76","34/6213",0.0294117647058824,2.40441176470588,0.913732932304681,0.342683131370431,0.616829636466776,0.516448030120057,"XLOC-010031#ACHB4-BOVIN#Q8SPU6",1
"GO:0032589","GO:0032589","neuron projection membrane","1/76","34/6213",0.0294117647058824,2.40441176470588,0.913732932304681,0.342683131370431,0.616829636466776,0.516448030120057,"XLOC-010031#ACHB4-BOVIN#Q8SPU6",1
"GO:0034103","GO:0034103","regulation of tissue remodeling","1/76","34/6213",0.0294117647058824,2.40441176470588,0.913732932304681,0.342683131370431,0.616829636466776,0.516448030120057,"XLOC-016600#SYT7-MOUSE#Q9R0N7",1
"GO:0035580","GO:0035580","specific granule lumen","1/76","34/6213",0.0294117647058824,2.40441176470588,0.913732932304681,0.342683131370431,0.616829636466776,0.516448030120057,"gene-evm.model.ptg000012l.875#IMB1-HUMAN#Q14974",1
"GO:0045806","GO:0045806","negative regulation of endocytosis","1/76","34/6213",0.0294117647058824,2.40441176470588,0.913732932304681,0.342683131370431,0.616829636466776,0.516448030120057,"XLOC-025955#MCTP1-MOUSE#E9PV86",1
"GO:0060964","GO:0060964","regulation of miRNA-mediated gene silencing","1/76","34/6213",0.0294117647058824,2.40441176470588,0.913732932304681,0.342683131370431,0.616829636466776,0.516448030120057,"gene-evm.model.ptg000031l.486#ELAV2-XENTR#Q28GD4",1
"GO:2000059","GO:2000059","negative regulation of ubiquitin-dependent protein catabolic process","1/76","34/6213",0.0294117647058824,2.40441176470588,0.913732932304681,0.342683131370431,0.616829636466776,0.516448030120057,"XLOC-016437#UBP14-PANTR#P60051",1
"GO:0030029","GO:0030029","actin filament-based process","5/76","317/6213",0.0157728706624606,1.28943217665615,0.588629688159434,0.346384917657137,0.622605488952576,0.521283932064784,"XLOC-010099#KCNA1-HUMAN#Q09470/XLOC-019642#CALM-MACPY#Q40302/XLOC-010401#KCNAS-DROME#P08510/XLOC-016422#OX2R-MOUSE#P58308/XLOC-021753#KCNA1-HUMAN#Q09470",5
"GO:0060205","GO:0060205","cytoplasmic vesicle lumen","3/76","171/6213",0.0175438596491228,1.43421052631579,0.640696719546385,0.348575672379476,0.622605488952576,0.521283932064784,"gene-evm.model.ptg000012l.875#IMB1-HUMAN#Q14974/XLOC-016498#SAP3-MOUSE#Q60648/XLOC-025964#NEC1-HUMAN#P29120",3
"GO:0016319","GO:0016319","mushroom body development","1/76","35/6213",0.0285714285714286,2.33571428571429,0.881795948483913,0.350767948009993,0.622605488952576,0.521283932064784,"XLOC-022943#NR2E3-MOUSE#Q9QXZ7",1
"GO:0016605","GO:0016605","PML body","1/76","35/6213",0.0285714285714286,2.33571428571429,0.881795948483913,0.350767948009993,0.622605488952576,0.521283932064784,"XLOC-025584#SMC5-HUMAN#Q8IY18",1
"GO:0016667","GO:0016667","oxidoreductase activity, acting on a sulfur group of donors","1/76","35/6213",0.0285714285714286,2.33571428571429,0.881795948483913,0.350767948009993,0.622605488952576,0.521283932064784,"XLOC-027115#TXD12-EPICO#H9D1R1",1
"GO:0031526","GO:0031526","brush border membrane","1/76","35/6213",0.0285714285714286,2.33571428571429,0.881795948483913,0.350767948009993,0.622605488952576,0.521283932064784,"XLOC-019523#LRP12-HUMAN#Q9Y561",1
"GO:0043123","GO:0043123","positive regulation of canonical NF-kappaB signal transduction","1/76","35/6213",0.0285714285714286,2.33571428571429,0.881795948483913,0.350767948009993,0.622605488952576,0.521283932064784,"XLOC-015229#M3K2-HUMAN#Q9Y2U5",1
"GO:0048786","GO:0048786","presynaptic active zone","1/76","35/6213",0.0285714285714286,2.33571428571429,0.881795948483913,0.350767948009993,0.622605488952576,0.521283932064784,"XLOC-015788#OTOF-HUMAN#Q9HC10",1
"GO:0050771","GO:0050771","negative regulation of axonogenesis","1/76","35/6213",0.0285714285714286,2.33571428571429,0.881795948483913,0.350767948009993,0.622605488952576,0.521283932064784,"XLOC-025696#FIBA-APOPA#P19477",1
"GO:0060425","GO:0060425","lung morphogenesis","1/76","35/6213",0.0285714285714286,2.33571428571429,0.881795948483913,0.350767948009993,0.622605488952576,0.521283932064784,"gene-evm.model.ptg000022l.266#FCN1-MOUSE#O70165",1
"GO:0070373","GO:0070373","negative regulation of ERK1 and ERK2 cascade","1/76","35/6213",0.0285714285714286,2.33571428571429,0.881795948483913,0.350767948009993,0.622605488952576,0.521283932064784,"XLOC-010031#ACHB4-BOVIN#Q8SPU6",1
"GO:0071548","GO:0071548","response to dexamethasone","1/76","35/6213",0.0285714285714286,2.33571428571429,0.881795948483913,0.350767948009993,0.622605488952576,0.521283932064784,"XLOC-022211#ARLY-AQUCT#P51464",1
"GO:0072350","GO:0072350","tricarboxylic acid metabolic process","1/76","35/6213",0.0285714285714286,2.33571428571429,0.881795948483913,0.350767948009993,0.622605488952576,0.521283932064784,"XLOC-022211#ARLY-AQUCT#P51464",1
"GO:0099565","GO:0099565","chemical synaptic transmission, postsynaptic","1/76","35/6213",0.0285714285714286,2.33571428571429,0.881795948483913,0.350767948009993,0.622605488952576,0.521283932064784,"XLOC-010031#ACHB4-BOVIN#Q8SPU6",1
"GO:1902930","GO:1902930","regulation of alcohol biosynthetic process","1/76","35/6213",0.0285714285714286,2.33571428571429,0.881795948483913,0.350767948009993,0.622605488952576,0.521283932064784,"gene-evm.model.ptg000012l.875#IMB1-HUMAN#Q14974",1
"GO:1903524","GO:1903524","positive regulation of blood circulation","1/76","35/6213",0.0285714285714286,2.33571428571429,0.881795948483913,0.350767948009993,0.622605488952576,0.521283932064784,"XLOC-010031#ACHB4-BOVIN#Q8SPU6",1
"GO:0010975","GO:0010975","regulation of neuron projection development","5/76","320/6213",0.015625,1.27734375,0.566851904415767,0.353773418444151,0.627395046772048,0.525294046940556,"XLOC-025696#FIBA-APOPA#P19477/XLOC-002280#CAC1A-APIME#C9D7C2/gene-evm.model.ptg000031l.486#ELAV2-XENTR#Q28GD4/XLOC-022943#NR2E3-MOUSE#Q9QXZ7/gene-evm.model.ptg000004l.40#FA5-MOUSE#O88783",5
"GO:0017038","GO:0017038","protein import","2/76","102/6213",0.0196078431372549,1.60294117647059,0.683224365610302,0.355786038977951,0.628051140406792,0.525843369225358,"XLOC-019523#LRP12-HUMAN#Q9Y561/gene-evm.model.ptg000012l.875#IMB1-HUMAN#Q14974",2
"GO:0032101","GO:0032101","regulation of response to external stimulus","5/76","321/6213",0.0155763239875389,1.27336448598131,0.55963864689826,0.356238643390779,0.628051140406792,0.525843369225358,"XLOC-025696#FIBA-APOPA#P19477/XLOC-010031#ACHB4-BOVIN#Q8SPU6/XLOC-022943#NR2E3-MOUSE#Q9QXZ7/XLOC-016437#UBP14-PANTR#P60051/gene-evm.model.ptg000004l.40#FA5-MOUSE#O88783",5
"GO:0004725","GO:0004725","protein tyrosine phosphatase activity","1/76","36/6213",0.0277777777777778,2.27083333333333,0.85093327241897,0.358754616179504,0.628051140406792,0.525843369225358,"XLOC-008865#PTN13-HUMAN#Q12923",1
"GO:0007274","GO:0007274","neuromuscular synaptic transmission","1/76","36/6213",0.0277777777777778,2.27083333333333,0.85093327241897,0.358754616179504,0.628051140406792,0.525843369225358,"XLOC-002280#CAC1A-APIME#C9D7C2",1
"GO:0032266","GO:0032266","phosphatidylinositol-3-phosphate binding","1/76","36/6213",0.0277777777777778,2.27083333333333,0.85093327241897,0.358754616179504,0.628051140406792,0.525843369225358,"XLOC-015872#DIS1D-DICDI#P02888",1
"GO:0033013","GO:0033013","tetrapyrrole metabolic process","1/76","36/6213",0.0277777777777778,2.27083333333333,0.85093327241897,0.358754616179504,0.628051140406792,0.525843369225358,"XLOC-019523#LRP12-HUMAN#Q9Y561",1
"GO:0043022","GO:0043022","ribosome binding","1/76","36/6213",0.0277777777777778,2.27083333333333,0.85093327241897,0.358754616179504,0.628051140406792,0.525843369225358,"XLOC-026511#CPEB4-DANRE#Q7SXN4",1
"GO:0046579","GO:0046579","positive regulation of Ras protein signal transduction","1/76","36/6213",0.0277777777777778,2.27083333333333,0.85093327241897,0.358754616179504,0.628051140406792,0.525843369225358,"XLOC-025588#RGRF1-HUMAN#Q13972",1
"GO:0051057","GO:0051057","positive regulation of small GTPase mediated signal transduction","1/76","36/6213",0.0277777777777778,2.27083333333333,0.85093327241897,0.358754616179504,0.628051140406792,0.525843369225358,"XLOC-025588#RGRF1-HUMAN#Q13972",1
"GO:0055081","GO:0055081","monoatomic anion homeostasis","1/76","36/6213",0.0277777777777778,2.27083333333333,0.85093327241897,0.358754616179504,0.628051140406792,0.525843369225358,"XLOC-002280#CAC1A-APIME#C9D7C2",1
"GO:0071331","GO:0071331","cellular response to hexose stimulus","1/76","36/6213",0.0277777777777778,2.27083333333333,0.85093327241897,0.358754616179504,0.628051140406792,0.525843369225358,"gene-evm.model.ptg000022l.478#GSH0-HUMAN#P48507",1
"GO:0071333","GO:0071333","cellular response to glucose stimulus","1/76","36/6213",0.0277777777777778,2.27083333333333,0.85093327241897,0.358754616179504,0.628051140406792,0.525843369225358,"gene-evm.model.ptg000022l.478#GSH0-HUMAN#P48507",1
"GO:0071384","GO:0071384","cellular response to corticosteroid stimulus","1/76","36/6213",0.0277777777777778,2.27083333333333,0.85093327241897,0.358754616179504,0.628051140406792,0.525843369225358,"XLOC-022211#ARLY-AQUCT#P51464",1
"GO:0090307","GO:0090307","mitotic spindle assembly","1/76","36/6213",0.0277777777777778,2.27083333333333,0.85093327241897,0.358754616179504,0.628051140406792,0.525843369225358,"gene-evm.model.ptg000012l.875#IMB1-HUMAN#Q14974",1
"GO:1902883","GO:1902883","negative regulation of response to oxidative stress","1/76","36/6213",0.0277777777777778,2.27083333333333,0.85093327241897,0.358754616179504,0.628051140406792,0.525843369225358,"XLOC-025955#MCTP1-MOUSE#E9PV86",1
"GO:0030334","GO:0030334","regulation of cell migration","5/76","323/6213",0.0154798761609907,1.26547987616099,0.545280137397519,0.361172068561434,0.6299868198346,0.527464040101618,"XLOC-015229#M3K2-HUMAN#Q9Y2U5/XLOC-023724#ANGL7-MOUSE#Q8R1Q3/XLOC-025955#MCTP1-MOUSE#E9PV86/XLOC-000896#ATOH8-HUMAN#Q96SQ7/XLOC-019829#INS1A-DANRE#Q6P0F9",5
"GO:0051656","GO:0051656","establishment of organelle localization","5/76","323/6213",0.0154798761609907,1.26547987616099,0.545280137397519,0.361172068561434,0.6299868198346,0.527464040101618,"gene-evm.model.ptg000012l.875#IMB1-HUMAN#Q14974/XLOC-015788#OTOF-HUMAN#Q9HC10/XLOC-016600#SYT7-MOUSE#Q9R0N7/XLOC-002280#CAC1A-APIME#C9D7C2/XLOC-013699#CD5R1-BOVIN#Q28199",5
"GO:0031983","GO:0031983","vesicle lumen","3/76","175/6213",0.0171428571428571,1.40142857142857,0.599411689193908,0.362053874390425,0.6299868198346,0.527464040101618,"gene-evm.model.ptg000012l.875#IMB1-HUMAN#Q14974/XLOC-016498#SAP3-MOUSE#Q60648/XLOC-025964#NEC1-HUMAN#P29120",3
"GO:0080135","GO:0080135","regulation of cellular response to stress","6/76","399/6213",0.0150375939849624,1.22932330827068,0.526916247805791,0.362143933613436,0.6299868198346,0.527464040101618,"XLOC-010929#MIB2-MOUSE#Q8R516/XLOC-015229#M3K2-HUMAN#Q9Y2U5/XLOC-025696#FIBA-APOPA#P19477/XLOC-016437#UBP14-PANTR#P60051/XLOC-027115#TXD12-EPICO#H9D1R1/gene-evm.model.ptg000004l.40#FA5-MOUSE#O88783",6
"GO:0034250","GO:0034250","positive regulation of amide metabolic process","2/76","104/6213",0.0192307692307692,1.57211538461538,0.654726156621587,0.364665660480832,0.6299868198346,0.527464040101618,"XLOC-010031#ACHB4-BOVIN#Q8SPU6/gene-evm.model.ptg000031l.486#ELAV2-XENTR#Q28GD4",2
"GO:0040012","GO:0040012","regulation of locomotion","7/76","477/6213",0.0146750524109015,1.19968553459119,0.50506314824525,0.365775943926066,0.6299868198346,0.527464040101618,"XLOC-015229#M3K2-HUMAN#Q9Y2U5/XLOC-023724#ANGL7-MOUSE#Q8R1Q3/XLOC-025955#MCTP1-MOUSE#E9PV86/XLOC-000896#ATOH8-HUMAN#Q96SQ7/XLOC-022943#NR2E3-MOUSE#Q9QXZ7/XLOC-016437#UBP14-PANTR#P60051/XLOC-019829#INS1A-DANRE#Q6P0F9",7
"GO:0001656","GO:0001656","metanephros development","1/76","37/6213",0.027027027027027,2.20945945945946,0.821075308167288,0.366644311690327,0.6299868198346,0.527464040101618,"XLOC-019533#DMBT1-MOUSE#Q60997",1
"GO:0004197","GO:0004197","cysteine-type endopeptidase activity","1/76","37/6213",0.027027027027027,2.20945945945946,0.821075308167288,0.366644311690327,0.6299868198346,0.527464040101618,"XLOC-016437#UBP14-PANTR#P60051",1
"GO:0006721","GO:0006721","terpenoid metabolic process","1/76","37/6213",0.027027027027027,2.20945945945946,0.821075308167288,0.366644311690327,0.6299868198346,0.527464040101618,"gene-evm.model.ptg000004l.34#RLBP1-MOUSE#Q9Z275",1
"GO:0015695","GO:0015695","organic cation transport","1/76","37/6213",0.027027027027027,2.20945945945946,0.821075308167288,0.366644311690327,0.6299868198346,0.527464040101618,"XLOC-017989#AMT3-CAEEL#Q21565",1
"GO:0019915","GO:0019915","lipid storage","1/76","37/6213",0.027027027027027,2.20945945945946,0.821075308167288,0.366644311690327,0.6299868198346,0.527464040101618,"XLOC-016498#SAP3-MOUSE#Q60648",1
"GO:0035335","GO:0035335","peptidyl-tyrosine dephosphorylation","1/76","37/6213",0.027027027027027,2.20945945945946,0.821075308167288,0.366644311690327,0.6299868198346,0.527464040101618,"XLOC-008865#PTN13-HUMAN#Q12923",1
"GO:0035601","GO:0035601","protein deacylation","1/76","37/6213",0.027027027027027,2.20945945945946,0.821075308167288,0.366644311690327,0.6299868198346,0.527464040101618,"XLOC-019525#ABD12-DANRE#Q08C93",1
"GO:0043394","GO:0043394","proteoglycan binding","1/76","37/6213",0.027027027027027,2.20945945945946,0.821075308167288,0.366644311690327,0.6299868198346,0.527464040101618,"gene-evm.model.ptg000022l.266#FCN1-MOUSE#O70165",1
"GO:0045494","GO:0045494","photoreceptor cell maintenance","1/76","37/6213",0.027027027027027,2.20945945945946,0.821075308167288,0.366644311690327,0.6299868198346,0.527464040101618,"XLOC-000356#DRAM2-MOUSE#Q9CR48",1
"GO:0050728","GO:0050728","negative regulation of inflammatory response","1/76","37/6213",0.027027027027027,2.20945945945946,0.821075308167288,0.366644311690327,0.6299868198346,0.527464040101618,"XLOC-010031#ACHB4-BOVIN#Q8SPU6",1
"GO:0051310","GO:0051310","metaphase chromosome alignment","1/76","37/6213",0.027027027027027,2.20945945945946,0.821075308167288,0.366644311690327,0.6299868198346,0.527464040101618,"gene-evm.model.ptg000012l.875#IMB1-HUMAN#Q14974",1
"GO:0060147","GO:0060147","regulation of post-transcriptional gene silencing","1/76","37/6213",0.027027027027027,2.20945945945946,0.821075308167288,0.366644311690327,0.6299868198346,0.527464040101618,"gene-evm.model.ptg000031l.486#ELAV2-XENTR#Q28GD4",1
"GO:0071326","GO:0071326","cellular response to monosaccharide stimulus","1/76","37/6213",0.027027027027027,2.20945945945946,0.821075308167288,0.366644311690327,0.6299868198346,0.527464040101618,"gene-evm.model.ptg000022l.478#GSH0-HUMAN#P48507",1
"GO:0098732","GO:0098732","macromolecule deacylation","1/76","37/6213",0.027027027027027,2.20945945945946,0.821075308167288,0.366644311690327,0.6299868198346,0.527464040101618,"XLOC-019525#ABD12-DANRE#Q08C93",1
"GO:1901659","GO:1901659","glycosyl compound biosynthetic process","1/76","37/6213",0.027027027027027,2.20945945945946,0.821075308167288,0.366644311690327,0.6299868198346,0.527464040101618,"XLOC-016646#ADK-PHYPA#O49923",1
"GO:2000179","GO:2000179","positive regulation of neural precursor cell proliferation","1/76","37/6213",0.027027027027027,2.20945945945946,0.821075308167288,0.366644311690327,0.6299868198346,0.527464040101618,"XLOC-019829#INS1A-DANRE#Q6P0F9",1
"GO:0006366","GO:0006366","transcription by RNA polymerase II","5/76","326/6213",0.0153374233128834,1.25383435582822,0.523909945136453,0.368578131400841,0.632777413825141,0.529800498475335,"XLOC-013651#ETV1-BOVIN#Q2KIC2/XLOC-011296#FOXL2-ELLLU#Q4VUF1/XLOC-013049#PTF1A-DANRE#Q7ZSX3/XLOC-002878#LMX1B-XENLA#Q8UVR3/XLOC-012420#RFX6-DANRE#Q5RJA1",5
"GO:0000793","GO:0000793","condensed chromosome","2/76","105/6213",0.019047619047619,1.55714285714286,0.640702119060998,0.369088894723311,0.633122260218072,0.530089225264377,"XLOC-025584#SMC5-HUMAN#Q8IY18/XLOC-009548#MSH4-HUMAN#O15457",2
"GO:0016053","GO:0016053","organic acid biosynthetic process","3/76","178/6213",0.0168539325842697,1.37780898876405,0.569099374574271,0.372139698511404,0.636420328917797,0.532850572940423,"XLOC-022211#ARLY-AQUCT#P51464/XLOC-002878#LMX1B-XENLA#Q8UVR3/XLOC-004937#FOLH1-RAT#P70627",3
"GO:0046394","GO:0046394","carboxylic acid biosynthetic process","3/76","178/6213",0.0168539325842697,1.37780898876405,0.569099374574271,0.372139698511404,0.636420328917797,0.532850572940423,"XLOC-022211#ARLY-AQUCT#P51464/XLOC-002878#LMX1B-XENLA#Q8UVR3/XLOC-004937#FOLH1-RAT#P70627",3
"GO:0007162","GO:0007162","negative regulation of cell adhesion","2/76","106/6213",0.0188679245283019,1.54245283018868,0.626823702087124,0.373500556161977,0.636420328917797,0.532850572940423,"gene-evm.model.ptg000022l.266#FCN1-MOUSE#O70165/XLOC-025696#FIBA-APOPA#P19477",2
"GO:2000146","GO:2000146","negative regulation of cell motility","2/76","106/6213",0.0188679245283019,1.54245283018868,0.626823702087124,0.373500556161977,0.636420328917797,0.532850572940423,"XLOC-023724#ANGL7-MOUSE#Q8R1Q3/XLOC-025955#MCTP1-MOUSE#E9PV86",2
"GO:0007602","GO:0007602","phototransduction","1/76","38/6213",0.0263157894736842,2.15131578947368,0.792158772663317,0.374438196455796,0.636420328917797,0.532850572940423,"XLOC-015872#DIS1D-DICDI#P02888",1
"GO:0016879","GO:0016879","ligase activity, forming carbon-nitrogen bonds","1/76","38/6213",0.0263157894736842,2.15131578947368,0.792158772663317,0.374438196455796,0.636420328917797,0.532850572940423,"gene-evm.model.ptg000022l.478#GSH0-HUMAN#P48507",1
"GO:0061134","GO:0061134","peptidase regulator activity","1/76","38/6213",0.0263157894736842,2.15131578947368,0.792158772663317,0.374438196455796,0.636420328917797,0.532850572940423,"XLOC-016437#UBP14-PANTR#P60051",1
"GO:0070063","GO:0070063","RNA polymerase binding","1/76","38/6213",0.0263157894736842,2.15131578947368,0.792158772663317,0.374438196455796,0.636420328917797,0.532850572940423,"XLOC-025644#PPIB-MOUSE#P24369",1
"GO:0071346","GO:0071346","cellular response to type II interferon","1/76","38/6213",0.0263157894736842,2.15131578947368,0.792158772663317,0.374438196455796,0.636420328917797,0.532850572940423,"XLOC-022211#ARLY-AQUCT#P51464",1
"GO:0099173","GO:0099173","postsynapse organization","1/76","38/6213",0.0263157894736842,2.15131578947368,0.792158772663317,0.374438196455796,0.636420328917797,0.532850572940423,"XLOC-010031#ACHB4-BOVIN#Q8SPU6",1
"GO:1903725","GO:1903725","regulation of phospholipid metabolic process","1/76","38/6213",0.0263157894736842,2.15131578947368,0.792158772663317,0.374438196455796,0.636420328917797,0.532850572940423,"XLOC-016422#OX2R-MOUSE#P58308",1
"GO:0051962","GO:0051962","positive regulation of nervous system development","5/76","330/6213",0.0151515151515152,1.23863636363636,0.495722494425505,0.378459757957773,0.642187114209077,0.537678883267512,"gene-evm.model.ptg000031l.486#ELAV2-XENTR#Q28GD4/XLOC-002878#LMX1B-XENLA#Q8UVR3/XLOC-022943#NR2E3-MOUSE#Q9QXZ7/XLOC-019829#INS1A-DANRE#Q6P0F9/gene-evm.model.ptg000004l.40#FA5-MOUSE#O88783",5
"GO:0098657","GO:0098657","import into cell","5/76","330/6213",0.0151515151515152,1.23863636363636,0.495722494425505,0.378459757957773,0.642187114209077,0.537678883267512,"XLOC-019523#LRP12-HUMAN#Q9Y561/XLOC-010031#ACHB4-BOVIN#Q8SPU6/XLOC-014487#KCND1-MOUSE#Q03719/XLOC-016600#SYT7-MOUSE#Q9R0N7/XLOC-015786#XLOC-015786",5
"GO:1901987","GO:1901987","regulation of cell cycle phase transition","4/76","255/6213",0.0156862745098039,1.28235294117647,0.512338054504081,0.380108715415468,0.642809622054147,0.538200085446062,"XLOC-010099#KCNA1-HUMAN#Q09470/XLOC-010401#KCNAS-DROME#P08510/XLOC-021753#KCNA1-HUMAN#Q09470/XLOC-019829#INS1A-DANRE#Q6P0F9",4
"GO:0001678","GO:0001678","intracellular glucose homeostasis","1/76","39/6213",0.0256410256410256,2.09615384615385,0.764125971587884,0.382137418653263,0.642809622054147,0.538200085446062,"gene-evm.model.ptg000022l.478#GSH0-HUMAN#P48507",1
"GO:0004843","GO:0004843","cysteine-type deubiquitinase activity","1/76","39/6213",0.0256410256410256,2.09615384615385,0.764125971587884,0.382137418653263,0.642809622054147,0.538200085446062,"XLOC-016437#UBP14-PANTR#P60051",1
"GO:0016322","GO:0016322","neuron remodeling","1/76","39/6213",0.0256410256410256,2.09615384615385,0.764125971587884,0.382137418653263,0.642809622054147,0.538200085446062,"XLOC-022943#NR2E3-MOUSE#Q9QXZ7",1
"GO:0030295","GO:0030295","protein kinase activator activity","1/76","39/6213",0.0256410256410256,2.09615384615385,0.764125971587884,0.382137418653263,0.642809622054147,0.538200085446062,"XLOC-023724#ANGL7-MOUSE#Q8R1Q3",1
"GO:0032680","GO:0032680","regulation of tumor necrosis factor production","1/76","39/6213",0.0256410256410256,2.09615384615385,0.764125971587884,0.382137418653263,0.642809622054147,0.538200085446062,"XLOC-010031#ACHB4-BOVIN#Q8SPU6",1
"GO:0036498","GO:0036498","IRE1-mediated unfolded protein response","1/76","39/6213",0.0256410256410256,2.09615384615385,0.764125971587884,0.382137418653263,0.642809622054147,0.538200085446062,"XLOC-009392#FKB14-HUMAN#Q9NWM8",1
"GO:0098739","GO:0098739","import across plasma membrane","1/76","39/6213",0.0256410256410256,2.09615384615385,0.764125971587884,0.382137418653263,0.642809622054147,0.538200085446062,"XLOC-014487#KCND1-MOUSE#Q03719",1
"GO:1903555","GO:1903555","regulation of tumor necrosis factor superfamily cytokine production","1/76","39/6213",0.0256410256410256,2.09615384615385,0.764125971587884,0.382137418653263,0.642809622054147,0.538200085446062,"XLOC-010031#ACHB4-BOVIN#Q8SPU6",1
"GO:2001237","GO:2001237","negative regulation of extrinsic apoptotic signaling pathway","1/76","39/6213",0.0256410256410256,2.09615384615385,0.764125971587884,0.382137418653263,0.642809622054147,0.538200085446062,"gene-evm.model.ptg000022l.478#GSH0-HUMAN#P48507",1
"GO:0061982","GO:0061982","meiosis I cell cycle process","2/76","108/6213",0.0185185185185185,1.51388888888889,0.599491085210736,0.382287660692995,0.642809622054147,0.538200085446062,"XLOC-025584#SMC5-HUMAN#Q8IY18/XLOC-009548#MSH4-HUMAN#O15457",2
"GO:0009725","GO:0009725","response to hormone","7/76","486/6213",0.01440329218107,1.17746913580247,0.453442095499366,0.384259917394088,0.645594581608654,0.540531826320459,"gene-evm.model.ptg000031l.539#LIPP-ICTTR#O88354/XLOC-010031#ACHB4-BOVIN#Q8SPU6/XLOC-022211#ARLY-AQUCT#P51464/XLOC-016422#OX2R-MOUSE#P58308/XLOC-025588#RGRF1-HUMAN#Q13972/XLOC-025964#NEC1-HUMAN#P29120/gene-evm.model.ptg000022l.478#GSH0-HUMAN#P48507",7
"GO:0034976","GO:0034976","response to endoplasmic reticulum stress","3/76","182/6213",0.0164835164835165,1.34752747252747,0.529510564883893,0.38554557266136,0.646827928206825,0.541564460589995,"gene-evm.model.ptg000031l.486#ELAV2-XENTR#Q28GD4/XLOC-009392#FKB14-HUMAN#Q9NWM8/XLOC-025588#RGRF1-HUMAN#Q13972",3
"GO:0009152","GO:0009152","purine ribonucleotide biosynthetic process","2/76","109/6213",0.018348623853211,1.5,0.58603080950235,0.386662380385419,0.646827928206825,0.541564460589995,"XLOC-010449#GCY8E-DROME#Q8INF0/XLOC-016646#ADK-PHYPA#O49923",2
"GO:0014069","GO:0014069","postsynaptic density","2/76","109/6213",0.018348623853211,1.5,0.58603080950235,0.386662380385419,0.646827928206825,0.541564460589995,"XLOC-010031#ACHB4-BOVIN#Q8SPU6/XLOC-014487#KCND1-MOUSE#Q03719",2
"GO:0005911","GO:0005911","cell-cell junction","3/76","183/6213",0.0163934426229508,1.34016393442623,0.519756121334713,0.388888132873179,0.646827928206825,0.541564460589995,"XLOC-010099#KCNA1-HUMAN#Q09470/XLOC-010401#KCNAS-DROME#P08510/XLOC-021753#KCNA1-HUMAN#Q09470",3
"GO:0009266","GO:0009266","response to temperature stimulus","3/76","183/6213",0.0163934426229508,1.34016393442623,0.519756121334713,0.388888132873179,0.646827928206825,0.541564460589995,"XLOC-010031#ACHB4-BOVIN#Q8SPU6/XLOC-025072#XLOC-025072/XLOC-016422#OX2R-MOUSE#P58308",3
"GO:0005643","GO:0005643","nuclear pore","1/76","40/6213",0.025,2.04375,0.736924174647916,0.389743112884289,0.646827928206825,0.541564460589995,"gene-evm.model.ptg000012l.875#IMB1-HUMAN#Q14974",1
"GO:0007009","GO:0007009","plasma membrane organization","1/76","40/6213",0.025,2.04375,0.736924174647916,0.389743112884289,0.646827928206825,0.541564460589995,"XLOC-016600#SYT7-MOUSE#Q9R0N7",1
"GO:0007188","GO:0007188","adenylate cyclase-modulating G protein-coupled receptor signaling pathway","1/76","40/6213",0.025,2.04375,0.736924174647916,0.389743112884289,0.646827928206825,0.541564460589995,"XLOC-023609#AGRD1-HUMAN#Q6QNK2",1
"GO:0019209","GO:0019209","kinase activator activity","1/76","40/6213",0.025,2.04375,0.736924174647916,0.389743112884289,0.646827928206825,0.541564460589995,"XLOC-023724#ANGL7-MOUSE#Q8R1Q3",1
"GO:0031122","GO:0031122","cytoplasmic microtubule organization","1/76","40/6213",0.025,2.04375,0.736924174647916,0.389743112884289,0.646827928206825,0.541564460589995,"gene-evm.model.ptg000012l.875#IMB1-HUMAN#Q14974",1
"GO:0034502","GO:0034502","protein localization to chromosome","1/76","40/6213",0.025,2.04375,0.736924174647916,0.389743112884289,0.646827928206825,0.541564460589995,"XLOC-010929#MIB2-MOUSE#Q8R516",1
"GO:0060179","GO:0060179","male mating behavior","1/76","40/6213",0.025,2.04375,0.736924174647916,0.389743112884289,0.646827928206825,0.541564460589995,"gene-evm.model.ptg000031l.486#ELAV2-XENTR#Q28GD4",1
"GO:0097006","GO:0097006","regulation of plasma lipoprotein particle levels","1/76","40/6213",0.025,2.04375,0.736924174647916,0.389743112884289,0.646827928206825,0.541564460589995,"XLOC-019523#LRP12-HUMAN#Q9Y561",1
"GO:1901799","GO:1901799","negative regulation of proteasomal protein catabolic process","1/76","40/6213",0.025,2.04375,0.736924174647916,0.389743112884289,0.646827928206825,0.541564460589995,"XLOC-016437#UBP14-PANTR#P60051",1
"GO:1903902","GO:1903902","positive regulation of viral life cycle","1/76","40/6213",0.025,2.04375,0.736924174647916,0.389743112884289,0.646827928206825,0.541564460589995,"XLOC-025644#PPIB-MOUSE#P24369",1
"GO:0009743","GO:0009743","response to carbohydrate","2/76","110/6213",0.0181818181818182,1.48636363636364,0.572703994824789,0.391024080078759,0.648427106818915,0.542903392112084,"XLOC-025964#NEC1-HUMAN#P29120/gene-evm.model.ptg000022l.478#GSH0-HUMAN#P48507",2
"GO:0072001","GO:0072001","renal system development","3/76","184/6213",0.016304347826087,1.33288043478261,0.51005733524101,0.392226714831043,0.649893899756546,0.544131482136377,"XLOC-019533#DMBT1-MOUSE#Q60997/XLOC-022211#ARLY-AQUCT#P51464/XLOC-002878#LMX1B-XENLA#Q8UVR3",3
"GO:0060538","GO:0060538","skeletal muscle organ development","2/76","111/6213",0.018018018018018,1.47297297297297,0.559507832280565,0.395372423756369,0.651360213387067,0.54535917085503,"XLOC-011296#FOXL2-ELLLU#Q4VUF1/XLOC-022211#ARLY-AQUCT#P51464",2
"GO:0007517","GO:0007517","muscle organ development","3/76","185/6213",0.0162162162162162,1.32567567567568,0.500413506694202,0.395561116251604,0.651360213387067,0.54535917085503,"XLOC-013651#ETV1-BOVIN#Q2KIC2/XLOC-011296#FOXL2-ELLLU#Q4VUF1/XLOC-022211#ARLY-AQUCT#P51464",3
"GO:0007530","GO:0007530","sex determination","1/76","41/6213",0.024390243902439,1.99390243902439,0.710505074495148,0.397256400332984,0.651360213387067,0.54535917085503,"XLOC-011296#FOXL2-ELLLU#Q4VUF1",1
"GO:0010611","GO:0010611","regulation of cardiac muscle hypertrophy","1/76","41/6213",0.024390243902439,1.99390243902439,0.710505074495148,0.397256400332984,0.651360213387067,0.54535917085503,"XLOC-016646#ADK-PHYPA#O49923",1
"GO:0042129","GO:0042129","regulation of T cell proliferation","1/76","41/6213",0.024390243902439,1.99390243902439,0.710505074495148,0.397256400332984,0.651360213387067,0.54535917085503,"XLOC-016646#ADK-PHYPA#O49923",1
"GO:0042246","GO:0042246","tissue regeneration","1/76","41/6213",0.024390243902439,1.99390243902439,0.710505074495148,0.397256400332984,0.651360213387067,0.54535917085503,"XLOC-019829#INS1A-DANRE#Q6P0F9",1
"GO:0043186","GO:0043186","P granule","1/76","41/6213",0.024390243902439,1.99390243902439,0.710505074495148,0.397256400332984,0.651360213387067,0.54535917085503,"gene-evm.model.ptg000012l.875#IMB1-HUMAN#Q14974",1
"GO:0060966","GO:0060966","regulation of gene silencing by regulatory ncRNA","1/76","41/6213",0.024390243902439,1.99390243902439,0.710505074495148,0.397256400332984,0.651360213387067,0.54535917085503,"gene-evm.model.ptg000031l.486#ELAV2-XENTR#Q28GD4",1
"GO:0070613","GO:0070613","regulation of protein processing","1/76","41/6213",0.024390243902439,1.99390243902439,0.710505074495148,0.397256400332984,0.651360213387067,0.54535917085503,"XLOC-012420#RFX6-DANRE#Q5RJA1",1
"GO:0071230","GO:0071230","cellular response to amino acid stimulus","1/76","41/6213",0.024390243902439,1.99390243902439,0.710505074495148,0.397256400332984,0.651360213387067,0.54535917085503,"gene-evm.model.ptg000022l.478#GSH0-HUMAN#P48507",1
"GO:1903312","GO:1903312","negative regulation of mRNA metabolic process","1/76","41/6213",0.024390243902439,1.99390243902439,0.710505074495148,0.397256400332984,0.651360213387067,0.54535917085503,"gene-evm.model.ptg000031l.486#ELAV2-XENTR#Q28GD4",1
"GO:1903317","GO:1903317","regulation of protein maturation","1/76","41/6213",0.024390243902439,1.99390243902439,0.710505074495148,0.397256400332984,0.651360213387067,0.54535917085503,"XLOC-012420#RFX6-DANRE#Q5RJA1",1
"GO:1990090","GO:1990090","cellular response to nerve growth factor stimulus","1/76","41/6213",0.024390243902439,1.99390243902439,0.710505074495148,0.397256400332984,0.651360213387067,0.54535917085503,"gene-evm.model.ptg000031l.486#ELAV2-XENTR#Q28GD4",1
"GO:0005543","GO:0005543","phospholipid binding","3/76","186/6213",0.0161290322580645,1.31854838709677,0.490823948505427,0.398891137794964,0.653516114286376,0.547164224806328,"XLOC-015872#DIS1D-DICDI#P02888/XLOC-019965#SYT14-HUMAN#Q8NB59/XLOC-016600#SYT7-MOUSE#Q9R0N7",3
"GO:1903034","GO:1903034","regulation of response to wounding","2/76","112/6213",0.0178571428571429,1.45982142857143,0.546439598089142,0.399707085329979,0.654328185359894,0.547844141077274,"XLOC-025696#FIBA-APOPA#P19477/gene-evm.model.ptg000004l.40#FA5-MOUSE#O88783",2
"GO:0043207","GO:0043207","response to external biotic stimulus","5/76","339/6213",0.0147492625368732,1.20575221238938,0.433532689289727,0.400691809755589,0.654890693864535,0.548315108086596,"XLOC-019523#LRP12-HUMAN#Q9Y561/XLOC-022211#ARLY-AQUCT#P51464/XLOC-016422#OX2R-MOUSE#P58308/gene-evm.model.ptg000001l.946#AQP9-HUMAN#O43315/XLOC-025964#NEC1-HUMAN#P29120",5
"GO:0051707","GO:0051707","response to other organism","5/76","339/6213",0.0147492625368732,1.20575221238938,0.433532689289727,0.400691809755589,0.654890693864535,0.548315108086596,"XLOC-019523#LRP12-HUMAN#Q9Y561/XLOC-022211#ARLY-AQUCT#P51464/XLOC-016422#OX2R-MOUSE#P58308/gene-evm.model.ptg000001l.946#AQP9-HUMAN#O43315/XLOC-025964#NEC1-HUMAN#P29120",5
"GO:1901653","GO:1901653","cellular response to peptide","3/76","187/6213",0.0160427807486631,1.31149732620321,0.481287985905356,0.402216583054038,0.656157102038677,0.549375423558158,"XLOC-002280#CAC1A-APIME#C9D7C2/XLOC-022211#ARLY-AQUCT#P51464/XLOC-025588#RGRF1-HUMAN#Q13972",3
"GO:0002793","GO:0002793","positive regulation of peptide secretion","2/76","113/6213",0.0176991150442478,1.44690265486726,0.533496650253472,0.404027748452795,0.656157102038677,0.549375423558158,"XLOC-016422#OX2R-MOUSE#P58308/XLOC-025964#NEC1-HUMAN#P29120",2
"GO:0006164","GO:0006164","purine nucleotide biosynthetic process","2/76","113/6213",0.0176991150442478,1.44690265486726,0.533496650253472,0.404027748452795,0.656157102038677,0.549375423558158,"XLOC-010449#GCY8E-DROME#Q8INF0/XLOC-016646#ADK-PHYPA#O49923",2
"GO:0099572","GO:0099572","postsynaptic specialization","2/76","113/6213",0.0176991150442478,1.44690265486726,0.533496650253472,0.404027748452795,0.656157102038677,0.549375423558158,"XLOC-010031#ACHB4-BOVIN#Q8SPU6/XLOC-014487#KCND1-MOUSE#Q03719",2
"GO:0014743","GO:0014743","regulation of muscle hypertrophy","1/76","42/6213",0.0238095238095238,1.94642857142857,0.684824316334512,0.404678388922532,0.656157102038677,0.549375423558158,"XLOC-016646#ADK-PHYPA#O49923",1
"GO:0034341","GO:0034341","response to type II interferon","1/76","42/6213",0.0238095238095238,1.94642857142857,0.684824316334512,0.404678388922532,0.656157102038677,0.549375423558158,"XLOC-022211#ARLY-AQUCT#P51464",1
"GO:0043507","GO:0043507","positive regulation of JUN kinase activity","1/76","42/6213",0.0238095238095238,1.94642857142857,0.684824316334512,0.404678388922532,0.656157102038677,0.549375423558158,"XLOC-015229#M3K2-HUMAN#Q9Y2U5",1
"GO:0060293","GO:0060293","germ plasm","1/76","42/6213",0.0238095238095238,1.94642857142857,0.684824316334512,0.404678388922532,0.656157102038677,0.549375423558158,"gene-evm.model.ptg000012l.875#IMB1-HUMAN#Q14974",1
"GO:0060563","GO:0060563","neuroepithelial cell differentiation","1/76","42/6213",0.0238095238095238,1.94642857142857,0.684824316334512,0.404678388922532,0.656157102038677,0.549375423558158,"XLOC-019829#INS1A-DANRE#Q6P0F9",1
"GO:1990089","GO:1990089","response to nerve growth factor","1/76","42/6213",0.0238095238095238,1.94642857142857,0.684824316334512,0.404678388922532,0.656157102038677,0.549375423558158,"gene-evm.model.ptg000031l.486#ELAV2-XENTR#Q28GD4",1
"GO:0045055","GO:0045055","regulated exocytosis","5/76","341/6213",0.0146627565982405,1.19868035190616,0.419936423011002,0.405626751949023,0.65717323888331,0.550226196349733,"gene-evm.model.ptg000012l.875#IMB1-HUMAN#Q14974/XLOC-015788#OTOF-HUMAN#Q9HC10/XLOC-016600#SYT7-MOUSE#Q9R0N7/XLOC-002280#CAC1A-APIME#C9D7C2/XLOC-016498#SAP3-MOUSE#Q60648",5
"GO:0098609","GO:0098609","cell-cell adhesion","2/76","114/6213",0.0175438596491228,1.43421052631579,0.520676425385759,0.408334106335587,0.661035324281778,0.553459773788747,"XLOC-025696#FIBA-APOPA#P19477/XLOC-019533#DMBT1-MOUSE#Q60997",2
"GO:0016525","GO:0016525","negative regulation of angiogenesis","1/76","43/6213",0.0232558139534884,1.90116279069767,0.659841087535566,0.412010173469913,0.664878976618509,0.556677917925176,"XLOC-023724#ANGL7-MOUSE#Q8R1Q3",1
"GO:0032479","GO:0032479","regulation of type I interferon production","1/76","43/6213",0.0232558139534884,1.90116279069767,0.659841087535566,0.412010173469913,0.664878976618509,0.556677917925176,"XLOC-001865#RPC2-HUMAN#Q9NW08",1
"GO:0045069","GO:0045069","regulation of viral genome replication","1/76","43/6213",0.0232558139534884,1.90116279069767,0.659841087535566,0.412010173469913,0.664878976618509,0.556677917925176,"XLOC-025644#PPIB-MOUSE#P24369",1
"GO:0051213","GO:0051213","dioxygenase activity","1/76","43/6213",0.0232558139534884,1.90116279069767,0.659841087535566,0.412010173469913,0.664878976618509,0.556677917925176,"XLOC-022254#P4HTM-HUMAN#Q9NXG6",1
"GO:0003684","GO:0003684","damaged DNA binding","1/76","44/6213",0.0227272727272727,1.85795454545455,0.635517758384701,0.419252835838841,0.670310694745446,0.561225689239946,"XLOC-025584#SMC5-HUMAN#Q8IY18",1
"GO:0004252","GO:0004252","serine-type endopeptidase activity","1/76","44/6213",0.0227272727272727,1.85795454545455,0.635517758384701,0.419252835838841,0.670310694745446,0.561225689239946,"XLOC-025964#NEC1-HUMAN#P29120",1
"GO:0007187","GO:0007187","G protein-coupled receptor signaling pathway, coupled to cyclic nucleotide second messenger","1/76","44/6213",0.0227272727272727,1.85795454545455,0.635517758384701,0.419252835838841,0.670310694745446,0.561225689239946,"XLOC-023609#AGRD1-HUMAN#Q6QNK2",1
"GO:0021885","GO:0021885","forebrain cell migration","1/76","44/6213",0.0227272727272727,1.85795454545455,0.635517758384701,0.419252835838841,0.670310694745446,0.561225689239946,"XLOC-025696#FIBA-APOPA#P19477",1
"GO:0022029","GO:0022029","telencephalon cell migration","1/76","44/6213",0.0227272727272727,1.85795454545455,0.635517758384701,0.419252835838841,0.670310694745446,0.561225689239946,"XLOC-025696#FIBA-APOPA#P19477",1
"GO:0036445","GO:0036445","neuronal stem cell division","1/76","44/6213",0.0227272727272727,1.85795454545455,0.635517758384701,0.419252835838841,0.670310694745446,0.561225689239946,"XLOC-019829#INS1A-DANRE#Q6P0F9",1
"GO:0042552","GO:0042552","myelination","1/76","44/6213",0.0227272727272727,1.85795454545455,0.635517758384701,0.419252835838841,0.670310694745446,0.561225689239946,"XLOC-019525#ABD12-DANRE#Q08C93",1
"GO:0044325","GO:0044325","transmembrane transporter binding","1/76","44/6213",0.0227272727272727,1.85795454545455,0.635517758384701,0.419252835838841,0.670310694745446,0.561225689239946,"XLOC-014487#KCND1-MOUSE#Q03719",1
"GO:0045921","GO:0045921","positive regulation of exocytosis","1/76","44/6213",0.0227272727272727,1.85795454545455,0.635517758384701,0.419252835838841,0.670310694745446,0.561225689239946,"XLOC-016600#SYT7-MOUSE#Q9R0N7",1
"GO:0050673","GO:0050673","epithelial cell proliferation","1/76","44/6213",0.0227272727272727,1.85795454545455,0.635517758384701,0.419252835838841,0.670310694745446,0.561225689239946,"XLOC-016646#ADK-PHYPA#O49923",1
"GO:0055057","GO:0055057","neuroblast division","1/76","44/6213",0.0227272727272727,1.85795454545455,0.635517758384701,0.419252835838841,0.670310694745446,0.561225689239946,"XLOC-019829#INS1A-DANRE#Q6P0F9",1
"GO:0030659","GO:0030659","cytoplasmic vesicle membrane","4/76","269/6213",0.0148698884758364,1.21561338289963,0.402306371941771,0.419313298034596,0.670310694745446,0.561225689239946,"XLOC-019523#LRP12-HUMAN#Q9Y561/gene-evm.model.ptg000031l.539#LIPP-ICTTR#O88354/XLOC-025955#MCTP1-MOUSE#E9PV86/XLOC-015788#OTOF-HUMAN#Q9HC10",4
"GO:0009260","GO:0009260","ribonucleotide biosynthetic process","2/76","117/6213",0.0170940170940171,1.3974358974359,0.482927571333222,0.421164420235019,0.672743479703006,0.563262567698371,"XLOC-010449#GCY8E-DROME#Q8INF0/XLOC-016646#ADK-PHYPA#O49923",2
"GO:0010976","GO:0010976","positive regulation of neuron projection development","3/76","193/6213",0.0155440414507772,1.27072538860104,0.425161423710466,0.422062520461772,0.673651351018282,0.564022693873668,"gene-evm.model.ptg000031l.486#ELAV2-XENTR#Q28GD4/XLOC-022943#NR2E3-MOUSE#Q9QXZ7/gene-evm.model.ptg000004l.40#FA5-MOUSE#O88783",3
"GO:0010720","GO:0010720","positive regulation of cell development","5/76","349/6213",0.0143266475644699,1.17120343839542,0.366330158063797,0.425323316358285,0.675834298154234,0.565850392611809,"gene-evm.model.ptg000031l.486#ELAV2-XENTR#Q28GD4/XLOC-002878#LMX1B-XENLA#Q8UVR3/XLOC-022943#NR2E3-MOUSE#Q9QXZ7/XLOC-019829#INS1A-DANRE#Q6P0F9/gene-evm.model.ptg000004l.40#FA5-MOUSE#O88783",5
"GO:0043406","GO:0043406","positive regulation of MAP kinase activity","2/76","118/6213",0.0169491525423729,1.38559322033898,0.470574073731052,0.425410674143573,0.675834298154234,0.565850392611809,"XLOC-015229#M3K2-HUMAN#Q9Y2U5/XLOC-010031#ACHB4-BOVIN#Q8SPU6",2
"GO:2001234","GO:2001234","negative regulation of apoptotic signaling pathway","2/76","118/6213",0.0169491525423729,1.38559322033898,0.470574073731052,0.425410674143573,0.675834298154234,0.565850392611809,"XLOC-027115#TXD12-EPICO#H9D1R1/gene-evm.model.ptg000022l.478#GSH0-HUMAN#P48507",2
"GO:0000781","GO:0000781","chromosome, telomeric region","1/76","45/6213",0.0222222222222222,1.81666666666667,0.611819566594793,0.426407445090948,0.675834298154234,0.565850392611809,"XLOC-025584#SMC5-HUMAN#Q8IY18",1
"GO:0017053","GO:0017053","transcription repressor complex","1/76","45/6213",0.0222222222222222,1.81666666666667,0.611819566594793,0.426407445090948,0.675834298154234,0.565850392611809,"XLOC-019829#INS1A-DANRE#Q6P0F9",1
"GO:0021954","GO:0021954","central nervous system neuron development","1/76","45/6213",0.0222222222222222,1.81666666666667,0.611819566594793,0.426407445090948,0.675834298154234,0.565850392611809,"XLOC-002878#LMX1B-XENLA#Q8UVR3",1
"GO:0045171","GO:0045171","intercellular bridge","1/76","45/6213",0.0222222222222222,1.81666666666667,0.611819566594793,0.426407445090948,0.675834298154234,0.565850392611809,"XLOC-011296#FOXL2-ELLLU#Q4VUF1",1
"GO:0090630","GO:0090630","activation of GTPase activity","1/76","45/6213",0.0222222222222222,1.81666666666667,0.611819566594793,0.426407445090948,0.675834298154234,0.565850392611809,"XLOC-025588#RGRF1-HUMAN#Q13972",1
"GO:1902667","GO:1902667","regulation of axon guidance","1/76","45/6213",0.0222222222222222,1.81666666666667,0.611819566594793,0.426407445090948,0.675834298154234,0.565850392611809,"XLOC-022943#NR2E3-MOUSE#Q9QXZ7",1
"GO:0040013","GO:0040013","negative regulation of locomotion","2/76","119/6213",0.0168067226890756,1.37394957983193,0.458331560263301,0.429641225996278,0.679729636251552,0.569111811272779,"XLOC-023724#ANGL7-MOUSE#Q8R1Q3/XLOC-025955#MCTP1-MOUSE#E9PV86",2
"GO:0048839","GO:0048839","inner ear development","2/76","119/6213",0.0168067226890756,1.37394957983193,0.458331560263301,0.429641225996278,0.679729636251552,0.569111811272779,"XLOC-015788#OTOF-HUMAN#Q9HC10/XLOC-012495#KCNK3-MOUSE#O35111",2
"GO:2000145","GO:2000145","regulation of cell motility","5/76","351/6213",0.0142450142450142,1.16452991452991,0.353118101840382,0.430233128202758,0.679729636251552,0.569111811272779,"XLOC-015229#M3K2-HUMAN#Q9Y2U5/XLOC-023724#ANGL7-MOUSE#Q8R1Q3/XLOC-025955#MCTP1-MOUSE#E9PV86/XLOC-000896#ATOH8-HUMAN#Q96SQ7/XLOC-019829#INS1A-DANRE#Q6P0F9",5
"GO:0005773","GO:0005773","vacuole","5/76","352/6213",0.0142045454545455,1.16122159090909,0.346539808816219,0.432685410836292,0.679729636251552,0.569111811272779,"XLOC-019523#LRP12-HUMAN#Q9Y561/XLOC-016600#SYT7-MOUSE#Q9R0N7/XLOC-000356#DRAM2-MOUSE#Q9CR48/XLOC-016422#OX2R-MOUSE#P58308/XLOC-016498#SAP3-MOUSE#Q60648",5
"GO:0005901","GO:0005901","caveola","1/76","46/6213",0.0217391304347826,1.77717391304348,0.588714339394,0.433475057635223,0.679729636251552,0.569111811272779,"XLOC-014487#KCND1-MOUSE#Q03719",1
"GO:0008366","GO:0008366","axon ensheathment","1/76","46/6213",0.0217391304347826,1.77717391304348,0.588714339394,0.433475057635223,0.679729636251552,0.569111811272779,"XLOC-019525#ABD12-DANRE#Q08C93",1
"GO:0010771","GO:0010771","negative regulation of cell morphogenesis","1/76","46/6213",0.0217391304347826,1.77717391304348,0.588714339394,0.433475057635223,0.679729636251552,0.569111811272779,"XLOC-025696#FIBA-APOPA#P19477",1
"GO:0015293","GO:0015293","symporter activity","1/76","46/6213",0.0217391304347826,1.77717391304348,0.588714339394,0.433475057635223,0.679729636251552,0.569111811272779,"XLOC-023758#S6A19-RAT#Q2A865",1
"GO:0015294","GO:0015294","solute:monoatomic cation symporter activity","1/76","46/6213",0.0217391304347826,1.77717391304348,0.588714339394,0.433475057635223,0.679729636251552,0.569111811272779,"XLOC-023758#S6A19-RAT#Q2A865",1
"GO:0042551","GO:0042551","neuron maturation","1/76","46/6213",0.0217391304347826,1.77717391304348,0.588714339394,0.433475057635223,0.679729636251552,0.569111811272779,"XLOC-022943#NR2E3-MOUSE#Q9QXZ7",1
"GO:0045495","GO:0045495","pole plasm","1/76","46/6213",0.0217391304347826,1.77717391304348,0.588714339394,0.433475057635223,0.679729636251552,0.569111811272779,"gene-evm.model.ptg000012l.875#IMB1-HUMAN#Q14974",1
"GO:1901607","GO:1901607","alpha-amino acid biosynthetic process","1/76","46/6213",0.0217391304347826,1.77717391304348,0.588714339394,0.433475057635223,0.679729636251552,0.569111811272779,"XLOC-022211#ARLY-AQUCT#P51464",1
"GO:1903035","GO:1903035","negative regulation of response to wounding","1/76","46/6213",0.0217391304347826,1.77717391304348,0.588714339394,0.433475057635223,0.679729636251552,0.569111811272779,"XLOC-025696#FIBA-APOPA#P19477",1
"GO:0045471","GO:0045471","response to ethanol","2/76","120/6213",0.0166666666666667,1.3625,0.44619788039707,0.433855822649057,0.679729636251552,0.569111811272779,"XLOC-010031#ACHB4-BOVIN#Q8SPU6/gene-evm.model.ptg000022l.478#GSH0-HUMAN#P48507",2
"GO:0046390","GO:0046390","ribose phosphate biosynthetic process","2/76","120/6213",0.0166666666666667,1.3625,0.44619788039707,0.433855822649057,0.679729636251552,0.569111811272779,"XLOC-010449#GCY8E-DROME#Q8INF0/XLOC-016646#ADK-PHYPA#O49923",2
"GO:0006952","GO:0006952","defense response","5/76","353/6213",0.0141643059490085,1.15793201133144,0.33997984303211,0.43513583228067,0.681212647777324,0.570353480505012,"gene-evm.model.ptg000031l.539#LIPP-ICTTR#O88354/XLOC-019533#DMBT1-MOUSE#Q60997/XLOC-022211#ARLY-AQUCT#P51464/XLOC-016422#OX2R-MOUSE#P58308/gene-evm.model.ptg000001l.946#AQP9-HUMAN#O43315",5
"GO:0072522","GO:0072522","purine-containing compound biosynthetic process","2/76","121/6213",0.0165289256198347,1.35123966942149,0.434170943763471,0.438054219308083,0.682741330499714,0.57163338849578,"XLOC-010449#GCY8E-DROME#Q8INF0/XLOC-016646#ADK-PHYPA#O49923",2
"GO:0001823","GO:0001823","mesonephros development","1/76","47/6213",0.0212765957446809,1.73936170212766,0.566172248002113,0.440456717375733,0.682741330499714,0.57163338849578,"XLOC-002878#LMX1B-XENLA#Q8UVR3",1
"GO:0001895","GO:0001895","retina homeostasis","1/76","47/6213",0.0212765957446809,1.73936170212766,0.566172248002113,0.440456717375733,0.682741330499714,0.57163338849578,"XLOC-000356#DRAM2-MOUSE#Q9CR48",1
"GO:0006720","GO:0006720","isoprenoid metabolic process","1/76","47/6213",0.0212765957446809,1.73936170212766,0.566172248002113,0.440456717375733,0.682741330499714,0.57163338849578,"gene-evm.model.ptg000004l.34#RLBP1-MOUSE#Q9Z275",1
"GO:0007272","GO:0007272","ensheathment of neurons","1/76","47/6213",0.0212765957446809,1.73936170212766,0.566172248002113,0.440456717375733,0.682741330499714,0.57163338849578,"XLOC-019525#ABD12-DANRE#Q08C93",1
"GO:0019842","GO:0019842","vitamin binding","1/76","47/6213",0.0212765957446809,1.73936170212766,0.566172248002113,0.440456717375733,0.682741330499714,0.57163338849578,"gene-evm.model.ptg000004l.34#RLBP1-MOUSE#Q9Z275",1
"GO:0048645","GO:0048645","animal organ formation","1/76","47/6213",0.0212765957446809,1.73936170212766,0.566172248002113,0.440456717375733,0.682741330499714,0.57163338849578,"XLOC-000896#ATOH8-HUMAN#Q96SQ7",1
"GO:0051591","GO:0051591","response to cAMP","1/76","47/6213",0.0212765957446809,1.73936170212766,0.566172248002113,0.440456717375733,0.682741330499714,0.57163338849578,"XLOC-022211#ARLY-AQUCT#P51464",1
"GO:0070542","GO:0070542","response to fatty acid","1/76","47/6213",0.0212765957446809,1.73936170212766,0.566172248002113,0.440456717375733,0.682741330499714,0.57163338849578,"XLOC-025964#NEC1-HUMAN#P29120",1
"GO:0071322","GO:0071322","cellular response to carbohydrate stimulus","1/76","47/6213",0.0212765957446809,1.73936170212766,0.566172248002113,0.440456717375733,0.682741330499714,0.57163338849578,"gene-evm.model.ptg000022l.478#GSH0-HUMAN#P48507",1
"GO:0072163","GO:0072163","mesonephric epithelium development","1/76","47/6213",0.0212765957446809,1.73936170212766,0.566172248002113,0.440456717375733,0.682741330499714,0.57163338849578,"XLOC-002878#LMX1B-XENLA#Q8UVR3",1
"GO:0072164","GO:0072164","mesonephric tubule development","1/76","47/6213",0.0212765957446809,1.73936170212766,0.566172248002113,0.440456717375733,0.682741330499714,0.57163338849578,"XLOC-002878#LMX1B-XENLA#Q8UVR3",1
"GO:2000181","GO:2000181","negative regulation of blood vessel morphogenesis","1/76","47/6213",0.0212765957446809,1.73936170212766,0.566172248002113,0.440456717375733,0.682741330499714,0.57163338849578,"XLOC-023724#ANGL7-MOUSE#Q8R1Q3",1
"GO:0001894","GO:0001894","tissue homeostasis","2/76","122/6213",0.0163934426229508,1.34016393442623,0.422248717978706,0.442236179368238,0.68379472462875,0.572515355396717,"XLOC-019523#LRP12-HUMAN#Q9Y561/XLOC-000356#DRAM2-MOUSE#Q9CR48",2
"GO:0006310","GO:0006310","DNA recombination","2/76","122/6213",0.0163934426229508,1.34016393442623,0.422248717978706,0.442236179368238,0.68379472462875,0.572515355396717,"XLOC-025584#SMC5-HUMAN#Q8IY18/XLOC-009548#MSH4-HUMAN#O15457",2
"GO:0010564","GO:0010564","regulation of cell cycle process","6/76","435/6213",0.0137931034482759,1.12758620689655,0.307046424111791,0.442461656701584,0.68379472462875,0.572515355396717,"XLOC-010929#MIB2-MOUSE#Q8R516/XLOC-010099#KCNA1-HUMAN#Q09470/XLOC-010401#KCNAS-DROME#P08510/XLOC-025584#SMC5-HUMAN#Q8IY18/XLOC-021753#KCNA1-HUMAN#Q09470/XLOC-019829#INS1A-DANRE#Q6P0F9",6
"GO:0009607","GO:0009607","response to biotic stimulus","5/76","356/6213",0.0140449438202247,1.14817415730337,0.320408708191795,0.442475098364761,0.68379472462875,0.572515355396717,"XLOC-019523#LRP12-HUMAN#Q9Y561/XLOC-022211#ARLY-AQUCT#P51464/XLOC-016422#OX2R-MOUSE#P58308/gene-evm.model.ptg000001l.946#AQP9-HUMAN#O43315/XLOC-025964#NEC1-HUMAN#P29120",5
"GO:0006909","GO:0006909","phagocytosis","2/76","123/6213",0.016260162601626,1.32926829268293,0.410429226561492,0.446401474254201,0.685628739922851,0.574050906754583,"XLOC-016600#SYT7-MOUSE#Q9R0N7/XLOC-015786#XLOC-015786",2
"GO:0003073","GO:0003073","regulation of systemic arterial blood pressure","1/76","48/6213",0.0208333333333333,1.703125,0.544165590114484,0.447353455857641,0.685628739922851,0.574050906754583,"XLOC-010031#ACHB4-BOVIN#Q8SPU6",1
"GO:0005178","GO:0005178","integrin binding","1/76","48/6213",0.0208333333333333,1.703125,0.544165590114484,0.447353455857641,0.685628739922851,0.574050906754583,"XLOC-025696#FIBA-APOPA#P19477",1
"GO:0005791","GO:0005791","rough endoplasmic reticulum","1/76","48/6213",0.0208333333333333,1.703125,0.544165590114484,0.447353455857641,0.685628739922851,0.574050906754583,"XLOC-025964#NEC1-HUMAN#P29120",1
"GO:0008045","GO:0008045","motor neuron axon guidance","1/76","48/6213",0.0208333333333333,1.703125,0.544165590114484,0.447353455857641,0.685628739922851,0.574050906754583,"gene-evm.model.ptg000004l.40#FA5-MOUSE#O88783",1
"GO:0030175","GO:0030175","filopodium","1/76","48/6213",0.0208333333333333,1.703125,0.544165590114484,0.447353455857641,0.685628739922851,0.574050906754583,"XLOC-015786#XLOC-015786",1
"GO:0045773","GO:0045773","positive regulation of axon extension","1/76","48/6213",0.0208333333333333,1.703125,0.544165590114484,0.447353455857641,0.685628739922851,0.574050906754583,"XLOC-022943#NR2E3-MOUSE#Q9QXZ7",1
"GO:0050810","GO:0050810","regulation of steroid biosynthetic process","1/76","48/6213",0.0208333333333333,1.703125,0.544165590114484,0.447353455857641,0.685628739922851,0.574050906754583,"gene-evm.model.ptg000012l.875#IMB1-HUMAN#Q14974",1
"GO:0051851","GO:0051851","host-mediated perturbation of symbiont process","1/76","48/6213",0.0208333333333333,1.703125,0.544165590114484,0.447353455857641,0.685628739922851,0.574050906754583,"XLOC-025644#PPIB-MOUSE#P24369",1
"GO:0071772","GO:0071772","response to BMP","1/76","48/6213",0.0208333333333333,1.703125,0.544165590114484,0.447353455857641,0.685628739922851,0.574050906754583,"XLOC-014487#KCND1-MOUSE#Q03719",1
"GO:0071773","GO:0071773","cellular response to BMP stimulus","1/76","48/6213",0.0208333333333333,1.703125,0.544165590114484,0.447353455857641,0.685628739922851,0.574050906754583,"XLOC-014487#KCND1-MOUSE#Q03719",1
"GO:0032102","GO:0032102","negative regulation of response to external stimulus","2/76","124/6213",0.0161290322580645,1.31854838709677,0.398710546941829,0.450549883264103,0.689493192141245,0.57728646584204,"XLOC-025696#FIBA-APOPA#P19477/XLOC-010031#ACHB4-BOVIN#Q8SPU6",2
"GO:0036464","GO:0036464","cytoplasmic ribonucleoprotein granule","2/76","124/6213",0.0161290322580645,1.31854838709677,0.398710546941829,0.450549883264103,0.689493192141245,0.57728646584204,"gene-evm.model.ptg000012l.875#IMB1-HUMAN#Q14974/gene-evm.model.ptg000031l.486#ELAV2-XENTR#Q28GD4",2
"GO:0004553","GO:0004553","hydrolase activity, hydrolyzing O-glycosyl compounds","1/76","49/6213",0.0204081632653061,1.66836734693878,0.522668596684187,0.454166292411545,0.690373315027371,0.578023359311373,"XLOC-016498#SAP3-MOUSE#Q60648",1
"GO:0035265","GO:0035265","organ growth","1/76","49/6213",0.0204081632653061,1.66836734693878,0.522668596684187,0.454166292411545,0.690373315027371,0.578023359311373,"XLOC-002878#LMX1B-XENLA#Q8UVR3",1
"GO:0043122","GO:0043122","regulation of canonical NF-kappaB signal transduction","1/76","49/6213",0.0204081632653061,1.66836734693878,0.522668596684187,0.454166292411545,0.690373315027371,0.578023359311373,"XLOC-015229#M3K2-HUMAN#Q9Y2U5",1
"GO:0048145","GO:0048145","regulation of fibroblast proliferation","1/76","49/6213",0.0204081632653061,1.66836734693878,0.522668596684187,0.454166292411545,0.690373315027371,0.578023359311373,"XLOC-025588#RGRF1-HUMAN#Q13972",1
"GO:0050000","GO:0050000","chromosome localization","1/76","49/6213",0.0204081632653061,1.66836734693878,0.522668596684187,0.454166292411545,0.690373315027371,0.578023359311373,"gene-evm.model.ptg000012l.875#IMB1-HUMAN#Q14974",1
"GO:0051702","GO:0051702","biological process involved in interaction with symbiont","1/76","49/6213",0.0204081632653061,1.66836734693878,0.522668596684187,0.454166292411545,0.690373315027371,0.578023359311373,"XLOC-025644#PPIB-MOUSE#P24369",1
"GO:0061097","GO:0061097","regulation of protein tyrosine kinase activity","1/76","49/6213",0.0204081632653061,1.66836734693878,0.522668596684187,0.454166292411545,0.690373315027371,0.578023359311373,"XLOC-023724#ANGL7-MOUSE#Q8R1Q3",1
"GO:0101005","GO:0101005","deubiquitinase activity","1/76","49/6213",0.0204081632653061,1.66836734693878,0.522668596684187,0.454166292411545,0.690373315027371,0.578023359311373,"XLOC-016437#UBP14-PANTR#P60051",1
"GO:1903051","GO:1903051","negative regulation of proteolysis involved in protein catabolic process","1/76","49/6213",0.0204081632653061,1.66836734693878,0.522668596684187,0.454166292411545,0.690373315027371,0.578023359311373,"XLOC-016437#UBP14-PANTR#P60051",1
"GO:0035091","GO:0035091","phosphatidylinositol binding","2/76","125/6213",0.016,1.308,0.387090808556374,0.454681193415722,0.690642139887227,0.578248436157737,"XLOC-015872#DIS1D-DICDI#P02888/XLOC-016600#SYT7-MOUSE#Q9R0N7",2
"GO:0003727","GO:0003727","single-stranded RNA binding","1/76","50/6213",0.02,1.635,0.501657259849526,0.460896234296153,0.695943094358493,0.582686724029446,"gene-evm.model.ptg000031l.486#ELAV2-XENTR#Q28GD4",1
"GO:0030246","GO:0030246","carbohydrate binding","1/76","50/6213",0.02,1.635,0.501657259849526,0.460896234296153,0.695943094358493,0.582686724029446,"XLOC-015872#DIS1D-DICDI#P02888",1
"GO:0050829","GO:0050829","defense response to Gram-negative bacterium","1/76","50/6213",0.02,1.635,0.501657259849526,0.460896234296153,0.695943094358493,0.582686724029446,"gene-evm.model.ptg000001l.946#AQP9-HUMAN#O43315",1
"GO:0050870","GO:0050870","positive regulation of T cell activation","1/76","50/6213",0.02,1.635,0.501657259849526,0.460896234296153,0.695943094358493,0.582686724029446,"XLOC-016646#ADK-PHYPA#O49923",1
"GO:0070062","GO:0070062","extracellular exosome","1/76","50/6213",0.02,1.635,0.501657259849526,0.460896234296153,0.695943094358493,0.582686724029446,"XLOC-019523#LRP12-HUMAN#Q9Y561",1
"GO:0098754","GO:0098754","detoxification","1/76","50/6213",0.02,1.635,0.501657259849526,0.460896234296153,0.695943094358493,0.582686724029446,"gene-evm.model.ptg000022l.478#GSH0-HUMAN#P48507",1
"GO:1903039","GO:1903039","positive regulation of leukocyte cell-cell adhesion","1/76","50/6213",0.02,1.635,0.501657259849526,0.460896234296153,0.695943094358493,0.582686724029446,"XLOC-016646#ADK-PHYPA#O49923",1
"GO:1903561","GO:1903561","extracellular vesicle","1/76","50/6213",0.02,1.635,0.501657259849526,0.460896234296153,0.695943094358493,0.582686724029446,"XLOC-019523#LRP12-HUMAN#Q9Y561",1
"GO:0006457","GO:0006457","protein folding","2/76","127/6213",0.015748031496063,1.28740157480315,0.364140922411455,0.462891702908144,0.69722113692169,0.583756780533141,"XLOC-009392#FKB14-HUMAN#Q9NWM8/XLOC-025644#PPIB-MOUSE#P24369",2
"GO:0048608","GO:0048608","reproductive structure development","4/76","286/6213",0.013986013986014,1.14335664335664,0.276202645867898,0.466180530028103,0.69722113692169,0.583756780533141,"gene-evm.model.ptg000022l.266#FCN1-MOUSE#O70165/XLOC-011296#FOXL2-ELLLU#Q4VUF1/XLOC-002878#LMX1B-XENLA#Q8UVR3/XLOC-009548#MSH4-HUMAN#O15457",4
"GO:0045665","GO:0045665","negative regulation of neuron differentiation","2/76","128/6213",0.015625,1.27734375,0.352807277542844,0.466970513533333,0.69722113692169,0.583756780533141,"XLOC-025696#FIBA-APOPA#P19477/XLOC-002878#LMX1B-XENLA#Q8UVR3",2
"GO:2001252","GO:2001252","positive regulation of chromosome organization","2/76","128/6213",0.015625,1.27734375,0.352807277542844,0.466970513533333,0.69722113692169,0.583756780533141,"XLOC-010929#MIB2-MOUSE#Q8R516/XLOC-025584#SMC5-HUMAN#Q8IY18",2
"GO:0001936","GO:0001936","regulation of endothelial cell proliferation","1/76","51/6213",0.0196078431372549,1.60294117647059,0.48110917931762,0.467544276839313,0.69722113692169,0.583756780533141,"XLOC-000896#ATOH8-HUMAN#Q96SQ7",1
"GO:0006282","GO:0006282","regulation of DNA repair","1/76","51/6213",0.0196078431372549,1.60294117647059,0.48110917931762,0.467544276839313,0.69722113692169,0.583756780533141,"XLOC-010929#MIB2-MOUSE#Q8R516",1
"GO:0008094","GO:0008094","ATP-dependent activity, acting on DNA","1/76","51/6213",0.0196078431372549,1.60294117647059,0.48110917931762,0.467544276839313,0.69722113692169,0.583756780533141,"XLOC-009548#MSH4-HUMAN#O15457",1
"GO:0008298","GO:0008298","intracellular mRNA localization","1/76","51/6213",0.0196078431372549,1.60294117647059,0.48110917931762,0.467544276839313,0.69722113692169,0.583756780533141,"gene-evm.model.ptg000031l.486#ELAV2-XENTR#Q28GD4",1
"GO:0014823","GO:0014823","response to activity","1/76","51/6213",0.0196078431372549,1.60294117647059,0.48110917931762,0.467544276839313,0.69722113692169,0.583756780533141,"gene-evm.model.ptg000022l.478#GSH0-HUMAN#P48507",1
"GO:0016811","GO:0016811","hydrolase activity, acting on carbon-nitrogen (but not peptide) bonds, in linear amides","1/76","51/6213",0.0196078431372549,1.60294117647059,0.48110917931762,0.467544276839313,0.69722113692169,0.583756780533141,"XLOC-004937#FOLH1-RAT#P70627",1
"GO:0019058","GO:0019058","viral life cycle","1/76","51/6213",0.0196078431372549,1.60294117647059,0.48110917931762,0.467544276839313,0.69722113692169,0.583756780533141,"gene-evm.model.ptg000012l.875#IMB1-HUMAN#Q14974",1
"GO:0019783","GO:0019783","ubiquitin-like protein peptidase activity","1/76","51/6213",0.0196078431372549,1.60294117647059,0.48110917931762,0.467544276839313,0.69722113692169,0.583756780533141,"XLOC-016437#UBP14-PANTR#P60051",1
"GO:0042490","GO:0042490","mechanoreceptor differentiation","1/76","51/6213",0.0196078431372549,1.60294117647059,0.48110917931762,0.467544276839313,0.69722113692169,0.583756780533141,"XLOC-019829#INS1A-DANRE#Q6P0F9",1
"GO:0045178","GO:0045178","basal part of cell","1/76","51/6213",0.0196078431372549,1.60294117647059,0.48110917931762,0.467544276839313,0.69722113692169,0.583756780533141,"XLOC-015788#OTOF-HUMAN#Q9HC10",1
"GO:0046128","GO:0046128","purine ribonucleoside metabolic process","1/76","51/6213",0.0196078431372549,1.60294117647059,0.48110917931762,0.467544276839313,0.69722113692169,0.583756780533141,"XLOC-016646#ADK-PHYPA#O49923",1
"GO:0050764","GO:0050764","regulation of phagocytosis","1/76","51/6213",0.0196078431372549,1.60294117647059,0.48110917931762,0.467544276839313,0.69722113692169,0.583756780533141,"XLOC-016600#SYT7-MOUSE#Q9R0N7",1
"GO:0050805","GO:0050805","negative regulation of synaptic transmission","1/76","51/6213",0.0196078431372549,1.60294117647059,0.48110917931762,0.467544276839313,0.69722113692169,0.583756780533141,"XLOC-025696#FIBA-APOPA#P19477",1
"GO:0002165","GO:0002165","instar larval or pupal development","4/76","288/6213",0.0138888888888889,1.13541666666667,0.261859686638988,0.471617444336267,0.701704381288803,0.587510430787698,"gene-evm.model.ptg000001l.686#SOX14-DANRE#Q32PP9/XLOC-000896#ATOH8-HUMAN#Q96SQ7/XLOC-022943#NR2E3-MOUSE#Q9QXZ7/XLOC-012287#SX19B-DANRE#Q9DDD7",4
"GO:0030545","GO:0030545","signaling receptor regulator activity","1/76","52/6213",0.0192307692307692,1.57211538461538,0.46100342490252,0.474111403577419,0.701704381288803,0.587510430787698,"XLOC-023724#ANGL7-MOUSE#Q8R1Q3",1
"GO:0030856","GO:0030856","regulation of epithelial cell differentiation","1/76","52/6213",0.0192307692307692,1.57211538461538,0.46100342490252,0.474111403577419,0.701704381288803,0.587510430787698,"XLOC-000896#ATOH8-HUMAN#Q96SQ7",1
"GO:0042278","GO:0042278","purine nucleoside metabolic process","1/76","52/6213",0.0192307692307692,1.57211538461538,0.46100342490252,0.474111403577419,0.701704381288803,0.587510430787698,"XLOC-016646#ADK-PHYPA#O49923",1
"GO:0051701","GO:0051701","biological process involved in interaction with host","1/76","52/6213",0.0192307692307692,1.57211538461538,0.46100342490252,0.474111403577419,0.701704381288803,0.587510430787698,"gene-evm.model.ptg000012l.875#IMB1-HUMAN#Q14974",1
"GO:0071347","GO:0071347","cellular response to interleukin-1","1/76","52/6213",0.0192307692307692,1.57211538461538,0.46100342490252,0.474111403577419,0.701704381288803,0.587510430787698,"XLOC-015229#M3K2-HUMAN#Q9Y2U5",1
"GO:0140029","GO:0140029","exocytic process","1/76","52/6213",0.0192307692307692,1.57211538461538,0.46100342490252,0.474111403577419,0.701704381288803,0.587510430787698,"XLOC-015788#OTOF-HUMAN#Q9HC10",1
"GO:0030054","GO:0030054","cell junction","4/76","289/6213",0.013840830449827,1.13148788927336,0.254725021952461,0.474328805951951,0.701704381288803,0.587510430787698,"XLOC-010099#KCNA1-HUMAN#Q09470/XLOC-010401#KCNAS-DROME#P08510/XLOC-025584#SMC5-HUMAN#Q8IY18/XLOC-021753#KCNA1-HUMAN#Q09470",4
"GO:0061458","GO:0061458","reproductive system development","4/76","289/6213",0.013840830449827,1.13148788927336,0.254725021952461,0.474328805951951,0.701704381288803,0.587510430787698,"gene-evm.model.ptg000022l.266#FCN1-MOUSE#O70165/XLOC-011296#FOXL2-ELLLU#Q4VUF1/XLOC-002878#LMX1B-XENLA#Q8UVR3/XLOC-009548#MSH4-HUMAN#O15457",4
"GO:0099081","GO:0099081","supramolecular polymer","4/76","289/6213",0.013840830449827,1.13148788927336,0.254725021952461,0.474328805951951,0.701704381288803,0.587510430787698,"XLOC-010099#KCNA1-HUMAN#Q09470/XLOC-010401#KCNAS-DROME#P08510/XLOC-012495#KCNK3-MOUSE#O35111/XLOC-021753#KCNA1-HUMAN#Q09470",4
"GO:0099512","GO:0099512","supramolecular fiber","4/76","289/6213",0.013840830449827,1.13148788927336,0.254725021952461,0.474328805951951,0.701704381288803,0.587510430787698,"XLOC-010099#KCNA1-HUMAN#Q09470/XLOC-010401#KCNAS-DROME#P08510/XLOC-012495#KCNK3-MOUSE#O35111/XLOC-021753#KCNA1-HUMAN#Q09470",4
"GO:0035770","GO:0035770","ribonucleoprotein granule","2/76","131/6213",0.0152671755725191,1.24809160305344,0.319351502121795,0.479098986358472,0.706884745861294,0.591847753316641,"gene-evm.model.ptg000012l.875#IMB1-HUMAN#Q14974/gene-evm.model.ptg000031l.486#ELAV2-XENTR#Q28GD4",2
"GO:0015718","GO:0015718","monocarboxylic acid transport","1/76","53/6213",0.0188679245283019,1.54245283018868,0.44132041324185,0.480598586393215,0.706884745861294,0.591847753316641,"XLOC-002280#CAC1A-APIME#C9D7C2",1
"GO:0019722","GO:0019722","calcium-mediated signaling","1/76","53/6213",0.0188679245283019,1.54245283018868,0.44132041324185,0.480598586393215,0.706884745861294,0.591847753316641,"XLOC-025955#MCTP1-MOUSE#E9PV86",1
"GO:0040001","GO:0040001","establishment of mitotic spindle localization","1/76","53/6213",0.0188679245283019,1.54245283018868,0.44132041324185,0.480598586393215,0.706884745861294,0.591847753316641,"gene-evm.model.ptg000012l.875#IMB1-HUMAN#Q14974",1
"GO:0043230","GO:0043230","extracellular organelle","1/76","53/6213",0.0188679245283019,1.54245283018868,0.44132041324185,0.480598586393215,0.706884745861294,0.591847753316641,"XLOC-019523#LRP12-HUMAN#Q9Y561",1
"GO:0090277","GO:0090277","positive regulation of peptide hormone secretion","1/76","53/6213",0.0188679245283019,1.54245283018868,0.44132041324185,0.480598586393215,0.706884745861294,0.591847753316641,"XLOC-016422#OX2R-MOUSE#P58308",1
"GO:1901343","GO:1901343","negative regulation of vasculature development","1/76","53/6213",0.0188679245283019,1.54245283018868,0.44132041324185,0.480598586393215,0.706884745861294,0.591847753316641,"XLOC-023724#ANGL7-MOUSE#Q8R1Q3",1
"GO:1903169","GO:1903169","regulation of calcium ion transmembrane transport","1/76","53/6213",0.0188679245283019,1.54245283018868,0.44132041324185,0.480598586393215,0.706884745861294,0.591847753316641,"XLOC-002280#CAC1A-APIME#C9D7C2",1
"GO:0006887","GO:0006887","exocytosis","5/76","372/6213",0.0134408602150538,1.09879032258065,0.218668753038958,0.481233198860058,0.707308939043956,0.592202914159481,"gene-evm.model.ptg000012l.875#IMB1-HUMAN#Q14974/XLOC-015788#OTOF-HUMAN#Q9HC10/XLOC-016600#SYT7-MOUSE#Q9R0N7/XLOC-002280#CAC1A-APIME#C9D7C2/XLOC-016498#SAP3-MOUSE#Q60648",5
"GO:0099080","GO:0099080","supramolecular complex","4/76","293/6213",0.0136518771331058,1.1160409556314,0.226427260179434,0.485124726640194,0.711824731050046,0.595983815316137,"XLOC-010099#KCNA1-HUMAN#Q09470/XLOC-010401#KCNAS-DROME#P08510/XLOC-012495#KCNK3-MOUSE#O35111/XLOC-021753#KCNA1-HUMAN#Q09470",4
"GO:0000381","GO:0000381","regulation of alternative mRNA splicing, via spliceosome","1/76","54/6213",0.0185185185185185,1.51388888888889,0.422041796990189,0.487006785652,0.711824731050046,0.595983815316137,"gene-evm.model.ptg000031l.486#ELAV2-XENTR#Q28GD4",1
"GO:0009145","GO:0009145","purine nucleoside triphosphate biosynthetic process","1/76","54/6213",0.0185185185185185,1.51388888888889,0.422041796990189,0.487006785652,0.711824731050046,0.595983815316137,"XLOC-016646#ADK-PHYPA#O49923",1
"GO:0021536","GO:0021536","diencephalon development","1/76","54/6213",0.0185185185185185,1.51388888888889,0.422041796990189,0.487006785652,0.711824731050046,0.595983815316137,"XLOC-025964#NEC1-HUMAN#P29120",1
"GO:0033135","GO:0033135","regulation of peptidyl-serine phosphorylation","1/76","54/6213",0.0185185185185185,1.51388888888889,0.422041796990189,0.487006785652,0.711824731050046,0.595983815316137,"XLOC-010031#ACHB4-BOVIN#Q8SPU6",1
"GO:0045444","GO:0045444","fat cell differentiation","1/76","54/6213",0.0185185185185185,1.51388888888889,0.422041796990189,0.487006785652,0.711824731050046,0.595983815316137,"XLOC-002381#LAMA1-HUMAN#P25391",1
"GO:0022407","GO:0022407","regulation of cell-cell adhesion","2/76","133/6213",0.0150375939849624,1.22932330827068,0.297486106212211,0.487092987766992,0.711824731050046,0.595983815316137,"XLOC-025696#FIBA-APOPA#P19477/XLOC-016646#ADK-PHYPA#O49923",2
"GO:0032103","GO:0032103","positive regulation of response to external stimulus","2/76","133/6213",0.0150375939849624,1.22932330827068,0.297486106212211,0.487092987766992,0.711824731050046,0.595983815316137,"XLOC-022943#NR2E3-MOUSE#Q9QXZ7/gene-evm.model.ptg000004l.40#FA5-MOUSE#O88783",2
"GO:0006897","GO:0006897","endocytosis","4/76","294/6213",0.0136054421768707,1.11224489795918,0.219412094248377,0.48781086142129,0.71236425295475,0.596435536518262,"XLOC-019523#LRP12-HUMAN#Q9Y561/XLOC-010031#ACHB4-BOVIN#Q8SPU6/XLOC-016600#SYT7-MOUSE#Q9R0N7/XLOC-015786#XLOC-015786",4
"GO:0043523","GO:0043523","regulation of neuron apoptotic process","2/76","134/6213",0.0149253731343284,1.22014925373134,0.286680400903707,0.491062024761208,0.716337874582096,0.599762499006057,"XLOC-002280#CAC1A-APIME#C9D7C2/gene-evm.model.ptg000022l.478#GSH0-HUMAN#P48507",2
"GO:0012506","GO:0012506","vesicle membrane","4/76","296/6213",0.0135135135135135,1.10472972972973,0.205451592391676,0.493167084050425,0.716337874582096,0.599762499006057,"XLOC-019523#LRP12-HUMAN#Q9Y561/gene-evm.model.ptg000031l.539#LIPP-ICTTR#O88354/XLOC-025955#MCTP1-MOUSE#E9PV86/XLOC-015788#OTOF-HUMAN#Q9HC10",4
"GO:0010951","GO:0010951","negative regulation of endopeptidase activity","1/76","55/6213",0.0181818181818182,1.48636363636364,0.403150365019258,0.493336950336274,0.716337874582096,0.599762499006057,"XLOC-016437#UBP14-PANTR#P60051",1
"GO:0030317","GO:0030317","flagellated sperm motility","1/76","55/6213",0.0181818181818182,1.48636363636364,0.403150365019258,0.493336950336274,0.716337874582096,0.599762499006057,"XLOC-010031#ACHB4-BOVIN#Q8SPU6",1
"GO:0032944","GO:0032944","regulation of mononuclear cell proliferation","1/76","55/6213",0.0181818181818182,1.48636363636364,0.403150365019258,0.493336950336274,0.716337874582096,0.599762499006057,"XLOC-016646#ADK-PHYPA#O49923",1
"GO:0043502","GO:0043502","regulation of muscle adaptation","1/76","55/6213",0.0181818181818182,1.48636363636364,0.403150365019258,0.493336950336274,0.716337874582096,0.599762499006057,"XLOC-016646#ADK-PHYPA#O49923",1
"GO:0050670","GO:0050670","regulation of lymphocyte proliferation","1/76","55/6213",0.0181818181818182,1.48636363636364,0.403150365019258,0.493336950336274,0.716337874582096,0.599762499006057,"XLOC-016646#ADK-PHYPA#O49923",1
"GO:0051881","GO:0051881","regulation of mitochondrial membrane potential","1/76","55/6213",0.0181818181818182,1.48636363636364,0.403150365019258,0.493336950336274,0.716337874582096,0.599762499006057,"gene-evm.model.ptg000022l.478#GSH0-HUMAN#P48507",1
"GO:0043583","GO:0043583","ear development","2/76","135/6213",0.0148148148148148,1.21111111111111,0.2759574263274,0.495012225561122,0.717765405864518,0.60095771673743,"XLOC-015788#OTOF-HUMAN#Q9HC10/XLOC-012495#KCNK3-MOUSE#O35111",2
"GO:0008047","GO:0008047","enzyme activator activity","3/76","216/6213",0.0138888888888889,1.13541666666667,0.225411686551588,0.495883289237388,0.717765405864518,0.60095771673743,"XLOC-023724#ANGL7-MOUSE#Q8R1Q3/XLOC-016498#SAP3-MOUSE#Q60648/XLOC-025588#RGRF1-HUMAN#Q13972",3
"GO:0030141","GO:0030141","secretory granule","5/76","379/6213",0.0131926121372032,1.07849604221636,0.175480397989727,0.497933773542375,0.717765405864518,0.60095771673743,"gene-evm.model.ptg000031l.539#LIPP-ICTTR#O88354/gene-evm.model.ptg000012l.875#IMB1-HUMAN#Q14974/XLOC-016600#SYT7-MOUSE#Q9R0N7/XLOC-016498#SAP3-MOUSE#Q60648/XLOC-025964#NEC1-HUMAN#P29120",5
"GO:0006665","GO:0006665","sphingolipid metabolic process","1/76","56/6213",0.0178571428571429,1.45982142857143,0.384629952351611,0.499590018178828,0.717765405864518,0.60095771673743,"XLOC-016498#SAP3-MOUSE#Q60648",1
"GO:0008238","GO:0008238","exopeptidase activity","1/76","56/6213",0.0178571428571429,1.45982142857143,0.384629952351611,0.499590018178828,0.717765405864518,0.60095771673743,"XLOC-004937#FOLH1-RAT#P70627",1
"GO:0030666","GO:0030666","endocytic vesicle membrane","1/76","56/6213",0.0178571428571429,1.45982142857143,0.384629952351611,0.499590018178828,0.717765405864518,0.60095771673743,"XLOC-019523#LRP12-HUMAN#Q9Y561",1
"GO:0042113","GO:0042113","B cell activation","1/76","56/6213",0.0178571428571429,1.45982142857143,0.384629952351611,0.499590018178828,0.717765405864518,0.60095771673743,"XLOC-010031#ACHB4-BOVIN#Q8SPU6",1
"GO:0042826","GO:0042826","histone deacetylase binding","1/76","56/6213",0.0178571428571429,1.45982142857143,0.384629952351611,0.499590018178828,0.717765405864518,0.60095771673743,"XLOC-019829#INS1A-DANRE#Q6P0F9",1
"GO:0043506","GO:0043506","regulation of JUN kinase activity","1/76","56/6213",0.0178571428571429,1.45982142857143,0.384629952351611,0.499590018178828,0.717765405864518,0.60095771673743,"XLOC-015229#M3K2-HUMAN#Q9Y2U5",1
"GO:0051117","GO:0051117","ATPase binding","1/76","56/6213",0.0178571428571429,1.45982142857143,0.384629952351611,0.499590018178828,0.717765405864518,0.60095771673743,"XLOC-010031#ACHB4-BOVIN#Q8SPU6",1
"GO:0070663","GO:0070663","regulation of leukocyte proliferation","1/76","56/6213",0.0178571428571429,1.45982142857143,0.384629952351611,0.499590018178828,0.717765405864518,0.60095771673743,"XLOC-016646#ADK-PHYPA#O49923",1
"GO:0072080","GO:0072080","nephron tubule development","1/76","56/6213",0.0178571428571429,1.45982142857143,0.384629952351611,0.499590018178828,0.717765405864518,0.60095771673743,"XLOC-019533#DMBT1-MOUSE#Q60997",1
"GO:0097722","GO:0097722","sperm motility","1/76","56/6213",0.0178571428571429,1.45982142857143,0.384629952351611,0.499590018178828,0.717765405864518,0.60095771673743,"XLOC-010031#ACHB4-BOVIN#Q8SPU6",1
"GO:1903036","GO:1903036","positive regulation of response to wounding","1/76","56/6213",0.0178571428571429,1.45982142857143,0.384629952351611,0.499590018178828,0.717765405864518,0.60095771673743,"gene-evm.model.ptg000004l.40#FA5-MOUSE#O88783",1
"GO:2001243","GO:2001243","negative regulation of intrinsic apoptotic signaling pathway","1/76","56/6213",0.0178571428571429,1.45982142857143,0.384629952351611,0.499590018178828,0.717765405864518,0.60095771673743,"XLOC-027115#TXD12-EPICO#H9D1R1",1
"GO:0008584","GO:0008584","male gonad development","1/76","57/6213",0.0175438596491228,1.43421052631579,0.366465358721847,0.505766915794291,0.723586700957799,0.60583166605169,"XLOC-011296#FOXL2-ELLLU#Q4VUF1",1
"GO:0010466","GO:0010466","negative regulation of peptidase activity","1/76","57/6213",0.0175438596491228,1.43421052631579,0.366465358721847,0.505766915794291,0.723586700957799,0.60583166605169,"XLOC-016437#UBP14-PANTR#P60051",1
"GO:0019218","GO:0019218","regulation of steroid metabolic process","1/76","57/6213",0.0175438596491228,1.43421052631579,0.366465358721847,0.505766915794291,0.723586700957799,0.60583166605169,"gene-evm.model.ptg000012l.875#IMB1-HUMAN#Q14974",1
"GO:0035578","GO:0035578","azurophil granule lumen","1/76","57/6213",0.0175438596491228,1.43421052631579,0.366465358721847,0.505766915794291,0.723586700957799,0.60583166605169,"XLOC-016498#SAP3-MOUSE#Q60648",1
"GO:0040018","GO:0040018","positive regulation of multicellular organism growth","1/76","57/6213",0.0175438596491228,1.43421052631579,0.366465358721847,0.505766915794291,0.723586700957799,0.60583166605169,"XLOC-025644#PPIB-MOUSE#P24369",1
"GO:0050731","GO:0050731","positive regulation of peptidyl-tyrosine phosphorylation","1/76","57/6213",0.0175438596491228,1.43421052631579,0.366465358721847,0.505766915794291,0.723586700957799,0.60583166605169,"XLOC-023724#ANGL7-MOUSE#Q8R1Q3",1
"GO:0030139","GO:0030139","endocytic vesicle","2/76","138/6213",0.0144927536231884,1.18478260869565,0.244271024631634,0.506748465692474,0.724483635696098,0.606582635446407,"XLOC-019523#LRP12-HUMAN#Q9Y561/XLOC-016600#SYT7-MOUSE#Q9R0N7",2
"GO:0071496","GO:0071496","cellular response to external stimulus","3/76","220/6213",0.0136363636363636,1.11477272727273,0.192873411044011,0.50827038432738,0.726151325301285,0.607978928621268,"XLOC-015229#M3K2-HUMAN#Q9Y2U5/XLOC-014487#KCND1-MOUSE#Q03719/XLOC-015804#TRPC5-HUMAN#Q9UL62",3
"GO:0045017","GO:0045017","glycerolipid biosynthetic process","2/76","139/6213",0.0143884892086331,1.17625899280576,0.233865278872698,0.51062200641331,0.726213517810519,0.60803100004745,"XLOC-022043#MOG2A-XENLA#Q2KHS5/XLOC-008865#PTN13-HUMAN#Q12923",2
"GO:0006915","GO:0006915","apoptotic process","4/76","303/6213",0.0132013201320132,1.07920792079208,0.15730431832085,0.511736328236577,0.726213517810519,0.60803100004745,"gene-evm.model.ptg000012l.875#IMB1-HUMAN#Q14974/XLOC-011296#FOXL2-ELLLU#Q4VUF1/XLOC-016422#OX2R-MOUSE#P58308/gene-evm.model.ptg000022l.478#GSH0-HUMAN#P48507",4
"GO:0007254","GO:0007254","JNK cascade","1/76","58/6213",0.0172413793103448,1.40948275862069,0.348642274802152,0.511868558809176,0.726213517810519,0.60803100004745,"XLOC-015229#M3K2-HUMAN#Q9Y2U5",1
"GO:0015081","GO:0015081","sodium ion transmembrane transporter activity","1/76","58/6213",0.0172413793103448,1.40948275862069,0.348642274802152,0.511868558809176,0.726213517810519,0.60803100004745,"XLOC-023758#S6A19-RAT#Q2A865",1
"GO:0035725","GO:0035725","sodium ion transmembrane transport","1/76","58/6213",0.0172413793103448,1.40948275862069,0.348642274802152,0.511868558809176,0.726213517810519,0.60803100004745,"XLOC-023758#S6A19-RAT#Q2A865",1
"GO:0042157","GO:0042157","lipoprotein metabolic process","1/76","58/6213",0.0172413793103448,1.40948275862069,0.348642274802152,0.511868558809176,0.726213517810519,0.60803100004745,"XLOC-019525#ABD12-DANRE#Q08C93",1
"GO:0046546","GO:0046546","development of primary male sexual characteristics","1/76","58/6213",0.0172413793103448,1.40948275862069,0.348642274802152,0.511868558809176,0.726213517810519,0.60803100004745,"XLOC-011296#FOXL2-ELLLU#Q4VUF1",1
"GO:0050921","GO:0050921","positive regulation of chemotaxis","1/76","58/6213",0.0172413793103448,1.40948275862069,0.348642274802152,0.511868558809176,0.726213517810519,0.60803100004745,"XLOC-022943#NR2E3-MOUSE#Q9QXZ7",1
"GO:0071356","GO:0071356","cellular response to tumor necrosis factor","1/76","58/6213",0.0172413793103448,1.40948275862069,0.348642274802152,0.511868558809176,0.726213517810519,0.60803100004745,"XLOC-022211#ARLY-AQUCT#P51464",1
"GO:2001236","GO:2001236","regulation of extrinsic apoptotic signaling pathway","1/76","58/6213",0.0172413793103448,1.40948275862069,0.348642274802152,0.511868558809176,0.726213517810519,0.60803100004745,"gene-evm.model.ptg000022l.478#GSH0-HUMAN#P48507",1
"GO:0008219","GO:0008219","cell death","5/76","386/6213",0.0129533678756477,1.0589378238342,0.133048412687624,0.514444446809772,0.728900580360579,0.610280775477725,"gene-evm.model.ptg000012l.875#IMB1-HUMAN#Q14974/XLOC-011296#FOXL2-ELLLU#Q4VUF1/XLOC-002280#CAC1A-APIME#C9D7C2/XLOC-016422#OX2R-MOUSE#P58308/gene-evm.model.ptg000022l.478#GSH0-HUMAN#P48507",5
"GO:0004175","GO:0004175","endopeptidase activity","2/76","140/6213",0.0142857142857143,1.16785714285714,0.223535581329442,0.514476082662729,0.728900580360579,0.610280775477725,"XLOC-016437#UBP14-PANTR#P60051/XLOC-025964#NEC1-HUMAN#P29120",2
"GO:0016798","GO:0016798","hydrolase activity, acting on glycosyl bonds","1/76","59/6213",0.0169491525423729,1.38559322033898,0.331147215251205,0.517895851990412,0.731210245761168,0.612214570606641,"XLOC-016498#SAP3-MOUSE#Q60648",1
"GO:0031100","GO:0031100","animal organ regeneration","1/76","59/6213",0.0169491525423729,1.38559322033898,0.331147215251205,0.517895851990412,0.731210245761168,0.612214570606641,"XLOC-016422#OX2R-MOUSE#P58308",1
"GO:0032993","GO:0032993","protein-DNA complex","1/76","59/6213",0.0169491525423729,1.38559322033898,0.331147215251205,0.517895851990412,0.731210245761168,0.612214570606641,"XLOC-010929#MIB2-MOUSE#Q8R516",1
"GO:0048524","GO:0048524","positive regulation of viral process","1/76","59/6213",0.0169491525423729,1.38559322033898,0.331147215251205,0.517895851990412,0.731210245761168,0.612214570606641,"XLOC-025644#PPIB-MOUSE#P24369",1
"GO:0070374","GO:0070374","positive regulation of ERK1 and ERK2 cascade","1/76","59/6213",0.0169491525423729,1.38559322033898,0.331147215251205,0.517895851990412,0.731210245761168,0.612214570606641,"XLOC-010031#ACHB4-BOVIN#Q8SPU6",1
"GO:0001227","GO:0001227","DNA-binding transcription repressor activity, RNA polymerase II-specific","1/76","60/6213",0.0166666666666667,1.3625,0.313967457850407,0.523849689372396,0.737069500955788,0.617120302472193,"XLOC-019829#INS1A-DANRE#Q6P0F9",1
"GO:0042383","GO:0042383","sarcolemma","1/76","60/6213",0.0166666666666667,1.3625,0.313967457850407,0.523849689372396,0.737069500955788,0.617120302472193,"XLOC-014487#KCND1-MOUSE#Q03719",1
"GO:0048103","GO:0048103","somatic stem cell division","1/76","60/6213",0.0166666666666667,1.3625,0.313967457850407,0.523849689372396,0.737069500955788,0.617120302472193,"XLOC-019829#INS1A-DANRE#Q6P0F9",1
"GO:1902882","GO:1902882","regulation of response to oxidative stress","1/76","60/6213",0.0166666666666667,1.3625,0.313967457850407,0.523849689372396,0.737069500955788,0.617120302472193,"XLOC-025955#MCTP1-MOUSE#E9PV86",1
"GO:1903900","GO:1903900","regulation of viral life cycle","1/76","60/6213",0.0166666666666667,1.3625,0.313967457850407,0.523849689372396,0.737069500955788,0.617120302472193,"XLOC-025644#PPIB-MOUSE#P24369",1
"GO:0016477","GO:0016477","cell migration","6/76","473/6213",0.0126849894291755,1.0369978858351,0.093152816436939,0.525284507729438,0.7385796622789,0.618384703198709,"XLOC-023724#ANGL7-MOUSE#Q8R1Q3/XLOC-025696#FIBA-APOPA#P19477/XLOC-019533#DMBT1-MOUSE#Q60997/XLOC-002878#LMX1B-XENLA#Q8UVR3/XLOC-016422#OX2R-MOUSE#P58308/XLOC-019829#INS1A-DANRE#Q6P0F9",6
"GO:0052548","GO:0052548","regulation of endopeptidase activity","2/76","143/6213",0.013986013986014,1.14335664335664,0.192990510451826,0.525920467240642,0.738965278248027,0.618707564805649,"XLOC-011296#FOXL2-ELLLU#Q4VUF1/XLOC-016437#UBP14-PANTR#P60051",2
"GO:0030155","GO:0030155","regulation of cell adhesion","3/76","227/6213",0.013215859030837,1.08039647577093,0.137317548661731,0.529573953984783,0.740127692254118,0.619680809909545,"gene-evm.model.ptg000022l.266#FCN1-MOUSE#O70165/XLOC-025696#FIBA-APOPA#P19477/XLOC-016646#ADK-PHYPA#O49923",3
"GO:0007350","GO:0007350","blastoderm segmentation","2/76","144/6213",0.0138888888888889,1.13541666666667,0.182952881752961,0.529695655104074,0.740127692254118,0.619680809909545,"gene-evm.model.ptg000001l.686#SOX14-DANRE#Q32PP9/XLOC-012287#SX19B-DANRE#Q9DDD7",2
"GO:0001947","GO:0001947","heart looping","1/76","61/6213",0.0163934426229508,1.34016393442623,0.297090988081698,0.529730954382585,0.740127692254118,0.619680809909545,"XLOC-000896#ATOH8-HUMAN#Q96SQ7",1
"GO:0005814","GO:0005814","centriole","1/76","61/6213",0.0163934426229508,1.34016393442623,0.297090988081698,0.529730954382585,0.740127692254118,0.619680809909545,"XLOC-020365#PA2-BOMTE#P82971",1
"GO:0006865","GO:0006865","amino acid transport","1/76","61/6213",0.0163934426229508,1.34016393442623,0.297090988081698,0.529730954382585,0.740127692254118,0.619680809909545,"XLOC-002280#CAC1A-APIME#C9D7C2",1
"GO:0008135","GO:0008135","translation factor activity, RNA binding","1/76","61/6213",0.0163934426229508,1.34016393442623,0.297090988081698,0.529730954382585,0.740127692254118,0.619680809909545,"XLOC-026511#CPEB4-DANRE#Q7SXN4",1
"GO:0010565","GO:0010565","regulation of ketone metabolic process","1/76","61/6213",0.0163934426229508,1.34016393442623,0.297090988081698,0.529730954382585,0.740127692254118,0.619680809909545,"XLOC-002280#CAC1A-APIME#C9D7C2",1
"GO:0036465","GO:0036465","synaptic vesicle recycling","1/76","61/6213",0.0163934426229508,1.34016393442623,0.297090988081698,0.529730954382585,0.740127692254118,0.619680809909545,"XLOC-016600#SYT7-MOUSE#Q9R0N7",1
"GO:0043604","GO:0043604","amide biosynthetic process","4/76","310/6213",0.0129032258064516,1.05483870967742,0.110223993266469,0.530008229940173,0.740127692254118,0.619680809909545,"XLOC-022211#ARLY-AQUCT#P51464/XLOC-026511#CPEB4-DANRE#Q7SXN4/XLOC-025964#NEC1-HUMAN#P29120/gene-evm.model.ptg000022l.478#GSH0-HUMAN#P48507",4
"GO:0045087","GO:0045087","innate immune response","2/76","145/6213",0.0137931034482759,1.12758620689655,0.172985379731635,0.533450889695022,0.744426344021128,0.623279907790057,"XLOC-022211#ARLY-AQUCT#P51464/gene-evm.model.ptg000001l.946#AQP9-HUMAN#O43315",2
"GO:0044344","GO:0044344","cellular response to fibroblast growth factor stimulus","1/76","62/6213",0.0161290322580645,1.31854838709677,0.280506448579139,0.535540519965635,0.746832274600541,0.625294302097473,"gene-evm.model.ptg000022l.478#GSH0-HUMAN#P48507",1
"GO:0009142","GO:0009142","nucleoside triphosphate biosynthetic process","1/76","63/6213",0.0158730158730159,1.29761904761905,0.264203092953922,0.541279248706102,0.752779785640957,0.630273927231139,"XLOC-016646#ADK-PHYPA#O49923",1
"GO:0035315","GO:0035315","hair cell differentiation","1/76","63/6213",0.0158730158730159,1.29761904761905,0.264203092953922,0.541279248706102,0.752779785640957,0.630273927231139,"XLOC-019829#INS1A-DANRE#Q6P0F9",1
"GO:0045335","GO:0045335","phagocytic vesicle","1/76","63/6213",0.0158730158730159,1.29761904761905,0.264203092953922,0.541279248706102,0.752779785640957,0.630273927231139,"XLOC-016600#SYT7-MOUSE#Q9R0N7",1
"GO:0071774","GO:0071774","response to fibroblast growth factor","1/76","63/6213",0.0158730158730159,1.29761904761905,0.264203092953922,0.541279248706102,0.752779785640957,0.630273927231139,"gene-evm.model.ptg000022l.478#GSH0-HUMAN#P48507",1
"GO:0006351","GO:0006351","DNA-templated transcription","5/76","400/6213",0.0125,1.021875,0.0503294696374159,0.546811288834614,0.758597929121729,0.635145237819929,"XLOC-013651#ETV1-BOVIN#Q2KIC2/XLOC-011296#FOXL2-ELLLU#Q4VUF1/XLOC-013049#PTF1A-DANRE#Q7ZSX3/XLOC-002878#LMX1B-XENLA#Q8UVR3/XLOC-012420#RFX6-DANRE#Q5RJA1",5
"GO:0034612","GO:0034612","response to tumor necrosis factor","1/76","64/6213",0.015625,1.27734375,0.248170743550871,0.546947992949734,0.758597929121729,0.635145237819929,"XLOC-022211#ARLY-AQUCT#P51464",1
"GO:0042177","GO:0042177","negative regulation of protein catabolic process","1/76","64/6213",0.015625,1.27734375,0.248170743550871,0.546947992949734,0.758597929121729,0.635145237819929,"XLOC-016437#UBP14-PANTR#P60051",1
"GO:0046683","GO:0046683","response to organophosphorus","1/76","64/6213",0.015625,1.27734375,0.248170743550871,0.546947992949734,0.758597929121729,0.635145237819929,"XLOC-022211#ARLY-AQUCT#P51464",1
"GO:0051961","GO:0051961","negative regulation of nervous system development","3/76","233/6213",0.0128755364806867,1.05257510729614,0.0910231779470622,0.547434335813066,0.758757359610647,0.635278722913827,"XLOC-025696#FIBA-APOPA#P19477/XLOC-002878#LMX1B-XENLA#Q8UVR3/XLOC-012420#RFX6-DANRE#Q5RJA1",3
"GO:1901605","GO:1901605","alpha-amino acid metabolic process","2/76","149/6213",0.0134228187919463,1.09731543624161,0.133794952512099,0.548270722766277,0.759126079087891,0.63558743772977,"XLOC-022211#ARLY-AQUCT#P51464/gene-evm.model.ptg000022l.478#GSH0-HUMAN#P48507",2
"GO:0042803","GO:0042803","protein homodimerization activity","6/76","484/6213",0.012396694214876,1.01342975206612,0.0342370015677636,0.548443510882882,0.759126079087891,0.63558743772977,"XLOC-019523#LRP12-HUMAN#Q9Y561/XLOC-019965#SYT14-HUMAN#Q8NB59/XLOC-010031#ACHB4-BOVIN#Q8SPU6/gene-evm.model.ptg000031l.486#ELAV2-XENTR#Q28GD4/XLOC-010449#GCY8E-DROME#Q8INF0/XLOC-012495#KCNK3-MOUSE#O35111",6
"GO:0008092","GO:0008092","cytoskeletal protein binding","5/76","402/6213",0.0124378109452736,1.01679104477612,0.0387355535471914,0.551356939734181,0.762641995854389,0.638531181319207,"XLOC-010099#KCNA1-HUMAN#Q09470/XLOC-019642#CALM-MACPY#Q40302/XLOC-010401#KCNAS-DROME#P08510/XLOC-015804#TRPC5-HUMAN#Q9UL62/XLOC-021753#KCNA1-HUMAN#Q09470",5
"GO:0007631","GO:0007631","feeding behavior","1/76","65/6213",0.0153846153846154,1.25769230769231,0.232399752745426,0.552547594923359,0.762739686775961,0.638612974217965,"XLOC-016422#OX2R-MOUSE#P58308",1
"GO:0008217","GO:0008217","regulation of blood pressure","1/76","65/6213",0.0153846153846154,1.25769230769231,0.232399752745426,0.552547594923359,0.762739686775961,0.638612974217965,"XLOC-010031#ACHB4-BOVIN#Q8SPU6",1
"GO:0016705","GO:0016705","oxidoreductase activity, acting on paired donors, with incorporation or reduction of molecular oxygen","1/76","65/6213",0.0153846153846154,1.25769230769231,0.232399752745426,0.552547594923359,0.762739686775961,0.638612974217965,"XLOC-022254#P4HTM-HUMAN#Q9NXG6",1
"GO:0032774","GO:0032774","RNA biosynthetic process","5/76","403/6213",0.0124069478908189,1.01426799007444,0.0329588244675173,0.553621989281094,0.763706768468113,0.639422674993267,"XLOC-013651#ETV1-BOVIN#Q2KIC2/XLOC-011296#FOXL2-ELLLU#Q4VUF1/XLOC-013049#PTF1A-DANRE#Q7ZSX3/XLOC-002878#LMX1B-XENLA#Q8UVR3/XLOC-012420#RFX6-DANRE#Q5RJA1",5
"GO:0032940","GO:0032940","secretion by cell","6/76","487/6213",0.0123203285420945,1.00718685831622,0.0183832523946118,0.554678442436586,0.764132203572452,0.639778875649965,"gene-evm.model.ptg000012l.875#IMB1-HUMAN#Q14974/XLOC-015788#OTOF-HUMAN#Q9HC10/XLOC-016600#SYT7-MOUSE#Q9R0N7/XLOC-002280#CAC1A-APIME#C9D7C2/XLOC-016422#OX2R-MOUSE#P58308/XLOC-016498#SAP3-MOUSE#Q60648",6
"GO:0045597","GO:0045597","positive regulation of cell differentiation","6/76","487/6213",0.0123203285420945,1.00718685831622,0.0183832523946118,0.554678442436586,0.764132203572452,0.639778875649965,"gene-evm.model.ptg000031l.486#ELAV2-XENTR#Q28GD4/XLOC-002878#LMX1B-XENLA#Q8UVR3/XLOC-000896#ATOH8-HUMAN#Q96SQ7/XLOC-022943#NR2E3-MOUSE#Q9QXZ7/XLOC-019829#INS1A-DANRE#Q6P0F9/gene-evm.model.ptg000004l.40#FA5-MOUSE#O88783",6
"GO:0009127","GO:0009127","purine nucleoside monophosphate biosynthetic process","1/76","66/6213",0.0151515151515152,1.23863636363636,0.21688096743434,0.558078886853389,0.764770248877417,0.640313086753641,"XLOC-016646#ADK-PHYPA#O49923",1
"GO:0009168","GO:0009168","purine ribonucleoside monophosphate biosynthetic process","1/76","66/6213",0.0151515151515152,1.23863636363636,0.21688096743434,0.558078886853389,0.764770248877417,0.640313086753641,"XLOC-016646#ADK-PHYPA#O49923",1
"GO:0022409","GO:0022409","positive regulation of cell-cell adhesion","1/76","66/6213",0.0151515151515152,1.23863636363636,0.21688096743434,0.558078886853389,0.764770248877417,0.640313086753641,"XLOC-016646#ADK-PHYPA#O49923",1
"GO:0050680","GO:0050680","negative regulation of epithelial cell proliferation","1/76","66/6213",0.0151515151515152,1.23863636363636,0.21688096743434,0.558078886853389,0.764770248877417,0.640313086753641,"XLOC-000896#ATOH8-HUMAN#Q96SQ7",1
"GO:0051293","GO:0051293","establishment of spindle localization","1/76","66/6213",0.0151515151515152,1.23863636363636,0.21688096743434,0.558078886853389,0.764770248877417,0.640313086753641,"gene-evm.model.ptg000012l.875#IMB1-HUMAN#Q14974",1
"GO:0051668","GO:0051668","localization within membrane","1/76","66/6213",0.0151515151515152,1.23863636363636,0.21688096743434,0.558078886853389,0.764770248877417,0.640313086753641,"XLOC-002280#CAC1A-APIME#C9D7C2",1
"GO:0070192","GO:0070192","chromosome organization involved in meiotic cell cycle","1/76","66/6213",0.0151515151515152,1.23863636363636,0.21688096743434,0.558078886853389,0.764770248877417,0.640313086753641,"XLOC-009548#MSH4-HUMAN#O15457",1
"GO:0003002","GO:0003002","regionalization","5/76","405/6213",0.0123456790123457,1.00925925925926,0.0214454374883157,0.558136290296735,0.764770248877417,0.640313086753641,"gene-evm.model.ptg000001l.686#SOX14-DANRE#Q32PP9/XLOC-002878#LMX1B-XENLA#Q8UVR3/XLOC-012420#RFX6-DANRE#Q5RJA1/XLOC-000896#ATOH8-HUMAN#Q96SQ7/XLOC-012287#SX19B-DANRE#Q9DDD7",5
"GO:0009953","GO:0009953","dorsal/ventral pattern formation","2/76","153/6213",0.0130718954248366,1.06862745098039,0.0956426783793231,0.562765579878329,0.769083311878742,0.643924250613369,"XLOC-002878#LMX1B-XENLA#Q8UVR3/XLOC-012420#RFX6-DANRE#Q5RJA1",2
"GO:0000723","GO:0000723","telomere maintenance","1/76","67/6213",0.0149253731343284,1.22014925373134,0.20160569641205,0.563542691082955,0.769083311878742,0.643924250613369,"XLOC-025584#SMC5-HUMAN#Q8IY18",1
"GO:0007040","GO:0007040","lysosome organization","1/76","67/6213",0.0149253731343284,1.22014925373134,0.20160569641205,0.563542691082955,0.769083311878742,0.643924250613369,"XLOC-016600#SYT7-MOUSE#Q9R0N7",1
"GO:0043488","GO:0043488","regulation of mRNA stability","1/76","67/6213",0.0149253731343284,1.22014925373134,0.20160569641205,0.563542691082955,0.769083311878742,0.643924250613369,"gene-evm.model.ptg000031l.486#ELAV2-XENTR#Q28GD4",1
"GO:0051082","GO:0051082","unfolded protein binding","1/76","67/6213",0.0149253731343284,1.22014925373134,0.20160569641205,0.563542691082955,0.769083311878742,0.643924250613369,"XLOC-025644#PPIB-MOUSE#P24369",1
"GO:0080171","GO:0080171","lytic vacuole organization","1/76","67/6213",0.0149253731343284,1.22014925373134,0.20160569641205,0.563542691082955,0.769083311878742,0.643924250613369,"XLOC-016600#SYT7-MOUSE#Q9R0N7",1
"GO:0006814","GO:0006814","sodium ion transport","1/76","68/6213",0.0147058823529412,1.20220588235294,0.186565680358527,0.568939820187689,0.773864216140778,0.647927120194124,"XLOC-023758#S6A19-RAT#Q2A865",1
"GO:0009119","GO:0009119","ribonucleoside metabolic process","1/76","68/6213",0.0147058823529412,1.20220588235294,0.186565680358527,0.568939820187689,0.773864216140778,0.647927120194124,"XLOC-016646#ADK-PHYPA#O49923",1
"GO:0031348","GO:0031348","negative regulation of defense response","1/76","68/6213",0.0147058823529412,1.20220588235294,0.186565680358527,0.568939820187689,0.773864216140778,0.647927120194124,"XLOC-010031#ACHB4-BOVIN#Q8SPU6",1
"GO:0071466","GO:0071466","cellular response to xenobiotic stimulus","1/76","68/6213",0.0147058823529412,1.20220588235294,0.186565680358527,0.568939820187689,0.773864216140778,0.647927120194124,"XLOC-022211#ARLY-AQUCT#P51464",1
"GO:1900006","GO:1900006","positive regulation of dendrite development","1/76","68/6213",0.0147058823529412,1.20220588235294,0.186565680358527,0.568939820187689,0.773864216140778,0.647927120194124,"gene-evm.model.ptg000031l.486#ELAV2-XENTR#Q28GD4",1
"GO:0048565","GO:0048565","digestive tract development","2/76","155/6213",0.0129032258064516,1.05483870967742,0.0769365840924754,0.569890052502705,0.774640969569545,0.64857746634233,"XLOC-022211#ARLY-AQUCT#P51464/XLOC-016422#OX2R-MOUSE#P58308",2
"GO:0007476","GO:0007476","imaginal disc-derived wing morphogenesis","2/76","156/6213",0.0128205128205128,1.04807692307692,0.0676728762559121,0.573421400001512,0.776977357943851,0.650533635602317,"XLOC-000896#ATOH8-HUMAN#Q96SQ7/XLOC-022943#NR2E3-MOUSE#Q9QXZ7",2
"GO:0045860","GO:0045860","positive regulation of protein kinase activity","3/76","242/6213",0.012396694214876,1.01342975206612,0.0237135514306685,0.573492621148692,0.776977357943851,0.650533635602317,"XLOC-015229#M3K2-HUMAN#Q9Y2U5/XLOC-023724#ANGL7-MOUSE#Q8R1Q3/XLOC-010031#ACHB4-BOVIN#Q8SPU6",3
"GO:0003143","GO:0003143","embryonic heart tube morphogenesis","1/76","69/6213",0.0144927536231884,1.18478260869565,0.171753064194117,0.574271077090169,0.776977357943851,0.650533635602317,"XLOC-000896#ATOH8-HUMAN#Q96SQ7",1
"GO:0006606","GO:0006606","protein import into nucleus","1/76","69/6213",0.0144927536231884,1.18478260869565,0.171753064194117,0.574271077090169,0.776977357943851,0.650533635602317,"gene-evm.model.ptg000012l.875#IMB1-HUMAN#Q14974",1
"GO:0030326","GO:0030326","embryonic limb morphogenesis","1/76","69/6213",0.0144927536231884,1.18478260869565,0.171753064194117,0.574271077090169,0.776977357943851,0.650533635602317,"XLOC-002878#LMX1B-XENLA#Q8UVR3",1
"GO:0032200","GO:0032200","telomere organization","1/76","69/6213",0.0144927536231884,1.18478260869565,0.171753064194117,0.574271077090169,0.776977357943851,0.650533635602317,"XLOC-025584#SMC5-HUMAN#Q8IY18",1
"GO:0042445","GO:0042445","hormone metabolic process","1/76","69/6213",0.0144927536231884,1.18478260869565,0.171753064194117,0.574271077090169,0.776977357943851,0.650533635602317,"XLOC-025964#NEC1-HUMAN#P29120",1
"GO:0052547","GO:0052547","regulation of peptidase activity","2/76","157/6213",0.0127388535031847,1.04140127388535,0.0584675714724551,0.576932108619444,0.779970100341578,0.653039345160659,"XLOC-011296#FOXL2-ELLLU#Q4VUF1/XLOC-016437#UBP14-PANTR#P60051",2
"GO:0007293","GO:0007293","germarium-derived egg chamber formation","1/76","70/6213",0.0142857142857143,1.16785714285714,0.157160371582991,0.579537255173038,0.779970100341578,0.653039345160659,"gene-evm.model.ptg000031l.486#ELAV2-XENTR#Q28GD4",1
"GO:0017022","GO:0017022","myosin binding","1/76","70/6213",0.0142857142857143,1.16785714285714,0.157160371582991,0.579537255173038,0.779970100341578,0.653039345160659,"XLOC-019642#CALM-MACPY#Q40302",1
"GO:0030522","GO:0030522","intracellular receptor signaling pathway","1/76","70/6213",0.0142857142857143,1.16785714285714,0.157160371582991,0.579537255173038,0.779970100341578,0.653039345160659,"XLOC-013049#PTF1A-DANRE#Q7ZSX3",1
"GO:0051291","GO:0051291","protein heterooligomerization","1/76","70/6213",0.0142857142857143,1.16785714285714,0.157160371582991,0.579537255173038,0.779970100341578,0.653039345160659,"XLOC-014487#KCND1-MOUSE#Q03719",1
"GO:0051653","GO:0051653","spindle localization","1/76","70/6213",0.0142857142857143,1.16785714285714,0.157160371582991,0.579537255173038,0.779970100341578,0.653039345160659,"gene-evm.model.ptg000012l.875#IMB1-HUMAN#Q14974",1
"GO:0061371","GO:0061371","determination of heart left/right asymmetry","1/76","70/6213",0.0142857142857143,1.16785714285714,0.157160371582991,0.579537255173038,0.779970100341578,0.653039345160659,"XLOC-000896#ATOH8-HUMAN#Q96SQ7",1
"GO:1903037","GO:1903037","regulation of leukocyte cell-cell adhesion","1/76","70/6213",0.0142857142857143,1.16785714285714,0.157160371582991,0.579537255173038,0.779970100341578,0.653039345160659,"XLOC-016646#ADK-PHYPA#O49923",1
"GO:0044283","GO:0044283","small molecule biosynthetic process","4/76","330/6213",0.0121212121212121,0.990909090909091,-0.0188846664543048,0.580359333859559,0.780562290372008,0.653535163384348,"XLOC-022211#ARLY-AQUCT#P51464/XLOC-002878#LMX1B-XENLA#Q8UVR3/XLOC-016646#ADK-PHYPA#O49923/XLOC-004937#FOLH1-RAT#P70627",4
"GO:0007369","GO:0007369","gastrulation","2/76","159/6213",0.0125786163522013,1.02830188679245,0.0402288114213503,0.583891493290092,0.782388470090928,0.655064154312677,"gene-evm.model.ptg000031l.486#ELAV2-XENTR#Q28GD4/XLOC-000896#ATOH8-HUMAN#Q96SQ7",2
"GO:0007472","GO:0007472","wing disc morphogenesis","2/76","159/6213",0.0125786163522013,1.02830188679245,0.0402288114213503,0.583891493290092,0.782388470090928,0.655064154312677,"XLOC-000896#ATOH8-HUMAN#Q96SQ7/XLOC-022943#NR2E3-MOUSE#Q9QXZ7",2
"GO:0043405","GO:0043405","regulation of MAP kinase activity","2/76","159/6213",0.0125786163522013,1.02830188679245,0.0402288114213503,0.583891493290092,0.782388470090928,0.655064154312677,"XLOC-015229#M3K2-HUMAN#Q9Y2U5/XLOC-010031#ACHB4-BOVIN#Q8SPU6",2
"GO:0098813","GO:0098813","nuclear chromosome segregation","2/76","159/6213",0.0125786163522013,1.02830188679245,0.0402288114213503,0.583891493290092,0.782388470090928,0.655064154312677,"gene-evm.model.ptg000012l.875#IMB1-HUMAN#Q14974/XLOC-009548#MSH4-HUMAN#O15457",2
"GO:0007338","GO:0007338","single fertilization","1/76","71/6213",0.0140845070422535,1.15140845070423,0.142780481389772,0.584739138390822,0.782388470090928,0.655064154312677,"XLOC-011296#FOXL2-ELLLU#Q4VUF1",1
"GO:0072009","GO:0072009","nephron epithelium development","1/76","71/6213",0.0140845070422535,1.15140845070423,0.142780481389772,0.584739138390822,0.782388470090928,0.655064154312677,"XLOC-019533#DMBT1-MOUSE#Q60997",1
"GO:0090263","GO:0090263","positive regulation of canonical Wnt signaling pathway","1/76","71/6213",0.0140845070422535,1.15140845070423,0.142780481389772,0.584739138390822,0.782388470090928,0.655064154312677,"XLOC-002878#LMX1B-XENLA#Q8UVR3",1
"GO:0035107","GO:0035107","appendage morphogenesis","3/76","246/6213",0.0121951219512195,0.996951219512195,-0.00542950389409982,0.58478080950996,0.782388470090928,0.655064154312677,"XLOC-002878#LMX1B-XENLA#Q8UVR3/XLOC-000896#ATOH8-HUMAN#Q96SQ7/XLOC-022943#NR2E3-MOUSE#Q9QXZ7",3
"GO:0009165","GO:0009165","nucleotide biosynthetic process","2/76","160/6213",0.0125,1.021875,0.0311937203273298,0.587340120701164,0.784072697020338,0.656474293561094,"XLOC-010449#GCY8E-DROME#Q8INF0/XLOC-016646#ADK-PHYPA#O49923",2
"GO:0000724","GO:0000724","double-strand break repair via homologous recombination","1/76","72/6213",0.0138888888888889,1.13541666666667,0.128606605914234,0.58987750138045,0.784072697020338,0.656474293561094,"XLOC-025584#SMC5-HUMAN#Q8IY18",1
"GO:0000725","GO:0000725","recombinational repair","1/76","72/6213",0.0138888888888889,1.13541666666667,0.128606605914234,0.58987750138045,0.784072697020338,0.656474293561094,"XLOC-025584#SMC5-HUMAN#Q8IY18",1
"GO:0005903","GO:0005903","brush border","1/76","72/6213",0.0138888888888889,1.13541666666667,0.128606605914234,0.58987750138045,0.784072697020338,0.656474293561094,"XLOC-019523#LRP12-HUMAN#Q9Y561",1
"GO:0007422","GO:0007422","peripheral nervous system development","1/76","72/6213",0.0138888888888889,1.13541666666667,0.128606605914234,0.58987750138045,0.784072697020338,0.656474293561094,"XLOC-013651#ETV1-BOVIN#Q2KIC2",1
"GO:0009156","GO:0009156","ribonucleoside monophosphate biosynthetic process","1/76","72/6213",0.0138888888888889,1.13541666666667,0.128606605914234,0.58987750138045,0.784072697020338,0.656474293561094,"XLOC-016646#ADK-PHYPA#O49923",1
"GO:0022408","GO:0022408","negative regulation of cell-cell adhesion","1/76","72/6213",0.0138888888888889,1.13541666666667,0.128606605914234,0.58987750138045,0.784072697020338,0.656474293561094,"XLOC-025696#FIBA-APOPA#P19477",1
"GO:0046330","GO:0046330","positive regulation of JNK cascade","1/76","72/6213",0.0138888888888889,1.13541666666667,0.128606605914234,0.58987750138045,0.784072697020338,0.656474293561094,"XLOC-015229#M3K2-HUMAN#Q9Y2U5",1
"GO:0050772","GO:0050772","positive regulation of axonogenesis","1/76","72/6213",0.0138888888888889,1.13541666666667,0.128606605914234,0.58987750138045,0.784072697020338,0.656474293561094,"XLOC-022943#NR2E3-MOUSE#Q9QXZ7",1
"GO:0051403","GO:0051403","stress-activated MAPK cascade","1/76","72/6213",0.0138888888888889,1.13541666666667,0.128606605914234,0.58987750138045,0.784072697020338,0.656474293561094,"XLOC-015229#M3K2-HUMAN#Q9Y2U5",1
"GO:0032868","GO:0032868","response to insulin","2/76","162/6213",0.0123456790123457,1.00925925925926,0.0132881534099799,0.594175151145441,0.788254995364804,0.659975973139505,"XLOC-016422#OX2R-MOUSE#P58308/XLOC-025588#RGRF1-HUMAN#Q13972",2
"GO:0001704","GO:0001704","formation of primary germ layer","1/76","73/6213",0.0136986301369863,1.11986301369863,0.114632270746829,0.594953109570499,0.788254995364804,0.659975973139505,"XLOC-000896#ATOH8-HUMAN#Q96SQ7",1
"GO:0035113","GO:0035113","embryonic appendage morphogenesis","1/76","73/6213",0.0136986301369863,1.11986301369863,0.114632270746829,0.594953109570499,0.788254995364804,0.659975973139505,"XLOC-002878#LMX1B-XENLA#Q8UVR3",1
"GO:0042581","GO:0042581","specific granule","1/76","73/6213",0.0136986301369863,1.11986301369863,0.114632270746829,0.594953109570499,0.788254995364804,0.659975973139505,"gene-evm.model.ptg000012l.875#IMB1-HUMAN#Q14974",1
"GO:0045132","GO:0045132","meiotic chromosome segregation","1/76","73/6213",0.0136986301369863,1.11986301369863,0.114632270746829,0.594953109570499,0.788254995364804,0.659975973139505,"XLOC-009548#MSH4-HUMAN#O15457",1
"GO:0008233","GO:0008233","peptidase activity","3/76","250/6213",0.012,0.981,-0.0341220927118588,0.595883357351909,0.788464831003854,0.66015166055144,"XLOC-016437#UBP14-PANTR#P60051/XLOC-004937#FOLH1-RAT#P70627/XLOC-025964#NEC1-HUMAN#P29120",3
"GO:0034248","GO:0034248","regulation of amide metabolic process","3/76","250/6213",0.012,0.981,-0.0341220927118588,0.595883357351909,0.788464831003854,0.66015166055144,"XLOC-010031#ACHB4-BOVIN#Q8SPU6/gene-evm.model.ptg000031l.486#ELAV2-XENTR#Q28GD4/XLOC-026511#CPEB4-DANRE#Q7SXN4",3
"GO:1901293","GO:1901293","nucleoside phosphate biosynthetic process","2/76","163/6213",0.0122699386503067,1.00306748466258,0.00441614142296206,0.597561526851259,0.790173591816907,0.661582341088943,"XLOC-010449#GCY8E-DROME#Q8INF0/XLOC-016646#ADK-PHYPA#O49923",2
"GO:0120035","GO:0120035","regulation of plasma membrane bounded cell projection organization","5/76","424/6213",0.0117924528301887,0.964033018867925,-0.0853747802084947,0.59990539083893,0.791305363142527,0.662529930240156,"XLOC-025696#FIBA-APOPA#P19477/XLOC-002280#CAC1A-APIME#C9D7C2/gene-evm.model.ptg000031l.486#ELAV2-XENTR#Q28GD4/XLOC-022943#NR2E3-MOUSE#Q9QXZ7/gene-evm.model.ptg000004l.40#FA5-MOUSE#O88783",5
"GO:0030968","GO:0030968","endoplasmic reticulum unfolded protein response","1/76","74/6213",0.0135135135135135,1.10472972972973,0.10085129610371,0.59996671928917,0.791305363142527,0.662529930240156,"XLOC-009392#FKB14-HUMAN#Q9NWM8",1
"GO:0043195","GO:0043195","terminal bouton","1/76","74/6213",0.0135135135135135,1.10472972972973,0.10085129610371,0.59996671928917,0.791305363142527,0.662529930240156,"XLOC-016422#OX2R-MOUSE#P58308",1
"GO:1901655","GO:1901655","cellular response to ketone","1/76","74/6213",0.0135135135135135,1.10472972972973,0.10085129610371,0.59996671928917,0.791305363142527,0.662529930240156,"XLOC-022211#ARLY-AQUCT#P51464",1
"GO:0043043","GO:0043043","peptide biosynthetic process","3/76","252/6213",0.0119047619047619,0.973214285714286,-0.0483045899219661,0.601364049655946,0.792636615127159,0.663644536971757,"XLOC-026511#CPEB4-DANRE#Q7SXN4/XLOC-025964#NEC1-HUMAN#P29120/gene-evm.model.ptg000022l.478#GSH0-HUMAN#P48507",3
"GO:0031346","GO:0031346","positive regulation of cell projection organization","3/76","253/6213",0.0118577075098814,0.969367588932806,-0.0553557539250341,0.604086598011915,0.79571174709113,0.666219228185118,"gene-evm.model.ptg000031l.486#ELAV2-XENTR#Q28GD4/XLOC-022943#NR2E3-MOUSE#Q9QXZ7/gene-evm.model.ptg000004l.40#FA5-MOUSE#O88783",3
"GO:0007052","GO:0007052","mitotic spindle organization","1/76","75/6213",0.0133333333333333,1.09,0.0872577795139594,0.604919077871027,0.795782148158731,0.666278172325495,"gene-evm.model.ptg000012l.875#IMB1-HUMAN#Q14974",1
"GO:0031256","GO:0031256","leading edge membrane","1/76","75/6213",0.0133333333333333,1.09,0.0872577795139594,0.604919077871027,0.795782148158731,0.666278172325495,"XLOC-010031#ACHB4-BOVIN#Q8SPU6",1
"GO:0098827","GO:0098827","endoplasmic reticulum subcompartment","5/76","427/6213",0.0117096018735363,0.957259953161593,-0.101836666471054,0.606304926742728,0.796713840635535,0.667058243054715,"XLOC-022043#MOG2A-XENLA#Q2KHS5/gene-evm.model.ptg000012l.875#IMB1-HUMAN#Q14974/XLOC-025955#MCTP1-MOUSE#E9PV86/XLOC-015788#OTOF-HUMAN#Q9HC10/XLOC-025588#RGRF1-HUMAN#Q13972",5
"GO:0033674","GO:0033674","positive regulation of kinase activity","3/76","254/6213",0.0118110236220472,0.965551181102362,-0.0623805155960455,0.606797227620603,0.796713840635535,0.667058243054715,"XLOC-015229#M3K2-HUMAN#Q9Y2U5/XLOC-023724#ANGL7-MOUSE#Q8R1Q3/XLOC-010031#ACHB4-BOVIN#Q8SPU6",3
"GO:0060249","GO:0060249","anatomical structure homeostasis","3/76","254/6213",0.0118110236220472,0.965551181102362,-0.0623805155960455,0.606797227620603,0.796713840635535,0.667058243054715,"XLOC-019523#LRP12-HUMAN#Q9Y561/XLOC-025584#SMC5-HUMAN#Q8IY18/XLOC-000356#DRAM2-MOUSE#Q9CR48",3
"GO:0009895","GO:0009895","negative regulation of catabolic process","2/76","166/6213",0.0120481927710843,0.984939759036145,-0.0218856998274284,0.607596002309206,0.797250245804564,0.66750735473242,"gene-evm.model.ptg000031l.486#ELAV2-XENTR#Q28GD4/XLOC-016437#UBP14-PANTR#P60051",2
"GO:0043487","GO:0043487","regulation of RNA stability","1/76","76/6213",0.0131578947368421,1.07565789473684,0.073846079744252,0.60981092376249,0.798617767465877,0.668652328686941,"gene-evm.model.ptg000031l.486#ELAV2-XENTR#Q28GD4",1
"GO:0048024","GO:0048024","regulation of mRNA splicing, via spliceosome","1/76","76/6213",0.0131578947368421,1.07565789473684,0.073846079744252,0.60981092376249,0.798617767465877,0.668652328686941,"gene-evm.model.ptg000031l.486#ELAV2-XENTR#Q28GD4",1
"GO:0051251","GO:0051251","positive regulation of lymphocyte activation","1/76","76/6213",0.0131578947368421,1.07565789473684,0.073846079744252,0.60981092376249,0.798617767465877,0.668652328686941,"XLOC-016646#ADK-PHYPA#O49923",1
"GO:0051640","GO:0051640","organelle localization","5/76","429/6213",0.0116550116550117,0.952797202797203,-0.112752634305029,0.610540172450836,0.799060584443983,0.669023082526456,"gene-evm.model.ptg000012l.875#IMB1-HUMAN#Q14974/XLOC-015788#OTOF-HUMAN#Q9HC10/XLOC-016600#SYT7-MOUSE#Q9R0N7/XLOC-002280#CAC1A-APIME#C9D7C2/XLOC-013699#CD5R1-BOVIN#Q28199",5
"GO:0030100","GO:0030100","regulation of endocytosis","2/76","168/6213",0.0119047619047619,0.973214285714286,-0.039165545368434,0.6141817624702,0.799079722113135,0.669039105770072,"XLOC-025955#MCTP1-MOUSE#E9PV86/XLOC-016600#SYT7-MOUSE#Q9R0N7",2
"GO:0071375","GO:0071375","cellular response to peptide hormone stimulus","2/76","168/6213",0.0119047619047619,0.973214285714286,-0.039165545368434,0.6141817624702,0.799079722113135,0.669039105770072,"XLOC-022211#ARLY-AQUCT#P51464/XLOC-025588#RGRF1-HUMAN#Q13972",2
"GO:0002790","GO:0002790","peptide secretion","1/76","77/6213",0.012987012987013,1.06168831168831,0.0606108018573006,0.614642986626113,0.799079722113135,0.669039105770072,"XLOC-016422#OX2R-MOUSE#P58308",1
"GO:0005741","GO:0005741","mitochondrial outer membrane","1/76","77/6213",0.012987012987013,1.06168831168831,0.0606108018573006,0.614642986626113,0.799079722113135,0.669039105770072,"XLOC-022211#ARLY-AQUCT#P51464",1
"GO:0008237","GO:0008237","metallopeptidase activity","1/76","77/6213",0.012987012987013,1.06168831168831,0.0606108018573006,0.614642986626113,0.799079722113135,0.669039105770072,"XLOC-004937#FOLH1-RAT#P70627",1
"GO:0008589","GO:0008589","regulation of smoothened signaling pathway","1/76","77/6213",0.012987012987013,1.06168831168831,0.0606108018573006,0.614642986626113,0.799079722113135,0.669039105770072,"XLOC-012420#RFX6-DANRE#Q5RJA1",1
"GO:0009306","GO:0009306","protein secretion","1/76","77/6213",0.012987012987013,1.06168831168831,0.0606108018573006,0.614642986626113,0.799079722113135,0.669039105770072,"XLOC-016422#OX2R-MOUSE#P58308",1
"GO:0016810","GO:0016810","hydrolase activity, acting on carbon-nitrogen (but not peptide) bonds","1/76","77/6213",0.012987012987013,1.06168831168831,0.0606108018573006,0.614642986626113,0.799079722113135,0.669039105770072,"XLOC-004937#FOLH1-RAT#P70627",1
"GO:0051225","GO:0051225","spindle assembly","1/76","77/6213",0.012987012987013,1.06168831168831,0.0606108018573006,0.614642986626113,0.799079722113135,0.669039105770072,"gene-evm.model.ptg000012l.875#IMB1-HUMAN#Q14974",1
"GO:0000280","GO:0000280","nuclear division","3/76","257/6213",0.0116731517509728,0.954280155642023,-0.0832987373592363,0.614857231112016,0.799079722113135,0.669039105770072,"gene-evm.model.ptg000012l.875#IMB1-HUMAN#Q14974/XLOC-025584#SMC5-HUMAN#Q8IY18/XLOC-009548#MSH4-HUMAN#O15457",3
"GO:0071363","GO:0071363","cellular response to growth factor stimulus","3/76","257/6213",0.0116731517509728,0.954280155642023,-0.0832987373592363,0.614857231112016,0.799079722113135,0.669039105770072,"XLOC-014487#KCND1-MOUSE#Q03719/gene-evm.model.ptg000031l.486#ELAV2-XENTR#Q28GD4/gene-evm.model.ptg000022l.478#GSH0-HUMAN#P48507",3
"GO:0031344","GO:0031344","regulation of cell projection organization","5/76","432/6213",0.0115740740740741,0.946180555555555,-0.129039911687398,0.616845720028524,0.801154358562158,0.670776120083215,"XLOC-025696#FIBA-APOPA#P19477/XLOC-002280#CAC1A-APIME#C9D7C2/gene-evm.model.ptg000031l.486#ELAV2-XENTR#Q28GD4/XLOC-022943#NR2E3-MOUSE#Q9QXZ7/gene-evm.model.ptg000004l.40#FA5-MOUSE#O88783",5
"GO:0071902","GO:0071902","positive regulation of protein serine/threonine kinase activity","2/76","169/6213",0.0118343195266272,0.967455621301775,-0.0477311136554525,0.617443487530421,0.80142124842735,0.67099957683203,"XLOC-015229#M3K2-HUMAN#Q9Y2U5/XLOC-010031#ACHB4-BOVIN#Q8SPU6",2
"GO:0008033","GO:0008033","tRNA processing","1/76","78/6213",0.0128205128205128,1.04807692307692,0.0475467833103504,0.619415987443651,0.802452036998973,0.671862616958204,"XLOC-016437#UBP14-PANTR#P60051",1
"GO:0009124","GO:0009124","nucleoside monophosphate biosynthetic process","1/76","78/6213",0.0128205128205128,1.04807692307692,0.0475467833103504,0.619415987443651,0.802452036998973,0.671862616958204,"XLOC-016646#ADK-PHYPA#O49923",1
"GO:0035108","GO:0035108","limb morphogenesis","1/76","78/6213",0.0128205128205128,1.04807692307692,0.0475467833103504,0.619415987443651,0.802452036998973,0.671862616958204,"XLOC-002878#LMX1B-XENLA#Q8UVR3",1
"GO:0140013","GO:0140013","meiotic nuclear division","2/76","170/6213",0.0117647058823529,0.961764705882353,-0.0562479963643466,0.620684454826803,0.803585767560937,0.672811846503605,"XLOC-025584#SMC5-HUMAN#Q8IY18/XLOC-009548#MSH4-HUMAN#O15457",2
"GO:0008406","GO:0008406","gonad development","2/76","171/6213",0.0116959064327485,0.956140350877193,-0.0647168403582206,0.623904677104286,0.807024616896493,0.675691064459799,"XLOC-011296#FOXL2-ELLLU#Q4VUF1/XLOC-009548#MSH4-HUMAN#O15457",2
"GO:0008234","GO:0008234","cysteine-type peptidase activity","1/76","79/6213",0.0126582278481013,1.03481012658228,0.0346490810088441,0.624130638617943,0.807024616896493,0.675691064459799,"XLOC-016437#UBP14-PANTR#P60051",1
"GO:0008361","GO:0008361","regulation of cell size","2/76","172/6213",0.0116279069767442,0.950581395348837,-0.0731382799403275,0.627104169870993,0.807932803045521,0.67645145423344,"XLOC-025696#FIBA-APOPA#P19477/XLOC-022943#NR2E3-MOUSE#Q9QXZ7",2
"GO:0045137","GO:0045137","development of primary sexual characteristics","2/76","172/6213",0.0116279069767442,0.950581395348837,-0.0731382799403275,0.627104169870993,0.807932803045521,0.67645145423344,"XLOC-011296#FOXL2-ELLLU#Q4VUF1/XLOC-009548#MSH4-HUMAN#O15457",2
"GO:0001818","GO:0001818","negative regulation of cytokine production","1/76","80/6213",0.0125,1.021875,0.021912959238292,0.628787644073606,0.807932803045521,0.67645145423344,"XLOC-010031#ACHB4-BOVIN#Q8SPU6",1
"GO:0007416","GO:0007416","synapse assembly","1/76","80/6213",0.0125,1.021875,0.021912959238292,0.628787644073606,0.807932803045521,0.67645145423344,"XLOC-002280#CAC1A-APIME#C9D7C2",1
"GO:0009116","GO:0009116","nucleoside metabolic process","1/76","80/6213",0.0125,1.021875,0.021912959238292,0.628787644073606,0.807932803045521,0.67645145423344,"XLOC-016646#ADK-PHYPA#O49923",1
"GO:0016779","GO:0016779","nucleotidyltransferase activity","1/76","80/6213",0.0125,1.021875,0.021912959238292,0.628787644073606,0.807932803045521,0.67645145423344,"XLOC-016437#UBP14-PANTR#P60051",1
"GO:0044272","GO:0044272","sulfur compound biosynthetic process","1/76","80/6213",0.0125,1.021875,0.021912959238292,0.628787644073606,0.807932803045521,0.67645145423344,"gene-evm.model.ptg000022l.478#GSH0-HUMAN#P48507",1
"GO:0051170","GO:0051170","import into nucleus","1/76","80/6213",0.0125,1.021875,0.021912959238292,0.628787644073606,0.807932803045521,0.67645145423344,"gene-evm.model.ptg000012l.875#IMB1-HUMAN#Q14974",1
"GO:0060348","GO:0060348","bone development","1/76","80/6213",0.0125,1.021875,0.021912959238292,0.628787644073606,0.807932803045521,0.67645145423344,"XLOC-025644#PPIB-MOUSE#P24369",1
"GO:0072006","GO:0072006","nephron development","1/76","80/6213",0.0125,1.021875,0.021912959238292,0.628787644073606,0.807932803045521,0.67645145423344,"XLOC-019533#DMBT1-MOUSE#Q60997",1
"GO:0001558","GO:0001558","regulation of cell growth","3/76","263/6213",0.0114068441064639,0.932509505703422,-0.124453311884338,0.630650792399028,0.809817453721694,0.678029400673804,"XLOC-025696#FIBA-APOPA#P19477/XLOC-002878#LMX1B-XENLA#Q8UVR3/XLOC-022943#NR2E3-MOUSE#Q9QXZ7",3
"GO:0000922","GO:0000922","spindle pole","1/76","81/6213",0.0123456790123457,1.00925925925926,0.00933387840447376,0.633387699356569,0.810783878311698,0.678838551282432,"XLOC-019533#DMBT1-MOUSE#Q60997",1
"GO:0005766","GO:0005766","primary lysosome","1/76","81/6213",0.0123456790123457,1.00925925925926,0.00933387840447376,0.633387699356569,0.810783878311698,0.678838551282432,"XLOC-016498#SAP3-MOUSE#Q60648",1
"GO:0042582","GO:0042582","azurophil granule","1/76","81/6213",0.0123456790123457,1.00925925925926,0.00933387840447376,0.633387699356569,0.810783878311698,0.678838551282432,"XLOC-016498#SAP3-MOUSE#Q60648",1
"GO:0051087","GO:0051087","protein-folding chaperone binding","1/76","81/6213",0.0123456790123457,1.00925925925926,0.00933387840447376,0.633387699356569,0.810783878311698,0.678838551282432,"XLOC-025964#NEC1-HUMAN#P29120",1
"GO:0061013","GO:0061013","regulation of mRNA catabolic process","1/76","81/6213",0.0123456790123457,1.00925925925926,0.00933387840447376,0.633387699356569,0.810783878311698,0.678838551282432,"gene-evm.model.ptg000031l.486#ELAV2-XENTR#Q28GD4",1
"GO:0048736","GO:0048736","appendage development","3/76","265/6213",0.0113207547169811,0.925471698113207,-0.13797586997699,0.635817758403136,0.813384896942771,0.681016285406911,"XLOC-002878#LMX1B-XENLA#Q8UVR3/XLOC-000896#ATOH8-HUMAN#Q96SQ7/XLOC-022943#NR2E3-MOUSE#Q9QXZ7",3
"GO:0006661","GO:0006661","phosphatidylinositol biosynthetic process","1/76","82/6213",0.0121951219512195,0.996951219512195,-0.0030925154815488,0.637931491732449,0.813541846198123,0.681147693058171,"XLOC-008865#PTN13-HUMAN#Q12923",1
"GO:0009566","GO:0009566","fertilization","1/76","82/6213",0.0121951219512195,0.996951219512195,-0.0030925154815488,0.637931491732449,0.813541846198123,0.681147693058171,"XLOC-011296#FOXL2-ELLLU#Q4VUF1",1
"GO:0030308","GO:0030308","negative regulation of cell growth","1/76","82/6213",0.0121951219512195,0.996951219512195,-0.0030925154815488,0.637931491732449,0.813541846198123,0.681147693058171,"XLOC-025696#FIBA-APOPA#P19477",1
"GO:0045727","GO:0045727","positive regulation of translation","1/76","82/6213",0.0121951219512195,0.996951219512195,-0.0030925154815488,0.637931491732449,0.813541846198123,0.681147693058171,"gene-evm.model.ptg000031l.486#ELAV2-XENTR#Q28GD4",1
"GO:2000177","GO:2000177","regulation of neural precursor cell proliferation","1/76","82/6213",0.0121951219512195,0.996951219512195,-0.0030925154815488,0.637931491732449,0.813541846198123,0.681147693058171,"XLOC-019829#INS1A-DANRE#Q6P0F9",1
"GO:0070848","GO:0070848","response to growth factor","3/76","267/6213",0.0112359550561798,0.918539325842697,-0.151403402846691,0.640935634366948,0.815194687999878,0.682531554731073,"XLOC-014487#KCND1-MOUSE#Q03719/gene-evm.model.ptg000031l.486#ELAV2-XENTR#Q28GD4/gene-evm.model.ptg000022l.478#GSH0-HUMAN#P48507",3
"GO:0008202","GO:0008202","steroid metabolic process","1/76","83/6213",0.0120481927710843,0.984939759036145,-0.0153704006314233,0.6424197002838,0.815194687999878,0.682531554731073,"XLOC-019523#LRP12-HUMAN#Q9Y561",1
"GO:0016052","GO:0016052","carbohydrate catabolic process","1/76","83/6213",0.0120481927710843,0.984939759036145,-0.0153704006314233,0.6424197002838,0.815194687999878,0.682531554731073,"XLOC-016498#SAP3-MOUSE#Q60648",1
"GO:0032874","GO:0032874","positive regulation of stress-activated MAPK cascade","1/76","83/6213",0.0120481927710843,0.984939759036145,-0.0153704006314233,0.6424197002838,0.815194687999878,0.682531554731073,"XLOC-015229#M3K2-HUMAN#Q9Y2U5",1
"GO:0035050","GO:0035050","embryonic heart tube development","1/76","83/6213",0.0120481927710843,0.984939759036145,-0.0153704006314233,0.6424197002838,0.815194687999878,0.682531554731073,"XLOC-000896#ATOH8-HUMAN#Q96SQ7",1
"GO:0070304","GO:0070304","positive regulation of stress-activated protein kinase signaling cascade","1/76","83/6213",0.0120481927710843,0.984939759036145,-0.0153704006314233,0.6424197002838,0.815194687999878,0.682531554731073,"XLOC-015229#M3K2-HUMAN#Q9Y2U5",1
"GO:0071383","GO:0071383","cellular response to steroid hormone stimulus","1/76","83/6213",0.0120481927710843,0.984939759036145,-0.0153704006314233,0.6424197002838,0.815194687999878,0.682531554731073,"XLOC-022211#ARLY-AQUCT#P51464",1
"GO:0071482","GO:0071482","cellular response to light stimulus","1/76","83/6213",0.0120481927710843,0.984939759036145,-0.0153704006314233,0.6424197002838,0.815194687999878,0.682531554731073,"XLOC-015872#DIS1D-DICDI#P02888",1
"GO:0009880","GO:0009880","embryonic pattern specification","2/76","178/6213",0.0112359550561798,0.918539325842697,-0.122705441358021,0.64586700655101,0.817266957848304,0.684266587579408,"gene-evm.model.ptg000001l.686#SOX14-DANRE#Q32PP9/XLOC-012287#SX19B-DANRE#Q9DDD7",2
"GO:0044403","GO:0044403","biological process involved in symbiotic interaction","2/76","178/6213",0.0112359550561798,0.918539325842697,-0.122705441358021,0.64586700655101,0.817266957848304,0.684266587579408,"gene-evm.model.ptg000012l.875#IMB1-HUMAN#Q14974/XLOC-025644#PPIB-MOUSE#P24369",2
"GO:0032434","GO:0032434","regulation of proteasomal ubiquitin-dependent protein catabolic process","1/76","84/6213",0.0119047619047619,0.973214285714286,-0.0275037886731776,0.64685299600622,0.817266957848304,0.684266587579408,"XLOC-016437#UBP14-PANTR#P60051",1
"GO:0035272","GO:0035272","exocrine system development","1/76","84/6213",0.0119047619047619,0.973214285714286,-0.0275037886731776,0.64685299600622,0.817266957848304,0.684266587579408,"XLOC-013049#PTF1A-DANRE#Q7ZSX3",1
"GO:0043200","GO:0043200","response to amino acid","1/76","84/6213",0.0119047619047619,0.973214285714286,-0.0275037886731776,0.64685299600622,0.817266957848304,0.684266587579408,"gene-evm.model.ptg000022l.478#GSH0-HUMAN#P48507",1
"GO:0071236","GO:0071236","cellular response to antibiotic","1/76","84/6213",0.0119047619047619,0.973214285714286,-0.0275037886731776,0.64685299600622,0.817266957848304,0.684266587579408,"XLOC-025588#RGRF1-HUMAN#Q13972",1
"GO:0098858","GO:0098858","actin-based cell projection","1/76","84/6213",0.0119047619047619,0.973214285714286,-0.0275037886731776,0.64685299600622,0.817266957848304,0.684266587579408,"XLOC-015786#XLOC-015786",1
"GO:0000122","GO:0000122","negative regulation of transcription by RNA polymerase II","4/76","359/6213",0.011142061281337,0.910863509749304,-0.193606909736777,0.647781285354957,0.817353722725621,0.684339232516235,"XLOC-000112#PAX6-DANRE#P26630/XLOC-011296#FOXL2-ELLLU#Q4VUF1/XLOC-000896#ATOH8-HUMAN#Q96SQ7/XLOC-019829#INS1A-DANRE#Q6P0F9",4
"GO:0048285","GO:0048285","organelle fission","3/76","270/6213",0.0111111111111111,0.908333333333333,-0.171370046308373,0.648520074817249,0.817353722725621,0.684339232516235,"gene-evm.model.ptg000012l.875#IMB1-HUMAN#Q14974/XLOC-025584#SMC5-HUMAN#Q8IY18/XLOC-009548#MSH4-HUMAN#O15457",3
"GO:0035114","GO:0035114","imaginal disc-derived appendage morphogenesis","2/76","179/6213",0.0111731843575419,0.91340782122905,-0.130811819908123,0.648922045159548,0.817353722725621,0.684339232516235,"XLOC-000896#ATOH8-HUMAN#Q96SQ7/XLOC-022943#NR2E3-MOUSE#Q9QXZ7",2
"GO:0035120","GO:0035120","post-embryonic appendage morphogenesis","2/76","179/6213",0.0111731843575419,0.91340782122905,-0.130811819908123,0.648922045159548,0.817353722725621,0.684339232516235,"XLOC-000896#ATOH8-HUMAN#Q96SQ7/XLOC-022943#NR2E3-MOUSE#Q9QXZ7",2
"GO:0048639","GO:0048639","positive regulation of developmental growth","2/76","179/6213",0.0111731843575419,0.91340782122905,-0.130811819908123,0.648922045159548,0.817353722725621,0.684339232516235,"XLOC-022943#NR2E3-MOUSE#Q9QXZ7/XLOC-025644#PPIB-MOUSE#P24369",2
"GO:0006898","GO:0006898","receptor-mediated endocytosis","1/76","85/6213",0.0117647058823529,0.961764705882353,-0.0394965332586367,0.651232041903353,0.817742508671512,0.684664748224338,"XLOC-019523#LRP12-HUMAN#Q9Y561",1
"GO:0010977","GO:0010977","negative regulation of neuron projection development","1/76","85/6213",0.0117647058823529,0.961764705882353,-0.0394965332586367,0.651232041903353,0.817742508671512,0.684664748224338,"XLOC-025696#FIBA-APOPA#P19477",1
"GO:0045089","GO:0045089","positive regulation of innate immune response","1/76","85/6213",0.0117647058823529,0.961764705882353,-0.0394965332586367,0.651232041903353,0.817742508671512,0.684664748224338,"XLOC-001865#RPC2-HUMAN#Q9NW08",1
"GO:0050839","GO:0050839","cell adhesion molecule binding","1/76","85/6213",0.0117647058823529,0.961764705882353,-0.0394965332586367,0.651232041903353,0.817742508671512,0.684664748224338,"XLOC-025696#FIBA-APOPA#P19477",1
"GO:0097327","GO:0097327","response to antineoplastic agent","1/76","85/6213",0.0117647058823529,0.961764705882353,-0.0394965332586367,0.651232041903353,0.817742508671512,0.684664748224338,"XLOC-022211#ARLY-AQUCT#P51464",1
"GO:0010950","GO:0010950","positive regulation of endopeptidase activity","1/76","86/6213",0.0116279069767442,0.950581395348837,-0.0513523381284758,0.655557493080791,0.822163264802981,0.688366079452222,"XLOC-011296#FOXL2-ELLLU#Q4VUF1",1
"GO:0050863","GO:0050863","regulation of T cell activation","1/76","86/6213",0.0116279069767442,0.950581395348837,-0.0513523381284758,0.655557493080791,0.822163264802981,0.688366079452222,"XLOC-016646#ADK-PHYPA#O49923",1
"GO:0009913","GO:0009913","epidermal cell differentiation","1/76","87/6213",0.0114942528735632,0.939655172413793,-0.0630747646750444,0.659829996838888,0.824989402412392,0.690732297148228,"XLOC-019829#INS1A-DANRE#Q6P0F9",1
"GO:0016202","GO:0016202","regulation of striated muscle tissue development","1/76","87/6213",0.0114942528735632,0.939655172413793,-0.0630747646750444,0.659829996838888,0.824989402412392,0.690732297148228,"XLOC-000896#ATOH8-HUMAN#Q96SQ7",1
"GO:0043021","GO:0043021","ribonucleoprotein complex binding","1/76","87/6213",0.0114942528735632,0.939655172413793,-0.0630747646750444,0.659829996838888,0.824989402412392,0.690732297148228,"XLOC-026511#CPEB4-DANRE#Q7SXN4",1
"GO:0050727","GO:0050727","regulation of inflammatory response","1/76","87/6213",0.0114942528735632,0.939655172413793,-0.0630747646750444,0.659829996838888,0.824989402412392,0.690732297148228,"XLOC-010031#ACHB4-BOVIN#Q8SPU6",1
"GO:1904813","GO:1904813","ficolin-1-rich granule lumen","1/76","87/6213",0.0114942528735632,0.939655172413793,-0.0630747646750444,0.659829996838888,0.824989402412392,0.690732297148228,"gene-evm.model.ptg000012l.875#IMB1-HUMAN#Q14974",1
"GO:0048737","GO:0048737","imaginal disc-derived appendage development","2/76","183/6213",0.0109289617486339,0.89344262295082,-0.162815170538585,0.660937446466674,0.825717920765585,0.691342257899413,"XLOC-000896#ATOH8-HUMAN#Q96SQ7/XLOC-022943#NR2E3-MOUSE#Q9QXZ7",2
"GO:0044419","GO:0044419","biological process involved in interspecies interaction between organisms","2/76","184/6213",0.0108695652173913,0.888586956521739,-0.170713067305154,0.663890311649484,0.825717920765585,0.691342257899413,"gene-evm.model.ptg000012l.875#IMB1-HUMAN#Q14974/XLOC-025644#PPIB-MOUSE#P24369",2
"GO:0007519","GO:0007519","skeletal muscle tissue development","1/76","88/6213",0.0113636363636364,0.928977272727273,-0.0746672390396976,0.664050192764492,0.825717920765585,0.691342257899413,"XLOC-011296#FOXL2-ELLLU#Q4VUF1",1
"GO:0031098","GO:0031098","stress-activated protein kinase signaling cascade","1/76","88/6213",0.0113636363636364,0.928977272727273,-0.0746672390396976,0.664050192764492,0.825717920765585,0.691342257899413,"XLOC-015229#M3K2-HUMAN#Q9Y2U5",1
"GO:0031968","GO:0031968","organelle outer membrane","1/76","88/6213",0.0113636363636364,0.928977272727273,-0.0746672390396976,0.664050192764492,0.825717920765585,0.691342257899413,"XLOC-022211#ARLY-AQUCT#P51464",1
"GO:0050730","GO:0050730","regulation of peptidyl-tyrosine phosphorylation","1/76","88/6213",0.0113636363636364,0.928977272727273,-0.0746672390396976,0.664050192764492,0.825717920765585,0.691342257899413,"XLOC-023724#ANGL7-MOUSE#Q8R1Q3",1
"GO:0050792","GO:0050792","regulation of viral process","1/76","88/6213",0.0113636363636364,0.928977272727273,-0.0746672390396976,0.664050192764492,0.825717920765585,0.691342257899413,"XLOC-025644#PPIB-MOUSE#P24369",1
"GO:0051427","GO:0051427","hormone receptor binding","1/76","88/6213",0.0113636363636364,0.928977272727273,-0.0746672390396976,0.664050192764492,0.825717920765585,0.691342257899413,"XLOC-011296#FOXL2-ELLLU#Q4VUF1",1
"GO:1901861","GO:1901861","regulation of muscle tissue development","1/76","88/6213",0.0113636363636364,0.928977272727273,-0.0746672390396976,0.664050192764492,0.825717920765585,0.691342257899413,"XLOC-000896#ATOH8-HUMAN#Q96SQ7",1
"GO:0012501","GO:0012501","programmed cell death","4/76","367/6213",0.0108991825613079,0.891008174386921,-0.239520126141991,0.665111704003709,0.826534800048405,0.692026199901413,"gene-evm.model.ptg000012l.875#IMB1-HUMAN#Q14974/XLOC-011296#FOXL2-ELLLU#Q4VUF1/XLOC-016422#OX2R-MOUSE#P58308/gene-evm.model.ptg000022l.478#GSH0-HUMAN#P48507",4
"GO:0002696","GO:0002696","positive regulation of leukocyte activation","1/76","89/6213",0.0112359550561798,0.918539325842697,-0.0861330587782956,0.668218712821618,0.828883321368892,0.693992527616482,"XLOC-016646#ADK-PHYPA#O49923",1
"GO:0007178","GO:0007178","cell surface receptor protein serine/threonine kinase signaling pathway","1/76","89/6213",0.0112359550561798,0.918539325842697,-0.0861330587782956,0.668218712821618,0.828883321368892,0.693992527616482,"XLOC-000896#ATOH8-HUMAN#Q96SQ7",1
"GO:0019867","GO:0019867","outer membrane","1/76","89/6213",0.0112359550561798,0.918539325842697,-0.0861330587782956,0.668218712821618,0.828883321368892,0.693992527616482,"XLOC-022211#ARLY-AQUCT#P51464",1
"GO:0004721","GO:0004721","phosphoprotein phosphatase activity","1/76","90/6213",0.0111111111111111,0.908333333333333,-0.0974753991257402,0.672336181441075,0.83283485052048,0.697300992913301,"XLOC-008865#PTN13-HUMAN#Q12923",1
"GO:0051169","GO:0051169","nuclear transport","2/76","187/6213",0.0106951871657754,0.874331550802139,-0.194167685300873,0.672627265471753,0.83283485052048,0.697300992913301,"gene-evm.model.ptg000012l.875#IMB1-HUMAN#Q14974/XLOC-025644#PPIB-MOUSE#P24369",2
"GO:0062012","GO:0062012","regulation of small molecule metabolic process","2/76","187/6213",0.0106951871657754,0.874331550802139,-0.194167685300873,0.672627265471753,0.83283485052048,0.697300992913301,"gene-evm.model.ptg000012l.875#IMB1-HUMAN#Q14974/XLOC-002280#CAC1A-APIME#C9D7C2",2
"GO:0017145","GO:0017145","stem cell division","1/76","91/6213",0.010989010989011,0.898351648351648,-0.108697318887901,0.676403215609045,0.834979921141558,0.699096979083923,"XLOC-019829#INS1A-DANRE#Q6P0F9",1
"GO:0019887","GO:0019887","protein kinase regulator activity","1/76","91/6213",0.010989010989011,0.898351648351648,-0.108697318887901,0.676403215609045,0.834979921141558,0.699096979083923,"XLOC-023724#ANGL7-MOUSE#Q8R1Q3",1
"GO:0050867","GO:0050867","positive regulation of cell activation","1/76","91/6213",0.010989010989011,0.898351648351648,-0.108697318887901,0.676403215609045,0.834979921141558,0.699096979083923,"XLOC-016646#ADK-PHYPA#O49923",1
"GO:0055037","GO:0055037","recycling endosome","1/76","91/6213",0.010989010989011,0.898351648351648,-0.108697318887901,0.676403215609045,0.834979921141558,0.699096979083923,"XLOC-025955#MCTP1-MOUSE#E9PV86",1
"GO:0098862","GO:0098862","cluster of actin-based cell projections","1/76","91/6213",0.010989010989011,0.898351648351648,-0.108697318887901,0.676403215609045,0.834979921141558,0.699096979083923,"XLOC-019523#LRP12-HUMAN#Q9Y561",1
"GO:0045165","GO:0045165","cell fate commitment","3/76","282/6213",0.0106382978723404,0.86968085106383,-0.249237441978128,0.677742964728696,0.836062626351298,0.700003487039627,"XLOC-013049#PTF1A-DANRE#Q7ZSX3/XLOC-022943#NR2E3-MOUSE#Q9QXZ7/XLOC-019829#INS1A-DANRE#Q6P0F9",3
"GO:0007059","GO:0007059","chromosome segregation","2/76","189/6213",0.0105820105820106,0.865079365079365,-0.20960964130043,0.678351032338598,0.836062626351298,0.700003487039627,"gene-evm.model.ptg000012l.875#IMB1-HUMAN#Q14974/XLOC-009548#MSH4-HUMAN#O15457",2
"GO:0043603","GO:0043603","amide metabolic process","5/76","463/6213",0.0107991360691145,0.882829373650108,-0.291621663305681,0.678507995345302,0.836062626351298,0.700003487039627,"XLOC-022211#ARLY-AQUCT#P51464/XLOC-026511#CPEB4-DANRE#Q7SXN4/XLOC-016498#SAP3-MOUSE#Q60648/XLOC-025964#NEC1-HUMAN#P29120/gene-evm.model.ptg000022l.478#GSH0-HUMAN#P48507",5
"GO:0048634","GO:0048634","regulation of muscle organ development","1/76","92/6213",0.0108695652173913,0.888586956521739,-0.119801765986979,0.680420424954637,0.836904833342759,0.700708634970236,"XLOC-000896#ATOH8-HUMAN#Q96SQ7",1
"GO:0060173","GO:0060173","limb development","1/76","92/6213",0.0108695652173913,0.888586956521739,-0.119801765986979,0.680420424954637,0.836904833342759,0.700708634970236,"XLOC-002878#LMX1B-XENLA#Q8UVR3",1
"GO:2001242","GO:2001242","regulation of intrinsic apoptotic signaling pathway","1/76","92/6213",0.0108695652173913,0.888586956521739,-0.119801765986979,0.680420424954637,0.836904833342759,0.700708634970236,"XLOC-027115#TXD12-EPICO#H9D1R1",1
"GO:0006955","GO:0006955","immune response","5/76","466/6213",0.0107296137339056,0.877145922746781,-0.306836056238932,0.684123658500916,0.839259018836629,0.702679705082578,"gene-evm.model.ptg000012l.875#IMB1-HUMAN#Q14974/XLOC-019533#DMBT1-MOUSE#Q60997/XLOC-022211#ARLY-AQUCT#P51464/XLOC-016498#SAP3-MOUSE#Q60648/gene-evm.model.ptg000001l.946#AQP9-HUMAN#O43315",5
"GO:0005798","GO:0005798","Golgi-associated vesicle","1/76","93/6213",0.010752688172043,0.879032258064516,-0.130791582684272,0.684388411836429,0.839259018836629,0.702679705082578,"XLOC-019523#LRP12-HUMAN#Q9Y561",1
"GO:0034404","GO:0034404","nucleobase-containing small molecule biosynthetic process","1/76","93/6213",0.010752688172043,0.879032258064516,-0.130791582684272,0.684388411836429,0.839259018836629,0.702679705082578,"XLOC-016646#ADK-PHYPA#O49923",1
"GO:0034620","GO:0034620","cellular response to unfolded protein","1/76","93/6213",0.010752688172043,0.879032258064516,-0.130791582684272,0.684388411836429,0.839259018836629,0.702679705082578,"XLOC-009392#FKB14-HUMAN#Q9NWM8",1
"GO:0061326","GO:0061326","renal tubule development","1/76","93/6213",0.010752688172043,0.879032258064516,-0.130791582684272,0.684388411836429,0.839259018836629,0.702679705082578,"XLOC-019533#DMBT1-MOUSE#Q60997",1
"GO:0022604","GO:0022604","regulation of cell morphogenesis","3/76","286/6213",0.0104895104895105,0.857517482517483,-0.274518483393093,0.687086313324063,0.842061990474542,0.705026526790391,"XLOC-025696#FIBA-APOPA#P19477/XLOC-002280#CAC1A-APIME#C9D7C2/XLOC-022943#NR2E3-MOUSE#Q9QXZ7",3
"GO:0015291","GO:0015291","secondary active transmembrane transporter activity","1/76","94/6213",0.0106382978723404,0.86968085106383,-0.141669510502413,0.688307771428002,0.842548098878016,0.705433526896347,"XLOC-023758#S6A19-RAT#Q2A865",1
"GO:0034399","GO:0034399","nuclear periphery","1/76","94/6213",0.0106382978723404,0.86968085106383,-0.141669510502413,0.688307771428002,0.842548098878016,0.705433526896347,"gene-evm.model.ptg000012l.875#IMB1-HUMAN#Q14974",1
"GO:0001568","GO:0001568","blood vessel development","2/76","193/6213",0.0103626943005181,0.847150259067358,-0.24004329185567,0.689558435097423,0.843068750989847,0.705869449137492,"XLOC-015229#M3K2-HUMAN#Q9Y2U5/XLOC-002381#LAMA1-HUMAN#P25391",2
"GO:0016607","GO:0016607","nuclear speck","2/76","193/6213",0.0103626943005181,0.847150259067358,-0.24004329185567,0.689558435097423,0.843068750989847,0.705869449137492,"XLOC-025584#SMC5-HUMAN#Q8IY18/gene-evm.model.ptg000031l.486#ELAV2-XENTR#Q28GD4",2
"GO:0042110","GO:0042110","T cell activation","1/76","95/6213",0.0105263157894737,0.860526315789474,-0.152438194867416,0.692179091802487,0.845766677363924,0.708128320435055,"XLOC-010031#ACHB4-BOVIN#Q8SPU6",1
"GO:0003729","GO:0003729","mRNA binding","2/76","195/6213",0.0102564102564103,0.838461538461538,-0.255041946579293,0.695043011798144,0.847744998867825,0.709784693902268,"gene-evm.model.ptg000031l.486#ELAV2-XENTR#Q28GD4/XLOC-026511#CPEB4-DANRE#Q7SXN4",2
"GO:0050768","GO:0050768","negative regulation of neurogenesis","2/76","195/6213",0.0102564102564103,0.838461538461538,-0.255041946579293,0.695043011798144,0.847744998867825,0.709784693902268,"XLOC-025696#FIBA-APOPA#P19477/XLOC-002878#LMX1B-XENLA#Q8UVR3",2
"GO:0098552","GO:0098552","side of membrane","2/76","195/6213",0.0102564102564103,0.838461538461538,-0.255041946579293,0.695043011798144,0.847744998867825,0.709784693902268,"XLOC-019523#LRP12-HUMAN#Q9Y561/XLOC-010031#ACHB4-BOVIN#Q8SPU6",2
"GO:0022612","GO:0022612","gland morphogenesis","1/76","96/6213",0.0104166666666667,0.8515625,-0.163100189489288,0.696002954016121,0.847903419830015,0.709917333757773,"gene-evm.model.ptg000022l.266#FCN1-MOUSE#O70165",1
"GO:0070372","GO:0070372","regulation of ERK1 and ERK2 cascade","1/76","96/6213",0.0104166666666667,0.8515625,-0.163100189489288,0.696002954016121,0.847903419830015,0.709917333757773,"XLOC-010031#ACHB4-BOVIN#Q8SPU6",1
"GO:0001701","GO:0001701","in utero embryonic development","2/76","196/6213",0.0102040816326531,0.834183673469388,-0.262488195678122,0.697755736796313,0.848520815639801,0.710434255823313,"XLOC-019523#LRP12-HUMAN#Q9Y561/XLOC-002878#LMX1B-XENLA#Q8UVR3",2
"GO:0042060","GO:0042060","wound healing","2/76","196/6213",0.0102040816326531,0.834183673469388,-0.262488195678122,0.697755736796313,0.848520815639801,0.710434255823313,"XLOC-016600#SYT7-MOUSE#Q9R0N7/XLOC-019829#INS1A-DANRE#Q6P0F9",2
"GO:0097305","GO:0097305","response to alcohol","2/76","196/6213",0.0102040816326531,0.834183673469388,-0.262488195678122,0.697755736796313,0.848520815639801,0.710434255823313,"XLOC-010031#ACHB4-BOVIN#Q8SPU6/gene-evm.model.ptg000022l.478#GSH0-HUMAN#P48507",2
"GO:0046488","GO:0046488","phosphatidylinositol metabolic process","1/76","97/6213",0.0103092783505155,0.842783505154639,-0.173657960498539,0.699779932190843,0.849939613682363,0.711622161544601,"XLOC-008865#PTN13-HUMAN#Q12923",1
"GO:0016788","GO:0016788","hydrolase activity, acting on ester bonds","4/76","384/6213",0.0104166666666667,0.8515625,-0.334161701678724,0.700037282982609,0.849939613682363,0.711622161544601,"XLOC-019525#ABD12-DANRE#Q08C93/gene-evm.model.ptg000031l.539#LIPP-ICTTR#O88354/XLOC-008865#PTN13-HUMAN#Q12923/XLOC-020365#PA2-BOMTE#P82971",4
"GO:0001817","GO:0001817","regulation of cytokine production","2/76","197/6213",0.0101522842639594,0.82994923857868,-0.269899598304964,0.70044883970062,0.849939613682363,0.711622161544601,"XLOC-010031#ACHB4-BOVIN#Q8SPU6/XLOC-001865#RPC2-HUMAN#Q9NW08",2
"GO:0060341","GO:0060341","regulation of cellular localization","5/76","475/6213",0.0105263157894737,0.860526315789474,-0.351968067672434,0.700586544024033,0.849939613682363,0.711622161544601,"XLOC-002415#KCNT1-CHICK#Q8QFV0/XLOC-025955#MCTP1-MOUSE#E9PV86/XLOC-002280#CAC1A-APIME#C9D7C2/XLOC-002878#LMX1B-XENLA#Q8UVR3/XLOC-013699#CD5R1-BOVIN#Q28199",5
"GO:0010952","GO:0010952","positive regulation of peptidase activity","1/76","98/6213",0.0102040816326531,0.834183673469388,-0.184113890354582,0.703510593595927,0.851969260649958,0.713321507873448,"XLOC-011296#FOXL2-ELLLU#Q4VUF1",1
"GO:0016747","GO:0016747","acyltransferase activity, transferring groups other than amino-acyl groups","1/76","98/6213",0.0102040816326531,0.834183673469388,-0.184113890354582,0.703510593595927,0.851969260649958,0.713321507873448,"XLOC-022043#MOG2A-XENLA#Q2KHS5",1
"GO:2000058","GO:2000058","regulation of ubiquitin-dependent protein catabolic process","1/76","98/6213",0.0102040816326531,0.834183673469388,-0.184113890354582,0.703510593595927,0.851969260649958,0.713321507873448,"XLOC-016437#UBP14-PANTR#P60051",1
"GO:0019216","GO:0019216","regulation of lipid metabolic process","2/76","199/6213",0.0100502512562814,0.821608040201005,-0.284619440766199,0.705776447748691,0.854206921060767,0.715195015958857,"gene-evm.model.ptg000012l.875#IMB1-HUMAN#Q14974/XLOC-016422#OX2R-MOUSE#P58308",2
"GO:0000070","GO:0000070","mitotic sister chromatid segregation","1/76","99/6213",0.0101010101010101,0.825757575757576,-0.194470281540828,0.707195498728668,0.854405915968461,0.715361626838112,"gene-evm.model.ptg000012l.875#IMB1-HUMAN#Q14974",1
"GO:0001664","GO:0001664","G protein-coupled receptor binding","1/76","99/6213",0.0101010101010101,0.825757575757576,-0.194470281540828,0.707195498728668,0.854405915968461,0.715361626838112,"XLOC-016422#OX2R-MOUSE#P58308",1
"GO:0030496","GO:0030496","midbody","1/76","99/6213",0.0101010101010101,0.825757575757576,-0.194470281540828,0.707195498728668,0.854405915968461,0.715361626838112,"XLOC-008865#PTN13-HUMAN#Q12923",1
"GO:0035220","GO:0035220","wing disc development","2/76","200/6213",0.01,0.8175,-0.291928652558647,0.708411090381347,0.855368710194499,0.716167737880857,"XLOC-000896#ATOH8-HUMAN#Q96SQ7/XLOC-022943#NR2E3-MOUSE#Q9QXZ7",2
"GO:0043549","GO:0043549","regulation of kinase activity","4/76","389/6213",0.0102827763496144,0.840616966580977,-0.361285609783114,0.709812110631226,0.855492877634547,0.716271698563073,"XLOC-015229#M3K2-HUMAN#Q9Y2U5/XLOC-023724#ANGL7-MOUSE#Q8R1Q3/XLOC-010031#ACHB4-BOVIN#Q8SPU6/XLOC-016422#OX2R-MOUSE#P58308",4
"GO:0005085","GO:0005085","guanyl-nucleotide exchange factor activity","1/76","100/6213",0.01,0.8175,-0.204729360060193,0.710835201394127,0.855492877634547,0.716271698563073,"XLOC-025588#RGRF1-HUMAN#Q13972",1
"GO:0005777","GO:0005777","peroxisome","1/76","100/6213",0.01,0.8175,-0.204729360060193,0.710835201394127,0.855492877634547,0.716271698563073,"XLOC-016600#SYT7-MOUSE#Q9R0N7",1
"GO:0042579","GO:0042579","microbody","1/76","100/6213",0.01,0.8175,-0.204729360060193,0.710835201394127,0.855492877634547,0.716271698563073,"XLOC-016600#SYT7-MOUSE#Q9R0N7",1
"GO:0071229","GO:0071229","cellular response to acid chemical","1/76","100/6213",0.01,0.8175,-0.204729360060193,0.710835201394127,0.855492877634547,0.716271698563073,"gene-evm.model.ptg000022l.478#GSH0-HUMAN#P48507",1
"GO:0035282","GO:0035282","segmentation","2/76","201/6213",0.00995024875621891,0.813432835820895,-0.299204562079334,0.711026385816672,0.855492877634547,0.716271698563073,"gene-evm.model.ptg000001l.686#SOX14-DANRE#Q32PP9/XLOC-012287#SX19B-DANRE#Q9DDD7",2
"GO:2001233","GO:2001233","regulation of apoptotic signaling pathway","2/76","202/6213",0.0099009900990099,0.809405940594059,-0.306447539586219,0.713622405846019,0.857568154092615,0.718009248731483,"XLOC-027115#TXD12-EPICO#H9D1R1/gene-evm.model.ptg000022l.478#GSH0-HUMAN#P48507",2
"GO:0004857","GO:0004857","enzyme inhibitor activity","1/76","101/6213",0.0099009900990099,0.809405940594059,-0.21489327874369,0.71443024878396,0.857568154092615,0.718009248731483,"XLOC-016437#UBP14-PANTR#P60051",1
"GO:0043484","GO:0043484","regulation of RNA splicing","1/76","101/6213",0.0099009900990099,0.809405940594059,-0.21489327874369,0.71443024878396,0.857568154092615,0.718009248731483,"gene-evm.model.ptg000031l.486#ELAV2-XENTR#Q28GD4",1
"GO:0050684","GO:0050684","regulation of mRNA processing","1/76","101/6213",0.0099009900990099,0.809405940594059,-0.21489327874369,0.71443024878396,0.857568154092615,0.718009248731483,"gene-evm.model.ptg000031l.486#ELAV2-XENTR#Q28GD4",1
"GO:0006468","GO:0006468","protein phosphorylation","4/76","392/6213",0.0102040816326531,0.834183673469388,-0.377412240599564,0.715568091841241,0.858429601662746,0.71873050606794,"XLOC-015229#M3K2-HUMAN#Q9Y2U5/XLOC-009528#DYRK4-HUMAN#Q9NR20/XLOC-016422#OX2R-MOUSE#P58308/XLOC-025588#RGRF1-HUMAN#Q13972",4
"GO:0046890","GO:0046890","regulation of lipid biosynthetic process","1/76","102/6213",0.00980392156862745,0.801470588235294,-0.22496412038388,0.717981181554317,0.860479319768545,0.720446657198591,"gene-evm.model.ptg000012l.875#IMB1-HUMAN#Q14974",1
"GO:0060627","GO:0060627","regulation of vesicle-mediated transport","3/76","300/6213",0.01,0.8175,-0.36054876697893,0.718226517929367,0.860479319768545,0.720446657198591,"XLOC-025955#MCTP1-MOUSE#E9PV86/XLOC-016600#SYT7-MOUSE#Q9R0N7/XLOC-002280#CAC1A-APIME#C9D7C2",3
"GO:0001101","GO:0001101","response to acid chemical","2/76","204/6213",0.00980392156862745,0.801470588235294,-0.320836149490638,0.718756912555892,0.860479319768545,0.720446657198591,"XLOC-025964#NEC1-HUMAN#P29120/gene-evm.model.ptg000022l.478#GSH0-HUMAN#P48507",2
"GO:0033993","GO:0033993","response to lipid","4/76","394/6213",0.0101522842639594,0.82994923857868,-0.388102974450101,0.719360036607045,0.860479319768545,0.720446657198591,"gene-evm.model.ptg000031l.539#LIPP-ICTTR#O88354/XLOC-022211#ARLY-AQUCT#P51464/XLOC-016422#OX2R-MOUSE#P58308/XLOC-025964#NEC1-HUMAN#P29120",4
"GO:0004674","GO:0004674","protein serine/threonine kinase activity","2/76","205/6213",0.00975609756097561,0.797560975609756,-0.327982492688698,0.721295548409681,0.860479319768545,0.720446657198591,"XLOC-015229#M3K2-HUMAN#Q9Y2U5/XLOC-009528#DYRK4-HUMAN#Q9NR20",2
"GO:0005938","GO:0005938","cell cortex","2/76","205/6213",0.00975609756097561,0.797560975609756,-0.327982492688698,0.721295548409681,0.860479319768545,0.720446657198591,"gene-evm.model.ptg000031l.486#ELAV2-XENTR#Q28GD4/XLOC-015786#XLOC-015786",2
"GO:0006470","GO:0006470","protein dephosphorylation","1/76","103/6213",0.00970873786407767,0.793689320388349,-0.234943900704102,0.721488533902847,0.860479319768545,0.720446657198591,"XLOC-008865#PTN13-HUMAN#Q12923",1
"GO:0030323","GO:0030323","respiratory tube development","1/76","103/6213",0.00970873786407767,0.793689320388349,-0.234943900704102,0.721488533902847,0.860479319768545,0.720446657198591,"gene-evm.model.ptg000022l.266#FCN1-MOUSE#O70165",1
"GO:0030324","GO:0030324","lung development","1/76","103/6213",0.00970873786407767,0.793689320388349,-0.234943900704102,0.721488533902847,0.860479319768545,0.720446657198591,"gene-evm.model.ptg000022l.266#FCN1-MOUSE#O70165",1
"GO:0048640","GO:0048640","negative regulation of developmental growth","1/76","103/6213",0.00970873786407767,0.793689320388349,-0.234943900704102,0.721488533902847,0.860479319768545,0.720446657198591,"XLOC-025696#FIBA-APOPA#P19477",1
"GO:0006986","GO:0006986","response to unfolded protein","1/76","104/6213",0.00961538461538462,0.786057692307692,-0.244834571173619,0.724952833644809,0.863099440056145,0.722640384414682,"XLOC-009392#FKB14-HUMAN#Q9NWM8",1
"GO:0016874","GO:0016874","ligase activity","1/76","104/6213",0.00961538461538462,0.786057692307692,-0.244834571173619,0.724952833644809,0.863099440056145,0.722640384414682,"gene-evm.model.ptg000022l.478#GSH0-HUMAN#P48507",1
"GO:0097237","GO:0097237","cellular response to toxic substance","1/76","104/6213",0.00961538461538462,0.786057692307692,-0.244834571173619,0.724952833644809,0.863099440056145,0.722640384414682,"XLOC-017989#AMT3-CAEEL#Q21565",1
"GO:0016050","GO:0016050","vesicle organization","2/76","207/6213",0.00966183574879227,0.789855072463768,-0.342180989879875,0.726315965878427,0.864218706051035,0.723577503327373,"XLOC-019965#SYT14-HUMAN#Q8NB59/XLOC-016600#SYT7-MOUSE#Q9R0N7",2
"GO:0019904","GO:0019904","protein domain specific binding","4/76","398/6213",0.0100502512562814,0.821608040201005,-0.409342098051535,0.726835108702561,0.864333019254559,0.723673213431568,"gene-evm.model.ptg000012l.875#IMB1-HUMAN#Q14974/XLOC-010099#KCNA1-HUMAN#Q09470/XLOC-010401#KCNAS-DROME#P08510/XLOC-021753#KCNA1-HUMAN#Q09470",4
"GO:0016482","GO:0016482","cytosolic transport","1/76","105/6213",0.00952380952380952,0.778571428571429,-0.254638021678089,0.728374602288285,0.864653871281212,0.723941850648927,"XLOC-016600#SYT7-MOUSE#Q9R0N7",1
"GO:0016485","GO:0016485","protein processing","1/76","105/6213",0.00952380952380952,0.778571428571429,-0.254638021678089,0.728374602288285,0.864653871281212,0.723941850648927,"XLOC-025964#NEC1-HUMAN#P29120",1
"GO:0072330","GO:0072330","monocarboxylic acid biosynthetic process","1/76","105/6213",0.00952380952380952,0.778571428571429,-0.254638021678089,0.728374602288285,0.864653871281212,0.723941850648927,"XLOC-002878#LMX1B-XENLA#Q8UVR3",1
"GO:0001944","GO:0001944","vasculature development","2/76","208/6213",0.00961538461538462,0.786057692307692,-0.349233821016625,0.728797902780559,0.864653957828503,0.723941923111687,"XLOC-015229#M3K2-HUMAN#Q9Y2U5/XLOC-002381#LAMA1-HUMAN#P25391",2
"GO:0042742","GO:0042742","defense response to bacterium","1/76","106/6213",0.00943396226415094,0.77122641509434,-0.264356083054135,0.731754355108535,0.867154377892539,0.726035429876279,"gene-evm.model.ptg000001l.946#AQP9-HUMAN#O43315",1
"GO:0050714","GO:0050714","positive regulation of protein secretion","1/76","106/6213",0.00943396226415094,0.77122641509434,-0.264356083054135,0.731754355108535,0.867154377892539,0.726035429876279,"XLOC-025964#NEC1-HUMAN#P29120",1
"GO:0051093","GO:0051093","negative regulation of developmental process","5/76","495/6213",0.0101010101010101,0.825757575757576,-0.449654440716098,0.73508457557217,0.868591199708203,0.727238426218322,"XLOC-015229#M3K2-HUMAN#Q9Y2U5/XLOC-023724#ANGL7-MOUSE#Q8R1Q3/XLOC-025696#FIBA-APOPA#P19477/XLOC-002878#LMX1B-XENLA#Q8UVR3/XLOC-012420#RFX6-DANRE#Q5RJA1",5
"GO:0005096","GO:0005096","GTPase activator activity","1/76","107/6213",0.00934579439252336,0.764018691588785,-0.273990529496146,0.73509260122148,0.868591199708203,0.727238426218322,"XLOC-025588#RGRF1-HUMAN#Q13972",1
"GO:0007033","GO:0007033","vacuole organization","1/76","107/6213",0.00934579439252336,0.764018691588785,-0.273990529496146,0.73509260122148,0.868591199708203,0.727238426218322,"XLOC-016600#SYT7-MOUSE#Q9R0N7",1
"GO:0035967","GO:0035967","cellular response to topologically incorrect protein","1/76","107/6213",0.00934579439252336,0.764018691588785,-0.273990529496146,0.73509260122148,0.868591199708203,0.727238426218322,"XLOC-009392#FKB14-HUMAN#Q9NWM8",1
"GO:0043903","GO:0043903","regulation of biological process involved in symbiotic interaction","1/76","107/6213",0.00934579439252336,0.764018691588785,-0.273990529496146,0.73509260122148,0.868591199708203,0.727238426218322,"XLOC-025644#PPIB-MOUSE#P24369",1
"GO:0007560","GO:0007560","imaginal disc morphogenesis","2/76","211/6213",0.00947867298578199,0.774881516587678,-0.370210595730256,0.736131577444312,0.869144718224601,0.727701866251887,"XLOC-000896#ATOH8-HUMAN#Q96SQ7/XLOC-022943#NR2E3-MOUSE#Q9QXZ7",2
"GO:0007389","GO:0007389","pattern specification process","5/76","496/6213",0.0100806451612903,0.824092741935484,-0.454448798248715,0.736733528484588,0.869144718224601,0.727701866251887,"gene-evm.model.ptg000001l.686#SOX14-DANRE#Q32PP9/XLOC-002878#LMX1B-XENLA#Q8UVR3/XLOC-012420#RFX6-DANRE#Q5RJA1/XLOC-000896#ATOH8-HUMAN#Q96SQ7/XLOC-012287#SX19B-DANRE#Q9DDD7",5
"GO:0001708","GO:0001708","cell fate specification","1/76","108/6213",0.00925925925925926,0.756944444444444,-0.283543080842916,0.738389843656325,0.869144718224601,0.727701866251887,"XLOC-022943#NR2E3-MOUSE#Q9QXZ7",1
"GO:0040014","GO:0040014","regulation of multicellular organism growth","1/76","108/6213",0.00925925925925926,0.756944444444444,-0.283543080842916,0.738389843656325,0.869144718224601,0.727701866251887,"XLOC-025644#PPIB-MOUSE#P24369",1
"GO:0055029","GO:0055029","nuclear DNA-directed RNA polymerase complex","1/76","108/6213",0.00925925925925926,0.756944444444444,-0.283543080842916,0.738389843656325,0.869144718224601,0.727701866251887,"XLOC-001865#RPC2-HUMAN#Q9NW08",1
"GO:0048562","GO:0048562","embryonic organ morphogenesis","2/76","212/6213",0.00943396226415094,0.77122641509434,-0.37714334859527,0.738539026352377,0.869144718224601,0.727701866251887,"XLOC-011296#FOXL2-ELLLU#Q4VUF1/XLOC-000896#ATOH8-HUMAN#Q96SQ7",2
"GO:1903046","GO:1903046","meiotic cell cycle process","2/76","212/6213",0.00943396226415094,0.77122641509434,-0.37714334859527,0.738539026352377,0.869144718224601,0.727701866251887,"XLOC-025584#SMC5-HUMAN#Q8IY18/XLOC-009548#MSH4-HUMAN#O15457",2
"GO:0097435","GO:0097435","supramolecular fiber organization","2/76","213/6213",0.00938967136150235,0.767605633802817,-0.384046870095578,0.740928057352548,0.871296125227188,0.72950315763412,"gene-evm.model.ptg000012l.875#IMB1-HUMAN#Q14974/XLOC-002878#LMX1B-XENLA#Q8UVR3",2
"GO:0000428","GO:0000428","DNA-directed RNA polymerase complex","1/76","109/6213",0.00917431192660551,0.75,-0.293015404751175,0.741646579427352,0.871296125227188,0.72950315763412,"XLOC-001865#RPC2-HUMAN#Q9NW08",1
"GO:0046661","GO:0046661","male sex differentiation","1/76","109/6213",0.00917431192660551,0.75,-0.293015404751175,0.741646579427352,0.871296125227188,0.72950315763412,"XLOC-011296#FOXL2-ELLLU#Q4VUF1",1
"GO:0006417","GO:0006417","regulation of translation","2/76","214/6213",0.00934579439252336,0.764018691588785,-0.390921465772241,0.743298753666694,0.872735260770722,0.730708091172643,"gene-evm.model.ptg000031l.486#ELAV2-XENTR#Q28GD4/XLOC-026511#CPEB4-DANRE#Q7SXN4",2
"GO:0016746","GO:0016746","acyltransferase activity","1/76","110/6213",0.00909090909090909,0.743181818181818,-0.302409118762622,0.744863299604862,0.874069914470266,0.731825546030957,"XLOC-022043#MOG2A-XENLA#Q2KHS5",1
"GO:0043410","GO:0043410","positive regulation of MAPK cascade","2/76","216/6213",0.00925925925925926,0.756944444444444,-0.404585078425927,0.747985478788331,0.875786085853395,0.733262431157362,"XLOC-015229#M3K2-HUMAN#Q9Y2U5/XLOC-010031#ACHB4-BOVIN#Q8SPU6",2
"GO:0006399","GO:0006399","tRNA metabolic process","1/76","111/6213",0.00900900900900901,0.736486486486487,-0.311725792270601,0.748040489385303,0.875786085853395,0.733262431157362,"XLOC-016437#UBP14-PANTR#P60051",1
"GO:0030880","GO:0030880","RNA polymerase complex","1/76","111/6213",0.00900900900900901,0.736486486486487,-0.311725792270601,0.748040489385303,0.875786085853395,0.733262431157362,"XLOC-001865#RPC2-HUMAN#Q9NW08",1
"GO:0031345","GO:0031345","negative regulation of cell projection organization","1/76","111/6213",0.00900900900900901,0.736486486486487,-0.311725792270601,0.748040489385303,0.875786085853395,0.733262431157362,"XLOC-025696#FIBA-APOPA#P19477",1
"GO:0006518","GO:0006518","peptide metabolic process","3/76","316/6213",0.00949367088607595,0.776107594936709,-0.454581541512791,0.750879857066308,0.877950765064106,0.735074834855436,"XLOC-026511#CPEB4-DANRE#Q7SXN4/XLOC-025964#NEC1-HUMAN#P29120/gene-evm.model.ptg000022l.478#GSH0-HUMAN#P48507",3
"GO:0099568","GO:0099568","cytoplasmic region","3/76","316/6213",0.00949367088607595,0.776107594936709,-0.454581541512791,0.750879857066308,0.877950765064106,0.735074834855436,"XLOC-019525#ABD12-DANRE#Q08C93/gene-evm.model.ptg000031l.486#ELAV2-XENTR#Q28GD4/XLOC-015786#XLOC-015786",3
"GO:0046578","GO:0046578","regulation of Ras protein signal transduction","1/76","112/6213",0.00892857142857143,0.729910714285714,-0.320966948392166,0.751178628160576,0.877950765064106,0.735074834855436,"XLOC-025588#RGRF1-HUMAN#Q13972",1
"GO:0005524","GO:0005524","ATP binding","2/76","218/6213",0.00917431192660551,0.75,-0.418136538622307,0.75259988173372,0.878104830600794,0.735203828078569,"XLOC-002415#KCNT1-CHICK#Q8QFV0/XLOC-009528#DYRK4-HUMAN#Q9NR20",2
"GO:0010506","GO:0010506","regulation of autophagy","2/76","218/6213",0.00917431192660551,0.75,-0.418136538622307,0.75259988173372,0.878104830600794,0.735203828078569,"XLOC-000356#DRAM2-MOUSE#Q9CR48/XLOC-002878#LMX1B-XENLA#Q8UVR3",2
"GO:0010721","GO:0010721","negative regulation of cell development","2/76","218/6213",0.00917431192660551,0.75,-0.418136538622307,0.75259988173372,0.878104830600794,0.735203828078569,"XLOC-025696#FIBA-APOPA#P19477/XLOC-002878#LMX1B-XENLA#Q8UVR3",2
"GO:0050773","GO:0050773","regulation of dendrite development","1/76","113/6213",0.00884955752212389,0.723451327433628,-0.330134065750911,0.754278189586538,0.879560697103481,0.736422769813822,"gene-evm.model.ptg000031l.486#ELAV2-XENTR#Q28GD4",1
"GO:0000819","GO:0000819","sister chromatid segregation","1/76","114/6213",0.0087719298245614,0.717105263157895,-0.33922858017557,0.757339641650706,0.880116546013875,0.736888160997783,"gene-evm.model.ptg000012l.875#IMB1-HUMAN#Q14974",1
"GO:0009408","GO:0009408","response to heat","1/76","114/6213",0.0087719298245614,0.717105263157895,-0.33922858017557,0.757339641650706,0.880116546013875,0.736888160997783,"XLOC-016422#OX2R-MOUSE#P58308",1
"GO:0045637","GO:0045637","regulation of myeloid cell differentiation","1/76","114/6213",0.0087719298245614,0.717105263157895,-0.33922858017557,0.757339641650706,0.880116546013875,0.736888160997783,"XLOC-022254#P4HTM-HUMAN#Q9NXG6",1
"GO:0046328","GO:0046328","regulation of JNK cascade","1/76","114/6213",0.0087719298245614,0.717105263157895,-0.33922858017557,0.757339641650706,0.880116546013875,0.736888160997783,"XLOC-015229#M3K2-HUMAN#Q9Y2U5",1
"GO:0050821","GO:0050821","protein stabilization","1/76","114/6213",0.0087719298245614,0.717105263157895,-0.33922858017557,0.757339641650706,0.880116546013875,0.736888160997783,"XLOC-025644#PPIB-MOUSE#P24369",1
"GO:0101002","GO:0101002","ficolin-1-rich granule","1/76","114/6213",0.0087719298245614,0.717105263157895,-0.33922858017557,0.757339641650706,0.880116546013875,0.736888160997783,"gene-evm.model.ptg000012l.875#IMB1-HUMAN#Q14974",1
"GO:0030667","GO:0030667","secretory granule membrane","1/76","115/6213",0.00869565217391304,0.710869565217391,-0.348251886319087,0.760363446739171,0.882626432777345,0.738989593870307,"gene-evm.model.ptg000031l.539#LIPP-ICTTR#O88354",1
"GO:0043409","GO:0043409","negative regulation of MAPK cascade","1/76","115/6213",0.00869565217391304,0.710869565217391,-0.348251886319087,0.760363446739171,0.882626432777345,0.738989593870307,"XLOC-010031#ACHB4-BOVIN#Q8SPU6",1
"GO:0007265","GO:0007265","Ras protein signal transduction","1/76","116/6213",0.00862068965517241,0.704741379310345,-0.357205339202548,0.763350061702737,0.884585465716784,0.740629817754991,"gene-evm.model.ptg000012l.875#IMB1-HUMAN#Q14974",1
"GO:0031349","GO:0031349","positive regulation of defense response","1/76","116/6213",0.00862068965517241,0.704741379310345,-0.357205339202548,0.763350061702737,0.884585465716784,0.740629817754991,"XLOC-001865#RPC2-HUMAN#Q9NW08",1
"GO:0045861","GO:0045861","negative regulation of proteolysis","1/76","116/6213",0.00862068965517241,0.704741379310345,-0.357205339202548,0.763350061702737,0.884585465716784,0.740629817754991,"XLOC-016437#UBP14-PANTR#P60051",1
"GO:0005789","GO:0005789","endoplasmic reticulum membrane","4/76","420/6213",0.00952380952380952,0.778571428571429,-0.522938957938951,0.765371859139574,0.886425571554507,0.742170468493739,"XLOC-022043#MOG2A-XENLA#Q2KHS5/XLOC-025955#MCTP1-MOUSE#E9PV86/XLOC-015788#OTOF-HUMAN#Q9HC10/XLOC-025588#RGRF1-HUMAN#Q13972",4
"GO:0003924","GO:0003924","GTPase activity","1/76","117/6213",0.00854700854700855,0.698717948717949,-0.366090255688088,0.766299937922286,0.886495341548828,0.742228884260425,"XLOC-010449#GCY8E-DROME#Q8INF0",1
"GO:0035148","GO:0035148","tube formation","1/76","117/6213",0.00854700854700855,0.698717948717949,-0.366090255688088,0.766299937922286,0.886495341548828,0.742228884260425,"XLOC-000896#ATOH8-HUMAN#Q96SQ7",1
"GO:0005635","GO:0005635","nuclear envelope","2/76","225/6213",0.00888888888888889,0.726666666666667,-0.464715779116708,0.768190806736273,0.887677498960524,0.743218659768066,"gene-evm.model.ptg000012l.875#IMB1-HUMAN#Q14974/gene-evm.model.ptg000031l.486#ELAV2-XENTR#Q28GD4",2
"GO:0051321","GO:0051321","meiotic cell cycle","2/76","225/6213",0.00888888888888889,0.726666666666667,-0.464715779116708,0.768190806736273,0.887677498960524,0.743218659768066,"XLOC-025584#SMC5-HUMAN#Q8IY18/XLOC-009548#MSH4-HUMAN#O15457",2
"GO:1902850","GO:1902850","microtubule cytoskeleton organization involved in mitosis","1/76","118/6213",0.00847457627118644,0.692796610169492,-0.374907915884629,0.769213521373386,0.888165782233085,0.743627480809317,"gene-evm.model.ptg000012l.875#IMB1-HUMAN#Q14974",1
"GO:0090407","GO:0090407","organophosphate biosynthetic process","3/76","326/6213",0.00920245398773006,0.752300613496933,-0.511247469121071,0.769737969884868,0.888165782233085,0.743627480809317,"XLOC-008865#PTN13-HUMAN#Q12923/XLOC-010449#GCY8E-DROME#Q8INF0/XLOC-016646#ADK-PHYPA#O49923",3
"GO:0021700","GO:0021700","developmental maturation","2/76","226/6213",0.00884955752212389,0.723451327433628,-0.471265477492634,0.770348218289929,0.888165782233085,0.743627480809317,"XLOC-002280#CAC1A-APIME#C9D7C2/XLOC-022943#NR2E3-MOUSE#Q9QXZ7",2
"GO:0008285","GO:0008285","negative regulation of cell population proliferation","3/76","327/6213",0.00917431192660551,0.75,-0.516830594188362,0.771559669555819,0.888165782233085,0.743627480809317,"XLOC-019533#DMBT1-MOUSE#Q60997/XLOC-000896#ATOH8-HUMAN#Q96SQ7/XLOC-019829#INS1A-DANRE#Q6P0F9",3
"GO:0001754","GO:0001754","eye photoreceptor cell differentiation","1/76","119/6213",0.00840336134453781,0.686974789915966,-0.383659564490067,0.772091252690141,0.888165782233085,0.743627480809317,"XLOC-019829#INS1A-DANRE#Q6P0F9",1
"GO:0001819","GO:0001819","positive regulation of cytokine production","1/76","119/6213",0.00840336134453781,0.686974789915966,-0.383659564490067,0.772091252690141,0.888165782233085,0.743627480809317,"XLOC-001865#RPC2-HUMAN#Q9NW08",1
"GO:0015849","GO:0015849","organic acid transport","1/76","119/6213",0.00840336134453781,0.686974789915966,-0.383659564490067,0.772091252690141,0.888165782233085,0.743627480809317,"XLOC-002280#CAC1A-APIME#C9D7C2",1
"GO:0046942","GO:0046942","carboxylic acid transport","1/76","119/6213",0.00840336134453781,0.686974789915966,-0.383659564490067,0.772091252690141,0.888165782233085,0.743627480809317,"XLOC-002280#CAC1A-APIME#C9D7C2",1
"GO:0032838","GO:0032838","plasma membrane bounded cell projection cytoplasm","1/76","120/6213",0.00833333333333333,0.68125,-0.392346412073286,0.774933567228301,0.888932778128815,0.74426965734566,"XLOC-019525#ABD12-DANRE#Q08C93",1
"GO:0035966","GO:0035966","response to topologically incorrect protein","1/76","120/6213",0.00833333333333333,0.68125,-0.392346412073286,0.774933567228301,0.888932778128815,0.74426965734566,"XLOC-009392#FKB14-HUMAN#Q9NWM8",1
"GO:0045785","GO:0045785","positive regulation of cell adhesion","1/76","120/6213",0.00833333333333333,0.68125,-0.392346412073286,0.774933567228301,0.888932778128815,0.74426965734566,"XLOC-016646#ADK-PHYPA#O49923",1
"GO:0046777","GO:0046777","protein autophosphorylation","1/76","120/6213",0.00833333333333333,0.68125,-0.392346412073286,0.774933567228301,0.888932778128815,0.74426965734566,"XLOC-015229#M3K2-HUMAN#Q9Y2U5",1
"GO:0048754","GO:0048754","branching morphogenesis of an epithelial tube","1/76","120/6213",0.00833333333333333,0.68125,-0.392346412073286,0.774933567228301,0.888932778128815,0.74426965734566,"gene-evm.model.ptg000022l.266#FCN1-MOUSE#O70165",1
"GO:0060541","GO:0060541","respiratory system development","2/76","229/6213",0.00873362445414847,0.713973799126637,-0.490763465356436,0.776717642313398,0.889995484112203,0.745159420708623,"gene-evm.model.ptg000022l.266#FCN1-MOUSE#O70165/XLOC-022211#ARLY-AQUCT#P51464",2
"GO:0001775","GO:0001775","cell activation","4/76","427/6213",0.00936768149882904,0.765807962529274,-0.558009131348239,0.776731252164493,0.889995484112203,0.745159420708623,"gene-evm.model.ptg000012l.875#IMB1-HUMAN#Q14974/XLOC-010031#ACHB4-BOVIN#Q8SPU6/XLOC-016498#SAP3-MOUSE#Q60648/gene-evm.model.ptg000022l.478#GSH0-HUMAN#P48507",4
"GO:0051249","GO:0051249","regulation of lymphocyte activation","1/76","121/6213",0.00826446280991736,0.675619834710744,-0.400969636299206,0.777740895127637,0.890153864843564,0.745292026880383,"XLOC-016646#ADK-PHYPA#O49923",1
"GO:0061136","GO:0061136","regulation of proteasomal protein catabolic process","1/76","121/6213",0.00826446280991736,0.675619834710744,-0.400969636299206,0.777740895127637,0.890153864843564,0.745292026880383,"XLOC-016437#UBP14-PANTR#P60051",1
"GO:0016773","GO:0016773","phosphotransferase activity, alcohol group as acceptor","3/76","332/6213",0.00903614457831325,0.738704819277108,-0.544526863478004,0.78049605256264,0.892246159457647,0.74704382570455,"XLOC-015229#M3K2-HUMAN#Q9Y2U5/XLOC-009528#DYRK4-HUMAN#Q9NR20/XLOC-016646#ADK-PHYPA#O49923",3
"GO:0030695","GO:0030695","GTPase regulator activity","1/76","122/6213",0.00819672131147541,0.670081967213115,-0.409530383099829,0.780513661373582,0.892246159457647,0.74704382570455,"XLOC-025588#RGRF1-HUMAN#Q13972",1
"GO:0031347","GO:0031347","regulation of defense response","2/76","231/6213",0.00865800865800866,0.707792207792208,-0.50363863309982,0.780879164517999,0.892246159457647,0.74704382570455,"XLOC-010031#ACHB4-BOVIN#Q8SPU6/XLOC-001865#RPC2-HUMAN#Q9NW08",2
"GO:0042175","GO:0042175","nuclear outer membrane-endoplasmic reticulum membrane network","4/76","432/6213",0.00925925925925926,0.756944444444444,-0.582760891491474,0.78458344754261,0.895977631821997,0.75016804581021,"XLOC-022043#MOG2A-XENLA#Q2KHS5/XLOC-025955#MCTP1-MOUSE#E9PV86/XLOC-015788#OTOF-HUMAN#Q9HC10/XLOC-025588#RGRF1-HUMAN#Q13972",4
"GO:0005802","GO:0005802","trans-Golgi network","1/76","124/6213",0.00806451612903226,0.659274193548387,-0.426468876159298,0.785957183440233,0.896544123823783,0.750642348050415,"XLOC-025964#NEC1-HUMAN#P29120",1
"GO:0010770","GO:0010770","positive regulation of cell morphogenesis","1/76","124/6213",0.00806451612903226,0.659274193548387,-0.426468876159298,0.785957183440233,0.896544123823783,0.750642348050415,"XLOC-022943#NR2E3-MOUSE#Q9QXZ7",1
"GO:0006302","GO:0006302","double-strand break repair","1/76","125/6213",0.008,0.654,-0.434848765456187,0.788628764004947,0.898087271383559,0.751934366900216,"XLOC-025584#SMC5-HUMAN#Q8IY18",1
"GO:0031965","GO:0031965","nuclear membrane","1/76","125/6213",0.008,0.654,-0.434848765456187,0.788628764004947,0.898087271383559,0.751934366900216,"gene-evm.model.ptg000012l.875#IMB1-HUMAN#Q14974",1
"GO:0032869","GO:0032869","cellular response to insulin stimulus","1/76","125/6213",0.008,0.654,-0.434848765456187,0.788628764004947,0.898087271383559,0.751934366900216,"XLOC-025588#RGRF1-HUMAN#Q13972",1
"GO:0051345","GO:0051345","positive regulation of hydrolase activity","3/76","338/6213",0.00887573964497041,0.725591715976331,-0.57729273313074,0.790845904632843,0.898088535913179,0.751935425642845,"gene-evm.model.ptg000031l.539#LIPP-ICTTR#O88354/XLOC-011296#FOXL2-ELLLU#Q4VUF1/XLOC-025588#RGRF1-HUMAN#Q13972",3
"GO:0061061","GO:0061061","muscle structure development","3/76","338/6213",0.00887573964497041,0.725591715976331,-0.57729273313074,0.790845904632843,0.898088535913179,0.751935425642845,"XLOC-013651#ETV1-BOVIN#Q2KIC2/XLOC-011296#FOXL2-ELLLU#Q4VUF1/XLOC-022211#ARLY-AQUCT#P51464",3
"GO:0032386","GO:0032386","regulation of intracellular transport","2/76","236/6213",0.00847457627118644,0.692796610169492,-0.535407974261201,0.790991697412008,0.898088535913179,0.751935425642845,"XLOC-002878#LMX1B-XENLA#Q8UVR3/XLOC-013699#CD5R1-BOVIN#Q28199",2
"GO:0001889","GO:0001889","liver development","1/76","126/6213",0.00793650793650794,0.648809523809524,-0.443170465410701,0.791267432522625,0.898088535913179,0.751935425642845,"XLOC-022211#ARLY-AQUCT#P51464",1
"GO:0007368","GO:0007368","determination of left/right symmetry","1/76","126/6213",0.00793650793650794,0.648809523809524,-0.443170465410701,0.791267432522625,0.898088535913179,0.751935425642845,"XLOC-000896#ATOH8-HUMAN#Q96SQ7",1
"GO:0016032","GO:0016032","viral process","1/76","126/6213",0.00793650793650794,0.648809523809524,-0.443170465410701,0.791267432522625,0.898088535913179,0.751935425642845,"gene-evm.model.ptg000012l.875#IMB1-HUMAN#Q14974",1
"GO:0071478","GO:0071478","cellular response to radiation","1/76","128/6213",0.0078125,0.638671875,-0.45964328412272,0.796447629072012,0.903435933252496,0.756412598364277,"XLOC-015872#DIS1D-DICDI#P02888",1
"GO:0043312","GO:0043312","neutrophil degranulation","2/76","239/6213",0.00836820083682008,0.684100418410042,-0.554191486742794,0.796863216701419,0.903435933252496,0.756412598364277,"gene-evm.model.ptg000012l.875#IMB1-HUMAN#Q14974/XLOC-016498#SAP3-MOUSE#Q60648",2
"GO:0051235","GO:0051235","maintenance of location","1/76","129/6213",0.00775193798449612,0.633720930232558,-0.467796332922823,0.79898994298993,0.905177652245638,0.757870873534359,"XLOC-016498#SAP3-MOUSE#Q60648",1
"GO:0030162","GO:0030162","regulation of proteolysis","3/76","344/6213",0.00872093023255814,0.712936046511628,-0.609565369917327,0.800795824334065,0.905177652245638,0.757870873534359,"XLOC-011296#FOXL2-ELLLU#Q4VUF1/XLOC-012420#RFX6-DANRE#Q5RJA1/XLOC-016437#UBP14-PANTR#P60051",3
"GO:0000209","GO:0000209","protein polyubiquitination","1/76","130/6213",0.00769230769230769,0.628846153846154,-0.475895054156345,0.801500916746137,0.905177652245638,0.757870873534359,"XLOC-026613#HECD2-PONAB#Q5RD78",1
"GO:0046474","GO:0046474","glycerophospholipid biosynthetic process","1/76","130/6213",0.00769230769230769,0.628846153846154,-0.475895054156345,0.801500916746137,0.905177652245638,0.757870873534359,"XLOC-008865#PTN13-HUMAN#Q12923",1
"GO:0061008","GO:0061008","hepaticobiliary system development","1/76","130/6213",0.00769230769230769,0.628846153846154,-0.475895054156345,0.801500916746137,0.905177652245638,0.757870873534359,"XLOC-022211#ARLY-AQUCT#P51464",1
"GO:0061138","GO:0061138","morphogenesis of a branching epithelium","1/76","130/6213",0.00769230769230769,0.628846153846154,-0.475895054156345,0.801500916746137,0.905177652245638,0.757870873534359,"gene-evm.model.ptg000022l.266#FCN1-MOUSE#O70165",1
"GO:0061630","GO:0061630","ubiquitin protein ligase activity","1/76","130/6213",0.00769230769230769,0.628846153846154,-0.475895054156345,0.801500916746137,0.905177652245638,0.757870873534359,"XLOC-026613#HECD2-PONAB#Q5RD78",1
"GO:0002283","GO:0002283","neutrophil activation involved in immune response","2/76","242/6213",0.00826446280991736,0.675619834710744,-0.572773473017684,0.802590833743402,0.905907775324735,0.758482177861604,"gene-evm.model.ptg000012l.875#IMB1-HUMAN#Q14974/XLOC-016498#SAP3-MOUSE#Q60648",2
"GO:0034504","GO:0034504","protein localization to nucleus","1/76","131/6213",0.00763358778625954,0.624045801526718,-0.483940353215335,0.803980931595273,0.905964750965149,0.758529881401637,"gene-evm.model.ptg000012l.875#IMB1-HUMAN#Q14974",1
"GO:0051054","GO:0051054","positive regulation of DNA metabolic process","1/76","131/6213",0.00763358778625954,0.624045801526718,-0.483940353215335,0.803980931595273,0.905964750965149,0.758529881401637,"XLOC-010929#MIB2-MOUSE#Q8R516",1
"GO:0002446","GO:0002446","neutrophil mediated immunity","2/76","243/6213",0.00823045267489712,0.672839506172839,-0.578923640313855,0.804468501335479,0.905964750965149,0.758529881401637,"gene-evm.model.ptg000012l.875#IMB1-HUMAN#Q14974/XLOC-016498#SAP3-MOUSE#Q60648",2
"GO:0042119","GO:0042119","neutrophil activation","2/76","243/6213",0.00823045267489712,0.672839506172839,-0.578923640313855,0.804468501335479,0.905964750965149,0.758529881401637,"gene-evm.model.ptg000012l.875#IMB1-HUMAN#Q14974/XLOC-016498#SAP3-MOUSE#Q60648",2
"GO:0022411","GO:0022411","cellular component disassembly","2/76","244/6213",0.00819672131147541,0.670081967213115,-0.585052225589234,0.806330557438211,0.905964750965149,0.758529881401637,"gene-evm.model.ptg000012l.875#IMB1-HUMAN#Q14974/XLOC-011296#FOXL2-ELLLU#Q4VUF1",2
"GO:0001763","GO:0001763","morphogenesis of a branching structure","1/76","132/6213",0.00757575757575758,0.619318181818182,-0.491933113043093,0.806430364215917,0.905964750965149,0.758529881401637,"gene-evm.model.ptg000022l.266#FCN1-MOUSE#O70165",1
"GO:0019221","GO:0019221","cytokine-mediated signaling pathway","1/76","132/6213",0.00757575757575758,0.619318181818182,-0.491933113043093,0.806430364215917,0.905964750965149,0.758529881401637,"XLOC-015229#M3K2-HUMAN#Q9Y2U5",1
"GO:0030307","GO:0030307","positive regulation of cell growth","1/76","132/6213",0.00757575757575758,0.619318181818182,-0.491933113043093,0.806430364215917,0.905964750965149,0.758529881401637,"XLOC-022943#NR2E3-MOUSE#Q9QXZ7",1
"GO:0036230","GO:0036230","granulocyte activation","2/76","245/6213",0.00816326530612245,0.66734693877551,-0.591159424063435,0.8081770966956,0.905964750965149,0.758529881401637,"gene-evm.model.ptg000012l.875#IMB1-HUMAN#Q14974/XLOC-016498#SAP3-MOUSE#Q60648",2
"GO:0043299","GO:0043299","leukocyte degranulation","2/76","245/6213",0.00816326530612245,0.66734693877551,-0.591159424063435,0.8081770966956,0.905964750965149,0.758529881401637,"gene-evm.model.ptg000012l.875#IMB1-HUMAN#Q14974/XLOC-016498#SAP3-MOUSE#Q60648",2
"GO:0007051","GO:0007051","spindle organization","1/76","133/6213",0.0075187969924812,0.614661654135338,-0.49987419486478,0.808849586764773,0.905964750965149,0.758529881401637,"gene-evm.model.ptg000012l.875#IMB1-HUMAN#Q14974",1
"GO:0007264","GO:0007264","small GTPase-mediated signal transduction","1/76","133/6213",0.0075187969924812,0.614661654135338,-0.49987419486478,0.808849586764773,0.905964750965149,0.758529881401637,"gene-evm.model.ptg000012l.875#IMB1-HUMAN#Q14974",1
"GO:0061659","GO:0061659","ubiquitin-like protein ligase activity","1/76","133/6213",0.0075187969924812,0.614661654135338,-0.49987419486478,0.808849586764773,0.905964750965149,0.758529881401637,"XLOC-026613#HECD2-PONAB#Q5RD78",1
"GO:0140014","GO:0140014","mitotic nuclear division","1/76","133/6213",0.0075187969924812,0.614661654135338,-0.49987419486478,0.808849586764773,0.905964750965149,0.758529881401637,"gene-evm.model.ptg000012l.875#IMB1-HUMAN#Q14974",1
"GO:0043066","GO:0043066","negative regulation of apoptotic process","4/76","450/6213",0.00888888888888889,0.726666666666667,-0.669913921217789,0.811086310510897,0.907645788301438,0.759937350124861,"XLOC-023724#ANGL7-MOUSE#Q8R1Q3/XLOC-002280#CAC1A-APIME#C9D7C2/XLOC-027115#TXD12-EPICO#H9D1R1/gene-evm.model.ptg000022l.478#GSH0-HUMAN#P48507",4
"GO:0008544","GO:0008544","epidermis development","1/76","134/6213",0.00746268656716418,0.610074626865672,-0.507764438888769,0.811238966930213,0.907645788301438,0.759937350124861,"XLOC-019829#INS1A-DANRE#Q6P0F9",1
"GO:0008134","GO:0008134","transcription factor binding","3/76","352/6213",0.00852272727272727,0.696732954545454,-0.651861226275442,0.813455462428552,0.908641692838272,0.760771183173451,"XLOC-011296#FOXL2-ELLLU#Q4VUF1/XLOC-000896#ATOH8-HUMAN#Q96SQ7/XLOC-019829#INS1A-DANRE#Q6P0F9",3
"GO:0016791","GO:0016791","phosphatase activity","1/76","135/6213",0.00740740740740741,0.605555555555556,-0.515604664980143,0.813598867985206,0.908641692838272,0.760771183173451,"XLOC-008865#PTN13-HUMAN#Q12923",1
"GO:1903050","GO:1903050","regulation of proteolysis involved in protein catabolic process","1/76","135/6213",0.00740740740740741,0.605555555555556,-0.515604664980143,0.813598867985206,0.908641692838272,0.760771183173451,"XLOC-016437#UBP14-PANTR#P60051",1
"GO:0002275","GO:0002275","myeloid cell activation involved in immune response","2/76","249/6213",0.00803212851405622,0.656626506024096,-0.615378164115448,0.815409979655597,0.908641692838272,0.760771183173451,"gene-evm.model.ptg000012l.875#IMB1-HUMAN#Q14974/XLOC-016498#SAP3-MOUSE#Q60648",2
"GO:0002444","GO:0002444","myeloid leukocyte mediated immunity","2/76","249/6213",0.00803212851405622,0.656626506024096,-0.615378164115448,0.815409979655597,0.908641692838272,0.760771183173451,"gene-evm.model.ptg000012l.875#IMB1-HUMAN#Q14974/XLOC-016498#SAP3-MOUSE#Q60648",2
"GO:0007548","GO:0007548","sex differentiation","2/76","249/6213",0.00803212851405622,0.656626506024096,-0.615378164115448,0.815409979655597,0.908641692838272,0.760771183173451,"XLOC-011296#FOXL2-ELLLU#Q4VUF1/XLOC-009548#MSH4-HUMAN#O15457",2
"GO:0048707","GO:0048707","instar larval or pupal morphogenesis","2/76","250/6213",0.008,0.654,-0.621381267279113,0.817180355641917,0.908641692838272,0.760771183173451,"XLOC-000896#ATOH8-HUMAN#Q96SQ7/XLOC-022943#NR2E3-MOUSE#Q9QXZ7",2
"GO:0071900","GO:0071900","regulation of protein serine/threonine kinase activity","2/76","250/6213",0.008,0.654,-0.621381267279113,0.817180355641917,0.908641692838272,0.760771183173451,"XLOC-015229#M3K2-HUMAN#Q9Y2U5/XLOC-010031#ACHB4-BOVIN#Q8SPU6",2
"GO:0072594","GO:0072594","establishment of protein localization to organelle","2/76","250/6213",0.008,0.654,-0.621381267279113,0.817180355641917,0.908641692838272,0.760771183173451,"XLOC-019523#LRP12-HUMAN#Q9Y561/gene-evm.model.ptg000012l.875#IMB1-HUMAN#Q14974",2
"GO:0031334","GO:0031334","positive regulation of protein-containing complex assembly","1/76","137/6213",0.0072992700729927,0.596715328467153,-0.531138244965258,0.818231664091914,0.908641692838272,0.760771183173451,"XLOC-010929#MIB2-MOUSE#Q8R516",1
"GO:0001933","GO:0001933","negative regulation of protein phosphorylation","2/76","251/6213",0.00796812749003984,0.651394422310757,-0.627364101818367,0.818935783218977,0.908641692838272,0.760771183173451,"XLOC-010031#ACHB4-BOVIN#Q8SPU6/XLOC-019829#INS1A-DANRE#Q6P0F9",2
"GO:0032559","GO:0032559","adenyl ribonucleotide binding","2/76","251/6213",0.00796812749003984,0.651394422310757,-0.627364101818367,0.818935783218977,0.908641692838272,0.760771183173451,"XLOC-002415#KCNT1-CHICK#Q8QFV0/XLOC-009528#DYRK4-HUMAN#Q9NR20",2
"GO:0045927","GO:0045927","positive regulation of growth","2/76","251/6213",0.00796812749003984,0.651394422310757,-0.627364101818367,0.818935783218977,0.908641692838272,0.760771183173451,"XLOC-022943#NR2E3-MOUSE#Q9QXZ7/XLOC-025644#PPIB-MOUSE#P24369",2
"GO:0006259","GO:0006259","DNA metabolic process","4/76","456/6213",0.0087719298245614,0.717105263157895,-0.698318636115698,0.819322109437355,0.908641692838272,0.760771183173451,"gene-evm.model.ptg000012l.875#IMB1-HUMAN#Q14974/XLOC-011296#FOXL2-ELLLU#Q4VUF1/XLOC-025584#SMC5-HUMAN#Q8IY18/XLOC-009548#MSH4-HUMAN#O15457",4
"GO:0051338","GO:0051338","regulation of transferase activity","4/76","456/6213",0.0087719298245614,0.717105263157895,-0.698318636115698,0.819322109437355,0.908641692838272,0.760771183173451,"XLOC-015229#M3K2-HUMAN#Q9Y2U5/XLOC-023724#ANGL7-MOUSE#Q8R1Q3/XLOC-010031#ACHB4-BOVIN#Q8SPU6/XLOC-016422#OX2R-MOUSE#P58308",4
"GO:0032872","GO:0032872","regulation of stress-activated MAPK cascade","1/76","138/6213",0.0072463768115942,0.592391304347826,-0.53883314256978,0.820505264080231,0.908641692838272,0.760771183173451,"XLOC-015229#M3K2-HUMAN#Q9Y2U5",1
"GO:0045088","GO:0045088","regulation of innate immune response","1/76","138/6213",0.0072463768115942,0.592391304347826,-0.53883314256978,0.820505264080231,0.908641692838272,0.760771183173451,"XLOC-001865#RPC2-HUMAN#Q9NW08",1
"GO:0070302","GO:0070302","regulation of stress-activated protein kinase signaling cascade","1/76","138/6213",0.0072463768115942,0.592391304347826,-0.53883314256978,0.820505264080231,0.908641692838272,0.760771183173451,"XLOC-015229#M3K2-HUMAN#Q9Y2U5",1
"GO:0060271","GO:0060271","cilium assembly","2/76","252/6213",0.00793650793650794,0.648809523809524,-0.633326845643555,0.820676357087481,0.908641692838272,0.760771183173451,"XLOC-012420#RFX6-DANRE#Q5RJA1/XLOC-020365#PA2-BOMTE#P82971",2
"GO:0048638","GO:0048638","regulation of developmental growth","3/76","357/6213",0.00840336134453781,0.686974789915966,-0.677887066070281,0.821024260880789,0.908641692838272,0.760771183173451,"XLOC-025696#FIBA-APOPA#P19477/XLOC-022943#NR2E3-MOUSE#Q9QXZ7/XLOC-025644#PPIB-MOUSE#P24369",3
"GO:0030554","GO:0030554","adenyl nucleotide binding","2/76","253/6213",0.00790513833992095,0.646245059288537,-0.639269674360072,0.822402171900832,0.909075107651646,0.761134064937488,"XLOC-002415#KCNT1-CHICK#Q8QFV0/XLOC-009528#DYRK4-HUMAN#Q9NR20",2
"GO:0034655","GO:0034655","nucleobase-containing compound catabolic process","2/76","253/6213",0.00790513833992095,0.646245059288537,-0.639269674360072,0.822402171900832,0.909075107651646,0.761134064937488,"gene-evm.model.ptg000012l.875#IMB1-HUMAN#Q14974/XLOC-011296#FOXL2-ELLLU#Q4VUF1",2
"GO:0051056","GO:0051056","regulation of small GTPase mediated signal transduction","1/76","139/6213",0.00719424460431655,0.588129496402878,-0.546481110835181,0.822750794932889,0.909075107651646,0.761134064937488,"XLOC-025588#RGRF1-HUMAN#Q13972",1
"GO:0043069","GO:0043069","negative regulation of programmed cell death","4/76","459/6213",0.00871459694989107,0.712418300653595,-0.712405260487802,0.823330735792662,0.909224158499681,0.761258859552248,"XLOC-023724#ANGL7-MOUSE#Q8R1Q3/XLOC-002280#CAC1A-APIME#C9D7C2/XLOC-027115#TXD12-EPICO#H9D1R1/gene-evm.model.ptg000022l.478#GSH0-HUMAN#P48507",4
"GO:0009855","GO:0009855","determination of bilateral symmetry","1/76","140/6213",0.00714285714285714,0.583928571428571,-0.554082877125107,0.824968598618286,0.910540706092468,0.762361154854966,"XLOC-000896#ATOH8-HUMAN#Q96SQ7",1
"GO:0010638","GO:0010638","positive regulation of organelle organization","3/76","360/6213",0.00833333333333333,0.68125,-0.693356577451,0.825441527151361,0.91057075592345,0.762386314437286,"XLOC-010929#MIB2-MOUSE#Q8R516/XLOC-025584#SMC5-HUMAN#Q8IY18/XLOC-019829#INS1A-DANRE#Q6P0F9",3
"GO:0009799","GO:0009799","specification of symmetry","1/76","141/6213",0.00709219858156028,0.579787234042553,-0.56163915198435,0.827159012994214,0.911793208368158,0.763409827445839,"XLOC-000896#ATOH8-HUMAN#Q96SQ7",1
"GO:0016887","GO:0016887","ATP hydrolysis activity","2/76","256/6213",0.0078125,0.638671875,-0.656980392156958,0.827492007566426,0.911793208368158,0.763409827445839,"XLOC-025584#SMC5-HUMAN#Q8IY18/XLOC-009548#MSH4-HUMAN#O15457",2
"GO:0016772","GO:0016772","transferase activity, transferring phosphorus-containing groups","4/76","463/6213",0.00863930885529158,0.706263498920086,-0.731069976213321,0.828563823884455,0.911793208368158,0.763409827445839,"XLOC-015229#M3K2-HUMAN#Q9Y2U5/XLOC-009528#DYRK4-HUMAN#Q9NR20/XLOC-016646#ADK-PHYPA#O49923/XLOC-016437#UBP14-PANTR#P60051",4
"GO:0033044","GO:0033044","regulation of chromosome organization","2/76","257/6213",0.00778210116731518,0.636186770428016,-0.662845271752221,0.829159731303323,0.911793208368158,0.763409827445839,"XLOC-010929#MIB2-MOUSE#Q8R516/XLOC-025584#SMC5-HUMAN#Q8IY18",2
"GO:0043254","GO:0043254","regulation of protein-containing complex assembly","2/76","257/6213",0.00778210116731518,0.636186770428016,-0.662845271752221,0.829159731303323,0.911793208368158,0.763409827445839,"XLOC-010929#MIB2-MOUSE#Q8R516/XLOC-019829#INS1A-DANRE#Q6P0F9",2
"GO:0045859","GO:0045859","regulation of protein kinase activity","3/76","363/6213",0.00826446280991736,0.675619834710744,-0.708719085477102,0.829767264297914,0.911793208368158,0.763409827445839,"XLOC-015229#M3K2-HUMAN#Q9Y2U5/XLOC-023724#ANGL7-MOUSE#Q8R1Q3/XLOC-010031#ACHB4-BOVIN#Q8SPU6",3
"GO:0002274","GO:0002274","myeloid leukocyte activation","2/76","258/6213",0.00775193798449612,0.633720930232558,-0.668691081038716,0.830813168103039,0.911793208368158,0.763409827445839,"gene-evm.model.ptg000012l.875#IMB1-HUMAN#Q14974/XLOC-016498#SAP3-MOUSE#Q60648",2
"GO:0007552","GO:0007552","metamorphosis","2/76","258/6213",0.00775193798449612,0.633720930232558,-0.668691081038716,0.830813168103039,0.911793208368158,0.763409827445839,"XLOC-000896#ATOH8-HUMAN#Q96SQ7/XLOC-022943#NR2E3-MOUSE#Q9QXZ7",2
"GO:0009150","GO:0009150","purine ribonucleotide metabolic process","2/76","258/6213",0.00775193798449612,0.633720930232558,-0.668691081038716,0.830813168103039,0.911793208368158,0.763409827445839,"XLOC-010449#GCY8E-DROME#Q8INF0/XLOC-016646#ADK-PHYPA#O49923",2
"GO:0002694","GO:0002694","regulation of leukocyte activation","1/76","143/6213",0.00699300699300699,0.571678321678322,-0.57661798854509,0.831459004987704,0.911793208368158,0.763409827445839,"XLOC-016646#ADK-PHYPA#O49923",1
"GO:0046649","GO:0046649","lymphocyte activation","1/76","143/6213",0.00699300699300699,0.571678321678322,-0.57661798854509,0.831459004987704,0.911793208368158,0.763409827445839,"XLOC-010031#ACHB4-BOVIN#Q8SPU6",1
"GO:0008654","GO:0008654","phospholipid biosynthetic process","1/76","145/6213",0.00689655172413793,0.563793103448276,-0.591422987460859,0.83565339340165,0.914468135304943,0.765649442187976,"XLOC-008865#PTN13-HUMAN#Q12923",1
"GO:0050678","GO:0050678","regulation of epithelial cell proliferation","1/76","145/6213",0.00689655172413793,0.563793103448276,-0.591422987460859,0.83565339340165,0.914468135304943,0.765649442187976,"XLOC-000896#ATOH8-HUMAN#Q96SQ7",1
"GO:1901654","GO:1901654","response to ketone","1/76","145/6213",0.00689655172413793,0.563793103448276,-0.591422987460859,0.83565339340165,0.914468135304943,0.765649442187976,"XLOC-022211#ARLY-AQUCT#P51464",1
"GO:0044782","GO:0044782","cilium organization","2/76","261/6213",0.00766283524904215,0.626436781609195,-0.686115702575906,0.835688697314894,0.914468135304943,0.765649442187976,"XLOC-012420#RFX6-DANRE#Q5RJA1/XLOC-020365#PA2-BOMTE#P82971",2
"GO:0005840","GO:0005840","ribosome","1/76","146/6213",0.00684931506849315,0.559931506849315,-0.598761909429536,0.837711788606244,0.91568906782045,0.766671682617529,"gene-evm.model.ptg000031l.486#ELAV2-XENTR#Q28GD4",1
"GO:0016579","GO:0016579","protein deubiquitination","1/76","146/6213",0.00684931506849315,0.559931506849315,-0.598761909429536,0.837711788606244,0.91568906782045,0.766671682617529,"XLOC-016437#UBP14-PANTR#P60051",1
"GO:0016301","GO:0016301","kinase activity","3/76","369/6213",0.00813008130081301,0.664634146341463,-0.739130934397315,0.838149073335409,0.91568906782045,0.766671682617529,"XLOC-015229#M3K2-HUMAN#Q9Y2U5/XLOC-009528#DYRK4-HUMAN#Q9NR20/XLOC-016646#ADK-PHYPA#O49923",3
"GO:0051346","GO:0051346","negative regulation of hydrolase activity","1/76","147/6213",0.00680272108843537,0.556122448979592,-0.606059277386042,0.839744738015495,0.916942009495273,0.76772072310061,"XLOC-016437#UBP14-PANTR#P60051",1
"GO:0016567","GO:0016567","protein ubiquitination","2/76","264/6213",0.00757575757575758,0.619318181818182,-0.703374422982068,0.840439023623728,0.917209895973972,0.767945014276067,"XLOC-026613#HECD2-PONAB#Q5RD78/XLOC-016437#UBP14-PANTR#P60051",2
"GO:0005198","GO:0005198","structural molecule activity","2/76","266/6213",0.0075187969924812,0.614661654135338,-0.714790111606747,0.843537595812851,0.919824814762988,0.770134386474924,"XLOC-022211#ARLY-AQUCT#P51464/XLOC-002381#LAMA1-HUMAN#P25391",2
"GO:0030135","GO:0030135","coated vesicle","1/76","149/6213",0.00671140939597315,0.548657718120805,-0.620531762513013,0.843735537379266,0.919824814762988,0.770134386474924,"XLOC-019523#LRP12-HUMAN#Q9Y561",1
"GO:0009126","GO:0009126","purine nucleoside monophosphate metabolic process","1/76","150/6213",0.00666666666666667,0.545,-0.627708052640849,0.845693997003141,0.919996185238241,0.770277868465951,"XLOC-016646#ADK-PHYPA#O49923",1
"GO:0009167","GO:0009167","purine ribonucleoside monophosphate metabolic process","1/76","150/6213",0.00666666666666667,0.545,-0.627708052640849,0.845693997003141,0.919996185238241,0.770277868465951,"XLOC-016646#ADK-PHYPA#O49923",1
"GO:0046530","GO:0046530","photoreceptor cell differentiation","1/76","150/6213",0.00666666666666667,0.545,-0.627708052640849,0.845693997003141,0.919996185238241,0.770277868465951,"XLOC-019829#INS1A-DANRE#Q6P0F9",1
"GO:0051604","GO:0051604","protein maturation","1/76","150/6213",0.00666666666666667,0.545,-0.627708052640849,0.845693997003141,0.919996185238241,0.770277868465951,"XLOC-025964#NEC1-HUMAN#P29120",1
"GO:0009259","GO:0009259","ribonucleotide metabolic process","2/76","268/6213",0.00746268656716418,0.610074626865672,-0.726135086192705,0.846582385659521,0.920472492763385,0.770676662668677,"XLOC-010449#GCY8E-DROME#Q8INF0/XLOC-016646#ADK-PHYPA#O49923",2
"GO:0016311","GO:0016311","dephosphorylation","1/76","151/6213",0.00662251655629139,0.541390728476821,-0.634845135417253,0.847628230258585,0.920629704634923,0.770808290198495,"XLOC-008865#PTN13-HUMAN#Q12923",1
"GO:0060589","GO:0060589","nucleoside-triphosphatase regulator activity","1/76","151/6213",0.00662251655629139,0.541390728476821,-0.634845135417253,0.847628230258585,0.920629704634923,0.770808290198495,"XLOC-025588#RGRF1-HUMAN#Q13972",1
"GO:0004672","GO:0004672","protein kinase activity","2/76","270/6213",0.00740740740740741,0.605555555555556,-0.737410502296636,0.84957413279683,0.921763119120512,0.771757255105151,"XLOC-015229#M3K2-HUMAN#Q9Y2U5/XLOC-009528#DYRK4-HUMAN#Q9NR20",2
"GO:0009886","GO:0009886","post-embryonic animal morphogenesis","2/76","270/6213",0.00740740740740741,0.605555555555556,-0.737410502296636,0.84957413279683,0.921763119120512,0.771757255105151,"XLOC-000896#ATOH8-HUMAN#Q96SQ7/XLOC-022943#NR2E3-MOUSE#Q9QXZ7",2
"GO:0006163","GO:0006163","purine nucleotide metabolic process","2/76","271/6213",0.00738007380073801,0.603321033210332,-0.743022479406708,0.851050345499391,0.922302055972984,0.77220848646526,"XLOC-010449#GCY8E-DROME#Q8INF0/XLOC-016646#ADK-PHYPA#O49923",2
"GO:0042326","GO:0042326","negative regulation of phosphorylation","2/76","271/6213",0.00738007380073801,0.603321033210332,-0.743022479406708,0.851050345499391,0.922302055972984,0.77220848646526,"XLOC-010031#ACHB4-BOVIN#Q8SPU6/XLOC-019829#INS1A-DANRE#Q6P0F9",2
"GO:0070646","GO:0070646","protein modification by small protein removal","1/76","153/6213",0.0065359477124183,0.534313725490196,-0.64900388900255,0.851425197046034,0.922302055972984,0.77220848646526,"XLOC-016437#UBP14-PANTR#P60051",1
"GO:0032535","GO:0032535","regulation of cellular component size","2/76","272/6213",0.00735294117647059,0.601102941176471,-0.748617487686928,0.852513573227658,0.922607928417646,0.772464581847477,"XLOC-025696#FIBA-APOPA#P19477/XLOC-022943#NR2E3-MOUSE#Q9QXZ7",2
"GO:0045321","GO:0045321","leukocyte activation","3/76","380/6213",0.00789473684210526,0.645394736842105,-0.793844509429762,0.852610753231775,0.922607928417646,0.772464581847477,"gene-evm.model.ptg000012l.875#IMB1-HUMAN#Q14974/XLOC-010031#ACHB4-BOVIN#Q8SPU6/XLOC-016498#SAP3-MOUSE#Q60648",3
"GO:0009144","GO:0009144","purine nucleoside triphosphate metabolic process","1/76","154/6213",0.00649350649350649,0.530844155844156,-0.65602663573756,0.853288511406513,0.922852529805985,0.772669377301041,"XLOC-016646#ADK-PHYPA#O49923",1
"GO:0002443","GO:0002443","leukocyte mediated immunity","2/76","273/6213",0.00732600732600733,0.598901098901099,-0.754195663910403,0.853963907372103,0.923094318921274,0.772871818145179,"gene-evm.model.ptg000012l.875#IMB1-HUMAN#Q14974/XLOC-016498#SAP3-MOUSE#Q60648",2
"GO:0050865","GO:0050865","regulation of cell activation","1/76","155/6213",0.00645161290322581,0.52741935483871,-0.66301232762045,0.855128761139655,0.923864653097998,0.773516789697425,"XLOC-016646#ADK-PHYPA#O49923",1
"GO:0002366","GO:0002366","leukocyte activation involved in immune response","2/76","277/6213",0.0072202166064982,0.590252707581227,-0.776342727219906,0.859638126717252,0.928245609346377,0.777184797994622,"gene-evm.model.ptg000012l.875#IMB1-HUMAN#Q14974/XLOC-016498#SAP3-MOUSE#Q60648",2
"GO:0002263","GO:0002263","cell activation involved in immune response","2/76","278/6213",0.00719424460431655,0.588129496402878,-0.781838738628487,0.861025354495917,0.928271661865519,0.77720661077954,"gene-evm.model.ptg000012l.875#IMB1-HUMAN#Q14974/XLOC-016498#SAP3-MOUSE#Q60648",2
"GO:0007444","GO:0007444","imaginal disc development","2/76","278/6213",0.00719424460431655,0.588129496402878,-0.781838738628487,0.861025354495917,0.928271661865519,0.77720661077954,"XLOC-000896#ATOH8-HUMAN#Q96SQ7/XLOC-022943#NR2E3-MOUSE#Q9QXZ7",2
"GO:0019693","GO:0019693","ribose phosphate metabolic process","2/76","278/6213",0.00719424460431655,0.588129496402878,-0.781838738628487,0.861025354495917,0.928271661865519,0.77720661077954,"XLOC-010449#GCY8E-DROME#Q8INF0/XLOC-016646#ADK-PHYPA#O49923",2
"GO:0003007","GO:0003007","heart morphogenesis","1/76","159/6213",0.00628930817610063,0.514150943396226,-0.690594596066515,0.862264697911834,0.928284337541935,0.777217223642035,"XLOC-000896#ATOH8-HUMAN#Q96SQ7",1
"GO:0022804","GO:0022804","active transmembrane transporter activity","1/76","159/6213",0.00628930817610063,0.514150943396226,-0.690594596066515,0.862264697911834,0.928284337541935,0.777217223642035,"XLOC-023758#S6A19-RAT#Q2A865",1
"GO:0008610","GO:0008610","lipid biosynthetic process","2/76","279/6213",0.00716845878136201,0.586021505376344,-0.787318705289571,0.862400231353202,0.928284337541935,0.777217223642035,"XLOC-022043#MOG2A-XENLA#Q2KHS5/XLOC-008865#PTN13-HUMAN#Q12923",2
"GO:0006281","GO:0006281","DNA repair","2/76","280/6213",0.00714285714285714,0.583928571428571,-0.792782753094004,0.863762846722412,0.929020683835908,0.777833738430765,"XLOC-025584#SMC5-HUMAN#Q8IY18/XLOC-009548#MSH4-HUMAN#O15457",2
"GO:0043547","GO:0043547","positive regulation of GTPase activity","1/76","160/6213",0.00625,0.5109375,-0.697402461603872,0.863993783303096,0.929020683835908,0.777833738430765,"XLOC-025588#RGRF1-HUMAN#Q13972",1
"GO:0045892","GO:0045892","negative regulation of DNA-templated transcription","4/76","494/6213",0.00809716599190283,0.661943319838057,-0.871439831076591,0.864980702447134,0.929246293859505,0.778022633135841,"XLOC-000112#PAX6-DANRE#P26630/XLOC-011296#FOXL2-ELLLU#Q4VUF1/XLOC-000896#ATOH8-HUMAN#Q96SQ7/XLOC-019829#INS1A-DANRE#Q6P0F9",4
"GO:0002164","GO:0002164","larval development","2/76","281/6213",0.00711743772241993,0.581850533807829,-0.798231006472756,0.86511328973117,0.929246293859505,0.778022633135841,"gene-evm.model.ptg000001l.686#SOX14-DANRE#Q32PP9/XLOC-012287#SX19B-DANRE#Q9DDD7",2
"GO:0014706","GO:0014706","striated muscle tissue development","1/76","161/6213",0.0062111801242236,0.507763975155279,-0.704176181651256,0.865701444375121,0.929389411906659,0.778142460441724,"XLOC-011296#FOXL2-ELLLU#Q4VUF1",1
"GO:0019752","GO:0019752","carboxylic acid metabolic process","4/76","496/6213",0.00806451612903226,0.659274193548387,-0.880250394315562,0.86709018270719,0.930152403889455,0.778781284653819,"XLOC-022211#ARLY-AQUCT#P51464/XLOC-002878#LMX1B-XENLA#Q8UVR3/XLOC-004937#FOLH1-RAT#P70627/gene-evm.model.ptg000022l.478#GSH0-HUMAN#P48507",4
"GO:0000228","GO:0000228","nuclear chromosome","2/76","283/6213",0.00706713780918728,0.57773851590106,-0.809080620511368,0.867778013613951,0.930152403889455,0.778781284653819,"XLOC-025584#SMC5-HUMAN#Q8IY18/XLOC-009548#MSH4-HUMAN#O15457",2
"GO:0032446","GO:0032446","protein modification by small protein conjugation","2/76","283/6213",0.00706713780918728,0.57773851590106,-0.809080620511368,0.867778013613951,0.930152403889455,0.778781284653819,"XLOC-026613#HECD2-PONAB#Q5RD78/XLOC-016437#UBP14-PANTR#P60051",2
"GO:0098542","GO:0098542","defense response to other organism","1/76","163/6213",0.00613496932515337,0.501533742331288,-0.717622981231331,0.869053538252806,0.931031137205287,0.779517014688714,"gene-evm.model.ptg000001l.946#AQP9-HUMAN#O43315",1
"GO:0009141","GO:0009141","nucleoside triphosphate metabolic process","1/76","166/6213",0.00602409638554217,0.492469879518072,-0.737548084184337,0.873927443823466,0.93559873623557,0.783341291899323,"XLOC-016646#ADK-PHYPA#O49923",1
"GO:0002684","GO:0002684","positive regulation of immune system process","2/76","288/6213",0.00694444444444444,0.567708333333333,-0.835936691962924,0.874232984568626,0.93559873623557,0.783341291899323,"XLOC-001865#RPC2-HUMAN#Q9NW08/XLOC-016646#ADK-PHYPA#O49923",2
"GO:0045926","GO:0045926","negative regulation of growth","1/76","167/6213",0.00598802395209581,0.489520958083832,-0.74412610195844,0.875511950896298,0.936476919204783,0.784076561149895,"XLOC-025696#FIBA-APOPA#P19477",1
"GO:0043687","GO:0043687","post-translational protein modification","1/76","168/6213",0.00595238095238095,0.486607142857143,-0.750672952894984,0.877076802323999,0.937659815357368,0.785066955177228,"gene-evm.model.ptg000022l.266#FCN1-MOUSE#O70165",1
"GO:0006403","GO:0006403","RNA localization","1/76","169/6213",0.00591715976331361,0.483727810650888,-0.757189030261494,0.87862223872158,0.938329970574066,0.785628050690603,"gene-evm.model.ptg000031l.486#ELAV2-XENTR#Q28GD4",1
"GO:0060537","GO:0060537","muscle tissue development","1/76","169/6213",0.00591715976331361,0.483727810650888,-0.757189030261494,0.87862223872158,0.938329970574066,0.785628050690603,"XLOC-011296#FOXL2-ELLLU#Q4VUF1",1
"GO:0005667","GO:0005667","transcription regulator complex","1/76","170/6213",0.00588235294117647,0.480882352941176,-0.763674719869784,0.88014849779788,0.938625757581641,0.785875701919348,"XLOC-013049#PTF1A-DANRE#Q7ZSX3",1
"GO:0009123","GO:0009123","nucleoside monophosphate metabolic process","1/76","170/6213",0.00588235294117647,0.480882352941176,-0.763674719869784,0.88014849779788,0.938625757581641,0.785875701919348,"XLOC-016646#ADK-PHYPA#O49923",1
"GO:0072521","GO:0072521","purine-containing compound metabolic process","2/76","294/6213",0.00680272108843537,0.556122448979592,-0.867675099982218,0.881601326273791,0.938625757581641,0.785875701919348,"XLOC-010449#GCY8E-DROME#Q8INF0/XLOC-016646#ADK-PHYPA#O49923",2
"GO:0010008","GO:0010008","endosome membrane","1/76","171/6213",0.00584795321637427,0.478070175438596,-0.770130400262826,0.881655814390195,0.938625757581641,0.785875701919348,"XLOC-019523#LRP12-HUMAN#Q9Y561",1
"GO:0050878","GO:0050878","regulation of body fluid levels","1/76","171/6213",0.00584795321637427,0.478070175438596,-0.770130400262826,0.881655814390195,0.938625757581641,0.785875701919348,"XLOC-016422#OX2R-MOUSE#P58308",1
"GO:1903311","GO:1903311","regulation of mRNA metabolic process","1/76","171/6213",0.00584795321637427,0.478070175438596,-0.770130400262826,0.881655814390195,0.938625757581641,0.785875701919348,"gene-evm.model.ptg000031l.486#ELAV2-XENTR#Q28GD4",1
"GO:0017111","GO:0017111","ribonucleoside triphosphate phosphatase activity","3/76","407/6213",0.00737100737100737,0.602579852579853,-0.922896559583741,0.883496931512744,0.940095953687779,0.787106641287396,"XLOC-025584#SMC5-HUMAN#Q8IY18/XLOC-010449#GCY8E-DROME#Q8INF0/XLOC-009548#MSH4-HUMAN#O15457",3
"GO:0002064","GO:0002064","epithelial cell development","2/76","297/6213",0.00673400673400673,0.55050505050505,-0.883351226558794,0.885136395084532,0.940802511529759,0.787698215336506,"gene-evm.model.ptg000031l.486#ELAV2-XENTR#Q28GD4/XLOC-019829#INS1A-DANRE#Q6P0F9",2
"GO:0048568","GO:0048568","embryonic organ development","2/76","297/6213",0.00673400673400673,0.55050505050505,-0.883351226558794,0.885136395084532,0.940802511529759,0.787698215336506,"XLOC-011296#FOXL2-ELLLU#Q4VUF1/XLOC-000896#ATOH8-HUMAN#Q96SQ7",2
"GO:0001934","GO:0001934","positive regulation of protein phosphorylation","3/76","409/6213",0.00733496332518337,0.599633251833741,-0.932181352101922,0.885542452115383,0.940802511529759,0.787698215336506,"XLOC-015229#M3K2-HUMAN#Q9Y2U5/XLOC-023724#ANGL7-MOUSE#Q8R1Q3/XLOC-010031#ACHB4-BOVIN#Q8SPU6",3
"GO:0010608","GO:0010608","post-transcriptional regulation of gene expression","2/76","300/6213",0.00666666666666667,0.545,-0.898902405344728,0.888575080310599,0.943533726130225,0.789984957601883,"gene-evm.model.ptg000031l.486#ELAV2-XENTR#Q28GD4/XLOC-026511#CPEB4-DANRE#Q7SXN4",2
"GO:0030855","GO:0030855","epithelial cell differentiation","3/76","416/6213",0.00721153846153846,0.589543269230769,-0.964399229838596,0.892456290031864,0.94677343462404,0.792697442493786,"XLOC-011296#FOXL2-ELLLU#Q4VUF1/gene-evm.model.ptg000031l.486#ELAV2-XENTR#Q28GD4/XLOC-019829#INS1A-DANRE#Q6P0F9",3
"GO:0042578","GO:0042578","phosphoric ester hydrolase activity","1/76","179/6213",0.00558659217877095,0.456703910614525,-0.820738676520318,0.893059677304388,0.94677343462404,0.792697442493786,"XLOC-008865#PTN13-HUMAN#Q12923",1
"GO:0098687","GO:0098687","chromosomal region","1/76","179/6213",0.00558659217877095,0.456703910614525,-0.820738676520318,0.893059677304388,0.94677343462404,0.792697442493786,"XLOC-025584#SMC5-HUMAN#Q8IY18",1
"GO:0061024","GO:0061024","membrane organization","3/76","418/6213",0.00717703349282297,0.586722488038278,-0.97352622035996,0.894363062419267,0.94677343462404,0.792697442493786,"XLOC-019965#SYT14-HUMAN#Q8NB59/XLOC-015788#OTOF-HUMAN#Q9HC10/XLOC-016600#SYT7-MOUSE#Q9R0N7",3
"GO:0061695","GO:0061695","transferase complex, transferring phosphorus-containing groups","1/76","180/6213",0.00555555555555556,0.454166666666667,-0.826940194453131,0.894406622038374,0.94677343462404,0.792697442493786,"XLOC-001865#RPC2-HUMAN#Q9NW08",1
"GO:1903706","GO:1903706","regulation of hemopoiesis","1/76","180/6213",0.00555555555555556,0.454166666666667,-0.826940194453131,0.894406622038374,0.94677343462404,0.792697442493786,"XLOC-022254#P4HTM-HUMAN#Q9NXG6",1
"GO:0031647","GO:0031647","regulation of protein stability","1/76","181/6213",0.00552486187845304,0.451657458563536,-0.833115126046433,0.895736822059107,0.947690485482525,0.793465254352012,"XLOC-025644#PPIB-MOUSE#P24369",1
"GO:0120031","GO:0120031","plasma membrane bounded cell projection assembly","2/76","309/6213",0.00647249190938511,0.529126213592233,-0.944832964840199,0.898334917692583,0.948488149889992,0.794133108468576,"XLOC-012420#RFX6-DANRE#Q5RJA1/XLOC-020365#PA2-BOMTE#P82971",2
"GO:0006913","GO:0006913","nucleocytoplasmic transport","1/76","183/6213",0.00546448087431694,0.44672131147541,-0.845386462411883,0.898347807164529,0.948488149889992,0.794133108468576,"gene-evm.model.ptg000012l.875#IMB1-HUMAN#Q14974",1
"GO:0048469","GO:0048469","cell maturation","1/76","183/6213",0.00546448087431694,0.44672131147541,-0.845386462411883,0.898347807164529,0.948488149889992,0.794133108468576,"XLOC-022943#NR2E3-MOUSE#Q9QXZ7",1
"GO:0050807","GO:0050807","regulation of synapse organization","1/76","183/6213",0.00546448087431694,0.44672131147541,-0.845386462411883,0.898347807164529,0.948488149889992,0.794133108468576,"XLOC-010031#ACHB4-BOVIN#Q8SPU6",1
"GO:0060562","GO:0060562","epithelial tube morphogenesis","3/76","423/6213",0.00709219858156028,0.579787234042553,-0.996195560247894,0.89900033664282,0.948686822190744,0.794299449241291,"gene-evm.model.ptg000022l.266#FCN1-MOUSE#O70165/XLOC-000896#ATOH8-HUMAN#Q96SQ7/XLOC-022943#NR2E3-MOUSE#Q9QXZ7",3
"GO:0007167","GO:0007167","enzyme-linked receptor protein signaling pathway","2/76","311/6213",0.00643086816720257,0.52572347266881,-0.954897334923369,0.900394577785887,0.948688326828602,0.79430070901743,"XLOC-023724#ANGL7-MOUSE#Q8R1Q3/XLOC-000896#ATOH8-HUMAN#Q96SQ7",2
"GO:0042594","GO:0042594","response to starvation","1/76","185/6213",0.00540540540540541,0.441891891891892,-0.857555096534047,0.900894246341256,0.948688326828602,0.79430070901743,"XLOC-016422#OX2R-MOUSE#P58308",1
"GO:1902903","GO:1902903","regulation of supramolecular fiber organization","1/76","185/6213",0.00540540540540541,0.441891891891892,-0.857555096534047,0.900894246341256,0.948688326828602,0.79430070901743,"XLOC-010031#ACHB4-BOVIN#Q8SPU6",1
"GO:0035639","GO:0035639","purine ribonucleoside triphosphate binding","2/76","312/6213",0.00641025641025641,0.524038461538461,-0.959910643914943,0.901409989231695,0.948688326828602,0.79430070901743,"XLOC-002415#KCNT1-CHICK#Q8QFV0/XLOC-009528#DYRK4-HUMAN#Q9NR20",2
"GO:1902533","GO:1902533","positive regulation of intracellular signal transduction","3/76","427/6213",0.00702576112412178,0.574355971896956,-1.01418159622542,0.902579794870613,0.948688326828602,0.79430070901743,"XLOC-015229#M3K2-HUMAN#Q9Y2U5/XLOC-010031#ACHB4-BOVIN#Q8SPU6/XLOC-025588#RGRF1-HUMAN#Q13972",3
"GO:0015629","GO:0015629","actin cytoskeleton","1/76","187/6213",0.0053475935828877,0.437165775401069,-0.869623356507103,0.903377714468204,0.948688326828602,0.79430070901743,"XLOC-019642#CALM-MACPY#Q40302",1
"GO:0006974","GO:0006974","DNA damage response","3/76","429/6213",0.00699300699300699,0.571678321678322,-1.02312575573082,0.904327061957848,0.948688326828602,0.79430070901743,"XLOC-010929#MIB2-MOUSE#Q8R516/XLOC-025584#SMC5-HUMAN#Q8IY18/XLOC-009548#MSH4-HUMAN#O15457",3
"GO:0010563","GO:0010563","negative regulation of phosphorus metabolic process","2/76","315/6213",0.00634920634920635,0.519047619047619,-0.974876114539522,0.904399473055153,0.948688326828602,0.79430070901743,"XLOC-010031#ACHB4-BOVIN#Q8SPU6/XLOC-019829#INS1A-DANRE#Q6P0F9",2
"GO:0045936","GO:0045936","negative regulation of phosphate metabolic process","2/76","315/6213",0.00634920634920635,0.519047619047619,-0.974876114539522,0.904399473055153,0.948688326828602,0.79430070901743,"XLOC-010031#ACHB4-BOVIN#Q8SPU6/XLOC-019829#INS1A-DANRE#Q6P0F9",2
"GO:0043087","GO:0043087","regulation of GTPase activity","1/76","188/6213",0.00531914893617021,0.434840425531915,-0.875620551997321,0.904596316144344,0.948688326828602,0.79430070901743,"XLOC-025588#RGRF1-HUMAN#Q13972",1
"GO:0030031","GO:0030031","cell projection assembly","2/76","316/6213",0.00632911392405063,0.517405063291139,-0.979840071812022,0.905377305004127,0.948688326828602,0.79430070901743,"XLOC-012420#RFX6-DANRE#Q5RJA1/XLOC-020365#PA2-BOMTE#P82971",2
"GO:0004842","GO:0004842","ubiquitin-protein transferase activity","1/76","189/6213",0.00529100529100529,0.432539682539683,-0.881593491351807,0.905799748505013,0.948688326828602,0.79430070901743,"XLOC-026613#HECD2-PONAB#Q5RD78",1
"GO:0005819","GO:0005819","spindle","1/76","189/6213",0.00529100529100529,0.432539682539683,-0.881593491351807,0.905799748505013,0.948688326828602,0.79430070901743,"XLOC-019533#DMBT1-MOUSE#Q60997",1
"GO:0015711","GO:0015711","organic anion transport","1/76","189/6213",0.00529100529100529,0.432539682539683,-0.881593491351807,0.905799748505013,0.948688326828602,0.79430070901743,"XLOC-002280#CAC1A-APIME#C9D7C2",1
"GO:0016462","GO:0016462","pyrophosphatase activity","3/76","431/6213",0.00696055684454756,0.569025522041763,-1.03203779385441,0.906046497565178,0.948688326828602,0.79430070901743,"XLOC-025584#SMC5-HUMAN#Q8IY18/XLOC-010449#GCY8E-DROME#Q8INF0/XLOC-009548#MSH4-HUMAN#O15457",3
"GO:0016817","GO:0016817","hydrolase activity, acting on acid anhydrides","3/76","432/6213",0.00694444444444444,0.567708333333333,-1.03648187129555,0.906895889523377,0.948688326828602,0.79430070901743,"XLOC-025584#SMC5-HUMAN#Q8IY18/XLOC-010449#GCY8E-DROME#Q8INF0/XLOC-009548#MSH4-HUMAN#O15457",3
"GO:0016818","GO:0016818","hydrolase activity, acting on acid anhydrides, in phosphorus-containing anhydrides","3/76","432/6213",0.00694444444444444,0.567708333333333,-1.03648187129555,0.906895889523377,0.948688326828602,0.79430070901743,"XLOC-025584#SMC5-HUMAN#Q8IY18/XLOC-010449#GCY8E-DROME#Q8INF0/XLOC-009548#MSH4-HUMAN#O15457",3
"GO:0042327","GO:0042327","positive regulation of phosphorylation","3/76","434/6213",0.00691244239631336,0.565092165898618,-1.04534634800554,0.908574242494393,0.949957613826021,0.795363434818396,"XLOC-015229#M3K2-HUMAN#Q9Y2U5/XLOC-023724#ANGL7-MOUSE#Q8R1Q3/XLOC-010031#ACHB4-BOVIN#Q8SPU6",3
"GO:0051222","GO:0051222","positive regulation of protein transport","1/76","192/6213",0.00520833333333333,0.42578125,-0.899369443682237,0.909320881857157,0.950251949684999,0.795609871055529,"XLOC-025964#NEC1-HUMAN#P29120",1
"GO:1902532","GO:1902532","negative regulation of intracellular signal transduction","2/76","323/6213",0.00619195046439629,0.506191950464396,-1.01425285031958,0.911968549376587,0.9523343974083,0.797353425451986,"XLOC-010031#ACHB4-BOVIN#Q8SPU6/XLOC-027115#TXD12-EPICO#H9D1R1",2
"GO:0031625","GO:0031625","ubiquitin protein ligase binding","1/76","195/6213",0.00512820512820513,0.419230769230769,-0.916936522225552,0.912712065651224,0.9523343974083,0.797353425451986,"XLOC-010929#MIB2-MOUSE#Q8R516",1
"GO:0050778","GO:0050778","positive regulation of immune response","1/76","195/6213",0.00512820512820513,0.419230769230769,-0.916936522225552,0.912712065651224,0.9523343974083,0.797353425451986,"XLOC-001865#RPC2-HUMAN#Q9NW08",1
"GO:0043065","GO:0043065","positive regulation of apoptotic process","2/76","325/6213",0.00615384615384615,0.503076923076923,-1.02397983329588,0.913772462173672,0.952954129770705,0.797872303824302,"XLOC-011296#FOXL2-ELLLU#Q4VUF1/XLOC-025588#RGRF1-HUMAN#Q13972",2
"GO:0072359","GO:0072359","circulatory system development","3/76","442/6213",0.00678733031674208,0.554864253393665,-1.08049441709392,0.915021650346506,0.953770016151996,0.798555414507558,"XLOC-015229#M3K2-HUMAN#Q9Y2U5/XLOC-000896#ATOH8-HUMAN#Q96SQ7/XLOC-002381#LAMA1-HUMAN#P25391",3
"GO:0048749","GO:0048749","compound eye development","1/76","198/6213",0.00505050505050505,0.412878787878788,-0.934301419372766,0.915978034145581,0.954280022314851,0.798982423299911,"XLOC-000112#PAX6-DANRE#P26630",1
"GO:0033365","GO:0033365","protein localization to organelle","3/76","444/6213",0.00675675675675676,0.552364864864865,-1.08920553800282,0.916568730236351,0.954408723686476,0.799090180070857,"XLOC-019523#LRP12-HUMAN#Q9Y561/XLOC-010929#MIB2-MOUSE#Q8R516/gene-evm.model.ptg000012l.875#IMB1-HUMAN#Q14974",3
"GO:0001501","GO:0001501","skeletal system development","1/76","199/6213",0.0050251256281407,0.410804020100502,-0.940045899432024,0.917039658319303,0.95441264490389,0.799093463157287,"XLOC-025644#PPIB-MOUSE#P24369",1
"GO:0006790","GO:0006790","sulfur compound metabolic process","1/76","200/6213",0.005,0.40875,-0.94576885383726,0.91808804308281,0.955017246445102,0.799599673067621,"gene-evm.model.ptg000022l.478#GSH0-HUMAN#P48507",1
"GO:0019787","GO:0019787","ubiquitin-like protein transferase activity","1/76","201/6213",0.00497512437810945,0.406716417910448,-0.951470507412284,0.919123351369141,0.955212274016052,0.799762962246482,"XLOC-026613#HECD2-PONAB#Q5RD78",1
"GO:0043408","GO:0043408","regulation of MAPK cascade","2/76","332/6213",0.00602409638554217,0.492469879518072,-1.05766889332615,0.919820663705232,0.955212274016052,0.799762962246482,"XLOC-015229#M3K2-HUMAN#Q9Y2U5/XLOC-010031#ACHB4-BOVIN#Q8SPU6",2
"GO:0042176","GO:0042176","regulation of protein catabolic process","1/76","202/6213",0.00495049504950495,0.40470297029703,-0.957151081434877,0.920145744132937,0.955212274016052,0.799762962246482,"XLOC-016437#UBP14-PANTR#P60051",1
"GO:0044389","GO:0044389","ubiquitin-like protein ligase binding","1/76","202/6213",0.00495049504950495,0.40470297029703,-0.957151081434877,0.920145744132937,0.955212274016052,0.799762962246482,"XLOC-010929#MIB2-MOUSE#Q8R516",1
"GO:0005768","GO:0005768","endosome","3/76","452/6213",0.00663716814159292,0.542588495575221,-1.12375547649739,0.922508153027739,0.957178342628578,0.801409076833057,"XLOC-019523#LRP12-HUMAN#Q9Y561/XLOC-025955#MCTP1-MOUSE#E9PV86/XLOC-016422#OX2R-MOUSE#P58308",3
"GO:1901137","GO:1901137","carbohydrate derivative biosynthetic process","2/76","336/6213",0.00595238095238095,0.486607142857143,-1.07667858080285,0.923097990762219,0.957304159963053,0.801514418909221,"XLOC-010449#GCY8E-DROME#Q8INF0/XLOC-016646#ADK-PHYPA#O49923",2
"GO:1904951","GO:1904951","positive regulation of establishment of protein localization","1/76","206/6213",0.00485436893203883,0.396844660194175,-0.979666887553214,0.92410931113104,0.957866728889251,0.801985436507218,"XLOC-025964#NEC1-HUMAN#P29120",1
"GO:0043068","GO:0043068","positive regulation of programmed cell death","2/76","340/6213",0.00588235294117647,0.480882352941176,-1.0955184821573,0.926250711694755,0.959599494925144,0.803436215706191,"XLOC-011296#FOXL2-ELLLU#Q4VUF1/XLOC-025588#RGRF1-HUMAN#Q13972",2
"GO:0007018","GO:0007018","microtubule-based movement","1/76","210/6213",0.00476190476190476,0.389285714285714,-1.00186224998689,0.927878607630934,0.960224516367915,0.80395952242464,"gene-evm.model.ptg000012l.875#IMB1-HUMAN#Q14974",1
"GO:0005929","GO:0005929","cilium","2/76","343/6213",0.00583090379008746,0.47667638483965,-1.10953958281388,0.928536014057866,0.960224516367915,0.80395952242464,"XLOC-019533#DMBT1-MOUSE#Q60997/XLOC-015804#TRPC5-HUMAN#Q9UL62",2
"GO:0010562","GO:0010562","positive regulation of phosphorus metabolic process","3/76","461/6213",0.00650759219088937,0.531995661605206,-1.16207821850014,0.928734040304943,0.960224516367915,0.80395952242464,"XLOC-015229#M3K2-HUMAN#Q9Y2U5/XLOC-023724#ANGL7-MOUSE#Q8R1Q3/XLOC-010031#ACHB4-BOVIN#Q8SPU6",3
"GO:0045937","GO:0045937","positive regulation of phosphate metabolic process","3/76","461/6213",0.00650759219088937,0.531995661605206,-1.16207821850014,0.928734040304943,0.960224516367915,0.80395952242464,"XLOC-015229#M3K2-HUMAN#Q9Y2U5/XLOC-023724#ANGL7-MOUSE#Q8R1Q3/XLOC-010031#ACHB4-BOVIN#Q8SPU6",3
"GO:0031400","GO:0031400","negative regulation of protein modification process","2/76","344/6213",0.00581395348837209,0.475290697674419,-1.11419290400079,0.929283032711221,0.960306138507347,0.804027861542334,"XLOC-010031#ACHB4-BOVIN#Q8SPU6/XLOC-019829#INS1A-DANRE#Q6P0F9",2
"GO:0016604","GO:0016604","nuclear body","2/76","347/6213",0.00576368876080692,0.471181556195965,-1.12809262473945,0.931480729359871,0.962090561214468,0.805521890910431,"XLOC-025584#SMC5-HUMAN#Q8IY18/gene-evm.model.ptg000031l.486#ELAV2-XENTR#Q28GD4",2
"GO:0071396","GO:0071396","cellular response to lipid","1/76","216/6213",0.00462962962962963,0.378472222222222,-1.03458184340344,0.933188736922934,0.963367655145808,0.806591153160697,"XLOC-022211#ARLY-AQUCT#P51464",1
"GO:0009117","GO:0009117","nucleotide metabolic process","2/76","351/6213",0.0056980056980057,0.465811965811966,-1.1464873436376,0.934312141708948,0.964040255308778,0.807154295734737,"XLOC-010449#GCY8E-DROME#Q8INF0/XLOC-016646#ADK-PHYPA#O49923",2
"GO:0032555","GO:0032555","purine ribonucleotide binding","2/76","352/6213",0.00568181818181818,0.464488636363636,-1.15106174382127,0.935002751304836,0.964041545663925,0.8071553761001,"XLOC-002415#KCNT1-CHICK#Q8QFV0/XLOC-009528#DYRK4-HUMAN#Q9NR20",2
"GO:0002066","GO:0002066","columnar/cuboidal epithelial cell development","1/76","219/6213",0.0045662100456621,0.373287671232877,-1.05069431984016,0.935697193290543,0.964041545663925,0.8071553761001,"XLOC-019829#INS1A-DANRE#Q6P0F9",1
"GO:0097367","GO:0097367","carbohydrate derivative binding","3/76","472/6213",0.00635593220338983,0.519597457627119,-1.20816703287517,0.935729018625337,0.964041545663925,0.8071553761001,"XLOC-002415#KCNT1-CHICK#Q8QFV0/gene-evm.model.ptg000022l.266#FCN1-MOUSE#O70165/XLOC-009528#DYRK4-HUMAN#Q9NR20",3
"GO:0008340","GO:0008340","determination of adult lifespan","1/76","220/6213",0.00454545454545455,0.371590909090909,-1.05602966640929,0.936512510826399,0.964219490358899,0.80730436243564,"XLOC-016422#OX2R-MOUSE#P58308",1
"GO:0006753","GO:0006753","nucleoside phosphate metabolic process","2/76","355/6213",0.00563380281690141,0.46056338028169,-1.16472762485177,0.937034157020059,0.964219490358899,0.80730436243564,"XLOC-010449#GCY8E-DROME#Q8INF0/XLOC-016646#ADK-PHYPA#O49923",2
"GO:0045862","GO:0045862","positive regulation of proteolysis","1/76","221/6213",0.00452488687782805,0.369909502262443,-1.06134755234354,0.937317624989121,0.964219490358899,0.80730436243564,"XLOC-011296#FOXL2-ELLLU#Q4VUF1",1
"GO:0016491","GO:0016491","oxidoreductase activity","2/76","359/6213",0.00557103064066852,0.455431754874652,-1.18281721417312,0.939650573701075,0.965572223265665,0.808436954327592,"XLOC-027115#TXD12-EPICO#H9D1R1/XLOC-022254#P4HTM-HUMAN#Q9NXG6",2
"GO:0045596","GO:0045596","negative regulation of cell differentiation","2/76","359/6213",0.00557103064066852,0.455431754874652,-1.18281721417312,0.939650573701075,0.965572223265665,0.808436954327592,"XLOC-025696#FIBA-APOPA#P19477/XLOC-002878#LMX1B-XENLA#Q8UVR3",2
"GO:0017076","GO:0017076","purine nucleotide binding","2/76","361/6213",0.00554016620498615,0.452908587257618,-1.19180663340671,0.94092034044324,0.965572223265665,0.808436954327592,"XLOC-002415#KCNT1-CHICK#Q8QFV0/XLOC-009528#DYRK4-HUMAN#Q9NR20",2
"GO:0032553","GO:0032553","ribonucleotide binding","2/76","361/6213",0.00554016620498615,0.452908587257618,-1.19180663340671,0.94092034044324,0.965572223265665,0.808436954327592,"XLOC-002415#KCNT1-CHICK#Q8QFV0/XLOC-009528#DYRK4-HUMAN#Q9NR20",2
"GO:0000377","GO:0000377","RNA splicing, via transesterification reactions with bulged adenosine as nucleophile","1/76","227/6213",0.00440528634361234,0.360132158590308,-1.09289720236255,0.94194098921609,0.965572223265665,0.808436954327592,"gene-evm.model.ptg000031l.486#ELAV2-XENTR#Q28GD4",1
"GO:0000398","GO:0000398","mRNA splicing, via spliceosome","1/76","227/6213",0.00440528634361234,0.360132158590308,-1.09289720236255,0.94194098921609,0.965572223265665,0.808436954327592,"gene-evm.model.ptg000031l.486#ELAV2-XENTR#Q28GD4",1
"GO:0051052","GO:0051052","regulation of DNA metabolic process","1/76","227/6213",0.00440528634361234,0.360132158590308,-1.09289720236255,0.94194098921609,0.965572223265665,0.808436954327592,"XLOC-010929#MIB2-MOUSE#Q8R516",1
"GO:0000375","GO:0000375","RNA splicing, via transesterification reactions","1/76","229/6213",0.00436681222707424,0.356986899563319,-1.10328122555321,0.943406020178864,0.966570579865585,0.809272840395485,"gene-evm.model.ptg000031l.486#ELAV2-XENTR#Q28GD4",1
"GO:0006820","GO:0006820","monoatomic anion transport","1/76","230/6213",0.00434782608695652,0.355434782608696,-1.10844906307893,0.944124793986753,0.966570579865585,0.809272840395485,"XLOC-002280#CAC1A-APIME#C9D7C2",1
"GO:0005975","GO:0005975","carbohydrate metabolic process","1/76","232/6213",0.00431034482758621,0.352370689655172,-1.11873711155499,0.945535422458221,0.966570579865585,0.809272840395485,"XLOC-016498#SAP3-MOUSE#Q60648",1
"GO:0007169","GO:0007169","cell surface receptor protein tyrosine kinase signaling pathway","1/76","232/6213",0.00431034482758621,0.352370689655172,-1.11873711155499,0.945535422458221,0.966570579865585,0.809272840395485,"XLOC-023724#ANGL7-MOUSE#Q8R1Q3",1
"GO:0031267","GO:0031267","small GTPase binding","1/76","232/6213",0.00431034482758621,0.352370689655172,-1.11873711155499,0.945535422458221,0.966570579865585,0.809272840395485,"XLOC-025588#RGRF1-HUMAN#Q13972",1
"GO:0043009","GO:0043009","chordate embryonic development","2/76","369/6213",0.00542005420054201,0.443089430894309,-1.2274053092416,0.945753592340336,0.966570579865585,0.809272840395485,"XLOC-019523#LRP12-HUMAN#Q9Y561/XLOC-002878#LMX1B-XENLA#Q8UVR3",2
"GO:0002252","GO:0002252","immune effector process","2/76","371/6213",0.00539083557951483,0.440700808625337,-1.2362173313155,0.946902628684533,0.967261035201251,0.809850932427561,"gene-evm.model.ptg000012l.875#IMB1-HUMAN#Q14974/XLOC-016498#SAP3-MOUSE#Q60648",2
"GO:0006412","GO:0006412","translation","1/76","237/6213",0.00421940928270042,0.34493670886076,-1.14418592078607,0.948910072454376,0.968827225399445,0.811162244003451,"XLOC-026511#CPEB4-DANRE#Q7SXN4",1
"GO:0002682","GO:0002682","regulation of immune system process","3/76","498/6213",0.00602409638554217,0.492469879518072,-1.31405285315762,0.949854144457664,0.969306701861643,0.811563691436829,"XLOC-001865#RPC2-HUMAN#Q9NW08/XLOC-016646#ADK-PHYPA#O49923/XLOC-022254#P4HTM-HUMAN#Q9NXG6",3
"GO:0008380","GO:0008380","RNA splicing","1/76","243/6213",0.00411522633744856,0.33641975308642,-1.17423191195735,0.952688167112944,0.971713392616946,0.813578722210649,"gene-evm.model.ptg000031l.486#ELAV2-XENTR#Q28GD4",1
"GO:0002065","GO:0002065","columnar/cuboidal epithelial cell differentiation","1/76","246/6213",0.0040650406504065,0.332317073170732,-1.18906135280784,0.954472441667939,0.9725621936796,0.814289391106655,"XLOC-019829#INS1A-DANRE#Q6P0F9",1
"GO:0008270","GO:0008270","zinc ion binding","1/76","246/6213",0.0040650406504065,0.332317073170732,-1.18906135280784,0.954472441667939,0.9725621936796,0.814289391106655,"gene-evm.model.ptg000012l.875#IMB1-HUMAN#Q14974",1
"GO:0044282","GO:0044282","small molecule catabolic process","1/76","251/6213",0.00398406374501992,0.325697211155378,-1.21350141980296,0.957299801939275,0.97495687704982,0.816294368552932,"XLOC-019523#LRP12-HUMAN#Q9Y561",1
"GO:0010256","GO:0010256","endomembrane system organization","1/76","257/6213",0.00389105058365759,0.318093385214008,-1.2423918061452,0.960464659024706,0.977205825890176,0.818177328011715,"XLOC-016600#SYT7-MOUSE#Q9R0N7",1
"GO:0072657","GO:0072657","protein localization to membrane","1/76","257/6213",0.00389105058365759,0.318093385214008,-1.2423918061452,0.960464659024706,0.977205825890176,0.818177328011715,"XLOC-002280#CAC1A-APIME#C9D7C2",1
"GO:0032787","GO:0032787","monocarboxylic acid metabolic process","1/76","259/6213",0.00386100386100386,0.315637065637066,-1.25191950171683,0.961467266384742,0.977402716779728,0.818342177276481,"XLOC-002878#LMX1B-XENLA#Q8UVR3",1
"GO:0051129","GO:0051129","negative regulation of cellular component organization","2/76","401/6213",0.00498753117206983,0.407730673316708,-1.36449856371847,0.961615007698117,0.977402716779728,0.818342177276481,"XLOC-025955#MCTP1-MOUSE#E9PV86/XLOC-025696#FIBA-APOPA#P19477",2
"GO:0005815","GO:0005815","microtubule organizing center","2/76","404/6213",0.00495049504950495,0.40470297029703,-1.37694999226876,0.962852782722183,0.978174159672511,0.818988077114579,"XLOC-010929#MIB2-MOUSE#Q8R516/XLOC-020365#PA2-BOMTE#P82971",2
"GO:0030036","GO:0030036","actin cytoskeleton organization","1/76","263/6213",0.00380228136882129,0.310836501901141,-1.27082607205838,0.963397802088102,0.978241406394628,0.819044380241271,"XLOC-016422#OX2R-MOUSE#P58308",1
"GO:0051301","GO:0051301","cell division","1/76","267/6213",0.00374531835205993,0.306179775280899,-1.28953932769423,0.965232825106011,0.979617815047978,0.820196794936736,"XLOC-019829#INS1A-DANRE#Q6P0F9",1
"GO:0070647","GO:0070647","protein modification by small protein conjugation or removal","2/76","422/6213",0.004739336492891,0.387440758293839,-1.45034725562851,0.969521796777125,0.983333734119407,0.823307992860879,"XLOC-026613#HECD2-PONAB#Q5RD78/XLOC-016437#UBP14-PANTR#P60051",2
"GO:0055086","GO:0055086","nucleobase-containing small molecule metabolic process","2/76","423/6213",0.00472813238770686,0.386524822695035,-1.45436145082604,0.969856815590115,0.983333734119407,0.823307992860879,"XLOC-010449#GCY8E-DROME#Q8INF0/XLOC-016646#ADK-PHYPA#O49923",2
"GO:0007005","GO:0007005","mitochondrion organization","1/76","281/6213",0.00355871886120996,0.290925266903915,-1.35359598331657,0.970968600961138,0.983374003149643,0.823341708590654,"gene-evm.model.ptg000022l.478#GSH0-HUMAN#P48507",1
"GO:0051020","GO:0051020","GTPase binding","1/76","281/6213",0.00355871886120996,0.290925266903915,-1.35359598331657,0.970968600961138,0.983374003149643,0.823341708590654,"XLOC-025588#RGRF1-HUMAN#Q13972",1
"GO:0006397","GO:0006397","mRNA processing","1/76","282/6213",0.00354609929078014,0.289893617021277,-1.35808973486041,0.971340547408703,0.983374003149643,0.823341708590654,"gene-evm.model.ptg000031l.486#ELAV2-XENTR#Q28GD4",1
"GO:0000785","GO:0000785","chromatin","1/76","286/6213",0.0034965034965035,0.285839160839161,-1.37596074191508,0.972781882331262,0.984345411393149,0.824155031823102,"XLOC-010929#MIB2-MOUSE#Q8R516",1
"GO:0050776","GO:0050776","regulation of immune response","1/76","288/6213",0.00347222222222222,0.283854166666667,-1.38483488126388,0.973475483442442,0.984559610234114,0.824334372378306,"XLOC-001865#RPC2-HUMAN#Q9NW08",1
"GO:0018193","GO:0018193","peptidyl-amino acid modification","2/76","439/6213",0.00455580865603645,0.372437357630979,-1.51773311967601,0.974763791680967,0.985374778032764,0.825016881419606,"XLOC-009392#FKB14-HUMAN#Q9NWM8/XLOC-025644#PPIB-MOUSE#P24369",2
"GO:0044089","GO:0044089","positive regulation of cellular component biogenesis","1/76","302/6213",0.0033112582781457,0.270695364238411,-1.44586060228866,0.977865668611516,0.987820552420583,0.827064635434705,"XLOC-010929#MIB2-MOUSE#Q8R516",1
"GO:0043086","GO:0043086","negative regulation of catalytic activity","1/76","303/6213",0.0033003300330033,0.26980198019802,-1.45014918452034,0.978150258221654,0.987820552420583,0.827064635434705,"XLOC-016437#UBP14-PANTR#P60051",1
"GO:0000166","GO:0000166","nucleotide binding","2/76","457/6213",0.00437636761487965,0.357768052516411,-1.58720883017663,0.97937368534359,0.988312260459341,0.827476323902635,"XLOC-002415#KCNT1-CHICK#Q8QFV0/XLOC-009528#DYRK4-HUMAN#Q9NR20",2
"GO:1901265","GO:1901265","nucleoside phosphate binding","2/76","458/6213",0.00436681222707424,0.356986899563319,-1.59101529305795,0.979604663450889,0.988312260459341,0.827476323902635,"XLOC-002415#KCNT1-CHICK#Q8QFV0/XLOC-009528#DYRK4-HUMAN#Q9NR20",2
"GO:0005813","GO:0005813","centrosome","1/76","317/6213",0.00315457413249211,0.25788643533123,-1.50926576718809,0.981775136835638,0.989738945930558,0.828670833468407,"XLOC-010929#MIB2-MOUSE#Q8R516",1
"GO:1990234","GO:1990234","transferase complex","2/76","469/6213",0.00426439232409382,0.34861407249467,-1.63253325099894,0.981987686442115,0.989738945930558,0.828670833468407,"XLOC-001865#RPC2-HUMAN#Q9NW08/XLOC-025584#SMC5-HUMAN#Q8IY18",2
"GO:0007292","GO:0007292","female gamete generation","2/76","475/6213",0.00421052631578947,0.344210526315789,-1.65491400875416,0.983172810161771,0.990444798402612,0.829261816938066,"gene-evm.model.ptg000031l.486#ELAV2-XENTR#Q28GD4/XLOC-009548#MSH4-HUMAN#O15457",2
"GO:0031966","GO:0031966","mitochondrial membrane","1/76","331/6213",0.00302114803625378,0.246978851963746,-1.56676231870914,0.984805243376318,0.991600351019132,0.83022931726104,"XLOC-022211#ARLY-AQUCT#P51464",1
"GO:0007507","GO:0007507","heart development","1/76","335/6213",0.00298507462686567,0.244029850746269,-1.58291180388788,0.985575658615748,0.991887226872894,0.830469507519104,"XLOC-000896#ATOH8-HUMAN#Q96SQ7",1
"GO:0098791","GO:0098791","Golgi apparatus subcompartment","1/76","338/6213",0.0029585798816568,0.241863905325444,-1.59494623034773,0.986128049950586,0.991954508148226,0.83052583957589,"XLOC-025964#NEC1-HUMAN#P29120",1
"GO:0030163","GO:0030163","protein catabolic process","1/76","350/6213",0.00285714285714286,0.233571428571429,-1.6424426703482,0.988136404116673,0.992478233406873,0.83096433484616,"XLOC-019525#ABD12-DANRE#Q08C93",1
"GO:0000226","GO:0000226","microtubule cytoskeleton organization","1/76","351/6213",0.00284900284900285,0.232905982905983,-1.6463558254636,0.988290187723552,0.992478233406873,0.83096433484616,"gene-evm.model.ptg000012l.875#IMB1-HUMAN#Q14974",1
"GO:0046914","GO:0046914","transition metal ion binding","1/76","352/6213",0.00284090909090909,0.232244318181818,-1.6502622613671,0.988442003781725,0.992478233406873,0.83096433484616,"gene-evm.model.ptg000012l.875#IMB1-HUMAN#Q14974",1
"GO:0007283","GO:0007283","spermatogenesis","1/76","353/6213",0.0028328611898017,0.231586402266289,-1.65416201654636,0.988591877133131,0.992478233406873,0.83096433484616,"XLOC-009548#MSH4-HUMAN#O15457",1
"GO:0005740","GO:0005740","mitochondrial envelope","1/76","360/6213",0.00277777777777778,0.227083333333333,-1.68127640676027,0.989588617487559,0.992990935917034,0.831393601187717,"XLOC-022211#ARLY-AQUCT#P51464",1
"GO:0048232","GO:0048232","male gamete generation","1/76","390/6213",0.00256410256410256,0.209615384615385,-1.7940801649056,0.99297255204142,0.995897360736682,0.833827040315897,"XLOC-009548#MSH4-HUMAN#O15457",1
"GO:0016071","GO:0016071","mRNA metabolic process","1/76","424/6213",0.00235849056603774,0.192806603773585,-1.91603400172835,0.995509941327289,0.997750636358646,0.835378717614859,"gene-evm.model.ptg000031l.486#ELAV2-XENTR#Q28GD4",1
"GO:0048477","GO:0048477","oogenesis","1/76","429/6213",0.00233100233100233,0.190559440559441,-1.93349887715662,0.995797135357454,0.997750636358646,0.835378717614859,"gene-evm.model.ptg000031l.486#ELAV2-XENTR#Q28GD4",1
"GO:0044092","GO:0044092","negative regulation of molecular function","1/76","440/6213",0.00227272727272727,0.185795454545455,-1.97153068164642,0.996366686835185,0.997831931962884,0.835446783337036,"XLOC-016437#UBP14-PANTR#P60051",1
"GO:1903047","GO:1903047","mitotic cell cycle process","1/76","465/6213",0.0021505376344086,0.175806451612903,-2.05608831706589,0.997393141559387,0.998205768444722,0.835759782426604,"gene-evm.model.ptg000012l.875#IMB1-HUMAN#Q14974",1
"GO:0007017","GO:0007017","microtubule-based process","1/76","483/6213",0.0020703933747412,0.169254658385093,-2.11547855458384,0.997949250730903,0.998205768444722,0.835759782426604,"gene-evm.model.ptg000012l.875#IMB1-HUMAN#Q14974",1
"GO:0006886","GO:0006886","intracellular protein transport","1/76","493/6213",0.00202839756592292,0.165821501014199,-2.14797338066167,0.998205768444722,0.998205768444722,0.835759782426604,"gene-evm.model.ptg000012l.875#IMB1-HUMAN#Q14974",1
