Orthogroup	Auco.protein	ClH23.protein	Clhe.protein	Dare.protein	HoH13.protein	Neve.protein	Spla.protein	TrH1.protein	TrH2.protein	Total
OG0000000	60	34	53	196	28	55	129	40	29	624
OG0000001	1	1	0	521	0	1	0	0	1	525
OG0000002	29	64	24	82	51	75	0	60	60	445
OG0000003	23	41	20	96	39	124	1	40	39	423
OG0000004	0	132	1	14	83	10	0	90	85	415
OG0000005	312	0	63	2	0	34	0	0	0	411
OG0000006	110	0	46	37	1	53	122	18	4	391
OG0000007	53	22	34	135	20	76	5	22	21	388
OG0000008	87	18	75	38	20	87	5	21	21	372
OG0000009	2	88	1	2	145	3	2	58	59	360
OG0000010	352	0	7	0	0	0	0	0	0	359
OG0000011	30	10	30	105	10	79	67	13	11	355
OG0000012	15	26	10	73	32	40	78	40	26	340
OG0000013	17	48	17	88	43	27	6	42	41	329
OG0000014	0	102	0	0	60	0	0	73	76	311
OG0000015	37	23	67	44	29	46	2	15	15	278
OG0000016	4	65	9	7	51	12	17	56	56	277
OG0000017	141	0	24	28	0	35	45	0	0	273
OG0000018	0	0	1	259	0	0	1	0	0	261
OG0000019	1	0	0	245	0	0	0	0	0	246
OG0000020	16	17	16	92	17	24	11	21	19	233
OG0000021	0	68	0	0	46	2	0	58	59	233
OG0000022	0	0	0	228	0	0	0	0	0	228
OG0000023	5	0	2	0	0	0	220	0	0	227
OG0000024	18	4	13	20	3	38	122	3	3	224
OG0000025	15	37	7	8	44	19	7	37	47	221
OG0000026	26	25	7	18	38	37	13	26	22	212
OG0000027	22	5	20	41	5	28	77	6	4	208
OG0000028	18	30	10	8	28	47	0	32	32	205
OG0000029	36	0	50	59	0	49	9	0	0	203
OG0000030	5	27	31	37	27	24	0	27	24	202
OG0000031	22	15	8	24	17	30	52	17	15	200
OG0000032	8	18	17	28	42	5	36	23	20	197
OG0000033	26	16	18	52	15	22	14	15	15	193
OG0000034	2	29	0	56	28	9	5	31	33	193
OG0000035	27	6	19	28	6	22	66	7	7	188
OG0000036	32	4	29	77	3	33	1	4	4	187
OG0000037	21	30	6	0	29	33	0	32	34	185
OG0000038	18	18	15	47	21	18	1	23	22	183
OG0000039	9	36	0	0	38	34	0	32	31	180
OG0000040	12	27	6	25	25	16	19	25	23	178
OG0000041	26	30	3	30	33	38	0	7	11	178
OG0000042	144	0	19	0	0	10	4	0	0	177
OG0000043	14	8	17	97	4	14	9	7	6	176
OG0000044	59	1	86	0	1	23	0	2	2	174
OG0000045	51	1	5	82	1	33	0	0	0	173
OG0000046	3	33	2	5	28	7	9	47	39	173
OG0000047	16	3	53	59	3	32	2	2	2	172
OG0000048	0	0	166	0	0	0	0	0	0	166
OG0000049	15	7	13	86	7	13	9	7	7	164
OG0000050	21	11	12	65	11	10	15	8	10	163
OG0000051	0	0	0	162	0	0	0	0	0	162
OG0000052	16	3	50	18	3	12	52	4	3	161
OG0000053	37	3	53	20	3	32	4	3	3	158
OG0000054	13	8	14	34	8	11	52	8	9	157
OG0000055	9	31	6	4	26	17	5	31	28	157
OG0000056	17	11	25	41	12	25	1	12	12	156
OG0000057	3	20	7	37	24	17	1	22	22	153
OG0000058	13	10	14	62	9	13	11	10	10	152
OG0000059	43	1	73	15	2	11	2	4	1	152
OG0000060	4	25	1	4	35	4	18	32	27	150
OG0000061	24	8	20	36	9	25	12	8	7	149
OG0000062	1	31	12	15	31	4	3	30	21	148
OG0000063	0	49	0	0	87	0	0	6	5	147
OG0000064	7	13	3	76	5	13	0	15	14	146
OG0000065	7	3	12	6	3	5	102	4	3	145
OG0000066	1	1	0	2	0	140	0	0	0	144
OG0000067	2	1	1	134	1	1	2	1	1	144
OG0000068	0	0	10	4	0	6	124	0	0	144
OG0000069	9	17	22	9	17	10	16	22	20	142
OG0000070	116	1	10	1	1	7	1	1	1	139
OG0000071	24	3	35	19	4	44	3	4	3	139
OG0000072	12	7	14	59	7	11	11	9	8	138
OG0000073	11	7	6	56	7	7	26	10	8	138
OG0000074	85	0	17	13	0	21	0	0	0	136
OG0000075	10	7	9	72	7	6	12	5	7	135
OG0000076	104	0	28	0	0	1	0	0	0	133
OG0000077	32	0	83	2	0	12	4	0	0	133
OG0000078	21	3	16	44	4	30	9	3	3	133
OG0000079	0	0	0	131	0	0	0	0	0	131
OG0000080	19	0	31	29	0	50	1	0	0	130
OG0000081	15	6	13	62	5	10	6	6	6	129
OG0000082	10	19	16	19	17	14	1	17	16	129
OG0000083	0	12	0	0	15	0	0	52	50	129
OG0000084	0	0	129	0	0	0	0	0	0	129
OG0000085	5	25	0	16	18	8	11	22	23	128
OG0000086	15	22	12	21	16	10	3	15	14	128
OG0000087	7	4	5	87	4	6	6	5	4	128
OG0000088	3	11	3	74	11	2	0	12	11	127
OG0000089	0	31	3	0	44	0	0	25	24	127
OG0000090	0	0	0	127	0	0	0	0	0	127
OG0000091	4	0	13	0	0	3	106	0	0	126
OG0000092	0	0	0	0	0	0	126	0	0	126
OG0000093	61	0	44	4	0	7	8	0	0	124
OG0000094	7	19	8	2	25	13	2	24	24	124
OG0000095	17	4	15	36	4	11	27	5	4	123
OG0000096	72	0	10	40	0	1	0	0	0	123
OG0000097	0	0	0	0	0	0	123	0	0	123
OG0000098	110	1	5	2	1	1	1	0	1	122
OG0000099	18	0	29	34	0	41	0	0	0	122
OG0000100	44	3	25	28	5	9	2	3	2	121
OG0000101	14	11	9	16	8	40	0	12	11	121
OG0000102	17	4	9	34	1	52	1	1	1	120
OG0000103	0	0	119	0	0	0	0	0	0	119
OG0000104	46	3	4	21	3	30	5	3	3	118
OG0000105	24	0	19	0	0	41	32	1	1	118
OG0000106	49	0	44	5	1	16	2	1	0	118
OG0000107	68	0	12	11	0	13	12	1	0	117
OG0000108	6	2	5	26	2	3	65	5	3	117
OG0000109	60	0	39	9	0	8	0	0	0	116
OG0000110	16	3	12	33	3	12	31	3	3	116
OG0000111	8	0	11	90	0	7	0	0	0	116
OG0000112	26	1	25	31	1	28	1	1	1	115
OG0000113	7	4	10	65	5	5	9	4	5	114
OG0000114	24	2	22	12	2	47	0	2	2	113
OG0000115	10	21	10	7	15	12	3	17	17	112
OG0000116	17	10	15	26	8	10	6	11	8	111
OG0000117	106	0	5	0	0	0	0	0	0	111
OG0000118	11	4	15	50	4	12	7	4	4	111
OG0000119	8	5	7	62	4	6	6	6	5	109
OG0000120	0	0	0	108	0	0	0	0	0	108
OG0000121	13	4	18	31	6	30	0	3	2	107
OG0000122	16	5	12	41	5	10	7	5	5	106
OG0000123	1	28	0	5	29	0	1	22	20	106
OG0000124	38	3	26	19	4	6	0	3	4	103
OG0000125	12	5	5	49	4	9	6	6	7	103
OG0000126	13	16	1	9	6	8	27	12	11	103
OG0000127	8	5	7	48	2	6	19	4	3	102
OG0000128	12	8	11	29	5	9	10	9	9	102
OG0000129	7	14	5	20	10	3	5	16	22	102
OG0000130	3	0	2	94	0	3	0	0	0	102
OG0000131	1	2	5	82	2	3	3	2	2	102
OG0000132	14	7	14	30	6	5	12	6	7	101
OG0000133	6	7	7	52	3	8	3	6	9	101
OG0000134	6	1	0	2	3	27	57	3	1	100
OG0000135	7	5	13	49	5	6	5	5	5	100
OG0000136	9	5	7	16	6	5	35	7	9	99
OG0000137	6	5	5	59	4	5	5	5	5	99
OG0000138	94	0	1	3	0	0	0	0	0	98
OG0000139	5	3	7	64	3	7	3	3	3	98
OG0000140	0	0	0	97	0	0	0	0	0	97
OG0000141	43	2	29	3	2	8	5	2	2	96
OG0000142	16	0	60	0	0	18	1	0	0	95
OG0000143	9	8	9	28	16	7	3	8	7	95
OG0000144	10	6	7	47	5	5	3	6	5	94
OG0000145	2	0	0	92	0	0	0	0	0	94
OG0000146	0	0	5	46	0	2	41	0	0	94
OG0000147	7	16	6	7	21	13	2	12	9	93
OG0000148	9	4	8	51	4	4	5	4	4	93
OG0000149	48	0	38	0	0	1	6	0	0	93
OG0000150	21	1	46	10	0	12	0	1	1	92
OG0000151	0	15	0	0	39	0	0	27	11	92
OG0000152	0	27	0	1	21	0	3	19	21	92
OG0000153	11	2	7	58	3	3	2	3	2	91
OG0000154	21	3	7	29	4	10	4	9	4	91
OG0000155	0	0	0	91	0	0	0	0	0	91
OG0000156	14	9	9	17	10	8	5	9	9	90
OG0000157	0	17	0	0	18	0	0	27	28	90
OG0000158	0	23	0	0	21	0	1	23	22	90
OG0000159	0	0	5	71	0	0	14	0	0	90
OG0000160	0	0	0	89	0	0	0	0	0	89
OG0000161	2	18	3	8	19	0	1	21	16	88
OG0000162	2	1	2	72	2	2	3	2	2	88
OG0000163	0	0	0	88	0	0	0	0	0	88
OG0000164	15	2	13	33	2	15	3	2	2	87
OG0000165	5	2	6	63	2	5	0	2	2	87
OG0000166	7	2	17	14	6	18	6	9	8	87
OG0000167	6	3	5	53	3	5	6	3	3	87
OG0000168	2	26	0	3	19	8	0	13	15	86
OG0000169	8	5	11	31	5	6	8	6	5	85
OG0000170	9	1	6	32	1	8	25	1	2	85
OG0000171	7	16	4	6	14	7	1	16	14	85
OG0000172	10	4	11	35	4	5	5	6	5	85
OG0000173	0	0	1	54	0	3	27	0	0	85
OG0000174	78	0	5	0	0	1	0	0	0	84
OG0000175	82	0	2	0	0	0	0	0	0	84
OG0000176	14	3	13	33	2	9	5	3	2	84
OG0000177	0	0	0	83	0	0	1	0	0	84
OG0000178	54	0	11	0	0	7	10	1	0	83
OG0000179	18	4	9	13	4	19	7	5	4	83
OG0000180	9	5	10	28	7	6	7	6	5	83
OG0000181	6	7	5	28	7	3	15	6	6	83
OG0000182	1	12	3	6	13	7	13	15	13	83
OG0000183	31	0	37	3	0	7	4	0	0	82
OG0000184	56	0	8	0	0	12	6	0	0	82
OG0000185	1	0	67	0	0	3	11	0	0	82
OG0000186	4	13	3	27	12	8	0	9	6	82
OG0000187	0	0	0	82	0	0	0	0	0	82
OG0000188	0	0	0	82	0	0	0	0	0	82
OG0000189	81	0	0	0	0	0	0	0	0	81
OG0000190	6	16	4	2	15	6	3	14	15	81
OG0000191	13	2	20	24	4	8	3	4	3	81
OG0000192	24	5	6	12	5	16	1	5	6	80
OG0000193	7	0	2	53	0	17	1	0	0	80
OG0000194	16	4	20	14	4	9	4	4	4	79
OG0000195	10	8	9	15	7	8	8	7	7	79
OG0000196	4	0	5	63	0	7	0	0	0	79
OG0000197	15	9	15	10	6	10	1	7	6	79
OG0000198	11	5	9	25	5	12	3	5	4	79
OG0000199	1	1	0	72	1	1	1	1	1	79
OG0000200	6	0	43	0	0	30	0	0	0	79
OG0000201	2	1	1	71	1	1	0	1	1	79
OG0000202	0	0	0	0	0	0	79	0	0	79
OG0000203	7	4	13	27	5	9	4	5	4	78
OG0000204	4	8	5	19	7	8	4	11	12	78
OG0000205	2	11	15	4	8	3	5	15	15	78
OG0000206	0	0	1	77	0	0	0	0	0	78
OG0000207	2	7	6	11	7	12	11	11	10	77
OG0000208	76	0	1	0	0	0	0	0	0	77
OG0000209	4	3	15	19	3	25	3	3	2	77
OG0000210	0	0	1	73	0	3	0	0	0	77
OG0000211	0	0	0	77	0	0	0	0	0	77
OG0000212	0	0	0	76	0	0	0	0	0	76
OG0000213	0	0	0	76	0	0	0	0	0	76
OG0000214	48	0	18	0	0	9	0	0	0	75
OG0000215	75	0	0	0	0	0	0	0	0	75
OG0000216	10	3	20	21	2	9	4	3	3	75
OG0000217	6	6	6	27	5	4	8	6	7	75
OG0000218	0	0	0	75	0	0	0	0	0	75
OG0000219	16	2	11	25	2	6	8	2	2	74
OG0000220	8	7	8	27	1	1	7	8	7	74
OG0000221	7	3	8	29	2	11	8	3	3	74
OG0000222	1	5	54	2	5	2	0	1	4	74
OG0000223	21	0	48	1	0	0	3	0	0	73
OG0000224	5	3	9	40	3	4	3	3	3	73
OG0000225	6	6	7	25	8	6	4	5	6	73
OG0000226	0	10	0	0	9	0	0	26	28	73
OG0000227	70	0	0	0	0	2	0	0	0	72
OG0000228	38	1	15	3	2	0	8	2	3	72
OG0000229	7	2	11	27	2	6	13	2	2	72
OG0000230	12	0	21	11	0	28	0	0	0	72
OG0000231	8	6	8	22	6	6	5	6	5	72
OG0000232	7	15	2	7	14	3	2	12	10	72
OG0000233	2	1	2	60	1	1	2	2	1	72
OG0000234	0	23	2	0	16	0	0	12	19	72
OG0000235	0	0	0	0	2	0	0	42	28	72
OG0000236	28	0	24	6	0	13	0	0	0	71
OG0000237	14	6	3	11	10	5	10	6	6	71
OG0000238	4	14	8	8	12	2	10	5	8	71
OG0000239	2	1	1	59	1	1	4	1	1	71
OG0000240	2	2	1	61	1	1	1	1	1	71
OG0000241	0	17	1	0	15	0	0	17	21	71
OG0000242	0	0	0	0	0	0	71	0	0	71
OG0000243	19	0	47	0	0	4	0	0	0	70
OG0000244	5	5	1	38	3	3	4	6	5	70
OG0000245	7	7	8	14	10	8	6	5	5	70
OG0000246	12	4	10	23	3	9	1	4	4	70
OG0000247	7	3	19	8	8	7	7	6	5	70
OG0000248	1	0	15	50	0	2	2	0	0	70
OG0000249	0	31	0	0	3	2	0	17	17	70
OG0000250	50	0	18	0	0	1	0	0	0	69
OG0000251	7	8	12	11	6	5	8	6	6	69
OG0000252	6	7	13	17	4	9	1	7	5	69
OG0000253	8	5	8	7	5	9	17	5	5	69
OG0000254	7	3	5	15	3	9	21	3	3	69
OG0000255	0	17	0	0	17	0	0	17	18	69
OG0000256	0	0	0	69	0	0	0	0	0	69
OG0000257	68	0	0	0	0	0	0	0	0	68
OG0000258	8	6	6	18	5	6	8	6	5	68
OG0000259	43	0	22	0	0	2	1	0	0	68
OG0000260	9	2	6	33	1	6	6	3	2	68
OG0000261	15	11	7	1	7	11	4	7	5	68
OG0000262	0	21	0	0	17	0	0	13	17	68
OG0000263	0	0	0	68	0	0	0	0	0	68
OG0000264	8	10	5	7	13	5	4	7	8	67
OG0000265	3	1	3	41	1	16	0	1	1	67
OG0000266	18	0	15	0	0	34	0	0	0	67
OG0000267	4	2	1	48	2	4	1	2	3	67
OG0000268	0	25	0	0	21	3	0	7	11	67
OG0000269	7	5	6	18	6	6	6	6	6	66
OG0000270	35	0	10	20	0	1	0	0	0	66
OG0000271	43	0	19	0	0	4	0	0	0	66
OG0000272	40	0	14	0	0	7	5	0	0	66
OG0000273	3	0	16	17	0	28	2	0	0	66
OG0000274	1	1	1	57	0	1	2	2	1	66
OG0000275	4	3	6	34	3	4	4	4	4	66
OG0000276	0	0	0	66	0	0	0	0	0	66
OG0000277	9	5	6	22	5	5	4	4	5	65
OG0000278	5	3	3	39	2	3	4	3	3	65
OG0000279	16	2	9	22	1	1	5	4	5	65
OG0000280	41	0	17	0	0	5	2	0	0	65
OG0000281	39	0	26	0	0	0	0	0	0	65
OG0000282	6	4	12	17	5	10	3	4	4	65
OG0000283	0	18	0	0	3	0	4	15	25	65
OG0000284	0	0	65	0	0	0	0	0	0	65
OG0000285	9	4	6	20	5	5	7	4	4	64
OG0000286	6	8	2	9	9	2	6	11	11	64
OG0000287	10	4	8	17	5	5	7	4	4	64
OG0000288	2	1	3	51	2	1	0	3	1	64
OG0000289	6	5	2	34	4	3	1	4	4	63
OG0000290	4	9	8	8	9	6	3	8	8	63
OG0000291	4	3	5	34	3	6	2	3	3	63
OG0000292	9	14	0	2	13	4	5	7	9	63
OG0000293	2	1	2	53	1	1	1	1	1	63
OG0000294	0	16	0	0	9	0	0	19	19	63
OG0000295	0	0	0	63	0	0	0	0	0	63
OG0000296	2	2	1	32	2	1	18	2	2	62
OG0000297	6	4	5	27	4	6	0	6	4	62
OG0000298	6	7	13	9	4	7	3	7	6	62
OG0000299	35	1	4	11	1	8	0	1	1	62
OG0000300	54	1	2	0	1	1	0	2	1	62
OG0000301	2	2	0	49	2	2	1	2	2	62
OG0000302	15	0	20	0	0	27	0	0	0	62
OG0000303	11	3	12	9	3	17	2	3	2	62
OG0000304	3	6	8	3	13	11	1	10	7	62
OG0000305	6	11	6	4	10	4	3	8	10	62
OG0000306	11	0	7	2	0	6	36	0	0	62
OG0000307	4	2	10	38	2	2	0	2	2	62
OG0000308	3	3	3	36	4	3	2	4	4	62
OG0000309	16	2	6	20	2	10	1	2	2	61
OG0000310	49	0	9	1	0	1	1	0	0	61
OG0000311	48	1	2	7	1	1	0	0	1	61
OG0000312	18	1	33	4	1	1	1	1	1	61
OG0000313	1	4	1	1	3	45	0	3	3	61
OG0000314	13	0	20	12	0	16	0	0	0	61
OG0000315	2	1	2	51	1	1	1	1	1	61
OG0000316	7	5	7	20	4	7	1	5	5	61
OG0000317	2	15	0	0	11	0	0	16	17	61
OG0000318	7	5	6	19	4	5	5	5	5	61
OG0000319	2	4	10	20	4	3	10	4	4	61
OG0000320	0	0	0	61	0	0	0	0	0	61
OG0000321	0	0	0	61	0	0	0	0	0	61
OG0000322	52	0	3	2	0	2	1	0	0	60
OG0000323	38	1	3	0	1	13	0	2	2	60
OG0000324	9	0	51	0	0	0	0	0	0	60
OG0000325	6	2	1	40	2	2	3	2	2	60
OG0000326	3	0	0	55	0	2	0	0	0	60
OG0000327	10	6	10	8	4	10	2	6	4	60
OG0000328	5	6	4	30	4	4	1	2	4	60
OG0000329	5	1	26	12	2	9	2	2	1	60
OG0000330	4	4	8	20	6	4	5	5	4	60
OG0000331	4	3	2	37	3	2	3	3	3	60
OG0000332	5	5	2	29	5	2	1	6	5	60
OG0000333	4	1	0	41	1	1	10	1	1	60
OG0000334	0	0	60	0	0	0	0	0	0	60
OG0000335	9	2	1	20	2	3	18	2	2	59
OG0000336	8	3	9	19	3	7	3	4	3	59
OG0000337	25	0	26	1	0	3	4	0	0	59
OG0000338	3	2	4	31	2	2	11	2	2	59
OG0000339	8	7	2	8	6	7	4	10	7	59
OG0000340	1	0	58	0	0	0	0	0	0	59
OG0000341	6	7	10	11	2	6	7	5	5	59
OG0000342	9	2	15	20	1	10	0	1	1	59
OG0000343	0	9	0	0	19	0	0	15	16	59
OG0000344	0	21	0	0	14	0	0	11	13	59
OG0000345	0	0	0	55	0	1	3	0	0	59
OG0000346	0	0	0	58	0	1	0	0	0	59
OG0000347	15	0	4	15	0	18	6	0	0	58
OG0000348	7	7	12	3	8	5	2	7	7	58
OG0000349	3	1	7	41	1	2	1	1	1	58
OG0000350	5	7	10	6	7	10	1	5	7	58
OG0000351	8	6	5	11	5	5	6	6	6	58
OG0000352	2	1	4	46	1	2	0	1	1	58
OG0000353	9	4	7	8	6	6	7	5	6	58
OG0000354	2	0	3	3	0	4	46	0	0	58
OG0000355	7	6	7	10	6	6	5	5	6	58
OG0000356	0	0	0	0	0	2	56	0	0	58
OG0000357	47	0	10	0	0	0	0	0	0	57
OG0000358	12	3	19	5	1	8	4	2	3	57
OG0000359	3	3	8	18	5	6	8	3	3	57
OG0000360	5	0	47	2	0	1	2	0	0	57
OG0000361	18	1	20	2	1	12	0	1	1	56
OG0000362	24	0	15	0	0	10	7	0	0	56
OG0000363	55	0	1	0	0	0	0	0	0	56
OG0000364	3	0	4	39	0	10	0	0	0	56
OG0000365	23	0	1	0	0	32	0	0	0	56
OG0000366	10	0	9	28	0	8	1	0	0	56
OG0000367	27	7	7	0	4	2	1	6	2	56
OG0000368	14	1	1	29	5	1	0	2	3	56
OG0000369	2	2	1	39	2	3	3	2	2	56
OG0000370	4	5	6	22	4	4	2	5	4	56
OG0000371	3	3	4	31	2	4	3	3	3	56
OG0000372	9	2	6	23	2	9	1	2	2	56
OG0000373	2	0	1	0	0	3	50	0	0	56
OG0000374	9	2	7	18	2	5	7	3	3	56
OG0000375	0	0	56	0	0	0	0	0	0	56
OG0000376	7	6	4	10	5	8	9	3	3	55
OG0000377	9	0	5	3	0	7	31	0	0	55
OG0000378	5	4	12	19	4	3	2	2	4	55
OG0000379	2	1	1	45	1	2	1	1	1	55
OG0000380	1	1	1	47	1	1	1	1	1	55
OG0000381	4	3	5	28	2	4	3	3	3	55
OG0000382	5	3	8	22	3	3	5	3	3	55
OG0000383	4	2	3	15	3	3	21	2	2	55
OG0000384	7	3	10	11	3	9	5	4	3	55
OG0000385	7	3	4	19	3	11	2	3	3	55
OG0000386	4	5	4	19	5	4	3	6	5	55
OG0000387	3	7	8	4	9	4	1	10	9	55
OG0000388	2	2	1	40	2	2	2	2	2	55
OG0000389	0	0	0	53	0	0	0	1	1	55
OG0000390	0	0	0	55	0	0	0	0	0	55
OG0000391	5	2	4	20	2	15	2	2	2	54
OG0000392	10	1	14	14	1	8	1	3	2	54
OG0000393	7	2	3	25	1	7	4	3	2	54
OG0000394	3	3	9	27	3	3	0	3	3	54
OG0000395	7	11	4	3	9	2	2	8	8	54
OG0000396	0	0	54	0	0	0	0	0	0	54
OG0000397	0	0	0	54	0	0	0	0	0	54
OG0000398	7	3	4	18	3	5	7	3	3	53
OG0000399	53	0	0	0	0	0	0	0	0	53
OG0000400	12	5	6	6	1	13	3	3	4	53
OG0000401	6	3	2	29	1	2	4	3	3	53
OG0000402	20	0	24	0	0	4	5	0	0	53
OG0000403	3	3	4	33	1	2	1	3	3	53
OG0000404	5	0	0	0	0	1	47	0	0	53
OG0000405	4	8	2	6	8	4	4	10	7	53
OG0000406	8	10	5	8	7	5	0	5	5	53
OG0000407	3	1	2	40	1	3	1	1	1	53
OG0000408	2	1	1	44	0	1	1	2	1	53
OG0000409	2	1	2	44	1	0	0	2	1	53
OG0000410	0	14	0	0	13	0	0	12	14	53
OG0000411	0	0	53	0	0	0	0	0	0	53
OG0000412	0	0	0	53	0	0	0	0	0	53
OG0000413	0	0	0	53	0	0	0	0	0	53
OG0000414	38	0	13	0	0	1	0	0	0	52
OG0000415	8	0	14	20	0	9	0	1	0	52
OG0000416	2	1	2	41	1	2	1	1	1	52
OG0000417	7	2	4	16	2	8	9	2	2	52
OG0000418	3	3	5	30	3	3	2	2	1	52
OG0000419	4	2	5	32	2	2	1	2	2	52
OG0000420	2	1	2	42	1	1	1	1	1	52
OG0000421	0	0	0	52	0	0	0	0	0	52
OG0000422	8	3	13	7	3	2	9	3	3	51
OG0000423	47	0	3	0	0	1	0	0	0	51
OG0000424	11	3	8	5	2	8	10	2	2	51
OG0000425	2	1	0	42	1	2	1	1	1	51
OG0000426	8	1	9	23	1	4	1	2	2	51
OG0000427	4	2	2	33	2	1	3	2	2	51
OG0000428	7	2	20	6	2	5	5	2	2	51
OG0000429	3	3	6	22	2	8	3	1	3	51
OG0000430	2	4	1	19	14	2	3	3	3	51
OG0000431	3	2	3	31	1	5	2	2	2	51
OG0000432	2	0	3	44	0	2	0	0	0	51
OG0000433	0	0	0	51	0	0	0	0	0	51
OG0000434	0	0	0	0	0	23	28	0	0	51
OG0000435	8	6	5	2	6	6	5	6	6	50
OG0000436	2	0	43	3	0	2	0	0	0	50
OG0000437	7	2	6	14	2	4	11	2	2	50
OG0000438	3	7	1	5	9	3	0	12	10	50
OG0000439	5	2	9	26	1	2	2	1	2	50
OG0000440	2	1	3	32	1	6	3	1	1	50
OG0000441	1	2	5	8	5	7	19	2	1	50
OG0000442	7	4	5	13	5	6	4	4	2	50
OG0000443	43	0	1	0	0	6	0	0	0	50
OG0000444	4	3	8	20	2	3	4	3	3	50
OG0000445	0	20	0	0	16	0	0	4	10	50
OG0000446	0	2	35	0	2	0	4	5	2	50
OG0000447	0	6	2	6	10	1	5	10	10	50
OG0000448	0	0	50	0	0	0	0	0	0	50
OG0000449	0	0	50	0	0	0	0	0	0	50
OG0000450	0	0	37	2	0	10	1	0	0	50
OG0000451	0	0	0	50	0	0	0	0	0	50
OG0000452	0	0	0	50	0	0	0	0	0	50
OG0000453	4	2	4	29	3	2	2	1	2	49
OG0000454	46	0	2	0	0	1	0	0	0	49
OG0000455	6	3	5	18	4	4	3	3	3	49
OG0000456	37	0	6	5	0	1	0	0	0	49
OG0000457	22	0	5	21	0	1	0	0	0	49
OG0000458	13	1	16	3	1	13	0	1	1	49
OG0000459	17	0	15	5	0	11	1	0	0	49
OG0000460	4	3	5	12	3	5	11	4	2	49
OG0000461	2	1	3	37	1	2	1	1	1	49
OG0000462	1	1	1	40	1	1	1	2	1	49
OG0000463	2	1	1	38	1	2	2	1	1	49
OG0000464	6	1	18	12	1	9	0	1	1	49
OG0000465	2	9	4	9	8	1	1	8	7	49
OG0000466	0	0	0	48	0	1	0	0	0	49
OG0000467	0	0	0	49	0	0	0	0	0	49
OG0000468	39	0	7	0	0	2	0	0	0	48
OG0000469	11	0	29	7	0	1	0	0	0	48
OG0000470	27	0	15	3	0	1	2	0	0	48
OG0000471	2	0	12	19	0	14	1	0	0	48
OG0000472	1	1	1	40	1	1	1	1	1	48
OG0000473	2	2	0	2	2	1	35	2	2	48
OG0000474	2	0	2	42	0	1	1	0	0	48
OG0000475	0	0	0	0	0	1	45	1	1	48
OG0000476	45	0	0	0	0	1	1	0	0	47
OG0000477	22	0	25	0	0	0	0	0	0	47
OG0000478	2	3	4	19	3	6	3	4	3	47
OG0000479	8	3	7	11	1	6	5	3	3	47
OG0000480	5	1	7	23	1	5	3	1	1	47
OG0000481	43	0	0	3	0	1	0	0	0	47
OG0000482	3	4	3	21	2	3	5	3	3	47
OG0000483	5	5	6	12	4	4	3	4	4	47
OG0000484	5	3	3	16	3	4	7	3	3	47
OG0000485	8	1	13	6	2	12	0	2	3	47
OG0000486	2	1	1	36	1	0	3	2	1	47
OG0000487	2	1	2	37	1	1	1	1	1	47
OG0000488	46	0	0	0	0	0	0	0	0	46
OG0000489	13	6	5	0	6	4	0	7	5	46
OG0000490	39	0	4	0	0	3	0	0	0	46
OG0000491	2	5	2	17	4	1	6	4	5	46
OG0000492	43	0	2	0	0	1	0	0	0	46
OG0000493	4	4	5	13	4	6	2	4	4	46
OG0000494	15	0	9	3	0	16	0	3	0	46
OG0000495	1	1	1	38	1	1	1	1	1	46
OG0000496	8	3	6	13	3	3	4	3	3	46
OG0000497	6	4	6	8	5	4	3	5	5	46
OG0000498	2	1	2	36	1	1	1	1	1	46
OG0000499	5	3	3	19	3	4	3	3	3	46
OG0000500	8	4	8	0	5	3	0	8	10	46
OG0000501	6	2	3	22	2	4	1	3	3	46
OG0000502	4	2	4	25	2	2	3	2	2	46
OG0000503	4	4	1	7	2	5	17	3	3	46
OG0000504	4	2	11	6	6	2	7	5	3	46
OG0000505	3	2	1	32	2	1	1	2	2	46
OG0000506	2	1	1	34	0	1	5	1	1	46
OG0000507	0	12	0	2	6	0	2	11	13	46
OG0000508	0	0	0	46	0	0	0	0	0	46
OG0000509	9	6	3	4	9	5	0	5	4	45
OG0000510	45	0	0	0	0	0	0	0	0	45
OG0000511	3	4	8	16	3	3	2	3	3	45
OG0000512	5	1	5	26	1	4	1	1	1	45
OG0000513	3	2	3	26	2	4	1	2	2	45
OG0000514	14	3	16	0	3	3	0	3	3	45
OG0000515	6	2	8	9	0	6	8	3	3	45
OG0000516	16	1	12	9	3	2	0	1	1	45
OG0000517	5	6	6	5	5	3	6	5	4	45
OG0000518	9	9	6	1	3	5	4	4	4	45
OG0000519	2	2	3	9	4	3	0	13	9	45
OG0000520	4	4	12	4	4	5	4	4	4	45
OG0000521	4	1	3	30	2	2	0	2	1	45
OG0000522	8	1	8	9	1	2	14	1	1	45
OG0000523	0	16	0	0	11	0	0	9	9	45
OG0000524	0	0	45	0	0	0	0	0	0	45
OG0000525	0	0	39	0	1	1	0	4	0	45
OG0000526	0	0	44	0	0	1	0	0	0	45
OG0000527	0	0	0	45	0	0	0	0	0	45
OG0000528	5	1	7	17	1	6	5	1	1	44
OG0000529	2	1	1	33	1	1	2	2	1	44
OG0000530	33	0	8	2	0	1	0	0	0	44
OG0000531	5	2	4	21	2	4	2	2	2	44
OG0000532	1	1	2	23	2	6	6	2	1	44
OG0000533	32	0	10	0	0	0	2	0	0	44
OG0000534	7	2	2	20	1	5	3	2	2	44
OG0000535	10	0	33	0	0	1	0	0	0	44
OG0000536	27	0	14	0	0	3	0	0	0	44
OG0000537	6	2	12	7	2	4	6	3	2	44
OG0000538	5	2	2	22	2	2	3	4	2	44
OG0000539	2	6	2	1	4	1	1	13	14	44
OG0000540	6	5	3	7	5	3	7	4	4	44
OG0000541	2	1	2	31	1	1	4	1	1	44
OG0000542	0	12	0	0	10	0	0	7	15	44
OG0000543	0	14	1	1	8	0	0	7	13	44
OG0000544	0	6	5	3	4	14	0	6	6	44
OG0000545	0	0	43	0	0	1	0	0	0	44
OG0000546	0	0	0	44	0	0	0	0	0	44
OG0000547	6	5	5	8	4	3	2	5	5	43
OG0000548	3	2	3	27	1	2	1	2	2	43
OG0000549	9	2	6	3	2	13	4	2	2	43
OG0000550	3	4	2	13	4	2	7	4	4	43
OG0000551	6	7	4	9	4	3	4	3	3	43
OG0000552	2	3	4	6	7	1	1	10	9	43
OG0000553	2	3	4	18	5	2	1	4	4	43
OG0000554	1	2	5	24	2	2	3	2	2	43
OG0000555	2	1	11	8	1	3	12	3	2	43
OG0000556	2	3	3	20	3	6	1	3	2	43
OG0000557	5	2	2	22	2	2	4	2	2	43
OG0000558	2	2	6	23	2	2	2	2	2	43
OG0000559	0	9	0	4	9	1	0	11	9	43
OG0000560	0	0	0	43	0	0	0	0	0	43
OG0000561	0	0	0	43	0	0	0	0	0	43
OG0000562	2	1	1	32	2	1	1	1	1	42
OG0000563	9	0	9	14	0	10	0	0	0	42
OG0000564	3	2	4	23	2	3	1	2	2	42
OG0000565	10	3	4	2	3	12	2	3	3	42
OG0000566	31	0	3	6	0	1	1	0	0	42
OG0000567	4	2	4	14	3	7	3	3	2	42
OG0000568	1	5	1	3	5	3	3	12	9	42
OG0000569	6	2	2	19	3	3	2	3	2	42
OG0000570	3	2	5	22	2	2	2	2	2	42
OG0000571	2	1	7	24	2	2	2	1	1	42
OG0000572	1	1	1	34	1	1	1	1	1	42
OG0000573	5	2	5	15	2	3	6	2	2	42
OG0000574	5	3	4	12	4	3	5	3	3	42
OG0000575	0	7	0	6	0	3	4	10	12	42
OG0000576	0	0	0	42	0	0	0	0	0	42
OG0000577	0	0	0	42	0	0	0	0	0	42
OG0000578	0	0	0	42	0	0	0	0	0	42
OG0000579	2	2	6	19	2	3	3	2	2	41
OG0000580	4	1	2	26	1	1	3	2	1	41
OG0000581	3	0	2	23	0	13	0	0	0	41
OG0000582	28	0	12	0	0	1	0	0	0	41
OG0000583	3	2	8	14	4	4	2	2	2	41
OG0000584	8	0	13	0	1	19	0	0	0	41
OG0000585	7	1	14	6	1	5	1	3	3	41
OG0000586	4	1	4	24	1	3	2	1	1	41
OG0000587	6	1	12	9	1	7	3	1	1	41
OG0000588	6	3	7	8	5	3	4	3	2	41
OG0000589	6	3	6	9	3	4	4	3	3	41
OG0000590	2	7	2	3	7	3	2	7	8	41
OG0000591	3	2	2	22	2	3	2	3	2	41
OG0000592	5	3	9	8	3	2	5	3	3	41
OG0000593	2	2	0	25	2	5	1	2	2	41
OG0000594	2	1	3	24	1	2	6	1	1	41
OG0000595	2	1	1	32	1	1	1	1	1	41
OG0000596	2	4	2	17	4	3	3	3	3	41
OG0000597	2	0	2	35	0	1	1	0	0	41
OG0000598	2	1	7	9	1	2	17	1	1	41
OG0000599	2	8	1	2	7	3	0	11	7	41
OG0000600	2	0	5	21	1	5	7	0	0	41
OG0000601	1	0	15	20	0	5	0	0	0	41
OG0000602	2	2	4	22	2	3	2	2	2	41
OG0000603	0	7	3	0	11	0	1	8	11	41
OG0000604	0	17	0	0	3	0	0	11	10	41
OG0000605	0	0	35	0	0	0	6	0	0	41
OG0000606	0	0	41	0	0	0	0	0	0	41
OG0000607	34	0	2	0	0	4	0	0	0	40
OG0000608	35	0	4	0	0	0	1	0	0	40
OG0000609	13	2	13	3	1	2	2	2	2	40
OG0000610	8	0	5	25	0	2	0	0	0	40
OG0000611	6	5	5	6	2	3	2	6	5	40
OG0000612	6	3	7	8	3	2	2	5	4	40
OG0000613	5	3	3	16	3	3	2	2	3	40
OG0000614	14	0	11	9	0	5	0	1	0	40
OG0000615	2	1	2	30	0	1	2	1	1	40
OG0000616	1	1	1	29	1	1	3	2	1	40
OG0000617	5	2	11	4	2	3	12	0	1	40
OG0000618	9	4	8	1	3	6	1	4	4	40
OG0000619	6	1	10	6	1	11	3	1	1	40
OG0000620	39	0	1	0	0	0	0	0	0	40
OG0000621	6	3	3	10	4	3	3	4	4	40
OG0000622	6	3	2	11	3	3	6	3	3	40
OG0000623	3	2	7	19	3	2	0	2	2	40
OG0000624	2	4	5	9	2	4	5	5	4	40
OG0000625	12	2	6	3	2	8	3	2	2	40
OG0000626	2	1	1	31	1	1	1	1	1	40
OG0000627	2	2	4	21	2	2	3	2	2	40
OG0000628	1	0	3	35	0	1	0	0	0	40
OG0000629	6	2	9	1	3	4	9	3	3	40
OG0000630	1	6	5	6	7	2	3	5	5	40
OG0000631	2	1	1	31	1	1	1	1	1	40
OG0000632	0	13	0	0	11	0	0	7	9	40
OG0000633	0	7	0	0	12	2	0	10	9	40
OG0000634	0	4	0	1	8	0	7	11	9	40
OG0000635	0	7	0	7	13	0	0	9	4	40
OG0000636	0	7	0	0	9	0	0	12	12	40
OG0000637	0	0	0	28	0	0	12	0	0	40
OG0000638	0	0	0	0	0	0	40	0	0	40
OG0000639	6	3	5	9	3	5	2	3	3	39
OG0000640	7	2	7	12	2	3	2	2	2	39
OG0000641	1	1	4	8	1	2	20	1	1	39
OG0000642	3	1	6	19	1	3	4	1	1	39
OG0000643	5	1	3	14	1	3	10	1	1	39
OG0000644	3	4	1	8	6	1	0	8	8	39
OG0000645	4	6	3	2	5	5	3	5	6	39
OG0000646	8	3	4	3	4	7	2	4	4	39
OG0000647	1	2	1	30	1	1	1	1	1	39
OG0000648	5	4	2	8	3	3	6	4	4	39
OG0000649	5	3	10	0	3	10	2	3	3	39
OG0000650	4	4	4	11	3	3	2	4	4	39
OG0000651	10	1	6	14	1	3	2	1	1	39
OG0000652	2	6	3	3	4	4	6	6	5	39
OG0000653	3	3	1	13	3	4	8	2	2	39
OG0000654	1	1	1	31	1	1	1	1	1	39
OG0000655	0	11	0	0	12	0	0	8	8	39
OG0000656	0	3	3	18	1	0	2	4	8	39
OG0000657	0	5	3	17	5	0	0	5	4	39
OG0000658	0	1	0	30	1	2	0	2	3	39
OG0000659	0	0	0	39	0	0	0	0	0	39
OG0000660	0	0	0	39	0	0	0	0	0	39
OG0000661	5	2	4	12	2	8	1	2	2	38
OG0000662	2	1	2	28	1	1	1	1	1	38
OG0000663	36	0	0	2	0	0	0	0	0	38
OG0000664	15	0	23	0	0	0	0	0	0	38
OG0000665	6	6	3	4	10	3	2	2	2	38
OG0000666	36	0	2	0	0	0	0	0	0	38
OG0000667	3	3	4	13	3	2	4	3	3	38
OG0000668	5	3	0	18	2	4	2	2	2	38
OG0000669	3	1	2	27	1	1	1	1	1	38
OG0000670	1	1	2	28	0	1	3	1	1	38
OG0000671	13	0	9	1	0	15	0	0	0	38
OG0000672	2	2	6	19	1	4	1	1	2	38
OG0000673	3	1	0	30	1	1	0	1	1	38
OG0000674	12	0	2	0	0	17	7	0	0	38
OG0000675	21	0	15	0	0	2	0	0	0	38
OG0000676	3	3	4	11	3	3	5	3	3	38
OG0000677	3	2	4	19	2	2	2	2	2	38
OG0000678	14	0	22	1	0	1	0	0	0	38
OG0000679	3	2	5	20	1	2	2	1	2	38
OG0000680	6	0	31	0	0	0	1	0	0	38
OG0000681	2	1	1	29	1	1	1	1	1	38
OG0000682	2	0	2	31	0	1	2	0	0	38
OG0000683	4	2	4	17	2	2	2	3	2	38
OG0000684	2	2	7	11	2	4	6	2	2	38
OG0000685	3	7	2	3	5	3	3	7	5	38
OG0000686	5	3	2	5	3	16	0	2	2	38
OG0000687	3	3	4	10	2	3	4	5	4	38
OG0000688	23	1	4	4	1	2	1	1	1	38
OG0000689	3	3	3	4	3	3	1	10	8	38
OG0000690	2	1	0	26	1	1	5	1	1	38
OG0000691	3	2	10	15	1	2	2	2	1	38
OG0000692	0	0	0	38	0	0	0	0	0	38
OG0000693	0	0	0	38	0	0	0	0	0	38
OG0000694	0	0	0	38	0	0	0	0	0	38
OG0000695	0	0	0	38	0	0	0	0	0	38
OG0000696	0	0	0	38	0	0	0	0	0	38
OG0000697	0	0	0	38	0	0	0	0	0	38
OG0000698	9	0	0	26	0	1	1	0	0	37
OG0000699	4	2	3	19	2	4	0	2	1	37
OG0000700	3	4	3	7	4	2	8	3	3	37
OG0000701	4	1	2	21	1	2	4	1	1	37
OG0000702	5	3	4	9	3	4	3	3	3	37
OG0000703	5	3	9	4	3	4	5	2	2	37
OG0000704	2	6	1	2	8	3	1	8	6	37
OG0000705	2	3	6	12	3	2	3	3	3	37
OG0000706	8	2	5	12	2	6	0	1	1	37
OG0000707	4	3	3	3	3	4	11	3	3	37
OG0000708	8	3	8	6	2	2	2	3	3	37
OG0000709	14	0	10	0	0	13	0	0	0	37
OG0000710	2	1	2	26	1	1	1	2	1	37
OG0000711	2	0	28	0	0	7	0	0	0	37
OG0000712	4	2	6	13	2	2	3	2	3	37
OG0000713	5	4	5	1	3	1	12	3	3	37
OG0000714	6	3	2	11	3	4	2	3	3	37
OG0000715	2	2	4	25	1	1	0	1	1	37
OG0000716	2	2	2	20	2	2	2	3	2	37
OG0000717	2	0	1	34	0	0	0	0	0	37
OG0000718	6	3	2	8	3	8	1	3	3	37
OG0000719	5	4	2	12	3	3	3	3	2	37
OG0000720	4	2	4	11	3	2	7	2	2	37
OG0000721	2	2	3	16	2	5	3	2	2	37
OG0000722	2	4	3	10	3	4	4	3	4	37
OG0000723	3	2	7	11	2	7	1	2	2	37
OG0000724	2	3	5	2	11	0	3	6	5	37
OG0000725	1	1	0	30	1	1	1	1	1	37
OG0000726	0	0	36	0	0	0	1	0	0	37
OG0000727	0	0	0	37	0	0	0	0	0	37
OG0000728	0	0	0	37	0	0	0	0	0	37
OG0000729	0	0	0	37	0	0	0	0	0	37
OG0000730	0	0	0	0	0	0	37	0	0	37
OG0000731	5	4	3	3	4	4	4	5	4	36
OG0000732	22	0	5	0	0	5	4	0	0	36
OG0000733	7	3	6	7	2	4	1	3	3	36
OG0000734	21	0	13	0	0	2	0	0	0	36
OG0000735	36	0	0	0	0	0	0	0	0	36
OG0000736	1	1	2	26	2	1	1	1	1	36
OG0000737	12	0	13	0	0	11	0	0	0	36
OG0000738	4	3	1	16	1	4	1	3	3	36
OG0000739	6	2	6	4	2	13	0	2	1	36
OG0000740	2	1	2	26	1	1	1	1	1	36
OG0000741	17	1	9	3	1	2	1	1	1	36
OG0000742	1	7	0	2	6	3	10	0	7	36
OG0000743	2	1	0	27	1	2	1	1	1	36
OG0000744	4	3	1	12	2	3	5	3	3	36
OG0000745	1	0	0	35	0	0	0	0	0	36
OG0000746	1	1	1	26	1	1	0	4	1	36
OG0000747	7	0	12	0	0	16	1	0	0	36
OG0000748	1	0	35	0	0	0	0	0	0	36
OG0000749	4	3	4	13	3	2	1	3	3	36
OG0000750	3	2	2	19	2	2	2	2	2	36
OG0000751	1	3	1	21	3	1	1	3	2	36
OG0000752	4	3	3	11	3	3	3	3	3	36
OG0000753	2	1	1	26	1	1	1	2	1	36
OG0000754	2	1	3	25	1	1	1	1	1	36
OG0000755	2	1	1	27	1	1	1	1	1	36
OG0000756	8	0	20	2	0	1	5	0	0	36
OG0000757	4	5	5	0	6	4	2	5	5	36
OG0000758	2	1	1	28	1	1	0	1	1	36
OG0000759	2	4	2	11	5	1	4	4	3	36
OG0000760	0	6	0	0	8	0	0	9	13	36
OG0000761	0	0	21	1	0	14	0	0	0	36
OG0000762	0	0	2	34	0	0	0	0	0	36
OG0000763	0	0	0	36	0	0	0	0	0	36
OG0000764	0	0	0	36	0	0	0	0	0	36
OG0000765	0	0	0	0	0	0	36	0	0	36
OG0000766	0	0	0	0	0	0	36	0	0	36
OG0000767	11	0	15	1	3	1	2	1	1	35
OG0000768	5	1	4	13	1	4	5	1	1	35
OG0000769	7	0	28	0	0	0	0	0	0	35
OG0000770	5	3	3	10	3	3	2	3	3	35
OG0000771	4	3	4	7	3	6	2	3	3	35
OG0000772	9	0	7	0	0	19	0	0	0	35
OG0000773	13	2	6	3	1	2	4	2	2	35
OG0000774	1	1	1	27	1	1	1	1	1	35
OG0000775	5	1	2	20	1	1	3	1	1	35
OG0000776	32	0	3	0	0	0	0	0	0	35
OG0000777	2	0	15	0	0	18	0	0	0	35
OG0000778	3	4	1	8	3	4	4	4	4	35
OG0000779	6	2	5	9	2	4	3	2	2	35
OG0000780	3	2	1	21	1	2	1	2	2	35
OG0000781	5	1	4	6	3	2	11	1	2	35
OG0000782	2	1	2	25	1	0	2	1	1	35
OG0000783	2	2	1	23	2	1	0	2	2	35
OG0000784	2	2	6	13	3	2	0	4	3	35
OG0000785	4	2	3	14	4	5	0	1	2	35
OG0000786	4	4	0	16	3	0	3	2	3	35
OG0000787	3	7	2	5	4	3	5	3	3	35
OG0000788	1	2	1	20	2	2	3	2	2	35
OG0000789	4	2	6	15	1	2	1	2	2	35
OG0000790	2	1	0	26	1	1	2	1	1	35
OG0000791	2	1	0	26	1	1	1	2	1	35
OG0000792	0	7	0	0	14	0	0	9	5	35
OG0000793	0	5	3	3	6	4	1	7	6	35
OG0000794	0	0	35	0	0	0	0	0	0	35
OG0000795	0	0	0	35	0	0	0	0	0	35
OG0000796	0	0	0	35	0	0	0	0	0	35
OG0000797	0	0	0	35	0	0	0	0	0	35
OG0000798	0	0	0	0	0	0	35	0	0	35
OG0000799	2	1	4	21	1	1	1	2	1	34
OG0000800	2	1	1	26	1	0	1	1	1	34
OG0000801	5	3	3	4	3	3	6	4	3	34
OG0000802	11	0	1	22	0	0	0	0	0	34
OG0000803	9	0	5	9	0	4	7	0	0	34
OG0000804	33	0	1	0	0	0	0	0	0	34
OG0000805	3	3	5	11	3	3	0	3	3	34
OG0000806	4	1	1	22	1	2	1	1	1	34
OG0000807	8	0	2	0	0	16	8	0	0	34
OG0000808	6	2	8	7	2	3	2	2	2	34
OG0000809	5	3	6	7	2	2	5	1	3	34
OG0000810	1	1	0	27	1	1	1	1	1	34
OG0000811	8	3	6	2	3	3	3	3	3	34
OG0000812	6	3	4	7	3	3	2	3	3	34
OG0000813	5	2	5	12	1	4	1	2	2	34
OG0000814	4	2	3	15	2	1	3	2	2	34
OG0000815	4	2	2	7	1	2	11	2	3	34
OG0000816	3	2	3	14	2	2	4	2	2	34
OG0000817	4	3	3	13	2	2	1	1	5	34
OG0000818	8	0	7	0	0	19	0	0	0	34
OG0000819	5	3	4	5	2	6	3	3	3	34
OG0000820	4	1	0	23	0	3	1	1	1	34
OG0000821	4	2	2	15	2	3	2	2	2	34
OG0000822	2	0	17	8	0	6	0	1	0	34
OG0000823	1	1	0	29	1	0	0	1	1	34
OG0000824	3	1	2	15	2	3	5	1	2	34
OG0000825	2	2	5	11	2	6	2	2	2	34
OG0000826	0	0	34	0	0	0	0	0	0	34
OG0000827	0	0	17	0	0	15	2	0	0	34
OG0000828	0	0	0	34	0	0	0	0	0	34
OG0000829	0	0	0	34	0	0	0	0	0	34
OG0000830	3	2	18	3	2	1	1	2	1	33
OG0000831	16	0	17	0	0	0	0	0	0	33
OG0000832	1	1	1	25	1	1	1	1	1	33
OG0000833	33	0	0	0	0	0	0	0	0	33
OG0000834	26	0	0	3	0	4	0	0	0	33
OG0000835	8	1	8	8	1	4	1	1	1	33
OG0000836	33	0	0	0	0	0	0	0	0	33
OG0000837	3	0	17	0	0	13	0	0	0	33
OG0000838	3	2	3	15	2	2	2	2	2	33
OG0000839	2	1	2	22	2	1	1	1	1	33
OG0000840	6	2	3	5	5	3	1	4	4	33
OG0000841	6	1	8	8	2	5	1	0	2	33
OG0000842	2	1	2	8	1	16	1	1	1	33
OG0000843	1	7	0	4	5	2	0	7	7	33
OG0000844	5	3	4	9	2	3	3	2	2	33
OG0000845	2	1	0	25	1	1	1	1	1	33
OG0000846	3	1	1	21	1	3	1	1	1	33
OG0000847	4	1	4	17	1	2	1	2	1	33
OG0000848	30	0	1	0	0	0	2	0	0	33
OG0000849	4	1	10	5	1	7	3	1	1	33
OG0000850	4	1	0	8	1	1	16	1	1	33
OG0000851	5	1	4	8	1	12	0	1	1	33
OG0000852	2	1	3	19	1	2	1	2	2	33
OG0000853	3	2	3	13	2	2	4	2	2	33
OG0000854	3	1	2	9	1	9	5	2	1	33
OG0000855	1	1	2	24	1	1	0	2	1	33
OG0000856	2	1	2	23	1	2	0	1	1	33
OG0000857	4	1	3	18	1	4	0	1	1	33
OG0000858	2	1	2	21	1	1	3	1	1	33
OG0000859	4	2	3	15	2	1	2	2	2	33
OG0000860	4	3	7	3	3	7	0	3	3	33
OG0000861	3	4	2	5	5	3	4	4	3	33
OG0000862	2	1	1	24	1	1	1	1	1	33
OG0000863	4	2	4	8	3	1	5	3	3	33
OG0000864	4	2	6	9	2	4	2	2	2	33
OG0000865	2	1	1	25	1	1	0	1	1	33
OG0000866	2	1	2	16	1	0	10	0	1	33
OG0000867	2	1	0	23	2	1	1	2	1	33
OG0000868	0	8	0	0	9	1	0	8	7	33
OG0000869	0	1	1	27	1	1	0	1	1	33
OG0000870	0	4	4	1	6	1	5	6	6	33
OG0000871	0	0	33	0	0	0	0	0	0	33
OG0000872	0	0	1	3	0	1	25	3	0	33
OG0000873	0	0	0	33	0	0	0	0	0	33
OG0000874	0	0	0	33	0	0	0	0	0	33
OG0000875	0	0	0	33	0	0	0	0	0	33
OG0000876	0	0	0	33	0	0	0	0	0	33
OG0000877	0	0	0	33	0	0	0	0	0	33
OG0000878	3	2	5	4	2	3	9	2	2	32
OG0000879	2	2	2	5	1	2	12	3	3	32
OG0000880	1	2	7	5	3	5	3	3	3	32
OG0000881	3	1	3	17	1	2	3	1	1	32
OG0000882	3	1	1	20	2	2	1	1	1	32
OG0000883	6	3	2	8	2	5	0	3	3	32
OG0000884	12	1	0	14	1	2	0	1	1	32
OG0000885	7	0	6	1	0	1	17	0	0	32
OG0000886	4	5	4	7	3	3	1	2	3	32
OG0000887	11	0	11	8	0	2	0	0	0	32
OG0000888	2	1	1	23	1	1	1	1	1	32
OG0000889	5	1	1	1	1	10	11	1	1	32
OG0000890	4	1	4	17	1	2	1	1	1	32
OG0000891	5	2	4	13	2	1	1	2	2	32
OG0000892	7	1	3	7	1	4	5	3	1	32
OG0000893	4	1	1	20	1	2	1	1	1	32
OG0000894	1	1	3	22	1	1	1	1	1	32
OG0000895	2	4	2	4	4	6	2	4	4	32
OG0000896	4	2	3	12	2	2	3	2	2	32
OG0000897	7	1	3	10	1	2	6	1	1	32
OG0000898	1	1	1	25	1	1	0	1	1	32
OG0000899	2	1	0	22	1	0	2	2	2	32
OG0000900	4	3	1	13	2	2	2	3	2	32
OG0000901	1	1	1	23	1	1	1	2	1	32
OG0000902	2	1	0	22	1	1	3	1	1	32
OG0000903	4	3	9	5	3	1	1	3	3	32
OG0000904	2	5	4	1	4	2	2	7	5	32
OG0000905	4	4	0	3	6	2	2	5	6	32
OG0000906	2	1	3	19	2	1	1	2	1	32
OG0000907	2	1	4	20	1	1	1	1	1	32
OG0000908	0	1	1	24	1	1	2	1	1	32
OG0000909	0	6	0	7	8	0	0	6	5	32
OG0000910	0	0	2	30	0	0	0	0	0	32
OG0000911	0	0	0	32	0	0	0	0	0	32
OG0000912	0	0	0	32	0	0	0	0	0	32
OG0000913	0	0	0	32	0	0	0	0	0	32
OG0000914	0	0	0	0	0	3	29	0	0	32
OG0000915	6	2	4	10	2	3	1	1	2	31
OG0000916	10	0	8	0	0	1	12	0	0	31
OG0000917	3	2	4	12	2	1	3	2	2	31
OG0000918	31	0	0	0	0	0	0	0	0	31
OG0000919	1	1	0	23	1	2	1	1	1	31
OG0000920	2	1	1	23	1	1	0	1	1	31
OG0000921	5	0	6	5	1	3	7	1	3	31
OG0000922	5	3	6	4	2	6	1	2	2	31
OG0000923	12	0	6	0	0	3	10	0	0	31
OG0000924	4	3	2	5	3	6	2	3	3	31
OG0000925	2	2	3	17	1	1	1	2	2	31
OG0000926	5	2	3	9	2	3	3	2	2	31
OG0000927	2	3	3	4	5	3	4	4	3	31
OG0000928	3	3	5	5	3	2	4	3	3	31
OG0000929	3	3	4	5	3	2	3	4	4	31
OG0000930	1	2	0	16	2	5	1	2	2	31
OG0000931	4	1	1	20	1	1	1	1	1	31
OG0000932	6	2	3	6	2	4	4	3	1	31
OG0000933	9	4	2	1	4	2	1	4	4	31
OG0000934	2	1	0	23	1	1	1	1	1	31
OG0000935	3	1	2	8	1	3	11	1	1	31
OG0000936	4	2	2	8	2	4	5	2	2	31
OG0000937	3	3	2	13	2	1	2	3	2	31
OG0000938	4	2	5	11	1	2	2	2	2	31
OG0000939	2	1	0	23	1	1	1	1	1	31
OG0000940	2	1	1	22	1	1	1	1	1	31
OG0000941	1	1	2	22	1	1	1	1	1	31
OG0000942	2	2	1	14	2	1	5	2	2	31
OG0000943	4	3	2	9	3	3	1	3	3	31
OG0000944	1	1	3	19	1	1	2	2	1	31
OG0000945	5	1	2	9	1	2	8	2	1	31
OG0000946	15	0	11	2	0	3	0	0	0	31
OG0000947	7	0	12	5	0	3	4	0	0	31
OG0000948	6	3	4	5	3	3	2	3	2	31
OG0000949	6	4	2	4	4	2	1	4	4	31
OG0000950	4	2	6	11	2	2	2	1	1	31
OG0000951	2	1	0	23	1	1	1	1	1	31
OG0000952	1	2	1	12	2	2	6	3	2	31
OG0000953	2	1	1	23	1	1	0	1	1	31
OG0000954	4	1	18	1	1	3	1	1	1	31
OG0000955	1	8	0	0	9	1	1	6	5	31
OG0000956	2	1	2	21	1	1	0	2	1	31
OG0000957	5	1	4	1	1	9	7	2	1	31
OG0000958	0	9	0	0	10	0	0	6	6	31
OG0000959	0	12	0	0	5	0	0	8	6	31
OG0000960	0	0	31	0	0	0	0	0	0	31
OG0000961	0	0	3	28	0	0	0	0	0	31
OG0000962	0	0	0	31	0	0	0	0	0	31
OG0000963	0	0	0	31	0	0	0	0	0	31
OG0000964	0	0	0	31	0	0	0	0	0	31
OG0000965	4	2	4	10	1	2	3	2	2	30
OG0000966	3	0	2	20	0	2	3	0	0	30
OG0000967	8	1	9	6	1	3	0	1	1	30
OG0000968	4	3	4	6	3	3	1	3	3	30
OG0000969	4	7	4	1	3	2	0	5	4	30
OG0000970	2	1	1	21	1	1	1	1	1	30
OG0000971	7	1	10	1	1	3	3	2	2	30
OG0000972	2	6	2	2	4	2	3	5	4	30
OG0000973	1	1	2	20	0	2	2	1	1	30
OG0000974	1	1	1	23	1	1	0	1	1	30
OG0000975	3	3	4	8	2	2	3	2	3	30
OG0000976	6	2	2	9	2	3	2	2	2	30
OG0000977	3	1	4	8	1	9	2	1	1	30
OG0000978	3	2	2	5	2	3	8	3	2	30
OG0000979	7	2	2	7	2	1	3	3	3	30
OG0000980	17	0	12	0	0	1	0	0	0	30
OG0000981	1	1	1	21	2	1	1	1	1	30
OG0000982	4	2	3	11	2	2	2	2	2	30
OG0000983	6	0	7	0	0	17	0	0	0	30
OG0000984	3	2	3	12	2	2	1	2	3	30
OG0000985	3	2	3	10	2	2	4	2	2	30
OG0000986	6	3	5	3	3	3	2	2	3	30
OG0000987	6	2	2	8	2	2	1	4	3	30
OG0000988	2	1	3	19	1	1	1	1	1	30
OG0000989	2	0	3	20	0	4	1	0	0	30
OG0000990	3	2	5	7	2	1	6	2	2	30
OG0000991	6	1	2	7	1	6	5	1	1	30
OG0000992	9	1	5	4	2	3	2	2	2	30
OG0000993	4	3	1	3	4	1	1	7	6	30
OG0000994	4	1	7	11	1	1	3	1	1	30
OG0000995	2	1	3	19	1	1	1	1	1	30
OG0000996	5	3	5	3	3	3	3	2	3	30
OG0000997	4	8	0	0	6	0	0	6	6	30
OG0000998	3	2	5	5	3	5	1	3	3	30
OG0000999	1	1	1	20	2	1	2	1	1	30
OG0001000	1	2	4	10	2	2	5	2	2	30
OG0001001	2	1	1	22	1	1	0	1	1	30
OG0001002	4	2	5	8	2	2	3	2	2	30
OG0001003	1	5	3	2	7	1	5	3	3	30
OG0001004	0	1	0	26	1	0	0	1	1	30
OG0001005	0	4	0	0	6	0	0	11	9	30
OG0001006	0	0	30	0	0	0	0	0	0	30
OG0001007	0	0	30	0	0	0	0	0	0	30
OG0001008	0	0	30	0	0	0	0	0	0	30
OG0001009	0	0	30	0	0	0	0	0	0	30
OG0001010	0	0	0	29	0	1	0	0	0	30
OG0001011	0	0	0	30	0	0	0	0	0	30
OG0001012	0	0	0	30	0	0	0	0	0	30
OG0001013	0	0	0	1	0	0	29	0	0	30
OG0001014	2	1	1	19	2	1	1	1	1	29
OG0001015	28	0	1	0	0	0	0	0	0	29
OG0001016	9	0	10	5	0	4	1	0	0	29
OG0001017	13	0	15	0	0	1	0	0	0	29
OG0001018	11	0	11	6	0	1	0	0	0	29
OG0001019	2	5	4	1	4	2	1	5	5	29
OG0001020	4	2	6	1	2	3	7	2	2	29
OG0001021	8	0	5	0	0	6	10	0	0	29
OG0001022	7	3	3	3	3	6	0	2	2	29
OG0001023	5	2	6	6	1	2	3	2	2	29
OG0001024	2	3	2	7	3	1	5	3	3	29
OG0001025	4	2	2	11	2	3	1	2	2	29
OG0001026	1	1	3	3	1	2	16	1	1	29
OG0001027	6	2	2	3	2	4	6	2	2	29
OG0001028	3	0	8	1	0	2	15	0	0	29
OG0001029	26	0	2	0	0	0	1	0	0	29
OG0001030	2	5	1	6	4	1	2	4	4	29
OG0001031	5	3	3	3	3	3	3	3	3	29
OG0001032	29	0	0	0	0	0	0	0	0	29
OG0001033	5	2	3	9	2	2	2	2	2	29
OG0001034	2	5	1	1	7	1	0	6	6	29
OG0001035	2	1	2	18	1	2	1	1	1	29
OG0001036	3	2	1	13	2	2	2	2	2	29
OG0001037	2	5	2	0	6	1	0	6	7	29
OG0001038	1	2	4	11	3	2	2	2	2	29
OG0001039	1	2	3	8	2	2	3	3	5	29
OG0001040	1	0	0	26	0	0	2	0	0	29
OG0001041	3	2	3	8	2	2	3	4	2	29
OG0001042	4	2	1	12	2	2	2	2	2	29
OG0001043	2	6	1	2	12	1	1	2	2	29
OG0001044	2	3	2	10	0	2	2	4	4	29
OG0001045	2	1	1	20	1	1	1	1	1	29
OG0001046	1	3	1	4	5	1	7	4	3	29
OG0001047	2	2	4	12	2	2	2	1	2	29
OG0001048	1	1	0	22	1	0	1	2	1	29
OG0001049	3	2	2	12	1	1	3	2	3	29
OG0001050	2	3	1	2	3	10	0	5	3	29
OG0001051	0	14	0	0	13	0	0	1	1	29
OG0001052	0	3	0	0	13	0	0	8	5	29
OG0001053	0	11	0	0	10	0	0	5	3	29
OG0001054	0	0	28	0	0	0	1	0	0	29
OG0001055	0	0	0	29	0	0	0	0	0	29
OG0001056	0	0	0	29	0	0	0	0	0	29
OG0001057	0	0	0	29	0	0	0	0	0	29
OG0001058	0	0	0	29	0	0	0	0	0	29
OG0001059	0	0	0	0	0	29	0	0	0	29
OG0001060	0	0	0	0	0	29	0	0	0	29
OG0001061	10	0	6	7	0	5	0	0	0	28
OG0001062	4	5	1	0	2	5	1	5	5	28
OG0001063	6	3	2	3	3	3	2	3	3	28
OG0001064	28	0	0	0	0	0	0	0	0	28
OG0001065	10	0	16	0	0	2	0	0	0	28
OG0001066	1	1	4	1	1	4	14	1	1	28
OG0001067	2	3	4	5	4	1	2	4	3	28
OG0001068	5	3	3	3	4	3	0	3	4	28
OG0001069	4	2	10	3	2	2	1	2	2	28
OG0001070	2	1	1	19	1	1	1	1	1	28
OG0001071	3	1	7	9	1	2	2	2	1	28
OG0001072	21	0	4	0	0	3	0	0	0	28
OG0001073	3	0	0	14	0	3	8	0	0	28
OG0001074	5	0	2	18	0	2	1	0	0	28
OG0001075	2	1	2	19	1	1	0	1	1	28
OG0001076	6	3	0	5	3	2	3	3	3	28
OG0001077	4	4	3	4	4	1	1	3	4	28
OG0001078	2	3	2	8	3	4	0	3	3	28
OG0001079	2	1	2	17	1	1	2	1	1	28
OG0001080	7	0	18	0	0	3	0	0	0	28
OG0001081	3	2	3	7	4	2	3	2	2	28
OG0001082	1	2	4	3	2	6	0	5	5	28
OG0001083	4	1	5	11	1	1	3	1	1	28
OG0001084	2	5	4	0	5	1	1	5	5	28
OG0001085	3	2	6	5	2	2	3	3	2	28
OG0001086	4	2	5	7	2	2	2	2	2	28
OG0001087	3	1	9	1	1	2	9	1	1	28
OG0001088	4	1	3	9	1	4	5	0	1	28
OG0001089	3	2	4	5	2	3	5	2	2	28
OG0001090	2	0	2	22	0	1	1	0	0	28
OG0001091	2	1	2	15	1	4	1	1	1	28
OG0001092	1	1	2	18	1	1	2	1	1	28
OG0001093	4	2	7	6	2	1	2	2	2	28
OG0001094	2	1	1	15	1	5	1	1	1	28
OG0001095	4	2	3	5	3	2	2	5	2	28
OG0001096	2	2	2	12	2	2	2	2	2	28
OG0001097	3	1	4	14	0	2	1	2	1	28
OG0001098	4	4	2	3	3	2	2	4	4	28
OG0001099	1	3	1	9	3	1	4	3	3	28
OG0001100	4	2	3	8	3	2	2	2	2	28
OG0001101	6	2	4	3	2	3	4	2	2	28
OG0001102	2	2	4	8	2	2	4	2	2	28
OG0001103	3	2	4	7	2	2	4	2	2	28
OG0001104	2	2	2	9	2	3	4	2	2	28
OG0001105	6	2	4	6	2	3	1	2	2	28
OG0001106	6	0	22	0	0	0	0	0	0	28
OG0001107	3	0	21	0	0	4	0	0	0	28
OG0001108	1	0	2	0	0	4	21	0	0	28
OG0001109	4	2	6	4	2	2	3	3	2	28
OG0001110	1	3	4	6	2	4	2	3	3	28
OG0001111	3	1	3	11	1	6	1	1	1	28
OG0001112	4	2	4	9	2	2	1	2	2	28
OG0001113	1	2	1	12	3	2	3	2	2	28
OG0001114	4	2	3	7	1	2	2	4	3	28
OG0001115	4	1	7	9	2	2	1	1	1	28
OG0001116	2	2	5	8	2	3	2	2	2	28
OG0001117	2	1	1	18	1	1	2	1	1	28
OG0001118	2	1	1	19	1	1	1	1	1	28
OG0001119	4	2	4	5	2	3	4	2	2	28
OG0001120	0	10	0	0	7	0	0	4	7	28
OG0001121	0	0	13	0	0	12	3	0	0	28
OG0001122	0	0	4	1	0	20	3	0	0	28
OG0001123	0	0	0	28	0	0	0	0	0	28
OG0001124	0	0	0	28	0	0	0	0	0	28
OG0001125	0	0	0	28	0	0	0	0	0	28
OG0001126	0	0	0	28	0	0	0	0	0	28
OG0001127	0	0	0	27	0	1	0	0	0	28
OG0001128	0	0	0	28	0	0	0	0	0	28
OG0001129	0	0	0	25	0	2	1	0	0	28
OG0001130	6	1	3	7	2	4	2	1	1	27
OG0001131	5	1	3	5	1	2	6	2	2	27
OG0001132	25	0	2	0	0	0	0	0	0	27
OG0001133	2	1	2	18	0	1	1	1	1	27
OG0001134	4	2	5	8	1	2	1	2	2	27
OG0001135	14	0	9	0	0	0	0	2	2	27
OG0001136	3	4	6	1	3	3	1	3	3	27
OG0001137	4	2	4	10	1	2	1	1	2	27
OG0001138	2	0	0	0	0	0	25	0	0	27
OG0001139	8	1	6	8	0	2	0	1	1	27
OG0001140	6	0	8	0	0	3	10	0	0	27
OG0001141	4	2	2	10	2	2	2	1	2	27
OG0001142	2	4	1	0	5	0	4	6	5	27
OG0001143	4	2	2	9	2	2	2	2	2	27
OG0001144	9	0	16	0	0	2	0	0	0	27
OG0001145	6	2	2	4	2	6	1	2	2	27
OG0001146	4	2	2	9	2	1	2	3	2	27
OG0001147	4	2	2	9	2	2	2	2	2	27
OG0001148	1	4	3	6	3	2	3	3	2	27
OG0001149	8	0	7	0	0	12	0	0	0	27
OG0001150	4	2	4	4	2	2	5	2	2	27
OG0001151	3	3	2	4	3	3	3	3	3	27
OG0001152	5	3	5	2	3	3	0	4	2	27
OG0001153	2	1	1	18	2	0	1	1	1	27
OG0001154	3	1	1	10	1	3	6	1	1	27
OG0001155	2	3	2	7	3	2	2	3	3	27
OG0001156	4	2	3	8	2	2	2	2	2	27
OG0001157	2	2	3	7	4	1	1	2	5	27
OG0001158	1	1	2	16	1	1	1	3	1	27
OG0001159	2	2	3	10	2	2	2	2	2	27
OG0001160	4	3	1	5	3	2	3	3	3	27
OG0001161	10	2	2	0	2	6	0	3	2	27
OG0001162	3	2	3	8	2	2	2	3	2	27
OG0001163	3	0	5	0	0	19	0	0	0	27
OG0001164	3	1	7	11	1	2	0	1	1	27
OG0001165	1	1	10	9	1	2	1	1	1	27
OG0001166	1	1	1	17	1	1	3	1	1	27
OG0001167	1	1	3	17	1	1	1	1	1	27
OG0001168	2	1	0	18	1	1	1	2	1	27
OG0001169	4	2	2	9	2	2	2	2	2	27
OG0001170	2	1	0	18	1	1	1	2	1	27
OG0001171	4	2	3	5	3	1	3	3	3	27
OG0001172	4	2	9	3	2	2	1	2	2	27
OG0001173	2	2	6	2	2	3	6	2	2	27
OG0001174	1	5	2	3	5	2	0	4	5	27
OG0001175	2	1	1	18	1	1	1	1	1	27
OG0001176	3	3	1	7	4	1	1	3	4	27
OG0001177	1	1	2	9	1	1	10	1	1	27
OG0001178	3	2	3	10	2	2	1	2	2	27
OG0001179	6	3	1	4	2	3	2	3	3	27
OG0001180	2	2	1	15	1	2	1	2	1	27
OG0001181	0	3	4	7	3	3	1	3	3	27
OG0001182	0	0	27	0	0	0	0	0	0	27
OG0001183	0	0	27	0	0	0	0	0	0	27
OG0001184	0	0	26	0	0	0	1	0	0	27
OG0001185	0	0	23	0	0	2	2	0	0	27
OG0001186	0	0	0	27	0	0	0	0	0	27
OG0001187	0	0	0	27	0	0	0	0	0	27
OG0001188	0	0	0	27	0	0	0	0	0	27
OG0001189	0	0	0	0	0	27	0	0	0	27
OG0001190	0	0	0	0	0	27	0	0	0	27
OG0001191	2	1	4	6	1	7	3	1	1	26
OG0001192	5	1	6	6	1	3	2	1	1	26
OG0001193	2	1	2	12	2	3	1	2	1	26
OG0001194	4	2	1	6	1	5	2	3	2	26
OG0001195	26	0	0	0	0	0	0	0	0	26
OG0001196	3	3	3	5	3	2	2	3	2	26
OG0001197	5	3	2	4	2	2	2	3	3	26
OG0001198	4	2	3	7	2	3	3	1	1	26
OG0001199	22	0	4	0	0	0	0	0	0	26
OG0001200	6	2	5	1	1	3	2	3	3	26
OG0001201	4	1	5	11	1	2	0	1	1	26
OG0001202	1	2	4	1	3	3	8	2	2	26
OG0001203	3	2	1	9	2	5	0	2	2	26
OG0001204	4	1	2	11	1	4	1	1	1	26
OG0001205	2	2	0	11	2	3	2	2	2	26
OG0001206	10	0	3	1	0	12	0	0	0	26
OG0001207	11	0	7	0	0	3	5	0	0	26
OG0001208	1	0	25	0	0	0	0	0	0	26
OG0001209	2	1	3	14	1	2	1	1	1	26
OG0001210	1	1	2	5	1	4	10	1	1	26
OG0001211	3	2	2	10	2	1	2	2	2	26
OG0001212	3	1	2	11	1	3	3	1	1	26
OG0001213	8	2	2	2	2	3	3	2	2	26
OG0001214	3	1	0	14	1	4	0	2	1	26
OG0001215	3	2	2	9	2	2	2	2	2	26
OG0001216	1	0	0	25	0	0	0	0	0	26
OG0001217	2	0	1	21	0	1	1	0	0	26
OG0001218	2	2	1	3	3	3	1	6	5	26
OG0001219	2	0	1	22	0	1	0	0	0	26
OG0001220	1	1	6	11	1	1	3	1	1	26
OG0001221	3	3	5	5	1	2	2	2	3	26
OG0001222	2	1	1	15	1	1	3	1	1	26
OG0001223	4	0	1	15	0	4	2	0	0	26
OG0001224	2	1	3	15	1	1	1	1	1	26
OG0001225	3	0	5	3	0	5	10	0	0	26
OG0001226	1	0	2	19	0	4	0	0	0	26
OG0001227	3	0	12	3	0	8	0	0	0	26
OG0001228	2	1	3	14	1	2	1	1	1	26
OG0001229	4	2	4	3	2	3	4	2	2	26
OG0001230	5	2	3	5	2	3	2	2	2	26
OG0001231	1	1	0	19	1	1	1	1	1	26
OG0001232	4	2	9	1	2	3	2	2	1	26
OG0001233	2	1	1	17	1	1	1	1	1	26
OG0001234	1	1	1	17	1	2	1	1	1	26
OG0001235	4	2	2	9	2	1	2	2	2	26
OG0001236	4	2	1	5	2	7	1	2	2	26
OG0001237	1	3	1	8	2	3	2	3	3	26
OG0001238	1	3	1	1	4	1	8	4	3	26
OG0001239	5	1	4	3	1	8	2	1	1	26
OG0001240	2	1	2	15	1	1	2	1	1	26
OG0001241	3	2	7	3	1	8	0	1	1	26
OG0001242	2	1	1	4	1	4	11	1	1	26
OG0001243	2	2	3	7	2	3	3	2	2	26
OG0001244	1	3	2	6	2	3	3	3	3	26
OG0001245	2	2	1	11	2	2	1	3	2	26
OG0001246	2	4	1	3	4	2	0	5	5	26
OG0001247	2	3	2	3	3	2	2	4	5	26
OG0001248	0	5	0	1	8	0	1	5	6	26
OG0001249	0	1	0	21	1	1	0	1	1	26
OG0001250	0	3	3	0	14	0	0	4	2	26
OG0001251	0	1	3	15	1	2	2	1	1	26
OG0001252	0	0	26	0	0	0	0	0	0	26
OG0001253	0	0	26	0	0	0	0	0	0	26
OG0001254	0	0	0	26	0	0	0	0	0	26
OG0001255	0	0	0	26	0	0	0	0	0	26
OG0001256	0	0	0	26	0	0	0	0	0	26
OG0001257	0	0	0	26	0	0	0	0	0	26
OG0001258	0	0	0	26	0	0	0	0	0	26
OG0001259	0	0	0	0	0	26	0	0	0	26
OG0001260	0	0	0	0	0	0	26	0	0	26
OG0001261	2	1	2	16	1	1	1	1	0	25
OG0001262	1	1	0	18	1	1	2	1	0	25
OG0001263	3	0	18	0	0	4	0	0	0	25
OG0001264	3	0	5	14	0	2	1	0	0	25
OG0001265	11	1	2	4	1	2	2	1	1	25
OG0001266	2	1	2	12	1	2	3	1	1	25
OG0001267	3	2	4	6	3	1	0	3	3	25
OG0001268	2	2	0	12	2	1	1	3	2	25
OG0001269	2	1	2	15	1	1	1	1	1	25
OG0001270	2	1	6	10	1	1	2	1	1	25
OG0001271	2	1	0	16	1	1	2	1	1	25
OG0001272	4	1	1	12	1	2	2	1	1	25
OG0001273	4	2	3	2	2	2	3	4	3	25
OG0001274	5	3	5	2	1	4	1	2	2	25
OG0001275	1	1	1	16	1	1	1	2	1	25
OG0001276	2	3	0	2	2	2	9	3	2	25
OG0001277	3	2	2	5	2	4	3	2	2	25
OG0001278	2	2	4	5	2	3	3	2	2	25
OG0001279	2	1	3	1	0	4	11	2	1	25
OG0001280	2	0	0	20	0	1	2	0	0	25
OG0001281	14	0	3	2	0	2	4	0	0	25
OG0001282	2	1	7	3	2	6	2	1	1	25
OG0001283	1	1	7	13	1	0	0	1	1	25
OG0001284	4	3	4	3	3	2	2	2	2	25
OG0001285	3	2	5	5	2	2	2	2	2	25
OG0001286	2	1	1	10	1	1	7	1	1	25
OG0001287	2	3	2	4	3	2	3	3	3	25
OG0001288	2	2	1	6	3	3	6	1	1	25
OG0001289	2	3	2	5	2	2	3	3	3	25
OG0001290	2	0	23	0	0	0	0	0	0	25
OG0001291	3	2	2	7	2	2	3	2	2	25
OG0001292	2	4	6	1	4	1	1	3	3	25
OG0001293	2	1	2	16	1	1	0	1	1	25
OG0001294	6	0	7	3	0	9	0	0	0	25
OG0001295	3	2	3	5	2	2	3	3	2	25
OG0001296	4	2	2	6	2	3	2	2	2	25
OG0001297	2	3	1	6	0	4	0	6	3	25
OG0001298	4	2	3	4	2	3	3	2	2	25
OG0001299	5	2	4	4	2	3	2	1	2	25
OG0001300	2	2	1	14	2	1	1	1	1	25
OG0001301	2	1	1	14	1	1	3	1	1	25
OG0001302	2	1	1	16	1	1	1	1	1	25
OG0001303	5	0	5	7	0	5	3	0	0	25
OG0001304	3	3	3	2	2	2	2	4	4	25
OG0001305	4	0	4	13	0	4	0	0	0	25
OG0001306	1	3	3	7	3	2	2	2	2	25
OG0001307	2	0	0	22	0	1	0	0	0	25
OG0001308	2	1	1	15	1	2	1	1	1	25
OG0001309	2	1	7	7	1	2	3	1	1	25
OG0001310	5	1	4	7	1	4	1	1	1	25
OG0001311	2	1	2	15	1	1	1	1	1	25
OG0001312	1	4	6	2	4	1	1	3	3	25
OG0001313	6	0	2	9	0	8	0	0	0	25
OG0001314	2	0	2	5	0	4	12	0	0	25
OG0001315	4	2	5	4	2	4	1	1	2	25
OG0001316	4	4	3	5	0	2	1	3	3	25
OG0001317	0	3	0	0	8	0	0	7	7	25
OG0001318	0	1	1	10	1	0	0	3	9	25
OG0001319	0	5	0	5	6	0	1	4	4	25
OG0001320	0	1	3	16	1	1	1	1	1	25
OG0001321	0	1	0	0	13	0	0	5	6	25
OG0001322	0	0	25	0	0	0	0	0	0	25
OG0001323	0	0	0	25	0	0	0	0	0	25
OG0001324	0	0	0	25	0	0	0	0	0	25
OG0001325	0	0	0	25	0	0	0	0	0	25
OG0001326	0	0	0	25	0	0	0	0	0	25
OG0001327	0	0	0	25	0	0	0	0	0	25
OG0001328	0	0	0	25	0	0	0	0	0	25
OG0001329	0	0	0	25	0	0	0	0	0	25
OG0001330	0	0	0	0	0	25	0	0	0	25
OG0001331	11	0	11	0	0	2	0	0	0	24
OG0001332	5	2	3	4	2	3	1	2	2	24
OG0001333	20	0	2	1	0	1	0	0	0	24
OG0001334	3	1	3	4	2	3	3	3	2	24
OG0001335	20	0	0	0	0	4	0	0	0	24
OG0001336	9	0	2	0	0	13	0	0	0	24
OG0001337	5	1	4	4	1	3	4	1	1	24
OG0001338	4	2	5	3	2	2	2	2	2	24
OG0001339	7	0	3	4	0	7	3	0	0	24
OG0001340	1	0	23	0	0	0	0	0	0	24
OG0001341	4	2	4	5	2	2	1	2	2	24
OG0001342	3	2	1	8	2	3	1	2	2	24
OG0001343	3	2	3	4	2	2	4	2	2	24
OG0001344	1	1	0	17	1	1	1	1	1	24
OG0001345	4	2	4	8	2	1	1	1	1	24
OG0001346	2	1	5	11	1	1	1	1	1	24
OG0001347	4	1	3	6	4	4	0	1	1	24
OG0001348	4	1	0	14	1	2	0	1	1	24
OG0001349	2	1	1	15	1	1	1	1	1	24
OG0001350	1	1	3	12	1	2	2	1	1	24
OG0001351	1	1	1	12	1	1	5	1	1	24
OG0001352	1	1	1	15	1	1	1	2	1	24
OG0001353	2	1	1	16	1	0	0	2	1	24
OG0001354	2	1	1	15	1	1	0	2	1	24
OG0001355	4	2	2	5	2	2	3	2	2	24
OG0001356	7	0	8	0	0	9	0	0	0	24
OG0001357	2	1	1	15	1	1	1	1	1	24
OG0001358	1	2	2	11	2	1	1	2	2	24
OG0001359	4	2	3	3	3	3	2	2	2	24
OG0001360	2	1	3	13	0	1	2	1	1	24
OG0001361	8	1	3	4	1	4	1	1	1	24
OG0001362	2	1	1	15	1	1	1	1	1	24
OG0001363	3	2	4	4	2	2	3	2	2	24
OG0001364	2	1	2	15	1	1	1	0	1	24
OG0001365	2	2	2	8	1	2	3	2	2	24
OG0001366	1	1	1	14	2	1	2	1	1	24
OG0001367	3	2	2	6	2	2	1	3	3	24
OG0001368	4	2	2	4	4	2	2	2	2	24
OG0001369	3	1	3	11	1	2	1	1	1	24
OG0001370	2	1	1	15	1	1	1	1	1	24
OG0001371	2	1	2	14	1	1	1	1	1	24
OG0001372	4	2	1	6	2	2	2	2	3	24
OG0001373	2	1	3	13	1	1	1	1	1	24
OG0001374	2	1	3	12	1	1	2	1	1	24
OG0001375	2	1	3	13	1	1	1	1	1	24
OG0001376	1	1	2	14	1	1	1	2	1	24
OG0001377	4	2	2	5	3	2	2	2	2	24
OG0001378	3	1	4	10	0	2	2	1	1	24
OG0001379	2	1	1	16	1	1	0	1	1	24
OG0001380	2	3	1	5	3	2	3	2	3	24
OG0001381	1	4	0	6	3	1	4	3	2	24
OG0001382	2	2	4	6	2	2	2	2	2	24
OG0001383	1	2	4	4	2	4	3	2	2	24
OG0001384	4	1	2	14	0	3	0	0	0	24
OG0001385	0	8	0	0	7	0	0	4	5	24
OG0001386	0	5	0	4	3	0	0	6	6	24
OG0001387	0	6	0	0	7	0	0	4	7	24
OG0001388	0	5	0	1	7	1	0	5	5	24
OG0001389	0	1	0	17	1	0	3	1	1	24
OG0001390	0	7	0	0	4	0	0	9	4	24
OG0001391	0	6	0	0	6	0	0	6	6	24
OG0001392	0	0	24	0	0	0	0	0	0	24
OG0001393	0	0	24	0	0	0	0	0	0	24
OG0001394	0	0	24	0	0	0	0	0	0	24
OG0001395	0	0	0	24	0	0	0	0	0	24
OG0001396	0	0	0	24	0	0	0	0	0	24
OG0001397	0	0	0	24	0	0	0	0	0	24
OG0001398	0	0	0	24	0	0	0	0	0	24
OG0001399	0	0	0	24	0	0	0	0	0	24
OG0001400	0	0	0	0	0	0	24	0	0	24
OG0001401	1	1	1	11	1	4	2	1	1	23
OG0001402	1	1	1	12	1	3	2	1	1	23
OG0001403	3	3	2	2	3	2	2	3	3	23
OG0001404	6	1	6	1	1	3	3	1	1	23
OG0001405	2	2	3	6	2	3	1	2	2	23
OG0001406	4	2	3	5	1	2	2	2	2	23
OG0001407	9	0	11	0	0	2	1	0	0	23
OG0001408	2	2	2	10	0	2	1	2	2	23
OG0001409	2	1	10	5	1	1	1	1	1	23
OG0001410	1	1	0	16	1	1	1	1	1	23
OG0001411	2	2	2	6	2	2	3	2	2	23
OG0001412	6	1	3	6	1	4	0	1	1	23
OG0001413	4	1	2	5	2	3	2	2	2	23
OG0001414	1	1	3	9	1	3	3	1	1	23
OG0001415	4	1	3	6	2	5	0	1	1	23
OG0001416	2	1	3	9	1	1	4	1	1	23
OG0001417	4	2	1	6	3	2	1	2	2	23
OG0001418	6	2	3	3	2	2	1	2	2	23
OG0001419	3	2	1	4	1	3	5	2	2	23
OG0001420	3	2	2	6	3	1	0	3	3	23
OG0001421	5	1	3	6	1	5	0	1	1	23
OG0001422	2	2	2	8	2	2	1	2	2	23
OG0001423	2	1	3	12	1	1	1	1	1	23
OG0001424	2	3	3	7	3	3	0	1	1	23
OG0001425	7	0	8	0	0	8	0	0	0	23
OG0001426	2	1	2	8	1	6	1	1	1	23
OG0001427	1	0	0	2	0	7	13	0	0	23
OG0001428	2	1	3	14	1	1	0	1	0	23
OG0001429	1	4	1	1	4	1	0	6	5	23
OG0001430	2	2	5	3	2	3	2	2	2	23
OG0001431	3	2	2	6	2	2	2	2	2	23
OG0001432	4	2	3	5	2	3	0	2	2	23
OG0001433	4	2	4	4	2	2	1	2	2	23
OG0001434	3	3	3	2	3	3	0	3	3	23
OG0001435	4	2	5	2	2	2	2	2	2	23
OG0001436	4	3	2	4	2	2	0	3	3	23
OG0001437	2	2	2	6	2	2	3	2	2	23
OG0001438	6	1	6	1	1	6	0	1	1	23
OG0001439	2	2	2	4	2	1	3	5	2	23
OG0001440	3	2	4	4	3	1	2	2	2	23
OG0001441	4	2	2	4	2	2	3	2	2	23
OG0001442	3	2	3	3	1	3	4	2	2	23
OG0001443	3	3	3	2	2	2	2	3	3	23
OG0001444	4	2	3	3	2	4	1	2	2	23
OG0001445	1	2	2	8	2	1	3	2	2	23
OG0001446	2	2	4	4	2	3	2	2	2	23
OG0001447	2	3	3	2	3	2	2	3	3	23
OG0001448	4	5	2	2	1	2	0	3	4	23
OG0001449	2	1	2	9	1	4	2	1	1	23
OG0001450	2	2	2	8	2	2	1	2	2	23
OG0001451	1	1	3	13	1	1	1	1	1	23
OG0001452	2	0	21	0	0	0	0	0	0	23
OG0001453	2	2	1	1	3	7	0	4	3	23
OG0001454	2	1	3	9	2	3	1	1	1	23
OG0001455	3	1	2	5	3	2	5	1	1	23
OG0001456	3	1	5	7	1	4	0	1	1	23
OG0001457	4	2	2	7	1	2	1	2	2	23
OG0001458	2	1	3	12	0	1	2	1	1	23
OG0001459	2	1	0	15	1	1	1	1	1	23
OG0001460	2	1	1	12	1	2	1	2	1	23
OG0001461	4	1	4	2	1	4	5	1	1	23
OG0001462	3	2	3	5	2	2	2	2	2	23
OG0001463	4	1	2	3	1	8	2	1	1	23
OG0001464	3	2	0	7	2	2	2	3	2	23
OG0001465	5	2	4	2	2	3	1	2	2	23
OG0001466	2	2	2	5	2	5	1	2	2	23
OG0001467	2	1	3	10	2	2	0	2	1	23
OG0001468	1	3	0	9	2	1	1	3	3	23
OG0001469	2	1	1	14	1	1	1	1	1	23
OG0001470	6	0	10	0	0	7	0	0	0	23
OG0001471	1	1	4	10	1	3	1	1	1	23
OG0001472	1	3	3	5	3	3	0	2	3	23
OG0001473	2	3	0	7	2	2	2	3	2	23
OG0001474	1	3	0	5	3	2	2	4	3	23
OG0001475	2	3	1	4	4	1	0	4	4	23
OG0001476	2	1	7	1	2	3	0	6	1	23
OG0001477	2	1	5	6	3	1	3	1	1	23
OG0001478	4	2	2	5	2	2	2	2	2	23
OG0001479	2	1	1	15	1	1	0	1	1	23
OG0001480	2	1	2	8	1	1	3	3	2	23
OG0001481	2	2	4	4	2	3	2	2	2	23
OG0001482	4	1	3	4	2	2	3	2	2	23
OG0001483	2	2	3	6	2	2	2	2	2	23
OG0001484	1	1	1	14	1	1	2	1	1	23
OG0001485	2	1	6	7	1	1	3	1	1	23
OG0001486	2	1	1	13	2	2	0	1	1	23
OG0001487	1	4	0	1	8	1	0	4	4	23
OG0001488	1	1	1	16	1	1	0	1	1	23
OG0001489	0	2	0	2	2	13	0	2	2	23
OG0001490	0	4	0	0	8	0	0	6	5	23
OG0001491	0	0	23	0	0	0	0	0	0	23
OG0001492	0	0	23	0	0	0	0	0	0	23
OG0001493	0	0	3	20	0	0	0	0	0	23
OG0001494	0	0	0	23	0	0	0	0	0	23
OG0001495	0	0	0	20	0	0	3	0	0	23
OG0001496	0	0	0	23	0	0	0	0	0	23
OG0001497	0	0	0	22	0	1	0	0	0	23
OG0001498	0	0	0	22	0	1	0	0	0	23
OG0001499	0	0	0	23	0	0	0	0	0	23
OG0001500	0	0	0	23	0	0	0	0	0	23
OG0001501	0	0	0	23	0	0	0	0	0	23
OG0001502	0	0	0	0	0	23	0	0	0	23
OG0001503	0	0	0	0	0	0	23	0	0	23
OG0001504	0	0	0	0	0	0	23	0	0	23
OG0001505	0	0	0	0	0	0	23	0	0	23
OG0001506	2	1	1	10	1	1	4	1	1	22
OG0001507	4	2	3	4	0	2	2	3	2	22
OG0001508	3	2	2	4	2	2	3	2	2	22
OG0001509	16	0	4	1	0	1	0	0	0	22
OG0001510	2	3	2	2	3	3	2	3	2	22
OG0001511	4	1	1	8	1	1	2	2	2	22
OG0001512	2	2	3	4	2	2	2	3	2	22
OG0001513	2	1	3	8	1	3	2	1	1	22
OG0001514	3	0	3	7	0	9	0	0	0	22
OG0001515	2	1	0	13	1	2	1	1	1	22
OG0001516	8	0	7	0	0	7	0	0	0	22
OG0001517	8	0	7	2	0	2	3	0	0	22
OG0001518	2	1	1	12	1	2	1	1	1	22
OG0001519	1	0	4	2	0	15	0	0	0	22
OG0001520	5	2	3	3	1	2	2	2	2	22
OG0001521	2	1	2	12	1	1	1	1	1	22
OG0001522	3	1	7	6	1	1	1	1	1	22
OG0001523	3	1	1	3	1	4	7	1	1	22
OG0001524	6	1	4	1	1	6	1	1	1	22
OG0001525	22	0	0	0	0	0	0	0	0	22
OG0001526	2	1	3	11	0	1	2	1	1	22
OG0001527	5	2	1	5	2	2	0	3	2	22
OG0001528	2	1	5	9	1	1	1	1	1	22
OG0001529	4	2	0	4	2	3	3	2	2	22
OG0001530	5	1	1	5	1	6	1	1	1	22
OG0001531	1	2	2	2	2	3	6	2	2	22
OG0001532	3	2	1	3	2	6	1	2	2	22
OG0001533	2	1	2	6	1	1	7	1	1	22
OG0001534	1	0	2	17	0	1	1	0	0	22
OG0001535	21	0	0	0	0	1	0	0	0	22
OG0001536	3	2	2	8	2	2	1	1	1	22
OG0001537	1	1	3	12	1	1	1	1	1	22
OG0001538	3	2	3	3	2	2	3	2	2	22
OG0001539	4	2	1	6	2	2	1	2	2	22
OG0001540	1	1	1	12	2	1	2	1	1	22
OG0001541	3	2	2	6	2	2	1	2	2	22
OG0001542	4	2	1	4	2	2	3	2	2	22
OG0001543	21	0	1	0	0	0	0	0	0	22
OG0001544	2	2	4	5	1	2	2	2	2	22
OG0001545	2	2	8	2	2	1	1	2	2	22
OG0001546	2	1	1	13	1	1	1	1	1	22
OG0001547	1	2	2	3	2	2	5	3	2	22
OG0001548	4	2	5	2	2	2	1	2	2	22
OG0001549	1	1	1	14	1	1	1	1	1	22
OG0001550	8	1	4	3	0	3	1	1	1	22
OG0001551	4	2	2	3	2	2	3	2	2	22
OG0001552	4	1	4	2	1	1	6	2	1	22
OG0001553	8	0	7	0	0	7	0	0	0	22
OG0001554	3	2	5	3	1	2	2	2	2	22
OG0001555	2	5	3	1	4	1	1	3	2	22
OG0001556	2	1	1	13	1	1	1	1	1	22
OG0001557	2	0	2	15	0	2	1	0	0	22
OG0001558	2	3	2	3	3	2	1	3	3	22
OG0001559	2	1	1	13	1	1	1	1	1	22
OG0001560	1	1	1	12	1	1	3	1	1	22
OG0001561	1	5	1	0	6	4	0	4	1	22
OG0001562	3	0	8	9	0	2	0	0	0	22
OG0001563	2	2	3	6	2	2	1	2	2	22
OG0001564	3	2	1	7	2	1	2	2	2	22
OG0001565	2	1	0	9	1	2	5	1	1	22
OG0001566	3	1	3	9	1	1	2	1	1	22
OG0001567	3	1	5	7	1	3	0	1	1	22
OG0001568	4	1	6	3	1	2	3	1	1	22
OG0001569	3	2	3	5	2	2	1	2	2	22
OG0001570	3	1	4	9	1	1	1	1	1	22
OG0001571	2	2	2	9	1	1	1	2	2	22
OG0001572	2	2	2	1	2	3	5	2	3	22
OG0001573	2	1	1	0	1	1	14	1	1	22
OG0001574	1	1	2	12	1	2	1	1	1	22
OG0001575	1	2	1	5	2	3	2	3	3	22
OG0001576	3	3	1	3	3	1	2	3	3	22
OG0001577	1	1	3	12	1	1	1	1	1	22
OG0001578	2	4	1	2	5	1	1	3	3	22
OG0001579	2	0	0	0	0	2	18	0	0	22
OG0001580	3	1	2	10	1	2	1	1	1	22
OG0001581	2	3	1	4	2	1	4	2	3	22
OG0001582	2	1	4	10	1	1	1	1	1	22
OG0001583	0	13	0	0	3	0	0	3	3	22
OG0001584	0	4	0	0	1	1	0	8	8	22
OG0001585	0	1	3	6	1	2	7	1	1	22
OG0001586	0	6	0	0	8	0	0	4	4	22
OG0001587	0	1	0	12	1	1	4	2	1	22
OG0001588	0	1	1	16	1	1	1	0	1	22
OG0001589	0	0	21	0	0	0	0	1	0	22
OG0001590	0	0	22	0	0	0	0	0	0	22
OG0001591	0	0	21	1	0	0	0	0	0	22
OG0001592	0	0	1	20	0	1	0	0	0	22
OG0001593	0	0	0	22	0	0	0	0	0	22
OG0001594	0	0	0	22	0	0	0	0	0	22
OG0001595	0	0	0	22	0	0	0	0	0	22
OG0001596	0	0	0	19	0	3	0	0	0	22
OG0001597	0	0	0	22	0	0	0	0	0	22
OG0001598	0	0	0	18	0	4	0	0	0	22
OG0001599	0	0	0	22	0	0	0	0	0	22
OG0001600	0	0	0	22	0	0	0	0	0	22
OG0001601	0	0	0	22	0	0	0	0	0	22
OG0001602	0	0	0	22	0	0	0	0	0	22
OG0001603	0	0	0	22	0	0	0	0	0	22
OG0001604	0	0	0	22	0	0	0	0	0	22
OG0001605	0	0	0	22	0	0	0	0	0	22
OG0001606	0	0	0	22	0	0	0	0	0	22
OG0001607	0	0	0	0	0	22	0	0	0	22
OG0001608	0	0	0	0	0	22	0	0	0	22
OG0001609	0	0	0	0	0	22	0	0	0	22
OG0001610	3	2	4	2	2	2	2	2	2	21
OG0001611	2	1	0	14	1	1	0	1	1	21
OG0001612	11	0	7	2	0	1	0	0	0	21
OG0001613	15	0	4	0	0	2	0	0	0	21
OG0001614	6	0	4	9	0	2	0	0	0	21
OG0001615	4	2	2	3	2	2	2	3	1	21
OG0001616	3	0	3	1	0	14	0	0	0	21
OG0001617	2	1	4	8	1	1	2	1	1	21
OG0001618	14	0	7	0	0	0	0	0	0	21
OG0001619	4	2	3	0	2	4	1	3	2	21
OG0001620	2	5	2	2	2	1	3	2	2	21
OG0001621	6	0	10	2	0	1	2	0	0	21
OG0001622	1	1	1	13	1	1	1	1	1	21
OG0001623	3	1	3	3	1	5	3	1	1	21
OG0001624	3	2	4	3	2	1	2	2	2	21
OG0001625	20	0	1	0	0	0	0	0	0	21
OG0001626	3	1	2	10	1	1	1	1	1	21
OG0001627	2	1	6	4	1	3	1	2	1	21
OG0001628	4	2	2	4	2	2	2	2	1	21
OG0001629	4	0	9	2	0	5	1	0	0	21
OG0001630	9	0	12	0	0	0	0	0	0	21
OG0001631	2	1	1	12	1	1	1	1	1	21
OG0001632	4	1	2	9	1	1	1	1	1	21
OG0001633	1	1	2	13	1	1	0	1	1	21
OG0001634	4	3	2	0	3	2	3	2	2	21
OG0001635	4	2	1	4	4	2	1	0	3	21
OG0001636	2	1	1	12	1	1	1	1	1	21
OG0001637	2	2	1	6	1	2	3	2	2	21
OG0001638	3	1	4	8	0	3	0	1	1	21
OG0001639	2	1	2	10	1	1	1	2	1	21
OG0001640	20	0	1	0	0	0	0	0	0	21
OG0001641	3	2	3	3	2	2	2	2	2	21
OG0001642	3	2	4	2	2	2	2	2	2	21
OG0001643	2	1	2	10	1	1	2	1	1	21
OG0001644	3	2	3	4	1	3	1	2	2	21
OG0001645	2	2	1	5	2	2	3	2	2	21
OG0001646	1	1	2	12	1	1	1	1	1	21
OG0001647	3	1	2	7	1	2	3	1	1	21
OG0001648	4	1	2	7	1	2	2	1	1	21
OG0001649	4	2	3	2	2	2	2	2	2	21
OG0001650	2	2	2	5	2	2	2	2	2	21
OG0001651	5	2	4	2	2	1	1	2	2	21
OG0001652	7	0	11	3	0	0	0	0	0	21
OG0001653	2	1	2	13	1	0	0	1	1	21
OG0001654	3	2	1	8	2	1	0	2	2	21
OG0001655	2	3	2	4	2	2	1	3	2	21
OG0001656	2	1	5	9	1	1	0	1	1	21
OG0001657	2	2	3	7	0	3	0	2	2	21
OG0001658	2	2	5	2	2	2	2	2	2	21
OG0001659	2	1	5	1	1	7	2	1	1	21
OG0001660	2	1	1	11	1	1	1	2	1	21
OG0001661	2	2	2	6	2	1	2	2	2	21
OG0001662	2	0	1	15	0	2	1	0	0	21
OG0001663	4	2	3	5	2	2	1	1	1	21
OG0001664	2	1	1	11	1	1	2	1	1	21
OG0001665	2	1	9	2	1	1	3	1	1	21
OG0001666	2	2	1	7	0	2	3	2	2	21
OG0001667	4	2	2	3	2	2	2	2	2	21
OG0001668	3	2	0	7	2	1	2	2	2	21
OG0001669	2	1	1	12	1	1	1	1	1	21
OG0001670	2	2	3	4	2	2	2	2	2	21
OG0001671	2	1	1	10	1	1	1	2	2	21
OG0001672	2	3	1	10	2	1	0	1	1	21
OG0001673	4	2	4	2	2	1	1	3	2	21
OG0001674	2	1	0	13	1	1	1	1	1	21
OG0001675	6	0	2	4	0	2	7	0	0	21
OG0001676	2	1	3	8	1	3	1	1	1	21
OG0001677	2	1	1	10	1	1	2	2	1	21
OG0001678	1	2	4	5	2	1	3	2	1	21
OG0001679	8	1	2	3	1	3	2	0	1	21
OG0001680	2	2	3	4	2	1	3	2	2	21
OG0001681	4	0	2	12	0	2	1	0	0	21
OG0001682	3	2	3	4	2	2	1	2	2	21
OG0001683	2	1	9	4	1	1	1	1	1	21
OG0001684	4	2	3	3	1	2	2	2	2	21
OG0001685	2	1	3	11	1	1	0	1	1	21
OG0001686	4	2	4	2	2	3	0	2	2	21
OG0001687	2	1	1	12	1	1	1	1	1	21
OG0001688	1	2	1	11	2	1	1	1	1	21
OG0001689	21	0	0	0	0	0	0	0	0	21
OG0001690	2	1	2	11	1	1	1	1	1	21
OG0001691	2	2	5	2	2	2	2	2	2	21
OG0001692	4	2	3	3	2	1	2	2	2	21
OG0001693	4	2	2	2	3	2	2	2	2	21
OG0001694	1	2	4	1	1	2	4	3	3	21
OG0001695	4	2	2	2	2	3	2	2	2	21
OG0001696	2	1	4	5	1	2	2	2	2	21
OG0001697	2	1	3	6	1	1	3	2	2	21
OG0001698	1	2	4	1	3	2	2	3	3	21
OG0001699	0	5	0	0	4	0	0	6	6	21
OG0001700	0	2	0	3	0	11	1	2	2	21
OG0001701	0	1	0	0	1	2	15	1	1	21
OG0001702	0	1	0	13	1	1	1	3	1	21
OG0001703	0	1	0	14	1	2	1	1	1	21
OG0001704	0	1	6	0	12	0	0	1	1	21
OG0001705	0	3	0	0	7	0	0	6	5	21
OG0001706	0	0	21	0	0	0	0	0	0	21
OG0001707	0	0	21	0	0	0	0	0	0	21
OG0001708	0	0	21	0	0	0	0	0	0	21
OG0001709	0	0	21	0	0	0	0	0	0	21
OG0001710	0	0	1	20	0	0	0	0	0	21
OG0001711	0	0	0	21	0	0	0	0	0	21
OG0001712	0	0	0	21	0	0	0	0	0	21
OG0001713	0	0	0	21	0	0	0	0	0	21
OG0001714	0	0	0	21	0	0	0	0	0	21
OG0001715	0	0	0	20	0	0	1	0	0	21
OG0001716	0	0	0	21	0	0	0	0	0	21
OG0001717	0	0	0	21	0	0	0	0	0	21
OG0001718	0	0	0	21	0	0	0	0	0	21
OG0001719	0	0	0	21	0	0	0	0	0	21
OG0001720	0	0	0	21	0	0	0	0	0	21
OG0001721	0	0	0	0	0	21	0	0	0	21
OG0001722	0	0	0	0	0	21	0	0	0	21
OG0001723	0	0	0	0	0	0	21	0	0	21
OG0001724	0	0	0	0	0	0	21	0	0	21
OG0001725	3	1	4	3	1	2	4	1	1	20
OG0001726	20	0	0	0	0	0	0	0	0	20
OG0001727	1	1	1	10	1	2	2	1	1	20
OG0001728	2	2	2	10	0	1	1	1	1	20
OG0001729	7	1	5	3	1	1	0	1	1	20
OG0001730	4	0	1	13	0	2	0	0	0	20
OG0001731	4	2	3	3	2	2	2	1	1	20
OG0001732	2	1	6	4	3	1	1	1	1	20
OG0001733	2	1	0	11	1	1	2	1	1	20
OG0001734	10	0	5	0	0	5	0	0	0	20
OG0001735	4	2	3	2	2	2	1	2	2	20
OG0001736	4	0	8	0	0	1	7	0	0	20
OG0001737	14	0	6	0	0	0	0	0	0	20
OG0001738	2	1	1	11	1	1	1	1	1	20
OG0001739	2	1	1	11	1	1	1	1	1	20
OG0001740	3	2	0	7	2	2	1	2	1	20
OG0001741	3	1	1	9	1	2	1	1	1	20
OG0001742	2	1	6	7	1	1	0	1	1	20
OG0001743	2	1	1	11	2	1	0	1	1	20
OG0001744	3	3	3	0	2	3	0	3	3	20
OG0001745	4	2	2	3	2	1	2	2	2	20
OG0001746	2	2	3	4	2	2	1	2	2	20
OG0001747	3	1	4	5	1	2	2	1	1	20
OG0001748	1	2	3	2	2	2	4	2	2	20
OG0001749	5	0	1	9	0	4	1	0	0	20
OG0001750	2	1	3	7	3	1	1	1	1	20
OG0001751	2	2	3	4	3	1	1	3	1	20
OG0001752	1	1	3	9	1	1	2	1	1	20
OG0001753	2	1	11	2	1	1	0	1	1	20
OG0001754	2	1	1	10	1	2	1	1	1	20
OG0001755	4	1	3	4	1	4	1	1	1	20
OG0001756	2	0	2	9	1	0	6	0	0	20
OG0001757	3	1	5	5	1	1	2	1	1	20
OG0001758	2	1	1	9	1	1	2	2	1	20
OG0001759	1	1	1	10	1	1	2	2	1	20
OG0001760	1	1	1	13	1	0	1	1	1	20
OG0001761	1	1	1	6	5	1	1	3	1	20
OG0001762	5	1	2	4	1	2	3	1	1	20
OG0001763	3	1	2	10	0	1	0	2	1	20
OG0001764	1	1	3	10	0	1	2	1	1	20
OG0001765	3	2	1	4	2	2	2	2	2	20
OG0001766	2	1	2	8	1	4	0	1	1	20
OG0001767	2	1	0	9	1	1	2	3	1	20
OG0001768	5	0	12	0	0	3	0	0	0	20
OG0001769	6	0	12	0	0	2	0	0	0	20
OG0001770	4	2	2	2	2	2	2	2	2	20
OG0001771	2	1	1	10	1	1	2	1	1	20
OG0001772	1	1	7	3	0	7	1	0	0	20
OG0001773	2	2	5	1	2	2	2	2	2	20
OG0001774	2	1	1	12	1	0	1	1	1	20
OG0001775	2	3	7	0	2	1	0	3	2	20
OG0001776	1	1	2	11	1	1	1	1	1	20
OG0001777	1	2	6	4	3	1	1	1	1	20
OG0001778	3	2	2	3	2	1	3	2	2	20
OG0001779	2	2	1	5	2	2	2	2	2	20
OG0001780	5	2	4	1	2	2	0	2	2	20
OG0001781	2	2	5	2	2	1	2	2	2	20
OG0001782	1	1	6	7	1	1	1	1	1	20
OG0001783	3	3	2	2	3	1	1	3	2	20
OG0001784	1	2	6	0	2	4	1	2	2	20
OG0001785	4	1	1	7	1	2	2	1	1	20
OG0001786	2	0	1	9	0	4	4	0	0	20
OG0001787	10	0	4	4	0	2	0	0	0	20
OG0001788	2	1	2	11	1	1	0	1	1	20
OG0001789	1	1	5	3	1	2	5	1	1	20
OG0001790	2	1	1	11	1	1	1	1	1	20
OG0001791	1	2	2	5	2	1	3	2	2	20
OG0001792	2	2	9	0	1	3	0	2	1	20
OG0001793	2	0	0	17	0	1	0	0	0	20
OG0001794	1	3	2	1	4	1	2	4	2	20
OG0001795	4	2	3	1	2	2	2	2	2	20
OG0001796	2	1	0	11	1	1	2	1	1	20
OG0001797	1	0	1	16	0	1	0	1	0	20
OG0001798	2	2	2	4	2	2	2	2	2	20
OG0001799	2	1	2	9	1	1	2	1	1	20
OG0001800	3	1	3	4	2	2	2	2	1	20
OG0001801	1	3	2	3	3	2	0	3	3	20
OG0001802	4	2	2	1	2	1	0	4	4	20
OG0001803	1	2	3	8	2	1	0	2	1	20
OG0001804	2	1	1	10	1	1	1	1	2	20
OG0001805	2	1	1	12	1	1	0	1	1	20
OG0001806	20	0	0	0	0	0	0	0	0	20
OG0001807	2	2	0	4	3	3	2	2	2	20
OG0001808	2	4	0	1	4	1	1	4	3	20
OG0001809	1	1	2	8	1	4	1	1	1	20
OG0001810	4	2	2	1	2	2	3	2	2	20
OG0001811	2	2	1	6	2	2	2	2	1	20
OG0001812	2	1	1	11	1	1	1	1	1	20
OG0001813	2	1	1	5	1	1	7	1	1	20
OG0001814	2	1	1	10	1	1	1	1	2	20
OG0001815	2	3	1	3	3	1	1	3	3	20
OG0001816	1	2	1	8	2	1	1	2	2	20
OG0001817	2	0	0	0	0	2	16	0	0	20
OG0001818	1	1	2	11	1	1	1	1	1	20
OG0001819	3	0	14	0	0	3	0	0	0	20
OG0001820	4	1	5	4	1	3	0	1	1	20
OG0001821	2	1	2	3	1	1	8	1	1	20
OG0001822	2	1	1	12	1	1	0	1	1	20
OG0001823	4	1	1	9	0	2	1	1	1	20
OG0001824	2	2	2	6	2	1	1	2	2	20
OG0001825	2	1	1	10	1	1	2	1	1	20
OG0001826	1	1	2	4	2	2	3	3	2	20
OG0001827	2	1	3	10	0	1	1	1	1	20
OG0001828	2	2	4	2	2	2	2	2	2	20
OG0001829	2	1	1	10	1	1	2	1	1	20
OG0001830	4	1	2	5	1	1	4	1	1	20
OG0001831	2	1	1	11	0	1	2	1	1	20
OG0001832	1	1	1	12	1	1	1	1	1	20
OG0001833	2	1	3	8	1	1	2	1	1	20
OG0001834	0	2	1	0	3	2	4	4	4	20
OG0001835	0	4	0	0	8	0	0	4	4	20
OG0001836	0	2	0	11	1	2	2	1	1	20
OG0001837	0	2	1	8	2	3	0	2	2	20
OG0001838	0	6	1	0	4	0	0	4	5	20
OG0001839	0	1	0	16	1	0	0	1	1	20
OG0001840	0	1	1	12	1	2	1	1	1	20
OG0001841	0	0	20	0	0	0	0	0	0	20
OG0001842	0	0	20	0	0	0	0	0	0	20
OG0001843	0	0	20	0	0	0	0	0	0	20
OG0001844	0	0	20	0	0	0	0	0	0	20
OG0001845	0	0	20	0	0	0	0	0	0	20
OG0001846	0	0	3	1	0	1	15	0	0	20
OG0001847	0	0	20	0	0	0	0	0	0	20
OG0001848	0	0	1	9	0	10	0	0	0	20
OG0001849	0	0	20	0	0	0	0	0	0	20
OG0001850	0	0	0	20	0	0	0	0	0	20
OG0001851	0	0	0	20	0	0	0	0	0	20
OG0001852	0	0	0	20	0	0	0	0	0	20
OG0001853	0	0	0	20	0	0	0	0	0	20
OG0001854	0	0	0	20	0	0	0	0	0	20
OG0001855	0	0	0	20	0	0	0	0	0	20
OG0001856	0	0	0	19	0	0	1	0	0	20
OG0001857	0	0	0	19	0	0	1	0	0	20
OG0001858	0	0	0	20	0	0	0	0	0	20
OG0001859	0	0	0	0	5	0	0	9	6	20
OG0001860	0	0	0	0	0	20	0	0	0	20
OG0001861	0	0	0	0	0	0	0	15	5	20
OG0001862	3	1	6	3	1	2	1	1	1	19
OG0001863	3	1	2	8	1	2	0	1	1	19
OG0001864	4	1	7	0	1	2	2	1	1	19
OG0001865	2	0	2	13	0	1	1	0	0	19
OG0001866	19	0	0	0	0	0	0	0	0	19
OG0001867	2	1	9	2	0	2	1	1	1	19
OG0001868	19	0	0	0	0	0	0	0	0	19
OG0001869	2	1	1	10	1	1	1	1	1	19
OG0001870	2	1	1	8	2	1	2	1	1	19
OG0001871	4	2	1	2	2	2	2	2	2	19
OG0001872	11	1	1	2	1	1	0	1	1	19
OG0001873	3	0	1	11	0	2	2	0	0	19
OG0001874	2	1	1	7	1	2	3	1	1	19
OG0001875	1	1	1	10	2	1	1	1	1	19
OG0001876	19	0	0	0	0	0	0	0	0	19
OG0001877	2	0	6	4	0	3	4	0	0	19
OG0001878	2	3	2	4	2	2	0	2	2	19
OG0001879	2	1	4	7	1	1	1	1	1	19
OG0001880	2	1	3	7	1	1	1	2	1	19
OG0001881	4	1	2	6	0	2	3	0	1	19
OG0001882	1	0	6	9	0	3	0	0	0	19
OG0001883	3	2	1	4	2	2	2	1	2	19
OG0001884	2	1	1	10	1	1	1	1	1	19
OG0001885	1	1	1	11	1	2	0	1	1	19
OG0001886	6	0	9	0	0	4	0	0	0	19
OG0001887	3	2	3	2	2	2	1	2	2	19
OG0001888	3	2	2	3	2	2	1	2	2	19
OG0001889	5	1	1	3	1	2	4	1	1	19
OG0001890	4	1	1	5	1	2	3	1	1	19
OG0001891	2	1	1	10	1	1	1	1	1	19
OG0001892	6	0	1	2	0	2	8	0	0	19
OG0001893	1	1	2	10	1	1	1	1	1	19
OG0001894	2	1	3	8	1	1	1	1	1	19
OG0001895	2	1	1	6	1	5	1	1	1	19
OG0001896	1	1	7	3	2	1	1	2	1	19
OG0001897	2	2	2	4	2	1	2	2	2	19
OG0001898	3	1	2	6	1	3	1	1	1	19
OG0001899	1	1	1	11	1	1	1	1	1	19
OG0001900	1	1	0	12	1	1	1	1	1	19
OG0001901	2	1	1	10	1	1	1	1	1	19
OG0001902	4	1	4	2	1	3	2	1	1	19
OG0001903	15	0	1	1	1	0	0	1	0	19
OG0001904	4	1	2	5	1	3	1	1	1	19
OG0001905	3	0	5	3	0	5	3	0	0	19
OG0001906	3	2	2	3	2	1	2	2	2	19
OG0001907	1	1	0	11	1	1	2	1	1	19
OG0001908	4	2	1	3	2	2	1	2	2	19
OG0001909	1	1	3	1	1	7	2	2	1	19
OG0001910	2	2	2	4	1	2	2	2	2	19
OG0001911	2	1	1	12	1	0	0	1	1	19
OG0001912	9	1	1	1	1	1	3	1	1	19
OG0001913	1	2	4	4	1	2	2	2	1	19
OG0001914	2	2	2	1	2	4	2	2	2	19
OG0001915	3	2	1	4	2	1	2	2	2	19
OG0001916	1	1	2	12	0	0	1	1	1	19
OG0001917	2	1	2	5	1	2	4	1	1	19
OG0001918	1	0	2	14	0	1	1	0	0	19
OG0001919	5	1	2	4	1	2	2	1	1	19
OG0001920	4	1	2	9	1	1	0	0	1	19
OG0001921	2	1	4	6	1	1	2	1	1	19
OG0001922	2	1	2	6	1	5	0	1	1	19
OG0001923	1	2	1	8	2	1	1	1	2	19
OG0001924	2	2	2	2	2	2	3	2	2	19
OG0001925	3	2	1	4	2	2	1	2	2	19
OG0001926	2	1	2	9	1	1	1	1	1	19
OG0001927	1	1	1	1	3	5	0	4	3	19
OG0001928	2	2	5	2	2	1	0	2	3	19
OG0001929	2	3	1	1	3	1	2	3	3	19
OG0001930	2	1	3	3	4	1	1	2	2	19
OG0001931	2	1	5	5	1	2	1	1	1	19
OG0001932	1	3	1	0	3	2	2	4	3	19
OG0001933	2	2	2	7	1	1	2	1	1	19
OG0001934	2	2	1	3	2	3	2	2	2	19
OG0001935	2	1	2	10	0	2	0	1	1	19
OG0001936	2	1	1	10	1	1	1	1	1	19
OG0001937	2	1	2	8	1	2	1	1	1	19
OG0001938	4	2	2	3	2	1	1	2	2	19
OG0001939	2	1	2	6	2	2	2	1	1	19
OG0001940	2	2	2	2	2	2	3	2	2	19
OG0001941	2	0	3	13	0	1	0	0	0	19
OG0001942	1	2	1	1	3	1	2	4	4	19
OG0001943	2	2	1	4	3	2	1	0	4	19
OG0001944	2	1	2	9	1	1	1	1	1	19
OG0001945	1	1	6	1	0	3	3	2	2	19
OG0001946	2	1	2	9	1	1	1	1	1	19
OG0001947	2	1	3	8	1	1	1	1	1	19
OG0001948	2	1	4	7	1	1	0	2	1	19
OG0001949	2	2	2	5	2	1	1	2	2	19
OG0001950	3	2	2	3	2	2	2	2	1	19
OG0001951	2	1	2	3	1	4	4	1	1	19
OG0001952	2	3	2	1	5	1	1	1	3	19
OG0001953	2	2	3	3	2	1	1	3	2	19
OG0001954	2	1	2	9	1	1	1	1	1	19
OG0001955	2	1	0	11	1	1	1	1	1	19
OG0001956	2	2	1	4	1	2	3	2	2	19
OG0001957	2	1	3	7	1	1	1	2	1	19
OG0001958	3	2	2	2	1	4	1	2	2	19
OG0001959	2	1	1	9	2	1	1	1	1	19
OG0001960	2	1	1	11	1	1	0	1	1	19
OG0001961	2	1	3	8	1	1	0	2	1	19
OG0001962	2	1	2	7	1	3	1	1	1	19
OG0001963	2	1	5	5	1	1	1	2	1	19
OG0001964	2	1	2	11	1	1	0	1	0	19
OG0001965	0	7	0	0	2	0	0	5	5	19
OG0001966	0	5	0	0	6	0	0	4	4	19
OG0001967	0	9	0	0	4	0	0	3	3	19
OG0001968	0	0	2	17	0	0	0	0	0	19
OG0001969	0	0	19	0	0	0	0	0	0	19
OG0001970	0	0	19	0	0	0	0	0	0	19
OG0001971	0	0	19	0	0	0	0	0	0	19
OG0001972	0	0	2	15	0	1	1	0	0	19
OG0001973	0	0	1	18	0	0	0	0	0	19
OG0001974	0	0	19	0	0	0	0	0	0	19
OG0001975	0	0	19	0	0	0	0	0	0	19
OG0001976	0	0	1	0	0	0	18	0	0	19
OG0001977	0	0	0	19	0	0	0	0	0	19
OG0001978	0	0	0	19	0	0	0	0	0	19
OG0001979	0	0	0	19	0	0	0	0	0	19
OG0001980	0	0	0	19	0	0	0	0	0	19
OG0001981	0	0	0	19	0	0	0	0	0	19
OG0001982	0	0	0	19	0	0	0	0	0	19
OG0001983	0	0	0	19	0	0	0	0	0	19
OG0001984	0	0	0	19	0	0	0	0	0	19
OG0001985	0	0	0	19	0	0	0	0	0	19
OG0001986	0	0	0	19	0	0	0	0	0	19
OG0001987	0	0	0	19	0	0	0	0	0	19
OG0001988	0	0	0	19	0	0	0	0	0	19
OG0001989	0	0	0	19	0	0	0	0	0	19
OG0001990	0	0	0	19	0	0	0	0	0	19
OG0001991	0	0	0	19	0	0	0	0	0	19
OG0001992	0	0	0	0	0	19	0	0	0	19
OG0001993	3	0	2	9	0	2	2	0	0	18
OG0001994	2	0	1	12	0	2	1	0	0	18
OG0001995	3	2	1	3	2	2	1	2	2	18
OG0001996	7	0	4	0	0	7	0	0	0	18
OG0001997	2	2	2	2	2	2	2	2	2	18
OG0001998	4	0	4	7	0	1	2	0	0	18
OG0001999	16	0	1	0	0	1	0	0	0	18
OG0002000	11	0	7	0	0	0	0	0	0	18
OG0002001	2	1	3	2	1	2	5	1	1	18
OG0002002	2	1	0	10	1	1	1	1	1	18
OG0002003	2	2	1	2	2	3	2	2	2	18
OG0002004	1	2	2	8	1	1	1	1	1	18
OG0002005	2	2	2	3	2	2	1	2	2	18
OG0002006	5	0	4	0	0	9	0	0	0	18
OG0002007	10	0	8	0	0	0	0	0	0	18
OG0002008	1	2	2	8	1	1	1	1	1	18
OG0002009	3	2	3	2	2	1	1	2	2	18
OG0002010	14	0	3	1	0	0	0	0	0	18
OG0002011	2	1	2	8	1	1	1	1	1	18
OG0002012	18	0	0	0	0	0	0	0	0	18
OG0002013	2	1	1	6	1	2	2	1	2	18
OG0002014	8	0	4	0	0	6	0	0	0	18
OG0002015	1	1	2	10	0	1	1	1	1	18
OG0002016	2	1	2	8	1	1	1	1	1	18
OG0002017	2	1	0	9	1	3	0	1	1	18
OG0002018	1	1	3	5	3	1	2	1	1	18
OG0002019	2	0	0	12	0	1	3	0	0	18
OG0002020	2	1	1	8	1	1	2	1	1	18
OG0002021	3	2	4	4	0	2	1	1	1	18
OG0002022	2	1	2	7	2	1	1	1	1	18
OG0002023	1	2	0	7	2	2	1	1	2	18
OG0002024	4	1	3	5	1	1	1	1	1	18
OG0002025	11	0	5	2	0	0	0	0	0	18
OG0002026	1	0	0	14	0	1	2	0	0	18
OG0002027	2	0	1	14	0	1	0	0	0	18
OG0002028	5	1	1	4	1	3	1	1	1	18
OG0002029	1	0	13	0	0	4	0	0	0	18
OG0002030	2	1	1	11	0	1	0	1	1	18
OG0002031	2	1	3	7	1	1	1	1	1	18
OG0002032	2	1	3	1	1	4	4	1	1	18
OG0002033	2	1	1	8	2	1	1	1	1	18
OG0002034	3	2	3	3	1	1	1	2	2	18
OG0002035	2	1	1	7	1	1	2	2	1	18
OG0002036	1	1	3	8	1	1	1	1	1	18
OG0002037	3	2	3	2	1	2	1	2	2	18
OG0002038	2	1	1	7	1	2	2	1	1	18
OG0002039	18	0	0	0	0	0	0	0	0	18
OG0002040	2	1	2	8	1	1	1	1	1	18
OG0002041	2	1	3	7	1	1	1	1	1	18
OG0002042	2	1	3	7	1	1	1	1	1	18
OG0002043	2	1	3	7	1	1	1	1	1	18
OG0002044	2	1	4	5	1	2	1	1	1	18
OG0002045	1	1	3	8	1	1	1	1	1	18
OG0002046	1	1	2	8	1	2	1	1	1	18
OG0002047	4	1	4	3	1	2	1	1	1	18
OG0002048	2	2	3	2	2	2	1	2	2	18
OG0002049	4	2	1	4	1	1	2	2	1	18
OG0002050	1	1	1	10	1	1	1	1	1	18
OG0002051	2	1	4	6	1	1	1	1	1	18
OG0002052	1	0	17	0	0	0	0	0	0	18
OG0002053	3	2	1	5	2	2	0	2	1	18
OG0002054	2	1	4	4	1	3	1	1	1	18
OG0002055	4	1	0	3	2	1	2	3	2	18
OG0002056	4	1	7	1	1	2	0	1	1	18
OG0002057	2	3	0	2	3	1	1	3	3	18
OG0002058	1	1	3	8	1	1	1	1	1	18
OG0002059	2	1	4	3	1	1	4	1	1	18
OG0002060	3	1	3	3	1	3	2	1	1	18
OG0002061	3	1	6	2	1	2	1	1	1	18
OG0002062	2	1	1	2	1	3	6	1	1	18
OG0002063	4	0	4	0	0	10	0	0	0	18
OG0002064	4	1	3	3	1	4	0	1	1	18
OG0002065	2	2	2	4	2	1	1	2	2	18
OG0002066	2	2	1	4	2	1	2	2	2	18
OG0002067	2	1	2	8	1	1	1	1	1	18
OG0002068	2	0	11	4	0	1	0	0	0	18
OG0002069	2	1	1	9	1	1	1	1	1	18
OG0002070	5	1	2	4	1	1	1	2	1	18
OG0002071	2	1	6	4	1	1	1	1	1	18
OG0002072	2	2	0	5	1	2	1	3	2	18
OG0002073	2	1	1	4	1	1	6	1	1	18
OG0002074	4	2	1	2	1	2	2	2	2	18
OG0002075	2	1	1	9	1	1	1	1	1	18
OG0002076	2	1	1	10	0	1	1	1	1	18
OG0002077	4	1	2	4	1	2	2	1	1	18
OG0002078	1	1	1	10	1	1	1	1	1	18
OG0002079	2	1	3	2	2	2	2	2	2	18
OG0002080	1	0	1	14	0	1	1	0	0	18
OG0002081	2	3	0	4	2	1	0	3	3	18
OG0002082	3	0	3	7	0	5	0	0	0	18
OG0002083	2	1	1	9	1	1	1	1	1	18
OG0002084	2	2	5	2	1	1	2	2	1	18
OG0002085	2	1	1	2	1	3	5	2	1	18
OG0002086	2	1	3	5	1	3	1	1	1	18
OG0002087	2	1	1	9	1	1	1	1	1	18
OG0002088	1	2	1	1	2	1	6	2	2	18
OG0002089	2	1	9	2	1	1	0	1	1	18
OG0002090	2	1	5	4	1	1	2	1	1	18
OG0002091	1	1	6	6	1	1	0	1	1	18
OG0002092	2	1	1	3	1	1	6	2	1	18
OG0002093	1	1	0	4	1	7	2	1	1	18
OG0002094	2	2	2	2	2	3	1	2	2	18
OG0002095	4	1	2	5	1	2	1	1	1	18
OG0002096	1	1	0	11	1	1	1	1	1	18
OG0002097	2	2	1	5	2	1	1	2	2	18
OG0002098	2	2	0	2	3	1	2	3	3	18
OG0002099	3	2	1	2	2	1	3	2	2	18
OG0002100	2	1	1	7	1	0	4	1	1	18
OG0002101	2	6	0	1	4	1	0	2	2	18
OG0002102	2	1	1	9	1	1	1	1	1	18
OG0002103	2	3	1	1	3	1	1	3	3	18
OG0002104	1	0	17	0	0	0	0	0	0	18
OG0002105	2	1	1	9	1	1	1	1	1	18
OG0002106	2	1	3	8	1	1	0	1	1	18
OG0002107	2	1	4	3	1	3	2	1	1	18
OG0002108	1	1	3	7	1	1	2	1	1	18
OG0002109	2	1	1	8	1	1	2	1	1	18
OG0002110	5	2	2	1	2	1	1	2	2	18
OG0002111	2	1	2	6	1	2	2	1	1	18
OG0002112	1	1	2	9	1	1	1	1	1	18
OG0002113	2	1	2	7	1	2	1	1	1	18
OG0002114	2	2	2	2	2	2	2	2	2	18
OG0002115	2	1	1	8	1	2	1	1	1	18
OG0002116	2	2	1	3	2	1	3	2	2	18
OG0002117	1	1	4	7	1	1	1	1	1	18
OG0002118	2	1	6	3	1	1	1	2	1	18
OG0002119	2	2	1	4	2	1	2	2	2	18
OG0002120	2	1	5	5	1	1	1	1	1	18
OG0002121	1	2	1	3	2	1	3	3	2	18
OG0002122	1	1	4	7	1	1	1	1	1	18
OG0002123	2	1	1	10	0	1	1	1	1	18
OG0002124	1	1	2	2	1	2	7	1	1	18
OG0002125	0	13	2	0	0	1	0	1	1	18
OG0002126	0	2	0	7	2	2	0	3	2	18
OG0002127	0	4	0	0	9	0	0	3	2	18
OG0002128	0	3	0	0	2	0	0	6	7	18
OG0002129	0	3	1	6	1	1	3	2	1	18
OG0002130	0	3	0	4	3	1	1	4	2	18
OG0002131	0	1	0	16	1	0	0	0	0	18
OG0002132	0	1	1	2	1	2	9	1	1	18
OG0002133	0	2	0	0	8	0	0	4	4	18
OG0002134	0	5	0	0	2	0	0	5	6	18
OG0002135	0	0	18	0	0	0	0	0	0	18
OG0002136	0	0	18	0	0	0	0	0	0	18
OG0002137	0	0	11	2	0	5	0	0	0	18
OG0002138	0	0	18	0	0	0	0	0	0	18
OG0002139	0	0	14	0	0	1	3	0	0	18
OG0002140	0	0	17	0	0	0	1	0	0	18
OG0002141	0	0	18	0	0	0	0	0	0	18
OG0002142	0	0	18	0	0	0	0	0	0	18
OG0002143	0	0	18	0	0	0	0	0	0	18
OG0002144	0	0	18	0	0	0	0	0	0	18
OG0002145	0	0	1	2	0	14	1	0	0	18
OG0002146	0	0	0	18	0	0	0	0	0	18
OG0002147	0	0	0	18	0	0	0	0	0	18
OG0002148	0	0	0	18	0	0	0	0	0	18
OG0002149	0	0	0	18	0	0	0	0	0	18
OG0002150	0	0	0	18	0	0	0	0	0	18
OG0002151	0	0	0	18	0	0	0	0	0	18
OG0002152	0	0	0	18	0	0	0	0	0	18
OG0002153	0	0	0	18	0	0	0	0	0	18
OG0002154	0	0	0	18	0	0	0	0	0	18
OG0002155	0	0	0	18	0	0	0	0	0	18
OG0002156	0	0	0	0	0	18	0	0	0	18
OG0002157	0	0	0	0	0	0	18	0	0	18
OG0002158	3	0	2	5	0	3	4	0	0	17
OG0002159	2	1	2	7	1	1	1	1	1	17
OG0002160	3	1	4	3	1	1	1	2	1	17
OG0002161	2	1	1	8	1	1	1	1	1	17
OG0002162	4	0	3	10	0	0	0	0	0	17
OG0002163	10	0	5	0	0	2	0	0	0	17
OG0002164	1	1	1	8	1	1	2	1	1	17
OG0002165	16	0	1	0	0	0	0	0	0	17
OG0002166	1	0	0	15	0	1	0	0	0	17
OG0002167	3	1	2	3	1	2	3	1	1	17
OG0002168	2	0	5	7	0	3	0	0	0	17
OG0002169	1	2	2	4	3	1	0	2	2	17
OG0002170	4	2	1	1	2	2	1	2	2	17
OG0002171	2	1	4	5	1	1	0	1	2	17
OG0002172	4	2	1	1	3	1	1	2	2	17
OG0002173	2	1	2	5	1	1	2	2	1	17
OG0002174	2	3	1	2	3	1	0	2	3	17
OG0002175	2	1	0	8	1	1	1	2	1	17
OG0002176	13	0	1	0	0	3	0	0	0	17
OG0002177	6	0	3	2	0	3	3	0	0	17
OG0002178	2	1	3	2	1	1	5	1	1	17
OG0002179	1	1	8	2	1	1	1	1	1	17
OG0002180	2	1	8	1	1	1	1	1	1	17
OG0002181	2	2	1	1	2	2	3	2	2	17
OG0002182	1	1	2	8	1	1	1	1	1	17
OG0002183	2	1	2	6	1	2	1	1	1	17
OG0002184	2	3	1	1	3	1	1	3	2	17
OG0002185	3	2	1	2	2	2	2	1	2	17
OG0002186	2	1	1	6	1	2	2	1	1	17
OG0002187	3	1	3	3	1	2	2	1	1	17
OG0002188	1	2	3	1	2	2	2	2	2	17
OG0002189	2	1	0	9	1	0	0	2	2	17
OG0002190	2	1	1	8	1	1	1	1	1	17
OG0002191	2	2	2	3	1	2	1	2	2	17
OG0002192	12	0	5	0	0	0	0	0	0	17
OG0002193	2	2	2	2	2	2	1	2	2	17
OG0002194	3	2	1	2	2	2	1	2	2	17
OG0002195	1	1	1	8	1	1	2	1	1	17
OG0002196	3	1	2	4	1	1	3	1	1	17
OG0002197	3	1	5	2	1	2	1	1	1	17
OG0002198	14	0	3	0	0	0	0	0	0	17
OG0002199	1	1	2	8	1	1	1	1	1	17
OG0002200	3	1	3	3	1	2	2	1	1	17
OG0002201	7	0	4	0	0	5	1	0	0	17
OG0002202	2	1	4	4	2	1	1	1	1	17
OG0002203	2	1	7	2	1	1	1	1	1	17
OG0002204	1	0	0	15	0	1	0	0	0	17
OG0002205	1	1	1	9	1	1	1	1	1	17
OG0002206	1	1	2	9	1	1	0	1	1	17
OG0002207	2	1	2	8	1	0	1	1	1	17
OG0002208	1	2	2	4	2	2	0	2	2	17
OG0002209	3	1	3	1	1	2	2	3	1	17
OG0002210	1	3	0	6	2	0	1	2	2	17
OG0002211	2	1	2	7	1	1	1	1	1	17
OG0002212	1	0	9	0	0	0	0	3	4	17
OG0002213	2	1	3	3	1	2	3	1	1	17
OG0002214	2	1	1	6	1	1	3	1	1	17
OG0002215	1	1	4	4	1	1	3	1	1	17
OG0002216	2	1	3	3	1	2	1	3	1	17
OG0002217	2	1	2	6	1	1	1	2	1	17
OG0002218	3	2	0	3	2	2	1	2	2	17
OG0002219	3	0	8	2	0	2	2	0	0	17
OG0002220	2	1	5	1	1	1	1	2	3	17
OG0002221	2	3	1	1	2	1	2	2	3	17
OG0002222	2	1	2	6	1	1	1	2	1	17
OG0002223	2	1	1	7	2	1	1	1	1	17
OG0002224	1	2	0	6	2	2	0	2	2	17
OG0002225	1	1	5	5	1	1	1	1	1	17
OG0002226	4	1	1	5	0	1	3	1	1	17
OG0002227	3	1	2	3	1	3	2	1	1	17
OG0002228	1	2	1	4	2	2	1	2	2	17
OG0002229	2	3	1	1	3	1	1	2	3	17
OG0002230	2	1	2	6	1	1	2	1	1	17
OG0002231	3	2	0	4	2	2	1	2	1	17
OG0002232	4	1	3	2	1	2	2	1	1	17
OG0002233	2	0	1	12	0	1	1	0	0	17
OG0002234	2	1	4	2	2	1	1	2	2	17
OG0002235	2	1	0	6	1	3	2	1	1	17
OG0002236	2	1	1	5	1	2	2	2	1	17
OG0002237	3	2	0	2	2	2	2	2	2	17
OG0002238	2	2	2	1	2	2	2	2	2	17
OG0002239	2	2	3	6	1	0	0	2	1	17
OG0002240	2	1	1	6	1	1	3	1	1	17
OG0002241	2	1	0	6	1	4	1	2	0	17
OG0002242	2	1	1	6	2	2	1	1	1	17
OG0002243	2	2	2	5	2	1	0	2	1	17
OG0002244	1	1	1	9	1	1	1	1	1	17
OG0002245	1	1	1	9	1	1	1	1	1	17
OG0002246	1	1	1	9	1	1	1	1	1	17
OG0002247	3	0	5	2	0	2	5	0	0	17
OG0002248	2	1	2	8	1	1	0	1	1	17
OG0002249	5	1	4	2	1	2	0	1	1	17
OG0002250	2	1	2	7	1	1	1	1	1	17
OG0002251	1	1	3	6	1	1	2	1	1	17
OG0002252	2	1	4	6	1	1	0	1	1	17
OG0002253	2	1	2	7	1	1	1	1	1	17
OG0002254	2	1	3	7	1	1	0	1	1	17
OG0002255	2	2	3	2	2	1	1	2	2	17
OG0002256	2	1	2	6	1	1	2	1	1	17
OG0002257	4	0	1	0	0	12	0	0	0	17
OG0002258	2	1	0	6	1	3	1	2	1	17
OG0002259	2	1	3	6	1	1	1	1	1	17
OG0002260	3	1	1	7	1	1	1	1	1	17
OG0002261	4	1	3	3	1	3	0	1	1	17
OG0002262	2	1	2	7	1	1	1	1	1	17
OG0002263	2	1	1	3	1	1	1	4	3	17
OG0002264	1	1	2	7	1	1	2	1	1	17
OG0002265	1	0	0	0	0	16	0	0	0	17
OG0002266	2	1	1	7	2	1	1	1	1	17
OG0002267	3	2	1	3	1	2	1	2	2	17
OG0002268	4	2	2	2	2	0	1	2	2	17
OG0002269	1	1	1	6	1	2	3	1	1	17
OG0002270	2	1	3	2	1	1	4	2	1	17
OG0002271	1	1	2	7	1	2	1	1	1	17
OG0002272	3	1	2	4	1	2	2	1	1	17
OG0002273	6	1	2	1	1	2	2	1	1	17
OG0002274	1	2	4	1	2	2	1	2	2	17
OG0002275	1	2	2	3	2	2	1	2	2	17
OG0002276	4	1	1	3	1	2	3	1	1	17
OG0002277	2	1	2	4	1	1	3	1	2	17
OG0002278	2	1	2	7	1	1	1	1	1	17
OG0002279	2	1	3	6	1	1	1	1	1	17
OG0002280	2	1	2	6	1	3	0	1	1	17
OG0002281	2	1	1	7	1	1	2	1	1	17
OG0002282	2	1	3	4	1	1	3	1	1	17
OG0002283	2	2	4	1	2	1	1	2	2	17
OG0002284	4	2	0	3	2	1	0	2	3	17
OG0002285	2	0	1	12	0	1	1	0	0	17
OG0002286	6	1	0	6	1	1	0	1	1	17
OG0002287	2	1	3	4	1	2	1	1	2	17
OG0002288	2	1	1	8	1	1	1	1	1	17
OG0002289	2	1	4	4	1	1	2	1	1	17
OG0002290	2	1	3	6	1	1	1	1	1	17
OG0002291	2	1	1	8	1	1	1	1	1	17
OG0002292	2	1	1	8	1	1	2	0	1	17
OG0002293	2	1	3	1	1	3	4	1	1	17
OG0002294	1	0	0	11	1	1	1	1	1	17
OG0002295	2	1	1	8	1	1	1	1	1	17
OG0002296	2	4	1	1	2	1	3	2	1	17
OG0002297	2	1	0	8	1	1	2	1	1	17
OG0002298	2	1	3	6	1	1	1	1	1	17
OG0002299	2	1	4	5	1	1	1	1	1	17
OG0002300	2	2	1	6	2	0	0	2	2	17
OG0002301	2	1	2	6	1	2	1	1	1	17
OG0002302	2	1	1	8	1	1	1	1	1	17
OG0002303	1	1	2	8	1	1	1	1	1	17
OG0002304	1	1	4	2	3	1	3	1	1	17
OG0002305	2	1	6	2	1	1	1	2	1	17
OG0002306	2	1	2	7	1	1	1	1	1	17
OG0002307	2	2	5	2	1	0	1	2	2	17
OG0002308	2	3	3	1	2	3	1	1	1	17
OG0002309	2	0	3	8	0	1	3	0	0	17
OG0002310	4	1	3	1	1	4	1	1	1	17
OG0002311	0	1	0	0	7	0	0	6	3	17
OG0002312	0	3	0	2	3	2	1	3	3	17
OG0002313	0	1	2	8	2	1	1	1	1	17
OG0002314	0	1	0	0	1	2	10	2	1	17
OG0002315	0	2	3	4	2	1	1	2	2	17
OG0002316	0	1	0	10	1	0	2	2	1	17
OG0002317	0	1	2	7	1	2	2	1	1	17
OG0002318	0	1	3	8	1	0	2	1	1	17
OG0002319	0	1	0	11	1	1	1	1	1	17
OG0002320	0	1	0	12	1	1	0	1	1	17
OG0002321	0	1	3	8	1	1	1	1	1	17
OG0002322	0	0	16	0	0	1	0	0	0	17
OG0002323	0	0	17	0	0	0	0	0	0	17
OG0002324	0	0	0	17	0	0	0	0	0	17
OG0002325	0	0	0	17	0	0	0	0	0	17
OG0002326	0	0	0	17	0	0	0	0	0	17
OG0002327	0	0	0	17	0	0	0	0	0	17
OG0002328	0	0	0	17	0	0	0	0	0	17
OG0002329	0	0	0	17	0	0	0	0	0	17
OG0002330	0	0	0	17	0	0	0	0	0	17
OG0002331	0	0	0	17	0	0	0	0	0	17
OG0002332	0	0	0	17	0	0	0	0	0	17
OG0002333	0	0	0	17	0	0	0	0	0	17
OG0002334	0	0	0	17	0	0	0	0	0	17
OG0002335	0	0	0	17	0	0	0	0	0	17
OG0002336	0	0	0	16	0	1	0	0	0	17
OG0002337	0	0	0	17	0	0	0	0	0	17
OG0002338	0	0	0	17	0	0	0	0	0	17
OG0002339	0	0	0	17	0	0	0	0	0	17
OG0002340	2	1	0	5	1	1	4	1	1	16
OG0002341	1	2	1	7	1	1	0	2	1	16
OG0002342	2	1	1	5	1	1	3	1	1	16
OG0002343	10	0	6	0	0	0	0	0	0	16
OG0002344	1	1	3	5	1	1	2	1	1	16
OG0002345	16	0	0	0	0	0	0	0	0	16
OG0002346	2	1	1	7	1	1	1	1	1	16
OG0002347	3	1	4	2	1	1	2	1	1	16
OG0002348	2	1	3	5	1	1	1	1	1	16
OG0002349	2	0	0	11	0	2	1	0	0	16
OG0002350	16	0	0	0	0	0	0	0	0	16
OG0002351	1	0	8	0	0	7	0	0	0	16
OG0002352	3	2	2	3	2	1	1	0	2	16
OG0002353	10	0	1	0	0	4	1	0	0	16
OG0002354	1	0	2	11	0	1	1	0	0	16
OG0002355	2	1	1	7	0	1	1	2	1	16
OG0002356	2	1	1	8	1	1	0	1	1	16
OG0002357	15	0	1	0	0	0	0	0	0	16
OG0002358	2	2	4	0	1	3	0	2	2	16
OG0002359	2	1	3	2	1	2	3	1	1	16
OG0002360	2	1	1	7	1	1	1	1	1	16
OG0002361	3	2	1	2	2	1	1	2	2	16
OG0002362	1	1	3	4	1	1	2	2	1	16
OG0002363	2	1	4	0	1	2	4	1	1	16
OG0002364	2	2	3	1	1	1	1	3	2	16
OG0002365	1	1	4	5	1	1	1	1	1	16
OG0002366	2	1	2	6	1	1	1	1	1	16
OG0002367	2	1	1	8	0	1	1	1	1	16
OG0002368	5	0	3	0	0	6	2	0	0	16
OG0002369	2	0	3	9	0	1	1	0	0	16
OG0002370	15	0	0	0	0	1	0	0	0	16
OG0002371	3	1	3	3	1	2	1	1	1	16
OG0002372	2	1	3	4	1	1	2	1	1	16
OG0002373	2	1	1	6	1	1	2	1	1	16
OG0002374	2	1	2	5	2	1	1	1	1	16
OG0002375	2	1	3	5	1	1	1	1	1	16
OG0002376	2	2	1	3	1	3	0	2	2	16
OG0002377	2	1	3	4	1	1	2	1	1	16
OG0002378	3	1	2	0	1	5	2	1	1	16
OG0002379	3	4	2	0	2	1	0	2	2	16
OG0002380	1	1	2	8	1	1	0	1	1	16
OG0002381	6	1	1	2	1	1	2	1	1	16
OG0002382	2	1	1	3	1	1	4	2	1	16
OG0002383	1	2	2	0	5	0	0	3	3	16
OG0002384	1	1	3	4	1	1	3	1	1	16
OG0002385	2	1	1	4	1	2	3	1	1	16
OG0002386	2	3	0	1	3	1	0	3	3	16
OG0002387	4	1	4	2	1	1	1	1	1	16
OG0002388	2	1	1	6	1	1	2	1	1	16
OG0002389	3	1	2	1	1	5	1	1	1	16
OG0002390	2	1	2	5	1	1	2	1	1	16
OG0002391	1	1	1	8	1	1	1	1	1	16
OG0002392	2	0	1	10	0	2	1	0	0	16
OG0002393	2	1	3	5	1	1	1	1	1	16
OG0002394	12	0	0	0	0	1	3	0	0	16
OG0002395	3	2	1	4	2	2	1	0	1	16
OG0002396	2	1	5	4	1	1	0	1	1	16
OG0002397	2	1	3	5	1	1	1	1	1	16
OG0002398	4	1	1	4	1	3	0	1	1	16
OG0002399	1	1	1	8	1	2	0	1	1	16
OG0002400	3	1	4	5	1	0	0	1	1	16
OG0002401	2	0	0	5	0	1	8	0	0	16
OG0002402	4	0	2	6	0	3	1	0	0	16
OG0002403	2	1	2	3	2	1	1	2	2	16
OG0002404	2	1	1	6	1	1	2	1	1	16
OG0002405	1	1	1	9	1	1	0	1	1	16
OG0002406	2	1	3	5	1	1	1	1	1	16
OG0002407	1	1	2	4	1	2	3	1	1	16
OG0002408	6	0	5	0	0	5	0	0	0	16
OG0002409	1	1	2	6	1	1	2	1	1	16
OG0002410	2	2	2	2	1	2	1	2	2	16
OG0002411	2	3	2	2	3	0	0	2	2	16
OG0002412	4	0	2	0	0	10	0	0	0	16
OG0002413	2	1	6	2	1	1	1	1	1	16
OG0002414	4	1	4	2	1	2	0	1	1	16
OG0002415	1	2	0	4	2	2	1	2	2	16
OG0002416	2	1	4	3	1	2	1	1	1	16
OG0002417	2	1	3	2	4	1	1	1	1	16
OG0002418	2	1	4	4	1	1	2	1	0	16
OG0002419	2	1	4	2	1	1	2	2	1	16
OG0002420	2	1	2	6	1	1	1	1	1	16
OG0002421	2	1	2	5	1	1	2	1	1	16
OG0002422	2	2	1	4	1	2	1	2	1	16
OG0002423	3	1	2	5	1	1	1	1	1	16
OG0002424	2	1	6	2	1	1	1	1	1	16
OG0002425	1	1	6	3	1	1	1	1	1	16
OG0002426	2	1	2	6	1	1	1	1	1	16
OG0002427	2	1	1	7	1	1	1	1	1	16
OG0002428	2	1	1	6	1	1	2	1	1	16
OG0002429	1	2	1	4	2	1	1	2	2	16
OG0002430	2	2	0	3	1	2	2	2	2	16
OG0002431	2	2	1	4	2	1	0	2	2	16
OG0002432	2	1	0	6	1	1	1	2	2	16
OG0002433	2	1	1	7	1	1	1	1	1	16
OG0002434	3	0	5	7	0	1	0	0	0	16
OG0002435	3	1	3	4	1	1	1	1	1	16
OG0002436	1	1	1	9	1	1	0	1	1	16
OG0002437	1	1	2	7	1	1	1	1	1	16
OG0002438	1	4	2	1	3	1	1	1	2	16
OG0002439	1	1	3	5	1	1	2	1	1	16
OG0002440	2	1	2	6	1	1	1	1	1	16
OG0002441	16	0	0	0	0	0	0	0	0	16
OG0002442	2	1	7	1	1	1	1	1	1	16
OG0002443	2	1	2	3	1	2	3	1	1	16
OG0002444	2	2	1	3	2	1	1	2	2	16
OG0002445	1	2	1	2	1	1	4	2	2	16
OG0002446	2	1	3	4	1	2	1	1	1	16
OG0002447	2	1	0	8	1	1	1	1	1	16
OG0002448	2	1	4	2	2	1	1	2	1	16
OG0002449	3	2	2	1	2	2	0	2	2	16
OG0002450	2	2	2	2	2	1	1	2	2	16
OG0002451	2	1	6	2	1	2	0	1	1	16
OG0002452	3	2	0	4	1	2	0	2	2	16
OG0002453	2	2	2	1	2	1	3	2	1	16
OG0002454	2	0	9	5	0	0	0	0	0	16
OG0002455	2	0	1	12	0	1	0	0	0	16
OG0002456	2	0	12	0	0	2	0	0	0	16
OG0002457	2	2	3	2	1	2	0	2	2	16
OG0002458	3	2	1	1	2	2	3	1	1	16
OG0002459	1	2	1	3	2	1	2	2	2	16
OG0002460	2	1	3	5	1	1	1	1	1	16
OG0002461	2	2	1	3	2	1	1	2	2	16
OG0002462	2	0	1	10	0	2	1	0	0	16
OG0002463	2	1	2	6	1	1	1	1	1	16
OG0002464	1	0	1	10	0	3	1	0	0	16
OG0002465	2	0	2	10	0	1	1	0	0	16
OG0002466	2	1	3	1	1	4	2	1	1	16
OG0002467	2	1	3	4	1	1	2	1	1	16
OG0002468	2	0	6	0	0	4	4	0	0	16
OG0002469	1	1	1	8	1	1	1	1	1	16
OG0002470	1	1	0	10	1	1	0	1	1	16
OG0002471	2	1	0	7	1	1	2	1	1	16
OG0002472	1	1	1	7	1	1	1	2	1	16
OG0002473	2	1	2	6	1	1	1	1	1	16
OG0002474	2	1	4	4	1	1	1	1	1	16
OG0002475	2	1	3	5	1	1	1	1	1	16
OG0002476	2	1	4	3	1	1	2	1	1	16
OG0002477	2	0	2	7	0	1	4	0	0	16
OG0002478	2	2	1	1	2	1	3	2	2	16
OG0002479	1	1	4	4	1	1	1	2	1	16
OG0002480	2	1	2	6	1	1	1	1	1	16
OG0002481	7	0	7	0	0	2	0	0	0	16
OG0002482	1	1	3	5	1	2	1	1	1	16
OG0002483	2	1	6	1	1	1	1	2	1	16
OG0002484	2	1	2	2	1	1	5	1	1	16
OG0002485	2	1	2	5	1	0	3	1	1	16
OG0002486	1	1	3	4	1	2	2	0	2	16
OG0002487	2	1	7	2	1	1	0	1	1	16
OG0002488	2	1	3	4	1	1	2	1	1	16
OG0002489	2	2	1	4	1	1	1	2	2	16
OG0002490	2	2	1	2	1	3	3	1	1	16
OG0002491	2	1	2	6	1	1	1	1	1	16
OG0002492	2	1	2	6	1	1	1	1	1	16
OG0002493	2	1	2	4	1	1	3	1	1	16
OG0002494	2	1	4	4	1	1	1	1	1	16
OG0002495	2	1	4	2	1	2	2	1	1	16
OG0002496	2	0	7	0	0	7	0	0	0	16
OG0002497	2	1	4	1	1	3	2	1	1	16
OG0002498	1	2	0	5	2	1	1	2	2	16
OG0002499	2	1	3	2	1	1	4	1	1	16
OG0002500	1	1	0	1	1	3	3	4	2	16
OG0002501	2	1	4	4	1	0	2	1	1	16
OG0002502	2	1	2	5	1	2	1	1	1	16
OG0002503	1	1	1	2	1	1	1	4	4	16
OG0002504	2	1	0	6	1	1	2	2	1	16
OG0002505	2	2	1	3	2	1	1	2	2	16
OG0002506	2	1	2	1	3	1	2	2	2	16
OG0002507	2	2	1	2	2	2	1	2	2	16
OG0002508	1	1	1	4	1	1	4	2	1	16
OG0002509	1	1	2	7	1	1	1	1	1	16
OG0002510	0	5	0	0	4	0	0	3	4	16
OG0002511	0	2	3	1	3	1	0	3	3	16
OG0002512	0	2	0	0	6	0	0	4	4	16
OG0002513	0	1	2	8	1	1	1	1	1	16
OG0002514	0	6	0	0	6	0	0	2	2	16
OG0002515	0	5	0	0	7	0	0	2	2	16
OG0002516	0	3	0	0	4	0	0	5	4	16
OG0002517	0	1	1	10	1	1	0	1	1	16
OG0002518	0	1	1	9	1	1	1	1	1	16
OG0002519	0	1	0	0	3	0	0	6	6	16
OG0002520	0	1	9	0	1	2	0	2	1	16
OG0002521	0	2	0	0	2	0	8	2	2	16
OG0002522	0	1	1	10	0	1	1	1	1	16
OG0002523	0	0	16	0	0	0	0	0	0	16
OG0002524	0	0	16	0	0	0	0	0	0	16
OG0002525	0	0	16	0	0	0	0	0	0	16
OG0002526	0	0	16	0	0	0	0	0	0	16
OG0002527	0	0	16	0	0	0	0	0	0	16
OG0002528	0	0	16	0	0	0	0	0	0	16
OG0002529	0	0	9	0	0	7	0	0	0	16
OG0002530	0	0	16	0	0	0	0	0	0	16
OG0002531	0	0	16	0	0	0	0	0	0	16
OG0002532	0	0	0	16	0	0	0	0	0	16
OG0002533	0	0	0	15	0	0	1	0	0	16
OG0002534	0	0	0	16	0	0	0	0	0	16
OG0002535	0	0	0	16	0	0	0	0	0	16
OG0002536	0	0	0	16	0	0	0	0	0	16
OG0002537	0	0	0	16	0	0	0	0	0	16
OG0002538	0	0	0	16	0	0	0	0	0	16
OG0002539	0	0	0	16	0	0	0	0	0	16
OG0002540	0	0	0	16	0	0	0	0	0	16
OG0002541	0	0	0	16	0	0	0	0	0	16
OG0002542	0	0	0	16	0	0	0	0	0	16
OG0002543	0	0	0	13	0	0	3	0	0	16
OG0002544	0	0	0	16	0	0	0	0	0	16
OG0002545	0	0	0	16	0	0	0	0	0	16
OG0002546	0	0	0	16	0	0	0	0	0	16
OG0002547	0	0	0	16	0	0	0	0	0	16
OG0002548	0	0	0	16	0	0	0	0	0	16
OG0002549	0	0	0	0	0	16	0	0	0	16
OG0002550	2	2	0	2	2	1	3	1	2	15
OG0002551	2	1	1	6	1	1	1	1	1	15
OG0002552	1	1	5	1	1	1	3	1	1	15
OG0002553	11	0	1	0	0	3	0	0	0	15
OG0002554	2	1	1	5	1	1	2	1	1	15
OG0002555	1	2	1	4	2	1	0	2	2	15
OG0002556	2	2	1	1	3	1	1	2	2	15
OG0002557	1	1	0	9	1	1	1	1	0	15
OG0002558	2	1	2	6	0	1	1	1	1	15
OG0002559	9	0	5	0	0	1	0	0	0	15
OG0002560	2	2	1	2	2	1	2	1	2	15
OG0002561	2	0	1	10	0	1	1	0	0	15
OG0002562	2	1	0	7	1	1	1	1	1	15
OG0002563	11	0	4	0	0	0	0	0	0	15
OG0002564	4	0	6	2	0	3	0	0	0	15
OG0002565	15	0	0	0	0	0	0	0	0	15
OG0002566	12	0	3	0	0	0	0	0	0	15
OG0002567	10	0	2	2	0	1	0	0	0	15
OG0002568	2	1	4	2	1	2	1	1	1	15
OG0002569	3	1	3	3	1	1	1	1	1	15
OG0002570	15	0	0	0	0	0	0	0	0	15
OG0002571	2	1	0	6	0	1	3	1	1	15
OG0002572	1	3	2	1	2	1	1	2	2	15
OG0002573	2	1	5	1	1	1	2	1	1	15
OG0002574	2	1	1	6	1	1	1	1	1	15
OG0002575	2	1	0	7	1	1	1	1	1	15
OG0002576	8	1	2	0	1	1	0	1	1	15
OG0002577	5	1	1	1	2	3	0	1	1	15
OG0002578	1	2	0	8	1	1	0	1	1	15
OG0002579	3	1	2	4	1	1	1	1	1	15
OG0002580	2	1	6	1	1	2	1	0	1	15
OG0002581	2	1	2	5	1	1	1	1	1	15
OG0002582	4	0	2	4	0	1	4	0	0	15
OG0002583	5	1	1	2	1	1	2	1	1	15
OG0002584	2	1	1	7	1	0	1	1	1	15
OG0002585	2	1	1	5	0	1	3	1	1	15
OG0002586	2	1	1	6	1	1	1	1	1	15
OG0002587	1	1	3	4	1	1	2	1	1	15
OG0002588	2	1	2	6	1	1	0	1	1	15
OG0002589	2	1	1	6	1	1	1	1	1	15
OG0002590	3	1	4	1	1	2	1	1	1	15
OG0002591	9	0	2	2	0	2	0	0	0	15
OG0002592	1	1	1	9	0	1	1	0	1	15
OG0002593	15	0	0	0	0	0	0	0	0	15
OG0002594	1	1	2	6	2	1	0	1	1	15
OG0002595	2	1	1	6	1	1	1	1	1	15
OG0002596	2	1	1	6	1	1	1	1	1	15
OG0002597	1	1	2	1	1	4	3	1	1	15
OG0002598	4	1	1	1	1	4	1	1	1	15
OG0002599	2	1	2	5	1	1	1	1	1	15
OG0002600	1	1	3	6	1	1	0	1	1	15
OG0002601	2	1	2	6	1	1	0	1	1	15
OG0002602	1	1	3	6	1	1	0	1	1	15
OG0002603	2	2	0	3	2	1	1	2	2	15
OG0002604	2	1	3	4	1	1	1	1	1	15
OG0002605	1	1	0	8	1	1	1	1	1	15
OG0002606	2	1	2	5	1	1	1	1	1	15
OG0002607	2	1	7	0	1	1	1	1	1	15
OG0002608	1	1	1	7	1	1	1	1	1	15
OG0002609	2	2	1	2	2	1	1	2	2	15
OG0002610	1	2	2	2	2	1	1	2	2	15
OG0002611	2	1	3	4	1	1	1	1	1	15
OG0002612	2	2	1	2	2	1	1	2	2	15
OG0002613	2	1	3	3	1	1	2	1	1	15
OG0002614	2	2	1	2	2	1	1	2	2	15
OG0002615	2	1	1	6	1	1	1	1	1	15
OG0002616	2	1	0	7	1	1	1	1	1	15
OG0002617	2	0	4	7	0	1	1	0	0	15
OG0002618	1	1	1	7	1	1	1	1	1	15
OG0002619	2	2	2	2	2	1	0	2	2	15
OG0002620	2	2	1	1	2	1	2	2	2	15
OG0002621	1	1	1	7	1	1	1	1	1	15
OG0002622	1	1	1	8	0	1	1	1	1	15
OG0002623	2	2	0	2	1	1	2	3	2	15
OG0002624	2	0	10	0	0	3	0	0	0	15
OG0002625	2	1	1	4	1	1	0	2	3	15
OG0002626	2	1	1	5	1	2	1	1	1	15
OG0002627	1	1	1	7	1	1	1	1	1	15
OG0002628	1	1	3	4	1	1	1	2	1	15
OG0002629	8	0	3	3	0	1	0	0	0	15
OG0002630	5	0	4	5	0	1	0	0	0	15
OG0002631	7	0	7	0	0	1	0	0	0	15
OG0002632	2	0	10	3	0	0	0	0	0	15
OG0002633	1	1	2	3	1	2	3	1	1	15
OG0002634	4	1	2	1	2	2	1	1	1	15
OG0002635	2	1	1	5	1	1	1	2	1	15
OG0002636	2	1	3	1	4	1	1	1	1	15
OG0002637	3	2	1	0	4	2	0	2	1	15
OG0002638	2	1	3	4	1	1	1	1	1	15
OG0002639	2	1	6	3	1	0	0	1	1	15
OG0002640	2	1	1	1	2	1	5	1	1	15
OG0002641	2	1	3	3	1	1	2	1	1	15
OG0002642	2	1	1	6	1	1	1	1	1	15
OG0002643	13	0	2	0	0	0	0	0	0	15
OG0002644	2	1	4	4	1	1	0	1	1	15
OG0002645	3	1	3	3	1	1	1	1	1	15
OG0002646	1	1	4	5	1	1	0	1	1	15
OG0002647	2	1	2	7	1	0	0	1	1	15
OG0002648	1	0	4	7	0	3	0	0	0	15
OG0002649	2	1	2	5	1	1	1	1	1	15
OG0002650	2	1	1	6	1	1	1	1	1	15
OG0002651	1	1	1	7	1	1	1	1	1	15
OG0002652	1	1	2	6	1	1	1	1	1	15
OG0002653	11	0	0	3	0	1	0	0	0	15
OG0002654	4	0	0	10	0	1	0	0	0	15
OG0002655	2	0	1	10	0	1	1	0	0	15
OG0002656	2	1	1	6	1	1	1	1	1	15
OG0002657	2	1	1	2	1	4	2	1	1	15
OG0002658	2	1	1	2	1	4	2	1	1	15
OG0002659	1	2	2	3	1	1	1	2	2	15
OG0002660	1	1	4	3	1	1	1	2	1	15
OG0002661	1	1	4	4	1	1	1	1	1	15
OG0002662	2	1	1	5	1	1	2	1	1	15
OG0002663	2	1	3	4	1	1	1	1	1	15
OG0002664	1	2	1	2	2	0	2	2	3	15
OG0002665	1	1	1	6	2	1	1	1	1	15
OG0002666	2	1	1	1	2	1	3	2	2	15
OG0002667	1	1	3	4	1	2	1	1	1	15
OG0002668	1	0	5	9	0	0	0	0	0	15
OG0002669	2	2	0	2	2	2	1	2	2	15
OG0002670	2	2	1	5	1	0	0	2	2	15
OG0002671	3	1	2	1	1	3	2	1	1	15
OG0002672	3	1	3	1	1	3	1	1	1	15
OG0002673	2	2	2	2	1	1	1	2	2	15
OG0002674	4	0	2	5	0	4	0	0	0	15
OG0002675	2	1	2	6	1	1	1	0	1	15
OG0002676	2	1	1	6	1	1	1	1	1	15
OG0002677	1	2	0	2	2	2	2	3	1	15
OG0002678	2	2	2	2	2	1	0	2	2	15
OG0002679	2	1	3	4	1	1	1	1	1	15
OG0002680	1	1	1	7	1	1	1	1	1	15
OG0002681	2	1	3	5	0	1	1	1	1	15
OG0002682	1	1	1	8	1	1	0	1	1	15
OG0002683	1	1	0	3	1	1	2	3	3	15
OG0002684	2	1	0	6	0	1	3	1	1	15
OG0002685	2	1	1	5	1	1	2	1	1	15
OG0002686	1	1	2	5	1	1	2	1	1	15
OG0002687	2	1	6	1	1	1	1	1	1	15
OG0002688	8	0	3	0	0	4	0	0	0	15
OG0002689	2	1	2	5	1	2	1	0	1	15
OG0002690	2	1	2	4	1	1	2	1	1	15
OG0002691	2	4	0	0	3	1	0	2	3	15
OG0002692	1	1	2	6	1	1	1	1	1	15
OG0002693	2	1	1	6	1	1	1	1	1	15
OG0002694	2	1	3	1	2	1	1	3	1	15
OG0002695	2	1	0	7	1	1	1	1	1	15
OG0002696	2	1	1	4	1	1	3	1	1	15
OG0002697	2	0	1	11	0	1	0	0	0	15
OG0002698	2	1	1	5	1	1	2	1	1	15
OG0002699	2	2	2	1	2	1	1	2	2	15
OG0002700	2	0	2	0	0	1	10	0	0	15
OG0002701	2	1	3	4	1	1	1	1	1	15
OG0002702	2	1	1	5	1	1	2	1	1	15
OG0002703	1	1	2	6	1	1	1	1	1	15
OG0002704	2	1	1	5	1	2	1	1	1	15
OG0002705	2	2	2	1	1	2	1	2	2	15
OG0002706	2	1	0	7	1	1	1	1	1	15
OG0002707	2	1	2	1	1	1	2	2	3	15
OG0002708	2	0	2	5	0	3	3	0	0	15
OG0002709	2	1	1	6	1	1	1	1	1	15
OG0002710	2	1	3	1	2	2	1	2	1	15
OG0002711	2	1	2	4	1	1	2	1	1	15
OG0002712	2	2	1	2	1	1	2	2	2	15
OG0002713	1	1	2	5	1	2	1	1	1	15
OG0002714	2	1	0	8	1	1	0	1	1	15
OG0002715	4	0	3	1	1	4	0	1	1	15
OG0002716	2	2	2	2	1	1	4	0	1	15
OG0002717	2	1	1	6	1	1	1	1	1	15
OG0002718	2	1	6	1	1	1	1	1	1	15
OG0002719	2	1	3	4	1	1	1	1	1	15
OG0002720	2	1	3	3	1	1	1	2	1	15
OG0002721	2	1	1	6	0	1	2	1	1	15
OG0002722	2	1	4	3	1	1	1	1	1	15
OG0002723	2	1	1	4	1	1	3	1	1	15
OG0002724	2	1	2	5	1	1	1	1	1	15
OG0002725	2	2	2	1	2	1	1	2	2	15
OG0002726	2	1	1	6	1	1	1	1	1	15
OG0002727	1	1	1	7	1	1	1	1	1	15
OG0002728	3	1	3	2	1	2	1	1	1	15
OG0002729	1	1	1	3	1	1	5	1	1	15
OG0002730	2	1	2	6	0	1	1	1	1	15
OG0002731	2	1	1	6	1	1	1	1	1	15
OG0002732	2	1	1	6	1	1	1	1	1	15
OG0002733	2	1	1	5	1	1	2	1	1	15
OG0002734	2	1	1	6	1	1	1	1	1	15
OG0002735	2	1	5	2	1	1	1	1	1	15
OG0002736	3	1	3	0	1	5	0	1	1	15
OG0002737	2	1	2	5	1	1	1	1	1	15
OG0002738	1	2	3	5	2	1	0	0	1	15
OG0002739	1	1	1	8	1	1	0	1	1	15
OG0002740	4	2	1	0	2	2	1	1	2	15
OG0002741	2	1	1	5	1	1	2	1	1	15
OG0002742	3	0	6	0	0	6	0	0	0	15
OG0002743	2	1	0	7	1	2	0	1	1	15
OG0002744	2	1	3	4	1	1	1	1	1	15
OG0002745	2	1	2	5	1	1	1	1	1	15
OG0002746	2	1	2	5	1	1	1	1	1	15
OG0002747	1	1	3	4	2	1	1	1	1	15
OG0002748	2	1	1	5	1	2	1	1	1	15
OG0002749	2	4	1	0	4	1	0	2	1	15
OG0002750	2	1	2	6	1	1	0	1	1	15
OG0002751	2	1	2	1	0	1	2	4	2	15
OG0002752	2	2	2	1	2	1	1	2	2	15
OG0002753	2	1	0	7	1	1	1	1	1	15
OG0002754	1	1	1	8	0	1	1	1	1	15
OG0002755	1	0	3	7	0	2	2	0	0	15
OG0002756	1	1	1	8	0	1	1	1	1	15
OG0002757	2	1	3	4	1	1	1	1	1	15
OG0002758	1	2	3	6	0	1	0	1	1	15
OG0002759	1	1	5	3	1	1	1	1	1	15
OG0002760	0	3	0	0	1	0	0	5	6	15
OG0002761	0	1	0	10	1	0	1	1	1	15
OG0002762	0	3	0	0	2	1	2	4	3	15
OG0002763	0	1	0	0	1	5	4	2	2	15
OG0002764	0	2	0	0	3	1	5	2	2	15
OG0002765	0	2	1	4	2	1	1	2	2	15
OG0002766	0	1	0	9	1	1	0	2	1	15
OG0002767	0	1	2	7	1	1	1	1	1	15
OG0002768	0	0	15	0	0	0	0	0	0	15
OG0002769	0	0	15	0	0	0	0	0	0	15
OG0002770	0	0	15	0	0	0	0	0	0	15
OG0002771	0	0	15	0	0	0	0	0	0	15
OG0002772	0	0	10	0	0	5	0	0	0	15
OG0002773	0	0	2	0	0	13	0	0	0	15
OG0002774	0	0	15	0	0	0	0	0	0	15
OG0002775	0	0	4	7	0	1	3	0	0	15
OG0002776	0	0	15	0	0	0	0	0	0	15
OG0002777	0	0	15	0	0	0	0	0	0	15
OG0002778	0	0	1	13	0	0	1	0	0	15
OG0002779	0	0	14	0	0	0	1	0	0	15
OG0002780	0	0	0	15	0	0	0	0	0	15
OG0002781	0	0	0	15	0	0	0	0	0	15
OG0002782	0	0	0	15	0	0	0	0	0	15
OG0002783	0	0	0	15	0	0	0	0	0	15
OG0002784	0	0	0	15	0	0	0	0	0	15
OG0002785	0	0	0	14	0	1	0	0	0	15
OG0002786	0	0	0	3	0	3	0	4	5	15
OG0002787	0	0	0	2	0	1	12	0	0	15
OG0002788	0	0	0	15	0	0	0	0	0	15
OG0002789	0	0	0	15	0	0	0	0	0	15
OG0002790	0	0	0	15	0	0	0	0	0	15
OG0002791	0	0	0	15	0	0	0	0	0	15
OG0002792	0	0	0	15	0	0	0	0	0	15
OG0002793	0	0	0	15	0	0	0	0	0	15
OG0002794	0	0	0	15	0	0	0	0	0	15
OG0002795	0	0	0	15	0	0	0	0	0	15
OG0002796	0	0	0	15	0	0	0	0	0	15
OG0002797	0	0	0	15	0	0	0	0	0	15
OG0002798	0	0	0	0	0	0	15	0	0	15
OG0002799	0	0	0	0	0	0	15	0	0	15
OG0002800	0	0	0	0	0	0	15	0	0	15
OG0002801	3	1	2	1	1	1	3	1	1	14
OG0002802	2	1	2	1	1	2	1	2	2	14
OG0002803	1	2	2	2	2	1	0	2	2	14
OG0002804	14	0	0	0	0	0	0	0	0	14
OG0002805	1	1	0	7	1	1	1	1	1	14
OG0002806	4	0	5	2	0	3	0	0	0	14
OG0002807	14	0	0	0	0	0	0	0	0	14
OG0002808	14	0	0	0	0	0	0	0	0	14
OG0002809	2	1	0	2	1	3	3	1	1	14
OG0002810	2	1	3	1	1	1	3	1	1	14
OG0002811	1	4	2	0	2	3	0	1	1	14
OG0002812	1	1	5	1	1	1	2	1	1	14
OG0002813	9	0	5	0	0	0	0	0	0	14
OG0002814	2	1	1	4	1	1	1	2	1	14
OG0002815	10	0	0	2	0	2	0	0	0	14
OG0002816	2	0	2	9	0	1	0	0	0	14
OG0002817	2	1	1	3	1	1	3	1	1	14
OG0002818	2	1	1	4	1	1	1	2	1	14
OG0002819	4	1	0	2	1	4	0	1	1	14
OG0002820	2	1	0	4	1	2	1	1	2	14
OG0002821	3	1	2	2	1	1	3	0	1	14
OG0002822	1	0	0	12	0	1	0	0	0	14
OG0002823	14	0	0	0	0	0	0	0	0	14
OG0002824	1	1	3	3	1	1	2	1	1	14
OG0002825	2	1	4	1	1	1	2	1	1	14
OG0002826	13	0	0	0	0	1	0	0	0	14
OG0002827	2	1	1	5	1	1	1	1	1	14
OG0002828	3	2	1	1	2	1	1	1	2	14
OG0002829	3	0	0	10	0	1	0	0	0	14
OG0002830	11	0	2	0	0	1	0	0	0	14
OG0002831	2	2	1	1	2	1	1	2	2	14
OG0002832	2	1	3	3	1	1	1	1	1	14
OG0002833	2	1	4	1	1	1	1	1	2	14
OG0002834	2	1	4	2	1	1	1	1	1	14
OG0002835	2	1	0	5	1	1	2	1	1	14
OG0002836	1	1	2	5	1	1	1	1	1	14
OG0002837	2	1	2	4	1	1	1	1	1	14
OG0002838	2	1	2	3	1	1	1	2	1	14
OG0002839	1	1	1	7	1	1	0	1	1	14
OG0002840	1	1	3	1	2	1	1	2	2	14
OG0002841	2	0	0	8	0	3	1	0	0	14
OG0002842	2	1	3	2	1	1	1	2	1	14
OG0002843	2	2	1	1	2	1	1	2	2	14
OG0002844	4	0	2	3	0	0	5	0	0	14
OG0002845	1	1	7	0	1	1	1	1	1	14
OG0002846	2	1	3	1	1	1	1	2	2	14
OG0002847	2	1	2	4	1	1	1	1	1	14
OG0002848	2	1	1	4	1	1	2	1	1	14
OG0002849	1	1	0	6	1	1	2	1	1	14
OG0002850	2	1	1	5	1	1	1	1	1	14
OG0002851	3	1	3	0	1	2	2	1	1	14
OG0002852	2	1	6	1	1	1	1	1	0	14
OG0002853	4	1	1	2	2	2	0	1	1	14
OG0002854	2	2	1	1	2	1	1	2	2	14
OG0002855	1	0	0	12	0	1	0	0	0	14
OG0002856	2	1	1	4	1	1	2	1	1	14
OG0002857	1	1	2	5	1	1	1	1	1	14
OG0002858	2	1	2	3	1	1	2	1	1	14
OG0002859	2	1	2	1	1	1	3	2	1	14
OG0002860	2	1	4	2	1	1	1	1	1	14
OG0002861	2	0	5	3	0	3	1	0	0	14
OG0002862	2	1	1	2	1	2	3	1	1	14
OG0002863	2	1	3	2	1	2	1	1	1	14
OG0002864	2	1	3	3	1	1	1	1	1	14
OG0002865	1	1	2	5	1	1	1	1	1	14
OG0002866	3	1	1	2	1	2	2	1	1	14
OG0002867	2	1	1	5	1	1	1	1	1	14
OG0002868	1	1	2	4	1	1	2	1	1	14
OG0002869	2	1	1	1	1	1	4	1	2	14
OG0002870	2	0	1	10	0	1	0	0	0	14
OG0002871	2	1	1	3	2	1	2	1	1	14
OG0002872	2	1	3	3	1	1	1	1	1	14
OG0002873	2	1	1	4	1	1	2	1	1	14
OG0002874	1	1	1	5	1	1	2	1	1	14
OG0002875	1	1	2	4	1	1	1	2	1	14
OG0002876	2	1	3	2	1	1	2	1	1	14
OG0002877	2	1	1	5	1	1	1	1	1	14
OG0002878	2	1	4	1	1	1	2	1	1	14
OG0002879	2	1	1	5	1	1	1	1	1	14
OG0002880	2	1	1	4	1	1	2	1	1	14
OG0002881	14	0	0	0	0	0	0	0	0	14
OG0002882	5	0	3	5	0	1	0	0	0	14
OG0002883	7	0	3	4	0	0	0	0	0	14
OG0002884	1	1	1	5	1	1	2	1	1	14
OG0002885	2	1	1	4	1	1	2	1	1	14
OG0002886	2	1	1	2	2	0	4	1	1	14
OG0002887	2	1	5	2	0	1	1	1	1	14
OG0002888	2	1	2	3	1	1	2	1	1	14
OG0002889	2	1	4	1	1	3	0	1	1	14
OG0002890	2	1	1	5	1	1	1	1	1	14
OG0002891	1	1	1	6	1	1	1	1	1	14
OG0002892	2	1	0	6	1	1	1	1	1	14
OG0002893	2	1	2	0	2	2	2	2	1	14
OG0002894	2	1	0	6	1	1	1	1	1	14
OG0002895	4	0	3	3	0	2	2	0	0	14
OG0002896	2	1	1	4	2	1	1	1	1	14
OG0002897	2	1	3	2	1	2	1	1	1	14
OG0002898	2	1	3	3	1	1	1	1	1	14
OG0002899	14	0	0	0	0	0	0	0	0	14
OG0002900	14	0	0	0	0	0	0	0	0	14
OG0002901	8	0	6	0	0	0	0	0	0	14
OG0002902	2	1	3	3	1	1	1	1	1	14
OG0002903	2	1	2	3	1	1	2	1	1	14
OG0002904	1	1	3	3	1	1	2	1	1	14
OG0002905	2	1	1	4	1	1	2	1	1	14
OG0002906	2	1	1	5	1	1	1	1	1	14
OG0002907	2	1	4	2	1	1	1	1	1	14
OG0002908	1	1	2	5	1	1	1	1	1	14
OG0002909	4	2	1	0	2	1	0	2	2	14
OG0002910	2	1	2	2	1	1	3	1	1	14
OG0002911	3	1	5	2	1	0	0	1	1	14
OG0002912	2	1	1	5	1	1	1	1	1	14
OG0002913	1	1	2	5	1	1	1	1	1	14
OG0002914	2	2	1	1	1	1	1	3	2	14
OG0002915	2	1	3	3	1	1	1	1	1	14
OG0002916	2	1	0	3	1	1	4	1	1	14
OG0002917	2	1	2	4	1	1	1	1	1	14
OG0002918	1	1	5	2	1	1	1	1	1	14
OG0002919	5	1	2	1	1	1	1	1	1	14
OG0002920	1	1	2	2	1	2	3	1	1	14
OG0002921	2	1	1	4	2	1	1	1	1	14
OG0002922	1	1	1	7	0	1	1	1	1	14
OG0002923	2	1	1	3	2	2	1	1	1	14
OG0002924	1	2	1	3	2	1	0	2	2	14
OG0002925	5	0	2	5	0	2	0	0	0	14
OG0002926	2	1	1	5	1	1	1	1	1	14
OG0002927	1	2	2	1	2	2	1	2	1	14
OG0002928	2	1	3	2	2	1	1	1	1	14
OG0002929	2	1	1	5	1	1	1	1	1	14
OG0002930	2	1	4	1	1	1	2	1	1	14
OG0002931	1	1	1	2	1	2	2	3	1	14
OG0002932	2	1	3	3	1	1	1	1	1	14
OG0002933	2	1	5	2	1	1	0	1	1	14
OG0002934	2	0	1	9	0	1	1	0	0	14
OG0002935	2	1	1	3	1	2	2	1	1	14
OG0002936	1	1	2	4	1	1	2	1	1	14
OG0002937	1	0	3	9	0	1	0	0	0	14
OG0002938	2	1	1	5	1	1	1	1	1	14
OG0002939	2	1	1	5	1	1	1	1	1	14
OG0002940	1	0	7	3	0	2	1	0	0	14
OG0002941	2	1	4	2	1	1	1	1	1	14
OG0002942	2	1	1	4	1	3	0	1	1	14
OG0002943	2	1	3	3	1	0	2	1	1	14
OG0002944	3	0	2	6	0	2	1	0	0	14
OG0002945	1	1	2	5	1	1	1	1	1	14
OG0002946	2	1	2	3	1	1	1	2	1	14
OG0002947	1	1	1	4	1	1	3	1	1	14
OG0002948	2	1	1	2	1	1	4	1	1	14
OG0002949	1	3	1	1	2	1	0	3	2	14
OG0002950	2	1	0	4	1	2	2	1	1	14
OG0002951	2	1	0	5	1	2	1	1	1	14
OG0002952	2	1	0	5	1	1	2	1	1	14
OG0002953	1	1	5	2	1	1	1	1	1	14
OG0002954	1	1	4	4	0	1	1	1	1	14
OG0002955	2	2	2	2	1	1	1	2	1	14
OG0002956	3	1	3	2	0	2	1	1	1	14
OG0002957	2	1	1	0	1	4	3	1	1	14
OG0002958	2	1	6	0	1	1	1	1	1	14
OG0002959	2	1	3	1	1	1	1	2	2	14
OG0002960	2	1	1	4	1	1	2	1	1	14
OG0002961	2	2	1	0	3	1	1	2	2	14
OG0002962	2	1	1	2	1	1	4	1	1	14
OG0002963	2	0	2	0	0	10	0	0	0	14
OG0002964	2	1	1	4	1	1	2	1	1	14
OG0002965	2	1	1	6	1	1	0	1	1	14
OG0002966	2	1	1	3	1	3	1	1	1	14
OG0002967	2	1	1	4	1	1	2	1	1	14
OG0002968	2	1	1	5	1	1	1	1	1	14
OG0002969	3	1	2	2	1	1	2	1	1	14
OG0002970	2	1	1	2	2	1	3	1	1	14
OG0002971	2	1	2	4	1	1	1	1	1	14
OG0002972	2	1	1	5	1	1	1	1	1	14
OG0002973	1	1	1	6	1	1	1	1	1	14
OG0002974	2	1	2	4	1	1	1	1	1	14
OG0002975	1	1	2	3	1	2	2	1	1	14
OG0002976	2	1	1	5	1	1	1	1	1	14
OG0002977	2	2	3	1	1	1	2	1	1	14
OG0002978	3	0	8	0	0	3	0	0	0	14
OG0002979	14	0	0	0	0	0	0	0	0	14
OG0002980	1	1	1	3	1	1	4	1	1	14
OG0002981	2	1	1	5	1	1	1	1	1	14
OG0002982	2	1	1	3	2	1	2	1	1	14
OG0002983	2	1	1	4	1	1	2	1	1	14
OG0002984	1	1	1	6	1	1	1	1	1	14
OG0002985	2	1	1	5	1	1	1	1	1	14
OG0002986	2	1	0	6	1	1	1	1	1	14
OG0002987	2	1	1	3	1	1	3	1	1	14
OG0002988	1	1	0	6	2	1	1	1	1	14
OG0002989	4	1	0	2	1	3	1	1	1	14
OG0002990	4	1	3	0	1	2	1	1	1	14
OG0002991	1	1	2	2	1	2	1	3	1	14
OG0002992	2	1	2	2	1	2	3	1	0	14
OG0002993	2	1	3	1	2	1	1	1	2	14
OG0002994	2	1	1	5	1	1	1	1	1	14
OG0002995	1	1	2	5	1	1	1	1	1	14
OG0002996	4	1	3	1	1	2	0	1	1	14
OG0002997	2	1	3	1	1	1	2	2	1	14
OG0002998	1	2	1	1	4	1	2	1	1	14
OG0002999	2	1	0	6	1	0	2	1	1	14
OG0003000	2	1	1	5	1	1	1	1	1	14
OG0003001	2	1	2	4	1	1	1	1	1	14
OG0003002	2	1	2	3	1	1	1	2	1	14
OG0003003	2	1	1	2	1	1	3	2	1	14
OG0003004	2	1	3	2	2	1	1	1	1	14
OG0003005	1	2	1	1	1	2	2	2	2	14
OG0003006	2	1	5	1	1	1	1	1	1	14
OG0003007	2	1	2	3	1	3	0	1	1	14
OG0003008	2	1	4	1	1	1	1	2	1	14
OG0003009	2	0	2	5	0	5	0	0	0	14
OG0003010	2	1	1	6	1	1	0	1	1	14
OG0003011	1	1	1	2	1	1	1	3	3	14
OG0003012	2	1	1	2	1	1	4	1	1	14
OG0003013	2	1	1	0	1	3	4	1	1	14
OG0003014	2	1	1	3	1	3	1	1	1	14
OG0003015	1	1	0	7	1	1	1	1	1	14
OG0003016	3	0	6	2	0	2	1	0	0	14
OG0003017	2	1	2	4	1	1	1	1	1	14
OG0003018	2	1	1	2	1	1	3	2	1	14
OG0003019	1	1	1	7	1	1	0	1	1	14
OG0003020	2	1	3	4	1	1	0	1	1	14
OG0003021	1	2	3	1	1	1	2	2	1	14
OG0003022	2	1	1	5	1	1	1	1	1	14
OG0003023	2	1	2	3	1	1	2	1	1	14
OG0003024	1	1	2	4	1	1	2	1	1	14
OG0003025	1	1	2	5	1	1	1	1	1	14
OG0003026	1	2	1	1	2	2	1	2	2	14
OG0003027	2	1	3	2	1	1	2	1	1	14
OG0003028	2	1	0	3	3	1	1	2	1	14
OG0003029	2	1	1	4	1	1	1	2	1	14
OG0003030	1	1	1	7	1	1	0	1	1	14
OG0003031	2	1	1	4	1	1	2	1	1	14
OG0003032	4	0	4	2	0	2	2	0	0	14
OG0003033	2	1	1	4	1	1	2	1	1	14
OG0003034	2	1	2	2	1	1	2	2	1	14
OG0003035	2	1	2	2	0	2	2	2	1	14
OG0003036	2	1	4	2	1	1	1	1	1	14
OG0003037	2	0	5	2	0	3	2	0	0	14
OG0003038	2	1	3	3	1	1	1	1	1	14
OG0003039	3	1	3	2	1	1	1	1	1	14
OG0003040	2	1	0	2	1	2	4	1	1	14
OG0003041	1	1	2	3	1	1	3	1	1	14
OG0003042	2	1	0	5	1	1	2	1	1	14
OG0003043	2	1	3	2	1	1	2	1	1	14
OG0003044	1	1	1	1	1	3	4	1	1	14
OG0003045	2	1	2	3	1	1	2	1	1	14
OG0003046	2	1	3	2	1	1	2	1	1	14
OG0003047	2	1	1	5	1	1	1	1	1	14
OG0003048	2	1	3	1	1	1	3	1	1	14
OG0003049	2	1	2	4	1	1	1	1	1	14
OG0003050	2	1	3	1	1	2	2	1	1	14
OG0003051	2	1	2	3	1	1	2	1	1	14
OG0003052	2	1	2	5	1	1	0	1	1	14
OG0003053	1	0	3	10	0	0	0	0	0	14
OG0003054	2	1	2	1	1	2	3	1	1	14
OG0003055	2	1	2	3	1	1	2	1	1	14
OG0003056	2	1	1	5	1	1	1	1	1	14
OG0003057	1	1	5	2	1	1	1	1	1	14
OG0003058	1	1	3	5	1	1	0	1	1	14
OG0003059	2	1	1	3	1	2	2	1	1	14
OG0003060	2	1	4	2	1	1	1	1	1	14
OG0003061	1	1	1	8	1	0	0	1	1	14
OG0003062	1	1	1	4	1	1	2	2	1	14
OG0003063	2	1	1	2	1	1	4	1	1	14
OG0003064	1	1	2	5	1	1	1	1	1	14
OG0003065	2	1	1	4	2	1	1	1	1	14
OG0003066	2	1	1	4	2	1	1	1	1	14
OG0003067	2	1	1	4	1	1	2	1	1	14
OG0003068	2	1	1	6	0	1	1	1	1	14
OG0003069	2	1	2	4	1	1	1	1	1	14
OG0003070	2	1	2	3	1	1	2	1	1	14
OG0003071	2	1	1	5	1	1	1	1	1	14
OG0003072	2	1	1	4	1	1	2	1	1	14
OG0003073	2	2	0	2	2	1	1	2	2	14
OG0003074	1	1	3	3	1	1	2	1	1	14
OG0003075	2	1	3	2	1	2	1	1	1	14
OG0003076	2	1	0	1	2	4	2	1	1	14
OG0003077	1	1	3	1	1	3	2	1	1	14
OG0003078	1	1	1	3	1	1	3	2	1	14
OG0003079	2	1	1	5	1	1	1	1	1	14
OG0003080	2	1	1	6	1	1	0	1	1	14
OG0003081	2	1	1	4	1	1	2	1	1	14
OG0003082	2	1	1	6	0	1	1	1	1	14
OG0003083	0	2	0	3	2	1	2	2	2	14
OG0003084	0	7	0	0	2	0	2	2	1	14
OG0003085	0	1	0	0	1	1	0	7	4	14
OG0003086	0	3	0	2	3	0	0	3	3	14
OG0003087	0	2	0	2	1	0	0	5	4	14
OG0003088	0	1	2	4	1	1	2	2	1	14
OG0003089	0	1	0	8	1	1	1	1	1	14
OG0003090	0	4	0	0	7	0	0	2	1	14
OG0003091	0	1	2	6	1	1	1	1	1	14
OG0003092	0	1	0	8	1	1	1	1	1	14
OG0003093	0	2	2	1	2	2	1	2	2	14
OG0003094	0	2	0	0	4	0	0	4	4	14
OG0003095	0	1	0	6	1	1	3	1	1	14
OG0003096	0	1	0	8	1	1	1	1	1	14
OG0003097	0	5	0	0	1	0	0	3	5	14
OG0003098	0	2	1	3	2	1	1	2	2	14
OG0003099	0	1	4	4	1	1	1	1	1	14
OG0003100	0	1	0	3	4	4	0	1	1	14
OG0003101	0	1	4	4	1	1	1	1	1	14
OG0003102	0	1	0	7	1	1	2	1	1	14
OG0003103	0	1	2	5	1	1	2	1	1	14
OG0003104	0	1	0	8	1	0	2	1	1	14
OG0003105	0	0	5	5	0	4	0	0	0	14
OG0003106	0	0	5	9	0	0	0	0	0	14
OG0003107	0	0	14	0	0	0	0	0	0	14
OG0003108	0	0	10	1	0	0	2	1	0	14
OG0003109	0	0	14	0	0	0	0	0	0	14
OG0003110	0	0	14	0	0	0	0	0	0	14
OG0003111	0	0	14	0	0	0	0	0	0	14
OG0003112	0	0	14	0	0	0	0	0	0	14
OG0003113	0	0	14	0	0	0	0	0	0	14
OG0003114	0	0	14	0	0	0	0	0	0	14
OG0003115	0	0	14	0	0	0	0	0	0	14
OG0003116	0	0	14	0	0	0	0	0	0	14
OG0003117	0	0	2	12	0	0	0	0	0	14
OG0003118	0	0	14	0	0	0	0	0	0	14
OG0003119	0	0	0	14	0	0	0	0	0	14
OG0003120	0	0	0	14	0	0	0	0	0	14
OG0003121	0	0	0	14	0	0	0	0	0	14
OG0003122	0	0	0	14	0	0	0	0	0	14
OG0003123	0	0	0	14	0	0	0	0	0	14
OG0003124	0	0	0	14	0	0	0	0	0	14
OG0003125	0	0	0	14	0	0	0	0	0	14
OG0003126	0	0	0	14	0	0	0	0	0	14
OG0003127	0	0	0	14	0	0	0	0	0	14
OG0003128	0	0	0	14	0	0	0	0	0	14
OG0003129	0	0	0	14	0	0	0	0	0	14
OG0003130	0	0	0	14	0	0	0	0	0	14
OG0003131	0	0	0	14	0	0	0	0	0	14
OG0003132	0	0	0	14	0	0	0	0	0	14
OG0003133	0	0	0	14	0	0	0	0	0	14
OG0003134	0	0	0	14	0	0	0	0	0	14
OG0003135	0	0	0	14	0	0	0	0	0	14
OG0003136	0	0	0	14	0	0	0	0	0	14
OG0003137	0	0	0	14	0	0	0	0	0	14
OG0003138	0	0	0	1	0	0	13	0	0	14
OG0003139	0	0	0	14	0	0	0	0	0	14
OG0003140	0	0	0	14	0	0	0	0	0	14
OG0003141	0	0	0	14	0	0	0	0	0	14
OG0003142	0	0	0	14	0	0	0	0	0	14
OG0003143	0	0	0	0	0	14	0	0	0	14
OG0003144	0	0	0	0	0	14	0	0	0	14
OG0003145	0	0	0	0	0	1	13	0	0	14
OG0003146	0	0	0	0	0	0	14	0	0	14
OG0003147	0	0	0	0	0	0	0	11	3	14
OG0003148	2	1	2	3	1	1	1	1	1	13
OG0003149	1	1	1	5	1	2	0	1	1	13
OG0003150	2	1	0	3	1	1	2	2	1	13
OG0003151	2	1	1	1	2	1	1	2	2	13
OG0003152	1	1	3	2	1	2	1	1	1	13
OG0003153	2	1	0	5	1	1	1	1	1	13
OG0003154	2	1	3	1	1	2	1	1	1	13
OG0003155	9	0	4	0	0	0	0	0	0	13
OG0003156	10	0	2	0	0	1	0	0	0	13
OG0003157	1	1	1	5	1	1	1	1	1	13
OG0003158	1	1	1	2	1	4	1	1	1	13
OG0003159	1	1	4	4	0	1	0	1	1	13
OG0003160	1	1	2	4	1	1	1	1	1	13
OG0003161	2	1	2	2	1	1	2	1	1	13
OG0003162	2	1	1	3	2	1	1	1	1	13
OG0003163	2	1	2	3	1	1	1	1	1	13
OG0003164	4	1	1	1	1	2	1	1	1	13
OG0003165	4	0	1	5	0	2	1	0	0	13
OG0003166	2	1	2	3	1	1	1	1	1	13
OG0003167	2	1	2	3	1	1	1	1	1	13
OG0003168	2	1	2	2	1	1	2	1	1	13
OG0003169	3	1	1	3	1	1	1	1	1	13
OG0003170	2	0	3	6	0	2	0	0	0	13
OG0003171	3	1	2	2	1	1	1	1	1	13
OG0003172	3	0	1	6	0	2	1	0	0	13
OG0003173	2	0	1	7	0	1	2	0	0	13
OG0003174	4	0	2	3	0	3	1	0	0	13
OG0003175	3	2	1	0	1	1	0	3	2	13
OG0003176	1	1	2	4	1	1	1	1	1	13
OG0003177	1	1	1	3	2	1	1	2	1	13
OG0003178	1	1	1	2	2	1	0	3	2	13
OG0003179	3	0	3	3	1	0	1	1	1	13
OG0003180	2	1	0	5	1	1	1	1	1	13
OG0003181	7	0	5	0	0	0	1	0	0	13
OG0003182	2	1	3	3	1	1	0	1	1	13
OG0003183	2	1	1	3	1	1	2	1	1	13
OG0003184	2	1	1	4	1	1	0	2	1	13
OG0003185	2	1	1	4	1	1	1	1	1	13
OG0003186	2	1	0	2	1	2	3	1	1	13
OG0003187	4	0	5	2	0	2	0	0	0	13
OG0003188	2	1	1	2	1	1	2	2	1	13
OG0003189	2	1	2	2	1	1	2	1	1	13
OG0003190	2	1	0	2	1	1	3	2	1	13
OG0003191	2	1	2	3	1	1	1	1	1	13
OG0003192	2	1	1	2	3	1	1	1	1	13
OG0003193	2	1	0	6	1	1	0	1	1	13
OG0003194	1	1	3	1	1	1	3	1	1	13
OG0003195	2	2	1	1	2	1	0	2	2	13
OG0003196	2	1	1	1	2	1	3	1	1	13
OG0003197	2	1	3	3	0	1	1	1	1	13
OG0003198	2	1	3	1	1	1	1	2	1	13
OG0003199	2	1	3	2	1	1	1	1	1	13
OG0003200	1	1	3	2	2	1	1	1	1	13
OG0003201	2	1	1	4	0	1	2	1	1	13
OG0003202	2	1	1	4	1	1	1	1	1	13
OG0003203	1	1	3	2	1	1	2	1	1	13
OG0003204	1	1	4	2	1	1	1	1	1	13
OG0003205	1	1	1	5	1	1	1	1	1	13
OG0003206	6	0	4	2	0	1	0	0	0	13
OG0003207	2	1	1	4	1	1	1	1	1	13
OG0003208	2	1	2	2	2	1	1	1	1	13
OG0003209	1	1	1	5	1	1	0	2	1	13
OG0003210	2	1	1	1	2	1	3	1	1	13
OG0003211	1	1	1	4	1	1	2	1	1	13
OG0003212	2	1	2	3	1	1	1	1	1	13
OG0003213	5	1	4	0	1	0	0	1	1	13
OG0003214	2	1	1	1	1	1	4	1	1	13
OG0003215	2	1	2	3	1	1	1	1	1	13
OG0003216	2	1	4	1	1	1	1	1	1	13
OG0003217	1	0	1	0	0	1	10	0	0	13
OG0003218	9	0	4	0	0	0	0	0	0	13
OG0003219	2	1	0	4	1	1	2	1	1	13
OG0003220	1	1	1	4	1	1	2	1	1	13
OG0003221	2	1	0	2	1	1	4	1	1	13
OG0003222	2	1	2	2	1	1	2	1	1	13
OG0003223	2	1	2	1	1	2	1	1	2	13
OG0003224	1	1	3	2	1	1	1	2	1	13
OG0003225	2	1	3	2	1	1	1	1	1	13
OG0003226	2	1	2	1	1	1	3	1	1	13
OG0003227	2	1	2	2	1	1	2	1	1	13
OG0003228	2	1	1	2	1	2	2	1	1	13
OG0003229	2	1	1	5	1	1	0	1	1	13
OG0003230	13	0	0	0	0	0	0	0	0	13
OG0003231	2	1	1	4	1	1	1	1	1	13
OG0003232	3	1	5	0	1	0	1	1	1	13
OG0003233	2	1	4	1	1	1	1	1	1	13
OG0003234	2	1	1	3	1	1	2	1	1	13
OG0003235	2	1	5	1	1	1	0	1	1	13
OG0003236	2	1	1	3	1	1	1	2	1	13
OG0003237	2	1	2	4	1	1	0	1	1	13
OG0003238	1	1	2	4	1	1	1	1	1	13
OG0003239	1	1	0	6	1	1	1	1	1	13
OG0003240	2	1	2	2	1	1	2	1	1	13
OG0003241	2	1	4	1	1	1	1	1	1	13
OG0003242	2	1	3	1	1	2	1	1	1	13
OG0003243	5	0	8	0	0	0	0	0	0	13
OG0003244	1	1	1	3	2	1	2	1	1	13
OG0003245	3	0	6	0	0	4	0	0	0	13
OG0003246	2	1	3	1	2	1	1	1	1	13
OG0003247	2	1	2	1	1	3	1	1	1	13
OG0003248	2	1	2	3	1	1	1	1	1	13
OG0003249	2	2	1	3	1	2	0	1	1	13
OG0003250	1	1	2	4	2	0	1	1	1	13
OG0003251	2	1	1	1	2	1	3	1	1	13
OG0003252	2	1	1	3	1	1	2	1	1	13
OG0003253	10	0	3	0	0	0	0	0	0	13
OG0003254	2	1	2	3	1	1	1	1	1	13
OG0003255	2	1	0	5	1	1	1	1	1	13
OG0003256	2	1	5	1	0	1	1	1	1	13
OG0003257	2	1	1	4	1	1	1	1	1	13
OG0003258	3	1	2	1	1	2	1	1	1	13
OG0003259	2	1	0	3	2	1	2	1	1	13
OG0003260	2	0	2	8	0	1	0	0	0	13
OG0003261	1	1	1	5	1	1	1	1	1	13
OG0003262	2	1	0	5	1	1	1	1	1	13
OG0003263	2	1	1	4	1	1	1	1	1	13
OG0003264	2	1	2	1	1	1	1	2	2	13
OG0003265	5	0	3	0	0	1	4	0	0	13
OG0003266	2	2	1	3	1	1	1	1	1	13
OG0003267	2	1	2	3	1	1	1	1	1	13
OG0003268	10	0	3	0	0	0	0	0	0	13
OG0003269	2	1	1	4	1	1	1	1	1	13
OG0003270	4	1	4	0	1	1	0	1	1	13
OG0003271	4	0	2	5	0	2	0	0	0	13
OG0003272	1	1	1	4	1	1	2	1	1	13
OG0003273	2	1	3	2	1	1	1	1	1	13
OG0003274	2	1	2	3	1	1	1	1	1	13
OG0003275	2	1	0	4	2	1	1	1	1	13
OG0003276	2	1	4	1	1	1	1	1	1	13
OG0003277	2	1	0	6	1	1	0	1	1	13
OG0003278	2	1	2	3	1	1	1	1	1	13
OG0003279	2	1	4	1	1	1	1	1	1	13
OG0003280	2	1	1	4	1	1	1	1	1	13
OG0003281	2	1	1	5	1	0	1	1	1	13
OG0003282	5	0	0	0	0	8	0	0	0	13
OG0003283	2	0	2	0	0	9	0	0	0	13
OG0003284	2	1	1	1	1	1	3	2	1	13
OG0003285	10	0	2	0	0	1	0	0	0	13
OG0003286	2	1	2	3	1	1	1	1	1	13
OG0003287	1	1	1	6	1	1	0	1	1	13
OG0003288	2	2	0	1	2	1	0	3	2	13
OG0003289	2	0	0	10	0	1	0	0	0	13
OG0003290	2	1	1	4	1	1	1	1	1	13
OG0003291	2	1	1	2	1	1	2	2	1	13
OG0003292	1	1	0	5	2	1	1	1	1	13
OG0003293	4	0	5	0	0	4	0	0	0	13
OG0003294	2	1	4	3	0	0	1	1	1	13
OG0003295	2	1	2	3	1	1	1	1	1	13
OG0003296	3	2	0	0	2	2	1	1	2	13
OG0003297	2	1	3	2	1	1	1	1	1	13
OG0003298	2	1	2	2	1	1	1	2	1	13
OG0003299	2	1	2	1	1	1	2	2	1	13
OG0003300	3	1	3	1	1	2	0	1	1	13
OG0003301	2	2	0	1	2	1	1	2	2	13
OG0003302	2	2	0	2	1	1	0	3	2	13
OG0003303	1	1	1	2	2	1	1	2	2	13
OG0003304	2	1	2	3	1	1	1	1	1	13
OG0003305	1	1	1	4	1	1	2	1	1	13
OG0003306	2	1	1	4	1	1	1	1	1	13
OG0003307	2	1	2	4	0	1	1	1	1	13
OG0003308	2	1	0	3	1	1	3	1	1	13
OG0003309	2	1	2	3	1	1	1	1	1	13
OG0003310	2	1	2	4	1	1	0	1	1	13
OG0003311	1	1	1	6	1	1	0	1	1	13
OG0003312	2	1	2	3	1	1	1	1	1	13
OG0003313	3	1	3	2	0	1	1	1	1	13
OG0003314	2	1	3	2	0	1	2	1	1	13
OG0003315	2	1	1	4	1	1	1	1	1	13
OG0003316	3	1	3	1	1	1	1	1	1	13
OG0003317	2	1	2	4	1	1	0	1	1	13
OG0003318	2	1	1	4	1	1	1	1	1	13
OG0003319	2	1	2	1	1	1	2	2	1	13
OG0003320	2	1	4	1	1	1	1	1	1	13
OG0003321	2	1	2	3	1	1	1	1	1	13
OG0003322	2	1	2	2	1	1	2	1	1	13
OG0003323	1	1	2	4	1	1	1	1	1	13
OG0003324	2	2	1	2	2	1	1	1	1	13
OG0003325	2	1	1	4	1	1	1	1	1	13
OG0003326	2	1	2	3	1	1	1	1	1	13
OG0003327	2	1	3	3	1	1	0	1	1	13
OG0003328	2	1	3	2	1	1	1	1	1	13
OG0003329	2	1	2	1	1	1	2	2	1	13
OG0003330	2	1	1	4	1	1	1	1	1	13
OG0003331	1	1	0	4	1	1	3	1	1	13
OG0003332	4	0	3	2	0	3	1	0	0	13
OG0003333	2	1	3	1	1	1	2	1	1	13
OG0003334	2	1	3	2	1	1	1	1	1	13
OG0003335	1	1	1	4	1	2	1	1	1	13
OG0003336	1	2	0	2	2	1	1	2	2	13
OG0003337	2	1	1	4	1	1	1	1	1	13
OG0003338	2	1	1	2	1	2	2	1	1	13
OG0003339	5	0	2	0	0	6	0	0	0	13
OG0003340	1	1	1	4	1	1	2	1	1	13
OG0003341	1	1	3	1	1	1	1	2	2	13
OG0003342	1	1	1	3	1	1	3	1	1	13
OG0003343	1	1	2	3	1	1	1	2	1	13
OG0003344	1	1	1	4	1	1	1	2	1	13
OG0003345	2	1	2	3	1	1	1	1	1	13
OG0003346	3	1	1	2	2	2	1	0	1	13
OG0003347	1	2	1	3	1	1	2	1	1	13
OG0003348	3	1	2	2	1	1	1	1	1	13
OG0003349	1	0	8	1	0	1	2	0	0	13
OG0003350	2	1	1	2	1	1	3	1	1	13
OG0003351	1	1	2	2	1	1	2	2	1	13
OG0003352	2	1	2	2	1	2	1	1	1	13
OG0003353	2	1	1	3	1	2	1	1	1	13
OG0003354	2	1	2	3	1	1	1	1	1	13
OG0003355	2	1	1	1	1	1	4	1	1	13
OG0003356	1	1	2	1	1	1	4	1	1	13
OG0003357	1	1	2	4	1	1	1	1	1	13
OG0003358	1	0	2	5	0	2	3	0	0	13
OG0003359	1	1	1	3	1	1	2	2	1	13
OG0003360	1	1	4	2	1	1	1	1	1	13
OG0003361	2	1	1	4	1	1	1	1	1	13
OG0003362	2	1	1	4	1	1	1	1	1	13
OG0003363	2	0	3	4	0	2	2	0	0	13
OG0003364	2	1	2	4	1	1	0	1	1	13
OG0003365	1	1	1	5	1	1	1	1	1	13
OG0003366	2	1	2	2	1	1	1	2	1	13
OG0003367	2	1	2	2	1	1	2	1	1	13
OG0003368	2	1	0	5	1	1	0	2	1	13
OG0003369	2	1	2	3	1	1	1	1	1	13
OG0003370	2	1	2	3	1	1	1	1	1	13
OG0003371	1	1	2	4	1	1	1	1	1	13
OG0003372	1	1	2	1	1	3	2	1	1	13
OG0003373	1	1	2	3	1	1	1	2	1	13
OG0003374	1	1	2	4	1	1	1	1	1	13
OG0003375	2	1	1	4	1	1	1	1	1	13
OG0003376	2	1	0	4	1	1	2	1	1	13
OG0003377	2	1	2	4	1	0	1	1	1	13
OG0003378	2	1	1	4	1	1	1	1	1	13
OG0003379	2	1	2	1	1	2	1	2	1	13
OG0003380	1	1	1	5	1	2	1	0	1	13
OG0003381	2	1	1	4	1	1	1	1	1	13
OG0003382	5	0	1	6	0	1	0	0	0	13
OG0003383	2	0	4	1	0	6	0	0	0	13
OG0003384	2	0	4	0	0	7	0	0	0	13
OG0003385	2	1	3	2	1	1	1	1	1	13
OG0003386	2	1	1	2	1	2	2	1	1	13
OG0003387	2	1	1	3	1	2	1	1	1	13
OG0003388	2	1	3	1	1	1	2	1	1	13
OG0003389	2	1	1	5	1	1	0	1	1	13
OG0003390	2	0	2	0	0	3	6	0	0	13
OG0003391	2	1	1	4	1	1	1	1	1	13
OG0003392	2	1	1	4	1	1	1	1	1	13
OG0003393	2	0	2	8	0	1	0	0	0	13
OG0003394	1	2	2	1	1	2	0	2	2	13
OG0003395	2	0	5	0	0	2	1	3	0	13
OG0003396	2	1	4	1	1	1	1	1	1	13
OG0003397	2	1	2	2	1	2	1	1	1	13
OG0003398	2	1	2	3	1	1	2	1	0	13
OG0003399	2	1	1	3	1	1	2	1	1	13
OG0003400	3	2	0	0	3	1	0	2	2	13
OG0003401	2	1	3	1	1	1	2	1	1	13
OG0003402	2	1	2	3	1	1	1	1	1	13
OG0003403	2	1	0	5	1	1	1	1	1	13
OG0003404	2	1	1	4	1	1	1	1	1	13
OG0003405	2	1	1	2	1	1	2	2	1	13
OG0003406	2	1	0	5	1	1	1	1	1	13
OG0003407	2	1	2	3	1	2	0	1	1	13
OG0003408	2	1	1	1	1	4	1	1	1	13
OG0003409	2	1	1	4	1	1	1	1	1	13
OG0003410	2	1	4	1	1	1	1	1	1	13
OG0003411	1	1	1	5	1	1	1	1	1	13
OG0003412	2	1	1	2	3	1	1	1	1	13
OG0003413	1	1	2	3	1	1	2	1	1	13
OG0003414	2	2	0	0	3	1	1	2	2	13
OG0003415	1	0	11	0	0	1	0	0	0	13
OG0003416	2	1	2	3	1	1	1	1	1	13
OG0003417	1	1	1	5	1	1	1	1	1	13
OG0003418	2	1	1	2	1	1	1	2	2	13
OG0003419	2	1	3	1	1	2	2	0	1	13
OG0003420	1	1	2	2	2	2	1	1	1	13
OG0003421	2	1	1	4	1	1	1	1	1	13
OG0003422	1	1	2	4	1	1	1	1	1	13
OG0003423	2	1	1	3	1	1	2	1	1	13
OG0003424	2	1	1	4	1	1	1	1	1	13
OG0003425	2	1	3	3	1	1	0	1	1	13
OG0003426	1	0	1	9	0	1	1	0	0	13
OG0003427	1	1	1	4	1	2	0	2	1	13
OG0003428	2	1	0	4	1	1	2	1	1	13
OG0003429	2	2	0	1	2	1	1	2	2	13
OG0003430	3	1	1	1	1	1	3	1	1	13
OG0003431	1	1	0	6	1	1	1	1	1	13
OG0003432	6	0	3	0	0	4	0	0	0	13
OG0003433	2	1	2	4	1	1	0	1	1	13
OG0003434	1	1	2	2	1	2	2	1	1	13
OG0003435	2	1	2	1	1	1	1	2	2	13
OG0003436	2	1	2	2	1	1	2	1	1	13
OG0003437	2	1	1	5	1	1	1	1	0	13
OG0003438	2	1	1	3	2	1	1	1	1	13
OG0003439	2	1	4	2	1	1	0	1	1	13
OG0003440	1	1	2	1	1	1	1	3	2	13
OG0003441	2	1	3	2	1	1	1	1	1	13
OG0003442	2	1	2	3	1	0	2	1	1	13
OG0003443	2	1	4	1	1	1	1	1	1	13
OG0003444	2	1	3	2	1	1	1	1	1	13
OG0003445	2	1	0	5	1	1	1	1	1	13
OG0003446	2	1	0	5	1	1	1	1	1	13
OG0003447	1	1	1	2	1	1	4	1	1	13
OG0003448	2	1	2	2	1	1	2	1	1	13
OG0003449	2	1	1	4	1	1	1	1	1	13
OG0003450	4	1	1	3	1	1	0	1	1	13
OG0003451	2	1	4	1	1	1	1	1	1	13
OG0003452	2	1	1	2	1	2	2	1	1	13
OG0003453	1	1	2	3	2	1	1	1	1	13
OG0003454	2	1	1	4	1	1	1	1	1	13
OG0003455	2	1	2	3	1	1	1	1	1	13
OG0003456	2	1	1	4	1	1	1	1	1	13
OG0003457	2	1	2	3	1	1	1	1	1	13
OG0003458	1	1	1	5	1	1	1	1	1	13
OG0003459	2	1	1	3	1	2	1	1	1	13
OG0003460	2	1	1	4	1	1	1	1	1	13
OG0003461	2	1	1	2	1	3	1	1	1	13
OG0003462	2	1	1	3	1	1	2	1	1	13
OG0003463	2	1	3	2	1	1	1	1	1	13
OG0003464	1	1	3	3	1	1	1	1	1	13
OG0003465	2	1	2	2	1	1	2	1	1	13
OG0003466	2	1	2	2	1	2	1	1	1	13
OG0003467	6	0	0	7	0	0	0	0	0	13
OG0003468	2	1	1	4	1	1	1	1	1	13
OG0003469	2	1	2	2	1	1	2	1	1	13
OG0003470	2	1	1	4	1	1	1	1	1	13
OG0003471	1	1	0	5	1	1	2	1	1	13
OG0003472	2	1	3	2	1	1	1	1	1	13
OG0003473	2	1	1	2	1	1	2	2	1	13
OG0003474	2	0	1	9	0	1	0	0	0	13
OG0003475	2	1	1	4	1	2	0	1	1	13
OG0003476	2	0	4	3	1	1	0	1	1	13
OG0003477	1	1	4	2	1	1	1	1	1	13
OG0003478	3	1	1	3	1	1	1	1	1	13
OG0003479	2	1	2	1	2	1	2	1	1	13
OG0003480	2	1	3	3	1	1	0	1	1	13
OG0003481	2	1	1	2	1	2	2	1	1	13
OG0003482	1	1	2	3	1	1	1	2	1	13
OG0003483	2	1	1	5	1	1	1	0	1	13
OG0003484	2	1	1	3	1	1	2	1	1	13
OG0003485	2	1	1	4	1	1	1	1	1	13
OG0003486	2	1	1	4	1	1	1	1	1	13
OG0003487	2	1	2	3	1	1	1	1	1	13
OG0003488	2	1	1	4	1	1	1	1	1	13
OG0003489	2	1	2	2	1	1	2	1	1	13
OG0003490	1	1	1	6	1	0	1	1	1	13
OG0003491	2	1	4	1	1	1	1	1	1	13
OG0003492	2	1	2	3	1	1	1	1	1	13
OG0003493	1	1	1	4	2	1	1	1	1	13
OG0003494	2	1	2	2	1	1	2	1	1	13
OG0003495	2	1	4	1	1	1	1	1	1	13
OG0003496	2	1	2	2	1	1	1	2	1	13
OG0003497	2	1	5	1	1	1	0	1	1	13
OG0003498	2	1	1	4	1	1	1	1	1	13
OG0003499	2	1	1	4	1	1	1	1	1	13
OG0003500	2	1	3	1	1	1	1	2	1	13
OG0003501	1	1	1	3	1	1	3	1	1	13
OG0003502	2	1	1	2	1	1	3	1	1	13
OG0003503	2	1	0	3	1	2	2	1	1	13
OG0003504	2	1	3	1	1	2	1	1	1	13
OG0003505	2	0	1	8	0	1	1	0	0	13
OG0003506	2	1	1	1	1	1	1	2	3	13
OG0003507	1	1	1	1	5	1	1	1	1	13
OG0003508	2	1	2	1	1	3	1	1	1	13
OG0003509	1	1	2	4	1	1	1	1	1	13
OG0003510	2	1	3	2	1	1	1	1	1	13
OG0003511	2	1	4	1	1	1	1	1	1	13
OG0003512	2	1	2	3	1	1	1	1	1	13
OG0003513	2	0	1	8	0	1	1	0	0	13
OG0003514	2	1	2	4	0	1	1	1	1	13
OG0003515	2	1	1	4	1	1	1	1	1	13
OG0003516	1	1	1	3	1	2	2	1	1	13
OG0003517	1	1	0	4	1	1	3	1	1	13
OG0003518	0	1	0	7	1	1	1	1	1	13
OG0003519	0	1	0	2	5	1	2	1	1	13
OG0003520	0	2	1	3	2	1	0	2	2	13
OG0003521	0	6	0	0	3	0	0	3	1	13
OG0003522	0	3	0	0	3	1	0	3	3	13
OG0003523	0	1	0	7	1	1	1	1	1	13
OG0003524	0	1	1	6	1	1	1	1	1	13
OG0003525	0	4	0	0	0	0	0	4	5	13
OG0003526	0	1	0	9	0	0	1	1	1	13
OG0003527	0	2	0	4	2	1	0	2	2	13
OG0003528	0	1	1	5	1	1	2	1	1	13
OG0003529	0	1	0	4	1	3	2	1	1	13
OG0003530	0	2	1	1	2	2	1	2	2	13
OG0003531	0	1	0	1	1	1	7	1	1	13
OG0003532	0	1	1	6	0	1	2	1	1	13
OG0003533	0	2	2	0	3	2	0	2	2	13
OG0003534	0	1	2	5	1	1	1	1	1	13
OG0003535	0	1	0	7	1	1	1	1	1	13
OG0003536	0	3	0	0	3	0	1	3	3	13
OG0003537	0	1	0	1	1	0	1	4	5	13
OG0003538	0	1	1	6	1	1	1	1	1	13
OG0003539	0	2	0	0	5	0	0	3	3	13
OG0003540	0	1	1	6	1	1	1	1	1	13
OG0003541	0	3	0	0	0	0	0	5	5	13
OG0003542	0	3	0	0	4	0	0	3	3	13
OG0003543	0	1	2	4	1	1	2	1	1	13
OG0003544	0	1	0	7	1	1	1	1	1	13
OG0003545	0	1	0	0	10	0	0	1	1	13
OG0003546	0	1	1	6	1	1	1	1	1	13
OG0003547	0	1	1	1	1	3	3	2	1	13
OG0003548	0	2	0	0	6	0	0	2	3	13
OG0003549	0	1	2	4	1	1	2	1	1	13
OG0003550	0	1	1	6	1	1	1	1	1	13
OG0003551	0	1	0	5	1	2	2	1	1	13
OG0003552	0	0	13	0	0	0	0	0	0	13
OG0003553	0	0	7	0	0	0	6	0	0	13
OG0003554	0	0	13	0	0	0	0	0	0	13
OG0003555	0	0	13	0	0	0	0	0	0	13
OG0003556	0	0	8	0	0	5	0	0	0	13
OG0003557	0	0	12	0	0	0	1	0	0	13
OG0003558	0	0	13	0	0	0	0	0	0	13
OG0003559	0	0	11	0	0	2	0	0	0	13
OG0003560	0	0	1	11	0	1	0	0	0	13
OG0003561	0	0	13	0	0	0	0	0	0	13
OG0003562	0	0	13	0	0	0	0	0	0	13
OG0003563	0	0	2	0	0	0	11	0	0	13
OG0003564	0	0	13	0	0	0	0	0	0	13
OG0003565	0	0	13	0	0	0	0	0	0	13
OG0003566	0	0	0	13	0	0	0	0	0	13
OG0003567	0	0	0	13	0	0	0	0	0	13
OG0003568	0	0	0	13	0	0	0	0	0	13
OG0003569	0	0	0	13	0	0	0	0	0	13
OG0003570	0	0	0	13	0	0	0	0	0	13
OG0003571	0	0	0	13	0	0	0	0	0	13
OG0003572	0	0	0	13	0	0	0	0	0	13
OG0003573	0	0	0	13	0	0	0	0	0	13
OG0003574	0	0	0	13	0	0	0	0	0	13
OG0003575	0	0	0	13	0	0	0	0	0	13
OG0003576	0	0	0	13	0	0	0	0	0	13
OG0003577	0	0	0	13	0	0	0	0	0	13
OG0003578	0	0	0	13	0	0	0	0	0	13
OG0003579	0	0	0	13	0	0	0	0	0	13
OG0003580	0	0	0	13	0	0	0	0	0	13
OG0003581	0	0	0	3	0	3	7	0	0	13
OG0003582	0	0	0	13	0	0	0	0	0	13
OG0003583	0	0	0	13	0	0	0	0	0	13
OG0003584	0	0	0	13	0	0	0	0	0	13
OG0003585	0	0	0	13	0	0	0	0	0	13
OG0003586	0	0	0	13	0	0	0	0	0	13
OG0003587	0	0	0	13	0	0	0	0	0	13
OG0003588	0	0	0	13	0	0	0	0	0	13
OG0003589	0	0	0	13	0	0	0	0	0	13
OG0003590	0	0	0	13	0	0	0	0	0	13
OG0003591	0	0	0	13	0	0	0	0	0	13
OG0003592	0	0	0	13	0	0	0	0	0	13
OG0003593	0	0	0	0	0	13	0	0	0	13
OG0003594	0	0	0	0	0	13	0	0	0	13
OG0003595	0	0	0	0	0	8	5	0	0	13
OG0003596	6	0	4	0	0	2	0	0	0	12
OG0003597	1	2	1	1	2	1	0	2	2	12
OG0003598	2	1	0	2	1	3	1	1	1	12
OG0003599	2	1	1	3	1	1	1	1	1	12
OG0003600	3	2	1	1	1	1	1	1	1	12
OG0003601	2	1	1	1	1	1	3	1	1	12
OG0003602	2	1	2	1	0	1	1	2	2	12
OG0003603	2	1	1	3	1	1	1	1	1	12
OG0003604	2	0	0	9	0	1	0	0	0	12
OG0003605	2	1	2	3	0	1	1	1	1	12
OG0003606	2	1	2	2	1	1	1	1	1	12
OG0003607	2	1	1	2	2	1	1	1	1	12
OG0003608	1	1	1	3	1	1	1	2	1	12
OG0003609	2	1	2	2	1	1	1	1	1	12
OG0003610	2	0	0	10	0	0	0	0	0	12
OG0003611	1	1	2	2	1	1	2	1	1	12
OG0003612	2	1	2	2	0	1	2	1	1	12
OG0003613	11	0	0	0	0	1	0	0	0	12
OG0003614	2	1	1	3	1	1	1	1	1	12
OG0003615	2	1	0	3	1	2	1	1	1	12
OG0003616	12	0	0	0	0	0	0	0	0	12
OG0003617	2	1	3	1	1	1	1	1	1	12
OG0003618	2	1	2	1	0	1	3	1	1	12
OG0003619	2	1	0	3	1	2	1	1	1	12
OG0003620	3	1	1	1	1	1	2	1	1	12
OG0003621	2	1	1	4	1	1	0	1	1	12
OG0003622	12	0	0	0	0	0	0	0	0	12
OG0003623	12	0	0	0	0	0	0	0	0	12
OG0003624	12	0	0	0	0	0	0	0	0	12
OG0003625	1	1	2	3	1	1	1	1	1	12
OG0003626	2	1	2	1	1	2	1	1	1	12
OG0003627	2	1	1	3	1	1	1	1	1	12
OG0003628	2	1	2	1	1	1	2	1	1	12
OG0003629	1	1	0	5	1	1	1	1	1	12
OG0003630	2	1	1	2	1	1	2	1	1	12
OG0003631	1	1	2	2	1	1	2	1	1	12
OG0003632	2	1	2	2	1	1	1	1	1	12
OG0003633	2	1	1	2	1	1	2	1	1	12
OG0003634	2	1	2	1	1	1	2	1	1	12
OG0003635	2	1	1	2	1	1	2	1	1	12
OG0003636	2	1	1	2	1	1	1	2	1	12
OG0003637	2	1	0	3	2	1	1	1	1	12
OG0003638	2	1	1	4	0	0	2	1	1	12
OG0003639	1	2	1	0	2	0	1	3	2	12
OG0003640	2	1	1	3	1	1	1	1	1	12
OG0003641	1	1	2	2	1	2	1	1	1	12
OG0003642	2	1	1	2	1	1	1	2	1	12
OG0003643	2	1	1	2	1	1	1	2	1	12
OG0003644	2	1	3	1	1	1	1	1	1	12
OG0003645	2	1	2	2	1	1	1	1	1	12
OG0003646	1	1	3	2	1	1	1	1	1	12
OG0003647	2	1	0	2	2	1	1	2	1	12
OG0003648	1	1	1	4	1	1	1	1	1	12
OG0003649	2	1	0	4	1	1	1	1	1	12
OG0003650	1	1	1	4	1	1	1	1	1	12
OG0003651	2	1	1	1	1	2	2	1	1	12
OG0003652	2	1	1	1	1	1	3	1	1	12
OG0003653	2	1	2	1	1	1	2	1	1	12
OG0003654	1	1	1	4	1	1	1	1	1	12
OG0003655	2	1	2	2	1	1	1	1	1	12
OG0003656	4	0	2	1	0	5	0	0	0	12
OG0003657	2	1	1	4	1	1	0	1	1	12
OG0003658	2	1	2	2	1	1	1	1	1	12
OG0003659	2	1	2	1	1	1	2	1	1	12
OG0003660	2	2	1	1	2	1	1	1	1	12
OG0003661	2	1	2	2	1	1	1	1	1	12
OG0003662	2	1	2	1	1	1	1	2	1	12
OG0003663	2	1	1	3	1	1	1	1	1	12
OG0003664	2	1	3	1	1	1	1	1	1	12
OG0003665	1	1	1	3	1	1	2	1	1	12
OG0003666	2	1	1	2	1	2	1	1	1	12
OG0003667	1	1	4	1	1	1	1	1	1	12
OG0003668	2	1	1	3	1	1	1	1	1	12
OG0003669	2	0	3	5	0	0	2	0	0	12
OG0003670	2	1	1	3	1	1	1	1	1	12
OG0003671	2	1	4	1	1	1	0	1	1	12
OG0003672	2	1	2	1	1	1	2	1	1	12
OG0003673	1	1	0	5	1	1	1	1	1	12
OG0003674	2	1	0	1	2	1	3	1	1	12
OG0003675	1	1	3	2	1	2	0	1	1	12
OG0003676	12	0	0	0	0	0	0	0	0	12
OG0003677	2	1	2	2	1	1	1	1	1	12
OG0003678	2	1	2	2	1	1	1	1	1	12
OG0003679	2	1	1	2	1	2	1	1	1	12
OG0003680	2	1	0	4	1	1	1	1	1	12
OG0003681	12	0	0	0	0	0	0	0	0	12
OG0003682	3	1	2	1	1	2	0	1	1	12
OG0003683	1	1	1	2	3	1	1	1	1	12
OG0003684	2	1	1	4	0	1	1	1	1	12
OG0003685	2	1	3	2	0	1	1	1	1	12
OG0003686	1	1	1	4	1	1	1	1	1	12
OG0003687	2	1	2	2	2	1	1	0	1	12
OG0003688	2	1	2	2	1	1	1	1	1	12
OG0003689	4	4	2	0	0	1	0	1	0	12
OG0003690	1	1	1	4	1	1	1	1	1	12
OG0003691	2	1	0	3	1	1	2	1	1	12
OG0003692	2	1	3	1	1	1	1	1	1	12
OG0003693	12	0	0	0	0	0	0	0	0	12
OG0003694	2	1	2	2	1	1	1	1	1	12
OG0003695	2	1	2	2	1	1	1	1	1	12
OG0003696	3	0	8	0	0	1	0	0	0	12
OG0003697	2	1	1	1	1	2	1	2	1	12
OG0003698	1	2	2	0	2	1	0	2	2	12
OG0003699	1	1	2	2	2	1	1	1	1	12
OG0003700	2	1	1	2	1	1	2	1	1	12
OG0003701	2	1	2	2	1	1	1	1	1	12
OG0003702	2	1	2	1	1	1	2	1	1	12
OG0003703	2	1	2	2	1	1	1	1	1	12
OG0003704	2	1	1	1	1	3	1	1	1	12
OG0003705	2	1	1	3	1	1	1	1	1	12
OG0003706	2	1	2	3	1	1	0	1	1	12
OG0003707	1	1	0	5	1	1	1	1	1	12
OG0003708	2	1	2	2	1	1	1	1	1	12
OG0003709	2	1	2	3	1	1	0	1	1	12
OG0003710	2	1	0	1	1	1	3	2	1	12
OG0003711	2	1	1	3	1	0	1	2	1	12
OG0003712	1	1	1	2	1	1	0	3	2	12
OG0003713	1	1	3	2	1	1	1	1	1	12
OG0003714	12	0	0	0	0	0	0	0	0	12
OG0003715	1	1	2	3	1	1	1	1	1	12
OG0003716	3	1	0	3	1	1	1	1	1	12
OG0003717	2	1	1	2	1	2	1	1	1	12
OG0003718	2	1	3	1	1	1	1	1	1	12
OG0003719	2	1	3	1	1	1	1	1	1	12
OG0003720	2	1	2	1	1	2	1	1	1	12
OG0003721	1	1	2	3	1	1	1	1	1	12
OG0003722	2	0	0	7	0	2	1	0	0	12
OG0003723	2	1	2	2	1	1	1	1	1	12
OG0003724	1	1	3	1	1	1	2	1	1	12
OG0003725	2	1	2	2	1	2	0	0	2	12
OG0003726	2	1	3	2	1	1	0	1	1	12
OG0003727	2	1	2	3	0	1	1	1	1	12
OG0003728	2	1	3	1	1	1	1	1	1	12
OG0003729	2	1	2	2	1	1	1	1	1	12
OG0003730	2	1	1	3	1	1	1	1	1	12
OG0003731	2	1	1	3	1	1	1	1	1	12
OG0003732	2	1	0	4	1	1	1	1	1	12
OG0003733	2	1	1	3	1	1	1	1	1	12
OG0003734	2	1	1	3	1	1	1	1	1	12
OG0003735	2	2	0	4	1	1	0	1	1	12
OG0003736	2	0	2	5	0	2	1	0	0	12
OG0003737	2	1	1	4	1	1	0	1	1	12
OG0003738	2	1	1	4	1	1	0	1	1	12
OG0003739	2	0	4	4	0	1	1	0	0	12
OG0003740	2	1	2	3	1	0	1	1	1	12
OG0003741	1	1	2	4	1	0	1	1	1	12
OG0003742	1	1	2	5	0	1	0	1	1	12
OG0003743	2	1	2	2	1	1	1	1	1	12
OG0003744	4	0	6	0	0	0	2	0	0	12
OG0003745	2	1	1	2	1	1	2	1	1	12
OG0003746	1	1	1	4	1	1	1	1	1	12
OG0003747	2	1	2	1	2	1	1	1	1	12
OG0003748	2	1	2	1	1	1	2	1	1	12
OG0003749	2	1	2	2	1	1	1	1	1	12
OG0003750	2	1	1	3	1	1	1	1	1	12
OG0003751	2	1	2	2	1	1	1	1	1	12
OG0003752	2	1	0	4	1	1	1	1	1	12
OG0003753	2	1	2	2	1	1	1	1	1	12
OG0003754	2	1	2	1	1	1	2	1	1	12
OG0003755	2	1	1	3	1	1	1	1	1	12
OG0003756	2	1	3	1	1	1	1	1	1	12
OG0003757	2	1	2	2	1	1	1	1	1	12
OG0003758	1	1	1	2	0	2	1	2	2	12
OG0003759	2	1	1	2	1	1	2	1	1	12
OG0003760	10	0	1	0	0	1	0	0	0	12
OG0003761	2	0	2	2	0	5	1	0	0	12
OG0003762	2	1	0	5	1	1	0	1	1	12
OG0003763	2	1	2	2	1	1	1	1	1	12
OG0003764	2	1	1	3	1	1	1	1	1	12
OG0003765	1	1	2	3	1	1	1	1	1	12
OG0003766	1	1	3	1	1	1	2	1	1	12
OG0003767	1	1	1	4	1	1	1	1	1	12
OG0003768	2	1	2	2	1	1	1	1	1	12
OG0003769	2	1	2	1	1	1	2	1	1	12
OG0003770	2	1	0	1	1	2	1	2	2	12
OG0003771	1	1	1	4	1	1	1	1	1	12
OG0003772	1	1	3	2	1	1	1	1	1	12
OG0003773	2	1	2	2	1	1	1	1	1	12
OG0003774	1	1	2	3	1	1	1	1	1	12
OG0003775	2	1	0	4	1	1	1	1	1	12
OG0003776	2	1	2	2	1	1	1	1	1	12
OG0003777	1	1	2	1	1	3	1	1	1	12
OG0003778	1	1	1	3	0	2	2	1	1	12
OG0003779	2	1	1	3	1	1	1	1	1	12
OG0003780	2	1	2	0	0	5	0	1	1	12
OG0003781	12	0	0	0	0	0	0	0	0	12
OG0003782	2	1	0	4	1	1	1	1	1	12
OG0003783	12	0	0	0	0	0	0	0	0	12
OG0003784	2	1	1	3	1	1	1	1	1	12
OG0003785	2	1	1	3	1	1	1	1	1	12
OG0003786	4	0	2	3	0	2	1	0	0	12
OG0003787	2	1	1	3	1	1	1	1	1	12
OG0003788	2	1	0	4	1	1	1	1	1	12
OG0003789	1	1	0	4	1	2	1	1	1	12
OG0003790	2	1	2	3	1	1	0	1	1	12
OG0003791	2	1	0	1	1	1	4	1	1	12
OG0003792	2	1	2	2	1	1	1	1	1	12
OG0003793	2	1	2	1	1	1	2	1	1	12
OG0003794	2	1	0	2	1	1	3	1	1	12
OG0003795	1	1	2	2	1	1	2	1	1	12
OG0003796	2	1	2	1	1	1	2	1	1	12
OG0003797	2	1	1	3	1	1	1	1	1	12
OG0003798	1	1	1	5	1	1	0	1	1	12
OG0003799	2	1	2	2	1	1	1	1	1	12
OG0003800	2	1	2	2	1	1	1	1	1	12
OG0003801	2	1	3	1	1	1	1	1	1	12
OG0003802	2	1	3	1	1	2	0	1	1	12
OG0003803	2	1	1	1	1	3	1	1	1	12
OG0003804	2	1	2	1	1	1	2	1	1	12
OG0003805	1	1	2	3	1	1	1	1	1	12
OG0003806	2	1	1	3	1	1	1	1	1	12
OG0003807	2	1	2	1	2	1	1	1	1	12
OG0003808	1	1	1	3	1	1	2	1	1	12
OG0003809	2	1	0	4	1	1	1	1	1	12
OG0003810	2	0	3	4	0	3	0	0	0	12
OG0003811	4	0	1	4	0	2	1	0	0	12
OG0003812	2	1	1	2	1	1	1	2	1	12
OG0003813	2	1	2	2	1	1	1	1	1	12
OG0003814	1	1	1	4	1	1	1	1	1	12
OG0003815	2	1	2	2	1	1	1	1	1	12
OG0003816	2	1	2	1	1	1	1	1	2	12
OG0003817	1	1	3	2	1	1	1	1	1	12
OG0003818	2	1	2	3	1	1	0	1	1	12
OG0003819	2	1	2	1	1	1	2	1	1	12
OG0003820	2	0	2	6	0	1	1	0	0	12
OG0003821	2	1	2	2	1	1	1	1	1	12
OG0003822	2	1	1	3	1	1	1	1	1	12
OG0003823	1	0	1	10	0	0	0	0	0	12
OG0003824	2	1	1	3	1	1	1	1	1	12
OG0003825	2	1	4	1	0	1	1	1	1	12
OG0003826	3	1	1	2	1	1	1	1	1	12
OG0003827	1	1	0	5	1	1	1	1	1	12
OG0003828	2	1	3	1	1	1	1	1	1	12
OG0003829	2	1	3	1	1	1	1	1	1	12
OG0003830	2	1	2	1	1	1	1	1	2	12
OG0003831	1	1	1	3	1	1	2	1	1	12
OG0003832	2	1	3	2	0	1	1	1	1	12
OG0003833	2	1	1	3	1	1	1	1	1	12
OG0003834	1	1	1	3	1	1	2	1	1	12
OG0003835	2	1	2	2	1	1	1	1	1	12
OG0003836	2	1	1	0	1	1	2	3	1	12
OG0003837	3	0	7	0	0	1	1	0	0	12
OG0003838	2	1	1	3	1	1	1	1	1	12
OG0003839	1	1	2	2	1	1	2	1	1	12
OG0003840	2	1	1	4	1	0	1	1	1	12
OG0003841	2	1	2	2	1	1	1	1	1	12
OG0003842	12	0	0	0	0	0	0	0	0	12
OG0003843	2	1	1	3	1	1	1	1	1	12
OG0003844	1	2	1	1	0	1	0	3	3	12
OG0003845	2	1	2	1	2	1	1	1	1	12
OG0003846	2	1	1	2	1	1	2	1	1	12
OG0003847	2	1	2	2	1	1	1	1	1	12
OG0003848	2	1	2	2	1	1	1	1	1	12
OG0003849	2	1	1	4	1	1	0	1	1	12
OG0003850	2	0	0	9	0	0	1	0	0	12
OG0003851	1	1	1	4	1	2	0	1	1	12
OG0003852	2	1	1	1	1	1	3	1	1	12
OG0003853	2	1	1	4	0	1	1	1	1	12
OG0003854	2	1	1	2	1	1	2	1	1	12
OG0003855	2	1	1	2	1	1	2	1	1	12
OG0003856	2	1	1	3	1	1	1	1	1	12
OG0003857	2	1	1	4	0	1	1	1	1	12
OG0003858	2	1	2	1	1	1	2	1	1	12
OG0003859	2	2	0	1	3	1	1	1	1	12
OG0003860	2	1	3	1	1	1	1	1	1	12
OG0003861	2	1	2	2	1	1	1	1	1	12
OG0003862	3	1	1	2	1	1	0	2	1	12
OG0003863	2	1	2	2	1	1	1	1	1	12
OG0003864	2	1	2	1	1	2	1	1	1	12
OG0003865	2	2	1	1	2	1	1	1	1	12
OG0003866	2	1	2	2	1	1	1	1	1	12
OG0003867	2	1	1	3	1	1	1	1	1	12
OG0003868	2	1	1	3	1	1	1	1	1	12
OG0003869	1	1	3	2	1	1	1	1	1	12
OG0003870	3	0	1	4	0	2	2	0	0	12
OG0003871	2	1	1	3	1	1	1	1	1	12
OG0003872	2	1	1	3	1	1	1	1	1	12
OG0003873	2	1	2	2	1	1	1	1	1	12
OG0003874	2	0	2	7	0	1	0	0	0	12
OG0003875	2	1	2	2	1	1	1	1	1	12
OG0003876	4	0	2	3	0	2	1	0	0	12
OG0003877	2	1	0	4	1	1	1	1	1	12
OG0003878	2	1	3	2	1	1	0	1	1	12
OG0003879	2	1	2	1	2	1	1	1	1	12
OG0003880	2	1	2	3	1	1	0	1	1	12
OG0003881	1	1	0	5	1	1	1	1	1	12
OG0003882	2	1	1	3	1	1	1	1	1	12
OG0003883	2	1	0	2	1	1	3	1	1	12
OG0003884	1	1	0	2	2	1	1	2	2	12
OG0003885	2	1	1	2	1	2	0	2	1	12
OG0003886	2	1	2	1	1	1	2	1	1	12
OG0003887	2	1	1	3	1	1	1	1	1	12
OG0003888	1	1	2	3	1	1	1	1	1	12
OG0003889	1	1	4	1	1	1	1	1	1	12
OG0003890	2	1	2	1	0	1	3	1	1	12
OG0003891	1	1	1	5	0	1	1	1	1	12
OG0003892	2	1	0	3	1	1	2	1	1	12
OG0003893	1	0	3	2	1	1	2	1	1	12
OG0003894	1	1	1	4	1	1	1	1	1	12
OG0003895	2	1	2	1	1	1	2	1	1	12
OG0003896	1	1	1	2	1	1	3	1	1	12
OG0003897	2	1	3	1	1	1	1	1	1	12
OG0003898	1	1	1	2	1	3	1	1	1	12
OG0003899	2	1	2	2	1	1	1	1	1	12
OG0003900	2	2	0	2	2	1	1	1	1	12
OG0003901	2	1	2	2	1	1	1	1	1	12
OG0003902	2	0	1	0	0	9	0	0	0	12
OG0003903	2	0	6	3	0	1	0	0	0	12
OG0003904	2	1	1	3	1	1	1	1	1	12
OG0003905	2	1	1	2	1	2	1	1	1	12
OG0003906	2	1	2	2	1	1	1	1	1	12
OG0003907	2	1	1	3	1	1	1	1	1	12
OG0003908	2	1	2	1	1	1	1	2	1	12
OG0003909	2	1	3	1	1	1	1	1	1	12
OG0003910	2	1	1	2	1	1	1	2	1	12
OG0003911	2	1	2	2	1	1	1	1	1	12
OG0003912	2	1	2	1	1	1	2	1	1	12
OG0003913	1	1	2	3	1	1	1	1	1	12
OG0003914	2	1	2	2	1	1	1	1	1	12
OG0003915	1	1	1	4	1	1	1	1	1	12
OG0003916	2	1	1	1	1	3	1	1	1	12
OG0003917	1	1	0	6	1	1	1	0	1	12
OG0003918	2	1	2	0	1	1	2	2	1	12
OG0003919	1	1	3	1	1	1	2	1	1	12
OG0003920	1	0	4	3	0	3	1	0	0	12
OG0003921	4	1	1	0	1	1	2	1	1	12
OG0003922	2	1	3	2	1	1	1	0	1	12
OG0003923	2	1	1	4	1	1	0	1	1	12
OG0003924	2	1	3	2	1	1	0	1	1	12
OG0003925	2	1	1	3	1	1	1	1	1	12
OG0003926	1	1	1	4	1	1	1	1	1	12
OG0003927	2	0	0	6	0	2	2	0	0	12
OG0003928	2	1	2	2	1	1	1	1	1	12
OG0003929	1	1	2	2	2	1	1	1	1	12
OG0003930	2	1	1	2	1	1	1	2	1	12
OG0003931	3	1	2	1	2	1	0	1	1	12
OG0003932	1	0	5	0	0	6	0	0	0	12
OG0003933	2	1	2	2	1	1	1	1	1	12
OG0003934	2	1	1	1	1	4	0	1	1	12
OG0003935	2	1	2	1	1	1	2	1	1	12
OG0003936	1	1	5	1	1	1	0	1	1	12
OG0003937	2	1	1	3	1	1	1	1	1	12
OG0003938	2	1	1	3	1	1	1	1	1	12
OG0003939	2	1	3	1	1	1	1	1	1	12
OG0003940	2	1	2	2	1	1	1	1	1	12
OG0003941	2	1	2	1	1	1	2	1	1	12
OG0003942	2	0	7	0	0	3	0	0	0	12
OG0003943	2	1	1	4	0	1	1	1	1	12
OG0003944	1	1	3	2	1	1	1	1	1	12
OG0003945	2	1	1	4	0	1	1	1	1	12
OG0003946	1	1	1	1	1	1	4	1	1	12
OG0003947	2	1	1	3	1	1	1	1	1	12
OG0003948	4	0	2	2	0	3	1	0	0	12
OG0003949	2	1	1	2	1	1	2	1	1	12
OG0003950	2	2	1	2	1	1	1	1	1	12
OG0003951	3	5	0	0	2	0	0	1	1	12
OG0003952	5	0	4	0	0	3	0	0	0	12
OG0003953	3	1	2	2	0	1	1	1	1	12
OG0003954	2	1	1	3	1	1	1	1	1	12
OG0003955	2	1	1	3	1	1	1	1	1	12
OG0003956	1	1	1	4	1	1	1	1	1	12
OG0003957	2	1	3	1	1	1	1	1	1	12
OG0003958	2	1	2	1	2	1	1	1	1	12
OG0003959	2	1	0	2	1	1	3	1	1	12
OG0003960	2	1	2	2	1	1	1	1	1	12
OG0003961	2	1	1	4	1	1	0	1	1	12
OG0003962	2	1	1	2	1	1	2	1	1	12
OG0003963	4	0	1	1	0	6	0	0	0	12
OG0003964	1	1	1	4	1	1	1	1	1	12
OG0003965	1	1	0	1	1	1	5	1	1	12
OG0003966	2	1	4	1	1	1	0	1	1	12
OG0003967	2	1	1	3	1	1	1	1	1	12
OG0003968	1	2	1	3	1	1	1	1	1	12
OG0003969	1	1	2	1	1	1	3	1	1	12
OG0003970	2	1	1	3	1	1	1	1	1	12
OG0003971	2	1	1	1	1	1	2	2	1	12
OG0003972	2	1	1	1	1	1	3	1	1	12
OG0003973	2	1	2	2	1	1	1	1	1	12
OG0003974	2	1	4	0	2	1	0	1	1	12
OG0003975	1	1	2	3	1	1	1	1	1	12
OG0003976	2	1	1	2	1	2	1	1	1	12
OG0003977	2	1	1	3	1	1	1	1	1	12
OG0003978	1	1	2	3	1	1	1	1	1	12
OG0003979	2	1	1	4	1	0	1	1	1	12
OG0003980	2	1	2	2	1	1	1	1	1	12
OG0003981	2	1	2	1	2	1	1	1	1	12
OG0003982	2	1	3	1	1	1	1	1	1	12
OG0003983	1	1	4	1	1	1	1	1	1	12
OG0003984	2	1	1	2	1	1	1	2	1	12
OG0003985	2	1	2	1	1	1	2	1	1	12
OG0003986	2	1	1	3	1	1	1	1	1	12
OG0003987	2	1	3	1	1	1	1	1	1	12
OG0003988	1	0	11	0	0	0	0	0	0	12
OG0003989	2	1	3	1	1	1	1	1	1	12
OG0003990	1	1	2	3	1	1	1	1	1	12
OG0003991	2	1	2	1	1	2	1	1	1	12
OG0003992	2	0	8	1	0	1	0	0	0	12
OG0003993	2	1	2	2	1	1	1	1	1	12
OG0003994	3	1	1	2	1	2	0	1	1	12
OG0003995	2	1	1	3	1	1	1	1	1	12
OG0003996	2	1	1	3	1	1	1	1	1	12
OG0003997	2	1	1	3	1	1	1	1	1	12
OG0003998	1	1	1	5	0	1	1	1	1	12
OG0003999	2	1	1	3	1	1	1	1	1	12
OG0004000	2	1	2	2	1	1	1	1	1	12
OG0004001	1	1	1	4	1	1	1	1	1	12
OG0004002	3	1	2	1	1	1	1	1	1	12
OG0004003	2	1	4	1	1	1	1	0	1	12
OG0004004	2	1	3	1	1	1	1	1	1	12
OG0004005	2	1	1	3	1	1	1	1	1	12
OG0004006	1	1	1	4	1	1	1	1	1	12
OG0004007	1	1	0	4	1	3	0	1	1	12
OG0004008	2	1	3	1	1	1	1	1	1	12
OG0004009	2	1	4	1	1	1	0	1	1	12
OG0004010	2	1	2	1	2	1	1	1	1	12
OG0004011	2	1	2	1	1	1	2	1	1	12
OG0004012	2	1	2	2	1	1	1	1	1	12
OG0004013	1	1	4	1	1	1	1	1	1	12
OG0004014	1	0	1	8	0	2	0	0	0	12
OG0004015	2	1	2	1	1	1	2	1	1	12
OG0004016	1	1	2	2	1	2	1	1	1	12
OG0004017	2	1	1	4	1	1	0	1	1	12
OG0004018	2	1	1	1	2	2	1	1	1	12
OG0004019	2	1	2	2	1	1	1	1	1	12
OG0004020	2	1	3	1	1	1	1	1	1	12
OG0004021	2	1	2	2	1	1	1	1	1	12
OG0004022	2	1	2	1	1	1	1	2	1	12
OG0004023	1	1	1	4	1	1	1	1	1	12
OG0004024	1	1	1	3	1	1	2	1	1	12
OG0004025	2	1	0	4	1	1	1	1	1	12
OG0004026	1	1	2	2	1	1	2	1	1	12
OG0004027	2	1	3	1	2	1	0	1	1	12
OG0004028	2	1	1	1	3	1	1	1	1	12
OG0004029	2	1	3	1	1	1	1	1	1	12
OG0004030	1	1	1	3	1	1	2	1	1	12
OG0004031	2	1	3	1	1	1	1	1	1	12
OG0004032	1	1	2	0	1	1	4	1	1	12
OG0004033	2	1	1	1	3	1	1	1	1	12
OG0004034	2	1	1	3	1	1	1	1	1	12
OG0004035	1	1	3	2	1	1	1	1	1	12
OG0004036	2	1	2	2	1	1	1	1	1	12
OG0004037	4	0	8	0	0	0	0	0	0	12
OG0004038	2	1	2	2	1	1	1	1	1	12
OG0004039	2	1	2	1	1	1	2	1	1	12
OG0004040	2	1	1	3	1	1	1	1	1	12
OG0004041	2	1	2	1	1	1	2	1	1	12
OG0004042	1	1	2	3	1	1	1	1	1	12
OG0004043	1	1	3	1	2	1	1	1	1	12
OG0004044	2	1	0	3	1	1	2	1	1	12
OG0004045	1	1	1	2	2	1	2	1	1	12
OG0004046	2	1	3	2	1	1	1	0	1	12
OG0004047	2	1	2	2	1	1	1	1	1	12
OG0004048	2	1	3	2	1	1	1	0	1	12
OG0004049	2	1	1	3	1	1	1	1	1	12
OG0004050	2	1	1	3	1	1	1	1	1	12
OG0004051	2	1	2	2	1	1	1	1	1	12
OG0004052	2	1	1	2	1	1	2	1	1	12
OG0004053	2	1	1	1	1	1	3	1	1	12
OG0004054	2	1	1	3	1	1	1	1	1	12
OG0004055	2	1	1	3	1	1	1	1	1	12
OG0004056	1	2	1	1	2	0	1	2	2	12
OG0004057	2	1	1	3	1	1	1	1	1	12
OG0004058	2	1	2	1	1	1	1	1	2	12
OG0004059	1	1	2	3	1	1	0	2	1	12
OG0004060	2	1	1	3	1	1	1	1	1	12
OG0004061	2	1	2	0	1	2	2	1	1	12
OG0004062	2	0	0	9	0	1	0	0	0	12
OG0004063	2	1	3	2	1	1	0	1	1	12
OG0004064	2	1	3	0	1	1	2	1	1	12
OG0004065	2	1	1	3	1	1	1	1	1	12
OG0004066	2	1	1	2	1	1	1	2	1	12
OG0004067	2	1	2	2	1	1	1	1	1	12
OG0004068	2	1	2	2	1	1	1	1	1	12
OG0004069	1	1	3	1	1	1	1	2	1	12
OG0004070	2	1	2	2	1	1	1	1	1	12
OG0004071	1	1	1	3	1	1	2	1	1	12
OG0004072	2	1	1	2	1	2	1	1	1	12
OG0004073	2	1	0	4	1	1	1	1	1	12
OG0004074	2	1	1	2	1	1	2	1	1	12
OG0004075	2	1	2	2	1	1	1	1	1	12
OG0004076	2	1	3	1	1	1	1	1	1	12
OG0004077	1	1	2	3	1	1	1	1	1	12
OG0004078	1	1	1	0	1	3	3	1	1	12
OG0004079	1	1	1	4	1	1	2	1	0	12
OG0004080	1	1	1	2	1	2	2	1	1	12
OG0004081	2	1	3	1	1	1	1	1	1	12
OG0004082	2	1	0	0	1	4	2	1	1	12
OG0004083	2	1	2	2	1	1	1	1	1	12
OG0004084	2	1	2	1	1	1	2	1	1	12
OG0004085	3	1	0	2	1	1	2	1	1	12
OG0004086	2	1	0	3	1	0	0	3	2	12
OG0004087	2	1	2	1	1	2	1	1	1	12
OG0004088	2	1	1	2	1	1	2	1	1	12
OG0004089	2	1	1	1	1	3	1	1	1	12
OG0004090	1	1	1	3	1	1	2	1	1	12
OG0004091	1	1	3	1	1	1	2	1	1	12
OG0004092	2	1	1	3	1	1	1	1	1	12
OG0004093	2	1	3	1	1	1	1	1	1	12
OG0004094	1	2	2	2	1	1	1	1	1	12
OG0004095	1	1	1	4	1	1	1	1	1	12
OG0004096	2	1	2	1	1	2	1	1	1	12
OG0004097	2	1	2	2	1	1	1	1	1	12
OG0004098	2	1	1	3	1	1	1	1	1	12
OG0004099	2	1	2	2	1	1	1	1	1	12
OG0004100	2	1	2	1	1	1	2	1	1	12
OG0004101	1	1	4	2	1	1	0	1	1	12
OG0004102	2	1	3	1	1	1	1	1	1	12
OG0004103	2	1	2	2	1	1	1	1	1	12
OG0004104	2	1	0	4	1	1	1	1	1	12
OG0004105	3	0	0	8	0	1	0	0	0	12
OG0004106	2	1	2	2	1	1	1	1	1	12
OG0004107	2	1	1	1	2	1	1	2	1	12
OG0004108	2	1	3	1	1	1	1	1	1	12
OG0004109	2	1	4	1	1	0	1	1	1	12
OG0004110	2	1	2	2	1	1	1	1	1	12
OG0004111	2	0	5	2	0	2	1	0	0	12
OG0004112	2	2	1	2	1	1	1	1	1	12
OG0004113	2	1	2	3	1	1	0	1	1	12
OG0004114	1	1	1	4	1	1	1	1	1	12
OG0004115	2	1	1	1	1	4	0	1	1	12
OG0004116	2	1	2	1	1	1	1	2	1	12
OG0004117	2	1	1	2	1	2	1	1	1	12
OG0004118	2	1	3	1	1	1	1	1	1	12
OG0004119	2	1	2	1	1	1	2	1	1	12
OG0004120	2	1	1	3	1	1	1	1	1	12
OG0004121	2	1	1	2	2	1	1	1	1	12
OG0004122	2	1	1	3	1	2	0	1	1	12
OG0004123	2	1	1	3	1	1	1	1	1	12
OG0004124	2	1	1	3	1	1	1	1	1	12
OG0004125	1	1	1	2	1	1	1	3	1	12
OG0004126	1	0	7	0	0	4	0	0	0	12
OG0004127	0	1	4	3	1	1	0	1	1	12
OG0004128	0	1	4	2	1	1	1	1	1	12
OG0004129	0	7	0	0	3	0	0	1	1	12
OG0004130	0	1	1	9	0	0	0	0	1	12
OG0004131	0	4	0	0	1	0	0	2	5	12
OG0004132	0	3	0	0	1	0	0	4	4	12
OG0004133	0	1	2	5	1	1	0	1	1	12
OG0004134	0	1	0	6	1	1	1	1	1	12
OG0004135	0	1	0	7	1	1	0	1	1	12
OG0004136	0	2	0	2	1	2	1	2	2	12
OG0004137	0	1	2	4	1	1	1	1	1	12
OG0004138	0	1	0	6	1	1	1	1	1	12
OG0004139	0	1	4	1	1	2	1	1	1	12
OG0004140	0	3	0	0	2	0	0	4	3	12
OG0004141	0	2	0	0	4	0	0	3	3	12
OG0004142	0	1	0	6	1	0	2	1	1	12
OG0004143	0	1	0	0	3	0	0	5	3	12
OG0004144	0	2	0	0	1	0	0	3	6	12
OG0004145	0	1	0	5	2	1	1	1	1	12
OG0004146	0	2	0	0	2	0	0	4	4	12
OG0004147	0	1	0	7	1	1	0	1	1	12
OG0004148	0	1	2	4	1	1	0	2	1	12
OG0004149	0	2	0	0	4	0	0	3	3	12
OG0004150	0	1	3	3	1	1	1	1	1	12
OG0004151	0	1	2	2	1	3	1	1	1	12
OG0004152	0	2	1	2	2	1	0	2	2	12
OG0004153	0	1	3	0	1	0	5	1	1	12
OG0004154	0	0	12	0	0	0	0	0	0	12
OG0004155	0	0	12	0	0	0	0	0	0	12
OG0004156	0	0	12	0	0	0	0	0	0	12
OG0004157	0	0	11	0	0	1	0	0	0	12
OG0004158	0	0	3	4	0	5	0	0	0	12
OG0004159	0	0	12	0	0	0	0	0	0	12
OG0004160	0	0	12	0	0	0	0	0	0	12
OG0004161	0	0	10	0	1	1	0	0	0	12
OG0004162	0	0	12	0	0	0	0	0	0	12
OG0004163	0	0	12	0	0	0	0	0	0	12
OG0004164	0	0	12	0	0	0	0	0	0	12
OG0004165	0	0	3	9	0	0	0	0	0	12
OG0004166	0	0	12	0	0	0	0	0	0	12
OG0004167	0	0	1	0	0	11	0	0	0	12
OG0004168	0	0	1	11	0	0	0	0	0	12
OG0004169	0	0	3	9	0	0	0	0	0	12
OG0004170	0	0	0	12	0	0	0	0	0	12
OG0004171	0	0	0	12	0	0	0	0	0	12
OG0004172	0	0	0	12	0	0	0	0	0	12
OG0004173	0	0	0	12	0	0	0	0	0	12
OG0004174	0	0	0	12	0	0	0	0	0	12
OG0004175	0	0	0	12	0	0	0	0	0	12
OG0004176	0	0	0	12	0	0	0	0	0	12
OG0004177	0	0	0	12	0	0	0	0	0	12
OG0004178	0	0	0	11	0	0	1	0	0	12
OG0004179	0	0	0	12	0	0	0	0	0	12
OG0004180	0	0	0	12	0	0	0	0	0	12
OG0004181	0	0	0	12	0	0	0	0	0	12
OG0004182	0	0	0	12	0	0	0	0	0	12
OG0004183	0	0	0	7	0	2	3	0	0	12
OG0004184	0	0	0	12	0	0	0	0	0	12
OG0004185	0	0	0	12	0	0	0	0	0	12
OG0004186	0	0	0	12	0	0	0	0	0	12
OG0004187	0	0	0	12	0	0	0	0	0	12
OG0004188	0	0	0	12	0	0	0	0	0	12
OG0004189	0	0	0	12	0	0	0	0	0	12
OG0004190	0	0	0	12	0	0	0	0	0	12
OG0004191	0	0	0	12	0	0	0	0	0	12
OG0004192	0	0	0	12	0	0	0	0	0	12
OG0004193	0	0	0	11	0	0	1	0	0	12
OG0004194	0	0	0	12	0	0	0	0	0	12
OG0004195	0	0	0	12	0	0	0	0	0	12
OG0004196	0	0	0	12	0	0	0	0	0	12
OG0004197	0	0	0	11	0	1	0	0	0	12
OG0004198	0	0	0	0	0	12	0	0	0	12
OG0004199	0	0	0	0	0	12	0	0	0	12
OG0004200	0	0	0	0	0	12	0	0	0	12
OG0004201	0	0	0	0	0	0	12	0	0	12
OG0004202	0	0	0	0	0	0	12	0	0	12
OG0004203	0	0	0	0	0	0	12	0	0	12
OG0004204	0	0	0	0	0	0	12	0	0	12
OG0004205	0	0	0	0	0	0	0	6	6	12
OG0004206	2	1	1	3	1	1	0	1	1	11
OG0004207	1	1	2	1	1	1	2	1	1	11
OG0004208	2	1	1	2	1	1	1	1	1	11
OG0004209	2	1	0	2	1	2	0	1	2	11
OG0004210	11	0	0	0	0	0	0	0	0	11
OG0004211	2	1	1	3	1	0	1	1	1	11
OG0004212	2	0	1	7	0	1	0	0	0	11
OG0004213	1	1	2	1	2	1	1	1	1	11
OG0004214	2	1	1	2	1	1	1	1	1	11
OG0004215	2	1	1	2	1	1	1	1	1	11
OG0004216	2	1	2	1	1	1	1	1	1	11
OG0004217	1	1	3	1	1	1	1	1	1	11
OG0004218	1	1	1	4	1	0	1	1	1	11
OG0004219	2	1	2	1	1	1	1	1	1	11
OG0004220	3	1	1	1	1	1	1	1	1	11
OG0004221	1	1	1	3	1	1	1	1	1	11
OG0004222	1	0	3	4	0	0	3	0	0	11
OG0004223	2	1	2	1	1	1	1	1	1	11
OG0004224	2	1	1	3	1	1	0	1	1	11
OG0004225	1	1	0	3	1	1	2	1	1	11
OG0004226	2	1	2	1	1	1	1	1	1	11
OG0004227	2	1	2	1	1	1	1	1	1	11
OG0004228	2	1	1	2	1	1	1	1	1	11
OG0004229	2	1	1	2	1	1	1	1	1	11
OG0004230	11	0	0	0	0	0	0	0	0	11
OG0004231	3	1	1	1	1	1	1	1	1	11
OG0004232	2	1	1	2	1	1	1	1	1	11
OG0004233	2	1	2	1	1	1	1	1	1	11
OG0004234	2	0	0	2	1	1	1	2	2	11
OG0004235	2	1	2	1	1	1	1	1	1	11
OG0004236	2	1	2	1	1	1	1	1	1	11
OG0004237	2	1	1	2	1	1	1	1	1	11
OG0004238	4	0	7	0	0	0	0	0	0	11
OG0004239	7	0	0	3	0	1	0	0	0	11
OG0004240	8	0	0	0	0	3	0	0	0	11
OG0004241	1	1	0	3	1	1	2	1	1	11
OG0004242	2	0	9	0	0	0	0	0	0	11
OG0004243	2	1	2	1	1	1	1	1	1	11
OG0004244	3	0	6	0	0	2	0	0	0	11
OG0004245	2	1	1	2	1	1	1	1	1	11
OG0004246	2	1	1	2	1	1	1	1	1	11
OG0004247	2	1	0	2	1	1	2	1	1	11
OG0004248	2	1	1	2	1	1	1	1	1	11
OG0004249	2	2	0	0	3	1	1	1	1	11
OG0004250	2	1	2	1	1	1	1	1	1	11
OG0004251	11	0	0	0	0	0	0	0	0	11
OG0004252	3	0	7	0	0	0	1	0	0	11
OG0004253	2	1	1	2	1	1	1	1	1	11
OG0004254	2	1	1	2	1	1	1	1	1	11
OG0004255	2	1	1	2	1	1	1	1	1	11
OG0004256	2	1	2	1	1	1	1	1	1	11
OG0004257	2	1	1	3	1	1	0	1	1	11
OG0004258	2	1	1	1	1	1	2	1	1	11
OG0004259	2	1	1	1	0	1	3	1	1	11
OG0004260	2	0	2	2	0	2	2	1	0	11
OG0004261	1	1	1	1	1	1	2	2	1	11
OG0004262	2	1	2	2	0	1	1	1	1	11
OG0004263	2	1	2	1	1	1	1	1	1	11
OG0004264	2	1	1	2	1	1	1	1	1	11
OG0004265	2	1	1	2	1	1	1	1	1	11
OG0004266	2	1	0	4	1	1	0	1	1	11
OG0004267	2	1	1	3	1	1	0	1	1	11
OG0004268	2	1	1	2	1	1	1	1	1	11
OG0004269	2	1	2	1	1	1	1	1	1	11
OG0004270	1	1	1	3	1	1	1	1	1	11
OG0004271	2	1	1	1	1	2	1	1	1	11
OG0004272	2	1	2	2	0	1	1	1	1	11
OG0004273	2	1	2	1	1	1	1	1	1	11
OG0004274	8	0	0	0	0	3	0	0	0	11
OG0004275	1	1	2	1	1	1	2	1	1	11
OG0004276	11	0	0	0	0	0	0	0	0	11
OG0004277	11	0	0	0	0	0	0	0	0	11
OG0004278	2	1	1	1	1	1	2	1	1	11
OG0004279	2	1	2	1	1	1	1	1	1	11
OG0004280	2	1	2	1	1	1	1	1	1	11
OG0004281	2	1	2	1	1	0	2	1	1	11
OG0004282	2	1	1	2	1	1	1	1	1	11
OG0004283	2	1	0	2	1	1	2	1	1	11
OG0004284	1	1	1	3	1	1	1	1	1	11
OG0004285	2	1	0	3	1	1	1	1	1	11
OG0004286	2	1	1	2	1	1	1	1	1	11
OG0004287	2	1	1	2	1	1	1	1	1	11
OG0004288	2	1	3	1	1	0	1	1	1	11
OG0004289	2	1	1	1	1	1	2	1	1	11
OG0004290	2	1	1	2	1	1	1	1	1	11
OG0004291	2	1	2	1	1	1	1	1	1	11
OG0004292	1	1	1	3	1	1	1	1	1	11
OG0004293	1	1	2	2	1	1	1	1	1	11
OG0004294	2	1	0	3	1	1	1	1	1	11
OG0004295	2	1	1	1	1	1	2	1	1	11
OG0004296	1	1	1	3	1	1	1	1	1	11
OG0004297	2	1	2	2	0	1	1	1	1	11
OG0004298	1	1	1	3	1	1	1	1	1	11
OG0004299	2	0	3	1	1	1	1	1	1	11
OG0004300	2	1	2	1	1	1	1	1	1	11
OG0004301	2	1	3	1	1	0	1	1	1	11
OG0004302	2	1	2	1	1	1	1	1	1	11
OG0004303	2	1	1	1	1	1	2	1	1	11
OG0004304	2	1	2	1	1	1	1	1	1	11
OG0004305	2	1	1	3	1	1	0	1	1	11
OG0004306	1	1	1	2	1	2	1	1	1	11
OG0004307	2	1	2	2	1	1	1	0	1	11
OG0004308	1	1	2	2	1	1	1	1	1	11
OG0004309	2	1	1	2	1	2	0	1	1	11
OG0004310	2	1	1	2	1	1	1	1	1	11
OG0004311	2	1	3	1	1	0	1	1	1	11
OG0004312	2	1	0	2	1	1	2	1	1	11
OG0004313	2	1	2	2	1	1	1	0	1	11
OG0004314	3	0	7	0	0	1	0	0	0	11
OG0004315	2	1	1	1	1	2	1	1	1	11
OG0004316	1	1	1	3	1	2	0	1	1	11
OG0004317	1	1	5	0	1	1	0	1	1	11
OG0004318	1	1	0	5	1	1	0	1	1	11
OG0004319	1	1	4	1	1	1	0	1	1	11
OG0004320	1	1	2	2	1	1	1	1	1	11
OG0004321	3	0	6	0	0	2	0	0	0	11
OG0004322	2	1	2	1	1	1	1	1	1	11
OG0004323	2	1	1	3	1	1	0	1	1	11
OG0004324	2	1	0	4	1	1	0	1	1	11
OG0004325	2	1	2	1	1	1	1	1	1	11
OG0004326	2	1	0	1	1	1	2	2	1	11
OG0004327	2	1	2	1	1	1	2	0	1	11
OG0004328	1	1	1	2	0	1	2	2	1	11
OG0004329	2	1	2	1	1	1	1	1	1	11
OG0004330	2	1	3	0	2	1	0	1	1	11
OG0004331	2	1	2	1	1	1	1	1	1	11
OG0004332	2	1	1	1	1	2	1	1	1	11
OG0004333	1	1	1	2	1	1	2	1	1	11
OG0004334	2	1	1	2	1	1	1	1	1	11
OG0004335	2	1	1	2	1	1	1	1	1	11
OG0004336	2	1	2	2	1	1	1	0	1	11
OG0004337	2	1	1	2	1	1	1	1	1	11
OG0004338	2	1	1	2	1	1	1	1	1	11
OG0004339	2	2	1	1	1	1	1	1	1	11
OG0004340	2	1	2	2	1	0	1	1	1	11
OG0004341	1	1	3	1	1	1	1	1	1	11
OG0004342	3	0	1	3	0	4	0	0	0	11
OG0004343	2	1	2	2	1	1	0	1	1	11
OG0004344	1	1	1	3	1	2	0	1	1	11
OG0004345	2	1	1	2	1	1	1	1	1	11
OG0004346	2	2	2	1	1	1	0	1	1	11
OG0004347	2	1	2	1	1	1	1	1	1	11
OG0004348	2	1	2	1	1	1	1	1	1	11
OG0004349	3	1	0	1	2	1	1	1	1	11
OG0004350	2	1	2	1	1	1	1	1	1	11
OG0004351	2	1	2	1	1	1	1	1	1	11
OG0004352	2	1	0	3	1	1	1	1	1	11
OG0004353	2	1	2	3	1	0	0	1	1	11
OG0004354	1	1	3	2	1	1	0	1	1	11
OG0004355	2	1	2	1	1	1	1	1	1	11
OG0004356	2	1	1	2	1	1	1	1	1	11
OG0004357	2	1	1	2	1	1	1	1	1	11
OG0004358	2	1	2	1	1	1	1	1	1	11
OG0004359	2	1	0	1	3	1	1	1	1	11
OG0004360	2	1	1	2	1	1	1	1	1	11
OG0004361	1	1	0	4	1	1	1	1	1	11
OG0004362	2	1	2	1	1	1	1	1	1	11
OG0004363	1	1	1	3	1	1	1	1	1	11
OG0004364	1	1	1	3	1	1	1	1	1	11
OG0004365	1	1	3	1	1	1	1	1	1	11
OG0004366	1	1	2	2	1	1	1	1	1	11
OG0004367	2	1	2	1	1	1	1	1	1	11
OG0004368	2	1	1	2	1	1	1	1	1	11
OG0004369	1	1	2	1	1	1	2	1	1	11
OG0004370	1	1	1	1	1	2	1	2	1	11
OG0004371	11	0	0	0	0	0	0	0	0	11
OG0004372	2	1	2	1	1	1	1	1	1	11
OG0004373	1	1	2	1	1	1	2	1	1	11
OG0004374	1	1	2	2	1	1	1	1	1	11
OG0004375	2	1	2	1	1	1	1	1	1	11
OG0004376	2	1	0	4	1	1	0	1	1	11
OG0004377	2	1	1	2	1	1	1	1	1	11
OG0004378	2	1	2	1	1	1	1	1	1	11
OG0004379	2	1	1	2	1	1	1	1	1	11
OG0004380	2	1	2	1	2	1	0	1	1	11
OG0004381	2	1	1	2	1	1	1	1	1	11
OG0004382	1	1	2	3	1	1	0	1	1	11
OG0004383	2	1	1	2	1	2	0	1	1	11
OG0004384	2	1	1	2	1	1	1	1	1	11
OG0004385	2	1	1	2	1	1	1	1	1	11
OG0004386	1	1	2	1	1	2	1	1	1	11
OG0004387	2	1	1	2	1	1	1	1	1	11
OG0004388	3	1	0	2	1	1	1	1	1	11
OG0004389	2	1	1	2	1	1	1	1	1	11
OG0004390	1	1	2	2	1	1	1	1	1	11
OG0004391	2	1	2	1	1	1	1	1	1	11
OG0004392	2	1	2	1	1	1	1	1	1	11
OG0004393	2	1	3	1	1	0	1	1	1	11
OG0004394	2	1	1	2	1	1	1	1	1	11
OG0004395	2	1	1	2	1	1	1	1	1	11
OG0004396	2	1	2	1	1	1	1	1	1	11
OG0004397	2	1	2	1	1	1	1	1	1	11
OG0004398	2	1	2	2	0	1	1	1	1	11
OG0004399	4	0	3	0	0	4	0	0	0	11
OG0004400	2	1	0	4	1	1	0	1	1	11
OG0004401	11	0	0	0	0	0	0	0	0	11
OG0004402	1	0	2	0	0	8	0	0	0	11
OG0004403	1	1	3	1	1	1	1	1	1	11
OG0004404	10	0	1	0	0	0	0	0	0	11
OG0004405	1	2	1	1	2	1	1	1	1	11
OG0004406	4	0	3	0	0	4	0	0	0	11
OG0004407	2	1	1	2	1	1	1	1	1	11
OG0004408	2	1	0	1	1	1	2	2	1	11
OG0004409	2	1	3	1	1	0	1	1	1	11
OG0004410	2	1	2	1	1	1	1	1	1	11
OG0004411	2	1	1	1	1	1	1	2	1	11
OG0004412	1	1	1	3	1	1	1	1	1	11
OG0004413	1	1	2	1	1	1	2	1	1	11
OG0004414	2	1	0	3	1	1	1	1	1	11
OG0004415	1	1	2	2	1	1	1	1	1	11
OG0004416	2	1	1	2	0	1	2	1	1	11
OG0004417	1	1	1	1	1	1	2	2	1	11
OG0004418	2	1	0	2	1	1	2	1	1	11
OG0004419	2	2	0	1	1	1	2	1	1	11
OG0004420	2	1	1	2	1	1	1	1	1	11
OG0004421	1	1	1	3	1	1	1	1	1	11
OG0004422	2	1	2	1	1	1	1	1	1	11
OG0004423	2	1	1	2	1	1	1	1	1	11
OG0004424	1	1	1	3	1	1	1	1	1	11
OG0004425	2	1	2	1	1	1	1	1	1	11
OG0004426	2	1	1	1	1	1	2	1	1	11
OG0004427	2	1	2	1	1	1	1	1	1	11
OG0004428	2	1	1	1	1	1	2	1	1	11
OG0004429	2	1	1	1	1	1	2	1	1	11
OG0004430	2	1	1	2	1	1	1	1	1	11
OG0004431	3	1	1	1	1	1	1	1	1	11
OG0004432	2	1	0	4	1	1	0	1	1	11
OG0004433	1	1	1	2	1	1	2	1	1	11
OG0004434	1	1	2	1	1	1	1	2	1	11
OG0004435	2	1	4	0	1	1	0	1	1	11
OG0004436	2	1	2	1	1	1	1	1	1	11
OG0004437	2	1	1	2	1	1	1	1	1	11
OG0004438	2	1	0	3	1	1	1	1	1	11
OG0004439	2	1	2	1	1	1	1	1	1	11
OG0004440	1	1	1	4	0	1	1	1	1	11
OG0004441	1	1	2	2	1	1	1	1	1	11
OG0004442	2	1	2	1	1	1	1	1	1	11
OG0004443	2	1	1	2	1	1	1	1	1	11
OG0004444	2	0	7	0	0	2	0	0	0	11
OG0004445	2	1	1	1	1	1	2	1	1	11
OG0004446	2	1	1	2	1	1	1	1	1	11
OG0004447	3	1	1	1	0	1	2	1	1	11
OG0004448	1	1	4	0	1	1	1	1	1	11
OG0004449	2	1	0	2	1	1	2	1	1	11
OG0004450	2	0	2	3	0	4	0	0	0	11
OG0004451	4	0	1	2	0	1	3	0	0	11
OG0004452	1	1	2	2	1	1	1	1	1	11
OG0004453	3	0	4	0	0	4	0	0	0	11
OG0004454	1	0	5	1	1	1	0	1	1	11
OG0004455	2	1	2	1	1	1	1	1	1	11
OG0004456	3	1	2	0	1	2	0	1	1	11
OG0004457	2	1	1	1	1	1	1	1	2	11
OG0004458	2	1	1	1	1	1	2	1	1	11
OG0004459	11	0	0	0	0	0	0	0	0	11
OG0004460	2	1	0	2	1	1	2	1	1	11
OG0004461	2	1	2	1	1	1	1	1	1	11
OG0004462	2	1	1	1	1	1	2	1	1	11
OG0004463	2	1	0	3	1	1	1	1	1	11
OG0004464	10	0	1	0	0	0	0	0	0	11
OG0004465	2	0	7	0	0	2	0	0	0	11
OG0004466	2	1	1	3	1	1	0	1	1	11
OG0004467	1	1	1	3	1	1	1	1	1	11
OG0004468	1	1	2	1	1	1	2	1	1	11
OG0004469	2	1	2	2	0	1	1	1	1	11
OG0004470	2	2	2	0	1	1	0	2	1	11
OG0004471	2	1	0	2	1	2	1	1	1	11
OG0004472	2	1	0	3	1	1	1	1	1	11
OG0004473	2	1	2	1	1	1	1	1	1	11
OG0004474	2	1	2	2	0	1	1	1	1	11
OG0004475	2	1	1	2	1	1	1	1	1	11
OG0004476	2	1	1	1	1	1	2	1	1	11
OG0004477	2	1	1	1	1	2	1	1	1	11
OG0004478	2	1	2	1	1	1	1	1	1	11
OG0004479	4	1	1	1	1	1	0	1	1	11
OG0004480	2	1	1	2	1	1	1	1	1	11
OG0004481	2	1	4	0	1	1	0	1	1	11
OG0004482	2	1	2	1	1	1	1	1	1	11
OG0004483	2	1	1	1	1	1	2	1	1	11
OG0004484	1	1	3	1	1	1	1	1	1	11
OG0004485	2	1	1	2	1	1	1	1	1	11
OG0004486	1	1	5	1	1	0	0	1	1	11
OG0004487	6	0	2	0	0	3	0	0	0	11
OG0004488	5	0	1	0	0	5	0	0	0	11
OG0004489	2	1	2	1	1	1	1	1	1	11
OG0004490	2	1	2	1	1	1	1	1	1	11
OG0004491	2	1	2	1	1	1	1	1	1	11
OG0004492	2	1	1	1	2	1	1	1	1	11
OG0004493	2	1	1	2	1	1	1	1	1	11
OG0004494	2	1	2	1	1	1	1	1	1	11
OG0004495	2	1	1	2	1	1	1	1	1	11
OG0004496	2	1	2	1	1	1	1	1	1	11
OG0004497	2	1	1	2	1	1	1	1	1	11
OG0004498	2	1	2	1	1	1	1	1	1	11
OG0004499	2	1	1	2	0	2	1	1	1	11
OG0004500	2	1	1	2	1	1	1	1	1	11
OG0004501	2	1	2	2	1	1	0	1	1	11
OG0004502	2	1	2	1	1	1	1	1	1	11
OG0004503	1	0	2	4	1	1	0	1	1	11
OG0004504	1	1	1	3	1	1	1	1	1	11
OG0004505	2	1	1	1	1	1	2	1	1	11
OG0004506	7	0	3	0	0	1	0	0	0	11
OG0004507	1	1	2	2	1	1	1	1	1	11
OG0004508	1	1	3	1	1	1	1	1	1	11
OG0004509	1	1	2	3	0	1	1	1	1	11
OG0004510	2	1	2	1	1	1	1	1	1	11
OG0004511	2	1	2	1	1	1	1	1	1	11
OG0004512	1	1	1	3	1	1	1	1	1	11
OG0004513	2	1	2	1	1	1	0	2	1	11
OG0004514	2	1	2	1	1	1	1	1	1	11
OG0004515	2	1	0	3	1	1	1	1	1	11
OG0004516	2	1	1	1	2	1	1	1	1	11
OG0004517	1	1	1	3	1	1	1	1	1	11
OG0004518	1	1	1	4	1	1	0	1	1	11
OG0004519	2	0	1	5	0	1	2	0	0	11
OG0004520	2	1	1	2	1	1	1	1	1	11
OG0004521	2	1	2	1	1	1	1	1	1	11
OG0004522	1	0	2	5	0	1	2	0	0	11
OG0004523	2	1	1	1	1	1	2	1	1	11
OG0004524	2	1	1	1	1	1	2	1	1	11
OG0004525	2	1	2	1	1	1	1	1	1	11
OG0004526	6	0	2	0	0	3	0	0	0	11
OG0004527	2	1	1	3	1	1	0	1	1	11
OG0004528	2	1	1	2	1	1	1	1	1	11
OG0004529	2	1	1	1	1	1	2	1	1	11
OG0004530	2	1	2	1	1	1	1	1	1	11
OG0004531	1	1	2	1	1	1	2	1	1	11
OG0004532	2	1	1	1	1	1	2	1	1	11
OG0004533	2	1	1	2	1	1	1	1	1	11
OG0004534	2	1	2	1	1	1	1	1	1	11
OG0004535	3	0	2	2	0	1	3	0	0	11
OG0004536	2	1	1	3	1	1	0	1	1	11
OG0004537	2	1	1	2	1	1	1	1	1	11
OG0004538	1	1	2	2	1	1	1	1	1	11
OG0004539	1	1	2	0	1	3	1	1	1	11
OG0004540	2	1	1	3	1	1	0	1	1	11
OG0004541	2	1	1	2	1	1	1	1	1	11
OG0004542	4	1	0	2	1	1	1	0	1	11
OG0004543	2	1	1	1	1	2	1	1	1	11
OG0004544	2	0	2	5	0	1	1	0	0	11
OG0004545	2	1	1	2	1	1	1	1	1	11
OG0004546	2	1	2	1	1	1	1	1	1	11
OG0004547	2	1	1	3	1	1	0	1	1	11
OG0004548	2	1	1	2	1	1	1	1	1	11
OG0004549	1	1	1	2	1	1	2	1	1	11
OG0004550	2	1	1	2	1	1	1	1	1	11
OG0004551	2	1	2	1	1	1	1	1	1	11
OG0004552	2	1	0	3	1	1	1	1	1	11
OG0004553	2	1	1	1	1	2	1	1	1	11
OG0004554	2	1	2	1	1	1	1	1	1	11
OG0004555	2	1	1	2	1	1	1	1	1	11
OG0004556	3	1	1	1	1	1	1	1	1	11
OG0004557	1	1	0	2	1	1	3	1	1	11
OG0004558	2	1	1	2	1	1	1	1	1	11
OG0004559	2	1	3	1	1	1	0	1	1	11
OG0004560	1	1	0	4	1	1	1	1	1	11
OG0004561	2	1	2	1	1	1	1	1	1	11
OG0004562	2	0	2	5	0	1	1	0	0	11
OG0004563	3	1	1	1	1	1	1	1	1	11
OG0004564	2	1	1	1	1	1	2	1	1	11
OG0004565	2	1	1	2	1	1	1	1	1	11
OG0004566	2	1	2	1	1	1	1	1	1	11
OG0004567	2	1	0	1	1	3	1	1	1	11
OG0004568	2	1	0	2	1	1	2	1	1	11
OG0004569	2	1	1	2	1	1	1	1	1	11
OG0004570	2	1	1	2	1	1	1	1	1	11
OG0004571	1	1	2	2	1	1	1	1	1	11
OG0004572	1	1	1	3	1	1	1	1	1	11
OG0004573	1	1	3	1	1	1	1	1	1	11
OG0004574	1	1	3	1	1	1	1	1	1	11
OG0004575	1	1	1	2	1	1	1	2	1	11
OG0004576	2	1	2	1	1	1	1	1	1	11
OG0004577	2	1	1	3	1	1	0	1	1	11
OG0004578	1	1	2	1	1	2	1	1	1	11
OG0004579	2	1	1	2	1	1	1	1	1	11
OG0004580	2	1	1	2	1	1	1	1	1	11
OG0004581	2	1	1	2	1	1	1	1	1	11
OG0004582	1	1	2	2	1	1	1	1	1	11
OG0004583	2	1	1	3	1	1	0	1	1	11
OG0004584	1	1	2	1	1	1	1	2	1	11
OG0004585	2	1	1	2	1	1	1	1	1	11
OG0004586	2	1	1	2	1	1	1	1	1	11
OG0004587	1	1	0	1	1	2	3	1	1	11
OG0004588	1	1	3	1	1	1	1	1	1	11
OG0004589	2	1	2	1	1	1	0	2	1	11
OG0004590	2	1	1	2	1	1	1	1	1	11
OG0004591	2	1	0	3	1	1	1	1	1	11
OG0004592	1	1	1	3	1	1	1	1	1	11
OG0004593	2	1	1	0	1	1	2	2	1	11
OG0004594	1	1	2	2	1	1	1	1	1	11
OG0004595	2	1	1	3	1	1	0	1	1	11
OG0004596	2	1	1	1	1	1	2	1	1	11
OG0004597	1	1	1	2	1	1	2	1	1	11
OG0004598	2	1	1	2	1	1	1	1	1	11
OG0004599	2	1	1	2	1	1	1	1	1	11
OG0004600	2	1	1	3	1	1	1	0	1	11
OG0004601	2	1	1	2	1	1	1	1	1	11
OG0004602	2	1	1	2	1	1	1	1	1	11
OG0004603	1	1	3	1	1	1	1	1	1	11
OG0004604	2	1	1	2	1	1	1	1	1	11
OG0004605	2	1	0	3	1	1	1	1	1	11
OG0004606	2	1	2	1	1	1	1	1	1	11
OG0004607	2	1	1	2	1	1	1	1	1	11
OG0004608	1	1	1	3	1	1	1	1	1	11
OG0004609	2	1	1	2	1	1	1	1	1	11
OG0004610	2	1	1	3	1	0	1	1	1	11
OG0004611	1	1	1	3	1	1	1	1	1	11
OG0004612	1	1	1	1	1	1	2	2	1	11
OG0004613	2	1	2	1	1	1	1	1	1	11
OG0004614	2	1	1	2	1	1	1	1	1	11
OG0004615	1	1	2	3	1	1	1	0	1	11
OG0004616	2	1	0	3	1	1	1	1	1	11
OG0004617	2	1	2	1	1	1	1	1	1	11
OG0004618	2	1	2	1	1	1	1	1	1	11
OG0004619	2	1	1	1	1	2	0	1	2	11
OG0004620	2	1	2	1	1	2	0	1	1	11
OG0004621	2	1	3	1	1	1	1	0	1	11
OG0004622	2	1	2	2	1	1	1	0	1	11
OG0004623	2	1	0	1	1	3	1	1	1	11
OG0004624	1	1	2	2	1	1	1	1	1	11
OG0004625	2	1	2	1	1	1	1	1	1	11
OG0004626	1	1	1	2	1	1	2	1	1	11
OG0004627	3	0	2	0	0	6	0	0	0	11
OG0004628	1	1	1	3	1	1	0	2	1	11
OG0004629	2	1	2	1	1	1	1	1	1	11
OG0004630	2	1	1	2	1	1	1	1	1	11
OG0004631	2	1	0	3	1	1	1	1	1	11
OG0004632	2	1	2	1	1	1	1	1	1	11
OG0004633	2	1	1	1	1	2	1	1	1	11
OG0004634	2	1	1	2	1	1	1	1	1	11
OG0004635	2	1	2	1	1	1	1	1	1	11
OG0004636	1	1	1	4	1	1	0	1	1	11
OG0004637	2	1	2	1	1	1	1	1	1	11
OG0004638	2	1	1	2	1	1	1	1	1	11
OG0004639	2	1	1	2	1	1	1	1	1	11
OG0004640	2	1	4	0	1	1	0	1	1	11
OG0004641	2	1	1	2	1	1	1	1	1	11
OG0004642	2	1	2	1	1	1	1	1	1	11
OG0004643	1	1	3	1	1	1	1	1	1	11
OG0004644	3	1	2	1	0	1	1	1	1	11
OG0004645	2	1	2	1	1	1	1	1	1	11
OG0004646	2	1	2	1	1	1	1	1	1	11
OG0004647	2	1	2	1	1	1	1	1	1	11
OG0004648	2	1	2	1	1	1	0	1	2	11
OG0004649	2	1	2	1	1	1	1	1	1	11
OG0004650	2	1	2	3	1	1	0	1	0	11
OG0004651	2	1	1	2	1	1	1	1	1	11
OG0004652	2	1	1	1	1	1	2	1	1	11
OG0004653	1	1	2	3	1	0	1	1	1	11
OG0004654	2	1	1	2	0	1	2	1	1	11
OG0004655	2	1	2	2	1	1	0	1	1	11
OG0004656	2	1	1	3	0	1	1	1	1	11
OG0004657	2	1	1	1	1	1	2	1	1	11
OG0004658	1	1	1	2	2	1	1	1	1	11
OG0004659	2	1	1	4	0	0	1	1	1	11
OG0004660	2	1	1	2	1	1	1	1	1	11
OG0004661	2	1	1	2	1	1	1	1	1	11
OG0004662	2	1	2	1	1	1	1	1	1	11
OG0004663	2	1	1	1	1	1	2	1	1	11
OG0004664	2	1	2	2	1	1	0	1	1	11
OG0004665	2	1	1	2	1	1	1	1	1	11
OG0004666	2	1	1	1	1	1	2	1	1	11
OG0004667	2	1	1	3	1	1	0	1	1	11
OG0004668	1	0	10	0	0	0	0	0	0	11
OG0004669	2	1	2	1	1	1	1	1	1	11
OG0004670	2	1	2	3	1	0	0	1	1	11
OG0004671	2	1	1	2	1	1	1	1	1	11
OG0004672	1	1	1	2	1	1	1	2	1	11
OG0004673	2	2	1	1	1	2	0	1	1	11
OG0004674	2	1	1	2	1	1	1	1	1	11
OG0004675	2	1	2	1	1	1	1	1	1	11
OG0004676	2	1	1	1	2	1	1	1	1	11
OG0004677	2	1	1	2	1	1	1	1	1	11
OG0004678	2	1	2	1	1	1	1	1	1	11
OG0004679	2	1	1	2	1	1	1	1	1	11
OG0004680	2	1	1	2	1	1	1	1	1	11
OG0004681	2	1	2	2	1	1	0	1	1	11
OG0004682	2	1	0	3	1	1	1	1	1	11
OG0004683	2	1	1	1	1	1	2	1	1	11
OG0004684	2	1	2	1	1	1	1	1	1	11
OG0004685	2	1	1	1	1	1	1	2	1	11
OG0004686	2	0	1	5	0	1	2	0	0	11
OG0004687	2	1	0	2	1	2	1	1	1	11
OG0004688	2	1	2	1	1	1	1	1	1	11
OG0004689	1	1	3	1	1	1	1	1	1	11
OG0004690	2	1	1	2	1	1	1	1	1	11
OG0004691	2	1	1	2	1	1	1	1	1	11
OG0004692	2	1	1	3	1	1	0	1	1	11
OG0004693	2	1	2	1	1	1	1	1	1	11
OG0004694	2	1	1	2	1	1	1	1	1	11
OG0004695	1	1	1	3	1	1	1	1	1	11
OG0004696	1	1	1	3	1	1	1	1	1	11
OG0004697	1	1	2	3	1	1	0	1	1	11
OG0004698	2	1	1	4	0	1	0	1	1	11
OG0004699	2	1	1	2	1	1	1	1	1	11
OG0004700	2	1	2	1	1	1	1	1	1	11
OG0004701	2	1	2	1	1	1	1	1	1	11
OG0004702	2	1	2	1	1	1	1	1	1	11
OG0004703	2	0	3	1	1	1	1	1	1	11
OG0004704	2	1	0	2	1	1	2	1	1	11
OG0004705	2	1	2	1	1	1	1	1	1	11
OG0004706	1	1	2	2	1	1	1	1	1	11
OG0004707	2	1	1	1	1	1	2	1	1	11
OG0004708	1	1	2	3	1	1	0	1	1	11
OG0004709	2	1	0	1	1	1	2	2	1	11
OG0004710	2	1	1	2	1	1	1	1	1	11
OG0004711	2	1	2	1	1	1	1	1	1	11
OG0004712	2	1	1	1	1	1	2	1	1	11
OG0004713	2	1	0	2	1	1	2	1	1	11
OG0004714	2	1	1	1	1	1	1	2	1	11
OG0004715	2	1	1	2	1	1	1	1	1	11
OG0004716	2	1	2	1	1	1	2	0	1	11
OG0004717	2	1	1	2	1	1	1	1	1	11
OG0004718	1	1	2	1	2	1	1	1	1	11
OG0004719	2	1	2	1	1	1	1	1	1	11
OG0004720	1	1	2	3	1	0	1	1	1	11
OG0004721	2	1	2	1	1	1	1	1	1	11
OG0004722	1	1	3	1	1	1	1	1	1	11
OG0004723	2	0	2	5	0	1	1	0	0	11
OG0004724	1	1	1	4	1	0	1	1	1	11
OG0004725	2	1	1	2	1	1	1	1	1	11
OG0004726	2	0	3	5	0	0	1	0	0	11
OG0004727	2	1	2	1	1	1	1	1	1	11
OG0004728	2	1	1	1	1	1	2	1	1	11
OG0004729	2	1	2	1	1	1	1	1	1	11
OG0004730	2	1	1	2	1	1	1	1	1	11
OG0004731	2	1	1	2	1	1	1	1	1	11
OG0004732	2	1	1	2	1	1	1	1	1	11
OG0004733	2	1	2	1	1	1	1	1	1	11
OG0004734	2	1	1	2	1	1	1	1	1	11
OG0004735	2	1	2	1	1	1	1	1	1	11
OG0004736	2	1	0	1	1	3	2	0	1	11
OG0004737	1	1	2	1	1	2	1	1	1	11
OG0004738	1	1	2	2	1	1	0	2	1	11
OG0004739	2	1	1	1	1	1	2	1	1	11
OG0004740	1	1	3	1	1	1	1	1	1	11
OG0004741	2	1	2	1	1	1	1	1	1	11
OG0004742	2	1	1	1	1	0	2	2	1	11
OG0004743	2	1	1	2	1	1	1	1	1	11
OG0004744	1	1	1	3	1	1	1	1	1	11
OG0004745	2	1	1	2	1	1	1	1	1	11
OG0004746	2	1	1	1	1	1	1	2	1	11
OG0004747	2	0	5	1	0	1	2	0	0	11
OG0004748	2	1	1	1	1	2	1	1	1	11
OG0004749	2	1	2	1	1	1	1	1	1	11
OG0004750	2	1	1	2	1	1	1	1	1	11
OG0004751	1	1	1	2	1	1	2	1	1	11
OG0004752	2	1	1	1	1	2	1	1	1	11
OG0004753	1	1	1	1	1	1	3	1	1	11
OG0004754	2	1	1	2	1	0	2	1	1	11
OG0004755	2	1	1	1	2	1	1	1	1	11
OG0004756	1	1	2	2	1	1	1	1	1	11
OG0004757	4	0	1	2	0	1	3	0	0	11
OG0004758	2	1	1	1	1	1	1	2	1	11
OG0004759	2	1	1	1	1	1	2	1	1	11
OG0004760	2	1	3	1	1	1	0	1	1	11
OG0004761	2	1	2	1	1	1	1	1	1	11
OG0004762	2	1	1	2	1	1	1	1	1	11
OG0004763	2	1	0	2	1	1	2	1	1	11
OG0004764	1	1	1	2	1	1	2	1	1	11
OG0004765	1	0	2	0	0	0	8	0	0	11
OG0004766	2	1	2	1	1	1	1	1	1	11
OG0004767	2	1	1	4	1	0	1	1	0	11
OG0004768	2	1	1	2	1	1	1	1	1	11
OG0004769	1	1	2	2	1	1	1	1	1	11
OG0004770	2	1	1	2	1	1	1	1	1	11
OG0004771	1	1	1	3	1	1	1	1	1	11
OG0004772	2	1	1	1	1	1	2	1	1	11
OG0004773	2	1	0	4	1	1	0	1	1	11
OG0004774	2	1	2	1	1	1	1	1	1	11
OG0004775	1	1	1	2	1	2	1	1	1	11
OG0004776	2	1	1	1	2	1	1	1	1	11
OG0004777	1	1	1	2	1	1	2	1	1	11
OG0004778	2	1	1	2	1	1	1	1	1	11
OG0004779	2	1	2	1	1	1	1	1	1	11
OG0004780	1	1	2	1	1	1	2	1	1	11
OG0004781	2	1	0	2	1	1	2	1	1	11
OG0004782	2	1	2	2	1	1	0	1	1	11
OG0004783	1	2	1	1	2	1	1	1	1	11
OG0004784	2	1	2	1	1	1	1	1	1	11
OG0004785	1	1	2	3	1	1	0	1	1	11
OG0004786	2	1	1	1	1	1	2	1	1	11
OG0004787	2	0	2	4	0	2	1	0	0	11
OG0004788	1	1	1	3	1	1	1	1	1	11
OG0004789	2	2	0	0	2	0	1	2	2	11
OG0004790	2	1	1	2	1	1	1	1	1	11
OG0004791	2	1	2	1	1	1	1	1	1	11
OG0004792	2	1	2	1	1	1	1	1	1	11
OG0004793	2	1	1	2	1	1	1	1	1	11
OG0004794	1	0	3	2	1	1	1	1	1	11
OG0004795	1	1	1	3	1	1	1	1	1	11
OG0004796	2	1	1	1	1	1	2	1	1	11
OG0004797	2	1	1	2	1	1	1	1	1	11
OG0004798	2	1	3	0	1	1	1	1	1	11
OG0004799	2	0	0	4	0	4	1	0	0	11
OG0004800	1	1	0	1	1	1	4	1	1	11
OG0004801	1	1	1	1	1	3	1	1	1	11
OG0004802	2	1	1	0	1	1	3	1	1	11
OG0004803	2	1	0	3	1	1	1	1	1	11
OG0004804	1	1	1	1	1	3	1	1	1	11
OG0004805	1	1	1	2	1	1	1	2	1	11
OG0004806	2	1	1	1	2	1	1	1	1	11
OG0004807	1	1	1	4	1	0	1	1	1	11
OG0004808	2	1	1	2	1	1	1	1	1	11
OG0004809	2	1	2	1	1	1	1	1	1	11
OG0004810	1	1	2	2	1	1	1	1	1	11
OG0004811	1	1	1	1	1	1	2	2	1	11
OG0004812	2	1	2	1	1	1	1	1	1	11
OG0004813	1	1	2	2	1	2	0	1	1	11
OG0004814	1	1	1	4	1	1	0	1	1	11
OG0004815	2	1	1	2	1	1	1	1	1	11
OG0004816	2	1	1	2	1	1	1	1	1	11
OG0004817	1	1	1	3	1	1	1	1	1	11
OG0004818	2	1	2	1	1	1	1	1	1	11
OG0004819	2	1	2	1	1	1	1	1	1	11
OG0004820	2	1	1	2	1	1	1	1	1	11
OG0004821	2	1	0	3	1	1	1	1	1	11
OG0004822	2	1	1	2	1	1	1	1	1	11
OG0004823	1	1	2	2	1	1	1	1	1	11
OG0004824	2	1	2	1	1	1	1	1	1	11
OG0004825	1	1	1	3	1	1	1	1	1	11
OG0004826	1	1	2	1	1	2	1	1	1	11
OG0004827	2	1	1	2	1	1	1	1	1	11
OG0004828	1	1	0	2	1	1	2	2	1	11
OG0004829	2	1	0	4	1	1	0	1	1	11
OG0004830	1	1	1	2	1	1	2	1	1	11
OG0004831	1	1	1	1	1	1	1	2	2	11
OG0004832	1	1	3	2	1	1	1	1	0	11
OG0004833	2	1	1	2	1	1	1	1	1	11
OG0004834	2	1	1	2	1	1	1	1	1	11
OG0004835	2	1	1	2	1	1	1	1	1	11
OG0004836	2	1	1	1	2	1	1	1	1	11
OG0004837	2	1	0	3	1	1	1	1	1	11
OG0004838	1	1	2	2	1	1	1	1	1	11
OG0004839	1	1	1	4	1	1	0	1	1	11
OG0004840	2	1	2	1	1	1	1	1	1	11
OG0004841	2	1	2	1	1	1	1	1	1	11
OG0004842	2	1	1	1	1	1	2	1	1	11
OG0004843	2	1	2	1	1	1	1	1	1	11
OG0004844	2	1	0	3	1	1	1	1	1	11
OG0004845	2	1	1	2	1	1	1	1	1	11
OG0004846	1	0	10	0	0	0	0	0	0	11
OG0004847	2	1	2	1	1	1	1	1	1	11
OG0004848	2	1	1	2	1	1	1	1	1	11
OG0004849	2	1	2	1	1	1	1	1	1	11
OG0004850	1	1	2	2	1	1	1	1	1	11
OG0004851	2	1	2	1	1	1	1	1	1	11
OG0004852	2	1	1	2	1	1	1	1	1	11
OG0004853	2	1	1	2	1	1	1	1	1	11
OG0004854	2	1	2	1	1	1	1	1	1	11
OG0004855	2	1	1	2	1	1	1	1	1	11
OG0004856	2	1	2	1	1	1	1	1	1	11
OG0004857	2	1	0	2	1	1	1	2	1	11
OG0004858	2	1	2	1	1	1	1	1	1	11
OG0004859	2	1	0	1	2	1	2	1	1	11
OG0004860	2	1	1	3	1	1	0	1	1	11
OG0004861	2	1	1	2	1	1	1	1	1	11
OG0004862	2	1	3	1	1	1	0	1	1	11
OG0004863	2	1	2	0	1	2	1	1	1	11
OG0004864	1	1	1	2	1	1	2	1	1	11
OG0004865	2	1	1	2	1	1	1	1	1	11
OG0004866	2	1	1	1	0	1	3	1	1	11
OG0004867	2	1	1	2	1	1	0	2	1	11
OG0004868	1	1	1	3	1	1	1	1	1	11
OG0004869	2	1	1	4	0	1	0	1	1	11
OG0004870	2	1	1	2	1	1	1	1	1	11
OG0004871	2	1	1	1	1	1	2	1	1	11
OG0004872	2	1	0	3	1	1	1	1	1	11
OG0004873	2	1	2	1	1	1	1	1	1	11
OG0004874	1	1	1	2	2	1	1	1	1	11
OG0004875	2	1	1	2	1	1	1	1	1	11
OG0004876	2	1	0	3	1	1	1	1	1	11
OG0004877	1	1	1	2	1	1	2	1	1	11
OG0004878	2	1	2	1	1	1	1	1	1	11
OG0004879	1	1	0	4	1	2	0	1	1	11
OG0004880	1	1	0	4	1	1	1	1	1	11
OG0004881	1	1	1	1	1	2	2	1	1	11
OG0004882	2	1	2	1	1	1	1	1	1	11
OG0004883	2	1	2	1	1	1	1	1	1	11
OG0004884	2	1	1	2	1	2	0	1	1	11
OG0004885	2	1	1	3	1	1	0	1	1	11
OG0004886	2	1	0	3	1	1	1	1	1	11
OG0004887	2	1	2	1	1	1	1	1	1	11
OG0004888	2	1	1	2	1	1	1	1	1	11
OG0004889	2	1	2	1	1	1	1	1	1	11
OG0004890	2	1	2	1	1	1	1	1	1	11
OG0004891	1	1	1	4	1	1	0	1	1	11
OG0004892	2	1	1	2	1	1	1	1	1	11
OG0004893	2	1	0	2	1	1	2	1	1	11
OG0004894	2	1	0	3	1	1	1	1	1	11
OG0004895	2	1	1	1	1	1	2	1	1	11
OG0004896	2	1	1	2	1	1	1	1	1	11
OG0004897	2	1	2	1	1	1	1	1	1	11
OG0004898	1	1	2	2	1	1	1	1	1	11
OG0004899	1	1	0	4	1	1	1	1	1	11
OG0004900	1	1	2	3	1	1	0	1	1	11
OG0004901	2	1	2	1	1	1	1	1	1	11
OG0004902	2	1	2	1	1	1	1	1	1	11
OG0004903	2	1	2	1	1	1	1	1	1	11
OG0004904	1	1	1	2	2	1	1	1	1	11
OG0004905	2	1	1	3	1	1	0	1	1	11
OG0004906	2	1	2	1	1	1	1	1	1	11
OG0004907	2	1	2	1	1	1	1	1	1	11
OG0004908	2	1	2	1	1	1	1	1	1	11
OG0004909	2	1	2	1	1	1	1	1	1	11
OG0004910	2	1	1	2	1	1	1	1	1	11
OG0004911	1	1	2	2	1	1	1	1	1	11
OG0004912	2	1	1	2	1	1	1	1	1	11
OG0004913	2	1	1	2	0	1	2	1	1	11
OG0004914	2	1	1	1	1	1	2	1	1	11
OG0004915	2	1	2	1	1	1	1	1	1	11
OG0004916	1	1	3	2	1	1	0	1	1	11
OG0004917	2	1	1	1	1	1	1	2	1	11
OG0004918	2	1	1	1	1	1	1	2	1	11
OG0004919	2	1	2	2	1	1	0	1	1	11
OG0004920	2	1	1	2	1	1	1	1	1	11
OG0004921	2	1	1	1	1	1	1	2	1	11
OG0004922	2	1	2	1	1	1	1	1	1	11
OG0004923	2	2	1	2	1	1	1	0	1	11
OG0004924	2	1	1	1	1	1	1	2	1	11
OG0004925	2	1	1	1	1	2	1	1	1	11
OG0004926	2	1	1	2	1	1	1	1	1	11
OG0004927	2	1	2	1	1	1	1	1	1	11
OG0004928	2	1	1	1	1	2	1	1	1	11
OG0004929	2	1	1	1	1	1	2	1	1	11
OG0004930	2	1	1	1	1	1	1	2	1	11
OG0004931	2	1	3	1	1	1	0	1	1	11
OG0004932	2	1	1	2	1	1	1	1	1	11
OG0004933	2	1	1	2	1	1	1	1	1	11
OG0004934	2	1	1	2	1	1	1	1	1	11
OG0004935	2	1	1	2	1	1	1	1	1	11
OG0004936	2	0	1	5	0	3	0	0	0	11
OG0004937	2	1	1	1	1	1	2	1	1	11
OG0004938	1	1	1	2	1	1	2	1	1	11
OG0004939	2	1	1	1	1	1	1	2	1	11
OG0004940	2	1	2	1	1	1	1	1	1	11
OG0004941	2	1	1	1	1	1	2	1	1	11
OG0004942	2	1	1	2	1	1	1	1	1	11
OG0004943	2	1	1	2	1	0	2	1	1	11
OG0004944	2	1	1	1	1	2	1	1	1	11
OG0004945	1	1	1	3	1	1	1	1	1	11
OG0004946	2	1	1	1	1	1	2	1	1	11
OG0004947	2	1	1	1	1	1	2	1	1	11
OG0004948	2	1	1	2	1	1	1	1	1	11
OG0004949	2	1	2	1	1	1	1	1	1	11
OG0004950	2	0	2	4	0	1	2	0	0	11
OG0004951	2	1	2	1	1	1	1	1	1	11
OG0004952	2	1	1	2	1	1	1	1	1	11
OG0004953	2	1	2	1	1	1	1	1	1	11
OG0004954	1	1	3	1	1	1	1	1	1	11
OG0004955	2	1	2	1	1	1	1	1	1	11
OG0004956	2	1	2	1	1	1	1	1	1	11
OG0004957	2	1	1	2	1	1	1	1	1	11
OG0004958	2	1	3	1	0	1	1	1	1	11
OG0004959	2	1	0	4	1	1	0	1	1	11
OG0004960	2	1	1	2	1	1	1	1	1	11
OG0004961	2	1	0	3	1	1	1	1	1	11
OG0004962	2	1	2	2	1	0	1	1	1	11
OG0004963	2	1	0	1	1	1	2	2	1	11
OG0004964	2	1	1	1	1	2	1	1	1	11
OG0004965	2	1	1	2	1	1	1	1	1	11
OG0004966	2	1	1	1	1	1	1	2	1	11
OG0004967	1	1	2	3	1	1	0	1	1	11
OG0004968	2	1	2	1	1	1	1	1	1	11
OG0004969	2	1	1	1	1	1	2	1	1	11
OG0004970	2	1	2	2	0	1	1	1	1	11
OG0004971	2	1	1	3	1	0	1	1	1	11
OG0004972	2	1	1	2	1	1	1	1	1	11
OG0004973	3	1	1	1	2	0	1	1	1	11
OG0004974	2	1	1	2	1	1	1	1	1	11
OG0004975	1	1	1	2	1	1	2	1	1	11
OG0004976	2	1	1	1	1	1	2	1	1	11
OG0004977	2	1	1	2	1	1	1	1	1	11
OG0004978	1	1	1	3	1	1	1	1	1	11
OG0004979	2	1	1	2	1	1	1	1	1	11
OG0004980	2	1	0	4	1	1	0	1	1	11
OG0004981	1	1	1	3	1	1	1	1	1	11
OG0004982	2	1	2	2	1	1	0	1	1	11
OG0004983	1	1	2	4	0	1	0	1	1	11
OG0004984	2	1	2	1	1	1	1	1	1	11
OG0004985	2	1	1	1	1	2	1	1	1	11
OG0004986	2	1	3	1	1	1	0	1	1	11
OG0004987	2	1	1	1	1	1	2	1	1	11
OG0004988	1	1	2	1	1	1	2	1	1	11
OG0004989	2	0	0	8	0	1	0	0	0	11
OG0004990	1	1	1	1	0	1	4	1	1	11
OG0004991	2	1	1	1	1	1	2	1	1	11
OG0004992	0	3	0	0	1	0	0	3	4	11
OG0004993	0	1	3	1	1	1	2	1	1	11
OG0004994	0	4	0	0	5	0	0	1	1	11
OG0004995	0	7	0	0	1	0	0	2	1	11
OG0004996	0	1	0	5	1	2	0	1	1	11
OG0004997	0	1	1	4	1	1	1	1	1	11
OG0004998	0	4	0	0	1	0	0	3	3	11
OG0004999	0	1	0	0	10	0	0	0	0	11
OG0005000	0	2	0	0	5	0	0	2	2	11
OG0005001	0	1	3	1	1	1	2	1	1	11
OG0005002	0	1	0	2	2	0	4	1	1	11
OG0005003	0	7	0	0	2	0	0	1	1	11
OG0005004	0	1	2	2	1	1	2	1	1	11
OG0005005	0	2	0	0	2	2	1	2	2	11
OG0005006	0	1	0	5	2	0	1	1	1	11
OG0005007	0	2	0	2	0	0	1	3	3	11
OG0005008	0	5	0	0	6	0	0	0	0	11
OG0005009	0	3	0	0	5	0	0	1	2	11
OG0005010	0	2	0	0	2	0	0	5	2	11
OG0005011	0	1	1	3	1	2	1	1	1	11
OG0005012	0	3	0	2	2	0	0	2	2	11
OG0005013	0	1	3	2	1	1	1	1	1	11
OG0005014	0	1	1	1	1	3	2	1	1	11
OG0005015	0	1	0	5	1	1	1	1	1	11
OG0005016	0	1	4	1	1	1	1	1	1	11
OG0005017	0	4	0	0	4	0	0	1	2	11
OG0005018	0	1	3	1	1	3	0	1	1	11
OG0005019	0	1	2	3	1	1	1	1	1	11
OG0005020	0	1	0	0	1	0	0	5	4	11
OG0005021	0	1	0	4	1	0	1	2	2	11
OG0005022	0	2	0	0	0	0	0	3	6	11
OG0005023	0	1	3	2	1	0	2	1	1	11
OG0005024	0	1	1	6	0	1	0	1	1	11
OG0005025	0	4	0	0	3	0	0	2	2	11
OG0005026	0	3	0	0	4	0	0	3	1	11
OG0005027	0	1	0	0	4	0	0	3	3	11
OG0005028	0	1	4	1	1	1	1	1	1	11
OG0005029	0	1	4	1	1	1	1	1	1	11
OG0005030	0	1	1	5	0	1	1	1	1	11
OG0005031	0	1	2	2	1	1	2	1	1	11
OG0005032	0	0	11	0	0	0	0	0	0	11
OG0005033	0	0	11	0	0	0	0	0	0	11
OG0005034	0	0	11	0	0	0	0	0	0	11
OG0005035	0	0	11	0	0	0	0	0	0	11
OG0005036	0	0	11	0	0	0	0	0	0	11
OG0005037	0	0	11	0	0	0	0	0	0	11
OG0005038	0	0	11	0	0	0	0	0	0	11
OG0005039	0	0	11	0	0	0	0	0	0	11
OG0005040	0	0	11	0	0	0	0	0	0	11
OG0005041	0	0	11	0	0	0	0	0	0	11
OG0005042	0	0	11	0	0	0	0	0	0	11
OG0005043	0	0	4	0	0	2	5	0	0	11
OG0005044	0	0	3	2	0	2	4	0	0	11
OG0005045	0	0	11	0	0	0	0	0	0	11
OG0005046	0	0	2	7	0	1	1	0	0	11
OG0005047	0	0	9	0	0	0	2	0	0	11
OG0005048	0	0	6	2	0	3	0	0	0	11
OG0005049	0	0	11	0	0	0	0	0	0	11
OG0005050	0	0	11	0	0	0	0	0	0	11
OG0005051	0	0	11	0	0	0	0	0	0	11
OG0005052	0	0	11	0	0	0	0	0	0	11
OG0005053	0	0	1	10	0	0	0	0	0	11
OG0005054	0	0	2	3	0	5	1	0	0	11
OG0005055	0	0	0	11	0	0	0	0	0	11
OG0005056	0	0	0	11	0	0	0	0	0	11
OG0005057	0	0	0	11	0	0	0	0	0	11
OG0005058	0	0	0	11	0	0	0	0	0	11
OG0005059	0	0	0	11	0	0	0	0	0	11
OG0005060	0	0	0	11	0	0	0	0	0	11
OG0005061	0	0	0	11	0	0	0	0	0	11
OG0005062	0	0	0	9	0	2	0	0	0	11
OG0005063	0	0	0	11	0	0	0	0	0	11
OG0005064	0	0	0	11	0	0	0	0	0	11
OG0005065	0	0	0	11	0	0	0	0	0	11
OG0005066	0	0	0	11	0	0	0	0	0	11
OG0005067	0	0	0	11	0	0	0	0	0	11
OG0005068	0	0	0	11	0	0	0	0	0	11
OG0005069	0	0	0	11	0	0	0	0	0	11
OG0005070	0	0	0	11	0	0	0	0	0	11
OG0005071	0	0	0	11	0	0	0	0	0	11
OG0005072	0	0	0	11	0	0	0	0	0	11
OG0005073	0	0	0	11	0	0	0	0	0	11
OG0005074	0	0	0	11	0	0	0	0	0	11
OG0005075	0	0	0	11	0	0	0	0	0	11
OG0005076	0	0	0	11	0	0	0	0	0	11
OG0005077	0	0	0	8	0	3	0	0	0	11
OG0005078	0	0	0	11	0	0	0	0	0	11
OG0005079	0	0	0	11	0	0	0	0	0	11
OG0005080	0	0	0	9	0	1	1	0	0	11
OG0005081	0	0	0	11	0	0	0	0	0	11
OG0005082	0	0	0	11	0	0	0	0	0	11
OG0005083	0	0	0	11	0	0	0	0	0	11
OG0005084	0	0	0	11	0	0	0	0	0	11
OG0005085	0	0	0	11	0	0	0	0	0	11
OG0005086	0	0	0	11	0	0	0	0	0	11
OG0005087	0	0	0	11	0	0	0	0	0	11
OG0005088	0	0	0	11	0	0	0	0	0	11
OG0005089	0	0	0	11	0	0	0	0	0	11
OG0005090	0	0	0	11	0	0	0	0	0	11
OG0005091	0	0	0	11	0	0	0	0	0	11
OG0005092	0	0	0	11	0	0	0	0	0	11
OG0005093	0	0	0	8	0	1	2	0	0	11
OG0005094	0	0	0	10	0	1	0	0	0	11
OG0005095	0	0	0	11	0	0	0	0	0	11
OG0005096	0	0	0	2	0	8	0	1	0	11
OG0005097	0	0	0	11	0	0	0	0	0	11
OG0005098	0	0	0	11	0	0	0	0	0	11
OG0005099	0	0	0	0	2	0	0	4	5	11
OG0005100	0	0	0	0	0	11	0	0	0	11
OG0005101	0	0	0	0	0	11	0	0	0	11
OG0005102	0	0	0	0	0	1	10	0	0	11
OG0005103	0	0	0	0	0	0	0	5	6	11
OG0005104	2	1	1	1	1	2	0	1	1	10
OG0005105	2	0	3	2	0	2	1	0	0	10
OG0005106	2	1	1	1	1	1	1	1	1	10
OG0005107	2	1	2	1	1	1	0	1	1	10
OG0005108	2	1	0	3	1	0	1	1	1	10
OG0005109	1	1	2	1	1	1	1	1	1	10
OG0005110	2	1	2	1	1	0	1	1	1	10
OG0005111	1	1	1	2	1	1	1	1	1	10
OG0005112	1	1	1	1	2	1	1	1	1	10
OG0005113	1	1	1	1	2	1	1	1	1	10
OG0005114	2	1	1	0	2	1	1	1	1	10
OG0005115	2	1	1	1	1	1	1	1	1	10
OG0005116	2	1	1	1	1	1	1	1	1	10
OG0005117	2	1	1	1	1	1	1	1	1	10
OG0005118	1	1	1	1	1	2	1	1	1	10
OG0005119	1	1	0	3	1	1	1	1	1	10
OG0005120	1	1	0	4	1	1	0	1	1	10
OG0005121	2	1	0	3	1	1	0	1	1	10
OG0005122	1	1	1	2	1	1	1	1	1	10
OG0005123	10	0	0	0	0	0	0	0	0	10
OG0005124	2	1	0	2	1	1	1	1	1	10
OG0005125	2	1	1	1	1	1	1	1	1	10
OG0005126	2	1	2	1	1	0	1	1	1	10
OG0005127	2	1	1	1	1	1	1	1	1	10
OG0005128	9	0	1	0	0	0	0	0	0	10
OG0005129	2	1	1	2	1	1	0	1	1	10
OG0005130	2	1	1	2	1	1	0	1	1	10
OG0005131	2	1	2	1	1	1	1	1	0	10
OG0005132	2	1	1	1	1	1	1	1	1	10
OG0005133	2	1	1	2	1	1	0	1	1	10
OG0005134	2	1	0	2	1	1	1	1	1	10
OG0005135	2	1	1	1	1	1	1	1	1	10
OG0005136	2	1	0	2	1	1	1	1	1	10
OG0005137	2	1	0	3	1	1	0	1	1	10
OG0005138	2	1	1	1	1	1	1	1	1	10
OG0005139	2	1	1	1	1	1	1	1	1	10
OG0005140	2	1	3	0	1	1	0	1	1	10
OG0005141	2	1	2	1	0	1	1	1	1	10
OG0005142	2	1	0	1	1	1	2	1	1	10
OG0005143	2	1	1	1	1	1	1	1	1	10
OG0005144	2	1	1	1	1	1	1	1	1	10
OG0005145	1	1	1	2	1	1	1	1	1	10
OG0005146	1	1	1	2	1	1	1	1	1	10
OG0005147	2	1	1	1	1	1	1	1	1	10
OG0005148	2	1	1	1	1	1	1	1	1	10
OG0005149	1	0	1	6	0	1	1	0	0	10
OG0005150	2	1	1	1	1	1	1	1	1	10
OG0005151	2	1	0	1	1	2	1	1	1	10
OG0005152	1	1	1	2	1	1	1	1	1	10
OG0005153	1	1	2	1	1	1	1	1	1	10
OG0005154	2	1	1	1	1	1	1	1	1	10
OG0005155	2	1	0	2	1	1	1	1	1	10
OG0005156	2	1	1	1	1	1	1	1	1	10
OG0005157	2	1	0	2	0	1	2	1	1	10
OG0005158	1	1	0	2	1	1	2	1	1	10
OG0005159	2	1	1	2	1	0	1	1	1	10
OG0005160	2	1	0	1	1	1	2	1	1	10
OG0005161	2	1	1	2	1	1	0	1	1	10
OG0005162	2	1	0	2	1	1	1	1	1	10
OG0005163	2	1	1	2	1	1	0	1	1	10
OG0005164	2	1	1	1	1	1	1	1	1	10
OG0005165	2	1	1	2	1	0	1	1	1	10
OG0005166	1	1	1	1	1	1	2	1	1	10
OG0005167	2	1	1	1	1	1	1	1	1	10
OG0005168	2	1	1	1	1	1	1	1	1	10
OG0005169	2	1	1	1	1	1	1	1	1	10
OG0005170	2	1	3	1	1	0	1	0	1	10
OG0005171	2	1	1	1	1	1	1	1	1	10
OG0005172	2	1	1	1	1	1	1	1	1	10
OG0005173	1	1	3	1	1	0	1	1	1	10
OG0005174	2	1	1	1	1	1	1	1	1	10
OG0005175	2	1	0	1	1	1	2	1	1	10
OG0005176	2	1	1	1	1	1	1	1	1	10
OG0005177	2	1	0	1	1	1	2	1	1	10
OG0005178	2	1	0	2	1	1	1	1	1	10
OG0005179	2	1	1	1	1	1	1	1	1	10
OG0005180	1	1	2	1	1	1	1	1	1	10
OG0005181	1	1	2	1	1	1	1	1	1	10
OG0005182	2	2	1	0	1	1	1	1	1	10
OG0005183	1	1	1	4	1	0	0	1	1	10
OG0005184	9	0	0	0	0	0	1	0	0	10
OG0005185	2	1	0	2	1	1	1	1	1	10
OG0005186	10	0	0	0	0	0	0	0	0	10
OG0005187	3	0	6	0	0	1	0	0	0	10
OG0005188	1	1	0	4	1	1	0	1	1	10
OG0005189	1	1	1	1	2	1	1	1	1	10
OG0005190	2	1	1	1	1	1	1	1	1	10
OG0005191	1	1	1	2	1	1	1	1	1	10
OG0005192	1	1	1	2	1	1	1	1	1	10
OG0005193	2	1	1	1	1	1	1	1	1	10
OG0005194	1	1	2	1	1	1	1	1	1	10
OG0005195	1	3	1	0	2	0	0	2	1	10
OG0005196	2	1	1	1	1	1	1	1	1	10
OG0005197	2	1	1	2	0	1	1	1	1	10
OG0005198	2	1	1	1	1	1	1	1	1	10
OG0005199	2	1	0	2	1	1	1	1	1	10
OG0005200	2	1	1	1	1	1	1	1	1	10
OG0005201	2	1	1	2	1	1	1	1	0	10
OG0005202	2	1	1	1	1	1	1	1	1	10
OG0005203	2	1	1	1	1	1	1	1	1	10
OG0005204	2	1	1	1	1	1	1	1	1	10
OG0005205	1	1	2	1	1	1	1	1	1	10
OG0005206	2	0	0	5	0	2	1	0	0	10
OG0005207	2	1	0	2	1	1	1	1	1	10
OG0005208	1	1	2	1	1	1	1	1	1	10
OG0005209	2	1	2	1	1	1	0	1	1	10
OG0005210	1	1	2	1	1	1	1	1	1	10
OG0005211	2	1	2	1	1	1	0	1	1	10
OG0005212	2	1	1	1	1	1	1	1	1	10
OG0005213	2	1	1	2	1	1	0	1	1	10
OG0005214	2	1	1	1	1	1	1	1	1	10
OG0005215	2	1	1	1	1	1	1	1	1	10
OG0005216	2	1	0	2	1	1	1	1	1	10
OG0005217	2	1	1	2	1	1	0	1	1	10
OG0005218	1	1	2	1	1	1	1	1	1	10
OG0005219	1	1	2	1	1	1	1	1	1	10
OG0005220	2	1	1	1	1	1	1	1	1	10
OG0005221	2	1	1	1	1	1	1	1	1	10
OG0005222	1	1	1	2	1	1	1	1	1	10
OG0005223	1	1	2	2	1	1	0	1	1	10
OG0005224	1	1	1	2	1	1	1	1	1	10
OG0005225	2	1	1	1	1	1	1	1	1	10
OG0005226	2	1	1	1	1	1	1	1	1	10
OG0005227	2	1	1	2	1	1	0	1	1	10
OG0005228	2	1	0	2	1	1	1	1	1	10
OG0005229	2	1	1	1	1	1	1	1	1	10
OG0005230	7	0	1	1	0	1	0	0	0	10
OG0005231	2	1	1	1	1	1	1	1	1	10
OG0005232	2	1	1	1	1	1	1	1	1	10
OG0005233	2	1	0	1	2	1	1	1	1	10
OG0005234	2	1	2	1	1	0	1	1	1	10
OG0005235	2	1	1	1	1	1	1	1	1	10
OG0005236	2	1	1	1	1	1	1	1	1	10
OG0005237	1	1	1	2	1	1	1	1	1	10
OG0005238	2	1	1	1	1	1	1	1	1	10
OG0005239	2	1	1	1	0	1	2	1	1	10
OG0005240	2	1	1	1	1	1	1	1	1	10
OG0005241	2	1	1	1	1	1	1	1	1	10
OG0005242	1	1	1	1	1	1	2	1	1	10
OG0005243	10	0	0	0	0	0	0	0	0	10
OG0005244	1	1	0	3	1	1	1	1	1	10
OG0005245	2	1	4	0	1	0	0	1	1	10
OG0005246	1	1	1	2	1	1	1	1	1	10
OG0005247	2	1	0	0	2	1	0	2	2	10
OG0005248	2	1	0	2	1	1	1	1	1	10
OG0005249	2	0	2	6	0	0	0	0	0	10
OG0005250	2	1	1	1	1	1	1	1	1	10
OG0005251	2	1	0	2	1	1	1	1	1	10
OG0005252	1	1	1	1	1	1	1	2	1	10
OG0005253	1	1	1	1	1	2	0	2	1	10
OG0005254	2	1	1	1	1	1	1	1	1	10
OG0005255	2	1	2	1	0	1	1	1	1	10
OG0005256	2	1	1	1	1	1	1	1	1	10
OG0005257	2	1	2	1	1	1	0	1	1	10
OG0005258	2	1	0	1	2	1	1	1	1	10
OG0005259	2	1	1	1	1	1	1	1	1	10
OG0005260	2	1	1	1	1	1	1	1	1	10
OG0005261	2	0	2	3	0	1	2	0	0	10
OG0005262	2	1	0	1	2	1	1	1	1	10
OG0005263	2	1	1	1	1	1	1	1	1	10
OG0005264	2	1	1	1	1	1	1	1	1	10
OG0005265	2	0	2	4	0	2	0	0	0	10
OG0005266	1	1	1	2	1	1	1	1	1	10
OG0005267	2	0	3	4	0	0	1	0	0	10
OG0005268	4	0	1	1	0	3	1	0	0	10
OG0005269	1	1	2	1	1	1	0	2	1	10
OG0005270	2	1	1	1	1	1	1	1	1	10
OG0005271	2	0	1	5	0	1	1	0	0	10
OG0005272	2	1	1	1	1	1	1	1	1	10
OG0005273	2	1	1	1	1	1	1	1	1	10
OG0005274	2	1	1	1	1	1	1	1	1	10
OG0005275	1	1	1	1	1	1	2	1	1	10
OG0005276	2	1	1	1	1	1	1	1	1	10
OG0005277	2	1	1	1	1	1	1	1	1	10
OG0005278	2	1	2	1	1	1	0	1	1	10
OG0005279	1	1	2	1	1	1	1	1	1	10
OG0005280	1	4	0	0	1	1	1	1	1	10
OG0005281	1	1	2	1	1	1	1	1	1	10
OG0005282	1	1	1	2	1	1	1	1	1	10
OG0005283	1	1	0	1	1	1	3	1	1	10
OG0005284	2	1	2	1	1	1	0	1	1	10
OG0005285	2	1	1	1	1	1	1	1	1	10
OG0005286	2	1	2	0	1	1	0	2	1	10
OG0005287	1	1	0	4	1	1	0	1	1	10
OG0005288	2	1	1	1	1	1	1	1	1	10
OG0005289	2	1	1	1	1	1	1	1	1	10
OG0005290	1	1	1	3	1	1	0	1	1	10
OG0005291	2	1	1	1	1	1	1	1	1	10
OG0005292	2	1	2	1	1	0	1	1	1	10
OG0005293	2	1	1	1	1	1	1	1	1	10
OG0005294	2	1	1	1	1	1	1	1	1	10
OG0005295	1	1	1	2	1	1	1	1	1	10
OG0005296	6	0	3	0	0	1	0	0	0	10
OG0005297	2	1	1	1	1	1	1	1	1	10
OG0005298	1	1	2	1	1	1	1	1	1	10
OG0005299	1	0	8	0	0	1	0	0	0	10
OG0005300	2	1	1	1	1	1	1	1	1	10
OG0005301	2	1	0	3	1	1	0	1	1	10
OG0005302	1	1	2	2	1	1	0	1	1	10
OG0005303	2	1	1	1	1	1	1	1	1	10
OG0005304	2	1	1	0	1	1	2	1	1	10
OG0005305	2	1	1	2	1	0	1	1	1	10
OG0005306	4	0	4	0	0	2	0	0	0	10
OG0005307	2	1	1	1	1	1	1	1	1	10
OG0005308	2	1	1	1	1	1	1	1	1	10
OG0005309	2	1	0	2	1	1	1	1	1	10
OG0005310	2	1	4	0	1	0	0	1	1	10
OG0005311	1	1	1	1	1	1	2	1	1	10
OG0005312	2	1	1	1	1	1	1	1	1	10
OG0005313	1	1	1	1	1	1	2	1	1	10
OG0005314	2	0	2	5	0	1	0	0	0	10
OG0005315	2	1	1	1	1	1	1	1	1	10
OG0005316	1	1	1	1	1	2	1	1	1	10
OG0005317	10	0	0	0	0	0	0	0	0	10
OG0005318	1	1	1	2	1	1	1	1	1	10
OG0005319	1	1	0	3	2	1	0	1	1	10
OG0005320	1	1	2	1	1	1	1	1	1	10
OG0005321	1	1	1	1	1	3	0	1	1	10
OG0005322	1	1	1	2	1	1	1	1	1	10
OG0005323	2	1	1	1	1	1	1	1	1	10
OG0005324	1	1	2	1	1	1	1	1	1	10
OG0005325	2	1	1	1	1	1	1	1	1	10
OG0005326	2	1	0	2	1	1	1	1	1	10
OG0005327	2	1	0	2	1	1	1	1	1	10
OG0005328	1	0	0	8	0	1	0	0	0	10
OG0005329	2	1	1	2	1	1	0	1	1	10
OG0005330	2	1	1	1	1	1	1	1	1	10
OG0005331	1	1	2	1	1	1	1	1	1	10
OG0005332	1	1	1	2	1	1	1	1	1	10
OG0005333	2	1	0	1	2	1	1	1	1	10
OG0005334	2	1	2	1	1	1	0	1	1	10
OG0005335	1	1	2	1	1	1	1	1	1	10
OG0005336	2	1	1	1	1	1	1	1	1	10
OG0005337	1	1	1	2	1	1	1	1	1	10
OG0005338	2	1	1	1	1	1	1	1	1	10
OG0005339	2	1	0	2	1	1	1	1	1	10
OG0005340	2	1	1	1	1	1	1	1	1	10
OG0005341	1	1	0	3	1	1	1	1	1	10
OG0005342	2	1	0	2	0	2	1	1	1	10
OG0005343	2	1	1	1	1	1	1	1	1	10
OG0005344	1	1	1	2	1	1	1	1	1	10
OG0005345	1	1	0	1	1	1	2	2	1	10
OG0005346	2	1	1	1	1	1	1	1	1	10
OG0005347	1	1	1	2	1	1	1	1	1	10
OG0005348	2	1	0	2	1	1	1	1	1	10
OG0005349	1	1	0	1	1	1	3	1	1	10
OG0005350	2	1	0	2	1	1	1	1	1	10
OG0005351	2	1	1	1	1	1	1	1	1	10
OG0005352	2	1	1	0	1	1	2	1	1	10
OG0005353	2	1	1	1	1	1	1	1	1	10
OG0005354	2	1	1	1	1	1	1	1	1	10
OG0005355	3	0	4	0	0	1	2	0	0	10
OG0005356	2	1	1	1	1	1	1	1	1	10
OG0005357	2	1	1	1	1	1	1	1	1	10
OG0005358	1	1	0	2	2	1	1	1	1	10
OG0005359	2	1	1	1	1	1	1	1	1	10
OG0005360	2	1	1	1	1	1	1	1	1	10
OG0005361	2	1	1	1	1	1	1	1	1	10
OG0005362	1	1	2	1	1	1	1	1	1	10
OG0005363	2	1	0	2	1	1	1	1	1	10
OG0005364	1	1	1	3	1	1	0	1	1	10
OG0005365	2	1	0	2	1	1	1	1	1	10
OG0005366	2	1	2	1	1	1	1	1	0	10
OG0005367	2	1	1	1	1	1	1	1	1	10
OG0005368	4	0	4	0	0	2	0	0	0	10
OG0005369	1	1	1	2	1	1	1	1	1	10
OG0005370	2	0	1	4	0	2	1	0	0	10
OG0005371	2	1	0	1	2	1	1	1	1	10
OG0005372	2	2	1	0	1	0	0	2	2	10
OG0005373	1	1	1	1	1	1	2	1	1	10
OG0005374	1	1	1	2	0	1	1	2	1	10
OG0005375	1	1	2	1	1	1	1	1	1	10
OG0005376	2	1	1	1	1	1	1	1	1	10
OG0005377	2	1	1	1	1	1	1	1	1	10
OG0005378	1	1	1	2	1	1	1	1	1	10
OG0005379	2	1	1	1	1	1	1	1	1	10
OG0005380	3	1	1	0	1	1	1	1	1	10
OG0005381	1	1	2	1	1	1	1	1	1	10
OG0005382	2	1	0	2	1	1	1	1	1	10
OG0005383	1	1	2	1	1	1	1	1	1	10
OG0005384	2	1	1	1	1	1	1	1	1	10
OG0005385	1	0	1	6	0	1	1	0	0	10
OG0005386	2	1	1	1	1	1	1	1	1	10
OG0005387	1	1	1	2	1	1	1	1	1	10
OG0005388	2	1	1	1	1	1	1	1	1	10
OG0005389	4	0	2	0	0	0	4	0	0	10
OG0005390	10	0	0	0	0	0	0	0	0	10
OG0005391	9	0	0	0	0	1	0	0	0	10
OG0005392	2	0	8	0	0	0	0	0	0	10
OG0005393	9	0	1	0	0	0	0	0	0	10
OG0005394	5	0	4	0	0	1	0	0	0	10
OG0005395	3	0	2	4	0	1	0	0	0	10
OG0005396	8	0	1	0	0	1	0	0	0	10
OG0005397	10	0	0	0	0	0	0	0	0	10
OG0005398	1	1	1	2	1	1	1	1	1	10
OG0005399	4	0	0	3	0	1	1	1	0	10
OG0005400	2	1	2	1	1	1	0	1	1	10
OG0005401	2	1	0	1	1	1	1	2	1	10
OG0005402	1	0	1	4	1	1	0	1	1	10
OG0005403	1	1	2	1	1	1	1	1	1	10
OG0005404	2	1	0	2	1	1	1	1	1	10
OG0005405	2	1	1	1	1	1	1	1	1	10
OG0005406	2	1	1	1	1	1	1	1	1	10
OG0005407	2	1	1	2	1	1	0	1	1	10
OG0005408	1	1	2	1	1	1	1	1	1	10
OG0005409	2	1	2	2	0	1	0	1	1	10
OG0005410	2	1	1	1	0	1	2	1	1	10
OG0005411	3	1	0	1	1	1	1	1	1	10
OG0005412	2	1	0	1	1	2	1	1	1	10
OG0005413	1	1	1	1	1	1	2	1	1	10
OG0005414	2	1	0	2	1	1	1	1	1	10
OG0005415	2	1	1	1	1	1	1	1	1	10
OG0005416	1	1	2	1	1	1	1	1	1	10
OG0005417	1	2	0	2	1	1	1	1	1	10
OG0005418	1	1	0	3	1	1	1	1	1	10
OG0005419	2	0	4	0	0	4	0	0	0	10
OG0005420	2	1	0	1	1	1	1	1	2	10
OG0005421	2	1	1	1	1	1	1	1	1	10
OG0005422	2	1	1	2	1	1	0	1	1	10
OG0005423	2	0	6	1	0	1	0	0	0	10
OG0005424	1	1	0	3	1	1	1	1	1	10
OG0005425	1	1	2	2	1	1	0	1	1	10
OG0005426	1	1	2	1	1	1	1	1	1	10
OG0005427	2	1	1	1	1	1	1	1	1	10
OG0005428	2	1	2	0	1	1	1	1	1	10
OG0005429	1	1	2	1	1	1	1	1	1	10
OG0005430	2	1	1	1	1	1	1	1	1	10
OG0005431	2	1	1	1	1	1	1	1	1	10
OG0005432	1	0	1	0	0	1	7	0	0	10
OG0005433	2	1	1	1	1	1	1	1	1	10
OG0005434	1	1	2	1	1	1	1	1	1	10
OG0005435	1	1	1	2	1	1	1	1	1	10
OG0005436	2	1	1	1	1	1	1	1	1	10
OG0005437	2	1	2	1	1	1	0	1	1	10
OG0005438	1	1	1	2	1	1	1	1	1	10
OG0005439	1	1	1	2	1	1	1	1	1	10
OG0005440	2	1	1	1	1	1	1	1	1	10
OG0005441	1	1	2	2	1	1	0	1	1	10
OG0005442	2	1	1	1	1	1	1	1	1	10
OG0005443	2	1	0	3	1	0	1	1	1	10
OG0005444	2	1	1	1	1	1	1	1	1	10
OG0005445	2	1	3	0	1	1	0	1	1	10
OG0005446	2	1	1	1	1	1	1	1	1	10
OG0005447	2	1	1	1	1	1	1	1	1	10
OG0005448	1	1	1	2	1	2	0	1	1	10
OG0005449	2	1	1	1	1	1	1	1	1	10
OG0005450	1	1	0	2	0	1	2	1	2	10
OG0005451	2	1	1	1	1	1	1	1	1	10
OG0005452	2	1	1	1	1	1	1	1	1	10
OG0005453	2	1	1	2	1	1	0	1	1	10
OG0005454	1	1	1	2	1	1	1	1	1	10
OG0005455	2	1	1	1	1	1	1	1	1	10
OG0005456	1	1	2	1	1	1	1	1	1	10
OG0005457	6	0	3	0	0	1	0	0	0	10
OG0005458	2	1	1	1	1	1	1	1	1	10
OG0005459	2	1	1	1	1	1	1	1	1	10
OG0005460	2	1	1	1	1	1	1	1	1	10
OG0005461	2	1	1	1	1	1	1	1	1	10
OG0005462	2	1	1	1	1	1	1	1	1	10
OG0005463	2	1	0	1	1	1	1	1	2	10
OG0005464	1	1	2	1	0	1	2	1	1	10
OG0005465	2	1	1	1	1	1	1	1	1	10
OG0005466	2	1	1	1	1	1	1	1	1	10
OG0005467	1	1	1	2	1	1	1	1	1	10
OG0005468	1	1	2	2	1	1	0	1	1	10
OG0005469	2	1	1	1	1	2	0	1	1	10
OG0005470	2	1	1	1	1	1	1	1	1	10
OG0005471	2	1	1	1	1	1	1	1	1	10
OG0005472	1	1	1	2	1	1	1	1	1	10
OG0005473	2	1	1	1	1	1	1	1	1	10
OG0005474	1	1	2	1	1	1	1	1	1	10
OG0005475	2	1	1	1	1	1	1	1	1	10
OG0005476	2	1	1	1	1	1	1	1	1	10
OG0005477	1	1	1	1	1	1	2	1	1	10
OG0005478	2	1	1	1	1	1	1	1	1	10
OG0005479	2	1	1	2	1	1	0	1	1	10
OG0005480	2	1	0	2	1	1	1	1	1	10
OG0005481	1	1	1	1	2	1	1	1	1	10
OG0005482	1	1	2	1	1	2	0	1	1	10
OG0005483	2	1	1	1	1	1	1	1	1	10
OG0005484	2	1	1	1	1	1	0	2	1	10
OG0005485	2	1	1	1	1	1	1	1	1	10
OG0005486	2	1	1	1	1	1	1	1	1	10
OG0005487	2	1	3	0	1	1	0	1	1	10
OG0005488	2	1	1	1	1	1	1	1	1	10
OG0005489	2	0	4	3	0	0	1	0	0	10
OG0005490	2	1	1	1	1	1	1	1	1	10
OG0005491	2	1	1	1	1	1	1	1	1	10
OG0005492	2	1	1	1	1	1	1	1	1	10
OG0005493	2	1	1	1	1	1	1	1	1	10
OG0005494	2	1	2	1	1	0	1	1	1	10
OG0005495	1	2	0	2	1	1	1	1	1	10
OG0005496	1	1	1	2	1	1	1	1	1	10
OG0005497	2	1	1	1	1	1	1	1	1	10
OG0005498	2	1	1	1	1	1	1	1	1	10
OG0005499	2	1	1	1	1	1	1	1	1	10
OG0005500	2	1	1	1	1	1	1	1	1	10
OG0005501	2	1	2	1	0	1	1	1	1	10
OG0005502	1	1	2	1	1	1	1	1	1	10
OG0005503	2	1	1	1	1	1	1	1	1	10
OG0005504	2	1	1	1	1	1	1	1	1	10
OG0005505	2	1	1	1	1	1	1	1	1	10
OG0005506	2	1	1	2	0	1	1	1	1	10
OG0005507	2	1	1	1	1	1	1	1	1	10
OG0005508	2	1	1	1	1	1	1	1	1	10
OG0005509	2	1	1	2	1	1	0	1	1	10
OG0005510	2	1	1	1	1	1	1	1	1	10
OG0005511	2	1	1	1	1	1	1	1	1	10
OG0005512	2	1	1	1	0	1	2	1	1	10
OG0005513	2	0	0	7	0	1	0	0	0	10
OG0005514	2	1	1	1	1	1	1	1	1	10
OG0005515	1	1	2	1	1	1	1	1	1	10
OG0005516	2	1	1	1	1	1	1	1	1	10
OG0005517	1	1	1	2	1	1	1	1	1	10
OG0005518	2	1	0	1	1	1	2	1	1	10
OG0005519	2	1	1	1	1	1	1	1	1	10
OG0005520	1	1	2	1	1	1	1	1	1	10
OG0005521	2	1	1	1	1	1	1	1	1	10
OG0005522	1	1	2	1	1	1	1	1	1	10
OG0005523	2	1	1	2	0	1	1	1	1	10
OG0005524	2	1	1	1	1	1	1	1	1	10
OG0005525	2	1	2	1	1	1	0	1	1	10
OG0005526	2	1	1	1	1	1	1	1	1	10
OG0005527	1	1	1	2	1	1	1	1	1	10
OG0005528	1	1	2	2	1	1	0	1	1	10
OG0005529	2	1	2	1	0	1	1	1	1	10
OG0005530	2	1	1	1	1	1	1	1	1	10
OG0005531	2	1	1	1	1	1	1	1	1	10
OG0005532	2	1	1	2	1	0	1	1	1	10
OG0005533	1	1	1	2	1	1	1	1	1	10
OG0005534	2	1	1	1	1	1	1	1	1	10
OG0005535	2	1	1	1	1	1	1	1	1	10
OG0005536	2	0	2	0	0	6	0	0	0	10
OG0005537	2	1	1	1	1	1	1	1	1	10
OG0005538	2	1	1	1	1	1	1	1	1	10
OG0005539	2	1	0	2	1	1	1	1	1	10
OG0005540	2	1	1	1	1	1	1	1	1	10
OG0005541	2	1	1	1	1	1	1	1	1	10
OG0005542	2	1	1	1	1	1	1	1	1	10
OG0005543	2	1	1	1	1	1	1	1	1	10
OG0005544	1	1	1	2	1	1	1	1	1	10
OG0005545	1	1	3	0	1	1	1	1	1	10
OG0005546	2	1	1	1	1	1	1	1	1	10
OG0005547	1	1	1	2	1	1	1	1	1	10
OG0005548	2	1	2	2	1	1	0	0	1	10
OG0005549	2	1	1	1	1	1	1	1	1	10
OG0005550	2	1	1	2	1	1	0	1	1	10
OG0005551	2	1	1	1	1	1	1	1	1	10
OG0005552	2	1	1	1	1	1	0	2	1	10
OG0005553	1	1	2	1	1	1	1	1	1	10
OG0005554	2	1	1	1	1	1	1	1	1	10
OG0005555	1	1	1	2	1	1	1	1	1	10
OG0005556	2	1	0	3	1	1	0	1	1	10
OG0005557	1	0	2	0	0	7	0	0	0	10
OG0005558	3	1	0	2	1	0	0	2	1	10
OG0005559	2	1	1	1	1	1	1	1	1	10
OG0005560	1	1	1	2	1	1	1	1	1	10
OG0005561	2	1	0	3	0	1	1	1	1	10
OG0005562	2	1	1	1	1	1	1	1	1	10
OG0005563	1	1	1	1	1	1	2	1	1	10
OG0005564	3	0	2	2	0	2	1	0	0	10
OG0005565	2	1	0	1	1	1	2	1	1	10
OG0005566	2	1	1	1	1	1	1	1	1	10
OG0005567	2	1	1	1	1	1	1	1	1	10
OG0005568	1	1	1	2	1	1	1	1	1	10
OG0005569	1	1	0	4	1	1	0	1	1	10
OG0005570	1	1	1	3	1	1	0	1	1	10
OG0005571	2	0	2	1	1	1	1	1	1	10
OG0005572	2	1	1	1	1	1	1	1	1	10
OG0005573	2	1	1	2	1	1	0	1	1	10
OG0005574	2	1	1	1	1	1	1	1	1	10
OG0005575	1	1	1	2	1	1	1	1	1	10
OG0005576	2	1	2	2	1	0	0	1	1	10
OG0005577	1	1	0	3	1	1	1	1	1	10
OG0005578	2	1	2	1	1	1	1	0	1	10
OG0005579	1	1	1	3	1	0	1	1	1	10
OG0005580	1	0	8	0	0	1	0	0	0	10
OG0005581	2	0	5	0	0	3	0	0	0	10
OG0005582	1	1	1	2	1	1	1	1	1	10
OG0005583	2	1	0	2	1	1	1	1	1	10
OG0005584	2	1	1	1	1	1	1	1	1	10
OG0005585	2	1	0	2	1	1	1	1	1	10
OG0005586	2	1	4	0	1	1	0	0	1	10
OG0005587	2	1	2	0	1	1	1	1	1	10
OG0005588	2	1	1	1	1	1	1	1	1	10
OG0005589	1	1	1	1	2	1	1	1	1	10
OG0005590	1	1	2	1	1	1	1	1	1	10
OG0005591	2	1	2	1	1	0	1	1	1	10
OG0005592	2	1	1	1	1	1	1	1	1	10
OG0005593	1	1	2	1	1	1	1	1	1	10
OG0005594	2	1	1	1	1	1	1	1	1	10
OG0005595	2	1	1	1	1	1	1	1	1	10
OG0005596	2	1	1	1	1	1	1	1	1	10
OG0005597	2	1	1	1	1	1	1	1	1	10
OG0005598	1	1	1	2	1	1	0	2	1	10
OG0005599	2	1	1	0	1	2	1	1	1	10
OG0005600	1	1	0	3	1	1	1	1	1	10
OG0005601	2	1	1	1	1	1	1	1	1	10
OG0005602	2	1	0	2	1	1	1	1	1	10
OG0005603	2	1	1	1	1	1	1	1	1	10
OG0005604	2	1	1	1	1	1	1	1	1	10
OG0005605	2	1	1	1	1	1	1	1	1	10
OG0005606	2	1	1	1	1	1	1	1	1	10
OG0005607	1	1	1	1	1	1	2	1	1	10
OG0005608	2	1	0	1	1	2	1	1	1	10
OG0005609	2	1	1	1	1	1	1	1	1	10
OG0005610	2	1	1	1	1	1	0	2	1	10
OG0005611	2	1	1	1	1	1	1	1	1	10
OG0005612	2	1	2	1	1	0	1	1	1	10
OG0005613	2	1	1	1	1	1	1	1	1	10
OG0005614	2	1	1	1	1	1	1	1	1	10
OG0005615	1	1	2	1	1	1	1	1	1	10
OG0005616	1	1	1	2	1	1	1	1	1	10
OG0005617	2	1	0	3	0	1	1	1	1	10
OG0005618	1	1	2	0	1	2	0	2	1	10
OG0005619	1	0	2	5	0	2	0	0	0	10
OG0005620	2	1	1	1	0	1	2	1	1	10
OG0005621	2	1	1	1	1	1	1	1	1	10
OG0005622	2	1	1	1	1	1	1	1	1	10
OG0005623	2	1	1	2	1	0	1	1	1	10
OG0005624	2	1	1	1	1	1	1	1	1	10
OG0005625	2	1	2	2	0	1	0	1	1	10
OG0005626	2	1	1	2	1	1	0	1	1	10
OG0005627	2	1	1	1	1	1	1	1	1	10
OG0005628	2	1	1	1	1	1	1	1	1	10
OG0005629	2	1	1	1	1	1	1	1	1	10
OG0005630	2	1	1	1	1	1	1	1	1	10
OG0005631	1	1	2	2	1	1	0	1	1	10
OG0005632	2	1	1	3	1	0	0	1	1	10
OG0005633	2	1	1	1	1	1	1	1	1	10
OG0005634	1	1	2	1	1	1	1	1	1	10
OG0005635	2	1	1	1	1	1	1	1	1	10
OG0005636	1	0	4	4	0	1	0	0	0	10
OG0005637	2	1	1	1	1	1	1	1	1	10
OG0005638	2	1	1	1	1	1	1	1	1	10
OG0005639	2	1	1	1	1	1	1	1	1	10
OG0005640	2	1	1	1	1	1	1	1	1	10
OG0005641	3	1	1	0	1	1	1	1	1	10
OG0005642	2	1	1	1	1	1	1	1	1	10
OG0005643	2	1	1	1	1	1	1	1	1	10
OG0005644	2	1	1	2	0	1	1	1	1	10
OG0005645	2	1	1	2	1	1	0	1	1	10
OG0005646	6	0	4	0	0	0	0	0	0	10
OG0005647	1	1	2	2	1	1	0	1	1	10
OG0005648	2	1	3	0	1	1	0	1	1	10
OG0005649	2	1	1	1	1	1	1	1	1	10
OG0005650	1	1	1	3	1	0	1	1	1	10
OG0005651	2	1	1	1	1	1	1	1	1	10
OG0005652	2	1	1	1	1	1	1	1	1	10
OG0005653	2	1	1	1	1	1	1	1	1	10
OG0005654	2	1	1	1	1	1	1	1	1	10
OG0005655	2	1	1	1	1	1	1	1	1	10
OG0005656	1	1	1	1	2	1	1	1	1	10
OG0005657	1	1	2	1	1	1	1	1	1	10
OG0005658	1	1	2	1	1	1	1	1	1	10
OG0005659	2	1	1	1	1	1	1	1	1	10
OG0005660	2	1	1	2	1	1	0	1	1	10
OG0005661	2	1	1	1	1	1	1	1	1	10
OG0005662	2	1	1	1	1	1	1	1	1	10
OG0005663	2	1	1	1	1	1	1	1	1	10
OG0005664	1	1	2	3	1	1	0	1	0	10
OG0005665	2	1	1	1	1	1	1	1	1	10
OG0005666	1	1	1	1	1	1	2	1	1	10
OG0005667	2	1	2	1	1	0	1	1	1	10
OG0005668	2	1	0	2	1	1	1	1	1	10
OG0005669	2	1	1	1	1	1	1	1	1	10
OG0005670	2	1	0	1	1	1	2	1	1	10
OG0005671	2	1	0	2	1	1	1	1	1	10
OG0005672	2	1	0	1	1	1	2	1	1	10
OG0005673	2	1	1	1	1	1	1	1	1	10
OG0005674	1	1	0	2	1	1	2	1	1	10
OG0005675	2	1	1	1	1	0	1	2	1	10
OG0005676	2	1	1	1	1	1	1	1	1	10
OG0005677	2	1	2	2	1	1	0	0	1	10
OG0005678	1	1	1	1	1	1	1	2	1	10
OG0005679	2	1	1	1	1	1	1	1	1	10
OG0005680	10	0	0	0	0	0	0	0	0	10
OG0005681	2	1	1	2	1	0	1	1	1	10
OG0005682	2	1	1	1	1	1	1	1	1	10
OG0005683	1	1	1	2	1	1	1	1	1	10
OG0005684	2	1	0	1	1	1	2	1	1	10
OG0005685	2	1	1	0	1	2	1	1	1	10
OG0005686	1	1	1	2	1	1	1	1	1	10
OG0005687	2	1	0	1	1	1	1	2	1	10
OG0005688	2	1	1	1	1	1	1	1	1	10
OG0005689	2	1	0	2	1	1	1	1	1	10
OG0005690	2	1	1	1	1	1	1	1	1	10
OG0005691	2	1	1	1	1	1	1	1	1	10
OG0005692	2	1	1	1	1	1	1	1	1	10
OG0005693	2	1	1	1	1	1	1	1	1	10
OG0005694	2	1	1	1	1	1	1	1	1	10
OG0005695	1	1	1	2	1	1	1	1	1	10
OG0005696	2	1	1	1	1	1	1	1	1	10
OG0005697	1	1	1	2	1	1	1	1	1	10
OG0005698	2	1	0	2	1	1	1	1	1	10
OG0005699	2	1	0	1	1	1	2	1	1	10
OG0005700	2	1	0	2	1	1	1	1	1	10
OG0005701	2	1	1	1	1	1	1	1	1	10
OG0005702	1	1	1	2	1	1	1	1	1	10
OG0005703	2	1	1	1	1	1	1	1	1	10
OG0005704	2	1	1	1	1	1	1	1	1	10
OG0005705	2	1	1	1	1	1	1	1	1	10
OG0005706	2	1	1	1	1	0	1	2	1	10
OG0005707	3	0	7	0	0	0	0	0	0	10
OG0005708	2	0	3	1	0	2	2	0	0	10
OG0005709	2	1	1	1	1	1	1	1	1	10
OG0005710	1	1	1	2	1	1	1	1	1	10
OG0005711	1	1	1	3	0	1	1	1	1	10
OG0005712	1	0	2	6	0	1	0	0	0	10
OG0005713	1	1	2	1	1	1	1	1	1	10
OG0005714	1	1	2	1	1	1	1	1	1	10
OG0005715	4	0	3	0	0	3	0	0	0	10
OG0005716	1	1	0	3	1	1	1	1	1	10
OG0005717	1	1	1	2	1	1	1	1	1	10
OG0005718	1	1	1	2	1	1	1	1	1	10
OG0005719	2	1	1	1	1	1	1	1	1	10
OG0005720	1	1	1	2	1	0	2	1	1	10
OG0005721	2	1	2	1	1	0	1	1	1	10
OG0005722	1	1	2	1	1	1	1	1	1	10
OG0005723	2	1	1	1	1	1	1	1	1	10
OG0005724	2	1	1	1	1	1	1	1	1	10
OG0005725	2	1	1	1	1	1	1	1	1	10
OG0005726	1	1	2	1	1	1	1	1	1	10
OG0005727	1	1	1	2	1	1	1	1	1	10
OG0005728	2	1	1	1	1	1	1	1	1	10
OG0005729	2	1	1	1	1	1	1	1	1	10
OG0005730	2	1	1	2	1	1	0	1	1	10
OG0005731	2	1	1	2	0	1	1	1	1	10
OG0005732	2	1	2	1	1	1	0	1	1	10
OG0005733	2	1	1	1	1	1	1	1	1	10
OG0005734	2	1	1	1	1	1	1	1	1	10
OG0005735	1	1	2	1	1	1	1	1	1	10
OG0005736	1	1	1	2	1	1	1	1	1	10
OG0005737	2	1	1	1	1	1	1	1	1	10
OG0005738	1	1	1	1	1	1	2	1	1	10
OG0005739	2	1	2	1	0	1	1	1	1	10
OG0005740	2	1	1	2	1	1	0	1	1	10
OG0005741	2	1	0	3	1	0	1	1	1	10
OG0005742	1	1	3	1	1	1	0	1	1	10
OG0005743	3	1	0	3	0	1	0	1	1	10
OG0005744	2	1	1	1	1	1	1	1	1	10
OG0005745	2	1	1	1	1	1	1	1	1	10
OG0005746	2	1	1	1	1	1	1	1	1	10
OG0005747	1	1	1	2	1	1	1	1	1	10
OG0005748	1	1	2	1	1	1	1	1	1	10
OG0005749	2	1	1	1	1	1	1	1	1	10
OG0005750	2	1	1	1	1	1	1	1	1	10
OG0005751	2	1	1	1	1	1	1	1	1	10
OG0005752	1	1	2	1	1	1	1	1	1	10
OG0005753	1	1	1	2	1	1	1	1	1	10
OG0005754	2	1	1	1	1	1	0	2	1	10
OG0005755	2	1	0	1	1	2	1	1	1	10
OG0005756	2	0	3	1	0	1	3	0	0	10
OG0005757	1	1	1	1	2	1	1	1	1	10
OG0005758	2	0	7	0	0	1	0	0	0	10
OG0005759	2	1	1	1	1	1	1	1	1	10
OG0005760	2	1	1	1	1	1	1	1	1	10
OG0005761	2	1	1	1	1	1	1	1	1	10
OG0005762	2	1	1	1	1	1	1	1	1	10
OG0005763	2	1	2	1	0	1	1	1	1	10
OG0005764	1	1	2	2	1	1	0	1	1	10
OG0005765	1	1	0	2	1	1	2	1	1	10
OG0005766	2	1	1	1	1	1	1	1	1	10
OG0005767	1	1	2	1	1	1	1	1	1	10
OG0005768	1	1	1	1	1	1	2	1	1	10
OG0005769	2	1	1	1	1	1	1	1	1	10
OG0005770	2	1	1	1	1	1	1	1	1	10
OG0005771	2	1	1	1	1	1	1	1	1	10
OG0005772	2	1	1	2	1	0	1	1	1	10
OG0005773	2	1	1	1	1	1	1	1	1	10
OG0005774	1	1	1	1	1	1	2	1	1	10
OG0005775	1	1	2	1	1	1	1	1	1	10
OG0005776	2	1	1	1	1	1	1	1	1	10
OG0005777	1	1	1	3	0	1	1	1	1	10
OG0005778	2	1	1	1	1	1	1	1	1	10
OG0005779	2	1	1	1	1	1	1	1	1	10
OG0005780	2	1	0	2	1	0	1	2	1	10
OG0005781	2	1	1	1	1	1	1	1	1	10
OG0005782	1	1	1	1	1	1	2	1	1	10
OG0005783	1	1	2	1	1	1	1	1	1	10
OG0005784	2	2	1	0	1	1	1	1	1	10
OG0005785	2	1	0	2	1	1	1	1	1	10
OG0005786	2	1	1	1	1	1	1	1	1	10
OG0005787	2	1	1	1	2	1	0	1	1	10
OG0005788	1	1	0	2	1	1	2	1	1	10
OG0005789	2	1	1	1	0	1	2	1	1	10
OG0005790	2	1	1	1	1	1	1	1	1	10
OG0005791	1	1	1	2	1	1	1	1	1	10
OG0005792	2	1	1	1	1	1	1	1	1	10
OG0005793	2	1	1	2	1	1	0	1	1	10
OG0005794	2	1	1	1	1	1	1	1	1	10
OG0005795	2	1	0	2	1	1	1	1	1	10
OG0005796	2	1	1	1	1	1	1	1	1	10
OG0005797	2	1	0	2	1	1	0	2	1	10
OG0005798	2	1	1	1	1	1	1	1	1	10
OG0005799	2	1	1	1	1	1	1	1	1	10
OG0005800	2	1	1	1	1	1	1	1	1	10
OG0005801	2	1	1	0	1	1	1	2	1	10
OG0005802	2	0	2	1	1	1	1	1	1	10
OG0005803	2	1	1	1	1	1	1	1	1	10
OG0005804	2	1	0	2	1	1	1	1	1	10
OG0005805	1	1	1	2	1	1	1	1	1	10
OG0005806	2	1	1	1	1	1	1	1	1	10
OG0005807	2	1	1	1	1	1	1	1	1	10
OG0005808	2	1	1	1	1	1	1	1	1	10
OG0005809	2	1	2	1	1	0	1	1	1	10
OG0005810	1	1	2	1	1	1	1	1	1	10
OG0005811	2	1	1	2	1	1	0	1	1	10
OG0005812	2	1	1	1	1	1	1	1	1	10
OG0005813	2	0	1	4	0	3	0	0	0	10
OG0005814	1	1	1	2	1	1	1	1	1	10
OG0005815	1	1	2	2	1	1	0	1	1	10
OG0005816	1	1	1	2	1	1	1	1	1	10
OG0005817	1	1	1	2	1	2	0	1	1	10
OG0005818	2	1	1	1	1	1	1	1	1	10
OG0005819	2	1	1	1	1	1	1	1	1	10
OG0005820	3	0	2	2	0	3	0	0	0	10
OG0005821	2	1	2	1	1	0	1	1	1	10
OG0005822	2	1	1	1	1	1	1	1	1	10
OG0005823	2	1	1	1	1	1	1	1	1	10
OG0005824	2	1	1	1	1	1	1	1	1	10
OG0005825	2	1	1	1	1	1	1	1	1	10
OG0005826	2	1	1	1	1	1	1	1	1	10
OG0005827	2	1	1	2	1	1	0	1	1	10
OG0005828	1	1	2	1	1	1	1	1	1	10
OG0005829	2	1	1	1	1	1	1	1	1	10
OG0005830	2	1	1	1	1	1	1	1	1	10
OG0005831	2	1	1	1	1	1	1	1	1	10
OG0005832	1	1	1	2	1	1	0	2	1	10
OG0005833	2	1	1	1	1	1	1	1	1	10
OG0005834	1	1	1	2	1	1	1	1	1	10
OG0005835	2	1	1	1	1	1	1	1	1	10
OG0005836	1	1	0	3	1	1	1	1	1	10
OG0005837	2	1	1	1	1	1	1	1	1	10
OG0005838	2	1	1	1	1	1	1	1	1	10
OG0005839	2	1	1	1	1	1	1	1	1	10
OG0005840	2	1	1	2	1	1	1	0	1	10
OG0005841	2	1	2	1	1	1	0	1	1	10
OG0005842	2	1	1	1	1	1	1	1	1	10
OG0005843	2	0	2	1	1	1	1	1	1	10
OG0005844	2	1	1	1	1	1	1	1	1	10
OG0005845	3	0	1	0	0	6	0	0	0	10
OG0005846	2	1	2	1	1	0	1	1	1	10
OG0005847	1	0	1	7	0	1	0	0	0	10
OG0005848	2	1	1	1	1	1	1	1	1	10
OG0005849	2	1	1	1	1	1	1	1	1	10
OG0005850	2	1	1	2	1	0	1	1	1	10
OG0005851	2	1	1	1	1	1	1	1	1	10
OG0005852	2	1	0	2	1	1	1	1	1	10
OG0005853	2	1	1	1	1	1	1	1	1	10
OG0005854	2	1	2	0	1	1	1	1	1	10
OG0005855	2	1	1	1	1	1	1	1	1	10
OG0005856	2	1	1	1	1	1	1	1	1	10
OG0005857	2	1	1	0	1	2	1	1	1	10
OG0005858	1	1	1	3	1	1	0	1	1	10
OG0005859	1	1	0	2	1	1	2	1	1	10
OG0005860	2	1	0	2	1	1	1	1	1	10
OG0005861	1	1	0	1	1	2	2	1	1	10
OG0005862	2	1	0	2	1	1	1	1	1	10
OG0005863	2	1	0	2	1	1	1	1	1	10
OG0005864	1	1	2	1	1	1	1	1	1	10
OG0005865	2	1	1	1	1	1	1	1	1	10
OG0005866	1	1	1	2	1	1	1	1	1	10
OG0005867	2	1	1	1	1	1	1	1	1	10
OG0005868	2	1	1	1	1	1	1	1	1	10
OG0005869	2	1	1	1	1	1	0	2	1	10
OG0005870	2	1	2	1	1	1	0	1	1	10
OG0005871	2	1	2	1	1	1	0	1	1	10
OG0005872	1	1	2	1	1	1	1	1	1	10
OG0005873	3	1	0	2	1	1	0	1	1	10
OG0005874	2	1	1	1	1	1	0	1	2	10
OG0005875	2	1	1	1	1	1	1	1	1	10
OG0005876	2	1	1	1	1	1	1	1	1	10
OG0005877	2	1	2	1	1	1	0	1	1	10
OG0005878	2	1	1	2	1	1	0	1	1	10
OG0005879	2	1	1	1	1	1	1	1	1	10
OG0005880	2	1	1	1	1	1	1	1	1	10
OG0005881	2	1	0	2	1	1	1	1	1	10
OG0005882	2	1	1	1	1	1	1	1	1	10
OG0005883	2	1	1	1	1	1	1	1	1	10
OG0005884	2	1	1	1	1	1	1	1	1	10
OG0005885	2	1	1	1	1	1	1	1	1	10
OG0005886	2	1	0	2	1	1	1	1	1	10
OG0005887	2	1	1	1	1	1	1	1	1	10
OG0005888	1	1	2	1	1	1	1	1	1	10
OG0005889	2	1	1	1	1	1	1	1	1	10
OG0005890	1	1	1	1	1	1	2	1	1	10
OG0005891	2	1	1	1	1	1	1	1	1	10
OG0005892	2	1	1	1	1	0	2	1	1	10
OG0005893	1	1	3	1	1	1	0	1	1	10
OG0005894	2	2	1	0	1	1	1	0	2	10
OG0005895	2	1	0	1	1	1	2	1	1	10
OG0005896	1	1	1	2	1	1	1	1	1	10
OG0005897	3	1	1	1	1	0	1	1	1	10
OG0005898	2	1	2	1	1	1	0	1	1	10
OG0005899	2	1	1	1	1	1	1	1	1	10
OG0005900	2	1	1	1	1	1	1	1	1	10
OG0005901	1	1	1	2	1	2	0	1	1	10
OG0005902	1	1	1	2	1	1	1	1	1	10
OG0005903	1	1	0	2	1	1	2	1	1	10
OG0005904	2	1	0	1	1	1	1	2	1	10
OG0005905	2	1	1	1	1	1	1	1	1	10
OG0005906	2	1	1	0	1	3	0	1	1	10
OG0005907	2	1	2	1	1	1	1	0	1	10
OG0005908	1	1	2	2	1	1	1	0	1	10
OG0005909	1	1	2	1	1	1	1	1	1	10
OG0005910	2	1	0	2	1	1	1	1	1	10
OG0005911	2	1	1	1	1	1	1	1	1	10
OG0005912	2	1	1	1	1	1	1	1	1	10
OG0005913	2	1	1	1	1	1	1	1	1	10
OG0005914	2	1	0	2	1	1	1	1	1	10
OG0005915	1	1	1	4	1	1	0	0	1	10
OG0005916	2	1	1	1	1	1	1	1	1	10
OG0005917	2	1	0	3	1	1	0	1	1	10
OG0005918	2	1	1	2	1	1	1	0	1	10
OG0005919	2	1	0	1	1	1	2	1	1	10
OG0005920	1	1	1	2	1	1	1	1	1	10
OG0005921	2	1	1	2	1	1	1	0	1	10
OG0005922	2	1	0	1	1	2	1	1	1	10
OG0005923	1	0	1	3	1	1	1	0	2	10
OG0005924	1	1	1	2	1	1	1	1	1	10
OG0005925	2	1	0	2	1	1	1	1	1	10
OG0005926	2	1	1	1	1	1	1	1	1	10
OG0005927	1	1	0	4	1	1	1	1	0	10
OG0005928	2	1	1	2	1	1	0	1	1	10
OG0005929	1	1	1	2	1	2	0	1	1	10
OG0005930	1	1	1	2	1	1	1	1	1	10
OG0005931	2	1	0	2	1	1	1	1	1	10
OG0005932	2	1	0	1	1	1	2	1	1	10
OG0005933	2	1	1	1	1	1	1	1	1	10
OG0005934	1	1	2	1	1	1	1	1	1	10
OG0005935	2	1	1	1	1	1	1	1	1	10
OG0005936	2	1	1	1	1	1	1	1	1	10
OG0005937	2	1	1	1	1	1	1	1	1	10
OG0005938	2	1	1	1	1	1	1	1	1	10
OG0005939	2	1	1	1	1	1	1	1	1	10
OG0005940	1	1	1	3	1	1	0	1	1	10
OG0005941	2	1	2	1	1	0	1	1	1	10
OG0005942	2	1	0	2	1	2	0	1	1	10
OG0005943	2	1	1	1	1	1	1	1	1	10
OG0005944	2	1	1	1	1	1	1	1	1	10
OG0005945	2	1	1	1	1	1	1	1	1	10
OG0005946	2	1	1	1	1	1	1	1	1	10
OG0005947	2	1	1	1	1	1	1	1	1	10
OG0005948	1	1	1	1	1	1	2	1	1	10
OG0005949	2	1	1	1	1	1	1	1	1	10
OG0005950	2	1	1	1	1	1	1	1	1	10
OG0005951	2	1	1	1	1	1	1	1	1	10
OG0005952	2	1	1	1	1	1	1	1	1	10
OG0005953	1	1	2	1	1	1	1	1	1	10
OG0005954	2	1	2	1	1	1	0	1	1	10
OG0005955	1	1	2	2	1	1	0	1	1	10
OG0005956	2	1	0	1	1	1	1	2	1	10
OG0005957	2	1	2	1	1	1	0	1	1	10
OG0005958	1	1	2	1	1	1	1	1	1	10
OG0005959	2	1	1	1	1	1	1	1	1	10
OG0005960	2	1	0	2	1	1	1	1	1	10
OG0005961	2	1	1	1	1	1	1	1	1	10
OG0005962	2	1	1	1	1	1	1	1	1	10
OG0005963	2	1	1	1	1	1	1	1	1	10
OG0005964	2	1	1	1	1	1	1	1	1	10
OG0005965	2	1	1	1	1	1	1	1	1	10
OG0005966	1	1	1	2	1	1	1	1	1	10
OG0005967	2	1	0	1	1	1	2	1	1	10
OG0005968	2	1	1	1	1	1	1	1	1	10
OG0005969	2	1	1	1	1	1	1	1	1	10
OG0005970	2	1	1	1	1	1	1	1	1	10
OG0005971	2	0	5	0	0	1	2	0	0	10
OG0005972	2	1	1	1	1	1	1	1	1	10
OG0005973	2	1	0	1	1	2	1	1	1	10
OG0005974	1	1	0	3	1	1	1	1	1	10
OG0005975	2	1	1	1	1	1	1	1	1	10
OG0005976	2	1	1	1	1	1	1	1	1	10
OG0005977	1	1	0	2	1	1	2	1	1	10
OG0005978	2	1	1	2	1	1	0	1	1	10
OG0005979	1	1	2	1	1	1	1	1	1	10
OG0005980	1	1	1	1	1	1	2	1	1	10
OG0005981	1	1	1	2	1	1	1	1	1	10
OG0005982	2	1	0	2	1	1	1	1	1	10
OG0005983	2	1	1	1	1	1	1	1	1	10
OG0005984	1	1	1	3	1	1	0	1	1	10
OG0005985	1	1	2	1	1	1	1	1	1	10
OG0005986	2	1	1	2	0	1	1	1	1	10
OG0005987	2	1	1	1	1	1	1	1	1	10
OG0005988	2	1	1	1	1	1	1	1	1	10
OG0005989	2	1	1	1	1	1	1	1	1	10
OG0005990	2	1	1	1	1	1	1	1	1	10
OG0005991	1	1	1	2	1	1	1	1	1	10
OG0005992	1	1	0	2	2	1	1	1	1	10
OG0005993	2	1	1	3	0	1	0	1	1	10
OG0005994	1	1	2	1	1	1	1	1	1	10
OG0005995	1	1	3	1	1	1	0	1	1	10
OG0005996	2	1	0	1	1	1	2	1	1	10
OG0005997	2	1	0	2	1	1	1	1	1	10
OG0005998	1	1	2	1	1	1	0	2	1	10
OG0005999	2	1	0	2	0	1	1	1	2	10
OG0006000	2	1	0	3	1	1	0	1	1	10
OG0006001	1	1	1	2	1	1	1	1	1	10
OG0006002	2	1	1	2	0	1	1	1	1	10
OG0006003	1	1	1	2	1	1	1	1	1	10
OG0006004	2	1	2	1	0	1	1	1	1	10
OG0006005	2	1	1	2	1	1	0	1	1	10
OG0006006	2	1	1	1	1	1	1	1	1	10
OG0006007	2	1	1	1	1	1	1	1	1	10
OG0006008	1	1	1	2	1	1	1	1	1	10
OG0006009	2	1	0	1	1	1	2	1	1	10
OG0006010	2	1	2	1	0	1	1	1	1	10
OG0006011	2	1	1	2	0	1	1	1	1	10
OG0006012	1	1	2	1	1	1	1	1	1	10
OG0006013	1	1	0	2	1	1	2	1	1	10
OG0006014	2	1	1	1	1	1	1	1	1	10
OG0006015	0	1	0	3	1	1	2	1	1	10
OG0006016	0	1	1	3	1	1	1	1	1	10
OG0006017	0	3	0	0	2	0	0	3	2	10
OG0006018	0	2	0	0	3	0	0	2	3	10
OG0006019	0	1	0	5	1	0	1	1	1	10
OG0006020	0	2	0	1	2	0	0	2	3	10
OG0006021	0	2	0	0	2	0	0	2	4	10
OG0006022	0	1	1	3	1	1	1	1	1	10
OG0006023	0	1	2	0	1	4	0	1	1	10
OG0006024	0	1	2	1	1	2	1	1	1	10
OG0006025	0	2	0	0	5	0	0	0	3	10
OG0006026	0	1	2	4	1	0	0	1	1	10
OG0006027	0	1	2	1	1	2	1	1	1	10
OG0006028	0	1	0	2	2	1	0	2	2	10
OG0006029	0	1	0	4	1	1	1	1	1	10
OG0006030	0	4	0	0	4	0	0	1	1	10
OG0006031	0	3	0	0	2	0	0	3	2	10
OG0006032	0	2	0	0	3	0	0	3	2	10
OG0006033	0	1	0	1	1	3	2	1	1	10
OG0006034	0	1	1	4	1	1	0	1	1	10
OG0006035	0	1	2	2	1	1	1	1	1	10
OG0006036	0	1	0	3	1	2	1	1	1	10
OG0006037	0	2	0	0	2	2	0	2	2	10
OG0006038	0	2	0	0	2	1	1	2	2	10
OG0006039	0	1	3	1	1	1	1	1	1	10
OG0006040	0	2	0	0	4	0	0	2	2	10
OG0006041	0	1	1	1	1	3	1	1	1	10
OG0006042	0	1	1	3	1	1	1	1	1	10
OG0006043	0	1	1	3	1	1	1	1	1	10
OG0006044	0	1	1	2	2	1	1	1	1	10
OG0006045	0	1	1	2	1	1	1	2	1	10
OG0006046	0	2	0	2	2	0	1	1	2	10
OG0006047	0	2	0	2	2	1	0	1	2	10
OG0006048	0	1	0	4	1	0	1	1	2	10
OG0006049	0	1	2	2	0	2	1	1	1	10
OG0006050	0	4	0	0	2	0	0	2	2	10
OG0006051	0	1	0	4	1	2	0	1	1	10
OG0006052	0	3	0	0	7	0	0	0	0	10
OG0006053	0	1	0	4	1	1	1	1	1	10
OG0006054	0	1	2	1	1	2	1	1	1	10
OG0006055	0	4	0	0	0	0	0	3	3	10
OG0006056	0	1	0	4	1	0	0	2	2	10
OG0006057	0	1	3	1	1	1	1	1	1	10
OG0006058	0	1	2	1	2	1	1	1	1	10
OG0006059	0	2	0	0	3	1	1	2	1	10
OG0006060	0	1	0	3	1	1	2	1	1	10
OG0006061	0	1	2	0	1	0	3	2	1	10
OG0006062	0	1	1	4	1	1	0	1	1	10
OG0006063	0	1	3	1	1	1	1	1	1	10
OG0006064	0	1	4	1	1	0	1	1	1	10
OG0006065	0	1	2	1	1	1	2	1	1	10
OG0006066	0	1	0	2	1	1	3	1	1	10
OG0006067	0	1	3	1	1	0	2	1	1	10
OG0006068	0	1	2	2	1	1	1	1	1	10
OG0006069	0	4	0	1	1	2	0	1	1	10
OG0006070	0	1	5	1	1	0	0	1	1	10
OG0006071	0	1	2	2	1	1	1	1	1	10
OG0006072	0	3	0	0	1	0	0	2	4	10
OG0006073	0	2	0	2	1	1	1	2	1	10
OG0006074	0	1	2	1	3	0	1	1	1	10
OG0006075	0	1	0	0	0	1	8	0	0	10
OG0006076	0	1	1	3	1	1	1	1	1	10
OG0006077	0	1	0	6	1	0	0	1	1	10
OG0006078	0	1	1	3	1	1	1	1	1	10
OG0006079	0	0	10	0	0	0	0	0	0	10
OG0006080	0	0	10	0	0	0	0	0	0	10
OG0006081	0	0	10	0	0	0	0	0	0	10
OG0006082	0	0	9	0	0	1	0	0	0	10
OG0006083	0	0	10	0	0	0	0	0	0	10
OG0006084	0	0	1	8	0	1	0	0	0	10
OG0006085	0	0	3	6	0	1	0	0	0	10
OG0006086	0	0	10	0	0	0	0	0	0	10
OG0006087	0	0	10	0	0	0	0	0	0	10
OG0006088	0	0	9	0	0	0	1	0	0	10
OG0006089	0	0	10	0	0	0	0	0	0	10
OG0006090	0	0	10	0	0	0	0	0	0	10
OG0006091	0	0	5	3	0	1	1	0	0	10
OG0006092	0	0	9	0	0	1	0	0	0	10
OG0006093	0	0	10	0	0	0	0	0	0	10
OG0006094	0	0	10	0	0	0	0	0	0	10
OG0006095	0	0	10	0	0	0	0	0	0	10
OG0006096	0	0	10	0	0	0	0	0	0	10
OG0006097	0	0	10	0	0	0	0	0	0	10
OG0006098	0	0	2	8	0	0	0	0	0	10
OG0006099	0	0	10	0	0	0	0	0	0	10
OG0006100	0	0	8	0	0	2	0	0	0	10
OG0006101	0	0	3	0	0	7	0	0	0	10
OG0006102	0	0	0	3	0	1	6	0	0	10
OG0006103	0	0	0	10	0	0	0	0	0	10
OG0006104	0	0	0	10	0	0	0	0	0	10
OG0006105	0	0	0	10	0	0	0	0	0	10
OG0006106	0	0	0	10	0	0	0	0	0	10
OG0006107	0	0	0	10	0	0	0	0	0	10
OG0006108	0	0	0	10	0	0	0	0	0	10
OG0006109	0	0	0	10	0	0	0	0	0	10
OG0006110	0	0	0	5	0	4	1	0	0	10
OG0006111	0	0	0	10	0	0	0	0	0	10
OG0006112	0	0	0	10	0	0	0	0	0	10
OG0006113	0	0	0	10	0	0	0	0	0	10
OG0006114	0	0	0	10	0	0	0	0	0	10
OG0006115	0	0	0	10	0	0	0	0	0	10
OG0006116	0	0	0	10	0	0	0	0	0	10
OG0006117	0	0	0	10	0	0	0	0	0	10
OG0006118	0	0	0	10	0	0	0	0	0	10
OG0006119	0	0	0	10	0	0	0	0	0	10
OG0006120	0	0	0	10	0	0	0	0	0	10
OG0006121	0	0	0	10	0	0	0	0	0	10
OG0006122	0	0	0	10	0	0	0	0	0	10
OG0006123	0	0	0	10	0	0	0	0	0	10
OG0006124	0	0	0	10	0	0	0	0	0	10
OG0006125	0	0	0	10	0	0	0	0	0	10
OG0006126	0	0	0	10	0	0	0	0	0	10
OG0006127	0	0	0	10	0	0	0	0	0	10
OG0006128	0	0	0	10	0	0	0	0	0	10
OG0006129	0	0	0	10	0	0	0	0	0	10
OG0006130	0	0	0	4	0	0	6	0	0	10
OG0006131	0	0	0	10	0	0	0	0	0	10
OG0006132	0	0	0	9	0	1	0	0	0	10
OG0006133	0	0	0	10	0	0	0	0	0	10
OG0006134	0	0	0	10	0	0	0	0	0	10
OG0006135	0	0	0	10	0	0	0	0	0	10
OG0006136	0	0	0	10	0	0	0	0	0	10
OG0006137	0	0	0	10	0	0	0	0	0	10
OG0006138	0	0	0	10	0	0	0	0	0	10
OG0006139	0	0	0	10	0	0	0	0	0	10
OG0006140	0	0	0	10	0	0	0	0	0	10
OG0006141	0	0	0	10	0	0	0	0	0	10
OG0006142	0	0	0	9	0	1	0	0	0	10
OG0006143	0	0	0	9	0	1	0	0	0	10
OG0006144	0	0	0	10	0	0	0	0	0	10
OG0006145	0	0	0	10	0	0	0	0	0	10
OG0006146	0	0	0	10	0	0	0	0	0	10
OG0006147	0	0	0	10	0	0	0	0	0	10
OG0006148	0	0	0	10	0	0	0	0	0	10
OG0006149	0	0	0	10	0	0	0	0	0	10
OG0006150	0	0	0	10	0	0	0	0	0	10
OG0006151	0	0	0	10	0	0	0	0	0	10
OG0006152	0	0	0	0	0	10	0	0	0	10
OG0006153	0	0	0	0	0	10	0	0	0	10
OG0006154	0	0	0	0	0	10	0	0	0	10
OG0006155	0	0	0	0	0	10	0	0	0	10
OG0006156	0	0	0	0	0	2	8	0	0	10
OG0006157	0	0	0	0	0	10	0	0	0	10
OG0006158	0	0	0	0	0	10	0	0	0	10
OG0006159	0	0	0	0	0	0	10	0	0	10
OG0006160	0	0	0	0	0	0	10	0	0	10
OG0006161	0	0	0	0	0	0	10	0	0	10
OG0006162	0	0	0	0	0	0	0	5	5	10
OG0006163	0	0	0	0	0	0	0	7	3	10
OG0006164	2	1	1	1	0	1	1	1	1	9
OG0006165	2	1	1	1	1	0	1	1	1	9
OG0006166	5	1	0	0	1	0	0	1	1	9
OG0006167	2	1	0	2	0	1	1	1	1	9
OG0006168	2	1	0	1	1	1	1	1	1	9
OG0006169	1	1	1	2	1	1	0	1	1	9
OG0006170	9	0	0	0	0	0	0	0	0	9
OG0006171	2	1	0	1	1	1	1	1	1	9
OG0006172	2	1	0	1	1	1	1	1	1	9
OG0006173	1	1	2	1	1	1	0	1	1	9
OG0006174	2	1	0	1	1	1	1	1	1	9
OG0006175	1	1	2	1	1	0	1	1	1	9
OG0006176	2	1	1	1	0	1	1	1	1	9
OG0006177	1	1	0	2	1	1	1	1	1	9
OG0006178	2	1	0	1	1	1	1	1	1	9
OG0006179	1	1	1	1	1	1	1	1	1	9
OG0006180	2	1	0	1	1	1	1	1	1	9
OG0006181	2	1	1	1	0	1	1	1	1	9
OG0006182	2	1	1	1	1	1	0	1	1	9
OG0006183	9	0	0	0	0	0	0	0	0	9
OG0006184	2	1	0	1	1	1	1	1	1	9
OG0006185	2	1	1	2	0	1	1	1	0	9
OG0006186	2	1	0	1	1	1	1	1	1	9
OG0006187	9	0	0	0	0	0	0	0	0	9
OG0006188	2	1	1	1	1	1	0	1	1	9
OG0006189	9	0	0	0	0	0	0	0	0	9
OG0006190	2	1	0	0	1	2	1	1	1	9
OG0006191	1	1	1	1	1	1	1	1	1	9
OG0006192	2	0	2	3	0	1	1	0	0	9
OG0006193	9	0	0	0	0	0	0	0	0	9
OG0006194	9	0	0	0	0	0	0	0	0	9
OG0006195	1	1	1	1	1	1	1	1	1	9
OG0006196	1	1	1	1	1	1	1	1	1	9
OG0006197	6	0	0	0	1	0	0	1	1	9
OG0006198	2	1	0	1	1	1	0	2	1	9
OG0006199	2	1	1	1	0	2	0	1	1	9
OG0006200	2	0	3	1	0	2	1	0	0	9
OG0006201	1	1	1	2	0	1	1	1	1	9
OG0006202	2	1	0	2	1	1	0	1	1	9
OG0006203	1	0	1	5	0	1	1	0	0	9
OG0006204	1	1	0	2	1	1	1	1	1	9
OG0006205	2	1	0	1	1	1	1	1	1	9
OG0006206	1	1	1	1	1	1	1	1	1	9
OG0006207	2	1	0	1	0	1	1	1	2	9
OG0006208	1	1	1	2	1	1	0	1	1	9
OG0006209	1	1	1	2	1	1	0	1	1	9
OG0006210	1	1	1	1	1	1	1	1	1	9
OG0006211	2	1	1	1	0	1	1	1	1	9
OG0006212	1	1	1	1	1	1	1	1	1	9
OG0006213	1	1	1	1	1	1	1	1	1	9
OG0006214	5	0	4	0	0	0	0	0	0	9
OG0006215	2	1	0	1	1	1	1	1	1	9
OG0006216	1	1	0	1	1	1	2	1	1	9
OG0006217	7	0	2	0	0	0	0	0	0	9
OG0006218	2	1	1	1	1	0	1	1	1	9
OG0006219	1	1	2	1	1	1	1	0	1	9
OG0006220	1	1	1	1	1	1	1	1	1	9
OG0006221	2	1	2	1	0	1	0	1	1	9
OG0006222	2	1	0	1	1	1	1	1	1	9
OG0006223	2	1	1	2	0	1	0	1	1	9
OG0006224	1	1	2	0	1	1	1	1	1	9
OG0006225	2	0	4	1	0	1	1	0	0	9
OG0006226	1	1	1	1	1	1	1	1	1	9
OG0006227	9	0	0	0	0	0	0	0	0	9
OG0006228	2	1	0	1	1	1	1	1	1	9
OG0006229	3	0	4	1	0	1	0	0	0	9
OG0006230	2	0	3	3	0	1	0	0	0	9
OG0006231	1	1	1	2	1	1	0	1	1	9
OG0006232	2	1	0	0	2	1	1	1	1	9
OG0006233	2	1	2	1	0	1	0	1	1	9
OG0006234	2	1	1	1	1	1	0	1	1	9
OG0006235	2	1	0	1	1	1	1	1	1	9
OG0006236	1	1	2	1	1	1	0	1	1	9
OG0006237	2	1	1	1	1	1	0	1	1	9
OG0006238	1	1	1	1	1	1	1	1	1	9
OG0006239	1	1	1	2	1	1	0	1	1	9
OG0006240	2	1	1	1	1	1	0	1	1	9
OG0006241	1	1	1	1	1	1	1	1	1	9
OG0006242	1	1	1	2	1	1	0	1	1	9
OG0006243	2	1	0	1	1	1	1	1	1	9
OG0006244	5	0	3	0	0	1	0	0	0	9
OG0006245	1	1	0	2	1	1	1	1	1	9
OG0006246	2	1	1	0	1	1	1	1	1	9
OG0006247	1	1	0	2	1	1	1	1	1	9
OG0006248	1	1	2	2	1	0	0	1	1	9
OG0006249	2	0	2	1	1	1	0	1	1	9
OG0006250	1	1	2	0	1	1	1	1	1	9
OG0006251	1	0	4	3	0	1	0	0	0	9
OG0006252	2	1	1	2	1	0	0	1	1	9
OG0006253	1	1	1	1	1	1	1	1	1	9
OG0006254	2	1	1	1	1	1	1	0	1	9
OG0006255	2	1	0	1	1	1	1	1	1	9
OG0006256	1	1	1	2	1	1	0	1	1	9
OG0006257	2	1	1	2	0	1	1	0	1	9
OG0006258	2	1	1	1	1	1	1	0	1	9
OG0006259	2	1	0	1	1	1	1	1	1	9
OG0006260	2	1	0	1	1	1	1	1	1	9
OG0006261	1	0	0	7	0	1	0	0	0	9
OG0006262	2	1	1	1	0	1	1	1	1	9
OG0006263	2	0	0	5	0	1	1	0	0	9
OG0006264	2	1	1	1	1	1	1	0	1	9
OG0006265	1	1	1	1	1	1	1	1	1	9
OG0006266	1	0	5	1	0	1	1	0	0	9
OG0006267	1	1	1	2	1	1	1	0	1	9
OG0006268	2	1	1	1	1	1	1	0	1	9
OG0006269	2	1	0	1	1	1	1	1	1	9
OG0006270	1	1	0	3	1	1	0	1	1	9
OG0006271	2	1	0	1	1	1	1	1	1	9
OG0006272	2	1	0	2	1	1	0	1	1	9
OG0006273	1	1	1	1	1	1	1	1	1	9
OG0006274	2	1	0	1	1	1	1	1	1	9
OG0006275	1	1	0	2	1	1	1	1	1	9
OG0006276	2	0	4	1	0	1	1	0	0	9
OG0006277	1	1	1	1	1	1	1	1	1	9
OG0006278	2	1	1	1	0	1	1	1	1	9
OG0006279	1	1	0	5	1	1	0	0	0	9
OG0006280	2	1	1	1	1	1	0	1	1	9
OG0006281	2	1	1	1	1	1	0	1	1	9
OG0006282	2	1	1	1	1	1	0	1	1	9
OG0006283	1	1	1	2	1	1	0	1	1	9
OG0006284	2	1	0	1	1	1	1	1	1	9
OG0006285	2	1	0	1	1	1	1	1	1	9
OG0006286	1	1	1	1	1	1	1	1	1	9
OG0006287	2	1	0	1	1	1	1	1	1	9
OG0006288	2	1	0	1	1	1	1	1	1	9
OG0006289	2	1	0	2	1	0	1	1	1	9
OG0006290	2	0	3	2	0	1	1	0	0	9
OG0006291	2	1	0	1	1	1	1	1	1	9
OG0006292	1	1	1	1	1	1	1	1	1	9
OG0006293	1	1	1	1	2	0	1	1	1	9
OG0006294	4	0	3	1	0	1	0	0	0	9
OG0006295	1	1	1	1	1	1	1	1	1	9
OG0006296	1	1	0	2	1	1	1	1	1	9
OG0006297	1	1	1	1	1	1	1	1	1	9
OG0006298	2	1	0	0	1	1	1	2	1	9
OG0006299	2	1	1	1	1	1	0	1	1	9
OG0006300	1	1	2	2	1	0	0	1	1	9
OG0006301	1	1	1	1	1	1	1	1	1	9
OG0006302	2	1	0	1	1	1	1	1	1	9
OG0006303	1	1	1	1	1	1	1	1	1	9
OG0006304	2	1	0	1	1	1	1	1	1	9
OG0006305	2	1	0	2	1	1	0	1	1	9
OG0006306	1	1	2	0	1	1	1	1	1	9
OG0006307	1	1	1	1	1	1	1	1	1	9
OG0006308	2	1	0	1	1	1	1	1	1	9
OG0006309	1	1	1	1	1	1	1	1	1	9
OG0006310	2	1	0	1	1	1	1	1	1	9
OG0006311	1	1	0	1	1	2	1	1	1	9
OG0006312	9	0	0	0	0	0	0	0	0	9
OG0006313	1	1	0	2	1	1	1	1	1	9
OG0006314	1	1	0	2	1	1	1	1	1	9
OG0006315	2	1	1	1	1	1	0	1	1	9
OG0006316	1	0	3	2	0	3	0	0	0	9
OG0006317	1	1	1	1	1	1	1	1	1	9
OG0006318	2	1	0	1	1	1	1	1	1	9
OG0006319	2	1	1	1	1	1	0	1	1	9
OG0006320	2	1	1	1	0	1	1	1	1	9
OG0006321	2	1	1	0	1	1	1	1	1	9
OG0006322	1	1	1	1	1	1	1	1	1	9
OG0006323	2	1	0	1	1	1	0	2	1	9
OG0006324	2	1	0	1	1	1	1	1	1	9
OG0006325	1	1	1	3	0	0	1	1	1	9
OG0006326	2	1	0	2	0	1	1	1	1	9
OG0006327	6	0	3	0	0	0	0	0	0	9
OG0006328	6	0	2	0	0	1	0	0	0	9
OG0006329	9	0	0	0	0	0	0	0	0	9
OG0006330	2	0	1	3	0	1	2	0	0	9
OG0006331	2	1	0	1	1	1	1	1	1	9
OG0006332	1	1	1	1	1	1	1	1	1	9
OG0006333	1	1	1	3	1	1	0	1	0	9
OG0006334	1	1	1	1	1	1	1	1	1	9
OG0006335	1	1	1	1	1	1	1	1	1	9
OG0006336	2	1	0	1	1	1	1	1	1	9
OG0006337	2	1	0	1	1	1	1	1	1	9
OG0006338	1	1	1	0	1	2	1	1	1	9
OG0006339	1	1	0	2	1	1	1	1	1	9
OG0006340	2	1	0	1	1	1	1	1	1	9
OG0006341	1	1	1	1	1	1	1	1	1	9
OG0006342	2	1	1	1	1	1	0	1	1	9
OG0006343	1	1	0	1	1	1	2	1	1	9
OG0006344	1	1	1	1	1	1	1	1	1	9
OG0006345	1	1	0	2	1	1	1	1	1	9
OG0006346	2	1	0	1	1	1	1	1	1	9
OG0006347	1	1	2	1	1	1	0	1	1	9
OG0006348	2	1	0	1	1	1	1	1	1	9
OG0006349	2	1	2	1	0	1	0	1	1	9
OG0006350	1	1	1	2	1	0	1	1	1	9
OG0006351	1	1	2	1	1	1	0	1	1	9
OG0006352	2	1	1	0	1	2	0	1	1	9
OG0006353	2	1	0	1	1	1	1	1	1	9
OG0006354	2	1	0	1	1	1	1	1	1	9
OG0006355	2	1	2	1	0	1	0	1	1	9
OG0006356	2	1	0	1	1	1	1	1	1	9
OG0006357	2	1	0	2	1	1	0	1	1	9
OG0006358	1	1	0	2	1	1	1	1	1	9
OG0006359	1	1	1	1	1	1	1	1	1	9
OG0006360	2	1	1	0	1	1	1	1	1	9
OG0006361	1	1	0	2	1	2	0	1	1	9
OG0006362	1	1	1	2	1	1	0	1	1	9
OG0006363	1	1	0	2	1	1	1	1	1	9
OG0006364	9	0	0	0	0	0	0	0	0	9
OG0006365	1	1	1	1	1	1	1	1	1	9
OG0006366	1	1	1	1	1	1	1	1	1	9
OG0006367	1	1	0	1	2	1	1	1	1	9
OG0006368	5	0	0	0	0	0	4	0	0	9
OG0006369	1	1	1	1	1	1	1	1	1	9
OG0006370	2	0	3	1	0	2	1	0	0	9
OG0006371	1	1	0	1	1	2	1	1	1	9
OG0006372	1	1	0	1	1	1	2	1	1	9
OG0006373	1	1	1	1	1	1	1	1	1	9
OG0006374	2	1	1	1	1	1	1	1	0	9
OG0006375	1	1	1	1	1	1	1	1	1	9
OG0006376	1	0	0	8	0	0	0	0	0	9
OG0006377	1	1	1	1	1	1	1	1	1	9
OG0006378	2	1	1	2	1	0	0	1	1	9
OG0006379	2	1	0	1	1	1	1	1	1	9
OG0006380	5	0	1	0	0	1	2	0	0	9
OG0006381	1	1	1	1	1	1	1	1	1	9
OG0006382	1	1	0	1	1	1	2	1	1	9
OG0006383	8	0	1	0	0	0	0	0	0	9
OG0006384	2	1	1	1	0	1	1	1	1	9
OG0006385	1	1	1	1	1	1	1	1	1	9
OG0006386	1	1	1	2	1	1	0	1	1	9
OG0006387	2	0	3	4	0	0	0	0	0	9
OG0006388	2	0	0	0	0	0	7	0	0	9
OG0006389	2	1	0	1	1	1	1	1	1	9
OG0006390	9	0	0	0	0	0	0	0	0	9
OG0006391	3	0	3	1	0	1	1	0	0	9
OG0006392	5	0	2	1	0	0	1	0	0	9
OG0006393	9	0	0	0	0	0	0	0	0	9
OG0006394	9	0	0	0	0	0	0	0	0	9
OG0006395	3	0	6	0	0	0	0	0	0	9
OG0006396	7	0	2	0	0	0	0	0	0	9
OG0006397	1	1	2	1	1	1	0	1	1	9
OG0006398	2	1	0	1	1	1	1	1	1	9
OG0006399	2	1	1	1	1	1	0	1	1	9
OG0006400	2	1	2	0	1	1	0	1	1	9
OG0006401	2	1	0	2	1	1	0	1	1	9
OG0006402	1	1	1	1	1	1	1	1	1	9
OG0006403	1	1	1	1	1	1	1	1	1	9
OG0006404	1	1	1	1	1	1	1	1	1	9
OG0006405	2	1	0	2	0	1	1	1	1	9
OG0006406	2	1	0	2	1	1	0	1	1	9
OG0006407	5	0	1	0	0	3	0	0	0	9
OG0006408	1	1	4	0	1	0	0	1	1	9
OG0006409	2	1	0	1	1	1	1	1	1	9
OG0006410	2	0	4	0	0	1	2	0	0	9
OG0006411	1	1	1	1	1	1	1	1	1	9
OG0006412	1	1	2	1	1	1	0	1	1	9
OG0006413	1	1	1	1	1	1	1	1	1	9
OG0006414	1	1	1	1	1	1	1	1	1	9
OG0006415	1	1	0	2	1	1	1	1	1	9
OG0006416	1	1	1	2	1	1	0	1	1	9
OG0006417	1	1	0	2	1	1	1	1	1	9
OG0006418	1	1	1	1	1	1	1	1	1	9
OG0006419	2	1	0	1	1	1	1	1	1	9
OG0006420	2	1	0	1	1	1	1	1	1	9
OG0006421	2	1	0	1	1	1	1	1	1	9
OG0006422	2	1	1	1	1	1	0	1	1	9
OG0006423	1	1	1	1	1	1	1	1	1	9
OG0006424	2	1	1	0	1	1	1	1	1	9
OG0006425	1	1	1	1	1	0	1	2	1	9
OG0006426	2	1	2	0	1	0	1	1	1	9
OG0006427	2	1	0	1	1	1	1	1	1	9
OG0006428	2	1	0	1	1	1	1	1	1	9
OG0006429	1	0	2	2	0	2	2	0	0	9
OG0006430	2	1	0	2	1	1	0	1	1	9
OG0006431	2	1	1	1	1	1	0	1	1	9
OG0006432	1	1	0	2	1	1	1	1	1	9
OG0006433	3	0	1	1	0	2	2	0	0	9
OG0006434	1	1	0	3	1	0	1	1	1	9
OG0006435	1	1	1	1	1	1	1	1	1	9
OG0006436	2	1	0	1	1	1	1	1	1	9
OG0006437	2	1	1	1	1	1	0	1	1	9
OG0006438	2	1	1	0	1	1	1	1	1	9
OG0006439	1	1	1	1	1	1	1	1	1	9
OG0006440	1	1	1	1	1	1	1	1	1	9
OG0006441	2	1	0	1	1	1	1	1	1	9
OG0006442	1	1	1	2	1	0	1	1	1	9
OG0006443	8	0	0	0	0	1	0	0	0	9
OG0006444	1	1	0	2	1	1	1	1	1	9
OG0006445	1	1	0	2	1	1	1	1	1	9
OG0006446	2	1	0	1	1	1	1	1	1	9
OG0006447	2	1	0	3	1	0	0	1	1	9
OG0006448	2	1	0	1	1	1	1	1	1	9
OG0006449	2	1	0	1	1	1	1	1	1	9
OG0006450	2	1	0	1	1	1	1	1	1	9
OG0006451	2	1	0	1	1	1	1	1	1	9
OG0006452	2	0	2	2	1	0	0	1	1	9
OG0006453	2	0	7	0	0	0	0	0	0	9
OG0006454	1	1	1	1	1	1	1	1	1	9
OG0006455	1	1	1	1	1	1	1	1	1	9
OG0006456	2	1	0	0	1	1	1	2	1	9
OG0006457	1	1	1	1	1	1	1	1	1	9
OG0006458	2	1	1	1	1	0	1	1	1	9
OG0006459	4	0	1	1	0	3	0	0	0	9
OG0006460	1	1	1	1	1	1	1	1	1	9
OG0006461	1	1	1	2	1	1	0	1	1	9
OG0006462	1	1	0	1	1	1	2	1	1	9
OG0006463	2	1	1	2	1	0	0	1	1	9
OG0006464	2	1	0	1	1	1	1	1	1	9
OG0006465	2	1	1	1	1	1	1	1	0	9
OG0006466	1	1	0	2	1	1	1	1	1	9
OG0006467	2	1	1	0	1	1	0	2	1	9
OG0006468	1	1	2	0	2	1	0	1	1	9
OG0006469	2	1	1	0	1	2	0	1	1	9
OG0006470	2	1	1	1	0	1	1	1	1	9
OG0006471	2	0	1	5	0	1	0	0	0	9
OG0006472	1	1	1	1	1	1	1	1	1	9
OG0006473	2	1	0	2	1	1	0	1	1	9
OG0006474	1	1	2	1	1	1	0	1	1	9
OG0006475	3	1	1	1	1	0	0	1	1	9
OG0006476	2	1	1	1	1	1	1	0	1	9
OG0006477	2	1	0	1	1	1	1	1	1	9
OG0006478	1	1	1	2	1	1	0	1	1	9
OG0006479	2	0	0	6	0	0	1	0	0	9
OG0006480	2	1	1	1	0	1	1	1	1	9
OG0006481	1	1	0	3	1	0	1	1	1	9
OG0006482	1	1	0	0	1	0	2	2	2	9
OG0006483	1	0	3	4	0	1	0	0	0	9
OG0006484	2	0	0	0	0	0	7	0	0	9
OG0006485	1	1	2	1	0	1	1	1	1	9
OG0006486	2	0	1	5	0	1	0	0	0	9
OG0006487	1	1	1	1	1	1	1	1	1	9
OG0006488	2	1	0	2	1	1	0	1	1	9
OG0006489	1	1	1	1	1	1	1	1	1	9
OG0006490	1	1	0	1	1	2	1	1	1	9
OG0006491	2	1	0	1	1	0	2	1	1	9
OG0006492	2	1	1	1	1	1	0	1	1	9
OG0006493	2	0	3	2	0	1	1	0	0	9
OG0006494	2	1	1	1	0	1	1	1	1	9
OG0006495	1	1	0	2	1	1	1	1	1	9
OG0006496	1	1	1	1	1	1	1	1	1	9
OG0006497	2	1	0	1	1	1	1	1	1	9
OG0006498	2	1	3	0	1	0	0	1	1	9
OG0006499	2	1	0	1	1	1	1	1	1	9
OG0006500	1	1	2	0	1	1	1	1	1	9
OG0006501	2	1	1	1	1	1	1	0	1	9
OG0006502	2	1	0	0	2	1	2	0	1	9
OG0006503	2	1	1	2	1	0	0	1	1	9
OG0006504	2	1	0	0	2	1	1	1	1	9
OG0006505	1	1	1	1	1	1	1	1	1	9
OG0006506	1	1	1	1	1	1	1	1	1	9
OG0006507	1	1	1	1	1	1	1	1	1	9
OG0006508	1	1	1	1	1	1	1	1	1	9
OG0006509	2	1	0	1	1	1	1	1	1	9
OG0006510	2	0	4	0	0	3	0	0	0	9
OG0006511	1	1	1	1	1	1	1	1	1	9
OG0006512	2	1	2	0	1	1	0	1	1	9
OG0006513	1	1	1	1	1	1	1	1	1	9
OG0006514	2	1	1	1	1	1	1	0	1	9
OG0006515	1	1	0	2	1	1	1	1	1	9
OG0006516	1	1	1	2	1	1	1	0	1	9
OG0006517	1	1	0	2	1	1	1	1	1	9
OG0006518	1	1	1	1	1	1	1	1	1	9
OG0006519	1	1	0	2	1	1	1	1	1	9
OG0006520	1	1	0	2	1	1	1	1	1	9
OG0006521	1	1	1	1	1	1	1	1	1	9
OG0006522	1	1	1	1	1	1	1	1	1	9
OG0006523	1	1	1	1	1	1	1	1	1	9
OG0006524	1	1	1	1	1	1	1	1	1	9
OG0006525	1	1	1	1	1	1	1	1	1	9
OG0006526	1	1	1	2	1	1	0	1	1	9
OG0006527	1	1	1	1	1	1	1	1	1	9
OG0006528	1	1	1	1	1	1	1	1	1	9
OG0006529	1	1	2	1	1	0	1	1	1	9
OG0006530	1	0	4	3	0	1	0	0	0	9
OG0006531	1	1	1	1	1	1	1	1	1	9
OG0006532	1	1	1	1	1	1	1	1	1	9
OG0006533	2	1	0	1	1	1	1	1	1	9
OG0006534	1	1	1	2	1	1	0	1	1	9
OG0006535	2	1	0	1	1	1	1	1	1	9
OG0006536	2	1	0	1	1	1	1	1	1	9
OG0006537	1	1	0	2	1	2	0	1	1	9
OG0006538	2	1	0	1	1	1	1	1	1	9
OG0006539	2	1	1	1	1	1	0	1	1	9
OG0006540	1	0	1	5	0	1	1	0	0	9
OG0006541	2	1	1	1	1	1	0	1	1	9
OG0006542	2	0	2	1	1	1	0	1	1	9
OG0006543	1	1	1	0	1	3	0	1	1	9
OG0006544	2	1	1	1	1	0	1	1	1	9
OG0006545	2	0	6	0	0	1	0	0	0	9
OG0006546	2	1	1	1	0	1	1	1	1	9
OG0006547	1	1	1	1	1	1	1	1	1	9
OG0006548	2	1	0	0	1	1	2	1	1	9
OG0006549	7	0	2	0	0	0	0	0	0	9
OG0006550	4	0	5	0	0	0	0	0	0	9
OG0006551	2	1	1	1	1	1	0	1	1	9
OG0006552	1	1	1	2	1	1	0	1	1	9
OG0006553	1	1	2	1	1	1	0	1	1	9
OG0006554	1	1	1	1	1	1	1	1	1	9
OG0006555	2	1	0	1	1	1	1	1	1	9
OG0006556	2	1	1	0	1	1	1	1	1	9
OG0006557	1	1	1	1	1	1	1	1	1	9
OG0006558	2	1	1	1	1	1	0	1	1	9
OG0006559	2	1	0	1	1	1	1	1	1	9
OG0006560	1	1	2	0	1	1	1	1	1	9
OG0006561	1	1	1	1	1	1	1	1	1	9
OG0006562	2	1	1	1	1	1	0	1	1	9
OG0006563	2	1	0	2	1	1	0	1	1	9
OG0006564	2	1	0	1	1	1	1	1	1	9
OG0006565	2	1	0	1	1	1	1	1	1	9
OG0006566	1	1	0	2	1	1	1	1	1	9
OG0006567	1	0	0	6	0	1	1	0	0	9
OG0006568	2	0	2	1	1	1	0	1	1	9
OG0006569	1	0	1	4	0	1	2	0	0	9
OG0006570	2	1	1	1	0	1	1	1	1	9
OG0006571	2	1	0	2	1	0	1	1	1	9
OG0006572	1	1	1	1	1	1	1	1	1	9
OG0006573	4	0	4	0	0	1	0	0	0	9
OG0006574	2	0	2	3	0	1	1	0	0	9
OG0006575	1	1	1	1	1	1	1	1	1	9
OG0006576	2	0	6	0	0	1	0	0	0	9
OG0006577	2	1	1	1	1	2	0	0	1	9
OG0006578	1	0	2	1	0	2	1	1	1	9
OG0006579	2	0	4	0	0	3	0	0	0	9
OG0006580	2	1	0	1	1	1	1	0	2	9
OG0006581	2	1	0	1	1	1	1	1	1	9
OG0006582	1	1	1	2	1	1	1	0	1	9
OG0006583	1	0	7	0	0	1	0	0	0	9
OG0006584	2	1	0	1	1	1	1	1	1	9
OG0006585	1	1	1	1	1	1	1	1	1	9
OG0006586	1	1	0	2	1	1	0	2	1	9
OG0006587	2	1	0	1	1	1	1	1	1	9
OG0006588	1	1	1	1	1	1	1	1	1	9
OG0006589	2	1	0	1	1	1	1	1	1	9
OG0006590	1	1	0	1	1	1	2	1	1	9
OG0006591	1	1	1	1	1	1	1	1	1	9
OG0006592	2	1	0	1	2	1	0	1	1	9
OG0006593	1	1	1	1	1	1	1	1	1	9
OG0006594	2	1	0	1	1	1	1	1	1	9
OG0006595	2	0	1	2	1	1	0	1	1	9
OG0006596	2	1	0	1	1	1	1	1	1	9
OG0006597	1	1	1	2	1	1	0	1	1	9
OG0006598	1	0	0	6	1	1	0	0	0	9
OG0006599	2	1	0	1	1	1	1	1	1	9
OG0006600	1	1	2	0	1	1	1	1	1	9
OG0006601	1	1	1	1	1	1	1	1	1	9
OG0006602	2	1	0	1	1	1	1	1	1	9
OG0006603	2	1	1	0	1	1	1	1	1	9
OG0006604	2	1	1	1	1	1	0	1	1	9
OG0006605	1	1	3	1	0	0	1	1	1	9
OG0006606	1	1	1	1	1	1	1	1	1	9
OG0006607	1	1	2	1	1	1	0	1	1	9
OG0006608	2	1	1	1	1	1	0	1	1	9
OG0006609	1	1	0	1	1	1	2	1	1	9
OG0006610	1	1	2	1	1	1	0	1	1	9
OG0006611	2	1	1	1	1	0	1	1	1	9
OG0006612	2	1	0	1	1	1	1	1	1	9
OG0006613	1	1	1	3	1	1	0	0	1	9
OG0006614	2	0	2	3	0	1	1	0	0	9
OG0006615	2	1	0	1	1	1	1	1	1	9
OG0006616	1	1	0	1	1	1	1	2	1	9
OG0006617	1	1	0	2	1	1	1	1	1	9
OG0006618	1	1	1	1	1	1	1	1	1	9
OG0006619	2	1	0	1	1	1	1	1	1	9
OG0006620	1	1	1	1	1	1	1	1	1	9
OG0006621	1	1	0	1	1	1	2	1	1	9
OG0006622	2	1	0	1	1	1	1	1	1	9
OG0006623	1	1	0	1	1	1	2	1	1	9
OG0006624	1	1	1	1	1	1	1	1	1	9
OG0006625	2	1	0	2	1	1	0	1	1	9
OG0006626	2	1	0	1	1	1	1	1	1	9
OG0006627	2	1	0	1	1	1	1	1	1	9
OG0006628	1	1	2	1	1	1	0	1	1	9
OG0006629	2	0	3	2	0	2	0	0	0	9
OG0006630	1	1	1	1	1	1	1	1	1	9
OG0006631	1	1	1	0	2	2	0	1	1	9
OG0006632	1	1	0	2	1	2	0	1	1	9
OG0006633	2	1	0	1	1	1	1	1	1	9
OG0006634	1	1	1	1	1	1	1	1	1	9
OG0006635	2	1	0	1	1	2	0	1	1	9
OG0006636	2	1	0	1	1	1	1	1	1	9
OG0006637	1	1	2	1	1	1	0	1	1	9
OG0006638	1	1	0	2	1	1	1	1	1	9
OG0006639	1	1	2	0	1	1	1	1	1	9
OG0006640	2	1	0	1	1	1	1	1	1	9
OG0006641	1	1	1	1	1	1	1	1	1	9
OG0006642	2	1	2	0	1	1	0	1	1	9
OG0006643	2	1	1	2	1	0	0	1	1	9
OG0006644	2	1	1	1	0	1	1	1	1	9
OG0006645	2	1	1	1	1	1	0	1	1	9
OG0006646	2	1	1	1	0	1	1	1	1	9
OG0006647	1	1	1	1	1	1	1	1	1	9
OG0006648	1	1	0	2	1	1	1	1	1	9
OG0006649	2	1	0	1	1	1	1	1	1	9
OG0006650	2	1	0	2	1	1	0	1	1	9
OG0006651	1	1	0	1	1	2	1	1	1	9
OG0006652	2	1	0	1	1	1	1	1	1	9
OG0006653	1	1	1	1	1	1	1	1	1	9
OG0006654	2	1	0	2	1	1	0	1	1	9
OG0006655	1	1	1	1	1	1	1	1	1	9
OG0006656	1	1	1	1	1	1	1	1	1	9
OG0006657	1	1	1	2	1	1	0	1	1	9
OG0006658	2	1	1	1	0	1	1	1	1	9
OG0006659	1	1	1	1	1	1	1	1	1	9
OG0006660	1	1	1	1	1	1	1	1	1	9
OG0006661	1	1	1	1	1	1	1	1	1	9
OG0006662	1	1	1	1	1	1	1	1	1	9
OG0006663	1	1	1	1	1	1	1	1	1	9
OG0006664	2	1	0	1	1	1	1	1	1	9
OG0006665	2	1	0	1	1	1	1	1	1	9
OG0006666	2	1	0	1	1	1	1	1	1	9
OG0006667	1	1	1	1	1	1	1	1	1	9
OG0006668	2	1	0	1	1	1	1	1	1	9
OG0006669	1	1	1	1	1	1	1	1	1	9
OG0006670	2	1	0	1	1	2	0	1	1	9
OG0006671	1	1	1	1	1	1	1	1	1	9
OG0006672	1	1	1	1	1	1	1	1	1	9
OG0006673	1	1	1	1	1	1	1	1	1	9
OG0006674	1	1	0	1	1	1	2	1	1	9
OG0006675	2	1	1	2	0	1	0	1	1	9
OG0006676	1	1	1	2	1	1	0	1	1	9
OG0006677	2	1	0	1	1	1	1	1	1	9
OG0006678	2	1	0	1	1	1	1	1	1	9
OG0006679	1	1	1	0	1	3	0	1	1	9
OG0006680	1	1	1	2	1	0	1	1	1	9
OG0006681	2	1	0	1	1	1	1	1	1	9
OG0006682	1	1	1	1	1	1	1	1	1	9
OG0006683	1	1	1	1	1	1	1	1	1	9
OG0006684	1	1	0	2	1	1	1	1	1	9
OG0006685	3	0	3	0	0	3	0	0	0	9
OG0006686	2	1	0	1	1	1	1	1	1	9
OG0006687	1	1	0	2	1	1	1	1	1	9
OG0006688	1	1	1	1	1	1	1	1	1	9
OG0006689	2	1	0	1	1	2	0	1	1	9
OG0006690	2	1	0	1	1	1	1	1	1	9
OG0006691	2	1	0	1	1	1	1	1	1	9
OG0006692	2	1	0	1	1	1	1	1	1	9
OG0006693	2	1	1	1	1	1	0	1	1	9
OG0006694	2	0	2	1	1	0	1	1	1	9
OG0006695	2	1	1	1	1	1	0	1	1	9
OG0006696	2	1	2	0	1	1	0	1	1	9
OG0006697	2	1	0	2	1	0	1	1	1	9
OG0006698	2	1	0	1	1	1	1	1	1	9
OG0006699	1	1	2	0	1	1	1	1	1	9
OG0006700	2	0	2	3	0	1	1	0	0	9
OG0006701	2	1	1	1	1	1	1	0	1	9
OG0006702	1	1	0	2	1	1	1	1	1	9
OG0006703	1	1	0	2	1	1	0	1	2	9
OG0006704	2	1	1	1	1	1	0	1	1	9
OG0006705	1	1	1	1	1	1	1	1	1	9
OG0006706	1	1	1	1	1	1	1	1	1	9
OG0006707	1	1	1	2	1	1	0	1	1	9
OG0006708	2	0	3	0	0	3	0	1	0	9
OG0006709	2	1	0	1	1	1	1	1	1	9
OG0006710	1	1	1	1	1	1	1	1	1	9
OG0006711	1	1	1	1	0	1	2	1	1	9
OG0006712	1	1	0	2	1	1	1	1	1	9
OG0006713	2	1	0	2	1	1	0	1	1	9
OG0006714	2	1	0	1	1	1	1	1	1	9
OG0006715	2	1	0	1	1	1	1	1	1	9
OG0006716	1	1	1	1	1	1	1	1	1	9
OG0006717	2	0	0	4	0	2	1	0	0	9
OG0006718	1	1	1	1	1	1	1	1	1	9
OG0006719	2	1	0	1	1	1	1	1	1	9
OG0006720	3	0	2	1	0	1	2	0	0	9
OG0006721	1	1	1	1	1	1	1	1	1	9
OG0006722	2	1	0	1	1	1	1	1	1	9
OG0006723	2	1	0	1	1	1	1	1	1	9
OG0006724	1	1	1	1	1	1	1	1	1	9
OG0006725	2	1	0	0	1	2	1	1	1	9
OG0006726	2	1	0	1	1	1	1	1	1	9
OG0006727	1	1	2	0	1	1	1	1	1	9
OG0006728	1	1	1	1	1	1	1	1	1	9
OG0006729	2	1	1	1	1	1	0	1	1	9
OG0006730	2	1	1	1	0	1	1	1	1	9
OG0006731	2	1	1	1	1	1	1	0	1	9
OG0006732	2	1	0	1	1	1	1	1	1	9
OG0006733	2	1	1	1	1	1	1	0	1	9
OG0006734	2	1	0	1	1	1	1	1	1	9
OG0006735	2	1	0	1	1	1	1	1	1	9
OG0006736	2	1	1	1	1	1	1	1	0	9
OG0006737	2	1	1	0	1	1	1	1	1	9
OG0006738	1	1	1	1	1	1	1	1	1	9
OG0006739	1	1	0	2	1	1	1	1	1	9
OG0006740	2	1	2	0	1	1	0	1	1	9
OG0006741	2	1	0	0	1	1	2	1	1	9
OG0006742	1	1	1	2	1	1	0	1	1	9
OG0006743	2	1	0	1	1	1	1	1	1	9
OG0006744	2	1	0	1	1	1	1	1	1	9
OG0006745	2	1	0	1	1	1	1	1	1	9
OG0006746	1	1	2	1	1	1	0	1	1	9
OG0006747	2	1	1	1	1	1	0	1	1	9
OG0006748	1	1	1	1	1	1	1	1	1	9
OG0006749	2	1	0	1	1	1	1	1	1	9
OG0006750	1	1	1	2	1	1	0	1	1	9
OG0006751	1	1	1	1	1	1	1	1	1	9
OG0006752	2	1	0	1	1	1	1	1	1	9
OG0006753	1	1	1	2	1	1	0	1	1	9
OG0006754	2	1	0	2	1	1	1	0	1	9
OG0006755	1	1	1	1	1	1	1	1	1	9
OG0006756	2	1	0	2	1	1	0	1	1	9
OG0006757	2	1	1	2	1	0	0	1	1	9
OG0006758	2	1	0	1	1	1	1	1	1	9
OG0006759	1	1	1	1	1	1	1	1	1	9
OG0006760	2	1	1	1	1	1	0	1	1	9
OG0006761	2	1	0	1	1	1	1	1	1	9
OG0006762	1	1	1	1	1	1	1	1	1	9
OG0006763	2	1	1	1	2	1	1	0	0	9
OG0006764	2	1	1	0	1	1	1	1	1	9
OG0006765	2	1	0	1	1	1	1	1	1	9
OG0006766	2	0	1	1	0	2	1	1	1	9
OG0006767	1	1	1	2	1	1	0	1	1	9
OG0006768	2	1	1	1	1	1	0	1	1	9
OG0006769	1	1	1	1	1	1	1	1	1	9
OG0006770	1	1	0	1	1	1	2	1	1	9
OG0006771	2	1	0	1	1	1	1	1	1	9
OG0006772	1	1	1	1	1	1	1	1	1	9
OG0006773	1	1	3	1	0	1	0	1	1	9
OG0006774	1	1	1	1	1	1	1	1	1	9
OG0006775	1	1	1	2	0	1	1	1	1	9
OG0006776	1	1	0	1	1	1	2	1	1	9
OG0006777	2	0	2	2	0	0	2	1	0	9
OG0006778	1	1	2	1	1	1	0	1	1	9
OG0006779	2	1	0	1	1	1	1	1	1	9
OG0006780	2	1	0	1	1	1	1	1	1	9
OG0006781	1	1	1	0	1	1	2	1	1	9
OG0006782	1	1	0	1	1	1	2	1	1	9
OG0006783	1	1	0	2	1	1	1	1	1	9
OG0006784	2	1	1	1	0	1	1	1	1	9
OG0006785	1	1	2	2	0	1	0	1	1	9
OG0006786	2	0	2	3	0	2	0	0	0	9
OG0006787	2	1	0	1	1	1	1	1	1	9
OG0006788	2	1	1	1	1	0	0	1	2	9
OG0006789	1	1	1	1	1	1	1	1	1	9
OG0006790	0	1	2	1	1	1	1	1	1	9
OG0006791	0	2	0	0	3	0	0	2	2	9
OG0006792	0	3	0	0	2	0	0	2	2	9
OG0006793	0	1	1	2	1	1	1	1	1	9
OG0006794	0	1	2	1	1	1	1	1	1	9
OG0006795	0	2	0	0	1	1	1	2	2	9
OG0006796	0	1	0	5	1	0	0	1	1	9
OG0006797	0	1	2	2	1	1	0	1	1	9
OG0006798	0	1	0	5	1	0	0	1	1	9
OG0006799	0	1	0	5	1	0	0	1	1	9
OG0006800	0	1	1	2	1	1	1	1	1	9
OG0006801	0	3	0	0	3	0	0	1	2	9
OG0006802	0	1	0	3	1	1	1	1	1	9
OG0006803	0	1	2	0	1	1	2	1	1	9
OG0006804	0	1	0	2	1	1	2	1	1	9
OG0006805	0	1	2	1	1	1	1	1	1	9
OG0006806	0	1	3	0	1	1	1	1	1	9
OG0006807	0	2	0	1	2	0	0	2	2	9
OG0006808	0	1	4	1	1	1	0	1	0	9
OG0006809	0	1	2	1	1	1	1	1	1	9
OG0006810	0	1	1	2	1	1	1	1	1	9
OG0006811	0	2	0	2	1	1	0	2	1	9
OG0006812	0	1	0	1	1	2	2	1	1	9
OG0006813	0	1	1	2	1	1	1	1	1	9
OG0006814	0	1	0	3	1	1	1	1	1	9
OG0006815	0	1	0	3	1	1	1	1	1	9
OG0006816	0	2	0	0	5	0	0	1	1	9
OG0006817	0	1	0	4	1	1	0	1	1	9
OG0006818	0	1	1	3	1	0	1	1	1	9
OG0006819	0	1	0	1	1	1	2	2	1	9
OG0006820	0	3	0	0	2	0	0	2	2	9
OG0006821	0	1	0	4	1	0	1	1	1	9
OG0006822	0	1	0	4	1	1	0	1	1	9
OG0006823	0	1	1	2	1	1	1	1	1	9
OG0006824	0	1	1	1	2	1	1	1	1	9
OG0006825	0	1	2	1	1	1	1	1	1	9
OG0006826	0	1	0	0	1	0	0	4	3	9
OG0006827	0	1	1	2	1	1	1	1	1	9
OG0006828	0	1	2	1	1	1	1	1	1	9
OG0006829	0	1	0	4	2	0	0	1	1	9
OG0006830	0	1	2	1	1	1	1	1	1	9
OG0006831	0	3	0	0	2	0	0	2	2	9
OG0006832	0	1	1	0	1	5	0	1	0	9
OG0006833	0	1	2	1	1	1	1	1	1	9
OG0006834	0	1	2	2	1	1	0	1	1	9
OG0006835	0	1	2	0	2	2	0	1	1	9
OG0006836	0	1	1	3	1	0	1	1	1	9
OG0006837	0	1	0	1	0	0	5	1	1	9
OG0006838	0	1	1	3	1	1	0	1	1	9
OG0006839	0	1	0	0	2	0	0	3	3	9
OG0006840	0	1	2	1	1	1	1	1	1	9
OG0006841	0	2	0	0	2	1	0	2	2	9
OG0006842	0	2	0	0	3	0	0	2	2	9
OG0006843	0	1	1	1	0	2	0	3	1	9
OG0006844	0	1	2	2	1	1	0	1	1	9
OG0006845	0	1	1	3	1	1	0	1	1	9
OG0006846	0	1	2	2	1	0	1	1	1	9
OG0006847	0	1	1	1	1	2	1	1	1	9
OG0006848	0	1	0	3	1	1	1	1	1	9
OG0006849	0	1	0	0	8	0	0	0	0	9
OG0006850	0	1	1	1	1	1	2	1	1	9
OG0006851	0	1	0	5	1	0	0	1	1	9
OG0006852	0	1	1	3	1	1	0	1	1	9
OG0006853	0	1	1	3	1	1	0	1	1	9
OG0006854	0	1	1	2	1	1	1	1	1	9
OG0006855	0	1	1	2	1	1	1	1	1	9
OG0006856	0	1	3	1	1	1	0	1	1	9
OG0006857	0	1	0	2	1	1	2	1	1	9
OG0006858	0	1	1	2	1	1	1	1	1	9
OG0006859	0	1	2	1	1	1	1	1	1	9
OG0006860	0	1	0	3	2	1	0	1	1	9
OG0006861	0	1	2	1	1	1	1	1	1	9
OG0006862	0	1	2	1	1	1	1	1	1	9
OG0006863	0	1	1	2	1	1	1	1	1	9
OG0006864	0	1	1	1	1	2	1	1	1	9
OG0006865	0	1	1	1	2	2	0	1	1	9
OG0006866	0	0	9	0	0	0	0	0	0	9
OG0006867	0	0	9	0	0	0	0	0	0	9
OG0006868	0	0	4	1	0	1	3	0	0	9
OG0006869	0	0	2	0	0	7	0	0	0	9
OG0006870	0	0	9	0	0	0	0	0	0	9
OG0006871	0	0	9	0	0	0	0	0	0	9
OG0006872	0	0	9	0	0	0	0	0	0	9
OG0006873	0	0	9	0	0	0	0	0	0	9
OG0006874	0	0	9	0	0	0	0	0	0	9
OG0006875	0	0	9	0	0	0	0	0	0	9
OG0006876	0	0	9	0	0	0	0	0	0	9
OG0006877	0	0	9	0	0	0	0	0	0	9
OG0006878	0	0	9	0	0	0	0	0	0	9
OG0006879	0	0	5	0	0	4	0	0	0	9
OG0006880	0	0	9	0	0	0	0	0	0	9
OG0006881	0	0	9	0	0	0	0	0	0	9
OG0006882	0	0	9	0	0	0	0	0	0	9
OG0006883	0	0	9	0	0	0	0	0	0	9
OG0006884	0	0	9	0	0	0	0	0	0	9
OG0006885	0	0	8	0	0	1	0	0	0	9
OG0006886	0	0	9	0	0	0	0	0	0	9
OG0006887	0	0	8	1	0	0	0	0	0	9
OG0006888	0	0	3	0	0	0	6	0	0	9
OG0006889	0	0	2	0	0	2	5	0	0	9
OG0006890	0	0	9	0	0	0	0	0	0	9
OG0006891	0	0	9	0	0	0	0	0	0	9
OG0006892	0	0	3	0	0	5	0	1	0	9
OG0006893	0	0	9	0	0	0	0	0	0	9
OG0006894	0	0	1	3	0	2	3	0	0	9
OG0006895	0	0	2	6	0	0	1	0	0	9
OG0006896	0	0	1	7	1	0	0	0	0	9
OG0006897	0	0	1	7	0	1	0	0	0	9
OG0006898	0	0	0	9	0	0	0	0	0	9
OG0006899	0	0	0	9	0	0	0	0	0	9
OG0006900	0	0	0	9	0	0	0	0	0	9
OG0006901	0	0	0	9	0	0	0	0	0	9
OG0006902	0	0	0	9	0	0	0	0	0	9
OG0006903	0	0	0	9	0	0	0	0	0	9
OG0006904	0	0	0	9	0	0	0	0	0	9
OG0006905	0	0	0	9	0	0	0	0	0	9
OG0006906	0	0	0	9	0	0	0	0	0	9
OG0006907	0	0	0	9	0	0	0	0	0	9
OG0006908	0	0	0	9	0	0	0	0	0	9
OG0006909	0	0	0	9	0	0	0	0	0	9
OG0006910	0	0	0	9	0	0	0	0	0	9
OG0006911	0	0	0	9	0	0	0	0	0	9
OG0006912	0	0	0	7	0	0	2	0	0	9
OG0006913	0	0	0	9	0	0	0	0	0	9
OG0006914	0	0	0	9	0	0	0	0	0	9
OG0006915	0	0	0	9	0	0	0	0	0	9
OG0006916	0	0	0	9	0	0	0	0	0	9
OG0006917	0	0	0	9	0	0	0	0	0	9
OG0006918	0	0	0	9	0	0	0	0	0	9
OG0006919	0	0	0	9	0	0	0	0	0	9
OG0006920	0	0	0	9	0	0	0	0	0	9
OG0006921	0	0	0	9	0	0	0	0	0	9
OG0006922	0	0	0	9	0	0	0	0	0	9
OG0006923	0	0	0	9	0	0	0	0	0	9
OG0006924	0	0	0	8	0	1	0	0	0	9
OG0006925	0	0	0	9	0	0	0	0	0	9
OG0006926	0	0	0	9	0	0	0	0	0	9
OG0006927	0	0	0	5	0	0	4	0	0	9
OG0006928	0	0	0	9	0	0	0	0	0	9
OG0006929	0	0	0	6	0	3	0	0	0	9
OG0006930	0	0	0	9	0	0	0	0	0	9
OG0006931	0	0	0	9	0	0	0	0	0	9
OG0006932	0	0	0	9	0	0	0	0	0	9
OG0006933	0	0	0	9	0	0	0	0	0	9
OG0006934	0	0	0	9	0	0	0	0	0	9
OG0006935	0	0	0	9	0	0	0	0	0	9
OG0006936	0	0	0	8	0	0	1	0	0	9
OG0006937	0	0	0	9	0	0	0	0	0	9
OG0006938	0	0	0	9	0	0	0	0	0	9
OG0006939	0	0	0	9	0	0	0	0	0	9
OG0006940	0	0	0	9	0	0	0	0	0	9
OG0006941	0	0	0	1	0	0	8	0	0	9
OG0006942	0	0	0	9	0	0	0	0	0	9
OG0006943	0	0	0	9	0	0	0	0	0	9
OG0006944	0	0	0	8	0	1	0	0	0	9
OG0006945	0	0	0	9	0	0	0	0	0	9
OG0006946	0	0	0	9	0	0	0	0	0	9
OG0006947	0	0	0	9	0	0	0	0	0	9
OG0006948	0	0	0	9	0	0	0	0	0	9
OG0006949	0	0	0	9	0	0	0	0	0	9
OG0006950	0	0	0	0	2	0	0	4	3	9
OG0006951	0	0	0	0	0	9	0	0	0	9
OG0006952	0	0	0	0	0	9	0	0	0	9
OG0006953	0	0	0	0	0	9	0	0	0	9
OG0006954	0	0	0	0	0	9	0	0	0	9
OG0006955	0	0	0	0	0	9	0	0	0	9
OG0006956	0	0	0	0	0	9	0	0	0	9
OG0006957	0	0	0	0	0	0	9	0	0	9
OG0006958	0	0	0	0	0	0	9	0	0	9
OG0006959	0	0	0	0	0	0	9	0	0	9
OG0006960	0	0	0	0	0	0	9	0	0	9
OG0006961	0	0	0	0	0	0	9	0	0	9
OG0006962	0	0	0	0	0	0	9	0	0	9
OG0006963	0	0	0	0	0	0	9	0	0	9
OG0006964	0	0	0	0	0	0	9	0	0	9
OG0006965	0	0	0	0	0	0	0	9	0	9
OG0006966	1	1	0	2	1	1	0	1	1	8
OG0006967	2	0	0	5	0	1	0	0	0	8
OG0006968	2	1	0	1	1	1	0	1	1	8
OG0006969	2	1	0	0	1	1	0	2	1	8
OG0006970	4	0	4	0	0	0	0	0	0	8
OG0006971	2	0	5	0	0	1	0	0	0	8
OG0006972	3	0	2	1	0	1	1	0	0	8
OG0006973	2	0	0	5	0	1	0	0	0	8
OG0006974	1	1	0	1	1	1	1	1	1	8
OG0006975	2	1	0	1	0	1	1	1	1	8
OG0006976	2	1	0	0	1	1	1	1	1	8
OG0006977	2	1	1	1	0	1	0	1	1	8
OG0006978	8	0	0	0	0	0	0	0	0	8
OG0006979	2	0	1	4	0	1	0	0	0	8
OG0006980	1	0	4	1	0	2	0	0	0	8
OG0006981	1	1	1	1	1	0	1	1	1	8
OG0006982	1	1	0	1	1	1	1	1	1	8
OG0006983	2	0	6	0	0	0	0	0	0	8
OG0006984	2	1	0	1	1	1	0	1	1	8
OG0006985	1	1	1	0	1	1	1	1	1	8
OG0006986	1	1	0	2	0	1	1	1	1	8
OG0006987	2	1	1	0	1	1	0	1	1	8
OG0006988	1	1	0	1	1	1	1	1	1	8
OG0006989	2	0	2	2	0	1	1	0	0	8
OG0006990	8	0	0	0	0	0	0	0	0	8
OG0006991	2	1	0	0	0	1	2	1	1	8
OG0006992	1	1	0	2	1	1	0	1	1	8
OG0006993	2	1	0	1	1	0	1	1	1	8
OG0006994	2	1	0	0	1	1	1	1	1	8
OG0006995	2	1	0	1	0	1	1	1	1	8
OG0006996	2	0	1	0	0	0	5	0	0	8
OG0006997	2	1	0	1	1	1	0	1	1	8
OG0006998	1	1	0	2	1	1	0	1	1	8
OG0006999	3	1	0	0	1	1	0	1	1	8
OG0007000	6	0	2	0	0	0	0	0	0	8
OG0007001	1	1	1	1	1	0	1	1	1	8
OG0007002	1	1	0	1	1	1	1	1	1	8
OG0007003	3	0	1	3	0	0	1	0	0	8
OG0007004	2	0	1	1	0	2	2	0	0	8
OG0007005	1	1	1	1	1	1	0	1	1	8
OG0007006	3	0	1	2	0	1	1	0	0	8
OG0007007	2	0	0	6	0	0	0	0	0	8
OG0007008	1	1	1	1	1	1	0	1	1	8
OG0007009	2	1	0	0	1	1	1	1	1	8
OG0007010	8	0	0	0	0	0	0	0	0	8
OG0007011	2	1	1	0	1	1	0	1	1	8
OG0007012	1	0	2	1	0	1	1	1	1	8
OG0007013	2	0	1	0	0	5	0	0	0	8
OG0007014	1	1	1	0	1	1	1	1	1	8
OG0007015	2	1	0	1	0	1	1	1	1	8
OG0007016	2	1	1	1	1	0	0	1	1	8
OG0007017	1	1	0	2	1	1	0	1	1	8
OG0007018	1	1	0	1	1	1	1	1	1	8
OG0007019	1	0	2	4	0	1	0	0	0	8
OG0007020	8	0	0	0	0	0	0	0	0	8
OG0007021	1	1	0	1	1	1	1	1	1	8
OG0007022	2	1	1	0	1	1	0	1	1	8
OG0007023	7	0	0	0	0	1	0	0	0	8
OG0007024	2	0	6	0	0	0	0	0	0	8
OG0007025	3	0	2	0	0	3	0	0	0	8
OG0007026	2	1	0	1	0	1	1	1	1	8
OG0007027	2	1	0	2	0	1	0	1	1	8
OG0007028	1	1	0	1	1	1	1	1	1	8
OG0007029	1	1	1	1	1	0	1	1	1	8
OG0007030	2	1	1	1	0	1	1	0	1	8
OG0007031	2	1	0	1	1	1	0	1	1	8
OG0007032	2	1	0	0	1	1	1	1	1	8
OG0007033	1	1	0	1	1	1	1	1	1	8
OG0007034	1	1	1	1	1	0	1	1	1	8
OG0007035	3	0	0	3	0	2	0	0	0	8
OG0007036	2	0	0	5	0	1	0	0	0	8
OG0007037	8	0	0	0	0	0	0	0	0	8
OG0007038	8	0	0	0	0	0	0	0	0	8
OG0007039	8	0	0	0	0	0	0	0	0	8
OG0007040	2	0	1	0	0	1	4	0	0	8
OG0007041	1	1	0	0	1	2	1	1	1	8
OG0007042	3	0	3	0	0	0	2	0	0	8
OG0007043	2	1	0	1	1	1	0	1	1	8
OG0007044	2	1	1	0	1	1	0	1	1	8
OG0007045	2	0	0	5	0	0	1	0	0	8
OG0007046	2	1	0	1	1	1	0	1	1	8
OG0007047	2	1	1	1	1	0	0	1	1	8
OG0007048	1	1	0	1	1	1	1	1	1	8
OG0007049	1	1	2	0	1	1	1	0	1	8
OG0007050	1	1	0	1	1	1	1	1	1	8
OG0007051	1	1	0	1	1	1	1	1	1	8
OG0007052	8	0	0	0	0	0	0	0	0	8
OG0007053	1	0	2	3	0	2	0	0	0	8
OG0007054	3	0	4	0	0	1	0	0	0	8
OG0007055	2	0	1	0	0	4	1	0	0	8
OG0007056	2	0	1	0	0	4	1	0	0	8
OG0007057	1	1	0	1	1	1	1	1	1	8
OG0007058	1	1	0	1	1	1	1	1	1	8
OG0007059	2	1	0	0	1	1	1	1	1	8
OG0007060	4	0	1	3	0	0	0	0	0	8
OG0007061	2	0	4	0	0	2	0	0	0	8
OG0007062	2	1	0	0	1	0	2	1	1	8
OG0007063	1	1	2	1	0	1	0	1	1	8
OG0007064	1	0	7	0	0	0	0	0	0	8
OG0007065	2	1	0	0	1	1	1	1	1	8
OG0007066	2	1	0	1	1	1	0	1	1	8
OG0007067	2	1	0	0	1	1	1	1	1	8
OG0007068	2	1	0	1	1	0	1	1	1	8
OG0007069	2	0	2	0	0	2	2	0	0	8
OG0007070	1	1	1	1	1	1	0	1	1	8
OG0007071	1	0	1	4	0	1	1	0	0	8
OG0007072	2	1	1	0	1	1	0	1	1	8
OG0007073	7	0	1	0	0	0	0	0	0	8
OG0007074	2	1	2	0	1	0	0	1	1	8
OG0007075	2	1	0	1	1	1	0	1	1	8
OG0007076	2	1	1	1	1	1	0	0	1	8
OG0007077	1	1	0	1	1	1	1	1	1	8
OG0007078	8	0	0	0	0	0	0	0	0	8
OG0007079	2	0	1	0	0	3	2	0	0	8
OG0007080	1	1	0	1	1	1	1	1	1	8
OG0007081	1	1	0	1	2	1	0	1	1	8
OG0007082	1	1	0	1	1	1	1	1	1	8
OG0007083	2	1	0	1	1	1	0	1	1	8
OG0007084	3	0	2	0	0	3	0	0	0	8
OG0007085	2	1	1	0	1	1	0	1	1	8
OG0007086	2	0	2	3	0	1	0	0	0	8
OG0007087	2	0	6	0	0	0	0	0	0	8
OG0007088	2	1	0	1	1	1	0	1	1	8
OG0007089	1	0	3	3	0	1	0	0	0	8
OG0007090	2	1	0	0	1	1	1	1	1	8
OG0007091	2	1	0	0	1	1	1	1	1	8
OG0007092	1	1	1	1	1	0	1	1	1	8
OG0007093	1	1	0	1	1	1	1	1	1	8
OG0007094	1	1	0	1	1	1	1	1	1	8
OG0007095	2	1	0	0	1	1	1	1	1	8
OG0007096	1	0	2	3	0	1	1	0	0	8
OG0007097	1	0	1	4	0	1	1	0	0	8
OG0007098	1	1	0	1	1	1	1	1	1	8
OG0007099	1	1	0	2	1	1	0	1	1	8
OG0007100	2	1	0	2	0	0	1	1	1	8
OG0007101	1	1	1	1	0	1	1	1	1	8
OG0007102	2	0	1	3	0	1	1	0	0	8
OG0007103	2	1	0	2	0	1	0	1	1	8
OG0007104	2	1	0	1	1	0	1	1	1	8
OG0007105	2	1	1	0	1	1	0	1	1	8
OG0007106	2	1	2	0	1	0	0	1	1	8
OG0007107	1	1	1	0	1	2	0	1	1	8
OG0007108	1	0	2	3	0	1	1	0	0	8
OG0007109	2	0	6	0	0	0	0	0	0	8
OG0007110	1	1	0	1	1	1	1	1	1	8
OG0007111	2	1	0	1	1	0	1	1	1	8
OG0007112	1	1	1	1	1	1	0	1	1	8
OG0007113	1	1	2	0	1	1	0	1	1	8
OG0007114	2	1	1	0	1	1	0	1	1	8
OG0007115	2	0	6	0	0	0	0	0	0	8
OG0007116	3	0	5	0	0	0	0	0	0	8
OG0007117	1	0	2	3	0	1	1	0	0	8
OG0007118	1	1	0	2	1	1	0	1	1	8
OG0007119	1	1	0	1	2	1	0	1	1	8
OG0007120	2	1	1	1	1	0	0	1	1	8
OG0007121	2	1	1	1	1	1	0	1	0	8
OG0007122	2	0	5	0	0	0	1	0	0	8
OG0007123	1	1	2	1	1	0	1	0	1	8
OG0007124	2	1	2	0	1	0	0	1	1	8
OG0007125	6	0	2	0	0	0	0	0	0	8
OG0007126	2	1	0	1	1	1	0	1	1	8
OG0007127	2	0	0	0	0	5	1	0	0	8
OG0007128	1	1	0	3	0	1	0	1	1	8
OG0007129	1	0	1	4	0	1	1	0	0	8
OG0007130	1	1	1	0	1	2	0	1	1	8
OG0007131	2	0	2	2	0	1	1	0	0	8
OG0007132	3	0	1	0	0	4	0	0	0	8
OG0007133	1	1	2	0	1	1	0	1	1	8
OG0007134	2	1	0	1	1	1	1	0	1	8
OG0007135	1	1	1	1	0	2	0	1	1	8
OG0007136	2	1	1	0	1	1	0	1	1	8
OG0007137	1	1	1	0	1	1	1	1	1	8
OG0007138	2	1	0	1	0	1	1	1	1	8
OG0007139	1	1	3	0	0	1	0	1	1	8
OG0007140	1	1	1	1	1	0	1	1	1	8
OG0007141	3	0	2	0	1	2	0	0	0	8
OG0007142	1	1	0	2	1	0	1	1	1	8
OG0007143	2	1	0	0	1	1	1	1	1	8
OG0007144	2	1	0	1	1	0	1	1	1	8
OG0007145	2	0	3	1	0	1	1	0	0	8
OG0007146	2	1	0	1	1	1	0	1	1	8
OG0007147	2	1	0	1	0	1	1	1	1	8
OG0007148	1	0	0	6	0	1	0	0	0	8
OG0007149	4	0	2	0	0	0	2	0	0	8
OG0007150	1	0	4	2	0	1	0	0	0	8
OG0007151	1	1	0	2	1	1	0	1	1	8
OG0007152	2	1	2	0	0	2	0	0	1	8
OG0007153	2	1	0	1	0	1	1	1	1	8
OG0007154	1	0	2	4	0	1	0	0	0	8
OG0007155	1	1	1	2	1	1	0	1	0	8
OG0007156	1	1	1	1	1	1	0	1	1	8
OG0007157	1	1	1	1	1	1	1	0	1	8
OG0007158	2	0	1	2	0	2	1	0	0	8
OG0007159	1	0	2	0	0	2	3	0	0	8
OG0007160	1	1	0	2	1	1	0	1	1	8
OG0007161	2	0	2	2	0	1	1	0	0	8
OG0007162	2	1	0	0	1	1	1	1	1	8
OG0007163	2	1	1	2	0	0	1	1	0	8
OG0007164	2	1	0	1	1	1	0	1	1	8
OG0007165	2	0	0	2	0	4	0	0	0	8
OG0007166	1	1	0	1	1	1	1	1	1	8
OG0007167	1	1	0	1	1	1	1	1	1	8
OG0007168	2	0	2	1	0	1	2	0	0	8
OG0007169	1	1	2	0	1	1	0	1	1	8
OG0007170	2	1	0	1	1	1	0	1	1	8
OG0007171	1	1	0	1	1	1	2	1	0	8
OG0007172	1	1	0	1	1	1	1	1	1	8
OG0007173	2	1	0	1	1	1	0	1	1	8
OG0007174	2	1	0	1	1	0	1	1	1	8
OG0007175	2	1	0	1	1	1	0	1	1	8
OG0007176	1	1	0	1	1	1	1	1	1	8
OG0007177	3	0	5	0	0	0	0	0	0	8
OG0007178	1	1	0	1	1	1	1	1	1	8
OG0007179	1	1	0	1	2	1	0	1	1	8
OG0007180	2	0	1	1	1	1	0	1	1	8
OG0007181	2	0	4	1	0	1	0	0	0	8
OG0007182	2	0	3	2	0	1	0	0	0	8
OG0007183	3	0	2	0	0	3	0	0	0	8
OG0007184	3	0	3	0	0	2	0	0	0	8
OG0007185	1	1	1	1	1	1	0	1	1	8
OG0007186	1	1	1	0	1	1	1	1	1	8
OG0007187	2	0	2	2	0	1	1	0	0	8
OG0007188	1	1	0	1	1	1	1	1	1	8
OG0007189	3	0	0	2	0	2	1	0	0	8
OG0007190	2	0	2	3	0	1	0	0	0	8
OG0007191	2	0	4	1	0	1	0	0	0	8
OG0007192	1	1	1	1	1	1	0	1	1	8
OG0007193	2	0	2	1	0	1	2	0	0	8
OG0007194	2	0	1	3	0	1	1	0	0	8
OG0007195	2	0	5	0	0	1	0	0	0	8
OG0007196	2	1	1	0	1	1	0	1	1	8
OG0007197	1	1	0	1	1	1	1	1	1	8
OG0007198	6	0	2	0	0	0	0	0	0	8
OG0007199	2	0	1	4	0	1	0	0	0	8
OG0007200	1	1	0	1	1	1	1	1	1	8
OG0007201	2	0	0	6	0	0	0	0	0	8
OG0007202	2	0	5	0	0	1	0	0	0	8
OG0007203	1	1	0	1	2	1	0	1	1	8
OG0007204	2	0	2	3	0	1	0	0	0	8
OG0007205	1	1	0	1	1	1	1	1	1	8
OG0007206	1	1	1	1	1	1	0	1	1	8
OG0007207	4	0	2	0	0	2	0	0	0	8
OG0007208	1	1	0	2	1	1	0	1	1	8
OG0007209	1	1	0	1	1	1	1	1	1	8
OG0007210	2	1	1	1	1	0	0	1	1	8
OG0007211	2	0	1	0	0	5	0	0	0	8
OG0007212	1	1	1	1	1	1	0	1	1	8
OG0007213	1	1	0	1	1	1	1	1	1	8
OG0007214	1	1	0	1	1	1	1	1	1	8
OG0007215	1	1	0	2	1	1	0	1	1	8
OG0007216	1	1	1	1	1	0	1	1	1	8
OG0007217	1	1	0	1	1	1	1	1	1	8
OG0007218	1	1	0	1	1	1	2	0	1	8
OG0007219	2	1	0	1	1	0	1	1	1	8
OG0007220	2	1	0	1	1	1	0	1	1	8
OG0007221	1	1	1	1	1	1	0	1	1	8
OG0007222	1	1	0	0	1	1	2	1	1	8
OG0007223	2	1	0	1	1	1	0	1	1	8
OG0007224	2	0	5	0	0	1	0	0	0	8
OG0007225	2	1	2	0	1	0	0	1	1	8
OG0007226	1	1	1	0	1	1	1	1	1	8
OG0007227	2	1	0	0	1	1	1	1	1	8
OG0007228	2	0	0	0	0	0	4	1	1	8
OG0007229	1	1	1	1	1	1	0	1	1	8
OG0007230	1	1	0	1	1	0	2	1	1	8
OG0007231	2	1	1	0	1	1	0	1	1	8
OG0007232	1	1	1	2	1	1	0	0	1	8
OG0007233	2	1	0	1	1	1	0	1	1	8
OG0007234	1	1	1	1	1	1	0	1	1	8
OG0007235	1	1	0	1	1	1	1	1	1	8
OG0007236	2	1	0	1	1	0	1	1	1	8
OG0007237	1	1	1	0	1	1	1	1	1	8
OG0007238	2	0	0	3	1	1	0	0	1	8
OG0007239	1	1	0	0	1	1	1	2	1	8
OG0007240	2	1	1	0	1	1	0	1	1	8
OG0007241	1	0	7	0	0	0	0	0	0	8
OG0007242	1	1	0	2	1	1	0	1	1	8
OG0007243	1	1	1	0	1	1	1	1	1	8
OG0007244	2	1	0	1	1	0	1	1	1	8
OG0007245	1	1	1	0	1	2	0	1	1	8
OG0007246	2	1	0	1	1	1	0	1	1	8
OG0007247	1	1	1	1	1	1	0	1	1	8
OG0007248	2	1	0	1	0	1	1	1	1	8
OG0007249	1	0	1	1	0	2	2	1	0	8
OG0007250	2	1	0	1	1	1	0	1	1	8
OG0007251	1	1	0	1	1	1	1	1	1	8
OG0007252	1	1	1	1	1	1	0	1	1	8
OG0007253	1	1	0	0	1	1	1	2	1	8
OG0007254	1	1	0	3	1	0	0	1	1	8
OG0007255	2	0	0	4	0	1	1	0	0	8
OG0007256	1	1	0	1	1	1	1	1	1	8
OG0007257	1	1	0	1	1	1	1	1	1	8
OG0007258	1	1	1	1	0	1	1	1	1	8
OG0007259	2	0	3	1	0	1	1	0	0	8
OG0007260	1	1	1	1	1	1	0	1	1	8
OG0007261	2	0	1	0	0	5	0	0	0	8
OG0007262	1	1	0	2	1	1	0	1	1	8
OG0007263	1	1	0	1	0	2	1	1	1	8
OG0007264	2	1	0	1	1	1	0	1	1	8
OG0007265	1	1	0	1	1	1	1	1	1	8
OG0007266	8	0	0	0	0	0	0	0	0	8
OG0007267	2	1	1	0	1	1	1	0	1	8
OG0007268	2	1	1	0	1	1	0	1	1	8
OG0007269	1	1	0	2	2	1	0	0	1	8
OG0007270	2	0	1	3	0	2	0	0	0	8
OG0007271	1	1	0	1	1	1	1	1	1	8
OG0007272	4	0	2	0	0	2	0	0	0	8
OG0007273	3	0	3	0	0	2	0	0	0	8
OG0007274	2	1	0	1	1	1	0	1	1	8
OG0007275	1	1	1	1	1	1	0	1	1	8
OG0007276	1	1	1	1	1	1	0	1	1	8
OG0007277	1	1	1	1	1	1	0	1	1	8
OG0007278	1	1	2	1	1	1	0	0	1	8
OG0007279	2	0	1	3	0	1	1	0	0	8
OG0007280	1	1	0	2	1	1	0	1	1	8
OG0007281	1	0	2	0	0	5	0	0	0	8
OG0007282	1	1	1	1	1	1	0	1	1	8
OG0007283	1	1	1	1	1	1	1	0	1	8
OG0007284	2	1	0	0	1	1	1	1	1	8
OG0007285	1	1	0	1	1	1	1	1	1	8
OG0007286	2	1	1	0	1	1	0	1	1	8
OG0007287	1	0	0	6	0	1	0	0	0	8
OG0007288	2	1	0	1	1	1	0	1	1	8
OG0007289	1	1	0	2	1	1	0	1	1	8
OG0007290	1	1	2	1	1	0	0	1	1	8
OG0007291	3	0	2	2	0	1	0	0	0	8
OG0007292	4	0	2	0	0	2	0	0	0	8
OG0007293	2	1	1	1	0	1	1	0	1	8
OG0007294	2	1	0	1	1	1	0	1	1	8
OG0007295	2	1	0	1	1	1	0	1	1	8
OG0007296	1	1	1	1	1	1	0	1	1	8
OG0007297	2	0	2	1	0	1	2	0	0	8
OG0007298	1	1	1	1	1	1	0	1	1	8
OG0007299	2	1	0	1	1	0	1	1	1	8
OG0007300	2	1	0	1	1	0	1	1	1	8
OG0007301	2	1	0	1	1	0	1	1	1	8
OG0007302	1	1	0	0	1	3	0	1	1	8
OG0007303	1	1	0	2	1	1	0	1	1	8
OG0007304	2	0	2	3	0	1	0	0	0	8
OG0007305	2	0	1	3	0	1	1	0	0	8
OG0007306	2	1	1	0	1	1	0	1	1	8
OG0007307	2	1	0	1	1	1	0	1	1	8
OG0007308	1	1	0	1	1	1	1	1	1	8
OG0007309	2	0	1	1	1	1	0	1	1	8
OG0007310	1	1	1	0	1	1	1	1	1	8
OG0007311	2	1	0	0	1	2	0	1	1	8
OG0007312	1	1	0	1	1	1	1	1	1	8
OG0007313	1	1	1	0	1	1	0	2	1	8
OG0007314	1	1	0	1	1	1	1	1	1	8
OG0007315	1	1	0	1	1	1	1	1	1	8
OG0007316	1	1	1	0	1	1	1	1	1	8
OG0007317	2	0	3	0	0	1	2	0	0	8
OG0007318	2	0	2	0	0	3	1	0	0	8
OG0007319	1	1	1	1	1	1	0	1	1	8
OG0007320	2	0	3	1	0	1	0	1	0	8
OG0007321	1	1	1	1	0	1	1	1	1	8
OG0007322	0	1	1	1	2	1	0	1	1	8
OG0007323	0	1	0	4	1	0	0	1	1	8
OG0007324	0	2	0	0	2	0	0	2	2	8
OG0007325	0	1	0	2	1	1	1	1	1	8
OG0007326	0	1	0	0	1	0	0	3	3	8
OG0007327	0	1	1	1	1	2	0	1	1	8
OG0007328	0	2	0	0	2	0	0	2	2	8
OG0007329	0	1	0	4	1	0	0	1	1	8
OG0007330	0	2	0	0	2	0	0	2	2	8
OG0007331	0	1	0	3	1	1	0	1	1	8
OG0007332	0	2	0	0	2	0	0	2	2	8
OG0007333	0	1	0	0	1	0	0	4	2	8
OG0007334	0	1	1	1	1	1	1	1	1	8
OG0007335	0	1	0	4	1	0	0	1	1	8
OG0007336	0	2	0	0	6	0	0	0	0	8
OG0007337	0	1	0	3	1	1	0	1	1	8
OG0007338	0	2	0	0	2	0	0	2	2	8
OG0007339	0	1	0	4	1	0	0	1	1	8
OG0007340	0	1	1	1	1	1	1	1	1	8
OG0007341	0	1	0	2	1	1	0	2	1	8
OG0007342	0	2	0	0	2	0	0	2	2	8
OG0007343	0	1	0	1	2	1	1	1	1	8
OG0007344	0	1	0	1	2	1	1	1	1	8
OG0007345	0	1	0	0	3	0	0	2	2	8
OG0007346	0	1	2	1	1	1	0	1	1	8
OG0007347	0	1	1	1	1	1	1	1	1	8
OG0007348	0	1	0	2	1	1	1	1	1	8
OG0007349	0	2	0	0	4	0	0	1	1	8
OG0007350	0	1	1	1	1	1	1	1	1	8
OG0007351	0	1	0	2	1	1	1	1	1	8
OG0007352	0	2	0	0	2	0	0	2	2	8
OG0007353	0	1	0	0	2	1	1	1	2	8
OG0007354	0	1	0	2	1	1	1	1	1	8
OG0007355	0	1	1	1	1	1	1	1	1	8
OG0007356	0	1	0	1	1	0	3	1	1	8
OG0007357	0	1	0	0	2	0	0	2	3	8
OG0007358	0	1	1	3	1	1	0	0	1	8
OG0007359	0	1	0	0	1	0	4	1	1	8
OG0007360	0	1	0	0	1	0	0	3	3	8
OG0007361	0	1	1	2	1	1	0	1	1	8
OG0007362	0	1	0	2	1	1	1	1	1	8
OG0007363	0	1	1	1	1	1	1	1	1	8
OG0007364	0	1	0	2	1	1	1	1	1	8
OG0007365	0	1	1	1	1	1	1	1	1	8
OG0007366	0	1	1	1	1	1	1	1	1	8
OG0007367	0	1	0	1	1	3	0	1	1	8
OG0007368	0	1	0	2	1	2	0	1	1	8
OG0007369	0	1	0	2	1	1	1	1	1	8
OG0007370	0	1	5	0	1	0	0	0	1	8
OG0007371	0	1	2	1	1	1	0	1	1	8
OG0007372	0	2	0	0	2	0	0	2	2	8
OG0007373	0	1	2	0	1	1	1	1	1	8
OG0007374	0	1	2	1	1	1	0	1	1	8
OG0007375	0	1	0	1	2	1	1	1	1	8
OG0007376	0	2	0	0	2	0	0	2	2	8
OG0007377	0	2	0	1	1	0	1	2	1	8
OG0007378	0	1	1	2	1	1	0	1	1	8
OG0007379	0	1	0	1	1	1	1	2	1	8
OG0007380	0	1	0	3	1	0	0	2	1	8
OG0007381	0	3	0	0	4	0	0	0	1	8
OG0007382	0	1	0	0	3	0	0	2	2	8
OG0007383	0	1	1	1	1	1	1	1	1	8
OG0007384	0	1	0	0	1	0	0	3	3	8
OG0007385	0	1	0	3	1	1	0	1	1	8
OG0007386	0	1	0	3	1	1	0	1	1	8
OG0007387	0	2	0	0	4	0	0	1	1	8
OG0007388	0	2	0	0	2	0	0	2	2	8
OG0007389	0	1	0	2	1	1	1	1	1	8
OG0007390	0	1	1	1	1	1	1	1	1	8
OG0007391	0	1	1	1	1	1	1	1	1	8
OG0007392	0	1	0	1	1	3	0	1	1	8
OG0007393	0	1	0	3	1	1	0	1	1	8
OG0007394	0	1	0	3	1	1	0	1	1	8
OG0007395	0	1	1	2	1	1	0	1	1	8
OG0007396	0	2	0	0	2	0	0	2	2	8
OG0007397	0	1	1	1	1	1	1	1	1	8
OG0007398	0	2	0	0	1	0	0	3	2	8
OG0007399	0	1	2	1	0	1	1	1	1	8
OG0007400	0	1	0	3	1	1	1	0	1	8
OG0007401	0	2	0	0	2	0	0	2	2	8
OG0007402	0	1	0	2	1	2	0	1	1	8
OG0007403	0	1	1	1	1	1	1	1	1	8
OG0007404	0	1	0	2	1	1	1	1	1	8
OG0007405	0	1	0	2	1	1	1	1	1	8
OG0007406	0	1	0	1	3	0	1	1	1	8
OG0007407	0	1	3	1	1	0	0	1	1	8
OG0007408	0	1	0	2	1	1	1	1	1	8
OG0007409	0	1	0	3	1	0	1	1	1	8
OG0007410	0	2	0	0	2	0	0	2	2	8
OG0007411	0	1	1	1	1	1	1	1	1	8
OG0007412	0	1	0	1	1	2	1	1	1	8
OG0007413	0	1	0	0	1	0	0	3	3	8
OG0007414	0	1	3	1	1	0	0	1	1	8
OG0007415	0	1	3	0	1	1	0	1	1	8
OG0007416	0	1	0	3	1	1	0	1	1	8
OG0007417	0	1	1	1	1	1	1	1	1	8
OG0007418	0	2	1	2	1	1	0	0	1	8
OG0007419	0	0	8	0	0	0	0	0	0	8
OG0007420	0	0	8	0	0	0	0	0	0	8
OG0007421	0	0	8	0	0	0	0	0	0	8
OG0007422	0	0	8	0	0	0	0	0	0	8
OG0007423	0	0	8	0	0	0	0	0	0	8
OG0007424	0	0	8	0	0	0	0	0	0	8
OG0007425	0	0	8	0	0	0	0	0	0	8
OG0007426	0	0	2	5	0	0	1	0	0	8
OG0007427	0	0	7	0	0	0	1	0	0	8
OG0007428	0	0	8	0	0	0	0	0	0	8
OG0007429	0	0	6	0	0	2	0	0	0	8
OG0007430	0	0	8	0	0	0	0	0	0	8
OG0007431	0	0	5	0	0	3	0	0	0	8
OG0007432	0	0	8	0	0	0	0	0	0	8
OG0007433	0	0	8	0	0	0	0	0	0	8
OG0007434	0	0	8	0	0	0	0	0	0	8
OG0007435	0	0	1	6	0	0	0	1	0	8
OG0007436	0	0	8	0	0	0	0	0	0	8
OG0007437	0	0	8	0	0	0	0	0	0	8
OG0007438	0	0	7	0	0	0	1	0	0	8
OG0007439	0	0	7	0	0	0	1	0	0	8
OG0007440	0	0	8	0	0	0	0	0	0	8
OG0007441	0	0	8	0	0	0	0	0	0	8
OG0007442	0	0	8	0	0	0	0	0	0	8
OG0007443	0	0	8	0	0	0	0	0	0	8
OG0007444	0	0	8	0	0	0	0	0	0	8
OG0007445	0	0	8	0	0	0	0	0	0	8
OG0007446	0	0	8	0	0	0	0	0	0	8
OG0007447	0	0	2	0	0	6	0	0	0	8
OG0007448	0	0	8	0	0	0	0	0	0	8
OG0007449	0	0	8	0	0	0	0	0	0	8
OG0007450	0	0	8	0	0	0	0	0	0	8
OG0007451	0	0	8	0	0	0	0	0	0	8
OG0007452	0	0	8	0	0	0	0	0	0	8
OG0007453	0	0	8	0	0	0	0	0	0	8
OG0007454	0	0	8	0	0	0	0	0	0	8
OG0007455	0	0	1	6	0	1	0	0	0	8
OG0007456	0	0	7	0	0	0	0	1	0	8
OG0007457	0	0	3	2	0	1	2	0	0	8
OG0007458	0	0	8	0	0	0	0	0	0	8
OG0007459	0	0	8	0	0	0	0	0	0	8
OG0007460	0	0	8	0	0	0	0	0	0	8
OG0007461	0	0	6	0	0	1	1	0	0	8
OG0007462	0	0	1	1	0	0	5	0	1	8
OG0007463	0	0	1	0	0	7	0	0	0	8
OG0007464	0	0	8	0	0	0	0	0	0	8
OG0007465	0	0	0	8	0	0	0	0	0	8
OG0007466	0	0	0	7	0	0	1	0	0	8
OG0007467	0	0	0	4	1	1	0	1	1	8
OG0007468	0	0	0	8	0	0	0	0	0	8
OG0007469	0	0	0	8	0	0	0	0	0	8
OG0007470	0	0	0	8	0	0	0	0	0	8
OG0007471	0	0	0	7	0	0	1	0	0	8
OG0007472	0	0	0	8	0	0	0	0	0	8
OG0007473	0	0	0	8	0	0	0	0	0	8
OG0007474	0	0	0	8	0	0	0	0	0	8
OG0007475	0	0	0	8	0	0	0	0	0	8
OG0007476	0	0	0	8	0	0	0	0	0	8
OG0007477	0	0	0	8	0	0	0	0	0	8
OG0007478	0	0	0	8	0	0	0	0	0	8
OG0007479	0	0	0	8	0	0	0	0	0	8
OG0007480	0	0	0	8	0	0	0	0	0	8
OG0007481	0	0	0	7	0	1	0	0	0	8
OG0007482	0	0	0	7	0	0	1	0	0	8
OG0007483	0	0	0	6	0	0	2	0	0	8
OG0007484	0	0	0	8	0	0	0	0	0	8
OG0007485	0	0	0	8	0	0	0	0	0	8
OG0007486	0	0	0	8	0	0	0	0	0	8
OG0007487	0	0	0	8	0	0	0	0	0	8
OG0007488	0	0	0	7	0	0	1	0	0	8
OG0007489	0	0	0	8	0	0	0	0	0	8
OG0007490	0	0	0	8	0	0	0	0	0	8
OG0007491	0	0	0	8	0	0	0	0	0	8
OG0007492	0	0	0	8	0	0	0	0	0	8
OG0007493	0	0	0	8	0	0	0	0	0	8
OG0007494	0	0	0	8	0	0	0	0	0	8
OG0007495	0	0	0	8	0	0	0	0	0	8
OG0007496	0	0	0	8	0	0	0	0	0	8
OG0007497	0	0	0	8	0	0	0	0	0	8
OG0007498	0	0	0	8	0	0	0	0	0	8
OG0007499	0	0	0	5	0	0	3	0	0	8
OG0007500	0	0	0	8	0	0	0	0	0	8
OG0007501	0	0	0	8	0	0	0	0	0	8
OG0007502	0	0	0	8	0	0	0	0	0	8
OG0007503	0	0	0	8	0	0	0	0	0	8
OG0007504	0	0	0	8	0	0	0	0	0	8
OG0007505	0	0	0	3	0	1	4	0	0	8
OG0007506	0	0	0	7	0	1	0	0	0	8
OG0007507	0	0	0	8	0	0	0	0	0	8
OG0007508	0	0	0	8	0	0	0	0	0	8
OG0007509	0	0	0	8	0	0	0	0	0	8
OG0007510	0	0	0	8	0	0	0	0	0	8
OG0007511	0	0	0	8	0	0	0	0	0	8
OG0007512	0	0	0	1	0	2	4	1	0	8
OG0007513	0	0	0	6	0	2	0	0	0	8
OG0007514	0	0	0	8	0	0	0	0	0	8
OG0007515	0	0	0	8	0	0	0	0	0	8
OG0007516	0	0	0	8	0	0	0	0	0	8
OG0007517	0	0	0	8	0	0	0	0	0	8
OG0007518	0	0	0	8	0	0	0	0	0	8
OG0007519	0	0	0	8	0	0	0	0	0	8
OG0007520	0	0	0	1	0	0	7	0	0	8
OG0007521	0	0	0	8	0	0	0	0	0	8
OG0007522	0	0	0	8	0	0	0	0	0	8
OG0007523	0	0	0	8	0	0	0	0	0	8
OG0007524	0	0	0	8	0	0	0	0	0	8
OG0007525	0	0	0	8	0	0	0	0	0	8
OG0007526	0	0	0	7	0	0	1	0	0	8
OG0007527	0	0	0	8	0	0	0	0	0	8
OG0007528	0	0	0	8	0	0	0	0	0	8
OG0007529	0	0	0	8	0	0	0	0	0	8
OG0007530	0	0	0	8	0	0	0	0	0	8
OG0007531	0	0	0	8	0	0	0	0	0	8
OG0007532	0	0	0	8	0	0	0	0	0	8
OG0007533	0	0	0	1	0	7	0	0	0	8
OG0007534	0	0	0	8	0	0	0	0	0	8
OG0007535	0	0	0	8	0	0	0	0	0	8
OG0007536	0	0	0	1	0	1	6	0	0	8
OG0007537	0	0	0	0	0	8	0	0	0	8
OG0007538	0	0	0	0	0	8	0	0	0	8
OG0007539	0	0	0	0	0	8	0	0	0	8
OG0007540	0	0	0	0	0	8	0	0	0	8
OG0007541	0	0	0	0	0	8	0	0	0	8
OG0007542	0	0	0	0	0	8	0	0	0	8
OG0007543	0	0	0	0	0	8	0	0	0	8
OG0007544	0	0	0	0	0	8	0	0	0	8
OG0007545	0	0	0	0	0	8	0	0	0	8
OG0007546	0	0	0	0	0	8	0	0	0	8
OG0007547	0	0	0	0	0	0	8	0	0	8
OG0007548	0	0	0	0	0	0	8	0	0	8
OG0007549	0	0	0	0	0	0	8	0	0	8
OG0007550	0	0	0	0	0	0	8	0	0	8
OG0007551	0	0	0	0	0	0	8	0	0	8
OG0007552	0	0	0	0	0	0	8	0	0	8
OG0007553	0	0	0	0	0	0	0	4	4	8
OG0007554	6	0	0	0	0	1	0	0	0	7
OG0007555	2	1	0	1	0	1	0	1	1	7
OG0007556	1	1	0	1	1	1	0	1	1	7
OG0007557	2	0	1	0	0	4	0	0	0	7
OG0007558	1	0	0	1	1	1	1	1	1	7
OG0007559	2	0	0	3	0	1	1	0	0	7
OG0007560	7	0	0	0	0	0	0	0	0	7
OG0007561	1	1	2	0	1	0	0	1	1	7
OG0007562	7	0	0	0	0	0	0	0	0	7
OG0007563	2	0	1	0	0	3	1	0	0	7
OG0007564	6	0	0	0	0	1	0	0	0	7
OG0007565	1	0	1	3	0	1	1	0	0	7
OG0007566	7	0	0	0	0	0	0	0	0	7
OG0007567	1	0	2	2	0	1	1	0	0	7
OG0007568	7	0	0	0	0	0	0	0	0	7
OG0007569	3	0	3	0	0	1	0	0	0	7
OG0007570	5	0	2	0	0	0	0	0	0	7
OG0007571	2	1	0	0	1	1	0	1	1	7
OG0007572	1	0	1	3	0	1	1	0	0	7
OG0007573	1	0	1	0	0	1	4	0	0	7
OG0007574	1	1	1	1	0	0	1	1	1	7
OG0007575	1	1	1	0	1	1	0	1	1	7
OG0007576	5	0	2	0	0	0	0	0	0	7
OG0007577	1	0	0	3	0	1	2	0	0	7
OG0007578	1	1	0	1	1	1	0	1	1	7
OG0007579	7	0	0	0	0	0	0	0	0	7
OG0007580	2	0	2	1	1	1	0	0	0	7
OG0007581	7	0	0	0	0	0	0	0	0	7
OG0007582	2	0	1	1	0	2	1	0	0	7
OG0007583	1	1	0	0	1	1	0	2	1	7
OG0007584	7	0	0	0	0	0	0	0	0	7
OG0007585	1	1	0	1	1	1	0	1	1	7
OG0007586	2	1	0	0	0	1	1	1	1	7
OG0007587	1	1	1	0	1	0	1	1	1	7
OG0007588	2	1	0	0	1	1	0	1	1	7
OG0007589	1	1	1	1	0	1	0	1	1	7
OG0007590	2	0	1	1	0	3	0	0	0	7
OG0007591	1	0	0	0	0	4	2	0	0	7
OG0007592	1	1	0	1	1	1	0	1	1	7
OG0007593	2	0	0	3	0	1	1	0	0	7
OG0007594	1	1	0	1	1	1	0	1	1	7
OG0007595	1	1	0	1	1	1	1	0	1	7
OG0007596	2	0	2	2	0	1	0	0	0	7
OG0007597	2	1	0	1	1	0	0	1	1	7
OG0007598	1	1	0	2	1	0	0	1	1	7
OG0007599	7	0	0	0	0	0	0	0	0	7
OG0007600	2	0	4	0	0	1	0	0	0	7
OG0007601	1	1	0	1	1	1	0	1	1	7
OG0007602	2	0	2	3	0	0	0	0	0	7
OG0007603	4	0	1	0	0	2	0	0	0	7
OG0007604	2	0	1	3	0	1	0	0	0	7
OG0007605	1	0	1	4	0	1	0	0	0	7
OG0007606	2	1	0	0	1	0	1	1	1	7
OG0007607	2	0	0	1	0	4	0	0	0	7
OG0007608	1	1	0	1	1	1	0	1	1	7
OG0007609	1	0	1	3	0	0	2	0	0	7
OG0007610	4	0	0	3	0	0	0	0	0	7
OG0007611	7	0	0	0	0	0	0	0	0	7
OG0007612	1	1	0	1	1	0	0	2	1	7
OG0007613	1	0	0	4	0	1	1	0	0	7
OG0007614	1	1	1	0	1	1	0	1	1	7
OG0007615	1	1	0	1	1	1	0	1	1	7
OG0007616	1	1	2	1	0	0	0	1	1	7
OG0007617	1	1	1	0	1	1	0	1	1	7
OG0007618	1	1	0	0	2	1	0	1	1	7
OG0007619	7	0	0	0	0	0	0	0	0	7
OG0007620	7	0	0	0	0	0	0	0	0	7
OG0007621	2	0	1	1	1	1	0	0	1	7
OG0007622	3	0	1	0	0	0	3	0	0	7
OG0007623	2	1	0	0	1	1	0	1	1	7
OG0007624	2	0	5	0	0	0	0	0	0	7
OG0007625	1	1	0	1	1	1	0	1	1	7
OG0007626	1	1	1	0	1	1	1	0	1	7
OG0007627	2	0	1	2	0	1	1	0	0	7
OG0007628	1	1	0	0	1	1	1	1	1	7
OG0007629	6	0	0	0	0	1	0	0	0	7
OG0007630	2	0	1	0	0	4	0	0	0	7
OG0007631	3	0	0	0	0	4	0	0	0	7
OG0007632	2	0	4	0	0	1	0	0	0	7
OG0007633	2	0	5	0	0	0	0	0	0	7
OG0007634	1	1	0	1	1	1	0	1	1	7
OG0007635	2	0	0	1	1	1	0	1	1	7
OG0007636	1	1	0	0	1	2	0	1	1	7
OG0007637	1	1	0	1	1	0	1	1	1	7
OG0007638	1	0	5	0	0	1	0	0	0	7
OG0007639	1	0	1	3	0	1	1	0	0	7
OG0007640	7	0	0	0	0	0	0	0	0	7
OG0007641	7	0	0	0	0	0	0	0	0	7
OG0007642	7	0	0	0	0	0	0	0	0	7
OG0007643	5	0	2	0	0	0	0	0	0	7
OG0007644	4	0	3	0	0	0	0	0	0	7
OG0007645	7	0	0	0	0	0	0	0	0	7
OG0007646	2	0	1	4	0	0	0	0	0	7
OG0007647	1	1	0	1	1	1	0	1	1	7
OG0007648	2	1	0	0	1	0	1	1	1	7
OG0007649	1	1	1	1	1	0	0	1	1	7
OG0007650	1	1	1	0	1	1	0	1	1	7
OG0007651	2	0	1	0	0	3	1	0	0	7
OG0007652	1	1	0	1	1	0	1	1	1	7
OG0007653	2	0	4	0	0	1	0	0	0	7
OG0007654	1	1	0	0	1	2	0	1	1	7
OG0007655	1	1	0	1	1	1	0	1	1	7
OG0007656	1	0	1	3	0	1	1	0	0	7
OG0007657	1	1	1	0	1	1	0	1	1	7
OG0007658	1	1	0	1	1	1	0	1	1	7
OG0007659	1	1	0	1	1	0	1	1	1	7
OG0007660	2	1	0	1	0	1	0	1	1	7
OG0007661	1	1	2	0	1	0	0	1	1	7
OG0007662	1	1	0	1	0	1	1	1	1	7
OG0007663	2	0	2	3	0	0	0	0	0	7
OG0007664	1	1	0	1	1	1	0	1	1	7
OG0007665	2	0	1	3	0	0	1	0	0	7
OG0007666	5	0	2	0	0	0	0	0	0	7
OG0007667	7	0	0	0	0	0	0	0	0	7
OG0007668	7	0	0	0	0	0	0	0	0	7
OG0007669	2	0	1	3	0	1	0	0	0	7
OG0007670	4	0	0	0	0	1	2	0	0	7
OG0007671	1	1	1	0	1	1	0	1	1	7
OG0007672	1	0	1	3	0	2	0	0	0	7
OG0007673	3	0	2	0	0	2	0	0	0	7
OG0007674	1	1	0	1	1	1	0	1	1	7
OG0007675	2	0	3	1	0	1	0	0	0	7
OG0007676	2	1	0	1	1	0	0	1	1	7
OG0007677	4	0	2	0	0	1	0	0	0	7
OG0007678	1	0	4	0	0	1	1	0	0	7
OG0007679	2	1	0	0	1	1	0	1	1	7
OG0007680	1	0	1	2	0	3	0	0	0	7
OG0007681	1	0	1	3	0	1	1	0	0	7
OG0007682	1	1	0	1	0	1	1	1	1	7
OG0007683	1	1	0	1	1	1	0	1	1	7
OG0007684	2	0	2	1	0	1	1	0	0	7
OG0007685	3	0	3	0	0	1	0	0	0	7
OG0007686	2	0	2	1	0	1	1	0	0	7
OG0007687	5	0	1	0	0	1	0	0	0	7
OG0007688	1	1	0	1	1	1	1	0	1	7
OG0007689	2	1	0	1	1	0	0	1	1	7
OG0007690	2	0	2	2	0	0	1	0	0	7
OG0007691	1	1	0	1	1	1	0	1	1	7
OG0007692	1	1	1	0	1	1	0	1	1	7
OG0007693	1	1	0	0	1	1	1	1	1	7
OG0007694	1	1	0	1	1	1	0	1	1	7
OG0007695	2	1	0	0	1	0	0	2	1	7
OG0007696	2	0	3	0	0	2	0	0	0	7
OG0007697	1	1	0	1	1	0	1	1	1	7
OG0007698	3	0	2	0	0	2	0	0	0	7
OG0007699	2	0	2	1	0	1	1	0	0	7
OG0007700	2	0	1	2	0	2	0	0	0	7
OG0007701	1	1	0	1	1	1	0	1	1	7
OG0007702	1	0	0	2	1	1	0	1	1	7
OG0007703	2	0	1	2	0	1	1	0	0	7
OG0007704	3	0	4	0	0	0	0	0	0	7
OG0007705	1	0	2	2	0	2	0	0	0	7
OG0007706	7	0	0	0	0	0	0	0	0	7
OG0007707	1	0	2	0	0	4	0	0	0	7
OG0007708	2	0	1	2	0	2	0	0	0	7
OG0007709	1	1	1	0	1	1	0	1	1	7
OG0007710	2	0	1	3	0	1	0	0	0	7
OG0007711	1	1	1	0	1	1	0	1	1	7
OG0007712	2	0	1	2	0	1	0	1	0	7
OG0007713	1	0	0	0	0	5	1	0	0	7
OG0007714	2	1	0	2	1	0	0	1	0	7
OG0007715	2	0	0	3	0	1	1	0	0	7
OG0007716	2	0	2	1	0	1	1	0	0	7
OG0007717	1	0	0	5	0	1	0	0	0	7
OG0007718	2	0	1	0	0	0	4	0	0	7
OG0007719	1	0	0	4	0	1	0	1	0	7
OG0007720	1	1	1	0	1	1	0	1	1	7
OG0007721	4	0	3	0	0	0	0	0	0	7
OG0007722	2	0	0	2	0	1	2	0	0	7
OG0007723	2	0	0	2	0	2	0	1	0	7
OG0007724	2	0	2	2	0	0	1	0	0	7
OG0007725	3	0	4	0	0	0	0	0	0	7
OG0007726	1	1	1	0	1	1	0	1	1	7
OG0007727	1	1	0	1	1	0	1	1	1	7
OG0007728	1	0	3	1	0	1	1	0	0	7
OG0007729	2	0	4	0	0	1	0	0	0	7
OG0007730	1	0	0	5	0	1	0	0	0	7
OG0007731	1	1	0	1	1	1	0	1	1	7
OG0007732	1	1	0	0	1	1	0	2	1	7
OG0007733	1	0	1	3	0	2	0	0	0	7
OG0007734	2	0	1	2	0	1	1	0	0	7
OG0007735	1	1	1	0	1	1	0	1	1	7
OG0007736	2	0	2	1	0	1	1	0	0	7
OG0007737	1	0	2	2	0	1	1	0	0	7
OG0007738	2	0	4	0	0	1	0	0	0	7
OG0007739	2	0	1	2	0	1	1	0	0	7
OG0007740	1	1	0	2	0	0	1	1	1	7
OG0007741	2	0	0	0	0	5	0	0	0	7
OG0007742	2	0	2	1	0	1	1	0	0	7
OG0007743	3	0	2	0	0	2	0	0	0	7
OG0007744	1	0	1	0	0	3	0	1	1	7
OG0007745	1	1	0	1	0	1	1	1	1	7
OG0007746	1	1	0	1	1	1	0	1	1	7
OG0007747	3	0	0	2	0	2	0	0	0	7
OG0007748	2	1	0	0	1	1	0	1	1	7
OG0007749	2	1	0	0	1	1	0	1	1	7
OG0007750	2	1	0	0	1	1	0	1	1	7
OG0007751	2	1	0	0	1	1	0	1	1	7
OG0007752	4	0	0	0	0	2	0	1	0	7
OG0007753	2	0	0	0	0	0	5	0	0	7
OG0007754	2	0	1	3	0	1	0	0	0	7
OG0007755	2	0	0	1	1	1	0	1	1	7
OG0007756	2	0	0	1	1	1	1	0	1	7
OG0007757	2	0	5	0	0	0	0	0	0	7
OG0007758	2	0	0	4	0	1	0	0	0	7
OG0007759	1	1	0	1	1	1	0	1	1	7
OG0007760	1	1	0	0	1	2	0	1	1	7
OG0007761	1	1	0	1	1	1	0	1	1	7
OG0007762	1	1	0	1	1	1	0	1	1	7
OG0007763	2	0	3	1	0	1	0	0	0	7
OG0007764	1	1	1	0	1	1	0	1	1	7
OG0007765	1	0	5	0	0	1	0	0	0	7
OG0007766	2	0	2	2	0	0	1	0	0	7
OG0007767	1	1	0	0	1	1	0	2	1	7
OG0007768	2	0	1	0	0	1	1	2	0	7
OG0007769	1	1	0	1	1	1	0	1	1	7
OG0007770	2	1	0	1	1	0	0	1	1	7
OG0007771	2	0	1	1	0	3	0	0	0	7
OG0007772	2	0	3	0	0	2	0	0	0	7
OG0007773	2	1	1	0	1	1	0	0	1	7
OG0007774	1	1	0	1	1	0	1	1	1	7
OG0007775	1	0	1	1	0	1	3	0	0	7
OG0007776	2	1	1	0	0	1	0	1	1	7
OG0007777	1	0	0	2	1	1	0	1	1	7
OG0007778	1	1	0	1	1	1	0	1	1	7
OG0007779	2	1	0	0	1	1	0	1	1	7
OG0007780	2	0	2	2	0	1	0	0	0	7
OG0007781	2	0	2	2	0	0	1	0	0	7
OG0007782	1	0	0	0	0	6	0	0	0	7
OG0007783	1	1	0	1	1	0	0	1	2	7
OG0007784	1	0	3	2	0	1	0	0	0	7
OG0007785	2	0	1	2	0	1	1	0	0	7
OG0007786	2	0	5	0	0	0	0	0	0	7
OG0007787	1	1	0	1	1	1	0	1	1	7
OG0007788	1	0	0	5	0	1	0	0	0	7
OG0007789	2	0	1	1	0	1	2	0	0	7
OG0007790	2	0	0	3	0	1	1	0	0	7
OG0007791	1	0	1	2	0	3	0	0	0	7
OG0007792	2	1	0	0	1	1	0	1	1	7
OG0007793	1	0	1	2	1	1	0	1	0	7
OG0007794	1	0	1	1	1	1	0	1	1	7
OG0007795	1	0	1	4	0	1	0	0	0	7
OG0007796	0	1	0	2	1	1	0	1	1	7
OG0007797	0	1	0	1	1	1	1	1	1	7
OG0007798	0	2	0	0	3	0	0	1	1	7
OG0007799	0	1	0	2	1	0	1	1	1	7
OG0007800	0	1	0	0	1	1	0	2	2	7
OG0007801	0	1	0	2	1	1	0	1	1	7
OG0007802	0	3	0	0	4	0	0	0	0	7
OG0007803	0	2	0	0	3	0	0	1	1	7
OG0007804	0	1	0	2	1	1	0	1	1	7
OG0007805	0	1	0	3	1	0	0	1	1	7
OG0007806	0	1	2	0	1	1	0	1	1	7
OG0007807	0	2	0	0	2	0	0	2	1	7
OG0007808	0	1	0	1	1	2	1	0	1	7
OG0007809	0	1	0	1	1	1	1	1	1	7
OG0007810	0	1	1	1	1	1	0	1	1	7
OG0007811	0	1	0	2	1	1	0	1	1	7
OG0007812	0	1	0	0	1	1	2	1	1	7
OG0007813	0	1	0	1	1	1	1	1	1	7
OG0007814	0	2	0	0	2	0	0	2	1	7
OG0007815	0	1	0	2	1	1	0	1	1	7
OG0007816	0	1	0	1	1	1	1	1	1	7
OG0007817	0	1	0	1	1	1	1	1	1	7
OG0007818	0	1	0	0	1	2	1	1	1	7
OG0007819	0	1	0	2	1	0	1	1	1	7
OG0007820	0	1	0	1	1	1	1	1	1	7
OG0007821	0	1	1	1	1	0	1	1	1	7
OG0007822	0	1	0	1	1	1	1	1	1	7
OG0007823	0	1	0	0	1	0	0	3	2	7
OG0007824	0	1	0	2	1	1	0	1	1	7
OG0007825	0	1	0	1	1	1	1	1	1	7
OG0007826	0	1	0	0	1	0	0	3	2	7
OG0007827	0	1	0	2	1	1	0	1	1	7
OG0007828	0	1	0	1	1	1	1	1	1	7
OG0007829	0	2	0	0	2	0	0	1	2	7
OG0007830	0	1	1	0	1	1	1	1	1	7
OG0007831	0	1	0	2	1	0	1	1	1	7
OG0007832	0	1	0	2	1	1	0	1	1	7
OG0007833	0	1	1	0	1	1	1	1	1	7
OG0007834	0	1	0	0	1	0	0	2	3	7
OG0007835	0	1	0	0	1	0	0	2	3	7
OG0007836	0	1	0	1	1	1	1	1	1	7
OG0007837	0	1	0	0	2	0	0	2	2	7
OG0007838	0	1	0	1	1	1	1	1	1	7
OG0007839	0	1	0	1	1	1	1	1	1	7
OG0007840	0	1	0	1	1	2	0	1	1	7
OG0007841	0	1	0	2	1	1	0	1	1	7
OG0007842	0	1	0	1	1	1	1	1	1	7
OG0007843	0	1	0	1	1	1	1	1	1	7
OG0007844	0	1	0	0	1	1	0	2	2	7
OG0007845	0	3	0	0	0	0	0	2	2	7
OG0007846	0	1	0	0	1	0	0	3	2	7
OG0007847	0	3	0	0	2	0	0	1	1	7
OG0007848	0	1	0	0	1	0	0	3	2	7
OG0007849	0	1	0	1	1	1	1	1	1	7
OG0007850	0	2	0	0	1	0	0	2	2	7
OG0007851	0	1	0	2	1	1	0	1	1	7
OG0007852	0	1	3	0	1	0	0	1	1	7
OG0007853	0	1	0	0	2	1	1	1	1	7
OG0007854	0	1	0	1	1	1	1	1	1	7
OG0007855	0	1	0	1	1	1	1	1	1	7
OG0007856	0	1	0	0	2	0	0	2	2	7
OG0007857	0	1	0	1	1	1	1	1	1	7
OG0007858	0	1	1	1	1	1	0	1	1	7
OG0007859	0	1	0	1	1	2	0	1	1	7
OG0007860	0	3	0	0	0	0	0	1	3	7
OG0007861	0	1	0	1	2	1	0	1	1	7
OG0007862	0	1	0	2	1	0	1	1	1	7
OG0007863	0	2	0	1	1	0	1	1	1	7
OG0007864	0	1	0	1	1	2	0	1	1	7
OG0007865	0	1	0	1	1	1	1	1	1	7
OG0007866	0	1	1	0	1	0	2	1	1	7
OG0007867	0	1	0	1	1	1	1	1	1	7
OG0007868	0	1	1	1	1	1	0	1	1	7
OG0007869	0	1	1	1	1	0	1	1	1	7
OG0007870	0	1	0	1	1	1	1	1	1	7
OG0007871	0	1	0	2	1	1	0	1	1	7
OG0007872	0	1	0	1	0	1	2	1	1	7
OG0007873	0	1	1	2	1	0	0	1	1	7
OG0007874	0	1	0	1	1	1	1	1	1	7
OG0007875	0	2	0	0	1	0	0	2	2	7
OG0007876	0	1	0	0	1	0	3	1	1	7
OG0007877	0	1	0	2	1	1	0	1	1	7
OG0007878	0	1	1	0	2	1	0	1	1	7
OG0007879	0	1	0	2	1	0	1	1	1	7
OG0007880	0	1	0	2	1	1	0	1	1	7
OG0007881	0	1	0	0	1	0	1	3	1	7
OG0007882	0	1	0	0	0	2	2	1	1	7
OG0007883	0	1	0	3	1	0	0	1	1	7
OG0007884	0	1	0	1	1	1	1	1	1	7
OG0007885	0	1	2	1	1	1	0	0	1	7
OG0007886	0	1	2	1	0	1	0	1	1	7
OG0007887	0	1	0	1	1	1	1	1	1	7
OG0007888	0	1	2	0	1	1	0	1	1	7
OG0007889	0	1	0	5	0	0	0	0	1	7
OG0007890	0	1	0	3	1	0	0	1	1	7
OG0007891	0	1	0	1	1	0	1	2	1	7
OG0007892	0	1	0	1	1	1	0	2	1	7
OG0007893	0	1	0	2	2	0	0	1	1	7
OG0007894	0	1	0	2	1	1	0	1	1	7
OG0007895	0	1	0	2	1	0	1	1	1	7
OG0007896	0	1	1	2	1	1	0	0	1	7
OG0007897	0	1	0	2	1	0	0	1	2	7
OG0007898	0	1	1	0	1	2	0	1	1	7
OG0007899	0	1	0	2	1	1	0	1	1	7
OG0007900	0	1	0	1	1	1	1	1	1	7
OG0007901	0	1	0	0	1	0	0	2	3	7
OG0007902	0	1	0	1	1	1	1	1	1	7
OG0007903	0	1	1	0	1	1	1	1	1	7
OG0007904	0	1	0	2	0	1	1	1	1	7
OG0007905	0	1	0	1	1	1	1	1	1	7
OG0007906	0	2	0	0	2	0	0	1	2	7
OG0007907	0	0	7	0	0	0	0	0	0	7
OG0007908	0	0	7	0	0	0	0	0	0	7
OG0007909	0	0	7	0	0	0	0	0	0	7
OG0007910	0	0	7	0	0	0	0	0	0	7
OG0007911	0	0	7	0	0	0	0	0	0	7
OG0007912	0	0	2	0	0	3	2	0	0	7
OG0007913	0	0	7	0	0	0	0	0	0	7
OG0007914	0	0	7	0	0	0	0	0	0	7
OG0007915	0	0	7	0	0	0	0	0	0	7
OG0007916	0	0	7	0	0	0	0	0	0	7
OG0007917	0	0	7	0	0	0	0	0	0	7
OG0007918	0	0	5	2	0	0	0	0	0	7
OG0007919	0	0	7	0	0	0	0	0	0	7
OG0007920	0	0	7	0	0	0	0	0	0	7
OG0007921	0	0	2	0	0	5	0	0	0	7
OG0007922	0	0	7	0	0	0	0	0	0	7
OG0007923	0	0	7	0	0	0	0	0	0	7
OG0007924	0	0	7	0	0	0	0	0	0	7
OG0007925	0	0	7	0	0	0	0	0	0	7
OG0007926	0	0	7	0	0	0	0	0	0	7
OG0007927	0	0	7	0	0	0	0	0	0	7
OG0007928	0	0	7	0	0	0	0	0	0	7
OG0007929	0	0	7	0	0	0	0	0	0	7
OG0007930	0	0	7	0	0	0	0	0	0	7
OG0007931	0	0	7	0	0	0	0	0	0	7
OG0007932	0	0	7	0	0	0	0	0	0	7
OG0007933	0	0	7	0	0	0	0	0	0	7
OG0007934	0	0	7	0	0	0	0	0	0	7
OG0007935	0	0	1	0	0	0	6	0	0	7
OG0007936	0	0	7	0	0	0	0	0	0	7
OG0007937	0	0	7	0	0	0	0	0	0	7
OG0007938	0	0	7	0	0	0	0	0	0	7
OG0007939	0	0	7	0	0	0	0	0	0	7
OG0007940	0	0	7	0	0	0	0	0	0	7
OG0007941	0	0	7	0	0	0	0	0	0	7
OG0007942	0	0	7	0	0	0	0	0	0	7
OG0007943	0	0	3	0	0	3	1	0	0	7
OG0007944	0	0	7	0	0	0	0	0	0	7
OG0007945	0	0	7	0	0	0	0	0	0	7
OG0007946	0	0	7	0	0	0	0	0	0	7
OG0007947	0	0	7	0	0	0	0	0	0	7
OG0007948	0	0	7	0	0	0	0	0	0	7
OG0007949	0	0	7	0	0	0	0	0	0	7
OG0007950	0	0	7	0	0	0	0	0	0	7
OG0007951	0	0	7	0	0	0	0	0	0	7
OG0007952	0	0	7	0	0	0	0	0	0	7
OG0007953	0	0	3	0	0	4	0	0	0	7
OG0007954	0	0	1	4	0	1	1	0	0	7
OG0007955	0	0	7	0	0	0	0	0	0	7
OG0007956	0	0	7	0	0	0	0	0	0	7
OG0007957	0	0	7	0	0	0	0	0	0	7
OG0007958	0	0	7	0	0	0	0	0	0	7
OG0007959	0	0	7	0	0	0	0	0	0	7
OG0007960	0	0	7	0	0	0	0	0	0	7
OG0007961	0	0	4	0	0	2	1	0	0	7
OG0007962	0	0	7	0	0	0	0	0	0	7
OG0007963	0	0	7	0	0	0	0	0	0	7
OG0007964	0	0	2	4	0	1	0	0	0	7
OG0007965	0	0	5	0	0	2	0	0	0	7
OG0007966	0	0	1	0	0	5	1	0	0	7
OG0007967	0	0	6	0	0	1	0	0	0	7
OG0007968	0	0	1	1	1	1	1	1	1	7
OG0007969	0	0	7	0	0	0	0	0	0	7
OG0007970	0	0	3	0	0	4	0	0	0	7
OG0007971	0	0	7	0	0	0	0	0	0	7
OG0007972	0	0	3	2	0	1	1	0	0	7
OG0007973	0	0	7	0	0	0	0	0	0	7
OG0007974	0	0	0	7	0	0	0	0	0	7
OG0007975	0	0	0	7	0	0	0	0	0	7
OG0007976	0	0	0	7	0	0	0	0	0	7
OG0007977	0	0	0	6	0	0	1	0	0	7
OG0007978	0	0	0	7	0	0	0	0	0	7
OG0007979	0	0	0	7	0	0	0	0	0	7
OG0007980	0	0	0	7	0	0	0	0	0	7
OG0007981	0	0	0	7	0	0	0	0	0	7
OG0007982	0	0	0	7	0	0	0	0	0	7
OG0007983	0	0	0	7	0	0	0	0	0	7
OG0007984	0	0	0	7	0	0	0	0	0	7
OG0007985	0	0	0	7	0	0	0	0	0	7
OG0007986	0	0	0	7	0	0	0	0	0	7
OG0007987	0	0	0	7	0	0	0	0	0	7
OG0007988	0	0	0	7	0	0	0	0	0	7
OG0007989	0	0	0	4	0	2	1	0	0	7
OG0007990	0	0	0	7	0	0	0	0	0	7
OG0007991	0	0	0	7	0	0	0	0	0	7
OG0007992	0	0	0	7	0	0	0	0	0	7
OG0007993	0	0	0	7	0	0	0	0	0	7
OG0007994	0	0	0	7	0	0	0	0	0	7
OG0007995	0	0	0	7	0	0	0	0	0	7
OG0007996	0	0	0	7	0	0	0	0	0	7
OG0007997	0	0	0	7	0	0	0	0	0	7
OG0007998	0	0	0	5	0	1	1	0	0	7
OG0007999	0	0	0	7	0	0	0	0	0	7
OG0008000	0	0	0	7	0	0	0	0	0	7
OG0008001	0	0	0	6	0	1	0	0	0	7
OG0008002	0	0	0	7	0	0	0	0	0	7
OG0008003	0	0	0	7	0	0	0	0	0	7
OG0008004	0	0	0	7	0	0	0	0	0	7
OG0008005	0	0	0	7	0	0	0	0	0	7
OG0008006	0	0	0	7	0	0	0	0	0	7
OG0008007	0	0	0	7	0	0	0	0	0	7
OG0008008	0	0	0	7	0	0	0	0	0	7
OG0008009	0	0	0	7	0	0	0	0	0	7
OG0008010	0	0	0	7	0	0	0	0	0	7
OG0008011	0	0	0	7	0	0	0	0	0	7
OG0008012	0	0	0	7	0	0	0	0	0	7
OG0008013	0	0	0	7	0	0	0	0	0	7
OG0008014	0	0	0	7	0	0	0	0	0	7
OG0008015	0	0	0	7	0	0	0	0	0	7
OG0008016	0	0	0	7	0	0	0	0	0	7
OG0008017	0	0	0	7	0	0	0	0	0	7
OG0008018	0	0	0	7	0	0	0	0	0	7
OG0008019	0	0	0	7	0	0	0	0	0	7
OG0008020	0	0	0	7	0	0	0	0	0	7
OG0008021	0	0	0	7	0	0	0	0	0	7
OG0008022	0	0	0	7	0	0	0	0	0	7
OG0008023	0	0	0	7	0	0	0	0	0	7
OG0008024	0	0	0	7	0	0	0	0	0	7
OG0008025	0	0	0	6	0	1	0	0	0	7
OG0008026	0	0	0	5	0	2	0	0	0	7
OG0008027	0	0	0	7	0	0	0	0	0	7
OG0008028	0	0	0	7	0	0	0	0	0	7
OG0008029	0	0	0	7	0	0	0	0	0	7
OG0008030	0	0	0	7	0	0	0	0	0	7
OG0008031	0	0	0	7	0	0	0	0	0	7
OG0008032	0	0	0	7	0	0	0	0	0	7
OG0008033	0	0	0	7	0	0	0	0	0	7
OG0008034	0	0	0	2	0	0	5	0	0	7
OG0008035	0	0	0	7	0	0	0	0	0	7
OG0008036	0	0	0	7	0	0	0	0	0	7
OG0008037	0	0	0	7	0	0	0	0	0	7
OG0008038	0	0	0	7	0	0	0	0	0	7
OG0008039	0	0	0	6	0	1	0	0	0	7
OG0008040	0	0	0	7	0	0	0	0	0	7
OG0008041	0	0	0	7	0	0	0	0	0	7
OG0008042	0	0	0	7	0	0	0	0	0	7
OG0008043	0	0	0	7	0	0	0	0	0	7
OG0008044	0	0	0	7	0	0	0	0	0	7
OG0008045	0	0	0	7	0	0	0	0	0	7
OG0008046	0	0	0	7	0	0	0	0	0	7
OG0008047	0	0	0	7	0	0	0	0	0	7
OG0008048	0	0	0	7	0	0	0	0	0	7
OG0008049	0	0	0	7	0	0	0	0	0	7
OG0008050	0	0	0	7	0	0	0	0	0	7
OG0008051	0	0	0	7	0	0	0	0	0	7
OG0008052	0	0	0	7	0	0	0	0	0	7
OG0008053	0	0	0	7	0	0	0	0	0	7
OG0008054	0	0	0	7	0	0	0	0	0	7
OG0008055	0	0	0	6	0	0	1	0	0	7
OG0008056	0	0	0	7	0	0	0	0	0	7
OG0008057	0	0	0	7	0	0	0	0	0	7
OG0008058	0	0	0	7	0	0	0	0	0	7
OG0008059	0	0	0	7	0	0	0	0	0	7
OG0008060	0	0	0	7	0	0	0	0	0	7
OG0008061	0	0	0	7	0	0	0	0	0	7
OG0008062	0	0	0	7	0	0	0	0	0	7
OG0008063	0	0	0	7	0	0	0	0	0	7
OG0008064	0	0	0	7	0	0	0	0	0	7
OG0008065	0	0	0	7	0	0	0	0	0	7
OG0008066	0	0	0	7	0	0	0	0	0	7
OG0008067	0	0	0	7	0	0	0	0	0	7
OG0008068	0	0	0	7	0	0	0	0	0	7
OG0008069	0	0	0	7	0	0	0	0	0	7
OG0008070	0	0	0	7	0	0	0	0	0	7
OG0008071	0	0	0	7	0	0	0	0	0	7
OG0008072	0	0	0	0	5	0	0	1	1	7
OG0008073	0	0	0	0	7	0	0	0	0	7
OG0008074	0	0	0	0	0	7	0	0	0	7
OG0008075	0	0	0	0	0	7	0	0	0	7
OG0008076	0	0	0	0	0	7	0	0	0	7
OG0008077	0	0	0	0	0	7	0	0	0	7
OG0008078	0	0	0	0	0	7	0	0	0	7
OG0008079	0	0	0	0	0	7	0	0	0	7
OG0008080	0	0	0	0	0	6	1	0	0	7
OG0008081	0	0	0	0	0	1	0	4	2	7
OG0008082	0	0	0	0	0	7	0	0	0	7
OG0008083	0	0	0	0	0	1	6	0	0	7
OG0008084	0	0	0	0	0	7	0	0	0	7
OG0008085	0	0	0	0	0	1	0	5	1	7
OG0008086	0	0	0	0	0	0	7	0	0	7
OG0008087	0	0	0	0	0	0	7	0	0	7
OG0008088	0	0	0	0	0	0	7	0	0	7
OG0008089	0	0	0	0	0	0	7	0	0	7
OG0008090	0	0	0	0	0	0	7	0	0	7
OG0008091	0	0	0	0	0	0	7	0	0	7
OG0008092	0	0	0	0	0	0	7	0	0	7
OG0008093	0	0	0	0	0	0	7	0	0	7
OG0008094	0	0	0	0	0	0	7	0	0	7
OG0008095	0	0	0	0	0	0	7	0	0	7
OG0008096	0	0	0	0	0	0	7	0	0	7
OG0008097	0	0	0	0	0	0	7	0	0	7
OG0008098	1	1	0	0	1	1	0	1	1	6
OG0008099	6	0	0	0	0	0	0	0	0	6
OG0008100	1	0	2	2	0	1	0	0	0	6
OG0008101	5	0	1	0	0	0	0	0	0	6
OG0008102	2	0	1	1	0	1	1	0	0	6
OG0008103	5	0	0	0	0	1	0	0	0	6
OG0008104	1	0	1	4	0	0	0	0	0	6
OG0008105	1	0	2	1	0	1	1	0	0	6
OG0008106	6	0	0	0	0	0	0	0	0	6
OG0008107	1	0	3	0	0	2	0	0	0	6
OG0008108	6	0	0	0	0	0	0	0	0	6
OG0008109	6	0	0	0	0	0	0	0	0	6
OG0008110	2	0	4	0	0	0	0	0	0	6
OG0008111	1	0	2	3	0	0	0	0	0	6
OG0008112	6	0	0	0	0	0	0	0	0	6
OG0008113	6	0	0	0	0	0	0	0	0	6
OG0008114	6	0	0	0	0	0	0	0	0	6
OG0008115	6	0	0	0	0	0	0	0	0	6
OG0008116	6	0	0	0	0	0	0	0	0	6
OG0008117	1	1	0	0	1	1	0	1	1	6
OG0008118	1	0	2	2	0	1	0	0	0	6
OG0008119	6	0	0	0	0	0	0	0	0	6
OG0008120	1	0	1	2	0	1	1	0	0	6
OG0008121	6	0	0	0	0	0	0	0	0	6
OG0008122	2	1	0	0	0	1	0	1	1	6
OG0008123	3	0	1	0	0	2	0	0	0	6
OG0008124	1	0	2	2	0	1	0	0	0	6
OG0008125	6	0	0	0	0	0	0	0	0	6
OG0008126	2	0	1	2	0	1	0	0	0	6
OG0008127	2	0	2	0	0	2	0	0	0	6
OG0008128	2	0	2	1	0	0	1	0	0	6
OG0008129	2	0	1	0	0	1	2	0	0	6
OG0008130	2	0	1	1	0	1	1	0	0	6
OG0008131	2	0	1	1	0	1	1	0	0	6
OG0008132	2	1	0	0	1	1	0	0	1	6
OG0008133	6	0	0	0	0	0	0	0	0	6
OG0008134	1	0	2	1	0	1	1	0	0	6
OG0008135	4	0	2	0	0	0	0	0	0	6
OG0008136	2	0	1	1	0	1	1	0	0	6
OG0008137	1	1	0	0	1	1	1	0	1	6
OG0008138	3	0	1	0	0	1	0	1	0	6
OG0008139	1	0	1	2	0	2	0	0	0	6
OG0008140	1	0	2	1	0	0	1	1	0	6
OG0008141	6	0	0	0	0	0	0	0	0	6
OG0008142	1	0	2	2	0	1	0	0	0	6
OG0008143	2	0	2	1	0	1	0	0	0	6
OG0008144	3	0	1	0	0	2	0	0	0	6
OG0008145	1	0	2	0	0	1	2	0	0	6
OG0008146	1	0	1	3	0	1	0	0	0	6
OG0008147	1	0	0	1	1	1	0	1	1	6
OG0008148	6	0	0	0	0	0	0	0	0	6
OG0008149	4	0	2	0	0	0	0	0	0	6
OG0008150	6	0	0	0	0	0	0	0	0	6
OG0008151	2	0	1	3	0	0	0	0	0	6
OG0008152	1	0	2	1	0	1	1	0	0	6
OG0008153	2	1	0	0	1	0	0	1	1	6
OG0008154	6	0	0	0	0	0	0	0	0	6
OG0008155	1	1	0	0	1	1	0	1	1	6
OG0008156	1	0	4	0	0	1	0	0	0	6
OG0008157	2	0	4	0	0	0	0	0	0	6
OG0008158	2	0	1	0	2	0	0	1	0	6
OG0008159	1	0	3	0	0	2	0	0	0	6
OG0008160	2	0	1	2	0	1	0	0	0	6
OG0008161	1	1	0	0	1	1	0	1	1	6
OG0008162	1	1	1	2	0	0	0	1	0	6
OG0008163	2	0	1	0	0	2	1	0	0	6
OG0008164	2	0	1	1	0	1	1	0	0	6
OG0008165	2	1	0	1	0	0	0	1	1	6
OG0008166	2	0	2	0	0	1	1	0	0	6
OG0008167	2	0	2	0	0	2	0	0	0	6
OG0008168	1	1	1	0	1	0	0	1	1	6
OG0008169	2	0	4	0	0	0	0	0	0	6
OG0008170	2	0	0	3	0	1	0	0	0	6
OG0008171	1	1	1	0	1	0	0	1	1	6
OG0008172	2	0	0	1	0	2	1	0	0	6
OG0008173	4	0	2	0	0	0	0	0	0	6
OG0008174	2	1	0	0	0	0	1	1	1	6
OG0008175	6	0	0	0	0	0	0	0	0	6
OG0008176	6	0	0	0	0	0	0	0	0	6
OG0008177	6	0	0	0	0	0	0	0	0	6
OG0008178	4	0	1	0	0	0	1	0	0	6
OG0008179	2	0	3	0	0	1	0	0	0	6
OG0008180	2	0	0	0	0	4	0	0	0	6
OG0008181	1	0	0	1	0	1	3	0	0	6
OG0008182	2	0	3	0	0	1	0	0	0	6
OG0008183	5	0	0	0	0	1	0	0	0	6
OG0008184	2	0	2	0	0	2	0	0	0	6
OG0008185	1	0	1	3	0	1	0	0	0	6
OG0008186	1	0	4	0	0	1	0	0	0	6
OG0008187	1	0	2	2	0	1	0	0	0	6
OG0008188	4	0	2	0	0	0	0	0	0	6
OG0008189	1	0	3	2	0	0	0	0	0	6
OG0008190	1	0	1	1	0	2	1	0	0	6
OG0008191	2	0	2	0	0	1	1	0	0	6
OG0008192	2	0	2	0	0	2	0	0	0	6
OG0008193	1	0	1	0	0	3	1	0	0	6
OG0008194	1	0	0	4	0	1	0	0	0	6
OG0008195	2	0	0	1	1	1	0	0	1	6
OG0008196	2	0	2	1	0	1	0	0	0	6
OG0008197	2	0	2	0	0	1	1	0	0	6
OG0008198	2	0	0	1	1	1	0	0	1	6
OG0008199	1	0	2	1	0	1	1	0	0	6
OG0008200	4	0	0	0	0	2	0	0	0	6
OG0008201	4	0	2	0	0	0	0	0	0	6
OG0008202	2	0	1	1	0	1	1	0	0	6
OG0008203	1	0	0	2	0	1	2	0	0	6
OG0008204	2	0	1	2	0	1	0	0	0	6
OG0008205	2	0	1	1	0	1	1	0	0	6
OG0008206	6	0	0	0	0	0	0	0	0	6
OG0008207	2	1	0	0	1	1	0	1	0	6
OG0008208	1	0	0	5	0	0	0	0	0	6
OG0008209	1	1	1	0	1	0	0	1	1	6
OG0008210	1	1	0	1	0	1	0	1	1	6
OG0008211	1	1	0	0	1	1	0	1	1	6
OG0008212	1	0	1	1	0	2	0	1	0	6
OG0008213	6	0	0	0	0	0	0	0	0	6
OG0008214	3	0	3	0	0	0	0	0	0	6
OG0008215	1	0	2	1	0	1	1	0	0	6
OG0008216	1	1	0	0	2	0	0	1	1	6
OG0008217	2	0	1	2	0	1	0	0	0	6
OG0008218	2	0	1	2	0	0	1	0	0	6
OG0008219	2	0	1	0	0	0	2	1	0	6
OG0008220	2	1	0	0	1	0	0	1	1	6
OG0008221	6	0	0	0	0	0	0	0	0	6
OG0008222	1	0	3	1	0	1	0	0	0	6
OG0008223	1	1	0	1	1	1	0	0	1	6
OG0008224	2	0	0	0	1	0	3	0	0	6
OG0008225	2	0	3	0	0	1	0	0	0	6
OG0008226	2	0	0	0	1	1	0	1	1	6
OG0008227	1	0	2	1	0	1	1	0	0	6
OG0008228	2	0	2	0	0	1	1	0	0	6
OG0008229	2	0	1	0	0	2	1	0	0	6
OG0008230	1	0	2	3	0	0	0	0	0	6
OG0008231	2	0	1	1	0	1	1	0	0	6
OG0008232	2	0	1	1	0	1	1	0	0	6
OG0008233	1	0	5	0	0	0	0	0	0	6
OG0008234	1	0	1	2	0	1	1	0	0	6
OG0008235	4	0	0	0	0	2	0	0	0	6
OG0008236	2	0	1	2	0	1	0	0	0	6
OG0008237	2	0	2	1	0	1	0	0	0	6
OG0008238	6	0	0	0	0	0	0	0	0	6
OG0008239	2	0	2	1	0	1	0	0	0	6
OG0008240	2	0	1	2	0	1	0	0	0	6
OG0008241	1	0	1	3	0	1	0	0	0	6
OG0008242	2	0	3	0	0	1	0	0	0	6
OG0008243	2	0	0	1	0	2	0	0	1	6
OG0008244	2	0	2	1	0	1	0	0	0	6
OG0008245	1	1	0	0	1	1	0	1	1	6
OG0008246	1	0	3	1	0	1	0	0	0	6
OG0008247	1	0	1	0	0	1	0	2	1	6
OG0008248	1	1	0	0	1	1	0	1	1	6
OG0008249	2	0	2	0	0	2	0	0	0	6
OG0008250	2	0	4	0	0	0	0	0	0	6
OG0008251	1	0	1	2	0	1	1	0	0	6
OG0008252	2	0	0	1	1	1	0	0	1	6
OG0008253	1	0	1	4	0	0	0	0	0	6
OG0008254	2	0	2	0	0	1	1	0	0	6
OG0008255	2	0	2	2	0	0	0	0	0	6
OG0008256	1	0	4	0	0	1	0	0	0	6
OG0008257	2	0	1	2	0	1	0	0	0	6
OG0008258	3	0	2	0	0	1	0	0	0	6
OG0008259	3	0	2	0	0	1	0	0	0	6
OG0008260	2	0	2	0	0	1	1	0	0	6
OG0008261	3	0	1	0	0	2	0	0	0	6
OG0008262	2	1	0	0	1	0	0	1	1	6
OG0008263	3	0	2	0	0	1	0	0	0	6
OG0008264	1	0	1	0	0	2	1	1	0	6
OG0008265	2	0	0	1	0	1	2	0	0	6
OG0008266	1	0	0	1	1	1	0	1	1	6
OG0008267	1	0	0	1	1	1	0	1	1	6
OG0008268	1	0	1	3	0	1	0	0	0	6
OG0008269	2	0	1	2	0	1	0	0	0	6
OG0008270	1	0	4	0	0	1	0	0	0	6
OG0008271	1	1	1	0	0	0	1	1	1	6
OG0008272	2	0	2	1	0	1	0	0	0	6
OG0008273	2	1	0	0	1	0	0	1	1	6
OG0008274	2	0	4	0	0	0	0	0	0	6
OG0008275	3	0	2	0	0	1	0	0	0	6
OG0008276	1	0	0	0	0	2	3	0	0	6
OG0008277	2	1	0	0	1	0	0	1	1	6
OG0008278	2	0	3	0	0	1	0	0	0	6
OG0008279	2	0	0	0	0	4	0	0	0	6
OG0008280	2	0	4	0	0	0	0	0	0	6
OG0008281	2	0	4	0	0	0	0	0	0	6
OG0008282	1	0	2	1	0	1	1	0	0	6
OG0008283	2	0	1	2	0	1	0	0	0	6
OG0008284	1	1	0	0	1	1	0	1	1	6
OG0008285	6	0	0	0	0	0	0	0	0	6
OG0008286	1	1	0	1	1	0	0	1	1	6
OG0008287	2	0	1	2	0	1	0	0	0	6
OG0008288	1	1	0	0	1	1	0	1	1	6
OG0008289	2	0	1	2	0	1	0	0	0	6
OG0008290	1	0	2	3	0	0	0	0	0	6
OG0008291	1	1	0	1	0	1	0	1	1	6
OG0008292	2	0	2	0	0	1	1	0	0	6
OG0008293	1	1	2	1	0	0	1	0	0	6
OG0008294	3	0	3	0	0	0	0	0	0	6
OG0008295	1	0	1	4	0	0	0	0	0	6
OG0008296	0	1	0	0	0	1	1	2	1	6
OG0008297	0	3	0	0	1	0	0	1	1	6
OG0008298	0	2	0	0	2	0	0	1	1	6
OG0008299	0	1	0	1	1	1	0	1	1	6
OG0008300	0	1	0	0	1	0	0	2	2	6
OG0008301	0	1	0	0	1	1	1	1	1	6
OG0008302	0	1	0	1	1	0	0	2	1	6
OG0008303	0	2	0	0	2	1	0	1	0	6
OG0008304	0	2	0	0	1	0	0	1	2	6
OG0008305	0	2	0	0	1	0	0	1	2	6
OG0008306	0	4	0	0	0	0	0	1	1	6
OG0008307	0	3	0	0	3	0	0	0	0	6
OG0008308	0	2	0	0	1	0	0	2	1	6
OG0008309	0	1	0	2	1	0	0	1	1	6
OG0008310	0	1	0	0	1	1	1	1	1	6
OG0008311	0	1	0	0	1	1	1	1	1	6
OG0008312	0	4	1	0	0	1	0	0	0	6
OG0008313	0	1	0	0	1	0	0	2	2	6
OG0008314	0	1	0	0	1	0	0	2	2	6
OG0008315	0	1	0	0	1	1	1	1	1	6
OG0008316	0	1	0	1	1	0	0	1	2	6
OG0008317	0	1	0	1	1	1	0	1	1	6
OG0008318	0	1	0	0	1	0	0	2	2	6
OG0008319	0	1	0	0	1	1	1	1	1	6
OG0008320	0	1	0	1	1	0	1	1	1	6
OG0008321	0	1	0	1	1	1	0	1	1	6
OG0008322	0	1	0	1	1	0	1	1	1	6
OG0008323	0	1	0	0	1	1	1	1	1	6
OG0008324	0	1	0	1	1	1	0	1	1	6
OG0008325	0	1	0	1	1	0	1	1	1	6
OG0008326	0	1	0	0	1	2	0	1	1	6
OG0008327	0	1	0	0	1	1	1	1	1	6
OG0008328	0	1	0	1	1	0	1	1	1	6
OG0008329	0	1	1	0	1	0	0	2	1	6
OG0008330	0	1	1	0	1	1	0	1	1	6
OG0008331	0	1	0	1	1	0	1	1	1	6
OG0008332	0	1	0	1	1	1	0	1	1	6
OG0008333	0	1	0	1	1	1	0	1	1	6
OG0008334	0	1	0	1	1	0	1	1	1	6
OG0008335	0	1	0	0	3	0	0	1	1	6
OG0008336	0	1	0	1	1	1	0	1	1	6
OG0008337	0	1	0	1	1	1	0	1	1	6
OG0008338	0	2	0	0	2	0	0	1	1	6
OG0008339	0	1	0	3	1	0	0	1	0	6
OG0008340	0	1	0	1	1	1	0	1	1	6
OG0008341	0	1	0	1	1	1	0	1	1	6
OG0008342	0	1	0	1	1	0	1	1	1	6
OG0008343	0	1	0	0	1	0	0	2	2	6
OG0008344	0	1	0	1	1	1	0	1	1	6
OG0008345	0	1	1	1	1	1	0	0	1	6
OG0008346	0	1	0	2	1	0	1	0	1	6
OG0008347	0	3	0	0	2	0	0	1	0	6
OG0008348	0	2	0	0	2	0	0	1	1	6
OG0008349	0	1	0	1	1	1	0	1	1	6
OG0008350	0	1	0	1	1	1	0	1	1	6
OG0008351	0	1	0	1	1	1	0	1	1	6
OG0008352	0	1	0	1	1	1	0	1	1	6
OG0008353	0	4	0	0	2	0	0	0	0	6
OG0008354	0	1	0	1	1	0	1	1	1	6
OG0008355	0	1	0	0	1	1	1	1	1	6
OG0008356	0	1	0	1	1	0	1	1	1	6
OG0008357	0	3	0	0	3	0	0	0	0	6
OG0008358	0	1	0	1	1	1	0	1	1	6
OG0008359	0	1	0	0	1	1	1	1	1	6
OG0008360	0	1	0	1	1	1	0	1	1	6
OG0008361	0	1	0	0	3	0	0	1	1	6
OG0008362	0	1	0	2	1	0	0	1	1	6
OG0008363	0	1	0	1	1	1	0	1	1	6
OG0008364	0	1	0	1	1	0	1	1	1	6
OG0008365	0	1	0	2	1	0	0	1	1	6
OG0008366	0	2	0	0	2	0	0	1	1	6
OG0008367	0	1	0	0	1	1	1	1	1	6
OG0008368	0	1	1	0	1	1	0	1	1	6
OG0008369	0	1	0	2	1	0	0	1	1	6
OG0008370	0	1	0	1	1	0	1	1	1	6
OG0008371	0	1	0	0	1	1	0	2	1	6
OG0008372	0	1	0	1	1	1	0	1	1	6
OG0008373	0	1	0	1	1	1	0	1	1	6
OG0008374	0	1	0	1	1	1	0	1	1	6
OG0008375	0	1	0	0	1	0	0	2	2	6
OG0008376	0	1	0	1	1	1	0	1	1	6
OG0008377	0	1	0	0	1	1	1	1	1	6
OG0008378	0	1	0	1	1	1	0	1	1	6
OG0008379	0	1	0	1	1	1	0	1	1	6
OG0008380	0	1	0	1	1	1	0	1	1	6
OG0008381	0	1	0	0	2	1	0	1	1	6
OG0008382	0	3	0	0	1	0	0	1	1	6
OG0008383	0	1	0	0	1	0	0	1	3	6
OG0008384	0	1	0	1	1	1	0	1	1	6
OG0008385	0	1	0	1	1	1	0	1	1	6
OG0008386	0	1	0	1	1	1	0	1	1	6
OG0008387	0	1	0	1	1	1	0	1	1	6
OG0008388	0	1	0	1	1	1	0	1	1	6
OG0008389	0	1	0	0	1	0	2	1	1	6
OG0008390	0	1	0	1	1	0	1	1	1	6
OG0008391	0	1	0	0	1	0	0	2	2	6
OG0008392	0	1	0	1	1	1	0	1	1	6
OG0008393	0	1	0	2	1	0	0	1	1	6
OG0008394	0	1	0	0	2	0	0	2	1	6
OG0008395	0	1	0	1	1	1	0	1	1	6
OG0008396	0	1	0	2	1	0	0	1	1	6
OG0008397	0	2	0	0	2	0	0	1	1	6
OG0008398	0	3	0	0	1	0	0	1	1	6
OG0008399	0	1	0	0	1	0	0	2	2	6
OG0008400	0	1	0	1	1	1	0	1	1	6
OG0008401	0	1	0	2	0	0	0	1	2	6
OG0008402	0	1	0	2	1	0	0	1	1	6
OG0008403	0	1	0	0	2	0	0	2	1	6
OG0008404	0	1	0	0	1	0	2	1	1	6
OG0008405	0	1	0	2	1	0	0	1	1	6
OG0008406	0	2	0	0	0	0	0	2	2	6
OG0008407	0	1	0	2	1	0	0	1	1	6
OG0008408	0	1	0	0	3	0	0	1	1	6
OG0008409	0	2	0	0	0	0	0	2	2	6
OG0008410	0	1	0	0	1	0	0	2	2	6
OG0008411	0	1	0	1	1	1	0	1	1	6
OG0008412	0	1	0	1	1	1	0	1	1	6
OG0008413	0	1	0	0	1	1	1	1	1	6
OG0008414	0	1	0	1	1	0	1	1	1	6
OG0008415	0	1	0	1	1	1	0	1	1	6
OG0008416	0	1	0	0	1	4	0	0	0	6
OG0008417	0	1	0	1	1	1	0	1	1	6
OG0008418	0	1	0	0	1	1	1	1	1	6
OG0008419	0	1	0	1	1	0	1	1	1	6
OG0008420	0	1	0	1	1	1	0	1	1	6
OG0008421	0	1	0	0	1	1	1	1	1	6
OG0008422	0	1	0	1	1	1	0	1	1	6
OG0008423	0	2	0	0	4	0	0	0	0	6
OG0008424	0	1	1	1	1	1	0	0	1	6
OG0008425	0	1	0	1	1	1	0	1	1	6
OG0008426	0	1	0	1	1	1	0	1	1	6
OG0008427	0	1	0	0	2	0	0	2	1	6
OG0008428	0	1	0	1	1	1	0	1	1	6
OG0008429	0	1	0	1	1	1	0	1	1	6
OG0008430	0	1	0	1	1	0	1	1	1	6
OG0008431	0	1	1	1	0	1	0	1	1	6
OG0008432	0	1	0	1	1	1	0	1	1	6
OG0008433	0	1	1	0	1	1	0	1	1	6
OG0008434	0	1	0	1	0	1	1	1	1	6
OG0008435	0	1	0	0	1	1	0	2	1	6
OG0008436	0	1	0	1	1	1	1	0	1	6
OG0008437	0	1	0	0	1	1	0	2	1	6
OG0008438	0	1	0	2	0	1	0	1	1	6
OG0008439	0	1	0	1	0	1	1	1	1	6
OG0008440	0	1	0	1	1	1	0	1	1	6
OG0008441	0	1	0	0	2	0	0	1	2	6
OG0008442	0	1	0	1	1	1	1	0	1	6
OG0008443	0	0	6	0	0	0	0	0	0	6
OG0008444	0	0	6	0	0	0	0	0	0	6
OG0008445	0	0	6	0	0	0	0	0	0	6
OG0008446	0	0	6	0	0	0	0	0	0	6
OG0008447	0	0	6	0	0	0	0	0	0	6
OG0008448	0	0	6	0	0	0	0	0	0	6
OG0008449	0	0	1	1	1	1	0	1	1	6
OG0008450	0	0	6	0	0	0	0	0	0	6
OG0008451	0	0	6	0	0	0	0	0	0	6
OG0008452	0	0	6	0	0	0	0	0	0	6
OG0008453	0	0	6	0	0	0	0	0	0	6
OG0008454	0	0	6	0	0	0	0	0	0	6
OG0008455	0	0	6	0	0	0	0	0	0	6
OG0008456	0	0	6	0	0	0	0	0	0	6
OG0008457	0	0	6	0	0	0	0	0	0	6
OG0008458	0	0	6	0	0	0	0	0	0	6
OG0008459	0	0	6	0	0	0	0	0	0	6
OG0008460	0	0	6	0	0	0	0	0	0	6
OG0008461	0	0	6	0	0	0	0	0	0	6
OG0008462	0	0	2	0	0	0	3	1	0	6
OG0008463	0	0	6	0	0	0	0	0	0	6
OG0008464	0	0	6	0	0	0	0	0	0	6
OG0008465	0	0	6	0	0	0	0	0	0	6
OG0008466	0	0	5	0	0	0	1	0	0	6
OG0008467	0	0	5	0	0	1	0	0	0	6
OG0008468	0	0	6	0	0	0	0	0	0	6
OG0008469	0	0	6	0	0	0	0	0	0	6
OG0008470	0	0	4	0	0	2	0	0	0	6
OG0008471	0	0	6	0	0	0	0	0	0	6
OG0008472	0	0	6	0	0	0	0	0	0	6
OG0008473	0	0	5	0	1	0	0	0	0	6
OG0008474	0	0	6	0	0	0	0	0	0	6
OG0008475	0	0	6	0	0	0	0	0	0	6
OG0008476	0	0	6	0	0	0	0	0	0	6
OG0008477	0	0	6	0	0	0	0	0	0	6
OG0008478	0	0	6	0	0	0	0	0	0	6
OG0008479	0	0	6	0	0	0	0	0	0	6
OG0008480	0	0	6	0	0	0	0	0	0	6
OG0008481	0	0	6	0	0	0	0	0	0	6
OG0008482	0	0	6	0	0	0	0	0	0	6
OG0008483	0	0	6	0	0	0	0	0	0	6
OG0008484	0	0	6	0	0	0	0	0	0	6
OG0008485	0	0	6	0	0	0	0	0	0	6
OG0008486	0	0	3	1	0	1	1	0	0	6
OG0008487	0	0	6	0	0	0	0	0	0	6
OG0008488	0	0	6	0	0	0	0	0	0	6
OG0008489	0	0	6	0	0	0	0	0	0	6
OG0008490	0	0	6	0	0	0	0	0	0	6
OG0008491	0	0	6	0	0	0	0	0	0	6
OG0008492	0	0	6	0	0	0	0	0	0	6
OG0008493	0	0	3	0	0	3	0	0	0	6
OG0008494	0	0	6	0	0	0	0	0	0	6
OG0008495	0	0	2	0	0	3	1	0	0	6
OG0008496	0	0	1	0	0	5	0	0	0	6
OG0008497	0	0	6	0	0	0	0	0	0	6
OG0008498	0	0	3	1	0	1	1	0	0	6
OG0008499	0	0	6	0	0	0	0	0	0	6
OG0008500	0	0	6	0	0	0	0	0	0	6
OG0008501	0	0	6	0	0	0	0	0	0	6
OG0008502	0	0	6	0	0	0	0	0	0	6
OG0008503	0	0	6	0	0	0	0	0	0	6
OG0008504	0	0	1	5	0	0	0	0	0	6
OG0008505	0	0	1	2	0	1	1	1	0	6
OG0008506	0	0	3	3	0	0	0	0	0	6
OG0008507	0	0	6	0	0	0	0	0	0	6
OG0008508	0	0	6	0	0	0	0	0	0	6
OG0008509	0	0	6	0	0	0	0	0	0	6
OG0008510	0	0	4	1	0	1	0	0	0	6
OG0008511	0	0	6	0	0	0	0	0	0	6
OG0008512	0	0	2	1	0	1	2	0	0	6
OG0008513	0	0	6	0	0	0	0	0	0	6
OG0008514	0	0	3	2	0	1	0	0	0	6
OG0008515	0	0	6	0	0	0	0	0	0	6
OG0008516	0	0	6	0	0	0	0	0	0	6
OG0008517	0	0	6	0	0	0	0	0	0	6
OG0008518	0	0	3	0	0	2	1	0	0	6
OG0008519	0	0	0	4	0	0	0	1	1	6
OG0008520	0	0	0	6	0	0	0	0	0	6
OG0008521	0	0	0	6	0	0	0	0	0	6
OG0008522	0	0	0	3	0	0	3	0	0	6
OG0008523	0	0	0	6	0	0	0	0	0	6
OG0008524	0	0	0	2	1	1	0	1	1	6
OG0008525	0	0	0	6	0	0	0	0	0	6
OG0008526	0	0	0	6	0	0	0	0	0	6
OG0008527	0	0	0	6	0	0	0	0	0	6
OG0008528	0	0	0	6	0	0	0	0	0	6
OG0008529	0	0	0	6	0	0	0	0	0	6
OG0008530	0	0	0	6	0	0	0	0	0	6
OG0008531	0	0	0	5	0	1	0	0	0	6
OG0008532	0	0	0	5	0	0	1	0	0	6
OG0008533	0	0	0	5	0	1	0	0	0	6
OG0008534	0	0	0	5	0	1	0	0	0	6
OG0008535	0	0	0	6	0	0	0	0	0	6
OG0008536	0	0	0	6	0	0	0	0	0	6
OG0008537	0	0	0	5	0	1	0	0	0	6
OG0008538	0	0	0	6	0	0	0	0	0	6
OG0008539	0	0	0	6	0	0	0	0	0	6
OG0008540	0	0	0	5	0	1	0	0	0	6
OG0008541	0	0	0	6	0	0	0	0	0	6
OG0008542	0	0	0	6	0	0	0	0	0	6
OG0008543	0	0	0	6	0	0	0	0	0	6
OG0008544	0	0	0	6	0	0	0	0	0	6
OG0008545	0	0	0	1	1	1	1	1	1	6
OG0008546	0	0	0	6	0	0	0	0	0	6
OG0008547	0	0	0	6	0	0	0	0	0	6
OG0008548	0	0	0	6	0	0	0	0	0	6
OG0008549	0	0	0	6	0	0	0	0	0	6
OG0008550	0	0	0	6	0	0	0	0	0	6
OG0008551	0	0	0	5	0	1	0	0	0	6
OG0008552	0	0	0	6	0	0	0	0	0	6
OG0008553	0	0	0	4	0	0	2	0	0	6
OG0008554	0	0	0	6	0	0	0	0	0	6
OG0008555	0	0	0	6	0	0	0	0	0	6
OG0008556	0	0	0	6	0	0	0	0	0	6
OG0008557	0	0	0	6	0	0	0	0	0	6
OG0008558	0	0	0	6	0	0	0	0	0	6
OG0008559	0	0	0	6	0	0	0	0	0	6
OG0008560	0	0	0	6	0	0	0	0	0	6
OG0008561	0	0	0	6	0	0	0	0	0	6
OG0008562	0	0	0	6	0	0	0	0	0	6
OG0008563	0	0	0	4	0	2	0	0	0	6
OG0008564	0	0	0	5	0	1	0	0	0	6
OG0008565	0	0	0	6	0	0	0	0	0	6
OG0008566	0	0	0	6	0	0	0	0	0	6
OG0008567	0	0	0	6	0	0	0	0	0	6
OG0008568	0	0	0	6	0	0	0	0	0	6
OG0008569	0	0	0	6	0	0	0	0	0	6
OG0008570	0	0	0	6	0	0	0	0	0	6
OG0008571	0	0	0	6	0	0	0	0	0	6
OG0008572	0	0	0	6	0	0	0	0	0	6
OG0008573	0	0	0	6	0	0	0	0	0	6
OG0008574	0	0	0	6	0	0	0	0	0	6
OG0008575	0	0	0	6	0	0	0	0	0	6
OG0008576	0	0	0	6	0	0	0	0	0	6
OG0008577	0	0	0	6	0	0	0	0	0	6
OG0008578	0	0	0	6	0	0	0	0	0	6
OG0008579	0	0	0	6	0	0	0	0	0	6
OG0008580	0	0	0	6	0	0	0	0	0	6
OG0008581	0	0	0	6	0	0	0	0	0	6
OG0008582	0	0	0	6	0	0	0	0	0	6
OG0008583	0	0	0	6	0	0	0	0	0	6
OG0008584	0	0	0	3	0	3	0	0	0	6
OG0008585	0	0	0	6	0	0	0	0	0	6
OG0008586	0	0	0	6	0	0	0	0	0	6
OG0008587	0	0	0	6	0	0	0	0	0	6
OG0008588	0	0	0	6	0	0	0	0	0	6
OG0008589	0	0	0	6	0	0	0	0	0	6
OG0008590	0	0	0	6	0	0	0	0	0	6
OG0008591	0	0	0	6	0	0	0	0	0	6
OG0008592	0	0	0	6	0	0	0	0	0	6
OG0008593	0	0	0	6	0	0	0	0	0	6
OG0008594	0	0	0	6	0	0	0	0	0	6
OG0008595	0	0	0	6	0	0	0	0	0	6
OG0008596	0	0	0	6	0	0	0	0	0	6
OG0008597	0	0	0	5	0	0	1	0	0	6
OG0008598	0	0	0	6	0	0	0	0	0	6
OG0008599	0	0	0	6	0	0	0	0	0	6
OG0008600	0	0	0	6	0	0	0	0	0	6
OG0008601	0	0	0	6	0	0	0	0	0	6
OG0008602	0	0	0	6	0	0	0	0	0	6
OG0008603	0	0	0	6	0	0	0	0	0	6
OG0008604	0	0	0	3	0	3	0	0	0	6
OG0008605	0	0	0	6	0	0	0	0	0	6
OG0008606	0	0	0	6	0	0	0	0	0	6
OG0008607	0	0	0	4	0	1	1	0	0	6
OG0008608	0	0	0	6	0	0	0	0	0	6
OG0008609	0	0	0	6	0	0	0	0	0	6
OG0008610	0	0	0	6	0	0	0	0	0	6
OG0008611	0	0	0	6	0	0	0	0	0	6
OG0008612	0	0	0	6	0	0	0	0	0	6
OG0008613	0	0	0	6	0	0	0	0	0	6
OG0008614	0	0	0	6	0	0	0	0	0	6
OG0008615	0	0	0	6	0	0	0	0	0	6
OG0008616	0	0	0	6	0	0	0	0	0	6
OG0008617	0	0	0	6	0	0	0	0	0	6
OG0008618	0	0	0	6	0	0	0	0	0	6
OG0008619	0	0	0	6	0	0	0	0	0	6
OG0008620	0	0	0	6	0	0	0	0	0	6
OG0008621	0	0	0	6	0	0	0	0	0	6
OG0008622	0	0	0	6	0	0	0	0	0	6
OG0008623	0	0	0	6	0	0	0	0	0	6
OG0008624	0	0	0	4	0	2	0	0	0	6
OG0008625	0	0	0	2	0	4	0	0	0	6
OG0008626	0	0	0	6	0	0	0	0	0	6
OG0008627	0	0	0	2	0	3	1	0	0	6
OG0008628	0	0	0	6	0	0	0	0	0	6
OG0008629	0	0	0	6	0	0	0	0	0	6
OG0008630	0	0	0	6	0	0	0	0	0	6
OG0008631	0	0	0	6	0	0	0	0	0	6
OG0008632	0	0	0	6	0	0	0	0	0	6
OG0008633	0	0	0	6	0	0	0	0	0	6
OG0008634	0	0	0	6	0	0	0	0	0	6
OG0008635	0	0	0	6	0	0	0	0	0	6
OG0008636	0	0	0	6	0	0	0	0	0	6
OG0008637	0	0	0	6	0	0	0	0	0	6
OG0008638	0	0	0	6	0	0	0	0	0	6
OG0008639	0	0	0	6	0	0	0	0	0	6
OG0008640	0	0	0	6	0	0	0	0	0	6
OG0008641	0	0	0	6	0	0	0	0	0	6
OG0008642	0	0	0	6	0	0	0	0	0	6
OG0008643	0	0	0	6	0	0	0	0	0	6
OG0008644	0	0	0	6	0	0	0	0	0	6
OG0008645	0	0	0	6	0	0	0	0	0	6
OG0008646	0	0	0	6	0	0	0	0	0	6
OG0008647	0	0	0	6	0	0	0	0	0	6
OG0008648	0	0	0	6	0	0	0	0	0	6
OG0008649	0	0	0	5	0	1	0	0	0	6
OG0008650	0	0	0	6	0	0	0	0	0	6
OG0008651	0	0	0	6	0	0	0	0	0	6
OG0008652	0	0	0	4	0	0	2	0	0	6
OG0008653	0	0	0	6	0	0	0	0	0	6
OG0008654	0	0	0	6	0	0	0	0	0	6
OG0008655	0	0	0	6	0	0	0	0	0	6
OG0008656	0	0	0	6	0	0	0	0	0	6
OG0008657	0	0	0	6	0	0	0	0	0	6
OG0008658	0	0	0	4	0	1	1	0	0	6
OG0008659	0	0	0	6	0	0	0	0	0	6
OG0008660	0	0	0	6	0	0	0	0	0	6
OG0008661	0	0	0	6	0	0	0	0	0	6
OG0008662	0	0	0	6	0	0	0	0	0	6
OG0008663	0	0	0	6	0	0	0	0	0	6
OG0008664	0	0	0	6	0	0	0	0	0	6
OG0008665	0	0	0	6	0	0	0	0	0	6
OG0008666	0	0	0	6	0	0	0	0	0	6
OG0008667	0	0	0	6	0	0	0	0	0	6
OG0008668	0	0	0	0	1	0	0	3	2	6
OG0008669	0	0	0	0	2	3	0	0	1	6
OG0008670	0	0	0	0	2	0	0	2	2	6
OG0008671	0	0	0	0	0	2	0	4	0	6
OG0008672	0	0	0	0	0	6	0	0	0	6
OG0008673	0	0	0	0	0	6	0	0	0	6
OG0008674	0	0	0	0	0	6	0	0	0	6
OG0008675	0	0	0	0	0	6	0	0	0	6
OG0008676	0	0	0	0	0	6	0	0	0	6
OG0008677	0	0	0	0	0	6	0	0	0	6
OG0008678	0	0	0	0	0	6	0	0	0	6
OG0008679	0	0	0	0	0	6	0	0	0	6
OG0008680	0	0	0	0	0	6	0	0	0	6
OG0008681	0	0	0	0	0	6	0	0	0	6
OG0008682	0	0	0	0	0	6	0	0	0	6
OG0008683	0	0	0	0	0	6	0	0	0	6
OG0008684	0	0	0	0	0	6	0	0	0	6
OG0008685	0	0	0	0	0	6	0	0	0	6
OG0008686	0	0	0	0	0	6	0	0	0	6
OG0008687	0	0	0	0	0	6	0	0	0	6
OG0008688	0	0	0	0	0	0	6	0	0	6
OG0008689	0	0	0	0	0	0	6	0	0	6
OG0008690	0	0	0	0	0	0	6	0	0	6
OG0008691	0	0	0	0	0	0	6	0	0	6
OG0008692	0	0	0	0	0	0	6	0	0	6
OG0008693	0	0	0	0	0	0	6	0	0	6
OG0008694	0	0	0	0	0	0	6	0	0	6
OG0008695	0	0	0	0	0	0	6	0	0	6
OG0008696	0	0	0	0	0	0	6	0	0	6
OG0008697	0	0	0	0	0	0	6	0	0	6
OG0008698	0	0	0	0	0	0	0	2	4	6
OG0008699	0	0	0	0	0	0	0	3	3	6
OG0008700	1	0	0	3	0	1	0	0	0	5
OG0008701	2	0	1	1	0	1	0	0	0	5
OG0008702	2	0	0	2	0	1	0	0	0	5
OG0008703	1	0	3	0	0	1	0	0	0	5
OG0008704	1	0	2	1	0	1	0	0	0	5
OG0008705	2	0	1	1	0	1	0	0	0	5
OG0008706	5	0	0	0	0	0	0	0	0	5
OG0008707	5	0	0	0	0	0	0	0	0	5
OG0008708	3	0	1	0	0	1	0	0	0	5
OG0008709	1	0	1	0	0	3	0	0	0	5
OG0008710	2	0	3	0	0	0	0	0	0	5
OG0008711	5	0	0	0	0	0	0	0	0	5
OG0008712	5	0	0	0	0	0	0	0	0	5
OG0008713	4	0	0	0	0	0	0	1	0	5
OG0008714	1	0	2	1	0	1	0	0	0	5
OG0008715	5	0	0	0	0	0	0	0	0	5
OG0008716	5	0	0	0	0	0	0	0	0	5
OG0008717	2	0	3	0	0	0	0	0	0	5
OG0008718	1	0	1	1	0	1	1	0	0	5
OG0008719	5	0	0	0	0	0	0	0	0	5
OG0008720	5	0	0	0	0	0	0	0	0	5
OG0008721	5	0	0	0	0	0	0	0	0	5
OG0008722	5	0	0	0	0	0	0	0	0	5
OG0008723	2	0	1	0	0	2	0	0	0	5
OG0008724	1	0	3	0	0	1	0	0	0	5
OG0008725	1	0	3	0	0	1	0	0	0	5
OG0008726	2	0	3	0	0	0	0	0	0	5
OG0008727	5	0	0	0	0	0	0	0	0	5
OG0008728	2	0	2	0	0	1	0	0	0	5
OG0008729	2	0	0	2	0	1	0	0	0	5
OG0008730	2	0	1	0	0	1	1	0	0	5
OG0008731	2	0	2	0	0	1	0	0	0	5
OG0008732	2	0	2	0	0	1	0	0	0	5
OG0008733	3	0	2	0	0	0	0	0	0	5
OG0008734	2	0	2	0	0	1	0	0	0	5
OG0008735	1	0	0	0	0	4	0	0	0	5
OG0008736	5	0	0	0	0	0	0	0	0	5
OG0008737	5	0	0	0	0	0	0	0	0	5
OG0008738	4	0	0	0	0	1	0	0	0	5
OG0008739	1	0	0	0	0	4	0	0	0	5
OG0008740	1	0	0	2	0	1	1	0	0	5
OG0008741	2	0	2	0	0	0	1	0	0	5
OG0008742	5	0	0	0	0	0	0	0	0	5
OG0008743	1	0	1	2	0	1	0	0	0	5
OG0008744	2	0	1	1	0	1	0	0	0	5
OG0008745	1	0	1	2	0	1	0	0	0	5
OG0008746	2	0	1	0	0	0	2	0	0	5
OG0008747	1	0	4	0	0	0	0	0	0	5
OG0008748	2	0	1	1	0	1	0	0	0	5
OG0008749	4	0	0	0	0	1	0	0	0	5
OG0008750	4	0	1	0	0	0	0	0	0	5
OG0008751	2	0	2	0	0	1	0	0	0	5
OG0008752	3	0	1	0	0	1	0	0	0	5
OG0008753	2	0	3	0	0	0	0	0	0	5
OG0008754	1	0	2	0	0	1	0	1	0	5
OG0008755	2	0	2	0	0	1	0	0	0	5
OG0008756	2	0	2	0	0	1	0	0	0	5
OG0008757	2	0	3	0	0	0	0	0	0	5
OG0008758	1	1	0	0	1	0	0	1	1	5
OG0008759	1	0	0	1	1	1	0	0	1	5
OG0008760	2	0	3	0	0	0	0	0	0	5
OG0008761	1	0	0	1	0	3	0	0	0	5
OG0008762	1	0	0	2	0	1	1	0	0	5
OG0008763	2	0	0	2	0	1	0	0	0	5
OG0008764	5	0	0	0	0	0	0	0	0	5
OG0008765	2	0	1	1	0	1	0	0	0	5
OG0008766	2	0	1	0	0	1	1	0	0	5
OG0008767	2	0	0	2	0	1	0	0	0	5
OG0008768	2	0	2	0	0	1	0	0	0	5
OG0008769	4	0	1	0	0	0	0	0	0	5
OG0008770	5	0	0	0	0	0	0	0	0	5
OG0008771	2	0	2	0	0	1	0	0	0	5
OG0008772	2	0	0	1	0	1	1	0	0	5
OG0008773	5	0	0	0	0	0	0	0	0	5
OG0008774	2	0	2	0	0	1	0	0	0	5
OG0008775	1	1	0	1	0	1	0	1	0	5
OG0008776	2	0	2	0	0	1	0	0	0	5
OG0008777	2	0	0	1	0	1	1	0	0	5
OG0008778	5	0	0	0	0	0	0	0	0	5
OG0008779	2	0	0	1	0	1	1	0	0	5
OG0008780	2	0	2	0	0	1	0	0	0	5
OG0008781	5	0	0	0	0	0	0	0	0	5
OG0008782	1	0	0	2	0	1	1	0	0	5
OG0008783	1	0	3	0	0	1	0	0	0	5
OG0008784	2	0	0	1	0	2	0	0	0	5
OG0008785	5	0	0	0	0	0	0	0	0	5
OG0008786	2	0	0	1	0	1	1	0	0	5
OG0008787	1	0	1	3	0	0	0	0	0	5
OG0008788	2	0	0	2	0	1	0	0	0	5
OG0008789	2	0	2	0	0	1	0	0	0	5
OG0008790	2	0	1	1	0	1	0	0	0	5
OG0008791	2	0	0	1	0	1	1	0	0	5
OG0008792	2	0	3	0	0	0	0	0	0	5
OG0008793	2	0	2	0	0	1	0	0	0	5
OG0008794	2	0	2	0	0	1	0	0	0	5
OG0008795	1	0	1	1	0	1	1	0	0	5
OG0008796	1	0	1	2	0	1	0	0	0	5
OG0008797	1	0	0	1	1	1	0	1	0	5
OG0008798	5	0	0	0	0	0	0	0	0	5
OG0008799	1	0	1	2	0	1	0	0	0	5
OG0008800	2	0	2	0	0	1	0	0	0	5
OG0008801	5	0	0	0	0	0	0	0	0	5
OG0008802	5	0	0	0	0	0	0	0	0	5
OG0008803	5	0	0	0	0	0	0	0	0	5
OG0008804	2	0	3	0	0	0	0	0	0	5
OG0008805	3	0	2	0	0	0	0	0	0	5
OG0008806	5	0	0	0	0	0	0	0	0	5
OG0008807	5	0	0	0	0	0	0	0	0	5
OG0008808	5	0	0	0	0	0	0	0	0	5
OG0008809	5	0	0	0	0	0	0	0	0	5
OG0008810	5	0	0	0	0	0	0	0	0	5
OG0008811	5	0	0	0	0	0	0	0	0	5
OG0008812	4	0	1	0	0	0	0	0	0	5
OG0008813	2	0	3	0	0	0	0	0	0	5
OG0008814	2	0	1	0	0	1	1	0	0	5
OG0008815	2	0	2	0	0	1	0	0	0	5
OG0008816	1	0	2	2	0	0	0	0	0	5
OG0008817	1	0	0	2	0	1	1	0	0	5
OG0008818	2	0	3	0	0	0	0	0	0	5
OG0008819	3	0	0	0	0	2	0	0	0	5
OG0008820	3	0	2	0	0	0	0	0	0	5
OG0008821	1	0	0	2	0	1	1	0	0	5
OG0008822	1	0	2	2	0	0	0	0	0	5
OG0008823	2	0	3	0	0	0	0	0	0	5
OG0008824	5	0	0	0	0	0	0	0	0	5
OG0008825	5	0	0	0	0	0	0	0	0	5
OG0008826	2	0	1	1	0	1	0	0	0	5
OG0008827	5	0	0	0	0	0	0	0	0	5
OG0008828	2	0	1	1	0	1	0	0	0	5
OG0008829	5	0	0	0	0	0	0	0	0	5
OG0008830	5	0	0	0	0	0	0	0	0	5
OG0008831	2	0	2	0	0	1	0	0	0	5
OG0008832	2	0	1	1	0	1	0	0	0	5
OG0008833	1	0	0	2	0	1	1	0	0	5
OG0008834	5	0	0	0	0	0	0	0	0	5
OG0008835	2	0	1	0	0	1	1	0	0	5
OG0008836	2	0	3	0	0	0	0	0	0	5
OG0008837	5	0	0	0	0	0	0	0	0	5
OG0008838	2	0	1	0	0	1	1	0	0	5
OG0008839	2	0	0	0	0	0	3	0	0	5
OG0008840	2	0	0	1	0	1	1	0	0	5
OG0008841	2	0	1	0	0	2	0	0	0	5
OG0008842	2	0	0	0	0	3	0	0	0	5
OG0008843	2	0	1	0	0	2	0	0	0	5
OG0008844	2	0	0	1	0	1	1	0	0	5
OG0008845	3	0	2	0	0	0	0	0	0	5
OG0008846	5	0	0	0	0	0	0	0	0	5
OG0008847	2	0	0	2	0	1	0	0	0	5
OG0008848	1	0	2	0	0	2	0	0	0	5
OG0008849	2	0	1	1	0	1	0	0	0	5
OG0008850	1	0	4	0	0	0	0	0	0	5
OG0008851	3	0	1	0	0	1	0	0	0	5
OG0008852	3	0	1	0	0	1	0	0	0	5
OG0008853	1	1	0	0	1	0	0	1	1	5
OG0008854	5	0	0	0	0	0	0	0	0	5
OG0008855	5	0	0	0	0	0	0	0	0	5
OG0008856	1	0	2	0	0	2	0	0	0	5
OG0008857	1	0	2	2	0	0	0	0	0	5
OG0008858	1	0	1	2	0	1	0	0	0	5
OG0008859	2	0	1	1	0	1	0	0	0	5
OG0008860	1	0	1	2	0	0	1	0	0	5
OG0008861	1	0	0	0	0	4	0	0	0	5
OG0008862	4	0	0	0	0	1	0	0	0	5
OG0008863	2	0	0	2	0	1	0	0	0	5
OG0008864	5	0	0	0	0	0	0	0	0	5
OG0008865	2	0	1	0	0	1	1	0	0	5
OG0008866	2	0	2	0	0	1	0	0	0	5
OG0008867	2	0	0	1	0	1	1	0	0	5
OG0008868	1	0	1	1	0	1	1	0	0	5
OG0008869	2	0	2	0	0	1	0	0	0	5
OG0008870	2	0	0	3	0	0	0	0	0	5
OG0008871	2	0	2	1	0	0	0	0	0	5
OG0008872	5	0	0	0	0	0	0	0	0	5
OG0008873	1	0	1	1	0	1	1	0	0	5
OG0008874	1	0	0	2	0	1	1	0	0	5
OG0008875	1	0	0	3	0	1	0	0	0	5
OG0008876	2	0	1	0	0	1	1	0	0	5
OG0008877	5	0	0	0	0	0	0	0	0	5
OG0008878	5	0	0	0	0	0	0	0	0	5
OG0008879	1	0	3	0	0	1	0	0	0	5
OG0008880	1	0	0	3	0	1	0	0	0	5
OG0008881	1	0	1	1	0	1	1	0	0	5
OG0008882	2	0	2	0	0	1	0	0	0	5
OG0008883	1	0	0	1	0	1	2	0	0	5
OG0008884	2	0	1	1	0	1	0	0	0	5
OG0008885	4	0	0	0	0	1	0	0	0	5
OG0008886	1	0	0	3	0	0	1	0	0	5
OG0008887	2	0	1	1	0	1	0	0	0	5
OG0008888	1	0	3	0	0	1	0	0	0	5
OG0008889	1	0	1	0	0	3	0	0	0	5
OG0008890	2	0	2	0	0	1	0	0	0	5
OG0008891	2	0	1	1	0	1	0	0	0	5
OG0008892	2	0	1	1	0	1	0	0	0	5
OG0008893	2	0	3	0	0	0	0	0	0	5
OG0008894	2	0	3	0	0	0	0	0	0	5
OG0008895	2	0	0	2	0	1	0	0	0	5
OG0008896	1	0	2	0	0	1	1	0	0	5
OG0008897	1	0	2	0	1	0	0	0	1	5
OG0008898	1	1	0	1	1	1	0	0	0	5
OG0008899	2	0	2	0	0	1	0	0	0	5
OG0008900	2	0	2	0	0	1	0	0	0	5
OG0008901	2	0	0	0	0	3	0	0	0	5
OG0008902	2	0	2	0	0	1	0	0	0	5
OG0008903	2	0	2	1	0	0	0	0	0	5
OG0008904	1	0	1	2	0	1	0	0	0	5
OG0008905	1	0	3	0	0	1	0	0	0	5
OG0008906	2	0	2	0	0	1	0	0	0	5
OG0008907	1	0	1	2	0	1	0	0	0	5
OG0008908	2	0	3	0	0	0	0	0	0	5
OG0008909	2	0	1	0	0	1	1	0	0	5
OG0008910	3	0	0	2	0	0	0	0	0	5
OG0008911	2	0	1	0	0	2	0	0	0	5
OG0008912	1	0	0	1	0	2	1	0	0	5
OG0008913	5	0	0	0	0	0	0	0	0	5
OG0008914	1	0	2	0	0	1	1	0	0	5
OG0008915	2	0	1	1	0	1	0	0	0	5
OG0008916	2	0	3	0	0	0	0	0	0	5
OG0008917	2	0	3	0	0	0	0	0	0	5
OG0008918	2	0	3	0	0	0	0	0	0	5
OG0008919	2	0	1	0	0	1	1	0	0	5
OG0008920	1	0	1	1	0	1	1	0	0	5
OG0008921	2	0	3	0	0	0	0	0	0	5
OG0008922	2	0	2	0	0	1	0	0	0	5
OG0008923	2	0	2	0	0	1	0	0	0	5
OG0008924	2	0	1	0	0	1	1	0	0	5
OG0008925	1	0	3	0	0	1	0	0	0	5
OG0008926	2	0	1	1	0	1	0	0	0	5
OG0008927	2	0	0	1	0	1	1	0	0	5
OG0008928	2	0	3	0	0	0	0	0	0	5
OG0008929	1	0	4	0	0	0	0	0	0	5
OG0008930	2	0	0	2	0	1	0	0	0	5
OG0008931	1	0	0	0	0	1	3	0	0	5
OG0008932	2	0	3	0	0	0	0	0	0	5
OG0008933	1	0	1	2	1	0	0	0	0	5
OG0008934	1	0	1	1	0	2	0	0	0	5
OG0008935	2	0	1	1	0	1	0	0	0	5
OG0008936	1	0	0	0	0	4	0	0	0	5
OG0008937	2	0	1	0	0	2	0	0	0	5
OG0008938	1	0	2	1	0	1	0	0	0	5
OG0008939	3	0	1	0	0	1	0	0	0	5
OG0008940	1	0	1	1	0	1	1	0	0	5
OG0008941	2	0	3	0	0	0	0	0	0	5
OG0008942	2	0	1	1	0	1	0	0	0	5
OG0008943	1	0	1	1	0	1	1	0	0	5
OG0008944	2	0	3	0	0	0	0	0	0	5
OG0008945	1	0	2	0	0	2	0	0	0	5
OG0008946	2	0	2	0	0	1	0	0	0	5
OG0008947	2	0	2	1	0	0	0	0	0	5
OG0008948	1	0	3	0	0	1	0	0	0	5
OG0008949	2	0	2	0	0	1	0	0	0	5
OG0008950	2	0	2	0	0	1	0	0	0	5
OG0008951	2	0	0	3	0	0	0	0	0	5
OG0008952	2	0	1	1	0	1	0	0	0	5
OG0008953	2	0	1	0	0	1	1	0	0	5
OG0008954	1	0	1	1	0	1	1	0	0	5
OG0008955	2	0	1	1	0	1	0	0	0	5
OG0008956	2	0	1	0	0	2	0	0	0	5
OG0008957	2	0	2	0	0	0	1	0	0	5
OG0008958	1	0	1	0	0	3	0	0	0	5
OG0008959	2	0	1	0	0	2	0	0	0	5
OG0008960	2	0	0	1	0	1	1	0	0	5
OG0008961	2	0	1	1	0	1	0	0	0	5
OG0008962	1	1	0	0	1	0	0	1	1	5
OG0008963	0	1	0	0	2	0	0	1	1	5
OG0008964	0	2	0	0	1	0	0	1	1	5
OG0008965	0	1	0	0	1	0	0	1	2	5
OG0008966	0	1	0	0	1	0	1	1	1	5
OG0008967	0	1	0	0	1	0	0	1	2	5
OG0008968	0	1	0	0	1	1	0	1	1	5
OG0008969	0	2	0	0	1	0	0	1	1	5
OG0008970	0	1	0	0	1	0	1	1	1	5
OG0008971	0	2	0	0	1	0	0	1	1	5
OG0008972	0	1	0	0	1	1	0	1	1	5
OG0008973	0	1	0	0	1	0	0	2	1	5
OG0008974	0	1	1	0	0	1	0	1	1	5
OG0008975	0	1	0	0	2	0	0	1	1	5
OG0008976	0	1	0	0	2	0	0	1	1	5
OG0008977	0	1	0	0	1	1	0	1	1	5
OG0008978	0	1	0	0	1	1	0	1	1	5
OG0008979	0	2	0	0	1	0	0	1	1	5
OG0008980	0	1	0	0	1	0	0	1	2	5
OG0008981	0	1	0	0	2	0	0	1	1	5
OG0008982	0	1	0	0	1	1	0	1	1	5
OG0008983	0	1	0	0	1	1	0	1	1	5
OG0008984	0	1	0	1	1	0	0	1	1	5
OG0008985	0	1	0	0	2	0	0	1	1	5
OG0008986	0	1	0	0	1	0	0	2	1	5
OG0008987	0	1	0	0	1	1	0	1	1	5
OG0008988	0	1	0	0	2	0	0	1	1	5
OG0008989	0	1	0	1	1	0	0	1	1	5
OG0008990	0	1	0	0	2	0	0	1	1	5
OG0008991	0	1	0	0	1	1	0	1	1	5
OG0008992	0	1	0	0	1	1	0	1	1	5
OG0008993	0	1	0	0	2	0	0	1	1	5
OG0008994	0	1	0	0	1	1	0	1	1	5
OG0008995	0	1	0	0	1	0	0	2	1	5
OG0008996	0	1	0	0	1	0	1	1	1	5
OG0008997	0	1	0	1	1	0	0	1	1	5
OG0008998	0	1	0	0	1	0	0	2	1	5
OG0008999	0	1	0	0	2	0	0	1	1	5
OG0009000	0	1	0	0	2	0	0	1	1	5
OG0009001	0	2	0	0	1	0	0	1	1	5
OG0009002	0	1	0	0	1	0	0	2	1	5
OG0009003	0	1	0	0	1	0	0	2	1	5
OG0009004	0	1	0	0	1	0	0	2	1	5
OG0009005	0	1	0	0	1	0	0	2	1	5
OG0009006	0	1	0	0	2	0	0	1	1	5
OG0009007	0	1	0	1	0	1	0	1	1	5
OG0009008	0	1	0	0	1	1	0	1	1	5
OG0009009	0	1	0	0	1	0	1	1	1	5
OG0009010	0	1	0	0	2	0	0	1	1	5
OG0009011	0	1	0	0	1	0	1	1	1	5
OG0009012	0	1	0	0	1	1	0	1	1	5
OG0009013	0	1	0	0	1	0	0	2	1	5
OG0009014	0	1	0	0	1	0	1	1	1	5
OG0009015	0	1	0	0	2	0	0	1	1	5
OG0009016	0	1	0	1	1	0	0	1	1	5
OG0009017	0	1	0	0	1	0	0	2	1	5
OG0009018	0	1	0	0	1	1	0	1	1	5
OG0009019	0	1	0	0	1	1	0	1	1	5
OG0009020	0	2	0	0	1	0	0	1	1	5
OG0009021	0	1	0	0	1	1	0	1	1	5
OG0009022	0	1	0	0	1	0	0	2	1	5
OG0009023	0	1	0	1	1	0	0	1	1	5
OG0009024	0	2	0	0	1	0	0	1	1	5
OG0009025	0	1	0	0	2	0	0	1	1	5
OG0009026	0	1	0	0	2	0	0	1	1	5
OG0009027	0	1	0	0	2	0	0	1	1	5
OG0009028	0	1	0	0	2	0	0	1	1	5
OG0009029	0	1	0	0	1	0	0	1	2	5
OG0009030	0	1	0	2	1	0	0	1	0	5
OG0009031	0	1	0	1	0	1	0	1	1	5
OG0009032	0	1	0	0	1	0	0	2	1	5
OG0009033	0	1	0	0	1	1	0	1	1	5
OG0009034	0	1	1	0	1	0	0	1	1	5
OG0009035	0	1	0	1	0	1	1	0	1	5
OG0009036	0	1	0	0	1	1	0	1	1	5
OG0009037	0	1	0	1	1	0	0	1	1	5
OG0009038	0	1	0	0	1	1	0	1	1	5
OG0009039	0	1	0	2	0	0	1	1	0	5
OG0009040	0	1	0	1	1	0	0	1	1	5
OG0009041	0	1	0	1	1	0	0	1	1	5
OG0009042	0	1	0	1	1	0	0	1	1	5
OG0009043	0	1	0	0	1	1	0	1	1	5
OG0009044	0	3	0	0	2	0	0	0	0	5
OG0009045	0	1	0	0	2	0	0	1	1	5
OG0009046	0	1	0	0	1	0	0	2	1	5
OG0009047	0	1	0	0	2	0	0	1	1	5
OG0009048	0	1	0	0	2	0	0	1	1	5
OG0009049	0	1	0	0	1	1	0	1	1	5
OG0009050	0	1	0	0	2	0	0	1	1	5
OG0009051	0	1	0	0	2	0	0	1	1	5
OG0009052	0	1	0	0	2	0	0	1	1	5
OG0009053	0	2	0	0	1	0	0	1	1	5
OG0009054	0	1	0	0	1	0	0	2	1	5
OG0009055	0	1	0	0	2	0	0	1	1	5
OG0009056	0	1	0	0	1	0	0	1	2	5
OG0009057	0	1	0	1	1	0	0	1	1	5
OG0009058	0	1	0	0	1	1	0	1	1	5
OG0009059	0	1	0	0	1	1	0	1	1	5
OG0009060	0	1	0	1	1	0	0	1	1	5
OG0009061	0	1	0	0	2	0	0	1	1	5
OG0009062	0	1	0	0	1	1	0	1	1	5
OG0009063	0	1	1	0	1	0	0	1	1	5
OG0009064	0	1	0	0	1	1	0	1	1	5
OG0009065	0	1	0	0	1	0	0	2	1	5
OG0009066	0	1	0	0	2	0	0	1	1	5
OG0009067	0	1	0	0	1	0	0	2	1	5
OG0009068	0	1	0	0	2	0	0	1	1	5
OG0009069	0	1	0	0	2	0	0	1	1	5
OG0009070	0	1	0	1	0	1	0	1	1	5
OG0009071	0	1	0	0	1	0	0	2	1	5
OG0009072	0	1	0	0	1	0	0	2	1	5
OG0009073	0	1	0	0	1	1	0	1	1	5
OG0009074	0	1	0	0	1	0	0	2	1	5
OG0009075	0	1	0	0	2	0	0	1	1	5
OG0009076	0	1	0	0	1	0	0	1	2	5
OG0009077	0	1	0	0	1	0	0	2	1	5
OG0009078	0	1	0	0	2	0	0	1	1	5
OG0009079	0	2	0	0	1	0	0	1	1	5
OG0009080	0	1	0	0	1	0	1	1	1	5
OG0009081	0	1	0	0	2	0	0	1	1	5
OG0009082	0	1	0	0	2	0	0	1	1	5
OG0009083	0	1	0	0	1	0	0	2	1	5
OG0009084	0	1	0	0	0	0	0	2	2	5
OG0009085	0	1	0	0	1	1	0	1	1	5
OG0009086	0	1	0	0	1	0	1	1	1	5
OG0009087	0	1	0	0	2	0	0	1	1	5
OG0009088	0	1	0	1	1	0	0	1	1	5
OG0009089	0	1	0	2	0	0	0	1	1	5
OG0009090	0	1	0	0	2	0	0	1	1	5
OG0009091	0	1	0	0	2	0	0	1	1	5
OG0009092	0	1	0	0	2	0	0	1	1	5
OG0009093	0	1	0	0	1	1	0	1	1	5
OG0009094	0	1	0	0	1	0	1	1	1	5
OG0009095	0	1	0	0	2	0	0	1	1	5
OG0009096	0	1	0	0	1	0	1	1	1	5
OG0009097	0	1	0	0	2	0	0	1	1	5
OG0009098	0	1	0	0	2	0	0	1	1	5
OG0009099	0	2	0	0	1	0	0	1	1	5
OG0009100	0	1	0	0	1	1	0	1	1	5
OG0009101	0	2	0	0	1	0	0	1	1	5
OG0009102	0	1	0	1	1	0	0	1	1	5
OG0009103	0	1	0	0	1	1	0	1	1	5
OG0009104	0	1	0	1	1	0	0	1	1	5
OG0009105	0	1	0	0	1	1	0	1	1	5
OG0009106	0	1	0	0	1	1	0	1	1	5
OG0009107	0	1	0	0	2	0	0	1	1	5
OG0009108	0	1	0	0	1	0	1	1	1	5
OG0009109	0	1	0	0	1	1	0	1	1	5
OG0009110	0	1	0	0	1	1	0	1	1	5
OG0009111	0	1	0	0	1	1	0	1	1	5
OG0009112	0	1	0	0	1	0	0	2	1	5
OG0009113	0	1	0	0	1	1	0	1	1	5
OG0009114	0	2	0	0	3	0	0	0	0	5
OG0009115	0	1	0	0	1	0	0	2	1	5
OG0009116	0	1	0	0	1	1	0	1	1	5
OG0009117	0	1	0	0	1	0	0	1	2	5
OG0009118	0	1	0	0	2	0	0	1	1	5
OG0009119	0	1	0	0	1	0	1	1	1	5
OG0009120	0	1	0	0	1	0	1	1	1	5
OG0009121	0	1	0	0	1	0	0	2	1	5
OG0009122	0	1	0	0	2	0	0	1	1	5
OG0009123	0	1	0	0	1	1	0	1	1	5
OG0009124	0	1	0	0	1	0	1	1	1	5
OG0009125	0	1	0	1	1	0	0	1	1	5
OG0009126	0	1	0	0	1	0	0	2	1	5
OG0009127	0	1	0	0	1	1	0	1	1	5
OG0009128	0	1	0	0	2	0	0	1	1	5
OG0009129	0	1	0	1	0	1	0	1	1	5
OG0009130	0	1	0	0	1	1	0	1	1	5
OG0009131	0	1	0	0	1	1	0	1	1	5
OG0009132	0	1	0	1	1	1	0	0	1	5
OG0009133	0	1	0	1	1	0	0	1	1	5
OG0009134	0	1	0	1	0	1	0	1	1	5
OG0009135	0	1	0	2	0	1	0	1	0	5
OG0009136	0	1	0	0	1	0	0	1	2	5
OG0009137	0	2	0	0	1	0	0	1	1	5
OG0009138	0	1	0	0	1	1	0	1	1	5
OG0009139	0	1	0	0	2	0	0	1	1	5
OG0009140	0	1	0	0	2	0	0	1	1	5
OG0009141	0	1	0	0	2	0	0	1	1	5
OG0009142	0	1	0	1	1	1	0	0	1	5
OG0009143	0	1	0	1	0	0	1	1	1	5
OG0009144	0	2	0	0	1	0	0	1	1	5
OG0009145	0	1	0	0	2	0	0	1	1	5
OG0009146	0	1	0	0	2	0	0	1	1	5
OG0009147	0	1	0	0	2	0	0	1	1	5
OG0009148	0	1	0	0	2	0	0	1	1	5
OG0009149	0	1	0	0	2	0	0	1	1	5
OG0009150	0	1	0	0	1	1	0	1	1	5
OG0009151	0	1	0	0	1	1	0	1	1	5
OG0009152	0	2	0	0	0	0	0	2	1	5
OG0009153	0	1	0	0	2	0	0	1	1	5
OG0009154	0	1	2	0	1	0	1	0	0	5
OG0009155	0	1	0	0	1	0	0	2	1	5
OG0009156	0	1	0	1	1	0	0	1	1	5
OG0009157	0	1	0	1	0	1	0	1	1	5
OG0009158	0	1	0	0	1	1	0	1	1	5
OG0009159	0	1	0	0	1	1	0	1	1	5
OG0009160	0	2	0	0	1	0	0	1	1	5
OG0009161	0	1	1	0	1	0	0	1	1	5
OG0009162	0	1	0	0	1	0	1	1	1	5
OG0009163	0	1	0	0	1	0	1	1	1	5
OG0009164	0	1	4	0	0	0	0	0	0	5
OG0009165	0	1	0	1	0	1	0	1	1	5
OG0009166	0	1	0	0	1	0	0	2	1	5
OG0009167	0	1	0	0	1	0	1	1	1	5
OG0009168	0	1	0	0	2	0	0	0	2	5
OG0009169	0	1	0	1	1	0	0	1	1	5
OG0009170	0	1	0	0	1	0	1	1	1	5
OG0009171	0	1	0	0	2	0	0	1	1	5
OG0009172	0	0	5	0	0	0	0	0	0	5
OG0009173	0	0	5	0	0	0	0	0	0	5
OG0009174	0	0	5	0	0	0	0	0	0	5
OG0009175	0	0	4	0	0	1	0	0	0	5
OG0009176	0	0	5	0	0	0	0	0	0	5
OG0009177	0	0	1	3	0	1	0	0	0	5
OG0009178	0	0	5	0	0	0	0	0	0	5
OG0009179	0	0	5	0	0	0	0	0	0	5
OG0009180	0	0	2	3	0	0	0	0	0	5
OG0009181	0	0	5	0	0	0	0	0	0	5
OG0009182	0	0	5	0	0	0	0	0	0	5
OG0009183	0	0	5	0	0	0	0	0	0	5
OG0009184	0	0	5	0	0	0	0	0	0	5
OG0009185	0	0	1	2	1	1	0	0	0	5
OG0009186	0	0	5	0	0	0	0	0	0	5
OG0009187	0	0	5	0	0	0	0	0	0	5
OG0009188	0	0	5	0	0	0	0	0	0	5
OG0009189	0	0	1	2	0	1	1	0	0	5
OG0009190	0	0	5	0	0	0	0	0	0	5
OG0009191	0	0	5	0	0	0	0	0	0	5
OG0009192	0	0	5	0	0	0	0	0	0	5
OG0009193	0	0	5	0	0	0	0	0	0	5
OG0009194	0	0	5	0	0	0	0	0	0	5
OG0009195	0	0	5	0	0	0	0	0	0	5
OG0009196	0	0	5	0	0	0	0	0	0	5
OG0009197	0	0	5	0	0	0	0	0	0	5
OG0009198	0	0	5	0	0	0	0	0	0	5
OG0009199	0	0	5	0	0	0	0	0	0	5
OG0009200	0	0	5	0	0	0	0	0	0	5
OG0009201	0	0	5	0	0	0	0	0	0	5
OG0009202	0	0	5	0	0	0	0	0	0	5
OG0009203	0	0	5	0	0	0	0	0	0	5
OG0009204	0	0	5	0	0	0	0	0	0	5
OG0009205	0	0	5	0	0	0	0	0	0	5
OG0009206	0	0	5	0	0	0	0	0	0	5
OG0009207	0	0	5	0	0	0	0	0	0	5
OG0009208	0	0	5	0	0	0	0	0	0	5
OG0009209	0	0	5	0	0	0	0	0	0	5
OG0009210	0	0	5	0	0	0	0	0	0	5
OG0009211	0	0	5	0	0	0	0	0	0	5
OG0009212	0	0	5	0	0	0	0	0	0	5
OG0009213	0	0	3	0	0	0	2	0	0	5
OG0009214	0	0	4	0	0	1	0	0	0	5
OG0009215	0	0	5	0	0	0	0	0	0	5
OG0009216	0	0	5	0	0	0	0	0	0	5
OG0009217	0	0	5	0	0	0	0	0	0	5
OG0009218	0	0	5	0	0	0	0	0	0	5
OG0009219	0	0	5	0	0	0	0	0	0	5
OG0009220	0	0	5	0	0	0	0	0	0	5
OG0009221	0	0	5	0	0	0	0	0	0	5
OG0009222	0	0	4	0	0	0	1	0	0	5
OG0009223	0	0	5	0	0	0	0	0	0	5
OG0009224	0	0	5	0	0	0	0	0	0	5
OG0009225	0	0	5	0	0	0	0	0	0	5
OG0009226	0	0	1	1	0	2	1	0	0	5
OG0009227	0	0	5	0	0	0	0	0	0	5
OG0009228	0	0	5	0	0	0	0	0	0	5
OG0009229	0	0	5	0	0	0	0	0	0	5
OG0009230	0	0	5	0	0	0	0	0	0	5
OG0009231	0	0	5	0	0	0	0	0	0	5
OG0009232	0	0	5	0	0	0	0	0	0	5
OG0009233	0	0	5	0	0	0	0	0	0	5
OG0009234	0	0	5	0	0	0	0	0	0	5
OG0009235	0	0	5	0	0	0	0	0	0	5
OG0009236	0	0	5	0	0	0	0	0	0	5
OG0009237	0	0	5	0	0	0	0	0	0	5
OG0009238	0	0	5	0	0	0	0	0	0	5
OG0009239	0	0	5	0	0	0	0	0	0	5
OG0009240	0	0	5	0	0	0	0	0	0	5
OG0009241	0	0	5	0	0	0	0	0	0	5
OG0009242	0	0	5	0	0	0	0	0	0	5
OG0009243	0	0	5	0	0	0	0	0	0	5
OG0009244	0	0	5	0	0	0	0	0	0	5
OG0009245	0	0	5	0	0	0	0	0	0	5
OG0009246	0	0	5	0	0	0	0	0	0	5
OG0009247	0	0	1	4	0	0	0	0	0	5
OG0009248	0	0	5	0	0	0	0	0	0	5
OG0009249	0	0	5	0	0	0	0	0	0	5
OG0009250	0	0	5	0	0	0	0	0	0	5
OG0009251	0	0	1	0	0	0	4	0	0	5
OG0009252	0	0	1	3	0	1	0	0	0	5
OG0009253	0	0	5	0	0	0	0	0	0	5
OG0009254	0	0	1	3	0	1	0	0	0	5
OG0009255	0	0	2	1	0	1	1	0	0	5
OG0009256	0	0	5	0	0	0	0	0	0	5
OG0009257	0	0	5	0	0	0	0	0	0	5
OG0009258	0	0	5	0	0	0	0	0	0	5
OG0009259	0	0	2	3	0	0	0	0	0	5
OG0009260	0	0	1	0	0	4	0	0	0	5
OG0009261	0	0	5	0	0	0	0	0	0	5
OG0009262	0	0	5	0	0	0	0	0	0	5
OG0009263	0	0	1	0	0	4	0	0	0	5
OG0009264	0	0	3	0	0	0	2	0	0	5
OG0009265	0	0	1	0	0	4	0	0	0	5
OG0009266	0	0	5	0	0	0	0	0	0	5
OG0009267	0	0	3	1	0	1	0	0	0	5
OG0009268	0	0	1	0	0	4	0	0	0	5
OG0009269	0	0	5	0	0	0	0	0	0	5
OG0009270	0	0	5	0	0	0	0	0	0	5
OG0009271	0	0	5	0	0	0	0	0	0	5
OG0009272	0	0	1	4	0	0	0	0	0	5
OG0009273	0	0	4	0	0	1	0	0	0	5
OG0009274	0	0	5	0	0	0	0	0	0	5
OG0009275	0	0	5	0	0	0	0	0	0	5
OG0009276	0	0	5	0	0	0	0	0	0	5
OG0009277	0	0	1	3	0	1	0	0	0	5
OG0009278	0	0	5	0	0	0	0	0	0	5
OG0009279	0	0	5	0	0	0	0	0	0	5
OG0009280	0	0	5	0	0	0	0	0	0	5
OG0009281	0	0	4	0	0	0	0	1	0	5
OG0009282	0	0	1	4	0	0	0	0	0	5
OG0009283	0	0	2	0	0	1	2	0	0	5
OG0009284	0	0	2	2	0	1	0	0	0	5
OG0009285	0	0	1	1	0	1	0	1	1	5
OG0009286	0	0	5	0	0	0	0	0	0	5
OG0009287	0	0	3	1	0	1	0	0	0	5
OG0009288	0	0	5	0	0	0	0	0	0	5
OG0009289	0	0	2	0	0	3	0	0	0	5
OG0009290	0	0	5	0	0	0	0	0	0	5
OG0009291	0	0	0	5	0	0	0	0	0	5
OG0009292	0	0	0	5	0	0	0	0	0	5
OG0009293	0	0	0	5	0	0	0	0	0	5
OG0009294	0	0	0	5	0	0	0	0	0	5
OG0009295	0	0	0	5	0	0	0	0	0	5
OG0009296	0	0	0	4	0	1	0	0	0	5
OG0009297	0	0	0	5	0	0	0	0	0	5
OG0009298	0	0	0	5	0	0	0	0	0	5
OG0009299	0	0	0	5	0	0	0	0	0	5
OG0009300	0	0	0	5	0	0	0	0	0	5
OG0009301	0	0	0	5	0	0	0	0	0	5
OG0009302	0	0	0	5	0	0	0	0	0	5
OG0009303	0	0	0	5	0	0	0	0	0	5
OG0009304	0	0	0	3	0	2	0	0	0	5
OG0009305	0	0	0	5	0	0	0	0	0	5
OG0009306	0	0	0	5	0	0	0	0	0	5
OG0009307	0	0	0	4	0	0	1	0	0	5
OG0009308	0	0	0	1	0	1	1	1	1	5
OG0009309	0	0	0	5	0	0	0	0	0	5
OG0009310	0	0	0	5	0	0	0	0	0	5
OG0009311	0	0	0	5	0	0	0	0	0	5
OG0009312	0	0	0	5	0	0	0	0	0	5
OG0009313	0	0	0	5	0	0	0	0	0	5
OG0009314	0	0	0	5	0	0	0	0	0	5
OG0009315	0	0	0	5	0	0	0	0	0	5
OG0009316	0	0	0	5	0	0	0	0	0	5
OG0009317	0	0	0	5	0	0	0	0	0	5
OG0009318	0	0	0	5	0	0	0	0	0	5
OG0009319	0	0	0	5	0	0	0	0	0	5
OG0009320	0	0	0	5	0	0	0	0	0	5
OG0009321	0	0	0	5	0	0	0	0	0	5
OG0009322	0	0	0	5	0	0	0	0	0	5
OG0009323	0	0	0	5	0	0	0	0	0	5
OG0009324	0	0	0	5	0	0	0	0	0	5
OG0009325	0	0	0	4	0	1	0	0	0	5
OG0009326	0	0	0	5	0	0	0	0	0	5
OG0009327	0	0	0	5	0	0	0	0	0	5
OG0009328	0	0	0	5	0	0	0	0	0	5
OG0009329	0	0	0	5	0	0	0	0	0	5
OG0009330	0	0	0	4	0	0	1	0	0	5
OG0009331	0	0	0	5	0	0	0	0	0	5
OG0009332	0	0	0	5	0	0	0	0	0	5
OG0009333	0	0	0	5	0	0	0	0	0	5
OG0009334	0	0	0	5	0	0	0	0	0	5
OG0009335	0	0	0	4	0	1	0	0	0	5
OG0009336	0	0	0	5	0	0	0	0	0	5
OG0009337	0	0	0	5	0	0	0	0	0	5
OG0009338	0	0	0	5	0	0	0	0	0	5
OG0009339	0	0	0	5	0	0	0	0	0	5
OG0009340	0	0	0	5	0	0	0	0	0	5
OG0009341	0	0	0	5	0	0	0	0	0	5
OG0009342	0	0	0	5	0	0	0	0	0	5
OG0009343	0	0	0	5	0	0	0	0	0	5
OG0009344	0	0	0	5	0	0	0	0	0	5
OG0009345	0	0	0	5	0	0	0	0	0	5
OG0009346	0	0	0	4	0	1	0	0	0	5
OG0009347	0	0	0	5	0	0	0	0	0	5
OG0009348	0	0	0	5	0	0	0	0	0	5
OG0009349	0	0	0	5	0	0	0	0	0	5
OG0009350	0	0	0	5	0	0	0	0	0	5
OG0009351	0	0	0	5	0	0	0	0	0	5
OG0009352	0	0	0	5	0	0	0	0	0	5
OG0009353	0	0	0	5	0	0	0	0	0	5
OG0009354	0	0	0	5	0	0	0	0	0	5
OG0009355	0	0	0	5	0	0	0	0	0	5
OG0009356	0	0	0	5	0	0	0	0	0	5
OG0009357	0	0	0	5	0	0	0	0	0	5
OG0009358	0	0	0	5	0	0	0	0	0	5
OG0009359	0	0	0	5	0	0	0	0	0	5
OG0009360	0	0	0	5	0	0	0	0	0	5
OG0009361	0	0	0	5	0	0	0	0	0	5
OG0009362	0	0	0	5	0	0	0	0	0	5
OG0009363	0	0	0	5	0	0	0	0	0	5
OG0009364	0	0	0	5	0	0	0	0	0	5
OG0009365	0	0	0	5	0	0	0	0	0	5
OG0009366	0	0	0	4	0	1	0	0	0	5
OG0009367	0	0	0	5	0	0	0	0	0	5
OG0009368	0	0	0	5	0	0	0	0	0	5
OG0009369	0	0	0	1	1	1	0	1	1	5
OG0009370	0	0	0	4	0	1	0	0	0	5
OG0009371	0	0	0	5	0	0	0	0	0	5
OG0009372	0	0	0	5	0	0	0	0	0	5
OG0009373	0	0	0	5	0	0	0	0	0	5
OG0009374	0	0	0	5	0	0	0	0	0	5
OG0009375	0	0	0	5	0	0	0	0	0	5
OG0009376	0	0	0	5	0	0	0	0	0	5
OG0009377	0	0	0	4	0	1	0	0	0	5
OG0009378	0	0	0	5	0	0	0	0	0	5
OG0009379	0	0	0	5	0	0	0	0	0	5
OG0009380	0	0	0	5	0	0	0	0	0	5
OG0009381	0	0	0	5	0	0	0	0	0	5
OG0009382	0	0	0	5	0	0	0	0	0	5
OG0009383	0	0	0	5	0	0	0	0	0	5
OG0009384	0	0	0	1	1	1	0	1	1	5
OG0009385	0	0	0	5	0	0	0	0	0	5
OG0009386	0	0	0	1	1	1	0	1	1	5
OG0009387	0	0	0	5	0	0	0	0	0	5
OG0009388	0	0	0	5	0	0	0	0	0	5
OG0009389	0	0	0	5	0	0	0	0	0	5
OG0009390	0	0	0	5	0	0	0	0	0	5
OG0009391	0	0	0	5	0	0	0	0	0	5
OG0009392	0	0	0	5	0	0	0	0	0	5
OG0009393	0	0	0	5	0	0	0	0	0	5
OG0009394	0	0	0	5	0	0	0	0	0	5
OG0009395	0	0	0	5	0	0	0	0	0	5
OG0009396	0	0	0	5	0	0	0	0	0	5
OG0009397	0	0	0	5	0	0	0	0	0	5
OG0009398	0	0	0	5	0	0	0	0	0	5
OG0009399	0	0	0	5	0	0	0	0	0	5
OG0009400	0	0	0	5	0	0	0	0	0	5
OG0009401	0	0	0	5	0	0	0	0	0	5
OG0009402	0	0	0	5	0	0	0	0	0	5
OG0009403	0	0	0	5	0	0	0	0	0	5
OG0009404	0	0	0	4	0	1	0	0	0	5
OG0009405	0	0	0	5	0	0	0	0	0	5
OG0009406	0	0	0	5	0	0	0	0	0	5
OG0009407	0	0	0	5	0	0	0	0	0	5
OG0009408	0	0	0	3	0	1	1	0	0	5
OG0009409	0	0	0	5	0	0	0	0	0	5
OG0009410	0	0	0	4	0	1	0	0	0	5
OG0009411	0	0	0	5	0	0	0	0	0	5
OG0009412	0	0	0	5	0	0	0	0	0	5
OG0009413	0	0	0	5	0	0	0	0	0	5
OG0009414	0	0	0	3	0	1	1	0	0	5
OG0009415	0	0	0	5	0	0	0	0	0	5
OG0009416	0	0	0	1	1	1	0	1	1	5
OG0009417	0	0	0	5	0	0	0	0	0	5
OG0009418	0	0	0	2	0	0	1	1	1	5
OG0009419	0	0	0	5	0	0	0	0	0	5
OG0009420	0	0	0	5	0	0	0	0	0	5
OG0009421	0	0	0	5	0	0	0	0	0	5
OG0009422	0	0	0	5	0	0	0	0	0	5
OG0009423	0	0	0	5	0	0	0	0	0	5
OG0009424	0	0	0	5	0	0	0	0	0	5
OG0009425	0	0	0	5	0	0	0	0	0	5
OG0009426	0	0	0	5	0	0	0	0	0	5
OG0009427	0	0	0	5	0	0	0	0	0	5
OG0009428	0	0	0	5	0	0	0	0	0	5
OG0009429	0	0	0	5	0	0	0	0	0	5
OG0009430	0	0	0	5	0	0	0	0	0	5
OG0009431	0	0	0	5	0	0	0	0	0	5
OG0009432	0	0	0	5	0	0	0	0	0	5
OG0009433	0	0	0	4	0	1	0	0	0	5
OG0009434	0	0	0	4	0	0	1	0	0	5
OG0009435	0	0	0	5	0	0	0	0	0	5
OG0009436	0	0	0	5	0	0	0	0	0	5
OG0009437	0	0	0	4	0	1	0	0	0	5
OG0009438	0	0	0	5	0	0	0	0	0	5
OG0009439	0	0	0	4	0	1	0	0	0	5
OG0009440	0	0	0	5	0	0	0	0	0	5
OG0009441	0	0	0	5	0	0	0	0	0	5
OG0009442	0	0	0	5	0	0	0	0	0	5
OG0009443	0	0	0	5	0	0	0	0	0	5
OG0009444	0	0	0	5	0	0	0	0	0	5
OG0009445	0	0	0	5	0	0	0	0	0	5
OG0009446	0	0	0	5	0	0	0	0	0	5
OG0009447	0	0	0	5	0	0	0	0	0	5
OG0009448	0	0	0	5	0	0	0	0	0	5
OG0009449	0	0	0	5	0	0	0	0	0	5
OG0009450	0	0	0	5	0	0	0	0	0	5
OG0009451	0	0	0	4	0	1	0	0	0	5
OG0009452	0	0	0	5	0	0	0	0	0	5
OG0009453	0	0	0	5	0	0	0	0	0	5
OG0009454	0	0	0	5	0	0	0	0	0	5
OG0009455	0	0	0	5	0	0	0	0	0	5
OG0009456	0	0	0	5	0	0	0	0	0	5
OG0009457	0	0	0	5	0	0	0	0	0	5
OG0009458	0	0	0	5	0	0	0	0	0	5
OG0009459	0	0	0	5	0	0	0	0	0	5
OG0009460	0	0	0	5	0	0	0	0	0	5
OG0009461	0	0	0	5	0	0	0	0	0	5
OG0009462	0	0	0	5	0	0	0	0	0	5
OG0009463	0	0	0	5	0	0	0	0	0	5
OG0009464	0	0	0	5	0	0	0	0	0	5
OG0009465	0	0	0	5	0	0	0	0	0	5
OG0009466	0	0	0	5	0	0	0	0	0	5
OG0009467	0	0	0	5	0	0	0	0	0	5
OG0009468	0	0	0	5	0	0	0	0	0	5
OG0009469	0	0	0	5	0	0	0	0	0	5
OG0009470	0	0	0	5	0	0	0	0	0	5
OG0009471	0	0	0	5	0	0	0	0	0	5
OG0009472	0	0	0	5	0	0	0	0	0	5
OG0009473	0	0	0	5	0	0	0	0	0	5
OG0009474	0	0	0	5	0	0	0	0	0	5
OG0009475	0	0	0	5	0	0	0	0	0	5
OG0009476	0	0	0	5	0	0	0	0	0	5
OG0009477	0	0	0	5	0	0	0	0	0	5
OG0009478	0	0	0	4	0	0	1	0	0	5
OG0009479	0	0	0	5	0	0	0	0	0	5
OG0009480	0	0	0	5	0	0	0	0	0	5
OG0009481	0	0	0	5	0	0	0	0	0	5
OG0009482	0	0	0	5	0	0	0	0	0	5
OG0009483	0	0	0	5	0	0	0	0	0	5
OG0009484	0	0	0	5	0	0	0	0	0	5
OG0009485	0	0	0	5	0	0	0	0	0	5
OG0009486	0	0	0	0	3	0	0	0	2	5
OG0009487	0	0	0	0	1	0	0	3	1	5
OG0009488	0	0	0	0	1	0	0	2	2	5
OG0009489	0	0	0	0	1	0	0	2	2	5
OG0009490	0	0	0	0	5	0	0	0	0	5
OG0009491	0	0	0	0	5	0	0	0	0	5
OG0009492	0	0	0	0	0	4	1	0	0	5
OG0009493	0	0	0	0	0	5	0	0	0	5
OG0009494	0	0	0	0	0	5	0	0	0	5
OG0009495	0	0	0	0	0	5	0	0	0	5
OG0009496	0	0	0	0	0	5	0	0	0	5
OG0009497	0	0	0	0	0	5	0	0	0	5
OG0009498	0	0	0	0	0	5	0	0	0	5
OG0009499	0	0	0	0	0	5	0	0	0	5
OG0009500	0	0	0	0	0	5	0	0	0	5
OG0009501	0	0	0	0	0	5	0	0	0	5
OG0009502	0	0	0	0	0	5	0	0	0	5
OG0009503	0	0	0	0	0	5	0	0	0	5
OG0009504	0	0	0	0	0	5	0	0	0	5
OG0009505	0	0	0	0	0	5	0	0	0	5
OG0009506	0	0	0	0	0	5	0	0	0	5
OG0009507	0	0	0	0	0	5	0	0	0	5
OG0009508	0	0	0	0	0	5	0	0	0	5
OG0009509	0	0	0	0	0	5	0	0	0	5
OG0009510	0	0	0	0	0	5	0	0	0	5
OG0009511	0	0	0	0	0	5	0	0	0	5
OG0009512	0	0	0	0	0	5	0	0	0	5
OG0009513	0	0	0	0	0	5	0	0	0	5
OG0009514	0	0	0	0	0	5	0	0	0	5
OG0009515	0	0	0	0	0	2	3	0	0	5
OG0009516	0	0	0	0	0	5	0	0	0	5
OG0009517	0	0	0	0	0	5	0	0	0	5
OG0009518	0	0	0	0	0	5	0	0	0	5
OG0009519	0	0	0	0	0	0	5	0	0	5
OG0009520	0	0	0	0	0	0	5	0	0	5
OG0009521	0	0	0	0	0	0	5	0	0	5
OG0009522	0	0	0	0	0	0	5	0	0	5
OG0009523	0	0	0	0	0	0	5	0	0	5
OG0009524	0	0	0	0	0	0	5	0	0	5
OG0009525	0	0	0	0	0	0	5	0	0	5
OG0009526	0	0	0	0	0	0	5	0	0	5
OG0009527	0	0	0	0	0	0	5	0	0	5
OG0009528	0	0	0	0	0	0	5	0	0	5
OG0009529	0	0	0	0	0	0	5	0	0	5
OG0009530	0	0	0	0	0	0	5	0	0	5
OG0009531	0	0	0	0	0	0	5	0	0	5
OG0009532	0	0	0	0	0	0	5	0	0	5
OG0009533	0	0	0	0	0	0	5	0	0	5
OG0009534	0	0	0	0	0	0	5	0	0	5
OG0009535	0	0	0	0	0	0	5	0	0	5
OG0009536	0	0	0	0	0	0	5	0	0	5
OG0009537	0	0	0	0	0	0	5	0	0	5
OG0009538	0	0	0	0	0	0	5	0	0	5
OG0009539	0	0	0	0	0	0	5	0	0	5
OG0009540	0	0	0	0	0	0	5	0	0	5
OG0009541	0	0	0	0	0	0	5	0	0	5
OG0009542	0	0	0	0	0	0	5	0	0	5
OG0009543	0	0	0	0	0	0	5	0	0	5
OG0009544	0	0	0	0	0	0	5	0	0	5
OG0009545	0	0	0	0	0	0	5	0	0	5
OG0009546	0	0	0	0	0	0	5	0	0	5
OG0009547	0	0	0	0	0	0	5	0	0	5
OG0009548	0	0	0	0	0	0	5	0	0	5
OG0009549	0	0	0	0	0	0	0	1	4	5
OG0009550	0	0	0	0	0	0	0	3	2	5
OG0009551	0	0	0	0	0	0	0	5	0	5
OG0009552	4	0	0	0	0	0	0	0	0	4
OG0009553	2	0	1	0	0	0	0	1	0	4
OG0009554	1	0	2	0	0	1	0	0	0	4
OG0009555	1	0	0	2	0	1	0	0	0	4
OG0009556	1	0	2	0	0	1	0	0	0	4
OG0009557	2	0	2	0	0	0	0	0	0	4
OG0009558	4	0	0	0	0	0	0	0	0	4
OG0009559	2	0	2	0	0	0	0	0	0	4
OG0009560	3	0	1	0	0	0	0	0	0	4
OG0009561	4	0	0	0	0	0	0	0	0	4
OG0009562	1	0	2	0	0	1	0	0	0	4
OG0009563	2	0	0	0	0	1	1	0	0	4
OG0009564	3	0	1	0	0	0	0	0	0	4
OG0009565	1	0	1	1	0	0	1	0	0	4
OG0009566	1	0	0	3	0	0	0	0	0	4
OG0009567	2	0	0	1	0	1	0	0	0	4
OG0009568	2	0	0	0	0	0	2	0	0	4
OG0009569	2	0	1	0	0	1	0	0	0	4
OG0009570	2	0	0	1	0	1	0	0	0	4
OG0009571	2	0	0	1	0	1	0	0	0	4
OG0009572	1	0	1	1	0	1	0	0	0	4
OG0009573	1	0	2	0	0	1	0	0	0	4
OG0009574	2	0	0	1	0	1	0	0	0	4
OG0009575	4	0	0	0	0	0	0	0	0	4
OG0009576	2	0	1	0	0	1	0	0	0	4
OG0009577	4	0	0	0	0	0	0	0	0	4
OG0009578	1	0	2	0	0	1	0	0	0	4
OG0009579	2	0	2	0	0	0	0	0	0	4
OG0009580	4	0	0	0	0	0	0	0	0	4
OG0009581	4	0	0	0	0	0	0	0	0	4
OG0009582	3	0	1	0	0	0	0	0	0	4
OG0009583	2	0	1	0	0	1	0	0	0	4
OG0009584	1	0	1	1	0	1	0	0	0	4
OG0009585	2	0	2	0	0	0	0	0	0	4
OG0009586	4	0	0	0	0	0	0	0	0	4
OG0009587	2	0	2	0	0	0	0	0	0	4
OG0009588	2	0	2	0	0	0	0	0	0	4
OG0009589	2	0	1	0	0	1	0	0	0	4
OG0009590	2	0	2	0	0	0	0	0	0	4
OG0009591	1	0	2	0	0	1	0	0	0	4
OG0009592	2	0	1	0	0	1	0	0	0	4
OG0009593	4	0	0	0	0	0	0	0	0	4
OG0009594	2	0	0	1	0	1	0	0	0	4
OG0009595	4	0	0	0	0	0	0	0	0	4
OG0009596	4	0	0	0	0	0	0	0	0	4
OG0009597	2	0	0	1	0	1	0	0	0	4
OG0009598	2	0	1	0	0	1	0	0	0	4
OG0009599	3	0	1	0	0	0	0	0	0	4
OG0009600	1	0	1	1	0	1	0	0	0	4
OG0009601	2	0	1	0	0	1	0	0	0	4
OG0009602	2	0	1	0	0	1	0	0	0	4
OG0009603	2	0	1	0	0	1	0	0	0	4
OG0009604	1	0	2	0	0	1	0	0	0	4
OG0009605	3	0	1	0	0	0	0	0	0	4
OG0009606	2	0	2	0	0	0	0	0	0	4
OG0009607	1	0	1	1	0	1	0	0	0	4
OG0009608	2	0	1	0	0	1	0	0	0	4
OG0009609	3	0	1	0	0	0	0	0	0	4
OG0009610	4	0	0	0	0	0	0	0	0	4
OG0009611	4	0	0	0	0	0	0	0	0	4
OG0009612	1	0	2	0	0	1	0	0	0	4
OG0009613	1	0	0	1	0	1	1	0	0	4
OG0009614	2	0	1	0	0	1	0	0	0	4
OG0009615	2	0	0	1	0	1	0	0	0	4
OG0009616	1	0	0	1	0	1	1	0	0	4
OG0009617	4	0	0	0	0	0	0	0	0	4
OG0009618	1	0	2	0	0	1	0	0	0	4
OG0009619	3	0	1	0	0	0	0	0	0	4
OG0009620	2	0	1	1	0	0	0	0	0	4
OG0009621	4	0	0	0	0	0	0	0	0	4
OG0009622	1	0	2	0	0	1	0	0	0	4
OG0009623	2	0	1	0	0	1	0	0	0	4
OG0009624	4	0	0	0	0	0	0	0	0	4
OG0009625	2	0	1	0	0	0	1	0	0	4
OG0009626	2	0	2	0	0	0	0	0	0	4
OG0009627	4	0	0	0	0	0	0	0	0	4
OG0009628	2	0	1	0	0	1	0	0	0	4
OG0009629	4	0	0	0	0	0	0	0	0	4
OG0009630	2	0	0	0	0	2	0	0	0	4
OG0009631	1	0	0	1	0	1	1	0	0	4
OG0009632	2	0	1	1	0	0	0	0	0	4
OG0009633	2	0	0	0	0	2	0	0	0	4
OG0009634	4	0	0	0	0	0	0	0	0	4
OG0009635	4	0	0	0	0	0	0	0	0	4
OG0009636	4	0	0	0	0	0	0	0	0	4
OG0009637	4	0	0	0	0	0	0	0	0	4
OG0009638	4	0	0	0	0	0	0	0	0	4
OG0009639	4	0	0	0	0	0	0	0	0	4
OG0009640	4	0	0	0	0	0	0	0	0	4
OG0009641	1	0	0	1	0	1	1	0	0	4
OG0009642	1	0	1	0	0	1	1	0	0	4
OG0009643	1	0	1	0	0	2	0	0	0	4
OG0009644	2	0	0	1	0	1	0	0	0	4
OG0009645	2	0	1	0	0	1	0	0	0	4
OG0009646	4	0	0	0	0	0	0	0	0	4
OG0009647	1	0	2	0	0	1	0	0	0	4
OG0009648	2	0	1	0	0	1	0	0	0	4
OG0009649	2	0	0	1	0	0	1	0	0	4
OG0009650	2	0	0	0	0	2	0	0	0	4
OG0009651	2	0	1	0	0	1	0	0	0	4
OG0009652	1	0	2	0	0	1	0	0	0	4
OG0009653	2	0	1	0	0	1	0	0	0	4
OG0009654	1	0	1	1	0	1	0	0	0	4
OG0009655	4	0	0	0	0	0	0	0	0	4
OG0009656	2	0	2	0	0	0	0	0	0	4
OG0009657	1	0	0	2	0	1	0	0	0	4
OG0009658	2	0	2	0	0	0	0	0	0	4
OG0009659	4	0	0	0	0	0	0	0	0	4
OG0009660	2	0	2	0	0	0	0	0	0	4
OG0009661	4	0	0	0	0	0	0	0	0	4
OG0009662	4	0	0	0	0	0	0	0	0	4
OG0009663	4	0	0	0	0	0	0	0	0	4
OG0009664	2	0	2	0	0	0	0	0	0	4
OG0009665	4	0	0	0	0	0	0	0	0	4
OG0009666	4	0	0	0	0	0	0	0	0	4
OG0009667	4	0	0	0	0	0	0	0	0	4
OG0009668	4	0	0	0	0	0	0	0	0	4
OG0009669	4	0	0	0	0	0	0	0	0	4
OG0009670	4	0	0	0	0	0	0	0	0	4
OG0009671	4	0	0	0	0	0	0	0	0	4
OG0009672	3	0	1	0	0	0	0	0	0	4
OG0009673	2	1	0	0	1	0	0	0	0	4
OG0009674	4	0	0	0	0	0	0	0	0	4
OG0009675	2	0	1	0	0	1	0	0	0	4
OG0009676	2	0	1	0	0	1	0	0	0	4
OG0009677	2	0	1	0	0	1	0	0	0	4
OG0009678	2	0	2	0	0	0	0	0	0	4
OG0009679	1	0	1	0	0	1	1	0	0	4
OG0009680	4	0	0	0	0	0	0	0	0	4
OG0009681	4	0	0	0	0	0	0	0	0	4
OG0009682	4	0	0	0	0	0	0	0	0	4
OG0009683	2	0	1	0	0	1	0	0	0	4
OG0009684	2	0	0	0	0	2	0	0	0	4
OG0009685	2	0	1	0	0	1	0	0	0	4
OG0009686	1	0	1	1	0	1	0	0	0	4
OG0009687	3	0	1	0	0	0	0	0	0	4
OG0009688	2	0	2	0	0	0	0	0	0	4
OG0009689	4	0	0	0	0	0	0	0	0	4
OG0009690	1	0	0	2	0	1	0	0	0	4
OG0009691	3	0	0	0	0	1	0	0	0	4
OG0009692	2	0	1	0	0	1	0	0	0	4
OG0009693	2	0	1	0	0	1	0	0	0	4
OG0009694	2	0	1	0	0	1	0	0	0	4
OG0009695	2	0	1	0	0	1	0	0	0	4
OG0009696	2	0	2	0	0	0	0	0	0	4
OG0009697	2	0	2	0	0	0	0	0	0	4
OG0009698	2	0	2	0	0	0	0	0	0	4
OG0009699	2	0	1	0	0	1	0	0	0	4
OG0009700	4	0	0	0	0	0	0	0	0	4
OG0009701	2	0	1	0	0	1	0	0	0	4
OG0009702	2	0	1	0	0	1	0	0	0	4
OG0009703	1	0	3	0	0	0	0	0	0	4
OG0009704	4	0	0	0	0	0	0	0	0	4
OG0009705	4	0	0	0	0	0	0	0	0	4
OG0009706	1	0	1	0	0	1	1	0	0	4
OG0009707	4	0	0	0	0	0	0	0	0	4
OG0009708	1	0	3	0	0	0	0	0	0	4
OG0009709	4	0	0	0	0	0	0	0	0	4
OG0009710	1	0	3	0	0	0	0	0	0	4
OG0009711	2	0	0	0	0	2	0	0	0	4
OG0009712	1	0	2	0	0	1	0	0	0	4
OG0009713	1	0	1	2	0	0	0	0	0	4
OG0009714	2	0	1	0	0	1	0	0	0	4
OG0009715	2	0	1	0	0	1	0	0	0	4
OG0009716	3	0	1	0	0	0	0	0	0	4
OG0009717	4	0	0	0	0	0	0	0	0	4
OG0009718	2	0	2	0	0	0	0	0	0	4
OG0009719	4	0	0	0	0	0	0	0	0	4
OG0009720	4	0	0	0	0	0	0	0	0	4
OG0009721	4	0	0	0	0	0	0	0	0	4
OG0009722	3	0	1	0	0	0	0	0	0	4
OG0009723	2	0	2	0	0	0	0	0	0	4
OG0009724	2	0	0	0	0	1	1	0	0	4
OG0009725	4	0	0	0	0	0	0	0	0	4
OG0009726	2	0	2	0	0	0	0	0	0	4
OG0009727	1	0	3	0	0	0	0	0	0	4
OG0009728	1	0	2	0	0	1	0	0	0	4
OG0009729	2	0	0	0	0	2	0	0	0	4
OG0009730	4	0	0	0	0	0	0	0	0	4
OG0009731	1	0	1	1	0	1	0	0	0	4
OG0009732	2	0	1	0	0	1	0	0	0	4
OG0009733	1	0	1	1	0	1	0	0	0	4
OG0009734	1	0	2	0	0	1	0	0	0	4
OG0009735	2	0	0	0	0	2	0	0	0	4
OG0009736	1	0	1	0	0	2	0	0	0	4
OG0009737	4	0	0	0	0	0	0	0	0	4
OG0009738	2	0	2	0	0	0	0	0	0	4
OG0009739	2	0	0	0	0	1	1	0	0	4
OG0009740	1	0	2	0	0	1	0	0	0	4
OG0009741	1	0	0	1	0	1	0	0	1	4
OG0009742	2	0	1	0	0	1	0	0	0	4
OG0009743	2	0	2	0	0	0	0	0	0	4
OG0009744	2	0	1	0	0	1	0	0	0	4
OG0009745	2	0	0	0	0	1	1	0	0	4
OG0009746	1	0	2	0	0	1	0	0	0	4
OG0009747	2	0	1	0	0	1	0	0	0	4
OG0009748	4	0	0	0	0	0	0	0	0	4
OG0009749	4	0	0	0	0	0	0	0	0	4
OG0009750	3	0	1	0	0	0	0	0	0	4
OG0009751	4	0	0	0	0	0	0	0	0	4
OG0009752	3	0	1	0	0	0	0	0	0	4
OG0009753	1	0	3	0	0	0	0	0	0	4
OG0009754	1	0	2	0	0	1	0	0	0	4
OG0009755	4	0	0	0	0	0	0	0	0	4
OG0009756	4	0	0	0	0	0	0	0	0	4
OG0009757	1	0	2	0	0	1	0	0	0	4
OG0009758	2	0	2	0	0	0	0	0	0	4
OG0009759	1	0	2	0	0	1	0	0	0	4
OG0009760	4	0	0	0	0	0	0	0	0	4
OG0009761	2	0	0	0	0	0	1	1	0	4
OG0009762	1	0	3	0	0	0	0	0	0	4
OG0009763	2	0	2	0	0	0	0	0	0	4
OG0009764	1	0	0	1	0	1	1	0	0	4
OG0009765	4	0	0	0	0	0	0	0	0	4
OG0009766	1	0	3	0	0	0	0	0	0	4
OG0009767	2	0	2	0	0	0	0	0	0	4
OG0009768	2	0	2	0	0	0	0	0	0	4
OG0009769	2	0	2	0	0	0	0	0	0	4
OG0009770	4	0	0	0	0	0	0	0	0	4
OG0009771	2	0	0	1	0	1	0	0	0	4
OG0009772	4	0	0	0	0	0	0	0	0	4
OG0009773	2	0	2	0	0	0	0	0	0	4
OG0009774	2	0	2	0	0	0	0	0	0	4
OG0009775	4	0	0	0	0	0	0	0	0	4
OG0009776	4	0	0	0	0	0	0	0	0	4
OG0009777	4	0	0	0	0	0	0	0	0	4
OG0009778	4	0	0	0	0	0	0	0	0	4
OG0009779	2	0	1	0	0	0	1	0	0	4
OG0009780	2	0	0	1	0	1	0	0	0	4
OG0009781	1	0	3	0	0	0	0	0	0	4
OG0009782	4	0	0	0	0	0	0	0	0	4
OG0009783	4	0	0	0	0	0	0	0	0	4
OG0009784	2	0	1	0	0	1	0	0	0	4
OG0009785	2	0	0	1	0	1	0	0	0	4
OG0009786	2	0	1	0	0	1	0	0	0	4
OG0009787	4	0	0	0	0	0	0	0	0	4
OG0009788	2	0	1	0	0	1	0	0	0	4
OG0009789	2	0	0	2	0	0	0	0	0	4
OG0009790	1	0	2	0	0	0	1	0	0	4
OG0009791	1	0	2	0	0	1	0	0	0	4
OG0009792	2	0	2	0	0	0	0	0	0	4
OG0009793	2	0	2	0	0	0	0	0	0	4
OG0009794	2	0	2	0	0	0	0	0	0	4
OG0009795	2	0	1	0	0	1	0	0	0	4
OG0009796	2	0	0	0	0	1	1	0	0	4
OG0009797	4	0	0	0	0	0	0	0	0	4
OG0009798	2	0	1	0	0	1	0	0	0	4
OG0009799	3	0	1	0	0	0	0	0	0	4
OG0009800	2	0	1	0	0	1	0	0	0	4
OG0009801	2	0	2	0	0	0	0	0	0	4
OG0009802	1	0	0	0	2	0	0	0	1	4
OG0009803	3	0	0	0	0	0	1	0	0	4
OG0009804	4	0	0	0	0	0	0	0	0	4
OG0009805	4	0	0	0	0	0	0	0	0	4
OG0009806	2	0	1	0	0	1	0	0	0	4
OG0009807	1	0	3	0	0	0	0	0	0	4
OG0009808	1	0	0	2	0	1	0	0	0	4
OG0009809	2	0	2	0	0	0	0	0	0	4
OG0009810	1	0	3	0	0	0	0	0	0	4
OG0009811	1	0	2	1	0	0	0	0	0	4
OG0009812	2	0	0	0	0	2	0	0	0	4
OG0009813	2	0	1	0	0	1	0	0	0	4
OG0009814	1	0	1	1	0	1	0	0	0	4
OG0009815	1	0	1	2	0	0	0	0	0	4
OG0009816	4	0	0	0	0	0	0	0	0	4
OG0009817	3	0	1	0	0	0	0	0	0	4
OG0009818	2	0	2	0	0	0	0	0	0	4
OG0009819	3	0	1	0	0	0	0	0	0	4
OG0009820	1	0	2	0	0	1	0	0	0	4
OG0009821	2	0	0	0	0	2	0	0	0	4
OG0009822	2	0	0	1	0	0	1	0	0	4
OG0009823	2	0	2	0	0	0	0	0	0	4
OG0009824	2	0	0	1	0	1	0	0	0	4
OG0009825	1	0	3	0	0	0	0	0	0	4
OG0009826	2	0	2	0	0	0	0	0	0	4
OG0009827	2	0	0	0	0	2	0	0	0	4
OG0009828	1	0	3	0	0	0	0	0	0	4
OG0009829	2	0	2	0	0	0	0	0	0	4
OG0009830	3	0	1	0	0	0	0	0	0	4
OG0009831	3	0	0	0	0	1	0	0	0	4
OG0009832	1	0	0	0	0	3	0	0	0	4
OG0009833	1	0	1	0	0	1	1	0	0	4
OG0009834	2	0	1	0	0	0	0	1	0	4
OG0009835	1	0	2	0	0	1	0	0	0	4
OG0009836	3	0	0	0	0	1	0	0	0	4
OG0009837	2	0	1	0	0	1	0	0	0	4
OG0009838	2	0	0	0	0	0	2	0	0	4
OG0009839	1	0	2	0	0	1	0	0	0	4
OG0009840	2	0	1	0	0	1	0	0	0	4
OG0009841	2	0	1	0	0	1	0	0	0	4
OG0009842	2	0	2	0	0	0	0	0	0	4
OG0009843	2	0	1	0	0	1	0	0	0	4
OG0009844	1	0	2	0	0	1	0	0	0	4
OG0009845	2	0	1	0	0	1	0	0	0	4
OG0009846	1	0	3	0	0	0	0	0	0	4
OG0009847	1	0	1	0	0	2	0	0	0	4
OG0009848	1	0	0	1	0	1	1	0	0	4
OG0009849	1	0	2	0	0	1	0	0	0	4
OG0009850	1	0	2	0	0	1	0	0	0	4
OG0009851	2	0	1	0	0	1	0	0	0	4
OG0009852	2	0	0	0	0	1	1	0	0	4
OG0009853	1	0	1	0	0	1	1	0	0	4
OG0009854	1	0	2	0	0	1	0	0	0	4
OG0009855	1	0	1	1	0	1	0	0	0	4
OG0009856	2	0	1	0	0	1	0	0	0	4
OG0009857	2	0	1	0	0	1	0	0	0	4
OG0009858	1	0	1	0	0	1	1	0	0	4
OG0009859	1	0	0	2	0	0	1	0	0	4
OG0009860	2	0	2	0	0	0	0	0	0	4
OG0009861	2	0	1	0	0	1	0	0	0	4
OG0009862	1	0	0	1	1	0	0	0	1	4
OG0009863	2	0	1	0	0	1	0	0	0	4
OG0009864	4	0	0	0	0	0	0	0	0	4
OG0009865	1	0	1	0	0	2	0	0	0	4
OG0009866	4	0	0	0	0	0	0	0	0	4
OG0009867	1	0	3	0	0	0	0	0	0	4
OG0009868	1	0	3	0	0	0	0	0	0	4
OG0009869	2	0	0	0	0	2	0	0	0	4
OG0009870	2	0	2	0	0	0	0	0	0	4
OG0009871	2	0	2	0	0	0	0	0	0	4
OG0009872	2	0	2	0	0	0	0	0	0	4
OG0009873	2	0	1	0	0	1	0	0	0	4
OG0009874	2	0	1	0	0	1	0	0	0	4
OG0009875	2	0	0	1	0	1	0	0	0	4
OG0009876	2	0	1	0	0	1	0	0	0	4
OG0009877	2	0	1	0	0	1	0	0	0	4
OG0009878	2	0	1	0	0	0	1	0	0	4
OG0009879	2	0	0	1	0	1	0	0	0	4
OG0009880	1	0	1	0	0	2	0	0	0	4
OG0009881	2	0	1	0	0	1	0	0	0	4
OG0009882	4	0	0	0	0	0	0	0	0	4
OG0009883	2	0	2	0	0	0	0	0	0	4
OG0009884	1	0	1	0	0	1	1	0	0	4
OG0009885	2	0	1	0	0	1	0	0	0	4
OG0009886	2	0	1	0	0	1	0	0	0	4
OG0009887	2	0	2	0	0	0	0	0	0	4
OG0009888	2	0	2	0	0	0	0	0	0	4
OG0009889	2	0	1	0	0	1	0	0	0	4
OG0009890	4	0	0	0	0	0	0	0	0	4
OG0009891	4	0	0	0	0	0	0	0	0	4
OG0009892	4	0	0	0	0	0	0	0	0	4
OG0009893	0	1	0	0	1	0	0	1	1	4
OG0009894	0	1	0	0	1	0	0	1	1	4
OG0009895	0	1	0	0	1	0	0	1	1	4
OG0009896	0	1	0	0	1	0	0	1	1	4
OG0009897	0	1	0	0	1	0	0	1	1	4
OG0009898	0	1	0	0	1	0	0	1	1	4
OG0009899	0	1	0	0	1	0	0	1	1	4
OG0009900	0	1	0	0	1	0	0	1	1	4
OG0009901	0	1	0	0	1	0	0	1	1	4
OG0009902	0	1	0	0	1	0	0	1	1	4
OG0009903	0	1	0	0	1	0	0	1	1	4
OG0009904	0	1	0	0	0	0	1	1	1	4
OG0009905	0	1	0	0	1	0	0	1	1	4
OG0009906	0	1	0	0	1	0	0	1	1	4
OG0009907	0	1	0	0	1	0	0	1	1	4
OG0009908	0	1	0	0	1	0	0	1	1	4
OG0009909	0	1	0	0	1	0	0	1	1	4
OG0009910	0	1	0	0	1	0	0	1	1	4
OG0009911	0	1	0	0	1	0	0	1	1	4
OG0009912	0	1	0	0	1	0	0	1	1	4
OG0009913	0	1	0	0	1	0	0	1	1	4
OG0009914	0	1	0	0	1	0	0	1	1	4
OG0009915	0	1	0	0	1	0	0	1	1	4
OG0009916	0	1	0	0	1	0	0	1	1	4
OG0009917	0	1	0	0	1	0	0	1	1	4
OG0009918	0	1	0	0	1	0	0	1	1	4
OG0009919	0	1	0	0	1	0	0	1	1	4
OG0009920	0	1	0	0	1	0	0	1	1	4
OG0009921	0	1	0	0	1	0	0	1	1	4
OG0009922	0	1	0	0	1	0	0	1	1	4
OG0009923	0	1	0	0	1	0	0	1	1	4
OG0009924	0	1	0	0	1	0	0	1	1	4
OG0009925	0	1	0	0	1	0	0	1	1	4
OG0009926	0	1	0	0	1	0	0	1	1	4
OG0009927	0	1	0	0	1	0	0	1	1	4
OG0009928	0	1	0	0	1	0	0	1	1	4
OG0009929	0	1	0	0	1	0	0	1	1	4
OG0009930	0	1	0	0	1	0	0	1	1	4
OG0009931	0	1	0	0	1	0	0	1	1	4
OG0009932	0	1	0	0	1	0	0	1	1	4
OG0009933	0	1	0	0	1	0	0	1	1	4
OG0009934	0	1	0	0	1	0	0	1	1	4
OG0009935	0	1	0	0	1	0	0	1	1	4
OG0009936	0	1	0	0	1	0	0	1	1	4
OG0009937	0	1	0	0	1	0	0	1	1	4
OG0009938	0	1	0	0	1	0	0	1	1	4
OG0009939	0	1	0	0	1	0	0	1	1	4
OG0009940	0	1	0	0	1	0	0	1	1	4
OG0009941	0	1	0	0	1	0	0	1	1	4
OG0009942	0	1	0	0	1	0	0	1	1	4
OG0009943	0	1	0	0	1	0	0	1	1	4
OG0009944	0	1	0	0	1	0	0	1	1	4
OG0009945	0	1	0	0	1	0	0	1	1	4
OG0009946	0	1	0	0	1	0	0	1	1	4
OG0009947	0	1	0	0	1	0	0	1	1	4
OG0009948	0	1	0	0	1	0	0	1	1	4
OG0009949	0	1	0	0	1	0	0	1	1	4
OG0009950	0	1	0	0	1	0	0	1	1	4
OG0009951	0	1	0	0	1	0	0	1	1	4
OG0009952	0	1	0	0	1	0	0	1	1	4
OG0009953	0	1	0	0	1	0	0	1	1	4
OG0009954	0	1	0	0	1	0	0	1	1	4
OG0009955	0	1	0	0	1	0	0	1	1	4
OG0009956	0	1	0	0	1	0	0	1	1	4
OG0009957	0	1	0	0	1	0	0	1	1	4
OG0009958	0	1	0	0	1	0	0	1	1	4
OG0009959	0	1	0	0	1	0	0	1	1	4
OG0009960	0	1	0	0	1	0	0	1	1	4
OG0009961	0	1	0	1	0	0	0	1	1	4
OG0009962	0	1	0	0	1	0	0	1	1	4
OG0009963	0	1	0	0	1	0	0	1	1	4
OG0009964	0	1	0	0	2	0	0	1	0	4
OG0009965	0	1	0	0	1	0	0	1	1	4
OG0009966	0	1	0	0	2	0	0	0	1	4
OG0009967	0	1	0	0	1	0	0	1	1	4
OG0009968	0	1	0	0	1	0	0	1	1	4
OG0009969	0	1	0	0	1	0	0	1	1	4
OG0009970	0	1	0	0	1	0	0	1	1	4
OG0009971	0	1	0	0	1	0	0	1	1	4
OG0009972	0	1	0	0	1	0	0	1	1	4
OG0009973	0	1	0	0	1	0	0	1	1	4
OG0009974	0	1	0	0	1	0	0	1	1	4
OG0009975	0	1	0	0	1	0	0	1	1	4
OG0009976	0	1	0	0	1	0	0	1	1	4
OG0009977	0	1	0	0	1	0	0	1	1	4
OG0009978	0	1	0	0	1	0	0	1	1	4
OG0009979	0	1	0	0	1	0	0	1	1	4
OG0009980	0	1	0	0	1	0	0	1	1	4
OG0009981	0	1	0	0	1	0	0	1	1	4
OG0009982	0	1	0	0	1	0	0	1	1	4
OG0009983	0	1	0	0	1	0	0	1	1	4
OG0009984	0	1	0	0	1	0	0	1	1	4
OG0009985	0	1	0	0	1	0	0	1	1	4
OG0009986	0	1	0	0	1	0	0	1	1	4
OG0009987	0	1	0	0	1	0	0	1	1	4
OG0009988	0	1	0	0	1	0	0	1	1	4
OG0009989	0	1	0	0	1	0	0	1	1	4
OG0009990	0	1	0	0	1	0	0	1	1	4
OG0009991	0	1	0	0	1	0	0	1	1	4
OG0009992	0	1	0	0	1	0	0	1	1	4
OG0009993	0	1	0	0	1	0	0	1	1	4
OG0009994	0	1	0	0	1	0	0	1	1	4
OG0009995	0	1	0	0	1	0	0	1	1	4
OG0009996	0	1	0	0	1	0	0	1	1	4
OG0009997	0	1	0	0	1	0	0	1	1	4
OG0009998	0	1	0	0	1	0	0	1	1	4
OG0009999	0	1	0	0	1	0	0	1	1	4
OG0010000	0	1	0	0	1	0	0	1	1	4
OG0010001	0	1	0	0	1	0	0	1	1	4
OG0010002	0	1	0	0	1	0	0	1	1	4
OG0010003	0	1	0	0	1	0	0	1	1	4
OG0010004	0	1	0	0	1	0	0	1	1	4
OG0010005	0	1	0	0	1	0	0	1	1	4
OG0010006	0	1	0	0	1	0	0	1	1	4
OG0010007	0	1	0	0	1	0	0	1	1	4
OG0010008	0	1	0	0	1	0	0	1	1	4
OG0010009	0	1	0	0	1	0	0	1	1	4
OG0010010	0	1	0	0	2	0	0	0	1	4
OG0010011	0	1	0	0	1	0	0	1	1	4
OG0010012	0	1	0	0	1	0	0	1	1	4
OG0010013	0	1	0	0	1	0	0	1	1	4
OG0010014	0	1	0	0	1	0	0	1	1	4
OG0010015	0	1	0	0	1	0	0	1	1	4
OG0010016	0	1	0	0	1	0	0	1	1	4
OG0010017	0	1	0	0	1	0	0	1	1	4
OG0010018	0	1	0	0	1	0	0	1	1	4
OG0010019	0	1	0	0	1	0	0	1	1	4
OG0010020	0	1	0	0	1	0	0	1	1	4
OG0010021	0	1	0	0	1	0	0	1	1	4
OG0010022	0	1	0	0	1	0	0	1	1	4
OG0010023	0	1	0	0	1	0	0	1	1	4
OG0010024	0	1	0	0	1	0	0	1	1	4
OG0010025	0	1	0	0	1	0	0	1	1	4
OG0010026	0	1	0	0	0	0	0	1	2	4
OG0010027	0	1	0	0	1	0	1	0	1	4
OG0010028	0	1	0	0	1	0	0	1	1	4
OG0010029	0	1	0	0	1	0	0	1	1	4
OG0010030	0	1	0	0	1	0	0	1	1	4
OG0010031	0	1	0	0	1	0	0	1	1	4
OG0010032	0	1	0	0	1	0	0	1	1	4
OG0010033	0	1	0	0	1	0	0	1	1	4
OG0010034	0	1	0	0	1	0	0	1	1	4
OG0010035	0	1	0	0	1	0	0	1	1	4
OG0010036	0	1	0	0	1	0	0	1	1	4
OG0010037	0	1	0	0	1	0	0	1	1	4
OG0010038	0	1	0	0	0	0	1	1	1	4
OG0010039	0	1	0	0	1	0	0	1	1	4
OG0010040	0	1	0	0	1	0	0	1	1	4
OG0010041	0	1	0	0	1	0	0	1	1	4
OG0010042	0	1	0	0	1	0	0	1	1	4
OG0010043	0	1	0	0	1	0	0	1	1	4
OG0010044	0	1	0	0	1	0	0	1	1	4
OG0010045	0	1	0	0	1	0	0	1	1	4
OG0010046	0	1	0	0	1	0	0	1	1	4
OG0010047	0	1	0	0	1	0	0	1	1	4
OG0010048	0	1	0	0	1	0	0	1	1	4
OG0010049	0	1	0	0	1	0	0	1	1	4
OG0010050	0	1	0	0	1	0	0	1	1	4
OG0010051	0	1	0	0	1	0	0	1	1	4
OG0010052	0	1	0	0	1	0	0	1	1	4
OG0010053	0	1	0	0	1	0	0	1	1	4
OG0010054	0	1	0	0	1	0	0	1	1	4
OG0010055	0	1	0	0	1	0	0	1	1	4
OG0010056	0	1	0	0	1	0	0	1	1	4
OG0010057	0	1	0	0	1	0	0	1	1	4
OG0010058	0	1	0	0	1	0	0	1	1	4
OG0010059	0	1	0	0	1	0	0	1	1	4
OG0010060	0	1	0	0	1	0	0	1	1	4
OG0010061	0	1	0	0	1	0	0	1	1	4
OG0010062	0	1	0	0	1	0	0	1	1	4
OG0010063	0	1	0	0	1	0	0	1	1	4
OG0010064	0	1	0	0	1	0	0	1	1	4
OG0010065	0	1	0	0	1	0	0	1	1	4
OG0010066	0	1	0	0	1	0	0	1	1	4
OG0010067	0	1	0	0	1	0	0	1	1	4
OG0010068	0	1	0	0	1	0	0	1	1	4
OG0010069	0	1	0	0	1	0	0	1	1	4
OG0010070	0	1	0	0	1	0	0	1	1	4
OG0010071	0	1	0	0	1	0	0	1	1	4
OG0010072	0	1	0	0	1	0	0	1	1	4
OG0010073	0	1	0	0	1	0	0	1	1	4
OG0010074	0	1	0	0	1	0	0	1	1	4
OG0010075	0	1	0	0	1	0	0	1	1	4
OG0010076	0	1	0	0	1	0	0	1	1	4
OG0010077	0	1	0	0	1	0	0	1	1	4
OG0010078	0	1	0	0	1	0	0	1	1	4
OG0010079	0	1	0	0	1	0	0	1	1	4
OG0010080	0	1	0	0	1	0	0	1	1	4
OG0010081	0	1	0	0	1	0	0	1	1	4
OG0010082	0	1	0	0	1	0	0	1	1	4
OG0010083	0	1	0	0	1	0	0	1	1	4
OG0010084	0	1	0	0	1	0	0	1	1	4
OG0010085	0	1	0	0	1	0	0	1	1	4
OG0010086	0	1	0	0	1	0	0	1	1	4
OG0010087	0	1	0	0	1	0	0	1	1	4
OG0010088	0	1	0	0	1	0	0	1	1	4
OG0010089	0	1	0	0	1	0	0	1	1	4
OG0010090	0	1	0	0	1	0	0	1	1	4
OG0010091	0	1	0	0	1	0	0	1	1	4
OG0010092	0	1	0	0	1	0	0	1	1	4
OG0010093	0	1	0	0	1	0	0	1	1	4
OG0010094	0	1	0	0	1	0	0	1	1	4
OG0010095	0	1	0	0	1	0	0	1	1	4
OG0010096	0	1	0	0	1	0	0	1	1	4
OG0010097	0	1	0	0	1	0	0	1	1	4
OG0010098	0	1	0	0	1	0	0	1	1	4
OG0010099	0	1	0	0	1	0	0	1	1	4
OG0010100	0	1	0	0	1	0	0	1	1	4
OG0010101	0	1	0	0	1	0	0	1	1	4
OG0010102	0	1	0	0	1	0	0	1	1	4
OG0010103	0	1	0	0	1	0	0	1	1	4
OG0010104	0	1	0	0	1	0	0	1	1	4
OG0010105	0	1	0	0	1	0	0	1	1	4
OG0010106	0	1	0	0	1	0	0	1	1	4
OG0010107	0	1	0	0	1	0	0	1	1	4
OG0010108	0	1	0	0	1	0	0	1	1	4
OG0010109	0	1	0	0	1	0	0	1	1	4
OG0010110	0	1	0	0	1	0	0	1	1	4
OG0010111	0	1	0	0	1	0	0	1	1	4
OG0010112	0	1	0	0	1	0	0	1	1	4
OG0010113	0	1	0	0	1	0	0	1	1	4
OG0010114	0	1	0	0	0	0	0	2	1	4
OG0010115	0	1	0	0	1	0	0	1	1	4
OG0010116	0	1	0	0	1	0	0	1	1	4
OG0010117	0	1	0	0	1	0	0	1	1	4
OG0010118	0	1	0	0	1	0	0	1	1	4
OG0010119	0	1	0	0	1	0	0	1	1	4
OG0010120	0	1	0	0	1	0	0	1	1	4
OG0010121	0	1	0	0	1	0	0	1	1	4
OG0010122	0	1	0	0	1	0	0	1	1	4
OG0010123	0	2	0	0	2	0	0	0	0	4
OG0010124	0	1	0	0	1	0	0	1	1	4
OG0010125	0	1	0	0	1	1	0	1	0	4
OG0010126	0	1	0	0	1	0	0	1	1	4
OG0010127	0	1	0	0	1	0	0	1	1	4
OG0010128	0	1	0	0	1	0	0	1	1	4
OG0010129	0	1	0	0	1	0	0	1	1	4
OG0010130	0	1	0	0	1	0	0	1	1	4
OG0010131	0	1	0	0	1	0	0	1	1	4
OG0010132	0	1	0	0	1	0	0	1	1	4
OG0010133	0	1	0	0	1	0	0	1	1	4
OG0010134	0	1	0	0	1	0	0	1	1	4
OG0010135	0	1	0	0	1	0	0	1	1	4
OG0010136	0	1	0	0	1	0	0	1	1	4
OG0010137	0	1	0	0	1	0	0	1	1	4
OG0010138	0	1	0	0	1	0	0	1	1	4
OG0010139	0	1	0	0	1	0	0	1	1	4
OG0010140	0	1	0	0	1	0	0	1	1	4
OG0010141	0	1	0	0	1	0	0	1	1	4
OG0010142	0	1	0	0	1	0	0	1	1	4
OG0010143	0	1	0	0	1	0	0	1	1	4
OG0010144	0	1	0	0	1	0	0	1	1	4
OG0010145	0	1	0	0	1	0	0	1	1	4
OG0010146	0	1	0	0	1	0	0	1	1	4
OG0010147	0	1	0	0	1	0	0	1	1	4
OG0010148	0	1	0	0	1	0	0	1	1	4
OG0010149	0	1	0	0	1	0	0	1	1	4
OG0010150	0	1	0	0	1	0	0	1	1	4
OG0010151	0	1	0	0	1	0	0	1	1	4
OG0010152	0	1	0	0	1	0	0	1	1	4
OG0010153	0	1	0	0	1	0	0	1	1	4
OG0010154	0	1	0	0	1	0	0	1	1	4
OG0010155	0	1	0	0	1	0	0	1	1	4
OG0010156	0	1	0	0	1	0	0	1	1	4
OG0010157	0	1	0	0	1	0	0	1	1	4
OG0010158	0	1	0	0	1	0	0	1	1	4
OG0010159	0	1	0	0	1	0	0	1	1	4
OG0010160	0	1	0	0	1	0	0	1	1	4
OG0010161	0	1	0	0	1	0	0	1	1	4
OG0010162	0	1	0	0	1	0	0	1	1	4
OG0010163	0	1	0	0	1	0	0	1	1	4
OG0010164	0	1	1	0	0	0	0	1	1	4
OG0010165	0	1	0	0	1	0	0	1	1	4
OG0010166	0	1	0	1	0	0	0	1	1	4
OG0010167	0	1	0	0	1	0	0	1	1	4
OG0010168	0	1	0	0	1	0	0	1	1	4
OG0010169	0	1	0	0	1	0	0	1	1	4
OG0010170	0	1	0	0	1	0	0	1	1	4
OG0010171	0	1	0	0	1	0	0	1	1	4
OG0010172	0	1	0	0	1	0	0	1	1	4
OG0010173	0	1	0	0	1	0	0	1	1	4
OG0010174	0	1	0	0	1	0	0	1	1	4
OG0010175	0	1	0	0	1	0	0	1	1	4
OG0010176	0	1	0	0	1	0	0	1	1	4
OG0010177	0	1	0	0	1	0	0	1	1	4
OG0010178	0	1	0	0	1	0	0	1	1	4
OG0010179	0	1	0	0	1	0	0	1	1	4
OG0010180	0	1	0	0	1	0	0	1	1	4
OG0010181	0	1	0	0	1	0	0	1	1	4
OG0010182	0	1	0	0	1	0	0	1	1	4
OG0010183	0	1	0	0	1	0	0	1	1	4
OG0010184	0	1	0	0	0	1	0	1	1	4
OG0010185	0	1	0	0	1	0	0	1	1	4
OG0010186	0	1	0	0	1	0	0	1	1	4
OG0010187	0	1	0	0	1	0	0	1	1	4
OG0010188	0	1	0	0	1	0	0	1	1	4
OG0010189	0	1	0	0	1	0	0	1	1	4
OG0010190	0	1	0	0	1	0	0	1	1	4
OG0010191	0	1	0	0	1	0	0	1	1	4
OG0010192	0	1	0	0	1	0	0	1	1	4
OG0010193	0	1	0	0	0	1	0	1	1	4
OG0010194	0	1	0	0	1	0	0	1	1	4
OG0010195	0	1	0	0	1	0	0	1	1	4
OG0010196	0	1	0	0	1	0	0	1	1	4
OG0010197	0	1	0	0	1	0	0	1	1	4
OG0010198	0	1	0	0	1	0	0	1	1	4
OG0010199	0	1	0	0	1	0	0	1	1	4
OG0010200	0	1	0	0	1	0	0	1	1	4
OG0010201	0	1	0	0	1	0	0	1	1	4
OG0010202	0	1	0	0	1	0	0	1	1	4
OG0010203	0	1	0	0	1	0	0	1	1	4
OG0010204	0	1	0	0	1	0	0	1	1	4
OG0010205	0	1	0	0	0	0	0	2	1	4
OG0010206	0	1	0	0	1	0	0	1	1	4
OG0010207	0	1	0	0	1	0	0	1	1	4
OG0010208	0	1	0	0	1	0	0	1	1	4
OG0010209	0	1	0	0	1	0	0	1	1	4
OG0010210	0	1	0	0	1	0	0	1	1	4
OG0010211	0	1	0	0	1	0	0	1	1	4
OG0010212	0	1	0	0	1	0	0	1	1	4
OG0010213	0	1	0	0	1	0	0	1	1	4
OG0010214	0	1	0	0	1	0	0	1	1	4
OG0010215	0	1	0	0	0	1	0	1	1	4
OG0010216	0	1	0	0	1	0	0	1	1	4
OG0010217	0	1	0	0	1	0	0	1	1	4
OG0010218	0	1	0	0	1	0	0	1	1	4
OG0010219	0	1	0	0	1	0	0	1	1	4
OG0010220	0	1	0	0	1	0	0	1	1	4
OG0010221	0	1	0	0	1	0	0	1	1	4
OG0010222	0	3	0	0	1	0	0	0	0	4
OG0010223	0	1	0	0	1	0	0	1	1	4
OG0010224	0	1	0	0	1	0	0	1	1	4
OG0010225	0	1	0	0	1	0	0	1	1	4
OG0010226	0	1	0	0	1	0	0	1	1	4
OG0010227	0	1	0	0	1	0	0	1	1	4
OG0010228	0	1	0	0	1	0	0	1	1	4
OG0010229	0	1	0	0	1	0	0	1	1	4
OG0010230	0	1	0	0	1	0	0	1	1	4
OG0010231	0	1	0	0	1	0	0	1	1	4
OG0010232	0	1	0	0	1	0	0	1	1	4
OG0010233	0	1	0	0	2	0	0	1	0	4
OG0010234	0	1	0	0	1	0	0	1	1	4
OG0010235	0	1	0	0	1	0	0	1	1	4
OG0010236	0	1	0	0	1	0	0	1	1	4
OG0010237	0	1	0	0	1	0	0	1	1	4
OG0010238	0	1	0	0	1	0	0	1	1	4
OG0010239	0	1	0	0	1	0	0	1	1	4
OG0010240	0	1	0	0	1	0	0	1	1	4
OG0010241	0	1	0	0	1	0	0	1	1	4
OG0010242	0	1	0	0	1	0	0	1	1	4
OG0010243	0	1	0	0	1	0	0	1	1	4
OG0010244	0	1	0	0	1	0	0	1	1	4
OG0010245	0	1	0	0	1	0	0	1	1	4
OG0010246	0	1	0	0	1	0	0	1	1	4
OG0010247	0	1	0	0	1	0	0	1	1	4
OG0010248	0	1	0	0	1	0	0	1	1	4
OG0010249	0	1	0	0	1	0	0	1	1	4
OG0010250	0	1	0	0	1	0	0	1	1	4
OG0010251	0	1	0	0	1	0	0	1	1	4
OG0010252	0	1	0	0	1	0	0	1	1	4
OG0010253	0	1	0	0	1	1	0	0	1	4
OG0010254	0	1	0	0	1	0	0	1	1	4
OG0010255	0	1	0	0	1	0	0	1	1	4
OG0010256	0	1	0	0	1	0	0	1	1	4
OG0010257	0	1	0	0	1	0	0	1	1	4
OG0010258	0	1	0	0	1	0	0	1	1	4
OG0010259	0	1	0	0	1	0	0	1	1	4
OG0010260	0	1	0	0	1	0	0	1	1	4
OG0010261	0	1	0	0	1	0	0	1	1	4
OG0010262	0	1	0	0	1	0	0	1	1	4
OG0010263	0	1	0	0	1	0	0	1	1	4
OG0010264	0	1	0	0	1	0	0	1	1	4
OG0010265	0	1	0	0	1	0	0	1	1	4
OG0010266	0	1	0	0	1	0	0	1	1	4
OG0010267	0	1	0	0	2	0	0	0	1	4
OG0010268	0	1	0	0	1	0	0	1	1	4
OG0010269	0	1	0	0	1	0	0	1	1	4
OG0010270	0	1	0	0	1	0	0	1	1	4
OG0010271	0	1	0	0	1	0	0	1	1	4
OG0010272	0	1	0	0	1	0	0	1	1	4
OG0010273	0	1	0	0	1	0	0	1	1	4
OG0010274	0	1	0	0	1	0	0	1	1	4
OG0010275	0	1	0	0	1	0	0	1	1	4
OG0010276	0	1	0	0	1	0	0	1	1	4
OG0010277	0	1	0	0	1	0	0	1	1	4
OG0010278	0	1	0	0	1	0	0	1	1	4
OG0010279	0	1	0	0	1	0	0	1	1	4
OG0010280	0	1	0	0	1	0	0	1	1	4
OG0010281	0	1	0	0	1	0	0	1	1	4
OG0010282	0	1	0	0	1	0	0	1	1	4
OG0010283	0	1	0	0	1	0	0	1	1	4
OG0010284	0	1	0	0	1	0	0	1	1	4
OG0010285	0	1	0	0	1	0	0	1	1	4
OG0010286	0	1	0	0	1	0	0	1	1	4
OG0010287	0	1	0	0	1	0	0	1	1	4
OG0010288	0	1	0	0	1	0	0	1	1	4
OG0010289	0	1	0	0	1	0	0	1	1	4
OG0010290	0	1	0	0	1	0	0	1	1	4
OG0010291	0	1	0	0	1	0	0	1	1	4
OG0010292	0	1	0	0	1	0	0	1	1	4
OG0010293	0	1	0	0	1	0	0	1	1	4
OG0010294	0	1	0	0	1	0	0	1	1	4
OG0010295	0	1	0	0	1	0	0	1	1	4
OG0010296	0	1	0	0	1	0	0	1	1	4
OG0010297	0	1	0	0	1	0	0	1	1	4
OG0010298	0	1	0	0	1	0	0	1	1	4
OG0010299	0	2	0	0	0	0	0	1	1	4
OG0010300	0	1	0	0	1	0	0	1	1	4
OG0010301	0	1	0	0	1	0	0	1	1	4
OG0010302	0	1	0	0	1	0	0	1	1	4
OG0010303	0	1	0	0	1	0	0	1	1	4
OG0010304	0	1	0	0	1	0	0	1	1	4
OG0010305	0	1	0	0	1	0	0	1	1	4
OG0010306	0	1	0	0	1	0	0	1	1	4
OG0010307	0	1	0	0	1	0	0	1	1	4
OG0010308	0	1	0	0	1	0	0	1	1	4
OG0010309	0	1	0	0	1	0	0	1	1	4
OG0010310	0	1	0	0	1	0	0	1	1	4
OG0010311	0	1	0	0	1	0	0	1	1	4
OG0010312	0	1	0	0	1	0	0	1	1	4
OG0010313	0	1	0	0	1	0	0	1	1	4
OG0010314	0	1	0	0	1	0	0	1	1	4
OG0010315	0	1	0	0	1	0	0	1	1	4
OG0010316	0	1	0	0	1	0	0	1	1	4
OG0010317	0	1	0	0	1	0	0	1	1	4
OG0010318	0	1	0	0	1	0	0	1	1	4
OG0010319	0	1	0	0	1	0	0	1	1	4
OG0010320	0	1	0	0	1	0	0	1	1	4
OG0010321	0	1	0	0	1	0	0	1	1	4
OG0010322	0	1	0	0	1	0	0	1	1	4
OG0010323	0	1	0	0	1	0	0	1	1	4
OG0010324	0	1	0	0	1	0	0	1	1	4
OG0010325	0	1	0	0	1	0	0	1	1	4
OG0010326	0	1	0	0	1	0	0	1	1	4
OG0010327	0	1	0	0	1	0	0	1	1	4
OG0010328	0	1	0	0	1	0	0	1	1	4
OG0010329	0	1	0	0	1	0	0	1	1	4
OG0010330	0	1	0	0	1	0	0	1	1	4
OG0010331	0	1	0	0	1	0	0	1	1	4
OG0010332	0	1	0	0	1	0	0	1	1	4
OG0010333	0	1	0	0	1	0	0	1	1	4
OG0010334	0	1	0	0	1	0	1	1	0	4
OG0010335	0	1	0	0	1	0	0	1	1	4
OG0010336	0	1	0	0	1	0	0	1	1	4
OG0010337	0	1	0	0	1	0	0	1	1	4
OG0010338	0	1	0	0	1	0	0	1	1	4
OG0010339	0	1	0	0	1	0	0	1	1	4
OG0010340	0	1	0	0	1	0	0	1	1	4
OG0010341	0	1	0	0	1	0	0	1	1	4
OG0010342	0	1	0	0	1	0	0	1	1	4
OG0010343	0	1	0	0	1	0	0	1	1	4
OG0010344	0	1	0	0	1	0	0	1	1	4
OG0010345	0	1	0	0	1	0	0	1	1	4
OG0010346	0	1	0	0	1	0	0	1	1	4
OG0010347	0	1	0	0	1	0	0	1	1	4
OG0010348	0	1	0	0	1	0	0	1	1	4
OG0010349	0	1	0	0	1	0	0	1	1	4
OG0010350	0	1	0	0	1	0	0	1	1	4
OG0010351	0	1	0	0	1	0	0	1	1	4
OG0010352	0	1	0	0	1	0	0	1	1	4
OG0010353	0	1	0	0	1	0	0	1	1	4
OG0010354	0	1	0	0	1	0	0	1	1	4
OG0010355	0	1	0	0	1	0	0	1	1	4
OG0010356	0	1	0	0	1	0	0	1	1	4
OG0010357	0	1	0	0	1	0	0	1	1	4
OG0010358	0	1	0	0	0	0	0	1	2	4
OG0010359	0	1	0	0	1	0	0	1	1	4
OG0010360	0	1	0	0	1	0	0	1	1	4
OG0010361	0	1	0	0	1	0	0	1	1	4
OG0010362	0	1	0	0	1	0	0	1	1	4
OG0010363	0	1	0	0	1	0	0	1	1	4
OG0010364	0	1	0	0	1	0	0	1	1	4
OG0010365	0	1	0	0	1	0	0	1	1	4
OG0010366	0	1	0	0	1	0	0	1	1	4
OG0010367	0	1	0	0	1	0	0	1	1	4
OG0010368	0	1	0	0	1	0	0	1	1	4
OG0010369	0	1	0	0	1	0	0	1	1	4
OG0010370	0	1	0	0	1	0	0	1	1	4
OG0010371	0	1	0	0	1	0	0	1	1	4
OG0010372	0	1	0	0	1	0	0	1	1	4
OG0010373	0	1	0	0	1	0	0	1	1	4
OG0010374	0	1	0	0	1	0	0	1	1	4
OG0010375	0	1	0	0	1	0	0	1	1	4
OG0010376	0	1	0	0	1	0	0	1	1	4
OG0010377	0	1	0	0	1	0	0	1	1	4
OG0010378	0	1	0	0	1	0	0	1	1	4
OG0010379	0	1	0	0	1	0	0	1	1	4
OG0010380	0	1	0	0	1	0	0	1	1	4
OG0010381	0	1	0	0	1	0	0	1	1	4
OG0010382	0	1	0	0	1	0	0	1	1	4
OG0010383	0	1	0	0	1	0	0	1	1	4
OG0010384	0	1	0	0	1	0	0	1	1	4
OG0010385	0	1	0	0	1	0	0	1	1	4
OG0010386	0	1	0	0	1	0	0	1	1	4
OG0010387	0	1	0	0	1	0	0	1	1	4
OG0010388	0	1	0	0	1	0	0	1	1	4
OG0010389	0	1	0	0	1	0	0	1	1	4
OG0010390	0	1	0	0	1	0	0	1	1	4
OG0010391	0	1	0	1	0	0	0	1	1	4
OG0010392	0	1	0	0	1	0	0	1	1	4
OG0010393	0	1	0	0	1	0	0	1	1	4
OG0010394	0	1	0	0	1	0	0	1	1	4
OG0010395	0	1	0	0	1	0	0	1	1	4
OG0010396	0	1	0	0	1	0	0	1	1	4
OG0010397	0	1	0	0	1	0	0	1	1	4
OG0010398	0	1	0	0	1	0	0	1	1	4
OG0010399	0	1	0	0	1	0	0	1	1	4
OG0010400	0	1	0	0	1	0	0	1	1	4
OG0010401	0	1	0	0	1	0	0	1	1	4
OG0010402	0	1	0	0	1	0	0	1	1	4
OG0010403	0	1	0	0	1	0	0	1	1	4
OG0010404	0	1	0	0	1	0	0	1	1	4
OG0010405	0	1	0	0	1	0	0	1	1	4
OG0010406	0	1	0	0	1	0	0	1	1	4
OG0010407	0	1	0	0	1	0	0	1	1	4
OG0010408	0	1	0	0	1	0	0	1	1	4
OG0010409	0	1	0	0	1	0	0	1	1	4
OG0010410	0	1	0	0	1	0	0	1	1	4
OG0010411	0	1	0	0	1	0	0	1	1	4
OG0010412	0	1	0	0	1	0	0	1	1	4
OG0010413	0	1	0	0	1	0	0	1	1	4
OG0010414	0	1	0	0	1	0	0	1	1	4
OG0010415	0	1	0	0	1	0	0	1	1	4
OG0010416	0	1	0	0	1	0	0	1	1	4
OG0010417	0	1	0	0	1	0	0	1	1	4
OG0010418	0	1	0	0	1	0	0	1	1	4
OG0010419	0	1	0	0	0	0	1	1	1	4
OG0010420	0	1	0	0	1	0	0	1	1	4
OG0010421	0	1	0	0	1	0	0	1	1	4
OG0010422	0	1	0	0	1	0	0	1	1	4
OG0010423	0	1	0	0	1	0	0	1	1	4
OG0010424	0	1	0	0	1	0	0	1	1	4
OG0010425	0	1	0	0	1	0	0	1	1	4
OG0010426	0	1	0	0	1	0	0	1	1	4
OG0010427	0	1	0	0	1	0	0	1	1	4
OG0010428	0	1	0	0	1	0	0	1	1	4
OG0010429	0	1	0	0	1	0	0	1	1	4
OG0010430	0	1	0	0	1	0	0	1	1	4
OG0010431	0	1	0	0	1	0	0	1	1	4
OG0010432	0	1	0	0	1	0	0	1	1	4
OG0010433	0	1	0	0	1	0	0	1	1	4
OG0010434	0	1	0	0	1	0	0	1	1	4
OG0010435	0	1	0	0	1	0	0	1	1	4
OG0010436	0	1	0	0	1	0	0	1	1	4
OG0010437	0	1	0	0	1	0	0	1	1	4
OG0010438	0	1	0	0	1	0	0	1	1	4
OG0010439	0	1	0	0	1	0	0	1	1	4
OG0010440	0	1	0	0	1	0	0	1	1	4
OG0010441	0	1	0	0	1	0	0	1	1	4
OG0010442	0	1	0	0	1	0	0	1	1	4
OG0010443	0	1	0	0	1	0	0	1	1	4
OG0010444	0	1	0	0	1	0	0	1	1	4
OG0010445	0	1	0	0	1	0	0	1	1	4
OG0010446	0	1	0	0	1	0	0	1	1	4
OG0010447	0	1	0	0	1	0	0	1	1	4
OG0010448	0	1	0	0	1	0	0	1	1	4
OG0010449	0	1	0	0	1	0	0	1	1	4
OG0010450	0	1	0	0	1	0	0	1	1	4
OG0010451	0	1	0	0	1	0	0	1	1	4
OG0010452	0	1	0	0	1	0	0	1	1	4
OG0010453	0	1	0	0	1	0	0	1	1	4
OG0010454	0	1	0	0	1	0	0	1	1	4
OG0010455	0	1	0	0	1	0	0	1	1	4
OG0010456	0	1	0	0	1	0	0	1	1	4
OG0010457	0	1	0	0	1	0	0	1	1	4
OG0010458	0	1	0	0	1	0	0	1	1	4
OG0010459	0	1	0	0	1	0	0	1	1	4
OG0010460	0	1	0	0	1	0	0	1	1	4
OG0010461	0	1	0	0	1	0	0	1	1	4
OG0010462	0	1	0	0	1	0	0	1	1	4
OG0010463	0	1	0	0	1	0	0	1	1	4
OG0010464	0	1	0	0	1	0	0	1	1	4
OG0010465	0	1	0	0	1	0	0	1	1	4
OG0010466	0	1	0	0	1	0	0	1	1	4
OG0010467	0	1	0	0	1	0	0	1	1	4
OG0010468	0	1	0	0	1	0	0	1	1	4
OG0010469	0	1	0	0	1	0	0	1	1	4
OG0010470	0	1	0	0	1	0	0	1	1	4
OG0010471	0	1	0	0	1	0	0	1	1	4
OG0010472	0	1	0	0	1	0	0	1	1	4
OG0010473	0	1	0	0	1	0	0	1	1	4
OG0010474	0	1	0	0	1	0	0	1	1	4
OG0010475	0	1	0	0	1	0	0	1	1	4
OG0010476	0	1	0	0	1	0	0	1	1	4
OG0010477	0	1	0	0	1	0	0	1	1	4
OG0010478	0	1	0	0	1	0	0	1	1	4
OG0010479	0	1	0	0	1	0	0	1	1	4
OG0010480	0	1	0	0	1	0	0	1	1	4
OG0010481	0	1	0	0	1	0	0	1	1	4
OG0010482	0	1	0	0	1	0	0	1	1	4
OG0010483	0	1	0	0	1	0	0	1	1	4
OG0010484	0	1	0	0	1	0	0	1	1	4
OG0010485	0	1	0	0	1	0	0	1	1	4
OG0010486	0	1	0	0	1	0	0	1	1	4
OG0010487	0	1	0	0	1	0	0	1	1	4
OG0010488	0	1	0	0	1	0	0	1	1	4
OG0010489	0	1	0	0	1	0	0	1	1	4
OG0010490	0	1	0	0	1	0	0	1	1	4
OG0010491	0	1	0	0	1	0	0	1	1	4
OG0010492	0	1	0	0	1	0	0	1	1	4
OG0010493	0	1	0	0	1	0	0	1	1	4
OG0010494	0	1	0	0	1	0	0	1	1	4
OG0010495	0	1	0	0	1	0	0	1	1	4
OG0010496	0	1	0	0	1	0	0	1	1	4
OG0010497	0	1	0	0	1	0	0	1	1	4
OG0010498	0	1	0	0	1	0	0	1	1	4
OG0010499	0	1	0	1	0	0	0	1	1	4
OG0010500	0	1	0	0	1	0	0	1	1	4
OG0010501	0	1	0	0	1	0	0	1	1	4
OG0010502	0	1	0	0	1	0	0	1	1	4
OG0010503	0	1	0	0	1	0	0	1	1	4
OG0010504	0	1	0	0	1	0	0	1	1	4
OG0010505	0	1	0	0	1	0	0	1	1	4
OG0010506	0	1	0	0	1	0	0	1	1	4
OG0010507	0	1	0	0	1	0	0	1	1	4
OG0010508	0	1	0	0	1	0	0	1	1	4
OG0010509	0	1	0	0	1	0	0	1	1	4
OG0010510	0	1	0	0	1	0	0	1	1	4
OG0010511	0	1	0	0	1	0	0	1	1	4
OG0010512	0	1	0	0	1	0	0	1	1	4
OG0010513	0	1	0	0	1	0	0	1	1	4
OG0010514	0	1	0	0	1	0	0	1	1	4
OG0010515	0	1	0	0	1	0	0	1	1	4
OG0010516	0	1	0	0	1	0	0	1	1	4
OG0010517	0	1	0	0	1	0	0	1	1	4
OG0010518	0	1	0	0	1	0	0	1	1	4
OG0010519	0	1	0	0	1	0	0	1	1	4
OG0010520	0	1	0	0	1	0	0	1	1	4
OG0010521	0	1	0	0	1	0	0	1	1	4
OG0010522	0	1	0	0	1	0	0	1	1	4
OG0010523	0	1	0	0	1	0	0	1	1	4
OG0010524	0	1	0	0	1	0	0	1	1	4
OG0010525	0	1	0	0	1	0	0	1	1	4
OG0010526	0	1	0	0	1	0	0	1	1	4
OG0010527	0	1	0	0	1	0	0	1	1	4
OG0010528	0	1	0	0	1	0	0	1	1	4
OG0010529	0	1	0	0	1	0	0	1	1	4
OG0010530	0	1	0	1	0	1	0	0	1	4
OG0010531	0	1	0	0	1	1	0	0	1	4
OG0010532	0	1	0	1	1	0	0	0	1	4
OG0010533	0	1	0	0	1	0	0	1	1	4
OG0010534	0	1	0	0	1	0	0	1	1	4
OG0010535	0	1	0	0	1	0	0	1	1	4
OG0010536	0	1	0	0	1	0	0	1	1	4
OG0010537	0	1	0	0	1	0	0	1	1	4
OG0010538	0	1	0	0	1	0	0	1	1	4
OG0010539	0	1	0	0	1	0	0	1	1	4
OG0010540	0	1	0	0	1	0	0	1	1	4
OG0010541	0	1	0	0	1	1	0	0	1	4
OG0010542	0	1	0	0	1	0	0	1	1	4
OG0010543	0	1	0	0	1	0	0	1	1	4
OG0010544	0	1	0	0	1	0	0	1	1	4
OG0010545	0	1	0	0	1	0	0	1	1	4
OG0010546	0	1	0	0	1	0	0	1	1	4
OG0010547	0	1	0	0	1	0	0	1	1	4
OG0010548	0	1	0	0	1	0	1	0	1	4
OG0010549	0	1	0	0	1	0	0	1	1	4
OG0010550	0	1	0	0	1	0	0	1	1	4
OG0010551	0	1	0	0	1	0	0	1	1	4
OG0010552	0	1	0	0	1	0	0	1	1	4
OG0010553	0	1	0	0	1	0	0	1	1	4
OG0010554	0	1	0	0	1	0	0	1	1	4
OG0010555	0	1	0	0	1	0	0	1	1	4
OG0010556	0	1	0	0	1	0	0	1	1	4
OG0010557	0	1	0	0	1	0	0	1	1	4
OG0010558	0	1	0	0	1	0	0	1	1	4
OG0010559	0	2	0	0	0	0	0	1	1	4
OG0010560	0	1	0	0	1	0	0	1	1	4
OG0010561	0	1	0	0	1	0	0	1	1	4
OG0010562	0	1	0	0	1	0	0	1	1	4
OG0010563	0	1	0	0	1	0	0	1	1	4
OG0010564	0	1	0	0	1	0	0	1	1	4
OG0010565	0	1	0	0	1	0	0	1	1	4
OG0010566	0	1	0	0	1	0	0	1	1	4
OG0010567	0	1	0	0	1	0	0	1	1	4
OG0010568	0	1	0	0	1	0	0	1	1	4
OG0010569	0	1	0	0	1	0	0	1	1	4
OG0010570	0	1	0	0	1	0	0	1	1	4
OG0010571	0	1	0	0	1	0	0	1	1	4
OG0010572	0	1	0	0	1	0	0	1	1	4
OG0010573	0	1	0	0	1	0	0	1	1	4
OG0010574	0	1	0	0	1	0	0	1	1	4
OG0010575	0	1	0	0	1	0	0	1	1	4
OG0010576	0	1	0	0	1	0	0	1	1	4
OG0010577	0	1	0	0	1	0	0	1	1	4
OG0010578	0	1	0	0	1	0	0	1	1	4
OG0010579	0	1	0	0	1	0	0	1	1	4
OG0010580	0	1	0	0	1	0	0	1	1	4
OG0010581	0	1	0	0	1	0	0	1	1	4
OG0010582	0	1	0	0	1	0	0	1	1	4
OG0010583	0	1	0	0	1	0	0	1	1	4
OG0010584	0	1	0	0	1	0	0	1	1	4
OG0010585	0	1	0	0	1	0	0	1	1	4
OG0010586	0	1	0	0	1	0	0	1	1	4
OG0010587	0	1	0	0	1	0	0	1	1	4
OG0010588	0	1	0	0	1	0	0	1	1	4
OG0010589	0	1	0	0	1	0	0	1	1	4
OG0010590	0	1	0	0	1	0	0	1	1	4
OG0010591	0	1	0	0	1	0	0	1	1	4
OG0010592	0	1	0	0	1	0	0	1	1	4
OG0010593	0	1	0	0	1	0	0	1	1	4
OG0010594	0	1	0	0	1	0	0	1	1	4
OG0010595	0	1	0	0	1	0	0	1	1	4
OG0010596	0	1	0	0	1	0	0	1	1	4
OG0010597	0	1	0	0	1	0	0	1	1	4
OG0010598	0	1	0	0	1	0	0	1	1	4
OG0010599	0	1	0	0	1	0	0	1	1	4
OG0010600	0	1	0	0	1	0	0	1	1	4
OG0010601	0	1	0	0	1	0	0	1	1	4
OG0010602	0	1	0	0	1	0	0	1	1	4
OG0010603	0	1	0	0	1	0	0	1	1	4
OG0010604	0	1	0	0	1	0	0	1	1	4
OG0010605	0	1	0	0	1	0	0	1	1	4
OG0010606	0	1	0	0	1	0	0	1	1	4
OG0010607	0	1	0	0	1	0	0	1	1	4
OG0010608	0	1	0	0	1	0	0	1	1	4
OG0010609	0	1	0	0	1	0	0	1	1	4
OG0010610	0	1	0	0	1	0	0	1	1	4
OG0010611	0	2	0	0	0	0	0	1	1	4
OG0010612	0	1	0	0	1	0	0	1	1	4
OG0010613	0	1	0	0	1	0	0	1	1	4
OG0010614	0	1	0	0	1	0	0	1	1	4
OG0010615	0	1	0	0	1	0	0	1	1	4
OG0010616	0	1	0	0	1	0	0	1	1	4
OG0010617	0	1	0	0	1	0	0	1	1	4
OG0010618	0	1	0	0	1	0	0	1	1	4
OG0010619	0	1	0	0	1	0	0	1	1	4
OG0010620	0	1	0	0	1	0	0	1	1	4
OG0010621	0	1	0	0	1	0	0	1	1	4
OG0010622	0	1	0	0	1	0	0	1	1	4
OG0010623	0	1	0	0	1	0	0	1	1	4
OG0010624	0	1	0	0	1	0	0	1	1	4
OG0010625	0	1	0	0	1	0	0	1	1	4
OG0010626	0	1	0	0	1	0	0	1	1	4
OG0010627	0	1	0	0	1	0	0	1	1	4
OG0010628	0	1	0	0	1	0	0	1	1	4
OG0010629	0	1	0	0	1	0	0	1	1	4
OG0010630	0	0	4	0	0	0	0	0	0	4
OG0010631	0	0	4	0	0	0	0	0	0	4
OG0010632	0	0	4	0	0	0	0	0	0	4
OG0010633	0	0	4	0	0	0	0	0	0	4
OG0010634	0	0	4	0	0	0	0	0	0	4
OG0010635	0	0	4	0	0	0	0	0	0	4
OG0010636	0	0	4	0	0	0	0	0	0	4
OG0010637	0	0	4	0	0	0	0	0	0	4
OG0010638	0	0	4	0	0	0	0	0	0	4
OG0010639	0	0	4	0	0	0	0	0	0	4
OG0010640	0	0	4	0	0	0	0	0	0	4
OG0010641	0	0	4	0	0	0	0	0	0	4
OG0010642	0	0	4	0	0	0	0	0	0	4
OG0010643	0	0	2	0	0	1	1	0	0	4
OG0010644	0	0	4	0	0	0	0	0	0	4
OG0010645	0	0	4	0	0	0	0	0	0	4
OG0010646	0	0	4	0	0	0	0	0	0	4
OG0010647	0	0	4	0	0	0	0	0	0	4
OG0010648	0	0	4	0	0	0	0	0	0	4
OG0010649	0	0	1	0	0	0	3	0	0	4
OG0010650	0	0	4	0	0	0	0	0	0	4
OG0010651	0	0	4	0	0	0	0	0	0	4
OG0010652	0	0	4	0	0	0	0	0	0	4
OG0010653	0	0	4	0	0	0	0	0	0	4
OG0010654	0	0	4	0	0	0	0	0	0	4
OG0010655	0	0	4	0	0	0	0	0	0	4
OG0010656	0	0	4	0	0	0	0	0	0	4
OG0010657	0	0	4	0	0	0	0	0	0	4
OG0010658	0	0	4	0	0	0	0	0	0	4
OG0010659	0	0	4	0	0	0	0	0	0	4
OG0010660	0	0	4	0	0	0	0	0	0	4
OG0010661	0	0	4	0	0	0	0	0	0	4
OG0010662	0	0	4	0	0	0	0	0	0	4
OG0010663	0	0	4	0	0	0	0	0	0	4
OG0010664	0	0	4	0	0	0	0	0	0	4
OG0010665	0	0	4	0	0	0	0	0	0	4
OG0010666	0	0	4	0	0	0	0	0	0	4
OG0010667	0	0	4	0	0	0	0	0	0	4
OG0010668	0	0	4	0	0	0	0	0	0	4
OG0010669	0	0	4	0	0	0	0	0	0	4
OG0010670	0	0	4	0	0	0	0	0	0	4
OG0010671	0	0	4	0	0	0	0	0	0	4
OG0010672	0	0	4	0	0	0	0	0	0	4
OG0010673	0	0	4	0	0	0	0	0	0	4
OG0010674	0	0	4	0	0	0	0	0	0	4
OG0010675	0	0	4	0	0	0	0	0	0	4
OG0010676	0	0	4	0	0	0	0	0	0	4
OG0010677	0	0	4	0	0	0	0	0	0	4
OG0010678	0	0	4	0	0	0	0	0	0	4
OG0010679	0	0	4	0	0	0	0	0	0	4
OG0010680	0	0	4	0	0	0	0	0	0	4
OG0010681	0	0	4	0	0	0	0	0	0	4
OG0010682	0	0	4	0	0	0	0	0	0	4
OG0010683	0	0	4	0	0	0	0	0	0	4
OG0010684	0	0	4	0	0	0	0	0	0	4
OG0010685	0	0	4	0	0	0	0	0	0	4
OG0010686	0	0	2	0	0	2	0	0	0	4
OG0010687	0	0	4	0	0	0	0	0	0	4
OG0010688	0	0	4	0	0	0	0	0	0	4
OG0010689	0	0	4	0	0	0	0	0	0	4
OG0010690	0	0	4	0	0	0	0	0	0	4
OG0010691	0	0	4	0	0	0	0	0	0	4
OG0010692	0	0	4	0	0	0	0	0	0	4
OG0010693	0	0	4	0	0	0	0	0	0	4
OG0010694	0	0	4	0	0	0	0	0	0	4
OG0010695	0	0	4	0	0	0	0	0	0	4
OG0010696	0	0	4	0	0	0	0	0	0	4
OG0010697	0	0	4	0	0	0	0	0	0	4
OG0010698	0	0	4	0	0	0	0	0	0	4
OG0010699	0	0	3	0	0	1	0	0	0	4
OG0010700	0	0	3	0	0	1	0	0	0	4
OG0010701	0	0	4	0	0	0	0	0	0	4
OG0010702	0	0	4	0	0	0	0	0	0	4
OG0010703	0	0	4	0	0	0	0	0	0	4
OG0010704	0	0	4	0	0	0	0	0	0	4
OG0010705	0	0	4	0	0	0	0	0	0	4
OG0010706	0	0	4	0	0	0	0	0	0	4
OG0010707	0	0	4	0	0	0	0	0	0	4
OG0010708	0	0	4	0	0	0	0	0	0	4
OG0010709	0	0	2	0	0	0	2	0	0	4
OG0010710	0	0	4	0	0	0	0	0	0	4
OG0010711	0	0	4	0	0	0	0	0	0	4
OG0010712	0	0	4	0	0	0	0	0	0	4
OG0010713	0	0	4	0	0	0	0	0	0	4
OG0010714	0	0	4	0	0	0	0	0	0	4
OG0010715	0	0	2	2	0	0	0	0	0	4
OG0010716	0	0	4	0	0	0	0	0	0	4
OG0010717	0	0	4	0	0	0	0	0	0	4
OG0010718	0	0	4	0	0	0	0	0	0	4
OG0010719	0	0	4	0	0	0	0	0	0	4
OG0010720	0	0	4	0	0	0	0	0	0	4
OG0010721	0	0	4	0	0	0	0	0	0	4
OG0010722	0	0	4	0	0	0	0	0	0	4
OG0010723	0	0	3	0	0	1	0	0	0	4
OG0010724	0	0	4	0	0	0	0	0	0	4
OG0010725	0	0	4	0	0	0	0	0	0	4
OG0010726	0	0	4	0	0	0	0	0	0	4
OG0010727	0	0	3	0	0	1	0	0	0	4
OG0010728	0	0	4	0	0	0	0	0	0	4
OG0010729	0	0	4	0	0	0	0	0	0	4
OG0010730	0	0	1	2	0	1	0	0	0	4
OG0010731	0	0	4	0	0	0	0	0	0	4
OG0010732	0	0	4	0	0	0	0	0	0	4
OG0010733	0	0	4	0	0	0	0	0	0	4
OG0010734	0	0	4	0	0	0	0	0	0	4
OG0010735	0	0	4	0	0	0	0	0	0	4
OG0010736	0	0	4	0	0	0	0	0	0	4
OG0010737	0	0	1	3	0	0	0	0	0	4
OG0010738	0	0	4	0	0	0	0	0	0	4
OG0010739	0	0	3	0	0	1	0	0	0	4
OG0010740	0	0	4	0	0	0	0	0	0	4
OG0010741	0	0	4	0	0	0	0	0	0	4
OG0010742	0	0	1	1	0	1	1	0	0	4
OG0010743	0	0	4	0	0	0	0	0	0	4
OG0010744	0	0	4	0	0	0	0	0	0	4
OG0010745	0	0	4	0	0	0	0	0	0	4
OG0010746	0	0	4	0	0	0	0	0	0	4
OG0010747	0	0	4	0	0	0	0	0	0	4
OG0010748	0	0	4	0	0	0	0	0	0	4
OG0010749	0	0	3	0	0	1	0	0	0	4
OG0010750	0	0	4	0	0	0	0	0	0	4
OG0010751	0	0	4	0	0	0	0	0	0	4
OG0010752	0	0	4	0	0	0	0	0	0	4
OG0010753	0	0	4	0	0	0	0	0	0	4
OG0010754	0	0	4	0	0	0	0	0	0	4
OG0010755	0	0	4	0	0	0	0	0	0	4
OG0010756	0	0	4	0	0	0	0	0	0	4
OG0010757	0	0	4	0	0	0	0	0	0	4
OG0010758	0	0	4	0	0	0	0	0	0	4
OG0010759	0	0	2	2	0	0	0	0	0	4
OG0010760	0	0	4	0	0	0	0	0	0	4
OG0010761	0	0	3	0	0	1	0	0	0	4
OG0010762	0	0	4	0	0	0	0	0	0	4
OG0010763	0	0	4	0	0	0	0	0	0	4
OG0010764	0	0	4	0	0	0	0	0	0	4
OG0010765	0	0	4	0	0	0	0	0	0	4
OG0010766	0	0	4	0	0	0	0	0	0	4
OG0010767	0	0	2	0	0	1	1	0	0	4
OG0010768	0	0	4	0	0	0	0	0	0	4
OG0010769	0	0	4	0	0	0	0	0	0	4
OG0010770	0	0	4	0	0	0	0	0	0	4
OG0010771	0	0	4	0	0	0	0	0	0	4
OG0010772	0	0	4	0	0	0	0	0	0	4
OG0010773	0	0	4	0	0	0	0	0	0	4
OG0010774	0	0	3	0	0	0	1	0	0	4
OG0010775	0	0	2	0	0	0	2	0	0	4
OG0010776	0	0	4	0	0	0	0	0	0	4
OG0010777	0	0	4	0	0	0	0	0	0	4
OG0010778	0	0	4	0	0	0	0	0	0	4
OG0010779	0	0	4	0	0	0	0	0	0	4
OG0010780	0	0	4	0	0	0	0	0	0	4
OG0010781	0	0	1	0	0	0	3	0	0	4
OG0010782	0	0	4	0	0	0	0	0	0	4
OG0010783	0	0	4	0	0	0	0	0	0	4
OG0010784	0	0	4	0	0	0	0	0	0	4
OG0010785	0	0	1	2	0	1	0	0	0	4
OG0010786	0	0	1	0	0	3	0	0	0	4
OG0010787	0	0	4	0	0	0	0	0	0	4
OG0010788	0	0	4	0	0	0	0	0	0	4
OG0010789	0	0	4	0	0	0	0	0	0	4
OG0010790	0	0	3	0	0	1	0	0	0	4
OG0010791	0	0	4	0	0	0	0	0	0	4
OG0010792	0	0	4	0	0	0	0	0	0	4
OG0010793	0	0	4	0	0	0	0	0	0	4
OG0010794	0	0	4	0	0	0	0	0	0	4
OG0010795	0	0	4	0	0	0	0	0	0	4
OG0010796	0	0	4	0	0	0	0	0	0	4
OG0010797	0	0	4	0	0	0	0	0	0	4
OG0010798	0	0	4	0	0	0	0	0	0	4
OG0010799	0	0	4	0	0	0	0	0	0	4
OG0010800	0	0	4	0	0	0	0	0	0	4
OG0010801	0	0	4	0	0	0	0	0	0	4
OG0010802	0	0	4	0	0	0	0	0	0	4
OG0010803	0	0	4	0	0	0	0	0	0	4
OG0010804	0	0	4	0	0	0	0	0	0	4
OG0010805	0	0	4	0	0	0	0	0	0	4
OG0010806	0	0	2	0	0	1	1	0	0	4
OG0010807	0	0	4	0	0	0	0	0	0	4
OG0010808	0	0	4	0	0	0	0	0	0	4
OG0010809	0	0	4	0	0	0	0	0	0	4
OG0010810	0	0	4	0	0	0	0	0	0	4
OG0010811	0	0	1	0	0	1	1	1	0	4
OG0010812	0	0	3	0	0	0	1	0	0	4
OG0010813	0	0	3	0	0	1	0	0	0	4
OG0010814	0	0	4	0	0	0	0	0	0	4
OG0010815	0	0	4	0	0	0	0	0	0	4
OG0010816	0	0	4	0	0	0	0	0	0	4
OG0010817	0	0	4	0	0	0	0	0	0	4
OG0010818	0	0	4	0	0	0	0	0	0	4
OG0010819	0	0	4	0	0	0	0	0	0	4
OG0010820	0	0	4	0	0	0	0	0	0	4
OG0010821	0	0	4	0	0	0	0	0	0	4
OG0010822	0	0	4	0	0	0	0	0	0	4
OG0010823	0	0	4	0	0	0	0	0	0	4
OG0010824	0	0	4	0	0	0	0	0	0	4
OG0010825	0	0	1	2	0	1	0	0	0	4
OG0010826	0	0	4	0	0	0	0	0	0	4
OG0010827	0	0	4	0	0	0	0	0	0	4
OG0010828	0	0	2	0	0	1	1	0	0	4
OG0010829	0	0	1	0	0	1	0	1	1	4
OG0010830	0	0	4	0	0	0	0	0	0	4
OG0010831	0	0	4	0	0	0	0	0	0	4
OG0010832	0	0	4	0	0	0	0	0	0	4
OG0010833	0	0	4	0	0	0	0	0	0	4
OG0010834	0	0	4	0	0	0	0	0	0	4
OG0010835	0	0	3	0	0	1	0	0	0	4
OG0010836	0	0	4	0	0	0	0	0	0	4
OG0010837	0	0	4	0	0	0	0	0	0	4
OG0010838	0	0	4	0	0	0	0	0	0	4
OG0010839	0	0	4	0	0	0	0	0	0	4
OG0010840	0	0	4	0	0	0	0	0	0	4
OG0010841	0	0	4	0	0	0	0	0	0	4
OG0010842	0	0	1	0	0	1	2	0	0	4
OG0010843	0	0	4	0	0	0	0	0	0	4
OG0010844	0	0	4	0	0	0	0	0	0	4
OG0010845	0	0	1	0	0	2	1	0	0	4
OG0010846	0	0	4	0	0	0	0	0	0	4
OG0010847	0	0	4	0	0	0	0	0	0	4
OG0010848	0	0	4	0	0	0	0	0	0	4
OG0010849	0	0	4	0	0	0	0	0	0	4
OG0010850	0	0	1	3	0	0	0	0	0	4
OG0010851	0	0	4	0	0	0	0	0	0	4
OG0010852	0	0	0	4	0	0	0	0	0	4
OG0010853	0	0	0	4	0	0	0	0	0	4
OG0010854	0	0	0	4	0	0	0	0	0	4
OG0010855	0	0	0	2	1	1	0	0	0	4
OG0010856	0	0	0	4	0	0	0	0	0	4
OG0010857	0	0	0	4	0	0	0	0	0	4
OG0010858	0	0	0	4	0	0	0	0	0	4
OG0010859	0	0	0	4	0	0	0	0	0	4
OG0010860	0	0	0	1	1	0	0	1	1	4
OG0010861	0	0	0	4	0	0	0	0	0	4
OG0010862	0	0	0	3	0	1	0	0	0	4
OG0010863	0	0	0	1	0	1	2	0	0	4
OG0010864	0	0	0	4	0	0	0	0	0	4
OG0010865	0	0	0	4	0	0	0	0	0	4
OG0010866	0	0	0	1	0	0	3	0	0	4
OG0010867	0	0	0	4	0	0	0	0	0	4
OG0010868	0	0	0	4	0	0	0	0	0	4
OG0010869	0	0	0	2	0	1	1	0	0	4
OG0010870	0	0	0	4	0	0	0	0	0	4
OG0010871	0	0	0	3	0	1	0	0	0	4
OG0010872	0	0	0	4	0	0	0	0	0	4
OG0010873	0	0	0	4	0	0	0	0	0	4
OG0010874	0	0	0	3	0	0	1	0	0	4
OG0010875	0	0	0	3	0	1	0	0	0	4
OG0010876	0	0	0	4	0	0	0	0	0	4
OG0010877	0	0	0	3	0	0	1	0	0	4
OG0010878	0	0	0	3	0	1	0	0	0	4
OG0010879	0	0	0	4	0	0	0	0	0	4
OG0010880	0	0	0	4	0	0	0	0	0	4
OG0010881	0	0	0	3	0	0	1	0	0	4
OG0010882	0	0	0	4	0	0	0	0	0	4
OG0010883	0	0	0	3	0	1	0	0	0	4
OG0010884	0	0	0	4	0	0	0	0	0	4
OG0010885	0	0	0	4	0	0	0	0	0	4
OG0010886	0	0	0	4	0	0	0	0	0	4
OG0010887	0	0	0	4	0	0	0	0	0	4
OG0010888	0	0	0	4	0	0	0	0	0	4
OG0010889	0	0	0	4	0	0	0	0	0	4
OG0010890	0	0	0	4	0	0	0	0	0	4
OG0010891	0	0	0	4	0	0	0	0	0	4
OG0010892	0	0	0	4	0	0	0	0	0	4
OG0010893	0	0	0	1	0	3	0	0	0	4
OG0010894	0	0	0	4	0	0	0	0	0	4
OG0010895	0	0	0	4	0	0	0	0	0	4
OG0010896	0	0	0	4	0	0	0	0	0	4
OG0010897	0	0	0	4	0	0	0	0	0	4
OG0010898	0	0	0	3	0	1	0	0	0	4
OG0010899	0	0	0	4	0	0	0	0	0	4
OG0010900	0	0	0	3	0	1	0	0	0	4
OG0010901	0	0	0	4	0	0	0	0	0	4
OG0010902	0	0	0	4	0	0	0	0	0	4
OG0010903	0	0	0	4	0	0	0	0	0	4
OG0010904	0	0	0	4	0	0	0	0	0	4
OG0010905	0	0	0	4	0	0	0	0	0	4
OG0010906	0	0	0	4	0	0	0	0	0	4
OG0010907	0	0	0	4	0	0	0	0	0	4
OG0010908	0	0	0	4	0	0	0	0	0	4
OG0010909	0	0	0	4	0	0	0	0	0	4
OG0010910	0	0	0	4	0	0	0	0	0	4
OG0010911	0	0	0	4	0	0	0	0	0	4
OG0010912	0	0	0	4	0	0	0	0	0	4
OG0010913	0	0	0	4	0	0	0	0	0	4
OG0010914	0	0	0	4	0	0	0	0	0	4
OG0010915	0	0	0	4	0	0	0	0	0	4
OG0010916	0	0	0	4	0	0	0	0	0	4
OG0010917	0	0	0	3	0	1	0	0	0	4
OG0010918	0	0	0	4	0	0	0	0	0	4
OG0010919	0	0	0	4	0	0	0	0	0	4
OG0010920	0	0	0	4	0	0	0	0	0	4
OG0010921	0	0	0	4	0	0	0	0	0	4
OG0010922	0	0	0	4	0	0	0	0	0	4
OG0010923	0	0	0	4	0	0	0	0	0	4
OG0010924	0	0	0	4	0	0	0	0	0	4
OG0010925	0	0	0	4	0	0	0	0	0	4
OG0010926	0	0	0	4	0	0	0	0	0	4
OG0010927	0	0	0	4	0	0	0	0	0	4
OG0010928	0	0	0	4	0	0	0	0	0	4
OG0010929	0	0	0	3	0	1	0	0	0	4
OG0010930	0	0	0	4	0	0	0	0	0	4
OG0010931	0	0	0	4	0	0	0	0	0	4
OG0010932	0	0	0	4	0	0	0	0	0	4
OG0010933	0	0	0	4	0	0	0	0	0	4
OG0010934	0	0	0	4	0	0	0	0	0	4
OG0010935	0	0	0	4	0	0	0	0	0	4
OG0010936	0	0	0	4	0	0	0	0	0	4
OG0010937	0	0	0	4	0	0	0	0	0	4
OG0010938	0	0	0	4	0	0	0	0	0	4
OG0010939	0	0	0	4	0	0	0	0	0	4
OG0010940	0	0	0	4	0	0	0	0	0	4
OG0010941	0	0	0	4	0	0	0	0	0	4
OG0010942	0	0	0	4	0	0	0	0	0	4
OG0010943	0	0	0	4	0	0	0	0	0	4
OG0010944	0	0	0	4	0	0	0	0	0	4
OG0010945	0	0	0	2	0	1	1	0	0	4
OG0010946	0	0	0	4	0	0	0	0	0	4
OG0010947	0	0	0	4	0	0	0	0	0	4
OG0010948	0	0	0	3	0	0	0	1	0	4
OG0010949	0	0	0	4	0	0	0	0	0	4
OG0010950	0	0	0	4	0	0	0	0	0	4
OG0010951	0	0	0	4	0	0	0	0	0	4
OG0010952	0	0	0	4	0	0	0	0	0	4
OG0010953	0	0	0	4	0	0	0	0	0	4
OG0010954	0	0	0	4	0	0	0	0	0	4
OG0010955	0	0	0	4	0	0	0	0	0	4
OG0010956	0	0	0	4	0	0	0	0	0	4
OG0010957	0	0	0	4	0	0	0	0	0	4
OG0010958	0	0	0	1	0	1	0	1	1	4
OG0010959	0	0	0	2	0	1	0	0	1	4
OG0010960	0	0	0	4	0	0	0	0	0	4
OG0010961	0	0	0	4	0	0	0	0	0	4
OG0010962	0	0	0	2	0	1	0	0	1	4
OG0010963	0	0	0	2	1	1	0	0	0	4
OG0010964	0	0	0	4	0	0	0	0	0	4
OG0010965	0	0	0	4	0	0	0	0	0	4
OG0010966	0	0	0	1	1	0	0	1	1	4
OG0010967	0	0	0	4	0	0	0	0	0	4
OG0010968	0	0	0	4	0	0	0	0	0	4
OG0010969	0	0	0	1	1	1	0	0	1	4
OG0010970	0	0	0	4	0	0	0	0	0	4
OG0010971	0	0	0	4	0	0	0	0	0	4
OG0010972	0	0	0	4	0	0	0	0	0	4
OG0010973	0	0	0	4	0	0	0	0	0	4
OG0010974	0	0	0	4	0	0	0	0	0	4
OG0010975	0	0	0	4	0	0	0	0	0	4
OG0010976	0	0	0	4	0	0	0	0	0	4
OG0010977	0	0	0	4	0	0	0	0	0	4
OG0010978	0	0	0	4	0	0	0	0	0	4
OG0010979	0	0	0	4	0	0	0	0	0	4
OG0010980	0	0	0	4	0	0	0	0	0	4
OG0010981	0	0	0	4	0	0	0	0	0	4
OG0010982	0	0	0	4	0	0	0	0	0	4
OG0010983	0	0	0	4	0	0	0	0	0	4
OG0010984	0	0	0	4	0	0	0	0	0	4
OG0010985	0	0	0	4	0	0	0	0	0	4
OG0010986	0	0	0	4	0	0	0	0	0	4
OG0010987	0	0	0	4	0	0	0	0	0	4
OG0010988	0	0	0	4	0	0	0	0	0	4
OG0010989	0	0	0	1	0	1	2	0	0	4
OG0010990	0	0	0	3	0	1	0	0	0	4
OG0010991	0	0	0	2	1	0	0	1	0	4
OG0010992	0	0	0	4	0	0	0	0	0	4
OG0010993	0	0	0	4	0	0	0	0	0	4
OG0010994	0	0	0	4	0	0	0	0	0	4
OG0010995	0	0	0	4	0	0	0	0	0	4
OG0010996	0	0	0	2	0	2	0	0	0	4
OG0010997	0	0	0	3	0	1	0	0	0	4
OG0010998	0	0	0	4	0	0	0	0	0	4
OG0010999	0	0	0	4	0	0	0	0	0	4
OG0011000	0	0	0	4	0	0	0	0	0	4
OG0011001	0	0	0	4	0	0	0	0	0	4
OG0011002	0	0	0	4	0	0	0	0	0	4
OG0011003	0	0	0	4	0	0	0	0	0	4
OG0011004	0	0	0	4	0	0	0	0	0	4
OG0011005	0	0	0	4	0	0	0	0	0	4
OG0011006	0	0	0	4	0	0	0	0	0	4
OG0011007	0	0	0	4	0	0	0	0	0	4
OG0011008	0	0	0	4	0	0	0	0	0	4
OG0011009	0	0	0	4	0	0	0	0	0	4
OG0011010	0	0	0	1	0	0	3	0	0	4
OG0011011	0	0	0	2	0	2	0	0	0	4
OG0011012	0	0	0	4	0	0	0	0	0	4
OG0011013	0	0	0	4	0	0	0	0	0	4
OG0011014	0	0	0	4	0	0	0	0	0	4
OG0011015	0	0	0	3	0	1	0	0	0	4
OG0011016	0	0	0	3	0	1	0	0	0	4
OG0011017	0	0	0	1	1	1	0	0	1	4
OG0011018	0	0	0	4	0	0	0	0	0	4
OG0011019	0	0	0	4	0	0	0	0	0	4
OG0011020	0	0	0	4	0	0	0	0	0	4
OG0011021	0	0	0	4	0	0	0	0	0	4
OG0011022	0	0	0	4	0	0	0	0	0	4
OG0011023	0	0	0	4	0	0	0	0	0	4
OG0011024	0	0	0	4	0	0	0	0	0	4
OG0011025	0	0	0	4	0	0	0	0	0	4
OG0011026	0	0	0	4	0	0	0	0	0	4
OG0011027	0	0	0	4	0	0	0	0	0	4
OG0011028	0	0	0	4	0	0	0	0	0	4
OG0011029	0	0	0	4	0	0	0	0	0	4
OG0011030	0	0	0	4	0	0	0	0	0	4
OG0011031	0	0	0	4	0	0	0	0	0	4
OG0011032	0	0	0	2	0	1	1	0	0	4
OG0011033	0	0	0	4	0	0	0	0	0	4
OG0011034	0	0	0	4	0	0	0	0	0	4
OG0011035	0	0	0	3	0	1	0	0	0	4
OG0011036	0	0	0	4	0	0	0	0	0	4
OG0011037	0	0	0	4	0	0	0	0	0	4
OG0011038	0	0	0	4	0	0	0	0	0	4
OG0011039	0	0	0	3	0	1	0	0	0	4
OG0011040	0	0	0	4	0	0	0	0	0	4
OG0011041	0	0	0	4	0	0	0	0	0	4
OG0011042	0	0	0	4	0	0	0	0	0	4
OG0011043	0	0	0	4	0	0	0	0	0	4
OG0011044	0	0	0	4	0	0	0	0	0	4
OG0011045	0	0	0	4	0	0	0	0	0	4
OG0011046	0	0	0	4	0	0	0	0	0	4
OG0011047	0	0	0	4	0	0	0	0	0	4
OG0011048	0	0	0	4	0	0	0	0	0	4
OG0011049	0	0	0	4	0	0	0	0	0	4
OG0011050	0	0	0	4	0	0	0	0	0	4
OG0011051	0	0	0	4	0	0	0	0	0	4
OG0011052	0	0	0	4	0	0	0	0	0	4
OG0011053	0	0	0	4	0	0	0	0	0	4
OG0011054	0	0	0	4	0	0	0	0	0	4
OG0011055	0	0	0	4	0	0	0	0	0	4
OG0011056	0	0	0	4	0	0	0	0	0	4
OG0011057	0	0	0	4	0	0	0	0	0	4
OG0011058	0	0	0	4	0	0	0	0	0	4
OG0011059	0	0	0	4	0	0	0	0	0	4
OG0011060	0	0	0	4	0	0	0	0	0	4
OG0011061	0	0	0	4	0	0	0	0	0	4
OG0011062	0	0	0	4	0	0	0	0	0	4
OG0011063	0	0	0	4	0	0	0	0	0	4
OG0011064	0	0	0	4	0	0	0	0	0	4
OG0011065	0	0	0	4	0	0	0	0	0	4
OG0011066	0	0	0	4	0	0	0	0	0	4
OG0011067	0	0	0	4	0	0	0	0	0	4
OG0011068	0	0	0	4	0	0	0	0	0	4
OG0011069	0	0	0	4	0	0	0	0	0	4
OG0011070	0	0	0	4	0	0	0	0	0	4
OG0011071	0	0	0	4	0	0	0	0	0	4
OG0011072	0	0	0	4	0	0	0	0	0	4
OG0011073	0	0	0	4	0	0	0	0	0	4
OG0011074	0	0	0	4	0	0	0	0	0	4
OG0011075	0	0	0	4	0	0	0	0	0	4
OG0011076	0	0	0	4	0	0	0	0	0	4
OG0011077	0	0	0	2	0	0	2	0	0	4
OG0011078	0	0	0	4	0	0	0	0	0	4
OG0011079	0	0	0	4	0	0	0	0	0	4
OG0011080	0	0	0	4	0	0	0	0	0	4
OG0011081	0	0	0	4	0	0	0	0	0	4
OG0011082	0	0	0	4	0	0	0	0	0	4
OG0011083	0	0	0	4	0	0	0	0	0	4
OG0011084	0	0	0	4	0	0	0	0	0	4
OG0011085	0	0	0	4	0	0	0	0	0	4
OG0011086	0	0	0	4	0	0	0	0	0	4
OG0011087	0	0	0	4	0	0	0	0	0	4
OG0011088	0	0	0	3	0	1	0	0	0	4
OG0011089	0	0	0	4	0	0	0	0	0	4
OG0011090	0	0	0	4	0	0	0	0	0	4
OG0011091	0	0	0	4	0	0	0	0	0	4
OG0011092	0	0	0	4	0	0	0	0	0	4
OG0011093	0	0	0	4	0	0	0	0	0	4
OG0011094	0	0	0	4	0	0	0	0	0	4
OG0011095	0	0	0	4	0	0	0	0	0	4
OG0011096	0	0	0	4	0	0	0	0	0	4
OG0011097	0	0	0	4	0	0	0	0	0	4
OG0011098	0	0	0	4	0	0	0	0	0	4
OG0011099	0	0	0	4	0	0	0	0	0	4
OG0011100	0	0	0	4	0	0	0	0	0	4
OG0011101	0	0	0	4	0	0	0	0	0	4
OG0011102	0	0	0	4	0	0	0	0	0	4
OG0011103	0	0	0	4	0	0	0	0	0	4
OG0011104	0	0	0	2	0	1	1	0	0	4
OG0011105	0	0	0	4	0	0	0	0	0	4
OG0011106	0	0	0	4	0	0	0	0	0	4
OG0011107	0	0	0	4	0	0	0	0	0	4
OG0011108	0	0	0	4	0	0	0	0	0	4
OG0011109	0	0	0	4	0	0	0	0	0	4
OG0011110	0	0	0	4	0	0	0	0	0	4
OG0011111	0	0	0	4	0	0	0	0	0	4
OG0011112	0	0	0	4	0	0	0	0	0	4
OG0011113	0	0	0	4	0	0	0	0	0	4
OG0011114	0	0	0	4	0	0	0	0	0	4
OG0011115	0	0	0	4	0	0	0	0	0	4
OG0011116	0	0	0	4	0	0	0	0	0	4
OG0011117	0	0	0	4	0	0	0	0	0	4
OG0011118	0	0	0	4	0	0	0	0	0	4
OG0011119	0	0	0	1	0	1	2	0	0	4
OG0011120	0	0	0	4	0	0	0	0	0	4
OG0011121	0	0	0	4	0	0	0	0	0	4
OG0011122	0	0	0	4	0	0	0	0	0	4
OG0011123	0	0	0	2	0	0	2	0	0	4
OG0011124	0	0	0	4	0	0	0	0	0	4
OG0011125	0	0	0	4	0	0	0	0	0	4
OG0011126	0	0	0	4	0	0	0	0	0	4
OG0011127	0	0	0	4	0	0	0	0	0	4
OG0011128	0	0	0	4	0	0	0	0	0	4
OG0011129	0	0	0	4	0	0	0	0	0	4
OG0011130	0	0	0	4	0	0	0	0	0	4
OG0011131	0	0	0	4	0	0	0	0	0	4
OG0011132	0	0	0	4	0	0	0	0	0	4
OG0011133	0	0	0	4	0	0	0	0	0	4
OG0011134	0	0	0	4	0	0	0	0	0	4
OG0011135	0	0	0	3	0	0	1	0	0	4
OG0011136	0	0	0	4	0	0	0	0	0	4
OG0011137	0	0	0	4	0	0	0	0	0	4
OG0011138	0	0	0	3	0	1	0	0	0	4
OG0011139	0	0	0	4	0	0	0	0	0	4
OG0011140	0	0	0	4	0	0	0	0	0	4
OG0011141	0	0	0	4	0	0	0	0	0	4
OG0011142	0	0	0	4	0	0	0	0	0	4
OG0011143	0	0	0	4	0	0	0	0	0	4
OG0011144	0	0	0	4	0	0	0	0	0	4
OG0011145	0	0	0	2	0	1	0	1	0	4
OG0011146	0	0	0	4	0	0	0	0	0	4
OG0011147	0	0	0	4	0	0	0	0	0	4
OG0011148	0	0	0	2	1	0	0	1	0	4
OG0011149	0	0	0	4	0	0	0	0	0	4
OG0011150	0	0	0	4	0	0	0	0	0	4
OG0011151	0	0	0	4	0	0	0	0	0	4
OG0011152	0	0	0	4	0	0	0	0	0	4
OG0011153	0	0	0	0	1	0	1	1	1	4
OG0011154	0	0	0	0	2	0	0	1	1	4
OG0011155	0	0	0	0	1	1	0	1	1	4
OG0011156	0	0	0	0	4	0	0	0	0	4
OG0011157	0	0	0	0	2	0	0	1	1	4
OG0011158	0	0	0	0	2	0	0	1	1	4
OG0011159	0	0	0	0	1	0	0	1	2	4
OG0011160	0	0	0	0	1	0	1	1	1	4
OG0011161	0	0	0	0	1	0	0	1	2	4
OG0011162	0	0	0	0	2	0	0	2	0	4
OG0011163	0	0	0	0	1	0	0	1	2	4
OG0011164	0	0	0	0	0	4	0	0	0	4
OG0011165	0	0	0	0	0	4	0	0	0	4
OG0011166	0	0	0	0	0	4	0	0	0	4
OG0011167	0	0	0	0	0	4	0	0	0	4
OG0011168	0	0	0	0	0	4	0	0	0	4
OG0011169	0	0	0	0	0	4	0	0	0	4
OG0011170	0	0	0	0	0	4	0	0	0	4
OG0011171	0	0	0	0	0	4	0	0	0	4
OG0011172	0	0	0	0	0	4	0	0	0	4
OG0011173	0	0	0	0	0	4	0	0	0	4
OG0011174	0	0	0	0	0	4	0	0	0	4
OG0011175	0	0	0	0	0	4	0	0	0	4
OG0011176	0	0	0	0	0	2	2	0	0	4
OG0011177	0	0	0	0	0	4	0	0	0	4
OG0011178	0	0	0	0	0	4	0	0	0	4
OG0011179	0	0	0	0	0	4	0	0	0	4
OG0011180	0	0	0	0	0	4	0	0	0	4
OG0011181	0	0	0	0	0	4	0	0	0	4
OG0011182	0	0	0	0	0	4	0	0	0	4
OG0011183	0	0	0	0	0	4	0	0	0	4
OG0011184	0	0	0	0	0	4	0	0	0	4
OG0011185	0	0	0	0	0	4	0	0	0	4
OG0011186	0	0	0	0	0	4	0	0	0	4
OG0011187	0	0	0	0	0	4	0	0	0	4
OG0011188	0	0	0	0	0	4	0	0	0	4
OG0011189	0	0	0	0	0	4	0	0	0	4
OG0011190	0	0	0	0	0	4	0	0	0	4
OG0011191	0	0	0	0	0	4	0	0	0	4
OG0011192	0	0	0	0	0	4	0	0	0	4
OG0011193	0	0	0	0	0	4	0	0	0	4
OG0011194	0	0	0	0	0	4	0	0	0	4
OG0011195	0	0	0	0	0	4	0	0	0	4
OG0011196	0	0	0	0	0	4	0	0	0	4
OG0011197	0	0	0	0	0	4	0	0	0	4
OG0011198	0	0	0	0	0	4	0	0	0	4
OG0011199	0	0	0	0	0	4	0	0	0	4
OG0011200	0	0	0	0	0	4	0	0	0	4
OG0011201	0	0	0	0	0	0	4	0	0	4
OG0011202	0	0	0	0	0	0	4	0	0	4
OG0011203	0	0	0	0	0	0	4	0	0	4
OG0011204	0	0	0	0	0	0	4	0	0	4
OG0011205	0	0	0	0	0	0	4	0	0	4
OG0011206	0	0	0	0	0	0	4	0	0	4
OG0011207	0	0	0	0	0	0	4	0	0	4
OG0011208	0	0	0	0	0	0	4	0	0	4
OG0011209	0	0	0	0	0	0	4	0	0	4
OG0011210	0	0	0	0	0	0	4	0	0	4
OG0011211	0	0	0	0	0	0	4	0	0	4
OG0011212	0	0	0	0	0	0	4	0	0	4
OG0011213	0	0	0	0	0	0	4	0	0	4
OG0011214	0	0	0	0	0	0	4	0	0	4
OG0011215	0	0	0	0	0	0	4	0	0	4
OG0011216	0	0	0	0	0	0	4	0	0	4
OG0011217	0	0	0	0	0	0	4	0	0	4
OG0011218	0	0	0	0	0	0	4	0	0	4
OG0011219	0	0	0	0	0	0	4	0	0	4
OG0011220	0	0	0	0	0	0	4	0	0	4
OG0011221	0	0	0	0	0	0	4	0	0	4
OG0011222	0	0	0	0	0	0	4	0	0	4
OG0011223	0	0	0	0	0	0	4	0	0	4
OG0011224	0	0	0	0	0	0	4	0	0	4
OG0011225	0	0	0	0	0	0	4	0	0	4
OG0011226	0	0	0	0	0	0	4	0	0	4
OG0011227	0	0	0	0	0	0	4	0	0	4
OG0011228	0	0	0	0	0	0	4	0	0	4
OG0011229	0	0	0	0	0	0	4	0	0	4
OG0011230	0	0	0	0	0	0	4	0	0	4
OG0011231	0	0	0	0	0	0	4	0	0	4
OG0011232	0	0	0	0	0	0	4	0	0	4
OG0011233	0	0	0	0	0	0	4	0	0	4
OG0011234	0	0	0	0	0	0	4	0	0	4
OG0011235	0	0	0	0	0	0	4	0	0	4
OG0011236	0	0	0	0	0	0	4	0	0	4
OG0011237	0	0	0	0	0	0	4	0	0	4
OG0011238	0	0	0	0	0	0	4	0	0	4
OG0011239	0	0	0	0	0	0	4	0	0	4
OG0011240	0	0	0	0	0	0	4	0	0	4
OG0011241	0	0	0	0	0	0	4	0	0	4
OG0011242	0	0	0	0	0	0	1	3	0	4
OG0011243	0	0	0	0	0	0	4	0	0	4
OG0011244	0	0	0	0	0	0	4	0	0	4
OG0011245	0	0	0	0	0	0	4	0	0	4
OG0011246	0	0	0	0	0	0	4	0	0	4
OG0011247	0	0	0	0	0	0	0	2	2	4
OG0011248	0	0	0	0	0	0	0	1	3	4
OG0011249	0	0	0	0	0	0	0	1	3	4
OG0011250	0	0	0	0	0	0	0	3	1	4
OG0011251	0	0	0	0	0	0	0	2	2	4
OG0011252	0	0	0	0	0	0	0	2	2	4
OG0011253	0	0	0	0	0	0	0	2	2	4
OG0011254	0	0	0	0	0	0	0	3	1	4
OG0011255	0	0	0	0	0	0	0	2	2	4
OG0011256	0	0	0	0	0	0	0	4	0	4
OG0011257	0	0	0	0	0	0	0	2	2	4
OG0011258	0	0	0	0	0	0	0	3	1	4
OG0011259	0	0	0	0	0	0	0	3	1	4
OG0011260	0	0	0	0	0	0	0	2	2	4
OG0011261	0	0	0	0	0	0	0	3	1	4
OG0011262	0	0	0	0	0	0	0	4	0	4
OG0011263	0	0	0	0	0	0	0	2	2	4
OG0011264	0	0	0	0	0	0	0	4	0	4
OG0011265	1	0	0	1	0	1	0	0	0	3
OG0011266	3	0	0	0	0	0	0	0	0	3
OG0011267	1	0	1	0	0	1	0	0	0	3
OG0011268	3	0	0	0	0	0	0	0	0	3
OG0011269	1	0	0	1	0	1	0	0	0	3
OG0011270	3	0	0	0	0	0	0	0	0	3
OG0011271	2	0	0	0	0	1	0	0	0	3
OG0011272	3	0	0	0	0	0	0	0	0	3
OG0011273	2	0	1	0	0	0	0	0	0	3
OG0011274	3	0	0	0	0	0	0	0	0	3
OG0011275	2	0	1	0	0	0	0	0	0	3
OG0011276	2	0	1	0	0	0	0	0	0	3
OG0011277	3	0	0	0	0	0	0	0	0	3
OG0011278	3	0	0	0	0	0	0	0	0	3
OG0011279	1	0	1	0	0	1	0	0	0	3
OG0011280	3	0	0	0	0	0	0	0	0	3
OG0011281	3	0	0	0	0	0	0	0	0	3
OG0011282	2	0	1	0	0	0	0	0	0	3
OG0011283	1	0	1	0	0	1	0	0	0	3
OG0011284	2	0	0	0	0	1	0	0	0	3
OG0011285	2	0	0	0	0	1	0	0	0	3
OG0011286	3	0	0	0	0	0	0	0	0	3
OG0011287	2	0	1	0	0	0	0	0	0	3
OG0011288	2	0	0	0	0	1	0	0	0	3
OG0011289	3	0	0	0	0	0	0	0	0	3
OG0011290	3	0	0	0	0	0	0	0	0	3
OG0011291	2	0	0	0	0	1	0	0	0	3
OG0011292	3	0	0	0	0	0	0	0	0	3
OG0011293	2	0	0	0	0	1	0	0	0	3
OG0011294	2	0	0	0	0	1	0	0	0	3
OG0011295	3	0	0	0	0	0	0	0	0	3
OG0011296	3	0	0	0	0	0	0	0	0	3
OG0011297	3	0	0	0	0	0	0	0	0	3
OG0011298	3	0	0	0	0	0	0	0	0	3
OG0011299	2	0	1	0	0	0	0	0	0	3
OG0011300	2	0	1	0	0	0	0	0	0	3
OG0011301	3	0	0	0	0	0	0	0	0	3
OG0011302	1	0	1	0	0	1	0	0	0	3
OG0011303	2	0	1	0	0	0	0	0	0	3
OG0011304	2	0	0	0	0	1	0	0	0	3
OG0011305	1	0	0	0	0	2	0	0	0	3
OG0011306	2	0	0	0	0	1	0	0	0	3
OG0011307	2	0	0	0	0	1	0	0	0	3
OG0011308	1	0	0	0	0	1	1	0	0	3
OG0011309	2	0	1	0	0	0	0	0	0	3
OG0011310	2	0	1	0	0	0	0	0	0	3
OG0011311	1	0	1	0	0	1	0	0	0	3
OG0011312	1	0	2	0	0	0	0	0	0	3
OG0011313	2	0	0	0	0	1	0	0	0	3
OG0011314	2	0	1	0	0	0	0	0	0	3
OG0011315	3	0	0	0	0	0	0	0	0	3
OG0011316	2	0	0	0	0	0	1	0	0	3
OG0011317	2	0	0	0	0	1	0	0	0	3
OG0011318	2	0	0	0	0	1	0	0	0	3
OG0011319	3	0	0	0	0	0	0	0	0	3
OG0011320	2	0	1	0	0	0	0	0	0	3
OG0011321	2	0	1	0	0	0	0	0	0	3
OG0011322	2	0	1	0	0	0	0	0	0	3
OG0011323	1	0	1	0	0	1	0	0	0	3
OG0011324	3	0	0	0	0	0	0	0	0	3
OG0011325	3	0	0	0	0	0	0	0	0	3
OG0011326	3	0	0	0	0	0	0	0	0	3
OG0011327	2	0	1	0	0	0	0	0	0	3
OG0011328	3	0	0	0	0	0	0	0	0	3
OG0011329	3	0	0	0	0	0	0	0	0	3
OG0011330	3	0	0	0	0	0	0	0	0	3
OG0011331	2	0	0	0	0	1	0	0	0	3
OG0011332	3	0	0	0	0	0	0	0	0	3
OG0011333	3	0	0	0	0	0	0	0	0	3
OG0011334	1	0	0	0	0	1	1	0	0	3
OG0011335	1	0	2	0	0	0	0	0	0	3
OG0011336	2	0	1	0	0	0	0	0	0	3
OG0011337	3	0	0	0	0	0	0	0	0	3
OG0011338	2	0	1	0	0	0	0	0	0	3
OG0011339	2	0	0	0	0	1	0	0	0	3
OG0011340	2	0	0	0	0	1	0	0	0	3
OG0011341	2	0	1	0	0	0	0	0	0	3
OG0011342	1	0	2	0	0	0	0	0	0	3
OG0011343	3	0	0	0	0	0	0	0	0	3
OG0011344	2	0	0	0	0	1	0	0	0	3
OG0011345	3	0	0	0	0	0	0	0	0	3
OG0011346	2	0	1	0	0	0	0	0	0	3
OG0011347	3	0	0	0	0	0	0	0	0	3
OG0011348	1	0	1	0	0	1	0	0	0	3
OG0011349	3	0	0	0	0	0	0	0	0	3
OG0011350	1	0	1	1	0	0	0	0	0	3
OG0011351	2	0	0	0	0	1	0	0	0	3
OG0011352	3	0	0	0	0	0	0	0	0	3
OG0011353	1	0	1	0	0	1	0	0	0	3
OG0011354	1	0	0	0	0	1	1	0	0	3
OG0011355	1	0	0	1	0	1	0	0	0	3
OG0011356	3	0	0	0	0	0	0	0	0	3
OG0011357	1	0	0	0	0	2	0	0	0	3
OG0011358	2	0	0	0	0	1	0	0	0	3
OG0011359	1	0	1	0	0	1	0	0	0	3
OG0011360	2	0	1	0	0	0	0	0	0	3
OG0011361	3	0	0	0	0	0	0	0	0	3
OG0011362	3	0	0	0	0	0	0	0	0	3
OG0011363	3	0	0	0	0	0	0	0	0	3
OG0011364	1	0	1	0	0	1	0	0	0	3
OG0011365	3	0	0	0	0	0	0	0	0	3
OG0011366	3	0	0	0	0	0	0	0	0	3
OG0011367	3	0	0	0	0	0	0	0	0	3
OG0011368	3	0	0	0	0	0	0	0	0	3
OG0011369	2	0	0	0	0	1	0	0	0	3
OG0011370	1	0	0	0	0	2	0	0	0	3
OG0011371	3	0	0	0	0	0	0	0	0	3
OG0011372	1	0	2	0	0	0	0	0	0	3
OG0011373	1	0	1	0	0	0	1	0	0	3
OG0011374	1	0	2	0	0	0	0	0	0	3
OG0011375	2	0	1	0	0	0	0	0	0	3
OG0011376	1	0	0	1	0	1	0	0	0	3
OG0011377	3	0	0	0	0	0	0	0	0	3
OG0011378	1	0	1	0	0	1	0	0	0	3
OG0011379	2	0	0	0	0	1	0	0	0	3
OG0011380	1	0	0	0	0	1	1	0	0	3
OG0011381	3	0	0	0	0	0	0	0	0	3
OG0011382	1	0	2	0	0	0	0	0	0	3
OG0011383	3	0	0	0	0	0	0	0	0	3
OG0011384	3	0	0	0	0	0	0	0	0	3
OG0011385	3	0	0	0	0	0	0	0	0	3
OG0011386	3	0	0	0	0	0	0	0	0	3
OG0011387	2	0	0	0	0	1	0	0	0	3
OG0011388	2	0	0	0	0	1	0	0	0	3
OG0011389	3	0	0	0	0	0	0	0	0	3
OG0011390	2	0	0	0	0	1	0	0	0	3
OG0011391	2	0	0	0	0	1	0	0	0	3
OG0011392	3	0	0	0	0	0	0	0	0	3
OG0011393	1	0	0	0	0	1	1	0	0	3
OG0011394	2	0	0	0	0	1	0	0	0	3
OG0011395	2	0	0	0	0	1	0	0	0	3
OG0011396	1	0	2	0	0	0	0	0	0	3
OG0011397	2	0	1	0	0	0	0	0	0	3
OG0011398	3	0	0	0	0	0	0	0	0	3
OG0011399	3	0	0	0	0	0	0	0	0	3
OG0011400	2	0	0	0	0	1	0	0	0	3
OG0011401	1	0	2	0	0	0	0	0	0	3
OG0011402	2	0	1	0	0	0	0	0	0	3
OG0011403	2	0	0	0	0	1	0	0	0	3
OG0011404	2	0	1	0	0	0	0	0	0	3
OG0011405	3	0	0	0	0	0	0	0	0	3
OG0011406	2	0	1	0	0	0	0	0	0	3
OG0011407	2	0	1	0	0	0	0	0	0	3
OG0011408	3	0	0	0	0	0	0	0	0	3
OG0011409	3	0	0	0	0	0	0	0	0	3
OG0011410	3	0	0	0	0	0	0	0	0	3
OG0011411	3	0	0	0	0	0	0	0	0	3
OG0011412	3	0	0	0	0	0	0	0	0	3
OG0011413	2	0	1	0	0	0	0	0	0	3
OG0011414	3	0	0	0	0	0	0	0	0	3
OG0011415	3	0	0	0	0	0	0	0	0	3
OG0011416	2	0	1	0	0	0	0	0	0	3
OG0011417	3	0	0	0	0	0	0	0	0	3
OG0011418	3	0	0	0	0	0	0	0	0	3
OG0011419	3	0	0	0	0	0	0	0	0	3
OG0011420	2	0	0	0	0	0	1	0	0	3
OG0011421	2	0	1	0	0	0	0	0	0	3
OG0011422	3	0	0	0	0	0	0	0	0	3
OG0011423	2	0	0	0	0	1	0	0	0	3
OG0011424	2	0	1	0	0	0	0	0	0	3
OG0011425	3	0	0	0	0	0	0	0	0	3
OG0011426	3	0	0	0	0	0	0	0	0	3
OG0011427	1	0	0	2	0	0	0	0	0	3
OG0011428	2	0	1	0	0	0	0	0	0	3
OG0011429	3	0	0	0	0	0	0	0	0	3
OG0011430	3	0	0	0	0	0	0	0	0	3
OG0011431	3	0	0	0	0	0	0	0	0	3
OG0011432	3	0	0	0	0	0	0	0	0	3
OG0011433	1	0	0	0	0	1	1	0	0	3
OG0011434	2	0	1	0	0	0	0	0	0	3
OG0011435	2	0	1	0	0	0	0	0	0	3
OG0011436	1	0	0	1	0	1	0	0	0	3
OG0011437	2	0	1	0	0	0	0	0	0	3
OG0011438	1	0	2	0	0	0	0	0	0	3
OG0011439	2	0	1	0	0	0	0	0	0	3
OG0011440	3	0	0	0	0	0	0	0	0	3
OG0011441	1	0	0	2	0	0	0	0	0	3
OG0011442	3	0	0	0	0	0	0	0	0	3
OG0011443	1	0	2	0	0	0	0	0	0	3
OG0011444	1	0	1	0	0	1	0	0	0	3
OG0011445	2	0	0	0	0	1	0	0	0	3
OG0011446	2	0	1	0	0	0	0	0	0	3
OG0011447	2	0	0	0	0	1	0	0	0	3
OG0011448	1	0	1	0	0	1	0	0	0	3
OG0011449	2	0	1	0	0	0	0	0	0	3
OG0011450	3	0	0	0	0	0	0	0	0	3
OG0011451	3	0	0	0	0	0	0	0	0	3
OG0011452	2	0	1	0	0	0	0	0	0	3
OG0011453	3	0	0	0	0	0	0	0	0	3
OG0011454	1	0	1	0	0	1	0	0	0	3
OG0011455	2	0	1	0	0	0	0	0	0	3
OG0011456	1	0	2	0	0	0	0	0	0	3
OG0011457	3	0	0	0	0	0	0	0	0	3
OG0011458	1	0	1	0	0	1	0	0	0	3
OG0011459	1	0	0	0	0	1	1	0	0	3
OG0011460	2	0	1	0	0	0	0	0	0	3
OG0011461	2	0	1	0	0	0	0	0	0	3
OG0011462	2	0	1	0	0	0	0	0	0	3
OG0011463	2	0	1	0	0	0	0	0	0	3
OG0011464	1	0	1	0	0	1	0	0	0	3
OG0011465	3	0	0	0	0	0	0	0	0	3
OG0011466	2	0	1	0	0	0	0	0	0	3
OG0011467	3	0	0	0	0	0	0	0	0	3
OG0011468	1	0	1	0	0	1	0	0	0	3
OG0011469	2	0	0	0	0	1	0	0	0	3
OG0011470	3	0	0	0	0	0	0	0	0	3
OG0011471	3	0	0	0	0	0	0	0	0	3
OG0011472	1	0	2	0	0	0	0	0	0	3
OG0011473	2	0	1	0	0	0	0	0	0	3
OG0011474	3	0	0	0	0	0	0	0	0	3
OG0011475	2	0	1	0	0	0	0	0	0	3
OG0011476	3	0	0	0	0	0	0	0	0	3
OG0011477	2	0	1	0	0	0	0	0	0	3
OG0011478	2	0	1	0	0	0	0	0	0	3
OG0011479	1	0	2	0	0	0	0	0	0	3
OG0011480	2	0	0	0	0	1	0	0	0	3
OG0011481	3	0	0	0	0	0	0	0	0	3
OG0011482	1	0	2	0	0	0	0	0	0	3
OG0011483	1	0	1	0	0	1	0	0	0	3
OG0011484	1	0	2	0	0	0	0	0	0	3
OG0011485	3	0	0	0	0	0	0	0	0	3
OG0011486	1	0	1	0	0	1	0	0	0	3
OG0011487	1	0	2	0	0	0	0	0	0	3
OG0011488	2	0	1	0	0	0	0	0	0	3
OG0011489	3	0	0	0	0	0	0	0	0	3
OG0011490	1	0	2	0	0	0	0	0	0	3
OG0011491	3	0	0	0	0	0	0	0	0	3
OG0011492	2	0	1	0	0	0	0	0	0	3
OG0011493	3	0	0	0	0	0	0	0	0	3
OG0011494	3	0	0	0	0	0	0	0	0	3
OG0011495	1	0	1	0	0	1	0	0	0	3
OG0011496	1	0	2	0	0	0	0	0	0	3
OG0011497	2	0	0	0	0	1	0	0	0	3
OG0011498	1	0	2	0	0	0	0	0	0	3
OG0011499	2	0	0	0	0	1	0	0	0	3
OG0011500	1	0	0	0	0	1	1	0	0	3
OG0011501	2	0	1	0	0	0	0	0	0	3
OG0011502	3	0	0	0	0	0	0	0	0	3
OG0011503	3	0	0	0	0	0	0	0	0	3
OG0011504	3	0	0	0	0	0	0	0	0	3
OG0011505	2	0	0	0	0	1	0	0	0	3
OG0011506	1	0	1	0	0	1	0	0	0	3
OG0011507	2	0	0	0	0	1	0	0	0	3
OG0011508	2	0	0	0	0	1	0	0	0	3
OG0011509	3	0	0	0	0	0	0	0	0	3
OG0011510	2	0	1	0	0	0	0	0	0	3
OG0011511	3	0	0	0	0	0	0	0	0	3
OG0011512	2	0	1	0	0	0	0	0	0	3
OG0011513	2	0	0	0	0	1	0	0	0	3
OG0011514	1	0	2	0	0	0	0	0	0	3
OG0011515	3	0	0	0	0	0	0	0	0	3
OG0011516	1	0	0	0	0	1	1	0	0	3
OG0011517	1	0	2	0	0	0	0	0	0	3
OG0011518	2	0	1	0	0	0	0	0	0	3
OG0011519	1	0	0	0	0	2	0	0	0	3
OG0011520	3	0	0	0	0	0	0	0	0	3
OG0011521	1	0	1	0	0	1	0	0	0	3
OG0011522	3	0	0	0	0	0	0	0	0	3
OG0011523	1	0	1	0	0	1	0	0	0	3
OG0011524	2	0	1	0	0	0	0	0	0	3
OG0011525	2	0	0	0	0	1	0	0	0	3
OG0011526	2	0	1	0	0	0	0	0	0	3
OG0011527	2	0	0	0	0	1	0	0	0	3
OG0011528	3	0	0	0	0	0	0	0	0	3
OG0011529	3	0	0	0	0	0	0	0	0	3
OG0011530	2	0	1	0	0	0	0	0	0	3
OG0011531	3	0	0	0	0	0	0	0	0	3
OG0011532	1	0	0	0	0	1	1	0	0	3
OG0011533	1	0	1	0	0	1	0	0	0	3
OG0011534	2	0	1	0	0	0	0	0	0	3
OG0011535	2	0	0	0	0	0	1	0	0	3
OG0011536	1	0	0	0	0	2	0	0	0	3
OG0011537	3	0	0	0	0	0	0	0	0	3
OG0011538	3	0	0	0	0	0	0	0	0	3
OG0011539	3	0	0	0	0	0	0	0	0	3
OG0011540	2	0	1	0	0	0	0	0	0	3
OG0011541	1	0	1	0	0	1	0	0	0	3
OG0011542	1	0	1	0	0	1	0	0	0	3
OG0011543	2	0	0	0	0	1	0	0	0	3
OG0011544	2	0	1	0	0	0	0	0	0	3
OG0011545	3	0	0	0	0	0	0	0	0	3
OG0011546	2	0	0	0	0	1	0	0	0	3
OG0011547	1	0	1	0	0	1	0	0	0	3
OG0011548	2	0	0	0	0	1	0	0	0	3
OG0011549	3	0	0	0	0	0	0	0	0	3
OG0011550	1	0	1	0	0	1	0	0	0	3
OG0011551	2	0	0	0	0	1	0	0	0	3
OG0011552	3	0	0	0	0	0	0	0	0	3
OG0011553	2	0	0	0	0	1	0	0	0	3
OG0011554	2	0	1	0	0	0	0	0	0	3
OG0011555	1	0	0	0	0	2	0	0	0	3
OG0011556	3	0	0	0	0	0	0	0	0	3
OG0011557	3	0	0	0	0	0	0	0	0	3
OG0011558	1	0	1	0	0	1	0	0	0	3
OG0011559	1	0	2	0	0	0	0	0	0	3
OG0011560	2	0	1	0	0	0	0	0	0	3
OG0011561	2	0	1	0	0	0	0	0	0	3
OG0011562	1	0	0	1	0	1	0	0	0	3
OG0011563	2	0	0	0	0	1	0	0	0	3
OG0011564	1	0	1	0	0	1	0	0	0	3
OG0011565	2	0	1	0	0	0	0	0	0	3
OG0011566	1	0	0	0	0	2	0	0	0	3
OG0011567	2	0	0	0	0	0	1	0	0	3
OG0011568	2	0	0	0	0	1	0	0	0	3
OG0011569	3	0	0	0	0	0	0	0	0	3
OG0011570	2	0	1	0	0	0	0	0	0	3
OG0011571	1	0	1	0	0	1	0	0	0	3
OG0011572	1	0	1	0	0	1	0	0	0	3
OG0011573	2	0	0	0	0	1	0	0	0	3
OG0011574	1	0	1	0	0	1	0	0	0	3
OG0011575	3	0	0	0	0	0	0	0	0	3
OG0011576	2	0	1	0	0	0	0	0	0	3
OG0011577	1	0	1	0	0	1	0	0	0	3
OG0011578	1	0	2	0	0	0	0	0	0	3
OG0011579	1	0	1	0	0	1	0	0	0	3
OG0011580	2	0	1	0	0	0	0	0	0	3
OG0011581	2	0	1	0	0	0	0	0	0	3
OG0011582	2	0	1	0	0	0	0	0	0	3
OG0011583	1	0	1	0	0	1	0	0	0	3
OG0011584	1	0	1	0	0	1	0	0	0	3
OG0011585	2	0	1	0	0	0	0	0	0	3
OG0011586	1	0	0	0	0	1	1	0	0	3
OG0011587	2	0	0	0	0	1	0	0	0	3
OG0011588	2	0	1	0	0	0	0	0	0	3
OG0011589	2	0	1	0	0	0	0	0	0	3
OG0011590	2	0	1	0	0	0	0	0	0	3
OG0011591	2	0	1	0	0	0	0	0	0	3
OG0011592	1	0	2	0	0	0	0	0	0	3
OG0011593	3	0	0	0	0	0	0	0	0	3
OG0011594	2	0	1	0	0	0	0	0	0	3
OG0011595	2	0	0	0	0	1	0	0	0	3
OG0011596	3	0	0	0	0	0	0	0	0	3
OG0011597	3	0	0	0	0	0	0	0	0	3
OG0011598	3	0	0	0	0	0	0	0	0	3
OG0011599	1	0	2	0	0	0	0	0	0	3
OG0011600	2	0	1	0	0	0	0	0	0	3
OG0011601	3	0	0	0	0	0	0	0	0	3
OG0011602	3	0	0	0	0	0	0	0	0	3
OG0011603	1	0	2	0	0	0	0	0	0	3
OG0011604	3	0	0	0	0	0	0	0	0	3
OG0011605	2	0	0	0	0	0	1	0	0	3
OG0011606	1	0	1	1	0	0	0	0	0	3
OG0011607	1	0	0	0	0	0	2	0	0	3
OG0011608	1	0	1	0	0	1	0	0	0	3
OG0011609	3	0	0	0	0	0	0	0	0	3
OG0011610	2	0	1	0	0	0	0	0	0	3
OG0011611	2	0	1	0	0	0	0	0	0	3
OG0011612	2	0	0	0	0	1	0	0	0	3
OG0011613	2	0	1	0	0	0	0	0	0	3
OG0011614	2	0	1	0	0	0	0	0	0	3
OG0011615	1	0	2	0	0	0	0	0	0	3
OG0011616	1	0	1	0	0	1	0	0	0	3
OG0011617	3	0	0	0	0	0	0	0	0	3
OG0011618	2	0	0	0	0	1	0	0	0	3
OG0011619	2	0	1	0	0	0	0	0	0	3
OG0011620	3	0	0	0	0	0	0	0	0	3
OG0011621	2	0	1	0	0	0	0	0	0	3
OG0011622	1	0	0	0	0	1	1	0	0	3
OG0011623	1	0	2	0	0	0	0	0	0	3
OG0011624	1	0	2	0	0	0	0	0	0	3
OG0011625	1	0	1	0	0	1	0	0	0	3
OG0011626	1	0	1	0	0	1	0	0	0	3
OG0011627	1	0	1	0	0	1	0	0	0	3
OG0011628	3	0	0	0	0	0	0	0	0	3
OG0011629	1	0	0	2	0	0	0	0	0	3
OG0011630	1	0	0	1	0	0	1	0	0	3
OG0011631	2	0	0	0	0	1	0	0	0	3
OG0011632	2	0	1	0	0	0	0	0	0	3
OG0011633	1	0	2	0	0	0	0	0	0	3
OG0011634	2	0	1	0	0	0	0	0	0	3
OG0011635	2	0	0	1	0	0	0	0	0	3
OG0011636	1	0	1	0	0	1	0	0	0	3
OG0011637	2	0	0	0	0	1	0	0	0	3
OG0011638	2	0	0	0	0	1	0	0	0	3
OG0011639	1	0	2	0	0	0	0	0	0	3
OG0011640	1	0	2	0	0	0	0	0	0	3
OG0011641	2	0	1	0	0	0	0	0	0	3
OG0011642	2	0	0	0	0	1	0	0	0	3
OG0011643	1	0	0	1	0	1	0	0	0	3
OG0011644	2	0	0	0	0	1	0	0	0	3
OG0011645	1	0	1	0	0	1	0	0	0	3
OG0011646	2	0	1	0	0	0	0	0	0	3
OG0011647	2	0	0	0	0	1	0	0	0	3
OG0011648	2	0	0	0	0	1	0	0	0	3
OG0011649	2	0	0	0	0	1	0	0	0	3
OG0011650	1	0	1	0	0	1	0	0	0	3
OG0011651	1	0	2	0	0	0	0	0	0	3
OG0011652	1	0	0	0	1	0	0	1	0	3
OG0011653	2	0	0	0	0	1	0	0	0	3
OG0011654	1	0	1	0	0	1	0	0	0	3
OG0011655	2	0	0	0	0	1	0	0	0	3
OG0011656	3	0	0	0	0	0	0	0	0	3
OG0011657	2	0	1	0	0	0	0	0	0	3
OG0011658	2	0	1	0	0	0	0	0	0	3
OG0011659	3	0	0	0	0	0	0	0	0	3
OG0011660	1	0	1	0	0	1	0	0	0	3
OG0011661	2	0	0	1	0	0	0	0	0	3
OG0011662	1	0	0	1	0	1	0	0	0	3
OG0011663	1	0	0	0	0	2	0	0	0	3
OG0011664	1	0	0	0	0	2	0	0	0	3
OG0011665	1	0	1	0	0	1	0	0	0	3
OG0011666	1	0	1	0	0	1	0	0	0	3
OG0011667	3	0	0	0	0	0	0	0	0	3
OG0011668	3	0	0	0	0	0	0	0	0	3
OG0011669	2	0	1	0	0	0	0	0	0	3
OG0011670	2	0	1	0	0	0	0	0	0	3
OG0011671	2	0	0	0	0	1	0	0	0	3
OG0011672	2	0	1	0	0	0	0	0	0	3
OG0011673	3	0	0	0	0	0	0	0	0	3
OG0011674	1	0	1	0	0	0	1	0	0	3
OG0011675	3	0	0	0	0	0	0	0	0	3
OG0011676	2	0	1	0	0	0	0	0	0	3
OG0011677	3	0	0	0	0	0	0	0	0	3
OG0011678	1	0	0	1	0	1	0	0	0	3
OG0011679	2	0	1	0	0	0	0	0	0	3
OG0011680	2	0	1	0	0	0	0	0	0	3
OG0011681	3	0	0	0	0	0	0	0	0	3
OG0011682	1	0	1	0	0	1	0	0	0	3
OG0011683	2	0	1	0	0	0	0	0	0	3
OG0011684	1	0	1	0	0	0	1	0	0	3
OG0011685	2	0	0	0	0	1	0	0	0	3
OG0011686	1	0	2	0	0	0	0	0	0	3
OG0011687	1	0	2	0	0	0	0	0	0	3
OG0011688	1	0	1	0	0	1	0	0	0	3
OG0011689	1	0	1	0	0	1	0	0	0	3
OG0011690	2	0	0	0	0	1	0	0	0	3
OG0011691	3	0	0	0	0	0	0	0	0	3
OG0011692	1	0	2	0	0	0	0	0	0	3
OG0011693	1	0	2	0	0	0	0	0	0	3
OG0011694	1	0	0	0	0	2	0	0	0	3
OG0011695	1	0	0	0	0	2	0	0	0	3
OG0011696	1	0	1	0	0	1	0	0	0	3
OG0011697	3	0	0	0	0	0	0	0	0	3
OG0011698	1	0	1	0	0	1	0	0	0	3
OG0011699	1	0	1	0	0	1	0	0	0	3
OG0011700	2	0	1	0	0	0	0	0	0	3
OG0011701	1	0	2	0	0	0	0	0	0	3
OG0011702	1	0	1	0	0	1	0	0	0	3
OG0011703	1	0	1	0	0	1	0	0	0	3
OG0011704	2	0	0	0	0	1	0	0	0	3
OG0011705	2	0	0	0	0	1	0	0	0	3
OG0011706	2	0	0	0	0	1	0	0	0	3
OG0011707	2	0	1	0	0	0	0	0	0	3
OG0011708	1	0	2	0	0	0	0	0	0	3
OG0011709	2	0	1	0	0	0	0	0	0	3
OG0011710	1	0	2	0	0	0	0	0	0	3
OG0011711	3	0	0	0	0	0	0	0	0	3
OG0011712	3	0	0	0	0	0	0	0	0	3
OG0011713	2	0	1	0	0	0	0	0	0	3
OG0011714	2	0	0	0	0	1	0	0	0	3
OG0011715	2	0	1	0	0	0	0	0	0	3
OG0011716	1	0	0	0	0	2	0	0	0	3
OG0011717	3	0	0	0	0	0	0	0	0	3
OG0011718	0	1	0	0	0	0	0	1	1	3
OG0011719	0	1	0	0	0	0	0	1	1	3
OG0011720	0	1	0	0	0	0	0	1	1	3
OG0011721	0	1	0	0	0	0	0	1	1	3
OG0011722	0	2	0	0	1	0	0	0	0	3
OG0011723	0	1	0	0	1	0	0	1	0	3
OG0011724	0	1	0	0	1	0	0	0	1	3
OG0011725	0	1	0	0	0	0	0	1	1	3
OG0011726	0	1	0	0	0	0	0	1	1	3
OG0011727	0	1	0	0	1	0	0	1	0	3
OG0011728	0	1	0	0	0	0	0	1	1	3
OG0011729	0	1	0	0	0	0	0	1	1	3
OG0011730	0	1	0	0	2	0	0	0	0	3
OG0011731	0	1	0	0	0	0	0	1	1	3
OG0011732	0	1	0	0	2	0	0	0	0	3
OG0011733	0	1	0	0	1	0	0	0	1	3
OG0011734	0	1	0	0	0	0	0	1	1	3
OG0011735	0	1	0	0	0	0	0	1	1	3
OG0011736	0	1	0	0	0	0	0	1	1	3
OG0011737	0	1	0	0	0	0	0	1	1	3
OG0011738	0	1	0	0	0	0	0	2	0	3
OG0011739	0	1	0	0	0	0	0	1	1	3
OG0011740	0	1	0	0	1	0	0	0	1	3
OG0011741	0	1	0	0	0	0	0	1	1	3
OG0011742	0	1	0	1	0	0	0	0	1	3
OG0011743	0	1	0	0	0	0	0	1	1	3
OG0011744	0	2	0	0	1	0	0	0	0	3
OG0011745	0	1	0	0	1	0	0	0	1	3
OG0011746	0	1	0	0	1	0	0	0	1	3
OG0011747	0	1	0	0	1	0	0	0	1	3
OG0011748	0	1	0	0	1	0	0	0	1	3
OG0011749	0	1	0	0	1	0	0	1	0	3
OG0011750	0	1	0	0	0	0	0	1	1	3
OG0011751	0	1	0	0	0	0	0	1	1	3
OG0011752	0	1	0	0	0	0	0	1	1	3
OG0011753	0	1	0	0	0	0	0	1	1	3
OG0011754	0	1	0	0	0	0	0	1	1	3
OG0011755	0	1	0	0	0	0	0	1	1	3
OG0011756	0	1	0	0	2	0	0	0	0	3
OG0011757	0	1	0	0	0	0	0	1	1	3
OG0011758	0	1	0	0	0	0	0	1	1	3
OG0011759	0	1	0	0	0	0	0	1	1	3
OG0011760	0	1	0	0	0	0	0	1	1	3
OG0011761	0	1	0	0	0	0	0	1	1	3
OG0011762	0	1	0	0	0	0	0	1	1	3
OG0011763	0	1	0	0	0	0	0	1	1	3
OG0011764	0	1	0	0	1	0	0	0	1	3
OG0011765	0	1	0	0	0	0	0	1	1	3
OG0011766	0	1	0	0	0	0	0	1	1	3
OG0011767	0	1	0	0	0	0	0	1	1	3
OG0011768	0	1	0	0	0	0	0	1	1	3
OG0011769	0	1	0	0	0	0	0	1	1	3
OG0011770	0	2	0	0	1	0	0	0	0	3
OG0011771	0	1	0	0	1	0	0	0	1	3
OG0011772	0	1	0	0	1	0	0	0	1	3
OG0011773	0	1	0	0	1	0	0	0	1	3
OG0011774	0	1	0	0	1	0	0	0	1	3
OG0011775	0	1	0	0	0	0	0	1	1	3
OG0011776	0	1	0	0	0	0	0	1	1	3
OG0011777	0	1	0	0	0	0	0	1	1	3
OG0011778	0	1	0	0	2	0	0	0	0	3
OG0011779	0	1	0	0	2	0	0	0	0	3
OG0011780	0	1	0	0	1	0	0	0	1	3
OG0011781	0	1	0	0	0	0	0	1	1	3
OG0011782	0	1	0	0	2	0	0	0	0	3
OG0011783	0	1	0	0	2	0	0	0	0	3
OG0011784	0	1	0	0	0	0	0	1	1	3
OG0011785	0	1	0	0	0	0	0	1	1	3
OG0011786	0	1	0	0	0	0	0	1	1	3
OG0011787	0	1	0	0	1	0	0	1	0	3
OG0011788	0	1	0	0	2	0	0	0	0	3
OG0011789	0	1	0	0	0	0	0	1	1	3
OG0011790	0	1	0	0	1	0	0	0	1	3
OG0011791	0	1	0	0	1	0	0	0	1	3
OG0011792	0	1	0	0	1	0	0	0	1	3
OG0011793	0	1	0	0	2	0	0	0	0	3
OG0011794	0	1	0	0	2	0	0	0	0	3
OG0011795	0	1	0	0	1	0	0	0	1	3
OG0011796	0	1	0	0	0	0	0	1	1	3
OG0011797	0	1	0	0	0	0	0	1	1	3
OG0011798	0	1	0	0	0	0	0	1	1	3
OG0011799	0	1	0	0	1	0	0	0	1	3
OG0011800	0	1	0	0	0	0	0	1	1	3
OG0011801	0	1	0	0	1	0	0	1	0	3
OG0011802	0	1	0	0	0	0	0	1	1	3
OG0011803	0	1	0	0	0	0	0	1	1	3
OG0011804	0	1	0	0	1	0	0	0	1	3
OG0011805	0	1	0	0	0	0	0	1	1	3
OG0011806	0	1	0	0	1	0	0	0	1	3
OG0011807	0	1	0	1	0	0	0	1	0	3
OG0011808	0	1	0	0	0	0	0	1	1	3
OG0011809	0	1	0	0	1	0	0	0	1	3
OG0011810	0	1	0	0	0	0	0	1	1	3
OG0011811	0	1	0	0	1	0	0	1	0	3
OG0011812	0	1	0	0	0	0	0	1	1	3
OG0011813	0	1	0	0	1	0	0	0	1	3
OG0011814	0	1	0	0	0	0	0	1	1	3
OG0011815	0	1	0	0	2	0	0	0	0	3
OG0011816	0	1	0	0	0	0	0	1	1	3
OG0011817	0	1	0	0	0	0	0	1	1	3
OG0011818	0	1	0	0	0	0	0	1	1	3
OG0011819	0	1	0	0	0	0	0	1	1	3
OG0011820	0	1	0	0	0	0	0	1	1	3
OG0011821	0	1	0	0	0	0	0	1	1	3
OG0011822	0	1	0	0	2	0	0	0	0	3
OG0011823	0	1	0	0	1	0	0	0	1	3
OG0011824	0	1	0	0	2	0	0	0	0	3
OG0011825	0	1	0	0	2	0	0	0	0	3
OG0011826	0	1	0	0	1	0	0	0	1	3
OG0011827	0	1	0	0	0	0	0	1	1	3
OG0011828	0	1	0	0	0	0	0	1	1	3
OG0011829	0	1	0	0	1	0	0	0	1	3
OG0011830	0	1	0	0	1	0	0	0	1	3
OG0011831	0	1	0	0	0	0	0	1	1	3
OG0011832	0	1	0	0	0	0	0	1	1	3
OG0011833	0	1	0	0	1	0	0	0	1	3
OG0011834	0	1	0	0	0	0	0	1	1	3
OG0011835	0	1	0	0	1	0	0	1	0	3
OG0011836	0	1	0	0	0	0	0	1	1	3
OG0011837	0	1	0	0	1	0	0	0	1	3
OG0011838	0	1	0	0	0	0	0	1	1	3
OG0011839	0	1	0	0	0	0	0	1	1	3
OG0011840	0	1	0	0	0	0	0	1	1	3
OG0011841	0	1	0	0	0	0	0	1	1	3
OG0011842	0	1	0	0	0	0	0	1	1	3
OG0011843	0	1	0	0	0	0	0	1	1	3
OG0011844	0	1	0	0	1	0	0	1	0	3
OG0011845	0	1	0	0	0	0	0	1	1	3
OG0011846	0	2	0	0	1	0	0	0	0	3
OG0011847	0	1	0	0	0	0	0	1	1	3
OG0011848	0	1	0	0	0	0	0	1	1	3
OG0011849	0	1	0	0	0	0	0	1	1	3
OG0011850	0	1	0	0	0	0	0	1	1	3
OG0011851	0	1	0	0	0	0	0	1	1	3
OG0011852	0	1	0	0	0	0	0	1	1	3
OG0011853	0	1	0	0	0	0	0	1	1	3
OG0011854	0	1	0	0	0	0	0	1	1	3
OG0011855	0	1	0	0	1	0	0	1	0	3
OG0011856	0	1	0	0	0	0	0	1	1	3
OG0011857	0	1	0	0	0	0	0	1	1	3
OG0011858	0	1	0	0	1	0	0	0	1	3
OG0011859	0	1	0	0	0	0	0	1	1	3
OG0011860	0	1	0	0	0	0	0	1	1	3
OG0011861	0	1	0	0	0	0	0	1	1	3
OG0011862	0	2	0	0	1	0	0	0	0	3
OG0011863	0	1	0	0	1	0	0	1	0	3
OG0011864	0	1	0	0	1	0	0	0	1	3
OG0011865	0	1	0	0	1	0	0	0	1	3
OG0011866	0	1	0	0	1	0	0	0	1	3
OG0011867	0	1	0	0	1	0	0	1	0	3
OG0011868	0	1	0	0	2	0	0	0	0	3
OG0011869	0	2	0	0	1	0	0	0	0	3
OG0011870	0	1	0	0	0	0	0	1	1	3
OG0011871	0	1	0	0	1	0	0	0	1	3
OG0011872	0	1	0	0	0	0	0	1	1	3
OG0011873	0	1	0	0	0	0	0	1	1	3
OG0011874	0	1	0	0	0	0	0	1	1	3
OG0011875	0	1	0	0	0	0	0	1	1	3
OG0011876	0	1	0	0	1	0	0	0	1	3
OG0011877	0	1	0	0	1	0	0	0	1	3
OG0011878	0	1	0	0	0	0	0	1	1	3
OG0011879	0	1	0	0	0	0	0	1	1	3
OG0011880	0	1	0	0	0	0	0	1	1	3
OG0011881	0	1	0	0	1	0	0	0	1	3
OG0011882	0	1	0	0	1	0	0	0	1	3
OG0011883	0	0	2	0	0	1	0	0	0	3
OG0011884	0	0	3	0	0	0	0	0	0	3
OG0011885	0	0	3	0	0	0	0	0	0	3
OG0011886	0	0	3	0	0	0	0	0	0	3
OG0011887	0	0	3	0	0	0	0	0	0	3
OG0011888	0	0	3	0	0	0	0	0	0	3
OG0011889	0	0	3	0	0	0	0	0	0	3
OG0011890	0	0	3	0	0	0	0	0	0	3
OG0011891	0	0	3	0	0	0	0	0	0	3
OG0011892	0	0	3	0	0	0	0	0	0	3
OG0011893	0	0	3	0	0	0	0	0	0	3
OG0011894	0	0	3	0	0	0	0	0	0	3
OG0011895	0	0	1	2	0	0	0	0	0	3
OG0011896	0	0	2	0	0	1	0	0	0	3
OG0011897	0	0	3	0	0	0	0	0	0	3
OG0011898	0	0	3	0	0	0	0	0	0	3
OG0011899	0	0	3	0	0	0	0	0	0	3
OG0011900	0	0	3	0	0	0	0	0	0	3
OG0011901	0	0	2	0	0	1	0	0	0	3
OG0011902	0	0	3	0	0	0	0	0	0	3
OG0011903	0	0	3	0	0	0	0	0	0	3
OG0011904	0	0	3	0	0	0	0	0	0	3
OG0011905	0	0	3	0	0	0	0	0	0	3
OG0011906	0	0	3	0	0	0	0	0	0	3
OG0011907	0	0	3	0	0	0	0	0	0	3
OG0011908	0	0	2	0	0	1	0	0	0	3
OG0011909	0	0	2	0	0	1	0	0	0	3
OG0011910	0	0	3	0	0	0	0	0	0	3
OG0011911	0	0	3	0	0	0	0	0	0	3
OG0011912	0	0	3	0	0	0	0	0	0	3
OG0011913	0	0	3	0	0	0	0	0	0	3
OG0011914	0	0	3	0	0	0	0	0	0	3
OG0011915	0	0	2	0	0	1	0	0	0	3
OG0011916	0	0	3	0	0	0	0	0	0	3
OG0011917	0	0	3	0	0	0	0	0	0	3
OG0011918	0	0	3	0	0	0	0	0	0	3
OG0011919	0	0	3	0	0	0	0	0	0	3
OG0011920	0	0	3	0	0	0	0	0	0	3
OG0011921	0	0	2	0	0	1	0	0	0	3
OG0011922	0	0	3	0	0	0	0	0	0	3
OG0011923	0	0	1	1	0	1	0	0	0	3
OG0011924	0	0	3	0	0	0	0	0	0	3
OG0011925	0	0	3	0	0	0	0	0	0	3
OG0011926	0	0	3	0	0	0	0	0	0	3
OG0011927	0	0	3	0	0	0	0	0	0	3
OG0011928	0	0	3	0	0	0	0	0	0	3
OG0011929	0	0	3	0	0	0	0	0	0	3
OG0011930	0	0	3	0	0	0	0	0	0	3
OG0011931	0	0	3	0	0	0	0	0	0	3
OG0011932	0	0	3	0	0	0	0	0	0	3
OG0011933	0	0	3	0	0	0	0	0	0	3
OG0011934	0	0	3	0	0	0	0	0	0	3
OG0011935	0	0	3	0	0	0	0	0	0	3
OG0011936	0	0	3	0	0	0	0	0	0	3
OG0011937	0	0	3	0	0	0	0	0	0	3
OG0011938	0	0	3	0	0	0	0	0	0	3
OG0011939	0	0	3	0	0	0	0	0	0	3
OG0011940	0	0	3	0	0	0	0	0	0	3
OG0011941	0	0	3	0	0	0	0	0	0	3
OG0011942	0	0	3	0	0	0	0	0	0	3
OG0011943	0	0	3	0	0	0	0	0	0	3
OG0011944	0	0	3	0	0	0	0	0	0	3
OG0011945	0	0	3	0	0	0	0	0	0	3
OG0011946	0	0	3	0	0	0	0	0	0	3
OG0011947	0	0	3	0	0	0	0	0	0	3
OG0011948	0	0	3	0	0	0	0	0	0	3
OG0011949	0	0	3	0	0	0	0	0	0	3
OG0011950	0	0	3	0	0	0	0	0	0	3
OG0011951	0	0	3	0	0	0	0	0	0	3
OG0011952	0	0	3	0	0	0	0	0	0	3
OG0011953	0	0	3	0	0	0	0	0	0	3
OG0011954	0	0	3	0	0	0	0	0	0	3
OG0011955	0	0	3	0	0	0	0	0	0	3
OG0011956	0	0	3	0	0	0	0	0	0	3
OG0011957	0	0	3	0	0	0	0	0	0	3
OG0011958	0	0	1	0	0	2	0	0	0	3
OG0011959	0	0	3	0	0	0	0	0	0	3
OG0011960	0	0	3	0	0	0	0	0	0	3
OG0011961	0	0	3	0	0	0	0	0	0	3
OG0011962	0	0	3	0	0	0	0	0	0	3
OG0011963	0	0	3	0	0	0	0	0	0	3
OG0011964	0	0	3	0	0	0	0	0	0	3
OG0011965	0	0	3	0	0	0	0	0	0	3
OG0011966	0	0	3	0	0	0	0	0	0	3
OG0011967	0	0	3	0	0	0	0	0	0	3
OG0011968	0	0	3	0	0	0	0	0	0	3
OG0011969	0	0	1	1	0	1	0	0	0	3
OG0011970	0	0	3	0	0	0	0	0	0	3
OG0011971	0	0	3	0	0	0	0	0	0	3
OG0011972	0	0	3	0	0	0	0	0	0	3
OG0011973	0	0	3	0	0	0	0	0	0	3
OG0011974	0	0	3	0	0	0	0	0	0	3
OG0011975	0	0	3	0	0	0	0	0	0	3
OG0011976	0	0	3	0	0	0	0	0	0	3
OG0011977	0	0	3	0	0	0	0	0	0	3
OG0011978	0	0	3	0	0	0	0	0	0	3
OG0011979	0	0	3	0	0	0	0	0	0	3
OG0011980	0	0	3	0	0	0	0	0	0	3
OG0011981	0	0	3	0	0	0	0	0	0	3
OG0011982	0	0	3	0	0	0	0	0	0	3
OG0011983	0	0	3	0	0	0	0	0	0	3
OG0011984	0	0	3	0	0	0	0	0	0	3
OG0011985	0	0	3	0	0	0	0	0	0	3
OG0011986	0	0	3	0	0	0	0	0	0	3
OG0011987	0	0	3	0	0	0	0	0	0	3
OG0011988	0	0	3	0	0	0	0	0	0	3
OG0011989	0	0	3	0	0	0	0	0	0	3
OG0011990	0	0	2	0	0	1	0	0	0	3
OG0011991	0	0	3	0	0	0	0	0	0	3
OG0011992	0	0	3	0	0	0	0	0	0	3
OG0011993	0	0	3	0	0	0	0	0	0	3
OG0011994	0	0	3	0	0	0	0	0	0	3
OG0011995	0	0	3	0	0	0	0	0	0	3
OG0011996	0	0	3	0	0	0	0	0	0	3
OG0011997	0	0	3	0	0	0	0	0	0	3
OG0011998	0	0	3	0	0	0	0	0	0	3
OG0011999	0	0	3	0	0	0	0	0	0	3
OG0012000	0	0	3	0	0	0	0	0	0	3
OG0012001	0	0	3	0	0	0	0	0	0	3
OG0012002	0	0	3	0	0	0	0	0	0	3
OG0012003	0	0	3	0	0	0	0	0	0	3
OG0012004	0	0	3	0	0	0	0	0	0	3
OG0012005	0	0	3	0	0	0	0	0	0	3
OG0012006	0	0	3	0	0	0	0	0	0	3
OG0012007	0	0	3	0	0	0	0	0	0	3
OG0012008	0	0	3	0	0	0	0	0	0	3
OG0012009	0	0	3	0	0	0	0	0	0	3
OG0012010	0	0	3	0	0	0	0	0	0	3
OG0012011	0	0	3	0	0	0	0	0	0	3
OG0012012	0	0	3	0	0	0	0	0	0	3
OG0012013	0	0	3	0	0	0	0	0	0	3
OG0012014	0	0	3	0	0	0	0	0	0	3
OG0012015	0	0	3	0	0	0	0	0	0	3
OG0012016	0	0	3	0	0	0	0	0	0	3
OG0012017	0	0	3	0	0	0	0	0	0	3
OG0012018	0	0	3	0	0	0	0	0	0	3
OG0012019	0	0	3	0	0	0	0	0	0	3
OG0012020	0	0	3	0	0	0	0	0	0	3
OG0012021	0	0	3	0	0	0	0	0	0	3
OG0012022	0	0	3	0	0	0	0	0	0	3
OG0012023	0	0	2	1	0	0	0	0	0	3
OG0012024	0	0	3	0	0	0	0	0	0	3
OG0012025	0	0	3	0	0	0	0	0	0	3
OG0012026	0	0	2	0	0	0	1	0	0	3
OG0012027	0	0	3	0	0	0	0	0	0	3
OG0012028	0	0	3	0	0	0	0	0	0	3
OG0012029	0	0	3	0	0	0	0	0	0	3
OG0012030	0	0	3	0	0	0	0	0	0	3
OG0012031	0	0	3	0	0	0	0	0	0	3
OG0012032	0	0	3	0	0	0	0	0	0	3
OG0012033	0	0	3	0	0	0	0	0	0	3
OG0012034	0	0	3	0	0	0	0	0	0	3
OG0012035	0	0	3	0	0	0	0	0	0	3
OG0012036	0	0	2	0	0	1	0	0	0	3
OG0012037	0	0	3	0	0	0	0	0	0	3
OG0012038	0	0	3	0	0	0	0	0	0	3
OG0012039	0	0	3	0	0	0	0	0	0	3
OG0012040	0	0	3	0	0	0	0	0	0	3
OG0012041	0	0	3	0	0	0	0	0	0	3
OG0012042	0	0	3	0	0	0	0	0	0	3
OG0012043	0	0	3	0	0	0	0	0	0	3
OG0012044	0	0	3	0	0	0	0	0	0	3
OG0012045	0	0	3	0	0	0	0	0	0	3
OG0012046	0	0	3	0	0	0	0	0	0	3
OG0012047	0	0	3	0	0	0	0	0	0	3
OG0012048	0	0	3	0	0	0	0	0	0	3
OG0012049	0	0	3	0	0	0	0	0	0	3
OG0012050	0	0	3	0	0	0	0	0	0	3
OG0012051	0	0	3	0	0	0	0	0	0	3
OG0012052	0	0	1	1	0	1	0	0	0	3
OG0012053	0	0	3	0	0	0	0	0	0	3
OG0012054	0	0	2	0	0	1	0	0	0	3
OG0012055	0	0	3	0	0	0	0	0	0	3
OG0012056	0	0	3	0	0	0	0	0	0	3
OG0012057	0	0	3	0	0	0	0	0	0	3
OG0012058	0	0	1	0	0	2	0	0	0	3
OG0012059	0	0	3	0	0	0	0	0	0	3
OG0012060	0	0	3	0	0	0	0	0	0	3
OG0012061	0	0	3	0	0	0	0	0	0	3
OG0012062	0	0	3	0	0	0	0	0	0	3
OG0012063	0	0	3	0	0	0	0	0	0	3
OG0012064	0	0	3	0	0	0	0	0	0	3
OG0012065	0	0	3	0	0	0	0	0	0	3
OG0012066	0	0	3	0	0	0	0	0	0	3
OG0012067	0	0	3	0	0	0	0	0	0	3
OG0012068	0	0	3	0	0	0	0	0	0	3
OG0012069	0	0	3	0	0	0	0	0	0	3
OG0012070	0	0	3	0	0	0	0	0	0	3
OG0012071	0	0	3	0	0	0	0	0	0	3
OG0012072	0	0	3	0	0	0	0	0	0	3
OG0012073	0	0	3	0	0	0	0	0	0	3
OG0012074	0	0	3	0	0	0	0	0	0	3
OG0012075	0	0	3	0	0	0	0	0	0	3
OG0012076	0	0	2	0	0	1	0	0	0	3
OG0012077	0	0	3	0	0	0	0	0	0	3
OG0012078	0	0	3	0	0	0	0	0	0	3
OG0012079	0	0	3	0	0	0	0	0	0	3
OG0012080	0	0	3	0	0	0	0	0	0	3
OG0012081	0	0	3	0	0	0	0	0	0	3
OG0012082	0	0	3	0	0	0	0	0	0	3
OG0012083	0	0	3	0	0	0	0	0	0	3
OG0012084	0	0	3	0	0	0	0	0	0	3
OG0012085	0	0	1	0	0	0	0	2	0	3
OG0012086	0	0	3	0	0	0	0	0	0	3
OG0012087	0	0	3	0	0	0	0	0	0	3
OG0012088	0	0	3	0	0	0	0	0	0	3
OG0012089	0	0	3	0	0	0	0	0	0	3
OG0012090	0	0	3	0	0	0	0	0	0	3
OG0012091	0	0	3	0	0	0	0	0	0	3
OG0012092	0	0	3	0	0	0	0	0	0	3
OG0012093	0	0	3	0	0	0	0	0	0	3
OG0012094	0	0	3	0	0	0	0	0	0	3
OG0012095	0	0	3	0	0	0	0	0	0	3
OG0012096	0	0	3	0	0	0	0	0	0	3
OG0012097	0	0	3	0	0	0	0	0	0	3
OG0012098	0	0	2	0	0	1	0	0	0	3
OG0012099	0	0	1	2	0	0	0	0	0	3
OG0012100	0	0	3	0	0	0	0	0	0	3
OG0012101	0	0	3	0	0	0	0	0	0	3
OG0012102	0	0	3	0	0	0	0	0	0	3
OG0012103	0	0	3	0	0	0	0	0	0	3
OG0012104	0	0	3	0	0	0	0	0	0	3
OG0012105	0	0	3	0	0	0	0	0	0	3
OG0012106	0	0	3	0	0	0	0	0	0	3
OG0012107	0	0	3	0	0	0	0	0	0	3
OG0012108	0	0	3	0	0	0	0	0	0	3
OG0012109	0	0	3	0	0	0	0	0	0	3
OG0012110	0	0	3	0	0	0	0	0	0	3
OG0012111	0	0	3	0	0	0	0	0	0	3
OG0012112	0	0	3	0	0	0	0	0	0	3
OG0012113	0	0	3	0	0	0	0	0	0	3
OG0012114	0	0	3	0	0	0	0	0	0	3
OG0012115	0	0	3	0	0	0	0	0	0	3
OG0012116	0	0	3	0	0	0	0	0	0	3
OG0012117	0	0	2	1	0	0	0	0	0	3
OG0012118	0	0	3	0	0	0	0	0	0	3
OG0012119	0	0	3	0	0	0	0	0	0	3
OG0012120	0	0	3	0	0	0	0	0	0	3
OG0012121	0	0	3	0	0	0	0	0	0	3
OG0012122	0	0	3	0	0	0	0	0	0	3
OG0012123	0	0	3	0	0	0	0	0	0	3
OG0012124	0	0	3	0	0	0	0	0	0	3
OG0012125	0	0	3	0	0	0	0	0	0	3
OG0012126	0	0	3	0	0	0	0	0	0	3
OG0012127	0	0	3	0	0	0	0	0	0	3
OG0012128	0	0	3	0	0	0	0	0	0	3
OG0012129	0	0	3	0	0	0	0	0	0	3
OG0012130	0	0	3	0	0	0	0	0	0	3
OG0012131	0	0	3	0	0	0	0	0	0	3
OG0012132	0	0	3	0	0	0	0	0	0	3
OG0012133	0	0	3	0	0	0	0	0	0	3
OG0012134	0	0	3	0	0	0	0	0	0	3
OG0012135	0	0	3	0	0	0	0	0	0	3
OG0012136	0	0	3	0	0	0	0	0	0	3
OG0012137	0	0	3	0	0	0	0	0	0	3
OG0012138	0	0	3	0	0	0	0	0	0	3
OG0012139	0	0	3	0	0	0	0	0	0	3
OG0012140	0	0	3	0	0	0	0	0	0	3
OG0012141	0	0	3	0	0	0	0	0	0	3
OG0012142	0	0	1	1	0	0	1	0	0	3
OG0012143	0	0	3	0	0	0	0	0	0	3
OG0012144	0	0	3	0	0	0	0	0	0	3
OG0012145	0	0	3	0	0	0	0	0	0	3
OG0012146	0	0	3	0	0	0	0	0	0	3
OG0012147	0	0	2	1	0	0	0	0	0	3
OG0012148	0	0	3	0	0	0	0	0	0	3
OG0012149	0	0	3	0	0	0	0	0	0	3
OG0012150	0	0	3	0	0	0	0	0	0	3
OG0012151	0	0	3	0	0	0	0	0	0	3
OG0012152	0	0	3	0	0	0	0	0	0	3
OG0012153	0	0	3	0	0	0	0	0	0	3
OG0012154	0	0	3	0	0	0	0	0	0	3
OG0012155	0	0	3	0	0	0	0	0	0	3
OG0012156	0	0	3	0	0	0	0	0	0	3
OG0012157	0	0	3	0	0	0	0	0	0	3
OG0012158	0	0	3	0	0	0	0	0	0	3
OG0012159	0	0	3	0	0	0	0	0	0	3
OG0012160	0	0	3	0	0	0	0	0	0	3
OG0012161	0	0	3	0	0	0	0	0	0	3
OG0012162	0	0	3	0	0	0	0	0	0	3
OG0012163	0	0	1	0	0	0	2	0	0	3
OG0012164	0	0	3	0	0	0	0	0	0	3
OG0012165	0	0	3	0	0	0	0	0	0	3
OG0012166	0	0	3	0	0	0	0	0	0	3
OG0012167	0	0	3	0	0	0	0	0	0	3
OG0012168	0	0	3	0	0	0	0	0	0	3
OG0012169	0	0	3	0	0	0	0	0	0	3
OG0012170	0	0	2	0	0	0	1	0	0	3
OG0012171	0	0	3	0	0	0	0	0	0	3
OG0012172	0	0	3	0	0	0	0	0	0	3
OG0012173	0	0	3	0	0	0	0	0	0	3
OG0012174	0	0	3	0	0	0	0	0	0	3
OG0012175	0	0	3	0	0	0	0	0	0	3
OG0012176	0	0	2	0	0	1	0	0	0	3
OG0012177	0	0	3	0	0	0	0	0	0	3
OG0012178	0	0	3	0	0	0	0	0	0	3
OG0012179	0	0	3	0	0	0	0	0	0	3
OG0012180	0	0	3	0	0	0	0	0	0	3
OG0012181	0	0	3	0	0	0	0	0	0	3
OG0012182	0	0	3	0	0	0	0	0	0	3
OG0012183	0	0	3	0	0	0	0	0	0	3
OG0012184	0	0	3	0	0	0	0	0	0	3
OG0012185	0	0	3	0	0	0	0	0	0	3
OG0012186	0	0	3	0	0	0	0	0	0	3
OG0012187	0	0	2	0	0	1	0	0	0	3
OG0012188	0	0	3	0	0	0	0	0	0	3
OG0012189	0	0	3	0	0	0	0	0	0	3
OG0012190	0	0	3	0	0	0	0	0	0	3
OG0012191	0	0	3	0	0	0	0	0	0	3
OG0012192	0	0	3	0	0	0	0	0	0	3
OG0012193	0	0	3	0	0	0	0	0	0	3
OG0012194	0	0	1	2	0	0	0	0	0	3
OG0012195	0	0	3	0	0	0	0	0	0	3
OG0012196	0	0	3	0	0	0	0	0	0	3
OG0012197	0	0	3	0	0	0	0	0	0	3
OG0012198	0	0	3	0	0	0	0	0	0	3
OG0012199	0	0	3	0	0	0	0	0	0	3
OG0012200	0	0	3	0	0	0	0	0	0	3
OG0012201	0	0	3	0	0	0	0	0	0	3
OG0012202	0	0	3	0	0	0	0	0	0	3
OG0012203	0	0	3	0	0	0	0	0	0	3
OG0012204	0	0	3	0	0	0	0	0	0	3
OG0012205	0	0	2	0	0	0	1	0	0	3
OG0012206	0	0	3	0	0	0	0	0	0	3
OG0012207	0	0	3	0	0	0	0	0	0	3
OG0012208	0	0	3	0	0	0	0	0	0	3
OG0012209	0	0	3	0	0	0	0	0	0	3
OG0012210	0	0	3	0	0	0	0	0	0	3
OG0012211	0	0	3	0	0	0	0	0	0	3
OG0012212	0	0	3	0	0	0	0	0	0	3
OG0012213	0	0	3	0	0	0	0	0	0	3
OG0012214	0	0	3	0	0	0	0	0	0	3
OG0012215	0	0	3	0	0	0	0	0	0	3
OG0012216	0	0	3	0	0	0	0	0	0	3
OG0012217	0	0	2	0	0	1	0	0	0	3
OG0012218	0	0	3	0	0	0	0	0	0	3
OG0012219	0	0	1	1	0	1	0	0	0	3
OG0012220	0	0	3	0	0	0	0	0	0	3
OG0012221	0	0	3	0	0	0	0	0	0	3
OG0012222	0	0	3	0	0	0	0	0	0	3
OG0012223	0	0	3	0	0	0	0	0	0	3
OG0012224	0	0	3	0	0	0	0	0	0	3
OG0012225	0	0	2	0	0	1	0	0	0	3
OG0012226	0	0	1	0	2	0	0	0	0	3
OG0012227	0	0	3	0	0	0	0	0	0	3
OG0012228	0	0	3	0	0	0	0	0	0	3
OG0012229	0	0	3	0	0	0	0	0	0	3
OG0012230	0	0	3	0	0	0	0	0	0	3
OG0012231	0	0	3	0	0	0	0	0	0	3
OG0012232	0	0	3	0	0	0	0	0	0	3
OG0012233	0	0	3	0	0	0	0	0	0	3
OG0012234	0	0	3	0	0	0	0	0	0	3
OG0012235	0	0	1	0	0	0	2	0	0	3
OG0012236	0	0	3	0	0	0	0	0	0	3
OG0012237	0	0	3	0	0	0	0	0	0	3
OG0012238	0	0	3	0	0	0	0	0	0	3
OG0012239	0	0	3	0	0	0	0	0	0	3
OG0012240	0	0	3	0	0	0	0	0	0	3
OG0012241	0	0	3	0	0	0	0	0	0	3
OG0012242	0	0	3	0	0	0	0	0	0	3
OG0012243	0	0	3	0	0	0	0	0	0	3
OG0012244	0	0	3	0	0	0	0	0	0	3
OG0012245	0	0	3	0	0	0	0	0	0	3
OG0012246	0	0	3	0	0	0	0	0	0	3
OG0012247	0	0	3	0	0	0	0	0	0	3
OG0012248	0	0	3	0	0	0	0	0	0	3
OG0012249	0	0	3	0	0	0	0	0	0	3
OG0012250	0	0	3	0	0	0	0	0	0	3
OG0012251	0	0	3	0	0	0	0	0	0	3
OG0012252	0	0	1	2	0	0	0	0	0	3
OG0012253	0	0	3	0	0	0	0	0	0	3
OG0012254	0	0	3	0	0	0	0	0	0	3
OG0012255	0	0	3	0	0	0	0	0	0	3
OG0012256	0	0	3	0	0	0	0	0	0	3
OG0012257	0	0	2	1	0	0	0	0	0	3
OG0012258	0	0	3	0	0	0	0	0	0	3
OG0012259	0	0	3	0	0	0	0	0	0	3
OG0012260	0	0	3	0	0	0	0	0	0	3
OG0012261	0	0	3	0	0	0	0	0	0	3
OG0012262	0	0	3	0	0	0	0	0	0	3
OG0012263	0	0	3	0	0	0	0	0	0	3
OG0012264	0	0	3	0	0	0	0	0	0	3
OG0012265	0	0	3	0	0	0	0	0	0	3
OG0012266	0	0	1	0	0	0	2	0	0	3
OG0012267	0	0	3	0	0	0	0	0	0	3
OG0012268	0	0	3	0	0	0	0	0	0	3
OG0012269	0	0	3	0	0	0	0	0	0	3
OG0012270	0	0	3	0	0	0	0	0	0	3
OG0012271	0	0	3	0	0	0	0	0	0	3
OG0012272	0	0	2	0	0	1	0	0	0	3
OG0012273	0	0	1	0	0	1	1	0	0	3
OG0012274	0	0	3	0	0	0	0	0	0	3
OG0012275	0	0	3	0	0	0	0	0	0	3
OG0012276	0	0	3	0	0	0	0	0	0	3
OG0012277	0	0	3	0	0	0	0	0	0	3
OG0012278	0	0	3	0	0	0	0	0	0	3
OG0012279	0	0	3	0	0	0	0	0	0	3
OG0012280	0	0	3	0	0	0	0	0	0	3
OG0012281	0	0	3	0	0	0	0	0	0	3
OG0012282	0	0	3	0	0	0	0	0	0	3
OG0012283	0	0	3	0	0	0	0	0	0	3
OG0012284	0	0	3	0	0	0	0	0	0	3
OG0012285	0	0	3	0	0	0	0	0	0	3
OG0012286	0	0	3	0	0	0	0	0	0	3
OG0012287	0	0	3	0	0	0	0	0	0	3
OG0012288	0	0	1	1	0	1	0	0	0	3
OG0012289	0	0	2	0	0	1	0	0	0	3
OG0012290	0	0	3	0	0	0	0	0	0	3
OG0012291	0	0	3	0	0	0	0	0	0	3
OG0012292	0	0	3	0	0	0	0	0	0	3
OG0012293	0	0	3	0	0	0	0	0	0	3
OG0012294	0	0	1	1	0	1	0	0	0	3
OG0012295	0	0	3	0	0	0	0	0	0	3
OG0012296	0	0	3	0	0	0	0	0	0	3
OG0012297	0	0	3	0	0	0	0	0	0	3
OG0012298	0	0	2	0	0	1	0	0	0	3
OG0012299	0	0	3	0	0	0	0	0	0	3
OG0012300	0	0	0	3	0	0	0	0	0	3
OG0012301	0	0	0	1	0	1	0	1	0	3
OG0012302	0	0	0	1	0	0	2	0	0	3
OG0012303	0	0	0	1	0	1	1	0	0	3
OG0012304	0	0	0	3	0	0	0	0	0	3
OG0012305	0	0	0	3	0	0	0	0	0	3
OG0012306	0	0	0	3	0	0	0	0	0	3
OG0012307	0	0	0	3	0	0	0	0	0	3
OG0012308	0	0	0	3	0	0	0	0	0	3
OG0012309	0	0	0	3	0	0	0	0	0	3
OG0012310	0	0	0	3	0	0	0	0	0	3
OG0012311	0	0	0	3	0	0	0	0	0	3
OG0012312	0	0	0	3	0	0	0	0	0	3
OG0012313	0	0	0	3	0	0	0	0	0	3
OG0012314	0	0	0	3	0	0	0	0	0	3
OG0012315	0	0	0	3	0	0	0	0	0	3
OG0012316	0	0	0	3	0	0	0	0	0	3
OG0012317	0	0	0	3	0	0	0	0	0	3
OG0012318	0	0	0	3	0	0	0	0	0	3
OG0012319	0	0	0	3	0	0	0	0	0	3
OG0012320	0	0	0	2	0	1	0	0	0	3
OG0012321	0	0	0	3	0	0	0	0	0	3
OG0012322	0	0	0	3	0	0	0	0	0	3
OG0012323	0	0	0	3	0	0	0	0	0	3
OG0012324	0	0	0	3	0	0	0	0	0	3
OG0012325	0	0	0	1	0	1	1	0	0	3
OG0012326	0	0	0	3	0	0	0	0	0	3
OG0012327	0	0	0	2	0	0	1	0	0	3
OG0012328	0	0	0	3	0	0	0	0	0	3
OG0012329	0	0	0	3	0	0	0	0	0	3
OG0012330	0	0	0	3	0	0	0	0	0	3
OG0012331	0	0	0	3	0	0	0	0	0	3
OG0012332	0	0	0	3	0	0	0	0	0	3
OG0012333	0	0	0	2	0	1	0	0	0	3
OG0012334	0	0	0	3	0	0	0	0	0	3
OG0012335	0	0	0	3	0	0	0	0	0	3
OG0012336	0	0	0	3	0	0	0	0	0	3
OG0012337	0	0	0	3	0	0	0	0	0	3
OG0012338	0	0	0	3	0	0	0	0	0	3
OG0012339	0	0	0	3	0	0	0	0	0	3
OG0012340	0	0	0	2	0	1	0	0	0	3
OG0012341	0	0	0	3	0	0	0	0	0	3
OG0012342	0	0	0	3	0	0	0	0	0	3
OG0012343	0	0	0	1	0	0	0	2	0	3
OG0012344	0	0	0	3	0	0	0	0	0	3
OG0012345	0	0	0	3	0	0	0	0	0	3
OG0012346	0	0	0	3	0	0	0	0	0	3
OG0012347	0	0	0	3	0	0	0	0	0	3
OG0012348	0	0	0	1	0	1	1	0	0	3
OG0012349	0	0	0	3	0	0	0	0	0	3
OG0012350	0	0	0	3	0	0	0	0	0	3
OG0012351	0	0	0	3	0	0	0	0	0	3
OG0012352	0	0	0	2	0	1	0	0	0	3
OG0012353	0	0	0	3	0	0	0	0	0	3
OG0012354	0	0	0	3	0	0	0	0	0	3
OG0012355	0	0	0	3	0	0	0	0	0	3
OG0012356	0	0	0	3	0	0	0	0	0	3
OG0012357	0	0	0	3	0	0	0	0	0	3
OG0012358	0	0	0	3	0	0	0	0	0	3
OG0012359	0	0	0	3	0	0	0	0	0	3
OG0012360	0	0	0	3	0	0	0	0	0	3
OG0012361	0	0	0	3	0	0	0	0	0	3
OG0012362	0	0	0	3	0	0	0	0	0	3
OG0012363	0	0	0	3	0	0	0	0	0	3
OG0012364	0	0	0	3	0	0	0	0	0	3
OG0012365	0	0	0	3	0	0	0	0	0	3
OG0012366	0	0	0	3	0	0	0	0	0	3
OG0012367	0	0	0	2	0	1	0	0	0	3
OG0012368	0	0	0	3	0	0	0	0	0	3
OG0012369	0	0	0	3	0	0	0	0	0	3
OG0012370	0	0	0	3	0	0	0	0	0	3
OG0012371	0	0	0	3	0	0	0	0	0	3
OG0012372	0	0	0	3	0	0	0	0	0	3
OG0012373	0	0	0	3	0	0	0	0	0	3
OG0012374	0	0	0	3	0	0	0	0	0	3
OG0012375	0	0	0	3	0	0	0	0	0	3
OG0012376	0	0	0	3	0	0	0	0	0	3
OG0012377	0	0	0	3	0	0	0	0	0	3
OG0012378	0	0	0	3	0	0	0	0	0	3
OG0012379	0	0	0	3	0	0	0	0	0	3
OG0012380	0	0	0	3	0	0	0	0	0	3
OG0012381	0	0	0	3	0	0	0	0	0	3
OG0012382	0	0	0	3	0	0	0	0	0	3
OG0012383	0	0	0	3	0	0	0	0	0	3
OG0012384	0	0	0	3	0	0	0	0	0	3
OG0012385	0	0	0	3	0	0	0	0	0	3
OG0012386	0	0	0	3	0	0	0	0	0	3
OG0012387	0	0	0	3	0	0	0	0	0	3
OG0012388	0	0	0	3	0	0	0	0	0	3
OG0012389	0	0	0	3	0	0	0	0	0	3
OG0012390	0	0	0	3	0	0	0	0	0	3
OG0012391	0	0	0	3	0	0	0	0	0	3
OG0012392	0	0	0	1	0	2	0	0	0	3
OG0012393	0	0	0	3	0	0	0	0	0	3
OG0012394	0	0	0	3	0	0	0	0	0	3
OG0012395	0	0	0	2	0	1	0	0	0	3
OG0012396	0	0	0	3	0	0	0	0	0	3
OG0012397	0	0	0	3	0	0	0	0	0	3
OG0012398	0	0	0	3	0	0	0	0	0	3
OG0012399	0	0	0	3	0	0	0	0	0	3
OG0012400	0	0	0	3	0	0	0	0	0	3
OG0012401	0	0	0	3	0	0	0	0	0	3
OG0012402	0	0	0	3	0	0	0	0	0	3
OG0012403	0	0	0	3	0	0	0	0	0	3
OG0012404	0	0	0	2	0	0	1	0	0	3
OG0012405	0	0	0	2	0	0	1	0	0	3
OG0012406	0	0	0	3	0	0	0	0	0	3
OG0012407	0	0	0	3	0	0	0	0	0	3
OG0012408	0	0	0	3	0	0	0	0	0	3
OG0012409	0	0	0	3	0	0	0	0	0	3
OG0012410	0	0	0	3	0	0	0	0	0	3
OG0012411	0	0	0	3	0	0	0	0	0	3
OG0012412	0	0	0	3	0	0	0	0	0	3
OG0012413	0	0	0	3	0	0	0	0	0	3
OG0012414	0	0	0	3	0	0	0	0	0	3
OG0012415	0	0	0	3	0	0	0	0	0	3
OG0012416	0	0	0	3	0	0	0	0	0	3
OG0012417	0	0	0	3	0	0	0	0	0	3
OG0012418	0	0	0	3	0	0	0	0	0	3
OG0012419	0	0	0	3	0	0	0	0	0	3
OG0012420	0	0	0	3	0	0	0	0	0	3
OG0012421	0	0	0	3	0	0	0	0	0	3
OG0012422	0	0	0	3	0	0	0	0	0	3
OG0012423	0	0	0	3	0	0	0	0	0	3
OG0012424	0	0	0	3	0	0	0	0	0	3
OG0012425	0	0	0	3	0	0	0	0	0	3
OG0012426	0	0	0	3	0	0	0	0	0	3
OG0012427	0	0	0	3	0	0	0	0	0	3
OG0012428	0	0	0	3	0	0	0	0	0	3
OG0012429	0	0	0	3	0	0	0	0	0	3
OG0012430	0	0	0	3	0	0	0	0	0	3
OG0012431	0	0	0	3	0	0	0	0	0	3
OG0012432	0	0	0	3	0	0	0	0	0	3
OG0012433	0	0	0	3	0	0	0	0	0	3
OG0012434	0	0	0	3	0	0	0	0	0	3
OG0012435	0	0	0	3	0	0	0	0	0	3
OG0012436	0	0	0	3	0	0	0	0	0	3
OG0012437	0	0	0	3	0	0	0	0	0	3
OG0012438	0	0	0	3	0	0	0	0	0	3
OG0012439	0	0	0	3	0	0	0	0	0	3
OG0012440	0	0	0	3	0	0	0	0	0	3
OG0012441	0	0	0	3	0	0	0	0	0	3
OG0012442	0	0	0	3	0	0	0	0	0	3
OG0012443	0	0	0	3	0	0	0	0	0	3
OG0012444	0	0	0	1	0	1	1	0	0	3
OG0012445	0	0	0	3	0	0	0	0	0	3
OG0012446	0	0	0	3	0	0	0	0	0	3
OG0012447	0	0	0	3	0	0	0	0	0	3
OG0012448	0	0	0	3	0	0	0	0	0	3
OG0012449	0	0	0	3	0	0	0	0	0	3
OG0012450	0	0	0	3	0	0	0	0	0	3
OG0012451	0	0	0	3	0	0	0	0	0	3
OG0012452	0	0	0	3	0	0	0	0	0	3
OG0012453	0	0	0	2	0	1	0	0	0	3
OG0012454	0	0	0	3	0	0	0	0	0	3
OG0012455	0	0	0	3	0	0	0	0	0	3
OG0012456	0	0	0	3	0	0	0	0	0	3
OG0012457	0	0	0	3	0	0	0	0	0	3
OG0012458	0	0	0	3	0	0	0	0	0	3
OG0012459	0	0	0	3	0	0	0	0	0	3
OG0012460	0	0	0	3	0	0	0	0	0	3
OG0012461	0	0	0	3	0	0	0	0	0	3
OG0012462	0	0	0	3	0	0	0	0	0	3
OG0012463	0	0	0	3	0	0	0	0	0	3
OG0012464	0	0	0	2	0	1	0	0	0	3
OG0012465	0	0	0	3	0	0	0	0	0	3
OG0012466	0	0	0	3	0	0	0	0	0	3
OG0012467	0	0	0	3	0	0	0	0	0	3
OG0012468	0	0	0	3	0	0	0	0	0	3
OG0012469	0	0	0	2	0	0	1	0	0	3
OG0012470	0	0	0	3	0	0	0	0	0	3
OG0012471	0	0	0	3	0	0	0	0	0	3
OG0012472	0	0	0	3	0	0	0	0	0	3
OG0012473	0	0	0	3	0	0	0	0	0	3
OG0012474	0	0	0	3	0	0	0	0	0	3
OG0012475	0	0	0	3	0	0	0	0	0	3
OG0012476	0	0	0	3	0	0	0	0	0	3
OG0012477	0	0	0	1	0	1	0	1	0	3
OG0012478	0	0	0	3	0	0	0	0	0	3
OG0012479	0	0	0	3	0	0	0	0	0	3
OG0012480	0	0	0	3	0	0	0	0	0	3
OG0012481	0	0	0	3	0	0	0	0	0	3
OG0012482	0	0	0	2	0	1	0	0	0	3
OG0012483	0	0	0	2	0	1	0	0	0	3
OG0012484	0	0	0	3	0	0	0	0	0	3
OG0012485	0	0	0	3	0	0	0	0	0	3
OG0012486	0	0	0	3	0	0	0	0	0	3
OG0012487	0	0	0	3	0	0	0	0	0	3
OG0012488	0	0	0	3	0	0	0	0	0	3
OG0012489	0	0	0	3	0	0	0	0	0	3
OG0012490	0	0	0	3	0	0	0	0	0	3
OG0012491	0	0	0	3	0	0	0	0	0	3
OG0012492	0	0	0	3	0	0	0	0	0	3
OG0012493	0	0	0	3	0	0	0	0	0	3
OG0012494	0	0	0	3	0	0	0	0	0	3
OG0012495	0	0	0	3	0	0	0	0	0	3
OG0012496	0	0	0	3	0	0	0	0	0	3
OG0012497	0	0	0	2	0	1	0	0	0	3
OG0012498	0	0	0	3	0	0	0	0	0	3
OG0012499	0	0	0	3	0	0	0	0	0	3
OG0012500	0	0	0	3	0	0	0	0	0	3
OG0012501	0	0	0	2	0	1	0	0	0	3
OG0012502	0	0	0	2	0	1	0	0	0	3
OG0012503	0	0	0	1	0	1	0	0	1	3
OG0012504	0	0	0	3	0	0	0	0	0	3
OG0012505	0	0	0	1	0	0	0	1	1	3
OG0012506	0	0	0	1	1	1	0	0	0	3
OG0012507	0	0	0	3	0	0	0	0	0	3
OG0012508	0	0	0	3	0	0	0	0	0	3
OG0012509	0	0	0	3	0	0	0	0	0	3
OG0012510	0	0	0	3	0	0	0	0	0	3
OG0012511	0	0	0	3	0	0	0	0	0	3
OG0012512	0	0	0	3	0	0	0	0	0	3
OG0012513	0	0	0	3	0	0	0	0	0	3
OG0012514	0	0	0	3	0	0	0	0	0	3
OG0012515	0	0	0	3	0	0	0	0	0	3
OG0012516	0	0	0	3	0	0	0	0	0	3
OG0012517	0	0	0	3	0	0	0	0	0	3
OG0012518	0	0	0	3	0	0	0	0	0	3
OG0012519	0	0	0	3	0	0	0	0	0	3
OG0012520	0	0	0	3	0	0	0	0	0	3
OG0012521	0	0	0	3	0	0	0	0	0	3
OG0012522	0	0	0	3	0	0	0	0	0	3
OG0012523	0	0	0	3	0	0	0	0	0	3
OG0012524	0	0	0	3	0	0	0	0	0	3
OG0012525	0	0	0	3	0	0	0	0	0	3
OG0012526	0	0	0	3	0	0	0	0	0	3
OG0012527	0	0	0	3	0	0	0	0	0	3
OG0012528	0	0	0	3	0	0	0	0	0	3
OG0012529	0	0	0	3	0	0	0	0	0	3
OG0012530	0	0	0	1	1	0	0	0	1	3
OG0012531	0	0	0	3	0	0	0	0	0	3
OG0012532	0	0	0	3	0	0	0	0	0	3
OG0012533	0	0	0	3	0	0	0	0	0	3
OG0012534	0	0	0	3	0	0	0	0	0	3
OG0012535	0	0	0	3	0	0	0	0	0	3
OG0012536	0	0	0	1	0	1	1	0	0	3
OG0012537	0	0	0	3	0	0	0	0	0	3
OG0012538	0	0	0	3	0	0	0	0	0	3
OG0012539	0	0	0	3	0	0	0	0	0	3
OG0012540	0	0	0	3	0	0	0	0	0	3
OG0012541	0	0	0	3	0	0	0	0	0	3
OG0012542	0	0	0	1	0	1	1	0	0	3
OG0012543	0	0	0	3	0	0	0	0	0	3
OG0012544	0	0	0	3	0	0	0	0	0	3
OG0012545	0	0	0	3	0	0	0	0	0	3
OG0012546	0	0	0	3	0	0	0	0	0	3
OG0012547	0	0	0	3	0	0	0	0	0	3
OG0012548	0	0	0	3	0	0	0	0	0	3
OG0012549	0	0	0	2	0	1	0	0	0	3
OG0012550	0	0	0	3	0	0	0	0	0	3
OG0012551	0	0	0	3	0	0	0	0	0	3
OG0012552	0	0	0	3	0	0	0	0	0	3
OG0012553	0	0	0	3	0	0	0	0	0	3
OG0012554	0	0	0	3	0	0	0	0	0	3
OG0012555	0	0	0	3	0	0	0	0	0	3
OG0012556	0	0	0	3	0	0	0	0	0	3
OG0012557	0	0	0	3	0	0	0	0	0	3
OG0012558	0	0	0	3	0	0	0	0	0	3
OG0012559	0	0	0	3	0	0	0	0	0	3
OG0012560	0	0	0	3	0	0	0	0	0	3
OG0012561	0	0	0	3	0	0	0	0	0	3
OG0012562	0	0	0	3	0	0	0	0	0	3
OG0012563	0	0	0	3	0	0	0	0	0	3
OG0012564	0	0	0	3	0	0	0	0	0	3
OG0012565	0	0	0	3	0	0	0	0	0	3
OG0012566	0	0	0	3	0	0	0	0	0	3
OG0012567	0	0	0	3	0	0	0	0	0	3
OG0012568	0	0	0	3	0	0	0	0	0	3
OG0012569	0	0	0	3	0	0	0	0	0	3
OG0012570	0	0	0	3	0	0	0	0	0	3
OG0012571	0	0	0	2	1	0	0	0	0	3
OG0012572	0	0	0	3	0	0	0	0	0	3
OG0012573	0	0	0	1	0	2	0	0	0	3
OG0012574	0	0	0	3	0	0	0	0	0	3
OG0012575	0	0	0	3	0	0	0	0	0	3
OG0012576	0	0	0	3	0	0	0	0	0	3
OG0012577	0	0	0	3	0	0	0	0	0	3
OG0012578	0	0	0	3	0	0	0	0	0	3
OG0012579	0	0	0	3	0	0	0	0	0	3
OG0012580	0	0	0	3	0	0	0	0	0	3
OG0012581	0	0	0	3	0	0	0	0	0	3
OG0012582	0	0	0	3	0	0	0	0	0	3
OG0012583	0	0	0	2	0	1	0	0	0	3
OG0012584	0	0	0	2	0	1	0	0	0	3
OG0012585	0	0	0	3	0	0	0	0	0	3
OG0012586	0	0	0	3	0	0	0	0	0	3
OG0012587	0	0	0	3	0	0	0	0	0	3
OG0012588	0	0	0	3	0	0	0	0	0	3
OG0012589	0	0	0	3	0	0	0	0	0	3
OG0012590	0	0	0	1	0	1	1	0	0	3
OG0012591	0	0	0	3	0	0	0	0	0	3
OG0012592	0	0	0	3	0	0	0	0	0	3
OG0012593	0	0	0	3	0	0	0	0	0	3
OG0012594	0	0	0	3	0	0	0	0	0	3
OG0012595	0	0	0	3	0	0	0	0	0	3
OG0012596	0	0	0	3	0	0	0	0	0	3
OG0012597	0	0	0	3	0	0	0	0	0	3
OG0012598	0	0	0	3	0	0	0	0	0	3
OG0012599	0	0	0	2	0	1	0	0	0	3
OG0012600	0	0	0	3	0	0	0	0	0	3
OG0012601	0	0	0	2	0	1	0	0	0	3
OG0012602	0	0	0	3	0	0	0	0	0	3
OG0012603	0	0	0	3	0	0	0	0	0	3
OG0012604	0	0	0	3	0	0	0	0	0	3
OG0012605	0	0	0	3	0	0	0	0	0	3
OG0012606	0	0	0	3	0	0	0	0	0	3
OG0012607	0	0	0	3	0	0	0	0	0	3
OG0012608	0	0	0	3	0	0	0	0	0	3
OG0012609	0	0	0	3	0	0	0	0	0	3
OG0012610	0	0	0	3	0	0	0	0	0	3
OG0012611	0	0	0	3	0	0	0	0	0	3
OG0012612	0	0	0	3	0	0	0	0	0	3
OG0012613	0	0	0	3	0	0	0	0	0	3
OG0012614	0	0	0	3	0	0	0	0	0	3
OG0012615	0	0	0	3	0	0	0	0	0	3
OG0012616	0	0	0	3	0	0	0	0	0	3
OG0012617	0	0	0	3	0	0	0	0	0	3
OG0012618	0	0	0	3	0	0	0	0	0	3
OG0012619	0	0	0	3	0	0	0	0	0	3
OG0012620	0	0	0	3	0	0	0	0	0	3
OG0012621	0	0	0	3	0	0	0	0	0	3
OG0012622	0	0	0	2	0	0	1	0	0	3
OG0012623	0	0	0	3	0	0	0	0	0	3
OG0012624	0	0	0	3	0	0	0	0	0	3
OG0012625	0	0	0	3	0	0	0	0	0	3
OG0012626	0	0	0	3	0	0	0	0	0	3
OG0012627	0	0	0	3	0	0	0	0	0	3
OG0012628	0	0	0	3	0	0	0	0	0	3
OG0012629	0	0	0	3	0	0	0	0	0	3
OG0012630	0	0	0	3	0	0	0	0	0	3
OG0012631	0	0	0	1	0	2	0	0	0	3
OG0012632	0	0	0	3	0	0	0	0	0	3
OG0012633	0	0	0	3	0	0	0	0	0	3
OG0012634	0	0	0	1	0	1	1	0	0	3
OG0012635	0	0	0	3	0	0	0	0	0	3
OG0012636	0	0	0	3	0	0	0	0	0	3
OG0012637	0	0	0	3	0	0	0	0	0	3
OG0012638	0	0	0	3	0	0	0	0	0	3
OG0012639	0	0	0	3	0	0	0	0	0	3
OG0012640	0	0	0	3	0	0	0	0	0	3
OG0012641	0	0	0	3	0	0	0	0	0	3
OG0012642	0	0	0	3	0	0	0	0	0	3
OG0012643	0	0	0	3	0	0	0	0	0	3
OG0012644	0	0	0	3	0	0	0	0	0	3
OG0012645	0	0	0	3	0	0	0	0	0	3
OG0012646	0	0	0	3	0	0	0	0	0	3
OG0012647	0	0	0	3	0	0	0	0	0	3
OG0012648	0	0	0	3	0	0	0	0	0	3
OG0012649	0	0	0	3	0	0	0	0	0	3
OG0012650	0	0	0	3	0	0	0	0	0	3
OG0012651	0	0	0	3	0	0	0	0	0	3
OG0012652	0	0	0	3	0	0	0	0	0	3
OG0012653	0	0	0	3	0	0	0	0	0	3
OG0012654	0	0	0	3	0	0	0	0	0	3
OG0012655	0	0	0	3	0	0	0	0	0	3
OG0012656	0	0	0	3	0	0	0	0	0	3
OG0012657	0	0	0	3	0	0	0	0	0	3
OG0012658	0	0	0	3	0	0	0	0	0	3
OG0012659	0	0	0	3	0	0	0	0	0	3
OG0012660	0	0	0	3	0	0	0	0	0	3
OG0012661	0	0	0	2	0	1	0	0	0	3
OG0012662	0	0	0	3	0	0	0	0	0	3
OG0012663	0	0	0	3	0	0	0	0	0	3
OG0012664	0	0	0	3	0	0	0	0	0	3
OG0012665	0	0	0	3	0	0	0	0	0	3
OG0012666	0	0	0	3	0	0	0	0	0	3
OG0012667	0	0	0	3	0	0	0	0	0	3
OG0012668	0	0	0	3	0	0	0	0	0	3
OG0012669	0	0	0	3	0	0	0	0	0	3
OG0012670	0	0	0	3	0	0	0	0	0	3
OG0012671	0	0	0	3	0	0	0	0	0	3
OG0012672	0	0	0	3	0	0	0	0	0	3
OG0012673	0	0	0	1	0	0	0	2	0	3
OG0012674	0	0	0	3	0	0	0	0	0	3
OG0012675	0	0	0	3	0	0	0	0	0	3
OG0012676	0	0	0	3	0	0	0	0	0	3
OG0012677	0	0	0	3	0	0	0	0	0	3
OG0012678	0	0	0	3	0	0	0	0	0	3
OG0012679	0	0	0	3	0	0	0	0	0	3
OG0012680	0	0	0	2	0	0	1	0	0	3
OG0012681	0	0	0	3	0	0	0	0	0	3
OG0012682	0	0	0	3	0	0	0	0	0	3
OG0012683	0	0	0	3	0	0	0	0	0	3
OG0012684	0	0	0	3	0	0	0	0	0	3
OG0012685	0	0	0	3	0	0	0	0	0	3
OG0012686	0	0	0	3	0	0	0	0	0	3
OG0012687	0	0	0	3	0	0	0	0	0	3
OG0012688	0	0	0	2	0	1	0	0	0	3
OG0012689	0	0	0	3	0	0	0	0	0	3
OG0012690	0	0	0	3	0	0	0	0	0	3
OG0012691	0	0	0	3	0	0	0	0	0	3
OG0012692	0	0	0	3	0	0	0	0	0	3
OG0012693	0	0	0	3	0	0	0	0	0	3
OG0012694	0	0	0	3	0	0	0	0	0	3
OG0012695	0	0	0	3	0	0	0	0	0	3
OG0012696	0	0	0	2	0	0	1	0	0	3
OG0012697	0	0	0	3	0	0	0	0	0	3
OG0012698	0	0	0	3	0	0	0	0	0	3
OG0012699	0	0	0	2	0	0	1	0	0	3
OG0012700	0	0	0	3	0	0	0	0	0	3
OG0012701	0	0	0	3	0	0	0	0	0	3
OG0012702	0	0	0	3	0	0	0	0	0	3
OG0012703	0	0	0	3	0	0	0	0	0	3
OG0012704	0	0	0	3	0	0	0	0	0	3
OG0012705	0	0	0	3	0	0	0	0	0	3
OG0012706	0	0	0	3	0	0	0	0	0	3
OG0012707	0	0	0	3	0	0	0	0	0	3
OG0012708	0	0	0	3	0	0	0	0	0	3
OG0012709	0	0	0	3	0	0	0	0	0	3
OG0012710	0	0	0	3	0	0	0	0	0	3
OG0012711	0	0	0	3	0	0	0	0	0	3
OG0012712	0	0	0	3	0	0	0	0	0	3
OG0012713	0	0	0	3	0	0	0	0	0	3
OG0012714	0	0	0	3	0	0	0	0	0	3
OG0012715	0	0	0	3	0	0	0	0	0	3
OG0012716	0	0	0	3	0	0	0	0	0	3
OG0012717	0	0	0	3	0	0	0	0	0	3
OG0012718	0	0	0	3	0	0	0	0	0	3
OG0012719	0	0	0	3	0	0	0	0	0	3
OG0012720	0	0	0	3	0	0	0	0	0	3
OG0012721	0	0	0	3	0	0	0	0	0	3
OG0012722	0	0	0	3	0	0	0	0	0	3
OG0012723	0	0	0	3	0	0	0	0	0	3
OG0012724	0	0	0	2	0	1	0	0	0	3
OG0012725	0	0	0	3	0	0	0	0	0	3
OG0012726	0	0	0	3	0	0	0	0	0	3
OG0012727	0	0	0	3	0	0	0	0	0	3
OG0012728	0	0	0	3	0	0	0	0	0	3
OG0012729	0	0	0	3	0	0	0	0	0	3
OG0012730	0	0	0	3	0	0	0	0	0	3
OG0012731	0	0	0	3	0	0	0	0	0	3
OG0012732	0	0	0	3	0	0	0	0	0	3
OG0012733	0	0	0	2	0	0	1	0	0	3
OG0012734	0	0	0	2	0	1	0	0	0	3
OG0012735	0	0	0	3	0	0	0	0	0	3
OG0012736	0	0	0	3	0	0	0	0	0	3
OG0012737	0	0	0	3	0	0	0	0	0	3
OG0012738	0	0	0	3	0	0	0	0	0	3
OG0012739	0	0	0	3	0	0	0	0	0	3
OG0012740	0	0	0	3	0	0	0	0	0	3
OG0012741	0	0	0	3	0	0	0	0	0	3
OG0012742	0	0	0	3	0	0	0	0	0	3
OG0012743	0	0	0	3	0	0	0	0	0	3
OG0012744	0	0	0	2	0	0	1	0	0	3
OG0012745	0	0	0	2	1	0	0	0	0	3
OG0012746	0	0	0	3	0	0	0	0	0	3
OG0012747	0	0	0	3	0	0	0	0	0	3
OG0012748	0	0	0	3	0	0	0	0	0	3
OG0012749	0	0	0	3	0	0	0	0	0	3
OG0012750	0	0	0	3	0	0	0	0	0	3
OG0012751	0	0	0	3	0	0	0	0	0	3
OG0012752	0	0	0	3	0	0	0	0	0	3
OG0012753	0	0	0	3	0	0	0	0	0	3
OG0012754	0	0	0	3	0	0	0	0	0	3
OG0012755	0	0	0	3	0	0	0	0	0	3
OG0012756	0	0	0	3	0	0	0	0	0	3
OG0012757	0	0	0	3	0	0	0	0	0	3
OG0012758	0	0	0	3	0	0	0	0	0	3
OG0012759	0	0	0	3	0	0	0	0	0	3
OG0012760	0	0	0	3	0	0	0	0	0	3
OG0012761	0	0	0	0	3	0	0	0	0	3
OG0012762	0	0	0	0	1	0	0	1	1	3
OG0012763	0	0	0	0	1	0	0	1	1	3
OG0012764	0	0	0	0	1	0	0	1	1	3
OG0012765	0	0	0	0	1	0	0	1	1	3
OG0012766	0	0	0	0	1	0	0	1	1	3
OG0012767	0	0	0	0	1	0	0	1	1	3
OG0012768	0	0	0	0	1	0	0	1	1	3
OG0012769	0	0	0	0	1	0	0	1	1	3
OG0012770	0	0	0	0	1	0	0	1	1	3
OG0012771	0	0	0	0	3	0	0	0	0	3
OG0012772	0	0	0	0	1	0	0	1	1	3
OG0012773	0	0	0	0	2	0	0	1	0	3
OG0012774	0	0	0	0	1	0	0	1	1	3
OG0012775	0	0	0	0	1	0	0	1	1	3
OG0012776	0	0	0	0	1	0	0	1	1	3
OG0012777	0	0	0	0	1	0	0	1	1	3
OG0012778	0	0	0	0	1	0	0	1	1	3
OG0012779	0	0	0	0	1	0	0	1	1	3
OG0012780	0	0	0	0	1	0	0	1	1	3
OG0012781	0	0	0	0	1	0	0	1	1	3
OG0012782	0	0	0	0	1	0	0	1	1	3
OG0012783	0	0	0	0	1	0	0	1	1	3
OG0012784	0	0	0	0	1	0	0	1	1	3
OG0012785	0	0	0	0	1	0	0	1	1	3
OG0012786	0	0	0	0	1	0	0	1	1	3
OG0012787	0	0	0	0	1	0	0	1	1	3
OG0012788	0	0	0	0	3	0	0	0	0	3
OG0012789	0	0	0	0	1	0	0	1	1	3
OG0012790	0	0	0	0	1	1	0	0	1	3
OG0012791	0	0	0	0	1	0	0	1	1	3
OG0012792	0	0	0	0	1	0	0	1	1	3
OG0012793	0	0	0	0	1	0	0	1	1	3
OG0012794	0	0	0	0	1	0	0	1	1	3
OG0012795	0	0	0	0	3	0	0	0	0	3
OG0012796	0	0	0	0	1	0	0	1	1	3
OG0012797	0	0	0	0	1	0	0	1	1	3
OG0012798	0	0	0	0	3	0	0	0	0	3
OG0012799	0	0	0	0	0	3	0	0	0	3
OG0012800	0	0	0	0	0	3	0	0	0	3
OG0012801	0	0	0	0	0	3	0	0	0	3
OG0012802	0	0	0	0	0	3	0	0	0	3
OG0012803	0	0	0	0	0	3	0	0	0	3
OG0012804	0	0	0	0	0	3	0	0	0	3
OG0012805	0	0	0	0	0	3	0	0	0	3
OG0012806	0	0	0	0	0	3	0	0	0	3
OG0012807	0	0	0	0	0	3	0	0	0	3
OG0012808	0	0	0	0	0	3	0	0	0	3
OG0012809	0	0	0	0	0	3	0	0	0	3
OG0012810	0	0	0	0	0	3	0	0	0	3
OG0012811	0	0	0	0	0	3	0	0	0	3
OG0012812	0	0	0	0	0	3	0	0	0	3
OG0012813	0	0	0	0	0	3	0	0	0	3
OG0012814	0	0	0	0	0	3	0	0	0	3
OG0012815	0	0	0	0	0	3	0	0	0	3
OG0012816	0	0	0	0	0	3	0	0	0	3
OG0012817	0	0	0	0	0	3	0	0	0	3
OG0012818	0	0	0	0	0	3	0	0	0	3
OG0012819	0	0	0	0	0	3	0	0	0	3
OG0012820	0	0	0	0	0	3	0	0	0	3
OG0012821	0	0	0	0	0	3	0	0	0	3
OG0012822	0	0	0	0	0	3	0	0	0	3
OG0012823	0	0	0	0	0	3	0	0	0	3
OG0012824	0	0	0	0	0	3	0	0	0	3
OG0012825	0	0	0	0	0	3	0	0	0	3
OG0012826	0	0	0	0	0	3	0	0	0	3
OG0012827	0	0	0	0	0	3	0	0	0	3
OG0012828	0	0	0	0	0	3	0	0	0	3
OG0012829	0	0	0	0	0	1	2	0	0	3
OG0012830	0	0	0	0	0	3	0	0	0	3
OG0012831	0	0	0	0	0	3	0	0	0	3
OG0012832	0	0	0	0	0	3	0	0	0	3
OG0012833	0	0	0	0	0	3	0	0	0	3
OG0012834	0	0	0	0	0	3	0	0	0	3
OG0012835	0	0	0	0	0	3	0	0	0	3
OG0012836	0	0	0	0	0	3	0	0	0	3
OG0012837	0	0	0	0	0	3	0	0	0	3
OG0012838	0	0	0	0	0	3	0	0	0	3
OG0012839	0	0	0	0	0	3	0	0	0	3
OG0012840	0	0	0	0	0	3	0	0	0	3
OG0012841	0	0	0	0	0	3	0	0	0	3
OG0012842	0	0	0	0	0	1	2	0	0	3
OG0012843	0	0	0	0	0	3	0	0	0	3
OG0012844	0	0	0	0	0	2	1	0	0	3
OG0012845	0	0	0	0	0	3	0	0	0	3
OG0012846	0	0	0	0	0	3	0	0	0	3
OG0012847	0	0	0	0	0	3	0	0	0	3
OG0012848	0	0	0	0	0	3	0	0	0	3
OG0012849	0	0	0	0	0	3	0	0	0	3
OG0012850	0	0	0	0	0	3	0	0	0	3
OG0012851	0	0	0	0	0	3	0	0	0	3
OG0012852	0	0	0	0	0	3	0	0	0	3
OG0012853	0	0	0	0	0	3	0	0	0	3
OG0012854	0	0	0	0	0	3	0	0	0	3
OG0012855	0	0	0	0	0	3	0	0	0	3
OG0012856	0	0	0	0	0	3	0	0	0	3
OG0012857	0	0	0	0	0	3	0	0	0	3
OG0012858	0	0	0	0	0	3	0	0	0	3
OG0012859	0	0	0	0	0	3	0	0	0	3
OG0012860	0	0	0	0	0	3	0	0	0	3
OG0012861	0	0	0	0	0	2	1	0	0	3
OG0012862	0	0	0	0	0	3	0	0	0	3
OG0012863	0	0	0	0	0	1	0	1	1	3
OG0012864	0	0	0	0	0	3	0	0	0	3
OG0012865	0	0	0	0	0	3	0	0	0	3
OG0012866	0	0	0	0	0	3	0	0	0	3
OG0012867	0	0	0	0	0	3	0	0	0	3
OG0012868	0	0	0	0	0	3	0	0	0	3
OG0012869	0	0	0	0	0	3	0	0	0	3
OG0012870	0	0	0	0	0	3	0	0	0	3
OG0012871	0	0	0	0	0	3	0	0	0	3
OG0012872	0	0	0	0	0	3	0	0	0	3
OG0012873	0	0	0	0	0	3	0	0	0	3
OG0012874	0	0	0	0	0	3	0	0	0	3
OG0012875	0	0	0	0	0	3	0	0	0	3
OG0012876	0	0	0	0	0	1	2	0	0	3
OG0012877	0	0	0	0	0	3	0	0	0	3
OG0012878	0	0	0	0	0	3	0	0	0	3
OG0012879	0	0	0	0	0	3	0	0	0	3
OG0012880	0	0	0	0	0	3	0	0	0	3
OG0012881	0	0	0	0	0	3	0	0	0	3
OG0012882	0	0	0	0	0	3	0	0	0	3
OG0012883	0	0	0	0	0	3	0	0	0	3
OG0012884	0	0	0	0	0	3	0	0	0	3
OG0012885	0	0	0	0	0	2	1	0	0	3
OG0012886	0	0	0	0	0	3	0	0	0	3
OG0012887	0	0	0	0	0	3	0	0	0	3
OG0012888	0	0	0	0	0	3	0	0	0	3
OG0012889	0	0	0	0	0	3	0	0	0	3
OG0012890	0	0	0	0	0	3	0	0	0	3
OG0012891	0	0	0	0	0	3	0	0	0	3
OG0012892	0	0	0	0	0	3	0	0	0	3
OG0012893	0	0	0	0	0	3	0	0	0	3
OG0012894	0	0	0	0	0	3	0	0	0	3
OG0012895	0	0	0	0	0	3	0	0	0	3
OG0012896	0	0	0	0	0	0	3	0	0	3
OG0012897	0	0	0	0	0	0	3	0	0	3
OG0012898	0	0	0	0	0	0	3	0	0	3
OG0012899	0	0	0	0	0	0	3	0	0	3
OG0012900	0	0	0	0	0	0	3	0	0	3
OG0012901	0	0	0	0	0	0	3	0	0	3
OG0012902	0	0	0	0	0	0	3	0	0	3
OG0012903	0	0	0	0	0	0	3	0	0	3
OG0012904	0	0	0	0	0	0	3	0	0	3
OG0012905	0	0	0	0	0	0	3	0	0	3
OG0012906	0	0	0	0	0	0	3	0	0	3
OG0012907	0	0	0	0	0	0	3	0	0	3
OG0012908	0	0	0	0	0	0	3	0	0	3
OG0012909	0	0	0	0	0	0	3	0	0	3
OG0012910	0	0	0	0	0	0	3	0	0	3
OG0012911	0	0	0	0	0	0	3	0	0	3
OG0012912	0	0	0	0	0	0	3	0	0	3
OG0012913	0	0	0	0	0	0	3	0	0	3
OG0012914	0	0	0	0	0	0	3	0	0	3
OG0012915	0	0	0	0	0	0	3	0	0	3
OG0012916	0	0	0	0	0	0	3	0	0	3
OG0012917	0	0	0	0	0	0	3	0	0	3
OG0012918	0	0	0	0	0	0	3	0	0	3
OG0012919	0	0	0	0	0	0	3	0	0	3
OG0012920	0	0	0	0	0	0	3	0	0	3
OG0012921	0	0	0	0	0	0	3	0	0	3
OG0012922	0	0	0	0	0	0	3	0	0	3
OG0012923	0	0	0	0	0	0	3	0	0	3
OG0012924	0	0	0	0	0	0	3	0	0	3
OG0012925	0	0	0	0	0	0	3	0	0	3
OG0012926	0	0	0	0	0	0	3	0	0	3
OG0012927	0	0	0	0	0	0	3	0	0	3
OG0012928	0	0	0	0	0	0	3	0	0	3
OG0012929	0	0	0	0	0	0	3	0	0	3
OG0012930	0	0	0	0	0	0	3	0	0	3
OG0012931	0	0	0	0	0	0	3	0	0	3
OG0012932	0	0	0	0	0	0	3	0	0	3
OG0012933	0	0	0	0	0	0	3	0	0	3
OG0012934	0	0	0	0	0	0	3	0	0	3
OG0012935	0	0	0	0	0	0	3	0	0	3
OG0012936	0	0	0	0	0	0	3	0	0	3
OG0012937	0	0	0	0	0	0	3	0	0	3
OG0012938	0	0	0	0	0	0	3	0	0	3
OG0012939	0	0	0	0	0	0	3	0	0	3
OG0012940	0	0	0	0	0	0	3	0	0	3
OG0012941	0	0	0	0	0	0	3	0	0	3
OG0012942	0	0	0	0	0	0	3	0	0	3
OG0012943	0	0	0	0	0	0	3	0	0	3
OG0012944	0	0	0	0	0	0	3	0	0	3
OG0012945	0	0	0	0	0	0	3	0	0	3
OG0012946	0	0	0	0	0	0	3	0	0	3
OG0012947	0	0	0	0	0	0	3	0	0	3
OG0012948	0	0	0	0	0	0	3	0	0	3
OG0012949	0	0	0	0	0	0	3	0	0	3
OG0012950	0	0	0	0	0	0	3	0	0	3
OG0012951	0	0	0	0	0	0	3	0	0	3
OG0012952	0	0	0	0	0	0	3	0	0	3
OG0012953	0	0	0	0	0	0	3	0	0	3
OG0012954	0	0	0	0	0	0	3	0	0	3
OG0012955	0	0	0	0	0	0	3	0	0	3
OG0012956	0	0	0	0	0	0	3	0	0	3
OG0012957	0	0	0	0	0	0	3	0	0	3
OG0012958	0	0	0	0	0	0	3	0	0	3
OG0012959	0	0	0	0	0	0	3	0	0	3
OG0012960	0	0	0	0	0	0	3	0	0	3
OG0012961	0	0	0	0	0	0	3	0	0	3
OG0012962	0	0	0	0	0	0	3	0	0	3
OG0012963	0	0	0	0	0	0	3	0	0	3
OG0012964	0	0	0	0	0	0	3	0	0	3
OG0012965	0	0	0	0	0	0	3	0	0	3
OG0012966	0	0	0	0	0	0	3	0	0	3
OG0012967	0	0	0	0	0	0	3	0	0	3
OG0012968	0	0	0	0	0	0	3	0	0	3
OG0012969	0	0	0	0	0	0	3	0	0	3
OG0012970	0	0	0	0	0	0	3	0	0	3
OG0012971	0	0	0	0	0	0	3	0	0	3
OG0012972	0	0	0	0	0	0	3	0	0	3
OG0012973	0	0	0	0	0	0	3	0	0	3
OG0012974	0	0	0	0	0	0	3	0	0	3
OG0012975	0	0	0	0	0	0	3	0	0	3
OG0012976	0	0	0	0	0	0	3	0	0	3
OG0012977	0	0	0	0	0	0	3	0	0	3
OG0012978	0	0	0	0	0	0	0	2	1	3
OG0012979	0	0	0	0	0	0	0	1	2	3
OG0012980	0	0	0	0	0	0	0	2	1	3
OG0012981	0	0	0	0	0	0	0	2	1	3
OG0012982	0	0	0	0	0	0	0	1	2	3
OG0012983	0	0	0	0	0	0	0	2	1	3
OG0012984	0	0	0	0	0	0	0	2	1	3
OG0012985	0	0	0	0	0	0	0	2	1	3
OG0012986	0	0	0	0	0	0	0	1	2	3
OG0012987	0	0	0	0	0	0	0	2	1	3
OG0012988	0	0	0	0	0	0	0	2	1	3
OG0012989	0	0	0	0	0	0	0	2	1	3
OG0012990	0	0	0	0	0	0	0	2	1	3
OG0012991	0	0	0	0	0	0	0	2	1	3
OG0012992	0	0	0	0	0	0	0	2	1	3
OG0012993	0	0	0	0	0	0	0	1	2	3
OG0012994	0	0	0	0	0	0	0	2	1	3
OG0012995	0	0	0	0	0	0	0	1	2	3
OG0012996	0	0	0	0	0	0	0	2	1	3
OG0012997	0	0	0	0	0	0	0	1	2	3
OG0012998	0	0	0	0	0	0	0	2	1	3
OG0012999	0	0	0	0	0	0	0	2	1	3
OG0013000	0	0	0	0	0	0	0	2	1	3
OG0013001	0	0	0	0	0	0	0	2	1	3
OG0013002	0	0	0	0	0	0	0	2	1	3
OG0013003	0	0	0	0	0	0	0	2	1	3
OG0013004	0	0	0	0	0	0	0	3	0	3
OG0013005	0	0	0	0	0	0	0	0	3	3
OG0013006	2	0	0	0	0	0	0	0	0	2
OG0013007	2	0	0	0	0	0	0	0	0	2
OG0013008	1	0	0	0	0	1	0	0	0	2
OG0013009	2	0	0	0	0	0	0	0	0	2
OG0013010	2	0	0	0	0	0	0	0	0	2
OG0013011	2	0	0	0	0	0	0	0	0	2
OG0013012	1	0	1	0	0	0	0	0	0	2
OG0013013	1	0	0	0	0	0	0	1	0	2
OG0013014	2	0	0	0	0	0	0	0	0	2
OG0013015	2	0	0	0	0	0	0	0	0	2
OG0013016	2	0	0	0	0	0	0	0	0	2
OG0013017	2	0	0	0	0	0	0	0	0	2
OG0013018	2	0	0	0	0	0	0	0	0	2
OG0013019	2	0	0	0	0	0	0	0	0	2
OG0013020	2	0	0	0	0	0	0	0	0	2
OG0013021	2	0	0	0	0	0	0	0	0	2
OG0013022	2	0	0	0	0	0	0	0	0	2
OG0013023	2	0	0	0	0	0	0	0	0	2
OG0013024	2	0	0	0	0	0	0	0	0	2
OG0013025	2	0	0	0	0	0	0	0	0	2
OG0013026	2	0	0	0	0	0	0	0	0	2
OG0013027	2	0	0	0	0	0	0	0	0	2
OG0013028	2	0	0	0	0	0	0	0	0	2
OG0013029	2	0	0	0	0	0	0	0	0	2
OG0013030	2	0	0	0	0	0	0	0	0	2
OG0013031	2	0	0	0	0	0	0	0	0	2
OG0013032	2	0	0	0	0	0	0	0	0	2
OG0013033	2	0	0	0	0	0	0	0	0	2
OG0013034	1	0	1	0	0	0	0	0	0	2
OG0013035	2	0	0	0	0	0	0	0	0	2
OG0013036	2	0	0	0	0	0	0	0	0	2
OG0013037	1	0	1	0	0	0	0	0	0	2
OG0013038	1	0	0	1	0	0	0	0	0	2
OG0013039	2	0	0	0	0	0	0	0	0	2
OG0013040	2	0	0	0	0	0	0	0	0	2
OG0013041	2	0	0	0	0	0	0	0	0	2
OG0013042	2	0	0	0	0	0	0	0	0	2
OG0013043	2	0	0	0	0	0	0	0	0	2
OG0013044	2	0	0	0	0	0	0	0	0	2
OG0013045	2	0	0	0	0	0	0	0	0	2
OG0013046	2	0	0	0	0	0	0	0	0	2
OG0013047	2	0	0	0	0	0	0	0	0	2
OG0013048	2	0	0	0	0	0	0	0	0	2
OG0013049	2	0	0	0	0	0	0	0	0	2
OG0013050	2	0	0	0	0	0	0	0	0	2
OG0013051	2	0	0	0	0	0	0	0	0	2
OG0013052	1	0	1	0	0	0	0	0	0	2
OG0013053	2	0	0	0	0	0	0	0	0	2
OG0013054	1	0	1	0	0	0	0	0	0	2
OG0013055	2	0	0	0	0	0	0	0	0	2
OG0013056	2	0	0	0	0	0	0	0	0	2
OG0013057	1	0	0	0	0	1	0	0	0	2
OG0013058	1	0	0	0	0	1	0	0	0	2
OG0013059	2	0	0	0	0	0	0	0	0	2
OG0013060	2	0	0	0	0	0	0	0	0	2
OG0013061	2	0	0	0	0	0	0	0	0	2
OG0013062	2	0	0	0	0	0	0	0	0	2
OG0013063	2	0	0	0	0	0	0	0	0	2
OG0013064	2	0	0	0	0	0	0	0	0	2
OG0013065	2	0	0	0	0	0	0	0	0	2
OG0013066	2	0	0	0	0	0	0	0	0	2
OG0013067	2	0	0	0	0	0	0	0	0	2
OG0013068	2	0	0	0	0	0	0	0	0	2
OG0013069	2	0	0	0	0	0	0	0	0	2
OG0013070	2	0	0	0	0	0	0	0	0	2
OG0013071	2	0	0	0	0	0	0	0	0	2
OG0013072	2	0	0	0	0	0	0	0	0	2
OG0013073	2	0	0	0	0	0	0	0	0	2
OG0013074	2	0	0	0	0	0	0	0	0	2
OG0013075	2	0	0	0	0	0	0	0	0	2
OG0013076	2	0	0	0	0	0	0	0	0	2
OG0013077	2	0	0	0	0	0	0	0	0	2
OG0013078	2	0	0	0	0	0	0	0	0	2
OG0013079	2	0	0	0	0	0	0	0	0	2
OG0013080	2	0	0	0	0	0	0	0	0	2
OG0013081	1	0	1	0	0	0	0	0	0	2
OG0013082	2	0	0	0	0	0	0	0	0	2
OG0013083	2	0	0	0	0	0	0	0	0	2
OG0013084	1	0	1	0	0	0	0	0	0	2
OG0013085	2	0	0	0	0	0	0	0	0	2
OG0013086	2	0	0	0	0	0	0	0	0	2
OG0013087	2	0	0	0	0	0	0	0	0	2
OG0013088	2	0	0	0	0	0	0	0	0	2
OG0013089	2	0	0	0	0	0	0	0	0	2
OG0013090	2	0	0	0	0	0	0	0	0	2
OG0013091	2	0	0	0	0	0	0	0	0	2
OG0013092	2	0	0	0	0	0	0	0	0	2
OG0013093	2	0	0	0	0	0	0	0	0	2
OG0013094	2	0	0	0	0	0	0	0	0	2
OG0013095	2	0	0	0	0	0	0	0	0	2
OG0013096	2	0	0	0	0	0	0	0	0	2
OG0013097	2	0	0	0	0	0	0	0	0	2
OG0013098	2	0	0	0	0	0	0	0	0	2
OG0013099	2	0	0	0	0	0	0	0	0	2
OG0013100	2	0	0	0	0	0	0	0	0	2
OG0013101	1	0	1	0	0	0	0	0	0	2
OG0013102	1	0	1	0	0	0	0	0	0	2
OG0013103	2	0	0	0	0	0	0	0	0	2
OG0013104	2	0	0	0	0	0	0	0	0	2
OG0013105	2	0	0	0	0	0	0	0	0	2
OG0013106	2	0	0	0	0	0	0	0	0	2
OG0013107	2	0	0	0	0	0	0	0	0	2
OG0013108	2	0	0	0	0	0	0	0	0	2
OG0013109	2	0	0	0	0	0	0	0	0	2
OG0013110	2	0	0	0	0	0	0	0	0	2
OG0013111	2	0	0	0	0	0	0	0	0	2
OG0013112	2	0	0	0	0	0	0	0	0	2
OG0013113	2	0	0	0	0	0	0	0	0	2
OG0013114	2	0	0	0	0	0	0	0	0	2
OG0013115	2	0	0	0	0	0	0	0	0	2
OG0013116	1	0	0	0	0	1	0	0	0	2
OG0013117	2	0	0	0	0	0	0	0	0	2
OG0013118	2	0	0	0	0	0	0	0	0	2
OG0013119	2	0	0	0	0	0	0	0	0	2
OG0013120	1	0	0	0	0	0	1	0	0	2
OG0013121	2	0	0	0	0	0	0	0	0	2
OG0013122	2	0	0	0	0	0	0	0	0	2
OG0013123	2	0	0	0	0	0	0	0	0	2
OG0013124	2	0	0	0	0	0	0	0	0	2
OG0013125	2	0	0	0	0	0	0	0	0	2
OG0013126	2	0	0	0	0	0	0	0	0	2
OG0013127	2	0	0	0	0	0	0	0	0	2
OG0013128	2	0	0	0	0	0	0	0	0	2
OG0013129	2	0	0	0	0	0	0	0	0	2
OG0013130	2	0	0	0	0	0	0	0	0	2
OG0013131	2	0	0	0	0	0	0	0	0	2
OG0013132	1	0	1	0	0	0	0	0	0	2
OG0013133	2	0	0	0	0	0	0	0	0	2
OG0013134	2	0	0	0	0	0	0	0	0	2
OG0013135	2	0	0	0	0	0	0	0	0	2
OG0013136	2	0	0	0	0	0	0	0	0	2
OG0013137	2	0	0	0	0	0	0	0	0	2
OG0013138	2	0	0	0	0	0	0	0	0	2
OG0013139	1	0	1	0	0	0	0	0	0	2
OG0013140	2	0	0	0	0	0	0	0	0	2
OG0013141	2	0	0	0	0	0	0	0	0	2
OG0013142	1	0	1	0	0	0	0	0	0	2
OG0013143	2	0	0	0	0	0	0	0	0	2
OG0013144	2	0	0	0	0	0	0	0	0	2
OG0013145	2	0	0	0	0	0	0	0	0	2
OG0013146	2	0	0	0	0	0	0	0	0	2
OG0013147	1	0	1	0	0	0	0	0	0	2
OG0013148	2	0	0	0	0	0	0	0	0	2
OG0013149	2	0	0	0	0	0	0	0	0	2
OG0013150	2	0	0	0	0	0	0	0	0	2
OG0013151	2	0	0	0	0	0	0	0	0	2
OG0013152	2	0	0	0	0	0	0	0	0	2
OG0013153	2	0	0	0	0	0	0	0	0	2
OG0013154	2	0	0	0	0	0	0	0	0	2
OG0013155	2	0	0	0	0	0	0	0	0	2
OG0013156	2	0	0	0	0	0	0	0	0	2
OG0013157	2	0	0	0	0	0	0	0	0	2
OG0013158	2	0	0	0	0	0	0	0	0	2
OG0013159	2	0	0	0	0	0	0	0	0	2
OG0013160	2	0	0	0	0	0	0	0	0	2
OG0013161	2	0	0	0	0	0	0	0	0	2
OG0013162	2	0	0	0	0	0	0	0	0	2
OG0013163	2	0	0	0	0	0	0	0	0	2
OG0013164	2	0	0	0	0	0	0	0	0	2
OG0013165	2	0	0	0	0	0	0	0	0	2
OG0013166	2	0	0	0	0	0	0	0	0	2
OG0013167	2	0	0	0	0	0	0	0	0	2
OG0013168	2	0	0	0	0	0	0	0	0	2
OG0013169	2	0	0	0	0	0	0	0	0	2
OG0013170	2	0	0	0	0	0	0	0	0	2
OG0013171	2	0	0	0	0	0	0	0	0	2
OG0013172	2	0	0	0	0	0	0	0	0	2
OG0013173	2	0	0	0	0	0	0	0	0	2
OG0013174	2	0	0	0	0	0	0	0	0	2
OG0013175	1	0	0	0	0	1	0	0	0	2
OG0013176	2	0	0	0	0	0	0	0	0	2
OG0013177	2	0	0	0	0	0	0	0	0	2
OG0013178	2	0	0	0	0	0	0	0	0	2
OG0013179	2	0	0	0	0	0	0	0	0	2
OG0013180	2	0	0	0	0	0	0	0	0	2
OG0013181	2	0	0	0	0	0	0	0	0	2
OG0013182	2	0	0	0	0	0	0	0	0	2
OG0013183	2	0	0	0	0	0	0	0	0	2
OG0013184	2	0	0	0	0	0	0	0	0	2
OG0013185	2	0	0	0	0	0	0	0	0	2
OG0013186	2	0	0	0	0	0	0	0	0	2
OG0013187	1	0	0	0	0	0	1	0	0	2
OG0013188	2	0	0	0	0	0	0	0	0	2
OG0013189	2	0	0	0	0	0	0	0	0	2
OG0013190	1	0	1	0	0	0	0	0	0	2
OG0013191	2	0	0	0	0	0	0	0	0	2
OG0013192	2	0	0	0	0	0	0	0	0	2
OG0013193	2	0	0	0	0	0	0	0	0	2
OG0013194	1	0	0	0	0	1	0	0	0	2
OG0013195	2	0	0	0	0	0	0	0	0	2
OG0013196	2	0	0	0	0	0	0	0	0	2
OG0013197	2	0	0	0	0	0	0	0	0	2
OG0013198	2	0	0	0	0	0	0	0	0	2
OG0013199	2	0	0	0	0	0	0	0	0	2
OG0013200	2	0	0	0	0	0	0	0	0	2
OG0013201	1	0	1	0	0	0	0	0	0	2
OG0013202	2	0	0	0	0	0	0	0	0	2
OG0013203	2	0	0	0	0	0	0	0	0	2
OG0013204	2	0	0	0	0	0	0	0	0	2
OG0013205	2	0	0	0	0	0	0	0	0	2
OG0013206	2	0	0	0	0	0	0	0	0	2
OG0013207	2	0	0	0	0	0	0	0	0	2
OG0013208	2	0	0	0	0	0	0	0	0	2
OG0013209	2	0	0	0	0	0	0	0	0	2
OG0013210	2	0	0	0	0	0	0	0	0	2
OG0013211	2	0	0	0	0	0	0	0	0	2
OG0013212	2	0	0	0	0	0	0	0	0	2
OG0013213	2	0	0	0	0	0	0	0	0	2
OG0013214	1	0	0	0	0	0	1	0	0	2
OG0013215	2	0	0	0	0	0	0	0	0	2
OG0013216	2	0	0	0	0	0	0	0	0	2
OG0013217	2	0	0	0	0	0	0	0	0	2
OG0013218	2	0	0	0	0	0	0	0	0	2
OG0013219	2	0	0	0	0	0	0	0	0	2
OG0013220	2	0	0	0	0	0	0	0	0	2
OG0013221	2	0	0	0	0	0	0	0	0	2
OG0013222	2	0	0	0	0	0	0	0	0	2
OG0013223	2	0	0	0	0	0	0	0	0	2
OG0013224	2	0	0	0	0	0	0	0	0	2
OG0013225	2	0	0	0	0	0	0	0	0	2
OG0013226	2	0	0	0	0	0	0	0	0	2
OG0013227	1	0	0	0	0	1	0	0	0	2
OG0013228	1	0	0	0	0	0	1	0	0	2
OG0013229	2	0	0	0	0	0	0	0	0	2
OG0013230	2	0	0	0	0	0	0	0	0	2
OG0013231	2	0	0	0	0	0	0	0	0	2
OG0013232	2	0	0	0	0	0	0	0	0	2
OG0013233	2	0	0	0	0	0	0	0	0	2
OG0013234	2	0	0	0	0	0	0	0	0	2
OG0013235	2	0	0	0	0	0	0	0	0	2
OG0013236	1	0	0	0	0	1	0	0	0	2
OG0013237	2	0	0	0	0	0	0	0	0	2
OG0013238	2	0	0	0	0	0	0	0	0	2
OG0013239	2	0	0	0	0	0	0	0	0	2
OG0013240	2	0	0	0	0	0	0	0	0	2
OG0013241	2	0	0	0	0	0	0	0	0	2
OG0013242	2	0	0	0	0	0	0	0	0	2
OG0013243	2	0	0	0	0	0	0	0	0	2
OG0013244	2	0	0	0	0	0	0	0	0	2
OG0013245	2	0	0	0	0	0	0	0	0	2
OG0013246	2	0	0	0	0	0	0	0	0	2
OG0013247	1	0	1	0	0	0	0	0	0	2
OG0013248	2	0	0	0	0	0	0	0	0	2
OG0013249	1	0	1	0	0	0	0	0	0	2
OG0013250	2	0	0	0	0	0	0	0	0	2
OG0013251	2	0	0	0	0	0	0	0	0	2
OG0013252	2	0	0	0	0	0	0	0	0	2
OG0013253	2	0	0	0	0	0	0	0	0	2
OG0013254	2	0	0	0	0	0	0	0	0	2
OG0013255	2	0	0	0	0	0	0	0	0	2
OG0013256	2	0	0	0	0	0	0	0	0	2
OG0013257	2	0	0	0	0	0	0	0	0	2
OG0013258	2	0	0	0	0	0	0	0	0	2
OG0013259	1	0	0	0	0	1	0	0	0	2
OG0013260	2	0	0	0	0	0	0	0	0	2
OG0013261	2	0	0	0	0	0	0	0	0	2
OG0013262	2	0	0	0	0	0	0	0	0	2
OG0013263	2	0	0	0	0	0	0	0	0	2
OG0013264	1	0	0	0	0	1	0	0	0	2
OG0013265	1	0	0	0	0	1	0	0	0	2
OG0013266	2	0	0	0	0	0	0	0	0	2
OG0013267	2	0	0	0	0	0	0	0	0	2
OG0013268	1	0	1	0	0	0	0	0	0	2
OG0013269	1	0	0	0	0	1	0	0	0	2
OG0013270	2	0	0	0	0	0	0	0	0	2
OG0013271	2	0	0	0	0	0	0	0	0	2
OG0013272	2	0	0	0	0	0	0	0	0	2
OG0013273	2	0	0	0	0	0	0	0	0	2
OG0013274	2	0	0	0	0	0	0	0	0	2
OG0013275	2	0	0	0	0	0	0	0	0	2
OG0013276	2	0	0	0	0	0	0	0	0	2
OG0013277	2	0	0	0	0	0	0	0	0	2
OG0013278	2	0	0	0	0	0	0	0	0	2
OG0013279	2	0	0	0	0	0	0	0	0	2
OG0013280	2	0	0	0	0	0	0	0	0	2
OG0013281	2	0	0	0	0	0	0	0	0	2
OG0013282	2	0	0	0	0	0	0	0	0	2
OG0013283	2	0	0	0	0	0	0	0	0	2
OG0013284	1	0	1	0	0	0	0	0	0	2
OG0013285	2	0	0	0	0	0	0	0	0	2
OG0013286	2	0	0	0	0	0	0	0	0	2
OG0013287	2	0	0	0	0	0	0	0	0	2
OG0013288	2	0	0	0	0	0	0	0	0	2
OG0013289	2	0	0	0	0	0	0	0	0	2
OG0013290	2	0	0	0	0	0	0	0	0	2
OG0013291	2	0	0	0	0	0	0	0	0	2
OG0013292	2	0	0	0	0	0	0	0	0	2
OG0013293	2	0	0	0	0	0	0	0	0	2
OG0013294	1	0	0	0	0	1	0	0	0	2
OG0013295	2	0	0	0	0	0	0	0	0	2
OG0013296	2	0	0	0	0	0	0	0	0	2
OG0013297	2	0	0	0	0	0	0	0	0	2
OG0013298	2	0	0	0	0	0	0	0	0	2
OG0013299	2	0	0	0	0	0	0	0	0	2
OG0013300	2	0	0	0	0	0	0	0	0	2
OG0013301	2	0	0	0	0	0	0	0	0	2
OG0013302	2	0	0	0	0	0	0	0	0	2
OG0013303	2	0	0	0	0	0	0	0	0	2
OG0013304	2	0	0	0	0	0	0	0	0	2
OG0013305	1	0	0	0	0	1	0	0	0	2
OG0013306	2	0	0	0	0	0	0	0	0	2
OG0013307	2	0	0	0	0	0	0	0	0	2
OG0013308	2	0	0	0	0	0	0	0	0	2
OG0013309	2	0	0	0	0	0	0	0	0	2
OG0013310	2	0	0	0	0	0	0	0	0	2
OG0013311	2	0	0	0	0	0	0	0	0	2
OG0013312	2	0	0	0	0	0	0	0	0	2
OG0013313	2	0	0	0	0	0	0	0	0	2
OG0013314	2	0	0	0	0	0	0	0	0	2
OG0013315	2	0	0	0	0	0	0	0	0	2
OG0013316	2	0	0	0	0	0	0	0	0	2
OG0013317	2	0	0	0	0	0	0	0	0	2
OG0013318	1	0	1	0	0	0	0	0	0	2
OG0013319	2	0	0	0	0	0	0	0	0	2
OG0013320	2	0	0	0	0	0	0	0	0	2
OG0013321	2	0	0	0	0	0	0	0	0	2
OG0013322	2	0	0	0	0	0	0	0	0	2
OG0013323	2	0	0	0	0	0	0	0	0	2
OG0013324	2	0	0	0	0	0	0	0	0	2
OG0013325	1	0	1	0	0	0	0	0	0	2
OG0013326	2	0	0	0	0	0	0	0	0	2
OG0013327	2	0	0	0	0	0	0	0	0	2
OG0013328	2	0	0	0	0	0	0	0	0	2
OG0013329	1	0	0	0	0	1	0	0	0	2
OG0013330	2	0	0	0	0	0	0	0	0	2
OG0013331	2	0	0	0	0	0	0	0	0	2
OG0013332	2	0	0	0	0	0	0	0	0	2
OG0013333	2	0	0	0	0	0	0	0	0	2
OG0013334	2	0	0	0	0	0	0	0	0	2
OG0013335	2	0	0	0	0	0	0	0	0	2
OG0013336	2	0	0	0	0	0	0	0	0	2
OG0013337	1	0	0	0	0	1	0	0	0	2
OG0013338	2	0	0	0	0	0	0	0	0	2
OG0013339	2	0	0	0	0	0	0	0	0	2
OG0013340	2	0	0	0	0	0	0	0	0	2
OG0013341	2	0	0	0	0	0	0	0	0	2
OG0013342	2	0	0	0	0	0	0	0	0	2
OG0013343	1	0	1	0	0	0	0	0	0	2
OG0013344	2	0	0	0	0	0	0	0	0	2
OG0013345	2	0	0	0	0	0	0	0	0	2
OG0013346	2	0	0	0	0	0	0	0	0	2
OG0013347	2	0	0	0	0	0	0	0	0	2
OG0013348	2	0	0	0	0	0	0	0	0	2
OG0013349	1	0	0	0	0	1	0	0	0	2
OG0013350	2	0	0	0	0	0	0	0	0	2
OG0013351	2	0	0	0	0	0	0	0	0	2
OG0013352	2	0	0	0	0	0	0	0	0	2
OG0013353	2	0	0	0	0	0	0	0	0	2
OG0013354	2	0	0	0	0	0	0	0	0	2
OG0013355	1	0	1	0	0	0	0	0	0	2
OG0013356	2	0	0	0	0	0	0	0	0	2
OG0013357	2	0	0	0	0	0	0	0	0	2
OG0013358	2	0	0	0	0	0	0	0	0	2
OG0013359	1	0	1	0	0	0	0	0	0	2
OG0013360	2	0	0	0	0	0	0	0	0	2
OG0013361	2	0	0	0	0	0	0	0	0	2
OG0013362	1	0	0	0	0	1	0	0	0	2
OG0013363	1	0	0	0	0	1	0	0	0	2
OG0013364	2	0	0	0	0	0	0	0	0	2
OG0013365	2	0	0	0	0	0	0	0	0	2
OG0013366	2	0	0	0	0	0	0	0	0	2
OG0013367	2	0	0	0	0	0	0	0	0	2
OG0013368	1	0	1	0	0	0	0	0	0	2
OG0013369	2	0	0	0	0	0	0	0	0	2
OG0013370	2	0	0	0	0	0	0	0	0	2
OG0013371	2	0	0	0	0	0	0	0	0	2
OG0013372	2	0	0	0	0	0	0	0	0	2
OG0013373	2	0	0	0	0	0	0	0	0	2
OG0013374	2	0	0	0	0	0	0	0	0	2
OG0013375	2	0	0	0	0	0	0	0	0	2
OG0013376	2	0	0	0	0	0	0	0	0	2
OG0013377	2	0	0	0	0	0	0	0	0	2
OG0013378	2	0	0	0	0	0	0	0	0	2
OG0013379	2	0	0	0	0	0	0	0	0	2
OG0013380	2	0	0	0	0	0	0	0	0	2
OG0013381	2	0	0	0	0	0	0	0	0	2
OG0013382	2	0	0	0	0	0	0	0	0	2
OG0013383	2	0	0	0	0	0	0	0	0	2
OG0013384	2	0	0	0	0	0	0	0	0	2
OG0013385	2	0	0	0	0	0	0	0	0	2
OG0013386	2	0	0	0	0	0	0	0	0	2
OG0013387	2	0	0	0	0	0	0	0	0	2
OG0013388	2	0	0	0	0	0	0	0	0	2
OG0013389	2	0	0	0	0	0	0	0	0	2
OG0013390	2	0	0	0	0	0	0	0	0	2
OG0013391	2	0	0	0	0	0	0	0	0	2
OG0013392	2	0	0	0	0	0	0	0	0	2
OG0013393	2	0	0	0	0	0	0	0	0	2
OG0013394	2	0	0	0	0	0	0	0	0	2
OG0013395	2	0	0	0	0	0	0	0	0	2
OG0013396	2	0	0	0	0	0	0	0	0	2
OG0013397	2	0	0	0	0	0	0	0	0	2
OG0013398	2	0	0	0	0	0	0	0	0	2
OG0013399	2	0	0	0	0	0	0	0	0	2
OG0013400	2	0	0	0	0	0	0	0	0	2
OG0013401	2	0	0	0	0	0	0	0	0	2
OG0013402	2	0	0	0	0	0	0	0	0	2
OG0013403	2	0	0	0	0	0	0	0	0	2
OG0013404	2	0	0	0	0	0	0	0	0	2
OG0013405	2	0	0	0	0	0	0	0	0	2
OG0013406	2	0	0	0	0	0	0	0	0	2
OG0013407	2	0	0	0	0	0	0	0	0	2
OG0013408	2	0	0	0	0	0	0	0	0	2
OG0013409	1	0	0	0	0	1	0	0	0	2
OG0013410	1	0	1	0	0	0	0	0	0	2
OG0013411	1	0	0	0	0	1	0	0	0	2
OG0013412	2	0	0	0	0	0	0	0	0	2
OG0013413	2	0	0	0	0	0	0	0	0	2
OG0013414	2	0	0	0	0	0	0	0	0	2
OG0013415	1	0	0	0	0	1	0	0	0	2
OG0013416	2	0	0	0	0	0	0	0	0	2
OG0013417	2	0	0	0	0	0	0	0	0	2
OG0013418	2	0	0	0	0	0	0	0	0	2
OG0013419	2	0	0	0	0	0	0	0	0	2
OG0013420	1	0	0	1	0	0	0	0	0	2
OG0013421	2	0	0	0	0	0	0	0	0	2
OG0013422	1	0	1	0	0	0	0	0	0	2
OG0013423	2	0	0	0	0	0	0	0	0	2
OG0013424	2	0	0	0	0	0	0	0	0	2
OG0013425	2	0	0	0	0	0	0	0	0	2
OG0013426	1	0	1	0	0	0	0	0	0	2
OG0013427	2	0	0	0	0	0	0	0	0	2
OG0013428	1	0	1	0	0	0	0	0	0	2
OG0013429	2	0	0	0	0	0	0	0	0	2
OG0013430	1	0	0	0	0	1	0	0	0	2
OG0013431	1	0	1	0	0	0	0	0	0	2
OG0013432	2	0	0	0	0	0	0	0	0	2
OG0013433	2	0	0	0	0	0	0	0	0	2
OG0013434	1	0	1	0	0	0	0	0	0	2
OG0013435	2	0	0	0	0	0	0	0	0	2
OG0013436	2	0	0	0	0	0	0	0	0	2
OG0013437	2	0	0	0	0	0	0	0	0	2
OG0013438	1	0	1	0	0	0	0	0	0	2
OG0013439	2	0	0	0	0	0	0	0	0	2
OG0013440	2	0	0	0	0	0	0	0	0	2
OG0013441	2	0	0	0	0	0	0	0	0	2
OG0013442	2	0	0	0	0	0	0	0	0	2
OG0013443	2	0	0	0	0	0	0	0	0	2
OG0013444	1	0	1	0	0	0	0	0	0	2
OG0013445	2	0	0	0	0	0	0	0	0	2
OG0013446	2	0	0	0	0	0	0	0	0	2
OG0013447	2	0	0	0	0	0	0	0	0	2
OG0013448	2	0	0	0	0	0	0	0	0	2
OG0013449	2	0	0	0	0	0	0	0	0	2
OG0013450	1	0	0	0	0	1	0	0	0	2
OG0013451	2	0	0	0	0	0	0	0	0	2
OG0013452	2	0	0	0	0	0	0	0	0	2
OG0013453	2	0	0	0	0	0	0	0	0	2
OG0013454	2	0	0	0	0	0	0	0	0	2
OG0013455	2	0	0	0	0	0	0	0	0	2
OG0013456	2	0	0	0	0	0	0	0	0	2
OG0013457	2	0	0	0	0	0	0	0	0	2
OG0013458	2	0	0	0	0	0	0	0	0	2
OG0013459	2	0	0	0	0	0	0	0	0	2
OG0013460	2	0	0	0	0	0	0	0	0	2
OG0013461	2	0	0	0	0	0	0	0	0	2
OG0013462	2	0	0	0	0	0	0	0	0	2
OG0013463	2	0	0	0	0	0	0	0	0	2
OG0013464	2	0	0	0	0	0	0	0	0	2
OG0013465	2	0	0	0	0	0	0	0	0	2
OG0013466	2	0	0	0	0	0	0	0	0	2
OG0013467	1	0	0	0	0	1	0	0	0	2
OG0013468	1	0	0	0	0	1	0	0	0	2
OG0013469	2	0	0	0	0	0	0	0	0	2
OG0013470	1	0	1	0	0	0	0	0	0	2
OG0013471	2	0	0	0	0	0	0	0	0	2
OG0013472	2	0	0	0	0	0	0	0	0	2
OG0013473	2	0	0	0	0	0	0	0	0	2
OG0013474	2	0	0	0	0	0	0	0	0	2
OG0013475	2	0	0	0	0	0	0	0	0	2
OG0013476	1	0	1	0	0	0	0	0	0	2
OG0013477	2	0	0	0	0	0	0	0	0	2
OG0013478	2	0	0	0	0	0	0	0	0	2
OG0013479	1	0	0	0	0	1	0	0	0	2
OG0013480	2	0	0	0	0	0	0	0	0	2
OG0013481	2	0	0	0	0	0	0	0	0	2
OG0013482	2	0	0	0	0	0	0	0	0	2
OG0013483	2	0	0	0	0	0	0	0	0	2
OG0013484	2	0	0	0	0	0	0	0	0	2
OG0013485	1	0	0	0	0	1	0	0	0	2
OG0013486	2	0	0	0	0	0	0	0	0	2
OG0013487	2	0	0	0	0	0	0	0	0	2
OG0013488	2	0	0	0	0	0	0	0	0	2
OG0013489	2	0	0	0	0	0	0	0	0	2
OG0013490	1	0	1	0	0	0	0	0	0	2
OG0013491	2	0	0	0	0	0	0	0	0	2
OG0013492	2	0	0	0	0	0	0	0	0	2
OG0013493	1	0	0	0	0	1	0	0	0	2
OG0013494	1	0	1	0	0	0	0	0	0	2
OG0013495	2	0	0	0	0	0	0	0	0	2
OG0013496	2	0	0	0	0	0	0	0	0	2
OG0013497	2	0	0	0	0	0	0	0	0	2
OG0013498	2	0	0	0	0	0	0	0	0	2
OG0013499	1	0	1	0	0	0	0	0	0	2
OG0013500	1	0	1	0	0	0	0	0	0	2
OG0013501	1	0	1	0	0	0	0	0	0	2
OG0013502	2	0	0	0	0	0	0	0	0	2
OG0013503	2	0	0	0	0	0	0	0	0	2
OG0013504	2	0	0	0	0	0	0	0	0	2
OG0013505	1	0	0	0	0	1	0	0	0	2
OG0013506	2	0	0	0	0	0	0	0	0	2
OG0013507	2	0	0	0	0	0	0	0	0	2
OG0013508	1	0	1	0	0	0	0	0	0	2
OG0013509	2	0	0	0	0	0	0	0	0	2
OG0013510	2	0	0	0	0	0	0	0	0	2
OG0013511	2	0	0	0	0	0	0	0	0	2
OG0013512	2	0	0	0	0	0	0	0	0	2
OG0013513	2	0	0	0	0	0	0	0	0	2
OG0013514	2	0	0	0	0	0	0	0	0	2
OG0013515	1	0	1	0	0	0	0	0	0	2
OG0013516	2	0	0	0	0	0	0	0	0	2
OG0013517	2	0	0	0	0	0	0	0	0	2
OG0013518	2	0	0	0	0	0	0	0	0	2
OG0013519	2	0	0	0	0	0	0	0	0	2
OG0013520	2	0	0	0	0	0	0	0	0	2
OG0013521	2	0	0	0	0	0	0	0	0	2
OG0013522	2	0	0	0	0	0	0	0	0	2
OG0013523	1	0	1	0	0	0	0	0	0	2
OG0013524	2	0	0	0	0	0	0	0	0	2
OG0013525	2	0	0	0	0	0	0	0	0	2
OG0013526	1	0	0	0	0	0	1	0	0	2
OG0013527	2	0	0	0	0	0	0	0	0	2
OG0013528	2	0	0	0	0	0	0	0	0	2
OG0013529	2	0	0	0	0	0	0	0	0	2
OG0013530	1	0	0	0	0	1	0	0	0	2
OG0013531	2	0	0	0	0	0	0	0	0	2
OG0013532	2	0	0	0	0	0	0	0	0	2
OG0013533	2	0	0	0	0	0	0	0	0	2
OG0013534	2	0	0	0	0	0	0	0	0	2
OG0013535	2	0	0	0	0	0	0	0	0	2
OG0013536	2	0	0	0	0	0	0	0	0	2
OG0013537	2	0	0	0	0	0	0	0	0	2
OG0013538	2	0	0	0	0	0	0	0	0	2
OG0013539	1	0	1	0	0	0	0	0	0	2
OG0013540	1	0	1	0	0	0	0	0	0	2
OG0013541	1	0	1	0	0	0	0	0	0	2
OG0013542	2	0	0	0	0	0	0	0	0	2
OG0013543	2	0	0	0	0	0	0	0	0	2
OG0013544	2	0	0	0	0	0	0	0	0	2
OG0013545	2	0	0	0	0	0	0	0	0	2
OG0013546	2	0	0	0	0	0	0	0	0	2
OG0013547	1	0	1	0	0	0	0	0	0	2
OG0013548	2	0	0	0	0	0	0	0	0	2
OG0013549	2	0	0	0	0	0	0	0	0	2
OG0013550	2	0	0	0	0	0	0	0	0	2
OG0013551	2	0	0	0	0	0	0	0	0	2
OG0013552	2	0	0	0	0	0	0	0	0	2
OG0013553	2	0	0	0	0	0	0	0	0	2
OG0013554	2	0	0	0	0	0	0	0	0	2
OG0013555	2	0	0	0	0	0	0	0	0	2
OG0013556	2	0	0	0	0	0	0	0	0	2
OG0013557	2	0	0	0	0	0	0	0	0	2
OG0013558	2	0	0	0	0	0	0	0	0	2
OG0013559	2	0	0	0	0	0	0	0	0	2
OG0013560	2	0	0	0	0	0	0	0	0	2
OG0013561	2	0	0	0	0	0	0	0	0	2
OG0013562	2	0	0	0	0	0	0	0	0	2
OG0013563	2	0	0	0	0	0	0	0	0	2
OG0013564	2	0	0	0	0	0	0	0	0	2
OG0013565	1	0	1	0	0	0	0	0	0	2
OG0013566	1	0	1	0	0	0	0	0	0	2
OG0013567	2	0	0	0	0	0	0	0	0	2
OG0013568	1	0	1	0	0	0	0	0	0	2
OG0013569	2	0	0	0	0	0	0	0	0	2
OG0013570	2	0	0	0	0	0	0	0	0	2
OG0013571	2	0	0	0	0	0	0	0	0	2
OG0013572	2	0	0	0	0	0	0	0	0	2
OG0013573	2	0	0	0	0	0	0	0	0	2
OG0013574	2	0	0	0	0	0	0	0	0	2
OG0013575	2	0	0	0	0	0	0	0	0	2
OG0013576	2	0	0	0	0	0	0	0	0	2
OG0013577	2	0	0	0	0	0	0	0	0	2
OG0013578	2	0	0	0	0	0	0	0	0	2
OG0013579	2	0	0	0	0	0	0	0	0	2
OG0013580	2	0	0	0	0	0	0	0	0	2
OG0013581	2	0	0	0	0	0	0	0	0	2
OG0013582	2	0	0	0	0	0	0	0	0	2
OG0013583	2	0	0	0	0	0	0	0	0	2
OG0013584	2	0	0	0	0	0	0	0	0	2
OG0013585	2	0	0	0	0	0	0	0	0	2
OG0013586	1	0	1	0	0	0	0	0	0	2
OG0013587	2	0	0	0	0	0	0	0	0	2
OG0013588	2	0	0	0	0	0	0	0	0	2
OG0013589	2	0	0	0	0	0	0	0	0	2
OG0013590	2	0	0	0	0	0	0	0	0	2
OG0013591	2	0	0	0	0	0	0	0	0	2
OG0013592	2	0	0	0	0	0	0	0	0	2
OG0013593	2	0	0	0	0	0	0	0	0	2
OG0013594	2	0	0	0	0	0	0	0	0	2
OG0013595	2	0	0	0	0	0	0	0	0	2
OG0013596	2	0	0	0	0	0	0	0	0	2
OG0013597	2	0	0	0	0	0	0	0	0	2
OG0013598	2	0	0	0	0	0	0	0	0	2
OG0013599	2	0	0	0	0	0	0	0	0	2
OG0013600	2	0	0	0	0	0	0	0	0	2
OG0013601	2	0	0	0	0	0	0	0	0	2
OG0013602	2	0	0	0	0	0	0	0	0	2
OG0013603	1	0	0	0	0	1	0	0	0	2
OG0013604	2	0	0	0	0	0	0	0	0	2
OG0013605	2	0	0	0	0	0	0	0	0	2
OG0013606	2	0	0	0	0	0	0	0	0	2
OG0013607	2	0	0	0	0	0	0	0	0	2
OG0013608	2	0	0	0	0	0	0	0	0	2
OG0013609	2	0	0	0	0	0	0	0	0	2
OG0013610	2	0	0	0	0	0	0	0	0	2
OG0013611	2	0	0	0	0	0	0	0	0	2
OG0013612	1	0	0	0	0	1	0	0	0	2
OG0013613	2	0	0	0	0	0	0	0	0	2
OG0013614	2	0	0	0	0	0	0	0	0	2
OG0013615	2	0	0	0	0	0	0	0	0	2
OG0013616	2	0	0	0	0	0	0	0	0	2
OG0013617	2	0	0	0	0	0	0	0	0	2
OG0013618	2	0	0	0	0	0	0	0	0	2
OG0013619	2	0	0	0	0	0	0	0	0	2
OG0013620	2	0	0	0	0	0	0	0	0	2
OG0013621	1	0	0	0	0	1	0	0	0	2
OG0013622	2	0	0	0	0	0	0	0	0	2
OG0013623	2	0	0	0	0	0	0	0	0	2
OG0013624	2	0	0	0	0	0	0	0	0	2
OG0013625	2	0	0	0	0	0	0	0	0	2
OG0013626	2	0	0	0	0	0	0	0	0	2
OG0013627	2	0	0	0	0	0	0	0	0	2
OG0013628	2	0	0	0	0	0	0	0	0	2
OG0013629	2	0	0	0	0	0	0	0	0	2
OG0013630	1	0	1	0	0	0	0	0	0	2
OG0013631	1	0	1	0	0	0	0	0	0	2
OG0013632	2	0	0	0	0	0	0	0	0	2
OG0013633	2	0	0	0	0	0	0	0	0	2
OG0013634	2	0	0	0	0	0	0	0	0	2
OG0013635	2	0	0	0	0	0	0	0	0	2
OG0013636	1	0	1	0	0	0	0	0	0	2
OG0013637	2	0	0	0	0	0	0	0	0	2
OG0013638	2	0	0	0	0	0	0	0	0	2
OG0013639	1	0	0	0	0	1	0	0	0	2
OG0013640	2	0	0	0	0	0	0	0	0	2
OG0013641	2	0	0	0	0	0	0	0	0	2
OG0013642	2	0	0	0	0	0	0	0	0	2
OG0013643	2	0	0	0	0	0	0	0	0	2
OG0013644	1	0	1	0	0	0	0	0	0	2
OG0013645	2	0	0	0	0	0	0	0	0	2
OG0013646	1	0	1	0	0	0	0	0	0	2
OG0013647	2	0	0	0	0	0	0	0	0	2
OG0013648	2	0	0	0	0	0	0	0	0	2
OG0013649	1	0	1	0	0	0	0	0	0	2
OG0013650	2	0	0	0	0	0	0	0	0	2
OG0013651	1	0	1	0	0	0	0	0	0	2
OG0013652	2	0	0	0	0	0	0	0	0	2
OG0013653	1	0	1	0	0	0	0	0	0	2
OG0013654	2	0	0	0	0	0	0	0	0	2
OG0013655	1	0	1	0	0	0	0	0	0	2
OG0013656	2	0	0	0	0	0	0	0	0	2
OG0013657	1	0	1	0	0	0	0	0	0	2
OG0013658	2	0	0	0	0	0	0	0	0	2
OG0013659	2	0	0	0	0	0	0	0	0	2
OG0013660	2	0	0	0	0	0	0	0	0	2
OG0013661	2	0	0	0	0	0	0	0	0	2
OG0013662	2	0	0	0	0	0	0	0	0	2
OG0013663	1	0	1	0	0	0	0	0	0	2
OG0013664	2	0	0	0	0	0	0	0	0	2
OG0013665	2	0	0	0	0	0	0	0	0	2
OG0013666	2	0	0	0	0	0	0	0	0	2
OG0013667	2	0	0	0	0	0	0	0	0	2
OG0013668	2	0	0	0	0	0	0	0	0	2
OG0013669	2	0	0	0	0	0	0	0	0	2
OG0013670	1	0	1	0	0	0	0	0	0	2
OG0013671	2	0	0	0	0	0	0	0	0	2
OG0013672	1	0	1	0	0	0	0	0	0	2
OG0013673	2	0	0	0	0	0	0	0	0	2
OG0013674	2	0	0	0	0	0	0	0	0	2
OG0013675	2	0	0	0	0	0	0	0	0	2
OG0013676	2	0	0	0	0	0	0	0	0	2
OG0013677	1	0	1	0	0	0	0	0	0	2
OG0013678	1	0	1	0	0	0	0	0	0	2
OG0013679	2	0	0	0	0	0	0	0	0	2
OG0013680	1	0	0	0	0	1	0	0	0	2
OG0013681	2	0	0	0	0	0	0	0	0	2
OG0013682	2	0	0	0	0	0	0	0	0	2
OG0013683	2	0	0	0	0	0	0	0	0	2
OG0013684	2	0	0	0	0	0	0	0	0	2
OG0013685	2	0	0	0	0	0	0	0	0	2
OG0013686	2	0	0	0	0	0	0	0	0	2
OG0013687	2	0	0	0	0	0	0	0	0	2
OG0013688	1	0	1	0	0	0	0	0	0	2
OG0013689	2	0	0	0	0	0	0	0	0	2
OG0013690	2	0	0	0	0	0	0	0	0	2
OG0013691	2	0	0	0	0	0	0	0	0	2
OG0013692	2	0	0	0	0	0	0	0	0	2
OG0013693	2	0	0	0	0	0	0	0	0	2
OG0013694	2	0	0	0	0	0	0	0	0	2
OG0013695	2	0	0	0	0	0	0	0	0	2
OG0013696	2	0	0	0	0	0	0	0	0	2
OG0013697	2	0	0	0	0	0	0	0	0	2
OG0013698	1	0	1	0	0	0	0	0	0	2
OG0013699	1	0	0	0	0	1	0	0	0	2
OG0013700	2	0	0	0	0	0	0	0	0	2
OG0013701	2	0	0	0	0	0	0	0	0	2
OG0013702	2	0	0	0	0	0	0	0	0	2
OG0013703	2	0	0	0	0	0	0	0	0	2
OG0013704	2	0	0	0	0	0	0	0	0	2
OG0013705	1	0	0	0	0	1	0	0	0	2
OG0013706	2	0	0	0	0	0	0	0	0	2
OG0013707	2	0	0	0	0	0	0	0	0	2
OG0013708	2	0	0	0	0	0	0	0	0	2
OG0013709	2	0	0	0	0	0	0	0	0	2
OG0013710	2	0	0	0	0	0	0	0	0	2
OG0013711	2	0	0	0	0	0	0	0	0	2
OG0013712	2	0	0	0	0	0	0	0	0	2
OG0013713	2	0	0	0	0	0	0	0	0	2
OG0013714	2	0	0	0	0	0	0	0	0	2
OG0013715	1	0	0	0	0	1	0	0	0	2
OG0013716	2	0	0	0	0	0	0	0	0	2
OG0013717	1	0	0	0	0	1	0	0	0	2
OG0013718	2	0	0	0	0	0	0	0	0	2
OG0013719	2	0	0	0	0	0	0	0	0	2
OG0013720	2	0	0	0	0	0	0	0	0	2
OG0013721	2	0	0	0	0	0	0	0	0	2
OG0013722	2	0	0	0	0	0	0	0	0	2
OG0013723	1	0	1	0	0	0	0	0	0	2
OG0013724	2	0	0	0	0	0	0	0	0	2
OG0013725	1	0	1	0	0	0	0	0	0	2
OG0013726	1	0	1	0	0	0	0	0	0	2
OG0013727	2	0	0	0	0	0	0	0	0	2
OG0013728	2	0	0	0	0	0	0	0	0	2
OG0013729	1	0	1	0	0	0	0	0	0	2
OG0013730	2	0	0	0	0	0	0	0	0	2
OG0013731	2	0	0	0	0	0	0	0	0	2
OG0013732	2	0	0	0	0	0	0	0	0	2
OG0013733	2	0	0	0	0	0	0	0	0	2
OG0013734	2	0	0	0	0	0	0	0	0	2
OG0013735	2	0	0	0	0	0	0	0	0	2
OG0013736	2	0	0	0	0	0	0	0	0	2
OG0013737	1	0	1	0	0	0	0	0	0	2
OG0013738	2	0	0	0	0	0	0	0	0	2
OG0013739	2	0	0	0	0	0	0	0	0	2
OG0013740	2	0	0	0	0	0	0	0	0	2
OG0013741	1	0	1	0	0	0	0	0	0	2
OG0013742	1	0	1	0	0	0	0	0	0	2
OG0013743	1	0	0	0	0	1	0	0	0	2
OG0013744	2	0	0	0	0	0	0	0	0	2
OG0013745	2	0	0	0	0	0	0	0	0	2
OG0013746	2	0	0	0	0	0	0	0	0	2
OG0013747	1	0	0	0	0	1	0	0	0	2
OG0013748	2	0	0	0	0	0	0	0	0	2
OG0013749	2	0	0	0	0	0	0	0	0	2
OG0013750	2	0	0	0	0	0	0	0	0	2
OG0013751	2	0	0	0	0	0	0	0	0	2
OG0013752	2	0	0	0	0	0	0	0	0	2
OG0013753	2	0	0	0	0	0	0	0	0	2
OG0013754	2	0	0	0	0	0	0	0	0	2
OG0013755	2	0	0	0	0	0	0	0	0	2
OG0013756	2	0	0	0	0	0	0	0	0	2
OG0013757	2	0	0	0	0	0	0	0	0	2
OG0013758	2	0	0	0	0	0	0	0	0	2
OG0013759	2	0	0	0	0	0	0	0	0	2
OG0013760	1	0	1	0	0	0	0	0	0	2
OG0013761	2	0	0	0	0	0	0	0	0	2
OG0013762	2	0	0	0	0	0	0	0	0	2
OG0013763	2	0	0	0	0	0	0	0	0	2
OG0013764	2	0	0	0	0	0	0	0	0	2
OG0013765	2	0	0	0	0	0	0	0	0	2
OG0013766	2	0	0	0	0	0	0	0	0	2
OG0013767	2	0	0	0	0	0	0	0	0	2
OG0013768	2	0	0	0	0	0	0	0	0	2
OG0013769	2	0	0	0	0	0	0	0	0	2
OG0013770	2	0	0	0	0	0	0	0	0	2
OG0013771	2	0	0	0	0	0	0	0	0	2
OG0013772	2	0	0	0	0	0	0	0	0	2
OG0013773	2	0	0	0	0	0	0	0	0	2
OG0013774	2	0	0	0	0	0	0	0	0	2
OG0013775	2	0	0	0	0	0	0	0	0	2
OG0013776	2	0	0	0	0	0	0	0	0	2
OG0013777	2	0	0	0	0	0	0	0	0	2
OG0013778	2	0	0	0	0	0	0	0	0	2
OG0013779	2	0	0	0	0	0	0	0	0	2
OG0013780	2	0	0	0	0	0	0	0	0	2
OG0013781	2	0	0	0	0	0	0	0	0	2
OG0013782	2	0	0	0	0	0	0	0	0	2
OG0013783	2	0	0	0	0	0	0	0	0	2
OG0013784	2	0	0	0	0	0	0	0	0	2
OG0013785	2	0	0	0	0	0	0	0	0	2
OG0013786	1	0	0	0	0	1	0	0	0	2
OG0013787	2	0	0	0	0	0	0	0	0	2
OG0013788	2	0	0	0	0	0	0	0	0	2
OG0013789	2	0	0	0	0	0	0	0	0	2
OG0013790	2	0	0	0	0	0	0	0	0	2
OG0013791	2	0	0	0	0	0	0	0	0	2
OG0013792	2	0	0	0	0	0	0	0	0	2
OG0013793	1	0	1	0	0	0	0	0	0	2
OG0013794	1	0	0	0	0	1	0	0	0	2
OG0013795	1	0	1	0	0	0	0	0	0	2
OG0013796	2	0	0	0	0	0	0	0	0	2
OG0013797	2	0	0	0	0	0	0	0	0	2
OG0013798	2	0	0	0	0	0	0	0	0	2
OG0013799	1	0	1	0	0	0	0	0	0	2
OG0013800	2	0	0	0	0	0	0	0	0	2
OG0013801	2	0	0	0	0	0	0	0	0	2
OG0013802	2	0	0	0	0	0	0	0	0	2
OG0013803	2	0	0	0	0	0	0	0	0	2
OG0013804	2	0	0	0	0	0	0	0	0	2
OG0013805	2	0	0	0	0	0	0	0	0	2
OG0013806	2	0	0	0	0	0	0	0	0	2
OG0013807	2	0	0	0	0	0	0	0	0	2
OG0013808	2	0	0	0	0	0	0	0	0	2
OG0013809	2	0	0	0	0	0	0	0	0	2
OG0013810	2	0	0	0	0	0	0	0	0	2
OG0013811	2	0	0	0	0	0	0	0	0	2
OG0013812	1	0	1	0	0	0	0	0	0	2
OG0013813	2	0	0	0	0	0	0	0	0	2
OG0013814	2	0	0	0	0	0	0	0	0	2
OG0013815	2	0	0	0	0	0	0	0	0	2
OG0013816	1	0	0	0	0	1	0	0	0	2
OG0013817	2	0	0	0	0	0	0	0	0	2
OG0013818	2	0	0	0	0	0	0	0	0	2
OG0013819	2	0	0	0	0	0	0	0	0	2
OG0013820	2	0	0	0	0	0	0	0	0	2
OG0013821	1	0	0	0	0	1	0	0	0	2
OG0013822	2	0	0	0	0	0	0	0	0	2
OG0013823	2	0	0	0	0	0	0	0	0	2
OG0013824	2	0	0	0	0	0	0	0	0	2
OG0013825	1	0	0	0	0	1	0	0	0	2
OG0013826	2	0	0	0	0	0	0	0	0	2
OG0013827	2	0	0	0	0	0	0	0	0	2
OG0013828	2	0	0	0	0	0	0	0	0	2
OG0013829	1	0	1	0	0	0	0	0	0	2
OG0013830	2	0	0	0	0	0	0	0	0	2
OG0013831	2	0	0	0	0	0	0	0	0	2
OG0013832	1	0	1	0	0	0	0	0	0	2
OG0013833	2	0	0	0	0	0	0	0	0	2
OG0013834	2	0	0	0	0	0	0	0	0	2
OG0013835	2	0	0	0	0	0	0	0	0	2
OG0013836	2	0	0	0	0	0	0	0	0	2
OG0013837	1	0	1	0	0	0	0	0	0	2
OG0013838	1	0	1	0	0	0	0	0	0	2
OG0013839	2	0	0	0	0	0	0	0	0	2
OG0013840	1	0	1	0	0	0	0	0	0	2
OG0013841	1	0	1	0	0	0	0	0	0	2
OG0013842	2	0	0	0	0	0	0	0	0	2
OG0013843	2	0	0	0	0	0	0	0	0	2
OG0013844	2	0	0	0	0	0	0	0	0	2
OG0013845	2	0	0	0	0	0	0	0	0	2
OG0013846	1	0	0	0	0	1	0	0	0	2
OG0013847	2	0	0	0	0	0	0	0	0	2
OG0013848	2	0	0	0	0	0	0	0	0	2
OG0013849	2	0	0	0	0	0	0	0	0	2
OG0013850	2	0	0	0	0	0	0	0	0	2
OG0013851	2	0	0	0	0	0	0	0	0	2
OG0013852	2	0	0	0	0	0	0	0	0	2
OG0013853	1	0	0	0	0	1	0	0	0	2
OG0013854	2	0	0	0	0	0	0	0	0	2
OG0013855	2	0	0	0	0	0	0	0	0	2
OG0013856	2	0	0	0	0	0	0	0	0	2
OG0013857	2	0	0	0	0	0	0	0	0	2
OG0013858	2	0	0	0	0	0	0	0	0	2
OG0013859	1	0	0	0	0	1	0	0	0	2
OG0013860	2	0	0	0	0	0	0	0	0	2
OG0013861	2	0	0	0	0	0	0	0	0	2
OG0013862	2	0	0	0	0	0	0	0	0	2
OG0013863	2	0	0	0	0	0	0	0	0	2
OG0013864	2	0	0	0	0	0	0	0	0	2
OG0013865	1	0	1	0	0	0	0	0	0	2
OG0013866	1	0	0	0	0	1	0	0	0	2
OG0013867	2	0	0	0	0	0	0	0	0	2
OG0013868	1	0	1	0	0	0	0	0	0	2
OG0013869	1	0	1	0	0	0	0	0	0	2
OG0013870	1	0	0	0	0	1	0	0	0	2
OG0013871	2	0	0	0	0	0	0	0	0	2
OG0013872	2	0	0	0	0	0	0	0	0	2
OG0013873	2	0	0	0	0	0	0	0	0	2
OG0013874	2	0	0	0	0	0	0	0	0	2
OG0013875	2	0	0	0	0	0	0	0	0	2
OG0013876	2	0	0	0	0	0	0	0	0	2
OG0013877	1	0	1	0	0	0	0	0	0	2
OG0013878	2	0	0	0	0	0	0	0	0	2
OG0013879	2	0	0	0	0	0	0	0	0	2
OG0013880	2	0	0	0	0	0	0	0	0	2
OG0013881	2	0	0	0	0	0	0	0	0	2
OG0013882	2	0	0	0	0	0	0	0	0	2
OG0013883	2	0	0	0	0	0	0	0	0	2
OG0013884	2	0	0	0	0	0	0	0	0	2
OG0013885	2	0	0	0	0	0	0	0	0	2
OG0013886	2	0	0	0	0	0	0	0	0	2
OG0013887	2	0	0	0	0	0	0	0	0	2
OG0013888	2	0	0	0	0	0	0	0	0	2
OG0013889	2	0	0	0	0	0	0	0	0	2
OG0013890	1	0	1	0	0	0	0	0	0	2
OG0013891	2	0	0	0	0	0	0	0	0	2
OG0013892	2	0	0	0	0	0	0	0	0	2
OG0013893	1	0	1	0	0	0	0	0	0	2
OG0013894	2	0	0	0	0	0	0	0	0	2
OG0013895	2	0	0	0	0	0	0	0	0	2
OG0013896	2	0	0	0	0	0	0	0	0	2
OG0013897	1	0	0	0	0	1	0	0	0	2
OG0013898	2	0	0	0	0	0	0	0	0	2
OG0013899	2	0	0	0	0	0	0	0	0	2
OG0013900	2	0	0	0	0	0	0	0	0	2
OG0013901	2	0	0	0	0	0	0	0	0	2
OG0013902	2	0	0	0	0	0	0	0	0	2
OG0013903	2	0	0	0	0	0	0	0	0	2
OG0013904	2	0	0	0	0	0	0	0	0	2
OG0013905	2	0	0	0	0	0	0	0	0	2
OG0013906	1	0	1	0	0	0	0	0	0	2
OG0013907	2	0	0	0	0	0	0	0	0	2
OG0013908	2	0	0	0	0	0	0	0	0	2
OG0013909	2	0	0	0	0	0	0	0	0	2
OG0013910	2	0	0	0	0	0	0	0	0	2
OG0013911	2	0	0	0	0	0	0	0	0	2
OG0013912	2	0	0	0	0	0	0	0	0	2
OG0013913	2	0	0	0	0	0	0	0	0	2
OG0013914	2	0	0	0	0	0	0	0	0	2
OG0013915	2	0	0	0	0	0	0	0	0	2
OG0013916	2	0	0	0	0	0	0	0	0	2
OG0013917	2	0	0	0	0	0	0	0	0	2
OG0013918	1	0	1	0	0	0	0	0	0	2
OG0013919	2	0	0	0	0	0	0	0	0	2
OG0013920	2	0	0	0	0	0	0	0	0	2
OG0013921	2	0	0	0	0	0	0	0	0	2
OG0013922	1	0	0	0	0	1	0	0	0	2
OG0013923	2	0	0	0	0	0	0	0	0	2
OG0013924	2	0	0	0	0	0	0	0	0	2
OG0013925	2	0	0	0	0	0	0	0	0	2
OG0013926	2	0	0	0	0	0	0	0	0	2
OG0013927	2	0	0	0	0	0	0	0	0	2
OG0013928	2	0	0	0	0	0	0	0	0	2
OG0013929	2	0	0	0	0	0	0	0	0	2
OG0013930	2	0	0	0	0	0	0	0	0	2
OG0013931	2	0	0	0	0	0	0	0	0	2
OG0013932	2	0	0	0	0	0	0	0	0	2
OG0013933	2	0	0	0	0	0	0	0	0	2
OG0013934	1	0	1	0	0	0	0	0	0	2
OG0013935	2	0	0	0	0	0	0	0	0	2
OG0013936	2	0	0	0	0	0	0	0	0	2
OG0013937	2	0	0	0	0	0	0	0	0	2
OG0013938	2	0	0	0	0	0	0	0	0	2
OG0013939	2	0	0	0	0	0	0	0	0	2
OG0013940	2	0	0	0	0	0	0	0	0	2
OG0013941	2	0	0	0	0	0	0	0	0	2
OG0013942	2	0	0	0	0	0	0	0	0	2
OG0013943	2	0	0	0	0	0	0	0	0	2
OG0013944	2	0	0	0	0	0	0	0	0	2
OG0013945	2	0	0	0	0	0	0	0	0	2
OG0013946	2	0	0	0	0	0	0	0	0	2
OG0013947	2	0	0	0	0	0	0	0	0	2
OG0013948	2	0	0	0	0	0	0	0	0	2
OG0013949	2	0	0	0	0	0	0	0	0	2
OG0013950	2	0	0	0	0	0	0	0	0	2
OG0013951	2	0	0	0	0	0	0	0	0	2
OG0013952	2	0	0	0	0	0	0	0	0	2
OG0013953	2	0	0	0	0	0	0	0	0	2
OG0013954	2	0	0	0	0	0	0	0	0	2
OG0013955	2	0	0	0	0	0	0	0	0	2
OG0013956	2	0	0	0	0	0	0	0	0	2
OG0013957	2	0	0	0	0	0	0	0	0	2
OG0013958	2	0	0	0	0	0	0	0	0	2
OG0013959	2	0	0	0	0	0	0	0	0	2
OG0013960	2	0	0	0	0	0	0	0	0	2
OG0013961	2	0	0	0	0	0	0	0	0	2
OG0013962	2	0	0	0	0	0	0	0	0	2
OG0013963	1	0	0	0	0	0	1	0	0	2
OG0013964	2	0	0	0	0	0	0	0	0	2
OG0013965	2	0	0	0	0	0	0	0	0	2
OG0013966	2	0	0	0	0	0	0	0	0	2
OG0013967	2	0	0	0	0	0	0	0	0	2
OG0013968	2	0	0	0	0	0	0	0	0	2
OG0013969	2	0	0	0	0	0	0	0	0	2
OG0013970	2	0	0	0	0	0	0	0	0	2
OG0013971	2	0	0	0	0	0	0	0	0	2
OG0013972	1	0	0	0	0	1	0	0	0	2
OG0013973	2	0	0	0	0	0	0	0	0	2
OG0013974	2	0	0	0	0	0	0	0	0	2
OG0013975	2	0	0	0	0	0	0	0	0	2
OG0013976	2	0	0	0	0	0	0	0	0	2
OG0013977	2	0	0	0	0	0	0	0	0	2
OG0013978	2	0	0	0	0	0	0	0	0	2
OG0013979	2	0	0	0	0	0	0	0	0	2
OG0013980	1	0	1	0	0	0	0	0	0	2
OG0013981	2	0	0	0	0	0	0	0	0	2
OG0013982	2	0	0	0	0	0	0	0	0	2
OG0013983	2	0	0	0	0	0	0	0	0	2
OG0013984	2	0	0	0	0	0	0	0	0	2
OG0013985	2	0	0	0	0	0	0	0	0	2
OG0013986	2	0	0	0	0	0	0	0	0	2
OG0013987	2	0	0	0	0	0	0	0	0	2
OG0013988	1	0	0	0	0	1	0	0	0	2
OG0013989	2	0	0	0	0	0	0	0	0	2
OG0013990	2	0	0	0	0	0	0	0	0	2
OG0013991	2	0	0	0	0	0	0	0	0	2
OG0013992	2	0	0	0	0	0	0	0	0	2
OG0013993	2	0	0	0	0	0	0	0	0	2
OG0013994	2	0	0	0	0	0	0	0	0	2
OG0013995	2	0	0	0	0	0	0	0	0	2
OG0013996	2	0	0	0	0	0	0	0	0	2
OG0013997	2	0	0	0	0	0	0	0	0	2
OG0013998	1	0	0	0	0	1	0	0	0	2
OG0013999	2	0	0	0	0	0	0	0	0	2
OG0014000	2	0	0	0	0	0	0	0	0	2
OG0014001	1	0	0	1	0	0	0	0	0	2
OG0014002	2	0	0	0	0	0	0	0	0	2
OG0014003	2	0	0	0	0	0	0	0	0	2
OG0014004	2	0	0	0	0	0	0	0	0	2
OG0014005	2	0	0	0	0	0	0	0	0	2
OG0014006	2	0	0	0	0	0	0	0	0	2
OG0014007	2	0	0	0	0	0	0	0	0	2
OG0014008	1	0	1	0	0	0	0	0	0	2
OG0014009	2	0	0	0	0	0	0	0	0	2
OG0014010	2	0	0	0	0	0	0	0	0	2
OG0014011	2	0	0	0	0	0	0	0	0	2
OG0014012	1	0	0	0	0	1	0	0	0	2
OG0014013	2	0	0	0	0	0	0	0	0	2
OG0014014	1	0	0	0	0	0	1	0	0	2
OG0014015	2	0	0	0	0	0	0	0	0	2
OG0014016	1	0	1	0	0	0	0	0	0	2
OG0014017	2	0	0	0	0	0	0	0	0	2
OG0014018	2	0	0	0	0	0	0	0	0	2
OG0014019	2	0	0	0	0	0	0	0	0	2
OG0014020	2	0	0	0	0	0	0	0	0	2
OG0014021	2	0	0	0	0	0	0	0	0	2
OG0014022	2	0	0	0	0	0	0	0	0	2
OG0014023	2	0	0	0	0	0	0	0	0	2
OG0014024	1	0	0	0	0	1	0	0	0	2
OG0014025	2	0	0	0	0	0	0	0	0	2
OG0014026	2	0	0	0	0	0	0	0	0	2
OG0014027	2	0	0	0	0	0	0	0	0	2
OG0014028	2	0	0	0	0	0	0	0	0	2
OG0014029	2	0	0	0	0	0	0	0	0	2
OG0014030	2	0	0	0	0	0	0	0	0	2
OG0014031	2	0	0	0	0	0	0	0	0	2
OG0014032	1	0	1	0	0	0	0	0	0	2
OG0014033	2	0	0	0	0	0	0	0	0	2
OG0014034	2	0	0	0	0	0	0	0	0	2
OG0014035	2	0	0	0	0	0	0	0	0	2
OG0014036	2	0	0	0	0	0	0	0	0	2
OG0014037	2	0	0	0	0	0	0	0	0	2
OG0014038	2	0	0	0	0	0	0	0	0	2
OG0014039	2	0	0	0	0	0	0	0	0	2
OG0014040	2	0	0	0	0	0	0	0	0	2
OG0014041	1	0	1	0	0	0	0	0	0	2
OG0014042	2	0	0	0	0	0	0	0	0	2
OG0014043	2	0	0	0	0	0	0	0	0	2
OG0014044	2	0	0	0	0	0	0	0	0	2
OG0014045	2	0	0	0	0	0	0	0	0	2
OG0014046	2	0	0	0	0	0	0	0	0	2
OG0014047	2	0	0	0	0	0	0	0	0	2
OG0014048	2	0	0	0	0	0	0	0	0	2
OG0014049	2	0	0	0	0	0	0	0	0	2
OG0014050	2	0	0	0	0	0	0	0	0	2
OG0014051	2	0	0	0	0	0	0	0	0	2
OG0014052	2	0	0	0	0	0	0	0	0	2
OG0014053	2	0	0	0	0	0	0	0	0	2
OG0014054	2	0	0	0	0	0	0	0	0	2
OG0014055	2	0	0	0	0	0	0	0	0	2
OG0014056	2	0	0	0	0	0	0	0	0	2
OG0014057	1	0	1	0	0	0	0	0	0	2
OG0014058	2	0	0	0	0	0	0	0	0	2
OG0014059	1	0	0	0	0	1	0	0	0	2
OG0014060	2	0	0	0	0	0	0	0	0	2
OG0014061	2	0	0	0	0	0	0	0	0	2
OG0014062	2	0	0	0	0	0	0	0	0	2
OG0014063	2	0	0	0	0	0	0	0	0	2
OG0014064	1	0	1	0	0	0	0	0	0	2
OG0014065	1	0	1	0	0	0	0	0	0	2
OG0014066	2	0	0	0	0	0	0	0	0	2
OG0014067	2	0	0	0	0	0	0	0	0	2
OG0014068	2	0	0	0	0	0	0	0	0	2
OG0014069	2	0	0	0	0	0	0	0	0	2
OG0014070	2	0	0	0	0	0	0	0	0	2
OG0014071	2	0	0	0	0	0	0	0	0	2
OG0014072	1	0	1	0	0	0	0	0	0	2
OG0014073	2	0	0	0	0	0	0	0	0	2
OG0014074	2	0	0	0	0	0	0	0	0	2
OG0014075	1	0	0	0	0	1	0	0	0	2
OG0014076	2	0	0	0	0	0	0	0	0	2
OG0014077	2	0	0	0	0	0	0	0	0	2
OG0014078	2	0	0	0	0	0	0	0	0	2
OG0014079	2	0	0	0	0	0	0	0	0	2
OG0014080	1	0	1	0	0	0	0	0	0	2
OG0014081	2	0	0	0	0	0	0	0	0	2
OG0014082	2	0	0	0	0	0	0	0	0	2
OG0014083	2	0	0	0	0	0	0	0	0	2
OG0014084	2	0	0	0	0	0	0	0	0	2
OG0014085	1	0	1	0	0	0	0	0	0	2
OG0014086	2	0	0	0	0	0	0	0	0	2
OG0014087	2	0	0	0	0	0	0	0	0	2
OG0014088	2	0	0	0	0	0	0	0	0	2
OG0014089	1	0	0	0	0	1	0	0	0	2
OG0014090	2	0	0	0	0	0	0	0	0	2
OG0014091	2	0	0	0	0	0	0	0	0	2
OG0014092	2	0	0	0	0	0	0	0	0	2
OG0014093	1	0	0	0	0	1	0	0	0	2
OG0014094	2	0	0	0	0	0	0	0	0	2
OG0014095	1	0	0	0	0	1	0	0	0	2
OG0014096	2	0	0	0	0	0	0	0	0	2
OG0014097	2	0	0	0	0	0	0	0	0	2
OG0014098	2	0	0	0	0	0	0	0	0	2
OG0014099	1	0	0	0	0	1	0	0	0	2
OG0014100	2	0	0	0	0	0	0	0	0	2
OG0014101	2	0	0	0	0	0	0	0	0	2
OG0014102	2	0	0	0	0	0	0	0	0	2
OG0014103	2	0	0	0	0	0	0	0	0	2
OG0014104	2	0	0	0	0	0	0	0	0	2
OG0014105	2	0	0	0	0	0	0	0	0	2
OG0014106	1	0	1	0	0	0	0	0	0	2
OG0014107	2	0	0	0	0	0	0	0	0	2
OG0014108	2	0	0	0	0	0	0	0	0	2
OG0014109	2	0	0	0	0	0	0	0	0	2
OG0014110	2	0	0	0	0	0	0	0	0	2
OG0014111	2	0	0	0	0	0	0	0	0	2
OG0014112	2	0	0	0	0	0	0	0	0	2
OG0014113	2	0	0	0	0	0	0	0	0	2
OG0014114	2	0	0	0	0	0	0	0	0	2
OG0014115	2	0	0	0	0	0	0	0	0	2
OG0014116	2	0	0	0	0	0	0	0	0	2
OG0014117	2	0	0	0	0	0	0	0	0	2
OG0014118	2	0	0	0	0	0	0	0	0	2
OG0014119	2	0	0	0	0	0	0	0	0	2
OG0014120	2	0	0	0	0	0	0	0	0	2
OG0014121	2	0	0	0	0	0	0	0	0	2
OG0014122	1	0	0	0	0	1	0	0	0	2
OG0014123	2	0	0	0	0	0	0	0	0	2
OG0014124	2	0	0	0	0	0	0	0	0	2
OG0014125	2	0	0	0	0	0	0	0	0	2
OG0014126	1	0	0	0	0	0	1	0	0	2
OG0014127	2	0	0	0	0	0	0	0	0	2
OG0014128	1	0	1	0	0	0	0	0	0	2
OG0014129	2	0	0	0	0	0	0	0	0	2
OG0014130	2	0	0	0	0	0	0	0	0	2
OG0014131	2	0	0	0	0	0	0	0	0	2
OG0014132	2	0	0	0	0	0	0	0	0	2
OG0014133	2	0	0	0	0	0	0	0	0	2
OG0014134	2	0	0	0	0	0	0	0	0	2
OG0014135	2	0	0	0	0	0	0	0	0	2
OG0014136	2	0	0	0	0	0	0	0	0	2
OG0014137	2	0	0	0	0	0	0	0	0	2
OG0014138	2	0	0	0	0	0	0	0	0	2
OG0014139	2	0	0	0	0	0	0	0	0	2
OG0014140	2	0	0	0	0	0	0	0	0	2
OG0014141	2	0	0	0	0	0	0	0	0	2
OG0014142	2	0	0	0	0	0	0	0	0	2
OG0014143	2	0	0	0	0	0	0	0	0	2
OG0014144	2	0	0	0	0	0	0	0	0	2
OG0014145	2	0	0	0	0	0	0	0	0	2
OG0014146	1	0	0	0	0	1	0	0	0	2
OG0014147	2	0	0	0	0	0	0	0	0	2
OG0014148	1	0	0	0	0	1	0	0	0	2
OG0014149	2	0	0	0	0	0	0	0	0	2
OG0014150	1	0	1	0	0	0	0	0	0	2
OG0014151	2	0	0	0	0	0	0	0	0	2
OG0014152	1	0	1	0	0	0	0	0	0	2
OG0014153	2	0	0	0	0	0	0	0	0	2
OG0014154	2	0	0	0	0	0	0	0	0	2
OG0014155	2	0	0	0	0	0	0	0	0	2
OG0014156	2	0	0	0	0	0	0	0	0	2
OG0014157	2	0	0	0	0	0	0	0	0	2
OG0014158	2	0	0	0	0	0	0	0	0	2
OG0014159	2	0	0	0	0	0	0	0	0	2
OG0014160	2	0	0	0	0	0	0	0	0	2
OG0014161	2	0	0	0	0	0	0	0	0	2
OG0014162	2	0	0	0	0	0	0	0	0	2
OG0014163	2	0	0	0	0	0	0	0	0	2
OG0014164	2	0	0	0	0	0	0	0	0	2
OG0014165	2	0	0	0	0	0	0	0	0	2
OG0014166	2	0	0	0	0	0	0	0	0	2
OG0014167	1	0	1	0	0	0	0	0	0	2
OG0014168	2	0	0	0	0	0	0	0	0	2
OG0014169	2	0	0	0	0	0	0	0	0	2
OG0014170	1	0	0	0	0	1	0	0	0	2
OG0014171	1	0	1	0	0	0	0	0	0	2
OG0014172	2	0	0	0	0	0	0	0	0	2
OG0014173	1	0	0	0	0	0	0	1	0	2
OG0014174	1	0	0	0	0	0	0	1	0	2
OG0014175	1	0	0	0	0	0	0	1	0	2
OG0014176	1	0	0	0	0	0	0	1	0	2
OG0014177	1	0	0	0	0	0	0	1	0	2
OG0014178	1	0	0	0	0	1	0	0	0	2
OG0014179	0	2	0	0	0	0	0	0	0	2
OG0014180	0	1	0	0	1	0	0	0	0	2
OG0014181	0	1	0	0	1	0	0	0	0	2
OG0014182	0	1	0	0	1	0	0	0	0	2
OG0014183	0	1	0	0	1	0	0	0	0	2
OG0014184	0	1	0	0	1	0	0	0	0	2
OG0014185	0	1	0	0	1	0	0	0	0	2
OG0014186	0	1	0	0	0	0	0	1	0	2
OG0014187	0	1	0	1	0	0	0	0	0	2
OG0014188	0	1	0	0	0	0	0	1	0	2
OG0014189	0	1	0	0	0	0	0	0	1	2
OG0014190	0	1	0	0	1	0	0	0	0	2
OG0014191	0	1	0	0	1	0	0	0	0	2
OG0014192	0	1	0	0	1	0	0	0	0	2
OG0014193	0	2	0	0	0	0	0	0	0	2
OG0014194	0	1	0	0	0	0	0	0	1	2
OG0014195	0	1	0	0	1	0	0	0	0	2
OG0014196	0	1	0	0	1	0	0	0	0	2
OG0014197	0	1	0	0	1	0	0	0	0	2
OG0014198	0	1	0	0	1	0	0	0	0	2
OG0014199	0	2	0	0	0	0	0	0	0	2
OG0014200	0	1	0	0	0	0	0	1	0	2
OG0014201	0	1	0	0	1	0	0	0	0	2
OG0014202	0	1	0	0	1	0	0	0	0	2
OG0014203	0	1	0	0	1	0	0	0	0	2
OG0014204	0	1	0	0	0	0	0	1	0	2
OG0014205	0	1	0	0	0	0	1	0	0	2
OG0014206	0	2	0	0	0	0	0	0	0	2
OG0014207	0	2	0	0	0	0	0	0	0	2
OG0014208	0	1	0	0	1	0	0	0	0	2
OG0014209	0	2	0	0	0	0	0	0	0	2
OG0014210	0	1	0	0	1	0	0	0	0	2
OG0014211	0	1	0	0	1	0	0	0	0	2
OG0014212	0	1	0	0	1	0	0	0	0	2
OG0014213	0	1	0	0	1	0	0	0	0	2
OG0014214	0	1	0	0	1	0	0	0	0	2
OG0014215	0	1	0	0	0	0	0	0	1	2
OG0014216	0	1	0	0	1	0	0	0	0	2
OG0014217	0	1	0	0	1	0	0	0	0	2
OG0014218	0	1	0	0	1	0	0	0	0	2
OG0014219	0	1	0	0	1	0	0	0	0	2
OG0014220	0	1	0	0	1	0	0	0	0	2
OG0014221	0	1	0	0	1	0	0	0	0	2
OG0014222	0	1	0	0	1	0	0	0	0	2
OG0014223	0	1	0	0	1	0	0	0	0	2
OG0014224	0	2	0	0	0	0	0	0	0	2
OG0014225	0	1	0	0	1	0	0	0	0	2
OG0014226	0	1	0	0	1	0	0	0	0	2
OG0014227	0	1	0	0	1	0	0	0	0	2
OG0014228	0	1	0	0	1	0	0	0	0	2
OG0014229	0	1	0	0	1	0	0	0	0	2
OG0014230	0	2	0	0	0	0	0	0	0	2
OG0014231	0	1	0	0	0	0	0	0	1	2
OG0014232	0	1	0	0	1	0	0	0	0	2
OG0014233	0	1	0	0	1	0	0	0	0	2
OG0014234	0	1	0	0	1	0	0	0	0	2
OG0014235	0	1	0	0	0	0	0	0	1	2
OG0014236	0	1	0	0	1	0	0	0	0	2
OG0014237	0	1	0	0	0	0	0	1	0	2
OG0014238	0	1	0	0	1	0	0	0	0	2
OG0014239	0	1	0	0	1	0	0	0	0	2
OG0014240	0	1	0	0	1	0	0	0	0	2
OG0014241	0	1	0	0	0	0	0	1	0	2
OG0014242	0	1	0	0	0	0	0	0	1	2
OG0014243	0	1	0	0	1	0	0	0	0	2
OG0014244	0	1	0	0	1	0	0	0	0	2
OG0014245	0	1	0	0	1	0	0	0	0	2
OG0014246	0	2	0	0	0	0	0	0	0	2
OG0014247	0	1	0	0	1	0	0	0	0	2
OG0014248	0	1	0	0	0	0	0	1	0	2
OG0014249	0	1	0	0	1	0	0	0	0	2
OG0014250	0	1	0	0	1	0	0	0	0	2
OG0014251	0	1	0	0	1	0	0	0	0	2
OG0014252	0	1	0	0	1	0	0	0	0	2
OG0014253	0	1	0	0	1	0	0	0	0	2
OG0014254	0	1	0	0	1	0	0	0	0	2
OG0014255	0	1	0	0	0	0	0	1	0	2
OG0014256	0	1	0	0	1	0	0	0	0	2
OG0014257	0	1	0	0	1	0	0	0	0	2
OG0014258	0	1	0	0	0	0	0	0	1	2
OG0014259	0	1	0	0	1	0	0	0	0	2
OG0014260	0	1	0	0	1	0	0	0	0	2
OG0014261	0	1	0	0	1	0	0	0	0	2
OG0014262	0	1	0	0	1	0	0	0	0	2
OG0014263	0	1	0	0	1	0	0	0	0	2
OG0014264	0	1	0	0	1	0	0	0	0	2
OG0014265	0	1	0	0	1	0	0	0	0	2
OG0014266	0	1	0	0	0	0	0	1	0	2
OG0014267	0	1	0	0	0	0	0	0	1	2
OG0014268	0	1	0	0	0	0	0	1	0	2
OG0014269	0	1	0	0	1	0	0	0	0	2
OG0014270	0	1	0	0	1	0	0	0	0	2
OG0014271	0	1	0	0	1	0	0	0	0	2
OG0014272	0	1	0	0	1	0	0	0	0	2
OG0014273	0	1	0	0	0	0	0	0	1	2
OG0014274	0	1	0	0	1	0	0	0	0	2
OG0014275	0	1	0	0	1	0	0	0	0	2
OG0014276	0	1	0	0	1	0	0	0	0	2
OG0014277	0	1	0	0	1	0	0	0	0	2
OG0014278	0	1	0	0	0	0	0	1	0	2
OG0014279	0	1	0	0	1	0	0	0	0	2
OG0014280	0	1	0	0	1	0	0	0	0	2
OG0014281	0	1	0	0	1	0	0	0	0	2
OG0014282	0	0	1	0	0	1	0	0	0	2
OG0014283	0	0	2	0	0	0	0	0	0	2
OG0014284	0	0	2	0	0	0	0	0	0	2
OG0014285	0	0	2	0	0	0	0	0	0	2
OG0014286	0	0	2	0	0	0	0	0	0	2
OG0014287	0	0	2	0	0	0	0	0	0	2
OG0014288	0	0	2	0	0	0	0	0	0	2
OG0014289	0	0	2	0	0	0	0	0	0	2
OG0014290	0	0	2	0	0	0	0	0	0	2
OG0014291	0	0	2	0	0	0	0	0	0	2
OG0014292	0	0	2	0	0	0	0	0	0	2
OG0014293	0	0	2	0	0	0	0	0	0	2
OG0014294	0	0	2	0	0	0	0	0	0	2
OG0014295	0	0	2	0	0	0	0	0	0	2
OG0014296	0	0	2	0	0	0	0	0	0	2
OG0014297	0	0	1	0	0	1	0	0	0	2
OG0014298	0	0	2	0	0	0	0	0	0	2
OG0014299	0	0	2	0	0	0	0	0	0	2
OG0014300	0	0	2	0	0	0	0	0	0	2
OG0014301	0	0	2	0	0	0	0	0	0	2
OG0014302	0	0	2	0	0	0	0	0	0	2
OG0014303	0	0	2	0	0	0	0	0	0	2
OG0014304	0	0	2	0	0	0	0	0	0	2
OG0014305	0	0	2	0	0	0	0	0	0	2
OG0014306	0	0	2	0	0	0	0	0	0	2
OG0014307	0	0	2	0	0	0	0	0	0	2
OG0014308	0	0	2	0	0	0	0	0	0	2
OG0014309	0	0	2	0	0	0	0	0	0	2
OG0014310	0	0	2	0	0	0	0	0	0	2
OG0014311	0	0	2	0	0	0	0	0	0	2
OG0014312	0	0	1	0	0	1	0	0	0	2
OG0014313	0	0	2	0	0	0	0	0	0	2
OG0014314	0	0	2	0	0	0	0	0	0	2
OG0014315	0	0	2	0	0	0	0	0	0	2
OG0014316	0	0	2	0	0	0	0	0	0	2
OG0014317	0	0	2	0	0	0	0	0	0	2
OG0014318	0	0	2	0	0	0	0	0	0	2
OG0014319	0	0	2	0	0	0	0	0	0	2
OG0014320	0	0	2	0	0	0	0	0	0	2
OG0014321	0	0	2	0	0	0	0	0	0	2
OG0014322	0	0	2	0	0	0	0	0	0	2
OG0014323	0	0	2	0	0	0	0	0	0	2
OG0014324	0	0	2	0	0	0	0	0	0	2
OG0014325	0	0	2	0	0	0	0	0	0	2
OG0014326	0	0	2	0	0	0	0	0	0	2
OG0014327	0	0	2	0	0	0	0	0	0	2
OG0014328	0	0	2	0	0	0	0	0	0	2
OG0014329	0	0	1	0	0	1	0	0	0	2
OG0014330	0	0	2	0	0	0	0	0	0	2
OG0014331	0	0	2	0	0	0	0	0	0	2
OG0014332	0	0	2	0	0	0	0	0	0	2
OG0014333	0	0	2	0	0	0	0	0	0	2
OG0014334	0	0	2	0	0	0	0	0	0	2
OG0014335	0	0	2	0	0	0	0	0	0	2
OG0014336	0	0	2	0	0	0	0	0	0	2
OG0014337	0	0	2	0	0	0	0	0	0	2
OG0014338	0	0	2	0	0	0	0	0	0	2
OG0014339	0	0	2	0	0	0	0	0	0	2
OG0014340	0	0	2	0	0	0	0	0	0	2
OG0014341	0	0	2	0	0	0	0	0	0	2
OG0014342	0	0	2	0	0	0	0	0	0	2
OG0014343	0	0	2	0	0	0	0	0	0	2
OG0014344	0	0	2	0	0	0	0	0	0	2
OG0014345	0	0	2	0	0	0	0	0	0	2
OG0014346	0	0	2	0	0	0	0	0	0	2
OG0014347	0	0	2	0	0	0	0	0	0	2
OG0014348	0	0	2	0	0	0	0	0	0	2
OG0014349	0	0	2	0	0	0	0	0	0	2
OG0014350	0	0	2	0	0	0	0	0	0	2
OG0014351	0	0	2	0	0	0	0	0	0	2
OG0014352	0	0	2	0	0	0	0	0	0	2
OG0014353	0	0	2	0	0	0	0	0	0	2
OG0014354	0	0	2	0	0	0	0	0	0	2
OG0014355	0	0	2	0	0	0	0	0	0	2
OG0014356	0	0	2	0	0	0	0	0	0	2
OG0014357	0	0	2	0	0	0	0	0	0	2
OG0014358	0	0	2	0	0	0	0	0	0	2
OG0014359	0	0	2	0	0	0	0	0	0	2
OG0014360	0	0	1	0	0	1	0	0	0	2
OG0014361	0	0	2	0	0	0	0	0	0	2
OG0014362	0	0	2	0	0	0	0	0	0	2
OG0014363	0	0	2	0	0	0	0	0	0	2
OG0014364	0	0	2	0	0	0	0	0	0	2
OG0014365	0	0	2	0	0	0	0	0	0	2
OG0014366	0	0	2	0	0	0	0	0	0	2
OG0014367	0	0	2	0	0	0	0	0	0	2
OG0014368	0	0	2	0	0	0	0	0	0	2
OG0014369	0	0	2	0	0	0	0	0	0	2
OG0014370	0	0	2	0	0	0	0	0	0	2
OG0014371	0	0	2	0	0	0	0	0	0	2
OG0014372	0	0	2	0	0	0	0	0	0	2
OG0014373	0	0	2	0	0	0	0	0	0	2
OG0014374	0	0	2	0	0	0	0	0	0	2
OG0014375	0	0	2	0	0	0	0	0	0	2
OG0014376	0	0	2	0	0	0	0	0	0	2
OG0014377	0	0	2	0	0	0	0	0	0	2
OG0014378	0	0	2	0	0	0	0	0	0	2
OG0014379	0	0	2	0	0	0	0	0	0	2
OG0014380	0	0	2	0	0	0	0	0	0	2
OG0014381	0	0	2	0	0	0	0	0	0	2
OG0014382	0	0	2	0	0	0	0	0	0	2
OG0014383	0	0	2	0	0	0	0	0	0	2
OG0014384	0	0	1	0	0	0	1	0	0	2
OG0014385	0	0	2	0	0	0	0	0	0	2
OG0014386	0	0	2	0	0	0	0	0	0	2
OG0014387	0	0	2	0	0	0	0	0	0	2
OG0014388	0	0	2	0	0	0	0	0	0	2
OG0014389	0	0	2	0	0	0	0	0	0	2
OG0014390	0	0	1	0	0	1	0	0	0	2
OG0014391	0	0	2	0	0	0	0	0	0	2
OG0014392	0	0	2	0	0	0	0	0	0	2
OG0014393	0	0	2	0	0	0	0	0	0	2
OG0014394	0	0	1	0	0	1	0	0	0	2
OG0014395	0	0	2	0	0	0	0	0	0	2
OG0014396	0	0	2	0	0	0	0	0	0	2
OG0014397	0	0	2	0	0	0	0	0	0	2
OG0014398	0	0	2	0	0	0	0	0	0	2
OG0014399	0	0	2	0	0	0	0	0	0	2
OG0014400	0	0	2	0	0	0	0	0	0	2
OG0014401	0	0	2	0	0	0	0	0	0	2
OG0014402	0	0	2	0	0	0	0	0	0	2
OG0014403	0	0	2	0	0	0	0	0	0	2
OG0014404	0	0	2	0	0	0	0	0	0	2
OG0014405	0	0	2	0	0	0	0	0	0	2
OG0014406	0	0	2	0	0	0	0	0	0	2
OG0014407	0	0	2	0	0	0	0	0	0	2
OG0014408	0	0	2	0	0	0	0	0	0	2
OG0014409	0	0	2	0	0	0	0	0	0	2
OG0014410	0	0	2	0	0	0	0	0	0	2
OG0014411	0	0	2	0	0	0	0	0	0	2
OG0014412	0	0	2	0	0	0	0	0	0	2
OG0014413	0	0	2	0	0	0	0	0	0	2
OG0014414	0	0	2	0	0	0	0	0	0	2
OG0014415	0	0	2	0	0	0	0	0	0	2
OG0014416	0	0	2	0	0	0	0	0	0	2
OG0014417	0	0	2	0	0	0	0	0	0	2
OG0014418	0	0	2	0	0	0	0	0	0	2
OG0014419	0	0	2	0	0	0	0	0	0	2
OG0014420	0	0	2	0	0	0	0	0	0	2
OG0014421	0	0	2	0	0	0	0	0	0	2
OG0014422	0	0	2	0	0	0	0	0	0	2
OG0014423	0	0	2	0	0	0	0	0	0	2
OG0014424	0	0	2	0	0	0	0	0	0	2
OG0014425	0	0	2	0	0	0	0	0	0	2
OG0014426	0	0	2	0	0	0	0	0	0	2
OG0014427	0	0	2	0	0	0	0	0	0	2
OG0014428	0	0	2	0	0	0	0	0	0	2
OG0014429	0	0	2	0	0	0	0	0	0	2
OG0014430	0	0	2	0	0	0	0	0	0	2
OG0014431	0	0	2	0	0	0	0	0	0	2
OG0014432	0	0	2	0	0	0	0	0	0	2
OG0014433	0	0	2	0	0	0	0	0	0	2
OG0014434	0	0	2	0	0	0	0	0	0	2
OG0014435	0	0	2	0	0	0	0	0	0	2
OG0014436	0	0	2	0	0	0	0	0	0	2
OG0014437	0	0	1	1	0	0	0	0	0	2
OG0014438	0	0	2	0	0	0	0	0	0	2
OG0014439	0	0	2	0	0	0	0	0	0	2
OG0014440	0	0	2	0	0	0	0	0	0	2
OG0014441	0	0	2	0	0	0	0	0	0	2
OG0014442	0	0	2	0	0	0	0	0	0	2
OG0014443	0	0	2	0	0	0	0	0	0	2
OG0014444	0	0	2	0	0	0	0	0	0	2
OG0014445	0	0	2	0	0	0	0	0	0	2
OG0014446	0	0	2	0	0	0	0	0	0	2
OG0014447	0	0	2	0	0	0	0	0	0	2
OG0014448	0	0	2	0	0	0	0	0	0	2
OG0014449	0	0	2	0	0	0	0	0	0	2
OG0014450	0	0	2	0	0	0	0	0	0	2
OG0014451	0	0	2	0	0	0	0	0	0	2
OG0014452	0	0	2	0	0	0	0	0	0	2
OG0014453	0	0	2	0	0	0	0	0	0	2
OG0014454	0	0	2	0	0	0	0	0	0	2
OG0014455	0	0	2	0	0	0	0	0	0	2
OG0014456	0	0	2	0	0	0	0	0	0	2
OG0014457	0	0	2	0	0	0	0	0	0	2
OG0014458	0	0	1	0	0	1	0	0	0	2
OG0014459	0	0	2	0	0	0	0	0	0	2
OG0014460	0	0	2	0	0	0	0	0	0	2
OG0014461	0	0	2	0	0	0	0	0	0	2
OG0014462	0	0	2	0	0	0	0	0	0	2
OG0014463	0	0	2	0	0	0	0	0	0	2
OG0014464	0	0	2	0	0	0	0	0	0	2
OG0014465	0	0	2	0	0	0	0	0	0	2
OG0014466	0	0	2	0	0	0	0	0	0	2
OG0014467	0	0	2	0	0	0	0	0	0	2
OG0014468	0	0	2	0	0	0	0	0	0	2
OG0014469	0	0	1	0	0	1	0	0	0	2
OG0014470	0	0	2	0	0	0	0	0	0	2
OG0014471	0	0	2	0	0	0	0	0	0	2
OG0014472	0	0	2	0	0	0	0	0	0	2
OG0014473	0	0	2	0	0	0	0	0	0	2
OG0014474	0	0	2	0	0	0	0	0	0	2
OG0014475	0	0	2	0	0	0	0	0	0	2
OG0014476	0	0	2	0	0	0	0	0	0	2
OG0014477	0	0	2	0	0	0	0	0	0	2
OG0014478	0	0	2	0	0	0	0	0	0	2
OG0014479	0	0	2	0	0	0	0	0	0	2
OG0014480	0	0	2	0	0	0	0	0	0	2
OG0014481	0	0	2	0	0	0	0	0	0	2
OG0014482	0	0	2	0	0	0	0	0	0	2
OG0014483	0	0	2	0	0	0	0	0	0	2
OG0014484	0	0	2	0	0	0	0	0	0	2
OG0014485	0	0	2	0	0	0	0	0	0	2
OG0014486	0	0	2	0	0	0	0	0	0	2
OG0014487	0	0	2	0	0	0	0	0	0	2
OG0014488	0	0	2	0	0	0	0	0	0	2
OG0014489	0	0	2	0	0	0	0	0	0	2
OG0014490	0	0	2	0	0	0	0	0	0	2
OG0014491	0	0	2	0	0	0	0	0	0	2
OG0014492	0	0	2	0	0	0	0	0	0	2
OG0014493	0	0	2	0	0	0	0	0	0	2
OG0014494	0	0	2	0	0	0	0	0	0	2
OG0014495	0	0	2	0	0	0	0	0	0	2
OG0014496	0	0	2	0	0	0	0	0	0	2
OG0014497	0	0	2	0	0	0	0	0	0	2
OG0014498	0	0	2	0	0	0	0	0	0	2
OG0014499	0	0	2	0	0	0	0	0	0	2
OG0014500	0	0	2	0	0	0	0	0	0	2
OG0014501	0	0	2	0	0	0	0	0	0	2
OG0014502	0	0	2	0	0	0	0	0	0	2
OG0014503	0	0	2	0	0	0	0	0	0	2
OG0014504	0	0	2	0	0	0	0	0	0	2
OG0014505	0	0	2	0	0	0	0	0	0	2
OG0014506	0	0	2	0	0	0	0	0	0	2
OG0014507	0	0	2	0	0	0	0	0	0	2
OG0014508	0	0	2	0	0	0	0	0	0	2
OG0014509	0	0	1	0	0	1	0	0	0	2
OG0014510	0	0	2	0	0	0	0	0	0	2
OG0014511	0	0	2	0	0	0	0	0	0	2
OG0014512	0	0	1	1	0	0	0	0	0	2
OG0014513	0	0	2	0	0	0	0	0	0	2
OG0014514	0	0	2	0	0	0	0	0	0	2
OG0014515	0	0	2	0	0	0	0	0	0	2
OG0014516	0	0	2	0	0	0	0	0	0	2
OG0014517	0	0	2	0	0	0	0	0	0	2
OG0014518	0	0	2	0	0	0	0	0	0	2
OG0014519	0	0	2	0	0	0	0	0	0	2
OG0014520	0	0	2	0	0	0	0	0	0	2
OG0014521	0	0	2	0	0	0	0	0	0	2
OG0014522	0	0	2	0	0	0	0	0	0	2
OG0014523	0	0	2	0	0	0	0	0	0	2
OG0014524	0	0	2	0	0	0	0	0	0	2
OG0014525	0	0	2	0	0	0	0	0	0	2
OG0014526	0	0	2	0	0	0	0	0	0	2
OG0014527	0	0	2	0	0	0	0	0	0	2
OG0014528	0	0	2	0	0	0	0	0	0	2
OG0014529	0	0	2	0	0	0	0	0	0	2
OG0014530	0	0	2	0	0	0	0	0	0	2
OG0014531	0	0	2	0	0	0	0	0	0	2
OG0014532	0	0	2	0	0	0	0	0	0	2
OG0014533	0	0	1	0	0	1	0	0	0	2
OG0014534	0	0	2	0	0	0	0	0	0	2
OG0014535	0	0	2	0	0	0	0	0	0	2
OG0014536	0	0	2	0	0	0	0	0	0	2
OG0014537	0	0	2	0	0	0	0	0	0	2
OG0014538	0	0	2	0	0	0	0	0	0	2
OG0014539	0	0	2	0	0	0	0	0	0	2
OG0014540	0	0	2	0	0	0	0	0	0	2
OG0014541	0	0	2	0	0	0	0	0	0	2
OG0014542	0	0	1	0	0	0	1	0	0	2
OG0014543	0	0	2	0	0	0	0	0	0	2
OG0014544	0	0	2	0	0	0	0	0	0	2
OG0014545	0	0	2	0	0	0	0	0	0	2
OG0014546	0	0	2	0	0	0	0	0	0	2
OG0014547	0	0	1	0	0	1	0	0	0	2
OG0014548	0	0	2	0	0	0	0	0	0	2
OG0014549	0	0	2	0	0	0	0	0	0	2
OG0014550	0	0	2	0	0	0	0	0	0	2
OG0014551	0	0	2	0	0	0	0	0	0	2
OG0014552	0	0	2	0	0	0	0	0	0	2
OG0014553	0	0	2	0	0	0	0	0	0	2
OG0014554	0	0	2	0	0	0	0	0	0	2
OG0014555	0	0	2	0	0	0	0	0	0	2
OG0014556	0	0	2	0	0	0	0	0	0	2
OG0014557	0	0	2	0	0	0	0	0	0	2
OG0014558	0	0	2	0	0	0	0	0	0	2
OG0014559	0	0	2	0	0	0	0	0	0	2
OG0014560	0	0	2	0	0	0	0	0	0	2
OG0014561	0	0	2	0	0	0	0	0	0	2
OG0014562	0	0	2	0	0	0	0	0	0	2
OG0014563	0	0	2	0	0	0	0	0	0	2
OG0014564	0	0	1	0	0	1	0	0	0	2
OG0014565	0	0	2	0	0	0	0	0	0	2
OG0014566	0	0	2	0	0	0	0	0	0	2
OG0014567	0	0	2	0	0	0	0	0	0	2
OG0014568	0	0	2	0	0	0	0	0	0	2
OG0014569	0	0	2	0	0	0	0	0	0	2
OG0014570	0	0	2	0	0	0	0	0	0	2
OG0014571	0	0	2	0	0	0	0	0	0	2
OG0014572	0	0	2	0	0	0	0	0	0	2
OG0014573	0	0	2	0	0	0	0	0	0	2
OG0014574	0	0	2	0	0	0	0	0	0	2
OG0014575	0	0	2	0	0	0	0	0	0	2
OG0014576	0	0	2	0	0	0	0	0	0	2
OG0014577	0	0	2	0	0	0	0	0	0	2
OG0014578	0	0	2	0	0	0	0	0	0	2
OG0014579	0	0	2	0	0	0	0	0	0	2
OG0014580	0	0	2	0	0	0	0	0	0	2
OG0014581	0	0	2	0	0	0	0	0	0	2
OG0014582	0	0	2	0	0	0	0	0	0	2
OG0014583	0	0	2	0	0	0	0	0	0	2
OG0014584	0	0	2	0	0	0	0	0	0	2
OG0014585	0	0	2	0	0	0	0	0	0	2
OG0014586	0	0	2	0	0	0	0	0	0	2
OG0014587	0	0	2	0	0	0	0	0	0	2
OG0014588	0	0	2	0	0	0	0	0	0	2
OG0014589	0	0	2	0	0	0	0	0	0	2
OG0014590	0	0	2	0	0	0	0	0	0	2
OG0014591	0	0	2	0	0	0	0	0	0	2
OG0014592	0	0	2	0	0	0	0	0	0	2
OG0014593	0	0	2	0	0	0	0	0	0	2
OG0014594	0	0	2	0	0	0	0	0	0	2
OG0014595	0	0	2	0	0	0	0	0	0	2
OG0014596	0	0	2	0	0	0	0	0	0	2
OG0014597	0	0	2	0	0	0	0	0	0	2
OG0014598	0	0	2	0	0	0	0	0	0	2
OG0014599	0	0	2	0	0	0	0	0	0	2
OG0014600	0	0	2	0	0	0	0	0	0	2
OG0014601	0	0	2	0	0	0	0	0	0	2
OG0014602	0	0	2	0	0	0	0	0	0	2
OG0014603	0	0	2	0	0	0	0	0	0	2
OG0014604	0	0	2	0	0	0	0	0	0	2
OG0014605	0	0	2	0	0	0	0	0	0	2
OG0014606	0	0	2	0	0	0	0	0	0	2
OG0014607	0	0	2	0	0	0	0	0	0	2
OG0014608	0	0	2	0	0	0	0	0	0	2
OG0014609	0	0	2	0	0	0	0	0	0	2
OG0014610	0	0	2	0	0	0	0	0	0	2
OG0014611	0	0	2	0	0	0	0	0	0	2
OG0014612	0	0	2	0	0	0	0	0	0	2
OG0014613	0	0	2	0	0	0	0	0	0	2
OG0014614	0	0	2	0	0	0	0	0	0	2
OG0014615	0	0	2	0	0	0	0	0	0	2
OG0014616	0	0	2	0	0	0	0	0	0	2
OG0014617	0	0	2	0	0	0	0	0	0	2
OG0014618	0	0	1	0	0	1	0	0	0	2
OG0014619	0	0	2	0	0	0	0	0	0	2
OG0014620	0	0	2	0	0	0	0	0	0	2
OG0014621	0	0	2	0	0	0	0	0	0	2
OG0014622	0	0	2	0	0	0	0	0	0	2
OG0014623	0	0	2	0	0	0	0	0	0	2
OG0014624	0	0	2	0	0	0	0	0	0	2
OG0014625	0	0	2	0	0	0	0	0	0	2
OG0014626	0	0	2	0	0	0	0	0	0	2
OG0014627	0	0	2	0	0	0	0	0	0	2
OG0014628	0	0	2	0	0	0	0	0	0	2
OG0014629	0	0	2	0	0	0	0	0	0	2
OG0014630	0	0	2	0	0	0	0	0	0	2
OG0014631	0	0	2	0	0	0	0	0	0	2
OG0014632	0	0	2	0	0	0	0	0	0	2
OG0014633	0	0	2	0	0	0	0	0	0	2
OG0014634	0	0	2	0	0	0	0	0	0	2
OG0014635	0	0	2	0	0	0	0	0	0	2
OG0014636	0	0	2	0	0	0	0	0	0	2
OG0014637	0	0	2	0	0	0	0	0	0	2
OG0014638	0	0	2	0	0	0	0	0	0	2
OG0014639	0	0	2	0	0	0	0	0	0	2
OG0014640	0	0	2	0	0	0	0	0	0	2
OG0014641	0	0	2	0	0	0	0	0	0	2
OG0014642	0	0	2	0	0	0	0	0	0	2
OG0014643	0	0	2	0	0	0	0	0	0	2
OG0014644	0	0	2	0	0	0	0	0	0	2
OG0014645	0	0	2	0	0	0	0	0	0	2
OG0014646	0	0	2	0	0	0	0	0	0	2
OG0014647	0	0	2	0	0	0	0	0	0	2
OG0014648	0	0	2	0	0	0	0	0	0	2
OG0014649	0	0	2	0	0	0	0	0	0	2
OG0014650	0	0	2	0	0	0	0	0	0	2
OG0014651	0	0	2	0	0	0	0	0	0	2
OG0014652	0	0	2	0	0	0	0	0	0	2
OG0014653	0	0	2	0	0	0	0	0	0	2
OG0014654	0	0	2	0	0	0	0	0	0	2
OG0014655	0	0	2	0	0	0	0	0	0	2
OG0014656	0	0	2	0	0	0	0	0	0	2
OG0014657	0	0	2	0	0	0	0	0	0	2
OG0014658	0	0	2	0	0	0	0	0	0	2
OG0014659	0	0	2	0	0	0	0	0	0	2
OG0014660	0	0	2	0	0	0	0	0	0	2
OG0014661	0	0	2	0	0	0	0	0	0	2
OG0014662	0	0	2	0	0	0	0	0	0	2
OG0014663	0	0	2	0	0	0	0	0	0	2
OG0014664	0	0	2	0	0	0	0	0	0	2
OG0014665	0	0	2	0	0	0	0	0	0	2
OG0014666	0	0	2	0	0	0	0	0	0	2
OG0014667	0	0	2	0	0	0	0	0	0	2
OG0014668	0	0	1	0	0	1	0	0	0	2
OG0014669	0	0	1	0	0	1	0	0	0	2
OG0014670	0	0	2	0	0	0	0	0	0	2
OG0014671	0	0	2	0	0	0	0	0	0	2
OG0014672	0	0	2	0	0	0	0	0	0	2
OG0014673	0	0	2	0	0	0	0	0	0	2
OG0014674	0	0	2	0	0	0	0	0	0	2
OG0014675	0	0	2	0	0	0	0	0	0	2
OG0014676	0	0	2	0	0	0	0	0	0	2
OG0014677	0	0	2	0	0	0	0	0	0	2
OG0014678	0	0	2	0	0	0	0	0	0	2
OG0014679	0	0	2	0	0	0	0	0	0	2
OG0014680	0	0	2	0	0	0	0	0	0	2
OG0014681	0	0	2	0	0	0	0	0	0	2
OG0014682	0	0	2	0	0	0	0	0	0	2
OG0014683	0	0	2	0	0	0	0	0	0	2
OG0014684	0	0	2	0	0	0	0	0	0	2
OG0014685	0	0	2	0	0	0	0	0	0	2
OG0014686	0	0	2	0	0	0	0	0	0	2
OG0014687	0	0	2	0	0	0	0	0	0	2
OG0014688	0	0	2	0	0	0	0	0	0	2
OG0014689	0	0	2	0	0	0	0	0	0	2
OG0014690	0	0	2	0	0	0	0	0	0	2
OG0014691	0	0	2	0	0	0	0	0	0	2
OG0014692	0	0	2	0	0	0	0	0	0	2
OG0014693	0	0	2	0	0	0	0	0	0	2
OG0014694	0	0	2	0	0	0	0	0	0	2
OG0014695	0	0	2	0	0	0	0	0	0	2
OG0014696	0	0	2	0	0	0	0	0	0	2
OG0014697	0	0	2	0	0	0	0	0	0	2
OG0014698	0	0	2	0	0	0	0	0	0	2
OG0014699	0	0	2	0	0	0	0	0	0	2
OG0014700	0	0	2	0	0	0	0	0	0	2
OG0014701	0	0	2	0	0	0	0	0	0	2
OG0014702	0	0	2	0	0	0	0	0	0	2
OG0014703	0	0	2	0	0	0	0	0	0	2
OG0014704	0	0	2	0	0	0	0	0	0	2
OG0014705	0	0	2	0	0	0	0	0	0	2
OG0014706	0	0	2	0	0	0	0	0	0	2
OG0014707	0	0	1	1	0	0	0	0	0	2
OG0014708	0	0	2	0	0	0	0	0	0	2
OG0014709	0	0	2	0	0	0	0	0	0	2
OG0014710	0	0	2	0	0	0	0	0	0	2
OG0014711	0	0	2	0	0	0	0	0	0	2
OG0014712	0	0	2	0	0	0	0	0	0	2
OG0014713	0	0	2	0	0	0	0	0	0	2
OG0014714	0	0	2	0	0	0	0	0	0	2
OG0014715	0	0	2	0	0	0	0	0	0	2
OG0014716	0	0	2	0	0	0	0	0	0	2
OG0014717	0	0	2	0	0	0	0	0	0	2
OG0014718	0	0	2	0	0	0	0	0	0	2
OG0014719	0	0	2	0	0	0	0	0	0	2
OG0014720	0	0	2	0	0	0	0	0	0	2
OG0014721	0	0	2	0	0	0	0	0	0	2
OG0014722	0	0	2	0	0	0	0	0	0	2
OG0014723	0	0	1	0	0	1	0	0	0	2
OG0014724	0	0	2	0	0	0	0	0	0	2
OG0014725	0	0	1	0	0	1	0	0	0	2
OG0014726	0	0	2	0	0	0	0	0	0	2
OG0014727	0	0	2	0	0	0	0	0	0	2
OG0014728	0	0	2	0	0	0	0	0	0	2
OG0014729	0	0	2	0	0	0	0	0	0	2
OG0014730	0	0	2	0	0	0	0	0	0	2
OG0014731	0	0	2	0	0	0	0	0	0	2
OG0014732	0	0	2	0	0	0	0	0	0	2
OG0014733	0	0	2	0	0	0	0	0	0	2
OG0014734	0	0	2	0	0	0	0	0	0	2
OG0014735	0	0	2	0	0	0	0	0	0	2
OG0014736	0	0	2	0	0	0	0	0	0	2
OG0014737	0	0	2	0	0	0	0	0	0	2
OG0014738	0	0	2	0	0	0	0	0	0	2
OG0014739	0	0	2	0	0	0	0	0	0	2
OG0014740	0	0	2	0	0	0	0	0	0	2
OG0014741	0	0	2	0	0	0	0	0	0	2
OG0014742	0	0	2	0	0	0	0	0	0	2
OG0014743	0	0	2	0	0	0	0	0	0	2
OG0014744	0	0	2	0	0	0	0	0	0	2
OG0014745	0	0	2	0	0	0	0	0	0	2
OG0014746	0	0	2	0	0	0	0	0	0	2
OG0014747	0	0	2	0	0	0	0	0	0	2
OG0014748	0	0	2	0	0	0	0	0	0	2
OG0014749	0	0	2	0	0	0	0	0	0	2
OG0014750	0	0	2	0	0	0	0	0	0	2
OG0014751	0	0	2	0	0	0	0	0	0	2
OG0014752	0	0	2	0	0	0	0	0	0	2
OG0014753	0	0	2	0	0	0	0	0	0	2
OG0014754	0	0	2	0	0	0	0	0	0	2
OG0014755	0	0	2	0	0	0	0	0	0	2
OG0014756	0	0	2	0	0	0	0	0	0	2
OG0014757	0	0	2	0	0	0	0	0	0	2
OG0014758	0	0	2	0	0	0	0	0	0	2
OG0014759	0	0	2	0	0	0	0	0	0	2
OG0014760	0	0	2	0	0	0	0	0	0	2
OG0014761	0	0	2	0	0	0	0	0	0	2
OG0014762	0	0	2	0	0	0	0	0	0	2
OG0014763	0	0	2	0	0	0	0	0	0	2
OG0014764	0	0	2	0	0	0	0	0	0	2
OG0014765	0	0	2	0	0	0	0	0	0	2
OG0014766	0	0	2	0	0	0	0	0	0	2
OG0014767	0	0	2	0	0	0	0	0	0	2
OG0014768	0	0	2	0	0	0	0	0	0	2
OG0014769	0	0	2	0	0	0	0	0	0	2
OG0014770	0	0	2	0	0	0	0	0	0	2
OG0014771	0	0	1	0	0	1	0	0	0	2
OG0014772	0	0	2	0	0	0	0	0	0	2
OG0014773	0	0	2	0	0	0	0	0	0	2
OG0014774	0	0	2	0	0	0	0	0	0	2
OG0014775	0	0	2	0	0	0	0	0	0	2
OG0014776	0	0	2	0	0	0	0	0	0	2
OG0014777	0	0	2	0	0	0	0	0	0	2
OG0014778	0	0	2	0	0	0	0	0	0	2
OG0014779	0	0	2	0	0	0	0	0	0	2
OG0014780	0	0	2	0	0	0	0	0	0	2
OG0014781	0	0	2	0	0	0	0	0	0	2
OG0014782	0	0	2	0	0	0	0	0	0	2
OG0014783	0	0	2	0	0	0	0	0	0	2
OG0014784	0	0	1	0	0	1	0	0	0	2
OG0014785	0	0	2	0	0	0	0	0	0	2
OG0014786	0	0	2	0	0	0	0	0	0	2
OG0014787	0	0	2	0	0	0	0	0	0	2
OG0014788	0	0	2	0	0	0	0	0	0	2
OG0014789	0	0	2	0	0	0	0	0	0	2
OG0014790	0	0	2	0	0	0	0	0	0	2
OG0014791	0	0	2	0	0	0	0	0	0	2
OG0014792	0	0	2	0	0	0	0	0	0	2
OG0014793	0	0	2	0	0	0	0	0	0	2
OG0014794	0	0	2	0	0	0	0	0	0	2
OG0014795	0	0	2	0	0	0	0	0	0	2
OG0014796	0	0	2	0	0	0	0	0	0	2
OG0014797	0	0	2	0	0	0	0	0	0	2
OG0014798	0	0	2	0	0	0	0	0	0	2
OG0014799	0	0	2	0	0	0	0	0	0	2
OG0014800	0	0	2	0	0	0	0	0	0	2
OG0014801	0	0	2	0	0	0	0	0	0	2
OG0014802	0	0	2	0	0	0	0	0	0	2
OG0014803	0	0	2	0	0	0	0	0	0	2
OG0014804	0	0	2	0	0	0	0	0	0	2
OG0014805	0	0	2	0	0	0	0	0	0	2
OG0014806	0	0	2	0	0	0	0	0	0	2
OG0014807	0	0	2	0	0	0	0	0	0	2
OG0014808	0	0	2	0	0	0	0	0	0	2
OG0014809	0	0	2	0	0	0	0	0	0	2
OG0014810	0	0	2	0	0	0	0	0	0	2
OG0014811	0	0	2	0	0	0	0	0	0	2
OG0014812	0	0	2	0	0	0	0	0	0	2
OG0014813	0	0	2	0	0	0	0	0	0	2
OG0014814	0	0	2	0	0	0	0	0	0	2
OG0014815	0	0	2	0	0	0	0	0	0	2
OG0014816	0	0	2	0	0	0	0	0	0	2
OG0014817	0	0	2	0	0	0	0	0	0	2
OG0014818	0	0	2	0	0	0	0	0	0	2
OG0014819	0	0	2	0	0	0	0	0	0	2
OG0014820	0	0	2	0	0	0	0	0	0	2
OG0014821	0	0	2	0	0	0	0	0	0	2
OG0014822	0	0	2	0	0	0	0	0	0	2
OG0014823	0	0	2	0	0	0	0	0	0	2
OG0014824	0	0	2	0	0	0	0	0	0	2
OG0014825	0	0	2	0	0	0	0	0	0	2
OG0014826	0	0	2	0	0	0	0	0	0	2
OG0014827	0	0	2	0	0	0	0	0	0	2
OG0014828	0	0	2	0	0	0	0	0	0	2
OG0014829	0	0	2	0	0	0	0	0	0	2
OG0014830	0	0	2	0	0	0	0	0	0	2
OG0014831	0	0	2	0	0	0	0	0	0	2
OG0014832	0	0	2	0	0	0	0	0	0	2
OG0014833	0	0	2	0	0	0	0	0	0	2
OG0014834	0	0	2	0	0	0	0	0	0	2
OG0014835	0	0	2	0	0	0	0	0	0	2
OG0014836	0	0	2	0	0	0	0	0	0	2
OG0014837	0	0	2	0	0	0	0	0	0	2
OG0014838	0	0	2	0	0	0	0	0	0	2
OG0014839	0	0	2	0	0	0	0	0	0	2
OG0014840	0	0	2	0	0	0	0	0	0	2
OG0014841	0	0	2	0	0	0	0	0	0	2
OG0014842	0	0	2	0	0	0	0	0	0	2
OG0014843	0	0	2	0	0	0	0	0	0	2
OG0014844	0	0	2	0	0	0	0	0	0	2
OG0014845	0	0	1	0	0	0	1	0	0	2
OG0014846	0	0	2	0	0	0	0	0	0	2
OG0014847	0	0	2	0	0	0	0	0	0	2
OG0014848	0	0	2	0	0	0	0	0	0	2
OG0014849	0	0	2	0	0	0	0	0	0	2
OG0014850	0	0	2	0	0	0	0	0	0	2
OG0014851	0	0	2	0	0	0	0	0	0	2
OG0014852	0	0	2	0	0	0	0	0	0	2
OG0014853	0	0	2	0	0	0	0	0	0	2
OG0014854	0	0	2	0	0	0	0	0	0	2
OG0014855	0	0	1	0	0	1	0	0	0	2
OG0014856	0	0	2	0	0	0	0	0	0	2
OG0014857	0	0	2	0	0	0	0	0	0	2
OG0014858	0	0	2	0	0	0	0	0	0	2
OG0014859	0	0	2	0	0	0	0	0	0	2
OG0014860	0	0	2	0	0	0	0	0	0	2
OG0014861	0	0	2	0	0	0	0	0	0	2
OG0014862	0	0	2	0	0	0	0	0	0	2
OG0014863	0	0	2	0	0	0	0	0	0	2
OG0014864	0	0	2	0	0	0	0	0	0	2
OG0014865	0	0	2	0	0	0	0	0	0	2
OG0014866	0	0	2	0	0	0	0	0	0	2
OG0014867	0	0	2	0	0	0	0	0	0	2
OG0014868	0	0	2	0	0	0	0	0	0	2
OG0014869	0	0	2	0	0	0	0	0	0	2
OG0014870	0	0	2	0	0	0	0	0	0	2
OG0014871	0	0	2	0	0	0	0	0	0	2
OG0014872	0	0	2	0	0	0	0	0	0	2
OG0014873	0	0	1	0	0	1	0	0	0	2
OG0014874	0	0	2	0	0	0	0	0	0	2
OG0014875	0	0	2	0	0	0	0	0	0	2
OG0014876	0	0	2	0	0	0	0	0	0	2
OG0014877	0	0	2	0	0	0	0	0	0	2
OG0014878	0	0	2	0	0	0	0	0	0	2
OG0014879	0	0	2	0	0	0	0	0	0	2
OG0014880	0	0	2	0	0	0	0	0	0	2
OG0014881	0	0	2	0	0	0	0	0	0	2
OG0014882	0	0	2	0	0	0	0	0	0	2
OG0014883	0	0	2	0	0	0	0	0	0	2
OG0014884	0	0	2	0	0	0	0	0	0	2
OG0014885	0	0	2	0	0	0	0	0	0	2
OG0014886	0	0	2	0	0	0	0	0	0	2
OG0014887	0	0	2	0	0	0	0	0	0	2
OG0014888	0	0	2	0	0	0	0	0	0	2
OG0014889	0	0	2	0	0	0	0	0	0	2
OG0014890	0	0	2	0	0	0	0	0	0	2
OG0014891	0	0	2	0	0	0	0	0	0	2
OG0014892	0	0	2	0	0	0	0	0	0	2
OG0014893	0	0	2	0	0	0	0	0	0	2
OG0014894	0	0	2	0	0	0	0	0	0	2
OG0014895	0	0	2	0	0	0	0	0	0	2
OG0014896	0	0	2	0	0	0	0	0	0	2
OG0014897	0	0	1	0	0	1	0	0	0	2
OG0014898	0	0	2	0	0	0	0	0	0	2
OG0014899	0	0	1	0	0	0	1	0	0	2
OG0014900	0	0	2	0	0	0	0	0	0	2
OG0014901	0	0	2	0	0	0	0	0	0	2
OG0014902	0	0	2	0	0	0	0	0	0	2
OG0014903	0	0	2	0	0	0	0	0	0	2
OG0014904	0	0	2	0	0	0	0	0	0	2
OG0014905	0	0	2	0	0	0	0	0	0	2
OG0014906	0	0	2	0	0	0	0	0	0	2
OG0014907	0	0	2	0	0	0	0	0	0	2
OG0014908	0	0	2	0	0	0	0	0	0	2
OG0014909	0	0	2	0	0	0	0	0	0	2
OG0014910	0	0	2	0	0	0	0	0	0	2
OG0014911	0	0	2	0	0	0	0	0	0	2
OG0014912	0	0	2	0	0	0	0	0	0	2
OG0014913	0	0	2	0	0	0	0	0	0	2
OG0014914	0	0	2	0	0	0	0	0	0	2
OG0014915	0	0	2	0	0	0	0	0	0	2
OG0014916	0	0	2	0	0	0	0	0	0	2
OG0014917	0	0	2	0	0	0	0	0	0	2
OG0014918	0	0	2	0	0	0	0	0	0	2
OG0014919	0	0	2	0	0	0	0	0	0	2
OG0014920	0	0	2	0	0	0	0	0	0	2
OG0014921	0	0	2	0	0	0	0	0	0	2
OG0014922	0	0	2	0	0	0	0	0	0	2
OG0014923	0	0	2	0	0	0	0	0	0	2
OG0014924	0	0	2	0	0	0	0	0	0	2
OG0014925	0	0	2	0	0	0	0	0	0	2
OG0014926	0	0	2	0	0	0	0	0	0	2
OG0014927	0	0	2	0	0	0	0	0	0	2
OG0014928	0	0	1	0	0	1	0	0	0	2
OG0014929	0	0	2	0	0	0	0	0	0	2
OG0014930	0	0	2	0	0	0	0	0	0	2
OG0014931	0	0	2	0	0	0	0	0	0	2
OG0014932	0	0	2	0	0	0	0	0	0	2
OG0014933	0	0	2	0	0	0	0	0	0	2
OG0014934	0	0	2	0	0	0	0	0	0	2
OG0014935	0	0	2	0	0	0	0	0	0	2
OG0014936	0	0	2	0	0	0	0	0	0	2
OG0014937	0	0	2	0	0	0	0	0	0	2
OG0014938	0	0	2	0	0	0	0	0	0	2
OG0014939	0	0	2	0	0	0	0	0	0	2
OG0014940	0	0	2	0	0	0	0	0	0	2
OG0014941	0	0	2	0	0	0	0	0	0	2
OG0014942	0	0	2	0	0	0	0	0	0	2
OG0014943	0	0	2	0	0	0	0	0	0	2
OG0014944	0	0	1	0	1	0	0	0	0	2
OG0014945	0	0	2	0	0	0	0	0	0	2
OG0014946	0	0	2	0	0	0	0	0	0	2
OG0014947	0	0	2	0	0	0	0	0	0	2
OG0014948	0	0	2	0	0	0	0	0	0	2
OG0014949	0	0	2	0	0	0	0	0	0	2
OG0014950	0	0	2	0	0	0	0	0	0	2
OG0014951	0	0	2	0	0	0	0	0	0	2
OG0014952	0	0	2	0	0	0	0	0	0	2
OG0014953	0	0	2	0	0	0	0	0	0	2
OG0014954	0	0	2	0	0	0	0	0	0	2
OG0014955	0	0	2	0	0	0	0	0	0	2
OG0014956	0	0	2	0	0	0	0	0	0	2
OG0014957	0	0	2	0	0	0	0	0	0	2
OG0014958	0	0	2	0	0	0	0	0	0	2
OG0014959	0	0	2	0	0	0	0	0	0	2
OG0014960	0	0	2	0	0	0	0	0	0	2
OG0014961	0	0	2	0	0	0	0	0	0	2
OG0014962	0	0	2	0	0	0	0	0	0	2
OG0014963	0	0	2	0	0	0	0	0	0	2
OG0014964	0	0	2	0	0	0	0	0	0	2
OG0014965	0	0	2	0	0	0	0	0	0	2
OG0014966	0	0	2	0	0	0	0	0	0	2
OG0014967	0	0	2	0	0	0	0	0	0	2
OG0014968	0	0	2	0	0	0	0	0	0	2
OG0014969	0	0	2	0	0	0	0	0	0	2
OG0014970	0	0	2	0	0	0	0	0	0	2
OG0014971	0	0	2	0	0	0	0	0	0	2
OG0014972	0	0	2	0	0	0	0	0	0	2
OG0014973	0	0	1	0	0	1	0	0	0	2
OG0014974	0	0	2	0	0	0	0	0	0	2
OG0014975	0	0	2	0	0	0	0	0	0	2
OG0014976	0	0	2	0	0	0	0	0	0	2
OG0014977	0	0	2	0	0	0	0	0	0	2
OG0014978	0	0	1	0	0	1	0	0	0	2
OG0014979	0	0	2	0	0	0	0	0	0	2
OG0014980	0	0	2	0	0	0	0	0	0	2
OG0014981	0	0	2	0	0	0	0	0	0	2
OG0014982	0	0	2	0	0	0	0	0	0	2
OG0014983	0	0	2	0	0	0	0	0	0	2
OG0014984	0	0	2	0	0	0	0	0	0	2
OG0014985	0	0	2	0	0	0	0	0	0	2
OG0014986	0	0	2	0	0	0	0	0	0	2
OG0014987	0	0	2	0	0	0	0	0	0	2
OG0014988	0	0	1	0	0	1	0	0	0	2
OG0014989	0	0	2	0	0	0	0	0	0	2
OG0014990	0	0	2	0	0	0	0	0	0	2
OG0014991	0	0	2	0	0	0	0	0	0	2
OG0014992	0	0	2	0	0	0	0	0	0	2
OG0014993	0	0	2	0	0	0	0	0	0	2
OG0014994	0	0	2	0	0	0	0	0	0	2
OG0014995	0	0	2	0	0	0	0	0	0	2
OG0014996	0	0	2	0	0	0	0	0	0	2
OG0014997	0	0	2	0	0	0	0	0	0	2
OG0014998	0	0	2	0	0	0	0	0	0	2
OG0014999	0	0	2	0	0	0	0	0	0	2
OG0015000	0	0	2	0	0	0	0	0	0	2
OG0015001	0	0	2	0	0	0	0	0	0	2
OG0015002	0	0	2	0	0	0	0	0	0	2
OG0015003	0	0	2	0	0	0	0	0	0	2
OG0015004	0	0	2	0	0	0	0	0	0	2
OG0015005	0	0	2	0	0	0	0	0	0	2
OG0015006	0	0	2	0	0	0	0	0	0	2
OG0015007	0	0	1	0	0	1	0	0	0	2
OG0015008	0	0	2	0	0	0	0	0	0	2
OG0015009	0	0	2	0	0	0	0	0	0	2
OG0015010	0	0	2	0	0	0	0	0	0	2
OG0015011	0	0	2	0	0	0	0	0	0	2
OG0015012	0	0	2	0	0	0	0	0	0	2
OG0015013	0	0	2	0	0	0	0	0	0	2
OG0015014	0	0	2	0	0	0	0	0	0	2
OG0015015	0	0	1	0	0	1	0	0	0	2
OG0015016	0	0	2	0	0	0	0	0	0	2
OG0015017	0	0	2	0	0	0	0	0	0	2
OG0015018	0	0	2	0	0	0	0	0	0	2
OG0015019	0	0	2	0	0	0	0	0	0	2
OG0015020	0	0	2	0	0	0	0	0	0	2
OG0015021	0	0	2	0	0	0	0	0	0	2
OG0015022	0	0	2	0	0	0	0	0	0	2
OG0015023	0	0	2	0	0	0	0	0	0	2
OG0015024	0	0	1	0	0	1	0	0	0	2
OG0015025	0	0	1	0	0	1	0	0	0	2
OG0015026	0	0	2	0	0	0	0	0	0	2
OG0015027	0	0	2	0	0	0	0	0	0	2
OG0015028	0	0	2	0	0	0	0	0	0	2
OG0015029	0	0	2	0	0	0	0	0	0	2
OG0015030	0	0	2	0	0	0	0	0	0	2
OG0015031	0	0	2	0	0	0	0	0	0	2
OG0015032	0	0	2	0	0	0	0	0	0	2
OG0015033	0	0	2	0	0	0	0	0	0	2
OG0015034	0	0	2	0	0	0	0	0	0	2
OG0015035	0	0	2	0	0	0	0	0	0	2
OG0015036	0	0	2	0	0	0	0	0	0	2
OG0015037	0	0	2	0	0	0	0	0	0	2
OG0015038	0	0	2	0	0	0	0	0	0	2
OG0015039	0	0	2	0	0	0	0	0	0	2
OG0015040	0	0	2	0	0	0	0	0	0	2
OG0015041	0	0	2	0	0	0	0	0	0	2
OG0015042	0	0	2	0	0	0	0	0	0	2
OG0015043	0	0	2	0	0	0	0	0	0	2
OG0015044	0	0	2	0	0	0	0	0	0	2
OG0015045	0	0	2	0	0	0	0	0	0	2
OG0015046	0	0	2	0	0	0	0	0	0	2
OG0015047	0	0	2	0	0	0	0	0	0	2
OG0015048	0	0	2	0	0	0	0	0	0	2
OG0015049	0	0	2	0	0	0	0	0	0	2
OG0015050	0	0	2	0	0	0	0	0	0	2
OG0015051	0	0	2	0	0	0	0	0	0	2
OG0015052	0	0	2	0	0	0	0	0	0	2
OG0015053	0	0	2	0	0	0	0	0	0	2
OG0015054	0	0	2	0	0	0	0	0	0	2
OG0015055	0	0	2	0	0	0	0	0	0	2
OG0015056	0	0	1	0	0	1	0	0	0	2
OG0015057	0	0	2	0	0	0	0	0	0	2
OG0015058	0	0	2	0	0	0	0	0	0	2
OG0015059	0	0	2	0	0	0	0	0	0	2
OG0015060	0	0	2	0	0	0	0	0	0	2
OG0015061	0	0	2	0	0	0	0	0	0	2
OG0015062	0	0	2	0	0	0	0	0	0	2
OG0015063	0	0	2	0	0	0	0	0	0	2
OG0015064	0	0	2	0	0	0	0	0	0	2
OG0015065	0	0	2	0	0	0	0	0	0	2
OG0015066	0	0	2	0	0	0	0	0	0	2
OG0015067	0	0	2	0	0	0	0	0	0	2
OG0015068	0	0	2	0	0	0	0	0	0	2
OG0015069	0	0	2	0	0	0	0	0	0	2
OG0015070	0	0	2	0	0	0	0	0	0	2
OG0015071	0	0	2	0	0	0	0	0	0	2
OG0015072	0	0	2	0	0	0	0	0	0	2
OG0015073	0	0	2	0	0	0	0	0	0	2
OG0015074	0	0	2	0	0	0	0	0	0	2
OG0015075	0	0	2	0	0	0	0	0	0	2
OG0015076	0	0	2	0	0	0	0	0	0	2
OG0015077	0	0	2	0	0	0	0	0	0	2
OG0015078	0	0	2	0	0	0	0	0	0	2
OG0015079	0	0	2	0	0	0	0	0	0	2
OG0015080	0	0	2	0	0	0	0	0	0	2
OG0015081	0	0	2	0	0	0	0	0	0	2
OG0015082	0	0	2	0	0	0	0	0	0	2
OG0015083	0	0	2	0	0	0	0	0	0	2
OG0015084	0	0	2	0	0	0	0	0	0	2
OG0015085	0	0	2	0	0	0	0	0	0	2
OG0015086	0	0	1	1	0	0	0	0	0	2
OG0015087	0	0	2	0	0	0	0	0	0	2
OG0015088	0	0	2	0	0	0	0	0	0	2
OG0015089	0	0	2	0	0	0	0	0	0	2
OG0015090	0	0	2	0	0	0	0	0	0	2
OG0015091	0	0	2	0	0	0	0	0	0	2
OG0015092	0	0	2	0	0	0	0	0	0	2
OG0015093	0	0	2	0	0	0	0	0	0	2
OG0015094	0	0	2	0	0	0	0	0	0	2
OG0015095	0	0	2	0	0	0	0	0	0	2
OG0015096	0	0	2	0	0	0	0	0	0	2
OG0015097	0	0	2	0	0	0	0	0	0	2
OG0015098	0	0	2	0	0	0	0	0	0	2
OG0015099	0	0	2	0	0	0	0	0	0	2
OG0015100	0	0	2	0	0	0	0	0	0	2
OG0015101	0	0	2	0	0	0	0	0	0	2
OG0015102	0	0	2	0	0	0	0	0	0	2
OG0015103	0	0	2	0	0	0	0	0	0	2
OG0015104	0	0	2	0	0	0	0	0	0	2
OG0015105	0	0	2	0	0	0	0	0	0	2
OG0015106	0	0	2	0	0	0	0	0	0	2
OG0015107	0	0	2	0	0	0	0	0	0	2
OG0015108	0	0	2	0	0	0	0	0	0	2
OG0015109	0	0	1	0	0	0	1	0	0	2
OG0015110	0	0	2	0	0	0	0	0	0	2
OG0015111	0	0	2	0	0	0	0	0	0	2
OG0015112	0	0	2	0	0	0	0	0	0	2
OG0015113	0	0	2	0	0	0	0	0	0	2
OG0015114	0	0	2	0	0	0	0	0	0	2
OG0015115	0	0	1	0	0	0	1	0	0	2
OG0015116	0	0	2	0	0	0	0	0	0	2
OG0015117	0	0	2	0	0	0	0	0	0	2
OG0015118	0	0	1	1	0	0	0	0	0	2
OG0015119	0	0	2	0	0	0	0	0	0	2
OG0015120	0	0	2	0	0	0	0	0	0	2
OG0015121	0	0	2	0	0	0	0	0	0	2
OG0015122	0	0	2	0	0	0	0	0	0	2
OG0015123	0	0	2	0	0	0	0	0	0	2
OG0015124	0	0	2	0	0	0	0	0	0	2
OG0015125	0	0	1	0	0	0	0	1	0	2
OG0015126	0	0	2	0	0	0	0	0	0	2
OG0015127	0	0	1	0	0	0	1	0	0	2
OG0015128	0	0	2	0	0	0	0	0	0	2
OG0015129	0	0	2	0	0	0	0	0	0	2
OG0015130	0	0	1	0	0	1	0	0	0	2
OG0015131	0	0	2	0	0	0	0	0	0	2
OG0015132	0	0	2	0	0	0	0	0	0	2
OG0015133	0	0	1	0	0	1	0	0	0	2
OG0015134	0	0	2	0	0	0	0	0	0	2
OG0015135	0	0	2	0	0	0	0	0	0	2
OG0015136	0	0	2	0	0	0	0	0	0	2
OG0015137	0	0	2	0	0	0	0	0	0	2
OG0015138	0	0	2	0	0	0	0	0	0	2
OG0015139	0	0	2	0	0	0	0	0	0	2
OG0015140	0	0	2	0	0	0	0	0	0	2
OG0015141	0	0	2	0	0	0	0	0	0	2
OG0015142	0	0	2	0	0	0	0	0	0	2
OG0015143	0	0	2	0	0	0	0	0	0	2
OG0015144	0	0	2	0	0	0	0	0	0	2
OG0015145	0	0	2	0	0	0	0	0	0	2
OG0015146	0	0	2	0	0	0	0	0	0	2
OG0015147	0	0	2	0	0	0	0	0	0	2
OG0015148	0	0	2	0	0	0	0	0	0	2
OG0015149	0	0	2	0	0	0	0	0	0	2
OG0015150	0	0	2	0	0	0	0	0	0	2
OG0015151	0	0	2	0	0	0	0	0	0	2
OG0015152	0	0	1	0	0	0	1	0	0	2
OG0015153	0	0	2	0	0	0	0	0	0	2
OG0015154	0	0	2	0	0	0	0	0	0	2
OG0015155	0	0	2	0	0	0	0	0	0	2
OG0015156	0	0	2	0	0	0	0	0	0	2
OG0015157	0	0	2	0	0	0	0	0	0	2
OG0015158	0	0	2	0	0	0	0	0	0	2
OG0015159	0	0	2	0	0	0	0	0	0	2
OG0015160	0	0	2	0	0	0	0	0	0	2
OG0015161	0	0	2	0	0	0	0	0	0	2
OG0015162	0	0	2	0	0	0	0	0	0	2
OG0015163	0	0	2	0	0	0	0	0	0	2
OG0015164	0	0	2	0	0	0	0	0	0	2
OG0015165	0	0	2	0	0	0	0	0	0	2
OG0015166	0	0	2	0	0	0	0	0	0	2
OG0015167	0	0	2	0	0	0	0	0	0	2
OG0015168	0	0	2	0	0	0	0	0	0	2
OG0015169	0	0	2	0	0	0	0	0	0	2
OG0015170	0	0	2	0	0	0	0	0	0	2
OG0015171	0	0	2	0	0	0	0	0	0	2
OG0015172	0	0	2	0	0	0	0	0	0	2
OG0015173	0	0	2	0	0	0	0	0	0	2
OG0015174	0	0	2	0	0	0	0	0	0	2
OG0015175	0	0	2	0	0	0	0	0	0	2
OG0015176	0	0	2	0	0	0	0	0	0	2
OG0015177	0	0	2	0	0	0	0	0	0	2
OG0015178	0	0	2	0	0	0	0	0	0	2
OG0015179	0	0	2	0	0	0	0	0	0	2
OG0015180	0	0	1	1	0	0	0	0	0	2
OG0015181	0	0	2	0	0	0	0	0	0	2
OG0015182	0	0	2	0	0	0	0	0	0	2
OG0015183	0	0	2	0	0	0	0	0	0	2
OG0015184	0	0	2	0	0	0	0	0	0	2
OG0015185	0	0	1	0	0	1	0	0	0	2
OG0015186	0	0	2	0	0	0	0	0	0	2
OG0015187	0	0	2	0	0	0	0	0	0	2
OG0015188	0	0	2	0	0	0	0	0	0	2
OG0015189	0	0	2	0	0	0	0	0	0	2
OG0015190	0	0	2	0	0	0	0	0	0	2
OG0015191	0	0	2	0	0	0	0	0	0	2
OG0015192	0	0	2	0	0	0	0	0	0	2
OG0015193	0	0	2	0	0	0	0	0	0	2
OG0015194	0	0	2	0	0	0	0	0	0	2
OG0015195	0	0	2	0	0	0	0	0	0	2
OG0015196	0	0	2	0	0	0	0	0	0	2
OG0015197	0	0	1	0	0	1	0	0	0	2
OG0015198	0	0	2	0	0	0	0	0	0	2
OG0015199	0	0	2	0	0	0	0	0	0	2
OG0015200	0	0	2	0	0	0	0	0	0	2
OG0015201	0	0	2	0	0	0	0	0	0	2
OG0015202	0	0	2	0	0	0	0	0	0	2
OG0015203	0	0	2	0	0	0	0	0	0	2
OG0015204	0	0	2	0	0	0	0	0	0	2
OG0015205	0	0	2	0	0	0	0	0	0	2
OG0015206	0	0	2	0	0	0	0	0	0	2
OG0015207	0	0	2	0	0	0	0	0	0	2
OG0015208	0	0	2	0	0	0	0	0	0	2
OG0015209	0	0	2	0	0	0	0	0	0	2
OG0015210	0	0	2	0	0	0	0	0	0	2
OG0015211	0	0	2	0	0	0	0	0	0	2
OG0015212	0	0	1	0	0	0	1	0	0	2
OG0015213	0	0	1	1	0	0	0	0	0	2
OG0015214	0	0	2	0	0	0	0	0	0	2
OG0015215	0	0	2	0	0	0	0	0	0	2
OG0015216	0	0	2	0	0	0	0	0	0	2
OG0015217	0	0	1	1	0	0	0	0	0	2
OG0015218	0	0	2	0	0	0	0	0	0	2
OG0015219	0	0	2	0	0	0	0	0	0	2
OG0015220	0	0	2	0	0	0	0	0	0	2
OG0015221	0	0	2	0	0	0	0	0	0	2
OG0015222	0	0	2	0	0	0	0	0	0	2
OG0015223	0	0	2	0	0	0	0	0	0	2
OG0015224	0	0	2	0	0	0	0	0	0	2
OG0015225	0	0	2	0	0	0	0	0	0	2
OG0015226	0	0	2	0	0	0	0	0	0	2
OG0015227	0	0	2	0	0	0	0	0	0	2
OG0015228	0	0	2	0	0	0	0	0	0	2
OG0015229	0	0	2	0	0	0	0	0	0	2
OG0015230	0	0	2	0	0	0	0	0	0	2
OG0015231	0	0	2	0	0	0	0	0	0	2
OG0015232	0	0	2	0	0	0	0	0	0	2
OG0015233	0	0	2	0	0	0	0	0	0	2
OG0015234	0	0	2	0	0	0	0	0	0	2
OG0015235	0	0	2	0	0	0	0	0	0	2
OG0015236	0	0	1	1	0	0	0	0	0	2
OG0015237	0	0	2	0	0	0	0	0	0	2
OG0015238	0	0	2	0	0	0	0	0	0	2
OG0015239	0	0	2	0	0	0	0	0	0	2
OG0015240	0	0	2	0	0	0	0	0	0	2
OG0015241	0	0	2	0	0	0	0	0	0	2
OG0015242	0	0	2	0	0	0	0	0	0	2
OG0015243	0	0	2	0	0	0	0	0	0	2
OG0015244	0	0	2	0	0	0	0	0	0	2
OG0015245	0	0	2	0	0	0	0	0	0	2
OG0015246	0	0	2	0	0	0	0	0	0	2
OG0015247	0	0	2	0	0	0	0	0	0	2
OG0015248	0	0	2	0	0	0	0	0	0	2
OG0015249	0	0	2	0	0	0	0	0	0	2
OG0015250	0	0	2	0	0	0	0	0	0	2
OG0015251	0	0	2	0	0	0	0	0	0	2
OG0015252	0	0	2	0	0	0	0	0	0	2
OG0015253	0	0	2	0	0	0	0	0	0	2
OG0015254	0	0	2	0	0	0	0	0	0	2
OG0015255	0	0	1	1	0	0	0	0	0	2
OG0015256	0	0	2	0	0	0	0	0	0	2
OG0015257	0	0	2	0	0	0	0	0	0	2
OG0015258	0	0	2	0	0	0	0	0	0	2
OG0015259	0	0	2	0	0	0	0	0	0	2
OG0015260	0	0	2	0	0	0	0	0	0	2
OG0015261	0	0	2	0	0	0	0	0	0	2
OG0015262	0	0	2	0	0	0	0	0	0	2
OG0015263	0	0	2	0	0	0	0	0	0	2
OG0015264	0	0	2	0	0	0	0	0	0	2
OG0015265	0	0	2	0	0	0	0	0	0	2
OG0015266	0	0	2	0	0	0	0	0	0	2
OG0015267	0	0	2	0	0	0	0	0	0	2
OG0015268	0	0	2	0	0	0	0	0	0	2
OG0015269	0	0	2	0	0	0	0	0	0	2
OG0015270	0	0	2	0	0	0	0	0	0	2
OG0015271	0	0	2	0	0	0	0	0	0	2
OG0015272	0	0	2	0	0	0	0	0	0	2
OG0015273	0	0	2	0	0	0	0	0	0	2
OG0015274	0	0	2	0	0	0	0	0	0	2
OG0015275	0	0	2	0	0	0	0	0	0	2
OG0015276	0	0	2	0	0	0	0	0	0	2
OG0015277	0	0	2	0	0	0	0	0	0	2
OG0015278	0	0	1	0	0	1	0	0	0	2
OG0015279	0	0	2	0	0	0	0	0	0	2
OG0015280	0	0	2	0	0	0	0	0	0	2
OG0015281	0	0	2	0	0	0	0	0	0	2
OG0015282	0	0	2	0	0	0	0	0	0	2
OG0015283	0	0	2	0	0	0	0	0	0	2
OG0015284	0	0	2	0	0	0	0	0	0	2
OG0015285	0	0	1	0	0	1	0	0	0	2
OG0015286	0	0	2	0	0	0	0	0	0	2
OG0015287	0	0	2	0	0	0	0	0	0	2
OG0015288	0	0	2	0	0	0	0	0	0	2
OG0015289	0	0	2	0	0	0	0	0	0	2
OG0015290	0	0	2	0	0	0	0	0	0	2
OG0015291	0	0	2	0	0	0	0	0	0	2
OG0015292	0	0	2	0	0	0	0	0	0	2
OG0015293	0	0	2	0	0	0	0	0	0	2
OG0015294	0	0	2	0	0	0	0	0	0	2
OG0015295	0	0	2	0	0	0	0	0	0	2
OG0015296	0	0	2	0	0	0	0	0	0	2
OG0015297	0	0	2	0	0	0	0	0	0	2
OG0015298	0	0	2	0	0	0	0	0	0	2
OG0015299	0	0	2	0	0	0	0	0	0	2
OG0015300	0	0	2	0	0	0	0	0	0	2
OG0015301	0	0	2	0	0	0	0	0	0	2
OG0015302	0	0	2	0	0	0	0	0	0	2
OG0015303	0	0	2	0	0	0	0	0	0	2
OG0015304	0	0	2	0	0	0	0	0	0	2
OG0015305	0	0	2	0	0	0	0	0	0	2
OG0015306	0	0	2	0	0	0	0	0	0	2
OG0015307	0	0	2	0	0	0	0	0	0	2
OG0015308	0	0	2	0	0	0	0	0	0	2
OG0015309	0	0	2	0	0	0	0	0	0	2
OG0015310	0	0	2	0	0	0	0	0	0	2
OG0015311	0	0	2	0	0	0	0	0	0	2
OG0015312	0	0	2	0	0	0	0	0	0	2
OG0015313	0	0	2	0	0	0	0	0	0	2
OG0015314	0	0	2	0	0	0	0	0	0	2
OG0015315	0	0	2	0	0	0	0	0	0	2
OG0015316	0	0	2	0	0	0	0	0	0	2
OG0015317	0	0	2	0	0	0	0	0	0	2
OG0015318	0	0	2	0	0	0	0	0	0	2
OG0015319	0	0	2	0	0	0	0	0	0	2
OG0015320	0	0	2	0	0	0	0	0	0	2
OG0015321	0	0	2	0	0	0	0	0	0	2
OG0015322	0	0	2	0	0	0	0	0	0	2
OG0015323	0	0	2	0	0	0	0	0	0	2
OG0015324	0	0	2	0	0	0	0	0	0	2
OG0015325	0	0	2	0	0	0	0	0	0	2
OG0015326	0	0	2	0	0	0	0	0	0	2
OG0015327	0	0	2	0	0	0	0	0	0	2
OG0015328	0	0	2	0	0	0	0	0	0	2
OG0015329	0	0	2	0	0	0	0	0	0	2
OG0015330	0	0	2	0	0	0	0	0	0	2
OG0015331	0	0	2	0	0	0	0	0	0	2
OG0015332	0	0	2	0	0	0	0	0	0	2
OG0015333	0	0	2	0	0	0	0	0	0	2
OG0015334	0	0	2	0	0	0	0	0	0	2
OG0015335	0	0	2	0	0	0	0	0	0	2
OG0015336	0	0	2	0	0	0	0	0	0	2
OG0015337	0	0	2	0	0	0	0	0	0	2
OG0015338	0	0	2	0	0	0	0	0	0	2
OG0015339	0	0	2	0	0	0	0	0	0	2
OG0015340	0	0	0	2	0	0	0	0	0	2
OG0015341	0	0	0	2	0	0	0	0	0	2
OG0015342	0	0	0	2	0	0	0	0	0	2
OG0015343	0	0	0	2	0	0	0	0	0	2
OG0015344	0	0	0	1	0	0	1	0	0	2
OG0015345	0	0	0	2	0	0	0	0	0	2
OG0015346	0	0	0	2	0	0	0	0	0	2
OG0015347	0	0	0	2	0	0	0	0	0	2
OG0015348	0	0	0	2	0	0	0	0	0	2
OG0015349	0	0	0	1	0	0	1	0	0	2
OG0015350	0	0	0	2	0	0	0	0	0	2
OG0015351	0	0	0	2	0	0	0	0	0	2
OG0015352	0	0	0	2	0	0	0	0	0	2
OG0015353	0	0	0	2	0	0	0	0	0	2
OG0015354	0	0	0	2	0	0	0	0	0	2
OG0015355	0	0	0	1	0	1	0	0	0	2
OG0015356	0	0	0	1	0	1	0	0	0	2
OG0015357	0	0	0	2	0	0	0	0	0	2
OG0015358	0	0	0	2	0	0	0	0	0	2
OG0015359	0	0	0	2	0	0	0	0	0	2
OG0015360	0	0	0	1	0	1	0	0	0	2
OG0015361	0	0	0	2	0	0	0	0	0	2
OG0015362	0	0	0	2	0	0	0	0	0	2
OG0015363	0	0	0	2	0	0	0	0	0	2
OG0015364	0	0	0	2	0	0	0	0	0	2
OG0015365	0	0	0	1	0	1	0	0	0	2
OG0015366	0	0	0	1	0	1	0	0	0	2
OG0015367	0	0	0	1	0	0	1	0	0	2
OG0015368	0	0	0	2	0	0	0	0	0	2
OG0015369	0	0	0	2	0	0	0	0	0	2
OG0015370	0	0	0	2	0	0	0	0	0	2
OG0015371	0	0	0	1	0	1	0	0	0	2
OG0015372	0	0	0	2	0	0	0	0	0	2
OG0015373	0	0	0	1	0	1	0	0	0	2
OG0015374	0	0	0	2	0	0	0	0	0	2
OG0015375	0	0	0	2	0	0	0	0	0	2
OG0015376	0	0	0	2	0	0	0	0	0	2
OG0015377	0	0	0	2	0	0	0	0	0	2
OG0015378	0	0	0	2	0	0	0	0	0	2
OG0015379	0	0	0	2	0	0	0	0	0	2
OG0015380	0	0	0	2	0	0	0	0	0	2
OG0015381	0	0	0	2	0	0	0	0	0	2
OG0015382	0	0	0	2	0	0	0	0	0	2
OG0015383	0	0	0	2	0	0	0	0	0	2
OG0015384	0	0	0	2	0	0	0	0	0	2
OG0015385	0	0	0	2	0	0	0	0	0	2
OG0015386	0	0	0	2	0	0	0	0	0	2
OG0015387	0	0	0	2	0	0	0	0	0	2
OG0015388	0	0	0	2	0	0	0	0	0	2
OG0015389	0	0	0	2	0	0	0	0	0	2
OG0015390	0	0	0	2	0	0	0	0	0	2
OG0015391	0	0	0	2	0	0	0	0	0	2
OG0015392	0	0	0	2	0	0	0	0	0	2
OG0015393	0	0	0	2	0	0	0	0	0	2
OG0015394	0	0	0	2	0	0	0	0	0	2
OG0015395	0	0	0	2	0	0	0	0	0	2
OG0015396	0	0	0	2	0	0	0	0	0	2
OG0015397	0	0	0	2	0	0	0	0	0	2
OG0015398	0	0	0	2	0	0	0	0	0	2
OG0015399	0	0	0	2	0	0	0	0	0	2
OG0015400	0	0	0	2	0	0	0	0	0	2
OG0015401	0	0	0	2	0	0	0	0	0	2
OG0015402	0	0	0	2	0	0	0	0	0	2
OG0015403	0	0	0	2	0	0	0	0	0	2
OG0015404	0	0	0	2	0	0	0	0	0	2
OG0015405	0	0	0	2	0	0	0	0	0	2
OG0015406	0	0	0	2	0	0	0	0	0	2
OG0015407	0	0	0	2	0	0	0	0	0	2
OG0015408	0	0	0	2	0	0	0	0	0	2
OG0015409	0	0	0	2	0	0	0	0	0	2
OG0015410	0	0	0	2	0	0	0	0	0	2
OG0015411	0	0	0	1	0	0	1	0	0	2
OG0015412	0	0	0	2	0	0	0	0	0	2
OG0015413	0	0	0	1	0	1	0	0	0	2
OG0015414	0	0	0	2	0	0	0	0	0	2
OG0015415	0	0	0	2	0	0	0	0	0	2
OG0015416	0	0	0	2	0	0	0	0	0	2
OG0015417	0	0	0	2	0	0	0	0	0	2
OG0015418	0	0	0	2	0	0	0	0	0	2
OG0015419	0	0	0	2	0	0	0	0	0	2
OG0015420	0	0	0	2	0	0	0	0	0	2
OG0015421	0	0	0	2	0	0	0	0	0	2
OG0015422	0	0	0	2	0	0	0	0	0	2
OG0015423	0	0	0	2	0	0	0	0	0	2
OG0015424	0	0	0	2	0	0	0	0	0	2
OG0015425	0	0	0	2	0	0	0	0	0	2
OG0015426	0	0	0	2	0	0	0	0	0	2
OG0015427	0	0	0	2	0	0	0	0	0	2
OG0015428	0	0	0	2	0	0	0	0	0	2
OG0015429	0	0	0	1	0	1	0	0	0	2
OG0015430	0	0	0	2	0	0	0	0	0	2
OG0015431	0	0	0	1	0	1	0	0	0	2
OG0015432	0	0	0	2	0	0	0	0	0	2
OG0015433	0	0	0	2	0	0	0	0	0	2
OG0015434	0	0	0	2	0	0	0	0	0	2
OG0015435	0	0	0	1	0	1	0	0	0	2
OG0015436	0	0	0	2	0	0	0	0	0	2
OG0015437	0	0	0	1	0	1	0	0	0	2
OG0015438	0	0	0	2	0	0	0	0	0	2
OG0015439	0	0	0	2	0	0	0	0	0	2
OG0015440	0	0	0	2	0	0	0	0	0	2
OG0015441	0	0	0	2	0	0	0	0	0	2
OG0015442	0	0	0	2	0	0	0	0	0	2
OG0015443	0	0	0	2	0	0	0	0	0	2
OG0015444	0	0	0	1	0	1	0	0	0	2
OG0015445	0	0	0	2	0	0	0	0	0	2
OG0015446	0	0	0	2	0	0	0	0	0	2
OG0015447	0	0	0	2	0	0	0	0	0	2
OG0015448	0	0	0	2	0	0	0	0	0	2
OG0015449	0	0	0	2	0	0	0	0	0	2
OG0015450	0	0	0	2	0	0	0	0	0	2
OG0015451	0	0	0	2	0	0	0	0	0	2
OG0015452	0	0	0	2	0	0	0	0	0	2
OG0015453	0	0	0	2	0	0	0	0	0	2
OG0015454	0	0	0	2	0	0	0	0	0	2
OG0015455	0	0	0	2	0	0	0	0	0	2
OG0015456	0	0	0	2	0	0	0	0	0	2
OG0015457	0	0	0	2	0	0	0	0	0	2
OG0015458	0	0	0	2	0	0	0	0	0	2
OG0015459	0	0	0	2	0	0	0	0	0	2
OG0015460	0	0	0	2	0	0	0	0	0	2
OG0015461	0	0	0	2	0	0	0	0	0	2
OG0015462	0	0	0	2	0	0	0	0	0	2
OG0015463	0	0	0	2	0	0	0	0	0	2
OG0015464	0	0	0	2	0	0	0	0	0	2
OG0015465	0	0	0	2	0	0	0	0	0	2
OG0015466	0	0	0	2	0	0	0	0	0	2
OG0015467	0	0	0	2	0	0	0	0	0	2
OG0015468	0	0	0	2	0	0	0	0	0	2
OG0015469	0	0	0	1	0	0	1	0	0	2
OG0015470	0	0	0	1	0	1	0	0	0	2
OG0015471	0	0	0	2	0	0	0	0	0	2
OG0015472	0	0	0	2	0	0	0	0	0	2
OG0015473	0	0	0	2	0	0	0	0	0	2
OG0015474	0	0	0	2	0	0	0	0	0	2
OG0015475	0	0	0	2	0	0	0	0	0	2
OG0015476	0	0	0	2	0	0	0	0	0	2
OG0015477	0	0	0	2	0	0	0	0	0	2
OG0015478	0	0	0	2	0	0	0	0	0	2
OG0015479	0	0	0	1	0	1	0	0	0	2
OG0015480	0	0	0	2	0	0	0	0	0	2
OG0015481	0	0	0	2	0	0	0	0	0	2
OG0015482	0	0	0	2	0	0	0	0	0	2
OG0015483	0	0	0	1	0	0	1	0	0	2
OG0015484	0	0	0	2	0	0	0	0	0	2
OG0015485	0	0	0	2	0	0	0	0	0	2
OG0015486	0	0	0	1	0	1	0	0	0	2
OG0015487	0	0	0	2	0	0	0	0	0	2
OG0015488	0	0	0	2	0	0	0	0	0	2
OG0015489	0	0	0	2	0	0	0	0	0	2
OG0015490	0	0	0	2	0	0	0	0	0	2
OG0015491	0	0	0	2	0	0	0	0	0	2
OG0015492	0	0	0	2	0	0	0	0	0	2
OG0015493	0	0	0	2	0	0	0	0	0	2
OG0015494	0	0	0	2	0	0	0	0	0	2
OG0015495	0	0	0	2	0	0	0	0	0	2
OG0015496	0	0	0	2	0	0	0	0	0	2
OG0015497	0	0	0	1	0	1	0	0	0	2
OG0015498	0	0	0	2	0	0	0	0	0	2
OG0015499	0	0	0	2	0	0	0	0	0	2
OG0015500	0	0	0	2	0	0	0	0	0	2
OG0015501	0	0	0	2	0	0	0	0	0	2
OG0015502	0	0	0	2	0	0	0	0	0	2
OG0015503	0	0	0	2	0	0	0	0	0	2
OG0015504	0	0	0	2	0	0	0	0	0	2
OG0015505	0	0	0	2	0	0	0	0	0	2
OG0015506	0	0	0	2	0	0	0	0	0	2
OG0015507	0	0	0	2	0	0	0	0	0	2
OG0015508	0	0	0	2	0	0	0	0	0	2
OG0015509	0	0	0	2	0	0	0	0	0	2
OG0015510	0	0	0	2	0	0	0	0	0	2
OG0015511	0	0	0	2	0	0	0	0	0	2
OG0015512	0	0	0	2	0	0	0	0	0	2
OG0015513	0	0	0	2	0	0	0	0	0	2
OG0015514	0	0	0	2	0	0	0	0	0	2
OG0015515	0	0	0	2	0	0	0	0	0	2
OG0015516	0	0	0	2	0	0	0	0	0	2
OG0015517	0	0	0	2	0	0	0	0	0	2
OG0015518	0	0	0	2	0	0	0	0	0	2
OG0015519	0	0	0	2	0	0	0	0	0	2
OG0015520	0	0	0	1	0	0	1	0	0	2
OG0015521	0	0	0	2	0	0	0	0	0	2
OG0015522	0	0	0	1	0	1	0	0	0	2
OG0015523	0	0	0	2	0	0	0	0	0	2
OG0015524	0	0	0	2	0	0	0	0	0	2
OG0015525	0	0	0	1	0	1	0	0	0	2
OG0015526	0	0	0	2	0	0	0	0	0	2
OG0015527	0	0	0	2	0	0	0	0	0	2
OG0015528	0	0	0	2	0	0	0	0	0	2
OG0015529	0	0	0	2	0	0	0	0	0	2
OG0015530	0	0	0	2	0	0	0	0	0	2
OG0015531	0	0	0	2	0	0	0	0	0	2
OG0015532	0	0	0	2	0	0	0	0	0	2
OG0015533	0	0	0	1	0	1	0	0	0	2
OG0015534	0	0	0	2	0	0	0	0	0	2
OG0015535	0	0	0	2	0	0	0	0	0	2
OG0015536	0	0	0	2	0	0	0	0	0	2
OG0015537	0	0	0	2	0	0	0	0	0	2
OG0015538	0	0	0	2	0	0	0	0	0	2
OG0015539	0	0	0	2	0	0	0	0	0	2
OG0015540	0	0	0	2	0	0	0	0	0	2
OG0015541	0	0	0	2	0	0	0	0	0	2
OG0015542	0	0	0	2	0	0	0	0	0	2
OG0015543	0	0	0	2	0	0	0	0	0	2
OG0015544	0	0	0	1	0	1	0	0	0	2
OG0015545	0	0	0	2	0	0	0	0	0	2
OG0015546	0	0	0	2	0	0	0	0	0	2
OG0015547	0	0	0	2	0	0	0	0	0	2
OG0015548	0	0	0	2	0	0	0	0	0	2
OG0015549	0	0	0	1	0	0	1	0	0	2
OG0015550	0	0	0	2	0	0	0	0	0	2
OG0015551	0	0	0	2	0	0	0	0	0	2
OG0015552	0	0	0	2	0	0	0	0	0	2
OG0015553	0	0	0	2	0	0	0	0	0	2
OG0015554	0	0	0	2	0	0	0	0	0	2
OG0015555	0	0	0	2	0	0	0	0	0	2
OG0015556	0	0	0	2	0	0	0	0	0	2
OG0015557	0	0	0	2	0	0	0	0	0	2
OG0015558	0	0	0	2	0	0	0	0	0	2
OG0015559	0	0	0	2	0	0	0	0	0	2
OG0015560	0	0	0	2	0	0	0	0	0	2
OG0015561	0	0	0	2	0	0	0	0	0	2
OG0015562	0	0	0	2	0	0	0	0	0	2
OG0015563	0	0	0	2	0	0	0	0	0	2
OG0015564	0	0	0	2	0	0	0	0	0	2
OG0015565	0	0	0	2	0	0	0	0	0	2
OG0015566	0	0	0	2	0	0	0	0	0	2
OG0015567	0	0	0	2	0	0	0	0	0	2
OG0015568	0	0	0	2	0	0	0	0	0	2
OG0015569	0	0	0	2	0	0	0	0	0	2
OG0015570	0	0	0	2	0	0	0	0	0	2
OG0015571	0	0	0	2	0	0	0	0	0	2
OG0015572	0	0	0	2	0	0	0	0	0	2
OG0015573	0	0	0	2	0	0	0	0	0	2
OG0015574	0	0	0	2	0	0	0	0	0	2
OG0015575	0	0	0	2	0	0	0	0	0	2
OG0015576	0	0	0	2	0	0	0	0	0	2
OG0015577	0	0	0	1	0	0	1	0	0	2
OG0015578	0	0	0	2	0	0	0	0	0	2
OG0015579	0	0	0	2	0	0	0	0	0	2
OG0015580	0	0	0	2	0	0	0	0	0	2
OG0015581	0	0	0	2	0	0	0	0	0	2
OG0015582	0	0	0	2	0	0	0	0	0	2
OG0015583	0	0	0	2	0	0	0	0	0	2
OG0015584	0	0	0	2	0	0	0	0	0	2
OG0015585	0	0	0	2	0	0	0	0	0	2
OG0015586	0	0	0	2	0	0	0	0	0	2
OG0015587	0	0	0	2	0	0	0	0	0	2
OG0015588	0	0	0	2	0	0	0	0	0	2
OG0015589	0	0	0	2	0	0	0	0	0	2
OG0015590	0	0	0	1	0	0	1	0	0	2
OG0015591	0	0	0	2	0	0	0	0	0	2
OG0015592	0	0	0	2	0	0	0	0	0	2
OG0015593	0	0	0	2	0	0	0	0	0	2
OG0015594	0	0	0	2	0	0	0	0	0	2
OG0015595	0	0	0	2	0	0	0	0	0	2
OG0015596	0	0	0	2	0	0	0	0	0	2
OG0015597	0	0	0	2	0	0	0	0	0	2
OG0015598	0	0	0	2	0	0	0	0	0	2
OG0015599	0	0	0	2	0	0	0	0	0	2
OG0015600	0	0	0	2	0	0	0	0	0	2
OG0015601	0	0	0	2	0	0	0	0	0	2
OG0015602	0	0	0	2	0	0	0	0	0	2
OG0015603	0	0	0	2	0	0	0	0	0	2
OG0015604	0	0	0	2	0	0	0	0	0	2
OG0015605	0	0	0	2	0	0	0	0	0	2
OG0015606	0	0	0	2	0	0	0	0	0	2
OG0015607	0	0	0	1	0	1	0	0	0	2
OG0015608	0	0	0	2	0	0	0	0	0	2
OG0015609	0	0	0	1	0	0	1	0	0	2
OG0015610	0	0	0	2	0	0	0	0	0	2
OG0015611	0	0	0	2	0	0	0	0	0	2
OG0015612	0	0	0	2	0	0	0	0	0	2
OG0015613	0	0	0	2	0	0	0	0	0	2
OG0015614	0	0	0	2	0	0	0	0	0	2
OG0015615	0	0	0	2	0	0	0	0	0	2
OG0015616	0	0	0	2	0	0	0	0	0	2
OG0015617	0	0	0	2	0	0	0	0	0	2
OG0015618	0	0	0	2	0	0	0	0	0	2
OG0015619	0	0	0	2	0	0	0	0	0	2
OG0015620	0	0	0	2	0	0	0	0	0	2
OG0015621	0	0	0	1	0	1	0	0	0	2
OG0015622	0	0	0	2	0	0	0	0	0	2
OG0015623	0	0	0	2	0	0	0	0	0	2
OG0015624	0	0	0	2	0	0	0	0	0	2
OG0015625	0	0	0	2	0	0	0	0	0	2
OG0015626	0	0	0	2	0	0	0	0	0	2
OG0015627	0	0	0	2	0	0	0	0	0	2
OG0015628	0	0	0	2	0	0	0	0	0	2
OG0015629	0	0	0	2	0	0	0	0	0	2
OG0015630	0	0	0	2	0	0	0	0	0	2
OG0015631	0	0	0	2	0	0	0	0	0	2
OG0015632	0	0	0	2	0	0	0	0	0	2
OG0015633	0	0	0	1	0	1	0	0	0	2
OG0015634	0	0	0	2	0	0	0	0	0	2
OG0015635	0	0	0	2	0	0	0	0	0	2
OG0015636	0	0	0	2	0	0	0	0	0	2
OG0015637	0	0	0	2	0	0	0	0	0	2
OG0015638	0	0	0	2	0	0	0	0	0	2
OG0015639	0	0	0	2	0	0	0	0	0	2
OG0015640	0	0	0	2	0	0	0	0	0	2
OG0015641	0	0	0	2	0	0	0	0	0	2
OG0015642	0	0	0	2	0	0	0	0	0	2
OG0015643	0	0	0	2	0	0	0	0	0	2
OG0015644	0	0	0	2	0	0	0	0	0	2
OG0015645	0	0	0	2	0	0	0	0	0	2
OG0015646	0	0	0	2	0	0	0	0	0	2
OG0015647	0	0	0	2	0	0	0	0	0	2
OG0015648	0	0	0	2	0	0	0	0	0	2
OG0015649	0	0	0	2	0	0	0	0	0	2
OG0015650	0	0	0	2	0	0	0	0	0	2
OG0015651	0	0	0	2	0	0	0	0	0	2
OG0015652	0	0	0	2	0	0	0	0	0	2
OG0015653	0	0	0	2	0	0	0	0	0	2
OG0015654	0	0	0	2	0	0	0	0	0	2
OG0015655	0	0	0	2	0	0	0	0	0	2
OG0015656	0	0	0	2	0	0	0	0	0	2
OG0015657	0	0	0	2	0	0	0	0	0	2
OG0015658	0	0	0	1	0	0	1	0	0	2
OG0015659	0	0	0	2	0	0	0	0	0	2
OG0015660	0	0	0	2	0	0	0	0	0	2
OG0015661	0	0	0	2	0	0	0	0	0	2
OG0015662	0	0	0	2	0	0	0	0	0	2
OG0015663	0	0	0	2	0	0	0	0	0	2
OG0015664	0	0	0	2	0	0	0	0	0	2
OG0015665	0	0	0	2	0	0	0	0	0	2
OG0015666	0	0	0	2	0	0	0	0	0	2
OG0015667	0	0	0	2	0	0	0	0	0	2
OG0015668	0	0	0	2	0	0	0	0	0	2
OG0015669	0	0	0	2	0	0	0	0	0	2
OG0015670	0	0	0	2	0	0	0	0	0	2
OG0015671	0	0	0	2	0	0	0	0	0	2
OG0015672	0	0	0	2	0	0	0	0	0	2
OG0015673	0	0	0	2	0	0	0	0	0	2
OG0015674	0	0	0	2	0	0	0	0	0	2
OG0015675	0	0	0	2	0	0	0	0	0	2
OG0015676	0	0	0	2	0	0	0	0	0	2
OG0015677	0	0	0	1	0	0	0	0	1	2
OG0015678	0	0	0	2	0	0	0	0	0	2
OG0015679	0	0	0	2	0	0	0	0	0	2
OG0015680	0	0	0	2	0	0	0	0	0	2
OG0015681	0	0	0	2	0	0	0	0	0	2
OG0015682	0	0	0	2	0	0	0	0	0	2
OG0015683	0	0	0	2	0	0	0	0	0	2
OG0015684	0	0	0	2	0	0	0	0	0	2
OG0015685	0	0	0	2	0	0	0	0	0	2
OG0015686	0	0	0	2	0	0	0	0	0	2
OG0015687	0	0	0	2	0	0	0	0	0	2
OG0015688	0	0	0	2	0	0	0	0	0	2
OG0015689	0	0	0	2	0	0	0	0	0	2
OG0015690	0	0	0	2	0	0	0	0	0	2
OG0015691	0	0	0	2	0	0	0	0	0	2
OG0015692	0	0	0	2	0	0	0	0	0	2
OG0015693	0	0	0	2	0	0	0	0	0	2
OG0015694	0	0	0	2	0	0	0	0	0	2
OG0015695	0	0	0	2	0	0	0	0	0	2
OG0015696	0	0	0	2	0	0	0	0	0	2
OG0015697	0	0	0	2	0	0	0	0	0	2
OG0015698	0	0	0	2	0	0	0	0	0	2
OG0015699	0	0	0	2	0	0	0	0	0	2
OG0015700	0	0	0	2	0	0	0	0	0	2
OG0015701	0	0	0	2	0	0	0	0	0	2
OG0015702	0	0	0	1	0	1	0	0	0	2
OG0015703	0	0	0	2	0	0	0	0	0	2
OG0015704	0	0	0	2	0	0	0	0	0	2
OG0015705	0	0	0	1	0	1	0	0	0	2
OG0015706	0	0	0	2	0	0	0	0	0	2
OG0015707	0	0	0	2	0	0	0	0	0	2
OG0015708	0	0	0	2	0	0	0	0	0	2
OG0015709	0	0	0	2	0	0	0	0	0	2
OG0015710	0	0	0	2	0	0	0	0	0	2
OG0015711	0	0	0	2	0	0	0	0	0	2
OG0015712	0	0	0	2	0	0	0	0	0	2
OG0015713	0	0	0	2	0	0	0	0	0	2
OG0015714	0	0	0	2	0	0	0	0	0	2
OG0015715	0	0	0	2	0	0	0	0	0	2
OG0015716	0	0	0	2	0	0	0	0	0	2
OG0015717	0	0	0	2	0	0	0	0	0	2
OG0015718	0	0	0	2	0	0	0	0	0	2
OG0015719	0	0	0	2	0	0	0	0	0	2
OG0015720	0	0	0	2	0	0	0	0	0	2
OG0015721	0	0	0	2	0	0	0	0	0	2
OG0015722	0	0	0	2	0	0	0	0	0	2
OG0015723	0	0	0	2	0	0	0	0	0	2
OG0015724	0	0	0	2	0	0	0	0	0	2
OG0015725	0	0	0	2	0	0	0	0	0	2
OG0015726	0	0	0	2	0	0	0	0	0	2
OG0015727	0	0	0	2	0	0	0	0	0	2
OG0015728	0	0	0	2	0	0	0	0	0	2
OG0015729	0	0	0	2	0	0	0	0	0	2
OG0015730	0	0	0	2	0	0	0	0	0	2
OG0015731	0	0	0	2	0	0	0	0	0	2
OG0015732	0	0	0	2	0	0	0	0	0	2
OG0015733	0	0	0	2	0	0	0	0	0	2
OG0015734	0	0	0	2	0	0	0	0	0	2
OG0015735	0	0	0	2	0	0	0	0	0	2
OG0015736	0	0	0	1	0	1	0	0	0	2
OG0015737	0	0	0	2	0	0	0	0	0	2
OG0015738	0	0	0	2	0	0	0	0	0	2
OG0015739	0	0	0	1	0	1	0	0	0	2
OG0015740	0	0	0	2	0	0	0	0	0	2
OG0015741	0	0	0	2	0	0	0	0	0	2
OG0015742	0	0	0	2	0	0	0	0	0	2
OG0015743	0	0	0	2	0	0	0	0	0	2
OG0015744	0	0	0	2	0	0	0	0	0	2
OG0015745	0	0	0	2	0	0	0	0	0	2
OG0015746	0	0	0	2	0	0	0	0	0	2
OG0015747	0	0	0	2	0	0	0	0	0	2
OG0015748	0	0	0	2	0	0	0	0	0	2
OG0015749	0	0	0	2	0	0	0	0	0	2
OG0015750	0	0	0	2	0	0	0	0	0	2
OG0015751	0	0	0	2	0	0	0	0	0	2
OG0015752	0	0	0	2	0	0	0	0	0	2
OG0015753	0	0	0	2	0	0	0	0	0	2
OG0015754	0	0	0	2	0	0	0	0	0	2
OG0015755	0	0	0	2	0	0	0	0	0	2
OG0015756	0	0	0	2	0	0	0	0	0	2
OG0015757	0	0	0	2	0	0	0	0	0	2
OG0015758	0	0	0	2	0	0	0	0	0	2
OG0015759	0	0	0	2	0	0	0	0	0	2
OG0015760	0	0	0	2	0	0	0	0	0	2
OG0015761	0	0	0	2	0	0	0	0	0	2
OG0015762	0	0	0	2	0	0	0	0	0	2
OG0015763	0	0	0	2	0	0	0	0	0	2
OG0015764	0	0	0	2	0	0	0	0	0	2
OG0015765	0	0	0	1	0	0	1	0	0	2
OG0015766	0	0	0	2	0	0	0	0	0	2
OG0015767	0	0	0	2	0	0	0	0	0	2
OG0015768	0	0	0	2	0	0	0	0	0	2
OG0015769	0	0	0	2	0	0	0	0	0	2
OG0015770	0	0	0	2	0	0	0	0	0	2
OG0015771	0	0	0	2	0	0	0	0	0	2
OG0015772	0	0	0	2	0	0	0	0	0	2
OG0015773	0	0	0	2	0	0	0	0	0	2
OG0015774	0	0	0	2	0	0	0	0	0	2
OG0015775	0	0	0	2	0	0	0	0	0	2
OG0015776	0	0	0	2	0	0	0	0	0	2
OG0015777	0	0	0	1	0	0	1	0	0	2
OG0015778	0	0	0	2	0	0	0	0	0	2
OG0015779	0	0	0	2	0	0	0	0	0	2
OG0015780	0	0	0	2	0	0	0	0	0	2
OG0015781	0	0	0	2	0	0	0	0	0	2
OG0015782	0	0	0	2	0	0	0	0	0	2
OG0015783	0	0	0	2	0	0	0	0	0	2
OG0015784	0	0	0	1	0	1	0	0	0	2
OG0015785	0	0	0	2	0	0	0	0	0	2
OG0015786	0	0	0	2	0	0	0	0	0	2
OG0015787	0	0	0	2	0	0	0	0	0	2
OG0015788	0	0	0	2	0	0	0	0	0	2
OG0015789	0	0	0	2	0	0	0	0	0	2
OG0015790	0	0	0	2	0	0	0	0	0	2
OG0015791	0	0	0	2	0	0	0	0	0	2
OG0015792	0	0	0	2	0	0	0	0	0	2
OG0015793	0	0	0	2	0	0	0	0	0	2
OG0015794	0	0	0	2	0	0	0	0	0	2
OG0015795	0	0	0	2	0	0	0	0	0	2
OG0015796	0	0	0	2	0	0	0	0	0	2
OG0015797	0	0	0	2	0	0	0	0	0	2
OG0015798	0	0	0	2	0	0	0	0	0	2
OG0015799	0	0	0	2	0	0	0	0	0	2
OG0015800	0	0	0	2	0	0	0	0	0	2
OG0015801	0	0	0	2	0	0	0	0	0	2
OG0015802	0	0	0	2	0	0	0	0	0	2
OG0015803	0	0	0	2	0	0	0	0	0	2
OG0015804	0	0	0	2	0	0	0	0	0	2
OG0015805	0	0	0	2	0	0	0	0	0	2
OG0015806	0	0	0	2	0	0	0	0	0	2
OG0015807	0	0	0	2	0	0	0	0	0	2
OG0015808	0	0	0	2	0	0	0	0	0	2
OG0015809	0	0	0	2	0	0	0	0	0	2
OG0015810	0	0	0	2	0	0	0	0	0	2
OG0015811	0	0	0	2	0	0	0	0	0	2
OG0015812	0	0	0	2	0	0	0	0	0	2
OG0015813	0	0	0	2	0	0	0	0	0	2
OG0015814	0	0	0	2	0	0	0	0	0	2
OG0015815	0	0	0	2	0	0	0	0	0	2
OG0015816	0	0	0	2	0	0	0	0	0	2
OG0015817	0	0	0	2	0	0	0	0	0	2
OG0015818	0	0	0	2	0	0	0	0	0	2
OG0015819	0	0	0	2	0	0	0	0	0	2
OG0015820	0	0	0	2	0	0	0	0	0	2
OG0015821	0	0	0	2	0	0	0	0	0	2
OG0015822	0	0	0	2	0	0	0	0	0	2
OG0015823	0	0	0	2	0	0	0	0	0	2
OG0015824	0	0	0	2	0	0	0	0	0	2
OG0015825	0	0	0	2	0	0	0	0	0	2
OG0015826	0	0	0	2	0	0	0	0	0	2
OG0015827	0	0	0	2	0	0	0	0	0	2
OG0015828	0	0	0	2	0	0	0	0	0	2
OG0015829	0	0	0	2	0	0	0	0	0	2
OG0015830	0	0	0	2	0	0	0	0	0	2
OG0015831	0	0	0	2	0	0	0	0	0	2
OG0015832	0	0	0	2	0	0	0	0	0	2
OG0015833	0	0	0	1	0	1	0	0	0	2
OG0015834	0	0	0	1	0	0	0	1	0	2
OG0015835	0	0	0	2	0	0	0	0	0	2
OG0015836	0	0	0	2	0	0	0	0	0	2
OG0015837	0	0	0	2	0	0	0	0	0	2
OG0015838	0	0	0	2	0	0	0	0	0	2
OG0015839	0	0	0	2	0	0	0	0	0	2
OG0015840	0	0	0	2	0	0	0	0	0	2
OG0015841	0	0	0	1	0	1	0	0	0	2
OG0015842	0	0	0	2	0	0	0	0	0	2
OG0015843	0	0	0	2	0	0	0	0	0	2
OG0015844	0	0	0	2	0	0	0	0	0	2
OG0015845	0	0	0	2	0	0	0	0	0	2
OG0015846	0	0	0	2	0	0	0	0	0	2
OG0015847	0	0	0	2	0	0	0	0	0	2
OG0015848	0	0	0	2	0	0	0	0	0	2
OG0015849	0	0	0	2	0	0	0	0	0	2
OG0015850	0	0	0	2	0	0	0	0	0	2
OG0015851	0	0	0	2	0	0	0	0	0	2
OG0015852	0	0	0	2	0	0	0	0	0	2
OG0015853	0	0	0	1	0	1	0	0	0	2
OG0015854	0	0	0	2	0	0	0	0	0	2
OG0015855	0	0	0	2	0	0	0	0	0	2
OG0015856	0	0	0	2	0	0	0	0	0	2
OG0015857	0	0	0	2	0	0	0	0	0	2
OG0015858	0	0	0	2	0	0	0	0	0	2
OG0015859	0	0	0	2	0	0	0	0	0	2
OG0015860	0	0	0	2	0	0	0	0	0	2
OG0015861	0	0	0	2	0	0	0	0	0	2
OG0015862	0	0	0	2	0	0	0	0	0	2
OG0015863	0	0	0	1	0	1	0	0	0	2
OG0015864	0	0	0	2	0	0	0	0	0	2
OG0015865	0	0	0	2	0	0	0	0	0	2
OG0015866	0	0	0	2	0	0	0	0	0	2
OG0015867	0	0	0	2	0	0	0	0	0	2
OG0015868	0	0	0	2	0	0	0	0	0	2
OG0015869	0	0	0	2	0	0	0	0	0	2
OG0015870	0	0	0	2	0	0	0	0	0	2
OG0015871	0	0	0	2	0	0	0	0	0	2
OG0015872	0	0	0	2	0	0	0	0	0	2
OG0015873	0	0	0	2	0	0	0	0	0	2
OG0015874	0	0	0	2	0	0	0	0	0	2
OG0015875	0	0	0	2	0	0	0	0	0	2
OG0015876	0	0	0	2	0	0	0	0	0	2
OG0015877	0	0	0	2	0	0	0	0	0	2
OG0015878	0	0	0	2	0	0	0	0	0	2
OG0015879	0	0	0	1	0	1	0	0	0	2
OG0015880	0	0	0	2	0	0	0	0	0	2
OG0015881	0	0	0	2	0	0	0	0	0	2
OG0015882	0	0	0	2	0	0	0	0	0	2
OG0015883	0	0	0	2	0	0	0	0	0	2
OG0015884	0	0	0	2	0	0	0	0	0	2
OG0015885	0	0	0	2	0	0	0	0	0	2
OG0015886	0	0	0	2	0	0	0	0	0	2
OG0015887	0	0	0	2	0	0	0	0	0	2
OG0015888	0	0	0	1	0	0	1	0	0	2
OG0015889	0	0	0	2	0	0	0	0	0	2
OG0015890	0	0	0	2	0	0	0	0	0	2
OG0015891	0	0	0	2	0	0	0	0	0	2
OG0015892	0	0	0	2	0	0	0	0	0	2
OG0015893	0	0	0	1	0	1	0	0	0	2
OG0015894	0	0	0	2	0	0	0	0	0	2
OG0015895	0	0	0	2	0	0	0	0	0	2
OG0015896	0	0	0	2	0	0	0	0	0	2
OG0015897	0	0	0	2	0	0	0	0	0	2
OG0015898	0	0	0	2	0	0	0	0	0	2
OG0015899	0	0	0	2	0	0	0	0	0	2
OG0015900	0	0	0	2	0	0	0	0	0	2
OG0015901	0	0	0	2	0	0	0	0	0	2
OG0015902	0	0	0	2	0	0	0	0	0	2
OG0015903	0	0	0	2	0	0	0	0	0	2
OG0015904	0	0	0	2	0	0	0	0	0	2
OG0015905	0	0	0	2	0	0	0	0	0	2
OG0015906	0	0	0	2	0	0	0	0	0	2
OG0015907	0	0	0	2	0	0	0	0	0	2
OG0015908	0	0	0	2	0	0	0	0	0	2
OG0015909	0	0	0	2	0	0	0	0	0	2
OG0015910	0	0	0	2	0	0	0	0	0	2
OG0015911	0	0	0	2	0	0	0	0	0	2
OG0015912	0	0	0	2	0	0	0	0	0	2
OG0015913	0	0	0	2	0	0	0	0	0	2
OG0015914	0	0	0	2	0	0	0	0	0	2
OG0015915	0	0	0	1	0	0	1	0	0	2
OG0015916	0	0	0	2	0	0	0	0	0	2
OG0015917	0	0	0	2	0	0	0	0	0	2
OG0015918	0	0	0	2	0	0	0	0	0	2
OG0015919	0	0	0	2	0	0	0	0	0	2
OG0015920	0	0	0	2	0	0	0	0	0	2
OG0015921	0	0	0	2	0	0	0	0	0	2
OG0015922	0	0	0	2	0	0	0	0	0	2
OG0015923	0	0	0	2	0	0	0	0	0	2
OG0015924	0	0	0	2	0	0	0	0	0	2
OG0015925	0	0	0	2	0	0	0	0	0	2
OG0015926	0	0	0	2	0	0	0	0	0	2
OG0015927	0	0	0	2	0	0	0	0	0	2
OG0015928	0	0	0	1	0	1	0	0	0	2
OG0015929	0	0	0	2	0	0	0	0	0	2
OG0015930	0	0	0	2	0	0	0	0	0	2
OG0015931	0	0	0	2	0	0	0	0	0	2
OG0015932	0	0	0	2	0	0	0	0	0	2
OG0015933	0	0	0	2	0	0	0	0	0	2
OG0015934	0	0	0	2	0	0	0	0	0	2
OG0015935	0	0	0	2	0	0	0	0	0	2
OG0015936	0	0	0	2	0	0	0	0	0	2
OG0015937	0	0	0	2	0	0	0	0	0	2
OG0015938	0	0	0	2	0	0	0	0	0	2
OG0015939	0	0	0	2	0	0	0	0	0	2
OG0015940	0	0	0	2	0	0	0	0	0	2
OG0015941	0	0	0	2	0	0	0	0	0	2
OG0015942	0	0	0	2	0	0	0	0	0	2
OG0015943	0	0	0	2	0	0	0	0	0	2
OG0015944	0	0	0	2	0	0	0	0	0	2
OG0015945	0	0	0	1	0	1	0	0	0	2
OG0015946	0	0	0	2	0	0	0	0	0	2
OG0015947	0	0	0	2	0	0	0	0	0	2
OG0015948	0	0	0	2	0	0	0	0	0	2
OG0015949	0	0	0	2	0	0	0	0	0	2
OG0015950	0	0	0	2	0	0	0	0	0	2
OG0015951	0	0	0	2	0	0	0	0	0	2
OG0015952	0	0	0	2	0	0	0	0	0	2
OG0015953	0	0	0	2	0	0	0	0	0	2
OG0015954	0	0	0	2	0	0	0	0	0	2
OG0015955	0	0	0	2	0	0	0	0	0	2
OG0015956	0	0	0	2	0	0	0	0	0	2
OG0015957	0	0	0	2	0	0	0	0	0	2
OG0015958	0	0	0	2	0	0	0	0	0	2
OG0015959	0	0	0	2	0	0	0	0	0	2
OG0015960	0	0	0	2	0	0	0	0	0	2
OG0015961	0	0	0	2	0	0	0	0	0	2
OG0015962	0	0	0	2	0	0	0	0	0	2
OG0015963	0	0	0	2	0	0	0	0	0	2
OG0015964	0	0	0	2	0	0	0	0	0	2
OG0015965	0	0	0	2	0	0	0	0	0	2
OG0015966	0	0	0	2	0	0	0	0	0	2
OG0015967	0	0	0	2	0	0	0	0	0	2
OG0015968	0	0	0	2	0	0	0	0	0	2
OG0015969	0	0	0	2	0	0	0	0	0	2
OG0015970	0	0	0	2	0	0	0	0	0	2
OG0015971	0	0	0	2	0	0	0	0	0	2
OG0015972	0	0	0	2	0	0	0	0	0	2
OG0015973	0	0	0	2	0	0	0	0	0	2
OG0015974	0	0	0	2	0	0	0	0	0	2
OG0015975	0	0	0	2	0	0	0	0	0	2
OG0015976	0	0	0	2	0	0	0	0	0	2
OG0015977	0	0	0	2	0	0	0	0	0	2
OG0015978	0	0	0	2	0	0	0	0	0	2
OG0015979	0	0	0	2	0	0	0	0	0	2
OG0015980	0	0	0	2	0	0	0	0	0	2
OG0015981	0	0	0	2	0	0	0	0	0	2
OG0015982	0	0	0	2	0	0	0	0	0	2
OG0015983	0	0	0	2	0	0	0	0	0	2
OG0015984	0	0	0	1	0	1	0	0	0	2
OG0015985	0	0	0	2	0	0	0	0	0	2
OG0015986	0	0	0	2	0	0	0	0	0	2
OG0015987	0	0	0	2	0	0	0	0	0	2
OG0015988	0	0	0	2	0	0	0	0	0	2
OG0015989	0	0	0	1	0	0	1	0	0	2
OG0015990	0	0	0	2	0	0	0	0	0	2
OG0015991	0	0	0	1	0	1	0	0	0	2
OG0015992	0	0	0	2	0	0	0	0	0	2
OG0015993	0	0	0	2	0	0	0	0	0	2
OG0015994	0	0	0	2	0	0	0	0	0	2
OG0015995	0	0	0	2	0	0	0	0	0	2
OG0015996	0	0	0	2	0	0	0	0	0	2
OG0015997	0	0	0	2	0	0	0	0	0	2
OG0015998	0	0	0	2	0	0	0	0	0	2
OG0015999	0	0	0	2	0	0	0	0	0	2
OG0016000	0	0	0	2	0	0	0	0	0	2
OG0016001	0	0	0	2	0	0	0	0	0	2
OG0016002	0	0	0	2	0	0	0	0	0	2
OG0016003	0	0	0	2	0	0	0	0	0	2
OG0016004	0	0	0	2	0	0	0	0	0	2
OG0016005	0	0	0	2	0	0	0	0	0	2
OG0016006	0	0	0	2	0	0	0	0	0	2
OG0016007	0	0	0	2	0	0	0	0	0	2
OG0016008	0	0	0	2	0	0	0	0	0	2
OG0016009	0	0	0	2	0	0	0	0	0	2
OG0016010	0	0	0	2	0	0	0	0	0	2
OG0016011	0	0	0	2	0	0	0	0	0	2
OG0016012	0	0	0	2	0	0	0	0	0	2
OG0016013	0	0	0	2	0	0	0	0	0	2
OG0016014	0	0	0	2	0	0	0	0	0	2
OG0016015	0	0	0	2	0	0	0	0	0	2
OG0016016	0	0	0	2	0	0	0	0	0	2
OG0016017	0	0	0	2	0	0	0	0	0	2
OG0016018	0	0	0	2	0	0	0	0	0	2
OG0016019	0	0	0	2	0	0	0	0	0	2
OG0016020	0	0	0	2	0	0	0	0	0	2
OG0016021	0	0	0	2	0	0	0	0	0	2
OG0016022	0	0	0	2	0	0	0	0	0	2
OG0016023	0	0	0	2	0	0	0	0	0	2
OG0016024	0	0	0	2	0	0	0	0	0	2
OG0016025	0	0	0	2	0	0	0	0	0	2
OG0016026	0	0	0	2	0	0	0	0	0	2
OG0016027	0	0	0	2	0	0	0	0	0	2
OG0016028	0	0	0	2	0	0	0	0	0	2
OG0016029	0	0	0	2	0	0	0	0	0	2
OG0016030	0	0	0	2	0	0	0	0	0	2
OG0016031	0	0	0	2	0	0	0	0	0	2
OG0016032	0	0	0	1	0	1	0	0	0	2
OG0016033	0	0	0	2	0	0	0	0	0	2
OG0016034	0	0	0	2	0	0	0	0	0	2
OG0016035	0	0	0	2	0	0	0	0	0	2
OG0016036	0	0	0	2	0	0	0	0	0	2
OG0016037	0	0	0	2	0	0	0	0	0	2
OG0016038	0	0	0	2	0	0	0	0	0	2
OG0016039	0	0	0	2	0	0	0	0	0	2
OG0016040	0	0	0	2	0	0	0	0	0	2
OG0016041	0	0	0	2	0	0	0	0	0	2
OG0016042	0	0	0	2	0	0	0	0	0	2
OG0016043	0	0	0	2	0	0	0	0	0	2
OG0016044	0	0	0	2	0	0	0	0	0	2
OG0016045	0	0	0	2	0	0	0	0	0	2
OG0016046	0	0	0	2	0	0	0	0	0	2
OG0016047	0	0	0	2	0	0	0	0	0	2
OG0016048	0	0	0	2	0	0	0	0	0	2
OG0016049	0	0	0	2	0	0	0	0	0	2
OG0016050	0	0	0	2	0	0	0	0	0	2
OG0016051	0	0	0	2	0	0	0	0	0	2
OG0016052	0	0	0	2	0	0	0	0	0	2
OG0016053	0	0	0	2	0	0	0	0	0	2
OG0016054	0	0	0	2	0	0	0	0	0	2
OG0016055	0	0	0	2	0	0	0	0	0	2
OG0016056	0	0	0	2	0	0	0	0	0	2
OG0016057	0	0	0	2	0	0	0	0	0	2
OG0016058	0	0	0	2	0	0	0	0	0	2
OG0016059	0	0	0	2	0	0	0	0	0	2
OG0016060	0	0	0	2	0	0	0	0	0	2
OG0016061	0	0	0	2	0	0	0	0	0	2
OG0016062	0	0	0	2	0	0	0	0	0	2
OG0016063	0	0	0	2	0	0	0	0	0	2
OG0016064	0	0	0	2	0	0	0	0	0	2
OG0016065	0	0	0	2	0	0	0	0	0	2
OG0016066	0	0	0	2	0	0	0	0	0	2
OG0016067	0	0	0	2	0	0	0	0	0	2
OG0016068	0	0	0	2	0	0	0	0	0	2
OG0016069	0	0	0	2	0	0	0	0	0	2
OG0016070	0	0	0	2	0	0	0	0	0	2
OG0016071	0	0	0	2	0	0	0	0	0	2
OG0016072	0	0	0	2	0	0	0	0	0	2
OG0016073	0	0	0	2	0	0	0	0	0	2
OG0016074	0	0	0	2	0	0	0	0	0	2
OG0016075	0	0	0	2	0	0	0	0	0	2
OG0016076	0	0	0	2	0	0	0	0	0	2
OG0016077	0	0	0	2	0	0	0	0	0	2
OG0016078	0	0	0	1	0	1	0	0	0	2
OG0016079	0	0	0	2	0	0	0	0	0	2
OG0016080	0	0	0	2	0	0	0	0	0	2
OG0016081	0	0	0	1	0	1	0	0	0	2
OG0016082	0	0	0	2	0	0	0	0	0	2
OG0016083	0	0	0	2	0	0	0	0	0	2
OG0016084	0	0	0	2	0	0	0	0	0	2
OG0016085	0	0	0	2	0	0	0	0	0	2
OG0016086	0	0	0	2	0	0	0	0	0	2
OG0016087	0	0	0	2	0	0	0	0	0	2
OG0016088	0	0	0	2	0	0	0	0	0	2
OG0016089	0	0	0	2	0	0	0	0	0	2
OG0016090	0	0	0	2	0	0	0	0	0	2
OG0016091	0	0	0	2	0	0	0	0	0	2
OG0016092	0	0	0	2	0	0	0	0	0	2
OG0016093	0	0	0	2	0	0	0	0	0	2
OG0016094	0	0	0	2	0	0	0	0	0	2
OG0016095	0	0	0	2	0	0	0	0	0	2
OG0016096	0	0	0	2	0	0	0	0	0	2
OG0016097	0	0	0	2	0	0	0	0	0	2
OG0016098	0	0	0	2	0	0	0	0	0	2
OG0016099	0	0	0	2	0	0	0	0	0	2
OG0016100	0	0	0	2	0	0	0	0	0	2
OG0016101	0	0	0	2	0	0	0	0	0	2
OG0016102	0	0	0	2	0	0	0	0	0	2
OG0016103	0	0	0	1	0	1	0	0	0	2
OG0016104	0	0	0	2	0	0	0	0	0	2
OG0016105	0	0	0	2	0	0	0	0	0	2
OG0016106	0	0	0	2	0	0	0	0	0	2
OG0016107	0	0	0	2	0	0	0	0	0	2
OG0016108	0	0	0	2	0	0	0	0	0	2
OG0016109	0	0	0	2	0	0	0	0	0	2
OG0016110	0	0	0	2	0	0	0	0	0	2
OG0016111	0	0	0	2	0	0	0	0	0	2
OG0016112	0	0	0	2	0	0	0	0	0	2
OG0016113	0	0	0	2	0	0	0	0	0	2
OG0016114	0	0	0	2	0	0	0	0	0	2
OG0016115	0	0	0	2	0	0	0	0	0	2
OG0016116	0	0	0	2	0	0	0	0	0	2
OG0016117	0	0	0	2	0	0	0	0	0	2
OG0016118	0	0	0	2	0	0	0	0	0	2
OG0016119	0	0	0	2	0	0	0	0	0	2
OG0016120	0	0	0	2	0	0	0	0	0	2
OG0016121	0	0	0	2	0	0	0	0	0	2
OG0016122	0	0	0	2	0	0	0	0	0	2
OG0016123	0	0	0	2	0	0	0	0	0	2
OG0016124	0	0	0	2	0	0	0	0	0	2
OG0016125	0	0	0	2	0	0	0	0	0	2
OG0016126	0	0	0	2	0	0	0	0	0	2
OG0016127	0	0	0	2	0	0	0	0	0	2
OG0016128	0	0	0	2	0	0	0	0	0	2
OG0016129	0	0	0	2	0	0	0	0	0	2
OG0016130	0	0	0	2	0	0	0	0	0	2
OG0016131	0	0	0	2	0	0	0	0	0	2
OG0016132	0	0	0	2	0	0	0	0	0	2
OG0016133	0	0	0	2	0	0	0	0	0	2
OG0016134	0	0	0	2	0	0	0	0	0	2
OG0016135	0	0	0	2	0	0	0	0	0	2
OG0016136	0	0	0	2	0	0	0	0	0	2
OG0016137	0	0	0	2	0	0	0	0	0	2
OG0016138	0	0	0	2	0	0	0	0	0	2
OG0016139	0	0	0	2	0	0	0	0	0	2
OG0016140	0	0	0	2	0	0	0	0	0	2
OG0016141	0	0	0	2	0	0	0	0	0	2
OG0016142	0	0	0	2	0	0	0	0	0	2
OG0016143	0	0	0	2	0	0	0	0	0	2
OG0016144	0	0	0	2	0	0	0	0	0	2
OG0016145	0	0	0	2	0	0	0	0	0	2
OG0016146	0	0	0	2	0	0	0	0	0	2
OG0016147	0	0	0	2	0	0	0	0	0	2
OG0016148	0	0	0	2	0	0	0	0	0	2
OG0016149	0	0	0	2	0	0	0	0	0	2
OG0016150	0	0	0	1	0	0	1	0	0	2
OG0016151	0	0	0	2	0	0	0	0	0	2
OG0016152	0	0	0	2	0	0	0	0	0	2
OG0016153	0	0	0	2	0	0	0	0	0	2
OG0016154	0	0	0	2	0	0	0	0	0	2
OG0016155	0	0	0	2	0	0	0	0	0	2
OG0016156	0	0	0	2	0	0	0	0	0	2
OG0016157	0	0	0	2	0	0	0	0	0	2
OG0016158	0	0	0	2	0	0	0	0	0	2
OG0016159	0	0	0	2	0	0	0	0	0	2
OG0016160	0	0	0	2	0	0	0	0	0	2
OG0016161	0	0	0	2	0	0	0	0	0	2
OG0016162	0	0	0	2	0	0	0	0	0	2
OG0016163	0	0	0	2	0	0	0	0	0	2
OG0016164	0	0	0	2	0	0	0	0	0	2
OG0016165	0	0	0	2	0	0	0	0	0	2
OG0016166	0	0	0	2	0	0	0	0	0	2
OG0016167	0	0	0	1	0	1	0	0	0	2
OG0016168	0	0	0	2	0	0	0	0	0	2
OG0016169	0	0	0	2	0	0	0	0	0	2
OG0016170	0	0	0	2	0	0	0	0	0	2
OG0016171	0	0	0	2	0	0	0	0	0	2
OG0016172	0	0	0	2	0	0	0	0	0	2
OG0016173	0	0	0	2	0	0	0	0	0	2
OG0016174	0	0	0	2	0	0	0	0	0	2
OG0016175	0	0	0	2	0	0	0	0	0	2
OG0016176	0	0	0	2	0	0	0	0	0	2
OG0016177	0	0	0	2	0	0	0	0	0	2
OG0016178	0	0	0	2	0	0	0	0	0	2
OG0016179	0	0	0	2	0	0	0	0	0	2
OG0016180	0	0	0	2	0	0	0	0	0	2
OG0016181	0	0	0	2	0	0	0	0	0	2
OG0016182	0	0	0	2	0	0	0	0	0	2
OG0016183	0	0	0	2	0	0	0	0	0	2
OG0016184	0	0	0	2	0	0	0	0	0	2
OG0016185	0	0	0	2	0	0	0	0	0	2
OG0016186	0	0	0	2	0	0	0	0	0	2
OG0016187	0	0	0	2	0	0	0	0	0	2
OG0016188	0	0	0	2	0	0	0	0	0	2
OG0016189	0	0	0	2	0	0	0	0	0	2
OG0016190	0	0	0	2	0	0	0	0	0	2
OG0016191	0	0	0	2	0	0	0	0	0	2
OG0016192	0	0	0	2	0	0	0	0	0	2
OG0016193	0	0	0	2	0	0	0	0	0	2
OG0016194	0	0	0	2	0	0	0	0	0	2
OG0016195	0	0	0	2	0	0	0	0	0	2
OG0016196	0	0	0	2	0	0	0	0	0	2
OG0016197	0	0	0	2	0	0	0	0	0	2
OG0016198	0	0	0	2	0	0	0	0	0	2
OG0016199	0	0	0	2	0	0	0	0	0	2
OG0016200	0	0	0	2	0	0	0	0	0	2
OG0016201	0	0	0	2	0	0	0	0	0	2
OG0016202	0	0	0	2	0	0	0	0	0	2
OG0016203	0	0	0	1	0	1	0	0	0	2
OG0016204	0	0	0	2	0	0	0	0	0	2
OG0016205	0	0	0	2	0	0	0	0	0	2
OG0016206	0	0	0	2	0	0	0	0	0	2
OG0016207	0	0	0	2	0	0	0	0	0	2
OG0016208	0	0	0	2	0	0	0	0	0	2
OG0016209	0	0	0	2	0	0	0	0	0	2
OG0016210	0	0	0	2	0	0	0	0	0	2
OG0016211	0	0	0	2	0	0	0	0	0	2
OG0016212	0	0	0	2	0	0	0	0	0	2
OG0016213	0	0	0	2	0	0	0	0	0	2
OG0016214	0	0	0	2	0	0	0	0	0	2
OG0016215	0	0	0	2	0	0	0	0	0	2
OG0016216	0	0	0	2	0	0	0	0	0	2
OG0016217	0	0	0	2	0	0	0	0	0	2
OG0016218	0	0	0	2	0	0	0	0	0	2
OG0016219	0	0	0	2	0	0	0	0	0	2
OG0016220	0	0	0	2	0	0	0	0	0	2
OG0016221	0	0	0	2	0	0	0	0	0	2
OG0016222	0	0	0	1	0	0	1	0	0	2
OG0016223	0	0	0	2	0	0	0	0	0	2
OG0016224	0	0	0	2	0	0	0	0	0	2
OG0016225	0	0	0	2	0	0	0	0	0	2
OG0016226	0	0	0	2	0	0	0	0	0	2
OG0016227	0	0	0	2	0	0	0	0	0	2
OG0016228	0	0	0	2	0	0	0	0	0	2
OG0016229	0	0	0	2	0	0	0	0	0	2
OG0016230	0	0	0	2	0	0	0	0	0	2
OG0016231	0	0	0	2	0	0	0	0	0	2
OG0016232	0	0	0	2	0	0	0	0	0	2
OG0016233	0	0	0	2	0	0	0	0	0	2
OG0016234	0	0	0	2	0	0	0	0	0	2
OG0016235	0	0	0	2	0	0	0	0	0	2
OG0016236	0	0	0	2	0	0	0	0	0	2
OG0016237	0	0	0	2	0	0	0	0	0	2
OG0016238	0	0	0	2	0	0	0	0	0	2
OG0016239	0	0	0	2	0	0	0	0	0	2
OG0016240	0	0	0	2	0	0	0	0	0	2
OG0016241	0	0	0	2	0	0	0	0	0	2
OG0016242	0	0	0	2	0	0	0	0	0	2
OG0016243	0	0	0	2	0	0	0	0	0	2
OG0016244	0	0	0	1	0	1	0	0	0	2
OG0016245	0	0	0	2	0	0	0	0	0	2
OG0016246	0	0	0	2	0	0	0	0	0	2
OG0016247	0	0	0	2	0	0	0	0	0	2
OG0016248	0	0	0	2	0	0	0	0	0	2
OG0016249	0	0	0	1	0	0	1	0	0	2
OG0016250	0	0	0	2	0	0	0	0	0	2
OG0016251	0	0	0	2	0	0	0	0	0	2
OG0016252	0	0	0	2	0	0	0	0	0	2
OG0016253	0	0	0	2	0	0	0	0	0	2
OG0016254	0	0	0	2	0	0	0	0	0	2
OG0016255	0	0	0	2	0	0	0	0	0	2
OG0016256	0	0	0	2	0	0	0	0	0	2
OG0016257	0	0	0	2	0	0	0	0	0	2
OG0016258	0	0	0	2	0	0	0	0	0	2
OG0016259	0	0	0	2	0	0	0	0	0	2
OG0016260	0	0	0	2	0	0	0	0	0	2
OG0016261	0	0	0	2	0	0	0	0	0	2
OG0016262	0	0	0	2	0	0	0	0	0	2
OG0016263	0	0	0	2	0	0	0	0	0	2
OG0016264	0	0	0	2	0	0	0	0	0	2
OG0016265	0	0	0	2	0	0	0	0	0	2
OG0016266	0	0	0	2	0	0	0	0	0	2
OG0016267	0	0	0	2	0	0	0	0	0	2
OG0016268	0	0	0	2	0	0	0	0	0	2
OG0016269	0	0	0	2	0	0	0	0	0	2
OG0016270	0	0	0	2	0	0	0	0	0	2
OG0016271	0	0	0	2	0	0	0	0	0	2
OG0016272	0	0	0	2	0	0	0	0	0	2
OG0016273	0	0	0	2	0	0	0	0	0	2
OG0016274	0	0	0	2	0	0	0	0	0	2
OG0016275	0	0	0	2	0	0	0	0	0	2
OG0016276	0	0	0	2	0	0	0	0	0	2
OG0016277	0	0	0	2	0	0	0	0	0	2
OG0016278	0	0	0	2	0	0	0	0	0	2
OG0016279	0	0	0	2	0	0	0	0	0	2
OG0016280	0	0	0	2	0	0	0	0	0	2
OG0016281	0	0	0	2	0	0	0	0	0	2
OG0016282	0	0	0	2	0	0	0	0	0	2
OG0016283	0	0	0	2	0	0	0	0	0	2
OG0016284	0	0	0	2	0	0	0	0	0	2
OG0016285	0	0	0	2	0	0	0	0	0	2
OG0016286	0	0	0	2	0	0	0	0	0	2
OG0016287	0	0	0	2	0	0	0	0	0	2
OG0016288	0	0	0	2	0	0	0	0	0	2
OG0016289	0	0	0	2	0	0	0	0	0	2
OG0016290	0	0	0	2	0	0	0	0	0	2
OG0016291	0	0	0	2	0	0	0	0	0	2
OG0016292	0	0	0	2	0	0	0	0	0	2
OG0016293	0	0	0	2	0	0	0	0	0	2
OG0016294	0	0	0	2	0	0	0	0	0	2
OG0016295	0	0	0	2	0	0	0	0	0	2
OG0016296	0	0	0	2	0	0	0	0	0	2
OG0016297	0	0	0	1	0	1	0	0	0	2
OG0016298	0	0	0	1	0	0	1	0	0	2
OG0016299	0	0	0	2	0	0	0	0	0	2
OG0016300	0	0	0	2	0	0	0	0	0	2
OG0016301	0	0	0	2	0	0	0	0	0	2
OG0016302	0	0	0	2	0	0	0	0	0	2
OG0016303	0	0	0	2	0	0	0	0	0	2
OG0016304	0	0	0	2	0	0	0	0	0	2
OG0016305	0	0	0	2	0	0	0	0	0	2
OG0016306	0	0	0	2	0	0	0	0	0	2
OG0016307	0	0	0	2	0	0	0	0	0	2
OG0016308	0	0	0	2	0	0	0	0	0	2
OG0016309	0	0	0	2	0	0	0	0	0	2
OG0016310	0	0	0	2	0	0	0	0	0	2
OG0016311	0	0	0	2	0	0	0	0	0	2
OG0016312	0	0	0	2	0	0	0	0	0	2
OG0016313	0	0	0	2	0	0	0	0	0	2
OG0016314	0	0	0	2	0	0	0	0	0	2
OG0016315	0	0	0	2	0	0	0	0	0	2
OG0016316	0	0	0	2	0	0	0	0	0	2
OG0016317	0	0	0	2	0	0	0	0	0	2
OG0016318	0	0	0	2	0	0	0	0	0	2
OG0016319	0	0	0	2	0	0	0	0	0	2
OG0016320	0	0	0	2	0	0	0	0	0	2
OG0016321	0	0	0	1	0	1	0	0	0	2
OG0016322	0	0	0	1	0	0	1	0	0	2
OG0016323	0	0	0	0	2	0	0	0	0	2
OG0016324	0	0	0	0	1	0	0	1	0	2
OG0016325	0	0	0	0	1	0	0	1	0	2
OG0016326	0	0	0	0	2	0	0	0	0	2
OG0016327	0	0	0	0	1	0	0	0	1	2
OG0016328	0	0	0	0	2	0	0	0	0	2
OG0016329	0	0	0	0	1	0	0	1	0	2
OG0016330	0	0	0	0	1	1	0	0	0	2
OG0016331	0	0	0	0	1	0	0	0	1	2
OG0016332	0	0	0	0	2	0	0	0	0	2
OG0016333	0	0	0	0	2	0	0	0	0	2
OG0016334	0	0	0	0	2	0	0	0	0	2
OG0016335	0	0	0	0	1	0	0	1	0	2
OG0016336	0	0	0	0	2	0	0	0	0	2
OG0016337	0	0	0	0	1	0	0	0	1	2
OG0016338	0	0	0	0	1	0	0	1	0	2
OG0016339	0	0	0	0	1	0	0	0	1	2
OG0016340	0	0	0	0	2	0	0	0	0	2
OG0016341	0	0	0	0	1	1	0	0	0	2
OG0016342	0	0	0	0	2	0	0	0	0	2
OG0016343	0	0	0	0	2	0	0	0	0	2
OG0016344	0	0	0	0	1	0	1	0	0	2
OG0016345	0	0	0	0	2	0	0	0	0	2
OG0016346	0	0	0	0	2	0	0	0	0	2
OG0016347	0	0	0	0	1	0	0	1	0	2
OG0016348	0	0	0	0	2	0	0	0	0	2
OG0016349	0	0	0	0	1	0	0	0	1	2
OG0016350	0	0	0	0	1	0	0	1	0	2
OG0016351	0	0	0	0	1	0	0	0	1	2
OG0016352	0	0	0	0	2	0	0	0	0	2
OG0016353	0	0	0	0	2	0	0	0	0	2
OG0016354	0	0	0	0	2	0	0	0	0	2
OG0016355	0	0	0	0	2	0	0	0	0	2
OG0016356	0	0	0	0	2	0	0	0	0	2
OG0016357	0	0	0	0	1	0	0	1	0	2
OG0016358	0	0	0	0	1	0	0	1	0	2
OG0016359	0	0	0	0	2	0	0	0	0	2
OG0016360	0	0	0	0	0	2	0	0	0	2
OG0016361	0	0	0	0	0	2	0	0	0	2
OG0016362	0	0	0	0	0	2	0	0	0	2
OG0016363	0	0	0	0	0	2	0	0	0	2
OG0016364	0	0	0	0	0	2	0	0	0	2
OG0016365	0	0	0	0	0	2	0	0	0	2
OG0016366	0	0	0	0	0	1	1	0	0	2
OG0016367	0	0	0	0	0	2	0	0	0	2
OG0016368	0	0	0	0	0	2	0	0	0	2
OG0016369	0	0	0	0	0	1	1	0	0	2
OG0016370	0	0	0	0	0	2	0	0	0	2
OG0016371	0	0	0	0	0	2	0	0	0	2
OG0016372	0	0	0	0	0	2	0	0	0	2
OG0016373	0	0	0	0	0	1	1	0	0	2
OG0016374	0	0	0	0	0	2	0	0	0	2
OG0016375	0	0	0	0	0	2	0	0	0	2
OG0016376	0	0	0	0	0	1	1	0	0	2
OG0016377	0	0	0	0	0	2	0	0	0	2
OG0016378	0	0	0	0	0	2	0	0	0	2
OG0016379	0	0	0	0	0	2	0	0	0	2
OG0016380	0	0	0	0	0	2	0	0	0	2
OG0016381	0	0	0	0	0	2	0	0	0	2
OG0016382	0	0	0	0	0	2	0	0	0	2
OG0016383	0	0	0	0	0	2	0	0	0	2
OG0016384	0	0	0	0	0	2	0	0	0	2
OG0016385	0	0	0	0	0	2	0	0	0	2
OG0016386	0	0	0	0	0	2	0	0	0	2
OG0016387	0	0	0	0	0	2	0	0	0	2
OG0016388	0	0	0	0	0	2	0	0	0	2
OG0016389	0	0	0	0	0	2	0	0	0	2
OG0016390	0	0	0	0	0	2	0	0	0	2
OG0016391	0	0	0	0	0	2	0	0	0	2
OG0016392	0	0	0	0	0	1	1	0	0	2
OG0016393	0	0	0	0	0	2	0	0	0	2
OG0016394	0	0	0	0	0	2	0	0	0	2
OG0016395	0	0	0	0	0	2	0	0	0	2
OG0016396	0	0	0	0	0	2	0	0	0	2
OG0016397	0	0	0	0	0	2	0	0	0	2
OG0016398	0	0	0	0	0	2	0	0	0	2
OG0016399	0	0	0	0	0	2	0	0	0	2
OG0016400	0	0	0	0	0	1	1	0	0	2
OG0016401	0	0	0	0	0	2	0	0	0	2
OG0016402	0	0	0	0	0	2	0	0	0	2
OG0016403	0	0	0	0	0	2	0	0	0	2
OG0016404	0	0	0	0	0	2	0	0	0	2
OG0016405	0	0	0	0	0	2	0	0	0	2
OG0016406	0	0	0	0	0	2	0	0	0	2
OG0016407	0	0	0	0	0	1	1	0	0	2
OG0016408	0	0	0	0	0	2	0	0	0	2
OG0016409	0	0	0	0	0	2	0	0	0	2
OG0016410	0	0	0	0	0	2	0	0	0	2
OG0016411	0	0	0	0	0	2	0	0	0	2
OG0016412	0	0	0	0	0	2	0	0	0	2
OG0016413	0	0	0	0	0	2	0	0	0	2
OG0016414	0	0	0	0	0	2	0	0	0	2
OG0016415	0	0	0	0	0	2	0	0	0	2
OG0016416	0	0	0	0	0	2	0	0	0	2
OG0016417	0	0	0	0	0	2	0	0	0	2
OG0016418	0	0	0	0	0	2	0	0	0	2
OG0016419	0	0	0	0	0	2	0	0	0	2
OG0016420	0	0	0	0	0	2	0	0	0	2
OG0016421	0	0	0	0	0	2	0	0	0	2
OG0016422	0	0	0	0	0	2	0	0	0	2
OG0016423	0	0	0	0	0	2	0	0	0	2
OG0016424	0	0	0	0	0	2	0	0	0	2
OG0016425	0	0	0	0	0	2	0	0	0	2
OG0016426	0	0	0	0	0	2	0	0	0	2
OG0016427	0	0	0	0	0	2	0	0	0	2
OG0016428	0	0	0	0	0	2	0	0	0	2
OG0016429	0	0	0	0	0	2	0	0	0	2
OG0016430	0	0	0	0	0	2	0	0	0	2
OG0016431	0	0	0	0	0	2	0	0	0	2
OG0016432	0	0	0	0	0	2	0	0	0	2
OG0016433	0	0	0	0	0	2	0	0	0	2
OG0016434	0	0	0	0	0	1	1	0	0	2
OG0016435	0	0	0	0	0	2	0	0	0	2
OG0016436	0	0	0	0	0	2	0	0	0	2
OG0016437	0	0	0	0	0	2	0	0	0	2
OG0016438	0	0	0	0	0	2	0	0	0	2
OG0016439	0	0	0	0	0	1	1	0	0	2
OG0016440	0	0	0	0	0	2	0	0	0	2
OG0016441	0	0	0	0	0	2	0	0	0	2
OG0016442	0	0	0	0	0	2	0	0	0	2
OG0016443	0	0	0	0	0	2	0	0	0	2
OG0016444	0	0	0	0	0	2	0	0	0	2
OG0016445	0	0	0	0	0	2	0	0	0	2
OG0016446	0	0	0	0	0	2	0	0	0	2
OG0016447	0	0	0	0	0	2	0	0	0	2
OG0016448	0	0	0	0	0	2	0	0	0	2
OG0016449	0	0	0	0	0	2	0	0	0	2
OG0016450	0	0	0	0	0	2	0	0	0	2
OG0016451	0	0	0	0	0	2	0	0	0	2
OG0016452	0	0	0	0	0	2	0	0	0	2
OG0016453	0	0	0	0	0	2	0	0	0	2
OG0016454	0	0	0	0	0	2	0	0	0	2
OG0016455	0	0	0	0	0	2	0	0	0	2
OG0016456	0	0	0	0	0	2	0	0	0	2
OG0016457	0	0	0	0	0	2	0	0	0	2
OG0016458	0	0	0	0	0	2	0	0	0	2
OG0016459	0	0	0	0	0	2	0	0	0	2
OG0016460	0	0	0	0	0	2	0	0	0	2
OG0016461	0	0	0	0	0	2	0	0	0	2
OG0016462	0	0	0	0	0	2	0	0	0	2
OG0016463	0	0	0	0	0	2	0	0	0	2
OG0016464	0	0	0	0	0	2	0	0	0	2
OG0016465	0	0	0	0	0	2	0	0	0	2
OG0016466	0	0	0	0	0	2	0	0	0	2
OG0016467	0	0	0	0	0	2	0	0	0	2
OG0016468	0	0	0	0	0	2	0	0	0	2
OG0016469	0	0	0	0	0	1	1	0	0	2
OG0016470	0	0	0	0	0	2	0	0	0	2
OG0016471	0	0	0	0	0	2	0	0	0	2
OG0016472	0	0	0	0	0	2	0	0	0	2
OG0016473	0	0	0	0	0	1	1	0	0	2
OG0016474	0	0	0	0	0	1	1	0	0	2
OG0016475	0	0	0	0	0	1	1	0	0	2
OG0016476	0	0	0	0	0	2	0	0	0	2
OG0016477	0	0	0	0	0	2	0	0	0	2
OG0016478	0	0	0	0	0	2	0	0	0	2
OG0016479	0	0	0	0	0	2	0	0	0	2
OG0016480	0	0	0	0	0	2	0	0	0	2
OG0016481	0	0	0	0	0	2	0	0	0	2
OG0016482	0	0	0	0	0	2	0	0	0	2
OG0016483	0	0	0	0	0	2	0	0	0	2
OG0016484	0	0	0	0	0	2	0	0	0	2
OG0016485	0	0	0	0	0	2	0	0	0	2
OG0016486	0	0	0	0	0	2	0	0	0	2
OG0016487	0	0	0	0	0	2	0	0	0	2
OG0016488	0	0	0	0	0	2	0	0	0	2
OG0016489	0	0	0	0	0	2	0	0	0	2
OG0016490	0	0	0	0	0	2	0	0	0	2
OG0016491	0	0	0	0	0	2	0	0	0	2
OG0016492	0	0	0	0	0	2	0	0	0	2
OG0016493	0	0	0	0	0	2	0	0	0	2
OG0016494	0	0	0	0	0	2	0	0	0	2
OG0016495	0	0	0	0	0	2	0	0	0	2
OG0016496	0	0	0	0	0	2	0	0	0	2
OG0016497	0	0	0	0	0	2	0	0	0	2
OG0016498	0	0	0	0	0	2	0	0	0	2
OG0016499	0	0	0	0	0	2	0	0	0	2
OG0016500	0	0	0	0	0	2	0	0	0	2
OG0016501	0	0	0	0	0	2	0	0	0	2
OG0016502	0	0	0	0	0	2	0	0	0	2
OG0016503	0	0	0	0	0	2	0	0	0	2
OG0016504	0	0	0	0	0	2	0	0	0	2
OG0016505	0	0	0	0	0	2	0	0	0	2
OG0016506	0	0	0	0	0	2	0	0	0	2
OG0016507	0	0	0	0	0	2	0	0	0	2
OG0016508	0	0	0	0	0	2	0	0	0	2
OG0016509	0	0	0	0	0	2	0	0	0	2
OG0016510	0	0	0	0	0	2	0	0	0	2
OG0016511	0	0	0	0	0	2	0	0	0	2
OG0016512	0	0	0	0	0	2	0	0	0	2
OG0016513	0	0	0	0	0	2	0	0	0	2
OG0016514	0	0	0	0	0	2	0	0	0	2
OG0016515	0	0	0	0	0	2	0	0	0	2
OG0016516	0	0	0	0	0	1	0	1	0	2
OG0016517	0	0	0	0	0	2	0	0	0	2
OG0016518	0	0	0	0	0	2	0	0	0	2
OG0016519	0	0	0	0	0	2	0	0	0	2
OG0016520	0	0	0	0	0	1	1	0	0	2
OG0016521	0	0	0	0	0	2	0	0	0	2
OG0016522	0	0	0	0	0	2	0	0	0	2
OG0016523	0	0	0	0	0	2	0	0	0	2
OG0016524	0	0	0	0	0	2	0	0	0	2
OG0016525	0	0	0	0	0	2	0	0	0	2
OG0016526	0	0	0	0	0	2	0	0	0	2
OG0016527	0	0	0	0	0	2	0	0	0	2
OG0016528	0	0	0	0	0	2	0	0	0	2
OG0016529	0	0	0	0	0	2	0	0	0	2
OG0016530	0	0	0	0	0	1	1	0	0	2
OG0016531	0	0	0	0	0	2	0	0	0	2
OG0016532	0	0	0	0	0	2	0	0	0	2
OG0016533	0	0	0	0	0	2	0	0	0	2
OG0016534	0	0	0	0	0	1	1	0	0	2
OG0016535	0	0	0	0	0	2	0	0	0	2
OG0016536	0	0	0	0	0	2	0	0	0	2
OG0016537	0	0	0	0	0	2	0	0	0	2
OG0016538	0	0	0	0	0	2	0	0	0	2
OG0016539	0	0	0	0	0	2	0	0	0	2
OG0016540	0	0	0	0	0	2	0	0	0	2
OG0016541	0	0	0	0	0	2	0	0	0	2
OG0016542	0	0	0	0	0	2	0	0	0	2
OG0016543	0	0	0	0	0	2	0	0	0	2
OG0016544	0	0	0	0	0	2	0	0	0	2
OG0016545	0	0	0	0	0	2	0	0	0	2
OG0016546	0	0	0	0	0	1	1	0	0	2
OG0016547	0	0	0	0	0	2	0	0	0	2
OG0016548	0	0	0	0	0	2	0	0	0	2
OG0016549	0	0	0	0	0	2	0	0	0	2
OG0016550	0	0	0	0	0	1	1	0	0	2
OG0016551	0	0	0	0	0	2	0	0	0	2
OG0016552	0	0	0	0	0	2	0	0	0	2
OG0016553	0	0	0	0	0	2	0	0	0	2
OG0016554	0	0	0	0	0	2	0	0	0	2
OG0016555	0	0	0	0	0	2	0	0	0	2
OG0016556	0	0	0	0	0	2	0	0	0	2
OG0016557	0	0	0	0	0	2	0	0	0	2
OG0016558	0	0	0	0	0	2	0	0	0	2
OG0016559	0	0	0	0	0	2	0	0	0	2
OG0016560	0	0	0	0	0	2	0	0	0	2
OG0016561	0	0	0	0	0	2	0	0	0	2
OG0016562	0	0	0	0	0	2	0	0	0	2
OG0016563	0	0	0	0	0	2	0	0	0	2
OG0016564	0	0	0	0	0	2	0	0	0	2
OG0016565	0	0	0	0	0	2	0	0	0	2
OG0016566	0	0	0	0	0	1	1	0	0	2
OG0016567	0	0	0	0	0	2	0	0	0	2
OG0016568	0	0	0	0	0	2	0	0	0	2
OG0016569	0	0	0	0	0	1	1	0	0	2
OG0016570	0	0	0	0	0	2	0	0	0	2
OG0016571	0	0	0	0	0	2	0	0	0	2
OG0016572	0	0	0	0	0	2	0	0	0	2
OG0016573	0	0	0	0	0	2	0	0	0	2
OG0016574	0	0	0	0	0	2	0	0	0	2
OG0016575	0	0	0	0	0	2	0	0	0	2
OG0016576	0	0	0	0	0	2	0	0	0	2
OG0016577	0	0	0	0	0	2	0	0	0	2
OG0016578	0	0	0	0	0	2	0	0	0	2
OG0016579	0	0	0	0	0	2	0	0	0	2
OG0016580	0	0	0	0	0	2	0	0	0	2
OG0016581	0	0	0	0	0	2	0	0	0	2
OG0016582	0	0	0	0	0	2	0	0	0	2
OG0016583	0	0	0	0	0	2	0	0	0	2
OG0016584	0	0	0	0	0	2	0	0	0	2
OG0016585	0	0	0	0	0	2	0	0	0	2
OG0016586	0	0	0	0	0	2	0	0	0	2
OG0016587	0	0	0	0	0	2	0	0	0	2
OG0016588	0	0	0	0	0	2	0	0	0	2
OG0016589	0	0	0	0	0	2	0	0	0	2
OG0016590	0	0	0	0	0	2	0	0	0	2
OG0016591	0	0	0	0	0	2	0	0	0	2
OG0016592	0	0	0	0	0	2	0	0	0	2
OG0016593	0	0	0	0	0	1	1	0	0	2
OG0016594	0	0	0	0	0	2	0	0	0	2
OG0016595	0	0	0	0	0	2	0	0	0	2
OG0016596	0	0	0	0	0	2	0	0	0	2
OG0016597	0	0	0	0	0	2	0	0	0	2
OG0016598	0	0	0	0	0	2	0	0	0	2
OG0016599	0	0	0	0	0	2	0	0	0	2
OG0016600	0	0	0	0	0	2	0	0	0	2
OG0016601	0	0	0	0	0	2	0	0	0	2
OG0016602	0	0	0	0	0	2	0	0	0	2
OG0016603	0	0	0	0	0	1	1	0	0	2
OG0016604	0	0	0	0	0	2	0	0	0	2
OG0016605	0	0	0	0	0	2	0	0	0	2
OG0016606	0	0	0	0	0	1	1	0	0	2
OG0016607	0	0	0	0	0	2	0	0	0	2
OG0016608	0	0	0	0	0	2	0	0	0	2
OG0016609	0	0	0	0	0	2	0	0	0	2
OG0016610	0	0	0	0	0	2	0	0	0	2
OG0016611	0	0	0	0	0	2	0	0	0	2
OG0016612	0	0	0	0	0	2	0	0	0	2
OG0016613	0	0	0	0	0	2	0	0	0	2
OG0016614	0	0	0	0	0	2	0	0	0	2
OG0016615	0	0	0	0	0	2	0	0	0	2
OG0016616	0	0	0	0	0	2	0	0	0	2
OG0016617	0	0	0	0	0	2	0	0	0	2
OG0016618	0	0	0	0	0	1	1	0	0	2
OG0016619	0	0	0	0	0	2	0	0	0	2
OG0016620	0	0	0	0	0	2	0	0	0	2
OG0016621	0	0	0	0	0	2	0	0	0	2
OG0016622	0	0	0	0	0	1	1	0	0	2
OG0016623	0	0	0	0	0	2	0	0	0	2
OG0016624	0	0	0	0	0	2	0	0	0	2
OG0016625	0	0	0	0	0	2	0	0	0	2
OG0016626	0	0	0	0	0	2	0	0	0	2
OG0016627	0	0	0	0	0	2	0	0	0	2
OG0016628	0	0	0	0	0	1	1	0	0	2
OG0016629	0	0	0	0	0	2	0	0	0	2
OG0016630	0	0	0	0	0	2	0	0	0	2
OG0016631	0	0	0	0	0	2	0	0	0	2
OG0016632	0	0	0	0	0	2	0	0	0	2
OG0016633	0	0	0	0	0	2	0	0	0	2
OG0016634	0	0	0	0	0	2	0	0	0	2
OG0016635	0	0	0	0	0	2	0	0	0	2
OG0016636	0	0	0	0	0	2	0	0	0	2
OG0016637	0	0	0	0	0	2	0	0	0	2
OG0016638	0	0	0	0	0	2	0	0	0	2
OG0016639	0	0	0	0	0	2	0	0	0	2
OG0016640	0	0	0	0	0	2	0	0	0	2
OG0016641	0	0	0	0	0	2	0	0	0	2
OG0016642	0	0	0	0	0	2	0	0	0	2
OG0016643	0	0	0	0	0	2	0	0	0	2
OG0016644	0	0	0	0	0	1	1	0	0	2
OG0016645	0	0	0	0	0	2	0	0	0	2
OG0016646	0	0	0	0	0	2	0	0	0	2
OG0016647	0	0	0	0	0	2	0	0	0	2
OG0016648	0	0	0	0	0	2	0	0	0	2
OG0016649	0	0	0	0	0	2	0	0	0	2
OG0016650	0	0	0	0	0	2	0	0	0	2
OG0016651	0	0	0	0	0	2	0	0	0	2
OG0016652	0	0	0	0	0	2	0	0	0	2
OG0016653	0	0	0	0	0	1	1	0	0	2
OG0016654	0	0	0	0	0	2	0	0	0	2
OG0016655	0	0	0	0	0	2	0	0	0	2
OG0016656	0	0	0	0	0	2	0	0	0	2
OG0016657	0	0	0	0	0	2	0	0	0	2
OG0016658	0	0	0	0	0	1	1	0	0	2
OG0016659	0	0	0	0	0	2	0	0	0	2
OG0016660	0	0	0	0	0	2	0	0	0	2
OG0016661	0	0	0	0	0	2	0	0	0	2
OG0016662	0	0	0	0	0	2	0	0	0	2
OG0016663	0	0	0	0	0	2	0	0	0	2
OG0016664	0	0	0	0	0	2	0	0	0	2
OG0016665	0	0	0	0	0	2	0	0	0	2
OG0016666	0	0	0	0	0	2	0	0	0	2
OG0016667	0	0	0	0	0	2	0	0	0	2
OG0016668	0	0	0	0	0	2	0	0	0	2
OG0016669	0	0	0	0	0	2	0	0	0	2
OG0016670	0	0	0	0	0	2	0	0	0	2
OG0016671	0	0	0	0	0	2	0	0	0	2
OG0016672	0	0	0	0	0	2	0	0	0	2
OG0016673	0	0	0	0	0	2	0	0	0	2
OG0016674	0	0	0	0	0	2	0	0	0	2
OG0016675	0	0	0	0	0	2	0	0	0	2
OG0016676	0	0	0	0	0	2	0	0	0	2
OG0016677	0	0	0	0	0	1	1	0	0	2
OG0016678	0	0	0	0	0	1	1	0	0	2
OG0016679	0	0	0	0	0	2	0	0	0	2
OG0016680	0	0	0	0	0	2	0	0	0	2
OG0016681	0	0	0	0	0	2	0	0	0	2
OG0016682	0	0	0	0	0	2	0	0	0	2
OG0016683	0	0	0	0	0	1	1	0	0	2
OG0016684	0	0	0	0	0	2	0	0	0	2
OG0016685	0	0	0	0	0	2	0	0	0	2
OG0016686	0	0	0	0	0	2	0	0	0	2
OG0016687	0	0	0	0	0	2	0	0	0	2
OG0016688	0	0	0	0	0	2	0	0	0	2
OG0016689	0	0	0	0	0	2	0	0	0	2
OG0016690	0	0	0	0	0	2	0	0	0	2
OG0016691	0	0	0	0	0	2	0	0	0	2
OG0016692	0	0	0	0	0	1	1	0	0	2
OG0016693	0	0	0	0	0	2	0	0	0	2
OG0016694	0	0	0	0	0	2	0	0	0	2
OG0016695	0	0	0	0	0	1	1	0	0	2
OG0016696	0	0	0	0	0	2	0	0	0	2
OG0016697	0	0	0	0	0	2	0	0	0	2
OG0016698	0	0	0	0	0	2	0	0	0	2
OG0016699	0	0	0	0	0	1	1	0	0	2
OG0016700	0	0	0	0	0	2	0	0	0	2
OG0016701	0	0	0	0	0	1	1	0	0	2
OG0016702	0	0	0	0	0	2	0	0	0	2
OG0016703	0	0	0	0	0	2	0	0	0	2
OG0016704	0	0	0	0	0	0	2	0	0	2
OG0016705	0	0	0	0	0	0	2	0	0	2
OG0016706	0	0	0	0	0	0	2	0	0	2
OG0016707	0	0	0	0	0	0	2	0	0	2
OG0016708	0	0	0	0	0	0	2	0	0	2
OG0016709	0	0	0	0	0	0	2	0	0	2
OG0016710	0	0	0	0	0	0	2	0	0	2
OG0016711	0	0	0	0	0	0	2	0	0	2
OG0016712	0	0	0	0	0	0	2	0	0	2
OG0016713	0	0	0	0	0	0	2	0	0	2
OG0016714	0	0	0	0	0	0	2	0	0	2
OG0016715	0	0	0	0	0	0	2	0	0	2
OG0016716	0	0	0	0	0	0	2	0	0	2
OG0016717	0	0	0	0	0	0	2	0	0	2
OG0016718	0	0	0	0	0	0	2	0	0	2
OG0016719	0	0	0	0	0	0	2	0	0	2
OG0016720	0	0	0	0	0	0	2	0	0	2
OG0016721	0	0	0	0	0	0	2	0	0	2
OG0016722	0	0	0	0	0	0	2	0	0	2
OG0016723	0	0	0	0	0	0	2	0	0	2
OG0016724	0	0	0	0	0	0	2	0	0	2
OG0016725	0	0	0	0	0	0	2	0	0	2
OG0016726	0	0	0	0	0	0	2	0	0	2
OG0016727	0	0	0	0	0	0	2	0	0	2
OG0016728	0	0	0	0	0	0	2	0	0	2
OG0016729	0	0	0	0	0	0	2	0	0	2
OG0016730	0	0	0	0	0	0	2	0	0	2
OG0016731	0	0	0	0	0	0	2	0	0	2
OG0016732	0	0	0	0	0	0	2	0	0	2
OG0016733	0	0	0	0	0	0	2	0	0	2
OG0016734	0	0	0	0	0	0	2	0	0	2
OG0016735	0	0	0	0	0	0	2	0	0	2
OG0016736	0	0	0	0	0	0	2	0	0	2
OG0016737	0	0	0	0	0	0	2	0	0	2
OG0016738	0	0	0	0	0	0	2	0	0	2
OG0016739	0	0	0	0	0	0	2	0	0	2
OG0016740	0	0	0	0	0	0	2	0	0	2
OG0016741	0	0	0	0	0	0	2	0	0	2
OG0016742	0	0	0	0	0	0	2	0	0	2
OG0016743	0	0	0	0	0	0	2	0	0	2
OG0016744	0	0	0	0	0	0	2	0	0	2
OG0016745	0	0	0	0	0	0	2	0	0	2
OG0016746	0	0	0	0	0	0	2	0	0	2
OG0016747	0	0	0	0	0	0	2	0	0	2
OG0016748	0	0	0	0	0	0	2	0	0	2
OG0016749	0	0	0	0	0	0	2	0	0	2
OG0016750	0	0	0	0	0	0	2	0	0	2
OG0016751	0	0	0	0	0	0	2	0	0	2
OG0016752	0	0	0	0	0	0	2	0	0	2
OG0016753	0	0	0	0	0	0	2	0	0	2
OG0016754	0	0	0	0	0	0	2	0	0	2
OG0016755	0	0	0	0	0	0	2	0	0	2
OG0016756	0	0	0	0	0	0	2	0	0	2
OG0016757	0	0	0	0	0	0	2	0	0	2
OG0016758	0	0	0	0	0	0	2	0	0	2
OG0016759	0	0	0	0	0	0	2	0	0	2
OG0016760	0	0	0	0	0	0	2	0	0	2
OG0016761	0	0	0	0	0	0	2	0	0	2
OG0016762	0	0	0	0	0	0	2	0	0	2
OG0016763	0	0	0	0	0	0	2	0	0	2
OG0016764	0	0	0	0	0	0	2	0	0	2
OG0016765	0	0	0	0	0	0	2	0	0	2
OG0016766	0	0	0	0	0	0	2	0	0	2
OG0016767	0	0	0	0	0	0	2	0	0	2
OG0016768	0	0	0	0	0	0	2	0	0	2
OG0016769	0	0	0	0	0	0	1	1	0	2
OG0016770	0	0	0	0	0	0	2	0	0	2
OG0016771	0	0	0	0	0	0	2	0	0	2
OG0016772	0	0	0	0	0	0	2	0	0	2
OG0016773	0	0	0	0	0	0	2	0	0	2
OG0016774	0	0	0	0	0	0	2	0	0	2
OG0016775	0	0	0	0	0	0	2	0	0	2
OG0016776	0	0	0	0	0	0	2	0	0	2
OG0016777	0	0	0	0	0	0	2	0	0	2
OG0016778	0	0	0	0	0	0	2	0	0	2
OG0016779	0	0	0	0	0	0	2	0	0	2
OG0016780	0	0	0	0	0	0	2	0	0	2
OG0016781	0	0	0	0	0	0	2	0	0	2
OG0016782	0	0	0	0	0	0	2	0	0	2
OG0016783	0	0	0	0	0	0	2	0	0	2
OG0016784	0	0	0	0	0	0	2	0	0	2
OG0016785	0	0	0	0	0	0	2	0	0	2
OG0016786	0	0	0	0	0	0	2	0	0	2
OG0016787	0	0	0	0	0	0	2	0	0	2
OG0016788	0	0	0	0	0	0	2	0	0	2
OG0016789	0	0	0	0	0	0	2	0	0	2
OG0016790	0	0	0	0	0	0	2	0	0	2
OG0016791	0	0	0	0	0	0	2	0	0	2
OG0016792	0	0	0	0	0	0	2	0	0	2
OG0016793	0	0	0	0	0	0	2	0	0	2
OG0016794	0	0	0	0	0	0	2	0	0	2
OG0016795	0	0	0	0	0	0	2	0	0	2
OG0016796	0	0	0	0	0	0	2	0	0	2
OG0016797	0	0	0	0	0	0	2	0	0	2
OG0016798	0	0	0	0	0	0	2	0	0	2
OG0016799	0	0	0	0	0	0	2	0	0	2
OG0016800	0	0	0	0	0	0	2	0	0	2
OG0016801	0	0	0	0	0	0	2	0	0	2
OG0016802	0	0	0	0	0	0	2	0	0	2
OG0016803	0	0	0	0	0	0	2	0	0	2
OG0016804	0	0	0	0	0	0	2	0	0	2
OG0016805	0	0	0	0	0	0	2	0	0	2
OG0016806	0	0	0	0	0	0	2	0	0	2
OG0016807	0	0	0	0	0	0	2	0	0	2
OG0016808	0	0	0	0	0	0	2	0	0	2
OG0016809	0	0	0	0	0	0	2	0	0	2
OG0016810	0	0	0	0	0	0	2	0	0	2
OG0016811	0	0	0	0	0	0	2	0	0	2
OG0016812	0	0	0	0	0	0	2	0	0	2
OG0016813	0	0	0	0	0	0	2	0	0	2
OG0016814	0	0	0	0	0	0	2	0	0	2
OG0016815	0	0	0	0	0	0	2	0	0	2
OG0016816	0	0	0	0	0	0	2	0	0	2
OG0016817	0	0	0	0	0	0	2	0	0	2
OG0016818	0	0	0	0	0	0	2	0	0	2
OG0016819	0	0	0	0	0	0	2	0	0	2
OG0016820	0	0	0	0	0	0	2	0	0	2
OG0016821	0	0	0	0	0	0	2	0	0	2
OG0016822	0	0	0	0	0	0	2	0	0	2
OG0016823	0	0	0	0	0	0	2	0	0	2
OG0016824	0	0	0	0	0	0	2	0	0	2
OG0016825	0	0	0	0	0	0	2	0	0	2
OG0016826	0	0	0	0	0	0	2	0	0	2
OG0016827	0	0	0	0	0	0	2	0	0	2
OG0016828	0	0	0	0	0	0	2	0	0	2
OG0016829	0	0	0	0	0	0	2	0	0	2
OG0016830	0	0	0	0	0	0	2	0	0	2
OG0016831	0	0	0	0	0	0	2	0	0	2
OG0016832	0	0	0	0	0	0	2	0	0	2
OG0016833	0	0	0	0	0	0	2	0	0	2
OG0016834	0	0	0	0	0	0	2	0	0	2
OG0016835	0	0	0	0	0	0	2	0	0	2
OG0016836	0	0	0	0	0	0	2	0	0	2
OG0016837	0	0	0	0	0	0	2	0	0	2
OG0016838	0	0	0	0	0	0	2	0	0	2
OG0016839	0	0	0	0	0	0	2	0	0	2
OG0016840	0	0	0	0	0	0	2	0	0	2
OG0016841	0	0	0	0	0	0	2	0	0	2
OG0016842	0	0	0	0	0	0	2	0	0	2
OG0016843	0	0	0	0	0	0	2	0	0	2
OG0016844	0	0	0	0	0	0	2	0	0	2
OG0016845	0	0	0	0	0	0	2	0	0	2
OG0016846	0	0	0	0	0	0	2	0	0	2
OG0016847	0	0	0	0	0	0	2	0	0	2
OG0016848	0	0	0	0	0	0	2	0	0	2
OG0016849	0	0	0	0	0	0	2	0	0	2
OG0016850	0	0	0	0	0	0	2	0	0	2
OG0016851	0	0	0	0	0	0	2	0	0	2
OG0016852	0	0	0	0	0	0	2	0	0	2
OG0016853	0	0	0	0	0	0	2	0	0	2
OG0016854	0	0	0	0	0	0	2	0	0	2
OG0016855	0	0	0	0	0	0	2	0	0	2
OG0016856	0	0	0	0	0	0	2	0	0	2
OG0016857	0	0	0	0	0	0	2	0	0	2
OG0016858	0	0	0	0	0	0	2	0	0	2
OG0016859	0	0	0	0	0	0	2	0	0	2
OG0016860	0	0	0	0	0	0	2	0	0	2
OG0016861	0	0	0	0	0	0	2	0	0	2
OG0016862	0	0	0	0	0	0	2	0	0	2
OG0016863	0	0	0	0	0	0	2	0	0	2
OG0016864	0	0	0	0	0	0	2	0	0	2
OG0016865	0	0	0	0	0	0	2	0	0	2
OG0016866	0	0	0	0	0	0	2	0	0	2
OG0016867	0	0	0	0	0	0	2	0	0	2
OG0016868	0	0	0	0	0	0	2	0	0	2
OG0016869	0	0	0	0	0	0	2	0	0	2
OG0016870	0	0	0	0	0	0	2	0	0	2
OG0016871	0	0	0	0	0	0	2	0	0	2
OG0016872	0	0	0	0	0	0	2	0	0	2
OG0016873	0	0	0	0	0	0	2	0	0	2
OG0016874	0	0	0	0	0	0	2	0	0	2
OG0016875	0	0	0	0	0	0	2	0	0	2
OG0016876	0	0	0	0	0	0	2	0	0	2
OG0016877	0	0	0	0	0	0	2	0	0	2
OG0016878	0	0	0	0	0	0	2	0	0	2
OG0016879	0	0	0	0	0	0	2	0	0	2
OG0016880	0	0	0	0	0	0	2	0	0	2
OG0016881	0	0	0	0	0	0	2	0	0	2
OG0016882	0	0	0	0	0	0	2	0	0	2
OG0016883	0	0	0	0	0	0	2	0	0	2
OG0016884	0	0	0	0	0	0	2	0	0	2
OG0016885	0	0	0	0	0	0	2	0	0	2
OG0016886	0	0	0	0	0	0	2	0	0	2
OG0016887	0	0	0	0	0	0	2	0	0	2
OG0016888	0	0	0	0	0	0	2	0	0	2
OG0016889	0	0	0	0	0	0	2	0	0	2
OG0016890	0	0	0	0	0	0	2	0	0	2
OG0016891	0	0	0	0	0	0	2	0	0	2
OG0016892	0	0	0	0	0	0	2	0	0	2
OG0016893	0	0	0	0	0	0	2	0	0	2
OG0016894	0	0	0	0	0	0	2	0	0	2
OG0016895	0	0	0	0	0	0	2	0	0	2
OG0016896	0	0	0	0	0	0	2	0	0	2
OG0016897	0	0	0	0	0	0	2	0	0	2
OG0016898	0	0	0	0	0	0	2	0	0	2
OG0016899	0	0	0	0	0	0	2	0	0	2
OG0016900	0	0	0	0	0	0	2	0	0	2
OG0016901	0	0	0	0	0	0	2	0	0	2
OG0016902	0	0	0	0	0	0	2	0	0	2
OG0016903	0	0	0	0	0	0	2	0	0	2
OG0016904	0	0	0	0	0	0	2	0	0	2
OG0016905	0	0	0	0	0	0	2	0	0	2
OG0016906	0	0	0	0	0	0	2	0	0	2
OG0016907	0	0	0	0	0	0	2	0	0	2
OG0016908	0	0	0	0	0	0	2	0	0	2
OG0016909	0	0	0	0	0	0	2	0	0	2
OG0016910	0	0	0	0	0	0	2	0	0	2
OG0016911	0	0	0	0	0	0	2	0	0	2
OG0016912	0	0	0	0	0	0	2	0	0	2
OG0016913	0	0	0	0	0	0	2	0	0	2
OG0016914	0	0	0	0	0	0	2	0	0	2
OG0016915	0	0	0	0	0	0	2	0	0	2
OG0016916	0	0	0	0	0	0	2	0	0	2
OG0016917	0	0	0	0	0	0	2	0	0	2
OG0016918	0	0	0	0	0	0	2	0	0	2
OG0016919	0	0	0	0	0	0	2	0	0	2
OG0016920	0	0	0	0	0	0	2	0	0	2
OG0016921	0	0	0	0	0	0	2	0	0	2
OG0016922	0	0	0	0	0	0	2	0	0	2
OG0016923	0	0	0	0	0	0	2	0	0	2
OG0016924	0	0	0	0	0	0	2	0	0	2
OG0016925	0	0	0	0	0	0	2	0	0	2
OG0016926	0	0	0	0	0	0	2	0	0	2
OG0016927	0	0	0	0	0	0	2	0	0	2
OG0016928	0	0	0	0	0	0	2	0	0	2
OG0016929	0	0	0	0	0	0	2	0	0	2
OG0016930	0	0	0	0	0	0	2	0	0	2
OG0016931	0	0	0	0	0	0	2	0	0	2
OG0016932	0	0	0	0	0	0	2	0	0	2
OG0016933	0	0	0	0	0	0	1	1	0	2
OG0016934	0	0	0	0	0	0	2	0	0	2
OG0016935	0	0	0	0	0	0	2	0	0	2
OG0016936	0	0	0	0	0	0	2	0	0	2
OG0016937	0	0	0	0	0	0	2	0	0	2
OG0016938	0	0	0	0	0	0	2	0	0	2
OG0016939	0	0	0	0	0	0	2	0	0	2
OG0016940	0	0	0	0	0	0	2	0	0	2
OG0016941	0	0	0	0	0	0	2	0	0	2
OG0016942	0	0	0	0	0	0	2	0	0	2
OG0016943	0	0	0	0	0	0	2	0	0	2
OG0016944	0	0	0	0	0	0	2	0	0	2
OG0016945	0	0	0	0	0	0	2	0	0	2
OG0016946	0	0	0	0	0	0	2	0	0	2
OG0016947	0	0	0	0	0	0	2	0	0	2
OG0016948	0	0	0	0	0	0	2	0	0	2
OG0016949	0	0	0	0	0	0	2	0	0	2
OG0016950	0	0	0	0	0	0	2	0	0	2
OG0016951	0	0	0	0	0	0	2	0	0	2
OG0016952	0	0	0	0	0	0	2	0	0	2
OG0016953	0	0	0	0	0	0	2	0	0	2
OG0016954	0	0	0	0	0	0	2	0	0	2
OG0016955	0	0	0	0	0	0	2	0	0	2
OG0016956	0	0	0	0	0	0	2	0	0	2
OG0016957	0	0	0	0	0	0	2	0	0	2
OG0016958	0	0	0	0	0	0	2	0	0	2
OG0016959	0	0	0	0	0	0	2	0	0	2
OG0016960	0	0	0	0	0	0	2	0	0	2
OG0016961	0	0	0	0	0	0	2	0	0	2
OG0016962	0	0	0	0	0	0	2	0	0	2
OG0016963	0	0	0	0	0	0	2	0	0	2
OG0016964	0	0	0	0	0	0	2	0	0	2
OG0016965	0	0	0	0	0	0	2	0	0	2
OG0016966	0	0	0	0	0	0	2	0	0	2
OG0016967	0	0	0	0	0	0	0	1	1	2
OG0016968	0	0	0	0	0	0	0	1	1	2
OG0016969	0	0	0	0	0	0	0	1	1	2
OG0016970	0	0	0	0	0	0	0	1	1	2
OG0016971	0	0	0	0	0	0	0	1	1	2
OG0016972	0	0	0	0	0	0	0	2	0	2
OG0016973	0	0	0	0	0	0	0	1	1	2
OG0016974	0	0	0	0	0	0	0	1	1	2
OG0016975	0	0	0	0	0	0	0	1	1	2
OG0016976	0	0	0	0	0	0	0	1	1	2
OG0016977	0	0	0	0	0	0	0	1	1	2
OG0016978	0	0	0	0	0	0	0	1	1	2
OG0016979	0	0	0	0	0	0	0	1	1	2
OG0016980	0	0	0	0	0	0	0	1	1	2
OG0016981	0	0	0	0	0	0	0	2	0	2
OG0016982	0	0	0	0	0	0	0	1	1	2
OG0016983	0	0	0	0	0	0	0	1	1	2
OG0016984	0	0	0	0	0	0	0	1	1	2
OG0016985	0	0	0	0	0	0	0	1	1	2
OG0016986	0	0	0	0	0	0	0	1	1	2
OG0016987	0	0	0	0	0	0	0	1	1	2
OG0016988	0	0	0	0	0	0	0	1	1	2
OG0016989	0	0	0	0	0	0	0	1	1	2
OG0016990	0	0	0	0	0	0	0	1	1	2
OG0016991	0	0	0	0	0	0	0	1	1	2
OG0016992	0	0	0	0	0	0	0	1	1	2
OG0016993	0	0	0	0	0	0	0	1	1	2
OG0016994	0	0	0	0	0	0	0	1	1	2
OG0016995	0	0	0	0	0	0	0	1	1	2
OG0016996	0	0	0	0	0	0	0	1	1	2
OG0016997	0	0	0	0	0	0	0	1	1	2
OG0016998	0	0	0	0	0	0	0	1	1	2
OG0016999	0	0	0	0	0	0	0	1	1	2
OG0017000	0	0	0	0	0	0	0	1	1	2
OG0017001	0	0	0	0	0	0	0	1	1	2
OG0017002	0	0	0	0	0	0	0	1	1	2
OG0017003	0	0	0	0	0	0	0	1	1	2
OG0017004	0	0	0	0	0	0	0	1	1	2
OG0017005	0	0	0	0	0	0	0	1	1	2
OG0017006	0	0	0	0	0	0	0	1	1	2
OG0017007	0	0	0	0	0	0	0	1	1	2
OG0017008	0	0	0	0	0	0	0	1	1	2
OG0017009	0	0	0	0	0	0	0	1	1	2
OG0017010	0	0	0	0	0	0	0	1	1	2
OG0017011	0	0	0	0	0	0	0	1	1	2
OG0017012	0	0	0	0	0	0	0	1	1	2
OG0017013	0	0	0	0	0	0	0	1	1	2
OG0017014	0	0	0	0	0	0	0	1	1	2
OG0017015	0	0	0	0	0	0	0	1	1	2
OG0017016	0	0	0	0	0	0	0	1	1	2
OG0017017	0	0	0	0	0	0	0	1	1	2
OG0017018	0	0	0	0	0	0	0	1	1	2
OG0017019	0	0	0	0	0	0	0	1	1	2
OG0017020	0	0	0	0	0	0	0	1	1	2
OG0017021	0	0	0	0	0	0	0	1	1	2
OG0017022	0	0	0	0	0	0	0	1	1	2
OG0017023	0	0	0	0	0	0	0	1	1	2
OG0017024	0	0	0	0	0	0	0	1	1	2
OG0017025	0	0	0	0	0	0	0	1	1	2
OG0017026	0	0	0	0	0	0	0	1	1	2
OG0017027	0	0	0	0	0	0	0	1	1	2
OG0017028	0	0	0	0	0	0	0	1	1	2
OG0017029	0	0	0	0	0	0	0	1	1	2
OG0017030	0	0	0	0	0	0	0	1	1	2
OG0017031	0	0	0	0	0	0	0	1	1	2
OG0017032	0	0	0	0	0	0	0	1	1	2
OG0017033	0	0	0	0	0	0	0	1	1	2
OG0017034	0	0	0	0	0	0	0	1	1	2
OG0017035	0	0	0	0	0	0	0	1	1	2
OG0017036	0	0	0	0	0	0	0	1	1	2
OG0017037	0	0	0	0	0	0	0	1	1	2
OG0017038	0	0	0	0	0	0	0	1	1	2
OG0017039	0	0	0	0	0	0	0	1	1	2
OG0017040	0	0	0	0	0	0	0	1	1	2
OG0017041	0	0	0	0	0	0	0	1	1	2
OG0017042	0	0	0	0	0	0	0	1	1	2
OG0017043	0	0	0	0	0	0	0	1	1	2
OG0017044	0	0	0	0	0	0	0	1	1	2
OG0017045	0	0	0	0	0	0	0	1	1	2
OG0017046	0	0	0	0	0	0	0	1	1	2
OG0017047	0	0	0	0	0	0	0	1	1	2
OG0017048	0	0	0	0	0	0	0	1	1	2
OG0017049	0	0	0	0	0	0	0	1	1	2
OG0017050	0	0	0	0	0	0	0	1	1	2
OG0017051	0	0	0	0	0	0	0	1	1	2
OG0017052	0	0	0	0	0	0	0	2	0	2
OG0017053	0	0	0	0	0	0	0	1	1	2
OG0017054	0	0	0	0	0	0	0	1	1	2
OG0017055	0	0	0	0	0	0	0	1	1	2
OG0017056	0	0	0	0	0	0	0	1	1	2
OG0017057	0	0	0	0	0	0	0	1	1	2
OG0017058	0	0	0	0	0	0	0	1	1	2
OG0017059	0	0	0	0	0	0	0	1	1	2
OG0017060	0	0	0	0	0	0	0	1	1	2
OG0017061	0	0	0	0	0	0	0	1	1	2
OG0017062	0	0	0	0	0	0	0	1	1	2
OG0017063	0	0	0	0	0	0	0	2	0	2
OG0017064	0	0	0	0	0	0	0	1	1	2
OG0017065	0	0	0	0	0	0	0	1	1	2
OG0017066	0	0	0	0	0	0	0	1	1	2
OG0017067	0	0	0	0	0	0	0	2	0	2
OG0017068	0	0	0	0	0	0	0	1	1	2
OG0017069	0	0	0	0	0	0	0	1	1	2
OG0017070	0	0	0	0	0	0	0	1	1	2
OG0017071	0	0	0	0	0	0	0	1	1	2
OG0017072	0	0	0	0	0	0	0	1	1	2
OG0017073	0	0	0	0	0	0	0	1	1	2
OG0017074	0	0	0	0	0	0	0	1	1	2
OG0017075	0	0	0	0	0	0	0	1	1	2
OG0017076	0	0	0	0	0	0	0	1	1	2
OG0017077	0	0	0	0	0	0	0	2	0	2
OG0017078	0	0	0	0	0	0	0	1	1	2
OG0017079	0	0	0	0	0	0	0	1	1	2
OG0017080	0	0	0	0	0	0	0	1	1	2
OG0017081	0	0	0	0	0	0	0	1	1	2
OG0017082	0	0	0	0	0	0	0	1	1	2
OG0017083	0	0	0	0	0	0	0	1	1	2
OG0017084	0	0	0	0	0	0	0	1	1	2
OG0017085	0	0	0	0	0	0	0	1	1	2
OG0017086	0	0	0	0	0	0	0	1	1	2
OG0017087	0	0	0	0	0	0	0	1	1	2
OG0017088	0	0	0	0	0	0	0	1	1	2
OG0017089	0	0	0	0	0	0	0	1	1	2
OG0017090	0	0	0	0	0	0	0	1	1	2
OG0017091	0	0	0	0	0	0	0	1	1	2
OG0017092	0	0	0	0	0	0	0	1	1	2
OG0017093	0	0	0	0	0	0	0	1	1	2
OG0017094	0	0	0	0	0	0	0	2	0	2
OG0017095	0	0	0	0	0	0	0	1	1	2
OG0017096	0	0	0	0	0	0	0	1	1	2
OG0017097	0	0	0	0	0	0	0	1	1	2
OG0017098	0	0	0	0	0	0	0	1	1	2
OG0017099	0	0	0	0	0	0	0	1	1	2
OG0017100	0	0	0	0	0	0	0	1	1	2
OG0017101	0	0	0	0	0	0	0	2	0	2
OG0017102	0	0	0	0	0	0	0	2	0	2
OG0017103	0	0	0	0	0	0	0	1	1	2
OG0017104	0	0	0	0	0	0	0	1	1	2
OG0017105	0	0	0	0	0	0	0	1	1	2
OG0017106	0	0	0	0	0	0	0	1	1	2
OG0017107	0	0	0	0	0	0	0	1	1	2
OG0017108	0	0	0	0	0	0	0	1	1	2
OG0017109	0	0	0	0	0	0	0	1	1	2
OG0017110	0	0	0	0	0	0	0	1	1	2
OG0017111	0	0	0	0	0	0	0	1	1	2
OG0017112	0	0	0	0	0	0	0	1	1	2
OG0017113	0	0	0	0	0	0	0	1	1	2
OG0017114	0	0	0	0	0	0	0	1	1	2
OG0017115	0	0	0	0	0	0	0	1	1	2
OG0017116	0	0	0	0	0	0	0	1	1	2
OG0017117	0	0	0	0	0	0	0	1	1	2
OG0017118	0	0	0	0	0	0	0	1	1	2
OG0017119	0	0	0	0	0	0	0	1	1	2
OG0017120	0	0	0	0	0	0	0	1	1	2
OG0017121	0	0	0	0	0	0	0	1	1	2
OG0017122	0	0	0	0	0	0	0	1	1	2
OG0017123	0	0	0	0	0	0	0	1	1	2
OG0017124	0	0	0	0	0	0	0	1	1	2
OG0017125	0	0	0	0	0	0	0	1	1	2
OG0017126	0	0	0	0	0	0	0	1	1	2
OG0017127	0	0	0	0	0	0	0	1	1	2
OG0017128	0	0	0	0	0	0	0	1	1	2
OG0017129	0	0	0	0	0	0	0	1	1	2
OG0017130	0	0	0	0	0	0	0	1	1	2
OG0017131	0	0	0	0	0	0	0	1	1	2
OG0017132	0	0	0	0	0	0	0	1	1	2
OG0017133	0	0	0	0	0	0	0	1	1	2
OG0017134	0	0	0	0	0	0	0	1	1	2
OG0017135	0	0	0	0	0	0	0	1	1	2
OG0017136	0	0	0	0	0	0	0	1	1	2
OG0017137	0	0	0	0	0	0	0	1	1	2
OG0017138	0	0	0	0	0	0	0	1	1	2
OG0017139	0	0	0	0	0	0	0	1	1	2
OG0017140	0	0	0	0	0	0	0	1	1	2
OG0017141	0	0	0	0	0	0	0	1	1	2
OG0017142	0	0	0	0	0	0	0	1	1	2
OG0017143	0	0	0	0	0	0	0	1	1	2
OG0017144	0	0	0	0	0	0	0	1	1	2
OG0017145	0	0	0	0	0	0	0	1	1	2
OG0017146	0	0	0	0	0	0	0	1	1	2
OG0017147	0	0	0	0	0	0	0	1	1	2
OG0017148	0	0	0	0	0	0	0	1	1	2
OG0017149	0	0	0	0	0	0	0	1	1	2
OG0017150	0	0	0	0	0	0	0	1	1	2
OG0017151	0	0	0	0	0	0	0	1	1	2
OG0017152	0	0	0	0	0	0	0	1	1	2
OG0017153	0	0	0	0	0	0	0	1	1	2
OG0017154	0	0	0	0	0	0	0	1	1	2
OG0017155	0	0	0	0	0	0	0	1	1	2
OG0017156	0	0	0	0	0	0	0	1	1	2
OG0017157	0	0	0	0	0	0	0	1	1	2
OG0017158	0	0	0	0	0	0	0	1	1	2
OG0017159	0	0	0	0	0	0	0	1	1	2
OG0017160	0	0	0	0	0	0	0	1	1	2
OG0017161	0	0	0	0	0	0	0	1	1	2
OG0017162	0	0	0	0	0	0	0	1	1	2
OG0017163	0	0	0	0	0	0	0	1	1	2
OG0017164	0	0	0	0	0	0	0	1	1	2
OG0017165	0	0	0	0	0	0	0	1	1	2
OG0017166	0	0	0	0	0	0	0	1	1	2
OG0017167	0	0	0	0	0	0	0	1	1	2
OG0017168	0	0	0	0	0	0	0	1	1	2
OG0017169	0	0	0	0	0	0	0	1	1	2
OG0017170	0	0	0	0	0	0	0	1	1	2
OG0017171	0	0	0	0	0	0	0	1	1	2
OG0017172	0	0	0	0	0	0	0	1	1	2
OG0017173	0	0	0	0	0	0	0	1	1	2
OG0017174	0	0	0	0	0	0	0	1	1	2
OG0017175	0	0	0	0	0	0	0	1	1	2
OG0017176	0	0	0	0	0	0	0	1	1	2
OG0017177	0	0	0	0	0	0	0	1	1	2
OG0017178	0	0	0	0	0	0	0	1	1	2
OG0017179	0	0	0	0	0	0	0	1	1	2
OG0017180	0	0	0	0	0	0	0	1	1	2
OG0017181	0	0	0	0	0	0	0	1	1	2
OG0017182	0	0	0	0	0	0	0	1	1	2
OG0017183	0	0	0	0	0	0	0	1	1	2
OG0017184	0	0	0	0	0	0	0	1	1	2
OG0017185	0	0	0	0	0	0	0	1	1	2
OG0017186	0	0	0	0	0	0	0	1	1	2
OG0017187	0	0	0	0	0	0	0	1	1	2
OG0017188	0	0	0	0	0	0	0	1	1	2
OG0017189	0	0	0	0	0	0	0	1	1	2
OG0017190	0	0	0	0	0	0	0	1	1	2
OG0017191	0	0	0	0	0	0	0	1	1	2
OG0017192	0	0	0	0	0	0	0	1	1	2
OG0017193	0	0	0	0	0	0	0	1	1	2
OG0017194	0	0	0	0	0	0	0	1	1	2
OG0017195	0	0	0	0	0	0	0	1	1	2
OG0017196	0	0	0	0	0	0	0	1	1	2
OG0017197	0	0	0	0	0	0	0	1	1	2
OG0017198	0	0	0	0	0	0	0	1	1	2
OG0017199	0	0	0	0	0	0	0	1	1	2
OG0017200	0	0	0	0	0	0	0	1	1	2
OG0017201	0	0	0	0	0	0	0	2	0	2
OG0017202	0	0	0	0	0	0	0	1	1	2
OG0017203	0	0	0	0	0	0	0	1	1	2
OG0017204	0	0	0	0	0	0	0	1	1	2
OG0017205	0	0	0	0	0	0	0	2	0	2
OG0017206	0	0	0	0	0	0	0	1	1	2
OG0017207	0	0	0	0	0	0	0	1	1	2
OG0017208	0	0	0	0	0	0	0	2	0	2
OG0017209	0	0	0	0	0	0	0	1	1	2
OG0017210	0	0	0	0	0	0	0	1	1	2
OG0017211	0	0	0	0	0	0	0	2	0	2
OG0017212	0	0	0	0	0	0	0	1	1	2
OG0017213	0	0	0	0	0	0	0	2	0	2
OG0017214	0	0	0	0	0	0	0	1	1	2
OG0017215	0	0	0	0	0	0	0	1	1	2
OG0017216	0	0	0	0	0	0	0	1	1	2
OG0017217	0	0	0	0	0	0	0	1	1	2
OG0017218	0	0	0	0	0	0	0	2	0	2
OG0017219	0	0	0	0	0	0	0	2	0	2
OG0017220	0	0	0	0	0	0	0	2	0	2
OG0017221	0	0	0	0	0	0	0	1	1	2
OG0017222	0	0	0	0	0	0	0	2	0	2
OG0017223	0	0	0	0	0	0	0	2	0	2
OG0017224	0	0	0	0	0	0	0	1	1	2
OG0017225	0	0	0	0	0	0	0	1	1	2
OG0017226	0	0	0	0	0	0	0	2	0	2
OG0017227	0	0	0	0	0	0	0	2	0	2
OG0017228	0	0	0	0	0	0	0	2	0	2
OG0017229	0	0	0	0	0	0	0	2	0	2
OG0017230	0	0	0	0	0	0	0	2	0	2
OG0017231	0	0	0	0	0	0	0	1	1	2
OG0017232	0	0	0	0	0	0	0	1	1	2
OG0017233	0	0	0	0	0	0	0	1	1	2
OG0017234	0	0	0	0	0	0	0	1	1	2
OG0017235	0	0	0	0	0	0	0	1	1	2
OG0017236	0	0	0	0	0	0	0	0	2	2
OG0017237	0	0	0	0	0	0	0	0	2	2
OG0017238	0	0	0	0	0	0	0	0	2	2
OG0017239	0	0	0	0	0	0	0	0	2	2
