"ID","Description","GeneRatio","BgRatio","RichFactor","FoldEnrichment","zScore","pvalue","p.adjust","qvalue","geneID","Count","term","Ont"
"GO:0140110","GO:0140110","53/304","437/9332",0.121281464530892,3.72302179934963,10.6985266224049,2.9493791465726e-17,1.22458222165694e-13,8.8605558782297e-14,"Hhon-g00684.t1/Hhon-g00902.t1/Hhon-g00903.t1/Hhon-g00914.t1/Hhon-g04657.t1/Hhon-g08629.t1/Hhon-g09437.t1/Hhon-g01603.t1/Hhon-g09981.t1/Hhon-g11170.t1/Hhon-g03181.t1/Hhon-g03907.t1/Hhon-g09380.t1/Hhon-g09266.t1/Hhon-g04801.t1/Hhon-g00241.t1/Hhon-g05242.t1/Hhon-g07787.t1/Hhon-g08174.t1/Hhon-g08561.t1/Hhon-g04244.t1/Hhon-g04246.t1/Hhon-g04829.t1/Hhon-g05189.t1/Hhon-g06747.t1/Hhon-g10567.t1/Hhon-g05246.t1/Hhon-g11664.t1/Hhon-g04500.t1/Hhon-g04501.t1/Hhon-g09473.t1/Hhon-g00226.t1/Hhon-g03531.t1/Hhon-g06894.t1/Hhon-g08741.t1/Hhon-g07460.t1/Hhon-g04016.t1/Hhon-g04000.t1/Hhon-g04001.t1/Hhon-g06017.t1/Hhon-g06018.t1/Hhon-g09672.t1/Hhon-g03869.t1/Hhon-g04459.t1/Hhon-g00976.t1/Hhon-g06160.t1/Hhon-g00092.t1/Hhon-g02469.t1/Hhon-g06564.t1/Hhon-g10909.t1/Hhon-g03354.t1/Hhon-g02746.t1/Hhon-g03688.t1",53,"transcription regulator activity","MF"
"GO:0000977","GO:0000977","32/304","167/9332",0.191616766467066,5.88213047589032,11.6817119759896,2.15329080064048e-16,3.15145635637327e-13,2.28025972038569e-13,"Hhon-g00684.t1/Hhon-g00902.t1/Hhon-g00903.t1/Hhon-g00914.t1/Hhon-g09437.t1/Hhon-g01603.t1/Hhon-g09981.t1/Hhon-g11170.t1/Hhon-g03907.t1/Hhon-g05322.t1/Hhon-g09266.t1/Hhon-g00241.t1/Hhon-g05242.t1/Hhon-g07787.t1/Hhon-g04244.t1/Hhon-g04246.t1/Hhon-g04829.t1/Hhon-g05189.t1/Hhon-g06747.t1/Hhon-g10567.t1/Hhon-g04500.t1/Hhon-g04501.t1/Hhon-g09473.t1/Hhon-g00226.t1/Hhon-g04000.t1/Hhon-g04001.t1/Hhon-g06017.t1/Hhon-g06018.t1/Hhon-g09672.t1/Hhon-g08814.t1/Hhon-g08787.t1/Hhon-g00092.t1",32,"RNA polymerase II transcription regulatory region sequence-specific DNA binding","MF"
"GO:0000981","GO:0000981","38/304","240/9332",0.158333333333333,4.86041666666667,11.1177063929324,2.27706384131016e-16,3.15145635637327e-13,2.28025972038569e-13,"Hhon-g00684.t1/Hhon-g00902.t1/Hhon-g00903.t1/Hhon-g00914.t1/Hhon-g04657.t1/Hhon-g09437.t1/Hhon-g01603.t1/Hhon-g09981.t1/Hhon-g11170.t1/Hhon-g03907.t1/Hhon-g09380.t1/Hhon-g09266.t1/Hhon-g00241.t1/Hhon-g05242.t1/Hhon-g07787.t1/Hhon-g08174.t1/Hhon-g08561.t1/Hhon-g04244.t1/Hhon-g04246.t1/Hhon-g04829.t1/Hhon-g05189.t1/Hhon-g06747.t1/Hhon-g10567.t1/Hhon-g11664.t1/Hhon-g04500.t1/Hhon-g04501.t1/Hhon-g09473.t1/Hhon-g07460.t1/Hhon-g04000.t1/Hhon-g04001.t1/Hhon-g06017.t1/Hhon-g06018.t1/Hhon-g09672.t1/Hhon-g00976.t1/Hhon-g06160.t1/Hhon-g00092.t1/Hhon-g02746.t1/Hhon-g03688.t1",38,"DNA-binding transcription factor activity, RNA polymerase II-specific","MF"
"GO:0001012","GO:0001012","32/304","169/9332",0.189349112426035,5.81251946434133,11.585162221143,3.09594716062176e-16,3.21359315272539e-13,2.32521926221435e-13,"Hhon-g00684.t1/Hhon-g00902.t1/Hhon-g00903.t1/Hhon-g00914.t1/Hhon-g09437.t1/Hhon-g01603.t1/Hhon-g09981.t1/Hhon-g11170.t1/Hhon-g03907.t1/Hhon-g05322.t1/Hhon-g09266.t1/Hhon-g00241.t1/Hhon-g05242.t1/Hhon-g07787.t1/Hhon-g04244.t1/Hhon-g04246.t1/Hhon-g04829.t1/Hhon-g05189.t1/Hhon-g06747.t1/Hhon-g10567.t1/Hhon-g04500.t1/Hhon-g04501.t1/Hhon-g09473.t1/Hhon-g00226.t1/Hhon-g04000.t1/Hhon-g04001.t1/Hhon-g06017.t1/Hhon-g06018.t1/Hhon-g09672.t1/Hhon-g08814.t1/Hhon-g08787.t1/Hhon-g00092.t1",32,NA,NA
"GO:0000976","GO:0000976","33/304","185/9332",0.178378378378378,5.47574679943101,11.2828066478641,6.62161493852946e-16,5.13535583642657e-13,3.71572496632223e-13,"Hhon-g00684.t1/Hhon-g00902.t1/Hhon-g00903.t1/Hhon-g00914.t1/Hhon-g09437.t1/Hhon-g01603.t1/Hhon-g09981.t1/Hhon-g11170.t1/Hhon-g03907.t1/Hhon-g05322.t1/Hhon-g09266.t1/Hhon-g00241.t1/Hhon-g05242.t1/Hhon-g07787.t1/Hhon-g04244.t1/Hhon-g04246.t1/Hhon-g04829.t1/Hhon-g05189.t1/Hhon-g06747.t1/Hhon-g10567.t1/Hhon-g04500.t1/Hhon-g04501.t1/Hhon-g09473.t1/Hhon-g00226.t1/Hhon-g04016.t1/Hhon-g04000.t1/Hhon-g04001.t1/Hhon-g06017.t1/Hhon-g06018.t1/Hhon-g09672.t1/Hhon-g08814.t1/Hhon-g08787.t1/Hhon-g00092.t1",33,"transcription cis-regulatory region binding","MF"
"GO:1990837","GO:1990837","35/304","210/9332",0.166666666666667,5.11622807017544,11.0705489021328,7.42103444570313e-16,5.13535583642657e-13,3.71572496632223e-13,"Hhon-g00684.t1/Hhon-g00902.t1/Hhon-g00903.t1/Hhon-g00914.t1/Hhon-g09437.t1/Hhon-g01603.t1/Hhon-g09981.t1/Hhon-g11170.t1/Hhon-g03907.t1/Hhon-g05322.t1/Hhon-g09266.t1/Hhon-g00241.t1/Hhon-g05242.t1/Hhon-g07787.t1/Hhon-g04244.t1/Hhon-g04246.t1/Hhon-g04829.t1/Hhon-g05189.t1/Hhon-g06747.t1/Hhon-g10567.t1/Hhon-g11664.t1/Hhon-g04500.t1/Hhon-g04501.t1/Hhon-g09473.t1/Hhon-g09811.t1/Hhon-g00226.t1/Hhon-g04016.t1/Hhon-g04000.t1/Hhon-g04001.t1/Hhon-g06017.t1/Hhon-g06018.t1/Hhon-g09672.t1/Hhon-g08814.t1/Hhon-g08787.t1/Hhon-g00092.t1",35,"sequence-specific double-stranded DNA binding","MF"
"GO:0044212","GO:0044212","36/304","225/9332",0.16,4.91157894736842,10.8983512792382,1.06015099443561e-15,6.24290272542581e-13,4.517098767459e-13,"Hhon-g00684.t1/Hhon-g00902.t1/Hhon-g00903.t1/Hhon-g00914.t1/Hhon-g09437.t1/Hhon-g01603.t1/Hhon-g09981.t1/Hhon-g11170.t1/Hhon-g03907.t1/Hhon-g05322.t1/Hhon-g09266.t1/Hhon-g00241.t1/Hhon-g05242.t1/Hhon-g07787.t1/Hhon-g04244.t1/Hhon-g04246.t1/Hhon-g04829.t1/Hhon-g05189.t1/Hhon-g06747.t1/Hhon-g10567.t1/Hhon-g11664.t1/Hhon-g04500.t1/Hhon-g04501.t1/Hhon-g09473.t1/Hhon-g00226.t1/Hhon-g07460.t1/Hhon-g04016.t1/Hhon-g04000.t1/Hhon-g04001.t1/Hhon-g06017.t1/Hhon-g06018.t1/Hhon-g09672.t1/Hhon-g08814.t1/Hhon-g08787.t1/Hhon-g10239.t1/Hhon-g00092.t1",36,NA,NA
"GO:0003700","GO:0003700","41/304","293/9332",0.139931740614334,4.2955361954374,10.5173133709332,1.20287143071788e-15,6.24290272542581e-13,4.517098767459e-13,"Hhon-g00684.t1/Hhon-g00902.t1/Hhon-g00903.t1/Hhon-g00914.t1/Hhon-g04657.t1/Hhon-g08629.t1/Hhon-g09437.t1/Hhon-g01603.t1/Hhon-g09981.t1/Hhon-g11170.t1/Hhon-g03907.t1/Hhon-g09380.t1/Hhon-g09266.t1/Hhon-g00241.t1/Hhon-g05242.t1/Hhon-g07787.t1/Hhon-g08174.t1/Hhon-g08561.t1/Hhon-g04244.t1/Hhon-g04246.t1/Hhon-g04829.t1/Hhon-g05189.t1/Hhon-g06747.t1/Hhon-g10567.t1/Hhon-g11664.t1/Hhon-g04500.t1/Hhon-g04501.t1/Hhon-g09473.t1/Hhon-g00226.t1/Hhon-g07460.t1/Hhon-g04016.t1/Hhon-g04000.t1/Hhon-g04001.t1/Hhon-g06017.t1/Hhon-g06018.t1/Hhon-g09672.t1/Hhon-g00976.t1/Hhon-g06160.t1/Hhon-g00092.t1/Hhon-g02746.t1/Hhon-g03688.t1",41,"DNA-binding transcription factor activity","MF"
"GO:0001067","GO:0001067","36/304","228/9332",0.157894736842105,4.84695290858726,10.7912879280615,1.6319325956212e-15,7.52864904113248e-13,5.44741009111452e-13,"Hhon-g00684.t1/Hhon-g00902.t1/Hhon-g00903.t1/Hhon-g00914.t1/Hhon-g09437.t1/Hhon-g01603.t1/Hhon-g09981.t1/Hhon-g11170.t1/Hhon-g03907.t1/Hhon-g05322.t1/Hhon-g09266.t1/Hhon-g00241.t1/Hhon-g05242.t1/Hhon-g07787.t1/Hhon-g04244.t1/Hhon-g04246.t1/Hhon-g04829.t1/Hhon-g05189.t1/Hhon-g06747.t1/Hhon-g10567.t1/Hhon-g11664.t1/Hhon-g04500.t1/Hhon-g04501.t1/Hhon-g09473.t1/Hhon-g00226.t1/Hhon-g07460.t1/Hhon-g04016.t1/Hhon-g04000.t1/Hhon-g04001.t1/Hhon-g06017.t1/Hhon-g06018.t1/Hhon-g09672.t1/Hhon-g08814.t1/Hhon-g08787.t1/Hhon-g10239.t1/Hhon-g00092.t1",36,"transcription regulatory region nucleic acid binding","MF"
"GO:0000978","GO:0000978","26/304","119/9332",0.218487394957983,6.70698805838125,11.497012941977,5.8585013062598e-15,2.43244974235907e-12,1.76001712927005e-12,"Hhon-g00684.t1/Hhon-g00902.t1/Hhon-g00903.t1/Hhon-g00914.t1/Hhon-g09437.t1/Hhon-g01603.t1/Hhon-g09981.t1/Hhon-g11170.t1/Hhon-g03907.t1/Hhon-g00241.t1/Hhon-g07787.t1/Hhon-g04244.t1/Hhon-g04246.t1/Hhon-g04829.t1/Hhon-g05189.t1/Hhon-g10567.t1/Hhon-g09473.t1/Hhon-g00226.t1/Hhon-g04000.t1/Hhon-g04001.t1/Hhon-g06017.t1/Hhon-g06018.t1/Hhon-g09672.t1/Hhon-g08814.t1/Hhon-g08787.t1/Hhon-g00092.t1",26,"RNA polymerase II cis-regulatory region sequence-specific DNA binding","MF"
"GO:0000987","GO:0000987","26/304","124/9332",0.209677419354839,6.43654499151104,11.1829474752644,1.67718140152587e-14,6.33059743557764e-12,4.58055092818644e-12,"Hhon-g00684.t1/Hhon-g00902.t1/Hhon-g00903.t1/Hhon-g00914.t1/Hhon-g09437.t1/Hhon-g01603.t1/Hhon-g09981.t1/Hhon-g11170.t1/Hhon-g03907.t1/Hhon-g00241.t1/Hhon-g07787.t1/Hhon-g04244.t1/Hhon-g04246.t1/Hhon-g04829.t1/Hhon-g05189.t1/Hhon-g10567.t1/Hhon-g09473.t1/Hhon-g00226.t1/Hhon-g04000.t1/Hhon-g04001.t1/Hhon-g06017.t1/Hhon-g06018.t1/Hhon-g09672.t1/Hhon-g08814.t1/Hhon-g08787.t1/Hhon-g00092.t1",26,"cis-regulatory region sequence-specific DNA binding","MF"
"GO:0045944","GO:0045944","48/304","431/9332",0.111368909512761,3.4187324459641,9.43435418116715,3.24895786940201e-14,1.12413942281309e-11,8.13379452567836e-12,"Hhon-g00684.t1/Hhon-g00902.t1/Hhon-g00903.t1/Hhon-g00914.t1/Hhon-g09437.t1/Hhon-g01603.t1/Hhon-g09981.t1/Hhon-g11170.t1/Hhon-g09317.t1/Hhon-g03907.t1/Hhon-g05322.t1/Hhon-g09266.t1/Hhon-g06571.t1/Hhon-g00241.t1/Hhon-g05242.t1/Hhon-g07787.t1/Hhon-g08174.t1/Hhon-g04244.t1/Hhon-g04246.t1/Hhon-g04829.t1/Hhon-g05189.t1/Hhon-g10567.t1/Hhon-g05246.t1/Hhon-g08105.t1/Hhon-g11664.t1/Hhon-g04500.t1/Hhon-g09473.t1/Hhon-g00226.t1/Hhon-g03531.t1/Hhon-g06894.t1/Hhon-g07460.t1/Hhon-g04016.t1/Hhon-g04000.t1/Hhon-g04001.t1/Hhon-g06017.t1/Hhon-g06018.t1/Hhon-g09672.t1/Hhon-g04459.t1/Hhon-g00976.t1/Hhon-g08787.t1/Hhon-g10239.t1/Hhon-g09428.t1/Hhon-g06160.t1/Hhon-g00092.t1/Hhon-g02469.t1/Hhon-g06564.t1/Hhon-g10909.t1/Hhon-g02746.t1",48,"positive regulation of transcription by RNA polymerase II","BP"
"GO:0043565","GO:0043565","36/304","254/9332",0.141732283464567,4.35080812266888,9.93519601691705,5.13909965185609e-14,1.64134936573127e-11,1.18761055922245e-11,"Hhon-g00684.t1/Hhon-g00902.t1/Hhon-g00903.t1/Hhon-g00914.t1/Hhon-g09437.t1/Hhon-g01603.t1/Hhon-g09981.t1/Hhon-g11170.t1/Hhon-g03907.t1/Hhon-g05322.t1/Hhon-g09266.t1/Hhon-g00241.t1/Hhon-g05242.t1/Hhon-g07787.t1/Hhon-g08561.t1/Hhon-g04244.t1/Hhon-g04246.t1/Hhon-g04829.t1/Hhon-g05189.t1/Hhon-g06747.t1/Hhon-g10567.t1/Hhon-g11664.t1/Hhon-g04500.t1/Hhon-g04501.t1/Hhon-g09473.t1/Hhon-g09811.t1/Hhon-g00226.t1/Hhon-g04016.t1/Hhon-g04000.t1/Hhon-g04001.t1/Hhon-g06017.t1/Hhon-g06018.t1/Hhon-g09672.t1/Hhon-g08814.t1/Hhon-g08787.t1/Hhon-g00092.t1",36,"sequence-specific DNA binding","MF"
"GO:0003682","GO:0003682","36/304","267/9332",0.134831460674157,4.13897102306328,9.54913744492659,2.42931231445964e-13,7.2046462354546e-11,5.21297544772017e-11,"Hhon-g00684.t1/Hhon-g00902.t1/Hhon-g00903.t1/Hhon-g00914.t1/Hhon-g09437.t1/Hhon-g01603.t1/Hhon-g11170.t1/Hhon-g09317.t1/Hhon-g03907.t1/Hhon-g09266.t1/Hhon-g04801.t1/Hhon-g05242.t1/Hhon-g07787.t1/Hhon-g08174.t1/Hhon-g08561.t1/Hhon-g05189.t1/Hhon-g10567.t1/Hhon-g03304.t1/Hhon-g05246.t1/Hhon-g04500.t1/Hhon-g09473.t1/Hhon-g09811.t1/Hhon-g00226.t1/Hhon-g03531.t1/Hhon-g07578.t1/Hhon-g08741.t1/Hhon-g04016.t1/Hhon-g04000.t1/Hhon-g04001.t1/Hhon-g06017.t1/Hhon-g06018.t1/Hhon-g09672.t1/Hhon-g04459.t1/Hhon-g08787.t1/Hhon-g00092.t1/Hhon-g03381.t1",36,"chromatin binding","MF"
"GO:0003690","GO:0003690","35/304","260/9332",0.134615384615385,4.13233805668016,9.3995895886366,5.62865892044187e-13,1.55801278917831e-10,1.12731175852218e-10,"Hhon-g00684.t1/Hhon-g00902.t1/Hhon-g00903.t1/Hhon-g00914.t1/Hhon-g09437.t1/Hhon-g01603.t1/Hhon-g09981.t1/Hhon-g11170.t1/Hhon-g03907.t1/Hhon-g05322.t1/Hhon-g09266.t1/Hhon-g00241.t1/Hhon-g05242.t1/Hhon-g07787.t1/Hhon-g04244.t1/Hhon-g04246.t1/Hhon-g04829.t1/Hhon-g05189.t1/Hhon-g06747.t1/Hhon-g10567.t1/Hhon-g11664.t1/Hhon-g04500.t1/Hhon-g04501.t1/Hhon-g09473.t1/Hhon-g09811.t1/Hhon-g00226.t1/Hhon-g04016.t1/Hhon-g04000.t1/Hhon-g04001.t1/Hhon-g06017.t1/Hhon-g06018.t1/Hhon-g09672.t1/Hhon-g08814.t1/Hhon-g08787.t1/Hhon-g00092.t1",35,"double-stranded DNA binding","MF"
"GO:0008134","GO:0008134","37/304","305/9332",0.121311475409836,3.7239430543572,8.87526509628724,2.9470906815757e-12,7.64770031868895e-10,5.53355052974807e-10,"Hhon-g00684.t1/Hhon-g04657.t1/Hhon-g07437.t1/Hhon-g08170.t1/Hhon-g01603.t1/Hhon-g09981.t1/Hhon-g03907.t1/Hhon-g04801.t1/Hhon-g07787.t1/Hhon-g10567.t1/Hhon-g03304.t1/Hhon-g05246.t1/Hhon-g11664.t1/Hhon-g04500.t1/Hhon-g00226.t1/Hhon-g03531.t1/Hhon-g06894.t1/Hhon-g07578.t1/Hhon-g04016.t1/Hhon-g04000.t1/Hhon-g04001.t1/Hhon-g06017.t1/Hhon-g06018.t1/Hhon-g04459.t1/Hhon-g07501.t1/Hhon-g08813.t1/Hhon-g08787.t1/Hhon-g10239.t1/Hhon-g09428.t1/Hhon-g06160.t1/Hhon-g00092.t1/Hhon-g08466.t1/Hhon-g02469.t1/Hhon-g06564.t1/Hhon-g08386.t1/Hhon-g02746.t1/Hhon-g06163.t1",37,"transcription factor binding","MF"
"GO:0005667","GO:0005667","26/304","161/9332",0.161490683229814,4.9573389996731,9.29422020084635,9.98501656528018e-12,2.43869345759078e-09,1.76453481593249e-09,"Hhon-g00684.t1/Hhon-g09437.t1/Hhon-g01603.t1/Hhon-g09981.t1/Hhon-g11170.t1/Hhon-g09266.t1/Hhon-g00241.t1/Hhon-g07787.t1/Hhon-g08561.t1/Hhon-g04244.t1/Hhon-g04246.t1/Hhon-g10567.t1/Hhon-g03304.t1/Hhon-g09473.t1/Hhon-g00226.t1/Hhon-g04016.t1/Hhon-g04000.t1/Hhon-g04001.t1/Hhon-g06017.t1/Hhon-g06018.t1/Hhon-g09672.t1/Hhon-g06160.t1/Hhon-g00092.t1/Hhon-g06564.t1/Hhon-g03354.t1/Hhon-g00422.t1",26,"transcription regulator complex","CC"
"GO:0043025","GO:0043025","36/304","318/9332",0.113207547169811,3.47517378351539,8.24072821178899,4.51222857369856e-11,1.04082072433313e-08,7.5309358768045e-09,"Hhon-g03542.t1/Hhon-g07625.t1/Hhon-g09060.t1/Hhon-g00684.t1/Hhon-g00902.t1/Hhon-g00903.t1/Hhon-g00914.t1/Hhon-g03364.t1/Hhon-g04801.t1/Hhon-g06571.t1/Hhon-g01259.t1/Hhon-g01323.t1/Hhon-g01363.t1/Hhon-g04482.t1/Hhon-g02425.t1/Hhon-g00226.t1/Hhon-g01523.t1/Hhon-g08502.t1/Hhon-g07281.t1/Hhon-g02931.t1/Hhon-g02357.t1/Hhon-g09899.t1/Hhon-g07409.t1/Hhon-g03264.t1/Hhon-g01922.t1/Hhon-g02290.t1/Hhon-g09076.t1/Hhon-g10981.t1/Hhon-g00665.t1/Hhon-g09428.t1/Hhon-g02772.t1/Hhon-g05897.t1/Hhon-g03110.t1/Hhon-g07993.t1/Hhon-g05823.t1/Hhon-g02237.t1",36,"neuronal cell body","CC"
"GO:1902679","GO:1902679","41/304","406/9332",0.100985221674877,3.09998055483536,7.93880181247588,6.97764982689944e-11,1.44856010406432e-08,1.04811645294584e-08,"Hhon-g00684.t1/Hhon-g01603.t1/Hhon-g09981.t1/Hhon-g11170.t1/Hhon-g03907.t1/Hhon-g09380.t1/Hhon-g05962.t1/Hhon-g09266.t1/Hhon-g07787.t1/Hhon-g08561.t1/Hhon-g04244.t1/Hhon-g04246.t1/Hhon-g10567.t1/Hhon-g03304.t1/Hhon-g05246.t1/Hhon-g11664.t1/Hhon-g04500.t1/Hhon-g04501.t1/Hhon-g09473.t1/Hhon-g00226.t1/Hhon-g03531.t1/Hhon-g06894.t1/Hhon-g07578.t1/Hhon-g08741.t1/Hhon-g07460.t1/Hhon-g04016.t1/Hhon-g09672.t1/Hhon-g03869.t1/Hhon-g04459.t1/Hhon-g00521.t1/Hhon-g00976.t1/Hhon-g08813.t1/Hhon-g08814.t1/Hhon-g06160.t1/Hhon-g00092.t1/Hhon-g10909.t1/Hhon-g11345.t1/Hhon-g02746.t1/Hhon-g07320.t1/Hhon-g06163.t1/Hhon-g10129.t1",41,"negative regulation of RNA biosynthetic process","BP"
"GO:1903507","GO:1903507","41/304","406/9332",0.100985221674877,3.09998055483536,7.93880181247588,6.97764982689944e-11,1.44856010406432e-08,1.04811645294584e-08,"Hhon-g00684.t1/Hhon-g01603.t1/Hhon-g09981.t1/Hhon-g11170.t1/Hhon-g03907.t1/Hhon-g09380.t1/Hhon-g05962.t1/Hhon-g09266.t1/Hhon-g07787.t1/Hhon-g08561.t1/Hhon-g04244.t1/Hhon-g04246.t1/Hhon-g10567.t1/Hhon-g03304.t1/Hhon-g05246.t1/Hhon-g11664.t1/Hhon-g04500.t1/Hhon-g04501.t1/Hhon-g09473.t1/Hhon-g00226.t1/Hhon-g03531.t1/Hhon-g06894.t1/Hhon-g07578.t1/Hhon-g08741.t1/Hhon-g07460.t1/Hhon-g04016.t1/Hhon-g09672.t1/Hhon-g03869.t1/Hhon-g04459.t1/Hhon-g00521.t1/Hhon-g00976.t1/Hhon-g08813.t1/Hhon-g08814.t1/Hhon-g06160.t1/Hhon-g00092.t1/Hhon-g10909.t1/Hhon-g11345.t1/Hhon-g02746.t1/Hhon-g07320.t1/Hhon-g06163.t1/Hhon-g10129.t1",41,NA,NA
"GO:0044297","GO:0044297","38/304","360/9332",0.105555555555556,3.24027777777778,7.95451307807092,1.0173257546096e-10,2.01139834911383e-08,1.45536225747158e-08,"Hhon-g03542.t1/Hhon-g07625.t1/Hhon-g09060.t1/Hhon-g00684.t1/Hhon-g00902.t1/Hhon-g00903.t1/Hhon-g00914.t1/Hhon-g03364.t1/Hhon-g09317.t1/Hhon-g04801.t1/Hhon-g06571.t1/Hhon-g01259.t1/Hhon-g01323.t1/Hhon-g01363.t1/Hhon-g04482.t1/Hhon-g02425.t1/Hhon-g00226.t1/Hhon-g01523.t1/Hhon-g08502.t1/Hhon-g07281.t1/Hhon-g02931.t1/Hhon-g02357.t1/Hhon-g09899.t1/Hhon-g07409.t1/Hhon-g03264.t1/Hhon-g03869.t1/Hhon-g01922.t1/Hhon-g02290.t1/Hhon-g09076.t1/Hhon-g10981.t1/Hhon-g00665.t1/Hhon-g09428.t1/Hhon-g02772.t1/Hhon-g05897.t1/Hhon-g03110.t1/Hhon-g07993.t1/Hhon-g05823.t1/Hhon-g02237.t1",38,"cell body","CC"
"GO:0045892","GO:0045892","40/304","395/9332",0.10126582278481,3.10859427048634,7.85779695127336,1.12246326618619e-10,2.11839430963867e-08,1.53277998167244e-08,"Hhon-g00684.t1/Hhon-g01603.t1/Hhon-g09981.t1/Hhon-g11170.t1/Hhon-g03907.t1/Hhon-g09380.t1/Hhon-g05962.t1/Hhon-g09266.t1/Hhon-g07787.t1/Hhon-g08561.t1/Hhon-g04244.t1/Hhon-g04246.t1/Hhon-g10567.t1/Hhon-g03304.t1/Hhon-g05246.t1/Hhon-g11664.t1/Hhon-g04500.t1/Hhon-g04501.t1/Hhon-g09473.t1/Hhon-g00226.t1/Hhon-g03531.t1/Hhon-g06894.t1/Hhon-g07578.t1/Hhon-g08741.t1/Hhon-g07460.t1/Hhon-g04016.t1/Hhon-g09672.t1/Hhon-g04459.t1/Hhon-g00521.t1/Hhon-g00976.t1/Hhon-g08813.t1/Hhon-g08814.t1/Hhon-g06160.t1/Hhon-g00092.t1/Hhon-g10909.t1/Hhon-g11345.t1/Hhon-g02746.t1/Hhon-g07320.t1/Hhon-g06163.t1/Hhon-g10129.t1",40,"negative regulation of DNA-templated transcription","BP"
"GO:0051253","GO:0051253","43/304","450/9332",0.0955555555555556,2.93330409356725,7.71358295212439,1.37053917666261e-10,2.47412115717529e-08,1.7901687918513e-08,"Hhon-g00684.t1/Hhon-g01603.t1/Hhon-g09981.t1/Hhon-g11170.t1/Hhon-g03907.t1/Hhon-g09380.t1/Hhon-g05962.t1/Hhon-g09266.t1/Hhon-g06571.t1/Hhon-g07787.t1/Hhon-g08561.t1/Hhon-g04244.t1/Hhon-g04246.t1/Hhon-g10567.t1/Hhon-g03304.t1/Hhon-g05246.t1/Hhon-g11664.t1/Hhon-g04500.t1/Hhon-g04501.t1/Hhon-g09473.t1/Hhon-g00226.t1/Hhon-g03531.t1/Hhon-g06894.t1/Hhon-g07578.t1/Hhon-g08741.t1/Hhon-g07460.t1/Hhon-g04016.t1/Hhon-g09672.t1/Hhon-g03869.t1/Hhon-g04459.t1/Hhon-g00521.t1/Hhon-g00976.t1/Hhon-g08813.t1/Hhon-g08814.t1/Hhon-g08787.t1/Hhon-g06160.t1/Hhon-g00092.t1/Hhon-g10909.t1/Hhon-g11345.t1/Hhon-g02746.t1/Hhon-g07320.t1/Hhon-g06163.t1/Hhon-g10129.t1",43,"negative regulation of RNA metabolic process","BP"
"GO:0006351","GO:0006351","37/304","358/9332",0.103351955307263,3.17263304910321,7.69201236285743,3.3655825964441e-10,5.58955957617437e-08,4.04436746536904e-08,"Hhon-g00684.t1/Hhon-g09437.t1/Hhon-g01603.t1/Hhon-g09981.t1/Hhon-g11170.t1/Hhon-g03907.t1/Hhon-g09380.t1/Hhon-g09266.t1/Hhon-g00241.t1/Hhon-g07787.t1/Hhon-g04244.t1/Hhon-g04246.t1/Hhon-g04829.t1/Hhon-g05189.t1/Hhon-g10567.t1/Hhon-g09473.t1/Hhon-g07460.t1/Hhon-g04000.t1/Hhon-g04001.t1/Hhon-g06017.t1/Hhon-g06018.t1/Hhon-g09672.t1/Hhon-g04459.t1/Hhon-g00521.t1/Hhon-g07626.t1/Hhon-g01922.t1/Hhon-g00976.t1/Hhon-g08787.t1/Hhon-g10239.t1/Hhon-g06160.t1/Hhon-g00092.t1/Hhon-g06564.t1/Hhon-g02712.t1/Hhon-g03354.t1/Hhon-g02746.t1/Hhon-g03381.t1/Hhon-g00082.t1",37,"DNA-templated transcription","BP"
"GO:0097659","GO:0097659","37/304","358/9332",0.103351955307263,3.17263304910321,7.69201236285743,3.3655825964441e-10,5.58955957617437e-08,4.04436746536904e-08,"Hhon-g00684.t1/Hhon-g09437.t1/Hhon-g01603.t1/Hhon-g09981.t1/Hhon-g11170.t1/Hhon-g03907.t1/Hhon-g09380.t1/Hhon-g09266.t1/Hhon-g00241.t1/Hhon-g07787.t1/Hhon-g04244.t1/Hhon-g04246.t1/Hhon-g04829.t1/Hhon-g05189.t1/Hhon-g10567.t1/Hhon-g09473.t1/Hhon-g07460.t1/Hhon-g04000.t1/Hhon-g04001.t1/Hhon-g06017.t1/Hhon-g06018.t1/Hhon-g09672.t1/Hhon-g04459.t1/Hhon-g00521.t1/Hhon-g07626.t1/Hhon-g01922.t1/Hhon-g00976.t1/Hhon-g08787.t1/Hhon-g10239.t1/Hhon-g06160.t1/Hhon-g00092.t1/Hhon-g06564.t1/Hhon-g02712.t1/Hhon-g03354.t1/Hhon-g02746.t1/Hhon-g03381.t1/Hhon-g00082.t1",37,NA,NA
"GO:0006366","GO:0006366","33/304","293/9332",0.112627986348123,3.45738279144961,7.84244607168819,3.54930180281331e-10,5.66796195587725e-08,4.1010960911859e-08,"Hhon-g00684.t1/Hhon-g09437.t1/Hhon-g01603.t1/Hhon-g09981.t1/Hhon-g11170.t1/Hhon-g03907.t1/Hhon-g09380.t1/Hhon-g09266.t1/Hhon-g00241.t1/Hhon-g07787.t1/Hhon-g04829.t1/Hhon-g05189.t1/Hhon-g10567.t1/Hhon-g09473.t1/Hhon-g07460.t1/Hhon-g04000.t1/Hhon-g04001.t1/Hhon-g06017.t1/Hhon-g06018.t1/Hhon-g09672.t1/Hhon-g04459.t1/Hhon-g07626.t1/Hhon-g01922.t1/Hhon-g00976.t1/Hhon-g08787.t1/Hhon-g10239.t1/Hhon-g06160.t1/Hhon-g00092.t1/Hhon-g06564.t1/Hhon-g02712.t1/Hhon-g03354.t1/Hhon-g02746.t1/Hhon-g00082.t1",33,"transcription by RNA polymerase II","BP"
"GO:0036477","GO:0036477","40/304","411/9332",0.097323600973236,2.98757843513894,7.56211937212127,3.75258149756032e-10,5.77063643624831e-08,4.17538697623281e-08,"Hhon-g03542.t1/Hhon-g07625.t1/Hhon-g09060.t1/Hhon-g00684.t1/Hhon-g00902.t1/Hhon-g00903.t1/Hhon-g00914.t1/Hhon-g03364.t1/Hhon-g03404.t1/Hhon-g01603.t1/Hhon-g09317.t1/Hhon-g04801.t1/Hhon-g06571.t1/Hhon-g01259.t1/Hhon-g01323.t1/Hhon-g01363.t1/Hhon-g04482.t1/Hhon-g02425.t1/Hhon-g00226.t1/Hhon-g01523.t1/Hhon-g08502.t1/Hhon-g07281.t1/Hhon-g02931.t1/Hhon-g02357.t1/Hhon-g09899.t1/Hhon-g07409.t1/Hhon-g03264.t1/Hhon-g01922.t1/Hhon-g02290.t1/Hhon-g09076.t1/Hhon-g10981.t1/Hhon-g00665.t1/Hhon-g09428.t1/Hhon-g02772.t1/Hhon-g05897.t1/Hhon-g08386.t1/Hhon-g03110.t1/Hhon-g07993.t1/Hhon-g05823.t1/Hhon-g02237.t1",40,"somatodendritic compartment","CC"
"GO:0021516","GO:0021516","8/304","12/9332",0.666666666666667,20.4649122807018,12.3805582848158,5.11752560067296e-10,7.58855939071219e-08,5.49075867079723e-08,"Hhon-g00684.t1/Hhon-g00902.t1/Hhon-g00903.t1/Hhon-g00914.t1/Hhon-g03907.t1/Hhon-g09380.t1/Hhon-g09266.t1/Hhon-g05189.t1",8,"dorsal spinal cord development","BP"
"GO:0032774","GO:0032774","37/304","366/9332",0.101092896174863,3.103285878631,7.53259456840016,6.30935540008399e-10,9.03325642108577e-08,6.5360799679999e-08,"Hhon-g00684.t1/Hhon-g09437.t1/Hhon-g01603.t1/Hhon-g09981.t1/Hhon-g11170.t1/Hhon-g03907.t1/Hhon-g09380.t1/Hhon-g09266.t1/Hhon-g00241.t1/Hhon-g07787.t1/Hhon-g04244.t1/Hhon-g04246.t1/Hhon-g04829.t1/Hhon-g05189.t1/Hhon-g10567.t1/Hhon-g09473.t1/Hhon-g07460.t1/Hhon-g04000.t1/Hhon-g04001.t1/Hhon-g06017.t1/Hhon-g06018.t1/Hhon-g09672.t1/Hhon-g04459.t1/Hhon-g00521.t1/Hhon-g07626.t1/Hhon-g01922.t1/Hhon-g00976.t1/Hhon-g08787.t1/Hhon-g10239.t1/Hhon-g06160.t1/Hhon-g00092.t1/Hhon-g06564.t1/Hhon-g02712.t1/Hhon-g03354.t1/Hhon-g02746.t1/Hhon-g03381.t1/Hhon-g00082.t1",37,"RNA biosynthetic process","BP"
"GO:0021510","GO:0021510","13/304","47/9332",0.276595744680851,8.49076147816349,9.44689426848256,1.87282757636951e-09,2.59199336569541e-07,1.87545610630126e-07,"Hhon-g00684.t1/Hhon-g00902.t1/Hhon-g00903.t1/Hhon-g00914.t1/Hhon-g03907.t1/Hhon-g09380.t1/Hhon-g09266.t1/Hhon-g06571.t1/Hhon-g00241.t1/Hhon-g05189.t1/Hhon-g03264.t1/Hhon-g03354.t1/Hhon-g07993.t1",13,"spinal cord development","BP"
"GO:0003705","GO:0003705","12/304","40/9332",0.3,9.20921052631579,9.54732924617079,2.83840276907236e-09,3.80162848296401e-07,2.75069660541002e-07,"Hhon-g09981.t1/Hhon-g03907.t1/Hhon-g09266.t1/Hhon-g05242.t1/Hhon-g07787.t1/Hhon-g08174.t1/Hhon-g04244.t1/Hhon-g04246.t1/Hhon-g10567.t1/Hhon-g04500.t1/Hhon-g09672.t1/Hhon-g00092.t1",12,NA,NA
"GO:0045597","GO:0045597","37/304","389/9332",0.0951156812339332,2.91980110945745,7.09732241902627,3.45286211475022e-09,4.48008859388841e-07,3.241601472203e-07,"Hhon-g00684.t1/Hhon-g00902.t1/Hhon-g00903.t1/Hhon-g00914.t1/Hhon-g08474.t1/Hhon-g11170.t1/Hhon-g09317.t1/Hhon-g09710.t1/Hhon-g03907.t1/Hhon-g09380.t1/Hhon-g03432.t1/Hhon-g04801.t1/Hhon-g06571.t1/Hhon-g10573.t1/Hhon-g07787.t1/Hhon-g04244.t1/Hhon-g04246.t1/Hhon-g04500.t1/Hhon-g02425.t1/Hhon-g00226.t1/Hhon-g01523.t1/Hhon-g09024.t1/Hhon-g07281.t1/Hhon-g04000.t1/Hhon-g04001.t1/Hhon-g06017.t1/Hhon-g06018.t1/Hhon-g02931.t1/Hhon-g02357.t1/Hhon-g07409.t1/Hhon-g03264.t1/Hhon-g01922.t1/Hhon-g06160.t1/Hhon-g00092.t1/Hhon-g03112.t1/Hhon-g02712.t1/Hhon-g03381.t1",37,"positive regulation of cell differentiation","BP"
"GO:0001228","GO:0001228","18/304","105/9332",0.171428571428571,5.26240601503759,8.05980095455853,6.37186720631742e-09,8.01696746685756e-07,5.8007365253046e-07,"Hhon-g09437.t1/Hhon-g01603.t1/Hhon-g09981.t1/Hhon-g11170.t1/Hhon-g03907.t1/Hhon-g00241.t1/Hhon-g07787.t1/Hhon-g04829.t1/Hhon-g05189.t1/Hhon-g10567.t1/Hhon-g09473.t1/Hhon-g04000.t1/Hhon-g04001.t1/Hhon-g06017.t1/Hhon-g06018.t1/Hhon-g09672.t1/Hhon-g00976.t1/Hhon-g00092.t1",18,"DNA-binding transcription activator activity, RNA polymerase II-specific","MF"
"GO:0031102","GO:0031102","9/304","21/9332",0.428571428571429,13.156015037594,10.2331142753036,7.65062267301415e-09,9.34276039363376e-07,6.76002387268805e-07,"Hhon-g00684.t1/Hhon-g00902.t1/Hhon-g00903.t1/Hhon-g00914.t1/Hhon-g01603.t1/Hhon-g11170.t1/Hhon-g03907.t1/Hhon-g06571.t1/Hhon-g00092.t1",9,"neuron projection regeneration","BP"
"GO:0000982","GO:0000982","18/304","108/9332",0.166666666666667,5.11622807017544,7.89508430565695,1.01339870375379e-08,1.20218040513879e-06,8.6984658662055e-07,"Hhon-g00684.t1/Hhon-g09437.t1/Hhon-g09981.t1/Hhon-g11170.t1/Hhon-g03907.t1/Hhon-g00241.t1/Hhon-g07787.t1/Hhon-g05189.t1/Hhon-g10567.t1/Hhon-g04500.t1/Hhon-g04501.t1/Hhon-g09473.t1/Hhon-g04000.t1/Hhon-g04001.t1/Hhon-g06017.t1/Hhon-g06018.t1/Hhon-g09672.t1/Hhon-g00092.t1",18,NA,NA
"GO:0015301","GO:0015301","7/304","11/9332",0.636363636363636,19.5346889952153,11.2864016906754,1.07273774865994e-08,1.23722420345446e-06,8.95202787916802e-07,"Hhon-g00543.t1/Hhon-g00544.t1/Hhon-g06340.t1/Hhon-g06341.t1/Hhon-g06342.t1/Hhon-g09765.t1/Hhon-g09766.t1",7,NA,NA
"GO:0007423","GO:0007423","37/304","410/9332",0.0902439024390244,2.77025032092426,6.72667758362767,1.43686447900571e-08,1.61239495049505e-06,1.16666037641033e-06,"Hhon-g00684.t1/Hhon-g00902.t1/Hhon-g00903.t1/Hhon-g00914.t1/Hhon-g09437.t1/Hhon-g01603.t1/Hhon-g11170.t1/Hhon-g09710.t1/Hhon-g10494.t1/Hhon-g03907.t1/Hhon-g09380.t1/Hhon-g05962.t1/Hhon-g03432.t1/Hhon-g07787.t1/Hhon-g05193.t1/Hhon-g10567.t1/Hhon-g01324.t1/Hhon-g11664.t1/Hhon-g04500.t1/Hhon-g09473.t1/Hhon-g00226.t1/Hhon-g09110.t1/Hhon-g01523.t1/Hhon-g05759.t1/Hhon-g04016.t1/Hhon-g07281.t1/Hhon-g09672.t1/Hhon-g04039.t1/Hhon-g09899.t1/Hhon-g04925.t1/Hhon-g01922.t1/Hhon-g00976.t1/Hhon-g06160.t1/Hhon-g00092.t1/Hhon-g05662.t1/Hhon-g07320.t1/Hhon-g02237.t1",37,"sensory organ development","BP"
"GO:0007267","GO:0007267","33/304","341/9332",0.0967741935483871,2.97071307300509,6.80301924494073,1.70699149328119e-08,1.86511281055355e-06,1.34951626643338e-06,"Hhon-g03542.t1/Hhon-g07625.t1/Hhon-g02085.t1/Hhon-g03364.t1/Hhon-g05981.t1/Hhon-g07037.t1/Hhon-g09317.t1/Hhon-g09380.t1/Hhon-g09266.t1/Hhon-g04801.t1/Hhon-g06571.t1/Hhon-g10573.t1/Hhon-g00241.t1/Hhon-g05648.t1/Hhon-g05654.t1/Hhon-g06075.t1/Hhon-g01259.t1/Hhon-g05193.t1/Hhon-g04500.t1/Hhon-g01523.t1/Hhon-g05759.t1/Hhon-g06937.t1/Hhon-g07281.t1/Hhon-g09672.t1/Hhon-g02931.t1/Hhon-g01922.t1/Hhon-g00658.t1/Hhon-g09428.t1/Hhon-g02772.t1/Hhon-g05897.t1/Hhon-g06667.t1/Hhon-g02688.t1/Hhon-g00901.t1",33,"cell-cell signaling","BP"
"GO:0050767","GO:0050767","38/304","435/9332",0.0873563218390805,2.6816091954023,6.59102589657945,2.17989877614288e-08,2.32075377398595e-06,1.67919867938239e-06,"Hhon-g00684.t1/Hhon-g00902.t1/Hhon-g00903.t1/Hhon-g00914.t1/Hhon-g08474.t1/Hhon-g11170.t1/Hhon-g03181.t1/Hhon-g09317.t1/Hhon-g09710.t1/Hhon-g03907.t1/Hhon-g05322.t1/Hhon-g03432.t1/Hhon-g06571.t1/Hhon-g10573.t1/Hhon-g07787.t1/Hhon-g08561.t1/Hhon-g01259.t1/Hhon-g05193.t1/Hhon-g10567.t1/Hhon-g01324.t1/Hhon-g04501.t1/Hhon-g02425.t1/Hhon-g00226.t1/Hhon-g03531.t1/Hhon-g01523.t1/Hhon-g07281.t1/Hhon-g02931.t1/Hhon-g02357.t1/Hhon-g09899.t1/Hhon-g07409.t1/Hhon-g03264.t1/Hhon-g01922.t1/Hhon-g06183.t1/Hhon-g08835.t1/Hhon-g08836.t1/Hhon-g06667.t1/Hhon-g03112.t1/Hhon-g02712.t1",38,"regulation of neurogenesis","BP"
"GO:0050877","GO:0050877","37/304","422/9332",0.0876777251184834,2.69147543028187,6.52511512589044,3.09031438289928e-08,3.20774632944945e-06,2.32098874968278e-06,"Hhon-g00902.t1/Hhon-g00903.t1/Hhon-g00914.t1/Hhon-g03404.t1/Hhon-g11170.t1/Hhon-g04393.t1/Hhon-g09710.t1/Hhon-g05322.t1/Hhon-g09266.t1/Hhon-g03432.t1/Hhon-g04801.t1/Hhon-g06571.t1/Hhon-g10573.t1/Hhon-g08561.t1/Hhon-g05648.t1/Hhon-g05654.t1/Hhon-g04244.t1/Hhon-g04246.t1/Hhon-g10567.t1/Hhon-g08202.t1/Hhon-g04500.t1/Hhon-g02425.t1/Hhon-g05759.t1/Hhon-g09024.t1/Hhon-g04000.t1/Hhon-g04001.t1/Hhon-g06017.t1/Hhon-g06018.t1/Hhon-g02931.t1/Hhon-g03869.t1/Hhon-g07626.t1/Hhon-g01922.t1/Hhon-g00658.t1/Hhon-g05897.t1/Hhon-g00092.t1/Hhon-g06667.t1/Hhon-g02474.t1",37,"nervous system process","BP"
"GO:0007268","GO:0007268","24/304","201/9332",0.119402985074627,3.66535742340927,7.00969988906857,3.2983252127672e-08,3.26063006747844e-06,2.35925317224e-06,"Hhon-g03542.t1/Hhon-g07625.t1/Hhon-g02085.t1/Hhon-g03364.t1/Hhon-g05981.t1/Hhon-g07037.t1/Hhon-g09317.t1/Hhon-g09266.t1/Hhon-g04801.t1/Hhon-g06571.t1/Hhon-g10573.t1/Hhon-g05648.t1/Hhon-g05654.t1/Hhon-g06075.t1/Hhon-g01259.t1/Hhon-g05193.t1/Hhon-g06937.t1/Hhon-g07281.t1/Hhon-g02931.t1/Hhon-g01922.t1/Hhon-g00658.t1/Hhon-g09428.t1/Hhon-g05897.t1/Hhon-g06667.t1",24,"chemical synaptic transmission","BP"
"GO:0098916","GO:0098916","24/304","201/9332",0.119402985074627,3.66535742340927,7.00969988906857,3.2983252127672e-08,3.26063006747844e-06,2.35925317224e-06,"Hhon-g03542.t1/Hhon-g07625.t1/Hhon-g02085.t1/Hhon-g03364.t1/Hhon-g05981.t1/Hhon-g07037.t1/Hhon-g09317.t1/Hhon-g09266.t1/Hhon-g04801.t1/Hhon-g06571.t1/Hhon-g10573.t1/Hhon-g05648.t1/Hhon-g05654.t1/Hhon-g06075.t1/Hhon-g01259.t1/Hhon-g05193.t1/Hhon-g06937.t1/Hhon-g07281.t1/Hhon-g02931.t1/Hhon-g01922.t1/Hhon-g00658.t1/Hhon-g09428.t1/Hhon-g05897.t1/Hhon-g06667.t1",24,"anterograde trans-synaptic signaling","BP"
"GO:0031103","GO:0031103","8/304","18/9332",0.444444444444444,13.6432748538012,9.85219108106327,3.81116251298283e-08,3.67998761718714e-06,2.66268245093096e-06,"Hhon-g00684.t1/Hhon-g00902.t1/Hhon-g00903.t1/Hhon-g00914.t1/Hhon-g01603.t1/Hhon-g11170.t1/Hhon-g03907.t1/Hhon-g00092.t1",8,"axon regeneration","BP"
"GO:0003712","GO:0003712","24/304","206/9332",0.116504854368932,3.57639243740419,6.86136471743868,5.32065341244124e-08,4.90918954854579e-06,3.55208066411867e-06,"Hhon-g01603.t1/Hhon-g03181.t1/Hhon-g03907.t1/Hhon-g09380.t1/Hhon-g04801.t1/Hhon-g00241.t1/Hhon-g10567.t1/Hhon-g05246.t1/Hhon-g11664.t1/Hhon-g09473.t1/Hhon-g00226.t1/Hhon-g03531.t1/Hhon-g06894.t1/Hhon-g08741.t1/Hhon-g04016.t1/Hhon-g03869.t1/Hhon-g04459.t1/Hhon-g06160.t1/Hhon-g00092.t1/Hhon-g02469.t1/Hhon-g06564.t1/Hhon-g10909.t1/Hhon-g03354.t1/Hhon-g02746.t1",24,"transcription coregulator activity","MF"
"GO:0099537","GO:0099537","24/304","206/9332",0.116504854368932,3.57639243740419,6.86136471743868,5.32065341244124e-08,4.90918954854579e-06,3.55208066411867e-06,"Hhon-g03542.t1/Hhon-g07625.t1/Hhon-g02085.t1/Hhon-g03364.t1/Hhon-g05981.t1/Hhon-g07037.t1/Hhon-g09317.t1/Hhon-g09266.t1/Hhon-g04801.t1/Hhon-g06571.t1/Hhon-g10573.t1/Hhon-g05648.t1/Hhon-g05654.t1/Hhon-g06075.t1/Hhon-g01259.t1/Hhon-g05193.t1/Hhon-g06937.t1/Hhon-g07281.t1/Hhon-g02931.t1/Hhon-g01922.t1/Hhon-g00658.t1/Hhon-g09428.t1/Hhon-g05897.t1/Hhon-g06667.t1",24,"trans-synaptic signaling","BP"
"GO:0000989","GO:0000989","10/304","33/9332",0.303030303030303,9.30223285486443,8.76675495280824,5.52681032774168e-08,4.98854706103988e-06,3.60950038338095e-06,"Hhon-g00684.t1/Hhon-g00902.t1/Hhon-g00903.t1/Hhon-g00914.t1/Hhon-g04000.t1/Hhon-g04001.t1/Hhon-g06017.t1/Hhon-g06018.t1/Hhon-g00092.t1/Hhon-g06564.t1",10,NA,NA
"GO:0099536","GO:0099536","24/304","209/9332",0.114832535885167,3.52505666079073,6.77455144066338,7.03430315934135e-08,6.09123696741504e-06,4.40735987856265e-06,"Hhon-g03542.t1/Hhon-g07625.t1/Hhon-g02085.t1/Hhon-g03364.t1/Hhon-g05981.t1/Hhon-g07037.t1/Hhon-g09317.t1/Hhon-g09266.t1/Hhon-g04801.t1/Hhon-g06571.t1/Hhon-g10573.t1/Hhon-g05648.t1/Hhon-g05654.t1/Hhon-g06075.t1/Hhon-g01259.t1/Hhon-g05193.t1/Hhon-g06937.t1/Hhon-g07281.t1/Hhon-g02931.t1/Hhon-g01922.t1/Hhon-g00658.t1/Hhon-g09428.t1/Hhon-g05897.t1/Hhon-g06667.t1",24,"synaptic signaling","BP"
"GO:0002067","GO:0002067","9/304","26/9332",0.346153846153846,10.626012145749,9.01896427239636,7.04189244787866e-08,6.09123696741504e-06,4.40735987856265e-06,"Hhon-g09060.t1/Hhon-g00684.t1/Hhon-g01603.t1/Hhon-g03907.t1/Hhon-g04244.t1/Hhon-g04246.t1/Hhon-g04829.t1/Hhon-g07162.t1/Hhon-g07164.t1",9,"glandular epithelial cell differentiation","BP"
"GO:0000988","GO:0000988","10/304","34/9332",0.294117647058824,9.02863777089783,8.60580821060337,7.60599247707596e-08,6.44491444179987e-06,4.66326584953271e-06,"Hhon-g00684.t1/Hhon-g00902.t1/Hhon-g00903.t1/Hhon-g00914.t1/Hhon-g04000.t1/Hhon-g04001.t1/Hhon-g06017.t1/Hhon-g06018.t1/Hhon-g00092.t1/Hhon-g06564.t1",10,NA,NA
"GO:0051090","GO:0051090","20/304","151/9332",0.132450331125828,4.06587661205995,6.96952633913193,8.53928313110052e-08,7.09102071206587e-06,5.13076085392861e-06,"Hhon-g00902.t1/Hhon-g00903.t1/Hhon-g00914.t1/Hhon-g09981.t1/Hhon-g03907.t1/Hhon-g04801.t1/Hhon-g06571.t1/Hhon-g10573.t1/Hhon-g03304.t1/Hhon-g05246.t1/Hhon-g00226.t1/Hhon-g03531.t1/Hhon-g04000.t1/Hhon-g04001.t1/Hhon-g06017.t1/Hhon-g06018.t1/Hhon-g07409.t1/Hhon-g01922.t1/Hhon-g00092.t1/Hhon-g08386.t1",20,"regulation of DNA-binding transcription factor activity","BP"
"GO:0045165","GO:0045165","24/304","213/9332",0.112676056338028,3.45885841363973,6.66123610031539,1.01192512404036e-07,8.19469659997184e-06,5.92933376339104e-06,"Hhon-g00124.t1/Hhon-g00684.t1/Hhon-g00902.t1/Hhon-g00903.t1/Hhon-g00914.t1/Hhon-g09437.t1/Hhon-g11170.t1/Hhon-g09710.t1/Hhon-g03907.t1/Hhon-g05322.t1/Hhon-g09380.t1/Hhon-g09266.t1/Hhon-g03432.t1/Hhon-g05242.t1/Hhon-g07787.t1/Hhon-g01324.t1/Hhon-g11664.t1/Hhon-g04500.t1/Hhon-g04016.t1/Hhon-g09672.t1/Hhon-g01922.t1/Hhon-g00665.t1/Hhon-g00092.t1/Hhon-g08466.t1",24,"cell fate commitment","BP"
"GO:0031018","GO:0031018","9/304","27/9332",0.333333333333333,10.2324561403509,8.81548189508639,1.02631074951478e-07,8.19469659997184e-06,5.92933376339104e-06,"Hhon-g09437.t1/Hhon-g09981.t1/Hhon-g03907.t1/Hhon-g06571.t1/Hhon-g00241.t1/Hhon-g07787.t1/Hhon-g04244.t1/Hhon-g04246.t1/Hhon-g04829.t1",9,"endocrine pancreas development","BP"
"GO:0051961","GO:0051961","23/304","198/9332",0.116161616161616,3.56585592769803,6.69637043033404,1.07626130754225e-07,8.43139046965171e-06,6.1005953758204e-06,"Hhon-g00684.t1/Hhon-g00902.t1/Hhon-g00903.t1/Hhon-g00914.t1/Hhon-g09317.t1/Hhon-g03907.t1/Hhon-g06571.t1/Hhon-g07787.t1/Hhon-g05648.t1/Hhon-g05654.t1/Hhon-g05189.t1/Hhon-g05193.t1/Hhon-g10567.t1/Hhon-g01324.t1/Hhon-g00226.t1/Hhon-g03531.t1/Hhon-g09899.t1/Hhon-g07409.t1/Hhon-g03264.t1/Hhon-g08835.t1/Hhon-g08836.t1/Hhon-g06667.t1/Hhon-g00901.t1",23,"negative regulation of nervous system development","BP"
"GO:0000122","GO:0000122","28/304","281/9332",0.099644128113879,3.05881251170631,6.4302341515373,1.1991502762556e-07,9.22013323520974e-06,6.67129607881771e-06,"Hhon-g00684.t1/Hhon-g01603.t1/Hhon-g11170.t1/Hhon-g03907.t1/Hhon-g05962.t1/Hhon-g09266.t1/Hhon-g07787.t1/Hhon-g08561.t1/Hhon-g10567.t1/Hhon-g04500.t1/Hhon-g04501.t1/Hhon-g09473.t1/Hhon-g00226.t1/Hhon-g03531.t1/Hhon-g06894.t1/Hhon-g07578.t1/Hhon-g04016.t1/Hhon-g09672.t1/Hhon-g04459.t1/Hhon-g00976.t1/Hhon-g08814.t1/Hhon-g06160.t1/Hhon-g00092.t1/Hhon-g10909.t1/Hhon-g11345.t1/Hhon-g02746.t1/Hhon-g06163.t1/Hhon-g10129.t1",28,"negative regulation of transcription by RNA polymerase II","BP"
"GO:0007610","GO:0007610","39/304","486/9332",0.0802469135802469,2.46336907082521,6.08000099229517,1.38948705586386e-07,1.04893641017214e-05,7.58965752619228e-06,"Hhon-g03542.t1/Hhon-g02085.t1/Hhon-g00684.t1/Hhon-g00902.t1/Hhon-g00903.t1/Hhon-g00914.t1/Hhon-g11170.t1/Hhon-g04393.t1/Hhon-g09710.t1/Hhon-g05322.t1/Hhon-g09380.t1/Hhon-g03432.t1/Hhon-g04801.t1/Hhon-g06571.t1/Hhon-g10573.t1/Hhon-g05648.t1/Hhon-g05654.t1/Hhon-g01259.t1/Hhon-g05193.t1/Hhon-g10567.t1/Hhon-g02425.t1/Hhon-g01523.t1/Hhon-g05759.t1/Hhon-g09024.t1/Hhon-g04000.t1/Hhon-g04001.t1/Hhon-g06017.t1/Hhon-g06018.t1/Hhon-g02931.t1/Hhon-g03869.t1/Hhon-g11373.t1/Hhon-g01922.t1/Hhon-g00658.t1/Hhon-g02772.t1/Hhon-g05897.t1/Hhon-g00092.t1/Hhon-g06667.t1/Hhon-g06163.t1/Hhon-g02237.t1",39,"behavior","BP"
"GO:0045596","GO:0045596","28/304","287/9332",0.0975609756097561,2.99486521181001,6.29876391622605,1.870724862399e-07,1.3870088622644e-05,1.00358059347495e-05,"Hhon-g00684.t1/Hhon-g00902.t1/Hhon-g00903.t1/Hhon-g00914.t1/Hhon-g01603.t1/Hhon-g09317.t1/Hhon-g09710.t1/Hhon-g03907.t1/Hhon-g07787.t1/Hhon-g05193.t1/Hhon-g10567.t1/Hhon-g01324.t1/Hhon-g11664.t1/Hhon-g04500.t1/Hhon-g02425.t1/Hhon-g00226.t1/Hhon-g03531.t1/Hhon-g07578.t1/Hhon-g02931.t1/Hhon-g09899.t1/Hhon-g07409.t1/Hhon-g03869.t1/Hhon-g10239.t1/Hhon-g08835.t1/Hhon-g08836.t1/Hhon-g06160.t1/Hhon-g06667.t1/Hhon-g02469.t1",28,"negative regulation of cell differentiation","BP"
"GO:0045202","GO:0045202","31/304","343/9332",0.0903790087463557,2.77439772901642,6.14394690719412,2.26170743285123e-07,1.64747530898216e-05,1.19204303109094e-05,"Hhon-g03542.t1/Hhon-g07625.t1/Hhon-g00305.t1/Hhon-g02085.t1/Hhon-g09060.t1/Hhon-g03364.t1/Hhon-g05981.t1/Hhon-g03404.t1/Hhon-g04801.t1/Hhon-g05648.t1/Hhon-g05654.t1/Hhon-g01259.t1/Hhon-g02425.t1/Hhon-g06937.t1/Hhon-g07281.t1/Hhon-g02931.t1/Hhon-g04039.t1/Hhon-g02357.t1/Hhon-g09899.t1/Hhon-g01193.t1/Hhon-g03869.t1/Hhon-g01922.t1/Hhon-g02290.t1/Hhon-g09076.t1/Hhon-g10981.t1/Hhon-g00658.t1/Hhon-g09428.t1/Hhon-g05897.t1/Hhon-g08386.t1/Hhon-g03110.t1/Hhon-g05823.t1",31,"synapse","CC"
"GO:0044456","GO:0044456","27/304","273/9332",0.0989010989010989,3.036003470214,6.26505400375178,2.37536220404349e-07,1.67444090376934e-05,1.21155418805336e-05,"Hhon-g03542.t1/Hhon-g07625.t1/Hhon-g00305.t1/Hhon-g02085.t1/Hhon-g03364.t1/Hhon-g05981.t1/Hhon-g03404.t1/Hhon-g04801.t1/Hhon-g05648.t1/Hhon-g05654.t1/Hhon-g01259.t1/Hhon-g02425.t1/Hhon-g06937.t1/Hhon-g07281.t1/Hhon-g02931.t1/Hhon-g02357.t1/Hhon-g09899.t1/Hhon-g03869.t1/Hhon-g01922.t1/Hhon-g09076.t1/Hhon-g10981.t1/Hhon-g00658.t1/Hhon-g09428.t1/Hhon-g05897.t1/Hhon-g08386.t1/Hhon-g03110.t1/Hhon-g05823.t1",27,NA,NA
"GO:0032561","GO:0032561","15/304","92/9332",0.16304347826087,5.0050057208238,7.08379819088753,2.37938375053928e-07,1.67444090376934e-05,1.21155418805336e-05,"Hhon-g00124.t1/Hhon-g00305.t1/Hhon-g03181.t1/Hhon-g09317.t1/Hhon-g09710.t1/Hhon-g05193.t1/Hhon-g11182.t1/Hhon-g08502.t1/Hhon-g09024.t1/Hhon-g02931.t1/Hhon-g02290.t1/Hhon-g09076.t1/Hhon-g10981.t1/Hhon-g06183.t1/Hhon-g02237.t1",15,"guanyl ribonucleotide binding","MF"
"GO:0001102","GO:0001102","8/304","22/9332",0.363636363636364,11.1626794258373,8.75688885468909,2.48469120591785e-07,1.71940631449515e-05,1.24408924591045e-05,"Hhon-g09981.t1/Hhon-g03907.t1/Hhon-g04016.t1/Hhon-g04000.t1/Hhon-g04001.t1/Hhon-g06017.t1/Hhon-g06018.t1/Hhon-g00092.t1",8,NA,NA
"GO:0090596","GO:0090596","23/304","211/9332",0.109004739336493,3.34615864305313,6.32531977551403,3.44498807379763e-07,2.34485089875537e-05,1.69663433349757e-05,"Hhon-g00684.t1/Hhon-g00902.t1/Hhon-g00903.t1/Hhon-g00914.t1/Hhon-g09437.t1/Hhon-g11170.t1/Hhon-g09710.t1/Hhon-g10494.t1/Hhon-g09380.t1/Hhon-g03432.t1/Hhon-g07787.t1/Hhon-g05193.t1/Hhon-g10567.t1/Hhon-g09473.t1/Hhon-g00226.t1/Hhon-g01523.t1/Hhon-g05759.t1/Hhon-g04016.t1/Hhon-g04039.t1/Hhon-g09899.t1/Hhon-g01922.t1/Hhon-g00976.t1/Hhon-g00092.t1",23,"sensory organ morphogenesis","BP"
"GO:0001077","GO:0001077","14/304","83/9332",0.168674698795181,5.17786937222574,7.01538685593113,3.91983107007361e-07,2.62502235531381e-05,1.89935447775723e-05,"Hhon-g09437.t1/Hhon-g09981.t1/Hhon-g11170.t1/Hhon-g03907.t1/Hhon-g00241.t1/Hhon-g07787.t1/Hhon-g05189.t1/Hhon-g10567.t1/Hhon-g04000.t1/Hhon-g04001.t1/Hhon-g06017.t1/Hhon-g06018.t1/Hhon-g09672.t1/Hhon-g00092.t1",14,NA,NA
"GO:0019001","GO:0019001","15/304","96/9332",0.15625,4.79646381578947,6.86085167931106,4.22327155587201e-07,2.78333706348898e-05,2.01390426406996e-05,"Hhon-g00124.t1/Hhon-g00305.t1/Hhon-g03181.t1/Hhon-g09317.t1/Hhon-g09710.t1/Hhon-g05193.t1/Hhon-g11182.t1/Hhon-g08502.t1/Hhon-g09024.t1/Hhon-g02931.t1/Hhon-g02290.t1/Hhon-g09076.t1/Hhon-g10981.t1/Hhon-g06183.t1/Hhon-g02237.t1",15,"guanyl nucleotide binding","MF"
"GO:0051046","GO:0051046","28/304","302/9332",0.0927152317880795,2.84611362844197,5.98443474870245,5.36580930778677e-07,3.48106878842667e-05,2.51875325072754e-05,"Hhon-g03542.t1/Hhon-g07625.t1/Hhon-g00124.t1/Hhon-g00305.t1/Hhon-g02085.t1/Hhon-g00902.t1/Hhon-g00903.t1/Hhon-g00914.t1/Hhon-g03364.t1/Hhon-g07037.t1/Hhon-g09981.t1/Hhon-g03907.t1/Hhon-g04801.t1/Hhon-g06571.t1/Hhon-g10573.t1/Hhon-g00241.t1/Hhon-g01259.t1/Hhon-g04244.t1/Hhon-g04246.t1/Hhon-g04829.t1/Hhon-g02425.t1/Hhon-g00226.t1/Hhon-g01523.t1/Hhon-g07281.t1/Hhon-g09428.t1/Hhon-g03112.t1/Hhon-g08386.t1/Hhon-g05970.t1",28,"regulation of secretion","BP"
"GO:0003924","GO:0003924","15/304","98/9332",0.153061224489796,4.69857679914071,6.75395021619812,5.56156524679328e-07,3.55255675456703e-05,2.57047890110899e-05,"Hhon-g00124.t1/Hhon-g00305.t1/Hhon-g02085.t1/Hhon-g09060.t1/Hhon-g03181.t1/Hhon-g09317.t1/Hhon-g09710.t1/Hhon-g10494.t1/Hhon-g05193.t1/Hhon-g11182.t1/Hhon-g02290.t1/Hhon-g09076.t1/Hhon-g10981.t1/Hhon-g01891.t1/Hhon-g02237.t1",15,"GTPase activity","MF"
"GO:0060341","GO:0060341","35/304","438/9332",0.0799086757990868,2.45298606104302,5.71551082995124,7.14568547188465e-07,4.49528576958562e-05,3.25259750187541e-05,"Hhon-g03542.t1/Hhon-g07625.t1/Hhon-g02085.t1/Hhon-g09981.t1/Hhon-g09710.t1/Hhon-g06571.t1/Hhon-g10573.t1/Hhon-g01259.t1/Hhon-g04829.t1/Hhon-g05193.t1/Hhon-g11664.t1/Hhon-g02425.t1/Hhon-g03531.t1/Hhon-g07578.t1/Hhon-g01523.t1/Hhon-g05759.t1/Hhon-g07359.t1/Hhon-g04016.t1/Hhon-g07281.t1/Hhon-g02931.t1/Hhon-g02357.t1/Hhon-g07409.t1/Hhon-g04459.t1/Hhon-g01922.t1/Hhon-g00665.t1/Hhon-g08835.t1/Hhon-g08836.t1/Hhon-g09428.t1/Hhon-g03112.t1/Hhon-g00238.t1/Hhon-g08386.t1/Hhon-g07418.t1/Hhon-g03110.t1/Hhon-g07993.t1/Hhon-g05823.t1",35,"regulation of cellular localization","BP"
"GO:0001046","GO:0001046","8/304","25/9332",0.32,9.82315789473684,8.10577062271313,7.71535465718324e-07,4.71090478479777e-05,3.40861024637786e-05,"Hhon-g00241.t1/Hhon-g07787.t1/Hhon-g00226.t1/Hhon-g04000.t1/Hhon-g04001.t1/Hhon-g06017.t1/Hhon-g06018.t1/Hhon-g08814.t1",8,"core promoter sequence-specific DNA binding","MF"
"GO:1902893","GO:1902893","8/304","25/9332",0.32,9.82315789473684,8.10577062271313,7.71535465718324e-07,4.71090478479777e-05,3.40861024637786e-05,"Hhon-g07787.t1/Hhon-g09473.t1/Hhon-g00226.t1/Hhon-g04000.t1/Hhon-g04001.t1/Hhon-g06017.t1/Hhon-g06018.t1/Hhon-g00092.t1",8,"regulation of miRNA transcription","BP"
"GO:0007611","GO:0007611","21/304","189/9332",0.111111111111111,3.41081871345029,6.14407074175168,8.24972503656434e-07,4.91796165802381e-05,3.55842778927085e-05,"Hhon-g00902.t1/Hhon-g00903.t1/Hhon-g00914.t1/Hhon-g04393.t1/Hhon-g09710.t1/Hhon-g05322.t1/Hhon-g03432.t1/Hhon-g04801.t1/Hhon-g10573.t1/Hhon-g10567.t1/Hhon-g02425.t1/Hhon-g05759.t1/Hhon-g09024.t1/Hhon-g04000.t1/Hhon-g04001.t1/Hhon-g06017.t1/Hhon-g06018.t1/Hhon-g02931.t1/Hhon-g03869.t1/Hhon-g00658.t1/Hhon-g00092.t1",21,"learning or memory","BP"
"GO:0008514","GO:0008514","15/304","101/9332",0.148514851485149,4.55901511203752,6.59889555872944,8.29136117682241e-07,4.91796165802381e-05,3.55842778927085e-05,"Hhon-g00543.t1/Hhon-g00544.t1/Hhon-g02482.t1/Hhon-g02483.t1/Hhon-g04482.t1/Hhon-g07130.t1/Hhon-g07132.t1/Hhon-g07133.t1/Hhon-g11482.t1/Hhon-g06340.t1/Hhon-g06341.t1/Hhon-g06342.t1/Hhon-g09765.t1/Hhon-g09766.t1/Hhon-g06696.t1",15,"organic anion transmembrane transporter activity","MF"
"GO:0007269","GO:0007269","13/304","76/9332",0.171052631578947,5.25086565096953,6.82775004448573,8.68629139440186e-07,5.00909470410507e-05,3.6243677835706e-05,"Hhon-g02085.t1/Hhon-g03364.t1/Hhon-g05981.t1/Hhon-g07037.t1/Hhon-g10573.t1/Hhon-g01259.t1/Hhon-g05193.t1/Hhon-g06937.t1/Hhon-g07281.t1/Hhon-g02931.t1/Hhon-g01922.t1/Hhon-g00658.t1/Hhon-g09428.t1",13,"neurotransmitter secretion","BP"
"GO:0099643","GO:0099643","13/304","76/9332",0.171052631578947,5.25086565096953,6.82775004448573,8.68629139440186e-07,5.00909470410507e-05,3.6243677835706e-05,"Hhon-g02085.t1/Hhon-g03364.t1/Hhon-g05981.t1/Hhon-g07037.t1/Hhon-g10573.t1/Hhon-g01259.t1/Hhon-g05193.t1/Hhon-g06937.t1/Hhon-g07281.t1/Hhon-g02931.t1/Hhon-g01922.t1/Hhon-g00658.t1/Hhon-g09428.t1",13,"signal release from synapse","BP"
"GO:0009611","GO:0009611","23/304","224/9332",0.102678571428571,3.15196193609023,5.98207969831043,9.99972307960808e-07,5.68751372966202e-05,4.11524292273994e-05,"Hhon-g00684.t1/Hhon-g00902.t1/Hhon-g00903.t1/Hhon-g00914.t1/Hhon-g03364.t1/Hhon-g00419.t1/Hhon-g03404.t1/Hhon-g01603.t1/Hhon-g09981.t1/Hhon-g11170.t1/Hhon-g03181.t1/Hhon-g03907.t1/Hhon-g09266.t1/Hhon-g03432.t1/Hhon-g04801.t1/Hhon-g10573.t1/Hhon-g04500.t1/Hhon-g00226.t1/Hhon-g02931.t1/Hhon-g09899.t1/Hhon-g00092.t1/Hhon-g05967.t1/Hhon-g02474.t1",23,"response to wounding","BP"
"GO:0007422","GO:0007422","12/304","66/9332",0.181818181818182,5.58133971291866,6.85367375745989,1.16957521522943e-06,6.56226526166567e-05,4.74817590933826e-05,"Hhon-g00684.t1/Hhon-g00902.t1/Hhon-g00903.t1/Hhon-g00914.t1/Hhon-g01603.t1/Hhon-g09710.t1/Hhon-g03907.t1/Hhon-g06571.t1/Hhon-g07787.t1/Hhon-g04500.t1/Hhon-g04016.t1/Hhon-g07281.t1",12,"peripheral nervous system development","BP"
"GO:0060828","GO:0060828","15/304","104/9332",0.144230769230769,4.42750506072874,6.44979769523414,1.21725199304743e-06,6.73870703351059e-05,4.87584166758929e-05,"Hhon-g03907.t1/Hhon-g00241.t1/Hhon-g05242.t1/Hhon-g07787.t1/Hhon-g08174.t1/Hhon-g01324.t1/Hhon-g04500.t1/Hhon-g00226.t1/Hhon-g01523.t1/Hhon-g04374.t1/Hhon-g05759.t1/Hhon-g04016.t1/Hhon-g04925.t1/Hhon-g01922.t1/Hhon-g00901.t1",15,"regulation of canonical Wnt signaling pathway","BP"
"GO:0070888","GO:0070888","7/304","19/9332",0.368421052631579,11.3095567867036,8.254240250757,1.30732040279478e-06,7.14209777947888e-05,5.16771804650459e-05,"Hhon-g00684.t1/Hhon-g00902.t1/Hhon-g00903.t1/Hhon-g00914.t1/Hhon-g09437.t1/Hhon-g00226.t1/Hhon-g09672.t1",7,"E-box binding","MF"
"GO:0030178","GO:0030178","12/304","67/9332",0.17910447761194,5.4980361351139,6.78020368670431,1.3837707040798e-06,7.46157917316794e-05,5.39888118857654e-05,"Hhon-g03907.t1/Hhon-g05242.t1/Hhon-g07787.t1/Hhon-g08174.t1/Hhon-g04500.t1/Hhon-g00226.t1/Hhon-g01523.t1/Hhon-g04374.t1/Hhon-g04016.t1/Hhon-g01922.t1/Hhon-g00901.t1/Hhon-g02727.t1",12,"negative regulation of Wnt signaling pathway","BP"
"GO:0051093","GO:0051093","36/304","472/9332",0.076271186440678,2.34132471008029,5.48773555152283,1.48809596083379e-06,7.92124926843834e-05,5.73147890987806e-05,"Hhon-g00684.t1/Hhon-g00902.t1/Hhon-g00903.t1/Hhon-g00914.t1/Hhon-g01603.t1/Hhon-g09317.t1/Hhon-g09710.t1/Hhon-g03907.t1/Hhon-g06571.t1/Hhon-g07787.t1/Hhon-g05648.t1/Hhon-g05654.t1/Hhon-g05189.t1/Hhon-g05193.t1/Hhon-g10567.t1/Hhon-g01324.t1/Hhon-g11664.t1/Hhon-g04500.t1/Hhon-g02425.t1/Hhon-g00226.t1/Hhon-g03531.t1/Hhon-g06894.t1/Hhon-g07578.t1/Hhon-g02931.t1/Hhon-g09899.t1/Hhon-g07409.t1/Hhon-g03264.t1/Hhon-g03869.t1/Hhon-g08814.t1/Hhon-g10239.t1/Hhon-g08835.t1/Hhon-g08836.t1/Hhon-g06160.t1/Hhon-g06667.t1/Hhon-g02469.t1/Hhon-g00901.t1",36,"negative regulation of developmental process","BP"
"GO:1903530","GO:1903530","25/304","264/9332",0.0946969696969697,2.90694776714514,5.76753337790394,1.51943192391703e-06,7.9856725925361e-05,5.77809288588836e-05,"Hhon-g03542.t1/Hhon-g07625.t1/Hhon-g00124.t1/Hhon-g00305.t1/Hhon-g02085.t1/Hhon-g03364.t1/Hhon-g07037.t1/Hhon-g09981.t1/Hhon-g03907.t1/Hhon-g04801.t1/Hhon-g06571.t1/Hhon-g10573.t1/Hhon-g00241.t1/Hhon-g01259.t1/Hhon-g04244.t1/Hhon-g04246.t1/Hhon-g04829.t1/Hhon-g02425.t1/Hhon-g00226.t1/Hhon-g01523.t1/Hhon-g07281.t1/Hhon-g09428.t1/Hhon-g03112.t1/Hhon-g08386.t1/Hhon-g05970.t1",25,"regulation of secretion by cell","BP"
"GO:0023061","GO:0023061","15/304","106/9332",0.141509433962264,4.34396722939424,6.35350434921524,1.55971878779131e-06,8.09494050863689e-05,5.85715450046894e-05,"Hhon-g02085.t1/Hhon-g03364.t1/Hhon-g05981.t1/Hhon-g07037.t1/Hhon-g10573.t1/Hhon-g01259.t1/Hhon-g05193.t1/Hhon-g06937.t1/Hhon-g07281.t1/Hhon-g02931.t1/Hhon-g01922.t1/Hhon-g00658.t1/Hhon-g09428.t1/Hhon-g02772.t1/Hhon-g02688.t1",15,"signal release","BP"
"GO:0061564","GO:0061564","24/304","248/9332",0.0967741935483871,2.97071307300509,5.77185997389046,1.68642710883827e-06,8.64450043937839e-05,6.25479268177313e-05,"Hhon-g00124.t1/Hhon-g00684.t1/Hhon-g00902.t1/Hhon-g00903.t1/Hhon-g00914.t1/Hhon-g08629.t1/Hhon-g01603.t1/Hhon-g11170.t1/Hhon-g03907.t1/Hhon-g05322.t1/Hhon-g09380.t1/Hhon-g04801.t1/Hhon-g05242.t1/Hhon-g08174.t1/Hhon-g06075.t1/Hhon-g02425.t1/Hhon-g07281.t1/Hhon-g02931.t1/Hhon-g04925.t1/Hhon-g03264.t1/Hhon-g01922.t1/Hhon-g06183.t1/Hhon-g00092.t1/Hhon-g07993.t1",24,"axon development","BP"
"GO:0010720","GO:0010720","26/304","284/9332",0.0915492957746479,2.81032246108228,5.68517614697112,1.76753107784119e-06,8.87094339106486e-05,6.41863716613404e-05,"Hhon-g00684.t1/Hhon-g00902.t1/Hhon-g00903.t1/Hhon-g00914.t1/Hhon-g08474.t1/Hhon-g11170.t1/Hhon-g09317.t1/Hhon-g09710.t1/Hhon-g03432.t1/Hhon-g06571.t1/Hhon-g10573.t1/Hhon-g07787.t1/Hhon-g04244.t1/Hhon-g04246.t1/Hhon-g02425.t1/Hhon-g00226.t1/Hhon-g01523.t1/Hhon-g09024.t1/Hhon-g07281.t1/Hhon-g02931.t1/Hhon-g02357.t1/Hhon-g07409.t1/Hhon-g03264.t1/Hhon-g01922.t1/Hhon-g03112.t1/Hhon-g02712.t1",26,"positive regulation of cell development","BP"
"GO:0050890","GO:0050890","21/304","198/9332",0.106060606060606,3.25578149920255,5.88713823153218,1.77333405938917e-06,8.87094339106486e-05,6.41863716613404e-05,"Hhon-g00902.t1/Hhon-g00903.t1/Hhon-g00914.t1/Hhon-g04393.t1/Hhon-g09710.t1/Hhon-g05322.t1/Hhon-g03432.t1/Hhon-g04801.t1/Hhon-g10573.t1/Hhon-g10567.t1/Hhon-g02425.t1/Hhon-g05759.t1/Hhon-g09024.t1/Hhon-g04000.t1/Hhon-g04001.t1/Hhon-g06017.t1/Hhon-g06018.t1/Hhon-g02931.t1/Hhon-g03869.t1/Hhon-g00658.t1/Hhon-g00092.t1",21,"cognition","BP"
"GO:0000790","GO:0000790","18/304","151/9332",0.119205298013245,3.65928895085396,6.04524797685392,1.85210188729801e-06,9.15467504293015e-05,6.6239333162262e-05,"Hhon-g01603.t1/Hhon-g04244.t1/Hhon-g04246.t1/Hhon-g04500.t1/Hhon-g04501.t1/Hhon-g09473.t1/Hhon-g09811.t1/Hhon-g00226.t1/Hhon-g06894.t1/Hhon-g00590.t1/Hhon-g06127.t1/Hhon-g07460.t1/Hhon-g04016.t1/Hhon-g00521.t1/Hhon-g01922.t1/Hhon-g00092.t1/Hhon-g10909.t1/Hhon-g07320.t1",18,NA,NA
"GO:0031175","GO:0031175","32/304","398/9332",0.0804020100502513,2.46813012430574,5.49272964381,1.94299074001037e-06,9.49093829708595e-05,6.86723909843913e-05,"Hhon-g00124.t1/Hhon-g00684.t1/Hhon-g00902.t1/Hhon-g00903.t1/Hhon-g00914.t1/Hhon-g08629.t1/Hhon-g01603.t1/Hhon-g11170.t1/Hhon-g03907.t1/Hhon-g05322.t1/Hhon-g09380.t1/Hhon-g04801.t1/Hhon-g06571.t1/Hhon-g05242.t1/Hhon-g08174.t1/Hhon-g06075.t1/Hhon-g04244.t1/Hhon-g04246.t1/Hhon-g09473.t1/Hhon-g02425.t1/Hhon-g00226.t1/Hhon-g07281.t1/Hhon-g02931.t1/Hhon-g02357.t1/Hhon-g09899.t1/Hhon-g04925.t1/Hhon-g03264.t1/Hhon-g01922.t1/Hhon-g06183.t1/Hhon-g00092.t1/Hhon-g07993.t1/Hhon-g02474.t1",32,"neuron projection development","BP"
"GO:0045664","GO:0045664","30/304","360/9332",0.0833333333333333,2.55811403508772,5.53236683065493,1.99560402138385e-06,9.63459057765785e-05,6.97117977604591e-05,"Hhon-g00684.t1/Hhon-g00902.t1/Hhon-g00903.t1/Hhon-g00914.t1/Hhon-g11170.t1/Hhon-g03181.t1/Hhon-g09317.t1/Hhon-g09710.t1/Hhon-g03907.t1/Hhon-g05322.t1/Hhon-g06571.t1/Hhon-g07787.t1/Hhon-g01259.t1/Hhon-g05193.t1/Hhon-g10567.t1/Hhon-g02425.t1/Hhon-g00226.t1/Hhon-g01523.t1/Hhon-g07281.t1/Hhon-g02931.t1/Hhon-g02357.t1/Hhon-g09899.t1/Hhon-g07409.t1/Hhon-g03264.t1/Hhon-g01922.t1/Hhon-g06183.t1/Hhon-g08835.t1/Hhon-g08836.t1/Hhon-g06667.t1/Hhon-g03112.t1",30,"regulation of neuron differentiation","BP"
"GO:0003002","GO:0003002","28/304","326/9332",0.0858895705521472,2.63658379076526,5.51932776656276,2.47930807376662e-06,0.00011742660960142,8.49648980332758e-05,"Hhon-g00684.t1/Hhon-g00902.t1/Hhon-g00903.t1/Hhon-g00914.t1/Hhon-g04657.t1/Hhon-g09710.t1/Hhon-g03907.t1/Hhon-g05322.t1/Hhon-g09380.t1/Hhon-g09266.t1/Hhon-g03432.t1/Hhon-g10573.t1/Hhon-g05242.t1/Hhon-g08174.t1/Hhon-g05189.t1/Hhon-g10567.t1/Hhon-g01324.t1/Hhon-g11664.t1/Hhon-g04500.t1/Hhon-g09473.t1/Hhon-g00226.t1/Hhon-g03531.t1/Hhon-g04925.t1/Hhon-g01922.t1/Hhon-g00665.t1/Hhon-g03112.t1/Hhon-g02688.t1/Hhon-g01891.t1",28,"regionalization","BP"
"GO:0009612","GO:0009612","15/304","110/9332",0.136363636363636,4.186004784689,6.16787152113091,2.51460463825573e-06,0.00011742660960142,8.49648980332758e-05,"Hhon-g07625.t1/Hhon-g00902.t1/Hhon-g00903.t1/Hhon-g00914.t1/Hhon-g04801.t1/Hhon-g06571.t1/Hhon-g07787.t1/Hhon-g02425.t1/Hhon-g03531.t1/Hhon-g05759.t1/Hhon-g04000.t1/Hhon-g04001.t1/Hhon-g06017.t1/Hhon-g06018.t1/Hhon-g00092.t1",15,"response to mechanical stimulus","BP"
"GO:0030111","GO:0030111","17/304","139/9332",0.122302158273381,3.75435441120788,6.00348877431122,2.51709254685125e-06,0.00011742660960142,8.49648980332758e-05,"Hhon-g03907.t1/Hhon-g00241.t1/Hhon-g05242.t1/Hhon-g07787.t1/Hhon-g08174.t1/Hhon-g01324.t1/Hhon-g04500.t1/Hhon-g00226.t1/Hhon-g01523.t1/Hhon-g04374.t1/Hhon-g05759.t1/Hhon-g04016.t1/Hhon-g04925.t1/Hhon-g01922.t1/Hhon-g06160.t1/Hhon-g00901.t1/Hhon-g02727.t1",17,"regulation of Wnt signaling pathway","BP"
"GO:0051223","GO:0051223","26/304","291/9332",0.0893470790378007,2.74272020256828,5.54205762284403,2.78723909375985e-06,0.000128584630192121,9.30383669425803e-05,"Hhon-g03542.t1/Hhon-g07625.t1/Hhon-g03364.t1/Hhon-g09981.t1/Hhon-g03907.t1/Hhon-g04801.t1/Hhon-g06571.t1/Hhon-g10573.t1/Hhon-g00241.t1/Hhon-g04244.t1/Hhon-g04246.t1/Hhon-g04829.t1/Hhon-g05193.t1/Hhon-g00226.t1/Hhon-g03531.t1/Hhon-g01523.t1/Hhon-g02931.t1/Hhon-g07409.t1/Hhon-g04459.t1/Hhon-g08835.t1/Hhon-g08836.t1/Hhon-g00238.t1/Hhon-g08386.t1/Hhon-g05970.t1/Hhon-g07418.t1/Hhon-g07993.t1",26,"regulation of protein transport","BP"
"GO:0046982","GO:0046982","21/304","204/9332",0.102941176470588,3.16002321981424,5.72388367439439,2.87458613949928e-06,0.000131156941221989,9.48995817481891e-05,"Hhon-g03542.t1/Hhon-g00684.t1/Hhon-g04657.t1/Hhon-g01603.t1/Hhon-g00241.t1/Hhon-g07787.t1/Hhon-g08561.t1/Hhon-g10567.t1/Hhon-g04016.t1/Hhon-g04000.t1/Hhon-g04001.t1/Hhon-g06017.t1/Hhon-g06018.t1/Hhon-g09672.t1/Hhon-g01922.t1/Hhon-g08813.t1/Hhon-g06160.t1/Hhon-g05897.t1/Hhon-g00092.t1/Hhon-g06564.t1/Hhon-g08386.t1",21,"protein heterodimerization activity","MF"
"GO:0090087","GO:0090087","27/304","311/9332",0.0868167202572347,2.6650448468438,5.48004216198764,3.08440370676306e-06,0.000139200480331307,0.000100719544383315,"Hhon-g03542.t1/Hhon-g07625.t1/Hhon-g03364.t1/Hhon-g09981.t1/Hhon-g03907.t1/Hhon-g04801.t1/Hhon-g06571.t1/Hhon-g10573.t1/Hhon-g00241.t1/Hhon-g04244.t1/Hhon-g04246.t1/Hhon-g04829.t1/Hhon-g05193.t1/Hhon-g02425.t1/Hhon-g00226.t1/Hhon-g03531.t1/Hhon-g01523.t1/Hhon-g02931.t1/Hhon-g07409.t1/Hhon-g04459.t1/Hhon-g08835.t1/Hhon-g08836.t1/Hhon-g00238.t1/Hhon-g08386.t1/Hhon-g05970.t1/Hhon-g07418.t1/Hhon-g07993.t1",27,"regulation of peptide transport","BP"
"GO:0048678","GO:0048678","9/304","39/9332",0.230769230769231,7.08400809716599,6.98633215408189,3.28676916700708e-06,0.00014673833958509,0.000106173618592396,"Hhon-g00684.t1/Hhon-g00902.t1/Hhon-g00903.t1/Hhon-g00914.t1/Hhon-g01603.t1/Hhon-g11170.t1/Hhon-g03907.t1/Hhon-g09899.t1/Hhon-g00092.t1",9,"response to axon injury","BP"
"GO:0006325","GO:0006325","26/304","295/9332",0.088135593220339,2.70553077609277,5.46214894768496,3.58893989407252e-06,0.000158266471124688,0.000114514884035559,"Hhon-g09981.t1/Hhon-g09266.t1/Hhon-g04801.t1/Hhon-g07787.t1/Hhon-g03304.t1/Hhon-g05246.t1/Hhon-g11664.t1/Hhon-g09473.t1/Hhon-g09811.t1/Hhon-g00226.t1/Hhon-g03531.t1/Hhon-g06894.t1/Hhon-g07578.t1/Hhon-g06127.t1/Hhon-g08741.t1/Hhon-g07460.t1/Hhon-g04016.t1/Hhon-g00521.t1/Hhon-g00901.t1/Hhon-g07536.t1/Hhon-g02746.t1/Hhon-g05440.t1/Hhon-g07320.t1/Hhon-g03381.t1/Hhon-g00082.t1/Hhon-g09845.t1",26,"chromatin organization","BP"
"GO:0015171","GO:0015171","8/304","30/9332",0.266666666666667,8.1859649122807,7.23373614213974,3.62122224394156e-06,0.000158266471124688,0.000114514884035559,"Hhon-g02482.t1/Hhon-g02483.t1/Hhon-g04482.t1/Hhon-g07130.t1/Hhon-g07132.t1/Hhon-g07133.t1/Hhon-g11482.t1/Hhon-g06696.t1",8,"amino acid transmembrane transporter activity","MF"
"GO:0045637","GO:0045637","13/304","86/9332",0.151162790697674,4.64029987760098,6.22321139161064,3.69400706745387e-06,0.00015976580566738,0.000115599738711769,"Hhon-g04801.t1/Hhon-g10567.t1/Hhon-g00226.t1/Hhon-g04016.t1/Hhon-g04000.t1/Hhon-g04001.t1/Hhon-g06017.t1/Hhon-g06018.t1/Hhon-g09672.t1/Hhon-g07409.t1/Hhon-g06160.t1/Hhon-g00092.t1/Hhon-g06173.t1",13,"regulation of myeloid cell differentiation","BP"
"GO:0032880","GO:0032880","34/304","451/9332",0.0753880266075388,2.31421402730774,5.24962819473821,3.85840093887631e-06,0.000165155471115613,0.000119499471291948,"Hhon-g03542.t1/Hhon-g07625.t1/Hhon-g03364.t1/Hhon-g09981.t1/Hhon-g03907.t1/Hhon-g04801.t1/Hhon-g06571.t1/Hhon-g10573.t1/Hhon-g00241.t1/Hhon-g04244.t1/Hhon-g04246.t1/Hhon-g04829.t1/Hhon-g05193.t1/Hhon-g11664.t1/Hhon-g02425.t1/Hhon-g00226.t1/Hhon-g03531.t1/Hhon-g07578.t1/Hhon-g01523.t1/Hhon-g04016.t1/Hhon-g07281.t1/Hhon-g02931.t1/Hhon-g07409.t1/Hhon-g04459.t1/Hhon-g01922.t1/Hhon-g08835.t1/Hhon-g08836.t1/Hhon-g00238.t1/Hhon-g08386.t1/Hhon-g05970.t1/Hhon-g07418.t1/Hhon-g03110.t1/Hhon-g07993.t1/Hhon-g05823.t1",34,"regulation of protein localization","BP"
"GO:0007264","GO:0007264","15/304","114/9332",0.131578947368421,4.03912742382271,5.9908451549369,3.96298336575159e-06,0.000166205120551521,0.000120258952959649,"Hhon-g04845.t1/Hhon-g00305.t1/Hhon-g02085.t1/Hhon-g09060.t1/Hhon-g03181.t1/Hhon-g09317.t1/Hhon-g09710.t1/Hhon-g10494.t1/Hhon-g02425.t1/Hhon-g02931.t1/Hhon-g09899.t1/Hhon-g02290.t1/Hhon-g09076.t1/Hhon-g10981.t1/Hhon-g00092.t1",15,"small GTPase-mediated signal transduction","BP"
"GO:0090276","GO:0090276","15/304","114/9332",0.131578947368421,4.03912742382271,5.9908451549369,3.96298336575159e-06,0.000166205120551521,0.000120258952959649,"Hhon-g03542.t1/Hhon-g07625.t1/Hhon-g03364.t1/Hhon-g09981.t1/Hhon-g03907.t1/Hhon-g04801.t1/Hhon-g06571.t1/Hhon-g10573.t1/Hhon-g00241.t1/Hhon-g04244.t1/Hhon-g04246.t1/Hhon-g04829.t1/Hhon-g02425.t1/Hhon-g00226.t1/Hhon-g08386.t1",15,"regulation of peptide hormone secretion","BP"
"GO:0015297","GO:0015297","9/304","40/9332",0.225,6.90690789473684,6.86974640461167,4.12101700965266e-06,0.000169410521030474,0.000122578244351732,"Hhon-g00543.t1/Hhon-g00544.t1/Hhon-g02482.t1/Hhon-g02483.t1/Hhon-g06340.t1/Hhon-g06341.t1/Hhon-g06342.t1/Hhon-g09765.t1/Hhon-g09766.t1",9,"antiporter activity","MF"
"GO:0070491","GO:0070491","9/304","40/9332",0.225,6.90690789473684,6.86974640461167,4.12101700965266e-06,0.000169410521030474,0.000122578244351732,"Hhon-g09981.t1/Hhon-g04500.t1/Hhon-g00226.t1/Hhon-g03531.t1/Hhon-g06894.t1/Hhon-g04016.t1/Hhon-g06564.t1/Hhon-g08386.t1/Hhon-g06163.t1",9,NA,NA
"GO:0010817","GO:0010817","23/304","244/9332",0.0942622950819672,2.89360440034512,5.49990413194541,4.36946915150203e-06,0.000177863097225847,0.000128694168817201,"Hhon-g03542.t1/Hhon-g07625.t1/Hhon-g03364.t1/Hhon-g01603.t1/Hhon-g09981.t1/Hhon-g03907.t1/Hhon-g04801.t1/Hhon-g06571.t1/Hhon-g10573.t1/Hhon-g00241.t1/Hhon-g07787.t1/Hhon-g04244.t1/Hhon-g04246.t1/Hhon-g04829.t1/Hhon-g02425.t1/Hhon-g00226.t1/Hhon-g01523.t1/Hhon-g04016.t1/Hhon-g09428.t1/Hhon-g02772.t1/Hhon-g00076.t1/Hhon-g00077.t1/Hhon-g08386.t1",23,"regulation of hormone levels","BP"
"GO:0003333","GO:0003333","8/304","31/9332",0.258064516129032,7.92190152801358,7.08347805395658,4.74391794702371e-06,0.000190048492425155,0.000137511002276998,"Hhon-g02482.t1/Hhon-g02483.t1/Hhon-g04482.t1/Hhon-g07130.t1/Hhon-g07132.t1/Hhon-g07133.t1/Hhon-g11482.t1/Hhon-g06696.t1",8,"amino acid transmembrane transport","BP"
"GO:0021953","GO:0021953","12/304","75/9332",0.16,4.91157894736842,6.24097885536053,4.77331090647983e-06,0.000190048492425155,0.000137511002276998,"Hhon-g00684.t1/Hhon-g00902.t1/Hhon-g00903.t1/Hhon-g00914.t1/Hhon-g03907.t1/Hhon-g09380.t1/Hhon-g09266.t1/Hhon-g04801.t1/Hhon-g00241.t1/Hhon-g03264.t1/Hhon-g01922.t1/Hhon-g03354.t1",12,"central nervous system neuron differentiation","BP"
"GO:0032550","GO:0032550","13/304","88/9332",0.147727272727273,4.53483851674641,6.11344567773771,4.80613962057834e-06,0.000190048492425155,0.000137511002276998,"Hhon-g00124.t1/Hhon-g00305.t1/Hhon-g03181.t1/Hhon-g09317.t1/Hhon-g09710.t1/Hhon-g05193.t1/Hhon-g11182.t1/Hhon-g02931.t1/Hhon-g02290.t1/Hhon-g09076.t1/Hhon-g10981.t1/Hhon-g06183.t1/Hhon-g02237.t1",13,"purine ribonucleoside binding","MF"
"GO:0007265","GO:0007265","14/304","102/9332",0.137254901960784,4.21336429308566,5.98775897212258,5.0455194499056e-06,0.000197632044868,0.000142998138133372,"Hhon-g00305.t1/Hhon-g02085.t1/Hhon-g09060.t1/Hhon-g03181.t1/Hhon-g09317.t1/Hhon-g09710.t1/Hhon-g10494.t1/Hhon-g02425.t1/Hhon-g02931.t1/Hhon-g09899.t1/Hhon-g02290.t1/Hhon-g09076.t1/Hhon-g10981.t1/Hhon-g00092.t1",14,"Ras protein signal transduction","BP"
"GO:0033613","GO:0033613","9/304","41/9332",0.219512195121951,6.73844672657253,6.75709716228702,5.13071995846377e-06,0.000199091114649921,0.000144053858942013,"Hhon-g09981.t1/Hhon-g03907.t1/Hhon-g00226.t1/Hhon-g04016.t1/Hhon-g04000.t1/Hhon-g04001.t1/Hhon-g06017.t1/Hhon-g06018.t1/Hhon-g00092.t1",9,NA,NA
"GO:0001654","GO:0001654","27/304","320/9332",0.084375,2.59009046052632,5.31118392342539,5.28184892040527e-06,0.000203057747384469,0.000146923945602696,"Hhon-g09437.t1/Hhon-g01603.t1/Hhon-g11170.t1/Hhon-g09710.t1/Hhon-g10494.t1/Hhon-g09380.t1/Hhon-g05962.t1/Hhon-g03432.t1/Hhon-g07787.t1/Hhon-g05193.t1/Hhon-g10567.t1/Hhon-g04500.t1/Hhon-g09473.t1/Hhon-g00226.t1/Hhon-g09110.t1/Hhon-g01523.t1/Hhon-g05759.t1/Hhon-g07281.t1/Hhon-g09672.t1/Hhon-g04039.t1/Hhon-g09899.t1/Hhon-g04925.t1/Hhon-g01922.t1/Hhon-g00976.t1/Hhon-g06160.t1/Hhon-g00092.t1/Hhon-g05662.t1",27,"eye development","BP"
"GO:0032549","GO:0032549","13/304","89/9332",0.146067415730337,4.48388527498522,6.0597887329527,5.46600110317047e-06,0.000208209509911594,0.000150651541752279,"Hhon-g00124.t1/Hhon-g00305.t1/Hhon-g03181.t1/Hhon-g09317.t1/Hhon-g09710.t1/Hhon-g05193.t1/Hhon-g11182.t1/Hhon-g02931.t1/Hhon-g02290.t1/Hhon-g09076.t1/Hhon-g10981.t1/Hhon-g06183.t1/Hhon-g02237.t1",13,"ribonucleoside binding","MF"
"GO:0046883","GO:0046883","16/304","132/9332",0.121212121212121,3.72089314194577,5.77709686230138,5.60884050892542e-06,0.000211708234482348,0.000153183069975819,"Hhon-g03542.t1/Hhon-g07625.t1/Hhon-g03364.t1/Hhon-g09981.t1/Hhon-g03907.t1/Hhon-g04801.t1/Hhon-g06571.t1/Hhon-g10573.t1/Hhon-g00241.t1/Hhon-g04244.t1/Hhon-g04246.t1/Hhon-g04829.t1/Hhon-g02425.t1/Hhon-g00226.t1/Hhon-g01523.t1/Hhon-g08386.t1",16,"regulation of hormone secretion","BP"
"GO:0051962","GO:0051962","24/304","267/9332",0.0898876404494382,2.75931401537552,5.3520504707341,6.15263064892855e-06,0.000230141643732895,0.00016652070054094,"Hhon-g00684.t1/Hhon-g00902.t1/Hhon-g00903.t1/Hhon-g00914.t1/Hhon-g08474.t1/Hhon-g11170.t1/Hhon-g09317.t1/Hhon-g09710.t1/Hhon-g09380.t1/Hhon-g03432.t1/Hhon-g04801.t1/Hhon-g06571.t1/Hhon-g10573.t1/Hhon-g07787.t1/Hhon-g02425.t1/Hhon-g00226.t1/Hhon-g01523.t1/Hhon-g07281.t1/Hhon-g02931.t1/Hhon-g02357.t1/Hhon-g03264.t1/Hhon-g01922.t1/Hhon-g03112.t1/Hhon-g02712.t1",24,"positive regulation of nervous system development","BP"
"GO:0006865","GO:0006865","9/304","42/9332",0.214285714285714,6.57800751879699,6.64815283381331,6.34536820661425e-06,0.000235231864230914,0.000170203767496965,"Hhon-g02482.t1/Hhon-g02483.t1/Hhon-g04482.t1/Hhon-g07130.t1/Hhon-g07132.t1/Hhon-g07133.t1/Hhon-g11482.t1/Hhon-g02931.t1/Hhon-g06696.t1",9,"amino acid transport","BP"
"GO:0000902","GO:0000902","32/304","422/9332",0.0758293838862559,2.32776253429783,5.1220391623978,6.71917109192463e-06,0.000246884941359921,0.000178635438252006,"Hhon-g00124.t1/Hhon-g01603.t1/Hhon-g11170.t1/Hhon-g09710.t1/Hhon-g10494.t1/Hhon-g03907.t1/Hhon-g05322.t1/Hhon-g09380.t1/Hhon-g03432.t1/Hhon-g04801.t1/Hhon-g05242.t1/Hhon-g08174.t1/Hhon-g06075.t1/Hhon-g04244.t1/Hhon-g04246.t1/Hhon-g09473.t1/Hhon-g02425.t1/Hhon-g00226.t1/Hhon-g04374.t1/Hhon-g07281.t1/Hhon-g02931.t1/Hhon-g02357.t1/Hhon-g07409.t1/Hhon-g07433.t1/Hhon-g04925.t1/Hhon-g03264.t1/Hhon-g01922.t1/Hhon-g06183.t1/Hhon-g08835.t1/Hhon-g08836.t1/Hhon-g05967.t1/Hhon-g07320.t1",32,"cell morphogenesis","BP"
"GO:1901654","GO:1901654","15/304","119/9332",0.126050420168067,3.86941618752764,5.78058245548196,6.79495009852302e-06,0.000247479235167259,0.000179065443962924,"Hhon-g01603.t1/Hhon-g09981.t1/Hhon-g04801.t1/Hhon-g06571.t1/Hhon-g10573.t1/Hhon-g03531.t1/Hhon-g07578.t1/Hhon-g04016.t1/Hhon-g09024.t1/Hhon-g04000.t1/Hhon-g04001.t1/Hhon-g06017.t1/Hhon-g06018.t1/Hhon-g02931.t1/Hhon-g02469.t1",15,"response to ketone","BP"
"GO:0021515","GO:0021515","6/304","16/9332",0.375,11.5115131578947,7.721747585932,6.91392605545915e-06,0.000249622791150142,0.00018061642986069,"Hhon-g00684.t1/Hhon-g03907.t1/Hhon-g09380.t1/Hhon-g09266.t1/Hhon-g00241.t1/Hhon-g03354.t1",6,"cell differentiation in spinal cord","BP"
"GO:0070848","GO:0070848","22/304","235/9332",0.0936170212765957,2.87379619260918,5.33841457133871,7.92502884114767e-06,0.000283661377141768,0.000205245302292518,"Hhon-g07625.t1/Hhon-g00684.t1/Hhon-g09380.t1/Hhon-g09266.t1/Hhon-g06571.t1/Hhon-g10573.t1/Hhon-g07787.t1/Hhon-g04500.t1/Hhon-g01523.t1/Hhon-g04000.t1/Hhon-g04001.t1/Hhon-g06017.t1/Hhon-g06018.t1/Hhon-g02931.t1/Hhon-g02357.t1/Hhon-g07409.t1/Hhon-g03869.t1/Hhon-g04459.t1/Hhon-g06183.t1/Hhon-g00092.t1/Hhon-g07993.t1/Hhon-g03329.t1",22,"response to growth factor","BP"
"GO:0010721","GO:0010721","19/304","184/9332",0.103260869565217,3.16983695652174,5.45479013810777,8.23731684067903e-06,0.000292319141217943,0.00021150969197749,"Hhon-g00684.t1/Hhon-g00902.t1/Hhon-g00903.t1/Hhon-g00914.t1/Hhon-g09317.t1/Hhon-g09710.t1/Hhon-g03907.t1/Hhon-g07787.t1/Hhon-g05193.t1/Hhon-g10567.t1/Hhon-g01324.t1/Hhon-g00226.t1/Hhon-g03531.t1/Hhon-g02931.t1/Hhon-g09899.t1/Hhon-g07409.t1/Hhon-g08835.t1/Hhon-g08836.t1/Hhon-g06667.t1",19,"negative regulation of cell development","BP"
"GO:0070201","GO:0070201","26/304","309/9332",0.0841423948220065,2.5829500936808,5.19249509838161,8.35105224895734e-06,0.000293843804556533,0.000212612873492634,"Hhon-g03542.t1/Hhon-g07625.t1/Hhon-g03364.t1/Hhon-g09981.t1/Hhon-g03907.t1/Hhon-g04801.t1/Hhon-g06571.t1/Hhon-g10573.t1/Hhon-g00241.t1/Hhon-g04244.t1/Hhon-g04246.t1/Hhon-g04829.t1/Hhon-g05193.t1/Hhon-g00226.t1/Hhon-g03531.t1/Hhon-g01523.t1/Hhon-g02931.t1/Hhon-g07409.t1/Hhon-g04459.t1/Hhon-g08835.t1/Hhon-g08836.t1/Hhon-g00238.t1/Hhon-g08386.t1/Hhon-g05970.t1/Hhon-g07418.t1/Hhon-g07993.t1",26,"regulation of establishment of protein localization","BP"
"GO:0007389","GO:0007389","31/304","408/9332",0.0759803921568627,2.33239809081527,5.0499771585724,9.07270477309653e-06,0.000315774030479817,0.000228480651807473,"Hhon-g00684.t1/Hhon-g00902.t1/Hhon-g00903.t1/Hhon-g00914.t1/Hhon-g04657.t1/Hhon-g09710.t1/Hhon-g03907.t1/Hhon-g05322.t1/Hhon-g09380.t1/Hhon-g09266.t1/Hhon-g03432.t1/Hhon-g10573.t1/Hhon-g05242.t1/Hhon-g08174.t1/Hhon-g04244.t1/Hhon-g04246.t1/Hhon-g05189.t1/Hhon-g10567.t1/Hhon-g01324.t1/Hhon-g11664.t1/Hhon-g04500.t1/Hhon-g09473.t1/Hhon-g00226.t1/Hhon-g03531.t1/Hhon-g05759.t1/Hhon-g04925.t1/Hhon-g01922.t1/Hhon-g00665.t1/Hhon-g03112.t1/Hhon-g02688.t1/Hhon-g01891.t1",31,"pattern specification process","BP"
"GO:1903827","GO:1903827","23/304","255/9332",0.0901960784313725,2.768782249742,5.2550687865676,9.12641706589066e-06,0.000315774030479817,0.000228480651807473,"Hhon-g03542.t1/Hhon-g09981.t1/Hhon-g06571.t1/Hhon-g10573.t1/Hhon-g05193.t1/Hhon-g11664.t1/Hhon-g02425.t1/Hhon-g03531.t1/Hhon-g07578.t1/Hhon-g01523.t1/Hhon-g04016.t1/Hhon-g07281.t1/Hhon-g02931.t1/Hhon-g07409.t1/Hhon-g04459.t1/Hhon-g01922.t1/Hhon-g08835.t1/Hhon-g08836.t1/Hhon-g00238.t1/Hhon-g07418.t1/Hhon-g03110.t1/Hhon-g07993.t1/Hhon-g05823.t1",23,NA,NA
"GO:0001047","GO:0001047","8/304","34/9332",0.235294117647059,7.22291021671827,6.67026877598102,1.00258994383924e-05,0.000341209298919714,0.000246884529742639,"Hhon-g00241.t1/Hhon-g07787.t1/Hhon-g00226.t1/Hhon-g04000.t1/Hhon-g04001.t1/Hhon-g06017.t1/Hhon-g06018.t1/Hhon-g08814.t1",8,NA,NA
"GO:0017053","GO:0017053","8/304","34/9332",0.235294117647059,7.22291021671827,6.67026877598102,1.00258994383924e-05,0.000341209298919714,0.000246884529742639,"Hhon-g00226.t1/Hhon-g03531.t1/Hhon-g06894.t1/Hhon-g07460.t1/Hhon-g04016.t1/Hhon-g00092.t1/Hhon-g10909.t1/Hhon-g06163.t1",8,"transcription repressor complex","CC"
"GO:0009880","GO:0009880","15/304","123/9332",0.121951219512195,3.74358151476252,5.62042683445299,1.02348168639933e-05,0.000345487476579676,0.000249980037054658,"Hhon-g00902.t1/Hhon-g00903.t1/Hhon-g00914.t1/Hhon-g09710.t1/Hhon-g03907.t1/Hhon-g09380.t1/Hhon-g09266.t1/Hhon-g03432.t1/Hhon-g05242.t1/Hhon-g08174.t1/Hhon-g00226.t1/Hhon-g04925.t1/Hhon-g01922.t1/Hhon-g00665.t1/Hhon-g02688.t1",15,"embryonic pattern specification","BP"
"GO:0070412","GO:0070412","6/304","17/9332",0.352941176470588,10.8343653250774,7.44705360084741,1.03939920332487e-05,0.000347072855442829,0.000251127149739842,"Hhon-g04000.t1/Hhon-g04001.t1/Hhon-g06017.t1/Hhon-g06018.t1/Hhon-g04459.t1/Hhon-g00092.t1",6,"R-SMAD binding","MF"
"GO:0017111","GO:0017111","29/304","371/9332",0.078167115902965,2.39952475528444,5.04771018978946,1.04489660236883e-05,0.000347072855442829,0.000251127149739842,"Hhon-g00124.t1/Hhon-g00305.t1/Hhon-g02085.t1/Hhon-g09060.t1/Hhon-g03181.t1/Hhon-g09317.t1/Hhon-g09710.t1/Hhon-g10494.t1/Hhon-g05193.t1/Hhon-g11182.t1/Hhon-g01323.t1/Hhon-g01363.t1/Hhon-g08202.t1/Hhon-g03321.t1/Hhon-g08053.t1/Hhon-g04459.t1/Hhon-g09751.t1/Hhon-g01983.t1/Hhon-g05253.t1/Hhon-g11373.t1/Hhon-g07501.t1/Hhon-g02290.t1/Hhon-g09076.t1/Hhon-g10981.t1/Hhon-g06183.t1/Hhon-g03376.t1/Hhon-g06163.t1/Hhon-g01891.t1/Hhon-g02237.t1",29,"ribonucleoside triphosphate phosphatase activity","MF"
"GO:0090090","GO:0090090","10/304","56/9332",0.178571428571429,5.48167293233083,6.17246894877029,1.09318619216313e-05,0.000360139680190612,0.000260581748114797,"Hhon-g03907.t1/Hhon-g05242.t1/Hhon-g07787.t1/Hhon-g08174.t1/Hhon-g04500.t1/Hhon-g00226.t1/Hhon-g04374.t1/Hhon-g04016.t1/Hhon-g01922.t1/Hhon-g00901.t1",10,"negative regulation of canonical Wnt signaling pathway","BP"
"GO:0051640","GO:0051640","30/304","392/9332",0.076530612244898,2.34928839957035,5.00822892298519,1.10791776254168e-05,0.000360139680190612,0.000260581748114797,"Hhon-g03542.t1/Hhon-g00124.t1/Hhon-g00305.t1/Hhon-g03364.t1/Hhon-g05981.t1/Hhon-g07037.t1/Hhon-g03432.t1/Hhon-g10573.t1/Hhon-g01323.t1/Hhon-g01363.t1/Hhon-g09811.t1/Hhon-g01523.t1/Hhon-g05759.t1/Hhon-g08053.t1/Hhon-g06937.t1/Hhon-g07281.t1/Hhon-g01983.t1/Hhon-g05253.t1/Hhon-g01922.t1/Hhon-g06183.t1/Hhon-g00665.t1/Hhon-g00658.t1/Hhon-g03112.t1/Hhon-g02688.t1/Hhon-g08771.t1/Hhon-g00901.t1/Hhon-g05970.t1/Hhon-g03110.t1/Hhon-g02474.t1/Hhon-g06173.t1",30,"organelle localization","BP"
"GO:0050769","GO:0050769","22/304","240/9332",0.0916666666666667,2.81392543859649,5.22396730361236,1.11025720289977e-05,0.000360139680190612,0.000260581748114797,"Hhon-g00684.t1/Hhon-g00902.t1/Hhon-g00903.t1/Hhon-g00914.t1/Hhon-g08474.t1/Hhon-g11170.t1/Hhon-g09317.t1/Hhon-g09710.t1/Hhon-g03432.t1/Hhon-g06571.t1/Hhon-g10573.t1/Hhon-g07787.t1/Hhon-g02425.t1/Hhon-g00226.t1/Hhon-g01523.t1/Hhon-g07281.t1/Hhon-g02931.t1/Hhon-g02357.t1/Hhon-g03264.t1/Hhon-g01922.t1/Hhon-g03112.t1/Hhon-g02712.t1",22,"positive regulation of neurogenesis","BP"
"GO:0001883","GO:0001883","13/304","95/9332",0.136842105263158,4.20069252077562,5.75367593153391,1.13837563017702e-05,0.000366398109805814,0.000265110081479007,"Hhon-g00124.t1/Hhon-g00305.t1/Hhon-g03181.t1/Hhon-g09317.t1/Hhon-g09710.t1/Hhon-g05193.t1/Hhon-g11182.t1/Hhon-g02931.t1/Hhon-g02290.t1/Hhon-g09076.t1/Hhon-g10981.t1/Hhon-g06183.t1/Hhon-g02237.t1",13,"purine nucleoside binding","MF"
"GO:0003713","GO:0003713","15/304","125/9332",0.12,3.68368421052632,5.54284146593523,1.24761554211983e-05,0.000398469210067811,0.000288315364956275,"Hhon-g01603.t1/Hhon-g03181.t1/Hhon-g03907.t1/Hhon-g04801.t1/Hhon-g00241.t1/Hhon-g05246.t1/Hhon-g11664.t1/Hhon-g09473.t1/Hhon-g08741.t1/Hhon-g04459.t1/Hhon-g06160.t1/Hhon-g00092.t1/Hhon-g02469.t1/Hhon-g06564.t1/Hhon-g03354.t1",15,"transcription coactivator activity","MF"
"GO:0030856","GO:0030856","8/304","35/9332",0.228571428571429,7.01654135338346,6.54356806293677,1.26325649552325e-05,0.000400384806825384,0.000289701409258606,"Hhon-g00684.t1/Hhon-g09380.t1/Hhon-g03432.t1/Hhon-g10573.t1/Hhon-g07787.t1/Hhon-g04244.t1/Hhon-g04246.t1/Hhon-g06160.t1",8,"regulation of epithelial cell differentiation","BP"
"GO:0001882","GO:0001882","13/304","96/9332",0.135416666666667,4.15693530701754,5.70511559007804,1.27874983373469e-05,0.000402224947702002,0.000291032856896236,"Hhon-g00124.t1/Hhon-g00305.t1/Hhon-g03181.t1/Hhon-g09317.t1/Hhon-g09710.t1/Hhon-g05193.t1/Hhon-g11182.t1/Hhon-g02931.t1/Hhon-g02290.t1/Hhon-g09076.t1/Hhon-g10981.t1/Hhon-g06183.t1/Hhon-g02237.t1",13,"nucleoside binding","MF"
"GO:0008509","GO:0008509","15/304","126/9332",0.119047619047619,3.65444862155388,5.50464381100889,1.37522543004246e-05,0.000429318495153105,0.000310636594961708,"Hhon-g00543.t1/Hhon-g00544.t1/Hhon-g02482.t1/Hhon-g02483.t1/Hhon-g04482.t1/Hhon-g07130.t1/Hhon-g07132.t1/Hhon-g07133.t1/Hhon-g11482.t1/Hhon-g06340.t1/Hhon-g06341.t1/Hhon-g06342.t1/Hhon-g09765.t1/Hhon-g09766.t1/Hhon-g06696.t1",15,"monoatomic anion transmembrane transporter activity","MF"
"GO:0005525","GO:0005525","12/304","83/9332",0.144578313253012,4.43817374762207,5.77330614447273,1.4016619780941e-05,0.000431162657201442,0.000311970952148088,"Hhon-g00124.t1/Hhon-g00305.t1/Hhon-g03181.t1/Hhon-g09317.t1/Hhon-g09710.t1/Hhon-g05193.t1/Hhon-g11182.t1/Hhon-g02931.t1/Hhon-g02290.t1/Hhon-g09076.t1/Hhon-g10981.t1/Hhon-g02237.t1",12,"GTP binding","MF"
"GO:0000118","GO:0000118","7/304","26/9332",0.269230769230769,8.26467611336032,6.8065418290442,1.40190170332839e-05,0.000431162657201442,0.000311970952148088,"Hhon-g00226.t1/Hhon-g03531.t1/Hhon-g06894.t1/Hhon-g07578.t1/Hhon-g00590.t1/Hhon-g07460.t1/Hhon-g04016.t1",7,"histone deacetylase complex","CC"
"GO:0032482","GO:0032482","6/304","18/9332",0.333333333333333,10.2324561403509,7.19433240944895,1.51663648519049e-05,0.000454624137143667,0.00032894668071393,"Hhon-g00305.t1/Hhon-g02085.t1/Hhon-g09060.t1/Hhon-g02290.t1/Hhon-g09076.t1/Hhon-g10981.t1",6,"Rab protein signal transduction","BP"
"GO:0035914","GO:0035914","6/304","18/9332",0.333333333333333,10.2324561403509,7.19433240944895,1.51663648519049e-05,0.000454624137143667,0.00032894668071393,"Hhon-g09266.t1/Hhon-g07787.t1/Hhon-g04000.t1/Hhon-g04001.t1/Hhon-g06017.t1/Hhon-g06018.t1",6,"skeletal muscle cell differentiation","BP"
"GO:0016569","GO:0016569","19/304","192/9332",0.0989583333333333,3.03776041666667,5.2352297987466,1.52198350344339e-05,0.000454624137143667,0.00032894668071393,"Hhon-g04801.t1/Hhon-g03304.t1/Hhon-g05246.t1/Hhon-g11664.t1/Hhon-g00226.t1/Hhon-g03531.t1/Hhon-g06894.t1/Hhon-g07578.t1/Hhon-g06127.t1/Hhon-g08741.t1/Hhon-g07460.t1/Hhon-g04016.t1/Hhon-g00901.t1/Hhon-g07536.t1/Hhon-g02746.t1/Hhon-g05440.t1/Hhon-g07320.t1/Hhon-g03381.t1/Hhon-g09845.t1",19,NA,NA
"GO:0016570","GO:0016570","19/304","192/9332",0.0989583333333333,3.03776041666667,5.2352297987466,1.52198350344339e-05,0.000454624137143667,0.00032894668071393,"Hhon-g04801.t1/Hhon-g03304.t1/Hhon-g05246.t1/Hhon-g11664.t1/Hhon-g00226.t1/Hhon-g03531.t1/Hhon-g06894.t1/Hhon-g07578.t1/Hhon-g06127.t1/Hhon-g08741.t1/Hhon-g07460.t1/Hhon-g04016.t1/Hhon-g00901.t1/Hhon-g07536.t1/Hhon-g02746.t1/Hhon-g05440.t1/Hhon-g07320.t1/Hhon-g03381.t1/Hhon-g09845.t1",19,NA,NA
"GO:0007548","GO:0007548","22/304","245/9332",0.0897959183673469,2.75649838882922,5.11240964180099,1.53922006248323e-05,0.000456488692816456,0.000330295793859184,"Hhon-g00902.t1/Hhon-g00903.t1/Hhon-g00914.t1/Hhon-g09981.t1/Hhon-g09380.t1/Hhon-g03432.t1/Hhon-g04801.t1/Hhon-g07787.t1/Hhon-g02425.t1/Hhon-g03531.t1/Hhon-g06894.t1/Hhon-g09110.t1/Hhon-g07460.t1/Hhon-g04016.t1/Hhon-g02931.t1/Hhon-g03264.t1/Hhon-g01983.t1/Hhon-g05253.t1/Hhon-g01922.t1/Hhon-g09428.t1/Hhon-g00901.t1/Hhon-g03381.t1",22,"sex differentiation","BP"
"GO:0006836","GO:0006836","14/304","113/9332",0.123893805309735,3.80321378667909,5.50121534831921,1.68571907808095e-05,0.000496390468949794,0.000359167021190222,"Hhon-g02085.t1/Hhon-g03364.t1/Hhon-g05981.t1/Hhon-g07037.t1/Hhon-g10573.t1/Hhon-g01259.t1/Hhon-g05193.t1/Hhon-g04482.t1/Hhon-g06937.t1/Hhon-g07281.t1/Hhon-g02931.t1/Hhon-g01922.t1/Hhon-g00658.t1/Hhon-g09428.t1",14,"neurotransmitter transport","BP"
"GO:0050796","GO:0050796","13/304","99/9332",0.131313131313131,4.03096757044126,5.56330129002555,1.79535919753819e-05,0.000524952914660462,0.000379833591532542,"Hhon-g03542.t1/Hhon-g07625.t1/Hhon-g03364.t1/Hhon-g09981.t1/Hhon-g03907.t1/Hhon-g04801.t1/Hhon-g10573.t1/Hhon-g00241.t1/Hhon-g04244.t1/Hhon-g04246.t1/Hhon-g04829.t1/Hhon-g00226.t1/Hhon-g08386.t1",13,"regulation of insulin secretion","BP"
"GO:0030424","GO:0030424","24/304","285/9332",0.0842105263157895,2.58504155124654,4.98673049579898,1.85332465573211e-05,0.000534375275736092,0.000386651211071597,"Hhon-g03542.t1/Hhon-g07625.t1/Hhon-g03364.t1/Hhon-g01603.t1/Hhon-g04801.t1/Hhon-g06571.t1/Hhon-g01259.t1/Hhon-g04482.t1/Hhon-g02425.t1/Hhon-g01523.t1/Hhon-g07281.t1/Hhon-g02931.t1/Hhon-g02357.t1/Hhon-g07409.t1/Hhon-g03264.t1/Hhon-g01922.t1/Hhon-g09076.t1/Hhon-g10981.t1/Hhon-g00658.t1/Hhon-g09428.t1/Hhon-g05897.t1/Hhon-g06667.t1/Hhon-g08386.t1/Hhon-g07993.t1",24,"axon","CC"
"GO:0061458","GO:0061458","24/304","285/9332",0.0842105263157895,2.58504155124654,4.98673049579898,1.85332465573211e-05,0.000534375275736092,0.000386651211071597,"Hhon-g00684.t1/Hhon-g00902.t1/Hhon-g00903.t1/Hhon-g00914.t1/Hhon-g01603.t1/Hhon-g09380.t1/Hhon-g03432.t1/Hhon-g04801.t1/Hhon-g06571.t1/Hhon-g07787.t1/Hhon-g02425.t1/Hhon-g06894.t1/Hhon-g09110.t1/Hhon-g07460.t1/Hhon-g04016.t1/Hhon-g02931.t1/Hhon-g03264.t1/Hhon-g01983.t1/Hhon-g05253.t1/Hhon-g01922.t1/Hhon-g09428.t1/Hhon-g02772.t1/Hhon-g02688.t1/Hhon-g03381.t1",24,"reproductive system development","BP"
"GO:0038093","GO:0038093","8/304","37/9332",0.216216216216216,6.63726884779516,6.3044909205454,1.9578509691608e-05,0.000556780631777784,0.000402862773322634,"Hhon-g10573.t1/Hhon-g04000.t1/Hhon-g04001.t1/Hhon-g06017.t1/Hhon-g06018.t1/Hhon-g02931.t1/Hhon-g00092.t1/Hhon-g05967.t1",8,"Fc receptor signaling pathway","BP"
"GO:0046332","GO:0046332","8/304","37/9332",0.216216216216216,6.63726884779516,6.3044909205454,1.9578509691608e-05,0.000556780631777784,0.000402862773322634,"Hhon-g09473.t1/Hhon-g04000.t1/Hhon-g04001.t1/Hhon-g06017.t1/Hhon-g06018.t1/Hhon-g03869.t1/Hhon-g04459.t1/Hhon-g00092.t1",8,"SMAD binding","MF"
"GO:0007350","GO:0007350","13/304","100/9332",0.13,3.99065789473684,5.51726634272074,2.00421768526774e-05,0.000566089240083787,0.000409598086197933,"Hhon-g00902.t1/Hhon-g00903.t1/Hhon-g00914.t1/Hhon-g09710.t1/Hhon-g03907.t1/Hhon-g09266.t1/Hhon-g03432.t1/Hhon-g05242.t1/Hhon-g08174.t1/Hhon-g00226.t1/Hhon-g04925.t1/Hhon-g01922.t1/Hhon-g00665.t1",13,"blastoderm segmentation","BP"
"GO:0022603","GO:0022603","31/304","426/9332",0.0727699530516432,2.23384605880899,4.78332118827145,2.13837901182212e-05,0.000599902003857124,0.000434063563281674,"Hhon-g00684.t1/Hhon-g01603.t1/Hhon-g09981.t1/Hhon-g11170.t1/Hhon-g03181.t1/Hhon-g09710.t1/Hhon-g10494.t1/Hhon-g03907.t1/Hhon-g05322.t1/Hhon-g09380.t1/Hhon-g09266.t1/Hhon-g03432.t1/Hhon-g04801.t1/Hhon-g07787.t1/Hhon-g04500.t1/Hhon-g02425.t1/Hhon-g00226.t1/Hhon-g01523.t1/Hhon-g04374.t1/Hhon-g05759.t1/Hhon-g07281.t1/Hhon-g02931.t1/Hhon-g09899.t1/Hhon-g07409.t1/Hhon-g03264.t1/Hhon-g01922.t1/Hhon-g06183.t1/Hhon-g08814.t1/Hhon-g06667.t1/Hhon-g03112.t1/Hhon-g05967.t1",31,"regulation of anatomical structure morphogenesis","BP"
"GO:0000904","GO:0000904","27/304","346/9332",0.0780346820809249,2.39545938545786,4.85374721703813,2.20169469571753e-05,0.000613519219907327,0.000443916401383103,"Hhon-g00124.t1/Hhon-g01603.t1/Hhon-g11170.t1/Hhon-g09710.t1/Hhon-g10494.t1/Hhon-g03907.t1/Hhon-g05322.t1/Hhon-g09380.t1/Hhon-g03432.t1/Hhon-g04801.t1/Hhon-g05242.t1/Hhon-g08174.t1/Hhon-g06075.t1/Hhon-g04244.t1/Hhon-g04246.t1/Hhon-g09473.t1/Hhon-g02425.t1/Hhon-g00226.t1/Hhon-g07281.t1/Hhon-g02931.t1/Hhon-g07409.t1/Hhon-g07433.t1/Hhon-g04925.t1/Hhon-g03264.t1/Hhon-g01922.t1/Hhon-g06183.t1/Hhon-g07320.t1",27,NA,NA
"GO:0015114","GO:0015114","5/304","12/9332",0.416666666666667,12.7905701754386,7.49933208858855,2.32908243825167e-05,0.000633347696631057,0.000458263443409653,"Hhon-g06340.t1/Hhon-g06341.t1/Hhon-g06342.t1/Hhon-g09765.t1/Hhon-g09766.t1",5,NA,NA
"GO:0035435","GO:0035435","5/304","12/9332",0.416666666666667,12.7905701754386,7.49933208858855,2.32908243825167e-05,0.000633347696631057,0.000458263443409653,"Hhon-g06340.t1/Hhon-g06341.t1/Hhon-g06342.t1/Hhon-g09765.t1/Hhon-g09766.t1",5,"phosphate ion transmembrane transport","BP"
"GO:0010562","GO:0010562","28/304","367/9332",0.0762942779291553,2.34203355800947,4.81311648199329,2.33386795723872e-05,0.000633347696631057,0.000458263443409653,"Hhon-g03181.t1/Hhon-g09317.t1/Hhon-g09710.t1/Hhon-g03907.t1/Hhon-g04801.t1/Hhon-g06571.t1/Hhon-g10573.t1/Hhon-g07787.t1/Hhon-g01259.t1/Hhon-g05193.t1/Hhon-g10567.t1/Hhon-g00226.t1/Hhon-g03531.t1/Hhon-g01523.t1/Hhon-g09357.t1/Hhon-g09024.t1/Hhon-g01914.t1/Hhon-g02931.t1/Hhon-g07409.t1/Hhon-g03264.t1/Hhon-g07501.t1/Hhon-g01922.t1/Hhon-g08787.t1/Hhon-g00092.t1/Hhon-g06667.t1/Hhon-g03688.t1/Hhon-g03387.t1/Hhon-g00422.t1",28,"positive regulation of phosphorus metabolic process","BP"
"GO:0045937","GO:0045937","28/304","367/9332",0.0762942779291553,2.34203355800947,4.81311648199329,2.33386795723872e-05,0.000633347696631057,0.000458263443409653,"Hhon-g03181.t1/Hhon-g09317.t1/Hhon-g09710.t1/Hhon-g03907.t1/Hhon-g04801.t1/Hhon-g06571.t1/Hhon-g10573.t1/Hhon-g07787.t1/Hhon-g01259.t1/Hhon-g05193.t1/Hhon-g10567.t1/Hhon-g00226.t1/Hhon-g03531.t1/Hhon-g01523.t1/Hhon-g09357.t1/Hhon-g09024.t1/Hhon-g01914.t1/Hhon-g02931.t1/Hhon-g07409.t1/Hhon-g03264.t1/Hhon-g07501.t1/Hhon-g01922.t1/Hhon-g08787.t1/Hhon-g00092.t1/Hhon-g06667.t1/Hhon-g03688.t1/Hhon-g03387.t1/Hhon-g00422.t1",28,"positive regulation of phosphate metabolic process","BP"
"GO:0001934","GO:0001934","25/304","309/9332",0.0809061488673139,2.48360585930847,4.86661972676369,2.44870080275656e-05,0.00066019517747047,0.000477689138145402,"Hhon-g03181.t1/Hhon-g09317.t1/Hhon-g09710.t1/Hhon-g03907.t1/Hhon-g04801.t1/Hhon-g06571.t1/Hhon-g10573.t1/Hhon-g07787.t1/Hhon-g10567.t1/Hhon-g00226.t1/Hhon-g03531.t1/Hhon-g01523.t1/Hhon-g09357.t1/Hhon-g09024.t1/Hhon-g01914.t1/Hhon-g02931.t1/Hhon-g07409.t1/Hhon-g03264.t1/Hhon-g01922.t1/Hhon-g08787.t1/Hhon-g00092.t1/Hhon-g06667.t1/Hhon-g03688.t1/Hhon-g03387.t1/Hhon-g00422.t1",25,"positive regulation of protein phosphorylation","BP"
"GO:0050768","GO:0050768","17/304","165/9332",0.103030303030303,3.16275917065391,5.14329731447915,2.54925310769391e-05,0.000682870896977105,0.000494096323895309,"Hhon-g00684.t1/Hhon-g00902.t1/Hhon-g00903.t1/Hhon-g00914.t1/Hhon-g09317.t1/Hhon-g03907.t1/Hhon-g07787.t1/Hhon-g05193.t1/Hhon-g10567.t1/Hhon-g01324.t1/Hhon-g00226.t1/Hhon-g03531.t1/Hhon-g09899.t1/Hhon-g07409.t1/Hhon-g08835.t1/Hhon-g08836.t1/Hhon-g06667.t1",17,"negative regulation of neurogenesis","BP"
"GO:0035270","GO:0035270","10/304","62/9332",0.161290322580645,4.95118845500849,5.7278130312832,2.77651781950533e-05,0.000738980896576034,0.000534695132042389,"Hhon-g00684.t1/Hhon-g09437.t1/Hhon-g09981.t1/Hhon-g03907.t1/Hhon-g06571.t1/Hhon-g00241.t1/Hhon-g07787.t1/Hhon-g04244.t1/Hhon-g04246.t1/Hhon-g04829.t1",10,"endocrine system development","BP"
"GO:0035282","GO:0035282","16/304","150/9332",0.106666666666667,3.27438596491228,5.1528353235091,2.87309130075191e-05,0.000759813699409041,0.000549768861706065,"Hhon-g00902.t1/Hhon-g00903.t1/Hhon-g00914.t1/Hhon-g09710.t1/Hhon-g03907.t1/Hhon-g05322.t1/Hhon-g09380.t1/Hhon-g09266.t1/Hhon-g03432.t1/Hhon-g05242.t1/Hhon-g08174.t1/Hhon-g00226.t1/Hhon-g04925.t1/Hhon-g01922.t1/Hhon-g00665.t1/Hhon-g02688.t1",16,"segmentation","BP"
"GO:0031490","GO:0031490","8/304","39/9332",0.205128205128205,6.29689608636977,6.08248293789639,2.94782056592545e-05,0.00076063612833379,0.000550363936280458,"Hhon-g01603.t1/Hhon-g05242.t1/Hhon-g08174.t1/Hhon-g09473.t1/Hhon-g09811.t1/Hhon-g00226.t1/Hhon-g03531.t1/Hhon-g03381.t1",8,"chromatin DNA binding","MF"
"GO:0016462","GO:0016462","29/304","392/9332",0.0739795918367347,2.27097878625134,4.71756276851669,2.94948017008045e-05,0.00076063612833379,0.000550363936280458,"Hhon-g00124.t1/Hhon-g00305.t1/Hhon-g02085.t1/Hhon-g09060.t1/Hhon-g03181.t1/Hhon-g09317.t1/Hhon-g09710.t1/Hhon-g10494.t1/Hhon-g05193.t1/Hhon-g11182.t1/Hhon-g01323.t1/Hhon-g01363.t1/Hhon-g08202.t1/Hhon-g03321.t1/Hhon-g08053.t1/Hhon-g04459.t1/Hhon-g09751.t1/Hhon-g01983.t1/Hhon-g05253.t1/Hhon-g11373.t1/Hhon-g07501.t1/Hhon-g02290.t1/Hhon-g09076.t1/Hhon-g10981.t1/Hhon-g06183.t1/Hhon-g03376.t1/Hhon-g06163.t1/Hhon-g01891.t1/Hhon-g02237.t1",29,"pyrophosphatase activity","MF"
"GO:0016817","GO:0016817","29/304","392/9332",0.0739795918367347,2.27097878625134,4.71756276851669,2.94948017008045e-05,0.00076063612833379,0.000550363936280458,"Hhon-g00124.t1/Hhon-g00305.t1/Hhon-g02085.t1/Hhon-g09060.t1/Hhon-g03181.t1/Hhon-g09317.t1/Hhon-g09710.t1/Hhon-g10494.t1/Hhon-g05193.t1/Hhon-g11182.t1/Hhon-g01323.t1/Hhon-g01363.t1/Hhon-g08202.t1/Hhon-g03321.t1/Hhon-g08053.t1/Hhon-g04459.t1/Hhon-g09751.t1/Hhon-g01983.t1/Hhon-g05253.t1/Hhon-g11373.t1/Hhon-g07501.t1/Hhon-g02290.t1/Hhon-g09076.t1/Hhon-g10981.t1/Hhon-g06183.t1/Hhon-g03376.t1/Hhon-g06163.t1/Hhon-g01891.t1/Hhon-g02237.t1",29,"hydrolase activity, acting on acid anhydrides","MF"
"GO:0016818","GO:0016818","29/304","392/9332",0.0739795918367347,2.27097878625134,4.71756276851669,2.94948017008045e-05,0.00076063612833379,0.000550363936280458,"Hhon-g00124.t1/Hhon-g00305.t1/Hhon-g02085.t1/Hhon-g09060.t1/Hhon-g03181.t1/Hhon-g09317.t1/Hhon-g09710.t1/Hhon-g10494.t1/Hhon-g05193.t1/Hhon-g11182.t1/Hhon-g01323.t1/Hhon-g01363.t1/Hhon-g08202.t1/Hhon-g03321.t1/Hhon-g08053.t1/Hhon-g04459.t1/Hhon-g09751.t1/Hhon-g01983.t1/Hhon-g05253.t1/Hhon-g11373.t1/Hhon-g07501.t1/Hhon-g02290.t1/Hhon-g09076.t1/Hhon-g10981.t1/Hhon-g06183.t1/Hhon-g03376.t1/Hhon-g06163.t1/Hhon-g01891.t1/Hhon-g02237.t1",29,"hydrolase activity, acting on acid anhydrides, in phosphorus-containing anhydrides","MF"
"GO:0071276","GO:0071276","6/304","20/9332",0.3,9.20921052631579,6.74372759021136,2.9966011671356e-05,0.000768017780614014,0.000555704985770306,"Hhon-g06571.t1/Hhon-g04000.t1/Hhon-g04001.t1/Hhon-g06017.t1/Hhon-g06018.t1/Hhon-g00092.t1",6,"cellular response to cadmium ion","BP"
"GO:0099516","GO:0099516","7/304","29/9332",0.241379310344828,7.40970961887477,6.34352936730573,3.05792755426639e-05,0.000778927313209451,0.000563598659339766,"Hhon-g00543.t1/Hhon-g00544.t1/Hhon-g06340.t1/Hhon-g06341.t1/Hhon-g06342.t1/Hhon-g09765.t1/Hhon-g09766.t1",7,NA,NA
"GO:0098656","GO:0098656","15/304","135/9332",0.111111111111111,3.41081871345029,5.17742070599726,3.15615427091206e-05,0.000799045886147979,0.000578155602643325,"Hhon-g00543.t1/Hhon-g00544.t1/Hhon-g02482.t1/Hhon-g02483.t1/Hhon-g04482.t1/Hhon-g07130.t1/Hhon-g07132.t1/Hhon-g07133.t1/Hhon-g11482.t1/Hhon-g06340.t1/Hhon-g06341.t1/Hhon-g06342.t1/Hhon-g09765.t1/Hhon-g09766.t1/Hhon-g06696.t1",15,"monoatomic anion transmembrane transport","BP"
"GO:0031401","GO:0031401","31/304","435/9332",0.071264367816092,2.18762855414398,4.65488091839765,3.20890205541675e-05,0.000807476444490325,0.000584255595927235,"Hhon-g03181.t1/Hhon-g09317.t1/Hhon-g09710.t1/Hhon-g03907.t1/Hhon-g09266.t1/Hhon-g04801.t1/Hhon-g06571.t1/Hhon-g10573.t1/Hhon-g00241.t1/Hhon-g07787.t1/Hhon-g10567.t1/Hhon-g11664.t1/Hhon-g04500.t1/Hhon-g00226.t1/Hhon-g03531.t1/Hhon-g01523.t1/Hhon-g09357.t1/Hhon-g09024.t1/Hhon-g01914.t1/Hhon-g02931.t1/Hhon-g07409.t1/Hhon-g03264.t1/Hhon-g07501.t1/Hhon-g01922.t1/Hhon-g08787.t1/Hhon-g00092.t1/Hhon-g06667.t1/Hhon-g03688.t1/Hhon-g03387.t1/Hhon-g03329.t1/Hhon-g00422.t1",31,"positive regulation of protein modification process","BP"
"GO:2000756","GO:2000756","8/304","40/9332",0.2,6.13947368421053,5.97721879075863,3.5817502821655e-05,0.000895869106719949,0.000648212765079286,"Hhon-g03907.t1/Hhon-g00241.t1/Hhon-g03304.t1/Hhon-g11664.t1/Hhon-g04500.t1/Hhon-g00226.t1/Hhon-g07578.t1/Hhon-g04016.t1",8,"regulation of peptidyl-lysine acetylation","BP"
"GO:0006817","GO:0006817","5/304","13/9332",0.384615384615385,11.8066801619433,7.15458470445225,3.6841510837251e-05,0.000915963790396804,0.000662752423129622,"Hhon-g06340.t1/Hhon-g06341.t1/Hhon-g06342.t1/Hhon-g09765.t1/Hhon-g09766.t1",5,"phosphate ion transport","BP"
"GO:0031344","GO:0031344","29/304","397/9332",0.0730478589420655,2.24237703831367,4.6420146037997,3.72492329390624e-05,0.000920588185493971,0.000666098438647144,"Hhon-g00684.t1/Hhon-g09981.t1/Hhon-g11170.t1/Hhon-g03181.t1/Hhon-g09317.t1/Hhon-g09710.t1/Hhon-g05322.t1/Hhon-g03432.t1/Hhon-g06571.t1/Hhon-g01259.t1/Hhon-g04244.t1/Hhon-g04246.t1/Hhon-g05193.t1/Hhon-g02425.t1/Hhon-g00226.t1/Hhon-g07359.t1/Hhon-g07281.t1/Hhon-g02931.t1/Hhon-g09899.t1/Hhon-g07409.t1/Hhon-g03264.t1/Hhon-g01922.t1/Hhon-g06183.t1/Hhon-g08835.t1/Hhon-g08836.t1/Hhon-g05897.t1/Hhon-g06667.t1/Hhon-g03112.t1/Hhon-g02237.t1",29,"regulation of cell projection organization","BP"
"GO:0015605","GO:0015605","6/304","21/9332",0.285714285714286,8.77067669172932,6.54147122531394,4.08116770781241e-05,0.0009900587320765,0.000716364370080705,"Hhon-g09899.t1/Hhon-g06340.t1/Hhon-g06341.t1/Hhon-g06342.t1/Hhon-g09765.t1/Hhon-g09766.t1",6,"organophosphate ester transmembrane transporter activity","MF"
"GO:0038095","GO:0038095","6/304","21/9332",0.285714285714286,8.77067669172932,6.54147122531394,4.08116770781241e-05,0.0009900587320765,0.000716364370080705,"Hhon-g04000.t1/Hhon-g04001.t1/Hhon-g06017.t1/Hhon-g06018.t1/Hhon-g02931.t1/Hhon-g00092.t1",6,"Fc-epsilon receptor signaling pathway","BP"
"GO:0007517","GO:0007517","15/304","138/9332",0.108695652173913,3.3366704805492,5.07446050738363,4.09276806224356e-05,0.0009900587320765,0.000716364370080705,"Hhon-g04657.t1/Hhon-g01603.t1/Hhon-g09710.t1/Hhon-g03907.t1/Hhon-g05322.t1/Hhon-g09266.t1/Hhon-g07787.t1/Hhon-g04016.t1/Hhon-g04000.t1/Hhon-g04001.t1/Hhon-g06017.t1/Hhon-g06018.t1/Hhon-g05897.t1/Hhon-g03112.t1/Hhon-g08386.t1",15,"muscle organ development","BP"
"GO:0042330","GO:0042330","22/304","261/9332",0.0842911877394636,2.58751764468643,4.77327375451908,4.10139937180053e-05,0.0009900587320765,0.000716364370080705,"Hhon-g02085.t1/Hhon-g03404.t1/Hhon-g11170.t1/Hhon-g03907.t1/Hhon-g05322.t1/Hhon-g09380.t1/Hhon-g04801.t1/Hhon-g06571.t1/Hhon-g10573.t1/Hhon-g05242.t1/Hhon-g08174.t1/Hhon-g06075.t1/Hhon-g01259.t1/Hhon-g04500.t1/Hhon-g02425.t1/Hhon-g00226.t1/Hhon-g07281.t1/Hhon-g02931.t1/Hhon-g04925.t1/Hhon-g03264.t1/Hhon-g07501.t1/Hhon-g01922.t1",22,"taxis","BP"
"GO:0035239","GO:0035239","30/304","421/9332",0.0712589073634204,2.18746093261658,4.57511766225532,4.33570040258325e-05,0.00103983127457144,0.000752377663935425,"Hhon-g00684.t1/Hhon-g04657.t1/Hhon-g01603.t1/Hhon-g11170.t1/Hhon-g09710.t1/Hhon-g03907.t1/Hhon-g05322.t1/Hhon-g09380.t1/Hhon-g09266.t1/Hhon-g03432.t1/Hhon-g00241.t1/Hhon-g07787.t1/Hhon-g10567.t1/Hhon-g05246.t1/Hhon-g11664.t1/Hhon-g04500.t1/Hhon-g03531.t1/Hhon-g06894.t1/Hhon-g01523.t1/Hhon-g06937.t1/Hhon-g02931.t1/Hhon-g04925.t1/Hhon-g03264.t1/Hhon-g04888.t1/Hhon-g01922.t1/Hhon-g08814.t1/Hhon-g00092.t1/Hhon-g03112.t1/Hhon-g02688.t1/Hhon-g07993.t1",30,"tube morphogenesis","BP"
"GO:0030133","GO:0030133","17/304","172/9332",0.0988372093023256,3.03404222766218,4.94062125903463,4.35767441655662e-05,0.00103983127457144,0.000752377663935425,"Hhon-g00124.t1/Hhon-g00305.t1/Hhon-g02085.t1/Hhon-g03364.t1/Hhon-g05981.t1/Hhon-g01259.t1/Hhon-g06937.t1/Hhon-g07281.t1/Hhon-g00658.t1/Hhon-g09428.t1/Hhon-g03112.t1/Hhon-g02688.t1/Hhon-g05662.t1/Hhon-g09132.t1/Hhon-g00877.t1/Hhon-g05970.t1/Hhon-g03110.t1",17,"transport vesicle","CC"
"GO:0008285","GO:0008285","25/304","321/9332",0.0778816199376947,2.39076078045581,4.65289838154731,4.62452860857908e-05,0.00109720244473259,0.000793889001436673,"Hhon-g00684.t1/Hhon-g01603.t1/Hhon-g09981.t1/Hhon-g11170.t1/Hhon-g03907.t1/Hhon-g04801.t1/Hhon-g10573.t1/Hhon-g00241.t1/Hhon-g07787.t1/Hhon-g10567.t1/Hhon-g01324.t1/Hhon-g04500.t1/Hhon-g00226.t1/Hhon-g03531.t1/Hhon-g00590.t1/Hhon-g08741.t1/Hhon-g09024.t1/Hhon-g02931.t1/Hhon-g07409.t1/Hhon-g03264.t1/Hhon-g03869.t1/Hhon-g00092.t1/Hhon-g02469.t1/Hhon-g00901.t1/Hhon-g06163.t1",25,"negative regulation of cell population proliferation","BP"
"GO:0048608","GO:0048608","23/304","283/9332",0.0812720848056537,2.49483912962619,4.68589434999487,4.85890195029903e-05,0.00114625914191145,0.000829384340080947,"Hhon-g00684.t1/Hhon-g00902.t1/Hhon-g00903.t1/Hhon-g00914.t1/Hhon-g01603.t1/Hhon-g09380.t1/Hhon-g03432.t1/Hhon-g04801.t1/Hhon-g06571.t1/Hhon-g07787.t1/Hhon-g02425.t1/Hhon-g06894.t1/Hhon-g09110.t1/Hhon-g07460.t1/Hhon-g04016.t1/Hhon-g02931.t1/Hhon-g03264.t1/Hhon-g01983.t1/Hhon-g05253.t1/Hhon-g01922.t1/Hhon-g09428.t1/Hhon-g02688.t1/Hhon-g03381.t1",23,"reproductive structure development","BP"
"GO:0009266","GO:0009266","16/304","157/9332",0.101910828025478,3.12839423399262,4.93519110829068,5.04126276472517e-05,0.00117786455564335,0.000852252672600678,"Hhon-g03404.t1/Hhon-g09317.t1/Hhon-g05322.t1/Hhon-g06571.t1/Hhon-g05648.t1/Hhon-g05654.t1/Hhon-g04000.t1/Hhon-g04001.t1/Hhon-g06017.t1/Hhon-g06018.t1/Hhon-g07433.t1/Hhon-g04888.t1/Hhon-g08787.t1/Hhon-g08835.t1/Hhon-g08836.t1/Hhon-g02469.t1",16,"response to temperature stimulus","BP"
"GO:0048592","GO:0048592","17/304","174/9332",0.0977011494252874,2.99916817906836,4.88459708928571,5.04961201600472e-05,0.00117786455564335,0.000852252672600678,"Hhon-g09437.t1/Hhon-g11170.t1/Hhon-g09710.t1/Hhon-g10494.t1/Hhon-g09380.t1/Hhon-g03432.t1/Hhon-g07787.t1/Hhon-g05193.t1/Hhon-g10567.t1/Hhon-g09473.t1/Hhon-g01523.t1/Hhon-g05759.t1/Hhon-g04039.t1/Hhon-g09899.t1/Hhon-g01922.t1/Hhon-g00976.t1/Hhon-g00092.t1",17,"eye morphogenesis","BP"
"GO:0001085","GO:0001085","11/304","80/9332",0.1375,4.22088815789474,5.30894147055015,5.16421097451958e-05,0.00119786614336342,0.000866724970378058,"Hhon-g09981.t1/Hhon-g03907.t1/Hhon-g00226.t1/Hhon-g06894.t1/Hhon-g04016.t1/Hhon-g04000.t1/Hhon-g04001.t1/Hhon-g06017.t1/Hhon-g06018.t1/Hhon-g00092.t1/Hhon-g06564.t1",11,NA,NA
"GO:0048663","GO:0048663","8/304","42/9332",0.19047619047619,5.84711779448622,5.77704131675145,5.19417475457218e-05,0.00119812297672132,0.000866910804067193,"Hhon-g00684.t1/Hhon-g09437.t1/Hhon-g11170.t1/Hhon-g09710.t1/Hhon-g03907.t1/Hhon-g09266.t1/Hhon-g05242.t1/Hhon-g00092.t1",8,"neuron fate commitment","BP"
"GO:0050730","GO:0050730","10/304","67/9332",0.149253731343284,4.58169677926159,5.39894144420683,5.54515950524953e-05,0.00126571832956833,0.000915819925105973,"Hhon-g09981.t1/Hhon-g03181.t1/Hhon-g03907.t1/Hhon-g04801.t1/Hhon-g10573.t1/Hhon-g00226.t1/Hhon-g02931.t1/Hhon-g01922.t1/Hhon-g06667.t1/Hhon-g03387.t1",10,"regulation of peptidyl-tyrosine phosphorylation","BP"
"GO:0000979","GO:0000979","5/304","14/9332",0.357142857142857,10.9633458646617,6.84562307122011,5.5786718282997e-05,0.00126571832956833,0.000915819925105973,"Hhon-g07787.t1/Hhon-g04000.t1/Hhon-g04001.t1/Hhon-g06017.t1/Hhon-g06018.t1",5,"RNA polymerase II core promoter sequence-specific DNA binding","MF"
"GO:0051412","GO:0051412","5/304","14/9332",0.357142857142857,10.9633458646617,6.84562307122011,5.5786718282997e-05,0.00126571832956833,0.000915819925105973,"Hhon-g04801.t1/Hhon-g04000.t1/Hhon-g04001.t1/Hhon-g06017.t1/Hhon-g06018.t1",5,"response to corticosterone","BP"
"GO:0048749","GO:0048749","16/304","159/9332",0.10062893081761,3.08904336312479,4.87523361781295,5.88091128684064e-05,0.00132704041646534,0.000960189977839999,"Hhon-g09710.t1/Hhon-g10494.t1/Hhon-g09380.t1/Hhon-g05962.t1/Hhon-g03432.t1/Hhon-g05193.t1/Hhon-g04500.t1/Hhon-g09110.t1/Hhon-g01523.t1/Hhon-g05759.t1/Hhon-g07281.t1/Hhon-g09899.t1/Hhon-g04925.t1/Hhon-g01922.t1/Hhon-g06160.t1/Hhon-g00092.t1",16,"compound eye development","BP"
"GO:0044798","GO:0044798","12/304","96/9332",0.125,3.83717105263158,5.12724754546153,6.19322048274954e-05,0.00138470780744209,0.00100191564811878,"Hhon-g00684.t1/Hhon-g01603.t1/Hhon-g00241.t1/Hhon-g07787.t1/Hhon-g08561.t1/Hhon-g04000.t1/Hhon-g04001.t1/Hhon-g06017.t1/Hhon-g06018.t1/Hhon-g06160.t1/Hhon-g00092.t1/Hhon-g06564.t1",12,NA,NA
"GO:0051592","GO:0051592","8/304","43/9332",0.186046511627907,5.71113831089351,5.68173157443387,6.20317081368567e-05,0.00138470780744209,0.00100191564811878,"Hhon-g03364.t1/Hhon-g04000.t1/Hhon-g04001.t1/Hhon-g06017.t1/Hhon-g06018.t1/Hhon-g07433.t1/Hhon-g05897.t1/Hhon-g00092.t1",8,"response to calcium ion","BP"
"GO:0071363","GO:0071363","20/304","231/9332",0.0865800865800866,2.65778081567555,4.68159298429872,6.33229700017846e-05,0.00140597310934444,0.00101730231570556,"Hhon-g09380.t1/Hhon-g09266.t1/Hhon-g06571.t1/Hhon-g10573.t1/Hhon-g07787.t1/Hhon-g04500.t1/Hhon-g01523.t1/Hhon-g04000.t1/Hhon-g04001.t1/Hhon-g06017.t1/Hhon-g06018.t1/Hhon-g02931.t1/Hhon-g02357.t1/Hhon-g07409.t1/Hhon-g03869.t1/Hhon-g04459.t1/Hhon-g06183.t1/Hhon-g00092.t1/Hhon-g07993.t1/Hhon-g03329.t1",20,"cellular response to growth factor stimulus","BP"
"GO:0061061","GO:0061061","21/304","251/9332",0.0836653386454183,2.56830572447054,4.6217437425498,6.84588576992242e-05,0.00151192115514457,0.00109396181340194,"Hhon-g00684.t1/Hhon-g04657.t1/Hhon-g01603.t1/Hhon-g09710.t1/Hhon-g03907.t1/Hhon-g05322.t1/Hhon-g09266.t1/Hhon-g06571.t1/Hhon-g07787.t1/Hhon-g05193.t1/Hhon-g00226.t1/Hhon-g04016.t1/Hhon-g04000.t1/Hhon-g04001.t1/Hhon-g06017.t1/Hhon-g06018.t1/Hhon-g04459.t1/Hhon-g05897.t1/Hhon-g03112.t1/Hhon-g10909.t1/Hhon-g08386.t1",21,"muscle structure development","BP"
"GO:0006935","GO:0006935","20/304","233/9332",0.0858369098712446,2.63496724644229,4.63762145035978,7.14572970922023e-05,0.00155357981520227,0.00112410424718266,"Hhon-g02085.t1/Hhon-g11170.t1/Hhon-g03907.t1/Hhon-g05322.t1/Hhon-g09380.t1/Hhon-g04801.t1/Hhon-g06571.t1/Hhon-g10573.t1/Hhon-g05242.t1/Hhon-g08174.t1/Hhon-g06075.t1/Hhon-g01259.t1/Hhon-g02425.t1/Hhon-g00226.t1/Hhon-g07281.t1/Hhon-g02931.t1/Hhon-g04925.t1/Hhon-g03264.t1/Hhon-g07501.t1/Hhon-g01922.t1",20,"chemotaxis","BP"
"GO:0001708","GO:0001708","10/304","69/9332",0.144927536231884,4.4488939740656,5.27635087402807,7.17784654093598e-05,0.00155357981520227,0.00112410424718266,"Hhon-g00684.t1/Hhon-g11170.t1/Hhon-g09710.t1/Hhon-g03907.t1/Hhon-g09380.t1/Hhon-g05242.t1/Hhon-g07787.t1/Hhon-g04500.t1/Hhon-g04016.t1/Hhon-g01922.t1",10,"cell fate specification","BP"
"GO:1990939","GO:1990939","6/304","23/9332",0.260869565217391,8.00800915331808,6.17464757193924,7.18523342934839e-05,0.00155357981520227,0.00112410424718266,"Hhon-g01323.t1/Hhon-g01363.t1/Hhon-g08202.t1/Hhon-g01983.t1/Hhon-g05253.t1/Hhon-g11373.t1",6,NA,NA
"GO:0010942","GO:0010942","26/304","350/9332",0.0742857142857143,2.28037593984962,4.48012480629148,7.21701484259099e-05,0.00155357981520227,0.00112410424718266,"Hhon-g00684.t1/Hhon-g01603.t1/Hhon-g06571.t1/Hhon-g00241.t1/Hhon-g01324.t1/Hhon-g02425.t1/Hhon-g00226.t1/Hhon-g03531.t1/Hhon-g09110.t1/Hhon-g06127.t1/Hhon-g08741.t1/Hhon-g08502.t1/Hhon-g09024.t1/Hhon-g04000.t1/Hhon-g04001.t1/Hhon-g06017.t1/Hhon-g06018.t1/Hhon-g02931.t1/Hhon-g02357.t1/Hhon-g03264.t1/Hhon-g06696.t1/Hhon-g00092.t1/Hhon-g02469.t1/Hhon-g00901.t1/Hhon-g06163.t1/Hhon-g03688.t1",26,NA,NA
"GO:0098793","GO:0098793","17/304","179/9332",0.0949720670391061,2.91539253160835,4.74796692934925,7.22160174214928e-05,0.00155357981520227,0.00112410424718266,"Hhon-g07625.t1/Hhon-g00305.t1/Hhon-g02085.t1/Hhon-g03364.t1/Hhon-g05981.t1/Hhon-g05648.t1/Hhon-g05654.t1/Hhon-g01259.t1/Hhon-g06937.t1/Hhon-g07281.t1/Hhon-g02357.t1/Hhon-g09076.t1/Hhon-g10981.t1/Hhon-g00658.t1/Hhon-g09428.t1/Hhon-g08386.t1/Hhon-g03110.t1",17,"presynapse","CC"
"GO:0030855","GO:0030855","25/304","330/9332",0.0757575757575758,2.32555821371611,4.49874505287953,7.26637362518637e-05,0.00155515377792649,0.00112524309963548,"Hhon-g00124.t1/Hhon-g09060.t1/Hhon-g00684.t1/Hhon-g01603.t1/Hhon-g09981.t1/Hhon-g03181.t1/Hhon-g09710.t1/Hhon-g10494.t1/Hhon-g03907.t1/Hhon-g03432.t1/Hhon-g06571.t1/Hhon-g00241.t1/Hhon-g07787.t1/Hhon-g04244.t1/Hhon-g04246.t1/Hhon-g04829.t1/Hhon-g00226.t1/Hhon-g01523.t1/Hhon-g07460.t1/Hhon-g01922.t1/Hhon-g00092.t1/Hhon-g07162.t1/Hhon-g07164.t1/Hhon-g07320.t1/Hhon-g03381.t1",25,"epithelial cell differentiation","BP"
"GO:1901983","GO:1901983","8/304","44/9332",0.181818181818182,5.58133971291866,5.58936978284268,7.36995639957316e-05,0.00156923379338604,0.00113543079969672,"Hhon-g03907.t1/Hhon-g00241.t1/Hhon-g03304.t1/Hhon-g11664.t1/Hhon-g04500.t1/Hhon-g00226.t1/Hhon-g07578.t1/Hhon-g04016.t1",8,"regulation of protein acetylation","BP"
"GO:0007167","GO:0007167","23/304","291/9332",0.0790378006872852,2.42625248688732,4.53565262823333,7.47337636609114e-05,0.00157713010317482,0.00114114423346033,"Hhon-g09981.t1/Hhon-g09710.t1/Hhon-g03907.t1/Hhon-g09266.t1/Hhon-g04801.t1/Hhon-g06571.t1/Hhon-g10573.t1/Hhon-g07787.t1/Hhon-g02425.t1/Hhon-g04000.t1/Hhon-g04001.t1/Hhon-g06017.t1/Hhon-g06018.t1/Hhon-g02931.t1/Hhon-g04925.t1/Hhon-g03869.t1/Hhon-g04459.t1/Hhon-g01922.t1/Hhon-g00665.t1/Hhon-g00092.t1/Hhon-g05967.t1/Hhon-g03387.t1/Hhon-g03329.t1",23,"enzyme-linked receptor protein signaling pathway","BP"
"GO:0098661","GO:0098661","7/304","33/9332",0.212121212121212,6.5115629984051,5.81994302721488,7.483011327684e-05,0.00157713010317482,0.00114114423346033,"Hhon-g00543.t1/Hhon-g00544.t1/Hhon-g06340.t1/Hhon-g06341.t1/Hhon-g06342.t1/Hhon-g09765.t1/Hhon-g09766.t1",7,"inorganic anion transmembrane transport","BP"
"GO:0120035","GO:0120035","28/304","393/9332",0.0712468193384224,2.18708986205973,4.41205089845899,7.89812077738622e-05,0.00165621199331856,0.00119836452411804,"Hhon-g00684.t1/Hhon-g09981.t1/Hhon-g11170.t1/Hhon-g03181.t1/Hhon-g09317.t1/Hhon-g05322.t1/Hhon-g03432.t1/Hhon-g06571.t1/Hhon-g01259.t1/Hhon-g04244.t1/Hhon-g04246.t1/Hhon-g05193.t1/Hhon-g02425.t1/Hhon-g00226.t1/Hhon-g07359.t1/Hhon-g07281.t1/Hhon-g02931.t1/Hhon-g09899.t1/Hhon-g07409.t1/Hhon-g03264.t1/Hhon-g01922.t1/Hhon-g06183.t1/Hhon-g08835.t1/Hhon-g08836.t1/Hhon-g05897.t1/Hhon-g06667.t1/Hhon-g03112.t1/Hhon-g02237.t1",28,"regulation of plasma membrane bounded cell projection organization","BP"
"GO:0099003","GO:0099003","13/304","114/9332",0.114035087719298,3.50057710064635,4.92923399345668,8.1174950383857e-05,0.00167604258580635,0.00121271309702143,"Hhon-g03364.t1/Hhon-g05981.t1/Hhon-g07037.t1/Hhon-g10573.t1/Hhon-g05648.t1/Hhon-g05654.t1/Hhon-g05193.t1/Hhon-g06937.t1/Hhon-g07281.t1/Hhon-g02357.t1/Hhon-g00658.t1/Hhon-g08771.t1/Hhon-g02474.t1",13,"vesicle-mediated transport in synapse","BP"
"GO:0030858","GO:0030858","5/304","15/9332",0.333333333333333,10.2324561403509,6.56643948536026,8.14589179325415e-05,0.00167604258580635,0.00121271309702143,"Hhon-g09380.t1/Hhon-g10573.t1/Hhon-g07787.t1/Hhon-g04244.t1/Hhon-g04246.t1",5,"positive regulation of epithelial cell differentiation","BP"
"GO:0035994","GO:0035994","5/304","15/9332",0.333333333333333,10.2324561403509,6.56643948536026,8.14589179325415e-05,0.00167604258580635,0.00121271309702143,"Hhon-g04000.t1/Hhon-g04001.t1/Hhon-g06017.t1/Hhon-g06018.t1/Hhon-g00092.t1",5,"response to muscle stretch","BP"
"GO:0051091","GO:0051091","11/304","84/9332",0.130952380952381,4.01989348370927,5.10167124315729,8.15415708894227e-05,0.00167604258580635,0.00121271309702143,"Hhon-g00902.t1/Hhon-g00903.t1/Hhon-g00914.t1/Hhon-g04801.t1/Hhon-g06571.t1/Hhon-g10573.t1/Hhon-g03304.t1/Hhon-g00226.t1/Hhon-g07409.t1/Hhon-g01922.t1/Hhon-g00092.t1",11,"positive regulation of DNA-binding transcription factor activity","BP"
"GO:0000785","GO:0000785","21/304","255/9332",0.0823529411764706,2.52801857585139,4.5397576351885,8.5967484833068e-05,0.00175831033018176,0.0012722385362384,"Hhon-g01603.t1/Hhon-g04244.t1/Hhon-g04246.t1/Hhon-g05246.t1/Hhon-g04500.t1/Hhon-g04501.t1/Hhon-g09473.t1/Hhon-g09811.t1/Hhon-g00226.t1/Hhon-g03531.t1/Hhon-g06894.t1/Hhon-g00590.t1/Hhon-g06127.t1/Hhon-g07460.t1/Hhon-g04016.t1/Hhon-g00521.t1/Hhon-g01922.t1/Hhon-g00092.t1/Hhon-g08466.t1/Hhon-g10909.t1/Hhon-g07320.t1",21,"chromatin","CC"
"GO:0002763","GO:0002763","6/304","24/9332",0.25,7.67434210526316,6.00746166689797,9.32023948143205e-05,0.0018745998182494,0.00135638066151602,"Hhon-g04801.t1/Hhon-g04000.t1/Hhon-g04001.t1/Hhon-g06017.t1/Hhon-g06018.t1/Hhon-g00092.t1",6,"positive regulation of myeloid leukocyte differentiation","BP"
"GO:0033558","GO:0033558","6/304","24/9332",0.25,7.67434210526316,6.00746166689797,9.32023948143205e-05,0.0018745998182494,0.00135638066151602,"Hhon-g00226.t1/Hhon-g03531.t1/Hhon-g06894.t1/Hhon-g07578.t1/Hhon-g07460.t1/Hhon-g04016.t1",6,"protein lysine deacetylase activity","MF"
"GO:0099175","GO:0099175","6/304","24/9332",0.25,7.67434210526316,6.00746166689797,9.32023948143205e-05,0.0018745998182494,0.00135638066151602,"Hhon-g02425.t1/Hhon-g02931.t1/Hhon-g09076.t1/Hhon-g10981.t1/Hhon-g05897.t1/Hhon-g05823.t1",6,"regulation of postsynapse organization","BP"
"GO:0014070","GO:0014070","30/304","439/9332",0.0683371298405467,2.09777005155257,4.32339189271064,9.34590949849775e-05,0.0018745998182494,0.00135638066151602,"Hhon-g07625.t1/Hhon-g00684.t1/Hhon-g01603.t1/Hhon-g09981.t1/Hhon-g03907.t1/Hhon-g04801.t1/Hhon-g06571.t1/Hhon-g10573.t1/Hhon-g01324.t1/Hhon-g02425.t1/Hhon-g00226.t1/Hhon-g03531.t1/Hhon-g07578.t1/Hhon-g01523.t1/Hhon-g09024.t1/Hhon-g04000.t1/Hhon-g04001.t1/Hhon-g06017.t1/Hhon-g06018.t1/Hhon-g02931.t1/Hhon-g01193.t1/Hhon-g04459.t1/Hhon-g04888.t1/Hhon-g07501.t1/Hhon-g09428.t1/Hhon-g05897.t1/Hhon-g00092.t1/Hhon-g02469.t1/Hhon-g02712.t1/Hhon-g03329.t1",30,"response to organic cyclic compound","BP"
"GO:0042327","GO:0042327","25/304","336/9332",0.0744047619047619,2.28403038847118,4.39870998106312,9.71130787345109e-05,0.00193852645627735,0.00140263525662092,"Hhon-g03181.t1/Hhon-g09317.t1/Hhon-g09710.t1/Hhon-g03907.t1/Hhon-g04801.t1/Hhon-g06571.t1/Hhon-g10573.t1/Hhon-g07787.t1/Hhon-g10567.t1/Hhon-g00226.t1/Hhon-g03531.t1/Hhon-g01523.t1/Hhon-g09357.t1/Hhon-g09024.t1/Hhon-g01914.t1/Hhon-g02931.t1/Hhon-g07409.t1/Hhon-g03264.t1/Hhon-g01922.t1/Hhon-g08787.t1/Hhon-g00092.t1/Hhon-g06667.t1/Hhon-g03688.t1/Hhon-g03387.t1/Hhon-g00422.t1",25,"positive regulation of phosphorylation","BP"
"GO:0043484","GO:0043484","11/304","86/9332",0.127906976744186,3.92640758873929,5.00278923579778,0.000101363853195735,0.00200410818318424,0.00145008740361217,"Hhon-g06571.t1/Hhon-g09110.t1/Hhon-g03321.t1/Hhon-g08053.t1/Hhon-g04459.t1/Hhon-g00665.t1/Hhon-g10239.t1/Hhon-g09314.t1/Hhon-g11385.t1/Hhon-g11388.t1/Hhon-g07993.t1",11,"regulation of RNA splicing","BP"
"GO:0060538","GO:0060538","11/304","86/9332",0.127906976744186,3.92640758873929,5.00278923579778,0.000101363853195735,0.00200410818318424,0.00145008740361217,"Hhon-g04657.t1/Hhon-g01603.t1/Hhon-g09266.t1/Hhon-g07787.t1/Hhon-g04016.t1/Hhon-g04000.t1/Hhon-g04001.t1/Hhon-g06017.t1/Hhon-g06018.t1/Hhon-g05897.t1/Hhon-g03112.t1",11,"skeletal muscle organ development","BP"
"GO:0032101","GO:0032101","23/304","297/9332",0.0774410774410774,2.37723728513202,4.42616937682955,0.000101945359267912,0.00200605275677902,0.00145149441432089,"Hhon-g00684.t1/Hhon-g03404.t1/Hhon-g11170.t1/Hhon-g03907.t1/Hhon-g05322.t1/Hhon-g04801.t1/Hhon-g06571.t1/Hhon-g10573.t1/Hhon-g04500.t1/Hhon-g04016.t1/Hhon-g09024.t1/Hhon-g09672.t1/Hhon-g09899.t1/Hhon-g03264.t1/Hhon-g04459.t1/Hhon-g07501.t1/Hhon-g01922.t1/Hhon-g08787.t1/Hhon-g00092.t1/Hhon-g03280.t1/Hhon-g10405.t1/Hhon-g07418.t1/Hhon-g03390.t1",23,"regulation of response to external stimulus","BP"
"GO:1905475","GO:1905475","10/304","72/9332",0.138888888888889,4.26352339181286,5.10096796517434,0.000103832908665954,0.00203355772066529,0.00147139583581248,"Hhon-g03542.t1/Hhon-g06571.t1/Hhon-g10573.t1/Hhon-g05193.t1/Hhon-g02425.t1/Hhon-g02931.t1/Hhon-g07409.t1/Hhon-g00238.t1/Hhon-g03110.t1/Hhon-g05823.t1",10,"regulation of protein localization to membrane","BP"
"GO:0002009","GO:0002009","30/304","442/9332",0.0678733031674208,2.08353179328412,4.28259518654286,0.000105649860933256,0.00205942827509334,0.00149011466816661,"Hhon-g00124.t1/Hhon-g00684.t1/Hhon-g04657.t1/Hhon-g11170.t1/Hhon-g09710.t1/Hhon-g10494.t1/Hhon-g03907.t1/Hhon-g05322.t1/Hhon-g09380.t1/Hhon-g09266.t1/Hhon-g03432.t1/Hhon-g00241.t1/Hhon-g07787.t1/Hhon-g05251.t1/Hhon-g06705.t1/Hhon-g11664.t1/Hhon-g04500.t1/Hhon-g01523.t1/Hhon-g05759.t1/Hhon-g02931.t1/Hhon-g04925.t1/Hhon-g03264.t1/Hhon-g01922.t1/Hhon-g08814.t1/Hhon-g00092.t1/Hhon-g02688.t1/Hhon-g05967.t1/Hhon-g10405.t1/Hhon-g07320.t1/Hhon-g07993.t1",30,"morphogenesis of an epithelium","BP"
"GO:0035601","GO:0035601","7/304","35/9332",0.2,6.13947368421053,5.58967251864588,0.000111380865953035,0.00216099698802337,0.00156360546694521,"Hhon-g00226.t1/Hhon-g03531.t1/Hhon-g06894.t1/Hhon-g07578.t1/Hhon-g07460.t1/Hhon-g04016.t1/Hhon-g00238.t1",7,"protein deacylation","BP"
"GO:0007367","GO:0007367","5/304","16/9332",0.3125,9.59292763157895,6.31235647984693,0.000115343005149397,0.0021968080613775,0.00158951683581062,"Hhon-g09266.t1/Hhon-g05242.t1/Hhon-g08174.t1/Hhon-g04925.t1/Hhon-g01922.t1",5,"segment polarity determination","BP"
"GO:0021517","GO:0021517","5/304","16/9332",0.3125,9.59292763157895,6.31235647984693,0.000115343005149397,0.0021968080613775,0.00158951683581062,"Hhon-g00684.t1/Hhon-g03907.t1/Hhon-g09380.t1/Hhon-g00241.t1/Hhon-g03354.t1",5,"ventral spinal cord development","BP"
"GO:0043392","GO:0043392","5/304","16/9332",0.3125,9.59292763157895,6.31235647984693,0.000115343005149397,0.0021968080613775,0.00158951683581062,"Hhon-g00226.t1/Hhon-g04016.t1/Hhon-g00521.t1/Hhon-g00092.t1/Hhon-g08386.t1",5,"negative regulation of DNA binding","BP"
"GO:0048880","GO:0048880","5/304","16/9332",0.3125,9.59292763157895,6.31235647984693,0.000115343005149397,0.0021968080613775,0.00158951683581062,"Hhon-g00902.t1/Hhon-g00903.t1/Hhon-g00914.t1/Hhon-g03907.t1/Hhon-g03531.t1",5,"sensory system development","BP"
"GO:0001076","GO:0001076","6/304","25/9332",0.24,7.36736842105263,5.84965479560865,0.000119307483176486,0.00225671615142119,0.00163286378058921,"Hhon-g04000.t1/Hhon-g04001.t1/Hhon-g06017.t1/Hhon-g06018.t1/Hhon-g00092.t1/Hhon-g06564.t1",6,NA,NA
"GO:0000381","GO:0000381","8/304","47/9332",0.170212765957447,5.22508398656215,5.32841978921175,0.000120119043705222,0.00225671615142119,0.00163286378058921,"Hhon-g09110.t1/Hhon-g03321.t1/Hhon-g08053.t1/Hhon-g04459.t1/Hhon-g00665.t1/Hhon-g09314.t1/Hhon-g11385.t1/Hhon-g11388.t1",8,"regulation of alternative mRNA splicing, via spliceosome","BP"
"GO:0040024","GO:0040024","8/304","47/9332",0.170212765957447,5.22508398656215,5.32841978921175,0.000120119043705222,0.00225671615142119,0.00163286378058921,"Hhon-g05322.t1/Hhon-g10573.t1/Hhon-g07501.t1/Hhon-g09165.t1/Hhon-g09222.t1/Hhon-g09223.t1/Hhon-g06667.t1/Hhon-g09845.t1",8,"dauer larval development","BP"
"GO:0048729","GO:0048729","31/304","467/9332",0.0663811563169165,2.03772681167587,4.22189297112045,0.000121456384554683,0.00226667816465017,0.00164007186946344,"Hhon-g00124.t1/Hhon-g00684.t1/Hhon-g04657.t1/Hhon-g01603.t1/Hhon-g11170.t1/Hhon-g09710.t1/Hhon-g10494.t1/Hhon-g03907.t1/Hhon-g05322.t1/Hhon-g09380.t1/Hhon-g09266.t1/Hhon-g03432.t1/Hhon-g00241.t1/Hhon-g07787.t1/Hhon-g05251.t1/Hhon-g06705.t1/Hhon-g11664.t1/Hhon-g04500.t1/Hhon-g01523.t1/Hhon-g05759.t1/Hhon-g02931.t1/Hhon-g04925.t1/Hhon-g03264.t1/Hhon-g01922.t1/Hhon-g08814.t1/Hhon-g00092.t1/Hhon-g02688.t1/Hhon-g05967.t1/Hhon-g10405.t1/Hhon-g07320.t1/Hhon-g07993.t1",31,"tissue morphogenesis","BP"
"GO:0097367","GO:0097367","28/304","403/9332",0.0694789081885856,2.1328196421575,4.26596210869954,0.00012174114419966,0.00226667816465017,0.00164007186946344,"Hhon-g00124.t1/Hhon-g00305.t1/Hhon-g09981.t1/Hhon-g03181.t1/Hhon-g09317.t1/Hhon-g09710.t1/Hhon-g06571.t1/Hhon-g00195.t1/Hhon-g05193.t1/Hhon-g11182.t1/Hhon-g01323.t1/Hhon-g01363.t1/Hhon-g05759.t1/Hhon-g08502.t1/Hhon-g09024.t1/Hhon-g06779.t1/Hhon-g09400.t1/Hhon-g02931.t1/Hhon-g01922.t1/Hhon-g02290.t1/Hhon-g09076.t1/Hhon-g10981.t1/Hhon-g06183.t1/Hhon-g08814.t1/Hhon-g00572.t1/Hhon-g07660.t1/Hhon-g03390.t1/Hhon-g02237.t1",28,"carbohydrate derivative binding","MF"
"GO:0051650","GO:0051650","15/304","152/9332",0.0986842105263158,3.02934556786704,4.62872705274411,0.000124695551503193,0.00230930947787891,0.00167091807369091,"Hhon-g03364.t1/Hhon-g05981.t1/Hhon-g07037.t1/Hhon-g10573.t1/Hhon-g01323.t1/Hhon-g01363.t1/Hhon-g01523.t1/Hhon-g06937.t1/Hhon-g07281.t1/Hhon-g00658.t1/Hhon-g03112.t1/Hhon-g02688.t1/Hhon-g08771.t1/Hhon-g05970.t1/Hhon-g02474.t1",15,"establishment of vesicle localization","BP"
"GO:0002768","GO:0002768","9/304","60/9332",0.15,4.60460526315789,5.13986529872919,0.000125699407996299,0.00230930947787891,0.00167091807369091,"Hhon-g04801.t1/Hhon-g10573.t1/Hhon-g04000.t1/Hhon-g04001.t1/Hhon-g06017.t1/Hhon-g06018.t1/Hhon-g02931.t1/Hhon-g00092.t1/Hhon-g05967.t1",9,"immune response-regulating cell surface receptor signaling pathway","BP"
"GO:2000060","GO:2000060","9/304","60/9332",0.15,4.60460526315789,5.13986529872919,0.000125699407996299,0.00230930947787891,0.00167091807369091,"Hhon-g07437.t1/Hhon-g08170.t1/Hhon-g08474.t1/Hhon-g06571.t1/Hhon-g01523.t1/Hhon-g04374.t1/Hhon-g07281.t1/Hhon-g01922.t1/Hhon-g00901.t1",9,"positive regulation of ubiquitin-dependent protein catabolic process","BP"
"GO:0098732","GO:0098732","7/304","36/9332",0.194444444444444,5.96893274853801,5.48114666417038,0.000134455209411479,0.00245928647346459,0.00177943504595577,"Hhon-g00226.t1/Hhon-g03531.t1/Hhon-g06894.t1/Hhon-g07578.t1/Hhon-g07460.t1/Hhon-g04016.t1/Hhon-g00238.t1",7,"macromolecule deacylation","BP"
"GO:0032555","GO:0032555","25/304","344/9332",0.0726744186046512,2.23091340269278,4.26854929515542,0.000141073342010487,0.00256901980713834,0.00185883341688795,"Hhon-g00124.t1/Hhon-g00305.t1/Hhon-g09981.t1/Hhon-g03181.t1/Hhon-g09317.t1/Hhon-g09710.t1/Hhon-g06571.t1/Hhon-g05193.t1/Hhon-g11182.t1/Hhon-g01323.t1/Hhon-g01363.t1/Hhon-g05759.t1/Hhon-g08502.t1/Hhon-g09024.t1/Hhon-g06779.t1/Hhon-g09400.t1/Hhon-g02931.t1/Hhon-g02290.t1/Hhon-g09076.t1/Hhon-g10981.t1/Hhon-g06183.t1/Hhon-g08814.t1/Hhon-g00572.t1/Hhon-g07660.t1/Hhon-g02237.t1",25,"purine ribonucleotide binding","MF"
"GO:0040012","GO:0040012","29/304","428/9332",0.0677570093457944,2.07996187899656,4.19703746511128,0.000142403814121019,0.0025819241756789,0.00186817046886411,"Hhon-g02085.t1/Hhon-g00684.t1/Hhon-g05981.t1/Hhon-g09981.t1/Hhon-g11170.t1/Hhon-g03181.t1/Hhon-g05322.t1/Hhon-g09380.t1/Hhon-g04801.t1/Hhon-g06571.t1/Hhon-g10573.t1/Hhon-g07787.t1/Hhon-g08561.t1/Hhon-g05648.t1/Hhon-g05654.t1/Hhon-g04500.t1/Hhon-g04501.t1/Hhon-g02425.t1/Hhon-g06894.t1/Hhon-g04016.t1/Hhon-g07281.t1/Hhon-g02931.t1/Hhon-g07409.t1/Hhon-g03264.t1/Hhon-g07501.t1/Hhon-g01922.t1/Hhon-g05897.t1/Hhon-g00092.t1/Hhon-g02469.t1",29,"regulation of locomotion","BP"
"GO:0031016","GO:0031016","9/304","61/9332",0.147540983606557,4.52911993097498,5.07426513347799,0.000143306792229307,0.00258699913624384,0.00187184249438189,"Hhon-g09437.t1/Hhon-g09981.t1/Hhon-g03907.t1/Hhon-g06571.t1/Hhon-g00241.t1/Hhon-g07787.t1/Hhon-g04244.t1/Hhon-g04246.t1/Hhon-g04829.t1",9,"pancreas development","BP"
"GO:0051222","GO:0051222","14/304","137/9332",0.102189781021898,3.13695735689589,4.62365460405922,0.000144180396237881,0.00259150218692504,0.0018751007102434,"Hhon-g03542.t1/Hhon-g03907.t1/Hhon-g06571.t1/Hhon-g10573.t1/Hhon-g00241.t1/Hhon-g04829.t1/Hhon-g05193.t1/Hhon-g03531.t1/Hhon-g02931.t1/Hhon-g07409.t1/Hhon-g08386.t1/Hhon-g05970.t1/Hhon-g07418.t1/Hhon-g07993.t1",14,"positive regulation of protein transport","BP"
"GO:0019003","GO:0019003","6/304","26/9332",0.230769230769231,7.08400809716599,5.70033060736812,0.000150894023019446,0.00270048268783078,0.00195395436341878,"Hhon-g00124.t1/Hhon-g03181.t1/Hhon-g09076.t1/Hhon-g10981.t1/Hhon-g06183.t1/Hhon-g02237.t1",6,"GDP binding","MF"
"GO:2000027","GO:2000027","11/304","90/9332",0.122222222222222,3.75190058479532,4.81366789912289,0.000153560737942464,0.00273641280659704,0.00197995186847884,"Hhon-g01603.t1/Hhon-g09710.t1/Hhon-g03907.t1/Hhon-g09380.t1/Hhon-g03432.t1/Hhon-g04801.t1/Hhon-g07787.t1/Hhon-g04500.t1/Hhon-g05759.t1/Hhon-g03264.t1/Hhon-g01922.t1",11,"regulation of animal organ morphogenesis","BP"
"GO:0000228","GO:0000228","21/304","266/9332",0.0789473684210526,2.42347645429363,4.32203580269873,0.000156321768273473,0.00277370932423701,0.00200693804162165,"Hhon-g01603.t1/Hhon-g04244.t1/Hhon-g04246.t1/Hhon-g03304.t1/Hhon-g04500.t1/Hhon-g04501.t1/Hhon-g09473.t1/Hhon-g09811.t1/Hhon-g00226.t1/Hhon-g06894.t1/Hhon-g07578.t1/Hhon-g00590.t1/Hhon-g06127.t1/Hhon-g07460.t1/Hhon-g04016.t1/Hhon-g00521.t1/Hhon-g01922.t1/Hhon-g10239.t1/Hhon-g00092.t1/Hhon-g10909.t1/Hhon-g07320.t1",21,"nuclear chromosome","CC"
"GO:0007365","GO:0007365","5/304","17/9332",0.294117647058824,9.02863777089783,6.07966999855109,0.000159071760614459,0.00281049340455844,0.00203355343692571,"Hhon-g09266.t1/Hhon-g05242.t1/Hhon-g08174.t1/Hhon-g04925.t1/Hhon-g01922.t1",5,"periodic partitioning","BP"
"GO:0007519","GO:0007519","9/304","62/9332",0.145161290322581,4.45606960950764,5.0100674194031,0.000162927066310596,0.00286641177678641,0.0020740135916612,"Hhon-g01603.t1/Hhon-g09266.t1/Hhon-g07787.t1/Hhon-g04016.t1/Hhon-g04000.t1/Hhon-g04001.t1/Hhon-g06017.t1/Hhon-g06018.t1/Hhon-g05897.t1",9,"skeletal muscle tissue development","BP"
"GO:0051648","GO:0051648","15/304","156/9332",0.0961538461538462,2.95167004048583,4.51073281782611,0.000166873555405598,0.00292345570482719,0.00211528815068877,"Hhon-g03364.t1/Hhon-g05981.t1/Hhon-g07037.t1/Hhon-g10573.t1/Hhon-g01323.t1/Hhon-g01363.t1/Hhon-g01523.t1/Hhon-g06937.t1/Hhon-g07281.t1/Hhon-g00658.t1/Hhon-g03112.t1/Hhon-g02688.t1/Hhon-g08771.t1/Hhon-g05970.t1/Hhon-g02474.t1",15,"vesicle localization","BP"
"GO:0002682","GO:0002682","29/304","435/9332",0.0666666666666667,2.04649122807018,4.10169663891713,0.000188282496919641,0.00326535536225576,0.00236267219447265,"Hhon-g00684.t1/Hhon-g09710.t1/Hhon-g04801.t1/Hhon-g06571.t1/Hhon-g10573.t1/Hhon-g07787.t1/Hhon-g05193.t1/Hhon-g10567.t1/Hhon-g00226.t1/Hhon-g04016.t1/Hhon-g09024.t1/Hhon-g04000.t1/Hhon-g04001.t1/Hhon-g06017.t1/Hhon-g06018.t1/Hhon-g09672.t1/Hhon-g02931.t1/Hhon-g07409.t1/Hhon-g04459.t1/Hhon-g04888.t1/Hhon-g08787.t1/Hhon-g06160.t1/Hhon-g00092.t1/Hhon-g10909.t1/Hhon-g05967.t1/Hhon-g06023.t1/Hhon-g06173.t1/Hhon-g03390.t1/Hhon-g03387.t1",29,"regulation of immune system process","BP"
"GO:0016575","GO:0016575","6/304","27/9332",0.222222222222222,6.82163742690059,5.55870924880982,0.000188748864870275,0.00326535536225576,0.00236267219447265,"Hhon-g00226.t1/Hhon-g03531.t1/Hhon-g06894.t1/Hhon-g07578.t1/Hhon-g07460.t1/Hhon-g04016.t1",6,NA,NA
"GO:0060395","GO:0060395","6/304","27/9332",0.222222222222222,6.82163742690059,5.55870924880982,0.000188748864870275,0.00326535536225576,0.00236267219447265,"Hhon-g09981.t1/Hhon-g04000.t1/Hhon-g04001.t1/Hhon-g06017.t1/Hhon-g06018.t1/Hhon-g00092.t1",6,"SMAD protein signal transduction","BP"
"GO:0033157","GO:0033157","13/304","124/9332",0.104838709677419,3.21827249575552,4.56297608951874,0.000192032820369561,0.0032873847721599,0.00237861173809562,"Hhon-g03542.t1/Hhon-g09981.t1/Hhon-g06571.t1/Hhon-g05193.t1/Hhon-g03531.t1/Hhon-g01523.t1/Hhon-g02931.t1/Hhon-g07409.t1/Hhon-g04459.t1/Hhon-g08835.t1/Hhon-g08836.t1/Hhon-g07418.t1/Hhon-g07993.t1",13,"regulation of intracellular protein transport","BP"
"GO:0035065","GO:0035065","7/304","38/9332",0.184210526315789,5.6547783933518,5.27587606810272,0.000192230068990516,0.0032873847721599,0.00237861173809562,"Hhon-g03907.t1/Hhon-g03304.t1/Hhon-g11664.t1/Hhon-g04500.t1/Hhon-g00226.t1/Hhon-g07578.t1/Hhon-g04016.t1",7,NA,NA
"GO:0015318","GO:0015318","21/304","270/9332",0.0777777777777778,2.3875730994152,4.24551946266338,0.000192397519179879,0.0032873847721599,0.00237861173809562,"Hhon-g03542.t1/Hhon-g07625.t1/Hhon-g00543.t1/Hhon-g00544.t1/Hhon-g05648.t1/Hhon-g05654.t1/Hhon-g01259.t1/Hhon-g02482.t1/Hhon-g02483.t1/Hhon-g04482.t1/Hhon-g07130.t1/Hhon-g07132.t1/Hhon-g07133.t1/Hhon-g11482.t1/Hhon-g06340.t1/Hhon-g06341.t1/Hhon-g06342.t1/Hhon-g09765.t1/Hhon-g09766.t1/Hhon-g06696.t1/Hhon-g11231.t1",21,"inorganic molecular entity transmembrane transporter activity","MF"
"GO:0043981","GO:0043981","4/304","10/9332",0.4,12.2789473684211,6.54815773134356,0.000198492238007124,0.00336383580492073,0.00243392845229788,"Hhon-g03304.t1/Hhon-g11664.t1/Hhon-g08741.t1/Hhon-g05440.t1",4,NA,NA
"GO:0043982","GO:0043982","4/304","10/9332",0.4,12.2789473684211,6.54815773134356,0.000198492238007124,0.00336383580492073,0.00243392845229788,"Hhon-g03304.t1/Hhon-g11664.t1/Hhon-g08741.t1/Hhon-g05440.t1",4,NA,NA
"GO:0019827","GO:0019827","13/304","125/9332",0.104,3.19252631578947,4.52841125295018,0.000208171708174421,0.00351353224528535,0.00254224242674283,"Hhon-g00684.t1/Hhon-g03181.t1/Hhon-g10494.t1/Hhon-g00241.t1/Hhon-g07787.t1/Hhon-g05251.t1/Hhon-g06705.t1/Hhon-g05246.t1/Hhon-g04500.t1/Hhon-g04925.t1/Hhon-g01922.t1/Hhon-g02712.t1/Hhon-g03381.t1",13,"stem cell population maintenance","BP"
"GO:1903706","GO:1903706","14/304","142/9332",0.0985915492957746,3.02650111193477,4.46517386571613,0.000211000253251521,0.00354685445951545,0.00256635296305067,"Hhon-g04801.t1/Hhon-g10567.t1/Hhon-g00226.t1/Hhon-g04016.t1/Hhon-g04000.t1/Hhon-g04001.t1/Hhon-g06017.t1/Hhon-g06018.t1/Hhon-g09672.t1/Hhon-g07409.t1/Hhon-g06160.t1/Hhon-g00092.t1/Hhon-g06023.t1/Hhon-g06173.t1",14,"regulation of hemopoiesis","BP"
"GO:0030135","GO:0030135","12/304","109/9332",0.110091743119266,3.379526798648,4.58535385624904,0.000212996943123627,0.00355165987088072,0.00256982995423729,"Hhon-g02357.t1/Hhon-g01922.t1/Hhon-g00658.t1/Hhon-g09428.t1/Hhon-g05061.t1/Hhon-g03112.t1/Hhon-g02688.t1/Hhon-g05662.t1/Hhon-g09132.t1/Hhon-g00877.t1/Hhon-g05970.t1/Hhon-g03110.t1",12,"coated vesicle","CC"
"GO:0070382","GO:0070382","12/304","109/9332",0.110091743119266,3.379526798648,4.58535385624904,0.000212996943123627,0.00355165987088072,0.00256982995423729,"Hhon-g00124.t1/Hhon-g00305.t1/Hhon-g02085.t1/Hhon-g03364.t1/Hhon-g05981.t1/Hhon-g01259.t1/Hhon-g06937.t1/Hhon-g07281.t1/Hhon-g00658.t1/Hhon-g09428.t1/Hhon-g00877.t1/Hhon-g03110.t1",12,"exocytic vesicle","CC"
"GO:0015711","GO:0015711","17/304","196/9332",0.086734693877551,2.6625268528464,4.31642073610801,0.000219674069687063,0.00363217011379365,0.00262808374018027,"Hhon-g00543.t1/Hhon-g00544.t1/Hhon-g01603.t1/Hhon-g02482.t1/Hhon-g02483.t1/Hhon-g04482.t1/Hhon-g07130.t1/Hhon-g07132.t1/Hhon-g07133.t1/Hhon-g11482.t1/Hhon-g02931.t1/Hhon-g06340.t1/Hhon-g06341.t1/Hhon-g06342.t1/Hhon-g09765.t1/Hhon-g09766.t1/Hhon-g06696.t1",17,"organic anion transport","BP"
"GO:0022604","GO:0022604","20/304","253/9332",0.0790513833992095,2.42666944039942,4.22152847002193,0.000220086039060253,0.00363217011379365,0.00262808374018027,"Hhon-g00684.t1/Hhon-g11170.t1/Hhon-g03181.t1/Hhon-g10494.t1/Hhon-g05322.t1/Hhon-g02425.t1/Hhon-g00226.t1/Hhon-g01523.t1/Hhon-g04374.t1/Hhon-g05759.t1/Hhon-g07281.t1/Hhon-g02931.t1/Hhon-g09899.t1/Hhon-g07409.t1/Hhon-g03264.t1/Hhon-g01922.t1/Hhon-g06183.t1/Hhon-g06667.t1/Hhon-g03112.t1/Hhon-g05967.t1",20,"regulation of cell morphogenesis","BP"
"GO:0032553","GO:0032553","25/304","354/9332",0.0706214689265537,2.16789325007434,4.11074076882825,0.000220449631184007,0.00363217011379365,0.00262808374018027,"Hhon-g00124.t1/Hhon-g00305.t1/Hhon-g09981.t1/Hhon-g03181.t1/Hhon-g09317.t1/Hhon-g09710.t1/Hhon-g06571.t1/Hhon-g05193.t1/Hhon-g11182.t1/Hhon-g01323.t1/Hhon-g01363.t1/Hhon-g05759.t1/Hhon-g08502.t1/Hhon-g09024.t1/Hhon-g06779.t1/Hhon-g09400.t1/Hhon-g02931.t1/Hhon-g02290.t1/Hhon-g09076.t1/Hhon-g10981.t1/Hhon-g06183.t1/Hhon-g08814.t1/Hhon-g00572.t1/Hhon-g07660.t1/Hhon-g02237.t1",25,"ribonucleotide binding","MF"
"GO:0098727","GO:0098727","13/304","126/9332",0.103174603174603,3.1671888053467,4.49419225814814,0.000225460199192237,0.00370004247844334,0.00267719329517222,"Hhon-g00684.t1/Hhon-g03181.t1/Hhon-g10494.t1/Hhon-g00241.t1/Hhon-g07787.t1/Hhon-g05251.t1/Hhon-g06705.t1/Hhon-g05246.t1/Hhon-g04500.t1/Hhon-g04925.t1/Hhon-g01922.t1/Hhon-g02712.t1/Hhon-g03381.t1",13,"maintenance of cell number","BP"
"GO:0019213","GO:0019213","6/304","28/9332",0.214285714285714,6.57800751879699,5.424108539903,0.000233719218711618,0.00382048108697101,0.00276433754746356,"Hhon-g00226.t1/Hhon-g03531.t1/Hhon-g06894.t1/Hhon-g07578.t1/Hhon-g07460.t1/Hhon-g04016.t1",6,"deacetylase activity","MF"
"GO:0051656","GO:0051656","22/304","294/9332",0.0748299319727891,2.29708199069101,4.14677085452254,0.000235741727742713,0.00383843001406958,0.00277732462735894,"Hhon-g03364.t1/Hhon-g05981.t1/Hhon-g07037.t1/Hhon-g03432.t1/Hhon-g10573.t1/Hhon-g01323.t1/Hhon-g01363.t1/Hhon-g09811.t1/Hhon-g01523.t1/Hhon-g06937.t1/Hhon-g07281.t1/Hhon-g01983.t1/Hhon-g05253.t1/Hhon-g01922.t1/Hhon-g00658.t1/Hhon-g03112.t1/Hhon-g02688.t1/Hhon-g08771.t1/Hhon-g00901.t1/Hhon-g05970.t1/Hhon-g02474.t1/Hhon-g06173.t1",22,"establishment of organelle localization","BP"
"GO:0017076","GO:0017076","25/304","356/9332",0.0702247191011236,2.15571407451212,4.07980203809939,0.000240408316774849,0.00389912238769208,0.00282123904636274,"Hhon-g00124.t1/Hhon-g00305.t1/Hhon-g09981.t1/Hhon-g03181.t1/Hhon-g09317.t1/Hhon-g09710.t1/Hhon-g06571.t1/Hhon-g05193.t1/Hhon-g11182.t1/Hhon-g01323.t1/Hhon-g01363.t1/Hhon-g05759.t1/Hhon-g08502.t1/Hhon-g09024.t1/Hhon-g06779.t1/Hhon-g09400.t1/Hhon-g02931.t1/Hhon-g02290.t1/Hhon-g09076.t1/Hhon-g10981.t1/Hhon-g06183.t1/Hhon-g08814.t1/Hhon-g00572.t1/Hhon-g07660.t1/Hhon-g02237.t1",25,"purine nucleotide binding","MF"
"GO:0044427","GO:0044427","29/304","442/9332",0.0656108597285068,2.01408073350798,4.00809398949345,0.000246945728214795,0.00398956678423279,0.00288668076315799,"Hhon-g01603.t1/Hhon-g04244.t1/Hhon-g04246.t1/Hhon-g03304.t1/Hhon-g05246.t1/Hhon-g04500.t1/Hhon-g04501.t1/Hhon-g09473.t1/Hhon-g09811.t1/Hhon-g00226.t1/Hhon-g03531.t1/Hhon-g06894.t1/Hhon-g00590.t1/Hhon-g06127.t1/Hhon-g07460.t1/Hhon-g04016.t1/Hhon-g04459.t1/Hhon-g01983.t1/Hhon-g05253.t1/Hhon-g00521.t1/Hhon-g01922.t1/Hhon-g06183.t1/Hhon-g08787.t1/Hhon-g10239.t1/Hhon-g00092.t1/Hhon-g08466.t1/Hhon-g10909.t1/Hhon-g05440.t1/Hhon-g07320.t1",29,NA,NA
"GO:0031256","GO:0031256","8/304","52/9332",0.153846153846154,4.72267206477733,4.93955215480608,0.000249582122325815,0.00401653089882475,0.00290619084911414,"Hhon-g03542.t1/Hhon-g07625.t1/Hhon-g06571.t1/Hhon-g05193.t1/Hhon-g09899.t1/Hhon-g07409.t1/Hhon-g03264.t1/Hhon-g03387.t1",8,"leading edge membrane","CC"
"GO:0016331","GO:0016331","13/304","128/9332",0.1015625,3.11770148026316,4.42676564997111,0.00026375370399253,0.00422820609643623,0.00305935001501598,"Hhon-g09710.t1/Hhon-g10494.t1/Hhon-g03907.t1/Hhon-g09266.t1/Hhon-g03432.t1/Hhon-g00241.t1/Hhon-g07787.t1/Hhon-g02931.t1/Hhon-g01922.t1/Hhon-g00092.t1/Hhon-g02688.t1/Hhon-g05967.t1/Hhon-g10405.t1",13,"morphogenesis of embryonic epithelium","BP"
"GO:0048667","GO:0048667","22/304","297/9332",0.0740740740740741,2.27387914230019,4.09399666295741,0.000271999683886527,0.00434362572114176,0.00314286274417873,"Hhon-g00124.t1/Hhon-g01603.t1/Hhon-g11170.t1/Hhon-g09710.t1/Hhon-g03907.t1/Hhon-g05322.t1/Hhon-g09380.t1/Hhon-g04801.t1/Hhon-g05242.t1/Hhon-g08174.t1/Hhon-g06075.t1/Hhon-g04244.t1/Hhon-g04246.t1/Hhon-g09473.t1/Hhon-g02425.t1/Hhon-g00226.t1/Hhon-g07281.t1/Hhon-g02931.t1/Hhon-g04925.t1/Hhon-g03264.t1/Hhon-g01922.t1/Hhon-g06183.t1",22,"cell morphogenesis involved in neuron differentiation","BP"
"GO:0035206","GO:0035206","5/304","19/9332",0.263157894736842,8.07825484764543,5.66713169899828,0.000283297540771247,0.00450671030376328,0.00326086380867569,"Hhon-g09710.t1/Hhon-g04801.t1/Hhon-g06571.t1/Hhon-g04016.t1/Hhon-g06160.t1",5,"regulation of hemocyte proliferation","BP"
"GO:0001158","GO:0001158","6/304","29/9332",0.206896551724138,6.35117967332123,5.29592874339943,0.000286712247364388,0.00452800779062563,0.00327627376393002,"Hhon-g09437.t1/Hhon-g01603.t1/Hhon-g03907.t1/Hhon-g07787.t1/Hhon-g09473.t1/Hhon-g00092.t1",6,NA,NA
"GO:0002791","GO:0002791","16/304","182/9332",0.0879120879120879,2.69866975130133,4.24657903673121,0.000287818120088819,0.00452800779062563,0.00327627376393002,"Hhon-g03542.t1/Hhon-g07625.t1/Hhon-g03364.t1/Hhon-g09981.t1/Hhon-g03907.t1/Hhon-g04801.t1/Hhon-g06571.t1/Hhon-g10573.t1/Hhon-g00241.t1/Hhon-g04244.t1/Hhon-g04246.t1/Hhon-g04829.t1/Hhon-g02425.t1/Hhon-g00226.t1/Hhon-g08386.t1/Hhon-g05970.t1",16,"regulation of peptide secretion","BP"
"GO:0046903","GO:0046903","30/304","468/9332",0.0641025641025641,1.96778002699055,3.94175674160915,0.000287908009808566,0.00452800779062563,0.00327627376393002,"Hhon-g03542.t1/Hhon-g00124.t1/Hhon-g00305.t1/Hhon-g02085.t1/Hhon-g03364.t1/Hhon-g05981.t1/Hhon-g07037.t1/Hhon-g07437.t1/Hhon-g08170.t1/Hhon-g03181.t1/Hhon-g10573.t1/Hhon-g01259.t1/Hhon-g05193.t1/Hhon-g02425.t1/Hhon-g06937.t1/Hhon-g07281.t1/Hhon-g02931.t1/Hhon-g01922.t1/Hhon-g06183.t1/Hhon-g00658.t1/Hhon-g10239.t1/Hhon-g09428.t1/Hhon-g02772.t1/Hhon-g07162.t1/Hhon-g07164.t1/Hhon-g02688.t1/Hhon-g08771.t1/Hhon-g08401.t1/Hhon-g08386.t1/Hhon-g03110.t1",30,"secretion","BP"
"GO:0042335","GO:0042335","9/304","67/9332",0.134328358208955,4.12352710133543,4.70831032295809,0.000297787494069084,0.00462256908236082,0.00334469429090807,"Hhon-g03181.t1/Hhon-g10494.t1/Hhon-g06571.t1/Hhon-g05242.t1/Hhon-g08174.t1/Hhon-g09899.t1/Hhon-g04925.t1/Hhon-g03112.t1/Hhon-g01891.t1",9,"cuticle development","BP"
"GO:0046683","GO:0046683","9/304","67/9332",0.134328358208955,4.12352710133543,4.70831032295809,0.000297787494069084,0.00462256908236082,0.00334469429090807,"Hhon-g09981.t1/Hhon-g04000.t1/Hhon-g04001.t1/Hhon-g06017.t1/Hhon-g06018.t1/Hhon-g01193.t1/Hhon-g04888.t1/Hhon-g09428.t1/Hhon-g00092.t1",9,"response to organophosphorus","BP"
"GO:0099504","GO:0099504","11/304","97/9332",0.11340206185567,3.4811448724905,4.50738496545811,0.000299951033610837,0.00462256908236082,0.00334469429090807,"Hhon-g03364.t1/Hhon-g05981.t1/Hhon-g07037.t1/Hhon-g10573.t1/Hhon-g05648.t1/Hhon-g05654.t1/Hhon-g05193.t1/Hhon-g06937.t1/Hhon-g07281.t1/Hhon-g02357.t1/Hhon-g00658.t1",11,"synaptic vesicle cycle","BP"
"GO:0007100","GO:0007100","4/304","11/9332",0.363636363636364,11.1626794258373,6.18840069467429,0.000303940597178349,0.00462256908236082,0.00334469429090807,"Hhon-g01323.t1/Hhon-g01363.t1/Hhon-g01983.t1/Hhon-g05253.t1",4,"mitotic centrosome separation","BP"
"GO:0021522","GO:0021522","4/304","11/9332",0.363636363636364,11.1626794258373,6.18840069467429,0.000303940597178349,0.00462256908236082,0.00334469429090807,"Hhon-g03907.t1/Hhon-g09380.t1/Hhon-g00241.t1/Hhon-g03354.t1",4,"spinal cord motor neuron differentiation","BP"
"GO:0032887","GO:0032887","4/304","11/9332",0.363636363636364,11.1626794258373,6.18840069467429,0.000303940597178349,0.00462256908236082,0.00334469429090807,"Hhon-g01323.t1/Hhon-g01363.t1/Hhon-g05759.t1/Hhon-g09899.t1",4,"regulation of spindle elongation","BP"
"GO:0035293","GO:0035293","4/304","11/9332",0.363636363636364,11.1626794258373,6.18840069467429,0.000303940597178349,0.00462256908236082,0.00334469429090807,"Hhon-g05242.t1/Hhon-g08174.t1/Hhon-g03112.t1/Hhon-g01891.t1",4,"chitin-based larval cuticle pattern formation","BP"
"GO:0043425","GO:0043425","4/304","11/9332",0.363636363636364,11.1626794258373,6.18840069467429,0.000303940597178349,0.00462256908236082,0.00334469429090807,"Hhon-g00684.t1/Hhon-g04657.t1/Hhon-g03907.t1/Hhon-g07787.t1",4,"bHLH transcription factor binding","MF"
"GO:0070822","GO:0070822","4/304","11/9332",0.363636363636364,11.1626794258373,6.18840069467429,0.000303940597178349,0.00462256908236082,0.00334469429090807,"Hhon-g00226.t1/Hhon-g00590.t1/Hhon-g07460.t1/Hhon-g04016.t1",4,"Sin3-type complex","CC"
"GO:0050920","GO:0050920","10/304","82/9332",0.121951219512195,3.74358151476252,4.57887765117098,0.000310843558335894,0.00471030092777603,0.00340817332113193,"Hhon-g00684.t1/Hhon-g11170.t1/Hhon-g05322.t1/Hhon-g04801.t1/Hhon-g06571.t1/Hhon-g10573.t1/Hhon-g04500.t1/Hhon-g03264.t1/Hhon-g07501.t1/Hhon-g01922.t1",10,"regulation of chemotaxis","BP"
"GO:0009953","GO:0009953","12/304","114/9332",0.105263157894737,3.23130193905817,4.39842841271657,0.000324750236666148,0.00490313811868307,0.00354770210696722,"Hhon-g00684.t1/Hhon-g05322.t1/Hhon-g09380.t1/Hhon-g09266.t1/Hhon-g10573.t1/Hhon-g05189.t1/Hhon-g11664.t1/Hhon-g04500.t1/Hhon-g03531.t1/Hhon-g04925.t1/Hhon-g01922.t1/Hhon-g00665.t1",12,"dorsal/ventral pattern formation","BP"
"GO:0097485","GO:0097485","15/304","166/9332",0.0903614457831325,2.77385859226379,4.23144036732687,0.000330177830223411,0.00496702301118696,0.00359392649678724,"Hhon-g11170.t1/Hhon-g03907.t1/Hhon-g05322.t1/Hhon-g09380.t1/Hhon-g04801.t1/Hhon-g05242.t1/Hhon-g08174.t1/Hhon-g06075.t1/Hhon-g02425.t1/Hhon-g00226.t1/Hhon-g07281.t1/Hhon-g02931.t1/Hhon-g04925.t1/Hhon-g03264.t1/Hhon-g01922.t1",15,"neuron projection guidance","BP"
"GO:1904951","GO:1904951","14/304","149/9332",0.0939597315436242,2.88431649593783,4.25461045986665,0.000348379905717366,0.00517063883980017,0.00374125424621988,"Hhon-g03542.t1/Hhon-g03907.t1/Hhon-g06571.t1/Hhon-g10573.t1/Hhon-g00241.t1/Hhon-g04829.t1/Hhon-g05193.t1/Hhon-g03531.t1/Hhon-g02931.t1/Hhon-g07409.t1/Hhon-g08386.t1/Hhon-g05970.t1/Hhon-g07418.t1/Hhon-g07993.t1",14,"positive regulation of establishment of protein localization","BP"
"GO:0004812","GO:0004812","6/304","30/9332",0.2,6.13947368421053,5.17364014365194,0.00034869433409057,0.00517063883980017,0.00374125424621988,"Hhon-g08814.t1/Hhon-g00572.t1/Hhon-g09696.t1/Hhon-g11345.t1/Hhon-g07660.t1/Hhon-g10129.t1",6,"aminoacyl-tRNA ligase activity","MF"
"GO:0006476","GO:0006476","6/304","30/9332",0.2,6.13947368421053,5.17364014365194,0.00034869433409057,0.00517063883980017,0.00374125424621988,"Hhon-g00226.t1/Hhon-g03531.t1/Hhon-g06894.t1/Hhon-g07578.t1/Hhon-g07460.t1/Hhon-g04016.t1",6,"protein deacetylation","BP"
"GO:0016875","GO:0016875","6/304","30/9332",0.2,6.13947368421053,5.17364014365194,0.00034869433409057,0.00517063883980017,0.00374125424621988,"Hhon-g08814.t1/Hhon-g00572.t1/Hhon-g09696.t1/Hhon-g11345.t1/Hhon-g07660.t1/Hhon-g10129.t1",6,"ligase activity, forming carbon-oxygen bonds","MF"
"GO:0018193","GO:0018193","25/304","365/9332",0.0684931506849315,2.10255948089402,3.94302914116062,0.000351436059758086,0.00518601017922952,0.00375237629335794,"Hhon-g03432.t1/Hhon-g04801.t1/Hhon-g06571.t1/Hhon-g10573.t1/Hhon-g00195.t1/Hhon-g03304.t1/Hhon-g05246.t1/Hhon-g11664.t1/Hhon-g00226.t1/Hhon-g01523.t1/Hhon-g04374.t1/Hhon-g05759.t1/Hhon-g06127.t1/Hhon-g08741.t1/Hhon-g07460.t1/Hhon-g02931.t1/Hhon-g07536.t1/Hhon-g03280.t1/Hhon-g10405.t1/Hhon-g02746.t1/Hhon-g05440.t1/Hhon-g01642.t1/Hhon-g03381.t1/Hhon-g03387.t1/Hhon-g09845.t1",25,"peptidyl-amino acid modification","BP"
"GO:0007612","GO:0007612","12/304","115/9332",0.104347826086957,3.20320366132723,4.36228345881844,0.000352229015063277,0.00518601017922952,0.00375237629335794,"Hhon-g09710.t1/Hhon-g05322.t1/Hhon-g10573.t1/Hhon-g10567.t1/Hhon-g02425.t1/Hhon-g05759.t1/Hhon-g04000.t1/Hhon-g04001.t1/Hhon-g06017.t1/Hhon-g06018.t1/Hhon-g02931.t1/Hhon-g00092.t1",12,"learning","BP"
"GO:0000245","GO:0000245","7/304","42/9332",0.166666666666667,5.11622807017544,4.90592979968959,0.000367550279167412,0.00531979265112055,0.00384917559737807,"Hhon-g03321.t1/Hhon-g09314.t1/Hhon-g11385.t1/Hhon-g11388.t1/Hhon-g09253.t1/Hhon-g09255.t1/Hhon-g09257.t1",7,"spliceosomal complex assembly","BP"
"GO:0002761","GO:0002761","7/304","42/9332",0.166666666666667,5.11622807017544,4.90592979968959,0.000367550279167412,0.00531979265112055,0.00384917559737807,"Hhon-g04801.t1/Hhon-g04000.t1/Hhon-g04001.t1/Hhon-g06017.t1/Hhon-g06018.t1/Hhon-g09672.t1/Hhon-g00092.t1",7,"regulation of myeloid leukocyte differentiation","BP"
"GO:0002068","GO:0002068","5/304","20/9332",0.25,7.67434210526316,5.48285914430952,0.000367741383804542,0.00531979265112055,0.00384917559737807,"Hhon-g03907.t1/Hhon-g04244.t1/Hhon-g04246.t1/Hhon-g07162.t1/Hhon-g07164.t1",5,"glandular epithelial cell development","BP"
"GO:1902895","GO:1902895","5/304","20/9332",0.25,7.67434210526316,5.48285914430952,0.000367741383804542,0.00531979265112055,0.00384917559737807,"Hhon-g04000.t1/Hhon-g04001.t1/Hhon-g06017.t1/Hhon-g06018.t1/Hhon-g00092.t1",5,"positive regulation of miRNA transcription","BP"
"GO:0005342","GO:0005342","8/304","55/9332",0.145454545454545,4.46507177033493,4.7292787442045,0.000371032736962801,0.00531979265112055,0.00384917559737807,"Hhon-g02482.t1/Hhon-g02483.t1/Hhon-g04482.t1/Hhon-g07130.t1/Hhon-g07132.t1/Hhon-g07133.t1/Hhon-g11482.t1/Hhon-g06696.t1",8,"organic acid transmembrane transporter activity","MF"
"GO:0046943","GO:0046943","8/304","55/9332",0.145454545454545,4.46507177033493,4.7292787442045,0.000371032736962801,0.00531979265112055,0.00384917559737807,"Hhon-g02482.t1/Hhon-g02483.t1/Hhon-g04482.t1/Hhon-g07130.t1/Hhon-g07132.t1/Hhon-g07133.t1/Hhon-g11482.t1/Hhon-g06696.t1",8,"carboxylic acid transmembrane transporter activity","MF"
"GO:0051101","GO:0051101","8/304","55/9332",0.145454545454545,4.46507177033493,4.7292787442045,0.000371032736962801,0.00531979265112055,0.00384917559737807,"Hhon-g03907.t1/Hhon-g00226.t1/Hhon-g07578.t1/Hhon-g04016.t1/Hhon-g00521.t1/Hhon-g00092.t1/Hhon-g08386.t1/Hhon-g08553.t1",8,"regulation of DNA binding","BP"
"GO:0003714","GO:0003714","9/304","69/9332",0.130434782608696,4.00400457665904,4.59572903453302,0.000372846739276513,0.00531979265112055,0.00384917559737807,"Hhon-g09380.t1/Hhon-g10567.t1/Hhon-g09473.t1/Hhon-g00226.t1/Hhon-g03531.t1/Hhon-g06894.t1/Hhon-g04016.t1/Hhon-g03869.t1/Hhon-g02746.t1",9,"transcription corepressor activity","MF"
"GO:1901216","GO:1901216","9/304","69/9332",0.130434782608696,4.00400457665904,4.59572903453302,0.000372846739276513,0.00531979265112055,0.00384917559737807,"Hhon-g00684.t1/Hhon-g01324.t1/Hhon-g03531.t1/Hhon-g04000.t1/Hhon-g04001.t1/Hhon-g06017.t1/Hhon-g06018.t1/Hhon-g02931.t1/Hhon-g00092.t1",9,NA,NA
"GO:0002764","GO:0002764","10/304","84/9332",0.119047619047619,3.65444862155388,4.48430524853693,0.000378823292220638,0.00536817170409586,0.00388418062151141,"Hhon-g04801.t1/Hhon-g10573.t1/Hhon-g04000.t1/Hhon-g04001.t1/Hhon-g06017.t1/Hhon-g06018.t1/Hhon-g02931.t1/Hhon-g04888.t1/Hhon-g00092.t1/Hhon-g05967.t1",10,"immune response-regulating signaling pathway","BP"
"GO:0014074","GO:0014074","10/304","84/9332",0.119047619047619,3.65444862155388,4.48430524853693,0.000378823292220638,0.00536817170409586,0.00388418062151141,"Hhon-g09981.t1/Hhon-g00226.t1/Hhon-g04000.t1/Hhon-g04001.t1/Hhon-g06017.t1/Hhon-g06018.t1/Hhon-g01193.t1/Hhon-g04888.t1/Hhon-g09428.t1/Hhon-g00092.t1",10,"response to purine-containing compound","BP"
"GO:0009791","GO:0009791","29/304","454/9332",0.0638766519823789,1.96084511940645,3.85149072095204,0.000386119274212456,0.00545294975010244,0.00394552240817168,"Hhon-g00684.t1/Hhon-g04657.t1/Hhon-g01603.t1/Hhon-g11170.t1/Hhon-g09710.t1/Hhon-g05322.t1/Hhon-g09380.t1/Hhon-g10573.t1/Hhon-g05242.t1/Hhon-g08174.t1/Hhon-g11664.t1/Hhon-g04500.t1/Hhon-g02425.t1/Hhon-g01523.t1/Hhon-g04016.t1/Hhon-g02931.t1/Hhon-g04925.t1/Hhon-g07501.t1/Hhon-g01922.t1/Hhon-g09165.t1/Hhon-g09222.t1/Hhon-g09223.t1/Hhon-g00092.t1/Hhon-g06667.t1/Hhon-g03112.t1/Hhon-g10909.t1/Hhon-g11345.t1/Hhon-g01891.t1/Hhon-g09845.t1",29,"post-embryonic development","BP"
"GO:0009416","GO:0009416","18/304","225/9332",0.08,2.45578947368421,4.05608714186935,0.000391729272454597,0.0055134235228186,0.00398927865686145,"Hhon-g07625.t1/Hhon-g03404.t1/Hhon-g11170.t1/Hhon-g04801.t1/Hhon-g06571.t1/Hhon-g05648.t1/Hhon-g05654.t1/Hhon-g10567.t1/Hhon-g09473.t1/Hhon-g01523.t1/Hhon-g04000.t1/Hhon-g04001.t1/Hhon-g06017.t1/Hhon-g06018.t1/Hhon-g01193.t1/Hhon-g00976.t1/Hhon-g06667.t1/Hhon-g02469.t1",18,"response to light stimulus","BP"
"GO:0032940","GO:0032940","27/304","411/9332",0.0656934306569343,2.01661544371879,3.8679063955562,0.000397463316338048,0.00557522868052559,0.00403399823907819,"Hhon-g03542.t1/Hhon-g00124.t1/Hhon-g00305.t1/Hhon-g02085.t1/Hhon-g03364.t1/Hhon-g05981.t1/Hhon-g07037.t1/Hhon-g07437.t1/Hhon-g08170.t1/Hhon-g03181.t1/Hhon-g10573.t1/Hhon-g01259.t1/Hhon-g05193.t1/Hhon-g06937.t1/Hhon-g07281.t1/Hhon-g02931.t1/Hhon-g01922.t1/Hhon-g06183.t1/Hhon-g00658.t1/Hhon-g10239.t1/Hhon-g09428.t1/Hhon-g02772.t1/Hhon-g02688.t1/Hhon-g08771.t1/Hhon-g08401.t1/Hhon-g08386.t1/Hhon-g03110.t1",27,"secretion by cell","BP"
"GO:0051100","GO:0051100","9/304","70/9332",0.128571428571429,3.9468045112782,4.5410163861044,0.000415852001743908,0.00581352697387444,0.00420642074420384,"Hhon-g03907.t1/Hhon-g06571.t1/Hhon-g00226.t1/Hhon-g01523.t1/Hhon-g04016.t1/Hhon-g00521.t1/Hhon-g01922.t1/Hhon-g00092.t1/Hhon-g08386.t1",9,"negative regulation of binding","BP"
"GO:0048634","GO:0048634","8/304","56/9332",0.142857142857143,4.38533834586466,4.66252137013119,0.00042083612424392,0.00586346170423072,0.0042425513902937,"Hhon-g00902.t1/Hhon-g00903.t1/Hhon-g00914.t1/Hhon-g10567.t1/Hhon-g00226.t1/Hhon-g03531.t1/Hhon-g02931.t1/Hhon-g04459.t1",8,"regulation of muscle organ development","BP"
"GO:0003777","GO:0003777","7/304","43/9332",0.162790697674419,4.99724602203182,4.8207625069388,0.000426956667978909,0.0059090802848281,0.00427555905407651,"Hhon-g01323.t1/Hhon-g01363.t1/Hhon-g08202.t1/Hhon-g01983.t1/Hhon-g05253.t1/Hhon-g11373.t1/Hhon-g06183.t1",7,"microtubule motor activity","MF"
"GO:1903076","GO:1903076","7/304","43/9332",0.162790697674419,4.99724602203182,4.8207625069388,0.000426956667978909,0.0059090802848281,0.00427555905407651,"Hhon-g06571.t1/Hhon-g10573.t1/Hhon-g05193.t1/Hhon-g02425.t1/Hhon-g07409.t1/Hhon-g00238.t1/Hhon-g03110.t1",7,"regulation of protein localization to plasma membrane","BP"
"GO:0015175","GO:0015175","4/304","12/9332",0.333333333333333,10.2324561403509,5.87225668984614,0.000444265483576266,0.00606773120989689,0.00439035211262695,"Hhon-g02482.t1/Hhon-g02483.t1/Hhon-g04482.t1/Hhon-g06696.t1",4,"neutral L-amino acid transmembrane transporter activity","MF"
"GO:0048881","GO:0048881","4/304","12/9332",0.333333333333333,10.2324561403509,5.87225668984614,0.000444265483576266,0.00606773120989689,0.00439035211262695,"Hhon-g00902.t1/Hhon-g00903.t1/Hhon-g00914.t1/Hhon-g03531.t1",4,"mechanosensory lateral line system development","BP"
"GO:0048915","GO:0048915","4/304","12/9332",0.333333333333333,10.2324561403509,5.87225668984614,0.000444265483576266,0.00606773120989689,0.00439035211262695,"Hhon-g00902.t1/Hhon-g00903.t1/Hhon-g00914.t1/Hhon-g03531.t1",4,"posterior lateral line system development","BP"
"GO:0071696","GO:0071696","4/304","12/9332",0.333333333333333,10.2324561403509,5.87225668984614,0.000444265483576266,0.00606773120989689,0.00439035211262695,"Hhon-g00902.t1/Hhon-g00903.t1/Hhon-g00914.t1/Hhon-g00226.t1",4,"ectodermal placode development","BP"
"GO:0007178","GO:0007178","10/304","86/9332",0.116279069767442,3.56946144430845,4.39257815789136,0.000458758237420444,0.0062451285303924,0.00451870926522156,"Hhon-g09981.t1/Hhon-g04000.t1/Hhon-g04001.t1/Hhon-g06017.t1/Hhon-g06018.t1/Hhon-g04925.t1/Hhon-g03869.t1/Hhon-g04459.t1/Hhon-g00092.t1/Hhon-g03329.t1",10,"cell surface receptor protein serine/threonine kinase signaling pathway","BP"
"GO:0017157","GO:0017157","9/304","71/9332",0.126760563380282,3.8912157153447,4.48730758412881,0.000462859847186196,0.0062803728284872,0.00454421053962643,"Hhon-g03542.t1/Hhon-g00124.t1/Hhon-g00305.t1/Hhon-g02085.t1/Hhon-g03364.t1/Hhon-g07037.t1/Hhon-g04801.t1/Hhon-g01259.t1/Hhon-g07281.t1",9,"regulation of exocytosis","BP"
"GO:1901214","GO:1901214","16/304","190/9332",0.0842105263157895,2.58504155124654,4.050437683458,0.00046659899743094,0.0062937210323677,0.00455386873196872,"Hhon-g03542.t1/Hhon-g00684.t1/Hhon-g03907.t1/Hhon-g04801.t1/Hhon-g06571.t1/Hhon-g01324.t1/Hhon-g00226.t1/Hhon-g03531.t1/Hhon-g07460.t1/Hhon-g04000.t1/Hhon-g04001.t1/Hhon-g06017.t1/Hhon-g06018.t1/Hhon-g02931.t1/Hhon-g00092.t1/Hhon-g07993.t1",16,NA,NA
"GO:0004407","GO:0004407","5/304","21/9332",0.238095238095238,7.30889724310777,5.31092354198404,0.000469906917156548,0.0062937210323677,0.00455386873196872,"Hhon-g00226.t1/Hhon-g03531.t1/Hhon-g06894.t1/Hhon-g07578.t1/Hhon-g07460.t1",5,"histone deacetylase activity","MF"
"GO:0035883","GO:0035883","5/304","21/9332",0.238095238095238,7.30889724310777,5.31092354198404,0.000469906917156548,0.0062937210323677,0.00455386873196872,"Hhon-g09060.t1/Hhon-g03907.t1/Hhon-g04244.t1/Hhon-g04246.t1/Hhon-g04829.t1",5,"enteroendocrine cell differentiation","BP"
"GO:0045652","GO:0045652","5/304","21/9332",0.238095238095238,7.30889724310777,5.31092354198404,0.000469906917156548,0.0062937210323677,0.00455386873196872,"Hhon-g00226.t1/Hhon-g04016.t1/Hhon-g07409.t1/Hhon-g06160.t1/Hhon-g06173.t1",5,"regulation of megakaryocyte differentiation","BP"
"GO:0050808","GO:0050808","13/304","136/9332",0.0955882352941176,2.9343072755418,4.16965909857365,0.00047758200862849,0.00637595016021058,0.00461336622990594,"Hhon-g02085.t1/Hhon-g03432.t1/Hhon-g05648.t1/Hhon-g05654.t1/Hhon-g06075.t1/Hhon-g01259.t1/Hhon-g02425.t1/Hhon-g02931.t1/Hhon-g04039.t1/Hhon-g01922.t1/Hhon-g02290.t1/Hhon-g00092.t1/Hhon-g06163.t1",13,"synapse organization","BP"
"GO:0035326","GO:0035326","6/304","32/9332",0.1875,5.75575657894737,4.94490831430954,0.000503780763204242,0.00670415938725646,0.00485084446081278,"Hhon-g09437.t1/Hhon-g01603.t1/Hhon-g03907.t1/Hhon-g07787.t1/Hhon-g09473.t1/Hhon-g00092.t1",6,NA,NA
"GO:0042060","GO:0042060","15/304","173/9332",0.0867052023121387,2.66162153939763,4.04796031949485,0.00051368508201362,0.00679856162300075,0.00491914990164388,"Hhon-g00684.t1/Hhon-g03364.t1/Hhon-g00419.t1/Hhon-g03404.t1/Hhon-g09981.t1/Hhon-g03181.t1/Hhon-g09266.t1/Hhon-g04801.t1/Hhon-g10573.t1/Hhon-g04500.t1/Hhon-g00226.t1/Hhon-g02931.t1/Hhon-g00092.t1/Hhon-g05967.t1/Hhon-g02474.t1",15,"wound healing","BP"
"GO:0008306","GO:0008306","9/304","72/9332",0.125,3.83717105263158,4.43456868962547,0.000514149409831945,0.00679856162300075,0.00491914990164388,"Hhon-g09710.t1/Hhon-g05322.t1/Hhon-g10573.t1/Hhon-g10567.t1/Hhon-g05759.t1/Hhon-g04000.t1/Hhon-g04001.t1/Hhon-g06017.t1/Hhon-g06018.t1",9,"associative learning","BP"
"GO:0002164","GO:0002164","19/304","250/9332",0.076,2.333,3.92025679525415,0.000516409817757297,0.00680677321691523,0.00492509146158505,"Hhon-g00684.t1/Hhon-g09710.t1/Hhon-g05322.t1/Hhon-g10573.t1/Hhon-g05242.t1/Hhon-g08174.t1/Hhon-g02425.t1/Hhon-g04016.t1/Hhon-g02931.t1/Hhon-g07501.t1/Hhon-g09165.t1/Hhon-g09222.t1/Hhon-g09223.t1/Hhon-g06667.t1/Hhon-g03112.t1/Hhon-g10909.t1/Hhon-g11345.t1/Hhon-g01891.t1/Hhon-g09845.t1",19,"larval development","BP"
"GO:0007631","GO:0007631","8/304","58/9332",0.137931034482759,4.23411978221416,4.5335839608474,0.000536749451237059,0.00705248013144389,0.00510287452974872,"Hhon-g05648.t1/Hhon-g05654.t1/Hhon-g04000.t1/Hhon-g04001.t1/Hhon-g06017.t1/Hhon-g06018.t1/Hhon-g02772.t1/Hhon-g06667.t1",8,"feeding behavior","BP"
"GO:0044454","GO:0044454","18/304","232/9332",0.0775862068965517,2.38169237749546,3.91056734400358,0.000565552515218829,0.00739590529407985,0.00535136236418819,"Hhon-g01603.t1/Hhon-g04244.t1/Hhon-g04246.t1/Hhon-g04500.t1/Hhon-g04501.t1/Hhon-g09473.t1/Hhon-g09811.t1/Hhon-g00226.t1/Hhon-g06894.t1/Hhon-g00590.t1/Hhon-g06127.t1/Hhon-g07460.t1/Hhon-g04016.t1/Hhon-g00521.t1/Hhon-g01922.t1/Hhon-g00092.t1/Hhon-g10909.t1/Hhon-g07320.t1",18,NA,NA
"GO:0048593","GO:0048593","7/304","45/9332",0.155555555555556,4.77514619883041,4.65808512109063,0.000568699488730108,0.00739590529407985,0.00535136236418819,"Hhon-g09437.t1/Hhon-g09380.t1/Hhon-g07787.t1/Hhon-g10567.t1/Hhon-g09473.t1/Hhon-g04039.t1/Hhon-g00976.t1",7,"camera-type eye morphogenesis","BP"
"GO:1905330","GO:1905330","7/304","45/9332",0.155555555555556,4.77514619883041,4.65808512109063,0.000568699488730108,0.00739590529407985,0.00535136236418819,"Hhon-g01603.t1/Hhon-g09380.t1/Hhon-g03432.t1/Hhon-g07787.t1/Hhon-g04500.t1/Hhon-g05759.t1/Hhon-g01922.t1",7,"regulation of morphogenesis of an epithelium","BP"
"GO:0016573","GO:0016573","9/304","73/9332",0.123287671232877,3.78460706560923,4.38276737468887,0.00057001196871521,0.00739590529407985,0.00535136236418819,"Hhon-g03304.t1/Hhon-g05246.t1/Hhon-g11664.t1/Hhon-g06127.t1/Hhon-g08741.t1/Hhon-g07536.t1/Hhon-g02746.t1/Hhon-g05440.t1/Hhon-g09845.t1",9,NA,NA
"GO:0048568","GO:0048568","17/304","213/9332",0.07981220657277,2.45002470966148,3.92822819271187,0.000581367018879754,0.00751973788906149,0.00544096236065853,"Hhon-g00684.t1/Hhon-g00902.t1/Hhon-g00903.t1/Hhon-g00914.t1/Hhon-g09710.t1/Hhon-g10494.t1/Hhon-g03907.t1/Hhon-g09380.t1/Hhon-g04801.t1/Hhon-g06571.t1/Hhon-g07787.t1/Hhon-g05246.t1/Hhon-g06894.t1/Hhon-g01922.t1/Hhon-g03112.t1/Hhon-g02688.t1/Hhon-g11231.t1",17,"embryonic organ development","BP"
"GO:0002065","GO:0002065","16/304","194/9332",0.0824742268041237,2.53174172544764,3.9560879889248,0.000587207813533298,0.00757169826642936,0.00547855867873172,"Hhon-g09060.t1/Hhon-g00684.t1/Hhon-g01603.t1/Hhon-g09710.t1/Hhon-g10494.t1/Hhon-g03907.t1/Hhon-g00241.t1/Hhon-g04244.t1/Hhon-g04246.t1/Hhon-g04829.t1/Hhon-g01922.t1/Hhon-g00092.t1/Hhon-g07162.t1/Hhon-g07164.t1/Hhon-g07320.t1/Hhon-g03381.t1",16,"columnar/cuboidal epithelial cell differentiation","BP"
"GO:0035112","GO:0035112","5/304","22/9332",0.227272727272727,6.97667464114833,5.14992880914007,0.000592058651145655,0.00757627987935007,0.0054818737388868,"Hhon-g00902.t1/Hhon-g00903.t1/Hhon-g00914.t1/Hhon-g02425.t1/Hhon-g04016.t1",5,"genitalia morphogenesis","BP"
"GO:0090102","GO:0090102","5/304","22/9332",0.227272727272727,6.97667464114833,5.14992880914007,0.000592058651145655,0.00757627987935007,0.0054818737388868,"Hhon-g00902.t1/Hhon-g00903.t1/Hhon-g00914.t1/Hhon-g07787.t1/Hhon-g01922.t1",5,"cochlea development","BP"
"GO:0150034","GO:0150034","14/304","157/9332",0.089171974522293,2.73734495474355,4.02844982181705,0.000593037321962614,0.00757627987935007,0.0054818737388868,"Hhon-g07625.t1/Hhon-g03364.t1/Hhon-g01523.t1/Hhon-g07281.t1/Hhon-g02931.t1/Hhon-g02357.t1/Hhon-g07409.t1/Hhon-g01922.t1/Hhon-g09076.t1/Hhon-g10981.t1/Hhon-g00658.t1/Hhon-g09428.t1/Hhon-g08386.t1/Hhon-g07993.t1",14,"distal axon","CC"
"GO:0005871","GO:0005871","6/304","33/9332",0.181818181818182,5.58133971291866,4.83767238535043,0.000599103129854776,0.00758376888767388,0.00548729246664163,"Hhon-g01323.t1/Hhon-g01363.t1/Hhon-g08202.t1/Hhon-g01983.t1/Hhon-g05253.t1/Hhon-g11373.t1",6,"kinesin complex","CC"
"GO:0006418","GO:0006418","6/304","33/9332",0.181818181818182,5.58133971291866,4.83767238535043,0.000599103129854776,0.00758376888767388,0.00548729246664163,"Hhon-g08814.t1/Hhon-g00572.t1/Hhon-g09696.t1/Hhon-g11345.t1/Hhon-g07660.t1/Hhon-g10129.t1",6,"tRNA aminoacylation for protein translation","BP"
"GO:0021575","GO:0021575","6/304","33/9332",0.181818181818182,5.58133971291866,4.83767238535043,0.000599103129854776,0.00758376888767388,0.00548729246664163,"Hhon-g00684.t1/Hhon-g00902.t1/Hhon-g00903.t1/Hhon-g00914.t1/Hhon-g09380.t1/Hhon-g05189.t1",6,"hindbrain morphogenesis","BP"
"GO:0007565","GO:0007565","8/304","59/9332",0.135593220338983,4.16235504014273,4.47127739635883,0.000603700233651662,0.00759564657612637,0.00549588665659281,"Hhon-g01603.t1/Hhon-g06571.t1/Hhon-g04000.t1/Hhon-g04001.t1/Hhon-g06017.t1/Hhon-g06018.t1/Hhon-g02772.t1/Hhon-g02688.t1",8,"female pregnancy","BP"
"GO:0009583","GO:0009583","8/304","59/9332",0.135593220338983,4.16235504014273,4.47127739635883,0.000603700233651662,0.00759564657612637,0.00549588665659281,"Hhon-g03404.t1/Hhon-g11170.t1/Hhon-g04801.t1/Hhon-g05648.t1/Hhon-g05654.t1/Hhon-g01193.t1/Hhon-g00976.t1/Hhon-g06667.t1",8,"detection of light stimulus","BP"
"GO:0061098","GO:0061098","4/304","13/9332",0.307692307692308,9.44534412955466,5.59125735449561,0.000625342804793605,0.00780601595463455,0.005648100987356,"Hhon-g02931.t1/Hhon-g01922.t1/Hhon-g06667.t1/Hhon-g03387.t1",4,"positive regulation of protein tyrosine kinase activity","BP"
"GO:1990752","GO:1990752","4/304","13/9332",0.307692307692308,9.44534412955466,5.59125735449561,0.000625342804793605,0.00780601595463455,0.005648100987356,"Hhon-g09899.t1/Hhon-g01983.t1/Hhon-g05253.t1/Hhon-g06183.t1",4,"microtubule end","CC"
"GO:0051051","GO:0051051","18/304","234/9332",0.0769230769230769,2.36133603238866,3.86995053092532,0.000626060528153494,0.00780601595463455,0.005648100987356,"Hhon-g03542.t1/Hhon-g00902.t1/Hhon-g00903.t1/Hhon-g00914.t1/Hhon-g09981.t1/Hhon-g04801.t1/Hhon-g06571.t1/Hhon-g10573.t1/Hhon-g05193.t1/Hhon-g02425.t1/Hhon-g00226.t1/Hhon-g03531.t1/Hhon-g07281.t1/Hhon-g02357.t1/Hhon-g06667.t1/Hhon-g09963.t1/Hhon-g00238.t1/Hhon-g08386.t1",18,"negative regulation of transport","BP"
"GO:0045665","GO:0045665","12/304","123/9332",0.0975609756097561,2.99486521181001,4.08662688068309,0.000651709423263972,0.00808549760237665,0.00585032201530853,"Hhon-g00684.t1/Hhon-g09317.t1/Hhon-g03907.t1/Hhon-g07787.t1/Hhon-g05193.t1/Hhon-g10567.t1/Hhon-g00226.t1/Hhon-g09899.t1/Hhon-g07409.t1/Hhon-g08835.t1/Hhon-g08836.t1/Hhon-g06667.t1",12,"negative regulation of neuron differentiation","BP"
"GO:0015103","GO:0015103","7/304","46/9332",0.152173913043478,4.67133867276888,4.58030223826267,0.000652370350866131,0.00808549760237665,0.00585032201530853,"Hhon-g00543.t1/Hhon-g00544.t1/Hhon-g06340.t1/Hhon-g06341.t1/Hhon-g06342.t1/Hhon-g09765.t1/Hhon-g09766.t1",7,"inorganic anion transmembrane transporter activity","MF"
"GO:0097447","GO:0097447","19/304","255/9332",0.0745098039215686,2.28725490196078,3.82444648380939,0.000658556849093286,0.00813788106379561,0.00588822445899825,"Hhon-g03542.t1/Hhon-g07625.t1/Hhon-g03364.t1/Hhon-g03404.t1/Hhon-g01603.t1/Hhon-g09317.t1/Hhon-g04801.t1/Hhon-g06571.t1/Hhon-g01259.t1/Hhon-g07281.t1/Hhon-g02931.t1/Hhon-g02357.t1/Hhon-g09899.t1/Hhon-g07409.t1/Hhon-g01922.t1/Hhon-g00665.t1/Hhon-g05897.t1/Hhon-g08386.t1/Hhon-g05823.t1",19,"dendritic tree","CC"
"GO:0048812","GO:0048812","22/304","317/9332",0.0694006309148265,2.13041673584592,3.75742616715521,0.000665364069453904,0.00819760123552704,0.00593143543408228,"Hhon-g00124.t1/Hhon-g01603.t1/Hhon-g11170.t1/Hhon-g03907.t1/Hhon-g05322.t1/Hhon-g09380.t1/Hhon-g04801.t1/Hhon-g05242.t1/Hhon-g08174.t1/Hhon-g06075.t1/Hhon-g04244.t1/Hhon-g04246.t1/Hhon-g09473.t1/Hhon-g02425.t1/Hhon-g00226.t1/Hhon-g07281.t1/Hhon-g02931.t1/Hhon-g02357.t1/Hhon-g04925.t1/Hhon-g03264.t1/Hhon-g01922.t1/Hhon-g06183.t1",22,"neuron projection morphogenesis","BP"
"GO:0018205","GO:0018205","13/304","141/9332",0.0921985815602837,2.8302538260545,4.01832082385288,0.000674836849991846,0.00828971183776966,0.00599808274642394,"Hhon-g03304.t1/Hhon-g05246.t1/Hhon-g11664.t1/Hhon-g00226.t1/Hhon-g06127.t1/Hhon-g08741.t1/Hhon-g07460.t1/Hhon-g07536.t1/Hhon-g02746.t1/Hhon-g05440.t1/Hhon-g01642.t1/Hhon-g03381.t1/Hhon-g09845.t1",13,"peptidyl-lysine modification","BP"
"GO:0007528","GO:0007528","8/304","60/9332",0.133333333333333,4.09298245614035,4.41033401309707,0.000677238822214028,0.00829467725614349,0.00600167551187342,"Hhon-g05648.t1/Hhon-g05654.t1/Hhon-g01259.t1/Hhon-g02425.t1/Hhon-g02931.t1/Hhon-g01922.t1/Hhon-g00092.t1/Hhon-g06163.t1",8,"neuromuscular junction development","BP"
"GO:0120039","GO:0120039","22/304","318/9332",0.0691823899371069,2.1237173121483,3.7412520357032,0.000694020486257869,0.00847521487924315,0.00613230485380792,"Hhon-g00124.t1/Hhon-g01603.t1/Hhon-g11170.t1/Hhon-g03907.t1/Hhon-g05322.t1/Hhon-g09380.t1/Hhon-g04801.t1/Hhon-g05242.t1/Hhon-g08174.t1/Hhon-g06075.t1/Hhon-g04244.t1/Hhon-g04246.t1/Hhon-g09473.t1/Hhon-g02425.t1/Hhon-g00226.t1/Hhon-g07281.t1/Hhon-g02931.t1/Hhon-g02357.t1/Hhon-g04925.t1/Hhon-g03264.t1/Hhon-g01922.t1/Hhon-g06183.t1",22,"plasma membrane bounded cell projection morphogenesis","BP"
"GO:0018393","GO:0018393","9/304","75/9332",0.12,3.68368421052632,4.28185564901552,0.000696682401885584,0.00848277223644851,0.0061377730359051,"Hhon-g03304.t1/Hhon-g05246.t1/Hhon-g11664.t1/Hhon-g06127.t1/Hhon-g08741.t1/Hhon-g07536.t1/Hhon-g02746.t1/Hhon-g05440.t1/Hhon-g09845.t1",9,"internal peptidyl-lysine acetylation","BP"
"GO:0021879","GO:0021879","6/304","34/9332",0.176470588235294,5.4171826625387,4.73472934135867,0.000707847113590771,0.00854355004543279,0.00618174927230128,"Hhon-g00684.t1/Hhon-g00902.t1/Hhon-g00903.t1/Hhon-g00914.t1/Hhon-g09380.t1/Hhon-g03264.t1",6,"forebrain neuron differentiation","BP"
"GO:0043039","GO:0043039","6/304","34/9332",0.176470588235294,5.4171826625387,4.73472934135867,0.000707847113590771,0.00854355004543279,0.00618174927230128,"Hhon-g08814.t1/Hhon-g00572.t1/Hhon-g09696.t1/Hhon-g11345.t1/Hhon-g07660.t1/Hhon-g10129.t1",6,"tRNA aminoacylation","BP"
"GO:1990089","GO:1990089","6/304","34/9332",0.176470588235294,5.4171826625387,4.73472934135867,0.000707847113590771,0.00854355004543279,0.00618174927230128,"Hhon-g07625.t1/Hhon-g06571.t1/Hhon-g01523.t1/Hhon-g02357.t1/Hhon-g07409.t1/Hhon-g06183.t1",6,"response to nerve growth factor","BP"
"GO:0048858","GO:0048858","22/304","319/9332",0.0689655172413793,2.11705989110708,3.72513679608049,0.000723743218508727,0.00871009229927024,0.00630225216056112,"Hhon-g00124.t1/Hhon-g01603.t1/Hhon-g11170.t1/Hhon-g03907.t1/Hhon-g05322.t1/Hhon-g09380.t1/Hhon-g04801.t1/Hhon-g05242.t1/Hhon-g08174.t1/Hhon-g06075.t1/Hhon-g04244.t1/Hhon-g04246.t1/Hhon-g09473.t1/Hhon-g02425.t1/Hhon-g00226.t1/Hhon-g07281.t1/Hhon-g02931.t1/Hhon-g02357.t1/Hhon-g04925.t1/Hhon-g03264.t1/Hhon-g01922.t1/Hhon-g06183.t1",22,"cell projection morphogenesis","BP"
"GO:0000980","GO:0000980","5/304","23/9332",0.217391304347826,6.6733409610984,4.9986922425242,0.000736560405826813,0.00876274729224335,0.00634035107292935,"Hhon-g09437.t1/Hhon-g01603.t1/Hhon-g03907.t1/Hhon-g09473.t1/Hhon-g00092.t1",5,NA,NA
"GO:0035064","GO:0035064","5/304","23/9332",0.217391304347826,6.6733409610984,4.9986922425242,0.000736560405826813,0.00876274729224335,0.00634035107292935,"Hhon-g03304.t1/Hhon-g00590.t1/Hhon-g06127.t1/Hhon-g08741.t1/Hhon-g03381.t1",5,"methylated histone binding","MF"
"GO:0070849","GO:0070849","5/304","23/9332",0.217391304347826,6.6733409610984,4.9986922425242,0.000736560405826813,0.00876274729224335,0.00634035107292935,"Hhon-g00684.t1/Hhon-g06571.t1/Hhon-g07787.t1/Hhon-g04500.t1/Hhon-g07993.t1",5,"response to epidermal growth factor","BP"
"GO:0140034","GO:0140034","5/304","23/9332",0.217391304347826,6.6733409610984,4.9986922425242,0.000736560405826813,0.00876274729224335,0.00634035107292935,"Hhon-g03304.t1/Hhon-g00590.t1/Hhon-g06127.t1/Hhon-g08741.t1/Hhon-g03381.t1",5,"methylation-dependent protein binding","MF"
"GO:0043204","GO:0043204","7/304","47/9332",0.148936170212766,4.57194848824188,4.50472489335759,0.00074551432961929,0.00881873360848801,0.00638086038906418,"Hhon-g03542.t1/Hhon-g07625.t1/Hhon-g00902.t1/Hhon-g00903.t1/Hhon-g00914.t1/Hhon-g08502.t1/Hhon-g07993.t1",7,"perikaryon","CC"
"GO:0048806","GO:0048806","7/304","47/9332",0.148936170212766,4.57194848824188,4.50472489335759,0.00074551432961929,0.00881873360848801,0.00638086038906418,"Hhon-g00902.t1/Hhon-g00903.t1/Hhon-g00914.t1/Hhon-g09380.t1/Hhon-g02425.t1/Hhon-g09110.t1/Hhon-g04016.t1",7,"genitalia development","BP"
"GO:0042752","GO:0042752","8/304","61/9332",0.131147540983607,4.02588438308887,4.35069930275834,0.000757832336173983,0.00891365399375178,0.00644954074083957,"Hhon-g03542.t1/Hhon-g11170.t1/Hhon-g04801.t1/Hhon-g08561.t1/Hhon-g09110.t1/Hhon-g01523.t1/Hhon-g04016.t1/Hhon-g05897.t1",8,"regulation of circadian rhythm","BP"
"GO:0048024","GO:0048024","8/304","61/9332",0.131147540983607,4.02588438308887,4.35069930275834,0.000757832336173983,0.00891365399375178,0.00644954074083957,"Hhon-g09110.t1/Hhon-g03321.t1/Hhon-g08053.t1/Hhon-g04459.t1/Hhon-g00665.t1/Hhon-g09314.t1/Hhon-g11385.t1/Hhon-g11388.t1",8,"regulation of mRNA splicing, via spliceosome","BP"
"GO:0007411","GO:0007411","14/304","161/9332",0.0869565217391304,2.66933638443936,3.92060926484836,0.000762183347264979,0.00893950637809094,0.00646824642609055,"Hhon-g11170.t1/Hhon-g03907.t1/Hhon-g05322.t1/Hhon-g09380.t1/Hhon-g04801.t1/Hhon-g05242.t1/Hhon-g08174.t1/Hhon-g06075.t1/Hhon-g02425.t1/Hhon-g07281.t1/Hhon-g02931.t1/Hhon-g04925.t1/Hhon-g03264.t1/Hhon-g01922.t1",14,"axon guidance","BP"
"GO:0006475","GO:0006475","9/304","76/9332",0.118421052631579,3.63521468144044,4.23268779485673,0.000768134211669253,0.00895868889564815,0.00648212607955071,"Hhon-g03304.t1/Hhon-g05246.t1/Hhon-g11664.t1/Hhon-g06127.t1/Hhon-g08741.t1/Hhon-g07536.t1/Hhon-g02746.t1/Hhon-g05440.t1/Hhon-g09845.t1",9,"internal protein amino acid acetylation","BP"
"GO:0018394","GO:0018394","9/304","76/9332",0.118421052631579,3.63521468144044,4.23268779485673,0.000768134211669253,0.00895868889564815,0.00648212607955071,"Hhon-g03304.t1/Hhon-g05246.t1/Hhon-g11664.t1/Hhon-g06127.t1/Hhon-g08741.t1/Hhon-g07536.t1/Hhon-g02746.t1/Hhon-g05440.t1/Hhon-g09845.t1",9,"peptidyl-lysine acetylation","BP"
"GO:0043410","GO:0043410","13/304","143/9332",0.0909090909090909,2.79066985645933,3.9596292813595,0.000771021311387309,0.00896717222655492,0.00648826425681669,"Hhon-g09317.t1/Hhon-g09710.t1/Hhon-g04801.t1/Hhon-g10573.t1/Hhon-g10567.t1/Hhon-g09357.t1/Hhon-g09024.t1/Hhon-g02931.t1/Hhon-g07409.t1/Hhon-g03264.t1/Hhon-g01922.t1/Hhon-g00092.t1/Hhon-g03688.t1",13,"positive regulation of MAPK cascade","BP"
"GO:0050804","GO:0050804","15/304","180/9332",0.0833333333333333,2.55811403508772,3.87331303810304,0.00077821467211195,0.00900041035824182,0.00651231395457412,"Hhon-g03542.t1/Hhon-g07625.t1/Hhon-g02085.t1/Hhon-g03364.t1/Hhon-g09266.t1/Hhon-g06571.t1/Hhon-g10573.t1/Hhon-g01259.t1/Hhon-g02425.t1/Hhon-g02931.t1/Hhon-g02357.t1/Hhon-g01922.t1/Hhon-g09428.t1/Hhon-g05897.t1/Hhon-g09963.t1",15,"modulation of chemical synaptic transmission","BP"
"GO:0099177","GO:0099177","15/304","180/9332",0.0833333333333333,2.55811403508772,3.87331303810304,0.00077821467211195,0.00900041035824182,0.00651231395457412,"Hhon-g03542.t1/Hhon-g07625.t1/Hhon-g02085.t1/Hhon-g03364.t1/Hhon-g09266.t1/Hhon-g06571.t1/Hhon-g10573.t1/Hhon-g01259.t1/Hhon-g02425.t1/Hhon-g02931.t1/Hhon-g02357.t1/Hhon-g01922.t1/Hhon-g09428.t1/Hhon-g05897.t1/Hhon-g09963.t1",15,"regulation of trans-synaptic signaling","BP"
"GO:0031099","GO:0031099","10/304","92/9332",0.108695652173913,3.3366704805492,4.13295342794417,0.000786752352764632,0.00907387713521875,0.00656547138827561,"Hhon-g00684.t1/Hhon-g00902.t1/Hhon-g00903.t1/Hhon-g00914.t1/Hhon-g01603.t1/Hhon-g11170.t1/Hhon-g03907.t1/Hhon-g09266.t1/Hhon-g06571.t1/Hhon-g00092.t1",10,"regeneration","BP"
"GO:0010975","GO:0010975","21/304","301/9332",0.0697674418604651,2.14167686658507,3.69456778581212,0.000821639477676555,0.00937871274497644,0.00678603746429438,"Hhon-g00684.t1/Hhon-g11170.t1/Hhon-g03181.t1/Hhon-g09317.t1/Hhon-g05322.t1/Hhon-g06571.t1/Hhon-g01259.t1/Hhon-g05193.t1/Hhon-g02425.t1/Hhon-g00226.t1/Hhon-g07281.t1/Hhon-g02931.t1/Hhon-g09899.t1/Hhon-g07409.t1/Hhon-g03264.t1/Hhon-g01922.t1/Hhon-g06183.t1/Hhon-g08835.t1/Hhon-g08836.t1/Hhon-g06667.t1/Hhon-g03112.t1",21,"regulation of neuron projection development","BP"
"GO:1903532","GO:1903532","13/304","144/9332",0.0902777777777778,2.77129020467836,3.93066095815866,0.00082328237361339,0.00937871274497644,0.00678603746429438,"Hhon-g03542.t1/Hhon-g03364.t1/Hhon-g03907.t1/Hhon-g04801.t1/Hhon-g10573.t1/Hhon-g00241.t1/Hhon-g01259.t1/Hhon-g04829.t1/Hhon-g02425.t1/Hhon-g09428.t1/Hhon-g03112.t1/Hhon-g08386.t1/Hhon-g05970.t1",13,"positive regulation of secretion by cell","BP"
"GO:0033267","GO:0033267","15/304","181/9332",0.0828729281767956,2.54398080837453,3.84903640571202,0.000824107947353485,0.00937871274497644,0.00678603746429438,"Hhon-g07625.t1/Hhon-g03364.t1/Hhon-g01523.t1/Hhon-g07281.t1/Hhon-g02931.t1/Hhon-g02357.t1/Hhon-g07409.t1/Hhon-g03264.t1/Hhon-g01922.t1/Hhon-g09076.t1/Hhon-g10981.t1/Hhon-g00658.t1/Hhon-g09428.t1/Hhon-g08386.t1/Hhon-g07993.t1",15,NA,NA
"GO:0007417","GO:0007417","29/304","476/9332",0.0609243697478992,1.87021782397169,3.57616672655962,0.000828991661971436,0.00937871274497644,0.00678603746429438,"Hhon-g07625.t1/Hhon-g00684.t1/Hhon-g00902.t1/Hhon-g00903.t1/Hhon-g00914.t1/Hhon-g09437.t1/Hhon-g01603.t1/Hhon-g11170.t1/Hhon-g03907.t1/Hhon-g09380.t1/Hhon-g09266.t1/Hhon-g04801.t1/Hhon-g06571.t1/Hhon-g00241.t1/Hhon-g05242.t1/Hhon-g07787.t1/Hhon-g08174.t1/Hhon-g08561.t1/Hhon-g05189.t1/Hhon-g10567.t1/Hhon-g01324.t1/Hhon-g04500.t1/Hhon-g00226.t1/Hhon-g02931.t1/Hhon-g02357.t1/Hhon-g03264.t1/Hhon-g01922.t1/Hhon-g03354.t1/Hhon-g07993.t1",29,"central nervous system development","BP"
"GO:0007591","GO:0007591","6/304","35/9332",0.171428571428571,5.26240601503759,4.63577697435498,0.000831253923446852,0.00937871274497644,0.00678603746429438,"Hhon-g05242.t1/Hhon-g08174.t1/Hhon-g09899.t1/Hhon-g04925.t1/Hhon-g03112.t1/Hhon-g01891.t1",6,"molting cycle, chitin-based cuticle","BP"
"GO:0015030","GO:0015030","6/304","35/9332",0.171428571428571,5.26240601503759,4.63577697435498,0.000831253923446852,0.00937871274497644,0.00678603746429438,"Hhon-g09751.t1/Hhon-g09314.t1/Hhon-g11385.t1/Hhon-g11388.t1/Hhon-g06163.t1/Hhon-g07993.t1",6,"Cajal body","CC"
"GO:0035019","GO:0035019","6/304","35/9332",0.171428571428571,5.26240601503759,4.63577697435498,0.000831253923446852,0.00937871274497644,0.00678603746429438,"Hhon-g00684.t1/Hhon-g00241.t1/Hhon-g07787.t1/Hhon-g05246.t1/Hhon-g04500.t1/Hhon-g01922.t1",6,"somatic stem cell population maintenance","BP"
"GO:0043038","GO:0043038","6/304","35/9332",0.171428571428571,5.26240601503759,4.63577697435498,0.000831253923446852,0.00937871274497644,0.00678603746429438,"Hhon-g08814.t1/Hhon-g00572.t1/Hhon-g09696.t1/Hhon-g11345.t1/Hhon-g07660.t1/Hhon-g10129.t1",6,"amino acid activation","BP"
"GO:0072659","GO:0072659","9/304","77/9332",0.116883116883117,3.588004101162,4.18434247162526,0.000845446947967221,0.00943486659309311,0.00682666799936308,"Hhon-g03542.t1/Hhon-g00124.t1/Hhon-g00305.t1/Hhon-g03181.t1/Hhon-g03432.t1/Hhon-g06571.t1/Hhon-g03112.t1/Hhon-g02688.t1/Hhon-g07418.t1",9,"protein localization to plasma membrane","BP"
"GO:1902107","GO:1902107","7/304","48/9332",0.145833333333333,4.47669956140351,4.43124055561204,0.000848873720739427,0.00943486659309311,0.00682666799936308,"Hhon-g04801.t1/Hhon-g04000.t1/Hhon-g04001.t1/Hhon-g06017.t1/Hhon-g06018.t1/Hhon-g06160.t1/Hhon-g00092.t1",7,"positive regulation of leukocyte differentiation","BP"
"GO:0007019","GO:0007019","4/304","14/9332",0.285714285714286,8.77067669172932,5.33908230854144,0.000853165239397848,0.00943486659309311,0.00682666799936308,"Hhon-g09899.t1/Hhon-g01983.t1/Hhon-g05253.t1/Hhon-g11373.t1",4,"microtubule depolymerization","BP"
"GO:0008363","GO:0008363","4/304","14/9332",0.285714285714286,8.77067669172932,5.33908230854144,0.000853165239397848,0.00943486659309311,0.00682666799936308,"Hhon-g05242.t1/Hhon-g08174.t1/Hhon-g03112.t1/Hhon-g01891.t1",4,"larval chitin-based cuticle development","BP"
"GO:0015804","GO:0015804","4/304","14/9332",0.285714285714286,8.77067669172932,5.33908230854144,0.000853165239397848,0.00943486659309311,0.00682666799936308,"Hhon-g02482.t1/Hhon-g02483.t1/Hhon-g04482.t1/Hhon-g06696.t1",4,"neutral amino acid transport","BP"
"GO:0042337","GO:0042337","4/304","14/9332",0.285714285714286,8.77067669172932,5.33908230854144,0.000853165239397848,0.00943486659309311,0.00682666799936308,"Hhon-g05242.t1/Hhon-g08174.t1/Hhon-g03112.t1/Hhon-g01891.t1",4,"cuticle development involved in chitin-based cuticle molting cycle","BP"
"GO:0048882","GO:0048882","4/304","14/9332",0.285714285714286,8.77067669172932,5.33908230854144,0.000853165239397848,0.00943486659309311,0.00682666799936308,"Hhon-g00902.t1/Hhon-g00903.t1/Hhon-g00914.t1/Hhon-g03531.t1",4,"lateral line development","BP"
"GO:0005700","GO:0005700","10/304","93/9332",0.10752688172043,3.30079230333899,4.09177286483246,0.000856682250866113,0.00943486659309311,0.00682666799936308,"Hhon-g01603.t1/Hhon-g03304.t1/Hhon-g09473.t1/Hhon-g00226.t1/Hhon-g04016.t1/Hhon-g04459.t1/Hhon-g00521.t1/Hhon-g08787.t1/Hhon-g10239.t1/Hhon-g10909.t1",10,"polytene chromosome","CC"
"GO:0030902","GO:0030902","10/304","93/9332",0.10752688172043,3.30079230333899,4.09177286483246,0.000856682250866113,0.00943486659309311,0.00682666799936308,"Hhon-g07625.t1/Hhon-g00684.t1/Hhon-g00902.t1/Hhon-g00903.t1/Hhon-g00914.t1/Hhon-g09437.t1/Hhon-g09380.t1/Hhon-g05189.t1/Hhon-g10567.t1/Hhon-g02931.t1",10,"hindbrain development","BP"
"GO:0031253","GO:0031253","12/304","127/9332",0.094488188976378,2.90053874844592,3.95705242322396,0.000867798200725535,0.0095320056333662,0.00689695367549618,"Hhon-g03542.t1/Hhon-g07625.t1/Hhon-g04801.t1/Hhon-g06571.t1/Hhon-g05193.t1/Hhon-g02482.t1/Hhon-g02483.t1/Hhon-g08105.t1/Hhon-g09899.t1/Hhon-g07409.t1/Hhon-g03264.t1/Hhon-g03387.t1",12,"cell projection membrane","CC"
"GO:0006820","GO:0006820","17/304","221/9332",0.0769230769230769,2.36133603238866,3.75823181393096,0.000881652045777036,0.00965862610571571,0.00698857086140164,"Hhon-g00543.t1/Hhon-g00544.t1/Hhon-g01603.t1/Hhon-g02482.t1/Hhon-g02483.t1/Hhon-g04482.t1/Hhon-g07130.t1/Hhon-g07132.t1/Hhon-g07133.t1/Hhon-g11482.t1/Hhon-g02931.t1/Hhon-g06340.t1/Hhon-g06341.t1/Hhon-g06342.t1/Hhon-g09765.t1/Hhon-g09766.t1/Hhon-g06696.t1",17,"monoatomic anion transport","BP"
"GO:0035639","GO:0035639","21/304","303/9332",0.0693069306930693,2.12754038561751,3.66132857593724,0.00089445450081955,0.00977309233527045,0.00707139375440165,"Hhon-g00124.t1/Hhon-g00305.t1/Hhon-g03181.t1/Hhon-g09317.t1/Hhon-g09710.t1/Hhon-g06571.t1/Hhon-g05193.t1/Hhon-g11182.t1/Hhon-g01323.t1/Hhon-g01363.t1/Hhon-g05759.t1/Hhon-g06779.t1/Hhon-g09400.t1/Hhon-g02931.t1/Hhon-g02290.t1/Hhon-g09076.t1/Hhon-g10981.t1/Hhon-g08814.t1/Hhon-g00572.t1/Hhon-g07660.t1/Hhon-g02237.t1",21,"purine ribonucleoside triphosphate binding","MF"
"GO:0006734","GO:0006734","5/304","24/9332",0.208333333333333,6.3952850877193,4.85620422736512,0.000905865145566945,0.00982024042922704,0.00710550810896815,"Hhon-g06340.t1/Hhon-g06341.t1/Hhon-g06342.t1/Hhon-g09765.t1/Hhon-g09766.t1",5,"NADH metabolic process","BP"
"GO:0051385","GO:0051385","5/304","24/9332",0.208333333333333,6.3952850877193,4.85620422736512,0.000905865145566945,0.00982024042922704,0.00710550810896815,"Hhon-g04801.t1/Hhon-g04000.t1/Hhon-g04001.t1/Hhon-g06017.t1/Hhon-g06018.t1",5,"response to mineralocorticoid","BP"
"GO:0071277","GO:0071277","5/304","24/9332",0.208333333333333,6.3952850877193,4.85620422736512,0.000905865145566945,0.00982024042922704,0.00710550810896815,"Hhon-g04000.t1/Hhon-g04001.t1/Hhon-g06017.t1/Hhon-g06018.t1/Hhon-g00092.t1",5,"cellular response to calcium ion","BP"
"GO:0031248","GO:0031248","9/304","78/9332",0.115384615384615,3.542004048583,4.13679407736873,0.000928973444458257,0.00999248119531265,0.0072301341982107,"Hhon-g03304.t1/Hhon-g05246.t1/Hhon-g11664.t1/Hhon-g06127.t1/Hhon-g08741.t1/Hhon-g07536.t1/Hhon-g02746.t1/Hhon-g05440.t1/Hhon-g09845.t1",9,"protein acetyltransferase complex","CC"
"GO:0198738","GO:0198738","9/304","78/9332",0.115384615384615,3.542004048583,4.13679407736873,0.000928973444458257,0.00999248119531265,0.0072301341982107,"Hhon-g09266.t1/Hhon-g00241.t1/Hhon-g04500.t1/Hhon-g01523.t1/Hhon-g05759.t1/Hhon-g09672.t1/Hhon-g01922.t1/Hhon-g02688.t1/Hhon-g00901.t1",9,NA,NA
"GO:1902493","GO:1902493","9/304","78/9332",0.115384615384615,3.542004048583,4.13679407736873,0.000928973444458257,0.00999248119531265,0.0072301341982107,"Hhon-g03304.t1/Hhon-g05246.t1/Hhon-g11664.t1/Hhon-g06127.t1/Hhon-g08741.t1/Hhon-g07536.t1/Hhon-g02746.t1/Hhon-g05440.t1/Hhon-g09845.t1",9,"acetyltransferase complex","CC"
"GO:1903825","GO:1903825","8/304","63/9332",0.126984126984127,3.89807852965748,4.23515290284875,0.000942145254680474,0.0100819255088488,0.00729485229749884,"Hhon-g02482.t1/Hhon-g02483.t1/Hhon-g04482.t1/Hhon-g07130.t1/Hhon-g07132.t1/Hhon-g07133.t1/Hhon-g11482.t1/Hhon-g06696.t1",8,"organic acid transmembrane transport","BP"
"GO:1905039","GO:1905039","8/304","63/9332",0.126984126984127,3.89807852965748,4.23515290284875,0.000942145254680474,0.0100819255088488,0.00729485229749884,"Hhon-g02482.t1/Hhon-g02483.t1/Hhon-g04482.t1/Hhon-g07130.t1/Hhon-g07132.t1/Hhon-g07133.t1/Hhon-g11482.t1/Hhon-g06696.t1",8,"carboxylic acid transmembrane transport","BP"
"GO:0032386","GO:0032386","17/304","223/9332",0.0762331838565022,2.34015813075289,3.71687740948473,0.00097467257059282,0.0104031889796951,0.00752730487477177,"Hhon-g03542.t1/Hhon-g02085.t1/Hhon-g09981.t1/Hhon-g06571.t1/Hhon-g05193.t1/Hhon-g03531.t1/Hhon-g01523.t1/Hhon-g05759.t1/Hhon-g07359.t1/Hhon-g02931.t1/Hhon-g07409.t1/Hhon-g04459.t1/Hhon-g08835.t1/Hhon-g08836.t1/Hhon-g03112.t1/Hhon-g07418.t1/Hhon-g07993.t1",17,"regulation of intracellular transport","BP"
"GO:0040029","GO:0040029","13/304","147/9332",0.0884353741496599,2.71473326172574,3.8452162641025,0.000998258314801581,0.0105845137398566,0.00765850375559041,"Hhon-g09981.t1/Hhon-g03304.t1/Hhon-g09473.t1/Hhon-g00226.t1/Hhon-g03531.t1/Hhon-g07460.t1/Hhon-g04459.t1/Hhon-g00521.t1/Hhon-g00606.t1/Hhon-g02712.t1/Hhon-g07320.t1/Hhon-g06173.t1/Hhon-g00082.t1",13,"epigenetic regulation of gene expression","BP"
"GO:0098794","GO:0098794","13/304","147/9332",0.0884353741496599,2.71473326172574,3.8452162641025,0.000998258314801581,0.0105845137398566,0.00765850375559041,"Hhon-g03542.t1/Hhon-g07625.t1/Hhon-g03404.t1/Hhon-g04801.t1/Hhon-g02425.t1/Hhon-g02931.t1/Hhon-g09899.t1/Hhon-g01922.t1/Hhon-g09076.t1/Hhon-g10981.t1/Hhon-g05897.t1/Hhon-g08386.t1/Hhon-g05823.t1",13,"postsynapse","CC"
"GO:0007017","GO:0007017","28/304","459/9332",0.0610021786492375,1.87260635248251,3.51798986211447,0.000999308618984538,0.0105845137398566,0.00765850375559041,"Hhon-g07437.t1/Hhon-g08170.t1/Hhon-g03432.t1/Hhon-g04244.t1/Hhon-g04246.t1/Hhon-g01323.t1/Hhon-g01324.t1/Hhon-g01363.t1/Hhon-g08202.t1/Hhon-g09811.t1/Hhon-g03531.t1/Hhon-g01523.t1/Hhon-g00178.t1/Hhon-g09899.t1/Hhon-g07409.t1/Hhon-g01983.t1/Hhon-g05253.t1/Hhon-g11373.t1/Hhon-g01922.t1/Hhon-g06183.t1/Hhon-g00665.t1/Hhon-g08771.t1/Hhon-g00901.t1/Hhon-g07993.t1/Hhon-g02474.t1/Hhon-g07207.t1/Hhon-g05823.t1/Hhon-g02237.t1",28,"microtubule-based process","BP"
"GO:0005875","GO:0005875","10/304","95/9332",0.105263157894737,3.23130193905817,4.01106578636078,0.00101189825973031,0.010659636464626,0.00771285936265152,"Hhon-g01323.t1/Hhon-g01363.t1/Hhon-g08202.t1/Hhon-g00178.t1/Hhon-g07359.t1/Hhon-g01983.t1/Hhon-g05253.t1/Hhon-g11373.t1/Hhon-g06183.t1/Hhon-g03329.t1",10,"microtubule associated complex","CC"
"GO:0048813","GO:0048813","10/304","95/9332",0.105263157894737,3.23130193905817,4.01106578636078,0.00101189825973031,0.010659636464626,0.00771285936265152,"Hhon-g01603.t1/Hhon-g03907.t1/Hhon-g04244.t1/Hhon-g04246.t1/Hhon-g09473.t1/Hhon-g00226.t1/Hhon-g02931.t1/Hhon-g04925.t1/Hhon-g01922.t1/Hhon-g06183.t1",10,"dendrite morphogenesis","BP"
"GO:0015075","GO:0015075","21/304","306/9332",0.0686274509803922,2.10668214654283,3.61194446080428,0.00101410318004029,0.010659636464626,0.00771285936265152,"Hhon-g03542.t1/Hhon-g07625.t1/Hhon-g00543.t1/Hhon-g00544.t1/Hhon-g05648.t1/Hhon-g05654.t1/Hhon-g01259.t1/Hhon-g02482.t1/Hhon-g02483.t1/Hhon-g04482.t1/Hhon-g07130.t1/Hhon-g07132.t1/Hhon-g07133.t1/Hhon-g11482.t1/Hhon-g06340.t1/Hhon-g06341.t1/Hhon-g06342.t1/Hhon-g09765.t1/Hhon-g09766.t1/Hhon-g06696.t1/Hhon-g11231.t1",21,"monoatomic ion transmembrane transporter activity","MF"
"GO:0043408","GO:0043408","18/304","244/9332",0.0737704918032787,2.26455996548749,3.67286777428791,0.00101944351769541,0.0106887108218974,0.00773389633041657,"Hhon-g03181.t1/Hhon-g09317.t1/Hhon-g09710.t1/Hhon-g04801.t1/Hhon-g06571.t1/Hhon-g10573.t1/Hhon-g10567.t1/Hhon-g03531.t1/Hhon-g09357.t1/Hhon-g09024.t1/Hhon-g02931.t1/Hhon-g07409.t1/Hhon-g03264.t1/Hhon-g01922.t1/Hhon-g10239.t1/Hhon-g00092.t1/Hhon-g00901.t1/Hhon-g03688.t1",18,"regulation of MAPK cascade","BP"
"GO:0050708","GO:0050708","14/304","166/9332",0.0843373493975904,2.58893468611287,3.7903147416522,0.00102943957840911,0.0107592352587139,0.0077849248119789,"Hhon-g03542.t1/Hhon-g07625.t1/Hhon-g03364.t1/Hhon-g09981.t1/Hhon-g03907.t1/Hhon-g04801.t1/Hhon-g10573.t1/Hhon-g00241.t1/Hhon-g04244.t1/Hhon-g04246.t1/Hhon-g04829.t1/Hhon-g00226.t1/Hhon-g08386.t1/Hhon-g05970.t1",14,"regulation of protein secretion","BP"
"GO:0010769","GO:0010769","15/304","185/9332",0.0810810810810811,2.48897581792319,3.75352472108304,0.00103135251275726,0.0107592352587139,0.0077849248119789,"Hhon-g00684.t1/Hhon-g11170.t1/Hhon-g03181.t1/Hhon-g05322.t1/Hhon-g02425.t1/Hhon-g00226.t1/Hhon-g07281.t1/Hhon-g02931.t1/Hhon-g09899.t1/Hhon-g07409.t1/Hhon-g03264.t1/Hhon-g01922.t1/Hhon-g06183.t1/Hhon-g06667.t1/Hhon-g03112.t1",15,NA,NA
"GO:0007635","GO:0007635","8/304","64/9332",0.125,3.83717105263158,4.17914659891844,0.00104689107018353,0.0108667293085051,0.00786270293237842,"Hhon-g05322.t1/Hhon-g04801.t1/Hhon-g06571.t1/Hhon-g10573.t1/Hhon-g01259.t1/Hhon-g02425.t1/Hhon-g05759.t1/Hhon-g06667.t1",8,"chemosensory behavior","BP"
"GO:0090316","GO:0090316","8/304","64/9332",0.125,3.83717105263158,4.17914659891844,0.00104689107018353,0.0108667293085051,0.00786270293237842,"Hhon-g03542.t1/Hhon-g06571.t1/Hhon-g05193.t1/Hhon-g03531.t1/Hhon-g02931.t1/Hhon-g07409.t1/Hhon-g07418.t1/Hhon-g07993.t1",8,"positive regulation of intracellular protein transport","BP"
"GO:0043010","GO:0043010","13/304","148/9332",0.0878378378378378,2.69639046941679,3.81720826376112,0.00106309128467169,0.0109999940817739,0.0079591276517044,"Hhon-g09437.t1/Hhon-g01603.t1/Hhon-g11170.t1/Hhon-g09380.t1/Hhon-g07787.t1/Hhon-g10567.t1/Hhon-g09473.t1/Hhon-g00226.t1/Hhon-g09672.t1/Hhon-g04039.t1/Hhon-g00976.t1/Hhon-g00092.t1/Hhon-g05662.t1",13,"camera-type eye development","BP"
"GO:0097305","GO:0097305","16/304","205/9332",0.0780487804878049,2.39589216944801,3.70825753250787,0.00106502832872667,0.0109999940817739,0.0079591276517044,"Hhon-g07625.t1/Hhon-g01603.t1/Hhon-g04393.t1/Hhon-g04801.t1/Hhon-g06571.t1/Hhon-g10573.t1/Hhon-g05193.t1/Hhon-g07578.t1/Hhon-g04000.t1/Hhon-g04001.t1/Hhon-g06017.t1/Hhon-g06018.t1/Hhon-g02931.t1/Hhon-g07433.t1/Hhon-g05897.t1/Hhon-g02469.t1",16,"response to alcohol","BP"
"GO:0016458","GO:0016458","10/304","96/9332",0.104166666666667,3.19764254385965,3.97151145622851,0.00109773281027438,0.0112748742314169,0.00815801923143287,"Hhon-g09981.t1/Hhon-g11664.t1/Hhon-g09473.t1/Hhon-g00226.t1/Hhon-g03531.t1/Hhon-g04459.t1/Hhon-g00521.t1/Hhon-g02712.t1/Hhon-g07320.t1/Hhon-g06173.t1",10,NA,NA
"GO:0036002","GO:0036002","5/304","25/9332",0.2,6.13947368421053,4.72159688205641,0.00110250456116456,0.0112748742314169,0.00815801923143287,"Hhon-g07787.t1/Hhon-g04459.t1/Hhon-g09314.t1/Hhon-g11385.t1/Hhon-g11388.t1",5,"pre-mRNA binding","MF"
"GO:0040003","GO:0040003","5/304","25/9332",0.2,6.13947368421053,4.72159688205641,0.00110250456116456,0.0112748742314169,0.00815801923143287,"Hhon-g06571.t1/Hhon-g05242.t1/Hhon-g08174.t1/Hhon-g03112.t1/Hhon-g01891.t1",5,"chitin-based cuticle development","BP"
"GO:0042067","GO:0042067","5/304","25/9332",0.2,6.13947368421053,4.72159688205641,0.00110250456116456,0.0112748742314169,0.00815801923143287,"Hhon-g10494.t1/Hhon-g01523.t1/Hhon-g05759.t1/Hhon-g01922.t1/Hhon-g00092.t1",5,"establishment of ommatidial planar polarity","BP"
"GO:0016358","GO:0016358","11/304","113/9332",0.0973451327433628,2.98823940381928,3.90185478410528,0.00110583628134218,0.0112811602951664,0.00816256755968079,"Hhon-g01603.t1/Hhon-g03907.t1/Hhon-g06571.t1/Hhon-g04244.t1/Hhon-g04246.t1/Hhon-g09473.t1/Hhon-g00226.t1/Hhon-g02931.t1/Hhon-g04925.t1/Hhon-g01922.t1/Hhon-g06183.t1",11,"dendrite development","BP"
"GO:1902105","GO:1902105","9/304","80/9332",0.1125,3.45345394736842,4.04399121259238,0.0011161406028597,0.011358372017337,0.00821843467637151,"Hhon-g04801.t1/Hhon-g04000.t1/Hhon-g04001.t1/Hhon-g06017.t1/Hhon-g06018.t1/Hhon-g09672.t1/Hhon-g06160.t1/Hhon-g00092.t1/Hhon-g06023.t1",9,"regulation of leukocyte differentiation","BP"
"GO:0021872","GO:0021872","6/304","37/9332",0.162162162162162,4.97795163584637,4.44877841516659,0.00112726280694576,0.0113707205535078,0.00822736955169638,"Hhon-g00684.t1/Hhon-g00902.t1/Hhon-g00903.t1/Hhon-g00914.t1/Hhon-g09380.t1/Hhon-g03264.t1",6,"forebrain generation of neurons","BP"
"GO:0035017","GO:0035017","4/304","15/9332",0.266666666666667,8.1859649122807,5.1109047281778,0.00113378571993069,0.0113707205535078,0.00822736955169638,"Hhon-g05242.t1/Hhon-g08174.t1/Hhon-g03112.t1/Hhon-g01891.t1",4,"cuticle pattern formation","BP"
"GO:0035902","GO:0035902","4/304","15/9332",0.266666666666667,8.1859649122807,5.1109047281778,0.00113378571993069,0.0113707205535078,0.00822736955169638,"Hhon-g04000.t1/Hhon-g04001.t1/Hhon-g06017.t1/Hhon-g06018.t1",4,"response to immobilization stress","BP"
"GO:0048925","GO:0048925","4/304","15/9332",0.266666666666667,8.1859649122807,5.1109047281778,0.00113378571993069,0.0113707205535078,0.00822736955169638,"Hhon-g00902.t1/Hhon-g00903.t1/Hhon-g00914.t1/Hhon-g03531.t1",4,"lateral line system development","BP"
"GO:0060688","GO:0060688","4/304","15/9332",0.266666666666667,8.1859649122807,5.1109047281778,0.00113378571993069,0.0113707205535078,0.00822736955169638,"Hhon-g01603.t1/Hhon-g09380.t1/Hhon-g07787.t1/Hhon-g04500.t1",4,"regulation of morphogenesis of a branching structure","BP"
"GO:0090314","GO:0090314","4/304","15/9332",0.266666666666667,8.1859649122807,5.1109047281778,0.00113378571993069,0.0113707205535078,0.00822736955169638,"Hhon-g03542.t1/Hhon-g06571.t1/Hhon-g02931.t1/Hhon-g07409.t1",4,"positive regulation of protein targeting to membrane","BP"
"GO:0009314","GO:0009314","21/304","309/9332",0.0679611650485437,2.08622892181911,3.56311824029204,0.00114729074375056,0.0114784365495237,0.00830530826294001,"Hhon-g07625.t1/Hhon-g03404.t1/Hhon-g11170.t1/Hhon-g04801.t1/Hhon-g06571.t1/Hhon-g05648.t1/Hhon-g05654.t1/Hhon-g10567.t1/Hhon-g03304.t1/Hhon-g04500.t1/Hhon-g09473.t1/Hhon-g01523.t1/Hhon-g04000.t1/Hhon-g04001.t1/Hhon-g06017.t1/Hhon-g06018.t1/Hhon-g01193.t1/Hhon-g00976.t1/Hhon-g00092.t1/Hhon-g06667.t1/Hhon-g02469.t1",21,"response to radiation","BP"
"GO:0006397","GO:0006397","20/304","288/9332",0.0694444444444444,2.13176169590643,3.57994265223712,0.0011524491546603,0.0115023290628595,0.00832259586892835,"Hhon-g09110.t1/Hhon-g03321.t1/Hhon-g08053.t1/Hhon-g04459.t1/Hhon-g09751.t1/Hhon-g07626.t1/Hhon-g00665.t1/Hhon-g10239.t1/Hhon-g08835.t1/Hhon-g08836.t1/Hhon-g02712.t1/Hhon-g09314.t1/Hhon-g11385.t1/Hhon-g11388.t1/Hhon-g09253.t1/Hhon-g09255.t1/Hhon-g09257.t1/Hhon-g06163.t1/Hhon-g05775.t1/Hhon-g01491.t1",20,"mRNA processing","BP"
"GO:1901701","GO:1901701","27/304","441/9332",0.0612244897959184,1.87943071965628,3.47176829648075,0.00116448826314659,0.0115946169510423,0.00838937145783256,"Hhon-g03542.t1/Hhon-g07625.t1/Hhon-g00124.t1/Hhon-g01603.t1/Hhon-g09981.t1/Hhon-g04801.t1/Hhon-g06571.t1/Hhon-g10573.t1/Hhon-g00241.t1/Hhon-g07787.t1/Hhon-g05648.t1/Hhon-g05654.t1/Hhon-g00226.t1/Hhon-g07578.t1/Hhon-g04016.t1/Hhon-g04000.t1/Hhon-g04001.t1/Hhon-g06017.t1/Hhon-g06018.t1/Hhon-g02931.t1/Hhon-g01193.t1/Hhon-g07433.t1/Hhon-g04888.t1/Hhon-g09428.t1/Hhon-g00092.t1/Hhon-g02469.t1/Hhon-g03381.t1",27,"cellular response to oxygen-containing compound","BP"
"GO:0045666","GO:0045666","16/304","207/9332",0.0772946859903382,2.37274345283499,3.66490927847008,0.00118031479140585,0.0117240837653519,0.00848304813566432,"Hhon-g00684.t1/Hhon-g00902.t1/Hhon-g00903.t1/Hhon-g00914.t1/Hhon-g11170.t1/Hhon-g09317.t1/Hhon-g09710.t1/Hhon-g06571.t1/Hhon-g02425.t1/Hhon-g01523.t1/Hhon-g07281.t1/Hhon-g02931.t1/Hhon-g02357.t1/Hhon-g03264.t1/Hhon-g01922.t1/Hhon-g03112.t1",16,"positive regulation of neuron differentiation","BP"
"GO:0008270","GO:0008270","17/304","227/9332",0.0748898678414097,2.2989218641317,3.63547440980083,0.00118600906558534,0.0117525289744877,0.00850362987860964,"Hhon-g08474.t1/Hhon-g01603.t1/Hhon-g02107.t1/Hhon-g04393.t1/Hhon-g00195.t1/Hhon-g05246.t1/Hhon-g09473.t1/Hhon-g07281.t1/Hhon-g07626.t1/Hhon-g03112.t1/Hhon-g09314.t1/Hhon-g11385.t1/Hhon-g11388.t1/Hhon-g11231.t1/Hhon-g05970.t1/Hhon-g07320.t1/Hhon-g07993.t1",17,"zinc ion binding","MF"
"GO:0009948","GO:0009948","10/304","97/9332",0.103092783505155,3.16467715680955,3.93247221468376,0.00118943186506329,0.01175838358034,0.00850786602228231,"Hhon-g00902.t1/Hhon-g00903.t1/Hhon-g00914.t1/Hhon-g09710.t1/Hhon-g03907.t1/Hhon-g09380.t1/Hhon-g03432.t1/Hhon-g01922.t1/Hhon-g00665.t1/Hhon-g02688.t1",10,"anterior/posterior axis specification","BP"
"GO:0031400","GO:0031400","20/304","289/9332",0.069204152249135,2.12438535785831,3.56297642440862,0.00120220198933119,0.0118563958662781,0.00857878354182076,"Hhon-g09981.t1/Hhon-g04801.t1/Hhon-g06571.t1/Hhon-g10573.t1/Hhon-g00241.t1/Hhon-g01259.t1/Hhon-g00226.t1/Hhon-g03531.t1/Hhon-g07578.t1/Hhon-g01523.t1/Hhon-g04016.t1/Hhon-g02931.t1/Hhon-g07409.t1/Hhon-g01922.t1/Hhon-g09165.t1/Hhon-g09222.t1/Hhon-g09223.t1/Hhon-g00092.t1/Hhon-g00901.t1/Hhon-g03381.t1",20,"negative regulation of protein modification process","BP"
"GO:0035148","GO:0035148","9/304","81/9332",0.111111111111111,3.41081871345029,3.99869089874152,0.00122054830763581,0.0119978008219911,0.00868109815078659,"Hhon-g09380.t1/Hhon-g09266.t1/Hhon-g00241.t1/Hhon-g07787.t1/Hhon-g06937.t1/Hhon-g01922.t1/Hhon-g03112.t1/Hhon-g02688.t1/Hhon-g07993.t1",9,"tube formation","BP"
"GO:0015698","GO:0015698","7/304","51/9332",0.137254901960784,4.21336429308566,4.22233586786616,0.001228098590883,0.0119978008219911,0.00868109815078659,"Hhon-g00543.t1/Hhon-g00544.t1/Hhon-g06340.t1/Hhon-g06341.t1/Hhon-g06342.t1/Hhon-g09765.t1/Hhon-g09766.t1",7,"inorganic anion transport","BP"
"GO:0051591","GO:0051591","7/304","51/9332",0.137254901960784,4.21336429308566,4.22233586786616,0.001228098590883,0.0119978008219911,0.00868109815078659,"Hhon-g09981.t1/Hhon-g04000.t1/Hhon-g04001.t1/Hhon-g06017.t1/Hhon-g06018.t1/Hhon-g09428.t1/Hhon-g00092.t1",7,"response to cAMP","BP"
"GO:1904375","GO:1904375","7/304","51/9332",0.137254901960784,4.21336429308566,4.22233586786616,0.001228098590883,0.0119978008219911,0.00868109815078659,"Hhon-g06571.t1/Hhon-g10573.t1/Hhon-g05193.t1/Hhon-g02425.t1/Hhon-g07409.t1/Hhon-g00238.t1/Hhon-g03110.t1",7,"regulation of protein localization to cell periphery","BP"
"GO:0001505","GO:0001505","16/304","208/9332",0.0769230769230769,2.36133603238866,3.64342203233821,0.00124180985066396,0.0121032734740769,0.00875741367381996,"Hhon-g07625.t1/Hhon-g02085.t1/Hhon-g03364.t1/Hhon-g05981.t1/Hhon-g07037.t1/Hhon-g06571.t1/Hhon-g10573.t1/Hhon-g01259.t1/Hhon-g05193.t1/Hhon-g02425.t1/Hhon-g06937.t1/Hhon-g07281.t1/Hhon-g02931.t1/Hhon-g01922.t1/Hhon-g00658.t1/Hhon-g09428.t1",16,NA,NA
"GO:0008284","GO:0008284","20/304","290/9332",0.0689655172413793,2.11705989110708,3.54607827077848,0.00125378348178781,0.0121913560102646,0.00882114644896441,"Hhon-g00684.t1/Hhon-g09710.t1/Hhon-g03907.t1/Hhon-g09380.t1/Hhon-g09266.t1/Hhon-g03432.t1/Hhon-g04801.t1/Hhon-g06571.t1/Hhon-g10573.t1/Hhon-g00241.t1/Hhon-g07787.t1/Hhon-g10567.t1/Hhon-g00226.t1/Hhon-g02931.t1/Hhon-g07409.t1/Hhon-g10239.t1/Hhon-g09428.t1/Hhon-g00092.t1/Hhon-g10909.t1/Hhon-g03329.t1",20,"positive regulation of cell population proliferation","BP"
"GO:0031252","GO:0031252","13/304","151/9332",0.0860927152317881,2.64281979783897,3.73455207115889,0.00127908212019675,0.0124082919697592,0.0089781120783117,"Hhon-g03542.t1/Hhon-g07625.t1/Hhon-g10494.t1/Hhon-g06571.t1/Hhon-g05193.t1/Hhon-g07281.t1/Hhon-g02931.t1/Hhon-g09899.t1/Hhon-g07409.t1/Hhon-g03264.t1/Hhon-g01983.t1/Hhon-g05253.t1/Hhon-g03387.t1",13,"cell leading edge","CC"
"GO:0032436","GO:0032436","8/304","66/9332",0.121212121212121,3.72089314194577,4.07044993219376,0.00128426274253668,0.0124295079417536,0.00899346305287614,"Hhon-g07437.t1/Hhon-g08170.t1/Hhon-g08474.t1/Hhon-g06571.t1/Hhon-g01523.t1/Hhon-g04374.t1/Hhon-g01922.t1/Hhon-g00901.t1",8,"positive regulation of proteasomal ubiquitin-dependent protein catabolic process","BP"
"GO:0050878","GO:0050878","14/304","170/9332",0.0823529411764706,2.52801857585139,3.68946217462139,0.00129639412686937,0.0125177404994457,0.00905730437719753,"Hhon-g00902.t1/Hhon-g00903.t1/Hhon-g00914.t1/Hhon-g00419.t1/Hhon-g03404.t1/Hhon-g09981.t1/Hhon-g03181.t1/Hhon-g04801.t1/Hhon-g10573.t1/Hhon-g02425.t1/Hhon-g00226.t1/Hhon-g07162.t1/Hhon-g07164.t1/Hhon-g02474.t1",14,"regulation of body fluid levels","BP"
"GO:0030431","GO:0030431","6/304","38/9332",0.157894736842105,4.84695290858726,4.36026059039063,0.00130258144531237,0.0125192550021689,0.00905840020692372,"Hhon-g07625.t1/Hhon-g01523.t1/Hhon-g04000.t1/Hhon-g04001.t1/Hhon-g06017.t1/Hhon-g06018.t1",6,"sleep","BP"
"GO:0038127","GO:0038127","6/304","38/9332",0.157894736842105,4.84695290858726,4.36026059039063,0.00130258144531237,0.0125192550021689,0.00905840020692372,"Hhon-g09710.t1/Hhon-g04801.t1/Hhon-g06571.t1/Hhon-g07787.t1/Hhon-g00665.t1/Hhon-g03387.t1",6,"ERBB signaling pathway","BP"
"GO:0000578","GO:0000578","9/304","82/9332",0.109756097560976,3.36922336328626,3.95409571409168,0.00133270368768649,0.0127497366619224,0.009225166928589,"Hhon-g00902.t1/Hhon-g00903.t1/Hhon-g00914.t1/Hhon-g09710.t1/Hhon-g03907.t1/Hhon-g09380.t1/Hhon-g03432.t1/Hhon-g00665.t1/Hhon-g02688.t1",9,"embryonic axis specification","BP"
"GO:0090575","GO:0090575","9/304","82/9332",0.109756097560976,3.36922336328626,3.95409571409168,0.00133270368768649,0.0127497366619224,0.009225166928589,"Hhon-g00684.t1/Hhon-g01603.t1/Hhon-g04000.t1/Hhon-g04001.t1/Hhon-g06017.t1/Hhon-g06018.t1/Hhon-g06160.t1/Hhon-g00092.t1/Hhon-g06564.t1",9,"RNA polymerase II transcription regulator complex","CC"
"GO:0001558","GO:0001558","17/304","230/9332",0.0739130434782609,2.26893592677346,3.57552902016174,0.00136898508488585,0.0130667266033243,0.00945452736180089,"Hhon-g00684.t1/Hhon-g09981.t1/Hhon-g11170.t1/Hhon-g09710.t1/Hhon-g05322.t1/Hhon-g06571.t1/Hhon-g02425.t1/Hhon-g03531.t1/Hhon-g01523.t1/Hhon-g00590.t1/Hhon-g02931.t1/Hhon-g09899.t1/Hhon-g07409.t1/Hhon-g01922.t1/Hhon-g00092.t1/Hhon-g06667.t1/Hhon-g09405.t1",17,"regulation of cell growth","BP"
"GO:0051606","GO:0051606","12/304","134/9332",0.0895522388059701,2.74901806755695,3.74201137805245,0.00138910583277278,0.0132283656368637,0.0095714824884923,"Hhon-g03364.t1/Hhon-g03404.t1/Hhon-g11170.t1/Hhon-g04801.t1/Hhon-g00241.t1/Hhon-g05648.t1/Hhon-g05654.t1/Hhon-g01193.t1/Hhon-g07433.t1/Hhon-g07501.t1/Hhon-g00976.t1/Hhon-g06667.t1",12,"detection of stimulus","BP"
"GO:1900180","GO:1900180","8/304","67/9332",0.119402985074627,3.66535742340927,4.01767920170935,0.0014180220982611,0.0134728323843937,0.0097483682245867,"Hhon-g09981.t1/Hhon-g06571.t1/Hhon-g11664.t1/Hhon-g03531.t1/Hhon-g01523.t1/Hhon-g04016.t1/Hhon-g04459.t1/Hhon-g07993.t1",8,"regulation of protein localization to nucleus","BP"
"GO:0050803","GO:0050803","15/304","191/9332",0.0785340314136126,2.41078809589419,3.61482042008276,0.00142381728725087,0.0134955724789311,0.00976482198936957,"Hhon-g03542.t1/Hhon-g09266.t1/Hhon-g04801.t1/Hhon-g06571.t1/Hhon-g05648.t1/Hhon-g05654.t1/Hhon-g02425.t1/Hhon-g02931.t1/Hhon-g02357.t1/Hhon-g03264.t1/Hhon-g09076.t1/Hhon-g10981.t1/Hhon-g05897.t1/Hhon-g00901.t1/Hhon-g05823.t1",15,"regulation of synapse structure or activity","BP"
"GO:0032990","GO:0032990","22/304","336/9332",0.0654761904761905,2.00994674185464,3.4597801217365,0.00142691626162109,0.0134955724789311,0.00976482198936957,"Hhon-g00124.t1/Hhon-g01603.t1/Hhon-g11170.t1/Hhon-g03907.t1/Hhon-g05322.t1/Hhon-g09380.t1/Hhon-g04801.t1/Hhon-g05242.t1/Hhon-g08174.t1/Hhon-g06075.t1/Hhon-g04244.t1/Hhon-g04246.t1/Hhon-g09473.t1/Hhon-g02425.t1/Hhon-g00226.t1/Hhon-g07281.t1/Hhon-g02931.t1/Hhon-g02357.t1/Hhon-g04925.t1/Hhon-g03264.t1/Hhon-g01922.t1/Hhon-g06183.t1",22,NA,NA
"GO:0002064","GO:0002064","17/304","231/9332",0.0735930735930736,2.25911369332422,3.55575223054986,0.00143505830746407,0.0135417320286155,0.00979822107536473,"Hhon-g00684.t1/Hhon-g01603.t1/Hhon-g03181.t1/Hhon-g09710.t1/Hhon-g10494.t1/Hhon-g03907.t1/Hhon-g03432.t1/Hhon-g07787.t1/Hhon-g04244.t1/Hhon-g04246.t1/Hhon-g07460.t1/Hhon-g01922.t1/Hhon-g00092.t1/Hhon-g07162.t1/Hhon-g07164.t1/Hhon-g07320.t1/Hhon-g03381.t1",17,"epithelial cell development","BP"
"GO:0051047","GO:0051047","13/304","153/9332",0.0849673202614379,2.60827313381493,3.68055192335644,0.00144247903493709,0.01358089105002,0.00982655487697928,"Hhon-g03542.t1/Hhon-g03364.t1/Hhon-g03907.t1/Hhon-g04801.t1/Hhon-g10573.t1/Hhon-g00241.t1/Hhon-g01259.t1/Hhon-g04829.t1/Hhon-g02425.t1/Hhon-g09428.t1/Hhon-g03112.t1/Hhon-g08386.t1/Hhon-g05970.t1",13,"positive regulation of secretion","BP"
"GO:0006473","GO:0006473","9/304","83/9332",0.108433734939759,3.32863031071655,3.91018507728513,0.00145302044024311,0.0136491874839127,0.00987597127043069,"Hhon-g03304.t1/Hhon-g05246.t1/Hhon-g11664.t1/Hhon-g06127.t1/Hhon-g08741.t1/Hhon-g07536.t1/Hhon-g02746.t1/Hhon-g05440.t1/Hhon-g09845.t1",9,"protein acetylation","BP"
"GO:0043068","GO:0043068","21/304","315/9332",0.0666666666666667,2.04649122807018,3.46708864546122,0.00145926361145427,0.0136768905525015,0.00989601603205537,"Hhon-g00684.t1/Hhon-g01603.t1/Hhon-g06571.t1/Hhon-g00241.t1/Hhon-g01324.t1/Hhon-g02425.t1/Hhon-g00226.t1/Hhon-g03531.t1/Hhon-g09110.t1/Hhon-g06127.t1/Hhon-g08741.t1/Hhon-g08502.t1/Hhon-g09024.t1/Hhon-g02931.t1/Hhon-g03264.t1/Hhon-g06696.t1/Hhon-g00092.t1/Hhon-g02469.t1/Hhon-g00901.t1/Hhon-g06163.t1/Hhon-g03688.t1",21,"positive regulation of programmed cell death","BP"
"GO:0021772","GO:0021772","4/304","16/9332",0.25,7.67434210526316,4.90296537376186,0.00147326662485778,0.0137460742166506,0.00994607438756738,"Hhon-g00902.t1/Hhon-g00903.t1/Hhon-g00914.t1/Hhon-g03264.t1",4,"olfactory bulb development","BP"
"GO:0021988","GO:0021988","4/304","16/9332",0.25,7.67434210526316,4.90296537376186,0.00147326662485778,0.0137460742166506,0.00994607438756738,"Hhon-g00902.t1/Hhon-g00903.t1/Hhon-g00914.t1/Hhon-g03264.t1",4,"olfactory lobe development","BP"
"GO:0045639","GO:0045639","6/304","39/9332",0.153846153846154,4.72267206477733,4.2747845055254,0.00149799042826112,0.0139454176191484,0.0100903107912609,"Hhon-g04801.t1/Hhon-g04000.t1/Hhon-g04001.t1/Hhon-g06017.t1/Hhon-g06018.t1/Hhon-g00092.t1",6,"positive regulation of myeloid cell differentiation","BP"
"GO:0006888","GO:0006888","10/304","100/9332",0.1,3.06973684210526,3.81832018878953,0.00150271897613333,0.0139581413622049,0.0100995171503227,"Hhon-g01523.t1/Hhon-g09076.t1/Hhon-g10981.t1/Hhon-g06183.t1/Hhon-g03112.t1/Hhon-g02688.t1/Hhon-g09132.t1/Hhon-g00877.t1/Hhon-g05970.t1/Hhon-g03110.t1",10,"endoplasmic reticulum to Golgi vesicle-mediated transport","BP"
"GO:0030718","GO:0030718","7/304","53/9332",0.132075471698113,4.05436941410129,4.09179644681748,0.00154687298815154,0.014336197872333,0.0103730627541929,"Hhon-g03181.t1/Hhon-g10494.t1/Hhon-g05251.t1/Hhon-g06705.t1/Hhon-g04500.t1/Hhon-g04925.t1/Hhon-g03381.t1",7,"germ-line stem cell population maintenance","BP"
"GO:0015291","GO:0015291","9/304","84/9332",0.107142857142857,3.2890037593985,3.86693925391657,0.00158192409800581,0.0145571532808352,0.0105329366858087,"Hhon-g00543.t1/Hhon-g00544.t1/Hhon-g02482.t1/Hhon-g02483.t1/Hhon-g06340.t1/Hhon-g06341.t1/Hhon-g06342.t1/Hhon-g09765.t1/Hhon-g09766.t1",9,"secondary active transmembrane transporter activity","MF"
"GO:1903052","GO:1903052","9/304","84/9332",0.107142857142857,3.2890037593985,3.86693925391657,0.00158192409800581,0.0145571532808352,0.0105329366858087,"Hhon-g07437.t1/Hhon-g08170.t1/Hhon-g08474.t1/Hhon-g06571.t1/Hhon-g01523.t1/Hhon-g04374.t1/Hhon-g07281.t1/Hhon-g01922.t1/Hhon-g00901.t1",9,"positive regulation of proteolysis involved in protein catabolic process","BP"
"GO:0009409","GO:0009409","5/304","27/9332",0.185185185185185,5.68469785575049,4.47311836671763,0.00158824432471541,0.0145571532808352,0.0105329366858087,"Hhon-g04000.t1/Hhon-g04001.t1/Hhon-g06017.t1/Hhon-g06018.t1/Hhon-g07433.t1",5,"response to cold","BP"
"GO:0030971","GO:0030971","5/304","27/9332",0.185185185185185,5.68469785575049,4.47311836671763,0.00158824432471541,0.0145571532808352,0.0105329366858087,"Hhon-g03869.t1/Hhon-g01922.t1/Hhon-g07993.t1/Hhon-g03329.t1/Hhon-g00422.t1",5,"receptor tyrosine kinase binding","MF"
"GO:0045670","GO:0045670","5/304","27/9332",0.185185185185185,5.68469785575049,4.47311836671763,0.00158824432471541,0.0145571532808352,0.0105329366858087,"Hhon-g04000.t1/Hhon-g04001.t1/Hhon-g06017.t1/Hhon-g06018.t1/Hhon-g09672.t1",5,"regulation of osteoclast differentiation","BP"
"GO:0030425","GO:0030425","18/304","254/9332",0.0708661417322835,2.17540406133444,3.48509055753892,0.00160724772856268,0.0146988823105557,0.0106354857809365,"Hhon-g03542.t1/Hhon-g07625.t1/Hhon-g03364.t1/Hhon-g03404.t1/Hhon-g01603.t1/Hhon-g04801.t1/Hhon-g06571.t1/Hhon-g01259.t1/Hhon-g07281.t1/Hhon-g02931.t1/Hhon-g02357.t1/Hhon-g09899.t1/Hhon-g07409.t1/Hhon-g01922.t1/Hhon-g00665.t1/Hhon-g05897.t1/Hhon-g08386.t1/Hhon-g05823.t1",18,"dendrite","CC"
"GO:0009952","GO:0009952","13/304","155/9332",0.0838709677419355,2.57461799660441,3.62740297889988,0.00162286447249066,0.0148090841533653,0.0107152231451436,"Hhon-g00902.t1/Hhon-g00903.t1/Hhon-g00914.t1/Hhon-g09710.t1/Hhon-g03907.t1/Hhon-g09380.t1/Hhon-g09266.t1/Hhon-g03432.t1/Hhon-g10567.t1/Hhon-g09473.t1/Hhon-g01922.t1/Hhon-g00665.t1/Hhon-g02688.t1",13,"anterior/posterior pattern specification","BP"
"GO:0000377","GO:0000377","17/304","234/9332",0.0726495726495727,2.23015069725596,3.49702221251769,0.00164969169158311,0.0149880085414728,0.0108446852188833,"Hhon-g09110.t1/Hhon-g03321.t1/Hhon-g08053.t1/Hhon-g04459.t1/Hhon-g09751.t1/Hhon-g00665.t1/Hhon-g10239.t1/Hhon-g02712.t1/Hhon-g09314.t1/Hhon-g11385.t1/Hhon-g11388.t1/Hhon-g09253.t1/Hhon-g09255.t1/Hhon-g09257.t1/Hhon-g06163.t1/Hhon-g05775.t1/Hhon-g01491.t1",17,"RNA splicing, via transesterification reactions with bulged adenosine as nucleophile","BP"
"GO:0000398","GO:0000398","17/304","234/9332",0.0726495726495727,2.23015069725596,3.49702221251769,0.00164969169158311,0.0149880085414728,0.0108446852188833,"Hhon-g09110.t1/Hhon-g03321.t1/Hhon-g08053.t1/Hhon-g04459.t1/Hhon-g09751.t1/Hhon-g00665.t1/Hhon-g10239.t1/Hhon-g02712.t1/Hhon-g09314.t1/Hhon-g11385.t1/Hhon-g11388.t1/Hhon-g09253.t1/Hhon-g09255.t1/Hhon-g09257.t1/Hhon-g06163.t1/Hhon-g05775.t1/Hhon-g01491.t1",17,"mRNA splicing, via spliceosome","BP"
"GO:0050776","GO:0050776","18/304","255/9332",0.0705882352941176,2.16687306501548,3.46679090811983,0.00167930020042111,0.0152236996335119,0.0110152212640815,"Hhon-g00684.t1/Hhon-g04801.t1/Hhon-g10573.t1/Hhon-g05193.t1/Hhon-g04016.t1/Hhon-g04000.t1/Hhon-g04001.t1/Hhon-g06017.t1/Hhon-g06018.t1/Hhon-g09672.t1/Hhon-g02931.t1/Hhon-g04888.t1/Hhon-g06160.t1/Hhon-g00092.t1/Hhon-g10909.t1/Hhon-g05967.t1/Hhon-g03390.t1/Hhon-g03387.t1",18,"regulation of immune response","BP"
"GO:1904888","GO:1904888","6/304","40/9332",0.15,4.60460526315789,4.19216356305255,0.00171494831643545,0.0154687499441954,0.0111925292416422,"Hhon-g00902.t1/Hhon-g00903.t1/Hhon-g00914.t1/Hhon-g09380.t1/Hhon-g03112.t1/Hhon-g11231.t1",6,"cranial skeletal system development","BP"
"GO:1901796","GO:1901796","9/304","85/9332",0.105882352941176,3.25030959752322,3.82433931195092,0.00171985186279671,0.0154687499441954,0.0111925292416422,"Hhon-g06571.t1/Hhon-g05246.t1/Hhon-g04500.t1/Hhon-g08741.t1/Hhon-g04459.t1/Hhon-g08813.t1/Hhon-g02469.t1/Hhon-g00901.t1/Hhon-g05440.t1",9,"regulation of signal transduction by p53 class mediator","BP"
"GO:2000058","GO:2000058","9/304","85/9332",0.105882352941176,3.25030959752322,3.82433931195092,0.00171985186279671,0.0154687499441954,0.0111925292416422,"Hhon-g07437.t1/Hhon-g08170.t1/Hhon-g08474.t1/Hhon-g06571.t1/Hhon-g01523.t1/Hhon-g04374.t1/Hhon-g07281.t1/Hhon-g01922.t1/Hhon-g00901.t1",9,"regulation of ubiquitin-dependent protein catabolic process","BP"
"GO:0002165","GO:0002165","17/304","235/9332",0.0723404255319149,2.22066069428891,3.47764226587448,0.00172699804638064,0.0154687499441954,0.0111925292416422,"Hhon-g04657.t1/Hhon-g01603.t1/Hhon-g11170.t1/Hhon-g09710.t1/Hhon-g05322.t1/Hhon-g09380.t1/Hhon-g05242.t1/Hhon-g08174.t1/Hhon-g11664.t1/Hhon-g04500.t1/Hhon-g01523.t1/Hhon-g02931.t1/Hhon-g04925.t1/Hhon-g01922.t1/Hhon-g00092.t1/Hhon-g03112.t1/Hhon-g01891.t1",17,"instar larval or pupal development","BP"
"GO:0016079","GO:0016079","7/304","54/9332",0.12962962962963,3.97928849902534,4.02890815621294,0.00172868496486191,0.0154687499441954,0.0111925292416422,"Hhon-g03364.t1/Hhon-g05981.t1/Hhon-g07037.t1/Hhon-g10573.t1/Hhon-g06937.t1/Hhon-g07281.t1/Hhon-g00658.t1",7,"synaptic vesicle exocytosis","BP"
"GO:0035272","GO:0035272","7/304","54/9332",0.12962962962963,3.97928849902534,4.02890815621294,0.00172868496486191,0.0154687499441954,0.0111925292416422,"Hhon-g00305.t1/Hhon-g09437.t1/Hhon-g03907.t1/Hhon-g09266.t1/Hhon-g07787.t1/Hhon-g02931.t1/Hhon-g01922.t1",7,"exocrine system development","BP"
"GO:0008021","GO:0008021","10/304","102/9332",0.0980392156862745,3.00954592363261,3.74457283290749,0.00174655551797896,0.0155950505605347,0.0112839149933491,"Hhon-g00305.t1/Hhon-g02085.t1/Hhon-g03364.t1/Hhon-g05981.t1/Hhon-g01259.t1/Hhon-g06937.t1/Hhon-g07281.t1/Hhon-g00658.t1/Hhon-g09428.t1/Hhon-g03110.t1",10,"synaptic vesicle","CC"
"GO:0014706","GO:0014706","11/304","120/9332",0.0916666666666667,2.81392543859649,3.66976455042457,0.00180559953326316,0.0160686422195648,0.0116265857658041,"Hhon-g01603.t1/Hhon-g03907.t1/Hhon-g09266.t1/Hhon-g07787.t1/Hhon-g00226.t1/Hhon-g04016.t1/Hhon-g04000.t1/Hhon-g04001.t1/Hhon-g06017.t1/Hhon-g06018.t1/Hhon-g05897.t1",11,"striated muscle tissue development","BP"
"GO:0000375","GO:0000375","17/304","236/9332",0.0720338983050847,2.21125111507583,3.4583590237341,0.00180733524001367,0.0160686422195648,0.0116265857658041,"Hhon-g09110.t1/Hhon-g03321.t1/Hhon-g08053.t1/Hhon-g04459.t1/Hhon-g09751.t1/Hhon-g00665.t1/Hhon-g10239.t1/Hhon-g02712.t1/Hhon-g09314.t1/Hhon-g11385.t1/Hhon-g11388.t1/Hhon-g09253.t1/Hhon-g09255.t1/Hhon-g09257.t1/Hhon-g06163.t1/Hhon-g05775.t1/Hhon-g01491.t1",17,"RNA splicing, via transesterification reactions","BP"
"GO:0048193","GO:0048193","15/304","196/9332",0.076530612244898,2.34928839957035,3.50315931253926,0.00184028030316079,0.0162854095320345,0.0117834293693405,"Hhon-g00124.t1/Hhon-g00305.t1/Hhon-g01523.t1/Hhon-g01983.t1/Hhon-g05253.t1/Hhon-g09076.t1/Hhon-g10981.t1/Hhon-g06183.t1/Hhon-g00658.t1/Hhon-g03112.t1/Hhon-g02688.t1/Hhon-g09132.t1/Hhon-g00877.t1/Hhon-g05970.t1/Hhon-g03110.t1",15,"Golgi vesicle transport","BP"
"GO:0051270","GO:0051270","23/304","365/9332",0.063013698630137,1.93435472242249,3.34148675199418,0.00185062767103434,0.0162854095320345,0.0117834293693405,"Hhon-g00684.t1/Hhon-g09981.t1/Hhon-g11170.t1/Hhon-g03181.t1/Hhon-g05322.t1/Hhon-g09380.t1/Hhon-g04801.t1/Hhon-g06571.t1/Hhon-g10573.t1/Hhon-g07787.t1/Hhon-g08561.t1/Hhon-g04500.t1/Hhon-g04501.t1/Hhon-g06894.t1/Hhon-g07359.t1/Hhon-g04016.t1/Hhon-g02931.t1/Hhon-g07409.t1/Hhon-g03264.t1/Hhon-g01922.t1/Hhon-g00092.t1/Hhon-g02469.t1/Hhon-g08386.t1",23,NA,NA
"GO:0048489","GO:0048489","9/304","86/9332",0.104651162790698,3.2125152998776,3.78236707998493,0.00186725241641212,0.0162854095320345,0.0117834293693405,"Hhon-g03364.t1/Hhon-g05981.t1/Hhon-g07037.t1/Hhon-g10573.t1/Hhon-g06937.t1/Hhon-g07281.t1/Hhon-g00658.t1/Hhon-g08771.t1/Hhon-g02474.t1",9,"synaptic vesicle transport","BP"
"GO:0097480","GO:0097480","9/304","86/9332",0.104651162790698,3.2125152998776,3.78236707998493,0.00186725241641212,0.0162854095320345,0.0117834293693405,"Hhon-g03364.t1/Hhon-g05981.t1/Hhon-g07037.t1/Hhon-g10573.t1/Hhon-g06937.t1/Hhon-g07281.t1/Hhon-g00658.t1/Hhon-g08771.t1/Hhon-g02474.t1",9,"establishment of synaptic vesicle localization","BP"
"GO:0003203","GO:0003203","4/304","17/9332",0.235294117647059,7.22291021671827,4.71228639625477,0.00187763427539419,0.0162854095320345,0.0117834293693405,"Hhon-g03907.t1/Hhon-g07787.t1/Hhon-g04500.t1/Hhon-g03264.t1",4,"endocardial cushion morphogenesis","BP"
"GO:0007354","GO:0007354","4/304","17/9332",0.235294117647059,7.22291021671827,4.71228639625477,0.00187763427539419,0.0162854095320345,0.0117834293693405,"Hhon-g00902.t1/Hhon-g00903.t1/Hhon-g00914.t1/Hhon-g03907.t1",4,"zygotic determination of anterior/posterior axis, embryo","BP"
"GO:0010996","GO:0010996","4/304","17/9332",0.235294117647059,7.22291021671827,4.71228639625477,0.00187763427539419,0.0162854095320345,0.0117834293693405,"Hhon-g07625.t1/Hhon-g00902.t1/Hhon-g00903.t1/Hhon-g00914.t1",4,"response to auditory stimulus","BP"
"GO:0021545","GO:0021545","4/304","17/9332",0.235294117647059,7.22291021671827,4.71228639625477,0.00187763427539419,0.0162854095320345,0.0117834293693405,"Hhon-g00902.t1/Hhon-g00903.t1/Hhon-g00914.t1/Hhon-g03907.t1",4,"cranial nerve development","BP"
"GO:0045292","GO:0045292","4/304","17/9332",0.235294117647059,7.22291021671827,4.71228639625477,0.00187763427539419,0.0162854095320345,0.0117834293693405,"Hhon-g03321.t1/Hhon-g09314.t1/Hhon-g11385.t1/Hhon-g11388.t1",4,"mRNA cis splicing, via spliceosome","BP"
"GO:0046782","GO:0046782","4/304","17/9332",0.235294117647059,7.22291021671827,4.71228639625477,0.00187763427539419,0.0162854095320345,0.0117834293693405,"Hhon-g00226.t1/Hhon-g00521.t1/Hhon-g08787.t1/Hhon-g00092.t1",4,"regulation of viral transcription","BP"
"GO:0015849","GO:0015849","10/304","103/9332",0.0970873786407767,2.98032703117016,3.70837219603494,0.00187995803341329,0.0162854095320345,0.0117834293693405,"Hhon-g01603.t1/Hhon-g02482.t1/Hhon-g02483.t1/Hhon-g04482.t1/Hhon-g07130.t1/Hhon-g07132.t1/Hhon-g07133.t1/Hhon-g11482.t1/Hhon-g02931.t1/Hhon-g06696.t1",10,"organic acid transport","BP"
"GO:0046942","GO:0046942","10/304","103/9332",0.0970873786407767,2.98032703117016,3.70837219603494,0.00187995803341329,0.0162854095320345,0.0117834293693405,"Hhon-g01603.t1/Hhon-g02482.t1/Hhon-g02483.t1/Hhon-g04482.t1/Hhon-g07130.t1/Hhon-g07132.t1/Hhon-g07133.t1/Hhon-g11482.t1/Hhon-g02931.t1/Hhon-g06696.t1",10,"carboxylic acid transport","BP"
"GO:0034308","GO:0034308","5/304","28/9332",0.178571428571429,5.48167293233083,4.35802216891785,0.00188270630428145,0.0162854095320345,0.0117834293693405,"Hhon-g06340.t1/Hhon-g06341.t1/Hhon-g06342.t1/Hhon-g09765.t1/Hhon-g09766.t1",5,"primary alcohol metabolic process","BP"
"GO:0000123","GO:0000123","8/304","70/9332",0.114285714285714,3.50827067669173,3.86523714079078,0.00188675289527925,0.016286482372556,0.0117842056310909,"Hhon-g03304.t1/Hhon-g05246.t1/Hhon-g11664.t1/Hhon-g06127.t1/Hhon-g08741.t1/Hhon-g07536.t1/Hhon-g02746.t1/Hhon-g05440.t1",8,"histone acetyltransferase complex","CC"
"GO:0006342","GO:0006342","6/304","41/9332",0.146341463414634,4.49229781771502,4.11222701862353,0.00195494822372774,0.0167979557709584,0.0121542860182322,"Hhon-g09981.t1/Hhon-g09473.t1/Hhon-g00226.t1/Hhon-g03531.t1/Hhon-g00521.t1/Hhon-g07320.t1",6,NA,NA
"GO:0099106","GO:0099106","6/304","41/9332",0.146341463414634,4.49229781771502,4.11222701862353,0.00195494822372774,0.0167979557709584,0.0121542860182322,"Hhon-g03542.t1/Hhon-g04801.t1/Hhon-g05648.t1/Hhon-g05654.t1/Hhon-g08386.t1/Hhon-g03110.t1",6,"ion channel regulator activity","MF"
"GO:0043065","GO:0043065","20/304","301/9332",0.0664451827242525,2.03969225389054,3.36453651712507,0.0019581432064412,0.0167979557709584,0.0121542860182322,"Hhon-g00684.t1/Hhon-g01603.t1/Hhon-g06571.t1/Hhon-g00241.t1/Hhon-g01324.t1/Hhon-g02425.t1/Hhon-g00226.t1/Hhon-g03531.t1/Hhon-g06127.t1/Hhon-g08741.t1/Hhon-g08502.t1/Hhon-g09024.t1/Hhon-g02931.t1/Hhon-g03264.t1/Hhon-g06696.t1/Hhon-g00092.t1/Hhon-g02469.t1/Hhon-g00901.t1/Hhon-g06163.t1/Hhon-g03688.t1",20,"positive regulation of apoptotic process","BP"
"GO:0048598","GO:0048598","24/304","389/9332",0.0616966580976864,1.8939250439724,3.30475601053661,0.00196365357377179,0.0168104940995886,0.0121633582193048,"Hhon-g00684.t1/Hhon-g00902.t1/Hhon-g00903.t1/Hhon-g00914.t1/Hhon-g09710.t1/Hhon-g10494.t1/Hhon-g03907.t1/Hhon-g09380.t1/Hhon-g09266.t1/Hhon-g03432.t1/Hhon-g00241.t1/Hhon-g07787.t1/Hhon-g04500.t1/Hhon-g00226.t1/Hhon-g06894.t1/Hhon-g02931.t1/Hhon-g01922.t1/Hhon-g00092.t1/Hhon-g03112.t1/Hhon-g02688.t1/Hhon-g05967.t1/Hhon-g11231.t1/Hhon-g10405.t1/Hhon-g03390.t1",24,"embryonic morphogenesis","BP"
"GO:0045216","GO:0045216","9/304","87/9332",0.103448275862069,3.17558983666062,3.74100510814001,0.00202458570893139,0.0172964606244509,0.0125149829181074,"Hhon-g09981.t1/Hhon-g10494.t1/Hhon-g03432.t1/Hhon-g04801.t1/Hhon-g08202.t1/Hhon-g04500.t1/Hhon-g08053.t1/Hhon-g02931.t1/Hhon-g04039.t1",9,"cell-cell junction organization","BP"
"GO:0071496","GO:0071496","15/304","198/9332",0.0757575757575758,2.32555821371611,3.4594416351266,0.00203317783776238,0.0173341979104505,0.0125422880124799,"Hhon-g03542.t1/Hhon-g09710.t1/Hhon-g06571.t1/Hhon-g07787.t1/Hhon-g03531.t1/Hhon-g06894.t1/Hhon-g04000.t1/Hhon-g04001.t1/Hhon-g06017.t1/Hhon-g06018.t1/Hhon-g02357.t1/Hhon-g01193.t1/Hhon-g04888.t1/Hhon-g00092.t1/Hhon-g09405.t1",15,"cellular response to external stimulus","BP"
"GO:0050770","GO:0050770","11/304","122/9332",0.0901639344262295,2.7677955133736,3.60651081519398,0.00206123638107789,0.0175374046193348,0.0126893197402854,"Hhon-g00684.t1/Hhon-g11170.t1/Hhon-g05322.t1/Hhon-g02425.t1/Hhon-g00226.t1/Hhon-g07281.t1/Hhon-g02931.t1/Hhon-g09899.t1/Hhon-g03264.t1/Hhon-g01922.t1/Hhon-g06667.t1",11,"regulation of axonogenesis","BP"
"GO:0003774","GO:0003774","7/304","56/9332",0.125,3.83717105263158,3.90754758081164,0.00214179588483815,0.018053688611273,0.0130628808682114,"Hhon-g01323.t1/Hhon-g01363.t1/Hhon-g08202.t1/Hhon-g01983.t1/Hhon-g05253.t1/Hhon-g11373.t1/Hhon-g06183.t1",7,"cytoskeletal motor activity","MF"
"GO:0007391","GO:0007391","7/304","56/9332",0.125,3.83717105263158,3.90754758081164,0.00214179588483815,0.018053688611273,0.0130628808682114,"Hhon-g09710.t1/Hhon-g10494.t1/Hhon-g03907.t1/Hhon-g02931.t1/Hhon-g01922.t1/Hhon-g00092.t1/Hhon-g10405.t1",7,"dorsal closure","BP"
"GO:0072089","GO:0072089","7/304","56/9332",0.125,3.83717105263158,3.90754758081164,0.00214179588483815,0.018053688611273,0.0130628808682114,"Hhon-g00124.t1/Hhon-g00684.t1/Hhon-g09710.t1/Hhon-g03432.t1/Hhon-g01324.t1/Hhon-g04500.t1/Hhon-g02727.t1",7,"stem cell proliferation","BP"
"GO:0000226","GO:0000226","22/304","347/9332",0.0634005763688761,1.94623085090247,3.29615716825515,0.00214365811304374,0.018053688611273,0.0130628808682114,"Hhon-g07437.t1/Hhon-g08170.t1/Hhon-g03432.t1/Hhon-g01323.t1/Hhon-g01324.t1/Hhon-g01363.t1/Hhon-g09811.t1/Hhon-g03531.t1/Hhon-g01523.t1/Hhon-g09899.t1/Hhon-g07409.t1/Hhon-g01983.t1/Hhon-g05253.t1/Hhon-g11373.t1/Hhon-g01922.t1/Hhon-g06183.t1/Hhon-g00665.t1/Hhon-g00901.t1/Hhon-g07993.t1/Hhon-g07207.t1/Hhon-g05823.t1/Hhon-g02237.t1",22,"microtubule cytoskeleton organization","BP"
"GO:0016604","GO:0016604","22/304","347/9332",0.0634005763688761,1.94623085090247,3.29615716825515,0.00214365811304374,0.018053688611273,0.0130628808682114,"Hhon-g08474.t1/Hhon-g05246.t1/Hhon-g04501.t1/Hhon-g09110.t1/Hhon-g04459.t1/Hhon-g09751.t1/Hhon-g01983.t1/Hhon-g05253.t1/Hhon-g01922.t1/Hhon-g00665.t1/Hhon-g08787.t1/Hhon-g10239.t1/Hhon-g08466.t1/Hhon-g02469.t1/Hhon-g00458.t1/Hhon-g09314.t1/Hhon-g11385.t1/Hhon-g11388.t1/Hhon-g06163.t1/Hhon-g07993.t1/Hhon-g00564.t1/Hhon-g00422.t1",22,"nuclear body","CC"
"GO:0006338","GO:0006338","9/304","88/9332",0.102272727272727,3.13950358851675,3.70023663139245,0.00219232272479372,0.0183518628091603,0.0132786270300537,"Hhon-g09266.t1/Hhon-g07787.t1/Hhon-g09473.t1/Hhon-g00226.t1/Hhon-g06127.t1/Hhon-g00521.t1/Hhon-g07536.t1/Hhon-g02746.t1/Hhon-g00082.t1",9,"chromatin remodeling","BP"
"GO:0050684","GO:0050684","9/304","88/9332",0.102272727272727,3.13950358851675,3.70023663139245,0.00219232272479372,0.0183518628091603,0.0132786270300537,"Hhon-g09110.t1/Hhon-g03321.t1/Hhon-g08053.t1/Hhon-g04459.t1/Hhon-g00665.t1/Hhon-g08787.t1/Hhon-g09314.t1/Hhon-g11385.t1/Hhon-g11388.t1",9,"regulation of mRNA processing","BP"
"GO:0097479","GO:0097479","9/304","88/9332",0.102272727272727,3.13950358851675,3.70023663139245,0.00219232272479372,0.0183518628091603,0.0132786270300537,"Hhon-g03364.t1/Hhon-g05981.t1/Hhon-g07037.t1/Hhon-g10573.t1/Hhon-g06937.t1/Hhon-g07281.t1/Hhon-g00658.t1/Hhon-g08771.t1/Hhon-g02474.t1",9,"synaptic vesicle localization","BP"
"GO:0060042","GO:0060042","5/304","29/9332",0.172413793103448,5.2926497277677,4.24832811949313,0.00221520506613917,0.0184308488051066,0.0133357779357505,"Hhon-g09437.t1/Hhon-g09380.t1/Hhon-g07787.t1/Hhon-g04039.t1/Hhon-g00976.t1",5,"retina morphogenesis in camera-type eye","BP"
"GO:0001227","GO:0001227","6/304","42/9332",0.142857142857143,4.38533834586466,4.03481828262773,0.00221951454782112,0.0184308488051066,0.0133357779357505,"Hhon-g00684.t1/Hhon-g04500.t1/Hhon-g04501.t1/Hhon-g09473.t1/Hhon-g09672.t1/Hhon-g00976.t1",6,"DNA-binding transcription repressor activity, RNA polymerase II-specific","MF"
"GO:0008045","GO:0008045","6/304","42/9332",0.142857142857143,4.38533834586466,4.03481828262773,0.00221951454782112,0.0184308488051066,0.0133357779357505,"Hhon-g03907.t1/Hhon-g09380.t1/Hhon-g02425.t1/Hhon-g02931.t1/Hhon-g04925.t1/Hhon-g01922.t1",6,"motor neuron axon guidance","BP"
"GO:0030168","GO:0030168","6/304","42/9332",0.142857142857143,4.38533834586466,4.03481828262773,0.00221951454782112,0.0184308488051066,0.0133357779357505,"Hhon-g00419.t1/Hhon-g03404.t1/Hhon-g03181.t1/Hhon-g04801.t1/Hhon-g10573.t1/Hhon-g02474.t1",6,"platelet activation","BP"
"GO:0051050","GO:0051050","24/304","393/9332",0.0610687022900763,1.87464845319405,3.25080149118182,0.0022472465581195,0.0186238876433377,0.0134754526250091,"Hhon-g03542.t1/Hhon-g07625.t1/Hhon-g03364.t1/Hhon-g03907.t1/Hhon-g04801.t1/Hhon-g06571.t1/Hhon-g10573.t1/Hhon-g00241.t1/Hhon-g01259.t1/Hhon-g04829.t1/Hhon-g05193.t1/Hhon-g02425.t1/Hhon-g03531.t1/Hhon-g02931.t1/Hhon-g02357.t1/Hhon-g07409.t1/Hhon-g09428.t1/Hhon-g05897.t1/Hhon-g03112.t1/Hhon-g08386.t1/Hhon-g00877.t1/Hhon-g05970.t1/Hhon-g07418.t1/Hhon-g07993.t1",24,"positive regulation of transport","BP"
"GO:0001726","GO:0001726","8/304","72/9332",0.111111111111111,3.41081871345029,3.7681694140766,0.00226174162354488,0.0187066757389609,0.0135353545682472,"Hhon-g06571.t1/Hhon-g05193.t1/Hhon-g02931.t1/Hhon-g09899.t1/Hhon-g07409.t1/Hhon-g01983.t1/Hhon-g05253.t1/Hhon-g03387.t1",8,"ruffle","CC"
"GO:0034220","GO:0034220","22/304","349/9332",0.0630372492836676,1.93507766551048,3.26704268622474,0.00230241156129781,0.0190051944383867,0.0137513499967437,"Hhon-g03542.t1/Hhon-g07625.t1/Hhon-g00543.t1/Hhon-g00544.t1/Hhon-g10573.t1/Hhon-g05648.t1/Hhon-g05654.t1/Hhon-g01259.t1/Hhon-g02482.t1/Hhon-g02483.t1/Hhon-g04482.t1/Hhon-g07130.t1/Hhon-g07132.t1/Hhon-g07133.t1/Hhon-g11482.t1/Hhon-g06340.t1/Hhon-g06341.t1/Hhon-g06342.t1/Hhon-g09765.t1/Hhon-g09766.t1/Hhon-g06696.t1/Hhon-g11231.t1",22,"monoatomic ion transmembrane transport","BP"
"GO:0048511","GO:0048511","10/304","106/9332",0.0943396226415094,2.89597815292949,3.60233956085651,0.00233029030080792,0.0190800485513431,0.0138055112477267,"Hhon-g11170.t1/Hhon-g06571.t1/Hhon-g00226.t1/Hhon-g03531.t1/Hhon-g01523.t1/Hhon-g03264.t1/Hhon-g04459.t1/Hhon-g09428.t1/Hhon-g05897.t1/Hhon-g00092.t1",10,"rhythmic process","BP"
"GO:0051235","GO:0051235","11/304","124/9332",0.0887096774193548,2.72315365025467,3.54451895325017,0.00234556434180031,0.0190800485513431,0.0138055112477267,"Hhon-g09317.t1/Hhon-g06571.t1/Hhon-g03531.t1/Hhon-g04888.t1/Hhon-g09165.t1/Hhon-g09222.t1/Hhon-g09223.t1/Hhon-g08771.t1/Hhon-g00901.t1/Hhon-g08386.t1/Hhon-g08553.t1",11,"maintenance of location","BP"
"GO:0003197","GO:0003197","4/304","18/9332",0.222222222222222,6.82163742690059,4.53647373783464,0.0023528383570057,0.0190800485513431,0.0138055112477267,"Hhon-g03907.t1/Hhon-g07787.t1/Hhon-g04500.t1/Hhon-g03264.t1",4,"endocardial cushion development","BP"
"GO:0003309","GO:0003309","4/304","18/9332",0.222222222222222,6.82163742690059,4.53647373783464,0.0023528383570057,0.0190800485513431,0.0138055112477267,"Hhon-g03907.t1/Hhon-g04244.t1/Hhon-g04246.t1/Hhon-g04829.t1",4,"type B pancreatic cell differentiation","BP"
"GO:0045672","GO:0045672","4/304","18/9332",0.222222222222222,6.82163742690059,4.53647373783464,0.0023528383570057,0.0190800485513431,0.0138055112477267,"Hhon-g04000.t1/Hhon-g04001.t1/Hhon-g06017.t1/Hhon-g06018.t1",4,"positive regulation of osteoclast differentiation","BP"
"GO:0048865","GO:0048865","4/304","18/9332",0.222222222222222,6.82163742690059,4.53647373783464,0.0023528383570057,0.0190800485513431,0.0138055112477267,"Hhon-g00684.t1/Hhon-g09710.t1/Hhon-g09266.t1/Hhon-g07787.t1",4,"stem cell fate commitment","BP"
"GO:0050885","GO:0050885","4/304","18/9332",0.222222222222222,6.82163742690059,4.53647373783464,0.0023528383570057,0.0190800485513431,0.0138055112477267,"Hhon-g00902.t1/Hhon-g00903.t1/Hhon-g00914.t1/Hhon-g02474.t1",4,"neuromuscular process controlling balance","BP"
"GO:0051299","GO:0051299","4/304","18/9332",0.222222222222222,6.82163742690059,4.53647373783464,0.0023528383570057,0.0190800485513431,0.0138055112477267,"Hhon-g01323.t1/Hhon-g01363.t1/Hhon-g01983.t1/Hhon-g05253.t1",4,"centrosome separation","BP"
"GO:0071004","GO:0071004","4/304","18/9332",0.222222222222222,6.82163742690059,4.53647373783464,0.0023528383570057,0.0190800485513431,0.0138055112477267,"Hhon-g09314.t1/Hhon-g11385.t1/Hhon-g11388.t1/Hhon-g05775.t1",4,"U2-type prespliceosome","CC"
"GO:0010634","GO:0010634","7/304","57/9332",0.12280701754386,3.76985226223453,3.84894925539858,0.00237501598797016,0.0192223516219339,0.013908475694402,"Hhon-g04801.t1/Hhon-g06571.t1/Hhon-g10573.t1/Hhon-g07787.t1/Hhon-g04500.t1/Hhon-g07409.t1/Hhon-g00092.t1",7,"positive regulation of epithelial cell migration","BP"
"GO:0060627","GO:0060627","18/304","264/9332",0.0681818181818182,2.0930023923445,3.30576845815408,0.0024598822973976,0.0198704889081612,0.0143774402555248,"Hhon-g03542.t1/Hhon-g00124.t1/Hhon-g00305.t1/Hhon-g02085.t1/Hhon-g03364.t1/Hhon-g07037.t1/Hhon-g09317.t1/Hhon-g04801.t1/Hhon-g06571.t1/Hhon-g01259.t1/Hhon-g05193.t1/Hhon-g05759.t1/Hhon-g07281.t1/Hhon-g02357.t1/Hhon-g06667.t1/Hhon-g03112.t1/Hhon-g00238.t1/Hhon-g00877.t1",18,"regulation of vesicle-mediated transport","BP"
"GO:0016055","GO:0016055","8/304","73/9332",0.10958904109589,3.36409516943043,3.72091247889308,0.00246995450413931,0.0199131089343426,0.0144082782929251,"Hhon-g09266.t1/Hhon-g00241.t1/Hhon-g04500.t1/Hhon-g01523.t1/Hhon-g05759.t1/Hhon-g09672.t1/Hhon-g01922.t1/Hhon-g00901.t1",8,"Wnt signaling pathway","BP"
"GO:0002495","GO:0002495","6/304","43/9332",0.13953488372093,4.28335373317013,3.95979343944372,0.00251019960941716,0.0200429784198078,0.0145022463264708,"Hhon-g02357.t1/Hhon-g01983.t1/Hhon-g05253.t1/Hhon-g06183.t1/Hhon-g03112.t1/Hhon-g05970.t1",6,"antigen processing and presentation of peptide antigen via MHC class II","BP"
"GO:0002504","GO:0002504","6/304","43/9332",0.13953488372093,4.28335373317013,3.95979343944372,0.00251019960941716,0.0200429784198078,0.0145022463264708,"Hhon-g02357.t1/Hhon-g01983.t1/Hhon-g05253.t1/Hhon-g06183.t1/Hhon-g03112.t1/Hhon-g05970.t1",6,"antigen processing and presentation of peptide or polysaccharide antigen via MHC class II","BP"
"GO:0018991","GO:0018991","6/304","43/9332",0.13953488372093,4.28335373317013,3.95979343944372,0.00251019960941716,0.0200429784198078,0.0145022463264708,"Hhon-g00684.t1/Hhon-g09380.t1/Hhon-g05648.t1/Hhon-g05654.t1/Hhon-g02425.t1/Hhon-g11373.t1",6,"egg-laying behavior","BP"
"GO:0019886","GO:0019886","6/304","43/9332",0.13953488372093,4.28335373317013,3.95979343944372,0.00251019960941716,0.0200429784198078,0.0145022463264708,"Hhon-g02357.t1/Hhon-g01983.t1/Hhon-g05253.t1/Hhon-g06183.t1/Hhon-g03112.t1/Hhon-g05970.t1",6,"antigen processing and presentation of exogenous peptide antigen via MHC class II","BP"
"GO:0050731","GO:0050731","6/304","43/9332",0.13953488372093,4.28335373317013,3.95979343944372,0.00251019960941716,0.0200429784198078,0.0145022463264708,"Hhon-g03907.t1/Hhon-g00226.t1/Hhon-g02931.t1/Hhon-g01922.t1/Hhon-g06667.t1/Hhon-g03387.t1",6,"positive regulation of peptidyl-tyrosine phosphorylation","BP"
"GO:1905114","GO:1905114","9/304","90/9332",0.1,3.06973684210526,3.62041632300286,0.00256094547989177,0.0204089167610569,0.014767023738986,"Hhon-g09266.t1/Hhon-g06571.t1/Hhon-g00241.t1/Hhon-g04500.t1/Hhon-g01523.t1/Hhon-g05759.t1/Hhon-g09672.t1/Hhon-g01922.t1/Hhon-g00901.t1",9,NA,NA
"GO:0060562","GO:0060562","21/304","330/9332",0.0636363636363636,1.95346889952153,3.2359299277939,0.00257173057974999,0.0204324751834657,0.0147840696109956,"Hhon-g00684.t1/Hhon-g04657.t1/Hhon-g11170.t1/Hhon-g09710.t1/Hhon-g05322.t1/Hhon-g09380.t1/Hhon-g09266.t1/Hhon-g03432.t1/Hhon-g00241.t1/Hhon-g07787.t1/Hhon-g11664.t1/Hhon-g04500.t1/Hhon-g01523.t1/Hhon-g02931.t1/Hhon-g04925.t1/Hhon-g03264.t1/Hhon-g01922.t1/Hhon-g08814.t1/Hhon-g00092.t1/Hhon-g02688.t1/Hhon-g07993.t1",21,"epithelial tube morphogenesis","BP"
"GO:0007413","GO:0007413","5/304","30/9332",0.166666666666667,5.11622807017544,4.14359214440805,0.00258850721254889,0.0204324751834657,0.0147840696109956,"Hhon-g00902.t1/Hhon-g00903.t1/Hhon-g00914.t1/Hhon-g08629.t1/Hhon-g09380.t1",5,"axonal fasciculation","BP"
"GO:0009629","GO:0009629","5/304","30/9332",0.166666666666667,5.11622807017544,4.14359214440805,0.00258850721254889,0.0204324751834657,0.0147840696109956,"Hhon-g04500.t1/Hhon-g04000.t1/Hhon-g04001.t1/Hhon-g06017.t1/Hhon-g06018.t1",5,"response to gravity","BP"
"GO:0017158","GO:0017158","5/304","30/9332",0.166666666666667,5.11622807017544,4.14359214440805,0.00258850721254889,0.0204324751834657,0.0147840696109956,"Hhon-g03542.t1/Hhon-g02085.t1/Hhon-g03364.t1/Hhon-g07037.t1/Hhon-g07281.t1",5,"regulation of calcium ion-dependent exocytosis","BP"
"GO:0106030","GO:0106030","5/304","30/9332",0.166666666666667,5.11622807017544,4.14359214440805,0.00258850721254889,0.0204324751834657,0.0147840696109956,"Hhon-g00902.t1/Hhon-g00903.t1/Hhon-g00914.t1/Hhon-g08629.t1/Hhon-g09380.t1",5,"neuron projection fasciculation","BP"
"GO:0060537","GO:0060537","11/304","126/9332",0.0873015873015873,2.67992898913952,3.48374070528738,0.00266089043445018,0.0209639792862185,0.0151686433634691,"Hhon-g01603.t1/Hhon-g03907.t1/Hhon-g09266.t1/Hhon-g07787.t1/Hhon-g00226.t1/Hhon-g04016.t1/Hhon-g04000.t1/Hhon-g04001.t1/Hhon-g06017.t1/Hhon-g06018.t1/Hhon-g05897.t1",11,"muscle tissue development","BP"
"GO:0008038","GO:0008038","8/304","74/9332",0.108108108108108,3.31863442389758,3.67446963097547,0.00269288825829178,0.021095984997033,0.015264157078778,"Hhon-g00902.t1/Hhon-g00903.t1/Hhon-g00914.t1/Hhon-g08629.t1/Hhon-g09380.t1/Hhon-g07281.t1/Hhon-g03264.t1/Hhon-g01922.t1",8,"neuron recognition","BP"
"GO:0030516","GO:0030516","8/304","74/9332",0.108108108108108,3.31863442389758,3.67446963097547,0.00269288825829178,0.021095984997033,0.015264157078778,"Hhon-g00684.t1/Hhon-g11170.t1/Hhon-g05322.t1/Hhon-g02425.t1/Hhon-g02931.t1/Hhon-g09899.t1/Hhon-g01922.t1/Hhon-g06667.t1",8,"regulation of axon extension","BP"
"GO:0048754","GO:0048754","8/304","74/9332",0.108108108108108,3.31863442389758,3.67446963097547,0.00269288825829178,0.021095984997033,0.015264157078778,"Hhon-g09710.t1/Hhon-g09380.t1/Hhon-g03432.t1/Hhon-g07787.t1/Hhon-g04500.t1/Hhon-g02931.t1/Hhon-g08814.t1/Hhon-g07993.t1",8,"branching morphogenesis of an epithelial tube","BP"
"GO:0046872","GO:0046872","28/304","491/9332",0.0570264765784114,1.75056276128202,3.13532218487494,0.00270463323390746,0.0211480926312312,0.0153018599456277,"Hhon-g03364.t1/Hhon-g05981.t1/Hhon-g07037.t1/Hhon-g08474.t1/Hhon-g01603.t1/Hhon-g02107.t1/Hhon-g04393.t1/Hhon-g03181.t1/Hhon-g00195.t1/Hhon-g01259.t1/Hhon-g05246.t1/Hhon-g09473.t1/Hhon-g05759.t1/Hhon-g07281.t1/Hhon-g01193.t1/Hhon-g07409.t1/Hhon-g07433.t1/Hhon-g07626.t1/Hhon-g04888.t1/Hhon-g03112.t1/Hhon-g09314.t1/Hhon-g11385.t1/Hhon-g11388.t1/Hhon-g08386.t1/Hhon-g11231.t1/Hhon-g05970.t1/Hhon-g07320.t1/Hhon-g07993.t1",28,"metal ion binding","MF"
"GO:0007409","GO:0007409","16/304","225/9332",0.0711111111111111,2.18292397660819,3.29583557105058,0.0027803026890657,0.0216989036936105,0.0157004033925475,"Hhon-g00124.t1/Hhon-g11170.t1/Hhon-g03907.t1/Hhon-g05322.t1/Hhon-g09380.t1/Hhon-g04801.t1/Hhon-g05242.t1/Hhon-g08174.t1/Hhon-g06075.t1/Hhon-g02425.t1/Hhon-g07281.t1/Hhon-g02931.t1/Hhon-g04925.t1/Hhon-g03264.t1/Hhon-g01922.t1/Hhon-g06183.t1",16,"axonogenesis","BP"
"GO:0005876","GO:0005876","6/304","44/9332",0.136363636363636,4.186004784689,3.88701995211527,0.00282858021726353,0.0220342684091523,0.0159430590304535,"Hhon-g01323.t1/Hhon-g01363.t1/Hhon-g03531.t1/Hhon-g01523.t1/Hhon-g01983.t1/Hhon-g05253.t1",6,"spindle microtubule","CC"
"GO:0007088","GO:0007088","10/304","109/9332",0.0917431192660551,2.81627233220666,3.49996114656672,0.00286351868279812,0.0222230459270613,0.0160796504096524,"Hhon-g00902.t1/Hhon-g00903.t1/Hhon-g00914.t1/Hhon-g01323.t1/Hhon-g01324.t1/Hhon-g01363.t1/Hhon-g05759.t1/Hhon-g09899.t1/Hhon-g06183.t1/Hhon-g10239.t1",10,"regulation of mitotic nuclear division","BP"
"GO:0043543","GO:0043543","10/304","109/9332",0.0917431192660551,2.81627233220666,3.49996114656672,0.00286351868279812,0.0222230459270613,0.0160796504096524,"Hhon-g03304.t1/Hhon-g05246.t1/Hhon-g11664.t1/Hhon-g06127.t1/Hhon-g08741.t1/Hhon-g07536.t1/Hhon-g10405.t1/Hhon-g02746.t1/Hhon-g05440.t1/Hhon-g09845.t1",10,"protein acylation","BP"
"GO:0040007","GO:0040007","18/304","268/9332",0.0671641791044776,2.06176355066771,3.23623739767092,0.00289379775201797,0.0222516244465359,0.0161003286102863,"Hhon-g00684.t1/Hhon-g01603.t1/Hhon-g11170.t1/Hhon-g03907.t1/Hhon-g09380.t1/Hhon-g09266.t1/Hhon-g06571.t1/Hhon-g07787.t1/Hhon-g01523.t1/Hhon-g02357.t1/Hhon-g07433.t1/Hhon-g03264.t1/Hhon-g04459.t1/Hhon-g01922.t1/Hhon-g00092.t1/Hhon-g08466.t1/Hhon-g02688.t1/Hhon-g07993.t1",18,"growth","BP"
"GO:0000776","GO:0000776","7/304","59/9332",0.11864406779661,3.64206066012489,3.73562928876326,0.00289973838765435,0.0222516244465359,0.0161003286102863,"Hhon-g03304.t1/Hhon-g09811.t1/Hhon-g04016.t1/Hhon-g01983.t1/Hhon-g05253.t1/Hhon-g06183.t1/Hhon-g05440.t1",7,"kinetochore","CC"
"GO:0010842","GO:0010842","4/304","19/9332",0.210526315789474,6.46260387811634,4.37357742311891,0.00290471590800155,0.0222516244465359,0.0161003286102863,"Hhon-g09437.t1/Hhon-g09380.t1/Hhon-g04039.t1/Hhon-g00976.t1",4,"retina layer formation","BP"
"GO:0048665","GO:0048665","4/304","19/9332",0.210526315789474,6.46260387811634,4.37357742311891,0.00290471590800155,0.0222516244465359,0.0161003286102863,"Hhon-g00684.t1/Hhon-g11170.t1/Hhon-g03907.t1/Hhon-g05242.t1",4,"neuron fate specification","BP"
"GO:0051231","GO:0051231","4/304","19/9332",0.210526315789474,6.46260387811634,4.37357742311891,0.00290471590800155,0.0222516244465359,0.0161003286102863,"Hhon-g01323.t1/Hhon-g01363.t1/Hhon-g01983.t1/Hhon-g05253.t1",4,"spindle elongation","BP"
"GO:0055026","GO:0055026","4/304","19/9332",0.210526315789474,6.46260387811634,4.37357742311891,0.00290471590800155,0.0222516244465359,0.0161003286102863,"Hhon-g10567.t1/Hhon-g00226.t1/Hhon-g03531.t1/Hhon-g02931.t1",4,"negative regulation of cardiac muscle tissue development","BP"
"GO:0090313","GO:0090313","4/304","19/9332",0.210526315789474,6.46260387811634,4.37357742311891,0.00290471590800155,0.0222516244465359,0.0161003286102863,"Hhon-g03542.t1/Hhon-g06571.t1/Hhon-g02931.t1/Hhon-g07409.t1",4,"regulation of protein targeting to membrane","BP"
"GO:0051493","GO:0051493","17/304","247/9332",0.0688259109311741,2.1127743447688,3.25235711932407,0.0029189122084207,0.0223191961130069,0.0161492205928713,"Hhon-g10573.t1/Hhon-g05193.t1/Hhon-g01323.t1/Hhon-g01363.t1/Hhon-g02425.t1/Hhon-g00226.t1/Hhon-g01523.t1/Hhon-g05759.t1/Hhon-g02931.t1/Hhon-g09899.t1/Hhon-g07409.t1/Hhon-g01983.t1/Hhon-g05253.t1/Hhon-g01922.t1/Hhon-g06183.t1/Hhon-g00901.t1/Hhon-g05967.t1",17,"regulation of cytoskeleton organization","BP"
"GO:0042303","GO:0042303","8/304","75/9332",0.106666666666667,3.27438596491228,3.62881458023385,0.00293124119637013,0.0223312173345483,0.0161579186372581,"Hhon-g05242.t1/Hhon-g07787.t1/Hhon-g08174.t1/Hhon-g00226.t1/Hhon-g09899.t1/Hhon-g04925.t1/Hhon-g03112.t1/Hhon-g01891.t1",8,"molting cycle","BP"
"GO:0071560","GO:0071560","8/304","75/9332",0.106666666666667,3.27438596491228,3.62881458023385,0.00293124119637013,0.0223312173345483,0.0161579186372581,"Hhon-g07787.t1/Hhon-g04000.t1/Hhon-g04001.t1/Hhon-g06017.t1/Hhon-g06018.t1/Hhon-g02931.t1/Hhon-g00092.t1/Hhon-g03329.t1",8,"cellular response to transforming growth factor beta stimulus","BP"
"GO:0010501","GO:0010501","5/304","31/9332",0.161290322580645,4.95118845500849,4.04342023572982,0.0030053951304648,0.0227293271069032,0.0164459739283799,"Hhon-g08053.t1/Hhon-g04459.t1/Hhon-g09751.t1/Hhon-g03376.t1/Hhon-g06163.t1",5,"RNA secondary structure unwinding","BP"
"GO:0051964","GO:0051964","5/304","31/9332",0.161290322580645,4.95118845500849,4.04342023572982,0.0030053951304648,0.0227293271069032,0.0164459739283799,"Hhon-g06571.t1/Hhon-g05648.t1/Hhon-g05654.t1/Hhon-g03264.t1/Hhon-g00901.t1",5,"negative regulation of synapse assembly","BP"
"GO:0060070","GO:0060070","5/304","31/9332",0.161290322580645,4.95118845500849,4.04342023572982,0.0030053951304648,0.0227293271069032,0.0164459739283799,"Hhon-g00241.t1/Hhon-g04500.t1/Hhon-g01523.t1/Hhon-g09672.t1/Hhon-g01922.t1",5,"canonical Wnt signaling pathway","BP"
"GO:0061097","GO:0061097","5/304","31/9332",0.161290322580645,4.95118845500849,4.04342023572982,0.0030053951304648,0.0227293271069032,0.0164459739283799,"Hhon-g03181.t1/Hhon-g02931.t1/Hhon-g01922.t1/Hhon-g06667.t1/Hhon-g03387.t1",5,"regulation of protein tyrosine kinase activity","BP"
"GO:0007163","GO:0007163","14/304","186/9332",0.0752688172043011,2.31055461233729,3.31284493401159,0.00301155771906497,0.0227345229991959,0.0164497334549501,"Hhon-g00124.t1/Hhon-g09710.t1/Hhon-g10494.t1/Hhon-g03432.t1/Hhon-g05193.t1/Hhon-g01324.t1/Hhon-g09811.t1/Hhon-g01523.t1/Hhon-g05759.t1/Hhon-g02931.t1/Hhon-g01922.t1/Hhon-g00092.t1/Hhon-g03112.t1/Hhon-g00901.t1",14,"establishment or maintenance of cell polarity","BP"
"GO:0007444","GO:0007444","17/304","248/9332",0.0685483870967742,2.10425509337861,3.23416222368571,0.00304337889625003,0.0229330475085846,0.016593377342435,"Hhon-g04657.t1/Hhon-g11170.t1/Hhon-g09710.t1/Hhon-g03907.t1/Hhon-g05322.t1/Hhon-g09380.t1/Hhon-g01324.t1/Hhon-g11664.t1/Hhon-g04500.t1/Hhon-g01523.t1/Hhon-g04016.t1/Hhon-g02931.t1/Hhon-g04925.t1/Hhon-g01922.t1/Hhon-g00092.t1/Hhon-g08466.t1/Hhon-g02688.t1",17,"imaginal disc development","BP"
"GO:0019904","GO:0019904","22/304","358/9332",0.0614525139664804,1.88643046162893,3.13832751116329,0.00314603367386542,0.023663644590379,0.017122006302845,"Hhon-g01603.t1/Hhon-g03181.t1/Hhon-g09266.t1/Hhon-g03432.t1/Hhon-g10573.t1/Hhon-g00226.t1/Hhon-g03531.t1/Hhon-g07281.t1/Hhon-g02931.t1/Hhon-g02357.t1/Hhon-g03264.t1/Hhon-g04459.t1/Hhon-g07626.t1/Hhon-g01922.t1/Hhon-g00658.t1/Hhon-g05897.t1/Hhon-g00092.t1/Hhon-g00901.t1/Hhon-g00352.t1/Hhon-g06163.t1/Hhon-g05823.t1/Hhon-g00422.t1",22,"protein domain specific binding","MF"
"GO:0021954","GO:0021954","6/304","45/9332",0.133333333333333,4.09298245614035,3.81637552559032,0.00317625417549944,0.0237618150210337,0.017193038249171,"Hhon-g00684.t1/Hhon-g00902.t1/Hhon-g00903.t1/Hhon-g00914.t1/Hhon-g04801.t1/Hhon-g03264.t1",6,"central nervous system neuron development","BP"
"GO:0044325","GO:0044325","6/304","45/9332",0.133333333333333,4.09298245614035,3.81637552559032,0.00317625417549944,0.0237618150210337,0.017193038249171,"Hhon-g03542.t1/Hhon-g07625.t1/Hhon-g02357.t1/Hhon-g07409.t1/Hhon-g05897.t1/Hhon-g08386.t1",6,"transmembrane transporter binding","MF"
"GO:0090263","GO:0090263","6/304","45/9332",0.133333333333333,4.09298245614035,3.81637552559032,0.00317625417549944,0.0237618150210337,0.017193038249171,"Hhon-g00241.t1/Hhon-g01324.t1/Hhon-g01523.t1/Hhon-g05759.t1/Hhon-g04925.t1/Hhon-g01922.t1",6,"positive regulation of canonical Wnt signaling pathway","BP"
"GO:0034728","GO:0034728","7/304","60/9332",0.116666666666667,3.58135964912281,3.68080272746495,0.00319327606610873,0.0238332486143328,0.0172447245576782,"Hhon-g07787.t1/Hhon-g05246.t1/Hhon-g09811.t1/Hhon-g06127.t1/Hhon-g00521.t1/Hhon-g07536.t1/Hhon-g02746.t1",7,"nucleosome organization","BP"
"GO:0070507","GO:0070507","11/304","129/9332",0.0852713178294574,2.61760505915953,3.39474964819069,0.00319728311131584,0.0238332486143328,0.0172447245576782,"Hhon-g01323.t1/Hhon-g01363.t1/Hhon-g05759.t1/Hhon-g02931.t1/Hhon-g09899.t1/Hhon-g07409.t1/Hhon-g01983.t1/Hhon-g05253.t1/Hhon-g01922.t1/Hhon-g06183.t1/Hhon-g00901.t1",11,"regulation of microtubule cytoskeleton organization","BP"
"GO:0009798","GO:0009798","12/304","148/9332",0.0810810810810811,2.48897581792319,3.35048498514078,0.00321183274710406,0.0238560457351987,0.0172612195842859,"Hhon-g00902.t1/Hhon-g00903.t1/Hhon-g00914.t1/Hhon-g09710.t1/Hhon-g03907.t1/Hhon-g09380.t1/Hhon-g03432.t1/Hhon-g10573.t1/Hhon-g04500.t1/Hhon-g01922.t1/Hhon-g00665.t1/Hhon-g02688.t1",12,"axis specification","BP"
"GO:0055123","GO:0055123","12/304","148/9332",0.0810810810810811,2.48897581792319,3.35048498514078,0.00321183274710406,0.0238560457351987,0.0172612195842859,"Hhon-g00684.t1/Hhon-g09437.t1/Hhon-g00543.t1/Hhon-g00544.t1/Hhon-g01603.t1/Hhon-g03907.t1/Hhon-g07787.t1/Hhon-g04500.t1/Hhon-g06894.t1/Hhon-g04888.t1/Hhon-g01922.t1/Hhon-g09428.t1",12,"digestive system development","BP"
"GO:0002119","GO:0002119","14/304","188/9332",0.074468085106383,2.28597424412094,3.26849780577022,0.00331889046523912,0.0246072021637015,0.0178047244131437,"Hhon-g00684.t1/Hhon-g09710.t1/Hhon-g05322.t1/Hhon-g10573.t1/Hhon-g02425.t1/Hhon-g04016.t1/Hhon-g02931.t1/Hhon-g07501.t1/Hhon-g09165.t1/Hhon-g09222.t1/Hhon-g09223.t1/Hhon-g06667.t1/Hhon-g11345.t1/Hhon-g09845.t1",14,"nematode larval development","BP"
"GO:0018209","GO:0018209","9/304","94/9332",0.0957446808510638,2.93910974244121,3.46722836976139,0.00344491955965173,0.0249599030727233,0.0180599237829714,"Hhon-g03432.t1/Hhon-g04801.t1/Hhon-g06571.t1/Hhon-g10573.t1/Hhon-g00195.t1/Hhon-g01523.t1/Hhon-g04374.t1/Hhon-g05759.t1/Hhon-g02931.t1",9,"peptidyl-serine modification","BP"
"GO:1903364","GO:1903364","9/304","94/9332",0.0957446808510638,2.93910974244121,3.46722836976139,0.00344491955965173,0.0249599030727233,0.0180599237829714,"Hhon-g07437.t1/Hhon-g08170.t1/Hhon-g08474.t1/Hhon-g06571.t1/Hhon-g01523.t1/Hhon-g04374.t1/Hhon-g07281.t1/Hhon-g01922.t1/Hhon-g00901.t1",9,NA,NA
"GO:0032434","GO:0032434","8/304","77/9332",0.103896103896104,3.18933697881066,3.53976861977305,0.00345706088386095,0.0249599030727233,0.0180599237829714,"Hhon-g07437.t1/Hhon-g08170.t1/Hhon-g08474.t1/Hhon-g06571.t1/Hhon-g01523.t1/Hhon-g04374.t1/Hhon-g01922.t1/Hhon-g00901.t1",8,"regulation of proteasomal ubiquitin-dependent protein catabolic process","BP"
"GO:0140101","GO:0140101","8/304","77/9332",0.103896103896104,3.18933697881066,3.53976861977305,0.00345706088386095,0.0249599030727233,0.0180599237829714,"Hhon-g08814.t1/Hhon-g09426.t1/Hhon-g11491.t1/Hhon-g00572.t1/Hhon-g09696.t1/Hhon-g11345.t1/Hhon-g07660.t1/Hhon-g10129.t1",8,"catalytic activity, acting on a tRNA","MF"
"GO:0003148","GO:0003148","3/304","10/9332",0.3,9.20921052631579,4.76597714487313,0.00346423843134319,0.0249599030727233,0.0180599237829714,"Hhon-g03907.t1/Hhon-g03264.t1/Hhon-g01922.t1",3,"outflow tract septum morphogenesis","BP"
"GO:0007215","GO:0007215","3/304","10/9332",0.3,9.20921052631579,4.76597714487313,0.00346423843134319,0.0249599030727233,0.0180599237829714,"Hhon-g03542.t1/Hhon-g02425.t1/Hhon-g05897.t1",3,"glutamate receptor signaling pathway","BP"
"GO:0010763","GO:0010763","3/304","10/9332",0.3,9.20921052631579,4.76597714487313,0.00346423843134319,0.0249599030727233,0.0180599237829714,"Hhon-g06571.t1/Hhon-g10573.t1/Hhon-g02931.t1",3,"positive regulation of fibroblast migration","BP"
"GO:0030859","GO:0030859","3/304","10/9332",0.3,9.20921052631579,4.76597714487313,0.00346423843134319,0.0249599030727233,0.0180599237829714,"Hhon-g00124.t1/Hhon-g03432.t1/Hhon-g01922.t1",3,"polarized epithelial cell differentiation","BP"
"GO:0031290","GO:0031290","3/304","10/9332",0.3,9.20921052631579,4.76597714487313,0.00346423843134319,0.0249599030727233,0.0180599237829714,"Hhon-g03907.t1/Hhon-g03264.t1/Hhon-g01922.t1",3,"retinal ganglion cell axon guidance","BP"
"GO:0031641","GO:0031641","3/304","10/9332",0.3,9.20921052631579,4.76597714487313,0.00346423843134319,0.0249599030727233,0.0180599237829714,"Hhon-g01603.t1/Hhon-g06571.t1/Hhon-g07993.t1",3,"regulation of myelination","BP"
"GO:0035371","GO:0035371","3/304","10/9332",0.3,9.20921052631579,4.76597714487313,0.00346423843134319,0.0249599030727233,0.0180599237829714,"Hhon-g01983.t1/Hhon-g05253.t1/Hhon-g06183.t1",3,"microtubule plus-end","CC"
"GO:0097094","GO:0097094","3/304","10/9332",0.3,9.20921052631579,4.76597714487313,0.00346423843134319,0.0249599030727233,0.0180599237829714,"Hhon-g00902.t1/Hhon-g00903.t1/Hhon-g00914.t1",3,"craniofacial suture morphogenesis","BP"
"GO:0098975","GO:0098975","3/304","10/9332",0.3,9.20921052631579,4.76597714487313,0.00346423843134319,0.0249599030727233,0.0180599237829714,"Hhon-g02931.t1/Hhon-g09076.t1/Hhon-g10981.t1",3,"postsynapse of neuromuscular junction","CC"
"GO:0021675","GO:0021675","5/304","32/9332",0.15625,4.79646381578947,3.94746139253156,0.00346865705032787,0.0249599030727233,0.0180599237829714,"Hhon-g00902.t1/Hhon-g00903.t1/Hhon-g00914.t1/Hhon-g03907.t1/Hhon-g04801.t1",5,"nerve development","BP"
"GO:0035418","GO:0035418","5/304","32/9332",0.15625,4.79646381578947,3.94746139253156,0.00346865705032787,0.0249599030727233,0.0180599237829714,"Hhon-g05648.t1/Hhon-g05654.t1/Hhon-g06075.t1/Hhon-g02425.t1/Hhon-g05897.t1",5,"protein localization to synapse","BP"
"GO:0043966","GO:0043966","5/304","32/9332",0.15625,4.79646381578947,3.94746139253156,0.00346865705032787,0.0249599030727233,0.0180599237829714,"Hhon-g05246.t1/Hhon-g11664.t1/Hhon-g08741.t1/Hhon-g02746.t1/Hhon-g05440.t1",5,NA,NA
"GO:1990090","GO:1990090","5/304","32/9332",0.15625,4.79646381578947,3.94746139253156,0.00346865705032787,0.0249599030727233,0.0180599237829714,"Hhon-g06571.t1/Hhon-g01523.t1/Hhon-g02357.t1/Hhon-g07409.t1/Hhon-g06183.t1",5,"cellular response to nerve growth factor stimulus","BP"
"GO:0051098","GO:0051098","13/304","169/9332",0.0769230769230769,2.36133603238866,3.27713973721422,0.00348053593800525,0.0250020505442868,0.0180904198999581,"Hhon-g03907.t1/Hhon-g09266.t1/Hhon-g06571.t1/Hhon-g00226.t1/Hhon-g07578.t1/Hhon-g01523.t1/Hhon-g04016.t1/Hhon-g00521.t1/Hhon-g01922.t1/Hhon-g08787.t1/Hhon-g00092.t1/Hhon-g08386.t1/Hhon-g08553.t1",13,"regulation of binding","BP"
"GO:0014032","GO:0014032","4/304","20/9332",0.2,6.13947368421053,4.22199069840769,0.0035389595390508,0.0253340689761016,0.0183306543093484,"Hhon-g03907.t1/Hhon-g09266.t1/Hhon-g07787.t1/Hhon-g04500.t1",4,"neural crest cell development","BP"
"GO:0034212","GO:0034212","4/304","20/9332",0.2,6.13947368421053,4.22199069840769,0.0035389595390508,0.0253340689761016,0.0183306543093484,"Hhon-g03304.t1/Hhon-g05246.t1/Hhon-g11664.t1/Hhon-g09845.t1",4,"peptide N-acetyltransferase activity","MF"
"GO:0042180","GO:0042180","6/304","46/9332",0.130434782608696,4.00400457665904,3.74774710605646,0.00355483674919443,0.0254039280252242,0.0183812013446887,"Hhon-g01603.t1/Hhon-g06340.t1/Hhon-g06341.t1/Hhon-g06342.t1/Hhon-g09765.t1/Hhon-g09766.t1",6,"cellular ketone metabolic process","BP"
"GO:0098687","GO:0098687","13/304","170/9332",0.0764705882352941,2.34744582043344,3.25346200982594,0.00366138844465983,0.0261204206567484,0.0188996249250482,"Hhon-g03304.t1/Hhon-g09473.t1/Hhon-g09811.t1/Hhon-g00226.t1/Hhon-g04016.t1/Hhon-g04459.t1/Hhon-g01983.t1/Hhon-g05253.t1/Hhon-g00521.t1/Hhon-g06183.t1/Hhon-g08787.t1/Hhon-g10239.t1/Hhon-g05440.t1",13,"chromosomal region","CC"
"GO:0034330","GO:0034330","10/304","113/9332",0.0884955752212389,2.71658127619935,3.36873459603397,0.00372155369447709,0.0264587173621042,0.0191444020260231,"Hhon-g09981.t1/Hhon-g10494.t1/Hhon-g09266.t1/Hhon-g03432.t1/Hhon-g04801.t1/Hhon-g08202.t1/Hhon-g04500.t1/Hhon-g08053.t1/Hhon-g02931.t1/Hhon-g04039.t1",10,"cell junction organization","BP"
"GO:0045785","GO:0045785","10/304","113/9332",0.0884955752212389,2.71658127619935,3.36873459603397,0.00372155369447709,0.0264587173621042,0.0191444020260231,"Hhon-g10494.t1/Hhon-g04801.t1/Hhon-g06571.t1/Hhon-g10573.t1/Hhon-g09672.t1/Hhon-g02931.t1/Hhon-g07409.t1/Hhon-g06160.t1/Hhon-g03112.t1/Hhon-g08553.t1",10,"positive regulation of cell adhesion","BP"
"GO:0048589","GO:0048589","17/304","253/9332",0.0671936758893281,2.0626690243395,3.14444777004805,0.00373377910759663,0.0264963039102591,0.0191715980529053,"Hhon-g00684.t1/Hhon-g01603.t1/Hhon-g11170.t1/Hhon-g03907.t1/Hhon-g09380.t1/Hhon-g09266.t1/Hhon-g06571.t1/Hhon-g07787.t1/Hhon-g01523.t1/Hhon-g02357.t1/Hhon-g07433.t1/Hhon-g03264.t1/Hhon-g01922.t1/Hhon-g00092.t1/Hhon-g08466.t1/Hhon-g02688.t1/Hhon-g07993.t1",17,"developmental growth","BP"
"GO:0060560","GO:0060560","8/304","78/9332",0.102564102564103,3.14844804318489,3.49633083611176,0.00374598516264983,0.0264963039102591,0.0191715980529053,"Hhon-g11170.t1/Hhon-g03907.t1/Hhon-g09380.t1/Hhon-g07787.t1/Hhon-g02357.t1/Hhon-g07433.t1/Hhon-g03264.t1/Hhon-g01922.t1",8,"developmental growth involved in morphogenesis","BP"
"GO:0061138","GO:0061138","8/304","78/9332",0.102564102564103,3.14844804318489,3.49633083611176,0.00374598516264983,0.0264963039102591,0.0191715980529053,"Hhon-g09710.t1/Hhon-g09380.t1/Hhon-g03432.t1/Hhon-g07787.t1/Hhon-g04500.t1/Hhon-g02931.t1/Hhon-g08814.t1/Hhon-g07993.t1",8,"morphogenesis of a branching epithelium","BP"
"GO:1903311","GO:1903311","12/304","151/9332",0.0794701986754967,2.43952596723597,3.27241289001988,0.00378358919314396,0.0267167726699553,0.0193311198661526,"Hhon-g04801.t1/Hhon-g06571.t1/Hhon-g09110.t1/Hhon-g03321.t1/Hhon-g08053.t1/Hhon-g03869.t1/Hhon-g04459.t1/Hhon-g00665.t1/Hhon-g08787.t1/Hhon-g09314.t1/Hhon-g11385.t1/Hhon-g11388.t1",12,"regulation of mRNA metabolic process","BP"
"GO:0060485","GO:0060485","7/304","62/9332",0.112903225806452,3.46583191850594,3.5745761956429,0.00384791095284095,0.027092124766428,0.0196027086713786,"Hhon-g01603.t1/Hhon-g03907.t1/Hhon-g09266.t1/Hhon-g07787.t1/Hhon-g04500.t1/Hhon-g03264.t1/Hhon-g04459.t1",7,"mesenchyme development","BP"
"GO:0031668","GO:0031668","13/304","171/9332",0.0760233918128655,2.33371806709757,3.22994970125827,0.003849796149372,0.027092124766428,0.0196027086713786,"Hhon-g03542.t1/Hhon-g09710.t1/Hhon-g03531.t1/Hhon-g06894.t1/Hhon-g04000.t1/Hhon-g04001.t1/Hhon-g06017.t1/Hhon-g06018.t1/Hhon-g02357.t1/Hhon-g01193.t1/Hhon-g04888.t1/Hhon-g00092.t1/Hhon-g09405.t1",13,NA,NA
"GO:0016247","GO:0016247","6/304","47/9332",0.127659574468085,3.91881298992161,3.68102999750343,0.0039659571032786,0.0276874930265577,0.0200334918106165,"Hhon-g03542.t1/Hhon-g04801.t1/Hhon-g05648.t1/Hhon-g05654.t1/Hhon-g08386.t1/Hhon-g03110.t1",6,"channel regulator activity","MF"
"GO:0046686","GO:0046686","6/304","47/9332",0.127659574468085,3.91881298992161,3.68102999750343,0.0039659571032786,0.0276874930265577,0.0200334918106165,"Hhon-g06571.t1/Hhon-g04000.t1/Hhon-g04001.t1/Hhon-g06017.t1/Hhon-g06018.t1/Hhon-g00092.t1",6,"response to cadmium ion","BP"
"GO:0031056","GO:0031056","9/304","96/9332",0.09375,2.87787828947368,3.393643411612,0.00396869033580116,0.0276874930265577,0.0200334918106165,"Hhon-g03907.t1/Hhon-g09266.t1/Hhon-g03304.t1/Hhon-g11664.t1/Hhon-g04500.t1/Hhon-g00226.t1/Hhon-g07578.t1/Hhon-g04016.t1/Hhon-g08787.t1",9,NA,NA
"GO:0006904","GO:0006904","5/304","33/9332",0.151515151515152,4.65111642743222,3.85540174348598,0.00398107739326949,0.0276874930265577,0.0200334918106165,"Hhon-g03542.t1/Hhon-g00124.t1/Hhon-g00305.t1/Hhon-g06937.t1/Hhon-g03110.t1",5,"vesicle docking involved in exocytosis","BP"
"GO:0016410","GO:0016410","5/304","33/9332",0.151515151515152,4.65111642743222,3.85540174348598,0.00398107739326949,0.0276874930265577,0.0200334918106165,"Hhon-g03304.t1/Hhon-g05246.t1/Hhon-g11664.t1/Hhon-g10405.t1/Hhon-g09845.t1",5,"N-acyltransferase activity","MF"
"GO:0048645","GO:0048645","5/304","33/9332",0.151515151515152,4.65111642743222,3.85540174348598,0.00398107739326949,0.0276874930265577,0.0200334918106165,"Hhon-g03907.t1/Hhon-g09266.t1/Hhon-g11664.t1/Hhon-g04925.t1/Hhon-g01922.t1",5,"animal organ formation","BP"
"GO:1901505","GO:1901505","5/304","33/9332",0.151515151515152,4.65111642743222,3.85540174348598,0.00398107739326949,0.0276874930265577,0.0200334918106165,"Hhon-g06340.t1/Hhon-g06341.t1/Hhon-g06342.t1/Hhon-g09765.t1/Hhon-g09766.t1",5,"carbohydrate derivative transmembrane transporter activity","MF"
"GO:0032886","GO:0032886","12/304","152/9332",0.0789473684210526,2.42347645429363,3.24680235700738,0.00399143362376708,0.0277130976686972,0.0200520182401536,"Hhon-g01323.t1/Hhon-g01363.t1/Hhon-g05759.t1/Hhon-g07359.t1/Hhon-g02931.t1/Hhon-g09899.t1/Hhon-g07409.t1/Hhon-g01983.t1/Hhon-g05253.t1/Hhon-g01922.t1/Hhon-g06183.t1/Hhon-g00901.t1",12,"regulation of microtubule-based process","BP"
"GO:0034599","GO:0034599","11/304","133/9332",0.0827067669172932,2.53888009497428,3.27993626415554,0.00404416429972014,0.02786268487046,0.0201602531741945,"Hhon-g07625.t1/Hhon-g06571.t1/Hhon-g00226.t1/Hhon-g04016.t1/Hhon-g04000.t1/Hhon-g04001.t1/Hhon-g06017.t1/Hhon-g06018.t1/Hhon-g00092.t1/Hhon-g02469.t1/Hhon-g03688.t1",11,"cellular response to oxidative stress","BP"
"GO:0007623","GO:0007623","8/304","79/9332",0.10126582278481,3.10859427048634,3.45358697700348,0.00405324221140603,0.02786268487046,0.0201602531741945,"Hhon-g11170.t1/Hhon-g06571.t1/Hhon-g00226.t1/Hhon-g03531.t1/Hhon-g01523.t1/Hhon-g04459.t1/Hhon-g05897.t1/Hhon-g00092.t1",8,"circadian rhythm","BP"
"GO:0043679","GO:0043679","8/304","79/9332",0.10126582278481,3.10859427048634,3.45358697700348,0.00405324221140603,0.02786268487046,0.0201602531741945,"Hhon-g07625.t1/Hhon-g03364.t1/Hhon-g02357.t1/Hhon-g09076.t1/Hhon-g10981.t1/Hhon-g00658.t1/Hhon-g09428.t1/Hhon-g08386.t1",8,"axon terminus","CC"
"GO:0061387","GO:0061387","8/304","79/9332",0.10126582278481,3.10859427048634,3.45358697700348,0.00405324221140603,0.02786268487046,0.0201602531741945,"Hhon-g00684.t1/Hhon-g11170.t1/Hhon-g05322.t1/Hhon-g02425.t1/Hhon-g02931.t1/Hhon-g09899.t1/Hhon-g01922.t1/Hhon-g06667.t1",8,"regulation of extent of cell growth","BP"
"GO:0071559","GO:0071559","8/304","79/9332",0.10126582278481,3.10859427048634,3.45358697700348,0.00405324221140603,0.02786268487046,0.0201602531741945,"Hhon-g07787.t1/Hhon-g04000.t1/Hhon-g04001.t1/Hhon-g06017.t1/Hhon-g06018.t1/Hhon-g02931.t1/Hhon-g00092.t1/Hhon-g03329.t1",8,"response to transforming growth factor beta","BP"
"GO:1901800","GO:1901800","8/304","79/9332",0.10126582278481,3.10859427048634,3.45358697700348,0.00405324221140603,0.02786268487046,0.0201602531741945,"Hhon-g07437.t1/Hhon-g08170.t1/Hhon-g08474.t1/Hhon-g06571.t1/Hhon-g01523.t1/Hhon-g04374.t1/Hhon-g01922.t1/Hhon-g00901.t1",8,"positive regulation of proteasomal protein catabolic process","BP"
"GO:0033993","GO:0033993","24/304","412/9332",0.058252427184466,1.7881962187021,3.00265640925473,0.00411879808755171,0.0282665283628342,0.0204524571411441,"Hhon-g00684.t1/Hhon-g01603.t1/Hhon-g09981.t1/Hhon-g03907.t1/Hhon-g09380.t1/Hhon-g04801.t1/Hhon-g06571.t1/Hhon-g10573.t1/Hhon-g07787.t1/Hhon-g00226.t1/Hhon-g03531.t1/Hhon-g07578.t1/Hhon-g09024.t1/Hhon-g04000.t1/Hhon-g04001.t1/Hhon-g06017.t1/Hhon-g06018.t1/Hhon-g02931.t1/Hhon-g07433.t1/Hhon-g04459.t1/Hhon-g00658.t1/Hhon-g00092.t1/Hhon-g02469.t1/Hhon-g10909.t1",24,"response to lipid","BP"
"GO:0022904","GO:0022904","7/304","63/9332",0.111111111111111,3.41081871345029,3.52308806266814,0.004211131665111,0.0287190686373714,0.0207798960275474,"Hhon-g00226.t1/Hhon-g08502.t1/Hhon-g06340.t1/Hhon-g06341.t1/Hhon-g06342.t1/Hhon-g09765.t1/Hhon-g09766.t1",7,"respiratory electron transport chain","BP"
"GO:0050773","GO:0050773","9/304","97/9332",0.0927835051546392,2.84820944112859,3.3575594639094,0.00425293267939937,0.0287190686373714,0.0207798960275474,"Hhon-g03181.t1/Hhon-g06571.t1/Hhon-g05193.t1/Hhon-g02425.t1/Hhon-g00226.t1/Hhon-g02931.t1/Hhon-g03264.t1/Hhon-g06183.t1/Hhon-g03112.t1",9,"regulation of dendrite development","BP"
"GO:0001103","GO:0001103","4/304","21/9332",0.19047619047619,5.84711779448622,4.08037585865414,0.00426108956773181,0.0287190686373714,0.0207798960275474,"Hhon-g00226.t1/Hhon-g06894.t1/Hhon-g04016.t1/Hhon-g06564.t1",4,NA,NA
"GO:0014031","GO:0014031","4/304","21/9332",0.19047619047619,5.84711779448622,4.08037585865414,0.00426108956773181,0.0287190686373714,0.0207798960275474,"Hhon-g03907.t1/Hhon-g09266.t1/Hhon-g07787.t1/Hhon-g04500.t1",4,"mesenchymal cell development","BP"
"GO:0015179","GO:0015179","4/304","21/9332",0.19047619047619,5.84711779448622,4.08037585865414,0.00426108956773181,0.0287190686373714,0.0207798960275474,"Hhon-g02482.t1/Hhon-g02483.t1/Hhon-g04482.t1/Hhon-g06696.t1",4,"L-amino acid transmembrane transporter activity","MF"
"GO:0043516","GO:0043516","4/304","21/9332",0.19047619047619,5.84711779448622,4.08037585865414,0.00426108956773181,0.0287190686373714,0.0207798960275474,"Hhon-g04500.t1/Hhon-g04459.t1/Hhon-g08813.t1/Hhon-g00901.t1",4,"regulation of DNA damage response, signal transduction by p53 class mediator","BP"
"GO:0055038","GO:0055038","4/304","21/9332",0.19047619047619,5.84711779448622,4.08037585865414,0.00426108956773181,0.0287190686373714,0.0207798960275474,"Hhon-g03181.t1/Hhon-g05193.t1/Hhon-g00658.t1/Hhon-g03110.t1",4,"recycling endosome membrane","CC"
"GO:0071010","GO:0071010","4/304","21/9332",0.19047619047619,5.84711779448622,4.08037585865414,0.00426108956773181,0.0287190686373714,0.0207798960275474,"Hhon-g09314.t1/Hhon-g11385.t1/Hhon-g11388.t1/Hhon-g05775.t1",4,"prespliceosome","CC"
"GO:0072132","GO:0072132","4/304","21/9332",0.19047619047619,5.84711779448622,4.08037585865414,0.00426108956773181,0.0287190686373714,0.0207798960275474,"Hhon-g03907.t1/Hhon-g07787.t1/Hhon-g04500.t1/Hhon-g03264.t1",4,"mesenchyme morphogenesis","BP"
"GO:1902475","GO:1902475","4/304","21/9332",0.19047619047619,5.84711779448622,4.08037585865414,0.00426108956773181,0.0287190686373714,0.0207798960275474,"Hhon-g02482.t1/Hhon-g02483.t1/Hhon-g04482.t1/Hhon-g06696.t1",4,"L-alpha-amino acid transmembrane transport","BP"
"GO:2000758","GO:2000758","4/304","21/9332",0.19047619047619,5.84711779448622,4.08037585865414,0.00426108956773181,0.0287190686373714,0.0207798960275474,"Hhon-g03907.t1/Hhon-g00241.t1/Hhon-g11664.t1/Hhon-g04500.t1",4,"positive regulation of peptidyl-lysine acetylation","BP"
"GO:0007600","GO:0007600","15/304","214/9332",0.0700934579439252,2.15168470241023,3.12748908224314,0.00426774213614117,0.0287190686373714,0.0207798960275474,"Hhon-g03404.t1/Hhon-g11170.t1/Hhon-g09266.t1/Hhon-g04801.t1/Hhon-g10573.t1/Hhon-g08561.t1/Hhon-g05648.t1/Hhon-g05654.t1/Hhon-g04244.t1/Hhon-g04246.t1/Hhon-g08202.t1/Hhon-g04500.t1/Hhon-g07626.t1/Hhon-g05897.t1/Hhon-g06667.t1",15,"sensory perception","BP"
"GO:0032496","GO:0032496","11/304","134/9332",0.082089552238806,2.51993322859387,3.2518860386747,0.00428160855286176,0.0287657584328188,0.0208136787768139,"Hhon-g09981.t1/Hhon-g06571.t1/Hhon-g10573.t1/Hhon-g00226.t1/Hhon-g09024.t1/Hhon-g04000.t1/Hhon-g04001.t1/Hhon-g06017.t1/Hhon-g06018.t1/Hhon-g00092.t1/Hhon-g10909.t1",11,"response to lipopolysaccharide","BP"
"GO:0001763","GO:0001763","8/304","80/9332",0.1,3.06973684210526,3.41151608361349,0.00437958683457784,0.0293291040922051,0.0212212917247626,"Hhon-g09710.t1/Hhon-g09380.t1/Hhon-g03432.t1/Hhon-g07787.t1/Hhon-g04500.t1/Hhon-g02931.t1/Hhon-g08814.t1/Hhon-g07993.t1",8,"morphogenesis of a branching structure","BP"
"GO:0007596","GO:0007596","8/304","80/9332",0.1,3.06973684210526,3.41151608361349,0.00437958683457784,0.0293291040922051,0.0212212917247626,"Hhon-g00419.t1/Hhon-g03404.t1/Hhon-g09981.t1/Hhon-g03181.t1/Hhon-g04801.t1/Hhon-g10573.t1/Hhon-g00226.t1/Hhon-g02474.t1",8,"blood coagulation","BP"
"GO:0003724","GO:0003724","6/304","48/9332",0.125,3.83717105263158,3.6161270796014,0.00441125472935563,0.0293989239747746,0.0212718104208515,"Hhon-g03321.t1/Hhon-g08053.t1/Hhon-g04459.t1/Hhon-g09751.t1/Hhon-g03376.t1/Hhon-g06163.t1",6,"RNA helicase activity","MF"
"GO:0004004","GO:0004004","6/304","48/9332",0.125,3.83717105263158,3.6161270796014,0.00441125472935563,0.0293989239747746,0.0212718104208515,"Hhon-g03321.t1/Hhon-g08053.t1/Hhon-g04459.t1/Hhon-g09751.t1/Hhon-g03376.t1/Hhon-g06163.t1",6,NA,NA
"GO:1905477","GO:1905477","6/304","48/9332",0.125,3.83717105263158,3.6161270796014,0.00441125472935563,0.0293989239747746,0.0212718104208515,"Hhon-g03542.t1/Hhon-g06571.t1/Hhon-g10573.t1/Hhon-g05193.t1/Hhon-g02931.t1/Hhon-g07409.t1",6,"positive regulation of protein localization to membrane","BP"
"GO:0001501","GO:0001501","12/304","154/9332",0.0779220779220779,2.392002734108,3.19618223550682,0.00443466727071205,0.0295075937628148,0.0213504392554187,"Hhon-g00902.t1/Hhon-g00903.t1/Hhon-g00914.t1/Hhon-g09380.t1/Hhon-g09266.t1/Hhon-g04801.t1/Hhon-g00241.t1/Hhon-g07787.t1/Hhon-g10567.t1/Hhon-g04500.t1/Hhon-g03112.t1/Hhon-g11231.t1",12,"skeletal system development","BP"
"GO:0048736","GO:0048736","15/304","215/9332",0.0697674418604651,2.14167686658507,3.10771772672571,0.00445635963179194,0.0296044883059202,0.021420548023805,"Hhon-g04657.t1/Hhon-g11170.t1/Hhon-g09710.t1/Hhon-g05322.t1/Hhon-g09380.t1/Hhon-g00241.t1/Hhon-g07787.t1/Hhon-g00226.t1/Hhon-g01523.t1/Hhon-g02931.t1/Hhon-g04925.t1/Hhon-g01922.t1/Hhon-g08466.t1/Hhon-g03112.t1/Hhon-g11231.t1",15,"appendage development","BP"
"GO:1990778","GO:1990778","10/304","116/9332",0.0862068965517241,2.64632486388385,3.2739980026419,0.00448977627107996,0.0297206531292383,0.0215045999469745,"Hhon-g03542.t1/Hhon-g00124.t1/Hhon-g00305.t1/Hhon-g03181.t1/Hhon-g03432.t1/Hhon-g06571.t1/Hhon-g02425.t1/Hhon-g03112.t1/Hhon-g02688.t1/Hhon-g07418.t1",10,"protein localization to cell periphery","BP"
"GO:0002237","GO:0002237","11/304","135/9332",0.0814814814814815,2.50126705653021,3.22408777580254,0.00453002783049778,0.0297206531292383,0.0215045999469745,"Hhon-g09981.t1/Hhon-g06571.t1/Hhon-g10573.t1/Hhon-g00226.t1/Hhon-g09024.t1/Hhon-g04000.t1/Hhon-g04001.t1/Hhon-g06017.t1/Hhon-g06018.t1/Hhon-g00092.t1/Hhon-g10909.t1",11,"response to molecule of bacterial origin","BP"
"GO:0022843","GO:0022843","5/304","34/9332",0.147058823529412,4.51431888544892,3.76695962404749,0.00454542744148997,0.0297206531292383,0.0215045999469745,"Hhon-g03542.t1/Hhon-g07625.t1/Hhon-g05648.t1/Hhon-g05654.t1/Hhon-g01259.t1",5,"voltage-gated monoatomic cation channel activity","MF"
"GO:0030134","GO:0030134","5/304","34/9332",0.147058823529412,4.51431888544892,3.76695962404749,0.00454542744148997,0.0297206531292383,0.0215045999469745,"Hhon-g03112.t1/Hhon-g02688.t1/Hhon-g00877.t1/Hhon-g05970.t1/Hhon-g03110.t1",5,"COPII-coated ER to Golgi transport vesicle","CC"
"GO:0031109","GO:0031109","5/304","34/9332",0.147058823529412,4.51431888544892,3.76695962404749,0.00454542744148997,0.0297206531292383,0.0215045999469745,"Hhon-g01523.t1/Hhon-g09899.t1/Hhon-g01983.t1/Hhon-g05253.t1/Hhon-g11373.t1",5,"microtubule polymerization or depolymerization","BP"
"GO:0032024","GO:0032024","5/304","34/9332",0.147058823529412,4.51431888544892,3.76695962404749,0.00454542744148997,0.0297206531292383,0.0215045999469745,"Hhon-g03907.t1/Hhon-g10573.t1/Hhon-g00241.t1/Hhon-g04829.t1/Hhon-g08386.t1",5,"positive regulation of insulin secretion","BP"
"GO:0043967","GO:0043967","5/304","34/9332",0.147058823529412,4.51431888544892,3.76695962404749,0.00454542744148997,0.0297206531292383,0.0215045999469745,"Hhon-g03304.t1/Hhon-g11664.t1/Hhon-g06127.t1/Hhon-g08741.t1/Hhon-g05440.t1",5,NA,NA
"GO:0048278","GO:0048278","5/304","34/9332",0.147058823529412,4.51431888544892,3.76695962404749,0.00454542744148997,0.0297206531292383,0.0215045999469745,"Hhon-g03542.t1/Hhon-g00124.t1/Hhon-g00305.t1/Hhon-g06937.t1/Hhon-g03110.t1",5,"vesicle docking","BP"
"GO:1905809","GO:1905809","5/304","34/9332",0.147058823529412,4.51431888544892,3.76695962404749,0.00454542744148997,0.0297206531292383,0.0215045999469745,"Hhon-g06571.t1/Hhon-g05648.t1/Hhon-g05654.t1/Hhon-g03264.t1/Hhon-g00901.t1",5,"negative regulation of synapse organization","BP"
"GO:1990782","GO:1990782","5/304","34/9332",0.147058823529412,4.51431888544892,3.76695962404749,0.00454542744148997,0.0297206531292383,0.0215045999469745,"Hhon-g03869.t1/Hhon-g01922.t1/Hhon-g07993.t1/Hhon-g03329.t1/Hhon-g00422.t1",5,"protein tyrosine kinase binding","MF"
"GO:0030662","GO:0030662","7/304","64/9332",0.109375,3.35752467105263,3.47262855433317,0.00459972261536525,0.0299560995979771,0.0216749589931616,"Hhon-g02357.t1/Hhon-g05061.t1/Hhon-g03112.t1/Hhon-g02688.t1/Hhon-g09132.t1/Hhon-g05970.t1/Hhon-g03110.t1",7,"coated vesicle membrane","CC"
"GO:0050953","GO:0050953","7/304","64/9332",0.109375,3.35752467105263,3.47262855433317,0.00459972261536525,0.0299560995979771,0.0216749589931616,"Hhon-g11170.t1/Hhon-g04801.t1/Hhon-g08561.t1/Hhon-g05648.t1/Hhon-g05654.t1/Hhon-g08202.t1/Hhon-g06667.t1",7,"sensory perception of light stimulus","BP"
"GO:0035107","GO:0035107","14/304","195/9332",0.0717948717948718,2.20391363022942,3.11756800646526,0.00460308081491075,0.0299560995979771,0.0216749589931616,"Hhon-g04657.t1/Hhon-g11170.t1/Hhon-g09710.t1/Hhon-g05322.t1/Hhon-g09380.t1/Hhon-g00241.t1/Hhon-g07787.t1/Hhon-g00226.t1/Hhon-g01523.t1/Hhon-g02931.t1/Hhon-g04925.t1/Hhon-g01922.t1/Hhon-g08466.t1/Hhon-g03112.t1",14,"appendage morphogenesis","BP"
"GO:0045822","GO:0045822","3/304","11/9332",0.272727272727273,8.37200956937799,4.48906702934059,0.004649350119155,0.0300686942285538,0.0217564276767804,"Hhon-g04801.t1/Hhon-g09024.t1/Hhon-g08386.t1",3,"negative regulation of heart contraction","BP"
"GO:0070990","GO:0070990","3/304","11/9332",0.272727272727273,8.37200956937799,4.48906702934059,0.004649350119155,0.0300686942285538,0.0217564276767804,"Hhon-g09314.t1/Hhon-g11385.t1/Hhon-g11388.t1",3,"snRNP binding","MF"
"GO:0090568","GO:0090568","3/304","11/9332",0.272727272727273,8.37200956937799,4.48906702934059,0.004649350119155,0.0300686942285538,0.0217564276767804,"Hhon-g00226.t1/Hhon-g06894.t1/Hhon-g06163.t1",3,NA,NA
"GO:2000810","GO:2000810","3/304","11/9332",0.272727272727273,8.37200956937799,4.48906702934059,0.004649350119155,0.0300686942285538,0.0217564276767804,"Hhon-g10573.t1/Hhon-g04500.t1/Hhon-g06160.t1",3,"regulation of bicellular tight junction assembly","BP"
"GO:0050817","GO:0050817","8/304","81/9332",0.0987654320987654,3.03183885640026,3.37009809052348,0.0047257828375304,0.0304836128157105,0.0220566451110531,"Hhon-g00419.t1/Hhon-g03404.t1/Hhon-g09981.t1/Hhon-g03181.t1/Hhon-g04801.t1/Hhon-g10573.t1/Hhon-g00226.t1/Hhon-g02474.t1",8,"coagulation","BP"
"GO:0008380","GO:0008380","17/304","259/9332",0.0656370656370656,2.01488518593782,3.03946013175573,0.00472819042709961,0.0304836128157105,0.0220566451110531,"Hhon-g09110.t1/Hhon-g03321.t1/Hhon-g08053.t1/Hhon-g04459.t1/Hhon-g09751.t1/Hhon-g00665.t1/Hhon-g10239.t1/Hhon-g02712.t1/Hhon-g09314.t1/Hhon-g11385.t1/Hhon-g11388.t1/Hhon-g09253.t1/Hhon-g09255.t1/Hhon-g09257.t1/Hhon-g06163.t1/Hhon-g05775.t1/Hhon-g01491.t1",17,"RNA splicing","BP"
"GO:0007179","GO:0007179","6/304","49/9332",0.122448979591837,3.75886143931257,3.55294811342609,0.00489237587416227,0.031444496330529,0.0227518995353742,"Hhon-g04000.t1/Hhon-g04001.t1/Hhon-g06017.t1/Hhon-g06018.t1/Hhon-g00092.t1/Hhon-g03329.t1",6,"transforming growth factor beta receptor signaling pathway","BP"
"GO:0008186","GO:0008186","6/304","49/9332",0.122448979591837,3.75886143931257,3.55294811342609,0.00489237587416227,0.031444496330529,0.0227518995353742,"Hhon-g03321.t1/Hhon-g08053.t1/Hhon-g04459.t1/Hhon-g09751.t1/Hhon-g03376.t1/Hhon-g06163.t1",6,"ATP-dependent activity, acting on RNA","MF"
"GO:0017156","GO:0017156","7/304","65/9332",0.107692307692308,3.30587044534413,3.42315930901725,0.00501477173235433,0.0321813481186015,0.0232850541351001,"Hhon-g03364.t1/Hhon-g05981.t1/Hhon-g07037.t1/Hhon-g10573.t1/Hhon-g06937.t1/Hhon-g07281.t1/Hhon-g00658.t1",7,"calcium-ion regulated exocytosis","BP"
"GO:0006305","GO:0006305","4/304","22/9332",0.181818181818182,5.58133971291866,3.94760879395707,0.00507642977141762,0.0321833856248048,0.0232865283878899,"Hhon-g04000.t1/Hhon-g04001.t1/Hhon-g06017.t1/Hhon-g06018.t1",4,NA,NA
"GO:0006306","GO:0006306","4/304","22/9332",0.181818181818182,5.58133971291866,3.94760879395707,0.00507642977141762,0.0321833856248048,0.0232865283878899,"Hhon-g04000.t1/Hhon-g04001.t1/Hhon-g06017.t1/Hhon-g06018.t1",4,NA,NA
"GO:0015807","GO:0015807","4/304","22/9332",0.181818181818182,5.58133971291866,3.94760879395707,0.00507642977141762,0.0321833856248048,0.0232865283878899,"Hhon-g02482.t1/Hhon-g02483.t1/Hhon-g04482.t1/Hhon-g06696.t1",4,"L-amino acid transport","BP"
"GO:0047496","GO:0047496","4/304","22/9332",0.181818181818182,5.58133971291866,3.94760879395707,0.00507642977141762,0.0321833856248048,0.0232865283878899,"Hhon-g01323.t1/Hhon-g01363.t1/Hhon-g08771.t1/Hhon-g02474.t1",4,"vesicle transport along microtubule","BP"
"GO:0071364","GO:0071364","4/304","22/9332",0.181818181818182,5.58133971291866,3.94760879395707,0.00507642977141762,0.0321833856248048,0.0232865283878899,"Hhon-g06571.t1/Hhon-g07787.t1/Hhon-g04500.t1/Hhon-g07993.t1",4,"cellular response to epidermal growth factor stimulus","BP"
"GO:0090306","GO:0090306","4/304","22/9332",0.181818181818182,5.58133971291866,3.94760879395707,0.00507642977141762,0.0321833856248048,0.0232865283878899,"Hhon-g01323.t1/Hhon-g01363.t1/Hhon-g01983.t1/Hhon-g05253.t1",4,"meiotic spindle assembly","BP"
"GO:0007599","GO:0007599","8/304","82/9332",0.0975609756097561,2.99486521181001,3.32931377701238,0.0050926022050811,0.0321833856248048,0.0232865283878899,"Hhon-g00419.t1/Hhon-g03404.t1/Hhon-g09981.t1/Hhon-g03181.t1/Hhon-g04801.t1/Hhon-g10573.t1/Hhon-g00226.t1/Hhon-g02474.t1",8,"hemostasis","BP"
"GO:0034614","GO:0034614","8/304","82/9332",0.0975609756097561,2.99486521181001,3.32931377701238,0.0050926022050811,0.0321833856248048,0.0232865283878899,"Hhon-g07625.t1/Hhon-g06571.t1/Hhon-g00226.t1/Hhon-g04000.t1/Hhon-g04001.t1/Hhon-g06017.t1/Hhon-g06018.t1/Hhon-g00092.t1",8,"cellular response to reactive oxygen species","BP"
"GO:0042393","GO:0042393","8/304","82/9332",0.0975609756097561,2.99486521181001,3.32931377701238,0.0050926022050811,0.0321833856248048,0.0232865283878899,"Hhon-g04801.t1/Hhon-g00195.t1/Hhon-g03304.t1/Hhon-g00590.t1/Hhon-g06127.t1/Hhon-g08741.t1/Hhon-g00521.t1/Hhon-g03381.t1",8,"histone binding","MF"
"GO:0098984","GO:0098984","8/304","82/9332",0.0975609756097561,2.99486521181001,3.32931377701238,0.0050926022050811,0.0321833856248048,0.0232865283878899,"Hhon-g04801.t1/Hhon-g02425.t1/Hhon-g02931.t1/Hhon-g02357.t1/Hhon-g09899.t1/Hhon-g01922.t1/Hhon-g05897.t1/Hhon-g05823.t1",8,"neuron to neuron synapse","CC"
"GO:0007478","GO:0007478","5/304","35/9332",0.142857142857143,4.38533834586466,3.68188143006409,0.00516445636116381,0.0324399739962968,0.0234721848152903,"Hhon-g05322.t1/Hhon-g09380.t1/Hhon-g02931.t1/Hhon-g04925.t1/Hhon-g01922.t1",5,"leg disc morphogenesis","BP"
"GO:0007480","GO:0007480","5/304","35/9332",0.142857142857143,4.38533834586466,3.68188143006409,0.00516445636116381,0.0324399739962968,0.0234721848152903,"Hhon-g05322.t1/Hhon-g09380.t1/Hhon-g02931.t1/Hhon-g04925.t1/Hhon-g01922.t1",5,"imaginal disc-derived leg morphogenesis","BP"
"GO:0032526","GO:0032526","5/304","35/9332",0.142857142857143,4.38533834586466,3.68188143006409,0.00516445636116381,0.0324399739962968,0.0234721848152903,"Hhon-g00684.t1/Hhon-g01603.t1/Hhon-g09380.t1/Hhon-g07787.t1/Hhon-g00658.t1",5,"response to retinoic acid","BP"
"GO:0043525","GO:0043525","5/304","35/9332",0.142857142857143,4.38533834586466,3.68188143006409,0.00516445636116381,0.0324399739962968,0.0234721848152903,"Hhon-g00684.t1/Hhon-g01324.t1/Hhon-g03531.t1/Hhon-g02931.t1/Hhon-g00092.t1",5,"positive regulation of neuron apoptotic process","BP"
"GO:0044057","GO:0044057","17/304","262/9332",0.0648854961832061,1.99181398151868,2.98801201625228,0.00530141801794097,0.0332499812847294,0.0240582716222031,"Hhon-g03542.t1/Hhon-g07625.t1/Hhon-g00902.t1/Hhon-g00903.t1/Hhon-g00914.t1/Hhon-g03907.t1/Hhon-g04801.t1/Hhon-g06571.t1/Hhon-g01523.t1/Hhon-g09024.t1/Hhon-g02931.t1/Hhon-g02357.t1/Hhon-g01922.t1/Hhon-g08787.t1/Hhon-g00092.t1/Hhon-g08386.t1/Hhon-g01642.t1",17,"regulation of system process","BP"
"GO:0045814","GO:0045814","6/304","50/9332",0.12,3.68368421052632,3.49140912358828,0.00541096998269474,0.0338858934662874,0.0245183906177833,"Hhon-g09981.t1/Hhon-g09473.t1/Hhon-g00226.t1/Hhon-g03531.t1/Hhon-g00521.t1/Hhon-g07320.t1",6,"negative regulation of gene expression, epigenetic","BP"
"GO:0001667","GO:0001667","12/304","158/9332",0.0759493670886076,2.33144570286476,3.09726059506162,0.00543932186758162,0.0339206869738007,0.0245435657193052,"Hhon-g01603.t1/Hhon-g09710.t1/Hhon-g03907.t1/Hhon-g09266.t1/Hhon-g06571.t1/Hhon-g07787.t1/Hhon-g04500.t1/Hhon-g02425.t1/Hhon-g04016.t1/Hhon-g03264.t1/Hhon-g01922.t1/Hhon-g05967.t1",12,"ameboidal-type cell migration","BP"
"GO:0022618","GO:0022618","12/304","158/9332",0.0759493670886076,2.33144570286476,3.09726059506162,0.00543932186758162,0.0339206869738007,0.0245435657193052,"Hhon-g03321.t1/Hhon-g00606.t1/Hhon-g09314.t1/Hhon-g11385.t1/Hhon-g11388.t1/Hhon-g09253.t1/Hhon-g09255.t1/Hhon-g09257.t1/Hhon-g09405.t1/Hhon-g03354.t1/Hhon-g06163.t1/Hhon-g06173.t1",12,"protein-RNA complex assembly","BP"
"GO:0035257","GO:0035257","7/304","66/9332",0.106060606060606,3.25578149920255,3.37464397587722,0.00545737449385812,0.0339206869738007,0.0245435657193052,"Hhon-g01603.t1/Hhon-g03907.t1/Hhon-g04801.t1/Hhon-g04459.t1/Hhon-g07501.t1/Hhon-g08813.t1/Hhon-g02469.t1",7,NA,NA
"GO:0046620","GO:0046620","7/304","66/9332",0.106060606060606,3.25578149920255,3.37464397587722,0.00545737449385812,0.0339206869738007,0.0245435657193052,"Hhon-g01603.t1/Hhon-g06571.t1/Hhon-g10567.t1/Hhon-g00226.t1/Hhon-g02931.t1/Hhon-g04925.t1/Hhon-g00352.t1",7,"regulation of organ growth","BP"
"GO:1903708","GO:1903708","7/304","66/9332",0.106060606060606,3.25578149920255,3.37464397587722,0.00545737449385812,0.0339206869738007,0.0245435657193052,"Hhon-g04801.t1/Hhon-g04000.t1/Hhon-g04001.t1/Hhon-g06017.t1/Hhon-g06018.t1/Hhon-g06160.t1/Hhon-g00092.t1",7,"positive regulation of hemopoiesis","BP"
"GO:0002831","GO:0002831","8/304","83/9332",0.0963855421686747,2.95878249841471,3.28914472155593,0.00548082425999713,0.0339647497425494,0.0245754476638363,"Hhon-g00684.t1/Hhon-g04801.t1/Hhon-g04016.t1/Hhon-g09672.t1/Hhon-g04459.t1/Hhon-g08787.t1/Hhon-g00092.t1/Hhon-g07418.t1",8,"regulation of response to biotic stimulus","BP"
"GO:0018105","GO:0018105","8/304","83/9332",0.0963855421686747,2.95878249841471,3.28914472155593,0.00548082425999713,0.0339647497425494,0.0245754476638363,"Hhon-g03432.t1/Hhon-g04801.t1/Hhon-g06571.t1/Hhon-g10573.t1/Hhon-g01523.t1/Hhon-g04374.t1/Hhon-g05759.t1/Hhon-g02931.t1",8,"peptidyl-serine phosphorylation","BP"
"GO:0031347","GO:0031347","15/304","220/9332",0.0681818181818182,2.0930023923445,3.01044508001268,0.00550411298637345,0.0340582371377386,0.0246430911649695,"Hhon-g03907.t1/Hhon-g04801.t1/Hhon-g10573.t1/Hhon-g05193.t1/Hhon-g04016.t1/Hhon-g09024.t1/Hhon-g09672.t1/Hhon-g02931.t1/Hhon-g04459.t1/Hhon-g04888.t1/Hhon-g08787.t1/Hhon-g10909.t1/Hhon-g07418.t1/Hhon-g03390.t1/Hhon-g03387.t1",15,"regulation of defense response","BP"
"GO:0034097","GO:0034097","19/304","308/9332",0.0616883116883117,1.89366883116883,2.92656070750478,0.00566236361858107,0.0349853180719473,0.0253138874803107,"Hhon-g09060.t1/Hhon-g04801.t1/Hhon-g06571.t1/Hhon-g07787.t1/Hhon-g05246.t1/Hhon-g09473.t1/Hhon-g00226.t1/Hhon-g04000.t1/Hhon-g04001.t1/Hhon-g06017.t1/Hhon-g06018.t1/Hhon-g02931.t1/Hhon-g07409.t1/Hhon-g04888.t1/Hhon-g08787.t1/Hhon-g09428.t1/Hhon-g00092.t1/Hhon-g00901.t1/Hhon-g03329.t1",19,"response to cytokine","BP"
"GO:0043523","GO:0043523","10/304","120/9332",0.0833333333333333,2.55811403508772,3.1522308082895,0.00570260150954776,0.0351815772178935,0.0254558922472031,"Hhon-g03542.t1/Hhon-g00684.t1/Hhon-g03907.t1/Hhon-g04801.t1/Hhon-g01324.t1/Hhon-g00226.t1/Hhon-g03531.t1/Hhon-g02931.t1/Hhon-g00092.t1/Hhon-g07993.t1",10,"regulation of neuron apoptotic process","BP"
"GO:0033143","GO:0033143","5/304","36/9332",0.138888888888889,4.26352339181286,3.59993810697884,0.00584088260227831,0.0359812233897026,0.0260344821910078,"Hhon-g03907.t1/Hhon-g00226.t1/Hhon-g02931.t1/Hhon-g04459.t1/Hhon-g06160.t1",5,"regulation of intracellular steroid hormone receptor signaling pathway","BP"
"GO:0019882","GO:0019882","7/304","67/9332",0.104477611940299,3.20718774548311,3.32704808046061,0.00592863227334444,0.0364137295842102,0.0263474252695812,"Hhon-g00124.t1/Hhon-g02357.t1/Hhon-g01983.t1/Hhon-g05253.t1/Hhon-g06183.t1/Hhon-g03112.t1/Hhon-g05970.t1",7,"antigen processing and presentation","BP"
"GO:0030833","GO:0030833","7/304","67/9332",0.104477611940299,3.20718774548311,3.32704808046061,0.00592863227334444,0.0364137295842102,0.0263474252695812,"Hhon-g10573.t1/Hhon-g05193.t1/Hhon-g02425.t1/Hhon-g01523.t1/Hhon-g05759.t1/Hhon-g02931.t1/Hhon-g05967.t1",7,"regulation of actin filament polymerization","BP"
"GO:0008283","GO:0008283","21/304","355/9332",0.0591549295774648,1.81590066716086,2.87601378614927,0.00598460674585141,0.036517352951123,0.0264224027285531,"Hhon-g00124.t1/Hhon-g00684.t1/Hhon-g01603.t1/Hhon-g09710.t1/Hhon-g09380.t1/Hhon-g09266.t1/Hhon-g03432.t1/Hhon-g06571.t1/Hhon-g00241.t1/Hhon-g07787.t1/Hhon-g01324.t1/Hhon-g04500.t1/Hhon-g02425.t1/Hhon-g08053.t1/Hhon-g01922.t1/Hhon-g08787.t1/Hhon-g08466.t1/Hhon-g02712.t1/Hhon-g02727.t1/Hhon-g03110.t1/Hhon-g07993.t1",21,"cell population proliferation","BP"
"GO:0001649","GO:0001649","4/304","23/9332",0.173913043478261,5.33867276887872,3.82273691310916,0.00599008647996305,0.036517352951123,0.0264224027285531,"Hhon-g06571.t1/Hhon-g07787.t1/Hhon-g04500.t1/Hhon-g06160.t1",4,"osteoblast differentiation","BP"
"GO:0012507","GO:0012507","4/304","23/9332",0.173913043478261,5.33867276887872,3.82273691310916,0.00599008647996305,0.036517352951123,0.0264224027285531,"Hhon-g03112.t1/Hhon-g02688.t1/Hhon-g05970.t1/Hhon-g03110.t1",4,"ER to Golgi transport vesicle membrane","CC"
"GO:0007155","GO:0007155","12/304","160/9332",0.075,2.30230263157895,3.04891275923292,0.00600545274509512,0.036517352951123,0.0264224027285531,"Hhon-g04657.t1/Hhon-g03181.t1/Hhon-g07787.t1/Hhon-g05193.t1/Hhon-g08202.t1/Hhon-g02931.t1/Hhon-g04039.t1/Hhon-g07409.t1/Hhon-g03264.t1/Hhon-g05967.t1/Hhon-g07418.t1/Hhon-g02474.t1",12,"cell adhesion","BP"
"GO:0019221","GO:0019221","10/304","121/9332",0.0826446280991736,2.53697259678121,3.12255811340636,0.00604247804763659,0.036517352951123,0.0264224027285531,"Hhon-g06571.t1/Hhon-g04000.t1/Hhon-g04001.t1/Hhon-g06017.t1/Hhon-g06018.t1/Hhon-g02931.t1/Hhon-g07409.t1/Hhon-g04888.t1/Hhon-g09428.t1/Hhon-g00901.t1",10,"cytokine-mediated signaling pathway","BP"
"GO:0001755","GO:0001755","3/304","12/9332",0.25,7.67434210526316,4.24518129110374,0.00605104499768126,0.036517352951123,0.0264224027285531,"Hhon-g03907.t1/Hhon-g09266.t1/Hhon-g07787.t1",3,"neural crest cell migration","BP"
"GO:0008569","GO:0008569","3/304","12/9332",0.25,7.67434210526316,4.24518129110374,0.00605104499768126,0.036517352951123,0.0264224027285531,"Hhon-g01323.t1/Hhon-g01363.t1/Hhon-g08202.t1",3,"minus-end-directed microtubule motor activity","MF"
"GO:0008574","GO:0008574","3/304","12/9332",0.25,7.67434210526316,4.24518129110374,0.00605104499768126,0.036517352951123,0.0264224027285531,"Hhon-g01983.t1/Hhon-g05253.t1/Hhon-g11373.t1",3,"plus-end-directed microtubule motor activity","MF"
"GO:0015929","GO:0015929","3/304","12/9332",0.25,7.67434210526316,4.24518129110374,0.00605104499768126,0.036517352951123,0.0264224027285531,"Hhon-g09165.t1/Hhon-g09222.t1/Hhon-g09223.t1",3,"hexosaminidase activity","MF"
"GO:0016922","GO:0016922","3/304","12/9332",0.25,7.67434210526316,4.24518129110374,0.00605104499768126,0.036517352951123,0.0264224027285531,"Hhon-g01603.t1/Hhon-g03907.t1/Hhon-g08813.t1",3,"nuclear receptor binding","MF"
"GO:0045196","GO:0045196","3/304","12/9332",0.25,7.67434210526316,4.24518129110374,0.00605104499768126,0.036517352951123,0.0264224027285531,"Hhon-g00124.t1/Hhon-g03432.t1/Hhon-g01324.t1",3,"establishment or maintenance of neuroblast polarity","BP"
"GO:0060049","GO:0060049","3/304","12/9332",0.25,7.67434210526316,4.24518129110374,0.00605104499768126,0.036517352951123,0.0264224027285531,"Hhon-g09165.t1/Hhon-g09222.t1/Hhon-g09223.t1",3,"regulation of protein glycosylation","BP"
"GO:0070647","GO:0070647","23/304","402/9332",0.0572139303482587,1.75631709871694,2.8444370533913,0.00611899037020844,0.0368737997345507,0.0266803124537085,"Hhon-g07437.t1/Hhon-g08170.t1/Hhon-g08474.t1/Hhon-g02107.t1/Hhon-g04393.t1/Hhon-g06571.t1/Hhon-g05251.t1/Hhon-g06705.t1/Hhon-g09473.t1/Hhon-g07281.t1/Hhon-g00090.t1/Hhon-g08813.t1/Hhon-g06160.t1/Hhon-g02772.t1/Hhon-g00901.t1/Hhon-g00458.t1/Hhon-g09253.t1/Hhon-g09255.t1/Hhon-g09257.t1/Hhon-g02727.t1/Hhon-g07320.t1/Hhon-g03390.t1/Hhon-g09888.t1",23,"protein modification by small protein conjugation or removal","BP"
"GO:0007346","GO:0007346","22/304","379/9332",0.0580474934036939,1.78190529093182,2.85163919894024,0.00616518231603583,0.037098314458233,0.0268427617543345,"Hhon-g00684.t1/Hhon-g00902.t1/Hhon-g00903.t1/Hhon-g00914.t1/Hhon-g09981.t1/Hhon-g04801.t1/Hhon-g06571.t1/Hhon-g00241.t1/Hhon-g10567.t1/Hhon-g01323.t1/Hhon-g01324.t1/Hhon-g01363.t1/Hhon-g03531.t1/Hhon-g01523.t1/Hhon-g05759.t1/Hhon-g04016.t1/Hhon-g02931.t1/Hhon-g09899.t1/Hhon-g01922.t1/Hhon-g06183.t1/Hhon-g10239.t1/Hhon-g00901.t1",22,"regulation of mitotic cell cycle","BP"
"GO:0022610","GO:0022610","12/304","161/9332",0.0745341614906832,2.28800261523374,3.02500744218203,0.00630552677135683,0.0378439750955644,0.0273822900625547,"Hhon-g04657.t1/Hhon-g03181.t1/Hhon-g07787.t1/Hhon-g05193.t1/Hhon-g08202.t1/Hhon-g02931.t1/Hhon-g04039.t1/Hhon-g07409.t1/Hhon-g03264.t1/Hhon-g05967.t1/Hhon-g07418.t1/Hhon-g02474.t1",12,NA,NA
"GO:0090257","GO:0090257","9/304","103/9332",0.087378640776699,2.68229432805314,3.15027438069824,0.00630732918259407,0.0378439750955644,0.0273822900625547,"Hhon-g03542.t1/Hhon-g00902.t1/Hhon-g00903.t1/Hhon-g00914.t1/Hhon-g04801.t1/Hhon-g09024.t1/Hhon-g02931.t1/Hhon-g08787.t1/Hhon-g08386.t1",9,"regulation of muscle system process","BP"
"GO:0010977","GO:0010977","8/304","85/9332",0.0941176470588235,2.88916408668731,3.21058244225418,0.00632462523874833,0.0378929927724142,0.0274177571677493,"Hhon-g09317.t1/Hhon-g05193.t1/Hhon-g00226.t1/Hhon-g09899.t1/Hhon-g07409.t1/Hhon-g08835.t1/Hhon-g08836.t1/Hhon-g06667.t1",8,"negative regulation of neuron projection development","BP"
"GO:0021700","GO:0021700","16/304","245/9332",0.0653061224489796,2.0047261009667,2.92432457588249,0.00634424861201813,0.0379557928488462,0.0274631966308202,"Hhon-g00684.t1/Hhon-g01603.t1/Hhon-g11170.t1/Hhon-g09710.t1/Hhon-g03432.t1/Hhon-g07787.t1/Hhon-g04244.t1/Hhon-g04246.t1/Hhon-g09899.t1/Hhon-g04925.t1/Hhon-g00665.t1/Hhon-g09428.t1/Hhon-g06160.t1/Hhon-g07162.t1/Hhon-g07164.t1/Hhon-g00901.t1",16,"developmental maturation","BP"
"GO:0022857","GO:0022857","22/304","380/9332",0.0578947368421053,1.77721606648199,2.83843296863907,0.00635425240054451,0.0379609438374975,0.0274669236670262,"Hhon-g03542.t1/Hhon-g07625.t1/Hhon-g00543.t1/Hhon-g00544.t1/Hhon-g05648.t1/Hhon-g05654.t1/Hhon-g01259.t1/Hhon-g02482.t1/Hhon-g02483.t1/Hhon-g04482.t1/Hhon-g07130.t1/Hhon-g07132.t1/Hhon-g07133.t1/Hhon-g11482.t1/Hhon-g09899.t1/Hhon-g06340.t1/Hhon-g06341.t1/Hhon-g06342.t1/Hhon-g09765.t1/Hhon-g09766.t1/Hhon-g06696.t1/Hhon-g11231.t1",22,"transmembrane transporter activity","MF"
"GO:0048638","GO:0048638","21/304","357/9332",0.0588235294117647,1.80572755417957,2.84846053401278,0.00637143368026044,0.0380088974718985,0.0275016208763813,"Hhon-g00684.t1/Hhon-g01603.t1/Hhon-g11170.t1/Hhon-g09710.t1/Hhon-g05322.t1/Hhon-g06571.t1/Hhon-g05648.t1/Hhon-g05654.t1/Hhon-g10567.t1/Hhon-g02425.t1/Hhon-g00226.t1/Hhon-g03531.t1/Hhon-g02931.t1/Hhon-g09899.t1/Hhon-g04925.t1/Hhon-g01922.t1/Hhon-g06667.t1/Hhon-g07162.t1/Hhon-g07164.t1/Hhon-g00901.t1/Hhon-g00352.t1",21,"regulation of developmental growth","BP"
"GO:0060359","GO:0060359","7/304","68/9332",0.102941176470588,3.16002321981424,3.28033890116798,0.00642965067390187,0.0383011615466866,0.0277130907246333,"Hhon-g07625.t1/Hhon-g04801.t1/Hhon-g10573.t1/Hhon-g01324.t1/Hhon-g02425.t1/Hhon-g01523.t1/Hhon-g05897.t1",7,"response to ammonium ion","BP"
"GO:0003407","GO:0003407","5/304","37/9332",0.135135135135135,4.14829302987198,3.52092216247719,0.00657738569529904,0.0391250793794865,0.0283092426095362,"Hhon-g09437.t1/Hhon-g09380.t1/Hhon-g07787.t1/Hhon-g04039.t1/Hhon-g00976.t1",5,"neural retina development","BP"
"GO:0005874","GO:0005874","9/304","104/9332",0.0865384615384615,2.65650303643725,3.11716810836442,0.00671335732571389,0.0398767662608928,0.0288531312515435,"Hhon-g01323.t1/Hhon-g01363.t1/Hhon-g03531.t1/Hhon-g01523.t1/Hhon-g09899.t1/Hhon-g01983.t1/Hhon-g05253.t1/Hhon-g06183.t1/Hhon-g01891.t1",9,"microtubule","CC"
"GO:1903050","GO:1903050","10/304","123/9332",0.0813008130081301,2.49572100984168,3.06409357816983,0.00676947472518507,0.0401111097776827,0.0290226922486326,"Hhon-g07437.t1/Hhon-g08170.t1/Hhon-g08474.t1/Hhon-g04801.t1/Hhon-g06571.t1/Hhon-g01523.t1/Hhon-g04374.t1/Hhon-g07281.t1/Hhon-g01922.t1/Hhon-g00901.t1",10,"regulation of proteolysis involved in protein catabolic process","BP"
"GO:0009581","GO:0009581","8/304","86/9332",0.0930232558139535,2.85556915544676,3.1721560020785,0.00678179168206485,0.0401111097776827,0.0290226922486326,"Hhon-g03404.t1/Hhon-g11170.t1/Hhon-g04801.t1/Hhon-g05648.t1/Hhon-g05654.t1/Hhon-g01193.t1/Hhon-g00976.t1/Hhon-g06667.t1",8,"detection of external stimulus","BP"
"GO:0044306","GO:0044306","8/304","86/9332",0.0930232558139535,2.85556915544676,3.1721560020785,0.00678179168206485,0.0401111097776827,0.0290226922486326,"Hhon-g07625.t1/Hhon-g03364.t1/Hhon-g02357.t1/Hhon-g09076.t1/Hhon-g10981.t1/Hhon-g00658.t1/Hhon-g09428.t1/Hhon-g08386.t1",8,"neuron projection terminus","CC"
"GO:0015980","GO:0015980","11/304","143/9332",0.0769230769230769,2.36133603238866,3.010262330698,0.00695554058174385,0.0410802339906123,0.0297239092914531,"Hhon-g06571.t1/Hhon-g00226.t1/Hhon-g08502.t1/Hhon-g06340.t1/Hhon-g06341.t1/Hhon-g06342.t1/Hhon-g09765.t1/Hhon-g09766.t1/Hhon-g09165.t1/Hhon-g09222.t1/Hhon-g09223.t1",11,"energy derivation by oxidation of organic compounds","BP"
"GO:0032570","GO:0032570","4/304","24/9332",0.166666666666667,5.11622807017544,3.70494678783226,0.00700693074684228,0.0412078986698147,0.0298162820210047,"Hhon-g04000.t1/Hhon-g04001.t1/Hhon-g06017.t1/Hhon-g06018.t1",4,"response to progesterone","BP"
"GO:0045843","GO:0045843","4/304","24/9332",0.166666666666667,5.11622807017544,3.70494678783226,0.00700693074684228,0.0412078986698147,0.0298162820210047,"Hhon-g10567.t1/Hhon-g00226.t1/Hhon-g03531.t1/Hhon-g02931.t1",4,"negative regulation of striated muscle tissue development","BP"
"GO:1901985","GO:1901985","4/304","24/9332",0.166666666666667,5.11622807017544,3.70494678783226,0.00700693074684228,0.0412078986698147,0.0298162820210047,"Hhon-g03907.t1/Hhon-g00241.t1/Hhon-g11664.t1/Hhon-g04500.t1",4,"positive regulation of protein acetylation","BP"
"GO:0032273","GO:0032273","6/304","53/9332",0.113207547169811,3.47517378351539,3.31587503655777,0.00720805866565333,0.0422709881070518,0.0305854883017761,"Hhon-g10573.t1/Hhon-g05193.t1/Hhon-g02425.t1/Hhon-g01523.t1/Hhon-g02931.t1/Hhon-g05967.t1",6,"positive regulation of protein polymerization","BP"
"GO:0050921","GO:0050921","6/304","53/9332",0.113207547169811,3.47517378351539,3.31587503655777,0.00720805866565333,0.0422709881070518,0.0305854883017761,"Hhon-g11170.t1/Hhon-g04801.t1/Hhon-g06571.t1/Hhon-g10573.t1/Hhon-g04500.t1/Hhon-g01922.t1",6,"positive regulation of chemotaxis","BP"
"GO:0001700","GO:0001700","8/304","87/9332",0.0919540229885057,2.8227465214761,3.13427831514101,0.00726353405909105,0.042416587079249,0.0306908375226084,"Hhon-g09710.t1/Hhon-g10494.t1/Hhon-g03907.t1/Hhon-g01324.t1/Hhon-g02931.t1/Hhon-g01922.t1/Hhon-g00092.t1/Hhon-g10405.t1",8,"embryonic development via the syncytial blastoderm","BP"
"GO:0010632","GO:0010632","8/304","87/9332",0.0919540229885057,2.8227465214761,3.13427831514101,0.00726353405909105,0.042416587079249,0.0306908375226084,"Hhon-g04801.t1/Hhon-g06571.t1/Hhon-g10573.t1/Hhon-g07787.t1/Hhon-g04500.t1/Hhon-g04016.t1/Hhon-g07409.t1/Hhon-g00092.t1",8,"regulation of epithelial cell migration","BP"
"GO:0031023","GO:0031023","8/304","87/9332",0.0919540229885057,2.8227465214761,3.13427831514101,0.00726353405909105,0.042416587079249,0.0306908375226084,"Hhon-g01323.t1/Hhon-g01324.t1/Hhon-g01363.t1/Hhon-g01983.t1/Hhon-g05253.t1/Hhon-g01922.t1/Hhon-g00901.t1/Hhon-g07207.t1",8,"microtubule organizing center organization","BP"
"GO:0002168","GO:0002168","5/304","38/9332",0.131578947368421,4.03912742382271,3.44464511267854,0.00737659846044853,0.0428958498708435,0.0310376116852721,"Hhon-g09710.t1/Hhon-g05242.t1/Hhon-g08174.t1/Hhon-g03112.t1/Hhon-g01891.t1",5,"instar larval development","BP"
"GO:0032587","GO:0032587","5/304","38/9332",0.131578947368421,4.03912742382271,3.44464511267854,0.00737659846044853,0.0428958498708435,0.0310376116852721,"Hhon-g06571.t1/Hhon-g05193.t1/Hhon-g09899.t1/Hhon-g07409.t1/Hhon-g03387.t1",5,"ruffle membrane","CC"
"GO:0042472","GO:0042472","5/304","38/9332",0.131578947368421,4.03912742382271,3.44464511267854,0.00737659846044853,0.0428958498708435,0.0310376116852721,"Hhon-g00902.t1/Hhon-g00903.t1/Hhon-g00914.t1/Hhon-g07787.t1/Hhon-g01922.t1",5,"inner ear morphogenesis","BP"
"GO:0001738","GO:0001738","7/304","70/9332",0.1,3.06973684210526,3.18945789547716,0.00752540284939731,0.0435780650358405,0.031531233549409,"Hhon-g00124.t1/Hhon-g10494.t1/Hhon-g03432.t1/Hhon-g01523.t1/Hhon-g05759.t1/Hhon-g01922.t1/Hhon-g00092.t1",7,"morphogenesis of a polarized epithelium","BP"
"GO:0008064","GO:0008064","7/304","70/9332",0.1,3.06973684210526,3.18945789547716,0.00752540284939731,0.0435780650358405,0.031531233549409,"Hhon-g10573.t1/Hhon-g05193.t1/Hhon-g02425.t1/Hhon-g01523.t1/Hhon-g05759.t1/Hhon-g02931.t1/Hhon-g05967.t1",7,"regulation of actin polymerization or depolymerization","BP"
"GO:0051427","GO:0051427","7/304","70/9332",0.1,3.06973684210526,3.18945789547716,0.00752540284939731,0.0435780650358405,0.031531233549409,"Hhon-g01603.t1/Hhon-g03907.t1/Hhon-g04801.t1/Hhon-g04459.t1/Hhon-g07501.t1/Hhon-g08813.t1/Hhon-g02469.t1",7,"hormone receptor binding","MF"
"GO:0043414","GO:0043414","10/304","125/9332",0.08,2.45578947368421,3.00676593347261,0.00756260942107043,0.0436717028042899,0.0315989858542347,"Hhon-g00226.t1/Hhon-g07460.t1/Hhon-g04000.t1/Hhon-g04001.t1/Hhon-g06017.t1/Hhon-g06018.t1/Hhon-g09426.t1/Hhon-g11491.t1/Hhon-g01642.t1/Hhon-g03381.t1",10,"macromolecule methylation","BP"
"GO:0045732","GO:0045732","10/304","125/9332",0.08,2.45578947368421,3.00676593347261,0.00756260942107043,0.0436717028042899,0.0315989858542347,"Hhon-g07437.t1/Hhon-g08170.t1/Hhon-g08474.t1/Hhon-g06571.t1/Hhon-g07787.t1/Hhon-g01523.t1/Hhon-g04374.t1/Hhon-g07281.t1/Hhon-g01922.t1/Hhon-g00901.t1",10,"positive regulation of protein catabolic process","BP"
"GO:0051384","GO:0051384","9/304","106/9332",0.0849056603773585,2.60638033763654,3.05210660318477,0.00758534336507083,0.0437421467385751,0.0316499560875909,"Hhon-g01603.t1/Hhon-g09981.t1/Hhon-g03907.t1/Hhon-g04801.t1/Hhon-g03531.t1/Hhon-g04000.t1/Hhon-g04001.t1/Hhon-g06017.t1/Hhon-g06018.t1",9,"response to glucocorticoid","BP"
"GO:0032589","GO:0032589","3/304","13/9332",0.230769230769231,7.08400809716599,4.02793000453896,0.00767875565554755,0.043914867054867,0.0317749291589571,"Hhon-g03542.t1/Hhon-g07625.t1/Hhon-g03264.t1",3,"neuron projection membrane","CC"
"GO:0044058","GO:0044058","3/304","13/9332",0.230769230769231,7.08400809716599,4.02793000453896,0.00767875565554755,0.043914867054867,0.0317749291589571,"Hhon-g00902.t1/Hhon-g00903.t1/Hhon-g00914.t1",3,"regulation of digestive system process","BP"
"GO:0048483","GO:0048483","3/304","13/9332",0.230769230769231,7.08400809716599,4.02793000453896,0.00767875565554755,0.043914867054867,0.0317749291589571,"Hhon-g00684.t1/Hhon-g00241.t1/Hhon-g07787.t1",3,"autonomic nervous system development","BP"
"GO:0050434","GO:0050434","3/304","13/9332",0.230769230769231,7.08400809716599,4.02793000453896,0.00767875565554755,0.043914867054867,0.0317749291589571,"Hhon-g00521.t1/Hhon-g08787.t1/Hhon-g00092.t1",3,"positive regulation of viral transcription","BP"
"GO:0050962","GO:0050962","3/304","13/9332",0.230769230769231,7.08400809716599,4.02793000453896,0.00767875565554755,0.043914867054867,0.0317749291589571,"Hhon-g04801.t1/Hhon-g05648.t1/Hhon-g05654.t1",3,"detection of light stimulus involved in sensory perception","BP"
"GO:2000757","GO:2000757","3/304","13/9332",0.230769230769231,7.08400809716599,4.02793000453896,0.00767875565554755,0.043914867054867,0.0317749291589571,"Hhon-g00226.t1/Hhon-g07578.t1/Hhon-g04016.t1",3,"negative regulation of peptidyl-lysine acetylation","BP"
"GO:0019098","GO:0019098","8/304","88/9332",0.0909090909090909,2.79066985645933,3.09693436980614,0.00777065519252078,0.0443183521419592,0.0320668737990953,"Hhon-g02085.t1/Hhon-g00684.t1/Hhon-g09380.t1/Hhon-g05648.t1/Hhon-g05654.t1/Hhon-g02425.t1/Hhon-g11373.t1/Hhon-g02772.t1",8,"reproductive behavior","BP"
"GO:0043021","GO:0043021","8/304","88/9332",0.0909090909090909,2.79066985645933,3.09693436980614,0.00777065519252078,0.0443183521419592,0.0320668737990953,"Hhon-g09400.t1/Hhon-g04459.t1/Hhon-g02232.t1/Hhon-g09314.t1/Hhon-g11385.t1/Hhon-g11388.t1/Hhon-g06173.t1/Hhon-g01891.t1",8,"ribonucleoprotein complex binding","MF"
"GO:0002478","GO:0002478","6/304","54/9332",0.111111111111111,3.41081871345029,3.26016335140025,0.00789298037825228,0.0447700198504145,0.0323936813338108,"Hhon-g02357.t1/Hhon-g01983.t1/Hhon-g05253.t1/Hhon-g06183.t1/Hhon-g03112.t1/Hhon-g05970.t1",6,"antigen processing and presentation of exogenous peptide antigen","BP"
"GO:0019884","GO:0019884","6/304","54/9332",0.111111111111111,3.41081871345029,3.26016335140025,0.00789298037825228,0.0447700198504145,0.0323936813338108,"Hhon-g02357.t1/Hhon-g01983.t1/Hhon-g05253.t1/Hhon-g06183.t1/Hhon-g03112.t1/Hhon-g05970.t1",6,"antigen processing and presentation of exogenous antigen","BP"
"GO:0031594","GO:0031594","6/304","54/9332",0.111111111111111,3.41081871345029,3.26016335140025,0.00789298037825228,0.0447700198504145,0.0323936813338108,"Hhon-g07625.t1/Hhon-g02931.t1/Hhon-g02357.t1/Hhon-g01193.t1/Hhon-g09076.t1/Hhon-g10981.t1",6,"neuromuscular junction","CC"
"GO:0046660","GO:0046660","6/304","54/9332",0.111111111111111,3.41081871345029,3.26016335140025,0.00789298037825228,0.0447700198504145,0.0323936813338108,"Hhon-g09380.t1/Hhon-g04801.t1/Hhon-g03264.t1/Hhon-g01922.t1/Hhon-g09428.t1/Hhon-g00901.t1",6,"female sex differentiation","BP"
"GO:0006811","GO:0006811","26/304","483/9332",0.0538302277432712,1.65244633322437,2.70194418781091,0.00799528978715653,0.0452884627507148,0.0327688045559629,"Hhon-g03542.t1/Hhon-g07625.t1/Hhon-g00543.t1/Hhon-g00544.t1/Hhon-g01603.t1/Hhon-g04801.t1/Hhon-g10573.t1/Hhon-g05648.t1/Hhon-g05654.t1/Hhon-g01259.t1/Hhon-g02482.t1/Hhon-g02483.t1/Hhon-g04482.t1/Hhon-g07130.t1/Hhon-g07132.t1/Hhon-g07133.t1/Hhon-g11482.t1/Hhon-g02931.t1/Hhon-g06340.t1/Hhon-g06341.t1/Hhon-g06342.t1/Hhon-g09765.t1/Hhon-g09766.t1/Hhon-g06696.t1/Hhon-g08386.t1/Hhon-g11231.t1",26,"monoatomic ion transport","BP"
"GO:0030832","GO:0030832","7/304","71/9332",0.0985915492957746,3.02650111193477,3.14522841051526,0.00812235389579436,0.0456865143224697,0.0330568177356071,"Hhon-g10573.t1/Hhon-g05193.t1/Hhon-g02425.t1/Hhon-g01523.t1/Hhon-g05759.t1/Hhon-g02931.t1/Hhon-g05967.t1",7,"regulation of actin filament length","BP"
"GO:0005246","GO:0005246","4/304","25/9332",0.16,4.91157894736842,3.59353896850417,0.00813158335363803,0.0456865143224697,0.0330568177356071,"Hhon-g04801.t1/Hhon-g05648.t1/Hhon-g05654.t1/Hhon-g08386.t1",4,"calcium channel regulator activity","MF"
"GO:0021884","GO:0021884","4/304","25/9332",0.16,4.91157894736842,3.59353896850417,0.00813158335363803,0.0456865143224697,0.0330568177356071,"Hhon-g00902.t1/Hhon-g00903.t1/Hhon-g00914.t1/Hhon-g03264.t1",4,"forebrain neuron development","BP"
"GO:0045879","GO:0045879","4/304","25/9332",0.16,4.91157894736842,3.59353896850417,0.00813158335363803,0.0456865143224697,0.0330568177356071,"Hhon-g05189.t1/Hhon-g00226.t1/Hhon-g04374.t1/Hhon-g08813.t1",4,"negative regulation of smoothened signaling pathway","BP"
"GO:0048635","GO:0048635","4/304","25/9332",0.16,4.91157894736842,3.59353896850417,0.00813158335363803,0.0456865143224697,0.0330568177356071,"Hhon-g10567.t1/Hhon-g00226.t1/Hhon-g03531.t1/Hhon-g02931.t1",4,"negative regulation of muscle organ development","BP"
"GO:1901862","GO:1901862","4/304","25/9332",0.16,4.91157894736842,3.59353896850417,0.00813158335363803,0.0456865143224697,0.0330568177356071,"Hhon-g10567.t1/Hhon-g00226.t1/Hhon-g03531.t1/Hhon-g02931.t1",4,"negative regulation of muscle tissue development","BP"
"GO:0005244","GO:0005244","5/304","39/9332",0.128205128205128,3.93556005398111,3.37093528933991,0.00824109964165254,0.0459289204189817,0.0332322124723085,"Hhon-g03542.t1/Hhon-g07625.t1/Hhon-g05648.t1/Hhon-g05654.t1/Hhon-g01259.t1",5,"voltage-gated monoatomic ion channel activity","MF"
"GO:0006304","GO:0006304","5/304","39/9332",0.128205128205128,3.93556005398111,3.37093528933991,0.00824109964165254,0.0459289204189817,0.0332322124723085,"Hhon-g08053.t1/Hhon-g04000.t1/Hhon-g04001.t1/Hhon-g06017.t1/Hhon-g06018.t1",5,"DNA modification","BP"
"GO:0007447","GO:0007447","5/304","39/9332",0.128205128205128,3.93556005398111,3.37093528933991,0.00824109964165254,0.0459289204189817,0.0332322124723085,"Hhon-g05322.t1/Hhon-g09380.t1/Hhon-g01324.t1/Hhon-g11664.t1/Hhon-g04925.t1",5,"imaginal disc pattern formation","BP"
"GO:0022832","GO:0022832","5/304","39/9332",0.128205128205128,3.93556005398111,3.37093528933991,0.00824109964165254,0.0459289204189817,0.0332322124723085,"Hhon-g03542.t1/Hhon-g07625.t1/Hhon-g05648.t1/Hhon-g05654.t1/Hhon-g01259.t1",5,"voltage-gated channel activity","MF"
"GO:0035218","GO:0035218","5/304","39/9332",0.128205128205128,3.93556005398111,3.37093528933991,0.00824109964165254,0.0459289204189817,0.0332322124723085,"Hhon-g05322.t1/Hhon-g09380.t1/Hhon-g02931.t1/Hhon-g04925.t1/Hhon-g01922.t1",5,"leg disc development","BP"
"GO:1902562","GO:1902562","5/304","39/9332",0.128205128205128,3.93556005398111,3.37093528933991,0.00824109964165254,0.0459289204189817,0.0332322124723085,"Hhon-g03304.t1/Hhon-g06127.t1/Hhon-g07536.t1/Hhon-g02746.t1/Hhon-g05440.t1",5,"H4 histone acetyltransferase complex","CC"
"GO:0007424","GO:0007424","8/304","89/9332",0.0898876404494382,2.75931401537552,3.06010973571556,0.00830395988047287,0.0460936382670098,0.0333513952981559,"Hhon-g09710.t1/Hhon-g03432.t1/Hhon-g06571.t1/Hhon-g04500.t1/Hhon-g06937.t1/Hhon-g01922.t1/Hhon-g03112.t1/Hhon-g07993.t1",8,"open tracheal system development","BP"
"GO:0008037","GO:0008037","8/304","89/9332",0.0898876404494382,2.75931401537552,3.06010973571556,0.00830395988047287,0.0460936382670098,0.0333513952981559,"Hhon-g00902.t1/Hhon-g00903.t1/Hhon-g00914.t1/Hhon-g08629.t1/Hhon-g09380.t1/Hhon-g07281.t1/Hhon-g03264.t1/Hhon-g01922.t1",8,"cell recognition","BP"
"GO:0009582","GO:0009582","8/304","89/9332",0.0898876404494382,2.75931401537552,3.06010973571556,0.00830395988047287,0.0460936382670098,0.0333513952981559,"Hhon-g03404.t1/Hhon-g11170.t1/Hhon-g04801.t1/Hhon-g05648.t1/Hhon-g05654.t1/Hhon-g01193.t1/Hhon-g00976.t1/Hhon-g06667.t1",8,"detection of abiotic stimulus","BP"
"GO:0071826","GO:0071826","12/304","167/9332",0.0718562874251497,2.20579892845887,2.88517397328361,0.00836376076621256,0.0463635977320621,0.0335467264798969,"Hhon-g03321.t1/Hhon-g00606.t1/Hhon-g09314.t1/Hhon-g11385.t1/Hhon-g11388.t1/Hhon-g09253.t1/Hhon-g09255.t1/Hhon-g09257.t1/Hhon-g09405.t1/Hhon-g03354.t1/Hhon-g06163.t1/Hhon-g06173.t1",12,"protein-RNA complex organization","BP"
"GO:0055085","GO:0055085","25/304","462/9332",0.0541125541125541,1.66111300979722,2.67448393012962,0.00866419186222093,0.0479649661492551,0.034705408526005,"Hhon-g03542.t1/Hhon-g07625.t1/Hhon-g00543.t1/Hhon-g00544.t1/Hhon-g06571.t1/Hhon-g10573.t1/Hhon-g05648.t1/Hhon-g05654.t1/Hhon-g01259.t1/Hhon-g02482.t1/Hhon-g02483.t1/Hhon-g04482.t1/Hhon-g07130.t1/Hhon-g07132.t1/Hhon-g07133.t1/Hhon-g11482.t1/Hhon-g09400.t1/Hhon-g09899.t1/Hhon-g06340.t1/Hhon-g06341.t1/Hhon-g06342.t1/Hhon-g09765.t1/Hhon-g09766.t1/Hhon-g06696.t1/Hhon-g11231.t1",25,"transmembrane transport","BP"
"GO:0007351","GO:0007351","7/304","72/9332",0.0972222222222222,2.98446637426901,3.10177013852773,0.00875349675588276,0.0482022792180706,0.034877118164581,"Hhon-g00902.t1/Hhon-g00903.t1/Hhon-g00914.t1/Hhon-g09710.t1/Hhon-g03907.t1/Hhon-g03432.t1/Hhon-g00665.t1",7,"tripartite regional subdivision","BP"
"GO:0008595","GO:0008595","7/304","72/9332",0.0972222222222222,2.98446637426901,3.10177013852773,0.00875349675588276,0.0482022792180706,0.034877118164581,"Hhon-g00902.t1/Hhon-g00903.t1/Hhon-g00914.t1/Hhon-g09710.t1/Hhon-g03907.t1/Hhon-g03432.t1/Hhon-g00665.t1",7,"anterior/posterior axis specification, embryo","BP"
"GO:0030658","GO:0030658","7/304","72/9332",0.0972222222222222,2.98446637426901,3.10177013852773,0.00875349675588276,0.0482022792180706,0.034877118164581,"Hhon-g05981.t1/Hhon-g00658.t1/Hhon-g09428.t1/Hhon-g03112.t1/Hhon-g02688.t1/Hhon-g05970.t1/Hhon-g03110.t1",7,"transport vesicle membrane","CC"
"GO:0048705","GO:0048705","7/304","72/9332",0.0972222222222222,2.98446637426901,3.10177013852773,0.00875349675588276,0.0482022792180706,0.034877118164581,"Hhon-g00902.t1/Hhon-g00903.t1/Hhon-g00914.t1/Hhon-g09380.t1/Hhon-g07787.t1/Hhon-g03112.t1/Hhon-g11231.t1",7,"skeletal system morphogenesis","BP"
"GO:0005215","GO:0005215","26/304","487/9332",0.053388090349076,1.63887387874203,2.65727073784012,0.00885431538179001,0.048692870814824,0.0352320893686005,"Hhon-g03542.t1/Hhon-g07625.t1/Hhon-g00543.t1/Hhon-g00544.t1/Hhon-g05648.t1/Hhon-g05654.t1/Hhon-g01259.t1/Hhon-g02482.t1/Hhon-g02483.t1/Hhon-g04482.t1/Hhon-g07130.t1/Hhon-g07132.t1/Hhon-g07133.t1/Hhon-g11482.t1/Hhon-g06779.t1/Hhon-g09899.t1/Hhon-g06340.t1/Hhon-g06341.t1/Hhon-g06342.t1/Hhon-g09765.t1/Hhon-g09766.t1/Hhon-g06696.t1/Hhon-g02688.t1/Hhon-g08771.t1/Hhon-g11231.t1/Hhon-g05970.t1",26,"transporter activity","MF"
"GO:0000166","GO:0000166","25/304","463/9332",0.0539956803455724,1.65752529271342,2.66299740147149,0.00889247883800942,0.0488380583801787,0.0353371409129475,"Hhon-g00124.t1/Hhon-g00305.t1/Hhon-g09981.t1/Hhon-g03181.t1/Hhon-g09317.t1/Hhon-g09710.t1/Hhon-g06571.t1/Hhon-g05193.t1/Hhon-g11182.t1/Hhon-g01323.t1/Hhon-g01363.t1/Hhon-g05759.t1/Hhon-g08502.t1/Hhon-g09024.t1/Hhon-g06779.t1/Hhon-g09400.t1/Hhon-g02931.t1/Hhon-g02290.t1/Hhon-g09076.t1/Hhon-g10981.t1/Hhon-g06183.t1/Hhon-g08814.t1/Hhon-g00572.t1/Hhon-g07660.t1/Hhon-g02237.t1",25,"nucleotide binding","MF"
"GO:1901265","GO:1901265","25/304","464/9332",0.0538793103448276,1.6539530399274,2.65153779741792,0.00912567216284228,0.0500525638310715,0.0362159053782269,"Hhon-g00124.t1/Hhon-g00305.t1/Hhon-g09981.t1/Hhon-g03181.t1/Hhon-g09317.t1/Hhon-g09710.t1/Hhon-g06571.t1/Hhon-g05193.t1/Hhon-g11182.t1/Hhon-g01323.t1/Hhon-g01363.t1/Hhon-g05759.t1/Hhon-g08502.t1/Hhon-g09024.t1/Hhon-g06779.t1/Hhon-g09400.t1/Hhon-g02931.t1/Hhon-g02290.t1/Hhon-g09076.t1/Hhon-g10981.t1/Hhon-g06183.t1/Hhon-g08814.t1/Hhon-g00572.t1/Hhon-g07660.t1/Hhon-g02237.t1",25,"nucleoside phosphate binding","MF"
"GO:0030838","GO:0030838","5/304","40/9332",0.125,3.83717105263158,3.29963594919951,0.00917340697382643,0.0501157707306939,0.0362616392012474,"Hhon-g10573.t1/Hhon-g05193.t1/Hhon-g02425.t1/Hhon-g01523.t1/Hhon-g05967.t1",5,"positive regulation of actin filament polymerization","BP"
"GO:0034332","GO:0034332","5/304","40/9332",0.125,3.83717105263158,3.29963594919951,0.00917340697382643,0.0501157707306939,0.0362616392012474,"Hhon-g10494.t1/Hhon-g03432.t1/Hhon-g08202.t1/Hhon-g04500.t1/Hhon-g08053.t1",5,"adherens junction organization","BP"
"GO:0051216","GO:0051216","5/304","40/9332",0.125,3.83717105263158,3.29963594919951,0.00917340697382643,0.0501157707306939,0.0362616392012474,"Hhon-g09266.t1/Hhon-g04801.t1/Hhon-g07787.t1/Hhon-g04500.t1/Hhon-g03112.t1",5,"cartilage development","BP"
"GO:0014033","GO:0014033","4/304","26/9332",0.153846153846154,4.72267206477733,3.48790816401596,0.00936840241815073,0.0505330007844536,0.0365635291143978,"Hhon-g03907.t1/Hhon-g09266.t1/Hhon-g07787.t1/Hhon-g04500.t1",4,"neural crest cell differentiation","BP"
"GO:0022400","GO:0022400","4/304","26/9332",0.153846153846154,4.72267206477733,3.48790816401596,0.00936840241815073,0.0505330007844536,0.0365635291143978,"Hhon-g03404.t1/Hhon-g04801.t1/Hhon-g03280.t1/Hhon-g10405.t1",4,"regulation of opsin-mediated signaling pathway","BP"
"GO:0048864","GO:0048864","4/304","26/9332",0.153846153846154,4.72267206477733,3.48790816401596,0.00936840241815073,0.0505330007844536,0.0365635291143978,"Hhon-g03907.t1/Hhon-g09266.t1/Hhon-g07787.t1/Hhon-g04500.t1",4,"stem cell development","BP"
"GO:0060411","GO:0060411","4/304","26/9332",0.153846153846154,4.72267206477733,3.48790816401596,0.00936840241815073,0.0505330007844536,0.0365635291143978,"Hhon-g03907.t1/Hhon-g00241.t1/Hhon-g03264.t1/Hhon-g01922.t1",4,"cardiac septum morphogenesis","BP"
"GO:0099518","GO:0099518","4/304","26/9332",0.153846153846154,4.72267206477733,3.48790816401596,0.00936840241815073,0.0505330007844536,0.0365635291143978,"Hhon-g01323.t1/Hhon-g01363.t1/Hhon-g08771.t1/Hhon-g02474.t1",4,"vesicle cytoskeletal trafficking","BP"
"GO:1903078","GO:1903078","4/304","26/9332",0.153846153846154,4.72267206477733,3.48790816401596,0.00936840241815073,0.0505330007844536,0.0365635291143978,"Hhon-g06571.t1/Hhon-g10573.t1/Hhon-g05193.t1/Hhon-g07409.t1",4,"positive regulation of protein localization to plasma membrane","BP"
"GO:0006897","GO:0006897","17/304","278/9332",0.0611510791366906,1.87717720560394,2.72454886701057,0.00939386985034425,0.0505330007844536,0.0365635291143978,"Hhon-g03364.t1/Hhon-g10573.t1/Hhon-g05648.t1/Hhon-g05654.t1/Hhon-g05193.t1/Hhon-g02425.t1/Hhon-g01523.t1/Hhon-g05759.t1/Hhon-g02931.t1/Hhon-g02357.t1/Hhon-g04888.t1/Hhon-g02290.t1/Hhon-g00658.t1/Hhon-g05061.t1/Hhon-g08771.t1/Hhon-g05967.t1/Hhon-g07418.t1",17,"endocytosis","BP"
"GO:0007164","GO:0007164","6/304","56/9332",0.107142857142857,3.2890037593985,3.15257379149209,0.00940135855816896,0.0505330007844536,0.0365635291143978,"Hhon-g09981.t1/Hhon-g10494.t1/Hhon-g01523.t1/Hhon-g05759.t1/Hhon-g01922.t1/Hhon-g00092.t1",6,"establishment of tissue polarity","BP"
"GO:0048002","GO:0048002","6/304","56/9332",0.107142857142857,3.2890037593985,3.15257379149209,0.00940135855816896,0.0505330007844536,0.0365635291143978,"Hhon-g02357.t1/Hhon-g01983.t1/Hhon-g05253.t1/Hhon-g06183.t1/Hhon-g03112.t1/Hhon-g05970.t1",6,"antigen processing and presentation of peptide antigen","BP"
"GO:0045787","GO:0045787","14/304","212/9332",0.0660377358490566,2.02718470705065,2.77603007910992,0.00943391022690882,0.0505330007844536,0.0365635291143978,"Hhon-g00684.t1/Hhon-g00902.t1/Hhon-g00903.t1/Hhon-g00914.t1/Hhon-g04801.t1/Hhon-g06571.t1/Hhon-g10573.t1/Hhon-g00241.t1/Hhon-g10567.t1/Hhon-g04016.t1/Hhon-g06183.t1/Hhon-g08787.t1/Hhon-g00901.t1/Hhon-g03329.t1",14,"positive regulation of cell cycle","BP"
"GO:0005798","GO:0005798","8/304","91/9332",0.0879120879120879,2.69866975130133,2.98796341488477,0.00945234341580301,0.0505330007844536,0.0365635291143978,"Hhon-g09428.t1/Hhon-g03112.t1/Hhon-g02688.t1/Hhon-g05662.t1/Hhon-g09132.t1/Hhon-g00877.t1/Hhon-g05970.t1/Hhon-g03110.t1",8,"Golgi-associated vesicle","CC"
"GO:0007613","GO:0007613","8/304","91/9332",0.0879120879120879,2.69866975130133,2.98796341488477,0.00945234341580301,0.0505330007844536,0.0365635291143978,"Hhon-g04393.t1/Hhon-g09710.t1/Hhon-g03432.t1/Hhon-g10573.t1/Hhon-g02425.t1/Hhon-g09024.t1/Hhon-g03869.t1/Hhon-g00658.t1",8,"memory","BP"
"GO:0002684","GO:0002684","15/304","234/9332",0.0641025641025641,1.96778002699055,2.75116557570243,0.00953086493471611,0.0505330007844536,0.0365635291143978,"Hhon-g09710.t1/Hhon-g04801.t1/Hhon-g06571.t1/Hhon-g10573.t1/Hhon-g04016.t1/Hhon-g04000.t1/Hhon-g04001.t1/Hhon-g06017.t1/Hhon-g06018.t1/Hhon-g02931.t1/Hhon-g04888.t1/Hhon-g06160.t1/Hhon-g00092.t1/Hhon-g10909.t1/Hhon-g05967.t1",15,"positive regulation of immune system process","BP"
"GO:0004402","GO:0004402","3/304","14/9332",0.214285714285714,6.57800751879699,3.83254154586278,0.00954028031449748,0.0505330007844536,0.0365635291143978,"Hhon-g03304.t1/Hhon-g05246.t1/Hhon-g11664.t1",3,"histone acetyltransferase activity","MF"
"GO:0007096","GO:0007096","3/304","14/9332",0.214285714285714,6.57800751879699,3.83254154586278,0.00954028031449748,0.0505330007844536,0.0365635291143978,"Hhon-g00902.t1/Hhon-g00903.t1/Hhon-g00914.t1",3,"regulation of exit from mitosis","BP"
"GO:0032652","GO:0032652","3/304","14/9332",0.214285714285714,6.57800751879699,3.83254154586278,0.00954028031449748,0.0505330007844536,0.0365635291143978,"Hhon-g03907.t1/Hhon-g00226.t1/Hhon-g03531.t1",3,"regulation of interleukin-1 production","BP"
"GO:0042509","GO:0042509","3/304","14/9332",0.214285714285714,6.57800751879699,3.83254154586278,0.00954028031449748,0.0505330007844536,0.0365635291143978,"Hhon-g09981.t1/Hhon-g03907.t1/Hhon-g00226.t1",3,"regulation of tyrosine phosphorylation of STAT protein","BP"
"GO:0048138","GO:0048138","3/304","14/9332",0.214285714285714,6.57800751879699,3.83254154586278,0.00954028031449748,0.0505330007844536,0.0365635291143978,"Hhon-g05251.t1/Hhon-g06705.t1/Hhon-g07320.t1",3,"germ-line cyst encapsulation","BP"
"GO:0048149","GO:0048149","3/304","14/9332",0.214285714285714,6.57800751879699,3.83254154586278,0.00954028031449748,0.0505330007844536,0.0365635291143978,"Hhon-g04393.t1/Hhon-g05193.t1/Hhon-g05897.t1",3,"behavioral response to ethanol","BP"
"GO:0055022","GO:0055022","3/304","14/9332",0.214285714285714,6.57800751879699,3.83254154586278,0.00954028031449748,0.0505330007844536,0.0365635291143978,"Hhon-g10567.t1/Hhon-g00226.t1/Hhon-g02931.t1",3,"negative regulation of cardiac muscle tissue growth","BP"
"GO:0061117","GO:0061117","3/304","14/9332",0.214285714285714,6.57800751879699,3.83254154586278,0.00954028031449748,0.0505330007844536,0.0365635291143978,"Hhon-g10567.t1/Hhon-g00226.t1/Hhon-g02931.t1",3,"negative regulation of heart growth","BP"
"GO:1901984","GO:1901984","3/304","14/9332",0.214285714285714,6.57800751879699,3.83254154586278,0.00954028031449748,0.0505330007844536,0.0365635291143978,"Hhon-g00226.t1/Hhon-g07578.t1/Hhon-g04016.t1",3,"negative regulation of protein acetylation","BP"
"GO:1903523","GO:1903523","3/304","14/9332",0.214285714285714,6.57800751879699,3.83254154586278,0.00954028031449748,0.0505330007844536,0.0365635291143978,"Hhon-g04801.t1/Hhon-g09024.t1/Hhon-g08386.t1",3,"negative regulation of blood circulation","BP"
"GO:1902533","GO:1902533","22/304","394/9332",0.0558375634517767,1.71406625701309,2.65748950557685,0.00954187683405868,0.0505330007844536,0.0365635291143978,"Hhon-g09317.t1/Hhon-g09710.t1/Hhon-g03907.t1/Hhon-g04801.t1/Hhon-g06571.t1/Hhon-g10573.t1/Hhon-g07787.t1/Hhon-g10567.t1/Hhon-g02425.t1/Hhon-g00226.t1/Hhon-g03531.t1/Hhon-g09357.t1/Hhon-g09024.t1/Hhon-g02931.t1/Hhon-g09899.t1/Hhon-g07409.t1/Hhon-g03264.t1/Hhon-g04459.t1/Hhon-g01922.t1/Hhon-g06696.t1/Hhon-g00092.t1/Hhon-g03688.t1",22,"positive regulation of intracellular signal transduction","BP"
"GO:0000302","GO:0000302","10/304","130/9332",0.0769230769230769,2.36133603238866,2.86814440104575,0.00985999523288392,0.0521512104546931,0.0377343967745903,"Hhon-g07625.t1/Hhon-g04801.t1/Hhon-g06571.t1/Hhon-g00226.t1/Hhon-g04000.t1/Hhon-g04001.t1/Hhon-g06017.t1/Hhon-g06018.t1/Hhon-g09428.t1/Hhon-g00092.t1",10,"response to reactive oxygen species","BP"
"GO:0033045","GO:0033045","7/304","74/9332",0.0945945945945946,2.90380512091038,3.01706643702871,0.010122758631118,0.0534728929216308,0.0386907099681408,"Hhon-g01323.t1/Hhon-g01324.t1/Hhon-g01363.t1/Hhon-g07578.t1/Hhon-g05759.t1/Hhon-g09899.t1/Hhon-g06183.t1",7,"regulation of sister chromatid segregation","BP"
"GO:0004722","GO:0004722","5/304","41/9332",0.121951219512195,3.74358151476252,3.23060363740237,0.0101759706891179,0.0536175511436771,0.0387953785021941,"Hhon-g01324.t1/Hhon-g07433.t1/Hhon-g09165.t1/Hhon-g09222.t1/Hhon-g09223.t1",5,"protein serine/threonine phosphatase activity","MF"
"GO:0007525","GO:0007525","5/304","41/9332",0.121951219512195,3.74358151476252,3.23060363740237,0.0101759706891179,0.0536175511436771,0.0387953785021941,"Hhon-g04657.t1/Hhon-g05322.t1/Hhon-g06571.t1/Hhon-g04016.t1/Hhon-g10909.t1",5,"somatic muscle development","BP"
"GO:0007030","GO:0007030","8/304","93/9332",0.0860215053763441,2.64063384267119,2.9177344816503,0.0107151271832165,0.0559240672350609,0.0404642754002799,"Hhon-g09060.t1/Hhon-g10573.t1/Hhon-g08202.t1/Hhon-g01523.t1/Hhon-g09076.t1/Hhon-g10981.t1/Hhon-g03112.t1/Hhon-g02688.t1",8,"Golgi organization","BP"
"GO:0005703","GO:0005703","4/304","27/9332",0.148148148148148,4.54775828460039,3.38752748462544,0.0107214733909221,0.0559240672350609,0.0404642754002799,"Hhon-g09473.t1/Hhon-g04459.t1/Hhon-g08787.t1/Hhon-g10239.t1",4,"polytene chromosome puff","CC"
"GO:0044728","GO:0044728","4/304","27/9332",0.148148148148148,4.54775828460039,3.38752748462544,0.0107214733909221,0.0559240672350609,0.0404642754002799,"Hhon-g04000.t1/Hhon-g04001.t1/Hhon-g06017.t1/Hhon-g06018.t1",4,NA,NA
"GO:0045886","GO:0045886","4/304","27/9332",0.148148148148148,4.54775828460039,3.38752748462544,0.0107214733909221,0.0559240672350609,0.0404642754002799,"Hhon-g06571.t1/Hhon-g05648.t1/Hhon-g05654.t1/Hhon-g00901.t1",4,"negative regulation of synaptic assembly at neuromuscular junction","BP"
"GO:0060349","GO:0060349","4/304","27/9332",0.148148148148148,4.54775828460039,3.38752748462544,0.0107214733909221,0.0559240672350609,0.0404642754002799,"Hhon-g00902.t1/Hhon-g00903.t1/Hhon-g00914.t1/Hhon-g07787.t1",4,"bone morphogenesis","BP"
"GO:0060446","GO:0060446","4/304","27/9332",0.148148148148148,4.54775828460039,3.38752748462544,0.0107214733909221,0.0559240672350609,0.0404642754002799,"Hhon-g09710.t1/Hhon-g03432.t1/Hhon-g04500.t1/Hhon-g07993.t1",4,"branching involved in open tracheal system development","BP"
"GO:0097110","GO:0097110","4/304","27/9332",0.148148148148148,4.54775828460039,3.38752748462544,0.0107214733909221,0.0559240672350609,0.0404642754002799,"Hhon-g04801.t1/Hhon-g05897.t1/Hhon-g03387.t1/Hhon-g05823.t1",4,"scaffold protein binding","MF"
"GO:1904397","GO:1904397","4/304","27/9332",0.148148148148148,4.54775828460039,3.38752748462544,0.0107214733909221,0.0559240672350609,0.0404642754002799,"Hhon-g06571.t1/Hhon-g05648.t1/Hhon-g05654.t1/Hhon-g00901.t1",4,"negative regulation of neuromuscular junction development","BP"
"GO:0048469","GO:0048469","13/304","194/9332",0.0670103092783505,2.05704015192621,2.73005806355796,0.0108311522901426,0.0564252751677192,0.0408269281332194,"Hhon-g00684.t1/Hhon-g01603.t1/Hhon-g11170.t1/Hhon-g09710.t1/Hhon-g03432.t1/Hhon-g07787.t1/Hhon-g04244.t1/Hhon-g04246.t1/Hhon-g00665.t1/Hhon-g06160.t1/Hhon-g07162.t1/Hhon-g07164.t1/Hhon-g00901.t1",13,"cell maturation","BP"
"GO:0006367","GO:0006367","7/304","75/9332",0.0933333333333333,2.86508771929825,2.97577351145218,0.0108630618964597,0.0564498535595751,0.0408447120117198,"Hhon-g01603.t1/Hhon-g09981.t1/Hhon-g11170.t1/Hhon-g07787.t1/Hhon-g08787.t1/Hhon-g06160.t1/Hhon-g06564.t1",7,"transcription initiation at RNA polymerase II promoter","BP"
"GO:0017145","GO:0017145","7/304","75/9332",0.0933333333333333,2.86508771929825,2.97577351145218,0.0108630618964597,0.0564498535595751,0.0408447120117198,"Hhon-g00124.t1/Hhon-g03432.t1/Hhon-g01324.t1/Hhon-g04500.t1/Hhon-g04925.t1/Hhon-g08835.t1/Hhon-g08836.t1",7,"stem cell division","BP"
"GO:0007560","GO:0007560","12/304","173/9332",0.069364161849711,2.1292972315181,2.75113813447427,0.0109141011202729,0.0566441848142164,0.0409853218384985,"Hhon-g04657.t1/Hhon-g11170.t1/Hhon-g09710.t1/Hhon-g05322.t1/Hhon-g09380.t1/Hhon-g11664.t1/Hhon-g04500.t1/Hhon-g01523.t1/Hhon-g02931.t1/Hhon-g04925.t1/Hhon-g01922.t1/Hhon-g00092.t1",12,"imaginal disc morphogenesis","BP"
"GO:0032870","GO:0032870","20/304","352/9332",0.0568181818181818,1.74416866028708,2.61161798684585,0.0110225530217049,0.0571356306443429,0.0413409111294379,"Hhon-g00124.t1/Hhon-g01603.t1/Hhon-g09981.t1/Hhon-g03907.t1/Hhon-g06571.t1/Hhon-g10573.t1/Hhon-g05648.t1/Hhon-g05654.t1/Hhon-g03531.t1/Hhon-g04000.t1/Hhon-g04001.t1/Hhon-g06017.t1/Hhon-g06018.t1/Hhon-g02931.t1/Hhon-g07433.t1/Hhon-g03264.t1/Hhon-g04459.t1/Hhon-g00092.t1/Hhon-g02469.t1/Hhon-g03381.t1",20,"cellular response to hormone stimulus","BP"
"GO:0030177","GO:0030177","6/304","58/9332",0.103448275862069,3.17558983666062,3.04973836872381,0.0111049863282923,0.0573481383520767,0.0414946726642397,"Hhon-g00241.t1/Hhon-g01324.t1/Hhon-g01523.t1/Hhon-g05759.t1/Hhon-g04925.t1/Hhon-g01922.t1",6,"positive regulation of Wnt signaling pathway","BP"
"GO:0033047","GO:0033047","6/304","58/9332",0.103448275862069,3.17558983666062,3.04973836872381,0.0111049863282923,0.0573481383520767,0.0414946726642397,"Hhon-g01323.t1/Hhon-g01324.t1/Hhon-g01363.t1/Hhon-g05759.t1/Hhon-g09899.t1/Hhon-g06183.t1",6,"regulation of mitotic sister chromatid segregation","BP"
"GO:0044309","GO:0044309","6/304","58/9332",0.103448275862069,3.17558983666062,3.04973836872381,0.0111049863282923,0.0573481383520767,0.0414946726642397,"Hhon-g03404.t1/Hhon-g09899.t1/Hhon-g01922.t1/Hhon-g05897.t1/Hhon-g08386.t1/Hhon-g05823.t1",6,"neuron spine","CC"
"GO:0048232","GO:0048232","18/304","306/9332",0.0588235294117647,1.80572755417957,2.6297010260151,0.0111522838803856,0.0575208480389579,0.0416196380446166,"Hhon-g00543.t1/Hhon-g00544.t1/Hhon-g03432.t1/Hhon-g07787.t1/Hhon-g05251.t1/Hhon-g06705.t1/Hhon-g05193.t1/Hhon-g01323.t1/Hhon-g01324.t1/Hhon-g01363.t1/Hhon-g09473.t1/Hhon-g05759.t1/Hhon-g03321.t1/Hhon-g07460.t1/Hhon-g07409.t1/Hhon-g01983.t1/Hhon-g05253.t1/Hhon-g03390.t1",18,"male gamete generation","BP"
"GO:0009584","GO:0009584","5/304","42/9332",0.119047619047619,3.65444862155388,3.16370676556586,0.0112511674649688,0.0578154050922655,0.0418327669945557,"Hhon-g03404.t1/Hhon-g04801.t1/Hhon-g05648.t1/Hhon-g05654.t1/Hhon-g00976.t1",5,"detection of visible light","BP"
"GO:0046928","GO:0046928","5/304","42/9332",0.119047619047619,3.65444862155388,3.16370676556586,0.0112511674649688,0.0578154050922655,0.0418327669945557,"Hhon-g07625.t1/Hhon-g02085.t1/Hhon-g01259.t1/Hhon-g02425.t1/Hhon-g09428.t1",5,"regulation of neurotransmitter secretion","BP"
"GO:0098722","GO:0098722","5/304","42/9332",0.119047619047619,3.65444862155388,3.16370676556586,0.0112511674649688,0.0578154050922655,0.0418327669945557,"Hhon-g00124.t1/Hhon-g03432.t1/Hhon-g01324.t1/Hhon-g04500.t1/Hhon-g04925.t1",5,"asymmetric stem cell division","BP"
"GO:0061136","GO:0061136","9/304","113/9332",0.079646017699115,2.44492314857941,2.83561440796266,0.0113308359344475,0.0581528192828502,0.0420769055453946,"Hhon-g07437.t1/Hhon-g08170.t1/Hhon-g08474.t1/Hhon-g04801.t1/Hhon-g06571.t1/Hhon-g01523.t1/Hhon-g04374.t1/Hhon-g01922.t1/Hhon-g00901.t1",9,"regulation of proteasomal protein catabolic process","BP"
"GO:0110053","GO:0110053","8/304","94/9332",0.0851063829787234,2.61254199328107,2.88330836783738,0.0113914255668039,0.0583916036461356,0.0422496797500433,"Hhon-g10573.t1/Hhon-g05193.t1/Hhon-g02425.t1/Hhon-g01523.t1/Hhon-g05759.t1/Hhon-g02931.t1/Hhon-g01922.t1/Hhon-g05967.t1",8,"regulation of actin filament organization","BP"
"GO:0030307","GO:0030307","10/304","133/9332",0.075187969924812,2.30807281361298,2.78799853967628,0.0114735849958082,0.0587402279933361,0.0425019294932008,"Hhon-g11170.t1/Hhon-g09710.t1/Hhon-g06571.t1/Hhon-g02425.t1/Hhon-g03531.t1/Hhon-g01523.t1/Hhon-g02931.t1/Hhon-g07409.t1/Hhon-g01922.t1/Hhon-g00092.t1",10,"positive regulation of cell growth","BP"
"GO:0007526","GO:0007526","3/304","15/9332",0.2,6.13947368421053,3.65536997099532,0.0116419039631392,0.0590198547969725,0.0427042555497818,"Hhon-g05322.t1/Hhon-g04016.t1/Hhon-g10909.t1",3,"larval somatic muscle development","BP"
"GO:0010718","GO:0010718","3/304","15/9332",0.2,6.13947368421053,3.65536997099532,0.0116419039631392,0.0590198547969725,0.0427042555497818,"Hhon-g03907.t1/Hhon-g07787.t1/Hhon-g00226.t1",3,"positive regulation of epithelial to mesenchymal transition","BP"
"GO:0010826","GO:0010826","3/304","15/9332",0.2,6.13947368421053,3.65536997099532,0.0116419039631392,0.0590198547969725,0.0427042555497818,"Hhon-g01323.t1/Hhon-g01363.t1/Hhon-g00901.t1",3,"negative regulation of centrosome duplication","BP"
"GO:0044766","GO:0044766","3/304","15/9332",0.2,6.13947368421053,3.65536997099532,0.0116419039631392,0.0590198547969725,0.0427042555497818,"Hhon-g08835.t1/Hhon-g08836.t1/Hhon-g10405.t1",3,NA,NA
"GO:0090311","GO:0090311","3/304","15/9332",0.2,6.13947368421053,3.65536997099532,0.0116419039631392,0.0590198547969725,0.0427042555497818,"Hhon-g04500.t1/Hhon-g00226.t1/Hhon-g03329.t1",3,"regulation of protein deacetylation","BP"
"GO:1902579","GO:1902579","3/304","15/9332",0.2,6.13947368421053,3.65536997099532,0.0116419039631392,0.0590198547969725,0.0427042555497818,"Hhon-g08835.t1/Hhon-g08836.t1/Hhon-g10405.t1",3,NA,NA
"GO:0001709","GO:0001709","7/304","76/9332",0.0921052631578947,2.8273891966759,2.93515667004223,0.0116419222251253,0.0590198547969725,0.0427042555497818,"Hhon-g00684.t1/Hhon-g09710.t1/Hhon-g03907.t1/Hhon-g03432.t1/Hhon-g11664.t1/Hhon-g04500.t1/Hhon-g00665.t1",7,"cell fate determination","BP"
"GO:0051028","GO:0051028","7/304","76/9332",0.0921052631578947,2.8273891966759,2.93515667004223,0.0116419222251253,0.0590198547969725,0.0427042555497818,"Hhon-g01323.t1/Hhon-g01363.t1/Hhon-g09110.t1/Hhon-g06183.t1/Hhon-g00665.t1/Hhon-g08835.t1/Hhon-g08836.t1",7,"mRNA transport","BP"
"GO:0032269","GO:0032269","23/304","426/9332",0.0539906103286385,1.65736965653571,2.54846233384187,0.01188486918679,0.0601097167670531,0.0434928332961083,"Hhon-g09981.t1/Hhon-g04801.t1/Hhon-g06571.t1/Hhon-g10573.t1/Hhon-g00241.t1/Hhon-g01259.t1/Hhon-g00226.t1/Hhon-g03531.t1/Hhon-g07578.t1/Hhon-g01523.t1/Hhon-g04016.t1/Hhon-g02931.t1/Hhon-g07409.t1/Hhon-g03869.t1/Hhon-g01922.t1/Hhon-g09165.t1/Hhon-g09222.t1/Hhon-g09223.t1/Hhon-g02232.t1/Hhon-g00092.t1/Hhon-g00901.t1/Hhon-g03381.t1/Hhon-g06173.t1",23,NA,NA
"GO:0050807","GO:0050807","12/304","175/9332",0.0685714285714286,2.10496240601504,2.70766562162588,0.0118858568077434,0.0601097167670531,0.0434928332961083,"Hhon-g04801.t1/Hhon-g06571.t1/Hhon-g05648.t1/Hhon-g05654.t1/Hhon-g02425.t1/Hhon-g02931.t1/Hhon-g03264.t1/Hhon-g09076.t1/Hhon-g10981.t1/Hhon-g05897.t1/Hhon-g00901.t1/Hhon-g05823.t1",12,"regulation of synapse organization","BP"
"GO:0031960","GO:0031960","9/304","114/9332",0.0789473684210526,2.42347645429363,2.80601167049625,0.0119621895182836,0.0604221543551258,0.0437188998401605,"Hhon-g01603.t1/Hhon-g09981.t1/Hhon-g03907.t1/Hhon-g04801.t1/Hhon-g03531.t1/Hhon-g04000.t1/Hhon-g04001.t1/Hhon-g06017.t1/Hhon-g06018.t1",9,"response to corticosteroid","BP"
"GO:0072347","GO:0072347","6/304","59/9332",0.101694915254237,3.12176628010705,2.99998118116769,0.0120338823215721,0.0607104245433382,0.0439274798820321,"Hhon-g04801.t1/Hhon-g10573.t1/Hhon-g01324.t1/Hhon-g02425.t1/Hhon-g01523.t1/Hhon-g05897.t1",6,"response to anesthetic","BP"
"GO:0051783","GO:0051783","10/304","134/9332",0.0746268656716418,2.29084838963079,2.76176069929696,0.0120535830960458,0.0607360157946385,0.0439459966225277,"Hhon-g00902.t1/Hhon-g00903.t1/Hhon-g00914.t1/Hhon-g01323.t1/Hhon-g01324.t1/Hhon-g01363.t1/Hhon-g05759.t1/Hhon-g09899.t1/Hhon-g06183.t1/Hhon-g10239.t1",10,"regulation of nuclear division","BP"
"GO:0007568","GO:0007568","19/304","332/9332",0.0572289156626506,1.75677710843374,2.57644505497426,0.0121659625205517,0.0611497395447632,0.0442453495235661,"Hhon-g01603.t1/Hhon-g09981.t1/Hhon-g09710.t1/Hhon-g04801.t1/Hhon-g06571.t1/Hhon-g05246.t1/Hhon-g00226.t1/Hhon-g04016.t1/Hhon-g04000.t1/Hhon-g04001.t1/Hhon-g06017.t1/Hhon-g06018.t1/Hhon-g09672.t1/Hhon-g07501.t1/Hhon-g10934.t1/Hhon-g00092.t1/Hhon-g09696.t1/Hhon-g08771.t1/Hhon-g08553.t1",19,NA,NA
"GO:0001078","GO:0001078","4/304","28/9332",0.142857142857143,4.38533834586466,3.2919357979327,0.0121946012386956,0.0611497395447632,0.0442453495235661,"Hhon-g00684.t1/Hhon-g04500.t1/Hhon-g04501.t1/Hhon-g09473.t1",4,NA,NA
"GO:0003151","GO:0003151","4/304","28/9332",0.142857142857143,4.38533834586466,3.2919357979327,0.0121946012386956,0.0611497395447632,0.0442453495235661,"Hhon-g03907.t1/Hhon-g03264.t1/Hhon-g01922.t1/Hhon-g00092.t1",4,"outflow tract morphogenesis","BP"
"GO:0044390","GO:0044390","4/304","28/9332",0.142857142857143,4.38533834586466,3.2919357979327,0.0121946012386956,0.0611497395447632,0.0442453495235661,"Hhon-g07437.t1/Hhon-g08170.t1/Hhon-g08474.t1/Hhon-g07787.t1",4,"ubiquitin-like protein conjugating enzyme binding","MF"
"GO:0002066","GO:0002066","12/304","176/9332",0.0681818181818182,2.0930023923445,2.68614631903396,0.0123960473765114,0.0618129364577675,0.0447252105898156,"Hhon-g01603.t1/Hhon-g09710.t1/Hhon-g10494.t1/Hhon-g03907.t1/Hhon-g04244.t1/Hhon-g04246.t1/Hhon-g01922.t1/Hhon-g00092.t1/Hhon-g07162.t1/Hhon-g07164.t1/Hhon-g07320.t1/Hhon-g03381.t1",12,"columnar/cuboidal epithelial cell development","BP"
"GO:0035220","GO:0035220","12/304","176/9332",0.0681818181818182,2.0930023923445,2.68614631903396,0.0123960473765114,0.0618129364577675,0.0447252105898156,"Hhon-g04657.t1/Hhon-g11170.t1/Hhon-g09710.t1/Hhon-g03907.t1/Hhon-g05322.t1/Hhon-g11664.t1/Hhon-g04500.t1/Hhon-g01523.t1/Hhon-g04016.t1/Hhon-g04925.t1/Hhon-g01922.t1/Hhon-g02688.t1",12,"wing disc development","BP"
"GO:0036465","GO:0036465","5/304","43/9332",0.116279069767442,3.56946144430845,3.09882437194864,0.0124012948143835,0.0618129364577675,0.0447252105898156,"Hhon-g03364.t1/Hhon-g05648.t1/Hhon-g05654.t1/Hhon-g05193.t1/Hhon-g02357.t1",5,"synaptic vesicle recycling","BP"
"GO:0042306","GO:0042306","5/304","43/9332",0.116279069767442,3.56946144430845,3.09882437194864,0.0124012948143835,0.0618129364577675,0.0447252105898156,"Hhon-g09981.t1/Hhon-g03531.t1/Hhon-g01523.t1/Hhon-g04459.t1/Hhon-g07993.t1",5,"regulation of protein import into nucleus","BP"
"GO:0070603","GO:0070603","5/304","43/9332",0.116279069767442,3.56946144430845,3.09882437194864,0.0124012948143835,0.0618129364577675,0.0447252105898156,"Hhon-g09473.t1/Hhon-g00226.t1/Hhon-g06894.t1/Hhon-g06127.t1/Hhon-g00521.t1",5,"SWI/SNF superfamily-type complex","CC"
"GO:0071248","GO:0071248","7/304","77/9332",0.0909090909090909,2.79066985645933,2.89519476792084,0.0124604083592518,0.0620331121194405,0.0448845203298051,"Hhon-g06571.t1/Hhon-g04000.t1/Hhon-g04001.t1/Hhon-g06017.t1/Hhon-g06018.t1/Hhon-g04888.t1/Hhon-g00092.t1",7,"cellular response to metal ion","BP"
"GO:0003007","GO:0003007","10/304","135/9332",0.0740740740740741,2.27387914230019,2.73575454325386,0.0126554675172896,0.0627034619711057,0.0453695569581015,"Hhon-g01603.t1/Hhon-g03907.t1/Hhon-g00241.t1/Hhon-g07787.t1/Hhon-g05246.t1/Hhon-g04500.t1/Hhon-g03264.t1/Hhon-g01922.t1/Hhon-g00092.t1/Hhon-g02688.t1",10,"heart morphogenesis","BP"
"GO:0032970","GO:0032970","10/304","135/9332",0.0740740740740741,2.27387914230019,2.73575454325386,0.0126554675172896,0.0627034619711057,0.0453695569581015,"Hhon-g10573.t1/Hhon-g05193.t1/Hhon-g02425.t1/Hhon-g00226.t1/Hhon-g01523.t1/Hhon-g05759.t1/Hhon-g02931.t1/Hhon-g01922.t1/Hhon-g08386.t1/Hhon-g05967.t1",10,"regulation of actin filament-based process","BP"
"GO:0044706","GO:0044706","10/304","135/9332",0.0740740740740741,2.27387914230019,2.73575454325386,0.0126554675172896,0.0627034619711057,0.0453695569581015,"Hhon-g01603.t1/Hhon-g06571.t1/Hhon-g02425.t1/Hhon-g04000.t1/Hhon-g04001.t1/Hhon-g06017.t1/Hhon-g06018.t1/Hhon-g07433.t1/Hhon-g02772.t1/Hhon-g02688.t1",10,"multi-multicellular organism process","BP"
"GO:0048562","GO:0048562","10/304","135/9332",0.0740740740740741,2.27387914230019,2.73575454325386,0.0126554675172896,0.0627034619711057,0.0453695569581015,"Hhon-g00902.t1/Hhon-g00903.t1/Hhon-g00914.t1/Hhon-g09380.t1/Hhon-g07787.t1/Hhon-g06894.t1/Hhon-g01922.t1/Hhon-g03112.t1/Hhon-g02688.t1/Hhon-g11231.t1",10,"embryonic organ morphogenesis","BP"
"GO:0030659","GO:0030659","15/304","242/9332",0.0619834710743802,1.90272944758591,2.61088932360087,0.0127124937902395,0.0629109347044985,0.0455196753997157,"Hhon-g00124.t1/Hhon-g00305.t1/Hhon-g05981.t1/Hhon-g03181.t1/Hhon-g02357.t1/Hhon-g06183.t1/Hhon-g00658.t1/Hhon-g09428.t1/Hhon-g05061.t1/Hhon-g03112.t1/Hhon-g02688.t1/Hhon-g08401.t1/Hhon-g09132.t1/Hhon-g05970.t1/Hhon-g03110.t1",15,"cytoplasmic vesicle membrane","CC"
"GO:0006352","GO:0006352","8/304","96/9332",0.0833333333333333,2.55811403508772,2.81577536699549,0.012837819678615,0.0633259094979866,0.0458199335024982,"Hhon-g01603.t1/Hhon-g09981.t1/Hhon-g11170.t1/Hhon-g07787.t1/Hhon-g00521.t1/Hhon-g08787.t1/Hhon-g06160.t1/Hhon-g06564.t1",8,"DNA-templated transcription initiation","BP"
"GO:0051048","GO:0051048","8/304","96/9332",0.0833333333333333,2.55811403508772,2.81577536699549,0.012837819678615,0.0633259094979866,0.0458199335024982,"Hhon-g03542.t1/Hhon-g00902.t1/Hhon-g00903.t1/Hhon-g00914.t1/Hhon-g06571.t1/Hhon-g02425.t1/Hhon-g00226.t1/Hhon-g07281.t1",8,"negative regulation of secretion","BP"
"GO:0006259","GO:0006259","23/304","429/9332",0.0536130536130536,1.64577965893755,2.51275376281466,0.0128421039974241,0.0633259094979866,0.0458199335024982,"Hhon-g05251.t1/Hhon-g06705.t1/Hhon-g03304.t1/Hhon-g11664.t1/Hhon-g09473.t1/Hhon-g00226.t1/Hhon-g03531.t1/Hhon-g06894.t1/Hhon-g01523.t1/Hhon-g04374.t1/Hhon-g08741.t1/Hhon-g08053.t1/Hhon-g04016.t1/Hhon-g04000.t1/Hhon-g04001.t1/Hhon-g06017.t1/Hhon-g06018.t1/Hhon-g07409.t1/Hhon-g08787.t1/Hhon-g00901.t1/Hhon-g07993.t1/Hhon-g01404.t1/Hhon-g11268.t1",23,"DNA metabolic process","BP"
"GO:0048563","GO:0048563","12/304","177/9332",0.0677966101694915,2.08117752007136,2.66476906116884,0.012922895106415,0.0636487075703854,0.0460534964521549,"Hhon-g04657.t1/Hhon-g11170.t1/Hhon-g09710.t1/Hhon-g05322.t1/Hhon-g09380.t1/Hhon-g11664.t1/Hhon-g04500.t1/Hhon-g01523.t1/Hhon-g02931.t1/Hhon-g04925.t1/Hhon-g01922.t1/Hhon-g00092.t1",12,NA,NA
"GO:0048814","GO:0048814","6/304","60/9332",0.1,3.06973684210526,2.95127144183282,0.0130161719055125,0.0639563855049559,0.0462761191134632,"Hhon-g03181.t1/Hhon-g02425.t1/Hhon-g02931.t1/Hhon-g03264.t1/Hhon-g06183.t1/Hhon-g03112.t1",6,"regulation of dendrite morphogenesis","BP"
"GO:2000177","GO:2000177","6/304","60/9332",0.1,3.06973684210526,2.95127144183282,0.0130161719055125,0.0639563855049559,0.0462761191134632,"Hhon-g00684.t1/Hhon-g09380.t1/Hhon-g03432.t1/Hhon-g01324.t1/Hhon-g00226.t1/Hhon-g03531.t1",6,"regulation of neural precursor cell proliferation","BP"
"GO:1902850","GO:1902850","9/304","116/9332",0.0775862068965517,2.38169237749546,2.74773113340092,0.0133032679576766,0.0652156639786506,0.0471872794328843,"Hhon-g03432.t1/Hhon-g01323.t1/Hhon-g01363.t1/Hhon-g09811.t1/Hhon-g01983.t1/Hhon-g05253.t1/Hhon-g01922.t1/Hhon-g06183.t1/Hhon-g00901.t1",9,"microtubule cytoskeleton organization involved in mitosis","BP"
"GO:0043279","GO:0043279","7/304","78/9332",0.0897435897435897,2.75489203778677,2.8558675948548,0.0133195768434238,0.0652156639786506,0.0471872794328843,"Hhon-g04801.t1/Hhon-g10573.t1/Hhon-g01324.t1/Hhon-g02425.t1/Hhon-g00226.t1/Hhon-g01523.t1/Hhon-g05897.t1",7,"response to alkaloid","BP"
"GO:0046822","GO:0046822","7/304","78/9332",0.0897435897435897,2.75489203778677,2.8558675948548,0.0133195768434238,0.0652156639786506,0.0471872794328843,"Hhon-g09981.t1/Hhon-g03531.t1/Hhon-g01523.t1/Hhon-g04459.t1/Hhon-g08835.t1/Hhon-g08836.t1/Hhon-g07993.t1",7,"regulation of nucleocytoplasmic transport","BP"
"GO:0030900","GO:0030900","12/304","178/9332",0.0674157303370786,2.06948551153164,2.64353195136039,0.0134667370409256,0.0658585302637493,0.0476524301218793,"Hhon-g07625.t1/Hhon-g00684.t1/Hhon-g00902.t1/Hhon-g00903.t1/Hhon-g00914.t1/Hhon-g03907.t1/Hhon-g09380.t1/Hhon-g08561.t1/Hhon-g05189.t1/Hhon-g00226.t1/Hhon-g02931.t1/Hhon-g03264.t1",12,"forebrain development","BP"
"GO:0007602","GO:0007602","5/304","44/9332",0.113636363636364,3.48833732057416,3.03584503675156,0.0136285659165784,0.0663774905494535,0.0480279277020942,"Hhon-g03404.t1/Hhon-g11170.t1/Hhon-g04801.t1/Hhon-g01193.t1/Hhon-g06667.t1",5,"phototransduction","BP"
"GO:0042471","GO:0042471","5/304","44/9332",0.113636363636364,3.48833732057416,3.03584503675156,0.0136285659165784,0.0663774905494535,0.0480279277020942,"Hhon-g00902.t1/Hhon-g00903.t1/Hhon-g00914.t1/Hhon-g07787.t1/Hhon-g01922.t1",5,"ear morphogenesis","BP"
"GO:1902667","GO:1902667","5/304","44/9332",0.113636363636364,3.48833732057416,3.03584503675156,0.0136285659165784,0.0663774905494535,0.0480279277020942,"Hhon-g00684.t1/Hhon-g11170.t1/Hhon-g05322.t1/Hhon-g03264.t1/Hhon-g01922.t1",5,"regulation of axon guidance","BP"
"GO:0019915","GO:0019915","4/304","29/9332",0.137931034482759,4.23411978221416,3.20072749558684,0.0137913046263045,0.0663774905494535,0.0480279277020942,"Hhon-g09165.t1/Hhon-g09222.t1/Hhon-g09223.t1/Hhon-g08771.t1",4,"lipid storage","BP"
"GO:0030120","GO:0030120","4/304","29/9332",0.137931034482759,4.23411978221416,3.20072749558684,0.0137913046263045,0.0663774905494535,0.0480279277020942,"Hhon-g05061.t1/Hhon-g03112.t1/Hhon-g09132.t1/Hhon-g05970.t1",4,"vesicle coat","CC"
"GO:0048013","GO:0048013","4/304","29/9332",0.137931034482759,4.23411978221416,3.20072749558684,0.0137913046263045,0.0663774905494535,0.0480279277020942,"Hhon-g02425.t1/Hhon-g02931.t1/Hhon-g01922.t1/Hhon-g05967.t1",4,"ephrin receptor signaling pathway","BP"
"GO:0060236","GO:0060236","4/304","29/9332",0.137931034482759,4.23411978221416,3.20072749558684,0.0137913046263045,0.0663774905494535,0.0480279277020942,"Hhon-g01323.t1/Hhon-g01363.t1/Hhon-g05759.t1/Hhon-g09899.t1",4,"regulation of mitotic spindle organization","BP"
"GO:0060998","GO:0060998","4/304","29/9332",0.137931034482759,4.23411978221416,3.20072749558684,0.0137913046263045,0.0663774905494535,0.0480279277020942,"Hhon-g05193.t1/Hhon-g02425.t1/Hhon-g00226.t1/Hhon-g02931.t1",4,"regulation of dendritic spine development","BP"
"GO:0010256","GO:0010256","16/304","267/9332",0.0599250936329588,1.83954267691701,2.55399248793911,0.0138189537466732,0.0663774905494535,0.0480279277020942,"Hhon-g00124.t1/Hhon-g09060.t1/Hhon-g03364.t1/Hhon-g08474.t1/Hhon-g04801.t1/Hhon-g06571.t1/Hhon-g10573.t1/Hhon-g08202.t1/Hhon-g01523.t1/Hhon-g02357.t1/Hhon-g09899.t1/Hhon-g09076.t1/Hhon-g10981.t1/Hhon-g09428.t1/Hhon-g03112.t1/Hhon-g02688.t1",16,"endomembrane system organization","BP"
"GO:0006887","GO:0006887","18/304","313/9332",0.0575079872204473,1.76534387085926,2.52728776681208,0.0138207925252805,0.0663774905494535,0.0480279277020942,"Hhon-g03542.t1/Hhon-g00124.t1/Hhon-g00305.t1/Hhon-g03364.t1/Hhon-g05981.t1/Hhon-g07037.t1/Hhon-g03181.t1/Hhon-g10573.t1/Hhon-g06937.t1/Hhon-g07281.t1/Hhon-g06183.t1/Hhon-g00658.t1/Hhon-g10239.t1/Hhon-g09428.t1/Hhon-g08771.t1/Hhon-g08401.t1/Hhon-g08386.t1/Hhon-g03110.t1",18,"exocytosis","BP"
"GO:0005102","GO:0005102","23/304","432/9332",0.0532407407407407,1.63435063352827,2.47731572470504,0.0138602739456709,0.0663774905494535,0.0480279277020942,"Hhon-g01603.t1/Hhon-g09981.t1/Hhon-g09317.t1/Hhon-g03907.t1/Hhon-g04801.t1/Hhon-g10573.t1/Hhon-g07281.t1/Hhon-g02357.t1/Hhon-g01193.t1/Hhon-g03869.t1/Hhon-g04459.t1/Hhon-g04888.t1/Hhon-g07501.t1/Hhon-g01922.t1/Hhon-g08813.t1/Hhon-g05897.t1/Hhon-g02469.t1/Hhon-g08386.t1/Hhon-g11231.t1/Hhon-g02727.t1/Hhon-g07993.t1/Hhon-g03329.t1/Hhon-g00422.t1",23,"signaling receptor binding","MF"
"GO:0005685","GO:0005685","3/304","16/9332",0.1875,5.75575657894737,3.49357426767679,0.0139885125796657,0.0663774905494535,0.0480279277020942,"Hhon-g09314.t1/Hhon-g11385.t1/Hhon-g11388.t1",3,"U1 snRNP","CC"
"GO:0006929","GO:0006929","3/304","16/9332",0.1875,5.75575657894737,3.49357426767679,0.0139885125796657,0.0663774905494535,0.0480279277020942,"Hhon-g10494.t1/Hhon-g04500.t1/Hhon-g03264.t1",3,"substrate-dependent cell migration","BP"
"GO:0010762","GO:0010762","3/304","16/9332",0.1875,5.75575657894737,3.49357426767679,0.0139885125796657,0.0663774905494535,0.0480279277020942,"Hhon-g06571.t1/Hhon-g10573.t1/Hhon-g02931.t1",3,"regulation of fibroblast migration","BP"
"GO:0030137","GO:0030137","3/304","16/9332",0.1875,5.75575657894737,3.49357426767679,0.0139885125796657,0.0663774905494535,0.0480279277020942,"Hhon-g02688.t1/Hhon-g09132.t1/Hhon-g00877.t1",3,"COPI-coated vesicle","CC"
"GO:0032420","GO:0032420","3/304","16/9332",0.1875,5.75575657894737,3.49357426767679,0.0139885125796657,0.0663774905494535,0.0480279277020942,"Hhon-g01193.t1/Hhon-g07626.t1/Hhon-g05897.t1",3,"stereocilium","CC"
"GO:0035075","GO:0035075","3/304","16/9332",0.1875,5.75575657894737,3.49357426767679,0.0139885125796657,0.0663774905494535,0.0480279277020942,"Hhon-g01603.t1/Hhon-g02931.t1/Hhon-g02469.t1",3,"response to ecdysone","BP"
"GO:0042171","GO:0042171","3/304","16/9332",0.1875,5.75575657894737,3.49357426767679,0.0139885125796657,0.0663774905494535,0.0480279277020942,"Hhon-g02357.t1/Hhon-g07162.t1/Hhon-g07164.t1",3,"lysophosphatidic acid acyltransferase activity","MF"
"GO:0043518","GO:0043518","3/304","16/9332",0.1875,5.75575657894737,3.49357426767679,0.0139885125796657,0.0663774905494535,0.0480279277020942,"Hhon-g04500.t1/Hhon-g08813.t1/Hhon-g00901.t1",3,"negative regulation of DNA damage response, signal transduction by p53 class mediator","BP"
"GO:0044380","GO:0044380","3/304","16/9332",0.1875,5.75575657894737,3.49357426767679,0.0139885125796657,0.0663774905494535,0.0480279277020942,"Hhon-g01523.t1/Hhon-g01922.t1/Hhon-g05823.t1",3,"protein localization to cytoskeleton","BP"
"GO:0046606","GO:0046606","3/304","16/9332",0.1875,5.75575657894737,3.49357426767679,0.0139885125796657,0.0663774905494535,0.0480279277020942,"Hhon-g01323.t1/Hhon-g01363.t1/Hhon-g00901.t1",3,"negative regulation of centrosome cycle","BP"
"GO:0060581","GO:0060581","3/304","16/9332",0.1875,5.75575657894737,3.49357426767679,0.0139885125796657,0.0663774905494535,0.0480279277020942,"Hhon-g00684.t1/Hhon-g03907.t1/Hhon-g11664.t1",3,"cell fate commitment involved in pattern specification","BP"
"GO:0061733","GO:0061733","3/304","16/9332",0.1875,5.75575657894737,3.49357426767679,0.0139885125796657,0.0663774905494535,0.0480279277020942,"Hhon-g03304.t1/Hhon-g05246.t1/Hhon-g11664.t1",3,"peptide-lysine-N-acetyltransferase activity","MF"
"GO:0071617","GO:0071617","3/304","16/9332",0.1875,5.75575657894737,3.49357426767679,0.0139885125796657,0.0663774905494535,0.0480279277020942,"Hhon-g02357.t1/Hhon-g07162.t1/Hhon-g07164.t1",3,"lysophospholipid acyltransferase activity","MF"
"GO:0072698","GO:0072698","3/304","16/9332",0.1875,5.75575657894737,3.49357426767679,0.0139885125796657,0.0663774905494535,0.0480279277020942,"Hhon-g01523.t1/Hhon-g01922.t1/Hhon-g05823.t1",3,"protein localization to microtubule cytoskeleton","BP"
"GO:2000826","GO:2000826","3/304","16/9332",0.1875,5.75575657894737,3.49357426767679,0.0139885125796657,0.0663774905494535,0.0480279277020942,"Hhon-g03907.t1/Hhon-g07787.t1/Hhon-g03264.t1",3,"regulation of heart morphogenesis","BP"
"GO:0030139","GO:0030139","9/304","117/9332",0.0769230769230769,2.36133603238866,2.71904072368172,0.0140142159406783,0.0664235440475985,0.0480612500537081,"Hhon-g09060.t1/Hhon-g03364.t1/Hhon-g05193.t1/Hhon-g01323.t1/Hhon-g01363.t1/Hhon-g02357.t1/Hhon-g04888.t1/Hhon-g01922.t1/Hhon-g02290.t1",9,"endocytic vesicle","CC"
"GO:0008356","GO:0008356","7/304","79/9332",0.0886075949367089,2.72001998667555,2.81715582239455,0.0142204704882033,0.0673242798939796,0.0487129841845193,"Hhon-g00124.t1/Hhon-g03432.t1/Hhon-g01324.t1/Hhon-g04500.t1/Hhon-g05759.t1/Hhon-g04925.t1/Hhon-g01922.t1",7,"asymmetric cell division","BP"
"GO:0048565","GO:0048565","10/304","138/9332",0.072463768115942,2.2244469870328,2.65908605034564,0.0145973405066449,0.0689957182236432,0.0499223658377136,"Hhon-g00684.t1/Hhon-g00543.t1/Hhon-g00544.t1/Hhon-g01603.t1/Hhon-g07787.t1/Hhon-g04500.t1/Hhon-g06894.t1/Hhon-g04888.t1/Hhon-g01922.t1/Hhon-g09428.t1",10,"digestive tract development","BP"
"GO:0010038","GO:0010038","12/304","180/9332",0.0666666666666667,2.04649122807018,2.60147076957462,0.0146067524852077,0.0689957182236432,0.0499223658377136,"Hhon-g07625.t1/Hhon-g00684.t1/Hhon-g03364.t1/Hhon-g06571.t1/Hhon-g04000.t1/Hhon-g04001.t1/Hhon-g06017.t1/Hhon-g06018.t1/Hhon-g07433.t1/Hhon-g04888.t1/Hhon-g05897.t1/Hhon-g00092.t1",12,"response to metal ion","BP"
"GO:0098590","GO:0098590","21/304","386/9332",0.0544041450777202,1.67006408508317,2.46717898671811,0.0146802792916506,0.069264226839697,0.0501166472468551,"Hhon-g03542.t1/Hhon-g07625.t1/Hhon-g03364.t1/Hhon-g00543.t1/Hhon-g00544.t1/Hhon-g03432.t1/Hhon-g04801.t1/Hhon-g06571.t1/Hhon-g05193.t1/Hhon-g11182.t1/Hhon-g02482.t1/Hhon-g02483.t1/Hhon-g08105.t1/Hhon-g09899.t1/Hhon-g07409.t1/Hhon-g03264.t1/Hhon-g03869.t1/Hhon-g01983.t1/Hhon-g05253.t1/Hhon-g03387.t1/Hhon-g02237.t1",21,"plasma membrane region","CC"
"GO:0006333","GO:0006333","5/304","45/9332",0.111111111111111,3.41081871345029,2.97466593009002,0.0149351048842132,0.0700684242703428,0.0506985302878913,"Hhon-g07787.t1/Hhon-g05246.t1/Hhon-g09811.t1/Hhon-g07578.t1/Hhon-g00521.t1",5,NA,NA
"GO:0019674","GO:0019674","5/304","45/9332",0.111111111111111,3.41081871345029,2.97466593009002,0.0149351048842132,0.0700684242703428,0.0506985302878913,"Hhon-g06340.t1/Hhon-g06341.t1/Hhon-g06342.t1/Hhon-g09765.t1/Hhon-g09766.t1",5,"NAD metabolic process","BP"
"GO:0048762","GO:0048762","5/304","45/9332",0.111111111111111,3.41081871345029,2.97466593009002,0.0149351048842132,0.0700684242703428,0.0506985302878913,"Hhon-g03907.t1/Hhon-g09266.t1/Hhon-g07787.t1/Hhon-g04500.t1/Hhon-g04459.t1",5,"mesenchymal cell differentiation","BP"
"GO:1901264","GO:1901264","5/304","45/9332",0.111111111111111,3.41081871345029,2.97466593009002,0.0149351048842132,0.0700684242703428,0.0506985302878913,"Hhon-g06340.t1/Hhon-g06341.t1/Hhon-g06342.t1/Hhon-g09765.t1/Hhon-g09766.t1",5,"carbohydrate derivative transport","BP"
"GO:1904589","GO:1904589","5/304","45/9332",0.111111111111111,3.41081871345029,2.97466593009002,0.0149351048842132,0.0700684242703428,0.0506985302878913,"Hhon-g09981.t1/Hhon-g03531.t1/Hhon-g01523.t1/Hhon-g04459.t1/Hhon-g07993.t1",5,"regulation of protein import","BP"
"GO:0007601","GO:0007601","6/304","62/9332",0.0967741935483871,2.97071307300509,2.8568305837628,0.015146756599631,0.0707416573697053,0.0511856531115351,"Hhon-g11170.t1/Hhon-g08561.t1/Hhon-g05648.t1/Hhon-g05654.t1/Hhon-g08202.t1/Hhon-g06667.t1",6,"visual perception","BP"
"GO:0015748","GO:0015748","6/304","62/9332",0.0967741935483871,2.97071307300509,2.8568305837628,0.015146756599631,0.0707416573697053,0.0511856531115351,"Hhon-g09899.t1/Hhon-g06340.t1/Hhon-g06341.t1/Hhon-g06342.t1/Hhon-g09765.t1/Hhon-g09766.t1",6,"organophosphate ester transport","BP"
"GO:0030136","GO:0030136","6/304","62/9332",0.0967741935483871,2.97071307300509,2.8568305837628,0.015146756599631,0.0707416573697053,0.0511856531115351,"Hhon-g02357.t1/Hhon-g01922.t1/Hhon-g00658.t1/Hhon-g09428.t1/Hhon-g05061.t1/Hhon-g05662.t1",6,"clathrin-coated vesicle","CC"
"GO:0032993","GO:0032993","6/304","62/9332",0.0967741935483871,2.97071307300509,2.8568305837628,0.015146756599631,0.0707416573697053,0.0511856531115351,"Hhon-g05246.t1/Hhon-g09811.t1/Hhon-g04000.t1/Hhon-g04001.t1/Hhon-g06017.t1/Hhon-g06018.t1",6,"protein-DNA complex","CC"
"GO:0014069","GO:0014069","7/304","80/9332",0.0875,2.68601973684211,2.77904095463461,0.0151641168659482,0.0707431609296819,0.0511867410235555,"Hhon-g04801.t1/Hhon-g02425.t1/Hhon-g02931.t1/Hhon-g09899.t1/Hhon-g01922.t1/Hhon-g05897.t1/Hhon-g05823.t1",7,"postsynaptic density","CC"
"GO:0071345","GO:0071345","16/304","270/9332",0.0592592592592593,1.81910331384016,2.50618800718035,0.0152258135596111,0.0709512658804774,0.0513373169107804,"Hhon-g09060.t1/Hhon-g06571.t1/Hhon-g07787.t1/Hhon-g05246.t1/Hhon-g09473.t1/Hhon-g00226.t1/Hhon-g04000.t1/Hhon-g04001.t1/Hhon-g06017.t1/Hhon-g06018.t1/Hhon-g02931.t1/Hhon-g07409.t1/Hhon-g04888.t1/Hhon-g08787.t1/Hhon-g09428.t1/Hhon-g00901.t1",16,"cellular response to cytokine stimulus","BP"
"GO:0071241","GO:0071241","8/304","99/9332",0.0808080808080808,2.48059542796385,2.71761352207343,0.0152537038943596,0.0710015454813688,0.0513736970905148,"Hhon-g07625.t1/Hhon-g06571.t1/Hhon-g04000.t1/Hhon-g04001.t1/Hhon-g06017.t1/Hhon-g06018.t1/Hhon-g04888.t1/Hhon-g00092.t1",8,NA,NA
"GO:0009991","GO:0009991","20/304","364/9332",0.0549450549450549,1.68666859456333,2.45219604883113,0.0154480877367548,0.0714400122027642,0.051690952952715,"Hhon-g03542.t1/Hhon-g00684.t1/Hhon-g01603.t1/Hhon-g09981.t1/Hhon-g09317.t1/Hhon-g09710.t1/Hhon-g04801.t1/Hhon-g06571.t1/Hhon-g03531.t1/Hhon-g06894.t1/Hhon-g04000.t1/Hhon-g04001.t1/Hhon-g06017.t1/Hhon-g06018.t1/Hhon-g02357.t1/Hhon-g01193.t1/Hhon-g04888.t1/Hhon-g07501.t1/Hhon-g00092.t1/Hhon-g09405.t1",20,NA,NA
"GO:0006334","GO:0006334","4/304","30/9332",0.133333333333333,4.09298245614035,3.11354414516415,0.0155148119207285,0.0714400122027642,0.051690952952715,"Hhon-g07787.t1/Hhon-g05246.t1/Hhon-g09811.t1/Hhon-g00521.t1",4,"nucleosome assembly","BP"
"GO:0008080","GO:0008080","4/304","30/9332",0.133333333333333,4.09298245614035,3.11354414516415,0.0155148119207285,0.0714400122027642,0.051690952952715,"Hhon-g03304.t1/Hhon-g05246.t1/Hhon-g11664.t1/Hhon-g09845.t1",4,"N-acetyltransferase activity","MF"
"GO:0035162","GO:0035162","4/304","30/9332",0.133333333333333,4.09298245614035,3.11354414516415,0.0155148119207285,0.0714400122027642,0.051690952952715,"Hhon-g09710.t1/Hhon-g10494.t1/Hhon-g04801.t1/Hhon-g05246.t1",4,"embryonic hemopoiesis","BP"
"GO:0048566","GO:0048566","4/304","30/9332",0.133333333333333,4.09298245614035,3.11354414516415,0.0155148119207285,0.0714400122027642,0.051690952952715,"Hhon-g00684.t1/Hhon-g07787.t1/Hhon-g06894.t1/Hhon-g01922.t1",4,"embryonic digestive tract development","BP"
"GO:0055059","GO:0055059","4/304","30/9332",0.133333333333333,4.09298245614035,3.11354414516415,0.0155148119207285,0.0714400122027642,0.051690952952715,"Hhon-g00124.t1/Hhon-g03432.t1/Hhon-g01324.t1/Hhon-g04500.t1",4,"asymmetric neuroblast division","BP"
"GO:1903533","GO:1903533","4/304","30/9332",0.133333333333333,4.09298245614035,3.11354414516415,0.0155148119207285,0.0714400122027642,0.051690952952715,"Hhon-g03542.t1/Hhon-g06571.t1/Hhon-g02931.t1/Hhon-g07409.t1",4,"regulation of protein targeting","BP"
"GO:1904377","GO:1904377","4/304","30/9332",0.133333333333333,4.09298245614035,3.11354414516415,0.0155148119207285,0.0714400122027642,0.051690952952715,"Hhon-g06571.t1/Hhon-g10573.t1/Hhon-g05193.t1/Hhon-g07409.t1",4,"positive regulation of protein localization to cell periphery","BP"
"GO:0005509","GO:0005509","9/304","119/9332",0.0756302521008403,2.32164971251659,2.66252946284828,0.0155199641153404,0.0714400122027642,0.051690952952715,"Hhon-g03364.t1/Hhon-g05981.t1/Hhon-g07037.t1/Hhon-g01259.t1/Hhon-g01193.t1/Hhon-g07409.t1/Hhon-g07433.t1/Hhon-g04888.t1/Hhon-g08386.t1",9,"calcium ion binding","MF"
"GO:0048514","GO:0048514","9/304","119/9332",0.0756302521008403,2.32164971251659,2.66252946284828,0.0155199641153404,0.0714400122027642,0.051690952952715,"Hhon-g01603.t1/Hhon-g03907.t1/Hhon-g00241.t1/Hhon-g10567.t1/Hhon-g05246.t1/Hhon-g03531.t1/Hhon-g03264.t1/Hhon-g08814.t1/Hhon-g00092.t1",9,"blood vessel morphogenesis","BP"
"GO:0045926","GO:0045926","12/304","182/9332",0.0659340659340659,2.024002313476,2.55994830934035,0.015818790463148,0.072734903657797,0.0526278813100478,"Hhon-g09981.t1/Hhon-g06571.t1/Hhon-g05648.t1/Hhon-g05654.t1/Hhon-g10567.t1/Hhon-g00226.t1/Hhon-g00590.t1/Hhon-g08741.t1/Hhon-g02931.t1/Hhon-g09899.t1/Hhon-g06667.t1/Hhon-g00901.t1",12,"negative regulation of growth","BP"
"GO:0048569","GO:0048569","14/304","226/9332",0.0619469026548673,1.90160689333954,2.51775073488632,0.0158563897094005,0.0728271350369811,0.0526946160114451,"Hhon-g04657.t1/Hhon-g11170.t1/Hhon-g09710.t1/Hhon-g05322.t1/Hhon-g09380.t1/Hhon-g11664.t1/Hhon-g04500.t1/Hhon-g01523.t1/Hhon-g04016.t1/Hhon-g02931.t1/Hhon-g04925.t1/Hhon-g01922.t1/Hhon-g00092.t1/Hhon-g10909.t1",14,NA,NA
"GO:0016477","GO:0016477","21/304","389/9332",0.0539845758354756,1.65718441347585,2.42954837780822,0.0158869403647092,0.0728868247450525,0.052737804944321,"Hhon-g00684.t1/Hhon-g01603.t1/Hhon-g09710.t1/Hhon-g10494.t1/Hhon-g03907.t1/Hhon-g09380.t1/Hhon-g09266.t1/Hhon-g04801.t1/Hhon-g06571.t1/Hhon-g07787.t1/Hhon-g06075.t1/Hhon-g02482.t1/Hhon-g02483.t1/Hhon-g04500.t1/Hhon-g02425.t1/Hhon-g05759.t1/Hhon-g04016.t1/Hhon-g02931.t1/Hhon-g03264.t1/Hhon-g01922.t1/Hhon-g05967.t1",21,"cell migration","BP"
"GO:1903362","GO:1903362","10/304","140/9332",0.0714285714285714,2.19266917293233,2.60906029351255,0.0160103170142072,0.073371783932658,0.0530887007767483,"Hhon-g07437.t1/Hhon-g08170.t1/Hhon-g08474.t1/Hhon-g04801.t1/Hhon-g06571.t1/Hhon-g01523.t1/Hhon-g04374.t1/Hhon-g07281.t1/Hhon-g01922.t1/Hhon-g00901.t1",10,NA,NA
"GO:0050954","GO:0050954","8/304","100/9332",0.08,2.45578947368421,2.68568941950206,0.0161277760362962,0.07374630805309,0.0533596904937427,"Hhon-g03404.t1/Hhon-g09266.t1/Hhon-g10573.t1/Hhon-g04244.t1/Hhon-g04246.t1/Hhon-g04500.t1/Hhon-g07626.t1/Hhon-g05897.t1",8,"sensory perception of mechanical stimulus","BP"
"GO:0007098","GO:0007098","7/304","81/9332",0.0864197530864197,2.65285899935023,2.74150528230544,0.0161515268416093,0.07374630805309,0.0533596904937427,"Hhon-g01323.t1/Hhon-g01324.t1/Hhon-g01363.t1/Hhon-g01983.t1/Hhon-g05253.t1/Hhon-g00901.t1/Hhon-g07207.t1",7,"centrosome cycle","BP"
"GO:0032279","GO:0032279","7/304","81/9332",0.0864197530864197,2.65285899935023,2.74150528230544,0.0161515268416093,0.07374630805309,0.0533596904937427,"Hhon-g04801.t1/Hhon-g02425.t1/Hhon-g02931.t1/Hhon-g09899.t1/Hhon-g01922.t1/Hhon-g05897.t1/Hhon-g05823.t1",7,"asymmetric synapse","CC"
"GO:0010035","GO:0010035","16/304","272/9332",0.0588235294117647,1.80572755417957,2.47464941195889,0.0162239147810155,0.07374630805309,0.0533596904937427,"Hhon-g07625.t1/Hhon-g00684.t1/Hhon-g03364.t1/Hhon-g01603.t1/Hhon-g06571.t1/Hhon-g00226.t1/Hhon-g04000.t1/Hhon-g04001.t1/Hhon-g06017.t1/Hhon-g06018.t1/Hhon-g07433.t1/Hhon-g04888.t1/Hhon-g07501.t1/Hhon-g05897.t1/Hhon-g00092.t1/Hhon-g03329.t1",16,NA,NA
"GO:0000149","GO:0000149","6/304","63/9332",0.0952380952380952,2.92355889724311,2.81102322248753,0.016297875013791,0.07374630805309,0.0533596904937427,"Hhon-g03542.t1/Hhon-g03364.t1/Hhon-g07037.t1/Hhon-g06937.t1/Hhon-g07281.t1/Hhon-g03110.t1",6,"SNARE binding","MF"
"GO:0043195","GO:0043195","6/304","63/9332",0.0952380952380952,2.92355889724311,2.81102322248753,0.016297875013791,0.07374630805309,0.0533596904937427,"Hhon-g07625.t1/Hhon-g02357.t1/Hhon-g09076.t1/Hhon-g10981.t1/Hhon-g00658.t1/Hhon-g09428.t1",6,"terminal bouton","CC"
"GO:0046887","GO:0046887","6/304","63/9332",0.0952380952380952,2.92355889724311,2.81102322248753,0.016297875013791,0.07374630805309,0.0533596904937427,"Hhon-g03907.t1/Hhon-g10573.t1/Hhon-g00241.t1/Hhon-g04829.t1/Hhon-g02425.t1/Hhon-g08386.t1",6,"positive regulation of hormone secretion","BP"
"GO:0001745","GO:0001745","9/304","120/9332",0.075,2.30230263157895,2.63469706615443,0.0163159664887831,0.07374630805309,0.0533596904937427,"Hhon-g09710.t1/Hhon-g10494.t1/Hhon-g03432.t1/Hhon-g05193.t1/Hhon-g01523.t1/Hhon-g05759.t1/Hhon-g09899.t1/Hhon-g01922.t1/Hhon-g00092.t1",9,"compound eye morphogenesis","BP"
"GO:0022407","GO:0022407","9/304","120/9332",0.075,2.30230263157895,2.63469706615443,0.0163159664887831,0.07374630805309,0.0533596904937427,"Hhon-g10494.t1/Hhon-g04801.t1/Hhon-g06571.t1/Hhon-g07787.t1/Hhon-g04500.t1/Hhon-g09024.t1/Hhon-g02931.t1/Hhon-g06160.t1/Hhon-g03112.t1",9,"regulation of cell-cell adhesion","BP"
"GO:0007405","GO:0007405","5/304","46/9332",0.108695652173913,3.3366704805492,2.91519197385024,0.0163229424616546,0.07374630805309,0.0533596904937427,"Hhon-g00124.t1/Hhon-g00684.t1/Hhon-g03432.t1/Hhon-g01324.t1/Hhon-g04500.t1",5,"neuroblast proliferation","BP"
"GO:0050905","GO:0050905","5/304","46/9332",0.108695652173913,3.3366704805492,2.91519197385024,0.0163229424616546,0.07374630805309,0.0533596904937427,"Hhon-g00902.t1/Hhon-g00903.t1/Hhon-g00914.t1/Hhon-g01922.t1/Hhon-g02474.t1",5,"neuromuscular process","BP"
"GO:0090277","GO:0090277","5/304","46/9332",0.108695652173913,3.3366704805492,2.91519197385024,0.0163229424616546,0.07374630805309,0.0533596904937427,"Hhon-g03907.t1/Hhon-g10573.t1/Hhon-g00241.t1/Hhon-g04829.t1/Hhon-g08386.t1",5,"positive regulation of peptide hormone secretion","BP"
"GO:1903305","GO:1903305","5/304","46/9332",0.108695652173913,3.3366704805492,2.91519197385024,0.0163229424616546,0.07374630805309,0.0533596904937427,"Hhon-g03542.t1/Hhon-g02085.t1/Hhon-g03364.t1/Hhon-g07037.t1/Hhon-g07281.t1",5,"regulation of regulated secretory pathway","BP"
"GO:0003323","GO:0003323","3/304","17/9332",0.176470588235294,5.4171826625387,3.34490279395846,0.0165837007877238,0.0744384061304101,0.0538604632127042,"Hhon-g03907.t1/Hhon-g04244.t1/Hhon-g04246.t1",3,"type B pancreatic cell development","BP"
"GO:0005818","GO:0005818","3/304","17/9332",0.176470588235294,5.4171826625387,3.34490279395846,0.0165837007877238,0.0744384061304101,0.0538604632127042,"Hhon-g05759.t1/Hhon-g01983.t1/Hhon-g05253.t1",3,"aster","CC"
"GO:0009642","GO:0009642","3/304","17/9332",0.176470588235294,5.4171826625387,3.34490279395846,0.0165837007877238,0.0744384061304101,0.0538604632127042,"Hhon-g07625.t1/Hhon-g04801.t1/Hhon-g06571.t1",3,"response to light intensity","BP"
"GO:0030332","GO:0030332","3/304","17/9332",0.176470588235294,5.4171826625387,3.34490279395846,0.0165837007877238,0.0744384061304101,0.0538604632127042,"Hhon-g03531.t1/Hhon-g08787.t1/Hhon-g10239.t1",3,"cyclin binding","MF"
"GO:0031519","GO:0031519","3/304","17/9332",0.176470588235294,5.4171826625387,3.34490279395846,0.0165837007877238,0.0744384061304101,0.0538604632127042,"Hhon-g09473.t1/Hhon-g00226.t1/Hhon-g07320.t1",3,"PcG protein complex","CC"
"GO:0048148","GO:0048148","3/304","17/9332",0.176470588235294,5.4171826625387,3.34490279395846,0.0165837007877238,0.0744384061304101,0.0538604632127042,"Hhon-g02425.t1/Hhon-g01523.t1/Hhon-g05897.t1",3,"behavioral response to cocaine","BP"
"GO:0012506","GO:0012506","15/304","250/9332",0.06,1.84184210526316,2.47579687448533,0.0166693490679873,0.0747420489527897,0.0540801662385311,"Hhon-g00124.t1/Hhon-g00305.t1/Hhon-g05981.t1/Hhon-g03181.t1/Hhon-g02357.t1/Hhon-g06183.t1/Hhon-g00658.t1/Hhon-g09428.t1/Hhon-g05061.t1/Hhon-g03112.t1/Hhon-g02688.t1/Hhon-g08401.t1/Hhon-g09132.t1/Hhon-g05970.t1/Hhon-g03110.t1",15,"vesicle membrane","CC"
"GO:0099503","GO:0099503","21/304","391/9332",0.0537084398976982,1.6487077668596,2.40463708292981,0.0167339743425199,0.0748791831536231,0.0541793907109929,"Hhon-g00124.t1/Hhon-g00305.t1/Hhon-g02085.t1/Hhon-g03364.t1/Hhon-g05981.t1/Hhon-g03181.t1/Hhon-g06571.t1/Hhon-g01259.t1/Hhon-g06937.t1/Hhon-g07281.t1/Hhon-g02931.t1/Hhon-g02357.t1/Hhon-g06183.t1/Hhon-g00658.t1/Hhon-g10239.t1/Hhon-g09428.t1/Hhon-g02688.t1/Hhon-g08401.t1/Hhon-g08386.t1/Hhon-g00877.t1/Hhon-g03110.t1",21,"secretory vesicle","CC"
"GO:1903829","GO:1903829","10/304","141/9332",0.0709219858156028,2.17711832773423,2.58436235517668,0.0167537766527005,0.0748791831536231,0.0541793907109929,"Hhon-g03542.t1/Hhon-g06571.t1/Hhon-g10573.t1/Hhon-g05193.t1/Hhon-g11664.t1/Hhon-g03531.t1/Hhon-g02931.t1/Hhon-g07409.t1/Hhon-g07418.t1/Hhon-g07993.t1",10,"positive regulation of protein localization","BP"
"GO:0019787","GO:0019787","11/304","162/9332",0.0679012345679012,2.08438921377518,2.554836662942,0.0167540368857697,0.0748791831536231,0.0541793907109929,"Hhon-g07437.t1/Hhon-g08170.t1/Hhon-g08474.t1/Hhon-g02107.t1/Hhon-g04393.t1/Hhon-g07281.t1/Hhon-g08813.t1/Hhon-g02772.t1/Hhon-g00901.t1/Hhon-g00458.t1/Hhon-g02727.t1",11,"ubiquitin-like protein transferase activity","MF"
"GO:0045931","GO:0045931","8/304","101/9332",0.0792079207920792,2.43147472642001,2.65414782383393,0.0170375043143223,0.0760642128097487,0.055036827745417,"Hhon-g00902.t1/Hhon-g00903.t1/Hhon-g00914.t1/Hhon-g04801.t1/Hhon-g10567.t1/Hhon-g04016.t1/Hhon-g06183.t1/Hhon-g00901.t1",8,"positive regulation of mitotic cell cycle","BP"
"GO:0060322","GO:0060322","21/304","392/9332",0.0535714285714286,1.64450187969925,2.39223353276876,0.0171706212330598,0.0764701971291635,0.0553305807237178,"Hhon-g07625.t1/Hhon-g00684.t1/Hhon-g00902.t1/Hhon-g00903.t1/Hhon-g00914.t1/Hhon-g09437.t1/Hhon-g01603.t1/Hhon-g11170.t1/Hhon-g03907.t1/Hhon-g09380.t1/Hhon-g07787.t1/Hhon-g08561.t1/Hhon-g05189.t1/Hhon-g10567.t1/Hhon-g01324.t1/Hhon-g05246.t1/Hhon-g04500.t1/Hhon-g00226.t1/Hhon-g02931.t1/Hhon-g03264.t1/Hhon-g01922.t1",21,"head development","BP"
"GO:0006470","GO:0006470","7/304","82/9332",0.0853658536585366,2.62050706033376,2.70453183993307,0.0171836931410187,0.0764701971291635,0.0553305807237178,"Hhon-g01324.t1/Hhon-g07433.t1/Hhon-g07501.t1/Hhon-g09165.t1/Hhon-g09222.t1/Hhon-g09223.t1/Hhon-g09428.t1",7,"protein dephosphorylation","BP"
"GO:0009306","GO:0009306","7/304","82/9332",0.0853658536585366,2.62050706033376,2.70453183993307,0.0171836931410187,0.0764701971291635,0.0553305807237178,"Hhon-g00124.t1/Hhon-g00305.t1/Hhon-g07437.t1/Hhon-g08170.t1/Hhon-g09428.t1/Hhon-g02772.t1/Hhon-g02688.t1",7,"protein secretion","BP"
"GO:0099080","GO:0099080","15/304","251/9332",0.0597609561752988,1.83450408890753,2.4592552273841,0.0172239961155605,0.0765674859441189,0.0554009747704379,"Hhon-g01323.t1/Hhon-g01363.t1/Hhon-g03531.t1/Hhon-g01523.t1/Hhon-g05759.t1/Hhon-g07281.t1/Hhon-g02931.t1/Hhon-g09899.t1/Hhon-g01983.t1/Hhon-g05253.t1/Hhon-g06183.t1/Hhon-g05897.t1/Hhon-g08386.t1/Hhon-g06173.t1/Hhon-g01891.t1",15,"supramolecular complex","CC"
"GO:0000387","GO:0000387","4/304","31/9332",0.129032258064516,3.96095076400679,3.03006762965423,0.0173680588526194,0.0768786570960297,0.0556261249751721,"Hhon-g09314.t1/Hhon-g11385.t1/Hhon-g11388.t1/Hhon-g06163.t1",4,"spliceosomal snRNP assembly","BP"
"GO:0001837","GO:0001837","4/304","31/9332",0.129032258064516,3.96095076400679,3.03006762965423,0.0173680588526194,0.0768786570960297,0.0556261249751721,"Hhon-g09266.t1/Hhon-g07787.t1/Hhon-g04500.t1/Hhon-g04459.t1",4,"epithelial to mesenchymal transition","BP"
"GO:0035152","GO:0035152","4/304","31/9332",0.129032258064516,3.96095076400679,3.03006762965423,0.0173680588526194,0.0768786570960297,0.0556261249751721,"Hhon-g06937.t1/Hhon-g01922.t1/Hhon-g03112.t1/Hhon-g07993.t1",4,"regulation of tube architecture, open tracheal system","BP"
"GO:0035265","GO:0035265","4/304","31/9332",0.129032258064516,3.96095076400679,3.03006762965423,0.0173680588526194,0.0768786570960297,0.0556261249751721,"Hhon-g01603.t1/Hhon-g07787.t1/Hhon-g01523.t1/Hhon-g08466.t1",4,"organ growth","BP"
"GO:0030522","GO:0030522","6/304","64/9332",0.09375,2.87787828947368,2.7661105097479,0.0175080287101799,0.0772511532461922,0.0558956473391726,"Hhon-g09437.t1/Hhon-g01603.t1/Hhon-g09981.t1/Hhon-g11170.t1/Hhon-g04459.t1/Hhon-g02469.t1",6,"intracellular receptor signaling pathway","BP"
"GO:0048863","GO:0048863","6/304","64/9332",0.09375,2.87787828947368,2.7661105097479,0.0175080287101799,0.0772511532461922,0.0558956473391726,"Hhon-g00684.t1/Hhon-g09710.t1/Hhon-g03907.t1/Hhon-g09266.t1/Hhon-g07787.t1/Hhon-g04500.t1",6,"stem cell differentiation","BP"
"GO:0097306","GO:0097306","6/304","64/9332",0.09375,2.87787828947368,2.7661105097479,0.0175080287101799,0.0772511532461922,0.0558956473391726,"Hhon-g01603.t1/Hhon-g06571.t1/Hhon-g10573.t1/Hhon-g07578.t1/Hhon-g07433.t1/Hhon-g02469.t1",6,"cellular response to alcohol","BP"
"GO:0009896","GO:0009896","14/304","229/9332",0.0611353711790393,1.87669501264077,2.46478542416526,0.0175898563320401,0.0775298126227499,0.056097273406685,"Hhon-g07437.t1/Hhon-g08170.t1/Hhon-g08474.t1/Hhon-g06571.t1/Hhon-g10573.t1/Hhon-g07787.t1/Hhon-g01523.t1/Hhon-g04374.t1/Hhon-g07281.t1/Hhon-g03869.t1/Hhon-g01922.t1/Hhon-g02469.t1/Hhon-g00901.t1/Hhon-g03387.t1",14,"positive regulation of catabolic process","BP"
"GO:0003206","GO:0003206","5/304","47/9332",0.106382978723404,3.26567749160134,2.85733510164926,0.0177940121471755,0.0781806755926697,0.0565682101565458,"Hhon-g01603.t1/Hhon-g03907.t1/Hhon-g00241.t1/Hhon-g03264.t1/Hhon-g01922.t1",5,"cardiac chamber morphogenesis","BP"
"GO:0016811","GO:0016811","5/304","47/9332",0.106382978723404,3.26567749160134,2.85733510164926,0.0177940121471755,0.0781806755926697,0.0565682101565458,"Hhon-g00226.t1/Hhon-g03531.t1/Hhon-g06894.t1/Hhon-g07578.t1/Hhon-g07460.t1",5,"hydrolase activity, acting on carbon-nitrogen (but not peptide) bonds, in linear amides","MF"
"GO:0030278","GO:0030278","5/304","47/9332",0.106382978723404,3.26567749160134,2.85733510164926,0.0177940121471755,0.0781806755926697,0.0565682101565458,"Hhon-g07787.t1/Hhon-g04500.t1/Hhon-g07578.t1/Hhon-g03869.t1/Hhon-g04459.t1",5,"regulation of ossification","BP"
"GO:0007283","GO:0007283","16/304","275/9332",0.0581818181818182,1.78602870813397,2.42782669535962,0.0178152231871475,0.0781911275613492,0.0565757727563357,"Hhon-g00543.t1/Hhon-g00544.t1/Hhon-g03432.t1/Hhon-g07787.t1/Hhon-g05251.t1/Hhon-g06705.t1/Hhon-g05193.t1/Hhon-g01323.t1/Hhon-g01324.t1/Hhon-g01363.t1/Hhon-g09473.t1/Hhon-g05759.t1/Hhon-g03321.t1/Hhon-g07460.t1/Hhon-g07409.t1/Hhon-g03390.t1",16,"spermatogenesis","BP"
"GO:0032872","GO:0032872","8/304","102/9332",0.0784313725490196,2.40763673890609,2.62297976329994,0.0179836347658081,0.078846939332244,0.0570502902480033,"Hhon-g03181.t1/Hhon-g06571.t1/Hhon-g03531.t1/Hhon-g09357.t1/Hhon-g02931.t1/Hhon-g01922.t1/Hhon-g00901.t1/Hhon-g03688.t1",8,"regulation of stress-activated MAPK cascade","BP"
"GO:0048870","GO:0048870","23/304","443/9332",0.0519187358916479,1.59376856362124,2.34962049629667,0.0181576257402374,0.0795258038749636,0.0575414877444342,"Hhon-g00684.t1/Hhon-g01603.t1/Hhon-g09710.t1/Hhon-g10494.t1/Hhon-g03907.t1/Hhon-g09380.t1/Hhon-g09266.t1/Hhon-g04801.t1/Hhon-g06571.t1/Hhon-g07787.t1/Hhon-g06075.t1/Hhon-g04244.t1/Hhon-g04246.t1/Hhon-g02482.t1/Hhon-g02483.t1/Hhon-g04500.t1/Hhon-g02425.t1/Hhon-g05759.t1/Hhon-g04016.t1/Hhon-g02931.t1/Hhon-g03264.t1/Hhon-g01922.t1/Hhon-g05967.t1",23,"cell motility","BP"
"GO:0001568","GO:0001568","11/304","164/9332",0.0670731707317073,2.05896983311938,2.51057570354179,0.0181965484742948,0.0795378007309668,0.0575501681589543,"Hhon-g01603.t1/Hhon-g03907.t1/Hhon-g06571.t1/Hhon-g00241.t1/Hhon-g10567.t1/Hhon-g05246.t1/Hhon-g03531.t1/Hhon-g03264.t1/Hhon-g08814.t1/Hhon-g00092.t1/Hhon-g02688.t1",11,"blood vessel development","BP"
"GO:0140098","GO:0140098","14/304","230/9332",0.0608695652173913,1.86853546910755,2.44730542284367,0.0181986779129139,0.0795378007309668,0.0575501681589543,"Hhon-g03321.t1/Hhon-g08053.t1/Hhon-g04459.t1/Hhon-g09751.t1/Hhon-g08814.t1/Hhon-g09426.t1/Hhon-g11491.t1/Hhon-g00572.t1/Hhon-g09696.t1/Hhon-g11345.t1/Hhon-g07660.t1/Hhon-g03376.t1/Hhon-g06163.t1/Hhon-g10129.t1",14,"catalytic activity, acting on RNA","MF"
"GO:0030010","GO:0030010","7/304","83/9332",0.0843373493975904,2.58893468611287,2.66810436582673,0.0182615889590075,0.0796450812581922,0.0576277917835109,"Hhon-g00124.t1/Hhon-g03432.t1/Hhon-g05193.t1/Hhon-g09811.t1/Hhon-g02931.t1/Hhon-g01922.t1/Hhon-g00901.t1",7,"establishment of cell polarity","BP"
"GO:0046328","GO:0046328","7/304","83/9332",0.0843373493975904,2.58893468611287,2.66810436582673,0.0182615889590075,0.0796450812581922,0.0576277917835109,"Hhon-g03181.t1/Hhon-g06571.t1/Hhon-g03531.t1/Hhon-g02931.t1/Hhon-g01922.t1/Hhon-g00901.t1/Hhon-g03688.t1",7,"regulation of JNK cascade","BP"
"GO:0033044","GO:0033044","15/304","253/9332",0.0592885375494071,1.82000208029956,2.42639397006546,0.0183757177103518,0.0800587407485633,0.057927098188926,"Hhon-g03907.t1/Hhon-g09266.t1/Hhon-g01323.t1/Hhon-g01324.t1/Hhon-g01363.t1/Hhon-g03304.t1/Hhon-g11664.t1/Hhon-g04500.t1/Hhon-g00226.t1/Hhon-g07578.t1/Hhon-g05759.t1/Hhon-g04016.t1/Hhon-g09899.t1/Hhon-g06183.t1/Hhon-g08787.t1",15,"regulation of chromosome organization","BP"
"GO:0008026","GO:0008026","6/304","65/9332",0.0923076923076923,2.8336032388664,2.72205925915883,0.0187785294197893,0.0814717389247284,0.0589494835440561,"Hhon-g03321.t1/Hhon-g08053.t1/Hhon-g04459.t1/Hhon-g09751.t1/Hhon-g03376.t1/Hhon-g06163.t1",6,NA,NA
"GO:0043433","GO:0043433","6/304","65/9332",0.0923076923076923,2.8336032388664,2.72205925915883,0.0187785294197893,0.0814717389247284,0.0589494835440561,"Hhon-g09981.t1/Hhon-g03907.t1/Hhon-g05246.t1/Hhon-g00226.t1/Hhon-g03531.t1/Hhon-g08386.t1",6,"negative regulation of DNA-binding transcription factor activity","BP"
"GO:0061351","GO:0061351","6/304","65/9332",0.0923076923076923,2.8336032388664,2.72205925915883,0.0187785294197893,0.0814717389247284,0.0589494835440561,"Hhon-g00124.t1/Hhon-g00684.t1/Hhon-g09380.t1/Hhon-g03432.t1/Hhon-g01324.t1/Hhon-g04500.t1",6,"neural precursor cell proliferation","BP"
"GO:0070035","GO:0070035","6/304","65/9332",0.0923076923076923,2.8336032388664,2.72205925915883,0.0187785294197893,0.0814717389247284,0.0589494835440561,"Hhon-g03321.t1/Hhon-g08053.t1/Hhon-g04459.t1/Hhon-g09751.t1/Hhon-g03376.t1/Hhon-g06163.t1",6,NA,NA
"GO:0030176","GO:0030176","8/304","103/9332",0.0776699029126214,2.38426162493613,2.59217656536154,0.0189669026043946,0.082117392714751,0.0594166511530016,"Hhon-g06340.t1/Hhon-g06341.t1/Hhon-g06342.t1/Hhon-g09765.t1/Hhon-g09766.t1/Hhon-g07162.t1/Hhon-g07164.t1/Hhon-g05662.t1",8,NA,NA
"GO:0070302","GO:0070302","8/304","103/9332",0.0776699029126214,2.38426162493613,2.59217656536154,0.0189669026043946,0.082117392714751,0.0594166511530016,"Hhon-g03181.t1/Hhon-g06571.t1/Hhon-g03531.t1/Hhon-g09357.t1/Hhon-g02931.t1/Hhon-g01922.t1/Hhon-g00901.t1/Hhon-g03688.t1",8,"regulation of stress-activated protein kinase signaling cascade","BP"
"GO:0051674","GO:0051674","23/304","445/9332",0.051685393258427,1.58660555884092,2.32677131399273,0.0190410868929826,0.0823527008121497,0.0595869100795749,"Hhon-g00684.t1/Hhon-g01603.t1/Hhon-g09710.t1/Hhon-g10494.t1/Hhon-g03907.t1/Hhon-g09380.t1/Hhon-g09266.t1/Hhon-g04801.t1/Hhon-g06571.t1/Hhon-g07787.t1/Hhon-g06075.t1/Hhon-g04244.t1/Hhon-g04246.t1/Hhon-g02482.t1/Hhon-g02483.t1/Hhon-g04500.t1/Hhon-g02425.t1/Hhon-g05759.t1/Hhon-g04016.t1/Hhon-g02931.t1/Hhon-g03264.t1/Hhon-g01922.t1/Hhon-g05967.t1",23,"localization of cell","BP"
"GO:0030334","GO:0030334","17/304","301/9332",0.0564784053156146,1.73373841580696,2.37444271106392,0.0193195707837845,0.0826565920421083,0.0598067928425558,"Hhon-g09981.t1/Hhon-g03181.t1/Hhon-g09380.t1/Hhon-g04801.t1/Hhon-g06571.t1/Hhon-g10573.t1/Hhon-g07787.t1/Hhon-g08561.t1/Hhon-g04500.t1/Hhon-g04501.t1/Hhon-g06894.t1/Hhon-g04016.t1/Hhon-g02931.t1/Hhon-g07409.t1/Hhon-g03264.t1/Hhon-g00092.t1/Hhon-g02469.t1",17,"regulation of cell migration","BP"
"GO:0031397","GO:0031397","5/304","48/9332",0.104166666666667,3.19764254385965,2.80101360359077,0.019350146730643,0.0826565920421083,0.0598067928425558,"Hhon-g04801.t1/Hhon-g06571.t1/Hhon-g10573.t1/Hhon-g00241.t1/Hhon-g07578.t1",5,"negative regulation of protein ubiquitination","BP"
"GO:0035258","GO:0035258","5/304","48/9332",0.104166666666667,3.19764254385965,2.80101360359077,0.019350146730643,0.0826565920421083,0.0598067928425558,"Hhon-g03907.t1/Hhon-g04801.t1/Hhon-g04459.t1/Hhon-g07501.t1/Hhon-g02469.t1",5,NA,NA
"GO:0000132","GO:0000132","4/304","32/9332",0.125,3.83717105263158,2.95001447075357,0.0193536876815182,0.0826565920421083,0.0598067928425558,"Hhon-g03432.t1/Hhon-g09811.t1/Hhon-g01922.t1/Hhon-g00901.t1",4,"establishment of mitotic spindle orientation","BP"
"GO:0010611","GO:0010611","4/304","32/9332",0.125,3.83717105263158,2.95001447075357,0.0193536876815182,0.0826565920421083,0.0598067928425558,"Hhon-g04801.t1/Hhon-g09024.t1/Hhon-g02931.t1/Hhon-g08787.t1",4,"regulation of cardiac muscle hypertrophy","BP"
"GO:0014743","GO:0014743","4/304","32/9332",0.125,3.83717105263158,2.95001447075357,0.0193536876815182,0.0826565920421083,0.0598067928425558,"Hhon-g04801.t1/Hhon-g09024.t1/Hhon-g02931.t1/Hhon-g08787.t1",4,"regulation of muscle hypertrophy","BP"
"GO:0055024","GO:0055024","4/304","32/9332",0.125,3.83717105263158,2.95001447075357,0.0193536876815182,0.0826565920421083,0.0598067928425558,"Hhon-g10567.t1/Hhon-g00226.t1/Hhon-g03531.t1/Hhon-g02931.t1",4,"regulation of cardiac muscle tissue development","BP"
"GO:0099572","GO:0099572","7/304","84/9332",0.0833333333333333,2.55811403508772,2.63220726467584,0.0193861666095205,0.0826565920421083,0.0598067928425558,"Hhon-g04801.t1/Hhon-g02425.t1/Hhon-g02931.t1/Hhon-g09899.t1/Hhon-g01922.t1/Hhon-g05897.t1/Hhon-g05823.t1",7,"postsynaptic specialization","CC"
"GO:0008407","GO:0008407","3/304","18/9332",0.166666666666667,5.11622807017544,3.20754440202748,0.0194298732738675,0.0826565920421083,0.0598067928425558,"Hhon-g00684.t1/Hhon-g03907.t1/Hhon-g04925.t1",3,"chaeta morphogenesis","BP"
"GO:0010559","GO:0010559","3/304","18/9332",0.166666666666667,5.11622807017544,3.20754440202748,0.0194298732738675,0.0826565920421083,0.0598067928425558,"Hhon-g09165.t1/Hhon-g09222.t1/Hhon-g09223.t1",3,"regulation of glycoprotein biosynthetic process","BP"
"GO:0010613","GO:0010613","3/304","18/9332",0.166666666666667,5.11622807017544,3.20754440202748,0.0194298732738675,0.0826565920421083,0.0598067928425558,"Hhon-g04801.t1/Hhon-g09024.t1/Hhon-g08787.t1",3,"positive regulation of cardiac muscle hypertrophy","BP"
"GO:0014742","GO:0014742","3/304","18/9332",0.166666666666667,5.11622807017544,3.20754440202748,0.0194298732738675,0.0826565920421083,0.0598067928425558,"Hhon-g04801.t1/Hhon-g09024.t1/Hhon-g08787.t1",3,"positive regulation of muscle hypertrophy","BP"
"GO:0035267","GO:0035267","3/304","18/9332",0.166666666666667,5.11622807017544,3.20754440202748,0.0194298732738675,0.0826565920421083,0.0598067928425558,"Hhon-g06127.t1/Hhon-g07536.t1/Hhon-g05440.t1",3,"NuA4 histone acetyltransferase complex","CC"
"GO:0043189","GO:0043189","3/304","18/9332",0.166666666666667,5.11622807017544,3.20754440202748,0.0194298732738675,0.0826565920421083,0.0598067928425558,"Hhon-g06127.t1/Hhon-g07536.t1/Hhon-g05440.t1",3,"H4/H2A histone acetyltransferase complex","CC"
"GO:0045445","GO:0045445","3/304","18/9332",0.166666666666667,5.11622807017544,3.20754440202748,0.0194298732738675,0.0826565920421083,0.0598067928425558,"Hhon-g00684.t1/Hhon-g03907.t1/Hhon-g04459.t1",3,"myoblast differentiation","BP"
"GO:1903018","GO:1903018","3/304","18/9332",0.166666666666667,5.11622807017544,3.20754440202748,0.0194298732738675,0.0826565920421083,0.0598067928425558,"Hhon-g09165.t1/Hhon-g09222.t1/Hhon-g09223.t1",3,"regulation of glycoprotein metabolic process","BP"
"GO:0016747","GO:0016747","8/304","104/9332",0.0769230769230769,2.36133603238866,2.56172984388614,0.019988031377618,0.0849440187102044,0.0614618774462335,"Hhon-g03304.t1/Hhon-g05246.t1/Hhon-g11664.t1/Hhon-g02357.t1/Hhon-g07162.t1/Hhon-g07164.t1/Hhon-g10405.t1/Hhon-g09845.t1",8,"acyltransferase activity, transferring groups other than amino-acyl groups","MF"
"GO:0022037","GO:0022037","6/304","66/9332",0.0909090909090909,2.79066985645933,2.67883801956069,0.0201106449123823,0.0853777072353901,0.0617756760089756,"Hhon-g07625.t1/Hhon-g00684.t1/Hhon-g09437.t1/Hhon-g09380.t1/Hhon-g05189.t1/Hhon-g02931.t1",6,"metencephalon development","BP"
"GO:0007169","GO:0007169","13/304","211/9332",0.0616113744075829,1.89130705911699,2.40299273187736,0.0205027724699474,0.0867762602397775,0.0627876094524706,"Hhon-g09710.t1/Hhon-g03907.t1/Hhon-g09266.t1/Hhon-g04801.t1/Hhon-g06571.t1/Hhon-g10573.t1/Hhon-g07787.t1/Hhon-g02425.t1/Hhon-g02931.t1/Hhon-g01922.t1/Hhon-g00665.t1/Hhon-g05967.t1/Hhon-g03387.t1",13,"cell surface receptor protein tyrosine kinase signaling pathway","BP"
"GO:0007552","GO:0007552","13/304","211/9332",0.0616113744075829,1.89130705911699,2.40299273187736,0.0205027724699474,0.0867762602397775,0.0627876094524706,"Hhon-g04657.t1/Hhon-g01603.t1/Hhon-g11170.t1/Hhon-g09710.t1/Hhon-g05322.t1/Hhon-g09380.t1/Hhon-g11664.t1/Hhon-g04500.t1/Hhon-g01523.t1/Hhon-g02931.t1/Hhon-g04925.t1/Hhon-g01922.t1/Hhon-g00092.t1",13,"metamorphosis","BP"
"GO:0034248","GO:0034248","13/304","211/9332",0.0616113744075829,1.89130705911699,2.40299273187736,0.0205027724699474,0.0867762602397775,0.0627876094524706,"Hhon-g00684.t1/Hhon-g01603.t1/Hhon-g04801.t1/Hhon-g00241.t1/Hhon-g01523.t1/Hhon-g01914.t1/Hhon-g09400.t1/Hhon-g03869.t1/Hhon-g02232.t1/Hhon-g08401.t1/Hhon-g00606.t1/Hhon-g03280.t1/Hhon-g06173.t1",13,"regulation of amide metabolic process","BP"
"GO:0002790","GO:0002790","7/304","85/9332",0.0823529411764706,2.52801857585139,2.59682557255744,0.020558356219718,0.0869229073566895,0.0628937170662184,"Hhon-g00124.t1/Hhon-g00305.t1/Hhon-g07437.t1/Hhon-g08170.t1/Hhon-g09428.t1/Hhon-g02772.t1/Hhon-g02688.t1",7,"peptide secretion","BP"
"GO:0032102","GO:0032102","8/304","105/9332",0.0761904761904762,2.33884711779449,2.53163148699075,0.0210477321416003,0.0888111624511428,0.0642599781045435,"Hhon-g03907.t1/Hhon-g04500.t1/Hhon-g09899.t1/Hhon-g03264.t1/Hhon-g01922.t1/Hhon-g00092.t1/Hhon-g07418.t1/Hhon-g03390.t1",8,"negative regulation of response to external stimulus","BP"
"GO:0042593","GO:0042593","8/304","105/9332",0.0761904761904762,2.33884711779449,2.53163148699075,0.0210477321416003,0.0888111624511428,0.0642599781045435,"Hhon-g03542.t1/Hhon-g09981.t1/Hhon-g06571.t1/Hhon-g00241.t1/Hhon-g04829.t1/Hhon-g04374.t1/Hhon-g04016.t1/Hhon-g09428.t1",8,"glucose homeostasis","BP"
"GO:0007173","GO:0007173","4/304","33/9332",0.121212121212121,3.72089314194577,2.87313110162153,0.0214740477212766,0.090112757537523,0.06520175692427,"Hhon-g09710.t1/Hhon-g06571.t1/Hhon-g07787.t1/Hhon-g00665.t1",4,"epidermal growth factor receptor signaling pathway","BP"
"GO:0016333","GO:0016333","4/304","33/9332",0.121212121212121,3.72089314194577,2.87313110162153,0.0214740477212766,0.090112757537523,0.06520175692427,"Hhon-g03432.t1/Hhon-g05251.t1/Hhon-g06705.t1/Hhon-g07320.t1",4,"morphogenesis of follicular epithelium","BP"
"GO:0034703","GO:0034703","4/304","33/9332",0.121212121212121,3.72089314194577,2.87313110162153,0.0214740477212766,0.090112757537523,0.06520175692427,"Hhon-g03542.t1/Hhon-g07625.t1/Hhon-g05648.t1/Hhon-g05654.t1",4,"cation channel complex","CC"
"GO:0036445","GO:0036445","4/304","33/9332",0.121212121212121,3.72089314194577,2.87313110162153,0.0214740477212766,0.090112757537523,0.06520175692427,"Hhon-g00124.t1/Hhon-g03432.t1/Hhon-g01324.t1/Hhon-g04500.t1",4,"neuronal stem cell division","BP"
"GO:0055057","GO:0055057","4/304","33/9332",0.121212121212121,3.72089314194577,2.87313110162153,0.0214740477212766,0.090112757537523,0.06520175692427,"Hhon-g00124.t1/Hhon-g03432.t1/Hhon-g01324.t1/Hhon-g04500.t1",4,"neuroblast division","BP"
"GO:0000139","GO:0000139","14/304","235/9332",0.0595744680851064,1.82877939529675,2.36117888259594,0.021486423401288,0.090112757537523,0.06520175692427,"Hhon-g00305.t1/Hhon-g09060.t1/Hhon-g10573.t1/Hhon-g01523.t1/Hhon-g02357.t1/Hhon-g09899.t1/Hhon-g02290.t1/Hhon-g09076.t1/Hhon-g10981.t1/Hhon-g00658.t1/Hhon-g03112.t1/Hhon-g02688.t1/Hhon-g09132.t1/Hhon-g00877.t1",14,"Golgi membrane","CC"
"GO:0098657","GO:0098657","17/304","305/9332",0.0557377049180328,1.71100086281277,2.31661272472577,0.0216622705916156,0.0907585746684036,0.06566904271971,"Hhon-g03364.t1/Hhon-g10573.t1/Hhon-g05648.t1/Hhon-g05654.t1/Hhon-g05193.t1/Hhon-g02425.t1/Hhon-g01523.t1/Hhon-g05759.t1/Hhon-g02931.t1/Hhon-g02357.t1/Hhon-g04888.t1/Hhon-g02290.t1/Hhon-g00658.t1/Hhon-g05061.t1/Hhon-g08771.t1/Hhon-g05967.t1/Hhon-g07418.t1",17,"import into cell","BP"
"GO:0000775","GO:0000775","7/304","86/9332",0.0813953488372093,2.49862301101591,2.56194492417208,0.0217790644698898,0.0910641245508382,0.0658901256130443,"Hhon-g03304.t1/Hhon-g09811.t1/Hhon-g04016.t1/Hhon-g01983.t1/Hhon-g05253.t1/Hhon-g06183.t1/Hhon-g05440.t1",7,"chromosome, centromeric region","CC"
"GO:0007605","GO:0007605","7/304","86/9332",0.0813953488372093,2.49862301101591,2.56194492417208,0.0217790644698898,0.0910641245508382,0.0658901256130443,"Hhon-g03404.t1/Hhon-g09266.t1/Hhon-g04244.t1/Hhon-g04246.t1/Hhon-g04500.t1/Hhon-g07626.t1/Hhon-g05897.t1",7,"sensory perception of sound","BP"
"GO:0045862","GO:0045862","13/304","213/9332",0.0610328638497653,1.87354830738819,2.366509388367,0.0219678842995472,0.0917612229494166,0.0663945163516974,"Hhon-g07437.t1/Hhon-g08170.t1/Hhon-g08474.t1/Hhon-g06571.t1/Hhon-g00226.t1/Hhon-g01523.t1/Hhon-g04374.t1/Hhon-g08502.t1/Hhon-g07281.t1/Hhon-g03264.t1/Hhon-g01922.t1/Hhon-g10909.t1/Hhon-g00901.t1",13,"positive regulation of proteolysis","BP"
"GO:0031345","GO:0031345","8/304","106/9332",0.0754716981132075,2.31678252234359,2.50187364551302,0.0221467026539701,0.092415185346014,0.0668676957148169,"Hhon-g09317.t1/Hhon-g05193.t1/Hhon-g00226.t1/Hhon-g09899.t1/Hhon-g07409.t1/Hhon-g08835.t1/Hhon-g08836.t1/Hhon-g06667.t1",8,"negative regulation of cell projection organization","BP"
"GO:0005705","GO:0005705","3/304","19/9332",0.157894736842105,4.84695290858726,3.08002314723955,0.0225283402799673,0.093350966908607,0.0675447874346325,"Hhon-g03304.t1/Hhon-g00226.t1/Hhon-g00521.t1",3,"polytene chromosome interband","CC"
"GO:0006654","GO:0006654","3/304","19/9332",0.157894736842105,4.84695290858726,3.08002314723955,0.0225283402799673,0.093350966908607,0.0675447874346325,"Hhon-g03404.t1/Hhon-g07162.t1/Hhon-g07164.t1",3,"phosphatidic acid biosynthetic process","BP"
"GO:0009593","GO:0009593","3/304","19/9332",0.157894736842105,4.84695290858726,3.08002314723955,0.0225283402799673,0.093350966908607,0.0675447874346325,"Hhon-g03364.t1/Hhon-g07433.t1/Hhon-g07501.t1",3,"detection of chemical stimulus","BP"
"GO:0032922","GO:0032922","3/304","19/9332",0.157894736842105,4.84695290858726,3.08002314723955,0.0225283402799673,0.093350966908607,0.0675447874346325,"Hhon-g00226.t1/Hhon-g03531.t1/Hhon-g01523.t1",3,"circadian regulation of gene expression","BP"
"GO:0035066","GO:0035066","3/304","19/9332",0.157894736842105,4.84695290858726,3.08002314723955,0.0225283402799673,0.093350966908607,0.0675447874346325,"Hhon-g03907.t1/Hhon-g11664.t1/Hhon-g04500.t1",3,NA,NA
"GO:0048070","GO:0048070","3/304","19/9332",0.157894736842105,4.84695290858726,3.08002314723955,0.0225283402799673,0.093350966908607,0.0675447874346325,"Hhon-g04500.t1/Hhon-g01922.t1/Hhon-g03112.t1",3,"regulation of developmental pigmentation","BP"
"GO:0050433","GO:0050433","3/304","19/9332",0.157894736842105,4.84695290858726,3.08002314723955,0.0225283402799673,0.093350966908607,0.0675447874346325,"Hhon-g03542.t1/Hhon-g03364.t1/Hhon-g04801.t1",3,"regulation of catecholamine secretion","BP"
"GO:1902903","GO:1902903","10/304","148/9332",0.0675675675675676,2.07414651493599,2.4170384279001,0.0226924007957031,0.0936959214911875,0.0677943818922648,"Hhon-g10573.t1/Hhon-g05193.t1/Hhon-g02425.t1/Hhon-g00226.t1/Hhon-g01523.t1/Hhon-g05759.t1/Hhon-g02931.t1/Hhon-g07409.t1/Hhon-g01922.t1/Hhon-g05967.t1",10,"regulation of supramolecular fiber organization","BP"
"GO:0006906","GO:0006906","5/304","50/9332",0.1,3.06973684210526,2.69267824642301,0.0227244202653241,0.0936959214911875,0.0677943818922648,"Hhon-g03364.t1/Hhon-g07037.t1/Hhon-g06937.t1/Hhon-g02290.t1/Hhon-g03110.t1",5,"vesicle fusion","BP"
"GO:0071322","GO:0071322","5/304","50/9332",0.1,3.06973684210526,2.69267824642301,0.0227244202653241,0.0936959214911875,0.0677943818922648,"Hhon-g03542.t1/Hhon-g04801.t1/Hhon-g00241.t1/Hhon-g04016.t1/Hhon-g09428.t1",5,"cellular response to carbohydrate stimulus","BP"
"GO:0072091","GO:0072091","5/304","50/9332",0.1,3.06973684210526,2.69267824642301,0.0227244202653241,0.0936959214911875,0.0677943818922648,"Hhon-g03432.t1/Hhon-g01324.t1/Hhon-g04500.t1/Hhon-g00226.t1/Hhon-g03531.t1",5,"regulation of stem cell proliferation","BP"
"GO:0140029","GO:0140029","5/304","50/9332",0.1,3.06973684210526,2.69267824642301,0.0227244202653241,0.0936959214911875,0.0677943818922648,"Hhon-g03542.t1/Hhon-g00124.t1/Hhon-g00305.t1/Hhon-g06937.t1/Hhon-g03110.t1",5,"exocytic process","BP"
"GO:0051301","GO:0051301","14/304","237/9332",0.0590717299578059,1.8133466577837,2.32730669588011,0.0229198029880712,0.0944077599270552,0.0683094378946901,"Hhon-g00124.t1/Hhon-g03432.t1/Hhon-g05193.t1/Hhon-g01324.t1/Hhon-g04500.t1/Hhon-g09811.t1/Hhon-g05759.t1/Hhon-g04925.t1/Hhon-g01983.t1/Hhon-g05253.t1/Hhon-g01922.t1/Hhon-g08835.t1/Hhon-g08836.t1/Hhon-g06667.t1",14,"cell division","BP"
"GO:0031227","GO:0031227","8/304","107/9332",0.0747663551401869,2.29513034923758,2.47244872207158,0.023285626586115,0.0958195456744793,0.0693309459879738,"Hhon-g06340.t1/Hhon-g06341.t1/Hhon-g06342.t1/Hhon-g09765.t1/Hhon-g09766.t1/Hhon-g07162.t1/Hhon-g07164.t1/Hhon-g05662.t1",8,NA,NA
"GO:0004672","GO:0004672","13/304","215/9332",0.0604651162790698,1.85611995104039,2.33041346980252,0.0235098229598189,0.0966463217120475,0.0699291659482262,"Hhon-g03432.t1/Hhon-g04801.t1/Hhon-g06571.t1/Hhon-g10573.t1/Hhon-g07787.t1/Hhon-g02425.t1/Hhon-g01523.t1/Hhon-g04374.t1/Hhon-g05759.t1/Hhon-g02931.t1/Hhon-g08787.t1/Hhon-g10239.t1/Hhon-g03387.t1",13,"protein kinase activity","MF"
"GO:0010638","GO:0010638","17/304","308/9332",0.0551948051948052,1.69433526999316,2.27378895640686,0.023557245510204,0.0967454830448734,0.070000914869199,"Hhon-g00902.t1/Hhon-g00903.t1/Hhon-g00914.t1/Hhon-g03907.t1/Hhon-g09266.t1/Hhon-g06571.t1/Hhon-g10573.t1/Hhon-g05193.t1/Hhon-g11664.t1/Hhon-g04500.t1/Hhon-g02425.t1/Hhon-g01523.t1/Hhon-g04016.t1/Hhon-g02931.t1/Hhon-g08787.t1/Hhon-g05967.t1/Hhon-g03387.t1",17,"positive regulation of organelle organization","BP"
"GO:0034702","GO:0034702","4/304","34/9332",0.117647058823529,3.61145510835913,2.79918990673631,0.0237311970919149,0.0969802463834948,0.0701707796315014,"Hhon-g03542.t1/Hhon-g07625.t1/Hhon-g05648.t1/Hhon-g05654.t1",4,"monoatomic ion channel complex","CC"
"GO:0045667","GO:0045667","4/304","34/9332",0.117647058823529,3.61145510835913,2.79918990673631,0.0237311970919149,0.0969802463834948,0.0701707796315014,"Hhon-g04500.t1/Hhon-g07578.t1/Hhon-g03869.t1/Hhon-g04459.t1",4,"regulation of osteoblast differentiation","BP"
"GO:0048207","GO:0048207","4/304","34/9332",0.117647058823529,3.61145510835913,2.79918990673631,0.0237311970919149,0.0969802463834948,0.0701707796315014,"Hhon-g01523.t1/Hhon-g03112.t1/Hhon-g02688.t1/Hhon-g05970.t1",4,"vesicle targeting, rough ER to cis-Golgi","BP"
"GO:0048208","GO:0048208","4/304","34/9332",0.117647058823529,3.61145510835913,2.79918990673631,0.0237311970919149,0.0969802463834948,0.0701707796315014,"Hhon-g01523.t1/Hhon-g03112.t1/Hhon-g02688.t1/Hhon-g05970.t1",4,"COPII vesicle coating","BP"
"GO:0090278","GO:0090278","4/304","34/9332",0.117647058823529,3.61145510835913,2.79918990673631,0.0237311970919149,0.0969802463834948,0.0701707796315014,"Hhon-g03542.t1/Hhon-g06571.t1/Hhon-g02425.t1/Hhon-g00226.t1",4,"negative regulation of peptide hormone secretion","BP"
"GO:0008406","GO:0008406","12/304","193/9332",0.0621761658031088,1.90864466866648,2.34060705604104,0.0238917638356286,0.0974446006341159,0.070506766608297,"Hhon-g03432.t1/Hhon-g04801.t1/Hhon-g07787.t1/Hhon-g06894.t1/Hhon-g07460.t1/Hhon-g02931.t1/Hhon-g03264.t1/Hhon-g01983.t1/Hhon-g05253.t1/Hhon-g01922.t1/Hhon-g09428.t1/Hhon-g03381.t1",12,"gonad development","BP"
"GO:0045137","GO:0045137","12/304","193/9332",0.0621761658031088,1.90864466866648,2.34060705604104,0.0238917638356286,0.0974446006341159,0.070506766608297,"Hhon-g03432.t1/Hhon-g04801.t1/Hhon-g07787.t1/Hhon-g06894.t1/Hhon-g07460.t1/Hhon-g02931.t1/Hhon-g03264.t1/Hhon-g01983.t1/Hhon-g05253.t1/Hhon-g01922.t1/Hhon-g09428.t1/Hhon-g03381.t1",12,"development of primary sexual characteristics","BP"
"GO:0032446","GO:0032446","15/304","262/9332",0.0572519083969466,1.75748292486943,2.28204897671442,0.0243015027875259,0.09892141134687,0.071575323999586,"Hhon-g07437.t1/Hhon-g08170.t1/Hhon-g08474.t1/Hhon-g02107.t1/Hhon-g04393.t1/Hhon-g06571.t1/Hhon-g07281.t1/Hhon-g08813.t1/Hhon-g06160.t1/Hhon-g02772.t1/Hhon-g00901.t1/Hhon-g00458.t1/Hhon-g02727.t1/Hhon-g07320.t1/Hhon-g09888.t1",15,"protein modification by small protein conjugation","BP"
"GO:0032535","GO:0032535","15/304","262/9332",0.0572519083969466,1.75748292486943,2.28204897671442,0.0243015027875259,0.09892141134687,0.071575323999586,"Hhon-g00684.t1/Hhon-g11170.t1/Hhon-g09710.t1/Hhon-g05322.t1/Hhon-g06571.t1/Hhon-g10573.t1/Hhon-g05193.t1/Hhon-g02425.t1/Hhon-g01523.t1/Hhon-g05759.t1/Hhon-g02931.t1/Hhon-g09899.t1/Hhon-g01922.t1/Hhon-g06667.t1/Hhon-g05967.t1",15,"regulation of cellular component size","BP"
"GO:0032271","GO:0032271","7/304","88/9332",0.0795454545454545,2.44183612440191,2.49363210821982,0.0243695391501952,0.0991012013238103,0.071705412376573,"Hhon-g10573.t1/Hhon-g05193.t1/Hhon-g02425.t1/Hhon-g01523.t1/Hhon-g05759.t1/Hhon-g02931.t1/Hhon-g05967.t1",7,"regulation of protein polymerization","BP"
"GO:0033500","GO:0033500","8/304","108/9332",0.0740740740740741,2.27387914230019,2.44334936068043,0.0244651727558094,0.0993311194840588,0.0718717713739742,"Hhon-g03542.t1/Hhon-g09981.t1/Hhon-g06571.t1/Hhon-g00241.t1/Hhon-g04829.t1/Hhon-g04374.t1/Hhon-g04016.t1/Hhon-g09428.t1",8,"carbohydrate homeostasis","BP"
"GO:0072175","GO:0072175","6/304","69/9332",0.0869565217391304,2.66933638443936,2.55386351604787,0.0244886568221048,0.0993311194840588,0.0718717713739742,"Hhon-g09380.t1/Hhon-g09266.t1/Hhon-g00241.t1/Hhon-g07787.t1/Hhon-g01922.t1/Hhon-g02688.t1",6,"epithelial tube formation","BP"
"GO:0016202","GO:0016202","5/304","51/9332",0.0980392156862745,3.00954592363261,2.64052782615893,0.0245456957106562,0.0993311194840588,0.0718717713739742,"Hhon-g10567.t1/Hhon-g00226.t1/Hhon-g03531.t1/Hhon-g02931.t1/Hhon-g04459.t1",5,"regulation of striated muscle tissue development","BP"
"GO:0051261","GO:0051261","5/304","51/9332",0.0980392156862745,3.00954592363261,2.64052782615893,0.0245456957106562,0.0993311194840588,0.0718717713739742,"Hhon-g02357.t1/Hhon-g09899.t1/Hhon-g01983.t1/Hhon-g05253.t1/Hhon-g11373.t1",5,"protein depolymerization","BP"
"GO:0061326","GO:0061326","5/304","51/9332",0.0980392156862745,3.00954592363261,2.64052782615893,0.0245456957106562,0.0993311194840588,0.0718717713739742,"Hhon-g00684.t1/Hhon-g09710.t1/Hhon-g09380.t1/Hhon-g07787.t1/Hhon-g04500.t1",5,"renal tubule development","BP"
"GO:0099513","GO:0099513","10/304","150/9332",0.0666666666666667,2.04649122807018,2.37092430613482,0.0246390603523832,0.0996118584061295,0.072074902112132,"Hhon-g01323.t1/Hhon-g01363.t1/Hhon-g03531.t1/Hhon-g01523.t1/Hhon-g09899.t1/Hhon-g01983.t1/Hhon-g05253.t1/Hhon-g06183.t1/Hhon-g06173.t1/Hhon-g01891.t1",10,"polymeric cytoskeletal fiber","CC"
"GO:0032956","GO:0032956","9/304","129/9332",0.0697674418604651,2.14167686658507,2.39595389445731,0.0248787515719315,0.100483051095972,0.0727052600719766,"Hhon-g10573.t1/Hhon-g05193.t1/Hhon-g02425.t1/Hhon-g00226.t1/Hhon-g01523.t1/Hhon-g05759.t1/Hhon-g02931.t1/Hhon-g01922.t1/Hhon-g05967.t1",9,"regulation of actin cytoskeleton organization","BP"
"GO:0046914","GO:0046914","17/304","311/9332",0.0546623794212219,1.67799119986461,2.23142359664215,0.0255755864215248,0.102824210347879,0.0743992232868995,"Hhon-g08474.t1/Hhon-g01603.t1/Hhon-g02107.t1/Hhon-g04393.t1/Hhon-g00195.t1/Hhon-g05246.t1/Hhon-g09473.t1/Hhon-g07281.t1/Hhon-g07626.t1/Hhon-g03112.t1/Hhon-g09314.t1/Hhon-g11385.t1/Hhon-g11388.t1/Hhon-g11231.t1/Hhon-g05970.t1/Hhon-g07320.t1/Hhon-g07993.t1",17,"transition metal ion binding","MF"
"GO:0002252","GO:0002252","18/304","335/9332",0.0537313432835821,1.64941084053417,2.22125382448464,0.0255760837868145,0.102824210347879,0.0743992232868995,"Hhon-g00124.t1/Hhon-g00305.t1/Hhon-g07437.t1/Hhon-g08170.t1/Hhon-g03181.t1/Hhon-g09710.t1/Hhon-g03432.t1/Hhon-g10573.t1/Hhon-g02931.t1/Hhon-g06183.t1/Hhon-g06696.t1/Hhon-g00658.t1/Hhon-g10239.t1/Hhon-g09428.t1/Hhon-g08401.t1/Hhon-g08386.t1/Hhon-g05967.t1/Hhon-g07418.t1",18,"immune effector process","BP"
"GO:0051248","GO:0051248","23/304","458/9332",0.0502183406113537,1.54157090324063,2.18088849417864,0.025634633647494,0.102824210347879,0.0743992232868995,"Hhon-g09981.t1/Hhon-g04801.t1/Hhon-g06571.t1/Hhon-g10573.t1/Hhon-g00241.t1/Hhon-g01259.t1/Hhon-g00226.t1/Hhon-g03531.t1/Hhon-g07578.t1/Hhon-g01523.t1/Hhon-g04016.t1/Hhon-g02931.t1/Hhon-g07409.t1/Hhon-g03869.t1/Hhon-g01922.t1/Hhon-g09165.t1/Hhon-g09222.t1/Hhon-g09223.t1/Hhon-g02232.t1/Hhon-g00092.t1/Hhon-g00901.t1/Hhon-g03381.t1/Hhon-g06173.t1",23,"negative regulation of protein metabolic process","BP"
"GO:0007018","GO:0007018","12/304","195/9332",0.0615384615384615,1.88906882591093,2.30226858273659,0.0256366334531643,0.102824210347879,0.0743992232868995,"Hhon-g04244.t1/Hhon-g04246.t1/Hhon-g01323.t1/Hhon-g01363.t1/Hhon-g08202.t1/Hhon-g00178.t1/Hhon-g01983.t1/Hhon-g05253.t1/Hhon-g11373.t1/Hhon-g06183.t1/Hhon-g08771.t1/Hhon-g02474.t1",12,"microtubule-based movement","BP"
"GO:0032259","GO:0032259","10/304","151/9332",0.0662251655629139,2.03293830602998,2.34813452774187,0.0256562784997233,0.102824210347879,0.0743992232868995,"Hhon-g00226.t1/Hhon-g07460.t1/Hhon-g04000.t1/Hhon-g04001.t1/Hhon-g06017.t1/Hhon-g06018.t1/Hhon-g09426.t1/Hhon-g11491.t1/Hhon-g01642.t1/Hhon-g03381.t1",10,"methylation","BP"
"GO:0001656","GO:0001656","3/304","20/9332",0.15,4.60460526315789,2.96112225250585,0.0258794074695408,0.102824210347879,0.0743992232868995,"Hhon-g09380.t1/Hhon-g07787.t1/Hhon-g03264.t1",3,"metanephros development","BP"
"GO:0003179","GO:0003179","3/304","20/9332",0.15,4.60460526315789,2.96112225250585,0.0258794074695408,0.102824210347879,0.0743992232868995,"Hhon-g00241.t1/Hhon-g07787.t1/Hhon-g03264.t1",3,"heart valve morphogenesis","BP"
"GO:0006939","GO:0006939","3/304","20/9332",0.15,4.60460526315789,2.96112225250585,0.0258794074695408,0.102824210347879,0.0743992232868995,"Hhon-g00902.t1/Hhon-g00903.t1/Hhon-g00914.t1",3,"smooth muscle contraction","BP"
"GO:0007638","GO:0007638","3/304","20/9332",0.15,4.60460526315789,2.96112225250585,0.0258794074695408,0.102824210347879,0.0743992232868995,"Hhon-g00902.t1/Hhon-g00903.t1/Hhon-g00914.t1",3,"mechanosensory behavior","BP"
"GO:0030011","GO:0030011","3/304","20/9332",0.15,4.60460526315789,2.96112225250585,0.0258794074695408,0.102824210347879,0.0743992232868995,"Hhon-g03432.t1/Hhon-g01324.t1/Hhon-g03112.t1",3,"maintenance of cell polarity","BP"
"GO:0030279","GO:0030279","3/304","20/9332",0.15,4.60460526315789,2.96112225250585,0.0258794074695408,0.102824210347879,0.0743992232868995,"Hhon-g07787.t1/Hhon-g07578.t1/Hhon-g03869.t1",3,"negative regulation of ossification","BP"
"GO:0031365","GO:0031365","3/304","20/9332",0.15,4.60460526315789,2.96112225250585,0.0258794074695408,0.102824210347879,0.0743992232868995,"Hhon-g03280.t1/Hhon-g10405.t1/Hhon-g09845.t1",3,"N-terminal protein amino acid modification","BP"
"GO:0032421","GO:0032421","3/304","20/9332",0.15,4.60460526315789,2.96112225250585,0.0258794074695408,0.102824210347879,0.0743992232868995,"Hhon-g01193.t1/Hhon-g07626.t1/Hhon-g05897.t1",3,"stereocilium bundle","CC"
"GO:0032680","GO:0032680","3/304","20/9332",0.15,4.60460526315789,2.96112225250585,0.0258794074695408,0.102824210347879,0.0743992232868995,"Hhon-g03907.t1/Hhon-g00226.t1/Hhon-g03531.t1",3,"regulation of tumor necrosis factor production","BP"
"GO:0050854","GO:0050854","3/304","20/9332",0.15,4.60460526315789,2.96112225250585,0.0258794074695408,0.102824210347879,0.0743992232868995,"Hhon-g04801.t1/Hhon-g10573.t1/Hhon-g06160.t1",3,"regulation of antigen receptor-mediated signaling pathway","BP"
"GO:0090382","GO:0090382","3/304","20/9332",0.15,4.60460526315789,2.96112225250585,0.0258794074695408,0.102824210347879,0.0743992232868995,"Hhon-g09060.t1/Hhon-g03364.t1/Hhon-g02290.t1",3,"phagosome maturation","BP"
"GO:1903555","GO:1903555","3/304","20/9332",0.15,4.60460526315789,2.96112225250585,0.0258794074695408,0.102824210347879,0.0743992232868995,"Hhon-g03907.t1/Hhon-g00226.t1/Hhon-g03531.t1",3,"regulation of tumor necrosis factor superfamily cytokine production","BP"
"GO:0098660","GO:0098660","14/304","241/9332",0.0580912863070539,1.78324961782048,2.26051813423929,0.025999989286614,0.102862771578996,0.0744271245528991,"Hhon-g03542.t1/Hhon-g07625.t1/Hhon-g00543.t1/Hhon-g00544.t1/Hhon-g10573.t1/Hhon-g05648.t1/Hhon-g05654.t1/Hhon-g01259.t1/Hhon-g06340.t1/Hhon-g06341.t1/Hhon-g06342.t1/Hhon-g09765.t1/Hhon-g09766.t1/Hhon-g11231.t1",14,"inorganic ion transmembrane transport","BP"
"GO:0044092","GO:0044092","21/304","409/9332",0.0513447432762836,1.57614850083644,2.18648123770105,0.026053375153207,0.102862771578996,0.0744271245528991,"Hhon-g09981.t1/Hhon-g03907.t1/Hhon-g04801.t1/Hhon-g06571.t1/Hhon-g10573.t1/Hhon-g01259.t1/Hhon-g05246.t1/Hhon-g00226.t1/Hhon-g03531.t1/Hhon-g01523.t1/Hhon-g05759.t1/Hhon-g04016.t1/Hhon-g02931.t1/Hhon-g07409.t1/Hhon-g00521.t1/Hhon-g01922.t1/Hhon-g09428.t1/Hhon-g00092.t1/Hhon-g09963.t1/Hhon-g02688.t1/Hhon-g08386.t1",21,"negative regulation of molecular function","BP"
"GO:0008016","GO:0008016","6/304","70/9332",0.0857142857142857,2.6312030075188,2.51367865016355,0.0260789618820462,0.102862771578996,0.0744271245528991,"Hhon-g03542.t1/Hhon-g03907.t1/Hhon-g04801.t1/Hhon-g09024.t1/Hhon-g00092.t1/Hhon-g08386.t1",6,"regulation of heart contraction","BP"
"GO:0005977","GO:0005977","4/304","35/9332",0.114285714285714,3.50827067669173,2.72798588577319,0.0261269055733021,0.102862771578996,0.0744271245528991,"Hhon-g06571.t1/Hhon-g09165.t1/Hhon-g09222.t1/Hhon-g09223.t1",4,"glycogen metabolic process","BP"
"GO:0006073","GO:0006073","4/304","35/9332",0.114285714285714,3.50827067669173,2.72798588577319,0.0261269055733021,0.102862771578996,0.0744271245528991,"Hhon-g06571.t1/Hhon-g09165.t1/Hhon-g09222.t1/Hhon-g09223.t1",4,NA,NA
"GO:0031497","GO:0031497","4/304","35/9332",0.114285714285714,3.50827067669173,2.72798588577319,0.0261269055733021,0.102862771578996,0.0744271245528991,"Hhon-g07787.t1/Hhon-g05246.t1/Hhon-g09811.t1/Hhon-g00521.t1",4,NA,NA
"GO:0035579","GO:0035579","4/304","35/9332",0.114285714285714,3.50827067669173,2.72798588577319,0.0261269055733021,0.102862771578996,0.0744271245528991,"Hhon-g00305.t1/Hhon-g03181.t1/Hhon-g00658.t1/Hhon-g08401.t1",4,"specific granule membrane","CC"
"GO:0044042","GO:0044042","4/304","35/9332",0.114285714285714,3.50827067669173,2.72798588577319,0.0261269055733021,0.102862771578996,0.0744271245528991,"Hhon-g06571.t1/Hhon-g09165.t1/Hhon-g09222.t1/Hhon-g09223.t1",4,"glucan metabolic process","BP"
"GO:0090224","GO:0090224","4/304","35/9332",0.114285714285714,3.50827067669173,2.72798588577319,0.0261269055733021,0.102862771578996,0.0744271245528991,"Hhon-g01323.t1/Hhon-g01363.t1/Hhon-g05759.t1/Hhon-g09899.t1",4,"regulation of spindle organization","BP"
"GO:0007507","GO:0007507","16/304","288/9332",0.0555555555555556,1.70540935672515,2.23132224085827,0.0261368554951448,0.102862771578996,0.0744271245528991,"Hhon-g00684.t1/Hhon-g01603.t1/Hhon-g09710.t1/Hhon-g03907.t1/Hhon-g09266.t1/Hhon-g00241.t1/Hhon-g07787.t1/Hhon-g05246.t1/Hhon-g04500.t1/Hhon-g00226.t1/Hhon-g04016.t1/Hhon-g03264.t1/Hhon-g01922.t1/Hhon-g00092.t1/Hhon-g02688.t1/Hhon-g08386.t1",16,"heart development","BP"
"GO:0072359","GO:0072359","20/304","385/9332",0.051948051948052,1.59466848940533,2.18661178215797,0.0264439708316884,0.103734543694471,0.0750579017604759,"Hhon-g00684.t1/Hhon-g01603.t1/Hhon-g09710.t1/Hhon-g03907.t1/Hhon-g09266.t1/Hhon-g06571.t1/Hhon-g00241.t1/Hhon-g07787.t1/Hhon-g10567.t1/Hhon-g05246.t1/Hhon-g04500.t1/Hhon-g00226.t1/Hhon-g03531.t1/Hhon-g04016.t1/Hhon-g03264.t1/Hhon-g01922.t1/Hhon-g08814.t1/Hhon-g00092.t1/Hhon-g02688.t1/Hhon-g08386.t1",20,"circulatory system development","BP"
"GO:0030117","GO:0030117","5/304","52/9332",0.0961538461538462,2.95167004048583,2.58963878262774,0.0264583048584887,0.103734543694471,0.0750579017604759,"Hhon-g05061.t1/Hhon-g03112.t1/Hhon-g08771.t1/Hhon-g09132.t1/Hhon-g05970.t1",5,"membrane coat","CC"
"GO:0048475","GO:0048475","5/304","52/9332",0.0961538461538462,2.95167004048583,2.58963878262774,0.0264583048584887,0.103734543694471,0.0750579017604759,"Hhon-g05061.t1/Hhon-g03112.t1/Hhon-g08771.t1/Hhon-g09132.t1/Hhon-g05970.t1",5,"coated membrane","CC"
"GO:1901861","GO:1901861","5/304","52/9332",0.0961538461538462,2.95167004048583,2.58963878262774,0.0264583048584887,0.103734543694471,0.0750579017604759,"Hhon-g10567.t1/Hhon-g00226.t1/Hhon-g03531.t1/Hhon-g02931.t1/Hhon-g04459.t1",5,"regulation of muscle tissue development","BP"
"GO:0016567","GO:0016567","14/304","242/9332",0.0578512396694215,1.77588081774685,2.24401557837647,0.0268158881328827,0.104938329432355,0.0759289098975616,"Hhon-g07437.t1/Hhon-g08170.t1/Hhon-g08474.t1/Hhon-g02107.t1/Hhon-g04393.t1/Hhon-g06571.t1/Hhon-g07281.t1/Hhon-g06160.t1/Hhon-g02772.t1/Hhon-g00901.t1/Hhon-g00458.t1/Hhon-g02727.t1/Hhon-g07320.t1/Hhon-g09888.t1",14,"protein ubiquitination","BP"
"GO:0099512","GO:0099512","14/304","242/9332",0.0578512396694215,1.77588081774685,2.24401557837647,0.0268158881328827,0.104938329432355,0.0759289098975616,"Hhon-g01323.t1/Hhon-g01363.t1/Hhon-g03531.t1/Hhon-g01523.t1/Hhon-g07281.t1/Hhon-g02931.t1/Hhon-g09899.t1/Hhon-g01983.t1/Hhon-g05253.t1/Hhon-g06183.t1/Hhon-g05897.t1/Hhon-g08386.t1/Hhon-g06173.t1/Hhon-g01891.t1",14,"supramolecular fiber","CC"
"GO:0006954","GO:0006954","8/304","110/9332",0.0727272727272727,2.23253588516746,2.38609904838494,0.0269487283570274,0.105259755539396,0.0761614801514642,"Hhon-g01603.t1/Hhon-g06571.t1/Hhon-g09400.t1/Hhon-g04000.t1/Hhon-g04001.t1/Hhon-g06017.t1/Hhon-g06018.t1/Hhon-g09963.t1",8,"inflammatory response","BP"
"GO:0050678","GO:0050678","8/304","110/9332",0.0727272727272727,2.23253588516746,2.38609904838494,0.0269487283570274,0.105259755539396,0.0761614801514642,"Hhon-g03907.t1/Hhon-g04801.t1/Hhon-g06571.t1/Hhon-g07787.t1/Hhon-g04500.t1/Hhon-g03264.t1/Hhon-g09428.t1/Hhon-g00092.t1",8,"regulation of epithelial cell proliferation","BP"
"GO:0048640","GO:0048640","9/304","131/9332",0.0687022900763359,2.10897950984331,2.34556118252299,0.0271480384981842,0.105902628589235,0.0766266357351376,"Hhon-g06571.t1/Hhon-g05648.t1/Hhon-g05654.t1/Hhon-g10567.t1/Hhon-g00226.t1/Hhon-g02931.t1/Hhon-g09899.t1/Hhon-g06667.t1/Hhon-g00901.t1",9,"negative regulation of developmental growth","BP"
"GO:0051983","GO:0051983","7/304","90/9332",0.0777777777777778,2.3875730994152,2.42716474688282,0.0271643303101,0.105902628589235,0.0766266357351376,"Hhon-g01323.t1/Hhon-g01324.t1/Hhon-g01363.t1/Hhon-g07578.t1/Hhon-g05759.t1/Hhon-g09899.t1/Hhon-g06183.t1",7,"regulation of chromosome segregation","BP"
"GO:0099081","GO:0099081","14/304","243/9332",0.0576131687242798,1.76857266623348,2.22758934248979,0.0276505969318478,0.107697259344308,0.0779251541853398,"Hhon-g01323.t1/Hhon-g01363.t1/Hhon-g03531.t1/Hhon-g01523.t1/Hhon-g07281.t1/Hhon-g02931.t1/Hhon-g09899.t1/Hhon-g01983.t1/Hhon-g05253.t1/Hhon-g06183.t1/Hhon-g05897.t1/Hhon-g08386.t1/Hhon-g06173.t1/Hhon-g01891.t1",14,"supramolecular polymer","CC"
"GO:0050714","GO:0050714","6/304","71/9332",0.0845070422535211,2.5941438102298,2.47418882370848,0.0277364949269309,0.107930578197392,0.0780939737793725,"Hhon-g03907.t1/Hhon-g10573.t1/Hhon-g00241.t1/Hhon-g04829.t1/Hhon-g08386.t1/Hhon-g05970.t1",6,"positive regulation of protein secretion","BP"
"GO:0016071","GO:0016071","21/304","412/9332",0.0509708737864078,1.56467169136433,2.15113322415044,0.0279319395694988,0.108589338101647,0.078570624414892,"Hhon-g01324.t1/Hhon-g09110.t1/Hhon-g03321.t1/Hhon-g08053.t1/Hhon-g04459.t1/Hhon-g09751.t1/Hhon-g07626.t1/Hhon-g00665.t1/Hhon-g10239.t1/Hhon-g08835.t1/Hhon-g08836.t1/Hhon-g02712.t1/Hhon-g09314.t1/Hhon-g11385.t1/Hhon-g11388.t1/Hhon-g09253.t1/Hhon-g09255.t1/Hhon-g09257.t1/Hhon-g06163.t1/Hhon-g05775.t1/Hhon-g01491.t1",21,"mRNA metabolic process","BP"
"GO:0043066","GO:0043066","23/304","462/9332",0.0497835497835498,1.52822396901344,2.13689111498359,0.0279819330918528,0.108681932831967,0.0786376220217104,"Hhon-g00684.t1/Hhon-g09710.t1/Hhon-g03907.t1/Hhon-g09266.t1/Hhon-g04801.t1/Hhon-g06571.t1/Hhon-g10573.t1/Hhon-g07787.t1/Hhon-g03304.t1/Hhon-g04500.t1/Hhon-g04501.t1/Hhon-g00226.t1/Hhon-g03531.t1/Hhon-g01523.t1/Hhon-g04016.t1/Hhon-g09672.t1/Hhon-g02931.t1/Hhon-g07409.t1/Hhon-g04888.t1/Hhon-g00092.t1/Hhon-g00901.t1/Hhon-g07993.t1/Hhon-g03329.t1",23,"negative regulation of apoptotic process","BP"
"GO:0019900","GO:0019900","18/304","339/9332",0.0530973451327434,1.62994876571961,2.16799308701529,0.0283511020580274,0.110012874527972,0.0796006347994199,"Hhon-g09710.t1/Hhon-g04801.t1/Hhon-g06571.t1/Hhon-g10573.t1/Hhon-g07787.t1/Hhon-g01259.t1/Hhon-g02931.t1/Hhon-g02357.t1/Hhon-g07409.t1/Hhon-g07433.t1/Hhon-g03869.t1/Hhon-g01922.t1/Hhon-g08787.t1/Hhon-g10239.t1/Hhon-g07993.t1/Hhon-g03387.t1/Hhon-g03329.t1/Hhon-g00422.t1",18,"kinase binding","MF"
"GO:0045055","GO:0045055","16/304","291/9332",0.0549828178694158,1.68782781696509,2.18737430747505,0.028415259181471,0.110037814944922,0.0796186806238736,"Hhon-g00124.t1/Hhon-g00305.t1/Hhon-g03364.t1/Hhon-g05981.t1/Hhon-g07037.t1/Hhon-g03181.t1/Hhon-g10573.t1/Hhon-g06937.t1/Hhon-g07281.t1/Hhon-g06183.t1/Hhon-g00658.t1/Hhon-g10239.t1/Hhon-g09428.t1/Hhon-g08401.t1/Hhon-g08386.t1/Hhon-g03110.t1",16,"regulated exocytosis","BP"
"GO:0001933","GO:0001933","12/304","198/9332",0.0606060606060606,1.86044657097289,2.24559333692381,0.02842645345543,0.110037814944922,0.0796186806238736,"Hhon-g09981.t1/Hhon-g04801.t1/Hhon-g06571.t1/Hhon-g01259.t1/Hhon-g03531.t1/Hhon-g01523.t1/Hhon-g02931.t1/Hhon-g07409.t1/Hhon-g01922.t1/Hhon-g00092.t1/Hhon-g00901.t1/Hhon-g03381.t1",12,"negative regulation of protein phosphorylation","BP"
"GO:0051668","GO:0051668","5/304","53/9332",0.0943396226415094,2.89597815292949,2.53995362629807,0.028463538836909,0.110037814944922,0.0796186806238736,"Hhon-g02425.t1/Hhon-g02931.t1/Hhon-g01922.t1/Hhon-g03112.t1/Hhon-g05970.t1",5,"localization within membrane","BP"
"GO:1903321","GO:1903321","5/304","53/9332",0.0943396226415094,2.89597815292949,2.53995362629807,0.028463538836909,0.110037814944922,0.0796186806238736,"Hhon-g04801.t1/Hhon-g06571.t1/Hhon-g10573.t1/Hhon-g00241.t1/Hhon-g07578.t1",5,"negative regulation of protein modification by small protein conjugation or removal","BP"
"GO:0006901","GO:0006901","4/304","36/9332",0.111111111111111,3.41081871345029,2.65933382838307,0.0286626584446801,0.110704518941685,0.0801010792666996,"Hhon-g01523.t1/Hhon-g03112.t1/Hhon-g02688.t1/Hhon-g05970.t1",4,"vesicle coating","BP"
"GO:0004842","GO:0004842","10/304","154/9332",0.0649350649350649,1.99333561175666,2.28080129327291,0.0288886109179586,0.111473524657402,0.0806574990802719,"Hhon-g07437.t1/Hhon-g08170.t1/Hhon-g08474.t1/Hhon-g02107.t1/Hhon-g04393.t1/Hhon-g07281.t1/Hhon-g02772.t1/Hhon-g00901.t1/Hhon-g00458.t1/Hhon-g02727.t1",10,"ubiquitin-protein transferase activity","MF"
"GO:0019901","GO:0019901","17/304","316/9332",0.0537974683544304,1.65144070619587,2.16180538183986,0.0292259799522566,0.112613777186371,0.0814825372908181,"Hhon-g09710.t1/Hhon-g04801.t1/Hhon-g06571.t1/Hhon-g10573.t1/Hhon-g07787.t1/Hhon-g01259.t1/Hhon-g02931.t1/Hhon-g02357.t1/Hhon-g07409.t1/Hhon-g03869.t1/Hhon-g01922.t1/Hhon-g08787.t1/Hhon-g10239.t1/Hhon-g07993.t1/Hhon-g03387.t1/Hhon-g03329.t1/Hhon-g00422.t1",17,"protein kinase binding","MF"
"GO:0010564","GO:0010564","21/304","414/9332",0.0507246376811594,1.55711289092296,2.12772137005317,0.0292404444796621,0.112613777186371,0.0814825372908181,"Hhon-g00902.t1/Hhon-g00903.t1/Hhon-g00914.t1/Hhon-g06571.t1/Hhon-g10573.t1/Hhon-g00241.t1/Hhon-g07787.t1/Hhon-g01323.t1/Hhon-g01324.t1/Hhon-g01363.t1/Hhon-g04500.t1/Hhon-g07578.t1/Hhon-g01523.t1/Hhon-g05759.t1/Hhon-g04016.t1/Hhon-g09899.t1/Hhon-g01922.t1/Hhon-g06183.t1/Hhon-g08787.t1/Hhon-g10239.t1/Hhon-g00901.t1",21,"regulation of cell cycle process","BP"
"GO:0006816","GO:0006816","6/304","72/9332",0.0833333333333333,2.55811403508772,2.43537086297886,0.0294622220333899,0.112613777186371,0.0814825372908181,"Hhon-g04801.t1/Hhon-g10573.t1/Hhon-g05648.t1/Hhon-g05654.t1/Hhon-g01259.t1/Hhon-g08386.t1",6,"calcium ion transport","BP"
"GO:0051651","GO:0051651","6/304","72/9332",0.0833333333333333,2.55811403508772,2.43537086297886,0.0294622220333899,0.112613777186371,0.0814825372908181,"Hhon-g09317.t1/Hhon-g06571.t1/Hhon-g03531.t1/Hhon-g04888.t1/Hhon-g00901.t1/Hhon-g08386.t1",6,"maintenance of location in cell","BP"
"GO:0004180","GO:0004180","3/304","21/9332",0.142857142857143,4.38533834586466,2.84982817532424,0.0294824604531757,0.112613777186371,0.0814825372908181,"Hhon-g00076.t1/Hhon-g00077.t1/Hhon-g09888.t1",3,"carboxypeptidase activity","MF"
"GO:0006376","GO:0006376","3/304","21/9332",0.142857142857143,4.38533834586466,2.84982817532424,0.0294824604531757,0.112613777186371,0.0814825372908181,"Hhon-g09314.t1/Hhon-g11385.t1/Hhon-g11388.t1",3,"mRNA splice site recognition","BP"
"GO:0043278","GO:0043278","3/304","21/9332",0.142857142857143,4.38533834586466,2.84982817532424,0.0294824604531757,0.112613777186371,0.0814825372908181,"Hhon-g04801.t1/Hhon-g10573.t1/Hhon-g01324.t1",3,"response to morphine","BP"
"GO:0072002","GO:0072002","3/304","21/9332",0.142857142857143,4.38533834586466,2.84982817532424,0.0294824604531757,0.112613777186371,0.0814825372908181,"Hhon-g00684.t1/Hhon-g09710.t1/Hhon-g04500.t1",3,"Malpighian tubule development","BP"
"GO:0090162","GO:0090162","3/304","21/9332",0.142857142857143,4.38533834586466,2.84982817532424,0.0294824604531757,0.112613777186371,0.0814825372908181,"Hhon-g03432.t1/Hhon-g05193.t1/Hhon-g01922.t1",3,"establishment of epithelial cell polarity","BP"
"GO:2000369","GO:2000369","3/304","21/9332",0.142857142857143,4.38533834586466,2.84982817532424,0.0294824604531757,0.112613777186371,0.0814825372908181,"Hhon-g04801.t1/Hhon-g02357.t1/Hhon-g06667.t1",3,"regulation of clathrin-dependent endocytosis","BP"
"GO:2000677","GO:2000677","3/304","21/9332",0.142857142857143,4.38533834586466,2.84982817532424,0.0294824604531757,0.112613777186371,0.0814825372908181,"Hhon-g04016.t1/Hhon-g08386.t1/Hhon-g08553.t1",3,"regulation of transcription regulatory region DNA binding","BP"
"GO:0016746","GO:0016746","8/304","112/9332",0.0714285714285714,2.19266917293233,2.33006832582585,0.0296023951423361,0.112967963815239,0.0817388116643066,"Hhon-g03304.t1/Hhon-g05246.t1/Hhon-g11664.t1/Hhon-g02357.t1/Hhon-g07162.t1/Hhon-g07164.t1/Hhon-g10405.t1/Hhon-g09845.t1",8,"acyltransferase activity","MF"
"GO:0004674","GO:0004674","11/304","177/9332",0.0621468926553672,1.90774606006542,2.23731401305918,0.0299156354151019,0.114058510783749,0.0825278850463493,"Hhon-g03432.t1/Hhon-g04801.t1/Hhon-g06571.t1/Hhon-g10573.t1/Hhon-g02425.t1/Hhon-g01523.t1/Hhon-g04374.t1/Hhon-g05759.t1/Hhon-g02931.t1/Hhon-g08787.t1/Hhon-g10239.t1",11,"protein serine/threonine kinase activity","MF"
"GO:0048707","GO:0048707","12/304","200/9332",0.06,1.84184210526316,2.20834946931173,0.0304048759132319,0.115817472285999,0.0838005947429877,"Hhon-g04657.t1/Hhon-g11170.t1/Hhon-g09710.t1/Hhon-g05322.t1/Hhon-g09380.t1/Hhon-g11664.t1/Hhon-g04500.t1/Hhon-g01523.t1/Hhon-g02931.t1/Hhon-g04925.t1/Hhon-g01922.t1/Hhon-g00092.t1",12,"instar larval or pupal morphogenesis","BP"
"GO:0030004","GO:0030004","5/304","54/9332",0.0925925925925926,2.84234892787524,2.49141854658755,0.030562575414323,0.116098639634281,0.0840040354721219,"Hhon-g00543.t1/Hhon-g00544.t1/Hhon-g07433.t1/Hhon-g02290.t1/Hhon-g07418.t1",5,NA,NA
"GO:0046605","GO:0046605","5/304","54/9332",0.0925925925925926,2.84234892787524,2.49141854658755,0.030562575414323,0.116098639634281,0.0840040354721219,"Hhon-g01323.t1/Hhon-g01363.t1/Hhon-g09899.t1/Hhon-g06183.t1/Hhon-g00901.t1",5,"regulation of centrosome cycle","BP"
"GO:0051653","GO:0051653","5/304","54/9332",0.0925925925925926,2.84234892787524,2.49141854658755,0.030562575414323,0.116098639634281,0.0840040354721219,"Hhon-g03432.t1/Hhon-g09811.t1/Hhon-g05759.t1/Hhon-g01922.t1/Hhon-g00901.t1",5,"spindle localization","BP"
"GO:2000145","GO:2000145","17/304","318/9332",0.0534591194968553,1.64105428666005,2.1342962585297,0.030790271849589,0.116856680730799,0.0845525217538027,"Hhon-g09981.t1/Hhon-g03181.t1/Hhon-g09380.t1/Hhon-g04801.t1/Hhon-g06571.t1/Hhon-g10573.t1/Hhon-g07787.t1/Hhon-g08561.t1/Hhon-g04500.t1/Hhon-g04501.t1/Hhon-g06894.t1/Hhon-g04016.t1/Hhon-g02931.t1/Hhon-g07409.t1/Hhon-g03264.t1/Hhon-g00092.t1/Hhon-g02469.t1",17,"regulation of cell motility","BP"
"GO:1902275","GO:1902275","9/304","134/9332",0.0671641791044776,2.06176355066771,2.27163535991922,0.0308201353218113,0.116863198042156,0.0845572374029795,"Hhon-g03907.t1/Hhon-g09266.t1/Hhon-g03304.t1/Hhon-g11664.t1/Hhon-g04500.t1/Hhon-g00226.t1/Hhon-g07578.t1/Hhon-g04016.t1/Hhon-g08787.t1",9,"regulation of chromatin organization","BP"
"GO:0032388","GO:0032388","8/304","113/9332",0.0707964601769911,2.17326502095948,2.30249421989135,0.0309945139391277,0.117327480134773,0.0848931721693141,"Hhon-g03542.t1/Hhon-g06571.t1/Hhon-g05193.t1/Hhon-g03531.t1/Hhon-g02931.t1/Hhon-g07409.t1/Hhon-g07418.t1/Hhon-g07993.t1",8,"positive regulation of intracellular transport","BP"
"GO:0048545","GO:0048545","11/304","178/9332",0.0617977528089888,1.89702838557067,2.21725602915111,0.0309990957870535,0.117327480134773,0.0848931721693141,"Hhon-g01603.t1/Hhon-g09981.t1/Hhon-g03907.t1/Hhon-g04801.t1/Hhon-g03531.t1/Hhon-g04000.t1/Hhon-g04001.t1/Hhon-g06017.t1/Hhon-g06018.t1/Hhon-g04459.t1/Hhon-g02469.t1",11,"response to steroid hormone","BP"
"GO:0045185","GO:0045185","6/304","73/9332",0.0821917808219178,2.52307137707282,2.3972026873015,0.0312570538821731,0.117971236003132,0.0853589665229032,"Hhon-g09317.t1/Hhon-g06571.t1/Hhon-g03531.t1/Hhon-g00901.t1/Hhon-g08386.t1/Hhon-g08553.t1",6,"maintenance of protein location","BP"
"GO:0051494","GO:0051494","6/304","73/9332",0.0821917808219178,2.52307137707282,2.3972026873015,0.0312570538821731,0.117971236003132,0.0853589665229032,"Hhon-g01323.t1/Hhon-g01363.t1/Hhon-g05759.t1/Hhon-g09899.t1/Hhon-g07409.t1/Hhon-g00901.t1",6,"negative regulation of cytoskeleton organization","BP"
"GO:0031122","GO:0031122","4/304","37/9332",0.108108108108108,3.31863442389758,2.59306590978779,0.0313396612021808,0.117971236003132,0.0853589665229032,"Hhon-g07409.t1/Hhon-g11373.t1/Hhon-g01922.t1/Hhon-g05823.t1",4,"cytoplasmic microtubule organization","BP"
"GO:0055007","GO:0055007","4/304","37/9332",0.108108108108108,3.31863442389758,2.59306590978779,0.0313396612021808,0.117971236003132,0.0853589665229032,"Hhon-g01603.t1/Hhon-g03907.t1/Hhon-g09266.t1/Hhon-g00226.t1",4,"cardiac muscle cell differentiation","BP"
"GO:0090114","GO:0090114","4/304","37/9332",0.108108108108108,3.31863442389758,2.59306590978779,0.0313396612021808,0.117971236003132,0.0853589665229032,"Hhon-g01523.t1/Hhon-g03112.t1/Hhon-g02688.t1/Hhon-g05970.t1",4,"COPII-coated vesicle budding","BP"
"GO:1902692","GO:1902692","4/304","37/9332",0.108108108108108,3.31863442389758,2.59306590978779,0.0313396612021808,0.117971236003132,0.0853589665229032,"Hhon-g03432.t1/Hhon-g01324.t1/Hhon-g00226.t1/Hhon-g03531.t1",4,"regulation of neuroblast proliferation","BP"
"GO:0042326","GO:0042326","13/304","224/9332",0.0580357142857143,1.78154370300752,2.17255549026942,0.03145754175154,0.118307711369922,0.0856024257807925,"Hhon-g09981.t1/Hhon-g04801.t1/Hhon-g06571.t1/Hhon-g01259.t1/Hhon-g03531.t1/Hhon-g01523.t1/Hhon-g05759.t1/Hhon-g02931.t1/Hhon-g07409.t1/Hhon-g01922.t1/Hhon-g00092.t1/Hhon-g00901.t1/Hhon-g03381.t1",13,"negative regulation of phosphorylation","BP"
"GO:0031331","GO:0031331","12/304","202/9332",0.0594059405940594,1.82360604481501,2.17152549554168,0.0324808754419994,0.12204578718116,0.0883071383772006,"Hhon-g07437.t1/Hhon-g08170.t1/Hhon-g08474.t1/Hhon-g06571.t1/Hhon-g01523.t1/Hhon-g04374.t1/Hhon-g07281.t1/Hhon-g03869.t1/Hhon-g01922.t1/Hhon-g02469.t1/Hhon-g00901.t1/Hhon-g03387.t1",12,"positive regulation of cellular catabolic process","BP"
"GO:0001736","GO:0001736","5/304","55/9332",0.0909090909090909,2.79066985645933,2.44398311242548,0.0327564781285812,0.122970069791925,0.0889759099447709,"Hhon-g10494.t1/Hhon-g01523.t1/Hhon-g05759.t1/Hhon-g01922.t1/Hhon-g00092.t1",5,"establishment of planar polarity","BP"
"GO:0004721","GO:0004721","6/304","74/9332",0.0810810810810811,2.48897581792319,2.35966324308195,0.0331218446396193,0.123447711047842,0.0893215108332171,"Hhon-g01324.t1/Hhon-g07433.t1/Hhon-g09165.t1/Hhon-g09222.t1/Hhon-g09223.t1/Hhon-g09428.t1",6,"phosphoprotein phosphatase activity","MF"
"GO:0050792","GO:0050792","6/304","74/9332",0.0810810810810811,2.48897581792319,2.35966324308195,0.0331218446396193,0.123447711047842,0.0893215108332171,"Hhon-g00226.t1/Hhon-g04459.t1/Hhon-g00521.t1/Hhon-g08787.t1/Hhon-g00092.t1/Hhon-g02712.t1",6,"regulation of viral process","BP"
"GO:1905269","GO:1905269","6/304","74/9332",0.0810810810810811,2.48897581792319,2.35966324308195,0.0331218446396193,0.123447711047842,0.0893215108332171,"Hhon-g03907.t1/Hhon-g09266.t1/Hhon-g11664.t1/Hhon-g04500.t1/Hhon-g04016.t1/Hhon-g08787.t1",6,"positive regulation of chromatin organization","BP"
"GO:0001944","GO:0001944","11/304","180/9332",0.0611111111111111,1.87595029239766,2.17752334673182,0.0332495887938321,0.123447711047842,0.0893215108332171,"Hhon-g01603.t1/Hhon-g03907.t1/Hhon-g06571.t1/Hhon-g00241.t1/Hhon-g10567.t1/Hhon-g05246.t1/Hhon-g03531.t1/Hhon-g03264.t1/Hhon-g08814.t1/Hhon-g00092.t1/Hhon-g02688.t1",11,"vasculature development","BP"
"GO:0002431","GO:0002431","3/304","22/9332",0.136363636363636,4.186004784689,2.74528877877406,0.0333360442450322,0.123447711047842,0.0893215108332171,"Hhon-g10573.t1/Hhon-g02931.t1/Hhon-g05967.t1",3,"Fc receptor mediated stimulatory signaling pathway","BP"
"GO:0014072","GO:0014072","3/304","22/9332",0.136363636363636,4.186004784689,2.74528877877406,0.0333360442450322,0.123447711047842,0.0893215108332171,"Hhon-g04801.t1/Hhon-g10573.t1/Hhon-g01324.t1",3,"response to isoquinoline alkaloid","BP"
"GO:0030687","GO:0030687","3/304","22/9332",0.136363636363636,4.186004784689,2.74528877877406,0.0333360442450322,0.123447711047842,0.0893215108332171,"Hhon-g09405.t1/Hhon-g06173.t1/Hhon-g03688.t1",3,"preribosome, large subunit precursor","CC"
"GO:0038094","GO:0038094","3/304","22/9332",0.136363636363636,4.186004784689,2.74528877877406,0.0333360442450322,0.123447711047842,0.0893215108332171,"Hhon-g10573.t1/Hhon-g02931.t1/Hhon-g05967.t1",3,"Fc-gamma receptor signaling pathway","BP"
"GO:0038096","GO:0038096","3/304","22/9332",0.136363636363636,4.186004784689,2.74528877877406,0.0333360442450322,0.123447711047842,0.0893215108332171,"Hhon-g10573.t1/Hhon-g02931.t1/Hhon-g05967.t1",3,"Fc-gamma receptor signaling pathway involved in phagocytosis","BP"
"GO:0043536","GO:0043536","3/304","22/9332",0.136363636363636,4.186004784689,2.74528877877406,0.0333360442450322,0.123447711047842,0.0893215108332171,"Hhon-g04801.t1/Hhon-g06571.t1/Hhon-g07409.t1",3,"positive regulation of blood vessel endothelial cell migration","BP"
"GO:0046473","GO:0046473","3/304","22/9332",0.136363636363636,4.186004784689,2.74528877877406,0.0333360442450322,0.123447711047842,0.0893215108332171,"Hhon-g03404.t1/Hhon-g07162.t1/Hhon-g07164.t1",3,"phosphatidic acid metabolic process","BP"
"GO:0046621","GO:0046621","3/304","22/9332",0.136363636363636,4.186004784689,2.74528877877406,0.0333360442450322,0.123447711047842,0.0893215108332171,"Hhon-g10567.t1/Hhon-g00226.t1/Hhon-g02931.t1",3,"negative regulation of organ growth","BP"
"GO:1990841","GO:1990841","3/304","22/9332",0.136363636363636,4.186004784689,2.74528877877406,0.0333360442450322,0.123447711047842,0.0893215108332171,"Hhon-g03907.t1/Hhon-g00226.t1/Hhon-g04459.t1",3,"promoter-specific chromatin binding","MF"
"GO:0046578","GO:0046578","7/304","94/9332",0.074468085106383,2.28597424412094,2.29938836591337,0.0333915514899294,0.123447711047842,0.0893215108332171,"Hhon-g09317.t1/Hhon-g05193.t1/Hhon-g02425.t1/Hhon-g06894.t1/Hhon-g07281.t1/Hhon-g09899.t1/Hhon-g03264.t1",7,"regulation of Ras protein signal transduction","BP"
"GO:0070838","GO:0070838","7/304","94/9332",0.074468085106383,2.28597424412094,2.29938836591337,0.0333915514899294,0.123447711047842,0.0893215108332171,"Hhon-g04801.t1/Hhon-g10573.t1/Hhon-g05648.t1/Hhon-g05654.t1/Hhon-g01259.t1/Hhon-g08386.t1/Hhon-g11231.t1",7,NA,NA
"GO:0072511","GO:0072511","7/304","94/9332",0.074468085106383,2.28597424412094,2.29938836591337,0.0333915514899294,0.123447711047842,0.0893215108332171,"Hhon-g04801.t1/Hhon-g10573.t1/Hhon-g05648.t1/Hhon-g05654.t1/Hhon-g01259.t1/Hhon-g08386.t1/Hhon-g11231.t1",7,NA,NA
"GO:1901699","GO:1901699","16/304","297/9332",0.0538720538720539,1.65373028530923,2.10096037972454,0.0334115046772213,0.123447711047842,0.0893215108332171,"Hhon-g07625.t1/Hhon-g00124.t1/Hhon-g01603.t1/Hhon-g09981.t1/Hhon-g06571.t1/Hhon-g07787.t1/Hhon-g05648.t1/Hhon-g05654.t1/Hhon-g00226.t1/Hhon-g07578.t1/Hhon-g02931.t1/Hhon-g01193.t1/Hhon-g04459.t1/Hhon-g04888.t1/Hhon-g02712.t1/Hhon-g03381.t1",16,"cellular response to nitrogen compound","BP"
"GO:0051129","GO:0051129","20/304","395/9332",0.0506329113924051,1.55429713524317,2.06561992526364,0.033418889021622,0.123447711047842,0.0893215108332171,"Hhon-g09317.t1/Hhon-g06571.t1/Hhon-g05648.t1/Hhon-g05654.t1/Hhon-g05193.t1/Hhon-g01323.t1/Hhon-g01363.t1/Hhon-g00226.t1/Hhon-g07578.t1/Hhon-g05759.t1/Hhon-g04016.t1/Hhon-g07281.t1/Hhon-g02357.t1/Hhon-g09899.t1/Hhon-g07409.t1/Hhon-g03264.t1/Hhon-g08835.t1/Hhon-g08836.t1/Hhon-g06667.t1/Hhon-g00901.t1",20,"negative regulation of cellular component organization","BP"
"GO:0005681","GO:0005681","9/304","136/9332",0.0661764705882353,2.03144349845201,2.22341497773689,0.0334525796541021,0.123462320643406,0.0893320817149076,"Hhon-g09110.t1/Hhon-g03321.t1/Hhon-g04459.t1/Hhon-g00665.t1/Hhon-g09314.t1/Hhon-g11385.t1/Hhon-g11388.t1/Hhon-g05775.t1/Hhon-g01491.t1",9,"spliceosomal complex","CC"
"GO:0030001","GO:0030001","12/304","203/9332",0.0591133004926108,1.81462276380607,2.15326791190606,0.0335561797962731,0.123734687845583,0.0895291550327788,"Hhon-g03542.t1/Hhon-g07625.t1/Hhon-g00543.t1/Hhon-g00544.t1/Hhon-g04801.t1/Hhon-g10573.t1/Hhon-g05648.t1/Hhon-g05654.t1/Hhon-g01259.t1/Hhon-g04482.t1/Hhon-g08386.t1/Hhon-g11231.t1",12,"metal ion transport","BP"
"GO:0010631","GO:0010631","8/304","115/9332",0.0695652173913043,2.13546910755149,2.24819801855599,0.0339121459290522,0.124936317566481,0.0903986031677158,"Hhon-g01603.t1/Hhon-g09710.t1/Hhon-g06571.t1/Hhon-g04500.t1/Hhon-g04016.t1/Hhon-g03264.t1/Hhon-g01922.t1/Hhon-g05967.t1",8,"epithelial cell migration","BP"
"GO:0006112","GO:0006112","4/304","38/9332",0.105263157894737,3.23130193905817,2.52902963496645,0.0341588450541494,0.125511083774184,0.0908144795384652,"Hhon-g06571.t1/Hhon-g09165.t1/Hhon-g09222.t1/Hhon-g09223.t1",4,"energy reserve metabolic process","BP"
"GO:0022600","GO:0022600","4/304","38/9332",0.105263157894737,3.23130193905817,2.52902963496645,0.0341588450541494,0.125511083774184,0.0908144795384652,"Hhon-g00902.t1/Hhon-g00903.t1/Hhon-g00914.t1/Hhon-g07787.t1",4,"digestive system process","BP"
"GO:0048199","GO:0048199","4/304","38/9332",0.105263157894737,3.23130193905817,2.52902963496645,0.0341588450541494,0.125511083774184,0.0908144795384652,"Hhon-g01523.t1/Hhon-g03112.t1/Hhon-g02688.t1/Hhon-g05970.t1",4,"vesicle targeting, to, from or within Golgi","BP"
"GO:0072331","GO:0072331","5/304","56/9332",0.0892857142857143,2.74083646616541,2.39760000217254,0.0350461957335237,0.128573840666541,0.0930305601009803,"Hhon-g06571.t1/Hhon-g00241.t1/Hhon-g03304.t1/Hhon-g08741.t1/Hhon-g04459.t1",5,"signal transduction by p53 class mediator","BP"
"GO:0004386","GO:0004386","6/304","75/9332",0.08,2.45578947368421,2.32273244267051,0.0350573909651113,0.128573840666541,0.0930305601009803,"Hhon-g03321.t1/Hhon-g08053.t1/Hhon-g04459.t1/Hhon-g09751.t1/Hhon-g03376.t1/Hhon-g06163.t1",6,"helicase activity","MF"
"GO:0051963","GO:0051963","7/304","95/9332",0.0736842105263158,2.26191135734072,2.26845564118765,0.0350852990065487,0.128573840666541,0.0930305601009803,"Hhon-g04801.t1/Hhon-g06571.t1/Hhon-g05648.t1/Hhon-g05654.t1/Hhon-g02931.t1/Hhon-g03264.t1/Hhon-g00901.t1",7,"regulation of synapse assembly","BP"
"GO:0016773","GO:0016773","15/304","275/9332",0.0545454545454545,1.6744019138756,2.0830422005779,0.0352497410106303,0.129062543806117,0.0933841648977432,"Hhon-g00419.t1/Hhon-g03404.t1/Hhon-g03432.t1/Hhon-g04801.t1/Hhon-g06571.t1/Hhon-g10573.t1/Hhon-g07787.t1/Hhon-g02425.t1/Hhon-g01523.t1/Hhon-g04374.t1/Hhon-g05759.t1/Hhon-g02931.t1/Hhon-g08787.t1/Hhon-g10239.t1/Hhon-g03387.t1",15,"phosphotransferase activity, alcohol group as acceptor","MF"
"GO:0043069","GO:0043069","23/304","473/9332",0.0486257928118393,1.4926838767108,2.01795594580198,0.0352866377699158,0.12908380618563,0.0933995494508134,"Hhon-g00684.t1/Hhon-g09710.t1/Hhon-g03907.t1/Hhon-g09266.t1/Hhon-g04801.t1/Hhon-g06571.t1/Hhon-g10573.t1/Hhon-g07787.t1/Hhon-g03304.t1/Hhon-g04500.t1/Hhon-g04501.t1/Hhon-g00226.t1/Hhon-g03531.t1/Hhon-g01523.t1/Hhon-g04016.t1/Hhon-g09672.t1/Hhon-g02931.t1/Hhon-g07409.t1/Hhon-g04888.t1/Hhon-g00092.t1/Hhon-g00901.t1/Hhon-g07993.t1/Hhon-g03329.t1",23,"negative regulation of programmed cell death","BP"
"GO:0071103","GO:0071103","8/304","116/9332",0.0689655172413793,2.11705989110708,2.22146426415994,0.0354387294824874,0.129526060573317,0.093719545907171,"Hhon-g07787.t1/Hhon-g05246.t1/Hhon-g09473.t1/Hhon-g09811.t1/Hhon-g00226.t1/Hhon-g08053.t1/Hhon-g00521.t1/Hhon-g00901.t1",8,"DNA conformation change","BP"
"GO:0043269","GO:0043269","12/304","205/9332",0.0585365853658537,1.79691912708601,2.11705561539533,0.0357827830312115,0.130668526953025,0.0945461859659098,"Hhon-g07625.t1/Hhon-g03364.t1/Hhon-g04801.t1/Hhon-g06571.t1/Hhon-g10573.t1/Hhon-g05648.t1/Hhon-g05654.t1/Hhon-g02425.t1/Hhon-g07433.t1/Hhon-g05897.t1/Hhon-g09963.t1/Hhon-g08386.t1",12,"regulation of monoatomic ion transport","BP"
"GO:0055082","GO:0055082","16/304","300/9332",0.0533333333333333,1.63719298245614,2.05847102565435,0.0361389047178842,0.131853016158748,0.0954032319534191,"Hhon-g03542.t1/Hhon-g00543.t1/Hhon-g00544.t1/Hhon-g04801.t1/Hhon-g10573.t1/Hhon-g00241.t1/Hhon-g04016.t1/Hhon-g01193.t1/Hhon-g07433.t1/Hhon-g04888.t1/Hhon-g02290.t1/Hhon-g09428.t1/Hhon-g00901.t1/Hhon-g08401.t1/Hhon-g08386.t1/Hhon-g07418.t1",16,"intracellular chemical homeostasis","BP"
"GO:0042803","GO:0042803","21/304","424/9332",0.0495283018867925,1.52038853028798,2.01245255928688,0.0364906810456196,0.132516895312411,0.0958835866599793,"Hhon-g00684.t1/Hhon-g00902.t1/Hhon-g00903.t1/Hhon-g00914.t1/Hhon-g01603.t1/Hhon-g09981.t1/Hhon-g06571.t1/Hhon-g01323.t1/Hhon-g01363.t1/Hhon-g07281.t1/Hhon-g02357.t1/Hhon-g01193.t1/Hhon-g08814.t1/Hhon-g05897.t1/Hhon-g00092.t1/Hhon-g11345.t1/Hhon-g09314.t1/Hhon-g11385.t1/Hhon-g11388.t1/Hhon-g08386.t1/Hhon-g07660.t1",21,"protein homodimerization activity","MF"
"GO:1990234","GO:1990234","23/304","475/9332",0.0484210526315789,1.48639889196676,1.99664645180295,0.0367558072417738,0.132516895312411,0.0958835866599793,"Hhon-g07437.t1/Hhon-g08170.t1/Hhon-g08474.t1/Hhon-g02107.t1/Hhon-g03304.t1/Hhon-g05246.t1/Hhon-g11664.t1/Hhon-g00226.t1/Hhon-g06127.t1/Hhon-g08741.t1/Hhon-g09357.t1/Hhon-g10345.t1/Hhon-g08787.t1/Hhon-g10239.t1/Hhon-g06564.t1/Hhon-g00901.t1/Hhon-g07536.t1/Hhon-g08401.t1/Hhon-g02746.t1/Hhon-g05440.t1/Hhon-g07320.t1/Hhon-g09845.t1/Hhon-g03329.t1",23,"transferase complex","CC"
"GO:0060041","GO:0060041","7/304","96/9332",0.0729166666666667,2.23834978070175,2.23790732237898,0.0368351007514425,0.132516895312411,0.0958835866599793,"Hhon-g09437.t1/Hhon-g11170.t1/Hhon-g09380.t1/Hhon-g07787.t1/Hhon-g04039.t1/Hhon-g00976.t1/Hhon-g05662.t1",7,"retina development in camera-type eye","BP"
"GO:0071214","GO:0071214","11/304","183/9332",0.0601092896174863,1.84519700891573,2.11885771391164,0.0368390769451954,0.132516895312411,0.0958835866599793,"Hhon-g00684.t1/Hhon-g03404.t1/Hhon-g04801.t1/Hhon-g06571.t1/Hhon-g07787.t1/Hhon-g03304.t1/Hhon-g04500.t1/Hhon-g09473.t1/Hhon-g03531.t1/Hhon-g01523.t1/Hhon-g02469.t1",11,"cellular response to abiotic stimulus","BP"
"GO:0104004","GO:0104004","11/304","183/9332",0.0601092896174863,1.84519700891573,2.11885771391164,0.0368390769451954,0.132516895312411,0.0958835866599793,"Hhon-g00684.t1/Hhon-g03404.t1/Hhon-g04801.t1/Hhon-g06571.t1/Hhon-g07787.t1/Hhon-g03304.t1/Hhon-g04500.t1/Hhon-g09473.t1/Hhon-g03531.t1/Hhon-g01523.t1/Hhon-g02469.t1",11,"cellular response to environmental stimulus","BP"
"GO:0021537","GO:0021537","8/304","117/9332",0.0683760683760684,2.09896536212326,2.19499925252522,0.0370111708433541,0.132516895312411,0.0958835866599793,"Hhon-g00684.t1/Hhon-g00902.t1/Hhon-g00903.t1/Hhon-g00914.t1/Hhon-g09380.t1/Hhon-g05189.t1/Hhon-g00226.t1/Hhon-g03264.t1",8,"telencephalon development","BP"
"GO:0090132","GO:0090132","8/304","117/9332",0.0683760683760684,2.09896536212326,2.19499925252522,0.0370111708433541,0.132516895312411,0.0958835866599793,"Hhon-g01603.t1/Hhon-g09710.t1/Hhon-g06571.t1/Hhon-g04500.t1/Hhon-g04016.t1/Hhon-g03264.t1/Hhon-g01922.t1/Hhon-g05967.t1",8,"epithelium migration","BP"
"GO:0008360","GO:0008360","6/304","76/9332",0.0789473684210526,2.42347645429363,2.28639110763498,0.0370644311428244,0.132516895312411,0.0958835866599793,"Hhon-g10494.t1/Hhon-g01523.t1/Hhon-g04374.t1/Hhon-g05759.t1/Hhon-g03112.t1/Hhon-g05967.t1",6,"regulation of cell shape","BP"
"GO:0120114","GO:0120114","6/304","76/9332",0.0789473684210526,2.42347645429363,2.28639110763498,0.0370644311428244,0.132516895312411,0.0958835866599793,"Hhon-g03321.t1/Hhon-g08053.t1/Hhon-g09314.t1/Hhon-g11385.t1/Hhon-g11388.t1/Hhon-g06163.t1",6,"Sm-like protein family complex","CC"
"GO:0000212","GO:0000212","4/304","39/9332",0.102564102564103,3.14844804318489,2.46708607315441,0.0371208731012918,0.132516895312411,0.0958835866599793,"Hhon-g01323.t1/Hhon-g01363.t1/Hhon-g01983.t1/Hhon-g05253.t1",4,"meiotic spindle organization","BP"
"GO:0007080","GO:0007080","4/304","39/9332",0.102564102564103,3.14844804318489,2.46708607315441,0.0371208731012918,0.132516895312411,0.0958835866599793,"Hhon-g01323.t1/Hhon-g01363.t1/Hhon-g01983.t1/Hhon-g05253.t1",4,"mitotic metaphase chromosome alignment","BP"
"GO:0040028","GO:0040028","4/304","39/9332",0.102564102564103,3.14844804318489,2.46708607315441,0.0371208731012918,0.132516895312411,0.0958835866599793,"Hhon-g09710.t1/Hhon-g09380.t1/Hhon-g02425.t1/Hhon-g06894.t1",4,"regulation of vulval development","BP"
"GO:0042826","GO:0042826","4/304","39/9332",0.102564102564103,3.14844804318489,2.46708607315441,0.0371208731012918,0.132516895312411,0.0958835866599793,"Hhon-g09473.t1/Hhon-g00226.t1/Hhon-g03531.t1/Hhon-g06163.t1",4,"histone deacetylase binding","MF"
"GO:0043122","GO:0043122","4/304","39/9332",0.102564102564103,3.14844804318489,2.46708607315441,0.0371208731012918,0.132516895312411,0.0958835866599793,"Hhon-g04801.t1/Hhon-g06571.t1/Hhon-g10573.t1/Hhon-g00226.t1",4,"regulation of canonical NF-kappaB signal transduction","BP"
"GO:0043502","GO:0043502","4/304","39/9332",0.102564102564103,3.14844804318489,2.46708607315441,0.0371208731012918,0.132516895312411,0.0958835866599793,"Hhon-g04801.t1/Hhon-g09024.t1/Hhon-g02931.t1/Hhon-g08787.t1",4,"regulation of muscle adaptation","BP"
"GO:0046425","GO:0046425","4/304","39/9332",0.102564102564103,3.14844804318489,2.46708607315441,0.0371208731012918,0.132516895312411,0.0958835866599793,"Hhon-g09981.t1/Hhon-g03907.t1/Hhon-g00226.t1/Hhon-g03381.t1",4,"regulation of receptor signaling pathway via JAK-STAT","BP"
"GO:0046888","GO:0046888","4/304","39/9332",0.102564102564103,3.14844804318489,2.46708607315441,0.0371208731012918,0.132516895312411,0.0958835866599793,"Hhon-g03542.t1/Hhon-g06571.t1/Hhon-g02425.t1/Hhon-g00226.t1",4,"negative regulation of hormone secretion","BP"
"GO:0071331","GO:0071331","4/304","39/9332",0.102564102564103,3.14844804318489,2.46708607315441,0.0371208731012918,0.132516895312411,0.0958835866599793,"Hhon-g03542.t1/Hhon-g00241.t1/Hhon-g04016.t1/Hhon-g09428.t1",4,"cellular response to hexose stimulus","BP"
"GO:0071333","GO:0071333","4/304","39/9332",0.102564102564103,3.14844804318489,2.46708607315441,0.0371208731012918,0.132516895312411,0.0958835866599793,"Hhon-g03542.t1/Hhon-g00241.t1/Hhon-g04016.t1/Hhon-g09428.t1",4,"cellular response to glucose stimulus","BP"
"GO:1904892","GO:1904892","4/304","39/9332",0.102564102564103,3.14844804318489,2.46708607315441,0.0371208731012918,0.132516895312411,0.0958835866599793,"Hhon-g09981.t1/Hhon-g03907.t1/Hhon-g00226.t1/Hhon-g03381.t1",4,"regulation of receptor signaling pathway via STAT","BP"
"GO:0007420","GO:0007420","19/304","375/9332",0.0506666666666667,1.55533333333333,2.01415644529662,0.0373467709876092,0.132516895312411,0.0958835866599793,"Hhon-g07625.t1/Hhon-g00684.t1/Hhon-g00902.t1/Hhon-g00903.t1/Hhon-g00914.t1/Hhon-g09437.t1/Hhon-g01603.t1/Hhon-g11170.t1/Hhon-g03907.t1/Hhon-g09380.t1/Hhon-g08561.t1/Hhon-g05189.t1/Hhon-g10567.t1/Hhon-g01324.t1/Hhon-g04500.t1/Hhon-g00226.t1/Hhon-g02931.t1/Hhon-g03264.t1/Hhon-g01922.t1",19,"brain development","BP"
"GO:0006890","GO:0006890","5/304","57/9332",0.087719298245614,2.69275161588181,2.35222475954978,0.0374325619486855,0.132516895312411,0.0958835866599793,"Hhon-g01983.t1/Hhon-g05253.t1/Hhon-g02688.t1/Hhon-g09132.t1/Hhon-g00877.t1",5,"retrograde vesicle-mediated transport, Golgi to endoplasmic reticulum","BP"
"GO:0030660","GO:0030660","5/304","57/9332",0.087719298245614,2.69275161588181,2.35222475954978,0.0374325619486855,0.132516895312411,0.0958835866599793,"Hhon-g03112.t1/Hhon-g02688.t1/Hhon-g09132.t1/Hhon-g05970.t1/Hhon-g03110.t1",5,"Golgi-associated vesicle membrane","CC"
"GO:0043197","GO:0043197","5/304","57/9332",0.087719298245614,2.69275161588181,2.35222475954978,0.0374325619486855,0.132516895312411,0.0958835866599793,"Hhon-g03404.t1/Hhon-g09899.t1/Hhon-g01922.t1/Hhon-g08386.t1/Hhon-g05823.t1",5,"dendritic spine","CC"
"GO:0050679","GO:0050679","5/304","57/9332",0.087719298245614,2.69275161588181,2.35222475954978,0.0374325619486855,0.132516895312411,0.0958835866599793,"Hhon-g04801.t1/Hhon-g06571.t1/Hhon-g07787.t1/Hhon-g09428.t1/Hhon-g00092.t1",5,"positive regulation of epithelial cell proliferation","BP"
"GO:0002433","GO:0002433","3/304","23/9332",0.130434782608696,4.00400457665904,2.64678158369412,0.0374379379097925,0.132516895312411,0.0958835866599793,"Hhon-g10573.t1/Hhon-g02931.t1/Hhon-g05967.t1",3,"immune response-regulating cell surface receptor signaling pathway involved in phagocytosis","BP"
"GO:0007450","GO:0007450","3/304","23/9332",0.130434782608696,4.00400457665904,2.64678158369412,0.0374379379097925,0.132516895312411,0.0958835866599793,"Hhon-g05322.t1/Hhon-g11664.t1/Hhon-g04925.t1",3,"dorsal/ventral pattern formation, imaginal disc","BP"
"GO:0031624","GO:0031624","3/304","23/9332",0.130434782608696,4.00400457665904,2.64678158369412,0.0374379379097925,0.132516895312411,0.0958835866599793,"Hhon-g07437.t1/Hhon-g08170.t1/Hhon-g08474.t1",3,"ubiquitin conjugating enzyme binding","MF"
"GO:0033138","GO:0033138","3/304","23/9332",0.130434782608696,4.00400457665904,2.64678158369412,0.0374379379097925,0.132516895312411,0.0958835866599793,"Hhon-g06571.t1/Hhon-g01914.t1/Hhon-g02931.t1",3,"positive regulation of peptidyl-serine phosphorylation","BP"
"GO:0035195","GO:0035195","3/304","23/9332",0.130434782608696,4.00400457665904,2.64678158369412,0.0374379379097925,0.132516895312411,0.0958835866599793,"Hhon-g04459.t1/Hhon-g02712.t1/Hhon-g06173.t1",3,"miRNA-mediated post-transcriptional gene silencing","BP"
"GO:0048190","GO:0048190","3/304","23/9332",0.130434782608696,4.00400457665904,2.64678158369412,0.0374379379097925,0.132516895312411,0.0958835866599793,"Hhon-g05322.t1/Hhon-g11664.t1/Hhon-g04925.t1",3,"wing disc dorsal/ventral pattern formation","BP"
"GO:0060135","GO:0060135","3/304","23/9332",0.130434782608696,4.00400457665904,2.64678158369412,0.0374379379097925,0.132516895312411,0.0958835866599793,"Hhon-g01603.t1/Hhon-g06571.t1/Hhon-g02688.t1",3,"maternal process involved in female pregnancy","BP"
"GO:1901998","GO:1901998","3/304","23/9332",0.130434782608696,4.00400457665904,2.64678158369412,0.0374379379097925,0.132516895312411,0.0958835866599793,"Hhon-g09060.t1/Hhon-g09132.t1/Hhon-g02237.t1",3,NA,NA
"GO:2000008","GO:2000008","3/304","23/9332",0.130434782608696,4.00400457665904,2.64678158369412,0.0374379379097925,0.132516895312411,0.0958835866599793,"Hhon-g06571.t1/Hhon-g05193.t1/Hhon-g07418.t1",3,"regulation of protein localization to cell surface","BP"
"GO:2000179","GO:2000179","3/304","23/9332",0.130434782608696,4.00400457665904,2.64678158369412,0.0374379379097925,0.132516895312411,0.0958835866599793,"Hhon-g00684.t1/Hhon-g09380.t1/Hhon-g03432.t1",3,"positive regulation of neural precursor cell proliferation","BP"
"GO:0006952","GO:0006952","20/304","401/9332",0.0498753117206983,1.53104081900512,1.99459698303375,0.0382162656756225,0.135156673837466,0.0977936180742641,"Hhon-g09060.t1/Hhon-g07437.t1/Hhon-g08170.t1/Hhon-g01603.t1/Hhon-g09710.t1/Hhon-g03432.t1/Hhon-g06571.t1/Hhon-g02425.t1/Hhon-g09400.t1/Hhon-g04000.t1/Hhon-g04001.t1/Hhon-g06017.t1/Hhon-g06018.t1/Hhon-g09672.t1/Hhon-g06696.t1/Hhon-g09963.t1/Hhon-g10909.t1/Hhon-g02712.t1/Hhon-g03354.t1/Hhon-g07418.t1",20,"defense response","BP"
"GO:0003012","GO:0003012","6/304","77/9332",0.0779220779220779,2.392002734108,2.25062091606863,0.0391436443358024,0.137464166932813,0.0994632218908448,"Hhon-g00902.t1/Hhon-g00903.t1/Hhon-g00914.t1/Hhon-g09024.t1/Hhon-g02931.t1/Hhon-g05897.t1",6,"muscle system process","BP"
"GO:0046661","GO:0046661","9/304","140/9332",0.0642857142857143,1.9734022556391,2.12939617493377,0.0391760153092256,0.137464166932813,0.0994632218908448,"Hhon-g07787.t1/Hhon-g02425.t1/Hhon-g03531.t1/Hhon-g06894.t1/Hhon-g07460.t1/Hhon-g04016.t1/Hhon-g01983.t1/Hhon-g05253.t1/Hhon-g03381.t1",9,"male sex differentiation","BP"
"GO:0045833","GO:0045833","5/304","58/9332",0.0862068965517241,2.64632486388385,2.30781557266201,0.0399162954977792,0.137464166932813,0.0994632218908448,"Hhon-g06571.t1/Hhon-g05193.t1/Hhon-g04500.t1/Hhon-g05759.t1/Hhon-g08401.t1",5,"negative regulation of lipid metabolic process","BP"
"GO:0030155","GO:0030155","13/304","232/9332",0.0560344827586207,1.7201111615245,2.03811154941357,0.0400191514161766,0.137464166932813,0.0994632218908448,"Hhon-g10494.t1/Hhon-g04801.t1/Hhon-g06571.t1/Hhon-g10573.t1/Hhon-g07787.t1/Hhon-g04500.t1/Hhon-g09024.t1/Hhon-g09672.t1/Hhon-g02931.t1/Hhon-g07409.t1/Hhon-g06160.t1/Hhon-g03112.t1/Hhon-g08553.t1",13,"regulation of cell adhesion","BP"
"GO:0000805","GO:0000805","2/304","10/9332",0.2,6.13947368421053,2.9837965584027,0.0400457323180377,0.137464166932813,0.0994632218908448,"Hhon-g03304.t1/Hhon-g04016.t1",2,"X chromosome","CC"
"GO:0002228","GO:0002228","2/304","10/9332",0.2,6.13947368421053,2.9837965584027,0.0400457323180377,0.137464166932813,0.0994632218908448,"Hhon-g07437.t1/Hhon-g08170.t1",2,"natural killer cell mediated immunity","BP"
"GO:0004114","GO:0004114","2/304","10/9332",0.2,6.13947368421053,2.9837965584027,0.0400457323180377,0.137464166932813,0.0994632218908448,"Hhon-g08502.t1/Hhon-g09024.t1",2,"3',5'-cyclic-nucleotide phosphodiesterase activity","MF"
"GO:0005249","GO:0005249","2/304","10/9332",0.2,6.13947368421053,2.9837965584027,0.0400457323180377,0.137464166932813,0.0994632218908448,"Hhon-g03542.t1/Hhon-g07625.t1",2,"voltage-gated potassium channel activity","MF"
"GO:0007056","GO:0007056","2/304","10/9332",0.2,6.13947368421053,2.9837965584027,0.0400457323180377,0.137464166932813,0.0994632218908448,"Hhon-g01323.t1/Hhon-g01363.t1",2,"spindle assembly involved in female meiosis","BP"
"GO:0007060","GO:0007060","2/304","10/9332",0.2,6.13947368421053,2.9837965584027,0.0400457323180377,0.137464166932813,0.0994632218908448,"Hhon-g01983.t1/Hhon-g05253.t1",2,"male meiosis chromosome segregation","BP"
"GO:0007110","GO:0007110","2/304","10/9332",0.2,6.13947368421053,2.9837965584027,0.0400457323180377,0.137464166932813,0.0994632218908448,"Hhon-g01983.t1/Hhon-g05253.t1",2,"meiosis I cytokinesis","BP"
"GO:0007370","GO:0007370","2/304","10/9332",0.2,6.13947368421053,2.9837965584027,0.0400457323180377,0.137464166932813,0.0994632218908448,"Hhon-g04500.t1/Hhon-g03390.t1",2,"ventral furrow formation","BP"
"GO:0010869","GO:0010869","2/304","10/9332",0.2,6.13947368421053,2.9837965584027,0.0400457323180377,0.137464166932813,0.0994632218908448,"Hhon-g00226.t1/Hhon-g05970.t1",2,NA,NA
"GO:0015800","GO:0015800","2/304","10/9332",0.2,6.13947368421053,2.9837965584027,0.0400457323180377,0.137464166932813,0.0994632218908448,"Hhon-g04482.t1/Hhon-g02931.t1",2,"acidic amino acid transport","BP"
"GO:0016059","GO:0016059","2/304","10/9332",0.2,6.13947368421053,2.9837965584027,0.0400457323180377,0.137464166932813,0.0994632218908448,"Hhon-g03404.t1/Hhon-g04801.t1",2,"negative regulation of opsin-mediated signaling pathway","BP"
"GO:0018206","GO:0018206","2/304","10/9332",0.2,6.13947368421053,2.9837965584027,0.0400457323180377,0.137464166932813,0.0994632218908448,"Hhon-g03280.t1/Hhon-g09845.t1",2,"peptidyl-methionine modification","BP"
"GO:0032590","GO:0032590","2/304","10/9332",0.2,6.13947368421053,2.9837965584027,0.0400457323180377,0.137464166932813,0.0994632218908448,"Hhon-g03542.t1/Hhon-g07625.t1",2,"dendrite membrane","CC"
"GO:0032593","GO:0032593","2/304","10/9332",0.2,6.13947368421053,2.9837965584027,0.0400457323180377,0.137464166932813,0.0994632218908448,"Hhon-g00124.t1/Hhon-g06571.t1",2,"insulin-responsive compartment","CC"
"GO:0032965","GO:0032965","2/304","10/9332",0.2,6.13947368421053,2.9837965584027,0.0400457323180377,0.137464166932813,0.0994632218908448,"Hhon-g07787.t1/Hhon-g00226.t1",2,"regulation of collagen biosynthetic process","BP"
"GO:0034401","GO:0034401","2/304","10/9332",0.2,6.13947368421053,2.9837965584027,0.0400457323180377,0.137464166932813,0.0994632218908448,"Hhon-g09981.t1/Hhon-g00521.t1",2,NA,NA
"GO:0035089","GO:0035089","2/304","10/9332",0.2,6.13947368421053,2.9837965584027,0.0400457323180377,0.137464166932813,0.0994632218908448,"Hhon-g03432.t1/Hhon-g01922.t1",2,"establishment of apical/basal cell polarity","BP"
"GO:0035099","GO:0035099","2/304","10/9332",0.2,6.13947368421053,2.9837965584027,0.0400457323180377,0.137464166932813,0.0994632218908448,"Hhon-g09710.t1/Hhon-g10494.t1",2,"hemocyte migration","BP"
"GO:0042267","GO:0042267","2/304","10/9332",0.2,6.13947368421053,2.9837965584027,0.0400457323180377,0.137464166932813,0.0994632218908448,"Hhon-g07437.t1/Hhon-g08170.t1",2,"natural killer cell mediated cytotoxicity","BP"
"GO:0043491","GO:0043491","2/304","10/9332",0.2,6.13947368421053,2.9837965584027,0.0400457323180377,0.137464166932813,0.0994632218908448,"Hhon-g06571.t1/Hhon-g07787.t1",2,"phosphatidylinositol 3-kinase/protein kinase B signal transduction","BP"
"GO:0050919","GO:0050919","2/304","10/9332",0.2,6.13947368421053,2.9837965584027,0.0400457323180377,0.137464166932813,0.0994632218908448,"Hhon-g03264.t1/Hhon-g01922.t1",2,"negative chemotaxis","BP"
"GO:0070868","GO:0070868","2/304","10/9332",0.2,6.13947368421053,2.9837965584027,0.0400457323180377,0.137464166932813,0.0994632218908448,"Hhon-g09981.t1/Hhon-g00521.t1",2,NA,NA
"GO:0071390","GO:0071390","2/304","10/9332",0.2,6.13947368421053,2.9837965584027,0.0400457323180377,0.137464166932813,0.0994632218908448,"Hhon-g01603.t1/Hhon-g02469.t1",2,"cellular response to ecdysone","BP"
"GO:0072687","GO:0072687","2/304","10/9332",0.2,6.13947368421053,2.9837965584027,0.0400457323180377,0.137464166932813,0.0994632218908448,"Hhon-g01323.t1/Hhon-g01363.t1",2,"meiotic spindle","CC"
"GO:0097549","GO:0097549","2/304","10/9332",0.2,6.13947368421053,2.9837965584027,0.0400457323180377,0.137464166932813,0.0994632218908448,"Hhon-g09981.t1/Hhon-g00521.t1",2,NA,NA
"GO:1903055","GO:1903055","2/304","10/9332",0.2,6.13947368421053,2.9837965584027,0.0400457323180377,0.137464166932813,0.0994632218908448,"Hhon-g07787.t1/Hhon-g03112.t1",2,"positive regulation of extracellular matrix organization","BP"
"GO:1903792","GO:1903792","2/304","10/9332",0.2,6.13947368421053,2.9837965584027,0.0400457323180377,0.137464166932813,0.0994632218908448,"Hhon-g04801.t1/Hhon-g06571.t1",2,"negative regulation of monoatomic anion transport","BP"
"GO:1904707","GO:1904707","2/304","10/9332",0.2,6.13947368421053,2.9837965584027,0.0400457323180377,0.137464166932813,0.0994632218908448,"Hhon-g02931.t1/Hhon-g00092.t1",2,"positive regulation of vascular associated smooth muscle cell proliferation","BP"
"GO:2000136","GO:2000136","2/304","10/9332",0.2,6.13947368421053,2.9837965584027,0.0400457323180377,0.137464166932813,0.0994632218908448,"Hhon-g03907.t1/Hhon-g07787.t1",2,"regulation of cell proliferation involved in heart morphogenesis","BP"
"GO:2000738","GO:2000738","2/304","10/9332",0.2,6.13947368421053,2.9837965584027,0.0400457323180377,0.137464166932813,0.0994632218908448,"Hhon-g07787.t1/Hhon-g03381.t1",2,"positive regulation of stem cell differentiation","BP"
"GO:0002218","GO:0002218","4/304","40/9332",0.1,3.06973684210526,2.40710833534648,0.0402261471154547,0.137464166932813,0.0994632218908448,"Hhon-g10573.t1/Hhon-g04016.t1/Hhon-g02931.t1/Hhon-g04888.t1",4,"activation of innate immune response","BP"
"GO:0021536","GO:0021536","4/304","40/9332",0.1,3.06973684210526,2.40710833534648,0.0402261471154547,0.137464166932813,0.0994632218908448,"Hhon-g07625.t1/Hhon-g00684.t1/Hhon-g03907.t1/Hhon-g08561.t1",4,"diencephalon development","BP"
"GO:0048103","GO:0048103","4/304","40/9332",0.1,3.06973684210526,2.40710833534648,0.0402261471154547,0.137464166932813,0.0994632218908448,"Hhon-g00124.t1/Hhon-g03432.t1/Hhon-g01324.t1/Hhon-g04500.t1",4,"somatic stem cell division","BP"
"GO:0048488","GO:0048488","4/304","40/9332",0.1,3.06973684210526,2.40710833534648,0.0402261471154547,0.137464166932813,0.0994632218908448,"Hhon-g05648.t1/Hhon-g05654.t1/Hhon-g05193.t1/Hhon-g02357.t1",4,"synaptic vesicle endocytosis","BP"
"GO:0051294","GO:0051294","4/304","40/9332",0.1,3.06973684210526,2.40710833534648,0.0402261471154547,0.137464166932813,0.0994632218908448,"Hhon-g03432.t1/Hhon-g09811.t1/Hhon-g01922.t1/Hhon-g00901.t1",4,"establishment of spindle orientation","BP"
"GO:0071326","GO:0071326","4/304","40/9332",0.1,3.06973684210526,2.40710833534648,0.0402261471154547,0.137464166932813,0.0994632218908448,"Hhon-g03542.t1/Hhon-g00241.t1/Hhon-g04016.t1/Hhon-g09428.t1",4,"cellular response to monosaccharide stimulus","BP"
"GO:0090598","GO:0090598","4/304","40/9332",0.1,3.06973684210526,2.40710833534648,0.0402261471154547,0.137464166932813,0.0994632218908448,"Hhon-g02425.t1/Hhon-g03531.t1/Hhon-g06894.t1/Hhon-g04016.t1",4,"male anatomical structure morphogenesis","BP"
"GO:0000209","GO:0000209","8/304","119/9332",0.0672268907563025,2.06368863334808,2.14285396407601,0.0402955379887427,0.137588054053668,0.0995528613399167,"Hhon-g07437.t1/Hhon-g08170.t1/Hhon-g08474.t1/Hhon-g06160.t1/Hhon-g02772.t1/Hhon-g00901.t1/Hhon-g00458.t1/Hhon-g09888.t1",8,"protein polyubiquitination","BP"
"GO:0031349","GO:0031349","7/304","98/9332",0.0714285714285714,2.19266917293233,2.17792644463963,0.0405051525206248,0.138076677557992,0.0999064085159995,"Hhon-g04801.t1/Hhon-g10573.t1/Hhon-g04016.t1/Hhon-g09024.t1/Hhon-g02931.t1/Hhon-g04888.t1/Hhon-g10909.t1",7,"positive regulation of defense response","BP"
"GO:0043473","GO:0043473","7/304","98/9332",0.0714285714285714,2.19266917293233,2.17792644463963,0.0405051525206248,0.138076677557992,0.0999064085159995,"Hhon-g09266.t1/Hhon-g04500.t1/Hhon-g09672.t1/Hhon-g09899.t1/Hhon-g04925.t1/Hhon-g08771.t1/Hhon-g02474.t1",7,"pigmentation","BP"
"GO:0016050","GO:0016050","11/304","186/9332",0.0591397849462366,1.81543576683645,2.0612740772078,0.0406924046686934,0.138601201135697,0.10028593145758,"Hhon-g03364.t1/Hhon-g07037.t1/Hhon-g01523.t1/Hhon-g06937.t1/Hhon-g02290.t1/Hhon-g09428.t1/Hhon-g03112.t1/Hhon-g02688.t1/Hhon-g05970.t1/Hhon-g03110.t1/Hhon-g02474.t1",11,"vesicle organization","BP"
"GO:0005881","GO:0005881","3/304","24/9332",0.125,3.83717105263158,2.55368934829941,0.0417852246473569,0.141742036548877,0.102558506315408,"Hhon-g01983.t1/Hhon-g05253.t1/Hhon-g01891.t1",3,"cytoplasmic microtubule","CC"
"GO:0030374","GO:0030374","3/304","24/9332",0.125,3.83717105263158,2.55368934829941,0.0417852246473569,0.141742036548877,0.102558506315408,"Hhon-g01603.t1/Hhon-g04801.t1/Hhon-g02469.t1",3,"nuclear receptor coactivator activity","MF"
"GO:0033146","GO:0033146","3/304","24/9332",0.125,3.83717105263158,2.55368934829941,0.0417852246473569,0.141742036548877,0.102558506315408,"Hhon-g03907.t1/Hhon-g02931.t1/Hhon-g06160.t1",3,"regulation of intracellular estrogen receptor signaling pathway","BP"
"GO:0046329","GO:0046329","3/304","24/9332",0.125,3.83717105263158,2.55368934829941,0.0417852246473569,0.141742036548877,0.102558506315408,"Hhon-g06571.t1/Hhon-g03531.t1/Hhon-g00901.t1",3,"negative regulation of JNK cascade","BP"
"GO:0055021","GO:0055021","3/304","24/9332",0.125,3.83717105263158,2.55368934829941,0.0417852246473569,0.141742036548877,0.102558506315408,"Hhon-g10567.t1/Hhon-g00226.t1/Hhon-g02931.t1",3,"regulation of cardiac muscle tissue growth","BP"
"GO:0090130","GO:0090130","8/304","120/9332",0.0666666666666667,2.04649122807018,2.11716332401935,0.0420083645244542,0.142382636331048,0.103022017059328,"Hhon-g01603.t1/Hhon-g09710.t1/Hhon-g06571.t1/Hhon-g04500.t1/Hhon-g04016.t1/Hhon-g03264.t1/Hhon-g01922.t1/Hhon-g05967.t1",8,"tissue migration","BP"
"GO:0030308","GO:0030308","5/304","59/9332",0.0847457627118644,2.60147190008921,2.26433307357212,0.0424980004215021,0.143690307614069,0.103968192356392,"Hhon-g09981.t1/Hhon-g00590.t1/Hhon-g02931.t1/Hhon-g09899.t1/Hhon-g06667.t1",5,"negative regulation of cell growth","BP"
"GO:0090174","GO:0090174","5/304","59/9332",0.0847457627118644,2.60147190008921,2.26433307357212,0.0424980004215021,0.143690307614069,0.103968192356392,"Hhon-g03364.t1/Hhon-g07037.t1/Hhon-g06937.t1/Hhon-g02290.t1/Hhon-g03110.t1",5,"organelle membrane fusion","BP"
"GO:1904949","GO:1904949","5/304","59/9332",0.0847457627118644,2.60147190008921,2.26433307357212,0.0424980004215021,0.143690307614069,0.103968192356392,"Hhon-g09473.t1/Hhon-g00226.t1/Hhon-g06894.t1/Hhon-g06127.t1/Hhon-g00521.t1",5,"ATPase complex","CC"
"GO:0010608","GO:0010608","14/304","258/9332",0.0542635658914729,1.66574867401061,1.98987541786248,0.0425797340820075,0.143849516605773,0.104083389208213,"Hhon-g01603.t1/Hhon-g04801.t1/Hhon-g06571.t1/Hhon-g00241.t1/Hhon-g01914.t1/Hhon-g09400.t1/Hhon-g03869.t1/Hhon-g04459.t1/Hhon-g02232.t1/Hhon-g00606.t1/Hhon-g02712.t1/Hhon-g03280.t1/Hhon-g06173.t1/Hhon-g03387.t1",14,"post-transcriptional regulation of gene expression","BP"
"GO:0042623","GO:0042623","12/304","211/9332",0.0568720379146919,1.74582190072337,2.0107600275137,0.0430894765854533,0.145453257546994,0.105243787911753,"Hhon-g01323.t1/Hhon-g01363.t1/Hhon-g08202.t1/Hhon-g03321.t1/Hhon-g08053.t1/Hhon-g04459.t1/Hhon-g09751.t1/Hhon-g01983.t1/Hhon-g05253.t1/Hhon-g11373.t1/Hhon-g03376.t1/Hhon-g06163.t1",12,NA,NA
"GO:0001678","GO:0001678","4/304","41/9332",0.0975609756097561,2.99486521181001,2.3489802561812,0.0434748148372209,0.146159863323191,0.105755057784299,"Hhon-g03542.t1/Hhon-g00241.t1/Hhon-g04016.t1/Hhon-g09428.t1",4,"intracellular glucose homeostasis","BP"
"GO:0010595","GO:0010595","4/304","41/9332",0.0975609756097561,2.99486521181001,2.3489802561812,0.0434748148372209,0.146159863323191,0.105755057784299,"Hhon-g04801.t1/Hhon-g06571.t1/Hhon-g04500.t1/Hhon-g07409.t1",4,"positive regulation of endothelial cell migration","BP"
"GO:0034766","GO:0034766","4/304","41/9332",0.0975609756097561,2.99486521181001,2.3489802561812,0.0434748148372209,0.146159863323191,0.105755057784299,"Hhon-g04801.t1/Hhon-g06571.t1/Hhon-g10573.t1/Hhon-g08386.t1",4,"negative regulation of monoatomic ion transmembrane transport","BP"
"GO:0040001","GO:0040001","4/304","41/9332",0.0975609756097561,2.99486521181001,2.3489802561812,0.0434748148372209,0.146159863323191,0.105755057784299,"Hhon-g03432.t1/Hhon-g09811.t1/Hhon-g01922.t1/Hhon-g00901.t1",4,"establishment of mitotic spindle localization","BP"
"GO:0061333","GO:0061333","4/304","41/9332",0.0975609756097561,2.99486521181001,2.3489802561812,0.0434748148372209,0.146159863323191,0.105755057784299,"Hhon-g00684.t1/Hhon-g09380.t1/Hhon-g07787.t1/Hhon-g04500.t1",4,"renal tubule morphogenesis","BP"
"GO:0098862","GO:0098862","6/304","79/9332",0.0759493670886076,2.33144570286476,2.18072466778561,0.043521007177041,0.146196781390837,0.105781770127129,"Hhon-g04801.t1/Hhon-g02482.t1/Hhon-g02483.t1/Hhon-g01193.t1/Hhon-g07626.t1/Hhon-g05897.t1",6,"cluster of actin-based cell projections","CC"
"GO:0043207","GO:0043207","19/304","383/9332",0.0496083550913838,1.52284595300261,1.91730407383719,0.0446477992522727,0.149739630448656,0.108345224951948,"Hhon-g09981.t1/Hhon-g09710.t1/Hhon-g03432.t1/Hhon-g06571.t1/Hhon-g10573.t1/Hhon-g00226.t1/Hhon-g09024.t1/Hhon-g04000.t1/Hhon-g04001.t1/Hhon-g06017.t1/Hhon-g06018.t1/Hhon-g09672.t1/Hhon-g04459.t1/Hhon-g06696.t1/Hhon-g00092.t1/Hhon-g10909.t1/Hhon-g02712.t1/Hhon-g03354.t1/Hhon-g07418.t1",19,"response to external biotic stimulus","BP"
"GO:0051707","GO:0051707","19/304","383/9332",0.0496083550913838,1.52284595300261,1.91730407383719,0.0446477992522727,0.149739630448656,0.108345224951948,"Hhon-g09981.t1/Hhon-g09710.t1/Hhon-g03432.t1/Hhon-g06571.t1/Hhon-g10573.t1/Hhon-g00226.t1/Hhon-g09024.t1/Hhon-g04000.t1/Hhon-g04001.t1/Hhon-g06017.t1/Hhon-g06018.t1/Hhon-g09672.t1/Hhon-g04459.t1/Hhon-g06696.t1/Hhon-g00092.t1/Hhon-g10909.t1/Hhon-g02712.t1/Hhon-g03354.t1/Hhon-g07418.t1",19,"response to other organism","BP"
"GO:0001666","GO:0001666","10/304","166/9332",0.0602409638554217,1.84923906150919,2.02581223895349,0.0447158506161514,0.149846821435239,0.108422783788706,"Hhon-g09981.t1/Hhon-g04801.t1/Hhon-g06571.t1/Hhon-g10573.t1/Hhon-g00241.t1/Hhon-g09024.t1/Hhon-g02931.t1/Hhon-g04888.t1/Hhon-g00606.t1/Hhon-g07418.t1",10,"response to hypoxia","BP"
"GO:0043271","GO:0043271","5/304","60/9332",0.0833333333333333,2.55811403508772,2.2217401562007,0.0451781666502285,0.151152093418009,0.109367223054203,"Hhon-g04801.t1/Hhon-g06571.t1/Hhon-g10573.t1/Hhon-g09963.t1/Hhon-g08386.t1",5,"negative regulation of monoatomic ion transport","BP"
"GO:0051588","GO:0051588","5/304","60/9332",0.0833333333333333,2.55811403508772,2.2217401562007,0.0451781666502285,0.151152093418009,0.109367223054203,"Hhon-g07625.t1/Hhon-g02085.t1/Hhon-g01259.t1/Hhon-g02425.t1/Hhon-g09428.t1",5,"regulation of neurotransmitter transport","BP"
"GO:0043009","GO:0043009","16/304","309/9332",0.0517799352750809,1.58950774995742,1.93374138220248,0.0452924427255794,0.151412417227541,0.109555582285621,"Hhon-g00684.t1/Hhon-g01603.t1/Hhon-g03907.t1/Hhon-g09380.t1/Hhon-g09266.t1/Hhon-g06571.t1/Hhon-g00241.t1/Hhon-g07787.t1/Hhon-g04016.t1/Hhon-g01922.t1/Hhon-g08835.t1/Hhon-g08836.t1/Hhon-g03112.t1/Hhon-g02688.t1/Hhon-g11231.t1/Hhon-g07993.t1",16,"chordate embryonic development","BP"
"GO:0030667","GO:0030667","8/304","122/9332",0.0655737704918033,2.01294219154443,2.06652123581855,0.0455773864769207,0.152120023032295,0.110067575736277,"Hhon-g00124.t1/Hhon-g00305.t1/Hhon-g03181.t1/Hhon-g06183.t1/Hhon-g00658.t1/Hhon-g09428.t1/Hhon-g02688.t1/Hhon-g08401.t1",8,"secretory granule membrane","CC"
"GO:0071824","GO:0071824","8/304","122/9332",0.0655737704918033,2.01294219154443,2.06652123581855,0.0455773864769207,0.152120023032295,0.110067575736277,"Hhon-g07787.t1/Hhon-g05246.t1/Hhon-g09811.t1/Hhon-g06127.t1/Hhon-g00521.t1/Hhon-g06564.t1/Hhon-g07536.t1/Hhon-g02746.t1",8,"protein-DNA complex organization","BP"
"GO:0001525","GO:0001525","6/304","80/9332",0.075,2.30230263157895,2.14656582565572,0.045820214499562,0.152562574660931,0.110387787263538,"Hhon-g01603.t1/Hhon-g10567.t1/Hhon-g03531.t1/Hhon-g03264.t1/Hhon-g08814.t1/Hhon-g00092.t1",6,"angiogenesis","BP"
"GO:0006323","GO:0006323","6/304","80/9332",0.075,2.30230263157895,2.14656582565572,0.045820214499562,0.152562574660931,0.110387787263538,"Hhon-g07787.t1/Hhon-g05246.t1/Hhon-g09811.t1/Hhon-g00226.t1/Hhon-g00521.t1/Hhon-g00901.t1",6,NA,NA
"GO:0098858","GO:0098858","6/304","80/9332",0.075,2.30230263157895,2.14656582565572,0.045820214499562,0.152562574660931,0.110387787263538,"Hhon-g05193.t1/Hhon-g11182.t1/Hhon-g01193.t1/Hhon-g07409.t1/Hhon-g07626.t1/Hhon-g05897.t1",6,"actin-based cell projection","CC"
"GO:0045927","GO:0045927","13/304","237/9332",0.0548523206751055,1.68382189651344,1.95668509031777,0.0461420188328667,0.153510947270884,0.111073989329455,"Hhon-g00684.t1/Hhon-g11170.t1/Hhon-g09710.t1/Hhon-g06571.t1/Hhon-g02425.t1/Hhon-g03531.t1/Hhon-g01523.t1/Hhon-g02931.t1/Hhon-g07409.t1/Hhon-g01922.t1/Hhon-g00092.t1/Hhon-g00352.t1/Hhon-g07993.t1",13,"positive regulation of growth","BP"
"GO:0005819","GO:0005819","11/304","190/9332",0.0578947368421053,1.77721606648199,1.98610897070295,0.0462538326582115,0.15365378620437,0.11117734150372,"Hhon-g06571.t1/Hhon-g01323.t1/Hhon-g01363.t1/Hhon-g03531.t1/Hhon-g01523.t1/Hhon-g05759.t1/Hhon-g01983.t1/Hhon-g05253.t1/Hhon-g06183.t1/Hhon-g06667.t1/Hhon-g03387.t1",11,"spindle","CC"
"GO:0035591","GO:0035591","3/304","25/9332",0.12,3.68368421052632,2.46548105495194,0.0463743575510458,0.15365378620437,0.11117734150372,"Hhon-g03869.t1/Hhon-g01922.t1/Hhon-g05897.t1",3,"signaling adaptor activity","MF"
"GO:0048365","GO:0048365","3/304","25/9332",0.12,3.68368421052632,2.46548105495194,0.0463743575510458,0.15365378620437,0.11117734150372,"Hhon-g02425.t1/Hhon-g02931.t1/Hhon-g01922.t1",3,NA,NA
"GO:0050771","GO:0050771","3/304","25/9332",0.12,3.68368421052632,2.46548105495194,0.0463743575510458,0.15365378620437,0.11117734150372,"Hhon-g00226.t1/Hhon-g09899.t1/Hhon-g06667.t1",3,"negative regulation of axonogenesis","BP"
"GO:1901682","GO:1901682","3/304","25/9332",0.12,3.68368421052632,2.46548105495194,0.0463743575510458,0.15365378620437,0.11117734150372,"Hhon-g02482.t1/Hhon-g02483.t1/Hhon-g04482.t1",3,"sulfur compound transmembrane transporter activity","MF"
"GO:0006909","GO:0006909","7/304","101/9332",0.0693069306930693,2.12754038561751,2.09061243313457,0.0464440032963594,0.15365378620437,0.11117734150372,"Hhon-g03364.t1/Hhon-g10573.t1/Hhon-g02425.t1/Hhon-g02931.t1/Hhon-g02290.t1/Hhon-g05967.t1/Hhon-g07418.t1",7,"phagocytosis","BP"
"GO:0045333","GO:0045333","7/304","101/9332",0.0693069306930693,2.12754038561751,2.09061243313457,0.0464440032963594,0.15365378620437,0.11117734150372,"Hhon-g00226.t1/Hhon-g08502.t1/Hhon-g06340.t1/Hhon-g06341.t1/Hhon-g06342.t1/Hhon-g09765.t1/Hhon-g09766.t1",7,"cellular respiration","BP"
"GO:0018022","GO:0018022","4/304","42/9332",0.0952380952380952,2.92355889724311,2.292595248504,0.0468667777185105,0.154559857892975,0.111832936422916,"Hhon-g00226.t1/Hhon-g07460.t1/Hhon-g01642.t1/Hhon-g03381.t1",4,"peptidyl-lysine methylation","BP"
"GO:0048194","GO:0048194","4/304","42/9332",0.0952380952380952,2.92355889724311,2.292595248504,0.0468667777185105,0.154559857892975,0.111832936422916,"Hhon-g01523.t1/Hhon-g03112.t1/Hhon-g02688.t1/Hhon-g05970.t1",4,"Golgi vesicle budding","BP"
"GO:1900182","GO:1900182","4/304","42/9332",0.0952380952380952,2.92355889724311,2.292595248504,0.0468667777185105,0.154559857892975,0.111832936422916,"Hhon-g06571.t1/Hhon-g11664.t1/Hhon-g03531.t1/Hhon-g07993.t1",4,"positive regulation of protein localization to nucleus","BP"
"GO:1902495","GO:1902495","4/304","42/9332",0.0952380952380952,2.92355889724311,2.292595248504,0.0468667777185105,0.154559857892975,0.111832936422916,"Hhon-g03542.t1/Hhon-g07625.t1/Hhon-g05648.t1/Hhon-g05654.t1",4,"transmembrane transporter complex","CC"
"GO:0031334","GO:0031334","8/304","123/9332",0.0650406504065041,1.99657680787334,2.04156027565657,0.0474343457963792,0.154714975333161,0.111945172802161,"Hhon-g10573.t1/Hhon-g05193.t1/Hhon-g02425.t1/Hhon-g01523.t1/Hhon-g09672.t1/Hhon-g02931.t1/Hhon-g00092.t1/Hhon-g05967.t1",8,"positive regulation of protein-containing complex assembly","BP"
"GO:0000786","GO:0000786","2/304","11/9332",0.181818181818182,5.58133971291866,2.78973336400689,0.0479115950289006,0.154714975333161,0.111945172802161,"Hhon-g05246.t1/Hhon-g09811.t1",2,"nucleosome","CC"
"GO:0004112","GO:0004112","2/304","11/9332",0.181818181818182,5.58133971291866,2.78973336400689,0.0479115950289006,0.154714975333161,0.111945172802161,"Hhon-g08502.t1/Hhon-g09024.t1",2,"cyclic-nucleotide phosphodiesterase activity","MF"
"GO:0007141","GO:0007141","2/304","11/9332",0.181818181818182,5.58133971291866,2.78973336400689,0.0479115950289006,0.154714975333161,0.111945172802161,"Hhon-g01983.t1/Hhon-g05253.t1",2,"male meiosis I","BP"
"GO:0008180","GO:0008180","2/304","11/9332",0.181818181818182,5.58133971291866,2.78973336400689,0.0479115950289006,0.154714975333161,0.111945172802161,"Hhon-g05251.t1/Hhon-g06705.t1",2,"COP9 signalosome","CC"
"GO:0010485","GO:0010485","2/304","11/9332",0.181818181818182,5.58133971291866,2.78973336400689,0.0479115950289006,0.154714975333161,0.111945172802161,"Hhon-g03304.t1/Hhon-g11664.t1",2,"histone H4 acetyltransferase activity","MF"
"GO:0016048","GO:0016048","2/304","11/9332",0.181818181818182,5.58133971291866,2.78973336400689,0.0479115950289006,0.154714975333161,0.111945172802161,"Hhon-g05648.t1/Hhon-g05654.t1",2,"detection of temperature stimulus","BP"
"GO:0016601","GO:0016601","2/304","11/9332",0.181818181818182,5.58133971291866,2.78973336400689,0.0479115950289006,0.154714975333161,0.111945172802161,"Hhon-g02425.t1/Hhon-g02931.t1",2,"Rac protein signal transduction","BP"
"GO:0016973","GO:0016973","2/304","11/9332",0.181818181818182,5.58133971291866,2.78973336400689,0.0479115950289006,0.154714975333161,0.111945172802161,"Hhon-g08835.t1/Hhon-g08836.t1",2,"poly(A)+ mRNA export from nucleus","BP"
"GO:0031616","GO:0031616","2/304","11/9332",0.181818181818182,5.58133971291866,2.78973336400689,0.0479115950289006,0.154714975333161,0.111945172802161,"Hhon-g01323.t1/Hhon-g01363.t1",2,"spindle pole centrosome","CC"
"GO:0032330","GO:0032330","2/304","11/9332",0.181818181818182,5.58133971291866,2.78973336400689,0.0479115950289006,0.154714975333161,0.111945172802161,"Hhon-g07787.t1/Hhon-g04500.t1",2,"regulation of chondrocyte differentiation","BP"
"GO:0032755","GO:0032755","2/304","11/9332",0.181818181818182,5.58133971291866,2.78973336400689,0.0479115950289006,0.154714975333161,0.111945172802161,"Hhon-g03907.t1/Hhon-g10909.t1",2,"positive regulation of interleukin-6 production","BP"
"GO:0034975","GO:0034975","2/304","11/9332",0.181818181818182,5.58133971291866,2.78973336400689,0.0479115950289006,0.154714975333161,0.111945172802161,"Hhon-g04888.t1/Hhon-g05662.t1",2,"protein folding in endoplasmic reticulum","BP"
"GO:0042023","GO:0042023","2/304","11/9332",0.181818181818182,5.58133971291866,2.78973336400689,0.0479115950289006,0.154714975333161,0.111945172802161,"Hhon-g00901.t1/Hhon-g07993.t1",2,"DNA endoreduplication","BP"
"GO:0042116","GO:0042116","2/304","11/9332",0.181818181818182,5.58133971291866,2.78973336400689,0.0479115950289006,0.154714975333161,0.111945172802161,"Hhon-g10573.t1/Hhon-g00092.t1",2,"macrophage activation","BP"
"GO:0044298","GO:0044298","2/304","11/9332",0.181818181818182,5.58133971291866,2.78973336400689,0.0479115950289006,0.154714975333161,0.111945172802161,"Hhon-g03542.t1/Hhon-g07625.t1",2,"cell body membrane","CC"
"GO:0048009","GO:0048009","2/304","11/9332",0.181818181818182,5.58133971291866,2.78973336400689,0.0479115950289006,0.154714975333161,0.111945172802161,"Hhon-g06571.t1/Hhon-g10573.t1",2,"insulin-like growth factor receptor signaling pathway","BP"
"GO:0050691","GO:0050691","2/304","11/9332",0.181818181818182,5.58133971291866,2.78973336400689,0.0479115950289006,0.154714975333161,0.111945172802161,"Hhon-g04016.t1/Hhon-g08787.t1",2,"regulation of defense response to virus by host","BP"
"GO:0060219","GO:0060219","2/304","11/9332",0.181818181818182,5.58133971291866,2.78973336400689,0.0479115950289006,0.154714975333161,0.111945172802161,"Hhon-g07787.t1/Hhon-g04039.t1",2,"camera-type eye photoreceptor cell differentiation","BP"
"GO:0060287","GO:0060287","2/304","11/9332",0.181818181818182,5.58133971291866,2.78973336400689,0.0479115950289006,0.154714975333161,0.111945172802161,"Hhon-g04244.t1/Hhon-g04246.t1",2,"epithelial cilium movement involved in determination of left/right asymmetry","BP"
"GO:0060706","GO:0060706","2/304","11/9332",0.181818181818182,5.58133971291866,2.78973336400689,0.0479115950289006,0.154714975333161,0.111945172802161,"Hhon-g00684.t1/Hhon-g06571.t1",2,"cell differentiation involved in embryonic placenta development","BP"
"GO:0070527","GO:0070527","2/304","11/9332",0.181818181818182,5.58133971291866,2.78973336400689,0.0479115950289006,0.154714975333161,0.111945172802161,"Hhon-g03181.t1/Hhon-g02474.t1",2,"platelet aggregation","BP"
"GO:0070983","GO:0070983","2/304","11/9332",0.181818181818182,5.58133971291866,2.78973336400689,0.0479115950289006,0.154714975333161,0.111945172802161,"Hhon-g03907.t1/Hhon-g00226.t1",2,"dendrite guidance","BP"
"GO:0090239","GO:0090239","2/304","11/9332",0.181818181818182,5.58133971291866,2.78973336400689,0.0479115950289006,0.154714975333161,0.111945172802161,"Hhon-g03304.t1/Hhon-g11664.t1",2,NA,NA
"GO:2000726","GO:2000726","2/304","11/9332",0.181818181818182,5.58133971291866,2.78973336400689,0.0479115950289006,0.154714975333161,0.111945172802161,"Hhon-g03531.t1/Hhon-g02931.t1",2,"negative regulation of cardiac muscle cell differentiation","BP"
"GO:0031058","GO:0031058","5/304","61/9332",0.0819672131147541,2.51617773943054,2.1800018105994,0.0479571708222011,0.154714975333161,0.111945172802161,"Hhon-g03907.t1/Hhon-g09266.t1/Hhon-g11664.t1/Hhon-g04500.t1/Hhon-g08787.t1",5,NA,NA
"GO:0048546","GO:0048546","5/304","61/9332",0.0819672131147541,2.51617773943054,2.1800018105994,0.0479571708222011,0.154714975333161,0.111945172802161,"Hhon-g00684.t1/Hhon-g04500.t1/Hhon-g06894.t1/Hhon-g04888.t1/Hhon-g01922.t1",5,"digestive tract morphogenesis","BP"
"GO:0140030","GO:0140030","5/304","61/9332",0.0819672131147541,2.51617773943054,2.1800018105994,0.0479571708222011,0.154714975333161,0.111945172802161,"Hhon-g03304.t1/Hhon-g00590.t1/Hhon-g06127.t1/Hhon-g08741.t1/Hhon-g03381.t1",5,"modification-dependent protein binding","MF"
"GO:0002253","GO:0002253","6/304","81/9332",0.0740740740740741,2.27387914230019,2.11291247408739,0.0481937095121982,0.155236836225483,0.112322769137899,"Hhon-g04801.t1/Hhon-g10573.t1/Hhon-g04016.t1/Hhon-g02931.t1/Hhon-g04888.t1/Hhon-g05967.t1",6,"activation of immune response","BP"
"GO:1902905","GO:1902905","6/304","81/9332",0.0740740740740741,2.27387914230019,2.11291247408739,0.0481937095121982,0.155236836225483,0.112322769137899,"Hhon-g10573.t1/Hhon-g05193.t1/Hhon-g02425.t1/Hhon-g01523.t1/Hhon-g02931.t1/Hhon-g05967.t1",6,"positive regulation of supramolecular fiber organization","BP"
"GO:0034622","GO:0034622","23/304","489/9332",0.0470347648261759,1.44384350446669,1.85007611724847,0.0483486812283794,0.155615290279249,0.112596602387429,"Hhon-g07787.t1/Hhon-g05246.t1/Hhon-g09811.t1/Hhon-g01523.t1/Hhon-g03321.t1/Hhon-g02357.t1/Hhon-g00521.t1/Hhon-g03112.t1/Hhon-g02688.t1/Hhon-g06564.t1/Hhon-g00606.t1/Hhon-g09314.t1/Hhon-g11385.t1/Hhon-g11388.t1/Hhon-g09253.t1/Hhon-g09255.t1/Hhon-g09257.t1/Hhon-g05970.t1/Hhon-g09405.t1/Hhon-g03354.t1/Hhon-g06163.t1/Hhon-g07418.t1/Hhon-g06173.t1",23,NA,NA
"GO:0009886","GO:0009886","12/304","215/9332",0.0558139534883721,1.71334149326805,1.94176134134092,0.0485025642254517,0.155989656594946,0.112867477923632,"Hhon-g04657.t1/Hhon-g11170.t1/Hhon-g09710.t1/Hhon-g05322.t1/Hhon-g09380.t1/Hhon-g11664.t1/Hhon-g04500.t1/Hhon-g01523.t1/Hhon-g02931.t1/Hhon-g04925.t1/Hhon-g01922.t1/Hhon-g00092.t1",12,"post-embryonic animal morphogenesis","BP"
"GO:0035114","GO:0035114","9/304","146/9332",0.0616438356164384,1.89230353280461,1.99402652506413,0.0489546820225521,0.157200185427406,0.113743365077025,"Hhon-g04657.t1/Hhon-g11170.t1/Hhon-g09710.t1/Hhon-g05322.t1/Hhon-g09380.t1/Hhon-g01523.t1/Hhon-g02931.t1/Hhon-g04925.t1/Hhon-g01922.t1",9,"imaginal disc-derived appendage morphogenesis","BP"
"GO:0035120","GO:0035120","9/304","146/9332",0.0616438356164384,1.89230353280461,1.99402652506413,0.0489546820225521,0.157200185427406,0.113743365077025,"Hhon-g04657.t1/Hhon-g11170.t1/Hhon-g09710.t1/Hhon-g05322.t1/Hhon-g09380.t1/Hhon-g01523.t1/Hhon-g02931.t1/Hhon-g04925.t1/Hhon-g01922.t1",9,"post-embryonic appendage morphogenesis","BP"
"GO:0071478","GO:0071478","8/304","124/9332",0.0645161290322581,1.9804753820034,2.01683324884732,0.0493400739305535,0.158281707300602,0.114525908284129,"Hhon-g03404.t1/Hhon-g04801.t1/Hhon-g06571.t1/Hhon-g03304.t1/Hhon-g04500.t1/Hhon-g09473.t1/Hhon-g01523.t1/Hhon-g02469.t1",8,"cellular response to radiation","BP"
"GO:0009617","GO:0009617","15/304","288/9332",0.0520833333333333,1.59882127192982,1.89416713801356,0.0494095268579541,0.158281707300602,0.114525908284129,"Hhon-g09981.t1/Hhon-g06571.t1/Hhon-g10573.t1/Hhon-g00226.t1/Hhon-g09024.t1/Hhon-g04000.t1/Hhon-g04001.t1/Hhon-g06017.t1/Hhon-g06018.t1/Hhon-g09672.t1/Hhon-g00092.t1/Hhon-g10909.t1/Hhon-g02712.t1/Hhon-g03354.t1/Hhon-g07418.t1",15,"response to bacterium","BP"
"GO:0003729","GO:0003729","10/304","169/9332",0.0591715976331361,1.81641233260666,1.96534671343599,0.0494439726321967,0.158281707300602,0.114525908284129,"Hhon-g03304.t1/Hhon-g04459.t1/Hhon-g00665.t1/Hhon-g02232.t1/Hhon-g08835.t1/Hhon-g08836.t1/Hhon-g08466.t1/Hhon-g09314.t1/Hhon-g11385.t1/Hhon-g11388.t1",10,"mRNA binding","MF"
"GO:0006913","GO:0006913","10/304","169/9332",0.0591715976331361,1.81641233260666,1.96534671343599,0.0494439726321967,0.158281707300602,0.114525908284129,"Hhon-g09710.t1/Hhon-g06571.t1/Hhon-g09110.t1/Hhon-g00590.t1/Hhon-g07501.t1/Hhon-g00665.t1/Hhon-g08835.t1/Hhon-g08836.t1/Hhon-g06163.t1/Hhon-g06173.t1",10,"nucleocytoplasmic transport","BP"
"GO:0043900","GO:0043900","14/304","264/9332",0.053030303030303,1.62789074960128,1.89904564686845,0.0499109099801008,0.159653388472557,0.115518398413111,"Hhon-g00684.t1/Hhon-g04801.t1/Hhon-g00226.t1/Hhon-g04016.t1/Hhon-g09024.t1/Hhon-g09672.t1/Hhon-g07409.t1/Hhon-g04459.t1/Hhon-g00521.t1/Hhon-g00665.t1/Hhon-g08787.t1/Hhon-g00092.t1/Hhon-g02712.t1/Hhon-g07418.t1",14,NA,NA
"GO:0033135","GO:0033135","4/304","43/9332",0.0930232558139535,2.85556915544676,2.23785530445356,0.0504016990420107,0.160975272632637,0.116474857543238,"Hhon-g06571.t1/Hhon-g01914.t1/Hhon-g02931.t1/Hhon-g03381.t1",4,"regulation of peptidyl-serine phosphorylation","BP"
"GO:0072384","GO:0072384","4/304","43/9332",0.0930232558139535,2.85556915544676,2.23785530445356,0.0504016990420107,0.160975272632637,0.116474857543238,"Hhon-g01323.t1/Hhon-g01363.t1/Hhon-g08771.t1/Hhon-g02474.t1",4,"organelle transport along microtubule","BP"
"GO:0008234","GO:0008234","6/304","82/9332",0.0731707317073171,2.24614890885751,2.07974990285377,0.0506418686993966,0.161493885437707,0.116850103701252,"Hhon-g00090.t1/Hhon-g08386.t1/Hhon-g09253.t1/Hhon-g09255.t1/Hhon-g09257.t1/Hhon-g09888.t1",6,"cysteine-type peptidase activity","MF"
"GO:0051225","GO:0051225","6/304","82/9332",0.0731707317073171,2.24614890885751,2.07974990285377,0.0506418686993966,0.161493885437707,0.116850103701252,"Hhon-g01323.t1/Hhon-g01363.t1/Hhon-g03531.t1/Hhon-g01523.t1/Hhon-g01983.t1/Hhon-g05253.t1",6,"spindle assembly","BP"
"GO:0022409","GO:0022409","5/304","62/9332",0.0806451612903226,2.47559422750424,2.1390849718827,0.0508352773329529,0.161986240588197,0.117206350937713,"Hhon-g10494.t1/Hhon-g06571.t1/Hhon-g02931.t1/Hhon-g06160.t1/Hhon-g03112.t1",5,"positive regulation of cell-cell adhesion","BP"
"GO:0001775","GO:0001775","18/304","364/9332",0.0494505494505494,1.518001735107,1.84986151714835,0.0510534764498114,0.162156728213777,0.117329708529084,"Hhon-g00124.t1/Hhon-g00305.t1/Hhon-g00419.t1/Hhon-g03404.t1/Hhon-g03181.t1/Hhon-g04801.t1/Hhon-g10573.t1/Hhon-g00241.t1/Hhon-g06183.t1/Hhon-g00658.t1/Hhon-g10239.t1/Hhon-g09428.t1/Hhon-g06160.t1/Hhon-g00092.t1/Hhon-g08401.t1/Hhon-g00352.t1/Hhon-g08386.t1/Hhon-g02474.t1",18,"cell activation","BP"
"GO:0001892","GO:0001892","3/304","26/9332",0.115384615384615,3.542004048583,2.38169694233988,0.0512012212640321,0.162156728213777,0.117329708529084,"Hhon-g00684.t1/Hhon-g06571.t1/Hhon-g02688.t1",3,"embryonic placenta development","BP"
"GO:0003170","GO:0003170","3/304","26/9332",0.115384615384615,3.542004048583,2.38169694233988,0.0512012212640321,0.162156728213777,0.117329708529084,"Hhon-g00241.t1/Hhon-g07787.t1/Hhon-g03264.t1",3,"heart valve development","BP"
"GO:0003208","GO:0003208","3/304","26/9332",0.115384615384615,3.542004048583,2.38169694233988,0.0512012212640321,0.162156728213777,0.117329708529084,"Hhon-g01603.t1/Hhon-g03907.t1/Hhon-g00241.t1",3,"cardiac ventricle morphogenesis","BP"
"GO:0032228","GO:0032228","3/304","26/9332",0.115384615384615,3.542004048583,2.38169694233988,0.0512012212640321,0.162156728213777,0.117329708529084,"Hhon-g02085.t1/Hhon-g10573.t1/Hhon-g02425.t1",3,"regulation of synaptic transmission, GABAergic","BP"
"GO:0036314","GO:0036314","3/304","26/9332",0.115384615384615,3.542004048583,2.38169694233988,0.0512012212640321,0.162156728213777,0.117329708529084,"Hhon-g01603.t1/Hhon-g02931.t1/Hhon-g02469.t1",3,"response to sterol","BP"
"GO:0043486","GO:0043486","3/304","26/9332",0.115384615384615,3.542004048583,2.38169694233988,0.0512012212640321,0.162156728213777,0.117329708529084,"Hhon-g06127.t1/Hhon-g00521.t1/Hhon-g07536.t1",3,NA,NA
"GO:0048525","GO:0048525","3/304","26/9332",0.115384615384615,3.542004048583,2.38169694233988,0.0512012212640321,0.162156728213777,0.117329708529084,"Hhon-g00226.t1/Hhon-g00092.t1/Hhon-g02712.t1",3,"negative regulation of viral process","BP"
"GO:0040017","GO:0040017","13/304","241/9332",0.0539419087136929,1.65587464511902,1.89290424833518,0.0514891178482223,0.162944220507484,0.117899504443859,"Hhon-g05981.t1/Hhon-g11170.t1/Hhon-g04801.t1/Hhon-g06571.t1/Hhon-g10573.t1/Hhon-g07787.t1/Hhon-g05648.t1/Hhon-g05654.t1/Hhon-g04500.t1/Hhon-g02931.t1/Hhon-g07409.t1/Hhon-g01922.t1/Hhon-g00092.t1",13,"positive regulation of locomotion","BP"
"GO:0009636","GO:0009636","16/304","315/9332",0.0507936507936508,1.55923141186299,1.85276744443519,0.0522458034786988,0.165212929203014,0.119541045519065,"Hhon-g07625.t1/Hhon-g01603.t1/Hhon-g04393.t1/Hhon-g04801.t1/Hhon-g10573.t1/Hhon-g05193.t1/Hhon-g04500.t1/Hhon-g00226.t1/Hhon-g04000.t1/Hhon-g04001.t1/Hhon-g06017.t1/Hhon-g06018.t1/Hhon-g05897.t1/Hhon-g00092.t1/Hhon-g02469.t1/Hhon-g09888.t1",16,"response to toxic substance","BP"
"GO:0042176","GO:0042176","11/304","194/9332",0.0567010309278351,1.74057243624525,1.91270477998007,0.0523144332539152,0.165304053934746,0.119606979497456,"Hhon-g07437.t1/Hhon-g08170.t1/Hhon-g08474.t1/Hhon-g04801.t1/Hhon-g06571.t1/Hhon-g07787.t1/Hhon-g01523.t1/Hhon-g04374.t1/Hhon-g07281.t1/Hhon-g01922.t1/Hhon-g00901.t1",11,"regulation of protein catabolic process","BP"
"GO:0002793","GO:0002793","6/304","83/9332",0.072289156626506,2.21908687381103,2.04706401009753,0.0531650073804659,0.167354898137752,0.121090883096325,"Hhon-g03907.t1/Hhon-g10573.t1/Hhon-g00241.t1/Hhon-g04829.t1/Hhon-g08386.t1/Hhon-g05970.t1",6,"positive regulation of peptide secretion","BP"
"GO:0009749","GO:0009749","6/304","83/9332",0.072289156626506,2.21908687381103,2.04706401009753,0.0531650073804659,0.167354898137752,0.121090883096325,"Hhon-g03542.t1/Hhon-g09981.t1/Hhon-g04801.t1/Hhon-g00241.t1/Hhon-g04016.t1/Hhon-g09428.t1",6,"response to glucose","BP"
"GO:0030426","GO:0030426","6/304","83/9332",0.072289156626506,2.21908687381103,2.04706401009753,0.0531650073804659,0.167354898137752,0.121090883096325,"Hhon-g01523.t1/Hhon-g07281.t1/Hhon-g02931.t1/Hhon-g07409.t1/Hhon-g01922.t1/Hhon-g07993.t1",6,"growth cone","CC"
"GO:0051302","GO:0051302","6/304","83/9332",0.072289156626506,2.21908687381103,2.04706401009753,0.0531650073804659,0.167354898137752,0.121090883096325,"Hhon-g00684.t1/Hhon-g10573.t1/Hhon-g01523.t1/Hhon-g07409.t1/Hhon-g01983.t1/Hhon-g05253.t1",6,"regulation of cell division","BP"
"GO:0071482","GO:0071482","6/304","83/9332",0.072289156626506,2.21908687381103,2.04706401009753,0.0531650073804659,0.167354898137752,0.121090883096325,"Hhon-g03404.t1/Hhon-g04801.t1/Hhon-g06571.t1/Hhon-g09473.t1/Hhon-g01523.t1/Hhon-g02469.t1",6,"cellular response to light stimulus","BP"
"GO:0006399","GO:0006399","8/304","126/9332",0.0634920634920635,1.94903926482874,1.96806337599626,0.0532991020081212,0.16764990268009,0.121304335830286,"Hhon-g08814.t1/Hhon-g09426.t1/Hhon-g11491.t1/Hhon-g00572.t1/Hhon-g09696.t1/Hhon-g11345.t1/Hhon-g07660.t1/Hhon-g10129.t1",8,"tRNA metabolic process","BP"
"GO:1901655","GO:1901655","5/304","63/9332",0.0793650793650794,2.43629908103592,2.09895838230692,0.0538126396018461,0.169078357903696,0.122337905247223,"Hhon-g01603.t1/Hhon-g06571.t1/Hhon-g10573.t1/Hhon-g07578.t1/Hhon-g02469.t1",5,"cellular response to ketone","BP"
"GO:1902532","GO:1902532","14/304","267/9332",0.052434456928839,1.60959984230239,1.85447799224036,0.0538876863917714,0.169078357903696,0.122337905247223,"Hhon-g09981.t1/Hhon-g04801.t1/Hhon-g06571.t1/Hhon-g04500.t1/Hhon-g00226.t1/Hhon-g03531.t1/Hhon-g06894.t1/Hhon-g08502.t1/Hhon-g07281.t1/Hhon-g07409.t1/Hhon-g08813.t1/Hhon-g05897.t1/Hhon-g00901.t1/Hhon-g08386.t1",14,"negative regulation of intracellular signal transduction","BP"
"GO:0007416","GO:0007416","4/304","44/9332",0.0909090909090909,2.79066985645933,2.18467012138786,0.0540790123545539,0.169078357903696,0.122337905247223,"Hhon-g03432.t1/Hhon-g04039.t1/Hhon-g01922.t1/Hhon-g00092.t1",4,"synapse assembly","BP"
"GO:0009950","GO:0009950","4/304","44/9332",0.0909090909090909,2.79066985645933,2.18467012138786,0.0540790123545539,0.169078357903696,0.122337905247223,"Hhon-g10573.t1/Hhon-g04500.t1/Hhon-g01922.t1/Hhon-g00665.t1",4,"dorsal/ventral axis specification","BP"
"GO:0016407","GO:0016407","4/304","44/9332",0.0909090909090909,2.79066985645933,2.18467012138786,0.0540790123545539,0.169078357903696,0.122337905247223,"Hhon-g03304.t1/Hhon-g05246.t1/Hhon-g11664.t1/Hhon-g09845.t1",4,"acetyltransferase activity","MF"
"GO:0022416","GO:0022416","4/304","44/9332",0.0909090909090909,2.79066985645933,2.18467012138786,0.0540790123545539,0.169078357903696,0.122337905247223,"Hhon-g00684.t1/Hhon-g03907.t1/Hhon-g11664.t1/Hhon-g04925.t1",4,"chaeta development","BP"
"GO:0044264","GO:0044264","4/304","44/9332",0.0909090909090909,2.79066985645933,2.18467012138786,0.0540790123545539,0.169078357903696,0.122337905247223,"Hhon-g06571.t1/Hhon-g09165.t1/Hhon-g09222.t1/Hhon-g09223.t1",4,NA,NA
"GO:0045921","GO:0045921","4/304","44/9332",0.0909090909090909,2.79066985645933,2.18467012138786,0.0540790123545539,0.169078357903696,0.122337905247223,"Hhon-g03542.t1/Hhon-g03364.t1/Hhon-g04801.t1/Hhon-g01259.t1",4,"positive regulation of exocytosis","BP"
"GO:0006979","GO:0006979","14/304","268/9332",0.0522388059701493,1.60359387274156,1.83974394557321,0.0552604383435885,0.170327947015977,0.123242054757022,"Hhon-g07625.t1/Hhon-g09317.t1/Hhon-g04801.t1/Hhon-g06571.t1/Hhon-g00226.t1/Hhon-g04016.t1/Hhon-g04000.t1/Hhon-g04001.t1/Hhon-g06017.t1/Hhon-g06018.t1/Hhon-g09428.t1/Hhon-g00092.t1/Hhon-g02469.t1/Hhon-g03688.t1",14,"response to oxidative stress","BP"
"GO:0045088","GO:0045088","8/304","127/9332",0.062992125984252,1.93369249896395,1.9440120169044,0.0553529734653663,0.170327947015977,0.123242054757022,"Hhon-g10573.t1/Hhon-g05193.t1/Hhon-g04016.t1/Hhon-g09672.t1/Hhon-g02931.t1/Hhon-g04888.t1/Hhon-g10909.t1/Hhon-g03387.t1",8,"regulation of innate immune response","BP"
"GO:0016049","GO:0016049","6/304","84/9332",0.0714285714285714,2.19266917293233,2.01484127005548,0.0557633797474618,0.170327947015977,0.123242054757022,"Hhon-g03907.t1/Hhon-g07787.t1/Hhon-g02357.t1/Hhon-g07433.t1/Hhon-g04459.t1/Hhon-g01922.t1",6,"cell growth","BP"
"GO:0036293","GO:0036293","10/304","173/9332",0.0578034682080925,1.77441435959842,1.88659001112723,0.0562536532429337,0.170327947015977,0.123242054757022,"Hhon-g09981.t1/Hhon-g04801.t1/Hhon-g06571.t1/Hhon-g10573.t1/Hhon-g00241.t1/Hhon-g09024.t1/Hhon-g02931.t1/Hhon-g04888.t1/Hhon-g00606.t1/Hhon-g07418.t1",10,"response to decreased oxygen levels","BP"
"GO:0051169","GO:0051169","10/304","173/9332",0.0578034682080925,1.77441435959842,1.88659001112723,0.0562536532429337,0.170327947015977,0.123242054757022,"Hhon-g09710.t1/Hhon-g06571.t1/Hhon-g09110.t1/Hhon-g00590.t1/Hhon-g07501.t1/Hhon-g00665.t1/Hhon-g08835.t1/Hhon-g08836.t1/Hhon-g06163.t1/Hhon-g06173.t1",10,"nuclear transport","BP"
"GO:0004712","GO:0004712","3/304","27/9332",0.111111111111111,3.41081871345029,2.30193660253325,0.0562611897481709,0.170327947015977,0.123242054757022,"Hhon-g04801.t1/Hhon-g06571.t1/Hhon-g02931.t1",3,"protein serine/threonine/tyrosine kinase activity","MF"
"GO:0008287","GO:0008287","3/304","27/9332",0.111111111111111,3.41081871345029,2.30193660253325,0.0562611897481709,0.170327947015977,0.123242054757022,"Hhon-g01324.t1/Hhon-g01193.t1/Hhon-g07433.t1",3,"protein serine/threonine phosphatase complex","CC"
"GO:0043123","GO:0043123","3/304","27/9332",0.111111111111111,3.41081871345029,2.30193660253325,0.0562611897481709,0.170327947015977,0.123242054757022,"Hhon-g04801.t1/Hhon-g06571.t1/Hhon-g10573.t1",3,"positive regulation of canonical NF-kappaB signal transduction","BP"
"GO:0060415","GO:0060415","3/304","27/9332",0.111111111111111,3.41081871345029,2.30193660253325,0.0562611897481709,0.170327947015977,0.123242054757022,"Hhon-g01603.t1/Hhon-g03907.t1/Hhon-g09266.t1",3,"muscle tissue morphogenesis","BP"
"GO:1901797","GO:1901797","3/304","27/9332",0.111111111111111,3.41081871345029,2.30193660253325,0.0562611897481709,0.170327947015977,0.123242054757022,"Hhon-g04500.t1/Hhon-g08813.t1/Hhon-g00901.t1",3,"negative regulation of signal transduction by p53 class mediator","BP"
"GO:1903293","GO:1903293","3/304","27/9332",0.111111111111111,3.41081871345029,2.30193660253325,0.0562611897481709,0.170327947015977,0.123242054757022,"Hhon-g01324.t1/Hhon-g01193.t1/Hhon-g07433.t1",3,"phosphatase complex","CC"
"GO:2000647","GO:2000647","3/304","27/9332",0.111111111111111,3.41081871345029,2.30193660253325,0.0562611897481709,0.170327947015977,0.123242054757022,"Hhon-g01324.t1/Hhon-g04500.t1/Hhon-g03531.t1",3,"negative regulation of stem cell proliferation","BP"
"GO:0000380","GO:0000380","2/304","12/9332",0.166666666666667,5.11622807017544,2.61810589236133,0.0562837050351445,0.170327947015977,0.123242054757022,"Hhon-g04459.t1/Hhon-g10239.t1",2,"alternative mRNA splicing, via spliceosome","BP"
"GO:0001909","GO:0001909","2/304","12/9332",0.166666666666667,5.11622807017544,2.61810589236133,0.0562837050351445,0.170327947015977,0.123242054757022,"Hhon-g07437.t1/Hhon-g08170.t1",2,"leukocyte mediated cytotoxicity","BP"
"GO:0003230","GO:0003230","2/304","12/9332",0.166666666666667,5.11622807017544,2.61810589236133,0.0562837050351445,0.170327947015977,0.123242054757022,"Hhon-g03907.t1/Hhon-g00241.t1",2,"cardiac atrium development","BP"
"GO:0003823","GO:0003823","2/304","12/9332",0.166666666666667,5.11622807017544,2.61810589236133,0.0562837050351445,0.170327947015977,0.123242054757022,"Hhon-g02482.t1/Hhon-g02483.t1",2,"antigen binding","MF"
"GO:0004185","GO:0004185","2/304","12/9332",0.166666666666667,5.11622807017544,2.61810589236133,0.0562837050351445,0.170327947015977,0.123242054757022,"Hhon-g00076.t1/Hhon-g00077.t1",2,"serine-type carboxypeptidase activity","MF"
"GO:0005828","GO:0005828","2/304","12/9332",0.166666666666667,5.11622807017544,2.61810589236133,0.0562837050351445,0.170327947015977,0.123242054757022,"Hhon-g01983.t1/Hhon-g05253.t1",2,"kinetochore microtubule","CC"
"GO:0007430","GO:0007430","2/304","12/9332",0.166666666666667,5.11622807017544,2.61810589236133,0.0562837050351445,0.170327947015977,0.123242054757022,"Hhon-g03432.t1/Hhon-g07993.t1",2,"terminal branching, open tracheal system","BP"
"GO:0007566","GO:0007566","2/304","12/9332",0.166666666666667,5.11622807017544,2.61810589236133,0.0562837050351445,0.170327947015977,0.123242054757022,"Hhon-g01603.t1/Hhon-g02772.t1",2,"embryo implantation","BP"
"GO:0010160","GO:0010160","2/304","12/9332",0.166666666666667,5.11622807017544,2.61810589236133,0.0562837050351445,0.170327947015977,0.123242054757022,"Hhon-g11664.t1/Hhon-g04925.t1",2,"formation of animal organ boundary","BP"
"GO:0016198","GO:0016198","2/304","12/9332",0.166666666666667,5.11622807017544,2.61810589236133,0.0562837050351445,0.170327947015977,0.123242054757022,"Hhon-g07281.t1/Hhon-g03264.t1",2,"axon choice point recognition","BP"
"GO:0016199","GO:0016199","2/304","12/9332",0.166666666666667,5.11622807017544,2.61810589236133,0.0562837050351445,0.170327947015977,0.123242054757022,"Hhon-g07281.t1/Hhon-g03264.t1",2,"axon midline choice point recognition","BP"
"GO:0030517","GO:0030517","2/304","12/9332",0.166666666666667,5.11622807017544,2.61810589236133,0.0562837050351445,0.170327947015977,0.123242054757022,"Hhon-g09899.t1/Hhon-g06667.t1",2,"negative regulation of axon extension","BP"
"GO:0032104","GO:0032104","2/304","12/9332",0.166666666666667,5.11622807017544,2.61810589236133,0.0562837050351445,0.170327947015977,0.123242054757022,"Hhon-g04801.t1/Hhon-g04500.t1",2,NA,NA
"GO:0032107","GO:0032107","2/304","12/9332",0.166666666666667,5.11622807017544,2.61810589236133,0.0562837050351445,0.170327947015977,0.123242054757022,"Hhon-g04801.t1/Hhon-g04500.t1",2,"regulation of response to nutrient levels","BP"
"GO:0032760","GO:0032760","2/304","12/9332",0.166666666666667,5.11622807017544,2.61810589236133,0.0562837050351445,0.170327947015977,0.123242054757022,"Hhon-g03907.t1/Hhon-g00226.t1",2,"positive regulation of tumor necrosis factor production","BP"
"GO:0034109","GO:0034109","2/304","12/9332",0.166666666666667,5.11622807017544,2.61810589236133,0.0562837050351445,0.170327947015977,0.123242054757022,"Hhon-g03181.t1/Hhon-g02474.t1",2,"homotypic cell-cell adhesion","BP"
"GO:0034394","GO:0034394","2/304","12/9332",0.166666666666667,5.11622807017544,2.61810589236133,0.0562837050351445,0.170327947015977,0.123242054757022,"Hhon-g05193.t1/Hhon-g03112.t1",2,"protein localization to cell surface","BP"
"GO:0034508","GO:0034508","2/304","12/9332",0.166666666666667,5.11622807017544,2.61810589236133,0.0562837050351445,0.170327947015977,0.123242054757022,"Hhon-g09811.t1/Hhon-g00521.t1",2,"centromere complex assembly","BP"
"GO:0035020","GO:0035020","2/304","12/9332",0.166666666666667,5.11622807017544,2.61810589236133,0.0562837050351445,0.170327947015977,0.123242054757022,"Hhon-g05193.t1/Hhon-g02425.t1",2,"regulation of Rac protein signal transduction","BP"
"GO:0035025","GO:0035025","2/304","12/9332",0.166666666666667,5.11622807017544,2.61810589236133,0.0562837050351445,0.170327947015977,0.123242054757022,"Hhon-g02425.t1/Hhon-g03264.t1",2,"positive regulation of Rho protein signal transduction","BP"
"GO:0035067","GO:0035067","2/304","12/9332",0.166666666666667,5.11622807017544,2.61810589236133,0.0562837050351445,0.170327947015977,0.123242054757022,"Hhon-g07578.t1/Hhon-g04016.t1",2,NA,NA
"GO:0043968","GO:0043968","2/304","12/9332",0.166666666666667,5.11622807017544,2.61810589236133,0.0562837050351445,0.170327947015977,0.123242054757022,"Hhon-g06127.t1/Hhon-g05440.t1",2,NA,NA
"GO:0050908","GO:0050908","2/304","12/9332",0.166666666666667,5.11622807017544,2.61810589236133,0.0562837050351445,0.170327947015977,0.123242054757022,"Hhon-g05648.t1/Hhon-g05654.t1",2,"detection of light stimulus involved in visual perception","BP"
"GO:0051059","GO:0051059","2/304","12/9332",0.166666666666667,5.11622807017544,2.61810589236133,0.0562837050351445,0.170327947015977,0.123242054757022,"Hhon-g00226.t1/Hhon-g03531.t1",2,"NF-kappaB binding","MF"
"GO:0051280","GO:0051280","2/304","12/9332",0.166666666666667,5.11622807017544,2.61810589236133,0.0562837050351445,0.170327947015977,0.123242054757022,"Hhon-g10573.t1/Hhon-g08386.t1",2,"negative regulation of release of sequestered calcium ion into cytosol","BP"
"GO:0051305","GO:0051305","2/304","12/9332",0.166666666666667,5.11622807017544,2.61810589236133,0.0562837050351445,0.170327947015977,0.123242054757022,"Hhon-g01983.t1/Hhon-g05253.t1",2,"chromosome movement towards spindle pole","BP"
"GO:0070008","GO:0070008","2/304","12/9332",0.166666666666667,5.11622807017544,2.61810589236133,0.0562837050351445,0.170327947015977,0.123242054757022,"Hhon-g00076.t1/Hhon-g00077.t1",2,"serine-type exopeptidase activity","MF"
"GO:1900271","GO:1900271","2/304","12/9332",0.166666666666667,5.11622807017544,2.61810589236133,0.0562837050351445,0.170327947015977,0.123242054757022,"Hhon-g02425.t1/Hhon-g02931.t1",2,"regulation of long-term synaptic potentiation","BP"
"GO:1902230","GO:1902230","2/304","12/9332",0.166666666666667,5.11622807017544,2.61810589236133,0.0562837050351445,0.170327947015977,0.123242054757022,"Hhon-g04500.t1/Hhon-g00901.t1",2,"negative regulation of intrinsic apoptotic signaling pathway in response to DNA damage","BP"
"GO:1903557","GO:1903557","2/304","12/9332",0.166666666666667,5.11622807017544,2.61810589236133,0.0562837050351445,0.170327947015977,0.123242054757022,"Hhon-g03907.t1/Hhon-g00226.t1",2,"positive regulation of tumor necrosis factor superfamily cytokine production","BP"
"GO:1904037","GO:1904037","2/304","12/9332",0.166666666666667,5.11622807017544,2.61810589236133,0.0562837050351445,0.170327947015977,0.123242054757022,"Hhon-g00226.t1/Hhon-g03531.t1",2,"positive regulation of epithelial cell apoptotic process","BP"
"GO:1990023","GO:1990023","2/304","12/9332",0.166666666666667,5.11622807017544,2.61810589236133,0.0562837050351445,0.170327947015977,0.123242054757022,"Hhon-g01983.t1/Hhon-g05253.t1",2,"mitotic spindle midzone","CC"
"GO:0021549","GO:0021549","5/304","64/9332",0.078125,2.39823190789474,2.05959246516263,0.0568893015418178,0.171910029113266,0.124386782042709,"Hhon-g07625.t1/Hhon-g09437.t1/Hhon-g09380.t1/Hhon-g05189.t1/Hhon-g02931.t1",5,"cerebellum development","BP"
"GO:0097525","GO:0097525","5/304","64/9332",0.078125,2.39823190789474,2.05959246516263,0.0568893015418178,0.171910029113266,0.124386782042709,"Hhon-g03321.t1/Hhon-g08053.t1/Hhon-g09314.t1/Hhon-g11385.t1/Hhon-g11388.t1",5,"spliceosomal snRNP complex","CC"
"GO:0010259","GO:0010259","11/304","197/9332",0.0558375634517767,1.71406625701309,1.8587563262874,0.0571961329942033,0.172711523048678,0.124966708949632,"Hhon-g09710.t1/Hhon-g06571.t1/Hhon-g00226.t1/Hhon-g04016.t1/Hhon-g09672.t1/Hhon-g07501.t1/Hhon-g10934.t1/Hhon-g00092.t1/Hhon-g09696.t1/Hhon-g08771.t1/Hhon-g08553.t1",11,NA,NA
"GO:0009408","GO:0009408","7/304","106/9332",0.0660377358490566,2.02718470705065,1.95164068784128,0.057526205004035,0.173581979052873,0.125596533875089,"Hhon-g09317.t1/Hhon-g06571.t1/Hhon-g04888.t1/Hhon-g08787.t1/Hhon-g08835.t1/Hhon-g08836.t1/Hhon-g02469.t1",7,"response to heat","BP"
"GO:0003279","GO:0003279","4/304","45/9332",0.0888888888888889,2.72865497076023,2.13295633458971,0.0578979301565383,0.174197250731846,0.126041718281282,"Hhon-g03907.t1/Hhon-g00241.t1/Hhon-g03264.t1/Hhon-g01922.t1",4,"cardiac septum development","BP"
"GO:0022404","GO:0022404","4/304","45/9332",0.0888888888888889,2.72865497076023,2.13295633458971,0.0578979301565383,0.174197250731846,0.126041718281282,"Hhon-g07787.t1/Hhon-g00226.t1/Hhon-g09899.t1/Hhon-g04925.t1",4,"molting cycle process","BP"
"GO:0051310","GO:0051310","4/304","45/9332",0.0888888888888889,2.72865497076023,2.13295633458971,0.0578979301565383,0.174197250731846,0.126041718281282,"Hhon-g01323.t1/Hhon-g01363.t1/Hhon-g01983.t1/Hhon-g05253.t1",4,"metaphase chromosome alignment","BP"
"GO:0051952","GO:0051952","4/304","45/9332",0.0888888888888889,2.72865497076023,2.13295633458971,0.0578979301565383,0.174197250731846,0.126041718281282,"Hhon-g03542.t1/Hhon-g03364.t1/Hhon-g04801.t1/Hhon-g02425.t1",4,"regulation of amine transport","BP"
"GO:0090066","GO:0090066","18/304","370/9332",0.0486486486486487,1.49338549075391,1.77701002292245,0.0580197306690759,0.174358637427951,0.126158490827343,"Hhon-g00684.t1/Hhon-g11170.t1/Hhon-g09710.t1/Hhon-g05322.t1/Hhon-g06571.t1/Hhon-g10573.t1/Hhon-g05193.t1/Hhon-g02425.t1/Hhon-g01523.t1/Hhon-g05759.t1/Hhon-g09024.t1/Hhon-g02931.t1/Hhon-g09899.t1/Hhon-g01922.t1/Hhon-g06667.t1/Hhon-g00076.t1/Hhon-g00077.t1/Hhon-g05967.t1",18,"regulation of anatomical structure size","BP"
"GO:0010563","GO:0010563","14/304","270/9332",0.0518518518518519,1.59171539961014,1.81045542498714,0.0580775519178364,0.174358637427951,0.126158490827343,"Hhon-g09981.t1/Hhon-g04801.t1/Hhon-g06571.t1/Hhon-g01259.t1/Hhon-g05193.t1/Hhon-g03531.t1/Hhon-g01523.t1/Hhon-g05759.t1/Hhon-g02931.t1/Hhon-g07409.t1/Hhon-g01922.t1/Hhon-g00092.t1/Hhon-g00901.t1/Hhon-g03381.t1",14,"negative regulation of phosphorus metabolic process","BP"
"GO:0045936","GO:0045936","14/304","270/9332",0.0518518518518519,1.59171539961014,1.81045542498714,0.0580775519178364,0.174358637427951,0.126158490827343,"Hhon-g09981.t1/Hhon-g04801.t1/Hhon-g06571.t1/Hhon-g01259.t1/Hhon-g05193.t1/Hhon-g03531.t1/Hhon-g01523.t1/Hhon-g05759.t1/Hhon-g02931.t1/Hhon-g07409.t1/Hhon-g01922.t1/Hhon-g00092.t1/Hhon-g00901.t1/Hhon-g03381.t1",14,"negative regulation of phosphate metabolic process","BP"
"GO:0046777","GO:0046777","6/304","85/9332",0.0705882352941176,2.16687306501548,1.9830687028607,0.0584371790027334,0.175184958281118,0.126756381435532,"Hhon-g04801.t1/Hhon-g06571.t1/Hhon-g01523.t1/Hhon-g05759.t1/Hhon-g02931.t1/Hhon-g10239.t1",6,"protein autophosphorylation","BP"
"GO:0055037","GO:0055037","6/304","85/9332",0.0705882352941176,2.16687306501548,1.9830687028607,0.0584371790027334,0.175184958281118,0.126756381435532,"Hhon-g00124.t1/Hhon-g02107.t1/Hhon-g03181.t1/Hhon-g05193.t1/Hhon-g00658.t1/Hhon-g03110.t1",6,"recycling endosome","CC"
"GO:0006468","GO:0006468","16/304","320/9332",0.05,1.53486842105263,1.78655531214392,0.058585733185535,0.175503581664027,0.126986923757513,"Hhon-g09710.t1/Hhon-g03432.t1/Hhon-g04801.t1/Hhon-g06571.t1/Hhon-g10573.t1/Hhon-g07787.t1/Hhon-g02425.t1/Hhon-g01523.t1/Hhon-g04374.t1/Hhon-g05759.t1/Hhon-g02931.t1/Hhon-g08787.t1/Hhon-g10239.t1/Hhon-g00092.t1/Hhon-g00901.t1/Hhon-g03387.t1",16,"protein phosphorylation","BP"
"GO:0072358","GO:0072358","11/304","198/9332",0.0555555555555556,1.70540935672515,1.84097723752288,0.0588884670847193,0.176283284308403,0.127551083413493,"Hhon-g01603.t1/Hhon-g03907.t1/Hhon-g06571.t1/Hhon-g00241.t1/Hhon-g10567.t1/Hhon-g05246.t1/Hhon-g03531.t1/Hhon-g03264.t1/Hhon-g08814.t1/Hhon-g00092.t1/Hhon-g02688.t1",11,NA,NA
"GO:0001838","GO:0001838","5/304","65/9332",0.0769230769230769,2.36133603238866,2.02095920930041,0.0600651992186535,0.179676301985482,0.130006126626754,"Hhon-g09266.t1/Hhon-g00241.t1/Hhon-g07787.t1/Hhon-g01922.t1/Hhon-g02688.t1",5,"embryonic epithelial tube formation","BP"
"GO:0009410","GO:0009410","9/304","152/9332",0.0592105263157895,1.81760734072022,1.86487766127066,0.0602276311991328,0.180032487212959,0.130263847101152,"Hhon-g09981.t1/Hhon-g04801.t1/Hhon-g10573.t1/Hhon-g01324.t1/Hhon-g02425.t1/Hhon-g00226.t1/Hhon-g03531.t1/Hhon-g01523.t1/Hhon-g05897.t1",9,"response to xenobiotic stimulus","BP"
"GO:0019216","GO:0019216","12/304","223/9332",0.0538116591928251,1.65187632759028,1.8079541064583,0.0606907088444726,0.181286203685072,0.1311709829929,"Hhon-g01603.t1/Hhon-g09981.t1/Hhon-g06571.t1/Hhon-g10573.t1/Hhon-g05193.t1/Hhon-g04500.t1/Hhon-g03531.t1/Hhon-g05759.t1/Hhon-g04016.t1/Hhon-g08401.t1/Hhon-g06163.t1/Hhon-g06173.t1",12,"regulation of lipid metabolic process","BP"
"GO:0030162","GO:0030162","16/304","322/9332",0.0496894409937888,1.52533507682249,1.76038253595785,0.0612642519710644,0.182798679004481,0.132265345775983,"Hhon-g07437.t1/Hhon-g08170.t1/Hhon-g08474.t1/Hhon-g04801.t1/Hhon-g06571.t1/Hhon-g05189.t1/Hhon-g00226.t1/Hhon-g01523.t1/Hhon-g04374.t1/Hhon-g08502.t1/Hhon-g07281.t1/Hhon-g02931.t1/Hhon-g03264.t1/Hhon-g01922.t1/Hhon-g10909.t1/Hhon-g00901.t1",16,"regulation of proteolysis","BP"
"GO:0005262","GO:0005262","3/304","28/9332",0.107142857142857,3.2890037593985,2.22584942694756,0.061549180369308,0.182798679004481,0.132265345775983,"Hhon-g05648.t1/Hhon-g05654.t1/Hhon-g01259.t1",3,"calcium channel activity","MF"
"GO:0042220","GO:0042220","3/304","28/9332",0.107142857142857,3.2890037593985,2.22584942694756,0.061549180369308,0.182798679004481,0.132265345775983,"Hhon-g02425.t1/Hhon-g01523.t1/Hhon-g05897.t1",3,"response to cocaine","BP"
"GO:0048701","GO:0048701","3/304","28/9332",0.107142857142857,3.2890037593985,2.22584942694756,0.061549180369308,0.182798679004481,0.132265345775983,"Hhon-g09380.t1/Hhon-g03112.t1/Hhon-g11231.t1",3,"embryonic cranial skeleton morphogenesis","BP"
"GO:0050775","GO:0050775","3/304","28/9332",0.107142857142857,3.2890037593985,2.22584942694756,0.061549180369308,0.182798679004481,0.132265345775983,"Hhon-g02425.t1/Hhon-g02931.t1/Hhon-g03112.t1",3,"positive regulation of dendrite morphogenesis","BP"
"GO:0060420","GO:0060420","3/304","28/9332",0.107142857142857,3.2890037593985,2.22584942694756,0.061549180369308,0.182798679004481,0.132265345775983,"Hhon-g10567.t1/Hhon-g00226.t1/Hhon-g02931.t1",3,"regulation of heart growth","BP"
"GO:0005976","GO:0005976","4/304","46/9332",0.0869565217391304,2.66933638443936,2.08263684164402,0.0618574527941463,0.182798679004481,0.132265345775983,"Hhon-g06571.t1/Hhon-g09165.t1/Hhon-g09222.t1/Hhon-g09223.t1",4,"polysaccharide metabolic process","BP"
"GO:0007586","GO:0007586","4/304","46/9332",0.0869565217391304,2.66933638443936,2.08263684164402,0.0618574527941463,0.182798679004481,0.132265345775983,"Hhon-g00902.t1/Hhon-g00903.t1/Hhon-g00914.t1/Hhon-g07787.t1",4,"digestion","BP"
"GO:0008585","GO:0008585","4/304","46/9332",0.0869565217391304,2.66933638443936,2.08263684164402,0.0618574527941463,0.182798679004481,0.132265345775983,"Hhon-g04801.t1/Hhon-g03264.t1/Hhon-g01922.t1/Hhon-g09428.t1",4,"female gonad development","BP"
"GO:0032091","GO:0032091","4/304","46/9332",0.0869565217391304,2.66933638443936,2.08263684164402,0.0618574527941463,0.182798679004481,0.132265345775983,"Hhon-g03907.t1/Hhon-g06571.t1/Hhon-g01523.t1/Hhon-g01922.t1",4,"negative regulation of protein binding","BP"
"GO:0035051","GO:0035051","4/304","46/9332",0.0869565217391304,2.66933638443936,2.08263684164402,0.0618574527941463,0.182798679004481,0.132265345775983,"Hhon-g01603.t1/Hhon-g03907.t1/Hhon-g09266.t1/Hhon-g00226.t1",4,"cardiocyte differentiation","BP"
"GO:0036459","GO:0036459","4/304","46/9332",0.0869565217391304,2.66933638443936,2.08263684164402,0.0618574527941463,0.182798679004481,0.132265345775983,"Hhon-g00090.t1/Hhon-g09253.t1/Hhon-g09255.t1/Hhon-g09257.t1",4,NA,NA
"GO:0048661","GO:0048661","4/304","46/9332",0.0869565217391304,2.66933638443936,2.08263684164402,0.0618574527941463,0.182798679004481,0.132265345775983,"Hhon-g04801.t1/Hhon-g06571.t1/Hhon-g02931.t1/Hhon-g00092.t1",4,"positive regulation of smooth muscle cell proliferation","BP"
"GO:0051453","GO:0051453","4/304","46/9332",0.0869565217391304,2.66933638443936,2.08263684164402,0.0618574527941463,0.182798679004481,0.132265345775983,"Hhon-g00543.t1/Hhon-g00544.t1/Hhon-g02290.t1/Hhon-g07418.t1",4,"regulation of intracellular pH","BP"
"GO:2000736","GO:2000736","4/304","46/9332",0.0869565217391304,2.66933638443936,2.08263684164402,0.0618574527941463,0.182798679004481,0.132265345775983,"Hhon-g07787.t1/Hhon-g10239.t1/Hhon-g06160.t1/Hhon-g03381.t1",4,"regulation of stem cell differentiation","BP"
"GO:0022839","GO:0022839","5/304","66/9332",0.0757575757575758,2.32555821371611,1.98303206324416,0.0633401626863806,0.186648939300108,0.135051230291682,"Hhon-g03542.t1/Hhon-g07625.t1/Hhon-g05648.t1/Hhon-g05654.t1/Hhon-g01259.t1",5,"monoatomic ion-gated channel activity","MF"
"GO:0061062","GO:0061062","5/304","66/9332",0.0757575757575758,2.32555821371611,1.98303206324416,0.0633401626863806,0.186648939300108,0.135051230291682,"Hhon-g09710.t1/Hhon-g05322.t1/Hhon-g09380.t1/Hhon-g02425.t1/Hhon-g06894.t1",5,"regulation of nematode larval development","BP"
"GO:0072686","GO:0072686","5/304","66/9332",0.0757575757575758,2.32555821371611,1.98303206324416,0.0633401626863806,0.186648939300108,0.135051230291682,"Hhon-g01323.t1/Hhon-g01363.t1/Hhon-g01983.t1/Hhon-g05253.t1/Hhon-g03387.t1",5,"mitotic spindle","CC"
"GO:0097060","GO:0097060","5/304","66/9332",0.0757575757575758,2.32555821371611,1.98303206324416,0.0633401626863806,0.186648939300108,0.135051230291682,"Hhon-g03542.t1/Hhon-g07625.t1/Hhon-g03364.t1/Hhon-g04801.t1/Hhon-g03869.t1",5,"synaptic membrane","CC"
"GO:0009607","GO:0009607","19/304","400/9332",0.0475,1.458125,1.71848102748048,0.0634883089595174,0.186952807659515,0.135271096506504,"Hhon-g09981.t1/Hhon-g09710.t1/Hhon-g03432.t1/Hhon-g06571.t1/Hhon-g10573.t1/Hhon-g00226.t1/Hhon-g09024.t1/Hhon-g04000.t1/Hhon-g04001.t1/Hhon-g06017.t1/Hhon-g06018.t1/Hhon-g09672.t1/Hhon-g04459.t1/Hhon-g06696.t1/Hhon-g00092.t1/Hhon-g10909.t1/Hhon-g02712.t1/Hhon-g03354.t1/Hhon-g07418.t1",19,"response to biotic stimulus","BP"
"GO:0006417","GO:0006417","10/304","177/9332",0.0564971751412429,1.73431460005947,1.80985896494952,0.063654001759381,0.186986349554463,0.135295365994432,"Hhon-g01603.t1/Hhon-g04801.t1/Hhon-g00241.t1/Hhon-g01914.t1/Hhon-g09400.t1/Hhon-g03869.t1/Hhon-g02232.t1/Hhon-g00606.t1/Hhon-g03280.t1/Hhon-g06173.t1",10,"regulation of translation","BP"
"GO:0043903","GO:0043903","6/304","87/9332",0.0689655172413793,2.11705989110708,1.92082472914301,0.064011527534316,0.186986349554463,0.135295365994432,"Hhon-g00226.t1/Hhon-g04459.t1/Hhon-g00521.t1/Hhon-g08787.t1/Hhon-g00092.t1/Hhon-g02712.t1",6,"regulation of biological process involved in symbiotic interaction","BP"
"GO:0061025","GO:0061025","6/304","87/9332",0.0689655172413793,2.11705989110708,1.92082472914301,0.064011527534316,0.186986349554463,0.135295365994432,"Hhon-g03364.t1/Hhon-g07037.t1/Hhon-g06937.t1/Hhon-g02290.t1/Hhon-g08386.t1/Hhon-g03110.t1",6,"membrane fusion","BP"
"GO:0070482","GO:0070482","11/304","201/9332",0.054726368159204,1.67995548572925,1.78823442253058,0.0641631650394223,0.186986349554463,0.135295365994432,"Hhon-g09981.t1/Hhon-g04801.t1/Hhon-g06571.t1/Hhon-g10573.t1/Hhon-g00241.t1/Hhon-g00226.t1/Hhon-g09024.t1/Hhon-g02931.t1/Hhon-g04888.t1/Hhon-g00606.t1/Hhon-g07418.t1",11,"response to oxygen levels","BP"
"GO:0035690","GO:0035690","9/304","154/9332",0.0584415584415584,1.794002050581,1.82311082215596,0.0643266209569913,0.186986349554463,0.135295365994432,"Hhon-g07625.t1/Hhon-g03181.t1/Hhon-g10573.t1/Hhon-g07787.t1/Hhon-g00226.t1/Hhon-g07578.t1/Hhon-g01193.t1/Hhon-g04888.t1/Hhon-g02469.t1",9,NA,NA
"GO:0001894","GO:0001894","7/304","109/9332",0.0642201834862385,1.97139063254466,1.87187208204322,0.0648987737047968,0.186986349554463,0.135295365994432,"Hhon-g09060.t1/Hhon-g03404.t1/Hhon-g03907.t1/Hhon-g07787.t1/Hhon-g01193.t1/Hhon-g05897.t1/Hhon-g05662.t1",7,"tissue homeostasis","BP"
"GO:0061630","GO:0061630","7/304","109/9332",0.0642201834862385,1.97139063254466,1.87187208204322,0.0648987737047968,0.186986349554463,0.135295365994432,"Hhon-g07437.t1/Hhon-g08170.t1/Hhon-g08474.t1/Hhon-g02107.t1/Hhon-g04393.t1/Hhon-g00458.t1/Hhon-g02727.t1",7,"ubiquitin protein ligase activity","MF"
"GO:0120032","GO:0120032","7/304","109/9332",0.0642201834862385,1.97139063254466,1.87187208204322,0.0648987737047968,0.186986349554463,0.135295365994432,"Hhon-g09981.t1/Hhon-g03432.t1/Hhon-g04244.t1/Hhon-g04246.t1/Hhon-g05193.t1/Hhon-g07359.t1/Hhon-g02237.t1",7,"regulation of plasma membrane bounded cell projection assembly","BP"
"GO:0001845","GO:0001845","2/304","13/9332",0.153846153846154,4.72267206477733,2.46460265458232,0.0651209685587075,0.186986349554463,0.135295365994432,"Hhon-g03364.t1/Hhon-g02290.t1",2,"phagolysosome assembly","BP"
"GO:0003156","GO:0003156","2/304","13/9332",0.153846153846154,4.72267206477733,2.46460265458232,0.0651209685587075,0.186986349554463,0.135295365994432,"Hhon-g03907.t1/Hhon-g03264.t1",2,"regulation of animal organ formation","BP"
"GO:0003841","GO:0003841","2/304","13/9332",0.153846153846154,4.72267206477733,2.46460265458232,0.0651209685587075,0.186986349554463,0.135295365994432,"Hhon-g07162.t1/Hhon-g07164.t1",2,"1-acylglycerol-3-phosphate O-acyltransferase activity","MF"
"GO:0005868","GO:0005868","2/304","13/9332",0.153846153846154,4.72267206477733,2.46460265458232,0.0651209685587075,0.186986349554463,0.135295365994432,"Hhon-g07359.t1/Hhon-g06183.t1",2,"cytoplasmic dynein complex","CC"
"GO:0021513","GO:0021513","2/304","13/9332",0.153846153846154,4.72267206477733,2.46460265458232,0.0651209685587075,0.186986349554463,0.135295365994432,"Hhon-g00684.t1/Hhon-g05189.t1",2,"spinal cord dorsal/ventral patterning","BP"
"GO:0030850","GO:0030850","2/304","13/9332",0.153846153846154,4.72267206477733,2.46460265458232,0.0651209685587075,0.186986349554463,0.135295365994432,"Hhon-g01603.t1/Hhon-g07787.t1",2,"prostate gland development","BP"
"GO:0031146","GO:0031146","2/304","13/9332",0.153846153846154,4.72267206477733,2.46460265458232,0.0651209685587075,0.186986349554463,0.135295365994432,"Hhon-g10345.t1/Hhon-g00901.t1",2,"SCF-dependent proteasomal ubiquitin-dependent protein catabolic process","BP"
"GO:0034704","GO:0034704","2/304","13/9332",0.153846153846154,4.72267206477733,2.46460265458232,0.0651209685587075,0.186986349554463,0.135295365994432,"Hhon-g05648.t1/Hhon-g05654.t1",2,"calcium channel complex","CC"
"GO:0035285","GO:0035285","2/304","13/9332",0.153846153846154,4.72267206477733,2.46460265458232,0.0651209685587075,0.186986349554463,0.135295365994432,"Hhon-g05322.t1/Hhon-g01922.t1",2,"appendage segmentation","BP"
"GO:0036011","GO:0036011","2/304","13/9332",0.153846153846154,4.72267206477733,2.46460265458232,0.0651209685587075,0.186986349554463,0.135295365994432,"Hhon-g05322.t1/Hhon-g01922.t1",2,"imaginal disc-derived leg segmentation","BP"
"GO:0043051","GO:0043051","2/304","13/9332",0.153846153846154,4.72267206477733,2.46460265458232,0.0651209685587075,0.186986349554463,0.135295365994432,"Hhon-g02085.t1/Hhon-g06667.t1",2,"regulation of nematode pharyngeal pumping","BP"
"GO:0043921","GO:0043921","2/304","13/9332",0.153846153846154,4.72267206477733,2.46460265458232,0.0651209685587075,0.186986349554463,0.135295365994432,"Hhon-g00226.t1/Hhon-g00092.t1",2,"modulation by host of viral transcription","BP"
"GO:0045938","GO:0045938","2/304","13/9332",0.153846153846154,4.72267206477733,2.46460265458232,0.0651209685587075,0.186986349554463,0.135295365994432,"Hhon-g03542.t1/Hhon-g05897.t1",2,"positive regulation of circadian sleep/wake cycle, sleep","BP"
"GO:0046058","GO:0046058","2/304","13/9332",0.153846153846154,4.72267206477733,2.46460265458232,0.0651209685587075,0.186986349554463,0.135295365994432,"Hhon-g08502.t1/Hhon-g09024.t1",2,"cAMP metabolic process","BP"
"GO:0048791","GO:0048791","2/304","13/9332",0.153846153846154,4.72267206477733,2.46460265458232,0.0651209685587075,0.186986349554463,0.135295365994432,"Hhon-g03364.t1/Hhon-g07037.t1",2,"calcium ion-regulated exocytosis of neurotransmitter","BP"
"GO:0048808","GO:0048808","2/304","13/9332",0.153846153846154,4.72267206477733,2.46460265458232,0.0651209685587075,0.186986349554463,0.135295365994432,"Hhon-g02425.t1/Hhon-g04016.t1",2,"male genitalia morphogenesis","BP"
"GO:0050663","GO:0050663","2/304","13/9332",0.153846153846154,4.72267206477733,2.46460265458232,0.0651209685587075,0.186986349554463,0.135295365994432,"Hhon-g07437.t1/Hhon-g08170.t1",2,NA,NA
"GO:0051220","GO:0051220","2/304","13/9332",0.153846153846154,4.72267206477733,2.46460265458232,0.0651209685587075,0.186986349554463,0.135295365994432,"Hhon-g08386.t1/Hhon-g08553.t1",2,"cytoplasmic sequestering of protein","BP"
"GO:0051284","GO:0051284","2/304","13/9332",0.153846153846154,4.72267206477733,2.46460265458232,0.0651209685587075,0.186986349554463,0.135295365994432,"Hhon-g10573.t1/Hhon-g08386.t1",2,"positive regulation of sequestering of calcium ion","BP"
"GO:0052312","GO:0052312","2/304","13/9332",0.153846153846154,4.72267206477733,2.46460265458232,0.0651209685587075,0.186986349554463,0.135295365994432,"Hhon-g00226.t1/Hhon-g00092.t1",2,NA,NA
"GO:0052472","GO:0052472","2/304","13/9332",0.153846153846154,4.72267206477733,2.46460265458232,0.0651209685587075,0.186986349554463,0.135295365994432,"Hhon-g00226.t1/Hhon-g00092.t1",2,"modulation by host of symbiont transcription","BP"
"GO:0060025","GO:0060025","2/304","13/9332",0.153846153846154,4.72267206477733,2.46460265458232,0.0651209685587075,0.186986349554463,0.135295365994432,"Hhon-g03542.t1/Hhon-g09266.t1",2,"regulation of synaptic activity","BP"
"GO:0060914","GO:0060914","2/304","13/9332",0.153846153846154,4.72267206477733,2.46460265458232,0.0651209685587075,0.186986349554463,0.135295365994432,"Hhon-g03907.t1/Hhon-g01922.t1",2,"heart formation","BP"
"GO:0060996","GO:0060996","2/304","13/9332",0.153846153846154,4.72267206477733,2.46460265458232,0.0651209685587075,0.186986349554463,0.135295365994432,"Hhon-g02931.t1/Hhon-g01922.t1",2,"dendritic spine development","BP"
"GO:0061001","GO:0061001","2/304","13/9332",0.153846153846154,4.72267206477733,2.46460265458232,0.0651209685587075,0.186986349554463,0.135295365994432,"Hhon-g02425.t1/Hhon-g02931.t1",2,"regulation of dendritic spine morphogenesis","BP"
"GO:0061162","GO:0061162","2/304","13/9332",0.153846153846154,4.72267206477733,2.46460265458232,0.0651209685587075,0.186986349554463,0.135295365994432,"Hhon-g03432.t1/Hhon-g01922.t1",2,"establishment of monopolar cell polarity","BP"
"GO:0061339","GO:0061339","2/304","13/9332",0.153846153846154,4.72267206477733,2.46460265458232,0.0651209685587075,0.186986349554463,0.135295365994432,"Hhon-g03432.t1/Hhon-g01922.t1",2,"establishment or maintenance of monopolar cell polarity","BP"
"GO:1903726","GO:1903726","2/304","13/9332",0.153846153846154,4.72267206477733,2.46460265458232,0.0651209685587075,0.186986349554463,0.135295365994432,"Hhon-g05193.t1/Hhon-g05759.t1",2,"negative regulation of phospholipid metabolic process","BP"
"GO:0007616","GO:0007616","4/304","47/9332",0.0851063829787234,2.61254199328107,2.0336402057951,0.0659563775054925,0.18886267545021,0.136652995572178,"Hhon-g04393.t1/Hhon-g10573.t1/Hhon-g03869.t1/Hhon-g00658.t1",4,"long-term memory","BP"
"GO:0030641","GO:0030641","4/304","47/9332",0.0851063829787234,2.61254199328107,2.0336402057951,0.0659563775054925,0.18886267545021,0.136652995572178,"Hhon-g00543.t1/Hhon-g00544.t1/Hhon-g02290.t1/Hhon-g07418.t1",4,"regulation of cellular pH","BP"
"GO:0046545","GO:0046545","4/304","47/9332",0.0851063829787234,2.61254199328107,2.0336402057951,0.0659563775054925,0.18886267545021,0.136652995572178,"Hhon-g04801.t1/Hhon-g03264.t1/Hhon-g01922.t1/Hhon-g09428.t1",4,"development of primary female sexual characteristics","BP"
"GO:1902017","GO:1902017","4/304","47/9332",0.0851063829787234,2.61254199328107,2.0336402057951,0.0659563775054925,0.18886267545021,0.136652995572178,"Hhon-g04244.t1/Hhon-g04246.t1/Hhon-g07359.t1/Hhon-g02237.t1",4,"regulation of cilium assembly","BP"
"GO:0046677","GO:0046677","13/304","251/9332",0.051792828685259,1.58990354371986,1.73842572232887,0.0666793557337093,0.189023688429745,0.136769497712831,"Hhon-g07625.t1/Hhon-g00124.t1/Hhon-g01603.t1/Hhon-g04393.t1/Hhon-g04801.t1/Hhon-g10573.t1/Hhon-g05193.t1/Hhon-g11664.t1/Hhon-g00226.t1/Hhon-g07578.t1/Hhon-g05897.t1/Hhon-g00092.t1/Hhon-g02469.t1",13,"response to antibiotic","BP"
"GO:0048066","GO:0048066","5/304","67/9332",0.0746268656716418,2.29084838963079,1.94578583796313,0.0667139179856663,0.189023688429745,0.136769497712831,"Hhon-g09266.t1/Hhon-g09672.t1/Hhon-g09899.t1/Hhon-g04925.t1/Hhon-g08771.t1",5,"developmental pigmentation","BP"
"GO:0048588","GO:0048588","5/304","67/9332",0.0746268656716418,2.29084838963079,1.94578583796313,0.0667139179856663,0.189023688429745,0.136769497712831,"Hhon-g03907.t1/Hhon-g07787.t1/Hhon-g02357.t1/Hhon-g07433.t1/Hhon-g01922.t1",5,"developmental cell growth","BP"
"GO:0048738","GO:0048738","5/304","67/9332",0.0746268656716418,2.29084838963079,1.94578583796313,0.0667139179856663,0.189023688429745,0.136769497712831,"Hhon-g01603.t1/Hhon-g03907.t1/Hhon-g09266.t1/Hhon-g00226.t1/Hhon-g04016.t1",5,"cardiac muscle tissue development","BP"
"GO:1903828","GO:1903828","5/304","67/9332",0.0746268656716418,2.29084838963079,1.94578583796313,0.0667139179856663,0.189023688429745,0.136769497712831,"Hhon-g09981.t1/Hhon-g05193.t1/Hhon-g03531.t1/Hhon-g04016.t1/Hhon-g00238.t1",5,"negative regulation of protein localization","BP"
"GO:0009746","GO:0009746","6/304","88/9332",0.0681818181818182,2.0930023923445,1.8903298466335,0.0669121608307152,0.189023688429745,0.136769497712831,"Hhon-g03542.t1/Hhon-g09981.t1/Hhon-g04801.t1/Hhon-g00241.t1/Hhon-g04016.t1/Hhon-g09428.t1",6,"response to hexose","BP"
"GO:0098609","GO:0098609","6/304","88/9332",0.0681818181818182,2.0930023923445,1.8903298466335,0.0669121608307152,0.189023688429745,0.136769497712831,"Hhon-g03181.t1/Hhon-g07787.t1/Hhon-g08202.t1/Hhon-g04039.t1/Hhon-g03264.t1/Hhon-g02474.t1",6,"cell-cell adhesion","BP"
"GO:0000791","GO:0000791","3/304","29/9332",0.103448275862069,3.17558983666062,2.15312687168054,0.0670597044935005,0.189023688429745,0.136769497712831,"Hhon-g04016.t1/Hhon-g00092.t1/Hhon-g10909.t1",3,"euchromatin","CC"
"GO:0001657","GO:0001657","3/304","29/9332",0.103448275862069,3.17558983666062,2.15312687168054,0.0670597044935005,0.189023688429745,0.136769497712831,"Hhon-g09380.t1/Hhon-g07787.t1/Hhon-g03264.t1",3,"ureteric bud development","BP"
"GO:0001823","GO:0001823","3/304","29/9332",0.103448275862069,3.17558983666062,2.15312687168054,0.0670597044935005,0.189023688429745,0.136769497712831,"Hhon-g09380.t1/Hhon-g07787.t1/Hhon-g03264.t1",3,"mesonephros development","BP"
"GO:0001938","GO:0001938","3/304","29/9332",0.103448275862069,3.17558983666062,2.15312687168054,0.0670597044935005,0.189023688429745,0.136769497712831,"Hhon-g04801.t1/Hhon-g06571.t1/Hhon-g00092.t1",3,"positive regulation of endothelial cell proliferation","BP"
"GO:0014015","GO:0014015","3/304","29/9332",0.103448275862069,3.17558983666062,2.15312687168054,0.0670597044935005,0.189023688429745,0.136769497712831,"Hhon-g10573.t1/Hhon-g07787.t1/Hhon-g00226.t1",3,"positive regulation of gliogenesis","BP"
"GO:0019894","GO:0019894","3/304","29/9332",0.103448275862069,3.17558983666062,2.15312687168054,0.0670597044935005,0.189023688429745,0.136769497712831,"Hhon-g07625.t1/Hhon-g01983.t1/Hhon-g05253.t1",3,"kinesin binding","MF"
"GO:0030286","GO:0030286","3/304","29/9332",0.103448275862069,3.17558983666062,2.15312687168054,0.0670597044935005,0.189023688429745,0.136769497712831,"Hhon-g00178.t1/Hhon-g07359.t1/Hhon-g06183.t1",3,"dynein complex","CC"
"GO:0046662","GO:0046662","3/304","29/9332",0.103448275862069,3.17558983666062,2.15312687168054,0.0670597044935005,0.189023688429745,0.136769497712831,"Hhon-g00684.t1/Hhon-g06667.t1/Hhon-g02688.t1",3,"regulation of egg-laying behavior","BP"
"GO:0046825","GO:0046825","3/304","29/9332",0.103448275862069,3.17558983666062,2.15312687168054,0.0670597044935005,0.189023688429745,0.136769497712831,"Hhon-g03531.t1/Hhon-g08835.t1/Hhon-g08836.t1",3,"regulation of protein export from nucleus","BP"
"GO:0048786","GO:0048786","3/304","29/9332",0.103448275862069,3.17558983666062,2.15312687168054,0.0670597044935005,0.189023688429745,0.136769497712831,"Hhon-g02085.t1/Hhon-g05648.t1/Hhon-g05654.t1",3,"presynaptic active zone","CC"
"GO:0051055","GO:0051055","3/304","29/9332",0.103448275862069,3.17558983666062,2.15312687168054,0.0670597044935005,0.189023688429745,0.136769497712831,"Hhon-g05193.t1/Hhon-g04500.t1/Hhon-g08401.t1",3,"negative regulation of lipid biosynthetic process","BP"
"GO:0051233","GO:0051233","3/304","29/9332",0.103448275862069,3.17558983666062,2.15312687168054,0.0670597044935005,0.189023688429745,0.136769497712831,"Hhon-g01983.t1/Hhon-g05253.t1/Hhon-g06667.t1",3,"spindle midzone","CC"
"GO:0051705","GO:0051705","3/304","29/9332",0.103448275862069,3.17558983666062,2.15312687168054,0.0670597044935005,0.189023688429745,0.136769497712831,"Hhon-g02425.t1/Hhon-g01922.t1/Hhon-g02772.t1",3,NA,NA
"GO:0072163","GO:0072163","3/304","29/9332",0.103448275862069,3.17558983666062,2.15312687168054,0.0670597044935005,0.189023688429745,0.136769497712831,"Hhon-g09380.t1/Hhon-g07787.t1/Hhon-g03264.t1",3,"mesonephric epithelium development","BP"
"GO:0072164","GO:0072164","3/304","29/9332",0.103448275862069,3.17558983666062,2.15312687168054,0.0670597044935005,0.189023688429745,0.136769497712831,"Hhon-g09380.t1/Hhon-g07787.t1/Hhon-g03264.t1",3,"mesonephric tubule development","BP"
"GO:0097755","GO:0097755","3/304","29/9332",0.103448275862069,3.17558983666062,2.15312687168054,0.0670597044935005,0.189023688429745,0.136769497712831,"Hhon-g09024.t1/Hhon-g00076.t1/Hhon-g00077.t1",3,NA,NA
"GO:0016301","GO:0016301","15/304","301/9332",0.0498338870431894,1.52976919041791,1.71438017368982,0.0671471654161148,0.189141811945528,0.136854966862523,"Hhon-g00419.t1/Hhon-g03404.t1/Hhon-g03432.t1/Hhon-g04801.t1/Hhon-g06571.t1/Hhon-g10573.t1/Hhon-g07787.t1/Hhon-g02425.t1/Hhon-g01523.t1/Hhon-g04374.t1/Hhon-g05759.t1/Hhon-g02931.t1/Hhon-g08787.t1/Hhon-g10239.t1/Hhon-g03387.t1",15,"kinase activity","MF"
"GO:0060491","GO:0060491","7/304","110/9332",0.0636363636363636,1.95346889952153,1.84584583799266,0.0674779030002762,0.189815889740614,0.13734270087205,"Hhon-g09981.t1/Hhon-g03432.t1/Hhon-g04244.t1/Hhon-g04246.t1/Hhon-g05193.t1/Hhon-g07359.t1/Hhon-g02237.t1",7,"regulation of cell projection assembly","BP"
"GO:0061659","GO:0061659","7/304","110/9332",0.0636363636363636,1.95346889952153,1.84584583799266,0.0674779030002762,0.189815889740614,0.13734270087205,"Hhon-g07437.t1/Hhon-g08170.t1/Hhon-g08474.t1/Hhon-g02107.t1/Hhon-g04393.t1/Hhon-g00458.t1/Hhon-g02727.t1",7,"ubiquitin-like protein ligase activity","MF"
"GO:0030141","GO:0030141","16/304","327/9332",0.0489296636085627,1.50201191051022,1.69570831676447,0.0683244051887931,0.192066980598422,0.138971494429545,"Hhon-g00124.t1/Hhon-g00305.t1/Hhon-g03364.t1/Hhon-g05981.t1/Hhon-g03181.t1/Hhon-g06571.t1/Hhon-g02931.t1/Hhon-g02357.t1/Hhon-g06183.t1/Hhon-g00658.t1/Hhon-g10239.t1/Hhon-g09428.t1/Hhon-g02688.t1/Hhon-g08401.t1/Hhon-g08386.t1/Hhon-g03110.t1",16,"secretory granule","CC"
"GO:0046873","GO:0046873","8/304","133/9332",0.0601503759398496,1.84645825089038,1.80412309071776,0.0687312771681688,0.192819096487998,0.139515693483609,"Hhon-g03542.t1/Hhon-g07625.t1/Hhon-g00543.t1/Hhon-g00544.t1/Hhon-g05648.t1/Hhon-g05654.t1/Hhon-g01259.t1/Hhon-g11231.t1",8,"metal ion transmembrane transporter activity","MF"
"GO:0050657","GO:0050657","8/304","133/9332",0.0601503759398496,1.84645825089038,1.80412309071776,0.0687312771681688,0.192819096487998,0.139515693483609,"Hhon-g01323.t1/Hhon-g01363.t1/Hhon-g09110.t1/Hhon-g06183.t1/Hhon-g00665.t1/Hhon-g08835.t1/Hhon-g08836.t1/Hhon-g06173.t1",8,"nucleic acid transport","BP"
"GO:0050658","GO:0050658","8/304","133/9332",0.0601503759398496,1.84645825089038,1.80412309071776,0.0687312771681688,0.192819096487998,0.139515693483609,"Hhon-g01323.t1/Hhon-g01363.t1/Hhon-g09110.t1/Hhon-g06183.t1/Hhon-g00665.t1/Hhon-g08835.t1/Hhon-g08836.t1/Hhon-g06173.t1",8,"RNA transport","BP"
"GO:0048732","GO:0048732","17/304","353/9332",0.0481586402266289,1.47834352169375,1.68119610371199,0.0691465012658634,0.193852986668376,0.140263772424588,"Hhon-g00684.t1/Hhon-g09437.t1/Hhon-g01603.t1/Hhon-g09981.t1/Hhon-g03907.t1/Hhon-g09266.t1/Hhon-g06571.t1/Hhon-g07787.t1/Hhon-g05193.t1/Hhon-g02425.t1/Hhon-g03531.t1/Hhon-g02931.t1/Hhon-g03264.t1/Hhon-g01922.t1/Hhon-g00092.t1/Hhon-g07162.t1/Hhon-g07164.t1",17,"gland development","BP"
"GO:0048878","GO:0048878","22/304","483/9332",0.0455486542443064,1.39822382042062,1.64914489091523,0.0696203930307511,0.195049846061861,0.141129768953593,"Hhon-g03542.t1/Hhon-g00543.t1/Hhon-g00544.t1/Hhon-g09981.t1/Hhon-g04801.t1/Hhon-g06571.t1/Hhon-g10573.t1/Hhon-g00241.t1/Hhon-g04829.t1/Hhon-g04374.t1/Hhon-g04016.t1/Hhon-g01193.t1/Hhon-g07433.t1/Hhon-g04888.t1/Hhon-g02290.t1/Hhon-g09428.t1/Hhon-g05897.t1/Hhon-g00901.t1/Hhon-g08401.t1/Hhon-g08386.t1/Hhon-g05970.t1/Hhon-g07418.t1",22,"chemical homeostasis","BP"
"GO:0030427","GO:0030427","6/304","89/9332",0.0674157303370786,2.06948551153164,1.8602381368207,0.0698883899722796,0.195668641378897,0.141577502914353,"Hhon-g01523.t1/Hhon-g07281.t1/Hhon-g02931.t1/Hhon-g07409.t1/Hhon-g01922.t1/Hhon-g07993.t1",6,"site of polarized growth","CC"
"GO:0016810","GO:0016810","5/304","68/9332",0.0735294117647059,2.25715944272446,1.90919661747634,0.0701860892924233,0.195730431870568,0.141622211884849,"Hhon-g00226.t1/Hhon-g03531.t1/Hhon-g06894.t1/Hhon-g07578.t1/Hhon-g07460.t1",5,"hydrolase activity, acting on carbon-nitrogen (but not peptide) bonds","MF"
"GO:0022836","GO:0022836","5/304","68/9332",0.0735294117647059,2.25715944272446,1.90919661747634,0.0701860892924233,0.195730431870568,0.141622211884849,"Hhon-g03542.t1/Hhon-g07625.t1/Hhon-g05648.t1/Hhon-g05654.t1/Hhon-g01259.t1",5,"gated channel activity","MF"
"GO:0005793","GO:0005793","4/304","48/9332",0.0833333333333333,2.55811403508772,1.98590012758013,0.0701933075759334,0.195730431870568,0.141622211884849,"Hhon-g00305.t1/Hhon-g01523.t1/Hhon-g02688.t1/Hhon-g00877.t1",4,"endoplasmic reticulum-Golgi intermediate compartment","CC"
"GO:0048259","GO:0048259","4/304","48/9332",0.0833333333333333,2.55811403508772,1.98590012758013,0.0701933075759334,0.195730431870568,0.141622211884849,"Hhon-g04801.t1/Hhon-g05193.t1/Hhon-g02357.t1/Hhon-g06667.t1",4,"regulation of receptor-mediated endocytosis","BP"
"GO:0048706","GO:0048706","4/304","48/9332",0.0833333333333333,2.55811403508772,1.98590012758013,0.0701933075759334,0.195730431870568,0.141622211884849,"Hhon-g09380.t1/Hhon-g09266.t1/Hhon-g03112.t1/Hhon-g11231.t1",4,"embryonic skeletal system development","BP"
"GO:0101005","GO:0101005","4/304","48/9332",0.0833333333333333,2.55811403508772,1.98590012758013,0.0701933075759334,0.195730431870568,0.141622211884849,"Hhon-g00090.t1/Hhon-g09253.t1/Hhon-g09255.t1/Hhon-g09257.t1",4,"deubiquitinase activity","MF"
"GO:0048737","GO:0048737","9/304","157/9332",0.0573248407643312,1.75972175662085,1.76159660563297,0.0707998944840487,0.197289370401188,0.142750193470487,"Hhon-g04657.t1/Hhon-g11170.t1/Hhon-g09710.t1/Hhon-g05322.t1/Hhon-g09380.t1/Hhon-g01523.t1/Hhon-g02931.t1/Hhon-g04925.t1/Hhon-g01922.t1",9,"imaginal disc-derived appendage development","BP"
"GO:0016887","GO:0016887","13/304","254/9332",0.0511811023622047,1.57112515540821,1.69339459660056,0.0717597967877283,0.199830098097014,0.144588555919501,"Hhon-g01323.t1/Hhon-g01363.t1/Hhon-g08202.t1/Hhon-g03321.t1/Hhon-g08053.t1/Hhon-g04459.t1/Hhon-g09751.t1/Hhon-g01983.t1/Hhon-g05253.t1/Hhon-g11373.t1/Hhon-g07501.t1/Hhon-g03376.t1/Hhon-g06163.t1",13,"ATP hydrolysis activity","MF"
"GO:0048471","GO:0048471","17/304","355/9332",0.047887323943662,1.47001482579689,1.65678148467537,0.0720263773416708,0.200438015229636,0.145028418888901,"Hhon-g00124.t1/Hhon-g04801.t1/Hhon-g10573.t1/Hhon-g02425.t1/Hhon-g00226.t1/Hhon-g01523.t1/Hhon-g02931.t1/Hhon-g02357.t1/Hhon-g07409.t1/Hhon-g04888.t1/Hhon-g07501.t1/Hhon-g09076.t1/Hhon-g10981.t1/Hhon-g03112.t1/Hhon-g00352.t1/Hhon-g00877.t1/Hhon-g03110.t1",17,"perinuclear region of cytoplasm","CC"
"GO:0031057","GO:0031057","3/304","30/9332",0.1,3.06973684210526,2.08349614592025,0.0727869147793641,0.200939556096778,0.145391312519066,"Hhon-g00226.t1/Hhon-g07578.t1/Hhon-g04016.t1",3,NA,NA
"GO:0031526","GO:0031526","3/304","30/9332",0.1,3.06973684210526,2.08349614592025,0.0727869147793641,0.200939556096778,0.145391312519066,"Hhon-g04801.t1/Hhon-g02482.t1/Hhon-g02483.t1",3,"brush border membrane","CC"
"GO:0046579","GO:0046579","3/304","30/9332",0.1,3.06973684210526,2.08349614592025,0.0727869147793641,0.200939556096778,0.145391312519066,"Hhon-g02425.t1/Hhon-g09899.t1/Hhon-g03264.t1",3,"positive regulation of Ras protein signal transduction","BP"
"GO:0072348","GO:0072348","3/304","30/9332",0.1,3.06973684210526,2.08349614592025,0.0727869147793641,0.200939556096778,0.145391312519066,"Hhon-g02482.t1/Hhon-g02483.t1/Hhon-g04482.t1",3,"sulfur compound transport","BP"
"GO:0009743","GO:0009743","7/304","112/9332",0.0625,1.91858552631579,1.79460246647284,0.0728190123356621,0.200939556096778,0.145391312519066,"Hhon-g03542.t1/Hhon-g09981.t1/Hhon-g04801.t1/Hhon-g00241.t1/Hhon-g11664.t1/Hhon-g04016.t1/Hhon-g09428.t1",7,"response to carbohydrate","BP"
"GO:0051495","GO:0051495","6/304","90/9332",0.0666666666666667,2.04649122807018,1.83053895882281,0.0729401085195781,0.200939556096778,0.145391312519066,"Hhon-g10573.t1/Hhon-g05193.t1/Hhon-g02425.t1/Hhon-g01523.t1/Hhon-g02931.t1/Hhon-g05967.t1",6,"positive regulation of cytoskeleton organization","BP"
"GO:2001233","GO:2001233","10/304","182/9332",0.0549450549450549,1.68666859456333,1.71663294564492,0.07375152038851,0.200939556096778,0.145391312519066,"Hhon-g09710.t1/Hhon-g06571.t1/Hhon-g04500.t1/Hhon-g04501.t1/Hhon-g00226.t1/Hhon-g08741.t1/Hhon-g02931.t1/Hhon-g06696.t1/Hhon-g02469.t1/Hhon-g00901.t1",10,"regulation of apoptotic signaling pathway","BP"
"GO:0003205","GO:0003205","5/304","69/9332",0.072463768115942,2.2244469870328,1.87324167655282,0.0737562012041669,0.200939556096778,0.145391312519066,"Hhon-g01603.t1/Hhon-g03907.t1/Hhon-g00241.t1/Hhon-g03264.t1/Hhon-g01922.t1",5,"cardiac chamber development","BP"
"GO:0030532","GO:0030532","5/304","69/9332",0.072463768115942,2.2244469870328,1.87324167655282,0.0737562012041669,0.200939556096778,0.145391312519066,"Hhon-g03321.t1/Hhon-g08053.t1/Hhon-g09314.t1/Hhon-g11385.t1/Hhon-g11388.t1",5,"small nuclear ribonucleoprotein complex","CC"
"GO:0000022","GO:0000022","2/304","14/9332",0.142857142857143,4.38533834586466,2.32600078318412,0.0743844165994093,0.200939556096778,0.145391312519066,"Hhon-g01323.t1/Hhon-g01363.t1",2,"mitotic spindle elongation","BP"
"GO:0000338","GO:0000338","2/304","14/9332",0.142857142857143,4.38533834586466,2.32600078318412,0.0743844165994093,0.200939556096778,0.145391312519066,"Hhon-g05251.t1/Hhon-g06705.t1",2,"protein deneddylation","BP"
"GO:0001737","GO:0001737","2/304","14/9332",0.142857142857143,4.38533834586466,2.32600078318412,0.0743844165994093,0.200939556096778,0.145391312519066,"Hhon-g01523.t1/Hhon-g01922.t1",2,"establishment of imaginal disc-derived wing hair orientation","BP"
"GO:0002026","GO:0002026","2/304","14/9332",0.142857142857143,4.38533834586466,2.32600078318412,0.0743844165994093,0.200939556096778,0.145391312519066,"Hhon-g04801.t1/Hhon-g09024.t1",2,"regulation of the force of heart contraction","BP"
"GO:0005267","GO:0005267","2/304","14/9332",0.142857142857143,4.38533834586466,2.32600078318412,0.0743844165994093,0.200939556096778,0.145391312519066,"Hhon-g03542.t1/Hhon-g07625.t1",2,"potassium channel activity","MF"
"GO:0007156","GO:0007156","2/304","14/9332",0.142857142857143,4.38533834586466,2.32600078318412,0.0743844165994093,0.200939556096778,0.145391312519066,"Hhon-g04039.t1/Hhon-g03264.t1",2,"homophilic cell adhesion via plasma membrane adhesion molecules","BP"
"GO:0007294","GO:0007294","2/304","14/9332",0.142857142857143,4.38533834586466,2.32600078318412,0.0743844165994093,0.200939556096778,0.145391312519066,"Hhon-g03432.t1/Hhon-g00665.t1",2,"germarium-derived oocyte fate determination","BP"
"GO:0008293","GO:0008293","2/304","14/9332",0.142857142857143,4.38533834586466,2.32600078318412,0.0743844165994093,0.200939556096778,0.145391312519066,"Hhon-g09710.t1/Hhon-g03907.t1",2,"torso signaling pathway","BP"
"GO:0009954","GO:0009954","2/304","14/9332",0.142857142857143,4.38533834586466,2.32600078318412,0.0743844165994093,0.200939556096778,0.145391312519066,"Hhon-g05322.t1/Hhon-g09380.t1",2,"proximal/distal pattern formation","BP"
"GO:0016411","GO:0016411","2/304","14/9332",0.142857142857143,4.38533834586466,2.32600078318412,0.0743844165994093,0.200939556096778,0.145391312519066,"Hhon-g07162.t1/Hhon-g07164.t1",2,"acylglycerol O-acyltransferase activity","MF"
"GO:0021511","GO:0021511","2/304","14/9332",0.142857142857143,4.38533834586466,2.32600078318412,0.0743844165994093,0.200939556096778,0.145391312519066,"Hhon-g00684.t1/Hhon-g05189.t1",2,"spinal cord patterning","BP"
"GO:0030397","GO:0030397","2/304","14/9332",0.142857142857143,4.38533834586466,2.32600078318412,0.0743844165994093,0.200939556096778,0.145391312519066,"Hhon-g04801.t1/Hhon-g09899.t1",2,"membrane disassembly","BP"
"GO:0031294","GO:0031294","2/304","14/9332",0.142857142857143,4.38533834586466,2.32600078318412,0.0743844165994093,0.200939556096778,0.145391312519066,"Hhon-g06571.t1/Hhon-g02931.t1",2,"lymphocyte costimulation","BP"
"GO:0031295","GO:0031295","2/304","14/9332",0.142857142857143,4.38533834586466,2.32600078318412,0.0743844165994093,0.200939556096778,0.145391312519066,"Hhon-g06571.t1/Hhon-g02931.t1",2,"T cell costimulation","BP"
"GO:0032239","GO:0032239","2/304","14/9332",0.142857142857143,4.38533834586466,2.32600078318412,0.0743844165994093,0.200939556096778,0.145391312519066,"Hhon-g08835.t1/Hhon-g08836.t1",2,"regulation of nucleobase-containing compound transport","BP"
"GO:0032642","GO:0032642","2/304","14/9332",0.142857142857143,4.38533834586466,2.32600078318412,0.0743844165994093,0.200939556096778,0.145391312519066,"Hhon-g04500.t1/Hhon-g00226.t1",2,"regulation of chemokine production","BP"
"GO:0032806","GO:0032806","2/304","14/9332",0.142857142857143,4.38533834586466,2.32600078318412,0.0743844165994093,0.200939556096778,0.145391312519066,"Hhon-g08787.t1/Hhon-g10239.t1",2,"carboxy-terminal domain protein kinase complex","CC"
"GO:0033144","GO:0033144","2/304","14/9332",0.142857142857143,4.38533834586466,2.32600078318412,0.0743844165994093,0.200939556096778,0.145391312519066,"Hhon-g03907.t1/Hhon-g00226.t1",2,"negative regulation of intracellular steroid hormone receptor signaling pathway","BP"
"GO:0035176","GO:0035176","2/304","14/9332",0.142857142857143,4.38533834586466,2.32600078318412,0.0743844165994093,0.200939556096778,0.145391312519066,"Hhon-g02425.t1/Hhon-g01922.t1",2,"social behavior","BP"
"GO:0035640","GO:0035640","2/304","14/9332",0.142857142857143,4.38533834586466,2.32600078318412,0.0743844165994093,0.200939556096778,0.145391312519066,"Hhon-g10573.t1/Hhon-g02237.t1",2,"exploration behavior","BP"
"GO:0036099","GO:0036099","2/304","14/9332",0.142857142857143,4.38533834586466,2.32600078318412,0.0743844165994093,0.200939556096778,0.145391312519066,"Hhon-g05251.t1/Hhon-g06705.t1",2,"female germ-line stem cell population maintenance","BP"
"GO:0036335","GO:0036335","2/304","14/9332",0.142857142857143,4.38533834586466,2.32600078318412,0.0743844165994093,0.200939556096778,0.145391312519066,"Hhon-g09710.t1/Hhon-g04500.t1",2,"intestinal stem cell homeostasis","BP"
"GO:0043001","GO:0043001","2/304","14/9332",0.142857142857143,4.38533834586466,2.32600078318412,0.0743844165994093,0.200939556096778,0.145391312519066,"Hhon-g00124.t1/Hhon-g00305.t1",2,"Golgi to plasma membrane protein transport","BP"
"GO:0045604","GO:0045604","2/304","14/9332",0.142857142857143,4.38533834586466,2.32600078318412,0.0743844165994093,0.200939556096778,0.145391312519066,"Hhon-g10573.t1/Hhon-g06160.t1",2,"regulation of epidermal cell differentiation","BP"
"GO:0045668","GO:0045668","2/304","14/9332",0.142857142857143,4.38533834586466,2.32600078318412,0.0743844165994093,0.200939556096778,0.145391312519066,"Hhon-g07578.t1/Hhon-g03869.t1",2,"negative regulation of osteoblast differentiation","BP"
"GO:0046528","GO:0046528","2/304","14/9332",0.142857142857143,4.38533834586466,2.32600078318412,0.0743844165994093,0.200939556096778,0.145391312519066,"Hhon-g11664.t1/Hhon-g00092.t1",2,"imaginal disc fusion","BP"
"GO:0046529","GO:0046529","2/304","14/9332",0.142857142857143,4.38533834586466,2.32600078318412,0.0743844165994093,0.200939556096778,0.145391312519066,"Hhon-g11664.t1/Hhon-g00092.t1",2,"imaginal disc fusion, thorax closure","BP"
"GO:0046831","GO:0046831","2/304","14/9332",0.142857142857143,4.38533834586466,2.32600078318412,0.0743844165994093,0.200939556096778,0.145391312519066,"Hhon-g08835.t1/Hhon-g08836.t1",2,"regulation of RNA export from nucleus","BP"
"GO:0051081","GO:0051081","2/304","14/9332",0.142857142857143,4.38533834586466,2.32600078318412,0.0743844165994093,0.200939556096778,0.145391312519066,"Hhon-g04801.t1/Hhon-g09899.t1",2,"nuclear membrane disassembly","BP"
"GO:0060479","GO:0060479","2/304","14/9332",0.142857142857143,4.38533834586466,2.32600078318412,0.0743844165994093,0.200939556096778,0.145391312519066,"Hhon-g00684.t1/Hhon-g07787.t1",2,"lung cell differentiation","BP"
"GO:0060487","GO:0060487","2/304","14/9332",0.142857142857143,4.38533834586466,2.32600078318412,0.0743844165994093,0.200939556096778,0.145391312519066,"Hhon-g00684.t1/Hhon-g07787.t1",2,"lung epithelial cell differentiation","BP"
"GO:0090184","GO:0090184","2/304","14/9332",0.142857142857143,4.38533834586466,2.32600078318412,0.0743844165994093,0.200939556096778,0.145391312519066,"Hhon-g09380.t1/Hhon-g07787.t1",2,"positive regulation of kidney development","BP"
"GO:0097154","GO:0097154","2/304","14/9332",0.142857142857143,4.38533834586466,2.32600078318412,0.0743844165994093,0.200939556096778,0.145391312519066,"Hhon-g00684.t1/Hhon-g03907.t1",2,"GABAergic neuron differentiation","BP"
"GO:1901099","GO:1901099","2/304","14/9332",0.142857142857143,4.38533834586466,2.32600078318412,0.0743844165994093,0.200939556096778,0.145391312519066,"Hhon-g06571.t1/Hhon-g04500.t1",2,"negative regulation of signal transduction in absence of ligand","BP"
"GO:1901673","GO:1901673","2/304","14/9332",0.142857142857143,4.38533834586466,2.32600078318412,0.0743844165994093,0.200939556096778,0.145391312519066,"Hhon-g01323.t1/Hhon-g01363.t1",2,"regulation of mitotic spindle assembly","BP"
"GO:2001240","GO:2001240","2/304","14/9332",0.142857142857143,4.38533834586466,2.32600078318412,0.0743844165994093,0.200939556096778,0.145391312519066,"Hhon-g06571.t1/Hhon-g04500.t1",2,"negative regulation of extrinsic apoptotic signaling pathway in absence of ligand","BP"
"GO:0002429","GO:0002429","4/304","49/9332",0.0816326530612245,2.50590762620838,1.93935497567584,0.0745666615616109,0.201170096688634,0.145558121881493,"Hhon-g04801.t1/Hhon-g10573.t1/Hhon-g02931.t1/Hhon-g05967.t1",4,"immune response-activating cell surface receptor signaling pathway","BP"
"GO:1990351","GO:1990351","4/304","49/9332",0.0816326530612245,2.50590762620838,1.93935497567584,0.0745666615616109,0.201170096688634,0.145558121881493,"Hhon-g03542.t1/Hhon-g07625.t1/Hhon-g05648.t1/Hhon-g05654.t1",4,"transporter complex","CC"
"GO:2001020","GO:2001020","7/304","113/9332",0.0619469026548673,1.90160689333954,1.76937403182004,0.0755810075127918,0.203732588187757,0.14741223169249,"Hhon-g04801.t1/Hhon-g03304.t1/Hhon-g04500.t1/Hhon-g04459.t1/Hhon-g08813.t1/Hhon-g08787.t1/Hhon-g00901.t1",7,NA,NA
"GO:0030003","GO:0030003","11/304","207/9332",0.0531400966183575,1.63126112382405,1.68532200613476,0.0756146238914579,0.203732588187757,0.14741223169249,"Hhon-g00543.t1/Hhon-g00544.t1/Hhon-g04801.t1/Hhon-g10573.t1/Hhon-g01193.t1/Hhon-g07433.t1/Hhon-g04888.t1/Hhon-g02290.t1/Hhon-g00901.t1/Hhon-g08386.t1/Hhon-g07418.t1",11,"intracellular monoatomic cation homeostasis","BP"
"GO:0034284","GO:0034284","6/304","91/9332",0.0659340659340659,2.024002313476,1.80122207220071,0.0760671517643984,0.204788901091158,0.148176534761729,"Hhon-g03542.t1/Hhon-g09981.t1/Hhon-g04801.t1/Hhon-g00241.t1/Hhon-g04016.t1/Hhon-g09428.t1",6,"response to monosaccharide","BP"
"GO:0051236","GO:0051236","8/304","136/9332",0.0588235294117647,1.80572755417957,1.7368539475277,0.0761053165663912,0.204788901091158,0.148176534761729,"Hhon-g01323.t1/Hhon-g01363.t1/Hhon-g09110.t1/Hhon-g06183.t1/Hhon-g00665.t1/Hhon-g08835.t1/Hhon-g08836.t1/Hhon-g06173.t1",8,"establishment of RNA localization","BP"
"GO:0008361","GO:0008361","10/304","184/9332",0.0543478260869565,1.6683352402746,1.68013936099777,0.0780571058706841,0.20990485982842,0.151878224812471,"Hhon-g00684.t1/Hhon-g11170.t1/Hhon-g09710.t1/Hhon-g05322.t1/Hhon-g06571.t1/Hhon-g02425.t1/Hhon-g02931.t1/Hhon-g09899.t1/Hhon-g01922.t1/Hhon-g06667.t1",10,"regulation of cell size","BP"
"GO:0098791","GO:0098791","15/304","308/9332",0.0487012987012987,1.4950017088175,1.62101720530895,0.0782778599058479,0.210337673147943,0.152191390113637,"Hhon-g00124.t1/Hhon-g00305.t1/Hhon-g09060.t1/Hhon-g10573.t1/Hhon-g01523.t1/Hhon-g02357.t1/Hhon-g09899.t1/Hhon-g02290.t1/Hhon-g09076.t1/Hhon-g10981.t1/Hhon-g00658.t1/Hhon-g03112.t1/Hhon-g02688.t1/Hhon-g09132.t1/Hhon-g00877.t1",15,"Golgi apparatus subcompartment","CC"
"GO:1902115","GO:1902115","8/304","137/9332",0.0583941605839416,1.79254706108337,1.71480439517738,0.0786653063059095,0.210337673147943,0.152191390113637,"Hhon-g08832.t1/Hhon-g04244.t1/Hhon-g04246.t1/Hhon-g01323.t1/Hhon-g01363.t1/Hhon-g00226.t1/Hhon-g07359.t1/Hhon-g02237.t1",8,"regulation of organelle assembly","BP"
"GO:0008637","GO:0008637","3/304","31/9332",0.0967741935483871,2.97071307300509,2.01671502357864,0.078724649342944,0.210337673147943,0.152191390113637,"Hhon-g06571.t1/Hhon-g01324.t1/Hhon-g00092.t1",3,"apoptotic mitochondrial changes","BP"
"GO:0010676","GO:0010676","3/304","31/9332",0.0967741935483871,2.97071307300509,2.01671502357864,0.078724649342944,0.210337673147943,0.152191390113637,"Hhon-g09981.t1/Hhon-g06571.t1/Hhon-g10573.t1",3,NA,NA
"GO:0016322","GO:0016322","3/304","31/9332",0.0967741935483871,2.97071307300509,2.01671502357864,0.078724649342944,0.210337673147943,0.152191390113637,"Hhon-g01603.t1/Hhon-g11170.t1/Hhon-g00901.t1",3,"neuron remodeling","BP"
"GO:0032873","GO:0032873","3/304","31/9332",0.0967741935483871,2.97071307300509,2.01671502357864,0.078724649342944,0.210337673147943,0.152191390113637,"Hhon-g06571.t1/Hhon-g03531.t1/Hhon-g00901.t1",3,"negative regulation of stress-activated MAPK cascade","BP"
"GO:0035904","GO:0035904","3/304","31/9332",0.0967741935483871,2.97071307300509,2.01671502357864,0.078724649342944,0.210337673147943,0.152191390113637,"Hhon-g00241.t1/Hhon-g05246.t1/Hhon-g03264.t1",3,"aorta development","BP"
"GO:0051057","GO:0051057","3/304","31/9332",0.0967741935483871,2.97071307300509,2.01671502357864,0.078724649342944,0.210337673147943,0.152191390113637,"Hhon-g02425.t1/Hhon-g09899.t1/Hhon-g03264.t1",3,"positive regulation of small GTPase mediated signal transduction","BP"
"GO:0070303","GO:0070303","3/304","31/9332",0.0967741935483871,2.97071307300509,2.01671502357864,0.078724649342944,0.210337673147943,0.152191390113637,"Hhon-g06571.t1/Hhon-g03531.t1/Hhon-g00901.t1",3,"negative regulation of stress-activated protein kinase signaling cascade","BP"
"GO:1901888","GO:1901888","3/304","31/9332",0.0967741935483871,2.97071307300509,2.01671502357864,0.078724649342944,0.210337673147943,0.152191390113637,"Hhon-g10573.t1/Hhon-g04500.t1/Hhon-g06160.t1",3,"regulation of cell junction assembly","BP"
"GO:0050848","GO:0050848","4/304","50/9332",0.08,2.45578947368421,1.89394736925773,0.0790746825438967,0.211137030175086,0.152769770844665,"Hhon-g09317.t1/Hhon-g07409.t1/Hhon-g05897.t1/Hhon-g08386.t1",4,"regulation of calcium-mediated signaling","BP"
"GO:0140056","GO:0140056","6/304","92/9332",0.0652173913043478,2.00200228832952,1.77227761758947,0.0792692974651768,0.211520644650009,0.153047337955361,"Hhon-g03542.t1/Hhon-g00124.t1/Hhon-g00305.t1/Hhon-g01523.t1/Hhon-g06937.t1/Hhon-g03110.t1",6,"organelle localization by membrane tethering","BP"
"GO:0080135","GO:0080135","16/304","335/9332",0.0477611940298507,1.46614296936371,1.59440186216183,0.0807249140481942,0.215266437461851,0.155757634245037,"Hhon-g03181.t1/Hhon-g04801.t1/Hhon-g06571.t1/Hhon-g03304.t1/Hhon-g04500.t1/Hhon-g03531.t1/Hhon-g09357.t1/Hhon-g02931.t1/Hhon-g09899.t1/Hhon-g04459.t1/Hhon-g01922.t1/Hhon-g06696.t1/Hhon-g08813.t1/Hhon-g08787.t1/Hhon-g00901.t1/Hhon-g03688.t1",16,"regulation of cellular response to stress","BP"
"GO:0001764","GO:0001764","5/304","71/9332",0.0704225352112676,2.16178650852483,1.8031492369017,0.0811878619266505,0.216211573045447,0.156441494136423,"Hhon-g00684.t1/Hhon-g09380.t1/Hhon-g06075.t1/Hhon-g02425.t1/Hhon-g03264.t1",5,"neuron migration","BP"
"GO:0055067","GO:0055067","5/304","71/9332",0.0704225352112676,2.16178650852483,1.8031492369017,0.0811878619266505,0.216211573045447,0.156441494136423,"Hhon-g00543.t1/Hhon-g00544.t1/Hhon-g07433.t1/Hhon-g02290.t1/Hhon-g07418.t1",5,NA,NA
"GO:0010770","GO:0010770","7/304","115/9332",0.0608695652173913,1.86853546910755,1.71967665849038,0.0812876362051886,0.216211573045447,0.156441494136423,"Hhon-g11170.t1/Hhon-g02425.t1/Hhon-g02931.t1/Hhon-g07409.t1/Hhon-g03264.t1/Hhon-g01922.t1/Hhon-g03112.t1",7,"positive regulation of cell morphogenesis","BP"
"GO:0050795","GO:0050795","7/304","115/9332",0.0608695652173913,1.86853546910755,1.71967665849038,0.0812876362051886,0.216211573045447,0.156441494136423,"Hhon-g03542.t1/Hhon-g02085.t1/Hhon-g00684.t1/Hhon-g07281.t1/Hhon-g05897.t1/Hhon-g06667.t1/Hhon-g02688.t1",7,"regulation of behavior","BP"
"GO:0044877","GO:0044877","21/304","466/9332",0.0450643776824034,1.3833578043822,1.5578961900259,0.0818081480948612,0.217456741926929,0.157342445355303,"Hhon-g01603.t1/Hhon-g04801.t1/Hhon-g06747.t1/Hhon-g01324.t1/Hhon-g05246.t1/Hhon-g09811.t1/Hhon-g00226.t1/Hhon-g04016.t1/Hhon-g09400.t1/Hhon-g02931.t1/Hhon-g01193.t1/Hhon-g04459.t1/Hhon-g02232.t1/Hhon-g09314.t1/Hhon-g11385.t1/Hhon-g11388.t1/Hhon-g06173.t1/Hhon-g07207.t1/Hhon-g00082.t1/Hhon-g01891.t1/Hhon-g05823.t1",21,"protein-containing complex binding","MF"
"GO:0006900","GO:0006900","4/304","51/9332",0.0784313725490196,2.40763673890609,1.84962380530532,0.0837154473807681,0.219724234416843,0.158983106435876,"Hhon-g01523.t1/Hhon-g03112.t1/Hhon-g02688.t1/Hhon-g05970.t1",4,"vesicle budding from membrane","BP"
"GO:0019783","GO:0019783","4/304","51/9332",0.0784313725490196,2.40763673890609,1.84962380530532,0.0837154473807681,0.219724234416843,0.158983106435876,"Hhon-g00090.t1/Hhon-g09253.t1/Hhon-g09255.t1/Hhon-g09257.t1",4,"ubiquitin-like protein peptidase activity","MF"
"GO:0031644","GO:0031644","4/304","51/9332",0.0784313725490196,2.40763673890609,1.84962380530532,0.0837154473807681,0.219724234416843,0.158983106435876,"Hhon-g07625.t1/Hhon-g02357.t1/Hhon-g01922.t1/Hhon-g01642.t1",4,"regulation of nervous system process","BP"
"GO:0010959","GO:0010959","8/304","139/9332",0.0575539568345324,1.766755017039,1.67124648836378,0.0839382488897522,0.219724234416843,0.158983106435876,"Hhon-g07625.t1/Hhon-g06571.t1/Hhon-g10573.t1/Hhon-g05648.t1/Hhon-g05654.t1/Hhon-g07433.t1/Hhon-g05897.t1/Hhon-g08386.t1",8,"regulation of metal ion transport","BP"
"GO:0001221","GO:0001221","2/304","15/9332",0.133333333333333,4.09298245614035,2.19983521381285,0.0840371108511431,0.219724234416843,0.158983106435876,"Hhon-g00226.t1/Hhon-g08787.t1",2,"transcription coregulator binding","MF"
"GO:0001658","GO:0001658","2/304","15/9332",0.133333333333333,4.09298245614035,2.19983521381285,0.0840371108511431,0.219724234416843,0.158983106435876,"Hhon-g09380.t1/Hhon-g07787.t1",2,"branching involved in ureteric bud morphogenesis","BP"
"GO:0001752","GO:0001752","2/304","15/9332",0.133333333333333,4.09298245614035,2.19983521381285,0.0840371108511431,0.219724234416843,0.158983106435876,"Hhon-g09710.t1/Hhon-g00092.t1",2,"compound eye photoreceptor fate commitment","BP"
"GO:0001906","GO:0001906","2/304","15/9332",0.133333333333333,4.09298245614035,2.19983521381285,0.0840371108511431,0.219724234416843,0.158983106435876,"Hhon-g07437.t1/Hhon-g08170.t1",2,"cell killing","BP"
"GO:0007593","GO:0007593","2/304","15/9332",0.133333333333333,4.09298245614035,2.19983521381285,0.0840371108511431,0.219724234416843,0.158983106435876,"Hhon-g09899.t1/Hhon-g04925.t1",2,"chitin-based cuticle sclerotization","BP"
"GO:0033198","GO:0033198","2/304","15/9332",0.133333333333333,4.09298245614035,2.19983521381285,0.0840371108511431,0.219724234416843,0.158983106435876,"Hhon-g01193.t1/Hhon-g04888.t1",2,"response to ATP","BP"
"GO:0042589","GO:0042589","2/304","15/9332",0.133333333333333,4.09298245614035,2.19983521381285,0.0840371108511431,0.219724234416843,0.158983106435876,"Hhon-g00658.t1/Hhon-g02688.t1",2,"zymogen granule membrane","CC"
"GO:0042706","GO:0042706","2/304","15/9332",0.133333333333333,4.09298245614035,2.19983521381285,0.0840371108511431,0.219724234416843,0.158983106435876,"Hhon-g09710.t1/Hhon-g00092.t1",2,"eye photoreceptor cell fate commitment","BP"
"GO:0045570","GO:0045570","2/304","15/9332",0.133333333333333,4.09298245614035,2.19983521381285,0.0840371108511431,0.219724234416843,0.158983106435876,"Hhon-g04925.t1/Hhon-g00352.t1",2,"regulation of imaginal disc growth","BP"
"GO:0046068","GO:0046068","2/304","15/9332",0.133333333333333,4.09298245614035,2.19983521381285,0.0840371108511431,0.219724234416843,0.158983106435876,"Hhon-g08502.t1/Hhon-g09024.t1",2,"cGMP metabolic process","BP"
"GO:0046552","GO:0046552","2/304","15/9332",0.133333333333333,4.09298245614035,2.19983521381285,0.0840371108511431,0.219724234416843,0.158983106435876,"Hhon-g09710.t1/Hhon-g00092.t1",2,"photoreceptor cell fate commitment","BP"
"GO:0048085","GO:0048085","2/304","15/9332",0.133333333333333,4.09298245614035,2.19983521381285,0.0840371108511431,0.219724234416843,0.158983106435876,"Hhon-g09899.t1/Hhon-g04925.t1",2,"adult chitin-containing cuticle pigmentation","BP"
"GO:0050857","GO:0050857","2/304","15/9332",0.133333333333333,4.09298245614035,2.19983521381285,0.0840371108511431,0.219724234416843,0.158983106435876,"Hhon-g04801.t1/Hhon-g10573.t1",2,"positive regulation of antigen receptor-mediated signaling pathway","BP"
"GO:0051154","GO:0051154","2/304","15/9332",0.133333333333333,4.09298245614035,2.19983521381285,0.0840371108511431,0.219724234416843,0.158983106435876,"Hhon-g03531.t1/Hhon-g02931.t1",2,"negative regulation of striated muscle cell differentiation","BP"
"GO:0060216","GO:0060216","2/304","15/9332",0.133333333333333,4.09298245614035,2.19983521381285,0.0840371108511431,0.219724234416843,0.158983106435876,"Hhon-g10567.t1/Hhon-g06160.t1",2,"definitive hemopoiesis","BP"
"GO:0060674","GO:0060674","2/304","15/9332",0.133333333333333,4.09298245614035,2.19983521381285,0.0840371108511431,0.219724234416843,0.158983106435876,"Hhon-g06571.t1/Hhon-g02688.t1",2,"placenta blood vessel development","BP"
"GO:0070828","GO:0070828","2/304","15/9332",0.133333333333333,4.09298245614035,2.19983521381285,0.0840371108511431,0.219724234416843,0.158983106435876,"Hhon-g09981.t1/Hhon-g00521.t1",2,"heterochromatin organization","BP"
"GO:0090079","GO:0090079","2/304","15/9332",0.133333333333333,4.09298245614035,2.19983521381285,0.0840371108511431,0.219724234416843,0.158983106435876,"Hhon-g09400.t1/Hhon-g02232.t1",2,"translation regulator activity, nucleic acid binding","MF"
"GO:0097061","GO:0097061","2/304","15/9332",0.133333333333333,4.09298245614035,2.19983521381285,0.0840371108511431,0.219724234416843,0.158983106435876,"Hhon-g02931.t1/Hhon-g01922.t1",2,"dendritic spine organization","BP"
"GO:0098900","GO:0098900","2/304","15/9332",0.133333333333333,4.09298245614035,2.19983521381285,0.0840371108511431,0.219724234416843,0.158983106435876,"Hhon-g03542.t1/Hhon-g07625.t1",2,"regulation of action potential","BP"
"GO:1905208","GO:1905208","2/304","15/9332",0.133333333333333,4.09298245614035,2.19983521381285,0.0840371108511431,0.219724234416843,0.158983106435876,"Hhon-g03531.t1/Hhon-g02931.t1",2,"negative regulation of cardiocyte differentiation","BP"
"GO:2000171","GO:2000171","2/304","15/9332",0.133333333333333,4.09298245614035,2.19983521381285,0.0840371108511431,0.219724234416843,0.158983106435876,"Hhon-g05193.t1/Hhon-g00226.t1",2,"negative regulation of dendrite development","BP"
"GO:1901215","GO:1901215","7/304","116/9332",0.0603448275862069,1.85242740471869,1.69519739491897,0.0842320614075639,0.220095354917688,0.159251633438566,"Hhon-g03907.t1/Hhon-g04801.t1/Hhon-g06571.t1/Hhon-g00226.t1/Hhon-g07460.t1/Hhon-g00092.t1/Hhon-g07993.t1",7,NA,NA
"GO:0071417","GO:0071417","13/304","261/9332",0.0498084291187739,1.52898769913289,1.59053545589612,0.084577721640673,0.220228497339222,0.159347969629383,"Hhon-g00124.t1/Hhon-g01603.t1/Hhon-g09981.t1/Hhon-g06571.t1/Hhon-g07787.t1/Hhon-g05648.t1/Hhon-g05654.t1/Hhon-g00226.t1/Hhon-g07578.t1/Hhon-g02931.t1/Hhon-g01193.t1/Hhon-g04888.t1/Hhon-g03381.t1",13,NA,NA
"GO:0007595","GO:0007595","3/304","32/9332",0.09375,2.87787828947368,1.95256754897559,0.0848664729630914,0.220228497339222,0.159347969629383,"Hhon-g02425.t1/Hhon-g07162.t1/Hhon-g07164.t1",3,"lactation","BP"
"GO:0010717","GO:0010717","3/304","32/9332",0.09375,2.87787828947368,1.95256754897559,0.0848664729630914,0.220228497339222,0.159347969629383,"Hhon-g03907.t1/Hhon-g07787.t1/Hhon-g00226.t1",3,"regulation of epithelial to mesenchymal transition","BP"
"GO:0030295","GO:0030295","3/304","32/9332",0.09375,2.87787828947368,1.95256754897559,0.0848664729630914,0.220228497339222,0.159347969629383,"Hhon-g02931.t1/Hhon-g03387.t1/Hhon-g00422.t1",3,"protein kinase activator activity","MF"
"GO:0031338","GO:0031338","3/304","32/9332",0.09375,2.87787828947368,1.95256754897559,0.0848664729630914,0.220228497339222,0.159347969629383,"Hhon-g02085.t1/Hhon-g06571.t1/Hhon-g07281.t1",3,"regulation of vesicle fusion","BP"
"GO:0032413","GO:0032413","3/304","32/9332",0.09375,2.87787828947368,1.95256754897559,0.0848664729630914,0.220228497339222,0.159347969629383,"Hhon-g04801.t1/Hhon-g10573.t1/Hhon-g08386.t1",3,"negative regulation of ion transmembrane transporter activity","BP"
"GO:0035222","GO:0035222","3/304","32/9332",0.09375,2.87787828947368,1.95256754897559,0.0848664729630914,0.220228497339222,0.159347969629383,"Hhon-g05322.t1/Hhon-g11664.t1/Hhon-g04925.t1",3,"wing disc pattern formation","BP"
"GO:0043535","GO:0043535","3/304","32/9332",0.09375,2.87787828947368,1.95256754897559,0.0848664729630914,0.220228497339222,0.159347969629383,"Hhon-g04801.t1/Hhon-g06571.t1/Hhon-g07409.t1",3,"regulation of blood vessel endothelial cell migration","BP"
"GO:0043666","GO:0043666","3/304","32/9332",0.09375,2.87787828947368,1.95256754897559,0.0848664729630914,0.220228497339222,0.159347969629383,"Hhon-g01324.t1/Hhon-g04888.t1/Hhon-g07501.t1",3,NA,NA
"GO:0071772","GO:0071772","3/304","32/9332",0.09375,2.87787828947368,1.95256754897559,0.0848664729630914,0.220228497339222,0.159347969629383,"Hhon-g07787.t1/Hhon-g03869.t1/Hhon-g04459.t1",3,"response to BMP","BP"
"GO:0071773","GO:0071773","3/304","32/9332",0.09375,2.87787828947368,1.95256754897559,0.0848664729630914,0.220228497339222,0.159347969629383,"Hhon-g07787.t1/Hhon-g03869.t1/Hhon-g04459.t1",3,"cellular response to BMP stimulus","BP"
"GO:0060348","GO:0060348","5/304","72/9332",0.0694444444444444,2.13176169590643,1.76897158742999,0.0850479843067444,0.220561668233356,0.159589037911469,"Hhon-g00902.t1/Hhon-g00903.t1/Hhon-g00914.t1/Hhon-g07787.t1/Hhon-g10567.t1",5,"bone development","BP"
"GO:0048167","GO:0048167","6/304","94/9332",0.0638297872340425,1.95940649496081,1.71546836398936,0.0858977245051312,0.222626312200565,0.161082926432515,"Hhon-g03542.t1/Hhon-g02085.t1/Hhon-g03364.t1/Hhon-g06571.t1/Hhon-g02425.t1/Hhon-g02931.t1",6,"regulation of synaptic plasticity","BP"
"GO:0008340","GO:0008340","10/304","188/9332",0.0531914893617021,1.63283874580067,1.60845527156712,0.0871282063418665,0.225674555665271,0.16328850569635,"Hhon-g09710.t1/Hhon-g06571.t1/Hhon-g00226.t1/Hhon-g04016.t1/Hhon-g09672.t1/Hhon-g07501.t1/Hhon-g10934.t1/Hhon-g09696.t1/Hhon-g08771.t1/Hhon-g08553.t1",10,"determination of adult lifespan","BP"
"GO:0030099","GO:0030099","7/304","117/9332",0.0598290598290598,1.83659469185785,1.67095778136872,0.0872370271707409,0.225674851596833,0.163288719819836,"Hhon-g10567.t1/Hhon-g03304.t1/Hhon-g05246.t1/Hhon-g09672.t1/Hhon-g07409.t1/Hhon-g06160.t1/Hhon-g00092.t1",7,"myeloid cell differentiation","BP"
"GO:0030879","GO:0030879","7/304","117/9332",0.0598290598290598,1.83659469185785,1.67095778136872,0.0872370271707409,0.225674851596833,0.163288719819836,"Hhon-g09266.t1/Hhon-g06571.t1/Hhon-g07787.t1/Hhon-g02425.t1/Hhon-g03264.t1/Hhon-g07162.t1/Hhon-g07164.t1",7,"mammary gland development","BP"
"GO:0032984","GO:0032984","9/304","164/9332",0.0548780487804878,1.68461168164313,1.62305799517555,0.0874327365533041,0.226040300229962,0.163553142900393,"Hhon-g05648.t1/Hhon-g05654.t1/Hhon-g02357.t1/Hhon-g09899.t1/Hhon-g01983.t1/Hhon-g05253.t1/Hhon-g11373.t1/Hhon-g01922.t1/Hhon-g02383.t1",9,"protein-containing complex disassembly","BP"
"GO:0006886","GO:0006886","22/304","497/9332",0.0442655935613682,1.3588372339299,1.50861189973065,0.0881001591798152,0.227624057818664,0.164699082500372,"Hhon-g00124.t1/Hhon-g05981.t1/Hhon-g09710.t1/Hhon-g06571.t1/Hhon-g01324.t1/Hhon-g09110.t1/Hhon-g00590.t1/Hhon-g04888.t1/Hhon-g07501.t1/Hhon-g09076.t1/Hhon-g10981.t1/Hhon-g00665.t1/Hhon-g00658.t1/Hhon-g08835.t1/Hhon-g08836.t1/Hhon-g03112.t1/Hhon-g02688.t1/Hhon-g08771.t1/Hhon-g09132.t1/Hhon-g03110.t1/Hhon-g06173.t1/Hhon-g03387.t1",22,"intracellular protein transport","BP"
"GO:0045773","GO:0045773","4/304","52/9332",0.0769230769230769,2.36133603238866,1.80633432523496,0.0884868759242915,0.228339035946338,0.16521641025019,"Hhon-g11170.t1/Hhon-g02425.t1/Hhon-g02931.t1/Hhon-g01922.t1",4,"positive regulation of axon extension","BP"
"GO:0051293","GO:0051293","4/304","52/9332",0.0769230769230769,2.36133603238866,1.80633432523496,0.0884868759242915,0.228339035946338,0.16521641025019,"Hhon-g03432.t1/Hhon-g09811.t1/Hhon-g01922.t1/Hhon-g00901.t1",4,"establishment of spindle localization","BP"
"GO:0072657","GO:0072657","12/304","238/9332",0.0504201680672269,1.54776647501106,1.57076625788885,0.0886750760756492,0.228682556438569,0.165464967061068,"Hhon-g03542.t1/Hhon-g00124.t1/Hhon-g00305.t1/Hhon-g03181.t1/Hhon-g03432.t1/Hhon-g06571.t1/Hhon-g02425.t1/Hhon-g02931.t1/Hhon-g01922.t1/Hhon-g03112.t1/Hhon-g02688.t1/Hhon-g07418.t1",12,"protein localization to membrane","BP"
"GO:0045089","GO:0045089","5/304","73/9332",0.0684931506849315,2.10255948089402,1.73534779150572,0.0890031997791394,0.229243973624682,0.165871184647815,"Hhon-g10573.t1/Hhon-g04016.t1/Hhon-g02931.t1/Hhon-g04888.t1/Hhon-g10909.t1",5,"positive regulation of innate immune response","BP"
"GO:1903531","GO:1903531","5/304","73/9332",0.0684931506849315,2.10255948089402,1.73534779150572,0.0890031997791394,0.229243973624682,0.165871184647815,"Hhon-g03542.t1/Hhon-g06571.t1/Hhon-g02425.t1/Hhon-g00226.t1/Hhon-g07281.t1",5,"negative regulation of secretion by cell","BP"
"GO:0005815","GO:0005815","18/304","392/9332",0.0459183673469388,1.40957303974221,1.52023506936328,0.0891528359897683,0.229487027296663,0.166047047942571,"Hhon-g07437.t1/Hhon-g08170.t1/Hhon-g04801.t1/Hhon-g06571.t1/Hhon-g01323.t1/Hhon-g01363.t1/Hhon-g08202.t1/Hhon-g01523.t1/Hhon-g07409.t1/Hhon-g01983.t1/Hhon-g05253.t1/Hhon-g06183.t1/Hhon-g06667.t1/Hhon-g09963.t1/Hhon-g00901.t1/Hhon-g03390.t1/Hhon-g07207.t1/Hhon-g02237.t1",18,"microtubule organizing center","CC"
"GO:0001701","GO:0001701","10/304","189/9332",0.0529100529100529,1.62419938735728,1.5907978362224,0.0894919449313672,0.230217196626417,0.166575367399806,"Hhon-g00684.t1/Hhon-g01603.t1/Hhon-g06571.t1/Hhon-g07787.t1/Hhon-g04016.t1/Hhon-g08835.t1/Hhon-g08836.t1/Hhon-g02688.t1/Hhon-g11231.t1/Hhon-g07993.t1",10,"in utero embryonic development","BP"
"GO:0032103","GO:0032103","7/304","118/9332",0.0593220338983051,1.82103033006244,1.6469530237131,0.0903023381424658,0.232014423247226,0.167875764107997,"Hhon-g11170.t1/Hhon-g04801.t1/Hhon-g06571.t1/Hhon-g10573.t1/Hhon-g04500.t1/Hhon-g09024.t1/Hhon-g01922.t1",7,"positive regulation of response to external stimulus","BP"
"GO:0051056","GO:0051056","7/304","118/9332",0.0593220338983051,1.82103033006244,1.6469530237131,0.0903023381424658,0.232014423247226,0.167875764107997,"Hhon-g09317.t1/Hhon-g05193.t1/Hhon-g02425.t1/Hhon-g06894.t1/Hhon-g07281.t1/Hhon-g09899.t1/Hhon-g03264.t1",7,"regulation of small GTPase mediated signal transduction","BP"
"GO:0006879","GO:0006879","3/304","33/9332",0.0909090909090909,2.79066985645933,1.89086045975707,0.0912057154872729,0.233324787863929,0.168823888186709,"Hhon-g04888.t1/Hhon-g00901.t1/Hhon-g08386.t1",3,"intracellular iron ion homeostasis","BP"
"GO:0007435","GO:0007435","3/304","33/9332",0.0909090909090909,2.79066985645933,1.89086045975707,0.0912057154872729,0.233324787863929,0.168823888186709,"Hhon-g09266.t1/Hhon-g02931.t1/Hhon-g01922.t1",3,"salivary gland morphogenesis","BP"
"GO:0010771","GO:0010771","3/304","33/9332",0.0909090909090909,2.79066985645933,1.89086045975707,0.0912057154872729,0.233324787863929,0.168823888186709,"Hhon-g00226.t1/Hhon-g09899.t1/Hhon-g06667.t1",3,"negative regulation of cell morphogenesis","BP"
"GO:0043022","GO:0043022","3/304","33/9332",0.0909090909090909,2.79066985645933,1.89086045975707,0.0912057154872729,0.233324787863929,0.168823888186709,"Hhon-g09400.t1/Hhon-g02232.t1/Hhon-g06173.t1",3,"ribosome binding","MF"
"GO:0045806","GO:0045806","3/304","33/9332",0.0909090909090909,2.79066985645933,1.89086045975707,0.0912057154872729,0.233324787863929,0.168823888186709,"Hhon-g05193.t1/Hhon-g02357.t1/Hhon-g06667.t1",3,"negative regulation of endocytosis","BP"
"GO:0072595","GO:0072595","3/304","33/9332",0.0909090909090909,2.79066985645933,1.89086045975707,0.0912057154872729,0.233324787863929,0.168823888186709,"Hhon-g06571.t1/Hhon-g03531.t1/Hhon-g00901.t1",3,"maintenance of protein localization in organelle","BP"
"GO:0098930","GO:0098930","3/304","33/9332",0.0909090909090909,2.79066985645933,1.89086045975707,0.0912057154872729,0.233324787863929,0.168823888186709,"Hhon-g06183.t1/Hhon-g08771.t1/Hhon-g02474.t1",3,"axonal transport","BP"
"GO:0022804","GO:0022804","9/304","166/9332",0.0542168674698795,1.66431515535828,1.58468661327881,0.0925790006257763,0.234517063045971,0.169686567775378,"Hhon-g00543.t1/Hhon-g00544.t1/Hhon-g02482.t1/Hhon-g02483.t1/Hhon-g06340.t1/Hhon-g06341.t1/Hhon-g06342.t1/Hhon-g09765.t1/Hhon-g09766.t1",9,"active transmembrane transporter activity","MF"
"GO:0022406","GO:0022406","6/304","96/9332",0.0625,1.91858552631579,1.66003927776247,0.0928224933155748,0.234517063045971,0.169686567775378,"Hhon-g03542.t1/Hhon-g00124.t1/Hhon-g00305.t1/Hhon-g01523.t1/Hhon-g06937.t1/Hhon-g03110.t1",6,"membrane docking","BP"
"GO:0002757","GO:0002757","5/304","74/9332",0.0675675675675676,2.07414651493599,1.70226004913519,0.0930525733399742,0.234517063045971,0.169686567775378,"Hhon-g04801.t1/Hhon-g10573.t1/Hhon-g02931.t1/Hhon-g04888.t1/Hhon-g05967.t1",5,"immune response-activating signaling pathway","BP"
"GO:0048839","GO:0048839","5/304","74/9332",0.0675675675675676,2.07414651493599,1.70226004913519,0.0930525733399742,0.234517063045971,0.169686567775378,"Hhon-g00902.t1/Hhon-g00903.t1/Hhon-g00914.t1/Hhon-g07787.t1/Hhon-g01922.t1",5,"inner ear development","BP"
"GO:0001890","GO:0001890","4/304","53/9332",0.0754716981132075,2.31678252234359,1.76403221603836,0.0933867401763227,0.234517063045971,0.169686567775378,"Hhon-g00684.t1/Hhon-g01603.t1/Hhon-g06571.t1/Hhon-g02688.t1",4,"placenta development","BP"
"GO:0006903","GO:0006903","4/304","53/9332",0.0754716981132075,2.31678252234359,1.76403221603836,0.0933867401763227,0.234517063045971,0.169686567775378,"Hhon-g01523.t1/Hhon-g03112.t1/Hhon-g02688.t1/Hhon-g05970.t1",4,"vesicle targeting","BP"
"GO:0010594","GO:0010594","4/304","53/9332",0.0754716981132075,2.31678252234359,1.76403221603836,0.0933867401763227,0.234517063045971,0.169686567775378,"Hhon-g04801.t1/Hhon-g06571.t1/Hhon-g04500.t1/Hhon-g07409.t1",4,"regulation of endothelial cell migration","BP"
"GO:0032874","GO:0032874","4/304","53/9332",0.0754716981132075,2.31678252234359,1.76403221603836,0.0933867401763227,0.234517063045971,0.169686567775378,"Hhon-g09357.t1/Hhon-g02931.t1/Hhon-g01922.t1/Hhon-g03688.t1",4,"positive regulation of stress-activated MAPK cascade","BP"
"GO:0034763","GO:0034763","4/304","53/9332",0.0754716981132075,2.31678252234359,1.76403221603836,0.0933867401763227,0.234517063045971,0.169686567775378,"Hhon-g04801.t1/Hhon-g06571.t1/Hhon-g10573.t1/Hhon-g08386.t1",4,"negative regulation of transmembrane transport","BP"
"GO:0051303","GO:0051303","4/304","53/9332",0.0754716981132075,2.31678252234359,1.76403221603836,0.0933867401763227,0.234517063045971,0.169686567775378,"Hhon-g01323.t1/Hhon-g01363.t1/Hhon-g01983.t1/Hhon-g05253.t1",4,"establishment of chromosome localization","BP"
"GO:1900076","GO:1900076","4/304","53/9332",0.0754716981132075,2.31678252234359,1.76403221603836,0.0933867401763227,0.234517063045971,0.169686567775378,"Hhon-g04801.t1/Hhon-g06571.t1/Hhon-g02931.t1/Hhon-g00901.t1",4,"regulation of cellular response to insulin stimulus","BP"
"GO:0016874","GO:0016874","7/304","119/9332",0.0588235294117647,1.80572755417957,1.62317846530373,0.0934277631520735,0.234517063045971,0.169686567775378,"Hhon-g08813.t1/Hhon-g08814.t1/Hhon-g00572.t1/Hhon-g09696.t1/Hhon-g11345.t1/Hhon-g07660.t1/Hhon-g10129.t1",7,"ligase activity","MF"
"GO:0034504","GO:0034504","7/304","119/9332",0.0588235294117647,1.80572755417957,1.62317846530373,0.0934277631520735,0.234517063045971,0.169686567775378,"Hhon-g09710.t1/Hhon-g06571.t1/Hhon-g07787.t1/Hhon-g03531.t1/Hhon-g00590.t1/Hhon-g01922.t1/Hhon-g00901.t1",7,"protein localization to nucleus","BP"
"GO:0045995","GO:0045995","7/304","119/9332",0.0588235294117647,1.80572755417957,1.62317846530373,0.0934277631520735,0.234517063045971,0.169686567775378,"Hhon-g09981.t1/Hhon-g10494.t1/Hhon-g09380.t1/Hhon-g09266.t1/Hhon-g07787.t1/Hhon-g01922.t1/Hhon-g00665.t1",7,"regulation of embryonic development","BP"
"GO:0002474","GO:0002474","2/304","16/9332",0.125,3.83717105263158,2.08418316159172,0.0940440534613541,0.234517063045971,0.169686567775378,"Hhon-g03112.t1/Hhon-g05970.t1",2,"antigen processing and presentation of peptide antigen via MHC class I","BP"
"GO:0003229","GO:0003229","2/304","16/9332",0.125,3.83717105263158,2.08418316159172,0.0940440534613541,0.234517063045971,0.169686567775378,"Hhon-g01603.t1/Hhon-g03907.t1",2,"ventricular cardiac muscle tissue development","BP"
"GO:0010523","GO:0010523","2/304","16/9332",0.125,3.83717105263158,2.08418316159172,0.0940440534613541,0.234517063045971,0.169686567775378,"Hhon-g10573.t1/Hhon-g08386.t1",2,"negative regulation of calcium ion transport into cytosol","BP"
"GO:0019432","GO:0019432","2/304","16/9332",0.125,3.83717105263158,2.08418316159172,0.0940440534613541,0.234517063045971,0.169686567775378,"Hhon-g07162.t1/Hhon-g07164.t1",2,"triglyceride biosynthetic process","BP"
"GO:0030901","GO:0030901","2/304","16/9332",0.125,3.83717105263158,2.08418316159172,0.0940440534613541,0.234517063045971,0.169686567775378,"Hhon-g05189.t1/Hhon-g01922.t1",2,"midbrain development","BP"
"GO:0031050","GO:0031050","2/304","16/9332",0.125,3.83717105263158,2.08418316159172,0.0940440534613541,0.234517063045971,0.169686567775378,"Hhon-g04459.t1/Hhon-g02712.t1",2,NA,NA
"GO:0031435","GO:0031435","2/304","16/9332",0.125,3.83717105263158,2.08418316159172,0.0940440534613541,0.234517063045971,0.169686567775378,"Hhon-g03387.t1/Hhon-g00422.t1",2,"mitogen-activated protein kinase kinase kinase binding","MF"
"GO:0033627","GO:0033627","2/304","16/9332",0.125,3.83717105263158,2.08418316159172,0.0940440534613541,0.234517063045971,0.169686567775378,"Hhon-g04657.t1/Hhon-g05967.t1",2,"cell adhesion mediated by integrin","BP"
"GO:0035196","GO:0035196","2/304","16/9332",0.125,3.83717105263158,2.08418316159172,0.0940440534613541,0.234517063045971,0.169686567775378,"Hhon-g04459.t1/Hhon-g02712.t1",2,"miRNA processing","BP"
"GO:0035909","GO:0035909","2/304","16/9332",0.125,3.83717105263158,2.08418316159172,0.0940440534613541,0.234517063045971,0.169686567775378,"Hhon-g00241.t1/Hhon-g05246.t1",2,"aorta morphogenesis","BP"
"GO:0042588","GO:0042588","2/304","16/9332",0.125,3.83717105263158,2.08418316159172,0.0940440534613541,0.234517063045971,0.169686567775378,"Hhon-g00658.t1/Hhon-g02688.t1",2,"zymogen granule","CC"
"GO:0045505","GO:0045505","2/304","16/9332",0.125,3.83717105263158,2.08418316159172,0.0940440534613541,0.234517063045971,0.169686567775378,"Hhon-g00178.t1/Hhon-g07359.t1",2,"dynein intermediate chain binding","MF"
"GO:0045956","GO:0045956","2/304","16/9332",0.125,3.83717105263158,2.08418316159172,0.0940440534613541,0.234517063045971,0.169686567775378,"Hhon-g03542.t1/Hhon-g03364.t1",2,"positive regulation of calcium ion-dependent exocytosis","BP"
"GO:0046460","GO:0046460","2/304","16/9332",0.125,3.83717105263158,2.08418316159172,0.0940440534613541,0.234517063045971,0.169686567775378,"Hhon-g07162.t1/Hhon-g07164.t1",2,"neutral lipid biosynthetic process","BP"
"GO:0046463","GO:0046463","2/304","16/9332",0.125,3.83717105263158,2.08418316159172,0.0940440534613541,0.234517063045971,0.169686567775378,"Hhon-g07162.t1/Hhon-g07164.t1",2,"acylglycerol biosynthetic process","BP"
"GO:0048859","GO:0048859","2/304","16/9332",0.125,3.83717105263158,2.08418316159172,0.0940440534613541,0.234517063045971,0.169686567775378,"Hhon-g11664.t1/Hhon-g04925.t1",2,"formation of anatomical boundary","BP"
"GO:0050729","GO:0050729","2/304","16/9332",0.125,3.83717105263158,2.08418316159172,0.0940440534613541,0.234517063045971,0.169686567775378,"Hhon-g04801.t1/Hhon-g09024.t1",2,"positive regulation of inflammatory response","BP"
"GO:0050996","GO:0050996","2/304","16/9332",0.125,3.83717105263158,2.08418316159172,0.0940440534613541,0.234517063045971,0.169686567775378,"Hhon-g06571.t1/Hhon-g10573.t1",2,"positive regulation of lipid catabolic process","BP"
"GO:0055010","GO:0055010","2/304","16/9332",0.125,3.83717105263158,2.08418316159172,0.0940440534613541,0.234517063045971,0.169686567775378,"Hhon-g01603.t1/Hhon-g03907.t1",2,"ventricular cardiac muscle tissue morphogenesis","BP"
"GO:0060043","GO:0060043","2/304","16/9332",0.125,3.83717105263158,2.08418316159172,0.0940440534613541,0.234517063045971,0.169686567775378,"Hhon-g10567.t1/Hhon-g00226.t1",2,"regulation of cardiac muscle cell proliferation","BP"
"GO:0060251","GO:0060251","2/304","16/9332",0.125,3.83717105263158,2.08418316159172,0.0940440534613541,0.234517063045971,0.169686567775378,"Hhon-g00684.t1/Hhon-g10573.t1",2,"regulation of glial cell proliferation","BP"
"GO:0060438","GO:0060438","2/304","16/9332",0.125,3.83717105263158,2.08418316159172,0.0940440534613541,0.234517063045971,0.169686567775378,"Hhon-g09710.t1/Hhon-g07787.t1",2,"trachea development","BP"
"GO:0060711","GO:0060711","2/304","16/9332",0.125,3.83717105263158,2.08418316159172,0.0940440534613541,0.234517063045971,0.169686567775378,"Hhon-g06571.t1/Hhon-g02688.t1",2,"labyrinthine layer development","BP"
"GO:0070918","GO:0070918","2/304","16/9332",0.125,3.83717105263158,2.08418316159172,0.0940440534613541,0.234517063045971,0.169686567775378,"Hhon-g04459.t1/Hhon-g02712.t1",2,"regulatory ncRNA processing","BP"
"GO:0071889","GO:0071889","2/304","16/9332",0.125,3.83717105263158,2.08418316159172,0.0940440534613541,0.234517063045971,0.169686567775378,"Hhon-g06571.t1/Hhon-g10573.t1",2,"14-3-3 protein binding","MF"
"GO:1903959","GO:1903959","2/304","16/9332",0.125,3.83717105263158,2.08418316159172,0.0940440534613541,0.234517063045971,0.169686567775378,"Hhon-g04801.t1/Hhon-g06571.t1",2,"regulation of monoatomic anion transmembrane transport","BP"
"GO:1903998","GO:1903998","2/304","16/9332",0.125,3.83717105263158,2.08418316159172,0.0940440534613541,0.234517063045971,0.169686567775378,"Hhon-g02085.t1/Hhon-g06667.t1",2,"regulation of eating behavior","BP"
"GO:1904705","GO:1904705","2/304","16/9332",0.125,3.83717105263158,2.08418316159172,0.0940440534613541,0.234517063045971,0.169686567775378,"Hhon-g02931.t1/Hhon-g00092.t1",2,"regulation of vascular associated smooth muscle cell proliferation","BP"
"GO:0051272","GO:0051272","10/304","191/9332",0.0523560209424084,1.60719206392946,1.55579018421844,0.0943345304227348,0.235100222278028,0.170108516981415,"Hhon-g11170.t1/Hhon-g04801.t1/Hhon-g06571.t1/Hhon-g10573.t1/Hhon-g07787.t1/Hhon-g04500.t1/Hhon-g02931.t1/Hhon-g07409.t1/Hhon-g01922.t1/Hhon-g00092.t1",10,NA,NA
"GO:0071695","GO:0071695","8/304","143/9332",0.0559440559440559,1.71733529628266,1.58621190470575,0.0950941902618115,0.23685127652492,0.171375505324541,"Hhon-g00684.t1/Hhon-g01603.t1/Hhon-g11170.t1/Hhon-g04244.t1/Hhon-g04246.t1/Hhon-g07162.t1/Hhon-g07164.t1/Hhon-g00901.t1",8,"anatomical structure maturation","BP"
"GO:0015931","GO:0015931","9/304","167/9332",0.0538922155688623,1.65434919634415,1.5656932728777,0.0952176362781863,0.237016562246421,0.17149509903947,"Hhon-g01323.t1/Hhon-g01363.t1/Hhon-g09110.t1/Hhon-g09899.t1/Hhon-g06183.t1/Hhon-g00665.t1/Hhon-g08835.t1/Hhon-g08836.t1/Hhon-g06173.t1",9,"nucleobase-containing compound transport","BP"
"GO:0022900","GO:0022900","7/304","120/9332",0.0583333333333333,1.7906798245614,1.59962958188428,0.0966130356334304,0.240201990389223,0.173799939298967,"Hhon-g00226.t1/Hhon-g08502.t1/Hhon-g06340.t1/Hhon-g06341.t1/Hhon-g06342.t1/Hhon-g09765.t1/Hhon-g09766.t1",7,"electron transport chain","BP"
"GO:0046890","GO:0046890","7/304","120/9332",0.0583333333333333,1.7906798245614,1.59962958188428,0.0966130356334304,0.240201990389223,0.173799939298967,"Hhon-g09981.t1/Hhon-g06571.t1/Hhon-g05193.t1/Hhon-g04500.t1/Hhon-g08401.t1/Hhon-g06163.t1/Hhon-g06173.t1",7,"regulation of lipid biosynthetic process","BP"
"GO:0005261","GO:0005261","5/304","75/9332",0.0666666666666667,2.04649122807018,1.66969137388884,0.0971950863667501,0.241071683748355,0.174429212406907,"Hhon-g03542.t1/Hhon-g07625.t1/Hhon-g05648.t1/Hhon-g05654.t1/Hhon-g01259.t1",5,"monoatomic cation channel activity","MF"
"GO:0022612","GO:0022612","5/304","75/9332",0.0666666666666667,2.04649122807018,1.66969137388884,0.0971950863667501,0.241071683748355,0.174429212406907,"Hhon-g09266.t1/Hhon-g07787.t1/Hhon-g02931.t1/Hhon-g03264.t1/Hhon-g01922.t1",5,"gland morphogenesis","BP"
"GO:0043524","GO:0043524","5/304","75/9332",0.0666666666666667,2.04649122807018,1.66969137388884,0.0971950863667501,0.241071683748355,0.174429212406907,"Hhon-g03907.t1/Hhon-g04801.t1/Hhon-g00226.t1/Hhon-g00092.t1/Hhon-g07993.t1",5,"negative regulation of neuron apoptotic process","BP"
"GO:0050806","GO:0050806","5/304","75/9332",0.0666666666666667,2.04649122807018,1.66969137388884,0.0971950863667501,0.241071683748355,0.174429212406907,"Hhon-g10573.t1/Hhon-g01259.t1/Hhon-g02425.t1/Hhon-g01922.t1/Hhon-g09428.t1",5,"positive regulation of synaptic transmission","BP"
"GO:0045177","GO:0045177","11/304","217/9332",0.0506912442396313,1.55608780014553,1.52089772078283,0.0974164787340552,0.241476549076894,0.174722155731025,"Hhon-g07625.t1/Hhon-g00543.t1/Hhon-g00544.t1/Hhon-g03432.t1/Hhon-g04801.t1/Hhon-g05193.t1/Hhon-g02482.t1/Hhon-g02483.t1/Hhon-g07409.t1/Hhon-g01922.t1/Hhon-g05897.t1",11,"apical part of cell","CC"
"GO:0008023","GO:0008023","3/304","34/9332",0.0882352941176471,2.70859133126935,1.83142018942514,0.0977355075900496,0.241546325901123,0.174772643271931,"Hhon-g08787.t1/Hhon-g10239.t1/Hhon-g00082.t1",3,"transcription elongation factor complex","CC"
"GO:0016605","GO:0016605","3/304","34/9332",0.0882352941176471,2.70859133126935,1.83142018942514,0.0977355075900496,0.241546325901123,0.174772643271931,"Hhon-g05246.t1/Hhon-g08787.t1/Hhon-g02469.t1",3,"PML body","CC"
"GO:0043044","GO:0043044","3/304","34/9332",0.0882352941176471,2.70859133126935,1.83142018942514,0.0977355075900496,0.241546325901123,0.174772643271931,"Hhon-g06127.t1/Hhon-g00521.t1/Hhon-g07536.t1",3,NA,NA
"GO:0050688","GO:0050688","3/304","34/9332",0.0882352941176471,2.70859133126935,1.83142018942514,0.0977355075900496,0.241546325901123,0.174772643271931,"Hhon-g04016.t1/Hhon-g04459.t1/Hhon-g08787.t1",3,"regulation of defense response to virus","BP"
"GO:0061178","GO:0061178","3/304","34/9332",0.0882352941176471,2.70859133126935,1.83142018942514,0.0977355075900496,0.241546325901123,0.174772643271931,"Hhon-g10573.t1/Hhon-g04829.t1/Hhon-g08386.t1",3,"regulation of insulin secretion involved in cellular response to glucose stimulus","BP"
"GO:0001817","GO:0001817","8/304","144/9332",0.0555555555555556,1.70540935672515,1.56537026551379,0.0980096014649048,0.242079634314268,0.175158522546629,"Hhon-g03907.t1/Hhon-g04500.t1/Hhon-g09473.t1/Hhon-g00226.t1/Hhon-g03531.t1/Hhon-g08814.t1/Hhon-g05897.t1/Hhon-g10909.t1",8,"regulation of cytokine production","BP"
"GO:0003231","GO:0003231","4/304","54/9332",0.0740740740740741,2.27387914230019,1.72267374177486,0.0984126733572828,0.24221068155272,0.17525334275212,"Hhon-g01603.t1/Hhon-g03907.t1/Hhon-g00241.t1/Hhon-g03264.t1",4,"cardiac ventricle development","BP"
"GO:0005516","GO:0005516","4/304","54/9332",0.0740740740740741,2.27387914230019,1.72267374177486,0.0984126733572828,0.24221068155272,0.17525334275212,"Hhon-g03364.t1/Hhon-g09317.t1/Hhon-g06571.t1/Hhon-g04459.t1",4,"calmodulin binding","MF"
"GO:0050680","GO:0050680","4/304","54/9332",0.0740740740740741,2.27387914230019,1.72267374177486,0.0984126733572828,0.24221068155272,0.17525334275212,"Hhon-g03907.t1/Hhon-g07787.t1/Hhon-g04500.t1/Hhon-g03264.t1",4,"negative regulation of epithelial cell proliferation","BP"
"GO:0070304","GO:0070304","4/304","54/9332",0.0740740740740741,2.27387914230019,1.72267374177486,0.0984126733572828,0.24221068155272,0.17525334275212,"Hhon-g09357.t1/Hhon-g02931.t1/Hhon-g01922.t1/Hhon-g03688.t1",4,"positive regulation of stress-activated protein kinase signaling cascade","BP"
"GO:0071774","GO:0071774","4/304","54/9332",0.0740740740740741,2.27387914230019,1.72267374177486,0.0984126733572828,0.24221068155272,0.17525334275212,"Hhon-g07625.t1/Hhon-g09380.t1/Hhon-g09266.t1/Hhon-g04500.t1",4,"response to fibroblast growth factor","BP"
"GO:2001236","GO:2001236","4/304","54/9332",0.0740740740740741,2.27387914230019,1.72267374177486,0.0984126733572828,0.24221068155272,0.17525334275212,"Hhon-g06571.t1/Hhon-g04500.t1/Hhon-g04501.t1/Hhon-g02931.t1",4,"regulation of extrinsic apoptotic signaling pathway","BP"
"GO:0051020","GO:0051020","13/304","268/9332",0.0485074626865672,1.48905145326002,1.49062058254879,0.0987606454396724,0.242923104185734,0.175768821454742,"Hhon-g04845.t1/Hhon-g05981.t1/Hhon-g09710.t1/Hhon-g10573.t1/Hhon-g02425.t1/Hhon-g03531.t1/Hhon-g02931.t1/Hhon-g02357.t1/Hhon-g09899.t1/Hhon-g07409.t1/Hhon-g01922.t1/Hhon-g09428.t1/Hhon-g08771.t1",13,"GTPase binding","MF"
"GO:0033673","GO:0033673","7/304","121/9332",0.0578512396694215,1.77588081774685,1.57630197673372,0.0998578540820555,0.245476500976136,0.177616350721502,"Hhon-g04801.t1/Hhon-g06571.t1/Hhon-g01259.t1/Hhon-g05759.t1/Hhon-g02931.t1/Hhon-g07409.t1/Hhon-g01922.t1",7,"negative regulation of kinase activity","BP"
"GO:0032412","GO:0032412","5/304","76/9332",0.0657894736842105,2.01956371191136,1.63762554522773,0.101429639551534,0.248898264431423,0.180092193156698,"Hhon-g07625.t1/Hhon-g04801.t1/Hhon-g10573.t1/Hhon-g05897.t1/Hhon-g08386.t1",5,"regulation of monoatomic ion transmembrane transporter activity","BP"
"GO:0034249","GO:0034249","5/304","76/9332",0.0657894736842105,2.01956371191136,1.63762554522773,0.101429639551534,0.248898264431423,0.180092193156698,"Hhon-g04801.t1/Hhon-g03869.t1/Hhon-g02232.t1/Hhon-g08401.t1/Hhon-g06173.t1",5,"negative regulation of amide metabolic process","BP"
"GO:0048284","GO:0048284","5/304","76/9332",0.0657894736842105,2.01956371191136,1.63762554522773,0.101429639551534,0.248898264431423,0.180092193156698,"Hhon-g03364.t1/Hhon-g07037.t1/Hhon-g06937.t1/Hhon-g02290.t1/Hhon-g03110.t1",5,"organelle fusion","BP"
"GO:0008092","GO:0008092","16/304","347/9332",0.0461095100864553,1.41544061883816,1.44717071152534,0.101936244199134,0.249993671538574,0.180884783128255,"Hhon-g07625.t1/Hhon-g00124.t1/Hhon-g03432.t1/Hhon-g10573.t1/Hhon-g11182.t1/Hhon-g06747.t1/Hhon-g01324.t1/Hhon-g01983.t1/Hhon-g05253.t1/Hhon-g02290.t1/Hhon-g09428.t1/Hhon-g05897.t1/Hhon-g05967.t1/Hhon-g07207.t1/Hhon-g05823.t1/Hhon-g03329.t1",16,"cytoskeletal protein binding","MF"
"GO:0061024","GO:0061024","18/304","400/9332",0.045,1.38138157894737,1.43060738368699,0.102744962582547,0.250387688134471,0.181169876771063,"Hhon-g03364.t1/Hhon-g07037.t1/Hhon-g04801.t1/Hhon-g06571.t1/Hhon-g02425.t1/Hhon-g01523.t1/Hhon-g06937.t1/Hhon-g02357.t1/Hhon-g09899.t1/Hhon-g01922.t1/Hhon-g02290.t1/Hhon-g05061.t1/Hhon-g03112.t1/Hhon-g02688.t1/Hhon-g08386.t1/Hhon-g05967.t1/Hhon-g05970.t1/Hhon-g03110.t1",18,"membrane organization","BP"
"GO:0043087","GO:0043087","9/304","170/9332",0.0529411764705882,1.62515479876161,1.50946135064416,0.103394436556671,0.250387688134471,0.181169876771063,"Hhon-g04845.t1/Hhon-g09060.t1/Hhon-g06571.t1/Hhon-g02425.t1/Hhon-g01922.t1/Hhon-g09428.t1/Hhon-g00092.t1/Hhon-g03112.t1/Hhon-g02688.t1",9,"regulation of GTPase activity","BP"
"GO:0001503","GO:0001503","4/304","55/9332",0.0727272727272727,2.23253588516746,1.68221790183248,0.103562178865416,0.250387688134471,0.181169876771063,"Hhon-g06571.t1/Hhon-g07787.t1/Hhon-g04500.t1/Hhon-g06160.t1",4,"ossification","BP"
"GO:0021761","GO:0021761","4/304","55/9332",0.0727272727272727,2.23253588516746,1.68221790183248,0.103562178865416,0.250387688134471,0.181169876771063,"Hhon-g09380.t1/Hhon-g08561.t1/Hhon-g00226.t1/Hhon-g02931.t1",4,"limbic system development","BP"
"GO:0050000","GO:0050000","4/304","55/9332",0.0727272727272727,2.23253588516746,1.68221790183248,0.103562178865416,0.250387688134471,0.181169876771063,"Hhon-g01323.t1/Hhon-g01363.t1/Hhon-g01983.t1/Hhon-g05253.t1",4,"chromosome localization","BP"
"GO:1901992","GO:1901992","4/304","55/9332",0.0727272727272727,2.23253588516746,1.68221790183248,0.103562178865416,0.250387688134471,0.181169876771063,"Hhon-g00902.t1/Hhon-g00903.t1/Hhon-g00914.t1/Hhon-g04016.t1",4,"positive regulation of mitotic cell cycle phase transition","BP"
"GO:2001243","GO:2001243","4/304","55/9332",0.0727272727272727,2.23253588516746,1.68221790183248,0.103562178865416,0.250387688134471,0.181169876771063,"Hhon-g06571.t1/Hhon-g04500.t1/Hhon-g00226.t1/Hhon-g00901.t1",4,"negative regulation of intrinsic apoptotic signaling pathway","BP"
"GO:0008277","GO:0008277","6/304","99/9332",0.0606060606060606,1.86044657097289,1.57933841489258,0.103756837967292,0.250387688134471,0.181169876771063,"Hhon-g03404.t1/Hhon-g04801.t1/Hhon-g09024.t1/Hhon-g05897.t1/Hhon-g03280.t1/Hhon-g10405.t1",6,"regulation of G protein-coupled receptor signaling pathway","BP"
"GO:0008593","GO:0008593","6/304","99/9332",0.0606060606060606,1.86044657097289,1.57933841489258,0.103756837967292,0.250387688134471,0.181169876771063,"Hhon-g00684.t1/Hhon-g06894.t1/Hhon-g03264.t1/Hhon-g01922.t1/Hhon-g02688.t1/Hhon-g07484.t1",6,"regulation of Notch signaling pathway","BP"
"GO:0042578","GO:0042578","8/304","146/9332",0.0547945205479452,1.68204758471521,1.52416854274168,0.10399093893003,0.250387688134471,0.181169876771063,"Hhon-g01324.t1/Hhon-g08502.t1/Hhon-g09024.t1/Hhon-g07433.t1/Hhon-g09165.t1/Hhon-g09222.t1/Hhon-g09223.t1/Hhon-g09428.t1",8,"phosphoric ester hydrolase activity","MF"
"GO:0045471","GO:0045471","8/304","146/9332",0.0547945205479452,1.68204758471521,1.52416854274168,0.10399093893003,0.250387688134471,0.181169876771063,"Hhon-g07625.t1/Hhon-g01603.t1/Hhon-g04393.t1/Hhon-g04801.t1/Hhon-g10573.t1/Hhon-g05193.t1/Hhon-g05897.t1/Hhon-g02469.t1",8,"response to ethanol","BP"
"GO:0007271","GO:0007271","2/304","17/9332",0.117647058823529,3.61145510835913,1.97751919166214,0.104372100484505,0.250387688134471,0.181169876771063,"Hhon-g02085.t1/Hhon-g06075.t1",2,"synaptic transmission, cholinergic","BP"
"GO:0007443","GO:0007443","2/304","17/9332",0.117647058823529,3.61145510835913,1.97751919166214,0.104372100484505,0.250387688134471,0.181169876771063,"Hhon-g00684.t1/Hhon-g04500.t1",2,"Malpighian tubule morphogenesis","BP"
"GO:0010390","GO:0010390","2/304","17/9332",0.117647058823529,3.61145510835913,1.97751919166214,0.104372100484505,0.250387688134471,0.181169876771063,"Hhon-g00901.t1/Hhon-g07320.t1",2,NA,NA
"GO:0015370","GO:0015370","2/304","17/9332",0.117647058823529,3.61145510835913,1.97751919166214,0.104372100484505,0.250387688134471,0.181169876771063,"Hhon-g00543.t1/Hhon-g00544.t1",2,"solute:sodium symporter activity","MF"
"GO:0030706","GO:0030706","2/304","17/9332",0.117647058823529,3.61145510835913,1.97751919166214,0.104372100484505,0.250387688134471,0.181169876771063,"Hhon-g03432.t1/Hhon-g00665.t1",2,"germarium-derived oocyte differentiation","BP"
"GO:0030716","GO:0030716","2/304","17/9332",0.117647058823529,3.61145510835913,1.97751919166214,0.104372100484505,0.250387688134471,0.181169876771063,"Hhon-g03432.t1/Hhon-g00665.t1",2,"oocyte fate determination","BP"
"GO:0031952","GO:0031952","2/304","17/9332",0.117647058823529,3.61145510835913,1.97751919166214,0.104372100484505,0.250387688134471,0.181169876771063,"Hhon-g03181.t1/Hhon-g00092.t1",2,"regulation of protein autophosphorylation","BP"
"GO:0035774","GO:0035774","2/304","17/9332",0.117647058823529,3.61145510835913,1.97751919166214,0.104372100484505,0.250387688134471,0.181169876771063,"Hhon-g04829.t1/Hhon-g08386.t1",2,"positive regulation of insulin secretion involved in cellular response to glucose stimulus","BP"
"GO:0036315","GO:0036315","2/304","17/9332",0.117647058823529,3.61145510835913,1.97751919166214,0.104372100484505,0.250387688134471,0.181169876771063,"Hhon-g01603.t1/Hhon-g02469.t1",2,"cellular response to sterol","BP"
"GO:0040026","GO:0040026","2/304","17/9332",0.117647058823529,3.61145510835913,1.97751919166214,0.104372100484505,0.250387688134471,0.181169876771063,"Hhon-g09710.t1/Hhon-g09380.t1",2,"positive regulation of vulval development","BP"
"GO:0042753","GO:0042753","2/304","17/9332",0.117647058823529,3.61145510835913,1.97751919166214,0.104372100484505,0.250387688134471,0.181169876771063,"Hhon-g03542.t1/Hhon-g05897.t1",2,"positive regulation of circadian rhythm","BP"
"GO:0043014","GO:0043014","2/304","17/9332",0.117647058823529,3.61145510835913,1.97751919166214,0.104372100484505,0.250387688134471,0.181169876771063,"Hhon-g11182.t1/Hhon-g03329.t1",2,"alpha-tubulin binding","MF"
"GO:0048067","GO:0048067","2/304","17/9332",0.117647058823529,3.61145510835913,1.97751919166214,0.104372100484505,0.250387688134471,0.181169876771063,"Hhon-g09899.t1/Hhon-g04925.t1",2,"cuticle pigmentation","BP"
"GO:0050881","GO:0050881","2/304","17/9332",0.117647058823529,3.61145510835913,1.97751919166214,0.104372100484505,0.250387688134471,0.181169876771063,"Hhon-g00684.t1/Hhon-g05897.t1",2,"musculoskeletal movement","BP"
"GO:0051721","GO:0051721","2/304","17/9332",0.117647058823529,3.61145510835913,1.97751919166214,0.104372100484505,0.250387688134471,0.181169876771063,"Hhon-g06571.t1/Hhon-g01324.t1",2,"protein phosphatase 2A binding","MF"
"GO:0051930","GO:0051930","2/304","17/9332",0.117647058823529,3.61145510835913,1.97751919166214,0.104372100484505,0.250387688134471,0.181169876771063,"Hhon-g07625.t1/Hhon-g01642.t1",2,"regulation of sensory perception of pain","BP"
"GO:0060443","GO:0060443","2/304","17/9332",0.117647058823529,3.61145510835913,1.97751919166214,0.104372100484505,0.250387688134471,0.181169876771063,"Hhon-g09266.t1/Hhon-g03264.t1",2,"mammary gland morphogenesis","BP"
"GO:0070884","GO:0070884","2/304","17/9332",0.117647058823529,3.61145510835913,1.97751919166214,0.104372100484505,0.250387688134471,0.181169876771063,"Hhon-g07409.t1/Hhon-g05897.t1",2,"regulation of calcineurin-NFAT signaling cascade","BP"
"GO:0090183","GO:0090183","2/304","17/9332",0.117647058823529,3.61145510835913,1.97751919166214,0.104372100484505,0.250387688134471,0.181169876771063,"Hhon-g09380.t1/Hhon-g07787.t1",2,"regulation of kidney development","BP"
"GO:0097346","GO:0097346","2/304","17/9332",0.117647058823529,3.61145510835913,1.97751919166214,0.104372100484505,0.250387688134471,0.181169876771063,"Hhon-g09473.t1/Hhon-g06127.t1",2,"INO80-type complex","CC"
"GO:0106056","GO:0106056","2/304","17/9332",0.117647058823529,3.61145510835913,1.97751919166214,0.104372100484505,0.250387688134471,0.181169876771063,"Hhon-g07409.t1/Hhon-g05897.t1",2,"regulation of calcineurin-mediated signaling","BP"
"GO:1903670","GO:1903670","2/304","17/9332",0.117647058823529,3.61145510835913,1.97751919166214,0.104372100484505,0.250387688134471,0.181169876771063,"Hhon-g07409.t1/Hhon-g08814.t1",2,"regulation of sprouting angiogenesis","BP"
"GO:0002758","GO:0002758","3/304","35/9332",0.0857142857142857,2.6312030075188,1.7740903414823,0.104448814029119,0.250387688134471,0.181169876771063,"Hhon-g10573.t1/Hhon-g02931.t1/Hhon-g04888.t1",3,"innate immune response-activating signaling pathway","BP"
"GO:0008013","GO:0008013","3/304","35/9332",0.0857142857142857,2.6312030075188,1.7740903414823,0.104448814029119,0.250387688134471,0.181169876771063,"Hhon-g07787.t1/Hhon-g01922.t1/Hhon-g00901.t1",3,"beta-catenin binding","MF"
"GO:0032154","GO:0032154","3/304","35/9332",0.0857142857142857,2.6312030075188,1.7740903414823,0.104448814029119,0.250387688134471,0.181169876771063,"Hhon-g05193.t1/Hhon-g11182.t1/Hhon-g09899.t1",3,"cleavage furrow","CC"
"GO:0035023","GO:0035023","3/304","35/9332",0.0857142857142857,2.6312030075188,1.7740903414823,0.104448814029119,0.250387688134471,0.181169876771063,"Hhon-g09317.t1/Hhon-g02425.t1/Hhon-g03264.t1",3,"regulation of Rho protein signal transduction","BP"
"GO:0045494","GO:0045494","3/304","35/9332",0.0857142857142857,2.6312030075188,1.7740903414823,0.104448814029119,0.250387688134471,0.181169876771063,"Hhon-g03404.t1/Hhon-g01193.t1/Hhon-g05662.t1",3,"photoreceptor cell maintenance","BP"
"GO:0060993","GO:0060993","3/304","35/9332",0.0857142857142857,2.6312030075188,1.7740903414823,0.104448814029119,0.250387688134471,0.181169876771063,"Hhon-g09380.t1/Hhon-g00241.t1/Hhon-g07787.t1",3,"kidney morphogenesis","BP"
"GO:0030496","GO:0030496","5/304","77/9332",0.0649350649350649,1.99333561175666,1.60604706421642,0.105755055885959,0.253226639007211,0.183224020821058,"Hhon-g03181.t1/Hhon-g05193.t1/Hhon-g01323.t1/Hhon-g01363.t1/Hhon-g04888.t1",5,"midbody","CC"
"GO:0050772","GO:0050772","5/304","77/9332",0.0649350649350649,1.99333561175666,1.60604706421642,0.105755055885959,0.253226639007211,0.183224020821058,"Hhon-g11170.t1/Hhon-g02425.t1/Hhon-g02931.t1/Hhon-g03264.t1/Hhon-g01922.t1",5,"positive regulation of axonogenesis","BP"
"GO:0016311","GO:0016311","7/304","123/9332",0.0569105691056911,1.74700470688917,1.53029362439994,0.106524751141875,0.254922632127415,0.184451169275845,"Hhon-g01324.t1/Hhon-g07433.t1/Hhon-g07501.t1/Hhon-g09165.t1/Hhon-g09222.t1/Hhon-g09223.t1/Hhon-g09428.t1",7,"dephosphorylation","BP"
"GO:0001664","GO:0001664","4/304","56/9332",0.0714285714285714,2.19266917293233,1.64262621285299,0.108832639106331,0.259697194005452,0.187905839086188,"Hhon-g02357.t1/Hhon-g01922.t1/Hhon-g05897.t1/Hhon-g02727.t1",4,"G protein-coupled receptor binding","MF"
"GO:0006892","GO:0006892","4/304","56/9332",0.0714285714285714,2.19266917293233,1.64262621285299,0.108832639106331,0.259697194005452,0.187905839086188,"Hhon-g00124.t1/Hhon-g00305.t1/Hhon-g00658.t1/Hhon-g03110.t1",4,"post-Golgi vesicle-mediated transport","BP"
"GO:0008135","GO:0008135","4/304","56/9332",0.0714285714285714,2.19266917293233,1.64262621285299,0.108832639106331,0.259697194005452,0.187905839086188,"Hhon-g09400.t1/Hhon-g02232.t1/Hhon-g00606.t1/Hhon-g06173.t1",4,"translation factor activity, RNA binding","MF"
"GO:0032507","GO:0032507","4/304","56/9332",0.0714285714285714,2.19266917293233,1.64262621285299,0.108832639106331,0.259697194005452,0.187905839086188,"Hhon-g09317.t1/Hhon-g06571.t1/Hhon-g03531.t1/Hhon-g00901.t1",4,"maintenance of protein location in cell","BP"
"GO:0070555","GO:0070555","4/304","56/9332",0.0714285714285714,2.19266917293233,1.64262621285299,0.108832639106331,0.259697194005452,0.187905839086188,"Hhon-g04801.t1/Hhon-g07787.t1/Hhon-g09473.t1/Hhon-g00901.t1",4,"response to interleukin-1","BP"
"GO:0043549","GO:0043549","16/304","351/9332",0.0455840455840456,1.3993102414155,1.39928690660261,0.109711053605111,0.261642903255843,0.189313671506991,"Hhon-g09981.t1/Hhon-g03181.t1/Hhon-g04801.t1/Hhon-g06571.t1/Hhon-g01259.t1/Hhon-g05759.t1/Hhon-g09024.t1/Hhon-g02931.t1/Hhon-g07409.t1/Hhon-g03264.t1/Hhon-g01922.t1/Hhon-g10239.t1/Hhon-g06667.t1/Hhon-g03688.t1/Hhon-g03387.t1/Hhon-g00422.t1",16,"regulation of kinase activity","BP"
"GO:0031647","GO:0031647","10/304","197/9332",0.050761421319797,1.55824205183008,1.45313678562436,0.109779370806667,0.261655538225765,0.18932281363359,"Hhon-g00241.t1/Hhon-g05251.t1/Hhon-g06705.t1/Hhon-g01324.t1/Hhon-g03531.t1/Hhon-g07578.t1/Hhon-g04016.t1/Hhon-g01922.t1/Hhon-g00901.t1/Hhon-g03387.t1",10,"regulation of protein stability","BP"
"GO:0071902","GO:0071902","7/304","124/9332",0.0564516129032258,1.73291595925297,1.50760468071303,0.109946056616057,0.261688723544642,0.189346825118245,"Hhon-g06571.t1/Hhon-g09024.t1/Hhon-g02931.t1/Hhon-g07409.t1/Hhon-g03264.t1/Hhon-g01922.t1/Hhon-g00422.t1",7,"positive regulation of protein serine/threonine kinase activity","BP"
"GO:0008582","GO:0008582","5/304","78/9332",0.0641025641025641,1.96778002699055,1.57494111234086,0.110170083689096,0.261688723544642,0.189346825118245,"Hhon-g06571.t1/Hhon-g05648.t1/Hhon-g05654.t1/Hhon-g02931.t1/Hhon-g00901.t1",5,"regulation of synaptic assembly at neuromuscular junction","BP"
"GO:0022898","GO:0022898","5/304","78/9332",0.0641025641025641,1.96778002699055,1.57494111234086,0.110170083689096,0.261688723544642,0.189346825118245,"Hhon-g07625.t1/Hhon-g04801.t1/Hhon-g10573.t1/Hhon-g05897.t1/Hhon-g08386.t1",5,"regulation of transmembrane transporter activity","BP"
"GO:0000151","GO:0000151","8/304","148/9332",0.0540540540540541,1.65931721194879,1.48359187065942,0.110171456829488,0.261688723544642,0.189346825118245,"Hhon-g07437.t1/Hhon-g08170.t1/Hhon-g08474.t1/Hhon-g02107.t1/Hhon-g09357.t1/Hhon-g10345.t1/Hhon-g00901.t1/Hhon-g07320.t1",8,"ubiquitin ligase complex","CC"
"GO:0016324","GO:0016324","8/304","148/9332",0.0540540540540541,1.65931721194879,1.48359187065942,0.110171456829488,0.261688723544642,0.189346825118245,"Hhon-g07625.t1/Hhon-g00543.t1/Hhon-g00544.t1/Hhon-g03432.t1/Hhon-g05193.t1/Hhon-g02482.t1/Hhon-g02483.t1/Hhon-g07409.t1",8,"apical plasma membrane","CC"
"GO:0042391","GO:0042391","8/304","148/9332",0.0540540540540541,1.65931721194879,1.48359187065942,0.110171456829488,0.261688723544642,0.189346825118245,"Hhon-g03542.t1/Hhon-g07625.t1/Hhon-g06571.t1/Hhon-g10573.t1/Hhon-g02357.t1/Hhon-g01922.t1/Hhon-g00092.t1/Hhon-g08386.t1",8,"regulation of membrane potential","BP"
"GO:0001508","GO:0001508","3/304","36/9332",0.0833333333333333,2.55811403508772,1.7187295497873,0.111338464536796,0.263556046041492,0.190697940219658,"Hhon-g03542.t1/Hhon-g07625.t1/Hhon-g08386.t1",3,"action potential","BP"
"GO:0030175","GO:0030175","3/304","36/9332",0.0833333333333333,2.55811403508772,1.7187295497873,0.111338464536796,0.263556046041492,0.190697940219658,"Hhon-g05193.t1/Hhon-g11182.t1/Hhon-g07409.t1",3,"filopodium","CC"
"GO:0032410","GO:0032410","3/304","36/9332",0.0833333333333333,2.55811403508772,1.7187295497873,0.111338464536796,0.263556046041492,0.190697940219658,"Hhon-g04801.t1/Hhon-g10573.t1/Hhon-g08386.t1",3,"negative regulation of transporter activity","BP"
"GO:0045840","GO:0045840","3/304","36/9332",0.0833333333333333,2.55811403508772,1.7187295497873,0.111338464536796,0.263556046041492,0.190697940219658,"Hhon-g00902.t1/Hhon-g00903.t1/Hhon-g00914.t1",3,"positive regulation of mitotic nuclear division","BP"
"GO:0045913","GO:0045913","3/304","36/9332",0.0833333333333333,2.55811403508772,1.7187295497873,0.111338464536796,0.263556046041492,0.190697940219658,"Hhon-g09981.t1/Hhon-g06571.t1/Hhon-g10573.t1",3,"positive regulation of carbohydrate metabolic process","BP"
"GO:0061063","GO:0061063","3/304","36/9332",0.0833333333333333,2.55811403508772,1.7187295497873,0.111338464536796,0.263556046041492,0.190697940219658,"Hhon-g09710.t1/Hhon-g05322.t1/Hhon-g09380.t1",3,"positive regulation of nematode larval development","BP"
"GO:0001655","GO:0001655","8/304","149/9332",0.0536912751677852,1.64818085482162,1.46353176377454,0.113335753644701,0.266278849489116,0.192668044935082,"Hhon-g00684.t1/Hhon-g01603.t1/Hhon-g09710.t1/Hhon-g09380.t1/Hhon-g00241.t1/Hhon-g07787.t1/Hhon-g04500.t1/Hhon-g03264.t1",8,"urogenital system development","BP"
"GO:0042692","GO:0042692","8/304","149/9332",0.0536912751677852,1.64818085482162,1.46353176377454,0.113335753644701,0.266278849489116,0.192668044935082,"Hhon-g01603.t1/Hhon-g03907.t1/Hhon-g09266.t1/Hhon-g06571.t1/Hhon-g07787.t1/Hhon-g05193.t1/Hhon-g00226.t1/Hhon-g05897.t1",8,"muscle cell differentiation","BP"
"GO:0043687","GO:0043687","8/304","149/9332",0.0536912751677852,1.64818085482162,1.46353176377454,0.113335753644701,0.266278849489116,0.192668044935082,"Hhon-g05251.t1/Hhon-g06705.t1/Hhon-g04888.t1/Hhon-g09076.t1/Hhon-g10981.t1/Hhon-g08813.t1/Hhon-g00901.t1/Hhon-g03390.t1",8,"post-translational protein modification","BP"
"GO:1903522","GO:1903522","7/304","125/9332",0.056,1.71905263157895,1.48512061399504,0.113425362913798,0.266278849489116,0.192668044935082,"Hhon-g03542.t1/Hhon-g03907.t1/Hhon-g04801.t1/Hhon-g06571.t1/Hhon-g09024.t1/Hhon-g00092.t1/Hhon-g08386.t1",7,"regulation of blood circulation","BP"
"GO:0002792","GO:0002792","4/304","57/9332",0.0701754385964912,2.15420129270545,1.60386251162538,0.114221324174832,0.266278849489116,0.192668044935082,"Hhon-g03542.t1/Hhon-g06571.t1/Hhon-g02425.t1/Hhon-g00226.t1",4,"negative regulation of peptide secretion","BP"
"GO:0033273","GO:0033273","4/304","57/9332",0.0701754385964912,2.15420129270545,1.60386251162538,0.114221324174832,0.266278849489116,0.192668044935082,"Hhon-g00684.t1/Hhon-g01603.t1/Hhon-g04801.t1/Hhon-g07501.t1",4,"response to vitamin","BP"
"GO:0042581","GO:0042581","4/304","57/9332",0.0701754385964912,2.15420129270545,1.60386251162538,0.114221324174832,0.266278849489116,0.192668044935082,"Hhon-g00305.t1/Hhon-g03181.t1/Hhon-g00658.t1/Hhon-g08401.t1",4,"specific granule","CC"
"GO:0071229","GO:0071229","5/304","79/9332",0.0632911392405063,1.94287141905396,1.54429351317668,0.11467339966964,0.266278849489116,0.192668044935082,"Hhon-g01603.t1/Hhon-g06571.t1/Hhon-g10573.t1/Hhon-g07787.t1/Hhon-g07433.t1",5,"cellular response to acid chemical","BP"
"GO:0002274","GO:0002274","11/304","224/9332",0.0491071428571429,1.50746005639098,1.41065064866122,0.114704692104827,0.266278849489116,0.192668044935082,"Hhon-g00124.t1/Hhon-g00305.t1/Hhon-g03181.t1/Hhon-g10573.t1/Hhon-g06183.t1/Hhon-g00658.t1/Hhon-g10239.t1/Hhon-g09428.t1/Hhon-g00092.t1/Hhon-g08401.t1/Hhon-g08386.t1",11,"myeloid leukocyte activation","BP"
"GO:0010639","GO:0010639","11/304","224/9332",0.0491071428571429,1.50746005639098,1.41065064866122,0.114704692104827,0.266278849489116,0.192668044935082,"Hhon-g06571.t1/Hhon-g01323.t1/Hhon-g01363.t1/Hhon-g00226.t1/Hhon-g07578.t1/Hhon-g05759.t1/Hhon-g04016.t1/Hhon-g07281.t1/Hhon-g09899.t1/Hhon-g07409.t1/Hhon-g00901.t1",11,"negative regulation of organelle organization","BP"
"GO:0000307","GO:0000307","2/304","18/9332",0.111111111111111,3.41081871345029,1.87861506622032,0.114989878885835,0.266278849489116,0.192668044935082,"Hhon-g08787.t1/Hhon-g10239.t1",2,"cyclin-dependent protein kinase holoenzyme complex","CC"
"GO:0001702","GO:0001702","2/304","18/9332",0.111111111111111,3.41081871345029,1.87861506622032,0.114989878885835,0.266278849489116,0.192668044935082,"Hhon-g09380.t1/Hhon-g01922.t1",2,"gastrulation with mouth forming second","BP"
"GO:0002062","GO:0002062","2/304","18/9332",0.111111111111111,3.41081871345029,1.87861506622032,0.114989878885835,0.266278849489116,0.192668044935082,"Hhon-g04801.t1/Hhon-g07787.t1",2,"chondrocyte differentiation","BP"
"GO:0006623","GO:0006623","2/304","18/9332",0.111111111111111,3.41081871345029,1.87861506622032,0.114989878885835,0.266278849489116,0.192668044935082,"Hhon-g08771.t1/Hhon-g03110.t1",2,"protein targeting to vacuole","BP"
"GO:0007419","GO:0007419","2/304","18/9332",0.111111111111111,3.41081871345029,1.87861506622032,0.114989878885835,0.266278849489116,0.192668044935082,"Hhon-g00684.t1/Hhon-g09266.t1",2,"ventral cord development","BP"
"GO:0007427","GO:0007427","2/304","18/9332",0.111111111111111,3.41081871345029,1.87861506622032,0.114989878885835,0.266278849489116,0.192668044935082,"Hhon-g06571.t1/Hhon-g04500.t1",2,"epithelial cell migration, open tracheal system","BP"
"GO:0007494","GO:0007494","2/304","18/9332",0.111111111111111,3.41081871345029,1.87861506622032,0.114989878885835,0.266278849489116,0.192668044935082,"Hhon-g01603.t1/Hhon-g04888.t1",2,"midgut development","BP"
"GO:0007614","GO:0007614","2/304","18/9332",0.111111111111111,3.41081871345029,1.87861506622032,0.114989878885835,0.266278849489116,0.192668044935082,"Hhon-g09710.t1/Hhon-g09024.t1",2,"short-term memory","BP"
"GO:0008089","GO:0008089","2/304","18/9332",0.111111111111111,3.41081871345029,1.87861506622032,0.114989878885835,0.266278849489116,0.192668044935082,"Hhon-g08771.t1/Hhon-g02474.t1",2,"anterograde axonal transport","BP"
"GO:0008175","GO:0008175","2/304","18/9332",0.111111111111111,3.41081871345029,1.87861506622032,0.114989878885835,0.266278849489116,0.192668044935082,"Hhon-g09426.t1/Hhon-g11491.t1",2,"tRNA methyltransferase activity","MF"
"GO:0030539","GO:0030539","2/304","18/9332",0.111111111111111,3.41081871345029,1.87861506622032,0.114989878885835,0.266278849489116,0.192668044935082,"Hhon-g02425.t1/Hhon-g04016.t1",2,"male genitalia development","BP"
"GO:0032675","GO:0032675","2/304","18/9332",0.111111111111111,3.41081871345029,1.87861506622032,0.114989878885835,0.266278849489116,0.192668044935082,"Hhon-g03907.t1/Hhon-g10909.t1",2,"regulation of interleukin-6 production","BP"
"GO:0035010","GO:0035010","2/304","18/9332",0.111111111111111,3.41081871345029,1.87861506622032,0.114989878885835,0.266278849489116,0.192668044935082,"Hhon-g03432.t1/Hhon-g07418.t1",2,"encapsulation of foreign target","BP"
"GO:0045334","GO:0045334","2/304","18/9332",0.111111111111111,3.41081871345029,1.87861506622032,0.114989878885835,0.266278849489116,0.192668044935082,"Hhon-g02357.t1/Hhon-g01922.t1",2,"clathrin-coated endocytic vesicle","CC"
"GO:0046326","GO:0046326","2/304","18/9332",0.111111111111111,3.41081871345029,1.87861506622032,0.114989878885835,0.266278849489116,0.192668044935082,"Hhon-g06571.t1/Hhon-g02931.t1",2,"positive regulation of D-glucose import","BP"
"GO:0046532","GO:0046532","2/304","18/9332",0.111111111111111,3.41081871345029,1.87861506622032,0.114989878885835,0.266278849489116,0.192668044935082,"Hhon-g09710.t1/Hhon-g07787.t1",2,"regulation of photoreceptor cell differentiation","BP"
"GO:0046850","GO:0046850","2/304","18/9332",0.111111111111111,3.41081871345029,1.87861506622032,0.114989878885835,0.266278849489116,0.192668044935082,"Hhon-g03364.t1/Hhon-g04801.t1",2,"regulation of bone remodeling","BP"
"GO:0048102","GO:0048102","2/304","18/9332",0.111111111111111,3.41081871345029,1.87861506622032,0.114989878885835,0.266278849489116,0.192668044935082,"Hhon-g02931.t1/Hhon-g02469.t1",2,"autophagic cell death","BP"
"GO:0048557","GO:0048557","2/304","18/9332",0.111111111111111,3.41081871345029,1.87861506622032,0.114989878885835,0.266278849489116,0.192668044935082,"Hhon-g06894.t1/Hhon-g01922.t1",2,"embryonic digestive tract morphogenesis","BP"
"GO:0050879","GO:0050879","2/304","18/9332",0.111111111111111,3.41081871345029,1.87861506622032,0.114989878885835,0.266278849489116,0.192668044935082,"Hhon-g00684.t1/Hhon-g05897.t1",2,"multicellular organismal movement","BP"
"GO:0050999","GO:0050999","2/304","18/9332",0.111111111111111,3.41081871345029,1.87861506622032,0.114989878885835,0.266278849489116,0.192668044935082,"Hhon-g06571.t1/Hhon-g00238.t1",2,"regulation of nitric-oxide synthase activity","BP"
"GO:0051898","GO:0051898","2/304","18/9332",0.111111111111111,3.41081871345029,1.87861506622032,0.114989878885835,0.266278849489116,0.192668044935082,"Hhon-g06571.t1/Hhon-g07409.t1",2,"negative regulation of phosphatidylinositol 3-kinase/protein kinase B signal transduction","BP"
"GO:0051966","GO:0051966","2/304","18/9332",0.111111111111111,3.41081871345029,1.87861506622032,0.114989878885835,0.266278849489116,0.192668044935082,"Hhon-g02425.t1/Hhon-g05897.t1",2,"regulation of synaptic transmission, glutamatergic","BP"
"GO:0060412","GO:0060412","2/304","18/9332",0.111111111111111,3.41081871345029,1.87861506622032,0.114989878885835,0.266278849489116,0.192668044935082,"Hhon-g00241.t1/Hhon-g03264.t1",2,"ventricular septum morphogenesis","BP"
"GO:0072349","GO:0072349","2/304","18/9332",0.111111111111111,3.41081871345029,1.87861506622032,0.114989878885835,0.266278849489116,0.192668044935082,"Hhon-g02482.t1/Hhon-g02483.t1",2,"modified amino acid transmembrane transporter activity","MF"
"GO:0098815","GO:0098815","2/304","18/9332",0.111111111111111,3.41081871345029,1.87861506622032,0.114989878885835,0.266278849489116,0.192668044935082,"Hhon-g02357.t1/Hhon-g01922.t1",2,"modulation of excitatory postsynaptic potential","BP"
"GO:1900181","GO:1900181","2/304","18/9332",0.111111111111111,3.41081871345029,1.87861506622032,0.114989878885835,0.266278849489116,0.192668044935082,"Hhon-g09981.t1/Hhon-g04016.t1",2,"negative regulation of protein localization to nucleus","BP"
"GO:1903170","GO:1903170","2/304","18/9332",0.111111111111111,3.41081871345029,1.87861506622032,0.114989878885835,0.266278849489116,0.192668044935082,"Hhon-g10573.t1/Hhon-g08386.t1",2,"negative regulation of calcium ion transmembrane transport","BP"
"GO:2000725","GO:2000725","2/304","18/9332",0.111111111111111,3.41081871345029,1.87861506622032,0.114989878885835,0.266278849489116,0.192668044935082,"Hhon-g03531.t1/Hhon-g02931.t1",2,"regulation of cardiac muscle cell differentiation","BP"
"GO:1901652","GO:1901652","12/304","250/9332",0.048,1.47347368421053,1.39245193390873,0.116019883058067,0.268514244401948,0.194285481574678,"Hhon-g00124.t1/Hhon-g01603.t1/Hhon-g09981.t1/Hhon-g04801.t1/Hhon-g06571.t1/Hhon-g05648.t1/Hhon-g05654.t1/Hhon-g11664.t1/Hhon-g02931.t1/Hhon-g09428.t1/Hhon-g03381.t1/Hhon-g06173.t1",12,"response to peptide","BP"
"GO:0007292","GO:0007292","20/304","461/9332",0.0433839479392625,1.33177303345131,1.34063442787434,0.116388683080017,0.269217722645255,0.194794488497505,"Hhon-g08474.t1/Hhon-g01603.t1/Hhon-g09710.t1/Hhon-g10494.t1/Hhon-g03432.t1/Hhon-g06571.t1/Hhon-g01323.t1/Hhon-g01363.t1/Hhon-g00226.t1/Hhon-g04925.t1/Hhon-g01922.t1/Hhon-g06183.t1/Hhon-g00665.t1/Hhon-g08835.t1/Hhon-g08836.t1/Hhon-g00092.t1/Hhon-g09132.t1/Hhon-g07320.t1/Hhon-g06163.t1/Hhon-g03381.t1",20,"female gamete generation","BP"
"GO:0006403","GO:0006403","9/304","175/9332",0.0514285714285714,1.57872180451128,1.41813434197431,0.117883477522677,0.271444009745451,0.196405335111428,"Hhon-g01323.t1/Hhon-g01363.t1/Hhon-g09473.t1/Hhon-g09110.t1/Hhon-g06183.t1/Hhon-g00665.t1/Hhon-g08835.t1/Hhon-g08836.t1/Hhon-g06173.t1",9,"RNA localization","BP"
"GO:0071396","GO:0071396","10/304","200/9332",0.05,1.53486842105263,1.40308543181497,0.118012978039977,0.271444009745451,0.196405335111428,"Hhon-g01603.t1/Hhon-g03907.t1/Hhon-g06571.t1/Hhon-g10573.t1/Hhon-g07787.t1/Hhon-g07578.t1/Hhon-g07433.t1/Hhon-g04459.t1/Hhon-g00092.t1/Hhon-g02469.t1",10,"cellular response to lipid","BP"
"GO:0001936","GO:0001936","3/304","37/9332",0.0810810810810811,2.48897581792319,1.66520965709838,0.118397182478086,0.271444009745451,0.196405335111428,"Hhon-g04801.t1/Hhon-g06571.t1/Hhon-g00092.t1",3,"regulation of endothelial cell proliferation","BP"
"GO:0001959","GO:0001959","3/304","37/9332",0.0810810810810811,2.48897581792319,1.66520965709838,0.118397182478086,0.271444009745451,0.196405335111428,"Hhon-g03264.t1/Hhon-g06160.t1/Hhon-g03387.t1",3,"regulation of cytokine-mediated signaling pathway","BP"
"GO:0006513","GO:0006513","3/304","37/9332",0.0810810810810811,2.48897581792319,1.66520965709838,0.118397182478086,0.271444009745451,0.196405335111428,"Hhon-g00901.t1/Hhon-g00458.t1/Hhon-g07320.t1",3,"protein monoubiquitination","BP"
"GO:0007274","GO:0007274","3/304","37/9332",0.0810810810810811,2.48897581792319,1.66520965709838,0.118397182478086,0.271444009745451,0.196405335111428,"Hhon-g05648.t1/Hhon-g05654.t1/Hhon-g00658.t1",3,"neuromuscular synaptic transmission","BP"
"GO:0007589","GO:0007589","3/304","37/9332",0.0810810810810811,2.48897581792319,1.66520965709838,0.118397182478086,0.271444009745451,0.196405335111428,"Hhon-g02425.t1/Hhon-g07162.t1/Hhon-g07164.t1",3,"body fluid secretion","BP"
"GO:0010453","GO:0010453","3/304","37/9332",0.0810810810810811,2.48897581792319,1.66520965709838,0.118397182478086,0.271444009745451,0.196405335111428,"Hhon-g09710.t1/Hhon-g09266.t1/Hhon-g11664.t1",3,"regulation of cell fate commitment","BP"
"GO:0019209","GO:0019209","3/304","37/9332",0.0810810810810811,2.48897581792319,1.66520965709838,0.118397182478086,0.271444009745451,0.196405335111428,"Hhon-g02931.t1/Hhon-g03387.t1/Hhon-g00422.t1",3,"kinase activator activity","MF"
"GO:0030330","GO:0030330","3/304","37/9332",0.0810810810810811,2.48897581792319,1.66520965709838,0.118397182478086,0.271444009745451,0.196405335111428,"Hhon-g00241.t1/Hhon-g03304.t1/Hhon-g08741.t1",3,"DNA damage response, signal transduction by p53 class mediator","BP"
"GO:0030672","GO:0030672","3/304","37/9332",0.0810810810810811,2.48897581792319,1.66520965709838,0.118397182478086,0.271444009745451,0.196405335111428,"Hhon-g05981.t1/Hhon-g00658.t1/Hhon-g09428.t1",3,"synaptic vesicle membrane","CC"
"GO:0034968","GO:0034968","3/304","37/9332",0.0810810810810811,2.48897581792319,1.66520965709838,0.118397182478086,0.271444009745451,0.196405335111428,"Hhon-g00226.t1/Hhon-g07460.t1/Hhon-g03381.t1",3,NA,NA
"GO:0048704","GO:0048704","3/304","37/9332",0.0810810810810811,2.48897581792319,1.66520965709838,0.118397182478086,0.271444009745451,0.196405335111428,"Hhon-g09380.t1/Hhon-g03112.t1/Hhon-g11231.t1",3,"embryonic skeletal system morphogenesis","BP"
"GO:0070374","GO:0070374","3/304","37/9332",0.0810810810810811,2.48897581792319,1.66520965709838,0.118397182478086,0.271444009745451,0.196405335111428,"Hhon-g04801.t1/Hhon-g07409.t1/Hhon-g00092.t1",3,"positive regulation of ERK1 and ERK2 cascade","BP"
"GO:0071260","GO:0071260","3/304","37/9332",0.0810810810810811,2.48897581792319,1.66520965709838,0.118397182478086,0.271444009745451,0.196405335111428,"Hhon-g06571.t1/Hhon-g07787.t1/Hhon-g03531.t1",3,"cellular response to mechanical stimulus","BP"
"GO:0099501","GO:0099501","3/304","37/9332",0.0810810810810811,2.48897581792319,1.66520965709838,0.118397182478086,0.271444009745451,0.196405335111428,"Hhon-g05981.t1/Hhon-g00658.t1/Hhon-g09428.t1",3,"exocytic vesicle membrane","CC"
"GO:0006412","GO:0006412","12/304","251/9332",0.047808764940239,1.46760327112602,1.37801096980126,0.118497231710336,0.271523458091234,0.196462820553793,"Hhon-g06571.t1/Hhon-g09400.t1/Hhon-g02232.t1/Hhon-g08814.t1/Hhon-g00572.t1/Hhon-g09696.t1/Hhon-g11345.t1/Hhon-g00606.t1/Hhon-g07660.t1/Hhon-g06173.t1/Hhon-g10129.t1/Hhon-g02383.t1",12,"translation","BP"
"GO:0043583","GO:0043583","5/304","80/9332",0.0625,1.91858552631579,1.51409069667684,0.119263612014312,0.273128801480101,0.197624378720264,"Hhon-g00902.t1/Hhon-g00903.t1/Hhon-g00914.t1/Hhon-g07787.t1/Hhon-g01922.t1",5,"ear development","BP"
"GO:0014013","GO:0014013","4/304","58/9332",0.0689655172413793,2.11705989110708,1.56589277660021,0.119725400373133,0.273884221680026,0.198170968632693,"Hhon-g00684.t1/Hhon-g10573.t1/Hhon-g07787.t1/Hhon-g00226.t1",4,"regulation of gliogenesis","BP"
"GO:0022408","GO:0022408","4/304","58/9332",0.0689655172413793,2.11705989110708,1.56589277660021,0.119725400373133,0.273884221680026,0.198170968632693,"Hhon-g07787.t1/Hhon-g04500.t1/Hhon-g09024.t1/Hhon-g06160.t1",4,"negative regulation of cell-cell adhesion","BP"
"GO:0071407","GO:0071407","11/304","226/9332",0.0486725663716814,1.49411970190964,1.37983665807699,0.119947712601434,0.274111813363033,0.198335644290157,"Hhon-g01603.t1/Hhon-g03907.t1/Hhon-g06571.t1/Hhon-g00226.t1/Hhon-g07578.t1/Hhon-g02931.t1/Hhon-g01193.t1/Hhon-g04459.t1/Hhon-g04888.t1/Hhon-g02469.t1/Hhon-g02712.t1",11,"cellular response to organic cyclic compound","BP"
"GO:0009894","GO:0009894","21/304","490/9332",0.0428571428571429,1.3156015037594,1.31694294443844,0.119956927957763,0.274111813363033,0.198335644290157,"Hhon-g08832.t1/Hhon-g07437.t1/Hhon-g08170.t1/Hhon-g08474.t1/Hhon-g09710.t1/Hhon-g04801.t1/Hhon-g06571.t1/Hhon-g10573.t1/Hhon-g07787.t1/Hhon-g03304.t1/Hhon-g01523.t1/Hhon-g04374.t1/Hhon-g07281.t1/Hhon-g09672.t1/Hhon-g03869.t1/Hhon-g01922.t1/Hhon-g02290.t1/Hhon-g02469.t1/Hhon-g00901.t1/Hhon-g06173.t1/Hhon-g03387.t1",21,"regulation of catabolic process","BP"
"GO:0033674","GO:0033674","10/304","201/9332",0.0497512437810945,1.52723225975386,1.38658323279689,0.120832339977178,0.275960327604645,0.199673150538398,"Hhon-g06571.t1/Hhon-g09024.t1/Hhon-g02931.t1/Hhon-g07409.t1/Hhon-g03264.t1/Hhon-g01922.t1/Hhon-g06667.t1/Hhon-g03688.t1/Hhon-g03387.t1/Hhon-g00422.t1",10,"positive regulation of kinase activity","BP"
