FamilyID	Spla<1>	Dare<2>	Neve<3>	Auco<4>	Clhe<5>	TrH2<6>	TrH1<7>	ClH23<8>	HoH13<9>	<10>	<11>	<12>	<13>	<14>	<15>	<16>	<17>
OG0000008	5	38	87	87	75	21	21	18	20	18	35	43	57	66	21	21	20
OG0000012	78	73	40	15	10	26	40	26	32	60	44	43	37	24	31	30	30
OG0000013	6	88	27	17	17	41	42	48	43	17	30	31	28	23	42	41	44
OG0000015	2	44	46	37	67	15	15	23	29	13	28	33	38	42	21	15	24
OG0000016	17	7	12	4	9	56	56	65	51	17	17	14	12	10	53	56	56
OG0000020	11	92	24	16	16	19	21	17	17	17	23	26	24	20	18	19	17
OG0000025	7	8	19	15	7	47	37	37	44	11	15	14	14	13	39	43	40
OG0000026	13	18	37	26	7	22	26	25	38	17	21	21	22	20	26	23	28
OG0000027	77	41	28	22	20	4	6	5	5	51	30	30	28	25	6	5	5
OG0000029	9	59	49	36	50	0	0	0	0	16	23	32	36	38	0	0	0
OG0000031	52	24	30	22	8	15	17	15	17	38	26	25	24	20	16	15	16
OG0000032	36	28	5	8	17	20	23	18	42	28	21	19	15	14	23	21	25
OG0000033	14	52	22	26	18	15	15	16	15	18	22	24	23	23	16	15	16
OG0000034	5	56	9	2	0	33	31	29	28	10	15	15	10	4	29	32	29
OG0000035	66	28	22	27	19	7	7	6	6	44	25	25	24	24	7	7	6
OG0000036	1	77	33	32	29	4	4	4	3	9	18	27	28	29	4	4	4
OG0000038	1	47	18	18	15	22	23	18	21	9	18	19	19	18	20	22	20
OG0000040	19	25	16	12	6	23	25	27	25	19	19	18	16	13	24	23	25
OG0000043	9	97	14	14	17	6	7	8	4	13	17	19	18	17	7	6	7
OG0000046	9	5	7	3	2	39	47	33	28	9	9	8	7	5	32	40	31
OG0000047	2	59	32	16	53	2	2	3	3	9	17	24	26	27	3	2	3
OG0000049	9	86	13	15	13	7	7	7	7	12	16	18	17	16	7	7	7
OG0000050	15	65	10	21	12	10	8	11	11	17	18	19	18	17	11	10	11
OG0000052	52	18	12	16	50	3	4	3	3	34	19	19	19	22	3	3	3
OG0000053	4	20	32	37	53	3	3	3	3	9	14	19	26	33	3	3	3
OG0000054	52	34	11	13	14	9	8	8	8	35	21	20	17	16	9	9	8
OG0000055	5	4	17	9	6	28	31	31	26	8	10	10	10	9	27	28	28
OG0000056	1	41	25	17	25	12	12	11	12	8	16	20	20	20	12	12	12
OG0000057	1	37	17	3	7	22	22	20	24	7	14	14	13	9	21	22	22
OG0000058	11	62	13	13	14	10	10	10	9	14	16	17	16	15	10	10	10
OG0000059	2	15	11	43	73	1	4	1	2	6	10	13	17	33	2	2	2
OG0000060	18	4	4	4	1	27	32	25	35	14	11	7	5	4	27	28	28
OG0000061	12	36	25	24	20	7	8	8	9	15	18	20	21	21	8	7	8
OG0000062	3	15	4	1	12	21	30	31	31	6	9	9	8	7	25	24	30
OG0000069	16	9	10	9	22	20	22	17	17	15	13	13	13	13	18	20	17
OG0000071	3	19	44	24	35	3	4	3	4	8	14	18	24	25	4	4	4
OG0000072	11	59	11	12	14	8	9	7	7	13	15	16	15	14	8	8	7
OG0000073	26	56	7	11	6	8	10	7	7	21	17	17	13	11	8	8	7
OG0000075	12	72	6	10	9	7	5	7	7	13	14	14	12	11	7	7	7
OG0000077	4	2	12	32	83	0	0	0	0	5	6	7	13	28	0	0	0
OG0000078	9	44	30	21	16	3	3	3	4	13	17	20	21	20	4	3	4
OG0000080	1	29	50	19	31	0	0	0	0	6	12	19	24	24	0	0	0
OG0000081	6	62	10	15	13	6	6	6	5	9	13	15	14	14	6	6	6
OG0000082	1	19	14	10	16	16	17	19	17	6	12	13	13	13	17	16	18
OG0000085	11	16	8	5	0	23	22	25	18	11	11	11	8	5	21	23	21
OG0000086	3	21	10	15	12	14	15	22	16	7	12	12	12	13	16	14	18
OG0000087	6	87	6	7	5	4	5	4	4	8	10	11	9	8	4	4	4
OG0000093	8	4	7	61	44	0	0	0	0	8	8	9	12	30	0	0	0
OG0000094	2	2	13	7	8	24	24	19	25	5	8	8	8	8	21	24	22
OG0000095	27	36	11	17	15	4	5	4	4	22	17	17	16	16	4	4	4
OG0000100	2	28	9	44	25	2	3	3	5	6	11	14	15	22	4	3	4
OG0000102	1	34	52	17	9	1	1	4	1	6	13	18	20	17	3	1	3
OG0000104	5	21	30	46	4	3	3	3	3	9	13	16	19	20	3	3	3
OG0000105	32	0	41	24	19	1	1	0	0	23	15	15	19	20	1	1	0
OG0000106	2	5	16	49	44	0	1	0	1	5	7	9	16	29	1	1	1
OG0000107	12	11	13	68	12	0	1	0	0	12	12	12	15	20	1	1	0
OG0000108	65	26	3	6	5	3	5	2	2	37	14	13	9	8	3	3	2
OG0000110	31	33	12	16	12	3	3	3	3	24	17	17	16	15	3	3	3
OG0000112	1	31	28	26	25	1	1	1	1	6	11	17	20	22	1	1	1
OG0000113	9	65	5	7	10	5	4	4	5	10	11	12	10	9	5	5	5
OG0000115	3	7	12	10	10	17	17	21	15	6	9	9	9	9	16	17	17
OG0000116	6	26	10	17	15	8	11	10	8	9	12	13	13	14	9	9	9
OG0000118	7	50	12	11	15	4	4	4	4	9	12	14	14	13	4	4	4
OG0000119	6	62	6	8	7	5	6	5	4	8	10	11	9	9	5	5	5
OG0000122	7	41	10	16	12	5	5	5	5	9	12	13	13	13	5	5	5
OG0000123	1	5	0	1	0	20	22	28	29	2	3	3	1	1	22	20	27
OG0000125	6	49	9	12	5	7	6	5	4	8	10	11	11	10	6	7	5
OG0000126	27	9	8	13	1	11	12	16	6	19	11	10	9	9	11	11	11
OG0000127	19	48	6	8	7	3	4	5	2	16	13	13	11	10	4	4	4
OG0000128	10	29	9	12	11	9	9	8	5	11	12	12	12	12	8	9	7
OG0000129	5	20	3	7	5	22	16	14	10	7	8	8	7	7	14	19	13
OG0000131	3	82	3	1	5	2	2	2	2	5	6	7	5	4	2	2	2
OG0000132	12	30	5	14	14	7	6	7	6	12	12	12	11	12	7	7	7
OG0000133	3	52	8	6	7	9	6	7	3	6	9	10	9	8	7	8	6
OG0000134	57	2	27	6	0	1	3	1	3	31	11	10	10	7	2	2	2
OG0000135	5	49	6	7	13	5	5	5	5	7	9	10	10	10	5	5	5
OG0000136	35	16	5	9	7	9	7	5	6	23	13	12	10	9	7	8	6
OG0000137	5	59	5	6	5	5	5	5	4	7	9	9	8	7	5	5	5
OG0000139	3	64	7	5	7	3	3	3	3	5	8	9	8	7	3	3	3
OG0000141	5	3	8	43	29	2	2	2	2	6	6	7	10	21	2	2	2
OG0000142	1	0	18	16	60	0	0	0	0	2	3	4	12	18	0	0	0
OG0000143	3	28	7	9	9	7	8	8	16	6	9	9	9	9	9	8	10
OG0000144	3	47	5	10	7	5	6	6	5	6	8	9	9	9	5	5	5
OG0000146	41	46	2	0	5	0	0	0	0	25	12	12	7	5	0	0	0
OG0000147	2	7	13	7	6	9	12	16	21	5	8	8	8	7	13	11	16
OG0000148	5	51	4	9	8	4	4	4	4	7	8	9	9	9	4	4	4
OG0000149	6	0	1	48	38	0	0	0	0	5	4	4	6	23	0	0	0
OG0000152	3	1	0	0	0	21	19	27	21	3	3	1	0	0	20	21	22
OG0000153	2	58	3	11	7	2	3	2	3	5	7	9	8	8	3	3	3
OG0000154	4	29	10	21	7	4	9	3	4	7	10	11	11	12	5	5	4
OG0000156	5	17	8	14	9	9	9	9	10	7	10	10	10	10	9	9	9
OG0000158	1	0	0	0	0	22	23	23	21	1	1	0	0	0	20	22	21
OG0000159	14	71	0	0	5	0	0	0	0	11	8	8	5	4	0	0	0
OG0000161	1	8	0	2	3	16	21	18	19	3	4	4	3	3	16	17	18
OG0000162	3	72	2	2	2	2	2	1	2	4	5	6	4	3	2	2	2
OG0000164	3	33	15	15	13	2	2	2	2	6	10	13	13	13	2	2	2
OG0000166	6	14	18	7	17	8	9	2	6	8	10	11	12	12	7	8	6
OG0000167	6	53	5	6	5	3	3	3	3	7	8	8	7	7	3	3	3
OG0000169	8	31	6	8	11	5	6	5	5	9	10	10	9	9	5	5	5
OG0000170	25	32	8	9	6	2	1	1	1	18	12	12	11	10	2	2	1
OG0000171	1	6	7	7	4	14	16	16	14	3	6	6	6	6	14	14	15
OG0000172	5	35	5	10	11	5	6	4	4	7	9	10	9	9	5	5	4
OG0000173	27	54	3	0	1	0	0	0	0	18	10	10	5	2	0	0	0
OG0000176	5	33	9	14	13	2	3	3	2	7	9	11	11	12	3	3	3
OG0000177	1	83	0	0	0	0	0	0	0	1	2	2	0	0	0	0	0
OG0000178	10	0	7	54	11	0	1	0	0	8	6	6	8	14	1	1	0
OG0000179	7	13	19	18	9	4	5	4	4	9	10	11	12	12	4	4	4
OG0000180	7	28	6	9	10	5	6	5	7	8	9	9	9	9	6	5	6
OG0000181	15	28	3	6	5	6	6	7	7	12	10	10	8	7	7	6	7
OG0000182	13	6	7	1	3	13	15	12	13	11	8	7	6	4	12	13	12
OG0000183	4	3	7	31	37	0	0	0	0	5	5	6	9	20	0	0	0
OG0000184	6	0	12	56	8	0	0	0	0	6	6	6	10	14	0	0	0
OG0000185	11	0	3	1	67	0	0	0	0	7	4	4	4	7	0	0	0
OG0000190	3	2	6	6	4	15	14	16	15	4	5	5	5	5	14	15	15
OG0000191	3	24	8	13	20	3	4	2	4	6	9	11	11	13	3	3	3
OG0000192	1	12	16	24	6	6	5	5	5	5	9	10	11	12	6	6	5
OG0000193	1	53	17	7	2	0	0	0	0	4	6	9	9	7	0	0	0
OG0000194	4	14	9	16	20	4	4	4	4	6	8	9	10	13	4	4	4
OG0000195	8	15	8	10	9	7	7	8	7	9	9	9	9	9	7	7	7
OG0000197	1	10	10	15	15	6	7	9	6	4	8	9	10	12	7	6	7
OG0000198	3	25	12	11	9	4	5	5	5	6	9	10	10	10	5	4	5
OG0000199	1	72	1	1	0	1	1	1	1	2	3	3	2	1	1	1	1
OG0000203	4	27	9	7	13	4	5	4	5	6	8	9	9	9	4	4	4
OG0000204	4	19	8	4	5	12	11	8	7	6	8	8	7	6	9	11	8
OG0000205	5	4	3	2	15	15	15	11	8	5	5	5	5	5	11	15	10
OG0000207	11	11	12	2	6	10	11	7	7	10	9	9	9	6	8	10	7
OG0000209	3	19	25	4	15	2	3	3	3	6	9	11	12	11	3	3	3
OG0000216	4	21	9	10	20	3	3	3	2	6	8	10	10	11	3	3	3
OG0000217	8	27	4	6	6	7	6	6	5	8	8	8	7	7	6	7	6
OG0000219	8	25	6	16	11	2	2	2	2	9	9	10	10	11	2	2	2
OG0000220	7	27	1	8	8	7	8	7	1	8	8	8	7	7	6	7	6
OG0000221	8	29	11	7	8	3	3	3	2	9	9	10	10	9	3	3	3
OG0000223	3	1	0	21	48	0	0	0	0	3	3	3	4	16	0	0	0
OG0000224	3	40	4	5	9	3	3	3	3	5	6	7	7	7	3	3	3
OG0000225	4	25	6	6	7	6	5	6	8	6	8	8	7	7	7	6	7
OG0000228	8	3	0	38	15	3	2	1	2	7	6	6	6	13	3	3	2
OG0000229	13	27	6	7	11	2	2	2	2	12	10	10	9	9	2	2	2
OG0000231	5	22	6	8	8	5	6	6	6	7	8	8	8	8	6	5	6
OG0000232	2	7	3	7	2	10	12	15	14	4	5	5	5	5	11	11	14
OG0000233	2	60	1	2	2	1	2	1	1	3	4	4	3	3	1	1	1
OG0000237	10	11	5	14	3	6	6	6	10	9	8	8	8	8	7	6	7
OG0000238	10	8	2	4	8	8	5	14	12	9	7	7	6	6	10	8	12
OG0000239	4	59	1	2	1	1	1	1	1	4	4	5	3	2	1	1	1
OG0000240	1	61	1	2	1	1	1	2	1	2	3	4	3	2	1	1	1
OG0000244	4	38	3	5	1	5	6	5	3	5	6	6	5	4	5	5	5
OG0000245	6	14	8	7	8	5	5	7	10	7	8	8	8	8	7	5	8
OG0000246	1	23	9	12	10	4	4	4	3	4	8	9	9	10	4	4	4
OG0000247	7	8	7	7	19	5	6	3	8	8	8	8	8	9	5	5	5
OG0000248	2	50	2	1	15	0	0	0	0	3	4	5	5	5	0	0	0
OG0000251	8	11	5	7	12	6	6	8	6	8	8	8	8	8	7	6	7
OG0000252	1	17	9	6	13	5	7	7	4	4	7	8	8	8	5	5	5
OG0000253	17	7	9	8	8	5	5	5	5	12	8	8	8	8	5	5	5
OG0000254	21	15	9	7	5	3	3	3	3	15	10	10	9	8	3	3	3
OG0000258	8	18	6	8	6	5	6	6	5	8	8	8	8	8	5	5	5
OG0000259	1	0	2	43	22	0	0	0	0	1	1	1	3	15	0	0	0
OG0000260	6	33	6	9	6	2	3	2	1	7	7	8	8	8	2	2	2
OG0000261	4	1	11	15	7	5	7	11	7	5	6	6	7	8	7	6	8
OG0000264	4	7	5	8	5	8	7	10	13	5	6	6	6	6	9	8	10
OG0000267	1	48	4	4	1	3	2	2	2	3	4	5	5	4	3	3	2
OG0000269	6	18	6	7	6	6	6	5	6	7	7	7	7	7	6	6	6
OG0000272	5	0	7	40	14	0	0	0	0	5	5	5	7	14	0	0	0
OG0000273	2	17	28	3	16	0	0	0	0	5	7	10	11	11	0	0	0
OG0000274	2	57	1	1	1	1	2	1	0	3	3	3	2	2	1	1	1
OG0000275	4	34	4	4	6	4	4	3	3	6	6	7	6	6	4	4	3
OG0000277	4	22	5	9	6	5	4	5	5	6	7	7	7	7	5	5	5
OG0000278	4	39	3	5	3	3	3	3	2	5	5	6	5	5	3	3	3
OG0000279	5	22	1	16	9	5	4	2	1	6	7	7	7	9	4	5	2
OG0000280	2	0	5	41	17	0	0	0	0	3	3	3	6	14	0	0	0
OG0000282	3	17	10	6	12	4	4	4	5	5	7	8	8	8	4	4	4
OG0000283	4	0	0	0	0	25	15	18	3	3	3	0	0	0	13	19	12
OG0000285	7	20	5	9	6	4	4	4	5	7	7	7	7	7	4	4	4
OG0000286	6	9	2	6	2	11	11	8	9	6	6	6	5	5	9	11	9
OG0000287	7	17	5	10	8	4	4	4	5	8	8	8	8	8	4	4	4
OG0000289	1	34	3	6	2	4	4	5	4	3	5	5	5	5	4	4	4
OG0000290	3	8	6	4	8	8	8	9	9	5	6	6	6	6	8	8	9
OG0000291	2	34	6	4	5	3	3	3	3	4	6	7	7	6	3	3	3
OG0000292	5	2	4	9	0	9	7	14	13	5	4	4	4	4	10	9	13
OG0000293	1	53	1	2	2	1	1	1	1	2	3	3	3	2	1	1	1
OG0000296	18	32	1	2	1	2	2	2	2	12	7	7	4	3	2	2	2
OG0000298	3	9	7	6	13	6	7	7	4	5	7	7	7	7	6	6	6
OG0000301	1	49	2	2	0	2	2	2	2	3	3	3	3	2	2	2	2
OG0000303	2	9	17	11	12	2	3	3	3	4	7	8	10	10	3	3	3
OG0000304	1	3	11	3	8	7	10	6	13	3	5	5	5	5	8	8	8
OG0000305	3	4	4	6	6	10	8	11	10	4	5	5	5	5	10	10	10
OG0000306	36	2	6	11	7	0	0	0	0	20	7	7	7	7	0	0	0
OG0000308	2	36	3	3	3	4	4	3	4	4	5	5	4	4	4	4	4
OG0000309	1	20	10	16	6	2	2	2	2	4	7	9	9	9	2	2	2
OG0000310	1	1	1	49	9	0	0	0	0	1	1	1	2	10	0	0	0
OG0000312	1	4	1	18	33	1	1	1	1	2	3	4	5	13	1	1	1
OG0000315	1	51	1	2	2	1	1	1	1	2	3	3	3	2	1	1	1
OG0000316	1	20	7	7	7	5	5	5	4	3	6	7	7	7	5	5	5
OG0000318	5	19	5	7	6	5	5	5	4	6	7	7	7	7	5	5	5
OG0000319	10	20	3	2	10	4	4	4	4	9	7	7	6	6	4	4	4
OG0000322	1	2	2	52	3	0	0	0	0	2	2	2	3	7	0	0	0
OG0000325	3	40	2	6	1	2	2	2	2	4	5	5	4	4	2	2	2
OG0000327	2	8	10	10	10	4	6	6	4	4	6	7	8	9	5	5	5
OG0000328	1	30	4	5	4	4	2	6	4	3	5	6	5	5	4	4	4
OG0000329	2	12	9	5	26	1	2	1	2	4	6	7	8	9	2	2	2
OG0000330	5	20	4	4	8	4	5	4	6	6	6	6	6	6	5	4	5
OG0000331	3	37	2	4	2	3	3	3	3	4	5	5	4	4	3	3	3
OG0000332	1	29	2	5	2	5	6	5	5	3	5	5	4	4	5	5	5
OG0000333	10	41	1	4	0	1	1	1	1	8	6	6	4	3	1	1	1
OG0000335	18	20	3	9	1	2	2	2	2	12	7	7	6	6	2	2	2
OG0000336	3	19	7	8	9	3	4	3	3	5	7	8	8	8	3	3	3
OG0000337	4	1	3	25	26	0	0	0	0	4	4	4	6	15	0	0	0
OG0000338	11	31	2	3	4	2	2	2	2	9	7	7	5	4	2	2	2
OG0000339	4	8	7	8	2	7	10	7	6	5	6	6	6	6	7	7	7
OG0000341	7	11	6	6	10	5	5	7	2	7	7	7	7	7	5	5	5
OG0000345	3	55	1	0	0	0	0	0	0	3	3	3	1	0	0	0	0
OG0000347	6	15	18	15	4	0	0	0	0	7	8	9	10	10	0	0	0
OG0000348	2	3	5	7	12	7	7	7	8	4	5	5	5	6	7	7	7
OG0000349	1	41	2	3	7	1	1	1	1	2	4	5	4	4	1	1	1
OG0000350	1	6	10	5	10	7	5	7	7	3	6	6	7	7	7	7	7
OG0000351	6	11	5	8	5	6	6	6	5	6	6	6	6	6	6	6	6
OG0000353	7	8	6	9	7	6	5	4	6	7	7	7	7	7	6	6	6
OG0000354	46	3	4	2	3	0	0	0	0	23	5	4	4	3	0	0	0
OG0000355	5	10	6	7	7	6	5	6	6	6	7	7	7	7	6	6	6
OG0000356	56	0	2	0	0	0	0	0	0	25	2	1	1	0	0	0	0
OG0000358	4	5	8	12	19	3	2	3	1	5	6	6	7	10	3	3	3
OG0000359	8	18	6	3	8	3	3	3	5	8	7	7	7	6	4	3	4
OG0000360	2	2	1	5	47	0	0	0	0	2	2	2	3	7	0	0	0
OG0000362	7	0	10	24	15	0	0	0	0	6	5	5	8	12	0	0	0
OG0000366	1	28	8	10	9	0	0	0	0	3	5	8	8	8	0	0	0
OG0000367	1	0	2	27	7	2	6	7	4	2	3	3	4	8	4	4	4
OG0000369	3	39	3	2	1	2	2	2	2	4	4	4	4	3	2	2	2
OG0000370	2	22	4	4	6	4	5	5	4	4	5	5	5	5	4	4	4
OG0000371	3	31	4	3	4	3	3	3	2	4	5	5	5	4	3	3	3
OG0000372	1	23	9	9	6	2	2	2	2	3	6	7	7	7	2	2	2
OG0000373	50	0	3	2	1	0	0	0	0	23	3	2	2	2	0	0	0
OG0000374	7	18	5	9	7	3	3	2	2	7	7	7	7	7	3	3	2
OG0000376	9	10	8	7	4	3	3	6	5	8	7	7	7	7	5	3	5
OG0000377	31	3	7	9	5	0	0	0	0	18	7	7	7	7	0	0	0
OG0000378	2	19	3	5	12	4	2	4	4	4	6	6	6	6	4	4	4
OG0000379	1	45	2	2	1	1	1	1	1	2	3	3	3	2	1	1	1
OG0000380	1	47	1	1	1	1	1	1	1	2	2	2	2	1	1	1	1
OG0000381	3	28	4	4	5	3	3	3	2	4	5	6	5	5	3	3	3
OG0000382	5	22	3	5	8	3	3	3	3	6	6	6	6	6	3	3	3
OG0000383	21	15	3	4	3	2	2	2	3	13	7	7	6	5	2	2	2
OG0000384	5	11	9	7	10	3	4	3	3	6	7	7	7	7	3	3	3
OG0000385	2	19	11	7	4	3	3	3	3	4	6	7	7	7	3	3	3
OG0000386	3	19	4	4	4	5	6	5	5	4	5	5	5	5	5	5	5
OG0000387	1	4	4	3	8	9	10	7	9	3	4	4	4	4	8	9	8
OG0000388	2	40	2	2	1	2	2	2	2	3	4	4	3	2	2	2	2
OG0000391	2	20	15	5	4	2	2	2	2	4	6	7	7	6	2	2	2
OG0000392	1	14	8	10	14	2	3	1	1	3	6	7	8	9	2	2	1
OG0000393	4	25	7	7	3	2	3	2	1	5	6	7	7	6	2	2	2
OG0000395	2	3	2	7	4	8	8	11	9	3	4	4	4	4	8	8	9
OG0000398	7	18	5	7	4	3	3	3	3	7	6	6	6	6	3	3	3
OG0000400	3	6	13	12	6	4	3	5	1	5	6	7	8	8	4	4	4
OG0000401	4	29	2	6	2	3	3	3	1	5	5	5	4	4	3	3	3
OG0000402	5	0	4	20	24	0	0	0	0	5	4	4	5	13	0	0	0
OG0000403	1	33	2	3	4	3	3	3	1	3	4	4	4	4	3	3	3
OG0000404	47	0	1	5	0	0	0	0	0	21	2	2	2	2	0	0	0
OG0000405	4	6	4	4	2	7	10	8	8	4	4	4	4	4	8	8	8
OG0000407	1	40	3	3	2	1	1	1	1	2	3	4	4	3	1	1	1
OG0000408	1	44	1	2	1	1	2	1	0	2	3	3	2	2	1	1	1
OG0000416	1	41	2	2	2	1	1	1	1	2	3	3	3	3	1	1	1
OG0000417	9	16	8	7	4	2	2	2	2	8	7	7	7	7	2	2	2
OG0000418	2	30	3	3	5	1	2	3	3	3	5	5	4	4	3	2	3
OG0000419	1	32	2	4	5	2	2	2	2	3	4	5	4	4	2	2	2
OG0000420	1	42	1	2	2	1	1	1	1	2	3	3	2	2	1	1	1
OG0000422	9	7	2	8	13	3	3	3	3	8	6	6	6	7	3	3	3
OG0000424	10	5	8	11	8	2	2	3	2	9	7	7	7	8	3	2	3
OG0000425	1	42	2	2	0	1	1	1	1	2	3	3	2	2	1	1	1
OG0000426	1	23	4	8	9	2	2	1	1	3	5	6	6	7	2	2	1
OG0000427	3	33	1	4	2	2	2	2	2	4	4	4	3	3	2	2	2
OG0000428	5	6	5	7	20	2	2	2	2	5	5	5	6	8	2	2	2
OG0000429	3	22	8	3	6	3	1	3	2	5	6	7	7	6	3	3	3
OG0000430	3	19	2	2	1	3	3	4	14	4	4	4	3	2	4	3	5
OG0000431	2	31	5	3	3	2	2	2	1	3	4	5	5	4	2	2	2
OG0000434	28	0	23	0	0	0	0	0	0	15	4	4	4	1	0	0	0
OG0000435	5	2	6	8	5	6	6	6	6	5	5	5	5	5	6	6	6
OG0000437	11	14	4	7	6	2	2	2	2	9	7	7	7	7	2	2	2
OG0000439	2	26	2	5	9	2	1	2	1	3	4	5	5	5	2	2	2
OG0000440	3	32	6	2	3	1	1	1	1	4	5	5	5	4	1	1	1
OG0000441	19	8	7	1	5	1	2	2	5	12	6	6	6	5	3	2	3
OG0000442	4	13	6	7	5	2	4	4	5	5	6	6	6	6	4	3	4
OG0000444	4	20	3	4	8	3	3	3	2	5	5	5	5	5	3	3	3
OG0000446	4	0	0	0	35	2	5	2	2	3	2	2	2	3	2	2	2
OG0000447	5	6	1	0	2	10	10	6	10	5	4	4	2	2	8	10	8
OG0000450	1	2	10	0	37	0	0	0	0	2	2	3	5	6	0	0	0
OG0000453	2	29	2	4	4	2	1	2	3	3	4	4	4	4	2	2	2
OG0000455	3	18	4	6	5	3	3	3	4	4	5	5	5	5	3	3	3
OG0000459	1	5	11	17	15	0	0	0	0	3	4	5	8	11	0	0	0
OG0000460	11	12	5	4	5	2	4	3	3	9	6	6	6	5	3	3	3
OG0000461	1	37	2	2	3	1	1	1	1	2	3	4	3	3	1	1	1
OG0000462	1	40	1	1	1	1	2	1	1	2	2	2	1	1	1	1	1
OG0000463	2	38	2	2	1	1	1	1	1	3	3	3	2	2	1	1	1
OG0000465	1	9	1	2	4	7	8	9	8	2	3	3	3	3	7	7	8
OG0000470	2	3	1	27	15	0	0	0	0	3	3	3	4	11	0	0	0
OG0000471	1	19	14	2	12	0	0	0	0	3	5	7	7	7	0	0	0
OG0000472	1	40	1	1	1	1	1	1	1	2	2	2	1	1	1	1	1
OG0000473	35	2	1	2	0	2	2	2	2	18	4	3	2	2	2	2	2
OG0000474	1	42	1	2	2	0	0	0	0	2	2	3	2	2	0	0	0
OG0000475	45	0	1	0	0	1	1	0	0	21	2	1	1	0	1	1	0
OG0000476	1	0	1	45	0	0	0	0	0	1	1	1	1	3	0	0	0
OG0000478	3	19	6	2	4	3	4	3	3	4	5	5	5	4	3	3	3
OG0000479	5	11	6	8	7	3	3	3	1	6	6	6	6	6	3	3	3
OG0000480	3	23	5	5	7	1	1	1	1	4	5	6	6	6	1	1	1
OG0000482	5	21	3	3	3	3	3	4	2	5	5	5	4	4	3	3	3
OG0000483	3	12	4	5	6	4	4	5	4	4	5	5	5	5	4	4	4
OG0000484	7	16	4	5	3	3	3	3	3	7	6	6	5	5	3	3	3
OG0000486	3	36	0	2	1	1	2	1	1	3	3	3	2	2	1	1	1
OG0000487	1	37	1	2	2	1	1	1	1	2	3	3	2	2	1	1	1
OG0000491	6	17	1	2	2	5	4	5	4	6	5	5	3	3	5	5	5
OG0000493	2	13	6	4	5	4	4	4	4	4	5	5	5	5	4	4	4
OG0000495	1	38	1	1	1	1	1	1	1	2	2	2	1	1	1	1	1
OG0000496	4	13	3	8	6	3	3	3	3	5	5	5	5	6	3	3	3
OG0000497	3	8	4	6	6	5	5	4	5	4	5	5	5	5	5	5	5
OG0000498	1	36	1	2	2	1	1	1	1	2	2	2	2	2	1	1	1
OG0000499	3	19	4	5	3	3	3	3	3	4	5	5	5	5	3	3	3
OG0000501	1	22	4	6	3	3	3	2	2	3	5	5	5	5	3	3	2
OG0000502	3	25	2	4	4	2	2	2	2	4	4	4	4	4	2	2	2
OG0000503	17	7	5	4	1	3	3	4	2	11	6	6	5	4	3	3	3
OG0000504	7	6	2	4	11	3	5	2	6	6	5	5	5	5	4	4	4
OG0000505	1	32	1	3	1	2	2	2	2	2	3	3	3	3	2	2	2
OG0000506	5	34	1	2	1	1	1	1	0	5	4	4	3	2	1	1	1
OG0000507	2	2	0	0	0	13	11	12	6	2	2	2	0	0	9	12	9
OG0000511	2	16	3	3	8	3	3	4	3	3	4	4	4	4	3	3	3
OG0000512	1	26	4	5	5	1	1	1	1	3	4	5	5	5	1	1	1
OG0000513	1	26	4	3	3	2	2	2	2	3	4	4	4	4	2	2	2
OG0000515	8	9	6	6	8	3	3	2	0	7	6	6	6	6	3	3	2
OG0000517	6	5	3	5	6	4	5	6	5	6	5	5	5	5	5	4	5
OG0000518	4	1	5	9	6	4	4	9	3	4	4	4	4	5	4	4	4
OG0000520	4	4	5	4	12	4	4	4	4	5	5	5	5	5	4	4	4
OG0000522	14	9	2	8	8	1	1	1	1	10	6	6	6	7	1	1	1
OG0000528	5	17	6	5	7	1	1	1	1	6	6	6	6	6	1	1	1
OG0000529	2	33	1	2	1	1	2	1	1	2	2	2	2	2	1	1	1
OG0000531	2	21	4	5	4	2	2	2	2	3	4	5	5	5	2	2	2
OG0000532	6	23	6	1	2	1	2	1	2	6	6	6	5	3	2	2	2
OG0000533	2	0	0	32	10	0	0	0	0	2	2	2	2	9	0	0	0
OG0000534	3	20	5	7	2	2	2	2	1	4	5	5	5	5	2	2	2
OG0000537	6	7	4	6	12	2	3	2	2	6	5	5	5	6	2	2	2
OG0000538	3	22	2	5	2	2	4	2	2	4	4	4	4	4	2	2	2
OG0000539	1	1	1	2	2	14	13	6	4	2	2	2	2	2	7	13	6
OG0000540	7	7	3	6	3	4	4	5	5	6	5	5	5	5	5	4	5
OG0000541	4	31	1	2	2	1	1	1	1	4	4	4	3	3	1	1	1
OG0000547	2	8	3	6	5	5	5	5	4	4	5	5	5	5	5	5	5
OG0000548	1	27	2	3	3	2	2	2	1	2	3	3	3	3	2	2	2
OG0000549	4	3	13	9	6	2	2	2	2	5	5	5	6	6	2	2	2
OG0000550	7	13	2	3	2	4	4	4	4	6	5	5	4	3	4	4	4
OG0000551	4	9	3	6	4	3	3	7	4	4	4	4	4	4	4	3	4
OG0000552	1	6	1	2	4	9	10	3	7	2	3	3	3	3	6	9	6
OG0000553	1	18	2	2	4	4	4	3	5	2	3	3	3	3	4	4	4
OG0000554	3	24	2	1	5	2	2	2	2	3	3	3	3	3	2	2	2
OG0000555	12	8	3	2	11	2	3	1	1	8	5	5	5	5	2	2	1
OG0000556	1	20	6	2	3	2	3	3	3	3	5	5	5	4	3	3	3
OG0000557	4	22	2	5	2	2	2	2	2	4	4	4	4	4	2	2	2
OG0000558	2	23	2	2	6	2	2	2	2	3	4	4	4	4	2	2	2
OG0000562	1	32	1	2	1	1	1	1	2	2	2	2	2	2	1	1	1
OG0000564	1	23	3	3	4	2	2	2	2	3	4	4	4	4	2	2	2
OG0000565	2	2	12	10	4	3	3	3	3	3	4	4	6	6	3	3	3
OG0000566	1	6	1	31	3	0	0	0	0	2	3	3	3	6	0	0	0
OG0000567	3	14	7	4	4	2	3	2	3	4	5	5	5	5	3	3	3
OG0000568	3	3	3	1	1	9	12	5	5	3	3	3	3	2	6	9	5
OG0000569	2	19	3	6	2	2	3	2	3	3	4	4	4	4	2	2	2
OG0000570	2	22	2	3	5	2	2	2	2	3	4	4	4	4	2	2	2
OG0000571	2	24	2	2	7	1	1	1	2	3	4	4	4	4	1	1	1
OG0000572	1	34	1	1	1	1	1	1	1	2	2	2	1	1	1	1	1
OG0000573	6	15	3	5	5	2	2	2	2	6	5	5	5	5	2	2	2
OG0000574	5	12	3	5	4	3	3	3	4	5	5	5	5	5	3	3	3
OG0000575	4	6	3	0	0	12	10	7	0	4	4	4	3	1	6	11	6
OG0000579	3	19	3	2	6	2	2	2	2	4	4	4	4	4	2	2	2
OG0000580	3	26	1	4	2	1	2	1	1	3	3	3	3	3	1	1	1
OG0000583	2	14	4	3	8	2	2	2	4	4	5	5	5	5	3	2	3
OG0000585	1	6	5	7	14	3	3	1	1	3	4	5	5	7	2	3	1
OG0000586	2	24	3	4	4	1	1	1	1	3	4	4	4	4	1	1	1
OG0000587	3	9	7	6	12	1	1	1	1	4	5	6	6	7	1	1	1
OG0000588	4	8	3	6	7	2	3	3	5	5	5	5	5	5	3	3	3
OG0000589	4	9	4	6	6	3	3	3	3	5	5	5	5	5	3	3	3
OG0000590	2	3	3	2	2	8	7	7	7	3	3	3	3	3	7	8	7
OG0000591	2	22	3	3	2	2	3	2	2	3	3	3	3	3	2	2	2
OG0000592	5	8	2	5	9	3	3	3	3	5	5	5	5	5	3	3	3
OG0000593	1	25	5	2	0	2	2	2	2	2	3	3	3	2	2	2	2
OG0000594	6	24	2	2	3	1	1	1	1	5	4	4	3	3	1	1	1
OG0000595	1	32	1	2	1	1	1	1	1	2	2	2	2	2	1	1	1
OG0000596	3	17	3	2	2	3	3	4	4	4	4	4	4	3	4	3	4
OG0000597	1	35	1	2	2	0	0	0	0	2	2	2	2	2	0	0	0
OG0000598	17	9	2	2	7	1	1	1	1	11	5	5	4	4	1	1	1
OG0000600	7	21	5	2	5	0	0	0	1	6	5	5	5	4	1	0	1
OG0000602	2	22	3	2	4	2	2	2	2	3	4	4	4	4	2	2	2
OG0000603	1	0	0	0	3	11	8	7	11	1	1	1	1	1	8	10	8
OG0000605	6	0	0	0	35	0	0	0	0	4	1	1	1	2	0	0	0
OG0000608	1	0	0	35	4	0	0	0	0	1	1	1	1	5	0	0	0
OG0000609	2	3	2	13	13	2	2	2	1	3	4	4	4	8	2	2	2
OG0000611	2	6	3	6	5	5	6	5	2	3	4	4	4	4	4	5	4
OG0000612	2	8	2	6	7	4	5	3	3	3	4	4	4	5	3	4	3
OG0000613	2	16	3	5	3	3	2	3	3	3	4	4	4	4	3	3	3
OG0000615	2	30	1	2	2	1	1	1	0	2	3	3	2	2	1	1	1
OG0000616	3	29	1	1	1	1	2	1	1	3	3	3	2	2	1	1	1
OG0000617	12	4	3	5	11	1	0	2	2	8	5	5	5	6	2	1	2
OG0000618	1	1	6	9	8	4	4	4	3	3	4	4	5	6	4	4	4
OG0000619	3	6	11	6	10	1	1	1	1	4	5	6	7	7	1	1	1
OG0000621	3	10	3	6	3	4	4	3	4	4	4	4	4	4	4	4	4
OG0000622	6	11	3	6	2	3	3	3	3	5	4	4	4	4	3	3	3
OG0000624	5	9	4	2	5	4	5	4	2	5	4	4	4	4	4	4	4
OG0000625	3	3	8	12	6	2	2	2	2	4	4	4	6	7	2	2	2
OG0000626	1	31	1	2	1	1	1	1	1	2	2	2	2	2	1	1	1
OG0000627	3	21	2	2	4	2	2	2	2	3	3	3	3	3	2	2	2
OG0000629	9	1	4	6	9	3	3	2	3	7	5	5	5	6	3	3	3
OG0000630	3	6	2	1	5	5	5	6	7	3	3	3	3	3	5	5	6
OG0000631	1	31	1	2	1	1	1	1	1	2	2	2	2	2	1	1	1
OG0000634	7	1	0	0	0	9	11	4	8	5	3	1	0	0	7	9	7
OG0000637	12	28	0	0	0	0	0	0	0	8	4	4	1	0	0	0	0
OG0000639	2	9	5	6	5	3	3	3	3	4	5	5	5	5	3	3	3
OG0000640	2	12	3	7	7	2	2	2	2	3	4	4	4	5	2	2	2
OG0000641	20	8	2	1	4	1	1	1	1	12	5	5	4	3	1	1	1
OG0000642	4	19	3	3	6	1	1	1	1	4	4	4	4	4	1	1	1
OG0000643	10	14	3	5	3	1	1	1	1	8	5	5	5	5	1	1	1
OG0000645	3	2	5	4	3	6	5	6	5	4	4	4	4	4	6	6	6
OG0000646	2	3	7	8	4	4	4	3	4	3	4	4	5	5	4	4	4
OG0000647	1	30	1	1	1	1	1	2	1	1	2	2	1	1	1	1	1
OG0000648	6	8	3	5	2	4	4	4	3	5	4	4	4	4	4	4	4
OG0000649	2	0	10	5	10	3	3	3	3	3	3	3	5	6	3	3	3
OG0000650	2	11	3	4	4	4	4	4	3	3	4	4	4	4	4	4	4
OG0000651	2	14	3	10	6	1	1	1	1	3	4	5	5	6	1	1	1
OG0000652	6	3	4	2	3	5	6	6	4	5	4	4	4	3	5	5	5
OG0000653	8	13	4	3	1	2	2	3	3	7	5	5	4	3	3	2	3
OG0000654	1	31	1	1	1	1	1	1	1	2	2	2	1	1	1	1	1
OG0000656	2	18	0	0	3	8	4	3	1	3	3	3	2	2	4	5	3
OG0000661	1	12	8	5	4	2	2	2	2	3	4	5	5	5	2	2	2
OG0000662	1	28	1	2	2	1	1	1	1	2	2	2	2	2	1	1	1
OG0000665	2	4	3	6	3	2	2	6	10	3	4	4	4	4	4	2	6
OG0000667	4	13	2	3	4	3	3	3	3	4	4	4	4	4	3	3	3
OG0000668	2	18	4	5	0	2	2	3	2	3	4	4	4	4	2	2	2
OG0000669	1	27	1	3	2	1	1	1	1	2	3	3	3	3	1	1	1
OG0000670	3	28	1	1	2	1	1	1	0	3	3	3	2	2	1	1	1
OG0000672	1	19	4	2	6	2	1	2	1	3	4	4	4	4	2	2	2
OG0000674	7	0	17	12	2	0	0	0	0	6	5	5	6	6	0	0	0
OG0000676	5	11	3	3	4	3	3	3	3	5	4	4	4	4	3	3	3
OG0000677	2	19	2	3	4	2	2	2	2	3	4	4	4	4	2	2	2
OG0000679	2	20	2	3	5	2	1	2	1	3	4	4	4	4	2	2	2
OG0000680	1	0	0	6	31	0	0	0	0	1	1	1	1	6	0	0	0
OG0000681	1	29	1	2	1	1	1	1	1	2	2	2	2	2	1	1	1
OG0000682	2	31	1	2	2	0	0	0	0	2	2	2	2	2	0	0	0
OG0000683	2	17	2	4	4	2	3	2	2	3	4	4	4	4	2	2	2
OG0000684	6	11	4	2	7	2	2	2	2	6	5	5	5	5	2	2	2
OG0000685	3	3	3	3	2	5	7	7	5	3	3	3	3	3	5	5	5
OG0000687	4	10	3	3	4	4	5	3	2	4	4	4	4	4	3	4	3
OG0000688	1	4	2	23	4	1	1	1	1	2	3	3	3	6	1	1	1
OG0000689	1	4	3	3	3	8	10	3	3	2	3	3	3	3	4	8	3
OG0000690	5	26	1	2	0	1	1	1	1	5	4	4	2	2	1	1	1
OG0000691	2	15	2	3	10	1	2	2	1	3	4	4	4	4	2	2	2
OG0000698	1	26	1	9	0	0	0	0	0	2	2	3	3	3	0	0	0
OG0000700	8	7	2	3	3	3	3	4	4	6	4	4	3	3	4	3	4
OG0000701	4	21	2	4	2	1	1	1	1	4	4	4	4	4	1	1	1
OG0000702	3	9	4	5	4	3	3	3	3	4	4	4	4	4	3	3	3
OG0000703	5	4	4	5	9	2	2	3	3	5	5	5	5	5	3	2	3
OG0000704	1	2	3	2	1	6	8	6	8	2	2	2	2	2	6	6	6
OG0000705	3	12	2	2	6	3	3	3	3	4	4	4	4	4	3	3	3
OG0000707	11	3	4	4	3	3	3	3	3	7	4	4	4	4	3	3	3
OG0000708	2	6	2	8	8	3	3	3	2	3	4	4	4	5	3	3	3
OG0000710	1	26	1	2	2	1	2	1	1	2	2	2	2	2	1	1	1
OG0000712	3	13	2	4	6	3	2	2	2	4	4	4	4	4	3	3	2
OG0000713	12	1	1	5	5	3	3	4	3	8	4	4	4	4	3	3	3
OG0000714	2	11	4	6	2	3	3	3	3	3	4	4	4	4	3	3	3
OG0000716	2	20	2	2	2	2	3	2	2	3	3	3	3	3	2	2	2
OG0000718	1	8	8	6	2	3	3	3	3	3	4	5	5	5	3	3	3
OG0000719	3	12	3	5	2	2	3	4	3	4	4	4	4	4	3	3	3
OG0000720	7	11	2	4	4	2	2	2	3	6	4	4	4	4	2	2	2
OG0000721	3	16	5	2	3	2	2	2	2	4	4	4	4	3	2	2	2
OG0000722	4	10	4	2	3	4	3	4	3	4	4	4	4	3	4	4	4
OG0000723	1	11	7	3	7	2	2	2	2	3	4	5	5	5	2	2	2
OG0000724	3	2	0	2	5	5	6	3	11	3	3	3	3	3	5	5	5
OG0000725	1	30	1	1	0	1	1	1	1	1	2	2	1	1	1	1	1
OG0000726	1	0	0	0	36	0	0	0	0	1	1	1	1	2	0	0	0
OG0000731	4	3	4	5	3	4	5	4	4	4	4	4	4	4	4	4	4
OG0000732	4	0	5	22	5	0	0	0	0	4	3	3	4	6	0	0	0
OG0000733	1	7	4	7	6	3	3	3	2	3	4	4	4	5	3	3	3
OG0000736	1	26	1	1	2	1	1	1	2	2	2	2	2	2	1	1	1
OG0000738	1	16	4	4	1	3	3	3	1	3	4	4	4	4	3	3	3
OG0000740	1	26	1	2	2	1	1	1	1	2	2	2	2	2	1	1	1
OG0000741	1	3	2	17	9	1	1	1	1	2	3	3	3	7	1	1	1
OG0000742	10	2	3	1	0	7	0	7	6	7	4	3	3	2	6	6	6
OG0000743	1	27	2	2	0	1	1	1	1	2	2	2	2	2	1	1	1
OG0000744	5	12	3	4	1	3	3	3	2	5	4	4	4	4	3	3	3
OG0000747	1	0	16	7	12	0	0	0	0	2	2	2	6	7	0	0	0
OG0000749	1	13	2	4	4	3	3	3	3	3	4	4	4	4	3	3	3
OG0000750	2	19	2	3	2	2	2	2	2	3	3	3	3	3	2	2	2
OG0000751	1	21	1	1	1	2	3	3	3	2	3	3	2	2	3	3	3
OG0000752	3	11	3	4	3	3	3	3	3	4	4	4	4	4	3	3	3
OG0000753	1	26	1	2	1	1	2	1	1	2	2	2	2	2	1	1	1
OG0000754	1	25	1	2	3	1	1	1	1	2	2	2	2	2	1	1	1
OG0000755	1	27	1	2	1	1	1	1	1	2	2	2	2	2	1	1	1
OG0000756	5	2	1	8	20	0	0	0	0	4	3	3	3	7	0	0	0
OG0000757	2	0	4	4	5	5	5	5	6	3	3	3	3	3	5	5	5
OG0000759	4	11	1	2	2	3	4	4	5	4	4	4	3	3	4	4	4
OG0000767	2	1	1	11	15	1	1	0	3	2	2	2	2	7	1	1	1
OG0000768	5	13	4	5	4	1	1	1	1	5	5	5	5	5	1	1	1
OG0000770	2	10	3	5	3	3	3	3	3	3	4	4	4	4	3	3	3
OG0000771	2	7	6	4	4	3	3	3	3	3	4	4	4	4	3	3	3
OG0000773	4	3	2	13	6	2	2	2	1	4	4	4	4	6	2	2	2
OG0000774	1	27	1	1	1	1	1	1	1	1	2	2	1	1	1	1	1
OG0000775	3	20	1	5	2	1	1	1	1	3	3	3	3	3	1	1	1
OG0000778	4	8	4	3	1	4	4	4	3	4	4	4	4	3	4	4	4
OG0000779	3	9	4	6	5	2	2	2	2	4	4	5	5	5	2	2	2
OG0000780	1	21	2	3	1	2	2	2	1	2	3	3	3	3	2	2	2
OG0000781	11	6	2	5	4	2	1	1	3	7	4	4	4	4	2	2	2
OG0000782	2	25	0	2	2	1	1	1	1	2	2	2	2	2	1	1	1
OG0000786	3	16	0	4	0	3	2	4	3	3	3	3	2	2	3	3	3
OG0000787	5	5	3	3	2	3	3	7	4	4	3	3	3	3	4	3	4
OG0000788	3	20	2	1	1	2	2	2	2	3	3	3	2	2	2	2	2
OG0000789	1	15	2	4	6	2	2	2	1	3	4	4	4	4	2	2	2
OG0000790	2	26	1	2	0	1	1	1	1	2	2	2	2	2	1	1	1
OG0000791	1	26	1	2	0	1	2	1	1	2	2	2	2	2	1	1	1
OG0000793	1	3	4	0	3	6	7	5	6	2	3	3	3	3	6	6	6
OG0000799	1	21	1	2	4	1	2	1	1	2	3	3	3	3	1	1	1
OG0000800	1	26	0	2	1	1	1	1	1	2	2	2	2	2	1	1	1
OG0000801	6	4	3	5	3	3	4	3	3	5	4	4	4	4	3	3	3
OG0000803	7	9	4	9	5	0	0	0	0	6	5	5	5	6	0	0	0
OG0000806	1	22	2	4	1	1	1	1	1	2	3	3	3	3	1	1	1
OG0000807	8	0	16	8	2	0	0	0	0	6	4	4	5	5	0	0	0
OG0000808	2	7	3	6	8	2	2	2	2	3	4	4	4	5	2	2	2
OG0000809	5	7	2	5	6	3	1	3	2	5	4	4	4	4	3	3	3
OG0000810	1	27	1	1	0	1	1	1	1	1	2	2	1	1	1	1	1
OG0000811	3	2	3	8	6	3	3	3	3	3	3	3	3	4	3	3	3
OG0000812	2	7	3	6	4	3	3	3	3	3	4	4	4	4	3	3	3
OG0000813	1	12	4	5	5	2	2	2	1	3	4	4	4	4	2	2	2
OG0000814	3	15	1	4	3	2	2	2	2	3	3	3	3	3	2	2	2
OG0000815	11	7	2	4	2	3	2	2	1	8	5	5	4	4	3	3	2
OG0000816	4	14	2	3	3	2	2	2	2	4	4	4	3	3	2	2	2
OG0000817	1	13	2	4	3	5	1	3	2	2	3	3	3	3	3	3	3
OG0000819	3	5	6	5	4	3	3	3	2	4	4	4	4	4	3	3	3
OG0000820	1	23	3	4	0	1	1	1	0	2	3	3	3	3	1	1	1
OG0000821	2	15	3	4	2	2	2	2	2	3	3	3	3	3	2	2	2
OG0000824	5	15	3	3	2	2	1	1	2	5	4	4	4	3	2	2	2
OG0000825	2	11	6	2	5	2	2	2	2	3	4	4	4	4	2	2	2
OG0000827	2	0	15	0	17	0	0	0	0	2	2	2	4	4	0	0	0
OG0000830	1	3	1	3	18	1	2	2	2	2	3	3	3	4	2	2	2
OG0000832	1	25	1	1	1	1	1	1	1	1	2	2	1	1	1	1	1
OG0000835	1	8	4	8	8	1	1	1	1	3	4	5	5	6	1	1	1
OG0000838	2	15	2	3	3	2	2	2	2	3	3	3	3	3	2	2	2
OG0000839	1	22	1	2	2	1	1	1	2	2	2	2	2	2	1	1	1
OG0000840	1	5	3	6	3	4	4	2	5	2	3	3	3	3	4	4	4
OG0000841	1	8	5	6	8	2	0	1	2	3	4	5	5	6	2	2	2
OG0000842	1	8	16	2	2	1	1	1	1	2	3	4	4	3	1	1	1
OG0000844	3	9	3	5	4	2	2	3	2	4	4	4	4	4	2	2	2
OG0000845	1	25	1	2	0	1	1	1	1	2	2	2	2	2	1	1	1
OG0000846	1	21	3	3	1	1	1	1	1	2	3	3	3	3	1	1	1
OG0000847	1	17	2	4	4	1	2	1	1	2	3	3	3	3	1	1	1
OG0000848	2	0	0	30	1	0	0	0	0	2	1	1	1	3	0	0	0
OG0000849	3	5	7	4	10	1	1	1	1	4	4	4	5	5	1	1	1
OG0000850	16	8	1	4	0	1	1	1	1	10	4	4	3	3	1	1	1
OG0000852	1	19	2	2	3	2	2	1	1	2	3	3	3	3	2	2	1
OG0000853	4	13	2	3	3	2	2	2	2	4	3	3	3	3	2	2	2
OG0000854	5	9	9	3	2	1	2	1	1	5	5	5	5	4	1	1	1
OG0000858	3	21	1	2	2	1	1	1	1	3	3	3	2	2	1	1	1
OG0000859	2	15	1	4	3	2	2	2	2	3	3	3	3	3	2	2	2
OG0000861	4	5	3	3	2	3	4	4	5	4	3	3	3	3	4	4	4
OG0000862	1	24	1	2	1	1	1	1	1	2	2	2	2	2	1	1	1
OG0000863	5	8	1	4	4	3	3	2	3	5	4	4	4	4	3	3	3
OG0000864	2	9	4	4	6	2	2	2	2	3	4	4	4	4	2	2	2
OG0000866	10	16	0	2	2	1	0	1	1	7	4	4	2	2	1	1	1
OG0000867	1	23	1	2	0	1	2	1	2	2	2	2	2	2	1	1	1
OG0000870	5	1	1	0	4	6	6	4	6	4	3	2	2	2	5	6	5
OG0000872	25	3	1	0	1	0	3	0	0	12	2	2	1	1	1	1	0
OG0000878	9	4	3	3	5	2	2	2	2	7	4	4	4	4	2	2	2
OG0000879	12	5	2	2	2	3	3	2	1	8	4	4	3	3	3	3	2
OG0000880	3	5	5	1	7	3	3	2	3	4	4	4	4	4	3	3	3
OG0000881	3	17	2	3	3	1	1	1	1	3	3	3	3	3	1	1	1
OG0000882	1	20	2	3	1	1	1	1	2	2	2	2	2	2	1	1	1
OG0000885	17	1	1	7	6	0	0	0	0	9	3	3	3	4	0	0	0
OG0000886	1	7	3	4	4	3	2	5	3	2	3	3	3	3	3	3	3
OG0000888	1	23	1	2	1	1	1	1	1	2	2	2	2	2	1	1	1
OG0000889	11	1	10	5	1	1	1	1	1	7	4	4	4	4	1	1	1
OG0000890	1	17	2	4	4	1	1	1	1	2	3	3	3	3	1	1	1
OG0000891	1	13	1	5	4	2	2	2	2	2	3	3	3	3	2	2	2
OG0000892	5	7	4	7	3	1	3	1	1	5	4	4	4	4	1	1	1
OG0000893	1	20	2	4	1	1	1	1	1	2	3	3	3	3	1	1	1
OG0000894	1	22	1	1	3	1	1	1	1	2	2	2	2	2	1	1	1
OG0000895	2	4	6	2	2	4	4	4	4	3	3	3	3	3	4	4	4
OG0000896	3	12	2	4	3	2	2	2	2	3	3	3	3	3	2	2	2
OG0000897	6	10	2	7	3	1	1	1	1	5	4	4	4	4	1	1	1
OG0000899	2	22	0	2	0	2	2	1	1	2	2	2	2	2	2	2	1
OG0000900	2	13	2	4	1	2	3	3	2	3	3	3	3	3	2	2	2
OG0000901	1	23	1	1	1	1	2	1	1	1	1	1	1	1	1	1	1
OG0000902	3	22	1	2	0	1	1	1	1	3	3	3	2	2	1	1	1
OG0000903	1	5	1	4	9	3	3	3	3	2	3	3	3	4	3	3	3
OG0000904	2	1	2	2	4	5	7	5	4	2	2	2	2	2	5	5	5
OG0000905	2	3	2	4	0	6	5	4	6	2	2	2	2	2	5	6	5
OG0000906	1	19	1	2	3	1	2	1	2	2	2	2	2	2	2	2	2
OG0000907	1	20	1	2	4	1	1	1	1	2	3	3	3	3	1	1	1
OG0000908	2	24	1	0	1	1	1	1	1	2	2	2	1	1	1	1	1
OG0000914	29	0	3	0	0	0	0	0	0	13	1	1	1	0	0	0	0
OG0000915	1	10	3	6	4	2	1	2	2	3	4	4	4	4	2	2	2
OG0000916	12	0	1	10	8	0	0	0	0	7	3	3	3	5	0	0	0
OG0000917	3	12	1	3	4	2	2	2	2	3	3	3	3	3	2	2	2
OG0000919	1	23	2	1	0	1	1	1	1	2	2	2	2	1	1	1	1
OG0000921	7	5	3	5	6	3	1	0	1	6	4	4	4	4	2	2	1
OG0000922	1	4	6	5	6	2	2	3	2	2	3	4	4	4	2	2	2
OG0000923	10	0	3	12	6	0	0	0	0	7	4	4	4	6	0	0	0
OG0000924	2	5	6	4	2	3	3	3	3	3	4	4	4	4	3	3	3
OG0000925	1	17	1	2	3	2	2	2	1	2	3	3	3	3	2	2	2
OG0000926	3	9	3	5	3	2	2	2	2	4	4	4	4	4	2	2	2
OG0000927	4	4	3	2	3	3	4	3	5	4	3	3	3	3	3	3	3
OG0000928	4	5	2	3	5	3	3	3	3	4	4	4	4	4	3	3	3
OG0000929	3	5	2	3	4	4	4	3	3	3	3	3	3	3	3	4	3
OG0000930	1	16	5	1	0	2	2	2	2	2	3	3	3	2	2	2	2
OG0000931	1	20	1	4	1	1	1	1	1	2	2	2	2	2	1	1	1
OG0000932	4	6	4	6	3	1	3	2	2	4	4	4	4	4	2	2	2
OG0000933	1	1	2	9	2	4	4	4	4	2	2	2	2	3	4	4	4
OG0000934	1	23	1	2	0	1	1	1	1	2	2	2	2	2	1	1	1
OG0000935	11	8	3	3	2	1	1	1	1	7	4	4	4	3	1	1	1
OG0000936	5	8	4	4	2	2	2	2	2	5	4	4	4	4	2	2	2
OG0000937	2	13	1	3	2	2	3	3	2	3	3	3	3	3	2	2	2
OG0000938	2	11	2	4	5	2	2	2	1	3	4	4	4	4	2	2	2
OG0000939	1	23	1	2	0	1	1	1	1	2	2	2	2	2	1	1	1
OG0000940	1	22	1	2	1	1	1	1	1	2	2	2	2	2	1	1	1
OG0000941	1	22	1	1	2	1	1	1	1	2	2	2	2	2	1	1	1
OG0000942	5	14	1	2	1	2	2	2	2	4	3	3	2	2	2	2	2
OG0000943	1	9	3	4	2	3	3	3	3	2	3	3	3	3	3	3	3
OG0000944	2	19	1	1	3	1	2	1	1	2	2	2	2	2	1	1	1
OG0000945	8	9	2	5	2	1	2	1	1	6	4	4	4	4	1	1	1
OG0000947	4	5	3	7	12	0	0	0	0	4	4	4	4	6	0	0	0
OG0000948	2	5	3	6	4	2	3	3	3	3	4	4	4	4	3	3	3
OG0000949	1	4	2	6	2	4	4	4	4	2	3	3	3	3	4	4	4
OG0000950	2	11	2	4	6	1	1	2	2	3	4	4	4	4	2	1	2
OG0000951	1	23	1	2	0	1	1	1	1	2	2	2	2	2	1	1	1
OG0000952	6	12	2	1	1	2	3	2	2	5	4	4	3	2	2	2	2
OG0000954	1	1	3	4	18	1	1	1	1	2	2	2	3	5	1	1	1
OG0000955	1	0	1	1	0	5	6	8	9	1	1	1	1	1	6	5	8
OG0000957	7	1	9	5	4	1	2	1	1	6	4	4	4	4	1	1	1
OG0000965	3	10	2	4	4	2	2	2	1	3	3	3	3	3	2	2	2
OG0000966	3	20	2	3	2	0	0	0	0	3	3	3	3	3	0	0	0
OG0000968	1	6	3	4	4	3	3	3	3	2	3	3	3	3	3	3	3
OG0000970	1	21	1	2	1	1	1	1	1	2	2	2	2	2	1	1	1
OG0000971	3	1	3	7	10	2	2	1	1	3	3	3	3	5	2	2	1
OG0000972	3	2	2	2	2	4	5	6	4	3	2	2	2	2	4	4	4
OG0000973	2	20	2	1	2	1	1	1	0	2	2	2	2	2	1	1	1
OG0000975	3	8	2	3	4	3	2	3	2	3	3	3	3	3	3	3	3
OG0000976	2	9	3	6	2	2	2	2	2	3	3	3	3	3	2	2	2
OG0000977	2	8	9	3	4	1	1	1	1	3	4	4	4	4	1	1	1
OG0000978	8	5	3	3	2	2	3	2	2	5	3	3	3	3	2	2	2
OG0000979	3	7	1	7	2	3	3	2	2	3	3	3	3	3	2	3	2
OG0000981	1	21	1	1	1	1	1	1	2	1	1	1	1	1	1	1	1
OG0000982	2	11	2	4	3	2	2	2	2	3	3	3	3	3	2	2	2
OG0000984	1	12	2	3	3	3	2	2	2	2	3	3	3	3	2	2	2
OG0000985	4	10	2	3	3	2	2	2	2	4	3	3	3	3	2	2	2
OG0000986	2	3	3	6	5	3	2	3	3	3	3	3	3	4	3	3	3
OG0000987	1	8	2	6	2	3	4	2	2	2	3	3	3	3	2	3	2
OG0000988	1	19	1	2	3	1	1	1	1	2	2	2	2	2	1	1	1
OG0000989	1	20	4	2	3	0	0	0	0	2	3	3	3	3	0	0	0
OG0000990	6	7	1	3	5	2	2	2	2	5	4	4	4	4	2	2	2
OG0000991	5	7	6	6	2	1	1	1	1	5	4	4	4	4	1	1	1
OG0000992	2	4	3	9	5	2	2	1	2	3	3	3	3	5	2	2	2
OG0000993	1	3	1	4	1	6	7	3	4	2	2	2	2	2	4	6	4
OG0000994	3	11	1	4	7	1	1	1	1	3	3	3	3	4	1	1	1
OG0000995	1	19	1	2	3	1	1	1	1	2	2	2	2	2	1	1	1
OG0000996	3	3	3	5	5	3	2	3	3	3	3	3	3	4	3	3	3
OG0000998	1	5	5	3	5	3	3	2	3	3	4	4	4	4	3	3	3
OG0000999	2	20	1	1	1	1	1	1	2	2	2	2	1	1	1	1	1
OG0001000	5	10	2	1	4	2	2	2	2	4	3	3	3	3	2	2	2
OG0001002	3	8	2	4	5	2	2	2	2	4	4	4	4	4	2	2	2
OG0001003	5	2	1	1	3	3	3	5	7	4	2	2	2	2	4	3	5
OG0001013	29	1	0	0	0	0	0	0	0	13	1	1	0	0	0	0	0
OG0001014	1	19	1	2	1	1	1	1	2	2	2	2	2	2	1	1	1
OG0001016	1	5	4	9	10	0	0	0	0	2	3	4	4	6	0	0	0
OG0001019	1	1	2	2	4	5	5	5	4	2	2	2	2	2	5	5	5
OG0001020	7	1	3	4	6	2	2	2	2	5	3	3	3	4	2	2	2
OG0001021	10	0	6	8	5	0	0	0	0	7	4	4	5	5	0	0	0
OG0001023	3	6	2	5	6	2	2	2	1	3	3	3	3	4	2	2	2
OG0001024	5	7	1	2	2	3	3	3	3	4	3	3	2	2	3	3	3
OG0001025	1	11	3	4	2	2	2	2	2	2	3	3	3	3	2	2	2
OG0001026	16	3	2	1	3	1	1	1	1	9	3	3	3	3	1	1	1
OG0001027	6	3	4	6	2	2	2	2	2	5	4	4	4	4	2	2	2
OG0001028	15	1	2	3	8	0	0	0	0	8	3	3	3	3	0	0	0
OG0001029	1	0	0	26	2	0	0	0	0	1	1	1	1	3	0	0	0
OG0001030	2	6	1	2	1	4	4	5	4	2	2	2	2	2	4	4	4
OG0001031	3	3	3	5	3	3	3	3	3	3	3	3	3	3	3	3	3
OG0001033	2	9	2	5	3	2	2	2	2	3	3	3	3	3	2	2	2
OG0001035	1	18	2	2	2	1	1	1	1	2	2	2	2	2	1	1	1
OG0001036	2	13	2	3	1	2	2	2	2	3	3	3	3	3	2	2	2
OG0001038	2	11	2	1	4	2	2	2	3	3	3	3	3	3	2	2	2
OG0001039	3	8	2	1	3	5	3	2	2	3	3	3	3	3	3	4	2
OG0001040	2	26	0	1	0	0	0	0	0	2	2	2	1	1	0	0	0
OG0001041	3	8	2	3	3	2	4	2	2	3	3	3	3	3	2	2	2
OG0001042	2	12	2	4	1	2	2	2	2	3	3	3	3	3	2	2	2
OG0001043	1	2	1	2	1	2	2	6	12	2	2	2	2	2	4	2	6
OG0001044	2	10	2	2	2	4	4	3	0	3	3	3	3	3	3	4	3
OG0001045	1	20	1	2	1	1	1	1	1	2	2	2	2	2	1	1	1
OG0001046	7	4	1	1	1	3	4	3	5	5	3	3	2	2	3	3	3
OG0001047	2	12	2	2	4	2	1	2	2	3	3	3	3	3	2	2	2
OG0001048	1	22	0	1	0	1	2	1	1	1	1	1	1	1	1	1	1
OG0001049	3	12	1	3	2	3	2	2	1	3	3	3	3	3	2	2	2
OG0001054	1	0	0	0	28	0	0	0	0	1	1	1	1	2	0	0	0
OG0001062	1	0	5	4	1	5	5	5	2	2	2	2	2	2	4	5	4
OG0001063	2	3	3	6	2	3	3	3	3	3	3	3	3	3	3	3	3
OG0001066	14	1	4	1	4	1	1	1	1	8	3	3	3	3	1	1	1
OG0001067	2	5	1	2	4	3	4	3	4	2	2	2	2	2	3	3	3
OG0001069	1	3	2	4	10	2	2	2	2	2	3	3	3	4	2	2	2
OG0001070	1	19	1	2	1	1	1	1	1	2	2	2	2	2	1	1	1
OG0001071	2	9	2	3	7	1	2	1	1	3	3	3	3	3	1	1	1
OG0001073	8	14	3	3	0	0	0	0	0	6	4	4	3	3	0	0	0
OG0001074	1	18	2	5	2	0	0	0	0	2	3	3	3	3	0	0	0
OG0001076	3	5	2	6	0	3	3	3	3	3	3	3	3	3	3	3	3
OG0001077	1	4	1	4	3	4	3	4	4	2	3	3	3	3	4	4	4
OG0001079	2	17	1	2	2	1	1	1	1	2	2	2	2	2	1	1	1
OG0001081	3	7	2	3	3	2	2	2	4	3	3	3	3	3	2	2	2
OG0001083	3	11	1	4	5	1	1	1	1	3	3	3	3	3	1	1	1
OG0001084	1	0	1	2	4	5	5	5	5	2	2	2	2	2	5	5	5
OG0001085	3	5	2	3	6	2	3	2	2	3	3	3	3	3	2	2	2
OG0001086	2	7	2	4	5	2	2	2	2	3	3	3	3	3	2	2	2
OG0001087	9	1	2	3	9	1	1	1	1	6	3	3	3	4	1	1	1
OG0001088	5	9	4	4	3	1	0	1	1	5	4	4	4	4	1	1	1
OG0001089	5	5	3	3	4	2	2	2	2	4	3	3	3	3	2	2	2
OG0001090	1	22	1	2	2	0	0	0	0	2	2	2	2	2	0	0	0
OG0001091	1	15	4	2	2	1	1	1	1	2	3	3	3	3	1	1	1
OG0001092	2	18	1	1	2	1	1	1	1	2	2	2	2	2	1	1	1
OG0001093	2	6	1	4	7	2	2	2	2	3	3	3	3	4	2	2	2
OG0001094	1	15	5	2	1	1	1	1	1	2	3	3	3	2	1	1	1
OG0001095	2	5	2	4	3	2	5	2	3	3	3	3	3	3	3	3	3
OG0001096	2	12	2	2	2	2	2	2	2	2	2	2	2	2	2	2	2
OG0001097	1	14	2	3	4	1	2	1	0	2	3	3	3	3	1	1	1
OG0001098	2	3	2	4	2	4	4	4	3	3	3	3	3	3	4	4	4
OG0001099	4	9	1	1	1	3	3	3	3	4	3	3	2	2	3	3	3
OG0001100	2	8	2	4	3	2	2	2	3	3	3	3	3	3	2	2	2
OG0001101	4	3	3	6	4	2	2	2	2	4	4	4	4	4	2	2	2
OG0001102	4	8	2	2	4	2	2	2	2	4	3	3	3	3	2	2	2
OG0001103	4	7	2	3	4	2	2	2	2	4	3	3	3	3	2	2	2
OG0001104	4	9	3	2	2	2	2	2	2	4	3	3	3	3	2	2	2
OG0001105	1	6	3	6	4	2	2	2	2	2	3	3	3	4	2	2	2
OG0001108	21	0	4	1	2	0	0	0	0	10	2	2	2	2	0	0	0
OG0001109	3	4	2	4	6	2	3	2	2	3	3	3	3	4	2	2	2
OG0001110	2	6	4	1	4	3	3	3	2	3	3	3	3	3	3	3	3
OG0001111	1	11	6	3	3	1	1	1	1	2	3	3	3	3	1	1	1
OG0001112	1	9	2	4	4	2	2	2	2	2	3	3	3	3	2	2	2
OG0001113	3	12	2	1	1	2	2	2	3	3	3	3	2	2	2	2	2
OG0001114	2	7	2	4	3	3	4	2	1	3	3	3	3	3	2	3	2
OG0001115	1	9	2	4	7	1	1	1	2	2	3	3	3	4	1	1	1
OG0001116	2	8	3	2	5	2	2	2	2	3	3	3	3	3	2	2	2
OG0001117	2	18	1	2	1	1	1	1	1	2	2	2	2	2	1	1	1
OG0001118	1	19	1	2	1	1	1	1	1	2	2	2	2	2	1	1	1
OG0001119	4	5	3	4	4	2	2	2	2	4	4	4	4	4	2	2	2
OG0001121	3	0	12	0	13	0	0	0	0	3	3	3	4	4	0	0	0
OG0001122	3	1	20	0	4	0	0	0	0	3	3	3	4	3	0	0	0
OG0001129	1	25	2	0	0	0	0	0	0	1	1	1	1	0	0	0	0
OG0001130	2	7	4	6	3	1	1	1	2	3	3	4	4	4	1	1	1
OG0001131	6	5	2	5	3	2	2	1	1	5	4	4	4	4	2	2	1
OG0001133	1	18	1	2	2	1	1	1	0	2	2	2	2	2	1	1	1
OG0001134	1	8	2	4	5	2	2	2	1	2	3	3	3	3	2	2	2
OG0001136	1	1	3	3	6	3	3	4	3	2	3	3	3	3	3	3	3
OG0001137	1	10	2	4	4	2	1	2	1	2	3	3	3	3	2	2	2
OG0001138	25	0	0	2	0	0	0	0	0	12	1	1	1	1	0	0	0
OG0001140	10	0	3	6	8	0	0	0	0	6	3	3	3	4	0	0	0
OG0001141	2	10	2	4	2	2	1	2	2	3	3	3	3	3	2	2	2
OG0001142	4	0	0	2	1	5	6	4	5	3	2	1	1	1	5	5	5
OG0001143	2	9	2	4	2	2	2	2	2	3	3	3	3	3	2	2	2
OG0001145	1	4	6	6	2	2	2	2	2	2	3	3	3	3	2	2	2
OG0001146	2	9	1	4	2	2	3	2	2	3	3	3	3	3	2	2	2
OG0001147	2	9	2	4	2	2	2	2	2	3	3	3	3	3	2	2	2
OG0001148	3	6	2	1	3	2	3	4	3	3	3	3	3	3	3	3	3
OG0001150	5	4	2	4	4	2	2	2	2	4	3	3	3	3	2	2	2
OG0001151	3	4	3	3	2	3	3	3	3	3	3	3	3	3	3	3	3
OG0001153	1	18	0	2	1	1	1	1	2	2	2	2	2	2	1	1	1
OG0001154	6	10	3	3	1	1	1	1	1	5	3	3	3	3	1	1	1
OG0001155	2	7	2	2	2	3	3	3	3	2	2	2	2	2	3	3	3
OG0001156	2	8	2	4	3	2	2	2	2	3	3	3	3	3	2	2	2
OG0001157	1	7	1	2	3	5	2	2	4	2	2	2	2	2	3	4	3
OG0001158	1	16	1	1	2	1	3	1	1	2	2	2	2	2	1	1	1
OG0001159	2	10	2	2	3	2	2	2	2	3	3	3	3	3	2	2	2
OG0001160	3	5	2	4	1	3	3	3	3	3	3	3	3	3	3	3	3
OG0001162	2	8	2	3	3	2	3	2	2	3	3	3	3	3	2	2	2
OG0001165	1	9	2	1	10	1	1	1	1	2	3	3	3	3	1	1	1
OG0001166	3	17	1	1	1	1	1	1	1	3	3	3	2	2	1	1	1
OG0001167	1	17	1	1	3	1	1	1	1	2	2	2	2	2	1	1	1
OG0001168	1	18	1	2	0	1	2	1	1	2	2	2	2	2	1	1	1
OG0001169	2	9	2	4	2	2	2	2	2	3	3	3	3	3	2	2	2
OG0001170	1	18	1	2	0	1	2	1	1	2	2	2	2	2	1	1	1
OG0001171	3	5	1	4	3	3	3	2	3	3	3	3	3	3	3	3	3
OG0001172	1	3	2	4	9	2	2	2	2	2	3	3	3	4	2	2	2
OG0001173	6	2	3	2	6	2	2	2	2	5	3	3	3	3	2	2	2
OG0001175	1	18	1	2	1	1	1	1	1	2	2	2	2	2	1	1	1
OG0001176	1	7	1	3	1	4	3	3	4	2	2	2	2	2	4	4	4
OG0001177	10	9	1	1	2	1	1	1	1	6	3	3	2	2	1	1	1
OG0001178	1	10	2	3	3	2	2	2	2	2	3	3	3	3	2	2	2
OG0001179	2	4	3	6	1	3	3	3	2	3	3	3	3	3	3	3	3
OG0001180	1	15	2	2	1	1	2	2	1	2	2	2	2	2	2	2	2
OG0001181	1	7	3	0	4	3	3	3	3	2	3	3	3	3	3	3	3
OG0001184	1	0	0	0	26	0	0	0	0	1	1	1	1	2	0	0	0
OG0001185	2	0	2	0	23	0	0	0	0	2	2	2	2	3	0	0	0
OG0001191	3	6	7	2	4	1	1	1	1	3	3	3	3	3	1	1	1
OG0001192	2	6	3	5	6	1	1	1	1	3	3	3	3	4	1	1	1
OG0001193	1	12	3	2	2	1	2	1	2	2	3	3	3	3	2	2	2
OG0001194	2	6	5	4	1	2	3	2	1	3	3	3	3	3	2	2	2
OG0001196	2	5	2	3	3	2	3	3	3	3	3	3	3	3	3	3	3
OG0001197	2	4	2	5	2	3	3	3	2	3	3	3	3	3	3	3	3
OG0001198	3	7	3	4	3	1	1	2	2	3	3	3	3	3	2	1	2
OG0001200	2	1	3	6	5	3	3	2	1	3	3	3	3	4	2	3	2
OG0001202	8	1	3	1	4	2	2	2	3	5	3	3	3	3	2	2	2
OG0001204	1	11	4	4	2	1	1	1	1	2	3	3	3	3	1	1	1
OG0001205	2	11	3	2	0	2	2	2	2	3	3	3	3	2	2	2	2
OG0001207	5	0	3	11	7	0	0	0	0	4	3	3	3	5	0	0	0
OG0001209	1	14	2	2	3	1	1	1	1	2	2	2	2	2	1	1	1
OG0001210	10	5	4	1	2	1	1	1	1	6	3	3	3	2	1	1	1
OG0001211	2	10	1	3	2	2	2	2	2	2	2	2	2	2	2	2	2
OG0001212	3	11	3	3	2	1	1	1	1	3	3	3	3	3	1	1	1
OG0001213	3	2	3	8	2	2	2	2	2	3	3	3	3	3	2	2	2
OG0001215	2	9	2	3	2	2	2	2	2	3	3	3	3	3	2	2	2
OG0001217	1	21	1	2	1	0	0	0	0	2	2	2	2	2	0	0	0
OG0001218	1	3	3	2	1	5	6	2	3	2	2	2	2	2	3	5	3
OG0001220	3	11	1	1	6	1	1	1	1	3	3	3	3	3	1	1	1
OG0001221	2	5	2	3	5	3	2	3	1	3	3	3	3	3	3	3	3
OG0001222	3	15	1	2	1	1	1	1	1	3	3	3	2	2	1	1	1
OG0001223	2	15	4	4	1	0	0	0	0	3	3	3	3	3	0	0	0
OG0001224	1	15	1	2	3	1	1	1	1	2	2	2	2	2	1	1	1
OG0001225	10	3	5	3	5	0	0	0	0	7	4	4	4	4	0	0	0
OG0001228	1	14	2	2	3	1	1	1	1	2	2	2	2	2	1	1	1
OG0001229	4	3	3	4	4	2	2	2	2	4	3	3	3	3	2	2	2
OG0001230	2	5	3	5	3	2	2	2	2	3	3	3	3	3	2	2	2
OG0001231	1	19	1	1	0	1	1	1	1	1	1	1	1	1	1	1	1
OG0001232	2	1	3	4	9	1	2	2	2	3	3	3	3	4	2	2	2
OG0001233	1	17	1	2	1	1	1	1	1	2	2	2	2	2	1	1	1
OG0001234	1	17	2	1	1	1	1	1	1	2	2	2	2	2	1	1	1
OG0001235	2	9	1	4	2	2	2	2	2	3	3	3	3	3	2	2	2
OG0001236	1	5	7	4	1	2	2	2	2	2	3	3	3	3	2	2	2
OG0001237	2	8	3	1	1	3	3	3	2	3	3	3	3	2	3	3	3
OG0001238	8	1	1	1	1	3	4	3	4	5	2	1	1	1	3	3	3
OG0001239	2	3	8	5	4	1	1	1	1	3	3	3	4	4	1	1	1
OG0001240	2	15	1	2	2	1	1	1	1	2	2	2	2	2	1	1	1
OG0001242	11	4	4	2	1	1	1	1	1	7	3	3	3	2	1	1	1
OG0001243	3	7	3	2	3	2	2	2	2	3	3	3	3	3	2	2	2
OG0001244	3	6	3	1	2	3	3	3	2	3	3	3	3	2	3	3	3
OG0001245	1	11	2	2	1	2	3	2	2	2	2	2	2	2	2	2	2
OG0001247	2	3	2	2	2	5	4	3	3	2	2	2	2	2	3	4	3
OG0001248	1	1	0	0	0	6	5	5	8	1	1	1	0	0	6	6	6
OG0001251	2	15	2	0	3	1	1	1	1	2	2	2	2	2	1	1	1
OG0001261	1	16	1	2	2	0	1	1	1	2	2	2	2	2	1	1	1
OG0001262	2	18	1	1	0	0	1	1	1	2	2	2	1	1	1	1	1
OG0001264	1	14	2	3	5	0	0	0	0	2	3	3	3	3	0	0	0
OG0001265	2	4	2	11	2	1	1	1	1	3	3	3	3	3	1	1	1
OG0001266	3	12	2	2	2	1	1	1	1	3	3	3	3	3	1	1	1
OG0001268	1	12	1	2	0	2	3	2	2	2	2	2	2	2	2	2	2
OG0001269	1	15	1	2	2	1	1	1	1	2	2	2	2	2	1	1	1
OG0001270	2	10	1	2	6	1	1	1	1	3	3	3	3	3	1	1	1
OG0001271	2	16	1	2	0	1	1	1	1	2	2	2	2	2	1	1	1
OG0001272	2	12	2	4	1	1	1	1	1	2	2	2	2	2	1	1	1
OG0001273	3	2	2	4	3	3	4	2	2	3	3	3	3	3	2	3	2
OG0001274	1	2	4	5	5	2	2	3	1	2	3	3	3	4	2	2	2
OG0001275	1	16	1	1	1	1	2	1	1	1	1	1	1	1	1	1	1
OG0001276	9	2	2	2	0	2	3	3	2	5	2	2	2	2	2	2	2
OG0001277	3	5	4	3	2	2	2	2	2	3	3	3	3	3	2	2	2
OG0001278	3	5	3	2	4	2	2	2	2	3	3	3	3	3	2	2	2
OG0001279	11	1	4	2	3	1	2	1	0	7	3	3	3	3	1	1	1
OG0001280	2	20	1	2	0	0	0	0	0	2	2	2	2	2	0	0	0
OG0001281	4	2	2	14	3	0	0	0	0	4	3	3	3	4	0	0	0
OG0001282	2	3	6	2	7	1	1	1	2	3	3	3	3	3	1	1	1
OG0001284	2	3	2	4	4	2	2	3	3	3	3	3	3	3	3	2	3
OG0001285	2	5	2	3	5	2	2	2	2	3	3	3	3	3	2	2	2
OG0001286	7	10	1	2	1	1	1	1	1	5	3	3	2	2	1	1	1
OG0001287	3	4	2	2	2	3	3	3	3	3	3	3	2	2	3	3	3
OG0001288	6	6	3	2	1	1	1	2	3	5	3	3	3	2	2	1	2
OG0001289	3	5	2	2	2	3	3	3	2	3	3	3	2	2	3	3	3
OG0001291	3	7	2	3	2	2	2	2	2	3	3	3	3	3	2	2	2
OG0001292	1	1	1	2	6	3	3	4	4	2	2	2	2	2	3	3	4
OG0001295	3	5	2	3	3	2	3	2	2	3	3	3	3	3	2	2	2
OG0001296	2	6	3	4	2	2	2	2	2	3	3	3	3	3	2	2	2
OG0001298	3	4	3	4	3	2	2	2	2	3	3	3	3	3	2	2	2
OG0001299	2	4	3	5	4	2	1	2	2	3	3	3	3	3	2	2	2
OG0001300	1	14	1	2	1	1	1	2	2	2	2	2	2	2	2	1	2
OG0001301	3	14	1	2	1	1	1	1	1	3	3	3	2	2	1	1	1
OG0001302	1	16	1	2	1	1	1	1	1	2	2	2	2	2	1	1	1
OG0001303	3	7	5	5	5	0	0	0	0	4	4	4	4	4	0	0	0
OG0001304	2	2	2	3	3	4	4	3	2	2	2	2	2	2	3	4	3
OG0001306	2	7	2	1	3	2	2	3	3	2	2	2	2	2	2	2	3
OG0001308	1	15	2	2	1	1	1	1	1	2	2	2	2	2	1	1	1
OG0001309	3	7	2	2	7	1	1	1	1	3	3	3	3	3	1	1	1
OG0001310	1	7	4	5	4	1	1	1	1	2	3	4	4	4	1	1	1
OG0001311	1	15	1	2	2	1	1	1	1	2	2	2	2	2	1	1	1
OG0001312	1	2	1	1	6	3	3	4	4	2	2	2	2	2	3	3	4
OG0001314	12	5	4	2	2	0	0	0	0	8	4	4	4	3	0	0	0
OG0001315	1	4	4	4	5	2	1	2	2	2	3	3	3	3	2	2	2
OG0001316	1	5	2	4	3	3	3	4	0	2	3	3	3	3	3	3	3
OG0001319	1	5	0	0	0	4	4	5	6	1	1	1	0	0	4	4	5
OG0001320	1	16	1	0	3	1	1	1	1	2	2	2	2	2	1	1	1
OG0001332	1	4	3	5	3	2	2	2	2	2	3	3	3	3	2	2	2
OG0001334	3	4	3	3	3	2	3	1	2	3	3	3	3	3	2	2	2
OG0001337	4	4	3	5	4	1	1	1	1	4	4	4	4	4	1	1	1
OG0001338	2	3	2	4	5	2	2	2	2	3	3	3	3	3	2	2	2
OG0001339	3	4	7	7	3	0	0	0	0	3	3	4	4	4	0	0	0
OG0001341	1	5	2	4	4	2	2	2	2	2	3	3	3	3	2	2	2
OG0001342	1	8	3	3	1	2	2	2	2	2	3	3	3	3	2	2	2
OG0001343	4	4	2	3	3	2	2	2	2	4	3	3	3	3	2	2	2
OG0001344	1	17	1	1	0	1	1	1	1	1	1	1	1	1	1	1	1
OG0001345	1	8	1	4	4	1	1	2	2	2	3	3	3	3	2	1	2
OG0001346	1	11	1	2	5	1	1	1	1	2	2	2	2	2	1	1	1
OG0001349	1	15	1	2	1	1	1	1	1	2	2	2	2	2	1	1	1
OG0001350	2	12	2	1	3	1	1	1	1	2	2	2	2	2	1	1	1
OG0001351	5	12	1	1	1	1	1	1	1	4	3	3	2	2	1	1	1
OG0001352	1	15	1	1	1	1	2	1	1	1	1	1	1	1	1	1	1
OG0001355	3	5	2	4	2	2	2	2	2	3	3	3	3	3	2	2	2
OG0001357	1	15	1	2	1	1	1	1	1	2	2	2	2	2	1	1	1
OG0001358	1	11	1	1	2	2	2	2	2	2	2	2	2	2	2	2	2
OG0001359	2	3	3	4	3	2	2	2	3	3	3	3	3	3	2	2	2
OG0001360	2	13	1	2	3	1	1	1	0	2	2	2	2	2	1	1	1
OG0001361	1	4	4	8	3	1	1	1	1	2	3	3	3	4	1	1	1
OG0001362	1	15	1	2	1	1	1	1	1	2	2	2	2	2	1	1	1
OG0001363	3	4	2	3	4	2	2	2	2	3	3	3	3	3	2	2	2
OG0001364	1	15	1	2	2	1	0	1	1	2	2	2	2	2	1	1	1
OG0001365	3	8	2	2	2	2	2	2	1	3	3	3	3	3	2	2	2
OG0001366	2	14	1	1	1	1	1	1	2	2	2	2	1	1	1	1	1
OG0001367	1	6	2	3	2	3	3	2	2	2	2	2	2	2	2	3	2
OG0001368	2	4	2	4	2	2	2	2	4	2	2	2	2	2	2	2	2
OG0001369	1	11	2	3	3	1	1	1	1	2	3	3	3	3	1	1	1
OG0001370	1	15	1	2	1	1	1	1	1	2	2	2	2	2	1	1	1
OG0001371	1	14	1	2	2	1	1	1	1	2	2	2	2	2	1	1	1
OG0001372	2	6	2	4	1	3	2	2	2	2	2	2	2	2	2	2	2
OG0001373	1	13	1	2	3	1	1	1	1	2	2	2	2	2	1	1	1
OG0001374	2	12	1	2	3	1	1	1	1	2	2	2	2	2	1	1	1
OG0001375	1	13	1	2	3	1	1	1	1	2	2	2	2	2	1	1	1
OG0001376	1	14	1	1	2	1	2	1	1	2	2	2	2	2	1	1	1
OG0001377	2	5	2	4	2	2	2	2	3	3	3	3	3	3	2	2	2
OG0001378	2	10	2	3	4	1	1	1	0	3	3	3	3	3	1	1	1
OG0001380	3	5	2	2	1	3	2	3	3	3	3	3	2	2	3	3	3
OG0001381	4	6	1	1	0	2	3	4	3	4	3	3	2	1	3	3	3
OG0001382	2	6	2	2	4	2	2	2	2	3	3	3	3	3	2	2	2
OG0001383	3	4	4	1	4	2	2	2	2	3	3	3	3	3	2	2	2
OG0001389	3	17	0	0	0	1	1	1	1	3	2	2	0	0	1	1	1
OG0001401	2	11	4	1	1	1	1	1	1	3	3	3	3	2	1	1	1
OG0001402	2	12	3	1	1	1	1	1	1	2	2	2	2	2	1	1	1
OG0001403	2	2	2	3	2	3	3	3	3	2	2	2	2	2	3	3	3
OG0001404	3	1	3	6	6	1	1	1	1	3	3	3	3	4	1	1	1
OG0001405	1	6	3	2	3	2	2	2	2	2	3	3	3	3	2	2	2
OG0001406	2	5	2	4	3	2	2	2	1	3	3	3	3	3	2	2	2
OG0001407	1	0	2	9	11	0	0	0	0	1	1	1	2	6	0	0	0
OG0001408	1	10	2	2	2	2	2	2	0	2	2	2	2	2	2	2	2
OG0001409	1	5	1	2	10	1	1	1	1	2	2	2	2	3	1	1	1
OG0001410	1	16	1	1	0	1	1	1	1	1	1	1	1	1	1	1	1
OG0001411	3	6	2	2	2	2	2	2	2	3	3	3	2	2	2	2	2
OG0001413	2	5	3	4	2	2	2	1	2	3	3	3	3	3	2	2	2
OG0001414	3	9	3	1	3	1	1	1	1	3	3	3	3	3	1	1	1
OG0001416	4	9	1	2	3	1	1	1	1	4	3	3	3	3	1	1	1
OG0001417	1	6	2	4	1	2	2	2	3	2	2	2	2	2	2	2	2
OG0001418	1	3	2	6	3	2	2	2	2	2	2	2	2	3	2	2	2
OG0001419	5	4	3	3	1	2	2	2	1	4	3	3	3	3	2	2	2
OG0001422	1	8	2	2	2	2	2	2	2	2	2	2	2	2	2	2	2
OG0001423	1	12	1	2	3	1	1	1	1	2	2	2	2	2	1	1	1
OG0001426	1	8	6	2	2	1	1	1	1	2	3	3	3	3	1	1	1
OG0001427	13	2	7	1	0	0	0	0	0	8	3	3	3	1	0	0	0
OG0001430	2	3	3	2	5	2	2	2	2	3	3	3	3	3	2	2	2
OG0001431	2	6	2	3	2	2	2	2	2	2	2	2	2	2	2	2	2
OG0001433	1	4	2	4	4	2	2	2	2	2	3	3	3	3	2	2	2
OG0001435	2	2	2	4	5	2	2	2	2	2	2	2	2	3	2	2	2
OG0001437	3	6	2	2	2	2	2	2	2	3	3	3	2	2	2	2	2
OG0001439	3	4	1	2	2	2	5	2	2	3	2	2	2	2	2	2	2
OG0001440	2	4	1	3	4	2	2	2	3	2	2	2	2	2	2	2	2
OG0001441	3	4	2	4	2	2	2	2	2	3	3	3	3	3	2	2	2
OG0001442	4	3	3	3	3	2	2	2	1	4	3	3	3	3	2	2	2
OG0001443	2	2	2	3	3	3	3	3	2	2	2	2	2	2	3	3	3
OG0001444	1	3	4	4	3	2	2	2	2	2	3	3	3	3	2	2	2
OG0001445	3	8	1	1	2	2	2	2	2	3	3	3	2	2	2	2	2
OG0001446	2	4	3	2	4	2	2	2	2	3	3	3	3	3	2	2	2
OG0001447	2	2	2	2	3	3	3	3	3	2	2	2	2	2	3	3	3
OG0001449	2	9	4	2	2	1	1	1	1	3	3	3	3	3	1	1	1
OG0001450	1	8	2	2	2	2	2	2	2	2	2	2	2	2	2	2	2
OG0001451	1	13	1	1	3	1	1	1	1	2	2	2	2	2	1	1	1
OG0001454	1	9	3	2	3	1	1	1	2	2	3	3	3	3	1	1	1
OG0001455	5	5	2	3	2	1	1	1	3	4	3	3	3	3	2	1	2
OG0001457	1	7	2	4	2	2	2	2	1	2	3	3	3	3	2	2	2
OG0001458	2	12	1	2	3	1	1	1	0	2	2	2	2	2	1	1	1
OG0001459	1	15	1	2	0	1	1	1	1	1	1	1	1	1	1	1	1
OG0001460	1	12	2	2	1	1	2	1	1	2	2	2	2	2	1	1	1
OG0001461	5	2	4	4	4	1	1	1	1	4	3	3	3	3	1	1	1
OG0001462	2	5	2	3	3	2	2	2	2	3	3	3	3	3	2	2	2
OG0001463	2	3	8	4	2	1	1	1	1	3	3	3	3	3	1	1	1
OG0001464	2	7	2	3	0	2	3	2	2	2	2	2	2	2	2	2	2
OG0001465	1	2	3	5	4	2	2	2	2	2	3	3	3	3	2	2	2
OG0001466	1	5	5	2	2	2	2	2	2	2	3	3	3	3	2	2	2
OG0001468	1	9	1	1	0	3	3	3	2	2	2	2	1	1	3	3	3
OG0001469	1	14	1	2	1	1	1	1	1	2	2	2	2	2	1	1	1
OG0001471	1	10	3	1	4	1	1	1	1	2	2	3	3	3	1	1	1
OG0001473	2	7	2	2	0	2	3	3	2	2	2	2	2	2	2	2	2
OG0001474	2	5	2	1	0	3	4	3	3	2	2	2	2	1	3	3	3
OG0001477	3	6	1	2	5	1	1	1	3	3	3	3	3	3	2	1	2
OG0001478	2	5	2	4	2	2	2	2	2	3	3	3	3	3	2	2	2
OG0001480	3	8	1	2	2	2	3	1	1	3	3	3	2	2	2	2	1
OG0001481	2	4	3	2	4	2	2	2	2	3	3	3	3	3	2	2	2
OG0001482	3	4	2	4	3	2	2	1	2	3	3	3	3	3	2	2	2
OG0001483	2	6	2	2	3	2	2	2	2	2	2	2	2	2	2	2	2
OG0001484	2	14	1	1	1	1	1	1	1	2	2	2	1	1	1	1	1
OG0001485	3	7	1	2	6	1	1	1	1	3	3	3	3	3	1	1	1
OG0001495	3	20	0	0	0	0	0	0	0	3	2	2	0	0	0	0	0
OG0001506	4	10	1	2	1	1	1	1	1	3	2	2	2	2	1	1	1
OG0001507	2	4	2	4	3	2	3	2	0	3	3	3	3	3	2	2	2
OG0001508	3	4	2	3	2	2	2	2	2	3	3	3	3	3	2	2	2
OG0001510	2	2	3	2	2	2	3	3	3	2	2	2	2	2	3	3	3
OG0001511	2	8	1	4	1	2	2	1	1	2	2	2	2	2	2	2	1
OG0001512	2	4	2	2	3	2	3	2	2	2	2	2	2	2	2	2	2
OG0001513	2	8	3	2	3	1	1	1	1	3	3	3	3	3	1	1	1
OG0001515	1	13	2	2	0	1	1	1	1	2	2	2	2	2	1	1	1
OG0001517	3	2	2	8	7	0	0	0	0	3	3	3	3	5	0	0	0
OG0001518	1	12	2	2	1	1	1	1	1	2	2	2	2	2	1	1	1
OG0001520	2	3	2	5	3	2	2	2	1	3	3	3	3	3	2	2	2
OG0001521	1	12	1	2	2	1	1	1	1	2	2	2	2	2	1	1	1
OG0001522	1	6	1	3	7	1	1	1	1	2	2	2	2	3	1	1	1
OG0001523	7	3	4	3	1	1	1	1	1	5	3	3	3	3	1	1	1
OG0001524	1	1	6	6	4	1	1	1	1	2	2	2	3	4	1	1	1
OG0001526	2	11	1	2	3	1	1	1	0	2	2	2	2	2	1	1	1
OG0001528	1	9	1	2	5	1	1	1	1	2	2	2	2	2	1	1	1
OG0001529	3	4	3	4	0	2	2	2	2	3	3	3	3	3	2	2	2
OG0001530	1	5	6	5	1	1	1	1	1	2	3	3	3	3	1	1	1
OG0001531	6	2	3	1	2	2	2	2	2	4	2	2	2	2	2	2	2
OG0001532	1	3	6	3	1	2	2	2	2	2	3	3	3	3	2	2	2
OG0001533	7	6	1	2	2	1	1	1	1	5	3	3	2	2	1	1	1
OG0001534	1	17	1	1	2	0	0	0	0	1	1	1	1	1	0	0	0
OG0001536	1	8	2	3	2	1	1	2	2	2	2	2	2	2	2	1	2
OG0001537	1	12	1	1	3	1	1	1	1	2	2	2	2	2	1	1	1
OG0001538	3	3	2	3	3	2	2	2	2	3	3	3	3	3	2	2	2
OG0001539	1	6	2	4	1	2	2	2	2	2	2	2	2	2	2	2	2
OG0001540	2	12	1	1	1	1	1	1	2	2	2	2	1	1	1	1	1
OG0001541	1	6	2	3	2	2	2	2	2	2	2	2	2	2	2	2	2
OG0001542	3	4	2	4	1	2	2	2	2	3	3	3	3	3	2	2	2
OG0001544	2	5	2	2	4	2	2	2	1	2	2	2	2	2	2	2	2
OG0001545	1	2	1	2	8	2	2	2	2	2	2	2	2	2	2	2	2
OG0001546	1	13	1	2	1	1	1	1	1	2	2	2	2	2	1	1	1
OG0001547	5	3	2	1	2	2	3	2	2	4	2	2	2	2	2	2	2
OG0001548	1	2	2	4	5	2	2	2	2	2	2	2	2	3	2	2	2
OG0001549	1	14	1	1	1	1	1	1	1	1	1	1	1	1	1	1	1
OG0001550	1	3	3	8	4	1	1	1	0	2	3	3	3	4	1	1	1
OG0001551	3	3	2	4	2	2	2	2	2	3	3	3	3	3	2	2	2
OG0001552	6	2	1	4	4	1	2	1	1	4	2	2	2	3	1	1	1
OG0001554	2	3	2	3	5	2	2	2	1	3	3	3	3	3	2	2	2
OG0001555	1	1	1	2	3	2	3	5	4	2	2	2	2	2	3	3	4
OG0001556	1	13	1	2	1	1	1	1	1	2	2	2	2	2	1	1	1
OG0001557	1	15	2	2	2	0	0	0	0	2	2	2	2	2	0	0	0
OG0001558	1	3	2	2	2	3	3	3	3	2	2	2	2	2	3	3	3
OG0001559	1	13	1	2	1	1	1	1	1	2	2	2	2	2	1	1	1
OG0001560	3	12	1	1	1	1	1	1	1	3	2	2	1	1	1	1	1
OG0001563	1	6	2	2	3	2	2	2	2	2	2	2	2	2	2	2	2
OG0001564	2	7	1	3	1	2	2	2	2	2	2	2	2	2	2	2	2
OG0001565	5	9	2	2	0	1	1	1	1	4	3	3	2	2	1	1	1
OG0001566	2	9	1	3	3	1	1	1	1	2	2	2	2	2	1	1	1
OG0001568	3	3	2	4	6	1	1	1	1	3	3	3	3	4	1	1	1
OG0001569	1	5	2	3	3	2	2	2	2	2	3	3	3	3	2	2	2
OG0001570	1	9	1	3	4	1	1	1	1	2	2	3	3	3	1	1	1
OG0001571	1	9	1	2	2	2	2	2	1	2	2	2	2	2	2	2	2
OG0001572	5	1	3	2	2	3	2	2	2	4	2	2	2	2	2	2	2
OG0001573	14	0	1	2	1	1	1	1	1	7	1	1	1	1	1	1	1
OG0001574	1	12	2	1	2	1	1	1	1	2	2	2	2	2	1	1	1
OG0001575	2	5	3	1	1	3	3	2	2	2	2	2	2	2	2	3	2
OG0001576	2	3	1	3	1	3	3	3	3	2	2	2	2	2	3	3	3
OG0001577	1	12	1	1	3	1	1	1	1	2	2	2	2	2	1	1	1
OG0001578	1	2	1	2	1	3	3	4	5	2	2	2	2	2	3	3	4
OG0001579	18	0	2	2	0	0	0	0	0	9	2	2	2	2	0	0	0
OG0001580	1	10	2	3	2	1	1	1	1	2	2	2	2	2	1	1	1
OG0001581	4	4	1	2	1	3	2	3	2	3	2	2	2	2	3	3	3
OG0001582	1	10	1	2	4	1	1	1	1	2	2	2	2	2	1	1	1
OG0001585	7	6	2	0	3	1	1	1	1	5	3	3	3	3	1	1	1
OG0001587	4	12	1	0	0	1	2	1	1	3	2	2	1	0	1	1	1
OG0001588	1	16	1	0	1	1	0	1	1	1	1	1	1	1	1	1	1
OG0001610	2	2	2	3	4	2	2	2	2	2	2	2	2	2	2	2	2
OG0001615	2	3	2	4	2	1	3	2	2	2	2	2	2	2	2	2	2
OG0001617	2	8	1	2	4	1	1	1	1	2	2	2	2	2	1	1	1
OG0001619	1	0	4	4	3	2	3	2	2	2	2	2	3	3	2	2	2
OG0001620	3	2	1	2	2	2	2	5	2	3	2	2	2	2	2	2	2
OG0001621	2	2	1	6	10	0	0	0	0	2	2	2	2	4	0	0	0
OG0001622	1	13	1	1	1	1	1	1	1	1	1	1	1	1	1	1	1
OG0001623	3	3	5	3	3	1	1	1	1	3	3	3	3	3	1	1	1
OG0001624	2	3	1	3	4	2	2	2	2	2	2	2	2	2	2	2	2
OG0001626	1	10	1	3	2	1	1	1	1	2	2	2	2	2	1	1	1
OG0001627	1	4	3	2	6	1	2	1	1	2	2	3	3	3	1	1	1
OG0001628	2	4	2	4	2	1	2	2	2	2	2	2	2	2	2	2	2
OG0001629	1	2	5	4	9	0	0	0	0	2	2	2	3	4	0	0	0
OG0001631	1	12	1	2	1	1	1	1	1	2	2	2	2	2	1	1	1
OG0001632	1	9	1	4	2	1	1	1	1	2	2	2	2	2	1	1	1
OG0001634	3	0	2	4	2	2	2	3	3	3	2	2	2	2	2	2	3
OG0001635	1	4	2	4	1	3	0	2	4	2	2	2	2	2	3	3	3
OG0001636	1	12	1	2	1	1	1	1	1	2	2	2	2	2	1	1	1
OG0001637	3	6	2	2	1	2	2	2	1	3	2	2	2	2	2	2	2
OG0001639	1	10	1	2	2	1	2	1	1	2	2	2	2	2	1	1	1
OG0001641	2	3	2	3	3	2	2	2	2	2	2	2	2	2	2	2	2
OG0001642	2	2	2	3	4	2	2	2	2	2	2	2	2	2	2	2	2
OG0001643	2	10	1	2	2	1	1	1	1	2	2	2	2	2	1	1	1
OG0001644	1	4	3	3	3	2	2	2	1	2	3	3	3	3	2	2	2
OG0001645	3	5	2	2	1	2	2	2	2	3	2	2	2	2	2	2	2
OG0001646	1	12	1	1	2	1	1	1	1	2	2	2	2	2	1	1	1
OG0001647	3	7	2	3	2	1	1	1	1	3	3	3	3	3	1	1	1
OG0001648	2	7	2	4	2	1	1	1	1	2	2	2	2	2	1	1	1
OG0001649	2	2	2	4	3	2	2	2	2	2	2	2	2	2	2	2	2
OG0001650	2	5	2	2	2	2	2	2	2	2	2	2	2	2	2	2	2
OG0001651	1	2	1	5	4	2	2	2	2	2	2	2	2	3	2	2	2
OG0001655	1	4	2	2	2	2	3	3	2	2	2	2	2	2	2	2	2
OG0001658	2	2	2	2	5	2	2	2	2	2	2	2	2	2	2	2	2
OG0001659	2	1	7	2	5	1	1	1	1	2	2	2	3	3	1	1	1
OG0001660	1	11	1	2	1	1	2	1	1	2	2	2	2	2	1	1	1
OG0001661	2	6	1	2	2	2	2	2	2	2	2	2	2	2	2	2	2
OG0001662	1	15	2	2	1	0	0	0	0	2	2	2	2	2	0	0	0
OG0001663	1	5	2	4	3	1	1	2	2	2	3	3	3	3	2	1	2
OG0001664	2	11	1	2	1	1	1	1	1	2	2	2	2	2	1	1	1
OG0001665	3	2	1	2	9	1	1	1	1	3	2	2	2	3	1	1	1
OG0001666	3	7	2	2	1	2	2	2	0	3	2	2	2	2	2	2	2
OG0001667	2	3	2	4	2	2	2	2	2	2	2	2	2	2	2	2	2
OG0001668	2	7	1	3	0	2	2	2	2	2	2	2	2	2	2	2	2
OG0001669	1	12	1	2	1	1	1	1	1	2	2	2	2	2	1	1	1
OG0001670	2	4	2	2	3	2	2	2	2	2	2	2	2	2	2	2	2
OG0001671	1	10	1	2	1	2	2	1	1	2	2	2	2	2	2	2	1
OG0001673	1	2	1	4	4	2	3	2	2	2	2	2	2	3	2	2	2
OG0001674	1	13	1	2	0	1	1	1	1	1	1	1	1	1	1	1	1
OG0001675	7	4	2	6	2	0	0	0	0	5	3	3	3	3	0	0	0
OG0001676	1	8	3	2	3	1	1	1	1	2	2	3	3	3	1	1	1
OG0001677	2	10	1	2	1	1	2	1	1	2	2	2	2	2	1	1	1
OG0001678	3	5	1	1	4	1	2	2	2	3	2	2	2	2	2	2	2
OG0001679	2	3	3	8	2	1	0	1	1	3	3	3	3	3	1	1	1
OG0001680	3	4	1	2	3	2	2	2	2	3	2	2	2	2	2	2	2
OG0001681	1	12	2	4	2	0	0	0	0	2	2	2	2	2	0	0	0
OG0001682	1	4	2	3	3	2	2	2	2	2	2	2	2	2	2	2	2
OG0001683	1	4	1	2	9	1	1	1	1	2	2	2	2	3	1	1	1
OG0001684	2	3	2	4	3	2	2	2	1	2	2	2	2	3	2	2	2
OG0001687	1	12	1	2	1	1	1	1	1	2	2	2	2	2	1	1	1
OG0001688	1	11	1	1	1	1	1	2	2	1	1	1	1	1	1	1	2
OG0001690	1	11	1	2	2	1	1	1	1	2	2	2	2	2	1	1	1
OG0001691	2	2	2	2	5	2	2	2	2	2	2	2	2	2	2	2	2
OG0001692	2	3	1	4	3	2	2	2	2	2	2	2	2	2	2	2	2
OG0001693	2	2	2	4	2	2	2	2	3	2	2	2	2	2	2	2	2
OG0001694	4	1	2	1	4	3	3	2	1	3	2	2	2	2	2	3	2
OG0001695	2	2	3	4	2	2	2	2	2	2	2	2	2	2	2	2	2
OG0001696	2	5	2	2	4	2	2	1	1	2	2	2	2	2	2	2	1
OG0001697	3	6	1	2	3	2	2	1	1	3	3	3	3	3	2	2	1
OG0001698	2	1	2	1	4	3	3	2	3	2	2	2	2	2	3	3	3
OG0001700	1	3	11	0	0	2	2	2	0	2	2	2	2	1	2	2	2
OG0001701	15	0	2	0	0	1	1	1	1	7	1	1	1	0	1	1	1
OG0001702	1	13	1	0	0	1	3	1	1	1	1	1	1	0	1	1	1
OG0001703	1	14	2	0	0	1	1	1	1	1	1	1	1	0	1	1	1
OG0001715	1	20	0	0	0	0	0	0	0	1	1	1	0	0	0	0	0
OG0001725	4	3	2	3	4	1	1	1	1	4	3	3	3	3	1	1	1
OG0001727	2	10	2	1	1	1	1	1	1	2	2	2	2	2	1	1	1
OG0001728	1	10	1	2	2	1	1	2	0	2	2	2	2	2	1	1	1
OG0001731	2	3	2	4	3	1	1	2	2	2	2	2	2	3	2	1	2
OG0001732	1	4	1	2	6	1	1	1	3	2	2	2	2	2	1	1	1
OG0001733	2	11	1	2	0	1	1	1	1	2	2	2	2	2	1	1	1
OG0001735	1	2	2	4	3	2	2	2	2	2	2	2	2	2	2	2	2
OG0001736	7	0	1	4	8	0	0	0	0	4	2	2	2	3	0	0	0
OG0001738	1	11	1	2	1	1	1	1	1	2	2	2	2	2	1	1	1
OG0001739	1	11	1	2	1	1	1	1	1	2	2	2	2	2	1	1	1
OG0001740	1	7	2	3	0	1	2	2	2	2	2	2	2	2	2	2	2
OG0001741	1	9	2	3	1	1	1	1	1	2	2	2	2	2	1	1	1
OG0001745	2	3	1	4	2	2	2	2	2	2	2	2	2	2	2	2	2
OG0001746	1	4	2	2	3	2	2	2	2	2	2	2	2	2	2	2	2
OG0001747	2	5	2	3	4	1	1	1	1	3	3	3	3	3	1	1	1
OG0001748	4	2	2	1	3	2	2	2	2	3	2	2	2	2	2	2	2
OG0001749	1	9	4	5	1	0	0	0	0	2	3	3	3	3	0	0	0
OG0001750	1	7	1	2	3	1	1	1	3	2	2	2	2	2	1	1	1
OG0001751	1	4	1	2	3	1	3	2	3	2	2	2	2	2	2	2	2
OG0001752	2	9	1	1	3	1	1	1	1	2	2	2	2	2	1	1	1
OG0001754	1	10	2	2	1	1	1	1	1	2	2	2	2	2	1	1	1
OG0001755	1	4	4	4	3	1	1	1	1	2	3	3	3	3	1	1	1
OG0001756	6	9	0	2	2	0	0	0	1	5	3	3	2	2	1	0	1
OG0001757	2	5	1	3	5	1	1	1	1	2	2	2	2	3	1	1	1
OG0001758	2	9	1	2	1	1	2	1	1	2	2	2	2	2	1	1	1
OG0001759	2	10	1	1	1	1	2	1	1	2	2	2	1	1	1	1	1
OG0001760	1	13	0	1	1	1	1	1	1	1	1	1	1	1	1	1	1
OG0001761	1	6	1	1	1	1	3	1	5	1	1	1	1	1	2	2	2
OG0001762	3	4	2	5	2	1	1	1	1	3	3	3	3	3	1	1	1
OG0001764	2	10	1	1	3	1	1	1	0	2	2	2	2	2	1	1	1
OG0001765	2	4	2	3	1	2	2	2	2	2	2	2	2	2	2	2	2
OG0001767	2	9	1	2	0	1	3	1	1	2	2	2	2	2	1	1	1
OG0001770	2	2	2	4	2	2	2	2	2	2	2	2	2	2	2	2	2
OG0001771	2	10	1	2	1	1	1	1	1	2	2	2	2	2	1	1	1
OG0001772	1	3	7	1	7	0	0	1	0	2	3	3	3	3	1	0	1
OG0001773	2	1	2	2	5	2	2	2	2	2	2	2	2	2	2	2	2
OG0001774	1	12	0	2	1	1	1	1	1	1	1	1	1	1	1	1	1
OG0001776	1	11	1	1	2	1	1	1	1	2	2	2	2	2	1	1	1
OG0001777	1	4	1	1	6	1	1	2	3	2	2	2	2	2	2	1	2
OG0001778	3	3	1	3	2	2	2	2	2	3	2	2	2	2	2	2	2
OG0001779	2	5	2	2	1	2	2	2	2	2	2	2	2	2	2	2	2
OG0001781	2	2	1	2	5	2	2	2	2	2	2	2	2	2	2	2	2
OG0001782	1	7	1	1	6	1	1	1	1	2	2	2	2	2	1	1	1
OG0001783	1	2	1	3	2	2	3	3	3	2	2	2	2	2	3	3	3
OG0001784	1	0	4	1	6	2	2	2	2	2	2	2	2	2	2	2	2
OG0001785	2	7	2	4	1	1	1	1	1	2	2	2	2	2	1	1	1
OG0001786	4	9	4	2	1	0	0	0	0	4	3	3	3	2	0	0	0
OG0001789	5	3	2	1	5	1	1	1	1	4	3	3	3	3	1	1	1
OG0001790	1	11	1	2	1	1	1	1	1	2	2	2	2	2	1	1	1
OG0001791	3	5	1	1	2	2	2	2	2	3	2	2	2	2	2	2	2
OG0001794	2	1	1	1	2	2	4	3	4	2	2	2	2	2	3	3	3
OG0001795	2	1	2	4	3	2	2	2	2	2	2	2	2	2	2	2	2
OG0001796	2	11	1	2	0	1	1	1	1	2	2	2	2	2	1	1	1
OG0001798	2	4	2	2	2	2	2	2	2	2	2	2	2	2	2	2	2
OG0001799	2	9	1	2	2	1	1	1	1	2	2	2	2	2	1	1	1
OG0001800	2	4	2	3	3	1	2	1	2	2	2	2	2	2	1	1	1
OG0001804	1	10	1	2	1	2	1	1	1	2	2	2	2	2	1	1	1
OG0001807	2	4	3	2	0	2	2	2	3	2	2	2	2	2	2	2	2
OG0001808	1	1	1	2	0	3	4	4	4	1	1	1	1	1	3	3	4
OG0001809	1	8	4	1	2	1	1	1	1	2	2	2	2	2	1	1	1
OG0001810	3	1	2	4	2	2	2	2	2	3	2	2	2	2	2	2	2
OG0001811	2	6	2	2	1	1	2	2	2	2	2	2	2	2	2	2	2
OG0001812	1	11	1	2	1	1	1	1	1	2	2	2	2	2	1	1	1
OG0001813	7	5	1	2	1	1	1	1	1	4	2	2	2	2	1	1	1
OG0001814	1	10	1	2	1	2	1	1	1	2	2	2	2	2	1	1	1
OG0001815	1	3	1	2	1	3	3	3	3	2	2	2	2	2	3	3	3
OG0001816	1	8	1	1	1	2	2	2	2	2	2	2	1	1	2	2	2
OG0001817	16	0	2	2	0	0	0	0	0	8	2	2	2	2	0	0	0
OG0001818	1	11	1	1	2	1	1	1	1	2	2	2	2	2	1	1	1
OG0001821	8	3	1	2	2	1	1	1	1	5	2	2	2	2	1	1	1
OG0001823	1	9	2	4	1	1	1	1	0	2	2	2	2	2	1	1	1
OG0001824	1	6	1	2	2	2	2	2	2	2	2	2	2	2	2	2	2
OG0001825	2	10	1	2	1	1	1	1	1	2	2	2	2	2	1	1	1
OG0001826	3	4	2	1	2	2	3	1	2	3	2	2	2	2	2	2	2
OG0001827	1	10	1	2	3	1	1	1	0	2	2	2	2	2	1	1	1
OG0001828	2	2	2	2	4	2	2	2	2	2	2	2	2	2	2	2	2
OG0001829	2	10	1	2	1	1	1	1	1	2	2	2	2	2	1	1	1
OG0001830	4	5	1	4	2	1	1	1	1	4	3	3	3	3	1	1	1
OG0001831	2	11	1	2	1	1	1	1	0	2	2	2	2	2	1	1	1
OG0001832	1	12	1	1	1	1	1	1	1	1	1	1	1	1	1	1	1
OG0001833	2	8	1	2	3	1	1	1	1	2	2	2	2	2	1	1	1
OG0001834	4	0	2	0	1	4	4	2	3	3	2	2	2	1	3	4	3
OG0001836	2	11	2	0	0	1	1	2	1	2	2	2	2	1	1	1	1
OG0001840	1	12	2	0	1	1	1	1	1	2	2	2	2	1	1	1	1
OG0001846	15	1	1	0	3	0	0	0	0	7	1	1	1	1	0	0	0
OG0001856	1	19	0	0	0	0	0	0	0	1	1	1	0	0	0	0	0
OG0001857	1	19	0	0	0	0	0	0	0	1	1	1	0	0	0	0	0
OG0001862	1	3	2	3	6	1	1	1	1	2	2	2	2	3	1	1	1
OG0001864	2	0	2	4	7	1	1	1	1	2	2	2	2	3	1	1	1
OG0001865	1	13	1	2	2	0	0	0	0	2	2	2	2	2	0	0	0
OG0001867	1	2	2	2	9	1	1	1	0	2	2	2	2	3	1	1	1
OG0001869	1	10	1	2	1	1	1	1	1	2	2	2	2	2	1	1	1
OG0001870	2	8	1	2	1	1	1	1	2	2	2	2	2	2	1	1	1
OG0001871	2	2	2	4	1	2	2	2	2	2	2	2	2	2	2	2	2
OG0001873	2	11	2	3	1	0	0	0	0	2	2	2	2	2	0	0	0
OG0001874	3	7	2	2	1	1	1	1	1	3	2	2	2	2	1	1	1
OG0001875	1	10	1	1	1	1	1	1	2	1	1	1	1	1	1	1	1
OG0001877	4	4	3	2	6	0	0	0	0	4	3	3	3	3	0	0	0
OG0001879	1	7	1	2	4	1	1	1	1	2	2	2	2	2	1	1	1
OG0001880	1	7	1	2	3	1	2	1	1	2	2	2	2	2	1	1	1
OG0001881	3	6	2	4	2	1	0	1	0	3	3	3	3	3	1	1	1
OG0001883	2	4	2	3	1	2	1	2	2	2	2	2	2	2	2	2	2
OG0001884	1	10	1	2	1	1	1	1	1	2	2	2	2	2	1	1	1
OG0001887	1	2	2	3	3	2	2	2	2	2	2	2	2	2	2	2	2
OG0001888	1	3	2	3	2	2	2	2	2	2	2	2	2	2	2	2	2
OG0001889	4	3	2	5	1	1	1	1	1	3	2	2	2	2	1	1	1
OG0001890	3	5	2	4	1	1	1	1	1	3	3	3	3	3	1	1	1
OG0001891	1	10	1	2	1	1	1	1	1	2	2	2	2	2	1	1	1
OG0001892	8	2	2	6	1	0	0	0	0	5	2	2	2	2	0	0	0
OG0001893	1	10	1	1	2	1	1	1	1	2	2	2	2	2	1	1	1
OG0001894	1	8	1	2	3	1	1	1	1	2	2	2	2	2	1	1	1
OG0001895	1	6	5	2	1	1	1	1	1	2	2	2	2	2	1	1	1
OG0001896	1	3	1	1	7	1	2	1	2	2	2	2	2	2	1	1	1
OG0001897	2	4	1	2	2	2	2	2	2	2	2	2	2	2	2	2	2
OG0001898	1	6	3	3	2	1	1	1	1	2	2	3	3	3	1	1	1
OG0001899	1	11	1	1	1	1	1	1	1	1	1	1	1	1	1	1	1
OG0001900	1	12	1	1	0	1	1	1	1	1	1	1	1	1	1	1	1
OG0001901	1	10	1	2	1	1	1	1	1	2	2	2	2	2	1	1	1
OG0001902	2	2	3	4	4	1	1	1	1	2	2	2	2	3	1	1	1
OG0001904	1	5	3	4	2	1	1	1	1	2	2	3	3	3	1	1	1
OG0001905	3	3	5	3	5	0	0	0	0	3	3	3	3	3	0	0	0
OG0001906	2	3	1	3	2	2	2	2	2	2	2	2	2	2	2	2	2
OG0001907	2	11	1	1	0	1	1	1	1	2	2	2	1	1	1	1	1
OG0001908	1	3	2	4	1	2	2	2	2	2	2	2	2	2	2	2	2
OG0001909	2	1	7	1	3	1	2	1	1	2	2	2	2	2	1	1	1
OG0001910	2	4	2	2	2	2	2	2	1	2	2	2	2	2	2	2	2
OG0001912	3	1	1	9	1	1	1	1	1	3	2	2	2	2	1	1	1
OG0001913	2	4	2	1	4	1	2	2	1	2	2	2	2	2	2	2	2
OG0001914	2	1	4	2	2	2	2	2	2	2	2	2	2	2	2	2	2
OG0001915	2	4	1	3	1	2	2	2	2	2	2	2	2	2	2	2	2
OG0001916	1	12	0	1	2	1	1	1	0	1	1	1	1	1	1	1	1
OG0001917	4	5	2	2	2	1	1	1	1	3	2	2	2	2	1	1	1
OG0001918	1	14	1	1	2	0	0	0	0	1	1	1	1	1	0	0	0
OG0001919	2	4	2	5	2	1	1	1	1	2	2	2	2	2	1	1	1
OG0001921	2	6	1	2	4	1	1	1	1	2	2	2	2	2	1	1	1
OG0001923	1	8	1	1	1	2	1	2	2	2	2	2	1	1	2	2	2
OG0001924	3	2	2	2	2	2	2	2	2	3	2	2	2	2	2	2	2
OG0001925	1	4	2	3	1	2	2	2	2	2	2	2	2	2	2	2	2
OG0001926	1	9	1	2	2	1	1	1	1	2	2	2	2	2	1	1	1
OG0001929	2	1	1	2	1	3	3	3	3	2	2	2	2	2	3	3	3
OG0001930	1	3	1	2	3	2	2	1	4	2	2	2	2	2	2	2	2
OG0001931	1	5	2	2	5	1	1	1	1	2	2	2	2	2	1	1	1
OG0001932	2	0	2	1	1	3	4	3	3	2	2	2	2	1	3	3	3
OG0001933	2	7	1	2	2	1	1	2	1	2	2	2	2	2	1	1	1
OG0001934	2	3	3	2	1	2	2	2	2	2	2	2	2	2	2	2	2
OG0001936	1	10	1	2	1	1	1	1	1	2	2	2	2	2	1	1	1
OG0001937	1	8	2	2	2	1	1	1	1	2	2	2	2	2	1	1	1
OG0001938	1	3	1	4	2	2	2	2	2	2	2	2	2	2	2	2	2
OG0001939	2	6	2	2	2	1	1	1	2	2	2	2	2	2	1	1	1
OG0001940	3	2	2	2	2	2	2	2	2	3	2	2	2	2	2	2	2
OG0001942	2	1	1	1	1	4	4	2	3	2	1	1	1	1	3	4	3
OG0001943	1	4	2	2	1	4	0	2	3	2	2	2	2	2	3	3	3
OG0001944	1	9	1	2	2	1	1	1	1	2	2	2	2	2	1	1	1
OG0001945	3	1	3	1	6	2	2	1	0	3	2	2	2	2	2	2	1
OG0001946	1	9	1	2	2	1	1	1	1	2	2	2	2	2	1	1	1
OG0001947	1	8	1	2	3	1	1	1	1	2	2	2	2	2	1	1	1
OG0001949	1	5	1	2	2	2	2	2	2	2	2	2	2	2	2	2	2
OG0001950	2	3	2	3	2	1	2	2	2	2	2	2	2	2	2	2	2
OG0001951	4	3	4	2	2	1	1	1	1	4	3	3	3	2	1	1	1
OG0001952	1	1	1	2	2	3	1	3	5	2	2	2	2	2	3	3	3
OG0001953	1	3	1	2	3	2	3	2	2	2	2	2	2	2	2	2	2
OG0001954	1	9	1	2	2	1	1	1	1	2	2	2	2	2	1	1	1
OG0001955	1	11	1	2	0	1	1	1	1	1	1	1	1	1	1	1	1
OG0001956	3	4	2	2	1	2	2	2	1	3	2	2	2	2	2	2	2
OG0001957	1	7	1	2	3	1	2	1	1	2	2	2	2	2	1	1	1
OG0001958	1	2	4	3	2	2	2	2	1	2	2	2	2	2	2	2	2
OG0001959	1	9	1	2	1	1	1	1	2	2	2	2	2	2	1	1	1
OG0001962	1	7	3	2	2	1	1	1	1	2	2	2	2	2	1	1	1
OG0001963	1	5	1	2	5	1	2	1	1	2	2	2	2	2	1	1	1
OG0001972	1	15	1	0	2	0	0	0	0	1	1	1	1	1	0	0	0
OG0001976	18	0	0	0	1	0	0	0	0	9	1	1	1	1	0	0	0
OG0001993	2	9	2	3	2	0	0	0	0	2	2	2	2	2	0	0	0
OG0001994	1	12	2	2	1	0	0	0	0	2	2	2	2	2	0	0	0
OG0001995	1	3	2	3	1	2	2	2	2	2	2	2	2	2	2	2	2
OG0001997	2	2	2	2	2	2	2	2	2	2	2	2	2	2	2	2	2
OG0001998	2	7	1	4	4	0	0	0	0	2	2	2	2	3	0	0	0
OG0002001	5	2	2	2	3	1	1	1	1	4	2	2	2	2	1	1	1
OG0002002	1	10	1	2	0	1	1	1	1	1	1	1	1	1	1	1	1
OG0002003	2	2	3	2	1	2	2	2	2	2	2	2	2	2	2	2	2
OG0002004	1	8	1	1	2	1	1	2	1	1	1	1	1	1	1	1	1
OG0002005	1	3	2	2	2	2	2	2	2	2	2	2	2	2	2	2	2
OG0002008	1	8	1	1	2	1	1	2	1	1	1	1	1	1	1	1	1
OG0002009	1	2	1	3	3	2	2	2	2	2	2	2	2	2	2	2	2
OG0002011	1	8	1	2	2	1	1	1	1	2	2	2	2	2	1	1	1
OG0002013	2	6	2	2	1	2	1	1	1	2	2	2	2	2	1	1	1
OG0002015	1	10	1	1	2	1	1	1	0	2	2	2	2	2	1	1	1
OG0002016	1	8	1	2	2	1	1	1	1	2	2	2	2	2	1	1	1
OG0002018	2	5	1	1	3	1	1	1	3	2	2	2	2	2	1	1	1
OG0002019	3	12	1	2	0	0	0	0	0	3	2	2	2	2	0	0	0
OG0002020	2	8	1	2	1	1	1	1	1	2	2	2	2	2	1	1	1
OG0002021	1	4	2	3	4	1	1	2	0	2	2	2	2	2	1	1	1
OG0002022	1	7	1	2	2	1	1	1	2	2	2	2	2	2	1	1	1
OG0002023	1	7	2	1	0	2	1	2	2	2	2	2	2	1	2	2	2
OG0002024	1	5	1	4	3	1	1	1	1	2	2	2	2	2	1	1	1
OG0002026	2	14	1	1	0	0	0	0	0	2	2	2	1	1	0	0	0
OG0002028	1	4	3	5	1	1	1	1	1	2	2	2	2	2	1	1	1
OG0002031	1	7	1	2	3	1	1	1	1	2	2	2	2	2	1	1	1
OG0002032	4	1	4	2	3	1	1	1	1	3	2	2	2	2	1	1	1
OG0002033	1	8	1	2	1	1	1	1	2	2	2	2	2	2	1	1	1
OG0002034	1	3	1	3	3	2	2	2	1	2	2	2	2	2	2	2	2
OG0002035	2	7	1	2	1	1	2	1	1	2	2	2	2	2	1	1	1
OG0002036	1	8	1	1	3	1	1	1	1	2	2	2	2	2	1	1	1
OG0002037	1	2	2	3	3	2	2	2	1	2	2	2	2	2	2	2	2
OG0002038	2	7	2	2	1	1	1	1	1	2	2	2	2	2	1	1	1
OG0002040	1	8	1	2	2	1	1	1	1	2	2	2	2	2	1	1	1
OG0002041	1	7	1	2	3	1	1	1	1	2	2	2	2	2	1	1	1
OG0002042	1	7	1	2	3	1	1	1	1	2	2	2	2	2	1	1	1
OG0002043	1	7	1	2	3	1	1	1	1	2	2	2	2	2	1	1	1
OG0002044	1	5	2	2	4	1	1	1	1	2	2	2	2	2	1	1	1
OG0002045	1	8	1	1	3	1	1	1	1	2	2	2	2	2	1	1	1
OG0002046	1	8	2	1	2	1	1	1	1	2	2	2	2	2	1	1	1
OG0002047	1	3	2	4	4	1	1	1	1	2	2	2	2	3	1	1	1
OG0002048	1	2	2	2	3	2	2	2	2	2	2	2	2	2	2	2	2
OG0002049	2	4	1	4	1	1	2	2	1	2	2	2	2	2	2	2	2
OG0002050	1	10	1	1	1	1	1	1	1	1	1	1	1	1	1	1	1
OG0002051	1	6	1	2	4	1	1	1	1	2	2	2	2	2	1	1	1
OG0002054	1	4	3	2	4	1	1	1	1	2	2	2	2	2	1	1	1
OG0002055	2	3	1	4	0	2	3	1	2	2	2	2	2	2	2	2	2
OG0002057	1	2	1	2	0	3	3	3	3	1	1	1	1	1	3	3	3
OG0002058	1	8	1	1	3	1	1	1	1	2	2	2	2	2	1	1	1
OG0002059	4	3	1	2	4	1	1	1	1	3	2	2	2	2	1	1	1
OG0002060	2	3	3	3	3	1	1	1	1	3	3	3	3	3	1	1	1
OG0002061	1	2	2	3	6	1	1	1	1	2	2	2	2	3	1	1	1
OG0002062	6	2	3	2	1	1	1	1	1	4	2	2	2	2	1	1	1
OG0002065	1	4	1	2	2	2	2	2	2	2	2	2	2	2	2	2	2
OG0002066	2	4	1	2	1	2	2	2	2	2	2	2	2	2	2	2	2
OG0002067	1	8	1	2	2	1	1	1	1	2	2	2	2	2	1	1	1
OG0002069	1	9	1	2	1	1	1	1	1	2	2	2	2	2	1	1	1
OG0002070	1	4	1	5	2	1	2	1	1	2	2	2	2	2	1	1	1
OG0002071	1	4	1	2	6	1	1	1	1	2	2	2	2	2	1	1	1
OG0002072	1	5	2	2	0	2	3	2	1	2	2	2	2	2	2	2	2
OG0002073	6	4	1	2	1	1	1	1	1	4	2	2	2	2	1	1	1
OG0002074	2	2	2	4	1	2	2	2	1	2	2	2	2	2	2	2	2
OG0002075	1	9	1	2	1	1	1	1	1	2	2	2	2	2	1	1	1
OG0002076	1	10	1	2	1	1	1	1	0	2	2	2	2	2	1	1	1
OG0002077	2	4	2	4	2	1	1	1	1	2	2	2	2	2	1	1	1
OG0002078	1	10	1	1	1	1	1	1	1	1	1	1	1	1	1	1	1
OG0002079	2	2	2	2	3	2	2	1	2	2	2	2	2	2	2	2	2
OG0002080	1	14	1	1	1	0	0	0	0	1	1	1	1	1	0	0	0
OG0002083	1	9	1	2	1	1	1	1	1	2	2	2	2	2	1	1	1
OG0002084	2	2	1	2	5	1	2	2	1	2	2	2	2	2	2	2	2
OG0002085	5	2	3	2	1	1	2	1	1	4	2	2	2	2	1	1	1
OG0002086	1	5	3	2	3	1	1	1	1	2	2	2	2	2	1	1	1
OG0002087	1	9	1	2	1	1	1	1	1	2	2	2	2	2	1	1	1
OG0002088	6	1	1	1	1	2	2	2	2	4	2	1	1	1	2	2	2
OG0002090	2	4	1	2	5	1	1	1	1	2	2	2	2	2	1	1	1
OG0002092	6	3	1	2	1	1	2	1	1	4	2	2	2	2	1	1	1
OG0002093	2	4	7	1	0	1	1	1	1	2	2	2	2	1	1	1	1
OG0002094	1	2	3	2	2	2	2	2	2	2	2	2	2	2	2	2	2
OG0002095	1	5	2	4	2	1	1	1	1	2	2	2	2	2	1	1	1
OG0002096	1	11	1	1	0	1	1	1	1	1	1	1	1	1	1	1	1
OG0002097	1	5	1	2	1	2	2	2	2	2	2	2	2	2	2	2	2
OG0002098	2	2	1	2	0	3	3	2	3	2	2	2	2	2	3	3	3
OG0002099	3	2	1	3	1	2	2	2	2	3	2	2	2	2	2	2	2
OG0002100	4	7	0	2	1	1	1	1	1	3	2	2	2	2	1	1	1
OG0002102	1	9	1	2	1	1	1	1	1	2	2	2	2	2	1	1	1
OG0002103	1	1	1	2	1	3	3	3	3	1	1	1	1	1	3	3	3
OG0002105	1	9	1	2	1	1	1	1	1	2	2	2	2	2	1	1	1
OG0002107	2	3	3	2	4	1	1	1	1	2	2	2	2	2	1	1	1
OG0002108	2	7	1	1	3	1	1	1	1	2	2	2	2	2	1	1	1
OG0002109	2	8	1	2	1	1	1	1	1	2	2	2	2	2	1	1	1
OG0002110	1	1	1	5	2	2	2	2	2	2	2	2	2	2	2	2	2
OG0002111	2	6	2	2	2	1	1	1	1	2	2	2	2	2	1	1	1
OG0002112	1	9	1	1	2	1	1	1	1	1	1	1	1	1	1	1	1
OG0002113	1	7	2	2	2	1	1	1	1	2	2	2	2	2	1	1	1
OG0002114	2	2	2	2	2	2	2	2	2	2	2	2	2	2	2	2	2
OG0002115	1	8	2	2	1	1	1	1	1	2	2	2	2	2	1	1	1
OG0002116	3	3	1	2	1	2	2	2	2	3	2	2	2	2	2	2	2
OG0002117	1	7	1	1	4	1	1	1	1	2	2	2	2	2	1	1	1
OG0002118	1	3	1	2	6	1	2	1	1	2	2	2	2	2	1	1	1
OG0002119	2	4	1	2	1	2	2	2	2	2	2	2	2	2	2	2	2
OG0002120	1	5	1	2	5	1	1	1	1	2	2	2	2	2	1	1	1
OG0002121	3	3	1	1	1	2	3	2	2	3	2	2	1	1	2	2	2
OG0002122	1	7	1	1	4	1	1	1	1	2	2	2	2	2	1	1	1
OG0002123	1	10	1	2	1	1	1	1	0	2	2	2	2	2	1	1	1
OG0002124	7	2	2	1	2	1	1	1	1	4	2	2	2	2	1	1	1
OG0002129	3	6	1	0	1	1	2	3	1	3	2	2	1	1	2	2	2
OG0002130	1	4	1	0	0	2	4	3	3	1	1	1	1	0	3	3	3
OG0002132	9	2	2	0	1	1	1	1	1	5	2	2	2	1	1	1	1
OG0002139	3	0	1	0	14	0	0	0	0	2	1	1	1	1	0	0	0
OG0002140	1	0	0	0	17	0	0	0	0	1	1	1	1	1	0	0	0
OG0002145	1	2	14	0	1	0	0	0	0	2	2	2	2	1	0	0	0
OG0002158	4	5	3	3	2	0	0	0	0	4	3	3	3	3	0	0	0
OG0002159	1	7	1	2	2	1	1	1	1	2	2	2	2	2	1	1	1
OG0002160	1	3	1	3	4	1	2	1	1	2	2	2	2	2	1	1	1
OG0002161	1	8	1	2	1	1	1	1	1	2	2	2	2	2	1	1	1
OG0002164	2	8	1	1	1	1	1	1	1	2	2	2	1	1	1	1	1
OG0002167	3	3	2	3	2	1	1	1	1	3	2	2	2	2	1	1	1
OG0002170	1	1	2	4	1	2	2	2	2	2	2	2	2	2	2	2	2
OG0002172	1	1	1	4	1	2	2	2	3	1	1	1	1	1	2	2	2
OG0002173	2	5	1	2	2	1	2	1	1	2	2	2	2	2	1	1	1
OG0002175	1	8	1	2	0	1	2	1	1	1	1	1	1	1	1	1	1
OG0002177	3	2	3	6	3	0	0	0	0	3	3	3	3	3	0	0	0
OG0002178	5	2	1	2	3	1	1	1	1	4	2	2	2	2	1	1	1
OG0002179	1	2	1	1	8	1	1	1	1	1	1	1	1	1	1	1	1
OG0002180	1	1	1	2	8	1	1	1	1	1	1	1	1	2	1	1	1
OG0002181	3	1	2	2	1	2	2	2	2	3	2	2	2	2	2	2	2
OG0002182	1	8	1	1	2	1	1	1	1	1	1	1	1	1	1	1	1
OG0002183	1	6	2	2	2	1	1	1	1	2	2	2	2	2	1	1	1
OG0002184	1	1	1	2	1	2	3	3	3	1	1	1	1	1	2	2	3
OG0002185	2	2	2	3	1	2	1	2	2	2	2	2	2	2	2	2	2
OG0002186	2	6	2	2	1	1	1	1	1	2	2	2	2	2	1	1	1
OG0002187	2	3	2	3	3	1	1	1	1	2	2	2	2	2	1	1	1
OG0002188	2	1	2	1	3	2	2	2	2	2	2	2	2	2	2	2	2
OG0002190	1	8	1	2	1	1	1	1	1	2	2	2	2	2	1	1	1
OG0002191	1	3	2	2	2	2	2	2	1	2	2	2	2	2	2	2	2
OG0002193	1	2	2	2	2	2	2	2	2	2	2	2	2	2	2	2	2
OG0002194	1	2	2	3	1	2	2	2	2	2	2	2	2	2	2	2	2
OG0002195	2	8	1	1	1	1	1	1	1	2	2	2	1	1	1	1	1
OG0002196	3	4	1	3	2	1	1	1	1	3	2	2	2	2	1	1	1
OG0002197	1	2	2	3	5	1	1	1	1	2	2	2	2	3	1	1	1
OG0002199	1	8	1	1	2	1	1	1	1	1	1	1	1	1	1	1	1
OG0002200	2	3	2	3	3	1	1	1	1	2	2	2	2	2	1	1	1
OG0002201	1	0	5	7	4	0	0	0	0	1	1	1	3	4	0	0	0
OG0002202	1	4	1	2	4	1	1	1	2	2	2	2	2	2	1	1	1
OG0002203	1	2	1	2	7	1	1	1	1	2	2	2	2	2	1	1	1
OG0002205	1	9	1	1	1	1	1	1	1	1	1	1	1	1	1	1	1
OG0002207	1	8	0	2	2	1	1	1	1	2	2	2	2	2	1	1	1
OG0002209	2	1	2	3	3	1	3	1	1	2	2	2	2	2	1	1	1
OG0002210	1	6	0	1	0	2	2	3	2	1	1	1	1	1	2	2	2
OG0002211	1	7	1	2	2	1	1	1	1	2	2	2	2	2	1	1	1
OG0002213	3	3	2	2	3	1	1	1	1	3	2	2	2	2	1	1	1
OG0002214	3	6	1	2	1	1	1	1	1	3	2	2	2	2	1	1	1
OG0002215	3	4	1	1	4	1	1	1	1	3	2	2	2	2	1	1	1
OG0002216	1	3	2	2	3	1	3	1	1	2	2	2	2	2	1	1	1
OG0002217	1	6	1	2	2	1	2	1	1	2	2	2	2	2	1	1	1
OG0002218	1	3	2	3	0	2	2	2	2	2	2	2	2	2	2	2	2
OG0002219	2	2	2	3	8	0	0	0	0	2	2	2	2	3	0	0	0
OG0002220	1	1	1	2	5	3	2	1	1	1	1	1	1	2	1	2	1
OG0002221	2	1	1	2	1	3	2	3	2	2	2	2	2	2	3	3	3
OG0002222	1	6	1	2	2	1	2	1	1	2	2	2	2	2	1	1	1
OG0002223	1	7	1	2	1	1	1	1	2	1	1	1	1	1	1	1	1
OG0002225	1	5	1	1	5	1	1	1	1	2	2	2	2	2	1	1	1
OG0002226	3	5	1	4	1	1	1	1	0	3	2	2	2	2	1	1	1
OG0002227	2	3	3	3	2	1	1	1	1	2	2	2	2	2	1	1	1
OG0002228	1	4	2	1	1	2	2	2	2	2	2	2	2	2	2	2	2
OG0002229	1	1	1	2	1	3	2	3	3	1	1	1	1	1	3	3	3
OG0002230	2	6	1	2	2	1	1	1	1	2	2	2	2	2	1	1	1
OG0002231	1	4	2	3	0	1	2	2	2	2	2	2	2	2	2	2	2
OG0002232	2	2	2	4	3	1	1	1	1	2	2	2	2	2	1	1	1
OG0002233	1	12	1	2	1	0	0	0	0	1	1	1	1	1	0	0	0
OG0002234	1	2	1	2	4	2	2	1	2	2	2	2	2	2	2	2	2
OG0002235	2	6	3	2	0	1	1	1	1	2	2	2	2	2	1	1	1
OG0002236	2	5	2	2	1	1	2	1	1	2	2	2	2	2	1	1	1
OG0002237	2	2	2	3	0	2	2	2	2	2	2	2	2	2	2	2	2
OG0002238	2	1	2	2	2	2	2	2	2	2	2	2	2	2	2	2	2
OG0002240	3	6	1	2	1	1	1	1	1	3	2	2	2	2	1	1	1
OG0002241	1	6	4	2	0	0	2	1	1	2	2	2	2	2	1	1	1
OG0002242	1	6	2	2	1	1	1	1	2	2	2	2	2	2	1	1	1
OG0002244	1	9	1	1	1	1	1	1	1	1	1	1	1	1	1	1	1
OG0002245	1	9	1	1	1	1	1	1	1	1	1	1	1	1	1	1	1
OG0002246	1	9	1	1	1	1	1	1	1	1	1	1	1	1	1	1	1
OG0002247	5	2	2	3	5	0	0	0	0	4	3	3	3	3	0	0	0
OG0002250	1	7	1	2	2	1	1	1	1	2	2	2	2	2	1	1	1
OG0002251	2	6	1	1	3	1	1	1	1	2	2	2	2	2	1	1	1
OG0002253	1	7	1	2	2	1	1	1	1	2	2	2	2	2	1	1	1
OG0002255	1	2	1	2	3	2	2	2	2	2	2	2	2	2	2	2	2
OG0002256	2	6	1	2	2	1	1	1	1	2	2	2	2	2	1	1	1
OG0002258	1	6	3	2	0	1	2	1	1	2	2	2	2	2	1	1	1
OG0002259	1	6	1	2	3	1	1	1	1	2	2	2	2	2	1	1	1
OG0002260	1	7	1	3	1	1	1	1	1	2	2	2	2	2	1	1	1
OG0002262	1	7	1	2	2	1	1	1	1	2	2	2	2	2	1	1	1
OG0002263	1	3	1	2	1	3	4	1	1	1	1	1	1	1	2	3	1
OG0002264	2	7	1	1	2	1	1	1	1	2	2	2	2	2	1	1	1
OG0002266	1	7	1	2	1	1	1	1	2	1	1	1	1	1	1	1	1
OG0002267	1	3	2	3	1	2	2	2	1	2	2	2	2	2	2	2	2
OG0002268	1	2	0	4	2	2	2	2	2	2	2	2	2	2	2	2	2
OG0002269	3	6	2	1	1	1	1	1	1	3	2	2	2	2	1	1	1
OG0002270	4	2	1	2	3	1	2	1	1	3	2	2	2	2	1	1	1
OG0002271	1	7	2	1	2	1	1	1	1	2	2	2	2	2	1	1	1
OG0002272	2	4	2	3	2	1	1	1	1	2	2	2	2	2	1	1	1
OG0002273	2	1	2	6	2	1	1	1	1	2	2	2	2	2	1	1	1
OG0002274	1	1	2	1	4	2	2	2	2	2	2	2	2	2	2	2	2
OG0002275	1	3	2	1	2	2	2	2	2	2	2	2	2	2	2	2	2
OG0002276	3	3	2	4	1	1	1	1	1	3	2	2	2	2	1	1	1
OG0002277	3	4	1	2	2	2	1	1	1	3	2	2	2	2	1	1	1
OG0002278	1	7	1	2	2	1	1	1	1	2	2	2	2	2	1	1	1
OG0002279	1	6	1	2	3	1	1	1	1	2	2	2	2	2	1	1	1
OG0002281	2	7	1	2	1	1	1	1	1	2	2	2	2	2	1	1	1
OG0002282	3	4	1	2	3	1	1	1	1	3	2	2	2	2	1	1	1
OG0002283	1	1	1	2	4	2	2	2	2	2	2	2	2	2	2	2	2
OG0002285	1	12	1	2	1	0	0	0	0	1	1	1	1	1	0	0	0
OG0002287	1	4	2	2	3	2	1	1	1	2	2	2	2	2	1	1	1
OG0002288	1	8	1	2	1	1	1	1	1	2	2	2	2	2	1	1	1
OG0002289	2	4	1	2	4	1	1	1	1	2	2	2	2	2	1	1	1
OG0002290	1	6	1	2	3	1	1	1	1	2	2	2	2	2	1	1	1
OG0002291	1	8	1	2	1	1	1	1	1	2	2	2	2	2	1	1	1
OG0002292	2	8	1	2	1	1	0	1	1	2	2	2	2	2	1	1	1
OG0002293	4	1	3	2	3	1	1	1	1	3	2	2	2	2	1	1	1
OG0002294	1	11	1	1	0	1	1	0	1	1	1	1	1	1	1	1	1
OG0002295	1	8	1	2	1	1	1	1	1	2	2	2	2	2	1	1	1
OG0002296	3	1	1	2	1	1	2	4	2	3	2	2	2	2	2	2	2
OG0002297	2	8	1	2	0	1	1	1	1	2	2	2	2	2	1	1	1
OG0002298	1	6	1	2	3	1	1	1	1	2	2	2	2	2	1	1	1
OG0002299	1	5	1	2	4	1	1	1	1	2	2	2	2	2	1	1	1
OG0002301	1	6	2	2	2	1	1	1	1	2	2	2	2	2	1	1	1
OG0002302	1	8	1	2	1	1	1	1	1	2	2	2	2	2	1	1	1
OG0002303	1	8	1	1	2	1	1	1	1	1	1	1	1	1	1	1	1
OG0002304	3	2	1	1	4	1	1	1	3	3	2	2	2	2	1	1	1
OG0002305	1	2	1	2	6	1	2	1	1	2	2	2	2	2	1	1	1
OG0002306	1	7	1	2	2	1	1	1	1	2	2	2	2	2	1	1	1
OG0002307	1	2	0	2	5	2	2	2	1	2	2	2	2	2	2	2	2
OG0002308	1	1	3	2	3	1	1	3	2	2	2	2	2	2	2	1	2
OG0002309	3	8	1	2	3	0	0	0	0	3	2	2	2	2	0	0	0
OG0002310	1	1	4	4	3	1	1	1	1	2	2	2	3	3	1	1	1
OG0002312	1	2	2	0	0	3	3	3	3	1	1	1	1	0	3	3	3
OG0002313	1	8	1	0	2	1	1	1	2	1	1	1	1	1	1	1	1
OG0002314	10	0	2	0	0	1	2	1	1	5	1	1	1	0	1	1	1
OG0002315	1	4	1	0	3	2	2	2	2	2	2	2	2	2	2	2	2
OG0002316	2	10	0	0	0	1	2	1	1	2	1	1	0	0	1	1	1
OG0002317	2	7	2	0	2	1	1	1	1	2	2	2	2	2	1	1	1
OG0002318	2	8	0	0	3	1	1	1	1	2	2	2	2	2	1	1	1
OG0002319	1	11	1	0	0	1	1	1	1	1	1	1	1	0	1	1	1
OG0002321	1	8	1	0	3	1	1	1	1	1	1	1	1	1	1	1	1
OG0002340	4	5	1	2	0	1	1	1	1	3	2	2	2	2	1	1	1
OG0002342	3	5	1	2	1	1	1	1	1	3	2	2	2	2	1	1	1
OG0002344	2	5	1	1	3	1	1	1	1	2	2	2	2	2	1	1	1
OG0002346	1	7	1	2	1	1	1	1	1	1	1	1	1	1	1	1	1
OG0002347	2	2	1	3	4	1	1	1	1	2	2	2	2	2	1	1	1
OG0002348	1	5	1	2	3	1	1	1	1	2	2	2	2	2	1	1	1
OG0002349	1	11	2	2	0	0	0	0	0	1	1	2	2	2	0	0	0
OG0002352	1	3	1	3	2	2	0	2	2	2	2	2	2	2	2	2	2
OG0002353	1	0	4	10	1	0	0	0	0	1	1	1	2	2	0	0	0
OG0002354	1	11	1	1	2	0	0	0	0	1	1	1	1	1	0	0	0
OG0002355	1	7	1	2	1	1	2	1	0	1	1	1	1	1	1	1	1
OG0002359	3	2	2	2	3	1	1	1	1	3	2	2	2	2	1	1	1
OG0002360	1	7	1	2	1	1	1	1	1	1	1	1	1	1	1	1	1
OG0002361	1	2	1	3	1	2	2	2	2	2	2	2	2	2	2	2	2
OG0002362	2	4	1	1	3	1	2	1	1	2	2	2	2	2	1	1	1
OG0002363	4	0	2	2	4	1	1	1	1	3	2	2	2	2	1	1	1
OG0002364	1	1	1	2	3	2	3	2	1	1	1	1	1	2	2	2	2
OG0002365	1	5	1	1	4	1	1	1	1	2	2	2	2	2	1	1	1
OG0002366	1	6	1	2	2	1	1	1	1	2	2	2	2	2	1	1	1
OG0002367	1	8	1	2	1	1	1	1	0	2	2	2	2	2	1	1	1
OG0002368	2	0	6	5	3	0	0	0	0	2	2	2	3	3	0	0	0
OG0002369	1	9	1	2	3	0	0	0	0	2	2	2	2	2	0	0	0
OG0002371	1	3	2	3	3	1	1	1	1	2	2	2	2	2	1	1	1
OG0002372	2	4	1	2	3	1	1	1	1	2	2	2	2	2	1	1	1
OG0002373	2	6	1	2	1	1	1	1	1	2	2	2	2	2	1	1	1
OG0002374	1	5	1	2	2	1	1	1	2	2	2	2	2	2	1	1	1
OG0002375	1	5	1	2	3	1	1	1	1	2	2	2	2	2	1	1	1
OG0002377	2	4	1	2	3	1	1	1	1	2	2	2	2	2	1	1	1
OG0002378	2	0	5	3	2	1	1	1	1	2	2	2	2	2	1	1	1
OG0002381	2	2	1	6	1	1	1	1	1	2	2	2	2	2	1	1	1
OG0002382	4	3	1	2	1	1	2	1	1	3	2	2	2	2	1	1	1
OG0002384	3	4	1	1	3	1	1	1	1	3	2	2	2	2	1	1	1
OG0002385	3	4	2	2	1	1	1	1	1	3	2	2	2	2	1	1	1
OG0002387	1	2	1	4	4	1	1	1	1	2	2	2	2	3	1	1	1
OG0002388	2	6	1	2	1	1	1	1	1	2	2	2	2	2	1	1	1
OG0002389	1	1	5	3	2	1	1	1	1	2	2	2	2	2	1	1	1
OG0002390	2	5	1	2	2	1	1	1	1	2	2	2	2	2	1	1	1
OG0002391	1	8	1	1	1	1	1	1	1	1	1	1	1	1	1	1	1
OG0002392	1	10	2	2	1	0	0	0	0	2	2	2	2	2	0	0	0
OG0002393	1	5	1	2	3	1	1	1	1	2	2	2	2	2	1	1	1
OG0002394	3	0	1	12	0	0	0	0	0	2	1	1	1	1	0	0	0
OG0002395	1	4	2	3	1	1	0	2	2	2	2	2	2	2	2	1	2
OG0002397	1	5	1	2	3	1	1	1	1	2	2	2	2	2	1	1	1
OG0002401	8	5	1	2	0	0	0	0	0	5	2	2	2	2	0	0	0
OG0002402	1	6	3	4	2	0	0	0	0	2	2	3	3	3	0	0	0
OG0002403	1	3	1	2	2	2	2	1	2	2	2	2	2	2	2	2	2
OG0002404	2	6	1	2	1	1	1	1	1	2	2	2	2	2	1	1	1
OG0002406	1	5	1	2	3	1	1	1	1	2	2	2	2	2	1	1	1
OG0002407	3	4	2	1	2	1	1	1	1	3	2	2	2	2	1	1	1
OG0002409	2	6	1	1	2	1	1	1	1	2	2	2	2	2	1	1	1
OG0002410	1	2	2	2	2	2	2	2	1	2	2	2	2	2	2	2	2
OG0002413	1	2	1	2	6	1	1	1	1	2	2	2	2	2	1	1	1
OG0002415	1	4	2	1	0	2	2	2	2	2	2	2	2	1	2	2	2
OG0002416	1	3	2	2	4	1	1	1	1	2	2	2	2	2	1	1	1
OG0002417	1	2	1	2	3	1	1	1	4	1	1	1	1	2	1	1	1
OG0002418	2	4	1	2	4	0	1	1	1	2	2	2	2	2	1	1	1
OG0002419	2	2	1	2	4	1	2	1	1	2	2	2	2	2	1	1	1
OG0002420	1	6	1	2	2	1	1	1	1	2	2	2	2	2	1	1	1
OG0002421	2	5	1	2	2	1	1	1	1	2	2	2	2	2	1	1	1
OG0002422	1	4	2	2	1	1	2	2	1	2	2	2	2	2	2	2	2
OG0002423	1	5	1	3	2	1	1	1	1	2	2	2	2	2	1	1	1
OG0002424	1	2	1	2	6	1	1	1	1	2	2	2	2	2	1	1	1
OG0002425	1	3	1	1	6	1	1	1	1	2	2	2	2	2	1	1	1
OG0002426	1	6	1	2	2	1	1	1	1	2	2	2	2	2	1	1	1
OG0002427	1	7	1	2	1	1	1	1	1	1	1	1	1	1	1	1	1
OG0002428	2	6	1	2	1	1	1	1	1	2	2	2	2	2	1	1	1
OG0002429	1	4	1	1	1	2	2	2	2	1	1	1	1	1	2	2	2
OG0002430	2	3	2	2	0	2	2	2	1	2	2	2	2	2	2	2	2
OG0002432	1	6	1	2	0	2	2	1	1	1	1	1	1	1	1	2	1
OG0002433	1	7	1	2	1	1	1	1	1	1	1	1	1	1	1	1	1
OG0002435	1	4	1	3	3	1	1	1	1	2	2	2	2	2	1	1	1
OG0002437	1	7	1	1	2	1	1	1	1	1	1	1	1	1	1	1	1
OG0002438	1	1	1	1	2	2	1	4	3	1	1	1	1	1	2	2	3
OG0002439	2	5	1	1	3	1	1	1	1	2	2	2	2	2	1	1	1
OG0002440	1	6	1	2	2	1	1	1	1	2	2	2	2	2	1	1	1
OG0002442	1	1	1	2	7	1	1	1	1	1	1	1	1	2	1	1	1
OG0002443	3	3	2	2	2	1	1	1	1	3	2	2	2	2	1	1	1
OG0002444	1	3	1	2	1	2	2	2	2	2	2	2	2	2	2	2	2
OG0002445	4	2	1	1	1	2	2	2	1	3	2	2	1	1	2	2	2
OG0002446	1	4	2	2	3	1	1	1	1	2	2	2	2	2	1	1	1
OG0002447	1	8	1	2	0	1	1	1	1	1	1	1	1	1	1	1	1
OG0002448	1	2	1	2	4	1	2	1	2	2	2	2	2	2	1	1	1
OG0002450	1	2	1	2	2	2	2	2	2	2	2	2	2	2	2	2	2
OG0002453	3	1	1	2	2	1	2	2	2	3	2	2	2	2	2	2	2
OG0002458	3	1	2	3	1	1	1	2	2	3	2	2	2	2	2	1	2
OG0002459	2	3	1	1	1	2	2	2	2	2	2	2	1	1	2	2	2
OG0002460	1	5	1	2	3	1	1	1	1	2	2	2	2	2	1	1	1
OG0002461	1	3	1	2	1	2	2	2	2	2	2	2	2	2	2	2	2
OG0002462	1	10	2	2	1	0	0	0	0	2	2	2	2	2	0	0	0
OG0002463	1	6	1	2	2	1	1	1	1	2	2	2	2	2	1	1	1
OG0002464	1	10	3	1	1	0	0	0	0	2	2	2	2	2	0	0	0
OG0002465	1	10	1	2	2	0	0	0	0	2	2	2	2	2	0	0	0
OG0002466	2	1	4	2	3	1	1	1	1	2	2	2	2	2	1	1	1
OG0002467	2	4	1	2	3	1	1	1	1	2	2	2	2	2	1	1	1
OG0002468	4	0	4	2	6	0	0	0	0	3	2	2	2	2	0	0	0
OG0002469	1	8	1	1	1	1	1	1	1	1	1	1	1	1	1	1	1
OG0002471	2	7	1	2	0	1	1	1	1	2	2	2	2	2	1	1	1
OG0002472	1	7	1	1	1	1	2	1	1	1	1	1	1	1	1	1	1
OG0002473	1	6	1	2	2	1	1	1	1	2	2	2	2	2	1	1	1
OG0002474	1	4	1	2	4	1	1	1	1	2	2	2	2	2	1	1	1
OG0002475	1	5	1	2	3	1	1	1	1	2	2	2	2	2	1	1	1
OG0002476	2	3	1	2	4	1	1	1	1	2	2	2	2	2	1	1	1
OG0002477	4	7	1	2	2	0	0	0	0	3	2	2	2	2	0	0	0
OG0002478	3	1	1	2	1	2	2	2	2	3	2	2	2	2	2	2	2
OG0002479	1	4	1	1	4	1	2	1	1	1	1	1	1	1	1	1	1
OG0002480	1	6	1	2	2	1	1	1	1	2	2	2	2	2	1	1	1
OG0002482	1	5	2	1	3	1	1	1	1	2	2	2	2	2	1	1	1
OG0002483	1	1	1	2	6	1	2	1	1	1	1	1	1	2	1	1	1
OG0002484	5	2	1	2	2	1	1	1	1	4	2	2	2	2	1	1	1
OG0002485	3	5	0	2	2	1	1	1	1	3	2	2	2	2	1	1	1
OG0002486	2	4	2	1	3	2	0	1	1	2	2	2	2	2	1	1	1
OG0002488	2	4	1	2	3	1	1	1	1	2	2	2	2	2	1	1	1
OG0002489	1	4	1	2	1	2	2	2	1	2	2	2	2	2	2	2	2
OG0002490	3	2	3	2	1	1	1	2	1	3	2	2	2	2	1	1	1
OG0002491	1	6	1	2	2	1	1	1	1	2	2	2	2	2	1	1	1
OG0002492	1	6	1	2	2	1	1	1	1	2	2	2	2	2	1	1	1
OG0002493	3	4	1	2	2	1	1	1	1	3	2	2	2	2	1	1	1
OG0002494	1	4	1	2	4	1	1	1	1	2	2	2	2	2	1	1	1
OG0002495	2	2	2	2	4	1	1	1	1	2	2	2	2	2	1	1	1
OG0002497	2	1	3	2	4	1	1	1	1	2	2	2	2	2	1	1	1
OG0002498	1	5	1	1	0	2	2	2	2	1	1	1	1	1	2	2	2
OG0002499	4	2	1	2	3	1	1	1	1	3	2	2	2	2	1	1	1
OG0002500	3	1	3	1	0	2	4	1	1	2	1	1	1	1	1	2	1
OG0002501	2	4	0	2	4	1	1	1	1	2	2	2	2	2	1	1	1
OG0002502	1	5	2	2	2	1	1	1	1	2	2	2	2	2	1	1	1
OG0002503	1	2	1	1	1	4	4	1	1	1	1	1	1	1	2	4	1
OG0002504	2	6	1	2	0	1	2	1	1	2	2	2	2	2	1	1	1
OG0002505	1	3	1	2	1	2	2	2	2	2	2	2	2	2	2	2	2
OG0002506	2	1	1	2	2	2	2	1	3	2	2	2	2	2	2	2	2
OG0002507	1	2	2	2	1	2	2	2	2	2	2	2	2	2	2	2	2
OG0002508	4	4	1	1	1	1	2	1	1	3	2	2	1	1	1	1	1
OG0002509	1	7	1	1	2	1	1	1	1	1	1	1	1	1	1	1	1
OG0002513	1	8	1	0	2	1	1	1	1	1	1	1	1	1	1	1	1
OG0002518	1	9	1	0	1	1	1	1	1	1	1	1	1	1	1	1	1
OG0002521	8	0	0	0	0	2	2	2	2	4	1	0	0	0	2	2	2
OG0002522	1	10	1	0	1	1	1	1	0	1	1	1	1	1	1	1	1
OG0002533	1	15	0	0	0	0	0	0	0	1	1	1	0	0	0	0	0
OG0002543	3	13	0	0	0	0	0	0	0	2	1	1	0	0	0	0	0
OG0002550	3	2	1	2	0	2	1	2	2	3	2	2	2	2	2	2	2
OG0002551	1	6	1	2	1	1	1	1	1	1	1	1	1	1	1	1	1
OG0002552	3	1	1	1	5	1	1	1	1	3	2	2	2	2	1	1	1
OG0002554	2	5	1	2	1	1	1	1	1	2	2	2	2	2	1	1	1
OG0002556	1	1	1	2	1	2	2	2	3	1	1	1	1	1	2	2	2
OG0002557	1	9	1	1	0	0	1	1	1	1	1	1	1	1	1	1	1
OG0002558	1	6	1	2	2	1	1	1	0	2	2	2	2	2	1	1	1
OG0002560	2	2	1	2	1	2	1	2	2	2	2	2	2	2	2	2	2
OG0002561	1	10	1	2	1	0	0	0	0	1	1	1	1	1	0	0	0
OG0002562	1	7	1	2	0	1	1	1	1	1	1	1	1	1	1	1	1
OG0002568	1	2	2	2	4	1	1	1	1	2	2	2	2	2	1	1	1
OG0002569	1	3	1	3	3	1	1	1	1	2	2	2	2	2	1	1	1
OG0002571	3	6	1	2	0	1	1	1	0	3	2	2	2	2	1	1	1
OG0002572	1	1	1	1	2	2	2	3	2	1	1	1	1	1	2	2	2
OG0002573	2	1	1	2	5	1	1	1	1	2	2	2	2	2	1	1	1
OG0002574	1	6	1	2	1	1	1	1	1	1	1	1	1	1	1	1	1
OG0002575	1	7	1	2	0	1	1	1	1	1	1	1	1	1	1	1	1
OG0002579	1	4	1	3	2	1	1	1	1	2	2	2	2	2	1	1	1
OG0002580	1	1	2	2	6	1	0	1	1	2	2	2	2	2	1	1	1
OG0002581	1	5	1	2	2	1	1	1	1	2	2	2	2	2	1	1	1
OG0002582	4	4	1	4	2	0	0	0	0	3	2	2	2	2	0	0	0
OG0002583	2	2	1	5	1	1	1	1	1	2	2	2	2	2	1	1	1
OG0002584	1	7	0	2	1	1	1	1	1	1	1	1	1	1	1	1	1
OG0002585	3	5	1	2	1	1	1	1	0	3	2	2	2	2	1	1	1
OG0002586	1	6	1	2	1	1	1	1	1	1	1	1	1	1	1	1	1
OG0002587	2	4	1	1	3	1	1	1	1	2	2	2	2	2	1	1	1
OG0002589	1	6	1	2	1	1	1	1	1	1	1	1	1	1	1	1	1
OG0002590	1	1	2	3	4	1	1	1	1	2	2	2	2	2	1	1	1
OG0002592	1	9	1	1	1	1	0	1	0	1	1	1	1	1	1	1	1
OG0002595	1	6	1	2	1	1	1	1	1	1	1	1	1	1	1	1	1
OG0002596	1	6	1	2	1	1	1	1	1	1	1	1	1	1	1	1	1
OG0002597	3	1	4	1	2	1	1	1	1	3	2	2	2	2	1	1	1
OG0002598	1	1	4	4	1	1	1	1	1	2	2	2	2	2	1	1	1
OG0002599	1	5	1	2	2	1	1	1	1	2	2	2	2	2	1	1	1
OG0002603	1	3	1	2	0	2	2	2	2	1	1	1	1	1	2	2	2
OG0002604	1	4	1	2	3	1	1	1	1	2	2	2	2	2	1	1	1
OG0002605	1	8	1	1	0	1	1	1	1	1	1	1	1	1	1	1	1
OG0002606	1	5	1	2	2	1	1	1	1	2	2	2	2	2	1	1	1
OG0002607	1	0	1	2	7	1	1	1	1	1	1	1	1	2	1	1	1
OG0002608	1	7	1	1	1	1	1	1	1	1	1	1	1	1	1	1	1
OG0002609	1	2	1	2	1	2	2	2	2	1	1	1	1	1	2	2	2
OG0002610	1	2	1	1	2	2	2	2	2	1	1	1	1	1	2	2	2
OG0002611	1	4	1	2	3	1	1	1	1	2	2	2	2	2	1	1	1
OG0002612	1	2	1	2	1	2	2	2	2	1	1	1	1	1	2	2	2
OG0002613	2	3	1	2	3	1	1	1	1	2	2	2	2	2	1	1	1
OG0002614	1	2	1	2	1	2	2	2	2	1	1	1	1	1	2	2	2
OG0002615	1	6	1	2	1	1	1	1	1	1	1	1	1	1	1	1	1
OG0002616	1	7	1	2	0	1	1	1	1	1	1	1	1	1	1	1	1
OG0002617	1	7	1	2	4	0	0	0	0	2	2	2	2	2	0	0	0
OG0002618	1	7	1	1	1	1	1	1	1	1	1	1	1	1	1	1	1
OG0002620	2	1	1	2	1	2	2	2	2	2	2	2	2	2	2	2	2
OG0002621	1	7	1	1	1	1	1	1	1	1	1	1	1	1	1	1	1
OG0002622	1	8	1	1	1	1	1	1	0	1	1	1	1	1	1	1	1
OG0002623	2	2	1	2	0	2	3	2	1	2	2	2	2	2	2	2	2
OG0002626	1	5	2	2	1	1	1	1	1	2	2	2	2	2	1	1	1
OG0002627	1	7	1	1	1	1	1	1	1	1	1	1	1	1	1	1	1
OG0002628	1	4	1	1	3	1	2	1	1	1	1	1	1	1	1	1	1
OG0002633	3	3	2	1	2	1	1	1	1	3	2	2	2	2	1	1	1
OG0002634	1	1	2	4	2	1	1	1	2	2	2	2	2	2	1	1	1
OG0002635	1	5	1	2	1	1	2	1	1	1	1	1	1	1	1	1	1
OG0002636	1	1	1	2	3	1	1	1	4	1	1	1	1	2	1	1	1
OG0002638	1	4	1	2	3	1	1	1	1	2	2	2	2	2	1	1	1
OG0002640	5	1	1	2	1	1	1	1	2	3	1	1	1	1	1	1	1
OG0002641	2	3	1	2	3	1	1	1	1	2	2	2	2	2	1	1	1
OG0002642	1	6	1	2	1	1	1	1	1	1	1	1	1	1	1	1	1
OG0002645	1	3	1	3	3	1	1	1	1	2	2	2	2	2	1	1	1
OG0002649	1	5	1	2	2	1	1	1	1	2	2	2	2	2	1	1	1
OG0002650	1	6	1	2	1	1	1	1	1	1	1	1	1	1	1	1	1
OG0002651	1	7	1	1	1	1	1	1	1	1	1	1	1	1	1	1	1
OG0002652	1	6	1	1	2	1	1	1	1	1	1	1	1	1	1	1	1
OG0002655	1	10	1	2	1	0	0	0	0	1	1	1	1	1	0	0	0
OG0002656	1	6	1	2	1	1	1	1	1	1	1	1	1	1	1	1	1
OG0002657	2	2	4	2	1	1	1	1	1	2	2	2	2	2	1	1	1
OG0002658	2	2	4	2	1	1	1	1	1	2	2	2	2	2	1	1	1
OG0002659	1	3	1	1	2	2	2	2	1	1	1	1	1	1	2	2	2
OG0002660	1	3	1	1	4	1	2	1	1	1	1	1	1	1	1	1	1
OG0002661	1	4	1	1	4	1	1	1	1	1	1	1	1	1	1	1	1
OG0002662	2	5	1	2	1	1	1	1	1	2	2	2	2	2	1	1	1
OG0002663	1	4	1	2	3	1	1	1	1	2	2	2	2	2	1	1	1
OG0002664	2	2	0	1	1	3	2	2	2	2	2	2	1	1	2	2	2
OG0002665	1	6	1	1	1	1	1	1	2	1	1	1	1	1	1	1	1
OG0002666	3	1	1	2	1	2	2	1	2	3	2	2	2	2	2	2	2
OG0002667	1	4	2	1	3	1	1	1	1	2	2	2	2	2	1	1	1
OG0002669	1	2	2	2	0	2	2	2	2	2	2	2	2	2	2	2	2
OG0002671	2	1	3	3	2	1	1	1	1	2	2	2	2	2	1	1	1
OG0002672	1	1	3	3	3	1	1	1	1	2	2	2	2	2	1	1	1
OG0002673	1	2	1	2	2	2	2	2	1	2	2	2	2	2	2	2	2
OG0002675	1	6	1	2	2	1	0	1	1	2	2	2	2	2	1	1	1
OG0002676	1	6	1	2	1	1	1	1	1	1	1	1	1	1	1	1	1
OG0002677	2	2	2	1	0	1	3	2	2	2	2	2	2	1	2	2	2
OG0002679	1	4	1	2	3	1	1	1	1	2	2	2	2	2	1	1	1
OG0002680	1	7	1	1	1	1	1	1	1	1	1	1	1	1	1	1	1
OG0002681	1	5	1	2	3	1	1	1	0	2	2	2	2	2	1	1	1
OG0002683	2	3	1	1	0	3	3	1	1	2	2	2	1	1	2	3	1
OG0002684	3	6	1	2	0	1	1	1	0	3	2	2	2	2	1	1	1
OG0002685	2	5	1	2	1	1	1	1	1	2	2	2	2	2	1	1	1
OG0002686	2	5	1	1	2	1	1	1	1	2	2	2	2	2	1	1	1
OG0002687	1	1	1	2	6	1	1	1	1	1	1	1	1	2	1	1	1
OG0002689	1	5	2	2	2	1	0	1	1	2	2	2	2	2	1	1	1
OG0002690	2	4	1	2	2	1	1	1	1	2	2	2	2	2	1	1	1
OG0002692	1	6	1	1	2	1	1	1	1	1	1	1	1	1	1	1	1
OG0002693	1	6	1	2	1	1	1	1	1	1	1	1	1	1	1	1	1
OG0002694	1	1	1	2	3	1	3	1	2	1	1	1	1	2	1	1	1
OG0002695	1	7	1	2	0	1	1	1	1	1	1	1	1	1	1	1	1
OG0002696	3	4	1	2	1	1	1	1	1	3	2	2	2	2	1	1	1
OG0002698	2	5	1	2	1	1	1	1	1	2	2	2	2	2	1	1	1
OG0002699	1	1	1	2	2	2	2	2	2	1	1	1	1	1	2	2	2
OG0002700	10	0	1	2	2	0	0	0	0	6	2	2	2	2	0	0	0
OG0002701	1	4	1	2	3	1	1	1	1	2	2	2	2	2	1	1	1
OG0002702	2	5	1	2	1	1	1	1	1	2	2	2	2	2	1	1	1
OG0002703	1	6	1	1	2	1	1	1	1	1	1	1	1	1	1	1	1
OG0002704	1	5	2	2	1	1	1	1	1	2	2	2	2	2	1	1	1
OG0002705	1	1	2	2	2	2	2	2	1	2	2	2	2	2	2	2	2
OG0002706	1	7	1	2	0	1	1	1	1	1	1	1	1	1	1	1	1
OG0002707	2	1	1	2	2	3	2	1	1	2	2	2	2	2	2	2	1
OG0002708	3	5	3	2	2	0	0	0	0	3	2	2	2	2	0	0	0
OG0002709	1	6	1	2	1	1	1	1	1	1	1	1	1	1	1	1	1
OG0002710	1	1	2	2	3	1	2	1	2	2	2	2	2	2	1	1	1
OG0002711	2	4	1	2	2	1	1	1	1	2	2	2	2	2	1	1	1
OG0002712	2	2	1	2	1	2	2	2	1	2	2	2	2	2	2	2	2
OG0002713	1	5	2	1	2	1	1	1	1	2	2	2	2	2	1	1	1
OG0002716	4	2	1	2	2	1	0	2	1	3	2	2	2	2	1	1	1
OG0002717	1	6	1	2	1	1	1	1	1	1	1	1	1	1	1	1	1
OG0002718	1	1	1	2	6	1	1	1	1	1	1	1	1	2	1	1	1
OG0002719	1	4	1	2	3	1	1	1	1	2	2	2	2	2	1	1	1
OG0002720	1	3	1	2	3	1	2	1	1	2	2	2	2	2	1	1	1
OG0002721	2	6	1	2	1	1	1	1	0	2	2	2	2	2	1	1	1
OG0002722	1	3	1	2	4	1	1	1	1	2	2	2	2	2	1	1	1
OG0002723	3	4	1	2	1	1	1	1	1	3	2	2	2	2	1	1	1
OG0002724	1	5	1	2	2	1	1	1	1	2	2	2	2	2	1	1	1
OG0002725	1	1	1	2	2	2	2	2	2	1	1	1	1	1	2	2	2
OG0002726	1	6	1	2	1	1	1	1	1	1	1	1	1	1	1	1	1
OG0002727	1	7	1	1	1	1	1	1	1	1	1	1	1	1	1	1	1
OG0002728	1	2	2	3	3	1	1	1	1	2	2	2	2	2	1	1	1
OG0002729	5	3	1	1	1	1	1	1	1	4	2	2	1	1	1	1	1
OG0002730	1	6	1	2	2	1	1	1	0	2	2	2	2	2	1	1	1
OG0002731	1	6	1	2	1	1	1	1	1	1	1	1	1	1	1	1	1
OG0002732	1	6	1	2	1	1	1	1	1	1	1	1	1	1	1	1	1
OG0002733	2	5	1	2	1	1	1	1	1	2	2	2	2	2	1	1	1
OG0002734	1	6	1	2	1	1	1	1	1	1	1	1	1	1	1	1	1
OG0002735	1	2	1	2	5	1	1	1	1	2	2	2	2	2	1	1	1
OG0002737	1	5	1	2	2	1	1	1	1	2	2	2	2	2	1	1	1
OG0002740	1	0	2	4	1	2	1	2	2	2	2	2	2	2	2	2	2
OG0002741	2	5	1	2	1	1	1	1	1	2	2	2	2	2	1	1	1
OG0002744	1	4	1	2	3	1	1	1	1	2	2	2	2	2	1	1	1
OG0002745	1	5	1	2	2	1	1	1	1	2	2	2	2	2	1	1	1
OG0002746	1	5	1	2	2	1	1	1	1	2	2	2	2	2	1	1	1
OG0002747	1	4	1	1	3	1	1	1	2	1	1	1	1	1	1	1	1
OG0002748	1	5	2	2	1	1	1	1	1	2	2	2	2	2	1	1	1
OG0002751	2	1	1	2	2	2	4	1	0	2	2	2	2	2	2	2	1
OG0002752	1	1	1	2	2	2	2	2	2	1	1	1	1	1	2	2	2
OG0002753	1	7	1	2	0	1	1	1	1	1	1	1	1	1	1	1	1
OG0002754	1	8	1	1	1	1	1	1	0	1	1	1	1	1	1	1	1
OG0002755	2	7	2	1	3	0	0	0	0	2	2	2	2	2	0	0	0
OG0002756	1	8	1	1	1	1	1	1	0	1	1	1	1	1	1	1	1
OG0002757	1	4	1	2	3	1	1	1	1	2	2	2	2	2	1	1	1
OG0002759	1	3	1	1	5	1	1	1	1	1	1	1	1	1	1	1	1
OG0002761	1	10	0	0	0	1	1	1	1	1	1	1	0	0	1	1	1
OG0002762	2	0	1	0	0	3	4	3	2	2	1	1	1	0	3	3	3
OG0002763	4	0	5	0	0	2	2	1	1	3	1	1	1	0	1	2	1
OG0002764	5	0	1	0	0	2	2	2	3	3	1	1	1	0	2	2	2
OG0002765	1	4	1	0	1	2	2	2	2	1	1	1	1	1	2	2	2
OG0002767	1	7	1	0	2	1	1	1	1	1	1	1	1	1	1	1	1
OG0002775	3	7	1	0	4	0	0	0	0	3	2	2	2	2	0	0	0
OG0002778	1	13	0	0	1	0	0	0	0	1	1	1	1	1	0	0	0
OG0002779	1	0	0	0	14	0	0	0	0	1	1	1	1	1	0	0	0
OG0002787	12	2	1	0	0	0	0	0	0	6	1	1	1	0	0	0	0
OG0002801	3	1	1	3	2	1	1	1	1	3	2	2	2	2	1	1	1
OG0002802	1	1	2	2	2	2	2	1	1	2	2	2	2	2	2	2	1
OG0002805	1	7	1	1	0	1	1	1	1	1	1	1	1	1	1	1	1
OG0002809	3	2	3	2	0	1	1	1	1	3	2	2	2	2	1	1	1
OG0002810	3	1	1	2	3	1	1	1	1	3	2	2	2	2	1	1	1
OG0002812	2	1	1	1	5	1	1	1	1	2	1	1	1	1	1	1	1
OG0002814	1	4	1	2	1	1	2	1	1	1	1	1	1	1	1	1	1
OG0002817	3	3	1	2	1	1	1	1	1	3	2	2	2	2	1	1	1
OG0002818	1	4	1	2	1	1	2	1	1	1	1	1	1	1	1	1	1
OG0002820	1	4	2	2	0	2	1	1	1	2	2	2	2	2	1	1	1
OG0002821	3	2	1	3	2	1	0	1	1	3	2	2	2	2	1	1	1
OG0002824	2	3	1	1	3	1	1	1	1	2	2	2	2	2	1	1	1
OG0002825	2	1	1	2	4	1	1	1	1	2	2	2	2	2	1	1	1
OG0002827	1	5	1	2	1	1	1	1	1	1	1	1	1	1	1	1	1
OG0002828	1	1	1	3	1	2	1	2	2	1	1	1	1	1	2	2	2
OG0002831	1	1	1	2	1	2	2	2	2	1	1	1	1	1	2	2	2
OG0002832	1	3	1	2	3	1	1	1	1	2	2	2	2	2	1	1	1
OG0002833	1	1	1	2	4	2	1	1	1	1	1	1	1	2	1	1	1
OG0002834	1	2	1	2	4	1	1	1	1	2	2	2	2	2	1	1	1
OG0002835	2	5	1	2	0	1	1	1	1	2	2	2	2	2	1	1	1
OG0002836	1	5	1	1	2	1	1	1	1	1	1	1	1	1	1	1	1
OG0002837	1	4	1	2	2	1	1	1	1	2	2	2	2	2	1	1	1
OG0002838	1	3	1	2	2	1	2	1	1	2	2	2	2	2	1	1	1
OG0002840	1	1	1	1	3	2	2	1	2	1	1	1	1	1	2	2	2
OG0002841	1	8	3	2	0	0	0	0	0	1	1	2	2	2	0	0	0
OG0002842	1	2	1	2	3	1	2	1	1	1	1	1	1	2	1	1	1
OG0002843	1	1	1	2	1	2	2	2	2	1	1	1	1	1	2	2	2
OG0002844	5	3	0	4	2	0	0	0	0	4	2	2	2	2	0	0	0
OG0002845	1	0	1	1	7	1	1	1	1	1	1	1	1	1	1	1	1
OG0002846	1	1	1	2	3	2	2	1	1	1	1	1	1	2	1	2	1
OG0002847	1	4	1	2	2	1	1	1	1	2	2	2	2	2	1	1	1
OG0002848	2	4	1	2	1	1	1	1	1	2	2	2	2	2	1	1	1
OG0002849	2	6	1	1	0	1	1	1	1	2	2	2	1	1	1	1	1
OG0002850	1	5	1	2	1	1	1	1	1	1	1	1	1	1	1	1	1
OG0002851	2	0	2	3	3	1	1	1	1	2	2	2	2	2	1	1	1
OG0002852	1	1	1	2	6	0	1	1	1	1	1	1	1	2	1	1	1
OG0002854	1	1	1	2	1	2	2	2	2	1	1	1	1	1	2	2	2
OG0002856	2	4	1	2	1	1	1	1	1	2	2	2	2	2	1	1	1
OG0002857	1	5	1	1	2	1	1	1	1	1	1	1	1	1	1	1	1
OG0002858	2	3	1	2	2	1	1	1	1	2	2	2	2	2	1	1	1
OG0002859	3	1	1	2	2	1	2	1	1	3	2	2	2	2	1	1	1
OG0002860	1	2	1	2	4	1	1	1	1	2	2	2	2	2	1	1	1
OG0002861	1	3	3	2	5	0	0	0	0	2	2	2	2	2	0	0	0
OG0002862	3	2	2	2	1	1	1	1	1	3	2	2	2	2	1	1	1
OG0002863	1	2	2	2	3	1	1	1	1	2	2	2	2	2	1	1	1
OG0002864	1	3	1	2	3	1	1	1	1	2	2	2	2	2	1	1	1
OG0002865	1	5	1	1	2	1	1	1	1	1	1	1	1	1	1	1	1
OG0002866	2	2	2	3	1	1	1	1	1	2	2	2	2	2	1	1	1
OG0002867	1	5	1	2	1	1	1	1	1	1	1	1	1	1	1	1	1
OG0002868	2	4	1	1	2	1	1	1	1	2	2	2	2	2	1	1	1
OG0002869	4	1	1	2	1	2	1	1	1	3	1	1	1	1	1	1	1
OG0002871	2	3	1	2	1	1	1	1	2	2	2	2	2	2	1	1	1
OG0002872	1	3	1	2	3	1	1	1	1	2	2	2	2	2	1	1	1
OG0002873	2	4	1	2	1	1	1	1	1	2	2	2	2	2	1	1	1
OG0002874	2	5	1	1	1	1	1	1	1	2	1	1	1	1	1	1	1
OG0002875	1	4	1	1	2	1	2	1	1	1	1	1	1	1	1	1	1
OG0002876	2	2	1	2	3	1	1	1	1	2	2	2	2	2	1	1	1
OG0002877	1	5	1	2	1	1	1	1	1	1	1	1	1	1	1	1	1
OG0002878	2	1	1	2	4	1	1	1	1	2	2	2	2	2	1	1	1
OG0002879	1	5	1	2	1	1	1	1	1	1	1	1	1	1	1	1	1
OG0002880	2	4	1	2	1	1	1	1	1	2	2	2	2	2	1	1	1
OG0002884	2	5	1	1	1	1	1	1	1	2	1	1	1	1	1	1	1
OG0002885	2	4	1	2	1	1	1	1	1	2	2	2	2	2	1	1	1
OG0002886	4	2	0	2	1	1	1	1	2	3	2	2	2	2	1	1	1
OG0002887	1	2	1	2	5	1	1	1	0	2	2	2	2	2	1	1	1
OG0002888	2	3	1	2	2	1	1	1	1	2	2	2	2	2	1	1	1
OG0002890	1	5	1	2	1	1	1	1	1	1	1	1	1	1	1	1	1
OG0002891	1	6	1	1	1	1	1	1	1	1	1	1	1	1	1	1	1
OG0002892	1	6	1	2	0	1	1	1	1	1	1	1	1	1	1	1	1
OG0002893	2	0	2	2	2	1	2	1	2	2	2	2	2	2	1	1	1
OG0002894	1	6	1	2	0	1	1	1	1	1	1	1	1	1	1	1	1
OG0002895	2	3	2	4	3	0	0	0	0	2	2	2	2	2	0	0	0
OG0002896	1	4	1	2	1	1	1	1	2	1	1	1	1	1	1	1	1
OG0002897	1	2	2	2	3	1	1	1	1	2	2	2	2	2	1	1	1
OG0002898	1	3	1	2	3	1	1	1	1	2	2	2	2	2	1	1	1
OG0002902	1	3	1	2	3	1	1	1	1	2	2	2	2	2	1	1	1
OG0002903	2	3	1	2	2	1	1	1	1	2	2	2	2	2	1	1	1
OG0002904	2	3	1	1	3	1	1	1	1	2	2	2	2	2	1	1	1
OG0002905	2	4	1	2	1	1	1	1	1	2	2	2	2	2	1	1	1
OG0002906	1	5	1	2	1	1	1	1	1	1	1	1	1	1	1	1	1
OG0002907	1	2	1	2	4	1	1	1	1	2	2	2	2	2	1	1	1
OG0002908	1	5	1	1	2	1	1	1	1	1	1	1	1	1	1	1	1
OG0002910	3	2	1	2	2	1	1	1	1	3	2	2	2	2	1	1	1
OG0002912	1	5	1	2	1	1	1	1	1	1	1	1	1	1	1	1	1
OG0002913	1	5	1	1	2	1	1	1	1	1	1	1	1	1	1	1	1
OG0002914	1	1	1	2	1	2	3	2	1	1	1	1	1	1	2	2	2
OG0002915	1	3	1	2	3	1	1	1	1	2	2	2	2	2	1	1	1
OG0002916	4	3	1	2	0	1	1	1	1	3	2	2	2	2	1	1	1
OG0002917	1	4	1	2	2	1	1	1	1	2	2	2	2	2	1	1	1
OG0002918	1	2	1	1	5	1	1	1	1	1	1	1	1	1	1	1	1
OG0002919	1	1	1	5	2	1	1	1	1	1	1	1	1	2	1	1	1
OG0002920	3	2	2	1	2	1	1	1	1	3	2	2	2	2	1	1	1
OG0002921	1	4	1	2	1	1	1	1	2	1	1	1	1	1	1	1	1
OG0002922	1	7	1	1	1	1	1	1	0	1	1	1	1	1	1	1	1
OG0002923	1	3	2	2	1	1	1	1	2	2	2	2	2	2	1	1	1
OG0002926	1	5	1	2	1	1	1	1	1	1	1	1	1	1	1	1	1
OG0002927	1	1	2	1	2	1	2	2	2	1	1	1	1	1	2	2	2
OG0002928	1	2	1	2	3	1	1	1	2	1	1	1	1	2	1	1	1
OG0002929	1	5	1	2	1	1	1	1	1	1	1	1	1	1	1	1	1
OG0002930	2	1	1	2	4	1	1	1	1	2	2	2	2	2	1	1	1
OG0002931	2	2	2	1	1	1	3	1	1	2	2	2	2	1	1	1	1
OG0002932	1	3	1	2	3	1	1	1	1	2	2	2	2	2	1	1	1
OG0002934	1	9	1	2	1	0	0	0	0	1	1	1	1	1	0	0	0
OG0002935	2	3	2	2	1	1	1	1	1	2	2	2	2	2	1	1	1
OG0002936	2	4	1	1	2	1	1	1	1	2	2	2	2	2	1	1	1
OG0002938	1	5	1	2	1	1	1	1	1	1	1	1	1	1	1	1	1
OG0002939	1	5	1	2	1	1	1	1	1	1	1	1	1	1	1	1	1
OG0002940	1	3	2	1	7	0	0	0	0	2	2	2	2	2	0	0	0
OG0002941	1	2	1	2	4	1	1	1	1	2	2	2	2	2	1	1	1
OG0002943	2	3	0	2	3	1	1	1	1	2	2	2	2	2	1	1	1
OG0002944	1	6	2	3	2	0	0	0	0	2	2	2	2	2	0	0	0
OG0002945	1	5	1	1	2	1	1	1	1	1	1	1	1	1	1	1	1
OG0002946	1	3	1	2	2	1	2	1	1	2	2	2	2	2	1	1	1
OG0002947	3	4	1	1	1	1	1	1	1	2	1	1	1	1	1	1	1
OG0002948	4	2	1	2	1	1	1	1	1	3	2	2	2	2	1	1	1
OG0002950	2	4	2	2	0	1	1	1	1	2	2	2	2	2	1	1	1
OG0002951	1	5	2	2	0	1	1	1	1	2	2	2	2	2	1	1	1
OG0002952	2	5	1	2	0	1	1	1	1	2	2	2	2	2	1	1	1
OG0002953	1	2	1	1	5	1	1	1	1	1	1	1	1	1	1	1	1
OG0002954	1	4	1	1	4	1	1	1	0	1	1	1	1	1	1	1	1
OG0002955	1	2	1	2	2	1	2	2	1	1	1	1	1	1	1	1	1
OG0002956	1	2	2	3	3	1	1	1	0	2	2	2	2	2	1	1	1
OG0002957	3	0	4	2	1	1	1	1	1	3	2	2	2	2	1	1	1
OG0002958	1	0	1	2	6	1	1	1	1	1	1	1	1	2	1	1	1
OG0002959	1	1	1	2	3	2	2	1	1	1	1	1	1	2	1	2	1
OG0002960	2	4	1	2	1	1	1	1	1	2	2	2	2	2	1	1	1
OG0002961	1	0	1	2	1	2	2	2	3	1	1	1	1	1	2	2	2
OG0002962	4	2	1	2	1	1	1	1	1	3	2	2	2	2	1	1	1
OG0002964	2	4	1	2	1	1	1	1	1	2	2	2	2	2	1	1	1
OG0002966	1	3	3	2	1	1	1	1	1	2	2	2	2	2	1	1	1
OG0002967	2	4	1	2	1	1	1	1	1	2	2	2	2	2	1	1	1
OG0002968	1	5	1	2	1	1	1	1	1	1	1	1	1	1	1	1	1
OG0002969	2	2	1	3	2	1	1	1	1	2	2	2	2	2	1	1	1
OG0002970	3	2	1	2	1	1	1	1	2	3	2	2	2	2	1	1	1
OG0002971	1	4	1	2	2	1	1	1	1	2	2	2	2	2	1	1	1
OG0002972	1	5	1	2	1	1	1	1	1	1	1	1	1	1	1	1	1
OG0002973	1	6	1	1	1	1	1	1	1	1	1	1	1	1	1	1	1
OG0002974	1	4	1	2	2	1	1	1	1	2	2	2	2	2	1	1	1
OG0002975	2	3	2	1	2	1	1	1	1	2	2	2	2	2	1	1	1
OG0002976	1	5	1	2	1	1	1	1	1	1	1	1	1	1	1	1	1
OG0002977	2	1	1	2	3	1	1	2	1	2	2	2	2	2	1	1	1
OG0002980	4	3	1	1	1	1	1	1	1	3	1	1	1	1	1	1	1
OG0002981	1	5	1	2	1	1	1	1	1	1	1	1	1	1	1	1	1
OG0002982	2	3	1	2	1	1	1	1	2	2	2	2	2	2	1	1	1
OG0002983	2	4	1	2	1	1	1	1	1	2	2	2	2	2	1	1	1
OG0002984	1	6	1	1	1	1	1	1	1	1	1	1	1	1	1	1	1
OG0002985	1	5	1	2	1	1	1	1	1	1	1	1	1	1	1	1	1
OG0002986	1	6	1	2	0	1	1	1	1	1	1	1	1	1	1	1	1
OG0002987	3	3	1	2	1	1	1	1	1	3	2	2	2	2	1	1	1
OG0002988	1	6	1	1	0	1	1	1	2	1	1	1	1	1	1	1	1
OG0002989	1	2	3	4	0	1	1	1	1	2	2	2	2	2	1	1	1
OG0002990	1	0	2	4	3	1	1	1	1	1	1	1	2	2	1	1	1
OG0002991	1	2	2	1	2	1	3	1	1	1	1	1	1	1	1	1	1
OG0002992	3	2	2	2	2	0	1	1	1	3	2	2	2	2	1	1	1
OG0002993	1	1	1	2	3	2	1	1	2	1	1	1	1	2	2	2	2
OG0002994	1	5	1	2	1	1	1	1	1	1	1	1	1	1	1	1	1
OG0002995	1	5	1	1	2	1	1	1	1	1	1	1	1	1	1	1	1
OG0002997	2	1	1	2	3	1	2	1	1	2	2	2	2	2	1	1	1
OG0002998	2	1	1	1	1	1	1	2	4	2	1	1	1	1	1	1	2
OG0002999	2	6	0	2	0	1	1	1	1	2	2	2	2	2	1	1	1
OG0003000	1	5	1	2	1	1	1	1	1	1	1	1	1	1	1	1	1
OG0003001	1	4	1	2	2	1	1	1	1	2	2	2	2	2	1	1	1
OG0003002	1	3	1	2	2	1	2	1	1	2	2	2	2	2	1	1	1
OG0003003	3	2	1	2	1	1	2	1	1	3	2	2	2	2	1	1	1
OG0003004	1	2	1	2	3	1	1	1	2	1	1	1	1	2	1	1	1
OG0003005	2	1	2	1	1	2	2	2	1	2	2	2	2	1	2	2	2
OG0003006	1	1	1	2	5	1	1	1	1	1	1	1	1	2	1	1	1
OG0003008	1	1	1	2	4	1	2	1	1	1	1	1	1	2	1	1	1
OG0003011	1	2	1	1	1	3	3	1	1	1	1	1	1	1	1	3	1
OG0003012	4	2	1	2	1	1	1	1	1	3	2	2	2	2	1	1	1
OG0003013	4	0	3	2	1	1	1	1	1	3	2	2	2	2	1	1	1
OG0003014	1	3	3	2	1	1	1	1	1	2	2	2	2	2	1	1	1
OG0003015	1	7	1	1	0	1	1	1	1	1	1	1	1	1	1	1	1
OG0003016	1	2	2	3	6	0	0	0	0	2	2	2	2	3	0	0	0
OG0003017	1	4	1	2	2	1	1	1	1	2	2	2	2	2	1	1	1
OG0003018	3	2	1	2	1	1	2	1	1	3	2	2	2	2	1	1	1
OG0003021	2	1	1	1	3	1	2	2	1	2	1	1	1	1	1	1	1
OG0003022	1	5	1	2	1	1	1	1	1	1	1	1	1	1	1	1	1
OG0003023	2	3	1	2	2	1	1	1	1	2	2	2	2	2	1	1	1
OG0003024	2	4	1	1	2	1	1	1	1	2	2	2	2	2	1	1	1
OG0003025	1	5	1	1	2	1	1	1	1	1	1	1	1	1	1	1	1
OG0003026	1	1	2	1	1	2	2	2	2	1	1	1	1	1	2	2	2
OG0003027	2	2	1	2	3	1	1	1	1	2	2	2	2	2	1	1	1
OG0003028	1	3	1	2	0	1	2	1	3	1	1	1	1	1	1	1	1
OG0003029	1	4	1	2	1	1	2	1	1	1	1	1	1	1	1	1	1
OG0003031	2	4	1	2	1	1	1	1	1	2	2	2	2	2	1	1	1
OG0003032	2	2	2	4	4	0	0	0	0	2	2	2	2	3	0	0	0
OG0003033	2	4	1	2	1	1	1	1	1	2	2	2	2	2	1	1	1
OG0003034	2	2	1	2	2	1	2	1	1	2	2	2	2	2	1	1	1
OG0003035	2	2	2	2	2	1	2	1	0	2	2	2	2	2	1	1	1
OG0003036	1	2	1	2	4	1	1	1	1	2	2	2	2	2	1	1	1
OG0003037	2	2	3	2	5	0	0	0	0	2	2	2	2	2	0	0	0
OG0003038	1	3	1	2	3	1	1	1	1	2	2	2	2	2	1	1	1
OG0003039	1	2	1	3	3	1	1	1	1	2	2	2	2	2	1	1	1
OG0003040	4	2	2	2	0	1	1	1	1	3	2	2	2	2	1	1	1
OG0003041	3	3	1	1	2	1	1	1	1	3	2	2	2	2	1	1	1
OG0003042	2	5	1	2	0	1	1	1	1	2	2	2	2	2	1	1	1
OG0003043	2	2	1	2	3	1	1	1	1	2	2	2	2	2	1	1	1
OG0003044	4	1	3	1	1	1	1	1	1	3	2	2	2	2	1	1	1
OG0003045	2	3	1	2	2	1	1	1	1	2	2	2	2	2	1	1	1
OG0003046	2	2	1	2	3	1	1	1	1	2	2	2	2	2	1	1	1
OG0003047	1	5	1	2	1	1	1	1	1	1	1	1	1	1	1	1	1
OG0003048	3	1	1	2	3	1	1	1	1	3	2	2	2	2	1	1	1
OG0003049	1	4	1	2	2	1	1	1	1	2	2	2	2	2	1	1	1
OG0003050	2	1	2	2	3	1	1	1	1	2	2	2	2	2	1	1	1
OG0003051	2	3	1	2	2	1	1	1	1	2	2	2	2	2	1	1	1
OG0003054	3	1	2	2	2	1	1	1	1	3	2	2	2	2	1	1	1
OG0003055	2	3	1	2	2	1	1	1	1	2	2	2	2	2	1	1	1
OG0003056	1	5	1	2	1	1	1	1	1	1	1	1	1	1	1	1	1
OG0003057	1	2	1	1	5	1	1	1	1	1	1	1	1	1	1	1	1
OG0003059	2	3	2	2	1	1	1	1	1	2	2	2	2	2	1	1	1
OG0003060	1	2	1	2	4	1	1	1	1	2	2	2	2	2	1	1	1
OG0003062	2	4	1	1	1	1	2	1	1	2	1	1	1	1	1	1	1
OG0003063	4	2	1	2	1	1	1	1	1	3	2	2	2	2	1	1	1
OG0003064	1	5	1	1	2	1	1	1	1	1	1	1	1	1	1	1	1
OG0003065	1	4	1	2	1	1	1	1	2	1	1	1	1	1	1	1	1
OG0003066	1	4	1	2	1	1	1	1	2	1	1	1	1	1	1	1	1
OG0003067	2	4	1	2	1	1	1	1	1	2	2	2	2	2	1	1	1
OG0003068	1	6	1	2	1	1	1	1	0	1	1	1	1	1	1	1	1
OG0003069	1	4	1	2	2	1	1	1	1	2	2	2	2	2	1	1	1
OG0003070	2	3	1	2	2	1	1	1	1	2	2	2	2	2	1	1	1
OG0003071	1	5	1	2	1	1	1	1	1	1	1	1	1	1	1	1	1
OG0003072	2	4	1	2	1	1	1	1	1	2	2	2	2	2	1	1	1
OG0003073	1	2	1	2	0	2	2	2	2	1	1	1	1	1	2	2	2
OG0003074	2	3	1	1	3	1	1	1	1	2	2	2	2	2	1	1	1
OG0003075	1	2	2	2	3	1	1	1	1	2	2	2	2	2	1	1	1
OG0003076	2	1	4	2	0	1	1	1	2	2	2	2	2	2	1	1	1
OG0003077	2	1	3	1	3	1	1	1	1	2	2	2	2	2	1	1	1
OG0003078	3	3	1	1	1	1	2	1	1	2	1	1	1	1	1	1	1
OG0003079	1	5	1	2	1	1	1	1	1	1	1	1	1	1	1	1	1
OG0003081	2	4	1	2	1	1	1	1	1	2	2	2	2	2	1	1	1
OG0003082	1	6	1	2	1	1	1	1	0	1	1	1	1	1	1	1	1
OG0003083	2	3	1	0	0	2	2	2	2	2	2	2	1	0	2	2	2
OG0003084	2	0	0	0	0	1	2	7	2	2	1	0	0	0	2	2	2
OG0003088	2	4	1	0	2	1	2	1	1	2	2	2	2	2	1	1	1
OG0003089	1	8	1	0	0	1	1	1	1	1	1	1	1	0	1	1	1
OG0003091	1	6	1	0	2	1	1	1	1	1	1	1	1	1	1	1	1
OG0003092	1	8	1	0	0	1	1	1	1	1	1	1	1	0	1	1	1
OG0003093	1	1	2	0	2	2	2	2	2	1	1	1	1	1	2	2	2
OG0003095	3	6	1	0	0	1	1	1	1	3	2	2	1	0	1	1	1
OG0003096	1	8	1	0	0	1	1	1	1	1	1	1	1	0	1	1	1
OG0003098	1	3	1	0	1	2	2	2	2	1	1	1	1	1	2	2	2
OG0003099	1	4	1	0	4	1	1	1	1	1	1	1	1	1	1	1	1
OG0003101	1	4	1	0	4	1	1	1	1	1	1	1	1	1	1	1	1
OG0003102	2	7	1	0	0	1	1	1	1	2	2	2	1	0	1	1	1
OG0003103	2	5	1	0	2	1	1	1	1	2	2	2	2	2	1	1	1
OG0003104	2	8	0	0	0	1	1	1	1	2	1	1	0	0	1	1	1
OG0003108	2	1	0	0	10	0	1	0	0	2	1	1	1	1	1	1	0
OG0003138	13	1	0	0	0	0	0	0	0	6	1	1	0	0	0	0	0
OG0003145	13	0	1	0	0	0	0	0	0	6	1	1	1	0	0	0	0
OG0003148	1	3	1	2	2	1	1	1	1	2	2	2	2	2	1	1	1
OG0003150	2	3	1	2	0	1	2	1	1	2	2	2	2	2	1	1	1
OG0003151	1	1	1	2	1	2	2	1	2	1	1	1	1	1	2	2	2
OG0003152	1	2	2	1	3	1	1	1	1	2	2	2	2	2	1	1	1
OG0003153	1	5	1	2	0	1	1	1	1	1	1	1	1	1	1	1	1
OG0003154	1	1	2	2	3	1	1	1	1	2	2	2	2	2	1	1	1
OG0003157	1	5	1	1	1	1	1	1	1	1	1	1	1	1	1	1	1
OG0003158	1	2	4	1	1	1	1	1	1	1	1	1	1	1	1	1	1
OG0003160	1	4	1	1	2	1	1	1	1	1	1	1	1	1	1	1	1
OG0003161	2	2	1	2	2	1	1	1	1	2	2	2	2	2	1	1	1
OG0003162	1	3	1	2	1	1	1	1	2	1	1	1	1	1	1	1	1
OG0003163	1	3	1	2	2	1	1	1	1	2	2	2	2	2	1	1	1
OG0003164	1	1	2	4	1	1	1	1	1	1	1	1	1	1	1	1	1
OG0003165	1	5	2	4	1	0	0	0	0	2	2	2	2	2	0	0	0
OG0003166	1	3	1	2	2	1	1	1	1	2	2	2	2	2	1	1	1
OG0003167	1	3	1	2	2	1	1	1	1	2	2	2	2	2	1	1	1
OG0003168	2	2	1	2	2	1	1	1	1	2	2	2	2	2	1	1	1
OG0003169	1	3	1	3	1	1	1	1	1	1	1	1	1	1	1	1	1
OG0003171	1	2	1	3	2	1	1	1	1	2	2	2	2	2	1	1	1
OG0003172	1	6	2	3	1	0	0	0	0	2	2	2	2	2	0	0	0
OG0003173	2	7	1	2	1	0	0	0	0	2	2	2	2	2	0	0	0
OG0003174	1	3	3	4	2	0	0	0	0	2	2	2	2	2	0	0	0
OG0003176	1	4	1	1	2	1	1	1	1	1	1	1	1	1	1	1	1
OG0003177	1	3	1	1	1	1	2	1	2	1	1	1	1	1	1	1	1
OG0003179	1	3	0	3	3	1	1	0	1	2	2	2	2	2	1	1	1
OG0003180	1	5	1	2	0	1	1	1	1	1	1	1	1	1	1	1	1
OG0003181	1	0	0	7	5	0	0	0	0	1	1	1	1	3	0	0	0
OG0003183	2	3	1	2	1	1	1	1	1	2	2	2	2	2	1	1	1
OG0003185	1	4	1	2	1	1	1	1	1	1	1	1	1	1	1	1	1
OG0003186	3	2	2	2	0	1	1	1	1	3	2	2	2	2	1	1	1
OG0003188	2	2	1	2	1	1	2	1	1	2	2	2	2	2	1	1	1
OG0003189	2	2	1	2	2	1	1	1	1	2	2	2	2	2	1	1	1
OG0003190	3	2	1	2	0	1	2	1	1	2	1	1	1	1	1	1	1
OG0003191	1	3	1	2	2	1	1	1	1	2	2	2	2	2	1	1	1
OG0003192	1	2	1	2	1	1	1	1	3	1	1	1	1	1	1	1	1
OG0003194	3	1	1	1	3	1	1	1	1	2	1	1	1	1	1	1	1
OG0003196	3	1	1	2	1	1	1	1	2	2	1	1	1	1	1	1	1
OG0003197	1	3	1	2	3	1	1	1	0	2	2	2	2	2	1	1	1
OG0003198	1	1	1	2	3	1	2	1	1	1	1	1	1	2	1	1	1
OG0003199	1	2	1	2	3	1	1	1	1	1	1	1	1	2	1	1	1
OG0003200	1	2	1	1	3	1	1	1	2	1	1	1	1	1	1	1	1
OG0003201	2	4	1	2	1	1	1	1	0	2	2	2	2	2	1	1	1
OG0003202	1	4	1	2	1	1	1	1	1	1	1	1	1	1	1	1	1
OG0003203	2	2	1	1	3	1	1	1	1	2	2	2	2	2	1	1	1
OG0003204	1	2	1	1	4	1	1	1	1	1	1	1	1	1	1	1	1
OG0003205	1	5	1	1	1	1	1	1	1	1	1	1	1	1	1	1	1
OG0003207	1	4	1	2	1	1	1	1	1	1	1	1	1	1	1	1	1
OG0003208	1	2	1	2	2	1	1	1	2	1	1	1	1	1	1	1	1
OG0003210	3	1	1	2	1	1	1	1	2	2	1	1	1	1	1	1	1
OG0003211	2	4	1	1	1	1	1	1	1	2	1	1	1	1	1	1	1
OG0003212	1	3	1	2	2	1	1	1	1	2	2	2	2	2	1	1	1
OG0003214	4	1	1	2	1	1	1	1	1	3	1	1	1	1	1	1	1
OG0003215	1	3	1	2	2	1	1	1	1	2	2	2	2	2	1	1	1
OG0003216	1	1	1	2	4	1	1	1	1	1	1	1	1	2	1	1	1
OG0003217	10	0	1	1	1	0	0	0	0	5	1	1	1	1	0	0	0
OG0003219	2	4	1	2	0	1	1	1	1	2	2	2	2	2	1	1	1
OG0003220	2	4	1	1	1	1	1	1	1	2	1	1	1	1	1	1	1
OG0003221	4	2	1	2	0	1	1	1	1	3	2	2	2	2	1	1	1
OG0003222	2	2	1	2	2	1	1	1	1	2	2	2	2	2	1	1	1
OG0003223	1	1	2	2	2	2	1	1	1	1	1	1	2	2	1	1	1
OG0003224	1	2	1	1	3	1	2	1	1	1	1	1	1	1	1	1	1
OG0003225	1	2	1	2	3	1	1	1	1	1	1	1	1	2	1	1	1
OG0003226	3	1	1	2	2	1	1	1	1	3	2	2	2	2	1	1	1
OG0003227	2	2	1	2	2	1	1	1	1	2	2	2	2	2	1	1	1
OG0003228	2	2	2	2	1	1	1	1	1	2	2	2	2	2	1	1	1
OG0003231	1	4	1	2	1	1	1	1	1	1	1	1	1	1	1	1	1
OG0003232	1	0	0	3	5	1	1	1	1	1	1	1	1	2	1	1	1
OG0003233	1	1	1	2	4	1	1	1	1	1	1	1	1	2	1	1	1
OG0003234	2	3	1	2	1	1	1	1	1	2	2	2	2	2	1	1	1
OG0003236	1	3	1	2	1	1	2	1	1	1	1	1	1	1	1	1	1
OG0003238	1	4	1	1	2	1	1	1	1	1	1	1	1	1	1	1	1
OG0003239	1	6	1	1	0	1	1	1	1	1	1	1	1	1	1	1	1
OG0003240	2	2	1	2	2	1	1	1	1	2	2	2	2	2	1	1	1
OG0003241	1	1	1	2	4	1	1	1	1	1	1	1	1	2	1	1	1
OG0003242	1	1	2	2	3	1	1	1	1	2	2	2	2	2	1	1	1
OG0003244	2	3	1	1	1	1	1	1	2	2	1	1	1	1	1	1	1
OG0003246	1	1	1	2	3	1	1	1	2	1	1	1	1	2	1	1	1
OG0003247	1	1	3	2	2	1	1	1	1	2	2	2	2	2	1	1	1
OG0003248	1	3	1	2	2	1	1	1	1	2	2	2	2	2	1	1	1
OG0003250	1	4	0	1	2	1	1	1	2	1	1	1	1	1	1	1	1
OG0003251	3	1	1	2	1	1	1	1	2	2	1	1	1	1	1	1	1
OG0003252	2	3	1	2	1	1	1	1	1	2	2	2	2	2	1	1	1
OG0003254	1	3	1	2	2	1	1	1	1	2	2	2	2	2	1	1	1
OG0003255	1	5	1	2	0	1	1	1	1	1	1	1	1	1	1	1	1
OG0003256	1	1	1	2	5	1	1	1	0	1	1	1	1	2	1	1	1
OG0003257	1	4	1	2	1	1	1	1	1	1	1	1	1	1	1	1	1
OG0003258	1	1	2	3	2	1	1	1	1	2	2	2	2	2	1	1	1
OG0003259	2	3	1	2	0	1	1	1	2	2	2	2	2	2	1	1	1
OG0003261	1	5	1	1	1	1	1	1	1	1	1	1	1	1	1	1	1
OG0003262	1	5	1	2	0	1	1	1	1	1	1	1	1	1	1	1	1
OG0003263	1	4	1	2	1	1	1	1	1	1	1	1	1	1	1	1	1
OG0003264	1	1	1	2	2	2	2	1	1	1	1	1	1	1	1	2	1
OG0003265	4	0	1	5	3	0	0	0	0	3	2	2	2	3	0	0	0
OG0003266	1	3	1	2	1	1	1	2	1	1	1	1	1	1	1	1	1
OG0003267	1	3	1	2	2	1	1	1	1	2	2	2	2	2	1	1	1
OG0003269	1	4	1	2	1	1	1	1	1	1	1	1	1	1	1	1	1
OG0003272	2	4	1	1	1	1	1	1	1	2	1	1	1	1	1	1	1
OG0003273	1	2	1	2	3	1	1	1	1	1	1	1	1	2	1	1	1
OG0003274	1	3	1	2	2	1	1	1	1	2	2	2	2	2	1	1	1
OG0003275	1	4	1	2	0	1	1	1	2	1	1	1	1	1	1	1	1
OG0003276	1	1	1	2	4	1	1	1	1	1	1	1	1	2	1	1	1
OG0003278	1	3	1	2	2	1	1	1	1	2	2	2	2	2	1	1	1
OG0003279	1	1	1	2	4	1	1	1	1	1	1	1	1	2	1	1	1
OG0003280	1	4	1	2	1	1	1	1	1	1	1	1	1	1	1	1	1
OG0003281	1	5	0	2	1	1	1	1	1	1	1	1	1	1	1	1	1
OG0003284	3	1	1	2	1	1	2	1	1	2	1	1	1	1	1	1	1
OG0003286	1	3	1	2	2	1	1	1	1	2	2	2	2	2	1	1	1
OG0003290	1	4	1	2	1	1	1	1	1	1	1	1	1	1	1	1	1
OG0003291	2	2	1	2	1	1	2	1	1	2	2	2	2	2	1	1	1
OG0003292	1	5	1	1	0	1	1	1	2	1	1	1	1	1	1	1	1
OG0003294	1	3	0	2	4	1	1	1	0	1	1	1	1	2	1	1	1
OG0003295	1	3	1	2	2	1	1	1	1	2	2	2	2	2	1	1	1
OG0003296	1	0	2	3	0	2	1	2	2	1	1	1	1	1	2	2	2
OG0003297	1	2	1	2	3	1	1	1	1	1	1	1	1	2	1	1	1
OG0003298	1	2	1	2	2	1	2	1	1	1	1	1	1	1	1	1	1
OG0003299	2	1	1	2	2	1	2	1	1	2	2	2	2	2	1	1	1
OG0003301	1	1	1	2	0	2	2	2	2	1	1	1	1	1	2	2	2
OG0003303	1	2	1	1	1	2	2	1	2	1	1	1	1	1	2	2	2
OG0003304	1	3	1	2	2	1	1	1	1	2	2	2	2	2	1	1	1
OG0003305	2	4	1	1	1	1	1	1	1	2	1	1	1	1	1	1	1
OG0003306	1	4	1	2	1	1	1	1	1	1	1	1	1	1	1	1	1
OG0003307	1	4	1	2	2	1	1	1	0	2	2	2	2	2	1	1	1
OG0003308	3	3	1	2	0	1	1	1	1	3	2	2	2	2	1	1	1
OG0003309	1	3	1	2	2	1	1	1	1	2	2	2	2	2	1	1	1
OG0003312	1	3	1	2	2	1	1	1	1	2	2	2	2	2	1	1	1
OG0003313	1	2	1	3	3	1	1	1	0	2	2	2	2	2	1	1	1
OG0003314	2	2	1	2	3	1	1	1	0	2	2	2	2	2	1	1	1
OG0003315	1	4	1	2	1	1	1	1	1	1	1	1	1	1	1	1	1
OG0003316	1	1	1	3	3	1	1	1	1	1	1	1	1	2	1	1	1
OG0003318	1	4	1	2	1	1	1	1	1	1	1	1	1	1	1	1	1
OG0003319	2	1	1	2	2	1	2	1	1	2	2	2	2	2	1	1	1
OG0003320	1	1	1	2	4	1	1	1	1	1	1	1	1	2	1	1	1
OG0003321	1	3	1	2	2	1	1	1	1	2	2	2	2	2	1	1	1
OG0003322	2	2	1	2	2	1	1	1	1	2	2	2	2	2	1	1	1
OG0003323	1	4	1	1	2	1	1	1	1	1	1	1	1	1	1	1	1
OG0003324	1	2	1	2	1	1	1	2	2	1	1	1	1	1	1	1	2
OG0003325	1	4	1	2	1	1	1	1	1	1	1	1	1	1	1	1	1
OG0003326	1	3	1	2	2	1	1	1	1	2	2	2	2	2	1	1	1
OG0003328	1	2	1	2	3	1	1	1	1	1	1	1	1	2	1	1	1
OG0003329	2	1	1	2	2	1	2	1	1	2	2	2	2	2	1	1	1
OG0003330	1	4	1	2	1	1	1	1	1	1	1	1	1	1	1	1	1
OG0003331	3	4	1	1	0	1	1	1	1	2	1	1	1	1	1	1	1
OG0003332	1	2	3	4	3	0	0	0	0	2	2	2	2	2	0	0	0
OG0003333	2	1	1	2	3	1	1	1	1	2	2	2	2	2	1	1	1
OG0003334	1	2	1	2	3	1	1	1	1	1	1	1	1	2	1	1	1
OG0003335	1	4	2	1	1	1	1	1	1	1	1	1	1	1	1	1	1
OG0003336	1	2	1	1	0	2	2	2	2	1	1	1	1	1	2	2	2
OG0003337	1	4	1	2	1	1	1	1	1	1	1	1	1	1	1	1	1
OG0003338	2	2	2	2	1	1	1	1	1	2	2	2	2	2	1	1	1
OG0003340	2	4	1	1	1	1	1	1	1	2	1	1	1	1	1	1	1
OG0003341	1	1	1	1	3	2	2	1	1	1	1	1	1	1	1	2	1
OG0003342	3	3	1	1	1	1	1	1	1	2	1	1	1	1	1	1	1
OG0003343	1	3	1	1	2	1	2	1	1	1	1	1	1	1	1	1	1
OG0003344	1	4	1	1	1	1	2	1	1	1	1	1	1	1	1	1	1
OG0003345	1	3	1	2	2	1	1	1	1	2	2	2	2	2	1	1	1
OG0003346	1	2	2	3	1	1	0	1	2	2	2	2	2	2	1	1	1
OG0003347	2	3	1	1	1	1	1	2	1	2	1	1	1	1	1	1	1
OG0003348	1	2	1	3	2	1	1	1	1	2	2	2	2	2	1	1	1
OG0003349	2	1	1	1	8	0	0	0	0	2	1	1	1	1	0	0	0
OG0003350	3	2	1	2	1	1	1	1	1	3	2	2	2	2	1	1	1
OG0003351	2	2	1	1	2	1	2	1	1	2	1	1	1	1	1	1	1
OG0003352	1	2	2	2	2	1	1	1	1	2	2	2	2	2	1	1	1
OG0003353	1	3	2	2	1	1	1	1	1	2	2	2	2	2	1	1	1
OG0003354	1	3	1	2	2	1	1	1	1	2	2	2	2	2	1	1	1
OG0003355	4	1	1	2	1	1	1	1	1	3	1	1	1	1	1	1	1
OG0003356	4	1	1	1	2	1	1	1	1	3	1	1	1	1	1	1	1
OG0003357	1	4	1	1	2	1	1	1	1	1	1	1	1	1	1	1	1
OG0003358	3	5	2	1	2	0	0	0	0	3	2	2	2	2	0	0	0
OG0003359	2	3	1	1	1	1	2	1	1	2	1	1	1	1	1	1	1
OG0003360	1	2	1	1	4	1	1	1	1	1	1	1	1	1	1	1	1
OG0003361	1	4	1	2	1	1	1	1	1	1	1	1	1	1	1	1	1
OG0003362	1	4	1	2	1	1	1	1	1	1	1	1	1	1	1	1	1
OG0003363	2	4	2	2	3	0	0	0	0	2	2	2	2	2	0	0	0
OG0003365	1	5	1	1	1	1	1	1	1	1	1	1	1	1	1	1	1
OG0003366	1	2	1	2	2	1	2	1	1	1	1	1	1	1	1	1	1
OG0003367	2	2	1	2	2	1	1	1	1	2	2	2	2	2	1	1	1
OG0003369	1	3	1	2	2	1	1	1	1	2	2	2	2	2	1	1	1
OG0003370	1	3	1	2	2	1	1	1	1	2	2	2	2	2	1	1	1
OG0003371	1	4	1	1	2	1	1	1	1	1	1	1	1	1	1	1	1
OG0003372	2	1	3	1	2	1	1	1	1	2	2	2	2	2	1	1	1
OG0003373	1	3	1	1	2	1	2	1	1	1	1	1	1	1	1	1	1
OG0003374	1	4	1	1	2	1	1	1	1	1	1	1	1	1	1	1	1
OG0003375	1	4	1	2	1	1	1	1	1	1	1	1	1	1	1	1	1
OG0003376	2	4	1	2	0	1	1	1	1	2	2	2	2	2	1	1	1
OG0003377	1	4	0	2	2	1	1	1	1	2	2	2	2	2	1	1	1
OG0003378	1	4	1	2	1	1	1	1	1	1	1	1	1	1	1	1	1
OG0003379	1	1	2	2	2	1	2	1	1	1	1	1	2	2	1	1	1
OG0003380	1	5	2	1	1	1	0	1	1	1	1	1	1	1	1	1	1
OG0003381	1	4	1	2	1	1	1	1	1	1	1	1	1	1	1	1	1
OG0003385	1	2	1	2	3	1	1	1	1	1	1	1	1	2	1	1	1
OG0003386	2	2	2	2	1	1	1	1	1	2	2	2	2	2	1	1	1
OG0003387	1	3	2	2	1	1	1	1	1	2	2	2	2	2	1	1	1
OG0003388	2	1	1	2	3	1	1	1	1	2	2	2	2	2	1	1	1
OG0003390	6	0	3	2	2	0	0	0	0	4	2	2	2	2	0	0	0
OG0003391	1	4	1	2	1	1	1	1	1	1	1	1	1	1	1	1	1
OG0003392	1	4	1	2	1	1	1	1	1	1	1	1	1	1	1	1	1
OG0003395	1	0	2	2	5	0	3	0	0	1	1	1	2	2	1	1	0
OG0003396	1	1	1	2	4	1	1	1	1	1	1	1	1	2	1	1	1
OG0003397	1	2	2	2	2	1	1	1	1	2	2	2	2	2	1	1	1
OG0003398	2	3	1	2	2	0	1	1	1	2	2	2	2	2	1	1	1
OG0003399	2	3	1	2	1	1	1	1	1	2	2	2	2	2	1	1	1
OG0003401	2	1	1	2	3	1	1	1	1	2	2	2	2	2	1	1	1
OG0003402	1	3	1	2	2	1	1	1	1	2	2	2	2	2	1	1	1
OG0003403	1	5	1	2	0	1	1	1	1	1	1	1	1	1	1	1	1
OG0003404	1	4	1	2	1	1	1	1	1	1	1	1	1	1	1	1	1
OG0003405	2	2	1	2	1	1	2	1	1	2	2	2	2	2	1	1	1
OG0003406	1	5	1	2	0	1	1	1	1	1	1	1	1	1	1	1	1
OG0003408	1	1	4	2	1	1	1	1	1	1	1	1	1	1	1	1	1
OG0003409	1	4	1	2	1	1	1	1	1	1	1	1	1	1	1	1	1
OG0003410	1	1	1	2	4	1	1	1	1	1	1	1	1	2	1	1	1
OG0003411	1	5	1	1	1	1	1	1	1	1	1	1	1	1	1	1	1
OG0003412	1	2	1	2	1	1	1	1	3	1	1	1	1	1	1	1	1
OG0003413	2	3	1	1	2	1	1	1	1	2	2	2	2	2	1	1	1
OG0003414	1	0	1	2	0	2	2	2	3	1	1	1	1	1	2	2	2
OG0003416	1	3	1	2	2	1	1	1	1	2	2	2	2	2	1	1	1
OG0003417	1	5	1	1	1	1	1	1	1	1	1	1	1	1	1	1	1
OG0003418	1	2	1	2	1	2	2	1	1	1	1	1	1	1	1	2	1
OG0003419	2	1	2	2	3	1	0	1	1	2	2	2	2	2	1	1	1
OG0003420	1	2	2	1	2	1	1	1	2	1	1	1	1	1	1	1	1
OG0003421	1	4	1	2	1	1	1	1	1	1	1	1	1	1	1	1	1
OG0003422	1	4	1	1	2	1	1	1	1	1	1	1	1	1	1	1	1
OG0003423	2	3	1	2	1	1	1	1	1	2	2	2	2	2	1	1	1
OG0003424	1	4	1	2	1	1	1	1	1	1	1	1	1	1	1	1	1
OG0003426	1	9	1	1	1	0	0	0	0	1	1	1	1	1	0	0	0
OG0003428	2	4	1	2	0	1	1	1	1	2	2	2	2	2	1	1	1
OG0003429	1	1	1	2	0	2	2	2	2	1	1	1	1	1	2	2	2
OG0003430	3	1	1	3	1	1	1	1	1	2	1	1	1	1	1	1	1
OG0003431	1	6	1	1	0	1	1	1	1	1	1	1	1	1	1	1	1
OG0003434	2	2	2	1	2	1	1	1	1	2	2	2	2	2	1	1	1
OG0003435	1	1	1	2	2	2	2	1	1	1	1	1	1	1	1	2	1
OG0003436	2	2	1	2	2	1	1	1	1	2	2	2	2	2	1	1	1
OG0003437	1	5	1	2	1	0	1	1	1	1	1	1	1	1	1	1	1
OG0003438	1	3	1	2	1	1	1	1	2	1	1	1	1	1	1	1	1
OG0003440	1	1	1	1	2	2	3	1	1	1	1	1	1	1	1	2	1
OG0003441	1	2	1	2	3	1	1	1	1	1	1	1	1	2	1	1	1
OG0003442	2	3	0	2	2	1	1	1	1	2	2	2	2	2	1	1	1
OG0003443	1	1	1	2	4	1	1	1	1	1	1	1	1	2	1	1	1
OG0003444	1	2	1	2	3	1	1	1	1	1	1	1	1	2	1	1	1
OG0003445	1	5	1	2	0	1	1	1	1	1	1	1	1	1	1	1	1
OG0003446	1	5	1	2	0	1	1	1	1	1	1	1	1	1	1	1	1
OG0003447	4	2	1	1	1	1	1	1	1	3	1	1	1	1	1	1	1
OG0003448	2	2	1	2	2	1	1	1	1	2	2	2	2	2	1	1	1
OG0003449	1	4	1	2	1	1	1	1	1	1	1	1	1	1	1	1	1
OG0003451	1	1	1	2	4	1	1	1	1	1	1	1	1	2	1	1	1
OG0003452	2	2	2	2	1	1	1	1	1	2	2	2	2	2	1	1	1
OG0003453	1	3	1	1	2	1	1	1	2	1	1	1	1	1	1	1	1
OG0003454	1	4	1	2	1	1	1	1	1	1	1	1	1	1	1	1	1
OG0003455	1	3	1	2	2	1	1	1	1	2	2	2	2	2	1	1	1
OG0003456	1	4	1	2	1	1	1	1	1	1	1	1	1	1	1	1	1
OG0003457	1	3	1	2	2	1	1	1	1	2	2	2	2	2	1	1	1
OG0003458	1	5	1	1	1	1	1	1	1	1	1	1	1	1	1	1	1
OG0003459	1	3	2	2	1	1	1	1	1	2	2	2	2	2	1	1	1
OG0003460	1	4	1	2	1	1	1	1	1	1	1	1	1	1	1	1	1
OG0003461	1	2	3	2	1	1	1	1	1	2	2	2	2	2	1	1	1
OG0003462	2	3	1	2	1	1	1	1	1	2	2	2	2	2	1	1	1
OG0003463	1	2	1	2	3	1	1	1	1	1	1	1	1	2	1	1	1
OG0003464	1	3	1	1	3	1	1	1	1	1	1	1	1	1	1	1	1
OG0003465	2	2	1	2	2	1	1	1	1	2	2	2	2	2	1	1	1
OG0003466	1	2	2	2	2	1	1	1	1	2	2	2	2	2	1	1	1
OG0003468	1	4	1	2	1	1	1	1	1	1	1	1	1	1	1	1	1
OG0003469	2	2	1	2	2	1	1	1	1	2	2	2	2	2	1	1	1
OG0003470	1	4	1	2	1	1	1	1	1	1	1	1	1	1	1	1	1
OG0003471	2	5	1	1	0	1	1	1	1	2	1	1	1	1	1	1	1
OG0003472	1	2	1	2	3	1	1	1	1	1	1	1	1	2	1	1	1
OG0003473	2	2	1	2	1	1	2	1	1	2	2	2	2	2	1	1	1
OG0003477	1	2	1	1	4	1	1	1	1	1	1	1	1	1	1	1	1
OG0003478	1	3	1	3	1	1	1	1	1	1	1	1	1	1	1	1	1
OG0003479	2	1	1	2	2	1	1	1	2	2	2	2	2	2	1	1	1
OG0003481	2	2	2	2	1	1	1	1	1	2	2	2	2	2	1	1	1
OG0003482	1	3	1	1	2	1	2	1	1	1	1	1	1	1	1	1	1
OG0003483	1	5	1	2	1	1	0	1	1	1	1	1	1	1	1	1	1
OG0003484	2	3	1	2	1	1	1	1	1	2	2	2	2	2	1	1	1
OG0003485	1	4	1	2	1	1	1	1	1	1	1	1	1	1	1	1	1
OG0003486	1	4	1	2	1	1	1	1	1	1	1	1	1	1	1	1	1
OG0003487	1	3	1	2	2	1	1	1	1	2	2	2	2	2	1	1	1
OG0003488	1	4	1	2	1	1	1	1	1	1	1	1	1	1	1	1	1
OG0003489	2	2	1	2	2	1	1	1	1	2	2	2	2	2	1	1	1
OG0003490	1	6	0	1	1	1	1	1	1	1	1	1	1	1	1	1	1
OG0003491	1	1	1	2	4	1	1	1	1	1	1	1	1	2	1	1	1
OG0003492	1	3	1	2	2	1	1	1	1	2	2	2	2	2	1	1	1
OG0003493	1	4	1	1	1	1	1	1	2	1	1	1	1	1	1	1	1
OG0003494	2	2	1	2	2	1	1	1	1	2	2	2	2	2	1	1	1
OG0003495	1	1	1	2	4	1	1	1	1	1	1	1	1	2	1	1	1
OG0003496	1	2	1	2	2	1	2	1	1	1	1	1	1	1	1	1	1
OG0003498	1	4	1	2	1	1	1	1	1	1	1	1	1	1	1	1	1
OG0003499	1	4	1	2	1	1	1	1	1	1	1	1	1	1	1	1	1
OG0003500	1	1	1	2	3	1	2	1	1	1	1	1	1	2	1	1	1
OG0003501	3	3	1	1	1	1	1	1	1	2	1	1	1	1	1	1	1
OG0003502	3	2	1	2	1	1	1	1	1	3	2	2	2	2	1	1	1
OG0003503	2	3	2	2	0	1	1	1	1	2	2	2	2	2	1	1	1
OG0003504	1	1	2	2	3	1	1	1	1	2	2	2	2	2	1	1	1
OG0003505	1	8	1	2	1	0	0	0	0	1	1	1	1	1	0	0	0
OG0003506	1	1	1	2	1	3	2	1	1	1	1	1	1	1	1	2	1
OG0003507	1	1	1	1	1	1	1	1	5	1	1	1	1	1	1	1	1
OG0003508	1	1	3	2	2	1	1	1	1	2	2	2	2	2	1	1	1
OG0003509	1	4	1	1	2	1	1	1	1	1	1	1	1	1	1	1	1
OG0003510	1	2	1	2	3	1	1	1	1	1	1	1	1	2	1	1	1
OG0003511	1	1	1	2	4	1	1	1	1	1	1	1	1	2	1	1	1
OG0003512	1	3	1	2	2	1	1	1	1	2	2	2	2	2	1	1	1
OG0003513	1	8	1	2	1	0	0	0	0	1	1	1	1	1	0	0	0
OG0003514	1	4	1	2	2	1	1	1	0	2	2	2	2	2	1	1	1
OG0003515	1	4	1	2	1	1	1	1	1	1	1	1	1	1	1	1	1
OG0003516	2	3	2	1	1	1	1	1	1	2	2	2	2	2	1	1	1
OG0003517	3	4	1	1	0	1	1	1	1	2	1	1	1	1	1	1	1
OG0003518	1	7	1	0	0	1	1	1	1	1	1	1	1	0	1	1	1
OG0003519	2	2	1	0	0	1	1	1	5	2	1	1	1	0	1	1	1
OG0003523	1	7	1	0	0	1	1	1	1	1	1	1	1	0	1	1	1
OG0003524	1	6	1	0	1	1	1	1	1	1	1	1	1	1	1	1	1
OG0003526	1	9	0	0	0	1	1	1	0	1	1	1	0	0	1	1	1
OG0003528	2	5	1	0	1	1	1	1	1	2	1	1	1	1	1	1	1
OG0003529	2	4	3	0	0	1	1	1	1	2	2	2	2	0	1	1	1
OG0003530	1	1	2	0	1	2	2	2	2	1	1	1	1	1	2	2	2
OG0003531	7	1	1	0	0	1	1	1	1	4	1	1	1	0	1	1	1
OG0003532	2	6	1	0	1	1	1	1	0	2	2	2	1	1	1	1	1
OG0003534	1	5	1	0	2	1	1	1	1	1	1	1	1	1	1	1	1
OG0003535	1	7	1	0	0	1	1	1	1	1	1	1	1	0	1	1	1
OG0003536	1	0	0	0	0	3	3	3	3	1	1	0	0	0	3	3	3
OG0003537	1	1	0	0	0	5	4	1	1	1	1	1	0	0	2	4	1
OG0003538	1	6	1	0	1	1	1	1	1	1	1	1	1	1	1	1	1
OG0003540	1	6	1	0	1	1	1	1	1	1	1	1	1	1	1	1	1
OG0003543	2	4	1	0	2	1	1	1	1	2	2	2	2	2	1	1	1
OG0003544	1	7	1	0	0	1	1	1	1	1	1	1	1	0	1	1	1
OG0003546	1	6	1	0	1	1	1	1	1	1	1	1	1	1	1	1	1
OG0003547	3	1	3	0	1	1	2	1	1	2	1	1	1	1	1	1	1
OG0003549	2	4	1	0	2	1	1	1	1	2	2	2	2	2	1	1	1
OG0003550	1	6	1	0	1	1	1	1	1	1	1	1	1	1	1	1	1
OG0003551	2	5	2	0	0	1	1	1	1	2	2	2	2	0	1	1	1
OG0003553	6	0	0	0	7	0	0	0	0	3	1	1	1	1	0	0	0
OG0003557	1	0	0	0	12	0	0	0	0	1	1	1	1	1	0	0	0
OG0003563	11	0	0	0	2	0	0	0	0	6	1	1	1	1	0	0	0
OG0003581	7	3	3	0	0	0	0	0	0	4	2	2	2	0	0	0	0
OG0003595	5	0	8	0	0	0	0	0	0	3	1	1	1	0	0	0	0
OG0003598	1	2	3	2	0	1	1	1	1	1	1	1	1	1	1	1	1
OG0003599	1	3	1	2	1	1	1	1	1	1	1	1	1	1	1	1	1
OG0003600	1	1	1	3	1	1	1	2	1	1	1	1	1	1	1	1	1
OG0003601	3	1	1	2	1	1	1	1	1	2	1	1	1	1	1	1	1
OG0003602	1	1	1	2	2	2	2	1	0	1	1	1	1	1	1	2	1
OG0003603	1	3	1	2	1	1	1	1	1	1	1	1	1	1	1	1	1
OG0003605	1	3	1	2	2	1	1	1	0	2	2	2	2	2	1	1	1
OG0003606	1	2	1	2	2	1	1	1	1	1	1	1	1	1	1	1	1
OG0003607	1	2	1	2	1	1	1	1	2	1	1	1	1	1	1	1	1
OG0003608	1	3	1	1	1	1	2	1	1	1	1	1	1	1	1	1	1
OG0003609	1	2	1	2	2	1	1	1	1	1	1	1	1	1	1	1	1
OG0003611	2	2	1	1	2	1	1	1	1	2	1	1	1	1	1	1	1
OG0003612	2	2	1	2	2	1	1	1	0	2	2	2	2	2	1	1	1
OG0003614	1	3	1	2	1	1	1	1	1	1	1	1	1	1	1	1	1
OG0003615	1	3	2	2	0	1	1	1	1	1	1	1	1	1	1	1	1
OG0003617	1	1	1	2	3	1	1	1	1	1	1	1	1	2	1	1	1
OG0003618	3	1	1	2	2	1	1	1	0	3	2	2	2	2	1	1	1
OG0003619	1	3	2	2	0	1	1	1	1	1	1	1	1	1	1	1	1
OG0003620	2	1	1	3	1	1	1	1	1	2	1	1	1	1	1	1	1
OG0003625	1	3	1	1	2	1	1	1	1	1	1	1	1	1	1	1	1
OG0003626	1	1	2	2	2	1	1	1	1	1	1	1	2	2	1	1	1
OG0003627	1	3	1	2	1	1	1	1	1	1	1	1	1	1	1	1	1
OG0003628	2	1	1	2	2	1	1	1	1	2	2	2	2	2	1	1	1
OG0003629	1	5	1	1	0	1	1	1	1	1	1	1	1	1	1	1	1
OG0003630	2	2	1	2	1	1	1	1	1	2	2	2	2	2	1	1	1
OG0003631	2	2	1	1	2	1	1	1	1	2	1	1	1	1	1	1	1
OG0003632	1	2	1	2	2	1	1	1	1	1	1	1	1	1	1	1	1
OG0003633	2	2	1	2	1	1	1	1	1	2	2	2	2	2	1	1	1
OG0003634	2	1	1	2	2	1	1	1	1	2	2	2	2	2	1	1	1
OG0003635	2	2	1	2	1	1	1	1	1	2	2	2	2	2	1	1	1
OG0003636	1	2	1	2	1	1	2	1	1	1	1	1	1	1	1	1	1
OG0003637	1	3	1	2	0	1	1	1	2	1	1	1	1	1	1	1	1
OG0003638	2	4	0	2	1	1	1	1	0	2	2	2	2	2	1	1	1
OG0003639	1	0	0	1	1	2	3	2	2	1	1	1	1	1	2	2	2
OG0003640	1	3	1	2	1	1	1	1	1	1	1	1	1	1	1	1	1
OG0003641	1	2	2	1	2	1	1	1	1	1	1	1	1	1	1	1	1
OG0003642	1	2	1	2	1	1	2	1	1	1	1	1	1	1	1	1	1
OG0003643	1	2	1	2	1	1	2	1	1	1	1	1	1	1	1	1	1
OG0003644	1	1	1	2	3	1	1	1	1	1	1	1	1	2	1	1	1
OG0003645	1	2	1	2	2	1	1	1	1	1	1	1	1	1	1	1	1
OG0003646	1	2	1	1	3	1	1	1	1	1	1	1	1	1	1	1	1
OG0003647	1	2	1	2	0	1	2	1	2	1	1	1	1	1	1	1	1
OG0003648	1	4	1	1	1	1	1	1	1	1	1	1	1	1	1	1	1
OG0003649	1	4	1	2	0	1	1	1	1	1	1	1	1	1	1	1	1
OG0003650	1	4	1	1	1	1	1	1	1	1	1	1	1	1	1	1	1
OG0003651	2	1	2	2	1	1	1	1	1	2	2	2	2	2	1	1	1
OG0003652	3	1	1	2	1	1	1	1	1	2	1	1	1	1	1	1	1
OG0003653	2	1	1	2	2	1	1	1	1	2	2	2	2	2	1	1	1
OG0003654	1	4	1	1	1	1	1	1	1	1	1	1	1	1	1	1	1
OG0003655	1	2	1	2	2	1	1	1	1	1	1	1	1	1	1	1	1
OG0003658	1	2	1	2	2	1	1	1	1	1	1	1	1	1	1	1	1
OG0003659	2	1	1	2	2	1	1	1	1	2	2	2	2	2	1	1	1
OG0003660	1	1	1	2	1	1	1	2	2	1	1	1	1	1	1	1	2
OG0003661	1	2	1	2	2	1	1	1	1	1	1	1	1	1	1	1	1
OG0003662	1	1	1	2	2	1	2	1	1	1	1	1	1	1	1	1	1
OG0003663	1	3	1	2	1	1	1	1	1	1	1	1	1	1	1	1	1
OG0003664	1	1	1	2	3	1	1	1	1	1	1	1	1	2	1	1	1
OG0003665	2	3	1	1	1	1	1	1	1	2	1	1	1	1	1	1	1
OG0003666	1	2	2	2	1	1	1	1	1	2	2	2	2	2	1	1	1
OG0003667	1	1	1	1	4	1	1	1	1	1	1	1	1	1	1	1	1
OG0003668	1	3	1	2	1	1	1	1	1	1	1	1	1	1	1	1	1
OG0003669	2	5	0	2	3	0	0	0	0	2	2	2	2	2	0	0	0
OG0003670	1	3	1	2	1	1	1	1	1	1	1	1	1	1	1	1	1
OG0003672	2	1	1	2	2	1	1	1	1	2	2	2	2	2	1	1	1
OG0003673	1	5	1	1	0	1	1	1	1	1	1	1	1	1	1	1	1
OG0003674	3	1	1	2	0	1	1	1	2	2	1	1	1	1	1	1	1
OG0003677	1	2	1	2	2	1	1	1	1	1	1	1	1	1	1	1	1
OG0003678	1	2	1	2	2	1	1	1	1	1	1	1	1	1	1	1	1
OG0003679	1	2	2	2	1	1	1	1	1	2	2	2	2	2	1	1	1
OG0003680	1	4	1	2	0	1	1	1	1	1	1	1	1	1	1	1	1
OG0003683	1	2	1	1	1	1	1	1	3	1	1	1	1	1	1	1	1
OG0003684	1	4	1	2	1	1	1	1	0	1	1	1	1	1	1	1	1
OG0003685	1	2	1	2	3	1	1	1	0	1	1	1	1	2	1	1	1
OG0003686	1	4	1	1	1	1	1	1	1	1	1	1	1	1	1	1	1
OG0003687	1	2	1	2	2	1	0	1	2	1	1	1	1	1	1	1	1
OG0003688	1	2	1	2	2	1	1	1	1	1	1	1	1	1	1	1	1
OG0003690	1	4	1	1	1	1	1	1	1	1	1	1	1	1	1	1	1
OG0003691	2	3	1	2	0	1	1	1	1	2	2	2	2	2	1	1	1
OG0003692	1	1	1	2	3	1	1	1	1	1	1	1	1	2	1	1	1
OG0003694	1	2	1	2	2	1	1	1	1	1	1	1	1	1	1	1	1
OG0003695	1	2	1	2	2	1	1	1	1	1	1	1	1	1	1	1	1
OG0003697	1	1	2	2	1	1	2	1	1	1	1	1	1	1	1	1	1
OG0003699	1	2	1	1	2	1	1	1	2	1	1	1	1	1	1	1	1
OG0003700	2	2	1	2	1	1	1	1	1	2	2	2	2	2	1	1	1
OG0003701	1	2	1	2	2	1	1	1	1	1	1	1	1	1	1	1	1
OG0003702	2	1	1	2	2	1	1	1	1	2	2	2	2	2	1	1	1
OG0003703	1	2	1	2	2	1	1	1	1	1	1	1	1	1	1	1	1
OG0003704	1	1	3	2	1	1	1	1	1	1	1	1	1	1	1	1	1
OG0003705	1	3	1	2	1	1	1	1	1	1	1	1	1	1	1	1	1
OG0003707	1	5	1	1	0	1	1	1	1	1	1	1	1	1	1	1	1
OG0003708	1	2	1	2	2	1	1	1	1	1	1	1	1	1	1	1	1
OG0003710	3	1	1	2	0	1	2	1	1	2	1	1	1	1	1	1	1
OG0003711	1	3	0	2	1	1	2	1	1	1	1	1	1	1	1	1	1
OG0003713	1	2	1	1	3	1	1	1	1	1	1	1	1	1	1	1	1
OG0003715	1	3	1	1	2	1	1	1	1	1	1	1	1	1	1	1	1
OG0003716	1	3	1	3	0	1	1	1	1	1	1	1	1	1	1	1	1
OG0003717	1	2	2	2	1	1	1	1	1	2	2	2	2	2	1	1	1
OG0003718	1	1	1	2	3	1	1	1	1	1	1	1	1	2	1	1	1
OG0003719	1	1	1	2	3	1	1	1	1	1	1	1	1	2	1	1	1
OG0003720	1	1	2	2	2	1	1	1	1	1	1	1	2	2	1	1	1
OG0003721	1	3	1	1	2	1	1	1	1	1	1	1	1	1	1	1	1
OG0003722	1	7	2	2	0	0	0	0	0	1	1	2	2	2	0	0	0
OG0003723	1	2	1	2	2	1	1	1	1	1	1	1	1	1	1	1	1
OG0003724	2	1	1	1	3	1	1	1	1	2	1	1	1	1	1	1	1
OG0003727	1	3	1	2	2	1	1	1	0	2	2	2	2	2	1	1	1
OG0003728	1	1	1	2	3	1	1	1	1	1	1	1	1	2	1	1	1
OG0003729	1	2	1	2	2	1	1	1	1	1	1	1	1	1	1	1	1
OG0003730	1	3	1	2	1	1	1	1	1	1	1	1	1	1	1	1	1
OG0003731	1	3	1	2	1	1	1	1	1	1	1	1	1	1	1	1	1
OG0003732	1	4	1	2	0	1	1	1	1	1	1	1	1	1	1	1	1
OG0003733	1	3	1	2	1	1	1	1	1	1	1	1	1	1	1	1	1
OG0003734	1	3	1	2	1	1	1	1	1	1	1	1	1	1	1	1	1
OG0003736	1	5	2	2	2	0	0	0	0	2	2	2	2	2	0	0	0
OG0003739	1	4	1	2	4	0	0	0	0	2	2	2	2	2	0	0	0
OG0003740	1	3	0	2	2	1	1	1	1	1	1	1	1	1	1	1	1
OG0003741	1	4	0	1	2	1	1	1	1	1	1	1	1	1	1	1	1
OG0003743	1	2	1	2	2	1	1	1	1	1	1	1	1	1	1	1	1
OG0003744	2	0	0	4	6	0	0	0	0	2	1	1	1	3	0	0	0
OG0003745	2	2	1	2	1	1	1	1	1	2	2	2	2	2	1	1	1
OG0003746	1	4	1	1	1	1	1	1	1	1	1	1	1	1	1	1	1
OG0003747	1	1	1	2	2	1	1	1	2	1	1	1	1	1	1	1	1
OG0003748	2	1	1	2	2	1	1	1	1	2	2	2	2	2	1	1	1
OG0003749	1	2	1	2	2	1	1	1	1	1	1	1	1	1	1	1	1
OG0003750	1	3	1	2	1	1	1	1	1	1	1	1	1	1	1	1	1
OG0003751	1	2	1	2	2	1	1	1	1	1	1	1	1	1	1	1	1
OG0003752	1	4	1	2	0	1	1	1	1	1	1	1	1	1	1	1	1
OG0003753	1	2	1	2	2	1	1	1	1	1	1	1	1	1	1	1	1
OG0003754	2	1	1	2	2	1	1	1	1	2	2	2	2	2	1	1	1
OG0003755	1	3	1	2	1	1	1	1	1	1	1	1	1	1	1	1	1
OG0003756	1	1	1	2	3	1	1	1	1	1	1	1	1	2	1	1	1
OG0003757	1	2	1	2	2	1	1	1	1	1	1	1	1	1	1	1	1
OG0003758	1	2	2	1	1	2	2	1	0	1	1	1	1	1	1	2	1
OG0003759	2	2	1	2	1	1	1	1	1	2	2	2	2	2	1	1	1
OG0003761	1	2	5	2	2	0	0	0	0	2	2	2	2	2	0	0	0
OG0003763	1	2	1	2	2	1	1	1	1	1	1	1	1	1	1	1	1
OG0003764	1	3	1	2	1	1	1	1	1	1	1	1	1	1	1	1	1
OG0003765	1	3	1	1	2	1	1	1	1	1	1	1	1	1	1	1	1
OG0003766	2	1	1	1	3	1	1	1	1	2	1	1	1	1	1	1	1
OG0003767	1	4	1	1	1	1	1	1	1	1	1	1	1	1	1	1	1
OG0003768	1	2	1	2	2	1	1	1	1	1	1	1	1	1	1	1	1
OG0003769	2	1	1	2	2	1	1	1	1	2	2	2	2	2	1	1	1
OG0003770	1	1	2	2	0	2	2	1	1	1	1	1	1	1	1	2	1
OG0003771	1	4	1	1	1	1	1	1	1	1	1	1	1	1	1	1	1
OG0003772	1	2	1	1	3	1	1	1	1	1	1	1	1	1	1	1	1
OG0003773	1	2	1	2	2	1	1	1	1	1	1	1	1	1	1	1	1
OG0003774	1	3	1	1	2	1	1	1	1	1	1	1	1	1	1	1	1
OG0003775	1	4	1	2	0	1	1	1	1	1	1	1	1	1	1	1	1
OG0003776	1	2	1	2	2	1	1	1	1	1	1	1	1	1	1	1	1
OG0003777	1	1	3	1	2	1	1	1	1	1	1	1	1	1	1	1	1
OG0003778	2	3	2	1	1	1	1	1	0	2	2	2	2	2	1	1	1
OG0003779	1	3	1	2	1	1	1	1	1	1	1	1	1	1	1	1	1
OG0003782	1	4	1	2	0	1	1	1	1	1	1	1	1	1	1	1	1
OG0003784	1	3	1	2	1	1	1	1	1	1	1	1	1	1	1	1	1
OG0003785	1	3	1	2	1	1	1	1	1	1	1	1	1	1	1	1	1
OG0003786	1	3	2	4	2	0	0	0	0	2	2	2	2	2	0	0	0
OG0003787	1	3	1	2	1	1	1	1	1	1	1	1	1	1	1	1	1
OG0003788	1	4	1	2	0	1	1	1	1	1	1	1	1	1	1	1	1
OG0003789	1	4	2	1	0	1	1	1	1	1	1	1	1	1	1	1	1
OG0003791	4	1	1	2	0	1	1	1	1	3	1	1	1	1	1	1	1
OG0003792	1	2	1	2	2	1	1	1	1	1	1	1	1	1	1	1	1
OG0003793	2	1	1	2	2	1	1	1	1	2	2	2	2	2	1	1	1
OG0003794	3	2	1	2	0	1	1	1	1	2	1	1	1	1	1	1	1
OG0003795	2	2	1	1	2	1	1	1	1	2	1	1	1	1	1	1	1
OG0003796	2	1	1	2	2	1	1	1	1	2	2	2	2	2	1	1	1
OG0003797	1	3	1	2	1	1	1	1	1	1	1	1	1	1	1	1	1
OG0003799	1	2	1	2	2	1	1	1	1	1	1	1	1	1	1	1	1
OG0003800	1	2	1	2	2	1	1	1	1	1	1	1	1	1	1	1	1
OG0003801	1	1	1	2	3	1	1	1	1	1	1	1	1	2	1	1	1
OG0003803	1	1	3	2	1	1	1	1	1	1	1	1	1	1	1	1	1
OG0003804	2	1	1	2	2	1	1	1	1	2	2	2	2	2	1	1	1
OG0003805	1	3	1	1	2	1	1	1	1	1	1	1	1	1	1	1	1
OG0003806	1	3	1	2	1	1	1	1	1	1	1	1	1	1	1	1	1
OG0003807	1	1	1	2	2	1	1	1	2	1	1	1	1	1	1	1	1
OG0003808	2	3	1	1	1	1	1	1	1	2	1	1	1	1	1	1	1
OG0003809	1	4	1	2	0	1	1	1	1	1	1	1	1	1	1	1	1
OG0003811	1	4	2	4	1	0	0	0	0	2	2	2	2	2	0	0	0
OG0003812	1	2	1	2	1	1	2	1	1	1	1	1	1	1	1	1	1
OG0003813	1	2	1	2	2	1	1	1	1	1	1	1	1	1	1	1	1
OG0003814	1	4	1	1	1	1	1	1	1	1	1	1	1	1	1	1	1
OG0003815	1	2	1	2	2	1	1	1	1	1	1	1	1	1	1	1	1
OG0003816	1	1	1	2	2	2	1	1	1	1	1	1	1	1	1	1	1
OG0003817	1	2	1	1	3	1	1	1	1	1	1	1	1	1	1	1	1
OG0003819	2	1	1	2	2	1	1	1	1	2	2	2	2	2	1	1	1
OG0003820	1	6	1	2	2	0	0	0	0	1	1	2	2	2	0	0	0
OG0003821	1	2	1	2	2	1	1	1	1	1	1	1	1	1	1	1	1
OG0003822	1	3	1	2	1	1	1	1	1	1	1	1	1	1	1	1	1
OG0003824	1	3	1	2	1	1	1	1	1	1	1	1	1	1	1	1	1
OG0003825	1	1	1	2	4	1	1	1	0	1	1	1	1	2	1	1	1
OG0003826	1	2	1	3	1	1	1	1	1	1	1	1	1	1	1	1	1
OG0003827	1	5	1	1	0	1	1	1	1	1	1	1	1	1	1	1	1
OG0003828	1	1	1	2	3	1	1	1	1	1	1	1	1	2	1	1	1
OG0003829	1	1	1	2	3	1	1	1	1	1	1	1	1	2	1	1	1
OG0003830	1	1	1	2	2	2	1	1	1	1	1	1	1	1	1	1	1
OG0003831	2	3	1	1	1	1	1	1	1	2	1	1	1	1	1	1	1
OG0003832	1	2	1	2	3	1	1	1	0	1	1	1	1	2	1	1	1
OG0003833	1	3	1	2	1	1	1	1	1	1	1	1	1	1	1	1	1
OG0003834	2	3	1	1	1	1	1	1	1	2	1	1	1	1	1	1	1
OG0003835	1	2	1	2	2	1	1	1	1	1	1	1	1	1	1	1	1
OG0003836	2	0	1	2	1	1	3	1	1	2	1	1	1	1	1	1	1
OG0003837	1	0	1	3	7	0	0	0	0	1	1	1	1	2	0	0	0
OG0003838	1	3	1	2	1	1	1	1	1	1	1	1	1	1	1	1	1
OG0003839	2	2	1	1	2	1	1	1	1	2	1	1	1	1	1	1	1
OG0003840	1	4	0	2	1	1	1	1	1	1	1	1	1	1	1	1	1
OG0003841	1	2	1	2	2	1	1	1	1	1	1	1	1	1	1	1	1
OG0003843	1	3	1	2	1	1	1	1	1	1	1	1	1	1	1	1	1
OG0003845	1	1	1	2	2	1	1	1	2	1	1	1	1	1	1	1	1
OG0003846	2	2	1	2	1	1	1	1	1	2	2	2	2	2	1	1	1
OG0003847	1	2	1	2	2	1	1	1	1	1	1	1	1	1	1	1	1
OG0003848	1	2	1	2	2	1	1	1	1	1	1	1	1	1	1	1	1
OG0003850	1	9	0	2	0	0	0	0	0	1	1	1	1	1	0	0	0
OG0003852	3	1	1	2	1	1	1	1	1	2	1	1	1	1	1	1	1
OG0003853	1	4	1	2	1	1	1	1	0	1	1	1	1	1	1	1	1
OG0003854	2	2	1	2	1	1	1	1	1	2	2	2	2	2	1	1	1
OG0003855	2	2	1	2	1	1	1	1	1	2	2	2	2	2	1	1	1
OG0003856	1	3	1	2	1	1	1	1	1	1	1	1	1	1	1	1	1
OG0003857	1	4	1	2	1	1	1	1	0	1	1	1	1	1	1	1	1
OG0003858	2	1	1	2	2	1	1	1	1	2	2	2	2	2	1	1	1
OG0003859	1	1	1	2	0	1	1	2	3	1	1	1	1	1	1	1	2
OG0003860	1	1	1	2	3	1	1	1	1	1	1	1	1	2	1	1	1
OG0003861	1	2	1	2	2	1	1	1	1	1	1	1	1	1	1	1	1
OG0003863	1	2	1	2	2	1	1	1	1	1	1	1	1	1	1	1	1
OG0003864	1	1	2	2	2	1	1	1	1	1	1	1	2	2	1	1	1
OG0003865	1	1	1	2	1	1	1	2	2	1	1	1	1	1	1	1	2
OG0003866	1	2	1	2	2	1	1	1	1	1	1	1	1	1	1	1	1
OG0003867	1	3	1	2	1	1	1	1	1	1	1	1	1	1	1	1	1
OG0003868	1	3	1	2	1	1	1	1	1	1	1	1	1	1	1	1	1
OG0003869	1	2	1	1	3	1	1	1	1	1	1	1	1	1	1	1	1
OG0003870	2	4	2	3	1	0	0	0	0	2	2	2	2	2	0	0	0
OG0003871	1	3	1	2	1	1	1	1	1	1	1	1	1	1	1	1	1
OG0003872	1	3	1	2	1	1	1	1	1	1	1	1	1	1	1	1	1
OG0003873	1	2	1	2	2	1	1	1	1	1	1	1	1	1	1	1	1
OG0003875	1	2	1	2	2	1	1	1	1	1	1	1	1	1	1	1	1
OG0003876	1	3	2	4	2	0	0	0	0	2	2	2	2	2	0	0	0
OG0003877	1	4	1	2	0	1	1	1	1	1	1	1	1	1	1	1	1
OG0003879	1	1	1	2	2	1	1	1	2	1	1	1	1	1	1	1	1
OG0003881	1	5	1	1	0	1	1	1	1	1	1	1	1	1	1	1	1
OG0003882	1	3	1	2	1	1	1	1	1	1	1	1	1	1	1	1	1
OG0003883	3	2	1	2	0	1	1	1	1	2	1	1	1	1	1	1	1
OG0003884	1	2	1	1	0	2	2	1	2	1	1	1	1	1	2	2	2
OG0003886	2	1	1	2	2	1	1	1	1	2	2	2	2	2	1	1	1
OG0003887	1	3	1	2	1	1	1	1	1	1	1	1	1	1	1	1	1
OG0003888	1	3	1	1	2	1	1	1	1	1	1	1	1	1	1	1	1
OG0003889	1	1	1	1	4	1	1	1	1	1	1	1	1	1	1	1	1
OG0003890	3	1	1	2	2	1	1	1	0	3	2	2	2	2	1	1	1
OG0003891	1	5	1	1	1	1	1	1	0	1	1	1	1	1	1	1	1
OG0003892	2	3	1	2	0	1	1	1	1	2	2	2	2	2	1	1	1
OG0003893	2	2	1	1	3	1	1	0	1	2	2	2	2	2	1	1	1
OG0003894	1	4	1	1	1	1	1	1	1	1	1	1	1	1	1	1	1
OG0003895	2	1	1	2	2	1	1	1	1	2	2	2	2	2	1	1	1
OG0003896	3	2	1	1	1	1	1	1	1	2	1	1	1	1	1	1	1
OG0003897	1	1	1	2	3	1	1	1	1	1	1	1	1	2	1	1	1
OG0003898	1	2	3	1	1	1	1	1	1	1	1	1	1	1	1	1	1
OG0003899	1	2	1	2	2	1	1	1	1	1	1	1	1	1	1	1	1
OG0003900	1	2	1	2	0	1	1	2	2	1	1	1	1	1	1	1	2
OG0003901	1	2	1	2	2	1	1	1	1	1	1	1	1	1	1	1	1
OG0003904	1	3	1	2	1	1	1	1	1	1	1	1	1	1	1	1	1
OG0003905	1	2	2	2	1	1	1	1	1	2	2	2	2	2	1	1	1
OG0003906	1	2	1	2	2	1	1	1	1	1	1	1	1	1	1	1	1
OG0003907	1	3	1	2	1	1	1	1	1	1	1	1	1	1	1	1	1
OG0003908	1	1	1	2	2	1	2	1	1	1	1	1	1	1	1	1	1
OG0003909	1	1	1	2	3	1	1	1	1	1	1	1	1	2	1	1	1
OG0003910	1	2	1	2	1	1	2	1	1	1	1	1	1	1	1	1	1
OG0003911	1	2	1	2	2	1	1	1	1	1	1	1	1	1	1	1	1
OG0003912	2	1	1	2	2	1	1	1	1	2	2	2	2	2	1	1	1
OG0003913	1	3	1	1	2	1	1	1	1	1	1	1	1	1	1	1	1
OG0003914	1	2	1	2	2	1	1	1	1	1	1	1	1	1	1	1	1
OG0003915	1	4	1	1	1	1	1	1	1	1	1	1	1	1	1	1	1
OG0003916	1	1	3	2	1	1	1	1	1	1	1	1	1	1	1	1	1
OG0003917	1	6	1	1	0	1	0	1	1	1	1	1	1	1	1	1	1
OG0003918	2	0	1	2	2	1	2	1	1	2	1	1	1	1	1	1	1
OG0003919	2	1	1	1	3	1	1	1	1	2	1	1	1	1	1	1	1
OG0003920	1	3	3	1	4	0	0	0	0	2	2	2	2	2	0	0	0
OG0003921	2	0	1	4	1	1	1	1	1	2	1	1	1	1	1	1	1
OG0003922	1	2	1	2	3	1	0	1	1	1	1	1	1	2	1	1	1
OG0003925	1	3	1	2	1	1	1	1	1	1	1	1	1	1	1	1	1
OG0003926	1	4	1	1	1	1	1	1	1	1	1	1	1	1	1	1	1
OG0003927	2	6	2	2	0	0	0	0	0	2	2	2	2	2	0	0	0
OG0003928	1	2	1	2	2	1	1	1	1	1	1	1	1	1	1	1	1
OG0003929	1	2	1	1	2	1	1	1	2	1	1	1	1	1	1	1	1
OG0003930	1	2	1	2	1	1	2	1	1	1	1	1	1	1	1	1	1
OG0003933	1	2	1	2	2	1	1	1	1	1	1	1	1	1	1	1	1
OG0003935	2	1	1	2	2	1	1	1	1	2	2	2	2	2	1	1	1
OG0003937	1	3	1	2	1	1	1	1	1	1	1	1	1	1	1	1	1
OG0003938	1	3	1	2	1	1	1	1	1	1	1	1	1	1	1	1	1
OG0003939	1	1	1	2	3	1	1	1	1	1	1	1	1	2	1	1	1
OG0003940	1	2	1	2	2	1	1	1	1	1	1	1	1	1	1	1	1
OG0003941	2	1	1	2	2	1	1	1	1	2	2	2	2	2	1	1	1
OG0003943	1	4	1	2	1	1	1	1	0	1	1	1	1	1	1	1	1
OG0003944	1	2	1	1	3	1	1	1	1	1	1	1	1	1	1	1	1
OG0003945	1	4	1	2	1	1	1	1	0	1	1	1	1	1	1	1	1
OG0003946	4	1	1	1	1	1	1	1	1	3	1	1	1	1	1	1	1
OG0003947	1	3	1	2	1	1	1	1	1	1	1	1	1	1	1	1	1
OG0003948	1	2	3	4	2	0	0	0	0	2	2	2	2	2	0	0	0
OG0003949	2	2	1	2	1	1	1	1	1	2	2	2	2	2	1	1	1
OG0003950	1	2	1	2	1	1	1	2	1	1	1	1	1	1	1	1	1
OG0003953	1	2	1	3	2	1	1	1	0	2	2	2	2	2	1	1	1
OG0003954	1	3	1	2	1	1	1	1	1	1	1	1	1	1	1	1	1
OG0003955	1	3	1	2	1	1	1	1	1	1	1	1	1	1	1	1	1
OG0003956	1	4	1	1	1	1	1	1	1	1	1	1	1	1	1	1	1
OG0003957	1	1	1	2	3	1	1	1	1	1	1	1	1	2	1	1	1
OG0003958	1	1	1	2	2	1	1	1	2	1	1	1	1	1	1	1	1
OG0003959	3	2	1	2	0	1	1	1	1	2	1	1	1	1	1	1	1
OG0003960	1	2	1	2	2	1	1	1	1	1	1	1	1	1	1	1	1
OG0003962	2	2	1	2	1	1	1	1	1	2	2	2	2	2	1	1	1
OG0003964	1	4	1	1	1	1	1	1	1	1	1	1	1	1	1	1	1
OG0003965	5	1	1	1	0	1	1	1	1	3	1	1	1	1	1	1	1
OG0003967	1	3	1	2	1	1	1	1	1	1	1	1	1	1	1	1	1
OG0003968	1	3	1	1	1	1	1	2	1	1	1	1	1	1	1	1	1
OG0003969	3	1	1	1	2	1	1	1	1	2	1	1	1	1	1	1	1
OG0003970	1	3	1	2	1	1	1	1	1	1	1	1	1	1	1	1	1
OG0003971	2	1	1	2	1	1	2	1	1	2	1	1	1	1	1	1	1
OG0003972	3	1	1	2	1	1	1	1	1	2	1	1	1	1	1	1	1
OG0003973	1	2	1	2	2	1	1	1	1	1	1	1	1	1	1	1	1
OG0003975	1	3	1	1	2	1	1	1	1	1	1	1	1	1	1	1	1
OG0003976	1	2	2	2	1	1	1	1	1	2	2	2	2	2	1	1	1
OG0003977	1	3	1	2	1	1	1	1	1	1	1	1	1	1	1	1	1
OG0003978	1	3	1	1	2	1	1	1	1	1	1	1	1	1	1	1	1
OG0003979	1	4	0	2	1	1	1	1	1	1	1	1	1	1	1	1	1
OG0003980	1	2	1	2	2	1	1	1	1	1	1	1	1	1	1	1	1
OG0003981	1	1	1	2	2	1	1	1	2	1	1	1	1	1	1	1	1
OG0003982	1	1	1	2	3	1	1	1	1	1	1	1	1	2	1	1	1
OG0003983	1	1	1	1	4	1	1	1	1	1	1	1	1	1	1	1	1
OG0003984	1	2	1	2	1	1	2	1	1	1	1	1	1	1	1	1	1
OG0003985	2	1	1	2	2	1	1	1	1	2	2	2	2	2	1	1	1
OG0003986	1	3	1	2	1	1	1	1	1	1	1	1	1	1	1	1	1
OG0003987	1	1	1	2	3	1	1	1	1	1	1	1	1	2	1	1	1
OG0003989	1	1	1	2	3	1	1	1	1	1	1	1	1	2	1	1	1
OG0003990	1	3	1	1	2	1	1	1	1	1	1	1	1	1	1	1	1
OG0003991	1	1	2	2	2	1	1	1	1	1	1	1	2	2	1	1	1
OG0003993	1	2	1	2	2	1	1	1	1	1	1	1	1	1	1	1	1
OG0003995	1	3	1	2	1	1	1	1	1	1	1	1	1	1	1	1	1
OG0003996	1	3	1	2	1	1	1	1	1	1	1	1	1	1	1	1	1
OG0003997	1	3	1	2	1	1	1	1	1	1	1	1	1	1	1	1	1
OG0003998	1	5	1	1	1	1	1	1	0	1	1	1	1	1	1	1	1
OG0003999	1	3	1	2	1	1	1	1	1	1	1	1	1	1	1	1	1
OG0004000	1	2	1	2	2	1	1	1	1	1	1	1	1	1	1	1	1
OG0004001	1	4	1	1	1	1	1	1	1	1	1	1	1	1	1	1	1
OG0004002	1	1	1	3	2	1	1	1	1	1	1	1	1	2	1	1	1
OG0004003	1	1	1	2	4	1	0	1	1	1	1	1	1	2	1	1	1
OG0004004	1	1	1	2	3	1	1	1	1	1	1	1	1	2	1	1	1
OG0004005	1	3	1	2	1	1	1	1	1	1	1	1	1	1	1	1	1
OG0004006	1	4	1	1	1	1	1	1	1	1	1	1	1	1	1	1	1
OG0004008	1	1	1	2	3	1	1	1	1	1	1	1	1	2	1	1	1
OG0004010	1	1	1	2	2	1	1	1	2	1	1	1	1	1	1	1	1
OG0004011	2	1	1	2	2	1	1	1	1	2	2	2	2	2	1	1	1
OG0004012	1	2	1	2	2	1	1	1	1	1	1	1	1	1	1	1	1
OG0004013	1	1	1	1	4	1	1	1	1	1	1	1	1	1	1	1	1
OG0004015	2	1	1	2	2	1	1	1	1	2	2	2	2	2	1	1	1
OG0004016	1	2	2	1	2	1	1	1	1	1	1	1	1	1	1	1	1
OG0004018	1	1	2	2	1	1	1	1	2	1	1	1	1	1	1	1	1
OG0004019	1	2	1	2	2	1	1	1	1	1	1	1	1	1	1	1	1
OG0004020	1	1	1	2	3	1	1	1	1	1	1	1	1	2	1	1	1
OG0004021	1	2	1	2	2	1	1	1	1	1	1	1	1	1	1	1	1
OG0004022	1	1	1	2	2	1	2	1	1	1	1	1	1	1	1	1	1
OG0004023	1	4	1	1	1	1	1	1	1	1	1	1	1	1	1	1	1
OG0004024	2	3	1	1	1	1	1	1	1	2	1	1	1	1	1	1	1
OG0004025	1	4	1	2	0	1	1	1	1	1	1	1	1	1	1	1	1
OG0004026	2	2	1	1	2	1	1	1	1	2	1	1	1	1	1	1	1
OG0004028	1	1	1	2	1	1	1	1	3	1	1	1	1	1	1	1	1
OG0004029	1	1	1	2	3	1	1	1	1	1	1	1	1	2	1	1	1
OG0004030	2	3	1	1	1	1	1	1	1	2	1	1	1	1	1	1	1
OG0004031	1	1	1	2	3	1	1	1	1	1	1	1	1	2	1	1	1
OG0004032	4	0	1	1	2	1	1	1	1	3	1	1	1	1	1	1	1
OG0004033	1	1	1	2	1	1	1	1	3	1	1	1	1	1	1	1	1
OG0004034	1	3	1	2	1	1	1	1	1	1	1	1	1	1	1	1	1
OG0004035	1	2	1	1	3	1	1	1	1	1	1	1	1	1	1	1	1
OG0004036	1	2	1	2	2	1	1	1	1	1	1	1	1	1	1	1	1
OG0004038	1	2	1	2	2	1	1	1	1	1	1	1	1	1	1	1	1
OG0004039	2	1	1	2	2	1	1	1	1	2	2	2	2	2	1	1	1
OG0004040	1	3	1	2	1	1	1	1	1	1	1	1	1	1	1	1	1
OG0004041	2	1	1	2	2	1	1	1	1	2	2	2	2	2	1	1	1
OG0004042	1	3	1	1	2	1	1	1	1	1	1	1	1	1	1	1	1
OG0004043	1	1	1	1	3	1	1	1	2	1	1	1	1	1	1	1	1
OG0004044	2	3	1	2	0	1	1	1	1	2	2	2	2	2	1	1	1
OG0004045	2	2	1	1	1	1	1	1	2	2	1	1	1	1	1	1	1
OG0004046	1	2	1	2	3	1	0	1	1	1	1	1	1	2	1	1	1
OG0004047	1	2	1	2	2	1	1	1	1	1	1	1	1	1	1	1	1
OG0004048	1	2	1	2	3	1	0	1	1	1	1	1	1	2	1	1	1
OG0004049	1	3	1	2	1	1	1	1	1	1	1	1	1	1	1	1	1
OG0004050	1	3	1	2	1	1	1	1	1	1	1	1	1	1	1	1	1
OG0004051	1	2	1	2	2	1	1	1	1	1	1	1	1	1	1	1	1
OG0004052	2	2	1	2	1	1	1	1	1	2	2	2	2	2	1	1	1
OG0004053	3	1	1	2	1	1	1	1	1	2	1	1	1	1	1	1	1
OG0004054	1	3	1	2	1	1	1	1	1	1	1	1	1	1	1	1	1
OG0004055	1	3	1	2	1	1	1	1	1	1	1	1	1	1	1	1	1
OG0004056	1	1	0	1	1	2	2	2	2	1	1	1	1	1	2	2	2
OG0004057	1	3	1	2	1	1	1	1	1	1	1	1	1	1	1	1	1
OG0004058	1	1	1	2	2	2	1	1	1	1	1	1	1	1	1	1	1
OG0004060	1	3	1	2	1	1	1	1	1	1	1	1	1	1	1	1	1
OG0004061	2	0	2	2	2	1	1	1	1	2	2	2	2	2	1	1	1
OG0004064	2	0	1	2	3	1	1	1	1	2	1	1	1	2	1	1	1
OG0004065	1	3	1	2	1	1	1	1	1	1	1	1	1	1	1	1	1
OG0004066	1	2	1	2	1	1	2	1	1	1	1	1	1	1	1	1	1
OG0004067	1	2	1	2	2	1	1	1	1	1	1	1	1	1	1	1	1
OG0004068	1	2	1	2	2	1	1	1	1	1	1	1	1	1	1	1	1
OG0004069	1	1	1	1	3	1	2	1	1	1	1	1	1	1	1	1	1
OG0004070	1	2	1	2	2	1	1	1	1	1	1	1	1	1	1	1	1
OG0004071	2	3	1	1	1	1	1	1	1	2	1	1	1	1	1	1	1
OG0004072	1	2	2	2	1	1	1	1	1	2	2	2	2	2	1	1	1
OG0004073	1	4	1	2	0	1	1	1	1	1	1	1	1	1	1	1	1
OG0004074	2	2	1	2	1	1	1	1	1	2	2	2	2	2	1	1	1
OG0004075	1	2	1	2	2	1	1	1	1	1	1	1	1	1	1	1	1
OG0004076	1	1	1	2	3	1	1	1	1	1	1	1	1	2	1	1	1
OG0004077	1	3	1	1	2	1	1	1	1	1	1	1	1	1	1	1	1
OG0004078	3	0	3	1	1	1	1	1	1	2	1	1	1	1	1	1	1
OG0004079	2	4	1	1	1	0	1	1	1	2	1	1	1	1	1	1	1
OG0004080	2	2	2	1	1	1	1	1	1	2	2	2	2	1	1	1	1
OG0004081	1	1	1	2	3	1	1	1	1	1	1	1	1	2	1	1	1
OG0004082	2	0	4	2	0	1	1	1	1	2	2	2	2	2	1	1	1
OG0004083	1	2	1	2	2	1	1	1	1	1	1	1	1	1	1	1	1
OG0004084	2	1	1	2	2	1	1	1	1	2	2	2	2	2	1	1	1
OG0004085	2	2	1	3	0	1	1	1	1	2	2	2	2	2	1	1	1
OG0004087	1	1	2	2	2	1	1	1	1	1	1	1	2	2	1	1	1
OG0004088	2	2	1	2	1	1	1	1	1	2	2	2	2	2	1	1	1
OG0004089	1	1	3	2	1	1	1	1	1	1	1	1	1	1	1	1	1
OG0004090	2	3	1	1	1	1	1	1	1	2	1	1	1	1	1	1	1
OG0004091	2	1	1	1	3	1	1	1	1	2	1	1	1	1	1	1	1
OG0004092	1	3	1	2	1	1	1	1	1	1	1	1	1	1	1	1	1
OG0004093	1	1	1	2	3	1	1	1	1	1	1	1	1	2	1	1	1
OG0004094	1	2	1	1	2	1	1	2	1	1	1	1	1	1	1	1	1
OG0004095	1	4	1	1	1	1	1	1	1	1	1	1	1	1	1	1	1
OG0004096	1	1	2	2	2	1	1	1	1	1	1	1	2	2	1	1	1
OG0004097	1	2	1	2	2	1	1	1	1	1	1	1	1	1	1	1	1
OG0004098	1	3	1	2	1	1	1	1	1	1	1	1	1	1	1	1	1
OG0004099	1	2	1	2	2	1	1	1	1	1	1	1	1	1	1	1	1
OG0004100	2	1	1	2	2	1	1	1	1	2	2	2	2	2	1	1	1
OG0004102	1	1	1	2	3	1	1	1	1	1	1	1	1	2	1	1	1
OG0004103	1	2	1	2	2	1	1	1	1	1	1	1	1	1	1	1	1
OG0004104	1	4	1	2	0	1	1	1	1	1	1	1	1	1	1	1	1
OG0004106	1	2	1	2	2	1	1	1	1	1	1	1	1	1	1	1	1
OG0004107	1	1	1	2	1	1	2	1	2	1	1	1	1	1	1	1	1
OG0004108	1	1	1	2	3	1	1	1	1	1	1	1	1	2	1	1	1
OG0004109	1	1	0	2	4	1	1	1	1	1	1	1	1	2	1	1	1
OG0004110	1	2	1	2	2	1	1	1	1	1	1	1	1	1	1	1	1
OG0004111	1	2	2	2	5	0	0	0	0	2	2	2	2	2	0	0	0
OG0004112	1	2	1	2	1	1	1	2	1	1	1	1	1	1	1	1	1
OG0004114	1	4	1	1	1	1	1	1	1	1	1	1	1	1	1	1	1
OG0004116	1	1	1	2	2	1	2	1	1	1	1	1	1	1	1	1	1
OG0004117	1	2	2	2	1	1	1	1	1	2	2	2	2	2	1	1	1
OG0004118	1	1	1	2	3	1	1	1	1	1	1	1	1	2	1	1	1
OG0004119	2	1	1	2	2	1	1	1	1	2	2	2	2	2	1	1	1
OG0004120	1	3	1	2	1	1	1	1	1	1	1	1	1	1	1	1	1
OG0004121	1	2	1	2	1	1	1	1	2	1	1	1	1	1	1	1	1
OG0004123	1	3	1	2	1	1	1	1	1	1	1	1	1	1	1	1	1
OG0004124	1	3	1	2	1	1	1	1	1	1	1	1	1	1	1	1	1
OG0004125	1	2	1	1	1	1	3	1	1	1	1	1	1	1	1	1	1
OG0004128	1	2	1	0	4	1	1	1	1	1	1	1	1	1	1	1	1
OG0004134	1	6	1	0	0	1	1	1	1	1	1	1	1	0	1	1	1
OG0004136	1	2	2	0	0	2	2	2	1	1	1	1	1	0	2	2	2
OG0004137	1	4	1	0	2	1	1	1	1	1	1	1	1	1	1	1	1
OG0004138	1	6	1	0	0	1	1	1	1	1	1	1	1	0	1	1	1
OG0004139	1	1	2	0	4	1	1	1	1	1	1	1	1	1	1	1	1
OG0004142	2	6	0	0	0	1	1	1	1	2	1	1	0	0	1	1	1
OG0004145	1	5	1	0	0	1	1	1	2	1	1	1	1	0	1	1	1
OG0004150	1	3	1	0	3	1	1	1	1	1	1	1	1	1	1	1	1
OG0004151	1	2	3	0	2	1	1	1	1	1	1	1	1	1	1	1	1
OG0004153	5	0	0	0	3	1	1	1	1	3	1	1	1	1	1	1	1
OG0004178	1	11	0	0	0	0	0	0	0	1	1	1	0	0	0	0	0
OG0004183	3	7	2	0	0	0	0	0	0	3	2	2	2	0	0	0	0
OG0004193	1	11	0	0	0	0	0	0	0	1	1	1	0	0	0	0	0
OG0004207	2	1	1	1	2	1	1	1	1	2	1	1	1	1	1	1	1
OG0004208	1	2	1	2	1	1	1	1	1	1	1	1	1	1	1	1	1
OG0004211	1	3	0	2	1	1	1	1	1	1	1	1	1	1	1	1	1
OG0004213	1	1	1	1	2	1	1	1	2	1	1	1	1	1	1	1	1
OG0004214	1	2	1	2	1	1	1	1	1	1	1	1	1	1	1	1	1
OG0004215	1	2	1	2	1	1	1	1	1	1	1	1	1	1	1	1	1
OG0004216	1	1	1	2	2	1	1	1	1	1	1	1	1	1	1	1	1
OG0004217	1	1	1	1	3	1	1	1	1	1	1	1	1	1	1	1	1
OG0004218	1	4	0	1	1	1	1	1	1	1	1	1	1	1	1	1	1
OG0004219	1	1	1	2	2	1	1	1	1	1	1	1	1	1	1	1	1
OG0004220	1	1	1	3	1	1	1	1	1	1	1	1	1	1	1	1	1
OG0004221	1	3	1	1	1	1	1	1	1	1	1	1	1	1	1	1	1
OG0004222	3	4	0	1	3	0	0	0	0	3	2	2	2	2	0	0	0
OG0004223	1	1	1	2	2	1	1	1	1	1	1	1	1	1	1	1	1
OG0004225	2	3	1	1	0	1	1	1	1	2	1	1	1	1	1	1	1
OG0004226	1	1	1	2	2	1	1	1	1	1	1	1	1	1	1	1	1
OG0004227	1	1	1	2	2	1	1	1	1	1	1	1	1	1	1	1	1
OG0004228	1	2	1	2	1	1	1	1	1	1	1	1	1	1	1	1	1
OG0004229	1	2	1	2	1	1	1	1	1	1	1	1	1	1	1	1	1
OG0004231	1	1	1	3	1	1	1	1	1	1	1	1	1	1	1	1	1
OG0004232	1	2	1	2	1	1	1	1	1	1	1	1	1	1	1	1	1
OG0004233	1	1	1	2	2	1	1	1	1	1	1	1	1	1	1	1	1
OG0004234	1	2	1	2	0	2	2	0	1	1	1	1	1	1	1	2	1
OG0004235	1	1	1	2	2	1	1	1	1	1	1	1	1	1	1	1	1
OG0004236	1	1	1	2	2	1	1	1	1	1	1	1	1	1	1	1	1
OG0004237	1	2	1	2	1	1	1	1	1	1	1	1	1	1	1	1	1
OG0004241	2	3	1	1	0	1	1	1	1	2	1	1	1	1	1	1	1
OG0004243	1	1	1	2	2	1	1	1	1	1	1	1	1	1	1	1	1
OG0004245	1	2	1	2	1	1	1	1	1	1	1	1	1	1	1	1	1
OG0004246	1	2	1	2	1	1	1	1	1	1	1	1	1	1	1	1	1
OG0004247	2	2	1	2	0	1	1	1	1	2	1	1	1	1	1	1	1
OG0004248	1	2	1	2	1	1	1	1	1	1	1	1	1	1	1	1	1
OG0004249	1	0	1	2	0	1	1	2	3	1	1	1	1	1	1	1	2
OG0004250	1	1	1	2	2	1	1	1	1	1	1	1	1	1	1	1	1
OG0004252	1	0	0	3	7	0	0	0	0	1	1	1	1	2	0	0	0
OG0004253	1	2	1	2	1	1	1	1	1	1	1	1	1	1	1	1	1
OG0004254	1	2	1	2	1	1	1	1	1	1	1	1	1	1	1	1	1
OG0004255	1	2	1	2	1	1	1	1	1	1	1	1	1	1	1	1	1
OG0004256	1	1	1	2	2	1	1	1	1	1	1	1	1	1	1	1	1
OG0004258	2	1	1	2	1	1	1	1	1	2	1	1	1	1	1	1	1
OG0004259	3	1	1	2	1	1	1	1	0	2	1	1	1	1	1	1	1
OG0004260	2	2	2	2	2	0	1	0	0	2	2	2	2	2	1	1	0
OG0004261	2	1	1	1	1	1	2	1	1	2	1	1	1	1	1	1	1
OG0004262	1	2	1	2	2	1	1	1	0	1	1	1	1	1	1	1	1
OG0004263	1	1	1	2	2	1	1	1	1	1	1	1	1	1	1	1	1
OG0004264	1	2	1	2	1	1	1	1	1	1	1	1	1	1	1	1	1
OG0004265	1	2	1	2	1	1	1	1	1	1	1	1	1	1	1	1	1
OG0004268	1	2	1	2	1	1	1	1	1	1	1	1	1	1	1	1	1
OG0004269	1	1	1	2	2	1	1	1	1	1	1	1	1	1	1	1	1
OG0004270	1	3	1	1	1	1	1	1	1	1	1	1	1	1	1	1	1
OG0004271	1	1	2	2	1	1	1	1	1	1	1	1	1	1	1	1	1
OG0004272	1	2	1	2	2	1	1	1	0	1	1	1	1	1	1	1	1
OG0004273	1	1	1	2	2	1	1	1	1	1	1	1	1	1	1	1	1
OG0004275	2	1	1	1	2	1	1	1	1	2	1	1	1	1	1	1	1
OG0004278	2	1	1	2	1	1	1	1	1	2	1	1	1	1	1	1	1
OG0004279	1	1	1	2	2	1	1	1	1	1	1	1	1	1	1	1	1
OG0004280	1	1	1	2	2	1	1	1	1	1	1	1	1	1	1	1	1
OG0004281	2	1	0	2	2	1	1	1	1	2	1	1	1	1	1	1	1
OG0004282	1	2	1	2	1	1	1	1	1	1	1	1	1	1	1	1	1
OG0004283	2	2	1	2	0	1	1	1	1	2	1	1	1	1	1	1	1
OG0004284	1	3	1	1	1	1	1	1	1	1	1	1	1	1	1	1	1
OG0004285	1	3	1	2	0	1	1	1	1	1	1	1	1	1	1	1	1
OG0004286	1	2	1	2	1	1	1	1	1	1	1	1	1	1	1	1	1
OG0004287	1	2	1	2	1	1	1	1	1	1	1	1	1	1	1	1	1
OG0004288	1	1	0	2	3	1	1	1	1	1	1	1	1	2	1	1	1
OG0004289	2	1	1	2	1	1	1	1	1	2	1	1	1	1	1	1	1
OG0004290	1	2	1	2	1	1	1	1	1	1	1	1	1	1	1	1	1
OG0004291	1	1	1	2	2	1	1	1	1	1	1	1	1	1	1	1	1
OG0004292	1	3	1	1	1	1	1	1	1	1	1	1	1	1	1	1	1
OG0004293	1	2	1	1	2	1	1	1	1	1	1	1	1	1	1	1	1
OG0004294	1	3	1	2	0	1	1	1	1	1	1	1	1	1	1	1	1
OG0004295	2	1	1	2	1	1	1	1	1	2	1	1	1	1	1	1	1
OG0004296	1	3	1	1	1	1	1	1	1	1	1	1	1	1	1	1	1
OG0004297	1	2	1	2	2	1	1	1	0	1	1	1	1	1	1	1	1
OG0004298	1	3	1	1	1	1	1	1	1	1	1	1	1	1	1	1	1
OG0004299	1	1	1	2	3	1	1	0	1	1	1	1	1	2	1	1	1
OG0004300	1	1	1	2	2	1	1	1	1	1	1	1	1	1	1	1	1
OG0004301	1	1	0	2	3	1	1	1	1	1	1	1	1	2	1	1	1
OG0004302	1	1	1	2	2	1	1	1	1	1	1	1	1	1	1	1	1
OG0004303	2	1	1	2	1	1	1	1	1	2	1	1	1	1	1	1	1
OG0004304	1	1	1	2	2	1	1	1	1	1	1	1	1	1	1	1	1
OG0004306	1	2	2	1	1	1	1	1	1	1	1	1	1	1	1	1	1
OG0004307	1	2	1	2	2	1	0	1	1	1	1	1	1	1	1	1	1
OG0004308	1	2	1	1	2	1	1	1	1	1	1	1	1	1	1	1	1
OG0004310	1	2	1	2	1	1	1	1	1	1	1	1	1	1	1	1	1
OG0004311	1	1	0	2	3	1	1	1	1	1	1	1	1	2	1	1	1
OG0004312	2	2	1	2	0	1	1	1	1	2	1	1	1	1	1	1	1
OG0004313	1	2	1	2	2	1	0	1	1	1	1	1	1	1	1	1	1
OG0004315	1	1	2	2	1	1	1	1	1	1	1	1	1	1	1	1	1
OG0004320	1	2	1	1	2	1	1	1	1	1	1	1	1	1	1	1	1
OG0004322	1	1	1	2	2	1	1	1	1	1	1	1	1	1	1	1	1
OG0004325	1	1	1	2	2	1	1	1	1	1	1	1	1	1	1	1	1
OG0004326	2	1	1	2	0	1	2	1	1	2	1	1	1	1	1	1	1
OG0004327	2	1	1	2	2	1	0	1	1	2	2	2	2	2	1	1	1
OG0004328	2	2	1	1	1	1	2	1	0	2	1	1	1	1	1	1	1
OG0004329	1	1	1	2	2	1	1	1	1	1	1	1	1	1	1	1	1
OG0004331	1	1	1	2	2	1	1	1	1	1	1	1	1	1	1	1	1
OG0004332	1	1	2	2	1	1	1	1	1	1	1	1	1	1	1	1	1
OG0004333	2	2	1	1	1	1	1	1	1	2	1	1	1	1	1	1	1
OG0004334	1	2	1	2	1	1	1	1	1	1	1	1	1	1	1	1	1
OG0004335	1	2	1	2	1	1	1	1	1	1	1	1	1	1	1	1	1
OG0004336	1	2	1	2	2	1	0	1	1	1	1	1	1	1	1	1	1
OG0004337	1	2	1	2	1	1	1	1	1	1	1	1	1	1	1	1	1
OG0004338	1	2	1	2	1	1	1	1	1	1	1	1	1	1	1	1	1
OG0004339	1	1	1	2	1	1	1	2	1	1	1	1	1	1	1	1	1
OG0004340	1	2	0	2	2	1	1	1	1	1	1	1	1	1	1	1	1
OG0004341	1	1	1	1	3	1	1	1	1	1	1	1	1	1	1	1	1
OG0004345	1	2	1	2	1	1	1	1	1	1	1	1	1	1	1	1	1
OG0004347	1	1	1	2	2	1	1	1	1	1	1	1	1	1	1	1	1
OG0004348	1	1	1	2	2	1	1	1	1	1	1	1	1	1	1	1	1
OG0004349	1	1	1	3	0	1	1	1	2	1	1	1	1	1	1	1	1
OG0004350	1	1	1	2	2	1	1	1	1	1	1	1	1	1	1	1	1
OG0004351	1	1	1	2	2	1	1	1	1	1	1	1	1	1	1	1	1
OG0004352	1	3	1	2	0	1	1	1	1	1	1	1	1	1	1	1	1
OG0004355	1	1	1	2	2	1	1	1	1	1	1	1	1	1	1	1	1
OG0004356	1	2	1	2	1	1	1	1	1	1	1	1	1	1	1	1	1
OG0004357	1	2	1	2	1	1	1	1	1	1	1	1	1	1	1	1	1
OG0004358	1	1	1	2	2	1	1	1	1	1	1	1	1	1	1	1	1
OG0004359	1	1	1	2	0	1	1	1	3	1	1	1	1	1	1	1	1
OG0004360	1	2	1	2	1	1	1	1	1	1	1	1	1	1	1	1	1
OG0004361	1	4	1	1	0	1	1	1	1	1	1	1	1	1	1	1	1
OG0004362	1	1	1	2	2	1	1	1	1	1	1	1	1	1	1	1	1
OG0004363	1	3	1	1	1	1	1	1	1	1	1	1	1	1	1	1	1
OG0004364	1	3	1	1	1	1	1	1	1	1	1	1	1	1	1	1	1
OG0004365	1	1	1	1	3	1	1	1	1	1	1	1	1	1	1	1	1
OG0004366	1	2	1	1	2	1	1	1	1	1	1	1	1	1	1	1	1
OG0004367	1	1	1	2	2	1	1	1	1	1	1	1	1	1	1	1	1
OG0004368	1	2	1	2	1	1	1	1	1	1	1	1	1	1	1	1	1
OG0004369	2	1	1	1	2	1	1	1	1	2	1	1	1	1	1	1	1
OG0004370	1	1	2	1	1	1	2	1	1	1	1	1	1	1	1	1	1
OG0004372	1	1	1	2	2	1	1	1	1	1	1	1	1	1	1	1	1
OG0004373	2	1	1	1	2	1	1	1	1	2	1	1	1	1	1	1	1
OG0004374	1	2	1	1	2	1	1	1	1	1	1	1	1	1	1	1	1
OG0004375	1	1	1	2	2	1	1	1	1	1	1	1	1	1	1	1	1
OG0004377	1	2	1	2	1	1	1	1	1	1	1	1	1	1	1	1	1
OG0004378	1	1	1	2	2	1	1	1	1	1	1	1	1	1	1	1	1
OG0004379	1	2	1	2	1	1	1	1	1	1	1	1	1	1	1	1	1
OG0004381	1	2	1	2	1	1	1	1	1	1	1	1	1	1	1	1	1
OG0004384	1	2	1	2	1	1	1	1	1	1	1	1	1	1	1	1	1
OG0004385	1	2	1	2	1	1	1	1	1	1	1	1	1	1	1	1	1
OG0004386	1	1	2	1	2	1	1	1	1	1	1	1	1	1	1	1	1
OG0004387	1	2	1	2	1	1	1	1	1	1	1	1	1	1	1	1	1
OG0004388	1	2	1	3	0	1	1	1	1	1	1	1	1	1	1	1	1
OG0004389	1	2	1	2	1	1	1	1	1	1	1	1	1	1	1	1	1
OG0004390	1	2	1	1	2	1	1	1	1	1	1	1	1	1	1	1	1
OG0004391	1	1	1	2	2	1	1	1	1	1	1	1	1	1	1	1	1
OG0004392	1	1	1	2	2	1	1	1	1	1	1	1	1	1	1	1	1
OG0004393	1	1	0	2	3	1	1	1	1	1	1	1	1	2	1	1	1
OG0004394	1	2	1	2	1	1	1	1	1	1	1	1	1	1	1	1	1
OG0004395	1	2	1	2	1	1	1	1	1	1	1	1	1	1	1	1	1
OG0004396	1	1	1	2	2	1	1	1	1	1	1	1	1	1	1	1	1
OG0004397	1	1	1	2	2	1	1	1	1	1	1	1	1	1	1	1	1
OG0004398	1	2	1	2	2	1	1	1	0	1	1	1	1	1	1	1	1
OG0004403	1	1	1	1	3	1	1	1	1	1	1	1	1	1	1	1	1
OG0004405	1	1	1	1	1	1	1	2	2	1	1	1	1	1	1	1	2
OG0004407	1	2	1	2	1	1	1	1	1	1	1	1	1	1	1	1	1
OG0004408	2	1	1	2	0	1	2	1	1	2	1	1	1	1	1	1	1
OG0004409	1	1	0	2	3	1	1	1	1	1	1	1	1	2	1	1	1
OG0004410	1	1	1	2	2	1	1	1	1	1	1	1	1	1	1	1	1
OG0004411	1	1	1	2	1	1	2	1	1	1	1	1	1	1	1	1	1
OG0004412	1	3	1	1	1	1	1	1	1	1	1	1	1	1	1	1	1
OG0004413	2	1	1	1	2	1	1	1	1	2	1	1	1	1	1	1	1
OG0004414	1	3	1	2	0	1	1	1	1	1	1	1	1	1	1	1	1
OG0004415	1	2	1	1	2	1	1	1	1	1	1	1	1	1	1	1	1
OG0004416	2	2	1	2	1	1	1	1	0	2	2	2	2	2	1	1	1
OG0004417	2	1	1	1	1	1	2	1	1	2	1	1	1	1	1	1	1
OG0004418	2	2	1	2	0	1	1	1	1	2	1	1	1	1	1	1	1
OG0004419	2	1	1	2	0	1	1	2	1	2	1	1	1	1	1	1	1
OG0004420	1	2	1	2	1	1	1	1	1	1	1	1	1	1	1	1	1
OG0004421	1	3	1	1	1	1	1	1	1	1	1	1	1	1	1	1	1
OG0004422	1	1	1	2	2	1	1	1	1	1	1	1	1	1	1	1	1
OG0004423	1	2	1	2	1	1	1	1	1	1	1	1	1	1	1	1	1
OG0004424	1	3	1	1	1	1	1	1	1	1	1	1	1	1	1	1	1
OG0004425	1	1	1	2	2	1	1	1	1	1	1	1	1	1	1	1	1
OG0004426	2	1	1	2	1	1	1	1	1	2	1	1	1	1	1	1	1
OG0004427	1	1	1	2	2	1	1	1	1	1	1	1	1	1	1	1	1
OG0004428	2	1	1	2	1	1	1	1	1	2	1	1	1	1	1	1	1
OG0004429	2	1	1	2	1	1	1	1	1	2	1	1	1	1	1	1	1
OG0004430	1	2	1	2	1	1	1	1	1	1	1	1	1	1	1	1	1
OG0004431	1	1	1	3	1	1	1	1	1	1	1	1	1	1	1	1	1
OG0004433	2	2	1	1	1	1	1	1	1	2	1	1	1	1	1	1	1
OG0004434	1	1	1	1	2	1	2	1	1	1	1	1	1	1	1	1	1
OG0004436	1	1	1	2	2	1	1	1	1	1	1	1	1	1	1	1	1
OG0004437	1	2	1	2	1	1	1	1	1	1	1	1	1	1	1	1	1
OG0004438	1	3	1	2	0	1	1	1	1	1	1	1	1	1	1	1	1
OG0004439	1	1	1	2	2	1	1	1	1	1	1	1	1	1	1	1	1
OG0004440	1	4	1	1	1	1	1	1	0	1	1	1	1	1	1	1	1
OG0004441	1	2	1	1	2	1	1	1	1	1	1	1	1	1	1	1	1
OG0004442	1	1	1	2	2	1	1	1	1	1	1	1	1	1	1	1	1
OG0004443	1	2	1	2	1	1	1	1	1	1	1	1	1	1	1	1	1
OG0004445	2	1	1	2	1	1	1	1	1	2	1	1	1	1	1	1	1
OG0004446	1	2	1	2	1	1	1	1	1	1	1	1	1	1	1	1	1
OG0004447	2	1	1	3	1	1	1	1	0	2	1	1	1	1	1	1	1
OG0004448	1	0	1	1	4	1	1	1	1	1	1	1	1	1	1	1	1
OG0004449	2	2	1	2	0	1	1	1	1	2	1	1	1	1	1	1	1
OG0004451	3	2	1	4	1	0	0	0	0	3	2	2	2	2	0	0	0
OG0004452	1	2	1	1	2	1	1	1	1	1	1	1	1	1	1	1	1
OG0004455	1	1	1	2	2	1	1	1	1	1	1	1	1	1	1	1	1
OG0004457	1	1	1	2	1	2	1	1	1	1	1	1	1	1	1	1	1
OG0004458	2	1	1	2	1	1	1	1	1	2	1	1	1	1	1	1	1
OG0004460	2	2	1	2	0	1	1	1	1	2	1	1	1	1	1	1	1
OG0004461	1	1	1	2	2	1	1	1	1	1	1	1	1	1	1	1	1
OG0004462	2	1	1	2	1	1	1	1	1	2	1	1	1	1	1	1	1
OG0004463	1	3	1	2	0	1	1	1	1	1	1	1	1	1	1	1	1
OG0004467	1	3	1	1	1	1	1	1	1	1	1	1	1	1	1	1	1
OG0004468	2	1	1	1	2	1	1	1	1	2	1	1	1	1	1	1	1
OG0004469	1	2	1	2	2	1	1	1	0	1	1	1	1	1	1	1	1
OG0004471	1	2	2	2	0	1	1	1	1	1	1	1	1	1	1	1	1
OG0004472	1	3	1	2	0	1	1	1	1	1	1	1	1	1	1	1	1
OG0004473	1	1	1	2	2	1	1	1	1	1	1	1	1	1	1	1	1
OG0004474	1	2	1	2	2	1	1	1	0	1	1	1	1	1	1	1	1
OG0004475	1	2	1	2	1	1	1	1	1	1	1	1	1	1	1	1	1
OG0004476	2	1	1	2	1	1	1	1	1	2	1	1	1	1	1	1	1
OG0004477	1	1	2	2	1	1	1	1	1	1	1	1	1	1	1	1	1
OG0004478	1	1	1	2	2	1	1	1	1	1	1	1	1	1	1	1	1
OG0004480	1	2	1	2	1	1	1	1	1	1	1	1	1	1	1	1	1
OG0004482	1	1	1	2	2	1	1	1	1	1	1	1	1	1	1	1	1
OG0004483	2	1	1	2	1	1	1	1	1	2	1	1	1	1	1	1	1
OG0004484	1	1	1	1	3	1	1	1	1	1	1	1	1	1	1	1	1
OG0004485	1	2	1	2	1	1	1	1	1	1	1	1	1	1	1	1	1
OG0004489	1	1	1	2	2	1	1	1	1	1	1	1	1	1	1	1	1
OG0004490	1	1	1	2	2	1	1	1	1	1	1	1	1	1	1	1	1
OG0004491	1	1	1	2	2	1	1	1	1	1	1	1	1	1	1	1	1
OG0004492	1	1	1	2	1	1	1	1	2	1	1	1	1	1	1	1	1
OG0004493	1	2	1	2	1	1	1	1	1	1	1	1	1	1	1	1	1
OG0004494	1	1	1	2	2	1	1	1	1	1	1	1	1	1	1	1	1
OG0004495	1	2	1	2	1	1	1	1	1	1	1	1	1	1	1	1	1
OG0004496	1	1	1	2	2	1	1	1	1	1	1	1	1	1	1	1	1
OG0004497	1	2	1	2	1	1	1	1	1	1	1	1	1	1	1	1	1
OG0004498	1	1	1	2	2	1	1	1	1	1	1	1	1	1	1	1	1
OG0004499	1	2	2	2	1	1	1	1	0	2	2	2	2	2	1	1	1
OG0004500	1	2	1	2	1	1	1	1	1	1	1	1	1	1	1	1	1
OG0004502	1	1	1	2	2	1	1	1	1	1	1	1	1	1	1	1	1
OG0004504	1	3	1	1	1	1	1	1	1	1	1	1	1	1	1	1	1
OG0004505	2	1	1	2	1	1	1	1	1	2	1	1	1	1	1	1	1
OG0004507	1	2	1	1	2	1	1	1	1	1	1	1	1	1	1	1	1
OG0004508	1	1	1	1	3	1	1	1	1	1	1	1	1	1	1	1	1
OG0004509	1	3	1	1	2	1	1	1	0	1	1	1	1	1	1	1	1
OG0004510	1	1	1	2	2	1	1	1	1	1	1	1	1	1	1	1	1
OG0004511	1	1	1	2	2	1	1	1	1	1	1	1	1	1	1	1	1
OG0004512	1	3	1	1	1	1	1	1	1	1	1	1	1	1	1	1	1
OG0004514	1	1	1	2	2	1	1	1	1	1	1	1	1	1	1	1	1
OG0004515	1	3	1	2	0	1	1	1	1	1	1	1	1	1	1	1	1
OG0004516	1	1	1	2	1	1	1	1	2	1	1	1	1	1	1	1	1
OG0004517	1	3	1	1	1	1	1	1	1	1	1	1	1	1	1	1	1
OG0004519	2	5	1	2	1	0	0	0	0	2	2	2	2	2	0	0	0
OG0004520	1	2	1	2	1	1	1	1	1	1	1	1	1	1	1	1	1
OG0004521	1	1	1	2	2	1	1	1	1	1	1	1	1	1	1	1	1
OG0004522	2	5	1	1	2	0	0	0	0	2	2	2	2	2	0	0	0
OG0004523	2	1	1	2	1	1	1	1	1	2	1	1	1	1	1	1	1
OG0004524	2	1	1	2	1	1	1	1	1	2	1	1	1	1	1	1	1
OG0004525	1	1	1	2	2	1	1	1	1	1	1	1	1	1	1	1	1
OG0004528	1	2	1	2	1	1	1	1	1	1	1	1	1	1	1	1	1
OG0004529	2	1	1	2	1	1	1	1	1	2	1	1	1	1	1	1	1
OG0004530	1	1	1	2	2	1	1	1	1	1	1	1	1	1	1	1	1
OG0004531	2	1	1	1	2	1	1	1	1	2	1	1	1	1	1	1	1
OG0004532	2	1	1	2	1	1	1	1	1	2	1	1	1	1	1	1	1
OG0004533	1	2	1	2	1	1	1	1	1	1	1	1	1	1	1	1	1
OG0004534	1	1	1	2	2	1	1	1	1	1	1	1	1	1	1	1	1
OG0004535	3	2	1	3	2	0	0	0	0	3	2	2	2	2	0	0	0
OG0004537	1	2	1	2	1	1	1	1	1	1	1	1	1	1	1	1	1
OG0004538	1	2	1	1	2	1	1	1	1	1	1	1	1	1	1	1	1
OG0004539	1	0	3	1	2	1	1	1	1	1	1	1	1	1	1	1	1
OG0004541	1	2	1	2	1	1	1	1	1	1	1	1	1	1	1	1	1
OG0004542	1	2	1	4	0	1	0	1	1	1	1	1	1	1	1	1	1
OG0004543	1	1	2	2	1	1	1	1	1	1	1	1	1	1	1	1	1
OG0004544	1	5	1	2	2	0	0	0	0	1	1	2	2	2	0	0	0
OG0004545	1	2	1	2	1	1	1	1	1	1	1	1	1	1	1	1	1
OG0004546	1	1	1	2	2	1	1	1	1	1	1	1	1	1	1	1	1
OG0004548	1	2	1	2	1	1	1	1	1	1	1	1	1	1	1	1	1
OG0004549	2	2	1	1	1	1	1	1	1	2	1	1	1	1	1	1	1
OG0004550	1	2	1	2	1	1	1	1	1	1	1	1	1	1	1	1	1
OG0004551	1	1	1	2	2	1	1	1	1	1	1	1	1	1	1	1	1
OG0004552	1	3	1	2	0	1	1	1	1	1	1	1	1	1	1	1	1
OG0004553	1	1	2	2	1	1	1	1	1	1	1	1	1	1	1	1	1
OG0004554	1	1	1	2	2	1	1	1	1	1	1	1	1	1	1	1	1
OG0004555	1	2	1	2	1	1	1	1	1	1	1	1	1	1	1	1	1
OG0004556	1	1	1	3	1	1	1	1	1	1	1	1	1	1	1	1	1
OG0004557	3	2	1	1	0	1	1	1	1	2	1	1	1	1	1	1	1
OG0004558	1	2	1	2	1	1	1	1	1	1	1	1	1	1	1	1	1
OG0004560	1	4	1	1	0	1	1	1	1	1	1	1	1	1	1	1	1
OG0004561	1	1	1	2	2	1	1	1	1	1	1	1	1	1	1	1	1
OG0004562	1	5	1	2	2	0	0	0	0	1	1	2	2	2	0	0	0
OG0004563	1	1	1	3	1	1	1	1	1	1	1	1	1	1	1	1	1
OG0004564	2	1	1	2	1	1	1	1	1	2	1	1	1	1	1	1	1
OG0004565	1	2	1	2	1	1	1	1	1	1	1	1	1	1	1	1	1
OG0004566	1	1	1	2	2	1	1	1	1	1	1	1	1	1	1	1	1
OG0004567	1	1	3	2	0	1	1	1	1	1	1	1	1	1	1	1	1
OG0004568	2	2	1	2	0	1	1	1	1	2	1	1	1	1	1	1	1
OG0004569	1	2	1	2	1	1	1	1	1	1	1	1	1	1	1	1	1
OG0004570	1	2	1	2	1	1	1	1	1	1	1	1	1	1	1	1	1
OG0004571	1	2	1	1	2	1	1	1	1	1	1	1	1	1	1	1	1
OG0004572	1	3	1	1	1	1	1	1	1	1	1	1	1	1	1	1	1
OG0004573	1	1	1	1	3	1	1	1	1	1	1	1	1	1	1	1	1
OG0004574	1	1	1	1	3	1	1	1	1	1	1	1	1	1	1	1	1
OG0004575	1	2	1	1	1	1	2	1	1	1	1	1	1	1	1	1	1
OG0004576	1	1	1	2	2	1	1	1	1	1	1	1	1	1	1	1	1
OG0004578	1	1	2	1	2	1	1	1	1	1	1	1	1	1	1	1	1
OG0004579	1	2	1	2	1	1	1	1	1	1	1	1	1	1	1	1	1
OG0004580	1	2	1	2	1	1	1	1	1	1	1	1	1	1	1	1	1
OG0004581	1	2	1	2	1	1	1	1	1	1	1	1	1	1	1	1	1
OG0004582	1	2	1	1	2	1	1	1	1	1	1	1	1	1	1	1	1
OG0004584	1	1	1	1	2	1	2	1	1	1	1	1	1	1	1	1	1
OG0004585	1	2	1	2	1	1	1	1	1	1	1	1	1	1	1	1	1
OG0004586	1	2	1	2	1	1	1	1	1	1	1	1	1	1	1	1	1
OG0004587	3	1	2	1	0	1	1	1	1	2	1	1	1	1	1	1	1
OG0004588	1	1	1	1	3	1	1	1	1	1	1	1	1	1	1	1	1
OG0004590	1	2	1	2	1	1	1	1	1	1	1	1	1	1	1	1	1
OG0004591	1	3	1	2	0	1	1	1	1	1	1	1	1	1	1	1	1
OG0004592	1	3	1	1	1	1	1	1	1	1	1	1	1	1	1	1	1
OG0004593	2	0	1	2	1	1	2	1	1	2	1	1	1	1	1	1	1
OG0004594	1	2	1	1	2	1	1	1	1	1	1	1	1	1	1	1	1
OG0004596	2	1	1	2	1	1	1	1	1	2	1	1	1	1	1	1	1
OG0004597	2	2	1	1	1	1	1	1	1	2	1	1	1	1	1	1	1
OG0004598	1	2	1	2	1	1	1	1	1	1	1	1	1	1	1	1	1
OG0004599	1	2	1	2	1	1	1	1	1	1	1	1	1	1	1	1	1
OG0004600	1	3	1	2	1	1	0	1	1	1	1	1	1	1	1	1	1
OG0004601	1	2	1	2	1	1	1	1	1	1	1	1	1	1	1	1	1
OG0004602	1	2	1	2	1	1	1	1	1	1	1	1	1	1	1	1	1
OG0004603	1	1	1	1	3	1	1	1	1	1	1	1	1	1	1	1	1
OG0004604	1	2	1	2	1	1	1	1	1	1	1	1	1	1	1	1	1
OG0004605	1	3	1	2	0	1	1	1	1	1	1	1	1	1	1	1	1
OG0004606	1	1	1	2	2	1	1	1	1	1	1	1	1	1	1	1	1
OG0004607	1	2	1	2	1	1	1	1	1	1	1	1	1	1	1	1	1
OG0004608	1	3	1	1	1	1	1	1	1	1	1	1	1	1	1	1	1
OG0004609	1	2	1	2	1	1	1	1	1	1	1	1	1	1	1	1	1
OG0004610	1	3	0	2	1	1	1	1	1	1	1	1	1	1	1	1	1
OG0004611	1	3	1	1	1	1	1	1	1	1	1	1	1	1	1	1	1
OG0004612	2	1	1	1	1	1	2	1	1	2	1	1	1	1	1	1	1
OG0004613	1	1	1	2	2	1	1	1	1	1	1	1	1	1	1	1	1
OG0004614	1	2	1	2	1	1	1	1	1	1	1	1	1	1	1	1	1
OG0004615	1	3	1	1	2	1	0	1	1	1	1	1	1	1	1	1	1
OG0004616	1	3	1	2	0	1	1	1	1	1	1	1	1	1	1	1	1
OG0004617	1	1	1	2	2	1	1	1	1	1	1	1	1	1	1	1	1
OG0004618	1	1	1	2	2	1	1	1	1	1	1	1	1	1	1	1	1
OG0004621	1	1	1	2	3	1	0	1	1	1	1	1	1	2	1	1	1
OG0004622	1	2	1	2	2	1	0	1	1	1	1	1	1	1	1	1	1
OG0004623	1	1	3	2	0	1	1	1	1	1	1	1	1	1	1	1	1
OG0004624	1	2	1	1	2	1	1	1	1	1	1	1	1	1	1	1	1
OG0004625	1	1	1	2	2	1	1	1	1	1	1	1	1	1	1	1	1
OG0004626	2	2	1	1	1	1	1	1	1	2	1	1	1	1	1	1	1
OG0004629	1	1	1	2	2	1	1	1	1	1	1	1	1	1	1	1	1
OG0004630	1	2	1	2	1	1	1	1	1	1	1	1	1	1	1	1	1
OG0004631	1	3	1	2	0	1	1	1	1	1	1	1	1	1	1	1	1
OG0004632	1	1	1	2	2	1	1	1	1	1	1	1	1	1	1	1	1
OG0004633	1	1	2	2	1	1	1	1	1	1	1	1	1	1	1	1	1
OG0004634	1	2	1	2	1	1	1	1	1	1	1	1	1	1	1	1	1
OG0004635	1	1	1	2	2	1	1	1	1	1	1	1	1	1	1	1	1
OG0004637	1	1	1	2	2	1	1	1	1	1	1	1	1	1	1	1	1
OG0004638	1	2	1	2	1	1	1	1	1	1	1	1	1	1	1	1	1
OG0004639	1	2	1	2	1	1	1	1	1	1	1	1	1	1	1	1	1
OG0004641	1	2	1	2	1	1	1	1	1	1	1	1	1	1	1	1	1
OG0004642	1	1	1	2	2	1	1	1	1	1	1	1	1	1	1	1	1
OG0004643	1	1	1	1	3	1	1	1	1	1	1	1	1	1	1	1	1
OG0004644	1	1	1	3	2	1	1	1	0	1	1	1	1	2	1	1	1
OG0004645	1	1	1	2	2	1	1	1	1	1	1	1	1	1	1	1	1
OG0004646	1	1	1	2	2	1	1	1	1	1	1	1	1	1	1	1	1
OG0004647	1	1	1	2	2	1	1	1	1	1	1	1	1	1	1	1	1
OG0004649	1	1	1	2	2	1	1	1	1	1	1	1	1	1	1	1	1
OG0004651	1	2	1	2	1	1	1	1	1	1	1	1	1	1	1	1	1
OG0004652	2	1	1	2	1	1	1	1	1	2	1	1	1	1	1	1	1
OG0004653	1	3	0	1	2	1	1	1	1	1	1	1	1	1	1	1	1
OG0004654	2	2	1	2	1	1	1	1	0	2	2	2	2	2	1	1	1
OG0004656	1	3	1	2	1	1	1	1	0	1	1	1	1	1	1	1	1
OG0004657	2	1	1	2	1	1	1	1	1	2	1	1	1	1	1	1	1
OG0004658	1	2	1	1	1	1	1	1	2	1	1	1	1	1	1	1	1
OG0004659	1	4	0	2	1	1	1	1	0	1	1	1	1	1	1	1	1
OG0004660	1	2	1	2	1	1	1	1	1	1	1	1	1	1	1	1	1
OG0004661	1	2	1	2	1	1	1	1	1	1	1	1	1	1	1	1	1
OG0004662	1	1	1	2	2	1	1	1	1	1	1	1	1	1	1	1	1
OG0004663	2	1	1	2	1	1	1	1	1	2	1	1	1	1	1	1	1
OG0004665	1	2	1	2	1	1	1	1	1	1	1	1	1	1	1	1	1
OG0004666	2	1	1	2	1	1	1	1	1	2	1	1	1	1	1	1	1
OG0004669	1	1	1	2	2	1	1	1	1	1	1	1	1	1	1	1	1
OG0004671	1	2	1	2	1	1	1	1	1	1	1	1	1	1	1	1	1
OG0004672	1	2	1	1	1	1	2	1	1	1	1	1	1	1	1	1	1
OG0004674	1	2	1	2	1	1	1	1	1	1	1	1	1	1	1	1	1
OG0004675	1	1	1	2	2	1	1	1	1	1	1	1	1	1	1	1	1
OG0004676	1	1	1	2	1	1	1	1	2	1	1	1	1	1	1	1	1
OG0004677	1	2	1	2	1	1	1	1	1	1	1	1	1	1	1	1	1
OG0004678	1	1	1	2	2	1	1	1	1	1	1	1	1	1	1	1	1
OG0004679	1	2	1	2	1	1	1	1	1	1	1	1	1	1	1	1	1
OG0004680	1	2	1	2	1	1	1	1	1	1	1	1	1	1	1	1	1
OG0004682	1	3	1	2	0	1	1	1	1	1	1	1	1	1	1	1	1
OG0004683	2	1	1	2	1	1	1	1	1	2	1	1	1	1	1	1	1
OG0004684	1	1	1	2	2	1	1	1	1	1	1	1	1	1	1	1	1
OG0004685	1	1	1	2	1	1	2	1	1	1	1	1	1	1	1	1	1
OG0004686	2	5	1	2	1	0	0	0	0	2	2	2	2	2	0	0	0
OG0004687	1	2	2	2	0	1	1	1	1	1	1	1	1	1	1	1	1
OG0004688	1	1	1	2	2	1	1	1	1	1	1	1	1	1	1	1	1
OG0004689	1	1	1	1	3	1	1	1	1	1	1	1	1	1	1	1	1
OG0004690	1	2	1	2	1	1	1	1	1	1	1	1	1	1	1	1	1
OG0004691	1	2	1	2	1	1	1	1	1	1	1	1	1	1	1	1	1
OG0004693	1	1	1	2	2	1	1	1	1	1	1	1	1	1	1	1	1
OG0004694	1	2	1	2	1	1	1	1	1	1	1	1	1	1	1	1	1
OG0004695	1	3	1	1	1	1	1	1	1	1	1	1	1	1	1	1	1
OG0004696	1	3	1	1	1	1	1	1	1	1	1	1	1	1	1	1	1
OG0004699	1	2	1	2	1	1	1	1	1	1	1	1	1	1	1	1	1
OG0004700	1	1	1	2	2	1	1	1	1	1	1	1	1	1	1	1	1
OG0004701	1	1	1	2	2	1	1	1	1	1	1	1	1	1	1	1	1
OG0004702	1	1	1	2	2	1	1	1	1	1	1	1	1	1	1	1	1
OG0004703	1	1	1	2	3	1	1	0	1	1	1	1	1	2	1	1	1
OG0004704	2	2	1	2	0	1	1	1	1	2	1	1	1	1	1	1	1
OG0004705	1	1	1	2	2	1	1	1	1	1	1	1	1	1	1	1	1
OG0004706	1	2	1	1	2	1	1	1	1	1	1	1	1	1	1	1	1
OG0004707	2	1	1	2	1	1	1	1	1	2	1	1	1	1	1	1	1
OG0004709	2	1	1	2	0	1	2	1	1	2	1	1	1	1	1	1	1
OG0004710	1	2	1	2	1	1	1	1	1	1	1	1	1	1	1	1	1
OG0004711	1	1	1	2	2	1	1	1	1	1	1	1	1	1	1	1	1
OG0004712	2	1	1	2	1	1	1	1	1	2	1	1	1	1	1	1	1
OG0004713	2	2	1	2	0	1	1	1	1	2	1	1	1	1	1	1	1
OG0004714	1	1	1	2	1	1	2	1	1	1	1	1	1	1	1	1	1
OG0004715	1	2	1	2	1	1	1	1	1	1	1	1	1	1	1	1	1
OG0004716	2	1	1	2	2	1	0	1	1	2	2	2	2	2	1	1	1
OG0004717	1	2	1	2	1	1	1	1	1	1	1	1	1	1	1	1	1
OG0004718	1	1	1	1	2	1	1	1	2	1	1	1	1	1	1	1	1
OG0004719	1	1	1	2	2	1	1	1	1	1	1	1	1	1	1	1	1
OG0004720	1	3	0	1	2	1	1	1	1	1	1	1	1	1	1	1	1
OG0004721	1	1	1	2	2	1	1	1	1	1	1	1	1	1	1	1	1
OG0004722	1	1	1	1	3	1	1	1	1	1	1	1	1	1	1	1	1
OG0004723	1	5	1	2	2	0	0	0	0	1	1	2	2	2	0	0	0
OG0004724	1	4	0	1	1	1	1	1	1	1	1	1	1	1	1	1	1
OG0004725	1	2	1	2	1	1	1	1	1	1	1	1	1	1	1	1	1
OG0004726	1	5	0	2	3	0	0	0	0	1	1	1	1	2	0	0	0
OG0004727	1	1	1	2	2	1	1	1	1	1	1	1	1	1	1	1	1
OG0004728	2	1	1	2	1	1	1	1	1	2	1	1	1	1	1	1	1
OG0004729	1	1	1	2	2	1	1	1	1	1	1	1	1	1	1	1	1
OG0004730	1	2	1	2	1	1	1	1	1	1	1	1	1	1	1	1	1
OG0004731	1	2	1	2	1	1	1	1	1	1	1	1	1	1	1	1	1
OG0004732	1	2	1	2	1	1	1	1	1	1	1	1	1	1	1	1	1
OG0004733	1	1	1	2	2	1	1	1	1	1	1	1	1	1	1	1	1
OG0004734	1	2	1	2	1	1	1	1	1	1	1	1	1	1	1	1	1
OG0004735	1	1	1	2	2	1	1	1	1	1	1	1	1	1	1	1	1
OG0004736	2	1	3	2	0	1	0	1	1	2	2	2	2	2	1	1	1
OG0004737	1	1	2	1	2	1	1	1	1	1	1	1	1	1	1	1	1
OG0004739	2	1	1	2	1	1	1	1	1	2	1	1	1	1	1	1	1
OG0004740	1	1	1	1	3	1	1	1	1	1	1	1	1	1	1	1	1
OG0004741	1	1	1	2	2	1	1	1	1	1	1	1	1	1	1	1	1
OG0004742	2	1	0	2	1	1	2	1	1	2	1	1	1	1	1	1	1
OG0004743	1	2	1	2	1	1	1	1	1	1	1	1	1	1	1	1	1
OG0004744	1	3	1	1	1	1	1	1	1	1	1	1	1	1	1	1	1
OG0004745	1	2	1	2	1	1	1	1	1	1	1	1	1	1	1	1	1
OG0004746	1	1	1	2	1	1	2	1	1	1	1	1	1	1	1	1	1
OG0004747	2	1	1	2	5	0	0	0	0	2	1	1	1	2	0	0	0
OG0004748	1	1	2	2	1	1	1	1	1	1	1	1	1	1	1	1	1
OG0004749	1	1	1	2	2	1	1	1	1	1	1	1	1	1	1	1	1
OG0004750	1	2	1	2	1	1	1	1	1	1	1	1	1	1	1	1	1
OG0004751	2	2	1	1	1	1	1	1	1	2	1	1	1	1	1	1	1
OG0004752	1	1	2	2	1	1	1	1	1	1	1	1	1	1	1	1	1
OG0004753	3	1	1	1	1	1	1	1	1	2	1	1	1	1	1	1	1
OG0004754	2	2	0	2	1	1	1	1	1	2	1	1	1	1	1	1	1
OG0004755	1	1	1	2	1	1	1	1	2	1	1	1	1	1	1	1	1
OG0004756	1	2	1	1	2	1	1	1	1	1	1	1	1	1	1	1	1
OG0004757	3	2	1	4	1	0	0	0	0	3	2	2	2	2	0	0	0
OG0004758	1	1	1	2	1	1	2	1	1	1	1	1	1	1	1	1	1
OG0004759	2	1	1	2	1	1	1	1	1	2	1	1	1	1	1	1	1
OG0004761	1	1	1	2	2	1	1	1	1	1	1	1	1	1	1	1	1
OG0004762	1	2	1	2	1	1	1	1	1	1	1	1	1	1	1	1	1
OG0004763	2	2	1	2	0	1	1	1	1	2	1	1	1	1	1	1	1
OG0004764	2	2	1	1	1	1	1	1	1	2	1	1	1	1	1	1	1
OG0004765	8	0	0	1	2	0	0	0	0	4	1	1	1	1	0	0	0
OG0004766	1	1	1	2	2	1	1	1	1	1	1	1	1	1	1	1	1
OG0004767	1	4	0	2	1	0	1	1	1	1	1	1	1	1	1	1	1
OG0004768	1	2	1	2	1	1	1	1	1	1	1	1	1	1	1	1	1
OG0004769	1	2	1	1	2	1	1	1	1	1	1	1	1	1	1	1	1
OG0004770	1	2	1	2	1	1	1	1	1	1	1	1	1	1	1	1	1
OG0004771	1	3	1	1	1	1	1	1	1	1	1	1	1	1	1	1	1
OG0004772	2	1	1	2	1	1	1	1	1	2	1	1	1	1	1	1	1
OG0004774	1	1	1	2	2	1	1	1	1	1	1	1	1	1	1	1	1
OG0004775	1	2	2	1	1	1	1	1	1	1	1	1	1	1	1	1	1
OG0004776	1	1	1	2	1	1	1	1	2	1	1	1	1	1	1	1	1
OG0004777	2	2	1	1	1	1	1	1	1	2	1	1	1	1	1	1	1
OG0004778	1	2	1	2	1	1	1	1	1	1	1	1	1	1	1	1	1
OG0004779	1	1	1	2	2	1	1	1	1	1	1	1	1	1	1	1	1
OG0004780	2	1	1	1	2	1	1	1	1	2	1	1	1	1	1	1	1
OG0004781	2	2	1	2	0	1	1	1	1	2	1	1	1	1	1	1	1
OG0004783	1	1	1	1	1	1	1	2	2	1	1	1	1	1	1	1	2
OG0004784	1	1	1	2	2	1	1	1	1	1	1	1	1	1	1	1	1
OG0004786	2	1	1	2	1	1	1	1	1	2	1	1	1	1	1	1	1
OG0004787	1	4	2	2	2	0	0	0	0	2	2	2	2	2	0	0	0
OG0004788	1	3	1	1	1	1	1	1	1	1	1	1	1	1	1	1	1
OG0004789	1	0	0	2	0	2	2	2	2	1	1	1	1	1	2	2	2
OG0004790	1	2	1	2	1	1	1	1	1	1	1	1	1	1	1	1	1
OG0004791	1	1	1	2	2	1	1	1	1	1	1	1	1	1	1	1	1
OG0004792	1	1	1	2	2	1	1	1	1	1	1	1	1	1	1	1	1
OG0004793	1	2	1	2	1	1	1	1	1	1	1	1	1	1	1	1	1
OG0004794	1	2	1	1	3	1	1	0	1	1	1	1	1	1	1	1	1
OG0004795	1	3	1	1	1	1	1	1	1	1	1	1	1	1	1	1	1
OG0004796	2	1	1	2	1	1	1	1	1	2	1	1	1	1	1	1	1
OG0004797	1	2	1	2	1	1	1	1	1	1	1	1	1	1	1	1	1
OG0004798	1	0	1	2	3	1	1	1	1	1	1	1	1	2	1	1	1
OG0004799	1	4	4	2	0	0	0	0	0	1	1	2	2	2	0	0	0
OG0004800	4	1	1	1	0	1	1	1	1	3	1	1	1	1	1	1	1
OG0004801	1	1	3	1	1	1	1	1	1	1	1	1	1	1	1	1	1
OG0004802	3	0	1	2	1	1	1	1	1	2	1	1	1	1	1	1	1
OG0004803	1	3	1	2	0	1	1	1	1	1	1	1	1	1	1	1	1
OG0004804	1	1	3	1	1	1	1	1	1	1	1	1	1	1	1	1	1
OG0004805	1	2	1	1	1	1	2	1	1	1	1	1	1	1	1	1	1
OG0004806	1	1	1	2	1	1	1	1	2	1	1	1	1	1	1	1	1
OG0004807	1	4	0	1	1	1	1	1	1	1	1	1	1	1	1	1	1
OG0004808	1	2	1	2	1	1	1	1	1	1	1	1	1	1	1	1	1
OG0004809	1	1	1	2	2	1	1	1	1	1	1	1	1	1	1	1	1
OG0004810	1	2	1	1	2	1	1	1	1	1	1	1	1	1	1	1	1
OG0004811	2	1	1	1	1	1	2	1	1	2	1	1	1	1	1	1	1
OG0004812	1	1	1	2	2	1	1	1	1	1	1	1	1	1	1	1	1
OG0004815	1	2	1	2	1	1	1	1	1	1	1	1	1	1	1	1	1
OG0004816	1	2	1	2	1	1	1	1	1	1	1	1	1	1	1	1	1
OG0004817	1	3	1	1	1	1	1	1	1	1	1	1	1	1	1	1	1
OG0004818	1	1	1	2	2	1	1	1	1	1	1	1	1	1	1	1	1
OG0004819	1	1	1	2	2	1	1	1	1	1	1	1	1	1	1	1	1
OG0004820	1	2	1	2	1	1	1	1	1	1	1	1	1	1	1	1	1
OG0004821	1	3	1	2	0	1	1	1	1	1	1	1	1	1	1	1	1
OG0004822	1	2	1	2	1	1	1	1	1	1	1	1	1	1	1	1	1
OG0004823	1	2	1	1	2	1	1	1	1	1	1	1	1	1	1	1	1
OG0004824	1	1	1	2	2	1	1	1	1	1	1	1	1	1	1	1	1
OG0004825	1	3	1	1	1	1	1	1	1	1	1	1	1	1	1	1	1
OG0004826	1	1	2	1	2	1	1	1	1	1	1	1	1	1	1	1	1
OG0004827	1	2	1	2	1	1	1	1	1	1	1	1	1	1	1	1	1
OG0004828	2	2	1	1	0	1	2	1	1	2	1	1	1	1	1	1	1
OG0004830	2	2	1	1	1	1	1	1	1	2	1	1	1	1	1	1	1
OG0004831	1	1	1	1	1	2	2	1	1	1	1	1	1	1	1	2	1
OG0004832	1	2	1	1	3	0	1	1	1	1	1	1	1	1	1	1	1
OG0004833	1	2	1	2	1	1	1	1	1	1	1	1	1	1	1	1	1
OG0004834	1	2	1	2	1	1	1	1	1	1	1	1	1	1	1	1	1
OG0004835	1	2	1	2	1	1	1	1	1	1	1	1	1	1	1	1	1
OG0004836	1	1	1	2	1	1	1	1	2	1	1	1	1	1	1	1	1
OG0004837	1	3	1	2	0	1	1	1	1	1	1	1	1	1	1	1	1
OG0004838	1	2	1	1	2	1	1	1	1	1	1	1	1	1	1	1	1
OG0004840	1	1	1	2	2	1	1	1	1	1	1	1	1	1	1	1	1
OG0004841	1	1	1	2	2	1	1	1	1	1	1	1	1	1	1	1	1
OG0004842	2	1	1	2	1	1	1	1	1	2	1	1	1	1	1	1	1
OG0004843	1	1	1	2	2	1	1	1	1	1	1	1	1	1	1	1	1
OG0004844	1	3	1	2	0	1	1	1	1	1	1	1	1	1	1	1	1
OG0004845	1	2	1	2	1	1	1	1	1	1	1	1	1	1	1	1	1
OG0004847	1	1	1	2	2	1	1	1	1	1	1	1	1	1	1	1	1
OG0004848	1	2	1	2	1	1	1	1	1	1	1	1	1	1	1	1	1
OG0004849	1	1	1	2	2	1	1	1	1	1	1	1	1	1	1	1	1
OG0004850	1	2	1	1	2	1	1	1	1	1	1	1	1	1	1	1	1
OG0004851	1	1	1	2	2	1	1	1	1	1	1	1	1	1	1	1	1
OG0004852	1	2	1	2	1	1	1	1	1	1	1	1	1	1	1	1	1
OG0004853	1	2	1	2	1	1	1	1	1	1	1	1	1	1	1	1	1
OG0004854	1	1	1	2	2	1	1	1	1	1	1	1	1	1	1	1	1
OG0004855	1	2	1	2	1	1	1	1	1	1	1	1	1	1	1	1	1
OG0004856	1	1	1	2	2	1	1	1	1	1	1	1	1	1	1	1	1
OG0004857	1	2	1	2	0	1	2	1	1	1	1	1	1	1	1	1	1
OG0004858	1	1	1	2	2	1	1	1	1	1	1	1	1	1	1	1	1
OG0004859	2	1	1	2	0	1	1	1	2	2	1	1	1	1	1	1	1
OG0004861	1	2	1	2	1	1	1	1	1	1	1	1	1	1	1	1	1
OG0004863	1	0	2	2	2	1	1	1	1	1	1	1	1	1	1	1	1
OG0004864	2	2	1	1	1	1	1	1	1	2	1	1	1	1	1	1	1
OG0004865	1	2	1	2	1	1	1	1	1	1	1	1	1	1	1	1	1
OG0004866	3	1	1	2	1	1	1	1	0	2	1	1	1	1	1	1	1
OG0004868	1	3	1	1	1	1	1	1	1	1	1	1	1	1	1	1	1
OG0004870	1	2	1	2	1	1	1	1	1	1	1	1	1	1	1	1	1
OG0004871	2	1	1	2	1	1	1	1	1	2	1	1	1	1	1	1	1
OG0004872	1	3	1	2	0	1	1	1	1	1	1	1	1	1	1	1	1
OG0004873	1	1	1	2	2	1	1	1	1	1	1	1	1	1	1	1	1
OG0004874	1	2	1	1	1	1	1	1	2	1	1	1	1	1	1	1	1
OG0004875	1	2	1	2	1	1	1	1	1	1	1	1	1	1	1	1	1
OG0004876	1	3	1	2	0	1	1	1	1	1	1	1	1	1	1	1	1
OG0004877	2	2	1	1	1	1	1	1	1	2	1	1	1	1	1	1	1
OG0004878	1	1	1	2	2	1	1	1	1	1	1	1	1	1	1	1	1
OG0004880	1	4	1	1	0	1	1	1	1	1	1	1	1	1	1	1	1
OG0004881	2	1	2	1	1	1	1	1	1	2	1	1	1	1	1	1	1
OG0004882	1	1	1	2	2	1	1	1	1	1	1	1	1	1	1	1	1
OG0004883	1	1	1	2	2	1	1	1	1	1	1	1	1	1	1	1	1
OG0004886	1	3	1	2	0	1	1	1	1	1	1	1	1	1	1	1	1
OG0004887	1	1	1	2	2	1	1	1	1	1	1	1	1	1	1	1	1
OG0004888	1	2	1	2	1	1	1	1	1	1	1	1	1	1	1	1	1
OG0004889	1	1	1	2	2	1	1	1	1	1	1	1	1	1	1	1	1
OG0004890	1	1	1	2	2	1	1	1	1	1	1	1	1	1	1	1	1
OG0004892	1	2	1	2	1	1	1	1	1	1	1	1	1	1	1	1	1
OG0004893	2	2	1	2	0	1	1	1	1	2	1	1	1	1	1	1	1
OG0004894	1	3	1	2	0	1	1	1	1	1	1	1	1	1	1	1	1
OG0004895	2	1	1	2	1	1	1	1	1	2	1	1	1	1	1	1	1
OG0004896	1	2	1	2	1	1	1	1	1	1	1	1	1	1	1	1	1
OG0004897	1	1	1	2	2	1	1	1	1	1	1	1	1	1	1	1	1
OG0004898	1	2	1	1	2	1	1	1	1	1	1	1	1	1	1	1	1
OG0004899	1	4	1	1	0	1	1	1	1	1	1	1	1	1	1	1	1
OG0004901	1	1	1	2	2	1	1	1	1	1	1	1	1	1	1	1	1
OG0004902	1	1	1	2	2	1	1	1	1	1	1	1	1	1	1	1	1
OG0004903	1	1	1	2	2	1	1	1	1	1	1	1	1	1	1	1	1
OG0004904	1	2	1	1	1	1	1	1	2	1	1	1	1	1	1	1	1
OG0004906	1	1	1	2	2	1	1	1	1	1	1	1	1	1	1	1	1
OG0004907	1	1	1	2	2	1	1	1	1	1	1	1	1	1	1	1	1
OG0004908	1	1	1	2	2	1	1	1	1	1	1	1	1	1	1	1	1
OG0004909	1	1	1	2	2	1	1	1	1	1	1	1	1	1	1	1	1
OG0004910	1	2	1	2	1	1	1	1	1	1	1	1	1	1	1	1	1
OG0004911	1	2	1	1	2	1	1	1	1	1	1	1	1	1	1	1	1
OG0004912	1	2	1	2	1	1	1	1	1	1	1	1	1	1	1	1	1
OG0004913	2	2	1	2	1	1	1	1	0	2	2	2	2	2	1	1	1
OG0004914	2	1	1	2	1	1	1	1	1	2	1	1	1	1	1	1	1
OG0004915	1	1	1	2	2	1	1	1	1	1	1	1	1	1	1	1	1
OG0004917	1	1	1	2	1	1	2	1	1	1	1	1	1	1	1	1	1
OG0004918	1	1	1	2	1	1	2	1	1	1	1	1	1	1	1	1	1
OG0004920	1	2	1	2	1	1	1	1	1	1	1	1	1	1	1	1	1
OG0004921	1	1	1	2	1	1	2	1	1	1	1	1	1	1	1	1	1
OG0004922	1	1	1	2	2	1	1	1	1	1	1	1	1	1	1	1	1
OG0004923	1	2	1	2	1	1	0	2	1	1	1	1	1	1	1	1	1
OG0004924	1	1	1	2	1	1	2	1	1	1	1	1	1	1	1	1	1
OG0004925	1	1	2	2	1	1	1	1	1	1	1	1	1	1	1	1	1
OG0004926	1	2	1	2	1	1	1	1	1	1	1	1	1	1	1	1	1
OG0004927	1	1	1	2	2	1	1	1	1	1	1	1	1	1	1	1	1
OG0004928	1	1	2	2	1	1	1	1	1	1	1	1	1	1	1	1	1
OG0004929	2	1	1	2	1	1	1	1	1	2	1	1	1	1	1	1	1
OG0004930	1	1	1	2	1	1	2	1	1	1	1	1	1	1	1	1	1
OG0004932	1	2	1	2	1	1	1	1	1	1	1	1	1	1	1	1	1
OG0004933	1	2	1	2	1	1	1	1	1	1	1	1	1	1	1	1	1
OG0004934	1	2	1	2	1	1	1	1	1	1	1	1	1	1	1	1	1
OG0004935	1	2	1	2	1	1	1	1	1	1	1	1	1	1	1	1	1
OG0004937	2	1	1	2	1	1	1	1	1	2	1	1	1	1	1	1	1
OG0004938	2	2	1	1	1	1	1	1	1	2	1	1	1	1	1	1	1
OG0004939	1	1	1	2	1	1	2	1	1	1	1	1	1	1	1	1	1
OG0004940	1	1	1	2	2	1	1	1	1	1	1	1	1	1	1	1	1
OG0004941	2	1	1	2	1	1	1	1	1	2	1	1	1	1	1	1	1
OG0004942	1	2	1	2	1	1	1	1	1	1	1	1	1	1	1	1	1
OG0004943	2	2	0	2	1	1	1	1	1	2	1	1	1	1	1	1	1
OG0004944	1	1	2	2	1	1	1	1	1	1	1	1	1	1	1	1	1
OG0004945	1	3	1	1	1	1	1	1	1	1	1	1	1	1	1	1	1
OG0004946	2	1	1	2	1	1	1	1	1	2	1	1	1	1	1	1	1
OG0004947	2	1	1	2	1	1	1	1	1	2	1	1	1	1	1	1	1
OG0004948	1	2	1	2	1	1	1	1	1	1	1	1	1	1	1	1	1
OG0004949	1	1	1	2	2	1	1	1	1	1	1	1	1	1	1	1	1
OG0004950	2	4	1	2	2	0	0	0	0	2	2	2	2	2	0	0	0
OG0004951	1	1	1	2	2	1	1	1	1	1	1	1	1	1	1	1	1
OG0004952	1	2	1	2	1	1	1	1	1	1	1	1	1	1	1	1	1
OG0004953	1	1	1	2	2	1	1	1	1	1	1	1	1	1	1	1	1
OG0004954	1	1	1	1	3	1	1	1	1	1	1	1	1	1	1	1	1
OG0004955	1	1	1	2	2	1	1	1	1	1	1	1	1	1	1	1	1
OG0004956	1	1	1	2	2	1	1	1	1	1	1	1	1	1	1	1	1
OG0004957	1	2	1	2	1	1	1	1	1	1	1	1	1	1	1	1	1
OG0004958	1	1	1	2	3	1	1	1	0	1	1	1	1	2	1	1	1
OG0004960	1	2	1	2	1	1	1	1	1	1	1	1	1	1	1	1	1
OG0004961	1	3	1	2	0	1	1	1	1	1	1	1	1	1	1	1	1
OG0004962	1	2	0	2	2	1	1	1	1	1	1	1	1	1	1	1	1
OG0004963	2	1	1	2	0	1	2	1	1	2	1	1	1	1	1	1	1
OG0004964	1	1	2	2	1	1	1	1	1	1	1	1	1	1	1	1	1
OG0004965	1	2	1	2	1	1	1	1	1	1	1	1	1	1	1	1	1
OG0004966	1	1	1	2	1	1	2	1	1	1	1	1	1	1	1	1	1
OG0004968	1	1	1	2	2	1	1	1	1	1	1	1	1	1	1	1	1
OG0004969	2	1	1	2	1	1	1	1	1	2	1	1	1	1	1	1	1
OG0004970	1	2	1	2	2	1	1	1	0	1	1	1	1	1	1	1	1
OG0004971	1	3	0	2	1	1	1	1	1	1	1	1	1	1	1	1	1
OG0004972	1	2	1	2	1	1	1	1	1	1	1	1	1	1	1	1	1
OG0004973	1	1	0	3	1	1	1	1	2	1	1	1	1	1	1	1	1
OG0004974	1	2	1	2	1	1	1	1	1	1	1	1	1	1	1	1	1
OG0004975	2	2	1	1	1	1	1	1	1	2	1	1	1	1	1	1	1
OG0004976	2	1	1	2	1	1	1	1	1	2	1	1	1	1	1	1	1
OG0004977	1	2	1	2	1	1	1	1	1	1	1	1	1	1	1	1	1
OG0004978	1	3	1	1	1	1	1	1	1	1	1	1	1	1	1	1	1
OG0004979	1	2	1	2	1	1	1	1	1	1	1	1	1	1	1	1	1
OG0004981	1	3	1	1	1	1	1	1	1	1	1	1	1	1	1	1	1
OG0004984	1	1	1	2	2	1	1	1	1	1	1	1	1	1	1	1	1
OG0004985	1	1	2	2	1	1	1	1	1	1	1	1	1	1	1	1	1
OG0004987	2	1	1	2	1	1	1	1	1	2	1	1	1	1	1	1	1
OG0004988	2	1	1	1	2	1	1	1	1	2	1	1	1	1	1	1	1
OG0004990	4	1	1	1	1	1	1	1	0	3	1	1	1	1	1	1	1
OG0004991	2	1	1	2	1	1	1	1	1	2	1	1	1	1	1	1	1
OG0004993	2	1	1	0	3	1	1	1	1	2	1	1	1	1	1	1	1
OG0004997	1	4	1	0	1	1	1	1	1	1	1	1	1	1	1	1	1
OG0005001	2	1	1	0	3	1	1	1	1	2	1	1	1	1	1	1	1
OG0005002	4	2	0	0	0	1	1	1	2	3	1	1	0	0	1	1	1
OG0005004	2	2	1	0	2	1	1	1	1	2	1	1	1	1	1	1	1
OG0005005	1	0	2	0	0	2	2	2	2	1	1	1	1	0	2	2	2
OG0005006	1	5	0	0	0	1	1	1	2	1	1	1	0	0	1	1	1
OG0005007	1	2	0	0	0	3	3	2	0	1	1	1	0	0	2	3	2
OG0005011	1	3	2	0	1	1	1	1	1	1	1	1	1	1	1	1	1
OG0005013	1	2	1	0	3	1	1	1	1	1	1	1	1	1	1	1	1
OG0005014	2	1	3	0	1	1	1	1	1	2	1	1	1	1	1	1	1
OG0005015	1	5	1	0	0	1	1	1	1	1	1	1	1	0	1	1	1
OG0005016	1	1	1	0	4	1	1	1	1	1	1	1	1	1	1	1	1
OG0005019	1	3	1	0	2	1	1	1	1	1	1	1	1	1	1	1	1
OG0005021	1	4	0	0	0	2	2	1	1	1	1	1	0	0	1	2	1
OG0005023	2	2	0	0	3	1	1	1	1	2	1	1	1	1	1	1	1
OG0005028	1	1	1	0	4	1	1	1	1	1	1	1	1	1	1	1	1
OG0005029	1	1	1	0	4	1	1	1	1	1	1	1	1	1	1	1	1
OG0005030	1	5	1	0	1	1	1	1	0	1	1	1	1	1	1	1	1
OG0005031	2	2	1	0	2	1	1	1	1	2	1	1	1	1	1	1	1
OG0005043	5	0	2	0	4	0	0	0	0	3	1	1	1	1	0	0	0
OG0005044	4	2	2	0	3	0	0	0	0	3	2	2	2	2	0	0	0
OG0005046	1	7	1	0	2	0	0	0	0	1	1	1	1	1	0	0	0
OG0005047	2	0	0	0	9	0	0	0	0	2	1	1	1	1	0	0	0
OG0005054	1	3	5	0	2	0	0	0	0	1	1	2	2	2	0	0	0
OG0005080	1	9	1	0	0	0	0	0	0	1	1	1	1	0	0	0	0
OG0005093	2	8	1	0	0	0	0	0	0	2	1	1	1	0	0	0	0
OG0005102	10	0	1	0	0	0	0	0	0	5	1	1	1	0	0	0	0
OG0005105	1	2	2	2	3	0	0	0	0	1	1	2	2	2	0	0	0
OG0005106	1	1	1	2	1	1	1	1	1	1	1	1	1	1	1	1	1
OG0005108	1	3	0	2	0	1	1	1	1	1	1	1	1	1	1	1	1
OG0005109	1	1	1	1	2	1	1	1	1	1	1	1	1	1	1	1	1
OG0005110	1	1	0	2	2	1	1	1	1	1	1	1	1	1	1	1	1
OG0005111	1	2	1	1	1	1	1	1	1	1	1	1	1	1	1	1	1
OG0005112	1	1	1	1	1	1	1	1	2	1	1	1	1	1	1	1	1
OG0005113	1	1	1	1	1	1	1	1	2	1	1	1	1	1	1	1	1
OG0005114	1	0	1	2	1	1	1	1	2	1	1	1	1	1	1	1	1
OG0005115	1	1	1	2	1	1	1	1	1	1	1	1	1	1	1	1	1
OG0005116	1	1	1	2	1	1	1	1	1	1	1	1	1	1	1	1	1
OG0005117	1	1	1	2	1	1	1	1	1	1	1	1	1	1	1	1	1
OG0005118	1	1	2	1	1	1	1	1	1	1	1	1	1	1	1	1	1
OG0005119	1	3	1	1	0	1	1	1	1	1	1	1	1	1	1	1	1
OG0005122	1	2	1	1	1	1	1	1	1	1	1	1	1	1	1	1	1
OG0005124	1	2	1	2	0	1	1	1	1	1	1	1	1	1	1	1	1
OG0005125	1	1	1	2	1	1	1	1	1	1	1	1	1	1	1	1	1
OG0005126	1	1	0	2	2	1	1	1	1	1	1	1	1	1	1	1	1
OG0005127	1	1	1	2	1	1	1	1	1	1	1	1	1	1	1	1	1
OG0005131	1	1	1	2	2	0	1	1	1	1	1	1	1	1	1	1	1
OG0005132	1	1	1	2	1	1	1	1	1	1	1	1	1	1	1	1	1
OG0005134	1	2	1	2	0	1	1	1	1	1	1	1	1	1	1	1	1
OG0005135	1	1	1	2	1	1	1	1	1	1	1	1	1	1	1	1	1
OG0005136	1	2	1	2	0	1	1	1	1	1	1	1	1	1	1	1	1
OG0005138	1	1	1	2	1	1	1	1	1	1	1	1	1	1	1	1	1
OG0005139	1	1	1	2	1	1	1	1	1	1	1	1	1	1	1	1	1
OG0005141	1	1	1	2	2	1	1	1	0	1	1	1	1	1	1	1	1
OG0005142	2	1	1	2	0	1	1	1	1	2	1	1	1	1	1	1	1
OG0005143	1	1	1	2	1	1	1	1	1	1	1	1	1	1	1	1	1
OG0005144	1	1	1	2	1	1	1	1	1	1	1	1	1	1	1	1	1
OG0005145	1	2	1	1	1	1	1	1	1	1	1	1	1	1	1	1	1
OG0005146	1	2	1	1	1	1	1	1	1	1	1	1	1	1	1	1	1
OG0005147	1	1	1	2	1	1	1	1	1	1	1	1	1	1	1	1	1
OG0005148	1	1	1	2	1	1	1	1	1	1	1	1	1	1	1	1	1
OG0005149	1	6	1	1	1	0	0	0	0	1	1	1	1	1	0	0	0
OG0005150	1	1	1	2	1	1	1	1	1	1	1	1	1	1	1	1	1
OG0005151	1	1	2	2	0	1	1	1	1	1	1	1	1	1	1	1	1
OG0005152	1	2	1	1	1	1	1	1	1	1	1	1	1	1	1	1	1
OG0005153	1	1	1	1	2	1	1	1	1	1	1	1	1	1	1	1	1
OG0005154	1	1	1	2	1	1	1	1	1	1	1	1	1	1	1	1	1
OG0005155	1	2	1	2	0	1	1	1	1	1	1	1	1	1	1	1	1
OG0005156	1	1	1	2	1	1	1	1	1	1	1	1	1	1	1	1	1
OG0005157	2	2	1	2	0	1	1	1	0	2	1	1	1	1	1	1	1
OG0005158	2	2	1	1	0	1	1	1	1	2	1	1	1	1	1	1	1
OG0005159	1	2	0	2	1	1	1	1	1	1	1	1	1	1	1	1	1
OG0005160	2	1	1	2	0	1	1	1	1	2	1	1	1	1	1	1	1
OG0005162	1	2	1	2	0	1	1	1	1	1	1	1	1	1	1	1	1
OG0005164	1	1	1	2	1	1	1	1	1	1	1	1	1	1	1	1	1
OG0005165	1	2	0	2	1	1	1	1	1	1	1	1	1	1	1	1	1
OG0005166	2	1	1	1	1	1	1	1	1	2	1	1	1	1	1	1	1
OG0005167	1	1	1	2	1	1	1	1	1	1	1	1	1	1	1	1	1
OG0005168	1	1	1	2	1	1	1	1	1	1	1	1	1	1	1	1	1
OG0005169	1	1	1	2	1	1	1	1	1	1	1	1	1	1	1	1	1
OG0005170	1	1	0	2	3	1	0	1	1	1	1	1	1	2	1	1	1
OG0005171	1	1	1	2	1	1	1	1	1	1	1	1	1	1	1	1	1
OG0005172	1	1	1	2	1	1	1	1	1	1	1	1	1	1	1	1	1
OG0005173	1	1	0	1	3	1	1	1	1	1	1	1	1	1	1	1	1
OG0005174	1	1	1	2	1	1	1	1	1	1	1	1	1	1	1	1	1
OG0005175	2	1	1	2	0	1	1	1	1	2	1	1	1	1	1	1	1
OG0005176	1	1	1	2	1	1	1	1	1	1	1	1	1	1	1	1	1
OG0005177	2	1	1	2	0	1	1	1	1	2	1	1	1	1	1	1	1
OG0005178	1	2	1	2	0	1	1	1	1	1	1	1	1	1	1	1	1
OG0005179	1	1	1	2	1	1	1	1	1	1	1	1	1	1	1	1	1
OG0005180	1	1	1	1	2	1	1	1	1	1	1	1	1	1	1	1	1
OG0005181	1	1	1	1	2	1	1	1	1	1	1	1	1	1	1	1	1
OG0005182	1	0	1	2	1	1	1	2	1	1	1	1	1	1	1	1	1
OG0005184	1	0	0	9	0	0	0	0	0	1	1	1	1	1	0	0	0
OG0005185	1	2	1	2	0	1	1	1	1	1	1	1	1	1	1	1	1
OG0005189	1	1	1	1	1	1	1	1	2	1	1	1	1	1	1	1	1
OG0005190	1	1	1	2	1	1	1	1	1	1	1	1	1	1	1	1	1
OG0005191	1	2	1	1	1	1	1	1	1	1	1	1	1	1	1	1	1
OG0005192	1	2	1	1	1	1	1	1	1	1	1	1	1	1	1	1	1
OG0005193	1	1	1	2	1	1	1	1	1	1	1	1	1	1	1	1	1
OG0005194	1	1	1	1	2	1	1	1	1	1	1	1	1	1	1	1	1
OG0005196	1	1	1	2	1	1	1	1	1	1	1	1	1	1	1	1	1
OG0005197	1	2	1	2	1	1	1	1	0	1	1	1	1	1	1	1	1
OG0005198	1	1	1	2	1	1	1	1	1	1	1	1	1	1	1	1	1
OG0005199	1	2	1	2	0	1	1	1	1	1	1	1	1	1	1	1	1
OG0005200	1	1	1	2	1	1	1	1	1	1	1	1	1	1	1	1	1
OG0005201	1	2	1	2	1	0	1	1	1	1	1	1	1	1	1	1	1
OG0005202	1	1	1	2	1	1	1	1	1	1	1	1	1	1	1	1	1
OG0005203	1	1	1	2	1	1	1	1	1	1	1	1	1	1	1	1	1
OG0005204	1	1	1	2	1	1	1	1	1	1	1	1	1	1	1	1	1
OG0005205	1	1	1	1	2	1	1	1	1	1	1	1	1	1	1	1	1
OG0005206	1	5	2	2	0	0	0	0	0	1	1	1	1	1	0	0	0
OG0005207	1	2	1	2	0	1	1	1	1	1	1	1	1	1	1	1	1
OG0005208	1	1	1	1	2	1	1	1	1	1	1	1	1	1	1	1	1
OG0005210	1	1	1	1	2	1	1	1	1	1	1	1	1	1	1	1	1
OG0005212	1	1	1	2	1	1	1	1	1	1	1	1	1	1	1	1	1
OG0005214	1	1	1	2	1	1	1	1	1	1	1	1	1	1	1	1	1
OG0005215	1	1	1	2	1	1	1	1	1	1	1	1	1	1	1	1	1
OG0005216	1	2	1	2	0	1	1	1	1	1	1	1	1	1	1	1	1
OG0005218	1	1	1	1	2	1	1	1	1	1	1	1	1	1	1	1	1
OG0005219	1	1	1	1	2	1	1	1	1	1	1	1	1	1	1	1	1
OG0005220	1	1	1	2	1	1	1	1	1	1	1	1	1	1	1	1	1
OG0005221	1	1	1	2	1	1	1	1	1	1	1	1	1	1	1	1	1
OG0005222	1	2	1	1	1	1	1	1	1	1	1	1	1	1	1	1	1
OG0005224	1	2	1	1	1	1	1	1	1	1	1	1	1	1	1	1	1
OG0005225	1	1	1	2	1	1	1	1	1	1	1	1	1	1	1	1	1
OG0005226	1	1	1	2	1	1	1	1	1	1	1	1	1	1	1	1	1
OG0005228	1	2	1	2	0	1	1	1	1	1	1	1	1	1	1	1	1
OG0005229	1	1	1	2	1	1	1	1	1	1	1	1	1	1	1	1	1
OG0005231	1	1	1	2	1	1	1	1	1	1	1	1	1	1	1	1	1
OG0005232	1	1	1	2	1	1	1	1	1	1	1	1	1	1	1	1	1
OG0005233	1	1	1	2	0	1	1	1	2	1	1	1	1	1	1	1	1
OG0005234	1	1	0	2	2	1	1	1	1	1	1	1	1	1	1	1	1
OG0005235	1	1	1	2	1	1	1	1	1	1	1	1	1	1	1	1	1
OG0005236	1	1	1	2	1	1	1	1	1	1	1	1	1	1	1	1	1
OG0005237	1	2	1	1	1	1	1	1	1	1	1	1	1	1	1	1	1
OG0005238	1	1	1	2	1	1	1	1	1	1	1	1	1	1	1	1	1
OG0005239	2	1	1	2	1	1	1	1	0	2	1	1	1	1	1	1	1
OG0005240	1	1	1	2	1	1	1	1	1	1	1	1	1	1	1	1	1
OG0005241	1	1	1	2	1	1	1	1	1	1	1	1	1	1	1	1	1
OG0005242	2	1	1	1	1	1	1	1	1	2	1	1	1	1	1	1	1
OG0005244	1	3	1	1	0	1	1	1	1	1	1	1	1	1	1	1	1
OG0005246	1	2	1	1	1	1	1	1	1	1	1	1	1	1	1	1	1
OG0005248	1	2	1	2	0	1	1	1	1	1	1	1	1	1	1	1	1
OG0005250	1	1	1	2	1	1	1	1	1	1	1	1	1	1	1	1	1
OG0005251	1	2	1	2	0	1	1	1	1	1	1	1	1	1	1	1	1
OG0005252	1	1	1	1	1	1	2	1	1	1	1	1	1	1	1	1	1
OG0005254	1	1	1	2	1	1	1	1	1	1	1	1	1	1	1	1	1
OG0005255	1	1	1	2	2	1	1	1	0	1	1	1	1	1	1	1	1
OG0005256	1	1	1	2	1	1	1	1	1	1	1	1	1	1	1	1	1
OG0005258	1	1	1	2	0	1	1	1	2	1	1	1	1	1	1	1	1
OG0005259	1	1	1	2	1	1	1	1	1	1	1	1	1	1	1	1	1
OG0005260	1	1	1	2	1	1	1	1	1	1	1	1	1	1	1	1	1
OG0005261	2	3	1	2	2	0	0	0	0	2	2	2	2	2	0	0	0
OG0005262	1	1	1	2	0	1	1	1	2	1	1	1	1	1	1	1	1
OG0005263	1	1	1	2	1	1	1	1	1	1	1	1	1	1	1	1	1
OG0005264	1	1	1	2	1	1	1	1	1	1	1	1	1	1	1	1	1
OG0005266	1	2	1	1	1	1	1	1	1	1	1	1	1	1	1	1	1
OG0005267	1	4	0	2	3	0	0	0	0	1	1	1	1	2	0	0	0
OG0005268	1	1	3	4	1	0	0	0	0	1	1	1	2	2	0	0	0
OG0005270	1	1	1	2	1	1	1	1	1	1	1	1	1	1	1	1	1
OG0005271	1	5	1	2	1	0	0	0	0	1	1	1	1	1	0	0	0
OG0005272	1	1	1	2	1	1	1	1	1	1	1	1	1	1	1	1	1
OG0005273	1	1	1	2	1	1	1	1	1	1	1	1	1	1	1	1	1
OG0005274	1	1	1	2	1	1	1	1	1	1	1	1	1	1	1	1	1
OG0005275	2	1	1	1	1	1	1	1	1	2	1	1	1	1	1	1	1
OG0005276	1	1	1	2	1	1	1	1	1	1	1	1	1	1	1	1	1
OG0005277	1	1	1	2	1	1	1	1	1	1	1	1	1	1	1	1	1
OG0005279	1	1	1	1	2	1	1	1	1	1	1	1	1	1	1	1	1
OG0005280	1	0	1	1	0	1	1	4	1	1	1	1	1	1	1	1	1
OG0005281	1	1	1	1	2	1	1	1	1	1	1	1	1	1	1	1	1
OG0005282	1	2	1	1	1	1	1	1	1	1	1	1	1	1	1	1	1
OG0005283	3	1	1	1	0	1	1	1	1	2	1	1	1	1	1	1	1
OG0005285	1	1	1	2	1	1	1	1	1	1	1	1	1	1	1	1	1
OG0005288	1	1	1	2	1	1	1	1	1	1	1	1	1	1	1	1	1
OG0005289	1	1	1	2	1	1	1	1	1	1	1	1	1	1	1	1	1
OG0005291	1	1	1	2	1	1	1	1	1	1	1	1	1	1	1	1	1
OG0005292	1	1	0	2	2	1	1	1	1	1	1	1	1	1	1	1	1
OG0005293	1	1	1	2	1	1	1	1	1	1	1	1	1	1	1	1	1
OG0005294	1	1	1	2	1	1	1	1	1	1	1	1	1	1	1	1	1
OG0005295	1	2	1	1	1	1	1	1	1	1	1	1	1	1	1	1	1
OG0005297	1	1	1	2	1	1	1	1	1	1	1	1	1	1	1	1	1
OG0005298	1	1	1	1	2	1	1	1	1	1	1	1	1	1	1	1	1
OG0005300	1	1	1	2	1	1	1	1	1	1	1	1	1	1	1	1	1
OG0005303	1	1	1	2	1	1	1	1	1	1	1	1	1	1	1	1	1
OG0005304	2	0	1	2	1	1	1	1	1	2	1	1	1	1	1	1	1
OG0005305	1	2	0	2	1	1	1	1	1	1	1	1	1	1	1	1	1
OG0005307	1	1	1	2	1	1	1	1	1	1	1	1	1	1	1	1	1
OG0005308	1	1	1	2	1	1	1	1	1	1	1	1	1	1	1	1	1
OG0005309	1	2	1	2	0	1	1	1	1	1	1	1	1	1	1	1	1
OG0005311	2	1	1	1	1	1	1	1	1	2	1	1	1	1	1	1	1
OG0005312	1	1	1	2	1	1	1	1	1	1	1	1	1	1	1	1	1
OG0005313	2	1	1	1	1	1	1	1	1	2	1	1	1	1	1	1	1
OG0005315	1	1	1	2	1	1	1	1	1	1	1	1	1	1	1	1	1
OG0005316	1	1	2	1	1	1	1	1	1	1	1	1	1	1	1	1	1
OG0005318	1	2	1	1	1	1	1	1	1	1	1	1	1	1	1	1	1
OG0005320	1	1	1	1	2	1	1	1	1	1	1	1	1	1	1	1	1
OG0005322	1	2	1	1	1	1	1	1	1	1	1	1	1	1	1	1	1
OG0005323	1	1	1	2	1	1	1	1	1	1	1	1	1	1	1	1	1
OG0005324	1	1	1	1	2	1	1	1	1	1	1	1	1	1	1	1	1
OG0005325	1	1	1	2	1	1	1	1	1	1	1	1	1	1	1	1	1
OG0005326	1	2	1	2	0	1	1	1	1	1	1	1	1	1	1	1	1
OG0005327	1	2	1	2	0	1	1	1	1	1	1	1	1	1	1	1	1
OG0005330	1	1	1	2	1	1	1	1	1	1	1	1	1	1	1	1	1
OG0005331	1	1	1	1	2	1	1	1	1	1	1	1	1	1	1	1	1
OG0005332	1	2	1	1	1	1	1	1	1	1	1	1	1	1	1	1	1
OG0005333	1	1	1	2	0	1	1	1	2	1	1	1	1	1	1	1	1
OG0005335	1	1	1	1	2	1	1	1	1	1	1	1	1	1	1	1	1
OG0005336	1	1	1	2	1	1	1	1	1	1	1	1	1	1	1	1	1
OG0005337	1	2	1	1	1	1	1	1	1	1	1	1	1	1	1	1	1
OG0005338	1	1	1	2	1	1	1	1	1	1	1	1	1	1	1	1	1
OG0005339	1	2	1	2	0	1	1	1	1	1	1	1	1	1	1	1	1
OG0005340	1	1	1	2	1	1	1	1	1	1	1	1	1	1	1	1	1
OG0005341	1	3	1	1	0	1	1	1	1	1	1	1	1	1	1	1	1
OG0005342	1	2	2	2	0	1	1	1	0	1	1	1	1	1	1	1	1
OG0005343	1	1	1	2	1	1	1	1	1	1	1	1	1	1	1	1	1
OG0005344	1	2	1	1	1	1	1	1	1	1	1	1	1	1	1	1	1
OG0005345	2	1	1	1	0	1	2	1	1	2	1	1	1	1	1	1	1
OG0005346	1	1	1	2	1	1	1	1	1	1	1	1	1	1	1	1	1
OG0005347	1	2	1	1	1	1	1	1	1	1	1	1	1	1	1	1	1
OG0005348	1	2	1	2	0	1	1	1	1	1	1	1	1	1	1	1	1
OG0005349	3	1	1	1	0	1	1	1	1	2	1	1	1	1	1	1	1
OG0005350	1	2	1	2	0	1	1	1	1	1	1	1	1	1	1	1	1
OG0005351	1	1	1	2	1	1	1	1	1	1	1	1	1	1	1	1	1
OG0005352	2	0	1	2	1	1	1	1	1	2	1	1	1	1	1	1	1
OG0005353	1	1	1	2	1	1	1	1	1	1	1	1	1	1	1	1	1
OG0005354	1	1	1	2	1	1	1	1	1	1	1	1	1	1	1	1	1
OG0005355	2	0	1	3	4	0	0	0	0	2	1	1	1	2	0	0	0
OG0005356	1	1	1	2	1	1	1	1	1	1	1	1	1	1	1	1	1
OG0005357	1	1	1	2	1	1	1	1	1	1	1	1	1	1	1	1	1
OG0005358	1	2	1	1	0	1	1	1	2	1	1	1	1	1	1	1	1
OG0005359	1	1	1	2	1	1	1	1	1	1	1	1	1	1	1	1	1
OG0005360	1	1	1	2	1	1	1	1	1	1	1	1	1	1	1	1	1
OG0005361	1	1	1	2	1	1	1	1	1	1	1	1	1	1	1	1	1
OG0005362	1	1	1	1	2	1	1	1	1	1	1	1	1	1	1	1	1
OG0005363	1	2	1	2	0	1	1	1	1	1	1	1	1	1	1	1	1
OG0005365	1	2	1	2	0	1	1	1	1	1	1	1	1	1	1	1	1
OG0005366	1	1	1	2	2	0	1	1	1	1	1	1	1	1	1	1	1
OG0005367	1	1	1	2	1	1	1	1	1	1	1	1	1	1	1	1	1
OG0005369	1	2	1	1	1	1	1	1	1	1	1	1	1	1	1	1	1
OG0005370	1	4	2	2	1	0	0	0	0	1	1	2	2	2	0	0	0
OG0005371	1	1	1	2	0	1	1	1	2	1	1	1	1	1	1	1	1
OG0005373	2	1	1	1	1	1	1	1	1	2	1	1	1	1	1	1	1
OG0005374	1	2	1	1	1	1	2	1	0	1	1	1	1	1	1	1	1
OG0005375	1	1	1	1	2	1	1	1	1	1	1	1	1	1	1	1	1
OG0005376	1	1	1	2	1	1	1	1	1	1	1	1	1	1	1	1	1
OG0005377	1	1	1	2	1	1	1	1	1	1	1	1	1	1	1	1	1
OG0005378	1	2	1	1	1	1	1	1	1	1	1	1	1	1	1	1	1
OG0005379	1	1	1	2	1	1	1	1	1	1	1	1	1	1	1	1	1
OG0005380	1	0	1	3	1	1	1	1	1	1	1	1	1	1	1	1	1
OG0005381	1	1	1	1	2	1	1	1	1	1	1	1	1	1	1	1	1
OG0005382	1	2	1	2	0	1	1	1	1	1	1	1	1	1	1	1	1
OG0005383	1	1	1	1	2	1	1	1	1	1	1	1	1	1	1	1	1
OG0005384	1	1	1	2	1	1	1	1	1	1	1	1	1	1	1	1	1
OG0005385	1	6	1	1	1	0	0	0	0	1	1	1	1	1	0	0	0
OG0005386	1	1	1	2	1	1	1	1	1	1	1	1	1	1	1	1	1
OG0005387	1	2	1	1	1	1	1	1	1	1	1	1	1	1	1	1	1
OG0005388	1	1	1	2	1	1	1	1	1	1	1	1	1	1	1	1	1
OG0005389	4	0	0	4	2	0	0	0	0	3	1	1	1	2	0	0	0
OG0005398	1	2	1	1	1	1	1	1	1	1	1	1	1	1	1	1	1
OG0005399	1	3	1	4	0	0	1	0	0	1	1	1	1	1	1	1	0
OG0005401	1	1	1	2	0	1	2	1	1	1	1	1	1	1	1	1	1
OG0005403	1	1	1	1	2	1	1	1	1	1	1	1	1	1	1	1	1
OG0005404	1	2	1	2	0	1	1	1	1	1	1	1	1	1	1	1	1
OG0005405	1	1	1	2	1	1	1	1	1	1	1	1	1	1	1	1	1
OG0005406	1	1	1	2	1	1	1	1	1	1	1	1	1	1	1	1	1
OG0005408	1	1	1	1	2	1	1	1	1	1	1	1	1	1	1	1	1
OG0005410	2	1	1	2	1	1	1	1	0	2	1	1	1	1	1	1	1
OG0005411	1	1	1	3	0	1	1	1	1	1	1	1	1	1	1	1	1
OG0005412	1	1	2	2	0	1	1	1	1	1	1	1	1	1	1	1	1
OG0005413	2	1	1	1	1	1	1	1	1	2	1	1	1	1	1	1	1
OG0005414	1	2	1	2	0	1	1	1	1	1	1	1	1	1	1	1	1
OG0005415	1	1	1	2	1	1	1	1	1	1	1	1	1	1	1	1	1
OG0005416	1	1	1	1	2	1	1	1	1	1	1	1	1	1	1	1	1
OG0005417	1	2	1	1	0	1	1	2	1	1	1	1	1	1	1	1	1
OG0005418	1	3	1	1	0	1	1	1	1	1	1	1	1	1	1	1	1
OG0005420	1	1	1	2	0	2	1	1	1	1	1	1	1	1	1	1	1
OG0005421	1	1	1	2	1	1	1	1	1	1	1	1	1	1	1	1	1
OG0005424	1	3	1	1	0	1	1	1	1	1	1	1	1	1	1	1	1
OG0005426	1	1	1	1	2	1	1	1	1	1	1	1	1	1	1	1	1
OG0005427	1	1	1	2	1	1	1	1	1	1	1	1	1	1	1	1	1
OG0005428	1	0	1	2	2	1	1	1	1	1	1	1	1	1	1	1	1
OG0005429	1	1	1	1	2	1	1	1	1	1	1	1	1	1	1	1	1
OG0005430	1	1	1	2	1	1	1	1	1	1	1	1	1	1	1	1	1
OG0005431	1	1	1	2	1	1	1	1	1	1	1	1	1	1	1	1	1
OG0005432	7	0	1	1	1	0	0	0	0	4	1	1	1	1	0	0	0
OG0005433	1	1	1	2	1	1	1	1	1	1	1	1	1	1	1	1	1
OG0005434	1	1	1	1	2	1	1	1	1	1	1	1	1	1	1	1	1
OG0005435	1	2	1	1	1	1	1	1	1	1	1	1	1	1	1	1	1
OG0005436	1	1	1	2	1	1	1	1	1	1	1	1	1	1	1	1	1
OG0005438	1	2	1	1	1	1	1	1	1	1	1	1	1	1	1	1	1
OG0005439	1	2	1	1	1	1	1	1	1	1	1	1	1	1	1	1	1
OG0005440	1	1	1	2	1	1	1	1	1	1	1	1	1	1	1	1	1
OG0005442	1	1	1	2	1	1	1	1	1	1	1	1	1	1	1	1	1
OG0005443	1	3	0	2	0	1	1	1	1	1	1	1	1	1	1	1	1
OG0005444	1	1	1	2	1	1	1	1	1	1	1	1	1	1	1	1	1
OG0005446	1	1	1	2	1	1	1	1	1	1	1	1	1	1	1	1	1
OG0005447	1	1	1	2	1	1	1	1	1	1	1	1	1	1	1	1	1
OG0005449	1	1	1	2	1	1	1	1	1	1	1	1	1	1	1	1	1
OG0005450	2	2	1	1	0	2	1	1	0	2	1	1	1	1	1	1	1
OG0005451	1	1	1	2	1	1	1	1	1	1	1	1	1	1	1	1	1
OG0005452	1	1	1	2	1	1	1	1	1	1	1	1	1	1	1	1	1
OG0005454	1	2	1	1	1	1	1	1	1	1	1	1	1	1	1	1	1
OG0005455	1	1	1	2	1	1	1	1	1	1	1	1	1	1	1	1	1
OG0005456	1	1	1	1	2	1	1	1	1	1	1	1	1	1	1	1	1
OG0005458	1	1	1	2	1	1	1	1	1	1	1	1	1	1	1	1	1
OG0005459	1	1	1	2	1	1	1	1	1	1	1	1	1	1	1	1	1
OG0005460	1	1	1	2	1	1	1	1	1	1	1	1	1	1	1	1	1
OG0005461	1	1	1	2	1	1	1	1	1	1	1	1	1	1	1	1	1
OG0005462	1	1	1	2	1	1	1	1	1	1	1	1	1	1	1	1	1
OG0005463	1	1	1	2	0	2	1	1	1	1	1	1	1	1	1	1	1
OG0005464	2	1	1	1	2	1	1	1	0	2	1	1	1	1	1	1	1
OG0005465	1	1	1	2	1	1	1	1	1	1	1	1	1	1	1	1	1
OG0005466	1	1	1	2	1	1	1	1	1	1	1	1	1	1	1	1	1
OG0005467	1	2	1	1	1	1	1	1	1	1	1	1	1	1	1	1	1
OG0005470	1	1	1	2	1	1	1	1	1	1	1	1	1	1	1	1	1
OG0005471	1	1	1	2	1	1	1	1	1	1	1	1	1	1	1	1	1
OG0005472	1	2	1	1	1	1	1	1	1	1	1	1	1	1	1	1	1
OG0005473	1	1	1	2	1	1	1	1	1	1	1	1	1	1	1	1	1
OG0005474	1	1	1	1	2	1	1	1	1	1	1	1	1	1	1	1	1
OG0005475	1	1	1	2	1	1	1	1	1	1	1	1	1	1	1	1	1
OG0005476	1	1	1	2	1	1	1	1	1	1	1	1	1	1	1	1	1
OG0005477	2	1	1	1	1	1	1	1	1	2	1	1	1	1	1	1	1
OG0005478	1	1	1	2	1	1	1	1	1	1	1	1	1	1	1	1	1
OG0005480	1	2	1	2	0	1	1	1	1	1	1	1	1	1	1	1	1
OG0005481	1	1	1	1	1	1	1	1	2	1	1	1	1	1	1	1	1
OG0005483	1	1	1	2	1	1	1	1	1	1	1	1	1	1	1	1	1
OG0005485	1	1	1	2	1	1	1	1	1	1	1	1	1	1	1	1	1
OG0005486	1	1	1	2	1	1	1	1	1	1	1	1	1	1	1	1	1
OG0005488	1	1	1	2	1	1	1	1	1	1	1	1	1	1	1	1	1
OG0005489	1	3	0	2	4	0	0	0	0	1	1	1	1	2	0	0	0
OG0005490	1	1	1	2	1	1	1	1	1	1	1	1	1	1	1	1	1
OG0005491	1	1	1	2	1	1	1	1	1	1	1	1	1	1	1	1	1
OG0005492	1	1	1	2	1	1	1	1	1	1	1	1	1	1	1	1	1
OG0005493	1	1	1	2	1	1	1	1	1	1	1	1	1	1	1	1	1
OG0005494	1	1	0	2	2	1	1	1	1	1	1	1	1	1	1	1	1
OG0005495	1	2	1	1	0	1	1	2	1	1	1	1	1	1	1	1	1
OG0005496	1	2	1	1	1	1	1	1	1	1	1	1	1	1	1	1	1
OG0005497	1	1	1	2	1	1	1	1	1	1	1	1	1	1	1	1	1
OG0005498	1	1	1	2	1	1	1	1	1	1	1	1	1	1	1	1	1
OG0005499	1	1	1	2	1	1	1	1	1	1	1	1	1	1	1	1	1
OG0005500	1	1	1	2	1	1	1	1	1	1	1	1	1	1	1	1	1
OG0005501	1	1	1	2	2	1	1	1	0	1	1	1	1	1	1	1	1
OG0005502	1	1	1	1	2	1	1	1	1	1	1	1	1	1	1	1	1
OG0005503	1	1	1	2	1	1	1	1	1	1	1	1	1	1	1	1	1
OG0005504	1	1	1	2	1	1	1	1	1	1	1	1	1	1	1	1	1
OG0005505	1	1	1	2	1	1	1	1	1	1	1	1	1	1	1	1	1
OG0005506	1	2	1	2	1	1	1	1	0	1	1	1	1	1	1	1	1
OG0005507	1	1	1	2	1	1	1	1	1	1	1	1	1	1	1	1	1
OG0005508	1	1	1	2	1	1	1	1	1	1	1	1	1	1	1	1	1
OG0005510	1	1	1	2	1	1	1	1	1	1	1	1	1	1	1	1	1
OG0005511	1	1	1	2	1	1	1	1	1	1	1	1	1	1	1	1	1
OG0005512	2	1	1	2	1	1	1	1	0	2	1	1	1	1	1	1	1
OG0005514	1	1	1	2	1	1	1	1	1	1	1	1	1	1	1	1	1
OG0005515	1	1	1	1	2	1	1	1	1	1	1	1	1	1	1	1	1
OG0005516	1	1	1	2	1	1	1	1	1	1	1	1	1	1	1	1	1
OG0005517	1	2	1	1	1	1	1	1	1	1	1	1	1	1	1	1	1
OG0005518	2	1	1	2	0	1	1	1	1	2	1	1	1	1	1	1	1
OG0005519	1	1	1	2	1	1	1	1	1	1	1	1	1	1	1	1	1
OG0005520	1	1	1	1	2	1	1	1	1	1	1	1	1	1	1	1	1
OG0005521	1	1	1	2	1	1	1	1	1	1	1	1	1	1	1	1	1
OG0005522	1	1	1	1	2	1	1	1	1	1	1	1	1	1	1	1	1
OG0005523	1	2	1	2	1	1	1	1	0	1	1	1	1	1	1	1	1
OG0005524	1	1	1	2	1	1	1	1	1	1	1	1	1	1	1	1	1
OG0005526	1	1	1	2	1	1	1	1	1	1	1	1	1	1	1	1	1
OG0005527	1	2	1	1	1	1	1	1	1	1	1	1	1	1	1	1	1
OG0005529	1	1	1	2	2	1	1	1	0	1	1	1	1	1	1	1	1
OG0005530	1	1	1	2	1	1	1	1	1	1	1	1	1	1	1	1	1
OG0005531	1	1	1	2	1	1	1	1	1	1	1	1	1	1	1	1	1
OG0005532	1	2	0	2	1	1	1	1	1	1	1	1	1	1	1	1	1
OG0005533	1	2	1	1	1	1	1	1	1	1	1	1	1	1	1	1	1
OG0005534	1	1	1	2	1	1	1	1	1	1	1	1	1	1	1	1	1
OG0005535	1	1	1	2	1	1	1	1	1	1	1	1	1	1	1	1	1
OG0005537	1	1	1	2	1	1	1	1	1	1	1	1	1	1	1	1	1
OG0005538	1	1	1	2	1	1	1	1	1	1	1	1	1	1	1	1	1
OG0005539	1	2	1	2	0	1	1	1	1	1	1	1	1	1	1	1	1
OG0005540	1	1	1	2	1	1	1	1	1	1	1	1	1	1	1	1	1
OG0005541	1	1	1	2	1	1	1	1	1	1	1	1	1	1	1	1	1
OG0005542	1	1	1	2	1	1	1	1	1	1	1	1	1	1	1	1	1
OG0005543	1	1	1	2	1	1	1	1	1	1	1	1	1	1	1	1	1
OG0005544	1	2	1	1	1	1	1	1	1	1	1	1	1	1	1	1	1
OG0005545	1	0	1	1	3	1	1	1	1	1	1	1	1	1	1	1	1
OG0005546	1	1	1	2	1	1	1	1	1	1	1	1	1	1	1	1	1
OG0005547	1	2	1	1	1	1	1	1	1	1	1	1	1	1	1	1	1
OG0005549	1	1	1	2	1	1	1	1	1	1	1	1	1	1	1	1	1
OG0005551	1	1	1	2	1	1	1	1	1	1	1	1	1	1	1	1	1
OG0005553	1	1	1	1	2	1	1	1	1	1	1	1	1	1	1	1	1
OG0005554	1	1	1	2	1	1	1	1	1	1	1	1	1	1	1	1	1
OG0005555	1	2	1	1	1	1	1	1	1	1	1	1	1	1	1	1	1
OG0005559	1	1	1	2	1	1	1	1	1	1	1	1	1	1	1	1	1
OG0005560	1	2	1	1	1	1	1	1	1	1	1	1	1	1	1	1	1
OG0005561	1	3	1	2	0	1	1	1	0	1	1	1	1	1	1	1	1
OG0005562	1	1	1	2	1	1	1	1	1	1	1	1	1	1	1	1	1
OG0005563	2	1	1	1	1	1	1	1	1	2	1	1	1	1	1	1	1
OG0005564	1	2	2	3	2	0	0	0	0	1	1	2	2	2	0	0	0
OG0005565	2	1	1	2	0	1	1	1	1	2	1	1	1	1	1	1	1
OG0005566	1	1	1	2	1	1	1	1	1	1	1	1	1	1	1	1	1
OG0005567	1	1	1	2	1	1	1	1	1	1	1	1	1	1	1	1	1
OG0005568	1	2	1	1	1	1	1	1	1	1	1	1	1	1	1	1	1
OG0005571	1	1	1	2	2	1	1	0	1	1	1	1	1	1	1	1	1
OG0005572	1	1	1	2	1	1	1	1	1	1	1	1	1	1	1	1	1
OG0005574	1	1	1	2	1	1	1	1	1	1	1	1	1	1	1	1	1
OG0005575	1	2	1	1	1	1	1	1	1	1	1	1	1	1	1	1	1
OG0005577	1	3	1	1	0	1	1	1	1	1	1	1	1	1	1	1	1
OG0005578	1	1	1	2	2	1	0	1	1	1	1	1	1	1	1	1	1
OG0005579	1	3	0	1	1	1	1	1	1	1	1	1	1	1	1	1	1
OG0005582	1	2	1	1	1	1	1	1	1	1	1	1	1	1	1	1	1
OG0005583	1	2	1	2	0	1	1	1	1	1	1	1	1	1	1	1	1
OG0005584	1	1	1	2	1	1	1	1	1	1	1	1	1	1	1	1	1
OG0005585	1	2	1	2	0	1	1	1	1	1	1	1	1	1	1	1	1
OG0005587	1	0	1	2	2	1	1	1	1	1	1	1	1	1	1	1	1
OG0005588	1	1	1	2	1	1	1	1	1	1	1	1	1	1	1	1	1
OG0005589	1	1	1	1	1	1	1	1	2	1	1	1	1	1	1	1	1
OG0005590	1	1	1	1	2	1	1	1	1	1	1	1	1	1	1	1	1
OG0005591	1	1	0	2	2	1	1	1	1	1	1	1	1	1	1	1	1
OG0005592	1	1	1	2	1	1	1	1	1	1	1	1	1	1	1	1	1
OG0005593	1	1	1	1	2	1	1	1	1	1	1	1	1	1	1	1	1
OG0005594	1	1	1	2	1	1	1	1	1	1	1	1	1	1	1	1	1
OG0005595	1	1	1	2	1	1	1	1	1	1	1	1	1	1	1	1	1
OG0005596	1	1	1	2	1	1	1	1	1	1	1	1	1	1	1	1	1
OG0005597	1	1	1	2	1	1	1	1	1	1	1	1	1	1	1	1	1
OG0005599	1	0	2	2	1	1	1	1	1	1	1	1	1	1	1	1	1
OG0005600	1	3	1	1	0	1	1	1	1	1	1	1	1	1	1	1	1
OG0005601	1	1	1	2	1	1	1	1	1	1	1	1	1	1	1	1	1
OG0005602	1	2	1	2	0	1	1	1	1	1	1	1	1	1	1	1	1
OG0005603	1	1	1	2	1	1	1	1	1	1	1	1	1	1	1	1	1
OG0005604	1	1	1	2	1	1	1	1	1	1	1	1	1	1	1	1	1
OG0005605	1	1	1	2	1	1	1	1	1	1	1	1	1	1	1	1	1
OG0005606	1	1	1	2	1	1	1	1	1	1	1	1	1	1	1	1	1
OG0005607	2	1	1	1	1	1	1	1	1	2	1	1	1	1	1	1	1
OG0005608	1	1	2	2	0	1	1	1	1	1	1	1	1	1	1	1	1
OG0005609	1	1	1	2	1	1	1	1	1	1	1	1	1	1	1	1	1
OG0005611	1	1	1	2	1	1	1	1	1	1	1	1	1	1	1	1	1
OG0005612	1	1	0	2	2	1	1	1	1	1	1	1	1	1	1	1	1
OG0005613	1	1	1	2	1	1	1	1	1	1	1	1	1	1	1	1	1
OG0005614	1	1	1	2	1	1	1	1	1	1	1	1	1	1	1	1	1
OG0005615	1	1	1	1	2	1	1	1	1	1	1	1	1	1	1	1	1
OG0005616	1	2	1	1	1	1	1	1	1	1	1	1	1	1	1	1	1
OG0005617	1	3	1	2	0	1	1	1	0	1	1	1	1	1	1	1	1
OG0005620	2	1	1	2	1	1	1	1	0	2	1	1	1	1	1	1	1
OG0005621	1	1	1	2	1	1	1	1	1	1	1	1	1	1	1	1	1
OG0005622	1	1	1	2	1	1	1	1	1	1	1	1	1	1	1	1	1
OG0005623	1	2	0	2	1	1	1	1	1	1	1	1	1	1	1	1	1
OG0005624	1	1	1	2	1	1	1	1	1	1	1	1	1	1	1	1	1
OG0005627	1	1	1	2	1	1	1	1	1	1	1	1	1	1	1	1	1
OG0005628	1	1	1	2	1	1	1	1	1	1	1	1	1	1	1	1	1
OG0005629	1	1	1	2	1	1	1	1	1	1	1	1	1	1	1	1	1
OG0005630	1	1	1	2	1	1	1	1	1	1	1	1	1	1	1	1	1
OG0005633	1	1	1	2	1	1	1	1	1	1	1	1	1	1	1	1	1
OG0005634	1	1	1	1	2	1	1	1	1	1	1	1	1	1	1	1	1
OG0005635	1	1	1	2	1	1	1	1	1	1	1	1	1	1	1	1	1
OG0005637	1	1	1	2	1	1	1	1	1	1	1	1	1	1	1	1	1
OG0005638	1	1	1	2	1	1	1	1	1	1	1	1	1	1	1	1	1
OG0005639	1	1	1	2	1	1	1	1	1	1	1	1	1	1	1	1	1
OG0005640	1	1	1	2	1	1	1	1	1	1	1	1	1	1	1	1	1
OG0005641	1	0	1	3	1	1	1	1	1	1	1	1	1	1	1	1	1
OG0005642	1	1	1	2	1	1	1	1	1	1	1	1	1	1	1	1	1
OG0005643	1	1	1	2	1	1	1	1	1	1	1	1	1	1	1	1	1
OG0005644	1	2	1	2	1	1	1	1	0	1	1	1	1	1	1	1	1
OG0005649	1	1	1	2	1	1	1	1	1	1	1	1	1	1	1	1	1
OG0005650	1	3	0	1	1	1	1	1	1	1	1	1	1	1	1	1	1
OG0005651	1	1	1	2	1	1	1	1	1	1	1	1	1	1	1	1	1
OG0005652	1	1	1	2	1	1	1	1	1	1	1	1	1	1	1	1	1
OG0005653	1	1	1	2	1	1	1	1	1	1	1	1	1	1	1	1	1
OG0005654	1	1	1	2	1	1	1	1	1	1	1	1	1	1	1	1	1
OG0005655	1	1	1	2	1	1	1	1	1	1	1	1	1	1	1	1	1
OG0005656	1	1	1	1	1	1	1	1	2	1	1	1	1	1	1	1	1
OG0005657	1	1	1	1	2	1	1	1	1	1	1	1	1	1	1	1	1
OG0005658	1	1	1	1	2	1	1	1	1	1	1	1	1	1	1	1	1
OG0005659	1	1	1	2	1	1	1	1	1	1	1	1	1	1	1	1	1
OG0005661	1	1	1	2	1	1	1	1	1	1	1	1	1	1	1	1	1
OG0005662	1	1	1	2	1	1	1	1	1	1	1	1	1	1	1	1	1
OG0005663	1	1	1	2	1	1	1	1	1	1	1	1	1	1	1	1	1
OG0005665	1	1	1	2	1	1	1	1	1	1	1	1	1	1	1	1	1
OG0005666	2	1	1	1	1	1	1	1	1	2	1	1	1	1	1	1	1
OG0005667	1	1	0	2	2	1	1	1	1	1	1	1	1	1	1	1	1
OG0005668	1	2	1	2	0	1	1	1	1	1	1	1	1	1	1	1	1
OG0005669	1	1	1	2	1	1	1	1	1	1	1	1	1	1	1	1	1
OG0005670	2	1	1	2	0	1	1	1	1	2	1	1	1	1	1	1	1
OG0005671	1	2	1	2	0	1	1	1	1	1	1	1	1	1	1	1	1
OG0005672	2	1	1	2	0	1	1	1	1	2	1	1	1	1	1	1	1
OG0005673	1	1	1	2	1	1	1	1	1	1	1	1	1	1	1	1	1
OG0005674	2	2	1	1	0	1	1	1	1	2	1	1	1	1	1	1	1
OG0005675	1	1	0	2	1	1	2	1	1	1	1	1	1	1	1	1	1
OG0005676	1	1	1	2	1	1	1	1	1	1	1	1	1	1	1	1	1
OG0005678	1	1	1	1	1	1	2	1	1	1	1	1	1	1	1	1	1
OG0005679	1	1	1	2	1	1	1	1	1	1	1	1	1	1	1	1	1
OG0005681	1	2	0	2	1	1	1	1	1	1	1	1	1	1	1	1	1
OG0005682	1	1	1	2	1	1	1	1	1	1	1	1	1	1	1	1	1
OG0005683	1	2	1	1	1	1	1	1	1	1	1	1	1	1	1	1	1
OG0005684	2	1	1	2	0	1	1	1	1	2	1	1	1	1	1	1	1
OG0005685	1	0	2	2	1	1	1	1	1	1	1	1	1	1	1	1	1
OG0005686	1	2	1	1	1	1	1	1	1	1	1	1	1	1	1	1	1
OG0005687	1	1	1	2	0	1	2	1	1	1	1	1	1	1	1	1	1
OG0005688	1	1	1	2	1	1	1	1	1	1	1	1	1	1	1	1	1
OG0005689	1	2	1	2	0	1	1	1	1	1	1	1	1	1	1	1	1
OG0005690	1	1	1	2	1	1	1	1	1	1	1	1	1	1	1	1	1
OG0005691	1	1	1	2	1	1	1	1	1	1	1	1	1	1	1	1	1
OG0005692	1	1	1	2	1	1	1	1	1	1	1	1	1	1	1	1	1
OG0005693	1	1	1	2	1	1	1	1	1	1	1	1	1	1	1	1	1
OG0005694	1	1	1	2	1	1	1	1	1	1	1	1	1	1	1	1	1
OG0005695	1	2	1	1	1	1	1	1	1	1	1	1	1	1	1	1	1
OG0005696	1	1	1	2	1	1	1	1	1	1	1	1	1	1	1	1	1
OG0005697	1	2	1	1	1	1	1	1	1	1	1	1	1	1	1	1	1
OG0005698	1	2	1	2	0	1	1	1	1	1	1	1	1	1	1	1	1
OG0005699	2	1	1	2	0	1	1	1	1	2	1	1	1	1	1	1	1
OG0005700	1	2	1	2	0	1	1	1	1	1	1	1	1	1	1	1	1
OG0005701	1	1	1	2	1	1	1	1	1	1	1	1	1	1	1	1	1
OG0005702	1	2	1	1	1	1	1	1	1	1	1	1	1	1	1	1	1
OG0005703	1	1	1	2	1	1	1	1	1	1	1	1	1	1	1	1	1
OG0005704	1	1	1	2	1	1	1	1	1	1	1	1	1	1	1	1	1
OG0005705	1	1	1	2	1	1	1	1	1	1	1	1	1	1	1	1	1
OG0005706	1	1	0	2	1	1	2	1	1	1	1	1	1	1	1	1	1
OG0005708	2	1	2	2	3	0	0	0	0	2	2	2	2	2	0	0	0
OG0005709	1	1	1	2	1	1	1	1	1	1	1	1	1	1	1	1	1
OG0005710	1	2	1	1	1	1	1	1	1	1	1	1	1	1	1	1	1
OG0005711	1	3	1	1	1	1	1	1	0	1	1	1	1	1	1	1	1
OG0005713	1	1	1	1	2	1	1	1	1	1	1	1	1	1	1	1	1
OG0005714	1	1	1	1	2	1	1	1	1	1	1	1	1	1	1	1	1
OG0005716	1	3	1	1	0	1	1	1	1	1	1	1	1	1	1	1	1
OG0005717	1	2	1	1	1	1	1	1	1	1	1	1	1	1	1	1	1
OG0005718	1	2	1	1	1	1	1	1	1	1	1	1	1	1	1	1	1
OG0005719	1	1	1	2	1	1	1	1	1	1	1	1	1	1	1	1	1
OG0005720	2	2	0	1	1	1	1	1	1	2	1	1	1	1	1	1	1
OG0005721	1	1	0	2	2	1	1	1	1	1	1	1	1	1	1	1	1
OG0005722	1	1	1	1	2	1	1	1	1	1	1	1	1	1	1	1	1
OG0005723	1	1	1	2	1	1	1	1	1	1	1	1	1	1	1	1	1
OG0005724	1	1	1	2	1	1	1	1	1	1	1	1	1	1	1	1	1
OG0005725	1	1	1	2	1	1	1	1	1	1	1	1	1	1	1	1	1
OG0005726	1	1	1	1	2	1	1	1	1	1	1	1	1	1	1	1	1
OG0005727	1	2	1	1	1	1	1	1	1	1	1	1	1	1	1	1	1
OG0005728	1	1	1	2	1	1	1	1	1	1	1	1	1	1	1	1	1
OG0005729	1	1	1	2	1	1	1	1	1	1	1	1	1	1	1	1	1
OG0005731	1	2	1	2	1	1	1	1	0	1	1	1	1	1	1	1	1
OG0005733	1	1	1	2	1	1	1	1	1	1	1	1	1	1	1	1	1
OG0005734	1	1	1	2	1	1	1	1	1	1	1	1	1	1	1	1	1
OG0005735	1	1	1	1	2	1	1	1	1	1	1	1	1	1	1	1	1
OG0005736	1	2	1	1	1	1	1	1	1	1	1	1	1	1	1	1	1
OG0005737	1	1	1	2	1	1	1	1	1	1	1	1	1	1	1	1	1
OG0005738	2	1	1	1	1	1	1	1	1	2	1	1	1	1	1	1	1
OG0005739	1	1	1	2	2	1	1	1	0	1	1	1	1	1	1	1	1
OG0005741	1	3	0	2	0	1	1	1	1	1	1	1	1	1	1	1	1
OG0005744	1	1	1	2	1	1	1	1	1	1	1	1	1	1	1	1	1
OG0005745	1	1	1	2	1	1	1	1	1	1	1	1	1	1	1	1	1
OG0005746	1	1	1	2	1	1	1	1	1	1	1	1	1	1	1	1	1
OG0005747	1	2	1	1	1	1	1	1	1	1	1	1	1	1	1	1	1
OG0005748	1	1	1	1	2	1	1	1	1	1	1	1	1	1	1	1	1
OG0005749	1	1	1	2	1	1	1	1	1	1	1	1	1	1	1	1	1
OG0005750	1	1	1	2	1	1	1	1	1	1	1	1	1	1	1	1	1
OG0005751	1	1	1	2	1	1	1	1	1	1	1	1	1	1	1	1	1
OG0005752	1	1	1	1	2	1	1	1	1	1	1	1	1	1	1	1	1
OG0005753	1	2	1	1	1	1	1	1	1	1	1	1	1	1	1	1	1
OG0005755	1	1	2	2	0	1	1	1	1	1	1	1	1	1	1	1	1
OG0005756	3	1	1	2	3	0	0	0	0	3	2	2	2	2	0	0	0
OG0005757	1	1	1	1	1	1	1	1	2	1	1	1	1	1	1	1	1
OG0005759	1	1	1	2	1	1	1	1	1	1	1	1	1	1	1	1	1
OG0005760	1	1	1	2	1	1	1	1	1	1	1	1	1	1	1	1	1
OG0005761	1	1	1	2	1	1	1	1	1	1	1	1	1	1	1	1	1
OG0005762	1	1	1	2	1	1	1	1	1	1	1	1	1	1	1	1	1
OG0005763	1	1	1	2	2	1	1	1	0	1	1	1	1	1	1	1	1
OG0005765	2	2	1	1	0	1	1	1	1	2	1	1	1	1	1	1	1
OG0005766	1	1	1	2	1	1	1	1	1	1	1	1	1	1	1	1	1
OG0005767	1	1	1	1	2	1	1	1	1	1	1	1	1	1	1	1	1
OG0005768	2	1	1	1	1	1	1	1	1	2	1	1	1	1	1	1	1
OG0005769	1	1	1	2	1	1	1	1	1	1	1	1	1	1	1	1	1
OG0005770	1	1	1	2	1	1	1	1	1	1	1	1	1	1	1	1	1
OG0005771	1	1	1	2	1	1	1	1	1	1	1	1	1	1	1	1	1
OG0005772	1	2	0	2	1	1	1	1	1	1	1	1	1	1	1	1	1
OG0005773	1	1	1	2	1	1	1	1	1	1	1	1	1	1	1	1	1
OG0005774	2	1	1	1	1	1	1	1	1	2	1	1	1	1	1	1	1
OG0005775	1	1	1	1	2	1	1	1	1	1	1	1	1	1	1	1	1
OG0005776	1	1	1	2	1	1	1	1	1	1	1	1	1	1	1	1	1
OG0005777	1	3	1	1	1	1	1	1	0	1	1	1	1	1	1	1	1
OG0005778	1	1	1	2	1	1	1	1	1	1	1	1	1	1	1	1	1
OG0005779	1	1	1	2	1	1	1	1	1	1	1	1	1	1	1	1	1
OG0005780	1	2	0	2	0	1	2	1	1	1	1	1	1	1	1	1	1
OG0005781	1	1	1	2	1	1	1	1	1	1	1	1	1	1	1	1	1
OG0005782	2	1	1	1	1	1	1	1	1	2	1	1	1	1	1	1	1
OG0005783	1	1	1	1	2	1	1	1	1	1	1	1	1	1	1	1	1
OG0005784	1	0	1	2	1	1	1	2	1	1	1	1	1	1	1	1	1
OG0005785	1	2	1	2	0	1	1	1	1	1	1	1	1	1	1	1	1
OG0005786	1	1	1	2	1	1	1	1	1	1	1	1	1	1	1	1	1
OG0005788	2	2	1	1	0	1	1	1	1	2	1	1	1	1	1	1	1
OG0005789	2	1	1	2	1	1	1	1	0	2	1	1	1	1	1	1	1
OG0005790	1	1	1	2	1	1	1	1	1	1	1	1	1	1	1	1	1
OG0005791	1	2	1	1	1	1	1	1	1	1	1	1	1	1	1	1	1
OG0005792	1	1	1	2	1	1	1	1	1	1	1	1	1	1	1	1	1
OG0005794	1	1	1	2	1	1	1	1	1	1	1	1	1	1	1	1	1
OG0005795	1	2	1	2	0	1	1	1	1	1	1	1	1	1	1	1	1
OG0005796	1	1	1	2	1	1	1	1	1	1	1	1	1	1	1	1	1
OG0005798	1	1	1	2	1	1	1	1	1	1	1	1	1	1	1	1	1
OG0005799	1	1	1	2	1	1	1	1	1	1	1	1	1	1	1	1	1
OG0005800	1	1	1	2	1	1	1	1	1	1	1	1	1	1	1	1	1
OG0005801	1	0	1	2	1	1	2	1	1	1	1	1	1	1	1	1	1
OG0005802	1	1	1	2	2	1	1	0	1	1	1	1	1	1	1	1	1
OG0005803	1	1	1	2	1	1	1	1	1	1	1	1	1	1	1	1	1
OG0005804	1	2	1	2	0	1	1	1	1	1	1	1	1	1	1	1	1
OG0005805	1	2	1	1	1	1	1	1	1	1	1	1	1	1	1	1	1
OG0005806	1	1	1	2	1	1	1	1	1	1	1	1	1	1	1	1	1
OG0005807	1	1	1	2	1	1	1	1	1	1	1	1	1	1	1	1	1
OG0005808	1	1	1	2	1	1	1	1	1	1	1	1	1	1	1	1	1
OG0005809	1	1	0	2	2	1	1	1	1	1	1	1	1	1	1	1	1
OG0005810	1	1	1	1	2	1	1	1	1	1	1	1	1	1	1	1	1
OG0005812	1	1	1	2	1	1	1	1	1	1	1	1	1	1	1	1	1
OG0005814	1	2	1	1	1	1	1	1	1	1	1	1	1	1	1	1	1
OG0005816	1	2	1	1	1	1	1	1	1	1	1	1	1	1	1	1	1
OG0005818	1	1	1	2	1	1	1	1	1	1	1	1	1	1	1	1	1
OG0005819	1	1	1	2	1	1	1	1	1	1	1	1	1	1	1	1	1
OG0005821	1	1	0	2	2	1	1	1	1	1	1	1	1	1	1	1	1
OG0005822	1	1	1	2	1	1	1	1	1	1	1	1	1	1	1	1	1
OG0005823	1	1	1	2	1	1	1	1	1	1	1	1	1	1	1	1	1
OG0005824	1	1	1	2	1	1	1	1	1	1	1	1	1	1	1	1	1
OG0005825	1	1	1	2	1	1	1	1	1	1	1	1	1	1	1	1	1
OG0005826	1	1	1	2	1	1	1	1	1	1	1	1	1	1	1	1	1
OG0005828	1	1	1	1	2	1	1	1	1	1	1	1	1	1	1	1	1
OG0005829	1	1	1	2	1	1	1	1	1	1	1	1	1	1	1	1	1
OG0005830	1	1	1	2	1	1	1	1	1	1	1	1	1	1	1	1	1
OG0005831	1	1	1	2	1	1	1	1	1	1	1	1	1	1	1	1	1
OG0005833	1	1	1	2	1	1	1	1	1	1	1	1	1	1	1	1	1
OG0005834	1	2	1	1	1	1	1	1	1	1	1	1	1	1	1	1	1
OG0005835	1	1	1	2	1	1	1	1	1	1	1	1	1	1	1	1	1
OG0005836	1	3	1	1	0	1	1	1	1	1	1	1	1	1	1	1	1
OG0005837	1	1	1	2	1	1	1	1	1	1	1	1	1	1	1	1	1
OG0005838	1	1	1	2	1	1	1	1	1	1	1	1	1	1	1	1	1
OG0005839	1	1	1	2	1	1	1	1	1	1	1	1	1	1	1	1	1
OG0005840	1	2	1	2	1	1	0	1	1	1	1	1	1	1	1	1	1
OG0005842	1	1	1	2	1	1	1	1	1	1	1	1	1	1	1	1	1
OG0005843	1	1	1	2	2	1	1	0	1	1	1	1	1	1	1	1	1
OG0005844	1	1	1	2	1	1	1	1	1	1	1	1	1	1	1	1	1
OG0005846	1	1	0	2	2	1	1	1	1	1	1	1	1	1	1	1	1
OG0005848	1	1	1	2	1	1	1	1	1	1	1	1	1	1	1	1	1
OG0005849	1	1	1	2	1	1	1	1	1	1	1	1	1	1	1	1	1
OG0005850	1	2	0	2	1	1	1	1	1	1	1	1	1	1	1	1	1
OG0005851	1	1	1	2	1	1	1	1	1	1	1	1	1	1	1	1	1
OG0005852	1	2	1	2	0	1	1	1	1	1	1	1	1	1	1	1	1
OG0005853	1	1	1	2	1	1	1	1	1	1	1	1	1	1	1	1	1
OG0005854	1	0	1	2	2	1	1	1	1	1	1	1	1	1	1	1	1
OG0005855	1	1	1	2	1	1	1	1	1	1	1	1	1	1	1	1	1
OG0005856	1	1	1	2	1	1	1	1	1	1	1	1	1	1	1	1	1
OG0005857	1	0	2	2	1	1	1	1	1	1	1	1	1	1	1	1	1
OG0005859	2	2	1	1	0	1	1	1	1	2	1	1	1	1	1	1	1
OG0005860	1	2	1	2	0	1	1	1	1	1	1	1	1	1	1	1	1
OG0005861	2	1	2	1	0	1	1	1	1	2	1	1	1	1	1	1	1
OG0005862	1	2	1	2	0	1	1	1	1	1	1	1	1	1	1	1	1
OG0005863	1	2	1	2	0	1	1	1	1	1	1	1	1	1	1	1	1
OG0005864	1	1	1	1	2	1	1	1	1	1	1	1	1	1	1	1	1
OG0005865	1	1	1	2	1	1	1	1	1	1	1	1	1	1	1	1	1
OG0005866	1	2	1	1	1	1	1	1	1	1	1	1	1	1	1	1	1
OG0005867	1	1	1	2	1	1	1	1	1	1	1	1	1	1	1	1	1
OG0005868	1	1	1	2	1	1	1	1	1	1	1	1	1	1	1	1	1
OG0005872	1	1	1	1	2	1	1	1	1	1	1	1	1	1	1	1	1
OG0005875	1	1	1	2	1	1	1	1	1	1	1	1	1	1	1	1	1
OG0005876	1	1	1	2	1	1	1	1	1	1	1	1	1	1	1	1	1
OG0005879	1	1	1	2	1	1	1	1	1	1	1	1	1	1	1	1	1
OG0005880	1	1	1	2	1	1	1	1	1	1	1	1	1	1	1	1	1
OG0005881	1	2	1	2	0	1	1	1	1	1	1	1	1	1	1	1	1
OG0005882	1	1	1	2	1	1	1	1	1	1	1	1	1	1	1	1	1
OG0005883	1	1	1	2	1	1	1	1	1	1	1	1	1	1	1	1	1
OG0005884	1	1	1	2	1	1	1	1	1	1	1	1	1	1	1	1	1
OG0005885	1	1	1	2	1	1	1	1	1	1	1	1	1	1	1	1	1
OG0005886	1	2	1	2	0	1	1	1	1	1	1	1	1	1	1	1	1
OG0005887	1	1	1	2	1	1	1	1	1	1	1	1	1	1	1	1	1
OG0005888	1	1	1	1	2	1	1	1	1	1	1	1	1	1	1	1	1
OG0005889	1	1	1	2	1	1	1	1	1	1	1	1	1	1	1	1	1
OG0005890	2	1	1	1	1	1	1	1	1	2	1	1	1	1	1	1	1
OG0005891	1	1	1	2	1	1	1	1	1	1	1	1	1	1	1	1	1
OG0005892	2	1	0	2	1	1	1	1	1	2	1	1	1	1	1	1	1
OG0005894	1	0	1	2	1	2	0	2	1	1	1	1	1	1	2	2	2
OG0005895	2	1	1	2	0	1	1	1	1	2	1	1	1	1	1	1	1
OG0005896	1	2	1	1	1	1	1	1	1	1	1	1	1	1	1	1	1
OG0005897	1	1	0	3	1	1	1	1	1	1	1	1	1	1	1	1	1
OG0005899	1	1	1	2	1	1	1	1	1	1	1	1	1	1	1	1	1
OG0005900	1	1	1	2	1	1	1	1	1	1	1	1	1	1	1	1	1
OG0005902	1	2	1	1	1	1	1	1	1	1	1	1	1	1	1	1	1
OG0005903	2	2	1	1	0	1	1	1	1	2	1	1	1	1	1	1	1
OG0005904	1	1	1	2	0	1	2	1	1	1	1	1	1	1	1	1	1
OG0005905	1	1	1	2	1	1	1	1	1	1	1	1	1	1	1	1	1
OG0005907	1	1	1	2	2	1	0	1	1	1	1	1	1	1	1	1	1
OG0005908	1	2	1	1	2	1	0	1	1	1	1	1	1	1	1	1	1
OG0005909	1	1	1	1	2	1	1	1	1	1	1	1	1	1	1	1	1
OG0005910	1	2	1	2	0	1	1	1	1	1	1	1	1	1	1	1	1
OG0005911	1	1	1	2	1	1	1	1	1	1	1	1	1	1	1	1	1
OG0005912	1	1	1	2	1	1	1	1	1	1	1	1	1	1	1	1	1
OG0005913	1	1	1	2	1	1	1	1	1	1	1	1	1	1	1	1	1
OG0005914	1	2	1	2	0	1	1	1	1	1	1	1	1	1	1	1	1
OG0005916	1	1	1	2	1	1	1	1	1	1	1	1	1	1	1	1	1
OG0005918	1	2	1	2	1	1	0	1	1	1	1	1	1	1	1	1	1
OG0005919	2	1	1	2	0	1	1	1	1	2	1	1	1	1	1	1	1
OG0005920	1	2	1	1	1	1	1	1	1	1	1	1	1	1	1	1	1
OG0005921	1	2	1	2	1	1	0	1	1	1	1	1	1	1	1	1	1
OG0005922	1	1	2	2	0	1	1	1	1	1	1	1	1	1	1	1	1
OG0005923	1	3	1	1	1	2	0	0	1	1	1	1	1	1	1	1	1
OG0005924	1	2	1	1	1	1	1	1	1	1	1	1	1	1	1	1	1
OG0005925	1	2	1	2	0	1	1	1	1	1	1	1	1	1	1	1	1
OG0005926	1	1	1	2	1	1	1	1	1	1	1	1	1	1	1	1	1
OG0005927	1	4	1	1	0	0	1	1	1	1	1	1	1	1	1	1	1
OG0005930	1	2	1	1	1	1	1	1	1	1	1	1	1	1	1	1	1
OG0005931	1	2	1	2	0	1	1	1	1	1	1	1	1	1	1	1	1
OG0005932	2	1	1	2	0	1	1	1	1	2	1	1	1	1	1	1	1
OG0005933	1	1	1	2	1	1	1	1	1	1	1	1	1	1	1	1	1
OG0005934	1	1	1	1	2	1	1	1	1	1	1	1	1	1	1	1	1
OG0005935	1	1	1	2	1	1	1	1	1	1	1	1	1	1	1	1	1
OG0005936	1	1	1	2	1	1	1	1	1	1	1	1	1	1	1	1	1
OG0005937	1	1	1	2	1	1	1	1	1	1	1	1	1	1	1	1	1
OG0005938	1	1	1	2	1	1	1	1	1	1	1	1	1	1	1	1	1
OG0005939	1	1	1	2	1	1	1	1	1	1	1	1	1	1	1	1	1
OG0005941	1	1	0	2	2	1	1	1	1	1	1	1	1	1	1	1	1
OG0005943	1	1	1	2	1	1	1	1	1	1	1	1	1	1	1	1	1
OG0005944	1	1	1	2	1	1	1	1	1	1	1	1	1	1	1	1	1
OG0005945	1	1	1	2	1	1	1	1	1	1	1	1	1	1	1	1	1
OG0005946	1	1	1	2	1	1	1	1	1	1	1	1	1	1	1	1	1
OG0005947	1	1	1	2	1	1	1	1	1	1	1	1	1	1	1	1	1
OG0005948	2	1	1	1	1	1	1	1	1	2	1	1	1	1	1	1	1
OG0005949	1	1	1	2	1	1	1	1	1	1	1	1	1	1	1	1	1
OG0005950	1	1	1	2	1	1	1	1	1	1	1	1	1	1	1	1	1
OG0005951	1	1	1	2	1	1	1	1	1	1	1	1	1	1	1	1	1
OG0005952	1	1	1	2	1	1	1	1	1	1	1	1	1	1	1	1	1
OG0005953	1	1	1	1	2	1	1	1	1	1	1	1	1	1	1	1	1
OG0005956	1	1	1	2	0	1	2	1	1	1	1	1	1	1	1	1	1
OG0005958	1	1	1	1	2	1	1	1	1	1	1	1	1	1	1	1	1
OG0005959	1	1	1	2	1	1	1	1	1	1	1	1	1	1	1	1	1
OG0005960	1	2	1	2	0	1	1	1	1	1	1	1	1	1	1	1	1
OG0005961	1	1	1	2	1	1	1	1	1	1	1	1	1	1	1	1	1
OG0005962	1	1	1	2	1	1	1	1	1	1	1	1	1	1	1	1	1
OG0005963	1	1	1	2	1	1	1	1	1	1	1	1	1	1	1	1	1
OG0005964	1	1	1	2	1	1	1	1	1	1	1	1	1	1	1	1	1
OG0005965	1	1	1	2	1	1	1	1	1	1	1	1	1	1	1	1	1
OG0005966	1	2	1	1	1	1	1	1	1	1	1	1	1	1	1	1	1
OG0005967	2	1	1	2	0	1	1	1	1	2	1	1	1	1	1	1	1
OG0005968	1	1	1	2	1	1	1	1	1	1	1	1	1	1	1	1	1
OG0005969	1	1	1	2	1	1	1	1	1	1	1	1	1	1	1	1	1
OG0005970	1	1	1	2	1	1	1	1	1	1	1	1	1	1	1	1	1
OG0005971	2	0	1	2	5	0	0	0	0	2	1	1	1	2	0	0	0
OG0005972	1	1	1	2	1	1	1	1	1	1	1	1	1	1	1	1	1
OG0005973	1	1	2	2	0	1	1	1	1	1	1	1	1	1	1	1	1
OG0005974	1	3	1	1	0	1	1	1	1	1	1	1	1	1	1	1	1
OG0005975	1	1	1	2	1	1	1	1	1	1	1	1	1	1	1	1	1
OG0005976	1	1	1	2	1	1	1	1	1	1	1	1	1	1	1	1	1
OG0005977	2	2	1	1	0	1	1	1	1	2	1	1	1	1	1	1	1
OG0005979	1	1	1	1	2	1	1	1	1	1	1	1	1	1	1	1	1
OG0005980	2	1	1	1	1	1	1	1	1	2	1	1	1	1	1	1	1
OG0005981	1	2	1	1	1	1	1	1	1	1	1	1	1	1	1	1	1
OG0005982	1	2	1	2	0	1	1	1	1	1	1	1	1	1	1	1	1
OG0005983	1	1	1	2	1	1	1	1	1	1	1	1	1	1	1	1	1
OG0005985	1	1	1	1	2	1	1	1	1	1	1	1	1	1	1	1	1
OG0005986	1	2	1	2	1	1	1	1	0	1	1	1	1	1	1	1	1
OG0005987	1	1	1	2	1	1	1	1	1	1	1	1	1	1	1	1	1
OG0005988	1	1	1	2	1	1	1	1	1	1	1	1	1	1	1	1	1
OG0005989	1	1	1	2	1	1	1	1	1	1	1	1	1	1	1	1	1
OG0005990	1	1	1	2	1	1	1	1	1	1	1	1	1	1	1	1	1
OG0005991	1	2	1	1	1	1	1	1	1	1	1	1	1	1	1	1	1
OG0005992	1	2	1	1	0	1	1	1	2	1	1	1	1	1	1	1	1
OG0005994	1	1	1	1	2	1	1	1	1	1	1	1	1	1	1	1	1
OG0005996	2	1	1	2	0	1	1	1	1	2	1	1	1	1	1	1	1
OG0005997	1	2	1	2	0	1	1	1	1	1	1	1	1	1	1	1	1
OG0005999	1	2	1	2	0	2	1	1	0	1	1	1	1	1	1	1	1
OG0006001	1	2	1	1	1	1	1	1	1	1	1	1	1	1	1	1	1
OG0006002	1	2	1	2	1	1	1	1	0	1	1	1	1	1	1	1	1
OG0006003	1	2	1	1	1	1	1	1	1	1	1	1	1	1	1	1	1
OG0006004	1	1	1	2	2	1	1	1	0	1	1	1	1	1	1	1	1
OG0006006	1	1	1	2	1	1	1	1	1	1	1	1	1	1	1	1	1
OG0006007	1	1	1	2	1	1	1	1	1	1	1	1	1	1	1	1	1
OG0006008	1	2	1	1	1	1	1	1	1	1	1	1	1	1	1	1	1
OG0006009	2	1	1	2	0	1	1	1	1	2	1	1	1	1	1	1	1
OG0006010	1	1	1	2	2	1	1	1	0	1	1	1	1	1	1	1	1
OG0006011	1	2	1	2	1	1	1	1	0	1	1	1	1	1	1	1	1
OG0006012	1	1	1	1	2	1	1	1	1	1	1	1	1	1	1	1	1
OG0006013	2	2	1	1	0	1	1	1	1	2	1	1	1	1	1	1	1
OG0006014	1	1	1	2	1	1	1	1	1	1	1	1	1	1	1	1	1
OG0006015	2	3	1	0	0	1	1	1	1	2	1	1	1	0	1	1	1
OG0006016	1	3	1	0	1	1	1	1	1	1	1	1	1	1	1	1	1
OG0006019	1	5	0	0	0	1	1	1	1	1	1	1	0	0	1	1	1
OG0006022	1	3	1	0	1	1	1	1	1	1	1	1	1	1	1	1	1
OG0006024	1	1	2	0	2	1	1	1	1	1	1	1	1	1	1	1	1
OG0006027	1	1	2	0	2	1	1	1	1	1	1	1	1	1	1	1	1
OG0006029	1	4	1	0	0	1	1	1	1	1	1	1	1	0	1	1	1
OG0006033	2	1	3	0	0	1	1	1	1	2	1	1	1	0	1	1	1
OG0006035	1	2	1	0	2	1	1	1	1	1	1	1	1	1	1	1	1
OG0006036	1	3	2	0	0	1	1	1	1	1	1	1	1	0	1	1	1
OG0006038	1	0	1	0	0	2	2	2	2	1	1	1	1	0	2	2	2
OG0006039	1	1	1	0	3	1	1	1	1	1	1	1	1	1	1	1	1
OG0006041	1	1	3	0	1	1	1	1	1	1	1	1	1	1	1	1	1
OG0006042	1	3	1	0	1	1	1	1	1	1	1	1	1	1	1	1	1
OG0006043	1	3	1	0	1	1	1	1	1	1	1	1	1	1	1	1	1
OG0006044	1	2	1	0	1	1	1	1	2	1	1	1	1	1	1	1	1
OG0006045	1	2	1	0	1	1	2	1	1	1	1	1	1	1	1	1	1
OG0006046	1	2	0	0	0	2	1	2	2	1	1	1	0	0	2	2	2
OG0006048	1	4	0	0	0	2	1	1	1	1	1	1	0	0	1	1	1
OG0006049	1	2	2	0	2	1	1	1	0	1	1	1	1	1	1	1	1
OG0006053	1	4	1	0	0	1	1	1	1	1	1	1	1	0	1	1	1
OG0006054	1	1	2	0	2	1	1	1	1	1	1	1	1	1	1	1	1
OG0006057	1	1	1	0	3	1	1	1	1	1	1	1	1	1	1	1	1
OG0006058	1	1	1	0	2	1	1	1	2	1	1	1	1	1	1	1	1
OG0006059	1	0	1	0	0	1	2	2	3	1	1	1	1	0	2	2	2
OG0006060	2	3	1	0	0	1	1	1	1	2	1	1	1	0	1	1	1
OG0006061	3	0	0	0	2	1	2	1	1	2	1	1	1	1	1	1	1
OG0006063	1	1	1	0	3	1	1	1	1	1	1	1	1	1	1	1	1
OG0006064	1	1	0	0	4	1	1	1	1	1	1	1	1	1	1	1	1
OG0006065	2	1	1	0	2	1	1	1	1	2	1	1	1	1	1	1	1
OG0006066	3	2	1	0	0	1	1	1	1	2	1	1	1	0	1	1	1
OG0006067	2	1	0	0	3	1	1	1	1	2	1	1	1	1	1	1	1
OG0006068	1	2	1	0	2	1	1	1	1	1	1	1	1	1	1	1	1
OG0006071	1	2	1	0	2	1	1	1	1	1	1	1	1	1	1	1	1
OG0006073	1	2	1	0	0	1	2	2	1	1	1	1	1	0	1	1	1
OG0006074	1	1	0	0	2	1	1	1	3	1	1	1	1	1	1	1	1
OG0006075	8	0	1	0	0	0	0	1	0	4	1	1	1	0	1	0	1
OG0006076	1	3	1	0	1	1	1	1	1	1	1	1	1	1	1	1	1
OG0006078	1	3	1	0	1	1	1	1	1	1	1	1	1	1	1	1	1
OG0006088	1	0	0	0	9	0	0	0	0	1	1	1	1	1	0	0	0
OG0006091	1	3	1	0	5	0	0	0	0	1	1	1	1	1	0	0	0
OG0006102	6	3	1	0	0	0	0	0	0	3	1	1	1	0	0	0	0
OG0006110	1	5	4	0	0	0	0	0	0	1	1	1	1	0	0	0	0
OG0006130	6	4	0	0	0	0	0	0	0	3	1	1	0	0	0	0	0
OG0006156	8	0	2	0	0	0	0	0	0	4	1	1	1	0	0	0	0
OG0006164	1	1	1	2	1	1	1	1	0	1	1	1	1	1	1	1	1
OG0006165	1	1	0	2	1	1	1	1	1	1	1	1	1	1	1	1	1
OG0006167	1	2	1	2	0	1	1	1	0	1	1	1	1	1	1	1	1
OG0006168	1	1	1	2	0	1	1	1	1	1	1	1	1	1	1	1	1
OG0006171	1	1	1	2	0	1	1	1	1	1	1	1	1	1	1	1	1
OG0006172	1	1	1	2	0	1	1	1	1	1	1	1	1	1	1	1	1
OG0006174	1	1	1	2	0	1	1	1	1	1	1	1	1	1	1	1	1
OG0006175	1	1	0	1	2	1	1	1	1	1	1	1	1	1	1	1	1
OG0006176	1	1	1	2	1	1	1	1	0	1	1	1	1	1	1	1	1
OG0006177	1	2	1	1	0	1	1	1	1	1	1	1	1	1	1	1	1
OG0006178	1	1	1	2	0	1	1	1	1	1	1	1	1	1	1	1	1
OG0006179	1	1	1	1	1	1	1	1	1	1	1	1	1	1	1	1	1
OG0006180	1	1	1	2	0	1	1	1	1	1	1	1	1	1	1	1	1
OG0006181	1	1	1	2	1	1	1	1	0	1	1	1	1	1	1	1	1
OG0006184	1	1	1	2	0	1	1	1	1	1	1	1	1	1	1	1	1
OG0006185	1	2	1	2	1	0	1	1	0	1	1	1	1	1	1	1	1
OG0006186	1	1	1	2	0	1	1	1	1	1	1	1	1	1	1	1	1
OG0006190	1	0	2	2	0	1	1	1	1	1	1	1	1	1	1	1	1
OG0006191	1	1	1	1	1	1	1	1	1	1	1	1	1	1	1	1	1
OG0006192	1	3	1	2	2	0	0	0	0	1	1	1	1	1	0	0	0
OG0006195	1	1	1	1	1	1	1	1	1	1	1	1	1	1	1	1	1
OG0006196	1	1	1	1	1	1	1	1	1	1	1	1	1	1	1	1	1
OG0006200	1	1	2	2	3	0	0	0	0	1	1	1	2	2	0	0	0
OG0006201	1	2	1	1	1	1	1	1	0	1	1	1	1	1	1	1	1
OG0006203	1	5	1	1	1	0	0	0	0	1	1	1	1	1	0	0	0
OG0006204	1	2	1	1	0	1	1	1	1	1	1	1	1	1	1	1	1
OG0006205	1	1	1	2	0	1	1	1	1	1	1	1	1	1	1	1	1
OG0006206	1	1	1	1	1	1	1	1	1	1	1	1	1	1	1	1	1
OG0006207	1	1	1	2	0	2	1	1	0	1	1	1	1	1	1	1	1
OG0006210	1	1	1	1	1	1	1	1	1	1	1	1	1	1	1	1	1
OG0006211	1	1	1	2	1	1	1	1	0	1	1	1	1	1	1	1	1
OG0006212	1	1	1	1	1	1	1	1	1	1	1	1	1	1	1	1	1
OG0006213	1	1	1	1	1	1	1	1	1	1	1	1	1	1	1	1	1
OG0006215	1	1	1	2	0	1	1	1	1	1	1	1	1	1	1	1	1
OG0006216	2	1	1	1	0	1	1	1	1	2	1	1	1	1	1	1	1
OG0006218	1	1	0	2	1	1	1	1	1	1	1	1	1	1	1	1	1
OG0006219	1	1	1	1	2	1	0	1	1	1	1	1	1	1	1	1	1
OG0006220	1	1	1	1	1	1	1	1	1	1	1	1	1	1	1	1	1
OG0006222	1	1	1	2	0	1	1	1	1	1	1	1	1	1	1	1	1
OG0006224	1	0	1	1	2	1	1	1	1	1	1	1	1	1	1	1	1
OG0006225	1	1	1	2	4	0	0	0	0	1	1	1	1	2	0	0	0
OG0006226	1	1	1	1	1	1	1	1	1	1	1	1	1	1	1	1	1
OG0006228	1	1	1	2	0	1	1	1	1	1	1	1	1	1	1	1	1
OG0006232	1	0	1	2	0	1	1	1	2	1	1	1	1	1	1	1	1
OG0006235	1	1	1	2	0	1	1	1	1	1	1	1	1	1	1	1	1
OG0006238	1	1	1	1	1	1	1	1	1	1	1	1	1	1	1	1	1
OG0006241	1	1	1	1	1	1	1	1	1	1	1	1	1	1	1	1	1
OG0006243	1	1	1	2	0	1	1	1	1	1	1	1	1	1	1	1	1
OG0006245	1	2	1	1	0	1	1	1	1	1	1	1	1	1	1	1	1
OG0006246	1	0	1	2	1	1	1	1	1	1	1	1	1	1	1	1	1
OG0006247	1	2	1	1	0	1	1	1	1	1	1	1	1	1	1	1	1
OG0006250	1	0	1	1	2	1	1	1	1	1	1	1	1	1	1	1	1
OG0006253	1	1	1	1	1	1	1	1	1	1	1	1	1	1	1	1	1
OG0006254	1	1	1	2	1	1	0	1	1	1	1	1	1	1	1	1	1
OG0006255	1	1	1	2	0	1	1	1	1	1	1	1	1	1	1	1	1
OG0006257	1	2	1	2	1	1	0	1	0	1	1	1	1	1	1	1	1
OG0006258	1	1	1	2	1	1	0	1	1	1	1	1	1	1	1	1	1
OG0006259	1	1	1	2	0	1	1	1	1	1	1	1	1	1	1	1	1
OG0006260	1	1	1	2	0	1	1	1	1	1	1	1	1	1	1	1	1
OG0006262	1	1	1	2	1	1	1	1	0	1	1	1	1	1	1	1	1
OG0006263	1	5	1	2	0	0	0	0	0	1	1	1	1	1	0	0	0
OG0006264	1	1	1	2	1	1	0	1	1	1	1	1	1	1	1	1	1
OG0006265	1	1	1	1	1	1	1	1	1	1	1	1	1	1	1	1	1
OG0006266	1	1	1	1	5	0	0	0	0	1	1	1	1	1	0	0	0
OG0006267	1	2	1	1	1	1	0	1	1	1	1	1	1	1	1	1	1
OG0006268	1	1	1	2	1	1	0	1	1	1	1	1	1	1	1	1	1
OG0006269	1	1	1	2	0	1	1	1	1	1	1	1	1	1	1	1	1
OG0006271	1	1	1	2	0	1	1	1	1	1	1	1	1	1	1	1	1
OG0006273	1	1	1	1	1	1	1	1	1	1	1	1	1	1	1	1	1
OG0006274	1	1	1	2	0	1	1	1	1	1	1	1	1	1	1	1	1
OG0006275	1	2	1	1	0	1	1	1	1	1	1	1	1	1	1	1	1
OG0006276	1	1	1	2	4	0	0	0	0	1	1	1	1	2	0	0	0
OG0006277	1	1	1	1	1	1	1	1	1	1	1	1	1	1	1	1	1
OG0006278	1	1	1	2	1	1	1	1	0	1	1	1	1	1	1	1	1
OG0006284	1	1	1	2	0	1	1	1	1	1	1	1	1	1	1	1	1
OG0006285	1	1	1	2	0	1	1	1	1	1	1	1	1	1	1	1	1
OG0006286	1	1	1	1	1	1	1	1	1	1	1	1	1	1	1	1	1
OG0006287	1	1	1	2	0	1	1	1	1	1	1	1	1	1	1	1	1
OG0006288	1	1	1	2	0	1	1	1	1	1	1	1	1	1	1	1	1
OG0006289	1	2	0	2	0	1	1	1	1	1	1	1	1	1	1	1	1
OG0006290	1	2	1	2	3	0	0	0	0	1	1	1	1	2	0	0	0
OG0006291	1	1	1	2	0	1	1	1	1	1	1	1	1	1	1	1	1
OG0006292	1	1	1	1	1	1	1	1	1	1	1	1	1	1	1	1	1
OG0006293	1	1	0	1	1	1	1	1	2	1	1	1	1	1	1	1	1
OG0006295	1	1	1	1	1	1	1	1	1	1	1	1	1	1	1	1	1
OG0006296	1	2	1	1	0	1	1	1	1	1	1	1	1	1	1	1	1
OG0006297	1	1	1	1	1	1	1	1	1	1	1	1	1	1	1	1	1
OG0006298	1	0	1	2	0	1	2	1	1	1	1	1	1	1	1	1	1
OG0006301	1	1	1	1	1	1	1	1	1	1	1	1	1	1	1	1	1
OG0006302	1	1	1	2	0	1	1	1	1	1	1	1	1	1	1	1	1
OG0006303	1	1	1	1	1	1	1	1	1	1	1	1	1	1	1	1	1
OG0006304	1	1	1	2	0	1	1	1	1	1	1	1	1	1	1	1	1
OG0006306	1	0	1	1	2	1	1	1	1	1	1	1	1	1	1	1	1
OG0006307	1	1	1	1	1	1	1	1	1	1	1	1	1	1	1	1	1
OG0006308	1	1	1	2	0	1	1	1	1	1	1	1	1	1	1	1	1
OG0006309	1	1	1	1	1	1	1	1	1	1	1	1	1	1	1	1	1
OG0006310	1	1	1	2	0	1	1	1	1	1	1	1	1	1	1	1	1
OG0006311	1	1	2	1	0	1	1	1	1	1	1	1	1	1	1	1	1
OG0006313	1	2	1	1	0	1	1	1	1	1	1	1	1	1	1	1	1
OG0006314	1	2	1	1	0	1	1	1	1	1	1	1	1	1	1	1	1
OG0006317	1	1	1	1	1	1	1	1	1	1	1	1	1	1	1	1	1
OG0006318	1	1	1	2	0	1	1	1	1	1	1	1	1	1	1	1	1
OG0006320	1	1	1	2	1	1	1	1	0	1	1	1	1	1	1	1	1
OG0006321	1	0	1	2	1	1	1	1	1	1	1	1	1	1	1	1	1
OG0006322	1	1	1	1	1	1	1	1	1	1	1	1	1	1	1	1	1
OG0006324	1	1	1	2	0	1	1	1	1	1	1	1	1	1	1	1	1
OG0006325	1	3	0	1	1	1	1	1	0	1	1	1	1	1	1	1	1
OG0006326	1	2	1	2	0	1	1	1	0	1	1	1	1	1	1	1	1
OG0006330	2	3	1	2	1	0	0	0	0	2	2	2	2	2	0	0	0
OG0006331	1	1	1	2	0	1	1	1	1	1	1	1	1	1	1	1	1
OG0006332	1	1	1	1	1	1	1	1	1	1	1	1	1	1	1	1	1
OG0006334	1	1	1	1	1	1	1	1	1	1	1	1	1	1	1	1	1
OG0006335	1	1	1	1	1	1	1	1	1	1	1	1	1	1	1	1	1
OG0006336	1	1	1	2	0	1	1	1	1	1	1	1	1	1	1	1	1
OG0006337	1	1	1	2	0	1	1	1	1	1	1	1	1	1	1	1	1
OG0006338	1	0	2	1	1	1	1	1	1	1	1	1	1	1	1	1	1
OG0006339	1	2	1	1	0	1	1	1	1	1	1	1	1	1	1	1	1
OG0006340	1	1	1	2	0	1	1	1	1	1	1	1	1	1	1	1	1
OG0006341	1	1	1	1	1	1	1	1	1	1	1	1	1	1	1	1	1
OG0006343	2	1	1	1	0	1	1	1	1	2	1	1	1	1	1	1	1
OG0006344	1	1	1	1	1	1	1	1	1	1	1	1	1	1	1	1	1
OG0006345	1	2	1	1	0	1	1	1	1	1	1	1	1	1	1	1	1
OG0006346	1	1	1	2	0	1	1	1	1	1	1	1	1	1	1	1	1
OG0006348	1	1	1	2	0	1	1	1	1	1	1	1	1	1	1	1	1
OG0006350	1	2	0	1	1	1	1	1	1	1	1	1	1	1	1	1	1
OG0006353	1	1	1	2	0	1	1	1	1	1	1	1	1	1	1	1	1
OG0006354	1	1	1	2	0	1	1	1	1	1	1	1	1	1	1	1	1
OG0006356	1	1	1	2	0	1	1	1	1	1	1	1	1	1	1	1	1
OG0006358	1	2	1	1	0	1	1	1	1	1	1	1	1	1	1	1	1
OG0006359	1	1	1	1	1	1	1	1	1	1	1	1	1	1	1	1	1
OG0006360	1	0	1	2	1	1	1	1	1	1	1	1	1	1	1	1	1
OG0006363	1	2	1	1	0	1	1	1	1	1	1	1	1	1	1	1	1
OG0006365	1	1	1	1	1	1	1	1	1	1	1	1	1	1	1	1	1
OG0006366	1	1	1	1	1	1	1	1	1	1	1	1	1	1	1	1	1
OG0006367	1	1	1	1	0	1	1	1	2	1	1	1	1	1	1	1	1
OG0006368	4	0	0	5	0	0	0	0	0	3	1	1	1	1	0	0	0
OG0006369	1	1	1	1	1	1	1	1	1	1	1	1	1	1	1	1	1
OG0006370	1	1	2	2	3	0	0	0	0	1	1	1	2	2	0	0	0
OG0006371	1	1	2	1	0	1	1	1	1	1	1	1	1	1	1	1	1
OG0006372	2	1	1	1	0	1	1	1	1	2	1	1	1	1	1	1	1
OG0006373	1	1	1	1	1	1	1	1	1	1	1	1	1	1	1	1	1
OG0006374	1	1	1	2	1	0	1	1	1	1	1	1	1	1	1	1	1
OG0006375	1	1	1	1	1	1	1	1	1	1	1	1	1	1	1	1	1
OG0006377	1	1	1	1	1	1	1	1	1	1	1	1	1	1	1	1	1
OG0006379	1	1	1	2	0	1	1	1	1	1	1	1	1	1	1	1	1
OG0006380	2	0	1	5	1	0	0	0	0	2	1	1	1	1	0	0	0
OG0006381	1	1	1	1	1	1	1	1	1	1	1	1	1	1	1	1	1
OG0006382	2	1	1	1	0	1	1	1	1	2	1	1	1	1	1	1	1
OG0006384	1	1	1	2	1	1	1	1	0	1	1	1	1	1	1	1	1
OG0006385	1	1	1	1	1	1	1	1	1	1	1	1	1	1	1	1	1
OG0006388	7	0	0	2	0	0	0	0	0	4	1	1	1	1	0	0	0
OG0006389	1	1	1	2	0	1	1	1	1	1	1	1	1	1	1	1	1
OG0006391	1	1	1	3	3	0	0	0	0	1	1	1	1	2	0	0	0
OG0006392	1	1	0	5	2	0	0	0	0	1	1	1	1	2	0	0	0
OG0006398	1	1	1	2	0	1	1	1	1	1	1	1	1	1	1	1	1
OG0006402	1	1	1	1	1	1	1	1	1	1	1	1	1	1	1	1	1
OG0006403	1	1	1	1	1	1	1	1	1	1	1	1	1	1	1	1	1
OG0006404	1	1	1	1	1	1	1	1	1	1	1	1	1	1	1	1	1
OG0006405	1	2	1	2	0	1	1	1	0	1	1	1	1	1	1	1	1
OG0006409	1	1	1	2	0	1	1	1	1	1	1	1	1	1	1	1	1
OG0006410	2	0	1	2	4	0	0	0	0	2	1	1	1	2	0	0	0
OG0006411	1	1	1	1	1	1	1	1	1	1	1	1	1	1	1	1	1
OG0006413	1	1	1	1	1	1	1	1	1	1	1	1	1	1	1	1	1
OG0006414	1	1	1	1	1	1	1	1	1	1	1	1	1	1	1	1	1
OG0006415	1	2	1	1	0	1	1	1	1	1	1	1	1	1	1	1	1
OG0006417	1	2	1	1	0	1	1	1	1	1	1	1	1	1	1	1	1
OG0006418	1	1	1	1	1	1	1	1	1	1	1	1	1	1	1	1	1
OG0006419	1	1	1	2	0	1	1	1	1	1	1	1	1	1	1	1	1
OG0006420	1	1	1	2	0	1	1	1	1	1	1	1	1	1	1	1	1
OG0006421	1	1	1	2	0	1	1	1	1	1	1	1	1	1	1	1	1
OG0006423	1	1	1	1	1	1	1	1	1	1	1	1	1	1	1	1	1
OG0006424	1	0	1	2	1	1	1	1	1	1	1	1	1	1	1	1	1
OG0006425	1	1	0	1	1	1	2	1	1	1	1	1	1	1	1	1	1
OG0006426	1	0	0	2	2	1	1	1	1	1	1	1	1	1	1	1	1
OG0006427	1	1	1	2	0	1	1	1	1	1	1	1	1	1	1	1	1
OG0006428	1	1	1	2	0	1	1	1	1	1	1	1	1	1	1	1	1
OG0006429	2	2	2	1	2	0	0	0	0	2	2	2	2	2	0	0	0
OG0006432	1	2	1	1	0	1	1	1	1	1	1	1	1	1	1	1	1
OG0006433	2	1	2	3	1	0	0	0	0	2	2	2	2	2	0	0	0
OG0006434	1	3	0	1	0	1	1	1	1	1	1	1	1	1	1	1	1
OG0006435	1	1	1	1	1	1	1	1	1	1	1	1	1	1	1	1	1
OG0006436	1	1	1	2	0	1	1	1	1	1	1	1	1	1	1	1	1
OG0006438	1	0	1	2	1	1	1	1	1	1	1	1	1	1	1	1	1
OG0006439	1	1	1	1	1	1	1	1	1	1	1	1	1	1	1	1	1
OG0006440	1	1	1	1	1	1	1	1	1	1	1	1	1	1	1	1	1
OG0006441	1	1	1	2	0	1	1	1	1	1	1	1	1	1	1	1	1
OG0006442	1	2	0	1	1	1	1	1	1	1	1	1	1	1	1	1	1
OG0006444	1	2	1	1	0	1	1	1	1	1	1	1	1	1	1	1	1
OG0006445	1	2	1	1	0	1	1	1	1	1	1	1	1	1	1	1	1
OG0006446	1	1	1	2	0	1	1	1	1	1	1	1	1	1	1	1	1
OG0006448	1	1	1	2	0	1	1	1	1	1	1	1	1	1	1	1	1
OG0006449	1	1	1	2	0	1	1	1	1	1	1	1	1	1	1	1	1
OG0006450	1	1	1	2	0	1	1	1	1	1	1	1	1	1	1	1	1
OG0006451	1	1	1	2	0	1	1	1	1	1	1	1	1	1	1	1	1
OG0006454	1	1	1	1	1	1	1	1	1	1	1	1	1	1	1	1	1
OG0006455	1	1	1	1	1	1	1	1	1	1	1	1	1	1	1	1	1
OG0006456	1	0	1	2	0	1	2	1	1	1	1	1	1	1	1	1	1
OG0006457	1	1	1	1	1	1	1	1	1	1	1	1	1	1	1	1	1
OG0006458	1	1	0	2	1	1	1	1	1	1	1	1	1	1	1	1	1
OG0006460	1	1	1	1	1	1	1	1	1	1	1	1	1	1	1	1	1
OG0006462	2	1	1	1	0	1	1	1	1	2	1	1	1	1	1	1	1
OG0006464	1	1	1	2	0	1	1	1	1	1	1	1	1	1	1	1	1
OG0006465	1	1	1	2	1	0	1	1	1	1	1	1	1	1	1	1	1
OG0006466	1	2	1	1	0	1	1	1	1	1	1	1	1	1	1	1	1
OG0006470	1	1	1	2	1	1	1	1	0	1	1	1	1	1	1	1	1
OG0006472	1	1	1	1	1	1	1	1	1	1	1	1	1	1	1	1	1
OG0006476	1	1	1	2	1	1	0	1	1	1	1	1	1	1	1	1	1
OG0006477	1	1	1	2	0	1	1	1	1	1	1	1	1	1	1	1	1
OG0006479	1	6	0	2	0	0	0	0	0	1	1	1	1	1	0	0	0
OG0006480	1	1	1	2	1	1	1	1	0	1	1	1	1	1	1	1	1
OG0006481	1	3	0	1	0	1	1	1	1	1	1	1	1	1	1	1	1
OG0006482	2	0	0	1	0	2	2	1	1	2	1	1	1	1	1	2	1
OG0006484	7	0	0	2	0	0	0	0	0	4	1	1	1	1	0	0	0
OG0006485	1	1	1	1	2	1	1	1	0	1	1	1	1	1	1	1	1
OG0006487	1	1	1	1	1	1	1	1	1	1	1	1	1	1	1	1	1
OG0006489	1	1	1	1	1	1	1	1	1	1	1	1	1	1	1	1	1
OG0006490	1	1	2	1	0	1	1	1	1	1	1	1	1	1	1	1	1
OG0006491	2	1	0	2	0	1	1	1	1	2	1	1	1	1	1	1	1
OG0006493	1	2	1	2	3	0	0	0	0	1	1	1	1	2	0	0	0
OG0006494	1	1	1	2	1	1	1	1	0	1	1	1	1	1	1	1	1
OG0006495	1	2	1	1	0	1	1	1	1	1	1	1	1	1	1	1	1
OG0006496	1	1	1	1	1	1	1	1	1	1	1	1	1	1	1	1	1
OG0006497	1	1	1	2	0	1	1	1	1	1	1	1	1	1	1	1	1
OG0006499	1	1	1	2	0	1	1	1	1	1	1	1	1	1	1	1	1
OG0006500	1	0	1	1	2	1	1	1	1	1	1	1	1	1	1	1	1
OG0006501	1	1	1	2	1	1	0	1	1	1	1	1	1	1	1	1	1
OG0006502	2	0	1	2	0	1	0	1	2	2	1	1	1	1	1	1	1
OG0006504	1	0	1	2	0	1	1	1	2	1	1	1	1	1	1	1	1
OG0006505	1	1	1	1	1	1	1	1	1	1	1	1	1	1	1	1	1
OG0006506	1	1	1	1	1	1	1	1	1	1	1	1	1	1	1	1	1
OG0006507	1	1	1	1	1	1	1	1	1	1	1	1	1	1	1	1	1
OG0006508	1	1	1	1	1	1	1	1	1	1	1	1	1	1	1	1	1
OG0006509	1	1	1	2	0	1	1	1	1	1	1	1	1	1	1	1	1
OG0006511	1	1	1	1	1	1	1	1	1	1	1	1	1	1	1	1	1
OG0006513	1	1	1	1	1	1	1	1	1	1	1	1	1	1	1	1	1
OG0006514	1	1	1	2	1	1	0	1	1	1	1	1	1	1	1	1	1
OG0006515	1	2	1	1	0	1	1	1	1	1	1	1	1	1	1	1	1
OG0006516	1	2	1	1	1	1	0	1	1	1	1	1	1	1	1	1	1
OG0006517	1	2	1	1	0	1	1	1	1	1	1	1	1	1	1	1	1
OG0006518	1	1	1	1	1	1	1	1	1	1	1	1	1	1	1	1	1
OG0006519	1	2	1	1	0	1	1	1	1	1	1	1	1	1	1	1	1
OG0006520	1	2	1	1	0	1	1	1	1	1	1	1	1	1	1	1	1
OG0006521	1	1	1	1	1	1	1	1	1	1	1	1	1	1	1	1	1
OG0006522	1	1	1	1	1	1	1	1	1	1	1	1	1	1	1	1	1
OG0006523	1	1	1	1	1	1	1	1	1	1	1	1	1	1	1	1	1
OG0006524	1	1	1	1	1	1	1	1	1	1	1	1	1	1	1	1	1
OG0006525	1	1	1	1	1	1	1	1	1	1	1	1	1	1	1	1	1
OG0006527	1	1	1	1	1	1	1	1	1	1	1	1	1	1	1	1	1
OG0006528	1	1	1	1	1	1	1	1	1	1	1	1	1	1	1	1	1
OG0006529	1	1	0	1	2	1	1	1	1	1	1	1	1	1	1	1	1
OG0006531	1	1	1	1	1	1	1	1	1	1	1	1	1	1	1	1	1
OG0006532	1	1	1	1	1	1	1	1	1	1	1	1	1	1	1	1	1
OG0006533	1	1	1	2	0	1	1	1	1	1	1	1	1	1	1	1	1
OG0006535	1	1	1	2	0	1	1	1	1	1	1	1	1	1	1	1	1
OG0006536	1	1	1	2	0	1	1	1	1	1	1	1	1	1	1	1	1
OG0006538	1	1	1	2	0	1	1	1	1	1	1	1	1	1	1	1	1
OG0006540	1	5	1	1	1	0	0	0	0	1	1	1	1	1	0	0	0
OG0006544	1	1	0	2	1	1	1	1	1	1	1	1	1	1	1	1	1
OG0006546	1	1	1	2	1	1	1	1	0	1	1	1	1	1	1	1	1
OG0006547	1	1	1	1	1	1	1	1	1	1	1	1	1	1	1	1	1
OG0006548	2	0	1	2	0	1	1	1	1	2	1	1	1	1	1	1	1
OG0006554	1	1	1	1	1	1	1	1	1	1	1	1	1	1	1	1	1
OG0006555	1	1	1	2	0	1	1	1	1	1	1	1	1	1	1	1	1
OG0006556	1	0	1	2	1	1	1	1	1	1	1	1	1	1	1	1	1
OG0006557	1	1	1	1	1	1	1	1	1	1	1	1	1	1	1	1	1
OG0006559	1	1	1	2	0	1	1	1	1	1	1	1	1	1	1	1	1
OG0006560	1	0	1	1	2	1	1	1	1	1	1	1	1	1	1	1	1
OG0006561	1	1	1	1	1	1	1	1	1	1	1	1	1	1	1	1	1
OG0006564	1	1	1	2	0	1	1	1	1	1	1	1	1	1	1	1	1
OG0006565	1	1	1	2	0	1	1	1	1	1	1	1	1	1	1	1	1
OG0006566	1	2	1	1	0	1	1	1	1	1	1	1	1	1	1	1	1
OG0006567	1	6	1	1	0	0	0	0	0	1	1	1	1	1	0	0	0
OG0006569	2	4	1	1	1	0	0	0	0	2	1	1	1	1	0	0	0
OG0006570	1	1	1	2	1	1	1	1	0	1	1	1	1	1	1	1	1
OG0006571	1	2	0	2	0	1	1	1	1	1	1	1	1	1	1	1	1
OG0006572	1	1	1	1	1	1	1	1	1	1	1	1	1	1	1	1	1
OG0006574	1	3	1	2	2	0	0	0	0	1	1	1	1	1	0	0	0
OG0006575	1	1	1	1	1	1	1	1	1	1	1	1	1	1	1	1	1
OG0006578	1	1	2	1	2	1	1	0	0	1	1	1	1	1	1	1	0
OG0006580	1	1	1	2	0	2	0	1	1	1	1	1	1	1	1	1	1
OG0006581	1	1	1	2	0	1	1	1	1	1	1	1	1	1	1	1	1
OG0006582	1	2	1	1	1	1	0	1	1	1	1	1	1	1	1	1	1
OG0006584	1	1	1	2	0	1	1	1	1	1	1	1	1	1	1	1	1
OG0006585	1	1	1	1	1	1	1	1	1	1	1	1	1	1	1	1	1
OG0006587	1	1	1	2	0	1	1	1	1	1	1	1	1	1	1	1	1
OG0006588	1	1	1	1	1	1	1	1	1	1	1	1	1	1	1	1	1
OG0006589	1	1	1	2	0	1	1	1	1	1	1	1	1	1	1	1	1
OG0006590	2	1	1	1	0	1	1	1	1	2	1	1	1	1	1	1	1
OG0006591	1	1	1	1	1	1	1	1	1	1	1	1	1	1	1	1	1
OG0006593	1	1	1	1	1	1	1	1	1	1	1	1	1	1	1	1	1
OG0006594	1	1	1	2	0	1	1	1	1	1	1	1	1	1	1	1	1
OG0006596	1	1	1	2	0	1	1	1	1	1	1	1	1	1	1	1	1
OG0006599	1	1	1	2	0	1	1	1	1	1	1	1	1	1	1	1	1
OG0006600	1	0	1	1	2	1	1	1	1	1	1	1	1	1	1	1	1
OG0006601	1	1	1	1	1	1	1	1	1	1	1	1	1	1	1	1	1
OG0006602	1	1	1	2	0	1	1	1	1	1	1	1	1	1	1	1	1
OG0006603	1	0	1	2	1	1	1	1	1	1	1	1	1	1	1	1	1
OG0006605	1	1	0	1	3	1	1	1	0	1	1	1	1	1	1	1	1
OG0006606	1	1	1	1	1	1	1	1	1	1	1	1	1	1	1	1	1
OG0006609	2	1	1	1	0	1	1	1	1	2	1	1	1	1	1	1	1
OG0006611	1	1	0	2	1	1	1	1	1	1	1	1	1	1	1	1	1
OG0006612	1	1	1	2	0	1	1	1	1	1	1	1	1	1	1	1	1
OG0006614	1	3	1	2	2	0	0	0	0	1	1	1	1	1	0	0	0
OG0006615	1	1	1	2	0	1	1	1	1	1	1	1	1	1	1	1	1
OG0006616	1	1	1	1	0	1	2	1	1	1	1	1	1	1	1	1	1
OG0006617	1	2	1	1	0	1	1	1	1	1	1	1	1	1	1	1	1
OG0006618	1	1	1	1	1	1	1	1	1	1	1	1	1	1	1	1	1
OG0006619	1	1	1	2	0	1	1	1	1	1	1	1	1	1	1	1	1
OG0006620	1	1	1	1	1	1	1	1	1	1	1	1	1	1	1	1	1
OG0006621	2	1	1	1	0	1	1	1	1	2	1	1	1	1	1	1	1
OG0006622	1	1	1	2	0	1	1	1	1	1	1	1	1	1	1	1	1
OG0006623	2	1	1	1	0	1	1	1	1	2	1	1	1	1	1	1	1
OG0006624	1	1	1	1	1	1	1	1	1	1	1	1	1	1	1	1	1
OG0006626	1	1	1	2	0	1	1	1	1	1	1	1	1	1	1	1	1
OG0006627	1	1	1	2	0	1	1	1	1	1	1	1	1	1	1	1	1
OG0006630	1	1	1	1	1	1	1	1	1	1	1	1	1	1	1	1	1
OG0006633	1	1	1	2	0	1	1	1	1	1	1	1	1	1	1	1	1
OG0006634	1	1	1	1	1	1	1	1	1	1	1	1	1	1	1	1	1
OG0006636	1	1	1	2	0	1	1	1	1	1	1	1	1	1	1	1	1
OG0006638	1	2	1	1	0	1	1	1	1	1	1	1	1	1	1	1	1
OG0006639	1	0	1	1	2	1	1	1	1	1	1	1	1	1	1	1	1
OG0006640	1	1	1	2	0	1	1	1	1	1	1	1	1	1	1	1	1
OG0006641	1	1	1	1	1	1	1	1	1	1	1	1	1	1	1	1	1
OG0006644	1	1	1	2	1	1	1	1	0	1	1	1	1	1	1	1	1
OG0006646	1	1	1	2	1	1	1	1	0	1	1	1	1	1	1	1	1
OG0006647	1	1	1	1	1	1	1	1	1	1	1	1	1	1	1	1	1
OG0006648	1	2	1	1	0	1	1	1	1	1	1	1	1	1	1	1	1
OG0006649	1	1	1	2	0	1	1	1	1	1	1	1	1	1	1	1	1
OG0006651	1	1	2	1	0	1	1	1	1	1	1	1	1	1	1	1	1
OG0006652	1	1	1	2	0	1	1	1	1	1	1	1	1	1	1	1	1
OG0006653	1	1	1	1	1	1	1	1	1	1	1	1	1	1	1	1	1
OG0006655	1	1	1	1	1	1	1	1	1	1	1	1	1	1	1	1	1
OG0006656	1	1	1	1	1	1	1	1	1	1	1	1	1	1	1	1	1
OG0006658	1	1	1	2	1	1	1	1	0	1	1	1	1	1	1	1	1
OG0006659	1	1	1	1	1	1	1	1	1	1	1	1	1	1	1	1	1
OG0006660	1	1	1	1	1	1	1	1	1	1	1	1	1	1	1	1	1
OG0006661	1	1	1	1	1	1	1	1	1	1	1	1	1	1	1	1	1
OG0006662	1	1	1	1	1	1	1	1	1	1	1	1	1	1	1	1	1
OG0006663	1	1	1	1	1	1	1	1	1	1	1	1	1	1	1	1	1
OG0006664	1	1	1	2	0	1	1	1	1	1	1	1	1	1	1	1	1
OG0006665	1	1	1	2	0	1	1	1	1	1	1	1	1	1	1	1	1
OG0006666	1	1	1	2	0	1	1	1	1	1	1	1	1	1	1	1	1
OG0006667	1	1	1	1	1	1	1	1	1	1	1	1	1	1	1	1	1
OG0006668	1	1	1	2	0	1	1	1	1	1	1	1	1	1	1	1	1
OG0006669	1	1	1	1	1	1	1	1	1	1	1	1	1	1	1	1	1
OG0006671	1	1	1	1	1	1	1	1	1	1	1	1	1	1	1	1	1
OG0006672	1	1	1	1	1	1	1	1	1	1	1	1	1	1	1	1	1
OG0006673	1	1	1	1	1	1	1	1	1	1	1	1	1	1	1	1	1
OG0006674	2	1	1	1	0	1	1	1	1	2	1	1	1	1	1	1	1
OG0006677	1	1	1	2	0	1	1	1	1	1	1	1	1	1	1	1	1
OG0006678	1	1	1	2	0	1	1	1	1	1	1	1	1	1	1	1	1
OG0006680	1	2	0	1	1	1	1	1	1	1	1	1	1	1	1	1	1
OG0006681	1	1	1	2	0	1	1	1	1	1	1	1	1	1	1	1	1
OG0006682	1	1	1	1	1	1	1	1	1	1	1	1	1	1	1	1	1
OG0006683	1	1	1	1	1	1	1	1	1	1	1	1	1	1	1	1	1
OG0006684	1	2	1	1	0	1	1	1	1	1	1	1	1	1	1	1	1
OG0006686	1	1	1	2	0	1	1	1	1	1	1	1	1	1	1	1	1
OG0006687	1	2	1	1	0	1	1	1	1	1	1	1	1	1	1	1	1
OG0006688	1	1	1	1	1	1	1	1	1	1	1	1	1	1	1	1	1
OG0006690	1	1	1	2	0	1	1	1	1	1	1	1	1	1	1	1	1
OG0006691	1	1	1	2	0	1	1	1	1	1	1	1	1	1	1	1	1
OG0006692	1	1	1	2	0	1	1	1	1	1	1	1	1	1	1	1	1
OG0006694	1	1	0	2	2	1	1	0	1	1	1	1	1	1	1	1	1
OG0006697	1	2	0	2	0	1	1	1	1	1	1	1	1	1	1	1	1
OG0006698	1	1	1	2	0	1	1	1	1	1	1	1	1	1	1	1	1
OG0006699	1	0	1	1	2	1	1	1	1	1	1	1	1	1	1	1	1
OG0006700	1	3	1	2	2	0	0	0	0	1	1	1	1	1	0	0	0
OG0006701	1	1	1	2	1	1	0	1	1	1	1	1	1	1	1	1	1
OG0006702	1	2	1	1	0	1	1	1	1	1	1	1	1	1	1	1	1
OG0006705	1	1	1	1	1	1	1	1	1	1	1	1	1	1	1	1	1
OG0006706	1	1	1	1	1	1	1	1	1	1	1	1	1	1	1	1	1
OG0006709	1	1	1	2	0	1	1	1	1	1	1	1	1	1	1	1	1
OG0006710	1	1	1	1	1	1	1	1	1	1	1	1	1	1	1	1	1
OG0006711	2	1	1	1	1	1	1	1	0	2	1	1	1	1	1	1	1
OG0006712	1	2	1	1	0	1	1	1	1	1	1	1	1	1	1	1	1
OG0006714	1	1	1	2	0	1	1	1	1	1	1	1	1	1	1	1	1
OG0006715	1	1	1	2	0	1	1	1	1	1	1	1	1	1	1	1	1
OG0006716	1	1	1	1	1	1	1	1	1	1	1	1	1	1	1	1	1
OG0006717	1	4	2	2	0	0	0	0	0	1	1	1	1	1	0	0	0
OG0006718	1	1	1	1	1	1	1	1	1	1	1	1	1	1	1	1	1
OG0006719	1	1	1	2	0	1	1	1	1	1	1	1	1	1	1	1	1
OG0006720	2	1	1	3	2	0	0	0	0	2	1	1	1	2	0	0	0
OG0006721	1	1	1	1	1	1	1	1	1	1	1	1	1	1	1	1	1
OG0006722	1	1	1	2	0	1	1	1	1	1	1	1	1	1	1	1	1
OG0006723	1	1	1	2	0	1	1	1	1	1	1	1	1	1	1	1	1
OG0006724	1	1	1	1	1	1	1	1	1	1	1	1	1	1	1	1	1
OG0006725	1	0	2	2	0	1	1	1	1	1	1	1	1	1	1	1	1
OG0006726	1	1	1	2	0	1	1	1	1	1	1	1	1	1	1	1	1
OG0006727	1	0	1	1	2	1	1	1	1	1	1	1	1	1	1	1	1
OG0006728	1	1	1	1	1	1	1	1	1	1	1	1	1	1	1	1	1
OG0006730	1	1	1	2	1	1	1	1	0	1	1	1	1	1	1	1	1
OG0006731	1	1	1	2	1	1	0	1	1	1	1	1	1	1	1	1	1
OG0006732	1	1	1	2	0	1	1	1	1	1	1	1	1	1	1	1	1
OG0006733	1	1	1	2	1	1	0	1	1	1	1	1	1	1	1	1	1
OG0006734	1	1	1	2	0	1	1	1	1	1	1	1	1	1	1	1	1
OG0006735	1	1	1	2	0	1	1	1	1	1	1	1	1	1	1	1	1
OG0006736	1	1	1	2	1	0	1	1	1	1	1	1	1	1	1	1	1
OG0006737	1	0	1	2	1	1	1	1	1	1	1	1	1	1	1	1	1
OG0006738	1	1	1	1	1	1	1	1	1	1	1	1	1	1	1	1	1
OG0006739	1	2	1	1	0	1	1	1	1	1	1	1	1	1	1	1	1
OG0006741	2	0	1	2	0	1	1	1	1	2	1	1	1	1	1	1	1
OG0006743	1	1	1	2	0	1	1	1	1	1	1	1	1	1	1	1	1
OG0006744	1	1	1	2	0	1	1	1	1	1	1	1	1	1	1	1	1
OG0006745	1	1	1	2	0	1	1	1	1	1	1	1	1	1	1	1	1
OG0006748	1	1	1	1	1	1	1	1	1	1	1	1	1	1	1	1	1
OG0006749	1	1	1	2	0	1	1	1	1	1	1	1	1	1	1	1	1
OG0006751	1	1	1	1	1	1	1	1	1	1	1	1	1	1	1	1	1
OG0006752	1	1	1	2	0	1	1	1	1	1	1	1	1	1	1	1	1
OG0006754	1	2	1	2	0	1	0	1	1	1	1	1	1	1	1	1	1
OG0006755	1	1	1	1	1	1	1	1	1	1	1	1	1	1	1	1	1
OG0006758	1	1	1	2	0	1	1	1	1	1	1	1	1	1	1	1	1
OG0006759	1	1	1	1	1	1	1	1	1	1	1	1	1	1	1	1	1
OG0006761	1	1	1	2	0	1	1	1	1	1	1	1	1	1	1	1	1
OG0006762	1	1	1	1	1	1	1	1	1	1	1	1	1	1	1	1	1
OG0006763	1	1	1	2	1	0	0	1	2	1	1	1	1	1	1	0	1
OG0006764	1	0	1	2	1	1	1	1	1	1	1	1	1	1	1	1	1
OG0006765	1	1	1	2	0	1	1	1	1	1	1	1	1	1	1	1	1
OG0006766	1	1	2	2	1	1	1	0	0	1	1	1	1	1	1	1	0
OG0006769	1	1	1	1	1	1	1	1	1	1	1	1	1	1	1	1	1
OG0006770	2	1	1	1	0	1	1	1	1	2	1	1	1	1	1	1	1
OG0006771	1	1	1	2	0	1	1	1	1	1	1	1	1	1	1	1	1
OG0006772	1	1	1	1	1	1	1	1	1	1	1	1	1	1	1	1	1
OG0006774	1	1	1	1	1	1	1	1	1	1	1	1	1	1	1	1	1
OG0006775	1	2	1	1	1	1	1	1	0	1	1	1	1	1	1	1	1
OG0006776	2	1	1	1	0	1	1	1	1	2	1	1	1	1	1	1	1
OG0006777	2	2	0	2	2	0	1	0	0	2	2	2	2	2	1	1	0
OG0006779	1	1	1	2	0	1	1	1	1	1	1	1	1	1	1	1	1
OG0006780	1	1	1	2	0	1	1	1	1	1	1	1	1	1	1	1	1
OG0006781	2	0	1	1	1	1	1	1	1	2	1	1	1	1	1	1	1
OG0006782	2	1	1	1	0	1	1	1	1	2	1	1	1	1	1	1	1
OG0006783	1	2	1	1	0	1	1	1	1	1	1	1	1	1	1	1	1
OG0006784	1	1	1	2	1	1	1	1	0	1	1	1	1	1	1	1	1
OG0006787	1	1	1	2	0	1	1	1	1	1	1	1	1	1	1	1	1
OG0006789	1	1	1	1	1	1	1	1	1	1	1	1	1	1	1	1	1
OG0006790	1	1	1	0	2	1	1	1	1	1	1	1	1	1	1	1	1
OG0006793	1	2	1	0	1	1	1	1	1	1	1	1	1	1	1	1	1
OG0006794	1	1	1	0	2	1	1	1	1	1	1	1	1	1	1	1	1
OG0006795	1	0	1	0	0	2	2	2	1	1	1	1	1	0	2	2	2
OG0006800	1	2	1	0	1	1	1	1	1	1	1	1	1	1	1	1	1
OG0006802	1	3	1	0	0	1	1	1	1	1	1	1	1	0	1	1	1
OG0006803	2	0	1	0	2	1	1	1	1	2	1	1	1	1	1	1	1
OG0006804	2	2	1	0	0	1	1	1	1	2	1	1	1	0	1	1	1
OG0006805	1	1	1	0	2	1	1	1	1	1	1	1	1	1	1	1	1
OG0006806	1	0	1	0	3	1	1	1	1	1	1	1	1	1	1	1	1
OG0006809	1	1	1	0	2	1	1	1	1	1	1	1	1	1	1	1	1
OG0006810	1	2	1	0	1	1	1	1	1	1	1	1	1	1	1	1	1
OG0006812	2	1	2	0	0	1	1	1	1	2	1	1	1	0	1	1	1
OG0006813	1	2	1	0	1	1	1	1	1	1	1	1	1	1	1	1	1
OG0006814	1	3	1	0	0	1	1	1	1	1	1	1	1	0	1	1	1
OG0006815	1	3	1	0	0	1	1	1	1	1	1	1	1	0	1	1	1
OG0006818	1	3	0	0	1	1	1	1	1	1	1	1	1	1	1	1	1
OG0006819	2	1	1	0	0	1	2	1	1	2	1	1	1	0	1	1	1
OG0006821	1	4	0	0	0	1	1	1	1	1	1	1	0	0	1	1	1
OG0006823	1	2	1	0	1	1	1	1	1	1	1	1	1	1	1	1	1
OG0006824	1	1	1	0	1	1	1	1	2	1	1	1	1	1	1	1	1
OG0006825	1	1	1	0	2	1	1	1	1	1	1	1	1	1	1	1	1
OG0006827	1	2	1	0	1	1	1	1	1	1	1	1	1	1	1	1	1
OG0006828	1	1	1	0	2	1	1	1	1	1	1	1	1	1	1	1	1
OG0006830	1	1	1	0	2	1	1	1	1	1	1	1	1	1	1	1	1
OG0006833	1	1	1	0	2	1	1	1	1	1	1	1	1	1	1	1	1
OG0006836	1	3	0	0	1	1	1	1	1	1	1	1	1	1	1	1	1
OG0006837	5	1	0	0	0	1	1	1	0	3	1	1	0	0	1	1	1
OG0006840	1	1	1	0	2	1	1	1	1	1	1	1	1	1	1	1	1
OG0006846	1	2	0	0	2	1	1	1	1	1	1	1	1	1	1	1	1
OG0006847	1	1	2	0	1	1	1	1	1	1	1	1	1	1	1	1	1
OG0006848	1	3	1	0	0	1	1	1	1	1	1	1	1	0	1	1	1
OG0006850	2	1	1	0	1	1	1	1	1	2	1	1	1	1	1	1	1
OG0006854	1	2	1	0	1	1	1	1	1	1	1	1	1	1	1	1	1
OG0006855	1	2	1	0	1	1	1	1	1	1	1	1	1	1	1	1	1
OG0006857	2	2	1	0	0	1	1	1	1	2	1	1	1	0	1	1	1
OG0006858	1	2	1	0	1	1	1	1	1	1	1	1	1	1	1	1	1
OG0006859	1	1	1	0	2	1	1	1	1	1	1	1	1	1	1	1	1
OG0006861	1	1	1	0	2	1	1	1	1	1	1	1	1	1	1	1	1
OG0006862	1	1	1	0	2	1	1	1	1	1	1	1	1	1	1	1	1
OG0006863	1	2	1	0	1	1	1	1	1	1	1	1	1	1	1	1	1
OG0006864	1	1	2	0	1	1	1	1	1	1	1	1	1	1	1	1	1
OG0006868	3	1	1	0	4	0	0	0	0	2	1	1	1	1	0	0	0
OG0006888	6	0	0	0	3	0	0	0	0	3	1	1	1	1	0	0	0
OG0006889	5	0	2	0	2	0	0	0	0	3	1	1	1	1	0	0	0
OG0006894	3	3	2	0	1	0	0	0	0	3	2	2	2	1	0	0	0
OG0006895	1	6	0	0	2	0	0	0	0	1	1	1	1	1	0	0	0
OG0006912	2	7	0	0	0	0	0	0	0	2	1	1	0	0	0	0	0
OG0006927	4	5	0	0	0	0	0	0	0	3	1	1	0	0	0	0	0
OG0006936	1	8	0	0	0	0	0	0	0	1	1	1	0	0	0	0	0
OG0006941	8	1	0	0	0	0	0	0	0	4	1	1	0	0	0	0	0
OG0006972	1	1	1	3	2	0	0	0	0	1	1	1	1	2	0	0	0
OG0006974	1	1	1	1	0	1	1	1	1	1	1	1	1	1	1	1	1
OG0006975	1	1	1	2	0	1	1	1	0	1	1	1	1	1	1	1	1
OG0006976	1	0	1	2	0	1	1	1	1	1	1	1	1	1	1	1	1
OG0006981	1	1	0	1	1	1	1	1	1	1	1	1	1	1	1	1	1
OG0006982	1	1	1	1	0	1	1	1	1	1	1	1	1	1	1	1	1
OG0006985	1	0	1	1	1	1	1	1	1	1	1	1	1	1	1	1	1
OG0006986	1	2	1	1	0	1	1	1	0	1	1	1	1	1	1	1	1
OG0006988	1	1	1	1	0	1	1	1	1	1	1	1	1	1	1	1	1
OG0006989	1	2	1	2	2	0	0	0	0	1	1	1	1	1	0	0	0
OG0006991	2	0	1	2	0	1	1	1	0	2	1	1	1	1	1	1	1
OG0006993	1	1	0	2	0	1	1	1	1	1	1	1	1	1	1	1	1
OG0006994	1	0	1	2	0	1	1	1	1	1	1	1	1	1	1	1	1
OG0006995	1	1	1	2	0	1	1	1	0	1	1	1	1	1	1	1	1
OG0006996	5	0	0	2	1	0	0	0	0	3	1	1	1	1	0	0	0
OG0007001	1	1	0	1	1	1	1	1	1	1	1	1	1	1	1	1	1
OG0007002	1	1	1	1	0	1	1	1	1	1	1	1	1	1	1	1	1
OG0007003	1	3	0	3	1	0	0	0	0	1	1	1	1	1	0	0	0
OG0007004	2	1	2	2	1	0	0	0	0	2	1	1	1	1	0	0	0
OG0007006	1	2	1	3	1	0	0	0	0	1	1	1	1	1	0	0	0
OG0007009	1	0	1	2	0	1	1	1	1	1	1	1	1	1	1	1	1
OG0007012	1	1	1	1	2	1	1	0	0	1	1	1	1	1	1	1	0
OG0007014	1	0	1	1	1	1	1	1	1	1	1	1	1	1	1	1	1
OG0007015	1	1	1	2	0	1	1	1	0	1	1	1	1	1	1	1	1
OG0007018	1	1	1	1	0	1	1	1	1	1	1	1	1	1	1	1	1
OG0007021	1	1	1	1	0	1	1	1	1	1	1	1	1	1	1	1	1
OG0007026	1	1	1	2	0	1	1	1	0	1	1	1	1	1	1	1	1
OG0007028	1	1	1	1	0	1	1	1	1	1	1	1	1	1	1	1	1
OG0007029	1	1	0	1	1	1	1	1	1	1	1	1	1	1	1	1	1
OG0007030	1	1	1	2	1	1	0	1	0	1	1	1	1	1	1	1	1
OG0007032	1	0	1	2	0	1	1	1	1	1	1	1	1	1	1	1	1
OG0007033	1	1	1	1	0	1	1	1	1	1	1	1	1	1	1	1	1
OG0007034	1	1	0	1	1	1	1	1	1	1	1	1	1	1	1	1	1
OG0007040	4	0	1	2	1	0	0	0	0	3	1	1	1	1	0	0	0
OG0007041	1	0	2	1	0	1	1	1	1	1	1	1	1	1	1	1	1
OG0007042	2	0	0	3	3	0	0	0	0	2	1	1	1	2	0	0	0
OG0007045	1	5	0	2	0	0	0	0	0	1	1	1	1	1	0	0	0
OG0007048	1	1	1	1	0	1	1	1	1	1	1	1	1	1	1	1	1
OG0007049	1	0	1	1	2	1	0	1	1	1	1	1	1	1	1	1	1
OG0007050	1	1	1	1	0	1	1	1	1	1	1	1	1	1	1	1	1
OG0007051	1	1	1	1	0	1	1	1	1	1	1	1	1	1	1	1	1
OG0007055	1	0	4	2	1	0	0	0	0	1	1	1	1	1	0	0	0
OG0007056	1	0	4	2	1	0	0	0	0	1	1	1	1	1	0	0	0
OG0007057	1	1	1	1	0	1	1	1	1	1	1	1	1	1	1	1	1
OG0007058	1	1	1	1	0	1	1	1	1	1	1	1	1	1	1	1	1
OG0007059	1	0	1	2	0	1	1	1	1	1	1	1	1	1	1	1	1
OG0007062	2	0	0	2	0	1	1	1	1	2	1	1	1	1	1	1	1
OG0007065	1	0	1	2	0	1	1	1	1	1	1	1	1	1	1	1	1
OG0007067	1	0	1	2	0	1	1	1	1	1	1	1	1	1	1	1	1
OG0007068	1	1	0	2	0	1	1	1	1	1	1	1	1	1	1	1	1
OG0007069	2	0	2	2	2	0	0	0	0	2	2	2	2	2	0	0	0
OG0007071	1	4	1	1	1	0	0	0	0	1	1	1	1	1	0	0	0
OG0007077	1	1	1	1	0	1	1	1	1	1	1	1	1	1	1	1	1
OG0007079	2	0	3	2	1	0	0	0	0	2	1	1	1	1	0	0	0
OG0007080	1	1	1	1	0	1	1	1	1	1	1	1	1	1	1	1	1
OG0007082	1	1	1	1	0	1	1	1	1	1	1	1	1	1	1	1	1
OG0007090	1	0	1	2	0	1	1	1	1	1	1	1	1	1	1	1	1
OG0007091	1	0	1	2	0	1	1	1	1	1	1	1	1	1	1	1	1
OG0007092	1	1	0	1	1	1	1	1	1	1	1	1	1	1	1	1	1
OG0007093	1	1	1	1	0	1	1	1	1	1	1	1	1	1	1	1	1
OG0007094	1	1	1	1	0	1	1	1	1	1	1	1	1	1	1	1	1
OG0007095	1	0	1	2	0	1	1	1	1	1	1	1	1	1	1	1	1
OG0007096	1	3	1	1	2	0	0	0	0	1	1	1	1	1	0	0	0
OG0007097	1	4	1	1	1	0	0	0	0	1	1	1	1	1	0	0	0
OG0007098	1	1	1	1	0	1	1	1	1	1	1	1	1	1	1	1	1
OG0007100	1	2	0	2	0	1	1	1	0	1	1	1	1	1	1	1	1
OG0007101	1	1	1	1	1	1	1	1	0	1	1	1	1	1	1	1	1
OG0007102	1	3	1	2	1	0	0	0	0	1	1	1	1	1	0	0	0
OG0007104	1	1	0	2	0	1	1	1	1	1	1	1	1	1	1	1	1
OG0007108	1	3	1	1	2	0	0	0	0	1	1	1	1	1	0	0	0
OG0007110	1	1	1	1	0	1	1	1	1	1	1	1	1	1	1	1	1
OG0007111	1	1	0	2	0	1	1	1	1	1	1	1	1	1	1	1	1
OG0007117	1	3	1	1	2	0	0	0	0	1	1	1	1	1	0	0	0
OG0007122	1	0	0	2	5	0	0	0	0	1	1	1	1	2	0	0	0
OG0007123	1	1	0	1	2	1	0	1	1	1	1	1	1	1	1	1	1
OG0007127	1	0	5	2	0	0	0	0	0	1	1	1	1	1	0	0	0
OG0007129	1	4	1	1	1	0	0	0	0	1	1	1	1	1	0	0	0
OG0007131	1	2	1	2	2	0	0	0	0	1	1	1	1	1	0	0	0
OG0007134	1	1	1	2	0	1	0	1	1	1	1	1	1	1	1	1	1
OG0007137	1	0	1	1	1	1	1	1	1	1	1	1	1	1	1	1	1
OG0007138	1	1	1	2	0	1	1	1	0	1	1	1	1	1	1	1	1
OG0007140	1	1	0	1	1	1	1	1	1	1	1	1	1	1	1	1	1
OG0007142	1	2	0	1	0	1	1	1	1	1	1	1	1	1	1	1	1
OG0007143	1	0	1	2	0	1	1	1	1	1	1	1	1	1	1	1	1
OG0007144	1	1	0	2	0	1	1	1	1	1	1	1	1	1	1	1	1
OG0007145	1	1	1	2	3	0	0	0	0	1	1	1	1	2	0	0	0
OG0007147	1	1	1	2	0	1	1	1	0	1	1	1	1	1	1	1	1
OG0007149	2	0	0	4	2	0	0	0	0	2	1	1	1	2	0	0	0
OG0007153	1	1	1	2	0	1	1	1	0	1	1	1	1	1	1	1	1
OG0007157	1	1	1	1	1	1	0	1	1	1	1	1	1	1	1	1	1
OG0007158	1	2	2	2	1	0	0	0	0	1	1	1	1	1	0	0	0
OG0007159	3	0	2	1	2	0	0	0	0	2	1	1	1	1	0	0	0
OG0007161	1	2	1	2	2	0	0	0	0	1	1	1	1	1	0	0	0
OG0007162	1	0	1	2	0	1	1	1	1	1	1	1	1	1	1	1	1
OG0007163	1	2	0	2	1	0	1	1	0	1	1	1	1	1	1	1	1
OG0007166	1	1	1	1	0	1	1	1	1	1	1	1	1	1	1	1	1
OG0007167	1	1	1	1	0	1	1	1	1	1	1	1	1	1	1	1	1
OG0007168	2	1	1	2	2	0	0	0	0	2	1	1	1	1	0	0	0
OG0007171	2	1	1	1	0	0	1	1	1	2	1	1	1	1	1	1	1
OG0007172	1	1	1	1	0	1	1	1	1	1	1	1	1	1	1	1	1
OG0007174	1	1	0	2	0	1	1	1	1	1	1	1	1	1	1	1	1
OG0007176	1	1	1	1	0	1	1	1	1	1	1	1	1	1	1	1	1
OG0007178	1	1	1	1	0	1	1	1	1	1	1	1	1	1	1	1	1
OG0007186	1	0	1	1	1	1	1	1	1	1	1	1	1	1	1	1	1
OG0007187	1	2	1	2	2	0	0	0	0	1	1	1	1	1	0	0	0
OG0007188	1	1	1	1	0	1	1	1	1	1	1	1	1	1	1	1	1
OG0007189	1	2	2	3	0	0	0	0	0	1	1	1	1	1	0	0	0
OG0007193	2	1	1	2	2	0	0	0	0	2	1	1	1	1	0	0	0
OG0007194	1	3	1	2	1	0	0	0	0	1	1	1	1	1	0	0	0
OG0007197	1	1	1	1	0	1	1	1	1	1	1	1	1	1	1	1	1
OG0007200	1	1	1	1	0	1	1	1	1	1	1	1	1	1	1	1	1
OG0007205	1	1	1	1	0	1	1	1	1	1	1	1	1	1	1	1	1
OG0007209	1	1	1	1	0	1	1	1	1	1	1	1	1	1	1	1	1
OG0007213	1	1	1	1	0	1	1	1	1	1	1	1	1	1	1	1	1
OG0007214	1	1	1	1	0	1	1	1	1	1	1	1	1	1	1	1	1
OG0007216	1	1	0	1	1	1	1	1	1	1	1	1	1	1	1	1	1
OG0007217	1	1	1	1	0	1	1	1	1	1	1	1	1	1	1	1	1
OG0007218	2	1	1	1	0	1	0	1	1	2	1	1	1	1	1	1	1
OG0007219	1	1	0	2	0	1	1	1	1	1	1	1	1	1	1	1	1
OG0007222	2	0	1	1	0	1	1	1	1	2	1	1	1	1	1	1	1
OG0007226	1	0	1	1	1	1	1	1	1	1	1	1	1	1	1	1	1
OG0007227	1	0	1	2	0	1	1	1	1	1	1	1	1	1	1	1	1
OG0007228	4	0	0	2	0	1	1	0	0	3	1	1	1	1	1	1	0
OG0007230	2	1	0	1	0	1	1	1	1	2	1	1	1	1	1	1	1
OG0007235	1	1	1	1	0	1	1	1	1	1	1	1	1	1	1	1	1
OG0007236	1	1	0	2	0	1	1	1	1	1	1	1	1	1	1	1	1
OG0007237	1	0	1	1	1	1	1	1	1	1	1	1	1	1	1	1	1
OG0007239	1	0	1	1	0	1	2	1	1	1	1	1	1	1	1	1	1
OG0007243	1	0	1	1	1	1	1	1	1	1	1	1	1	1	1	1	1
OG0007244	1	1	0	2	0	1	1	1	1	1	1	1	1	1	1	1	1
OG0007248	1	1	1	2	0	1	1	1	0	1	1	1	1	1	1	1	1
OG0007249	2	1	2	1	1	0	1	0	0	2	1	1	1	1	1	1	0
OG0007251	1	1	1	1	0	1	1	1	1	1	1	1	1	1	1	1	1
OG0007253	1	0	1	1	0	1	2	1	1	1	1	1	1	1	1	1	1
OG0007255	1	4	1	2	0	0	0	0	0	1	1	1	1	1	0	0	0
OG0007256	1	1	1	1	0	1	1	1	1	1	1	1	1	1	1	1	1
OG0007257	1	1	1	1	0	1	1	1	1	1	1	1	1	1	1	1	1
OG0007258	1	1	1	1	1	1	1	1	0	1	1	1	1	1	1	1	1
OG0007259	1	1	1	2	3	0	0	0	0	1	1	1	1	2	0	0	0
OG0007263	1	1	2	1	0	1	1	1	0	1	1	1	1	1	1	1	1
OG0007265	1	1	1	1	0	1	1	1	1	1	1	1	1	1	1	1	1
OG0007267	1	0	1	2	1	1	0	1	1	1	1	1	1	1	1	1	1
OG0007271	1	1	1	1	0	1	1	1	1	1	1	1	1	1	1	1	1
OG0007279	1	3	1	2	1	0	0	0	0	1	1	1	1	1	0	0	0
OG0007283	1	1	1	1	1	1	0	1	1	1	1	1	1	1	1	1	1
OG0007284	1	0	1	2	0	1	1	1	1	1	1	1	1	1	1	1	1
OG0007285	1	1	1	1	0	1	1	1	1	1	1	1	1	1	1	1	1
OG0007293	1	1	1	2	1	1	0	1	0	1	1	1	1	1	1	1	1
OG0007297	2	1	1	2	2	0	0	0	0	2	1	1	1	1	0	0	0
OG0007299	1	1	0	2	0	1	1	1	1	1	1	1	1	1	1	1	1
OG0007300	1	1	0	2	0	1	1	1	1	1	1	1	1	1	1	1	1
OG0007301	1	1	0	2	0	1	1	1	1	1	1	1	1	1	1	1	1
OG0007305	1	3	1	2	1	0	0	0	0	1	1	1	1	1	0	0	0
OG0007308	1	1	1	1	0	1	1	1	1	1	1	1	1	1	1	1	1
OG0007310	1	0	1	1	1	1	1	1	1	1	1	1	1	1	1	1	1
OG0007312	1	1	1	1	0	1	1	1	1	1	1	1	1	1	1	1	1
OG0007314	1	1	1	1	0	1	1	1	1	1	1	1	1	1	1	1	1
OG0007315	1	1	1	1	0	1	1	1	1	1	1	1	1	1	1	1	1
OG0007316	1	0	1	1	1	1	1	1	1	1	1	1	1	1	1	1	1
OG0007317	2	0	1	2	3	0	0	0	0	2	1	1	1	2	0	0	0
OG0007318	1	0	3	2	2	0	0	0	0	1	1	1	2	2	0	0	0
OG0007321	1	1	1	1	1	1	1	1	0	1	1	1	1	1	1	1	1
OG0007325	1	2	1	0	0	1	1	1	1	1	1	1	1	0	1	1	1
OG0007334	1	1	1	0	1	1	1	1	1	1	1	1	1	1	1	1	1
OG0007340	1	1	1	0	1	1	1	1	1	1	1	1	1	1	1	1	1
OG0007343	1	1	1	0	0	1	1	1	2	1	1	1	1	0	1	1	1
OG0007344	1	1	1	0	0	1	1	1	2	1	1	1	1	0	1	1	1
OG0007347	1	1	1	0	1	1	1	1	1	1	1	1	1	1	1	1	1
OG0007348	1	2	1	0	0	1	1	1	1	1	1	1	1	0	1	1	1
OG0007350	1	1	1	0	1	1	1	1	1	1	1	1	1	1	1	1	1
OG0007351	1	2	1	0	0	1	1	1	1	1	1	1	1	0	1	1	1
OG0007353	1	0	1	0	0	2	1	1	2	1	1	1	1	0	2	2	2
OG0007354	1	2	1	0	0	1	1	1	1	1	1	1	1	0	1	1	1
OG0007355	1	1	1	0	1	1	1	1	1	1	1	1	1	1	1	1	1
OG0007356	3	1	0	0	0	1	1	1	1	2	1	1	0	0	1	1	1
OG0007359	4	0	0	0	0	1	1	1	1	3	1	0	0	0	1	1	1
OG0007362	1	2	1	0	0	1	1	1	1	1	1	1	1	0	1	1	1
OG0007363	1	1	1	0	1	1	1	1	1	1	1	1	1	1	1	1	1
OG0007364	1	2	1	0	0	1	1	1	1	1	1	1	1	0	1	1	1
OG0007365	1	1	1	0	1	1	1	1	1	1	1	1	1	1	1	1	1
OG0007366	1	1	1	0	1	1	1	1	1	1	1	1	1	1	1	1	1
OG0007369	1	2	1	0	0	1	1	1	1	1	1	1	1	0	1	1	1
OG0007373	1	0	1	0	2	1	1	1	1	1	1	1	1	1	1	1	1
OG0007375	1	1	1	0	0	1	1	1	2	1	1	1	1	0	1	1	1
OG0007377	1	1	0	0	0	1	2	2	1	1	1	1	0	0	1	1	1
OG0007379	1	1	1	0	0	1	2	1	1	1	1	1	1	0	1	1	1
OG0007383	1	1	1	0	1	1	1	1	1	1	1	1	1	1	1	1	1
OG0007389	1	2	1	0	0	1	1	1	1	1	1	1	1	0	1	1	1
OG0007390	1	1	1	0	1	1	1	1	1	1	1	1	1	1	1	1	1
OG0007391	1	1	1	0	1	1	1	1	1	1	1	1	1	1	1	1	1
OG0007397	1	1	1	0	1	1	1	1	1	1	1	1	1	1	1	1	1
OG0007399	1	1	1	0	2	1	1	1	0	1	1	1	1	1	1	1	1
OG0007400	1	3	1	0	0	1	0	1	1	1	1	1	1	0	1	1	1
OG0007403	1	1	1	0	1	1	1	1	1	1	1	1	1	1	1	1	1
OG0007404	1	2	1	0	0	1	1	1	1	1	1	1	1	0	1	1	1
OG0007405	1	2	1	0	0	1	1	1	1	1	1	1	1	0	1	1	1
OG0007406	1	1	0	0	0	1	1	1	3	1	1	1	0	0	1	1	1
OG0007408	1	2	1	0	0	1	1	1	1	1	1	1	1	0	1	1	1
OG0007409	1	3	0	0	0	1	1	1	1	1	1	1	0	0	1	1	1
OG0007411	1	1	1	0	1	1	1	1	1	1	1	1	1	1	1	1	1
OG0007412	1	1	2	0	0	1	1	1	1	1	1	1	1	0	1	1	1
OG0007417	1	1	1	0	1	1	1	1	1	1	1	1	1	1	1	1	1
OG0007426	1	5	0	0	2	0	0	0	0	1	1	1	1	1	0	0	0
OG0007427	1	0	0	0	7	0	0	0	0	1	1	1	1	1	0	0	0
OG0007438	1	0	0	0	7	0	0	0	0	1	1	1	1	1	0	0	0
OG0007439	1	0	0	0	7	0	0	0	0	1	1	1	1	1	0	0	0
OG0007457	2	2	1	0	3	0	0	0	0	2	1	1	1	1	0	0	0
OG0007461	1	0	1	0	6	0	0	0	0	1	1	1	1	1	0	0	0
OG0007462	5	1	0	0	1	1	0	0	0	3	1	1	1	1	1	1	0
OG0007466	1	7	0	0	0	0	0	0	0	1	1	1	0	0	0	0	0
OG0007471	1	7	0	0	0	0	0	0	0	1	1	1	0	0	0	0	0
OG0007482	1	7	0	0	0	0	0	0	0	1	1	1	0	0	0	0	0
OG0007483	2	6	0	0	0	0	0	0	0	2	1	1	0	0	0	0	0
OG0007488	1	7	0	0	0	0	0	0	0	1	1	1	0	0	0	0	0
OG0007499	3	5	0	0	0	0	0	0	0	2	1	1	0	0	0	0	0
OG0007505	4	3	1	0	0	0	0	0	0	3	1	1	1	0	0	0	0
OG0007512	4	1	2	0	0	0	1	0	0	3	1	1	1	0	1	1	0
OG0007520	7	1	0	0	0	0	0	0	0	4	1	1	0	0	0	0	0
OG0007526	1	7	0	0	0	0	0	0	0	1	1	1	0	0	0	0	0
OG0007536	6	1	1	0	0	0	0	0	0	3	1	1	1	0	0	0	0
OG0007558	1	1	1	1	0	1	1	0	1	1	1	1	1	1	1	1	1
OG0007559	1	3	1	2	0	0	0	0	0	1	1	1	1	1	0	0	0
OG0007563	1	0	3	2	1	0	0	0	0	1	1	1	1	1	0	0	0
OG0007565	1	3	1	1	1	0	0	0	0	1	1	1	1	1	0	0	0
OG0007567	1	2	1	1	2	0	0	0	0	1	1	1	1	1	0	0	0
OG0007572	1	3	1	1	1	0	0	0	0	1	1	1	1	1	0	0	0
OG0007573	4	0	1	1	1	0	0	0	0	3	1	1	1	1	0	0	0
OG0007574	1	1	0	1	1	1	1	1	0	1	1	1	1	1	1	1	1
OG0007577	2	3	1	1	0	0	0	0	0	2	1	1	1	1	0	0	0
OG0007582	1	1	2	2	1	0	0	0	0	1	1	1	1	1	0	0	0
OG0007586	1	0	1	2	0	1	1	1	0	1	1	1	1	1	1	1	1
OG0007587	1	0	0	1	1	1	1	1	1	1	1	1	1	1	1	1	1
OG0007591	2	0	4	1	0	0	0	0	0	2	1	1	1	1	0	0	0
OG0007593	1	3	1	2	0	0	0	0	0	1	1	1	1	1	0	0	0
OG0007595	1	1	1	1	0	1	0	1	1	1	1	1	1	1	1	1	1
OG0007606	1	0	0	2	0	1	1	1	1	1	1	1	1	1	1	1	1
OG0007609	2	3	0	1	1	0	0	0	0	2	1	1	1	1	0	0	0
OG0007613	1	4	1	1	0	0	0	0	0	1	1	1	1	1	0	0	0
OG0007622	3	0	0	3	1	0	0	0	0	2	1	1	1	1	0	0	0
OG0007626	1	0	1	1	1	1	0	1	1	1	1	1	1	1	1	1	1
OG0007627	1	2	1	2	1	0	0	0	0	1	1	1	1	1	0	0	0
OG0007628	1	0	1	1	0	1	1	1	1	1	1	1	1	1	1	1	1
OG0007637	1	1	0	1	0	1	1	1	1	1	1	1	1	1	1	1	1
OG0007639	1	3	1	1	1	0	0	0	0	1	1	1	1	1	0	0	0
OG0007648	1	0	0	2	0	1	1	1	1	1	1	1	1	1	1	1	1
OG0007651	1	0	3	2	1	0	0	0	0	1	1	1	1	1	0	0	0
OG0007652	1	1	0	1	0	1	1	1	1	1	1	1	1	1	1	1	1
OG0007656	1	3	1	1	1	0	0	0	0	1	1	1	1	1	0	0	0
OG0007659	1	1	0	1	0	1	1	1	1	1	1	1	1	1	1	1	1
OG0007662	1	1	1	1	0	1	1	1	0	1	1	1	1	1	1	1	1
OG0007665	1	3	0	2	1	0	0	0	0	1	1	1	1	1	0	0	0
OG0007670	2	0	1	4	0	0	0	0	0	2	1	1	1	1	0	0	0
OG0007678	1	0	1	1	4	0	0	0	0	1	1	1	1	1	0	0	0
OG0007681	1	3	1	1	1	0	0	0	0	1	1	1	1	1	0	0	0
OG0007682	1	1	1	1	0	1	1	1	0	1	1	1	1	1	1	1	1
OG0007684	1	1	1	2	2	0	0	0	0	1	1	1	1	1	0	0	0
OG0007686	1	1	1	2	2	0	0	0	0	1	1	1	1	1	0	0	0
OG0007688	1	1	1	1	0	1	0	1	1	1	1	1	1	1	1	1	1
OG0007690	1	2	0	2	2	0	0	0	0	1	1	1	1	1	0	0	0
OG0007693	1	0	1	1	0	1	1	1	1	1	1	1	1	1	1	1	1
OG0007697	1	1	0	1	0	1	1	1	1	1	1	1	1	1	1	1	1
OG0007699	1	1	1	2	2	0	0	0	0	1	1	1	1	1	0	0	0
OG0007703	1	2	1	2	1	0	0	0	0	1	1	1	1	1	0	0	0
OG0007713	1	0	5	1	0	0	0	0	0	1	1	1	1	1	0	0	0
OG0007715	1	3	1	2	0	0	0	0	0	1	1	1	1	1	0	0	0
OG0007716	1	1	1	2	2	0	0	0	0	1	1	1	1	1	0	0	0
OG0007718	4	0	0	2	1	0	0	0	0	3	1	1	1	1	0	0	0
OG0007722	2	2	1	2	0	0	0	0	0	2	1	1	1	1	0	0	0
OG0007724	1	2	0	2	2	0	0	0	0	1	1	1	1	1	0	0	0
OG0007727	1	1	0	1	0	1	1	1	1	1	1	1	1	1	1	1	1
OG0007728	1	1	1	1	3	0	0	0	0	1	1	1	1	1	0	0	0
OG0007734	1	2	1	2	1	0	0	0	0	1	1	1	1	1	0	0	0
OG0007736	1	1	1	2	2	0	0	0	0	1	1	1	1	1	0	0	0
OG0007737	1	2	1	1	2	0	0	0	0	1	1	1	1	1	0	0	0
OG0007739	1	2	1	2	1	0	0	0	0	1	1	1	1	1	0	0	0
OG0007740	1	2	0	1	0	1	1	1	0	1	1	1	1	1	1	1	1
OG0007742	1	1	1	2	2	0	0	0	0	1	1	1	1	1	0	0	0
OG0007745	1	1	1	1	0	1	1	1	0	1	1	1	1	1	1	1	1
OG0007753	5	0	0	2	0	0	0	0	0	3	1	1	1	1	0	0	0
OG0007756	1	1	1	2	0	1	0	0	1	1	1	1	1	1	1	1	1
OG0007766	1	2	0	2	2	0	0	0	0	1	1	1	1	1	0	0	0
OG0007768	1	0	1	2	1	0	2	0	0	1	1	1	1	1	1	1	0
OG0007774	1	1	0	1	0	1	1	1	1	1	1	1	1	1	1	1	1
OG0007775	3	1	1	1	1	0	0	0	0	2	1	1	1	1	0	0	0
OG0007781	1	2	0	2	2	0	0	0	0	1	1	1	1	1	0	0	0
OG0007785	1	2	1	2	1	0	0	0	0	1	1	1	1	1	0	0	0
OG0007789	2	1	1	2	1	0	0	0	0	2	1	1	1	1	0	0	0
OG0007790	1	3	1	2	0	0	0	0	0	1	1	1	1	1	0	0	0
OG0007797	1	1	1	0	0	1	1	1	1	1	1	1	1	0	1	1	1
OG0007799	1	2	0	0	0	1	1	1	1	1	1	1	0	0	1	1	1
OG0007808	1	1	2	0	0	1	0	1	1	1	1	1	1	0	1	1	1
OG0007809	1	1	1	0	0	1	1	1	1	1	1	1	1	0	1	1	1
OG0007812	2	0	1	0	0	1	1	1	1	2	1	1	1	0	1	1	1
OG0007813	1	1	1	0	0	1	1	1	1	1	1	1	1	0	1	1	1
OG0007816	1	1	1	0	0	1	1	1	1	1	1	1	1	0	1	1	1
OG0007817	1	1	1	0	0	1	1	1	1	1	1	1	1	0	1	1	1
OG0007818	1	0	2	0	0	1	1	1	1	1	1	1	1	0	1	1	1
OG0007819	1	2	0	0	0	1	1	1	1	1	1	1	0	0	1	1	1
OG0007820	1	1	1	0	0	1	1	1	1	1	1	1	1	0	1	1	1
OG0007821	1	1	0	0	1	1	1	1	1	1	1	1	1	1	1	1	1
OG0007822	1	1	1	0	0	1	1	1	1	1	1	1	1	0	1	1	1
OG0007825	1	1	1	0	0	1	1	1	1	1	1	1	1	0	1	1	1
OG0007828	1	1	1	0	0	1	1	1	1	1	1	1	1	0	1	1	1
OG0007830	1	0	1	0	1	1	1	1	1	1	1	1	1	1	1	1	1
OG0007831	1	2	0	0	0	1	1	1	1	1	1	1	0	0	1	1	1
OG0007833	1	0	1	0	1	1	1	1	1	1	1	1	1	1	1	1	1
OG0007836	1	1	1	0	0	1	1	1	1	1	1	1	1	0	1	1	1
OG0007838	1	1	1	0	0	1	1	1	1	1	1	1	1	0	1	1	1
OG0007839	1	1	1	0	0	1	1	1	1	1	1	1	1	0	1	1	1
OG0007842	1	1	1	0	0	1	1	1	1	1	1	1	1	0	1	1	1
OG0007843	1	1	1	0	0	1	1	1	1	1	1	1	1	0	1	1	1
OG0007849	1	1	1	0	0	1	1	1	1	1	1	1	1	0	1	1	1
OG0007853	1	0	1	0	0	1	1	1	2	1	1	1	1	0	1	1	1
OG0007854	1	1	1	0	0	1	1	1	1	1	1	1	1	0	1	1	1
OG0007855	1	1	1	0	0	1	1	1	1	1	1	1	1	0	1	1	1
OG0007857	1	1	1	0	0	1	1	1	1	1	1	1	1	0	1	1	1
OG0007862	1	2	0	0	0	1	1	1	1	1	1	1	0	0	1	1	1
OG0007863	1	1	0	0	0	1	1	2	1	1	1	1	0	0	1	1	1
OG0007865	1	1	1	0	0	1	1	1	1	1	1	1	1	0	1	1	1
OG0007866	2	0	0	0	1	1	1	1	1	2	1	1	1	1	1	1	1
OG0007867	1	1	1	0	0	1	1	1	1	1	1	1	1	0	1	1	1
OG0007869	1	1	0	0	1	1	1	1	1	1	1	1	1	1	1	1	1
OG0007870	1	1	1	0	0	1	1	1	1	1	1	1	1	0	1	1	1
OG0007872	2	1	1	0	0	1	1	1	0	2	1	1	1	0	1	1	1
OG0007874	1	1	1	0	0	1	1	1	1	1	1	1	1	0	1	1	1
OG0007876	3	0	0	0	0	1	1	1	1	2	1	0	0	0	1	1	1
OG0007879	1	2	0	0	0	1	1	1	1	1	1	1	0	0	1	1	1
OG0007881	1	0	0	0	0	1	3	1	1	1	1	0	0	0	1	1	1
OG0007882	2	0	2	0	0	1	1	1	0	2	1	1	1	0	1	1	1
OG0007884	1	1	1	0	0	1	1	1	1	1	1	1	1	0	1	1	1
OG0007887	1	1	1	0	0	1	1	1	1	1	1	1	1	0	1	1	1
OG0007891	1	1	0	0	0	1	2	1	1	1	1	1	0	0	1	1	1
OG0007895	1	2	0	0	0	1	1	1	1	1	1	1	0	0	1	1	1
OG0007900	1	1	1	0	0	1	1	1	1	1	1	1	1	0	1	1	1
OG0007902	1	1	1	0	0	1	1	1	1	1	1	1	1	0	1	1	1
OG0007903	1	0	1	0	1	1	1	1	1	1	1	1	1	1	1	1	1
OG0007904	1	2	1	0	0	1	1	1	0	1	1	1	1	0	1	1	1
OG0007905	1	1	1	0	0	1	1	1	1	1	1	1	1	0	1	1	1
OG0007912	2	0	3	0	2	0	0	0	0	2	1	1	1	1	0	0	0
OG0007935	6	0	0	0	1	0	0	0	0	3	1	1	1	1	0	0	0
OG0007943	1	0	3	0	3	0	0	0	0	1	1	1	1	1	0	0	0
OG0007954	1	4	1	0	1	0	0	0	0	1	1	1	1	1	0	0	0
OG0007961	1	0	2	0	4	0	0	0	0	1	1	1	1	1	0	0	0
OG0007966	1	0	5	0	1	0	0	0	0	1	1	1	1	1	0	0	0
OG0007968	1	1	1	0	1	1	1	0	1	1	1	1	1	1	1	1	1
OG0007972	1	2	1	0	3	0	0	0	0	1	1	1	1	1	0	0	0
OG0007977	1	6	0	0	0	0	0	0	0	1	1	1	0	0	0	0	0
OG0007989	1	4	2	0	0	0	0	0	0	1	1	1	1	0	0	0	0
OG0007998	1	5	1	0	0	0	0	0	0	1	1	1	1	0	0	0	0
OG0008034	5	2	0	0	0	0	0	0	0	3	1	1	0	0	0	0	0
OG0008055	1	6	0	0	0	0	0	0	0	1	1	1	0	0	0	0	0
OG0008080	1	0	6	0	0	0	0	0	0	1	1	1	1	0	0	0	0
OG0008083	6	0	1	0	0	0	0	0	0	3	1	1	1	0	0	0	0
OG0008102	1	1	1	2	1	0	0	0	0	1	1	1	1	1	0	0	0
OG0008105	1	1	1	1	2	0	0	0	0	1	1	1	1	1	0	0	0
OG0008120	1	2	1	1	1	0	0	0	0	1	1	1	1	1	0	0	0
OG0008128	1	1	0	2	2	0	0	0	0	1	1	1	1	1	0	0	0
OG0008129	2	0	1	2	1	0	0	0	0	2	1	1	1	1	0	0	0
OG0008130	1	1	1	2	1	0	0	0	0	1	1	1	1	1	0	0	0
OG0008131	1	1	1	2	1	0	0	0	0	1	1	1	1	1	0	0	0
OG0008134	1	1	1	1	2	0	0	0	0	1	1	1	1	1	0	0	0
OG0008136	1	1	1	2	1	0	0	0	0	1	1	1	1	1	0	0	0
OG0008137	1	0	1	1	0	1	0	1	1	1	1	1	1	1	1	1	1
OG0008140	1	1	0	1	2	0	1	0	0	1	1	1	1	1	1	1	0
OG0008145	2	0	1	1	2	0	0	0	0	2	1	1	1	1	0	0	0
OG0008152	1	1	1	1	2	0	0	0	0	1	1	1	1	1	0	0	0
OG0008163	1	0	2	2	1	0	0	0	0	1	1	1	1	1	0	0	0
OG0008164	1	1	1	2	1	0	0	0	0	1	1	1	1	1	0	0	0
OG0008166	1	0	1	2	2	0	0	0	0	1	1	1	1	1	0	0	0
OG0008172	1	1	2	2	0	0	0	0	0	1	1	1	1	1	0	0	0
OG0008174	1	0	0	2	0	1	1	1	0	1	1	1	1	1	1	1	1
OG0008178	1	0	0	4	1	0	0	0	0	1	1	1	1	1	0	0	0
OG0008181	3	1	1	1	0	0	0	0	0	2	1	1	1	1	0	0	0
OG0008190	1	1	2	1	1	0	0	0	0	1	1	1	1	1	0	0	0
OG0008191	1	0	1	2	2	0	0	0	0	1	1	1	1	1	0	0	0
OG0008193	1	0	3	1	1	0	0	0	0	1	1	1	1	1	0	0	0
OG0008197	1	0	1	2	2	0	0	0	0	1	1	1	1	1	0	0	0
OG0008199	1	1	1	1	2	0	0	0	0	1	1	1	1	1	0	0	0
OG0008202	1	1	1	2	1	0	0	0	0	1	1	1	1	1	0	0	0
OG0008203	2	2	1	1	0	0	0	0	0	2	1	1	1	1	0	0	0
OG0008205	1	1	1	2	1	0	0	0	0	1	1	1	1	1	0	0	0
OG0008215	1	1	1	1	2	0	0	0	0	1	1	1	1	1	0	0	0
OG0008218	1	2	0	2	1	0	0	0	0	1	1	1	1	1	0	0	0
OG0008219	2	0	0	2	1	0	1	0	0	2	1	1	1	1	1	1	0
OG0008224	3	0	0	2	0	0	0	0	1	2	1	1	1	1	1	0	1
OG0008227	1	1	1	1	2	0	0	0	0	1	1	1	1	1	0	0	0
OG0008228	1	0	1	2	2	0	0	0	0	1	1	1	1	1	0	0	0
OG0008229	1	0	2	2	1	0	0	0	0	1	1	1	1	1	0	0	0
OG0008231	1	1	1	2	1	0	0	0	0	1	1	1	1	1	0	0	0
OG0008232	1	1	1	2	1	0	0	0	0	1	1	1	1	1	0	0	0
OG0008234	1	2	1	1	1	0	0	0	0	1	1	1	1	1	0	0	0
OG0008251	1	2	1	1	1	0	0	0	0	1	1	1	1	1	0	0	0
OG0008254	1	0	1	2	2	0	0	0	0	1	1	1	1	1	0	0	0
OG0008260	1	0	1	2	2	0	0	0	0	1	1	1	1	1	0	0	0
OG0008264	1	0	2	1	1	0	1	0	0	1	1	1	1	1	1	1	0
OG0008265	2	1	1	2	0	0	0	0	0	2	1	1	1	1	0	0	0
OG0008271	1	0	0	1	1	1	1	1	0	1	1	1	1	1	1	1	1
OG0008276	3	0	2	1	0	0	0	0	0	2	1	1	1	1	0	0	0
OG0008282	1	1	1	1	2	0	0	0	0	1	1	1	1	1	0	0	0
OG0008292	1	0	1	2	2	0	0	0	0	1	1	1	1	1	0	0	0
OG0008293	1	1	0	1	2	0	0	1	0	1	1	1	1	1	1	0	1
OG0008296	1	0	1	0	0	1	2	1	0	1	1	1	1	0	1	1	1
OG0008301	1	0	1	0	0	1	1	1	1	1	1	1	1	0	1	1	1
OG0008310	1	0	1	0	0	1	1	1	1	1	1	1	1	0	1	1	1
OG0008311	1	0	1	0	0	1	1	1	1	1	1	1	1	0	1	1	1
OG0008315	1	0	1	0	0	1	1	1	1	1	1	1	1	0	1	1	1
OG0008319	1	0	1	0	0	1	1	1	1	1	1	1	1	0	1	1	1
OG0008320	1	1	0	0	0	1	1	1	1	1	1	1	0	0	1	1	1
OG0008322	1	1	0	0	0	1	1	1	1	1	1	1	0	0	1	1	1
OG0008323	1	0	1	0	0	1	1	1	1	1	1	1	1	0	1	1	1
OG0008325	1	1	0	0	0	1	1	1	1	1	1	1	0	0	1	1	1
OG0008327	1	0	1	0	0	1	1	1	1	1	1	1	1	0	1	1	1
OG0008328	1	1	0	0	0	1	1	1	1	1	1	1	0	0	1	1	1
OG0008331	1	1	0	0	0	1	1	1	1	1	1	1	0	0	1	1	1
OG0008334	1	1	0	0	0	1	1	1	1	1	1	1	0	0	1	1	1
OG0008342	1	1	0	0	0	1	1	1	1	1	1	1	0	0	1	1	1
OG0008346	1	2	0	0	0	1	0	1	1	1	1	1	0	0	1	1	1
OG0008354	1	1	0	0	0	1	1	1	1	1	1	1	0	0	1	1	1
OG0008355	1	0	1	0	0	1	1	1	1	1	1	1	1	0	1	1	1
OG0008356	1	1	0	0	0	1	1	1	1	1	1	1	0	0	1	1	1
OG0008359	1	0	1	0	0	1	1	1	1	1	1	1	1	0	1	1	1
OG0008364	1	1	0	0	0	1	1	1	1	1	1	1	0	0	1	1	1
OG0008367	1	0	1	0	0	1	1	1	1	1	1	1	1	0	1	1	1
OG0008370	1	1	0	0	0	1	1	1	1	1	1	1	0	0	1	1	1
OG0008377	1	0	1	0	0	1	1	1	1	1	1	1	1	0	1	1	1
OG0008389	2	0	0	0	0	1	1	1	1	2	1	0	0	0	1	1	1
OG0008390	1	1	0	0	0	1	1	1	1	1	1	1	0	0	1	1	1
OG0008404	2	0	0	0	0	1	1	1	1	2	1	0	0	0	1	1	1
OG0008413	1	0	1	0	0	1	1	1	1	1	1	1	1	0	1	1	1
OG0008414	1	1	0	0	0	1	1	1	1	1	1	1	0	0	1	1	1
OG0008418	1	0	1	0	0	1	1	1	1	1	1	1	1	0	1	1	1
OG0008419	1	1	0	0	0	1	1	1	1	1	1	1	0	0	1	1	1
OG0008421	1	0	1	0	0	1	1	1	1	1	1	1	1	0	1	1	1
OG0008430	1	1	0	0	0	1	1	1	1	1	1	1	0	0	1	1	1
OG0008434	1	1	1	0	0	1	1	1	0	1	1	1	1	0	1	1	1
OG0008436	1	1	1	0	0	1	0	1	1	1	1	1	1	0	1	1	1
OG0008439	1	1	1	0	0	1	1	1	0	1	1	1	1	0	1	1	1
OG0008442	1	1	1	0	0	1	0	1	1	1	1	1	1	0	1	1	1
OG0008462	3	0	0	0	2	0	1	0	0	2	1	1	1	1	1	1	0
OG0008466	1	0	0	0	5	0	0	0	0	1	1	1	1	1	0	0	0
OG0008486	1	1	1	0	3	0	0	0	0	1	1	1	1	1	0	0	0
OG0008495	1	0	3	0	2	0	0	0	0	1	1	1	1	1	0	0	0
OG0008498	1	1	1	0	3	0	0	0	0	1	1	1	1	1	0	0	0
OG0008505	1	2	1	0	1	0	1	0	0	1	1	1	1	1	1	1	0
OG0008512	2	1	1	0	2	0	0	0	0	2	1	1	1	1	0	0	0
OG0008518	1	0	2	0	3	0	0	0	0	1	1	1	1	1	0	0	0
OG0008522	3	3	0	0	0	0	0	0	0	2	1	1	0	0	0	0	0
OG0008532	1	5	0	0	0	0	0	0	0	1	1	1	0	0	0	0	0
OG0008545	1	1	1	0	0	1	1	0	1	1	1	1	1	0	1	1	1
OG0008553	2	4	0	0	0	0	0	0	0	2	1	1	0	0	0	0	0
OG0008597	1	5	0	0	0	0	0	0	0	1	1	1	0	0	0	0	0
OG0008607	1	4	1	0	0	0	0	0	0	1	1	1	1	0	0	0	0
OG0008627	1	2	3	0	0	0	0	0	0	1	1	1	1	0	0	0	0
OG0008652	2	4	0	0	0	0	0	0	0	2	1	1	0	0	0	0	0
OG0008658	1	4	1	0	0	0	0	0	0	1	1	1	1	0	0	0	0
OG0008718	1	1	1	1	1	0	0	0	0	1	1	1	1	1	0	0	0
OG0008730	1	0	1	2	1	0	0	0	0	1	1	1	1	1	0	0	0
OG0008740	1	2	1	1	0	0	0	0	0	1	1	1	1	1	0	0	0
OG0008741	1	0	0	2	2	0	0	0	0	1	1	1	1	1	0	0	0
OG0008746	2	0	0	2	1	0	0	0	0	2	1	1	1	1	0	0	0
OG0008762	1	2	1	1	0	0	0	0	0	1	1	1	1	1	0	0	0
OG0008766	1	0	1	2	1	0	0	0	0	1	1	1	1	1	0	0	0
OG0008772	1	1	1	2	0	0	0	0	0	1	1	1	1	1	0	0	0
OG0008777	1	1	1	2	0	0	0	0	0	1	1	1	1	1	0	0	0
OG0008779	1	1	1	2	0	0	0	0	0	1	1	1	1	1	0	0	0
OG0008782	1	2	1	1	0	0	0	0	0	1	1	1	1	1	0	0	0
OG0008786	1	1	1	2	0	0	0	0	0	1	1	1	1	1	0	0	0
OG0008791	1	1	1	2	0	0	0	0	0	1	1	1	1	1	0	0	0
OG0008795	1	1	1	1	1	0	0	0	0	1	1	1	1	1	0	0	0
OG0008814	1	0	1	2	1	0	0	0	0	1	1	1	1	1	0	0	0
OG0008817	1	2	1	1	0	0	0	0	0	1	1	1	1	1	0	0	0
OG0008821	1	2	1	1	0	0	0	0	0	1	1	1	1	1	0	0	0
OG0008833	1	2	1	1	0	0	0	0	0	1	1	1	1	1	0	0	0
OG0008835	1	0	1	2	1	0	0	0	0	1	1	1	1	1	0	0	0
OG0008838	1	0	1	2	1	0	0	0	0	1	1	1	1	1	0	0	0
OG0008839	3	0	0	2	0	0	0	0	0	2	1	1	1	1	0	0	0
OG0008840	1	1	1	2	0	0	0	0	0	1	1	1	1	1	0	0	0
OG0008844	1	1	1	2	0	0	0	0	0	1	1	1	1	1	0	0	0
OG0008860	1	2	0	1	1	0	0	0	0	1	1	1	1	1	0	0	0
OG0008865	1	0	1	2	1	0	0	0	0	1	1	1	1	1	0	0	0
OG0008867	1	1	1	2	0	0	0	0	0	1	1	1	1	1	0	0	0
OG0008868	1	1	1	1	1	0	0	0	0	1	1	1	1	1	0	0	0
OG0008873	1	1	1	1	1	0	0	0	0	1	1	1	1	1	0	0	0
OG0008874	1	2	1	1	0	0	0	0	0	1	1	1	1	1	0	0	0
OG0008876	1	0	1	2	1	0	0	0	0	1	1	1	1	1	0	0	0
OG0008881	1	1	1	1	1	0	0	0	0	1	1	1	1	1	0	0	0
OG0008883	2	1	1	1	0	0	0	0	0	2	1	1	1	1	0	0	0
OG0008886	1	3	0	1	0	0	0	0	0	1	1	1	1	1	0	0	0
OG0008896	1	0	1	1	2	0	0	0	0	1	1	1	1	1	0	0	0
OG0008909	1	0	1	2	1	0	0	0	0	1	1	1	1	1	0	0	0
OG0008912	1	1	2	1	0	0	0	0	0	1	1	1	1	1	0	0	0
OG0008914	1	0	1	1	2	0	0	0	0	1	1	1	1	1	0	0	0
OG0008919	1	0	1	2	1	0	0	0	0	1	1	1	1	1	0	0	0
OG0008920	1	1	1	1	1	0	0	0	0	1	1	1	1	1	0	0	0
OG0008924	1	0	1	2	1	0	0	0	0	1	1	1	1	1	0	0	0
OG0008927	1	1	1	2	0	0	0	0	0	1	1	1	1	1	0	0	0
OG0008931	3	0	1	1	0	0	0	0	0	2	1	1	1	1	0	0	0
OG0008940	1	1	1	1	1	0	0	0	0	1	1	1	1	1	0	0	0
OG0008943	1	1	1	1	1	0	0	0	0	1	1	1	1	1	0	0	0
OG0008953	1	0	1	2	1	0	0	0	0	1	1	1	1	1	0	0	0
OG0008954	1	1	1	1	1	0	0	0	0	1	1	1	1	1	0	0	0
OG0008957	1	0	0	2	2	0	0	0	0	1	1	1	1	1	0	0	0
OG0008960	1	1	1	2	0	0	0	0	0	1	1	1	1	1	0	0	0
OG0008966	1	0	0	0	0	1	1	1	1	1	1	0	0	0	1	1	1
OG0008970	1	0	0	0	0	1	1	1	1	1	1	0	0	0	1	1	1
OG0008996	1	0	0	0	0	1	1	1	1	1	1	0	0	0	1	1	1
OG0009009	1	0	0	0	0	1	1	1	1	1	1	0	0	0	1	1	1
OG0009011	1	0	0	0	0	1	1	1	1	1	1	0	0	0	1	1	1
OG0009014	1	0	0	0	0	1	1	1	1	1	1	0	0	0	1	1	1
OG0009035	1	1	1	0	0	1	0	1	0	1	1	1	1	0	1	1	1
OG0009039	1	2	0	0	0	0	1	1	0	1	1	1	0	0	1	1	1
OG0009080	1	0	0	0	0	1	1	1	1	1	1	0	0	0	1	1	1
OG0009086	1	0	0	0	0	1	1	1	1	1	1	0	0	0	1	1	1
OG0009094	1	0	0	0	0	1	1	1	1	1	1	0	0	0	1	1	1
OG0009096	1	0	0	0	0	1	1	1	1	1	1	0	0	0	1	1	1
OG0009108	1	0	0	0	0	1	1	1	1	1	1	0	0	0	1	1	1
OG0009119	1	0	0	0	0	1	1	1	1	1	1	0	0	0	1	1	1
OG0009120	1	0	0	0	0	1	1	1	1	1	1	0	0	0	1	1	1
OG0009124	1	0	0	0	0	1	1	1	1	1	1	0	0	0	1	1	1
OG0009143	1	1	0	0	0	1	1	1	0	1	1	1	0	0	1	1	1
OG0009154	1	0	0	0	2	0	0	1	1	1	1	1	1	1	1	0	1
OG0009162	1	0	0	0	0	1	1	1	1	1	1	0	0	0	1	1	1
OG0009163	1	0	0	0	0	1	1	1	1	1	1	0	0	0	1	1	1
OG0009167	1	0	0	0	0	1	1	1	1	1	1	0	0	0	1	1	1
OG0009170	1	0	0	0	0	1	1	1	1	1	1	0	0	0	1	1	1
OG0009189	1	2	1	0	1	0	0	0	0	1	1	1	1	1	0	0	0
OG0009213	2	0	0	0	3	0	0	0	0	2	1	1	1	1	0	0	0
OG0009222	1	0	0	0	4	0	0	0	0	1	1	1	1	1	0	0	0
OG0009226	1	1	2	0	1	0	0	0	0	1	1	1	1	1	0	0	0
OG0009251	4	0	0	0	1	0	0	0	0	3	1	1	1	1	0	0	0
OG0009255	1	1	1	0	2	0	0	0	0	1	1	1	1	1	0	0	0
OG0009264	2	0	0	0	3	0	0	0	0	2	1	1	1	1	0	0	0
OG0009283	2	0	1	0	2	0	0	0	0	2	1	1	1	1	0	0	0
OG0009307	1	4	0	0	0	0	0	0	0	1	1	1	0	0	0	0	0
OG0009308	1	1	1	0	0	1	1	0	0	1	1	1	1	0	1	1	0
OG0009330	1	4	0	0	0	0	0	0	0	1	1	1	0	0	0	0	0
OG0009408	1	3	1	0	0	0	0	0	0	1	1	1	1	0	0	0	0
OG0009414	1	3	1	0	0	0	0	0	0	1	1	1	1	0	0	0	0
OG0009418	1	2	0	0	0	1	1	0	0	1	1	1	0	0	1	1	0
OG0009434	1	4	0	0	0	0	0	0	0	1	1	1	0	0	0	0	0
OG0009478	1	4	0	0	0	0	0	0	0	1	1	1	0	0	0	0	0
OG0009492	1	0	4	0	0	0	0	0	0	1	1	1	1	0	0	0	0
OG0009515	3	0	2	0	0	0	0	0	0	2	1	1	1	0	0	0	0
OG0009563	1	0	1	2	0	0	0	0	0	1	1	1	1	1	0	0	0
OG0009565	1	1	0	1	1	0	0	0	0	1	1	1	1	1	0	0	0
OG0009568	2	0	0	2	0	0	0	0	0	2	1	1	1	1	0	0	0
OG0009613	1	1	1	1	0	0	0	0	0	1	1	1	1	1	0	0	0
OG0009616	1	1	1	1	0	0	0	0	0	1	1	1	1	1	0	0	0
OG0009625	1	0	0	2	1	0	0	0	0	1	1	1	1	1	0	0	0
OG0009631	1	1	1	1	0	0	0	0	0	1	1	1	1	1	0	0	0
OG0009641	1	1	1	1	0	0	0	0	0	1	1	1	1	1	0	0	0
OG0009642	1	0	1	1	1	0	0	0	0	1	1	1	1	1	0	0	0
OG0009649	1	1	0	2	0	0	0	0	0	1	1	1	1	1	0	0	0
OG0009679	1	0	1	1	1	0	0	0	0	1	1	1	1	1	0	0	0
OG0009706	1	0	1	1	1	0	0	0	0	1	1	1	1	1	0	0	0
OG0009724	1	0	1	2	0	0	0	0	0	1	1	1	1	1	0	0	0
OG0009739	1	0	1	2	0	0	0	0	0	1	1	1	1	1	0	0	0
OG0009745	1	0	1	2	0	0	0	0	0	1	1	1	1	1	0	0	0
OG0009761	1	0	0	2	0	0	1	0	0	1	1	1	1	1	1	1	0
OG0009764	1	1	1	1	0	0	0	0	0	1	1	1	1	1	0	0	0
OG0009779	1	0	0	2	1	0	0	0	0	1	1	1	1	1	0	0	0
OG0009790	1	0	0	1	2	0	0	0	0	1	1	1	1	1	0	0	0
OG0009796	1	0	1	2	0	0	0	0	0	1	1	1	1	1	0	0	0
OG0009803	1	0	0	3	0	0	0	0	0	1	1	1	1	1	0	0	0
OG0009822	1	1	0	2	0	0	0	0	0	1	1	1	1	1	0	0	0
OG0009833	1	0	1	1	1	0	0	0	0	1	1	1	1	1	0	0	0
OG0009838	2	0	0	2	0	0	0	0	0	2	1	1	1	1	0	0	0
OG0009848	1	1	1	1	0	0	0	0	0	1	1	1	1	1	0	0	0
OG0009852	1	0	1	2	0	0	0	0	0	1	1	1	1	1	0	0	0
OG0009853	1	0	1	1	1	0	0	0	0	1	1	1	1	1	0	0	0
OG0009858	1	0	1	1	1	0	0	0	0	1	1	1	1	1	0	0	0
OG0009859	1	2	0	1	0	0	0	0	0	1	1	1	1	1	0	0	0
OG0009878	1	0	0	2	1	0	0	0	0	1	1	1	1	1	0	0	0
OG0009884	1	0	1	1	1	0	0	0	0	1	1	1	1	1	0	0	0
OG0009904	1	0	0	0	0	1	1	1	0	1	1	0	0	0	1	1	1
OG0010027	1	0	0	0	0	1	0	1	1	1	1	0	0	0	1	1	1
OG0010038	1	0	0	0	0	1	1	1	0	1	1	0	0	0	1	1	1
OG0010334	1	0	0	0	0	0	1	1	1	1	1	0	0	0	1	1	1
OG0010419	1	0	0	0	0	1	1	1	0	1	1	0	0	0	1	1	1
OG0010548	1	0	0	0	0	1	0	1	1	1	1	0	0	0	1	1	1
OG0010643	1	0	1	0	2	0	0	0	0	1	1	1	1	1	0	0	0
OG0010649	3	0	0	0	1	0	0	0	0	2	1	1	1	1	0	0	0
OG0010709	2	0	0	0	2	0	0	0	0	2	1	1	1	1	0	0	0
OG0010742	1	1	1	0	1	0	0	0	0	1	1	1	1	1	0	0	0
OG0010767	1	0	1	0	2	0	0	0	0	1	1	1	1	1	0	0	0
OG0010774	1	0	0	0	3	0	0	0	0	1	1	1	1	1	0	0	0
OG0010775	2	0	0	0	2	0	0	0	0	2	1	1	1	1	0	0	0
OG0010781	3	0	0	0	1	0	0	0	0	2	1	1	1	1	0	0	0
OG0010806	1	0	1	0	2	0	0	0	0	1	1	1	1	1	0	0	0
OG0010811	1	0	1	0	1	0	1	0	0	1	1	1	1	1	1	1	0
OG0010812	1	0	0	0	3	0	0	0	0	1	1	1	1	1	0	0	0
OG0010828	1	0	1	0	2	0	0	0	0	1	1	1	1	1	0	0	0
OG0010842	2	0	1	0	1	0	0	0	0	2	1	1	1	1	0	0	0
OG0010845	1	0	2	0	1	0	0	0	0	1	1	1	1	1	0	0	0
OG0010863	2	1	1	0	0	0	0	0	0	2	1	1	1	0	0	0	0
OG0010866	3	1	0	0	0	0	0	0	0	2	1	1	0	0	0	0	0
OG0010869	1	2	1	0	0	0	0	0	0	1	1	1	1	0	0	0	0
OG0010874	1	3	0	0	0	0	0	0	0	1	1	1	0	0	0	0	0
OG0010877	1	3	0	0	0	0	0	0	0	1	1	1	0	0	0	0	0
OG0010881	1	3	0	0	0	0	0	0	0	1	1	1	0	0	0	0	0
OG0010945	1	2	1	0	0	0	0	0	0	1	1	1	1	0	0	0	0
OG0010989	2	1	1	0	0	0	0	0	0	2	1	1	1	0	0	0	0
OG0011010	3	1	0	0	0	0	0	0	0	2	1	1	0	0	0	0	0
OG0011032	1	2	1	0	0	0	0	0	0	1	1	1	1	0	0	0	0
OG0011077	2	2	0	0	0	0	0	0	0	2	1	1	0	0	0	0	0
OG0011104	1	2	1	0	0	0	0	0	0	1	1	1	1	0	0	0	0
OG0011119	2	1	1	0	0	0	0	0	0	2	1	1	1	0	0	0	0
OG0011123	2	2	0	0	0	0	0	0	0	2	1	1	0	0	0	0	0
OG0011135	1	3	0	0	0	0	0	0	0	1	1	1	0	0	0	0	0
OG0011153	1	0	0	0	0	1	1	0	1	1	1	0	0	0	1	1	1
OG0011160	1	0	0	0	0	1	1	0	1	1	1	0	0	0	1	1	1
OG0011176	2	0	2	0	0	0	0	0	0	2	1	1	1	0	0	0	0
OG0011242	1	0	0	0	0	0	3	0	0	1	1	0	0	0	1	1	0
OG0011308	1	0	1	1	0	0	0	0	0	1	1	1	1	1	0	0	0
OG0011316	1	0	0	2	0	0	0	0	0	1	1	1	1	1	0	0	0
OG0011334	1	0	1	1	0	0	0	0	0	1	1	1	1	1	0	0	0
OG0011354	1	0	1	1	0	0	0	0	0	1	1	1	1	1	0	0	0
OG0011373	1	0	0	1	1	0	0	0	0	1	1	1	1	1	0	0	0
OG0011380	1	0	1	1	0	0	0	0	0	1	1	1	1	1	0	0	0
OG0011393	1	0	1	1	0	0	0	0	0	1	1	1	1	1	0	0	0
OG0011420	1	0	0	2	0	0	0	0	0	1	1	1	1	1	0	0	0
OG0011433	1	0	1	1	0	0	0	0	0	1	1	1	1	1	0	0	0
OG0011459	1	0	1	1	0	0	0	0	0	1	1	1	1	1	0	0	0
OG0011500	1	0	1	1	0	0	0	0	0	1	1	1	1	1	0	0	0
OG0011516	1	0	1	1	0	0	0	0	0	1	1	1	1	1	0	0	0
OG0011532	1	0	1	1	0	0	0	0	0	1	1	1	1	1	0	0	0
OG0011535	1	0	0	2	0	0	0	0	0	1	1	1	1	1	0	0	0
OG0011567	1	0	0	2	0	0	0	0	0	1	1	1	1	1	0	0	0
OG0011586	1	0	1	1	0	0	0	0	0	1	1	1	1	1	0	0	0
OG0011605	1	0	0	2	0	0	0	0	0	1	1	1	1	1	0	0	0
OG0011607	2	0	0	1	0	0	0	0	0	2	1	1	1	1	0	0	0
OG0011622	1	0	1	1	0	0	0	0	0	1	1	1	1	1	0	0	0
OG0011630	1	1	0	1	0	0	0	0	0	1	1	1	1	1	0	0	0
OG0011674	1	0	0	1	1	0	0	0	0	1	1	1	1	1	0	0	0
OG0011684	1	0	0	1	1	0	0	0	0	1	1	1	1	1	0	0	0
OG0012026	1	0	0	0	2	0	0	0	0	1	1	1	1	1	0	0	0
OG0012142	1	1	0	0	1	0	0	0	0	1	1	1	1	1	0	0	0
OG0012163	2	0	0	0	1	0	0	0	0	2	1	1	1	1	0	0	0
OG0012170	1	0	0	0	2	0	0	0	0	1	1	1	1	1	0	0	0
OG0012205	1	0	0	0	2	0	0	0	0	1	1	1	1	1	0	0	0
OG0012235	2	0	0	0	1	0	0	0	0	2	1	1	1	1	0	0	0
OG0012266	2	0	0	0	1	0	0	0	0	2	1	1	1	1	0	0	0
OG0012273	1	0	1	0	1	0	0	0	0	1	1	1	1	1	0	0	0
OG0012302	2	1	0	0	0	0	0	0	0	2	1	1	0	0	0	0	0
OG0012303	1	1	1	0	0	0	0	0	0	1	1	1	1	0	0	0	0
OG0012325	1	1	1	0	0	0	0	0	0	1	1	1	1	0	0	0	0
OG0012327	1	2	0	0	0	0	0	0	0	1	1	1	0	0	0	0	0
OG0012348	1	1	1	0	0	0	0	0	0	1	1	1	1	0	0	0	0
OG0012404	1	2	0	0	0	0	0	0	0	1	1	1	0	0	0	0	0
OG0012405	1	2	0	0	0	0	0	0	0	1	1	1	0	0	0	0	0
OG0012444	1	1	1	0	0	0	0	0	0	1	1	1	1	0	0	0	0
OG0012469	1	2	0	0	0	0	0	0	0	1	1	1	0	0	0	0	0
OG0012536	1	1	1	0	0	0	0	0	0	1	1	1	1	0	0	0	0
OG0012542	1	1	1	0	0	0	0	0	0	1	1	1	1	0	0	0	0
OG0012590	1	1	1	0	0	0	0	0	0	1	1	1	1	0	0	0	0
OG0012622	1	2	0	0	0	0	0	0	0	1	1	1	0	0	0	0	0
OG0012634	1	1	1	0	0	0	0	0	0	1	1	1	1	0	0	0	0
OG0012680	1	2	0	0	0	0	0	0	0	1	1	1	0	0	0	0	0
OG0012696	1	2	0	0	0	0	0	0	0	1	1	1	0	0	0	0	0
OG0012699	1	2	0	0	0	0	0	0	0	1	1	1	0	0	0	0	0
OG0012733	1	2	0	0	0	0	0	0	0	1	1	1	0	0	0	0	0
OG0012744	1	2	0	0	0	0	0	0	0	1	1	1	0	0	0	0	0
OG0012829	2	0	1	0	0	0	0	0	0	2	1	1	1	0	0	0	0
OG0012842	2	0	1	0	0	0	0	0	0	2	1	1	1	0	0	0	0
OG0012844	1	0	2	0	0	0	0	0	0	1	1	1	1	0	0	0	0
OG0012861	1	0	2	0	0	0	0	0	0	1	1	1	1	0	0	0	0
OG0012876	2	0	1	0	0	0	0	0	0	2	1	1	1	0	0	0	0
OG0012885	1	0	2	0	0	0	0	0	0	1	1	1	1	0	0	0	0
OG0013120	1	0	0	1	0	0	0	0	0	1	1	1	1	1	0	0	0
OG0013187	1	0	0	1	0	0	0	0	0	1	1	1	1	1	0	0	0
OG0013214	1	0	0	1	0	0	0	0	0	1	1	1	1	1	0	0	0
OG0013228	1	0	0	1	0	0	0	0	0	1	1	1	1	1	0	0	0
OG0013526	1	0	0	1	0	0	0	0	0	1	1	1	1	1	0	0	0
OG0013963	1	0	0	1	0	0	0	0	0	1	1	1	1	1	0	0	0
OG0014014	1	0	0	1	0	0	0	0	0	1	1	1	1	1	0	0	0
OG0014126	1	0	0	1	0	0	0	0	0	1	1	1	1	1	0	0	0
OG0014205	1	0	0	0	0	0	0	1	0	1	1	0	0	0	1	0	1
OG0014384	1	0	0	0	1	0	0	0	0	1	1	1	1	1	0	0	0
OG0014542	1	0	0	0	1	0	0	0	0	1	1	1	1	1	0	0	0
OG0014845	1	0	0	0	1	0	0	0	0	1	1	1	1	1	0	0	0
OG0014899	1	0	0	0	1	0	0	0	0	1	1	1	1	1	0	0	0
OG0015109	1	0	0	0	1	0	0	0	0	1	1	1	1	1	0	0	0
OG0015115	1	0	0	0	1	0	0	0	0	1	1	1	1	1	0	0	0
OG0015127	1	0	0	0	1	0	0	0	0	1	1	1	1	1	0	0	0
OG0015152	1	0	0	0	1	0	0	0	0	1	1	1	1	1	0	0	0
OG0015212	1	0	0	0	1	0	0	0	0	1	1	1	1	1	0	0	0
OG0015344	1	1	0	0	0	0	0	0	0	1	1	1	0	0	0	0	0
OG0015349	1	1	0	0	0	0	0	0	0	1	1	1	0	0	0	0	0
OG0015367	1	1	0	0	0	0	0	0	0	1	1	1	0	0	0	0	0
OG0015411	1	1	0	0	0	0	0	0	0	1	1	1	0	0	0	0	0
OG0015469	1	1	0	0	0	0	0	0	0	1	1	1	0	0	0	0	0
OG0015483	1	1	0	0	0	0	0	0	0	1	1	1	0	0	0	0	0
OG0015520	1	1	0	0	0	0	0	0	0	1	1	1	0	0	0	0	0
OG0015549	1	1	0	0	0	0	0	0	0	1	1	1	0	0	0	0	0
OG0015577	1	1	0	0	0	0	0	0	0	1	1	1	0	0	0	0	0
OG0015590	1	1	0	0	0	0	0	0	0	1	1	1	0	0	0	0	0
OG0015609	1	1	0	0	0	0	0	0	0	1	1	1	0	0	0	0	0
OG0015658	1	1	0	0	0	0	0	0	0	1	1	1	0	0	0	0	0
OG0015765	1	1	0	0	0	0	0	0	0	1	1	1	0	0	0	0	0
OG0015777	1	1	0	0	0	0	0	0	0	1	1	1	0	0	0	0	0
OG0015888	1	1	0	0	0	0	0	0	0	1	1	1	0	0	0	0	0
OG0015915	1	1	0	0	0	0	0	0	0	1	1	1	0	0	0	0	0
OG0015989	1	1	0	0	0	0	0	0	0	1	1	1	0	0	0	0	0
OG0016150	1	1	0	0	0	0	0	0	0	1	1	1	0	0	0	0	0
OG0016222	1	1	0	0	0	0	0	0	0	1	1	1	0	0	0	0	0
OG0016249	1	1	0	0	0	0	0	0	0	1	1	1	0	0	0	0	0
OG0016298	1	1	0	0	0	0	0	0	0	1	1	1	0	0	0	0	0
OG0016322	1	1	0	0	0	0	0	0	0	1	1	1	0	0	0	0	0
OG0016344	1	0	0	0	0	0	0	0	1	1	1	0	0	0	1	0	1
OG0016366	1	0	1	0	0	0	0	0	0	1	1	1	1	0	0	0	0
OG0016369	1	0	1	0	0	0	0	0	0	1	1	1	1	0	0	0	0
OG0016373	1	0	1	0	0	0	0	0	0	1	1	1	1	0	0	0	0
OG0016376	1	0	1	0	0	0	0	0	0	1	1	1	1	0	0	0	0
OG0016392	1	0	1	0	0	0	0	0	0	1	1	1	1	0	0	0	0
OG0016400	1	0	1	0	0	0	0	0	0	1	1	1	1	0	0	0	0
OG0016407	1	0	1	0	0	0	0	0	0	1	1	1	1	0	0	0	0
OG0016434	1	0	1	0	0	0	0	0	0	1	1	1	1	0	0	0	0
OG0016439	1	0	1	0	0	0	0	0	0	1	1	1	1	0	0	0	0
OG0016469	1	0	1	0	0	0	0	0	0	1	1	1	1	0	0	0	0
OG0016473	1	0	1	0	0	0	0	0	0	1	1	1	1	0	0	0	0
OG0016474	1	0	1	0	0	0	0	0	0	1	1	1	1	0	0	0	0
OG0016475	1	0	1	0	0	0	0	0	0	1	1	1	1	0	0	0	0
OG0016520	1	0	1	0	0	0	0	0	0	1	1	1	1	0	0	0	0
OG0016530	1	0	1	0	0	0	0	0	0	1	1	1	1	0	0	0	0
OG0016534	1	0	1	0	0	0	0	0	0	1	1	1	1	0	0	0	0
OG0016546	1	0	1	0	0	0	0	0	0	1	1	1	1	0	0	0	0
OG0016550	1	0	1	0	0	0	0	0	0	1	1	1	1	0	0	0	0
OG0016566	1	0	1	0	0	0	0	0	0	1	1	1	1	0	0	0	0
OG0016569	1	0	1	0	0	0	0	0	0	1	1	1	1	0	0	0	0
OG0016593	1	0	1	0	0	0	0	0	0	1	1	1	1	0	0	0	0
OG0016603	1	0	1	0	0	0	0	0	0	1	1	1	1	0	0	0	0
OG0016606	1	0	1	0	0	0	0	0	0	1	1	1	1	0	0	0	0
OG0016618	1	0	1	0	0	0	0	0	0	1	1	1	1	0	0	0	0
OG0016622	1	0	1	0	0	0	0	0	0	1	1	1	1	0	0	0	0
OG0016628	1	0	1	0	0	0	0	0	0	1	1	1	1	0	0	0	0
OG0016644	1	0	1	0	0	0	0	0	0	1	1	1	1	0	0	0	0
OG0016653	1	0	1	0	0	0	0	0	0	1	1	1	1	0	0	0	0
OG0016658	1	0	1	0	0	0	0	0	0	1	1	1	1	0	0	0	0
OG0016677	1	0	1	0	0	0	0	0	0	1	1	1	1	0	0	0	0
OG0016678	1	0	1	0	0	0	0	0	0	1	1	1	1	0	0	0	0
OG0016683	1	0	1	0	0	0	0	0	0	1	1	1	1	0	0	0	0
OG0016692	1	0	1	0	0	0	0	0	0	1	1	1	1	0	0	0	0
OG0016695	1	0	1	0	0	0	0	0	0	1	1	1	1	0	0	0	0
OG0016699	1	0	1	0	0	0	0	0	0	1	1	1	1	0	0	0	0
OG0016701	1	0	1	0	0	0	0	0	0	1	1	1	1	0	0	0	0
OG0016769	1	0	0	0	0	0	1	0	0	1	1	0	0	0	1	1	0
OG0016933	1	0	0	0	0	0	1	0	0	1	1	0	0	0	1	1	0
