FamilyID	Spla<1>	Dare<2>	Neve<3>	Auco<4>	Clhe<5>	TrH2<6>	TrH1<7>	ClH23<8>	HoH13<9>	<10>	<11>	<12>	<13>	<14>	<15>	<16>	<17>
OG0000008	-13	-5	30	21	9	0	0	-2	0	0	17	8	14	9	-14	0	-1
OG0000012	18	30	3	-9	-14	-4	10	-4	2	0	-16	-1	-6	-13	-13	-1	-1
OG0000013	-11	57	-1	-6	-6	0	1	4	-1	0	13	1	-3	-5	12	-1	2
OG0000015	-11	11	8	-5	25	0	0	-1	5	0	15	5	5	4	-7	-6	3
OG0000016	0	-7	0	-6	-1	0	0	9	-5	0	0	-3	-2	-2	36	3	3
OG0000020	-6	66	0	-4	-4	0	2	0	0	0	6	3	-2	-4	-5	1	-1
OG0000025	-4	-6	5	2	-6	4	-6	-3	4	0	4	-1	0	-1	24	4	1
OG0000026	-4	-3	15	6	-13	-1	3	-3	10	0	4	0	1	-2	5	-3	2
OG0000027	26	11	0	-3	-5	-1	1	0	0	0	-21	0	-2	-3	-24	-1	-1
OG0000029	-7	27	13	-2	12	0	0	0	0	0	7	9	4	2	-23	0	0
OG0000031	14	-1	6	2	-12	0	2	-1	1	0	-12	-1	-1	-4	-10	-1	0
OG0000032	8	9	-10	-6	3	-1	2	-7	17	0	-7	-2	-4	-1	2	-2	2
OG0000033	-4	28	-1	3	-5	0	0	0	-1	0	4	2	-1	0	-6	-1	0
OG0000034	-5	41	-1	-2	-4	1	-1	0	-1	0	5	0	-5	-6	14	3	0
OG0000035	22	3	-2	3	-5	0	0	0	0	0	-19	0	-1	0	-18	0	-1
OG0000036	-8	50	5	3	0	0	0	0	-1	0	9	9	1	1	-14	0	0
OG0000038	-8	28	-1	0	-3	0	1	-2	1	0	9	1	0	-1	2	2	0
OG0000040	0	7	0	-1	-7	0	2	2	0	0	0	-1	-2	-3	5	-1	1
OG0000043	-4	78	-4	-3	0	0	1	1	-3	0	4	2	-1	-1	-10	-1	0
OG0000046	0	-3	0	-2	-3	-1	7	2	-3	0	0	-1	-1	-2	23	8	-1
OG0000047	-7	35	6	-11	26	0	0	0	0	0	8	7	2	1	-14	-1	0
OG0000049	-3	68	-4	-1	-3	0	0	0	0	0	4	2	-1	-1	-9	0	0
OG0000050	-2	46	-8	4	-5	0	-2	0	0	0	1	1	-1	-1	-7	-1	0
OG0000052	18	-1	-7	-6	28	0	1	0	0	0	-15	0	0	3	-16	0	0
OG0000053	-5	1	6	4	20	0	0	0	0	0	5	5	7	7	-11	0	0
OG0000054	17	14	-6	-3	-2	0	-1	0	0	0	-14	-1	-3	-1	-12	0	-1
OG0000055	-3	-6	7	0	-3	0	3	3	-2	0	2	0	0	-1	17	1	1
OG0000056	-7	21	5	-3	5	0	0	-1	0	0	8	4	0	0	-4	0	0
OG0000057	-6	23	4	-6	-2	0	0	-2	2	0	7	0	-1	-4	7	1	1
OG0000058	-3	45	-3	-2	-1	0	0	0	-1	0	2	1	-1	-1	-6	0	0
OG0000059	-4	2	-6	10	40	-1	2	-1	0	0	4	3	4	16	-8	0	0
OG0000060	4	-3	-1	0	-3	-1	4	-3	7	0	-3	-4	-2	-1	16	1	1
OG0000061	-3	16	4	3	-1	0	1	0	1	0	3	2	1	0	-10	-1	0
OG0000062	-3	6	-4	-6	5	-3	6	1	1	0	3	0	-1	-1	16	-1	5
OG0000069	1	-4	-3	-4	9	0	2	0	0	0	-2	0	0	0	5	2	-1
OG0000071	-5	1	20	-1	10	-1	0	-1	0	0	6	4	6	1	-10	0	0
OG0000072	-2	43	-4	-2	0	0	1	0	0	0	2	1	-1	-1	-7	0	-1
OG0000073	5	39	-6	0	-5	0	2	0	0	0	-4	0	-4	-2	-9	0	-1
OG0000075	-1	58	-6	-1	-2	0	-2	0	0	0	1	0	-2	-1	-7	0	0
OG0000077	-1	-5	-1	4	55	0	0	0	0	0	1	1	6	15	-6	0	0
OG0000078	-4	24	9	1	-4	0	0	-1	0	0	4	3	1	-1	-13	-1	0
OG0000080	-5	10	26	-5	7	0	0	0	0	0	6	7	5	0	-12	0	0
OG0000081	-3	47	-4	1	-1	0	0	0	-1	0	4	2	-1	0	-7	0	0
OG0000082	-5	6	1	-3	3	0	1	1	-1	0	6	1	0	0	5	-1	1
OG0000085	0	5	0	0	-5	0	-1	4	-3	0	0	0	-3	-3	10	2	0
OG0000086	-4	9	-2	2	-1	0	1	4	-2	0	5	0	0	1	4	-2	2
OG0000087	-2	76	-3	-1	-3	0	1	0	0	0	2	1	-2	-1	-6	0	0
OG0000093	0	-5	-5	31	14	0	0	0	0	0	0	1	3	18	-8	0	0
OG0000094	-3	-6	5	-1	0	0	0	-3	3	0	3	0	0	0	13	3	1
OG0000095	5	19	-5	1	-1	0	1	0	0	0	-5	0	-1	0	-13	0	0
OG0000100	-4	14	-6	22	3	-1	0	-1	1	0	5	3	1	7	-7	-1	0
OG0000102	-5	16	32	0	-8	0	0	1	-2	0	7	5	2	-3	-10	-2	0
OG0000104	-4	5	11	26	-16	0	0	0	0	0	4	3	3	1	-10	0	0
OG0000105	9	-15	22	4	-1	0	0	0	0	0	-8	0	4	1	-14	0	-1
OG0000106	-3	-4	0	20	15	-1	0	-1	0	0	2	2	7	13	-6	0	0
OG0000107	0	-1	-2	48	-8	-1	0	0	0	0	0	0	3	5	-11	0	-1
OG0000108	28	13	-6	-2	-3	0	2	0	0	0	-23	-1	-4	-1	-11	0	-1
OG0000110	7	16	-4	1	-3	0	0	0	0	0	-7	0	-1	-1	-14	0	0
OG0000112	-5	14	8	4	3	0	0	0	0	0	5	6	3	2	-10	0	0
OG0000113	-1	53	-5	-2	1	0	-1	-1	0	0	1	1	-2	-1	-6	0	0
OG0000115	-3	-2	3	1	1	0	0	4	-2	0	3	0	0	0	7	1	1
OG0000116	-3	13	-3	3	1	-1	2	1	-1	0	3	1	0	1	-3	0	0
OG0000118	-2	36	-2	-2	2	0	0	0	0	0	3	2	0	-1	-8	0	0
OG0000119	-2	51	-3	-1	-2	0	1	0	-1	0	2	1	-2	0	-5	0	0
OG0000122	-2	28	-3	3	-1	0	0	0	0	0	3	1	0	0	-7	0	0
OG0000123	-1	2	-1	0	-1	0	2	1	2	0	1	0	-2	0	19	-2	5
OG0000125	-2	38	-2	2	-5	0	-1	0	-1	0	2	1	0	-1	-4	1	-1
OG0000126	8	-1	-1	4	-8	0	1	5	-5	0	-8	-1	-1	0	0	0	0
OG0000127	3	35	-5	-2	-3	-1	0	1	-2	0	-3	0	-2	-1	-9	0	0
OG0000128	-1	17	-3	0	-1	0	0	1	-2	0	1	0	0	0	-4	1	-1
OG0000129	-2	12	-4	0	-2	3	-3	1	-3	0	1	0	-1	0	6	5	-1
OG0000131	-2	75	-2	-3	1	0	0	0	0	0	1	1	-2	-1	-4	0	0
OG0000132	0	18	-6	2	2	0	-1	0	-1	0	0	0	-1	1	-5	0	0
OG0000133	-3	42	-1	-2	-1	1	-2	1	-3	0	3	1	-1	-1	-2	1	-1
OG0000134	26	-8	17	-1	-7	-1	1	-1	1	0	-20	-1	0	-3	-9	0	0
OG0000135	-2	39	-4	-3	3	0	0	0	0	0	2	1	0	0	-4	0	0
OG0000136	12	4	-5	0	-2	1	-1	-1	0	0	-10	-1	-2	-1	-6	1	-1
OG0000137	-2	50	-3	-1	-2	0	0	0	-1	0	2	0	-1	-1	-4	0	0
OG0000139	-2	55	-1	-2	0	0	0	0	0	0	3	1	-1	-1	-5	0	0
OG0000141	-1	-4	-2	22	8	0	0	0	0	0	0	1	3	11	-4	0	0
OG0000142	-1	-4	6	-2	42	0	0	0	0	0	1	1	8	6	-3	0	0
OG0000143	-3	19	-2	0	0	-1	0	-2	6	0	3	0	0	0	0	-1	1
OG0000144	-3	38	-4	1	-2	0	1	1	0	0	2	1	0	0	-3	0	0
OG0000146	16	34	-5	-5	0	0	0	0	0	0	-13	0	-5	-2	-12	0	0
OG0000147	-3	-1	5	0	-1	-2	1	0	5	0	3	0	0	-1	5	-2	3
OG0000148	-2	42	-5	0	-1	0	0	0	0	0	1	1	0	0	-4	0	0
OG0000149	1	-4	-5	25	15	0	0	0	0	0	-1	0	2	17	-4	0	0
OG0000152	0	0	0	0	0	0	-2	5	-1	0	0	-2	-1	0	17	1	2
OG0000153	-3	49	-5	3	-1	-1	0	-1	0	0	2	2	-1	0	-4	0	0
OG0000154	-3	18	-1	9	-5	-1	4	-1	0	0	3	1	0	1	-5	0	-1
OG0000156	-2	7	-2	4	-1	0	0	0	1	0	3	0	0	0	-1	0	0
OG0000158	0	0	0	0	0	0	1	2	0	0	0	-1	0	0	19	2	1
OG0000159	3	63	-5	-4	1	0	0	0	0	0	-3	0	-3	-1	-8	0	0
OG0000161	-2	4	-3	-1	0	-1	4	0	1	0	1	0	-1	0	12	1	2
OG0000162	-1	66	-2	-1	-1	0	0	-1	0	0	1	1	-2	-1	-3	0	0
OG0000164	-3	20	2	2	0	0	0	0	0	0	4	3	0	0	-8	0	0
OG0000166	-2	3	6	-5	5	0	1	-4	0	0	2	1	1	0	-3	1	-1
OG0000167	-1	45	-2	-1	-2	0	0	0	0	0	1	0	-1	0	-5	0	0
OG0000169	-1	21	-3	-1	2	0	1	0	0	0	1	0	-1	0	-5	0	0
OG0000170	7	20	-3	-1	-4	0	-1	0	0	0	-6	0	-1	-1	-10	0	-1
OG0000171	-2	0	1	1	-2	0	2	1	-1	0	3	0	0	0	8	0	1
OG0000172	-2	25	-4	1	2	0	1	0	0	0	2	1	-1	0	-4	0	-1
OG0000173	9	44	-2	-2	-1	0	0	0	0	0	-8	0	-5	-3	-10	0	0
OG0000176	-2	22	-2	2	1	-1	0	0	-1	0	2	2	0	1	-6	0	0
OG0000177	0	81	0	0	0	0	0	0	0	0	1	0	-2	0	-2	0	0
OG0000178	2	-6	-1	40	-3	-1	0	0	0	0	-2	0	2	6	-5	0	-1
OG0000179	-2	2	7	6	-3	0	1	0	0	0	1	1	1	0	-6	0	0
OG0000180	-1	19	-3	0	1	0	1	-1	1	0	1	0	0	0	-3	-1	0
OG0000181	3	18	-5	-1	-2	0	0	0	0	0	-2	0	-2	-1	-3	-1	0
OG0000182	2	-1	1	-3	-1	0	2	0	1	0	-3	-1	-1	-2	4	1	0
OG0000183	-1	-3	-2	11	17	0	0	0	0	0	0	1	3	11	-5	0	0
OG0000184	0	-6	2	42	-6	0	0	0	0	0	0	0	4	4	-6	0	0
OG0000185	4	-4	-1	-6	60	0	0	0	0	0	-3	0	0	3	-4	0	0
OG0000190	-1	-3	1	1	-1	0	-1	1	0	0	1	0	0	0	9	1	1
OG0000191	-3	13	-3	0	7	0	1	-1	1	0	3	2	0	2	-6	0	0
OG0000192	-4	2	5	12	-6	0	-1	0	0	0	4	1	1	1	-3	0	-1
OG0000193	-3	44	8	0	-5	0	0	0	0	0	2	3	0	-2	-6	0	0
OG0000194	-2	5	-1	3	7	0	0	0	0	0	2	1	1	3	-4	0	0
OG0000195	-1	6	-1	1	0	0	0	1	0	0	0	0	0	0	-2	0	0
OG0000197	-3	1	0	3	3	0	1	2	-1	0	4	1	1	2	-1	-1	0
OG0000198	-3	15	2	1	-1	0	1	0	0	0	3	1	0	0	-4	-1	0
OG0000199	-1	69	-1	0	-1	0	0	0	0	0	1	0	-1	-1	-2	0	0
OG0000203	-2	18	0	-2	4	0	1	0	1	0	2	1	0	0	-4	0	0
OG0000204	-2	11	1	-2	-1	1	0	0	-1	0	2	0	-1	-1	1	2	-1
OG0000205	0	-1	-2	-3	10	0	0	1	-2	0	0	0	0	0	6	4	-1
OG0000207	1	2	3	-4	0	0	1	0	0	0	-1	0	0	-3	-1	2	-1
OG0000209	-3	8	13	-7	4	-1	0	0	0	0	3	2	1	-1	-6	0	0
OG0000216	-2	11	-1	-1	9	0	0	0	-1	0	2	2	0	1	-5	0	0
OG0000217	0	19	-3	-1	-1	0	-1	0	-1	0	0	0	-1	0	-2	1	0
OG0000219	-1	15	-4	5	0	0	0	0	0	0	0	1	0	1	-7	0	0
OG0000220	-1	19	-6	1	1	0	1	1	-5	0	0	0	-1	0	-2	1	0
OG0000221	-1	19	1	-2	-1	0	0	0	-1	0	0	1	0	-1	-6	0	0
OG0000223	0	-2	-4	5	32	0	0	0	0	0	0	0	1	12	-3	0	0
OG0000224	-2	33	-3	-2	2	0	0	0	0	0	1	1	0	0	-3	0	0
OG0000225	-2	17	-1	-1	0	0	-1	-1	1	0	2	0	-1	0	-1	-1	0
OG0000228	1	-3	-6	25	2	0	-1	-1	0	0	-1	0	0	7	-3	0	-1
OG0000229	1	17	-3	-2	2	0	0	0	0	0	-2	0	-1	0	-8	0	0
OG0000231	-2	14	-2	0	0	0	1	0	0	0	1	0	0	0	-2	-1	0
OG0000232	-2	2	-2	2	-3	-1	1	1	0	0	1	0	0	0	6	0	3
OG0000233	-1	56	-2	-1	-1	0	1	0	0	0	1	0	-1	0	-3	0	0
OG0000237	1	3	-3	6	-5	0	0	-1	3	0	-1	0	0	0	-1	-1	0
OG0000238	1	1	-4	-2	2	0	-3	2	0	0	-2	0	-1	0	3	-2	2
OG0000239	0	54	-2	0	-1	0	0	0	0	0	0	1	-2	-1	-3	0	0
OG0000240	-1	57	-2	0	-1	0	0	1	0	0	1	1	-1	-1	-2	0	0
OG0000244	-1	32	-2	1	-3	0	1	0	-2	0	1	0	-1	-1	-1	0	0
OG0000245	-1	6	0	-1	0	0	0	-1	2	0	1	0	0	0	-1	-2	1
OG0000246	-3	14	0	2	0	0	0	0	-1	0	4	1	0	1	-4	0	0
OG0000247	-1	0	-1	-2	10	0	1	-2	3	0	0	0	0	1	-3	0	0
OG0000248	-1	45	-3	-4	10	0	0	0	0	0	1	1	0	0	-4	0	0
OG0000251	0	3	-3	-1	4	0	0	1	-1	0	0	0	0	0	-1	-1	0
OG0000252	-3	9	1	-2	5	0	2	2	-1	0	3	1	0	0	-2	0	0
OG0000253	5	-1	1	0	0	0	0	0	0	0	-4	0	0	0	-3	0	0
OG0000254	6	5	0	-1	-3	0	0	0	0	0	-5	0	-1	-1	-7	0	0
OG0000258	0	10	-2	0	-2	0	1	1	0	0	0	0	0	0	-3	0	0
OG0000259	0	-1	-1	28	7	0	0	0	0	0	0	0	2	12	-1	0	0
OG0000260	-1	25	-2	1	-2	0	1	0	-1	0	0	1	0	0	-5	0	0
OG0000261	-1	-5	4	7	-1	-1	1	3	-1	0	1	0	1	1	1	-1	1
OG0000264	-1	1	-1	2	-1	0	-1	0	3	0	1	0	0	0	3	-1	1
OG0000267	-2	43	-1	0	-3	0	-1	0	0	0	1	1	0	-1	-1	0	-1
OG0000269	-1	11	-1	0	-1	0	0	-1	0	0	0	0	0	0	-1	0	0
OG0000272	0	-5	0	26	0	0	0	0	0	0	0	0	2	7	-5	0	0
OG0000273	-3	7	17	-8	5	0	0	0	0	0	2	3	1	0	-7	0	0
OG0000274	-1	54	-1	-1	-1	0	1	0	-1	0	0	0	-1	0	-2	0	0
OG0000275	-2	27	-2	-2	0	0	0	0	0	0	0	1	-1	0	-2	0	-1
OG0000277	-2	15	-2	2	-1	0	-1	0	0	0	1	0	0	0	-2	0	0
OG0000278	-1	33	-2	0	-2	0	0	0	-1	0	0	1	-1	0	-2	0	0
OG0000279	-1	15	-6	7	0	0	-1	0	-1	0	1	0	0	2	-3	1	-2
OG0000280	-1	-3	-1	27	3	0	0	0	0	0	0	0	3	8	-3	0	0
OG0000282	-2	9	2	-2	4	0	0	0	1	0	2	1	0	0	-3	0	0
OG0000283	1	0	0	0	0	6	-4	6	-9	0	0	-3	0	0	10	6	-1
OG0000285	0	13	-2	2	-1	0	0	0	1	0	0	0	0	0	-3	0	0
OG0000286	0	3	-3	1	-3	0	0	-1	0	0	0	0	-1	0	3	2	0
OG0000287	-1	9	-3	2	0	0	0	0	1	0	0	0	0	0	-4	0	0
OG0000289	-2	29	-2	1	-3	0	0	1	0	0	2	0	0	0	-1	0	0
OG0000290	-2	2	0	-2	2	0	0	0	0	0	1	0	0	0	2	0	1
OG0000291	-2	27	-1	-2	-1	0	0	0	0	0	2	1	0	-1	-3	0	0
OG0000292	0	-2	0	5	-4	0	-2	1	0	0	-1	0	0	0	6	-1	3
OG0000293	-1	50	-2	0	0	0	0	0	0	0	1	0	0	-1	-2	0	0
OG0000296	6	25	-3	-1	-2	0	0	0	0	0	-5	0	-3	-1	-5	0	0
OG0000298	-2	2	0	-1	6	0	1	1	-2	0	2	0	0	0	-1	0	0
OG0000301	-2	46	-1	0	-2	0	0	0	0	0	0	0	0	-1	-1	0	0
OG0000303	-2	1	7	1	2	-1	0	0	0	0	3	1	2	0	-4	0	0
OG0000304	-2	-2	6	-2	3	-1	2	-2	5	0	2	0	0	0	3	0	0
OG0000305	-1	-1	-1	1	1	0	-2	1	0	0	1	0	0	0	5	0	0
OG0000306	16	-5	-1	4	0	0	0	0	0	0	-13	0	0	0	-7	0	0
OG0000308	-2	31	-1	-1	-1	0	0	-1	0	0	1	0	-1	0	-1	0	0
OG0000309	-3	11	1	7	-3	0	0	0	0	0	3	2	0	0	-5	0	0
OG0000310	0	0	-1	39	-1	0	0	0	0	0	0	0	1	8	-1	0	0
OG0000312	-1	0	-4	5	20	0	0	0	0	0	1	1	1	8	-2	0	0
OG0000315	-1	48	-2	0	0	0	0	0	0	0	1	0	0	-1	-2	0	0
OG0000316	-2	13	0	0	0	0	0	0	-1	0	3	1	0	0	-1	0	0
OG0000318	-1	12	-2	0	-1	0	0	0	-1	0	1	0	0	0	-2	0	0
OG0000319	1	13	-3	-4	4	0	0	0	0	0	-2	0	-1	0	-3	0	0
OG0000322	-1	0	-1	45	-4	0	0	0	0	0	0	0	1	4	-2	0	0
OG0000325	-1	35	-2	2	-3	0	0	0	0	0	1	0	-1	0	-3	0	0
OG0000327	-2	1	2	1	1	-1	1	1	-1	0	2	1	1	1	-1	0	0
OG0000328	-2	24	-1	0	-1	0	-2	2	0	0	2	1	-1	0	-1	0	0
OG0000329	-2	5	1	-4	17	-1	0	-1	0	0	2	1	1	1	-4	0	0
OG0000330	-1	14	-2	-2	2	0	1	-1	1	0	0	0	0	0	-1	-1	0
OG0000331	-1	32	-2	0	-2	0	0	0	0	0	1	0	-1	0	-2	0	0
OG0000332	-2	24	-2	1	-2	0	1	0	0	0	2	0	-1	0	0	0	0
OG0000333	2	35	-3	1	-3	0	0	0	0	0	-2	0	-2	-1	-5	0	0
OG0000335	6	13	-3	3	-5	0	0	0	0	0	-5	0	-1	0	-5	0	0
OG0000336	-2	11	-1	0	1	0	1	0	0	0	2	1	0	0	-4	0	0
OG0000337	0	-3	-3	10	11	0	0	0	0	0	0	0	2	9	-4	0	0
OG0000338	2	24	-3	-1	0	0	0	0	0	0	-2	0	-2	-1	-5	0	0
OG0000339	-1	2	1	2	-4	0	3	0	-1	0	1	0	0	0	1	0	0
OG0000341	0	4	-1	-1	3	0	0	2	-3	0	0	0	0	0	-2	0	0
OG0000345	0	52	0	0	0	0	0	0	0	0	0	0	-2	-1	-3	0	0
OG0000347	-1	6	8	5	-6	0	0	0	0	0	1	1	1	0	-8	0	0
OG0000348	-2	-2	0	1	6	0	0	0	1	0	1	0	0	1	2	0	0
OG0000349	-1	36	-2	-1	3	0	0	0	0	0	2	1	-1	0	-3	0	0
OG0000350	-2	0	3	-2	3	0	-2	0	0	0	3	0	1	0	1	0	0
OG0000351	0	5	-1	2	-1	0	0	0	-1	0	0	0	0	0	0	0	0
OG0000353	0	1	-1	2	0	0	-1	-2	0	0	0	0	0	0	-1	0	0
OG0000354	23	-1	0	-1	0	0	0	0	0	0	-18	-1	0	-1	-5	0	0
OG0000355	-1	3	-1	0	0	0	-1	0	0	0	1	0	0	0	-1	0	0
OG0000356	31	-1	1	0	0	0	0	0	0	0	-23	-1	0	-1	-2	0	0
OG0000358	-1	-1	1	2	9	0	-1	0	-2	0	1	0	1	3	-3	0	0
OG0000359	0	11	-1	-3	2	0	0	-1	1	0	-1	0	0	-1	-3	-1	0
OG0000360	0	0	-2	-2	40	0	0	0	0	0	0	0	1	4	-2	0	0
OG0000362	1	-5	2	12	3	0	0	0	0	0	-1	0	3	4	-5	0	0
OG0000366	-2	20	0	2	1	0	0	0	0	0	2	3	0	0	-5	0	0
OG0000367	-1	-3	-2	19	-1	-2	2	3	0	0	1	0	1	4	1	0	0
OG0000369	-1	35	-1	-1	-2	0	0	0	0	0	0	0	0	-1	-2	0	0
OG0000370	-2	17	-1	-1	1	0	1	1	0	0	1	0	0	0	-1	0	0
OG0000371	-1	26	-1	-1	0	0	0	0	-1	0	1	0	0	-1	-2	0	0
OG0000372	-2	16	2	2	-1	0	0	0	0	0	3	1	0	0	-4	0	0
OG0000373	27	-2	1	0	-1	0	0	0	0	0	-20	-1	0	0	-3	0	0
OG0000374	0	11	-2	2	0	0	0	0	0	0	0	0	0	0	-4	0	-1
OG0000376	1	3	1	0	-3	0	0	1	0	0	-1	0	0	0	-2	-2	0
OG0000377	13	-4	0	2	-2	0	0	0	0	0	-11	0	0	0	-7	0	0
OG0000378	-2	13	-3	-1	6	0	-2	0	0	0	2	0	0	0	-2	0	0
OG0000379	-1	42	-1	0	-1	0	0	0	0	0	1	0	0	-1	-2	0	0
OG0000380	-1	45	-1	0	0	0	0	0	0	0	0	0	0	-1	-1	0	0
OG0000381	-1	22	-1	-1	0	0	0	0	-1	0	1	1	-1	0	-2	0	0
OG0000382	-1	16	-3	-1	2	0	0	0	0	0	0	0	0	0	-3	0	0
OG0000383	8	8	-3	-1	-2	0	0	0	1	0	-6	0	-1	-1	-5	0	0
OG0000384	-1	4	2	0	3	0	1	0	0	0	1	0	0	0	-4	0	0
OG0000385	-2	12	4	0	-3	0	0	0	0	0	2	1	0	0	-3	0	0
OG0000386	-1	14	-1	-1	-1	0	1	0	0	0	1	0	0	0	0	0	0
OG0000387	-2	0	0	-1	4	0	1	-1	1	0	1	0	0	0	4	1	0
OG0000388	-1	36	-1	0	-1	0	0	0	0	0	1	0	-1	-1	-2	0	0
OG0000391	-2	13	8	-1	-2	0	0	0	0	0	2	1	0	-1	-4	0	0
OG0000392	-2	7	0	1	5	0	1	0	0	0	3	1	1	1	-4	0	-1
OG0000393	-1	18	0	1	-3	0	1	0	-1	0	1	1	0	-1	-4	0	0
OG0000395	-1	-1	-2	3	0	0	0	2	0	0	1	0	0	0	4	0	1
OG0000398	0	12	-1	1	-2	0	0	0	0	0	-1	0	0	0	-3	0	0
OG0000400	-2	-1	5	4	-2	0	-1	1	-3	0	1	1	1	0	-2	0	0
OG0000401	-1	24	-2	2	-2	0	0	0	-2	0	0	0	-1	0	-2	0	0
OG0000402	0	-4	-1	7	11	0	0	0	0	0	-1	0	1	8	-4	0	0
OG0000403	-2	29	-2	-1	0	0	0	0	-2	0	1	0	0	0	-1	0	0
OG0000404	26	-2	-1	3	-2	0	0	0	0	0	-19	0	0	0	-2	0	0
OG0000405	0	2	0	0	-2	-1	2	0	0	0	0	0	0	0	4	0	0
OG0000407	-1	36	-1	0	-1	0	0	0	0	0	1	1	0	-1	-2	0	0
OG0000408	-1	41	-1	0	-1	0	1	0	-1	0	1	0	-1	0	-2	0	0
OG0000416	-1	38	-1	-1	-1	0	0	0	0	0	1	0	0	0	-2	0	0
OG0000417	1	9	1	0	-3	0	0	0	0	0	-1	0	0	0	-5	0	0
OG0000418	-1	25	-1	-1	1	-1	0	0	0	0	2	0	-1	0	-2	-1	0
OG0000419	-2	27	-2	0	1	0	0	0	0	0	1	1	-1	0	-2	0	0
OG0000420	-1	39	-1	0	0	0	0	0	0	0	1	0	-1	0	-2	0	0
OG0000422	1	1	-4	1	6	0	0	0	0	0	-2	0	0	1	-3	0	0
OG0000424	1	-2	1	3	0	0	0	0	-1	0	-2	0	0	1	-4	-1	0
OG0000425	-1	39	0	0	-2	0	0	0	0	0	1	0	-1	0	-2	0	0
OG0000426	-2	17	-2	1	2	0	0	0	0	0	2	1	0	1	-3	0	-1
OG0000427	-1	29	-2	1	-1	0	0	0	0	0	0	0	-1	0	-2	0	0
OG0000428	0	1	-1	-1	12	0	0	0	0	0	0	0	1	2	-3	0	0
OG0000429	-2	15	1	-3	0	0	-2	0	-1	0	1	1	0	-1	-3	0	0
OG0000430	-1	15	-1	0	-1	0	0	-1	9	0	0	0	-1	-1	0	-1	1
OG0000431	-1	26	0	-1	-1	0	0	0	-1	0	1	1	0	-1	-2	0	0
OG0000434	13	-4	19	-1	-1	0	0	0	0	0	-11	0	0	-3	-4	0	0
OG0000435	0	-3	1	3	0	0	0	0	0	0	0	0	0	0	1	0	0
OG0000437	2	7	-3	0	-1	0	0	0	0	0	-2	0	0	0	-5	0	0
OG0000439	-1	21	-3	0	4	0	-1	0	-1	0	1	1	0	0	-2	0	0
OG0000440	-1	27	1	-2	-1	0	0	0	0	0	1	0	0	-1	-4	0	0
OG0000441	7	2	1	-4	0	-1	0	-1	2	0	-6	0	0	-1	-3	-1	0
OG0000442	-1	7	0	1	-1	-1	1	0	1	0	1	0	0	0	-2	-1	0
OG0000444	-1	15	-2	-1	3	0	0	0	-1	0	0	0	0	0	-2	0	0
OG0000446	1	-2	-2	-3	32	0	3	0	0	0	-1	0	0	1	0	0	0
OG0000447	0	2	-1	-2	0	0	0	-2	2	0	-1	0	-2	0	4	2	0
OG0000450	-1	-1	5	-6	31	0	0	0	0	0	0	1	2	1	-2	0	0
OG0000453	-1	25	-2	0	0	0	-1	0	1	0	1	0	0	0	-2	0	0
OG0000455	-1	13	-1	1	0	0	0	0	1	0	1	0	0	0	-2	0	0
OG0000459	-2	0	3	6	4	0	0	0	0	0	1	1	3	3	-4	0	0
OG0000460	2	6	-1	-1	0	-1	1	0	0	0	-3	0	0	-1	-3	0	0
OG0000461	-1	33	-1	-1	0	0	0	0	0	0	1	1	-1	0	-2	0	0
OG0000462	-1	38	0	0	0	0	1	0	0	0	0	0	-1	0	-1	0	0
OG0000463	-1	35	0	0	-1	0	0	0	0	0	0	0	-1	0	-2	0	0
OG0000465	-1	6	-2	-1	1	0	1	1	0	0	1	0	0	0	4	0	1
OG0000470	-1	0	-3	16	4	0	0	0	0	0	0	0	1	7	-3	0	0
OG0000471	-2	12	7	-5	5	0	0	0	0	0	2	2	0	0	-5	0	0
OG0000472	-1	38	0	0	0	0	0	0	0	0	0	0	-1	0	-1	0	0
OG0000473	17	-1	-1	0	-2	0	0	0	0	0	-14	-1	-1	0	-2	0	0
OG0000474	-1	39	-1	0	0	0	0	0	0	0	0	1	-1	0	-2	0	0
OG0000475	24	-1	0	0	0	0	0	0	0	0	-19	-1	0	-1	-1	0	-1
OG0000476	0	-1	0	42	-3	0	0	0	0	0	0	0	0	2	-1	0	0
OG0000478	-1	14	1	-2	0	0	1	0	0	0	1	0	0	-1	-2	0	0
OG0000479	-1	5	0	2	1	0	0	0	-2	0	0	0	0	0	-3	0	0
OG0000480	-1	17	-1	-1	1	0	0	0	0	0	1	1	0	0	-4	0	0
OG0000482	0	16	-1	-1	-1	0	0	1	-1	0	0	0	-1	0	-2	0	0
OG0000483	-1	7	-1	0	1	0	0	1	0	0	1	0	0	0	-1	0	0
OG0000484	0	10	-1	0	-2	0	0	0	0	0	-1	0	-1	0	-3	0	0
OG0000486	0	33	-2	0	-1	0	1	0	0	0	0	0	-1	0	-2	0	0
OG0000487	-1	34	-1	0	0	0	0	0	0	0	1	0	-1	0	-2	0	0
OG0000491	0	12	-2	-1	-1	0	-1	0	-1	0	-1	0	-2	0	0	0	0
OG0000493	-2	8	1	-1	0	0	0	0	0	0	1	0	0	0	-1	0	0
OG0000495	-1	36	0	0	0	0	0	0	0	0	0	0	-1	0	-1	0	0
OG0000496	-1	8	-2	2	0	0	0	0	0	0	0	0	0	1	-2	0	0
OG0000497	-1	3	-1	1	1	0	0	-1	0	0	1	0	0	0	0	0	0
OG0000498	-1	34	-1	0	0	0	0	0	0	0	0	0	0	0	-1	0	0
OG0000499	-1	14	-1	0	-2	0	0	0	0	0	1	0	0	0	-2	0	0
OG0000501	-2	17	-1	1	-2	0	0	0	0	0	2	0	0	0	-2	0	-1
OG0000502	-1	21	-2	0	0	0	0	0	0	0	0	0	0	0	-2	0	0
OG0000503	6	1	0	0	-3	0	0	1	-1	0	-5	0	-1	-1	-3	0	0
OG0000504	1	1	-3	-1	6	-1	1	-2	2	0	-1	0	0	0	-1	0	0
OG0000505	-1	29	-2	0	-2	0	0	0	0	0	1	0	0	0	-1	0	0
OG0000506	0	30	-2	0	-1	0	0	0	-1	0	-1	0	-1	-1	-3	0	0
OG0000507	0	0	0	0	0	1	-1	3	-3	0	0	0	-2	0	7	3	0
OG0000511	-1	12	-1	-1	4	0	0	1	0	0	1	0	0	0	-1	0	0
OG0000512	-2	21	-1	0	0	0	0	0	0	0	1	1	0	0	-3	0	0
OG0000513	-2	22	0	-1	-1	0	0	0	0	0	1	0	0	0	-2	0	0
OG0000515	1	3	0	0	2	0	0	0	-2	0	-1	0	0	0	-3	0	-1
OG0000517	0	0	-2	0	1	0	1	1	0	0	-1	0	0	0	0	-1	0
OG0000518	0	-3	1	4	1	0	0	5	-1	0	0	0	0	1	0	0	0
OG0000520	-1	-1	0	-1	7	0	0	0	0	0	0	0	0	0	-1	0	0
OG0000522	4	3	-4	1	1	0	0	0	0	0	-4	0	0	1	-5	0	0
OG0000528	-1	11	0	-1	1	0	0	0	0	0	0	0	0	0	-5	0	0
OG0000529	0	31	-1	0	-1	0	1	0	0	0	0	0	0	0	-1	0	0
OG0000531	-1	16	-1	0	-1	0	0	0	0	0	1	1	0	0	-2	0	0
OG0000532	0	17	1	-2	-1	-1	0	-1	0	0	0	0	-1	-2	-4	0	0
OG0000533	0	-2	-2	23	1	0	0	0	0	0	0	0	0	7	-2	0	0
OG0000534	-1	15	0	2	-3	0	0	0	-1	0	1	0	0	0	-3	0	0
OG0000537	0	2	-1	0	6	0	1	0	0	0	-1	0	0	1	-3	0	0
OG0000538	-1	18	-2	1	-2	0	2	0	0	0	0	0	0	0	-2	0	0
OG0000539	-1	-1	-1	0	0	1	0	0	-2	0	0	0	0	0	5	6	-1
OG0000540	1	2	-2	1	-2	0	0	0	0	0	-1	0	0	0	0	-1	0
OG0000541	0	27	-2	-1	-1	0	0	0	0	0	0	0	-1	0	-3	0	0
OG0000547	-2	3	-2	1	0	0	0	0	-1	0	1	0	0	0	0	0	0
OG0000548	-1	24	-1	0	0	0	0	0	-1	0	1	0	0	0	-1	0	0
OG0000549	-1	-2	7	3	0	0	0	0	0	0	0	0	1	0	-3	0	0
OG0000550	1	8	-2	0	-1	0	0	0	0	0	-1	0	-1	-1	-1	0	0
OG0000551	0	5	-1	2	0	0	0	3	0	0	0	0	0	0	0	-1	0
OG0000552	-1	3	-2	-1	1	0	1	-3	1	0	1	0	0	0	3	3	0
OG0000553	-1	15	-1	-1	1	0	0	-1	1	0	1	0	0	0	1	0	0
OG0000554	0	21	-1	-2	2	0	0	0	0	0	0	0	0	0	-1	0	0
OG0000555	4	3	-2	-3	6	0	1	0	0	0	-3	0	0	0	-3	0	-1
OG0000556	-2	15	1	-2	-1	-1	0	0	0	0	2	0	0	-1	-2	0	0
OG0000557	0	18	-2	1	-2	0	0	0	0	0	0	0	0	0	-2	0	0
OG0000558	-1	19	-2	-2	2	0	0	0	0	0	1	0	0	0	-2	0	0
OG0000562	-1	30	-1	0	-1	0	0	0	1	0	0	0	0	0	-1	0	0
OG0000564	-2	19	-1	-1	0	0	0	0	0	0	1	0	0	0	-2	0	0
OG0000565	-1	-2	6	4	-2	0	0	0	0	0	1	0	2	0	-1	0	0
OG0000566	-1	3	-2	25	-3	0	0	0	0	0	1	0	0	3	-3	0	0
OG0000567	-1	9	2	-1	-1	-1	0	-1	0	0	1	0	0	0	-2	0	0
OG0000568	0	0	0	-1	-1	0	3	0	0	0	0	0	0	-1	3	3	-1
OG0000569	-1	15	-1	2	-2	0	1	0	1	0	1	0	0	0	-2	0	0
OG0000570	-1	18	-2	-1	1	0	0	0	0	0	1	0	0	0	-2	0	0
OG0000571	-1	20	-2	-2	3	0	0	0	1	0	1	0	0	0	-3	0	0
OG0000572	-1	32	0	0	0	0	0	0	0	0	0	0	-1	0	-1	0	0
OG0000573	0	10	-2	0	0	0	0	0	0	0	-1	0	0	0	-3	0	0
OG0000574	0	7	-2	0	-1	0	0	0	1	0	0	0	0	0	-2	0	0
OG0000575	0	2	0	-1	-1	1	-1	1	-6	0	0	0	-1	-2	2	5	0
OG0000579	-1	15	-1	-2	2	0	0	0	0	0	0	0	0	0	-2	0	0
OG0000580	0	23	-2	1	-1	0	1	0	0	0	0	0	0	0	-2	0	0
OG0000583	-2	9	-1	-2	3	0	0	-1	1	0	1	0	0	0	-2	-1	0
OG0000585	-2	1	0	0	7	0	0	0	0	0	1	1	0	2	-2	1	-1
OG0000586	-1	20	-1	0	0	0	0	0	0	0	1	0	0	0	-3	0	0
OG0000587	-1	3	1	-1	5	0	0	0	0	0	1	1	0	1	-4	0	0
OG0000588	-1	3	-2	1	2	-1	0	0	2	0	0	0	0	0	-2	0	0
OG0000589	-1	4	-1	1	1	0	0	0	0	0	0	0	0	0	-2	0	0
OG0000590	-1	0	0	-1	-1	0	-1	0	0	0	0	0	0	0	4	1	0
OG0000591	-1	19	0	0	-1	0	1	0	0	0	0	0	0	0	-1	0	0
OG0000592	0	3	-3	0	4	0	0	0	0	0	0	0	0	0	-2	0	0
OG0000593	-1	22	2	0	-2	0	0	0	0	0	1	0	0	-1	-1	0	0
OG0000594	1	20	-1	-1	0	0	0	0	0	0	-1	0	-1	0	-3	0	0
OG0000595	-1	30	-1	0	-1	0	0	0	0	0	0	0	0	0	-1	0	0
OG0000596	-1	13	-1	-1	-1	0	0	0	0	0	0	0	0	-1	0	-1	0
OG0000597	-1	33	-1	0	0	0	0	0	0	0	0	0	0	0	-2	0	0
OG0000598	6	4	-2	-2	3	0	0	0	0	0	-6	0	-1	0	-4	0	0
OG0000600	1	16	0	-2	1	0	0	-1	0	0	-1	0	0	-1	-4	-1	0
OG0000602	-1	18	-1	-2	0	0	0	0	0	0	1	0	0	0	-2	0	0
OG0000603	0	-1	-1	-1	2	1	-2	-1	3	0	0	0	0	0	7	2	0
OG0000605	2	-1	-1	-2	33	0	0	0	0	0	-3	0	0	1	-1	0	0
OG0000608	0	-1	-1	30	-1	0	0	0	0	0	0	0	0	4	-1	0	0
OG0000609	-1	-1	-2	5	5	0	0	0	-1	0	1	0	0	4	-2	0	0
OG0000611	-1	2	-1	2	1	0	1	1	-2	0	1	0	0	0	0	1	0
OG0000612	-1	4	-2	1	2	0	1	0	0	0	1	0	0	1	-1	1	0
OG0000613	-1	12	-1	1	-1	0	-1	0	0	0	1	0	0	0	-1	0	0
OG0000615	0	27	-1	0	0	0	0	0	-1	0	1	0	-1	0	-2	0	0
OG0000616	0	26	-1	-1	-1	0	1	0	0	0	0	0	-1	0	-2	0	0
OG0000617	4	-1	-2	-1	5	0	-1	0	0	0	-3	0	0	1	-3	-1	0
OG0000618	-2	-3	1	3	2	0	0	0	-1	0	1	0	1	1	0	0	0
OG0000619	-1	0	4	-1	3	0	0	0	0	0	1	1	1	0	-4	0	0
OG0000621	-1	6	-1	2	-1	0	0	-1	0	0	0	0	0	0	0	0	0
OG0000622	1	7	-1	2	-2	0	0	0	0	0	-1	0	0	0	-1	0	0
OG0000624	0	5	0	-2	1	0	1	0	-2	0	-1	0	0	0	0	0	0
OG0000625	-1	-1	2	5	-1	0	0	0	0	0	0	0	2	1	-2	0	0
OG0000626	-1	29	-1	0	-1	0	0	0	0	0	0	0	0	0	-1	0	0
OG0000627	0	18	-1	-1	1	0	0	0	0	0	0	0	0	0	-1	0	0
OG0000629	2	-4	-1	0	3	0	0	-1	0	0	-2	0	0	1	-2	0	0
OG0000630	0	3	-1	-2	2	0	0	0	1	0	0	0	0	0	2	0	1
OG0000631	-1	29	-1	0	-1	0	0	0	0	0	0	0	0	0	-1	0	0
OG0000634	2	0	0	0	0	0	2	-3	1	0	-2	-2	-1	0	4	2	0
OG0000637	4	24	-1	0	0	0	0	0	0	0	-4	0	-3	-1	-4	0	0
OG0000639	-2	4	0	1	0	0	0	0	0	0	1	0	0	0	-2	0	0
OG0000640	-1	8	-1	2	2	0	0	0	0	0	1	0	0	1	-2	0	0
OG0000641	8	3	-2	-2	1	0	0	0	0	0	-7	0	-1	-1	-4	0	0
OG0000642	0	15	-1	-1	2	0	0	0	0	0	0	0	0	0	-3	0	0
OG0000643	2	9	-2	0	-2	0	0	0	0	0	-3	0	0	0	-4	0	0
OG0000645	-1	-2	1	0	-1	0	-1	0	-1	0	0	0	0	0	2	0	0
OG0000646	-1	-1	2	3	-1	0	0	-1	0	0	1	0	1	0	0	0	0
OG0000647	0	28	0	0	0	0	0	1	0	0	1	0	-1	0	-1	0	0
OG0000648	1	4	-1	1	-2	0	0	0	-1	0	-1	0	0	0	0	0	0
OG0000649	-1	-3	5	-1	4	0	0	0	0	0	0	0	2	1	0	0	0
OG0000650	-1	7	-1	0	0	0	0	0	-1	0	1	0	0	0	0	0	0
OG0000651	-1	9	-2	4	0	0	0	0	0	0	1	1	0	1	-3	0	0
OG0000652	1	-1	0	-1	0	0	1	1	-1	0	-1	0	0	-1	1	0	0
OG0000653	1	8	0	0	-2	0	0	0	0	0	-2	0	-1	-1	-2	-1	0
OG0000654	-1	29	0	0	0	0	0	0	0	0	0	0	-1	0	-1	0	0
OG0000656	-1	15	-2	-2	1	3	-1	0	-2	0	0	0	-1	0	1	1	-1
OG0000661	-2	7	3	0	-1	0	0	0	0	0	1	1	0	0	-2	0	0
OG0000662	-1	26	-1	0	0	0	0	0	0	0	0	0	0	0	-1	0	0
OG0000665	-1	0	-1	2	-1	0	0	0	4	0	1	0	0	0	0	-2	2
OG0000667	0	9	-2	-1	0	0	0	0	0	0	0	0	0	0	-1	0	0
OG0000668	-1	14	0	1	-4	0	0	1	0	0	1	0	0	0	-2	0	0
OG0000669	-1	24	-2	0	-1	0	0	0	0	0	1	0	0	0	-2	0	0
OG0000670	0	25	-1	-1	0	0	0	0	-1	0	0	0	-1	0	-2	0	0
OG0000672	-2	15	0	-2	2	0	-1	0	-1	0	1	0	0	0	-2	0	0
OG0000674	1	-5	11	6	-4	0	0	0	0	0	-1	0	1	0	-5	0	0
OG0000676	0	7	-1	-1	0	0	0	0	0	0	-1	0	0	0	-1	0	0
OG0000677	-1	15	-2	-1	0	0	0	0	0	0	1	0	0	0	-2	0	0
OG0000679	-1	16	-2	-1	1	0	-1	0	-1	0	1	0	0	0	-2	0	0
OG0000680	0	-1	-1	0	25	0	0	0	0	0	0	0	0	5	-1	0	0
OG0000681	-1	27	-1	0	-1	0	0	0	0	0	0	0	0	0	-1	0	0
OG0000682	0	29	-1	0	0	0	0	0	0	0	0	0	0	0	-2	0	0
OG0000683	-1	13	-2	0	0	0	1	0	0	0	1	0	0	0	-2	0	0
OG0000684	0	6	-1	-3	2	0	0	0	0	0	-1	0	0	0	-3	0	0
OG0000685	0	0	0	0	-1	0	2	2	0	0	0	0	0	0	2	0	0
OG0000687	0	6	-1	-1	0	0	1	0	-1	0	0	0	0	0	-1	1	0
OG0000688	-1	1	-1	17	-2	0	0	0	0	0	1	0	0	3	-2	0	0
OG0000689	-1	1	0	0	0	0	2	0	0	0	1	0	0	0	1	4	-1
OG0000690	0	22	-1	0	-2	0	0	0	0	0	-1	0	-2	0	-3	0	0
OG0000691	-1	11	-2	-1	6	-1	0	0	-1	0	1	0	0	0	-2	0	0
OG0000698	-1	23	-2	6	-3	0	0	0	0	0	0	1	0	0	-2	0	0
OG0000700	2	3	-1	0	0	0	0	0	0	0	-2	0	-1	0	0	-1	0
OG0000701	0	17	-2	0	-2	0	0	0	0	0	0	0	0	0	-3	0	0
OG0000702	-1	5	0	1	0	0	0	0	0	0	0	0	0	0	-1	0	0
OG0000703	0	-1	-1	0	4	0	0	0	0	0	0	0	0	0	-2	-1	0
OG0000704	-1	0	1	0	-1	0	2	0	2	0	0	0	0	0	4	0	0
OG0000705	-1	8	-2	-2	2	0	0	0	0	0	0	0	0	0	-1	0	0
OG0000707	4	-1	0	0	-1	0	0	0	0	0	-3	0	0	0	-1	0	0
OG0000708	-1	2	-2	3	3	0	0	0	-1	0	1	0	0	1	-1	0	0
OG0000710	-1	24	-1	0	0	0	1	0	0	0	0	0	0	0	-1	0	0
OG0000712	-1	9	-2	0	2	0	-1	0	0	0	0	0	0	0	-1	0	-1
OG0000713	4	-3	-3	1	1	0	0	1	0	0	-4	0	0	0	-1	0	0
OG0000714	-1	7	0	2	-2	0	0	0	0	0	1	0	0	0	-1	0	0
OG0000716	-1	17	-1	-1	-1	0	1	0	0	0	0	0	0	0	-1	0	0
OG0000718	-2	3	3	1	-3	0	0	0	0	0	1	1	0	0	-1	0	0
OG0000719	-1	8	-1	1	-2	-1	0	1	0	0	0	0	0	0	-1	0	0
OG0000720	1	7	-2	0	0	0	0	0	1	0	-2	0	0	0	-2	0	0
OG0000721	-1	12	1	-1	0	0	0	0	0	0	0	0	0	-1	-2	0	0
OG0000722	0	6	0	-1	0	0	-1	0	-1	0	0	0	0	-1	0	0	0
OG0000723	-2	6	2	-2	2	0	0	0	0	0	1	1	0	0	-2	0	0
OG0000724	0	-1	-3	-1	2	0	1	-2	6	0	0	0	0	0	2	0	0
OG0000725	0	28	0	0	-1	0	0	0	0	0	1	0	-1	0	-1	0	0
OG0000726	0	-1	-1	-2	34	0	0	0	0	0	0	0	0	1	-1	0	0
OG0000731	0	-1	0	1	-1	0	1	0	0	0	0	0	0	0	0	0	0
OG0000732	0	-3	1	16	-1	0	0	0	0	0	-1	0	1	2	-3	0	0
OG0000733	-2	3	0	2	1	0	0	0	-1	0	1	0	0	1	-1	0	0
OG0000736	-1	24	-1	-1	0	0	0	0	1	0	0	0	0	0	-1	0	0
OG0000738	-2	12	0	0	-3	0	0	0	-2	0	1	0	0	0	-1	0	0
OG0000740	-1	24	-1	0	0	0	0	0	0	0	0	0	0	0	-1	0	0
OG0000741	-1	0	-1	10	2	0	0	0	0	0	1	0	0	4	-2	0	0
OG0000742	3	-1	0	-1	-2	1	-6	1	0	0	-3	-1	0	-1	2	0	0
OG0000743	-1	25	0	0	-2	0	0	0	0	0	0	0	0	0	-1	0	0
OG0000744	0	8	-1	0	-3	0	0	0	-1	0	-1	0	0	0	-1	0	0
OG0000747	-1	-2	10	0	5	0	0	0	0	0	0	0	4	1	-2	0	0
OG0000749	-2	9	-2	0	0	0	0	0	0	0	1	0	0	0	-1	0	0
OG0000750	-1	16	-1	0	-1	0	0	0	0	0	0	0	0	0	-1	0	0
OG0000751	-1	18	-1	-1	-1	-1	0	0	0	0	1	0	-1	0	0	0	0
OG0000752	-1	7	-1	0	-1	0	0	0	0	0	0	0	0	0	-1	0	0
OG0000753	-1	24	-1	0	-1	0	1	0	0	0	0	0	0	0	-1	0	0
OG0000754	-1	23	-1	0	1	0	0	0	0	0	0	0	0	0	-1	0	0
OG0000755	-1	25	-1	0	-1	0	0	0	0	0	0	0	0	0	-1	0	0
OG0000756	1	-1	-2	1	13	0	0	0	0	0	-1	0	0	4	-3	0	0
OG0000757	-1	-3	1	1	2	0	0	0	1	0	0	0	0	0	2	0	0
OG0000759	0	7	-2	-1	-1	-1	0	0	1	0	0	0	-1	0	0	0	0
OG0000767	0	-1	-1	4	8	0	0	-1	2	0	0	0	0	5	-1	0	0
OG0000768	0	8	-1	0	-1	0	0	0	0	0	0	0	0	0	-4	0	0
OG0000770	-1	6	-1	1	-1	0	0	0	0	0	1	0	0	0	-1	0	0
OG0000771	-1	3	2	0	0	0	0	0	0	0	1	0	0	0	-1	0	0
OG0000773	0	-1	-2	7	0	0	0	0	-1	0	0	0	0	2	-2	0	0
OG0000774	0	25	0	0	0	0	0	0	0	0	1	0	-1	0	-1	0	0
OG0000775	0	17	-2	2	-1	0	0	0	0	0	0	0	0	0	-2	0	0
OG0000778	0	4	0	0	-2	0	0	0	-1	0	0	0	0	-1	0	0	0
OG0000779	-1	4	-1	1	0	0	0	0	0	0	0	1	0	0	-2	0	0
OG0000780	-1	18	-1	0	-2	0	0	0	-1	0	1	0	0	0	-1	0	0
OG0000781	4	2	-2	1	0	0	-1	-1	1	0	-3	0	0	0	-2	0	0
OG0000782	0	23	-2	0	0	0	0	0	0	0	0	0	0	0	-1	0	0
OG0000786	0	13	-2	2	-2	0	-1	1	0	0	0	0	-1	0	0	0	0
OG0000787	1	2	0	0	-1	0	0	3	0	0	-1	0	0	0	1	-1	0
OG0000788	0	17	0	-1	-1	0	0	0	0	0	0	0	-1	0	-1	0	0
OG0000789	-2	11	-2	0	2	0	0	0	-1	0	1	0	0	0	-2	0	0
OG0000790	0	24	-1	0	-2	0	0	0	0	0	0	0	0	0	-1	0	0
OG0000791	-1	24	-1	0	-2	0	1	0	0	0	0	0	0	0	-1	0	0
OG0000793	-1	0	1	-3	0	0	1	-1	0	0	1	0	0	0	3	0	0
OG0000799	-1	18	-2	-1	1	0	1	0	0	0	1	0	0	0	-2	0	0
OG0000800	-1	24	-2	0	-1	0	0	0	0	0	0	0	0	0	-1	0	0
OG0000801	1	0	-1	1	-1	0	1	0	0	0	-1	0	0	0	-1	0	0
OG0000803	1	4	-1	3	-1	0	0	0	0	0	-1	0	0	1	-5	0	0
OG0000806	-1	19	-1	1	-2	0	0	0	0	0	1	0	0	0	-2	0	0
OG0000807	2	-4	11	3	-3	0	0	0	0	0	-2	0	1	0	-4	0	0
OG0000808	-1	3	-1	1	3	0	0	0	0	0	1	0	0	1	-2	0	0
OG0000809	0	3	-2	1	2	0	-2	0	-1	0	-1	0	0	0	-1	0	0
OG0000810	0	25	0	0	-1	0	0	0	0	0	1	0	-1	0	-1	0	0
OG0000811	0	-1	0	4	2	0	0	0	0	0	0	0	0	1	0	0	0
OG0000812	-1	3	-1	2	0	0	0	0	0	0	1	0	0	0	-1	0	0
OG0000813	-2	8	0	1	1	0	0	0	-1	0	1	0	0	0	-2	0	0
OG0000814	0	12	-2	1	0	0	0	0	0	0	0	0	0	0	-1	0	0
OG0000815	3	2	-2	0	-2	0	-1	0	-1	0	-3	0	-1	0	-2	0	-1
OG0000816	0	10	-1	0	0	0	0	0	0	0	0	0	-1	0	-2	0	0
OG0000817	-1	10	-1	1	0	2	-2	0	-1	0	1	0	0	0	0	0	0
OG0000819	-1	1	2	1	0	0	0	0	-1	0	0	0	0	0	-1	0	0
OG0000820	-1	20	0	1	-3	0	0	0	-1	0	1	0	0	0	-2	0	0
OG0000821	-1	12	0	1	-1	0	0	0	0	0	0	0	0	0	-1	0	0
OG0000824	0	11	-1	0	-1	0	-1	-1	0	0	-1	0	0	-1	-2	0	0
OG0000825	-1	7	2	-2	1	0	0	0	0	0	1	0	0	0	-2	0	0
OG0000827	0	-2	11	-4	13	0	0	0	0	0	0	0	2	0	-2	0	0
OG0000830	-1	0	-2	-1	14	-1	0	0	0	0	1	0	0	1	-1	0	0
OG0000832	0	23	0	0	0	0	0	0	0	0	1	0	-1	0	-1	0	0
OG0000835	-2	3	-1	2	2	0	0	0	0	0	1	1	0	1	-3	0	0
OG0000838	-1	12	-1	0	0	0	0	0	0	0	0	0	0	0	-1	0	0
OG0000839	-1	20	-1	0	0	0	0	0	1	0	0	0	0	0	-1	0	0
OG0000840	-1	2	0	3	0	0	0	-2	1	0	1	0	0	0	1	0	0
OG0000841	-2	3	0	0	2	0	-2	-1	0	0	1	1	0	1	-2	0	0
OG0000842	-1	4	12	-1	-1	0	0	0	0	0	1	1	0	-1	-2	0	0
OG0000844	-1	5	-1	1	0	0	0	1	0	0	0	0	0	0	-2	0	0
OG0000845	-1	23	-1	0	-2	0	0	0	0	0	0	0	0	0	-1	0	0
OG0000846	-1	18	0	0	-2	0	0	0	0	0	1	0	0	0	-2	0	0
OG0000847	-1	14	-1	1	1	0	1	0	0	0	1	0	0	0	-2	0	0
OG0000848	0	-1	-1	27	-2	0	0	0	0	0	-1	0	0	2	-1	0	0
OG0000849	-1	1	2	-1	5	0	0	0	0	0	0	0	1	0	-3	0	0
OG0000850	6	4	-2	1	-3	0	0	0	0	0	-6	0	-1	0	-3	0	0
OG0000852	-1	16	-1	-1	0	0	0	0	0	0	1	0	0	0	-1	0	-1
OG0000853	0	10	-1	0	0	0	0	0	0	0	-1	0	0	0	-1	0	0
OG0000854	0	4	4	-1	-2	0	1	0	0	0	0	0	0	-1	-4	0	0
OG0000858	0	18	-1	0	0	0	0	0	0	0	0	0	-1	0	-2	0	0
OG0000859	-1	12	-2	1	0	0	0	0	0	0	0	0	0	0	-1	0	0
OG0000861	0	2	0	0	-1	-1	0	0	1	0	-1	0	0	0	1	0	0
OG0000862	-1	22	-1	0	-1	0	0	0	0	0	0	0	0	0	-1	0	0
OG0000863	0	4	-3	0	0	0	0	-1	0	0	-1	0	0	0	-1	0	0
OG0000864	-1	5	0	0	2	0	0	0	0	0	1	0	0	0	-2	0	0
OG0000866	3	12	-2	0	0	0	-1	0	0	0	-3	0	-2	0	-3	0	0
OG0000867	-1	21	-1	0	-2	0	1	0	1	0	0	0	0	0	-1	0	0
OG0000870	1	-1	-1	-2	2	0	0	-1	1	0	-1	-1	0	0	2	1	0
OG0000872	13	1	0	-1	0	-1	2	0	0	0	-10	0	-1	0	-1	0	-1
OG0000878	2	0	-1	-1	1	0	0	0	0	0	-3	0	0	0	-2	0	0
OG0000879	4	1	-1	-1	-1	0	0	0	-1	0	-4	0	-1	0	-1	0	-1
OG0000880	-1	1	1	-3	3	0	0	-1	0	0	0	0	0	0	-1	0	0
OG0000881	0	14	-1	0	0	0	0	0	0	0	0	0	0	0	-2	0	0
OG0000882	-1	18	0	1	-1	0	0	0	1	0	0	0	0	0	-1	0	0
OG0000885	8	-2	-2	3	2	0	0	0	0	0	-6	0	0	1	-3	0	0
OG0000886	-1	4	0	1	1	0	-1	2	0	0	1	0	0	0	0	0	0
OG0000888	-1	21	-1	0	-1	0	0	0	0	0	0	0	0	0	-1	0	0
OG0000889	4	-3	6	1	-3	0	0	0	0	0	-3	0	0	0	-3	0	0
OG0000890	-1	14	-1	1	1	0	0	0	0	0	1	0	0	0	-2	0	0
OG0000891	-1	10	-2	2	1	0	0	0	0	0	1	0	0	0	-1	0	0
OG0000892	0	3	0	3	-1	0	2	0	0	0	-1	0	0	0	-3	0	0
OG0000893	-1	17	-1	1	-2	0	0	0	0	0	1	0	0	0	-2	0	0
OG0000894	-1	20	-1	-1	1	0	0	0	0	0	0	0	0	0	-1	0	0
OG0000895	-1	1	3	-1	-1	0	0	0	0	0	0	0	0	0	1	0	0
OG0000896	0	9	-1	1	0	0	0	0	0	0	0	0	0	0	-1	0	0
OG0000897	1	6	-2	3	-1	0	0	0	0	0	-1	0	0	0	-3	0	0
OG0000899	0	20	-2	0	-2	0	0	0	0	0	0	0	0	0	0	0	-1
OG0000900	-1	10	-1	1	-2	0	1	1	0	0	0	0	0	0	-1	0	0
OG0000901	0	22	0	0	0	0	1	0	0	0	0	0	0	0	0	0	0
OG0000902	0	19	-1	0	-2	0	0	0	0	0	0	0	-1	0	-2	0	0
OG0000903	-1	2	-2	0	5	0	0	0	0	0	1	0	0	1	0	0	0
OG0000904	0	-1	0	0	2	0	2	0	-1	0	0	0	0	0	3	0	0
OG0000905	0	1	0	2	-2	0	-1	-1	1	0	0	0	0	0	3	1	0
OG0000906	-1	17	-1	0	1	-1	0	-1	0	0	0	0	0	0	0	0	0
OG0000907	-1	17	-2	-1	1	0	0	0	0	0	1	0	0	0	-2	0	0
OG0000908	0	22	0	-1	0	0	0	0	0	0	0	0	-1	0	-1	0	0
OG0000914	16	-1	2	0	0	0	0	0	0	0	-12	0	0	-1	-1	0	0
OG0000915	-2	6	-1	2	0	0	-1	0	0	0	1	0	0	0	-2	0	0
OG0000916	5	-3	-2	5	3	0	0	0	0	0	-4	0	0	2	-3	0	0
OG0000917	0	9	-2	0	1	0	0	0	0	0	0	0	0	0	-1	0	0
OG0000919	-1	21	0	0	-1	0	0	0	0	0	0	0	0	-1	-1	0	0
OG0000921	1	1	-1	1	2	1	-1	-1	0	0	-2	0	0	0	-2	0	-1
OG0000922	-1	0	2	1	2	0	0	1	0	0	1	1	0	0	-1	0	0
OG0000923	3	-4	-1	6	0	0	0	0	0	0	-3	0	0	2	-4	0	0
OG0000924	-1	1	2	0	-2	0	0	0	0	0	1	0	0	0	-1	0	0
OG0000925	-1	14	-2	-1	0	0	0	0	-1	0	1	0	0	0	-1	0	0
OG0000926	-1	5	-1	1	-1	0	0	0	0	0	0	0	0	0	-2	0	0
OG0000927	0	1	0	-1	0	0	1	0	2	0	-1	0	0	0	0	0	0
OG0000928	0	1	-2	-1	1	0	0	0	0	0	0	0	0	0	-1	0	0
OG0000929	0	2	-1	0	1	0	0	0	0	0	0	0	0	0	0	1	0
OG0000930	-1	13	2	-1	-2	0	0	0	0	0	1	0	0	-1	-1	0	0
OG0000931	-1	18	-1	2	-1	0	0	0	0	0	0	0	0	0	-1	0	0
OG0000932	0	2	0	2	-1	-1	1	0	0	0	0	0	0	0	-2	0	0
OG0000933	-1	-1	0	6	-1	0	0	0	0	0	0	0	0	1	2	0	0
OG0000934	-1	21	-1	0	-2	0	0	0	0	0	0	0	0	0	-1	0	0
OG0000935	4	4	-1	0	-1	0	0	0	0	0	-3	0	0	-1	-3	0	0
OG0000936	0	4	0	0	-2	0	0	0	0	0	-1	0	0	0	-2	0	0
OG0000937	-1	10	-2	0	-1	0	1	1	0	0	0	0	0	0	-1	0	0
OG0000938	-1	7	-2	0	1	0	0	0	-1	0	1	0	0	0	-2	0	0
OG0000939	-1	21	-1	0	-2	0	0	0	0	0	0	0	0	0	-1	0	0
OG0000940	-1	20	-1	0	-1	0	0	0	0	0	0	0	0	0	-1	0	0
OG0000941	-1	20	-1	-1	0	0	0	0	0	0	0	0	0	0	-1	0	0
OG0000942	1	11	-1	0	-1	0	0	0	0	0	-1	0	-1	0	-1	0	0
OG0000943	-1	6	0	1	-1	0	0	0	0	0	1	0	0	0	0	0	0
OG0000944	0	17	-1	-1	1	0	1	0	0	0	0	0	0	0	-1	0	0
OG0000945	2	5	-2	1	-2	0	1	0	0	0	-2	0	0	0	-3	0	0
OG0000947	0	1	-1	1	6	0	0	0	0	0	0	0	0	2	-4	0	0
OG0000948	-1	1	-1	2	0	-1	0	0	0	0	1	0	0	0	-1	0	0
OG0000949	-1	1	-1	3	-1	0	0	0	0	0	1	0	0	0	1	0	0
OG0000950	-1	7	-2	0	2	0	0	0	0	0	1	0	0	0	-2	-1	0
OG0000951	-1	21	-1	0	-2	0	0	0	0	0	0	0	0	0	-1	0	0
OG0000952	1	8	-1	-1	-1	0	1	0	0	0	-1	0	-1	-1	-2	0	0
OG0000954	-1	-1	0	-1	13	0	0	0	0	0	0	0	1	2	-1	0	0
OG0000955	0	-1	0	0	-1	0	1	0	1	0	0	0	0	0	5	-1	2
OG0000957	1	-3	5	1	0	0	1	0	0	0	-2	0	0	0	-3	0	0
OG0000965	0	7	-1	1	1	0	0	0	-1	0	0	0	0	0	-1	0	0
OG0000966	0	17	-1	0	-1	0	0	0	0	0	0	0	0	0	-3	0	0
OG0000968	-1	3	0	1	1	0	0	0	0	0	1	0	0	0	0	0	0
OG0000970	-1	19	-1	0	-1	0	0	0	0	0	0	0	0	0	-1	0	0
OG0000971	0	-2	0	2	5	0	0	0	0	0	0	0	0	2	-1	0	-1
OG0000972	0	0	0	0	0	0	1	2	0	0	-1	0	0	0	2	0	0
OG0000973	0	18	0	-1	0	0	0	0	-1	0	0	0	0	0	-1	0	0
OG0000975	0	5	-1	0	1	0	-1	0	-1	0	0	0	0	0	0	0	0
OG0000976	-1	6	0	3	-1	0	0	0	0	0	0	0	0	0	-1	0	0
OG0000977	-1	4	5	-1	0	0	0	0	0	0	1	0	0	0	-3	0	0
OG0000978	3	2	0	0	-1	0	1	0	0	0	-2	0	0	0	-1	0	0
OG0000979	0	4	-2	4	-1	0	0	0	0	0	0	0	0	0	-1	1	0
OG0000981	0	20	0	0	0	0	0	0	1	0	0	0	0	0	0	0	0
OG0000982	-1	8	-1	1	0	0	0	0	0	0	0	0	0	0	-1	0	0
OG0000984	-1	9	-1	0	0	1	0	0	0	0	1	0	0	0	-1	0	0
OG0000985	0	7	-1	0	0	0	0	0	0	0	-1	0	0	0	-1	0	0
OG0000986	-1	0	0	2	1	0	-1	0	0	0	0	0	0	1	0	0	0
OG0000987	-1	5	-1	3	-1	0	1	0	0	0	1	0	0	0	-1	1	0
OG0000988	-1	17	-1	0	1	0	0	0	0	0	0	0	0	0	-1	0	0
OG0000989	-1	17	1	-1	0	0	0	0	0	0	1	0	0	0	-3	0	0
OG0000990	1	3	-3	-1	1	0	0	0	0	0	-1	0	0	0	-2	0	0
OG0000991	0	3	2	2	-2	0	0	0	0	0	-1	0	0	0	-3	0	0
OG0000992	-1	1	0	4	0	0	0	-1	0	0	0	0	0	2	-1	0	0
OG0000993	-1	1	-1	2	-1	0	1	-1	0	0	0	0	0	0	2	2	0
OG0000994	0	8	-2	0	3	0	0	0	0	0	0	0	0	1	-2	0	0
OG0000995	-1	17	-1	0	1	0	0	0	0	0	0	0	0	0	-1	0	0
OG0000996	0	0	0	1	1	0	-1	0	0	0	0	0	0	1	0	0	0
OG0000998	-2	1	1	-1	1	0	0	-1	0	0	1	0	0	0	-1	0	0
OG0000999	0	18	0	0	0	0	0	0	1	0	0	0	-1	0	-1	0	0
OG0001000	1	7	-1	-2	1	0	0	0	0	0	-1	0	0	0	-1	0	0
OG0001002	-1	4	-2	0	1	0	0	0	0	0	0	0	0	0	-2	0	0
OG0001003	1	0	-1	-1	1	0	0	0	2	0	-2	0	0	0	2	-1	1
OG0001013	16	0	0	0	0	0	0	0	0	0	-12	0	-1	0	-1	0	0
OG0001014	-1	17	-1	0	-1	0	0	0	1	0	0	0	0	0	-1	0	0
OG0001016	-1	1	0	3	4	0	0	0	0	0	1	1	0	2	-3	0	0
OG0001019	-1	-1	0	0	2	0	0	0	-1	0	0	0	0	0	3	0	0
OG0001020	2	-2	0	0	2	0	0	0	0	0	-2	0	0	1	-1	0	0
OG0001021	3	-4	1	3	0	0	0	0	0	0	-3	0	1	0	-4	0	0
OG0001023	0	3	-1	1	2	0	0	0	-1	0	0	0	0	1	-1	0	0
OG0001024	1	4	-1	0	0	0	0	0	0	0	-1	0	-1	0	0	0	0
OG0001025	-1	8	0	1	-1	0	0	0	0	0	1	0	0	0	-1	0	0
OG0001026	7	0	-1	-2	0	0	0	0	0	0	-6	0	0	0	-2	0	0
OG0001027	1	-1	0	2	-2	0	0	0	0	0	-1	0	0	0	-2	0	0
OG0001028	7	-2	-1	0	5	0	0	0	0	0	-5	0	0	0	-3	0	0
OG0001029	0	-1	-1	23	-1	0	0	0	0	0	0	0	0	2	-1	0	0
OG0001030	0	4	-1	0	-1	0	0	1	0	0	0	0	0	0	2	0	0
OG0001031	0	0	0	2	0	0	0	0	0	0	0	0	0	0	0	0	0
OG0001033	-1	6	-1	2	0	0	0	0	0	0	0	0	0	0	-1	0	0
OG0001035	-1	16	0	0	0	0	0	0	0	0	0	0	0	0	-1	0	0
OG0001036	-1	10	-1	0	-2	0	0	0	0	0	0	0	0	0	-1	0	0
OG0001038	-1	8	-1	-2	1	0	0	0	1	0	0	0	0	0	-1	0	0
OG0001039	0	5	-1	-2	0	1	-1	0	0	0	0	0	0	0	0	1	-1
OG0001040	0	24	-1	0	-1	0	0	0	0	0	0	0	-1	0	-2	0	0
OG0001041	0	5	-1	0	0	0	2	0	0	0	0	0	0	0	-1	0	0
OG0001042	-1	9	-1	1	-2	0	0	0	0	0	0	0	0	0	-1	0	0
OG0001043	-1	0	-1	0	-1	0	0	0	6	0	0	0	0	0	2	-2	2
OG0001044	-1	7	-1	-1	-1	0	0	0	-3	0	0	0	0	0	0	1	0
OG0001045	-1	18	-1	0	-1	0	0	0	0	0	0	0	0	0	-1	0	0
OG0001046	2	1	-1	-1	-1	0	1	0	2	0	-2	0	-1	0	0	0	0
OG0001047	-1	9	-1	-1	1	0	-1	0	0	0	0	0	0	0	-1	0	0
OG0001048	0	21	-1	0	-1	0	1	0	0	0	0	0	0	0	0	0	0
OG0001049	0	9	-2	0	-1	1	0	0	-1	0	0	0	0	0	-1	0	0
OG0001054	0	-1	-1	-2	26	0	0	0	0	0	0	0	0	1	-1	0	0
OG0001062	-1	-2	3	2	-1	0	0	1	-2	0	0	0	0	0	2	1	0
OG0001063	-1	0	0	3	-1	0	0	0	0	0	0	0	0	0	0	0	0
OG0001066	6	-2	1	-2	1	0	0	0	0	0	-5	0	0	0	-2	0	0
OG0001067	0	3	-1	0	2	0	1	0	1	0	0	0	0	0	1	0	0
OG0001069	-1	0	-1	0	6	0	0	0	0	0	1	0	0	1	-1	0	0
OG0001070	-1	17	-1	0	-1	0	0	0	0	0	0	0	0	0	-1	0	0
OG0001071	-1	6	-1	0	4	0	1	0	0	0	0	0	0	0	-2	0	0
OG0001073	2	10	0	0	-3	0	0	0	0	0	-2	0	-1	0	-4	0	0
OG0001074	-1	15	-1	2	-1	0	0	0	0	0	1	0	0	0	-3	0	0
OG0001076	0	2	-1	3	-3	0	0	0	0	0	0	0	0	0	0	0	0
OG0001077	-1	1	-2	1	0	0	-1	0	0	0	1	0	0	0	1	0	0
OG0001079	0	15	-1	0	0	0	0	0	0	0	0	0	0	0	-1	0	0
OG0001081	0	4	-1	0	0	0	0	0	2	0	0	0	0	0	-1	0	0
OG0001083	0	8	-2	1	2	0	0	0	0	0	0	0	0	0	-2	0	0
OG0001084	-1	-2	-1	0	2	0	0	0	0	0	0	0	0	0	3	0	0
OG0001085	0	2	-1	0	3	0	1	0	0	0	0	0	0	0	-1	0	0
OG0001086	-1	4	-1	1	2	0	0	0	0	0	0	0	0	0	-1	0	0
OG0001087	3	-2	-1	-1	5	0	0	0	0	0	-3	0	0	1	-2	0	0
OG0001088	0	5	0	0	-1	0	-1	0	0	0	-1	0	0	0	-3	0	0
OG0001089	1	2	0	0	1	0	0	0	0	0	-1	0	0	0	-1	0	0
OG0001090	-1	20	-1	0	0	0	0	0	0	0	0	0	0	0	-2	0	0
OG0001091	-1	12	1	-1	-1	0	0	0	0	0	1	0	0	0	-2	0	0
OG0001092	0	16	-1	-1	0	0	0	0	0	0	0	0	0	0	-1	0	0
OG0001093	-1	3	-2	0	3	0	0	0	0	0	0	0	0	1	-1	0	0
OG0001094	-1	12	2	0	-1	0	0	0	0	0	1	0	0	-1	-2	0	0
OG0001095	-1	2	-1	1	0	-1	2	-1	0	0	0	0	0	0	0	0	0
OG0001096	0	10	0	0	0	0	0	0	0	0	0	0	0	0	0	0	0
OG0001097	-1	11	-1	0	1	0	1	0	-1	0	1	0	0	0	-2	0	0
OG0001098	-1	0	-1	1	-1	0	0	0	-1	0	0	0	0	0	1	0	0
OG0001099	0	6	-1	-1	-1	0	0	0	0	0	-1	0	-1	0	0	0	0
OG0001100	-1	5	-1	1	0	0	0	0	1	0	0	0	0	0	-1	0	0
OG0001101	0	-1	-1	2	0	0	0	0	0	0	0	0	0	0	-2	0	0
OG0001102	0	5	-1	-1	1	0	0	0	0	0	-1	0	0	0	-1	0	0
OG0001103	0	4	-1	0	1	0	0	0	0	0	-1	0	0	0	-1	0	0
OG0001104	0	6	0	-1	-1	0	0	0	0	0	-1	0	0	0	-1	0	0
OG0001105	-1	3	0	2	0	0	0	0	0	0	1	0	0	1	-1	0	0
OG0001108	11	-2	2	-1	0	0	0	0	0	0	-8	0	0	0	-2	0	0
OG0001109	0	1	-1	0	2	0	1	0	0	0	0	0	0	1	-1	0	0
OG0001110	-1	3	1	-2	1	0	0	0	-1	0	0	0	0	0	0	0	0
OG0001111	-1	8	3	0	0	0	0	0	0	0	1	0	0	0	-2	0	0
OG0001112	-1	6	-1	1	1	0	0	0	0	0	1	0	0	0	-1	0	0
OG0001113	0	9	0	-1	-1	0	0	0	1	0	0	0	-1	0	-1	0	0
OG0001114	-1	4	-1	1	0	0	1	0	-1	0	0	0	0	0	-1	1	0
OG0001115	-1	6	-1	0	3	0	0	0	1	0	1	0	0	1	-2	0	0
OG0001116	-1	5	0	-1	2	0	0	0	0	0	0	0	0	0	-1	0	0
OG0001117	0	16	-1	0	-1	0	0	0	0	0	0	0	0	0	-1	0	0
OG0001118	-1	17	-1	0	-1	0	0	0	0	0	0	0	0	0	-1	0	0
OG0001119	0	1	-1	0	0	0	0	0	0	0	0	0	0	0	-2	0	0
OG0001121	0	-3	8	-4	9	0	0	0	0	0	0	0	1	0	-3	0	0
OG0001122	0	-2	16	-3	1	0	0	0	0	0	0	0	1	-1	-3	0	0
OG0001129	0	24	1	0	0	0	0	0	0	0	0	0	0	-1	-1	0	0
OG0001130	-1	3	0	2	-1	0	0	0	1	0	0	1	0	0	-2	0	0
OG0001131	1	1	-2	1	-1	0	0	0	0	0	-1	0	0	0	-2	0	-1
OG0001133	-1	16	-1	0	0	0	0	0	-1	0	0	0	0	0	-1	0	0
OG0001134	-1	5	-1	1	2	0	0	0	-1	0	1	0	0	0	-1	0	0
OG0001136	-1	-2	0	0	3	0	0	1	0	0	1	0	0	0	0	0	0
OG0001137	-1	7	-1	1	1	0	-1	0	-1	0	1	0	0	0	-1	0	0
OG0001138	13	-1	-1	1	-1	0	0	0	0	0	-11	0	0	0	-1	0	0
OG0001140	4	-3	0	2	4	0	0	0	0	0	-3	0	0	1	-3	0	0
OG0001141	-1	7	-1	1	-1	0	-1	0	0	0	0	0	0	0	-1	0	0
OG0001142	1	-1	-1	1	0	0	1	-1	0	0	-1	-1	0	0	3	0	0
OG0001143	-1	6	-1	1	-1	0	0	0	0	0	0	0	0	0	-1	0	0
OG0001145	-1	1	3	3	-1	0	0	0	0	0	1	0	0	0	-1	0	0
OG0001146	-1	6	-2	1	-1	0	1	0	0	0	0	0	0	0	-1	0	0
OG0001147	-1	6	-1	1	-1	0	0	0	0	0	0	0	0	0	-1	0	0
OG0001148	0	3	-1	-2	0	-1	0	1	0	0	0	0	0	0	0	0	0
OG0001150	1	1	-1	1	1	0	0	0	0	0	-1	0	0	0	-1	0	0
OG0001151	0	1	0	0	-1	0	0	0	0	0	0	0	0	0	0	0	0
OG0001153	-1	16	-2	0	-1	0	0	0	1	0	0	0	0	0	-1	0	0
OG0001154	1	7	0	0	-2	0	0	0	0	0	-2	0	0	0	-2	0	0
OG0001155	0	5	0	0	0	0	0	0	0	0	0	0	0	0	1	0	0
OG0001156	-1	5	-1	1	0	0	0	0	0	0	0	0	0	0	-1	0	0
OG0001157	-1	5	-1	0	1	1	-2	-1	1	0	0	0	0	0	1	1	0
OG0001158	-1	14	-1	-1	0	0	2	0	0	0	0	0	0	0	-1	0	0
OG0001159	-1	7	-1	-1	0	0	0	0	0	0	0	0	0	0	-1	0	0
OG0001160	0	2	-1	1	-2	0	0	0	0	0	0	0	0	0	0	0	0
OG0001162	-1	5	-1	0	0	0	1	0	0	0	0	0	0	0	-1	0	0
OG0001165	-1	6	-1	-2	7	0	0	0	0	0	1	0	0	0	-2	0	0
OG0001166	0	14	-1	-1	-1	0	0	0	0	0	0	0	-1	0	-2	0	0
OG0001167	-1	15	-1	-1	1	0	0	0	0	0	0	0	0	0	-1	0	0
OG0001168	-1	16	-1	0	-2	0	1	0	0	0	0	0	0	0	-1	0	0
OG0001169	-1	6	-1	1	-1	0	0	0	0	0	0	0	0	0	-1	0	0
OG0001170	-1	16	-1	0	-2	0	1	0	0	0	0	0	0	0	-1	0	0
OG0001171	0	2	-2	1	0	0	0	-1	0	0	0	0	0	0	0	0	0
OG0001172	-1	0	-1	0	5	0	0	0	0	0	1	0	0	1	-1	0	0
OG0001173	1	-1	0	-1	3	0	0	0	0	0	-2	0	0	0	-1	0	0
OG0001175	-1	16	-1	0	-1	0	0	0	0	0	0	0	0	0	-1	0	0
OG0001176	-1	5	-1	1	-1	0	-1	-1	0	0	0	0	0	0	2	0	0
OG0001177	4	6	-1	-1	0	0	0	0	0	0	-3	0	-1	0	-2	0	0
OG0001178	-1	7	-1	0	0	0	0	0	0	0	1	0	0	0	-1	0	0
OG0001179	-1	1	0	3	-2	0	0	0	-1	0	0	0	0	0	0	0	0
OG0001180	-1	13	0	0	-1	-1	0	0	-1	0	0	0	0	0	0	0	0
OG0001181	-1	4	0	-3	1	0	0	0	0	0	1	0	0	0	0	0	0
OG0001184	0	-1	-1	-2	24	0	0	0	0	0	0	0	0	1	-1	0	0
OG0001185	0	-2	0	-3	20	0	0	0	0	0	0	0	0	1	-2	0	0
OG0001191	0	3	4	-1	1	0	0	0	0	0	0	0	0	0	-2	0	0
OG0001192	-1	3	0	1	2	0	0	0	0	0	0	0	0	1	-2	0	0
OG0001193	-1	9	0	-1	-1	-1	0	-1	0	0	1	0	0	0	-1	0	0
OG0001194	-1	3	2	1	-2	0	1	0	-1	0	0	0	0	0	-1	0	0
OG0001196	-1	2	-1	0	0	-1	0	0	0	0	0	0	0	0	0	0	0
OG0001197	-1	1	-1	2	-1	0	0	0	-1	0	0	0	0	0	0	0	0
OG0001198	0	4	0	1	0	0	0	0	0	0	0	0	0	0	-1	-1	0
OG0001200	-1	-2	0	2	1	0	0	0	-1	0	0	0	0	1	-1	1	0
OG0001202	3	-2	0	-2	1	0	0	0	1	0	-2	0	0	0	-1	0	0
OG0001204	-1	8	1	1	-1	0	0	0	0	0	1	0	0	0	-2	0	0
OG0001205	-1	8	0	0	-2	0	0	0	0	0	0	0	0	-1	-1	0	0
OG0001207	1	-3	0	6	2	0	0	0	0	0	-1	0	0	2	-3	0	0
OG0001209	-1	12	0	0	1	0	0	0	0	0	0	0	0	0	-1	0	0
OG0001210	4	2	1	-1	0	0	0	0	0	0	-3	0	0	-1	-2	0	0
OG0001211	0	8	-1	1	0	0	0	0	0	0	0	0	0	0	0	0	0
OG0001212	0	8	0	0	-1	0	0	0	0	0	0	0	0	0	-2	0	0
OG0001213	0	-1	0	5	-1	0	0	0	0	0	0	0	0	0	-1	0	0
OG0001215	-1	6	-1	0	-1	0	0	0	0	0	0	0	0	0	-1	0	0
OG0001217	-1	19	-1	0	-1	0	0	0	0	0	0	0	0	0	-2	0	0
OG0001218	-1	1	1	0	-1	0	1	-1	0	0	0	0	0	0	1	2	0
OG0001220	0	8	-2	-2	3	0	0	0	0	0	0	0	0	0	-2	0	0
OG0001221	-1	2	-1	0	2	0	-1	0	-2	0	0	0	0	0	0	0	0
OG0001222	0	12	-1	0	-1	0	0	0	0	0	0	0	-1	0	-2	0	0
OG0001223	-1	12	1	1	-2	0	0	0	0	0	0	0	0	0	-3	0	0
OG0001224	-1	13	-1	0	1	0	0	0	0	0	0	0	0	0	-1	0	0
OG0001225	3	-1	1	-1	1	0	0	0	0	0	-3	0	0	0	-4	0	0
OG0001228	-1	12	0	0	1	0	0	0	0	0	0	0	0	0	-1	0	0
OG0001229	0	0	0	1	1	0	0	0	0	0	-1	0	0	0	-1	0	0
OG0001230	-1	2	0	2	0	0	0	0	0	0	0	0	0	0	-1	0	0
OG0001231	0	18	0	0	-1	0	0	0	0	0	0	0	0	0	0	0	0
OG0001232	-1	-2	0	0	5	-1	0	0	0	0	0	0	0	1	-1	0	0
OG0001233	-1	15	-1	0	-1	0	0	0	0	0	0	0	0	0	-1	0	0
OG0001234	-1	15	0	-1	-1	0	0	0	0	0	0	0	0	0	-1	0	0
OG0001235	-1	6	-2	1	-1	0	0	0	0	0	0	0	0	0	-1	0	0
OG0001236	-1	2	4	1	-2	0	0	0	0	0	1	0	0	0	-1	0	0
OG0001237	-1	5	0	-1	-1	0	0	0	-1	0	0	0	0	-1	0	0	0
OG0001238	3	0	0	0	0	0	1	0	1	0	-3	-1	0	0	1	0	0
OG0001239	-1	0	4	1	0	0	0	0	0	0	0	0	1	0	-2	0	0
OG0001240	0	13	-1	0	0	0	0	0	0	0	0	0	0	0	-1	0	0
OG0001242	4	1	1	0	-1	0	0	0	0	0	-4	0	0	-1	-2	0	0
OG0001243	0	4	0	-1	0	0	0	0	0	0	0	0	0	0	-1	0	0
OG0001244	0	3	0	-1	0	0	0	0	-1	0	0	0	0	-1	0	0	0
OG0001245	-1	9	0	0	-1	0	1	0	0	0	0	0	0	0	0	0	0
OG0001247	0	1	0	0	0	1	0	0	0	0	0	0	0	0	1	1	0
OG0001248	0	0	0	0	0	0	-1	-1	2	0	0	0	-1	0	5	0	0
OG0001251	0	13	0	-2	1	0	0	0	0	0	0	0	0	0	-1	0	0
OG0001261	-1	14	-1	0	0	-1	0	0	0	0	0	0	0	0	-1	0	0
OG0001262	0	16	0	0	-1	-1	0	0	0	0	0	0	-1	0	-1	0	0
OG0001264	-1	11	-1	0	2	0	0	0	0	0	1	0	0	0	-3	0	0
OG0001265	-1	1	-1	8	-1	0	0	0	0	0	0	0	0	0	-2	0	0
OG0001266	0	9	-1	-1	-1	0	0	0	0	0	0	0	0	0	-2	0	0
OG0001268	-1	10	-1	0	-2	0	1	0	0	0	0	0	0	0	0	0	0
OG0001269	-1	13	-1	0	0	0	0	0	0	0	0	0	0	0	-1	0	0
OG0001270	-1	7	-2	-1	3	0	0	0	0	0	0	0	0	0	-2	0	0
OG0001271	0	14	-1	0	-2	0	0	0	0	0	0	0	0	0	-1	0	0
OG0001272	0	10	0	2	-1	0	0	0	0	0	0	0	0	0	-1	0	0
OG0001273	0	-1	-1	1	0	0	1	0	0	0	0	0	0	0	-1	1	0
OG0001274	-1	-1	1	1	1	0	0	1	-1	0	1	0	0	1	-1	0	0
OG0001275	0	15	0	0	0	0	1	0	0	0	0	0	0	0	0	0	0
OG0001276	4	0	0	0	-2	0	1	1	0	0	-3	0	0	0	0	0	0
OG0001277	0	2	1	0	-1	0	0	0	0	0	0	0	0	0	-1	0	0
OG0001278	0	2	0	-1	1	0	0	0	0	0	0	0	0	0	-1	0	0
OG0001279	4	-2	1	-1	0	0	1	0	-1	0	-4	0	0	0	-2	0	0
OG0001280	0	18	-1	0	-2	0	0	0	0	0	0	0	0	0	-2	0	0
OG0001281	0	-1	-1	10	-1	0	0	0	0	0	-1	0	0	1	-3	0	0
OG0001282	-1	0	3	-1	4	0	0	0	1	0	0	0	0	0	-2	0	0
OG0001284	-1	0	-1	1	1	0	0	0	0	0	0	0	0	0	0	-1	0
OG0001285	-1	2	-1	0	2	0	0	0	0	0	0	0	0	0	-1	0	0
OG0001286	2	7	-1	0	-1	0	0	0	0	0	-2	0	-1	0	-2	0	0
OG0001287	0	1	0	0	0	0	0	0	0	0	0	0	-1	0	0	0	0
OG0001288	1	3	0	0	-1	0	0	0	1	0	-2	0	0	-1	-1	-1	0
OG0001289	0	2	0	0	0	0	0	0	-1	0	0	0	-1	0	0	0	0
OG0001291	0	4	-1	0	-1	0	0	0	0	0	0	0	0	0	-1	0	0
OG0001292	-1	-1	-1	0	4	0	0	0	0	0	0	0	0	0	1	0	1
OG0001295	0	2	-1	0	0	0	1	0	0	0	0	0	0	0	-1	0	0
OG0001296	-1	3	0	1	-1	0	0	0	0	0	0	0	0	0	-1	0	0
OG0001298	0	1	0	1	0	0	0	0	0	0	0	0	0	0	-1	0	0
OG0001299	-1	1	0	2	1	0	-1	0	0	0	0	0	0	0	-1	0	0
OG0001300	-1	12	-1	0	-1	0	0	0	0	0	0	0	0	0	0	-1	0
OG0001301	0	11	-1	0	-1	0	0	0	0	0	0	0	-1	0	-2	0	0
OG0001302	-1	14	-1	0	-1	0	0	0	0	0	0	0	0	0	-1	0	0
OG0001303	-1	3	1	1	1	0	0	0	0	0	0	0	0	0	-4	0	0
OG0001304	0	0	0	1	1	0	0	0	-1	0	0	0	0	0	1	1	0
OG0001306	0	5	0	-1	1	0	0	0	0	0	0	0	0	0	0	0	1
OG0001308	-1	13	0	0	-1	0	0	0	0	0	0	0	0	0	-1	0	0
OG0001309	0	4	-1	-1	4	0	0	0	0	0	0	0	0	0	-2	0	0
OG0001310	-1	3	0	1	0	0	0	0	0	0	1	1	0	0	-2	0	0
OG0001311	-1	13	-1	0	0	0	0	0	0	0	0	0	0	0	-1	0	0
OG0001312	-1	0	-1	-1	4	0	0	0	0	0	0	0	0	0	1	0	1
OG0001314	4	1	0	-1	-1	0	0	0	0	0	-4	0	0	-1	-4	0	0
OG0001315	-1	1	1	1	2	0	-1	0	0	0	1	0	0	0	-1	0	0
OG0001316	-1	2	-1	1	0	0	0	1	-3	0	1	0	0	0	0	0	0
OG0001319	0	4	0	0	0	0	0	0	1	0	0	0	-1	0	3	0	1
OG0001320	-1	14	-1	-2	1	0	0	0	0	0	0	0	0	0	-1	0	0
OG0001332	-1	1	0	2	0	0	0	0	0	0	1	0	0	0	-1	0	0
OG0001334	0	1	0	0	0	0	1	-1	0	0	0	0	0	0	-1	0	0
OG0001337	0	0	-1	1	0	0	0	0	0	0	0	0	0	0	-3	0	0
OG0001338	-1	0	-1	1	2	0	0	0	0	0	0	0	0	0	-1	0	0
OG0001339	0	0	3	3	-1	0	0	0	0	0	0	1	0	0	-3	0	0
OG0001341	-1	2	-1	1	1	0	0	0	0	0	1	0	0	0	-1	0	0
OG0001342	-1	5	0	0	-2	0	0	0	0	0	1	0	0	0	-1	0	0
OG0001343	0	1	-1	0	0	0	0	0	0	0	-1	0	0	0	-1	0	0
OG0001344	0	16	0	0	-1	0	0	0	0	0	0	0	0	0	0	0	0
OG0001345	-1	5	-2	1	1	0	0	0	0	0	1	0	0	0	-1	-1	0
OG0001346	-1	9	-1	0	3	0	0	0	0	0	0	0	0	0	-1	0	0
OG0001349	-1	13	-1	0	-1	0	0	0	0	0	0	0	0	0	-1	0	0
OG0001350	0	10	0	-1	1	0	0	0	0	0	0	0	0	0	-1	0	0
OG0001351	1	9	-1	-1	-1	0	0	0	0	0	-1	0	-1	0	-2	0	0
OG0001352	0	14	0	0	0	0	1	0	0	0	0	0	0	0	0	0	0
OG0001355	0	2	-1	1	-1	0	0	0	0	0	0	0	0	0	-1	0	0
OG0001357	-1	13	-1	0	-1	0	0	0	0	0	0	0	0	0	-1	0	0
OG0001358	-1	9	-1	-1	0	0	0	0	0	0	0	0	0	0	0	0	0
OG0001359	-1	0	0	1	0	0	0	0	1	0	0	0	0	0	-1	0	0
OG0001360	0	11	-1	0	1	0	0	0	-1	0	0	0	0	0	-1	0	0
OG0001361	-1	1	1	4	-1	0	0	0	0	0	1	0	0	1	-2	0	0
OG0001362	-1	13	-1	0	-1	0	0	0	0	0	0	0	0	0	-1	0	0
OG0001363	0	1	-1	0	1	0	0	0	0	0	0	0	0	0	-1	0	0
OG0001364	-1	13	-1	0	0	0	-1	0	0	0	0	0	0	0	-1	0	0
OG0001365	0	5	-1	-1	-1	0	0	0	-1	0	0	0	0	0	-1	0	0
OG0001366	0	12	0	0	0	0	0	0	1	0	0	0	-1	0	-1	0	0
OG0001367	-1	4	0	1	0	0	0	0	0	0	0	0	0	0	0	1	0
OG0001368	0	2	0	2	0	0	0	0	2	0	0	0	0	0	0	0	0
OG0001369	-1	8	-1	0	0	0	0	0	0	0	1	0	0	0	-2	0	0
OG0001370	-1	13	-1	0	-1	0	0	0	0	0	0	0	0	0	-1	0	0
OG0001371	-1	12	-1	0	0	0	0	0	0	0	0	0	0	0	-1	0	0
OG0001372	0	4	0	2	-1	1	0	0	0	0	0	0	0	0	0	0	0
OG0001373	-1	11	-1	0	1	0	0	0	0	0	0	0	0	0	-1	0	0
OG0001374	0	10	-1	0	1	0	0	0	0	0	0	0	0	0	-1	0	0
OG0001375	-1	11	-1	0	1	0	0	0	0	0	0	0	0	0	-1	0	0
OG0001376	-1	12	-1	-1	0	0	1	0	0	0	0	0	0	0	-1	0	0
OG0001377	-1	2	-1	1	-1	0	0	0	1	0	0	0	0	0	-1	0	0
OG0001378	-1	7	-1	0	1	0	0	0	-1	0	0	0	0	0	-2	0	0
OG0001380	0	2	0	0	-1	0	-1	0	0	0	0	0	-1	0	0	0	0
OG0001381	0	3	-1	0	-1	-1	0	1	0	0	-1	0	-1	-1	0	0	0
OG0001382	-1	3	-1	-1	1	0	0	0	0	0	0	0	0	0	-1	0	0
OG0001383	0	1	1	-2	1	0	0	0	0	0	0	0	0	0	-1	0	0
OG0001389	0	15	0	0	0	0	0	0	0	0	-1	0	-2	0	-1	0	0
OG0001401	-1	8	1	-1	-1	0	0	0	0	0	0	0	0	-1	-2	0	0
OG0001402	0	10	1	-1	-1	0	0	0	0	0	0	0	0	0	-1	0	0
OG0001403	0	0	0	1	0	0	0	0	0	0	0	0	0	0	1	0	0
OG0001404	0	-2	0	2	2	0	0	0	0	0	0	0	0	1	-2	0	0
OG0001405	-1	3	0	-1	0	0	0	0	0	0	1	0	0	0	-1	0	0
OG0001406	-1	2	-1	1	0	0	0	0	-1	0	0	0	0	0	-1	0	0
OG0001407	0	-1	0	3	5	0	0	0	0	0	0	0	1	4	-1	0	0
OG0001408	-1	8	0	0	0	0	0	0	-2	0	0	0	0	0	0	0	0
OG0001409	-1	3	-1	-1	7	0	0	0	0	0	0	0	0	1	-1	0	0
OG0001410	0	15	0	0	-1	0	0	0	0	0	0	0	0	0	0	0	0
OG0001411	0	3	0	0	0	0	0	0	0	0	0	0	-1	0	-1	0	0
OG0001413	-1	2	0	1	-1	0	0	-1	0	0	0	0	0	0	-1	0	0
OG0001414	0	6	0	-2	0	0	0	0	0	0	0	0	0	0	-2	0	0
OG0001416	0	6	-2	-1	0	0	0	0	0	0	-1	0	0	0	-2	0	0
OG0001417	-1	4	0	2	-1	0	0	0	1	0	0	0	0	0	0	0	0
OG0001418	-1	1	0	3	0	0	0	0	0	0	0	0	0	1	0	0	0
OG0001419	1	1	0	0	-2	0	0	0	-1	0	-1	0	0	0	-1	0	0
OG0001422	-1	6	0	0	0	0	0	0	0	0	0	0	0	0	0	0	0
OG0001423	-1	10	-1	0	1	0	0	0	0	0	0	0	0	0	-1	0	0
OG0001426	-1	5	3	-1	-1	0	0	0	0	0	1	0	0	0	-2	0	0
OG0001427	5	-1	4	0	-1	0	0	0	0	0	-5	0	0	-2	-3	0	0
OG0001430	-1	0	0	-1	2	0	0	0	0	0	0	0	0	0	-1	0	0
OG0001431	0	4	0	1	0	0	0	0	0	0	0	0	0	0	0	0	0
OG0001433	-1	1	-1	1	1	0	0	0	0	0	1	0	0	0	-1	0	0
OG0001435	0	0	0	1	2	0	0	0	0	0	0	0	0	1	0	0	0
OG0001437	0	3	0	0	0	0	0	0	0	0	0	0	-1	0	-1	0	0
OG0001439	0	2	-1	0	0	0	3	0	0	0	-1	0	0	0	0	0	0
OG0001440	0	2	-1	1	2	0	0	0	1	0	0	0	0	0	0	0	0
OG0001441	0	1	-1	1	-1	0	0	0	0	0	0	0	0	0	-1	0	0
OG0001442	0	0	0	0	0	0	0	0	-1	0	-1	0	0	0	-1	0	0
OG0001443	0	0	0	1	1	0	0	0	-1	0	0	0	0	0	1	0	0
OG0001444	-1	0	1	1	0	0	0	0	0	0	1	0	0	0	-1	0	0
OG0001445	0	5	-1	-1	0	0	0	0	0	0	0	0	-1	0	-1	0	0
OG0001446	-1	1	0	-1	1	0	0	0	0	0	0	0	0	0	-1	0	0
OG0001447	0	0	0	0	1	0	0	0	0	0	0	0	0	0	1	0	0
OG0001449	-1	6	1	-1	-1	0	0	0	0	0	0	0	0	0	-2	0	0
OG0001450	-1	6	0	0	0	0	0	0	0	0	0	0	0	0	0	0	0
OG0001451	-1	11	-1	-1	1	0	0	0	0	0	0	0	0	0	-1	0	0
OG0001454	-1	6	0	-1	0	0	0	0	1	0	1	0	0	0	-2	0	0
OG0001455	1	2	-1	0	-1	0	0	-1	1	0	-1	0	0	0	-1	-1	0
OG0001457	-1	4	-1	1	-1	0	0	0	-1	0	1	0	0	0	-1	0	0
OG0001458	0	10	-1	0	1	0	0	0	-1	0	0	0	0	0	-1	0	0
OG0001459	0	14	0	1	-1	0	0	0	0	0	0	0	0	0	0	0	0
OG0001460	-1	10	0	0	-1	0	1	0	0	0	0	0	0	0	-1	0	0
OG0001461	1	-1	1	1	1	0	0	0	0	0	-1	0	0	0	-2	0	0
OG0001462	-1	2	-1	0	0	0	0	0	0	0	0	0	0	0	-1	0	0
OG0001463	-1	0	5	1	-1	0	0	0	0	0	0	0	0	0	-2	0	0
OG0001464	0	5	0	1	-2	0	1	0	0	0	0	0	0	0	0	0	0
OG0001465	-1	-1	0	2	1	0	0	0	0	0	1	0	0	0	-1	0	0
OG0001466	-1	2	2	-1	-1	0	0	0	0	0	1	0	0	0	-1	0	0
OG0001468	-1	7	0	0	-1	0	0	0	-1	0	0	0	-1	0	1	0	0
OG0001469	-1	12	-1	0	-1	0	0	0	0	0	0	0	0	0	-1	0	0
OG0001471	-1	7	0	-2	1	0	0	0	0	0	0	1	0	0	-1	0	0
OG0001473	0	5	0	0	-2	0	1	1	0	0	0	0	0	0	0	0	0
OG0001474	0	3	0	0	-1	0	1	0	0	0	0	0	0	-1	1	0	0
OG0001477	0	3	-2	-1	2	0	0	-1	1	0	0	0	0	0	-1	-1	0
OG0001478	-1	2	-1	1	-1	0	0	0	0	0	0	0	0	0	-1	0	0
OG0001480	0	5	-1	0	0	0	1	0	0	0	0	0	-1	0	-1	0	-1
OG0001481	-1	1	0	-1	1	0	0	0	0	0	0	0	0	0	-1	0	0
OG0001482	0	1	-1	1	0	0	0	-1	0	0	0	0	0	0	-1	0	0
OG0001483	0	4	0	0	1	0	0	0	0	0	0	0	0	0	0	0	0
OG0001484	0	12	0	0	0	0	0	0	0	0	0	0	-1	0	-1	0	0
OG0001485	0	4	-2	-1	3	0	0	0	0	0	0	0	0	0	-2	0	0
OG0001495	0	18	0	0	0	0	0	0	0	0	-1	0	-2	0	-2	0	0
OG0001506	1	8	-1	0	-1	0	0	0	0	0	-1	0	0	0	-1	0	0
OG0001507	-1	1	-1	1	0	0	1	0	-2	0	0	0	0	0	-1	0	0
OG0001508	0	1	-1	0	-1	0	0	0	0	0	0	0	0	0	-1	0	0
OG0001510	0	0	1	0	0	-1	0	0	0	0	0	0	0	0	1	0	0
OG0001511	0	6	-1	2	-1	0	0	0	0	0	0	0	0	0	0	0	-1
OG0001512	0	2	0	0	1	0	1	0	0	0	0	0	0	0	0	0	0
OG0001513	-1	5	0	-1	0	0	0	0	0	0	0	0	0	0	-2	0	0
OG0001515	-1	11	0	0	-2	0	0	0	0	0	0	0	0	0	-1	0	0
OG0001517	0	-1	-1	3	2	0	0	0	0	0	0	0	0	2	-3	0	0
OG0001518	-1	10	0	0	-1	0	0	0	0	0	0	0	0	0	-1	0	0
OG0001520	-1	0	-1	2	0	0	0	0	-1	0	0	0	0	0	-1	0	0
OG0001521	-1	10	-1	0	0	0	0	0	0	0	0	0	0	0	-1	0	0
OG0001522	-1	4	-1	0	4	0	0	0	0	0	0	0	0	1	-1	0	0
OG0001523	2	0	1	0	-2	0	0	0	0	0	-2	0	0	0	-2	0	0
OG0001524	-1	-1	3	2	0	0	0	0	0	0	0	0	1	1	-1	0	0
OG0001526	0	9	-1	0	1	0	0	0	-1	0	0	0	0	0	-1	0	0
OG0001528	-1	7	-1	0	3	0	0	0	0	0	0	0	0	0	-1	0	0
OG0001529	0	1	0	1	-3	0	0	0	0	0	0	0	0	0	-1	0	0
OG0001530	-1	2	3	2	-2	0	0	0	0	0	1	0	0	0	-2	0	0
OG0001531	2	0	1	-1	0	0	0	0	0	0	-2	0	0	0	0	0	0
OG0001532	-1	0	3	0	-2	0	0	0	0	0	1	0	0	0	-1	0	0
OG0001533	2	3	-1	0	0	0	0	0	0	0	-2	0	-1	0	-2	0	0
OG0001534	0	16	0	0	1	0	0	0	0	0	0	0	0	0	-1	0	0
OG0001536	-1	6	0	1	0	0	0	0	0	0	0	0	0	0	0	-1	0
OG0001537	-1	10	-1	-1	1	0	0	0	0	0	0	0	0	0	-1	0	0
OG0001538	0	0	-1	0	0	0	0	0	0	0	0	0	0	0	-1	0	0
OG0001539	-1	4	0	2	-1	0	0	0	0	0	0	0	0	0	0	0	0
OG0001540	0	10	0	0	0	0	0	0	1	0	0	0	-1	0	-1	0	0
OG0001541	-1	4	0	1	0	0	0	0	0	0	0	0	0	0	0	0	0
OG0001542	0	1	-1	1	-2	0	0	0	0	0	0	0	0	0	-1	0	0
OG0001544	0	3	0	0	2	0	0	0	-1	0	0	0	0	0	0	0	0
OG0001545	-1	0	-1	0	6	0	0	0	0	0	0	0	0	0	0	0	0
OG0001546	-1	11	-1	0	-1	0	0	0	0	0	0	0	0	0	-1	0	0
OG0001547	1	1	0	-1	0	0	1	0	0	0	-2	0	0	0	0	0	0
OG0001548	-1	0	0	1	2	0	0	0	0	0	0	0	0	1	0	0	0
OG0001549	0	13	0	0	0	0	0	0	0	0	0	0	0	0	0	0	0
OG0001550	-1	0	0	4	0	0	0	0	-1	0	1	0	0	1	-2	0	0
OG0001551	0	0	-1	1	-1	0	0	0	0	0	0	0	0	0	-1	0	0
OG0001552	2	0	-1	1	1	0	1	0	0	0	-2	0	0	1	-1	0	0
OG0001554	-1	0	-1	0	2	0	0	0	-1	0	0	0	0	0	-1	0	0
OG0001555	-1	-1	-1	0	1	-1	0	1	0	0	0	0	0	0	1	0	1
OG0001556	-1	11	-1	0	-1	0	0	0	0	0	0	0	0	0	-1	0	0
OG0001557	-1	13	0	0	0	0	0	0	0	0	0	0	0	0	-2	0	0
OG0001558	-1	1	0	0	0	0	0	0	0	0	0	0	0	0	1	0	0
OG0001559	-1	11	-1	0	-1	0	0	0	0	0	0	0	0	0	-1	0	0
OG0001560	0	10	0	0	0	0	0	0	0	0	-1	0	-1	0	-1	0	0
OG0001563	-1	4	0	0	1	0	0	0	0	0	0	0	0	0	0	0	0
OG0001564	0	5	-1	1	-1	0	0	0	0	0	0	0	0	0	0	0	0
OG0001565	1	6	0	0	-2	0	0	0	0	0	-1	0	-1	0	-2	0	0
OG0001566	0	7	-1	1	1	0	0	0	0	0	0	0	0	0	-1	0	0
OG0001568	0	0	-1	0	2	0	0	0	0	0	0	0	0	1	-2	0	0
OG0001569	-1	2	-1	0	0	0	0	0	0	0	1	0	0	0	-1	0	0
OG0001570	-1	6	-2	0	1	0	0	0	0	0	0	1	0	0	-1	0	0
OG0001571	-1	7	-1	0	0	0	0	0	-1	0	0	0	0	0	0	0	0
OG0001572	1	-1	1	0	0	1	0	0	0	0	-2	0	0	0	0	0	0
OG0001573	7	-1	0	1	0	0	0	0	0	0	-6	0	0	0	0	0	0
OG0001574	-1	10	0	-1	0	0	0	0	0	0	0	0	0	0	-1	0	0
OG0001575	0	3	1	-1	-1	0	0	0	0	0	0	0	0	0	0	1	0
OG0001576	0	1	-1	1	-1	0	0	0	0	0	0	0	0	0	1	0	0
OG0001577	-1	10	-1	-1	1	0	0	0	0	0	0	0	0	0	-1	0	0
OG0001578	-1	0	-1	0	-1	0	0	0	1	0	0	0	0	0	1	0	1
OG0001579	9	-2	0	0	-2	0	0	0	0	0	-7	0	0	0	-2	0	0
OG0001580	-1	8	0	1	0	0	0	0	0	0	0	0	0	0	-1	0	0
OG0001581	1	2	-1	0	-1	0	-1	0	-1	0	-1	0	0	0	1	0	0
OG0001582	-1	8	-1	0	2	0	0	0	0	0	0	0	0	0	-1	0	0
OG0001585	2	3	-1	-3	0	0	0	0	0	0	-2	0	0	0	-2	0	0
OG0001587	1	10	0	0	0	0	1	0	0	0	-1	0	-1	-1	-1	0	0
OG0001588	0	15	0	-1	0	0	-1	0	0	0	0	0	0	0	0	0	0
OG0001610	0	0	0	1	2	0	0	0	0	0	0	0	0	0	0	0	0
OG0001615	0	1	0	2	0	-1	1	0	0	0	0	0	0	0	0	0	0
OG0001617	0	6	-1	0	2	0	0	0	0	0	0	0	0	0	-1	0	0
OG0001619	-1	-2	1	1	0	0	1	0	0	0	0	0	1	0	0	0	0
OG0001620	0	0	-1	0	0	0	0	3	0	0	-1	0	0	0	0	0	0
OG0001621	0	0	-1	2	6	0	0	0	0	0	0	0	0	2	-2	0	0
OG0001622	0	12	0	0	0	0	0	0	0	0	0	0	0	0	0	0	0
OG0001623	0	0	2	0	0	0	0	0	0	0	0	0	0	0	-2	0	0
OG0001624	0	1	-1	1	2	0	0	0	0	0	0	0	0	0	0	0	0
OG0001626	-1	8	-1	1	0	0	0	0	0	0	0	0	0	0	-1	0	0
OG0001627	-1	1	0	-1	3	0	1	0	0	0	0	1	0	0	-1	0	0
OG0001628	0	2	0	2	0	-1	0	0	0	0	0	0	0	0	0	0	0
OG0001629	-1	0	2	0	5	0	0	0	0	0	0	0	1	1	-2	0	0
OG0001631	-1	10	-1	0	-1	0	0	0	0	0	0	0	0	0	-1	0	0
OG0001632	-1	7	-1	2	0	0	0	0	0	0	0	0	0	0	-1	0	0
OG0001634	0	-2	0	2	0	0	0	0	0	0	-1	0	0	0	0	0	1
OG0001635	-1	2	0	2	-1	0	-3	-1	1	0	0	0	0	0	1	0	0
OG0001636	-1	10	-1	0	-1	0	0	0	0	0	0	0	0	0	-1	0	0
OG0001637	0	4	0	0	-1	0	0	0	-1	0	-1	0	0	0	0	0	0
OG0001639	-1	8	-1	0	0	0	1	0	0	0	0	0	0	0	-1	0	0
OG0001641	0	1	0	1	1	0	0	0	0	0	0	0	0	0	0	0	0
OG0001642	0	0	0	1	2	0	0	0	0	0	0	0	0	0	0	0	0
OG0001643	0	8	-1	0	0	0	0	0	0	0	0	0	0	0	-1	0	0
OG0001644	-1	1	0	0	0	0	0	0	-1	0	1	0	0	0	-1	0	0
OG0001645	0	3	0	0	-1	0	0	0	0	0	-1	0	0	0	0	0	0
OG0001646	-1	10	-1	-1	0	0	0	0	0	0	0	0	0	0	-1	0	0
OG0001647	0	4	-1	0	-1	0	0	0	0	0	0	0	0	0	-2	0	0
OG0001648	0	5	0	2	0	0	0	0	0	0	0	0	0	0	-1	0	0
OG0001649	0	0	0	2	1	0	0	0	0	0	0	0	0	0	0	0	0
OG0001650	0	3	0	0	0	0	0	0	0	0	0	0	0	0	0	0	0
OG0001651	-1	0	-1	2	1	0	0	0	0	0	0	0	0	1	0	0	0
OG0001655	-1	2	0	0	0	0	1	1	0	0	0	0	0	0	0	0	0
OG0001658	0	0	0	0	3	0	0	0	0	0	0	0	0	0	0	0	0
OG0001659	0	-1	4	-1	2	0	0	0	0	0	0	0	1	0	-1	0	0
OG0001660	-1	9	-1	0	-1	0	1	0	0	0	0	0	0	0	-1	0	0
OG0001661	0	4	-1	0	0	0	0	0	0	0	0	0	0	0	0	0	0
OG0001662	-1	13	0	0	-1	0	0	0	0	0	0	0	0	0	-2	0	0
OG0001663	-1	2	-1	1	0	0	0	0	0	0	1	0	0	0	-1	-1	0
OG0001664	0	9	-1	0	-1	0	0	0	0	0	0	0	0	0	-1	0	0
OG0001665	0	0	-1	-1	6	0	0	0	0	0	-1	0	0	1	-1	0	0
OG0001666	0	5	0	0	-1	0	0	0	-2	0	-1	0	0	0	0	0	0
OG0001667	0	1	0	2	0	0	0	0	0	0	0	0	0	0	0	0	0
OG0001668	0	5	-1	1	-2	0	0	0	0	0	0	0	0	0	0	0	0
OG0001669	-1	10	-1	0	-1	0	0	0	0	0	0	0	0	0	-1	0	0
OG0001670	0	2	0	0	1	0	0	0	0	0	0	0	0	0	0	0	0
OG0001671	-1	8	-1	0	-1	0	0	0	0	0	0	0	0	0	0	0	-1
OG0001673	-1	0	-1	1	1	0	1	0	0	0	0	0	0	1	0	0	0
OG0001674	0	12	0	1	-1	0	0	0	0	0	0	0	0	0	0	0	0
OG0001675	2	1	-1	3	-1	0	0	0	0	0	-2	0	0	0	-3	0	0
OG0001676	-1	5	0	-1	0	0	0	0	0	0	0	1	0	0	-1	0	0
OG0001677	0	8	-1	0	-1	0	1	0	0	0	0	0	0	0	-1	0	0
OG0001678	0	3	-1	-1	2	-1	0	0	0	0	-1	0	0	0	0	0	0
OG0001679	-1	0	0	5	-1	0	-1	0	0	0	0	0	0	0	-2	0	0
OG0001680	0	2	-1	0	1	0	0	0	0	0	-1	0	0	0	0	0	0
OG0001681	-1	10	0	2	0	0	0	0	0	0	0	0	0	0	-2	0	0
OG0001682	-1	2	0	1	1	0	0	0	0	0	0	0	0	0	0	0	0
OG0001683	-1	2	-1	-1	6	0	0	0	0	0	0	0	0	1	-1	0	0
OG0001684	0	1	0	1	0	0	0	0	-1	0	0	0	0	1	0	0	0
OG0001687	-1	10	-1	0	-1	0	0	0	0	0	0	0	0	0	-1	0	0
OG0001688	0	10	0	0	0	0	0	0	0	0	0	0	0	0	0	0	1
OG0001690	-1	9	-1	0	0	0	0	0	0	0	0	0	0	0	-1	0	0
OG0001691	0	0	0	0	3	0	0	0	0	0	0	0	0	0	0	0	0
OG0001692	0	1	-1	2	1	0	0	0	0	0	0	0	0	0	0	0	0
OG0001693	0	0	0	2	0	0	0	0	1	0	0	0	0	0	0	0	0
OG0001694	1	-1	0	-1	2	0	0	0	-1	0	-1	0	0	0	0	1	0
OG0001695	0	0	1	2	0	0	0	0	0	0	0	0	0	0	0	0	0
OG0001696	0	3	0	0	2	0	0	0	0	0	0	0	0	0	0	0	-1
OG0001697	0	3	-2	-1	0	0	0	0	0	0	0	0	0	0	-1	0	-1
OG0001698	0	-1	0	-1	2	0	0	-1	0	0	0	0	0	0	1	0	0
OG0001700	-1	1	9	-1	-1	0	0	0	-2	0	0	0	0	-1	0	0	0
OG0001701	8	-1	1	0	0	0	0	0	0	0	-6	0	0	-1	0	0	0
OG0001702	0	12	0	0	0	0	2	0	0	0	0	0	0	-1	0	0	0
OG0001703	0	13	1	0	0	0	0	0	0	0	0	0	0	-1	0	0	0
OG0001715	0	19	0	0	0	0	0	0	0	0	0	0	-1	0	-1	0	0
OG0001725	0	0	-1	0	1	0	0	0	0	0	-1	0	0	0	-2	0	0
OG0001727	0	8	0	-1	-1	0	0	0	0	0	0	0	0	0	-1	0	0
OG0001728	-1	8	-1	0	0	0	0	1	-1	0	0	0	0	0	-1	0	0
OG0001731	0	1	0	1	0	0	0	0	0	0	0	0	0	1	0	-1	0
OG0001732	-1	2	-1	0	4	0	0	0	2	0	0	0	0	0	-1	0	0
OG0001733	0	9	-1	0	-2	0	0	0	0	0	0	0	0	0	-1	0	0
OG0001735	-1	0	0	2	1	0	0	0	0	0	0	0	0	0	0	0	0
OG0001736	3	-2	-1	1	5	0	0	0	0	0	-2	0	0	1	-2	0	0
OG0001738	-1	9	-1	0	-1	0	0	0	0	0	0	0	0	0	-1	0	0
OG0001739	-1	9	-1	0	-1	0	0	0	0	0	0	0	0	0	-1	0	0
OG0001740	-1	5	0	1	-2	-1	0	0	0	0	0	0	0	0	0	0	0
OG0001741	-1	7	0	1	-1	0	0	0	0	0	0	0	0	0	-1	0	0
OG0001745	0	1	-1	2	0	0	0	0	0	0	0	0	0	0	0	0	0
OG0001746	-1	2	0	0	1	0	0	0	0	0	0	0	0	0	0	0	0
OG0001747	-1	2	-1	0	1	0	0	0	0	0	0	0	0	0	-2	0	0
OG0001748	1	0	0	-1	1	0	0	0	0	0	-1	0	0	0	0	0	0
OG0001749	-1	6	1	2	-2	0	0	0	0	0	1	0	0	0	-3	0	0
OG0001750	-1	5	-1	0	1	0	0	0	2	0	0	0	0	0	-1	0	0
OG0001751	-1	2	-1	0	1	-1	1	0	1	0	0	0	0	0	0	0	0
OG0001752	0	7	-1	-1	1	0	0	0	0	0	0	0	0	0	-1	0	0
OG0001754	-1	8	0	0	-1	0	0	0	0	0	0	0	0	0	-1	0	0
OG0001755	-1	1	1	1	0	0	0	0	0	0	1	0	0	0	-2	0	0
OG0001756	1	6	-2	0	0	0	0	-1	0	0	-2	0	-1	0	-2	-1	0
OG0001757	0	3	-1	0	2	0	0	0	0	0	0	0	0	1	-1	0	0
OG0001758	0	7	-1	0	-1	0	1	0	0	0	0	0	0	0	-1	0	0
OG0001759	0	8	0	0	0	0	1	0	0	0	0	0	-1	0	-1	0	0
OG0001760	0	12	-1	0	0	0	0	0	0	0	0	0	0	0	0	0	0
OG0001761	0	5	0	0	0	-1	1	-1	3	0	0	0	0	0	1	0	0
OG0001762	0	1	-1	2	-1	0	0	0	0	0	0	0	0	0	-2	0	0
OG0001764	0	8	-1	-1	1	0	0	0	-1	0	0	0	0	0	-1	0	0
OG0001765	0	2	0	1	-1	0	0	0	0	0	0	0	0	0	0	0	0
OG0001767	0	7	-1	0	-2	0	2	0	0	0	0	0	0	0	-1	0	0
OG0001770	0	0	0	2	0	0	0	0	0	0	0	0	0	0	0	0	0
OG0001771	0	8	-1	0	-1	0	0	0	0	0	0	0	0	0	-1	0	0
OG0001772	-1	0	4	-2	4	0	0	0	-1	0	1	0	0	0	-2	-1	0
OG0001773	0	-1	0	0	3	0	0	0	0	0	0	0	0	0	0	0	0
OG0001774	0	11	-1	1	0	0	0	0	0	0	0	0	0	0	0	0	0
OG0001776	-1	9	-1	-1	0	0	0	0	0	0	0	0	0	0	-1	0	0
OG0001777	-1	2	-1	-1	4	0	0	0	1	0	0	0	0	0	0	-1	0
OG0001778	0	1	-1	1	0	0	0	0	0	0	-1	0	0	0	0	0	0
OG0001779	0	3	0	0	-1	0	0	0	0	0	0	0	0	0	0	0	0
OG0001781	0	0	-1	0	3	0	0	0	0	0	0	0	0	0	0	0	0
OG0001782	-1	5	-1	-1	4	0	0	0	0	0	0	0	0	0	-1	0	0
OG0001783	-1	0	-1	1	0	-1	0	0	0	0	0	0	0	0	1	0	0
OG0001784	-1	-2	2	-1	4	0	0	0	0	0	0	0	0	0	0	0	0
OG0001785	0	5	0	2	-1	0	0	0	0	0	0	0	0	0	-1	0	0
OG0001786	0	6	1	0	-1	0	0	0	0	0	-1	0	0	-1	-3	0	0
OG0001789	1	0	-1	-2	2	0	0	0	0	0	-1	0	0	0	-2	0	0
OG0001790	-1	9	-1	0	-1	0	0	0	0	0	0	0	0	0	-1	0	0
OG0001791	0	3	-1	-1	0	0	0	0	0	0	-1	0	0	0	0	0	0
OG0001794	0	-1	-1	-1	0	-1	1	0	1	0	0	0	0	0	1	0	0
OG0001795	0	-1	0	2	1	0	0	0	0	0	0	0	0	0	0	0	0
OG0001796	0	9	-1	0	-2	0	0	0	0	0	0	0	0	0	-1	0	0
OG0001798	0	2	0	0	0	0	0	0	0	0	0	0	0	0	0	0	0
OG0001799	0	7	-1	0	0	0	0	0	0	0	0	0	0	0	-1	0	0
OG0001800	0	2	0	1	1	0	1	0	1	0	0	0	0	0	-1	0	0
OG0001804	-1	8	-1	0	-1	1	0	0	0	0	0	0	0	0	-1	0	0
OG0001807	0	2	1	0	-2	0	0	0	1	0	0	0	0	0	0	0	0
OG0001808	0	0	0	1	-1	0	1	0	0	0	0	0	0	0	2	0	1
OG0001809	-1	6	2	-1	0	0	0	0	0	0	0	0	0	0	-1	0	0
OG0001810	0	-1	0	2	0	0	0	0	0	0	-1	0	0	0	0	0	0
OG0001811	0	4	0	0	-1	-1	0	0	0	0	0	0	0	0	0	0	0
OG0001812	-1	9	-1	0	-1	0	0	0	0	0	0	0	0	0	-1	0	0
OG0001813	3	3	-1	0	-1	0	0	0	0	0	-2	0	0	0	-1	0	0
OG0001814	-1	8	-1	0	-1	1	0	0	0	0	0	0	0	0	-1	0	0
OG0001815	-1	1	-1	0	-1	0	0	0	0	0	0	0	0	0	1	0	0
OG0001816	-1	6	0	0	0	0	0	0	0	0	0	0	-1	0	0	0	0
OG0001817	8	-2	0	0	-2	0	0	0	0	0	-6	0	0	0	-2	0	0
OG0001818	-1	9	-1	-1	0	0	0	0	0	0	0	0	0	0	-1	0	0
OG0001821	3	1	-1	0	0	0	0	0	0	0	-3	0	0	0	-1	0	0
OG0001823	-1	7	0	2	-1	0	0	0	-1	0	0	0	0	0	-1	0	0
OG0001824	-1	4	-1	0	0	0	0	0	0	0	0	0	0	0	0	0	0
OG0001825	0	8	-1	0	-1	0	0	0	0	0	0	0	0	0	-1	0	0
OG0001826	0	2	0	-1	0	0	1	-1	0	0	-1	0	0	0	0	0	0
OG0001827	-1	8	-1	0	1	0	0	0	-1	0	0	0	0	0	-1	0	0
OG0001828	0	0	0	0	2	0	0	0	0	0	0	0	0	0	0	0	0
OG0001829	0	8	-1	0	-1	0	0	0	0	0	0	0	0	0	-1	0	0
OG0001830	0	2	-2	1	-1	0	0	0	0	0	-1	0	0	0	-2	0	0
OG0001831	0	9	-1	0	-1	0	0	0	-1	0	0	0	0	0	-1	0	0
OG0001832	0	11	0	0	0	0	0	0	0	0	0	0	0	0	0	0	0
OG0001833	0	6	-1	0	1	0	0	0	0	0	0	0	0	0	-1	0	0
OG0001834	1	-2	0	-1	0	0	0	-1	0	0	-1	0	0	-1	1	1	0
OG0001836	0	9	0	-1	-1	0	0	1	0	0	0	0	0	-1	-1	0	0
OG0001840	-1	10	0	-1	0	0	0	0	0	0	0	0	0	-1	-1	0	0
OG0001846	8	0	0	-1	2	0	0	0	0	0	-6	0	0	0	-1	0	0
OG0001856	0	18	0	0	0	0	0	0	0	0	0	0	-1	0	-1	0	0
OG0001857	0	18	0	0	0	0	0	0	0	0	0	0	-1	0	-1	0	0
OG0001862	-1	1	0	0	3	0	0	0	0	0	0	0	0	1	-1	0	0
OG0001864	0	-2	0	1	4	0	0	0	0	0	0	0	0	1	-1	0	0
OG0001865	-1	11	-1	0	0	0	0	0	0	0	0	0	0	0	-2	0	0
OG0001867	-1	0	0	-1	6	0	0	0	-1	0	0	0	0	1	-1	0	0
OG0001869	-1	8	-1	0	-1	0	0	0	0	0	0	0	0	0	-1	0	0
OG0001870	0	6	-1	0	-1	0	0	0	1	0	0	0	0	0	-1	0	0
OG0001871	0	0	0	2	-1	0	0	0	0	0	0	0	0	0	0	0	0
OG0001873	0	9	0	1	-1	0	0	0	0	0	0	0	0	0	-2	0	0
OG0001874	0	5	0	0	-1	0	0	0	0	0	-1	0	0	0	-1	0	0
OG0001875	0	9	0	0	0	0	0	0	1	0	0	0	0	0	0	0	0
OG0001877	0	1	0	-1	3	0	0	0	0	0	-1	0	0	0	-3	0	0
OG0001879	-1	5	-1	0	2	0	0	0	0	0	0	0	0	0	-1	0	0
OG0001880	-1	5	-1	0	1	0	1	0	0	0	0	0	0	0	-1	0	0
OG0001881	0	3	-1	1	-1	0	-1	0	-1	0	0	0	0	0	-2	0	0
OG0001883	0	2	0	1	-1	0	-1	0	0	0	0	0	0	0	0	0	0
OG0001884	-1	8	-1	0	-1	0	0	0	0	0	0	0	0	0	-1	0	0
OG0001887	-1	0	0	1	1	0	0	0	0	0	0	0	0	0	0	0	0
OG0001888	-1	1	0	1	0	0	0	0	0	0	0	0	0	0	0	0	0
OG0001889	1	1	0	3	-1	0	0	0	0	0	-1	0	0	0	-1	0	0
OG0001890	0	2	-1	1	-2	0	0	0	0	0	0	0	0	0	-2	0	0
OG0001891	-1	8	-1	0	-1	0	0	0	0	0	0	0	0	0	-1	0	0
OG0001892	3	0	0	4	-1	0	0	0	0	0	-3	0	0	0	-2	0	0
OG0001893	-1	8	-1	-1	0	0	0	0	0	0	0	0	0	0	-1	0	0
OG0001894	-1	6	-1	0	1	0	0	0	0	0	0	0	0	0	-1	0	0
OG0001895	-1	4	3	0	-1	0	0	0	0	0	0	0	0	0	-1	0	0
OG0001896	-1	1	-1	-1	5	0	1	0	1	0	0	0	0	0	-1	0	0
OG0001897	0	2	-1	0	0	0	0	0	0	0	0	0	0	0	0	0	0
OG0001898	-1	3	0	0	-1	0	0	0	0	0	0	1	0	0	-1	0	0
OG0001899	0	10	0	0	0	0	0	0	0	0	0	0	0	0	0	0	0
OG0001900	0	11	0	0	-1	0	0	0	0	0	0	0	0	0	0	0	0
OG0001901	-1	8	-1	0	-1	0	0	0	0	0	0	0	0	0	-1	0	0
OG0001902	0	0	1	1	1	0	0	0	0	0	0	0	0	1	-1	0	0
OG0001904	-1	2	0	1	-1	0	0	0	0	0	0	1	0	0	-1	0	0
OG0001905	0	0	2	0	2	0	0	0	0	0	0	0	0	0	-3	0	0
OG0001906	0	1	-1	1	0	0	0	0	0	0	0	0	0	0	0	0	0
OG0001907	0	9	0	0	-1	0	0	0	0	0	0	0	-1	0	-1	0	0
OG0001908	-1	1	0	2	-1	0	0	0	0	0	0	0	0	0	0	0	0
OG0001909	0	-1	5	-1	1	0	1	0	0	0	0	0	0	0	-1	0	0
OG0001910	0	2	0	0	0	0	0	0	-1	0	0	0	0	0	0	0	0
OG0001912	0	-1	-1	7	-1	0	0	0	0	0	-1	0	0	0	-1	0	0
OG0001913	0	2	0	-1	2	-1	0	0	-1	0	0	0	0	0	0	0	0
OG0001914	0	-1	2	0	0	0	0	0	0	0	0	0	0	0	0	0	0
OG0001915	0	2	-1	1	-1	0	0	0	0	0	0	0	0	0	0	0	0
OG0001916	0	11	-1	0	1	0	0	0	-1	0	0	0	0	0	0	0	0
OG0001917	1	3	0	0	0	0	0	0	0	0	-1	0	0	0	-1	0	0
OG0001918	0	13	0	0	1	0	0	0	0	0	0	0	0	0	-1	0	0
OG0001919	0	2	0	3	0	0	0	0	0	0	0	0	0	0	-1	0	0
OG0001921	0	4	-1	0	2	0	0	0	0	0	0	0	0	0	-1	0	0
OG0001923	-1	6	0	0	0	0	-1	0	0	0	0	0	-1	0	0	0	0
OG0001924	0	0	0	0	0	0	0	0	0	0	-1	0	0	0	0	0	0
OG0001925	-1	2	0	1	-1	0	0	0	0	0	0	0	0	0	0	0	0
OG0001926	-1	7	-1	0	0	0	0	0	0	0	0	0	0	0	-1	0	0
OG0001929	0	-1	-1	0	-1	0	0	0	0	0	0	0	0	0	1	0	0
OG0001930	-1	1	-1	0	1	0	0	-1	2	0	0	0	0	0	0	0	0
OG0001931	-1	3	0	0	3	0	0	0	0	0	0	0	0	0	-1	0	0
OG0001932	0	-2	0	0	0	0	1	0	0	0	0	0	0	-1	1	0	0
OG0001933	0	5	-1	0	0	0	0	1	0	0	0	0	0	0	-1	0	0
OG0001934	0	1	1	0	-1	0	0	0	0	0	0	0	0	0	0	0	0
OG0001936	-1	8	-1	0	-1	0	0	0	0	0	0	0	0	0	-1	0	0
OG0001937	-1	6	0	0	0	0	0	0	0	0	0	0	0	0	-1	0	0
OG0001938	-1	1	-1	2	0	0	0	0	0	0	0	0	0	0	0	0	0
OG0001939	0	4	0	0	0	0	0	0	1	0	0	0	0	0	-1	0	0
OG0001940	0	0	0	0	0	0	0	0	0	0	-1	0	0	0	0	0	0
OG0001942	0	0	0	0	0	0	0	-1	0	0	-1	0	0	0	2	1	0
OG0001943	-1	2	0	0	-1	1	-3	-1	0	0	0	0	0	0	1	0	0
OG0001944	-1	7	-1	0	0	0	0	0	0	0	0	0	0	0	-1	0	0
OG0001945	0	-1	1	-1	4	0	0	0	-1	0	-1	0	0	0	0	0	-1
OG0001946	-1	7	-1	0	0	0	0	0	0	0	0	0	0	0	-1	0	0
OG0001947	-1	6	-1	0	1	0	0	0	0	0	0	0	0	0	-1	0	0
OG0001949	-1	3	-1	0	0	0	0	0	0	0	0	0	0	0	0	0	0
OG0001950	0	1	0	1	0	-1	0	0	0	0	0	0	0	0	0	0	0
OG0001951	0	0	1	0	0	0	0	0	0	0	-1	0	0	-1	-2	0	0
OG0001952	-1	-1	-1	0	0	0	-2	0	2	0	0	0	0	0	1	0	0
OG0001953	-1	1	-1	0	1	0	1	0	0	0	0	0	0	0	0	0	0
OG0001954	-1	7	-1	0	0	0	0	0	0	0	0	0	0	0	-1	0	0
OG0001955	0	10	0	1	-1	0	0	0	0	0	0	0	0	0	0	0	0
OG0001956	0	2	0	0	-1	0	0	0	-1	0	-1	0	0	0	0	0	0
OG0001957	-1	5	-1	0	1	0	1	0	0	0	0	0	0	0	-1	0	0
OG0001958	-1	0	2	1	0	0	0	0	-1	0	0	0	0	0	0	0	0
OG0001959	-1	7	-1	0	-1	0	0	0	1	0	0	0	0	0	-1	0	0
OG0001962	-1	5	1	0	0	0	0	0	0	0	0	0	0	0	-1	0	0
OG0001963	-1	3	-1	0	3	0	1	0	0	0	0	0	0	0	-1	0	0
OG0001972	0	14	0	-1	1	0	0	0	0	0	0	0	0	0	-1	0	0
OG0001976	9	-1	-1	-1	0	0	0	0	0	0	-8	0	0	0	-1	0	0
OG0001993	0	7	0	1	0	0	0	0	0	0	0	0	0	0	-2	0	0
OG0001994	-1	10	0	0	-1	0	0	0	0	0	0	0	0	0	-2	0	0
OG0001995	-1	1	0	1	-1	0	0	0	0	0	0	0	0	0	0	0	0
OG0001997	0	0	0	0	0	0	0	0	0	0	0	0	0	0	0	0	0
OG0001998	0	5	-1	1	1	0	0	0	0	0	0	0	0	1	-2	0	0
OG0002001	1	0	0	0	1	0	0	0	0	0	-2	0	0	0	-1	0	0
OG0002002	0	9	0	1	-1	0	0	0	0	0	0	0	0	0	0	0	0
OG0002003	0	0	1	0	-1	0	0	0	0	0	0	0	0	0	0	0	0
OG0002004	0	7	0	0	1	0	0	1	0	0	0	0	0	0	0	0	0
OG0002005	-1	1	0	0	0	0	0	0	0	0	0	0	0	0	0	0	0
OG0002008	0	7	0	0	1	0	0	1	0	0	0	0	0	0	0	0	0
OG0002009	-1	0	-1	1	1	0	0	0	0	0	0	0	0	0	0	0	0
OG0002011	-1	6	-1	0	0	0	0	0	0	0	0	0	0	0	-1	0	0
OG0002013	0	4	0	0	-1	1	0	0	0	0	0	0	0	0	-1	0	0
OG0002015	-1	8	-1	-1	0	0	0	0	-1	0	0	0	0	0	-1	0	0
OG0002016	-1	6	-1	0	0	0	0	0	0	0	0	0	0	0	-1	0	0
OG0002018	0	3	-1	-1	1	0	0	0	2	0	0	0	0	0	-1	0	0
OG0002019	0	10	-1	0	-2	0	0	0	0	0	-1	0	0	0	-2	0	0
OG0002020	0	6	-1	0	-1	0	0	0	0	0	0	0	0	0	-1	0	0
OG0002021	-1	2	0	1	2	0	0	1	-1	0	0	0	0	0	-1	0	0
OG0002022	-1	5	-1	0	0	0	0	0	1	0	0	0	0	0	-1	0	0
OG0002023	-1	5	0	0	-1	0	-1	0	0	0	0	0	0	-1	0	0	0
OG0002024	-1	3	-1	2	1	0	0	0	0	0	0	0	0	0	-1	0	0
OG0002026	0	12	0	0	-1	0	0	0	0	0	0	0	-1	0	-2	0	0
OG0002028	-1	2	1	3	-1	0	0	0	0	0	0	0	0	0	-1	0	0
OG0002031	-1	5	-1	0	1	0	0	0	0	0	0	0	0	0	-1	0	0
OG0002032	1	-1	2	0	1	0	0	0	0	0	-1	0	0	0	-1	0	0
OG0002033	-1	6	-1	0	-1	0	0	0	1	0	0	0	0	0	-1	0	0
OG0002034	-1	1	-1	1	1	0	0	0	-1	0	0	0	0	0	0	0	0
OG0002035	0	5	-1	0	-1	0	1	0	0	0	0	0	0	0	-1	0	0
OG0002036	-1	6	-1	-1	1	0	0	0	0	0	0	0	0	0	-1	0	0
OG0002037	-1	0	0	1	1	0	0	0	-1	0	0	0	0	0	0	0	0
OG0002038	0	5	0	0	-1	0	0	0	0	0	0	0	0	0	-1	0	0
OG0002040	-1	6	-1	0	0	0	0	0	0	0	0	0	0	0	-1	0	0
OG0002041	-1	5	-1	0	1	0	0	0	0	0	0	0	0	0	-1	0	0
OG0002042	-1	5	-1	0	1	0	0	0	0	0	0	0	0	0	-1	0	0
OG0002043	-1	5	-1	0	1	0	0	0	0	0	0	0	0	0	-1	0	0
OG0002044	-1	3	0	0	2	0	0	0	0	0	0	0	0	0	-1	0	0
OG0002045	-1	6	-1	-1	1	0	0	0	0	0	0	0	0	0	-1	0	0
OG0002046	-1	6	0	-1	0	0	0	0	0	0	0	0	0	0	-1	0	0
OG0002047	-1	1	0	1	1	0	0	0	0	0	0	0	0	1	-1	0	0
OG0002048	-1	0	0	0	1	0	0	0	0	0	0	0	0	0	0	0	0
OG0002049	0	2	-1	2	-1	-1	0	0	-1	0	0	0	0	0	0	0	0
OG0002050	0	9	0	0	0	0	0	0	0	0	0	0	0	0	0	0	0
OG0002051	-1	4	-1	0	2	0	0	0	0	0	0	0	0	0	-1	0	0
OG0002054	-1	2	1	0	2	0	0	0	0	0	0	0	0	0	-1	0	0
OG0002055	0	1	-1	2	-2	0	1	-1	0	0	0	0	0	0	0	0	0
OG0002057	0	1	0	1	-1	0	0	0	0	0	0	0	0	0	2	0	0
OG0002058	-1	6	-1	-1	1	0	0	0	0	0	0	0	0	0	-1	0	0
OG0002059	1	1	-1	0	2	0	0	0	0	0	-1	0	0	0	-1	0	0
OG0002060	-1	0	0	0	0	0	0	0	0	0	0	0	0	0	-2	0	0
OG0002061	-1	0	0	0	3	0	0	0	0	0	0	0	0	1	-1	0	0
OG0002062	2	0	1	0	-1	0	0	0	0	0	-2	0	0	0	-1	0	0
OG0002065	-1	2	-1	0	0	0	0	0	0	0	0	0	0	0	0	0	0
OG0002066	0	2	-1	0	-1	0	0	0	0	0	0	0	0	0	0	0	0
OG0002067	-1	6	-1	0	0	0	0	0	0	0	0	0	0	0	-1	0	0
OG0002069	-1	7	-1	0	-1	0	0	0	0	0	0	0	0	0	-1	0	0
OG0002070	-1	2	-1	3	0	0	1	0	0	0	0	0	0	0	-1	0	0
OG0002071	-1	2	-1	0	4	0	0	0	0	0	0	0	0	0	-1	0	0
OG0002072	-1	3	0	0	-2	0	1	0	-1	0	0	0	0	0	0	0	0
OG0002073	2	2	-1	0	-1	0	0	0	0	0	-2	0	0	0	-1	0	0
OG0002074	0	0	0	2	-1	0	0	0	-1	0	0	0	0	0	0	0	0
OG0002075	-1	7	-1	0	-1	0	0	0	0	0	0	0	0	0	-1	0	0
OG0002076	-1	8	-1	0	-1	0	0	0	-1	0	0	0	0	0	-1	0	0
OG0002077	0	2	0	2	0	0	0	0	0	0	0	0	0	0	-1	0	0
OG0002078	0	9	0	0	0	0	0	0	0	0	0	0	0	0	0	0	0
OG0002079	0	0	0	0	1	0	0	-1	0	0	0	0	0	0	0	0	0
OG0002080	0	13	0	0	0	0	0	0	0	0	0	0	0	0	-1	0	0
OG0002083	-1	7	-1	0	-1	0	0	0	0	0	0	0	0	0	-1	0	0
OG0002084	0	0	-1	0	3	-1	0	0	-1	0	0	0	0	0	0	0	0
OG0002085	1	0	1	0	-1	0	1	0	0	0	-2	0	0	0	-1	0	0
OG0002086	-1	3	1	0	1	0	0	0	0	0	0	0	0	0	-1	0	0
OG0002087	-1	7	-1	0	-1	0	0	0	0	0	0	0	0	0	-1	0	0
OG0002088	2	0	0	0	0	0	0	0	0	0	-2	-1	0	0	0	0	0
OG0002090	0	2	-1	0	3	0	0	0	0	0	0	0	0	0	-1	0	0
OG0002092	2	1	-1	0	-1	0	1	0	0	0	-2	0	0	0	-1	0	0
OG0002093	0	2	5	0	-1	0	0	0	0	0	0	0	0	-1	-1	0	0
OG0002094	-1	0	1	0	0	0	0	0	0	0	0	0	0	0	0	0	0
OG0002095	-1	3	0	2	0	0	0	0	0	0	0	0	0	0	-1	0	0
OG0002096	0	10	0	0	-1	0	0	0	0	0	0	0	0	0	0	0	0
OG0002097	-1	3	-1	0	-1	0	0	0	0	0	0	0	0	0	0	0	0
OG0002098	0	0	-1	0	-2	0	0	-1	0	0	0	0	0	0	1	0	0
OG0002099	0	0	-1	1	-1	0	0	0	0	0	-1	0	0	0	0	0	0
OG0002100	1	5	-2	0	-1	0	0	0	0	0	-1	0	0	0	-1	0	0
OG0002102	-1	7	-1	0	-1	0	0	0	0	0	0	0	0	0	-1	0	0
OG0002103	0	0	0	1	0	0	0	0	0	0	0	0	0	0	2	0	0
OG0002105	-1	7	-1	0	-1	0	0	0	0	0	0	0	0	0	-1	0	0
OG0002107	0	1	1	0	2	0	0	0	0	0	0	0	0	0	-1	0	0
OG0002108	0	5	-1	-1	1	0	0	0	0	0	0	0	0	0	-1	0	0
OG0002109	0	6	-1	0	-1	0	0	0	0	0	0	0	0	0	-1	0	0
OG0002110	-1	-1	-1	3	0	0	0	0	0	0	0	0	0	0	0	0	0
OG0002111	0	4	0	0	0	0	0	0	0	0	0	0	0	0	-1	0	0
OG0002112	0	8	0	0	1	0	0	0	0	0	0	0	0	0	0	0	0
OG0002113	-1	5	0	0	0	0	0	0	0	0	0	0	0	0	-1	0	0
OG0002114	0	0	0	0	0	0	0	0	0	0	0	0	0	0	0	0	0
OG0002115	-1	6	0	0	-1	0	0	0	0	0	0	0	0	0	-1	0	0
OG0002116	0	1	-1	0	-1	0	0	0	0	0	-1	0	0	0	0	0	0
OG0002117	-1	5	-1	-1	2	0	0	0	0	0	0	0	0	0	-1	0	0
OG0002118	-1	1	-1	0	4	0	1	0	0	0	0	0	0	0	-1	0	0
OG0002119	0	2	-1	0	-1	0	0	0	0	0	0	0	0	0	0	0	0
OG0002120	-1	3	-1	0	3	0	0	0	0	0	0	0	0	0	-1	0	0
OG0002121	0	1	0	0	0	0	1	0	0	0	-1	0	-1	0	0	0	0
OG0002122	-1	5	-1	-1	2	0	0	0	0	0	0	0	0	0	-1	0	0
OG0002123	-1	8	-1	0	-1	0	0	0	-1	0	0	0	0	0	-1	0	0
OG0002124	3	0	0	-1	0	0	0	0	0	0	-2	0	0	0	-1	0	0
OG0002129	0	4	0	-1	0	-1	0	1	-1	0	-1	0	-1	0	0	0	0
OG0002130	0	3	0	0	0	-1	1	0	0	0	0	0	0	-1	2	0	0
OG0002132	4	0	0	-1	0	0	0	0	0	0	-3	0	0	-1	-1	0	0
OG0002139	1	-1	0	-1	13	0	0	0	0	0	-1	0	0	0	-1	0	0
OG0002140	0	-1	-1	-1	16	0	0	0	0	0	0	0	0	0	-1	0	0
OG0002145	-1	0	12	-1	0	0	0	0	0	0	0	0	0	-1	-2	0	0
OG0002158	0	2	0	0	-1	0	0	0	0	0	-1	0	0	0	-3	0	0
OG0002159	-1	5	-1	0	0	0	0	0	0	0	0	0	0	0	-1	0	0
OG0002160	-1	1	-1	1	2	0	1	0	0	0	0	0	0	0	-1	0	0
OG0002161	-1	6	-1	0	-1	0	0	0	0	0	0	0	0	0	-1	0	0
OG0002164	0	6	0	0	0	0	0	0	0	0	0	0	-1	0	-1	0	0
OG0002167	0	1	0	1	0	0	0	0	0	0	-1	0	0	0	-1	0	0
OG0002170	-1	-1	0	2	-1	0	0	0	0	0	0	0	0	0	0	0	0
OG0002172	0	0	0	3	0	0	0	0	1	0	0	0	0	0	1	0	0
OG0002173	0	3	-1	0	0	0	1	0	0	0	0	0	0	0	-1	0	0
OG0002175	0	7	0	1	-1	0	1	0	0	0	0	0	0	0	0	0	0
OG0002177	0	-1	0	3	0	0	0	0	0	0	0	0	0	0	-3	0	0
OG0002178	1	0	-1	0	1	0	0	0	0	0	-2	0	0	0	-1	0	0
OG0002179	0	1	0	0	7	0	0	0	0	0	0	0	0	0	0	0	0
OG0002180	0	0	0	0	6	0	0	0	0	0	0	0	0	1	0	0	0
OG0002181	0	-1	0	0	-1	0	0	0	0	0	-1	0	0	0	0	0	0
OG0002182	0	7	0	0	1	0	0	0	0	0	0	0	0	0	0	0	0
OG0002183	-1	4	0	0	0	0	0	0	0	0	0	0	0	0	-1	0	0
OG0002184	0	0	0	1	0	0	1	0	0	0	0	0	0	0	1	0	1
OG0002185	0	0	0	1	-1	0	-1	0	0	0	0	0	0	0	0	0	0
OG0002186	0	4	0	0	-1	0	0	0	0	0	0	0	0	0	-1	0	0
OG0002187	0	1	0	1	1	0	0	0	0	0	0	0	0	0	-1	0	0
OG0002188	0	-1	0	-1	1	0	0	0	0	0	0	0	0	0	0	0	0
OG0002190	-1	6	-1	0	-1	0	0	0	0	0	0	0	0	0	-1	0	0
OG0002191	-1	1	0	0	0	0	0	0	-1	0	0	0	0	0	0	0	0
OG0002193	-1	0	0	0	0	0	0	0	0	0	0	0	0	0	0	0	0
OG0002194	-1	0	0	1	-1	0	0	0	0	0	0	0	0	0	0	0	0
OG0002195	0	6	0	0	0	0	0	0	0	0	0	0	-1	0	-1	0	0
OG0002196	0	2	-1	1	0	0	0	0	0	0	-1	0	0	0	-1	0	0
OG0002197	-1	0	0	0	2	0	0	0	0	0	0	0	0	1	-1	0	0
OG0002199	0	7	0	0	1	0	0	0	0	0	0	0	0	0	0	0	0
OG0002200	0	1	0	1	1	0	0	0	0	0	0	0	0	0	-1	0	0
OG0002201	0	-1	2	3	0	0	0	0	0	0	0	0	2	1	-1	0	0
OG0002202	-1	2	-1	0	2	0	0	0	1	0	0	0	0	0	-1	0	0
OG0002203	-1	0	-1	0	5	0	0	0	0	0	0	0	0	0	-1	0	0
OG0002205	0	8	0	0	0	0	0	0	0	0	0	0	0	0	0	0	0
OG0002207	-1	6	-2	0	0	0	0	0	0	0	0	0	0	0	-1	0	0
OG0002209	0	-1	0	1	1	0	2	0	0	0	0	0	0	0	-1	0	0
OG0002210	0	5	-1	0	-1	0	0	1	0	0	0	0	0	0	1	0	0
OG0002211	-1	5	-1	0	0	0	0	0	0	0	0	0	0	0	-1	0	0
OG0002213	0	1	0	0	1	0	0	0	0	0	-1	0	0	0	-1	0	0
OG0002214	0	4	-1	0	-1	0	0	0	0	0	-1	0	0	0	-1	0	0
OG0002215	0	2	-1	-1	2	0	0	0	0	0	-1	0	0	0	-1	0	0
OG0002216	-1	1	0	0	1	0	2	0	0	0	0	0	0	0	-1	0	0
OG0002217	-1	4	-1	0	0	0	1	0	0	0	0	0	0	0	-1	0	0
OG0002218	-1	1	0	1	-2	0	0	0	0	0	0	0	0	0	0	0	0
OG0002219	0	0	0	0	5	0	0	0	0	0	0	0	0	1	-2	0	0
OG0002220	0	0	0	0	3	1	0	0	0	0	0	0	0	1	0	1	0
OG0002221	0	-1	-1	0	-1	0	-1	0	-1	0	0	0	0	0	1	0	0
OG0002222	-1	4	-1	0	0	0	1	0	0	0	0	0	0	0	-1	0	0
OG0002223	0	6	0	1	0	0	0	0	1	0	0	0	0	0	0	0	0
OG0002225	-1	3	-1	-1	3	0	0	0	0	0	0	0	0	0	-1	0	0
OG0002226	0	3	-1	2	-1	0	0	0	-1	0	-1	0	0	0	-1	0	0
OG0002227	0	1	1	1	0	0	0	0	0	0	0	0	0	0	-1	0	0
OG0002228	-1	2	0	-1	-1	0	0	0	0	0	0	0	0	0	0	0	0
OG0002229	0	0	0	1	0	0	-1	0	0	0	0	0	0	0	2	0	0
OG0002230	0	4	-1	0	0	0	0	0	0	0	0	0	0	0	-1	0	0
OG0002231	-1	2	0	1	-2	-1	0	0	0	0	0	0	0	0	0	0	0
OG0002232	0	0	0	2	1	0	0	0	0	0	0	0	0	0	-1	0	0
OG0002233	0	11	0	1	0	0	0	0	0	0	0	0	0	0	-1	0	0
OG0002234	-1	0	-1	0	2	0	0	-1	0	0	0	0	0	0	0	0	0
OG0002235	0	4	1	0	-2	0	0	0	0	0	0	0	0	0	-1	0	0
OG0002236	0	3	0	0	-1	0	1	0	0	0	0	0	0	0	-1	0	0
OG0002237	0	0	0	1	-2	0	0	0	0	0	0	0	0	0	0	0	0
OG0002238	0	-1	0	0	0	0	0	0	0	0	0	0	0	0	0	0	0
OG0002240	0	4	-1	0	-1	0	0	0	0	0	-1	0	0	0	-1	0	0
OG0002241	-1	4	2	0	-2	-1	1	0	0	0	0	0	0	0	-1	0	0
OG0002242	-1	4	0	0	-1	0	0	0	1	0	0	0	0	0	-1	0	0
OG0002244	0	8	0	0	0	0	0	0	0	0	0	0	0	0	0	0	0
OG0002245	0	8	0	0	0	0	0	0	0	0	0	0	0	0	0	0	0
OG0002246	0	8	0	0	0	0	0	0	0	0	0	0	0	0	0	0	0
OG0002247	1	-1	-1	0	2	0	0	0	0	0	-1	0	0	0	-3	0	0
OG0002250	-1	5	-1	0	0	0	0	0	0	0	0	0	0	0	-1	0	0
OG0002251	0	4	-1	-1	1	0	0	0	0	0	0	0	0	0	-1	0	0
OG0002253	-1	5	-1	0	0	0	0	0	0	0	0	0	0	0	-1	0	0
OG0002255	-1	0	-1	0	1	0	0	0	0	0	0	0	0	0	0	0	0
OG0002256	0	4	-1	0	0	0	0	0	0	0	0	0	0	0	-1	0	0
OG0002258	-1	4	1	0	-2	0	1	0	0	0	0	0	0	0	-1	0	0
OG0002259	-1	4	-1	0	1	0	0	0	0	0	0	0	0	0	-1	0	0
OG0002260	-1	5	-1	1	-1	0	0	0	0	0	0	0	0	0	-1	0	0
OG0002262	-1	5	-1	0	0	0	0	0	0	0	0	0	0	0	-1	0	0
OG0002263	0	2	0	1	0	0	1	0	0	0	0	0	0	0	1	1	-1
OG0002264	0	5	-1	-1	0	0	0	0	0	0	0	0	0	0	-1	0	0
OG0002266	0	6	0	1	0	0	0	0	1	0	0	0	0	0	0	0	0
OG0002267	-1	1	0	1	-1	0	0	0	-1	0	0	0	0	0	0	0	0
OG0002268	-1	0	-2	2	0	0	0	0	0	0	0	0	0	0	0	0	0
OG0002269	0	4	0	-1	-1	0	0	0	0	0	-1	0	0	0	-1	0	0
OG0002270	1	0	-1	0	1	0	1	0	0	0	-1	0	0	0	-1	0	0
OG0002271	-1	5	0	-1	0	0	0	0	0	0	0	0	0	0	-1	0	0
OG0002272	0	2	0	1	0	0	0	0	0	0	0	0	0	0	-1	0	0
OG0002273	0	-1	0	4	0	0	0	0	0	0	0	0	0	0	-1	0	0
OG0002274	-1	-1	0	-1	2	0	0	0	0	0	0	0	0	0	0	0	0
OG0002275	-1	1	0	-1	0	0	0	0	0	0	0	0	0	0	0	0	0
OG0002276	0	1	0	2	-1	0	0	0	0	0	-1	0	0	0	-1	0	0
OG0002277	0	2	-1	0	0	1	0	0	0	0	-1	0	0	0	-1	0	0
OG0002278	-1	5	-1	0	0	0	0	0	0	0	0	0	0	0	-1	0	0
OG0002279	-1	4	-1	0	1	0	0	0	0	0	0	0	0	0	-1	0	0
OG0002281	0	5	-1	0	-1	0	0	0	0	0	0	0	0	0	-1	0	0
OG0002282	0	2	-1	0	1	0	0	0	0	0	-1	0	0	0	-1	0	0
OG0002283	-1	-1	-1	0	2	0	0	0	0	0	0	0	0	0	0	0	0
OG0002285	0	11	0	1	0	0	0	0	0	0	0	0	0	0	-1	0	0
OG0002287	-1	2	0	0	1	1	0	0	0	0	0	0	0	0	-1	0	0
OG0002288	-1	6	-1	0	-1	0	0	0	0	0	0	0	0	0	-1	0	0
OG0002289	0	2	-1	0	2	0	0	0	0	0	0	0	0	0	-1	0	0
OG0002290	-1	4	-1	0	1	0	0	0	0	0	0	0	0	0	-1	0	0
OG0002291	-1	6	-1	0	-1	0	0	0	0	0	0	0	0	0	-1	0	0
OG0002292	0	6	-1	0	-1	0	-1	0	0	0	0	0	0	0	-1	0	0
OG0002293	1	-1	1	0	1	0	0	0	0	0	-1	0	0	0	-1	0	0
OG0002294	0	10	0	0	-1	0	0	-1	0	0	0	0	0	0	0	0	0
OG0002295	-1	6	-1	0	-1	0	0	0	0	0	0	0	0	0	-1	0	0
OG0002296	0	-1	-1	0	-1	-1	0	2	0	0	-1	0	0	0	0	0	0
OG0002297	0	6	-1	0	-2	0	0	0	0	0	0	0	0	0	-1	0	0
OG0002298	-1	4	-1	0	1	0	0	0	0	0	0	0	0	0	-1	0	0
OG0002299	-1	3	-1	0	2	0	0	0	0	0	0	0	0	0	-1	0	0
OG0002301	-1	4	0	0	0	0	0	0	0	0	0	0	0	0	-1	0	0
OG0002302	-1	6	-1	0	-1	0	0	0	0	0	0	0	0	0	-1	0	0
OG0002303	0	7	0	0	1	0	0	0	0	0	0	0	0	0	0	0	0
OG0002304	0	0	-1	-1	2	0	0	0	2	0	-1	0	0	0	-1	0	0
OG0002305	-1	0	-1	0	4	0	1	0	0	0	0	0	0	0	-1	0	0
OG0002306	-1	5	-1	0	0	0	0	0	0	0	0	0	0	0	-1	0	0
OG0002307	-1	0	-2	0	3	0	0	0	-1	0	0	0	0	0	0	0	0
OG0002308	-1	-1	1	0	1	0	0	1	0	0	0	0	0	0	0	-1	0
OG0002309	0	6	-1	0	1	0	0	0	0	0	-1	0	0	0	-2	0	0
OG0002310	-1	-1	1	1	0	0	0	0	0	0	0	0	1	0	-1	0	0
OG0002312	0	1	1	0	0	0	0	0	0	0	0	0	0	-1	2	0	0
OG0002313	0	7	0	-1	1	0	0	0	1	0	0	0	0	0	0	0	0
OG0002314	5	-1	1	0	0	0	1	0	0	0	-4	0	0	-1	0	0	0
OG0002315	-1	2	-1	-2	1	0	0	0	0	0	0	0	0	0	0	0	0
OG0002316	0	9	0	0	0	0	1	0	0	0	-1	0	-1	0	0	0	0
OG0002317	0	5	0	-2	0	0	0	0	0	0	0	0	0	0	-1	0	0
OG0002318	0	6	-2	-2	1	0	0	0	0	0	0	0	0	0	-1	0	0
OG0002319	0	10	0	0	0	0	0	0	0	0	0	0	0	-1	0	0	0
OG0002321	0	7	0	-1	2	0	0	0	0	0	0	0	0	0	0	0	0
OG0002340	1	3	-1	0	-2	0	0	0	0	0	-1	0	0	0	-1	0	0
OG0002342	0	3	-1	0	-1	0	0	0	0	0	-1	0	0	0	-1	0	0
OG0002344	0	3	-1	-1	1	0	0	0	0	0	0	0	0	0	-1	0	0
OG0002346	0	6	0	1	0	0	0	0	0	0	0	0	0	0	0	0	0
OG0002347	0	0	-1	1	2	0	0	0	0	0	0	0	0	0	-1	0	0
OG0002348	-1	3	-1	0	1	0	0	0	0	0	0	0	0	0	-1	0	0
OG0002349	0	9	0	0	-2	0	0	0	0	0	0	1	0	0	-1	0	0
OG0002352	-1	1	-1	1	0	0	-2	0	0	0	0	0	0	0	0	0	0
OG0002353	0	-1	2	8	-1	0	0	0	0	0	0	0	1	0	-1	0	0
OG0002354	0	10	0	0	1	0	0	0	0	0	0	0	0	0	-1	0	0
OG0002355	0	6	0	1	0	0	1	0	-1	0	0	0	0	0	0	0	0
OG0002359	0	0	0	0	1	0	0	0	0	0	-1	0	0	0	-1	0	0
OG0002360	0	6	0	1	0	0	0	0	0	0	0	0	0	0	0	0	0
OG0002361	-1	0	-1	1	-1	0	0	0	0	0	0	0	0	0	0	0	0
OG0002362	0	2	-1	-1	1	0	1	0	0	0	0	0	0	0	-1	0	0
OG0002363	1	-2	0	0	2	0	0	0	0	0	-1	0	0	0	-1	0	0
OG0002364	0	0	0	0	1	0	1	0	-1	0	0	0	0	1	1	0	0
OG0002365	-1	3	-1	-1	2	0	0	0	0	0	0	0	0	0	-1	0	0
OG0002366	-1	4	-1	0	0	0	0	0	0	0	0	0	0	0	-1	0	0
OG0002367	-1	6	-1	0	-1	0	0	0	-1	0	0	0	0	0	-1	0	0
OG0002368	0	-2	3	2	0	0	0	0	0	0	0	0	1	0	-2	0	0
OG0002369	-1	7	-1	0	1	0	0	0	0	0	0	0	0	0	-2	0	0
OG0002371	-1	1	0	1	1	0	0	0	0	0	0	0	0	0	-1	0	0
OG0002372	0	2	-1	0	1	0	0	0	0	0	0	0	0	0	-1	0	0
OG0002373	0	4	-1	0	-1	0	0	0	0	0	0	0	0	0	-1	0	0
OG0002374	-1	3	-1	0	0	0	0	0	1	0	0	0	0	0	-1	0	0
OG0002375	-1	3	-1	0	1	0	0	0	0	0	0	0	0	0	-1	0	0
OG0002377	0	2	-1	0	1	0	0	0	0	0	0	0	0	0	-1	0	0
OG0002378	0	-2	3	1	0	0	0	0	0	0	0	0	0	0	-1	0	0
OG0002381	0	0	-1	4	-1	0	0	0	0	0	0	0	0	0	-1	0	0
OG0002382	1	1	-1	0	-1	0	1	0	0	0	-1	0	0	0	-1	0	0
OG0002384	0	2	-1	-1	1	0	0	0	0	0	-1	0	0	0	-1	0	0
OG0002385	0	2	0	0	-1	0	0	0	0	0	-1	0	0	0	-1	0	0
OG0002387	-1	0	-1	1	1	0	0	0	0	0	0	0	0	1	-1	0	0
OG0002388	0	4	-1	0	-1	0	0	0	0	0	0	0	0	0	-1	0	0
OG0002389	-1	-1	3	1	0	0	0	0	0	0	0	0	0	0	-1	0	0
OG0002390	0	3	-1	0	0	0	0	0	0	0	0	0	0	0	-1	0	0
OG0002391	0	7	0	0	0	0	0	0	0	0	0	0	0	0	0	0	0
OG0002392	-1	8	0	0	-1	0	0	0	0	0	0	0	0	0	-2	0	0
OG0002393	-1	3	-1	0	1	0	0	0	0	0	0	0	0	0	-1	0	0
OG0002394	1	-1	0	11	-1	0	0	0	0	0	-1	0	0	0	-1	0	0
OG0002395	-1	2	0	1	-1	0	-1	0	0	0	0	0	0	0	0	-1	0
OG0002397	-1	3	-1	0	1	0	0	0	0	0	0	0	0	0	-1	0	0
OG0002401	3	3	-1	0	-2	0	0	0	0	0	-3	0	0	0	-2	0	0
OG0002402	-1	3	0	1	-1	0	0	0	0	0	0	1	0	0	-2	0	0
OG0002403	-1	1	-1	0	0	0	0	-1	0	0	0	0	0	0	0	0	0
OG0002404	0	4	-1	0	-1	0	0	0	0	0	0	0	0	0	-1	0	0
OG0002406	-1	3	-1	0	1	0	0	0	0	0	0	0	0	0	-1	0	0
OG0002407	0	2	0	-1	0	0	0	0	0	0	-1	0	0	0	-1	0	0
OG0002409	0	4	-1	-1	0	0	0	0	0	0	0	0	0	0	-1	0	0
OG0002410	-1	0	0	0	0	0	0	0	-1	0	0	0	0	0	0	0	0
OG0002413	-1	0	-1	0	4	0	0	0	0	0	0	0	0	0	-1	0	0
OG0002415	-1	2	0	0	-1	0	0	0	0	0	0	0	0	-1	0	0	0
OG0002416	-1	1	0	0	2	0	0	0	0	0	0	0	0	0	-1	0	0
OG0002417	0	1	0	0	1	0	0	0	3	0	0	0	0	1	0	0	0
OG0002418	0	2	-1	0	2	-1	0	0	0	0	0	0	0	0	-1	0	0
OG0002419	0	0	-1	0	2	0	1	0	0	0	0	0	0	0	-1	0	0
OG0002420	-1	4	-1	0	0	0	0	0	0	0	0	0	0	0	-1	0	0
OG0002421	0	3	-1	0	0	0	0	0	0	0	0	0	0	0	-1	0	0
OG0002422	-1	2	0	0	-1	-1	0	0	-1	0	0	0	0	0	0	0	0
OG0002423	-1	3	-1	1	0	0	0	0	0	0	0	0	0	0	-1	0	0
OG0002424	-1	0	-1	0	4	0	0	0	0	0	0	0	0	0	-1	0	0
OG0002425	-1	1	-1	-1	4	0	0	0	0	0	0	0	0	0	-1	0	0
OG0002426	-1	4	-1	0	0	0	0	0	0	0	0	0	0	0	-1	0	0
OG0002427	0	6	0	1	0	0	0	0	0	0	0	0	0	0	0	0	0
OG0002428	0	4	-1	0	-1	0	0	0	0	0	0	0	0	0	-1	0	0
OG0002429	0	3	0	0	0	0	0	0	0	0	0	0	0	0	1	0	0
OG0002430	0	1	0	0	-2	0	0	0	-1	0	0	0	0	0	0	0	0
OG0002432	0	5	0	1	-1	0	0	0	0	0	0	0	0	0	0	1	0
OG0002433	0	6	0	1	0	0	0	0	0	0	0	0	0	0	0	0	0
OG0002435	-1	2	-1	1	1	0	0	0	0	0	0	0	0	0	-1	0	0
OG0002437	0	6	0	0	1	0	0	0	0	0	0	0	0	0	0	0	0
OG0002438	0	0	0	0	1	0	-1	1	0	0	0	0	0	0	1	0	1
OG0002439	0	3	-1	-1	1	0	0	0	0	0	0	0	0	0	-1	0	0
OG0002440	-1	4	-1	0	0	0	0	0	0	0	0	0	0	0	-1	0	0
OG0002442	0	0	0	0	5	0	0	0	0	0	0	0	0	1	0	0	0
OG0002443	0	1	0	0	0	0	0	0	0	0	-1	0	0	0	-1	0	0
OG0002444	-1	1	-1	0	-1	0	0	0	0	0	0	0	0	0	0	0	0
OG0002445	1	0	0	0	0	0	0	0	-1	0	-1	0	-1	0	0	0	0
OG0002446	-1	2	0	0	1	0	0	0	0	0	0	0	0	0	-1	0	0
OG0002447	0	7	0	1	-1	0	0	0	0	0	0	0	0	0	0	0	0
OG0002448	-1	0	-1	0	2	0	1	0	1	0	0	0	0	0	-1	0	0
OG0002450	-1	0	-1	0	0	0	0	0	0	0	0	0	0	0	0	0	0
OG0002453	0	-1	-1	0	0	-1	0	0	0	0	-1	0	0	0	0	0	0
OG0002458	0	-1	0	1	-1	0	0	0	0	0	-1	0	0	0	0	-1	0
OG0002459	0	1	0	0	0	0	0	0	0	0	0	0	-1	0	0	0	0
OG0002460	-1	3	-1	0	1	0	0	0	0	0	0	0	0	0	-1	0	0
OG0002461	-1	1	-1	0	-1	0	0	0	0	0	0	0	0	0	0	0	0
OG0002462	-1	8	0	0	-1	0	0	0	0	0	0	0	0	0	-2	0	0
OG0002463	-1	4	-1	0	0	0	0	0	0	0	0	0	0	0	-1	0	0
OG0002464	-1	8	1	-1	-1	0	0	0	0	0	0	0	0	0	-2	0	0
OG0002465	-1	8	-1	0	0	0	0	0	0	0	0	0	0	0	-2	0	0
OG0002466	0	-1	2	0	1	0	0	0	0	0	0	0	0	0	-1	0	0
OG0002467	0	2	-1	0	1	0	0	0	0	0	0	0	0	0	-1	0	0
OG0002468	1	-2	2	0	4	0	0	0	0	0	-1	0	0	0	-2	0	0
OG0002469	0	7	0	0	0	0	0	0	0	0	0	0	0	0	0	0	0
OG0002471	0	5	-1	0	-2	0	0	0	0	0	0	0	0	0	-1	0	0
OG0002472	0	6	0	0	0	0	1	0	0	0	0	0	0	0	0	0	0
OG0002473	-1	4	-1	0	0	0	0	0	0	0	0	0	0	0	-1	0	0
OG0002474	-1	2	-1	0	2	0	0	0	0	0	0	0	0	0	-1	0	0
OG0002475	-1	3	-1	0	1	0	0	0	0	0	0	0	0	0	-1	0	0
OG0002476	0	1	-1	0	2	0	0	0	0	0	0	0	0	0	-1	0	0
OG0002477	1	5	-1	0	0	0	0	0	0	0	-1	0	0	0	-2	0	0
OG0002478	0	-1	-1	0	-1	0	0	0	0	0	-1	0	0	0	0	0	0
OG0002479	0	3	0	0	3	0	1	0	0	0	0	0	0	0	0	0	0
OG0002480	-1	4	-1	0	0	0	0	0	0	0	0	0	0	0	-1	0	0
OG0002482	-1	3	0	-1	1	0	0	0	0	0	0	0	0	0	-1	0	0
OG0002483	0	0	0	0	4	0	1	0	0	0	0	0	0	1	0	0	0
OG0002484	1	0	-1	0	0	0	0	0	0	0	-2	0	0	0	-1	0	0
OG0002485	0	3	-2	0	0	0	0	0	0	0	-1	0	0	0	-1	0	0
OG0002486	0	2	0	-1	1	1	-1	0	0	0	0	0	0	0	-1	0	0
OG0002488	0	2	-1	0	1	0	0	0	0	0	0	0	0	0	-1	0	0
OG0002489	-1	2	-1	0	-1	0	0	0	-1	0	0	0	0	0	0	0	0
OG0002490	0	0	1	0	-1	0	0	1	0	0	-1	0	0	0	-1	0	0
OG0002491	-1	4	-1	0	0	0	0	0	0	0	0	0	0	0	-1	0	0
OG0002492	-1	4	-1	0	0	0	0	0	0	0	0	0	0	0	-1	0	0
OG0002493	0	2	-1	0	0	0	0	0	0	0	-1	0	0	0	-1	0	0
OG0002494	-1	2	-1	0	2	0	0	0	0	0	0	0	0	0	-1	0	0
OG0002495	0	0	0	0	2	0	0	0	0	0	0	0	0	0	-1	0	0
OG0002497	0	-1	1	0	2	0	0	0	0	0	0	0	0	0	-1	0	0
OG0002498	0	4	0	0	-1	0	0	0	0	0	0	0	0	0	1	0	0
OG0002499	1	0	-1	0	1	0	0	0	0	0	-1	0	0	0	-1	0	0
OG0002500	1	0	2	0	-1	0	2	0	0	0	-1	0	0	0	0	1	0
OG0002501	0	2	-2	0	2	0	0	0	0	0	0	0	0	0	-1	0	0
OG0002502	-1	3	0	0	0	0	0	0	0	0	0	0	0	0	-1	0	0
OG0002503	0	1	0	0	0	0	0	0	0	0	0	0	0	0	1	2	-1
OG0002504	0	4	-1	0	-2	0	1	0	0	0	0	0	0	0	-1	0	0
OG0002505	-1	1	-1	0	-1	0	0	0	0	0	0	0	0	0	0	0	0
OG0002506	0	-1	-1	0	0	0	0	-1	1	0	0	0	0	0	0	0	0
OG0002507	-1	0	0	0	-1	0	0	0	0	0	0	0	0	0	0	0	0
OG0002508	1	2	0	0	0	0	1	0	0	0	-1	0	-1	0	-1	0	0
OG0002509	0	6	0	0	1	0	0	0	0	0	0	0	0	0	0	0	0
OG0002513	0	7	0	-1	1	0	0	0	0	0	0	0	0	0	0	0	0
OG0002518	0	8	0	-1	0	0	0	0	0	0	0	0	0	0	0	0	0
OG0002521	4	0	0	0	0	0	0	0	0	0	-3	-1	0	0	1	0	0
OG0002522	0	9	0	-1	0	0	0	0	-1	0	0	0	0	0	0	0	0
OG0002533	0	14	0	0	0	0	0	0	0	0	0	0	-1	0	-1	0	0
OG0002543	1	12	0	0	0	0	0	0	0	0	-1	0	-1	0	-1	0	0
OG0002550	0	0	-1	0	-2	0	-1	0	0	0	-1	0	0	0	0	0	0
OG0002551	0	5	0	1	0	0	0	0	0	0	0	0	0	0	0	0	0
OG0002552	0	-1	-1	-1	3	0	0	0	0	0	-1	0	0	0	-1	0	0
OG0002554	0	3	-1	0	-1	0	0	0	0	0	0	0	0	0	-1	0	0
OG0002556	0	0	0	1	0	0	0	0	1	0	0	0	0	0	1	0	0
OG0002557	0	8	0	0	-1	-1	0	0	0	0	0	0	0	0	0	0	0
OG0002558	-1	4	-1	0	0	0	0	0	-1	0	0	0	0	0	-1	0	0
OG0002560	0	0	-1	0	-1	0	-1	0	0	0	0	0	0	0	0	0	0
OG0002561	0	9	0	1	0	0	0	0	0	0	0	0	0	0	-1	0	0
OG0002562	0	6	0	1	-1	0	0	0	0	0	0	0	0	0	0	0	0
OG0002568	-1	0	0	0	2	0	0	0	0	0	0	0	0	0	-1	0	0
OG0002569	-1	1	-1	1	1	0	0	0	0	0	0	0	0	0	-1	0	0
OG0002571	0	4	-1	0	-2	0	0	0	-1	0	-1	0	0	0	-1	0	0
OG0002572	0	0	0	0	1	0	0	1	0	0	0	0	0	0	1	0	0
OG0002573	0	-1	-1	0	3	0	0	0	0	0	0	0	0	0	-1	0	0
OG0002574	0	5	0	1	0	0	0	0	0	0	0	0	0	0	0	0	0
OG0002575	0	6	0	1	-1	0	0	0	0	0	0	0	0	0	0	0	0
OG0002579	-1	2	-1	1	0	0	0	0	0	0	0	0	0	0	-1	0	0
OG0002580	-1	-1	0	0	4	0	-1	0	0	0	0	0	0	0	-1	0	0
OG0002581	-1	3	-1	0	0	0	0	0	0	0	0	0	0	0	-1	0	0
OG0002582	1	2	-1	2	0	0	0	0	0	0	-1	0	0	0	-2	0	0
OG0002583	0	0	-1	3	-1	0	0	0	0	0	0	0	0	0	-1	0	0
OG0002584	0	6	-1	1	0	0	0	0	0	0	0	0	0	0	0	0	0
OG0002585	0	3	-1	0	-1	0	0	0	-1	0	-1	0	0	0	-1	0	0
OG0002586	0	5	0	1	0	0	0	0	0	0	0	0	0	0	0	0	0
OG0002587	0	2	-1	-1	1	0	0	0	0	0	0	0	0	0	-1	0	0
OG0002589	0	5	0	1	0	0	0	0	0	0	0	0	0	0	0	0	0
OG0002590	-1	-1	0	1	2	0	0	0	0	0	0	0	0	0	-1	0	0
OG0002592	0	8	0	0	0	0	-1	0	-1	0	0	0	0	0	0	0	0
OG0002595	0	5	0	1	0	0	0	0	0	0	0	0	0	0	0	0	0
OG0002596	0	5	0	1	0	0	0	0	0	0	0	0	0	0	0	0	0
OG0002597	0	-1	2	-1	0	0	0	0	0	0	-1	0	0	0	-1	0	0
OG0002598	-1	-1	2	2	-1	0	0	0	0	0	0	0	0	0	-1	0	0
OG0002599	-1	3	-1	0	0	0	0	0	0	0	0	0	0	0	-1	0	0
OG0002603	0	2	0	1	-1	0	0	0	0	0	0	0	0	0	1	0	0
OG0002604	-1	2	-1	0	1	0	0	0	0	0	0	0	0	0	-1	0	0
OG0002605	0	7	0	0	-1	0	0	0	0	0	0	0	0	0	0	0	0
OG0002606	-1	3	-1	0	0	0	0	0	0	0	0	0	0	0	-1	0	0
OG0002607	0	-1	0	0	5	0	0	0	0	0	0	0	0	1	0	0	0
OG0002608	0	6	0	0	0	0	0	0	0	0	0	0	0	0	0	0	0
OG0002609	0	1	0	1	0	0	0	0	0	0	0	0	0	0	1	0	0
OG0002610	0	1	0	0	1	0	0	0	0	0	0	0	0	0	1	0	0
OG0002611	-1	2	-1	0	1	0	0	0	0	0	0	0	0	0	-1	0	0
OG0002612	0	1	0	1	0	0	0	0	0	0	0	0	0	0	1	0	0
OG0002613	0	1	-1	0	1	0	0	0	0	0	0	0	0	0	-1	0	0
OG0002614	0	1	0	1	0	0	0	0	0	0	0	0	0	0	1	0	0
OG0002615	0	5	0	1	0	0	0	0	0	0	0	0	0	0	0	0	0
OG0002616	0	6	0	1	-1	0	0	0	0	0	0	0	0	0	0	0	0
OG0002617	-1	5	-1	0	2	0	0	0	0	0	0	0	0	0	-2	0	0
OG0002618	0	6	0	0	0	0	0	0	0	0	0	0	0	0	0	0	0
OG0002620	0	-1	-1	0	-1	0	0	0	0	0	0	0	0	0	0	0	0
OG0002621	0	6	0	0	0	0	0	0	0	0	0	0	0	0	0	0	0
OG0002622	0	7	0	0	0	0	0	0	-1	0	0	0	0	0	0	0	0
OG0002623	0	0	-1	0	-2	0	1	0	-1	0	0	0	0	0	0	0	0
OG0002626	-1	3	0	0	-1	0	0	0	0	0	0	0	0	0	-1	0	0
OG0002627	0	6	0	0	0	0	0	0	0	0	0	0	0	0	0	0	0
OG0002628	0	3	0	0	2	0	1	0	0	0	0	0	0	0	0	0	0
OG0002633	0	1	0	-1	0	0	0	0	0	0	-1	0	0	0	-1	0	0
OG0002634	-1	-1	0	2	0	0	0	0	1	0	0	0	0	0	-1	0	0
OG0002635	0	4	0	1	0	0	1	0	0	0	0	0	0	0	0	0	0
OG0002636	0	0	0	0	1	0	0	0	3	0	0	0	0	1	0	0	0
OG0002638	-1	2	-1	0	1	0	0	0	0	0	0	0	0	0	-1	0	0
OG0002640	2	0	0	1	0	0	0	0	1	0	-2	0	0	0	0	0	0
OG0002641	0	1	-1	0	1	0	0	0	0	0	0	0	0	0	-1	0	0
OG0002642	0	5	0	1	0	0	0	0	0	0	0	0	0	0	0	0	0
OG0002645	-1	1	-1	1	1	0	0	0	0	0	0	0	0	0	-1	0	0
OG0002649	-1	3	-1	0	0	0	0	0	0	0	0	0	0	0	-1	0	0
OG0002650	0	5	0	1	0	0	0	0	0	0	0	0	0	0	0	0	0
OG0002651	0	6	0	0	0	0	0	0	0	0	0	0	0	0	0	0	0
OG0002652	0	5	0	0	1	0	0	0	0	0	0	0	0	0	0	0	0
OG0002655	0	9	0	1	0	0	0	0	0	0	0	0	0	0	-1	0	0
OG0002656	0	5	0	1	0	0	0	0	0	0	0	0	0	0	0	0	0
OG0002657	0	0	2	0	-1	0	0	0	0	0	0	0	0	0	-1	0	0
OG0002658	0	0	2	0	-1	0	0	0	0	0	0	0	0	0	-1	0	0
OG0002659	0	2	0	0	1	0	0	0	-1	0	0	0	0	0	1	0	0
OG0002660	0	2	0	0	3	0	1	0	0	0	0	0	0	0	0	0	0
OG0002661	0	3	0	0	3	0	0	0	0	0	0	0	0	0	0	0	0
OG0002662	0	3	-1	0	-1	0	0	0	0	0	0	0	0	0	-1	0	0
OG0002663	-1	2	-1	0	1	0	0	0	0	0	0	0	0	0	-1	0	0
OG0002664	0	0	-1	0	0	1	0	0	0	0	0	0	-1	0	0	0	0
OG0002665	0	5	0	0	0	0	0	0	1	0	0	0	0	0	0	0	0
OG0002666	0	-1	-1	0	-1	0	0	-1	0	0	-1	0	0	0	0	0	0
OG0002667	-1	2	0	-1	1	0	0	0	0	0	0	0	0	0	-1	0	0
OG0002669	-1	0	0	0	-2	0	0	0	0	0	0	0	0	0	0	0	0
OG0002671	0	-1	1	1	0	0	0	0	0	0	0	0	0	0	-1	0	0
OG0002672	-1	-1	1	1	1	0	0	0	0	0	0	0	0	0	-1	0	0
OG0002673	-1	0	-1	0	0	0	0	0	-1	0	0	0	0	0	0	0	0
OG0002675	-1	4	-1	0	0	0	-1	0	0	0	0	0	0	0	-1	0	0
OG0002676	0	5	0	1	0	0	0	0	0	0	0	0	0	0	0	0	0
OG0002677	0	0	0	0	-1	-1	1	0	0	0	0	0	0	-1	0	0	0
OG0002679	-1	2	-1	0	1	0	0	0	0	0	0	0	0	0	-1	0	0
OG0002680	0	6	0	0	0	0	0	0	0	0	0	0	0	0	0	0	0
OG0002681	-1	3	-1	0	1	0	0	0	-1	0	0	0	0	0	-1	0	0
OG0002683	0	1	0	0	-1	0	0	0	0	0	0	0	-1	0	0	1	-1
OG0002684	0	4	-1	0	-2	0	0	0	-1	0	-1	0	0	0	-1	0	0
OG0002685	0	3	-1	0	-1	0	0	0	0	0	0	0	0	0	-1	0	0
OG0002686	0	3	-1	-1	0	0	0	0	0	0	0	0	0	0	-1	0	0
OG0002687	0	0	0	0	4	0	0	0	0	0	0	0	0	1	0	0	0
OG0002689	-1	3	0	0	0	0	-1	0	0	0	0	0	0	0	-1	0	0
OG0002690	0	2	-1	0	0	0	0	0	0	0	0	0	0	0	-1	0	0
OG0002692	0	5	0	0	1	0	0	0	0	0	0	0	0	0	0	0	0
OG0002693	0	5	0	1	0	0	0	0	0	0	0	0	0	0	0	0	0
OG0002694	0	0	0	0	1	0	2	0	1	0	0	0	0	1	0	0	0
OG0002695	0	6	0	1	-1	0	0	0	0	0	0	0	0	0	0	0	0
OG0002696	0	2	-1	0	-1	0	0	0	0	0	-1	0	0	0	-1	0	0
OG0002698	0	3	-1	0	-1	0	0	0	0	0	0	0	0	0	-1	0	0
OG0002699	0	0	0	1	1	0	0	0	0	0	0	0	0	0	1	0	0
OG0002700	4	-2	-1	0	0	0	0	0	0	0	-4	0	0	0	-2	0	0
OG0002701	-1	2	-1	0	1	0	0	0	0	0	0	0	0	0	-1	0	0
OG0002702	0	3	-1	0	-1	0	0	0	0	0	0	0	0	0	-1	0	0
OG0002703	0	5	0	0	1	0	0	0	0	0	0	0	0	0	0	0	0
OG0002704	-1	3	0	0	-1	0	0	0	0	0	0	0	0	0	-1	0	0
OG0002705	-1	-1	0	0	0	0	0	0	-1	0	0	0	0	0	0	0	0
OG0002706	0	6	0	1	-1	0	0	0	0	0	0	0	0	0	0	0	0
OG0002707	0	-1	-1	0	0	1	0	0	0	0	0	0	0	0	0	0	-1
OG0002708	0	3	1	0	0	0	0	0	0	0	-1	0	0	0	-2	0	0
OG0002709	0	5	0	1	0	0	0	0	0	0	0	0	0	0	0	0	0
OG0002710	-1	-1	0	0	1	0	1	0	1	0	0	0	0	0	-1	0	0
OG0002711	0	2	-1	0	0	0	0	0	0	0	0	0	0	0	-1	0	0
OG0002712	0	0	-1	0	-1	0	0	0	-1	0	0	0	0	0	0	0	0
OG0002713	-1	3	0	-1	0	0	0	0	0	0	0	0	0	0	-1	0	0
OG0002716	1	0	-1	0	0	0	-1	1	0	0	-1	0	0	0	-1	0	0
OG0002717	0	5	0	1	0	0	0	0	0	0	0	0	0	0	0	0	0
OG0002718	0	0	0	0	4	0	0	0	0	0	0	0	0	1	0	0	0
OG0002719	-1	2	-1	0	1	0	0	0	0	0	0	0	0	0	-1	0	0
OG0002720	-1	1	-1	0	1	0	1	0	0	0	0	0	0	0	-1	0	0
OG0002721	0	4	-1	0	-1	0	0	0	-1	0	0	0	0	0	-1	0	0
OG0002722	-1	1	-1	0	2	0	0	0	0	0	0	0	0	0	-1	0	0
OG0002723	0	2	-1	0	-1	0	0	0	0	0	-1	0	0	0	-1	0	0
OG0002724	-1	3	-1	0	0	0	0	0	0	0	0	0	0	0	-1	0	0
OG0002725	0	0	0	1	1	0	0	0	0	0	0	0	0	0	1	0	0
OG0002726	0	5	0	1	0	0	0	0	0	0	0	0	0	0	0	0	0
OG0002727	0	6	0	0	0	0	0	0	0	0	0	0	0	0	0	0	0
OG0002728	-1	0	0	1	1	0	0	0	0	0	0	0	0	0	-1	0	0
OG0002729	1	1	0	0	0	0	0	0	0	0	-2	0	-1	0	-1	0	0
OG0002730	-1	4	-1	0	0	0	0	0	-1	0	0	0	0	0	-1	0	0
OG0002731	0	5	0	1	0	0	0	0	0	0	0	0	0	0	0	0	0
OG0002732	0	5	0	1	0	0	0	0	0	0	0	0	0	0	0	0	0
OG0002733	0	3	-1	0	-1	0	0	0	0	0	0	0	0	0	-1	0	0
OG0002734	0	5	0	1	0	0	0	0	0	0	0	0	0	0	0	0	0
OG0002735	-1	0	-1	0	3	0	0	0	0	0	0	0	0	0	-1	0	0
OG0002737	-1	3	-1	0	0	0	0	0	0	0	0	0	0	0	-1	0	0
OG0002740	-1	-2	0	2	-1	0	-1	0	0	0	0	0	0	0	0	0	0
OG0002741	0	3	-1	0	-1	0	0	0	0	0	0	0	0	0	-1	0	0
OG0002744	-1	2	-1	0	1	0	0	0	0	0	0	0	0	0	-1	0	0
OG0002745	-1	3	-1	0	0	0	0	0	0	0	0	0	0	0	-1	0	0
OG0002746	-1	3	-1	0	0	0	0	0	0	0	0	0	0	0	-1	0	0
OG0002747	0	3	0	0	2	0	0	0	1	0	0	0	0	0	0	0	0
OG0002748	-1	3	0	0	-1	0	0	0	0	0	0	0	0	0	-1	0	0
OG0002751	0	-1	-1	0	0	0	2	0	-1	0	0	0	0	0	0	0	-1
OG0002752	0	0	0	1	1	0	0	0	0	0	0	0	0	0	1	0	0
OG0002753	0	6	0	1	-1	0	0	0	0	0	0	0	0	0	0	0	0
OG0002754	0	7	0	0	0	0	0	0	-1	0	0	0	0	0	0	0	0
OG0002755	0	5	0	-1	1	0	0	0	0	0	0	0	0	0	-2	0	0
OG0002756	0	7	0	0	0	0	0	0	-1	0	0	0	0	0	0	0	0
OG0002757	-1	2	-1	0	1	0	0	0	0	0	0	0	0	0	-1	0	0
OG0002759	0	2	0	0	4	0	0	0	0	0	0	0	0	0	0	0	0
OG0002761	0	9	0	0	0	0	0	0	0	0	0	0	-1	0	0	0	0
OG0002762	0	-1	0	0	0	0	1	0	-1	0	-1	0	0	-1	2	0	0
OG0002763	1	-1	4	0	0	0	0	0	0	0	-2	0	0	-1	0	1	0
OG0002764	2	-1	0	0	0	0	0	0	1	0	-2	0	0	-1	1	0	0
OG0002765	0	3	0	-1	0	0	0	0	0	0	0	0	0	0	1	0	0
OG0002767	0	6	0	-1	1	0	0	0	0	0	0	0	0	0	0	0	0
OG0002775	0	5	-1	-2	2	0	0	0	0	0	-1	0	0	0	-2	0	0
OG0002778	0	12	-1	-1	0	0	0	0	0	0	0	0	0	0	-1	0	0
OG0002779	0	-1	-1	-1	13	0	0	0	0	0	0	0	0	0	-1	0	0
OG0002787	6	1	0	0	0	0	0	0	0	0	-5	0	0	-1	-1	0	0
OG0002801	0	-1	-1	1	0	0	0	0	0	0	-1	0	0	0	-1	0	0
OG0002802	-1	-1	0	0	0	0	0	0	0	0	0	0	0	0	0	0	-1
OG0002805	0	6	0	0	-1	0	0	0	0	0	0	0	0	0	0	0	0
OG0002809	0	0	1	0	-2	0	0	0	0	0	-1	0	0	0	-1	0	0
OG0002810	0	-1	-1	0	1	0	0	0	0	0	-1	0	0	0	-1	0	0
OG0002812	0	0	0	0	4	0	0	0	0	0	-1	0	0	0	0	0	0
OG0002814	0	3	0	1	0	0	1	0	0	0	0	0	0	0	0	0	0
OG0002817	0	1	-1	0	-1	0	0	0	0	0	-1	0	0	0	-1	0	0
OG0002818	0	3	0	1	0	0	1	0	0	0	0	0	0	0	0	0	0
OG0002820	-1	2	0	0	-2	1	0	0	0	0	0	0	0	0	-1	0	0
OG0002821	0	0	-1	1	0	0	-1	0	0	0	-1	0	0	0	-1	0	0
OG0002824	0	1	-1	-1	1	0	0	0	0	0	0	0	0	0	-1	0	0
OG0002825	0	-1	-1	0	2	0	0	0	0	0	0	0	0	0	-1	0	0
OG0002827	0	4	0	1	0	0	0	0	0	0	0	0	0	0	0	0	0
OG0002828	0	0	0	2	0	0	-1	0	0	0	0	0	0	0	1	0	0
OG0002831	0	0	0	1	0	0	0	0	0	0	0	0	0	0	1	0	0
OG0002832	-1	1	-1	0	1	0	0	0	0	0	0	0	0	0	-1	0	0
OG0002833	0	0	0	0	2	1	0	0	0	0	0	0	0	1	0	0	0
OG0002834	-1	0	-1	0	2	0	0	0	0	0	0	0	0	0	-1	0	0
OG0002835	0	3	-1	0	-2	0	0	0	0	0	0	0	0	0	-1	0	0
OG0002836	0	4	0	0	1	0	0	0	0	0	0	0	0	0	0	0	0
OG0002837	-1	2	-1	0	0	0	0	0	0	0	0	0	0	0	-1	0	0
OG0002838	-1	1	-1	0	0	0	1	0	0	0	0	0	0	0	-1	0	0
OG0002840	0	0	0	0	2	0	0	-1	0	0	0	0	0	0	1	0	0
OG0002841	0	6	1	0	-2	0	0	0	0	0	0	1	0	0	-1	0	0
OG0002842	0	1	0	0	1	0	1	0	0	0	0	0	0	1	0	0	0
OG0002843	0	0	0	1	0	0	0	0	0	0	0	0	0	0	1	0	0
OG0002844	1	1	-2	2	0	0	0	0	0	0	-2	0	0	0	-2	0	0
OG0002845	0	-1	0	0	6	0	0	0	0	0	0	0	0	0	0	0	0
OG0002846	0	0	0	0	1	0	0	0	0	0	0	0	0	1	0	1	0
OG0002847	-1	2	-1	0	0	0	0	0	0	0	0	0	0	0	-1	0	0
OG0002848	0	2	-1	0	-1	0	0	0	0	0	0	0	0	0	-1	0	0
OG0002849	0	4	0	0	-1	0	0	0	0	0	0	0	-1	0	-1	0	0
OG0002850	0	4	0	1	0	0	0	0	0	0	0	0	0	0	0	0	0
OG0002851	0	-2	0	1	1	0	0	0	0	0	0	0	0	0	-1	0	0
OG0002852	0	0	0	0	4	-1	0	0	0	0	0	0	0	1	0	0	0
OG0002854	0	0	0	1	0	0	0	0	0	0	0	0	0	0	1	0	0
OG0002856	0	2	-1	0	-1	0	0	0	0	0	0	0	0	0	-1	0	0
OG0002857	0	4	0	0	1	0	0	0	0	0	0	0	0	0	0	0	0
OG0002858	0	1	-1	0	0	0	0	0	0	0	0	0	0	0	-1	0	0
OG0002859	0	-1	-1	0	0	0	1	0	0	0	-1	0	0	0	-1	0	0
OG0002860	-1	0	-1	0	2	0	0	0	0	0	0	0	0	0	-1	0	0
OG0002861	-1	1	1	0	3	0	0	0	0	0	0	0	0	0	-2	0	0
OG0002862	0	0	0	0	-1	0	0	0	0	0	-1	0	0	0	-1	0	0
OG0002863	-1	0	0	0	1	0	0	0	0	0	0	0	0	0	-1	0	0
OG0002864	-1	1	-1	0	1	0	0	0	0	0	0	0	0	0	-1	0	0
OG0002865	0	4	0	0	1	0	0	0	0	0	0	0	0	0	0	0	0
OG0002866	0	0	0	1	-1	0	0	0	0	0	0	0	0	0	-1	0	0
OG0002867	0	4	0	1	0	0	0	0	0	0	0	0	0	0	0	0	0
OG0002868	0	2	-1	-1	0	0	0	0	0	0	0	0	0	0	-1	0	0
OG0002869	1	0	0	1	0	1	0	0	0	0	-2	0	0	0	0	0	0
OG0002871	0	1	-1	0	-1	0	0	0	1	0	0	0	0	0	-1	0	0
OG0002872	-1	1	-1	0	1	0	0	0	0	0	0	0	0	0	-1	0	0
OG0002873	0	2	-1	0	-1	0	0	0	0	0	0	0	0	0	-1	0	0
OG0002874	0	4	0	0	0	0	0	0	0	0	-1	0	0	0	0	0	0
OG0002875	0	3	0	0	1	0	1	0	0	0	0	0	0	0	0	0	0
OG0002876	0	0	-1	0	1	0	0	0	0	0	0	0	0	0	-1	0	0
OG0002877	0	4	0	1	0	0	0	0	0	0	0	0	0	0	0	0	0
OG0002878	0	-1	-1	0	2	0	0	0	0	0	0	0	0	0	-1	0	0
OG0002879	0	4	0	1	0	0	0	0	0	0	0	0	0	0	0	0	0
OG0002880	0	2	-1	0	-1	0	0	0	0	0	0	0	0	0	-1	0	0
OG0002884	0	4	0	0	0	0	0	0	0	0	-1	0	0	0	0	0	0
OG0002885	0	2	-1	0	-1	0	0	0	0	0	0	0	0	0	-1	0	0
OG0002886	1	0	-2	0	-1	0	0	0	1	0	-1	0	0	0	-1	0	0
OG0002887	-1	0	-1	0	3	0	0	0	-1	0	0	0	0	0	-1	0	0
OG0002888	0	1	-1	0	0	0	0	0	0	0	0	0	0	0	-1	0	0
OG0002890	0	4	0	1	0	0	0	0	0	0	0	0	0	0	0	0	0
OG0002891	0	5	0	0	0	0	0	0	0	0	0	0	0	0	0	0	0
OG0002892	0	5	0	1	-1	0	0	0	0	0	0	0	0	0	0	0	0
OG0002893	0	-2	0	0	0	0	1	0	1	0	0	0	0	0	-1	0	0
OG0002894	0	5	0	1	-1	0	0	0	0	0	0	0	0	0	0	0	0
OG0002895	0	1	0	2	1	0	0	0	0	0	0	0	0	0	-2	0	0
OG0002896	0	3	0	1	0	0	0	0	1	0	0	0	0	0	0	0	0
OG0002897	-1	0	0	0	1	0	0	0	0	0	0	0	0	0	-1	0	0
OG0002898	-1	1	-1	0	1	0	0	0	0	0	0	0	0	0	-1	0	0
OG0002902	-1	1	-1	0	1	0	0	0	0	0	0	0	0	0	-1	0	0
OG0002903	0	1	-1	0	0	0	0	0	0	0	0	0	0	0	-1	0	0
OG0002904	0	1	-1	-1	1	0	0	0	0	0	0	0	0	0	-1	0	0
OG0002905	0	2	-1	0	-1	0	0	0	0	0	0	0	0	0	-1	0	0
OG0002906	0	4	0	1	0	0	0	0	0	0	0	0	0	0	0	0	0
OG0002907	-1	0	-1	0	2	0	0	0	0	0	0	0	0	0	-1	0	0
OG0002908	0	4	0	0	1	0	0	0	0	0	0	0	0	0	0	0	0
OG0002910	0	0	-1	0	0	0	0	0	0	0	-1	0	0	0	-1	0	0
OG0002912	0	4	0	1	0	0	0	0	0	0	0	0	0	0	0	0	0
OG0002913	0	4	0	0	1	0	0	0	0	0	0	0	0	0	0	0	0
OG0002914	0	0	0	1	0	0	1	0	-1	0	0	0	0	0	1	0	0
OG0002915	-1	1	-1	0	1	0	0	0	0	0	0	0	0	0	-1	0	0
OG0002916	1	1	-1	0	-2	0	0	0	0	0	-1	0	0	0	-1	0	0
OG0002917	-1	2	-1	0	0	0	0	0	0	0	0	0	0	0	-1	0	0
OG0002918	0	1	0	0	4	0	0	0	0	0	0	0	0	0	0	0	0
OG0002919	0	0	0	3	0	0	0	0	0	0	0	0	0	1	0	0	0
OG0002920	0	0	0	-1	0	0	0	0	0	0	-1	0	0	0	-1	0	0
OG0002921	0	3	0	1	0	0	0	0	1	0	0	0	0	0	0	0	0
OG0002922	0	6	0	0	0	0	0	0	-1	0	0	0	0	0	0	0	0
OG0002923	-1	1	0	0	-1	0	0	0	1	0	0	0	0	0	-1	0	0
OG0002926	0	4	0	1	0	0	0	0	0	0	0	0	0	0	0	0	0
OG0002927	0	0	1	0	1	-1	0	0	0	0	0	0	0	0	1	0	0
OG0002928	0	1	0	0	1	0	0	0	1	0	0	0	0	1	0	0	0
OG0002929	0	4	0	1	0	0	0	0	0	0	0	0	0	0	0	0	0
OG0002930	0	-1	-1	0	2	0	0	0	0	0	0	0	0	0	-1	0	0
OG0002931	0	0	0	0	0	0	2	0	0	0	0	0	0	-1	-1	0	0
OG0002932	-1	1	-1	0	1	0	0	0	0	0	0	0	0	0	-1	0	0
OG0002934	0	8	0	1	0	0	0	0	0	0	0	0	0	0	-1	0	0
OG0002935	0	1	0	0	-1	0	0	0	0	0	0	0	0	0	-1	0	0
OG0002936	0	2	-1	-1	0	0	0	0	0	0	0	0	0	0	-1	0	0
OG0002938	0	4	0	1	0	0	0	0	0	0	0	0	0	0	0	0	0
OG0002939	0	4	0	1	0	0	0	0	0	0	0	0	0	0	0	0	0
OG0002940	-1	1	0	-1	5	0	0	0	0	0	0	0	0	0	-2	0	0
OG0002941	-1	0	-1	0	2	0	0	0	0	0	0	0	0	0	-1	0	0
OG0002943	0	1	-2	0	1	0	0	0	0	0	0	0	0	0	-1	0	0
OG0002944	-1	4	0	1	0	0	0	0	0	0	0	0	0	0	-2	0	0
OG0002945	0	4	0	0	1	0	0	0	0	0	0	0	0	0	0	0	0
OG0002946	-1	1	-1	0	0	0	1	0	0	0	0	0	0	0	-1	0	0
OG0002947	1	3	0	0	0	0	0	0	0	0	-1	0	0	0	0	0	0
OG0002948	1	0	-1	0	-1	0	0	0	0	0	-1	0	0	0	-1	0	0
OG0002950	0	2	0	0	-2	0	0	0	0	0	0	0	0	0	-1	0	0
OG0002951	-1	3	0	0	-2	0	0	0	0	0	0	0	0	0	-1	0	0
OG0002952	0	3	-1	0	-2	0	0	0	0	0	0	0	0	0	-1	0	0
OG0002953	0	1	0	0	4	0	0	0	0	0	0	0	0	0	0	0	0
OG0002954	0	3	0	0	3	0	0	0	-1	0	0	0	0	0	0	0	0
OG0002955	0	1	0	1	1	0	1	1	0	0	0	0	0	0	0	0	0
OG0002956	-1	0	0	1	1	0	0	0	-1	0	0	0	0	0	-1	0	0
OG0002957	0	-2	2	0	-1	0	0	0	0	0	-1	0	0	0	-1	0	0
OG0002958	0	-1	0	0	4	0	0	0	0	0	0	0	0	1	0	0	0
OG0002959	0	0	0	0	1	0	0	0	0	0	0	0	0	1	0	1	0
OG0002960	0	2	-1	0	-1	0	0	0	0	0	0	0	0	0	-1	0	0
OG0002961	0	-1	0	1	0	0	0	0	1	0	0	0	0	0	1	0	0
OG0002962	1	0	-1	0	-1	0	0	0	0	0	-1	0	0	0	-1	0	0
OG0002964	0	2	-1	0	-1	0	0	0	0	0	0	0	0	0	-1	0	0
OG0002966	-1	1	1	0	-1	0	0	0	0	0	0	0	0	0	-1	0	0
OG0002967	0	2	-1	0	-1	0	0	0	0	0	0	0	0	0	-1	0	0
OG0002968	0	4	0	1	0	0	0	0	0	0	0	0	0	0	0	0	0
OG0002969	0	0	-1	1	0	0	0	0	0	0	0	0	0	0	-1	0	0
OG0002970	0	0	-1	0	-1	0	0	0	1	0	-1	0	0	0	-1	0	0
OG0002971	-1	2	-1	0	0	0	0	0	0	0	0	0	0	0	-1	0	0
OG0002972	0	4	0	1	0	0	0	0	0	0	0	0	0	0	0	0	0
OG0002973	0	5	0	0	0	0	0	0	0	0	0	0	0	0	0	0	0
OG0002974	-1	2	-1	0	0	0	0	0	0	0	0	0	0	0	-1	0	0
OG0002975	0	1	0	-1	0	0	0	0	0	0	0	0	0	0	-1	0	0
OG0002976	0	4	0	1	0	0	0	0	0	0	0	0	0	0	0	0	0
OG0002977	0	-1	-1	0	1	0	0	1	0	0	0	0	0	0	-1	0	0
OG0002980	1	2	0	0	0	0	0	0	0	0	-2	0	0	0	0	0	0
OG0002981	0	4	0	1	0	0	0	0	0	0	0	0	0	0	0	0	0
OG0002982	0	1	-1	0	-1	0	0	0	1	0	0	0	0	0	-1	0	0
OG0002983	0	2	-1	0	-1	0	0	0	0	0	0	0	0	0	-1	0	0
OG0002984	0	5	0	0	0	0	0	0	0	0	0	0	0	0	0	0	0
OG0002985	0	4	0	1	0	0	0	0	0	0	0	0	0	0	0	0	0
OG0002986	0	5	0	1	-1	0	0	0	0	0	0	0	0	0	0	0	0
OG0002987	0	1	-1	0	-1	0	0	0	0	0	-1	0	0	0	-1	0	0
OG0002988	0	5	0	0	-1	0	0	0	1	0	0	0	0	0	0	0	0
OG0002989	-1	0	1	2	-2	0	0	0	0	0	0	0	0	0	-1	0	0
OG0002990	0	-1	0	2	1	0	0	0	0	0	0	0	1	0	0	0	0
OG0002991	0	1	1	0	1	0	2	0	0	0	0	0	0	0	0	0	0
OG0002992	0	0	0	0	0	-1	0	0	0	0	-1	0	0	0	-1	0	0
OG0002993	0	0	0	0	1	0	-1	-1	0	0	0	0	0	1	1	0	0
OG0002994	0	4	0	1	0	0	0	0	0	0	0	0	0	0	0	0	0
OG0002995	0	4	0	0	1	0	0	0	0	0	0	0	0	0	0	0	0
OG0002997	0	-1	-1	0	1	0	1	0	0	0	0	0	0	0	-1	0	0
OG0002998	0	0	0	0	0	0	0	0	2	0	-1	0	0	0	0	0	1
OG0002999	0	4	-2	0	-2	0	0	0	0	0	0	0	0	0	-1	0	0
OG0003000	0	4	0	1	0	0	0	0	0	0	0	0	0	0	0	0	0
OG0003001	-1	2	-1	0	0	0	0	0	0	0	0	0	0	0	-1	0	0
OG0003002	-1	1	-1	0	0	0	1	0	0	0	0	0	0	0	-1	0	0
OG0003003	0	0	-1	0	-1	0	1	0	0	0	-1	0	0	0	-1	0	0
OG0003004	0	1	0	0	1	0	0	0	1	0	0	0	0	1	0	0	0
OG0003005	0	-1	0	0	0	0	0	0	-1	0	0	0	0	-1	0	0	0
OG0003006	0	0	0	0	3	0	0	0	0	0	0	0	0	1	0	0	0
OG0003008	0	0	0	0	2	0	1	0	0	0	0	0	0	1	0	0	0
OG0003011	0	1	0	0	0	0	0	0	0	0	0	0	0	0	0	2	0
OG0003012	1	0	-1	0	-1	0	0	0	0	0	-1	0	0	0	-1	0	0
OG0003013	1	-2	1	0	-1	0	0	0	0	0	-1	0	0	0	-1	0	0
OG0003014	-1	1	1	0	-1	0	0	0	0	0	0	0	0	0	-1	0	0
OG0003015	0	6	0	0	-1	0	0	0	0	0	0	0	0	0	0	0	0
OG0003016	-1	0	0	0	3	0	0	0	0	0	0	0	0	1	-2	0	0
OG0003017	-1	2	-1	0	0	0	0	0	0	0	0	0	0	0	-1	0	0
OG0003018	0	0	-1	0	-1	0	1	0	0	0	-1	0	0	0	-1	0	0
OG0003021	0	0	0	0	2	0	1	1	0	0	-1	0	0	0	0	0	0
OG0003022	0	4	0	1	0	0	0	0	0	0	0	0	0	0	0	0	0
OG0003023	0	1	-1	0	0	0	0	0	0	0	0	0	0	0	-1	0	0
OG0003024	0	2	-1	-1	0	0	0	0	0	0	0	0	0	0	-1	0	0
OG0003025	0	4	0	0	1	0	0	0	0	0	0	0	0	0	0	0	0
OG0003026	0	0	1	0	0	0	0	0	0	0	0	0	0	0	1	0	0
OG0003027	0	0	-1	0	1	0	0	0	0	0	0	0	0	0	-1	0	0
OG0003028	0	2	0	1	-1	0	1	0	2	0	0	0	0	0	0	0	0
OG0003029	0	3	0	1	0	0	1	0	0	0	0	0	0	0	0	0	0
OG0003031	0	2	-1	0	-1	0	0	0	0	0	0	0	0	0	-1	0	0
OG0003032	0	0	0	1	1	0	0	0	0	0	0	0	0	1	-2	0	0
OG0003033	0	2	-1	0	-1	0	0	0	0	0	0	0	0	0	-1	0	0
OG0003034	0	0	-1	0	0	0	1	0	0	0	0	0	0	0	-1	0	0
OG0003035	0	0	0	0	0	0	1	0	-1	0	0	0	0	0	-1	0	0
OG0003036	-1	0	-1	0	2	0	0	0	0	0	0	0	0	0	-1	0	0
OG0003037	0	0	1	0	3	0	0	0	0	0	0	0	0	0	-2	0	0
OG0003038	-1	1	-1	0	1	0	0	0	0	0	0	0	0	0	-1	0	0
OG0003039	-1	0	-1	1	1	0	0	0	0	0	0	0	0	0	-1	0	0
OG0003040	1	0	0	0	-2	0	0	0	0	0	-1	0	0	0	-1	0	0
OG0003041	0	1	-1	-1	0	0	0	0	0	0	-1	0	0	0	-1	0	0
OG0003042	0	3	-1	0	-2	0	0	0	0	0	0	0	0	0	-1	0	0
OG0003043	0	0	-1	0	1	0	0	0	0	0	0	0	0	0	-1	0	0
OG0003044	1	-1	1	-1	-1	0	0	0	0	0	-1	0	0	0	-1	0	0
OG0003045	0	1	-1	0	0	0	0	0	0	0	0	0	0	0	-1	0	0
OG0003046	0	0	-1	0	1	0	0	0	0	0	0	0	0	0	-1	0	0
OG0003047	0	4	0	1	0	0	0	0	0	0	0	0	0	0	0	0	0
OG0003048	0	-1	-1	0	1	0	0	0	0	0	-1	0	0	0	-1	0	0
OG0003049	-1	2	-1	0	0	0	0	0	0	0	0	0	0	0	-1	0	0
OG0003050	0	-1	0	0	1	0	0	0	0	0	0	0	0	0	-1	0	0
OG0003051	0	1	-1	0	0	0	0	0	0	0	0	0	0	0	-1	0	0
OG0003054	0	-1	0	0	0	0	0	0	0	0	-1	0	0	0	-1	0	0
OG0003055	0	1	-1	0	0	0	0	0	0	0	0	0	0	0	-1	0	0
OG0003056	0	4	0	1	0	0	0	0	0	0	0	0	0	0	0	0	0
OG0003057	0	1	0	0	4	0	0	0	0	0	0	0	0	0	0	0	0
OG0003059	0	1	0	0	-1	0	0	0	0	0	0	0	0	0	-1	0	0
OG0003060	-1	0	-1	0	2	0	0	0	0	0	0	0	0	0	-1	0	0
OG0003062	0	3	0	0	0	0	1	0	0	0	-1	0	0	0	0	0	0
OG0003063	1	0	-1	0	-1	0	0	0	0	0	-1	0	0	0	-1	0	0
OG0003064	0	4	0	0	1	0	0	0	0	0	0	0	0	0	0	0	0
OG0003065	0	3	0	1	0	0	0	0	1	0	0	0	0	0	0	0	0
OG0003066	0	3	0	1	0	0	0	0	1	0	0	0	0	0	0	0	0
OG0003067	0	2	-1	0	-1	0	0	0	0	0	0	0	0	0	-1	0	0
OG0003068	0	5	0	1	0	0	0	0	-1	0	0	0	0	0	0	0	0
OG0003069	-1	2	-1	0	0	0	0	0	0	0	0	0	0	0	-1	0	0
OG0003070	0	1	-1	0	0	0	0	0	0	0	0	0	0	0	-1	0	0
OG0003071	0	4	0	1	0	0	0	0	0	0	0	0	0	0	0	0	0
OG0003072	0	2	-1	0	-1	0	0	0	0	0	0	0	0	0	-1	0	0
OG0003073	0	1	0	1	-1	0	0	0	0	0	0	0	0	0	1	0	0
OG0003074	0	1	-1	-1	1	0	0	0	0	0	0	0	0	0	-1	0	0
OG0003075	-1	0	0	0	1	0	0	0	0	0	0	0	0	0	-1	0	0
OG0003076	0	-1	2	0	-2	0	0	0	1	0	0	0	0	0	-1	0	0
OG0003077	0	-1	1	-1	1	0	0	0	0	0	0	0	0	0	-1	0	0
OG0003078	1	2	0	0	0	0	1	0	0	0	-1	0	0	0	0	0	0
OG0003079	0	4	0	1	0	0	0	0	0	0	0	0	0	0	0	0	0
OG0003081	0	2	-1	0	-1	0	0	0	0	0	0	0	0	0	-1	0	0
OG0003082	0	5	0	1	0	0	0	0	-1	0	0	0	0	0	0	0	0
OG0003083	0	1	0	0	0	0	0	0	0	0	0	0	-1	-1	0	0	0
OG0003084	0	0	0	0	0	-1	0	5	0	0	-1	-1	0	0	1	0	0
OG0003088	0	2	-1	-2	0	0	1	0	0	0	0	0	0	0	-1	0	0
OG0003089	0	7	0	0	0	0	0	0	0	0	0	0	0	-1	0	0	0
OG0003091	0	5	0	-1	1	0	0	0	0	0	0	0	0	0	0	0	0
OG0003092	0	7	0	0	0	0	0	0	0	0	0	0	0	-1	0	0	0
OG0003093	0	0	1	-1	1	0	0	0	0	0	0	0	0	0	1	0	0
OG0003095	0	4	0	0	0	0	0	0	0	0	-1	0	-1	-1	-1	0	0
OG0003096	0	7	0	0	0	0	0	0	0	0	0	0	0	-1	0	0	0
OG0003098	0	2	0	-1	0	0	0	0	0	0	0	0	0	0	1	0	0
OG0003099	0	3	0	-1	3	0	0	0	0	0	0	0	0	0	0	0	0
OG0003101	0	3	0	-1	3	0	0	0	0	0	0	0	0	0	0	0	0
OG0003102	0	5	0	0	0	0	0	0	0	0	0	0	-1	-1	-1	0	0
OG0003103	0	3	-1	-2	0	0	0	0	0	0	0	0	0	0	-1	0	0
OG0003104	0	7	0	0	0	0	0	0	0	0	-1	0	-1	0	0	0	0
OG0003108	0	0	-1	-1	9	-1	0	0	0	0	-1	0	0	0	0	0	-1
OG0003138	7	0	0	0	0	0	0	0	0	0	-5	0	-1	0	-1	0	0
OG0003145	7	-1	0	0	0	0	0	0	0	0	-5	0	0	-1	-1	0	0
OG0003148	-1	1	-1	0	0	0	0	0	0	0	0	0	0	0	-1	0	0
OG0003150	0	1	-1	0	-2	0	1	0	0	0	0	0	0	0	-1	0	0
OG0003151	0	0	0	1	0	0	0	-1	0	0	0	0	0	0	1	0	0
OG0003152	-1	0	0	-1	1	0	0	0	0	0	0	0	0	0	-1	0	0
OG0003153	0	4	0	1	-1	0	0	0	0	0	0	0	0	0	0	0	0
OG0003154	-1	-1	0	0	1	0	0	0	0	0	0	0	0	0	-1	0	0
OG0003157	0	4	0	0	0	0	0	0	0	0	0	0	0	0	0	0	0
OG0003158	0	1	3	0	0	0	0	0	0	0	0	0	0	0	0	0	0
OG0003160	0	3	0	0	1	0	0	0	0	0	0	0	0	0	0	0	0
OG0003161	0	0	-1	0	0	0	0	0	0	0	0	0	0	0	-1	0	0
OG0003162	0	2	0	1	0	0	0	0	1	0	0	0	0	0	0	0	0
OG0003163	-1	1	-1	0	0	0	0	0	0	0	0	0	0	0	-1	0	0
OG0003164	0	0	1	3	0	0	0	0	0	0	0	0	0	0	0	0	0
OG0003165	-1	3	0	2	-1	0	0	0	0	0	0	0	0	0	-2	0	0
OG0003166	-1	1	-1	0	0	0	0	0	0	0	0	0	0	0	-1	0	0
OG0003167	-1	1	-1	0	0	0	0	0	0	0	0	0	0	0	-1	0	0
OG0003168	0	0	-1	0	0	0	0	0	0	0	0	0	0	0	-1	0	0
OG0003169	0	2	0	2	0	0	0	0	0	0	0	0	0	0	0	0	0
OG0003171	-1	0	-1	1	0	0	0	0	0	0	0	0	0	0	-1	0	0
OG0003172	-1	4	0	1	-1	0	0	0	0	0	0	0	0	0	-2	0	0
OG0003173	0	5	-1	0	-1	0	0	0	0	0	0	0	0	0	-2	0	0
OG0003174	-1	1	1	2	0	0	0	0	0	0	0	0	0	0	-2	0	0
OG0003176	0	3	0	0	1	0	0	0	0	0	0	0	0	0	0	0	0
OG0003177	0	2	0	0	0	0	1	0	1	0	0	0	0	0	0	0	0
OG0003179	-1	1	-2	1	1	0	0	-1	0	0	0	0	0	0	-1	0	0
OG0003180	0	4	0	1	-1	0	0	0	0	0	0	0	0	0	0	0	0
OG0003181	0	-1	-1	4	2	0	0	0	0	0	0	0	0	2	-1	0	0
OG0003183	0	1	-1	0	-1	0	0	0	0	0	0	0	0	0	-1	0	0
OG0003185	0	3	0	1	0	0	0	0	0	0	0	0	0	0	0	0	0
OG0003186	0	0	0	0	-2	0	0	0	0	0	-1	0	0	0	-1	0	0
OG0003188	0	0	-1	0	-1	0	1	0	0	0	0	0	0	0	-1	0	0
OG0003189	0	0	-1	0	0	0	0	0	0	0	0	0	0	0	-1	0	0
OG0003190	1	1	0	1	-1	0	1	0	0	0	-1	0	0	0	0	0	0
OG0003191	-1	1	-1	0	0	0	0	0	0	0	0	0	0	0	-1	0	0
OG0003192	0	1	0	1	0	0	0	0	2	0	0	0	0	0	0	0	0
OG0003194	1	0	0	0	2	0	0	0	0	0	-1	0	0	0	0	0	0
OG0003196	1	0	0	1	0	0	0	0	1	0	-1	0	0	0	0	0	0
OG0003197	-1	1	-1	0	1	0	0	0	-1	0	0	0	0	0	-1	0	0
OG0003198	0	0	0	0	1	0	1	0	0	0	0	0	0	1	0	0	0
OG0003199	0	1	0	0	1	0	0	0	0	0	0	0	0	1	0	0	0
OG0003200	0	1	0	0	2	0	0	0	1	0	0	0	0	0	0	0	0
OG0003201	0	2	-1	0	-1	0	0	0	-1	0	0	0	0	0	-1	0	0
OG0003202	0	3	0	1	0	0	0	0	0	0	0	0	0	0	0	0	0
OG0003203	0	0	-1	-1	1	0	0	0	0	0	0	0	0	0	-1	0	0
OG0003204	0	1	0	0	3	0	0	0	0	0	0	0	0	0	0	0	0
OG0003205	0	4	0	0	0	0	0	0	0	0	0	0	0	0	0	0	0
OG0003207	0	3	0	1	0	0	0	0	0	0	0	0	0	0	0	0	0
OG0003208	0	1	0	1	1	0	0	0	1	0	0	0	0	0	0	0	0
OG0003210	1	0	0	1	0	0	0	0	1	0	-1	0	0	0	0	0	0
OG0003211	0	3	0	0	0	0	0	0	0	0	-1	0	0	0	0	0	0
OG0003212	-1	1	-1	0	0	0	0	0	0	0	0	0	0	0	-1	0	0
OG0003214	1	0	0	1	0	0	0	0	0	0	-2	0	0	0	0	0	0
OG0003215	-1	1	-1	0	0	0	0	0	0	0	0	0	0	0	-1	0	0
OG0003216	0	0	0	0	2	0	0	0	0	0	0	0	0	1	0	0	0
OG0003217	5	-1	0	0	0	0	0	0	0	0	-4	0	0	0	-1	0	0
OG0003219	0	2	-1	0	-2	0	0	0	0	0	0	0	0	0	-1	0	0
OG0003220	0	3	0	0	0	0	0	0	0	0	-1	0	0	0	0	0	0
OG0003221	1	0	-1	0	-2	0	0	0	0	0	-1	0	0	0	-1	0	0
OG0003222	0	0	-1	0	0	0	0	0	0	0	0	0	0	0	-1	0	0
OG0003223	0	0	0	0	0	1	0	0	0	0	0	0	1	0	0	0	0
OG0003224	0	1	0	0	2	0	1	0	0	0	0	0	0	0	0	0	0
OG0003225	0	1	0	0	1	0	0	0	0	0	0	0	0	1	0	0	0
OG0003226	0	-1	-1	0	0	0	0	0	0	0	-1	0	0	0	-1	0	0
OG0003227	0	0	-1	0	0	0	0	0	0	0	0	0	0	0	-1	0	0
OG0003228	0	0	0	0	-1	0	0	0	0	0	0	0	0	0	-1	0	0
OG0003231	0	3	0	1	0	0	0	0	0	0	0	0	0	0	0	0	0
OG0003232	0	-1	-1	1	3	0	0	0	0	0	0	0	0	1	0	0	0
OG0003233	0	0	0	0	2	0	0	0	0	0	0	0	0	1	0	0	0
OG0003234	0	1	-1	0	-1	0	0	0	0	0	0	0	0	0	-1	0	0
OG0003236	0	2	0	1	0	0	1	0	0	0	0	0	0	0	0	0	0
OG0003238	0	3	0	0	1	0	0	0	0	0	0	0	0	0	0	0	0
OG0003239	0	5	0	0	-1	0	0	0	0	0	0	0	0	0	0	0	0
OG0003240	0	0	-1	0	0	0	0	0	0	0	0	0	0	0	-1	0	0
OG0003241	0	0	0	0	2	0	0	0	0	0	0	0	0	1	0	0	0
OG0003242	-1	-1	0	0	1	0	0	0	0	0	0	0	0	0	-1	0	0
OG0003244	0	2	0	0	0	0	0	0	1	0	-1	0	0	0	0	0	0
OG0003246	0	0	0	0	1	0	0	0	1	0	0	0	0	1	0	0	0
OG0003247	-1	-1	1	0	0	0	0	0	0	0	0	0	0	0	-1	0	0
OG0003248	-1	1	-1	0	0	0	0	0	0	0	0	0	0	0	-1	0	0
OG0003250	0	3	-1	0	1	0	0	0	1	0	0	0	0	0	0	0	0
OG0003251	1	0	0	1	0	0	0	0	1	0	-1	0	0	0	0	0	0
OG0003252	0	1	-1	0	-1	0	0	0	0	0	0	0	0	0	-1	0	0
OG0003254	-1	1	-1	0	0	0	0	0	0	0	0	0	0	0	-1	0	0
OG0003255	0	4	0	1	-1	0	0	0	0	0	0	0	0	0	0	0	0
OG0003256	0	0	0	0	3	0	0	0	-1	0	0	0	0	1	0	0	0
OG0003257	0	3	0	1	0	0	0	0	0	0	0	0	0	0	0	0	0
OG0003258	-1	-1	0	1	0	0	0	0	0	0	0	0	0	0	-1	0	0
OG0003259	0	1	-1	0	-2	0	0	0	1	0	0	0	0	0	-1	0	0
OG0003261	0	4	0	0	0	0	0	0	0	0	0	0	0	0	0	0	0
OG0003262	0	4	0	1	-1	0	0	0	0	0	0	0	0	0	0	0	0
OG0003263	0	3	0	1	0	0	0	0	0	0	0	0	0	0	0	0	0
OG0003264	0	0	0	1	1	0	0	0	0	0	0	0	0	0	0	1	0
OG0003265	1	-2	-1	2	0	0	0	0	0	0	-1	0	0	1	-2	0	0
OG0003266	0	2	0	1	0	0	0	1	0	0	0	0	0	0	0	0	0
OG0003267	-1	1	-1	0	0	0	0	0	0	0	0	0	0	0	-1	0	0
OG0003269	0	3	0	1	0	0	0	0	0	0	0	0	0	0	0	0	0
OG0003272	0	3	0	0	0	0	0	0	0	0	-1	0	0	0	0	0	0
OG0003273	0	1	0	0	1	0	0	0	0	0	0	0	0	1	0	0	0
OG0003274	-1	1	-1	0	0	0	0	0	0	0	0	0	0	0	-1	0	0
OG0003275	0	3	0	1	-1	0	0	0	1	0	0	0	0	0	0	0	0
OG0003276	0	0	0	0	2	0	0	0	0	0	0	0	0	1	0	0	0
OG0003278	-1	1	-1	0	0	0	0	0	0	0	0	0	0	0	-1	0	0
OG0003279	0	0	0	0	2	0	0	0	0	0	0	0	0	1	0	0	0
OG0003280	0	3	0	1	0	0	0	0	0	0	0	0	0	0	0	0	0
OG0003281	0	4	-1	1	0	0	0	0	0	0	0	0	0	0	0	0	0
OG0003284	1	0	0	1	0	0	1	0	0	0	-1	0	0	0	0	0	0
OG0003286	-1	1	-1	0	0	0	0	0	0	0	0	0	0	0	-1	0	0
OG0003290	0	3	0	1	0	0	0	0	0	0	0	0	0	0	0	0	0
OG0003291	0	0	-1	0	-1	0	1	0	0	0	0	0	0	0	-1	0	0
OG0003292	0	4	0	0	-1	0	0	0	1	0	0	0	0	0	0	0	0
OG0003294	0	2	-1	0	2	0	0	0	-1	0	0	0	0	1	0	0	0
OG0003295	-1	1	-1	0	0	0	0	0	0	0	0	0	0	0	-1	0	0
OG0003296	0	-1	1	2	-1	0	-1	0	0	0	0	0	0	0	1	0	0
OG0003297	0	1	0	0	1	0	0	0	0	0	0	0	0	1	0	0	0
OG0003298	0	1	0	1	1	0	1	0	0	0	0	0	0	0	0	0	0
OG0003299	0	-1	-1	0	0	0	1	0	0	0	0	0	0	0	-1	0	0
OG0003301	0	0	0	1	-1	0	0	0	0	0	0	0	0	0	1	0	0
OG0003303	0	1	0	0	0	0	0	-1	0	0	0	0	0	0	1	0	0
OG0003304	-1	1	-1	0	0	0	0	0	0	0	0	0	0	0	-1	0	0
OG0003305	0	3	0	0	0	0	0	0	0	0	-1	0	0	0	0	0	0
OG0003306	0	3	0	1	0	0	0	0	0	0	0	0	0	0	0	0	0
OG0003307	-1	2	-1	0	0	0	0	0	-1	0	0	0	0	0	-1	0	0
OG0003308	0	1	-1	0	-2	0	0	0	0	0	-1	0	0	0	-1	0	0
OG0003309	-1	1	-1	0	0	0	0	0	0	0	0	0	0	0	-1	0	0
OG0003312	-1	1	-1	0	0	0	0	0	0	0	0	0	0	0	-1	0	0
OG0003313	-1	0	-1	1	1	0	0	0	-1	0	0	0	0	0	-1	0	0
OG0003314	0	0	-1	0	1	0	0	0	-1	0	0	0	0	0	-1	0	0
OG0003315	0	3	0	1	0	0	0	0	0	0	0	0	0	0	0	0	0
OG0003316	0	0	0	1	1	0	0	0	0	0	0	0	0	1	0	0	0
OG0003318	0	3	0	1	0	0	0	0	0	0	0	0	0	0	0	0	0
OG0003319	0	-1	-1	0	0	0	1	0	0	0	0	0	0	0	-1	0	0
OG0003320	0	0	0	0	2	0	0	0	0	0	0	0	0	1	0	0	0
OG0003321	-1	1	-1	0	0	0	0	0	0	0	0	0	0	0	-1	0	0
OG0003322	0	0	-1	0	0	0	0	0	0	0	0	0	0	0	-1	0	0
OG0003323	0	3	0	0	1	0	0	0	0	0	0	0	0	0	0	0	0
OG0003324	0	1	0	1	0	0	0	0	0	0	0	0	0	0	0	0	1
OG0003325	0	3	0	1	0	0	0	0	0	0	0	0	0	0	0	0	0
OG0003326	-1	1	-1	0	0	0	0	0	0	0	0	0	0	0	-1	0	0
OG0003328	0	1	0	0	1	0	0	0	0	0	0	0	0	1	0	0	0
OG0003329	0	-1	-1	0	0	0	1	0	0	0	0	0	0	0	-1	0	0
OG0003330	0	3	0	1	0	0	0	0	0	0	0	0	0	0	0	0	0
OG0003331	1	3	0	0	-1	0	0	0	0	0	-1	0	0	0	0	0	0
OG0003332	-1	0	1	2	1	0	0	0	0	0	0	0	0	0	-2	0	0
OG0003333	0	-1	-1	0	1	0	0	0	0	0	0	0	0	0	-1	0	0
OG0003334	0	1	0	0	1	0	0	0	0	0	0	0	0	1	0	0	0
OG0003335	0	3	1	0	0	0	0	0	0	0	0	0	0	0	0	0	0
OG0003336	0	1	0	0	-1	0	0	0	0	0	0	0	0	0	1	0	0
OG0003337	0	3	0	1	0	0	0	0	0	0	0	0	0	0	0	0	0
OG0003338	0	0	0	0	-1	0	0	0	0	0	0	0	0	0	-1	0	0
OG0003340	0	3	0	0	0	0	0	0	0	0	-1	0	0	0	0	0	0
OG0003341	0	0	0	0	2	0	0	0	0	0	0	0	0	0	0	1	0
OG0003342	1	2	0	0	0	0	0	0	0	0	-1	0	0	0	0	0	0
OG0003343	0	2	0	0	1	0	1	0	0	0	0	0	0	0	0	0	0
OG0003344	0	3	0	0	0	0	1	0	0	0	0	0	0	0	0	0	0
OG0003345	-1	1	-1	0	0	0	0	0	0	0	0	0	0	0	-1	0	0
OG0003346	-1	0	0	1	-1	0	-1	0	1	0	0	0	0	0	-1	0	0
OG0003347	0	2	0	0	0	0	0	1	0	0	-1	0	0	0	0	0	0
OG0003348	-1	0	-1	1	0	0	0	0	0	0	0	0	0	0	-1	0	0
OG0003349	0	0	0	0	7	0	0	0	0	0	-1	0	0	0	-1	0	0
OG0003350	0	0	-1	0	-1	0	0	0	0	0	-1	0	0	0	-1	0	0
OG0003351	0	1	0	0	1	0	1	0	0	0	-1	0	0	0	0	0	0
OG0003352	-1	0	0	0	0	0	0	0	0	0	0	0	0	0	-1	0	0
OG0003353	-1	1	0	0	-1	0	0	0	0	0	0	0	0	0	-1	0	0
OG0003354	-1	1	-1	0	0	0	0	0	0	0	0	0	0	0	-1	0	0
OG0003355	1	0	0	1	0	0	0	0	0	0	-2	0	0	0	0	0	0
OG0003356	1	0	0	0	1	0	0	0	0	0	-2	0	0	0	0	0	0
OG0003357	0	3	0	0	1	0	0	0	0	0	0	0	0	0	0	0	0
OG0003358	0	3	0	-1	0	0	0	0	0	0	-1	0	0	0	-2	0	0
OG0003359	0	2	0	0	0	0	1	0	0	0	-1	0	0	0	0	0	0
OG0003360	0	1	0	0	3	0	0	0	0	0	0	0	0	0	0	0	0
OG0003361	0	3	0	1	0	0	0	0	0	0	0	0	0	0	0	0	0
OG0003362	0	3	0	1	0	0	0	0	0	0	0	0	0	0	0	0	0
OG0003363	0	2	0	0	1	0	0	0	0	0	0	0	0	0	-2	0	0
OG0003365	0	4	0	0	0	0	0	0	0	0	0	0	0	0	0	0	0
OG0003366	0	1	0	1	1	0	1	0	0	0	0	0	0	0	0	0	0
OG0003367	0	0	-1	0	0	0	0	0	0	0	0	0	0	0	-1	0	0
OG0003369	-1	1	-1	0	0	0	0	0	0	0	0	0	0	0	-1	0	0
OG0003370	-1	1	-1	0	0	0	0	0	0	0	0	0	0	0	-1	0	0
OG0003371	0	3	0	0	1	0	0	0	0	0	0	0	0	0	0	0	0
OG0003372	0	-1	1	-1	0	0	0	0	0	0	0	0	0	0	-1	0	0
OG0003373	0	2	0	0	1	0	1	0	0	0	0	0	0	0	0	0	0
OG0003374	0	3	0	0	1	0	0	0	0	0	0	0	0	0	0	0	0
OG0003375	0	3	0	1	0	0	0	0	0	0	0	0	0	0	0	0	0
OG0003376	0	2	-1	0	-2	0	0	0	0	0	0	0	0	0	-1	0	0
OG0003377	-1	2	-2	0	0	0	0	0	0	0	0	0	0	0	-1	0	0
OG0003378	0	3	0	1	0	0	0	0	0	0	0	0	0	0	0	0	0
OG0003379	0	0	0	0	0	0	1	0	0	0	0	0	1	0	0	0	0
OG0003380	0	4	1	0	0	0	-1	0	0	0	0	0	0	0	0	0	0
OG0003381	0	3	0	1	0	0	0	0	0	0	0	0	0	0	0	0	0
OG0003385	0	1	0	0	1	0	0	0	0	0	0	0	0	1	0	0	0
OG0003386	0	0	0	0	-1	0	0	0	0	0	0	0	0	0	-1	0	0
OG0003387	-1	1	0	0	-1	0	0	0	0	0	0	0	0	0	-1	0	0
OG0003388	0	-1	-1	0	1	0	0	0	0	0	0	0	0	0	-1	0	0
OG0003390	2	-2	1	0	0	0	0	0	0	0	-2	0	0	0	-2	0	0
OG0003391	0	3	0	1	0	0	0	0	0	0	0	0	0	0	0	0	0
OG0003392	0	3	0	1	0	0	0	0	0	0	0	0	0	0	0	0	0
OG0003395	0	-1	0	0	3	-1	2	0	0	0	0	0	1	0	0	0	-1
OG0003396	0	0	0	0	2	0	0	0	0	0	0	0	0	1	0	0	0
OG0003397	-1	0	0	0	0	0	0	0	0	0	0	0	0	0	-1	0	0
OG0003398	0	1	-1	0	0	-1	0	0	0	0	0	0	0	0	-1	0	0
OG0003399	0	1	-1	0	-1	0	0	0	0	0	0	0	0	0	-1	0	0
OG0003401	0	-1	-1	0	1	0	0	0	0	0	0	0	0	0	-1	0	0
OG0003402	-1	1	-1	0	0	0	0	0	0	0	0	0	0	0	-1	0	0
OG0003403	0	4	0	1	-1	0	0	0	0	0	0	0	0	0	0	0	0
OG0003404	0	3	0	1	0	0	0	0	0	0	0	0	0	0	0	0	0
OG0003405	0	0	-1	0	-1	0	1	0	0	0	0	0	0	0	-1	0	0
OG0003406	0	4	0	1	-1	0	0	0	0	0	0	0	0	0	0	0	0
OG0003408	0	0	3	1	0	0	0	0	0	0	0	0	0	0	0	0	0
OG0003409	0	3	0	1	0	0	0	0	0	0	0	0	0	0	0	0	0
OG0003410	0	0	0	0	2	0	0	0	0	0	0	0	0	1	0	0	0
OG0003411	0	4	0	0	0	0	0	0	0	0	0	0	0	0	0	0	0
OG0003412	0	1	0	1	0	0	0	0	2	0	0	0	0	0	0	0	0
OG0003413	0	1	-1	-1	0	0	0	0	0	0	0	0	0	0	-1	0	0
OG0003414	0	-1	0	1	-1	0	0	0	1	0	0	0	0	0	1	0	0
OG0003416	-1	1	-1	0	0	0	0	0	0	0	0	0	0	0	-1	0	0
OG0003417	0	4	0	0	0	0	0	0	0	0	0	0	0	0	0	0	0
OG0003418	0	1	0	1	0	0	0	0	0	0	0	0	0	0	0	1	0
OG0003419	0	-1	0	0	1	0	-1	0	0	0	0	0	0	0	-1	0	0
OG0003420	0	1	1	0	1	0	0	0	1	0	0	0	0	0	0	0	0
OG0003421	0	3	0	1	0	0	0	0	0	0	0	0	0	0	0	0	0
OG0003422	0	3	0	0	1	0	0	0	0	0	0	0	0	0	0	0	0
OG0003423	0	1	-1	0	-1	0	0	0	0	0	0	0	0	0	-1	0	0
OG0003424	0	3	0	1	0	0	0	0	0	0	0	0	0	0	0	0	0
OG0003426	0	8	0	0	0	0	0	0	0	0	0	0	0	0	-1	0	0
OG0003428	0	2	-1	0	-2	0	0	0	0	0	0	0	0	0	-1	0	0
OG0003429	0	0	0	1	-1	0	0	0	0	0	0	0	0	0	1	0	0
OG0003430	1	0	0	2	0	0	0	0	0	0	-1	0	0	0	0	0	0
OG0003431	0	5	0	0	-1	0	0	0	0	0	0	0	0	0	0	0	0
OG0003434	0	0	0	-1	0	0	0	0	0	0	0	0	0	0	-1	0	0
OG0003435	0	0	0	1	1	0	0	0	0	0	0	0	0	0	0	1	0
OG0003436	0	0	-1	0	0	0	0	0	0	0	0	0	0	0	-1	0	0
OG0003437	0	4	0	1	0	-1	0	0	0	0	0	0	0	0	0	0	0
OG0003438	0	2	0	1	0	0	0	0	1	0	0	0	0	0	0	0	0
OG0003440	0	0	0	0	1	0	1	0	0	0	0	0	0	0	0	1	0
OG0003441	0	1	0	0	1	0	0	0	0	0	0	0	0	1	0	0	0
OG0003442	0	1	-2	0	0	0	0	0	0	0	0	0	0	0	-1	0	0
OG0003443	0	0	0	0	2	0	0	0	0	0	0	0	0	1	0	0	0
OG0003444	0	1	0	0	1	0	0	0	0	0	0	0	0	1	0	0	0
OG0003445	0	4	0	1	-1	0	0	0	0	0	0	0	0	0	0	0	0
OG0003446	0	4	0	1	-1	0	0	0	0	0	0	0	0	0	0	0	0
OG0003447	1	1	0	0	0	0	0	0	0	0	-2	0	0	0	0	0	0
OG0003448	0	0	-1	0	0	0	0	0	0	0	0	0	0	0	-1	0	0
OG0003449	0	3	0	1	0	0	0	0	0	0	0	0	0	0	0	0	0
OG0003451	0	0	0	0	2	0	0	0	0	0	0	0	0	1	0	0	0
OG0003452	0	0	0	0	-1	0	0	0	0	0	0	0	0	0	-1	0	0
OG0003453	0	2	0	0	1	0	0	0	1	0	0	0	0	0	0	0	0
OG0003454	0	3	0	1	0	0	0	0	0	0	0	0	0	0	0	0	0
OG0003455	-1	1	-1	0	0	0	0	0	0	0	0	0	0	0	-1	0	0
OG0003456	0	3	0	1	0	0	0	0	0	0	0	0	0	0	0	0	0
OG0003457	-1	1	-1	0	0	0	0	0	0	0	0	0	0	0	-1	0	0
OG0003458	0	4	0	0	0	0	0	0	0	0	0	0	0	0	0	0	0
OG0003459	-1	1	0	0	-1	0	0	0	0	0	0	0	0	0	-1	0	0
OG0003460	0	3	0	1	0	0	0	0	0	0	0	0	0	0	0	0	0
OG0003461	-1	0	1	0	-1	0	0	0	0	0	0	0	0	0	-1	0	0
OG0003462	0	1	-1	0	-1	0	0	0	0	0	0	0	0	0	-1	0	0
OG0003463	0	1	0	0	1	0	0	0	0	0	0	0	0	1	0	0	0
OG0003464	0	2	0	0	2	0	0	0	0	0	0	0	0	0	0	0	0
OG0003465	0	0	-1	0	0	0	0	0	0	0	0	0	0	0	-1	0	0
OG0003466	-1	0	0	0	0	0	0	0	0	0	0	0	0	0	-1	0	0
OG0003468	0	3	0	1	0	0	0	0	0	0	0	0	0	0	0	0	0
OG0003469	0	0	-1	0	0	0	0	0	0	0	0	0	0	0	-1	0	0
OG0003470	0	3	0	1	0	0	0	0	0	0	0	0	0	0	0	0	0
OG0003471	0	4	0	0	-1	0	0	0	0	0	-1	0	0	0	0	0	0
OG0003472	0	1	0	0	1	0	0	0	0	0	0	0	0	1	0	0	0
OG0003473	0	0	-1	0	-1	0	1	0	0	0	0	0	0	0	-1	0	0
OG0003477	0	1	0	0	3	0	0	0	0	0	0	0	0	0	0	0	0
OG0003478	0	2	0	2	0	0	0	0	0	0	0	0	0	0	0	0	0
OG0003479	0	-1	-1	0	0	0	0	0	1	0	0	0	0	0	-1	0	0
OG0003481	0	0	0	0	-1	0	0	0	0	0	0	0	0	0	-1	0	0
OG0003482	0	2	0	0	1	0	1	0	0	0	0	0	0	0	0	0	0
OG0003483	0	4	0	1	0	0	-1	0	0	0	0	0	0	0	0	0	0
OG0003484	0	1	-1	0	-1	0	0	0	0	0	0	0	0	0	-1	0	0
OG0003485	0	3	0	1	0	0	0	0	0	0	0	0	0	0	0	0	0
OG0003486	0	3	0	1	0	0	0	0	0	0	0	0	0	0	0	0	0
OG0003487	-1	1	-1	0	0	0	0	0	0	0	0	0	0	0	-1	0	0
OG0003488	0	3	0	1	0	0	0	0	0	0	0	0	0	0	0	0	0
OG0003489	0	0	-1	0	0	0	0	0	0	0	0	0	0	0	-1	0	0
OG0003490	0	5	-1	0	0	0	0	0	0	0	0	0	0	0	0	0	0
OG0003491	0	0	0	0	2	0	0	0	0	0	0	0	0	1	0	0	0
OG0003492	-1	1	-1	0	0	0	0	0	0	0	0	0	0	0	-1	0	0
OG0003493	0	3	0	0	0	0	0	0	1	0	0	0	0	0	0	0	0
OG0003494	0	0	-1	0	0	0	0	0	0	0	0	0	0	0	-1	0	0
OG0003495	0	0	0	0	2	0	0	0	0	0	0	0	0	1	0	0	0
OG0003496	0	1	0	1	1	0	1	0	0	0	0	0	0	0	0	0	0
OG0003498	0	3	0	1	0	0	0	0	0	0	0	0	0	0	0	0	0
OG0003499	0	3	0	1	0	0	0	0	0	0	0	0	0	0	0	0	0
OG0003500	0	0	0	0	1	0	1	0	0	0	0	0	0	1	0	0	0
OG0003501	1	2	0	0	0	0	0	0	0	0	-1	0	0	0	0	0	0
OG0003502	0	0	-1	0	-1	0	0	0	0	0	-1	0	0	0	-1	0	0
OG0003503	0	1	0	0	-2	0	0	0	0	0	0	0	0	0	-1	0	0
OG0003504	-1	-1	0	0	1	0	0	0	0	0	0	0	0	0	-1	0	0
OG0003505	0	7	0	1	0	0	0	0	0	0	0	0	0	0	-1	0	0
OG0003506	0	0	0	1	0	1	0	0	0	0	0	0	0	0	0	1	0
OG0003507	0	0	0	0	0	0	0	0	4	0	0	0	0	0	0	0	0
OG0003508	-1	-1	1	0	0	0	0	0	0	0	0	0	0	0	-1	0	0
OG0003509	0	3	0	0	1	0	0	0	0	0	0	0	0	0	0	0	0
OG0003510	0	1	0	0	1	0	0	0	0	0	0	0	0	1	0	0	0
OG0003511	0	0	0	0	2	0	0	0	0	0	0	0	0	1	0	0	0
OG0003512	-1	1	-1	0	0	0	0	0	0	0	0	0	0	0	-1	0	0
OG0003513	0	7	0	1	0	0	0	0	0	0	0	0	0	0	-1	0	0
OG0003514	-1	2	-1	0	0	0	0	0	-1	0	0	0	0	0	-1	0	0
OG0003515	0	3	0	1	0	0	0	0	0	0	0	0	0	0	0	0	0
OG0003516	0	1	0	-1	-1	0	0	0	0	0	0	0	0	0	-1	0	0
OG0003517	1	3	0	0	-1	0	0	0	0	0	-1	0	0	0	0	0	0
OG0003518	0	6	0	0	0	0	0	0	0	0	0	0	0	-1	0	0	0
OG0003519	0	1	0	0	0	0	0	0	4	0	-1	0	0	-1	0	0	0
OG0003523	0	6	0	0	0	0	0	0	0	0	0	0	0	-1	0	0	0
OG0003524	0	5	0	-1	0	0	0	0	0	0	0	0	0	0	0	0	0
OG0003526	0	8	0	0	0	0	0	0	-1	0	0	0	-1	0	0	0	0
OG0003528	0	4	0	-1	0	0	0	0	0	0	-1	0	0	0	0	0	0
OG0003529	0	2	1	0	0	0	0	0	0	0	0	0	0	-2	-1	0	0
OG0003530	0	0	1	-1	0	0	0	0	0	0	0	0	0	0	1	0	0
OG0003531	3	0	0	0	0	0	0	0	0	0	-3	0	0	-1	0	0	0
OG0003532	0	4	0	-1	0	0	0	0	-1	0	0	0	-1	0	-1	0	0
OG0003534	0	4	0	-1	1	0	0	0	0	0	0	0	0	0	0	0	0
OG0003535	0	6	0	0	0	0	0	0	0	0	0	0	0	-1	0	0	0
OG0003536	0	0	0	0	0	0	0	0	0	0	0	-1	0	0	2	0	0
OG0003537	0	0	0	0	0	1	0	0	0	0	0	0	-1	0	1	2	-1
OG0003538	0	5	0	-1	0	0	0	0	0	0	0	0	0	0	0	0	0
OG0003540	0	5	0	-1	0	0	0	0	0	0	0	0	0	0	0	0	0
OG0003543	0	2	-1	-2	0	0	0	0	0	0	0	0	0	0	-1	0	0
OG0003544	0	6	0	0	0	0	0	0	0	0	0	0	0	-1	0	0	0
OG0003546	0	5	0	-1	0	0	0	0	0	0	0	0	0	0	0	0	0
OG0003547	1	0	2	-1	0	0	1	0	0	0	-1	0	0	0	0	0	0
OG0003549	0	2	-1	-2	0	0	0	0	0	0	0	0	0	0	-1	0	0
OG0003550	0	5	0	-1	0	0	0	0	0	0	0	0	0	0	0	0	0
OG0003551	0	3	0	0	0	0	0	0	0	0	0	0	0	-2	-1	0	0
OG0003553	3	-1	-1	-1	6	0	0	0	0	0	-2	0	0	0	-1	0	0
OG0003557	0	-1	-1	-1	11	0	0	0	0	0	0	0	0	0	-1	0	0
OG0003563	5	-1	-1	-1	1	0	0	0	0	0	-5	0	0	0	-1	0	0
OG0003581	3	1	1	0	0	0	0	0	0	0	-2	0	0	-2	-2	0	0
OG0003595	2	-1	7	0	0	0	0	0	0	0	-2	0	0	-1	-1	0	0
OG0003598	0	1	2	1	-1	0	0	0	0	0	0	0	0	0	0	0	0
OG0003599	0	2	0	1	0	0	0	0	0	0	0	0	0	0	0	0	0
OG0003600	0	0	0	2	0	0	0	1	0	0	0	0	0	0	0	0	0
OG0003601	1	0	0	1	0	0	0	0	0	0	-1	0	0	0	0	0	0
OG0003602	0	0	0	1	1	0	0	0	-1	0	0	0	0	0	0	1	0
OG0003603	0	2	0	1	0	0	0	0	0	0	0	0	0	0	0	0	0
OG0003605	-1	1	-1	0	0	0	0	0	-1	0	0	0	0	0	-1	0	0
OG0003606	0	1	0	1	1	0	0	0	0	0	0	0	0	0	0	0	0
OG0003607	0	1	0	1	0	0	0	0	1	0	0	0	0	0	0	0	0
OG0003608	0	2	0	0	0	0	1	0	0	0	0	0	0	0	0	0	0
OG0003609	0	1	0	1	1	0	0	0	0	0	0	0	0	0	0	0	0
OG0003611	0	1	0	0	1	0	0	0	0	0	-1	0	0	0	0	0	0
OG0003612	0	0	-1	0	0	0	0	0	-1	0	0	0	0	0	-1	0	0
OG0003614	0	2	0	1	0	0	0	0	0	0	0	0	0	0	0	0	0
OG0003615	0	2	1	1	-1	0	0	0	0	0	0	0	0	0	0	0	0
OG0003617	0	0	0	0	1	0	0	0	0	0	0	0	0	1	0	0	0
OG0003618	0	-1	-1	0	0	0	0	0	-1	0	-1	0	0	0	-1	0	0
OG0003619	0	2	1	1	-1	0	0	0	0	0	0	0	0	0	0	0	0
OG0003620	0	0	0	2	0	0	0	0	0	0	-1	0	0	0	0	0	0
OG0003625	0	2	0	0	1	0	0	0	0	0	0	0	0	0	0	0	0
OG0003626	0	0	0	0	0	0	0	0	0	0	0	0	1	0	0	0	0
OG0003627	0	2	0	1	0	0	0	0	0	0	0	0	0	0	0	0	0
OG0003628	0	-1	-1	0	0	0	0	0	0	0	0	0	0	0	-1	0	0
OG0003629	0	4	0	0	-1	0	0	0	0	0	0	0	0	0	0	0	0
OG0003630	0	0	-1	0	-1	0	0	0	0	0	0	0	0	0	-1	0	0
OG0003631	0	1	0	0	1	0	0	0	0	0	-1	0	0	0	0	0	0
OG0003632	0	1	0	1	1	0	0	0	0	0	0	0	0	0	0	0	0
OG0003633	0	0	-1	0	-1	0	0	0	0	0	0	0	0	0	-1	0	0
OG0003634	0	-1	-1	0	0	0	0	0	0	0	0	0	0	0	-1	0	0
OG0003635	0	0	-1	0	-1	0	0	0	0	0	0	0	0	0	-1	0	0
OG0003636	0	1	0	1	0	0	1	0	0	0	0	0	0	0	0	0	0
OG0003637	0	2	0	1	-1	0	0	0	1	0	0	0	0	0	0	0	0
OG0003638	0	2	-2	0	-1	0	0	0	-1	0	0	0	0	0	-1	0	0
OG0003639	0	-1	-1	0	0	0	1	0	0	0	0	0	0	0	1	0	0
OG0003640	0	2	0	1	0	0	0	0	0	0	0	0	0	0	0	0	0
OG0003641	0	1	1	0	1	0	0	0	0	0	0	0	0	0	0	0	0
OG0003642	0	1	0	1	0	0	1	0	0	0	0	0	0	0	0	0	0
OG0003643	0	1	0	1	0	0	1	0	0	0	0	0	0	0	0	0	0
OG0003644	0	0	0	0	1	0	0	0	0	0	0	0	0	1	0	0	0
OG0003645	0	1	0	1	1	0	0	0	0	0	0	0	0	0	0	0	0
OG0003646	0	1	0	0	2	0	0	0	0	0	0	0	0	0	0	0	0
OG0003647	0	1	0	1	-1	0	1	0	1	0	0	0	0	0	0	0	0
OG0003648	0	3	0	0	0	0	0	0	0	0	0	0	0	0	0	0	0
OG0003649	0	3	0	1	-1	0	0	0	0	0	0	0	0	0	0	0	0
OG0003650	0	3	0	0	0	0	0	0	0	0	0	0	0	0	0	0	0
OG0003651	0	-1	0	0	-1	0	0	0	0	0	0	0	0	0	-1	0	0
OG0003652	1	0	0	1	0	0	0	0	0	0	-1	0	0	0	0	0	0
OG0003653	0	-1	-1	0	0	0	0	0	0	0	0	0	0	0	-1	0	0
OG0003654	0	3	0	0	0	0	0	0	0	0	0	0	0	0	0	0	0
OG0003655	0	1	0	1	1	0	0	0	0	0	0	0	0	0	0	0	0
OG0003658	0	1	0	1	1	0	0	0	0	0	0	0	0	0	0	0	0
OG0003659	0	-1	-1	0	0	0	0	0	0	0	0	0	0	0	-1	0	0
OG0003660	0	0	0	1	0	0	0	0	0	0	0	0	0	0	0	0	1
OG0003661	0	1	0	1	1	0	0	0	0	0	0	0	0	0	0	0	0
OG0003662	0	0	0	1	1	0	1	0	0	0	0	0	0	0	0	0	0
OG0003663	0	2	0	1	0	0	0	0	0	0	0	0	0	0	0	0	0
OG0003664	0	0	0	0	1	0	0	0	0	0	0	0	0	1	0	0	0
OG0003665	0	2	0	0	0	0	0	0	0	0	-1	0	0	0	0	0	0
OG0003666	-1	0	0	0	-1	0	0	0	0	0	0	0	0	0	-1	0	0
OG0003667	0	0	0	0	3	0	0	0	0	0	0	0	0	0	0	0	0
OG0003668	0	2	0	1	0	0	0	0	0	0	0	0	0	0	0	0	0
OG0003669	0	3	-2	0	1	0	0	0	0	0	0	0	0	0	-2	0	0
OG0003670	0	2	0	1	0	0	0	0	0	0	0	0	0	0	0	0	0
OG0003672	0	-1	-1	0	0	0	0	0	0	0	0	0	0	0	-1	0	0
OG0003673	0	4	0	0	-1	0	0	0	0	0	0	0	0	0	0	0	0
OG0003674	1	0	0	1	-1	0	0	0	1	0	-1	0	0	0	0	0	0
OG0003677	0	1	0	1	1	0	0	0	0	0	0	0	0	0	0	0	0
OG0003678	0	1	0	1	1	0	0	0	0	0	0	0	0	0	0	0	0
OG0003679	-1	0	0	0	-1	0	0	0	0	0	0	0	0	0	-1	0	0
OG0003680	0	3	0	1	-1	0	0	0	0	0	0	0	0	0	0	0	0
OG0003683	0	1	0	0	0	0	0	0	2	0	0	0	0	0	0	0	0
OG0003684	0	3	0	1	0	0	0	0	-1	0	0	0	0	0	0	0	0
OG0003685	0	1	0	0	1	0	0	0	-1	0	0	0	0	1	0	0	0
OG0003686	0	3	0	0	0	0	0	0	0	0	0	0	0	0	0	0	0
OG0003687	0	1	0	1	1	0	-1	0	1	0	0	0	0	0	0	0	0
OG0003688	0	1	0	1	1	0	0	0	0	0	0	0	0	0	0	0	0
OG0003690	0	3	0	0	0	0	0	0	0	0	0	0	0	0	0	0	0
OG0003691	0	1	-1	0	-2	0	0	0	0	0	0	0	0	0	-1	0	0
OG0003692	0	0	0	0	1	0	0	0	0	0	0	0	0	1	0	0	0
OG0003694	0	1	0	1	1	0	0	0	0	0	0	0	0	0	0	0	0
OG0003695	0	1	0	1	1	0	0	0	0	0	0	0	0	0	0	0	0
OG0003697	0	0	1	1	0	0	1	0	0	0	0	0	0	0	0	0	0
OG0003699	0	1	0	0	1	0	0	0	1	0	0	0	0	0	0	0	0
OG0003700	0	0	-1	0	-1	0	0	0	0	0	0	0	0	0	-1	0	0
OG0003701	0	1	0	1	1	0	0	0	0	0	0	0	0	0	0	0	0
OG0003702	0	-1	-1	0	0	0	0	0	0	0	0	0	0	0	-1	0	0
OG0003703	0	1	0	1	1	0	0	0	0	0	0	0	0	0	0	0	0
OG0003704	0	0	2	1	0	0	0	0	0	0	0	0	0	0	0	0	0
OG0003705	0	2	0	1	0	0	0	0	0	0	0	0	0	0	0	0	0
OG0003707	0	4	0	0	-1	0	0	0	0	0	0	0	0	0	0	0	0
OG0003708	0	1	0	1	1	0	0	0	0	0	0	0	0	0	0	0	0
OG0003710	1	0	0	1	-1	0	1	0	0	0	-1	0	0	0	0	0	0
OG0003711	0	2	-1	1	0	0	1	0	0	0	0	0	0	0	0	0	0
OG0003713	0	1	0	0	2	0	0	0	0	0	0	0	0	0	0	0	0
OG0003715	0	2	0	0	1	0	0	0	0	0	0	0	0	0	0	0	0
OG0003716	0	2	0	2	-1	0	0	0	0	0	0	0	0	0	0	0	0
OG0003717	-1	0	0	0	-1	0	0	0	0	0	0	0	0	0	-1	0	0
OG0003718	0	0	0	0	1	0	0	0	0	0	0	0	0	1	0	0	0
OG0003719	0	0	0	0	1	0	0	0	0	0	0	0	0	1	0	0	0
OG0003720	0	0	0	0	0	0	0	0	0	0	0	0	1	0	0	0	0
OG0003721	0	2	0	0	1	0	0	0	0	0	0	0	0	0	0	0	0
OG0003722	0	5	0	0	-2	0	0	0	0	0	0	1	0	0	-1	0	0
OG0003723	0	1	0	1	1	0	0	0	0	0	0	0	0	0	0	0	0
OG0003724	0	0	0	0	2	0	0	0	0	0	-1	0	0	0	0	0	0
OG0003727	-1	1	-1	0	0	0	0	0	-1	0	0	0	0	0	-1	0	0
OG0003728	0	0	0	0	1	0	0	0	0	0	0	0	0	1	0	0	0
OG0003729	0	1	0	1	1	0	0	0	0	0	0	0	0	0	0	0	0
OG0003730	0	2	0	1	0	0	0	0	0	0	0	0	0	0	0	0	0
OG0003731	0	2	0	1	0	0	0	0	0	0	0	0	0	0	0	0	0
OG0003732	0	3	0	1	-1	0	0	0	0	0	0	0	0	0	0	0	0
OG0003733	0	2	0	1	0	0	0	0	0	0	0	0	0	0	0	0	0
OG0003734	0	2	0	1	0	0	0	0	0	0	0	0	0	0	0	0	0
OG0003736	-1	3	0	0	0	0	0	0	0	0	0	0	0	0	-2	0	0
OG0003739	-1	2	-1	0	2	0	0	0	0	0	0	0	0	0	-2	0	0
OG0003740	0	2	-1	1	1	0	0	0	0	0	0	0	0	0	0	0	0
OG0003741	0	3	-1	0	1	0	0	0	0	0	0	0	0	0	0	0	0
OG0003743	0	1	0	1	1	0	0	0	0	0	0	0	0	0	0	0	0
OG0003744	0	-1	-1	1	3	0	0	0	0	0	-1	0	0	2	-1	0	0
OG0003745	0	0	-1	0	-1	0	0	0	0	0	0	0	0	0	-1	0	0
OG0003746	0	3	0	0	0	0	0	0	0	0	0	0	0	0	0	0	0
OG0003747	0	0	0	1	1	0	0	0	1	0	0	0	0	0	0	0	0
OG0003748	0	-1	-1	0	0	0	0	0	0	0	0	0	0	0	-1	0	0
OG0003749	0	1	0	1	1	0	0	0	0	0	0	0	0	0	0	0	0
OG0003750	0	2	0	1	0	0	0	0	0	0	0	0	0	0	0	0	0
OG0003751	0	1	0	1	1	0	0	0	0	0	0	0	0	0	0	0	0
OG0003752	0	3	0	1	-1	0	0	0	0	0	0	0	0	0	0	0	0
OG0003753	0	1	0	1	1	0	0	0	0	0	0	0	0	0	0	0	0
OG0003754	0	-1	-1	0	0	0	0	0	0	0	0	0	0	0	-1	0	0
OG0003755	0	2	0	1	0	0	0	0	0	0	0	0	0	0	0	0	0
OG0003756	0	0	0	0	1	0	0	0	0	0	0	0	0	1	0	0	0
OG0003757	0	1	0	1	1	0	0	0	0	0	0	0	0	0	0	0	0
OG0003758	0	1	1	0	0	0	0	0	-1	0	0	0	0	0	0	1	0
OG0003759	0	0	-1	0	-1	0	0	0	0	0	0	0	0	0	-1	0	0
OG0003761	-1	0	3	0	0	0	0	0	0	0	0	0	0	0	-2	0	0
OG0003763	0	1	0	1	1	0	0	0	0	0	0	0	0	0	0	0	0
OG0003764	0	2	0	1	0	0	0	0	0	0	0	0	0	0	0	0	0
OG0003765	0	2	0	0	1	0	0	0	0	0	0	0	0	0	0	0	0
OG0003766	0	0	0	0	2	0	0	0	0	0	-1	0	0	0	0	0	0
OG0003767	0	3	0	0	0	0	0	0	0	0	0	0	0	0	0	0	0
OG0003768	0	1	0	1	1	0	0	0	0	0	0	0	0	0	0	0	0
OG0003769	0	-1	-1	0	0	0	0	0	0	0	0	0	0	0	-1	0	0
OG0003770	0	0	1	1	-1	0	0	0	0	0	0	0	0	0	0	1	0
OG0003771	0	3	0	0	0	0	0	0	0	0	0	0	0	0	0	0	0
OG0003772	0	1	0	0	2	0	0	0	0	0	0	0	0	0	0	0	0
OG0003773	0	1	0	1	1	0	0	0	0	0	0	0	0	0	0	0	0
OG0003774	0	2	0	0	1	0	0	0	0	0	0	0	0	0	0	0	0
OG0003775	0	3	0	1	-1	0	0	0	0	0	0	0	0	0	0	0	0
OG0003776	0	1	0	1	1	0	0	0	0	0	0	0	0	0	0	0	0
OG0003777	0	0	2	0	1	0	0	0	0	0	0	0	0	0	0	0	0
OG0003778	0	1	0	-1	-1	0	0	0	-1	0	0	0	0	0	-1	0	0
OG0003779	0	2	0	1	0	0	0	0	0	0	0	0	0	0	0	0	0
OG0003782	0	3	0	1	-1	0	0	0	0	0	0	0	0	0	0	0	0
OG0003784	0	2	0	1	0	0	0	0	0	0	0	0	0	0	0	0	0
OG0003785	0	2	0	1	0	0	0	0	0	0	0	0	0	0	0	0	0
OG0003786	-1	1	0	2	0	0	0	0	0	0	0	0	0	0	-2	0	0
OG0003787	0	2	0	1	0	0	0	0	0	0	0	0	0	0	0	0	0
OG0003788	0	3	0	1	-1	0	0	0	0	0	0	0	0	0	0	0	0
OG0003789	0	3	1	0	-1	0	0	0	0	0	0	0	0	0	0	0	0
OG0003791	1	0	0	1	-1	0	0	0	0	0	-2	0	0	0	0	0	0
OG0003792	0	1	0	1	1	0	0	0	0	0	0	0	0	0	0	0	0
OG0003793	0	-1	-1	0	0	0	0	0	0	0	0	0	0	0	-1	0	0
OG0003794	1	1	0	1	-1	0	0	0	0	0	-1	0	0	0	0	0	0
OG0003795	0	1	0	0	1	0	0	0	0	0	-1	0	0	0	0	0	0
OG0003796	0	-1	-1	0	0	0	0	0	0	0	0	0	0	0	-1	0	0
OG0003797	0	2	0	1	0	0	0	0	0	0	0	0	0	0	0	0	0
OG0003799	0	1	0	1	1	0	0	0	0	0	0	0	0	0	0	0	0
OG0003800	0	1	0	1	1	0	0	0	0	0	0	0	0	0	0	0	0
OG0003801	0	0	0	0	1	0	0	0	0	0	0	0	0	1	0	0	0
OG0003803	0	0	2	1	0	0	0	0	0	0	0	0	0	0	0	0	0
OG0003804	0	-1	-1	0	0	0	0	0	0	0	0	0	0	0	-1	0	0
OG0003805	0	2	0	0	1	0	0	0	0	0	0	0	0	0	0	0	0
OG0003806	0	2	0	1	0	0	0	0	0	0	0	0	0	0	0	0	0
OG0003807	0	0	0	1	1	0	0	0	1	0	0	0	0	0	0	0	0
OG0003808	0	2	0	0	0	0	0	0	0	0	-1	0	0	0	0	0	0
OG0003809	0	3	0	1	-1	0	0	0	0	0	0	0	0	0	0	0	0
OG0003811	-1	2	0	2	-1	0	0	0	0	0	0	0	0	0	-2	0	0
OG0003812	0	1	0	1	0	0	1	0	0	0	0	0	0	0	0	0	0
OG0003813	0	1	0	1	1	0	0	0	0	0	0	0	0	0	0	0	0
OG0003814	0	3	0	0	0	0	0	0	0	0	0	0	0	0	0	0	0
OG0003815	0	1	0	1	1	0	0	0	0	0	0	0	0	0	0	0	0
OG0003816	0	0	0	1	1	1	0	0	0	0	0	0	0	0	0	0	0
OG0003817	0	1	0	0	2	0	0	0	0	0	0	0	0	0	0	0	0
OG0003819	0	-1	-1	0	0	0	0	0	0	0	0	0	0	0	-1	0	0
OG0003820	0	4	-1	0	0	0	0	0	0	0	0	1	0	0	-1	0	0
OG0003821	0	1	0	1	1	0	0	0	0	0	0	0	0	0	0	0	0
OG0003822	0	2	0	1	0	0	0	0	0	0	0	0	0	0	0	0	0
OG0003824	0	2	0	1	0	0	0	0	0	0	0	0	0	0	0	0	0
OG0003825	0	0	0	0	2	0	0	0	-1	0	0	0	0	1	0	0	0
OG0003826	0	1	0	2	0	0	0	0	0	0	0	0	0	0	0	0	0
OG0003827	0	4	0	0	-1	0	0	0	0	0	0	0	0	0	0	0	0
OG0003828	0	0	0	0	1	0	0	0	0	0	0	0	0	1	0	0	0
OG0003829	0	0	0	0	1	0	0	0	0	0	0	0	0	1	0	0	0
OG0003830	0	0	0	1	1	1	0	0	0	0	0	0	0	0	0	0	0
OG0003831	0	2	0	0	0	0	0	0	0	0	-1	0	0	0	0	0	0
OG0003832	0	1	0	0	1	0	0	0	-1	0	0	0	0	1	0	0	0
OG0003833	0	2	0	1	0	0	0	0	0	0	0	0	0	0	0	0	0
OG0003834	0	2	0	0	0	0	0	0	0	0	-1	0	0	0	0	0	0
OG0003835	0	1	0	1	1	0	0	0	0	0	0	0	0	0	0	0	0
OG0003836	0	-1	0	1	0	0	2	0	0	0	-1	0	0	0	0	0	0
OG0003837	0	-1	0	1	5	0	0	0	0	0	0	0	0	1	-1	0	0
OG0003838	0	2	0	1	0	0	0	0	0	0	0	0	0	0	0	0	0
OG0003839	0	1	0	0	1	0	0	0	0	0	-1	0	0	0	0	0	0
OG0003840	0	3	-1	1	0	0	0	0	0	0	0	0	0	0	0	0	0
OG0003841	0	1	0	1	1	0	0	0	0	0	0	0	0	0	0	0	0
OG0003843	0	2	0	1	0	0	0	0	0	0	0	0	0	0	0	0	0
OG0003845	0	0	0	1	1	0	0	0	1	0	0	0	0	0	0	0	0
OG0003846	0	0	-1	0	-1	0	0	0	0	0	0	0	0	0	-1	0	0
OG0003847	0	1	0	1	1	0	0	0	0	0	0	0	0	0	0	0	0
OG0003848	0	1	0	1	1	0	0	0	0	0	0	0	0	0	0	0	0
OG0003850	0	8	-1	1	-1	0	0	0	0	0	0	0	0	0	-1	0	0
OG0003852	1	0	0	1	0	0	0	0	0	0	-1	0	0	0	0	0	0
OG0003853	0	3	0	1	0	0	0	0	-1	0	0	0	0	0	0	0	0
OG0003854	0	0	-1	0	-1	0	0	0	0	0	0	0	0	0	-1	0	0
OG0003855	0	0	-1	0	-1	0	0	0	0	0	0	0	0	0	-1	0	0
OG0003856	0	2	0	1	0	0	0	0	0	0	0	0	0	0	0	0	0
OG0003857	0	3	0	1	0	0	0	0	-1	0	0	0	0	0	0	0	0
OG0003858	0	-1	-1	0	0	0	0	0	0	0	0	0	0	0	-1	0	0
OG0003859	0	0	0	1	-1	0	0	0	1	0	0	0	0	0	0	0	1
OG0003860	0	0	0	0	1	0	0	0	0	0	0	0	0	1	0	0	0
OG0003861	0	1	0	1	1	0	0	0	0	0	0	0	0	0	0	0	0
OG0003863	0	1	0	1	1	0	0	0	0	0	0	0	0	0	0	0	0
OG0003864	0	0	0	0	0	0	0	0	0	0	0	0	1	0	0	0	0
OG0003865	0	0	0	1	0	0	0	0	0	0	0	0	0	0	0	0	1
OG0003866	0	1	0	1	1	0	0	0	0	0	0	0	0	0	0	0	0
OG0003867	0	2	0	1	0	0	0	0	0	0	0	0	0	0	0	0	0
OG0003868	0	2	0	1	0	0	0	0	0	0	0	0	0	0	0	0	0
OG0003869	0	1	0	0	2	0	0	0	0	0	0	0	0	0	0	0	0
OG0003870	0	2	0	1	-1	0	0	0	0	0	0	0	0	0	-2	0	0
OG0003871	0	2	0	1	0	0	0	0	0	0	0	0	0	0	0	0	0
OG0003872	0	2	0	1	0	0	0	0	0	0	0	0	0	0	0	0	0
OG0003873	0	1	0	1	1	0	0	0	0	0	0	0	0	0	0	0	0
OG0003875	0	1	0	1	1	0	0	0	0	0	0	0	0	0	0	0	0
OG0003876	-1	1	0	2	0	0	0	0	0	0	0	0	0	0	-2	0	0
OG0003877	0	3	0	1	-1	0	0	0	0	0	0	0	0	0	0	0	0
OG0003879	0	0	0	1	1	0	0	0	1	0	0	0	0	0	0	0	0
OG0003881	0	4	0	0	-1	0	0	0	0	0	0	0	0	0	0	0	0
OG0003882	0	2	0	1	0	0	0	0	0	0	0	0	0	0	0	0	0
OG0003883	1	1	0	1	-1	0	0	0	0	0	-1	0	0	0	0	0	0
OG0003884	0	1	0	0	-1	0	0	-1	0	0	0	0	0	0	1	0	0
OG0003886	0	-1	-1	0	0	0	0	0	0	0	0	0	0	0	-1	0	0
OG0003887	0	2	0	1	0	0	0	0	0	0	0	0	0	0	0	0	0
OG0003888	0	2	0	0	1	0	0	0	0	0	0	0	0	0	0	0	0
OG0003889	0	0	0	0	3	0	0	0	0	0	0	0	0	0	0	0	0
OG0003890	0	-1	-1	0	0	0	0	0	-1	0	-1	0	0	0	-1	0	0
OG0003891	0	4	0	0	0	0	0	0	-1	0	0	0	0	0	0	0	0
OG0003892	0	1	-1	0	-2	0	0	0	0	0	0	0	0	0	-1	0	0
OG0003893	0	0	-1	-1	1	0	0	-1	0	0	0	0	0	0	-1	0	0
OG0003894	0	3	0	0	0	0	0	0	0	0	0	0	0	0	0	0	0
OG0003895	0	-1	-1	0	0	0	0	0	0	0	0	0	0	0	-1	0	0
OG0003896	1	1	0	0	0	0	0	0	0	0	-1	0	0	0	0	0	0
OG0003897	0	0	0	0	1	0	0	0	0	0	0	0	0	1	0	0	0
OG0003898	0	1	2	0	0	0	0	0	0	0	0	0	0	0	0	0	0
OG0003899	0	1	0	1	1	0	0	0	0	0	0	0	0	0	0	0	0
OG0003900	0	1	0	1	-1	0	0	0	0	0	0	0	0	0	0	0	1
OG0003901	0	1	0	1	1	0	0	0	0	0	0	0	0	0	0	0	0
OG0003904	0	2	0	1	0	0	0	0	0	0	0	0	0	0	0	0	0
OG0003905	-1	0	0	0	-1	0	0	0	0	0	0	0	0	0	-1	0	0
OG0003906	0	1	0	1	1	0	0	0	0	0	0	0	0	0	0	0	0
OG0003907	0	2	0	1	0	0	0	0	0	0	0	0	0	0	0	0	0
OG0003908	0	0	0	1	1	0	1	0	0	0	0	0	0	0	0	0	0
OG0003909	0	0	0	0	1	0	0	0	0	0	0	0	0	1	0	0	0
OG0003910	0	1	0	1	0	0	1	0	0	0	0	0	0	0	0	0	0
OG0003911	0	1	0	1	1	0	0	0	0	0	0	0	0	0	0	0	0
OG0003912	0	-1	-1	0	0	0	0	0	0	0	0	0	0	0	-1	0	0
OG0003913	0	2	0	0	1	0	0	0	0	0	0	0	0	0	0	0	0
OG0003914	0	1	0	1	1	0	0	0	0	0	0	0	0	0	0	0	0
OG0003915	0	3	0	0	0	0	0	0	0	0	0	0	0	0	0	0	0
OG0003916	0	0	2	1	0	0	0	0	0	0	0	0	0	0	0	0	0
OG0003917	0	5	0	0	-1	0	-1	0	0	0	0	0	0	0	0	0	0
OG0003918	0	-1	0	1	1	0	1	0	0	0	-1	0	0	0	0	0	0
OG0003919	0	0	0	0	2	0	0	0	0	0	-1	0	0	0	0	0	0
OG0003920	-1	1	1	-1	2	0	0	0	0	0	0	0	0	0	-2	0	0
OG0003921	0	-1	0	3	0	0	0	0	0	0	-1	0	0	0	0	0	0
OG0003922	0	1	0	0	1	0	-1	0	0	0	0	0	0	1	0	0	0
OG0003925	0	2	0	1	0	0	0	0	0	0	0	0	0	0	0	0	0
OG0003926	0	3	0	0	0	0	0	0	0	0	0	0	0	0	0	0	0
OG0003927	0	4	0	0	-2	0	0	0	0	0	0	0	0	0	-2	0	0
OG0003928	0	1	0	1	1	0	0	0	0	0	0	0	0	0	0	0	0
OG0003929	0	1	0	0	1	0	0	0	1	0	0	0	0	0	0	0	0
OG0003930	0	1	0	1	0	0	1	0	0	0	0	0	0	0	0	0	0
OG0003933	0	1	0	1	1	0	0	0	0	0	0	0	0	0	0	0	0
OG0003935	0	-1	-1	0	0	0	0	0	0	0	0	0	0	0	-1	0	0
OG0003937	0	2	0	1	0	0	0	0	0	0	0	0	0	0	0	0	0
OG0003938	0	2	0	1	0	0	0	0	0	0	0	0	0	0	0	0	0
OG0003939	0	0	0	0	1	0	0	0	0	0	0	0	0	1	0	0	0
OG0003940	0	1	0	1	1	0	0	0	0	0	0	0	0	0	0	0	0
OG0003941	0	-1	-1	0	0	0	0	0	0	0	0	0	0	0	-1	0	0
OG0003943	0	3	0	1	0	0	0	0	-1	0	0	0	0	0	0	0	0
OG0003944	0	1	0	0	2	0	0	0	0	0	0	0	0	0	0	0	0
OG0003945	0	3	0	1	0	0	0	0	-1	0	0	0	0	0	0	0	0
OG0003946	1	0	0	0	0	0	0	0	0	0	-2	0	0	0	0	0	0
OG0003947	0	2	0	1	0	0	0	0	0	0	0	0	0	0	0	0	0
OG0003948	-1	0	1	2	0	0	0	0	0	0	0	0	0	0	-2	0	0
OG0003949	0	0	-1	0	-1	0	0	0	0	0	0	0	0	0	-1	0	0
OG0003950	0	1	0	1	0	0	0	1	0	0	0	0	0	0	0	0	0
OG0003953	-1	0	-1	1	0	0	0	0	-1	0	0	0	0	0	-1	0	0
OG0003954	0	2	0	1	0	0	0	0	0	0	0	0	0	0	0	0	0
OG0003955	0	2	0	1	0	0	0	0	0	0	0	0	0	0	0	0	0
OG0003956	0	3	0	0	0	0	0	0	0	0	0	0	0	0	0	0	0
OG0003957	0	0	0	0	1	0	0	0	0	0	0	0	0	1	0	0	0
OG0003958	0	0	0	1	1	0	0	0	1	0	0	0	0	0	0	0	0
OG0003959	1	1	0	1	-1	0	0	0	0	0	-1	0	0	0	0	0	0
OG0003960	0	1	0	1	1	0	0	0	0	0	0	0	0	0	0	0	0
OG0003962	0	0	-1	0	-1	0	0	0	0	0	0	0	0	0	-1	0	0
OG0003964	0	3	0	0	0	0	0	0	0	0	0	0	0	0	0	0	0
OG0003965	2	0	0	0	-1	0	0	0	0	0	-2	0	0	0	0	0	0
OG0003967	0	2	0	1	0	0	0	0	0	0	0	0	0	0	0	0	0
OG0003968	0	2	0	0	0	0	0	1	0	0	0	0	0	0	0	0	0
OG0003969	1	0	0	0	1	0	0	0	0	0	-1	0	0	0	0	0	0
OG0003970	0	2	0	1	0	0	0	0	0	0	0	0	0	0	0	0	0
OG0003971	0	0	0	1	0	0	1	0	0	0	-1	0	0	0	0	0	0
OG0003972	1	0	0	1	0	0	0	0	0	0	-1	0	0	0	0	0	0
OG0003973	0	1	0	1	1	0	0	0	0	0	0	0	0	0	0	0	0
OG0003975	0	2	0	0	1	0	0	0	0	0	0	0	0	0	0	0	0
OG0003976	-1	0	0	0	-1	0	0	0	0	0	0	0	0	0	-1	0	0
OG0003977	0	2	0	1	0	0	0	0	0	0	0	0	0	0	0	0	0
OG0003978	0	2	0	0	1	0	0	0	0	0	0	0	0	0	0	0	0
OG0003979	0	3	-1	1	0	0	0	0	0	0	0	0	0	0	0	0	0
OG0003980	0	1	0	1	1	0	0	0	0	0	0	0	0	0	0	0	0
OG0003981	0	0	0	1	1	0	0	0	1	0	0	0	0	0	0	0	0
OG0003982	0	0	0	0	1	0	0	0	0	0	0	0	0	1	0	0	0
OG0003983	0	0	0	0	3	0	0	0	0	0	0	0	0	0	0	0	0
OG0003984	0	1	0	1	0	0	1	0	0	0	0	0	0	0	0	0	0
OG0003985	0	-1	-1	0	0	0	0	0	0	0	0	0	0	0	-1	0	0
OG0003986	0	2	0	1	0	0	0	0	0	0	0	0	0	0	0	0	0
OG0003987	0	0	0	0	1	0	0	0	0	0	0	0	0	1	0	0	0
OG0003989	0	0	0	0	1	0	0	0	0	0	0	0	0	1	0	0	0
OG0003990	0	2	0	0	1	0	0	0	0	0	0	0	0	0	0	0	0
OG0003991	0	0	0	0	0	0	0	0	0	0	0	0	1	0	0	0	0
OG0003993	0	1	0	1	1	0	0	0	0	0	0	0	0	0	0	0	0
OG0003995	0	2	0	1	0	0	0	0	0	0	0	0	0	0	0	0	0
OG0003996	0	2	0	1	0	0	0	0	0	0	0	0	0	0	0	0	0
OG0003997	0	2	0	1	0	0	0	0	0	0	0	0	0	0	0	0	0
OG0003998	0	4	0	0	0	0	0	0	-1	0	0	0	0	0	0	0	0
OG0003999	0	2	0	1	0	0	0	0	0	0	0	0	0	0	0	0	0
OG0004000	0	1	0	1	1	0	0	0	0	0	0	0	0	0	0	0	0
OG0004001	0	3	0	0	0	0	0	0	0	0	0	0	0	0	0	0	0
OG0004002	0	0	0	1	0	0	0	0	0	0	0	0	0	1	0	0	0
OG0004003	0	0	0	0	2	0	-1	0	0	0	0	0	0	1	0	0	0
OG0004004	0	0	0	0	1	0	0	0	0	0	0	0	0	1	0	0	0
OG0004005	0	2	0	1	0	0	0	0	0	0	0	0	0	0	0	0	0
OG0004006	0	3	0	0	0	0	0	0	0	0	0	0	0	0	0	0	0
OG0004008	0	0	0	0	1	0	0	0	0	0	0	0	0	1	0	0	0
OG0004010	0	0	0	1	1	0	0	0	1	0	0	0	0	0	0	0	0
OG0004011	0	-1	-1	0	0	0	0	0	0	0	0	0	0	0	-1	0	0
OG0004012	0	1	0	1	1	0	0	0	0	0	0	0	0	0	0	0	0
OG0004013	0	0	0	0	3	0	0	0	0	0	0	0	0	0	0	0	0
OG0004015	0	-1	-1	0	0	0	0	0	0	0	0	0	0	0	-1	0	0
OG0004016	0	1	1	0	1	0	0	0	0	0	0	0	0	0	0	0	0
OG0004018	0	0	1	1	0	0	0	0	1	0	0	0	0	0	0	0	0
OG0004019	0	1	0	1	1	0	0	0	0	0	0	0	0	0	0	0	0
OG0004020	0	0	0	0	1	0	0	0	0	0	0	0	0	1	0	0	0
OG0004021	0	1	0	1	1	0	0	0	0	0	0	0	0	0	0	0	0
OG0004022	0	0	0	1	1	0	1	0	0	0	0	0	0	0	0	0	0
OG0004023	0	3	0	0	0	0	0	0	0	0	0	0	0	0	0	0	0
OG0004024	0	2	0	0	0	0	0	0	0	0	-1	0	0	0	0	0	0
OG0004025	0	3	0	1	-1	0	0	0	0	0	0	0	0	0	0	0	0
OG0004026	0	1	0	0	1	0	0	0	0	0	-1	0	0	0	0	0	0
OG0004028	0	0	0	1	0	0	0	0	2	0	0	0	0	0	0	0	0
OG0004029	0	0	0	0	1	0	0	0	0	0	0	0	0	1	0	0	0
OG0004030	0	2	0	0	0	0	0	0	0	0	-1	0	0	0	0	0	0
OG0004031	0	0	0	0	1	0	0	0	0	0	0	0	0	1	0	0	0
OG0004032	1	-1	0	0	1	0	0	0	0	0	-2	0	0	0	0	0	0
OG0004033	0	0	0	1	0	0	0	0	2	0	0	0	0	0	0	0	0
OG0004034	0	2	0	1	0	0	0	0	0	0	0	0	0	0	0	0	0
OG0004035	0	1	0	0	2	0	0	0	0	0	0	0	0	0	0	0	0
OG0004036	0	1	0	1	1	0	0	0	0	0	0	0	0	0	0	0	0
OG0004038	0	1	0	1	1	0	0	0	0	0	0	0	0	0	0	0	0
OG0004039	0	-1	-1	0	0	0	0	0	0	0	0	0	0	0	-1	0	0
OG0004040	0	2	0	1	0	0	0	0	0	0	0	0	0	0	0	0	0
OG0004041	0	-1	-1	0	0	0	0	0	0	0	0	0	0	0	-1	0	0
OG0004042	0	2	0	0	1	0	0	0	0	0	0	0	0	0	0	0	0
OG0004043	0	0	0	0	2	0	0	0	1	0	0	0	0	0	0	0	0
OG0004044	0	1	-1	0	-2	0	0	0	0	0	0	0	0	0	-1	0	0
OG0004045	0	1	0	0	0	0	0	0	1	0	-1	0	0	0	0	0	0
OG0004046	0	1	0	0	1	0	-1	0	0	0	0	0	0	1	0	0	0
OG0004047	0	1	0	1	1	0	0	0	0	0	0	0	0	0	0	0	0
OG0004048	0	1	0	0	1	0	-1	0	0	0	0	0	0	1	0	0	0
OG0004049	0	2	0	1	0	0	0	0	0	0	0	0	0	0	0	0	0
OG0004050	0	2	0	1	0	0	0	0	0	0	0	0	0	0	0	0	0
OG0004051	0	1	0	1	1	0	0	0	0	0	0	0	0	0	0	0	0
OG0004052	0	0	-1	0	-1	0	0	0	0	0	0	0	0	0	-1	0	0
OG0004053	1	0	0	1	0	0	0	0	0	0	-1	0	0	0	0	0	0
OG0004054	0	2	0	1	0	0	0	0	0	0	0	0	0	0	0	0	0
OG0004055	0	2	0	1	0	0	0	0	0	0	0	0	0	0	0	0	0
OG0004056	0	0	-1	0	0	0	0	0	0	0	0	0	0	0	1	0	0
OG0004057	0	2	0	1	0	0	0	0	0	0	0	0	0	0	0	0	0
OG0004058	0	0	0	1	1	1	0	0	0	0	0	0	0	0	0	0	0
OG0004060	0	2	0	1	0	0	0	0	0	0	0	0	0	0	0	0	0
OG0004061	0	-2	0	0	0	0	0	0	0	0	0	0	0	0	-1	0	0
OG0004064	0	-1	0	0	1	0	0	0	0	0	-1	0	0	1	0	0	0
OG0004065	0	2	0	1	0	0	0	0	0	0	0	0	0	0	0	0	0
OG0004066	0	1	0	1	0	0	1	0	0	0	0	0	0	0	0	0	0
OG0004067	0	1	0	1	1	0	0	0	0	0	0	0	0	0	0	0	0
OG0004068	0	1	0	1	1	0	0	0	0	0	0	0	0	0	0	0	0
OG0004069	0	0	0	0	2	0	1	0	0	0	0	0	0	0	0	0	0
OG0004070	0	1	0	1	1	0	0	0	0	0	0	0	0	0	0	0	0
OG0004071	0	2	0	0	0	0	0	0	0	0	-1	0	0	0	0	0	0
OG0004072	-1	0	0	0	-1	0	0	0	0	0	0	0	0	0	-1	0	0
OG0004073	0	3	0	1	-1	0	0	0	0	0	0	0	0	0	0	0	0
OG0004074	0	0	-1	0	-1	0	0	0	0	0	0	0	0	0	-1	0	0
OG0004075	0	1	0	1	1	0	0	0	0	0	0	0	0	0	0	0	0
OG0004076	0	0	0	0	1	0	0	0	0	0	0	0	0	1	0	0	0
OG0004077	0	2	0	0	1	0	0	0	0	0	0	0	0	0	0	0	0
OG0004078	1	-1	2	0	0	0	0	0	0	0	-1	0	0	0	0	0	0
OG0004079	0	3	0	0	0	-1	0	0	0	0	-1	0	0	0	0	0	0
OG0004080	0	0	0	0	0	0	0	0	0	0	0	0	0	-1	-1	0	0
OG0004081	0	0	0	0	1	0	0	0	0	0	0	0	0	1	0	0	0
OG0004082	0	-2	2	0	-2	0	0	0	0	0	0	0	0	0	-1	0	0
OG0004083	0	1	0	1	1	0	0	0	0	0	0	0	0	0	0	0	0
OG0004084	0	-1	-1	0	0	0	0	0	0	0	0	0	0	0	-1	0	0
OG0004085	0	0	-1	1	-2	0	0	0	0	0	0	0	0	0	-1	0	0
OG0004087	0	0	0	0	0	0	0	0	0	0	0	0	1	0	0	0	0
OG0004088	0	0	-1	0	-1	0	0	0	0	0	0	0	0	0	-1	0	0
OG0004089	0	0	2	1	0	0	0	0	0	0	0	0	0	0	0	0	0
OG0004090	0	2	0	0	0	0	0	0	0	0	-1	0	0	0	0	0	0
OG0004091	0	0	0	0	2	0	0	0	0	0	-1	0	0	0	0	0	0
OG0004092	0	2	0	1	0	0	0	0	0	0	0	0	0	0	0	0	0
OG0004093	0	0	0	0	1	0	0	0	0	0	0	0	0	1	0	0	0
OG0004094	0	1	0	0	1	0	0	1	0	0	0	0	0	0	0	0	0
OG0004095	0	3	0	0	0	0	0	0	0	0	0	0	0	0	0	0	0
OG0004096	0	0	0	0	0	0	0	0	0	0	0	0	1	0	0	0	0
OG0004097	0	1	0	1	1	0	0	0	0	0	0	0	0	0	0	0	0
OG0004098	0	2	0	1	0	0	0	0	0	0	0	0	0	0	0	0	0
OG0004099	0	1	0	1	1	0	0	0	0	0	0	0	0	0	0	0	0
OG0004100	0	-1	-1	0	0	0	0	0	0	0	0	0	0	0	-1	0	0
OG0004102	0	0	0	0	1	0	0	0	0	0	0	0	0	1	0	0	0
OG0004103	0	1	0	1	1	0	0	0	0	0	0	0	0	0	0	0	0
OG0004104	0	3	0	1	-1	0	0	0	0	0	0	0	0	0	0	0	0
OG0004106	0	1	0	1	1	0	0	0	0	0	0	0	0	0	0	0	0
OG0004107	0	0	0	1	0	0	1	0	1	0	0	0	0	0	0	0	0
OG0004108	0	0	0	0	1	0	0	0	0	0	0	0	0	1	0	0	0
OG0004109	0	0	-1	0	2	0	0	0	0	0	0	0	0	1	0	0	0
OG0004110	0	1	0	1	1	0	0	0	0	0	0	0	0	0	0	0	0
OG0004111	-1	0	0	0	3	0	0	0	0	0	0	0	0	0	-2	0	0
OG0004112	0	1	0	1	0	0	0	1	0	0	0	0	0	0	0	0	0
OG0004114	0	3	0	0	0	0	0	0	0	0	0	0	0	0	0	0	0
OG0004116	0	0	0	1	1	0	1	0	0	0	0	0	0	0	0	0	0
OG0004117	-1	0	0	0	-1	0	0	0	0	0	0	0	0	0	-1	0	0
OG0004118	0	0	0	0	1	0	0	0	0	0	0	0	0	1	0	0	0
OG0004119	0	-1	-1	0	0	0	0	0	0	0	0	0	0	0	-1	0	0
OG0004120	0	2	0	1	0	0	0	0	0	0	0	0	0	0	0	0	0
OG0004121	0	1	0	1	0	0	0	0	1	0	0	0	0	0	0	0	0
OG0004123	0	2	0	1	0	0	0	0	0	0	0	0	0	0	0	0	0
OG0004124	0	2	0	1	0	0	0	0	0	0	0	0	0	0	0	0	0
OG0004125	0	1	0	0	0	0	2	0	0	0	0	0	0	0	0	0	0
OG0004128	0	1	0	-1	3	0	0	0	0	0	0	0	0	0	0	0	0
OG0004134	0	5	0	0	0	0	0	0	0	0	0	0	0	-1	0	0	0
OG0004136	0	1	1	0	0	0	0	0	-1	0	0	0	0	-1	1	0	0
OG0004137	0	3	0	-1	1	0	0	0	0	0	0	0	0	0	0	0	0
OG0004138	0	5	0	0	0	0	0	0	0	0	0	0	0	-1	0	0	0
OG0004139	0	0	1	-1	3	0	0	0	0	0	0	0	0	0	0	0	0
OG0004142	0	5	0	0	0	0	0	0	0	0	-1	0	-1	0	0	0	0
OG0004145	0	4	0	0	0	0	0	0	1	0	0	0	0	-1	0	0	0
OG0004150	0	2	0	-1	2	0	0	0	0	0	0	0	0	0	0	0	0
OG0004151	0	1	2	-1	1	0	0	0	0	0	0	0	0	0	0	0	0
OG0004153	2	-1	-1	-1	2	0	0	0	0	0	-2	0	0	0	0	0	0
OG0004178	0	10	0	0	0	0	0	0	0	0	0	0	-1	0	-1	0	0
OG0004183	0	5	0	0	0	0	0	0	0	0	-1	0	0	-2	-2	0	0
OG0004193	0	10	0	0	0	0	0	0	0	0	0	0	-1	0	-1	0	0
OG0004207	0	0	0	0	1	0	0	0	0	0	-1	0	0	0	0	0	0
OG0004208	0	1	0	1	0	0	0	0	0	0	0	0	0	0	0	0	0
OG0004211	0	2	-1	1	0	0	0	0	0	0	0	0	0	0	0	0	0
OG0004213	0	0	0	0	1	0	0	0	1	0	0	0	0	0	0	0	0
OG0004214	0	1	0	1	0	0	0	0	0	0	0	0	0	0	0	0	0
OG0004215	0	1	0	1	0	0	0	0	0	0	0	0	0	0	0	0	0
OG0004216	0	0	0	1	1	0	0	0	0	0	0	0	0	0	0	0	0
OG0004217	0	0	0	0	2	0	0	0	0	0	0	0	0	0	0	0	0
OG0004218	0	3	-1	0	0	0	0	0	0	0	0	0	0	0	0	0	0
OG0004219	0	0	0	1	1	0	0	0	0	0	0	0	0	0	0	0	0
OG0004220	0	0	0	2	0	0	0	0	0	0	0	0	0	0	0	0	0
OG0004221	0	2	0	0	0	0	0	0	0	0	0	0	0	0	0	0	0
OG0004222	0	2	-2	-1	1	0	0	0	0	0	-1	0	0	0	-2	0	0
OG0004223	0	0	0	1	1	0	0	0	0	0	0	0	0	0	0	0	0
OG0004225	0	2	0	0	-1	0	0	0	0	0	-1	0	0	0	0	0	0
OG0004226	0	0	0	1	1	0	0	0	0	0	0	0	0	0	0	0	0
OG0004227	0	0	0	1	1	0	0	0	0	0	0	0	0	0	0	0	0
OG0004228	0	1	0	1	0	0	0	0	0	0	0	0	0	0	0	0	0
OG0004229	0	1	0	1	0	0	0	0	0	0	0	0	0	0	0	0	0
OG0004231	0	0	0	2	0	0	0	0	0	0	0	0	0	0	0	0	0
OG0004232	0	1	0	1	0	0	0	0	0	0	0	0	0	0	0	0	0
OG0004233	0	0	0	1	1	0	0	0	0	0	0	0	0	0	0	0	0
OG0004234	0	1	0	1	-1	0	0	-1	0	0	0	0	0	0	0	1	0
OG0004235	0	0	0	1	1	0	0	0	0	0	0	0	0	0	0	0	0
OG0004236	0	0	0	1	1	0	0	0	0	0	0	0	0	0	0	0	0
OG0004237	0	1	0	1	0	0	0	0	0	0	0	0	0	0	0	0	0
OG0004241	0	2	0	0	-1	0	0	0	0	0	-1	0	0	0	0	0	0
OG0004243	0	0	0	1	1	0	0	0	0	0	0	0	0	0	0	0	0
OG0004245	0	1	0	1	0	0	0	0	0	0	0	0	0	0	0	0	0
OG0004246	0	1	0	1	0	0	0	0	0	0	0	0	0	0	0	0	0
OG0004247	0	1	0	1	-1	0	0	0	0	0	-1	0	0	0	0	0	0
OG0004248	0	1	0	1	0	0	0	0	0	0	0	0	0	0	0	0	0
OG0004249	0	-1	0	1	-1	0	0	0	1	0	0	0	0	0	0	0	1
OG0004250	0	0	0	1	1	0	0	0	0	0	0	0	0	0	0	0	0
OG0004252	0	-1	-1	1	5	0	0	0	0	0	0	0	0	1	-1	0	0
OG0004253	0	1	0	1	0	0	0	0	0	0	0	0	0	0	0	0	0
OG0004254	0	1	0	1	0	0	0	0	0	0	0	0	0	0	0	0	0
OG0004255	0	1	0	1	0	0	0	0	0	0	0	0	0	0	0	0	0
OG0004256	0	0	0	1	1	0	0	0	0	0	0	0	0	0	0	0	0
OG0004258	0	0	0	1	0	0	0	0	0	0	-1	0	0	0	0	0	0
OG0004259	1	0	0	1	0	0	0	0	-1	0	-1	0	0	0	0	0	0
OG0004260	0	0	0	0	0	-1	0	0	0	0	0	0	0	0	-1	0	-1
OG0004261	0	0	0	0	0	0	1	0	0	0	-1	0	0	0	0	0	0
OG0004262	0	1	0	1	1	0	0	0	-1	0	0	0	0	0	0	0	0
OG0004263	0	0	0	1	1	0	0	0	0	0	0	0	0	0	0	0	0
OG0004264	0	1	0	1	0	0	0	0	0	0	0	0	0	0	0	0	0
OG0004265	0	1	0	1	0	0	0	0	0	0	0	0	0	0	0	0	0
OG0004268	0	1	0	1	0	0	0	0	0	0	0	0	0	0	0	0	0
OG0004269	0	0	0	1	1	0	0	0	0	0	0	0	0	0	0	0	0
OG0004270	0	2	0	0	0	0	0	0	0	0	0	0	0	0	0	0	0
OG0004271	0	0	1	1	0	0	0	0	0	0	0	0	0	0	0	0	0
OG0004272	0	1	0	1	1	0	0	0	-1	0	0	0	0	0	0	0	0
OG0004273	0	0	0	1	1	0	0	0	0	0	0	0	0	0	0	0	0
OG0004275	0	0	0	0	1	0	0	0	0	0	-1	0	0	0	0	0	0
OG0004278	0	0	0	1	0	0	0	0	0	0	-1	0	0	0	0	0	0
OG0004279	0	0	0	1	1	0	0	0	0	0	0	0	0	0	0	0	0
OG0004280	0	0	0	1	1	0	0	0	0	0	0	0	0	0	0	0	0
OG0004281	0	0	-1	1	1	0	0	0	0	0	-1	0	0	0	0	0	0
OG0004282	0	1	0	1	0	0	0	0	0	0	0	0	0	0	0	0	0
OG0004283	0	1	0	1	-1	0	0	0	0	0	-1	0	0	0	0	0	0
OG0004284	0	2	0	0	0	0	0	0	0	0	0	0	0	0	0	0	0
OG0004285	0	2	0	1	-1	0	0	0	0	0	0	0	0	0	0	0	0
OG0004286	0	1	0	1	0	0	0	0	0	0	0	0	0	0	0	0	0
OG0004287	0	1	0	1	0	0	0	0	0	0	0	0	0	0	0	0	0
OG0004288	0	0	-1	0	1	0	0	0	0	0	0	0	0	1	0	0	0
OG0004289	0	0	0	1	0	0	0	0	0	0	-1	0	0	0	0	0	0
OG0004290	0	1	0	1	0	0	0	0	0	0	0	0	0	0	0	0	0
OG0004291	0	0	0	1	1	0	0	0	0	0	0	0	0	0	0	0	0
OG0004292	0	2	0	0	0	0	0	0	0	0	0	0	0	0	0	0	0
OG0004293	0	1	0	0	1	0	0	0	0	0	0	0	0	0	0	0	0
OG0004294	0	2	0	1	-1	0	0	0	0	0	0	0	0	0	0	0	0
OG0004295	0	0	0	1	0	0	0	0	0	0	-1	0	0	0	0	0	0
OG0004296	0	2	0	0	0	0	0	0	0	0	0	0	0	0	0	0	0
OG0004297	0	1	0	1	1	0	0	0	-1	0	0	0	0	0	0	0	0
OG0004298	0	2	0	0	0	0	0	0	0	0	0	0	0	0	0	0	0
OG0004299	0	0	0	0	1	0	0	-1	0	0	0	0	0	1	0	0	0
OG0004300	0	0	0	1	1	0	0	0	0	0	0	0	0	0	0	0	0
OG0004301	0	0	-1	0	1	0	0	0	0	0	0	0	0	1	0	0	0
OG0004302	0	0	0	1	1	0	0	0	0	0	0	0	0	0	0	0	0
OG0004303	0	0	0	1	0	0	0	0	0	0	-1	0	0	0	0	0	0
OG0004304	0	0	0	1	1	0	0	0	0	0	0	0	0	0	0	0	0
OG0004306	0	1	1	0	0	0	0	0	0	0	0	0	0	0	0	0	0
OG0004307	0	1	0	1	1	0	-1	0	0	0	0	0	0	0	0	0	0
OG0004308	0	1	0	0	1	0	0	0	0	0	0	0	0	0	0	0	0
OG0004310	0	1	0	1	0	0	0	0	0	0	0	0	0	0	0	0	0
OG0004311	0	0	-1	0	1	0	0	0	0	0	0	0	0	1	0	0	0
OG0004312	0	1	0	1	-1	0	0	0	0	0	-1	0	0	0	0	0	0
OG0004313	0	1	0	1	1	0	-1	0	0	0	0	0	0	0	0	0	0
OG0004315	0	0	1	1	0	0	0	0	0	0	0	0	0	0	0	0	0
OG0004320	0	1	0	0	1	0	0	0	0	0	0	0	0	0	0	0	0
OG0004322	0	0	0	1	1	0	0	0	0	0	0	0	0	0	0	0	0
OG0004325	0	0	0	1	1	0	0	0	0	0	0	0	0	0	0	0	0
OG0004326	0	0	0	1	-1	0	1	0	0	0	-1	0	0	0	0	0	0
OG0004327	0	-1	-1	0	0	0	-1	0	0	0	0	0	0	0	-1	0	0
OG0004328	0	1	0	0	0	0	1	0	-1	0	-1	0	0	0	0	0	0
OG0004329	0	0	0	1	1	0	0	0	0	0	0	0	0	0	0	0	0
OG0004331	0	0	0	1	1	0	0	0	0	0	0	0	0	0	0	0	0
OG0004332	0	0	1	1	0	0	0	0	0	0	0	0	0	0	0	0	0
OG0004333	0	1	0	0	0	0	0	0	0	0	-1	0	0	0	0	0	0
OG0004334	0	1	0	1	0	0	0	0	0	0	0	0	0	0	0	0	0
OG0004335	0	1	0	1	0	0	0	0	0	0	0	0	0	0	0	0	0
OG0004336	0	1	0	1	1	0	-1	0	0	0	0	0	0	0	0	0	0
OG0004337	0	1	0	1	0	0	0	0	0	0	0	0	0	0	0	0	0
OG0004338	0	1	0	1	0	0	0	0	0	0	0	0	0	0	0	0	0
OG0004339	0	0	0	1	0	0	0	1	0	0	0	0	0	0	0	0	0
OG0004340	0	1	-1	1	1	0	0	0	0	0	0	0	0	0	0	0	0
OG0004341	0	0	0	0	2	0	0	0	0	0	0	0	0	0	0	0	0
OG0004345	0	1	0	1	0	0	0	0	0	0	0	0	0	0	0	0	0
OG0004347	0	0	0	1	1	0	0	0	0	0	0	0	0	0	0	0	0
OG0004348	0	0	0	1	1	0	0	0	0	0	0	0	0	0	0	0	0
OG0004349	0	0	0	2	-1	0	0	0	1	0	0	0	0	0	0	0	0
OG0004350	0	0	0	1	1	0	0	0	0	0	0	0	0	0	0	0	0
OG0004351	0	0	0	1	1	0	0	0	0	0	0	0	0	0	0	0	0
OG0004352	0	2	0	1	-1	0	0	0	0	0	0	0	0	0	0	0	0
OG0004355	0	0	0	1	1	0	0	0	0	0	0	0	0	0	0	0	0
OG0004356	0	1	0	1	0	0	0	0	0	0	0	0	0	0	0	0	0
OG0004357	0	1	0	1	0	0	0	0	0	0	0	0	0	0	0	0	0
OG0004358	0	0	0	1	1	0	0	0	0	0	0	0	0	0	0	0	0
OG0004359	0	0	0	1	-1	0	0	0	2	0	0	0	0	0	0	0	0
OG0004360	0	1	0	1	0	0	0	0	0	0	0	0	0	0	0	0	0
OG0004361	0	3	0	0	-1	0	0	0	0	0	0	0	0	0	0	0	0
OG0004362	0	0	0	1	1	0	0	0	0	0	0	0	0	0	0	0	0
OG0004363	0	2	0	0	0	0	0	0	0	0	0	0	0	0	0	0	0
OG0004364	0	2	0	0	0	0	0	0	0	0	0	0	0	0	0	0	0
OG0004365	0	0	0	0	2	0	0	0	0	0	0	0	0	0	0	0	0
OG0004366	0	1	0	0	1	0	0	0	0	0	0	0	0	0	0	0	0
OG0004367	0	0	0	1	1	0	0	0	0	0	0	0	0	0	0	0	0
OG0004368	0	1	0	1	0	0	0	0	0	0	0	0	0	0	0	0	0
OG0004369	0	0	0	0	1	0	0	0	0	0	-1	0	0	0	0	0	0
OG0004370	0	0	1	0	0	0	1	0	0	0	0	0	0	0	0	0	0
OG0004372	0	0	0	1	1	0	0	0	0	0	0	0	0	0	0	0	0
OG0004373	0	0	0	0	1	0	0	0	0	0	-1	0	0	0	0	0	0
OG0004374	0	1	0	0	1	0	0	0	0	0	0	0	0	0	0	0	0
OG0004375	0	0	0	1	1	0	0	0	0	0	0	0	0	0	0	0	0
OG0004377	0	1	0	1	0	0	0	0	0	0	0	0	0	0	0	0	0
OG0004378	0	0	0	1	1	0	0	0	0	0	0	0	0	0	0	0	0
OG0004379	0	1	0	1	0	0	0	0	0	0	0	0	0	0	0	0	0
OG0004381	0	1	0	1	0	0	0	0	0	0	0	0	0	0	0	0	0
OG0004384	0	1	0	1	0	0	0	0	0	0	0	0	0	0	0	0	0
OG0004385	0	1	0	1	0	0	0	0	0	0	0	0	0	0	0	0	0
OG0004386	0	0	1	0	1	0	0	0	0	0	0	0	0	0	0	0	0
OG0004387	0	1	0	1	0	0	0	0	0	0	0	0	0	0	0	0	0
OG0004388	0	1	0	2	-1	0	0	0	0	0	0	0	0	0	0	0	0
OG0004389	0	1	0	1	0	0	0	0	0	0	0	0	0	0	0	0	0
OG0004390	0	1	0	0	1	0	0	0	0	0	0	0	0	0	0	0	0
OG0004391	0	0	0	1	1	0	0	0	0	0	0	0	0	0	0	0	0
OG0004392	0	0	0	1	1	0	0	0	0	0	0	0	0	0	0	0	0
OG0004393	0	0	-1	0	1	0	0	0	0	0	0	0	0	1	0	0	0
OG0004394	0	1	0	1	0	0	0	0	0	0	0	0	0	0	0	0	0
OG0004395	0	1	0	1	0	0	0	0	0	0	0	0	0	0	0	0	0
OG0004396	0	0	0	1	1	0	0	0	0	0	0	0	0	0	0	0	0
OG0004397	0	0	0	1	1	0	0	0	0	0	0	0	0	0	0	0	0
OG0004398	0	1	0	1	1	0	0	0	-1	0	0	0	0	0	0	0	0
OG0004403	0	0	0	0	2	0	0	0	0	0	0	0	0	0	0	0	0
OG0004405	0	0	0	0	0	0	0	0	0	0	0	0	0	0	0	0	1
OG0004407	0	1	0	1	0	0	0	0	0	0	0	0	0	0	0	0	0
OG0004408	0	0	0	1	-1	0	1	0	0	0	-1	0	0	0	0	0	0
OG0004409	0	0	-1	0	1	0	0	0	0	0	0	0	0	1	0	0	0
OG0004410	0	0	0	1	1	0	0	0	0	0	0	0	0	0	0	0	0
OG0004411	0	0	0	1	0	0	1	0	0	0	0	0	0	0	0	0	0
OG0004412	0	2	0	0	0	0	0	0	0	0	0	0	0	0	0	0	0
OG0004413	0	0	0	0	1	0	0	0	0	0	-1	0	0	0	0	0	0
OG0004414	0	2	0	1	-1	0	0	0	0	0	0	0	0	0	0	0	0
OG0004415	0	1	0	0	1	0	0	0	0	0	0	0	0	0	0	0	0
OG0004416	0	0	-1	0	-1	0	0	0	-1	0	0	0	0	0	-1	0	0
OG0004417	0	0	0	0	0	0	1	0	0	0	-1	0	0	0	0	0	0
OG0004418	0	1	0	1	-1	0	0	0	0	0	-1	0	0	0	0	0	0
OG0004419	0	0	0	1	-1	0	0	1	0	0	-1	0	0	0	0	0	0
OG0004420	0	1	0	1	0	0	0	0	0	0	0	0	0	0	0	0	0
OG0004421	0	2	0	0	0	0	0	0	0	0	0	0	0	0	0	0	0
OG0004422	0	0	0	1	1	0	0	0	0	0	0	0	0	0	0	0	0
OG0004423	0	1	0	1	0	0	0	0	0	0	0	0	0	0	0	0	0
OG0004424	0	2	0	0	0	0	0	0	0	0	0	0	0	0	0	0	0
OG0004425	0	0	0	1	1	0	0	0	0	0	0	0	0	0	0	0	0
OG0004426	0	0	0	1	0	0	0	0	0	0	-1	0	0	0	0	0	0
OG0004427	0	0	0	1	1	0	0	0	0	0	0	0	0	0	0	0	0
OG0004428	0	0	0	1	0	0	0	0	0	0	-1	0	0	0	0	0	0
OG0004429	0	0	0	1	0	0	0	0	0	0	-1	0	0	0	0	0	0
OG0004430	0	1	0	1	0	0	0	0	0	0	0	0	0	0	0	0	0
OG0004431	0	0	0	2	0	0	0	0	0	0	0	0	0	0	0	0	0
OG0004433	0	1	0	0	0	0	0	0	0	0	-1	0	0	0	0	0	0
OG0004434	0	0	0	0	1	0	1	0	0	0	0	0	0	0	0	0	0
OG0004436	0	0	0	1	1	0	0	0	0	0	0	0	0	0	0	0	0
OG0004437	0	1	0	1	0	0	0	0	0	0	0	0	0	0	0	0	0
OG0004438	0	2	0	1	-1	0	0	0	0	0	0	0	0	0	0	0	0
OG0004439	0	0	0	1	1	0	0	0	0	0	0	0	0	0	0	0	0
OG0004440	0	3	0	0	0	0	0	0	-1	0	0	0	0	0	0	0	0
OG0004441	0	1	0	0	1	0	0	0	0	0	0	0	0	0	0	0	0
OG0004442	0	0	0	1	1	0	0	0	0	0	0	0	0	0	0	0	0
OG0004443	0	1	0	1	0	0	0	0	0	0	0	0	0	0	0	0	0
OG0004445	0	0	0	1	0	0	0	0	0	0	-1	0	0	0	0	0	0
OG0004446	0	1	0	1	0	0	0	0	0	0	0	0	0	0	0	0	0
OG0004447	0	0	0	2	0	0	0	0	-1	0	-1	0	0	0	0	0	0
OG0004448	0	-1	0	0	3	0	0	0	0	0	0	0	0	0	0	0	0
OG0004449	0	1	0	1	-1	0	0	0	0	0	-1	0	0	0	0	0	0
OG0004451	0	0	-1	2	-1	0	0	0	0	0	-1	0	0	0	-2	0	0
OG0004452	0	1	0	0	1	0	0	0	0	0	0	0	0	0	0	0	0
OG0004455	0	0	0	1	1	0	0	0	0	0	0	0	0	0	0	0	0
OG0004457	0	0	0	1	0	1	0	0	0	0	0	0	0	0	0	0	0
OG0004458	0	0	0	1	0	0	0	0	0	0	-1	0	0	0	0	0	0
OG0004460	0	1	0	1	-1	0	0	0	0	0	-1	0	0	0	0	0	0
OG0004461	0	0	0	1	1	0	0	0	0	0	0	0	0	0	0	0	0
OG0004462	0	0	0	1	0	0	0	0	0	0	-1	0	0	0	0	0	0
OG0004463	0	2	0	1	-1	0	0	0	0	0	0	0	0	0	0	0	0
OG0004467	0	2	0	0	0	0	0	0	0	0	0	0	0	0	0	0	0
OG0004468	0	0	0	0	1	0	0	0	0	0	-1	0	0	0	0	0	0
OG0004469	0	1	0	1	1	0	0	0	-1	0	0	0	0	0	0	0	0
OG0004471	0	1	1	1	-1	0	0	0	0	0	0	0	0	0	0	0	0
OG0004472	0	2	0	1	-1	0	0	0	0	0	0	0	0	0	0	0	0
OG0004473	0	0	0	1	1	0	0	0	0	0	0	0	0	0	0	0	0
OG0004474	0	1	0	1	1	0	0	0	-1	0	0	0	0	0	0	0	0
OG0004475	0	1	0	1	0	0	0	0	0	0	0	0	0	0	0	0	0
OG0004476	0	0	0	1	0	0	0	0	0	0	-1	0	0	0	0	0	0
OG0004477	0	0	1	1	0	0	0	0	0	0	0	0	0	0	0	0	0
OG0004478	0	0	0	1	1	0	0	0	0	0	0	0	0	0	0	0	0
OG0004480	0	1	0	1	0	0	0	0	0	0	0	0	0	0	0	0	0
OG0004482	0	0	0	1	1	0	0	0	0	0	0	0	0	0	0	0	0
OG0004483	0	0	0	1	0	0	0	0	0	0	-1	0	0	0	0	0	0
OG0004484	0	0	0	0	2	0	0	0	0	0	0	0	0	0	0	0	0
OG0004485	0	1	0	1	0	0	0	0	0	0	0	0	0	0	0	0	0
OG0004489	0	0	0	1	1	0	0	0	0	0	0	0	0	0	0	0	0
OG0004490	0	0	0	1	1	0	0	0	0	0	0	0	0	0	0	0	0
OG0004491	0	0	0	1	1	0	0	0	0	0	0	0	0	0	0	0	0
OG0004492	0	0	0	1	0	0	0	0	1	0	0	0	0	0	0	0	0
OG0004493	0	1	0	1	0	0	0	0	0	0	0	0	0	0	0	0	0
OG0004494	0	0	0	1	1	0	0	0	0	0	0	0	0	0	0	0	0
OG0004495	0	1	0	1	0	0	0	0	0	0	0	0	0	0	0	0	0
OG0004496	0	0	0	1	1	0	0	0	0	0	0	0	0	0	0	0	0
OG0004497	0	1	0	1	0	0	0	0	0	0	0	0	0	0	0	0	0
OG0004498	0	0	0	1	1	0	0	0	0	0	0	0	0	0	0	0	0
OG0004499	-1	0	0	0	-1	0	0	0	-1	0	0	0	0	0	-1	0	0
OG0004500	0	1	0	1	0	0	0	0	0	0	0	0	0	0	0	0	0
OG0004502	0	0	0	1	1	0	0	0	0	0	0	0	0	0	0	0	0
OG0004504	0	2	0	0	0	0	0	0	0	0	0	0	0	0	0	0	0
OG0004505	0	0	0	1	0	0	0	0	0	0	-1	0	0	0	0	0	0
OG0004507	0	1	0	0	1	0	0	0	0	0	0	0	0	0	0	0	0
OG0004508	0	0	0	0	2	0	0	0	0	0	0	0	0	0	0	0	0
OG0004509	0	2	0	0	1	0	0	0	-1	0	0	0	0	0	0	0	0
OG0004510	0	0	0	1	1	0	0	0	0	0	0	0	0	0	0	0	0
OG0004511	0	0	0	1	1	0	0	0	0	0	0	0	0	0	0	0	0
OG0004512	0	2	0	0	0	0	0	0	0	0	0	0	0	0	0	0	0
OG0004514	0	0	0	1	1	0	0	0	0	0	0	0	0	0	0	0	0
OG0004515	0	2	0	1	-1	0	0	0	0	0	0	0	0	0	0	0	0
OG0004516	0	0	0	1	0	0	0	0	1	0	0	0	0	0	0	0	0
OG0004517	0	2	0	0	0	0	0	0	0	0	0	0	0	0	0	0	0
OG0004519	0	3	-1	0	-1	0	0	0	0	0	0	0	0	0	-2	0	0
OG0004520	0	1	0	1	0	0	0	0	0	0	0	0	0	0	0	0	0
OG0004521	0	0	0	1	1	0	0	0	0	0	0	0	0	0	0	0	0
OG0004522	0	3	-1	-1	0	0	0	0	0	0	0	0	0	0	-2	0	0
OG0004523	0	0	0	1	0	0	0	0	0	0	-1	0	0	0	0	0	0
OG0004524	0	0	0	1	0	0	0	0	0	0	-1	0	0	0	0	0	0
OG0004525	0	0	0	1	1	0	0	0	0	0	0	0	0	0	0	0	0
OG0004528	0	1	0	1	0	0	0	0	0	0	0	0	0	0	0	0	0
OG0004529	0	0	0	1	0	0	0	0	0	0	-1	0	0	0	0	0	0
OG0004530	0	0	0	1	1	0	0	0	0	0	0	0	0	0	0	0	0
OG0004531	0	0	0	0	1	0	0	0	0	0	-1	0	0	0	0	0	0
OG0004532	0	0	0	1	0	0	0	0	0	0	-1	0	0	0	0	0	0
OG0004533	0	1	0	1	0	0	0	0	0	0	0	0	0	0	0	0	0
OG0004534	0	0	0	1	1	0	0	0	0	0	0	0	0	0	0	0	0
OG0004535	0	0	-1	1	0	0	0	0	0	0	-1	0	0	0	-2	0	0
OG0004537	0	1	0	1	0	0	0	0	0	0	0	0	0	0	0	0	0
OG0004538	0	1	0	0	1	0	0	0	0	0	0	0	0	0	0	0	0
OG0004539	0	-1	2	0	1	0	0	0	0	0	0	0	0	0	0	0	0
OG0004541	0	1	0	1	0	0	0	0	0	0	0	0	0	0	0	0	0
OG0004542	0	1	0	3	-1	0	-1	0	0	0	0	0	0	0	0	0	0
OG0004543	0	0	1	1	0	0	0	0	0	0	0	0	0	0	0	0	0
OG0004544	0	3	-1	0	0	0	0	0	0	0	0	1	0	0	-1	0	0
OG0004545	0	1	0	1	0	0	0	0	0	0	0	0	0	0	0	0	0
OG0004546	0	0	0	1	1	0	0	0	0	0	0	0	0	0	0	0	0
OG0004548	0	1	0	1	0	0	0	0	0	0	0	0	0	0	0	0	0
OG0004549	0	1	0	0	0	0	0	0	0	0	-1	0	0	0	0	0	0
OG0004550	0	1	0	1	0	0	0	0	0	0	0	0	0	0	0	0	0
OG0004551	0	0	0	1	1	0	0	0	0	0	0	0	0	0	0	0	0
OG0004552	0	2	0	1	-1	0	0	0	0	0	0	0	0	0	0	0	0
OG0004553	0	0	1	1	0	0	0	0	0	0	0	0	0	0	0	0	0
OG0004554	0	0	0	1	1	0	0	0	0	0	0	0	0	0	0	0	0
OG0004555	0	1	0	1	0	0	0	0	0	0	0	0	0	0	0	0	0
OG0004556	0	0	0	2	0	0	0	0	0	0	0	0	0	0	0	0	0
OG0004557	1	1	0	0	-1	0	0	0	0	0	-1	0	0	0	0	0	0
OG0004558	0	1	0	1	0	0	0	0	0	0	0	0	0	0	0	0	0
OG0004560	0	3	0	0	-1	0	0	0	0	0	0	0	0	0	0	0	0
OG0004561	0	0	0	1	1	0	0	0	0	0	0	0	0	0	0	0	0
OG0004562	0	3	-1	0	0	0	0	0	0	0	0	1	0	0	-1	0	0
OG0004563	0	0	0	2	0	0	0	0	0	0	0	0	0	0	0	0	0
OG0004564	0	0	0	1	0	0	0	0	0	0	-1	0	0	0	0	0	0
OG0004565	0	1	0	1	0	0	0	0	0	0	0	0	0	0	0	0	0
OG0004566	0	0	0	1	1	0	0	0	0	0	0	0	0	0	0	0	0
OG0004567	0	0	2	1	-1	0	0	0	0	0	0	0	0	0	0	0	0
OG0004568	0	1	0	1	-1	0	0	0	0	0	-1	0	0	0	0	0	0
OG0004569	0	1	0	1	0	0	0	0	0	0	0	0	0	0	0	0	0
OG0004570	0	1	0	1	0	0	0	0	0	0	0	0	0	0	0	0	0
OG0004571	0	1	0	0	1	0	0	0	0	0	0	0	0	0	0	0	0
OG0004572	0	2	0	0	0	0	0	0	0	0	0	0	0	0	0	0	0
OG0004573	0	0	0	0	2	0	0	0	0	0	0	0	0	0	0	0	0
OG0004574	0	0	0	0	2	0	0	0	0	0	0	0	0	0	0	0	0
OG0004575	0	1	0	0	0	0	1	0	0	0	0	0	0	0	0	0	0
OG0004576	0	0	0	1	1	0	0	0	0	0	0	0	0	0	0	0	0
OG0004578	0	0	1	0	1	0	0	0	0	0	0	0	0	0	0	0	0
OG0004579	0	1	0	1	0	0	0	0	0	0	0	0	0	0	0	0	0
OG0004580	0	1	0	1	0	0	0	0	0	0	0	0	0	0	0	0	0
OG0004581	0	1	0	1	0	0	0	0	0	0	0	0	0	0	0	0	0
OG0004582	0	1	0	0	1	0	0	0	0	0	0	0	0	0	0	0	0
OG0004584	0	0	0	0	1	0	1	0	0	0	0	0	0	0	0	0	0
OG0004585	0	1	0	1	0	0	0	0	0	0	0	0	0	0	0	0	0
OG0004586	0	1	0	1	0	0	0	0	0	0	0	0	0	0	0	0	0
OG0004587	1	0	1	0	-1	0	0	0	0	0	-1	0	0	0	0	0	0
OG0004588	0	0	0	0	2	0	0	0	0	0	0	0	0	0	0	0	0
OG0004590	0	1	0	1	0	0	0	0	0	0	0	0	0	0	0	0	0
OG0004591	0	2	0	1	-1	0	0	0	0	0	0	0	0	0	0	0	0
OG0004592	0	2	0	0	0	0	0	0	0	0	0	0	0	0	0	0	0
OG0004593	0	-1	0	1	0	0	1	0	0	0	-1	0	0	0	0	0	0
OG0004594	0	1	0	0	1	0	0	0	0	0	0	0	0	0	0	0	0
OG0004596	0	0	0	1	0	0	0	0	0	0	-1	0	0	0	0	0	0
OG0004597	0	1	0	0	0	0	0	0	0	0	-1	0	0	0	0	0	0
OG0004598	0	1	0	1	0	0	0	0	0	0	0	0	0	0	0	0	0
OG0004599	0	1	0	1	0	0	0	0	0	0	0	0	0	0	0	0	0
OG0004600	0	2	0	1	0	0	-1	0	0	0	0	0	0	0	0	0	0
OG0004601	0	1	0	1	0	0	0	0	0	0	0	0	0	0	0	0	0
OG0004602	0	1	0	1	0	0	0	0	0	0	0	0	0	0	0	0	0
OG0004603	0	0	0	0	2	0	0	0	0	0	0	0	0	0	0	0	0
OG0004604	0	1	0	1	0	0	0	0	0	0	0	0	0	0	0	0	0
OG0004605	0	2	0	1	-1	0	0	0	0	0	0	0	0	0	0	0	0
OG0004606	0	0	0	1	1	0	0	0	0	0	0	0	0	0	0	0	0
OG0004607	0	1	0	1	0	0	0	0	0	0	0	0	0	0	0	0	0
OG0004608	0	2	0	0	0	0	0	0	0	0	0	0	0	0	0	0	0
OG0004609	0	1	0	1	0	0	0	0	0	0	0	0	0	0	0	0	0
OG0004610	0	2	-1	1	0	0	0	0	0	0	0	0	0	0	0	0	0
OG0004611	0	2	0	0	0	0	0	0	0	0	0	0	0	0	0	0	0
OG0004612	0	0	0	0	0	0	1	0	0	0	-1	0	0	0	0	0	0
OG0004613	0	0	0	1	1	0	0	0	0	0	0	0	0	0	0	0	0
OG0004614	0	1	0	1	0	0	0	0	0	0	0	0	0	0	0	0	0
OG0004615	0	2	0	0	1	0	-1	0	0	0	0	0	0	0	0	0	0
OG0004616	0	2	0	1	-1	0	0	0	0	0	0	0	0	0	0	0	0
OG0004617	0	0	0	1	1	0	0	0	0	0	0	0	0	0	0	0	0
OG0004618	0	0	0	1	1	0	0	0	0	0	0	0	0	0	0	0	0
OG0004621	0	0	0	0	1	0	-1	0	0	0	0	0	0	1	0	0	0
OG0004622	0	1	0	1	1	0	-1	0	0	0	0	0	0	0	0	0	0
OG0004623	0	0	2	1	-1	0	0	0	0	0	0	0	0	0	0	0	0
OG0004624	0	1	0	0	1	0	0	0	0	0	0	0	0	0	0	0	0
OG0004625	0	0	0	1	1	0	0	0	0	0	0	0	0	0	0	0	0
OG0004626	0	1	0	0	0	0	0	0	0	0	-1	0	0	0	0	0	0
OG0004629	0	0	0	1	1	0	0	0	0	0	0	0	0	0	0	0	0
OG0004630	0	1	0	1	0	0	0	0	0	0	0	0	0	0	0	0	0
OG0004631	0	2	0	1	-1	0	0	0	0	0	0	0	0	0	0	0	0
OG0004632	0	0	0	1	1	0	0	0	0	0	0	0	0	0	0	0	0
OG0004633	0	0	1	1	0	0	0	0	0	0	0	0	0	0	0	0	0
OG0004634	0	1	0	1	0	0	0	0	0	0	0	0	0	0	0	0	0
OG0004635	0	0	0	1	1	0	0	0	0	0	0	0	0	0	0	0	0
OG0004637	0	0	0	1	1	0	0	0	0	0	0	0	0	0	0	0	0
OG0004638	0	1	0	1	0	0	0	0	0	0	0	0	0	0	0	0	0
OG0004639	0	1	0	1	0	0	0	0	0	0	0	0	0	0	0	0	0
OG0004641	0	1	0	1	0	0	0	0	0	0	0	0	0	0	0	0	0
OG0004642	0	0	0	1	1	0	0	0	0	0	0	0	0	0	0	0	0
OG0004643	0	0	0	0	2	0	0	0	0	0	0	0	0	0	0	0	0
OG0004644	0	0	0	1	0	0	0	0	-1	0	0	0	0	1	0	0	0
OG0004645	0	0	0	1	1	0	0	0	0	0	0	0	0	0	0	0	0
OG0004646	0	0	0	1	1	0	0	0	0	0	0	0	0	0	0	0	0
OG0004647	0	0	0	1	1	0	0	0	0	0	0	0	0	0	0	0	0
OG0004649	0	0	0	1	1	0	0	0	0	0	0	0	0	0	0	0	0
OG0004651	0	1	0	1	0	0	0	0	0	0	0	0	0	0	0	0	0
OG0004652	0	0	0	1	0	0	0	0	0	0	-1	0	0	0	0	0	0
OG0004653	0	2	-1	0	1	0	0	0	0	0	0	0	0	0	0	0	0
OG0004654	0	0	-1	0	-1	0	0	0	-1	0	0	0	0	0	-1	0	0
OG0004656	0	2	0	1	0	0	0	0	-1	0	0	0	0	0	0	0	0
OG0004657	0	0	0	1	0	0	0	0	0	0	-1	0	0	0	0	0	0
OG0004658	0	1	0	0	0	0	0	0	1	0	0	0	0	0	0	0	0
OG0004659	0	3	-1	1	0	0	0	0	-1	0	0	0	0	0	0	0	0
OG0004660	0	1	0	1	0	0	0	0	0	0	0	0	0	0	0	0	0
OG0004661	0	1	0	1	0	0	0	0	0	0	0	0	0	0	0	0	0
OG0004662	0	0	0	1	1	0	0	0	0	0	0	0	0	0	0	0	0
OG0004663	0	0	0	1	0	0	0	0	0	0	-1	0	0	0	0	0	0
OG0004665	0	1	0	1	0	0	0	0	0	0	0	0	0	0	0	0	0
OG0004666	0	0	0	1	0	0	0	0	0	0	-1	0	0	0	0	0	0
OG0004669	0	0	0	1	1	0	0	0	0	0	0	0	0	0	0	0	0
OG0004671	0	1	0	1	0	0	0	0	0	0	0	0	0	0	0	0	0
OG0004672	0	1	0	0	0	0	1	0	0	0	0	0	0	0	0	0	0
OG0004674	0	1	0	1	0	0	0	0	0	0	0	0	0	0	0	0	0
OG0004675	0	0	0	1	1	0	0	0	0	0	0	0	0	0	0	0	0
OG0004676	0	0	0	1	0	0	0	0	1	0	0	0	0	0	0	0	0
OG0004677	0	1	0	1	0	0	0	0	0	0	0	0	0	0	0	0	0
OG0004678	0	0	0	1	1	0	0	0	0	0	0	0	0	0	0	0	0
OG0004679	0	1	0	1	0	0	0	0	0	0	0	0	0	0	0	0	0
OG0004680	0	1	0	1	0	0	0	0	0	0	0	0	0	0	0	0	0
OG0004682	0	2	0	1	-1	0	0	0	0	0	0	0	0	0	0	0	0
OG0004683	0	0	0	1	0	0	0	0	0	0	-1	0	0	0	0	0	0
OG0004684	0	0	0	1	1	0	0	0	0	0	0	0	0	0	0	0	0
OG0004685	0	0	0	1	0	0	1	0	0	0	0	0	0	0	0	0	0
OG0004686	0	3	-1	0	-1	0	0	0	0	0	0	0	0	0	-2	0	0
OG0004687	0	1	1	1	-1	0	0	0	0	0	0	0	0	0	0	0	0
OG0004688	0	0	0	1	1	0	0	0	0	0	0	0	0	0	0	0	0
OG0004689	0	0	0	0	2	0	0	0	0	0	0	0	0	0	0	0	0
OG0004690	0	1	0	1	0	0	0	0	0	0	0	0	0	0	0	0	0
OG0004691	0	1	0	1	0	0	0	0	0	0	0	0	0	0	0	0	0
OG0004693	0	0	0	1	1	0	0	0	0	0	0	0	0	0	0	0	0
OG0004694	0	1	0	1	0	0	0	0	0	0	0	0	0	0	0	0	0
OG0004695	0	2	0	0	0	0	0	0	0	0	0	0	0	0	0	0	0
OG0004696	0	2	0	0	0	0	0	0	0	0	0	0	0	0	0	0	0
OG0004699	0	1	0	1	0	0	0	0	0	0	0	0	0	0	0	0	0
OG0004700	0	0	0	1	1	0	0	0	0	0	0	0	0	0	0	0	0
OG0004701	0	0	0	1	1	0	0	0	0	0	0	0	0	0	0	0	0
OG0004702	0	0	0	1	1	0	0	0	0	0	0	0	0	0	0	0	0
OG0004703	0	0	0	0	1	0	0	-1	0	0	0	0	0	1	0	0	0
OG0004704	0	1	0	1	-1	0	0	0	0	0	-1	0	0	0	0	0	0
OG0004705	0	0	0	1	1	0	0	0	0	0	0	0	0	0	0	0	0
OG0004706	0	1	0	0	1	0	0	0	0	0	0	0	0	0	0	0	0
OG0004707	0	0	0	1	0	0	0	0	0	0	-1	0	0	0	0	0	0
OG0004709	0	0	0	1	-1	0	1	0	0	0	-1	0	0	0	0	0	0
OG0004710	0	1	0	1	0	0	0	0	0	0	0	0	0	0	0	0	0
OG0004711	0	0	0	1	1	0	0	0	0	0	0	0	0	0	0	0	0
OG0004712	0	0	0	1	0	0	0	0	0	0	-1	0	0	0	0	0	0
OG0004713	0	1	0	1	-1	0	0	0	0	0	-1	0	0	0	0	0	0
OG0004714	0	0	0	1	0	0	1	0	0	0	0	0	0	0	0	0	0
OG0004715	0	1	0	1	0	0	0	0	0	0	0	0	0	0	0	0	0
OG0004716	0	-1	-1	0	0	0	-1	0	0	0	0	0	0	0	-1	0	0
OG0004717	0	1	0	1	0	0	0	0	0	0	0	0	0	0	0	0	0
OG0004718	0	0	0	0	1	0	0	0	1	0	0	0	0	0	0	0	0
OG0004719	0	0	0	1	1	0	0	0	0	0	0	0	0	0	0	0	0
OG0004720	0	2	-1	0	1	0	0	0	0	0	0	0	0	0	0	0	0
OG0004721	0	0	0	1	1	0	0	0	0	0	0	0	0	0	0	0	0
OG0004722	0	0	0	0	2	0	0	0	0	0	0	0	0	0	0	0	0
OG0004723	0	3	-1	0	0	0	0	0	0	0	0	1	0	0	-1	0	0
OG0004724	0	3	-1	0	0	0	0	0	0	0	0	0	0	0	0	0	0
OG0004725	0	1	0	1	0	0	0	0	0	0	0	0	0	0	0	0	0
OG0004726	0	4	-1	0	1	0	0	0	0	0	0	0	0	1	-1	0	0
OG0004727	0	0	0	1	1	0	0	0	0	0	0	0	0	0	0	0	0
OG0004728	0	0	0	1	0	0	0	0	0	0	-1	0	0	0	0	0	0
OG0004729	0	0	0	1	1	0	0	0	0	0	0	0	0	0	0	0	0
OG0004730	0	1	0	1	0	0	0	0	0	0	0	0	0	0	0	0	0
OG0004731	0	1	0	1	0	0	0	0	0	0	0	0	0	0	0	0	0
OG0004732	0	1	0	1	0	0	0	0	0	0	0	0	0	0	0	0	0
OG0004733	0	0	0	1	1	0	0	0	0	0	0	0	0	0	0	0	0
OG0004734	0	1	0	1	0	0	0	0	0	0	0	0	0	0	0	0	0
OG0004735	0	0	0	1	1	0	0	0	0	0	0	0	0	0	0	0	0
OG0004736	0	-1	1	0	-2	0	-1	0	0	0	0	0	0	0	-1	0	0
OG0004737	0	0	1	0	1	0	0	0	0	0	0	0	0	0	0	0	0
OG0004739	0	0	0	1	0	0	0	0	0	0	-1	0	0	0	0	0	0
OG0004740	0	0	0	0	2	0	0	0	0	0	0	0	0	0	0	0	0
OG0004741	0	0	0	1	1	0	0	0	0	0	0	0	0	0	0	0	0
OG0004742	0	0	-1	1	0	0	1	0	0	0	-1	0	0	0	0	0	0
OG0004743	0	1	0	1	0	0	0	0	0	0	0	0	0	0	0	0	0
OG0004744	0	2	0	0	0	0	0	0	0	0	0	0	0	0	0	0	0
OG0004745	0	1	0	1	0	0	0	0	0	0	0	0	0	0	0	0	0
OG0004746	0	0	0	1	0	0	1	0	0	0	0	0	0	0	0	0	0
OG0004747	0	0	0	0	3	0	0	0	0	0	-1	0	0	1	-1	0	0
OG0004748	0	0	1	1	0	0	0	0	0	0	0	0	0	0	0	0	0
OG0004749	0	0	0	1	1	0	0	0	0	0	0	0	0	0	0	0	0
OG0004750	0	1	0	1	0	0	0	0	0	0	0	0	0	0	0	0	0
OG0004751	0	1	0	0	0	0	0	0	0	0	-1	0	0	0	0	0	0
OG0004752	0	0	1	1	0	0	0	0	0	0	0	0	0	0	0	0	0
OG0004753	1	0	0	0	0	0	0	0	0	0	-1	0	0	0	0	0	0
OG0004754	0	1	-1	1	0	0	0	0	0	0	-1	0	0	0	0	0	0
OG0004755	0	0	0	1	0	0	0	0	1	0	0	0	0	0	0	0	0
OG0004756	0	1	0	0	1	0	0	0	0	0	0	0	0	0	0	0	0
OG0004757	0	0	-1	2	-1	0	0	0	0	0	-1	0	0	0	-2	0	0
OG0004758	0	0	0	1	0	0	1	0	0	0	0	0	0	0	0	0	0
OG0004759	0	0	0	1	0	0	0	0	0	0	-1	0	0	0	0	0	0
OG0004761	0	0	0	1	1	0	0	0	0	0	0	0	0	0	0	0	0
OG0004762	0	1	0	1	0	0	0	0	0	0	0	0	0	0	0	0	0
OG0004763	0	1	0	1	-1	0	0	0	0	0	-1	0	0	0	0	0	0
OG0004764	0	1	0	0	0	0	0	0	0	0	-1	0	0	0	0	0	0
OG0004765	4	-1	-1	0	1	0	0	0	0	0	-3	0	0	0	-1	0	0
OG0004766	0	0	0	1	1	0	0	0	0	0	0	0	0	0	0	0	0
OG0004767	0	3	-1	1	0	-1	0	0	0	0	0	0	0	0	0	0	0
OG0004768	0	1	0	1	0	0	0	0	0	0	0	0	0	0	0	0	0
OG0004769	0	1	0	0	1	0	0	0	0	0	0	0	0	0	0	0	0
OG0004770	0	1	0	1	0	0	0	0	0	0	0	0	0	0	0	0	0
OG0004771	0	2	0	0	0	0	0	0	0	0	0	0	0	0	0	0	0
OG0004772	0	0	0	1	0	0	0	0	0	0	-1	0	0	0	0	0	0
OG0004774	0	0	0	1	1	0	0	0	0	0	0	0	0	0	0	0	0
OG0004775	0	1	1	0	0	0	0	0	0	0	0	0	0	0	0	0	0
OG0004776	0	0	0	1	0	0	0	0	1	0	0	0	0	0	0	0	0
OG0004777	0	1	0	0	0	0	0	0	0	0	-1	0	0	0	0	0	0
OG0004778	0	1	0	1	0	0	0	0	0	0	0	0	0	0	0	0	0
OG0004779	0	0	0	1	1	0	0	0	0	0	0	0	0	0	0	0	0
OG0004780	0	0	0	0	1	0	0	0	0	0	-1	0	0	0	0	0	0
OG0004781	0	1	0	1	-1	0	0	0	0	0	-1	0	0	0	0	0	0
OG0004783	0	0	0	0	0	0	0	0	0	0	0	0	0	0	0	0	1
OG0004784	0	0	0	1	1	0	0	0	0	0	0	0	0	0	0	0	0
OG0004786	0	0	0	1	0	0	0	0	0	0	-1	0	0	0	0	0	0
OG0004787	-1	2	0	0	0	0	0	0	0	0	0	0	0	0	-2	0	0
OG0004788	0	2	0	0	0	0	0	0	0	0	0	0	0	0	0	0	0
OG0004789	0	-1	-1	1	-1	0	0	0	0	0	0	0	0	0	1	0	0
OG0004790	0	1	0	1	0	0	0	0	0	0	0	0	0	0	0	0	0
OG0004791	0	0	0	1	1	0	0	0	0	0	0	0	0	0	0	0	0
OG0004792	0	0	0	1	1	0	0	0	0	0	0	0	0	0	0	0	0
OG0004793	0	1	0	1	0	0	0	0	0	0	0	0	0	0	0	0	0
OG0004794	0	1	0	0	2	0	0	-1	0	0	0	0	0	0	0	0	0
OG0004795	0	2	0	0	0	0	0	0	0	0	0	0	0	0	0	0	0
OG0004796	0	0	0	1	0	0	0	0	0	0	-1	0	0	0	0	0	0
OG0004797	0	1	0	1	0	0	0	0	0	0	0	0	0	0	0	0	0
OG0004798	0	-1	0	0	1	0	0	0	0	0	0	0	0	1	0	0	0
OG0004799	0	2	2	0	-2	0	0	0	0	0	0	1	0	0	-1	0	0
OG0004800	1	0	0	0	-1	0	0	0	0	0	-2	0	0	0	0	0	0
OG0004801	0	0	2	0	0	0	0	0	0	0	0	0	0	0	0	0	0
OG0004802	1	-1	0	1	0	0	0	0	0	0	-1	0	0	0	0	0	0
OG0004803	0	2	0	1	-1	0	0	0	0	0	0	0	0	0	0	0	0
OG0004804	0	0	2	0	0	0	0	0	0	0	0	0	0	0	0	0	0
OG0004805	0	1	0	0	0	0	1	0	0	0	0	0	0	0	0	0	0
OG0004806	0	0	0	1	0	0	0	0	1	0	0	0	0	0	0	0	0
OG0004807	0	3	-1	0	0	0	0	0	0	0	0	0	0	0	0	0	0
OG0004808	0	1	0	1	0	0	0	0	0	0	0	0	0	0	0	0	0
OG0004809	0	0	0	1	1	0	0	0	0	0	0	0	0	0	0	0	0
OG0004810	0	1	0	0	1	0	0	0	0	0	0	0	0	0	0	0	0
OG0004811	0	0	0	0	0	0	1	0	0	0	-1	0	0	0	0	0	0
OG0004812	0	0	0	1	1	0	0	0	0	0	0	0	0	0	0	0	0
OG0004815	0	1	0	1	0	0	0	0	0	0	0	0	0	0	0	0	0
OG0004816	0	1	0	1	0	0	0	0	0	0	0	0	0	0	0	0	0
OG0004817	0	2	0	0	0	0	0	0	0	0	0	0	0	0	0	0	0
OG0004818	0	0	0	1	1	0	0	0	0	0	0	0	0	0	0	0	0
OG0004819	0	0	0	1	1	0	0	0	0	0	0	0	0	0	0	0	0
OG0004820	0	1	0	1	0	0	0	0	0	0	0	0	0	0	0	0	0
OG0004821	0	2	0	1	-1	0	0	0	0	0	0	0	0	0	0	0	0
OG0004822	0	1	0	1	0	0	0	0	0	0	0	0	0	0	0	0	0
OG0004823	0	1	0	0	1	0	0	0	0	0	0	0	0	0	0	0	0
OG0004824	0	0	0	1	1	0	0	0	0	0	0	0	0	0	0	0	0
OG0004825	0	2	0	0	0	0	0	0	0	0	0	0	0	0	0	0	0
OG0004826	0	0	1	0	1	0	0	0	0	0	0	0	0	0	0	0	0
OG0004827	0	1	0	1	0	0	0	0	0	0	0	0	0	0	0	0	0
OG0004828	0	1	0	0	-1	0	1	0	0	0	-1	0	0	0	0	0	0
OG0004830	0	1	0	0	0	0	0	0	0	0	-1	0	0	0	0	0	0
OG0004831	0	0	0	0	0	0	0	0	0	0	0	0	0	0	0	1	0
OG0004832	0	1	0	0	2	-1	0	0	0	0	0	0	0	0	0	0	0
OG0004833	0	1	0	1	0	0	0	0	0	0	0	0	0	0	0	0	0
OG0004834	0	1	0	1	0	0	0	0	0	0	0	0	0	0	0	0	0
OG0004835	0	1	0	1	0	0	0	0	0	0	0	0	0	0	0	0	0
OG0004836	0	0	0	1	0	0	0	0	1	0	0	0	0	0	0	0	0
OG0004837	0	2	0	1	-1	0	0	0	0	0	0	0	0	0	0	0	0
OG0004838	0	1	0	0	1	0	0	0	0	0	0	0	0	0	0	0	0
OG0004840	0	0	0	1	1	0	0	0	0	0	0	0	0	0	0	0	0
OG0004841	0	0	0	1	1	0	0	0	0	0	0	0	0	0	0	0	0
OG0004842	0	0	0	1	0	0	0	0	0	0	-1	0	0	0	0	0	0
OG0004843	0	0	0	1	1	0	0	0	0	0	0	0	0	0	0	0	0
OG0004844	0	2	0	1	-1	0	0	0	0	0	0	0	0	0	0	0	0
OG0004845	0	1	0	1	0	0	0	0	0	0	0	0	0	0	0	0	0
OG0004847	0	0	0	1	1	0	0	0	0	0	0	0	0	0	0	0	0
OG0004848	0	1	0	1	0	0	0	0	0	0	0	0	0	0	0	0	0
OG0004849	0	0	0	1	1	0	0	0	0	0	0	0	0	0	0	0	0
OG0004850	0	1	0	0	1	0	0	0	0	0	0	0	0	0	0	0	0
OG0004851	0	0	0	1	1	0	0	0	0	0	0	0	0	0	0	0	0
OG0004852	0	1	0	1	0	0	0	0	0	0	0	0	0	0	0	0	0
OG0004853	0	1	0	1	0	0	0	0	0	0	0	0	0	0	0	0	0
OG0004854	0	0	0	1	1	0	0	0	0	0	0	0	0	0	0	0	0
OG0004855	0	1	0	1	0	0	0	0	0	0	0	0	0	0	0	0	0
OG0004856	0	0	0	1	1	0	0	0	0	0	0	0	0	0	0	0	0
OG0004857	0	1	0	1	-1	0	1	0	0	0	0	0	0	0	0	0	0
OG0004858	0	0	0	1	1	0	0	0	0	0	0	0	0	0	0	0	0
OG0004859	0	0	0	1	-1	0	0	0	1	0	-1	0	0	0	0	0	0
OG0004861	0	1	0	1	0	0	0	0	0	0	0	0	0	0	0	0	0
OG0004863	0	-1	1	1	1	0	0	0	0	0	0	0	0	0	0	0	0
OG0004864	0	1	0	0	0	0	0	0	0	0	-1	0	0	0	0	0	0
OG0004865	0	1	0	1	0	0	0	0	0	0	0	0	0	0	0	0	0
OG0004866	1	0	0	1	0	0	0	0	-1	0	-1	0	0	0	0	0	0
OG0004868	0	2	0	0	0	0	0	0	0	0	0	0	0	0	0	0	0
OG0004870	0	1	0	1	0	0	0	0	0	0	0	0	0	0	0	0	0
OG0004871	0	0	0	1	0	0	0	0	0	0	-1	0	0	0	0	0	0
OG0004872	0	2	0	1	-1	0	0	0	0	0	0	0	0	0	0	0	0
OG0004873	0	0	0	1	1	0	0	0	0	0	0	0	0	0	0	0	0
OG0004874	0	1	0	0	0	0	0	0	1	0	0	0	0	0	0	0	0
OG0004875	0	1	0	1	0	0	0	0	0	0	0	0	0	0	0	0	0
OG0004876	0	2	0	1	-1	0	0	0	0	0	0	0	0	0	0	0	0
OG0004877	0	1	0	0	0	0	0	0	0	0	-1	0	0	0	0	0	0
OG0004878	0	0	0	1	1	0	0	0	0	0	0	0	0	0	0	0	0
OG0004880	0	3	0	0	-1	0	0	0	0	0	0	0	0	0	0	0	0
OG0004881	0	0	1	0	0	0	0	0	0	0	-1	0	0	0	0	0	0
OG0004882	0	0	0	1	1	0	0	0	0	0	0	0	0	0	0	0	0
OG0004883	0	0	0	1	1	0	0	0	0	0	0	0	0	0	0	0	0
OG0004886	0	2	0	1	-1	0	0	0	0	0	0	0	0	0	0	0	0
OG0004887	0	0	0	1	1	0	0	0	0	0	0	0	0	0	0	0	0
OG0004888	0	1	0	1	0	0	0	0	0	0	0	0	0	0	0	0	0
OG0004889	0	0	0	1	1	0	0	0	0	0	0	0	0	0	0	0	0
OG0004890	0	0	0	1	1	0	0	0	0	0	0	0	0	0	0	0	0
OG0004892	0	1	0	1	0	0	0	0	0	0	0	0	0	0	0	0	0
OG0004893	0	1	0	1	-1	0	0	0	0	0	-1	0	0	0	0	0	0
OG0004894	0	2	0	1	-1	0	0	0	0	0	0	0	0	0	0	0	0
OG0004895	0	0	0	1	0	0	0	0	0	0	-1	0	0	0	0	0	0
OG0004896	0	1	0	1	0	0	0	0	0	0	0	0	0	0	0	0	0
OG0004897	0	0	0	1	1	0	0	0	0	0	0	0	0	0	0	0	0
OG0004898	0	1	0	0	1	0	0	0	0	0	0	0	0	0	0	0	0
OG0004899	0	3	0	0	-1	0	0	0	0	0	0	0	0	0	0	0	0
OG0004901	0	0	0	1	1	0	0	0	0	0	0	0	0	0	0	0	0
OG0004902	0	0	0	1	1	0	0	0	0	0	0	0	0	0	0	0	0
OG0004903	0	0	0	1	1	0	0	0	0	0	0	0	0	0	0	0	0
OG0004904	0	1	0	0	0	0	0	0	1	0	0	0	0	0	0	0	0
OG0004906	0	0	0	1	1	0	0	0	0	0	0	0	0	0	0	0	0
OG0004907	0	0	0	1	1	0	0	0	0	0	0	0	0	0	0	0	0
OG0004908	0	0	0	1	1	0	0	0	0	0	0	0	0	0	0	0	0
OG0004909	0	0	0	1	1	0	0	0	0	0	0	0	0	0	0	0	0
OG0004910	0	1	0	1	0	0	0	0	0	0	0	0	0	0	0	0	0
OG0004911	0	1	0	0	1	0	0	0	0	0	0	0	0	0	0	0	0
OG0004912	0	1	0	1	0	0	0	0	0	0	0	0	0	0	0	0	0
OG0004913	0	0	-1	0	-1	0	0	0	-1	0	0	0	0	0	-1	0	0
OG0004914	0	0	0	1	0	0	0	0	0	0	-1	0	0	0	0	0	0
OG0004915	0	0	0	1	1	0	0	0	0	0	0	0	0	0	0	0	0
OG0004917	0	0	0	1	0	0	1	0	0	0	0	0	0	0	0	0	0
OG0004918	0	0	0	1	0	0	1	0	0	0	0	0	0	0	0	0	0
OG0004920	0	1	0	1	0	0	0	0	0	0	0	0	0	0	0	0	0
OG0004921	0	0	0	1	0	0	1	0	0	0	0	0	0	0	0	0	0
OG0004922	0	0	0	1	1	0	0	0	0	0	0	0	0	0	0	0	0
OG0004923	0	1	0	1	0	0	-1	1	0	0	0	0	0	0	0	0	0
OG0004924	0	0	0	1	0	0	1	0	0	0	0	0	0	0	0	0	0
OG0004925	0	0	1	1	0	0	0	0	0	0	0	0	0	0	0	0	0
OG0004926	0	1	0	1	0	0	0	0	0	0	0	0	0	0	0	0	0
OG0004927	0	0	0	1	1	0	0	0	0	0	0	0	0	0	0	0	0
OG0004928	0	0	1	1	0	0	0	0	0	0	0	0	0	0	0	0	0
OG0004929	0	0	0	1	0	0	0	0	0	0	-1	0	0	0	0	0	0
OG0004930	0	0	0	1	0	0	1	0	0	0	0	0	0	0	0	0	0
OG0004932	0	1	0	1	0	0	0	0	0	0	0	0	0	0	0	0	0
OG0004933	0	1	0	1	0	0	0	0	0	0	0	0	0	0	0	0	0
OG0004934	0	1	0	1	0	0	0	0	0	0	0	0	0	0	0	0	0
OG0004935	0	1	0	1	0	0	0	0	0	0	0	0	0	0	0	0	0
OG0004937	0	0	0	1	0	0	0	0	0	0	-1	0	0	0	0	0	0
OG0004938	0	1	0	0	0	0	0	0	0	0	-1	0	0	0	0	0	0
OG0004939	0	0	0	1	0	0	1	0	0	0	0	0	0	0	0	0	0
OG0004940	0	0	0	1	1	0	0	0	0	0	0	0	0	0	0	0	0
OG0004941	0	0	0	1	0	0	0	0	0	0	-1	0	0	0	0	0	0
OG0004942	0	1	0	1	0	0	0	0	0	0	0	0	0	0	0	0	0
OG0004943	0	1	-1	1	0	0	0	0	0	0	-1	0	0	0	0	0	0
OG0004944	0	0	1	1	0	0	0	0	0	0	0	0	0	0	0	0	0
OG0004945	0	2	0	0	0	0	0	0	0	0	0	0	0	0	0	0	0
OG0004946	0	0	0	1	0	0	0	0	0	0	-1	0	0	0	0	0	0
OG0004947	0	0	0	1	0	0	0	0	0	0	-1	0	0	0	0	0	0
OG0004948	0	1	0	1	0	0	0	0	0	0	0	0	0	0	0	0	0
OG0004949	0	0	0	1	1	0	0	0	0	0	0	0	0	0	0	0	0
OG0004950	0	2	-1	0	0	0	0	0	0	0	0	0	0	0	-2	0	0
OG0004951	0	0	0	1	1	0	0	0	0	0	0	0	0	0	0	0	0
OG0004952	0	1	0	1	0	0	0	0	0	0	0	0	0	0	0	0	0
OG0004953	0	0	0	1	1	0	0	0	0	0	0	0	0	0	0	0	0
OG0004954	0	0	0	0	2	0	0	0	0	0	0	0	0	0	0	0	0
OG0004955	0	0	0	1	1	0	0	0	0	0	0	0	0	0	0	0	0
OG0004956	0	0	0	1	1	0	0	0	0	0	0	0	0	0	0	0	0
OG0004957	0	1	0	1	0	0	0	0	0	0	0	0	0	0	0	0	0
OG0004958	0	0	0	0	1	0	0	0	-1	0	0	0	0	1	0	0	0
OG0004960	0	1	0	1	0	0	0	0	0	0	0	0	0	0	0	0	0
OG0004961	0	2	0	1	-1	0	0	0	0	0	0	0	0	0	0	0	0
OG0004962	0	1	-1	1	1	0	0	0	0	0	0	0	0	0	0	0	0
OG0004963	0	0	0	1	-1	0	1	0	0	0	-1	0	0	0	0	0	0
OG0004964	0	0	1	1	0	0	0	0	0	0	0	0	0	0	0	0	0
OG0004965	0	1	0	1	0	0	0	0	0	0	0	0	0	0	0	0	0
OG0004966	0	0	0	1	0	0	1	0	0	0	0	0	0	0	0	0	0
OG0004968	0	0	0	1	1	0	0	0	0	0	0	0	0	0	0	0	0
OG0004969	0	0	0	1	0	0	0	0	0	0	-1	0	0	0	0	0	0
OG0004970	0	1	0	1	1	0	0	0	-1	0	0	0	0	0	0	0	0
OG0004971	0	2	-1	1	0	0	0	0	0	0	0	0	0	0	0	0	0
OG0004972	0	1	0	1	0	0	0	0	0	0	0	0	0	0	0	0	0
OG0004973	0	0	-1	2	0	0	0	0	1	0	0	0	0	0	0	0	0
OG0004974	0	1	0	1	0	0	0	0	0	0	0	0	0	0	0	0	0
OG0004975	0	1	0	0	0	0	0	0	0	0	-1	0	0	0	0	0	0
OG0004976	0	0	0	1	0	0	0	0	0	0	-1	0	0	0	0	0	0
OG0004977	0	1	0	1	0	0	0	0	0	0	0	0	0	0	0	0	0
OG0004978	0	2	0	0	0	0	0	0	0	0	0	0	0	0	0	0	0
OG0004979	0	1	0	1	0	0	0	0	0	0	0	0	0	0	0	0	0
OG0004981	0	2	0	0	0	0	0	0	0	0	0	0	0	0	0	0	0
OG0004984	0	0	0	1	1	0	0	0	0	0	0	0	0	0	0	0	0
OG0004985	0	0	1	1	0	0	0	0	0	0	0	0	0	0	0	0	0
OG0004987	0	0	0	1	0	0	0	0	0	0	-1	0	0	0	0	0	0
OG0004988	0	0	0	0	1	0	0	0	0	0	-1	0	0	0	0	0	0
OG0004990	1	0	0	0	0	0	0	0	-1	0	-2	0	0	0	0	0	0
OG0004991	0	0	0	1	0	0	0	0	0	0	-1	0	0	0	0	0	0
OG0004993	0	0	0	-1	2	0	0	0	0	0	-1	0	0	0	0	0	0
OG0004997	0	3	0	-1	0	0	0	0	0	0	0	0	0	0	0	0	0
OG0005001	0	0	0	-1	2	0	0	0	0	0	-1	0	0	0	0	0	0
OG0005002	1	1	0	0	0	0	0	0	1	0	-2	0	-1	0	0	0	0
OG0005004	0	1	0	-1	1	0	0	0	0	0	-1	0	0	0	0	0	0
OG0005005	0	-1	1	0	0	0	0	0	0	0	0	0	0	-1	1	0	0
OG0005006	0	4	0	0	0	0	0	0	1	0	0	0	-1	0	0	0	0
OG0005007	0	1	0	0	0	0	0	0	-2	0	0	0	-1	0	1	1	0
OG0005011	0	2	1	-1	0	0	0	0	0	0	0	0	0	0	0	0	0
OG0005013	0	1	0	-1	2	0	0	0	0	0	0	0	0	0	0	0	0
OG0005014	0	0	2	-1	0	0	0	0	0	0	-1	0	0	0	0	0	0
OG0005015	0	4	0	0	0	0	0	0	0	0	0	0	0	-1	0	0	0
OG0005016	0	0	0	-1	3	0	0	0	0	0	0	0	0	0	0	0	0
OG0005019	0	2	0	-1	1	0	0	0	0	0	0	0	0	0	0	0	0
OG0005021	0	3	0	0	0	0	0	0	0	0	0	0	-1	0	0	1	0
OG0005023	0	1	-1	-1	2	0	0	0	0	0	-1	0	0	0	0	0	0
OG0005028	0	0	0	-1	3	0	0	0	0	0	0	0	0	0	0	0	0
OG0005029	0	0	0	-1	3	0	0	0	0	0	0	0	0	0	0	0	0
OG0005030	0	4	0	-1	0	0	0	0	-1	0	0	0	0	0	0	0	0
OG0005031	0	1	0	-1	1	0	0	0	0	0	-1	0	0	0	0	0	0
OG0005043	2	-1	1	-1	3	0	0	0	0	0	-2	0	0	0	-1	0	0
OG0005044	1	0	0	-2	1	0	0	0	0	0	-1	0	0	0	-2	0	0
OG0005046	0	6	0	-1	1	0	0	0	0	0	0	0	0	0	-1	0	0
OG0005047	0	-1	-1	-1	8	0	0	0	0	0	-1	0	0	0	-1	0	0
OG0005054	0	1	3	-2	0	0	0	0	0	0	0	1	0	0	-1	0	0
OG0005080	0	8	0	0	0	0	0	0	0	0	0	0	0	-1	-1	0	0
OG0005093	0	7	0	0	0	0	0	0	0	0	-1	0	0	-1	-1	0	0
OG0005102	5	-1	0	0	0	0	0	0	0	0	-4	0	0	-1	-1	0	0
OG0005105	0	0	0	0	1	0	0	0	0	0	0	1	0	0	-1	0	0
OG0005106	0	0	0	1	0	0	0	0	0	0	0	0	0	0	0	0	0
OG0005108	0	2	-1	1	-1	0	0	0	0	0	0	0	0	0	0	0	0
OG0005109	0	0	0	0	1	0	0	0	0	0	0	0	0	0	0	0	0
OG0005110	0	0	-1	1	1	0	0	0	0	0	0	0	0	0	0	0	0
OG0005111	0	1	0	0	0	0	0	0	0	0	0	0	0	0	0	0	0
OG0005112	0	0	0	0	0	0	0	0	1	0	0	0	0	0	0	0	0
OG0005113	0	0	0	0	0	0	0	0	1	0	0	0	0	0	0	0	0
OG0005114	0	-1	0	1	0	0	0	0	1	0	0	0	0	0	0	0	0
OG0005115	0	0	0	1	0	0	0	0	0	0	0	0	0	0	0	0	0
OG0005116	0	0	0	1	0	0	0	0	0	0	0	0	0	0	0	0	0
OG0005117	0	0	0	1	0	0	0	0	0	0	0	0	0	0	0	0	0
OG0005118	0	0	1	0	0	0	0	0	0	0	0	0	0	0	0	0	0
OG0005119	0	2	0	0	-1	0	0	0	0	0	0	0	0	0	0	0	0
OG0005122	0	1	0	0	0	0	0	0	0	0	0	0	0	0	0	0	0
OG0005124	0	1	0	1	-1	0	0	0	0	0	0	0	0	0	0	0	0
OG0005125	0	0	0	1	0	0	0	0	0	0	0	0	0	0	0	0	0
OG0005126	0	0	-1	1	1	0	0	0	0	0	0	0	0	0	0	0	0
OG0005127	0	0	0	1	0	0	0	0	0	0	0	0	0	0	0	0	0
OG0005131	0	0	0	1	1	-1	0	0	0	0	0	0	0	0	0	0	0
OG0005132	0	0	0	1	0	0	0	0	0	0	0	0	0	0	0	0	0
OG0005134	0	1	0	1	-1	0	0	0	0	0	0	0	0	0	0	0	0
OG0005135	0	0	0	1	0	0	0	0	0	0	0	0	0	0	0	0	0
OG0005136	0	1	0	1	-1	0	0	0	0	0	0	0	0	0	0	0	0
OG0005138	0	0	0	1	0	0	0	0	0	0	0	0	0	0	0	0	0
OG0005139	0	0	0	1	0	0	0	0	0	0	0	0	0	0	0	0	0
OG0005141	0	0	0	1	1	0	0	0	-1	0	0	0	0	0	0	0	0
OG0005142	0	0	0	1	-1	0	0	0	0	0	-1	0	0	0	0	0	0
OG0005143	0	0	0	1	0	0	0	0	0	0	0	0	0	0	0	0	0
OG0005144	0	0	0	1	0	0	0	0	0	0	0	0	0	0	0	0	0
OG0005145	0	1	0	0	0	0	0	0	0	0	0	0	0	0	0	0	0
OG0005146	0	1	0	0	0	0	0	0	0	0	0	0	0	0	0	0	0
OG0005147	0	0	0	1	0	0	0	0	0	0	0	0	0	0	0	0	0
OG0005148	0	0	0	1	0	0	0	0	0	0	0	0	0	0	0	0	0
OG0005149	0	5	0	0	0	0	0	0	0	0	0	0	0	0	-1	0	0
OG0005150	0	0	0	1	0	0	0	0	0	0	0	0	0	0	0	0	0
OG0005151	0	0	1	1	-1	0	0	0	0	0	0	0	0	0	0	0	0
OG0005152	0	1	0	0	0	0	0	0	0	0	0	0	0	0	0	0	0
OG0005153	0	0	0	0	1	0	0	0	0	0	0	0	0	0	0	0	0
OG0005154	0	0	0	1	0	0	0	0	0	0	0	0	0	0	0	0	0
OG0005155	0	1	0	1	-1	0	0	0	0	0	0	0	0	0	0	0	0
OG0005156	0	0	0	1	0	0	0	0	0	0	0	0	0	0	0	0	0
OG0005157	0	1	0	1	-1	0	0	0	-1	0	-1	0	0	0	0	0	0
OG0005158	0	1	0	0	-1	0	0	0	0	0	-1	0	0	0	0	0	0
OG0005159	0	1	-1	1	0	0	0	0	0	0	0	0	0	0	0	0	0
OG0005160	0	0	0	1	-1	0	0	0	0	0	-1	0	0	0	0	0	0
OG0005162	0	1	0	1	-1	0	0	0	0	0	0	0	0	0	0	0	0
OG0005164	0	0	0	1	0	0	0	0	0	0	0	0	0	0	0	0	0
OG0005165	0	1	-1	1	0	0	0	0	0	0	0	0	0	0	0	0	0
OG0005166	0	0	0	0	0	0	0	0	0	0	-1	0	0	0	0	0	0
OG0005167	0	0	0	1	0	0	0	0	0	0	0	0	0	0	0	0	0
OG0005168	0	0	0	1	0	0	0	0	0	0	0	0	0	0	0	0	0
OG0005169	0	0	0	1	0	0	0	0	0	0	0	0	0	0	0	0	0
OG0005170	0	0	-1	0	1	0	-1	0	0	0	0	0	0	1	0	0	0
OG0005171	0	0	0	1	0	0	0	0	0	0	0	0	0	0	0	0	0
OG0005172	0	0	0	1	0	0	0	0	0	0	0	0	0	0	0	0	0
OG0005173	0	0	-1	0	2	0	0	0	0	0	0	0	0	0	0	0	0
OG0005174	0	0	0	1	0	0	0	0	0	0	0	0	0	0	0	0	0
OG0005175	0	0	0	1	-1	0	0	0	0	0	-1	0	0	0	0	0	0
OG0005176	0	0	0	1	0	0	0	0	0	0	0	0	0	0	0	0	0
OG0005177	0	0	0	1	-1	0	0	0	0	0	-1	0	0	0	0	0	0
OG0005178	0	1	0	1	-1	0	0	0	0	0	0	0	0	0	0	0	0
OG0005179	0	0	0	1	0	0	0	0	0	0	0	0	0	0	0	0	0
OG0005180	0	0	0	0	1	0	0	0	0	0	0	0	0	0	0	0	0
OG0005181	0	0	0	0	1	0	0	0	0	0	0	0	0	0	0	0	0
OG0005182	0	-1	0	1	0	0	0	1	0	0	0	0	0	0	0	0	0
OG0005184	0	-1	-1	8	-1	0	0	0	0	0	0	0	0	0	-1	0	0
OG0005185	0	1	0	1	-1	0	0	0	0	0	0	0	0	0	0	0	0
OG0005189	0	0	0	0	0	0	0	0	1	0	0	0	0	0	0	0	0
OG0005190	0	0	0	1	0	0	0	0	0	0	0	0	0	0	0	0	0
OG0005191	0	1	0	0	0	0	0	0	0	0	0	0	0	0	0	0	0
OG0005192	0	1	0	0	0	0	0	0	0	0	0	0	0	0	0	0	0
OG0005193	0	0	0	1	0	0	0	0	0	0	0	0	0	0	0	0	0
OG0005194	0	0	0	0	1	0	0	0	0	0	0	0	0	0	0	0	0
OG0005196	0	0	0	1	0	0	0	0	0	0	0	0	0	0	0	0	0
OG0005197	0	1	0	1	0	0	0	0	-1	0	0	0	0	0	0	0	0
OG0005198	0	0	0	1	0	0	0	0	0	0	0	0	0	0	0	0	0
OG0005199	0	1	0	1	-1	0	0	0	0	0	0	0	0	0	0	0	0
OG0005200	0	0	0	1	0	0	0	0	0	0	0	0	0	0	0	0	0
OG0005201	0	1	0	1	0	-1	0	0	0	0	0	0	0	0	0	0	0
OG0005202	0	0	0	1	0	0	0	0	0	0	0	0	0	0	0	0	0
OG0005203	0	0	0	1	0	0	0	0	0	0	0	0	0	0	0	0	0
OG0005204	0	0	0	1	0	0	0	0	0	0	0	0	0	0	0	0	0
OG0005205	0	0	0	0	1	0	0	0	0	0	0	0	0	0	0	0	0
OG0005206	0	4	1	1	-1	0	0	0	0	0	0	0	0	0	-1	0	0
OG0005207	0	1	0	1	-1	0	0	0	0	0	0	0	0	0	0	0	0
OG0005208	0	0	0	0	1	0	0	0	0	0	0	0	0	0	0	0	0
OG0005210	0	0	0	0	1	0	0	0	0	0	0	0	0	0	0	0	0
OG0005212	0	0	0	1	0	0	0	0	0	0	0	0	0	0	0	0	0
OG0005214	0	0	0	1	0	0	0	0	0	0	0	0	0	0	0	0	0
OG0005215	0	0	0	1	0	0	0	0	0	0	0	0	0	0	0	0	0
OG0005216	0	1	0	1	-1	0	0	0	0	0	0	0	0	0	0	0	0
OG0005218	0	0	0	0	1	0	0	0	0	0	0	0	0	0	0	0	0
OG0005219	0	0	0	0	1	0	0	0	0	0	0	0	0	0	0	0	0
OG0005220	0	0	0	1	0	0	0	0	0	0	0	0	0	0	0	0	0
OG0005221	0	0	0	1	0	0	0	0	0	0	0	0	0	0	0	0	0
OG0005222	0	1	0	0	0	0	0	0	0	0	0	0	0	0	0	0	0
OG0005224	0	1	0	0	0	0	0	0	0	0	0	0	0	0	0	0	0
OG0005225	0	0	0	1	0	0	0	0	0	0	0	0	0	0	0	0	0
OG0005226	0	0	0	1	0	0	0	0	0	0	0	0	0	0	0	0	0
OG0005228	0	1	0	1	-1	0	0	0	0	0	0	0	0	0	0	0	0
OG0005229	0	0	0	1	0	0	0	0	0	0	0	0	0	0	0	0	0
OG0005231	0	0	0	1	0	0	0	0	0	0	0	0	0	0	0	0	0
OG0005232	0	0	0	1	0	0	0	0	0	0	0	0	0	0	0	0	0
OG0005233	0	0	0	1	-1	0	0	0	1	0	0	0	0	0	0	0	0
OG0005234	0	0	-1	1	1	0	0	0	0	0	0	0	0	0	0	0	0
OG0005235	0	0	0	1	0	0	0	0	0	0	0	0	0	0	0	0	0
OG0005236	0	0	0	1	0	0	0	0	0	0	0	0	0	0	0	0	0
OG0005237	0	1	0	0	0	0	0	0	0	0	0	0	0	0	0	0	0
OG0005238	0	0	0	1	0	0	0	0	0	0	0	0	0	0	0	0	0
OG0005239	0	0	0	1	0	0	0	0	-1	0	-1	0	0	0	0	0	0
OG0005240	0	0	0	1	0	0	0	0	0	0	0	0	0	0	0	0	0
OG0005241	0	0	0	1	0	0	0	0	0	0	0	0	0	0	0	0	0
OG0005242	0	0	0	0	0	0	0	0	0	0	-1	0	0	0	0	0	0
OG0005244	0	2	0	0	-1	0	0	0	0	0	0	0	0	0	0	0	0
OG0005246	0	1	0	0	0	0	0	0	0	0	0	0	0	0	0	0	0
OG0005248	0	1	0	1	-1	0	0	0	0	0	0	0	0	0	0	0	0
OG0005250	0	0	0	1	0	0	0	0	0	0	0	0	0	0	0	0	0
OG0005251	0	1	0	1	-1	0	0	0	0	0	0	0	0	0	0	0	0
OG0005252	0	0	0	0	0	0	1	0	0	0	0	0	0	0	0	0	0
OG0005254	0	0	0	1	0	0	0	0	0	0	0	0	0	0	0	0	0
OG0005255	0	0	0	1	1	0	0	0	-1	0	0	0	0	0	0	0	0
OG0005256	0	0	0	1	0	0	0	0	0	0	0	0	0	0	0	0	0
OG0005258	0	0	0	1	-1	0	0	0	1	0	0	0	0	0	0	0	0
OG0005259	0	0	0	1	0	0	0	0	0	0	0	0	0	0	0	0	0
OG0005260	0	0	0	1	0	0	0	0	0	0	0	0	0	0	0	0	0
OG0005261	0	1	-1	0	0	0	0	0	0	0	0	0	0	0	-2	0	0
OG0005262	0	0	0	1	-1	0	0	0	1	0	0	0	0	0	0	0	0
OG0005263	0	0	0	1	0	0	0	0	0	0	0	0	0	0	0	0	0
OG0005264	0	0	0	1	0	0	0	0	0	0	0	0	0	0	0	0	0
OG0005266	0	1	0	0	0	0	0	0	0	0	0	0	0	0	0	0	0
OG0005267	0	3	-1	0	1	0	0	0	0	0	0	0	0	1	-1	0	0
OG0005268	0	0	1	2	-1	0	0	0	0	0	0	0	1	0	-1	0	0
OG0005270	0	0	0	1	0	0	0	0	0	0	0	0	0	0	0	0	0
OG0005271	0	4	0	1	0	0	0	0	0	0	0	0	0	0	-1	0	0
OG0005272	0	0	0	1	0	0	0	0	0	0	0	0	0	0	0	0	0
OG0005273	0	0	0	1	0	0	0	0	0	0	0	0	0	0	0	0	0
OG0005274	0	0	0	1	0	0	0	0	0	0	0	0	0	0	0	0	0
OG0005275	0	0	0	0	0	0	0	0	0	0	-1	0	0	0	0	0	0
OG0005276	0	0	0	1	0	0	0	0	0	0	0	0	0	0	0	0	0
OG0005277	0	0	0	1	0	0	0	0	0	0	0	0	0	0	0	0	0
OG0005279	0	0	0	0	1	0	0	0	0	0	0	0	0	0	0	0	0
OG0005280	0	-1	0	0	-1	0	0	3	0	0	0	0	0	0	0	0	0
OG0005281	0	0	0	0	1	0	0	0	0	0	0	0	0	0	0	0	0
OG0005282	0	1	0	0	0	0	0	0	0	0	0	0	0	0	0	0	0
OG0005283	1	0	0	0	-1	0	0	0	0	0	-1	0	0	0	0	0	0
OG0005285	0	0	0	1	0	0	0	0	0	0	0	0	0	0	0	0	0
OG0005288	0	0	0	1	0	0	0	0	0	0	0	0	0	0	0	0	0
OG0005289	0	0	0	1	0	0	0	0	0	0	0	0	0	0	0	0	0
OG0005291	0	0	0	1	0	0	0	0	0	0	0	0	0	0	0	0	0
OG0005292	0	0	-1	1	1	0	0	0	0	0	0	0	0	0	0	0	0
OG0005293	0	0	0	1	0	0	0	0	0	0	0	0	0	0	0	0	0
OG0005294	0	0	0	1	0	0	0	0	0	0	0	0	0	0	0	0	0
OG0005295	0	1	0	0	0	0	0	0	0	0	0	0	0	0	0	0	0
OG0005297	0	0	0	1	0	0	0	0	0	0	0	0	0	0	0	0	0
OG0005298	0	0	0	0	1	0	0	0	0	0	0	0	0	0	0	0	0
OG0005300	0	0	0	1	0	0	0	0	0	0	0	0	0	0	0	0	0
OG0005303	0	0	0	1	0	0	0	0	0	0	0	0	0	0	0	0	0
OG0005304	0	-1	0	1	0	0	0	0	0	0	-1	0	0	0	0	0	0
OG0005305	0	1	-1	1	0	0	0	0	0	0	0	0	0	0	0	0	0
OG0005307	0	0	0	1	0	0	0	0	0	0	0	0	0	0	0	0	0
OG0005308	0	0	0	1	0	0	0	0	0	0	0	0	0	0	0	0	0
OG0005309	0	1	0	1	-1	0	0	0	0	0	0	0	0	0	0	0	0
OG0005311	0	0	0	0	0	0	0	0	0	0	-1	0	0	0	0	0	0
OG0005312	0	0	0	1	0	0	0	0	0	0	0	0	0	0	0	0	0
OG0005313	0	0	0	0	0	0	0	0	0	0	-1	0	0	0	0	0	0
OG0005315	0	0	0	1	0	0	0	0	0	0	0	0	0	0	0	0	0
OG0005316	0	0	1	0	0	0	0	0	0	0	0	0	0	0	0	0	0
OG0005318	0	1	0	0	0	0	0	0	0	0	0	0	0	0	0	0	0
OG0005320	0	0	0	0	1	0	0	0	0	0	0	0	0	0	0	0	0
OG0005322	0	1	0	0	0	0	0	0	0	0	0	0	0	0	0	0	0
OG0005323	0	0	0	1	0	0	0	0	0	0	0	0	0	0	0	0	0
OG0005324	0	0	0	0	1	0	0	0	0	0	0	0	0	0	0	0	0
OG0005325	0	0	0	1	0	0	0	0	0	0	0	0	0	0	0	0	0
OG0005326	0	1	0	1	-1	0	0	0	0	0	0	0	0	0	0	0	0
OG0005327	0	1	0	1	-1	0	0	0	0	0	0	0	0	0	0	0	0
OG0005330	0	0	0	1	0	0	0	0	0	0	0	0	0	0	0	0	0
OG0005331	0	0	0	0	1	0	0	0	0	0	0	0	0	0	0	0	0
OG0005332	0	1	0	0	0	0	0	0	0	0	0	0	0	0	0	0	0
OG0005333	0	0	0	1	-1	0	0	0	1	0	0	0	0	0	0	0	0
OG0005335	0	0	0	0	1	0	0	0	0	0	0	0	0	0	0	0	0
OG0005336	0	0	0	1	0	0	0	0	0	0	0	0	0	0	0	0	0
OG0005337	0	1	0	0	0	0	0	0	0	0	0	0	0	0	0	0	0
OG0005338	0	0	0	1	0	0	0	0	0	0	0	0	0	0	0	0	0
OG0005339	0	1	0	1	-1	0	0	0	0	0	0	0	0	0	0	0	0
OG0005340	0	0	0	1	0	0	0	0	0	0	0	0	0	0	0	0	0
OG0005341	0	2	0	0	-1	0	0	0	0	0	0	0	0	0	0	0	0
OG0005342	0	1	1	1	-1	0	0	0	-1	0	0	0	0	0	0	0	0
OG0005343	0	0	0	1	0	0	0	0	0	0	0	0	0	0	0	0	0
OG0005344	0	1	0	0	0	0	0	0	0	0	0	0	0	0	0	0	0
OG0005345	0	0	0	0	-1	0	1	0	0	0	-1	0	0	0	0	0	0
OG0005346	0	0	0	1	0	0	0	0	0	0	0	0	0	0	0	0	0
OG0005347	0	1	0	0	0	0	0	0	0	0	0	0	0	0	0	0	0
OG0005348	0	1	0	1	-1	0	0	0	0	0	0	0	0	0	0	0	0
OG0005349	1	0	0	0	-1	0	0	0	0	0	-1	0	0	0	0	0	0
OG0005350	0	1	0	1	-1	0	0	0	0	0	0	0	0	0	0	0	0
OG0005351	0	0	0	1	0	0	0	0	0	0	0	0	0	0	0	0	0
OG0005352	0	-1	0	1	0	0	0	0	0	0	-1	0	0	0	0	0	0
OG0005353	0	0	0	1	0	0	0	0	0	0	0	0	0	0	0	0	0
OG0005354	0	0	0	1	0	0	0	0	0	0	0	0	0	0	0	0	0
OG0005355	0	-1	0	1	2	0	0	0	0	0	-1	0	0	1	-1	0	0
OG0005356	0	0	0	1	0	0	0	0	0	0	0	0	0	0	0	0	0
OG0005357	0	0	0	1	0	0	0	0	0	0	0	0	0	0	0	0	0
OG0005358	0	1	0	0	-1	0	0	0	1	0	0	0	0	0	0	0	0
OG0005359	0	0	0	1	0	0	0	0	0	0	0	0	0	0	0	0	0
OG0005360	0	0	0	1	0	0	0	0	0	0	0	0	0	0	0	0	0
OG0005361	0	0	0	1	0	0	0	0	0	0	0	0	0	0	0	0	0
OG0005362	0	0	0	0	1	0	0	0	0	0	0	0	0	0	0	0	0
OG0005363	0	1	0	1	-1	0	0	0	0	0	0	0	0	0	0	0	0
OG0005365	0	1	0	1	-1	0	0	0	0	0	0	0	0	0	0	0	0
OG0005366	0	0	0	1	1	-1	0	0	0	0	0	0	0	0	0	0	0
OG0005367	0	0	0	1	0	0	0	0	0	0	0	0	0	0	0	0	0
OG0005369	0	1	0	0	0	0	0	0	0	0	0	0	0	0	0	0	0
OG0005370	0	2	0	0	-1	0	0	0	0	0	0	1	0	0	-1	0	0
OG0005371	0	0	0	1	-1	0	0	0	1	0	0	0	0	0	0	0	0
OG0005373	0	0	0	0	0	0	0	0	0	0	-1	0	0	0	0	0	0
OG0005374	0	1	0	0	0	0	1	0	-1	0	0	0	0	0	0	0	0
OG0005375	0	0	0	0	1	0	0	0	0	0	0	0	0	0	0	0	0
OG0005376	0	0	0	1	0	0	0	0	0	0	0	0	0	0	0	0	0
OG0005377	0	0	0	1	0	0	0	0	0	0	0	0	0	0	0	0	0
OG0005378	0	1	0	0	0	0	0	0	0	0	0	0	0	0	0	0	0
OG0005379	0	0	0	1	0	0	0	0	0	0	0	0	0	0	0	0	0
OG0005380	0	-1	0	2	0	0	0	0	0	0	0	0	0	0	0	0	0
OG0005381	0	0	0	0	1	0	0	0	0	0	0	0	0	0	0	0	0
OG0005382	0	1	0	1	-1	0	0	0	0	0	0	0	0	0	0	0	0
OG0005383	0	0	0	0	1	0	0	0	0	0	0	0	0	0	0	0	0
OG0005384	0	0	0	1	0	0	0	0	0	0	0	0	0	0	0	0	0
OG0005385	0	5	0	0	0	0	0	0	0	0	0	0	0	0	-1	0	0
OG0005386	0	0	0	1	0	0	0	0	0	0	0	0	0	0	0	0	0
OG0005387	0	1	0	0	0	0	0	0	0	0	0	0	0	0	0	0	0
OG0005388	0	0	0	1	0	0	0	0	0	0	0	0	0	0	0	0	0
OG0005389	1	-1	-1	2	0	0	0	0	0	0	-2	0	0	1	-1	0	0
OG0005398	0	1	0	0	0	0	0	0	0	0	0	0	0	0	0	0	0
OG0005399	0	2	0	3	-1	-1	0	0	0	0	0	0	0	0	0	0	-1
OG0005401	0	0	0	1	-1	0	1	0	0	0	0	0	0	0	0	0	0
OG0005403	0	0	0	0	1	0	0	0	0	0	0	0	0	0	0	0	0
OG0005404	0	1	0	1	-1	0	0	0	0	0	0	0	0	0	0	0	0
OG0005405	0	0	0	1	0	0	0	0	0	0	0	0	0	0	0	0	0
OG0005406	0	0	0	1	0	0	0	0	0	0	0	0	0	0	0	0	0
OG0005408	0	0	0	0	1	0	0	0	0	0	0	0	0	0	0	0	0
OG0005410	0	0	0	1	0	0	0	0	-1	0	-1	0	0	0	0	0	0
OG0005411	0	0	0	2	-1	0	0	0	0	0	0	0	0	0	0	0	0
OG0005412	0	0	1	1	-1	0	0	0	0	0	0	0	0	0	0	0	0
OG0005413	0	0	0	0	0	0	0	0	0	0	-1	0	0	0	0	0	0
OG0005414	0	1	0	1	-1	0	0	0	0	0	0	0	0	0	0	0	0
OG0005415	0	0	0	1	0	0	0	0	0	0	0	0	0	0	0	0	0
OG0005416	0	0	0	0	1	0	0	0	0	0	0	0	0	0	0	0	0
OG0005417	0	1	0	0	-1	0	0	1	0	0	0	0	0	0	0	0	0
OG0005418	0	2	0	0	-1	0	0	0	0	0	0	0	0	0	0	0	0
OG0005420	0	0	0	1	-1	1	0	0	0	0	0	0	0	0	0	0	0
OG0005421	0	0	0	1	0	0	0	0	0	0	0	0	0	0	0	0	0
OG0005424	0	2	0	0	-1	0	0	0	0	0	0	0	0	0	0	0	0
OG0005426	0	0	0	0	1	0	0	0	0	0	0	0	0	0	0	0	0
OG0005427	0	0	0	1	0	0	0	0	0	0	0	0	0	0	0	0	0
OG0005428	0	-1	0	1	1	0	0	0	0	0	0	0	0	0	0	0	0
OG0005429	0	0	0	0	1	0	0	0	0	0	0	0	0	0	0	0	0
OG0005430	0	0	0	1	0	0	0	0	0	0	0	0	0	0	0	0	0
OG0005431	0	0	0	1	0	0	0	0	0	0	0	0	0	0	0	0	0
OG0005432	3	-1	0	0	0	0	0	0	0	0	-3	0	0	0	-1	0	0
OG0005433	0	0	0	1	0	0	0	0	0	0	0	0	0	0	0	0	0
OG0005434	0	0	0	0	1	0	0	0	0	0	0	0	0	0	0	0	0
OG0005435	0	1	0	0	0	0	0	0	0	0	0	0	0	0	0	0	0
OG0005436	0	0	0	1	0	0	0	0	0	0	0	0	0	0	0	0	0
OG0005438	0	1	0	0	0	0	0	0	0	0	0	0	0	0	0	0	0
OG0005439	0	1	0	0	0	0	0	0	0	0	0	0	0	0	0	0	0
OG0005440	0	0	0	1	0	0	0	0	0	0	0	0	0	0	0	0	0
OG0005442	0	0	0	1	0	0	0	0	0	0	0	0	0	0	0	0	0
OG0005443	0	2	-1	1	-1	0	0	0	0	0	0	0	0	0	0	0	0
OG0005444	0	0	0	1	0	0	0	0	0	0	0	0	0	0	0	0	0
OG0005446	0	0	0	1	0	0	0	0	0	0	0	0	0	0	0	0	0
OG0005447	0	0	0	1	0	0	0	0	0	0	0	0	0	0	0	0	0
OG0005449	0	0	0	1	0	0	0	0	0	0	0	0	0	0	0	0	0
OG0005450	0	1	0	0	-1	1	0	0	-1	0	-1	0	0	0	0	0	0
OG0005451	0	0	0	1	0	0	0	0	0	0	0	0	0	0	0	0	0
OG0005452	0	0	0	1	0	0	0	0	0	0	0	0	0	0	0	0	0
OG0005454	0	1	0	0	0	0	0	0	0	0	0	0	0	0	0	0	0
OG0005455	0	0	0	1	0	0	0	0	0	0	0	0	0	0	0	0	0
OG0005456	0	0	0	0	1	0	0	0	0	0	0	0	0	0	0	0	0
OG0005458	0	0	0	1	0	0	0	0	0	0	0	0	0	0	0	0	0
OG0005459	0	0	0	1	0	0	0	0	0	0	0	0	0	0	0	0	0
OG0005460	0	0	0	1	0	0	0	0	0	0	0	0	0	0	0	0	0
OG0005461	0	0	0	1	0	0	0	0	0	0	0	0	0	0	0	0	0
OG0005462	0	0	0	1	0	0	0	0	0	0	0	0	0	0	0	0	0
OG0005463	0	0	0	1	-1	1	0	0	0	0	0	0	0	0	0	0	0
OG0005464	0	0	0	0	1	0	0	0	-1	0	-1	0	0	0	0	0	0
OG0005465	0	0	0	1	0	0	0	0	0	0	0	0	0	0	0	0	0
OG0005466	0	0	0	1	0	0	0	0	0	0	0	0	0	0	0	0	0
OG0005467	0	1	0	0	0	0	0	0	0	0	0	0	0	0	0	0	0
OG0005470	0	0	0	1	0	0	0	0	0	0	0	0	0	0	0	0	0
OG0005471	0	0	0	1	0	0	0	0	0	0	0	0	0	0	0	0	0
OG0005472	0	1	0	0	0	0	0	0	0	0	0	0	0	0	0	0	0
OG0005473	0	0	0	1	0	0	0	0	0	0	0	0	0	0	0	0	0
OG0005474	0	0	0	0	1	0	0	0	0	0	0	0	0	0	0	0	0
OG0005475	0	0	0	1	0	0	0	0	0	0	0	0	0	0	0	0	0
OG0005476	0	0	0	1	0	0	0	0	0	0	0	0	0	0	0	0	0
OG0005477	0	0	0	0	0	0	0	0	0	0	-1	0	0	0	0	0	0
OG0005478	0	0	0	1	0	0	0	0	0	0	0	0	0	0	0	0	0
OG0005480	0	1	0	1	-1	0	0	0	0	0	0	0	0	0	0	0	0
OG0005481	0	0	0	0	0	0	0	0	1	0	0	0	0	0	0	0	0
OG0005483	0	0	0	1	0	0	0	0	0	0	0	0	0	0	0	0	0
OG0005485	0	0	0	1	0	0	0	0	0	0	0	0	0	0	0	0	0
OG0005486	0	0	0	1	0	0	0	0	0	0	0	0	0	0	0	0	0
OG0005488	0	0	0	1	0	0	0	0	0	0	0	0	0	0	0	0	0
OG0005489	0	2	-1	0	2	0	0	0	0	0	0	0	0	1	-1	0	0
OG0005490	0	0	0	1	0	0	0	0	0	0	0	0	0	0	0	0	0
OG0005491	0	0	0	1	0	0	0	0	0	0	0	0	0	0	0	0	0
OG0005492	0	0	0	1	0	0	0	0	0	0	0	0	0	0	0	0	0
OG0005493	0	0	0	1	0	0	0	0	0	0	0	0	0	0	0	0	0
OG0005494	0	0	-1	1	1	0	0	0	0	0	0	0	0	0	0	0	0
OG0005495	0	1	0	0	-1	0	0	1	0	0	0	0	0	0	0	0	0
OG0005496	0	1	0	0	0	0	0	0	0	0	0	0	0	0	0	0	0
OG0005497	0	0	0	1	0	0	0	0	0	0	0	0	0	0	0	0	0
OG0005498	0	0	0	1	0	0	0	0	0	0	0	0	0	0	0	0	0
OG0005499	0	0	0	1	0	0	0	0	0	0	0	0	0	0	0	0	0
OG0005500	0	0	0	1	0	0	0	0	0	0	0	0	0	0	0	0	0
OG0005501	0	0	0	1	1	0	0	0	-1	0	0	0	0	0	0	0	0
OG0005502	0	0	0	0	1	0	0	0	0	0	0	0	0	0	0	0	0
OG0005503	0	0	0	1	0	0	0	0	0	0	0	0	0	0	0	0	0
OG0005504	0	0	0	1	0	0	0	0	0	0	0	0	0	0	0	0	0
OG0005505	0	0	0	1	0	0	0	0	0	0	0	0	0	0	0	0	0
OG0005506	0	1	0	1	0	0	0	0	-1	0	0	0	0	0	0	0	0
OG0005507	0	0	0	1	0	0	0	0	0	0	0	0	0	0	0	0	0
OG0005508	0	0	0	1	0	0	0	0	0	0	0	0	0	0	0	0	0
OG0005510	0	0	0	1	0	0	0	0	0	0	0	0	0	0	0	0	0
OG0005511	0	0	0	1	0	0	0	0	0	0	0	0	0	0	0	0	0
OG0005512	0	0	0	1	0	0	0	0	-1	0	-1	0	0	0	0	0	0
OG0005514	0	0	0	1	0	0	0	0	0	0	0	0	0	0	0	0	0
OG0005515	0	0	0	0	1	0	0	0	0	0	0	0	0	0	0	0	0
OG0005516	0	0	0	1	0	0	0	0	0	0	0	0	0	0	0	0	0
OG0005517	0	1	0	0	0	0	0	0	0	0	0	0	0	0	0	0	0
OG0005518	0	0	0	1	-1	0	0	0	0	0	-1	0	0	0	0	0	0
OG0005519	0	0	0	1	0	0	0	0	0	0	0	0	0	0	0	0	0
OG0005520	0	0	0	0	1	0	0	0	0	0	0	0	0	0	0	0	0
OG0005521	0	0	0	1	0	0	0	0	0	0	0	0	0	0	0	0	0
OG0005522	0	0	0	0	1	0	0	0	0	0	0	0	0	0	0	0	0
OG0005523	0	1	0	1	0	0	0	0	-1	0	0	0	0	0	0	0	0
OG0005524	0	0	0	1	0	0	0	0	0	0	0	0	0	0	0	0	0
OG0005526	0	0	0	1	0	0	0	0	0	0	0	0	0	0	0	0	0
OG0005527	0	1	0	0	0	0	0	0	0	0	0	0	0	0	0	0	0
OG0005529	0	0	0	1	1	0	0	0	-1	0	0	0	0	0	0	0	0
OG0005530	0	0	0	1	0	0	0	0	0	0	0	0	0	0	0	0	0
OG0005531	0	0	0	1	0	0	0	0	0	0	0	0	0	0	0	0	0
OG0005532	0	1	-1	1	0	0	0	0	0	0	0	0	0	0	0	0	0
OG0005533	0	1	0	0	0	0	0	0	0	0	0	0	0	0	0	0	0
OG0005534	0	0	0	1	0	0	0	0	0	0	0	0	0	0	0	0	0
OG0005535	0	0	0	1	0	0	0	0	0	0	0	0	0	0	0	0	0
OG0005537	0	0	0	1	0	0	0	0	0	0	0	0	0	0	0	0	0
OG0005538	0	0	0	1	0	0	0	0	0	0	0	0	0	0	0	0	0
OG0005539	0	1	0	1	-1	0	0	0	0	0	0	0	0	0	0	0	0
OG0005540	0	0	0	1	0	0	0	0	0	0	0	0	0	0	0	0	0
OG0005541	0	0	0	1	0	0	0	0	0	0	0	0	0	0	0	0	0
OG0005542	0	0	0	1	0	0	0	0	0	0	0	0	0	0	0	0	0
OG0005543	0	0	0	1	0	0	0	0	0	0	0	0	0	0	0	0	0
OG0005544	0	1	0	0	0	0	0	0	0	0	0	0	0	0	0	0	0
OG0005545	0	-1	0	0	2	0	0	0	0	0	0	0	0	0	0	0	0
OG0005546	0	0	0	1	0	0	0	0	0	0	0	0	0	0	0	0	0
OG0005547	0	1	0	0	0	0	0	0	0	0	0	0	0	0	0	0	0
OG0005549	0	0	0	1	0	0	0	0	0	0	0	0	0	0	0	0	0
OG0005551	0	0	0	1	0	0	0	0	0	0	0	0	0	0	0	0	0
OG0005553	0	0	0	0	1	0	0	0	0	0	0	0	0	0	0	0	0
OG0005554	0	0	0	1	0	0	0	0	0	0	0	0	0	0	0	0	0
OG0005555	0	1	0	0	0	0	0	0	0	0	0	0	0	0	0	0	0
OG0005559	0	0	0	1	0	0	0	0	0	0	0	0	0	0	0	0	0
OG0005560	0	1	0	0	0	0	0	0	0	0	0	0	0	0	0	0	0
OG0005561	0	2	0	1	-1	0	0	0	-1	0	0	0	0	0	0	0	0
OG0005562	0	0	0	1	0	0	0	0	0	0	0	0	0	0	0	0	0
OG0005563	0	0	0	0	0	0	0	0	0	0	-1	0	0	0	0	0	0
OG0005564	0	0	0	1	0	0	0	0	0	0	0	1	0	0	-1	0	0
OG0005565	0	0	0	1	-1	0	0	0	0	0	-1	0	0	0	0	0	0
OG0005566	0	0	0	1	0	0	0	0	0	0	0	0	0	0	0	0	0
OG0005567	0	0	0	1	0	0	0	0	0	0	0	0	0	0	0	0	0
OG0005568	0	1	0	0	0	0	0	0	0	0	0	0	0	0	0	0	0
OG0005571	0	0	0	1	1	0	0	-1	0	0	0	0	0	0	0	0	0
OG0005572	0	0	0	1	0	0	0	0	0	0	0	0	0	0	0	0	0
OG0005574	0	0	0	1	0	0	0	0	0	0	0	0	0	0	0	0	0
OG0005575	0	1	0	0	0	0	0	0	0	0	0	0	0	0	0	0	0
OG0005577	0	2	0	0	-1	0	0	0	0	0	0	0	0	0	0	0	0
OG0005578	0	0	0	1	1	0	-1	0	0	0	0	0	0	0	0	0	0
OG0005579	0	2	-1	0	0	0	0	0	0	0	0	0	0	0	0	0	0
OG0005582	0	1	0	0	0	0	0	0	0	0	0	0	0	0	0	0	0
OG0005583	0	1	0	1	-1	0	0	0	0	0	0	0	0	0	0	0	0
OG0005584	0	0	0	1	0	0	0	0	0	0	0	0	0	0	0	0	0
OG0005585	0	1	0	1	-1	0	0	0	0	0	0	0	0	0	0	0	0
OG0005587	0	-1	0	1	1	0	0	0	0	0	0	0	0	0	0	0	0
OG0005588	0	0	0	1	0	0	0	0	0	0	0	0	0	0	0	0	0
OG0005589	0	0	0	0	0	0	0	0	1	0	0	0	0	0	0	0	0
OG0005590	0	0	0	0	1	0	0	0	0	0	0	0	0	0	0	0	0
OG0005591	0	0	-1	1	1	0	0	0	0	0	0	0	0	0	0	0	0
OG0005592	0	0	0	1	0	0	0	0	0	0	0	0	0	0	0	0	0
OG0005593	0	0	0	0	1	0	0	0	0	0	0	0	0	0	0	0	0
OG0005594	0	0	0	1	0	0	0	0	0	0	0	0	0	0	0	0	0
OG0005595	0	0	0	1	0	0	0	0	0	0	0	0	0	0	0	0	0
OG0005596	0	0	0	1	0	0	0	0	0	0	0	0	0	0	0	0	0
OG0005597	0	0	0	1	0	0	0	0	0	0	0	0	0	0	0	0	0
OG0005599	0	-1	1	1	0	0	0	0	0	0	0	0	0	0	0	0	0
OG0005600	0	2	0	0	-1	0	0	0	0	0	0	0	0	0	0	0	0
OG0005601	0	0	0	1	0	0	0	0	0	0	0	0	0	0	0	0	0
OG0005602	0	1	0	1	-1	0	0	0	0	0	0	0	0	0	0	0	0
OG0005603	0	0	0	1	0	0	0	0	0	0	0	0	0	0	0	0	0
OG0005604	0	0	0	1	0	0	0	0	0	0	0	0	0	0	0	0	0
OG0005605	0	0	0	1	0	0	0	0	0	0	0	0	0	0	0	0	0
OG0005606	0	0	0	1	0	0	0	0	0	0	0	0	0	0	0	0	0
OG0005607	0	0	0	0	0	0	0	0	0	0	-1	0	0	0	0	0	0
OG0005608	0	0	1	1	-1	0	0	0	0	0	0	0	0	0	0	0	0
OG0005609	0	0	0	1	0	0	0	0	0	0	0	0	0	0	0	0	0
OG0005611	0	0	0	1	0	0	0	0	0	0	0	0	0	0	0	0	0
OG0005612	0	0	-1	1	1	0	0	0	0	0	0	0	0	0	0	0	0
OG0005613	0	0	0	1	0	0	0	0	0	0	0	0	0	0	0	0	0
OG0005614	0	0	0	1	0	0	0	0	0	0	0	0	0	0	0	0	0
OG0005615	0	0	0	0	1	0	0	0	0	0	0	0	0	0	0	0	0
OG0005616	0	1	0	0	0	0	0	0	0	0	0	0	0	0	0	0	0
OG0005617	0	2	0	1	-1	0	0	0	-1	0	0	0	0	0	0	0	0
OG0005620	0	0	0	1	0	0	0	0	-1	0	-1	0	0	0	0	0	0
OG0005621	0	0	0	1	0	0	0	0	0	0	0	0	0	0	0	0	0
OG0005622	0	0	0	1	0	0	0	0	0	0	0	0	0	0	0	0	0
OG0005623	0	1	-1	1	0	0	0	0	0	0	0	0	0	0	0	0	0
OG0005624	0	0	0	1	0	0	0	0	0	0	0	0	0	0	0	0	0
OG0005627	0	0	0	1	0	0	0	0	0	0	0	0	0	0	0	0	0
OG0005628	0	0	0	1	0	0	0	0	0	0	0	0	0	0	0	0	0
OG0005629	0	0	0	1	0	0	0	0	0	0	0	0	0	0	0	0	0
OG0005630	0	0	0	1	0	0	0	0	0	0	0	0	0	0	0	0	0
OG0005633	0	0	0	1	0	0	0	0	0	0	0	0	0	0	0	0	0
OG0005634	0	0	0	0	1	0	0	0	0	0	0	0	0	0	0	0	0
OG0005635	0	0	0	1	0	0	0	0	0	0	0	0	0	0	0	0	0
OG0005637	0	0	0	1	0	0	0	0	0	0	0	0	0	0	0	0	0
OG0005638	0	0	0	1	0	0	0	0	0	0	0	0	0	0	0	0	0
OG0005639	0	0	0	1	0	0	0	0	0	0	0	0	0	0	0	0	0
OG0005640	0	0	0	1	0	0	0	0	0	0	0	0	0	0	0	0	0
OG0005641	0	-1	0	2	0	0	0	0	0	0	0	0	0	0	0	0	0
OG0005642	0	0	0	1	0	0	0	0	0	0	0	0	0	0	0	0	0
OG0005643	0	0	0	1	0	0	0	0	0	0	0	0	0	0	0	0	0
OG0005644	0	1	0	1	0	0	0	0	-1	0	0	0	0	0	0	0	0
OG0005649	0	0	0	1	0	0	0	0	0	0	0	0	0	0	0	0	0
OG0005650	0	2	-1	0	0	0	0	0	0	0	0	0	0	0	0	0	0
OG0005651	0	0	0	1	0	0	0	0	0	0	0	0	0	0	0	0	0
OG0005652	0	0	0	1	0	0	0	0	0	0	0	0	0	0	0	0	0
OG0005653	0	0	0	1	0	0	0	0	0	0	0	0	0	0	0	0	0
OG0005654	0	0	0	1	0	0	0	0	0	0	0	0	0	0	0	0	0
OG0005655	0	0	0	1	0	0	0	0	0	0	0	0	0	0	0	0	0
OG0005656	0	0	0	0	0	0	0	0	1	0	0	0	0	0	0	0	0
OG0005657	0	0	0	0	1	0	0	0	0	0	0	0	0	0	0	0	0
OG0005658	0	0	0	0	1	0	0	0	0	0	0	0	0	0	0	0	0
OG0005659	0	0	0	1	0	0	0	0	0	0	0	0	0	0	0	0	0
OG0005661	0	0	0	1	0	0	0	0	0	0	0	0	0	0	0	0	0
OG0005662	0	0	0	1	0	0	0	0	0	0	0	0	0	0	0	0	0
OG0005663	0	0	0	1	0	0	0	0	0	0	0	0	0	0	0	0	0
OG0005665	0	0	0	1	0	0	0	0	0	0	0	0	0	0	0	0	0
OG0005666	0	0	0	0	0	0	0	0	0	0	-1	0	0	0	0	0	0
OG0005667	0	0	-1	1	1	0	0	0	0	0	0	0	0	0	0	0	0
OG0005668	0	1	0	1	-1	0	0	0	0	0	0	0	0	0	0	0	0
OG0005669	0	0	0	1	0	0	0	0	0	0	0	0	0	0	0	0	0
OG0005670	0	0	0	1	-1	0	0	0	0	0	-1	0	0	0	0	0	0
OG0005671	0	1	0	1	-1	0	0	0	0	0	0	0	0	0	0	0	0
OG0005672	0	0	0	1	-1	0	0	0	0	0	-1	0	0	0	0	0	0
OG0005673	0	0	0	1	0	0	0	0	0	0	0	0	0	0	0	0	0
OG0005674	0	1	0	0	-1	0	0	0	0	0	-1	0	0	0	0	0	0
OG0005675	0	0	-1	1	0	0	1	0	0	0	0	0	0	0	0	0	0
OG0005676	0	0	0	1	0	0	0	0	0	0	0	0	0	0	0	0	0
OG0005678	0	0	0	0	0	0	1	0	0	0	0	0	0	0	0	0	0
OG0005679	0	0	0	1	0	0	0	0	0	0	0	0	0	0	0	0	0
OG0005681	0	1	-1	1	0	0	0	0	0	0	0	0	0	0	0	0	0
OG0005682	0	0	0	1	0	0	0	0	0	0	0	0	0	0	0	0	0
OG0005683	0	1	0	0	0	0	0	0	0	0	0	0	0	0	0	0	0
OG0005684	0	0	0	1	-1	0	0	0	0	0	-1	0	0	0	0	0	0
OG0005685	0	-1	1	1	0	0	0	0	0	0	0	0	0	0	0	0	0
OG0005686	0	1	0	0	0	0	0	0	0	0	0	0	0	0	0	0	0
OG0005687	0	0	0	1	-1	0	1	0	0	0	0	0	0	0	0	0	0
OG0005688	0	0	0	1	0	0	0	0	0	0	0	0	0	0	0	0	0
OG0005689	0	1	0	1	-1	0	0	0	0	0	0	0	0	0	0	0	0
OG0005690	0	0	0	1	0	0	0	0	0	0	0	0	0	0	0	0	0
OG0005691	0	0	0	1	0	0	0	0	0	0	0	0	0	0	0	0	0
OG0005692	0	0	0	1	0	0	0	0	0	0	0	0	0	0	0	0	0
OG0005693	0	0	0	1	0	0	0	0	0	0	0	0	0	0	0	0	0
OG0005694	0	0	0	1	0	0	0	0	0	0	0	0	0	0	0	0	0
OG0005695	0	1	0	0	0	0	0	0	0	0	0	0	0	0	0	0	0
OG0005696	0	0	0	1	0	0	0	0	0	0	0	0	0	0	0	0	0
OG0005697	0	1	0	0	0	0	0	0	0	0	0	0	0	0	0	0	0
OG0005698	0	1	0	1	-1	0	0	0	0	0	0	0	0	0	0	0	0
OG0005699	0	0	0	1	-1	0	0	0	0	0	-1	0	0	0	0	0	0
OG0005700	0	1	0	1	-1	0	0	0	0	0	0	0	0	0	0	0	0
OG0005701	0	0	0	1	0	0	0	0	0	0	0	0	0	0	0	0	0
OG0005702	0	1	0	0	0	0	0	0	0	0	0	0	0	0	0	0	0
OG0005703	0	0	0	1	0	0	0	0	0	0	0	0	0	0	0	0	0
OG0005704	0	0	0	1	0	0	0	0	0	0	0	0	0	0	0	0	0
OG0005705	0	0	0	1	0	0	0	0	0	0	0	0	0	0	0	0	0
OG0005706	0	0	-1	1	0	0	1	0	0	0	0	0	0	0	0	0	0
OG0005708	0	-1	0	0	1	0	0	0	0	0	0	0	0	0	-2	0	0
OG0005709	0	0	0	1	0	0	0	0	0	0	0	0	0	0	0	0	0
OG0005710	0	1	0	0	0	0	0	0	0	0	0	0	0	0	0	0	0
OG0005711	0	2	0	0	0	0	0	0	-1	0	0	0	0	0	0	0	0
OG0005713	0	0	0	0	1	0	0	0	0	0	0	0	0	0	0	0	0
OG0005714	0	0	0	0	1	0	0	0	0	0	0	0	0	0	0	0	0
OG0005716	0	2	0	0	-1	0	0	0	0	0	0	0	0	0	0	0	0
OG0005717	0	1	0	0	0	0	0	0	0	0	0	0	0	0	0	0	0
OG0005718	0	1	0	0	0	0	0	0	0	0	0	0	0	0	0	0	0
OG0005719	0	0	0	1	0	0	0	0	0	0	0	0	0	0	0	0	0
OG0005720	0	1	-1	0	0	0	0	0	0	0	-1	0	0	0	0	0	0
OG0005721	0	0	-1	1	1	0	0	0	0	0	0	0	0	0	0	0	0
OG0005722	0	0	0	0	1	0	0	0	0	0	0	0	0	0	0	0	0
OG0005723	0	0	0	1	0	0	0	0	0	0	0	0	0	0	0	0	0
OG0005724	0	0	0	1	0	0	0	0	0	0	0	0	0	0	0	0	0
OG0005725	0	0	0	1	0	0	0	0	0	0	0	0	0	0	0	0	0
OG0005726	0	0	0	0	1	0	0	0	0	0	0	0	0	0	0	0	0
OG0005727	0	1	0	0	0	0	0	0	0	0	0	0	0	0	0	0	0
OG0005728	0	0	0	1	0	0	0	0	0	0	0	0	0	0	0	0	0
OG0005729	0	0	0	1	0	0	0	0	0	0	0	0	0	0	0	0	0
OG0005731	0	1	0	1	0	0	0	0	-1	0	0	0	0	0	0	0	0
OG0005733	0	0	0	1	0	0	0	0	0	0	0	0	0	0	0	0	0
OG0005734	0	0	0	1	0	0	0	0	0	0	0	0	0	0	0	0	0
OG0005735	0	0	0	0	1	0	0	0	0	0	0	0	0	0	0	0	0
OG0005736	0	1	0	0	0	0	0	0	0	0	0	0	0	0	0	0	0
OG0005737	0	0	0	1	0	0	0	0	0	0	0	0	0	0	0	0	0
OG0005738	0	0	0	0	0	0	0	0	0	0	-1	0	0	0	0	0	0
OG0005739	0	0	0	1	1	0	0	0	-1	0	0	0	0	0	0	0	0
OG0005741	0	2	-1	1	-1	0	0	0	0	0	0	0	0	0	0	0	0
OG0005744	0	0	0	1	0	0	0	0	0	0	0	0	0	0	0	0	0
OG0005745	0	0	0	1	0	0	0	0	0	0	0	0	0	0	0	0	0
OG0005746	0	0	0	1	0	0	0	0	0	0	0	0	0	0	0	0	0
OG0005747	0	1	0	0	0	0	0	0	0	0	0	0	0	0	0	0	0
OG0005748	0	0	0	0	1	0	0	0	0	0	0	0	0	0	0	0	0
OG0005749	0	0	0	1	0	0	0	0	0	0	0	0	0	0	0	0	0
OG0005750	0	0	0	1	0	0	0	0	0	0	0	0	0	0	0	0	0
OG0005751	0	0	0	1	0	0	0	0	0	0	0	0	0	0	0	0	0
OG0005752	0	0	0	0	1	0	0	0	0	0	0	0	0	0	0	0	0
OG0005753	0	1	0	0	0	0	0	0	0	0	0	0	0	0	0	0	0
OG0005755	0	0	1	1	-1	0	0	0	0	0	0	0	0	0	0	0	0
OG0005756	0	-1	-1	0	1	0	0	0	0	0	-1	0	0	0	-2	0	0
OG0005757	0	0	0	0	0	0	0	0	1	0	0	0	0	0	0	0	0
OG0005759	0	0	0	1	0	0	0	0	0	0	0	0	0	0	0	0	0
OG0005760	0	0	0	1	0	0	0	0	0	0	0	0	0	0	0	0	0
OG0005761	0	0	0	1	0	0	0	0	0	0	0	0	0	0	0	0	0
OG0005762	0	0	0	1	0	0	0	0	0	0	0	0	0	0	0	0	0
OG0005763	0	0	0	1	1	0	0	0	-1	0	0	0	0	0	0	0	0
OG0005765	0	1	0	0	-1	0	0	0	0	0	-1	0	0	0	0	0	0
OG0005766	0	0	0	1	0	0	0	0	0	0	0	0	0	0	0	0	0
OG0005767	0	0	0	0	1	0	0	0	0	0	0	0	0	0	0	0	0
OG0005768	0	0	0	0	0	0	0	0	0	0	-1	0	0	0	0	0	0
OG0005769	0	0	0	1	0	0	0	0	0	0	0	0	0	0	0	0	0
OG0005770	0	0	0	1	0	0	0	0	0	0	0	0	0	0	0	0	0
OG0005771	0	0	0	1	0	0	0	0	0	0	0	0	0	0	0	0	0
OG0005772	0	1	-1	1	0	0	0	0	0	0	0	0	0	0	0	0	0
OG0005773	0	0	0	1	0	0	0	0	0	0	0	0	0	0	0	0	0
OG0005774	0	0	0	0	0	0	0	0	0	0	-1	0	0	0	0	0	0
OG0005775	0	0	0	0	1	0	0	0	0	0	0	0	0	0	0	0	0
OG0005776	0	0	0	1	0	0	0	0	0	0	0	0	0	0	0	0	0
OG0005777	0	2	0	0	0	0	0	0	-1	0	0	0	0	0	0	0	0
OG0005778	0	0	0	1	0	0	0	0	0	0	0	0	0	0	0	0	0
OG0005779	0	0	0	1	0	0	0	0	0	0	0	0	0	0	0	0	0
OG0005780	0	1	-1	1	-1	0	1	0	0	0	0	0	0	0	0	0	0
OG0005781	0	0	0	1	0	0	0	0	0	0	0	0	0	0	0	0	0
OG0005782	0	0	0	0	0	0	0	0	0	0	-1	0	0	0	0	0	0
OG0005783	0	0	0	0	1	0	0	0	0	0	0	0	0	0	0	0	0
OG0005784	0	-1	0	1	0	0	0	1	0	0	0	0	0	0	0	0	0
OG0005785	0	1	0	1	-1	0	0	0	0	0	0	0	0	0	0	0	0
OG0005786	0	0	0	1	0	0	0	0	0	0	0	0	0	0	0	0	0
OG0005788	0	1	0	0	-1	0	0	0	0	0	-1	0	0	0	0	0	0
OG0005789	0	0	0	1	0	0	0	0	-1	0	-1	0	0	0	0	0	0
OG0005790	0	0	0	1	0	0	0	0	0	0	0	0	0	0	0	0	0
OG0005791	0	1	0	0	0	0	0	0	0	0	0	0	0	0	0	0	0
OG0005792	0	0	0	1	0	0	0	0	0	0	0	0	0	0	0	0	0
OG0005794	0	0	0	1	0	0	0	0	0	0	0	0	0	0	0	0	0
OG0005795	0	1	0	1	-1	0	0	0	0	0	0	0	0	0	0	0	0
OG0005796	0	0	0	1	0	0	0	0	0	0	0	0	0	0	0	0	0
OG0005798	0	0	0	1	0	0	0	0	0	0	0	0	0	0	0	0	0
OG0005799	0	0	0	1	0	0	0	0	0	0	0	0	0	0	0	0	0
OG0005800	0	0	0	1	0	0	0	0	0	0	0	0	0	0	0	0	0
OG0005801	0	-1	0	1	0	0	1	0	0	0	0	0	0	0	0	0	0
OG0005802	0	0	0	1	1	0	0	-1	0	0	0	0	0	0	0	0	0
OG0005803	0	0	0	1	0	0	0	0	0	0	0	0	0	0	0	0	0
OG0005804	0	1	0	1	-1	0	0	0	0	0	0	0	0	0	0	0	0
OG0005805	0	1	0	0	0	0	0	0	0	0	0	0	0	0	0	0	0
OG0005806	0	0	0	1	0	0	0	0	0	0	0	0	0	0	0	0	0
OG0005807	0	0	0	1	0	0	0	0	0	0	0	0	0	0	0	0	0
OG0005808	0	0	0	1	0	0	0	0	0	0	0	0	0	0	0	0	0
OG0005809	0	0	-1	1	1	0	0	0	0	0	0	0	0	0	0	0	0
OG0005810	0	0	0	0	1	0	0	0	0	0	0	0	0	0	0	0	0
OG0005812	0	0	0	1	0	0	0	0	0	0	0	0	0	0	0	0	0
OG0005814	0	1	0	0	0	0	0	0	0	0	0	0	0	0	0	0	0
OG0005816	0	1	0	0	0	0	0	0	0	0	0	0	0	0	0	0	0
OG0005818	0	0	0	1	0	0	0	0	0	0	0	0	0	0	0	0	0
OG0005819	0	0	0	1	0	0	0	0	0	0	0	0	0	0	0	0	0
OG0005821	0	0	-1	1	1	0	0	0	0	0	0	0	0	0	0	0	0
OG0005822	0	0	0	1	0	0	0	0	0	0	0	0	0	0	0	0	0
OG0005823	0	0	0	1	0	0	0	0	0	0	0	0	0	0	0	0	0
OG0005824	0	0	0	1	0	0	0	0	0	0	0	0	0	0	0	0	0
OG0005825	0	0	0	1	0	0	0	0	0	0	0	0	0	0	0	0	0
OG0005826	0	0	0	1	0	0	0	0	0	0	0	0	0	0	0	0	0
OG0005828	0	0	0	0	1	0	0	0	0	0	0	0	0	0	0	0	0
OG0005829	0	0	0	1	0	0	0	0	0	0	0	0	0	0	0	0	0
OG0005830	0	0	0	1	0	0	0	0	0	0	0	0	0	0	0	0	0
OG0005831	0	0	0	1	0	0	0	0	0	0	0	0	0	0	0	0	0
OG0005833	0	0	0	1	0	0	0	0	0	0	0	0	0	0	0	0	0
OG0005834	0	1	0	0	0	0	0	0	0	0	0	0	0	0	0	0	0
OG0005835	0	0	0	1	0	0	0	0	0	0	0	0	0	0	0	0	0
OG0005836	0	2	0	0	-1	0	0	0	0	0	0	0	0	0	0	0	0
OG0005837	0	0	0	1	0	0	0	0	0	0	0	0	0	0	0	0	0
OG0005838	0	0	0	1	0	0	0	0	0	0	0	0	0	0	0	0	0
OG0005839	0	0	0	1	0	0	0	0	0	0	0	0	0	0	0	0	0
OG0005840	0	1	0	1	0	0	-1	0	0	0	0	0	0	0	0	0	0
OG0005842	0	0	0	1	0	0	0	0	0	0	0	0	0	0	0	0	0
OG0005843	0	0	0	1	1	0	0	-1	0	0	0	0	0	0	0	0	0
OG0005844	0	0	0	1	0	0	0	0	0	0	0	0	0	0	0	0	0
OG0005846	0	0	-1	1	1	0	0	0	0	0	0	0	0	0	0	0	0
OG0005848	0	0	0	1	0	0	0	0	0	0	0	0	0	0	0	0	0
OG0005849	0	0	0	1	0	0	0	0	0	0	0	0	0	0	0	0	0
OG0005850	0	1	-1	1	0	0	0	0	0	0	0	0	0	0	0	0	0
OG0005851	0	0	0	1	0	0	0	0	0	0	0	0	0	0	0	0	0
OG0005852	0	1	0	1	-1	0	0	0	0	0	0	0	0	0	0	0	0
OG0005853	0	0	0	1	0	0	0	0	0	0	0	0	0	0	0	0	0
OG0005854	0	-1	0	1	1	0	0	0	0	0	0	0	0	0	0	0	0
OG0005855	0	0	0	1	0	0	0	0	0	0	0	0	0	0	0	0	0
OG0005856	0	0	0	1	0	0	0	0	0	0	0	0	0	0	0	0	0
OG0005857	0	-1	1	1	0	0	0	0	0	0	0	0	0	0	0	0	0
OG0005859	0	1	0	0	-1	0	0	0	0	0	-1	0	0	0	0	0	0
OG0005860	0	1	0	1	-1	0	0	0	0	0	0	0	0	0	0	0	0
OG0005861	0	0	1	0	-1	0	0	0	0	0	-1	0	0	0	0	0	0
OG0005862	0	1	0	1	-1	0	0	0	0	0	0	0	0	0	0	0	0
OG0005863	0	1	0	1	-1	0	0	0	0	0	0	0	0	0	0	0	0
OG0005864	0	0	0	0	1	0	0	0	0	0	0	0	0	0	0	0	0
OG0005865	0	0	0	1	0	0	0	0	0	0	0	0	0	0	0	0	0
OG0005866	0	1	0	0	0	0	0	0	0	0	0	0	0	0	0	0	0
OG0005867	0	0	0	1	0	0	0	0	0	0	0	0	0	0	0	0	0
OG0005868	0	0	0	1	0	0	0	0	0	0	0	0	0	0	0	0	0
OG0005872	0	0	0	0	1	0	0	0	0	0	0	0	0	0	0	0	0
OG0005875	0	0	0	1	0	0	0	0	0	0	0	0	0	0	0	0	0
OG0005876	0	0	0	1	0	0	0	0	0	0	0	0	0	0	0	0	0
OG0005879	0	0	0	1	0	0	0	0	0	0	0	0	0	0	0	0	0
OG0005880	0	0	0	1	0	0	0	0	0	0	0	0	0	0	0	0	0
OG0005881	0	1	0	1	-1	0	0	0	0	0	0	0	0	0	0	0	0
OG0005882	0	0	0	1	0	0	0	0	0	0	0	0	0	0	0	0	0
OG0005883	0	0	0	1	0	0	0	0	0	0	0	0	0	0	0	0	0
OG0005884	0	0	0	1	0	0	0	0	0	0	0	0	0	0	0	0	0
OG0005885	0	0	0	1	0	0	0	0	0	0	0	0	0	0	0	0	0
OG0005886	0	1	0	1	-1	0	0	0	0	0	0	0	0	0	0	0	0
OG0005887	0	0	0	1	0	0	0	0	0	0	0	0	0	0	0	0	0
OG0005888	0	0	0	0	1	0	0	0	0	0	0	0	0	0	0	0	0
OG0005889	0	0	0	1	0	0	0	0	0	0	0	0	0	0	0	0	0
OG0005890	0	0	0	0	0	0	0	0	0	0	-1	0	0	0	0	0	0
OG0005891	0	0	0	1	0	0	0	0	0	0	0	0	0	0	0	0	0
OG0005892	0	0	-1	1	0	0	0	0	0	0	-1	0	0	0	0	0	0
OG0005894	0	-1	0	1	0	0	-2	0	-1	0	0	0	0	0	1	0	0
OG0005895	0	0	0	1	-1	0	0	0	0	0	-1	0	0	0	0	0	0
OG0005896	0	1	0	0	0	0	0	0	0	0	0	0	0	0	0	0	0
OG0005897	0	0	-1	2	0	0	0	0	0	0	0	0	0	0	0	0	0
OG0005899	0	0	0	1	0	0	0	0	0	0	0	0	0	0	0	0	0
OG0005900	0	0	0	1	0	0	0	0	0	0	0	0	0	0	0	0	0
OG0005902	0	1	0	0	0	0	0	0	0	0	0	0	0	0	0	0	0
OG0005903	0	1	0	0	-1	0	0	0	0	0	-1	0	0	0	0	0	0
OG0005904	0	0	0	1	-1	0	1	0	0	0	0	0	0	0	0	0	0
OG0005905	0	0	0	1	0	0	0	0	0	0	0	0	0	0	0	0	0
OG0005907	0	0	0	1	1	0	-1	0	0	0	0	0	0	0	0	0	0
OG0005908	0	1	0	0	1	0	-1	0	0	0	0	0	0	0	0	0	0
OG0005909	0	0	0	0	1	0	0	0	0	0	0	0	0	0	0	0	0
OG0005910	0	1	0	1	-1	0	0	0	0	0	0	0	0	0	0	0	0
OG0005911	0	0	0	1	0	0	0	0	0	0	0	0	0	0	0	0	0
OG0005912	0	0	0	1	0	0	0	0	0	0	0	0	0	0	0	0	0
OG0005913	0	0	0	1	0	0	0	0	0	0	0	0	0	0	0	0	0
OG0005914	0	1	0	1	-1	0	0	0	0	0	0	0	0	0	0	0	0
OG0005916	0	0	0	1	0	0	0	0	0	0	0	0	0	0	0	0	0
OG0005918	0	1	0	1	0	0	-1	0	0	0	0	0	0	0	0	0	0
OG0005919	0	0	0	1	-1	0	0	0	0	0	-1	0	0	0	0	0	0
OG0005920	0	1	0	0	0	0	0	0	0	0	0	0	0	0	0	0	0
OG0005921	0	1	0	1	0	0	-1	0	0	0	0	0	0	0	0	0	0
OG0005922	0	0	1	1	-1	0	0	0	0	0	0	0	0	0	0	0	0
OG0005923	0	2	0	0	0	1	-1	-1	0	0	0	0	0	0	0	0	0
OG0005924	0	1	0	0	0	0	0	0	0	0	0	0	0	0	0	0	0
OG0005925	0	1	0	1	-1	0	0	0	0	0	0	0	0	0	0	0	0
OG0005926	0	0	0	1	0	0	0	0	0	0	0	0	0	0	0	0	0
OG0005927	0	3	0	0	-1	-1	0	0	0	0	0	0	0	0	0	0	0
OG0005930	0	1	0	0	0	0	0	0	0	0	0	0	0	0	0	0	0
OG0005931	0	1	0	1	-1	0	0	0	0	0	0	0	0	0	0	0	0
OG0005932	0	0	0	1	-1	0	0	0	0	0	-1	0	0	0	0	0	0
OG0005933	0	0	0	1	0	0	0	0	0	0	0	0	0	0	0	0	0
OG0005934	0	0	0	0	1	0	0	0	0	0	0	0	0	0	0	0	0
OG0005935	0	0	0	1	0	0	0	0	0	0	0	0	0	0	0	0	0
OG0005936	0	0	0	1	0	0	0	0	0	0	0	0	0	0	0	0	0
OG0005937	0	0	0	1	0	0	0	0	0	0	0	0	0	0	0	0	0
OG0005938	0	0	0	1	0	0	0	0	0	0	0	0	0	0	0	0	0
OG0005939	0	0	0	1	0	0	0	0	0	0	0	0	0	0	0	0	0
OG0005941	0	0	-1	1	1	0	0	0	0	0	0	0	0	0	0	0	0
OG0005943	0	0	0	1	0	0	0	0	0	0	0	0	0	0	0	0	0
OG0005944	0	0	0	1	0	0	0	0	0	0	0	0	0	0	0	0	0
OG0005945	0	0	0	1	0	0	0	0	0	0	0	0	0	0	0	0	0
OG0005946	0	0	0	1	0	0	0	0	0	0	0	0	0	0	0	0	0
OG0005947	0	0	0	1	0	0	0	0	0	0	0	0	0	0	0	0	0
OG0005948	0	0	0	0	0	0	0	0	0	0	-1	0	0	0	0	0	0
OG0005949	0	0	0	1	0	0	0	0	0	0	0	0	0	0	0	0	0
OG0005950	0	0	0	1	0	0	0	0	0	0	0	0	0	0	0	0	0
OG0005951	0	0	0	1	0	0	0	0	0	0	0	0	0	0	0	0	0
OG0005952	0	0	0	1	0	0	0	0	0	0	0	0	0	0	0	0	0
OG0005953	0	0	0	0	1	0	0	0	0	0	0	0	0	0	0	0	0
OG0005956	0	0	0	1	-1	0	1	0	0	0	0	0	0	0	0	0	0
OG0005958	0	0	0	0	1	0	0	0	0	0	0	0	0	0	0	0	0
OG0005959	0	0	0	1	0	0	0	0	0	0	0	0	0	0	0	0	0
OG0005960	0	1	0	1	-1	0	0	0	0	0	0	0	0	0	0	0	0
OG0005961	0	0	0	1	0	0	0	0	0	0	0	0	0	0	0	0	0
OG0005962	0	0	0	1	0	0	0	0	0	0	0	0	0	0	0	0	0
OG0005963	0	0	0	1	0	0	0	0	0	0	0	0	0	0	0	0	0
OG0005964	0	0	0	1	0	0	0	0	0	0	0	0	0	0	0	0	0
OG0005965	0	0	0	1	0	0	0	0	0	0	0	0	0	0	0	0	0
OG0005966	0	1	0	0	0	0	0	0	0	0	0	0	0	0	0	0	0
OG0005967	0	0	0	1	-1	0	0	0	0	0	-1	0	0	0	0	0	0
OG0005968	0	0	0	1	0	0	0	0	0	0	0	0	0	0	0	0	0
OG0005969	0	0	0	1	0	0	0	0	0	0	0	0	0	0	0	0	0
OG0005970	0	0	0	1	0	0	0	0	0	0	0	0	0	0	0	0	0
OG0005971	0	-1	0	0	3	0	0	0	0	0	-1	0	0	1	-1	0	0
OG0005972	0	0	0	1	0	0	0	0	0	0	0	0	0	0	0	0	0
OG0005973	0	0	1	1	-1	0	0	0	0	0	0	0	0	0	0	0	0
OG0005974	0	2	0	0	-1	0	0	0	0	0	0	0	0	0	0	0	0
OG0005975	0	0	0	1	0	0	0	0	0	0	0	0	0	0	0	0	0
OG0005976	0	0	0	1	0	0	0	0	0	0	0	0	0	0	0	0	0
OG0005977	0	1	0	0	-1	0	0	0	0	0	-1	0	0	0	0	0	0
OG0005979	0	0	0	0	1	0	0	0	0	0	0	0	0	0	0	0	0
OG0005980	0	0	0	0	0	0	0	0	0	0	-1	0	0	0	0	0	0
OG0005981	0	1	0	0	0	0	0	0	0	0	0	0	0	0	0	0	0
OG0005982	0	1	0	1	-1	0	0	0	0	0	0	0	0	0	0	0	0
OG0005983	0	0	0	1	0	0	0	0	0	0	0	0	0	0	0	0	0
OG0005985	0	0	0	0	1	0	0	0	0	0	0	0	0	0	0	0	0
OG0005986	0	1	0	1	0	0	0	0	-1	0	0	0	0	0	0	0	0
OG0005987	0	0	0	1	0	0	0	0	0	0	0	0	0	0	0	0	0
OG0005988	0	0	0	1	0	0	0	0	0	0	0	0	0	0	0	0	0
OG0005989	0	0	0	1	0	0	0	0	0	0	0	0	0	0	0	0	0
OG0005990	0	0	0	1	0	0	0	0	0	0	0	0	0	0	0	0	0
OG0005991	0	1	0	0	0	0	0	0	0	0	0	0	0	0	0	0	0
OG0005992	0	1	0	0	-1	0	0	0	1	0	0	0	0	0	0	0	0
OG0005994	0	0	0	0	1	0	0	0	0	0	0	0	0	0	0	0	0
OG0005996	0	0	0	1	-1	0	0	0	0	0	-1	0	0	0	0	0	0
OG0005997	0	1	0	1	-1	0	0	0	0	0	0	0	0	0	0	0	0
OG0005999	0	1	0	1	-1	1	0	0	-1	0	0	0	0	0	0	0	0
OG0006001	0	1	0	0	0	0	0	0	0	0	0	0	0	0	0	0	0
OG0006002	0	1	0	1	0	0	0	0	-1	0	0	0	0	0	0	0	0
OG0006003	0	1	0	0	0	0	0	0	0	0	0	0	0	0	0	0	0
OG0006004	0	0	0	1	1	0	0	0	-1	0	0	0	0	0	0	0	0
OG0006006	0	0	0	1	0	0	0	0	0	0	0	0	0	0	0	0	0
OG0006007	0	0	0	1	0	0	0	0	0	0	0	0	0	0	0	0	0
OG0006008	0	1	0	0	0	0	0	0	0	0	0	0	0	0	0	0	0
OG0006009	0	0	0	1	-1	0	0	0	0	0	-1	0	0	0	0	0	0
OG0006010	0	0	0	1	1	0	0	0	-1	0	0	0	0	0	0	0	0
OG0006011	0	1	0	1	0	0	0	0	-1	0	0	0	0	0	0	0	0
OG0006012	0	0	0	0	1	0	0	0	0	0	0	0	0	0	0	0	0
OG0006013	0	1	0	0	-1	0	0	0	0	0	-1	0	0	0	0	0	0
OG0006014	0	0	0	1	0	0	0	0	0	0	0	0	0	0	0	0	0
OG0006015	0	2	0	0	0	0	0	0	0	0	-1	0	0	-1	0	0	0
OG0006016	0	2	0	-1	0	0	0	0	0	0	0	0	0	0	0	0	0
OG0006019	0	4	0	0	0	0	0	0	0	0	0	0	-1	0	0	0	0
OG0006022	0	2	0	-1	0	0	0	0	0	0	0	0	0	0	0	0	0
OG0006024	0	0	1	-1	1	0	0	0	0	0	0	0	0	0	0	0	0
OG0006027	0	0	1	-1	1	0	0	0	0	0	0	0	0	0	0	0	0
OG0006029	0	3	0	0	0	0	0	0	0	0	0	0	0	-1	0	0	0
OG0006033	0	0	2	0	0	0	0	0	0	0	-1	0	0	-1	0	0	0
OG0006035	0	1	0	-1	1	0	0	0	0	0	0	0	0	0	0	0	0
OG0006036	0	2	1	0	0	0	0	0	0	0	0	0	0	-1	0	0	0
OG0006038	0	-1	0	0	0	0	0	0	0	0	0	0	0	-1	1	0	0
OG0006039	0	0	0	-1	2	0	0	0	0	0	0	0	0	0	0	0	0
OG0006041	0	0	2	-1	0	0	0	0	0	0	0	0	0	0	0	0	0
OG0006042	0	2	0	-1	0	0	0	0	0	0	0	0	0	0	0	0	0
OG0006043	0	2	0	-1	0	0	0	0	0	0	0	0	0	0	0	0	0
OG0006044	0	1	0	-1	0	0	0	0	1	0	0	0	0	0	0	0	0
OG0006045	0	1	0	-1	0	0	1	0	0	0	0	0	0	0	0	0	0
OG0006046	0	1	0	0	0	0	-1	0	0	0	0	0	-1	0	1	0	0
OG0006048	0	3	0	0	0	1	0	0	0	0	0	0	-1	0	0	0	0
OG0006049	0	1	1	-1	1	0	0	0	-1	0	0	0	0	0	0	0	0
OG0006053	0	3	0	0	0	0	0	0	0	0	0	0	0	-1	0	0	0
OG0006054	0	0	1	-1	1	0	0	0	0	0	0	0	0	0	0	0	0
OG0006057	0	0	0	-1	2	0	0	0	0	0	0	0	0	0	0	0	0
OG0006058	0	0	0	-1	1	0	0	0	1	0	0	0	0	0	0	0	0
OG0006059	0	-1	0	0	0	-1	0	0	1	0	0	0	0	-1	1	0	0
OG0006060	0	2	0	0	0	0	0	0	0	0	-1	0	0	-1	0	0	0
OG0006061	1	-1	-1	-1	1	0	1	0	0	0	-1	0	0	0	0	0	0
OG0006063	0	0	0	-1	2	0	0	0	0	0	0	0	0	0	0	0	0
OG0006064	0	0	-1	-1	3	0	0	0	0	0	0	0	0	0	0	0	0
OG0006065	0	0	0	-1	1	0	0	0	0	0	-1	0	0	0	0	0	0
OG0006066	1	1	0	0	0	0	0	0	0	0	-1	0	0	-1	0	0	0
OG0006067	0	0	-1	-1	2	0	0	0	0	0	-1	0	0	0	0	0	0
OG0006068	0	1	0	-1	1	0	0	0	0	0	0	0	0	0	0	0	0
OG0006071	0	1	0	-1	1	0	0	0	0	0	0	0	0	0	0	0	0
OG0006073	0	1	0	0	0	0	1	1	0	0	0	0	0	-1	0	0	0
OG0006074	0	0	-1	-1	1	0	0	0	2	0	0	0	0	0	0	0	0
OG0006075	4	-1	0	0	0	0	0	0	-1	0	-3	0	0	-1	0	-1	0
OG0006076	0	2	0	-1	0	0	0	0	0	0	0	0	0	0	0	0	0
OG0006078	0	2	0	-1	0	0	0	0	0	0	0	0	0	0	0	0	0
OG0006088	0	-1	-1	-1	8	0	0	0	0	0	0	0	0	0	-1	0	0
OG0006091	0	2	0	-1	4	0	0	0	0	0	0	0	0	0	-1	0	0
OG0006102	3	2	0	0	0	0	0	0	0	0	-2	0	0	-1	-1	0	0
OG0006110	0	4	3	0	0	0	0	0	0	0	0	0	0	-1	-1	0	0
OG0006130	3	3	0	0	0	0	0	0	0	0	-2	0	-1	0	-1	0	0
OG0006156	4	-1	1	0	0	0	0	0	0	0	-3	0	0	-1	-1	0	0
OG0006164	0	0	0	1	0	0	0	0	-1	0	0	0	0	0	0	0	0
OG0006165	0	0	-1	1	0	0	0	0	0	0	0	0	0	0	0	0	0
OG0006167	0	1	0	1	-1	0	0	0	-1	0	0	0	0	0	0	0	0
OG0006168	0	0	0	1	-1	0	0	0	0	0	0	0	0	0	0	0	0
OG0006171	0	0	0	1	-1	0	0	0	0	0	0	0	0	0	0	0	0
OG0006172	0	0	0	1	-1	0	0	0	0	0	0	0	0	0	0	0	0
OG0006174	0	0	0	1	-1	0	0	0	0	0	0	0	0	0	0	0	0
OG0006175	0	0	-1	0	1	0	0	0	0	0	0	0	0	0	0	0	0
OG0006176	0	0	0	1	0	0	0	0	-1	0	0	0	0	0	0	0	0
OG0006177	0	1	0	0	-1	0	0	0	0	0	0	0	0	0	0	0	0
OG0006178	0	0	0	1	-1	0	0	0	0	0	0	0	0	0	0	0	0
OG0006179	0	0	0	0	0	0	0	0	0	0	0	0	0	0	0	0	0
OG0006180	0	0	0	1	-1	0	0	0	0	0	0	0	0	0	0	0	0
OG0006181	0	0	0	1	0	0	0	0	-1	0	0	0	0	0	0	0	0
OG0006184	0	0	0	1	-1	0	0	0	0	0	0	0	0	0	0	0	0
OG0006185	0	1	0	1	0	-1	0	0	-1	0	0	0	0	0	0	0	0
OG0006186	0	0	0	1	-1	0	0	0	0	0	0	0	0	0	0	0	0
OG0006190	0	-1	1	1	-1	0	0	0	0	0	0	0	0	0	0	0	0
OG0006191	0	0	0	0	0	0	0	0	0	0	0	0	0	0	0	0	0
OG0006192	0	2	0	1	1	0	0	0	0	0	0	0	0	0	-1	0	0
OG0006195	0	0	0	0	0	0	0	0	0	0	0	0	0	0	0	0	0
OG0006196	0	0	0	0	0	0	0	0	0	0	0	0	0	0	0	0	0
OG0006200	0	0	0	0	1	0	0	0	0	0	0	0	1	0	-1	0	0
OG0006201	0	1	0	0	0	0	0	0	-1	0	0	0	0	0	0	0	0
OG0006203	0	4	0	0	0	0	0	0	0	0	0	0	0	0	-1	0	0
OG0006204	0	1	0	0	-1	0	0	0	0	0	0	0	0	0	0	0	0
OG0006205	0	0	0	1	-1	0	0	0	0	0	0	0	0	0	0	0	0
OG0006206	0	0	0	0	0	0	0	0	0	0	0	0	0	0	0	0	0
OG0006207	0	0	0	1	-1	1	0	0	-1	0	0	0	0	0	0	0	0
OG0006210	0	0	0	0	0	0	0	0	0	0	0	0	0	0	0	0	0
OG0006211	0	0	0	1	0	0	0	0	-1	0	0	0	0	0	0	0	0
OG0006212	0	0	0	0	0	0	0	0	0	0	0	0	0	0	0	0	0
OG0006213	0	0	0	0	0	0	0	0	0	0	0	0	0	0	0	0	0
OG0006215	0	0	0	1	-1	0	0	0	0	0	0	0	0	0	0	0	0
OG0006216	0	0	0	0	-1	0	0	0	0	0	-1	0	0	0	0	0	0
OG0006218	0	0	-1	1	0	0	0	0	0	0	0	0	0	0	0	0	0
OG0006219	0	0	0	0	1	0	-1	0	0	0	0	0	0	0	0	0	0
OG0006220	0	0	0	0	0	0	0	0	0	0	0	0	0	0	0	0	0
OG0006222	0	0	0	1	-1	0	0	0	0	0	0	0	0	0	0	0	0
OG0006224	0	-1	0	0	1	0	0	0	0	0	0	0	0	0	0	0	0
OG0006225	0	0	0	0	2	0	0	0	0	0	0	0	0	1	-1	0	0
OG0006226	0	0	0	0	0	0	0	0	0	0	0	0	0	0	0	0	0
OG0006228	0	0	0	1	-1	0	0	0	0	0	0	0	0	0	0	0	0
OG0006232	0	-1	0	1	-1	0	0	0	1	0	0	0	0	0	0	0	0
OG0006235	0	0	0	1	-1	0	0	0	0	0	0	0	0	0	0	0	0
OG0006238	0	0	0	0	0	0	0	0	0	0	0	0	0	0	0	0	0
OG0006241	0	0	0	0	0	0	0	0	0	0	0	0	0	0	0	0	0
OG0006243	0	0	0	1	-1	0	0	0	0	0	0	0	0	0	0	0	0
OG0006245	0	1	0	0	-1	0	0	0	0	0	0	0	0	0	0	0	0
OG0006246	0	-1	0	1	0	0	0	0	0	0	0	0	0	0	0	0	0
OG0006247	0	1	0	0	-1	0	0	0	0	0	0	0	0	0	0	0	0
OG0006250	0	-1	0	0	1	0	0	0	0	0	0	0	0	0	0	0	0
OG0006253	0	0	0	0	0	0	0	0	0	0	0	0	0	0	0	0	0
OG0006254	0	0	0	1	0	0	-1	0	0	0	0	0	0	0	0	0	0
OG0006255	0	0	0	1	-1	0	0	0	0	0	0	0	0	0	0	0	0
OG0006257	0	1	0	1	0	0	-1	0	-1	0	0	0	0	0	0	0	0
OG0006258	0	0	0	1	0	0	-1	0	0	0	0	0	0	0	0	0	0
OG0006259	0	0	0	1	-1	0	0	0	0	0	0	0	0	0	0	0	0
OG0006260	0	0	0	1	-1	0	0	0	0	0	0	0	0	0	0	0	0
OG0006262	0	0	0	1	0	0	0	0	-1	0	0	0	0	0	0	0	0
OG0006263	0	4	0	1	-1	0	0	0	0	0	0	0	0	0	-1	0	0
OG0006264	0	0	0	1	0	0	-1	0	0	0	0	0	0	0	0	0	0
OG0006265	0	0	0	0	0	0	0	0	0	0	0	0	0	0	0	0	0
OG0006266	0	0	0	0	4	0	0	0	0	0	0	0	0	0	-1	0	0
OG0006267	0	1	0	0	0	0	-1	0	0	0	0	0	0	0	0	0	0
OG0006268	0	0	0	1	0	0	-1	0	0	0	0	0	0	0	0	0	0
OG0006269	0	0	0	1	-1	0	0	0	0	0	0	0	0	0	0	0	0
OG0006271	0	0	0	1	-1	0	0	0	0	0	0	0	0	0	0	0	0
OG0006273	0	0	0	0	0	0	0	0	0	0	0	0	0	0	0	0	0
OG0006274	0	0	0	1	-1	0	0	0	0	0	0	0	0	0	0	0	0
OG0006275	0	1	0	0	-1	0	0	0	0	0	0	0	0	0	0	0	0
OG0006276	0	0	0	0	2	0	0	0	0	0	0	0	0	1	-1	0	0
OG0006277	0	0	0	0	0	0	0	0	0	0	0	0	0	0	0	0	0
OG0006278	0	0	0	1	0	0	0	0	-1	0	0	0	0	0	0	0	0
OG0006284	0	0	0	1	-1	0	0	0	0	0	0	0	0	0	0	0	0
OG0006285	0	0	0	1	-1	0	0	0	0	0	0	0	0	0	0	0	0
OG0006286	0	0	0	0	0	0	0	0	0	0	0	0	0	0	0	0	0
OG0006287	0	0	0	1	-1	0	0	0	0	0	0	0	0	0	0	0	0
OG0006288	0	0	0	1	-1	0	0	0	0	0	0	0	0	0	0	0	0
OG0006289	0	1	-1	1	-1	0	0	0	0	0	0	0	0	0	0	0	0
OG0006290	0	1	0	0	1	0	0	0	0	0	0	0	0	1	-1	0	0
OG0006291	0	0	0	1	-1	0	0	0	0	0	0	0	0	0	0	0	0
OG0006292	0	0	0	0	0	0	0	0	0	0	0	0	0	0	0	0	0
OG0006293	0	0	-1	0	0	0	0	0	1	0	0	0	0	0	0	0	0
OG0006295	0	0	0	0	0	0	0	0	0	0	0	0	0	0	0	0	0
OG0006296	0	1	0	0	-1	0	0	0	0	0	0	0	0	0	0	0	0
OG0006297	0	0	0	0	0	0	0	0	0	0	0	0	0	0	0	0	0
OG0006298	0	-1	0	1	-1	0	1	0	0	0	0	0	0	0	0	0	0
OG0006301	0	0	0	0	0	0	0	0	0	0	0	0	0	0	0	0	0
OG0006302	0	0	0	1	-1	0	0	0	0	0	0	0	0	0	0	0	0
OG0006303	0	0	0	0	0	0	0	0	0	0	0	0	0	0	0	0	0
OG0006304	0	0	0	1	-1	0	0	0	0	0	0	0	0	0	0	0	0
OG0006306	0	-1	0	0	1	0	0	0	0	0	0	0	0	0	0	0	0
OG0006307	0	0	0	0	0	0	0	0	0	0	0	0	0	0	0	0	0
OG0006308	0	0	0	1	-1	0	0	0	0	0	0	0	0	0	0	0	0
OG0006309	0	0	0	0	0	0	0	0	0	0	0	0	0	0	0	0	0
OG0006310	0	0	0	1	-1	0	0	0	0	0	0	0	0	0	0	0	0
OG0006311	0	0	1	0	-1	0	0	0	0	0	0	0	0	0	0	0	0
OG0006313	0	1	0	0	-1	0	0	0	0	0	0	0	0	0	0	0	0
OG0006314	0	1	0	0	-1	0	0	0	0	0	0	0	0	0	0	0	0
OG0006317	0	0	0	0	0	0	0	0	0	0	0	0	0	0	0	0	0
OG0006318	0	0	0	1	-1	0	0	0	0	0	0	0	0	0	0	0	0
OG0006320	0	0	0	1	0	0	0	0	-1	0	0	0	0	0	0	0	0
OG0006321	0	-1	0	1	0	0	0	0	0	0	0	0	0	0	0	0	0
OG0006322	0	0	0	0	0	0	0	0	0	0	0	0	0	0	0	0	0
OG0006324	0	0	0	1	-1	0	0	0	0	0	0	0	0	0	0	0	0
OG0006325	0	2	-1	0	0	0	0	0	-1	0	0	0	0	0	0	0	0
OG0006326	0	1	0	1	-1	0	0	0	-1	0	0	0	0	0	0	0	0
OG0006330	0	1	-1	0	-1	0	0	0	0	0	0	0	0	0	-2	0	0
OG0006331	0	0	0	1	-1	0	0	0	0	0	0	0	0	0	0	0	0
OG0006332	0	0	0	0	0	0	0	0	0	0	0	0	0	0	0	0	0
OG0006334	0	0	0	0	0	0	0	0	0	0	0	0	0	0	0	0	0
OG0006335	0	0	0	0	0	0	0	0	0	0	0	0	0	0	0	0	0
OG0006336	0	0	0	1	-1	0	0	0	0	0	0	0	0	0	0	0	0
OG0006337	0	0	0	1	-1	0	0	0	0	0	0	0	0	0	0	0	0
OG0006338	0	-1	1	0	0	0	0	0	0	0	0	0	0	0	0	0	0
OG0006339	0	1	0	0	-1	0	0	0	0	0	0	0	0	0	0	0	0
OG0006340	0	0	0	1	-1	0	0	0	0	0	0	0	0	0	0	0	0
OG0006341	0	0	0	0	0	0	0	0	0	0	0	0	0	0	0	0	0
OG0006343	0	0	0	0	-1	0	0	0	0	0	-1	0	0	0	0	0	0
OG0006344	0	0	0	0	0	0	0	0	0	0	0	0	0	0	0	0	0
OG0006345	0	1	0	0	-1	0	0	0	0	0	0	0	0	0	0	0	0
OG0006346	0	0	0	1	-1	0	0	0	0	0	0	0	0	0	0	0	0
OG0006348	0	0	0	1	-1	0	0	0	0	0	0	0	0	0	0	0	0
OG0006350	0	1	-1	0	0	0	0	0	0	0	0	0	0	0	0	0	0
OG0006353	0	0	0	1	-1	0	0	0	0	0	0	0	0	0	0	0	0
OG0006354	0	0	0	1	-1	0	0	0	0	0	0	0	0	0	0	0	0
OG0006356	0	0	0	1	-1	0	0	0	0	0	0	0	0	0	0	0	0
OG0006358	0	1	0	0	-1	0	0	0	0	0	0	0	0	0	0	0	0
OG0006359	0	0	0	0	0	0	0	0	0	0	0	0	0	0	0	0	0
OG0006360	0	-1	0	1	0	0	0	0	0	0	0	0	0	0	0	0	0
OG0006363	0	1	0	0	-1	0	0	0	0	0	0	0	0	0	0	0	0
OG0006365	0	0	0	0	0	0	0	0	0	0	0	0	0	0	0	0	0
OG0006366	0	0	0	0	0	0	0	0	0	0	0	0	0	0	0	0	0
OG0006367	0	0	0	0	-1	0	0	0	1	0	0	0	0	0	0	0	0
OG0006368	1	-1	-1	4	-1	0	0	0	0	0	-2	0	0	0	-1	0	0
OG0006369	0	0	0	0	0	0	0	0	0	0	0	0	0	0	0	0	0
OG0006370	0	0	0	0	1	0	0	0	0	0	0	0	1	0	-1	0	0
OG0006371	0	0	1	0	-1	0	0	0	0	0	0	0	0	0	0	0	0
OG0006372	0	0	0	0	-1	0	0	0	0	0	-1	0	0	0	0	0	0
OG0006373	0	0	0	0	0	0	0	0	0	0	0	0	0	0	0	0	0
OG0006374	0	0	0	1	0	-1	0	0	0	0	0	0	0	0	0	0	0
OG0006375	0	0	0	0	0	0	0	0	0	0	0	0	0	0	0	0	0
OG0006377	0	0	0	0	0	0	0	0	0	0	0	0	0	0	0	0	0
OG0006379	0	0	0	1	-1	0	0	0	0	0	0	0	0	0	0	0	0
OG0006380	0	-1	0	4	0	0	0	0	0	0	-1	0	0	0	-1	0	0
OG0006381	0	0	0	0	0	0	0	0	0	0	0	0	0	0	0	0	0
OG0006382	0	0	0	0	-1	0	0	0	0	0	-1	0	0	0	0	0	0
OG0006384	0	0	0	1	0	0	0	0	-1	0	0	0	0	0	0	0	0
OG0006385	0	0	0	0	0	0	0	0	0	0	0	0	0	0	0	0	0
OG0006388	3	-1	-1	1	-1	0	0	0	0	0	-3	0	0	0	-1	0	0
OG0006389	0	0	0	1	-1	0	0	0	0	0	0	0	0	0	0	0	0
OG0006391	0	0	0	1	1	0	0	0	0	0	0	0	0	1	-1	0	0
OG0006392	0	0	-1	3	0	0	0	0	0	0	0	0	0	1	-1	0	0
OG0006398	0	0	0	1	-1	0	0	0	0	0	0	0	0	0	0	0	0
OG0006402	0	0	0	0	0	0	0	0	0	0	0	0	0	0	0	0	0
OG0006403	0	0	0	0	0	0	0	0	0	0	0	0	0	0	0	0	0
OG0006404	0	0	0	0	0	0	0	0	0	0	0	0	0	0	0	0	0
OG0006405	0	1	0	1	-1	0	0	0	-1	0	0	0	0	0	0	0	0
OG0006409	0	0	0	1	-1	0	0	0	0	0	0	0	0	0	0	0	0
OG0006410	0	-1	0	0	2	0	0	0	0	0	-1	0	0	1	-1	0	0
OG0006411	0	0	0	0	0	0	0	0	0	0	0	0	0	0	0	0	0
OG0006413	0	0	0	0	0	0	0	0	0	0	0	0	0	0	0	0	0
OG0006414	0	0	0	0	0	0	0	0	0	0	0	0	0	0	0	0	0
OG0006415	0	1	0	0	-1	0	0	0	0	0	0	0	0	0	0	0	0
OG0006417	0	1	0	0	-1	0	0	0	0	0	0	0	0	0	0	0	0
OG0006418	0	0	0	0	0	0	0	0	0	0	0	0	0	0	0	0	0
OG0006419	0	0	0	1	-1	0	0	0	0	0	0	0	0	0	0	0	0
OG0006420	0	0	0	1	-1	0	0	0	0	0	0	0	0	0	0	0	0
OG0006421	0	0	0	1	-1	0	0	0	0	0	0	0	0	0	0	0	0
OG0006423	0	0	0	0	0	0	0	0	0	0	0	0	0	0	0	0	0
OG0006424	0	-1	0	1	0	0	0	0	0	0	0	0	0	0	0	0	0
OG0006425	0	0	-1	0	0	0	1	0	0	0	0	0	0	0	0	0	0
OG0006426	0	-1	-1	1	1	0	0	0	0	0	0	0	0	0	0	0	0
OG0006427	0	0	0	1	-1	0	0	0	0	0	0	0	0	0	0	0	0
OG0006428	0	0	0	1	-1	0	0	0	0	0	0	0	0	0	0	0	0
OG0006429	0	0	0	-1	0	0	0	0	0	0	0	0	0	0	-2	0	0
OG0006432	0	1	0	0	-1	0	0	0	0	0	0	0	0	0	0	0	0
OG0006433	0	-1	0	1	-1	0	0	0	0	0	0	0	0	0	-2	0	0
OG0006434	0	2	-1	0	-1	0	0	0	0	0	0	0	0	0	0	0	0
OG0006435	0	0	0	0	0	0	0	0	0	0	0	0	0	0	0	0	0
OG0006436	0	0	0	1	-1	0	0	0	0	0	0	0	0	0	0	0	0
OG0006438	0	-1	0	1	0	0	0	0	0	0	0	0	0	0	0	0	0
OG0006439	0	0	0	0	0	0	0	0	0	0	0	0	0	0	0	0	0
OG0006440	0	0	0	0	0	0	0	0	0	0	0	0	0	0	0	0	0
OG0006441	0	0	0	1	-1	0	0	0	0	0	0	0	0	0	0	0	0
OG0006442	0	1	-1	0	0	0	0	0	0	0	0	0	0	0	0	0	0
OG0006444	0	1	0	0	-1	0	0	0	0	0	0	0	0	0	0	0	0
OG0006445	0	1	0	0	-1	0	0	0	0	0	0	0	0	0	0	0	0
OG0006446	0	0	0	1	-1	0	0	0	0	0	0	0	0	0	0	0	0
OG0006448	0	0	0	1	-1	0	0	0	0	0	0	0	0	0	0	0	0
OG0006449	0	0	0	1	-1	0	0	0	0	0	0	0	0	0	0	0	0
OG0006450	0	0	0	1	-1	0	0	0	0	0	0	0	0	0	0	0	0
OG0006451	0	0	0	1	-1	0	0	0	0	0	0	0	0	0	0	0	0
OG0006454	0	0	0	0	0	0	0	0	0	0	0	0	0	0	0	0	0
OG0006455	0	0	0	0	0	0	0	0	0	0	0	0	0	0	0	0	0
OG0006456	0	-1	0	1	-1	0	1	0	0	0	0	0	0	0	0	0	0
OG0006457	0	0	0	0	0	0	0	0	0	0	0	0	0	0	0	0	0
OG0006458	0	0	-1	1	0	0	0	0	0	0	0	0	0	0	0	0	0
OG0006460	0	0	0	0	0	0	0	0	0	0	0	0	0	0	0	0	0
OG0006462	0	0	0	0	-1	0	0	0	0	0	-1	0	0	0	0	0	0
OG0006464	0	0	0	1	-1	0	0	0	0	0	0	0	0	0	0	0	0
OG0006465	0	0	0	1	0	-1	0	0	0	0	0	0	0	0	0	0	0
OG0006466	0	1	0	0	-1	0	0	0	0	0	0	0	0	0	0	0	0
OG0006470	0	0	0	1	0	0	0	0	-1	0	0	0	0	0	0	0	0
OG0006472	0	0	0	0	0	0	0	0	0	0	0	0	0	0	0	0	0
OG0006476	0	0	0	1	0	0	-1	0	0	0	0	0	0	0	0	0	0
OG0006477	0	0	0	1	-1	0	0	0	0	0	0	0	0	0	0	0	0
OG0006479	0	5	-1	1	-1	0	0	0	0	0	0	0	0	0	-1	0	0
OG0006480	0	0	0	1	0	0	0	0	-1	0	0	0	0	0	0	0	0
OG0006481	0	2	-1	0	-1	0	0	0	0	0	0	0	0	0	0	0	0
OG0006482	0	-1	-1	0	-1	0	0	0	0	0	-1	0	0	0	0	1	0
OG0006484	3	-1	-1	1	-1	0	0	0	0	0	-3	0	0	0	-1	0	0
OG0006485	0	0	0	0	1	0	0	0	-1	0	0	0	0	0	0	0	0
OG0006487	0	0	0	0	0	0	0	0	0	0	0	0	0	0	0	0	0
OG0006489	0	0	0	0	0	0	0	0	0	0	0	0	0	0	0	0	0
OG0006490	0	0	1	0	-1	0	0	0	0	0	0	0	0	0	0	0	0
OG0006491	0	0	-1	1	-1	0	0	0	0	0	-1	0	0	0	0	0	0
OG0006493	0	1	0	0	1	0	0	0	0	0	0	0	0	1	-1	0	0
OG0006494	0	0	0	1	0	0	0	0	-1	0	0	0	0	0	0	0	0
OG0006495	0	1	0	0	-1	0	0	0	0	0	0	0	0	0	0	0	0
OG0006496	0	0	0	0	0	0	0	0	0	0	0	0	0	0	0	0	0
OG0006497	0	0	0	1	-1	0	0	0	0	0	0	0	0	0	0	0	0
OG0006499	0	0	0	1	-1	0	0	0	0	0	0	0	0	0	0	0	0
OG0006500	0	-1	0	0	1	0	0	0	0	0	0	0	0	0	0	0	0
OG0006501	0	0	0	1	0	0	-1	0	0	0	0	0	0	0	0	0	0
OG0006502	0	-1	0	1	-1	0	-1	0	1	0	-1	0	0	0	0	0	0
OG0006504	0	-1	0	1	-1	0	0	0	1	0	0	0	0	0	0	0	0
OG0006505	0	0	0	0	0	0	0	0	0	0	0	0	0	0	0	0	0
OG0006506	0	0	0	0	0	0	0	0	0	0	0	0	0	0	0	0	0
OG0006507	0	0	0	0	0	0	0	0	0	0	0	0	0	0	0	0	0
OG0006508	0	0	0	0	0	0	0	0	0	0	0	0	0	0	0	0	0
OG0006509	0	0	0	1	-1	0	0	0	0	0	0	0	0	0	0	0	0
OG0006511	0	0	0	0	0	0	0	0	0	0	0	0	0	0	0	0	0
OG0006513	0	0	0	0	0	0	0	0	0	0	0	0	0	0	0	0	0
OG0006514	0	0	0	1	0	0	-1	0	0	0	0	0	0	0	0	0	0
OG0006515	0	1	0	0	-1	0	0	0	0	0	0	0	0	0	0	0	0
OG0006516	0	1	0	0	0	0	-1	0	0	0	0	0	0	0	0	0	0
OG0006517	0	1	0	0	-1	0	0	0	0	0	0	0	0	0	0	0	0
OG0006518	0	0	0	0	0	0	0	0	0	0	0	0	0	0	0	0	0
OG0006519	0	1	0	0	-1	0	0	0	0	0	0	0	0	0	0	0	0
OG0006520	0	1	0	0	-1	0	0	0	0	0	0	0	0	0	0	0	0
OG0006521	0	0	0	0	0	0	0	0	0	0	0	0	0	0	0	0	0
OG0006522	0	0	0	0	0	0	0	0	0	0	0	0	0	0	0	0	0
OG0006523	0	0	0	0	0	0	0	0	0	0	0	0	0	0	0	0	0
OG0006524	0	0	0	0	0	0	0	0	0	0	0	0	0	0	0	0	0
OG0006525	0	0	0	0	0	0	0	0	0	0	0	0	0	0	0	0	0
OG0006527	0	0	0	0	0	0	0	0	0	0	0	0	0	0	0	0	0
OG0006528	0	0	0	0	0	0	0	0	0	0	0	0	0	0	0	0	0
OG0006529	0	0	-1	0	1	0	0	0	0	0	0	0	0	0	0	0	0
OG0006531	0	0	0	0	0	0	0	0	0	0	0	0	0	0	0	0	0
OG0006532	0	0	0	0	0	0	0	0	0	0	0	0	0	0	0	0	0
OG0006533	0	0	0	1	-1	0	0	0	0	0	0	0	0	0	0	0	0
OG0006535	0	0	0	1	-1	0	0	0	0	0	0	0	0	0	0	0	0
OG0006536	0	0	0	1	-1	0	0	0	0	0	0	0	0	0	0	0	0
OG0006538	0	0	0	1	-1	0	0	0	0	0	0	0	0	0	0	0	0
OG0006540	0	4	0	0	0	0	0	0	0	0	0	0	0	0	-1	0	0
OG0006544	0	0	-1	1	0	0	0	0	0	0	0	0	0	0	0	0	0
OG0006546	0	0	0	1	0	0	0	0	-1	0	0	0	0	0	0	0	0
OG0006547	0	0	0	0	0	0	0	0	0	0	0	0	0	0	0	0	0
OG0006548	0	-1	0	1	-1	0	0	0	0	0	-1	0	0	0	0	0	0
OG0006554	0	0	0	0	0	0	0	0	0	0	0	0	0	0	0	0	0
OG0006555	0	0	0	1	-1	0	0	0	0	0	0	0	0	0	0	0	0
OG0006556	0	-1	0	1	0	0	0	0	0	0	0	0	0	0	0	0	0
OG0006557	0	0	0	0	0	0	0	0	0	0	0	0	0	0	0	0	0
OG0006559	0	0	0	1	-1	0	0	0	0	0	0	0	0	0	0	0	0
OG0006560	0	-1	0	0	1	0	0	0	0	0	0	0	0	0	0	0	0
OG0006561	0	0	0	0	0	0	0	0	0	0	0	0	0	0	0	0	0
OG0006564	0	0	0	1	-1	0	0	0	0	0	0	0	0	0	0	0	0
OG0006565	0	0	0	1	-1	0	0	0	0	0	0	0	0	0	0	0	0
OG0006566	0	1	0	0	-1	0	0	0	0	0	0	0	0	0	0	0	0
OG0006567	0	5	0	0	-1	0	0	0	0	0	0	0	0	0	-1	0	0
OG0006569	0	3	0	0	0	0	0	0	0	0	-1	0	0	0	-1	0	0
OG0006570	0	0	0	1	0	0	0	0	-1	0	0	0	0	0	0	0	0
OG0006571	0	1	-1	1	-1	0	0	0	0	0	0	0	0	0	0	0	0
OG0006572	0	0	0	0	0	0	0	0	0	0	0	0	0	0	0	0	0
OG0006574	0	2	0	1	1	0	0	0	0	0	0	0	0	0	-1	0	0
OG0006575	0	0	0	0	0	0	0	0	0	0	0	0	0	0	0	0	0
OG0006578	0	0	1	0	1	0	0	0	0	0	0	0	0	0	0	0	-1
OG0006580	0	0	0	1	-1	1	-1	0	0	0	0	0	0	0	0	0	0
OG0006581	0	0	0	1	-1	0	0	0	0	0	0	0	0	0	0	0	0
OG0006582	0	1	0	0	0	0	-1	0	0	0	0	0	0	0	0	0	0
OG0006584	0	0	0	1	-1	0	0	0	0	0	0	0	0	0	0	0	0
OG0006585	0	0	0	0	0	0	0	0	0	0	0	0	0	0	0	0	0
OG0006587	0	0	0	1	-1	0	0	0	0	0	0	0	0	0	0	0	0
OG0006588	0	0	0	0	0	0	0	0	0	0	0	0	0	0	0	0	0
OG0006589	0	0	0	1	-1	0	0	0	0	0	0	0	0	0	0	0	0
OG0006590	0	0	0	0	-1	0	0	0	0	0	-1	0	0	0	0	0	0
OG0006591	0	0	0	0	0	0	0	0	0	0	0	0	0	0	0	0	0
OG0006593	0	0	0	0	0	0	0	0	0	0	0	0	0	0	0	0	0
OG0006594	0	0	0	1	-1	0	0	0	0	0	0	0	0	0	0	0	0
OG0006596	0	0	0	1	-1	0	0	0	0	0	0	0	0	0	0	0	0
OG0006599	0	0	0	1	-1	0	0	0	0	0	0	0	0	0	0	0	0
OG0006600	0	-1	0	0	1	0	0	0	0	0	0	0	0	0	0	0	0
OG0006601	0	0	0	0	0	0	0	0	0	0	0	0	0	0	0	0	0
OG0006602	0	0	0	1	-1	0	0	0	0	0	0	0	0	0	0	0	0
OG0006603	0	-1	0	1	0	0	0	0	0	0	0	0	0	0	0	0	0
OG0006605	0	0	-1	0	2	0	0	0	-1	0	0	0	0	0	0	0	0
OG0006606	0	0	0	0	0	0	0	0	0	0	0	0	0	0	0	0	0
OG0006609	0	0	0	0	-1	0	0	0	0	0	-1	0	0	0	0	0	0
OG0006611	0	0	-1	1	0	0	0	0	0	0	0	0	0	0	0	0	0
OG0006612	0	0	0	1	-1	0	0	0	0	0	0	0	0	0	0	0	0
OG0006614	0	2	0	1	1	0	0	0	0	0	0	0	0	0	-1	0	0
OG0006615	0	0	0	1	-1	0	0	0	0	0	0	0	0	0	0	0	0
OG0006616	0	0	0	0	-1	0	1	0	0	0	0	0	0	0	0	0	0
OG0006617	0	1	0	0	-1	0	0	0	0	0	0	0	0	0	0	0	0
OG0006618	0	0	0	0	0	0	0	0	0	0	0	0	0	0	0	0	0
OG0006619	0	0	0	1	-1	0	0	0	0	0	0	0	0	0	0	0	0
OG0006620	0	0	0	0	0	0	0	0	0	0	0	0	0	0	0	0	0
OG0006621	0	0	0	0	-1	0	0	0	0	0	-1	0	0	0	0	0	0
OG0006622	0	0	0	1	-1	0	0	0	0	0	0	0	0	0	0	0	0
OG0006623	0	0	0	0	-1	0	0	0	0	0	-1	0	0	0	0	0	0
OG0006624	0	0	0	0	0	0	0	0	0	0	0	0	0	0	0	0	0
OG0006626	0	0	0	1	-1	0	0	0	0	0	0	0	0	0	0	0	0
OG0006627	0	0	0	1	-1	0	0	0	0	0	0	0	0	0	0	0	0
OG0006630	0	0	0	0	0	0	0	0	0	0	0	0	0	0	0	0	0
OG0006633	0	0	0	1	-1	0	0	0	0	0	0	0	0	0	0	0	0
OG0006634	0	0	0	0	0	0	0	0	0	0	0	0	0	0	0	0	0
OG0006636	0	0	0	1	-1	0	0	0	0	0	0	0	0	0	0	0	0
OG0006638	0	1	0	0	-1	0	0	0	0	0	0	0	0	0	0	0	0
OG0006639	0	-1	0	0	1	0	0	0	0	0	0	0	0	0	0	0	0
OG0006640	0	0	0	1	-1	0	0	0	0	0	0	0	0	0	0	0	0
OG0006641	0	0	0	0	0	0	0	0	0	0	0	0	0	0	0	0	0
OG0006644	0	0	0	1	0	0	0	0	-1	0	0	0	0	0	0	0	0
OG0006646	0	0	0	1	0	0	0	0	-1	0	0	0	0	0	0	0	0
OG0006647	0	0	0	0	0	0	0	0	0	0	0	0	0	0	0	0	0
OG0006648	0	1	0	0	-1	0	0	0	0	0	0	0	0	0	0	0	0
OG0006649	0	0	0	1	-1	0	0	0	0	0	0	0	0	0	0	0	0
OG0006651	0	0	1	0	-1	0	0	0	0	0	0	0	0	0	0	0	0
OG0006652	0	0	0	1	-1	0	0	0	0	0	0	0	0	0	0	0	0
OG0006653	0	0	0	0	0	0	0	0	0	0	0	0	0	0	0	0	0
OG0006655	0	0	0	0	0	0	0	0	0	0	0	0	0	0	0	0	0
OG0006656	0	0	0	0	0	0	0	0	0	0	0	0	0	0	0	0	0
OG0006658	0	0	0	1	0	0	0	0	-1	0	0	0	0	0	0	0	0
OG0006659	0	0	0	0	0	0	0	0	0	0	0	0	0	0	0	0	0
OG0006660	0	0	0	0	0	0	0	0	0	0	0	0	0	0	0	0	0
OG0006661	0	0	0	0	0	0	0	0	0	0	0	0	0	0	0	0	0
OG0006662	0	0	0	0	0	0	0	0	0	0	0	0	0	0	0	0	0
OG0006663	0	0	0	0	0	0	0	0	0	0	0	0	0	0	0	0	0
OG0006664	0	0	0	1	-1	0	0	0	0	0	0	0	0	0	0	0	0
OG0006665	0	0	0	1	-1	0	0	0	0	0	0	0	0	0	0	0	0
OG0006666	0	0	0	1	-1	0	0	0	0	0	0	0	0	0	0	0	0
OG0006667	0	0	0	0	0	0	0	0	0	0	0	0	0	0	0	0	0
OG0006668	0	0	0	1	-1	0	0	0	0	0	0	0	0	0	0	0	0
OG0006669	0	0	0	0	0	0	0	0	0	0	0	0	0	0	0	0	0
OG0006671	0	0	0	0	0	0	0	0	0	0	0	0	0	0	0	0	0
OG0006672	0	0	0	0	0	0	0	0	0	0	0	0	0	0	0	0	0
OG0006673	0	0	0	0	0	0	0	0	0	0	0	0	0	0	0	0	0
OG0006674	0	0	0	0	-1	0	0	0	0	0	-1	0	0	0	0	0	0
OG0006677	0	0	0	1	-1	0	0	0	0	0	0	0	0	0	0	0	0
OG0006678	0	0	0	1	-1	0	0	0	0	0	0	0	0	0	0	0	0
OG0006680	0	1	-1	0	0	0	0	0	0	0	0	0	0	0	0	0	0
OG0006681	0	0	0	1	-1	0	0	0	0	0	0	0	0	0	0	0	0
OG0006682	0	0	0	0	0	0	0	0	0	0	0	0	0	0	0	0	0
OG0006683	0	0	0	0	0	0	0	0	0	0	0	0	0	0	0	0	0
OG0006684	0	1	0	0	-1	0	0	0	0	0	0	0	0	0	0	0	0
OG0006686	0	0	0	1	-1	0	0	0	0	0	0	0	0	0	0	0	0
OG0006687	0	1	0	0	-1	0	0	0	0	0	0	0	0	0	0	0	0
OG0006688	0	0	0	0	0	0	0	0	0	0	0	0	0	0	0	0	0
OG0006690	0	0	0	1	-1	0	0	0	0	0	0	0	0	0	0	0	0
OG0006691	0	0	0	1	-1	0	0	0	0	0	0	0	0	0	0	0	0
OG0006692	0	0	0	1	-1	0	0	0	0	0	0	0	0	0	0	0	0
OG0006694	0	0	-1	1	1	0	0	-1	0	0	0	0	0	0	0	0	0
OG0006697	0	1	-1	1	-1	0	0	0	0	0	0	0	0	0	0	0	0
OG0006698	0	0	0	1	-1	0	0	0	0	0	0	0	0	0	0	0	0
OG0006699	0	-1	0	0	1	0	0	0	0	0	0	0	0	0	0	0	0
OG0006700	0	2	0	1	1	0	0	0	0	0	0	0	0	0	-1	0	0
OG0006701	0	0	0	1	0	0	-1	0	0	0	0	0	0	0	0	0	0
OG0006702	0	1	0	0	-1	0	0	0	0	0	0	0	0	0	0	0	0
OG0006705	0	0	0	0	0	0	0	0	0	0	0	0	0	0	0	0	0
OG0006706	0	0	0	0	0	0	0	0	0	0	0	0	0	0	0	0	0
OG0006709	0	0	0	1	-1	0	0	0	0	0	0	0	0	0	0	0	0
OG0006710	0	0	0	0	0	0	0	0	0	0	0	0	0	0	0	0	0
OG0006711	0	0	0	0	0	0	0	0	-1	0	-1	0	0	0	0	0	0
OG0006712	0	1	0	0	-1	0	0	0	0	0	0	0	0	0	0	0	0
OG0006714	0	0	0	1	-1	0	0	0	0	0	0	0	0	0	0	0	0
OG0006715	0	0	0	1	-1	0	0	0	0	0	0	0	0	0	0	0	0
OG0006716	0	0	0	0	0	0	0	0	0	0	0	0	0	0	0	0	0
OG0006717	0	3	1	1	-1	0	0	0	0	0	0	0	0	0	-1	0	0
OG0006718	0	0	0	0	0	0	0	0	0	0	0	0	0	0	0	0	0
OG0006719	0	0	0	1	-1	0	0	0	0	0	0	0	0	0	0	0	0
OG0006720	0	0	0	1	0	0	0	0	0	0	-1	0	0	1	-1	0	0
OG0006721	0	0	0	0	0	0	0	0	0	0	0	0	0	0	0	0	0
OG0006722	0	0	0	1	-1	0	0	0	0	0	0	0	0	0	0	0	0
OG0006723	0	0	0	1	-1	0	0	0	0	0	0	0	0	0	0	0	0
OG0006724	0	0	0	0	0	0	0	0	0	0	0	0	0	0	0	0	0
OG0006725	0	-1	1	1	-1	0	0	0	0	0	0	0	0	0	0	0	0
OG0006726	0	0	0	1	-1	0	0	0	0	0	0	0	0	0	0	0	0
OG0006727	0	-1	0	0	1	0	0	0	0	0	0	0	0	0	0	0	0
OG0006728	0	0	0	0	0	0	0	0	0	0	0	0	0	0	0	0	0
OG0006730	0	0	0	1	0	0	0	0	-1	0	0	0	0	0	0	0	0
OG0006731	0	0	0	1	0	0	-1	0	0	0	0	0	0	0	0	0	0
OG0006732	0	0	0	1	-1	0	0	0	0	0	0	0	0	0	0	0	0
OG0006733	0	0	0	1	0	0	-1	0	0	0	0	0	0	0	0	0	0
OG0006734	0	0	0	1	-1	0	0	0	0	0	0	0	0	0	0	0	0
OG0006735	0	0	0	1	-1	0	0	0	0	0	0	0	0	0	0	0	0
OG0006736	0	0	0	1	0	-1	0	0	0	0	0	0	0	0	0	0	0
OG0006737	0	-1	0	1	0	0	0	0	0	0	0	0	0	0	0	0	0
OG0006738	0	0	0	0	0	0	0	0	0	0	0	0	0	0	0	0	0
OG0006739	0	1	0	0	-1	0	0	0	0	0	0	0	0	0	0	0	0
OG0006741	0	-1	0	1	-1	0	0	0	0	0	-1	0	0	0	0	0	0
OG0006743	0	0	0	1	-1	0	0	0	0	0	0	0	0	0	0	0	0
OG0006744	0	0	0	1	-1	0	0	0	0	0	0	0	0	0	0	0	0
OG0006745	0	0	0	1	-1	0	0	0	0	0	0	0	0	0	0	0	0
OG0006748	0	0	0	0	0	0	0	0	0	0	0	0	0	0	0	0	0
OG0006749	0	0	0	1	-1	0	0	0	0	0	0	0	0	0	0	0	0
OG0006751	0	0	0	0	0	0	0	0	0	0	0	0	0	0	0	0	0
OG0006752	0	0	0	1	-1	0	0	0	0	0	0	0	0	0	0	0	0
OG0006754	0	1	0	1	-1	0	-1	0	0	0	0	0	0	0	0	0	0
OG0006755	0	0	0	0	0	0	0	0	0	0	0	0	0	0	0	0	0
OG0006758	0	0	0	1	-1	0	0	0	0	0	0	0	0	0	0	0	0
OG0006759	0	0	0	0	0	0	0	0	0	0	0	0	0	0	0	0	0
OG0006761	0	0	0	1	-1	0	0	0	0	0	0	0	0	0	0	0	0
OG0006762	0	0	0	0	0	0	0	0	0	0	0	0	0	0	0	0	0
OG0006763	0	0	0	1	0	0	0	0	1	0	0	0	0	0	0	-1	0
OG0006764	0	-1	0	1	0	0	0	0	0	0	0	0	0	0	0	0	0
OG0006765	0	0	0	1	-1	0	0	0	0	0	0	0	0	0	0	0	0
OG0006766	0	0	1	1	0	0	0	0	0	0	0	0	0	0	0	0	-1
OG0006769	0	0	0	0	0	0	0	0	0	0	0	0	0	0	0	0	0
OG0006770	0	0	0	0	-1	0	0	0	0	0	-1	0	0	0	0	0	0
OG0006771	0	0	0	1	-1	0	0	0	0	0	0	0	0	0	0	0	0
OG0006772	0	0	0	0	0	0	0	0	0	0	0	0	0	0	0	0	0
OG0006774	0	0	0	0	0	0	0	0	0	0	0	0	0	0	0	0	0
OG0006775	0	1	0	0	0	0	0	0	-1	0	0	0	0	0	0	0	0
OG0006776	0	0	0	0	-1	0	0	0	0	0	-1	0	0	0	0	0	0
OG0006777	0	0	-2	0	0	-1	0	0	0	0	0	0	0	0	-1	0	-1
OG0006779	0	0	0	1	-1	0	0	0	0	0	0	0	0	0	0	0	0
OG0006780	0	0	0	1	-1	0	0	0	0	0	0	0	0	0	0	0	0
OG0006781	0	-1	0	0	0	0	0	0	0	0	-1	0	0	0	0	0	0
OG0006782	0	0	0	0	-1	0	0	0	0	0	-1	0	0	0	0	0	0
OG0006783	0	1	0	0	-1	0	0	0	0	0	0	0	0	0	0	0	0
OG0006784	0	0	0	1	0	0	0	0	-1	0	0	0	0	0	0	0	0
OG0006787	0	0	0	1	-1	0	0	0	0	0	0	0	0	0	0	0	0
OG0006789	0	0	0	0	0	0	0	0	0	0	0	0	0	0	0	0	0
OG0006790	0	0	0	-1	1	0	0	0	0	0	0	0	0	0	0	0	0
OG0006793	0	1	0	-1	0	0	0	0	0	0	0	0	0	0	0	0	0
OG0006794	0	0	0	-1	1	0	0	0	0	0	0	0	0	0	0	0	0
OG0006795	0	-1	0	0	0	0	0	0	-1	0	0	0	0	-1	1	0	0
OG0006800	0	1	0	-1	0	0	0	0	0	0	0	0	0	0	0	0	0
OG0006802	0	2	0	0	0	0	0	0	0	0	0	0	0	-1	0	0	0
OG0006803	0	-1	0	-1	1	0	0	0	0	0	-1	0	0	0	0	0	0
OG0006804	0	1	0	0	0	0	0	0	0	0	-1	0	0	-1	0	0	0
OG0006805	0	0	0	-1	1	0	0	0	0	0	0	0	0	0	0	0	0
OG0006806	0	-1	0	-1	2	0	0	0	0	0	0	0	0	0	0	0	0
OG0006809	0	0	0	-1	1	0	0	0	0	0	0	0	0	0	0	0	0
OG0006810	0	1	0	-1	0	0	0	0	0	0	0	0	0	0	0	0	0
OG0006812	0	0	1	0	0	0	0	0	0	0	-1	0	0	-1	0	0	0
OG0006813	0	1	0	-1	0	0	0	0	0	0	0	0	0	0	0	0	0
OG0006814	0	2	0	0	0	0	0	0	0	0	0	0	0	-1	0	0	0
OG0006815	0	2	0	0	0	0	0	0	0	0	0	0	0	-1	0	0	0
OG0006818	0	2	-1	-1	0	0	0	0	0	0	0	0	0	0	0	0	0
OG0006819	0	0	0	0	0	0	1	0	0	0	-1	0	0	-1	0	0	0
OG0006821	0	3	0	0	0	0	0	0	0	0	0	0	-1	0	0	0	0
OG0006823	0	1	0	-1	0	0	0	0	0	0	0	0	0	0	0	0	0
OG0006824	0	0	0	-1	0	0	0	0	1	0	0	0	0	0	0	0	0
OG0006825	0	0	0	-1	1	0	0	0	0	0	0	0	0	0	0	0	0
OG0006827	0	1	0	-1	0	0	0	0	0	0	0	0	0	0	0	0	0
OG0006828	0	0	0	-1	1	0	0	0	0	0	0	0	0	0	0	0	0
OG0006830	0	0	0	-1	1	0	0	0	0	0	0	0	0	0	0	0	0
OG0006833	0	0	0	-1	1	0	0	0	0	0	0	0	0	0	0	0	0
OG0006836	0	2	-1	-1	0	0	0	0	0	0	0	0	0	0	0	0	0
OG0006837	2	0	0	0	0	0	0	0	-1	0	-2	0	-1	0	0	0	0
OG0006840	0	0	0	-1	1	0	0	0	0	0	0	0	0	0	0	0	0
OG0006846	0	1	-1	-1	1	0	0	0	0	0	0	0	0	0	0	0	0
OG0006847	0	0	1	-1	0	0	0	0	0	0	0	0	0	0	0	0	0
OG0006848	0	2	0	0	0	0	0	0	0	0	0	0	0	-1	0	0	0
OG0006850	0	0	0	-1	0	0	0	0	0	0	-1	0	0	0	0	0	0
OG0006854	0	1	0	-1	0	0	0	0	0	0	0	0	0	0	0	0	0
OG0006855	0	1	0	-1	0	0	0	0	0	0	0	0	0	0	0	0	0
OG0006857	0	1	0	0	0	0	0	0	0	0	-1	0	0	-1	0	0	0
OG0006858	0	1	0	-1	0	0	0	0	0	0	0	0	0	0	0	0	0
OG0006859	0	0	0	-1	1	0	0	0	0	0	0	0	0	0	0	0	0
OG0006861	0	0	0	-1	1	0	0	0	0	0	0	0	0	0	0	0	0
OG0006862	0	0	0	-1	1	0	0	0	0	0	0	0	0	0	0	0	0
OG0006863	0	1	0	-1	0	0	0	0	0	0	0	0	0	0	0	0	0
OG0006864	0	0	1	-1	0	0	0	0	0	0	0	0	0	0	0	0	0
OG0006868	1	0	0	-1	3	0	0	0	0	0	-1	0	0	0	-1	0	0
OG0006888	3	-1	-1	-1	2	0	0	0	0	0	-2	0	0	0	-1	0	0
OG0006889	2	-1	1	-1	1	0	0	0	0	0	-2	0	0	0	-1	0	0
OG0006894	0	1	0	-1	0	0	0	0	0	0	-1	0	0	-1	-2	0	0
OG0006895	0	5	-1	-1	1	0	0	0	0	0	0	0	0	0	-1	0	0
OG0006912	0	6	0	0	0	0	0	0	0	0	-1	0	-1	0	-1	0	0
OG0006927	1	4	0	0	0	0	0	0	0	0	-2	0	-1	0	-1	0	0
OG0006936	0	7	0	0	0	0	0	0	0	0	0	0	-1	0	-1	0	0
OG0006941	4	0	0	0	0	0	0	0	0	0	-3	0	-1	0	-1	0	0
OG0006972	0	0	0	1	0	0	0	0	0	0	0	0	0	1	-1	0	0
OG0006974	0	0	0	0	-1	0	0	0	0	0	0	0	0	0	0	0	0
OG0006975	0	0	0	1	-1	0	0	0	-1	0	0	0	0	0	0	0	0
OG0006976	0	-1	0	1	-1	0	0	0	0	0	0	0	0	0	0	0	0
OG0006981	0	0	-1	0	0	0	0	0	0	0	0	0	0	0	0	0	0
OG0006982	0	0	0	0	-1	0	0	0	0	0	0	0	0	0	0	0	0
OG0006985	0	-1	0	0	0	0	0	0	0	0	0	0	0	0	0	0	0
OG0006986	0	1	0	0	-1	0	0	0	-1	0	0	0	0	0	0	0	0
OG0006988	0	0	0	0	-1	0	0	0	0	0	0	0	0	0	0	0	0
OG0006989	0	1	0	1	1	0	0	0	0	0	0	0	0	0	-1	0	0
OG0006991	0	-1	0	1	-1	0	0	0	-1	0	-1	0	0	0	0	0	0
OG0006993	0	0	-1	1	-1	0	0	0	0	0	0	0	0	0	0	0	0
OG0006994	0	-1	0	1	-1	0	0	0	0	0	0	0	0	0	0	0	0
OG0006995	0	0	0	1	-1	0	0	0	-1	0	0	0	0	0	0	0	0
OG0006996	2	-1	-1	1	0	0	0	0	0	0	-2	0	0	0	-1	0	0
OG0007001	0	0	-1	0	0	0	0	0	0	0	0	0	0	0	0	0	0
OG0007002	0	0	0	0	-1	0	0	0	0	0	0	0	0	0	0	0	0
OG0007003	0	2	-1	2	0	0	0	0	0	0	0	0	0	0	-1	0	0
OG0007004	0	0	1	1	0	0	0	0	0	0	-1	0	0	0	-1	0	0
OG0007006	0	1	0	2	0	0	0	0	0	0	0	0	0	0	-1	0	0
OG0007009	0	-1	0	1	-1	0	0	0	0	0	0	0	0	0	0	0	0
OG0007012	0	0	0	0	1	0	0	0	0	0	0	0	0	0	0	0	-1
OG0007014	0	-1	0	0	0	0	0	0	0	0	0	0	0	0	0	0	0
OG0007015	0	0	0	1	-1	0	0	0	-1	0	0	0	0	0	0	0	0
OG0007018	0	0	0	0	-1	0	0	0	0	0	0	0	0	0	0	0	0
OG0007021	0	0	0	0	-1	0	0	0	0	0	0	0	0	0	0	0	0
OG0007026	0	0	0	1	-1	0	0	0	-1	0	0	0	0	0	0	0	0
OG0007028	0	0	0	0	-1	0	0	0	0	0	0	0	0	0	0	0	0
OG0007029	0	0	-1	0	0	0	0	0	0	0	0	0	0	0	0	0	0
OG0007030	0	0	0	1	0	0	-1	0	-1	0	0	0	0	0	0	0	0
OG0007032	0	-1	0	1	-1	0	0	0	0	0	0	0	0	0	0	0	0
OG0007033	0	0	0	0	-1	0	0	0	0	0	0	0	0	0	0	0	0
OG0007034	0	0	-1	0	0	0	0	0	0	0	0	0	0	0	0	0	0
OG0007040	1	-1	0	1	0	0	0	0	0	0	-2	0	0	0	-1	0	0
OG0007041	0	-1	1	0	-1	0	0	0	0	0	0	0	0	0	0	0	0
OG0007042	0	-1	-1	1	1	0	0	0	0	0	-1	0	0	1	-1	0	0
OG0007045	0	4	-1	1	-1	0	0	0	0	0	0	0	0	0	-1	0	0
OG0007048	0	0	0	0	-1	0	0	0	0	0	0	0	0	0	0	0	0
OG0007049	0	-1	0	0	1	0	-1	0	0	0	0	0	0	0	0	0	0
OG0007050	0	0	0	0	-1	0	0	0	0	0	0	0	0	0	0	0	0
OG0007051	0	0	0	0	-1	0	0	0	0	0	0	0	0	0	0	0	0
OG0007055	0	-1	3	1	0	0	0	0	0	0	0	0	0	0	-1	0	0
OG0007056	0	-1	3	1	0	0	0	0	0	0	0	0	0	0	-1	0	0
OG0007057	0	0	0	0	-1	0	0	0	0	0	0	0	0	0	0	0	0
OG0007058	0	0	0	0	-1	0	0	0	0	0	0	0	0	0	0	0	0
OG0007059	0	-1	0	1	-1	0	0	0	0	0	0	0	0	0	0	0	0
OG0007062	0	-1	-1	1	-1	0	0	0	0	0	-1	0	0	0	0	0	0
OG0007065	0	-1	0	1	-1	0	0	0	0	0	0	0	0	0	0	0	0
OG0007067	0	-1	0	1	-1	0	0	0	0	0	0	0	0	0	0	0	0
OG0007068	0	0	-1	1	-1	0	0	0	0	0	0	0	0	0	0	0	0
OG0007069	0	-2	0	0	0	0	0	0	0	0	0	0	0	0	-2	0	0
OG0007071	0	3	0	0	0	0	0	0	0	0	0	0	0	0	-1	0	0
OG0007077	0	0	0	0	-1	0	0	0	0	0	0	0	0	0	0	0	0
OG0007079	0	-1	2	1	0	0	0	0	0	0	-1	0	0	0	-1	0	0
OG0007080	0	0	0	0	-1	0	0	0	0	0	0	0	0	0	0	0	0
OG0007082	0	0	0	0	-1	0	0	0	0	0	0	0	0	0	0	0	0
OG0007090	0	-1	0	1	-1	0	0	0	0	0	0	0	0	0	0	0	0
OG0007091	0	-1	0	1	-1	0	0	0	0	0	0	0	0	0	0	0	0
OG0007092	0	0	-1	0	0	0	0	0	0	0	0	0	0	0	0	0	0
OG0007093	0	0	0	0	-1	0	0	0	0	0	0	0	0	0	0	0	0
OG0007094	0	0	0	0	-1	0	0	0	0	0	0	0	0	0	0	0	0
OG0007095	0	-1	0	1	-1	0	0	0	0	0	0	0	0	0	0	0	0
OG0007096	0	2	0	0	1	0	0	0	0	0	0	0	0	0	-1	0	0
OG0007097	0	3	0	0	0	0	0	0	0	0	0	0	0	0	-1	0	0
OG0007098	0	0	0	0	-1	0	0	0	0	0	0	0	0	0	0	0	0
OG0007100	0	1	-1	1	-1	0	0	0	-1	0	0	0	0	0	0	0	0
OG0007101	0	0	0	0	0	0	0	0	-1	0	0	0	0	0	0	0	0
OG0007102	0	2	0	1	0	0	0	0	0	0	0	0	0	0	-1	0	0
OG0007104	0	0	-1	1	-1	0	0	0	0	0	0	0	0	0	0	0	0
OG0007108	0	2	0	0	1	0	0	0	0	0	0	0	0	0	-1	0	0
OG0007110	0	0	0	0	-1	0	0	0	0	0	0	0	0	0	0	0	0
OG0007111	0	0	-1	1	-1	0	0	0	0	0	0	0	0	0	0	0	0
OG0007117	0	2	0	0	1	0	0	0	0	0	0	0	0	0	-1	0	0
OG0007122	0	-1	-1	0	3	0	0	0	0	0	0	0	0	1	-1	0	0
OG0007123	0	0	-1	0	1	0	-1	0	0	0	0	0	0	0	0	0	0
OG0007127	0	-1	4	1	-1	0	0	0	0	0	0	0	0	0	-1	0	0
OG0007129	0	3	0	0	0	0	0	0	0	0	0	0	0	0	-1	0	0
OG0007131	0	1	0	1	1	0	0	0	0	0	0	0	0	0	-1	0	0
OG0007134	0	0	0	1	-1	0	-1	0	0	0	0	0	0	0	0	0	0
OG0007137	0	-1	0	0	0	0	0	0	0	0	0	0	0	0	0	0	0
OG0007138	0	0	0	1	-1	0	0	0	-1	0	0	0	0	0	0	0	0
OG0007140	0	0	-1	0	0	0	0	0	0	0	0	0	0	0	0	0	0
OG0007142	0	1	-1	0	-1	0	0	0	0	0	0	0	0	0	0	0	0
OG0007143	0	-1	0	1	-1	0	0	0	0	0	0	0	0	0	0	0	0
OG0007144	0	0	-1	1	-1	0	0	0	0	0	0	0	0	0	0	0	0
OG0007145	0	0	0	0	1	0	0	0	0	0	0	0	0	1	-1	0	0
OG0007147	0	0	0	1	-1	0	0	0	-1	0	0	0	0	0	0	0	0
OG0007149	0	-1	-1	2	0	0	0	0	0	0	-1	0	0	1	-1	0	0
OG0007153	0	0	0	1	-1	0	0	0	-1	0	0	0	0	0	0	0	0
OG0007157	0	0	0	0	0	0	-1	0	0	0	0	0	0	0	0	0	0
OG0007158	0	1	1	1	0	0	0	0	0	0	0	0	0	0	-1	0	0
OG0007159	1	-1	1	0	1	0	0	0	0	0	-1	0	0	0	-1	0	0
OG0007161	0	1	0	1	1	0	0	0	0	0	0	0	0	0	-1	0	0
OG0007162	0	-1	0	1	-1	0	0	0	0	0	0	0	0	0	0	0	0
OG0007163	0	1	-1	1	0	-1	0	0	-1	0	0	0	0	0	0	0	0
OG0007166	0	0	0	0	-1	0	0	0	0	0	0	0	0	0	0	0	0
OG0007167	0	0	0	0	-1	0	0	0	0	0	0	0	0	0	0	0	0
OG0007168	0	0	0	1	1	0	0	0	0	0	-1	0	0	0	-1	0	0
OG0007171	0	0	0	0	-1	-1	0	0	0	0	-1	0	0	0	0	0	0
OG0007172	0	0	0	0	-1	0	0	0	0	0	0	0	0	0	0	0	0
OG0007174	0	0	-1	1	-1	0	0	0	0	0	0	0	0	0	0	0	0
OG0007176	0	0	0	0	-1	0	0	0	0	0	0	0	0	0	0	0	0
OG0007178	0	0	0	0	-1	0	0	0	0	0	0	0	0	0	0	0	0
OG0007186	0	-1	0	0	0	0	0	0	0	0	0	0	0	0	0	0	0
OG0007187	0	1	0	1	1	0	0	0	0	0	0	0	0	0	-1	0	0
OG0007188	0	0	0	0	-1	0	0	0	0	0	0	0	0	0	0	0	0
OG0007189	0	1	1	2	-1	0	0	0	0	0	0	0	0	0	-1	0	0
OG0007193	0	0	0	1	1	0	0	0	0	0	-1	0	0	0	-1	0	0
OG0007194	0	2	0	1	0	0	0	0	0	0	0	0	0	0	-1	0	0
OG0007197	0	0	0	0	-1	0	0	0	0	0	0	0	0	0	0	0	0
OG0007200	0	0	0	0	-1	0	0	0	0	0	0	0	0	0	0	0	0
OG0007205	0	0	0	0	-1	0	0	0	0	0	0	0	0	0	0	0	0
OG0007209	0	0	0	0	-1	0	0	0	0	0	0	0	0	0	0	0	0
OG0007213	0	0	0	0	-1	0	0	0	0	0	0	0	0	0	0	0	0
OG0007214	0	0	0	0	-1	0	0	0	0	0	0	0	0	0	0	0	0
OG0007216	0	0	-1	0	0	0	0	0	0	0	0	0	0	0	0	0	0
OG0007217	0	0	0	0	-1	0	0	0	0	0	0	0	0	0	0	0	0
OG0007218	0	0	0	0	-1	0	-1	0	0	0	-1	0	0	0	0	0	0
OG0007219	0	0	-1	1	-1	0	0	0	0	0	0	0	0	0	0	0	0
OG0007222	0	-1	0	0	-1	0	0	0	0	0	-1	0	0	0	0	0	0
OG0007226	0	-1	0	0	0	0	0	0	0	0	0	0	0	0	0	0	0
OG0007227	0	-1	0	1	-1	0	0	0	0	0	0	0	0	0	0	0	0
OG0007228	1	-1	-1	1	-1	0	0	0	0	0	-2	0	0	0	0	0	-1
OG0007230	0	0	-1	0	-1	0	0	0	0	0	-1	0	0	0	0	0	0
OG0007235	0	0	0	0	-1	0	0	0	0	0	0	0	0	0	0	0	0
OG0007236	0	0	-1	1	-1	0	0	0	0	0	0	0	0	0	0	0	0
OG0007237	0	-1	0	0	0	0	0	0	0	0	0	0	0	0	0	0	0
OG0007239	0	-1	0	0	-1	0	1	0	0	0	0	0	0	0	0	0	0
OG0007243	0	-1	0	0	0	0	0	0	0	0	0	0	0	0	0	0	0
OG0007244	0	0	-1	1	-1	0	0	0	0	0	0	0	0	0	0	0	0
OG0007248	0	0	0	1	-1	0	0	0	-1	0	0	0	0	0	0	0	0
OG0007249	0	0	1	0	0	-1	0	0	0	0	-1	0	0	0	0	0	-1
OG0007251	0	0	0	0	-1	0	0	0	0	0	0	0	0	0	0	0	0
OG0007253	0	-1	0	0	-1	0	1	0	0	0	0	0	0	0	0	0	0
OG0007255	0	3	0	1	-1	0	0	0	0	0	0	0	0	0	-1	0	0
OG0007256	0	0	0	0	-1	0	0	0	0	0	0	0	0	0	0	0	0
OG0007257	0	0	0	0	-1	0	0	0	0	0	0	0	0	0	0	0	0
OG0007258	0	0	0	0	0	0	0	0	-1	0	0	0	0	0	0	0	0
OG0007259	0	0	0	0	1	0	0	0	0	0	0	0	0	1	-1	0	0
OG0007263	0	0	1	0	-1	0	0	0	-1	0	0	0	0	0	0	0	0
OG0007265	0	0	0	0	-1	0	0	0	0	0	0	0	0	0	0	0	0
OG0007267	0	-1	0	1	0	0	-1	0	0	0	0	0	0	0	0	0	0
OG0007271	0	0	0	0	-1	0	0	0	0	0	0	0	0	0	0	0	0
OG0007279	0	2	0	1	0	0	0	0	0	0	0	0	0	0	-1	0	0
OG0007283	0	0	0	0	0	0	-1	0	0	0	0	0	0	0	0	0	0
OG0007284	0	-1	0	1	-1	0	0	0	0	0	0	0	0	0	0	0	0
OG0007285	0	0	0	0	-1	0	0	0	0	0	0	0	0	0	0	0	0
OG0007293	0	0	0	1	0	0	-1	0	-1	0	0	0	0	0	0	0	0
OG0007297	0	0	0	1	1	0	0	0	0	0	-1	0	0	0	-1	0	0
OG0007299	0	0	-1	1	-1	0	0	0	0	0	0	0	0	0	0	0	0
OG0007300	0	0	-1	1	-1	0	0	0	0	0	0	0	0	0	0	0	0
OG0007301	0	0	-1	1	-1	0	0	0	0	0	0	0	0	0	0	0	0
OG0007305	0	2	0	1	0	0	0	0	0	0	0	0	0	0	-1	0	0
OG0007308	0	0	0	0	-1	0	0	0	0	0	0	0	0	0	0	0	0
OG0007310	0	-1	0	0	0	0	0	0	0	0	0	0	0	0	0	0	0
OG0007312	0	0	0	0	-1	0	0	0	0	0	0	0	0	0	0	0	0
OG0007314	0	0	0	0	-1	0	0	0	0	0	0	0	0	0	0	0	0
OG0007315	0	0	0	0	-1	0	0	0	0	0	0	0	0	0	0	0	0
OG0007316	0	-1	0	0	0	0	0	0	0	0	0	0	0	0	0	0	0
OG0007317	0	-1	0	0	1	0	0	0	0	0	-1	0	0	1	-1	0	0
OG0007318	0	-1	1	0	0	0	0	0	0	0	0	0	1	0	-1	0	0
OG0007321	0	0	0	0	0	0	0	0	-1	0	0	0	0	0	0	0	0
OG0007325	0	1	0	0	0	0	0	0	0	0	0	0	0	-1	0	0	0
OG0007334	0	0	0	-1	0	0	0	0	0	0	0	0	0	0	0	0	0
OG0007340	0	0	0	-1	0	0	0	0	0	0	0	0	0	0	0	0	0
OG0007343	0	0	0	0	0	0	0	0	1	0	0	0	0	-1	0	0	0
OG0007344	0	0	0	0	0	0	0	0	1	0	0	0	0	-1	0	0	0
OG0007347	0	0	0	-1	0	0	0	0	0	0	0	0	0	0	0	0	0
OG0007348	0	1	0	0	0	0	0	0	0	0	0	0	0	-1	0	0	0
OG0007350	0	0	0	-1	0	0	0	0	0	0	0	0	0	0	0	0	0
OG0007351	0	1	0	0	0	0	0	0	0	0	0	0	0	-1	0	0	0
OG0007353	0	-1	0	0	0	0	-1	-1	0	0	0	0	0	-1	1	0	0
OG0007354	0	1	0	0	0	0	0	0	0	0	0	0	0	-1	0	0	0
OG0007355	0	0	0	-1	0	0	0	0	0	0	0	0	0	0	0	0	0
OG0007356	1	0	0	0	0	0	0	0	0	0	-1	0	-1	0	0	0	0
OG0007359	1	0	0	0	0	0	0	0	0	0	-2	-1	0	0	0	0	0
OG0007362	0	1	0	0	0	0	0	0	0	0	0	0	0	-1	0	0	0
OG0007363	0	0	0	-1	0	0	0	0	0	0	0	0	0	0	0	0	0
OG0007364	0	1	0	0	0	0	0	0	0	0	0	0	0	-1	0	0	0
OG0007365	0	0	0	-1	0	0	0	0	0	0	0	0	0	0	0	0	0
OG0007366	0	0	0	-1	0	0	0	0	0	0	0	0	0	0	0	0	0
OG0007369	0	1	0	0	0	0	0	0	0	0	0	0	0	-1	0	0	0
OG0007373	0	-1	0	-1	1	0	0	0	0	0	0	0	0	0	0	0	0
OG0007375	0	0	0	0	0	0	0	0	1	0	0	0	0	-1	0	0	0
OG0007377	0	0	0	0	0	0	1	1	0	0	0	0	-1	0	0	0	0
OG0007379	0	0	0	0	0	0	1	0	0	0	0	0	0	-1	0	0	0
OG0007383	0	0	0	-1	0	0	0	0	0	0	0	0	0	0	0	0	0
OG0007389	0	1	0	0	0	0	0	0	0	0	0	0	0	-1	0	0	0
OG0007390	0	0	0	-1	0	0	0	0	0	0	0	0	0	0	0	0	0
OG0007391	0	0	0	-1	0	0	0	0	0	0	0	0	0	0	0	0	0
OG0007397	0	0	0	-1	0	0	0	0	0	0	0	0	0	0	0	0	0
OG0007399	0	0	0	-1	1	0	0	0	-1	0	0	0	0	0	0	0	0
OG0007400	0	2	0	0	0	0	-1	0	0	0	0	0	0	-1	0	0	0
OG0007403	0	0	0	-1	0	0	0	0	0	0	0	0	0	0	0	0	0
OG0007404	0	1	0	0	0	0	0	0	0	0	0	0	0	-1	0	0	0
OG0007405	0	1	0	0	0	0	0	0	0	0	0	0	0	-1	0	0	0
OG0007406	0	0	0	0	0	0	0	0	2	0	0	0	-1	0	0	0	0
OG0007408	0	1	0	0	0	0	0	0	0	0	0	0	0	-1	0	0	0
OG0007409	0	2	0	0	0	0	0	0	0	0	0	0	-1	0	0	0	0
OG0007411	0	0	0	-1	0	0	0	0	0	0	0	0	0	0	0	0	0
OG0007412	0	0	1	0	0	0	0	0	0	0	0	0	0	-1	0	0	0
OG0007417	0	0	0	-1	0	0	0	0	0	0	0	0	0	0	0	0	0
OG0007426	0	4	-1	-1	1	0	0	0	0	0	0	0	0	0	-1	0	0
OG0007427	0	-1	-1	-1	6	0	0	0	0	0	0	0	0	0	-1	0	0
OG0007438	0	-1	-1	-1	6	0	0	0	0	0	0	0	0	0	-1	0	0
OG0007439	0	-1	-1	-1	6	0	0	0	0	0	0	0	0	0	-1	0	0
OG0007457	0	1	0	-1	2	0	0	0	0	0	-1	0	0	0	-1	0	0
OG0007461	0	-1	0	-1	5	0	0	0	0	0	0	0	0	0	-1	0	0
OG0007462	2	0	-1	-1	0	0	-1	0	0	0	-2	0	0	0	0	0	-1
OG0007466	0	6	0	0	0	0	0	0	0	0	0	0	-1	0	-1	0	0
OG0007471	0	6	0	0	0	0	0	0	0	0	0	0	-1	0	-1	0	0
OG0007482	0	6	0	0	0	0	0	0	0	0	0	0	-1	0	-1	0	0
OG0007483	0	5	0	0	0	0	0	0	0	0	-1	0	-1	0	-1	0	0
OG0007488	0	6	0	0	0	0	0	0	0	0	0	0	-1	0	-1	0	0
OG0007499	1	4	0	0	0	0	0	0	0	0	-1	0	-1	0	-1	0	0
OG0007505	1	2	0	0	0	0	0	0	0	0	-2	0	0	-1	-1	0	0
OG0007512	1	0	1	0	0	-1	0	0	0	0	-2	0	0	-1	0	0	-1
OG0007520	3	0	0	0	0	0	0	0	0	0	-3	0	-1	0	-1	0	0
OG0007526	0	6	0	0	0	0	0	0	0	0	0	0	-1	0	-1	0	0
OG0007536	3	0	0	0	0	0	0	0	0	0	-2	0	0	-1	-1	0	0
OG0007558	0	0	0	0	-1	0	0	-1	0	0	0	0	0	0	0	0	0
OG0007559	0	2	0	1	-1	0	0	0	0	0	0	0	0	0	-1	0	0
OG0007563	0	-1	2	1	0	0	0	0	0	0	0	0	0	0	-1	0	0
OG0007565	0	2	0	0	0	0	0	0	0	0	0	0	0	0	-1	0	0
OG0007567	0	1	0	0	1	0	0	0	0	0	0	0	0	0	-1	0	0
OG0007572	0	2	0	0	0	0	0	0	0	0	0	0	0	0	-1	0	0
OG0007573	1	-1	0	0	0	0	0	0	0	0	-2	0	0	0	-1	0	0
OG0007574	0	0	-1	0	0	0	0	0	-1	0	0	0	0	0	0	0	0
OG0007577	0	2	0	0	-1	0	0	0	0	0	-1	0	0	0	-1	0	0
OG0007582	0	0	1	1	0	0	0	0	0	0	0	0	0	0	-1	0	0
OG0007586	0	-1	0	1	-1	0	0	0	-1	0	0	0	0	0	0	0	0
OG0007587	0	-1	-1	0	0	0	0	0	0	0	0	0	0	0	0	0	0
OG0007591	0	-1	3	0	-1	0	0	0	0	0	-1	0	0	0	-1	0	0
OG0007593	0	2	0	1	-1	0	0	0	0	0	0	0	0	0	-1	0	0
OG0007595	0	0	0	0	-1	0	-1	0	0	0	0	0	0	0	0	0	0
OG0007606	0	-1	-1	1	-1	0	0	0	0	0	0	0	0	0	0	0	0
OG0007609	0	2	-1	0	0	0	0	0	0	0	-1	0	0	0	-1	0	0
OG0007613	0	3	0	0	-1	0	0	0	0	0	0	0	0	0	-1	0	0
OG0007622	1	-1	-1	2	0	0	0	0	0	0	-1	0	0	0	-1	0	0
OG0007626	0	-1	0	0	0	0	-1	0	0	0	0	0	0	0	0	0	0
OG0007627	0	1	0	1	0	0	0	0	0	0	0	0	0	0	-1	0	0
OG0007628	0	-1	0	0	-1	0	0	0	0	0	0	0	0	0	0	0	0
OG0007637	0	0	-1	0	-1	0	0	0	0	0	0	0	0	0	0	0	0
OG0007639	0	2	0	0	0	0	0	0	0	0	0	0	0	0	-1	0	0
OG0007648	0	-1	-1	1	-1	0	0	0	0	0	0	0	0	0	0	0	0
OG0007651	0	-1	2	1	0	0	0	0	0	0	0	0	0	0	-1	0	0
OG0007652	0	0	-1	0	-1	0	0	0	0	0	0	0	0	0	0	0	0
OG0007656	0	2	0	0	0	0	0	0	0	0	0	0	0	0	-1	0	0
OG0007659	0	0	-1	0	-1	0	0	0	0	0	0	0	0	0	0	0	0
OG0007662	0	0	0	0	-1	0	0	0	-1	0	0	0	0	0	0	0	0
OG0007665	0	2	-1	1	0	0	0	0	0	0	0	0	0	0	-1	0	0
OG0007670	0	-1	0	3	-1	0	0	0	0	0	-1	0	0	0	-1	0	0
OG0007678	0	-1	0	0	3	0	0	0	0	0	0	0	0	0	-1	0	0
OG0007681	0	2	0	0	0	0	0	0	0	0	0	0	0	0	-1	0	0
OG0007682	0	0	0	0	-1	0	0	0	-1	0	0	0	0	0	0	0	0
OG0007684	0	0	0	1	1	0	0	0	0	0	0	0	0	0	-1	0	0
OG0007686	0	0	0	1	1	0	0	0	0	0	0	0	0	0	-1	0	0
OG0007688	0	0	0	0	-1	0	-1	0	0	0	0	0	0	0	0	0	0
OG0007690	0	1	-1	1	1	0	0	0	0	0	0	0	0	0	-1	0	0
OG0007693	0	-1	0	0	-1	0	0	0	0	0	0	0	0	0	0	0	0
OG0007697	0	0	-1	0	-1	0	0	0	0	0	0	0	0	0	0	0	0
OG0007699	0	0	0	1	1	0	0	0	0	0	0	0	0	0	-1	0	0
OG0007703	0	1	0	1	0	0	0	0	0	0	0	0	0	0	-1	0	0
OG0007713	0	-1	4	0	-1	0	0	0	0	0	0	0	0	0	-1	0	0
OG0007715	0	2	0	1	-1	0	0	0	0	0	0	0	0	0	-1	0	0
OG0007716	0	0	0	1	1	0	0	0	0	0	0	0	0	0	-1	0	0
OG0007718	1	-1	-1	1	0	0	0	0	0	0	-2	0	0	0	-1	0	0
OG0007722	0	1	0	1	-1	0	0	0	0	0	-1	0	0	0	-1	0	0
OG0007724	0	1	-1	1	1	0	0	0	0	0	0	0	0	0	-1	0	0
OG0007727	0	0	-1	0	-1	0	0	0	0	0	0	0	0	0	0	0	0
OG0007728	0	0	0	0	2	0	0	0	0	0	0	0	0	0	-1	0	0
OG0007734	0	1	0	1	0	0	0	0	0	0	0	0	0	0	-1	0	0
OG0007736	0	0	0	1	1	0	0	0	0	0	0	0	0	0	-1	0	0
OG0007737	0	1	0	0	1	0	0	0	0	0	0	0	0	0	-1	0	0
OG0007739	0	1	0	1	0	0	0	0	0	0	0	0	0	0	-1	0	0
OG0007740	0	1	-1	0	-1	0	0	0	-1	0	0	0	0	0	0	0	0
OG0007742	0	0	0	1	1	0	0	0	0	0	0	0	0	0	-1	0	0
OG0007745	0	0	0	0	-1	0	0	0	-1	0	0	0	0	0	0	0	0
OG0007753	2	-1	-1	1	-1	0	0	0	0	0	-2	0	0	0	-1	0	0
OG0007756	0	0	0	1	-1	0	-1	-1	0	0	0	0	0	0	0	0	0
OG0007766	0	1	-1	1	1	0	0	0	0	0	0	0	0	0	-1	0	0
OG0007768	0	-1	0	1	0	-1	1	0	0	0	0	0	0	0	0	0	-1
OG0007774	0	0	-1	0	-1	0	0	0	0	0	0	0	0	0	0	0	0
OG0007775	1	0	0	0	0	0	0	0	0	0	-1	0	0	0	-1	0	0
OG0007781	0	1	-1	1	1	0	0	0	0	0	0	0	0	0	-1	0	0
OG0007785	0	1	0	1	0	0	0	0	0	0	0	0	0	0	-1	0	0
OG0007789	0	0	0	1	0	0	0	0	0	0	-1	0	0	0	-1	0	0
OG0007790	0	2	0	1	-1	0	0	0	0	0	0	0	0	0	-1	0	0
OG0007797	0	0	0	0	0	0	0	0	0	0	0	0	0	-1	0	0	0
OG0007799	0	1	0	0	0	0	0	0	0	0	0	0	-1	0	0	0	0
OG0007808	0	0	1	0	0	0	-1	0	0	0	0	0	0	-1	0	0	0
OG0007809	0	0	0	0	0	0	0	0	0	0	0	0	0	-1	0	0	0
OG0007812	0	-1	0	0	0	0	0	0	0	0	-1	0	0	-1	0	0	0
OG0007813	0	0	0	0	0	0	0	0	0	0	0	0	0	-1	0	0	0
OG0007816	0	0	0	0	0	0	0	0	0	0	0	0	0	-1	0	0	0
OG0007817	0	0	0	0	0	0	0	0	0	0	0	0	0	-1	0	0	0
OG0007818	0	-1	1	0	0	0	0	0	0	0	0	0	0	-1	0	0	0
OG0007819	0	1	0	0	0	0	0	0	0	0	0	0	-1	0	0	0	0
OG0007820	0	0	0	0	0	0	0	0	0	0	0	0	0	-1	0	0	0
OG0007821	0	0	-1	-1	0	0	0	0	0	0	0	0	0	0	0	0	0
OG0007822	0	0	0	0	0	0	0	0	0	0	0	0	0	-1	0	0	0
OG0007825	0	0	0	0	0	0	0	0	0	0	0	0	0	-1	0	0	0
OG0007828	0	0	0	0	0	0	0	0	0	0	0	0	0	-1	0	0	0
OG0007830	0	-1	0	-1	0	0	0	0	0	0	0	0	0	0	0	0	0
OG0007831	0	1	0	0	0	0	0	0	0	0	0	0	-1	0	0	0	0
OG0007833	0	-1	0	-1	0	0	0	0	0	0	0	0	0	0	0	0	0
OG0007836	0	0	0	0	0	0	0	0	0	0	0	0	0	-1	0	0	0
OG0007838	0	0	0	0	0	0	0	0	0	0	0	0	0	-1	0	0	0
OG0007839	0	0	0	0	0	0	0	0	0	0	0	0	0	-1	0	0	0
OG0007842	0	0	0	0	0	0	0	0	0	0	0	0	0	-1	0	0	0
OG0007843	0	0	0	0	0	0	0	0	0	0	0	0	0	-1	0	0	0
OG0007849	0	0	0	0	0	0	0	0	0	0	0	0	0	-1	0	0	0
OG0007853	0	-1	0	0	0	0	0	0	1	0	0	0	0	-1	0	0	0
OG0007854	0	0	0	0	0	0	0	0	0	0	0	0	0	-1	0	0	0
OG0007855	0	0	0	0	0	0	0	0	0	0	0	0	0	-1	0	0	0
OG0007857	0	0	0	0	0	0	0	0	0	0	0	0	0	-1	0	0	0
OG0007862	0	1	0	0	0	0	0	0	0	0	0	0	-1	0	0	0	0
OG0007863	0	0	0	0	0	0	0	1	0	0	0	0	-1	0	0	0	0
OG0007865	0	0	0	0	0	0	0	0	0	0	0	0	0	-1	0	0	0
OG0007866	0	-1	-1	-1	0	0	0	0	0	0	-1	0	0	0	0	0	0
OG0007867	0	0	0	0	0	0	0	0	0	0	0	0	0	-1	0	0	0
OG0007869	0	0	-1	-1	0	0	0	0	0	0	0	0	0	0	0	0	0
OG0007870	0	0	0	0	0	0	0	0	0	0	0	0	0	-1	0	0	0
OG0007872	0	0	0	0	0	0	0	0	-1	0	-1	0	0	-1	0	0	0
OG0007874	0	0	0	0	0	0	0	0	0	0	0	0	0	-1	0	0	0
OG0007876	1	0	0	0	0	0	0	0	0	0	-1	-1	0	0	0	0	0
OG0007879	0	1	0	0	0	0	0	0	0	0	0	0	-1	0	0	0	0
OG0007881	0	0	0	0	0	0	2	0	0	0	0	-1	0	0	0	0	0
OG0007882	0	-1	1	0	0	0	0	0	-1	0	-1	0	0	-1	0	0	0
OG0007884	0	0	0	0	0	0	0	0	0	0	0	0	0	-1	0	0	0
OG0007887	0	0	0	0	0	0	0	0	0	0	0	0	0	-1	0	0	0
OG0007891	0	0	0	0	0	0	1	0	0	0	0	0	-1	0	0	0	0
OG0007895	0	1	0	0	0	0	0	0	0	0	0	0	-1	0	0	0	0
OG0007900	0	0	0	0	0	0	0	0	0	0	0	0	0	-1	0	0	0
OG0007902	0	0	0	0	0	0	0	0	0	0	0	0	0	-1	0	0	0
OG0007903	0	-1	0	-1	0	0	0	0	0	0	0	0	0	0	0	0	0
OG0007904	0	1	0	0	0	0	0	0	-1	0	0	0	0	-1	0	0	0
OG0007905	0	0	0	0	0	0	0	0	0	0	0	0	0	-1	0	0	0
OG0007912	0	-1	2	-1	1	0	0	0	0	0	-1	0	0	0	-1	0	0
OG0007935	3	-1	-1	-1	0	0	0	0	0	0	-2	0	0	0	-1	0	0
OG0007943	0	-1	2	-1	2	0	0	0	0	0	0	0	0	0	-1	0	0
OG0007954	0	3	0	-1	0	0	0	0	0	0	0	0	0	0	-1	0	0
OG0007961	0	-1	1	-1	3	0	0	0	0	0	0	0	0	0	-1	0	0
OG0007966	0	-1	4	-1	0	0	0	0	0	0	0	0	0	0	-1	0	0
OG0007968	0	0	0	-1	0	0	0	-1	0	0	0	0	0	0	0	0	0
OG0007972	0	1	0	-1	2	0	0	0	0	0	0	0	0	0	-1	0	0
OG0007977	0	5	0	0	0	0	0	0	0	0	0	0	-1	0	-1	0	0
OG0007989	0	3	1	0	0	0	0	0	0	0	0	0	0	-1	-1	0	0
OG0007998	0	4	0	0	0	0	0	0	0	0	0	0	0	-1	-1	0	0
OG0008034	2	1	0	0	0	0	0	0	0	0	-2	0	-1	0	-1	0	0
OG0008055	0	5	0	0	0	0	0	0	0	0	0	0	-1	0	-1	0	0
OG0008080	0	-1	5	0	0	0	0	0	0	0	0	0	0	-1	-1	0	0
OG0008083	3	-1	0	0	0	0	0	0	0	0	-2	0	0	-1	-1	0	0
OG0008102	0	0	0	1	0	0	0	0	0	0	0	0	0	0	-1	0	0
OG0008105	0	0	0	0	1	0	0	0	0	0	0	0	0	0	-1	0	0
OG0008120	0	1	0	0	0	0	0	0	0	0	0	0	0	0	-1	0	0
OG0008128	0	0	-1	1	1	0	0	0	0	0	0	0	0	0	-1	0	0
OG0008129	0	-1	0	1	0	0	0	0	0	0	-1	0	0	0	-1	0	0
OG0008130	0	0	0	1	0	0	0	0	0	0	0	0	0	0	-1	0	0
OG0008131	0	0	0	1	0	0	0	0	0	0	0	0	0	0	-1	0	0
OG0008134	0	0	0	0	1	0	0	0	0	0	0	0	0	0	-1	0	0
OG0008136	0	0	0	1	0	0	0	0	0	0	0	0	0	0	-1	0	0
OG0008137	0	-1	0	0	-1	0	-1	0	0	0	0	0	0	0	0	0	0
OG0008140	0	0	-1	0	1	-1	0	0	0	0	0	0	0	0	0	0	-1
OG0008145	0	-1	0	0	1	0	0	0	0	0	-1	0	0	0	-1	0	0
OG0008152	0	0	0	0	1	0	0	0	0	0	0	0	0	0	-1	0	0
OG0008163	0	-1	1	1	0	0	0	0	0	0	0	0	0	0	-1	0	0
OG0008164	0	0	0	1	0	0	0	0	0	0	0	0	0	0	-1	0	0
OG0008166	0	-1	0	1	1	0	0	0	0	0	0	0	0	0	-1	0	0
OG0008172	0	0	1	1	-1	0	0	0	0	0	0	0	0	0	-1	0	0
OG0008174	0	-1	-1	1	-1	0	0	0	-1	0	0	0	0	0	0	0	0
OG0008178	0	-1	-1	3	0	0	0	0	0	0	0	0	0	0	-1	0	0
OG0008181	1	0	0	0	-1	0	0	0	0	0	-1	0	0	0	-1	0	0
OG0008190	0	0	1	0	0	0	0	0	0	0	0	0	0	0	-1	0	0
OG0008191	0	-1	0	1	1	0	0	0	0	0	0	0	0	0	-1	0	0
OG0008193	0	-1	2	0	0	0	0	0	0	0	0	0	0	0	-1	0	0
OG0008197	0	-1	0	1	1	0	0	0	0	0	0	0	0	0	-1	0	0
OG0008199	0	0	0	0	1	0	0	0	0	0	0	0	0	0	-1	0	0
OG0008202	0	0	0	1	0	0	0	0	0	0	0	0	0	0	-1	0	0
OG0008203	0	1	0	0	-1	0	0	0	0	0	-1	0	0	0	-1	0	0
OG0008205	0	0	0	1	0	0	0	0	0	0	0	0	0	0	-1	0	0
OG0008215	0	0	0	0	1	0	0	0	0	0	0	0	0	0	-1	0	0
OG0008218	0	1	-1	1	0	0	0	0	0	0	0	0	0	0	-1	0	0
OG0008219	0	-1	-1	1	0	-1	0	0	0	0	-1	0	0	0	0	0	-1
OG0008224	1	-1	-1	1	-1	0	0	-1	0	0	-1	0	0	0	0	-1	0
OG0008227	0	0	0	0	1	0	0	0	0	0	0	0	0	0	-1	0	0
OG0008228	0	-1	0	1	1	0	0	0	0	0	0	0	0	0	-1	0	0
OG0008229	0	-1	1	1	0	0	0	0	0	0	0	0	0	0	-1	0	0
OG0008231	0	0	0	1	0	0	0	0	0	0	0	0	0	0	-1	0	0
OG0008232	0	0	0	1	0	0	0	0	0	0	0	0	0	0	-1	0	0
OG0008234	0	1	0	0	0	0	0	0	0	0	0	0	0	0	-1	0	0
OG0008251	0	1	0	0	0	0	0	0	0	0	0	0	0	0	-1	0	0
OG0008254	0	-1	0	1	1	0	0	0	0	0	0	0	0	0	-1	0	0
OG0008260	0	-1	0	1	1	0	0	0	0	0	0	0	0	0	-1	0	0
OG0008264	0	-1	1	0	0	-1	0	0	0	0	0	0	0	0	0	0	-1
OG0008265	0	0	0	1	-1	0	0	0	0	0	-1	0	0	0	-1	0	0
OG0008271	0	-1	-1	0	0	0	0	0	-1	0	0	0	0	0	0	0	0
OG0008276	1	-1	1	0	-1	0	0	0	0	0	-1	0	0	0	-1	0	0
OG0008282	0	0	0	0	1	0	0	0	0	0	0	0	0	0	-1	0	0
OG0008292	0	-1	0	1	1	0	0	0	0	0	0	0	0	0	-1	0	0
OG0008293	0	0	-1	0	1	0	0	0	-1	0	0	0	0	0	0	-1	0
OG0008296	0	-1	0	0	0	0	1	0	-1	0	0	0	0	-1	0	0	0
OG0008301	0	-1	0	0	0	0	0	0	0	0	0	0	0	-1	0	0	0
OG0008310	0	-1	0	0	0	0	0	0	0	0	0	0	0	-1	0	0	0
OG0008311	0	-1	0	0	0	0	0	0	0	0	0	0	0	-1	0	0	0
OG0008315	0	-1	0	0	0	0	0	0	0	0	0	0	0	-1	0	0	0
OG0008319	0	-1	0	0	0	0	0	0	0	0	0	0	0	-1	0	0	0
OG0008320	0	0	0	0	0	0	0	0	0	0	0	0	-1	0	0	0	0
OG0008322	0	0	0	0	0	0	0	0	0	0	0	0	-1	0	0	0	0
OG0008323	0	-1	0	0	0	0	0	0	0	0	0	0	0	-1	0	0	0
OG0008325	0	0	0	0	0	0	0	0	0	0	0	0	-1	0	0	0	0
OG0008327	0	-1	0	0	0	0	0	0	0	0	0	0	0	-1	0	0	0
OG0008328	0	0	0	0	0	0	0	0	0	0	0	0	-1	0	0	0	0
OG0008331	0	0	0	0	0	0	0	0	0	0	0	0	-1	0	0	0	0
OG0008334	0	0	0	0	0	0	0	0	0	0	0	0	-1	0	0	0	0
OG0008342	0	0	0	0	0	0	0	0	0	0	0	0	-1	0	0	0	0
OG0008346	0	1	0	0	0	0	-1	0	0	0	0	0	-1	0	0	0	0
OG0008354	0	0	0	0	0	0	0	0	0	0	0	0	-1	0	0	0	0
OG0008355	0	-1	0	0	0	0	0	0	0	0	0	0	0	-1	0	0	0
OG0008356	0	0	0	0	0	0	0	0	0	0	0	0	-1	0	0	0	0
OG0008359	0	-1	0	0	0	0	0	0	0	0	0	0	0	-1	0	0	0
OG0008364	0	0	0	0	0	0	0	0	0	0	0	0	-1	0	0	0	0
OG0008367	0	-1	0	0	0	0	0	0	0	0	0	0	0	-1	0	0	0
OG0008370	0	0	0	0	0	0	0	0	0	0	0	0	-1	0	0	0	0
OG0008377	0	-1	0	0	0	0	0	0	0	0	0	0	0	-1	0	0	0
OG0008389	0	0	0	0	0	0	0	0	0	0	-1	-1	0	0	0	0	0
OG0008390	0	0	0	0	0	0	0	0	0	0	0	0	-1	0	0	0	0
OG0008404	0	0	0	0	0	0	0	0	0	0	-1	-1	0	0	0	0	0
OG0008413	0	-1	0	0	0	0	0	0	0	0	0	0	0	-1	0	0	0
OG0008414	0	0	0	0	0	0	0	0	0	0	0	0	-1	0	0	0	0
OG0008418	0	-1	0	0	0	0	0	0	0	0	0	0	0	-1	0	0	0
OG0008419	0	0	0	0	0	0	0	0	0	0	0	0	-1	0	0	0	0
OG0008421	0	-1	0	0	0	0	0	0	0	0	0	0	0	-1	0	0	0
OG0008430	0	0	0	0	0	0	0	0	0	0	0	0	-1	0	0	0	0
OG0008434	0	0	0	0	0	0	0	0	-1	0	0	0	0	-1	0	0	0
OG0008436	0	0	0	0	0	0	-1	0	0	0	0	0	0	-1	0	0	0
OG0008439	0	0	0	0	0	0	0	0	-1	0	0	0	0	-1	0	0	0
OG0008442	0	0	0	0	0	0	-1	0	0	0	0	0	0	-1	0	0	0
OG0008462	1	-1	-1	-1	1	-1	0	0	0	0	-1	0	0	0	0	0	-1
OG0008466	0	-1	-1	-1	4	0	0	0	0	0	0	0	0	0	-1	0	0
OG0008486	0	0	0	-1	2	0	0	0	0	0	0	0	0	0	-1	0	0
OG0008495	0	-1	2	-1	1	0	0	0	0	0	0	0	0	0	-1	0	0
OG0008498	0	0	0	-1	2	0	0	0	0	0	0	0	0	0	-1	0	0
OG0008505	0	1	0	-1	0	-1	0	0	0	0	0	0	0	0	0	0	-1
OG0008512	0	0	0	-1	1	0	0	0	0	0	-1	0	0	0	-1	0	0
OG0008518	0	-1	1	-1	2	0	0	0	0	0	0	0	0	0	-1	0	0
OG0008522	1	2	0	0	0	0	0	0	0	0	-1	0	-1	0	-1	0	0
OG0008532	0	4	0	0	0	0	0	0	0	0	0	0	-1	0	-1	0	0
OG0008545	0	0	0	0	0	0	0	-1	0	0	0	0	0	-1	0	0	0
OG0008553	0	3	0	0	0	0	0	0	0	0	-1	0	-1	0	-1	0	0
OG0008597	0	4	0	0	0	0	0	0	0	0	0	0	-1	0	-1	0	0
OG0008607	0	3	0	0	0	0	0	0	0	0	0	0	0	-1	-1	0	0
OG0008627	0	1	2	0	0	0	0	0	0	0	0	0	0	-1	-1	0	0
OG0008652	0	3	0	0	0	0	0	0	0	0	-1	0	-1	0	-1	0	0
OG0008658	0	3	0	0	0	0	0	0	0	0	0	0	0	-1	-1	0	0
OG0008718	0	0	0	0	0	0	0	0	0	0	0	0	0	0	-1	0	0
OG0008730	0	-1	0	1	0	0	0	0	0	0	0	0	0	0	-1	0	0
OG0008740	0	1	0	0	-1	0	0	0	0	0	0	0	0	0	-1	0	0
OG0008741	0	-1	-1	1	1	0	0	0	0	0	0	0	0	0	-1	0	0
OG0008746	0	-1	-1	1	0	0	0	0	0	0	-1	0	0	0	-1	0	0
OG0008762	0	1	0	0	-1	0	0	0	0	0	0	0	0	0	-1	0	0
OG0008766	0	-1	0	1	0	0	0	0	0	0	0	0	0	0	-1	0	0
OG0008772	0	0	0	1	-1	0	0	0	0	0	0	0	0	0	-1	0	0
OG0008777	0	0	0	1	-1	0	0	0	0	0	0	0	0	0	-1	0	0
OG0008779	0	0	0	1	-1	0	0	0	0	0	0	0	0	0	-1	0	0
OG0008782	0	1	0	0	-1	0	0	0	0	0	0	0	0	0	-1	0	0
OG0008786	0	0	0	1	-1	0	0	0	0	0	0	0	0	0	-1	0	0
OG0008791	0	0	0	1	-1	0	0	0	0	0	0	0	0	0	-1	0	0
OG0008795	0	0	0	0	0	0	0	0	0	0	0	0	0	0	-1	0	0
OG0008814	0	-1	0	1	0	0	0	0	0	0	0	0	0	0	-1	0	0
OG0008817	0	1	0	0	-1	0	0	0	0	0	0	0	0	0	-1	0	0
OG0008821	0	1	0	0	-1	0	0	0	0	0	0	0	0	0	-1	0	0
OG0008833	0	1	0	0	-1	0	0	0	0	0	0	0	0	0	-1	0	0
OG0008835	0	-1	0	1	0	0	0	0	0	0	0	0	0	0	-1	0	0
OG0008838	0	-1	0	1	0	0	0	0	0	0	0	0	0	0	-1	0	0
OG0008839	1	-1	-1	1	-1	0	0	0	0	0	-1	0	0	0	-1	0	0
OG0008840	0	0	0	1	-1	0	0	0	0	0	0	0	0	0	-1	0	0
OG0008844	0	0	0	1	-1	0	0	0	0	0	0	0	0	0	-1	0	0
OG0008860	0	1	-1	0	0	0	0	0	0	0	0	0	0	0	-1	0	0
OG0008865	0	-1	0	1	0	0	0	0	0	0	0	0	0	0	-1	0	0
OG0008867	0	0	0	1	-1	0	0	0	0	0	0	0	0	0	-1	0	0
OG0008868	0	0	0	0	0	0	0	0	0	0	0	0	0	0	-1	0	0
OG0008873	0	0	0	0	0	0	0	0	0	0	0	0	0	0	-1	0	0
OG0008874	0	1	0	0	-1	0	0	0	0	0	0	0	0	0	-1	0	0
OG0008876	0	-1	0	1	0	0	0	0	0	0	0	0	0	0	-1	0	0
OG0008881	0	0	0	0	0	0	0	0	0	0	0	0	0	0	-1	0	0
OG0008883	0	0	0	0	-1	0	0	0	0	0	-1	0	0	0	-1	0	0
OG0008886	0	2	-1	0	-1	0	0	0	0	0	0	0	0	0	-1	0	0
OG0008896	0	-1	0	0	1	0	0	0	0	0	0	0	0	0	-1	0	0
OG0008909	0	-1	0	1	0	0	0	0	0	0	0	0	0	0	-1	0	0
OG0008912	0	0	1	0	-1	0	0	0	0	0	0	0	0	0	-1	0	0
OG0008914	0	-1	0	0	1	0	0	0	0	0	0	0	0	0	-1	0	0
OG0008919	0	-1	0	1	0	0	0	0	0	0	0	0	0	0	-1	0	0
OG0008920	0	0	0	0	0	0	0	0	0	0	0	0	0	0	-1	0	0
OG0008924	0	-1	0	1	0	0	0	0	0	0	0	0	0	0	-1	0	0
OG0008927	0	0	0	1	-1	0	0	0	0	0	0	0	0	0	-1	0	0
OG0008931	1	-1	0	0	-1	0	0	0	0	0	-1	0	0	0	-1	0	0
OG0008940	0	0	0	0	0	0	0	0	0	0	0	0	0	0	-1	0	0
OG0008943	0	0	0	0	0	0	0	0	0	0	0	0	0	0	-1	0	0
OG0008953	0	-1	0	1	0	0	0	0	0	0	0	0	0	0	-1	0	0
OG0008954	0	0	0	0	0	0	0	0	0	0	0	0	0	0	-1	0	0
OG0008957	0	-1	-1	1	1	0	0	0	0	0	0	0	0	0	-1	0	0
OG0008960	0	0	0	1	-1	0	0	0	0	0	0	0	0	0	-1	0	0
OG0008966	0	0	0	0	0	0	0	0	0	0	0	-1	0	0	0	0	0
OG0008970	0	0	0	0	0	0	0	0	0	0	0	-1	0	0	0	0	0
OG0008996	0	0	0	0	0	0	0	0	0	0	0	-1	0	0	0	0	0
OG0009009	0	0	0	0	0	0	0	0	0	0	0	-1	0	0	0	0	0
OG0009011	0	0	0	0	0	0	0	0	0	0	0	-1	0	0	0	0	0
OG0009014	0	0	0	0	0	0	0	0	0	0	0	-1	0	0	0	0	0
OG0009035	0	0	0	0	0	0	-1	0	-1	0	0	0	0	-1	0	0	0
OG0009039	0	1	0	0	0	-1	0	0	-1	0	0	0	-1	0	0	0	0
OG0009080	0	0	0	0	0	0	0	0	0	0	0	-1	0	0	0	0	0
OG0009086	0	0	0	0	0	0	0	0	0	0	0	-1	0	0	0	0	0
OG0009094	0	0	0	0	0	0	0	0	0	0	0	-1	0	0	0	0	0
OG0009096	0	0	0	0	0	0	0	0	0	0	0	-1	0	0	0	0	0
OG0009108	0	0	0	0	0	0	0	0	0	0	0	-1	0	0	0	0	0
OG0009119	0	0	0	0	0	0	0	0	0	0	0	-1	0	0	0	0	0
OG0009120	0	0	0	0	0	0	0	0	0	0	0	-1	0	0	0	0	0
OG0009124	0	0	0	0	0	0	0	0	0	0	0	-1	0	0	0	0	0
OG0009143	0	0	0	0	0	0	0	0	-1	0	0	0	-1	0	0	0	0
OG0009154	0	-1	-1	-1	1	0	0	0	0	0	0	0	0	0	0	-1	0
OG0009162	0	0	0	0	0	0	0	0	0	0	0	-1	0	0	0	0	0
OG0009163	0	0	0	0	0	0	0	0	0	0	0	-1	0	0	0	0	0
OG0009167	0	0	0	0	0	0	0	0	0	0	0	-1	0	0	0	0	0
OG0009170	0	0	0	0	0	0	0	0	0	0	0	-1	0	0	0	0	0
OG0009189	0	1	0	-1	0	0	0	0	0	0	0	0	0	0	-1	0	0
OG0009213	0	-1	-1	-1	2	0	0	0	0	0	-1	0	0	0	-1	0	0
OG0009222	0	-1	-1	-1	3	0	0	0	0	0	0	0	0	0	-1	0	0
OG0009226	0	0	1	-1	0	0	0	0	0	0	0	0	0	0	-1	0	0
OG0009251	1	-1	-1	-1	0	0	0	0	0	0	-2	0	0	0	-1	0	0
OG0009255	0	0	0	-1	1	0	0	0	0	0	0	0	0	0	-1	0	0
OG0009264	0	-1	-1	-1	2	0	0	0	0	0	-1	0	0	0	-1	0	0
OG0009283	0	-1	0	-1	1	0	0	0	0	0	-1	0	0	0	-1	0	0
OG0009307	0	3	0	0	0	0	0	0	0	0	0	0	-1	0	-1	0	0
OG0009308	0	0	0	0	0	0	0	0	0	0	0	0	0	-1	0	0	-1
OG0009330	0	3	0	0	0	0	0	0	0	0	0	0	-1	0	-1	0	0
OG0009408	0	2	0	0	0	0	0	0	0	0	0	0	0	-1	-1	0	0
OG0009414	0	2	0	0	0	0	0	0	0	0	0	0	0	-1	-1	0	0
OG0009418	0	1	0	0	0	0	0	0	0	0	0	0	-1	0	0	0	-1
OG0009434	0	3	0	0	0	0	0	0	0	0	0	0	-1	0	-1	0	0
OG0009478	0	3	0	0	0	0	0	0	0	0	0	0	-1	0	-1	0	0
OG0009492	0	-1	3	0	0	0	0	0	0	0	0	0	0	-1	-1	0	0
OG0009515	1	-1	1	0	0	0	0	0	0	0	-1	0	0	-1	-1	0	0
OG0009563	0	-1	0	1	-1	0	0	0	0	0	0	0	0	0	-1	0	0
OG0009565	0	0	-1	0	0	0	0	0	0	0	0	0	0	0	-1	0	0
OG0009568	0	-1	-1	1	-1	0	0	0	0	0	-1	0	0	0	-1	0	0
OG0009613	0	0	0	0	-1	0	0	0	0	0	0	0	0	0	-1	0	0
OG0009616	0	0	0	0	-1	0	0	0	0	0	0	0	0	0	-1	0	0
OG0009625	0	-1	-1	1	0	0	0	0	0	0	0	0	0	0	-1	0	0
OG0009631	0	0	0	0	-1	0	0	0	0	0	0	0	0	0	-1	0	0
OG0009641	0	0	0	0	-1	0	0	0	0	0	0	0	0	0	-1	0	0
OG0009642	0	-1	0	0	0	0	0	0	0	0	0	0	0	0	-1	0	0
OG0009649	0	0	-1	1	-1	0	0	0	0	0	0	0	0	0	-1	0	0
OG0009679	0	-1	0	0	0	0	0	0	0	0	0	0	0	0	-1	0	0
OG0009706	0	-1	0	0	0	0	0	0	0	0	0	0	0	0	-1	0	0
OG0009724	0	-1	0	1	-1	0	0	0	0	0	0	0	0	0	-1	0	0
OG0009739	0	-1	0	1	-1	0	0	0	0	0	0	0	0	0	-1	0	0
OG0009745	0	-1	0	1	-1	0	0	0	0	0	0	0	0	0	-1	0	0
OG0009761	0	-1	-1	1	-1	-1	0	0	0	0	0	0	0	0	0	0	-1
OG0009764	0	0	0	0	-1	0	0	0	0	0	0	0	0	0	-1	0	0
OG0009779	0	-1	-1	1	0	0	0	0	0	0	0	0	0	0	-1	0	0
OG0009790	0	-1	-1	0	1	0	0	0	0	0	0	0	0	0	-1	0	0
OG0009796	0	-1	0	1	-1	0	0	0	0	0	0	0	0	0	-1	0	0
OG0009803	0	-1	-1	2	-1	0	0	0	0	0	0	0	0	0	-1	0	0
OG0009822	0	0	-1	1	-1	0	0	0	0	0	0	0	0	0	-1	0	0
OG0009833	0	-1	0	0	0	0	0	0	0	0	0	0	0	0	-1	0	0
OG0009838	0	-1	-1	1	-1	0	0	0	0	0	-1	0	0	0	-1	0	0
OG0009848	0	0	0	0	-1	0	0	0	0	0	0	0	0	0	-1	0	0
OG0009852	0	-1	0	1	-1	0	0	0	0	0	0	0	0	0	-1	0	0
OG0009853	0	-1	0	0	0	0	0	0	0	0	0	0	0	0	-1	0	0
OG0009858	0	-1	0	0	0	0	0	0	0	0	0	0	0	0	-1	0	0
OG0009859	0	1	-1	0	-1	0	0	0	0	0	0	0	0	0	-1	0	0
OG0009878	0	-1	-1	1	0	0	0	0	0	0	0	0	0	0	-1	0	0
OG0009884	0	-1	0	0	0	0	0	0	0	0	0	0	0	0	-1	0	0
OG0009904	0	0	0	0	0	0	0	0	-1	0	0	-1	0	0	0	0	0
OG0010027	0	0	0	0	0	0	-1	0	0	0	0	-1	0	0	0	0	0
OG0010038	0	0	0	0	0	0	0	0	-1	0	0	-1	0	0	0	0	0
OG0010334	0	0	0	0	0	-1	0	0	0	0	0	-1	0	0	0	0	0
OG0010419	0	0	0	0	0	0	0	0	-1	0	0	-1	0	0	0	0	0
OG0010548	0	0	0	0	0	0	-1	0	0	0	0	-1	0	0	0	0	0
OG0010643	0	-1	0	-1	1	0	0	0	0	0	0	0	0	0	-1	0	0
OG0010649	1	-1	-1	-1	0	0	0	0	0	0	-1	0	0	0	-1	0	0
OG0010709	0	-1	-1	-1	1	0	0	0	0	0	-1	0	0	0	-1	0	0
OG0010742	0	0	0	-1	0	0	0	0	0	0	0	0	0	0	-1	0	0
OG0010767	0	-1	0	-1	1	0	0	0	0	0	0	0	0	0	-1	0	0
OG0010774	0	-1	-1	-1	2	0	0	0	0	0	0	0	0	0	-1	0	0
OG0010775	0	-1	-1	-1	1	0	0	0	0	0	-1	0	0	0	-1	0	0
OG0010781	1	-1	-1	-1	0	0	0	0	0	0	-1	0	0	0	-1	0	0
OG0010806	0	-1	0	-1	1	0	0	0	0	0	0	0	0	0	-1	0	0
OG0010811	0	-1	0	-1	0	-1	0	0	0	0	0	0	0	0	0	0	-1
OG0010812	0	-1	-1	-1	2	0	0	0	0	0	0	0	0	0	-1	0	0
OG0010828	0	-1	0	-1	1	0	0	0	0	0	0	0	0	0	-1	0	0
OG0010842	0	-1	0	-1	0	0	0	0	0	0	-1	0	0	0	-1	0	0
OG0010845	0	-1	1	-1	0	0	0	0	0	0	0	0	0	0	-1	0	0
OG0010863	0	0	0	0	0	0	0	0	0	0	-1	0	0	-1	-1	0	0
OG0010866	1	0	0	0	0	0	0	0	0	0	-1	0	-1	0	-1	0	0
OG0010869	0	1	0	0	0	0	0	0	0	0	0	0	0	-1	-1	0	0
OG0010874	0	2	0	0	0	0	0	0	0	0	0	0	-1	0	-1	0	0
OG0010877	0	2	0	0	0	0	0	0	0	0	0	0	-1	0	-1	0	0
OG0010881	0	2	0	0	0	0	0	0	0	0	0	0	-1	0	-1	0	0
OG0010945	0	1	0	0	0	0	0	0	0	0	0	0	0	-1	-1	0	0
OG0010989	0	0	0	0	0	0	0	0	0	0	-1	0	0	-1	-1	0	0
OG0011010	1	0	0	0	0	0	0	0	0	0	-1	0	-1	0	-1	0	0
OG0011032	0	1	0	0	0	0	0	0	0	0	0	0	0	-1	-1	0	0
OG0011077	0	1	0	0	0	0	0	0	0	0	-1	0	-1	0	-1	0	0
OG0011104	0	1	0	0	0	0	0	0	0	0	0	0	0	-1	-1	0	0
OG0011119	0	0	0	0	0	0	0	0	0	0	-1	0	0	-1	-1	0	0
OG0011123	0	1	0	0	0	0	0	0	0	0	-1	0	-1	0	-1	0	0
OG0011135	0	2	0	0	0	0	0	0	0	0	0	0	-1	0	-1	0	0
OG0011153	0	0	0	0	0	0	0	-1	0	0	0	-1	0	0	0	0	0
OG0011160	0	0	0	0	0	0	0	-1	0	0	0	-1	0	0	0	0	0
OG0011176	0	-1	1	0	0	0	0	0	0	0	-1	0	0	-1	-1	0	0
OG0011242	0	0	0	0	0	-1	2	0	0	0	0	-1	0	0	0	0	-1
OG0011308	0	-1	0	0	-1	0	0	0	0	0	0	0	0	0	-1	0	0
OG0011316	0	-1	-1	1	-1	0	0	0	0	0	0	0	0	0	-1	0	0
OG0011334	0	-1	0	0	-1	0	0	0	0	0	0	0	0	0	-1	0	0
OG0011354	0	-1	0	0	-1	0	0	0	0	0	0	0	0	0	-1	0	0
OG0011373	0	-1	-1	0	0	0	0	0	0	0	0	0	0	0	-1	0	0
OG0011380	0	-1	0	0	-1	0	0	0	0	0	0	0	0	0	-1	0	0
OG0011393	0	-1	0	0	-1	0	0	0	0	0	0	0	0	0	-1	0	0
OG0011420	0	-1	-1	1	-1	0	0	0	0	0	0	0	0	0	-1	0	0
OG0011433	0	-1	0	0	-1	0	0	0	0	0	0	0	0	0	-1	0	0
OG0011459	0	-1	0	0	-1	0	0	0	0	0	0	0	0	0	-1	0	0
OG0011500	0	-1	0	0	-1	0	0	0	0	0	0	0	0	0	-1	0	0
OG0011516	0	-1	0	0	-1	0	0	0	0	0	0	0	0	0	-1	0	0
OG0011532	0	-1	0	0	-1	0	0	0	0	0	0	0	0	0	-1	0	0
OG0011535	0	-1	-1	1	-1	0	0	0	0	0	0	0	0	0	-1	0	0
OG0011567	0	-1	-1	1	-1	0	0	0	0	0	0	0	0	0	-1	0	0
OG0011586	0	-1	0	0	-1	0	0	0	0	0	0	0	0	0	-1	0	0
OG0011605	0	-1	-1	1	-1	0	0	0	0	0	0	0	0	0	-1	0	0
OG0011607	0	-1	-1	0	-1	0	0	0	0	0	-1	0	0	0	-1	0	0
OG0011622	0	-1	0	0	-1	0	0	0	0	0	0	0	0	0	-1	0	0
OG0011630	0	0	-1	0	-1	0	0	0	0	0	0	0	0	0	-1	0	0
OG0011674	0	-1	-1	0	0	0	0	0	0	0	0	0	0	0	-1	0	0
OG0011684	0	-1	-1	0	0	0	0	0	0	0	0	0	0	0	-1	0	0
OG0012026	0	-1	-1	-1	1	0	0	0	0	0	0	0	0	0	-1	0	0
OG0012142	0	0	-1	-1	0	0	0	0	0	0	0	0	0	0	-1	0	0
OG0012163	0	-1	-1	-1	0	0	0	0	0	0	-1	0	0	0	-1	0	0
OG0012170	0	-1	-1	-1	1	0	0	0	0	0	0	0	0	0	-1	0	0
OG0012205	0	-1	-1	-1	1	0	0	0	0	0	0	0	0	0	-1	0	0
OG0012235	0	-1	-1	-1	0	0	0	0	0	0	-1	0	0	0	-1	0	0
OG0012266	0	-1	-1	-1	0	0	0	0	0	0	-1	0	0	0	-1	0	0
OG0012273	0	-1	0	-1	0	0	0	0	0	0	0	0	0	0	-1	0	0
OG0012302	0	0	0	0	0	0	0	0	0	0	-1	0	-1	0	-1	0	0
OG0012303	0	0	0	0	0	0	0	0	0	0	0	0	0	-1	-1	0	0
OG0012325	0	0	0	0	0	0	0	0	0	0	0	0	0	-1	-1	0	0
OG0012327	0	1	0	0	0	0	0	0	0	0	0	0	-1	0	-1	0	0
OG0012348	0	0	0	0	0	0	0	0	0	0	0	0	0	-1	-1	0	0
OG0012404	0	1	0	0	0	0	0	0	0	0	0	0	-1	0	-1	0	0
OG0012405	0	1	0	0	0	0	0	0	0	0	0	0	-1	0	-1	0	0
OG0012444	0	0	0	0	0	0	0	0	0	0	0	0	0	-1	-1	0	0
OG0012469	0	1	0	0	0	0	0	0	0	0	0	0	-1	0	-1	0	0
OG0012536	0	0	0	0	0	0	0	0	0	0	0	0	0	-1	-1	0	0
OG0012542	0	0	0	0	0	0	0	0	0	0	0	0	0	-1	-1	0	0
OG0012590	0	0	0	0	0	0	0	0	0	0	0	0	0	-1	-1	0	0
OG0012622	0	1	0	0	0	0	0	0	0	0	0	0	-1	0	-1	0	0
OG0012634	0	0	0	0	0	0	0	0	0	0	0	0	0	-1	-1	0	0
OG0012680	0	1	0	0	0	0	0	0	0	0	0	0	-1	0	-1	0	0
OG0012696	0	1	0	0	0	0	0	0	0	0	0	0	-1	0	-1	0	0
OG0012699	0	1	0	0	0	0	0	0	0	0	0	0	-1	0	-1	0	0
OG0012733	0	1	0	0	0	0	0	0	0	0	0	0	-1	0	-1	0	0
OG0012744	0	1	0	0	0	0	0	0	0	0	0	0	-1	0	-1	0	0
OG0012829	0	-1	0	0	0	0	0	0	0	0	-1	0	0	-1	-1	0	0
OG0012842	0	-1	0	0	0	0	0	0	0	0	-1	0	0	-1	-1	0	0
OG0012844	0	-1	1	0	0	0	0	0	0	0	0	0	0	-1	-1	0	0
OG0012861	0	-1	1	0	0	0	0	0	0	0	0	0	0	-1	-1	0	0
OG0012876	0	-1	0	0	0	0	0	0	0	0	-1	0	0	-1	-1	0	0
OG0012885	0	-1	1	0	0	0	0	0	0	0	0	0	0	-1	-1	0	0
OG0013120	0	-1	-1	0	-1	0	0	0	0	0	0	0	0	0	-1	0	0
OG0013187	0	-1	-1	0	-1	0	0	0	0	0	0	0	0	0	-1	0	0
OG0013214	0	-1	-1	0	-1	0	0	0	0	0	0	0	0	0	-1	0	0
OG0013228	0	-1	-1	0	-1	0	0	0	0	0	0	0	0	0	-1	0	0
OG0013526	0	-1	-1	0	-1	0	0	0	0	0	0	0	0	0	-1	0	0
OG0013963	0	-1	-1	0	-1	0	0	0	0	0	0	0	0	0	-1	0	0
OG0014014	0	-1	-1	0	-1	0	0	0	0	0	0	0	0	0	-1	0	0
OG0014126	0	-1	-1	0	-1	0	0	0	0	0	0	0	0	0	-1	0	0
OG0014205	0	0	0	0	0	0	0	0	-1	0	0	-1	0	0	0	-1	0
OG0014384	0	-1	-1	-1	0	0	0	0	0	0	0	0	0	0	-1	0	0
OG0014542	0	-1	-1	-1	0	0	0	0	0	0	0	0	0	0	-1	0	0
OG0014845	0	-1	-1	-1	0	0	0	0	0	0	0	0	0	0	-1	0	0
OG0014899	0	-1	-1	-1	0	0	0	0	0	0	0	0	0	0	-1	0	0
OG0015109	0	-1	-1	-1	0	0	0	0	0	0	0	0	0	0	-1	0	0
OG0015115	0	-1	-1	-1	0	0	0	0	0	0	0	0	0	0	-1	0	0
OG0015127	0	-1	-1	-1	0	0	0	0	0	0	0	0	0	0	-1	0	0
OG0015152	0	-1	-1	-1	0	0	0	0	0	0	0	0	0	0	-1	0	0
OG0015212	0	-1	-1	-1	0	0	0	0	0	0	0	0	0	0	-1	0	0
OG0015344	0	0	0	0	0	0	0	0	0	0	0	0	-1	0	-1	0	0
OG0015349	0	0	0	0	0	0	0	0	0	0	0	0	-1	0	-1	0	0
OG0015367	0	0	0	0	0	0	0	0	0	0	0	0	-1	0	-1	0	0
OG0015411	0	0	0	0	0	0	0	0	0	0	0	0	-1	0	-1	0	0
OG0015469	0	0	0	0	0	0	0	0	0	0	0	0	-1	0	-1	0	0
OG0015483	0	0	0	0	0	0	0	0	0	0	0	0	-1	0	-1	0	0
OG0015520	0	0	0	0	0	0	0	0	0	0	0	0	-1	0	-1	0	0
OG0015549	0	0	0	0	0	0	0	0	0	0	0	0	-1	0	-1	0	0
OG0015577	0	0	0	0	0	0	0	0	0	0	0	0	-1	0	-1	0	0
OG0015590	0	0	0	0	0	0	0	0	0	0	0	0	-1	0	-1	0	0
OG0015609	0	0	0	0	0	0	0	0	0	0	0	0	-1	0	-1	0	0
OG0015658	0	0	0	0	0	0	0	0	0	0	0	0	-1	0	-1	0	0
OG0015765	0	0	0	0	0	0	0	0	0	0	0	0	-1	0	-1	0	0
OG0015777	0	0	0	0	0	0	0	0	0	0	0	0	-1	0	-1	0	0
OG0015888	0	0	0	0	0	0	0	0	0	0	0	0	-1	0	-1	0	0
OG0015915	0	0	0	0	0	0	0	0	0	0	0	0	-1	0	-1	0	0
OG0015989	0	0	0	0	0	0	0	0	0	0	0	0	-1	0	-1	0	0
OG0016150	0	0	0	0	0	0	0	0	0	0	0	0	-1	0	-1	0	0
OG0016222	0	0	0	0	0	0	0	0	0	0	0	0	-1	0	-1	0	0
OG0016249	0	0	0	0	0	0	0	0	0	0	0	0	-1	0	-1	0	0
OG0016298	0	0	0	0	0	0	0	0	0	0	0	0	-1	0	-1	0	0
OG0016322	0	0	0	0	0	0	0	0	0	0	0	0	-1	0	-1	0	0
OG0016344	0	0	0	0	0	0	0	-1	0	0	0	-1	0	0	0	-1	0
OG0016366	0	-1	0	0	0	0	0	0	0	0	0	0	0	-1	-1	0	0
OG0016369	0	-1	0	0	0	0	0	0	0	0	0	0	0	-1	-1	0	0
OG0016373	0	-1	0	0	0	0	0	0	0	0	0	0	0	-1	-1	0	0
OG0016376	0	-1	0	0	0	0	0	0	0	0	0	0	0	-1	-1	0	0
OG0016392	0	-1	0	0	0	0	0	0	0	0	0	0	0	-1	-1	0	0
OG0016400	0	-1	0	0	0	0	0	0	0	0	0	0	0	-1	-1	0	0
OG0016407	0	-1	0	0	0	0	0	0	0	0	0	0	0	-1	-1	0	0
OG0016434	0	-1	0	0	0	0	0	0	0	0	0	0	0	-1	-1	0	0
OG0016439	0	-1	0	0	0	0	0	0	0	0	0	0	0	-1	-1	0	0
OG0016469	0	-1	0	0	0	0	0	0	0	0	0	0	0	-1	-1	0	0
OG0016473	0	-1	0	0	0	0	0	0	0	0	0	0	0	-1	-1	0	0
OG0016474	0	-1	0	0	0	0	0	0	0	0	0	0	0	-1	-1	0	0
OG0016475	0	-1	0	0	0	0	0	0	0	0	0	0	0	-1	-1	0	0
OG0016520	0	-1	0	0	0	0	0	0	0	0	0	0	0	-1	-1	0	0
OG0016530	0	-1	0	0	0	0	0	0	0	0	0	0	0	-1	-1	0	0
OG0016534	0	-1	0	0	0	0	0	0	0	0	0	0	0	-1	-1	0	0
OG0016546	0	-1	0	0	0	0	0	0	0	0	0	0	0	-1	-1	0	0
OG0016550	0	-1	0	0	0	0	0	0	0	0	0	0	0	-1	-1	0	0
OG0016566	0	-1	0	0	0	0	0	0	0	0	0	0	0	-1	-1	0	0
OG0016569	0	-1	0	0	0	0	0	0	0	0	0	0	0	-1	-1	0	0
OG0016593	0	-1	0	0	0	0	0	0	0	0	0	0	0	-1	-1	0	0
OG0016603	0	-1	0	0	0	0	0	0	0	0	0	0	0	-1	-1	0	0
OG0016606	0	-1	0	0	0	0	0	0	0	0	0	0	0	-1	-1	0	0
OG0016618	0	-1	0	0	0	0	0	0	0	0	0	0	0	-1	-1	0	0
OG0016622	0	-1	0	0	0	0	0	0	0	0	0	0	0	-1	-1	0	0
OG0016628	0	-1	0	0	0	0	0	0	0	0	0	0	0	-1	-1	0	0
OG0016644	0	-1	0	0	0	0	0	0	0	0	0	0	0	-1	-1	0	0
OG0016653	0	-1	0	0	0	0	0	0	0	0	0	0	0	-1	-1	0	0
OG0016658	0	-1	0	0	0	0	0	0	0	0	0	0	0	-1	-1	0	0
OG0016677	0	-1	0	0	0	0	0	0	0	0	0	0	0	-1	-1	0	0
OG0016678	0	-1	0	0	0	0	0	0	0	0	0	0	0	-1	-1	0	0
OG0016683	0	-1	0	0	0	0	0	0	0	0	0	0	0	-1	-1	0	0
OG0016692	0	-1	0	0	0	0	0	0	0	0	0	0	0	-1	-1	0	0
OG0016695	0	-1	0	0	0	0	0	0	0	0	0	0	0	-1	-1	0	0
OG0016699	0	-1	0	0	0	0	0	0	0	0	0	0	0	-1	-1	0	0
OG0016701	0	-1	0	0	0	0	0	0	0	0	0	0	0	-1	-1	0	0
OG0016769	0	0	0	0	0	-1	0	0	0	0	0	-1	0	0	0	0	-1
OG0016933	0	0	0	0	0	-1	0	0	0	0	0	-1	0	0	0	0	-1
