Family ID	0.271524	0.829438	1.89904	
OG0000008	9.52006e-73	3.11253e-40	4.10522e-27	
OG0000012	9.22748e-87	2.20107e-51	1.35948e-36	
OG0000013	3.28708e-69	1.15744e-37	1.20345e-25	
OG0000015	1.72366e-60	7.38738e-35	1.59275e-24	
OG0000016	7.26324e-50	3.07232e-29	2.53142e-21	
OG0000020	1.99806e-63	8.19588e-36	1.09522e-24	
OG0000025	1.44064e-52	2.86969e-33	2.54784e-25	
OG0000026	1.65577e-47	9.57257e-30	1.6552e-22	
OG0000027	2.48432e-57	6.70531e-33	1.82633e-23	
OG0000029	2.96922e-62	1.18719e-35	7.3016e-24	
OG0000031	2.71607e-36	1.21882e-22	2.62019e-18	
OG0000032	1.68879e-61	1.0257e-38	1.01675e-27	
OG0000033	9.05842e-29	7.15424e-19	2.62344e-16	
OG0000034	2.61311e-63	2.34665e-36	1.48609e-24	
OG0000035	1.1362e-41	1.60366e-24	1.35726e-18	
OG0000036	2.39948e-69	1.875e-39	5.13445e-26	
OG0000038	5.24553e-41	7.9204e-26	7.5658e-20	
OG0000040	1.44331e-21	1.59958e-16	2.18003e-15	
OG0000043	3.26435e-78	3.66718e-44	1.24567e-28	
OG0000046	2.51492e-46	8.67086e-30	1.66699e-22	
OG0000047	2.09794e-71	9.99414e-39	3.99912e-25	
OG0000049	8.21156e-63	8.80268e-36	4.26512e-24	
OG0000050	4.98944e-49	3.45674e-29	1.79523e-21	
OG0000052	3.53902e-57	1.26068e-31	5.92778e-22	
OG0000053	2.99207e-43	8.72685e-26	6.39509e-19	
OG0000054	1.02205e-40	8.45139e-24	2.70262e-18	
OG0000055	3.5441e-34	8.47066e-22	1.26434e-17	
OG0000056	1.58714e-36	3.1186e-23	2.46274e-18	
OG0000057	3.08014e-43	4.43939e-26	1.92847e-19	
OG0000058	2.16266e-41	4.6843e-25	6.62111e-19	
OG0000059	1.76175e-70	1.28875e-41	2.06029e-28	
OG0000060	4.27859e-43	1.61583e-27	1.06884e-20	
OG0000061	1.12498e-25	8.86154e-18	1.01629e-15	
OG0000062	1.44897e-51	1.70651e-33	1.86184e-25	
OG0000069	1.78824e-20	9.14226e-16	6.86713e-15	
OG0000071	1.40527e-44	4.11532e-27	5.6919e-20	
OG0000072	1.38624e-42	6.27637e-26	1.99805e-19	
OG0000073	2.38588e-50	2.39988e-29	3.21223e-21	
OG0000075	8.00178e-59	5.42697e-35	2.54868e-24	
OG0000077	3.78265e-69	2.56158e-39	7.02489e-25	
OG0000078	1.70362e-38	5.67547e-23	1.77366e-17	
OG0000080	1.6841e-56	6.40078e-33	5.38804e-22	
OG0000081	5.75606e-48	3.2792e-28	3.75975e-20	
OG0000082	4.81286e-24	1.04724e-17	1.21511e-15	
OG0000085	3.36481e-29	6.07252e-20	2.08454e-16	
OG0000086	2.44675e-26	1.50732e-18	5.55971e-16	
OG0000087	3.83516e-74	5.85587e-43	7.10957e-28	
OG0000093	3.85165e-58	1.02275e-33	4.14067e-22	
OG0000094	4.27864e-30	1.50757e-19	5.16991e-16	
OG0000095	1.1518e-31	3.02895e-20	1.38801e-16	
OG0000100	2.28601e-50	1.86702e-29	5.18908e-21	
OG0000102	5.09616e-66	1.55895e-37	9.37955e-25	
OG0000104	3.17309e-53	5.61941e-30	1.18884e-20	
OG0000105	4.86611e-56	5.88555e-33	2.51167e-22	
OG0000106	6.00914e-53	1.56818e-32	6.17507e-23	
OG0000107	1.09838e-60	8.31243e-36	2.09903e-24	
OG0000108	3.89072e-66	2.217e-37	7.06623e-25	
OG0000110	2.41981e-31	1.838e-19	1.10648e-15	
OG0000112	8.42745e-40	7.84607e-25	4.04813e-18	
OG0000113	3.68178e-55	1.16805e-32	1.42625e-22	
OG0000115	1.31103e-20	1.65138e-15	2.76924e-14	
OG0000116	4.02921e-26	5.14961e-19	7.2338e-17	
OG0000118	5.42077e-38	3.74214e-23	1.48148e-17	
OG0000119	2.70608e-52	2.34873e-31	6.64719e-22	
OG0000122	7.02576e-31	1.2407e-19	6.47831e-16	
OG0000123	7.85756e-35	1.87999e-22	7.42266e-17	
OG0000125	6.72893e-43	5.47581e-26	4.00985e-19	
OG0000126	3.38664e-37	8.3184e-25	2.35939e-19	
OG0000127	7.9267e-47	3.71698e-28	2.09053e-20	
OG0000128	3.08944e-22	3.34089e-16	1.61372e-14	
OG0000129	4.07568e-38	3.90765e-26	5.99727e-21	
OG0000131	2.73331e-75	9.72881e-44	1.01237e-27	
OG0000132	6.85752e-26	7.00448e-18	2.05726e-15	
OG0000133	1.1734e-53	1.76922e-33	5.40785e-24	
OG0000134	9.49821e-75	6.62591e-43	4.93244e-28	
OG0000135	9.63119e-41	1.31286e-24	3.05865e-18	
OG0000136	1.92515e-32	5.29602e-21	4.99546e-17	
OG0000137	2e-49	1.13287e-29	1.02685e-20	
OG0000139	1.18023e-54	3.08728e-32	6.98301e-22	
OG0000141	4.2969e-38	2.004e-23	2.55638e-17	
OG0000142	1.59025e-57	1.41027e-33	1.04777e-21	
OG0000143	3.76283e-34	6.53815e-23	3.55125e-18	
OG0000144	1.44131e-42	3.55938e-26	2.84687e-19	
OG0000146	9.55738e-69	2.63252e-38	6.59736e-24	
OG0000147	1.59434e-29	4.22534e-21	1.02374e-17	
OG0000148	9.13983e-43	5.85374e-26	7.55008e-19	
OG0000149	1.46537e-56	8.77842e-34	4.89626e-22	
OG0000152	5.74541e-31	1.60659e-20	1.67863e-15	
OG0000153	1.86681e-57	3.988e-34	3.4773e-23	
OG0000154	8.19489e-42	1.20233e-27	5.14616e-22	
OG0000156	6.22405e-15	1.88128e-12	1.19109e-12	
OG0000158	9.88733e-27	4.88495e-18	9.4995e-14	
OG0000159	1.61104e-75	1.91196e-43	5.37687e-27	
OG0000161	1.11344e-32	8.74928e-23	2.08893e-18	
OG0000162	6.50272e-67	9.03863e-40	1.0421e-25	
OG0000164	3.2798e-30	2.47286e-19	2.44838e-15	
OG0000166	3.65629e-26	8.64879e-19	3.04797e-16	
OG0000167	4.32107e-44	9.34913e-27	4.29841e-19	
OG0000169	1.1e-25	1.03759e-17	3.1678e-15	
OG0000170	6.42445e-37	1.1825e-22	2.88235e-17	
OG0000171	1.7457e-20	9.3603e-16	2.21811e-14	
OG0000172	1.4911e-31	2.03594e-20	2.05544e-16	
OG0000173	2.1583e-65	5.96633e-37	4.02883e-23	
OG0000176	2.16727e-31	1.47226e-20	1.54775e-16	
OG0000177	1.43206e-80	7.52686e-48	2.91926e-29	
OG0000178	3.60681e-57	2.72274e-34	2.12384e-23	
OG0000179	4.644e-20	6.71833e-15	6.82377e-14	
OG0000180	7.01226e-25	1.70365e-17	4.05215e-15	
OG0000181	1.27179e-25	4.04746e-17	1.55674e-14	
OG0000182	1.83797e-19	3.84342e-15	5.53006e-14	
OG0000183	1.35408e-37	3.40399e-23	1.43042e-16	
OG0000184	4.09536e-56	1.35785e-32	3.39973e-21	
OG0000185	9.61599e-73	6.70132e-42	6.09062e-26	
OG0000190	8.62778e-18	8.06618e-14	4.16516e-13	
OG0000191	4.58859e-30	9.25505e-20	3.65009e-16	
OG0000192	1.03589e-28	5.48408e-19	1.083e-15	
OG0000193	6.54402e-58	4.46421e-33	2.33041e-21	
OG0000194	3.46351e-18	1.72755e-13	8.09712e-13	
OG0000195	3.19668e-11	5.94883e-11	7.39021e-12	
OG0000197	3.13136e-21	3.06313e-16	1.42195e-14	
OG0000198	2.05651e-23	1.11951e-16	1.05378e-14	
OG0000199	3.06937e-69	3.12906e-41	4.268e-26	
OG0000203	5.10395e-26	1.03473e-17	4.16211e-15	
OG0000204	2.63961e-21	1.9503e-15	6.15092e-14	
OG0000205	8.97096e-25	6.09508e-17	2.02409e-14	
OG0000207	3.88271e-17	6.95234e-14	2.86713e-13	
OG0000209	4.46916e-34	2.38199e-21	9.69917e-17	
OG0000216	4.78054e-24	4.25541e-16	7.52209e-14	
OG0000217	3.76414e-24	4.01901e-17	9.18561e-15	
OG0000219	4.79718e-24	4.93607e-16	1.14028e-13	
OG0000220	5.56058e-36	7.65331e-25	1.46981e-19	
OG0000221	2.6727e-24	1.54973e-16	4.50487e-14	
OG0000223	3.32348e-48	2.9584e-29	1.20809e-19	
OG0000224	4.68868e-36	2.50014e-22	8.40193e-17	
OG0000225	1.00331e-23	6.51506e-17	9.84754e-15	
OG0000228	6.45201e-43	4.28047e-27	8.66522e-20	
OG0000229	7.80729e-25	2.22371e-16	8.77536e-14	
OG0000231	4.8659e-19	9.95417e-15	9.33027e-14	
OG0000232	8.54954e-22	5.81072e-16	2.49675e-14	
OG0000233	3.84273e-59	3.97819e-36	4.36854e-24	
OG0000237	4.06012e-20	6.03406e-15	1.3792e-13	
OG0000238	8.60603e-24	2.51989e-18	2.27255e-16	
OG0000239	5.38447e-56	1.69085e-33	5.00185e-22	
OG0000240	2.19746e-60	2.49435e-36	1.09477e-23	
OG0000244	2.60303e-39	6.91082e-25	2.26634e-18	
OG0000245	4.27441e-15	7.90571e-13	1.1948e-12	
OG0000246	1.0585e-23	1.75209e-16	4.53532e-14	
OG0000247	5.87616e-22	5.11955e-17	3.03716e-15	
OG0000248	9.11153e-58	2.03825e-33	1.84278e-21	
OG0000251	3.91997e-13	1.19591e-11	5.02946e-12	
OG0000252	1.70948e-26	5.46073e-19	3.36765e-16	
OG0000253	2.15147e-12	3.95863e-11	1.055e-11	
OG0000254	1.73581e-19	8.63059e-14	1.19005e-12	
OG0000258	1.95572e-16	1.75991e-13	4.08755e-13	
OG0000259	3.51257e-44	2.44096e-27	2.09268e-18	
OG0000260	7.34698e-32	6.0579e-21	1.36015e-16	
OG0000261	1.63754e-26	4.09324e-19	2.87273e-16	
OG0000264	1.38786e-15	3.15651e-13	5.10384e-13	
OG0000267	1.46352e-48	9.22057e-30	1.10447e-20	
OG0000269	1.39264e-14	3.54839e-12	3.65536e-12	
OG0000272	2.94161e-39	4.79154e-24	8.1527e-17	
OG0000273	2.71646e-39	1.92449e-23	1.59019e-16	
OG0000274	1.21143e-58	3.12038e-36	2.70675e-24	
OG0000275	5.60041e-30	2.0744e-19	2.56455e-15	
OG0000277	9.96546e-21	2.54324e-15	6.39237e-14	
OG0000278	7.28216e-36	1.31734e-22	7.57749e-17	
OG0000279	8.82661e-33	1.7129e-21	7.18628e-17	
OG0000280	4.27047e-40	8.79775e-25	4.05879e-17	
OG0000282	2.12495e-18	1.61574e-13	1.18019e-12	
OG0000283	5.84252e-62	1.00641e-43	4.87169e-32	
OG0000285	1.07564e-17	2.1814e-13	1.38461e-12	
OG0000286	2.88176e-15	2.87095e-12	4.57541e-12	
OG0000287	1.18909e-15	1.76947e-12	3.38552e-12	
OG0000289	1.23248e-34	7.78472e-22	1.88596e-16	
OG0000290	1.95559e-11	1.00678e-10	1.64537e-11	
OG0000291	2.0114e-30	1.28339e-19	2.14638e-15	
OG0000292	2.46865e-24	1.11757e-17	3.76938e-15	
OG0000293	4.76577e-51	4.60462e-31	8.87815e-21	
OG0000296	9.28871e-39	3.85088e-23	1.42486e-16	
OG0000298	1.77473e-17	3.59634e-14	1.87445e-13	
OG0000301	6.21276e-48	2.25518e-29	6.09509e-20	
OG0000303	3.12062e-20	2.5593e-15	6.43488e-14	
OG0000304	1.61149e-30	9.81231e-22	5.94074e-18	
OG0000305	5.6486e-15	3.74984e-13	3.37331e-13	
OG0000306	8.25893e-36	1.0366e-21	1.33984e-15	
OG0000308	7.50484e-34	9.64152e-22	2.05974e-16	
OG0000309	1.5524e-25	1.082e-16	8.83658e-14	
OG0000310	9.63008e-48	4.2833e-29	2.56726e-19	
OG0000312	5.5961e-34	1.946e-21	7.39927e-16	
OG0000315	2.94198e-49	4.50771e-30	3.00304e-20	
OG0000316	5.60117e-20	8.99335e-15	3.24311e-13	
OG0000318	2.32895e-16	6.9453e-13	2.22464e-12	
OG0000319	1.26056e-22	2.45383e-15	2.44874e-13	
OG0000322	2.01092e-52	1.36331e-31	1.3462e-20	
OG0000325	1.55325e-39	3.34072e-24	2.28722e-17	
OG0000327	2.09429e-18	2.88681e-15	2.04907e-14	
OG0000328	8.35097e-35	2.27168e-23	2.75154e-18	
OG0000329	3.43377e-31	2.50824e-20	3.557e-16	
OG0000330	4.28424e-22	5.24913e-16	3.53271e-14	
OG0000331	2.32692e-34	8.30431e-22	2.10258e-16	
OG0000332	1.39046e-31	9.56683e-21	2.92395e-16	
OG0000333	2.34121e-44	1.80175e-26	4.11029e-18	
OG0000335	2.78996e-29	4.37145e-18	3.36814e-14	
OG0000336	1.80477e-19	1.20491e-14	1.69757e-13	
OG0000337	3.71673e-32	2.42904e-20	6.96855e-15	
OG0000338	3.64242e-31	1.70142e-19	5.02997e-15	
OG0000339	3.36778e-18	2.42785e-15	1.17783e-14	
OG0000341	6.97418e-17	2.35429e-14	1.01313e-13	
OG0000345	7.44923e-55	6.69063e-33	4.93942e-21	
OG0000347	4.14663e-26	5.62456e-17	1.75707e-13	
OG0000348	4.00656e-14	1.02851e-11	8.63965e-12	
OG0000349	1.3148e-41	2.80558e-25	1.08088e-17	
OG0000350	6.52078e-18	8.45869e-15	4.65495e-14	
OG0000351	6.74008e-11	1.60237e-10	2.54848e-11	
OG0000353	4.24781e-12	6.44765e-12	2.18372e-12	
OG0000354	1.33948e-41	6.04402e-25	4.77153e-17	
OG0000355	1.42649e-10	5.21262e-11	5.61425e-12	
OG0000356	1.04726e-53	2.27179e-31	1.37289e-19	
OG0000358	5.5875e-21	6.79048e-16	2.55943e-14	
OG0000359	1.42547e-19	2.91524e-14	6.87545e-13	
OG0000360	7.06283e-45	3.65183e-27	2.64473e-18	
OG0000362	4.49795e-28	2.10166e-18	5.30103e-14	
OG0000366	9.78506e-30	3.11849e-19	1.6813e-14	
OG0000367	1.18999e-42	6.06618e-29	3.79121e-22	
OG0000369	1.63892e-36	6.30673e-23	1.01306e-16	
OG0000370	1.71824e-23	1.21319e-16	2.47484e-14	
OG0000371	8.0157e-29	5.23184e-19	5.33052e-15	
OG0000372	7.99148e-24	4.0116e-16	1.67704e-13	
OG0000373	8.78303e-48	2.93225e-28	1.78392e-18	
OG0000374	6.29863e-17	6.95609e-13	4.23804e-12	
OG0000376	5.22868e-13	1.96068e-11	1.17819e-11	
OG0000377	1.93709e-30	5.12921e-19	2.92229e-14	
OG0000378	2.22337e-26	1.83891e-18	7.99913e-16	
OG0000379	9.29878e-44	6.54424e-27	1.68271e-18	
OG0000380	9.28604e-46	2.96128e-28	3.21899e-19	
OG0000381	5.34488e-26	1.48768e-17	2.59128e-14	
OG0000382	1.66648e-20	1.58925e-14	6.63121e-13	
OG0000383	2.24618e-25	2.46007e-16	1.9369e-13	
OG0000384	9.98023e-14	4.49476e-12	2.39723e-12	
OG0000385	1.42931e-20	2.78588e-14	9.73148e-13	
OG0000386	8.84516e-19	1.80197e-14	2.404e-13	
OG0000387	9.71648e-17	2.73458e-13	1.24689e-12	
OG0000388	5.20613e-38	7.28228e-24	3.42261e-17	
OG0000391	4.65525e-25	3.7202e-16	2.21355e-13	
OG0000392	1.39277e-22	2.76219e-16	4.95911e-14	
OG0000393	3.69971e-27	1.94085e-18	3.41234e-15	
OG0000395	9.09433e-15	6.83229e-12	9.43679e-12	
OG0000398	3.848e-16	2.1096e-12	6.39483e-12	
OG0000400	2.40653e-22	5.43425e-17	3.90248e-15	
OG0000401	3.94587e-31	2.72062e-20	9.7904e-16	
OG0000402	1.21165e-29	5.18951e-19	4.12763e-14	
OG0000403	5.0963e-35	1.29103e-22	6.93991e-17	
OG0000404	1.15927e-48	1.24978e-28	2.09155e-18	
OG0000405	2.26163e-15	6.06564e-14	6.58978e-14	
OG0000407	1.36325e-38	4.78627e-24	4.76961e-17	
OG0000408	6.93768e-48	3.94853e-30	5.06921e-21	
OG0000416	1.28449e-39	9.70084e-25	2.04616e-17	
OG0000417	7.43571e-16	3.55707e-12	1.19551e-11	
OG0000418	8.71868e-32	3.52964e-21	1.22285e-16	
OG0000419	1.18972e-31	2.64816e-20	1.94023e-15	
OG0000420	3.27612e-41	1.25182e-25	6.9366e-18	
OG0000422	4.61027e-15	5.72419e-12	1.08893e-11	
OG0000424	1.08755e-13	1.74047e-11	1.92722e-11	
OG0000425	3.21992e-42	4.80998e-26	6.42458e-18	
OG0000426	7.97084e-26	4.86693e-17	9.66021e-14	
OG0000427	2.82474e-32	1.17335e-20	1.33411e-15	
OG0000428	4.6425e-17	8.27948e-13	5.89809e-12	
OG0000429	3.37775e-27	3.81297e-19	3.62426e-16	
OG0000430	4.78534e-35	4.24888e-24	1.38833e-18	
OG0000431	1.74421e-30	9.29502e-20	3.25573e-15	
OG0000434	1.31272e-49	5.36594e-29	1.74859e-18	
OG0000435	1.07068e-09	6.63073e-10	6.14703e-11	
OG0000437	1.18928e-15	5.56482e-12	1.61488e-11	
OG0000439	2.38906e-31	1.38733e-20	3.73734e-16	
OG0000440	3.57753e-31	1.3881e-19	8.57953e-15	
OG0000441	8.19283e-27	7.08076e-19	1.05492e-15	
OG0000442	5.24977e-18	4.44235e-15	1.95461e-14	
OG0000444	6.67868e-21	1.02386e-14	6.45506e-13	
OG0000446	5.78497e-48	2.86132e-31	1.8582e-22	
OG0000447	1.94137e-18	5.35075e-14	1.76447e-12	
OG0000450	4.48018e-44	1.5811e-26	6.58797e-18	
OG0000453	1.79363e-31	5.83341e-21	2.29071e-16	
OG0000455	8.9547e-18	2.56443e-13	2.68038e-12	
OG0000459	1.8133e-21	4.80971e-15	2.54755e-12	
OG0000460	4.62275e-18	1.28636e-14	5.17188e-14	
OG0000461	2.41823e-36	7.9378e-23	2.03245e-16	
OG0000462	4.80812e-42	7.51886e-27	4.7738e-19	
OG0000463	9.39958e-37	4.22554e-23	1.62153e-16	
OG0000465	1.57841e-18	6.7393e-14	1.02801e-12	
OG0000470	2.39662e-29	4.41211e-19	3.48458e-14	
OG0000471	7.28306e-31	3.53573e-19	3.55729e-14	
OG0000472	1.99138e-39	9.0521e-25	2.35797e-17	
OG0000473	4.63917e-33	1.33329e-20	4.9814e-15	
OG0000474	3.74764e-42	4.57364e-26	1.02007e-17	
OG0000475	2.16396e-44	1.04882e-26	1.66398e-17	
OG0000476	1.2538e-49	1.48093e-30	5.32565e-20	
OG0000478	8.94531e-21	4.49567e-15	1.8854e-13	
OG0000479	9.34007e-14	4.60923e-12	5.27361e-12	
OG0000480	3.09002e-22	3.3851e-15	9.18261e-13	
OG0000482	1.27848e-21	1.85696e-15	2.62756e-13	
OG0000483	8.65165e-13	4.7452e-11	2.46007e-11	
OG0000484	2.85025e-15	6.99e-12	1.48229e-11	
OG0000486	2.37457e-39	3.27178e-25	3.32803e-18	
OG0000487	9.47087e-37	3.57569e-23	1.37704e-16	
OG0000491	9.91676e-21	2.48456e-15	1.84891e-13	
OG0000493	3.11563e-13	3.56565e-11	2.4717e-11	
OG0000495	1.28221e-37	8.91047e-24	8.10032e-17	
OG0000496	6.31171e-14	2.7177e-11	2.48707e-11	
OG0000497	3.27078e-10	5.34225e-10	6.93e-11	
OG0000498	7.37205e-36	1.10453e-22	2.49418e-16	
OG0000499	1.01815e-17	3.69005e-13	3.70938e-12	
OG0000501	2.03592e-23	6.97614e-16	3.15038e-13	
OG0000502	8.39698e-24	3.10218e-16	1.93585e-13	
OG0000503	1.73312e-19	4.68493e-14	1.73461e-12	
OG0000504	1.70024e-22	1.5171e-17	1.12459e-15	
OG0000505	7.42752e-33	5.43979e-21	1.26826e-15	
OG0000506	3.6859e-36	9.21825e-23	1.58435e-16	
OG0000507	8.51276e-25	1.14816e-17	4.36484e-14	
OG0000511	2.5261e-19	8.49064e-14	2.23275e-12	
OG0000512	4.65724e-26	2.75987e-17	1.15851e-13	
OG0000513	2.01768e-25	4.44237e-17	9.0928e-14	
OG0000515	1.47637e-14	8.38429e-13	1.45263e-12	
OG0000517	3.63526e-11	4.15567e-11	9.14586e-12	
OG0000518	4.31116e-19	2.39304e-15	7.02887e-14	
OG0000520	5.34776e-11	2.61933e-10	5.56336e-11	
OG0000522	3.57941e-18	3.91836e-13	1.07825e-11	
OG0000528	1.29414e-16	1.41886e-12	1.61642e-11	
OG0000529	1.58678e-35	3.93074e-23	4.4383e-17	
OG0000531	3.94028e-20	2.61891e-14	1.68569e-12	
OG0000532	1.03564e-27	7.9627e-19	3.45211e-15	
OG0000533	4.42131e-35	4.02799e-22	1.65153e-15	
OG0000534	3.1326e-22	2.78856e-15	5.13728e-13	
OG0000537	1.32062e-14	2.74801e-12	3.3826e-12	
OG0000538	4.39211e-27	5.97936e-19	9.46242e-16	
OG0000539	1.55391e-21	6.59453e-16	1.38995e-13	
OG0000540	2.76891e-10	8.55714e-10	1.03929e-10	
OG0000541	8.26425e-31	9.04095e-20	7.90021e-15	
OG0000547	1.50073e-11	1.99134e-10	5.66071e-11	
OG0000548	3.75335e-28	8.39233e-19	1.16357e-14	
OG0000549	2.22962e-14	1.74572e-11	3.37303e-11	
OG0000550	3.02195e-14	1.88072e-11	2.61045e-11	
OG0000551	1.22033e-14	2.38722e-12	5.38061e-12	
OG0000552	9.61148e-22	5.40206e-16	6.60152e-14	
OG0000553	3.66999e-22	1.5367e-15	3.48778e-13	
OG0000554	4.72154e-25	1.06195e-16	1.6764e-13	
OG0000555	6.30317e-22	2.07865e-15	2.34889e-13	
OG0000556	6.07933e-24	1.00387e-16	3.77128e-14	
OG0000557	3.39873e-22	3.32966e-15	7.83401e-13	
OG0000558	1.79628e-24	3.07666e-16	2.45821e-13	
OG0000562	1.89255e-34	5.4589e-22	4.8083e-16	
OG0000564	5.37267e-23	7.56131e-16	3.8039e-13	
OG0000565	3.76656e-16	3.40792e-12	1.34455e-11	
OG0000566	9.8501e-36	6.22428e-22	2.17159e-15	
OG0000567	8.45392e-18	8.06039e-14	6.47737e-13	
OG0000568	8.38319e-18	1.0403e-14	9.57468e-14	
OG0000569	1.02552e-23	1.29012e-16	4.16811e-14	
OG0000570	2.14499e-22	2.56468e-15	6.2239e-13	
OG0000571	2.4867e-28	2.86552e-18	3.04707e-14	
OG0000572	5.31328e-34	8.55011e-22	9.45738e-16	
OG0000573	6.56233e-15	1.05247e-11	2.71738e-11	
OG0000574	5.82104e-13	4.72867e-11	3.48497e-11	
OG0000575	3.42281e-31	2.53415e-23	7.43582e-19	
OG0000579	7.48232e-20	5.98571e-14	3.06914e-12	
OG0000580	1.66497e-29	1.00595e-19	2.10303e-15	
OG0000583	2.2638e-19	5.13647e-14	1.60266e-12	
OG0000585	3.4538e-17	5.15304e-13	7.45723e-12	
OG0000586	1.27066e-23	5.79848e-16	5.15335e-13	
OG0000587	1.76798e-14	2.53957e-11	6.73687e-11	
OG0000588	4.00139e-15	4.57536e-13	9.00599e-13	
OG0000589	1.12981e-09	1.61299e-09	1.6836e-10	
OG0000590	3.50588e-11	1.49849e-10	3.54812e-11	
OG0000591	9.18206e-24	1.01003e-16	4.31573e-14	
OG0000592	7.62366e-12	2.15894e-10	7.34442e-11	
OG0000593	9.59602e-28	5.01901e-18	6.11316e-14	
OG0000594	8.97126e-25	2.65663e-16	4.71539e-13	
OG0000595	9.82766e-33	7.42588e-21	2.8205e-15	
OG0000596	2.69169e-17	5.64671e-13	6.29585e-12	
OG0000597	6.96526e-36	1.30417e-22	7.65479e-16	
OG0000598	1.11538e-21	2.66924e-14	5.2486e-12	
OG0000600	6.05836e-25	4.61692e-17	6.10402e-14	
OG0000602	7.30227e-22	4.4016e-15	8.56771e-13	
OG0000603	9.58051e-26	1.97737e-18	6.96864e-15	
OG0000605	2.68209e-43	2.29415e-26	2.21319e-17	
OG0000608	7.28054e-38	1.29358e-23	3.60848e-16	
OG0000609	6.16349e-18	2.00046e-13	4.2752e-12	
OG0000611	1.82613e-15	2.67104e-13	7.0243e-13	
OG0000612	1.18287e-14	3.95575e-12	5.48996e-12	
OG0000613	1.92668e-18	4.7604e-14	5.90378e-13	
OG0000615	1.52512e-31	9.62777e-21	1.58568e-15	
OG0000616	6.37993e-32	4.56472e-21	5.45237e-16	
OG0000617	1.98913e-19	1.59665e-14	2.85746e-13	
OG0000618	1.23924e-14	8.26068e-12	2.27441e-11	
OG0000619	3.1367e-14	3.14492e-11	7.73927e-11	
OG0000621	1.29859e-12	8.93785e-11	5.14097e-11	
OG0000622	4.52376e-13	9.85134e-11	6.62168e-11	
OG0000624	8.52338e-15	8.57031e-13	1.71083e-12	
OG0000625	3.4401e-13	8.46719e-11	7.59757e-11	
OG0000626	7.74451e-32	2.29362e-20	5.15861e-15	
OG0000627	5.6966e-21	1.06568e-14	1.46435e-12	
OG0000629	1.2689e-14	1.1767e-11	2.75443e-11	
OG0000630	9.87792e-13	9.21899e-11	6.35223e-11	
OG0000631	7.74451e-32	2.29362e-20	5.15861e-15	
OG0000634	3.03053e-23	9.82216e-17	1.73609e-13	
OG0000637	5.56519e-37	1.85598e-22	4.85654e-15	
OG0000639	1.64396e-10	7.9935e-10	1.35349e-10	
OG0000640	9.26599e-15	2.02645e-11	4.08717e-11	
OG0000641	6.387e-23	6.35858e-15	3.5564e-12	
OG0000642	1.00489e-19	7.68661e-14	5.89495e-12	
OG0000643	1.01933e-17	1.40816e-12	2.61529e-11	
OG0000645	2.48945e-11	9.65767e-11	2.4184e-11	
OG0000646	7.09605e-12	1.92165e-10	7.41868e-11	
OG0000647	3.71783e-32	5.68374e-21	1.81834e-15	
OG0000648	2.28871e-11	3.15701e-10	1.02296e-10	
OG0000649	2.39632e-16	1.49696e-12	1.16014e-11	
OG0000650	7.64911e-13	5.20318e-11	4.13974e-11	
OG0000651	1.48748e-18	5.06753e-13	1.46019e-11	
OG0000652	3.10027e-12	2.78763e-11	1.25976e-11	
OG0000653	4.41452e-16	4.49788e-12	2.45863e-11	
OG0000654	2.74303e-31	2.59567e-20	5.91007e-15	
OG0000656	7.56552e-37	6.31362e-26	3.6967e-20	
OG0000661	1.87373e-15	8.1664e-12	3.15815e-11	
OG0000662	9.58246e-29	8.73815e-19	2.94777e-14	
OG0000665	8.83081e-18	2.66031e-14	4.22019e-13	
OG0000667	2.97553e-13	4.73981e-11	4.70501e-11	
OG0000668	1.55733e-22	1.54028e-15	6.4711e-13	
OG0000669	2.58464e-28	2.05499e-18	4.52923e-14	
OG0000670	2.4641e-30	7.75723e-20	5.22937e-15	
OG0000672	6.29089e-25	2.20622e-17	1.96283e-14	
OG0000674	1.06569e-28	4.22479e-18	2.01987e-13	
OG0000676	3.14423e-11	4.74749e-10	1.23622e-10	
OG0000677	2.30047e-19	7.90488e-14	3.61616e-12	
OG0000679	1.68365e-24	3.38264e-17	2.02776e-14	
OG0000680	1.32881e-32	1.45678e-20	1.62834e-14	
OG0000681	4.80195e-30	2.17923e-19	1.7188e-14	
OG0000682	1.09787e-31	2.17394e-20	1.08025e-14	
OG0000683	5.88764e-20	9.40922e-15	3.79136e-13	
OG0000684	7.66228e-14	5.35705e-11	7.27017e-11	
OG0000685	2.95735e-13	1.84197e-12	1.26928e-12	
OG0000687	3.32435e-14	2.82509e-12	4.35609e-12	
OG0000688	1.50427e-24	3.10633e-16	5.16669e-13	
OG0000689	8.95856e-17	3.639e-14	2.95376e-13	
OG0000690	1.17353e-28	2.3503e-18	8.5006e-14	
OG0000691	3.48821e-24	8.27524e-17	3.31744e-14	
OG0000698	3.10275e-35	1.31581e-21	5.13931e-15	
OG0000700	3.7615e-11	5.9462e-10	1.62719e-10	
OG0000701	9.79407e-22	7.94234e-15	2.37714e-12	
OG0000702	1.1661e-09	2.13345e-09	2.31408e-10	
OG0000703	5.09496e-10	1.21494e-09	1.93922e-10	
OG0000704	8.24296e-16	4.41699e-13	1.46533e-12	
OG0000705	2.31936e-14	2.16635e-11	3.98792e-11	
OG0000707	9.50821e-11	9.34237e-10	2.0877e-10	
OG0000708	2.50947e-13	4.44439e-11	4.66842e-11	
OG0000710	1.46985e-29	6.73242e-20	1.93557e-15	
OG0000712	3.51692e-17	2.51777e-13	1.90065e-12	
OG0000713	1.41624e-16	2.06853e-12	1.95642e-11	
OG0000714	2.63534e-13	7.46036e-11	6.29626e-11	
OG0000716	4.54362e-22	5.21148e-16	1.17247e-13	
OG0000718	5.77017e-14	3.55735e-11	5.00032e-11	
OG0000719	6.66428e-17	1.98507e-13	1.20826e-12	
OG0000720	1.74033e-14	1.59518e-11	3.62144e-11	
OG0000721	1.8016e-16	2.93685e-12	2.17365e-11	
OG0000722	1.65642e-13	7.20132e-12	7.17767e-12	
OG0000723	1.80772e-15	9.75819e-12	3.68373e-11	
OG0000724	8.20377e-24	2.95518e-18	1.2738e-15	
OG0000725	3.08757e-31	3.25217e-20	1.03395e-14	
OG0000726	2.99065e-40	5.88467e-25	1.05928e-16	
OG0000731	6.55548e-09	7.10086e-10	4.67261e-11	
OG0000732	2.76057e-25	1.49557e-16	1.21486e-12	
OG0000733	2.19487e-12	8.46354e-11	6.30662e-11	
OG0000736	4.2666e-29	4.21616e-19	1.66106e-14	
OG0000738	2.58477e-21	2.66548e-15	4.93726e-13	
OG0000740	5.68139e-27	8.11108e-18	9.62298e-14	
OG0000741	6.54688e-19	1.95352e-13	1.18634e-11	
OG0000742	1.42776e-32	6.89524e-26	1.01893e-22	
OG0000743	7.13448e-29	1.02093e-18	5.15983e-14	
OG0000744	8.28998e-15	9.76237e-12	3.05848e-11	
OG0000747	1.08563e-23	3.67281e-16	1.76306e-12	
OG0000749	5.20249e-15	7.66139e-12	2.47106e-11	
OG0000750	3.17444e-19	8.42133e-14	4.38746e-12	
OG0000751	2.93061e-25	1.47309e-17	2.47958e-14	
OG0000752	3.06815e-11	4.1992e-10	1.32994e-10	
OG0000753	5.71933e-30	5.20974e-20	2.07368e-15	
OG0000754	1.50487e-26	1.82891e-17	1.4322e-13	
OG0000755	2.97088e-28	2.05823e-18	5.69396e-14	
OG0000756	5.36632e-23	2.85462e-15	4.14176e-12	
OG0000757	7.16129e-12	1.41046e-10	1.02592e-10	
OG0000759	3.65554e-16	4.25411e-13	2.32378e-12	
OG0000767	9.75911e-24	4.16276e-17	3.02332e-14	
OG0000768	1.10938e-13	4.97927e-11	1.16011e-10	
OG0000770	1.47539e-11	4.27844e-10	1.39198e-10	
OG0000771	1.9496e-09	3.06957e-09	3.00944e-10	
OG0000773	2.98331e-15	4.76264e-12	1.92232e-11	
OG0000774	1.13535e-27	2.41934e-18	6.68921e-14	
OG0000775	1.98107e-22	3.71959e-15	2.00089e-12	
OG0000778	5.88816e-11	4.14003e-10	1.4712e-10	
OG0000779	1.40231e-10	1.28955e-09	2.8066e-10	
OG0000780	6.70281e-24	2.48152e-16	2.80345e-13	
OG0000781	5.61267e-18	3.3421e-14	3.6381e-13	
OG0000782	1.43777e-26	7.9797e-18	9.72975e-14	
OG0000786	3.2838e-24	3.47049e-17	4.41895e-14	
OG0000787	2.24014e-12	3.5916e-11	2.82328e-11	
OG0000788	2.03855e-20	2.23589e-14	3.15328e-12	
OG0000789	2.89328e-19	6.92995e-14	3.28248e-12	
OG0000790	8.27405e-28	3.34525e-18	1.02451e-13	
OG0000791	5.60605e-31	1.52108e-20	1.66472e-15	
OG0000793	1.51035e-14	4.3518e-12	1.34555e-11	
OG0000799	3.03378e-26	7.11141e-18	2.20275e-14	
OG0000800	1.86996e-28	1.27158e-18	5.10772e-14	
OG0000801	4.03235e-10	3.584e-10	4.08214e-11	
OG0000803	1.06695e-14	1.94557e-11	1.58436e-10	
OG0000806	1.74442e-24	3.6568e-16	7.66252e-13	
OG0000807	5.75939e-26	1.07367e-16	1.14292e-12	
OG0000808	1.63966e-11	7.17603e-10	2.41289e-10	
OG0000809	1.02917e-15	7.0593e-14	1.35781e-13	
OG0000810	1.5963e-28	9.84867e-19	6.49519e-14	
OG0000811	1.95806e-09	2.81618e-09	3.1544e-10	
OG0000812	9.11295e-10	2.66278e-09	3.05867e-10	
OG0000813	1.89765e-15	3.29882e-12	1.80559e-11	
OG0000814	2.03072e-16	1.90574e-12	1.9636e-11	
OG0000815	1.04568e-17	1.56167e-13	1.67117e-12	
OG0000816	2.27626e-14	2.16919e-11	5.38295e-11	
OG0000817	2.5508e-26	2.03738e-20	6.74697e-18	
OG0000819	2.88993e-09	2.00496e-09	2.45514e-10	
OG0000820	3.9486e-28	1.54637e-18	3.18287e-14	
OG0000821	6.03924e-16	5.20112e-12	3.08729e-11	
OG0000824	3.49508e-19	1.58921e-14	4.23267e-13	
OG0000825	5.54133e-14	5.98646e-11	9.12872e-11	
OG0000827	3.32913e-32	3.12113e-20	2.17451e-14	
OG0000830	2.04888e-22	3.99181e-16	9.36848e-14	
OG0000832	7.3024e-26	2.31677e-17	2.2316e-13	
OG0000835	5.10513e-14	5.43178e-11	1.51171e-10	
OG0000838	1.32053e-15	5.34071e-12	3.19741e-11	
OG0000839	4.4198e-25	4.92493e-17	1.67831e-13	
OG0000840	6.56573e-14	7.2408e-12	1.22006e-11	
OG0000841	3.75864e-19	1.02535e-15	1.25807e-14	
OG0000842	7.28222e-22	1.13345e-14	4.11335e-12	
OG0000844	8.6314e-12	2.25974e-10	1.24854e-10	
OG0000845	1.81982e-27	5.68565e-18	1.52172e-13	
OG0000846	8.27608e-23	2.21893e-15	1.82474e-12	
OG0000847	9.45235e-22	1.27975e-15	2.31938e-13	
OG0000848	1.63215e-35	2.92244e-22	2.97739e-15	
OG0000849	1.44804e-12	2.54139e-10	2.80811e-10	
OG0000850	2.98904e-22	1.29595e-14	8.48333e-12	
OG0000852	3.0435e-21	7.97777e-15	2.21915e-12	
OG0000853	1.44701e-13	5.5232e-11	8.47237e-11	
OG0000854	8.62851e-17	4.82262e-13	3.52152e-12	
OG0000858	7.38215e-22	4.68387e-15	2.24479e-12	
OG0000859	5.82816e-17	1.36353e-12	1.82535e-11	
OG0000861	1.10927e-10	1.26346e-10	2.5597e-11	
OG0000862	1.43909e-25	5.89727e-17	3.39136e-13	
OG0000863	4.48233e-12	1.13614e-10	8.86615e-11	
OG0000864	3.60341e-11	8.41235e-10	2.63109e-10	
OG0000866	2.18011e-25	2.62879e-17	4.39511e-14	
OG0000867	1.27543e-29	5.26962e-20	2.08439e-15	
OG0000870	2.8611e-15	9.0722e-12	5.77485e-11	
OG0000872	2.0578e-35	2.52782e-24	6.36407e-19	
OG0000878	2.03215e-10	2.21515e-09	4.93197e-10	
OG0000879	3.24042e-15	8.53493e-12	3.89607e-11	
OG0000880	3.73478e-12	1.20292e-10	9.52586e-11	
OG0000881	1.70695e-17	7.10825e-13	2.23638e-11	
OG0000882	1.02286e-23	4.25319e-16	5.41906e-13	
OG0000885	4.89658e-23	5.09786e-15	9.37082e-12	
OG0000886	1.16393e-14	1.28664e-12	2.74877e-12	
OG0000888	1.12867e-24	1.79744e-16	6.12491e-13	
OG0000889	9.3229e-20	2.32123e-13	2.4689e-11	
OG0000890	3.51844e-19	1.51632e-13	1.14956e-11	
OG0000891	1.09296e-16	2.14222e-12	2.41873e-11	
OG0000892	3.82876e-16	9.11238e-14	2.57498e-13	
OG0000893	9.54873e-23	3.13726e-15	2.35593e-12	
OG0000894	1.63494e-24	2.89096e-16	7.79446e-13	
OG0000895	3.36179e-09	4.96681e-09	4.74481e-10	
OG0000896	5.53076e-13	1.0421e-10	1.22934e-10	
OG0000897	8.43704e-15	3.7008e-11	1.42979e-10	
OG0000899	3.29192e-26	1.59185e-17	2.14751e-13	
OG0000900	5.47943e-19	3.29236e-14	9.67525e-13	
OG0000901	1.12517e-26	1.79993e-18	1.47419e-14	
OG0000902	2.18977e-24	3.2413e-16	1.01078e-12	
OG0000903	3.91331e-13	8.80209e-11	9.77952e-11	
OG0000904	7.12317e-14	3.3158e-12	3.12958e-12	
OG0000905	8.70145e-15	3.04588e-12	1.14833e-11	
OG0000906	5.81074e-25	1.34717e-17	1.90592e-14	
OG0000907	8.60809e-23	2.51475e-15	1.93441e-12	
OG0000908	1.12844e-25	4.55098e-17	3.85776e-13	
OG0000914	6.53658e-32	1.73615e-19	3.65041e-13	
OG0000915	1.55101e-15	1.57976e-12	4.42006e-12	
OG0000916	4.42639e-23	4.081e-15	1.13392e-11	
OG0000917	6.20283e-14	3.54329e-11	8.16361e-11	
OG0000919	2.77571e-25	1.09032e-16	7.33411e-13	
OG0000921	1.5359e-17	4.72009e-15	2.79429e-14	
OG0000922	2.19546e-11	3.22599e-10	1.60534e-10	
OG0000923	7.83432e-21	4.72892e-14	2.61109e-11	
OG0000924	2.60701e-09	5.12807e-09	5.21802e-10	
OG0000925	1.62874e-20	1.29189e-14	2.02096e-12	
OG0000926	1.34977e-10	1.50505e-09	3.91245e-10	
OG0000927	2.68569e-11	4.76114e-11	1.57045e-11	
OG0000928	4.22091e-08	1.34539e-08	7.10193e-10	
OG0000929	2.7873e-08	1.00995e-08	6.57396e-10	
OG0000930	1.89631e-20	4.59063e-14	8.14853e-12	
OG0000931	1.59848e-23	1.36889e-15	1.83005e-12	
OG0000932	7.41828e-14	7.09518e-13	3.97737e-13	
OG0000933	3.04764e-13	9.92457e-11	1.22092e-10	
OG0000934	1.13538e-25	5.34738e-17	5.05269e-13	
OG0000935	1.4255e-14	5.8833e-11	2.2525e-10	
OG0000936	4.89934e-10	2.93428e-09	5.53864e-10	
OG0000937	1.91007e-18	4.14025e-14	1.04888e-12	
OG0000938	1.10816e-14	1.30177e-11	3.91496e-11	
OG0000939	1.13538e-25	5.34738e-17	5.05269e-13	
OG0000940	8.84553e-24	5.46622e-16	1.10393e-12	
OG0000941	8.64314e-24	5.08543e-16	1.06025e-12	
OG0000942	1.22244e-16	3.36995e-12	4.25559e-11	
OG0000943	1.02235e-11	3.94567e-10	1.86372e-10	
OG0000944	9.02562e-24	1.16305e-16	1.06737e-13	
OG0000945	3.57102e-17	5.3677e-13	4.6694e-12	
OG0000947	1.88932e-14	3.01676e-11	2.54399e-10	
OG0000948	4.00478e-11	1.08828e-10	2.39245e-11	
OG0000949	1.54046e-10	1.54097e-09	3.22152e-10	
OG0000950	6.656e-15	1.69332e-11	6.09371e-11	
OG0000951	1.13538e-25	5.34738e-17	5.05269e-13	
OG0000952	2.55398e-17	4.73008e-13	5.06224e-12	
OG0000954	7.95417e-19	2.37677e-13	1.91003e-11	
OG0000955	1.99053e-15	4.5117e-12	4.15876e-11	
OG0000957	1.08897e-16	5.33677e-13	4.61205e-12	
OG0000965	6.25963e-13	6.25912e-11	7.78921e-11	
OG0000966	1.476e-21	9.25917e-15	7.11066e-12	
OG0000968	3.93276e-09	4.50196e-09	4.97814e-10	
OG0000970	6.92696e-23	1.65834e-15	1.98538e-12	
OG0000971	2.98489e-13	8.70863e-11	1.69385e-10	
OG0000972	5.32054e-11	1.27373e-10	3.52178e-11	
OG0000973	1.23734e-22	7.49703e-16	6.15829e-13	
OG0000975	6.55419e-13	1.41201e-11	1.14462e-11	
OG0000976	2.0439e-12	3.76678e-10	2.53478e-10	
OG0000977	7.84538e-14	1.00472e-10	2.35237e-10	
OG0000978	3.50533e-12	8.36741e-11	3.5613e-11	
OG0000979	2.60282e-13	9.29839e-11	1.36253e-10	
OG0000981	5.28243e-24	1.44691e-16	4.00604e-13	
OG0000982	1.00361e-12	1.87686e-10	1.81421e-10	
OG0000984	1.90433e-16	5.22152e-13	3.91309e-12	
OG0000985	3.25883e-11	8.17069e-10	3.23212e-10	
OG0000986	3.00838e-10	2.83648e-10	4.05872e-11	
OG0000987	7.72175e-16	2.04296e-12	8.78587e-12	
OG0000988	2.74431e-21	1.29138e-14	4.53681e-12	
OG0000989	1.31261e-22	3.56944e-15	5.30897e-12	
OG0000990	9.80133e-12	6.18823e-10	3.21452e-10	
OG0000991	1.47473e-11	6.59967e-10	5.10379e-10	
OG0000992	4.30052e-12	1.80715e-10	1.20522e-10	
OG0000993	5.18364e-15	5.13363e-12	1.91717e-11	
OG0000994	1.34554e-15	1.09897e-11	8.81967e-11	
OG0000995	2.74431e-21	1.29138e-14	4.53681e-12	
OG0000996	3.84963e-09	6.54171e-10	5.13351e-11	
OG0000998	8.53492e-11	6.1479e-10	2.06981e-10	
OG0000999	7.45084e-23	7.99163e-16	8.40124e-13	
OG0001000	2.16395e-13	1.31573e-10	1.947e-10	
OG0001002	2.33034e-10	2.04161e-09	4.59194e-10	
OG0001003	1.77174e-13	4.76375e-11	8.3814e-11	
OG0001013	1.52026e-29	2.38476e-18	1.61866e-12	
OG0001014	7.90676e-23	1.06723e-15	1.0517e-12	
OG0001016	6.385e-15	2.35191e-11	3.19089e-10	
OG0001019	1.39034e-10	1.87879e-09	5.2423e-10	
OG0001020	6.32383e-11	1.72387e-09	5.76202e-10	
OG0001021	4.97614e-18	6.88209e-13	8.17495e-11	
OG0001023	3.32085e-11	4.53546e-10	1.80727e-10	
OG0001024	3.12615e-10	2.2774e-09	5.2345e-10	
OG0001025	1.90025e-13	9.10675e-11	1.45502e-10	
OG0001026	3.64266e-17	3.20932e-12	8.67111e-11	
OG0001027	1.02432e-09	5.31227e-09	8.05766e-10	
OG0001028	9.85897e-21	8.93386e-14	3.82829e-11	
OG0001029	3.50472e-30	2.56009e-19	1.00862e-13	
OG0001030	3.00442e-11	8.81229e-10	3.96292e-10	
OG0001031	1.39384e-06	4.26839e-08	1.17514e-09	
OG0001033	9.67592e-12	6.6779e-10	3.34807e-10	
OG0001035	3.00045e-19	1.07269e-13	1.20423e-11	
OG0001036	9.15955e-15	1.87966e-11	8.74382e-11	
OG0001038	3.35189e-15	9.09781e-12	5.15366e-11	
OG0001039	1.85128e-16	1.05374e-13	5.54041e-13	
OG0001040	2.18418e-29	7.52416e-19	1.63134e-13	
OG0001041	3.9374e-14	1.03523e-12	9.91018e-13	
OG0001042	1.34325e-14	2.81704e-11	1.04426e-10	
OG0001043	3.25457e-20	1.33517e-15	1.62224e-13	
OG0001044	1.21262e-17	4.23862e-14	5.69621e-13	
OG0001045	5.42006e-22	5.01795e-15	3.56233e-12	
OG0001046	9.70085e-15	3.79651e-12	1.16462e-11	
OG0001047	3.65869e-16	8.57402e-13	4.1941e-12	
OG0001048	1.43344e-27	6.91309e-19	1.73078e-14	
OG0001049	8.39918e-18	6.93547e-14	1.23791e-12	
OG0001054	9.10283e-33	9.86901e-21	2.43241e-14	
OG0001062	3.72488e-17	5.06734e-13	1.12019e-11	
OG0001063	2.26419e-08	1.109e-08	8.77979e-10	
OG0001066	2.25891e-17	3.36396e-12	1.03549e-10	
OG0001067	1.33354e-12	4.10547e-11	2.8341e-11	
OG0001069	5.87949e-12	4.65489e-10	3.10734e-10	
OG0001070	4.23726e-21	1.51405e-14	6.37588e-12	
OG0001071	3.11875e-16	1.17047e-12	6.90115e-12	
OG0001073	1.46677e-20	6.20053e-14	3.22056e-11	
OG0001074	5.0051e-22	1.06315e-14	1.0943e-11	
OG0001076	1.97296e-11	4.01094e-10	2.40547e-10	
OG0001077	1.12268e-11	1.10427e-10	4.43299e-11	
OG0001079	2.80725e-18	2.94166e-13	2.07033e-11	
OG0001081	1.49327e-11	1.6061e-10	9.22379e-11	
OG0001083	1.98283e-14	3.59791e-11	1.60013e-10	
OG0001084	2.049e-11	8.86133e-10	6.56304e-10	
OG0001085	3.06918e-11	1.73857e-10	4.17603e-11	
OG0001086	3.11463e-10	3.16792e-09	6.62026e-10	
OG0001087	9.21275e-16	2.20863e-11	1.96068e-10	
OG0001088	1.26791e-13	8.63227e-12	1.10304e-11	
OG0001089	5.58913e-08	2.30046e-08	1.45162e-09	
OG0001090	2.72089e-24	2.89365e-16	2.02164e-12	
OG0001091	2.00626e-17	1.73534e-12	4.86173e-11	
OG0001092	1.0839e-19	7.69836e-14	1.24781e-11	
OG0001093	1.07322e-11	6.43339e-10	3.63438e-10	
OG0001094	9.74802e-19	5.51134e-13	3.52935e-11	
OG0001095	2.53162e-16	1.28929e-14	2.73303e-14	
OG0001096	8.23168e-13	1.0577e-10	1.75021e-10	
OG0001097	6.90855e-21	1.67791e-15	1.59599e-13	
OG0001098	6.42061e-09	6.82742e-09	7.12518e-10	
OG0001099	8.7553e-12	5.18268e-10	3.7138e-10	
OG0001100	9.65511e-12	3.65365e-10	2.19055e-10	
OG0001101	6.4036e-08	2.31196e-08	1.35371e-09	
OG0001102	1.62174e-10	2.56357e-09	6.24256e-10	
OG0001103	2.72164e-09	7.04866e-09	8.82529e-10	
OG0001104	1.66719e-10	2.37832e-09	6.1723e-10	
OG0001105	2.3225e-10	2.43518e-09	5.81558e-10	
OG0001108	1.24507e-24	8.24758e-16	7.28284e-12	
OG0001109	1.15167e-10	2.74163e-10	4.87931e-11	
OG0001110	4.3959e-11	5.94276e-10	2.69803e-10	
OG0001111	9.25579e-15	3.45352e-11	1.72661e-10	
OG0001112	4.704e-12	4.18514e-10	2.89642e-10	
OG0001113	5.16624e-15	1.21826e-11	6.48435e-11	
OG0001114	5.35313e-14	5.12639e-12	8.52872e-12	
OG0001115	6.6239e-16	5.3965e-12	4.38578e-11	
OG0001116	6.00499e-11	1.6118e-09	5.15572e-10	
OG0001117	1.18732e-19	8.23976e-14	1.30135e-11	
OG0001118	4.23726e-21	1.51405e-14	6.37588e-12	
OG0001119	2.41302e-07	3.31197e-08	1.51325e-09	
OG0001121	1.40098e-26	3.43039e-17	9.65216e-13	
OG0001122	1.63616e-26	1.87704e-17	4.77634e-13	
OG0001129	2.35317e-28	3.31228e-18	6.88292e-13	
OG0001130	1.44016e-12	1.57481e-10	1.7545e-10	
OG0001131	7.42386e-11	1.39315e-09	6.27067e-10	
OG0001133	1.09954e-21	2.84687e-15	1.25952e-12	
OG0001134	3.3486e-13	7.38624e-11	1.08994e-10	
OG0001136	6.71612e-11	1.03592e-09	4.08053e-10	
OG0001137	1.26076e-16	3.00518e-13	2.22811e-12	
OG0001138	1.87402e-28	8.55301e-18	2.13886e-12	
OG0001140	5.57104e-18	1.16828e-12	1.39475e-10	
OG0001141	1.58964e-14	5.7083e-12	1.08511e-11	
OG0001142	1.94263e-14	1.32736e-11	7.27717e-11	
OG0001143	2.2189e-11	9.42537e-10	4.65626e-10	
OG0001145	3.45136e-11	1.31507e-09	5.23939e-10	
OG0001146	1.77915e-14	6.47475e-12	1.4879e-11	
OG0001147	2.2189e-11	9.42537e-10	4.65626e-10	
OG0001148	1.20685e-12	2.3301e-11	1.71214e-11	
OG0001150	3.88269e-08	2.12668e-08	1.50684e-09	
OG0001151	2.75993e-06	7.23441e-08	1.74356e-09	
OG0001153	5.14881e-23	6.80767e-16	1.01795e-12	
OG0001154	1.04872e-13	1.42277e-10	4.05307e-10	
OG0001155	5.12929e-09	7.37146e-09	8.82508e-10	
OG0001156	2.46917e-10	2.60346e-09	6.66026e-10	
OG0001157	9.8761e-21	1.13012e-16	3.66067e-15	
OG0001158	1.17625e-23	2.51495e-17	1.34916e-14	
OG0001159	1.4662e-11	5.8894e-10	3.7875e-10	
OG0001160	1.19135e-08	1.13666e-08	9.92672e-10	
OG0001162	3.69119e-12	6.02088e-11	3.37226e-11	
OG0001165	3.44218e-18	1.13385e-12	4.92331e-11	
OG0001166	6.99183e-19	2.85239e-13	2.53301e-11	
OG0001167	4.53654e-20	6.92683e-14	1.3982e-11	
OG0001168	8.38165e-24	1.13632e-16	1.94416e-13	
OG0001169	2.2189e-11	9.42537e-10	4.65626e-10	
OG0001170	8.38165e-24	1.13632e-16	1.94416e-13	
OG0001171	1.11456e-09	1.79417e-09	3.89139e-10	
OG0001172	3.39967e-11	1.09703e-09	4.74888e-10	
OG0001173	4.96861e-10	5.08378e-09	9.65944e-10	
OG0001175	3.30952e-20	4.55403e-14	1.13809e-11	
OG0001176	4.93274e-15	5.09263e-12	1.73195e-11	
OG0001177	1.13233e-16	8.90769e-12	1.73653e-10	
OG0001178	3.24034e-12	3.06165e-10	2.72083e-10	
OG0001179	6.28794e-11	6.48669e-10	2.99044e-10	
OG0001180	7.14177e-21	1.96433e-15	2.81119e-13	
OG0001181	1.66203e-12	1.50325e-10	1.95903e-10	
OG0001184	6.76128e-31	1.12308e-19	9.46873e-14	
OG0001185	6.84461e-28	5.01972e-18	4.49496e-13	
OG0001191	3.07095e-11	1.47833e-09	9.02893e-10	
OG0001192	2.26152e-10	3.57741e-09	1.29655e-09	
OG0001193	5.12382e-18	5.62435e-14	1.15902e-12	
OG0001194	2.39368e-14	5.04979e-12	1.00885e-11	
OG0001196	4.05427e-10	3.44615e-10	5.88376e-11	
OG0001197	8.9542e-10	2.8632e-09	5.59412e-10	
OG0001198	9.7689e-10	2.77347e-09	6.15955e-10	
OG0001200	1.91934e-11	3.37392e-10	2.04142e-10	
OG0001202	4.20708e-13	1.55197e-10	2.68426e-10	
OG0001204	2.8742e-14	6.29781e-11	2.59203e-10	
OG0001205	5.12153e-14	4.61514e-11	2.00159e-10	
OG0001207	5.91235e-17	3.37358e-12	2.35214e-10	
OG0001209	3.26319e-16	5.67082e-12	8.81099e-11	
OG0001210	3.04677e-13	2.7847e-10	6.67979e-10	
OG0001211	2.62376e-12	2.84422e-10	3.09363e-10	
OG0001212	2.08433e-12	3.22633e-10	4.6103e-10	
OG0001213	5.76334e-10	3.80439e-09	7.58904e-10	
OG0001215	9.78014e-11	1.54577e-09	6.05978e-10	
OG0001217	1.10097e-23	7.58196e-16	4.23462e-12	
OG0001218	3.97688e-13	2.45305e-11	3.3375e-11	
OG0001220	1.74883e-16	6.56562e-12	1.0616e-10	
OG0001221	1.02928e-13	3.57691e-12	4.60174e-12	
OG0001222	3.04169e-17	2.09366e-12	6.31446e-11	
OG0001223	8.81363e-19	4.01811e-13	6.61832e-11	
OG0001224	8.25578e-18	9.50409e-13	4.27504e-11	
OG0001225	1.38556e-13	1.21107e-10	6.91147e-10	
OG0001228	3.26319e-16	5.67082e-12	8.81099e-11	
OG0001229	7.22735e-07	6.21627e-08	2.2904e-09	
OG0001230	2.32879e-08	1.89957e-08	1.50947e-09	
OG0001231	2.74373e-21	8.57372e-15	8.18629e-12	
OG0001232	1.88487e-13	1.11583e-11	1.21591e-11	
OG0001233	2.58236e-19	1.36509e-13	2.02558e-11	
OG0001234	4.84699e-19	2.23095e-13	2.5879e-11	
OG0001235	3.64016e-12	3.98663e-10	3.64072e-10	
OG0001236	3.00905e-12	4.6233e-10	4.05561e-10	
OG0001237	4.07945e-12	3.18722e-10	3.14334e-10	
OG0001238	8.39095e-14	2.33405e-11	4.59961e-11	
OG0001239	8.33452e-11	1.74981e-09	9.80502e-10	
OG0001240	1.5711e-16	2.5571e-12	6.15487e-11	
OG0001242	1.5285e-13	2.08317e-10	6.0015e-10	
OG0001243	1.3172e-08	1.31331e-08	1.25455e-09	
OG0001244	1.12042e-09	2.58892e-09	5.56176e-10	
OG0001245	1.3971e-15	1.91324e-12	1.02927e-11	
OG0001247	1.90213e-09	1.05823e-09	1.35748e-10	
OG0001248	6.10707e-15	1.07431e-11	1.85307e-10	
OG0001251	2.97193e-18	4.12837e-13	3.3619e-11	
OG0001261	2.98137e-21	1.13707e-15	1.69698e-13	
OG0001262	2.08202e-23	1.07629e-16	8.4339e-14	
OG0001264	3.38383e-18	8.77202e-13	9.44769e-11	
OG0001265	5.98807e-14	8.64533e-11	2.89584e-10	
OG0001266	1.89473e-13	1.21808e-10	3.2578e-10	
OG0001268	3.85625e-18	1.26972e-13	5.10404e-12	
OG0001269	2.91555e-17	1.41328e-12	5.47558e-11	
OG0001270	5.97269e-15	3.45191e-11	2.26727e-10	
OG0001271	5.54904e-19	2.28883e-13	3.31556e-11	
OG0001272	4.09769e-15	2.4986e-11	2.07971e-10	
OG0001273	8.76216e-10	8.30456e-10	1.22288e-10	
OG0001274	8.78566e-12	1.41663e-10	9.90773e-11	
OG0001275	2.38755e-20	4.58399e-15	9.08381e-13	
OG0001276	4.10109e-15	3.00745e-12	1.76123e-11	
OG0001277	1.29442e-07	4.03826e-08	2.06911e-09	
OG0001278	1.13544e-07	3.62054e-08	1.91141e-09	
OG0001279	3.99156e-18	7.46916e-14	1.45184e-12	
OG0001280	1.63341e-23	1.28533e-15	6.55485e-12	
OG0001281	2.34824e-17	2.26658e-12	1.48509e-10	
OG0001282	4.43184e-13	1.05489e-10	1.84911e-10	
OG0001284	3.95485e-08	1.75384e-08	1.29728e-09	
OG0001285	1.08781e-08	1.56012e-08	1.53316e-09	
OG0001286	2.15124e-15	3.50421e-11	3.17092e-10	
OG0001287	1.57028e-06	9.20575e-08	2.43568e-09	
OG0001288	1.17428e-12	1.69261e-10	2.20318e-10	
OG0001289	1.95735e-08	9.38533e-09	8.99314e-10	
OG0001291	5.93455e-09	1.20686e-08	1.31286e-09	
OG0001292	1.88435e-11	1.1384e-09	6.26154e-10	
OG0001295	1.51479e-09	8.65969e-10	9.83424e-11	
OG0001296	7.83182e-09	1.36612e-08	1.5138e-09	
OG0001298	1.23172e-06	7.60461e-08	2.42361e-09	
OG0001299	3.73414e-10	4.24803e-10	6.34627e-11	
OG0001300	1.31685e-17	8.22517e-13	3.16811e-11	
OG0001301	2.15397e-16	5.97652e-12	1.09015e-10	
OG0001302	2.01286e-18	4.07635e-13	3.59374e-11	
OG0001303	4.81014e-11	9.58328e-10	1.4113e-09	
OG0001304	1.26129e-08	7.44085e-09	7.71497e-10	
OG0001306	7.90257e-11	1.50912e-09	6.05909e-10	
OG0001308	3.50689e-17	1.9448e-12	6.77619e-11	
OG0001309	2.69285e-12	6.58094e-10	6.7814e-10	
OG0001310	5.82599e-11	1.615e-09	1.00992e-09	
OG0001311	2.91555e-17	1.41328e-12	5.47558e-11	
OG0001312	1.28436e-11	7.8781e-10	5.13674e-10	
OG0001314	3.44486e-15	3.02991e-11	4.8356e-10	
OG0001315	6.15567e-11	1.78621e-10	4.5556e-11	
OG0001316	1.66137e-15	2.52232e-13	9.069e-13	
OG0001319	1.10965e-13	1.43458e-10	1.48869e-09	
OG0001320	2.90329e-20	4.7868e-14	1.651e-11	
OG0001332	1.59902e-08	1.72562e-08	1.71892e-09	
OG0001334	5.54009e-10	1.87982e-10	3.58848e-11	
OG0001337	3.43931e-08	2.39064e-08	2.9934e-09	
OG0001338	1.05345e-07	3.93655e-08	2.23822e-09	
OG0001339	2.58494e-12	4.48761e-10	1.2036e-09	
OG0001341	3.95108e-09	1.11637e-08	1.48838e-09	
OG0001342	2.27765e-11	1.20057e-09	7.10647e-10	
OG0001343	3.89316e-07	6.39369e-08	2.88992e-09	
OG0001344	1.76589e-19	8.60499e-14	2.69119e-11	
OG0001345	2.2224e-13	1.00813e-10	2.32364e-10	
OG0001346	8.86871e-16	1.58807e-11	1.8478e-10	
OG0001349	1.5672e-17	1.21211e-12	6.35396e-11	
OG0001350	1.94586e-14	4.59263e-11	2.72489e-10	
OG0001351	9.57603e-16	1.98602e-11	2.54313e-10	
OG0001352	1.91284e-19	1.43884e-14	1.61918e-12	
OG0001355	4.39941e-08	3.27529e-08	2.09789e-09	
OG0001357	1.5672e-17	1.21211e-12	6.35396e-11	
OG0001358	6.46817e-14	6.81757e-11	2.35325e-10	
OG0001359	4.53626e-08	1.20239e-08	1.07574e-09	
OG0001360	4.16685e-17	7.41765e-13	1.78212e-11	
OG0001361	1.61811e-11	1.30071e-09	1.04868e-09	
OG0001362	1.5672e-17	1.21211e-12	6.35396e-11	
OG0001363	4.39046e-07	6.52164e-08	2.59428e-09	
OG0001364	6.77565e-20	1.00807e-14	9.02272e-13	
OG0001365	5.21648e-11	7.22719e-10	3.2265e-10	
OG0001366	1.42818e-17	6.08215e-13	2.44793e-11	
OG0001367	4.57682e-10	3.92039e-09	1.02605e-09	
OG0001368	1.60168e-10	7.40124e-10	2.39613e-10	
OG0001369	1.35113e-13	1.12758e-10	3.67315e-10	
OG0001370	1.5672e-17	1.21211e-12	6.35396e-11	
OG0001371	2.19622e-16	4.13457e-12	9.56127e-11	
OG0001372	2.51998e-12	8.08535e-11	5.64015e-11	
OG0001373	4.39048e-16	7.88794e-12	1.2796e-10	
OG0001374	1.8232e-14	4.06681e-11	2.38713e-10	
OG0001375	4.39048e-16	7.88794e-12	1.2796e-10	
OG0001376	2.95621e-19	2.73705e-14	2.14526e-12	
OG0001377	1.13039e-09	3.76521e-09	7.39934e-10	
OG0001378	3e-14	1.89644e-11	7.00825e-11	
OG0001380	6.87012e-10	8.19485e-10	1.15144e-10	
OG0001381	2.77224e-14	6.74182e-12	2.69682e-11	
OG0001382	5.91969e-09	1.30552e-08	1.572e-09	
OG0001383	2.06828e-08	1.85329e-08	1.74914e-09	
OG0001389	1.18407e-20	4.42188e-14	4.59899e-11	
OG0001401	2.26441e-14	8.16194e-11	4.66507e-10	
OG0001402	1.54544e-14	5.72187e-11	3.73562e-10	
OG0001403	3.6683e-06	1.58857e-07	3.38644e-09	
OG0001404	5.26496e-10	6.57758e-09	2.26199e-09	
OG0001405	4.22704e-09	1.15609e-08	1.66388e-09	
OG0001406	1.42457e-09	3.20625e-09	6.38371e-10	
OG0001407	3.45645e-16	7.30795e-12	4.4982e-10	
OG0001408	2.08736e-15	1.41677e-12	9.25921e-12	
OG0001409	5.33778e-15	4.38972e-11	3.17394e-10	
OG0001410	1.4166e-18	2.72339e-13	4.86156e-11	
OG0001411	5.33727e-08	3.53932e-08	2.42247e-09	
OG0001413	1.22338e-09	2.95778e-09	6.31927e-10	
OG0001414	1.00537e-11	9.21738e-10	9.70905e-10	
OG0001416	1.60948e-12	5.1023e-10	8.37835e-10	
OG0001417	7.05969e-12	5.26898e-10	4.4087e-10	
OG0001418	4.89845e-09	1.2469e-08	1.70591e-09	
OG0001419	7.32174e-10	2.72596e-09	7.03275e-10	
OG0001422	3.5358e-10	3.04303e-09	1.00056e-09	
OG0001423	3.1893e-15	2.24769e-11	2.19632e-10	
OG0001426	3.522e-13	3.30162e-10	7.1443e-10	
OG0001427	3.95085e-20	2.24206e-13	1.32978e-10	
OG0001430	1.18309e-07	4.50401e-08	2.5738e-09	
OG0001431	2.60838e-08	2.39503e-08	2.13201e-09	
OG0001433	1.70893e-08	2.18527e-08	2.09737e-09	
OG0001435	2.17969e-07	5.25523e-08	2.63045e-09	
OG0001437	5.33727e-08	3.53932e-08	2.42247e-09	
OG0001439	1.69394e-14	1.91024e-13	1.62672e-13	
OG0001440	1.25211e-09	3.78307e-09	7.8142e-10	
OG0001441	1.83719e-07	6.184e-08	2.91058e-09	
OG0001442	9.18856e-08	1.18439e-08	1.03757e-09	
OG0001443	1.24883e-07	2.42884e-08	1.44524e-09	
OG0001444	6.91599e-08	3.20707e-08	2.38443e-09	
OG0001445	7.6731e-11	2.39374e-09	1.04883e-09	
OG0001446	1.65168e-07	5.30969e-08	2.81606e-09	
OG0001447	3.95486e-06	1.61609e-07	3.36912e-09	
OG0001449	9.87778e-12	1.10261e-09	1.11018e-09	
OG0001450	3.5358e-10	3.04303e-09	1.00056e-09	
OG0001451	1.58493e-16	5.15501e-12	1.32684e-10	
OG0001454	1.35958e-13	5.97999e-11	1.67356e-10	
OG0001455	1.85126e-12	1.01076e-10	1.04123e-10	
OG0001457	5.23859e-12	3.43589e-10	2.90217e-10	
OG0001458	3.00679e-16	2.11371e-12	2.99249e-11	
OG0001459	1.68897e-18	3.78852e-13	5.64806e-11	
OG0001460	3.59839e-17	3.80938e-13	6.87102e-12	
OG0001461	1.0497e-08	2.04316e-08	3.25926e-09	
OG0001462	1.39132e-07	4.56654e-08	2.62815e-09	
OG0001463	3.48925e-11	1.68608e-09	1.23922e-09	
OG0001464	3.15888e-13	2.53065e-11	4.23983e-11	
OG0001465	3.49246e-08	2.5956e-08	2.27381e-09	
OG0001466	1.19292e-09	8.34244e-09	1.55029e-09	
OG0001468	1.36708e-14	3.11061e-11	2.38684e-10	
OG0001469	1.21875e-16	3.58708e-12	1.11917e-10	
OG0001471	3.81867e-14	9.00262e-11	4.17964e-10	
OG0001473	5.85325e-14	7.78824e-12	2.28036e-11	
OG0001474	2.62395e-11	3.22439e-10	1.61297e-10	
OG0001477	3.28093e-14	1.5786e-11	4.88895e-11	
OG0001478	3.09164e-08	2.89237e-08	2.28404e-09	
OG0001480	7.7814e-14	1.23624e-11	2.79973e-11	
OG0001481	1.65168e-07	5.30969e-08	2.81606e-09	
OG0001482	1.29715e-08	6.87272e-09	7.75192e-10	
OG0001483	2.70826e-08	2.38668e-08	2.10607e-09	
OG0001484	6.62254e-16	8.9902e-12	1.47935e-10	
OG0001485	1.83959e-12	6.04539e-10	8.26433e-10	
OG0001495	2.43565e-24	7.18526e-16	1.85461e-11	
OG0001506	1.32006e-13	2.07884e-10	7.50259e-10	
OG0001507	2.75612e-13	2.96537e-12	2.65799e-12	
OG0001508	7.05464e-07	1.12246e-07	4.00202e-09	
OG0001510	1.24689e-08	2.3216e-09	1.60187e-10	
OG0001511	3.12955e-13	1.71916e-10	4.52236e-10	
OG0001512	4.45135e-09	1.95237e-09	1.75415e-10	
OG0001513	2.01127e-10	3.78983e-09	1.80606e-09	
OG0001515	1.46333e-16	4.5602e-12	1.66442e-10	
OG0001517	2.18549e-12	5.77738e-10	1.95448e-09	
OG0001518	1.42567e-14	4.66517e-11	3.46628e-10	
OG0001520	5.34066e-09	5.76462e-09	8.21065e-10	
OG0001521	1.22785e-14	3.47126e-11	2.87385e-10	
OG0001522	5.39615e-13	4.01261e-10	8.50486e-10	
OG0001523	1.56379e-10	4.66971e-09	2.48428e-09	
OG0001524	3.24296e-11	1.63423e-09	1.56438e-09	
OG0001526	2.15088e-15	5.97029e-12	4.98797e-11	
OG0001528	4.16512e-14	1.1679e-10	5.12033e-10	
OG0001529	3.23133e-09	6.57848e-09	1.58931e-09	
OG0001530	1.17667e-12	5.40103e-10	9.82735e-10	
OG0001531	9.60772e-09	2.51705e-08	3.27207e-09	
OG0001532	4.19793e-10	4.89009e-09	1.46884e-09	
OG0001533	7.8278e-12	1.48818e-09	1.63061e-09	
OG0001534	4.23692e-20	7.1245e-14	4.49263e-11	
OG0001536	8.03001e-12	5.73764e-10	5.33358e-10	
OG0001537	1.2129e-15	1.49199e-11	2.30308e-10	
OG0001538	3.59729e-06	1.61055e-07	4.42515e-09	
OG0001539	1.94294e-10	4.05006e-09	1.38243e-09	
OG0001540	7.96568e-16	5.37717e-12	7.2784e-11	
OG0001541	4.53254e-09	1.32371e-08	1.94454e-09	
OG0001542	3.04719e-08	3.41743e-08	2.84401e-09	
OG0001544	1.1663e-09	3.40462e-09	7.05444e-10	
OG0001545	6.50066e-11	1.6757e-09	9.27263e-10	
OG0001546	9.46559e-16	1.05584e-11	1.96307e-10	
OG0001547	3.75261e-10	1.02101e-09	1.88996e-10	
OG0001548	3.7876e-08	2.90451e-08	2.62557e-09	
OG0001549	6.42453e-16	5.7756e-12	1.45836e-10	
OG0001550	1.40818e-12	1.36217e-10	1.89079e-10	
OG0001551	5.7237e-07	1.01418e-07	3.85194e-09	
OG0001552	4.54061e-13	4.49988e-11	5.50761e-11	
OG0001554	6.35888e-09	6.24287e-09	8.37573e-10	
OG0001555	9.46694e-13	4.08666e-11	3.85102e-11	
OG0001556	9.46559e-16	1.05584e-11	1.96307e-10	
OG0001557	1.66298e-17	1.13634e-12	1.32101e-10	
OG0001558	7.8046e-07	9.28521e-08	3.52353e-09	
OG0001559	9.46559e-16	1.05584e-11	1.96307e-10	
OG0001560	1.33869e-14	5.83246e-11	4.07037e-10	
OG0001563	4.7061e-09	1.3191e-08	1.92855e-09	
OG0001564	2.09848e-10	3.77823e-09	1.32059e-09	
OG0001565	8.66853e-14	1.62564e-10	8.0224e-10	
OG0001566	4.93597e-12	6.82064e-10	8.95959e-10	
OG0001568	1.06293e-08	2.15464e-08	3.3603e-09	
OG0001569	2.41767e-08	2.52388e-08	2.42034e-09	
OG0001570	2.76872e-13	2.2968e-10	6.4482e-10	
OG0001571	3.82963e-13	7.47769e-11	1.82494e-10	
OG0001572	1.3085e-10	6.06565e-10	1.59232e-10	
OG0001573	1.43202e-16	8.55174e-12	3.33182e-10	
OG0001574	1.27276e-14	4.2849e-11	3.32986e-10	
OG0001575	2.45248e-09	1.2174e-08	2.26469e-09	
OG0001576	6.91412e-08	4.98476e-08	2.9887e-09	
OG0001577	1.2129e-15	1.49199e-11	2.30308e-10	
OG0001578	1.14728e-09	6.60517e-09	1.67493e-09	
OG0001579	7.21359e-22	2.22624e-14	7.85378e-11	
OG0001580	7.98503e-13	3.38759e-10	7.07267e-10	
OG0001581	1.03493e-11	1.27029e-10	7.56207e-11	
OG0001582	3.34444e-14	9.23231e-11	4.51496e-10	
OG0001585	2.44002e-13	2.55404e-10	8.80566e-10	
OG0001587	4.98489e-19	8.52541e-14	1.19218e-11	
OG0001588	2.86709e-21	1.65813e-15	6.67947e-13	
OG0001610	2.16704e-06	1.54003e-07	4.47347e-09	
OG0001615	5.95553e-12	9.78827e-12	2.36325e-12	
OG0001617	8.98429e-12	1.22032e-09	1.25016e-09	
OG0001619	5.74961e-12	1.04121e-10	9.82843e-11	
OG0001620	6.91652e-11	2.44955e-10	1.36079e-10	
OG0001621	1.32815e-13	1.48784e-10	1.26535e-09	
OG0001622	5.14925e-15	1.81198e-11	2.58443e-10	
OG0001623	1.15028e-07	4.70717e-08	4.75562e-09	
OG0001624	1.47088e-07	5.7257e-08	3.30982e-09	
OG0001626	1.58265e-13	1.76096e-10	6.36977e-10	
OG0001627	8.9508e-13	6.04553e-11	5.87216e-11	
OG0001628	2.8241e-10	4.03807e-10	6.77393e-11	
OG0001629	5.13494e-13	3.18972e-10	1.87941e-09	
OG0001631	7.34146e-15	3.0887e-11	3.42736e-10	
OG0001632	2.04325e-13	2.4214e-10	7.4866e-10	
OG0001634	1.34818e-09	6.24288e-09	1.85012e-09	
OG0001635	1.37184e-19	1.59846e-16	1.63585e-15	
OG0001636	7.34146e-15	3.0887e-11	3.42736e-10	
OG0001637	4.79788e-10	2.97325e-09	8.49261e-10	
OG0001639	1.64662e-15	2.28803e-12	1.66404e-11	
OG0001641	2.78357e-06	1.78807e-07	4.8178e-09	
OG0001642	2.16704e-06	1.54003e-07	4.47347e-09	
OG0001643	3.30429e-12	5.10262e-10	8.49286e-10	
OG0001644	6.77647e-09	5.41093e-09	9.42059e-10	
OG0001645	7.69536e-08	5.84917e-08	4.0673e-09	
OG0001646	7.42345e-15	2.91081e-11	3.33249e-10	
OG0001647	1.22729e-09	1.06783e-08	2.84692e-09	
OG0001648	2.80958e-10	5.86169e-09	2.29589e-09	
OG0001649	1.97662e-06	1.4784e-07	4.43609e-09	
OG0001650	5.71445e-07	8.43594e-08	3.88815e-09	
OG0001651	6.81628e-09	1.46102e-08	2.39776e-09	
OG0001655	1.12835e-10	2.52794e-10	7.80001e-11	
OG0001658	5.27242e-07	8.35803e-08	3.54756e-09	
OG0001659	1.66047e-11	1.81784e-09	1.50914e-09	
OG0001660	1.37376e-16	7.2568e-13	1.17252e-11	
OG0001661	2.03991e-08	2.15779e-08	2.47332e-09	
OG0001662	4.86346e-18	8.65045e-13	1.4815e-10	
OG0001663	5.18249e-10	4.06945e-09	1.23969e-09	
OG0001664	1.49909e-13	1.62321e-10	5.90744e-10	
OG0001665	4.75841e-12	9.30209e-10	1.18732e-09	
OG0001666	7.00854e-13	3.58229e-11	4.28684e-11	
OG0001667	7.73231e-07	1.1543e-07	4.19373e-09	
OG0001668	1.5412e-11	1.04489e-09	1.05454e-09	
OG0001669	7.34146e-15	3.0887e-11	3.42736e-10	
OG0001670	9.21174e-07	1.21498e-07	4.32076e-09	
OG0001671	3.00498e-14	5.6869e-11	3.51064e-10	
OG0001673	1.31181e-10	4.6655e-10	1.38818e-10	
OG0001674	1.0432e-16	3.48367e-12	1.78501e-10	
OG0001675	4.27188e-13	3.90297e-10	1.84225e-09	
OG0001676	3.49495e-11	2.0946e-09	1.62158e-09	
OG0001677	2.77674e-15	3.77507e-12	1.97663e-11	
OG0001678	1.70254e-12	5.55819e-11	3.95185e-11	
OG0001679	2.87126e-13	2.33786e-11	2.63418e-11	
OG0001680	1.07686e-07	5.83216e-08	3.77862e-09	
OG0001681	3.69281e-16	1.07427e-11	4.0534e-10	
OG0001682	1.17742e-07	5.27451e-08	3.49776e-09	
OG0001683	2.33117e-13	2.59549e-10	7.79546e-10	
OG0001684	2.58153e-08	1.17103e-08	1.14593e-09	
OG0001687	7.34146e-15	3.0887e-11	3.42736e-10	
OG0001688	1.2885e-14	2.68568e-11	2.16341e-10	
OG0001690	9.0984e-14	9.9417e-11	4.94119e-10	
OG0001691	5.27242e-07	8.35803e-08	3.54756e-09	
OG0001692	1.34523e-07	5.48403e-08	3.27087e-09	
OG0001693	9.44363e-08	2.24913e-08	1.65073e-09	
OG0001694	3.5046e-11	9.44123e-10	5.74001e-10	
OG0001695	8.77954e-07	1.22489e-07	4.34461e-09	
OG0001696	2.00061e-09	8.01509e-09	1.83083e-09	
OG0001697	2.47008e-10	3.22326e-09	1.41884e-09	
OG0001698	2.84825e-09	8.35335e-09	1.4474e-09	
OG0001700	5.8915e-20	9.59296e-15	2.68124e-12	
OG0001701	1.65113e-18	1.58354e-12	5.52765e-10	
OG0001702	2.28867e-21	5.58524e-16	2.12666e-13	
OG0001703	9.89021e-18	1.43829e-12	2.23033e-10	
OG0001715	2.24908e-23	2.01111e-15	3.12263e-11	
OG0001725	6.67445e-08	5.36818e-08	6.18288e-09	
OG0001727	2.74783e-12	7.28704e-10	1.24518e-09	
OG0001728	1.84921e-16	8.18952e-13	1.35476e-11	
OG0001731	5.45983e-08	2.75367e-08	2.42639e-09	
OG0001732	2.93837e-14	2.03047e-11	7.99733e-11	
OG0001733	1.24913e-14	5.24522e-11	5.23748e-10	
OG0001735	3.43473e-07	8.17095e-08	4.61573e-09	
OG0001736	1.41609e-16	1.13454e-11	8.8028e-10	
OG0001738	5.68554e-14	8.97129e-11	5.95294e-10	
OG0001739	5.68554e-14	8.97129e-11	5.95294e-10	
OG0001740	1.94179e-14	5.74631e-12	2.17402e-11	
OG0001741	1.26725e-12	5.8507e-10	1.20732e-09	
OG0001745	1.62923e-07	6.84733e-08	3.93911e-09	
OG0001746	1.60071e-07	6.71506e-08	4.27883e-09	
OG0001747	1.34422e-08	3.19542e-08	4.53335e-09	
OG0001748	2.14366e-07	8.76092e-08	5.41742e-09	
OG0001749	2.54337e-15	3.43956e-11	8.18439e-10	
OG0001750	2.41628e-14	1.57661e-11	7.11587e-11	
OG0001751	1.02047e-14	4.66906e-13	7.71542e-13	
OG0001752	1.57316e-12	6.21472e-10	1.12129e-09	
OG0001754	7.60421e-13	3.72054e-10	9.97929e-10	
OG0001755	7.29056e-09	2.12631e-08	4.31398e-09	
OG0001756	5.43785e-18	1.99631e-13	9.65954e-12	
OG0001757	4.83284e-10	8.22393e-09	2.80174e-09	
OG0001758	1.98476e-14	1.07451e-11	3.29626e-11	
OG0001759	5.15624e-15	5.60822e-12	2.56858e-11	
OG0001760	5.87248e-16	6.19508e-12	1.72862e-10	
OG0001761	1.48916e-20	1.13036e-16	5.30494e-15	
OG0001762	7.71538e-09	2.78002e-08	4.55702e-09	
OG0001764	3.66594e-15	1.14713e-11	8.47587e-11	
OG0001765	2.17119e-07	8.36061e-08	4.59348e-09	
OG0001767	4.21889e-18	2.82141e-14	5.91554e-13	
OG0001770	2.71179e-06	1.78743e-07	5.18043e-09	
OG0001771	1.08473e-12	4.67542e-10	9.95149e-10	
OG0001772	2.83023e-17	6.12771e-13	1.51705e-11	
OG0001773	1.61531e-07	6.9046e-08	4.06644e-09	
OG0001774	6.76444e-16	8.2735e-12	2.10609e-10	
OG0001776	5.77681e-14	8.74511e-11	5.79764e-10	
OG0001777	8.85989e-14	6.16921e-11	2.22551e-10	
OG0001778	3.93211e-07	1.06167e-07	5.29971e-09	
OG0001779	1.63471e-07	6.8701e-08	4.4282e-09	
OG0001781	1.18766e-07	5.27831e-08	3.59636e-09	
OG0001782	8.29773e-14	1.76044e-10	8.11328e-10	
OG0001783	5.13983e-10	8.57888e-10	1.76403e-10	
OG0001784	3.87806e-12	6.90852e-10	1.17152e-09	
OG0001785	5.94712e-11	3.42095e-09	2.18883e-09	
OG0001786	1.66286e-13	2.1533e-10	1.62442e-09	
OG0001789	2.79112e-10	7.6828e-09	3.31299e-09	
OG0001790	5.68554e-14	8.97129e-11	5.95294e-10	
OG0001791	1.54242e-08	3.48892e-08	4.1244e-09	
OG0001794	6.2344e-13	1.05074e-11	6.09405e-12	
OG0001795	5.91226e-07	1.1804e-07	4.93682e-09	
OG0001796	1.24913e-14	5.24522e-11	5.23748e-10	
OG0001798	3.38594e-06	1.90619e-07	5.55413e-09	
OG0001799	2.34947e-11	1.43094e-09	1.40268e-09	
OG0001800	4.4659e-11	1.04596e-10	3.3704e-11	
OG0001804	4.71246e-16	1.41975e-12	1.70859e-11	
OG0001807	6.505e-10	3.38901e-09	1.33329e-09	
OG0001808	5.83319e-11	8.27656e-10	3.51032e-10	
OG0001809	2.21478e-12	9.045e-10	1.51068e-09	
OG0001810	2.02634e-07	9.27231e-08	5.2478e-09	
OG0001811	4.42354e-11	1.86838e-10	6.33135e-11	
OG0001812	5.68554e-14	8.97129e-11	5.95294e-10	
OG0001813	1.12255e-11	2.6132e-09	2.85724e-09	
OG0001814	4.71246e-16	1.41975e-12	1.70859e-11	
OG0001815	5.58232e-08	5.95367e-08	4.97527e-09	
OG0001816	4.15947e-11	2.21625e-09	1.57296e-09	
OG0001817	3.11033e-20	1.65708e-13	2.2954e-10	
OG0001818	5.77681e-14	8.74511e-11	5.79764e-10	
OG0001821	1.1175e-10	4.789e-09	3.10812e-09	
OG0001823	3.87783e-15	1.44452e-11	1.03128e-10	
OG0001824	3.54472e-09	1.19259e-08	2.49974e-09	
OG0001825	1.08473e-12	4.67542e-10	9.95149e-10	
OG0001826	5.25032e-11	1.96047e-10	6.84103e-11	
OG0001827	2.79598e-15	9.22415e-12	7.9622e-11	
OG0001828	3.21749e-06	1.90102e-07	5.20638e-09	
OG0001829	1.08473e-12	4.67542e-10	9.95149e-10	
OG0001830	3.67022e-10	7.88956e-09	3.33479e-09	
OG0001831	2.47228e-15	8.43752e-12	7.40792e-11	
OG0001832	4.1269e-14	5.6787e-11	4.56127e-10	
OG0001833	4.43814e-11	2.41103e-09	1.74242e-09	
OG0001834	4.09405e-12	6.17684e-10	1.44647e-09	
OG0001836	2.8586e-16	4.42865e-12	1.84568e-10	
OG0001840	1.35795e-15	1.59663e-11	3.52899e-10	
OG0001846	3.41449e-19	5.65043e-13	2.58834e-10	
OG0001856	1.8192e-22	6.58951e-15	6.09875e-11	
OG0001857	1.8192e-22	6.58951e-15	6.09875e-11	
OG0001862	2.056e-09	1.69174e-08	4.491e-09	
OG0001864	9.86275e-11	3.87629e-09	3.16155e-09	
OG0001865	2.39905e-16	5.98239e-12	3.93493e-10	
OG0001867	2.98111e-13	7.48212e-11	1.95649e-10	
OG0001869	4.39606e-13	2.71411e-10	1.02793e-09	
OG0001870	1.1971e-12	2.51548e-10	4.47212e-10	
OG0001871	6.8302e-07	1.197e-07	5.42206e-09	
OG0001873	1.38734e-14	6.32858e-11	9.4167e-10	
OG0001874	5.95217e-10	1.07221e-08	4.02121e-09	
OG0001875	4.54013e-14	3.33957e-11	2.22594e-10	
OG0001877	9.64079e-11	3.14205e-09	4.50355e-09	
OG0001879	1.14037e-11	1.77272e-09	2.03173e-09	
OG0001880	1.49483e-13	2.87778e-11	5.74746e-11	
OG0001881	7.00805e-14	5.17671e-12	6.57752e-12	
OG0001883	1.02126e-09	1.24667e-09	1.67794e-10	
OG0001884	4.39606e-13	2.71411e-10	1.02793e-09	
OG0001887	1.3766e-06	1.50757e-07	6.34439e-09	
OG0001888	7.47529e-07	1.31014e-07	6.05951e-09	
OG0001889	9.508e-10	1.33071e-08	4.47096e-09	
OG0001890	1.53095e-09	1.67641e-08	4.60916e-09	
OG0001891	4.39606e-13	2.71411e-10	1.02793e-09	
OG0001892	2.7621e-14	1.38645e-10	1.72749e-09	
OG0001893	4.48988e-13	2.66063e-10	1.00287e-09	
OG0001894	8.67055e-12	1.33255e-09	1.77616e-09	
OG0001895	1.53548e-11	2.57536e-09	2.56605e-09	
OG0001896	1.86219e-15	1.8271e-12	1.06677e-11	
OG0001897	7.73991e-07	1.26227e-07	5.62839e-09	
OG0001898	1.25619e-09	1.25178e-08	3.97825e-09	
OG0001899	3.30735e-13	1.77769e-10	8.01351e-10	
OG0001900	5.86381e-15	2.71229e-11	5.02388e-10	
OG0001901	4.39606e-13	2.71411e-10	1.02793e-09	
OG0001902	2.29107e-07	9.90551e-08	7.28767e-09	
OG0001904	1.8227e-09	1.59419e-08	4.39553e-09	
OG0001905	1.14168e-09	8.05394e-09	6.05509e-09	
OG0001906	9.43665e-07	1.50467e-07	5.92525e-09	
OG0001907	3.74261e-14	1.04616e-10	8.23295e-10	
OG0001908	3.18168e-08	4.05542e-08	4.37468e-09	
OG0001909	1.08782e-13	2.58643e-11	4.95812e-11	
OG0001910	1.14566e-07	2.19876e-08	1.74358e-09	
OG0001912	2.37398e-13	2.94881e-10	1.04418e-09	
OG0001913	2.69863e-12	4.11975e-11	2.82486e-11	
OG0001914	6.63302e-07	1.27263e-07	5.752e-09	
OG0001915	5.05126e-08	5.68528e-08	4.72498e-09	
OG0001916	1.16573e-17	4.30545e-13	2.6102e-11	
OG0001917	1.63828e-08	4.08787e-08	6.53441e-09	
OG0001918	2.06472e-17	2.18317e-12	2.64254e-10	
OG0001919	9.1415e-09	3.24508e-08	4.96138e-09	
OG0001921	3.83847e-10	8.21549e-09	3.08331e-09	
OG0001923	1.95706e-13	3.30915e-11	5.76974e-11	
OG0001924	1.59211e-05	4.13667e-07	8.98469e-09	
OG0001925	3.77284e-08	4.62082e-08	4.69452e-09	
OG0001926	4.87819e-12	7.90865e-10	1.4312e-09	
OG0001929	5.53816e-07	2.28458e-07	8.95577e-09	
OG0001930	4.63757e-12	7.71994e-11	7.88953e-11	
OG0001931	3.62152e-10	8.96581e-09	3.56441e-09	
OG0001932	7.38746e-10	2.67924e-09	6.58654e-10	
OG0001933	2.42325e-11	7.10212e-10	5.97368e-10	
OG0001934	1.17529e-06	1.86885e-07	6.86608e-09	
OG0001936	4.39606e-13	2.71411e-10	1.02793e-09	
OG0001937	1.30108e-10	3.52007e-09	2.39882e-09	
OG0001938	2.83108e-08	3.78445e-08	4.27039e-09	
OG0001939	7.27394e-10	2.94627e-09	9.78605e-10	
OG0001940	1.59211e-05	4.13667e-07	8.98469e-09	
OG0001942	1.32831e-08	2.94778e-08	3.70511e-09	
OG0001943	1.40125e-19	3.54125e-17	2.22869e-16	
OG0001944	4.87819e-12	7.90865e-10	1.4312e-09	
OG0001945	6.51734e-13	9.36562e-11	1.74218e-10	
OG0001946	4.87819e-12	7.90865e-10	1.4312e-09	
OG0001947	8.67055e-12	1.33255e-09	1.77616e-09	
OG0001949	2.25371e-08	2.96121e-08	3.94861e-09	
OG0001950	7.37439e-09	1.58152e-09	1.26332e-10	
OG0001951	5.22467e-08	6.14453e-08	7.49821e-09	
OG0001952	9.56915e-15	5.85373e-13	9.98337e-13	
OG0001953	8.53694e-10	1.36469e-09	2.59277e-10	
OG0001954	4.87819e-12	7.90865e-10	1.4312e-09	
OG0001955	6.42649e-15	3.32036e-11	5.55088e-10	
OG0001956	1.27752e-08	1.40002e-08	1.86294e-09	
OG0001957	1.49483e-13	2.87778e-11	5.74746e-11	
OG0001958	4.66392e-09	7.33762e-09	1.3737e-09	
OG0001959	6.08144e-14	5.04954e-11	2.8103e-10	
OG0001962	2.87906e-10	6.74183e-09	3.17281e-09	
OG0001963	2.06474e-13	3.9884e-11	6.69441e-11	
OG0001972	2.66834e-19	2.30978e-13	1.18312e-10	
OG0001976	1.07314e-21	3.6852e-14	1.81306e-10	
OG0001993	2.89803e-12	7.38196e-10	2.5171e-09	
OG0001994	2.02052e-15	2.15448e-11	8.06147e-10	
OG0001995	1.92719e-07	9.42357e-08	6.76184e-09	
OG0001997	7.17611e-05	6.66411e-07	1.02121e-08	
OG0001998	2.52122e-12	8.14514e-10	2.95619e-09	
OG0002001	6.24241e-08	8.00372e-08	9.21184e-09	
OG0002002	5.03861e-14	1.02187e-10	9.71782e-10	
OG0002003	4.10948e-06	3.01755e-07	8.91292e-09	
OG0002004	4.54403e-13	1.43959e-10	4.61283e-10	
OG0002005	3.10787e-06	2.16518e-07	8.1175e-09	
OG0002008	4.54403e-13	1.43959e-10	4.61283e-10	
OG0002009	2.97862e-07	9.53058e-08	6.72699e-09	
OG0002011	3.51758e-11	2.18689e-09	2.406e-09	
OG0002013	1.43547e-11	1.96173e-10	1.16869e-10	
OG0002015	7.40518e-15	1.38347e-11	1.25838e-10	
OG0002016	3.51758e-11	2.18689e-09	2.406e-09	
OG0002018	1.44049e-12	1.38208e-10	1.92924e-10	
OG0002019	6.35439e-17	5.89864e-12	6.32076e-10	
OG0002020	5.47124e-11	3.75678e-09	2.76836e-09	
OG0002021	3.53891e-12	1.0964e-10	1.05742e-10	
OG0002022	4.77528e-12	4.01009e-10	6.36288e-10	
OG0002023	2.45573e-13	3.81187e-11	8.75339e-11	
OG0002024	3.40941e-10	8.73509e-09	4.1555e-09	
OG0002026	9.63998e-18	2.09873e-12	3.87904e-10	
OG0002028	2.45805e-10	7.82083e-09	4.03457e-09	
OG0002031	6.07585e-11	3.55602e-09	2.92551e-09	
OG0002032	6.63661e-09	3.74188e-08	7.38435e-09	
OG0002033	4.65865e-13	1.50756e-10	4.76283e-10	
OG0002034	3.04265e-09	6.61442e-09	1.56235e-09	
OG0002035	9.66819e-13	8.36675e-11	9.1372e-11	
OG0002036	4.06063e-12	1.00949e-09	1.96334e-09	
OG0002037	4.65795e-08	1.74258e-08	2.02826e-09	
OG0002038	1.41917e-09	1.3698e-08	4.37803e-09	
OG0002040	3.51758e-11	2.18689e-09	2.406e-09	
OG0002041	6.07585e-11	3.55602e-09	2.92551e-09	
OG0002042	6.07585e-11	3.55602e-09	2.92551e-09	
OG0002043	6.07585e-11	3.55602e-09	2.92551e-09	
OG0002044	2.02407e-09	1.9304e-08	5.21587e-09	
OG0002045	4.06063e-12	1.00949e-09	1.96334e-09	
OG0002046	3.47273e-11	2.60547e-09	2.68766e-09	
OG0002047	1.90441e-08	4.54139e-08	7.16206e-09	
OG0002048	3.03468e-06	2.16697e-07	8.08679e-09	
OG0002049	5.75151e-13	2.74934e-11	3.02513e-11	
OG0002050	2.65041e-12	5.55832e-10	1.40066e-09	
OG0002051	7.74467e-11	4.54062e-09	3.27221e-09	
OG0002054	8.1478e-09	3.29105e-08	6.3348e-09	
OG0002055	4.60836e-13	2.34326e-11	4.46388e-11	
OG0002057	1.75584e-08	4.87879e-08	7.61221e-09	
OG0002058	4.06063e-12	1.00949e-09	1.96334e-09	
OG0002059	5.37481e-09	3.16814e-08	6.62213e-09	
OG0002060	1.02342e-06	1.69734e-07	9.63476e-09	
OG0002061	6.43852e-09	2.53688e-08	5.85913e-09	
OG0002062	3.11301e-09	2.83318e-08	7.50232e-09	
OG0002065	1.34495e-07	6.97643e-08	6.10212e-09	
OG0002066	2.51539e-07	1.23283e-07	7.2875e-09	
OG0002067	3.51758e-11	2.18689e-09	2.406e-09	
OG0002069	3.39312e-12	8.19393e-10	1.76321e-09	
OG0002070	9.95436e-13	8.18189e-11	9.82991e-11	
OG0002071	8.04681e-11	4.65235e-09	3.33388e-09	
OG0002072	3.4472e-13	2.04684e-11	5.05755e-11	
OG0002073	2.4576e-10	1.15901e-08	5.89455e-09	
OG0002074	2.31131e-08	1.38672e-08	1.74029e-09	
OG0002075	3.39312e-12	8.19393e-10	1.76321e-09	
OG0002076	7.25043e-15	1.41125e-11	1.28979e-10	
OG0002077	5.67156e-08	7.43322e-08	7.28763e-09	
OG0002078	2.65041e-12	5.55832e-10	1.40066e-09	
OG0002079	5.5492e-07	4.30544e-08	2.31026e-09	
OG0002080	1.19647e-16	4.59114e-12	3.70662e-10	
OG0002083	3.39312e-12	8.19393e-10	1.76321e-09	
OG0002084	8.46101e-12	6.46099e-11	3.77064e-11	
OG0002085	4.38624e-11	5.17172e-10	2.15912e-10	
OG0002086	6.18494e-09	2.78784e-08	5.93888e-09	
OG0002087	3.39312e-12	8.19393e-10	1.76321e-09	
OG0002088	1.6002e-08	5.88259e-08	8.22023e-09	
OG0002090	2.31374e-09	2.0626e-08	4.82897e-09	
OG0002092	2.7813e-12	1.90071e-10	1.64326e-10	
OG0002093	2.17238e-12	7.88444e-10	1.9498e-09	
OG0002094	2.51021e-06	2.03415e-07	8.08446e-09	
OG0002095	1.7867e-09	1.85936e-08	5.19532e-09	
OG0002096	4.70286e-14	8.55071e-11	8.92589e-10	
OG0002097	7.28642e-09	2.80882e-08	5.01572e-09	
OG0002098	5.74526e-09	1.43731e-08	3.77363e-09	
OG0002099	2.38229e-07	1.26977e-07	8.34832e-09	
OG0002100	1.84963e-12	7.9976e-10	1.89086e-09	
OG0002102	3.39312e-12	8.19393e-10	1.76321e-09	
OG0002103	4.97555e-07	2.40925e-07	9.70956e-09	
OG0002105	3.39312e-12	8.19393e-10	1.76321e-09	
OG0002107	1.6692e-07	1.09742e-07	8.32938e-09	
OG0002108	7.5013e-11	4.72449e-09	3.0309e-09	
OG0002109	5.47124e-11	3.75678e-09	2.76836e-09	
OG0002110	8.42143e-09	3.12661e-08	4.65832e-09	
OG0002111	3.29307e-08	4.32168e-08	5.97574e-09	
OG0002112	3.48502e-12	8.06816e-10	1.72351e-09	
OG0002113	8.98808e-10	9.29201e-09	3.88816e-09	
OG0002114	7.17611e-05	6.66411e-07	1.02121e-08	
OG0002115	3.87501e-11	2.8226e-09	2.77907e-09	
OG0002116	3.77883e-07	1.65138e-07	9.31629e-09	
OG0002117	4.36193e-12	1.14631e-09	2.10604e-09	
OG0002118	1.15052e-12	8.49321e-11	9.59057e-11	
OG0002119	2.51539e-07	1.23283e-07	7.2875e-09	
OG0002120	8.3984e-11	4.93293e-09	3.41301e-09	
OG0002121	2.90364e-09	4.03151e-09	5.36193e-10	
OG0002122	4.36193e-12	1.14631e-09	2.10604e-09	
OG0002123	7.25043e-15	1.41125e-11	1.28979e-10	
OG0002124	1.90878e-09	1.92887e-08	6.74254e-09	
OG0002129	9.50986e-16	6.91738e-13	5.79586e-12	
OG0002130	2.83428e-14	5.6371e-12	2.09542e-11	
OG0002132	4.28475e-12	1.39926e-09	3.47114e-09	
OG0002139	2.23017e-20	9.21881e-14	1.22201e-10	
OG0002140	1.77364e-22	6.35377e-15	4.28987e-11	
OG0002145	2.01588e-19	1.32661e-13	8.06681e-11	
OG0002158	1.47487e-09	1.11928e-08	8.97689e-09	
OG0002159	2.5023e-10	5.9413e-09	4.00421e-09	
OG0002160	2.759e-11	3.60717e-10	1.85112e-10	
OG0002161	2.61403e-11	2.4634e-09	3.00137e-09	
OG0002164	1.07735e-10	5.91248e-09	3.87558e-09	
OG0002167	5.9604e-07	2.06579e-07	1.30079e-08	
OG0002170	3.67482e-08	6.34675e-08	7.24381e-09	
OG0002172	1.87051e-09	1.19492e-08	2.76149e-09	
OG0002173	1.23626e-10	5.89376e-10	1.92185e-10	
OG0002175	7.39811e-15	7.46472e-12	5.71673e-11	
OG0002177	1.03011e-09	1.13404e-08	9.3397e-09	
OG0002178	1.35806e-08	4.99847e-08	9.58522e-09	
OG0002179	2.03791e-11	2.24788e-09	2.37877e-09	
OG0002180	1.96849e-10	5.92043e-09	3.27666e-09	
OG0002181	1.39734e-06	2.96692e-07	1.31604e-08	
OG0002182	2.7012e-11	2.43763e-09	2.93988e-09	
OG0002183	6.04632e-09	2.38855e-08	6.20904e-09	
OG0002184	2.19887e-09	4.20834e-09	4.70265e-10	
OG0002185	2.02054e-08	4.30611e-09	3.14031e-10	
OG0002186	9.43989e-09	3.58401e-08	6.86286e-09	
OG0002187	9.38228e-07	2.28795e-07	1.17149e-08	
OG0002188	1.30088e-06	2.56345e-07	1.06798e-08	
OG0002190	2.61403e-11	2.4634e-09	3.00137e-09	
OG0002191	1.05163e-07	2.50292e-08	2.5954e-09	
OG0002193	1.24698e-05	3.68318e-07	1.10717e-08	
OG0002194	7.464e-07	1.59371e-07	9.25685e-09	
OG0002195	1.07735e-10	5.91248e-09	3.87558e-09	
OG0002196	2.67535e-08	6.29329e-08	9.29563e-09	
OG0002197	3.44135e-08	5.60989e-08	8.70192e-09	
OG0002199	2.7012e-11	2.43763e-09	2.93988e-09	
OG0002200	9.38228e-07	2.28795e-07	1.17149e-08	
OG0002201	6.69164e-13	3.78589e-10	3.63301e-09	
OG0002202	6.1842e-11	1.76728e-09	1.2643e-09	
OG0002203	3.5453e-10	8.88892e-09	4.23746e-09	
OG0002205	2.12384e-11	1.73571e-09	2.43403e-09	
OG0002207	2.40139e-12	5.18851e-10	1.48931e-09	
OG0002209	6.16025e-12	2.18805e-11	7.4642e-12	
OG0002210	1.08639e-12	3.41758e-10	1.2771e-09	
OG0002211	2.5023e-10	5.9413e-09	4.00421e-09	
OG0002213	6.01739e-07	2.07851e-07	1.29657e-08	
OG0002214	8.23298e-10	1.74958e-08	6.67233e-09	
OG0002215	1.17874e-09	2.00082e-08	6.75133e-09	
OG0002216	1.96838e-12	1.14313e-11	6.1154e-12	
OG0002217	4.28323e-12	1.31209e-10	1.28864e-10	
OG0002218	1.36438e-08	2.52204e-08	5.65365e-09	
OG0002219	8.87666e-11	4.11131e-09	6.28991e-09	
OG0002220	4.90013e-12	1.31603e-10	1.17688e-10	
OG0002221	3.78626e-10	1.45659e-09	3.17982e-10	
OG0002222	4.28323e-12	1.31209e-10	1.28864e-10	
OG0002223	3.55965e-12	4.47674e-10	7.99763e-10	
OG0002225	3.15564e-11	3.35012e-09	3.4323e-09	
OG0002226	4.01549e-12	4.75838e-10	5.64612e-10	
OG0002227	6.56075e-07	2.04541e-07	1.14646e-08	
OG0002228	1.11845e-07	1.02721e-07	9.067e-09	
OG0002229	3.81746e-09	5.99037e-09	5.842e-10	
OG0002230	7.53162e-09	2.85417e-08	6.07328e-09	
OG0002231	4.51977e-12	8.06935e-11	8.42757e-11	
OG0002232	7.32542e-07	1.98821e-07	1.13958e-08	
OG0002233	1.24156e-15	2.14932e-11	8.6633e-10	
OG0002234	4.03824e-09	7.62893e-09	1.88669e-09	
OG0002235	1.88726e-10	6.11445e-09	4.45981e-09	
OG0002236	1.5446e-10	7.2936e-10	2.12673e-10	
OG0002237	3.08419e-07	7.95146e-08	7.40513e-09	
OG0002238	2.22257e-05	5.9915e-07	1.28308e-08	
OG0002240	8.23298e-10	1.74958e-08	6.67233e-09	
OG0002241	1.2023e-17	2.81578e-14	3.03364e-13	
OG0002242	3.61857e-11	1.3386e-09	1.17583e-09	
OG0002244	2.12384e-11	1.73571e-09	2.43403e-09	
OG0002245	2.12384e-11	1.73571e-09	2.43403e-09	
OG0002246	2.12384e-11	1.73571e-09	2.43403e-09	
OG0002247	2.45682e-10	8.03393e-09	8.89401e-09	
OG0002250	2.5023e-10	5.9413e-09	4.00421e-09	
OG0002251	4.99874e-10	1.26549e-08	5.01563e-09	
OG0002253	2.5023e-10	5.9413e-09	4.00421e-09	
OG0002255	6.96549e-07	1.50335e-07	9.12616e-09	
OG0002256	7.53162e-09	2.85417e-08	6.07328e-09	
OG0002258	8.47922e-14	2.74012e-11	9.33682e-11	
OG0002259	4.17853e-10	9.25922e-09	4.75617e-09	
OG0002260	2.77894e-11	2.91533e-09	3.35021e-09	
OG0002262	2.5023e-10	5.9413e-09	4.00421e-09	
OG0002263	8.9817e-12	2.26927e-10	1.81427e-10	
OG0002264	3.48999e-10	9.94728e-09	4.58524e-09	
OG0002266	3.55965e-12	4.47674e-10	7.99763e-10	
OG0002267	6.52079e-09	1.08942e-08	2.16309e-09	
OG0002268	6.26404e-09	1.48281e-08	3.89019e-09	
OG0002269	2.15518e-09	2.7655e-08	7.98685e-09	
OG0002270	1.85416e-10	8.7291e-10	2.5482e-10	
OG0002271	2.42169e-10	6.99978e-09	4.42281e-09	
OG0002272	3.09219e-07	1.52343e-07	1.02322e-08	
OG0002273	6.98261e-09	3.52852e-08	6.8475e-09	
OG0002274	3.93226e-08	6.74948e-08	7.26103e-09	
OG0002275	7.94498e-07	1.72403e-07	9.72927e-09	
OG0002276	2.54891e-08	6.36329e-08	9.36123e-09	
OG0002277	1.37147e-10	5.98515e-10	2.13391e-10	
OG0002278	2.5023e-10	5.9413e-09	4.00421e-09	
OG0002279	4.17853e-10	9.25922e-09	4.75617e-09	
OG0002281	3.78679e-10	1.04272e-08	4.67045e-09	
OG0002282	2.72127e-08	6.3844e-08	9.31545e-09	
OG0002283	7.25592e-08	9.64172e-08	7.80712e-09	
OG0002285	1.24156e-15	2.14932e-11	8.6633e-10	
OG0002287	8.79309e-11	4.67969e-10	1.81924e-10	
OG0002288	2.61403e-11	2.4634e-09	3.00137e-09	
OG0002289	1.37675e-08	4.7783e-08	7.40548e-09	
OG0002290	4.17853e-10	9.25922e-09	4.75617e-09	
OG0002291	2.61403e-11	2.4634e-09	3.00137e-09	
OG0002292	1.2715e-13	2.67965e-11	4.56176e-11	
OG0002293	3.18969e-08	7.97048e-08	1.05041e-08	
OG0002294	7.2567e-16	4.15178e-12	1.04229e-10	
OG0002295	2.61403e-11	2.4634e-09	3.00137e-09	
OG0002296	7.8151e-13	2.10168e-11	2.2438e-11	
OG0002297	4.61437e-12	1.25503e-09	2.69855e-09	
OG0002298	4.17853e-10	9.25922e-09	4.75617e-09	
OG0002299	5.12403e-10	1.12308e-08	5.18113e-09	
OG0002301	6.04632e-09	2.38855e-08	6.20904e-09	
OG0002302	2.61403e-11	2.4634e-09	3.00137e-09	
OG0002303	2.7012e-11	2.43763e-09	2.93988e-09	
OG0002304	6.86373e-12	3.0268e-10	3.3176e-10	
OG0002305	6.02058e-12	1.89048e-10	1.34688e-10	
OG0002306	2.5023e-10	5.9413e-09	4.00421e-09	
OG0002307	4.09646e-11	7.84961e-10	8.14259e-10	
OG0002308	5.28581e-10	3.2504e-09	1.31002e-09	
OG0002309	2.16282e-12	8.3145e-10	3.5473e-09	
OG0002310	1.33959e-08	3.52171e-08	7.92938e-09	
OG0002312	1.86698e-08	6.02412e-08	1.93362e-08	
OG0002313	5.0018e-14	5.05021e-11	3.86301e-10	
OG0002314	5.22456e-17	1.81584e-12	1.42112e-10	
OG0002315	5.78575e-10	8.11954e-09	3.96644e-09	
OG0002316	1.40879e-16	1.61194e-12	8.75439e-11	
OG0002317	8.26511e-11	3.26627e-09	3.13057e-09	
OG0002318	5.02419e-14	1.1167e-10	9.81663e-10	
OG0002319	2.60614e-14	9.50124e-11	1.85158e-09	
OG0002321	3.84399e-13	3.02818e-10	1.46451e-09	
OG0002340	8.70533e-11	7.25552e-09	7.21635e-09	
OG0002342	4.81463e-09	4.30655e-08	1.05933e-08	
OG0002344	3.21069e-09	3.29658e-08	8.18677e-09	
OG0002346	2.00966e-10	7.37077e-09	5.06355e-09	
OG0002347	1.74041e-07	1.34712e-07	1.23618e-08	
OG0002348	2.80241e-09	2.41043e-08	7.60983e-09	
OG0002349	1.14577e-15	1.98111e-11	1.24844e-09	
OG0002352	9.06958e-13	4.62446e-12	2.14807e-12	
OG0002353	3.67851e-16	1.78354e-11	1.32097e-09	
OG0002354	1.00005e-14	6.60463e-11	1.51258e-09	
OG0002355	7.9592e-15	2.98113e-12	1.23777e-11	
OG0002359	1.44738e-06	3.1141e-07	1.70298e-08	
OG0002360	2.00966e-10	7.37077e-09	5.06355e-09	
OG0002361	1.84555e-07	1.55022e-07	1.11811e-08	
OG0002362	4.96627e-11	6.5844e-10	2.55636e-10	
OG0002363	1.50115e-09	1.9959e-08	9.19131e-09	
OG0002364	7.4834e-11	4.61148e-10	1.52675e-10	
OG0002365	2.35271e-10	9.27404e-09	5.57622e-09	
OG0002366	1.74938e-09	1.67415e-08	6.58445e-09	
OG0002367	4.31134e-13	1.28095e-10	3.76661e-10	
OG0002368	2.32081e-12	8.26308e-10	5.2774e-09	
OG0002369	1.77529e-13	2.63404e-10	2.69861e-09	
OG0002371	1.63034e-07	1.26452e-07	1.27009e-08	
OG0002372	7.27638e-08	1.01224e-07	1.10065e-08	
OG0002373	2.55642e-09	2.83908e-08	7.79647e-09	
OG0002374	2.25153e-10	2.87722e-09	1.67736e-09	
OG0002375	2.80241e-09	2.41043e-08	7.60983e-09	
OG0002377	7.27638e-08	1.01224e-07	1.10065e-08	
OG0002378	1.05773e-09	1.40592e-08	6.81881e-09	
OG0002381	1.21352e-09	1.71805e-08	6.10081e-09	
OG0002382	7.29144e-11	9.12439e-10	3.3794e-10	
OG0002384	5.94851e-09	4.62159e-08	1.06155e-08	
OG0002385	1.06148e-07	1.35392e-07	1.44924e-08	
OG0002387	1.65618e-08	5.20463e-08	9.58932e-09	
OG0002388	2.55642e-09	2.83908e-08	7.79647e-09	
OG0002389	6.7444e-09	3.08694e-08	8.17098e-09	
OG0002390	4.83162e-08	7.34493e-08	9.84163e-09	
OG0002391	1.70179e-10	5.41273e-09	4.20178e-09	
OG0002392	1.08549e-13	1.86092e-10	2.43407e-09	
OG0002393	2.80241e-09	2.41043e-08	7.60983e-09	
OG0002394	6.1252e-19	5.44183e-13	3.4223e-10	
OG0002395	6.33716e-12	9.05825e-11	5.37652e-11	
OG0002397	2.80241e-09	2.41043e-08	7.60983e-09	
OG0002401	1.12988e-14	1.37819e-10	3.79739e-09	
OG0002402	3.04001e-11	3.13898e-09	6.91371e-09	
OG0002403	2.27464e-08	1.66166e-08	2.85326e-09	
OG0002404	2.55642e-09	2.83908e-08	7.79647e-09	
OG0002406	2.80241e-09	2.41043e-08	7.60983e-09	
OG0002407	9.41156e-08	1.25055e-07	1.40719e-08	
OG0002409	2.36143e-09	2.71876e-08	7.67385e-09	
OG0002410	4.21977e-07	4.27015e-08	3.5612e-09	
OG0002413	2.48859e-09	2.43458e-08	6.92168e-09	
OG0002415	1.32315e-08	4.10229e-08	9.97015e-09	
OG0002416	6.05987e-08	8.73011e-08	1.12203e-08	
OG0002417	3.57615e-12	8.07408e-11	8.88811e-11	
OG0002418	1.06486e-11	1.13077e-10	4.02436e-11	
OG0002419	7.21176e-10	1.53362e-09	3.13634e-10	
OG0002420	1.74938e-09	1.67415e-08	6.58445e-09	
OG0002421	4.83162e-08	7.34493e-08	9.84163e-09	
OG0002422	1.19496e-11	1.03145e-10	6.91351e-11	
OG0002423	2.57963e-09	2.32261e-08	7.57732e-09	
OG0002424	2.48859e-09	2.43458e-08	6.92168e-09	
OG0002425	2.00062e-10	8.31233e-09	4.88995e-09	
OG0002426	1.74938e-09	1.67415e-08	6.58445e-09	
OG0002427	2.00966e-10	7.37077e-09	5.06355e-09	
OG0002428	2.55642e-09	2.83908e-08	7.79647e-09	
OG0002429	1.15565e-07	1.43437e-07	1.15257e-08	
OG0002430	1.30215e-08	1.18005e-08	2.81647e-09	
OG0002432	9.09254e-12	1.32115e-09	2.76147e-09	
OG0002433	2.00966e-10	7.37077e-09	5.06355e-09	
OG0002435	7.71409e-09	3.76266e-08	8.97597e-09	
OG0002437	2.09045e-10	7.33444e-09	4.97117e-09	
OG0002438	5.48914e-11	4.19575e-10	1.25968e-10	
OG0002439	3.21069e-09	3.29658e-08	8.18677e-09	
OG0002440	1.74938e-09	1.67415e-08	6.58445e-09	
OG0002442	1.44709e-09	1.70035e-08	5.49776e-09	
OG0002443	1.71887e-06	3.24046e-07	1.72573e-08	
OG0002444	2.34326e-07	1.73515e-07	1.21347e-08	
OG0002445	1.64796e-08	2.83953e-08	4.29959e-09	
OG0002446	6.03226e-08	8.54099e-08	1.10755e-08	
OG0002447	3.09003e-12	9.60833e-10	2.92568e-09	
OG0002448	8.71995e-12	1.04167e-10	6.37828e-11	
OG0002450	2.89698e-06	2.94285e-07	1.32128e-08	
OG0002453	2.00442e-09	1.75245e-09	2.77792e-10	
OG0002458	2.15688e-08	4.05743e-08	6.14726e-09	
OG0002459	2.42268e-06	4.72869e-07	1.67474e-08	
OG0002460	2.80241e-09	2.41043e-08	7.60983e-09	
OG0002461	2.34326e-07	1.73515e-07	1.21347e-08	
OG0002462	1.08549e-13	1.86092e-10	2.43407e-09	
OG0002463	1.74938e-09	1.67415e-08	6.58445e-09	
OG0002464	1.97155e-14	1.17283e-10	2.29876e-09	
OG0002465	9.91741e-14	1.64702e-10	2.14654e-09	
OG0002466	8.69701e-08	1.20483e-07	1.20612e-08	
OG0002467	7.27638e-08	1.01224e-07	1.10065e-08	
OG0002468	4.25778e-13	5.68806e-10	5.25516e-09	
OG0002469	1.70179e-10	5.41273e-09	4.20178e-09	
OG0002471	3.21252e-11	3.53257e-09	4.63223e-09	
OG0002472	3.24013e-12	1.30071e-10	1.40442e-10	
OG0002473	1.74938e-09	1.67415e-08	6.58445e-09	
OG0002474	3.26702e-09	2.81783e-08	8.02878e-09	
OG0002475	2.80241e-09	2.41043e-08	7.60983e-09	
OG0002476	7.12817e-08	1.03632e-07	1.11546e-08	
OG0002477	7.84571e-12	1.73654e-09	5.58929e-09	
OG0002478	5.39722e-07	3.03843e-07	1.69372e-08	
OG0002479	4.10709e-12	2.0095e-10	1.72291e-10	
OG0002480	1.74938e-09	1.67415e-08	6.58445e-09	
OG0002482	2.43282e-09	2.44673e-08	7.84342e-09	
OG0002483	2.46236e-11	3.68112e-10	1.76548e-10	
OG0002484	5.37219e-08	8.7116e-08	1.34547e-08	
OG0002485	8.72275e-10	9.75199e-09	5.2909e-09	
OG0002486	2.01787e-13	2.88292e-12	1.99108e-12	
OG0002488	7.27638e-08	1.01224e-07	1.10065e-08	
OG0002489	1.47972e-09	8.05802e-09	2.54419e-09	
OG0002490	8.15506e-09	1.63664e-08	3.20487e-09	
OG0002491	1.74938e-09	1.67415e-08	6.58445e-09	
OG0002492	1.74938e-09	1.67415e-08	6.58445e-09	
OG0002493	8.14797e-08	1.05404e-07	1.2871e-08	
OG0002494	3.26702e-09	2.81783e-08	8.02878e-09	
OG0002495	1.213e-06	2.6658e-07	1.41734e-08	
OG0002497	1.06593e-07	1.40112e-07	1.28423e-08	
OG0002498	2.23629e-09	2.40556e-08	8.43937e-09	
OG0002499	7.21556e-08	1.08393e-07	1.30322e-08	
OG0002500	2.70084e-14	3.83049e-12	1.22344e-11	
OG0002501	7.92121e-10	1.01249e-08	4.71047e-09	
OG0002502	3.91565e-08	5.92038e-08	9.73447e-09	
OG0002503	2.11777e-09	8.9163e-09	2.18634e-09	
OG0002504	5.55732e-13	7.79834e-11	1.53433e-10	
OG0002505	2.34326e-07	1.73515e-07	1.21347e-08	
OG0002506	5.78943e-09	6.00229e-09	1.1047e-09	
OG0002507	3.60529e-06	3.27418e-07	1.39605e-08	
OG0002508	2.70568e-11	6.67256e-10	3.21695e-10	
OG0002509	2.09045e-10	7.33444e-09	4.97117e-09	
OG0002513	2.87073e-12	8.40767e-10	2.45589e-09	
OG0002518	2.63408e-12	7.23387e-10	2.31659e-09	
OG0002521	1.15007e-11	4.44965e-09	4.00148e-08	
OG0002522	5.41745e-15	1.1955e-11	1.65217e-10	
OG0002533	7.78708e-19	7.59493e-13	8.8741e-10	
OG0002543	3.27018e-18	1.9141e-12	1.56274e-09	
OG0002550	4.70063e-10	1.44628e-09	4.9633e-10	
OG0002551	1.54151e-09	2.19344e-08	8.45268e-09	
OG0002552	1.95641e-09	3.06684e-08	1.09767e-08	
OG0002554	1.66613e-08	7.53514e-08	1.28496e-08	
OG0002556	1.50254e-07	1.18895e-07	7.96777e-09	
OG0002557	2.33939e-15	2.00551e-12	1.50986e-11	
OG0002558	2.88521e-11	8.70513e-10	8.26387e-10	
OG0002560	2.6067e-08	8.09415e-09	6.12953e-10	
OG0002561	7.57059e-14	2.0605e-10	2.73157e-09	
OG0002562	2.41679e-11	2.93415e-09	5.02211e-09	
OG0002568	2.51475e-07	1.59733e-07	1.53663e-08	
OG0002569	4.31258e-08	9.21895e-08	1.34421e-08	
OG0002571	1.09599e-12	2.91976e-10	8.04706e-10	
OG0002572	1.55498e-07	1.1997e-07	7.96091e-09	
OG0002573	2.31611e-08	9.1513e-08	1.3737e-08	
OG0002574	1.54151e-09	2.19344e-08	8.45268e-09	
OG0002575	2.41679e-11	2.93415e-09	5.02211e-09	
OG0002579	1.66444e-08	6.15632e-08	1.18565e-08	
OG0002580	1.63861e-11	2.5708e-10	1.31217e-10	
OG0002581	1.19508e-08	4.68797e-08	1.067e-08	
OG0002582	9.98622e-11	6.95405e-09	1.09664e-08	
OG0002583	9.35836e-09	5.09581e-08	1.0679e-08	
OG0002584	2.01228e-11	2.33144e-09	3.52596e-09	
OG0002585	7.94005e-11	2.23845e-09	1.32923e-09	
OG0002586	1.54151e-09	2.19344e-08	8.45268e-09	
OG0002587	1.94904e-08	8.25545e-08	1.31365e-08	
OG0002589	1.54151e-09	2.19344e-08	8.45268e-09	
OG0002590	1.70402e-07	1.53561e-07	1.53603e-08	
OG0002592	8.14065e-16	6.43827e-13	5.03373e-12	
OG0002595	1.54151e-09	2.19344e-08	8.45268e-09	
OG0002596	1.54151e-09	2.19344e-08	8.45268e-09	
OG0002597	1.54581e-08	7.76142e-08	1.49173e-08	
OG0002598	2.34184e-09	2.86983e-08	9.44621e-09	
OG0002599	1.19508e-08	4.68797e-08	1.067e-08	
OG0002603	2.01177e-08	7.00997e-08	1.27556e-08	
OG0002604	1.81402e-08	6.4151e-08	1.19329e-08	
OG0002605	2.4254e-11	2.66399e-09	4.86155e-09	
OG0002606	1.19508e-08	4.68797e-08	1.067e-08	
OG0002607	2.27193e-10	9.05332e-09	7.21831e-09	
OG0002608	1.36353e-09	1.68547e-08	7.19791e-09	
OG0002609	1.0771e-06	4.33283e-07	1.80044e-08	
OG0002610	1.08121e-06	4.40332e-07	1.79055e-08	
OG0002611	1.81402e-08	6.4151e-08	1.19329e-08	
OG0002612	1.0771e-06	4.33283e-07	1.80044e-08	
OG0002613	3.84083e-07	2.24725e-07	1.68107e-08	
OG0002614	1.0771e-06	4.33283e-07	1.80044e-08	
OG0002615	1.54151e-09	2.19344e-08	8.45268e-09	
OG0002616	2.41679e-11	2.93415e-09	5.02211e-09	
OG0002617	1.66912e-12	1.00248e-09	5.32296e-09	
OG0002618	1.36353e-09	1.68547e-08	7.19791e-09	
OG0002620	2.84234e-06	7.08323e-07	2.34254e-08	
OG0002621	1.36353e-09	1.68547e-08	7.19791e-09	
OG0002622	2.80681e-12	2.81485e-10	5.27382e-10	
OG0002623	7.57836e-11	3.64627e-10	2.30021e-10	
OG0002626	1.2043e-08	5.00949e-08	1.17798e-08	
OG0002627	1.36353e-09	1.68547e-08	7.19791e-09	
OG0002628	3.08608e-11	5.55424e-10	2.77152e-10	
OG0002633	4.30086e-07	2.51393e-07	2.04173e-08	
OG0002634	4.24164e-09	1.24871e-08	2.94122e-09	
OG0002635	2.82203e-11	5.02324e-10	2.71411e-10	
OG0002636	1.37375e-11	1.66552e-10	1.22709e-10	
OG0002638	1.81402e-08	6.4151e-08	1.19329e-08	
OG0002640	4.1003e-10	7.39619e-09	3.5817e-09	
OG0002641	3.84083e-07	2.24725e-07	1.68107e-08	
OG0002642	1.54151e-09	2.19344e-08	8.45268e-09	
OG0002645	4.31258e-08	9.21895e-08	1.34421e-08	
OG0002649	1.19508e-08	4.68797e-08	1.067e-08	
OG0002650	1.54151e-09	2.19344e-08	8.45268e-09	
OG0002651	1.36353e-09	1.68547e-08	7.19791e-09	
OG0002652	1.6151e-09	2.19651e-08	8.31974e-09	
OG0002655	7.57059e-14	2.0605e-10	2.73157e-09	
OG0002656	1.54151e-09	2.19344e-08	8.45268e-09	
OG0002657	2.30849e-07	1.73022e-07	1.56646e-08	
OG0002658	2.30849e-07	1.73022e-07	1.56646e-08	
OG0002659	7.26734e-09	2.12905e-08	3.89021e-09	
OG0002660	2.94578e-11	5.48278e-10	2.65919e-10	
OG0002661	1.70939e-09	2.58711e-08	8.84107e-09	
OG0002662	1.66613e-08	7.53514e-08	1.28496e-08	
OG0002663	1.81402e-08	6.4151e-08	1.19329e-08	
OG0002664	2.19465e-09	3.39992e-09	7.87313e-10	
OG0002665	1.85579e-10	3.07213e-09	1.90735e-09	
OG0002666	1.73799e-08	3.41009e-08	5.30013e-09	
OG0002667	1.48998e-08	5.76317e-08	1.21016e-08	
OG0002669	2.69735e-07	1.02338e-07	1.37356e-08	
OG0002671	4.84224e-07	2.78258e-07	1.85625e-08	
OG0002672	2.07638e-07	1.49422e-07	1.57332e-08	
OG0002673	9.80492e-08	3.58541e-08	4.28679e-09	
OG0002675	4.06551e-12	1.19415e-10	1.085e-10	
OG0002676	1.54151e-09	2.19344e-08	8.45268e-09	
OG0002677	1.27439e-11	2.71078e-11	1.22419e-11	
OG0002679	1.81402e-08	6.4151e-08	1.19329e-08	
OG0002680	1.36353e-09	1.68547e-08	7.19791e-09	
OG0002681	4.62194e-11	1.25334e-09	9.55101e-10	
OG0002683	1.27716e-09	1.12479e-08	5.78809e-09	
OG0002684	1.09599e-12	2.91976e-10	8.04706e-10	
OG0002685	1.66613e-08	7.53514e-08	1.28496e-08	
OG0002686	1.54398e-08	7.25056e-08	1.26844e-08	
OG0002687	1.03819e-08	4.79972e-08	9.11454e-09	
OG0002689	9.09985e-11	4.2229e-10	1.60406e-10	
OG0002690	2.91307e-07	1.80642e-07	1.56587e-08	
OG0002692	1.6151e-09	2.19651e-08	8.31974e-09	
OG0002693	1.54151e-09	2.19344e-08	8.45268e-09	
OG0002694	3.66584e-13	4.5618e-12	2.94618e-12	
OG0002695	2.41679e-11	2.93415e-09	5.02211e-09	
OG0002696	2.62613e-08	1.01091e-07	1.64727e-08	
OG0002698	1.66613e-08	7.53514e-08	1.28496e-08	
OG0002699	2.04831e-06	5.34895e-07	1.79348e-08	
OG0002700	3.14034e-14	1.92042e-10	5.15947e-09	
OG0002701	1.81402e-08	6.4151e-08	1.19329e-08	
OG0002702	1.66613e-08	7.53514e-08	1.28496e-08	
OG0002703	1.6151e-09	2.19651e-08	8.31974e-09	
OG0002704	1.2043e-08	5.00949e-08	1.17798e-08	
OG0002705	1.30746e-07	4.34345e-08	4.51196e-09	
OG0002706	2.41679e-11	2.93415e-09	5.02211e-09	
OG0002707	7.39952e-10	1.4891e-09	4.021e-10	
OG0002708	4.13744e-09	2.48271e-08	1.50952e-08	
OG0002709	1.54151e-09	2.19344e-08	8.45268e-09	
OG0002710	1.00142e-10	3.23812e-10	1.05223e-10	
OG0002711	2.91307e-07	1.80642e-07	1.56587e-08	
OG0002712	1.87726e-07	6.35386e-08	5.41205e-09	
OG0002713	1.08709e-08	4.71239e-08	1.14731e-08	
OG0002716	1.46741e-11	9.1267e-11	4.78684e-11	
OG0002717	1.54151e-09	2.19344e-08	8.45268e-09	
OG0002718	1.03819e-08	4.79972e-08	9.11454e-09	
OG0002719	1.81402e-08	6.4151e-08	1.19329e-08	
OG0002720	2.70582e-10	1.28376e-09	3.54626e-10	
OG0002721	4.21605e-11	1.47593e-09	9.78621e-10	
OG0002722	1.96834e-08	7.05582e-08	1.20935e-08	
OG0002723	2.62613e-08	1.01091e-07	1.64727e-08	
OG0002724	1.19508e-08	4.68797e-08	1.067e-08	
OG0002725	2.04831e-06	5.34895e-07	1.79348e-08	
OG0002726	1.54151e-09	2.19344e-08	8.45268e-09	
OG0002727	1.36353e-09	1.68547e-08	7.19791e-09	
OG0002728	5.99118e-07	2.18458e-07	1.72799e-08	
OG0002729	1.0444e-08	8.24119e-08	1.80733e-08	
OG0002730	2.88521e-11	8.70513e-10	8.26387e-10	
OG0002731	1.54151e-09	2.19344e-08	8.45268e-09	
OG0002732	1.54151e-09	2.19344e-08	8.45268e-09	
OG0002733	1.66613e-08	7.53514e-08	1.28496e-08	
OG0002734	1.54151e-09	2.19344e-08	8.45268e-09	
OG0002735	1.68297e-08	6.48892e-08	1.1123e-08	
OG0002737	1.19508e-08	4.68797e-08	1.067e-08	
OG0002740	1.49863e-11	4.10462e-10	2.8243e-10	
OG0002741	1.66613e-08	7.53514e-08	1.28496e-08	
OG0002744	1.81402e-08	6.4151e-08	1.19329e-08	
OG0002745	1.19508e-08	4.68797e-08	1.067e-08	
OG0002746	1.19508e-08	4.68797e-08	1.067e-08	
OG0002747	2.25777e-10	4.27787e-09	2.21907e-09	
OG0002748	1.2043e-08	5.00949e-08	1.17798e-08	
OG0002751	1.0605e-13	1.66293e-12	1.97041e-12	
OG0002752	2.04831e-06	5.34895e-07	1.79348e-08	
OG0002753	2.41679e-11	2.93415e-09	5.02211e-09	
OG0002754	2.80681e-12	2.81485e-10	5.27382e-10	
OG0002755	3.00223e-11	3.37671e-09	7.41002e-09	
OG0002756	2.80681e-12	2.81485e-10	5.27382e-10	
OG0002757	1.81402e-08	6.4151e-08	1.19329e-08	
OG0002759	1.57389e-09	2.44261e-08	8.23602e-09	
OG0002761	1.4016e-13	2.96765e-10	5.35288e-09	
OG0002762	1.18775e-11	7.77504e-10	2.34294e-09	
OG0002763	1.76917e-13	3.28309e-10	5.24222e-09	
OG0002764	3.22796e-11	4.17035e-09	1.51309e-08	
OG0002765	1.41012e-08	5.99861e-08	1.15577e-08	
OG0002767	2.25567e-11	2.57964e-09	4.22486e-09	
OG0002775	3.19129e-14	1.47114e-10	2.94043e-09	
OG0002778	1.37386e-17	2.29466e-12	5.52678e-10	
OG0002779	1.13539e-19	2.43915e-13	3.29479e-10	
OG0002787	1.13874e-15	6.48152e-11	7.65245e-09	
OG0002801	1.24212e-07	2.09229e-07	2.39485e-08	
OG0002802	3.48291e-07	1.53035e-07	1.30757e-08	
OG0002805	1.94482e-10	8.36507e-09	8.4508e-09	
OG0002809	2.68235e-08	7.05344e-08	1.83455e-08	
OG0002810	1.35599e-07	2.17896e-07	2.42371e-08	
OG0002812	1.30798e-08	8.14805e-08	1.57173e-08	
OG0002814	2.14858e-10	1.4697e-09	4.39244e-10	
OG0002817	1.2765e-07	2.2085e-07	2.49306e-08	
OG0002818	2.14858e-10	1.4697e-09	4.39244e-10	
OG0002820	7.1984e-12	2.08911e-10	2.81326e-10	
OG0002821	6.9899e-10	1.45933e-09	3.07228e-10	
OG0002824	1.07277e-07	1.94586e-07	2.06216e-08	
OG0002825	1.46979e-07	2.3082e-07	2.20464e-08	
OG0002827	1.17947e-08	6.48637e-08	1.39312e-08	
OG0002828	2.36725e-09	4.89893e-09	5.66213e-10	
OG0002831	4.3851e-06	1.00751e-06	2.6538e-08	
OG0002832	1.1126e-07	1.65038e-07	1.82256e-08	
OG0002833	4.48855e-10	1.50198e-09	3.76371e-10	
OG0002834	1.07511e-07	1.66518e-07	1.7512e-08	
OG0002835	1.43933e-09	2.64766e-08	1.32717e-08	
OG0002836	1.24558e-08	6.54299e-08	1.3752e-08	
OG0002837	7.90558e-08	1.28752e-07	1.69766e-08	
OG0002838	1.20934e-09	2.67043e-09	5.1238e-10	
OG0002840	2.1018e-08	4.28257e-08	5.10808e-09	
OG0002841	9.90928e-14	2.46084e-10	4.59583e-09	
OG0002842	1.50193e-09	3.11958e-09	5.20585e-10	
OG0002843	4.3851e-06	1.00751e-06	2.6538e-08	
OG0002844	4.82675e-12	1.3384e-09	7.23249e-09	
OG0002845	1.66514e-10	8.95133e-09	8.36559e-09	
OG0002846	1.06995e-07	1.18086e-07	1.18198e-08	
OG0002847	7.90558e-08	1.28752e-07	1.69766e-08	
OG0002848	1.02927e-07	1.92957e-07	2.08463e-08	
OG0002849	7.40592e-10	2.19224e-08	1.34462e-08	
OG0002850	1.17947e-08	6.48637e-08	1.39312e-08	
OG0002851	8.14244e-08	1.18034e-07	2.11183e-08	
OG0002852	8.03e-12	1.13584e-10	4.95313e-11	
OG0002854	4.3851e-06	1.00751e-06	2.6538e-08	
OG0002856	1.02927e-07	1.92957e-07	2.08463e-08	
OG0002857	1.24558e-08	6.54299e-08	1.3752e-08	
OG0002858	1.57105e-06	4.13316e-07	2.43301e-08	
OG0002859	1.49036e-09	3.4256e-09	6.95664e-10	
OG0002860	1.07511e-07	1.66518e-07	1.7512e-08	
OG0002861	6.22254e-10	1.44676e-08	1.60174e-08	
OG0002862	1.63476e-06	4.52909e-07	2.88365e-08	
OG0002863	1.37508e-06	3.5073e-07	2.2512e-08	
OG0002864	1.1126e-07	1.65038e-07	1.82256e-08	
OG0002865	1.24558e-08	6.54299e-08	1.3752e-08	
OG0002866	1.62969e-06	4.28051e-07	2.43317e-08	
OG0002867	1.17947e-08	6.48637e-08	1.39312e-08	
OG0002868	9.58522e-08	1.86867e-07	2.0648e-08	
OG0002869	1.64294e-10	1.5127e-09	5.4834e-10	
OG0002871	1.23244e-08	2.98875e-08	5.11043e-09	
OG0002872	1.1126e-07	1.65038e-07	1.82256e-08	
OG0002873	1.02927e-07	1.92957e-07	2.08463e-08	
OG0002874	3.72541e-08	1.32315e-07	1.89305e-08	
OG0002875	2.28622e-10	1.49354e-09	4.3489e-10	
OG0002876	1.55504e-06	4.3044e-07	2.47626e-08	
OG0002877	1.17947e-08	6.48637e-08	1.39312e-08	
OG0002878	1.46979e-07	2.3082e-07	2.20464e-08	
OG0002879	1.17947e-08	6.48637e-08	1.39312e-08	
OG0002880	1.02927e-07	1.92957e-07	2.08463e-08	
OG0002884	3.72541e-08	1.32315e-07	1.89305e-08	
OG0002885	1.02927e-07	1.92957e-07	2.08463e-08	
OG0002886	1.65854e-10	4.00654e-09	3.0982e-09	
OG0002887	2.77571e-10	3.37441e-09	1.39648e-09	
OG0002888	1.57105e-06	4.13316e-07	2.43301e-08	
OG0002890	1.17947e-08	6.48637e-08	1.39312e-08	
OG0002891	1.09244e-08	5.24014e-08	1.22199e-08	
OG0002892	1.8885e-10	8.93204e-09	8.54531e-09	
OG0002893	1.26571e-10	2.64654e-10	1.54546e-10	
OG0002894	1.8885e-10	8.93204e-09	8.54531e-09	
OG0002895	2.33586e-08	6.27412e-08	2.3482e-08	
OG0002896	1.55926e-09	1.12446e-08	3.50974e-09	
OG0002897	1.37508e-06	3.5073e-07	2.2512e-08	
OG0002898	1.1126e-07	1.65038e-07	1.82256e-08	
OG0002902	1.1126e-07	1.65038e-07	1.82256e-08	
OG0002903	1.57105e-06	4.13316e-07	2.43301e-08	
OG0002904	1.07277e-07	1.94586e-07	2.06216e-08	
OG0002905	1.02927e-07	1.92957e-07	2.08463e-08	
OG0002906	1.17947e-08	6.48637e-08	1.39312e-08	
OG0002907	1.07511e-07	1.66518e-07	1.7512e-08	
OG0002908	1.24558e-08	6.54299e-08	1.3752e-08	
OG0002910	1.32405e-06	3.8261e-07	2.69763e-08	
OG0002912	1.17947e-08	6.48637e-08	1.39312e-08	
OG0002913	1.24558e-08	6.54299e-08	1.3752e-08	
OG0002914	7.89721e-10	1.9897e-09	3.43454e-10	
OG0002915	1.1126e-07	1.65038e-07	1.82256e-08	
OG0002916	2.40847e-09	3.96341e-08	1.79207e-08	
OG0002917	7.90558e-08	1.28752e-07	1.69766e-08	
OG0002918	1.087e-08	6.33381e-08	1.21577e-08	
OG0002919	5.34441e-08	1.09968e-07	1.40545e-08	
OG0002920	1.45219e-06	4.22921e-07	2.82292e-08	
OG0002921	1.55926e-09	1.12446e-08	3.50974e-09	
OG0002922	2.24891e-11	8.76532e-10	9.0352e-10	
OG0002923	8.21153e-09	1.99833e-08	4.35034e-09	
OG0002926	1.17947e-08	6.48637e-08	1.39312e-08	
OG0002927	2.19766e-09	3.30973e-09	4.0745e-10	
OG0002928	1.12221e-08	2.39293e-08	4.14488e-09	
OG0002929	1.17947e-08	6.48637e-08	1.39312e-08	
OG0002930	1.46979e-07	2.3082e-07	2.20464e-08	
OG0002931	3.72732e-11	8.2013e-11	2.03083e-11	
OG0002932	1.1126e-07	1.65038e-07	1.82256e-08	
OG0002934	5.90177e-13	6.35873e-10	4.81775e-09	
OG0002935	1.93813e-06	4.83773e-07	2.57168e-08	
OG0002936	9.58522e-08	1.86867e-07	2.0648e-08	
OG0002938	1.17947e-08	6.48637e-08	1.39312e-08	
OG0002939	1.17947e-08	6.48637e-08	1.39312e-08	
OG0002940	6.70047e-12	2.08489e-09	7.66985e-09	
OG0002941	1.07511e-07	1.66518e-07	1.7512e-08	
OG0002943	2.27724e-08	5.18051e-08	1.18353e-08	
OG0002944	2.08637e-10	7.54727e-09	1.21537e-08	
OG0002945	1.24558e-08	6.54299e-08	1.3752e-08	
OG0002946	1.20934e-09	2.67043e-09	5.1238e-10	
OG0002947	4.78318e-08	1.61876e-07	2.3723e-08	
OG0002948	1.08235e-07	2.18917e-07	2.52148e-08	
OG0002950	2.70762e-08	6.68011e-08	1.61924e-08	
OG0002951	9.53968e-10	1.65276e-08	1.09833e-08	
OG0002952	1.43933e-09	2.64766e-08	1.32717e-08	
OG0002953	1.087e-08	6.33381e-08	1.21577e-08	
OG0002954	2.81931e-11	1.34534e-09	1.10985e-09	
OG0002955	2.15753e-10	5.23743e-10	1.42664e-10	
OG0002956	9.88106e-09	1.13592e-08	2.16904e-09	
OG0002957	1.39898e-09	2.58807e-08	1.44088e-08	
OG0002958	1.63135e-09	2.581e-08	1.24737e-08	
OG0002959	1.06995e-07	1.18086e-07	1.18198e-08	
OG0002960	1.02927e-07	1.92957e-07	2.08463e-08	
OG0002961	2.35805e-08	6.69386e-08	1.1859e-08	
OG0002962	1.08235e-07	2.18917e-07	2.52148e-08	
OG0002964	1.02927e-07	1.92957e-07	2.08463e-08	
OG0002966	8.26509e-08	1.41824e-07	1.93231e-08	
OG0002967	1.02927e-07	1.92957e-07	2.08463e-08	
OG0002968	1.17947e-08	6.48637e-08	1.39312e-08	
OG0002969	1.42584e-06	4.14128e-07	2.44655e-08	
OG0002970	1.05037e-08	2.77384e-08	5.67325e-09	
OG0002971	7.90558e-08	1.28752e-07	1.69766e-08	
OG0002972	1.17947e-08	6.48637e-08	1.39312e-08	
OG0002973	1.09244e-08	5.24014e-08	1.22199e-08	
OG0002974	7.90558e-08	1.28752e-07	1.69766e-08	
OG0002975	1.72172e-06	4.52448e-07	2.52203e-08	
OG0002976	1.17947e-08	6.48637e-08	1.39312e-08	
OG0002977	1.59768e-08	3.28891e-08	5.20603e-09	
OG0002980	5.92984e-08	1.96857e-07	2.55518e-08	
OG0002981	1.17947e-08	6.48637e-08	1.39312e-08	
OG0002982	1.23244e-08	2.98875e-08	5.11043e-09	
OG0002983	1.02927e-07	1.92957e-07	2.08463e-08	
OG0002984	1.09244e-08	5.24014e-08	1.22199e-08	
OG0002985	1.17947e-08	6.48637e-08	1.39312e-08	
OG0002986	1.8885e-10	8.93204e-09	8.54531e-09	
OG0002987	1.2765e-07	2.2085e-07	2.49306e-08	
OG0002988	2.64735e-11	1.52987e-09	2.26088e-09	
OG0002989	9.01427e-10	1.49313e-08	8.97884e-09	
OG0002990	2.15708e-08	6.57581e-08	1.63541e-08	
OG0002991	1.14303e-11	4.51635e-11	1.49519e-11	
OG0002992	4.37351e-09	1.21657e-09	1.25654e-10	
OG0002993	1.06344e-10	5.27151e-10	1.55902e-10	
OG0002994	1.17947e-08	6.48637e-08	1.39312e-08	
OG0002995	1.24558e-08	6.54299e-08	1.3752e-08	
OG0002997	2.08556e-09	4.2823e-09	6.67513e-10	
OG0002998	1.59262e-09	5.58858e-09	1.47325e-09	
OG0002999	1.63087e-11	2.78161e-09	6.33973e-09	
OG0003000	1.17947e-08	6.48637e-08	1.39312e-08	
OG0003001	7.90558e-08	1.28752e-07	1.69766e-08	
OG0003002	1.20934e-09	2.67043e-09	5.1238e-10	
OG0003003	1.24186e-09	3.39338e-09	7.07894e-10	
OG0003004	1.12221e-08	2.39293e-08	4.14488e-09	
OG0003005	1.82159e-07	1.03471e-07	8.0969e-09	
OG0003006	7.19808e-08	1.32472e-07	1.52036e-08	
OG0003008	1.12403e-09	2.71508e-09	4.80265e-10	
OG0003011	5.90426e-08	7.41802e-08	8.02902e-09	
OG0003012	1.08235e-07	2.18917e-07	2.52148e-08	
OG0003013	2.08097e-09	3.55346e-08	1.69915e-08	
OG0003014	8.26509e-08	1.41824e-07	1.93231e-08	
OG0003015	1.94482e-10	8.36507e-09	8.4508e-09	
OG0003016	9.45686e-10	1.7177e-08	1.66053e-08	
OG0003017	7.90558e-08	1.28752e-07	1.69766e-08	
OG0003018	1.24186e-09	3.39338e-09	7.07894e-10	
OG0003021	5.72333e-11	4.37979e-10	1.60474e-10	
OG0003022	1.17947e-08	6.48637e-08	1.39312e-08	
OG0003023	1.57105e-06	4.13316e-07	2.43301e-08	
OG0003024	9.58522e-08	1.86867e-07	2.0648e-08	
OG0003025	1.24558e-08	6.54299e-08	1.3752e-08	
OG0003026	4.24066e-06	9.8533e-07	2.68094e-08	
OG0003027	1.55504e-06	4.3044e-07	2.47626e-08	
OG0003028	9.33811e-14	9.49491e-12	2.33489e-11	
OG0003029	2.14858e-10	1.4697e-09	4.39244e-10	
OG0003031	1.02927e-07	1.92957e-07	2.08463e-08	
OG0003032	2.76065e-08	6.43851e-08	2.48822e-08	
OG0003033	1.02927e-07	1.92957e-07	2.08463e-08	
OG0003034	1.6607e-08	6.54577e-09	7.08699e-10	
OG0003035	1.14461e-09	4.05279e-10	7.04762e-11	
OG0003036	1.07511e-07	1.66518e-07	1.7512e-08	
OG0003037	6.21311e-09	3.86743e-08	2.04274e-08	
OG0003038	1.1126e-07	1.65038e-07	1.82256e-08	
OG0003039	2.14275e-07	2.1139e-07	1.93249e-08	
OG0003040	2.71368e-08	7.22437e-08	1.94013e-08	
OG0003041	1.1785e-07	2.12212e-07	2.46217e-08	
OG0003042	1.43933e-09	2.64766e-08	1.32717e-08	
OG0003043	1.55504e-06	4.3044e-07	2.47626e-08	
OG0003044	2.51264e-08	1.4241e-07	2.32057e-08	
OG0003045	1.57105e-06	4.13316e-07	2.43301e-08	
OG0003046	1.55504e-06	4.3044e-07	2.47626e-08	
OG0003047	1.17947e-08	6.48637e-08	1.39312e-08	
OG0003048	1.35599e-07	2.17896e-07	2.42371e-08	
OG0003049	7.90558e-08	1.28752e-07	1.69766e-08	
OG0003050	2.18885e-06	5.46014e-07	2.68171e-08	
OG0003051	1.57105e-06	4.13316e-07	2.43301e-08	
OG0003054	1.78971e-06	4.56535e-07	2.84026e-08	
OG0003055	1.57105e-06	4.13316e-07	2.43301e-08	
OG0003056	1.17947e-08	6.48637e-08	1.39312e-08	
OG0003057	1.087e-08	6.33381e-08	1.21577e-08	
OG0003059	1.93813e-06	4.83773e-07	2.57168e-08	
OG0003060	1.07511e-07	1.66518e-07	1.7512e-08	
OG0003062	6.20243e-10	2.82412e-09	6.08341e-10	
OG0003063	1.08235e-07	2.18917e-07	2.52148e-08	
OG0003064	1.24558e-08	6.54299e-08	1.3752e-08	
OG0003065	1.55926e-09	1.12446e-08	3.50974e-09	
OG0003066	1.55926e-09	1.12446e-08	3.50974e-09	
OG0003067	1.02927e-07	1.92957e-07	2.08463e-08	
OG0003068	2.54244e-11	1.14063e-09	1.06099e-09	
OG0003069	7.90558e-08	1.28752e-07	1.69766e-08	
OG0003070	1.57105e-06	4.13316e-07	2.43301e-08	
OG0003071	1.17947e-08	6.48637e-08	1.39312e-08	
OG0003072	1.02927e-07	1.92957e-07	2.08463e-08	
OG0003073	1.17871e-07	1.8574e-07	1.96172e-08	
OG0003074	1.07277e-07	1.94586e-07	2.06216e-08	
OG0003075	1.37508e-06	3.5073e-07	2.2512e-08	
OG0003076	1.30074e-10	3.30535e-09	2.84132e-09	
OG0003077	1.16872e-07	2.05383e-07	2.10517e-08	
OG0003078	6.75937e-10	3.05091e-09	7.18098e-10	
OG0003079	1.17947e-08	6.48637e-08	1.39312e-08	
OG0003081	1.02927e-07	1.92957e-07	2.08463e-08	
OG0003082	2.54244e-11	1.14063e-09	1.06099e-09	
OG0003083	1.6025e-07	2.2191e-07	5.08345e-08	
OG0003084	6.15166e-18	3.1327e-14	5.44306e-12	
OG0003088	1.91961e-11	4.71777e-10	3.62514e-10	
OG0003089	1.35113e-11	3.07074e-09	1.0771e-08	
OG0003091	1.77123e-10	7.8936e-09	7.20598e-09	
OG0003092	1.35113e-11	3.07074e-09	1.0771e-08	
OG0003093	9.98717e-08	1.52417e-07	1.59788e-08	
OG0003095	8.18753e-11	1.03579e-08	2.2816e-08	
OG0003096	1.35113e-11	3.07074e-09	1.0771e-08	
OG0003098	1.00807e-07	1.73486e-07	1.8644e-08	
OG0003099	1.68026e-10	7.95004e-09	6.58199e-09	
OG0003101	1.68026e-10	7.95004e-09	6.58199e-09	
OG0003102	5.25997e-11	7.67684e-09	1.77123e-08	
OG0003103	1.2028e-09	2.254e-08	1.12216e-08	
OG0003104	3.14119e-12	1.91508e-09	1.56981e-08	
OG0003108	5.99792e-20	4.83763e-15	6.38784e-13	
OG0003138	4.09998e-16	4.76487e-11	1.37563e-08	
OG0003145	9.33113e-17	2.41747e-11	9.61995e-09	
OG0003148	4.98453e-07	3.44535e-07	2.6378e-08	
OG0003150	1.31873e-10	1.37948e-09	6.97843e-10	
OG0003151	1.57466e-07	1.23134e-07	8.66917e-09	
OG0003152	3.81642e-07	3.14544e-07	2.60473e-08	
OG0003153	1.47427e-09	2.70954e-08	1.43887e-08	
OG0003154	1.62001e-06	5.32722e-07	2.90742e-08	
OG0003157	8.752e-08	1.6264e-07	2.05238e-08	
OG0003158	6.81406e-08	1.58777e-07	2.21216e-08	
OG0003160	9.58716e-08	1.93702e-07	2.23859e-08	
OG0003161	6.51385e-06	8.26109e-07	3.66088e-08	
OG0003162	1.17548e-08	3.23285e-08	5.54056e-09	
OG0003163	4.98453e-07	3.44535e-07	2.6378e-08	
OG0003164	9.66321e-08	1.95132e-07	2.14117e-08	
OG0003165	5.80708e-11	6.44789e-09	1.41997e-08	
OG0003166	4.98453e-07	3.44535e-07	2.6378e-08	
OG0003167	4.98453e-07	3.44535e-07	2.6378e-08	
OG0003168	6.51385e-06	8.26109e-07	3.66088e-08	
OG0003169	8.21926e-08	1.89911e-07	2.23216e-08	
OG0003171	5.66727e-07	3.83317e-07	2.65247e-08	
OG0003172	5.55053e-11	5.95823e-09	1.36879e-08	
OG0003173	3.84925e-11	5.73829e-09	1.35964e-08	
OG0003174	2.94434e-09	3.05031e-08	2.35439e-08	
OG0003176	9.58716e-08	1.93702e-07	2.23859e-08	
OG0003177	2.63607e-10	8.58586e-10	1.97673e-10	
OG0003179	4.72953e-11	1.19127e-09	1.02896e-09	
OG0003180	1.47427e-09	2.70954e-08	1.43887e-08	
OG0003181	4.60466e-13	5.64997e-10	1.01e-08	
OG0003183	5.80216e-07	4.68133e-07	3.31469e-08	
OG0003185	8.9995e-08	1.90403e-07	2.26009e-08	
OG0003186	1.22512e-07	1.40556e-07	2.79729e-08	
OG0003188	6.76838e-09	8.14279e-09	9.91349e-10	
OG0003189	6.51385e-06	8.26109e-07	3.66088e-08	
OG0003190	1.11428e-10	1.25113e-09	7.5857e-10	
OG0003191	4.98453e-07	3.44535e-07	2.6378e-08	
OG0003192	1.49801e-09	5.22764e-09	1.27884e-09	
OG0003194	1.22762e-07	2.59006e-07	3.0748e-08	
OG0003196	1.56366e-08	4.24239e-08	7.73681e-09	
OG0003197	1.835e-09	8.58215e-09	2.28809e-09	
OG0003198	6.78514e-09	6.94456e-09	7.7834e-10	
OG0003199	6.22282e-07	4.03674e-07	2.68468e-08	
OG0003200	1.20355e-08	3.26753e-08	5.27992e-09	
OG0003201	1.69748e-09	1.00318e-08	2.61726e-09	
OG0003202	8.9995e-08	1.90403e-07	2.26009e-08	
OG0003203	4.76551e-07	4.12472e-07	3.14348e-08	
OG0003204	8.76602e-08	1.89997e-07	2.05676e-08	
OG0003205	8.752e-08	1.6264e-07	2.05238e-08	
OG0003207	8.9995e-08	1.90403e-07	2.26009e-08	
OG0003208	5.19638e-08	5.21684e-08	6.10147e-09	
OG0003210	1.56366e-08	4.24239e-08	7.73681e-09	
OG0003211	2.49017e-07	3.58182e-07	3.13814e-08	
OG0003212	4.98453e-07	3.44535e-07	2.6378e-08	
OG0003214	1.50853e-07	3.17111e-07	3.48107e-08	
OG0003215	4.98453e-07	3.44535e-07	2.6378e-08	
OG0003216	4.74001e-07	3.546e-07	2.51081e-08	
OG0003217	3.61612e-13	8.41232e-10	1.2677e-08	
OG0003219	9.03423e-09	6.95768e-08	2.20649e-08	
OG0003220	2.49017e-07	3.58182e-07	3.13814e-08	
OG0003221	9.76445e-09	8.10828e-08	2.70999e-08	
OG0003222	6.51385e-06	8.26109e-07	3.66088e-08	
OG0003223	7.004e-09	4.72496e-09	6.54774e-10	
OG0003224	1.67577e-09	4.33087e-09	6.77515e-10	
OG0003225	6.22282e-07	4.03674e-07	2.68468e-08	
OG0003226	5.94985e-07	4.34904e-07	3.58137e-08	
OG0003227	6.51385e-06	8.26109e-07	3.66088e-08	
OG0003228	7.91115e-06	9.1598e-07	3.75441e-08	
OG0003231	8.9995e-08	1.90403e-07	2.26009e-08	
OG0003232	6.01984e-10	1.48935e-08	1.36174e-08	
OG0003233	4.74001e-07	3.546e-07	2.51081e-08	
OG0003234	5.80216e-07	4.68133e-07	3.31469e-08	
OG0003236	1.63044e-09	4.26055e-09	6.96472e-10	
OG0003238	9.58716e-08	1.93702e-07	2.23859e-08	
OG0003239	1.55939e-09	2.62364e-08	1.45779e-08	
OG0003240	6.51385e-06	8.26109e-07	3.66088e-08	
OG0003241	4.74001e-07	3.546e-07	2.51081e-08	
OG0003242	1.62001e-06	5.32722e-07	2.90742e-08	
OG0003244	3.13045e-08	5.82743e-08	7.8403e-09	
OG0003246	4.83119e-08	5.20554e-08	6.05207e-09	
OG0003247	1.23022e-06	4.26222e-07	2.77467e-08	
OG0003248	4.98453e-07	3.44535e-07	2.6378e-08	
OG0003250	1.77945e-10	4.02208e-09	2.76966e-09	
OG0003251	1.56366e-08	4.24239e-08	7.73681e-09	
OG0003252	5.80216e-07	4.68133e-07	3.31469e-08	
OG0003254	4.98453e-07	3.44535e-07	2.6378e-08	
OG0003255	1.47427e-09	2.70954e-08	1.43887e-08	
OG0003256	1.1872e-09	6.88972e-09	1.91025e-09	
OG0003257	8.9995e-08	1.90403e-07	2.26009e-08	
OG0003258	1.48284e-06	5.0987e-07	2.88509e-08	
OG0003259	1.09303e-09	1.10309e-08	5.52679e-09	
OG0003261	8.752e-08	1.6264e-07	2.05238e-08	
OG0003262	1.47427e-09	2.70954e-08	1.43887e-08	
OG0003263	8.9995e-08	1.90403e-07	2.26009e-08	
OG0003264	5.35054e-07	2.76406e-07	1.86015e-08	
OG0003265	6.00652e-12	2.92119e-09	1.81199e-08	
OG0003266	1.11277e-08	3.11778e-08	5.47063e-09	
OG0003267	4.98453e-07	3.44535e-07	2.6378e-08	
OG0003269	8.9995e-08	1.90403e-07	2.26009e-08	
OG0003272	2.49017e-07	3.58182e-07	3.13814e-08	
OG0003273	6.22282e-07	4.03674e-07	2.68468e-08	
OG0003274	4.98453e-07	3.44535e-07	2.6378e-08	
OG0003275	1.97051e-10	4.77893e-09	3.68734e-09	
OG0003276	4.74001e-07	3.546e-07	2.51081e-08	
OG0003278	4.98453e-07	3.44535e-07	2.6378e-08	
OG0003279	4.74001e-07	3.546e-07	2.51081e-08	
OG0003280	8.9995e-08	1.90403e-07	2.26009e-08	
OG0003281	1.23216e-09	2.18974e-08	1.03879e-08	
OG0003284	2.13545e-09	5.513e-09	9.72649e-10	
OG0003286	4.98453e-07	3.44535e-07	2.6378e-08	
OG0003290	8.9995e-08	1.90403e-07	2.26009e-08	
OG0003291	6.76838e-09	8.14279e-09	9.91349e-10	
OG0003292	2.11828e-10	4.76244e-09	3.84448e-09	
OG0003294	2.50628e-11	1.01595e-09	1.01664e-09	
OG0003295	4.98453e-07	3.44535e-07	2.6378e-08	
OG0003296	9.67385e-12	4.32592e-10	5.27433e-10	
OG0003297	6.22282e-07	4.03674e-07	2.68468e-08	
OG0003298	6.99215e-09	6.84655e-09	7.68348e-10	
OG0003299	9.5069e-09	9.02442e-09	1.01362e-09	
OG0003301	5.97183e-07	4.72834e-07	3.24673e-08	
OG0003303	2.02991e-07	1.37945e-07	8.967e-09	
OG0003304	4.98453e-07	3.44535e-07	2.6378e-08	
OG0003305	2.49017e-07	3.58182e-07	3.13814e-08	
OG0003306	8.9995e-08	1.90403e-07	2.26009e-08	
OG0003307	1.30386e-09	6.69521e-09	2.13117e-09	
OG0003308	1.08733e-08	7.71116e-08	2.58382e-08	
OG0003309	4.98453e-07	3.44535e-07	2.6378e-08	
OG0003312	4.98453e-07	3.44535e-07	2.6378e-08	
OG0003313	3.53402e-09	1.09929e-08	2.42628e-09	
OG0003314	2.56458e-08	2.23786e-08	3.10931e-09	
OG0003315	8.9995e-08	1.90403e-07	2.26009e-08	
OG0003316	8.15395e-07	4.30619e-07	2.70293e-08	
OG0003318	8.9995e-08	1.90403e-07	2.26009e-08	
OG0003319	9.5069e-09	9.02442e-09	1.01362e-09	
OG0003320	4.74001e-07	3.546e-07	2.51081e-08	
OG0003321	4.98453e-07	3.44535e-07	2.6378e-08	
OG0003322	6.51385e-06	8.26109e-07	3.66088e-08	
OG0003323	9.58716e-08	1.93702e-07	2.23859e-08	
OG0003324	1.74438e-07	1.74088e-07	1.33268e-08	
OG0003325	8.9995e-08	1.90403e-07	2.26009e-08	
OG0003326	4.98453e-07	3.44535e-07	2.6378e-08	
OG0003328	6.22282e-07	4.03674e-07	2.68468e-08	
OG0003329	9.5069e-09	9.02442e-09	1.01362e-09	
OG0003330	8.9995e-08	1.90403e-07	2.26009e-08	
OG0003331	6.4812e-09	7.32937e-08	2.81896e-08	
OG0003332	1.12398e-08	4.74839e-08	2.71603e-08	
OG0003333	8.42553e-07	5.46166e-07	3.45771e-08	
OG0003334	6.22282e-07	4.03674e-07	2.68468e-08	
OG0003335	1.09641e-07	2.16503e-07	2.52825e-08	
OG0003336	8.1418e-07	5.80569e-07	3.70003e-08	
OG0003337	8.9995e-08	1.90403e-07	2.26009e-08	
OG0003338	7.91115e-06	9.1598e-07	3.75441e-08	
OG0003340	2.49017e-07	3.58182e-07	3.13814e-08	
OG0003341	1.8405e-07	1.916e-07	1.6613e-08	
OG0003342	2.67709e-07	3.83002e-07	3.68408e-08	
OG0003343	1.75221e-09	4.374e-09	6.92371e-10	
OG0003344	1.66321e-09	3.86316e-09	6.59543e-10	
OG0003345	4.98453e-07	3.44535e-07	2.6378e-08	
OG0003346	1.67747e-11	1.34698e-10	6.75554e-11	
OG0003347	3.01132e-08	5.6576e-08	7.73694e-09	
OG0003348	5.66727e-07	3.83317e-07	2.65247e-08	
OG0003349	4.04991e-12	2.23452e-09	1.05588e-08	
OG0003350	4.88637e-07	4.25921e-07	3.63549e-08	
OG0003351	6.47589e-09	8.07795e-09	9.90524e-10	
OG0003352	5.7111e-06	6.55804e-07	3.14266e-08	
OG0003353	4.30363e-07	3.27602e-07	2.78813e-08	
OG0003354	4.98453e-07	3.44535e-07	2.6378e-08	
OG0003355	1.50853e-07	3.17111e-07	3.48107e-08	
OG0003356	1.60751e-07	3.21021e-07	3.47947e-08	
OG0003357	9.58716e-08	1.93702e-07	2.23859e-08	
OG0003358	1.49579e-09	2.51486e-08	2.30468e-08	
OG0003359	3.94334e-09	7.35944e-09	9.89436e-10	
OG0003360	8.76602e-08	1.89997e-07	2.05676e-08	
OG0003361	8.9995e-08	1.90403e-07	2.26009e-08	
OG0003362	8.9995e-08	1.90403e-07	2.26009e-08	
OG0003363	3.17983e-08	7.81909e-08	2.84243e-08	
OG0003365	8.752e-08	1.6264e-07	2.05238e-08	
OG0003366	6.99215e-09	6.84655e-09	7.68348e-10	
OG0003367	6.51385e-06	8.26109e-07	3.66088e-08	
OG0003369	4.98453e-07	3.44535e-07	2.6378e-08	
OG0003370	4.98453e-07	3.44535e-07	2.6378e-08	
OG0003371	9.58716e-08	1.93702e-07	2.23859e-08	
OG0003372	4.99753e-07	4.26591e-07	3.19862e-08	
OG0003373	1.75221e-09	4.374e-09	6.92371e-10	
OG0003374	9.58716e-08	1.93702e-07	2.23859e-08	
OG0003375	8.9995e-08	1.90403e-07	2.26009e-08	
OG0003376	9.03423e-09	6.95768e-08	2.20649e-08	
OG0003377	6.09745e-09	3.79659e-08	1.21028e-08	
OG0003378	8.9995e-08	1.90403e-07	2.26009e-08	
OG0003379	1.66696e-08	8.31535e-09	8.07547e-10	
OG0003380	3.56463e-11	5.49078e-10	2.61406e-10	
OG0003381	8.9995e-08	1.90403e-07	2.26009e-08	
OG0003385	6.22282e-07	4.03674e-07	2.68468e-08	
OG0003386	7.91115e-06	9.1598e-07	3.75441e-08	
OG0003387	4.30363e-07	3.27602e-07	2.78813e-08	
OG0003388	8.42553e-07	5.46166e-07	3.45771e-08	
OG0003390	2.26547e-11	3.81741e-09	1.72353e-08	
OG0003391	8.9995e-08	1.90403e-07	2.26009e-08	
OG0003392	8.9995e-08	1.90403e-07	2.26009e-08	
OG0003395	6.63864e-19	4.74704e-16	6.15468e-15	
OG0003396	4.74001e-07	3.546e-07	2.51081e-08	
OG0003397	5.7111e-06	6.55804e-07	3.14266e-08	
OG0003398	1.21514e-09	9.78096e-10	1.32218e-10	
OG0003399	5.80216e-07	4.68133e-07	3.31469e-08	
OG0003401	8.42553e-07	5.46166e-07	3.45771e-08	
OG0003402	4.98453e-07	3.44535e-07	2.6378e-08	
OG0003403	1.47427e-09	2.70954e-08	1.43887e-08	
OG0003404	8.9995e-08	1.90403e-07	2.26009e-08	
OG0003405	6.76838e-09	8.14279e-09	9.91349e-10	
OG0003406	1.47427e-09	2.70954e-08	1.43887e-08	
OG0003408	8.04467e-08	1.65273e-07	2.12111e-08	
OG0003409	8.9995e-08	1.90403e-07	2.26009e-08	
OG0003410	4.74001e-07	3.546e-07	2.51081e-08	
OG0003411	8.752e-08	1.6264e-07	2.05238e-08	
OG0003412	1.49801e-09	5.22764e-09	1.27884e-09	
OG0003413	5.45104e-07	4.57645e-07	3.29649e-08	
OG0003414	3.23625e-09	3.21329e-08	1.52264e-08	
OG0003416	4.98453e-07	3.44535e-07	2.6378e-08	
OG0003417	8.752e-08	1.6264e-07	2.05238e-08	
OG0003418	2.08564e-07	2.10233e-07	1.73497e-08	
OG0003419	5.08681e-09	3.89463e-09	4.41899e-10	
OG0003420	3.59441e-08	4.50334e-08	6.19818e-09	
OG0003421	8.9995e-08	1.90403e-07	2.26009e-08	
OG0003422	9.58716e-08	1.93702e-07	2.23859e-08	
OG0003423	5.80216e-07	4.68133e-07	3.31469e-08	
OG0003424	8.9995e-08	1.90403e-07	2.26009e-08	
OG0003426	4.02311e-12	1.5019e-09	7.00333e-09	
OG0003428	9.03423e-09	6.95768e-08	2.20649e-08	
OG0003429	5.97183e-07	4.72834e-07	3.24673e-08	
OG0003430	1.04601e-07	2.41567e-07	3.04514e-08	
OG0003431	1.55939e-09	2.62364e-08	1.45779e-08	
OG0003434	7.03496e-06	8.6348e-07	3.69975e-08	
OG0003435	5.35054e-07	2.76406e-07	1.86015e-08	
OG0003436	6.51385e-06	8.26109e-07	3.66088e-08	
OG0003437	9.12272e-12	1.53498e-10	7.57063e-11	
OG0003438	1.17548e-08	3.23285e-08	5.54056e-09	
OG0003440	7.22322e-09	8.77917e-09	1.04453e-09	
OG0003441	6.22282e-07	4.03674e-07	2.68468e-08	
OG0003442	9.45828e-08	1.01382e-07	1.82412e-08	
OG0003443	4.74001e-07	3.546e-07	2.51081e-08	
OG0003444	6.22282e-07	4.03674e-07	2.68468e-08	
OG0003445	1.47427e-09	2.70954e-08	1.43887e-08	
OG0003446	1.47427e-09	2.70954e-08	1.43887e-08	
OG0003447	2.97187e-07	4.30515e-07	3.84724e-08	
OG0003448	6.51385e-06	8.26109e-07	3.66088e-08	
OG0003449	8.9995e-08	1.90403e-07	2.26009e-08	
OG0003451	4.74001e-07	3.546e-07	2.51081e-08	
OG0003452	7.91115e-06	9.1598e-07	3.75441e-08	
OG0003453	1.26025e-08	3.31217e-08	5.50446e-09	
OG0003454	8.9995e-08	1.90403e-07	2.26009e-08	
OG0003455	4.98453e-07	3.44535e-07	2.6378e-08	
OG0003456	8.9995e-08	1.90403e-07	2.26009e-08	
OG0003457	4.98453e-07	3.44535e-07	2.6378e-08	
OG0003458	8.752e-08	1.6264e-07	2.05238e-08	
OG0003459	4.30363e-07	3.27602e-07	2.78813e-08	
OG0003460	8.9995e-08	1.90403e-07	2.26009e-08	
OG0003461	3.5767e-07	3.00798e-07	2.70684e-08	
OG0003462	5.80216e-07	4.68133e-07	3.31469e-08	
OG0003463	6.22282e-07	4.03674e-07	2.68468e-08	
OG0003464	9.55905e-08	2.02857e-07	2.23572e-08	
OG0003465	6.51385e-06	8.26109e-07	3.66088e-08	
OG0003466	5.7111e-06	6.55804e-07	3.14266e-08	
OG0003468	8.9995e-08	1.90403e-07	2.26009e-08	
OG0003469	6.51385e-06	8.26109e-07	3.66088e-08	
OG0003470	8.9995e-08	1.90403e-07	2.26009e-08	
OG0003471	5.1139e-09	6.15183e-08	2.29867e-08	
OG0003472	6.22282e-07	4.03674e-07	2.68468e-08	
OG0003473	6.76838e-09	8.14279e-09	9.91349e-10	
OG0003477	8.76602e-08	1.89997e-07	2.05676e-08	
OG0003478	8.21926e-08	1.89911e-07	2.23216e-08	
OG0003479	7.5024e-08	7.08179e-08	7.99331e-09	
OG0003481	7.91115e-06	9.1598e-07	3.75441e-08	
OG0003482	1.75221e-09	4.374e-09	6.92371e-10	
OG0003483	2.74104e-11	4.62663e-10	2.29561e-10	
OG0003484	5.80216e-07	4.68133e-07	3.31469e-08	
OG0003485	8.9995e-08	1.90403e-07	2.26009e-08	
OG0003486	8.9995e-08	1.90403e-07	2.26009e-08	
OG0003487	4.98453e-07	3.44535e-07	2.6378e-08	
OG0003488	8.9995e-08	1.90403e-07	2.26009e-08	
OG0003489	6.51385e-06	8.26109e-07	3.66088e-08	
OG0003490	1.26452e-09	1.99415e-08	9.69767e-09	
OG0003491	4.74001e-07	3.546e-07	2.51081e-08	
OG0003492	4.98453e-07	3.44535e-07	2.6378e-08	
OG0003493	1.18589e-08	2.91178e-08	5.24891e-09	
OG0003494	6.51385e-06	8.26109e-07	3.66088e-08	
OG0003495	4.74001e-07	3.546e-07	2.51081e-08	
OG0003496	6.99215e-09	6.84655e-09	7.68348e-10	
OG0003498	8.9995e-08	1.90403e-07	2.26009e-08	
OG0003499	8.9995e-08	1.90403e-07	2.26009e-08	
OG0003500	6.78514e-09	6.94456e-09	7.7834e-10	
OG0003501	2.67709e-07	3.83002e-07	3.68408e-08	
OG0003502	4.88637e-07	4.25921e-07	3.63549e-08	
OG0003503	1.45289e-07	1.51408e-07	2.52892e-08	
OG0003504	1.62001e-06	5.32722e-07	2.90742e-08	
OG0003505	4.5952e-12	1.95742e-09	8.45254e-09	
OG0003506	2.49983e-09	4.07557e-09	6.87671e-10	
OG0003507	2.86063e-11	1.42995e-10	6.98707e-11	
OG0003508	1.23022e-06	4.26222e-07	2.77467e-08	
OG0003509	9.58716e-08	1.93702e-07	2.23859e-08	
OG0003510	6.22282e-07	4.03674e-07	2.68468e-08	
OG0003511	4.74001e-07	3.546e-07	2.51081e-08	
OG0003512	4.98453e-07	3.44535e-07	2.6378e-08	
OG0003513	4.5952e-12	1.95742e-09	8.45254e-09	
OG0003514	1.30386e-09	6.69521e-09	2.13117e-09	
OG0003515	8.9995e-08	1.90403e-07	2.26009e-08	
OG0003516	1.35534e-06	6.38517e-07	3.62938e-08	
OG0003517	6.4812e-09	7.32937e-08	2.81896e-08	
OG0003518	1.08534e-10	9.76979e-09	1.92031e-08	
OG0003519	7.9906e-14	1.56651e-11	1.2334e-10	
OG0003523	1.08534e-10	9.76979e-09	1.92031e-08	
OG0003524	1.35806e-09	2.2395e-08	1.21549e-08	
OG0003526	1.86706e-14	5.01507e-11	1.29212e-09	
OG0003528	4.45366e-09	5.25109e-08	1.91661e-08	
OG0003529	1.69486e-09	3.50432e-08	3.1305e-08	
OG0003530	5.17948e-07	4.1493e-07	2.84946e-08	
OG0003531	3.25361e-10	2.66696e-08	4.57629e-08	
OG0003532	1.06371e-11	9.72897e-10	1.40762e-09	
OG0003534	1.38988e-09	2.40826e-08	1.21661e-08	
OG0003535	1.08534e-10	9.76979e-09	1.92031e-08	
OG0003536	2.36516e-07	8.67895e-07	4.95702e-07	
OG0003537	3.13921e-12	2.64934e-10	1.51211e-09	
OG0003538	1.35806e-09	2.2395e-08	1.21549e-08	
OG0003540	1.35806e-09	2.2395e-08	1.21549e-08	
OG0003543	7.59818e-09	5.96229e-08	1.87135e-08	
OG0003544	1.08534e-10	9.76979e-09	1.92031e-08	
OG0003546	1.35806e-09	2.2395e-08	1.21549e-08	
OG0003547	3.26138e-11	7.92484e-10	6.11154e-10	
OG0003549	7.59818e-09	5.96229e-08	1.87135e-08	
OG0003550	1.35806e-09	2.2395e-08	1.21549e-08	
OG0003551	1.47564e-09	3.39399e-08	3.29743e-08	
OG0003553	2.9392e-17	7.40946e-12	2.64516e-09	
OG0003557	8.4333e-18	2.77573e-12	1.28258e-09	
OG0003563	9.34309e-17	1.71398e-11	4.7986e-09	
OG0003581	4.42325e-13	8.93459e-10	2.04145e-08	
OG0003595	4.80765e-17	1.02986e-11	4.12784e-09	
OG0003598	2.94262e-08	1.04215e-07	2.57011e-08	
OG0003599	6.84559e-07	5.54037e-07	3.59368e-08	
OG0003600	6.75508e-08	7.52074e-08	8.13048e-09	
OG0003601	8.91502e-07	7.12336e-07	5.01903e-08	
OG0003602	8.80778e-09	1.42444e-08	2.29014e-09	
OG0003603	6.84559e-07	5.54037e-07	3.59368e-08	
OG0003605	8.22094e-09	1.79168e-08	3.31185e-09	
OG0003606	2.90291e-06	8.88638e-07	4.01037e-08	
OG0003607	8.8216e-08	9.17714e-08	8.87116e-09	
OG0003608	1.33154e-08	1.19155e-08	1.11426e-09	
OG0003609	2.90291e-06	8.88638e-07	4.01037e-08	
OG0003611	2.58439e-06	1.02936e-06	5.13001e-08	
OG0003612	1.07427e-07	4.29506e-08	4.59715e-09	
OG0003614	6.84559e-07	5.54037e-07	3.59368e-08	
OG0003615	3.57718e-08	1.17246e-07	2.74178e-08	
OG0003617	2.86164e-06	9.0799e-07	4.0733e-08	
OG0003618	9.81269e-09	2.26146e-08	4.49654e-09	
OG0003619	3.57718e-08	1.17246e-07	2.74178e-08	
OG0003620	6.99319e-07	6.418e-07	4.5017e-08	
OG0003625	7.36325e-07	5.69311e-07	3.57395e-08	
OG0003626	6.97328e-06	1.07939e-06	4.18315e-08	
OG0003627	6.84559e-07	5.54037e-07	3.59368e-08	
OG0003628	3.85455e-06	1.15546e-06	5.25883e-08	
OG0003629	1.25028e-08	8.21871e-08	2.49214e-08	
OG0003630	2.69416e-06	1.03629e-06	5.13229e-08	
OG0003631	2.58439e-06	1.02936e-06	5.13001e-08	
OG0003632	2.90291e-06	8.88638e-07	4.01037e-08	
OG0003633	2.69416e-06	1.03629e-06	5.13229e-08	
OG0003634	3.85455e-06	1.15546e-06	5.25883e-08	
OG0003635	2.69416e-06	1.03629e-06	5.13229e-08	
OG0003636	1.23264e-08	1.22132e-08	1.14013e-09	
OG0003637	1.5256e-09	1.42323e-08	6.17286e-09	
OG0003638	1.19624e-10	2.76761e-09	2.03459e-09	
OG0003639	3.49397e-09	1.2046e-08	3.15361e-09	
OG0003640	6.84559e-07	5.54037e-07	3.59368e-08	
OG0003641	1.92903e-06	7.55598e-07	4.01115e-08	
OG0003642	1.23264e-08	1.22132e-08	1.14013e-09	
OG0003643	1.23264e-08	1.22132e-08	1.14013e-09	
OG0003644	2.86164e-06	9.0799e-07	4.0733e-08	
OG0003645	2.90291e-06	8.88638e-07	4.01037e-08	
OG0003646	7.04569e-07	5.6462e-07	3.54081e-08	
OG0003647	3.35609e-11	4.01786e-10	2.39711e-10	
OG0003648	7.01116e-07	5.03867e-07	3.40227e-08	
OG0003649	1.14971e-08	8.18716e-08	2.3922e-08	
OG0003650	7.01116e-07	5.03867e-07	3.40227e-08	
OG0003651	3.08005e-06	1.0804e-06	5.17391e-08	
OG0003652	8.91502e-07	7.12336e-07	5.01903e-08	
OG0003653	3.85455e-06	1.15546e-06	5.25883e-08	
OG0003654	7.01116e-07	5.03867e-07	3.40227e-08	
OG0003655	2.90291e-06	8.88638e-07	4.01037e-08	
OG0003658	2.90291e-06	8.88638e-07	4.01037e-08	
OG0003659	3.85455e-06	1.15546e-06	5.25883e-08	
OG0003660	1.07353e-06	4.48787e-07	2.13618e-08	
OG0003661	2.90291e-06	8.88638e-07	4.01037e-08	
OG0003662	3.42376e-08	1.65448e-08	1.23251e-09	
OG0003663	6.84559e-07	5.54037e-07	3.59368e-08	
OG0003664	2.86164e-06	9.0799e-07	4.0733e-08	
OG0003665	1.5949e-06	9.38255e-07	5.11795e-08	
OG0003666	2.06283e-06	7.68759e-07	4.07041e-08	
OG0003667	6.15878e-07	4.93227e-07	3.29935e-08	
OG0003668	6.84559e-07	5.54037e-07	3.59368e-08	
OG0003669	6.99921e-11	4.97445e-09	1.44883e-08	
OG0003670	6.84559e-07	5.54037e-07	3.59368e-08	
OG0003672	3.85455e-06	1.15546e-06	5.25883e-08	
OG0003673	1.25028e-08	8.21871e-08	2.49214e-08	
OG0003674	2.04907e-09	1.87734e-08	8.66524e-09	
OG0003677	2.90291e-06	8.88638e-07	4.01037e-08	
OG0003678	2.90291e-06	8.88638e-07	4.01037e-08	
OG0003679	2.06283e-06	7.68759e-07	4.07041e-08	
OG0003680	1.14971e-08	8.18716e-08	2.3922e-08	
OG0003683	1.27476e-08	1.54025e-08	2.14739e-09	
OG0003684	1.48431e-09	9.90194e-09	2.83755e-09	
OG0003685	1.02633e-08	2.09928e-08	3.37101e-09	
OG0003686	7.01116e-07	5.03867e-07	3.40227e-08	
OG0003687	1.20762e-10	3.72103e-10	1.00535e-10	
OG0003688	2.90291e-06	8.88638e-07	4.01037e-08	
OG0003690	7.01116e-07	5.03867e-07	3.40227e-08	
OG0003691	5.23611e-08	1.75038e-07	3.61086e-08	
OG0003692	2.86164e-06	9.0799e-07	4.0733e-08	
OG0003694	2.90291e-06	8.88638e-07	4.01037e-08	
OG0003695	2.90291e-06	8.88638e-07	4.01037e-08	
OG0003697	1.27458e-08	1.21597e-08	1.14052e-09	
OG0003699	9.57303e-08	9.52414e-08	8.95332e-09	
OG0003700	2.69416e-06	1.03629e-06	5.13229e-08	
OG0003701	2.90291e-06	8.88638e-07	4.01037e-08	
OG0003702	3.85455e-06	1.15546e-06	5.25883e-08	
OG0003703	2.90291e-06	8.88638e-07	4.01037e-08	
OG0003704	6.73806e-07	5.22447e-07	3.52958e-08	
OG0003705	6.84559e-07	5.54037e-07	3.59368e-08	
OG0003707	1.25028e-08	8.21871e-08	2.49214e-08	
OG0003708	2.90291e-06	8.88638e-07	4.01037e-08	
OG0003710	2.82103e-10	2.458e-09	1.09422e-09	
OG0003711	1.78611e-10	1.5556e-09	6.23786e-10	
OG0003713	7.04569e-07	5.6462e-07	3.54081e-08	
OG0003715	7.36325e-07	5.69311e-07	3.57395e-08	
OG0003716	9.95115e-09	7.49155e-08	2.18768e-08	
OG0003717	2.06283e-06	7.68759e-07	4.07041e-08	
OG0003718	2.86164e-06	9.0799e-07	4.0733e-08	
OG0003719	2.86164e-06	9.0799e-07	4.0733e-08	
OG0003720	6.97328e-06	1.07939e-06	4.18315e-08	
OG0003721	7.36325e-07	5.69311e-07	3.57395e-08	
OG0003722	3.07692e-12	1.52046e-09	1.14933e-08	
OG0003723	2.90291e-06	8.88638e-07	4.01037e-08	
OG0003724	8.20739e-07	6.88134e-07	4.59625e-08	
OG0003727	8.22094e-09	1.79168e-08	3.31185e-09	
OG0003728	2.86164e-06	9.0799e-07	4.0733e-08	
OG0003729	2.90291e-06	8.88638e-07	4.01037e-08	
OG0003730	6.84559e-07	5.54037e-07	3.59368e-08	
OG0003731	6.84559e-07	5.54037e-07	3.59368e-08	
OG0003732	1.14971e-08	8.18716e-08	2.3922e-08	
OG0003733	6.84559e-07	5.54037e-07	3.59368e-08	
OG0003734	6.84559e-07	5.54037e-07	3.59368e-08	
OG0003736	5.62196e-09	3.54676e-08	2.67286e-08	
OG0003739	5.069e-10	2.12818e-08	2.42733e-08	
OG0003740	4.10371e-08	1.08065e-07	2.08951e-08	
OG0003741	1.04195e-08	6.93379e-08	1.85934e-08	
OG0003743	2.90291e-06	8.88638e-07	4.01037e-08	
OG0003744	1.55247e-12	1.2774e-09	1.69766e-08	
OG0003745	2.69416e-06	1.03629e-06	5.13229e-08	
OG0003746	7.01116e-07	5.03867e-07	3.40227e-08	
OG0003747	2.43627e-07	1.23588e-07	9.56434e-09	
OG0003748	3.85455e-06	1.15546e-06	5.25883e-08	
OG0003749	2.90291e-06	8.88638e-07	4.01037e-08	
OG0003750	6.84559e-07	5.54037e-07	3.59368e-08	
OG0003751	2.90291e-06	8.88638e-07	4.01037e-08	
OG0003752	1.14971e-08	8.18716e-08	2.3922e-08	
OG0003753	2.90291e-06	8.88638e-07	4.01037e-08	
OG0003754	3.85455e-06	1.15546e-06	5.25883e-08	
OG0003755	6.84559e-07	5.54037e-07	3.59368e-08	
OG0003756	2.86164e-06	9.0799e-07	4.0733e-08	
OG0003757	2.90291e-06	8.88638e-07	4.01037e-08	
OG0003758	4.13456e-09	1.14083e-08	2.27826e-09	
OG0003759	2.69416e-06	1.03629e-06	5.13229e-08	
OG0003761	3.22902e-09	2.94592e-08	2.50384e-08	
OG0003763	2.90291e-06	8.88638e-07	4.01037e-08	
OG0003764	6.84559e-07	5.54037e-07	3.59368e-08	
OG0003765	7.36325e-07	5.69311e-07	3.57395e-08	
OG0003766	8.20739e-07	6.88134e-07	4.59625e-08	
OG0003767	7.01116e-07	5.03867e-07	3.40227e-08	
OG0003768	2.90291e-06	8.88638e-07	4.01037e-08	
OG0003769	3.85455e-06	1.15546e-06	5.25883e-08	
OG0003770	2.48128e-08	8.77714e-08	1.9758e-08	
OG0003771	7.01116e-07	5.03867e-07	3.40227e-08	
OG0003772	7.04569e-07	5.6462e-07	3.54081e-08	
OG0003773	2.90291e-06	8.88638e-07	4.01037e-08	
OG0003774	7.36325e-07	5.69311e-07	3.57395e-08	
OG0003775	1.14971e-08	8.18716e-08	2.3922e-08	
OG0003776	2.90291e-06	8.88638e-07	4.01037e-08	
OG0003777	6.74228e-07	5.18067e-07	3.46784e-08	
OG0003778	2.23522e-08	3.31963e-08	4.55686e-09	
OG0003779	6.84559e-07	5.54037e-07	3.59368e-08	
OG0003782	1.14971e-08	8.18716e-08	2.3922e-08	
OG0003784	6.84559e-07	5.54037e-07	3.59368e-08	
OG0003785	6.84559e-07	5.54037e-07	3.59368e-08	
OG0003786	7.39734e-09	5.25595e-08	3.14522e-08	
OG0003787	6.84559e-07	5.54037e-07	3.59368e-08	
OG0003788	1.14971e-08	8.18716e-08	2.3922e-08	
OG0003789	1.45831e-08	9.89712e-08	2.86685e-08	
OG0003791	1.92862e-08	1.34138e-07	3.92715e-08	
OG0003792	2.90291e-06	8.88638e-07	4.01037e-08	
OG0003793	3.85455e-06	1.15546e-06	5.25883e-08	
OG0003794	4.40827e-08	1.57753e-07	3.90728e-08	
OG0003795	2.58439e-06	1.02936e-06	5.13001e-08	
OG0003796	3.85455e-06	1.15546e-06	5.25883e-08	
OG0003797	6.84559e-07	5.54037e-07	3.59368e-08	
OG0003799	2.90291e-06	8.88638e-07	4.01037e-08	
OG0003800	2.90291e-06	8.88638e-07	4.01037e-08	
OG0003801	2.86164e-06	9.0799e-07	4.0733e-08	
OG0003803	6.73806e-07	5.22447e-07	3.52958e-08	
OG0003804	3.85455e-06	1.15546e-06	5.25883e-08	
OG0003805	7.36325e-07	5.69311e-07	3.57395e-08	
OG0003806	6.84559e-07	5.54037e-07	3.59368e-08	
OG0003807	2.43627e-07	1.23588e-07	9.56434e-09	
OG0003808	1.5949e-06	9.38255e-07	5.11795e-08	
OG0003809	1.14971e-08	8.18716e-08	2.3922e-08	
OG0003811	3.51953e-10	1.65702e-08	2.24912e-08	
OG0003812	1.23264e-08	1.22132e-08	1.14013e-09	
OG0003813	2.90291e-06	8.88638e-07	4.01037e-08	
OG0003814	7.01116e-07	5.03867e-07	3.40227e-08	
OG0003815	2.90291e-06	8.88638e-07	4.01037e-08	
OG0003816	1.36406e-08	9.04505e-09	9.5967e-10	
OG0003817	7.04569e-07	5.6462e-07	3.54081e-08	
OG0003819	3.85455e-06	1.15546e-06	5.25883e-08	
OG0003820	2.69341e-10	1.2632e-08	1.89856e-08	
OG0003821	2.90291e-06	8.88638e-07	4.01037e-08	
OG0003822	6.84559e-07	5.54037e-07	3.59368e-08	
OG0003824	6.84559e-07	5.54037e-07	3.59368e-08	
OG0003825	7.81786e-09	1.84424e-08	3.15484e-09	
OG0003826	5.94645e-07	5.18422e-07	3.44658e-08	
OG0003827	1.25028e-08	8.21871e-08	2.49214e-08	
OG0003828	2.86164e-06	9.0799e-07	4.0733e-08	
OG0003829	2.86164e-06	9.0799e-07	4.0733e-08	
OG0003830	1.36406e-08	9.04505e-09	9.5967e-10	
OG0003831	1.5949e-06	9.38255e-07	5.11795e-08	
OG0003832	1.02633e-08	2.09928e-08	3.37101e-09	
OG0003833	6.84559e-07	5.54037e-07	3.59368e-08	
OG0003834	1.5949e-06	9.38255e-07	5.11795e-08	
OG0003835	2.90291e-06	8.88638e-07	4.01037e-08	
OG0003836	5.14735e-12	5.83575e-11	3.83152e-11	
OG0003837	3.13629e-11	6.42119e-09	2.68401e-08	
OG0003838	6.84559e-07	5.54037e-07	3.59368e-08	
OG0003839	2.58439e-06	1.02936e-06	5.13001e-08	
OG0003840	9.62853e-09	6.68028e-08	1.83067e-08	
OG0003841	2.90291e-06	8.88638e-07	4.01037e-08	
OG0003843	6.84559e-07	5.54037e-07	3.59368e-08	
OG0003845	2.43627e-07	1.23588e-07	9.56434e-09	
OG0003846	2.69416e-06	1.03629e-06	5.13229e-08	
OG0003847	2.90291e-06	8.88638e-07	4.01037e-08	
OG0003848	2.90291e-06	8.88638e-07	4.01037e-08	
OG0003850	7.59073e-15	9.0601e-11	4.54109e-09	
OG0003852	8.91502e-07	7.12336e-07	5.01903e-08	
OG0003853	1.48431e-09	9.90194e-09	2.83755e-09	
OG0003854	2.69416e-06	1.03629e-06	5.13229e-08	
OG0003855	2.69416e-06	1.03629e-06	5.13229e-08	
OG0003856	6.84559e-07	5.54037e-07	3.59368e-08	
OG0003857	1.48431e-09	9.90194e-09	2.83755e-09	
OG0003858	3.85455e-06	1.15546e-06	5.25883e-08	
OG0003859	4.87878e-09	2.26823e-08	6.71494e-09	
OG0003860	2.86164e-06	9.0799e-07	4.0733e-08	
OG0003861	2.90291e-06	8.88638e-07	4.01037e-08	
OG0003863	2.90291e-06	8.88638e-07	4.01037e-08	
OG0003864	6.97328e-06	1.07939e-06	4.18315e-08	
OG0003865	1.07353e-06	4.48787e-07	2.13618e-08	
OG0003866	2.90291e-06	8.88638e-07	4.01037e-08	
OG0003867	6.84559e-07	5.54037e-07	3.59368e-08	
OG0003868	6.84559e-07	5.54037e-07	3.59368e-08	
OG0003869	7.04569e-07	5.6462e-07	3.54081e-08	
OG0003870	7.64335e-09	5.72135e-08	3.31071e-08	
OG0003871	6.84559e-07	5.54037e-07	3.59368e-08	
OG0003872	6.84559e-07	5.54037e-07	3.59368e-08	
OG0003873	2.90291e-06	8.88638e-07	4.01037e-08	
OG0003875	2.90291e-06	8.88638e-07	4.01037e-08	
OG0003876	7.39734e-09	5.25595e-08	3.14522e-08	
OG0003877	1.14971e-08	8.18716e-08	2.3922e-08	
OG0003879	2.43627e-07	1.23588e-07	9.56434e-09	
OG0003881	1.25028e-08	8.21871e-08	2.49214e-08	
OG0003882	6.84559e-07	5.54037e-07	3.59368e-08	
OG0003883	4.40827e-08	1.57753e-07	3.90728e-08	
OG0003884	2.88343e-08	7.05255e-08	1.20915e-08	
OG0003886	3.85455e-06	1.15546e-06	5.25883e-08	
OG0003887	6.84559e-07	5.54037e-07	3.59368e-08	
OG0003888	7.36325e-07	5.69311e-07	3.57395e-08	
OG0003889	6.15878e-07	4.93227e-07	3.29935e-08	
OG0003890	9.81269e-09	2.26146e-08	4.49654e-09	
OG0003891	1.44349e-09	8.45848e-09	2.57679e-09	
OG0003892	5.23611e-08	1.75038e-07	3.61086e-08	
OG0003893	7.3529e-09	2.00243e-08	3.67306e-09	
OG0003894	7.01116e-07	5.03867e-07	3.40227e-08	
OG0003895	3.85455e-06	1.15546e-06	5.25883e-08	
OG0003896	1.42695e-06	8.80835e-07	5.54697e-08	
OG0003897	2.86164e-06	9.0799e-07	4.0733e-08	
OG0003898	6.08255e-07	5.12984e-07	3.70391e-08	
OG0003899	2.90291e-06	8.88638e-07	4.01037e-08	
OG0003900	2.1685e-08	7.74758e-08	1.56705e-08	
OG0003901	2.90291e-06	8.88638e-07	4.01037e-08	
OG0003904	6.84559e-07	5.54037e-07	3.59368e-08	
OG0003905	2.06283e-06	7.68759e-07	4.07041e-08	
OG0003906	2.90291e-06	8.88638e-07	4.01037e-08	
OG0003907	6.84559e-07	5.54037e-07	3.59368e-08	
OG0003908	3.42376e-08	1.65448e-08	1.23251e-09	
OG0003909	2.86164e-06	9.0799e-07	4.0733e-08	
OG0003910	1.23264e-08	1.22132e-08	1.14013e-09	
OG0003911	2.90291e-06	8.88638e-07	4.01037e-08	
OG0003912	3.85455e-06	1.15546e-06	5.25883e-08	
OG0003913	7.36325e-07	5.69311e-07	3.57395e-08	
OG0003914	2.90291e-06	8.88638e-07	4.01037e-08	
OG0003915	7.01116e-07	5.03867e-07	3.40227e-08	
OG0003916	6.73806e-07	5.22447e-07	3.52958e-08	
OG0003917	3.62398e-12	1.8714e-10	2.40218e-10	
OG0003918	1.12674e-09	4.12974e-09	1.31624e-09	
OG0003919	8.20739e-07	6.88134e-07	4.59625e-08	
OG0003920	5.73872e-10	2.03189e-08	2.42457e-08	
OG0003921	1.15144e-08	9.9902e-08	3.30086e-08	
OG0003922	1.44617e-09	2.87934e-09	4.42389e-10	
OG0003925	6.84559e-07	5.54037e-07	3.59368e-08	
OG0003926	7.01116e-07	5.03867e-07	3.40227e-08	
OG0003927	6.85611e-11	5.56651e-09	1.81396e-08	
OG0003928	2.90291e-06	8.88638e-07	4.01037e-08	
OG0003929	9.57303e-08	9.52414e-08	8.95332e-09	
OG0003930	1.23264e-08	1.22132e-08	1.14013e-09	
OG0003933	2.90291e-06	8.88638e-07	4.01037e-08	
OG0003935	3.85455e-06	1.15546e-06	5.25883e-08	
OG0003937	6.84559e-07	5.54037e-07	3.59368e-08	
OG0003938	6.84559e-07	5.54037e-07	3.59368e-08	
OG0003939	2.86164e-06	9.0799e-07	4.0733e-08	
OG0003940	2.90291e-06	8.88638e-07	4.01037e-08	
OG0003941	3.85455e-06	1.15546e-06	5.25883e-08	
OG0003943	1.48431e-09	9.90194e-09	2.83755e-09	
OG0003944	7.04569e-07	5.6462e-07	3.54081e-08	
OG0003945	1.48431e-09	9.90194e-09	2.83755e-09	
OG0003946	1.17713e-06	8.13573e-07	5.54311e-08	
OG0003947	6.84559e-07	5.54037e-07	3.59368e-08	
OG0003948	8.62552e-09	5.76199e-08	3.2846e-08	
OG0003949	2.69416e-06	1.03629e-06	5.13229e-08	
OG0003950	8.34006e-08	8.83657e-08	8.73087e-09	
OG0003953	9.34704e-09	1.99341e-08	3.33052e-09	
OG0003954	6.84559e-07	5.54037e-07	3.59368e-08	
OG0003955	6.84559e-07	5.54037e-07	3.59368e-08	
OG0003956	7.01116e-07	5.03867e-07	3.40227e-08	
OG0003957	2.86164e-06	9.0799e-07	4.0733e-08	
OG0003958	2.43627e-07	1.23588e-07	9.56434e-09	
OG0003959	4.40827e-08	1.57753e-07	3.90728e-08	
OG0003960	2.90291e-06	8.88638e-07	4.01037e-08	
OG0003962	2.69416e-06	1.03629e-06	5.13229e-08	
OG0003964	7.01116e-07	5.03867e-07	3.40227e-08	
OG0003965	2.51741e-08	1.55614e-07	4.46596e-08	
OG0003967	6.84559e-07	5.54037e-07	3.59368e-08	
OG0003968	8.95268e-08	8.59715e-08	8.54298e-09	
OG0003969	9.639e-07	7.33379e-07	5.01672e-08	
OG0003970	6.84559e-07	5.54037e-07	3.59368e-08	
OG0003971	1.42767e-08	1.4647e-08	1.47286e-09	
OG0003972	8.91502e-07	7.12336e-07	5.01903e-08	
OG0003973	2.90291e-06	8.88638e-07	4.01037e-08	
OG0003975	7.36325e-07	5.69311e-07	3.57395e-08	
OG0003976	2.06283e-06	7.68759e-07	4.07041e-08	
OG0003977	6.84559e-07	5.54037e-07	3.59368e-08	
OG0003978	7.36325e-07	5.69311e-07	3.57395e-08	
OG0003979	9.62853e-09	6.68028e-08	1.83067e-08	
OG0003980	2.90291e-06	8.88638e-07	4.01037e-08	
OG0003981	2.43627e-07	1.23588e-07	9.56434e-09	
OG0003982	2.86164e-06	9.0799e-07	4.0733e-08	
OG0003983	6.15878e-07	4.93227e-07	3.29935e-08	
OG0003984	1.23264e-08	1.22132e-08	1.14013e-09	
OG0003985	3.85455e-06	1.15546e-06	5.25883e-08	
OG0003986	6.84559e-07	5.54037e-07	3.59368e-08	
OG0003987	2.86164e-06	9.0799e-07	4.0733e-08	
OG0003989	2.86164e-06	9.0799e-07	4.0733e-08	
OG0003990	7.36325e-07	5.69311e-07	3.57395e-08	
OG0003991	6.97328e-06	1.07939e-06	4.18315e-08	
OG0003993	2.90291e-06	8.88638e-07	4.01037e-08	
OG0003995	6.84559e-07	5.54037e-07	3.59368e-08	
OG0003996	6.84559e-07	5.54037e-07	3.59368e-08	
OG0003997	6.84559e-07	5.54037e-07	3.59368e-08	
OG0003998	1.44349e-09	8.45848e-09	2.57679e-09	
OG0003999	6.84559e-07	5.54037e-07	3.59368e-08	
OG0004000	2.90291e-06	8.88638e-07	4.01037e-08	
OG0004001	7.01116e-07	5.03867e-07	3.40227e-08	
OG0004002	2.5924e-06	8.55249e-07	3.98318e-08	
OG0004003	1.10156e-09	2.5293e-09	4.13739e-10	
OG0004004	2.86164e-06	9.0799e-07	4.0733e-08	
OG0004005	6.84559e-07	5.54037e-07	3.59368e-08	
OG0004006	7.01116e-07	5.03867e-07	3.40227e-08	
OG0004008	2.86164e-06	9.0799e-07	4.0733e-08	
OG0004010	2.43627e-07	1.23588e-07	9.56434e-09	
OG0004011	3.85455e-06	1.15546e-06	5.25883e-08	
OG0004012	2.90291e-06	8.88638e-07	4.01037e-08	
OG0004013	6.15878e-07	4.93227e-07	3.29935e-08	
OG0004015	3.85455e-06	1.15546e-06	5.25883e-08	
OG0004016	1.92903e-06	7.55598e-07	4.01115e-08	
OG0004018	9.1331e-08	9.15127e-08	8.87774e-09	
OG0004019	2.90291e-06	8.88638e-07	4.01037e-08	
OG0004020	2.86164e-06	9.0799e-07	4.0733e-08	
OG0004021	2.90291e-06	8.88638e-07	4.01037e-08	
OG0004022	3.42376e-08	1.65448e-08	1.23251e-09	
OG0004023	7.01116e-07	5.03867e-07	3.40227e-08	
OG0004024	1.5949e-06	9.38255e-07	5.11795e-08	
OG0004025	1.14971e-08	8.18716e-08	2.3922e-08	
OG0004026	2.58439e-06	1.02936e-06	5.13001e-08	
OG0004028	1.10625e-08	1.43851e-08	2.09642e-09	
OG0004029	2.86164e-06	9.0799e-07	4.0733e-08	
OG0004030	1.5949e-06	9.38255e-07	5.11795e-08	
OG0004031	2.86164e-06	9.0799e-07	4.0733e-08	
OG0004032	2.3654e-08	1.54959e-07	4.35105e-08	
OG0004033	1.10625e-08	1.43851e-08	2.09642e-09	
OG0004034	6.84559e-07	5.54037e-07	3.59368e-08	
OG0004035	7.04569e-07	5.6462e-07	3.54081e-08	
OG0004036	2.90291e-06	8.88638e-07	4.01037e-08	
OG0004038	2.90291e-06	8.88638e-07	4.01037e-08	
OG0004039	3.85455e-06	1.15546e-06	5.25883e-08	
OG0004040	6.84559e-07	5.54037e-07	3.59368e-08	
OG0004041	3.85455e-06	1.15546e-06	5.25883e-08	
OG0004042	7.36325e-07	5.69311e-07	3.57395e-08	
OG0004043	8.66654e-08	8.72661e-08	8.5638e-09	
OG0004044	5.23611e-08	1.75038e-07	3.61086e-08	
OG0004045	1.79396e-07	1.42038e-07	1.24165e-08	
OG0004046	1.44617e-09	2.87934e-09	4.42389e-10	
OG0004047	2.90291e-06	8.88638e-07	4.01037e-08	
OG0004048	1.44617e-09	2.87934e-09	4.42389e-10	
OG0004049	6.84559e-07	5.54037e-07	3.59368e-08	
OG0004050	6.84559e-07	5.54037e-07	3.59368e-08	
OG0004051	2.90291e-06	8.88638e-07	4.01037e-08	
OG0004052	2.69416e-06	1.03629e-06	5.13229e-08	
OG0004053	8.91502e-07	7.12336e-07	5.01903e-08	
OG0004054	6.84559e-07	5.54037e-07	3.59368e-08	
OG0004055	6.84559e-07	5.54037e-07	3.59368e-08	
OG0004056	4.57535e-06	1.29492e-06	4.79325e-08	
OG0004057	6.84559e-07	5.54037e-07	3.59368e-08	
OG0004058	1.36406e-08	9.04505e-09	9.5967e-10	
OG0004060	6.84559e-07	5.54037e-07	3.59368e-08	
OG0004061	7.85506e-07	3.67256e-07	4.4532e-08	
OG0004064	9.77564e-08	2.38137e-07	4.33448e-08	
OG0004065	6.84559e-07	5.54037e-07	3.59368e-08	
OG0004066	1.23264e-08	1.22132e-08	1.14013e-09	
OG0004067	2.90291e-06	8.88638e-07	4.01037e-08	
OG0004068	2.90291e-06	8.88638e-07	4.01037e-08	
OG0004069	1.22094e-08	1.17342e-08	1.10492e-09	
OG0004070	2.90291e-06	8.88638e-07	4.01037e-08	
OG0004071	1.5949e-06	9.38255e-07	5.11795e-08	
OG0004072	2.06283e-06	7.68759e-07	4.07041e-08	
OG0004073	1.14971e-08	8.18716e-08	2.3922e-08	
OG0004074	2.69416e-06	1.03629e-06	5.13229e-08	
OG0004075	2.90291e-06	8.88638e-07	4.01037e-08	
OG0004076	2.86164e-06	9.0799e-07	4.0733e-08	
OG0004077	7.36325e-07	5.69311e-07	3.57395e-08	
OG0004078	1.49018e-08	1.13969e-07	3.58432e-08	
OG0004079	1.92605e-10	8.47626e-10	1.70536e-10	
OG0004080	5.81903e-06	1.31904e-06	5.46983e-08	
OG0004081	2.86164e-06	9.0799e-07	4.0733e-08	
OG0004082	5.69871e-10	1.9461e-08	2.10574e-08	
OG0004083	2.90291e-06	8.88638e-07	4.01037e-08	
OG0004084	3.85455e-06	1.15546e-06	5.25883e-08	
OG0004085	3.95991e-08	1.39069e-07	3.12274e-08	
OG0004087	6.97328e-06	1.07939e-06	4.18315e-08	
OG0004088	2.69416e-06	1.03629e-06	5.13229e-08	
OG0004089	6.73806e-07	5.22447e-07	3.52958e-08	
OG0004090	1.5949e-06	9.38255e-07	5.11795e-08	
OG0004091	8.20739e-07	6.88134e-07	4.59625e-08	
OG0004092	6.84559e-07	5.54037e-07	3.59368e-08	
OG0004093	2.86164e-06	9.0799e-07	4.0733e-08	
OG0004094	9.04825e-08	9.1685e-08	8.81105e-09	
OG0004095	7.01116e-07	5.03867e-07	3.40227e-08	
OG0004096	6.97328e-06	1.07939e-06	4.18315e-08	
OG0004097	2.90291e-06	8.88638e-07	4.01037e-08	
OG0004098	6.84559e-07	5.54037e-07	3.59368e-08	
OG0004099	2.90291e-06	8.88638e-07	4.01037e-08	
OG0004100	3.85455e-06	1.15546e-06	5.25883e-08	
OG0004102	2.86164e-06	9.0799e-07	4.0733e-08	
OG0004103	2.90291e-06	8.88638e-07	4.01037e-08	
OG0004104	1.14971e-08	8.18716e-08	2.3922e-08	
OG0004106	2.90291e-06	8.88638e-07	4.01037e-08	
OG0004107	1.76705e-09	2.3857e-09	3.27788e-10	
OG0004108	2.86164e-06	9.0799e-07	4.0733e-08	
OG0004109	5.21551e-08	1.26498e-07	2.22099e-08	
OG0004110	2.90291e-06	8.88638e-07	4.01037e-08	
OG0004111	6.07284e-09	4.96802e-08	3.1146e-08	
OG0004112	8.34006e-08	8.83657e-08	8.73087e-09	
OG0004114	7.01116e-07	5.03867e-07	3.40227e-08	
OG0004116	3.42376e-08	1.65448e-08	1.23251e-09	
OG0004117	2.06283e-06	7.68759e-07	4.07041e-08	
OG0004118	2.86164e-06	9.0799e-07	4.0733e-08	
OG0004119	3.85455e-06	1.15546e-06	5.25883e-08	
OG0004120	6.84559e-07	5.54037e-07	3.59368e-08	
OG0004121	8.8216e-08	9.17714e-08	8.87116e-09	
OG0004123	6.84559e-07	5.54037e-07	3.59368e-08	
OG0004124	6.84559e-07	5.54037e-07	3.59368e-08	
OG0004125	2.52533e-10	2.79253e-10	3.65069e-11	
OG0004128	9.47464e-09	6.51641e-08	1.78907e-08	
OG0004134	8.71802e-10	3.10636e-08	3.54812e-08	
OG0004136	3.12531e-09	2.83021e-08	1.80919e-08	
OG0004137	1.08984e-08	7.32317e-08	2.02886e-08	
OG0004138	8.71802e-10	3.10636e-08	3.54812e-08	
OG0004139	1.0237e-08	6.60576e-08	1.76837e-08	
OG0004142	1.69948e-10	1.76094e-08	5.39761e-08	
OG0004145	1.18501e-10	5.67806e-09	9.74047e-09	
OG0004150	1.0399e-08	7.14228e-08	1.9388e-08	
OG0004151	2.41e-08	8.84284e-08	2.14945e-08	
OG0004153	5.61238e-12	2.78914e-09	1.46717e-08	
OG0004178	3.33326e-15	8.75376e-11	1.29124e-08	
OG0004183	9.68027e-13	1.30334e-09	2.46455e-08	
OG0004193	3.33326e-15	8.75376e-11	1.29124e-08	
OG0004207	6.44425e-06	1.94846e-06	7.70544e-08	
OG0004208	5.18919e-06	1.59513e-06	5.96423e-08	
OG0004211	7.51659e-08	2.03083e-07	3.26689e-08	
OG0004213	7.24628e-07	2.70396e-07	1.48636e-08	
OG0004214	5.18919e-06	1.59513e-06	5.96423e-08	
OG0004215	5.18919e-06	1.59513e-06	5.96423e-08	
OG0004216	1.4443e-05	2.16652e-06	6.45796e-08	
OG0004217	5.15498e-06	1.53956e-06	5.79374e-08	
OG0004218	8.15144e-08	1.99051e-07	3.19865e-08	
OG0004219	1.4443e-05	2.16652e-06	6.45796e-08	
OG0004220	4.25546e-06	1.37816e-06	5.58494e-08	
OG0004221	5.61625e-06	1.5579e-06	5.82522e-08	
OG0004222	3.18043e-11	5.65918e-09	2.18864e-08	
OG0004223	1.4443e-05	2.16652e-06	6.45796e-08	
OG0004225	2.21307e-07	4.51553e-07	6.4874e-08	
OG0004226	1.4443e-05	2.16652e-06	6.45796e-08	
OG0004227	1.4443e-05	2.16652e-06	6.45796e-08	
OG0004228	5.18919e-06	1.59513e-06	5.96423e-08	
OG0004229	5.18919e-06	1.59513e-06	5.96423e-08	
OG0004231	4.25546e-06	1.37816e-06	5.58494e-08	
OG0004232	5.18919e-06	1.59513e-06	5.96423e-08	
OG0004233	1.4443e-05	2.16652e-06	6.45796e-08	
OG0004234	4.11491e-10	4.55525e-09	2.37516e-09	
OG0004235	1.4443e-05	2.16652e-06	6.45796e-08	
OG0004236	1.4443e-05	2.16652e-06	6.45796e-08	
OG0004237	5.18919e-06	1.59513e-06	5.96423e-08	
OG0004241	2.21307e-07	4.51553e-07	6.4874e-08	
OG0004243	1.4443e-05	2.16652e-06	6.45796e-08	
OG0004245	5.18919e-06	1.59513e-06	5.96423e-08	
OG0004246	5.18919e-06	1.59513e-06	5.96423e-08	
OG0004247	2.59056e-07	4.10762e-07	5.79046e-08	
OG0004248	5.18919e-06	1.59513e-06	5.96423e-08	
OG0004249	7.78139e-10	1.33592e-08	1.07848e-08	
OG0004250	1.4443e-05	2.16652e-06	6.45796e-08	
OG0004252	3.32359e-12	2.20019e-09	2.41789e-08	
OG0004253	5.18919e-06	1.59513e-06	5.96423e-08	
OG0004254	5.18919e-06	1.59513e-06	5.96423e-08	
OG0004255	5.18919e-06	1.59513e-06	5.96423e-08	
OG0004256	1.4443e-05	2.16652e-06	6.45796e-08	
OG0004258	5.96022e-06	1.89255e-06	7.6573e-08	
OG0004259	1.47037e-08	3.70441e-08	6.30232e-09	
OG0004260	4.97966e-10	1.99929e-10	4.19178e-11	
OG0004261	1.19571e-07	4.13949e-08	2.43565e-09	
OG0004262	4.78779e-08	4.62145e-08	5.03873e-09	
OG0004263	1.4443e-05	2.16652e-06	6.45796e-08	
OG0004264	5.18919e-06	1.59513e-06	5.96423e-08	
OG0004265	5.18919e-06	1.59513e-06	5.96423e-08	
OG0004268	5.18919e-06	1.59513e-06	5.96423e-08	
OG0004269	1.4443e-05	2.16652e-06	6.45796e-08	
OG0004270	5.61625e-06	1.5579e-06	5.82522e-08	
OG0004271	5.36336e-06	1.58704e-06	5.96482e-08	
OG0004272	4.78779e-08	4.62145e-08	5.03873e-09	
OG0004273	1.4443e-05	2.16652e-06	6.45796e-08	
OG0004275	6.44425e-06	1.94846e-06	7.70544e-08	
OG0004278	5.96022e-06	1.89255e-06	7.6573e-08	
OG0004279	1.4443e-05	2.16652e-06	6.45796e-08	
OG0004280	1.4443e-05	2.16652e-06	6.45796e-08	
OG0004281	3.32093e-07	3.67688e-07	4.55301e-08	
OG0004282	5.18919e-06	1.59513e-06	5.96423e-08	
OG0004283	2.59056e-07	4.10762e-07	5.79046e-08	
OG0004284	5.61625e-06	1.5579e-06	5.82522e-08	
OG0004285	8.95616e-08	2.46285e-07	4.14613e-08	
OG0004286	5.18919e-06	1.59513e-06	5.96423e-08	
OG0004287	5.18919e-06	1.59513e-06	5.96423e-08	
OG0004288	3.1668e-07	3.3361e-07	3.75949e-08	
OG0004289	5.96022e-06	1.89255e-06	7.6573e-08	
OG0004290	5.18919e-06	1.59513e-06	5.96423e-08	
OG0004291	1.4443e-05	2.16652e-06	6.45796e-08	
OG0004292	5.61625e-06	1.5579e-06	5.82522e-08	
OG0004293	5.6418e-06	1.65897e-06	6.0245e-08	
OG0004294	8.95616e-08	2.46285e-07	4.14613e-08	
OG0004295	5.96022e-06	1.89255e-06	7.6573e-08	
OG0004296	5.61625e-06	1.5579e-06	5.82522e-08	
OG0004297	4.78779e-08	4.62145e-08	5.03873e-09	
OG0004298	5.61625e-06	1.5579e-06	5.82522e-08	
OG0004299	4.41565e-08	4.40933e-08	4.76238e-09	
OG0004300	1.4443e-05	2.16652e-06	6.45796e-08	
OG0004301	3.1668e-07	3.3361e-07	3.75949e-08	
OG0004302	1.4443e-05	2.16652e-06	6.45796e-08	
OG0004303	5.96022e-06	1.89255e-06	7.6573e-08	
OG0004304	1.4443e-05	2.16652e-06	6.45796e-08	
OG0004306	5.31119e-06	1.60644e-06	6.00341e-08	
OG0004307	6.74628e-09	6.33851e-09	6.60841e-10	
OG0004308	5.6418e-06	1.65897e-06	6.0245e-08	
OG0004310	5.18919e-06	1.59513e-06	5.96423e-08	
OG0004311	3.1668e-07	3.3361e-07	3.75949e-08	
OG0004312	2.59056e-07	4.10762e-07	5.79046e-08	
OG0004313	6.74628e-09	6.33851e-09	6.60841e-10	
OG0004315	5.36336e-06	1.58704e-06	5.96482e-08	
OG0004320	5.6418e-06	1.65897e-06	6.0245e-08	
OG0004322	1.4443e-05	2.16652e-06	6.45796e-08	
OG0004325	1.4443e-05	2.16652e-06	6.45796e-08	
OG0004326	1.88603e-09	6.53047e-09	1.73424e-09	
OG0004327	8.95785e-09	8.24171e-09	8.66565e-10	
OG0004328	3.84101e-10	9.46308e-10	1.97084e-10	
OG0004329	1.4443e-05	2.16652e-06	6.45796e-08	
OG0004331	1.4443e-05	2.16652e-06	6.45796e-08	
OG0004332	5.36336e-06	1.58704e-06	5.96482e-08	
OG0004333	9.53999e-06	2.34022e-06	8.17325e-08	
OG0004334	5.18919e-06	1.59513e-06	5.96423e-08	
OG0004335	5.18919e-06	1.59513e-06	5.96423e-08	
OG0004336	6.74628e-09	6.33851e-09	6.60841e-10	
OG0004337	5.18919e-06	1.59513e-06	5.96423e-08	
OG0004338	5.18919e-06	1.59513e-06	5.96423e-08	
OG0004339	6.21713e-07	2.46377e-07	1.43991e-08	
OG0004340	2.65494e-07	3.02541e-07	3.63377e-08	
OG0004341	5.15498e-06	1.53956e-06	5.79374e-08	
OG0004345	5.18919e-06	1.59513e-06	5.96423e-08	
OG0004347	1.4443e-05	2.16652e-06	6.45796e-08	
OG0004348	1.4443e-05	2.16652e-06	6.45796e-08	
OG0004349	9.54492e-09	3.48521e-08	9.32301e-09	
OG0004350	1.4443e-05	2.16652e-06	6.45796e-08	
OG0004351	1.4443e-05	2.16652e-06	6.45796e-08	
OG0004352	8.95616e-08	2.46285e-07	4.14613e-08	
OG0004355	1.4443e-05	2.16652e-06	6.45796e-08	
OG0004356	5.18919e-06	1.59513e-06	5.96423e-08	
OG0004357	5.18919e-06	1.59513e-06	5.96423e-08	
OG0004358	1.4443e-05	2.16652e-06	6.45796e-08	
OG0004359	1.52832e-09	6.92987e-09	2.60932e-09	
OG0004360	5.18919e-06	1.59513e-06	5.96423e-08	
OG0004361	1.0024e-07	2.57117e-07	4.38442e-08	
OG0004362	1.4443e-05	2.16652e-06	6.45796e-08	
OG0004363	5.61625e-06	1.5579e-06	5.82522e-08	
OG0004364	5.61625e-06	1.5579e-06	5.82522e-08	
OG0004365	5.15498e-06	1.53956e-06	5.79374e-08	
OG0004366	5.6418e-06	1.65897e-06	6.0245e-08	
OG0004367	1.4443e-05	2.16652e-06	6.45796e-08	
OG0004368	5.18919e-06	1.59513e-06	5.96423e-08	
OG0004369	6.44425e-06	1.94846e-06	7.70544e-08	
OG0004370	8.41703e-08	3.1779e-08	1.8464e-09	
OG0004372	1.4443e-05	2.16652e-06	6.45796e-08	
OG0004373	6.44425e-06	1.94846e-06	7.70544e-08	
OG0004374	5.6418e-06	1.65897e-06	6.0245e-08	
OG0004375	1.4443e-05	2.16652e-06	6.45796e-08	
OG0004377	5.18919e-06	1.59513e-06	5.96423e-08	
OG0004378	1.4443e-05	2.16652e-06	6.45796e-08	
OG0004379	5.18919e-06	1.59513e-06	5.96423e-08	
OG0004381	5.18919e-06	1.59513e-06	5.96423e-08	
OG0004384	5.18919e-06	1.59513e-06	5.96423e-08	
OG0004385	5.18919e-06	1.59513e-06	5.96423e-08	
OG0004386	5.55757e-06	1.61244e-06	5.98048e-08	
OG0004387	5.18919e-06	1.59513e-06	5.96423e-08	
OG0004388	7.5303e-08	2.16127e-07	3.74289e-08	
OG0004389	5.18919e-06	1.59513e-06	5.96423e-08	
OG0004390	5.6418e-06	1.65897e-06	6.0245e-08	
OG0004391	1.4443e-05	2.16652e-06	6.45796e-08	
OG0004392	1.4443e-05	2.16652e-06	6.45796e-08	
OG0004393	3.1668e-07	3.3361e-07	3.75949e-08	
OG0004394	5.18919e-06	1.59513e-06	5.96423e-08	
OG0004395	5.18919e-06	1.59513e-06	5.96423e-08	
OG0004396	1.4443e-05	2.16652e-06	6.45796e-08	
OG0004397	1.4443e-05	2.16652e-06	6.45796e-08	
OG0004398	4.78779e-08	4.62145e-08	5.03873e-09	
OG0004403	5.15498e-06	1.53956e-06	5.79374e-08	
OG0004405	9.79435e-06	1.43003e-06	3.69196e-08	
OG0004407	5.18919e-06	1.59513e-06	5.96423e-08	
OG0004408	1.88603e-09	6.53047e-09	1.73424e-09	
OG0004409	3.1668e-07	3.3361e-07	3.75949e-08	
OG0004410	1.4443e-05	2.16652e-06	6.45796e-08	
OG0004411	9.27968e-08	3.45247e-08	1.89153e-09	
OG0004412	5.61625e-06	1.5579e-06	5.82522e-08	
OG0004413	6.44425e-06	1.94846e-06	7.70544e-08	
OG0004414	8.95616e-08	2.46285e-07	4.14613e-08	
OG0004415	5.6418e-06	1.65897e-06	6.0245e-08	
OG0004416	4.44329e-08	5.38828e-08	6.44559e-09	
OG0004417	1.19571e-07	4.13949e-08	2.43565e-09	
OG0004418	2.59056e-07	4.10762e-07	5.79046e-08	
OG0004419	1.29853e-08	4.81526e-08	1.33756e-08	
OG0004420	5.18919e-06	1.59513e-06	5.96423e-08	
OG0004421	5.61625e-06	1.5579e-06	5.82522e-08	
OG0004422	1.4443e-05	2.16652e-06	6.45796e-08	
OG0004423	5.18919e-06	1.59513e-06	5.96423e-08	
OG0004424	5.61625e-06	1.5579e-06	5.82522e-08	
OG0004425	1.4443e-05	2.16652e-06	6.45796e-08	
OG0004426	5.96022e-06	1.89255e-06	7.6573e-08	
OG0004427	1.4443e-05	2.16652e-06	6.45796e-08	
OG0004428	5.96022e-06	1.89255e-06	7.6573e-08	
OG0004429	5.96022e-06	1.89255e-06	7.6573e-08	
OG0004430	5.18919e-06	1.59513e-06	5.96423e-08	
OG0004431	4.25546e-06	1.37816e-06	5.58494e-08	
OG0004433	9.53999e-06	2.34022e-06	8.17325e-08	
OG0004434	1.02108e-07	3.64332e-08	1.92101e-09	
OG0004436	1.4443e-05	2.16652e-06	6.45796e-08	
OG0004437	5.18919e-06	1.59513e-06	5.96423e-08	
OG0004438	8.95616e-08	2.46285e-07	4.14613e-08	
OG0004439	1.4443e-05	2.16652e-06	6.45796e-08	
OG0004440	1.15637e-08	2.62054e-08	4.2721e-09	
OG0004441	5.6418e-06	1.65897e-06	6.0245e-08	
OG0004442	1.4443e-05	2.16652e-06	6.45796e-08	
OG0004443	5.18919e-06	1.59513e-06	5.96423e-08	
OG0004445	5.96022e-06	1.89255e-06	7.6573e-08	
OG0004446	5.18919e-06	1.59513e-06	5.96423e-08	
OG0004447	1.15339e-08	3.33745e-08	5.65435e-09	
OG0004448	9.83093e-08	2.86814e-07	5.01584e-08	
OG0004449	2.59056e-07	4.10762e-07	5.79046e-08	
OG0004451	1.38649e-09	3.7716e-08	4.11317e-08	
OG0004452	5.6418e-06	1.65897e-06	6.0245e-08	
OG0004455	1.4443e-05	2.16652e-06	6.45796e-08	
OG0004457	3.67451e-08	1.86526e-08	1.46636e-09	
OG0004458	5.96022e-06	1.89255e-06	7.6573e-08	
OG0004460	2.59056e-07	4.10762e-07	5.79046e-08	
OG0004461	1.4443e-05	2.16652e-06	6.45796e-08	
OG0004462	5.96022e-06	1.89255e-06	7.6573e-08	
OG0004463	8.95616e-08	2.46285e-07	4.14613e-08	
OG0004467	5.61625e-06	1.5579e-06	5.82522e-08	
OG0004468	6.44425e-06	1.94846e-06	7.70544e-08	
OG0004469	4.78779e-08	4.62145e-08	5.03873e-09	
OG0004471	1.83518e-07	2.93308e-07	4.24088e-08	
OG0004472	8.95616e-08	2.46285e-07	4.14613e-08	
OG0004473	1.4443e-05	2.16652e-06	6.45796e-08	
OG0004474	4.78779e-08	4.62145e-08	5.03873e-09	
OG0004475	5.18919e-06	1.59513e-06	5.96423e-08	
OG0004476	5.96022e-06	1.89255e-06	7.6573e-08	
OG0004477	5.36336e-06	1.58704e-06	5.96482e-08	
OG0004478	1.4443e-05	2.16652e-06	6.45796e-08	
OG0004480	5.18919e-06	1.59513e-06	5.96423e-08	
OG0004482	1.4443e-05	2.16652e-06	6.45796e-08	
OG0004483	5.96022e-06	1.89255e-06	7.6573e-08	
OG0004484	5.15498e-06	1.53956e-06	5.79374e-08	
OG0004485	5.18919e-06	1.59513e-06	5.96423e-08	
OG0004489	1.4443e-05	2.16652e-06	6.45796e-08	
OG0004490	1.4443e-05	2.16652e-06	6.45796e-08	
OG0004491	1.4443e-05	2.16652e-06	6.45796e-08	
OG0004492	6.5859e-07	2.56368e-07	1.46417e-08	
OG0004493	5.18919e-06	1.59513e-06	5.96423e-08	
OG0004494	1.4443e-05	2.16652e-06	6.45796e-08	
OG0004495	5.18919e-06	1.59513e-06	5.96423e-08	
OG0004496	1.4443e-05	2.16652e-06	6.45796e-08	
OG0004497	5.18919e-06	1.59513e-06	5.96423e-08	
OG0004498	1.4443e-05	2.16652e-06	6.45796e-08	
OG0004499	3.40218e-08	3.99778e-08	5.11081e-09	
OG0004500	5.18919e-06	1.59513e-06	5.96423e-08	
OG0004502	1.4443e-05	2.16652e-06	6.45796e-08	
OG0004504	5.61625e-06	1.5579e-06	5.82522e-08	
OG0004505	5.96022e-06	1.89255e-06	7.6573e-08	
OG0004507	5.6418e-06	1.65897e-06	6.0245e-08	
OG0004508	5.15498e-06	1.53956e-06	5.79374e-08	
OG0004509	1.21444e-08	2.96084e-08	4.48782e-09	
OG0004510	1.4443e-05	2.16652e-06	6.45796e-08	
OG0004511	1.4443e-05	2.16652e-06	6.45796e-08	
OG0004512	5.61625e-06	1.5579e-06	5.82522e-08	
OG0004514	1.4443e-05	2.16652e-06	6.45796e-08	
OG0004515	8.95616e-08	2.46285e-07	4.14613e-08	
OG0004516	6.5859e-07	2.56368e-07	1.46417e-08	
OG0004517	5.61625e-06	1.5579e-06	5.82522e-08	
OG0004519	1.73859e-09	4.41222e-08	4.04538e-08	
OG0004520	5.18919e-06	1.59513e-06	5.96423e-08	
OG0004521	1.4443e-05	2.16652e-06	6.45796e-08	
OG0004522	1.6312e-09	4.30263e-08	4.0271e-08	
OG0004523	5.96022e-06	1.89255e-06	7.6573e-08	
OG0004524	5.96022e-06	1.89255e-06	7.6573e-08	
OG0004525	1.4443e-05	2.16652e-06	6.45796e-08	
OG0004528	5.18919e-06	1.59513e-06	5.96423e-08	
OG0004529	5.96022e-06	1.89255e-06	7.6573e-08	
OG0004530	1.4443e-05	2.16652e-06	6.45796e-08	
OG0004531	6.44425e-06	1.94846e-06	7.70544e-08	
OG0004532	5.96022e-06	1.89255e-06	7.6573e-08	
OG0004533	5.18919e-06	1.59513e-06	5.96423e-08	
OG0004534	1.4443e-05	2.16652e-06	6.45796e-08	
OG0004535	2.88909e-08	1.07353e-07	5.44907e-08	
OG0004537	5.18919e-06	1.59513e-06	5.96423e-08	
OG0004538	5.6418e-06	1.65897e-06	6.0245e-08	
OG0004539	1.01726e-07	2.69251e-07	4.67219e-08	
OG0004541	5.18919e-06	1.59513e-06	5.96423e-08	
OG0004542	1.88926e-11	4.50632e-10	3.18942e-10	
OG0004543	5.36336e-06	1.58704e-06	5.96482e-08	
OG0004544	1.86969e-09	3.65712e-08	3.34305e-08	
OG0004545	5.18919e-06	1.59513e-06	5.96423e-08	
OG0004546	1.4443e-05	2.16652e-06	6.45796e-08	
OG0004548	5.18919e-06	1.59513e-06	5.96423e-08	
OG0004549	9.53999e-06	2.34022e-06	8.17325e-08	
OG0004550	5.18919e-06	1.59513e-06	5.96423e-08	
OG0004551	1.4443e-05	2.16652e-06	6.45796e-08	
OG0004552	8.95616e-08	2.46285e-07	4.14613e-08	
OG0004553	5.36336e-06	1.58704e-06	5.96482e-08	
OG0004554	1.4443e-05	2.16652e-06	6.45796e-08	
OG0004555	5.18919e-06	1.59513e-06	5.96423e-08	
OG0004556	4.25546e-06	1.37816e-06	5.58494e-08	
OG0004557	2.00078e-07	4.35636e-07	6.95629e-08	
OG0004558	5.18919e-06	1.59513e-06	5.96423e-08	
OG0004560	1.0024e-07	2.57117e-07	4.38442e-08	
OG0004561	1.4443e-05	2.16652e-06	6.45796e-08	
OG0004562	1.86969e-09	3.65712e-08	3.34305e-08	
OG0004563	4.25546e-06	1.37816e-06	5.58494e-08	
OG0004564	5.96022e-06	1.89255e-06	7.6573e-08	
OG0004565	5.18919e-06	1.59513e-06	5.96423e-08	
OG0004566	1.4443e-05	2.16652e-06	6.45796e-08	
OG0004567	7.30574e-08	2.05469e-07	3.71634e-08	
OG0004568	2.59056e-07	4.10762e-07	5.79046e-08	
OG0004569	5.18919e-06	1.59513e-06	5.96423e-08	
OG0004570	5.18919e-06	1.59513e-06	5.96423e-08	
OG0004571	5.6418e-06	1.65897e-06	6.0245e-08	
OG0004572	5.61625e-06	1.5579e-06	5.82522e-08	
OG0004573	5.15498e-06	1.53956e-06	5.79374e-08	
OG0004574	5.15498e-06	1.53956e-06	5.79374e-08	
OG0004575	1.06593e-07	3.66663e-08	1.92772e-09	
OG0004576	1.4443e-05	2.16652e-06	6.45796e-08	
OG0004578	5.55757e-06	1.61244e-06	5.98048e-08	
OG0004579	5.18919e-06	1.59513e-06	5.96423e-08	
OG0004580	5.18919e-06	1.59513e-06	5.96423e-08	
OG0004581	5.18919e-06	1.59513e-06	5.96423e-08	
OG0004582	5.6418e-06	1.65897e-06	6.0245e-08	
OG0004584	1.02108e-07	3.64332e-08	1.92101e-09	
OG0004585	5.18919e-06	1.59513e-06	5.96423e-08	
OG0004586	5.18919e-06	1.59513e-06	5.96423e-08	
OG0004587	1.3122e-07	3.58955e-07	6.41605e-08	
OG0004588	5.15498e-06	1.53956e-06	5.79374e-08	
OG0004590	5.18919e-06	1.59513e-06	5.96423e-08	
OG0004591	8.95616e-08	2.46285e-07	4.14613e-08	
OG0004592	5.61625e-06	1.5579e-06	5.82522e-08	
OG0004593	2.15757e-09	7.60041e-09	2.01887e-09	
OG0004594	5.6418e-06	1.65897e-06	6.0245e-08	
OG0004596	5.96022e-06	1.89255e-06	7.6573e-08	
OG0004597	9.53999e-06	2.34022e-06	8.17325e-08	
OG0004598	5.18919e-06	1.59513e-06	5.96423e-08	
OG0004599	5.18919e-06	1.59513e-06	5.96423e-08	
OG0004600	1.59089e-09	3.95186e-09	5.92175e-10	
OG0004601	5.18919e-06	1.59513e-06	5.96423e-08	
OG0004602	5.18919e-06	1.59513e-06	5.96423e-08	
OG0004603	5.15498e-06	1.53956e-06	5.79374e-08	
OG0004604	5.18919e-06	1.59513e-06	5.96423e-08	
OG0004605	8.95616e-08	2.46285e-07	4.14613e-08	
OG0004606	1.4443e-05	2.16652e-06	6.45796e-08	
OG0004607	5.18919e-06	1.59513e-06	5.96423e-08	
OG0004608	5.61625e-06	1.5579e-06	5.82522e-08	
OG0004609	5.18919e-06	1.59513e-06	5.96423e-08	
OG0004610	7.51659e-08	2.03083e-07	3.26689e-08	
OG0004611	5.61625e-06	1.5579e-06	5.82522e-08	
OG0004612	1.19571e-07	4.13949e-08	2.43565e-09	
OG0004613	1.4443e-05	2.16652e-06	6.45796e-08	
OG0004614	5.18919e-06	1.59513e-06	5.96423e-08	
OG0004615	1.7112e-09	4.06081e-09	5.88924e-10	
OG0004616	8.95616e-08	2.46285e-07	4.14613e-08	
OG0004617	1.4443e-05	2.16652e-06	6.45796e-08	
OG0004618	1.4443e-05	2.16652e-06	6.45796e-08	
OG0004621	6.65037e-09	6.47656e-09	6.71212e-10	
OG0004622	6.74628e-09	6.33851e-09	6.60841e-10	
OG0004623	7.30574e-08	2.05469e-07	3.71634e-08	
OG0004624	5.6418e-06	1.65897e-06	6.0245e-08	
OG0004625	1.4443e-05	2.16652e-06	6.45796e-08	
OG0004626	9.53999e-06	2.34022e-06	8.17325e-08	
OG0004629	1.4443e-05	2.16652e-06	6.45796e-08	
OG0004630	5.18919e-06	1.59513e-06	5.96423e-08	
OG0004631	8.95616e-08	2.46285e-07	4.14613e-08	
OG0004632	1.4443e-05	2.16652e-06	6.45796e-08	
OG0004633	5.36336e-06	1.58704e-06	5.96482e-08	
OG0004634	5.18919e-06	1.59513e-06	5.96423e-08	
OG0004635	1.4443e-05	2.16652e-06	6.45796e-08	
OG0004637	1.4443e-05	2.16652e-06	6.45796e-08	
OG0004638	5.18919e-06	1.59513e-06	5.96423e-08	
OG0004639	5.18919e-06	1.59513e-06	5.96423e-08	
OG0004641	5.18919e-06	1.59513e-06	5.96423e-08	
OG0004642	1.4443e-05	2.16652e-06	6.45796e-08	
OG0004643	5.15498e-06	1.53956e-06	5.79374e-08	
OG0004644	4.27573e-08	4.44812e-08	5.00509e-09	
OG0004645	1.4443e-05	2.16652e-06	6.45796e-08	
OG0004646	1.4443e-05	2.16652e-06	6.45796e-08	
OG0004647	1.4443e-05	2.16652e-06	6.45796e-08	
OG0004649	1.4443e-05	2.16652e-06	6.45796e-08	
OG0004651	5.18919e-06	1.59513e-06	5.96423e-08	
OG0004652	5.96022e-06	1.89255e-06	7.6573e-08	
OG0004653	8.1792e-08	2.12207e-07	3.32848e-08	
OG0004654	4.44329e-08	5.38828e-08	6.44559e-09	
OG0004656	1.12906e-08	2.88138e-08	4.51251e-09	
OG0004657	5.96022e-06	1.89255e-06	7.6573e-08	
OG0004658	7.57541e-07	2.73244e-07	1.49546e-08	
OG0004659	1.58806e-10	3.47425e-09	2.30021e-09	
OG0004660	5.18919e-06	1.59513e-06	5.96423e-08	
OG0004661	5.18919e-06	1.59513e-06	5.96423e-08	
OG0004662	1.4443e-05	2.16652e-06	6.45796e-08	
OG0004663	5.96022e-06	1.89255e-06	7.6573e-08	
OG0004665	5.18919e-06	1.59513e-06	5.96423e-08	
OG0004666	5.96022e-06	1.89255e-06	7.6573e-08	
OG0004669	1.4443e-05	2.16652e-06	6.45796e-08	
OG0004671	5.18919e-06	1.59513e-06	5.96423e-08	
OG0004672	1.06593e-07	3.66663e-08	1.92772e-09	
OG0004674	5.18919e-06	1.59513e-06	5.96423e-08	
OG0004675	1.4443e-05	2.16652e-06	6.45796e-08	
OG0004676	6.5859e-07	2.56368e-07	1.46417e-08	
OG0004677	5.18919e-06	1.59513e-06	5.96423e-08	
OG0004678	1.4443e-05	2.16652e-06	6.45796e-08	
OG0004679	5.18919e-06	1.59513e-06	5.96423e-08	
OG0004680	5.18919e-06	1.59513e-06	5.96423e-08	
OG0004682	8.95616e-08	2.46285e-07	4.14613e-08	
OG0004683	5.96022e-06	1.89255e-06	7.6573e-08	
OG0004684	1.4443e-05	2.16652e-06	6.45796e-08	
OG0004685	9.27968e-08	3.45247e-08	1.89153e-09	
OG0004686	1.73859e-09	4.41222e-08	4.04538e-08	
OG0004687	1.83518e-07	2.93308e-07	4.24088e-08	
OG0004688	1.4443e-05	2.16652e-06	6.45796e-08	
OG0004689	5.15498e-06	1.53956e-06	5.79374e-08	
OG0004690	5.18919e-06	1.59513e-06	5.96423e-08	
OG0004691	5.18919e-06	1.59513e-06	5.96423e-08	
OG0004693	1.4443e-05	2.16652e-06	6.45796e-08	
OG0004694	5.18919e-06	1.59513e-06	5.96423e-08	
OG0004695	5.61625e-06	1.5579e-06	5.82522e-08	
OG0004696	5.61625e-06	1.5579e-06	5.82522e-08	
OG0004699	5.18919e-06	1.59513e-06	5.96423e-08	
OG0004700	1.4443e-05	2.16652e-06	6.45796e-08	
OG0004701	1.4443e-05	2.16652e-06	6.45796e-08	
OG0004702	1.4443e-05	2.16652e-06	6.45796e-08	
OG0004703	4.41565e-08	4.40933e-08	4.76238e-09	
OG0004704	2.59056e-07	4.10762e-07	5.79046e-08	
OG0004705	1.4443e-05	2.16652e-06	6.45796e-08	
OG0004706	5.6418e-06	1.65897e-06	6.0245e-08	
OG0004707	5.96022e-06	1.89255e-06	7.6573e-08	
OG0004709	1.88603e-09	6.53047e-09	1.73424e-09	
OG0004710	5.18919e-06	1.59513e-06	5.96423e-08	
OG0004711	1.4443e-05	2.16652e-06	6.45796e-08	
OG0004712	5.96022e-06	1.89255e-06	7.6573e-08	
OG0004713	2.59056e-07	4.10762e-07	5.79046e-08	
OG0004714	9.27968e-08	3.45247e-08	1.89153e-09	
OG0004715	5.18919e-06	1.59513e-06	5.96423e-08	
OG0004716	8.95785e-09	8.24171e-09	8.66565e-10	
OG0004717	5.18919e-06	1.59513e-06	5.96423e-08	
OG0004718	7.24628e-07	2.70396e-07	1.48636e-08	
OG0004719	1.4443e-05	2.16652e-06	6.45796e-08	
OG0004720	8.1792e-08	2.12207e-07	3.32848e-08	
OG0004721	1.4443e-05	2.16652e-06	6.45796e-08	
OG0004722	5.15498e-06	1.53956e-06	5.79374e-08	
OG0004723	1.86969e-09	3.65712e-08	3.34305e-08	
OG0004724	8.15144e-08	1.99051e-07	3.19865e-08	
OG0004725	5.18919e-06	1.59513e-06	5.96423e-08	
OG0004726	3.17872e-11	5.02128e-09	1.78705e-08	
OG0004727	1.4443e-05	2.16652e-06	6.45796e-08	
OG0004728	5.96022e-06	1.89255e-06	7.6573e-08	
OG0004729	1.4443e-05	2.16652e-06	6.45796e-08	
OG0004730	5.18919e-06	1.59513e-06	5.96423e-08	
OG0004731	5.18919e-06	1.59513e-06	5.96423e-08	
OG0004732	5.18919e-06	1.59513e-06	5.96423e-08	
OG0004733	1.4443e-05	2.16652e-06	6.45796e-08	
OG0004734	5.18919e-06	1.59513e-06	5.96423e-08	
OG0004735	1.4443e-05	2.16652e-06	6.45796e-08	
OG0004736	1.02633e-10	1.06298e-09	5.35053e-10	
OG0004737	5.55757e-06	1.61244e-06	5.98048e-08	
OG0004739	5.96022e-06	1.89255e-06	7.6573e-08	
OG0004740	5.15498e-06	1.53956e-06	5.79374e-08	
OG0004741	1.4443e-05	2.16652e-06	6.45796e-08	
OG0004742	1.58424e-09	5.39015e-09	1.369e-09	
OG0004743	5.18919e-06	1.59513e-06	5.96423e-08	
OG0004744	5.61625e-06	1.5579e-06	5.82522e-08	
OG0004745	5.18919e-06	1.59513e-06	5.96423e-08	
OG0004746	9.27968e-08	3.45247e-08	1.89153e-09	
OG0004747	3.14962e-09	6.38936e-08	4.94333e-08	
OG0004748	5.36336e-06	1.58704e-06	5.96482e-08	
OG0004749	1.4443e-05	2.16652e-06	6.45796e-08	
OG0004750	5.18919e-06	1.59513e-06	5.96423e-08	
OG0004751	9.53999e-06	2.34022e-06	8.17325e-08	
OG0004752	5.36336e-06	1.58704e-06	5.96482e-08	
OG0004753	7.51377e-06	2.02571e-06	7.99208e-08	
OG0004754	2.10636e-07	3.26066e-07	4.44204e-08	
OG0004755	6.5859e-07	2.56368e-07	1.46417e-08	
OG0004756	5.6418e-06	1.65897e-06	6.0245e-08	
OG0004757	1.38649e-09	3.7716e-08	4.11317e-08	
OG0004758	9.27968e-08	3.45247e-08	1.89153e-09	
OG0004759	5.96022e-06	1.89255e-06	7.6573e-08	
OG0004761	1.4443e-05	2.16652e-06	6.45796e-08	
OG0004762	5.18919e-06	1.59513e-06	5.96423e-08	
OG0004763	2.59056e-07	4.10762e-07	5.79046e-08	
OG0004764	9.53999e-06	2.34022e-06	8.17325e-08	
OG0004765	2.40575e-13	8.76729e-10	2.17121e-08	
OG0004766	1.4443e-05	2.16652e-06	6.45796e-08	
OG0004767	7.4473e-12	1.58087e-10	9.94846e-11	
OG0004768	5.18919e-06	1.59513e-06	5.96423e-08	
OG0004769	5.6418e-06	1.65897e-06	6.0245e-08	
OG0004770	5.18919e-06	1.59513e-06	5.96423e-08	
OG0004771	5.61625e-06	1.5579e-06	5.82522e-08	
OG0004772	5.96022e-06	1.89255e-06	7.6573e-08	
OG0004774	1.4443e-05	2.16652e-06	6.45796e-08	
OG0004775	5.31119e-06	1.60644e-06	6.00341e-08	
OG0004776	6.5859e-07	2.56368e-07	1.46417e-08	
OG0004777	9.53999e-06	2.34022e-06	8.17325e-08	
OG0004778	5.18919e-06	1.59513e-06	5.96423e-08	
OG0004779	1.4443e-05	2.16652e-06	6.45796e-08	
OG0004780	6.44425e-06	1.94846e-06	7.70544e-08	
OG0004781	2.59056e-07	4.10762e-07	5.79046e-08	
OG0004783	9.79435e-06	1.43003e-06	3.69196e-08	
OG0004784	1.4443e-05	2.16652e-06	6.45796e-08	
OG0004786	5.96022e-06	1.89255e-06	7.6573e-08	
OG0004787	3.45375e-08	9.21812e-08	4.27944e-08	
OG0004788	5.61625e-06	1.5579e-06	5.82522e-08	
OG0004789	1.099e-08	1.13247e-07	5.81192e-08	
OG0004790	5.18919e-06	1.59513e-06	5.96423e-08	
OG0004791	1.4443e-05	2.16652e-06	6.45796e-08	
OG0004792	1.4443e-05	2.16652e-06	6.45796e-08	
OG0004793	5.18919e-06	1.59513e-06	5.96423e-08	
OG0004794	1.08718e-08	2.7418e-08	4.13953e-09	
OG0004795	5.61625e-06	1.5579e-06	5.82522e-08	
OG0004796	5.96022e-06	1.89255e-06	7.6573e-08	
OG0004797	5.18919e-06	1.59513e-06	5.96423e-08	
OG0004798	4.51282e-07	5.08237e-07	6.02053e-08	
OG0004799	2.60615e-11	4.98247e-09	2.08448e-08	
OG0004800	1.683e-07	4.12813e-07	7.22192e-08	
OG0004801	3.50308e-06	1.1655e-06	5.27415e-08	
OG0004802	1.35232e-07	3.7178e-07	6.21042e-08	
OG0004803	8.95616e-08	2.46285e-07	4.14613e-08	
OG0004804	3.50308e-06	1.1655e-06	5.27415e-08	
OG0004805	1.06593e-07	3.66663e-08	1.92772e-09	
OG0004806	6.5859e-07	2.56368e-07	1.46417e-08	
OG0004807	8.15144e-08	1.99051e-07	3.19865e-08	
OG0004808	5.18919e-06	1.59513e-06	5.96423e-08	
OG0004809	1.4443e-05	2.16652e-06	6.45796e-08	
OG0004810	5.6418e-06	1.65897e-06	6.0245e-08	
OG0004811	1.19571e-07	4.13949e-08	2.43565e-09	
OG0004812	1.4443e-05	2.16652e-06	6.45796e-08	
OG0004815	5.18919e-06	1.59513e-06	5.96423e-08	
OG0004816	5.18919e-06	1.59513e-06	5.96423e-08	
OG0004817	5.61625e-06	1.5579e-06	5.82522e-08	
OG0004818	1.4443e-05	2.16652e-06	6.45796e-08	
OG0004819	1.4443e-05	2.16652e-06	6.45796e-08	
OG0004820	5.18919e-06	1.59513e-06	5.96423e-08	
OG0004821	8.95616e-08	2.46285e-07	4.14613e-08	
OG0004822	5.18919e-06	1.59513e-06	5.96423e-08	
OG0004823	5.6418e-06	1.65897e-06	6.0245e-08	
OG0004824	1.4443e-05	2.16652e-06	6.45796e-08	
OG0004825	5.61625e-06	1.5579e-06	5.82522e-08	
OG0004826	5.55757e-06	1.61244e-06	5.98048e-08	
OG0004827	5.18919e-06	1.59513e-06	5.96423e-08	
OG0004828	3.26322e-09	8.99362e-09	2.04769e-09	
OG0004830	9.53999e-06	2.34022e-06	8.17325e-08	
OG0004831	1.27754e-05	1.79648e-06	4.91097e-08	
OG0004832	5.44957e-10	1.33616e-09	1.9242e-10	
OG0004833	5.18919e-06	1.59513e-06	5.96423e-08	
OG0004834	5.18919e-06	1.59513e-06	5.96423e-08	
OG0004835	5.18919e-06	1.59513e-06	5.96423e-08	
OG0004836	6.5859e-07	2.56368e-07	1.46417e-08	
OG0004837	8.95616e-08	2.46285e-07	4.14613e-08	
OG0004838	5.6418e-06	1.65897e-06	6.0245e-08	
OG0004840	1.4443e-05	2.16652e-06	6.45796e-08	
OG0004841	1.4443e-05	2.16652e-06	6.45796e-08	
OG0004842	5.96022e-06	1.89255e-06	7.6573e-08	
OG0004843	1.4443e-05	2.16652e-06	6.45796e-08	
OG0004844	8.95616e-08	2.46285e-07	4.14613e-08	
OG0004845	5.18919e-06	1.59513e-06	5.96423e-08	
OG0004847	1.4443e-05	2.16652e-06	6.45796e-08	
OG0004848	5.18919e-06	1.59513e-06	5.96423e-08	
OG0004849	1.4443e-05	2.16652e-06	6.45796e-08	
OG0004850	5.6418e-06	1.65897e-06	6.0245e-08	
OG0004851	1.4443e-05	2.16652e-06	6.45796e-08	
OG0004852	5.18919e-06	1.59513e-06	5.96423e-08	
OG0004853	5.18919e-06	1.59513e-06	5.96423e-08	
OG0004854	1.4443e-05	2.16652e-06	6.45796e-08	
OG0004855	5.18919e-06	1.59513e-06	5.96423e-08	
OG0004856	1.4443e-05	2.16652e-06	6.45796e-08	
OG0004857	1.65334e-09	5.63212e-09	1.37663e-09	
OG0004858	1.4443e-05	2.16652e-06	6.45796e-08	
OG0004859	1.36992e-08	4.98776e-08	1.3578e-08	
OG0004861	5.18919e-06	1.59513e-06	5.96423e-08	
OG0004863	9.92193e-07	5.39806e-07	5.77205e-08	
OG0004864	9.53999e-06	2.34022e-06	8.17325e-08	
OG0004865	5.18919e-06	1.59513e-06	5.96423e-08	
OG0004866	1.47037e-08	3.70441e-08	6.30232e-09	
OG0004868	5.61625e-06	1.5579e-06	5.82522e-08	
OG0004870	5.18919e-06	1.59513e-06	5.96423e-08	
OG0004871	5.96022e-06	1.89255e-06	7.6573e-08	
OG0004872	8.95616e-08	2.46285e-07	4.14613e-08	
OG0004873	1.4443e-05	2.16652e-06	6.45796e-08	
OG0004874	7.57541e-07	2.73244e-07	1.49546e-08	
OG0004875	5.18919e-06	1.59513e-06	5.96423e-08	
OG0004876	8.95616e-08	2.46285e-07	4.14613e-08	
OG0004877	9.53999e-06	2.34022e-06	8.17325e-08	
OG0004878	1.4443e-05	2.16652e-06	6.45796e-08	
OG0004880	1.0024e-07	2.57117e-07	4.38442e-08	
OG0004881	6.41853e-06	2.01855e-06	7.86918e-08	
OG0004882	1.4443e-05	2.16652e-06	6.45796e-08	
OG0004883	1.4443e-05	2.16652e-06	6.45796e-08	
OG0004886	8.95616e-08	2.46285e-07	4.14613e-08	
OG0004887	1.4443e-05	2.16652e-06	6.45796e-08	
OG0004888	5.18919e-06	1.59513e-06	5.96423e-08	
OG0004889	1.4443e-05	2.16652e-06	6.45796e-08	
OG0004890	1.4443e-05	2.16652e-06	6.45796e-08	
OG0004892	5.18919e-06	1.59513e-06	5.96423e-08	
OG0004893	2.59056e-07	4.10762e-07	5.79046e-08	
OG0004894	8.95616e-08	2.46285e-07	4.14613e-08	
OG0004895	5.96022e-06	1.89255e-06	7.6573e-08	
OG0004896	5.18919e-06	1.59513e-06	5.96423e-08	
OG0004897	1.4443e-05	2.16652e-06	6.45796e-08	
OG0004898	5.6418e-06	1.65897e-06	6.0245e-08	
OG0004899	1.0024e-07	2.57117e-07	4.38442e-08	
OG0004901	1.4443e-05	2.16652e-06	6.45796e-08	
OG0004902	1.4443e-05	2.16652e-06	6.45796e-08	
OG0004903	1.4443e-05	2.16652e-06	6.45796e-08	
OG0004904	7.57541e-07	2.73244e-07	1.49546e-08	
OG0004906	1.4443e-05	2.16652e-06	6.45796e-08	
OG0004907	1.4443e-05	2.16652e-06	6.45796e-08	
OG0004908	1.4443e-05	2.16652e-06	6.45796e-08	
OG0004909	1.4443e-05	2.16652e-06	6.45796e-08	
OG0004910	5.18919e-06	1.59513e-06	5.96423e-08	
OG0004911	5.6418e-06	1.65897e-06	6.0245e-08	
OG0004912	5.18919e-06	1.59513e-06	5.96423e-08	
OG0004913	4.44329e-08	5.38828e-08	6.44559e-09	
OG0004914	5.96022e-06	1.89255e-06	7.6573e-08	
OG0004915	1.4443e-05	2.16652e-06	6.45796e-08	
OG0004917	9.27968e-08	3.45247e-08	1.89153e-09	
OG0004918	9.27968e-08	3.45247e-08	1.89153e-09	
OG0004920	5.18919e-06	1.59513e-06	5.96423e-08	
OG0004921	9.27968e-08	3.45247e-08	1.89153e-09	
OG0004922	1.4443e-05	2.16652e-06	6.45796e-08	
OG0004923	1.9382e-10	6.30289e-10	1.43861e-10	
OG0004924	9.27968e-08	3.45247e-08	1.89153e-09	
OG0004925	5.36336e-06	1.58704e-06	5.96482e-08	
OG0004926	5.18919e-06	1.59513e-06	5.96423e-08	
OG0004927	1.4443e-05	2.16652e-06	6.45796e-08	
OG0004928	5.36336e-06	1.58704e-06	5.96482e-08	
OG0004929	5.96022e-06	1.89255e-06	7.6573e-08	
OG0004930	9.27968e-08	3.45247e-08	1.89153e-09	
OG0004932	5.18919e-06	1.59513e-06	5.96423e-08	
OG0004933	5.18919e-06	1.59513e-06	5.96423e-08	
OG0004934	5.18919e-06	1.59513e-06	5.96423e-08	
OG0004935	5.18919e-06	1.59513e-06	5.96423e-08	
OG0004937	5.96022e-06	1.89255e-06	7.6573e-08	
OG0004938	9.53999e-06	2.34022e-06	8.17325e-08	
OG0004939	9.27968e-08	3.45247e-08	1.89153e-09	
OG0004940	1.4443e-05	2.16652e-06	6.45796e-08	
OG0004941	5.96022e-06	1.89255e-06	7.6573e-08	
OG0004942	5.18919e-06	1.59513e-06	5.96423e-08	
OG0004943	2.10636e-07	3.26066e-07	4.44204e-08	
OG0004944	5.36336e-06	1.58704e-06	5.96482e-08	
OG0004945	5.61625e-06	1.5579e-06	5.82522e-08	
OG0004946	5.96022e-06	1.89255e-06	7.6573e-08	
OG0004947	5.96022e-06	1.89255e-06	7.6573e-08	
OG0004948	5.18919e-06	1.59513e-06	5.96423e-08	
OG0004949	1.4443e-05	2.16652e-06	6.45796e-08	
OG0004950	2.87796e-08	1.01132e-07	4.93028e-08	
OG0004951	1.4443e-05	2.16652e-06	6.45796e-08	
OG0004952	5.18919e-06	1.59513e-06	5.96423e-08	
OG0004953	1.4443e-05	2.16652e-06	6.45796e-08	
OG0004954	5.15498e-06	1.53956e-06	5.79374e-08	
OG0004955	1.4443e-05	2.16652e-06	6.45796e-08	
OG0004956	1.4443e-05	2.16652e-06	6.45796e-08	
OG0004957	5.18919e-06	1.59513e-06	5.96423e-08	
OG0004958	4.7198e-08	4.72243e-08	5.11838e-09	
OG0004960	5.18919e-06	1.59513e-06	5.96423e-08	
OG0004961	8.95616e-08	2.46285e-07	4.14613e-08	
OG0004962	2.65494e-07	3.02541e-07	3.63377e-08	
OG0004963	1.88603e-09	6.53047e-09	1.73424e-09	
OG0004964	5.36336e-06	1.58704e-06	5.96482e-08	
OG0004965	5.18919e-06	1.59513e-06	5.96423e-08	
OG0004966	9.27968e-08	3.45247e-08	1.89153e-09	
OG0004968	1.4443e-05	2.16652e-06	6.45796e-08	
OG0004969	5.96022e-06	1.89255e-06	7.6573e-08	
OG0004970	4.78779e-08	4.62145e-08	5.03873e-09	
OG0004971	7.51659e-08	2.03083e-07	3.26689e-08	
OG0004972	5.18919e-06	1.59513e-06	5.96423e-08	
OG0004973	8.29884e-09	3.09982e-08	8.05363e-09	
OG0004974	5.18919e-06	1.59513e-06	5.96423e-08	
OG0004975	9.53999e-06	2.34022e-06	8.17325e-08	
OG0004976	5.96022e-06	1.89255e-06	7.6573e-08	
OG0004977	5.18919e-06	1.59513e-06	5.96423e-08	
OG0004978	5.61625e-06	1.5579e-06	5.82522e-08	
OG0004979	5.18919e-06	1.59513e-06	5.96423e-08	
OG0004981	5.61625e-06	1.5579e-06	5.82522e-08	
OG0004984	1.4443e-05	2.16652e-06	6.45796e-08	
OG0004985	5.36336e-06	1.58704e-06	5.96482e-08	
OG0004987	5.96022e-06	1.89255e-06	7.6573e-08	
OG0004988	6.44425e-06	1.94846e-06	7.70544e-08	
OG0004990	1.94146e-08	4.23074e-08	6.96125e-09	
OG0004991	5.96022e-06	1.89255e-06	7.6573e-08	
OG0004993	9.09568e-08	2.44513e-07	4.21711e-08	
OG0004997	8.72979e-08	2.19471e-07	3.6557e-08	
OG0005001	9.09568e-08	2.44513e-07	4.21711e-08	
OG0005002	2.1625e-10	1.26483e-08	3.6153e-08	
OG0005004	2.25551e-07	3.60411e-07	4.94968e-08	
OG0005005	4.98238e-08	3.22341e-07	1.49233e-07	
OG0005006	8.12203e-11	6.10857e-09	2.04835e-08	
OG0005007	6.26341e-12	5.77341e-10	2.43342e-09	
OG0005011	9.08628e-08	2.39427e-07	3.81554e-08	
OG0005013	7.96117e-08	2.09064e-07	3.33924e-08	
OG0005014	8.93978e-08	2.62886e-07	4.56996e-08	
OG0005015	7.00253e-09	9.87024e-08	6.55874e-08	
OG0005016	7.0707e-08	1.82991e-07	3.00472e-08	
OG0005019	8.53926e-08	2.21868e-07	3.56096e-08	
OG0005021	1.42141e-09	4.3487e-08	7.50227e-08	
OG0005023	2.96944e-09	4.14636e-08	2.52806e-08	
OG0005028	7.0707e-08	1.82991e-07	3.00472e-08	
OG0005029	7.0707e-08	1.82991e-07	3.00472e-08	
OG0005030	1.7959e-10	3.64855e-09	2.60918e-09	
OG0005031	2.25551e-07	3.60411e-07	4.94968e-08	
OG0005043	4.33528e-13	9.17566e-10	1.81546e-08	
OG0005044	4.47552e-10	1.39011e-08	2.92209e-08	
OG0005046	4.16623e-12	2.23991e-09	1.44211e-08	
OG0005047	7.51583e-16	3.54612e-11	5.61769e-09	
OG0005054	1.44811e-11	3.26105e-09	1.51801e-08	
OG0005080	3.20323e-13	8.85889e-10	2.35639e-08	
OG0005093	8.71226e-13	1.68134e-09	3.39543e-08	
OG0005102	2.90919e-14	5.3968e-10	5.14307e-08	
OG0005105	2.04443e-07	2.68541e-07	7.68633e-08	
OG0005106	3.91825e-05	4.53275e-06	9.926e-08	
OG0005108	1.01149e-08	9.5244e-08	4.1745e-08	
OG0005109	4.3115e-05	4.78443e-06	1.00833e-07	
OG0005110	1.61458e-06	8.28807e-07	6.26574e-08	
OG0005111	4.49858e-05	4.80641e-06	1.01025e-07	
OG0005112	6.05382e-06	8.33372e-07	2.55111e-08	
OG0005113	6.05382e-06	8.33372e-07	2.55111e-08	
OG0005114	1.05269e-07	1.51625e-07	2.30402e-08	
OG0005115	3.91825e-05	4.53275e-06	9.926e-08	
OG0005116	3.91825e-05	4.53275e-06	9.926e-08	
OG0005117	3.91825e-05	4.53275e-06	9.926e-08	
OG0005118	3.55318e-05	4.16598e-06	9.6749e-08	
OG0005119	8.03613e-07	8.03238e-07	7.81825e-08	
OG0005122	4.49858e-05	4.80641e-06	1.01025e-07	
OG0005124	6.96858e-07	7.37122e-07	7.21612e-08	
OG0005125	3.91825e-05	4.53275e-06	9.926e-08	
OG0005126	1.61458e-06	8.28807e-07	6.26574e-08	
OG0005127	3.91825e-05	4.53275e-06	9.926e-08	
OG0005131	1.11711e-08	5.12699e-09	3.50948e-10	
OG0005132	3.91825e-05	4.53275e-06	9.926e-08	
OG0005134	6.96858e-07	7.37122e-07	7.21612e-08	
OG0005135	3.91825e-05	4.53275e-06	9.926e-08	
OG0005136	6.96858e-07	7.37122e-07	7.21612e-08	
OG0005138	3.91825e-05	4.53275e-06	9.926e-08	
OG0005139	3.91825e-05	4.53275e-06	9.926e-08	
OG0005141	2.38213e-07	1.12682e-07	8.11536e-09	
OG0005142	7.89722e-07	8.46704e-07	9.0377e-08	
OG0005143	3.91825e-05	4.53275e-06	9.926e-08	
OG0005144	3.91825e-05	4.53275e-06	9.926e-08	
OG0005145	4.49858e-05	4.80641e-06	1.01025e-07	
OG0005146	4.49858e-05	4.80641e-06	1.01025e-07	
OG0005147	3.91825e-05	4.53275e-06	9.926e-08	
OG0005148	3.91825e-05	4.53275e-06	9.926e-08	
OG0005149	2.09133e-09	4.81339e-08	4.37067e-08	
OG0005150	3.91825e-05	4.53275e-06	9.926e-08	
OG0005151	6.38714e-07	6.79789e-07	6.87134e-08	
OG0005152	4.49858e-05	4.80641e-06	1.01025e-07	
OG0005153	4.3115e-05	4.78443e-06	1.00833e-07	
OG0005154	3.91825e-05	4.53275e-06	9.926e-08	
OG0005155	6.96858e-07	7.37122e-07	7.21612e-08	
OG0005156	3.91825e-05	4.53275e-06	9.926e-08	
OG0005157	4.27246e-09	2.13589e-08	7.27315e-09	
OG0005158	1.33764e-06	1.15741e-06	1.06476e-07	
OG0005159	5.86166e-07	6.14952e-07	5.80012e-08	
OG0005160	7.89722e-07	8.46704e-07	9.0377e-08	
OG0005162	6.96858e-07	7.37122e-07	7.21612e-08	
OG0005164	3.91825e-05	4.53275e-06	9.926e-08	
OG0005165	5.86166e-07	6.14952e-07	5.80012e-08	
OG0005166	5.0234e-05	5.38196e-06	1.26895e-07	
OG0005167	3.91825e-05	4.53275e-06	9.926e-08	
OG0005168	3.91825e-05	4.53275e-06	9.926e-08	
OG0005169	3.91825e-05	4.53275e-06	9.926e-08	
OG0005170	7.35955e-10	2.37959e-09	6.19502e-10	
OG0005171	3.91825e-05	4.53275e-06	9.926e-08	
OG0005172	3.91825e-05	4.53275e-06	9.926e-08	
OG0005173	5.99202e-07	6.19424e-07	5.79599e-08	
OG0005174	3.91825e-05	4.53275e-06	9.926e-08	
OG0005175	7.89722e-07	8.46704e-07	9.0377e-08	
OG0005176	3.91825e-05	4.53275e-06	9.926e-08	
OG0005177	7.89722e-07	8.46704e-07	9.0377e-08	
OG0005178	6.96858e-07	7.37122e-07	7.21612e-08	
OG0005179	3.91825e-05	4.53275e-06	9.926e-08	
OG0005180	4.3115e-05	4.78443e-06	1.00833e-07	
OG0005181	4.3115e-05	4.78443e-06	1.00833e-07	
OG0005182	9.9371e-08	1.45653e-07	2.2638e-08	
OG0005184	2.69944e-15	6.80729e-11	8.04025e-09	
OG0005185	6.96858e-07	7.37122e-07	7.21612e-08	
OG0005189	6.05382e-06	8.33372e-07	2.55111e-08	
OG0005190	3.91825e-05	4.53275e-06	9.926e-08	
OG0005191	4.49858e-05	4.80641e-06	1.01025e-07	
OG0005192	4.49858e-05	4.80641e-06	1.01025e-07	
OG0005193	3.91825e-05	4.53275e-06	9.926e-08	
OG0005194	4.3115e-05	4.78443e-06	1.00833e-07	
OG0005196	3.91825e-05	4.53275e-06	9.926e-08	
OG0005197	8.55869e-08	8.29614e-08	7.49431e-09	
OG0005198	3.91825e-05	4.53275e-06	9.926e-08	
OG0005199	6.96858e-07	7.37122e-07	7.21612e-08	
OG0005200	3.91825e-05	4.53275e-06	9.926e-08	
OG0005201	4.01364e-09	3.77482e-09	3.24117e-10	
OG0005202	3.91825e-05	4.53275e-06	9.926e-08	
OG0005203	3.91825e-05	4.53275e-06	9.926e-08	
OG0005204	3.91825e-05	4.53275e-06	9.926e-08	
OG0005205	4.3115e-05	4.78443e-06	1.00833e-07	
OG0005206	1.42876e-10	1.25933e-08	3.51758e-08	
OG0005207	6.96858e-07	7.37122e-07	7.21612e-08	
OG0005208	4.3115e-05	4.78443e-06	1.00833e-07	
OG0005210	4.3115e-05	4.78443e-06	1.00833e-07	
OG0005212	3.91825e-05	4.53275e-06	9.926e-08	
OG0005214	3.91825e-05	4.53275e-06	9.926e-08	
OG0005215	3.91825e-05	4.53275e-06	9.926e-08	
OG0005216	6.96858e-07	7.37122e-07	7.21612e-08	
OG0005218	4.3115e-05	4.78443e-06	1.00833e-07	
OG0005219	4.3115e-05	4.78443e-06	1.00833e-07	
OG0005220	3.91825e-05	4.53275e-06	9.926e-08	
OG0005221	3.91825e-05	4.53275e-06	9.926e-08	
OG0005222	4.49858e-05	4.80641e-06	1.01025e-07	
OG0005224	4.49858e-05	4.80641e-06	1.01025e-07	
OG0005225	3.91825e-05	4.53275e-06	9.926e-08	
OG0005226	3.91825e-05	4.53275e-06	9.926e-08	
OG0005228	6.96858e-07	7.37122e-07	7.21612e-08	
OG0005229	3.91825e-05	4.53275e-06	9.926e-08	
OG0005231	3.91825e-05	4.53275e-06	9.926e-08	
OG0005232	3.91825e-05	4.53275e-06	9.926e-08	
OG0005233	9.10035e-08	1.23762e-07	1.82884e-08	
OG0005234	1.61458e-06	8.28807e-07	6.26574e-08	
OG0005235	3.91825e-05	4.53275e-06	9.926e-08	
OG0005236	3.91825e-05	4.53275e-06	9.926e-08	
OG0005237	4.49858e-05	4.80641e-06	1.01025e-07	
OG0005238	3.91825e-05	4.53275e-06	9.926e-08	
OG0005239	9.83028e-08	9.84196e-08	9.61876e-09	
OG0005240	3.91825e-05	4.53275e-06	9.926e-08	
OG0005241	3.91825e-05	4.53275e-06	9.926e-08	
OG0005242	5.0234e-05	5.38196e-06	1.26895e-07	
OG0005244	8.03613e-07	8.03238e-07	7.81825e-08	
OG0005246	4.49858e-05	4.80641e-06	1.01025e-07	
OG0005248	6.96858e-07	7.37122e-07	7.21612e-08	
OG0005250	3.91825e-05	4.53275e-06	9.926e-08	
OG0005251	6.96858e-07	7.37122e-07	7.21612e-08	
OG0005252	8.53244e-07	1.12542e-07	3.30355e-09	
OG0005254	3.91825e-05	4.53275e-06	9.926e-08	
OG0005255	2.38213e-07	1.12682e-07	8.11536e-09	
OG0005256	3.91825e-05	4.53275e-06	9.926e-08	
OG0005258	9.10035e-08	1.23762e-07	1.82884e-08	
OG0005259	3.91825e-05	4.53275e-06	9.926e-08	
OG0005260	3.91825e-05	4.53275e-06	9.926e-08	
OG0005261	1.56521e-07	2.42316e-07	8.10231e-08	
OG0005262	9.10035e-08	1.23762e-07	1.82884e-08	
OG0005263	3.91825e-05	4.53275e-06	9.926e-08	
OG0005264	3.91825e-05	4.53275e-06	9.926e-08	
OG0005266	4.49858e-05	4.80641e-06	1.01025e-07	
OG0005267	2.20977e-10	1.46454e-08	3.23766e-08	
OG0005268	2.91877e-09	6.78516e-08	5.42718e-08	
OG0005270	3.91825e-05	4.53275e-06	9.926e-08	
OG0005271	2.15115e-09	5.60934e-08	4.84992e-08	
OG0005272	3.91825e-05	4.53275e-06	9.926e-08	
OG0005273	3.91825e-05	4.53275e-06	9.926e-08	
OG0005274	3.91825e-05	4.53275e-06	9.926e-08	
OG0005275	5.0234e-05	5.38196e-06	1.26895e-07	
OG0005276	3.91825e-05	4.53275e-06	9.926e-08	
OG0005277	3.91825e-05	4.53275e-06	9.926e-08	
OG0005279	4.3115e-05	4.78443e-06	1.00833e-07	
OG0005280	3.2893e-11	7.23786e-10	1.10534e-09	
OG0005281	4.3115e-05	4.78443e-06	1.00833e-07	
OG0005282	4.49858e-05	4.80641e-06	1.01025e-07	
OG0005283	1.07556e-06	1.04631e-06	1.04126e-07	
OG0005285	3.91825e-05	4.53275e-06	9.926e-08	
OG0005288	3.91825e-05	4.53275e-06	9.926e-08	
OG0005289	3.91825e-05	4.53275e-06	9.926e-08	
OG0005291	3.91825e-05	4.53275e-06	9.926e-08	
OG0005292	1.61458e-06	8.28807e-07	6.26574e-08	
OG0005293	3.91825e-05	4.53275e-06	9.926e-08	
OG0005294	3.91825e-05	4.53275e-06	9.926e-08	
OG0005295	4.49858e-05	4.80641e-06	1.01025e-07	
OG0005297	3.91825e-05	4.53275e-06	9.926e-08	
OG0005298	4.3115e-05	4.78443e-06	1.00833e-07	
OG0005300	3.91825e-05	4.53275e-06	9.926e-08	
OG0005303	3.91825e-05	4.53275e-06	9.926e-08	
OG0005304	9.04104e-07	9.87754e-07	1.0555e-07	
OG0005305	5.86166e-07	6.14952e-07	5.80012e-08	
OG0005307	3.91825e-05	4.53275e-06	9.926e-08	
OG0005308	3.91825e-05	4.53275e-06	9.926e-08	
OG0005309	6.96858e-07	7.37122e-07	7.21612e-08	
OG0005311	5.0234e-05	5.38196e-06	1.26895e-07	
OG0005312	3.91825e-05	4.53275e-06	9.926e-08	
OG0005313	5.0234e-05	5.38196e-06	1.26895e-07	
OG0005315	3.91825e-05	4.53275e-06	9.926e-08	
OG0005316	3.55318e-05	4.16598e-06	9.6749e-08	
OG0005318	4.49858e-05	4.80641e-06	1.01025e-07	
OG0005320	4.3115e-05	4.78443e-06	1.00833e-07	
OG0005322	4.49858e-05	4.80641e-06	1.01025e-07	
OG0005323	3.91825e-05	4.53275e-06	9.926e-08	
OG0005324	4.3115e-05	4.78443e-06	1.00833e-07	
OG0005325	3.91825e-05	4.53275e-06	9.926e-08	
OG0005326	6.96858e-07	7.37122e-07	7.21612e-08	
OG0005327	6.96858e-07	7.37122e-07	7.21612e-08	
OG0005330	3.91825e-05	4.53275e-06	9.926e-08	
OG0005331	4.3115e-05	4.78443e-06	1.00833e-07	
OG0005332	4.49858e-05	4.80641e-06	1.01025e-07	
OG0005333	9.10035e-08	1.23762e-07	1.82884e-08	
OG0005335	4.3115e-05	4.78443e-06	1.00833e-07	
OG0005336	3.91825e-05	4.53275e-06	9.926e-08	
OG0005337	4.49858e-05	4.80641e-06	1.01025e-07	
OG0005338	3.91825e-05	4.53275e-06	9.926e-08	
OG0005339	6.96858e-07	7.37122e-07	7.21612e-08	
OG0005340	3.91825e-05	4.53275e-06	9.926e-08	
OG0005341	8.03613e-07	8.03238e-07	7.81825e-08	
OG0005342	3.02674e-09	1.52535e-08	5.32846e-09	
OG0005343	3.91825e-05	4.53275e-06	9.926e-08	
OG0005344	4.49858e-05	4.80641e-06	1.01025e-07	
OG0005345	1.71145e-08	2.13592e-08	3.27683e-09	
OG0005346	3.91825e-05	4.53275e-06	9.926e-08	
OG0005347	4.49858e-05	4.80641e-06	1.01025e-07	
OG0005348	6.96858e-07	7.37122e-07	7.21612e-08	
OG0005349	1.07556e-06	1.04631e-06	1.04126e-07	
OG0005350	6.96858e-07	7.37122e-07	7.21612e-08	
OG0005351	3.91825e-05	4.53275e-06	9.926e-08	
OG0005352	9.04104e-07	9.87754e-07	1.0555e-07	
OG0005353	3.91825e-05	4.53275e-06	9.926e-08	
OG0005354	3.91825e-05	4.53275e-06	9.926e-08	
OG0005355	1.14477e-09	4.39152e-08	7.69458e-08	
OG0005356	3.91825e-05	4.53275e-06	9.926e-08	
OG0005357	3.91825e-05	4.53275e-06	9.926e-08	
OG0005358	1.08468e-07	1.42176e-07	2.04464e-08	
OG0005359	3.91825e-05	4.53275e-06	9.926e-08	
OG0005360	3.91825e-05	4.53275e-06	9.926e-08	
OG0005361	3.91825e-05	4.53275e-06	9.926e-08	
OG0005362	4.3115e-05	4.78443e-06	1.00833e-07	
OG0005363	6.96858e-07	7.37122e-07	7.21612e-08	
OG0005365	6.96858e-07	7.37122e-07	7.21612e-08	
OG0005366	1.11711e-08	5.12699e-09	3.50948e-10	
OG0005367	3.91825e-05	4.53275e-06	9.926e-08	
OG0005369	4.49858e-05	4.80641e-06	1.01025e-07	
OG0005370	1.1181e-08	9.84054e-08	5.7095e-08	
OG0005371	9.10035e-08	1.23762e-07	1.82884e-08	
OG0005373	5.0234e-05	5.38196e-06	1.26895e-07	
OG0005374	1.758e-09	1.90573e-09	2.41444e-10	
OG0005375	4.3115e-05	4.78443e-06	1.00833e-07	
OG0005376	3.91825e-05	4.53275e-06	9.926e-08	
OG0005377	3.91825e-05	4.53275e-06	9.926e-08	
OG0005378	4.49858e-05	4.80641e-06	1.01025e-07	
OG0005379	3.91825e-05	4.53275e-06	9.926e-08	
OG0005380	6.7956e-07	8.05911e-07	8.59434e-08	
OG0005381	4.3115e-05	4.78443e-06	1.00833e-07	
OG0005382	6.96858e-07	7.37122e-07	7.21612e-08	
OG0005383	4.3115e-05	4.78443e-06	1.00833e-07	
OG0005384	3.91825e-05	4.53275e-06	9.926e-08	
OG0005385	2.09133e-09	4.81339e-08	4.37067e-08	
OG0005386	3.91825e-05	4.53275e-06	9.926e-08	
OG0005387	4.49858e-05	4.80641e-06	1.01025e-07	
OG0005388	3.91825e-05	4.53275e-06	9.926e-08	
OG0005389	5.38678e-12	3.45064e-09	3.66019e-08	
OG0005398	4.49858e-05	4.80641e-06	1.01025e-07	
OG0005399	2.02737e-14	4.6575e-12	1.70079e-11	
OG0005401	1.28244e-08	1.6694e-08	2.36895e-09	
OG0005403	4.3115e-05	4.78443e-06	1.00833e-07	
OG0005404	6.96858e-07	7.37122e-07	7.21612e-08	
OG0005405	3.91825e-05	4.53275e-06	9.926e-08	
OG0005406	3.91825e-05	4.53275e-06	9.926e-08	
OG0005408	4.3115e-05	4.78443e-06	1.00833e-07	
OG0005410	9.83028e-08	9.84196e-08	9.61876e-09	
OG0005411	5.67866e-07	6.16324e-07	6.33279e-08	
OG0005412	6.38714e-07	6.79789e-07	6.87134e-08	
OG0005413	5.0234e-05	5.38196e-06	1.26895e-07	
OG0005414	6.96858e-07	7.37122e-07	7.21612e-08	
OG0005415	3.91825e-05	4.53275e-06	9.926e-08	
OG0005416	4.3115e-05	4.78443e-06	1.00833e-07	
OG0005417	1.02418e-07	1.36687e-07	2.01069e-08	
OG0005418	8.03613e-07	8.03238e-07	7.81825e-08	
OG0005420	5.07643e-09	8.98992e-09	1.82785e-09	
OG0005421	3.91825e-05	4.53275e-06	9.926e-08	
OG0005424	8.03613e-07	8.03238e-07	7.81825e-08	
OG0005426	4.3115e-05	4.78443e-06	1.00833e-07	
OG0005427	3.91825e-05	4.53275e-06	9.926e-08	
OG0005428	2.28375e-06	1.23966e-06	9.85934e-08	
OG0005429	4.3115e-05	4.78443e-06	1.00833e-07	
OG0005430	3.91825e-05	4.53275e-06	9.926e-08	
OG0005431	3.91825e-05	4.53275e-06	9.926e-08	
OG0005432	1.13666e-10	1.89516e-08	6.439e-08	
OG0005433	3.91825e-05	4.53275e-06	9.926e-08	
OG0005434	4.3115e-05	4.78443e-06	1.00833e-07	
OG0005435	4.49858e-05	4.80641e-06	1.01025e-07	
OG0005436	3.91825e-05	4.53275e-06	9.926e-08	
OG0005438	4.49858e-05	4.80641e-06	1.01025e-07	
OG0005439	4.49858e-05	4.80641e-06	1.01025e-07	
OG0005440	3.91825e-05	4.53275e-06	9.926e-08	
OG0005442	3.91825e-05	4.53275e-06	9.926e-08	
OG0005443	1.01149e-08	9.5244e-08	4.1745e-08	
OG0005444	3.91825e-05	4.53275e-06	9.926e-08	
OG0005446	3.91825e-05	4.53275e-06	9.926e-08	
OG0005447	3.91825e-05	4.53275e-06	9.926e-08	
OG0005449	3.91825e-05	4.53275e-06	9.926e-08	
OG0005450	2.53539e-11	2.73889e-10	2.01821e-10	
OG0005451	3.91825e-05	4.53275e-06	9.926e-08	
OG0005452	3.91825e-05	4.53275e-06	9.926e-08	
OG0005454	4.49858e-05	4.80641e-06	1.01025e-07	
OG0005455	3.91825e-05	4.53275e-06	9.926e-08	
OG0005456	4.3115e-05	4.78443e-06	1.00833e-07	
OG0005458	3.91825e-05	4.53275e-06	9.926e-08	
OG0005459	3.91825e-05	4.53275e-06	9.926e-08	
OG0005460	3.91825e-05	4.53275e-06	9.926e-08	
OG0005461	3.91825e-05	4.53275e-06	9.926e-08	
OG0005462	3.91825e-05	4.53275e-06	9.926e-08	
OG0005463	5.07643e-09	8.98992e-09	1.82785e-09	
OG0005464	1.06286e-07	1.01328e-07	9.67941e-09	
OG0005465	3.91825e-05	4.53275e-06	9.926e-08	
OG0005466	3.91825e-05	4.53275e-06	9.926e-08	
OG0005467	4.49858e-05	4.80641e-06	1.01025e-07	
OG0005470	3.91825e-05	4.53275e-06	9.926e-08	
OG0005471	3.91825e-05	4.53275e-06	9.926e-08	
OG0005472	4.49858e-05	4.80641e-06	1.01025e-07	
OG0005473	3.91825e-05	4.53275e-06	9.926e-08	
OG0005474	4.3115e-05	4.78443e-06	1.00833e-07	
OG0005475	3.91825e-05	4.53275e-06	9.926e-08	
OG0005476	3.91825e-05	4.53275e-06	9.926e-08	
OG0005477	5.0234e-05	5.38196e-06	1.26895e-07	
OG0005478	3.91825e-05	4.53275e-06	9.926e-08	
OG0005480	6.96858e-07	7.37122e-07	7.21612e-08	
OG0005481	6.05382e-06	8.33372e-07	2.55111e-08	
OG0005483	3.91825e-05	4.53275e-06	9.926e-08	
OG0005485	3.91825e-05	4.53275e-06	9.926e-08	
OG0005486	3.91825e-05	4.53275e-06	9.926e-08	
OG0005488	3.91825e-05	4.53275e-06	9.926e-08	
OG0005489	2.57096e-10	1.67974e-08	3.4873e-08	
OG0005490	3.91825e-05	4.53275e-06	9.926e-08	
OG0005491	3.91825e-05	4.53275e-06	9.926e-08	
OG0005492	3.91825e-05	4.53275e-06	9.926e-08	
OG0005493	3.91825e-05	4.53275e-06	9.926e-08	
OG0005494	1.61458e-06	8.28807e-07	6.26574e-08	
OG0005495	1.02418e-07	1.36687e-07	2.01069e-08	
OG0005496	4.49858e-05	4.80641e-06	1.01025e-07	
OG0005497	3.91825e-05	4.53275e-06	9.926e-08	
OG0005498	3.91825e-05	4.53275e-06	9.926e-08	
OG0005499	3.91825e-05	4.53275e-06	9.926e-08	
OG0005500	3.91825e-05	4.53275e-06	9.926e-08	
OG0005501	2.38213e-07	1.12682e-07	8.11536e-09	
OG0005502	4.3115e-05	4.78443e-06	1.00833e-07	
OG0005503	3.91825e-05	4.53275e-06	9.926e-08	
OG0005504	3.91825e-05	4.53275e-06	9.926e-08	
OG0005505	3.91825e-05	4.53275e-06	9.926e-08	
OG0005506	8.55869e-08	8.29614e-08	7.49431e-09	
OG0005507	3.91825e-05	4.53275e-06	9.926e-08	
OG0005508	3.91825e-05	4.53275e-06	9.926e-08	
OG0005510	3.91825e-05	4.53275e-06	9.926e-08	
OG0005511	3.91825e-05	4.53275e-06	9.926e-08	
OG0005512	9.83028e-08	9.84196e-08	9.61876e-09	
OG0005514	3.91825e-05	4.53275e-06	9.926e-08	
OG0005515	4.3115e-05	4.78443e-06	1.00833e-07	
OG0005516	3.91825e-05	4.53275e-06	9.926e-08	
OG0005517	4.49858e-05	4.80641e-06	1.01025e-07	
OG0005518	7.89722e-07	8.46704e-07	9.0377e-08	
OG0005519	3.91825e-05	4.53275e-06	9.926e-08	
OG0005520	4.3115e-05	4.78443e-06	1.00833e-07	
OG0005521	3.91825e-05	4.53275e-06	9.926e-08	
OG0005522	4.3115e-05	4.78443e-06	1.00833e-07	
OG0005523	8.55869e-08	8.29614e-08	7.49431e-09	
OG0005524	3.91825e-05	4.53275e-06	9.926e-08	
OG0005526	3.91825e-05	4.53275e-06	9.926e-08	
OG0005527	4.49858e-05	4.80641e-06	1.01025e-07	
OG0005529	2.38213e-07	1.12682e-07	8.11536e-09	
OG0005530	3.91825e-05	4.53275e-06	9.926e-08	
OG0005531	3.91825e-05	4.53275e-06	9.926e-08	
OG0005532	5.86166e-07	6.14952e-07	5.80012e-08	
OG0005533	4.49858e-05	4.80641e-06	1.01025e-07	
OG0005534	3.91825e-05	4.53275e-06	9.926e-08	
OG0005535	3.91825e-05	4.53275e-06	9.926e-08	
OG0005537	3.91825e-05	4.53275e-06	9.926e-08	
OG0005538	3.91825e-05	4.53275e-06	9.926e-08	
OG0005539	6.96858e-07	7.37122e-07	7.21612e-08	
OG0005540	3.91825e-05	4.53275e-06	9.926e-08	
OG0005541	3.91825e-05	4.53275e-06	9.926e-08	
OG0005542	3.91825e-05	4.53275e-06	9.926e-08	
OG0005543	3.91825e-05	4.53275e-06	9.926e-08	
OG0005544	4.49858e-05	4.80641e-06	1.01025e-07	
OG0005545	8.23609e-07	9.05619e-07	9.02242e-08	
OG0005546	3.91825e-05	4.53275e-06	9.926e-08	
OG0005547	4.49858e-05	4.80641e-06	1.01025e-07	
OG0005549	3.91825e-05	4.53275e-06	9.926e-08	
OG0005551	3.91825e-05	4.53275e-06	9.926e-08	
OG0005553	4.3115e-05	4.78443e-06	1.00833e-07	
OG0005554	3.91825e-05	4.53275e-06	9.926e-08	
OG0005555	4.49858e-05	4.80641e-06	1.01025e-07	
OG0005559	3.91825e-05	4.53275e-06	9.926e-08	
OG0005560	4.49858e-05	4.80641e-06	1.01025e-07	
OG0005561	1.47716e-09	1.28089e-08	5.20969e-09	
OG0005562	3.91825e-05	4.53275e-06	9.926e-08	
OG0005563	5.0234e-05	5.38196e-06	1.26895e-07	
OG0005564	1.87669e-07	2.58402e-07	7.57718e-08	
OG0005565	7.89722e-07	8.46704e-07	9.0377e-08	
OG0005566	3.91825e-05	4.53275e-06	9.926e-08	
OG0005567	3.91825e-05	4.53275e-06	9.926e-08	
OG0005568	4.49858e-05	4.80641e-06	1.01025e-07	
OG0005571	2.22862e-07	1.05211e-07	7.5509e-09	
OG0005572	3.91825e-05	4.53275e-06	9.926e-08	
OG0005574	3.91825e-05	4.53275e-06	9.926e-08	
OG0005575	4.49858e-05	4.80641e-06	1.01025e-07	
OG0005577	8.03613e-07	8.03238e-07	7.81825e-08	
OG0005578	3.35651e-08	1.54534e-08	1.06416e-09	
OG0005579	6.54429e-07	6.28016e-07	5.8082e-08	
OG0005582	4.49858e-05	4.80641e-06	1.01025e-07	
OG0005583	6.96858e-07	7.37122e-07	7.21612e-08	
OG0005584	3.91825e-05	4.53275e-06	9.926e-08	
OG0005585	6.96858e-07	7.37122e-07	7.21612e-08	
OG0005587	2.28375e-06	1.23966e-06	9.85934e-08	
OG0005588	3.91825e-05	4.53275e-06	9.926e-08	
OG0005589	6.05382e-06	8.33372e-07	2.55111e-08	
OG0005590	4.3115e-05	4.78443e-06	1.00833e-07	
OG0005591	1.61458e-06	8.28807e-07	6.26574e-08	
OG0005592	3.91825e-05	4.53275e-06	9.926e-08	
OG0005593	4.3115e-05	4.78443e-06	1.00833e-07	
OG0005594	3.91825e-05	4.53275e-06	9.926e-08	
OG0005595	3.91825e-05	4.53275e-06	9.926e-08	
OG0005596	3.91825e-05	4.53275e-06	9.926e-08	
OG0005597	3.91825e-05	4.53275e-06	9.926e-08	
OG0005599	8.22823e-07	8.64864e-07	8.65591e-08	
OG0005600	8.03613e-07	8.03238e-07	7.81825e-08	
OG0005601	3.91825e-05	4.53275e-06	9.926e-08	
OG0005602	6.96858e-07	7.37122e-07	7.21612e-08	
OG0005603	3.91825e-05	4.53275e-06	9.926e-08	
OG0005604	3.91825e-05	4.53275e-06	9.926e-08	
OG0005605	3.91825e-05	4.53275e-06	9.926e-08	
OG0005606	3.91825e-05	4.53275e-06	9.926e-08	
OG0005607	5.0234e-05	5.38196e-06	1.26895e-07	
OG0005608	6.38714e-07	6.79789e-07	6.87134e-08	
OG0005609	3.91825e-05	4.53275e-06	9.926e-08	
OG0005611	3.91825e-05	4.53275e-06	9.926e-08	
OG0005612	1.61458e-06	8.28807e-07	6.26574e-08	
OG0005613	3.91825e-05	4.53275e-06	9.926e-08	
OG0005614	3.91825e-05	4.53275e-06	9.926e-08	
OG0005615	4.3115e-05	4.78443e-06	1.00833e-07	
OG0005616	4.49858e-05	4.80641e-06	1.01025e-07	
OG0005617	1.47716e-09	1.28089e-08	5.20969e-09	
OG0005620	9.83028e-08	9.84196e-08	9.61876e-09	
OG0005621	3.91825e-05	4.53275e-06	9.926e-08	
OG0005622	3.91825e-05	4.53275e-06	9.926e-08	
OG0005623	5.86166e-07	6.14952e-07	5.80012e-08	
OG0005624	3.91825e-05	4.53275e-06	9.926e-08	
OG0005627	3.91825e-05	4.53275e-06	9.926e-08	
OG0005628	3.91825e-05	4.53275e-06	9.926e-08	
OG0005629	3.91825e-05	4.53275e-06	9.926e-08	
OG0005630	3.91825e-05	4.53275e-06	9.926e-08	
OG0005633	3.91825e-05	4.53275e-06	9.926e-08	
OG0005634	4.3115e-05	4.78443e-06	1.00833e-07	
OG0005635	3.91825e-05	4.53275e-06	9.926e-08	
OG0005637	3.91825e-05	4.53275e-06	9.926e-08	
OG0005638	3.91825e-05	4.53275e-06	9.926e-08	
OG0005639	3.91825e-05	4.53275e-06	9.926e-08	
OG0005640	3.91825e-05	4.53275e-06	9.926e-08	
OG0005641	6.7956e-07	8.05911e-07	8.59434e-08	
OG0005642	3.91825e-05	4.53275e-06	9.926e-08	
OG0005643	3.91825e-05	4.53275e-06	9.926e-08	
OG0005644	8.55869e-08	8.29614e-08	7.49431e-09	
OG0005649	3.91825e-05	4.53275e-06	9.926e-08	
OG0005650	6.54429e-07	6.28016e-07	5.8082e-08	
OG0005651	3.91825e-05	4.53275e-06	9.926e-08	
OG0005652	3.91825e-05	4.53275e-06	9.926e-08	
OG0005653	3.91825e-05	4.53275e-06	9.926e-08	
OG0005654	3.91825e-05	4.53275e-06	9.926e-08	
OG0005655	3.91825e-05	4.53275e-06	9.926e-08	
OG0005656	6.05382e-06	8.33372e-07	2.55111e-08	
OG0005657	4.3115e-05	4.78443e-06	1.00833e-07	
OG0005658	4.3115e-05	4.78443e-06	1.00833e-07	
OG0005659	3.91825e-05	4.53275e-06	9.926e-08	
OG0005661	3.91825e-05	4.53275e-06	9.926e-08	
OG0005662	3.91825e-05	4.53275e-06	9.926e-08	
OG0005663	3.91825e-05	4.53275e-06	9.926e-08	
OG0005665	3.91825e-05	4.53275e-06	9.926e-08	
OG0005666	5.0234e-05	5.38196e-06	1.26895e-07	
OG0005667	1.61458e-06	8.28807e-07	6.26574e-08	
OG0005668	6.96858e-07	7.37122e-07	7.21612e-08	
OG0005669	3.91825e-05	4.53275e-06	9.926e-08	
OG0005670	7.89722e-07	8.46704e-07	9.0377e-08	
OG0005671	6.96858e-07	7.37122e-07	7.21612e-08	
OG0005672	7.89722e-07	8.46704e-07	9.0377e-08	
OG0005673	3.91825e-05	4.53275e-06	9.926e-08	
OG0005674	1.33764e-06	1.15741e-06	1.06476e-07	
OG0005675	1.0813e-08	1.41073e-08	1.9458e-09	
OG0005676	3.91825e-05	4.53275e-06	9.926e-08	
OG0005678	8.53244e-07	1.12542e-07	3.30355e-09	
OG0005679	3.91825e-05	4.53275e-06	9.926e-08	
OG0005681	5.86166e-07	6.14952e-07	5.80012e-08	
OG0005682	3.91825e-05	4.53275e-06	9.926e-08	
OG0005683	4.49858e-05	4.80641e-06	1.01025e-07	
OG0005684	7.89722e-07	8.46704e-07	9.0377e-08	
OG0005685	8.22823e-07	8.64864e-07	8.65591e-08	
OG0005686	4.49858e-05	4.80641e-06	1.01025e-07	
OG0005687	1.28244e-08	1.6694e-08	2.36895e-09	
OG0005688	3.91825e-05	4.53275e-06	9.926e-08	
OG0005689	6.96858e-07	7.37122e-07	7.21612e-08	
OG0005690	3.91825e-05	4.53275e-06	9.926e-08	
OG0005691	3.91825e-05	4.53275e-06	9.926e-08	
OG0005692	3.91825e-05	4.53275e-06	9.926e-08	
OG0005693	3.91825e-05	4.53275e-06	9.926e-08	
OG0005694	3.91825e-05	4.53275e-06	9.926e-08	
OG0005695	4.49858e-05	4.80641e-06	1.01025e-07	
OG0005696	3.91825e-05	4.53275e-06	9.926e-08	
OG0005697	4.49858e-05	4.80641e-06	1.01025e-07	
OG0005698	6.96858e-07	7.37122e-07	7.21612e-08	
OG0005699	7.89722e-07	8.46704e-07	9.0377e-08	
OG0005700	6.96858e-07	7.37122e-07	7.21612e-08	
OG0005701	3.91825e-05	4.53275e-06	9.926e-08	
OG0005702	4.49858e-05	4.80641e-06	1.01025e-07	
OG0005703	3.91825e-05	4.53275e-06	9.926e-08	
OG0005704	3.91825e-05	4.53275e-06	9.926e-08	
OG0005705	3.91825e-05	4.53275e-06	9.926e-08	
OG0005706	1.0813e-08	1.41073e-08	1.9458e-09	
OG0005708	2.30523e-07	3.35818e-07	9.20554e-08	
OG0005709	3.91825e-05	4.53275e-06	9.926e-08	
OG0005710	4.49858e-05	4.80641e-06	1.01025e-07	
OG0005711	9.26306e-08	8.1026e-08	7.3194e-09	
OG0005713	4.3115e-05	4.78443e-06	1.00833e-07	
OG0005714	4.3115e-05	4.78443e-06	1.00833e-07	
OG0005716	8.03613e-07	8.03238e-07	7.81825e-08	
OG0005717	4.49858e-05	4.80641e-06	1.01025e-07	
OG0005718	4.49858e-05	4.80641e-06	1.01025e-07	
OG0005719	3.91825e-05	4.53275e-06	9.926e-08	
OG0005720	1.04985e-06	8.67717e-07	7.68925e-08	
OG0005721	1.61458e-06	8.28807e-07	6.26574e-08	
OG0005722	4.3115e-05	4.78443e-06	1.00833e-07	
OG0005723	3.91825e-05	4.53275e-06	9.926e-08	
OG0005724	3.91825e-05	4.53275e-06	9.926e-08	
OG0005725	3.91825e-05	4.53275e-06	9.926e-08	
OG0005726	4.3115e-05	4.78443e-06	1.00833e-07	
OG0005727	4.49858e-05	4.80641e-06	1.01025e-07	
OG0005728	3.91825e-05	4.53275e-06	9.926e-08	
OG0005729	3.91825e-05	4.53275e-06	9.926e-08	
OG0005731	8.55869e-08	8.29614e-08	7.49431e-09	
OG0005733	3.91825e-05	4.53275e-06	9.926e-08	
OG0005734	3.91825e-05	4.53275e-06	9.926e-08	
OG0005735	4.3115e-05	4.78443e-06	1.00833e-07	
OG0005736	4.49858e-05	4.80641e-06	1.01025e-07	
OG0005737	3.91825e-05	4.53275e-06	9.926e-08	
OG0005738	5.0234e-05	5.38196e-06	1.26895e-07	
OG0005739	2.38213e-07	1.12682e-07	8.11536e-09	
OG0005741	1.01149e-08	9.5244e-08	4.1745e-08	
OG0005744	3.91825e-05	4.53275e-06	9.926e-08	
OG0005745	3.91825e-05	4.53275e-06	9.926e-08	
OG0005746	3.91825e-05	4.53275e-06	9.926e-08	
OG0005747	4.49858e-05	4.80641e-06	1.01025e-07	
OG0005748	4.3115e-05	4.78443e-06	1.00833e-07	
OG0005749	3.91825e-05	4.53275e-06	9.926e-08	
OG0005750	3.91825e-05	4.53275e-06	9.926e-08	
OG0005751	3.91825e-05	4.53275e-06	9.926e-08	
OG0005752	4.3115e-05	4.78443e-06	1.00833e-07	
OG0005753	4.49858e-05	4.80641e-06	1.01025e-07	
OG0005755	6.38714e-07	6.79789e-07	6.87134e-08	
OG0005756	1.76116e-08	1.51536e-07	7.84861e-08	
OG0005757	6.05382e-06	8.33372e-07	2.55111e-08	
OG0005759	3.91825e-05	4.53275e-06	9.926e-08	
OG0005760	3.91825e-05	4.53275e-06	9.926e-08	
OG0005761	3.91825e-05	4.53275e-06	9.926e-08	
OG0005762	3.91825e-05	4.53275e-06	9.926e-08	
OG0005763	2.38213e-07	1.12682e-07	8.11536e-09	
OG0005765	1.33764e-06	1.15741e-06	1.06476e-07	
OG0005766	3.91825e-05	4.53275e-06	9.926e-08	
OG0005767	4.3115e-05	4.78443e-06	1.00833e-07	
OG0005768	5.0234e-05	5.38196e-06	1.26895e-07	
OG0005769	3.91825e-05	4.53275e-06	9.926e-08	
OG0005770	3.91825e-05	4.53275e-06	9.926e-08	
OG0005771	3.91825e-05	4.53275e-06	9.926e-08	
OG0005772	5.86166e-07	6.14952e-07	5.80012e-08	
OG0005773	3.91825e-05	4.53275e-06	9.926e-08	
OG0005774	5.0234e-05	5.38196e-06	1.26895e-07	
OG0005775	4.3115e-05	4.78443e-06	1.00833e-07	
OG0005776	3.91825e-05	4.53275e-06	9.926e-08	
OG0005777	9.26306e-08	8.1026e-08	7.3194e-09	
OG0005778	3.91825e-05	4.53275e-06	9.926e-08	
OG0005779	3.91825e-05	4.53275e-06	9.926e-08	
OG0005780	1.89659e-10	2.25127e-09	1.44051e-09	
OG0005781	3.91825e-05	4.53275e-06	9.926e-08	
OG0005782	5.0234e-05	5.38196e-06	1.26895e-07	
OG0005783	4.3115e-05	4.78443e-06	1.00833e-07	
OG0005784	9.9371e-08	1.45653e-07	2.2638e-08	
OG0005785	6.96858e-07	7.37122e-07	7.21612e-08	
OG0005786	3.91825e-05	4.53275e-06	9.926e-08	
OG0005788	1.33764e-06	1.15741e-06	1.06476e-07	
OG0005789	9.83028e-08	9.84196e-08	9.61876e-09	
OG0005790	3.91825e-05	4.53275e-06	9.926e-08	
OG0005791	4.49858e-05	4.80641e-06	1.01025e-07	
OG0005792	3.91825e-05	4.53275e-06	9.926e-08	
OG0005794	3.91825e-05	4.53275e-06	9.926e-08	
OG0005795	6.96858e-07	7.37122e-07	7.21612e-08	
OG0005796	3.91825e-05	4.53275e-06	9.926e-08	
OG0005798	3.91825e-05	4.53275e-06	9.926e-08	
OG0005799	3.91825e-05	4.53275e-06	9.926e-08	
OG0005800	3.91825e-05	4.53275e-06	9.926e-08	
OG0005801	1.48352e-08	2.04726e-08	2.99445e-09	
OG0005802	2.22862e-07	1.05211e-07	7.5509e-09	
OG0005803	3.91825e-05	4.53275e-06	9.926e-08	
OG0005804	6.96858e-07	7.37122e-07	7.21612e-08	
OG0005805	4.49858e-05	4.80641e-06	1.01025e-07	
OG0005806	3.91825e-05	4.53275e-06	9.926e-08	
OG0005807	3.91825e-05	4.53275e-06	9.926e-08	
OG0005808	3.91825e-05	4.53275e-06	9.926e-08	
OG0005809	1.61458e-06	8.28807e-07	6.26574e-08	
OG0005810	4.3115e-05	4.78443e-06	1.00833e-07	
OG0005812	3.91825e-05	4.53275e-06	9.926e-08	
OG0005814	4.49858e-05	4.80641e-06	1.01025e-07	
OG0005816	4.49858e-05	4.80641e-06	1.01025e-07	
OG0005818	3.91825e-05	4.53275e-06	9.926e-08	
OG0005819	3.91825e-05	4.53275e-06	9.926e-08	
OG0005821	1.61458e-06	8.28807e-07	6.26574e-08	
OG0005822	3.91825e-05	4.53275e-06	9.926e-08	
OG0005823	3.91825e-05	4.53275e-06	9.926e-08	
OG0005824	3.91825e-05	4.53275e-06	9.926e-08	
OG0005825	3.91825e-05	4.53275e-06	9.926e-08	
OG0005826	3.91825e-05	4.53275e-06	9.926e-08	
OG0005828	4.3115e-05	4.78443e-06	1.00833e-07	
OG0005829	3.91825e-05	4.53275e-06	9.926e-08	
OG0005830	3.91825e-05	4.53275e-06	9.926e-08	
OG0005831	3.91825e-05	4.53275e-06	9.926e-08	
OG0005833	3.91825e-05	4.53275e-06	9.926e-08	
OG0005834	4.49858e-05	4.80641e-06	1.01025e-07	
OG0005835	3.91825e-05	4.53275e-06	9.926e-08	
OG0005836	8.03613e-07	8.03238e-07	7.81825e-08	
OG0005837	3.91825e-05	4.53275e-06	9.926e-08	
OG0005838	3.91825e-05	4.53275e-06	9.926e-08	
OG0005839	3.91825e-05	4.53275e-06	9.926e-08	
OG0005840	1.20595e-08	1.13778e-08	9.82805e-10	
OG0005842	3.91825e-05	4.53275e-06	9.926e-08	
OG0005843	2.22862e-07	1.05211e-07	7.5509e-09	
OG0005844	3.91825e-05	4.53275e-06	9.926e-08	
OG0005846	1.61458e-06	8.28807e-07	6.26574e-08	
OG0005848	3.91825e-05	4.53275e-06	9.926e-08	
OG0005849	3.91825e-05	4.53275e-06	9.926e-08	
OG0005850	5.86166e-07	6.14952e-07	5.80012e-08	
OG0005851	3.91825e-05	4.53275e-06	9.926e-08	
OG0005852	6.96858e-07	7.37122e-07	7.21612e-08	
OG0005853	3.91825e-05	4.53275e-06	9.926e-08	
OG0005854	2.28375e-06	1.23966e-06	9.85934e-08	
OG0005855	3.91825e-05	4.53275e-06	9.926e-08	
OG0005856	3.91825e-05	4.53275e-06	9.926e-08	
OG0005857	8.22823e-07	8.64864e-07	8.65591e-08	
OG0005859	1.33764e-06	1.15741e-06	1.06476e-07	
OG0005860	6.96858e-07	7.37122e-07	7.21612e-08	
OG0005861	8.77287e-07	9.53678e-07	9.83369e-08	
OG0005862	6.96858e-07	7.37122e-07	7.21612e-08	
OG0005863	6.96858e-07	7.37122e-07	7.21612e-08	
OG0005864	4.3115e-05	4.78443e-06	1.00833e-07	
OG0005865	3.91825e-05	4.53275e-06	9.926e-08	
OG0005866	4.49858e-05	4.80641e-06	1.01025e-07	
OG0005867	3.91825e-05	4.53275e-06	9.926e-08	
OG0005868	3.91825e-05	4.53275e-06	9.926e-08	
OG0005872	4.3115e-05	4.78443e-06	1.00833e-07	
OG0005875	3.91825e-05	4.53275e-06	9.926e-08	
OG0005876	3.91825e-05	4.53275e-06	9.926e-08	
OG0005879	3.91825e-05	4.53275e-06	9.926e-08	
OG0005880	3.91825e-05	4.53275e-06	9.926e-08	
OG0005881	6.96858e-07	7.37122e-07	7.21612e-08	
OG0005882	3.91825e-05	4.53275e-06	9.926e-08	
OG0005883	3.91825e-05	4.53275e-06	9.926e-08	
OG0005884	3.91825e-05	4.53275e-06	9.926e-08	
OG0005885	3.91825e-05	4.53275e-06	9.926e-08	
OG0005886	6.96858e-07	7.37122e-07	7.21612e-08	
OG0005887	3.91825e-05	4.53275e-06	9.926e-08	
OG0005888	4.3115e-05	4.78443e-06	1.00833e-07	
OG0005889	3.91825e-05	4.53275e-06	9.926e-08	
OG0005890	5.0234e-05	5.38196e-06	1.26895e-07	
OG0005891	3.91825e-05	4.53275e-06	9.926e-08	
OG0005892	6.63524e-07	6.9959e-07	7.1454e-08	
OG0005894	3.18833e-13	6.16244e-12	5.68331e-12	
OG0005895	7.89722e-07	8.46704e-07	9.0377e-08	
OG0005896	4.49858e-05	4.80641e-06	1.01025e-07	
OG0005897	4.93746e-07	5.4864e-07	5.48585e-08	
OG0005899	3.91825e-05	4.53275e-06	9.926e-08	
OG0005900	3.91825e-05	4.53275e-06	9.926e-08	
OG0005902	4.49858e-05	4.80641e-06	1.01025e-07	
OG0005903	1.33764e-06	1.15741e-06	1.06476e-07	
OG0005904	1.28244e-08	1.6694e-08	2.36895e-09	
OG0005905	3.91825e-05	4.53275e-06	9.926e-08	
OG0005907	3.35651e-08	1.54534e-08	1.06416e-09	
OG0005908	1.31114e-08	1.18332e-08	9.92736e-10	
OG0005909	4.3115e-05	4.78443e-06	1.00833e-07	
OG0005910	6.96858e-07	7.37122e-07	7.21612e-08	
OG0005911	3.91825e-05	4.53275e-06	9.926e-08	
OG0005912	3.91825e-05	4.53275e-06	9.926e-08	
OG0005913	3.91825e-05	4.53275e-06	9.926e-08	
OG0005914	6.96858e-07	7.37122e-07	7.21612e-08	
OG0005916	3.91825e-05	4.53275e-06	9.926e-08	
OG0005918	1.20595e-08	1.13778e-08	9.82805e-10	
OG0005919	7.89722e-07	8.46704e-07	9.0377e-08	
OG0005920	4.49858e-05	4.80641e-06	1.01025e-07	
OG0005921	1.20595e-08	1.13778e-08	9.82805e-10	
OG0005922	6.38714e-07	6.79789e-07	6.87134e-08	
OG0005923	1.72937e-13	1.7668e-12	1.13168e-12	
OG0005924	4.49858e-05	4.80641e-06	1.01025e-07	
OG0005925	6.96858e-07	7.37122e-07	7.21612e-08	
OG0005926	3.91825e-05	4.53275e-06	9.926e-08	
OG0005927	7.75315e-11	6.08459e-10	2.38264e-10	
OG0005930	4.49858e-05	4.80641e-06	1.01025e-07	
OG0005931	6.96858e-07	7.37122e-07	7.21612e-08	
OG0005932	7.89722e-07	8.46704e-07	9.0377e-08	
OG0005933	3.91825e-05	4.53275e-06	9.926e-08	
OG0005934	4.3115e-05	4.78443e-06	1.00833e-07	
OG0005935	3.91825e-05	4.53275e-06	9.926e-08	
OG0005936	3.91825e-05	4.53275e-06	9.926e-08	
OG0005937	3.91825e-05	4.53275e-06	9.926e-08	
OG0005938	3.91825e-05	4.53275e-06	9.926e-08	
OG0005939	3.91825e-05	4.53275e-06	9.926e-08	
OG0005941	1.61458e-06	8.28807e-07	6.26574e-08	
OG0005943	3.91825e-05	4.53275e-06	9.926e-08	
OG0005944	3.91825e-05	4.53275e-06	9.926e-08	
OG0005945	3.91825e-05	4.53275e-06	9.926e-08	
OG0005946	3.91825e-05	4.53275e-06	9.926e-08	
OG0005947	3.91825e-05	4.53275e-06	9.926e-08	
OG0005948	5.0234e-05	5.38196e-06	1.26895e-07	
OG0005949	3.91825e-05	4.53275e-06	9.926e-08	
OG0005950	3.91825e-05	4.53275e-06	9.926e-08	
OG0005951	3.91825e-05	4.53275e-06	9.926e-08	
OG0005952	3.91825e-05	4.53275e-06	9.926e-08	
OG0005953	4.3115e-05	4.78443e-06	1.00833e-07	
OG0005956	1.28244e-08	1.6694e-08	2.36895e-09	
OG0005958	4.3115e-05	4.78443e-06	1.00833e-07	
OG0005959	3.91825e-05	4.53275e-06	9.926e-08	
OG0005960	6.96858e-07	7.37122e-07	7.21612e-08	
OG0005961	3.91825e-05	4.53275e-06	9.926e-08	
OG0005962	3.91825e-05	4.53275e-06	9.926e-08	
OG0005963	3.91825e-05	4.53275e-06	9.926e-08	
OG0005964	3.91825e-05	4.53275e-06	9.926e-08	
OG0005965	3.91825e-05	4.53275e-06	9.926e-08	
OG0005966	4.49858e-05	4.80641e-06	1.01025e-07	
OG0005967	7.89722e-07	8.46704e-07	9.0377e-08	
OG0005968	3.91825e-05	4.53275e-06	9.926e-08	
OG0005969	3.91825e-05	4.53275e-06	9.926e-08	
OG0005970	3.91825e-05	4.53275e-06	9.926e-08	
OG0005971	3.96681e-10	2.93368e-08	6.69813e-08	
OG0005972	3.91825e-05	4.53275e-06	9.926e-08	
OG0005973	6.38714e-07	6.79789e-07	6.87134e-08	
OG0005974	8.03613e-07	8.03238e-07	7.81825e-08	
OG0005975	3.91825e-05	4.53275e-06	9.926e-08	
OG0005976	3.91825e-05	4.53275e-06	9.926e-08	
OG0005977	1.33764e-06	1.15741e-06	1.06476e-07	
OG0005979	4.3115e-05	4.78443e-06	1.00833e-07	
OG0005980	5.0234e-05	5.38196e-06	1.26895e-07	
OG0005981	4.49858e-05	4.80641e-06	1.01025e-07	
OG0005982	6.96858e-07	7.37122e-07	7.21612e-08	
OG0005983	3.91825e-05	4.53275e-06	9.926e-08	
OG0005985	4.3115e-05	4.78443e-06	1.00833e-07	
OG0005986	8.55869e-08	8.29614e-08	7.49431e-09	
OG0005987	3.91825e-05	4.53275e-06	9.926e-08	
OG0005988	3.91825e-05	4.53275e-06	9.926e-08	
OG0005989	3.91825e-05	4.53275e-06	9.926e-08	
OG0005990	3.91825e-05	4.53275e-06	9.926e-08	
OG0005991	4.49858e-05	4.80641e-06	1.01025e-07	
OG0005992	1.08468e-07	1.42176e-07	2.04464e-08	
OG0005994	4.3115e-05	4.78443e-06	1.00833e-07	
OG0005996	7.89722e-07	8.46704e-07	9.0377e-08	
OG0005997	6.96858e-07	7.37122e-07	7.21612e-08	
OG0005999	1.09203e-11	1.5988e-10	1.32803e-10	
OG0006001	4.49858e-05	4.80641e-06	1.01025e-07	
OG0006002	8.55869e-08	8.29614e-08	7.49431e-09	
OG0006003	4.49858e-05	4.80641e-06	1.01025e-07	
OG0006004	2.38213e-07	1.12682e-07	8.11536e-09	
OG0006006	3.91825e-05	4.53275e-06	9.926e-08	
OG0006007	3.91825e-05	4.53275e-06	9.926e-08	
OG0006008	4.49858e-05	4.80641e-06	1.01025e-07	
OG0006009	7.89722e-07	8.46704e-07	9.0377e-08	
OG0006010	2.38213e-07	1.12682e-07	8.11536e-09	
OG0006011	8.55869e-08	8.29614e-08	7.49431e-09	
OG0006012	4.3115e-05	4.78443e-06	1.00833e-07	
OG0006013	1.33764e-06	1.15741e-06	1.06476e-07	
OG0006014	3.91825e-05	4.53275e-06	9.926e-08	
OG0006015	1.15595e-07	4.99393e-07	1.68052e-07	
OG0006016	6.9986e-07	6.85631e-07	6.51879e-08	
OG0006019	4.81668e-09	1.07405e-07	1.39606e-07	
OG0006022	6.9986e-07	6.85631e-07	6.51879e-08	
OG0006024	5.94523e-07	6.07392e-07	5.88859e-08	
OG0006027	5.94523e-07	6.07392e-07	5.88859e-08	
OG0006029	5.6244e-08	3.134e-07	1.20971e-07	
OG0006033	4.73959e-08	2.9519e-07	1.24864e-07	
OG0006035	6.68537e-07	6.694e-07	6.2201e-08	
OG0006036	5.0973e-08	2.96621e-07	1.13441e-07	
OG0006038	5.04461e-07	1.23479e-06	3.20183e-07	
OG0006039	6.08082e-07	6.06564e-07	5.69369e-08	
OG0006041	4.32692e-07	4.911e-07	5.52719e-08	
OG0006042	6.9986e-07	6.85631e-07	6.51879e-08	
OG0006043	6.9986e-07	6.85631e-07	6.51879e-08	
OG0006044	9.44641e-08	1.21359e-07	1.7048e-08	
OG0006045	1.32933e-08	1.6306e-08	2.20284e-09	
OG0006046	1.42058e-09	1.19905e-08	9.09635e-09	
OG0006048	3.66488e-11	1.4419e-09	3.90984e-09	
OG0006049	2.55896e-09	1.32585e-08	4.54122e-09	
OG0006053	5.6244e-08	3.134e-07	1.20971e-07	
OG0006054	5.94523e-07	6.07392e-07	5.88859e-08	
OG0006057	6.08082e-07	6.06564e-07	5.69369e-08	
OG0006058	8.78777e-08	1.13375e-07	1.58217e-08	
OG0006059	3.63952e-11	1.11385e-09	2.11317e-09	
OG0006060	1.15595e-07	4.99393e-07	1.68052e-07	
OG0006061	4.83787e-12	4.92146e-10	1.40561e-09	
OG0006063	6.08082e-07	6.06564e-07	5.69369e-08	
OG0006064	8.23189e-09	7.45099e-08	3.15249e-08	
OG0006065	7.55238e-07	7.63731e-07	7.76733e-08	
OG0006066	1.07232e-07	5.04605e-07	1.76995e-07	
OG0006067	1.02157e-08	9.24343e-08	4.16032e-08	
OG0006068	6.68537e-07	6.694e-07	6.2201e-08	
OG0006071	6.68537e-07	6.694e-07	6.2201e-08	
OG0006073	1.59305e-10	1.6312e-09	1.32709e-09	
OG0006074	1.72408e-10	2.64159e-09	2.47315e-09	
OG0006075	4.10498e-15	2.80811e-11	1.31149e-09	
OG0006076	6.9986e-07	6.85631e-07	6.51879e-08	
OG0006078	6.9986e-07	6.85631e-07	6.51879e-08	
OG0006088	5.39854e-15	1.06557e-10	9.85072e-09	
OG0006091	2.83702e-11	6.60585e-09	2.49314e-08	
OG0006102	1.45888e-11	9.96792e-09	1.02768e-07	
OG0006110	2.1921e-12	2.66227e-09	3.95544e-08	
OG0006130	1.08702e-12	3.03767e-09	1.09369e-07	
OG0006156	1.46561e-13	1.21854e-09	7.38254e-08	
OG0006164	6.46251e-07	2.35757e-07	1.24744e-08	
OG0006165	4.56593e-06	1.85383e-06	1.02373e-07	
OG0006167	1.14935e-08	3.83379e-08	9.06827e-09	
OG0006168	5.41527e-06	2.19331e-06	1.24513e-07	
OG0006171	5.41527e-06	2.19331e-06	1.24513e-07	
OG0006172	5.41527e-06	2.19331e-06	1.24513e-07	
OG0006174	5.41527e-06	2.19331e-06	1.24513e-07	
OG0006175	5.02889e-06	1.96804e-06	1.05071e-07	
OG0006176	6.46251e-07	2.35757e-07	1.24744e-08	
OG0006177	6.44215e-06	2.50552e-06	1.38657e-07	
OG0006178	5.41527e-06	2.19331e-06	1.24513e-07	
OG0006179	0.000360311	1.47935e-05	1.73605e-07	
OG0006180	5.41527e-06	2.19331e-06	1.24513e-07	
OG0006181	6.46251e-07	2.35757e-07	1.24744e-08	
OG0006184	5.41527e-06	2.19331e-06	1.24513e-07	
OG0006185	6.61982e-11	1.96326e-10	4.07267e-11	
OG0006186	5.41527e-06	2.19331e-06	1.24513e-07	
OG0006190	9.95812e-08	3.83634e-07	1.05661e-07	
OG0006191	0.000360311	1.47935e-05	1.73605e-07	
OG0006192	8.22877e-08	2.93976e-07	1.03307e-07	
OG0006195	0.000360311	1.47935e-05	1.73605e-07	
OG0006196	0.000360311	1.47935e-05	1.73605e-07	
OG0006200	2.96323e-07	4.74097e-07	1.21038e-07	
OG0006201	7.41966e-07	2.49987e-07	1.26954e-08	
OG0006203	1.68146e-08	1.5269e-07	8.01574e-08	
OG0006204	6.44215e-06	2.50552e-06	1.38657e-07	
OG0006205	5.41527e-06	2.19331e-06	1.24513e-07	
OG0006206	0.000360311	1.47935e-05	1.73605e-07	
OG0006207	8.37043e-11	4.65928e-10	2.26863e-10	
OG0006210	0.000360311	1.47935e-05	1.73605e-07	
OG0006211	6.46251e-07	2.35757e-07	1.24744e-08	
OG0006212	0.000360311	1.47935e-05	1.73605e-07	
OG0006213	0.000360311	1.47935e-05	1.73605e-07	
OG0006215	5.41527e-06	2.19331e-06	1.24513e-07	
OG0006216	7.19076e-06	2.77985e-06	1.71017e-07	
OG0006218	4.56593e-06	1.85383e-06	1.02373e-07	
OG0006219	1.00198e-07	3.41266e-08	1.66156e-09	
OG0006220	0.000360311	1.47935e-05	1.73605e-07	
OG0006222	5.41527e-06	2.19331e-06	1.24513e-07	
OG0006224	6.89489e-06	2.84945e-06	1.61287e-07	
OG0006225	9.16058e-08	3.45042e-07	1.152e-07	
OG0006226	0.000360311	1.47935e-05	1.73605e-07	
OG0006228	5.41527e-06	2.19331e-06	1.24513e-07	
OG0006232	1.45561e-08	7.4001e-08	3.00528e-08	
OG0006235	5.41527e-06	2.19331e-06	1.24513e-07	
OG0006238	0.000360311	1.47935e-05	1.73605e-07	
OG0006241	0.000360311	1.47935e-05	1.73605e-07	
OG0006243	5.41527e-06	2.19331e-06	1.24513e-07	
OG0006245	6.44215e-06	2.50552e-06	1.38657e-07	
OG0006246	6.26443e-06	2.6909e-06	1.57705e-07	
OG0006247	6.44215e-06	2.50552e-06	1.38657e-07	
OG0006250	6.89489e-06	2.84945e-06	1.61287e-07	
OG0006253	0.000360311	1.47935e-05	1.73605e-07	
OG0006254	9.1059e-08	3.23314e-08	1.63564e-09	
OG0006255	5.41527e-06	2.19331e-06	1.24513e-07	
OG0006257	1.98901e-10	5.91751e-10	1.23494e-10	
OG0006258	9.1059e-08	3.23314e-08	1.63564e-09	
OG0006259	5.41527e-06	2.19331e-06	1.24513e-07	
OG0006260	5.41527e-06	2.19331e-06	1.24513e-07	
OG0006262	6.46251e-07	2.35757e-07	1.24744e-08	
OG0006263	2.75228e-10	2.44902e-08	5.70757e-08	
OG0006264	9.1059e-08	3.23314e-08	1.63564e-09	
OG0006265	0.000360311	1.47935e-05	1.73605e-07	
OG0006266	1.43065e-08	1.57834e-07	8.76842e-08	
OG0006267	1.04546e-07	3.42834e-08	1.66472e-09	
OG0006268	9.1059e-08	3.23314e-08	1.63564e-09	
OG0006269	5.41527e-06	2.19331e-06	1.24513e-07	
OG0006271	5.41527e-06	2.19331e-06	1.24513e-07	
OG0006273	0.000360311	1.47935e-05	1.73605e-07	
OG0006274	5.41527e-06	2.19331e-06	1.24513e-07	
OG0006275	6.44215e-06	2.50552e-06	1.38657e-07	
OG0006276	9.16058e-08	3.45042e-07	1.152e-07	
OG0006277	0.000360311	1.47935e-05	1.73605e-07	
OG0006278	6.46251e-07	2.35757e-07	1.24744e-08	
OG0006284	5.41527e-06	2.19331e-06	1.24513e-07	
OG0006285	5.41527e-06	2.19331e-06	1.24513e-07	
OG0006286	0.000360311	1.47935e-05	1.73605e-07	
OG0006287	5.41527e-06	2.19331e-06	1.24513e-07	
OG0006288	5.41527e-06	2.19331e-06	1.24513e-07	
OG0006289	7.99973e-08	2.95176e-07	7.57096e-08	
OG0006290	1.06727e-07	3.55668e-07	1.12997e-07	
OG0006291	5.41527e-06	2.19331e-06	1.24513e-07	
OG0006292	0.000360311	1.47935e-05	1.73605e-07	
OG0006293	7.08614e-07	3.50727e-07	2.76785e-08	
OG0006295	0.000360311	1.47935e-05	1.73605e-07	
OG0006296	6.44215e-06	2.50552e-06	1.38657e-07	
OG0006297	0.000360311	1.47935e-05	1.73605e-07	
OG0006298	2.0515e-09	1.00002e-08	3.91229e-09	
OG0006301	0.000360311	1.47935e-05	1.73605e-07	
OG0006302	5.41527e-06	2.19331e-06	1.24513e-07	
OG0006303	0.000360311	1.47935e-05	1.73605e-07	
OG0006304	5.41527e-06	2.19331e-06	1.24513e-07	
OG0006306	6.89489e-06	2.84945e-06	1.61287e-07	
OG0006307	0.000360311	1.47935e-05	1.73605e-07	
OG0006308	5.41527e-06	2.19331e-06	1.24513e-07	
OG0006309	0.000360311	1.47935e-05	1.73605e-07	
OG0006310	5.41527e-06	2.19331e-06	1.24513e-07	
OG0006311	5.06566e-06	2.12238e-06	1.28077e-07	
OG0006313	6.44215e-06	2.50552e-06	1.38657e-07	
OG0006314	6.44215e-06	2.50552e-06	1.38657e-07	
OG0006317	0.000360311	1.47935e-05	1.73605e-07	
OG0006318	5.41527e-06	2.19331e-06	1.24513e-07	
OG0006320	6.46251e-07	2.35757e-07	1.24744e-08	
OG0006321	6.26443e-06	2.6909e-06	1.57705e-07	
OG0006322	0.000360311	1.47935e-05	1.73605e-07	
OG0006324	5.41527e-06	2.19331e-06	1.24513e-07	
OG0006325	1.07937e-08	3.26635e-08	7.29919e-09	
OG0006326	1.14935e-08	3.83379e-08	9.06827e-09	
OG0006330	6.43237e-08	3.04331e-07	1.15779e-07	
OG0006331	5.41527e-06	2.19331e-06	1.24513e-07	
OG0006332	0.000360311	1.47935e-05	1.73605e-07	
OG0006334	0.000360311	1.47935e-05	1.73605e-07	
OG0006335	0.000360311	1.47935e-05	1.73605e-07	
OG0006336	5.41527e-06	2.19331e-06	1.24513e-07	
OG0006337	5.41527e-06	2.19331e-06	1.24513e-07	
OG0006338	5.66524e-06	2.42132e-06	1.47779e-07	
OG0006339	6.44215e-06	2.50552e-06	1.38657e-07	
OG0006340	5.41527e-06	2.19331e-06	1.24513e-07	
OG0006341	0.000360311	1.47935e-05	1.73605e-07	
OG0006343	7.19076e-06	2.77985e-06	1.71017e-07	
OG0006344	0.000360311	1.47935e-05	1.73605e-07	
OG0006345	6.44215e-06	2.50552e-06	1.38657e-07	
OG0006346	5.41527e-06	2.19331e-06	1.24513e-07	
OG0006348	5.41527e-06	2.19331e-06	1.24513e-07	
OG0006350	5.25379e-06	1.97947e-06	1.05091e-07	
OG0006353	5.41527e-06	2.19331e-06	1.24513e-07	
OG0006354	5.41527e-06	2.19331e-06	1.24513e-07	
OG0006356	5.41527e-06	2.19331e-06	1.24513e-07	
OG0006358	6.44215e-06	2.50552e-06	1.38657e-07	
OG0006359	0.000360311	1.47935e-05	1.73605e-07	
OG0006360	6.26443e-06	2.6909e-06	1.57705e-07	
OG0006363	6.44215e-06	2.50552e-06	1.38657e-07	
OG0006365	0.000360311	1.47935e-05	1.73605e-07	
OG0006366	0.000360311	1.47935e-05	1.73605e-07	
OG0006367	8.67643e-07	4.39304e-07	3.58044e-08	
OG0006368	7.16125e-14	5.27744e-10	2.89447e-08	
OG0006369	0.000360311	1.47935e-05	1.73605e-07	
OG0006370	2.96323e-07	4.74097e-07	1.21038e-07	
OG0006371	5.06566e-06	2.12238e-06	1.28077e-07	
OG0006372	7.19076e-06	2.77985e-06	1.71017e-07	
OG0006373	0.000360311	1.47935e-05	1.73605e-07	
OG0006374	3.03062e-08	1.07266e-08	5.39413e-10	
OG0006375	0.000360311	1.47935e-05	1.73605e-07	
OG0006377	0.000360311	1.47935e-05	1.73605e-07	
OG0006379	5.41527e-06	2.19331e-06	1.24513e-07	
OG0006380	2.26944e-10	2.63853e-08	7.7476e-08	
OG0006381	0.000360311	1.47935e-05	1.73605e-07	
OG0006382	7.19076e-06	2.77985e-06	1.71017e-07	
OG0006384	6.46251e-07	2.35757e-07	1.24744e-08	
OG0006385	0.000360311	1.47935e-05	1.73605e-07	
OG0006388	2.02486e-13	1.1623e-09	4.98435e-08	
OG0006389	5.41527e-06	2.19331e-06	1.24513e-07	
OG0006391	1.57099e-07	4.15066e-07	1.2288e-07	
OG0006392	1.13354e-09	3.76876e-08	5.68735e-08	
OG0006398	5.41527e-06	2.19331e-06	1.24513e-07	
OG0006402	0.000360311	1.47935e-05	1.73605e-07	
OG0006403	0.000360311	1.47935e-05	1.73605e-07	
OG0006404	0.000360311	1.47935e-05	1.73605e-07	
OG0006405	1.14935e-08	3.83379e-08	9.06827e-09	
OG0006409	5.41527e-06	2.19331e-06	1.24513e-07	
OG0006410	2.57233e-09	7.75393e-08	1.12776e-07	
OG0006411	0.000360311	1.47935e-05	1.73605e-07	
OG0006413	0.000360311	1.47935e-05	1.73605e-07	
OG0006414	0.000360311	1.47935e-05	1.73605e-07	
OG0006415	6.44215e-06	2.50552e-06	1.38657e-07	
OG0006417	6.44215e-06	2.50552e-06	1.38657e-07	
OG0006418	0.000360311	1.47935e-05	1.73605e-07	
OG0006419	5.41527e-06	2.19331e-06	1.24513e-07	
OG0006420	5.41527e-06	2.19331e-06	1.24513e-07	
OG0006421	5.41527e-06	2.19331e-06	1.24513e-07	
OG0006423	0.000360311	1.47935e-05	1.73605e-07	
OG0006424	6.26443e-06	2.6909e-06	1.57705e-07	
OG0006425	9.98755e-08	4.73993e-08	3.59651e-09	
OG0006426	2.56811e-07	4.87995e-07	1.03734e-07	
OG0006427	5.41527e-06	2.19331e-06	1.24513e-07	
OG0006428	5.41527e-06	2.19331e-06	1.24513e-07	
OG0006429	6.98597e-07	5.15905e-07	1.26501e-07	
OG0006432	6.44215e-06	2.50552e-06	1.38657e-07	
OG0006433	6.56502e-08	3.04e-07	1.16219e-07	
OG0006434	9.37227e-08	3.28667e-07	8.28021e-08	
OG0006435	0.000360311	1.47935e-05	1.73605e-07	
OG0006436	5.41527e-06	2.19331e-06	1.24513e-07	
OG0006438	6.26443e-06	2.6909e-06	1.57705e-07	
OG0006439	0.000360311	1.47935e-05	1.73605e-07	
OG0006440	0.000360311	1.47935e-05	1.73605e-07	
OG0006441	5.41527e-06	2.19331e-06	1.24513e-07	
OG0006442	5.25379e-06	1.97947e-06	1.05091e-07	
OG0006444	6.44215e-06	2.50552e-06	1.38657e-07	
OG0006445	6.44215e-06	2.50552e-06	1.38657e-07	
OG0006446	5.41527e-06	2.19331e-06	1.24513e-07	
OG0006448	5.41527e-06	2.19331e-06	1.24513e-07	
OG0006449	5.41527e-06	2.19331e-06	1.24513e-07	
OG0006450	5.41527e-06	2.19331e-06	1.24513e-07	
OG0006451	5.41527e-06	2.19331e-06	1.24513e-07	
OG0006454	0.000360311	1.47935e-05	1.73605e-07	
OG0006455	0.000360311	1.47935e-05	1.73605e-07	
OG0006456	2.0515e-09	1.00002e-08	3.91229e-09	
OG0006457	0.000360311	1.47935e-05	1.73605e-07	
OG0006458	4.56593e-06	1.85383e-06	1.02373e-07	
OG0006460	0.000360311	1.47935e-05	1.73605e-07	
OG0006462	7.19076e-06	2.77985e-06	1.71017e-07	
OG0006464	5.41527e-06	2.19331e-06	1.24513e-07	
OG0006465	3.03062e-08	1.07266e-08	5.39413e-10	
OG0006466	6.44215e-06	2.50552e-06	1.38657e-07	
OG0006470	6.46251e-07	2.35757e-07	1.24744e-08	
OG0006472	0.000360311	1.47935e-05	1.73605e-07	
OG0006476	9.1059e-08	3.23314e-08	1.63564e-09	
OG0006477	5.41527e-06	2.19331e-06	1.24513e-07	
OG0006479	3.8446e-12	2.92759e-09	3.06289e-08	
OG0006480	6.46251e-07	2.35757e-07	1.24744e-08	
OG0006481	9.37227e-08	3.28667e-07	8.28021e-08	
OG0006482	5.58048e-09	8.67699e-08	8.38086e-08	
OG0006484	2.02486e-13	1.1623e-09	4.98435e-08	
OG0006485	7.1111e-07	2.48847e-07	1.26722e-08	
OG0006487	0.000360311	1.47935e-05	1.73605e-07	
OG0006489	0.000360311	1.47935e-05	1.73605e-07	
OG0006490	5.06566e-06	2.12238e-06	1.28077e-07	
OG0006491	8.9907e-08	3.29296e-07	9.16279e-08	
OG0006493	1.06727e-07	3.55668e-07	1.12997e-07	
OG0006494	6.46251e-07	2.35757e-07	1.24744e-08	
OG0006495	6.44215e-06	2.50552e-06	1.38657e-07	
OG0006496	0.000360311	1.47935e-05	1.73605e-07	
OG0006497	5.41527e-06	2.19331e-06	1.24513e-07	
OG0006499	5.41527e-06	2.19331e-06	1.24513e-07	
OG0006500	6.89489e-06	2.84945e-06	1.61287e-07	
OG0006501	9.1059e-08	3.23314e-08	1.63564e-09	
OG0006502	4.88665e-12	1.90935e-10	3.23298e-10	
OG0006504	1.45561e-08	7.4001e-08	3.00528e-08	
OG0006505	0.000360311	1.47935e-05	1.73605e-07	
OG0006506	0.000360311	1.47935e-05	1.73605e-07	
OG0006507	0.000360311	1.47935e-05	1.73605e-07	
OG0006508	0.000360311	1.47935e-05	1.73605e-07	
OG0006509	5.41527e-06	2.19331e-06	1.24513e-07	
OG0006511	0.000360311	1.47935e-05	1.73605e-07	
OG0006513	0.000360311	1.47935e-05	1.73605e-07	
OG0006514	9.1059e-08	3.23314e-08	1.63564e-09	
OG0006515	6.44215e-06	2.50552e-06	1.38657e-07	
OG0006516	1.04546e-07	3.42834e-08	1.66472e-09	
OG0006517	6.44215e-06	2.50552e-06	1.38657e-07	
OG0006518	0.000360311	1.47935e-05	1.73605e-07	
OG0006519	6.44215e-06	2.50552e-06	1.38657e-07	
OG0006520	6.44215e-06	2.50552e-06	1.38657e-07	
OG0006521	0.000360311	1.47935e-05	1.73605e-07	
OG0006522	0.000360311	1.47935e-05	1.73605e-07	
OG0006523	0.000360311	1.47935e-05	1.73605e-07	
OG0006524	0.000360311	1.47935e-05	1.73605e-07	
OG0006525	0.000360311	1.47935e-05	1.73605e-07	
OG0006527	0.000360311	1.47935e-05	1.73605e-07	
OG0006528	0.000360311	1.47935e-05	1.73605e-07	
OG0006529	5.02889e-06	1.96804e-06	1.05071e-07	
OG0006531	0.000360311	1.47935e-05	1.73605e-07	
OG0006532	0.000360311	1.47935e-05	1.73605e-07	
OG0006533	5.41527e-06	2.19331e-06	1.24513e-07	
OG0006535	5.41527e-06	2.19331e-06	1.24513e-07	
OG0006536	5.41527e-06	2.19331e-06	1.24513e-07	
OG0006538	5.41527e-06	2.19331e-06	1.24513e-07	
OG0006540	1.68146e-08	1.5269e-07	8.01574e-08	
OG0006544	4.56593e-06	1.85383e-06	1.02373e-07	
OG0006546	6.46251e-07	2.35757e-07	1.24744e-08	
OG0006547	0.000360311	1.47935e-05	1.73605e-07	
OG0006548	1.22301e-07	4.61159e-07	1.32326e-07	
OG0006554	0.000360311	1.47935e-05	1.73605e-07	
OG0006555	5.41527e-06	2.19331e-06	1.24513e-07	
OG0006556	6.26443e-06	2.6909e-06	1.57705e-07	
OG0006557	0.000360311	1.47935e-05	1.73605e-07	
OG0006559	5.41527e-06	2.19331e-06	1.24513e-07	
OG0006560	6.89489e-06	2.84945e-06	1.61287e-07	
OG0006561	0.000360311	1.47935e-05	1.73605e-07	
OG0006564	5.41527e-06	2.19331e-06	1.24513e-07	
OG0006565	5.41527e-06	2.19331e-06	1.24513e-07	
OG0006566	6.44215e-06	2.50552e-06	1.38657e-07	
OG0006567	2.98839e-10	2.45159e-08	5.79954e-08	
OG0006569	3.28892e-08	2.46787e-07	1.09231e-07	
OG0006570	6.46251e-07	2.35757e-07	1.24744e-08	
OG0006571	7.99973e-08	2.95176e-07	7.57096e-08	
OG0006572	0.000360311	1.47935e-05	1.73605e-07	
OG0006574	8.22877e-08	2.93976e-07	1.03307e-07	
OG0006575	0.000360311	1.47935e-05	1.73605e-07	
OG0006578	1.32146e-07	1.40373e-07	1.6057e-08	
OG0006580	1.07582e-11	5.0486e-11	2.05757e-11	
OG0006581	5.41527e-06	2.19331e-06	1.24513e-07	
OG0006582	1.04546e-07	3.42834e-08	1.66472e-09	
OG0006584	5.41527e-06	2.19331e-06	1.24513e-07	
OG0006585	0.000360311	1.47935e-05	1.73605e-07	
OG0006587	5.41527e-06	2.19331e-06	1.24513e-07	
OG0006588	0.000360311	1.47935e-05	1.73605e-07	
OG0006589	5.41527e-06	2.19331e-06	1.24513e-07	
OG0006590	7.19076e-06	2.77985e-06	1.71017e-07	
OG0006591	0.000360311	1.47935e-05	1.73605e-07	
OG0006593	0.000360311	1.47935e-05	1.73605e-07	
OG0006594	5.41527e-06	2.19331e-06	1.24513e-07	
OG0006596	5.41527e-06	2.19331e-06	1.24513e-07	
OG0006599	5.41527e-06	2.19331e-06	1.24513e-07	
OG0006600	6.89489e-06	2.84945e-06	1.61287e-07	
OG0006601	0.000360311	1.47935e-05	1.73605e-07	
OG0006602	5.41527e-06	2.19331e-06	1.24513e-07	
OG0006603	6.26443e-06	2.6909e-06	1.57705e-07	
OG0006605	9.88285e-09	3.22175e-08	7.28479e-09	
OG0006606	0.000360311	1.47935e-05	1.73605e-07	
OG0006609	7.19076e-06	2.77985e-06	1.71017e-07	
OG0006611	4.56593e-06	1.85383e-06	1.02373e-07	
OG0006612	5.41527e-06	2.19331e-06	1.24513e-07	
OG0006614	8.22877e-08	2.93976e-07	1.03307e-07	
OG0006615	5.41527e-06	2.19331e-06	1.24513e-07	
OG0006616	1.22289e-07	5.93485e-08	4.64498e-09	
OG0006617	6.44215e-06	2.50552e-06	1.38657e-07	
OG0006618	0.000360311	1.47935e-05	1.73605e-07	
OG0006619	5.41527e-06	2.19331e-06	1.24513e-07	
OG0006620	0.000360311	1.47935e-05	1.73605e-07	
OG0006621	7.19076e-06	2.77985e-06	1.71017e-07	
OG0006622	5.41527e-06	2.19331e-06	1.24513e-07	
OG0006623	7.19076e-06	2.77985e-06	1.71017e-07	
OG0006624	0.000360311	1.47935e-05	1.73605e-07	
OG0006626	5.41527e-06	2.19331e-06	1.24513e-07	
OG0006627	5.41527e-06	2.19331e-06	1.24513e-07	
OG0006630	0.000360311	1.47935e-05	1.73605e-07	
OG0006633	5.41527e-06	2.19331e-06	1.24513e-07	
OG0006634	0.000360311	1.47935e-05	1.73605e-07	
OG0006636	5.41527e-06	2.19331e-06	1.24513e-07	
OG0006638	6.44215e-06	2.50552e-06	1.38657e-07	
OG0006639	6.89489e-06	2.84945e-06	1.61287e-07	
OG0006640	5.41527e-06	2.19331e-06	1.24513e-07	
OG0006641	0.000360311	1.47935e-05	1.73605e-07	
OG0006644	6.46251e-07	2.35757e-07	1.24744e-08	
OG0006646	6.46251e-07	2.35757e-07	1.24744e-08	
OG0006647	0.000360311	1.47935e-05	1.73605e-07	
OG0006648	6.44215e-06	2.50552e-06	1.38657e-07	
OG0006649	5.41527e-06	2.19331e-06	1.24513e-07	
OG0006651	5.06566e-06	2.12238e-06	1.28077e-07	
OG0006652	5.41527e-06	2.19331e-06	1.24513e-07	
OG0006653	0.000360311	1.47935e-05	1.73605e-07	
OG0006655	0.000360311	1.47935e-05	1.73605e-07	
OG0006656	0.000360311	1.47935e-05	1.73605e-07	
OG0006658	6.46251e-07	2.35757e-07	1.24744e-08	
OG0006659	0.000360311	1.47935e-05	1.73605e-07	
OG0006660	0.000360311	1.47935e-05	1.73605e-07	
OG0006661	0.000360311	1.47935e-05	1.73605e-07	
OG0006662	0.000360311	1.47935e-05	1.73605e-07	
OG0006663	0.000360311	1.47935e-05	1.73605e-07	
OG0006664	5.41527e-06	2.19331e-06	1.24513e-07	
OG0006665	5.41527e-06	2.19331e-06	1.24513e-07	
OG0006666	5.41527e-06	2.19331e-06	1.24513e-07	
OG0006667	0.000360311	1.47935e-05	1.73605e-07	
OG0006668	5.41527e-06	2.19331e-06	1.24513e-07	
OG0006669	0.000360311	1.47935e-05	1.73605e-07	
OG0006671	0.000360311	1.47935e-05	1.73605e-07	
OG0006672	0.000360311	1.47935e-05	1.73605e-07	
OG0006673	0.000360311	1.47935e-05	1.73605e-07	
OG0006674	7.19076e-06	2.77985e-06	1.71017e-07	
OG0006677	5.41527e-06	2.19331e-06	1.24513e-07	
OG0006678	5.41527e-06	2.19331e-06	1.24513e-07	
OG0006680	5.25379e-06	1.97947e-06	1.05091e-07	
OG0006681	5.41527e-06	2.19331e-06	1.24513e-07	
OG0006682	0.000360311	1.47935e-05	1.73605e-07	
OG0006683	0.000360311	1.47935e-05	1.73605e-07	
OG0006684	6.44215e-06	2.50552e-06	1.38657e-07	
OG0006686	5.41527e-06	2.19331e-06	1.24513e-07	
OG0006687	6.44215e-06	2.50552e-06	1.38657e-07	
OG0006688	0.000360311	1.47935e-05	1.73605e-07	
OG0006690	5.41527e-06	2.19331e-06	1.24513e-07	
OG0006691	5.41527e-06	2.19331e-06	1.24513e-07	
OG0006692	5.41527e-06	2.19331e-06	1.24513e-07	
OG0006694	2.49137e-08	4.02495e-08	7.32727e-09	
OG0006697	7.99973e-08	2.95176e-07	7.57096e-08	
OG0006698	5.41527e-06	2.19331e-06	1.24513e-07	
OG0006699	6.89489e-06	2.84945e-06	1.61287e-07	
OG0006700	8.22877e-08	2.93976e-07	1.03307e-07	
OG0006701	9.1059e-08	3.23314e-08	1.63564e-09	
OG0006702	6.44215e-06	2.50552e-06	1.38657e-07	
OG0006705	0.000360311	1.47935e-05	1.73605e-07	
OG0006706	0.000360311	1.47935e-05	1.73605e-07	
OG0006709	5.41527e-06	2.19331e-06	1.24513e-07	
OG0006710	0.000360311	1.47935e-05	1.73605e-07	
OG0006711	8.28523e-07	2.79899e-07	1.59416e-08	
OG0006712	6.44215e-06	2.50552e-06	1.38657e-07	
OG0006714	5.41527e-06	2.19331e-06	1.24513e-07	
OG0006715	5.41527e-06	2.19331e-06	1.24513e-07	
OG0006716	0.000360311	1.47935e-05	1.73605e-07	
OG0006717	9.22055e-10	3.54433e-08	6.22619e-08	
OG0006718	0.000360311	1.47935e-05	1.73605e-07	
OG0006719	5.41527e-06	2.19331e-06	1.24513e-07	
OG0006720	1.07142e-07	3.81868e-07	1.28032e-07	
OG0006721	0.000360311	1.47935e-05	1.73605e-07	
OG0006722	5.41527e-06	2.19331e-06	1.24513e-07	
OG0006723	5.41527e-06	2.19331e-06	1.24513e-07	
OG0006724	0.000360311	1.47935e-05	1.73605e-07	
OG0006725	9.95812e-08	3.83634e-07	1.05661e-07	
OG0006726	5.41527e-06	2.19331e-06	1.24513e-07	
OG0006727	6.89489e-06	2.84945e-06	1.61287e-07	
OG0006728	0.000360311	1.47935e-05	1.73605e-07	
OG0006730	6.46251e-07	2.35757e-07	1.24744e-08	
OG0006731	9.1059e-08	3.23314e-08	1.63564e-09	
OG0006732	5.41527e-06	2.19331e-06	1.24513e-07	
OG0006733	9.1059e-08	3.23314e-08	1.63564e-09	
OG0006734	5.41527e-06	2.19331e-06	1.24513e-07	
OG0006735	5.41527e-06	2.19331e-06	1.24513e-07	
OG0006736	3.03062e-08	1.07266e-08	5.39413e-10	
OG0006737	6.26443e-06	2.6909e-06	1.57705e-07	
OG0006738	0.000360311	1.47935e-05	1.73605e-07	
OG0006739	6.44215e-06	2.50552e-06	1.38657e-07	
OG0006741	1.22301e-07	4.61159e-07	1.32326e-07	
OG0006743	5.41527e-06	2.19331e-06	1.24513e-07	
OG0006744	5.41527e-06	2.19331e-06	1.24513e-07	
OG0006745	5.41527e-06	2.19331e-06	1.24513e-07	
OG0006748	0.000360311	1.47935e-05	1.73605e-07	
OG0006749	5.41527e-06	2.19331e-06	1.24513e-07	
OG0006751	0.000360311	1.47935e-05	1.73605e-07	
OG0006752	5.41527e-06	2.19331e-06	1.24513e-07	
OG0006754	1.61948e-09	5.25778e-09	1.1891e-09	
OG0006755	0.000360311	1.47935e-05	1.73605e-07	
OG0006758	5.41527e-06	2.19331e-06	1.24513e-07	
OG0006759	0.000360311	1.47935e-05	1.73605e-07	
OG0006761	5.41527e-06	2.19331e-06	1.24513e-07	
OG0006762	0.000360311	1.47935e-05	1.73605e-07	
OG0006763	2.13371e-08	2.63377e-08	3.6369e-09	
OG0006764	6.26443e-06	2.6909e-06	1.57705e-07	
OG0006765	5.41527e-06	2.19331e-06	1.24513e-07	
OG0006766	1.27525e-07	1.38144e-07	1.60123e-08	
OG0006769	0.000360311	1.47935e-05	1.73605e-07	
OG0006770	7.19076e-06	2.77985e-06	1.71017e-07	
OG0006771	5.41527e-06	2.19331e-06	1.24513e-07	
OG0006772	0.000360311	1.47935e-05	1.73605e-07	
OG0006774	0.000360311	1.47935e-05	1.73605e-07	
OG0006775	7.41966e-07	2.49987e-07	1.26954e-08	
OG0006776	7.19076e-06	2.77985e-06	1.71017e-07	
OG0006777	7.31279e-12	4.46193e-11	4.24466e-11	
OG0006779	5.41527e-06	2.19331e-06	1.24513e-07	
OG0006780	5.41527e-06	2.19331e-06	1.24513e-07	
OG0006781	7.95733e-06	3.03029e-06	1.84511e-07	
OG0006782	7.19076e-06	2.77985e-06	1.71017e-07	
OG0006783	6.44215e-06	2.50552e-06	1.38657e-07	
OG0006784	6.46251e-07	2.35757e-07	1.24744e-08	
OG0006787	5.41527e-06	2.19331e-06	1.24513e-07	
OG0006789	0.000360311	1.47935e-05	1.73605e-07	
OG0006790	5.2295e-06	2.01016e-06	1.07771e-07	
OG0006793	5.61042e-06	2.13867e-06	1.15611e-07	
OG0006794	5.2295e-06	2.01016e-06	1.07771e-07	
OG0006795	1.90966e-08	1.59285e-07	1.09814e-07	
OG0006800	5.61042e-06	2.13867e-06	1.15611e-07	
OG0006802	4.51733e-07	9.94373e-07	2.22583e-07	
OG0006803	1.1753e-07	4.19659e-07	1.14524e-07	
OG0006804	7.16908e-07	1.34064e-06	2.88601e-07	
OG0006805	5.2295e-06	2.01016e-06	1.07771e-07	
OG0006806	9.72425e-08	3.61722e-07	9.30642e-08	
OG0006809	5.2295e-06	2.01016e-06	1.07771e-07	
OG0006810	5.61042e-06	2.13867e-06	1.15611e-07	
OG0006812	4.40628e-07	1.0186e-06	2.48238e-07	
OG0006813	5.61042e-06	2.13867e-06	1.15611e-07	
OG0006814	4.51733e-07	9.94373e-07	2.22583e-07	
OG0006815	4.51733e-07	9.94373e-07	2.22583e-07	
OG0006818	8.16224e-08	2.80544e-07	6.90397e-08	
OG0006819	9.62728e-09	2.6467e-08	9.35298e-09	
OG0006821	3.89018e-08	3.4886e-07	2.67782e-07	
OG0006823	5.61042e-06	2.13867e-06	1.15611e-07	
OG0006824	7.55623e-07	3.74982e-07	2.98534e-08	
OG0006825	5.2295e-06	2.01016e-06	1.07771e-07	
OG0006827	5.61042e-06	2.13867e-06	1.15611e-07	
OG0006828	5.2295e-06	2.01016e-06	1.07771e-07	
OG0006830	5.2295e-06	2.01016e-06	1.07771e-07	
OG0006833	5.2295e-06	2.01016e-06	1.07771e-07	
OG0006836	8.16224e-08	2.80544e-07	6.90397e-08	
OG0006837	1.61165e-10	1.07254e-08	3.15037e-08	
OG0006840	5.2295e-06	2.01016e-06	1.07771e-07	
OG0006846	7.70325e-08	2.701e-07	6.58214e-08	
OG0006847	4.41165e-06	1.81163e-06	1.0679e-07	
OG0006848	4.51733e-07	9.94373e-07	2.22583e-07	
OG0006850	6.26237e-06	2.37283e-06	1.42593e-07	
OG0006854	5.61042e-06	2.13867e-06	1.15611e-07	
OG0006855	5.61042e-06	2.13867e-06	1.15611e-07	
OG0006857	7.16908e-07	1.34064e-06	2.88601e-07	
OG0006858	5.61042e-06	2.13867e-06	1.15611e-07	
OG0006859	5.2295e-06	2.01016e-06	1.07771e-07	
OG0006861	5.2295e-06	2.01016e-06	1.07771e-07	
OG0006862	5.2295e-06	2.01016e-06	1.07771e-07	
OG0006863	5.61042e-06	2.13867e-06	1.15611e-07	
OG0006864	4.41165e-06	1.81163e-06	1.0679e-07	
OG0006868	2.93687e-10	2.51468e-08	5.49888e-08	
OG0006888	1.53348e-13	8.58933e-10	3.73745e-08	
OG0006889	1.52934e-11	7.29719e-09	6.11125e-08	
OG0006894	3.07199e-09	5.95714e-08	7.87373e-08	
OG0006895	3.67106e-12	2.65332e-09	2.65352e-08	
OG0006912	3.1743e-12	4.36377e-09	1.19202e-07	
OG0006927	5.57808e-12	6.83814e-09	1.62508e-07	
OG0006936	1.76397e-12	3.07927e-09	9.61988e-08	
OG0006941	5.90304e-12	8.19304e-09	2.16607e-07	
OG0006972	5.01362e-07	8.40165e-07	1.85793e-07	
OG0006974	5.16407e-05	7.80263e-06	2.44367e-07	
OG0006975	8.93159e-08	1.14079e-07	1.56493e-08	
OG0006976	8.66304e-07	1.3149e-06	2.06247e-07	
OG0006981	4.2176e-05	6.23263e-06	1.89389e-07	
OG0006982	5.16407e-05	7.80263e-06	2.44367e-07	
OG0006985	5.76759e-05	8.92998e-06	2.86233e-07	
OG0006986	1.06253e-07	1.30316e-07	1.74256e-08	
OG0006988	5.16407e-05	7.80263e-06	2.44367e-07	
OG0006989	5.0521e-07	8.09374e-07	1.79643e-07	
OG0006991	2.01715e-09	2.39839e-08	1.66282e-08	
OG0006993	6.32445e-07	9.12855e-07	1.36788e-07	
OG0006994	8.66304e-07	1.3149e-06	2.06247e-07	
OG0006995	8.93159e-08	1.14079e-07	1.56493e-08	
OG0006996	6.59547e-11	1.84809e-08	1.08527e-07	
OG0007001	4.2176e-05	6.23263e-06	1.89389e-07	
OG0007002	5.16407e-05	7.80263e-06	2.44367e-07	
OG0007003	1.6152e-09	6.09714e-08	8.41103e-08	
OG0007004	3.64433e-07	7.60202e-07	1.92371e-07	
OG0007006	1.12122e-07	4.89735e-07	1.55462e-07	
OG0007009	8.66304e-07	1.3149e-06	2.06247e-07	
OG0007012	1.02533e-06	4.16918e-07	2.71185e-08	
OG0007014	5.76759e-05	8.92998e-06	2.86233e-07	
OG0007015	8.93159e-08	1.14079e-07	1.56493e-08	
OG0007018	5.16407e-05	7.80263e-06	2.44367e-07	
OG0007021	5.16407e-05	7.80263e-06	2.44367e-07	
OG0007026	8.93159e-08	1.14079e-07	1.56493e-08	
OG0007028	5.16407e-05	7.80263e-06	2.44367e-07	
OG0007029	4.2176e-05	6.23263e-06	1.89389e-07	
OG0007030	1.50187e-09	1.68162e-09	2.05557e-10	
OG0007032	8.66304e-07	1.3149e-06	2.06247e-07	
OG0007033	5.16407e-05	7.80263e-06	2.44367e-07	
OG0007034	4.2176e-05	6.23263e-06	1.89389e-07	
OG0007040	3.87429e-09	1.25506e-07	1.74415e-07	
OG0007041	8.08255e-07	1.24738e-06	2.04071e-07	
OG0007042	4.45803e-10	3.15583e-08	1.13227e-07	
OG0007045	3.06353e-11	9.3135e-09	5.77643e-08	
OG0007048	5.16407e-05	7.80263e-06	2.44367e-07	
OG0007049	1.60235e-08	2.03247e-08	2.65775e-09	
OG0007050	5.16407e-05	7.80263e-06	2.44367e-07	
OG0007051	5.16407e-05	7.80263e-06	2.44367e-07	
OG0007055	2.25538e-09	7.7498e-08	1.16814e-07	
OG0007056	2.25538e-09	7.7498e-08	1.16814e-07	
OG0007057	5.16407e-05	7.80263e-06	2.44367e-07	
OG0007058	5.16407e-05	7.80263e-06	2.44367e-07	
OG0007059	8.66304e-07	1.3149e-06	2.06247e-07	
OG0007062	1.41023e-08	1.86307e-07	1.45238e-07	
OG0007065	8.66304e-07	1.3149e-06	2.06247e-07	
OG0007067	8.66304e-07	1.3149e-06	2.06247e-07	
OG0007068	6.32445e-07	9.12855e-07	1.36788e-07	
OG0007069	8.80796e-08	2.58633e-07	1.81777e-07	
OG0007071	1.35187e-07	4.84009e-07	1.46623e-07	
OG0007077	5.16407e-05	7.80263e-06	2.44367e-07	
OG0007079	6.13791e-09	1.2218e-07	1.47373e-07	
OG0007080	5.16407e-05	7.80263e-06	2.44367e-07	
OG0007082	5.16407e-05	7.80263e-06	2.44367e-07	
OG0007090	8.66304e-07	1.3149e-06	2.06247e-07	
OG0007091	8.66304e-07	1.3149e-06	2.06247e-07	
OG0007092	4.2176e-05	6.23263e-06	1.89389e-07	
OG0007093	5.16407e-05	7.80263e-06	2.44367e-07	
OG0007094	5.16407e-05	7.80263e-06	2.44367e-07	
OG0007095	8.66304e-07	1.3149e-06	2.06247e-07	
OG0007096	1.39163e-07	5.34995e-07	1.57702e-07	
OG0007097	1.35187e-07	4.84009e-07	1.46623e-07	
OG0007098	5.16407e-05	7.80263e-06	2.44367e-07	
OG0007100	1.31942e-09	1.53524e-08	9.51544e-09	
OG0007101	5.94274e-06	7.69447e-07	2.18192e-08	
OG0007102	1.28651e-07	5.15633e-07	1.55754e-07	
OG0007104	6.32445e-07	9.12855e-07	1.36788e-07	
OG0007108	1.39163e-07	5.34995e-07	1.57702e-07	
OG0007110	5.16407e-05	7.80263e-06	2.44367e-07	
OG0007111	6.32445e-07	9.12855e-07	1.36788e-07	
OG0007117	1.39163e-07	5.34995e-07	1.57702e-07	
OG0007122	2.43265e-10	2.6894e-08	1.06055e-07	
OG0007123	1.1687e-08	1.40377e-08	1.7314e-09	
OG0007127	2.55827e-11	8.56212e-09	6.49165e-08	
OG0007129	1.35187e-07	4.84009e-07	1.46623e-07	
OG0007131	5.0521e-07	8.09374e-07	1.79643e-07	
OG0007134	1.25849e-08	1.56446e-08	2.05178e-09	
OG0007137	5.76759e-05	8.92998e-06	2.86233e-07	
OG0007138	8.93159e-08	1.14079e-07	1.56493e-08	
OG0007140	4.2176e-05	6.23263e-06	1.89389e-07	
OG0007142	7.5272e-07	1.042e-06	1.51948e-07	
OG0007143	8.66304e-07	1.3149e-06	2.06247e-07	
OG0007144	6.32445e-07	9.12855e-07	1.36788e-07	
OG0007145	5.53487e-07	8.9339e-07	1.90681e-07	
OG0007147	8.93159e-08	1.14079e-07	1.56493e-08	
OG0007149	2.07437e-10	2.32477e-08	1.01006e-07	
OG0007153	8.93159e-08	1.14079e-07	1.56493e-08	
OG0007157	8.37352e-07	1.0552e-07	2.86073e-09	
OG0007158	3.26377e-07	6.55621e-07	1.65221e-07	
OG0007159	5.72876e-09	1.32839e-07	1.58873e-07	
OG0007161	5.0521e-07	8.09374e-07	1.79643e-07	
OG0007162	8.66304e-07	1.3149e-06	2.06247e-07	
OG0007163	7.4777e-12	7.56891e-11	3.96126e-11	
OG0007166	5.16407e-05	7.80263e-06	2.44367e-07	
OG0007167	5.16407e-05	7.80263e-06	2.44367e-07	
OG0007168	5.56202e-07	8.95301e-07	2.05586e-07	
OG0007171	5.56178e-09	6.57842e-09	9.29365e-10	
OG0007172	5.16407e-05	7.80263e-06	2.44367e-07	
OG0007174	6.32445e-07	9.12855e-07	1.36788e-07	
OG0007176	5.16407e-05	7.80263e-06	2.44367e-07	
OG0007178	5.16407e-05	7.80263e-06	2.44367e-07	
OG0007186	5.76759e-05	8.92998e-06	2.86233e-07	
OG0007187	5.0521e-07	8.09374e-07	1.79643e-07	
OG0007188	5.16407e-05	7.80263e-06	2.44367e-07	
OG0007189	4.8093e-09	8.80561e-08	1.01663e-07	
OG0007193	5.56202e-07	8.95301e-07	2.05586e-07	
OG0007194	1.28651e-07	5.15633e-07	1.55754e-07	
OG0007197	5.16407e-05	7.80263e-06	2.44367e-07	
OG0007200	5.16407e-05	7.80263e-06	2.44367e-07	
OG0007205	5.16407e-05	7.80263e-06	2.44367e-07	
OG0007209	5.16407e-05	7.80263e-06	2.44367e-07	
OG0007213	5.16407e-05	7.80263e-06	2.44367e-07	
OG0007214	5.16407e-05	7.80263e-06	2.44367e-07	
OG0007216	4.2176e-05	6.23263e-06	1.89389e-07	
OG0007217	5.16407e-05	7.80263e-06	2.44367e-07	
OG0007218	1.67111e-08	1.98282e-08	2.81808e-09	
OG0007219	6.32445e-07	9.12855e-07	1.36788e-07	
OG0007222	1.13977e-06	1.58396e-06	2.596e-07	
OG0007226	5.76759e-05	8.92998e-06	2.86233e-07	
OG0007227	8.66304e-07	1.3149e-06	2.06247e-07	
OG0007228	7.85014e-12	2.29519e-09	1.46745e-08	
OG0007230	8.39403e-07	1.14029e-06	1.82079e-07	
OG0007235	5.16407e-05	7.80263e-06	2.44367e-07	
OG0007236	6.32445e-07	9.12855e-07	1.36788e-07	
OG0007237	5.76759e-05	8.92998e-06	2.86233e-07	
OG0007239	1.95752e-08	3.58916e-08	7.85522e-09	
OG0007243	5.76759e-05	8.92998e-06	2.86233e-07	
OG0007244	6.32445e-07	9.12855e-07	1.36788e-07	
OG0007248	8.93159e-08	1.14079e-07	1.56493e-08	
OG0007249	1.17928e-10	4.14618e-10	1.1433e-10	
OG0007251	5.16407e-05	7.80263e-06	2.44367e-07	
OG0007253	1.95752e-08	3.58916e-08	7.85522e-09	
OG0007255	2.16786e-09	7.61746e-08	1.04648e-07	
OG0007256	5.16407e-05	7.80263e-06	2.44367e-07	
OG0007257	5.16407e-05	7.80263e-06	2.44367e-07	
OG0007258	5.94274e-06	7.69447e-07	2.18192e-08	
OG0007259	5.53487e-07	8.9339e-07	1.90681e-07	
OG0007263	8.35498e-08	1.10388e-07	1.60961e-08	
OG0007265	5.16407e-05	7.80263e-06	2.44367e-07	
OG0007267	1.45584e-08	1.91938e-08	2.59873e-09	
OG0007271	5.16407e-05	7.80263e-06	2.44367e-07	
OG0007279	1.28651e-07	5.15633e-07	1.55754e-07	
OG0007283	8.37352e-07	1.0552e-07	2.86073e-09	
OG0007284	8.66304e-07	1.3149e-06	2.06247e-07	
OG0007285	5.16407e-05	7.80263e-06	2.44367e-07	
OG0007293	1.50187e-09	1.68162e-09	2.05557e-10	
OG0007297	5.56202e-07	8.95301e-07	2.05586e-07	
OG0007299	6.32445e-07	9.12855e-07	1.36788e-07	
OG0007300	6.32445e-07	9.12855e-07	1.36788e-07	
OG0007301	6.32445e-07	9.12855e-07	1.36788e-07	
OG0007305	1.28651e-07	5.15633e-07	1.55754e-07	
OG0007308	5.16407e-05	7.80263e-06	2.44367e-07	
OG0007310	5.76759e-05	8.92998e-06	2.86233e-07	
OG0007312	5.16407e-05	7.80263e-06	2.44367e-07	
OG0007314	5.16407e-05	7.80263e-06	2.44367e-07	
OG0007315	5.16407e-05	7.80263e-06	2.44367e-07	
OG0007316	5.76759e-05	8.92998e-06	2.86233e-07	
OG0007317	1.52064e-08	1.95319e-07	1.87061e-07	
OG0007318	3.23382e-08	1.86706e-07	1.55009e-07	
OG0007321	5.94274e-06	7.69447e-07	2.18192e-08	
OG0007325	3.62802e-06	3.15255e-06	4.08456e-07	
OG0007334	4.49734e-05	6.6602e-06	2.03751e-07	
OG0007340	4.49734e-05	6.6602e-06	2.03751e-07	
OG0007343	4.89537e-07	5.61811e-07	1.09035e-07	
OG0007344	4.89537e-07	5.61811e-07	1.09035e-07	
OG0007347	4.49734e-05	6.6602e-06	2.03751e-07	
OG0007348	3.62802e-06	3.15255e-06	4.08456e-07	
OG0007350	4.49734e-05	6.6602e-06	2.03751e-07	
OG0007351	3.62802e-06	3.15255e-06	4.08456e-07	
OG0007353	1.45064e-10	2.98407e-09	4.54348e-09	
OG0007354	3.62802e-06	3.15255e-06	4.08456e-07	
OG0007355	4.49734e-05	6.6602e-06	2.03751e-07	
OG0007356	4.22062e-07	1.48443e-06	6.61235e-07	
OG0007359	6.12687e-08	8.08414e-07	1.26441e-06	
OG0007362	3.62802e-06	3.15255e-06	4.08456e-07	
OG0007363	4.49734e-05	6.6602e-06	2.03751e-07	
OG0007364	3.62802e-06	3.15255e-06	4.08456e-07	
OG0007365	4.49734e-05	6.6602e-06	2.03751e-07	
OG0007366	4.49734e-05	6.6602e-06	2.03751e-07	
OG0007369	3.62802e-06	3.15255e-06	4.08456e-07	
OG0007373	8.36698e-07	1.20738e-06	1.79344e-07	
OG0007375	4.89537e-07	5.61811e-07	1.09035e-07	
OG0007377	8.81636e-10	6.02048e-09	5.99514e-09	
OG0007379	6.89979e-08	7.59415e-08	1.41829e-08	
OG0007383	4.49734e-05	6.6602e-06	2.03751e-07	
OG0007389	3.62802e-06	3.15255e-06	4.08456e-07	
OG0007390	4.49734e-05	6.6602e-06	2.03751e-07	
OG0007391	4.49734e-05	6.6602e-06	2.03751e-07	
OG0007397	4.49734e-05	6.6602e-06	2.03751e-07	
OG0007399	8.62519e-08	1.04553e-07	1.35452e-08	
OG0007400	1.04981e-09	7.09271e-09	3.6678e-09	
OG0007403	4.49734e-05	6.6602e-06	2.03751e-07	
OG0007404	3.62802e-06	3.15255e-06	4.08456e-07	
OG0007405	3.62802e-06	3.15255e-06	4.08456e-07	
OG0007406	5.78105e-09	3.74553e-08	3.86792e-08	
OG0007408	3.62802e-06	3.15255e-06	4.08456e-07	
OG0007409	3.14189e-07	1.13304e-06	5.13472e-07	
OG0007411	4.49734e-05	6.6602e-06	2.03751e-07	
OG0007412	2.82393e-06	2.57909e-06	3.56509e-07	
OG0007417	4.49734e-05	6.6602e-06	2.03751e-07	
OG0007426	2.93185e-11	8.46461e-09	5.01182e-08	
OG0007427	4.00986e-13	1.21261e-09	3.83463e-08	
OG0007438	4.00986e-13	1.21261e-09	3.83463e-08	
OG0007439	4.00986e-13	1.21261e-09	3.83463e-08	
OG0007457	4.54413e-09	9.33788e-08	1.06479e-07	
OG0007461	2.9744e-11	1.0016e-08	6.79457e-08	
OG0007462	1.40993e-13	3.28763e-11	1.59213e-10	
OG0007466	1.4268e-11	1.00894e-08	1.87884e-07	
OG0007471	1.4268e-11	1.00894e-08	1.87884e-07	
OG0007482	1.4268e-11	1.00894e-08	1.87884e-07	
OG0007483	2.39749e-11	1.36144e-08	2.27268e-07	
OG0007488	1.4268e-11	1.00894e-08	1.87884e-07	
OG0007499	2.69484e-11	1.59468e-08	2.52422e-07	
OG0007505	5.11577e-10	6.41025e-08	2.70461e-07	
OG0007512	2.09033e-13	3.36345e-11	1.51664e-10	
OG0007520	4.02635e-11	2.43117e-08	3.87741e-07	
OG0007526	1.4268e-11	1.00894e-08	1.87884e-07	
OG0007536	3.87665e-10	5.76917e-08	2.86076e-07	
OG0007558	7.96841e-07	3.78928e-07	2.85781e-08	
OG0007559	1.7065e-08	2.36472e-07	1.91355e-07	
OG0007563	1.93024e-08	2.61995e-07	2.2753e-07	
OG0007565	1.08686e-06	1.53309e-06	2.67425e-07	
OG0007567	1.08203e-06	1.62522e-06	2.81627e-07	
OG0007572	1.08686e-06	1.53309e-06	2.67425e-07	
OG0007573	3.40741e-08	3.85045e-07	3.07639e-07	
OG0007574	6.95623e-07	3.24175e-07	2.38053e-08	
OG0007577	3.15887e-08	3.41772e-07	2.49776e-07	
OG0007582	1.02243e-06	1.53313e-06	2.75544e-07	
OG0007586	1.42883e-08	6.83915e-08	2.59257e-08	
OG0007587	6.75152e-06	3.77914e-06	3.28985e-07	
OG0007591	2.39404e-10	3.3548e-08	1.52435e-07	
OG0007593	1.7065e-08	2.36472e-07	1.91355e-07	
OG0007595	1.20011e-07	5.5655e-08	4.02677e-09	
OG0007606	1.01211e-07	5.51558e-07	2.38257e-07	
OG0007609	2.47759e-08	2.56609e-07	1.83569e-07	
OG0007613	1.93405e-08	2.49962e-07	2.00248e-07	
OG0007622	3.15782e-10	4.13175e-08	1.61741e-07	
OG0007626	1.34037e-07	6.36962e-08	4.71665e-09	
OG0007627	9.92077e-07	1.55228e-06	2.77071e-07	
OG0007628	8.26639e-06	4.72093e-06	4.14329e-07	
OG0007637	6.04513e-06	3.30083e-06	2.78013e-07	
OG0007639	1.08686e-06	1.53309e-06	2.67425e-07	
OG0007648	1.01211e-07	5.51558e-07	2.38257e-07	
OG0007651	1.93024e-08	2.61995e-07	2.2753e-07	
OG0007652	6.04513e-06	3.30083e-06	2.78013e-07	
OG0007656	1.08686e-06	1.53309e-06	2.67425e-07	
OG0007659	6.04513e-06	3.30083e-06	2.78013e-07	
OG0007662	8.51728e-07	4.05835e-07	3.07144e-08	
OG0007665	1.43392e-08	1.96836e-07	1.55316e-07	
OG0007670	2.57842e-10	3.51622e-08	1.56362e-07	
OG0007678	1.91532e-08	2.95012e-07	2.59937e-07	
OG0007681	1.08686e-06	1.53309e-06	2.67425e-07	
OG0007682	8.51728e-07	4.05835e-07	3.07144e-08	
OG0007684	2.79746e-06	2.16451e-06	3.09576e-07	
OG0007686	2.79746e-06	2.16451e-06	3.09576e-07	
OG0007688	1.20011e-07	5.5655e-08	4.02677e-09	
OG0007690	4.81605e-08	2.8967e-07	1.75541e-07	
OG0007693	8.26639e-06	4.72093e-06	4.14329e-07	
OG0007697	6.04513e-06	3.30083e-06	2.78013e-07	
OG0007699	2.79746e-06	2.16451e-06	3.09576e-07	
OG0007703	9.92077e-07	1.55228e-06	2.77071e-07	
OG0007713	1.46708e-10	2.28802e-08	1.17006e-07	
OG0007715	1.7065e-08	2.36472e-07	1.91355e-07	
OG0007716	2.79746e-06	2.16451e-06	3.09576e-07	
OG0007718	4.40937e-10	4.90262e-08	1.82695e-07	
OG0007722	3.38335e-08	3.12397e-07	2.29017e-07	
OG0007724	4.81605e-08	2.8967e-07	1.75541e-07	
OG0007727	6.04513e-06	3.30083e-06	2.78013e-07	
OG0007728	1.00399e-06	1.56806e-06	2.818e-07	
OG0007734	9.92077e-07	1.55228e-06	2.77071e-07	
OG0007736	2.79746e-06	2.16451e-06	3.09576e-07	
OG0007737	1.08203e-06	1.62522e-06	2.81627e-07	
OG0007739	9.92077e-07	1.55228e-06	2.77071e-07	
OG0007740	1.24149e-08	5.41962e-08	1.9098e-08	
OG0007742	2.79746e-06	2.16451e-06	3.09576e-07	
OG0007745	8.51728e-07	4.05835e-07	3.07144e-08	
OG0007753	9.03411e-12	8.92369e-09	1.45888e-07	
OG0007756	1.94191e-10	7.59759e-10	2.39939e-10	
OG0007766	4.81605e-08	2.8967e-07	1.75541e-07	
OG0007768	2.69477e-13	4.03884e-12	3.9647e-12	
OG0007774	6.04513e-06	3.30083e-06	2.78013e-07	
OG0007775	1.41757e-06	1.87863e-06	3.15368e-07	
OG0007781	4.81605e-08	2.8967e-07	1.75541e-07	
OG0007785	9.92077e-07	1.55228e-06	2.77071e-07	
OG0007789	1.07826e-06	1.63841e-06	3.126e-07	
OG0007790	1.7065e-08	2.36472e-07	1.91355e-07	
OG0007797	2.91368e-05	9.98657e-06	7.47337e-07	
OG0007799	2.53753e-06	3.67966e-06	9.84255e-07	
OG0007808	6.56273e-09	1.83963e-08	5.87468e-09	
OG0007809	2.91368e-05	9.98657e-06	7.47337e-07	
OG0007812	6.42198e-07	2.00093e-06	7.93292e-07	
OG0007813	2.91368e-05	9.98657e-06	7.47337e-07	
OG0007816	2.91368e-05	9.98657e-06	7.47337e-07	
OG0007817	2.91368e-05	9.98657e-06	7.47337e-07	
OG0007818	4.51316e-07	1.54187e-06	6.06412e-07	
OG0007819	2.53753e-06	3.67966e-06	9.84255e-07	
OG0007820	2.91368e-05	9.98657e-06	7.47337e-07	
OG0007821	5.26465e-06	2.81753e-06	2.31805e-07	
OG0007822	2.91368e-05	9.98657e-06	7.47337e-07	
OG0007825	2.91368e-05	9.98657e-06	7.47337e-07	
OG0007828	2.91368e-05	9.98657e-06	7.47337e-07	
OG0007830	7.19913e-06	4.02971e-06	3.45464e-07	
OG0007831	2.53753e-06	3.67966e-06	9.84255e-07	
OG0007833	7.19913e-06	4.02971e-06	3.45464e-07	
OG0007836	2.91368e-05	9.98657e-06	7.47337e-07	
OG0007838	2.91368e-05	9.98657e-06	7.47337e-07	
OG0007839	2.91368e-05	9.98657e-06	7.47337e-07	
OG0007842	2.91368e-05	9.98657e-06	7.47337e-07	
OG0007843	2.91368e-05	9.98657e-06	7.47337e-07	
OG0007849	2.91368e-05	9.98657e-06	7.47337e-07	
OG0007853	7.83628e-08	3.4066e-07	1.91452e-07	
OG0007854	2.91368e-05	9.98657e-06	7.47337e-07	
OG0007855	2.91368e-05	9.98657e-06	7.47337e-07	
OG0007857	2.91368e-05	9.98657e-06	7.47337e-07	
OG0007862	2.53753e-06	3.67966e-06	9.84255e-07	
OG0007863	3.25017e-07	6.44797e-07	2.6883e-07	
OG0007865	2.91368e-05	9.98657e-06	7.47337e-07	
OG0007866	1.16037e-07	5.64526e-07	2.46059e-07	
OG0007867	2.91368e-05	9.98657e-06	7.47337e-07	
OG0007869	5.26465e-06	2.81753e-06	2.31805e-07	
OG0007870	2.91368e-05	9.98657e-06	7.47337e-07	
OG0007872	6.67289e-08	1.79425e-07	6.15031e-08	
OG0007874	2.91368e-05	9.98657e-06	7.47337e-07	
OG0007876	4.06235e-07	2.33601e-06	2.16804e-06	
OG0007879	2.53753e-06	3.67966e-06	9.84255e-07	
OG0007881	1.13576e-10	1.15932e-09	2.42417e-09	
OG0007882	1.08892e-09	2.8496e-08	4.75918e-08	
OG0007884	2.91368e-05	9.98657e-06	7.47337e-07	
OG0007887	2.91368e-05	9.98657e-06	7.47337e-07	
OG0007891	4.85309e-08	9.08339e-08	3.57251e-08	
OG0007895	2.53753e-06	3.67966e-06	9.84255e-07	
OG0007900	2.91368e-05	9.98657e-06	7.47337e-07	
OG0007902	2.91368e-05	9.98657e-06	7.47337e-07	
OG0007903	7.19913e-06	4.02971e-06	3.45464e-07	
OG0007904	5.98382e-08	1.63969e-07	5.13379e-08	
OG0007905	2.91368e-05	9.98657e-06	7.47337e-07	
OG0007912	4.69315e-10	3.99263e-08	1.43287e-07	
OG0007935	1.10692e-11	9.22393e-09	1.40343e-07	
OG0007943	2.7922e-10	3.30277e-08	1.26123e-07	
OG0007954	1.68435e-08	2.13363e-07	1.66965e-07	
OG0007961	3.00452e-10	3.56299e-08	1.32731e-07	
OG0007966	1.27767e-10	1.95302e-08	9.75584e-08	
OG0007968	6.93962e-07	3.23446e-07	2.38282e-08	
OG0007972	1.52665e-08	2.05361e-07	1.59331e-07	
OG0007977	1.15409e-10	3.30585e-08	3.66953e-07	
OG0007989	1.24315e-09	9.1581e-08	2.91141e-07	
OG0007998	1.34911e-09	9.61658e-08	3.0849e-07	
OG0008034	2.72563e-10	6.53957e-08	6.17988e-07	
OG0008055	1.15409e-10	3.30585e-08	3.66953e-07	
OG0008080	7.69656e-12	6.55784e-09	1.38942e-07	
OG0008083	6.12618e-11	3.26937e-08	4.52463e-07	
OG0008102	7.63396e-06	4.6465e-06	4.89988e-07	
OG0008105	8.40126e-06	4.91555e-06	5.00228e-07	
OG0008120	8.7378e-06	4.85213e-06	4.86196e-07	
OG0008128	3.13709e-07	8.44724e-07	3.18849e-07	
OG0008129	1.67717e-07	9.11856e-07	4.83353e-07	
OG0008130	7.63396e-06	4.6465e-06	4.89988e-07	
OG0008131	7.63396e-06	4.6465e-06	4.89988e-07	
OG0008134	8.40126e-06	4.91555e-06	5.00228e-07	
OG0008136	7.63396e-06	4.6465e-06	4.89988e-07	
OG0008137	1.92108e-08	3.36737e-08	6.82747e-09	
OG0008140	9.2501e-11	4.05898e-10	1.53764e-10	
OG0008145	1.83719e-07	9.58694e-07	4.93708e-07	
OG0008152	8.40126e-06	4.91555e-06	5.00228e-07	
OG0008163	1.58571e-07	8.67201e-07	4.38467e-07	
OG0008164	7.63396e-06	4.6465e-06	4.89988e-07	
OG0008166	4.438e-07	1.26726e-06	5.11894e-07	
OG0008172	1.22794e-07	6.72694e-07	3.31154e-07	
OG0008174	1.6693e-09	2.8688e-08	2.99511e-08	
OG0008178	1.66094e-09	9.9033e-08	2.55266e-07	
OG0008181	2.03042e-07	9.80933e-07	4.40272e-07	
OG0008190	6.91261e-06	4.20772e-06	4.63986e-07	
OG0008191	4.438e-07	1.26726e-06	5.11894e-07	
OG0008193	1.08249e-07	6.64361e-07	3.80315e-07	
OG0008197	4.438e-07	1.26726e-06	5.11894e-07	
OG0008199	8.40126e-06	4.91555e-06	5.00228e-07	
OG0008202	7.63396e-06	4.6465e-06	4.89988e-07	
OG0008203	2.11538e-07	9.55514e-07	4.36277e-07	
OG0008205	7.63396e-06	4.6465e-06	4.89988e-07	
OG0008215	8.40126e-06	4.91555e-06	5.00228e-07	
OG0008218	1.12996e-07	6.14825e-07	2.87486e-07	
OG0008219	1.89285e-12	7.94671e-11	1.58849e-10	
OG0008224	1.06129e-12	3.63406e-10	2.69085e-09	
OG0008227	8.40126e-06	4.91555e-06	5.00228e-07	
OG0008228	4.438e-07	1.26726e-06	5.11894e-07	
OG0008229	1.58571e-07	8.67201e-07	4.38467e-07	
OG0008231	7.63396e-06	4.6465e-06	4.89988e-07	
OG0008232	7.63396e-06	4.6465e-06	4.89988e-07	
OG0008234	8.7378e-06	4.85213e-06	4.86196e-07	
OG0008251	8.7378e-06	4.85213e-06	4.86196e-07	
OG0008254	4.438e-07	1.26726e-06	5.11894e-07	
OG0008260	4.438e-07	1.26726e-06	5.11894e-07	
OG0008264	1.04205e-10	4.99323e-10	2.1625e-10	
OG0008265	1.45765e-07	7.61866e-07	3.8752e-07	
OG0008271	1.11355e-07	1.96563e-07	4.13563e-08	
OG0008276	3.35925e-09	1.62674e-07	3.64409e-07	
OG0008282	8.40126e-06	4.91555e-06	5.00228e-07	
OG0008292	4.438e-07	1.26726e-06	5.11894e-07	
OG0008293	2.70518e-09	1.0937e-08	3.59396e-09	
OG0008296	1.82165e-10	2.39557e-09	3.13132e-09	
OG0008301	4.66425e-06	6.06243e-06	1.31892e-06	
OG0008310	4.66425e-06	6.06243e-06	1.31892e-06	
OG0008311	4.66425e-06	6.06243e-06	1.31892e-06	
OG0008315	4.66425e-06	6.06243e-06	1.31892e-06	
OG0008319	4.66425e-06	6.06243e-06	1.31892e-06	
OG0008320	2.04941e-05	1.19491e-05	1.88603e-06	
OG0008322	2.04941e-05	1.19491e-05	1.88603e-06	
OG0008323	4.66425e-06	6.06243e-06	1.31892e-06	
OG0008325	2.04941e-05	1.19491e-05	1.88603e-06	
OG0008327	4.66425e-06	6.06243e-06	1.31892e-06	
OG0008328	2.04941e-05	1.19491e-05	1.88603e-06	
OG0008331	2.04941e-05	1.19491e-05	1.88603e-06	
OG0008334	2.04941e-05	1.19491e-05	1.88603e-06	
OG0008342	2.04941e-05	1.19491e-05	1.88603e-06	
OG0008346	5.89713e-09	2.62465e-08	1.62189e-08	
OG0008354	2.04941e-05	1.19491e-05	1.88603e-06	
OG0008355	4.66425e-06	6.06243e-06	1.31892e-06	
OG0008356	2.04941e-05	1.19491e-05	1.88603e-06	
OG0008359	4.66425e-06	6.06243e-06	1.31892e-06	
OG0008364	2.04941e-05	1.19491e-05	1.88603e-06	
OG0008367	4.66425e-06	6.06243e-06	1.31892e-06	
OG0008370	2.04941e-05	1.19491e-05	1.88603e-06	
OG0008377	4.66425e-06	6.06243e-06	1.31892e-06	
OG0008389	2.71593e-06	6.20636e-06	3.71941e-06	
OG0008390	2.04941e-05	1.19491e-05	1.88603e-06	
OG0008404	2.71593e-06	6.20636e-06	3.71941e-06	
OG0008413	4.66425e-06	6.06243e-06	1.31892e-06	
OG0008414	2.04941e-05	1.19491e-05	1.88603e-06	
OG0008418	4.66425e-06	6.06243e-06	1.31892e-06	
OG0008419	2.04941e-05	1.19491e-05	1.88603e-06	
OG0008421	4.66425e-06	6.06243e-06	1.31892e-06	
OG0008430	2.04941e-05	1.19491e-05	1.88603e-06	
OG0008434	4.80564e-07	5.19428e-07	9.39397e-08	
OG0008436	6.77131e-08	7.12327e-08	1.23149e-08	
OG0008439	4.80564e-07	5.19428e-07	9.39397e-08	
OG0008442	6.77131e-08	7.12327e-08	1.23149e-08	
OG0008462	3.73848e-14	1.32331e-11	1.07845e-10	
OG0008466	2.97839e-11	1.37994e-08	1.49273e-07	
OG0008486	1.18488e-07	6.23758e-07	2.87008e-07	
OG0008495	1.96634e-09	9.79942e-08	2.33342e-07	
OG0008498	1.18488e-07	6.23758e-07	2.87008e-07	
OG0008505	1.03195e-10	4.40931e-10	1.68961e-10	
OG0008512	1.40056e-07	6.92744e-07	3.3496e-07	
OG0008518	2.34127e-09	1.12278e-07	2.51615e-07	
OG0008522	1.49386e-09	1.53095e-07	9.14722e-07	
OG0008532	9.33494e-10	1.08318e-07	7.16691e-07	
OG0008545	4.49595e-07	4.84989e-07	8.74059e-08	
OG0008553	1.34602e-09	1.31479e-07	8.24627e-07	
OG0008597	9.33494e-10	1.08318e-07	7.16691e-07	
OG0008607	1.08679e-08	3.10227e-07	5.85719e-07	
OG0008627	7.41461e-09	2.32612e-07	4.75217e-07	
OG0008652	1.34602e-09	1.31479e-07	8.24627e-07	
OG0008658	1.08679e-08	3.10227e-07	5.85719e-07	
OG0008718	7.02452e-05	1.53436e-05	8.80776e-07	
OG0008730	1.22099e-06	2.78897e-06	8.3394e-07	
OG0008740	1.25157e-06	2.54334e-06	6.86119e-07	
OG0008741	4.99857e-08	5.04251e-07	5.5858e-07	
OG0008746	1.93186e-08	3.67207e-07	5.26497e-07	
OG0008762	1.25157e-06	2.54334e-06	6.86119e-07	
OG0008766	1.22099e-06	2.78897e-06	8.3394e-07	
OG0008772	1.0554e-06	2.26389e-06	6.33885e-07	
OG0008777	1.0554e-06	2.26389e-06	6.33885e-07	
OG0008779	1.0554e-06	2.26389e-06	6.33885e-07	
OG0008782	1.25157e-06	2.54334e-06	6.86119e-07	
OG0008786	1.0554e-06	2.26389e-06	6.33885e-07	
OG0008791	1.0554e-06	2.26389e-06	6.33885e-07	
OG0008795	7.02452e-05	1.53436e-05	8.80776e-07	
OG0008814	1.22099e-06	2.78897e-06	8.3394e-07	
OG0008817	1.25157e-06	2.54334e-06	6.86119e-07	
OG0008821	1.25157e-06	2.54334e-06	6.86119e-07	
OG0008833	1.25157e-06	2.54334e-06	6.86119e-07	
OG0008835	1.22099e-06	2.78897e-06	8.3394e-07	
OG0008838	1.22099e-06	2.78897e-06	8.3394e-07	
OG0008839	3.98073e-10	6.76157e-08	4.18562e-07	
OG0008840	1.0554e-06	2.26389e-06	6.33885e-07	
OG0008844	1.0554e-06	2.26389e-06	6.33885e-07	
OG0008860	1.02111e-06	2.01982e-06	5.32947e-07	
OG0008865	1.22099e-06	2.78897e-06	8.3394e-07	
OG0008867	1.0554e-06	2.26389e-06	6.33885e-07	
OG0008868	7.02452e-05	1.53436e-05	8.80776e-07	
OG0008873	7.02452e-05	1.53436e-05	8.80776e-07	
OG0008874	1.25157e-06	2.54334e-06	6.86119e-07	
OG0008876	1.22099e-06	2.78897e-06	8.3394e-07	
OG0008881	7.02452e-05	1.53436e-05	8.80776e-07	
OG0008883	1.35745e-06	2.60616e-06	7.55315e-07	
OG0008886	1.81635e-08	3.30703e-07	4.13361e-07	
OG0008896	1.34396e-06	2.95675e-06	8.55471e-07	
OG0008909	1.22099e-06	2.78897e-06	8.3394e-07	
OG0008912	9.85886e-07	2.16041e-06	6.33626e-07	
OG0008914	1.34396e-06	2.95675e-06	8.55471e-07	
OG0008919	1.22099e-06	2.78897e-06	8.3394e-07	
OG0008920	7.02452e-05	1.53436e-05	8.80776e-07	
OG0008924	1.22099e-06	2.78897e-06	8.3394e-07	
OG0008927	1.0554e-06	2.26389e-06	6.33885e-07	
OG0008931	3.23402e-08	5.76929e-07	7.31433e-07	
OG0008940	7.02452e-05	1.53436e-05	8.80776e-07	
OG0008943	7.02452e-05	1.53436e-05	8.80776e-07	
OG0008953	1.22099e-06	2.78897e-06	8.3394e-07	
OG0008954	7.02452e-05	1.53436e-05	8.80776e-07	
OG0008957	4.99857e-08	5.04251e-07	5.5858e-07	
OG0008960	1.0554e-06	2.26389e-06	6.33885e-07	
OG0008966	2.02577e-05	2.01111e-05	6.82929e-06	
OG0008970	2.02577e-05	2.01111e-05	6.82929e-06	
OG0008996	2.02577e-05	2.01111e-05	6.82929e-06	
OG0009009	2.02577e-05	2.01111e-05	6.82929e-06	
OG0009011	2.02577e-05	2.01111e-05	6.82929e-06	
OG0009014	2.02577e-05	2.01111e-05	6.82929e-06	
OG0009035	1.11682e-09	3.705e-09	1.54797e-09	
OG0009039	3.23712e-11	4.52914e-10	6.72368e-10	
OG0009080	2.02577e-05	2.01111e-05	6.82929e-06	
OG0009086	2.02577e-05	2.01111e-05	6.82929e-06	
OG0009094	2.02577e-05	2.01111e-05	6.82929e-06	
OG0009096	2.02577e-05	2.01111e-05	6.82929e-06	
OG0009108	2.02577e-05	2.01111e-05	6.82929e-06	
OG0009119	2.02577e-05	2.01111e-05	6.82929e-06	
OG0009120	2.02577e-05	2.01111e-05	6.82929e-06	
OG0009124	2.02577e-05	2.01111e-05	6.82929e-06	
OG0009143	3.38017e-07	6.21508e-07	2.37094e-07	
OG0009154	3.18953e-09	5.42473e-08	5.66616e-08	
OG0009162	2.02577e-05	2.01111e-05	6.82929e-06	
OG0009163	2.02577e-05	2.01111e-05	6.82929e-06	
OG0009167	2.02577e-05	2.01111e-05	6.82929e-06	
OG0009170	2.02577e-05	2.01111e-05	6.82929e-06	
OG0009189	1.08998e-06	2.17095e-06	5.72081e-07	
OG0009213	2.99418e-10	4.93875e-08	3.19838e-07	
OG0009222	2.56689e-10	4.65509e-08	2.94515e-07	
OG0009226	8.586e-07	1.84409e-06	5.28312e-07	
OG0009251	4.96866e-10	7.17411e-08	4.17526e-07	
OG0009255	1.01927e-06	2.0776e-06	5.50542e-07	
OG0009264	2.99418e-10	4.93875e-08	3.19838e-07	
OG0009283	2.20919e-08	3.98563e-07	5.44996e-07	
OG0009307	7.55067e-09	3.5491e-07	1.39976e-06	
OG0009308	6.92912e-07	8.7045e-07	2.01388e-07	
OG0009330	7.55067e-09	3.5491e-07	1.39976e-06	
OG0009408	8.75458e-08	1.00053e-06	1.11117e-06	
OG0009414	8.75458e-08	1.00053e-06	1.11117e-06	
OG0009418	6.0345e-08	3.20694e-07	2.65348e-07	
OG0009434	7.55067e-09	3.5491e-07	1.39976e-06	
OG0009478	7.55067e-09	3.5491e-07	1.39976e-06	
OG0009492	8.22776e-10	1.02501e-07	6.77415e-07	
OG0009515	1.82003e-09	1.93611e-07	1.0699e-06	
OG0009563	1.68877e-07	1.36768e-06	1.11077e-06	
OG0009565	8.22269e-06	6.48482e-06	9.98854e-07	
OG0009568	2.66135e-09	1.79643e-07	7.18069e-07	
OG0009613	1.00678e-05	8.10603e-06	1.26581e-06	
OG0009616	1.00678e-05	8.10603e-06	1.26581e-06	
OG0009625	1.42399e-07	1.1602e-06	9.46721e-07	
OG0009631	1.00678e-05	8.10603e-06	1.26581e-06	
OG0009641	1.00678e-05	8.10603e-06	1.26581e-06	
OG0009642	1.12452e-05	9.31136e-06	1.53846e-06	
OG0009649	1.23282e-07	9.47432e-07	7.22892e-07	
OG0009679	1.12452e-05	9.31136e-06	1.53846e-06	
OG0009706	1.12452e-05	9.31136e-06	1.53846e-06	
OG0009724	1.68877e-07	1.36768e-06	1.11077e-06	
OG0009739	1.68877e-07	1.36768e-06	1.11077e-06	
OG0009745	1.68877e-07	1.36768e-06	1.11077e-06	
OG0009761	1.86166e-12	1.13771e-10	3.49197e-10	
OG0009764	1.00678e-05	8.10603e-06	1.26581e-06	
OG0009779	1.42399e-07	1.1602e-06	9.46721e-07	
OG0009790	1.56863e-07	1.23454e-06	9.77505e-07	
OG0009796	1.68877e-07	1.36768e-06	1.11077e-06	
OG0009803	2.06353e-09	1.58092e-07	6.32984e-07	
OG0009822	1.23282e-07	9.47432e-07	7.22892e-07	
OG0009833	1.12452e-05	9.31136e-06	1.53846e-06	
OG0009838	2.66135e-09	1.79643e-07	7.18069e-07	
OG0009848	1.00678e-05	8.10603e-06	1.26581e-06	
OG0009852	1.68877e-07	1.36768e-06	1.11077e-06	
OG0009853	1.12452e-05	9.31136e-06	1.53846e-06	
OG0009858	1.12452e-05	9.31136e-06	1.53846e-06	
OG0009859	1.46312e-07	1.0663e-06	7.83508e-07	
OG0009878	1.42399e-07	1.1602e-06	9.46721e-07	
OG0009884	1.12452e-05	9.31136e-06	1.53846e-06	
OG0009904	3.34118e-07	1.04604e-06	8.58603e-07	
OG0010027	4.70784e-08	1.4345e-07	1.12536e-07	
OG0010038	3.34118e-07	1.04604e-06	8.58603e-07	
OG0010334	1.56686e-08	4.75923e-08	3.71128e-08	
OG0010419	3.34118e-07	1.04604e-06	8.58603e-07	
OG0010548	4.70784e-08	1.4345e-07	1.12536e-07	
OG0010643	1.63111e-07	1.2567e-06	9.67798e-07	
OG0010649	3.29478e-09	2.07439e-07	7.17007e-07	
OG0010709	2.56819e-09	1.64989e-07	6.27246e-07	
OG0010742	8.76796e-06	6.91917e-06	1.05542e-06	
OG0010767	1.63111e-07	1.2567e-06	9.67798e-07	
OG0010774	2.21225e-09	1.57035e-07	5.8108e-07	
OG0010775	2.56819e-09	1.64989e-07	6.27246e-07	
OG0010781	3.29478e-09	2.07439e-07	7.17007e-07	
OG0010806	1.63111e-07	1.2567e-06	9.67798e-07	
OG0010811	1.3242e-10	8.31226e-10	5.06168e-10	
OG0010812	2.21225e-09	1.57035e-07	5.8108e-07	
OG0010828	1.63111e-07	1.2567e-06	9.67798e-07	
OG0010842	1.88298e-07	1.30837e-06	1.04626e-06	
OG0010845	1.37122e-07	1.09948e-06	9.00788e-07	
OG0010863	7.64819e-07	3.28713e-06	2.28174e-06	
OG0010866	8.01209e-08	1.4492e-06	3.30557e-06	
OG0010869	7.05209e-07	3.22607e-06	2.10617e-06	
OG0010874	6.10744e-08	1.16288e-06	2.73384e-06	
OG0010877	6.10744e-08	1.16288e-06	2.73384e-06	
OG0010881	6.10744e-08	1.16288e-06	2.73384e-06	
OG0010945	7.05209e-07	3.22607e-06	2.10617e-06	
OG0010989	7.64819e-07	3.28713e-06	2.28174e-06	
OG0011010	8.01209e-08	1.4492e-06	3.30557e-06	
OG0011032	7.05209e-07	3.22607e-06	2.10617e-06	
OG0011077	7.35037e-08	1.25391e-06	2.98423e-06	
OG0011104	7.05209e-07	3.22607e-06	2.10617e-06	
OG0011119	7.64819e-07	3.28713e-06	2.28174e-06	
OG0011123	7.35037e-08	1.25391e-06	2.98423e-06	
OG0011135	6.10744e-08	1.16288e-06	2.73384e-06	
OG0011153	3.12587e-07	9.76688e-07	7.98884e-07	
OG0011160	3.12587e-07	9.76688e-07	7.98884e-07	
OG0011176	1.2168e-08	5.1439e-07	1.83548e-06	
OG0011242	2.03789e-15	2.1957e-13	2.94779e-12	
OG0011308	1.61172e-06	4.92662e-06	2.25353e-06	
OG0011316	1.97318e-08	5.75307e-07	1.31043e-06	
OG0011334	1.61172e-06	4.92662e-06	2.25353e-06	
OG0011354	1.61172e-06	4.92662e-06	2.25353e-06	
OG0011373	1.31637e-06	3.94682e-06	1.80744e-06	
OG0011380	1.61172e-06	4.92662e-06	2.25353e-06	
OG0011393	1.61172e-06	4.92662e-06	2.25353e-06	
OG0011420	1.97318e-08	5.75307e-07	1.31043e-06	
OG0011433	1.61172e-06	4.92662e-06	2.25353e-06	
OG0011459	1.61172e-06	4.92662e-06	2.25353e-06	
OG0011500	1.61172e-06	4.92662e-06	2.25353e-06	
OG0011516	1.61172e-06	4.92662e-06	2.25353e-06	
OG0011532	1.61172e-06	4.92662e-06	2.25353e-06	
OG0011535	1.97318e-08	5.75307e-07	1.31043e-06	
OG0011567	1.97318e-08	5.75307e-07	1.31043e-06	
OG0011586	1.61172e-06	4.92662e-06	2.25353e-06	
OG0011605	1.97318e-08	5.75307e-07	1.31043e-06	
OG0011607	2.52931e-08	6.45666e-07	1.47527e-06	
OG0011622	1.61172e-06	4.92662e-06	2.25353e-06	
OG0011630	1.17857e-06	3.43723e-06	1.48373e-06	
OG0011674	1.31637e-06	3.94682e-06	1.80744e-06	
OG0011684	1.31637e-06	3.94682e-06	1.80744e-06	
OG0012026	1.9066e-08	5.29744e-07	1.14647e-06	
OG0012142	1.02641e-06	2.93396e-06	1.23712e-06	
OG0012163	2.20276e-08	5.51129e-07	1.23007e-06	
OG0012170	1.9066e-08	5.29744e-07	1.14647e-06	
OG0012205	1.9066e-08	5.29744e-07	1.14647e-06	
OG0012235	2.20276e-08	5.51129e-07	1.23007e-06	
OG0012266	2.20276e-08	5.51129e-07	1.23007e-06	
OG0012273	1.40363e-06	4.20528e-06	1.87898e-06	
OG0012302	5.35656e-07	3.85027e-06	5.67091e-06	
OG0012303	5.68059e-06	1.03992e-05	3.98847e-06	
OG0012325	5.68059e-06	1.03992e-05	3.98847e-06	
OG0012327	4.94006e-07	3.81026e-06	5.33942e-06	
OG0012348	5.68059e-06	1.03992e-05	3.98847e-06	
OG0012404	4.94006e-07	3.81026e-06	5.33942e-06	
OG0012405	4.94006e-07	3.81026e-06	5.33942e-06	
OG0012444	5.68059e-06	1.03992e-05	3.98847e-06	
OG0012469	4.94006e-07	3.81026e-06	5.33942e-06	
OG0012536	5.68059e-06	1.03992e-05	3.98847e-06	
OG0012542	5.68059e-06	1.03992e-05	3.98847e-06	
OG0012590	5.68059e-06	1.03992e-05	3.98847e-06	
OG0012622	4.94006e-07	3.81026e-06	5.33942e-06	
OG0012634	5.68059e-06	1.03992e-05	3.98847e-06	
OG0012680	4.94006e-07	3.81026e-06	5.33942e-06	
OG0012696	4.94006e-07	3.81026e-06	5.33942e-06	
OG0012699	4.94006e-07	3.81026e-06	5.33942e-06	
OG0012733	4.94006e-07	3.81026e-06	5.33942e-06	
OG0012744	4.94006e-07	3.81026e-06	5.33942e-06	
OG0012829	1.2191e-07	1.95345e-06	3.96573e-06	
OG0012842	1.2191e-07	1.95345e-06	3.96573e-06	
OG0012844	8.79563e-08	1.60213e-06	3.30275e-06	
OG0012861	8.79563e-08	1.60213e-06	3.30275e-06	
OG0012876	1.2191e-07	1.95345e-06	3.96573e-06	
OG0012885	8.79563e-08	1.60213e-06	3.30275e-06	
OG0013120	1.88679e-07	2.09358e-06	2.7129e-06	
OG0013187	1.88679e-07	2.09358e-06	2.7129e-06	
OG0013214	1.88679e-07	2.09358e-06	2.7129e-06	
OG0013228	1.88679e-07	2.09358e-06	2.7129e-06	
OG0013526	1.88679e-07	2.09358e-06	2.7129e-06	
OG0013963	1.88679e-07	2.09358e-06	2.7129e-06	
OG0014014	1.88679e-07	2.09358e-06	2.7129e-06	
OG0014126	1.88679e-07	2.09358e-06	2.7129e-06	
OG0014205	1.08972e-08	1.11792e-07	2.34221e-07	
OG0014384	1.64319e-07	1.78704e-06	2.262e-06	
OG0014542	1.64319e-07	1.78704e-06	2.262e-06	
OG0014845	1.64319e-07	1.78704e-06	2.262e-06	
OG0014899	1.64319e-07	1.78704e-06	2.262e-06	
OG0015109	1.64319e-07	1.78704e-06	2.262e-06	
OG0015115	1.64319e-07	1.78704e-06	2.262e-06	
OG0015127	1.64319e-07	1.78704e-06	2.262e-06	
OG0015152	1.64319e-07	1.78704e-06	2.262e-06	
OG0015212	1.64319e-07	1.78704e-06	2.262e-06	
OG0015344	3.99582e-06	1.24845e-05	1.04283e-05	
OG0015349	3.99582e-06	1.24845e-05	1.04283e-05	
OG0015367	3.99582e-06	1.24845e-05	1.04283e-05	
OG0015411	3.99582e-06	1.24845e-05	1.04283e-05	
OG0015469	3.99582e-06	1.24845e-05	1.04283e-05	
OG0015483	3.99582e-06	1.24845e-05	1.04283e-05	
OG0015520	3.99582e-06	1.24845e-05	1.04283e-05	
OG0015549	3.99582e-06	1.24845e-05	1.04283e-05	
OG0015577	3.99582e-06	1.24845e-05	1.04283e-05	
OG0015590	3.99582e-06	1.24845e-05	1.04283e-05	
OG0015609	3.99582e-06	1.24845e-05	1.04283e-05	
OG0015658	3.99582e-06	1.24845e-05	1.04283e-05	
OG0015765	3.99582e-06	1.24845e-05	1.04283e-05	
OG0015777	3.99582e-06	1.24845e-05	1.04283e-05	
OG0015888	3.99582e-06	1.24845e-05	1.04283e-05	
OG0015915	3.99582e-06	1.24845e-05	1.04283e-05	
OG0015989	3.99582e-06	1.24845e-05	1.04283e-05	
OG0016150	3.99582e-06	1.24845e-05	1.04283e-05	
OG0016222	3.99582e-06	1.24845e-05	1.04283e-05	
OG0016249	3.99582e-06	1.24845e-05	1.04283e-05	
OG0016298	3.99582e-06	1.24845e-05	1.04283e-05	
OG0016322	3.99582e-06	1.24845e-05	1.04283e-05	
OG0016344	1.0195e-08	1.0438e-07	2.1793e-07	
OG0016366	9.09409e-07	6.33407e-06	7.29265e-06	
OG0016369	9.09409e-07	6.33407e-06	7.29265e-06	
OG0016373	9.09409e-07	6.33407e-06	7.29265e-06	
OG0016376	9.09409e-07	6.33407e-06	7.29265e-06	
OG0016392	9.09409e-07	6.33407e-06	7.29265e-06	
OG0016400	9.09409e-07	6.33407e-06	7.29265e-06	
OG0016407	9.09409e-07	6.33407e-06	7.29265e-06	
OG0016434	9.09409e-07	6.33407e-06	7.29265e-06	
OG0016439	9.09409e-07	6.33407e-06	7.29265e-06	
OG0016469	9.09409e-07	6.33407e-06	7.29265e-06	
OG0016473	9.09409e-07	6.33407e-06	7.29265e-06	
OG0016474	9.09409e-07	6.33407e-06	7.29265e-06	
OG0016475	9.09409e-07	6.33407e-06	7.29265e-06	
OG0016520	9.09409e-07	6.33407e-06	7.29265e-06	
OG0016530	9.09409e-07	6.33407e-06	7.29265e-06	
OG0016534	9.09409e-07	6.33407e-06	7.29265e-06	
OG0016546	9.09409e-07	6.33407e-06	7.29265e-06	
OG0016550	9.09409e-07	6.33407e-06	7.29265e-06	
OG0016566	9.09409e-07	6.33407e-06	7.29265e-06	
OG0016569	9.09409e-07	6.33407e-06	7.29265e-06	
OG0016593	9.09409e-07	6.33407e-06	7.29265e-06	
OG0016603	9.09409e-07	6.33407e-06	7.29265e-06	
OG0016606	9.09409e-07	6.33407e-06	7.29265e-06	
OG0016618	9.09409e-07	6.33407e-06	7.29265e-06	
OG0016622	9.09409e-07	6.33407e-06	7.29265e-06	
OG0016628	9.09409e-07	6.33407e-06	7.29265e-06	
OG0016644	9.09409e-07	6.33407e-06	7.29265e-06	
OG0016653	9.09409e-07	6.33407e-06	7.29265e-06	
OG0016658	9.09409e-07	6.33407e-06	7.29265e-06	
OG0016677	9.09409e-07	6.33407e-06	7.29265e-06	
OG0016678	9.09409e-07	6.33407e-06	7.29265e-06	
OG0016683	9.09409e-07	6.33407e-06	7.29265e-06	
OG0016692	9.09409e-07	6.33407e-06	7.29265e-06	
OG0016695	9.09409e-07	6.33407e-06	7.29265e-06	
OG0016699	9.09409e-07	6.33407e-06	7.29265e-06	
OG0016701	9.09409e-07	6.33407e-06	7.29265e-06	
OG0016769	3.72621e-10	4.14886e-09	1.00209e-08	
OG0016933	3.72621e-10	4.14886e-09	1.00209e-08	
