"","ID","Description","GeneRatio","BgRatio","RichFactor","FoldEnrichment","zScore","pvalue","p.adjust","qvalue","geneID","Count"
"GO:0005885","GO:0005885","Arp2/3 protein complex","6/62","10/5248",0.6,50.7870967741935,17.2293611971574,4.30076848269163e-10,9.05741842454857e-07,7.48786428460206e-07,"c105908-g1/c12761-g1/c78092-g1/c105479-g1/c110137-g1/c40816-g1",6
"GO:0034314","GO:0034314","Arp2/3 complex-mediated actin nucleation","6/62","14/5248",0.428571428571429,36.2764976958525,14.4499964535668,5.92794534498039e-09,6.24212644826435e-06,5.16043242136714e-06,"c105908-g1/c12761-g1/c78092-g1/c105479-g1/c110137-g1/c40816-g1",6
"GO:0045010","GO:0045010","actin nucleation","6/62","15/5248",0.4,33.858064516129,13.9330873812995,9.78946028602906e-09,6.8722011207924e-06,5.68132186424283e-06,"c105908-g1/c12761-g1/c78092-g1/c105479-g1/c110137-g1/c40816-g1",6
"GO:0005200","GO:0005200","structural constituent of cytoskeleton","8/62","42/5248",0.19047619047619,16.1228878648233,10.7582694126822,2.05557692308502e-08,7.52819273538437e-06,6.22363711917117e-06,"c103219-g2/c103330-g1/c105908-g1/c12761-g1/c78092-g1/c105479-g1/c110137-g1/c40816-g1",8
"GO:0002431","GO:0002431","Fc receptor mediated stimulatory signaling pathway","8/62","43/5248",0.186046511627907,15.7479369842461,10.6167173382019,2.50224829761114e-08,7.52819273538437e-06,6.22363711917117e-06,"c104424-g3/c104424-g4/c105908-g1/c12761-g1/c78092-g1/c105479-g1/c110137-g1/c40816-g1",8
"GO:0038094","GO:0038094","Fc-gamma receptor signaling pathway","8/62","43/5248",0.186046511627907,15.7479369842461,10.6167173382019,2.50224829761114e-08,7.52819273538437e-06,6.22363711917117e-06,"c104424-g3/c104424-g4/c105908-g1/c12761-g1/c78092-g1/c105479-g1/c110137-g1/c40816-g1",8
"GO:0038096","GO:0038096","Fc-gamma receptor signaling pathway involved in phagocytosis","8/62","43/5248",0.186046511627907,15.7479369842461,10.6167173382019,2.50224829761114e-08,7.52819273538437e-06,6.22363711917117e-06,"c104424-g3/c104424-g4/c105908-g1/c12761-g1/c78092-g1/c105479-g1/c110137-g1/c40816-g1",8
"GO:1904377","GO:1904377","positive regulation of protein localization to cell periphery","8/62","49/5248",0.163265306122449,13.8196181698486,9.8570813758103,7.36318715698372e-08,1.8222868533676e-05,1.50650395135203e-05,"c102723-g1/c103330-g1/c101822-g1/c104424-g4/c102000-g1/c98750-g1/c98854-g1/c98854-g3",8
"GO:1900271","GO:1900271","regulation of long-term synaptic potentiation","5/62","11/5248",0.454545454545455,38.475073313783,13.6029363959205,8.54956936356441e-08,1.8222868533676e-05,1.50650395135203e-05,"c98789-g1/c102000-g1/c98750-g1/c98854-g1/c98854-g3",5
"GO:0002433","GO:0002433","immune response-regulating cell surface receptor signaling pathway involved in phagocytosis","8/62","50/5248",0.16,13.5432258064516,9.743415561983,8.68523306076284e-08,1.8222868533676e-05,1.50650395135203e-05,"c104424-g3/c104424-g4/c105908-g1/c12761-g1/c78092-g1/c105479-g1/c110137-g1/c40816-g1",8
"GO:0051491","GO:0051491","positive regulation of filopodium assembly","7/62","34/5248",0.205882352941176,17.426944971537,10.5062049375042,9.51811746773201e-08,1.8222868533676e-05,1.50650395135203e-05,"c103611-g2/c102958-g1/c104424-g3/c105908-g1/c12761-g1/c78092-g1/c40816-g1",7
"GO:0002429","GO:0002429","immune response-activating cell surface receptor signaling pathway","9/62","73/5248",0.123287671232877,10.4357048166151,8.87596783457073,1.32525877753999e-07,2.32582915458269e-05,1.92278773513259e-05,"c102902-g1/c104424-g3/c104424-g4/c105908-g1/c12761-g1/c78092-g1/c105479-g1/c110137-g1/c40816-g1",9
"GO:1903078","GO:1903078","positive regulation of protein localization to plasma membrane","7/62","39/5248",0.179487179487179,15.1927212572374,9.72648494264964,2.59860765828693e-07,4.20974440642482e-05,3.48024053992435e-05,"c102723-g1/c101822-g1/c104424-g4/c102000-g1/c98750-g1/c98854-g1/c98854-g3",7
"GO:0038093","GO:0038093","Fc receptor signaling pathway","8/62","58/5248",0.137931034482759,11.6751946607341,8.93801834208714,2.88027718781519e-07,4.33275982681342e-05,3.58193869823032e-05,"c104424-g3/c104424-g4/c105908-g1/c12761-g1/c78092-g1/c105479-g1/c110137-g1/c40816-g1",8
"GO:0005080","GO:0005080","protein kinase C binding","6/62","27/5248",0.222222222222222,18.8100358422939,10.1438997747276,5.18490123331862e-07,7.27960133157934e-05,6.01812395783087e-05,"c101822-g1/c102902-g1/c102000-g1/c98750-g1/c98854-g1/c98854-g3",6
"GO:0002768","GO:0002768","immune response-regulating cell surface receptor signaling pathway","9/62","89/5248",0.101123595505618,8.55962305183037,7.86407235538337,7.48974678253319e-07,9.85837920250931e-05,8.15002709099335e-05,"c102902-g1/c104424-g3/c104424-g4/c105908-g1/c12761-g1/c78092-g1/c105479-g1/c110137-g1/c40816-g1",9
"GO:0030833","GO:0030833","regulation of actin filament polymerization","9/62","90/5248",0.1,8.46451612903226,7.80939458979751,8.24572313148694e-07,9.91829953859406e-05,8.19956387106241e-05,"c104424-g3/c104424-g4/c105908-g1/c12761-g1/c78092-g1/c105479-g1/c110137-g1/c40816-g1/c98000-g2",9
"GO:0051489","GO:0051489","regulation of filopodium assembly","7/62","46/5248",0.152173913043478,12.8807854137447,8.84858881677781,8.47717909281543e-07,9.91829953859406e-05,8.19956387106241e-05,"c103611-g2/c102958-g1/c104424-g3/c105908-g1/c12761-g1/c78092-g1/c40816-g1",7
"GO:1905477","GO:1905477","positive regulation of protein localization to membrane","8/62","67/5248",0.119402985074627,10.1068849301878,8.20229858961437,9.01978457002052e-07,9.99771910761222e-05,8.26522087468916e-05,"c102723-g1/c101822-g1/c104424-g4/c102000-g1/c98750-g1/c98854-g1/c98854-g3/c40816-g1",8
"GO:1904375","GO:1904375","regulation of protein localization to cell periphery","8/62","68/5248",0.117647058823529,9.95825426944971,8.12920512585888,1.01285096026899e-06,0.000104572176824699,8.64509324076832e-05,"c102723-g1/c103330-g1/c101822-g1/c104424-g4/c102000-g1/c98750-g1/c98854-g1/c98854-g3",8
"GO:0008064","GO:0008064","regulation of actin polymerization or depolymerization","9/62","93/5248",0.0967741935483871,8.19146722164412,7.65032288998425,1.09239690889999e-06,0.000104572176824699,8.64509324076832e-05,"c104424-g3/c104424-g4/c105908-g1/c12761-g1/c78092-g1/c105479-g1/c110137-g1/c40816-g1/c98000-g2",9
"GO:0030832","GO:0030832","regulation of actin filament length","9/62","93/5248",0.0967741935483871,8.19146722164412,7.65032288998425,1.09239690889999e-06,0.000104572176824699,8.64509324076832e-05,"c104424-g3/c104424-g4/c105908-g1/c12761-g1/c78092-g1/c105479-g1/c110137-g1/c40816-g1/c98000-g2",9
"GO:0002757","GO:0002757","immune response-activating signaling pathway","9/62","95/5248",0.0947368421052632,8.01901528013582,7.54819376085461,1.3101481592869e-06,0.000119964001019922,9.91755174123815e-05,"c102902-g1/c104424-g3/c104424-g4/c105908-g1/c12761-g1/c78092-g1/c105479-g1/c110137-g1/c40816-g1",9
"GO:1903829","GO:1903829","positive regulation of protein localization","12/62","188/5248",0.0638297872340425,5.4028826355525,6.72165001569481,1.41351807216955e-06,0.00012279430503009,0.000101515359883925,"c102723-g1/c98789-g1/c103330-g1/c101822-g1/c104424-g3/c104424-g4/c102000-g1/c98750-g1/c98854-g1/c98854-g3/c89492-g1/c40816-g1",12
"GO:0031346","GO:0031346","positive regulation of cell projection organization","13/62","225/5248",0.0577777777777778,4.89060931899642,6.52172396750571,1.50016948980107e-06,0.00012279430503009,0.000101515359883925,"c103611-g2/c98789-g1/c87684-g1/c101822-g1/c102958-g1/c104424-g3/c105908-g1/c12761-g1/c78092-g1/c102138-g1/c28978-g1/c80891-g1/c40816-g1",13
"GO:0004725","GO:0004725","protein tyrosine phosphatase activity","6/62","32/5248",0.1875,15.8709677419355,9.22530110428414,1.51597907444556e-06,0.00012279430503009,0.000101515359883925,"c101113-g1/c102723-g1/c103210-g1/c103280-g1/c103611-g2/c98789-g1",6
"GO:0032956","GO:0032956","regulation of actin cytoskeleton organization","11/62","157/5248",0.0700636942675159,5.93055270186974,6.85770823041819,1.64769443843619e-06,0.000128520166198022,0.00010624899029916,"c104424-g3/c104424-g4/c105908-g1/c12761-g1/c78092-g1/c28978-g1/c80891-g1/c105479-g1/c110137-g1/c40816-g1/c98000-g2",11
"GO:0035335","GO:0035335","peptidyl-tyrosine dephosphorylation","6/62","33/5248",0.181818181818182,15.3900293255132,9.06622751068073,1.83591089712271e-06,0.000138086726762158,0.00011415776781357,"c101113-g1/c102723-g1/c103210-g1/c103280-g1/c103611-g2/c98789-g1",6
"GO:1903076","GO:1903076","regulation of protein localization to plasma membrane","7/62","54/5248",0.12962962962963,10.9725209080048,8.05352448509369,2.60522690241708e-06,0.000189104453777085,0.0001563346661405,"c102723-g1/c101822-g1/c104424-g4/c102000-g1/c98750-g1/c98854-g1/c98854-g3",7
"GO:0050778","GO:0050778","positive regulation of immune response","11/62","165/5248",0.0666666666666667,5.64301075268817,6.62547054142507,2.69379563785021e-06,0.000189104453777085,0.0001563346661405,"c102902-g1/c104424-g3/c104424-g4/c98407-g1/c105908-g1/c12761-g1/c78092-g1/c105479-g1/c89492-g1/c110137-g1/c40816-g1",11
"GO:0002253","GO:0002253","activation of immune response","9/62","105/5248",0.0857142857142857,7.25529953917051,7.07896261905018,3.05598002599655e-06,0.00020670821461276,0.000170887882725799,"c102902-g1/c104424-g3/c104424-g4/c105908-g1/c12761-g1/c78092-g1/c105479-g1/c110137-g1/c40816-g1",9
"GO:0035254","GO:0035254","glutamate receptor binding","6/62","36/5248",0.166666666666667,14.1075268817204,8.6278964579207,3.14086555916825e-06,0.00020670821461276,0.000170887882725799,"c98789-g1/c102000-g1/c98750-g1/c98854-g1/c98854-g3/c40816-g1",6
"GO:0032970","GO:0032970","regulation of actin filament-based process","11/62","169/5248",0.0650887573964497,5.50944836800916,6.51497547598624,3.4082879712788e-06,0.000211694338136421,0.000175009964151367,"c104424-g3/c104424-g4/c105908-g1/c12761-g1/c78092-g1/c28978-g1/c80891-g1/c105479-g1/c110137-g1/c40816-g1/c98000-g2",11
"GO:0070530","GO:0070530","K63-linked polyubiquitin modification-dependent protein binding","4/62","10/5248",0.4,33.858064516129,11.3708872070912,3.51818700606588e-06,0.000211694338136421,0.000175009964151367,"c102000-g1/c98750-g1/c98854-g1/c98854-g3",4
"GO:0097413","GO:0097413","Lewy body","4/62","10/5248",0.4,33.858064516129,11.3708872070912,3.51818700606588e-06,0.000211694338136421,0.000175009964151367,"c102000-g1/c98750-g1/c98854-g1/c98854-g3",4
"GO:0048013","GO:0048013","ephrin receptor signaling pathway","6/62","37/5248",0.162162162162162,13.7262423714037,8.49328380162715,3.71448161459989e-06,0.000214439515887289,0.000177279431837645,"c105908-g1/c12761-g1/c78092-g1/c105479-g1/c110137-g1/c40816-g1",6
"GO:0003779","GO:0003779","actin binding","10/62","138/5248",0.072463768115942,6.13370733987845,6.68182844103097,3.82021160338366e-06,0.000214439515887289,0.000177279431837645,"c103330-g1/c104424-g4/c104992-g1/c88159-g1/c105908-g1/c12761-g1/c78092-g1/c105479-g1/c110137-g1/c40816-g1",10
"GO:0006909","GO:0006909","phagocytosis","9/62","108/5248",0.0833333333333333,7.05376344086022,6.95009730807486,3.86927901411062e-06,0.000214439515887289,0.000177279431837645,"c104424-g3/c104424-g4/c105908-g1/c12761-g1/c78092-g1/c95060-g1/c105479-g1/c110137-g1/c40816-g1",9
"GO:0030838","GO:0030838","positive regulation of actin filament polymerization","7/62","58/5248",0.120689655172414,10.2157953281424,7.71610732147462,4.26270289360824e-06,0.000230185956254845,0.000190297181809123,"c104424-g4/c105908-g1/c12761-g1/c78092-g1/c105479-g1/c110137-g1/c40816-g1",7
"GO:0002764","GO:0002764","immune response-regulating signaling pathway","9/62","111/5248",0.0810810810810811,6.86312118570183,6.82606937705397,4.86236487977701e-06,0.00025600351092026,0.00021164082924082,"c102902-g1/c104424-g3/c104424-g4/c105908-g1/c12761-g1/c78092-g1/c105479-g1/c110137-g1/c40816-g1",9
"GO:0120034","GO:0120034","positive regulation of plasma membrane bounded cell projection assembly","7/62","60/5248",0.116666666666667,9.8752688172043,7.55948619210649,5.37515127172228e-06,0.000262279559932907,0.000216829305807482,"c103611-g2/c102958-g1/c104424-g3/c105908-g1/c12761-g1/c78092-g1/c40816-g1",7
"GO:0030382","GO:0030382","sperm mitochondrion organization","4/62","11/5248",0.363636363636364,30.7800586510264,10.809751866388,5.47972489888315e-06,0.000262279559932907,0.000216829305807482,"c102000-g1/c98750-g1/c98854-g1/c98854-g3",4
"GO:0035973","GO:0035973","aggrephagy","4/62","11/5248",0.363636363636364,30.7800586510264,10.809751866388,5.47972489888315e-06,0.000262279559932907,0.000216829305807482,"c102000-g1/c98750-g1/c98854-g1/c98854-g3",4
"GO:0061635","GO:0061635","regulation of protein complex stability","4/62","11/5248",0.363636363636364,30.7800586510264,10.809751866388,5.47972489888315e-06,0.000262279559932907,0.000216829305807482,"c102000-g1/c98750-g1/c98854-g1/c98854-g3",4
"GO:0050806","GO:0050806","positive regulation of synaptic transmission","7/62","61/5248",0.114754098360656,9.71337916446325,7.4839094981419,6.0161343313926e-06,0.000281555086709174,0.000232764589102301,"c98789-g1/c87684-g1/c104424-g4/c102000-g1/c98750-g1/c98854-g1/c98854-g3",7
"GO:0043122","GO:0043122","regulation of canonical NF-kappaB signal transduction","7/62","62/5248",0.112903225806452,9.55671175858481,7.4100580759725,6.71950474622658e-06,0.000307636456425069,0.000254326335246196,"c101822-g1/c102902-g1/c104424-g4/c102000-g1/c98750-g1/c98854-g1/c98854-g3",7
"GO:0032271","GO:0032271","regulation of protein polymerization","9/62","117/5248",0.0769230769230769,6.51116625310174,6.59129207425613,7.51976664263111e-06,0.000336949543603853,0.000278559776638563,"c104424-g3/c104424-g4/c105908-g1/c12761-g1/c78092-g1/c105479-g1/c110137-g1/c40816-g1/c98000-g2",9
"GO:1905475","GO:1905475","regulation of protein localization to membrane","8/62","89/5248",0.0898876404494382,7.60855382384922,6.87470064034641,7.97134872316508e-06,0.000346672304123802,0.000286597686320172,"c102723-g1/c101822-g1/c104424-g4/c102000-g1/c98750-g1/c98854-g1/c98854-g3/c40816-g1",8
"GO:0110053","GO:0110053","regulation of actin filament organization","9/62","118/5248",0.076271186440678,6.45598687807545,6.55376340279857,8.06597478730593e-06,0.000346672304123802,0.000286597686320172,"c104424-g3/c104424-g4/c105908-g1/c12761-g1/c78092-g1/c105479-g1/c110137-g1/c40816-g1/c98000-g2",9
"GO:0002684","GO:0002684","positive regulation of immune system process","12/62","234/5248",0.0512820512820513,4.34077750206782,5.71608182236666,1.38381206658937e-05,0.000582861642447442,0.000481857928029224,"c101822-g1/c102902-g1/c104424-g3/c104424-g4/c98407-g1/c105908-g1/c12761-g1/c78092-g1/c105479-g1/c89492-g1/c110137-g1/c40816-g1",12
"GO:1902905","GO:1902905","positive regulation of supramolecular fiber organization","8/62","97/5248",0.0824742268041237,6.9810442301297,6.50058178919841,1.51496444947459e-05,0.000619748174714057,0.000512352417142525,"c104424-g3/c104424-g4/c105908-g1/c12761-g1/c78092-g1/c105479-g1/c110137-g1/c40816-g1",8
"GO:0016235","GO:0016235","aggresome","5/62","28/5248",0.178571428571429,15.1152073732719,8.18777967583166,1.55837485975582e-05,0.000619748174714057,0.000512352417142525,"c104424-g3/c102000-g1/c98750-g1/c98854-g1/c98854-g3",5
"GO:0008092","GO:0008092","cytoskeletal protein binding","15/62","367/5248",0.0408719346049046,3.45961149687967,5.3417094676704,1.56957281435122e-05,0.000619748174714057,0.000512352417142525,"c103280-g1/c103219-g2/c103330-g1/c102958-g1/c104424-g4/c104992-g1/c88159-g1/c105908-g1/c12761-g1/c78092-g1/c102138-g1/c95060-g1/c105479-g1/c110137-g1/c40816-g1",15
"GO:0033627","GO:0033627","cell adhesion mediated by integrin","4/62","14/5248",0.285714285714286,24.184331797235,9.49679061500906,1.61852562247261e-05,0.000619748174714057,0.000512352417142525,"c105908-g1/c12761-g1/c78092-g1/c105479-g1",4
"GO:0097225","GO:0097225","sperm midpiece","4/62","14/5248",0.285714285714286,24.184331797235,9.49679061500906,1.61852562247261e-05,0.000619748174714057,0.000512352417142525,"c102000-g1/c98750-g1/c98854-g1/c98854-g3",4
"GO:0032880","GO:0032880","regulation of protein localization","17/62","471/5248",0.0360934182590234,3.05513321005411,5.11102412449701,1.94416030616091e-05,0.000731143143709799,0.000604443824509426,"c102723-g1/c103280-g1/c98789-g1/c103330-g1/c101822-g1/c102902-g1/c104424-g3/c104424-g4/c102000-g1/c98750-g1/c98854-g1/c98854-g3/c28978-g1/c80891-g1/c95060-g1/c89492-g1/c40816-g1",17
"GO:0032273","GO:0032273","positive regulation of protein polymerization","7/62","73/5248",0.0958904109589041,8.11665930181175,6.69449079641089,2.01123813125194e-05,0.000743099562178347,0.00061432832300844,"c104424-g4/c105908-g1/c12761-g1/c78092-g1/c105479-g1/c110137-g1/c40816-g1",7
"GO:0036120","GO:0036120","cellular response to platelet-derived growth factor stimulus","4/62","15/5248",0.266666666666667,22.5720430107527,9.14737872385726,2.18759421022277e-05,0.000794323001160198,0.00065667528560952,"c104424-g4/c101864-g1/c78921-g1/c40816-g1",4
"GO:0044754","GO:0044754","autolysosome","4/62","16/5248",0.25,21.1612903225806,8.83038355265467,2.89104584924605e-05,0.00103195636584952,0.000853129319295801,"c102000-g1/c98750-g1/c98854-g1/c98854-g3",4
"GO:0031344","GO:0031344","regulation of cell projection organization","15/62","388/5248",0.038659793814433,3.2723644828733,5.08523282191596,3.04794747091583e-05,0.00106310007456241,0.00087887615500886,"c102723-g1/c103611-g2/c98789-g1/c87684-g1/c101822-g1/c102958-g1/c104424-g3/c105908-g1/c12761-g1/c78092-g1/c102138-g1/c28978-g1/c80891-g1/c40816-g1/c98000-g2",15
"GO:0030971","GO:0030971","receptor tyrosine kinase binding","5/62","32/5248",0.15625,13.2258064516129,7.58435817467178,3.07925472689017e-05,0.00106310007456241,0.00087887615500886,"c103280-g1/c102000-g1/c98750-g1/c98854-g1/c98854-g3",5
"GO:0050776","GO:0050776","regulation of immune response","12/62","254/5248",0.047244094488189,3.998983997968,5.35675592173334,3.15834991871794e-05,0.00107282014980968,0.00088691184474694,"c103611-g2/c102902-g1/c104424-g3/c104424-g4/c98407-g1/c105908-g1/c12761-g1/c78092-g1/c105479-g1/c89492-g1/c110137-g1/c40816-g1",12
"GO:0098780","GO:0098780","response to mitochondrial depolarisation","4/62","17/5248",0.235294117647059,19.9165085388994,8.54098977793858,3.7472346942958e-05,0.00125264702637888,0.00103557663899169,"c102000-g1/c98750-g1/c98854-g1/c98854-g3",4
"GO:0007169","GO:0007169","cell surface receptor protein tyrosine kinase signaling pathway","11/62","221/5248",0.0497737556561086,4.21310757553642,5.33583118511076,4.38742508624663e-05,0.00144373706744303,0.00119355281129144,"c98789-g1/c101822-g1/c102902-g1/c104424-g4/c105908-g1/c12761-g1/c78092-g1/c95060-g1/c105479-g1/c110137-g1/c40816-g1",11
"GO:0071364","GO:0071364","cellular response to epidermal growth factor stimulus","4/62","18/5248",0.222222222222222,18.8100358422939,8.27533001567428,4.77536511489989e-05,0.00154721829722756,0.00127910184616104,"c101822-g1/c101864-g1/c78921-g1/c40816-g1",4
"GO:0051495","GO:0051495","positive regulation of cytoskeleton organization","8/62","114/5248",0.0701754385964912,5.94001131861913,5.83025510802588,4.93023794597497e-05,0.00157319410821565,0.00130057632578032,"c104424-g3/c104424-g4/c105908-g1/c12761-g1/c78092-g1/c105479-g1/c110137-g1/c40816-g1",8
"GO:0070498","GO:0070498","interleukin-1-mediated signaling pathway","4/62","19/5248",0.210526315789474,17.8200339558574,8.03025743924988,5.99543942511731e-05,0.00185682285724957,0.00153505523361363,"c102000-g1/c98750-g1/c98854-g1/c98854-g3",4
"GO:0070849","GO:0070849","response to epidermal growth factor","4/62","19/5248",0.210526315789474,17.8200339558574,8.03025743924988,5.99543942511731e-05,0.00185682285724957,0.00153505523361363,"c101822-g1/c101864-g1/c78921-g1/c40816-g1",4
"GO:0007167","GO:0007167","enzyme-linked receptor protein signaling pathway","12/62","273/5248",0.043956043956044,3.72066643034385,5.04771934065416,6.43139606418158e-05,0.00194828025498967,0.001610664038463,"c103611-g2/c98789-g1/c101822-g1/c102902-g1/c104424-g4/c105908-g1/c12761-g1/c78092-g1/c95060-g1/c105479-g1/c110137-g1/c40816-g1",12
"GO:0051015","GO:0051015","actin filament binding","6/62","60/5248",0.1,8.46451612903226,6.35788140848113,6.47576532997517e-05,0.00194828025498967,0.001610664038463,"c104992-g1/c88159-g1/c105908-g1/c12761-g1/c78092-g1/c40816-g1",6
"GO:0005767","GO:0005767","secondary lysosome","4/62","20/5248",0.2,16.9290322580645,7.80318171848015,7.42820717354619e-05,0.00217275059826226,0.00179623606214114,"c102000-g1/c98750-g1/c98854-g1/c98854-g3",4
"GO:0036119","GO:0036119","response to platelet-derived growth factor","4/62","20/5248",0.2,16.9290322580645,7.80318171848015,7.42820717354619e-05,0.00217275059826226,0.00179623606214114,"c104424-g4/c101864-g1/c78921-g1/c40816-g1",4
"GO:0006865","GO:0006865","amino acid transport","5/62","39/5248",0.128205128205128,10.8519437551696,6.7516849555277,8.2622691082199e-05,0.00238360804683714,0.00197055416077804,"c87684-g1/c104424-g3/c103499-g1/c5014-g2/c94480-g1",5
"GO:1902903","GO:1902903","regulation of supramolecular fiber organization","9/62","159/5248",0.0566037735849057,4.79123554473524,5.30760048123496,8.78287070559472e-05,0.00249955752783547,0.00206641083172883,"c104424-g3/c104424-g4/c105908-g1/c12761-g1/c78092-g1/c105479-g1/c110137-g1/c40816-g1/c98000-g2",9
"GO:0120035","GO:0120035","regulation of plasma membrane bounded cell projection organization","14/62","376/5248",0.0372340425531915,3.15168153740563,4.73427407858747,8.95930107526587e-05,0.00251577174193466,0.00207981529522663,"c102723-g1/c103611-g2/c98789-g1/c87684-g1/c101822-g1/c102958-g1/c104424-g3/c105908-g1/c12761-g1/c78092-g1/c102138-g1/c28978-g1/c80891-g1/c40816-g1",14
"GO:0042169","GO:0042169","SH2 domain binding","4/62","22/5248",0.181818181818182,15.3900293255132,7.39474900020513,0.00011018263735368,0.00305321887193225,0.00252412856209124,"c102000-g1/c98750-g1/c98854-g1/c98854-g3",4
"GO:0030054","GO:0030054","cell junction","11/62","246/5248",0.0447154471544715,3.78494623655914,4.89156294028894,0.000116392145887688,0.00318340076934378,0.00263175132328415,"c103611-g2/c98789-g1/c103219-g2/c103330-g1/c101822-g1/c102902-g1/c102958-g1/c104424-g3/c104424-g4/c78536-g1/c40816-g1",11
"GO:0007015","GO:0007015","actin filament organization","8/62","129/5248",0.062015503875969,5.24931232808202,5.34264188129284,0.000118864040423771,0.00320932909144182,0.00265318654333222,"c104992-g1/c88159-g1/c105908-g1/c12761-g1/c78092-g1/c105479-g1/c110137-g1/c40816-g1",8
"GO:0031593","GO:0031593","polyubiquitin modification-dependent protein binding","4/62","23/5248",0.173913043478261,14.7208976157083,7.21005229872456,0.00013220352578786,0.00350691422708807,0.00289920334463121,"c102000-g1/c98750-g1/c98854-g1/c98854-g3",4
"GO:1990782","GO:1990782","protein tyrosine kinase binding","5/62","43/5248",0.116279069767442,9.84246061515379,6.36549403659323,0.0001332161149891,0.00350691422708807,0.00289920334463121,"c103280-g1/c102000-g1/c98750-g1/c98854-g1/c98854-g3",5
"GO:0061024","GO:0061024","membrane organization","14/62","395/5248",0.0354430379746835,3.00008166598612,4.51935286341804,0.000152293697651021,0.00395963613892654,0.00327347337121232,"c103611-g2/c102537-g1/c87684-g1/c95002-g1/c103219-g2/c101822-g1/c102902-g1/c104424-g3/c105908-g1/c12761-g1/c78092-g1/c105479-g1/c110137-g1/c40816-g1",14
"GO:0002931","GO:0002931","response to ischemia","4/62","25/5248",0.16,13.5432258064516,6.87312674520493,0.000185549148914791,0.00470803021222348,0.00389217872295579,"c102000-g1/c98750-g1/c98854-g1/c98854-g3",4
"GO:0035255","GO:0035255","ionotropic glutamate receptor binding","4/62","25/5248",0.16,13.5432258064516,6.87312674520493,0.000185549148914791,0.00470803021222348,0.00389217872295579,"c102000-g1/c98750-g1/c98854-g1/c98854-g3",4
"GO:0010720","GO:0010720","positive regulation of cell development","11/62","260/5248",0.0423076923076923,3.58114143920596,4.66735006542563,0.000190485615360182,0.00477574649938743,0.00394816049881882,"c103611-g2/c98789-g1/c87684-g1/c101822-g1/c102958-g1/c104424-g3/c104424-g4/c102138-g1/c28978-g1/c80891-g1/c40816-g1",11
"GO:0016234","GO:0016234","inclusion body","5/62","47/5248",0.106382978723404,9.00480439258751,6.02686337717327,0.000204729023436472,0.00501348050415359,0.00414469773272857,"c104424-g3/c102000-g1/c98750-g1/c98854-g1/c98854-g3",5
"GO:0043130","GO:0043130","ubiquitin binding","5/62","47/5248",0.106382978723404,9.00480439258751,6.02686337717327,0.000204729023436472,0.00501348050415359,0.00414469773272857,"c102000-g1/c96969-g1/c98750-g1/c98854-g1/c98854-g3",5
"GO:0000422","GO:0000422","autophagy of mitochondrion","4/62","26/5248",0.153846153846154,13.0223325062035,6.71880591869615,0.000217354167387888,0.0052016804149874,0.00430028460358333,"c102000-g1/c98750-g1/c98854-g1/c98854-g3",4
"GO:0003333","GO:0003333","amino acid transmembrane transport","4/62","26/5248",0.153846153846154,13.0223325062035,6.71880591869615,0.000217354167387888,0.0052016804149874,0.00430028460358333,"c104424-g3/c103499-g1/c5014-g2/c94480-g1",4
"GO:0051962","GO:0051962","positive regulation of nervous system development","11/62","265/5248",0.0415094339622641,3.51357273280584,4.59096593718821,0.000225255405266029,0.00531099159111558,0.00439065331719157,"c103611-g2/c98789-g1/c87684-g1/c101822-g1/c102902-g1/c102958-g1/c104424-g3/c104424-g4/c102138-g1/c28978-g1/c80891-g1",11
"GO:0010821","GO:0010821","regulation of mitochondrion organization","6/62","75/5248",0.08,6.77161290322581,5.50416835084374,0.000226965452611777,0.00531099159111558,0.00439065331719157,"c98789-g1/c101822-g1/c102000-g1/c98750-g1/c98854-g1/c98854-g3",6
"GO:0051493","GO:0051493","regulation of cytoskeleton organization","11/62","266/5248",0.0413533834586466,3.5003638127577,4.57590797806119,0.000232821203661639,0.00538333727645442,0.00445046226583476,"c104424-g3/c104424-g4/c105908-g1/c12761-g1/c78092-g1/c28978-g1/c80891-g1/c105479-g1/c110137-g1/c40816-g1/c98000-g2",11
"GO:0120032","GO:0120032","regulation of plasma membrane bounded cell projection assembly","7/62","107/5248",0.0654205607476635,5.53753391618933,5.18469354985761,0.000235169529645682,0.00538333727645442,0.00445046226583476,"c103611-g2/c102958-g1/c104424-g3/c105908-g1/c12761-g1/c78092-g1/c40816-g1",7
"GO:0034350","GO:0034350","regulation of glial cell apoptotic process","3/62","11/5248",0.272727272727273,23.0850439882698,8.01656733685558,0.00024223153044106,0.0054270170543497,0.00448657280346599,"c102902-g1/c104424-g3/c104424-g4",3
"GO:0048791","GO:0048791","calcium ion-regulated exocytosis of neurotransmitter","3/62","11/5248",0.272727272727273,23.0850439882698,8.01656733685558,0.00024223153044106,0.0054270170543497,0.00448657280346599,"c102537-g1/c87684-g1/c95002-g1",3
"GO:0032535","GO:0032535","regulation of cellular component size","11/62","269/5248",0.0408921933085502,3.46132629811728,4.53115991243733,0.000256828767751532,0.00569348826194448,0.00470686738904192,"c103611-g2/c101822-g1/c104424-g3/c104424-g4/c105908-g1/c12761-g1/c78092-g1/c105479-g1/c110137-g1/c40816-g1/c98000-g2",11
"GO:0060491","GO:0060491","regulation of cell projection assembly","7/62","109/5248",0.0642201834862385,5.43592778928677,5.1167421103559,0.000263810972998773,0.00578735322016059,0.00478446654978039,"c103611-g2/c102958-g1/c104424-g3/c105908-g1/c12761-g1/c78092-g1/c40816-g1",7
"GO:0050769","GO:0050769","positive regulation of neurogenesis","10/62","228/5248",0.043859649122807,3.71250707413695,4.57848256842558,0.000289050261584368,0.00627566856594515,0.00518816204732007,"c103611-g2/c98789-g1/c87684-g1/c101822-g1/c102958-g1/c104424-g3/c104424-g4/c102138-g1/c28978-g1/c80891-g1",10
"GO:0004721","GO:0004721","phosphoprotein phosphatase activity","6/62","79/5248",0.0759493670886076,6.42874642711311,5.31551021071597,0.00030202408756369,0.00642487604453669,0.00531151345912115,"c101113-g1/c102723-g1/c103210-g1/c103280-g1/c103611-g2/c98789-g1",6
"GO:0048167","GO:0048167","regulation of synaptic plasticity","6/62","79/5248",0.0759493670886076,6.42874642711311,5.31551021071597,0.00030202408756369,0.00642487604453669,0.00531151345912115,"c98789-g1/c101822-g1/c102000-g1/c98750-g1/c98854-g1/c98854-g3",6
"GO:0019901","GO:0019901","protein kinase binding","12/62","323/5248",0.0371517027863777,3.14471187456307,4.35012985017269,0.000318357911538136,0.00670461761699314,0.00554277879667449,"c103280-g1/c98789-g1/c101822-g1/c102902-g1/c104424-g3/c104424-g4/c102000-g1/c98750-g1/c98854-g1/c98854-g3/c28978-g1/c80891-g1",12
"GO:0030029","GO:0030029","actin filament-based process","11/62","279/5248",0.039426523297491,3.33726442363279,4.38642362998109,0.000352624249978422,0.00735273931143125,0.00607858790478697,"c103219-g2/c103330-g1/c104992-g1/c88159-g1/c105908-g1/c12761-g1/c78092-g1/c105479-g1/c110137-g1/c40816-g1/c98000-g2",11
"GO:0032182","GO:0032182","ubiquitin-like protein binding","5/62","53/5248",0.0943396226415094,7.98539257455873,5.5881891490365,0.000362752053228572,0.00741704683591625,0.00613175162023565,"c102000-g1/c96969-g1/c98750-g1/c98854-g1/c98854-g3",5
"GO:0070555","GO:0070555","response to interleukin-1","5/62","53/5248",0.0943396226415094,7.98539257455873,5.5881891490365,0.000362752053228572,0.00741704683591625,0.00613175162023565,"c102902-g1/c102000-g1/c98750-g1/c98854-g1/c98854-g3",5
"GO:0010631","GO:0010631","epithelial cell migration","7/62","116/5248",0.0603448275862069,5.10789766407119,4.89148140973115,0.000386997880657016,0.00783670708330458,0.00647868921666706,"c103611-g2/c101822-g1/c102138-g1/c105479-g1/c110137-g1/c40816-g1/c98000-g2",7
"GO:0090132","GO:0090132","epithelium migration","7/62","117/5248",0.0598290598290598,5.06424041907913,4.86078525522086,0.000407843767721857,0.00818018071259268,0.0067626425244306,"c103611-g2/c101822-g1/c102138-g1/c105479-g1/c110137-g1/c40816-g1/c98000-g2",7
"GO:0022604","GO:0022604","regulation of cell morphogenesis","11/62","285/5248",0.0385964912280702,3.26700622524052,4.30267086470757,0.000423458695785846,0.00841324540872634,0.00695531959115978,"c103611-g2/c87684-g1/c103219-g2/c103330-g1/c104992-g1/c88159-g1/c102138-g1/c28978-g1/c80891-g1/c105479-g1/c40816-g1",11
"GO:0030155","GO:0030155","regulation of cell adhesion","9/62","196/5248",0.0459183673469388,3.88676761026991,4.50342888653837,0.000428510849754231,0.00843405466899448,0.00697252282826854,"c103611-g2/c101822-g1/c102902-g1/c104424-g3/c104424-g4/c98407-g1/c28978-g1/c80891-g1/c40816-g1",9
"GO:0090130","GO:0090130","tissue migration","7/62","120/5248",0.0583333333333333,4.93763440860215,4.77075513929146,0.000475840300533325,0.00927888586039983,0.00767095377273021,"c103611-g2/c101822-g1/c102138-g1/c105479-g1/c110137-g1/c40816-g1/c98000-g2",7
"GO:0000407","GO:0000407","phagophore assembly site","4/62","32/5248",0.125,10.5806451612903,5.94341524505941,0.000495810451564466,0.00957960377059418,0.00791956047211614,"c102000-g1/c98750-g1/c98854-g1/c98854-g3",4
"GO:0090066","GO:0090066","regulation of anatomical structure size","12/62","340/5248",0.0352941176470588,2.98747628083491,4.14308894045525,0.000509389802681579,0.00975249931315824,0.00806249505871131,"c103611-g2/c103219-g2/c101822-g1/c104424-g3/c104424-g4/c105908-g1/c12761-g1/c78092-g1/c105479-g1/c110137-g1/c40816-g1/c98000-g2",12
"GO:0030588","GO:0030588","pseudocleavage","3/62","14/5248",0.214285714285714,18.1382488479263,7.02018769573021,0.000521016610171222,0.00988523406324859,0.00817222829040494,"c105908-g1/c12761-g1/c78092-g1",3
"GO:0046578","GO:0046578","regulation of Ras protein signal transduction","6/62","88/5248",0.0681818181818182,5.77126099706745,4.93497298769987,0.000542207868336958,0.0101954443814075,0.00842868246456136,"c102000-g1/c98750-g1/c98854-g1/c98854-g3/c28978-g1/c80891-g1",6
"GO:0030036","GO:0030036","actin cytoskeleton organization","10/62","247/5248",0.0404858299595142,3.42692960689565,4.27181414822116,0.00054845468785632,0.0102216422356231,0.0084503405096819,"c103219-g2/c103330-g1/c104992-g1/c88159-g1/c105908-g1/c12761-g1/c78092-g1/c105479-g1/c110137-g1/c40816-g1",10
"GO:0016605","GO:0016605","PML body","4/62","33/5248",0.121212121212121,10.2600195503421,5.83413988239104,0.000559237634512333,0.0103311794586226,0.00854089609864634,"c102000-g1/c98750-g1/c98854-g1/c98854-g3",4
"GO:0006470","GO:0006470","protein dephosphorylation","6/62","90/5248",0.0666666666666667,5.64301075268817,4.85752893096307,0.000611618788359906,0.0112006014633562,0.00925965653040993,"c101113-g1/c102723-g1/c103210-g1/c103280-g1/c103611-g2/c98789-g1",6
"GO:0044089","GO:0044089","positive regulation of cellular component biogenesis","11/62","298/5248",0.0369127516778524,3.12448581944144,4.12852092200487,0.000618887000256161,0.0112360001943058,0.00928892103832749,"c103611-g2/c102902-g1/c102958-g1/c104424-g3/c104424-g4/c105908-g1/c12761-g1/c78092-g1/c105479-g1/c110137-g1/c40816-g1",11
"GO:0015629","GO:0015629","actin cytoskeleton","8/62","165/5248",0.0484848484848485,4.10400782013685,4.42934842672137,0.000641001244563998,0.011538022402152,0.00953860601447462,"c103330-g1/c102958-g1/c105908-g1/c12761-g1/c78092-g1/c105479-g1/c110137-g1/c40816-g1",8
"GO:0002682","GO:0002682","regulation of immune system process","13/62","401/5248",0.0324189526184539,2.74410747325235,3.97323305655562,0.000651886440457049,0.0116345156237504,0.00961837798854557,"c103611-g2/c101822-g1/c102902-g1/c104424-g3/c104424-g4/c98407-g1/c105908-g1/c12761-g1/c78092-g1/c105479-g1/c89492-g1/c110137-g1/c40816-g1",13
"GO:0004674","GO:0004674","protein serine/threonine kinase activity","9/62","208/5248",0.0432692307692308,3.66253101736973,4.28396777901361,0.000661788817854684,0.0117119937008568,0.00968242994012956,"c101822-g1/c102902-g1/c102958-g1/c104424-g3/c104424-g4/c102000-g1/c98750-g1/c98854-g1/c98854-g3",9
"GO:0006897","GO:0006897","endocytosis","10/62","255/5248",0.0392156862745098,3.31941808981657,4.15148494995722,0.000704688036277981,0.0123672750366786,0.0102241580000332,"c87684-g1/c104424-g3/c104424-g4/c105908-g1/c12761-g1/c78092-g1/c95060-g1/c105479-g1/c110137-g1/c40816-g1",10
"GO:0019900","GO:0019900","kinase binding","12/62","353/5248",0.0339943342776204,2.87745590788632,3.99315227244023,0.000714355473664134,0.012433327500303,0.0102787642752543,"c103280-g1/c98789-g1/c101822-g1/c102902-g1/c104424-g3/c104424-g4/c102000-g1/c98750-g1/c98854-g1/c98854-g3/c28978-g1/c80891-g1",12
"GO:0045597","GO:0045597","positive regulation of cell differentiation","12/62","355/5248",0.0338028169014084,2.86124488868696,3.97068291679714,0.000751349248449829,0.0129700124363552,0.0107224474282659,"c103611-g2/c98789-g1/c87684-g1/c101822-g1/c102902-g1/c102958-g1/c104424-g3/c104424-g4/c102138-g1/c28978-g1/c80891-g1/c40816-g1",12
"GO:0097435","GO:0097435","supramolecular fiber organization","9/62","212/5248",0.0424528301886792,3.59342665855143,4.21438454989591,0.00075952787852742,0.0130045992860061,0.0107510407452662,"c104992-g1/c88159-g1/c105908-g1/c12761-g1/c78092-g1/c102138-g1/c105479-g1/c110137-g1/c40816-g1",9
"GO:0060341","GO:0060341","regulation of cellular localization","14/62","463/5248",0.0302375809935205,2.55946492022574,3.84202560562477,0.000786110651902354,0.0131735533622633,0.0108907168796839,"c102723-g1/c103280-g1/c98789-g1/c87684-g1/c103330-g1/c101822-g1/c104424-g3/c104424-g4/c102000-g1/c98750-g1/c98854-g1/c98854-g3/c89492-g1/c40816-g1",14
"GO:0001772","GO:0001772","immunological synapse","3/62","16/5248",0.1875,15.8709677419355,6.51329090843809,0.000788161312272164,0.0131735533622633,0.0108907168796839,"c104424-g3/c28978-g1/c80891-g1",3
"GO:0002833","GO:0002833","positive regulation of response to biotic stimulus","3/62","16/5248",0.1875,15.8709677419355,6.51329090843809,0.000788161312272164,0.0131735533622633,0.0108907168796839,"c102902-g1/c104424-g3/c89492-g1",3
"GO:0051291","GO:0051291","protein heterooligomerization","5/62","63/5248",0.0793650793650794,6.7178699436764,4.99189323066103,0.000811662131053175,0.0134595310865983,0.0111271377104182,"c87684-g1/c102000-g1/c98750-g1/c98854-g1/c98854-g3",5
"GO:0010976","GO:0010976","positive regulation of neuron projection development","8/62","172/5248",0.0465116279069767,3.93698424606152,4.28193582779495,0.000843664659550949,0.0138809201016742,0.0114755044975104,"c103611-g2/c98789-g1/c87684-g1/c101822-g1/c104424-g3/c102138-g1/c28978-g1/c80891-g1",8
"GO:0098590","GO:0098590","plasma membrane region","12/62","362/5248",0.0331491712707182,2.80591694885047,3.8932334717276,0.000893809914757804,0.0145919665153483,0.0120633341412436,"c101113-g1/c103611-g2/c98789-g1/c87684-g1/c101822-g1/c102902-g1/c102958-g1/c105908-g1/c12761-g1/c78092-g1/c95060-g1/c40816-g1",12
"GO:0050804","GO:0050804","modulation of chemical synaptic transmission","8/62","174/5248",0.0459770114942529,3.89173155357805,4.24123647008932,0.000910193583653833,0.0146325777646944,0.0120969078936395,"c98789-g1/c87684-g1/c101822-g1/c104424-g4/c102000-g1/c98750-g1/c98854-g1/c98854-g3",8
"GO:0099177","GO:0099177","regulation of trans-synaptic signaling","8/62","174/5248",0.0459770114942529,3.89173155357805,4.24123647008932,0.000910193583653833,0.0146325777646944,0.0120969078936395,"c98789-g1/c87684-g1/c101822-g1/c104424-g4/c102000-g1/c98750-g1/c98854-g1/c98854-g3",8
"GO:0005544","GO:0005544","calcium-dependent phospholipid binding","3/62","17/5248",0.176470588235294,14.9373814041746,6.29286487300219,0.00094902323341414,0.0150273904478961,0.0124233037440996,"c102537-g1/c87684-g1/c95002-g1",3
"GO:0015800","GO:0015800","acidic amino acid transport","3/62","17/5248",0.176470588235294,14.9373814041746,6.29286487300219,0.00094902323341414,0.0150273904478961,0.0124233037440996,"c87684-g1/c103499-g1/c5014-g2",3
"GO:0006836","GO:0006836","neurotransmitter transport","6/62","98/5248",0.0612244897959184,5.18235681369322,4.56946784346157,0.000960954545700193,0.0151027632331687,0.0124856152285005,"c102537-g1/c87684-g1/c95002-g1/c104424-g4/c103499-g1/c5014-g2",6
"GO:0010638","GO:0010638","positive regulation of organelle organization","11/62","321/5248",0.0342679127725857,2.90061300371822,3.84228921719149,0.00114943193817816,0.0179311382355792,0.014823862968785,"c98789-g1/c87684-g1/c101822-g1/c104424-g3/c104424-g4/c105908-g1/c12761-g1/c78092-g1/c105479-g1/c110137-g1/c40816-g1",11
"GO:0098657","GO:0098657","import into cell","10/62","274/5248",0.0364963503649635,3.08923946315046,3.88370051017805,0.00122798972375203,0.0190157820457483,0.015720549559488,"c87684-g1/c104424-g3/c104424-g4/c105908-g1/c12761-g1/c78092-g1/c95060-g1/c105479-g1/c110137-g1/c40816-g1",10
"GO:0001667","GO:0001667","ameboidal-type cell migration","7/62","141/5248",0.049645390070922,4.20224204987417,4.21420738808325,0.0012453640486645,0.0191440634050178,0.0158266011255558,"c103611-g2/c101822-g1/c102138-g1/c105479-g1/c110137-g1/c40816-g1/c98000-g2",7
"GO:0006835","GO:0006835","dicarboxylic acid transport","4/62","41/5248",0.0975609756097561,8.25806451612903,5.10098544618313,0.00128971491707119,0.0196647654581658,0.0162570710590325,"c87684-g1/c104424-g3/c103499-g1/c5014-g2",4
"GO:0016311","GO:0016311","dephosphorylation","7/62","142/5248",0.0492957746478873,4.17264879600182,4.19045216143816,0.00129791187022082,0.0196647654581658,0.0162570710590325,"c101113-g1/c102723-g1/c103210-g1/c103280-g1/c103611-g2/c98789-g1/c101482-g1",7
"GO:0050994","GO:0050994","regulation of lipid catabolic process","3/62","19/5248",0.157894736842105,13.365025466893,5.90333753205379,0.00132977516654517,0.020003617862458,0.01653720395087,"c101822-g1/c104424-g3/c104424-g4",3
"GO:0000932","GO:0000932","P-body","4/62","42/5248",0.0952380952380952,8.06144393241167,5.02343976537331,0.00141296935458428,0.0211043507854929,0.0174471915825487,"c102000-g1/c98750-g1/c98854-g1/c98854-g3",4
"GO:0003712","GO:0003712","transcription coregulator activity","8/62","187/5248",0.0427807486631016,3.62118337070899,3.99057207632002,0.00145281594655326,0.0215466928411349,0.0178128804714536,"c103280-g1/c102902-g1/c102000-g1/c98750-g1/c98854-g1/c98854-g3/c103705-g1/c101482-g1",8
"GO:0022603","GO:0022603","regulation of anatomical structure morphogenesis","13/62","438/5248",0.0296803652968037,2.51229930770364,3.61440979944914,0.00148758674522765,0.0219080957024436,0.0181116560662977,"c103611-g2/c87684-g1/c103219-g2/c103330-g1/c102902-g1/c102958-g1/c104992-g1/c88159-g1/c102138-g1/c28978-g1/c80891-g1/c105479-g1/c40816-g1",13
"GO:0016079","GO:0016079","synaptic vesicle exocytosis","4/62","43/5248",0.0930232558139535,7.87396849212303,4.94841960272366,0.00154422609710686,0.0223774439507082,0.0184996712622939,"c102537-g1/c87684-g1/c95002-g1/c104424-g4",4
"GO:0071347","GO:0071347","cellular response to interleukin-1","4/62","43/5248",0.0930232558139535,7.87396849212303,4.94841960272366,0.00154422609710686,0.0223774439507082,0.0184996712622939,"c102000-g1/c98750-g1/c98854-g1/c98854-g3",4
"GO:0015179","GO:0015179","L-amino acid transmembrane transporter activity","3/62","20/5248",0.15,12.6967741935484,5.72991837003018,0.00155133277151158,0.0223774439507082,0.0184996712622939,"c103499-g1/c5014-g2/c94480-g1",3
"GO:0031334","GO:0031334","positive regulation of protein-containing complex assembly","7/62","147/5248",0.0476190476190476,4.03072196620584,4.07485559623646,0.00158735392215732,0.0227412745582538,0.0188004539008106,"c104424-g4/c105908-g1/c12761-g1/c78092-g1/c105479-g1/c110137-g1/c40816-g1",7
"GO:0031253","GO:0031253","cell projection membrane","6/62","109/5248",0.055045871559633,4.65936667653152,4.22099647705322,0.0016715771762429,0.0237860914403212,0.0196642151458446,"c101822-g1/c102902-g1/c105908-g1/c12761-g1/c78092-g1/c40816-g1",6
"GO:0008360","GO:0008360","regulation of cell shape","6/62","111/5248",0.0540540540540541,4.57541412380122,4.16263353387336,0.00183514977500313,0.0257655028410439,0.0213006156340714,"c103219-g2/c103330-g1/c28978-g1/c80891-g1/c105479-g1/c40816-g1",6
"GO:0045785","GO:0045785","positive regulation of cell adhesion","6/62","111/5248",0.0540540540540541,4.57541412380122,4.16263353387336,0.00183514977500313,0.0257655028410439,0.0213006156340714,"c101822-g1/c102902-g1/c104424-g3/c104424-g4/c98407-g1/c40816-g1",6
"GO:0030027","GO:0030027","lamellipodium","5/62","76/5248",0.0657894736842105,5.56876061120543,4.38642857082833,0.00189707353579463,0.0264585222939304,0.0218735421973114,"c104992-g1/c88159-g1/c110137-g1/c40816-g1/c98000-g2",5
"GO:1903008","GO:1903008","organelle disassembly","4/62","46/5248",0.0869565217391304,7.36044880785414,4.73714440846268,0.00198870114501913,0.0275539777066467,0.0227791668549976,"c102000-g1/c98750-g1/c98854-g1/c98854-g3",4
"GO:1902475","GO:1902475","L-alpha-amino acid transmembrane transport","3/62","22/5248",0.136363636363636,11.5425219941349,5.41759173746433,0.00206071082306586,0.028365078388083,0.023449712427595,"c103499-g1/c5014-g2/c94480-g1",3
"GO:0043254","GO:0043254","regulation of protein-containing complex assembly","9/62","245/5248",0.036734693877551,3.10941408821593,3.69713027166228,0.0021057542779938,0.0287968734380191,0.0238066819945437,"c104424-g3/c104424-g4/c105908-g1/c12761-g1/c78092-g1/c105479-g1/c110137-g1/c40816-g1/c98000-g2",9
"GO:0045666","GO:0045666","positive regulation of neuron differentiation","8/62","201/5248",0.0398009950248756,3.36896164339592,3.74433352121446,0.00229833011924642,0.031227633749245,0.0258162174345235,"c103611-g2/c98789-g1/c87684-g1/c101822-g1/c104424-g3/c102138-g1/c28978-g1/c80891-g1",8
"GO:0015171","GO:0015171","amino acid transmembrane transporter activity","3/62","23/5248",0.130434782608696,11.0406732117812,5.27616931478781,0.00234998691765756,0.0313232433454862,0.0258952589061,"c103499-g1/c5014-g2/c94480-g1",3
"GO:0015807","GO:0015807","L-amino acid transport","3/62","23/5248",0.130434782608696,11.0406732117812,5.27616931478781,0.00234998691765756,0.0313232433454862,0.0258952589061,"c103499-g1/c5014-g2/c94480-g1",3
"GO:0043627","GO:0043627","response to estrogen","3/62","23/5248",0.130434782608696,11.0406732117812,5.27616931478781,0.00234998691765756,0.0313232433454862,0.0258952589061,"c105908-g1/c12761-g1/c78092-g1",3
"GO:0007032","GO:0007032","endosome organization","4/62","49/5248",0.0816326530612245,6.90980908492429,4.54408768606014,0.00251483030759215,0.0331014539236817,0.0273653245312988,"c102000-g1/c98750-g1/c98854-g1/c98854-g3",4
"GO:1900182","GO:1900182","positive regulation of protein localization to nucleus","4/62","49/5248",0.0816326530612245,6.90980908492429,4.54408768606014,0.00251483030759215,0.0331014539236817,0.0273653245312988,"c98789-g1/c101822-g1/c104424-g3/c89492-g1",4
"GO:0043066","GO:0043066","negative regulation of apoptotic process","11/62","355/5248",0.0309859154929577,2.62280781462971,3.46201368017772,0.00258329618133679,0.0337914394900328,0.0279357429482252,"c101822-g1/c102902-g1/c104424-g3/c104424-g4/c102000-g1/c98750-g1/c98854-g1/c98854-g3/c101482-g1/c28978-g1/c80891-g1",11
"GO:0051056","GO:0051056","regulation of small GTPase mediated signal transduction","6/62","119/5248",0.0504201680672269,4.26782325833559,3.94231035982908,0.00261404187729273,0.0339825444048055,0.0280937314167782,"c102000-g1/c98750-g1/c98854-g1/c98854-g3/c28978-g1/c80891-g1",6
"GO:0008407","GO:0008407","chaeta morphogenesis","3/62","24/5248",0.125,10.5806451612903,5.14320592231926,0.00266323555750442,0.0344096569576952,0.0284468299135442,"c105908-g1/c12761-g1/c78092-g1",3
"GO:0005102","GO:0005102","signaling receptor binding","12/62","412/5248",0.029126213592233,2.46539304729095,3.3876201637671,0.002723644614957,0.0349755826774356,0.0289146867338824,"c103280-g1/c103611-g2/c98789-g1/c87684-g1/c102902-g1/c104424-g4/c102000-g1/c98750-g1/c98854-g1/c98854-g3/c98407-g1/c40816-g1",12
"GO:0042578","GO:0042578","phosphoric ester hydrolase activity","7/62","162/5248",0.0432098765432099,3.65750696933493,3.75646080811667,0.0027663539913807,0.0351089714760529,0.0290249606744596,"c101113-g1/c102723-g1/c103210-g1/c103280-g1/c103611-g2/c98789-g1/c101482-g1",7
"GO:0004672","GO:0004672","protein kinase activity","9/62","255/5248",0.0352941176470588,2.98747628083491,3.55734824372936,0.00276737382004975,0.0351089714760529,0.0290249606744596,"c101822-g1/c102902-g1/c102958-g1/c104424-g3/c104424-g4/c102000-g1/c98750-g1/c98854-g1/c98854-g3",9
"GO:0007413","GO:0007413","axonal fasciculation","3/62","25/5248",0.12,10.1574193548387,5.01785624017276,0.00300110188594846,0.0370762286906674,0.0306513131675733,"c105908-g1/c12761-g1/c78092-g1",3
"GO:0017158","GO:0017158","regulation of calcium ion-dependent exocytosis","3/62","25/5248",0.12,10.1574193548387,5.01785624017276,0.00300110188594846,0.0370762286906674,0.0306513131675733,"c102537-g1/c87684-g1/c95002-g1",3
"GO:0106030","GO:0106030","neuron projection fasciculation","3/62","25/5248",0.12,10.1574193548387,5.01785624017276,0.00300110188594846,0.0370762286906674,0.0306513131675733,"c105908-g1/c12761-g1/c78092-g1",3
"GO:0040012","GO:0040012","regulation of locomotion","11/62","362/5248",0.0303867403314917,2.57209053644627,3.38914560881369,0.00301046301334479,0.0370762286906674,0.0306513131675733,"c103611-g2/c98789-g1/c102537-g1/c95002-g1/c101822-g1/c102902-g1/c104424-g4/c101482-g1/c28978-g1/c80891-g1/c40816-g1",11
"GO:0043069","GO:0043069","negative regulation of programmed cell death","11/62","362/5248",0.0303867403314917,2.57209053644627,3.38914560881369,0.00301046301334479,0.0370762286906674,0.0306513131675733,"c101822-g1/c102902-g1/c104424-g3/c104424-g4/c102000-g1/c98750-g1/c98854-g1/c98854-g3/c101482-g1/c28978-g1/c80891-g1",11
"GO:0034097","GO:0034097","response to cytokine","10/62","311/5248",0.0321543408360129,2.72170936624831,3.42250107808135,0.0031554674389188,0.0386361303858314,0.0319409005139027,"c102723-g1/c103280-g1/c98789-g1/c101822-g1/c102902-g1/c104424-g3/c102000-g1/c98750-g1/c98854-g1/c98854-g3",10
"GO:0031252","GO:0031252","cell leading edge","7/62","167/5248",0.0419161676646707,3.54800077264825,3.65862850828837,0.0032812249990652,0.0399436985435336,0.0330218810371393,"c103611-g2/c101822-g1/c104992-g1/c88159-g1/c110137-g1/c40816-g1/c98000-g2",7
"GO:0044877","GO:0044877","protein-containing complex binding","13/62","479/5248",0.0271398747390397,2.29725907468516,3.25623645050981,0.00331614316294766,0.0401367672480906,0.0331814929916239,"c102537-g1/c95002-g1/c102902-g1/c91030-g1/c92636-g1/c104992-g1/c88159-g1/c98407-g1/c105908-g1/c12761-g1/c78092-g1/c101482-g1/c40816-g1",13
"GO:0030276","GO:0030276","clathrin binding","3/62","26/5248",0.115384615384615,9.76674937965261,4.89938933142487,0.00336419941445636,0.0404857369534005,0.0334699899639749,"c102537-g1/c87684-g1/c95002-g1",3
"GO:0090316","GO:0090316","positive regulation of intracellular protein transport","5/62","87/5248",0.0574712643678161,4.86466444197256,3.97410748241442,0.00343597290109625,0.0411145393733448,0.0339898276220885,"c98789-g1/c101822-g1/c104424-g3/c89492-g1/c40816-g1",5
"GO:0030424","GO:0030424","axon","10/62","315/5248",0.0317460317460317,2.68714797747056,3.37666530445204,0.00346151585976423,0.0411861717551608,0.0340490468751117,"c101113-g1/c103611-g2/c98789-g1/c87684-g1/c103219-g2/c101822-g1/c102902-g1/c102138-g1/c110137-g1/c40816-g1",10
"GO:0043488","GO:0043488","regulation of mRNA stability","4/62","54/5248",0.0740740740740741,6.2700119474313,4.25591188495846,0.00359231913722554,0.0425023826011066,0.0351371724007749,"c101822-g1/c102902-g1/c104424-g3/c101482-g1",4
"GO:0016791","GO:0016791","phosphatase activity","6/62","128/5248",0.046875,3.96774193548387,3.71647536578286,0.00376298509962975,0.0442728861442472,0.0366008665380041,"c101113-g1/c102723-g1/c103210-g1/c103280-g1/c103611-g2/c98789-g1",6
"GO:0017156","GO:0017156","calcium-ion regulated exocytosis","4/62","55/5248",0.0727272727272727,6.15601173020528,4.20263043015673,0.00384019858596006,0.0449303234557327,0.0371443769659529,"c102537-g1/c87684-g1/c95002-g1/c104424-g4",4
"GO:0006855","GO:0006855","xenobiotic transmembrane transport","4/62","56/5248",0.0714285714285714,6.04608294930876,4.1506506131273,0.00409945051277295,0.0474364987906585,0.0392162588092913,"c103499-g1/c5014-g2/c93435-g1/c94480-g1",4
"GO:0032355","GO:0032355","response to estradiol","4/62","56/5248",0.0714285714285714,6.04608294930876,4.1506506131273,0.00409945051277295,0.0474364987906585,0.0392162588092913,"c102902-g1/c105908-g1/c12761-g1/c78092-g1",4
"GO:0016050","GO:0016050","vesicle organization","8/62","222/5248",0.036036036036036,3.05027608253415,3.41281471928611,0.0042472286723915,0.048798480123617,0.0403422232840818,"c102537-g1/c87684-g1/c95002-g1/c102000-g1/c98750-g1/c98854-g1/c98854-g3/c95060-g1",8
"GO:0005198","GO:0005198","structural molecule activity","9/62","272/5248",0.0330882352941176,2.80075901328273,3.33453272572196,0.00426349493957527,0.048798480123617,0.0403422232840818,"c103219-g2/c103330-g1/c105908-g1/c12761-g1/c78092-g1/c105479-g1/c89492-g1/c110137-g1/c40816-g1",9
"GO:2001023","GO:2001023","regulation of response to drug","4/62","57/5248",0.0701754385964912,5.94001131861913,4.09991618056196,0.0043703170344406,0.0497507441866589,0.0411294701278222,"c98789-g1/c87684-g1/c102902-g1/c104424-g4",4
"GO:0022407","GO:0022407","regulation of cell-cell adhesion","5/62","93/5248",0.0537634408602151,4.55081512313562,3.77737690757578,0.00457868603519487,0.0516190765002849,0.0426740403516126,"c103611-g2/c101822-g1/c102902-g1/c104424-g3/c98407-g1",5
"GO:0071345","GO:0071345","cellular response to cytokine stimulus","9/62","275/5248",0.0327272727272727,2.77020527859238,3.29697663480347,0.00458346025904714,0.0516190765002849,0.0426740403516126,"c102723-g1/c103280-g1/c98789-g1/c101822-g1/c104424-g3/c102000-g1/c98750-g1/c98854-g1/c98854-g3",9
"GO:0042307","GO:0042307","positive regulation of protein import into nucleus","3/62","30/5248",0.1,8.46451612903226,4.48275879598641,0.00508010772062695,0.056908015210853,0.0470464623175643,"c98789-g1/c104424-g3/c89492-g1",3
"GO:0043487","GO:0043487","regulation of RNA stability","4/62","60/5248",0.0666666666666667,5.64301075268817,3.95467184123041,0.00525497742183631,0.0585554627004617,0.0484084247046352,"c101822-g1/c102902-g1/c104424-g3/c101482-g1",4
"GO:0019221","GO:0019221","cytokine-mediated signaling pathway","6/62","138/5248",0.0434782608695652,3.68022440392707,3.48847304001735,0.0054410049543768,0.0603092443890397,0.0498582947065885,"c101822-g1/c104424-g3/c102000-g1/c98750-g1/c98854-g1/c98854-g3",6
"GO:0043178","GO:0043178","alcohol binding","3/62","31/5248",0.0967741935483871,8.19146722164412,4.3905917244354,0.00557751034638761,0.0608613305155041,0.0503147101877562,"c102537-g1/c95002-g1/c104424-g4",3
"GO:1903533","GO:1903533","regulation of protein targeting","3/62","31/5248",0.0967741935483871,8.19146722164412,4.3905917244354,0.00557751034638761,0.0608613305155041,0.0503147101877562,"c98789-g1/c101822-g1/c40816-g1",3
"GO:1904591","GO:1904591","positive regulation of protein import","3/62","31/5248",0.0967741935483871,8.19146722164412,4.3905917244354,0.00557751034638761,0.0608613305155041,0.0503147101877562,"c98789-g1/c104424-g3/c89492-g1",3
"GO:0005911","GO:0005911","cell-cell junction","6/62","139/5248",0.0431654676258993,3.65374796936644,3.46684355638451,0.0056347963842371,0.061169490645378,0.0505694694494203,"c103219-g2/c101822-g1/c102902-g1/c102958-g1/c104424-g3/c104424-g4",6
"GO:0060284","GO:0060284","regulation of cell development","12/62","452/5248",0.0265486725663717,2.24721667142449,3.03254083918566,0.00580242119262806,0.0618452227016313,0.0511281043377309,"c102723-g1/c103611-g2/c98789-g1/c87684-g1/c101822-g1/c102958-g1/c104424-g3/c104424-g4/c102138-g1/c28978-g1/c80891-g1/c40816-g1",12
"GO:0010543","GO:0010543","regulation of platelet activation","2/62","10/5248",0.2,16.9290322580645,5.51241321702495,0.00581450811724738,0.0618452227016313,0.0511281043377309,"c102902-g1/c104424-g3",2
"GO:0014059","GO:0014059","regulation of dopamine secretion","2/62","10/5248",0.2,16.9290322580645,5.51241321702495,0.00581450811724738,0.0618452227016313,0.0511281043377309,"c87684-g1/c102902-g1",2
"GO:0034110","GO:0034110","regulation of homotypic cell-cell adhesion","2/62","10/5248",0.2,16.9290322580645,5.51241321702495,0.00581450811724738,0.0618452227016313,0.0511281043377309,"c102902-g1/c104424-g3",2
"GO:0036126","GO:0036126","sperm flagellum","4/62","62/5248",0.0645161290322581,5.46097814776275,3.86317876343112,0.00590711597187715,0.0618924688396681,0.0511671632232774,"c102000-g1/c98750-g1/c98854-g1/c98854-g3",4
"GO:0061013","GO:0061013","regulation of mRNA catabolic process","4/62","62/5248",0.0645161290322581,5.46097814776275,3.86317876343112,0.00590711597187715,0.0618924688396681,0.0511671632232774,"c101822-g1/c102902-g1/c104424-g3/c101482-g1",4
"GO:0071901","GO:0071901","negative regulation of protein serine/threonine kinase activity","4/62","62/5248",0.0645161290322581,5.46097814776275,3.86317876343112,0.00590711597187715,0.0618924688396681,0.0511671632232774,"c98789-g1/c101822-g1/c102902-g1/c104424-g3",4
"GO:0050767","GO:0050767","regulation of neurogenesis","11/62","397/5248",0.0277078085642317,2.34533192492078,3.04820509660455,0.00608876559204941,0.0633169775489671,0.0523448197460846,"c102723-g1/c103611-g2/c98789-g1/c87684-g1/c101822-g1/c102958-g1/c104424-g3/c104424-g4/c102138-g1/c28978-g1/c80891-g1",11
"GO:0070301","GO:0070301","cellular response to hydrogen peroxide","3/62","32/5248",0.09375,7.93548387096774,4.30247231544705,0.00610320343895552,0.0633169775489671,0.0523448197460846,"c104424-g3/c101482-g1/c40816-g1",3
"GO:0010632","GO:0010632","regulation of epithelial cell migration","4/62","63/5248",0.0634920634920635,5.37429595494112,3.81890784181402,0.00625257046956014,0.0642337239458227,0.0531027037568804,"c98789-g1/c101822-g1/c102902-g1/c104424-g4",4
"GO:0140030","GO:0140030","modification-dependent protein binding","4/62","63/5248",0.0634920634920635,5.37429595494112,3.81890784181402,0.00625257046956014,0.0642337239458227,0.0531027037568804,"c102000-g1/c98750-g1/c98854-g1/c98854-g3",4
"GO:1905039","GO:1905039","carboxylic acid transmembrane transport","4/62","64/5248",0.0625,5.29032258064516,3.77557027575581,0.00661124018414098,0.0675886981932083,0.0558762967019376,"c104424-g3/c103499-g1/c5014-g2/c94480-g1",4
"GO:0022411","GO:0022411","cellular component disassembly","7/62","190/5248",0.0368421052631579,3.11850594227504,3.25201241655456,0.00665374748813861,0.067641883610786,0.0559202656531414,"c102902-g1/c102000-g1/c98750-g1/c98854-g1/c98854-g3/c104992-g1/c88159-g1",7
"GO:0033157","GO:0033157","regulation of intracellular protein transport","6/62","144/5248",0.0416666666666667,3.52688172043011,3.36159932255224,0.00668067986279368,0.067641883610786,0.0559202656531414,"c103280-g1/c98789-g1/c101822-g1/c104424-g3/c89492-g1/c40816-g1",6
"GO:0032103","GO:0032103","positive regulation of response to external stimulus","5/62","102/5248",0.0490196078431373,4.14927261227071,3.51164472718528,0.00676757240346773,0.0678825860895035,0.0561192569560848,"c101822-g1/c102902-g1/c104424-g3/c104424-g4/c89492-g1",5
"GO:0010975","GO:0010975","regulation of neuron projection development","9/62","292/5248",0.0308219178082192,2.60892620415378,3.09312180447598,0.00676891884083368,0.0678825860895035,0.0561192569560848,"c102723-g1/c103611-g2/c98789-g1/c87684-g1/c101822-g1/c104424-g3/c102138-g1/c28978-g1/c80891-g1",9
"GO:0000902","GO:0000902","cell morphogenesis","12/62","463/5248",0.0259179265658747,2.1938270744792,2.94121023778674,0.00701740051986082,0.0684478319702689,0.0565865517463012,"c101113-g1/c103611-g2/c103219-g2/c102902-g1/c102958-g1/c104424-g3/c105908-g1/c12761-g1/c78092-g1/c102138-g1/c105479-g1/c40816-g1",12
"GO:0000302","GO:0000302","response to reactive oxygen species","5/62","103/5248",0.0485436893203883,4.10898841215158,3.48401604797513,0.00704923884196558,0.0684478319702689,0.0565865517463012,"c101822-g1/c102902-g1/c104424-g3/c101482-g1/c40816-g1",5
"GO:0005545","GO:0005545","1-phosphatidylinositol binding","2/62","11/5248",0.181818181818182,15.3900293255132,5.22338280732311,0.00705279180320434,0.0684478319702689,0.0565865517463012,"c87684-g1/c103330-g1",2
"GO:0009642","GO:0009642","response to light intensity","2/62","11/5248",0.181818181818182,15.3900293255132,5.22338280732311,0.00705279180320434,0.0684478319702689,0.0565865517463012,"c101822-g1/c102902-g1",2
"GO:0031663","GO:0031663","lipopolysaccharide-mediated signaling pathway","2/62","11/5248",0.181818181818182,15.3900293255132,5.22338280732311,0.00705279180320434,0.0684478319702689,0.0565865517463012,"c101822-g1/c104424-g4",2
"GO:0035640","GO:0035640","exploration behavior","2/62","11/5248",0.181818181818182,15.3900293255132,5.22338280732311,0.00705279180320434,0.0684478319702689,0.0565865517463012,"c98789-g1/c104424-g4",2
"GO:1901838","GO:1901838","positive regulation of transcription of nucleolar large rRNA by RNA polymerase I","2/62","11/5248",0.181818181818182,15.3900293255132,5.22338280732311,0.00705279180320434,0.0684478319702689,0.0565865517463012,"c101864-g1/c78921-g1",2
"GO:0034766","GO:0034766","negative regulation of monoatomic ion transmembrane transport","3/62","34/5248",0.0882352941176471,7.46869070208729,4.1371898616093,0.0072410872885641,0.0696334695420822,0.0575667309554676,"c101822-g1/c102902-g1/c104424-g4",3
"GO:0043407","GO:0043407","negative regulation of MAP kinase activity","3/62","34/5248",0.0882352941176471,7.46869070208729,4.1371898616093,0.0072410872885641,0.0696334695420822,0.0575667309554676,"c98789-g1/c102902-g1/c104424-g3",3
"GO:0015849","GO:0015849","organic acid transport","5/62","104/5248",0.0480769230769231,4.06947890818859,3.45673401978509,0.00733903915888587,0.0699066537603675,0.0577925752584835,"c87684-g1/c104424-g3/c103499-g1/c5014-g2/c94480-g1",5
"GO:0046942","GO:0046942","carboxylic acid transport","5/62","104/5248",0.0480769230769231,4.06947890818859,3.45673401978509,0.00733903915888587,0.0699066537603675,0.0577925752584835,"c87684-g1/c104424-g3/c103499-g1/c5014-g2/c94480-g1",5
"GO:0097729","GO:0097729","9+2 motile cilium","4/62","66/5248",0.0606060606060606,5.13000977517107,3.69155602296631,0.00736907746191908,0.0699066537603675,0.0577925752584835,"c102000-g1/c98750-g1/c98854-g1/c98854-g3",4
"GO:0034614","GO:0034614","cellular response to reactive oxygen species","4/62","67/5248",0.0597014925373134,5.05344246509389,3.65081426518442,0.00776866127022347,0.0730392885495117,0.0603823578052144,"c101822-g1/c104424-g3/c101482-g1/c40816-g1",4
"GO:1902936","GO:1902936","phosphatidylinositol bisphosphate binding","4/62","67/5248",0.0597014925373134,5.05344246509389,3.65081426518442,0.00776866127022347,0.0730392885495117,0.0603823578052144,"c102537-g1/c87684-g1/c95002-g1/c101822-g1",4
"GO:0050870","GO:0050870","positive regulation of T cell activation","3/62","35/5248",0.0857142857142857,7.25529953917051,4.05950790420366,0.00785402729183905,0.073188413613332,0.0605056410838463,"c101822-g1/c104424-g3/c98407-g1",3
"GO:1903039","GO:1903039","positive regulation of leukocyte cell-cell adhesion","3/62","35/5248",0.0857142857142857,7.25529953917051,4.05950790420366,0.00785402729183905,0.073188413613332,0.0605056410838463,"c101822-g1/c104424-g3/c98407-g1",3
"GO:0002784","GO:0002784","regulation of antimicrobial peptide production","2/62","12/5248",0.166666666666667,14.1075268817204,4.96988891634987,0.00839929822031703,0.0775829914560862,0.0641386853942953,"c104424-g3/c89492-g1",2
"GO:0008362","GO:0008362","chitin-based embryonic cuticle biosynthetic process","2/62","12/5248",0.166666666666667,14.1075268817204,4.96988891634987,0.00839929822031703,0.0775829914560862,0.0641386853942953,"c103219-g2/c101822-g1",2
"GO:0071260","GO:0071260","cellular response to mechanical stimulus","3/62","36/5248",0.0833333333333333,7.05376344086022,3.98482830665246,0.0084967575709825,0.0781404866571579,0.0645995726150543,"c101822-g1/c28978-g1/c80891-g1",3
"GO:0010770","GO:0010770","positive regulation of cell morphogenesis","5/62","108/5248",0.0462962962962963,3.91875746714456,3.35091527997373,0.00858193508168941,0.0781595563394244,0.0646153377245004,"c103611-g2/c102138-g1/c28978-g1/c80891-g1/c40816-g1",5
"GO:0018105","GO:0018105","peptidyl-serine phosphorylation","5/62","108/5248",0.0462962962962963,3.91875746714456,3.35091527997373,0.00858193508168941,0.0781595563394244,0.0646153377245004,"c101822-g1/c102902-g1/c102958-g1/c104424-g3/c104424-g4",5
"GO:0005776","GO:0005776","autophagosome","4/62","69/5248",0.0579710144927536,4.90696587190276,3.57171113799692,0.00861016954926233,0.0781595563394244,0.0646153377245004,"c102000-g1/c98750-g1/c98854-g1/c98854-g3",4
"GO:0007269","GO:0007269","neurotransmitter secretion","4/62","70/5248",0.0571428571428571,4.83686635944701,3.53329411692897,0.00905248576820178,0.0811256809695019,0.0670674645491859,"c102537-g1/c87684-g1/c95002-g1/c104424-g4",4
"GO:0030336","GO:0030336","negative regulation of cell migration","4/62","70/5248",0.0571428571428571,4.83686635944701,3.53329411692897,0.00905248576820178,0.0811256809695019,0.0670674645491859,"c98789-g1/c101482-g1/c28978-g1/c80891-g1",4
"GO:0099643","GO:0099643","signal release from synapse","4/62","70/5248",0.0571428571428571,4.83686635944701,3.53329411692897,0.00905248576820178,0.0811256809695019,0.0670674645491859,"c102537-g1/c87684-g1/c95002-g1/c104424-g4",4
"GO:0030168","GO:0030168","platelet activation","3/62","37/5248",0.0810810810810811,6.86312118570183,3.91295016550953,0.00916959180320308,0.0818269505828207,0.0676472116079299,"c102902-g1/c104424-g3/c104424-g4",3
"GO:0007409","GO:0007409","axonogenesis","8/62","254/5248",0.031496062992126,2.66598933197866,2.97577387064021,0.00942728739641088,0.0834142315679157,0.0689594337048696,"c101113-g1/c103611-g2/c102902-g1/c104424-g3/c105908-g1/c12761-g1/c78092-g1/c102138-g1",8
"GO:0004888","GO:0004888","transmembrane signaling receptor activity","4/62","71/5248",0.0563380281690141,4.76874148114493,3.4955986287223,0.00950943085985793,0.0834142315679157,0.0689594337048696,"c101113-g1/c103210-g1/c103611-g2/c98789-g1",4
"GO:0071236","GO:0071236","cellular response to antibiotic","4/62","71/5248",0.0563380281690141,4.76874148114493,3.4955986287223,0.00950943085985793,0.0834142315679157,0.0689594337048696,"c104424-g3/c104424-g4/c101482-g1/c40816-g1",4
"GO:0006469","GO:0006469","negative regulation of protein kinase activity","5/62","111/5248",0.045045045045045,3.81284510316768,3.27482158614649,0.00960522704090705,0.0834142315679157,0.0689594337048696,"c98789-g1/c101822-g1/c102902-g1/c104424-g3/c98000-g2",5
"GO:0016236","GO:0016236","macroautophagy","5/62","111/5248",0.045045045045045,3.81284510316768,3.27482158614649,0.00960522704090705,0.0834142315679157,0.0689594337048696,"c102000-g1/c96969-g1/c98750-g1/c98854-g1/c98854-g3",5
"GO:0006468","GO:0006468","protein phosphorylation","10/62","365/5248",0.0273972602739726,2.31904551480336,2.85626154101506,0.00968536156962481,0.0834142315679157,0.0689594337048696,"c101822-g1/c102902-g1/c102958-g1/c104424-g3/c104424-g4/c102000-g1/c98750-g1/c98854-g1/c98854-g3/c98000-g2",10
"GO:0031175","GO:0031175","neuron projection development","11/62","423/5248",0.0260047281323877,2.20117440707695,2.81684348007954,0.00969325564491335,0.0834142315679157,0.0689594337048696,"c101113-g1/c103611-g2/c103219-g2/c101822-g1/c102902-g1/c104424-g3/c105908-g1/c12761-g1/c78092-g1/c102138-g1/c78536-g1",11
"GO:0051960","GO:0051960","regulation of nervous system development","12/62","483/5248",0.0248447204968944,2.10298537367261,2.78129456391829,0.00974067238030842,0.0834142315679157,0.0689594337048696,"c102723-g1/c103611-g2/c98789-g1/c87684-g1/c101822-g1/c102902-g1/c102958-g1/c104424-g3/c104424-g4/c102138-g1/c28978-g1/c80891-g1",12
"GO:0043536","GO:0043536","positive regulation of blood vessel endothelial cell migration","2/62","13/5248",0.153846153846154,13.0223325062035,4.74501062269719,0.00985138181257521,0.0834142315679157,0.0689594337048696,"c101822-g1/c102902-g1",2
"GO:0050857","GO:0050857","positive regulation of antigen receptor-mediated signaling pathway","2/62","13/5248",0.153846153846154,13.0223325062035,4.74501062269719,0.00985138181257521,0.0834142315679157,0.0689594337048696,"c102902-g1/c104424-g4",2
"GO:0030672","GO:0030672","synaptic vesicle membrane","3/62","38/5248",0.0789473684210526,6.68251273344652,3.84369107112533,0.00987282042772162,0.0834142315679157,0.0689594337048696,"c102537-g1/c87684-g1/c95002-g1",3
"GO:0099501","GO:0099501","exocytic vesicle membrane","3/62","38/5248",0.0789473684210526,6.68251273344652,3.84369107112533,0.00987282042772162,0.0834142315679157,0.0689594337048696,"c102537-g1/c87684-g1/c95002-g1",3
"GO:0007162","GO:0007162","negative regulation of cell adhesion","4/62","72/5248",0.0555555555555556,4.70250896057348,3.45860012839307,0.00998119010214376,0.0834142315679157,0.0689594337048696,"c103611-g2/c104424-g3/c28978-g1/c80891-g1",4
"GO:0048489","GO:0048489","synaptic vesicle transport","4/62","72/5248",0.0555555555555556,4.70250896057348,3.45860012839307,0.00998119010214376,0.0834142315679157,0.0689594337048696,"c102537-g1/c87684-g1/c95002-g1/c104424-g4",4
"GO:0097480","GO:0097480","establishment of synaptic vesicle localization","4/62","72/5248",0.0555555555555556,4.70250896057348,3.45860012839307,0.00998119010214376,0.0834142315679157,0.0689594337048696,"c102537-g1/c87684-g1/c95002-g1/c104424-g4",4
"GO:2000146","GO:2000146","negative regulation of cell motility","4/62","72/5248",0.0555555555555556,4.70250896057348,3.45860012839307,0.00998119010214376,0.0834142315679157,0.0689594337048696,"c98789-g1/c101482-g1/c28978-g1/c80891-g1",4
"GO:0030334","GO:0030334","regulation of cell migration","8/62","257/5248",0.0311284046692607,2.63486883394,2.93826398680782,0.0100855117261988,0.0839529157919951,0.0694047696905882,"c98789-g1/c101822-g1/c102902-g1/c104424-g4/c101482-g1/c28978-g1/c80891-g1/c40816-g1",8
"GO:0009612","GO:0009612","response to mechanical stimulus","5/62","113/5248",0.0442477876106195,3.74536111904082,3.22554865386144,0.0103325108722512,0.0856703460510279,0.0708245875785476,"c101822-g1/c102902-g1/c104424-g3/c28978-g1/c80891-g1",5
"GO:0097479","GO:0097479","synaptic vesicle localization","4/62","73/5248",0.0547945205479452,4.63809102960672,3.42227523917112,0.0104679444470169,0.0862460768865002,0.0713005503924983,"c102537-g1/c87684-g1/c95002-g1/c104424-g4",4
"GO:0005546","GO:0005546","phosphatidylinositol-4,5-bisphosphate binding","3/62","39/5248",0.0769230769230769,6.51116625310174,3.77688496840577,0.0106067112600207,0.0862460768865002,0.0713005503924983,"c102537-g1/c87684-g1/c95002-g1",3
"GO:0019905","GO:0019905","syntaxin binding","3/62","39/5248",0.0769230769230769,6.51116625310174,3.77688496840577,0.0106067112600207,0.0862460768865002,0.0713005503924983,"c102537-g1/c87684-g1/c95002-g1",3
"GO:0043123","GO:0043123","positive regulation of canonical NF-kappaB signal transduction","3/62","39/5248",0.0769230769230769,6.51116625310174,3.77688496840577,0.0106067112600207,0.0862460768865002,0.0713005503924983,"c101822-g1/c102902-g1/c104424-g4",3
"GO:0045747","GO:0045747","positive regulation of Notch signaling pathway","3/62","39/5248",0.0769230769230769,6.51116625310174,3.77688496840577,0.0106067112600207,0.0862460768865002,0.0713005503924983,"c105908-g1/c12761-g1/c78092-g1",3
"GO:0018209","GO:0018209","peptidyl-serine modification","5/62","115/5248",0.0434782608695652,3.68022440392707,3.17738298742065,0.0110968952904111,0.0898848518523301,0.074308764414332,"c101822-g1/c102902-g1/c102958-g1/c104424-g3/c104424-g4",5
"GO:0016773","GO:0016773","phosphotransferase activity, alcohol group as acceptor","9/62","317/5248",0.028391167192429,2.40317492622367,2.81779287093402,0.0113538870462339,0.0899699186641468,0.0743790900537306,"c101822-g1/c102902-g1/c102958-g1/c104424-g3/c104424-g4/c102000-g1/c98750-g1/c98854-g1/c98854-g3",9
"GO:0005504","GO:0005504","fatty acid binding","2/62","14/5248",0.142857142857143,12.0921658986175,4.54358477645136,0.0114064426796425,0.0899699186641468,0.0743790900537306,"c28978-g1/c80891-g1",2
"GO:0014072","GO:0014072","response to isoquinoline alkaloid","2/62","14/5248",0.142857142857143,12.0921658986175,4.54358477645136,0.0114064426796425,0.0899699186641468,0.0743790900537306,"c102902-g1/c104424-g4",2
"GO:0038128","GO:0038128","ERBB2 signaling pathway","2/62","14/5248",0.142857142857143,12.0921658986175,4.54358477645136,0.0114064426796425,0.0899699186641468,0.0743790900537306,"c98789-g1/c102902-g1",2
"GO:0043278","GO:0043278","response to morphine","2/62","14/5248",0.142857142857143,12.0921658986175,4.54358477645136,0.0114064426796425,0.0899699186641468,0.0743790900537306,"c102902-g1/c104424-g4",2
"GO:0071526","GO:0071526","semaphorin-plexin signaling pathway","2/62","14/5248",0.142857142857143,12.0921658986175,4.54358477645136,0.0114064426796425,0.0899699186641468,0.0743790900537306,"c28978-g1/c80891-g1",2
"GO:1901836","GO:1901836","regulation of transcription of nucleolar large rRNA by RNA polymerase I","2/62","14/5248",0.142857142857143,12.0921658986175,4.54358477645136,0.0114064426796425,0.0899699186641468,0.0743790900537306,"c101864-g1/c78921-g1",2
"GO:0031490","GO:0031490","chromatin DNA binding","3/62","41/5248",0.0731707317073171,6.19354838709677,3.65003847482438,0.012167441292167,0.0952588526442517,0.078751508108958,"c91030-g1/c92636-g1/c101482-g1",3
"GO:0046324","GO:0046324","regulation of D-glucose import","3/62","41/5248",0.0731707317073171,6.19354838709677,3.65003847482438,0.012167441292167,0.0952588526442517,0.078751508108958,"c101822-g1/c102902-g1/c104424-g3",3
"GO:0045202","GO:0045202","synapse","10/62","381/5248",0.026246719160105,2.22165777664889,2.70717605010004,0.0128863740718729,0.0986391293913039,0.0815460188999933,"c98789-g1/c102537-g1/c87684-g1/c95002-g1/c103219-g2/c103330-g1/c102902-g1/c104424-g3/c95060-g1/c40816-g1",10
"GO:0010634","GO:0010634","positive regulation of epithelial cell migration","3/62","42/5248",0.0714285714285714,6.04608294930876,3.58973235354608,0.0129947083642887,0.0986391293913039,0.0815460188999933,"c101822-g1/c102902-g1/c104424-g4",3
"GO:0009303","GO:0009303","rRNA transcription","2/62","15/5248",0.133333333333333,11.2860215053763,4.36167006641504,0.0130619258954047,0.0986391293913039,0.0815460188999933,"c101864-g1/c78921-g1",2
"GO:0030193","GO:0030193","regulation of blood coagulation","2/62","15/5248",0.133333333333333,11.2860215053763,4.36167006641504,0.0130619258954047,0.0986391293913039,0.0815460188999933,"c102902-g1/c104424-g3",2
"GO:0048009","GO:0048009","insulin-like growth factor receptor signaling pathway","2/62","15/5248",0.133333333333333,11.2860215053763,4.36167006641504,0.0130619258954047,0.0986391293913039,0.0815460188999933,"c101822-g1/c104424-g4",2
"GO:0071889","GO:0071889","14-3-3 protein binding","2/62","15/5248",0.133333333333333,11.2860215053763,4.36167006641504,0.0130619258954047,0.0986391293913039,0.0815460188999933,"c101822-g1/c104424-g4",2
"GO:0090314","GO:0090314","positive regulation of protein targeting to membrane","2/62","15/5248",0.133333333333333,11.2860215053763,4.36167006641504,0.0130619258954047,0.0986391293913039,0.0815460188999933,"c101822-g1/c40816-g1",2
"GO:1900046","GO:1900046","regulation of hemostasis","2/62","15/5248",0.133333333333333,11.2860215053763,4.36167006641504,0.0130619258954047,0.0986391293913039,0.0815460188999933,"c102902-g1/c104424-g3",2
"GO:0010256","GO:0010256","endomembrane system organization","8/62","269/5248",0.0297397769516729,2.51732821681257,2.7933138305515,0.0130675769706428,0.0986391293913039,0.0815460188999933,"c103219-g2/c101822-g1/c102902-g1/c104424-g4/c102000-g1/c98750-g1/c98854-g1/c98854-g3",8
"GO:2000145","GO:2000145","regulation of cell motility","8/62","269/5248",0.0297397769516729,2.51732821681257,2.7933138305515,0.0130675769706428,0.0986391293913039,0.0815460188999933,"c98789-g1/c101822-g1/c102902-g1/c104424-g4/c101482-g1/c28978-g1/c80891-g1/c40816-g1",8
"GO:0035091","GO:0035091","phosphatidylinositol binding","5/62","121/5248",0.0413223140495868,3.49773393761664,3.03908132520757,0.0136211639203853,0.102450611486898,0.0846970117455539,"c102537-g1/c87684-g1/c95002-g1/c103330-g1/c101822-g1",5
"GO:1900180","GO:1900180","regulation of protein localization to nucleus","4/62","79/5248",0.0506329113924051,4.28583095140874,3.21729301734723,0.0137129459982413,0.10277389420746,0.0849642730140144,"c98789-g1/c101822-g1/c104424-g3/c89492-g1",4
"GO:1903305","GO:1903305","regulation of regulated secretory pathway","3/62","43/5248",0.0697674418604651,5.90547636909227,3.53134516885409,0.0138534945343274,0.103459076203168,0.0855307202679265,"c102537-g1/c87684-g1/c95002-g1",3
"GO:0033673","GO:0033673","negative regulation of kinase activity","5/62","122/5248",0.040983606557377,3.4690639873083,3.01688030699273,0.0140766599534351,0.104754225660545,0.0866014341193292,"c98789-g1/c101822-g1/c102902-g1/c104424-g3/c98000-g2",5
"GO:0002252","GO:0002252","immune effector process","10/62","387/5248",0.0258397932816537,2.18721347003418,2.65311825632421,0.0142747898299709,0.10585460345746,0.0875111281644618,"c102958-g1/c104424-g3/c104424-g4/c105908-g1/c12761-g1/c78092-g1/c95060-g1/c105479-g1/c110137-g1/c40816-g1",10
"GO:0061564","GO:0061564","axon development","8/62","274/5248",0.0291970802919708,2.47139157052037,2.73517913762004,0.0144857047917632,0.107041734355977,0.0884925419227199,"c101113-g1/c103611-g2/c102902-g1/c104424-g3/c105908-g1/c12761-g1/c78092-g1/c102138-g1",8
"GO:0034763","GO:0034763","negative regulation of transmembrane transport","3/62","44/5248",0.0681818181818182,5.77126099706745,3.47476940449089,0.0147439632962299,0.108337033612169,0.089563379614399,"c101822-g1/c102902-g1/c104424-g4",3
"GO:0050433","GO:0050433","regulation of catecholamine secretion","2/62","16/5248",0.125,10.5806451612903,4.1961982642215,0.0148153208358522,0.108337033612169,0.089563379614399,"c87684-g1/c102902-g1",2
"GO:0050818","GO:0050818","regulation of coagulation","2/62","16/5248",0.125,10.5806451612903,4.1961982642215,0.0148153208358522,0.108337033612169,0.089563379614399,"c102902-g1/c104424-g3",2
"GO:0051222","GO:0051222","positive regulation of protein transport","6/62","171/5248",0.0350877192982456,2.97000565930956,2.86349921177648,0.0148976792159363,0.10856232674312,0.0897496318454145,"c98789-g1/c101822-g1/c104424-g3/c104424-g4/c89492-g1/c40816-g1",6
"GO:0019904","GO:0019904","protein domain specific binding","9/62","332/5248",0.0271084337349398,2.294597745822,2.66460643181881,0.0150541515572756,0.109324286826284,0.0903795523620102,"c103611-g2/c102958-g1/c104424-g3/c104424-g4/c102000-g1/c98750-g1/c98854-g1/c98854-g3/c101392-g1",9
"GO:0051223","GO:0051223","regulation of protein transport","8/62","277/5248",0.0288808664259928,2.44462559683242,2.7008995300865,0.015389162142125,0.111373111585276,0.0920733376128585,"c103280-g1/c98789-g1/c101822-g1/c102902-g1/c104424-g3/c104424-g4/c89492-g1/c40816-g1",8
"GO:0030017","GO:0030017","sarcomere","4/62","82/5248",0.0487804878048781,4.12903225806452,3.12230184969426,0.0155511805907321,0.112160227137267,0.0927240544234712,"c102000-g1/c98750-g1/c98854-g1/c98854-g3",4
"GO:0022416","GO:0022416","chaeta development","3/62","45/5248",0.0666666666666667,5.64301075268817,3.41990588087575,0.0156662589585387,0.112604578043285,0.0930914040503788,"c105908-g1/c12761-g1/c78092-g1",3
"GO:0099504","GO:0099504","synaptic vesicle cycle","4/62","83/5248",0.0481927710843374,4.07928488146133,3.09163968672494,0.0161968609562165,0.116022412155755,0.0959169639154388,"c102537-g1/c87684-g1/c95002-g1/c104424-g4",4
"GO:0010827","GO:0010827","regulation of D-glucose transmembrane transport","3/62","46/5248",0.0652173913043478,5.5203366058906,3.36666293902431,0.0166205071780865,0.116031183670482,0.0959242154200915,"c101822-g1/c102902-g1/c104424-g3",3
"GO:0044070","GO:0044070","regulation of monoatomic anion transport","3/62","46/5248",0.0652173913043478,5.5203366058906,3.36666293902431,0.0166205071780865,0.116031183670482,0.0959242154200915,"c101822-g1/c102902-g1/c104424-g3",3
"GO:0061041","GO:0061041","regulation of wound healing","3/62","46/5248",0.0652173913043478,5.5203366058906,3.36666293902431,0.0166205071780865,0.116031183670482,0.0959242154200915,"c102902-g1/c104424-g3/c104424-g4",3
"GO:0097306","GO:0097306","cellular response to alcohol","3/62","46/5248",0.0652173913043478,5.5203366058906,3.36666293902431,0.0166205071780865,0.116031183670482,0.0959242154200915,"c101822-g1/c104424-g4/c40816-g1",3
"GO:0015293","GO:0015293","symporter activity","2/62","17/5248",0.117647058823529,9.95825426944971,4.04473996806581,0.0166641605161773,0.116031183670482,0.0959242154200915,"c103499-g1/c5014-g2",2
"GO:0015294","GO:0015294","solute:monoatomic cation symporter activity","2/62","17/5248",0.117647058823529,9.95825426944971,4.04473996806581,0.0166641605161773,0.116031183670482,0.0959242154200915,"c103499-g1/c5014-g2",2
"GO:0017101","GO:0017101","aminoacyl-tRNA synthetase multienzyme complex","2/62","17/5248",0.117647058823529,9.95825426944971,4.04473996806581,0.0166641605161773,0.116031183670482,0.0959242154200915,"c101864-g1/c78921-g1",2
"GO:0031941","GO:0031941","filamentous actin","2/62","17/5248",0.117647058823529,9.95825426944971,4.04473996806581,0.0166641605161773,0.116031183670482,0.0959242154200915,"c110137-g1/c40816-g1",2
"GO:0001934","GO:0001934","positive regulation of protein phosphorylation","9/62","338/5248",0.0266272189349112,2.25386524145829,2.60557505714882,0.0167620828601404,0.116031183670482,0.0959242154200915,"c98789-g1/c101822-g1/c102902-g1/c104424-g3/c104424-g4/c102000-g1/c98750-g1/c98854-g1/c98854-g3",9
"GO:0045664","GO:0045664","regulation of neuron differentiation","9/62","338/5248",0.0266272189349112,2.25386524145829,2.60557505714882,0.0167620828601404,0.116031183670482,0.0959242154200915,"c102723-g1/c103611-g2/c98789-g1/c87684-g1/c101822-g1/c104424-g3/c102138-g1/c28978-g1/c80891-g1",9
"GO:0046822","GO:0046822","regulation of nucleocytoplasmic transport","4/62","84/5248",0.0476190476190476,4.03072196620584,3.06145403692245,0.0168592318153692,0.116031183670482,0.0959242154200915,"c103280-g1/c98789-g1/c104424-g3/c89492-g1",4
"GO:1903034","GO:1903034","regulation of response to wounding","4/62","84/5248",0.0476190476190476,4.03072196620584,3.06145403692245,0.0168592318153692,0.116031183670482,0.0959242154200915,"c101822-g1/c102902-g1/c104424-g3/c104424-g4",4
"GO:0040013","GO:0040013","negative regulation of locomotion","4/62","85/5248",0.0470588235294118,3.98330170777989,3.03173123166246,0.0175384199052172,0.119921793248011,0.0991406237977761,"c98789-g1/c101482-g1/c28978-g1/c80891-g1",4
"GO:0050920","GO:0050920","regulation of chemotaxis","4/62","85/5248",0.0470588235294118,3.98330170777989,3.03173123166246,0.0175384199052172,0.119921793248011,0.0991406237977761,"c103611-g2/c101822-g1/c102902-g1/c104424-g4",4
"GO:0007043","GO:0007043","cell-cell junction assembly","3/62","47/5248",0.0638297872340425,5.4028826355525,3.31495572018919,0.0176068154829526,0.11999984921391,0.0992051534961801,"c103219-g2/c102902-g1/c102958-g1",3
"GO:0048812","GO:0048812","neuron projection morphogenesis","9/62","342/5248",0.0263157894736842,2.22750424448217,2.56689086389398,0.0179779000085215,0.122133733606278,0.100969258451934,"c101113-g1/c103611-g2/c103219-g2/c102902-g1/c104424-g3/c105908-g1/c12761-g1/c78092-g1/c102138-g1",9
"GO:0071496","GO:0071496","cellular response to external stimulus","6/62","179/5248",0.0335195530726257,2.83726797621193,2.7344689468628,0.0182983627483244,0.123348511292195,0.101973528103809,"c101822-g1/c104424-g3/c28978-g1/c80891-g1/c101864-g1/c78921-g1",6
"GO:0009725","GO:0009725","response to hormone","10/62","403/5248",0.0248138957816377,2.10037621067798,2.51351768760347,0.0185319260528742,0.123348511292195,0.101973528103809,"c101822-g1/c102902-g1/c104424-g3/c104424-g4/c105908-g1/c12761-g1/c78092-g1/c101482-g1/c101864-g1/c78921-g1",10
"GO:0090313","GO:0090313","regulation of protein targeting to membrane","2/62","18/5248",0.111111111111111,9.40501792114695,3.90534290335202,0.0186060209369661,0.123348511292195,0.101973528103809,"c101822-g1/c40816-g1",2
"GO:1903959","GO:1903959","regulation of monoatomic anion transmembrane transport","2/62","18/5248",0.111111111111111,9.40501792114695,3.90534290335202,0.0186060209369661,0.123348511292195,0.101973528103809,"c101822-g1/c102902-g1",2
"GO:0120039","GO:0120039","plasma membrane bounded cell projection morphogenesis","9/62","344/5248",0.0261627906976744,2.2145536384096,2.54774413500353,0.0186096597612595,0.123348511292195,0.101973528103809,"c101113-g1/c103611-g2/c103219-g2/c102902-g1/c104424-g3/c105908-g1/c12761-g1/c78092-g1/c102138-g1",9
"GO:0022409","GO:0022409","positive regulation of cell-cell adhesion","3/62","48/5248",0.0625,5.29032258064516,3.26470552821797,0.0186252737848613,0.123348511292195,0.101973528103809,"c101822-g1/c104424-g3/c98407-g1",3
"GO:0043271","GO:0043271","negative regulation of monoatomic ion transport","3/62","48/5248",0.0625,5.29032258064516,3.26470552821797,0.0186252737848613,0.123348511292195,0.101973528103809,"c101822-g1/c102902-g1/c104424-g4",3
"GO:0046824","GO:0046824","positive regulation of nucleocytoplasmic transport","3/62","48/5248",0.0625,5.29032258064516,3.26470552821797,0.0186252737848613,0.123348511292195,0.101973528103809,"c98789-g1/c104424-g3/c89492-g1",3
"GO:0048858","GO:0048858","cell projection morphogenesis","9/62","345/5248",0.0260869565217391,2.20813464235624,2.53821881528552,0.0189316025332478,0.124984184749279,0.103325756772783,"c101113-g1/c103611-g2/c103219-g2/c102902-g1/c104424-g3/c105908-g1/c12761-g1/c78092-g1/c102138-g1",9
"GO:0007155","GO:0007155","cell adhesion","6/62","181/5248",0.0331491712707182,2.80591694885047,2.70331547098134,0.0192257845241406,0.1265296943995,0.104603446062265,"c103611-g2/c103219-g2/c105908-g1/c12761-g1/c78092-g1/c105479-g1",6
"GO:0016301","GO:0016301","kinase activity","9/62","347/5248",0.0259365994236311,2.19540764153574,2.51926315176714,0.0195877559043582,0.128510323783733,0.106240853470433,"c101822-g1/c102902-g1/c102958-g1/c104424-g3/c104424-g4/c102000-g1/c98750-g1/c98854-g1/c98854-g3",9
"GO:0051092","GO:0051092","positive regulation of NF-kappaB transcription factor activity","3/62","49/5248",0.0612244897959184,5.18235681369322,3.2158392636226,0.019675954881205,0.128688077577073,0.106387804424691,"c102902-g1/c104424-g3/c104424-g4",3
"GO:0090087","GO:0090087","regulation of peptide transport","8/62","290/5248",0.0275862068965517,2.33503893214683,2.55725943176428,0.0197865602661038,0.129010823283017,0.106654621737447,"c103280-g1/c98789-g1/c101822-g1/c102902-g1/c104424-g3/c104424-g4/c89492-g1/c40816-g1",8
"GO:0016477","GO:0016477","cell migration","9/62","348/5248",0.0258620689655172,2.18909899888765,2.50983236913404,0.0199220230397827,0.129493149758587,0.107053366172191,"c103611-g2/c101822-g1/c102902-g1/c104424-g3/c102138-g1/c105479-g1/c110137-g1/c40816-g1/c98000-g2",9
"GO:0030016","GO:0030016","myofibril","4/62","89/5248",0.0449438202247191,3.80427691192461,2.91721378019855,0.0204257178627189,0.132358651750419,0.10942230719008,"c102000-g1/c98750-g1/c98854-g1/c98854-g3",4
"GO:0045943","GO:0045943","positive regulation of transcription by RNA polymerase I","2/62","19/5248",0.105263157894737,8.91001697792869,3.77641762485769,0.0206385204393685,0.132882294462326,0.109855208197475,"c101864-g1/c78921-g1",2
"GO:0042306","GO:0042306","regulation of protein import into nucleus","3/62","50/5248",0.06,5.07870967741936,3.16828892001114,0.0207589149468686,0.132882294462326,0.109855208197475,"c98789-g1/c104424-g3/c89492-g1",3
"GO:1901655","GO:1901655","cellular response to ketone","3/62","50/5248",0.06,5.07870967741936,3.16828892001114,0.0207589149468686,0.132882294462326,0.109855208197475,"c101822-g1/c104424-g4/c40816-g1",3
"GO:1903036","GO:1903036","positive regulation of response to wounding","3/62","50/5248",0.06,5.07870967741936,3.16828892001114,0.0207589149468686,0.132882294462326,0.109855208197475,"c101822-g1/c104424-g3/c104424-g4",3
"GO:0045926","GO:0045926","negative regulation of growth","5/62","135/5248",0.037037037037037,3.13500597371565,2.74766133895381,0.0209602275532494,0.133764361294373,0.110584422242662,"c101822-g1/c102000-g1/c98750-g1/c98854-g1/c98854-g3",5
"GO:0043409","GO:0043409","negative regulation of MAPK cascade","4/62","90/5248",0.0444444444444444,3.76200716845878,2.88961849174011,0.0211907317282425,0.134017060119155,0.110793331052673,"c98789-g1/c101822-g1/c102902-g1/c104424-g3",4
"GO:0043903","GO:0043903","regulation of biological process involved in symbiotic interaction","4/62","90/5248",0.0444444444444444,3.76200716845878,2.88961849174011,0.0211907317282425,0.134017060119155,0.110793331052673,"c102000-g1/c98750-g1/c98854-g1/c98854-g3",4
"GO:0051091","GO:0051091","positive regulation of DNA-binding transcription factor activity","4/62","90/5248",0.0444444444444444,3.76200716845878,2.88961849174011,0.0211907317282425,0.134017060119155,0.110793331052673,"c101822-g1/c102902-g1/c104424-g3/c104424-g4",4
"GO:0001745","GO:0001745","compound eye morphogenesis","5/62","136/5248",0.0367647058823529,3.11195445920304,2.72830991542619,0.0215667934020025,0.13598702666053,0.112421923375077,"c103611-g2/c102958-g1/c105908-g1/c12761-g1/c78092-g1",5
"GO:0031397","GO:0031397","negative regulation of protein ubiquitination","3/62","51/5248",0.0588235294117647,4.97912713472486,3.12199113491206,0.0218741940160309,0.136697485453297,0.113009267226348,"c101822-g1/c102902-g1/c104424-g4",3
"GO:0050921","GO:0050921","positive regulation of chemotaxis","3/62","51/5248",0.0588235294117647,4.97912713472486,3.12199113491206,0.0218741940160309,0.136697485453297,0.113009267226348,"c101822-g1/c102902-g1/c104424-g4",3
"GO:1900076","GO:1900076","regulation of cellular response to insulin stimulus","3/62","51/5248",0.0588235294117647,4.97912713472486,3.12199113491206,0.0218741940160309,0.136697485453297,0.113009267226348,"c101822-g1/c102902-g1/c104424-g3",3
"GO:0001938","GO:0001938","positive regulation of endothelial cell proliferation","2/62","20/5248",0.1,8.46451612903226,3.65665502158021,0.0227593190691304,0.140973899881143,0.116544624583101,"c101822-g1/c102902-g1",2
"GO:0010592","GO:0010592","positive regulation of lamellipodium assembly","2/62","20/5248",0.1,8.46451612903226,3.65665502158021,0.0227593190691304,0.140973899881143,0.116544624583101,"c102958-g1/c40816-g1",2
"GO:0050854","GO:0050854","regulation of antigen receptor-mediated signaling pathway","2/62","20/5248",0.1,8.46451612903226,3.65665502158021,0.0227593190691304,0.140973899881143,0.116544624583101,"c102902-g1/c104424-g4",2
"GO:1904589","GO:1904589","regulation of protein import","3/62","52/5248",0.0576923076923077,4.8833746898263,3.07688678817472,0.023021816454114,0.142181658218076,0.117543091264407,"c98789-g1/c104424-g3/c89492-g1",3
"GO:0042327","GO:0042327","positive regulation of phosphorylation","9/62","357/5248",0.0252100840336134,2.1339116291678,2.42632853966588,0.0231211688213224,0.142377723794459,0.11770518076475,"c98789-g1/c101822-g1/c102902-g1/c104424-g3/c104424-g4/c102000-g1/c98750-g1/c98854-g1/c98854-g3",9
"GO:0007268","GO:0007268","chemical synaptic transmission","6/62","190/5248",0.0315789473684211,2.67300509337861,2.56814636582214,0.0238004149671372,0.145286011364612,0.120109493075957,"c102537-g1/c87684-g1/c95002-g1/c101822-g1/c102902-g1/c104424-g4",6
"GO:0071363","GO:0071363","cellular response to growth factor stimulus","6/62","190/5248",0.0315789473684211,2.67300509337861,2.56814636582214,0.0238004149671372,0.145286011364612,0.120109493075957,"c101822-g1/c104424-g4/c95060-g1/c101864-g1/c78921-g1/c40816-g1",6
"GO:0098916","GO:0098916","anterograde trans-synaptic signaling","6/62","190/5248",0.0315789473684211,2.67300509337861,2.56814636582214,0.0238004149671372,0.145286011364612,0.120109493075957,"c102537-g1/c87684-g1/c95002-g1/c101822-g1/c102902-g1/c104424-g4",6
"GO:0032388","GO:0032388","positive regulation of intracellular transport","5/62","140/5248",0.0357142857142857,3.02304147465438,2.65264101614893,0.0241079140622571,0.146737765939634,0.121309674046161,"c98789-g1/c101822-g1/c104424-g3/c89492-g1/c40816-g1",5
"GO:0046943","GO:0046943","carboxylic acid transmembrane transporter activity","3/62","53/5248",0.0566037735849057,4.79123554473524,3.03292064209709,0.0242017914200512,0.146884647638697,0.121431102711253,"c103499-g1/c5014-g2/c94480-g1",3
"GO:0031514","GO:0031514","motile cilium","4/62","94/5248",0.0425531914893617,3.601921757035,2.78305041066887,0.0244265176984493,0.147822546761305,0.122206473905732,"c102000-g1/c98750-g1/c98854-g1/c98854-g3",4
"GO:0035206","GO:0035206","regulation of hemocyte proliferation","2/62","21/5248",0.0952380952380952,8.06144393241167,3.54496566483983,0.0249661179493723,0.150224698289652,0.124192358160186,"c101822-g1/c102902-g1",2
"GO:1902074","GO:1902074","response to salt","2/62","21/5248",0.0952380952380952,8.06144393241167,3.54496566483983,0.0249661179493723,0.150224698289652,0.124192358160186,"c101822-g1/c104424-g4",2
"GO:0099003","GO:0099003","vesicle-mediated transport in synapse","4/62","95/5248",0.0421052631578947,3.56400679117148,2.75731271289309,0.0252798351252962,0.151560073196675,0.125296326819263,"c102537-g1/c87684-g1/c95002-g1/c104424-g4",4
"GO:0018107","GO:0018107","peptidyl-threonine phosphorylation","3/62","54/5248",0.0555555555555556,4.70250896057348,2.99004101824672,0.0254141133190409,0.151560073196675,0.125296326819263,"c101822-g1/c102902-g1/c104424-g3",3
"GO:1903037","GO:1903037","regulation of leukocyte cell-cell adhesion","3/62","54/5248",0.0555555555555556,4.70250896057348,2.99004101824672,0.0254141133190409,0.151560073196675,0.125296326819263,"c101822-g1/c104424-g3/c98407-g1",3
"GO:0099537","GO:0099537","trans-synaptic signaling","6/62","193/5248",0.0310880829015544,2.63145579140899,2.52480885741101,0.025475909739612,0.151560073196675,0.125296326819263,"c102537-g1/c87684-g1/c95002-g1/c101822-g1/c102902-g1/c104424-g4",6
"GO:0070201","GO:0070201","regulation of establishment of protein localization","8/62","305/5248",0.0262295081967213,2.22020095187731,2.40060714585852,0.0259113668021091,0.153716446437301,0.127079023545407,"c103280-g1/c98789-g1/c101822-g1/c102902-g1/c104424-g3/c104424-g4/c89492-g1/c40816-g1",8
"GO:1901981","GO:1901981","phosphatidylinositol phosphate binding","4/62","96/5248",0.0416666666666667,3.52688172043011,2.73191840304677,0.0261510603455765,0.154702621033101,0.127894304587769,"c102537-g1/c87684-g1/c95002-g1/c101822-g1",4
"GO:0099536","GO:0099536","synaptic signaling","6/62","195/5248",0.0307692307692308,2.60446650124069,2.49636699086878,0.0266359820517614,0.155521754265843,0.128571490756088,"c102537-g1/c87684-g1/c95002-g1/c101822-g1/c102902-g1/c104424-g4",6
"GO:0008038","GO:0008038","neuron recognition","3/62","55/5248",0.0545454545454545,4.61700879765396,2.94819950662911,0.0266587622459494,0.155521754265843,0.128571490756088,"c105908-g1/c12761-g1/c78092-g1",3
"GO:0018210","GO:0018210","peptidyl-threonine modification","3/62","55/5248",0.0545454545454545,4.61700879765396,2.94819950662911,0.0266587622459494,0.155521754265843,0.128571490756088,"c101822-g1/c102902-g1/c104424-g3",3
"GO:0038127","GO:0038127","ERBB signaling pathway","3/62","55/5248",0.0545454545454545,4.61700879765396,2.94819950662911,0.0266587622459494,0.155521754265843,0.128571490756088,"c98789-g1/c101822-g1/c102902-g1",3
"GO:0051251","GO:0051251","positive regulation of lymphocyte activation","3/62","55/5248",0.0545454545454545,4.61700879765396,2.94819950662911,0.0266587622459494,0.155521754265843,0.128571490756088,"c101822-g1/c104424-g3/c98407-g1",3
"GO:1904951","GO:1904951","positive regulation of establishment of protein localization","6/62","196/5248",0.0306122448979592,2.59117840684661,2.48227767816721,0.0272290909415112,0.15598511723418,0.128954557857417,"c98789-g1/c101822-g1/c104424-g3/c104424-g4/c89492-g1/c40816-g1",6
"GO:0002759","GO:0002759","regulation of antimicrobial humoral response","2/62","22/5248",0.0909090909090909,7.6950146627566,3.44043447472352,0.027256658662003,0.15598511723418,0.128954557857417,"c104424-g3/c89492-g1",2
"GO:0002824","GO:0002824","positive regulation of adaptive immune response based on somatic recombination of immune receptors built from immunoglobulin superfamily domains","2/62","22/5248",0.0909090909090909,7.6950146627566,3.44043447472352,0.027256658662003,0.15598511723418,0.128954557857417,"c104424-g3/c98407-g1",2
"GO:0002920","GO:0002920","regulation of humoral immune response","2/62","22/5248",0.0909090909090909,7.6950146627566,3.44043447472352,0.027256658662003,0.15598511723418,0.128954557857417,"c104424-g3/c89492-g1",2
"GO:0010762","GO:0010762","regulation of fibroblast migration","2/62","22/5248",0.0909090909090909,7.6950146627566,3.44043447472352,0.027256658662003,0.15598511723418,0.128954557857417,"c101822-g1/c104424-g4",2
"GO:0031491","GO:0031491","nucleosome binding","2/62","22/5248",0.0909090909090909,7.6950146627566,3.44043447472352,0.027256658662003,0.15598511723418,0.128954557857417,"c91030-g1/c92636-g1",2
"GO:0043535","GO:0043535","regulation of blood vessel endothelial cell migration","2/62","22/5248",0.0909090909090909,7.6950146627566,3.44043447472352,0.027256658662003,0.15598511723418,0.128954557857417,"c101822-g1/c102902-g1",2
"GO:0016331","GO:0016331","morphogenesis of embryonic epithelium","5/62","145/5248",0.0344827586206897,2.91879866518354,2.56174410360388,0.0275479766530465,0.157225037483241,0.129979613134043,"c103219-g2/c102958-g1/c105479-g1/c110137-g1/c40816-g1",5
"GO:0007635","GO:0007635","chemosensory behavior","3/62","56/5248",0.0535714285714286,4.53456221198157,2.90735070344168,0.0279357044195255,0.158219007096137,0.130801338400066,"c101822-g1/c102902-g1/c104424-g4",3
"GO:0043065","GO:0043065","positive regulation of apoptotic process","7/62","252/5248",0.0277777777777778,2.35125448028674,2.4035951726112,0.0279407514744297,0.158219007096137,0.130801338400066,"c101822-g1/c104424-g3/c102000-g1/c98750-g1/c98854-g1/c98854-g3/c103705-g1",7
"GO:0008021","GO:0008021","synaptic vesicle","4/62","98/5248",0.0408163265306122,3.45490454246215,2.68212585995092,0.0279475169229644,0.158219007096137,0.130801338400066,"c98789-g1/c102537-g1/c87684-g1/c95002-g1",4
"GO:0015711","GO:0015711","organic anion transport","5/62","146/5248",0.0342465753424658,2.8988068935042,2.5440293718795,0.0282717934842195,0.159625729431009,0.131964290737686,"c87684-g1/c104424-g3/c103499-g1/c5014-g2/c94480-g1",5
"GO:0071375","GO:0071375","cellular response to peptide hormone stimulus","5/62","147/5248",0.0340136054421769,2.87908711871846,2.52646357762456,0.0290076851855368,0.163342740643691,0.135037183498108,"c101822-g1/c104424-g3/c101482-g1/c101864-g1/c78921-g1",5
"GO:1903321","GO:1903321","negative regulation of protein modification by small protein conjugation or removal","3/62","57/5248",0.0526315789473684,4.45500848896435,2.86745197414719,0.0292448926075857,0.164239316884201,0.135778392625815,"c101822-g1/c102902-g1/c104424-g4",3
"GO:0008289","GO:0008289","lipid binding","7/62","255/5248",0.0274509803921569,2.3235926628716,2.36907483127365,0.0295601095920529,0.164638759564383,0.136108616144095,"c102537-g1/c87684-g1/c95002-g1/c103330-g1/c101822-g1/c28978-g1/c80891-g1",7
"GO:0007294","GO:0007294","germarium-derived oocyte fate determination","2/62","23/5248",0.0869565217391304,7.36044880785414,3.34228633085106,0.0296287226376549,0.164638759564383,0.136108616144095,"c102958-g1/c102138-g1",2
"GO:0051261","GO:0051261","protein depolymerization","2/62","23/5248",0.0869565217391304,7.36044880785414,3.34228633085106,0.0296287226376549,0.164638759564383,0.136108616144095,"c104992-g1/c88159-g1",2
"GO:1902745","GO:1902745","positive regulation of lamellipodium organization","2/62","23/5248",0.0869565217391304,7.36044880785414,3.34228633085106,0.0296287226376549,0.164638759564383,0.136108616144095,"c102958-g1/c40816-g1",2
"GO:0043292","GO:0043292","contractile muscle fiber","4/62","100/5248",0.04,3.3858064516129,2.63360755972225,0.0298164082759523,0.16524567323462,0.136610358139682,"c102000-g1/c98750-g1/c98854-g1/c98854-g3",4
"GO:0043434","GO:0043434","response to peptide hormone","6/62","201/5248",0.0298507462686567,2.52672123254694,2.41310512751935,0.0303272694635472,0.167635772940237,0.138586279023918,"c101822-g1/c102902-g1/c104424-g3/c101482-g1/c101864-g1/c78921-g1",6
"GO:0000149","GO:0000149","SNARE binding","3/62","58/5248",0.0517241379310345,4.37819799777531,2.82846323902455,0.0305862665433281,0.168184536136421,0.139039947403229,"c102537-g1/c87684-g1/c95002-g1",3
"GO:0045834","GO:0045834","positive regulation of lipid metabolic process","3/62","58/5248",0.0517241379310345,4.37819799777531,2.82846323902455,0.0305862665433281,0.168184536136421,0.139039947403229,"c101822-g1/c104424-g3/c104424-g4",3
"GO:0097237","GO:0097237","cellular response to toxic substance","4/62","101/5248",0.0396039603960396,3.35228361545832,2.60980709197193,0.0307781603456536,0.168798973145694,0.139547909023331,"c104424-g3/c104424-g4/c101482-g1/c40816-g1",4
"GO:0051650","GO:0051650","establishment of vesicle localization","5/62","150/5248",0.0333333333333333,2.82150537634409,2.47463580317678,0.0312883648053802,0.17115141890943,0.141492700992751,"c102537-g1/c87684-g1/c95002-g1/c104424-g4/c102138-g1",5
"GO:0040017","GO:0040017","positive regulation of locomotion","6/62","203/5248",0.0295566502463054,2.50182742730017,2.38601179220432,0.0316292860225133,0.171473997326883,0.14175938000633,"c102537-g1/c95002-g1/c101822-g1/c102902-g1/c104424-g4/c40816-g1",6
"GO:0031345","GO:0031345","negative regulation of cell projection organization","4/62","102/5248",0.0392156862745098,3.31941808981657,2.58630271431782,0.0317581843432939,0.171473997326883,0.14175938000633,"c102723-g1/c104424-g3/c28978-g1/c80891-g1",4
"GO:0002821","GO:0002821","positive regulation of adaptive immune response","2/62","24/5248",0.0833333333333333,7.05376344086022,3.24985963441722,0.0320801305540322,0.171473997326883,0.14175938000633,"c104424-g3/c98407-g1",2
"GO:0005310","GO:0005310","dicarboxylic acid transmembrane transporter activity","2/62","24/5248",0.0833333333333333,7.05376344086022,3.24985963441722,0.0320801305540322,0.171473997326883,0.14175938000633,"c103499-g1/c5014-g2",2
"GO:0033293","GO:0033293","monocarboxylic acid binding","2/62","24/5248",0.0833333333333333,7.05376344086022,3.24985963441722,0.0320801305540322,0.171473997326883,0.14175938000633,"c28978-g1/c80891-g1",2
"GO:0045176","GO:0045176","apical protein localization","2/62","24/5248",0.0833333333333333,7.05376344086022,3.24985963441722,0.0320801305540322,0.171473997326883,0.14175938000633,"c102958-g1/c95060-g1",2
"GO:0046627","GO:0046627","negative regulation of insulin receptor signaling pathway","2/62","24/5248",0.0833333333333333,7.05376344086022,3.24985963441722,0.0320801305540322,0.171473997326883,0.14175938000633,"c102902-g1/c104424-g3",2
"GO:0050832","GO:0050832","defense response to fungus","2/62","24/5248",0.0833333333333333,7.05376344086022,3.24985963441722,0.0320801305540322,0.171473997326883,0.14175938000633,"c102958-g1/c104424-g3",2
"GO:0071398","GO:0071398","cellular response to fatty acid","2/62","24/5248",0.0833333333333333,7.05376344086022,3.24985963441722,0.0320801305540322,0.171473997326883,0.14175938000633,"c101822-g1/c104424-g4",2
"GO:0038023","GO:0038023","signaling receptor activity","4/62","103/5248",0.0388349514563107,3.28719072972127,2.56308745828169,0.0327565255756707,0.174646184461677,0.144381860898493,"c101113-g1/c103210-g1/c103611-g2/c98789-g1",4
"GO:0070848","GO:0070848","response to growth factor","6/62","205/5248",0.0292682926829268,2.47741935483871,2.35923580812324,0.0329676762599795,0.175328096473527,0.144945604821919,"c101822-g1/c104424-g4/c95060-g1/c101864-g1/c78921-g1/c40816-g1",6
"GO:0048667","GO:0048667","cell morphogenesis involved in neuron differentiation","8/62","320/5248",0.025,2.11612903225806,2.2526263770955,0.033268887074522,0.176484322868875,0.145901469498235,"c101113-g1/c103611-g2/c102902-g1/c104424-g3/c105908-g1/c12761-g1/c78092-g1/c102138-g1",8
"GO:0042542","GO:0042542","response to hydrogen peroxide","3/62","60/5248",0.05,4.23225806451613,2.75306705760505,0.0333652678545636,0.176550889702791,0.145956501008855,"c104424-g3/c101482-g1/c40816-g1",3
"GO:1903530","GO:1903530","regulation of secretion by cell","7/62","262/5248",0.0267175572519084,2.26151194287121,2.29034547219508,0.0335854790412684,0.177270723962184,0.146551595658246,"c102537-g1/c87684-g1/c95002-g1/c101822-g1/c102902-g1/c104424-g3/c104424-g4",7
"GO:0006356","GO:0006356","regulation of transcription by RNA polymerase I","2/62","25/5248",0.08,6.77161290322581,3.16258573514059,0.0346087417425612,0.180858585880481,0.149517719321395,"c101864-g1/c78921-g1",2
"GO:0019229","GO:0019229","regulation of vasoconstriction","2/62","25/5248",0.08,6.77161290322581,3.16258573514059,0.0346087417425612,0.180858585880481,0.149517719321395,"c101822-g1/c104424-g3",2
"GO:0030706","GO:0030706","germarium-derived oocyte differentiation","2/62","25/5248",0.08,6.77161290322581,3.16258573514059,0.0346087417425612,0.180858585880481,0.149517719321395,"c102958-g1/c102138-g1",2
"GO:1900077","GO:1900077","negative regulation of cellular response to insulin stimulus","2/62","25/5248",0.08,6.77161290322581,3.16258573514059,0.0346087417425612,0.180858585880481,0.149517719321395,"c102902-g1/c104424-g3",2
"GO:0006914","GO:0006914","autophagy","5/62","155/5248",0.032258064516129,2.73048907388137,2.39101881265416,0.0353359039746538,0.1837467006682,0.151905354578499,"c102000-g1/c96969-g1/c98750-g1/c98854-g1/c98854-g3",5
"GO:0061919","GO:0061919","process utilizing autophagic mechanism","5/62","155/5248",0.032258064516129,2.73048907388137,2.39101881265416,0.0353359039746538,0.1837467006682,0.151905354578499,"c102000-g1/c96969-g1/c98750-g1/c98854-g1/c98854-g3",5
"GO:0007424","GO:0007424","open tracheal system development","4/62","106/5248",0.0377358490566038,3.19415702982349,2.49511014904169,0.0358618411850194,0.185565202790297,0.153408729652197,"c101113-g1/c103219-g2/c101822-g1/c102958-g1",4
"GO:0060089","GO:0060089","molecular transducer activity","4/62","106/5248",0.0377358490566038,3.19415702982349,2.49511014904169,0.0358618411850194,0.185565202790297,0.153408729652197,"c101113-g1/c103210-g1/c103611-g2/c98789-g1",4
"GO:0051648","GO:0051648","vesicle localization","5/62","156/5248",0.032051282051282,2.71298593879239,2.37469053010684,0.0361827902015405,0.186767049422657,0.154402309064365,"c102537-g1/c87684-g1/c95002-g1/c104424-g4/c102138-g1",5
"GO:0010562","GO:0010562","positive regulation of phosphorus metabolic process","9/62","388/5248",0.0231958762886598,1.96341868972398,2.15599582688285,0.0369931012268937,0.187486668154106,0.154997225534509,"c98789-g1/c101822-g1/c102902-g1/c104424-g3/c104424-g4/c102000-g1/c98750-g1/c98854-g1/c98854-g3",9
"GO:0045937","GO:0045937","positive regulation of phosphate metabolic process","9/62","388/5248",0.0231958762886598,1.96341868972398,2.15599582688285,0.0369931012268937,0.187486668154106,0.154997225534509,"c98789-g1/c101822-g1/c102902-g1/c104424-g3/c104424-g4/c102000-g1/c98750-g1/c98854-g1/c98854-g3",9
"GO:0004712","GO:0004712","protein serine/threonine/tyrosine kinase activity","2/62","26/5248",0.0769230769230769,6.51116625310174,3.07997274415359,0.0372124536032366,0.187486668154106,0.154997225534509,"c101822-g1/c102902-g1",2
"GO:0006334","GO:0006334","nucleosome assembly","2/62","26/5248",0.0769230769230769,6.51116625310174,3.07997274415359,0.0372124536032366,0.187486668154106,0.154997225534509,"c91030-g1/c92636-g1",2
"GO:0030716","GO:0030716","oocyte fate determination","2/62","26/5248",0.0769230769230769,6.51116625310174,3.07997274415359,0.0372124536032366,0.187486668154106,0.154997225534509,"c102958-g1/c102138-g1",2
"GO:0032410","GO:0032410","negative regulation of transporter activity","2/62","26/5248",0.0769230769230769,6.51116625310174,3.07997274415359,0.0372124536032366,0.187486668154106,0.154997225534509,"c102902-g1/c104424-g4",2
"GO:0032413","GO:0032413","negative regulation of ion transmembrane transporter activity","2/62","26/5248",0.0769230769230769,6.51116625310174,3.07997274415359,0.0372124536032366,0.187486668154106,0.154997225534509,"c102902-g1/c104424-g4",2
"GO:0046326","GO:0046326","positive regulation of D-glucose import","2/62","26/5248",0.0769230769230769,6.51116625310174,3.07997274415359,0.0372124536032366,0.187486668154106,0.154997225534509,"c101822-g1/c104424-g3",2
"GO:0048680","GO:0048680","positive regulation of axon regeneration","2/62","26/5248",0.0769230769230769,6.51116625310174,3.07997274415359,0.0372124536032366,0.187486668154106,0.154997225534509,"c101822-g1/c104424-g3",2
"GO:0070572","GO:0070572","positive regulation of neuron projection regeneration","2/62","26/5248",0.0769230769230769,6.51116625310174,3.07997274415359,0.0372124536032366,0.187486668154106,0.154997225534509,"c101822-g1/c104424-g3",2
"GO:0002696","GO:0002696","positive regulation of leukocyte activation","3/62","63/5248",0.0476190476190476,4.03072196620584,2.64592245296701,0.0377729513187411,0.189404370183973,0.156582610228566,"c101822-g1/c104424-g3/c98407-g1",3
"GO:0002699","GO:0002699","positive regulation of immune effector process","3/62","63/5248",0.0476190476190476,4.03072196620584,2.64592245296701,0.0377729513187411,0.189404370183973,0.156582610228566,"c104424-g3/c98407-g1/c89492-g1",3
"GO:0001700","GO:0001700","embryonic development via the syncytial blastoderm","4/62","108/5248",0.037037037037037,3.13500597371565,2.45111977294845,0.0380242756271097,0.189760958461358,0.156877405555599,"c103219-g2/c105908-g1/c12761-g1/c78092-g1",4
"GO:0005509","GO:0005509","calcium ion binding","4/62","108/5248",0.037037037037037,3.13500597371565,2.45111977294845,0.0380242756271097,0.189760958461358,0.156877405555599,"c102537-g1/c87684-g1/c95002-g1/c78536-g1",4
"GO:0017157","GO:0017157","regulation of exocytosis","4/62","109/5248",0.036697247706422,3.10624445102101,2.42950521044786,0.0391332322671085,0.194833539372412,0.161070962224207,"c102537-g1/c87684-g1/c95002-g1/c102902-g1",4
"GO:0031267","GO:0031267","small GTPase binding","6/62","214/5248",0.0280373831775701,2.373228821224,2.24247862184727,0.0394489565448737,0.195364319451242,0.161509763768858,"c102537-g1/c95002-g1/c104424-g4/c28978-g1/c80891-g1/c89492-g1",6
"GO:0030141","GO:0030141","secretory granule","8/62","331/5248",0.0241691842900302,2.04580450248514,2.14906484856568,0.0395059277721844,0.195364319451242,0.161509763768858,"c102537-g1/c87684-g1/c95002-g1/c101822-g1/c104424-g3/c98407-g1/c95060-g1/c40816-g1",8
"GO:0010595","GO:0010595","positive regulation of endothelial cell migration","2/62","27/5248",0.0740740740740741,6.2700119474313,3.00159266829834,0.0398892010275566,0.195364319451242,0.161509763768858,"c101822-g1/c102902-g1",2
"GO:0014910","GO:0014910","regulation of smooth muscle cell migration","2/62","27/5248",0.0740740740740741,6.2700119474313,3.00159266829834,0.0398892010275566,0.195364319451242,0.161509763768858,"c101482-g1/c40816-g1",2
"GO:0015081","GO:0015081","sodium ion transmembrane transporter activity","2/62","27/5248",0.0740740740740741,6.2700119474313,3.00159266829834,0.0398892010275566,0.195364319451242,0.161509763768858,"c103499-g1/c5014-g2",2
"GO:0035725","GO:0035725","sodium ion transmembrane transport","2/62","27/5248",0.0740740740740741,6.2700119474313,3.00159266829834,0.0398892010275566,0.195364319451242,0.161509763768858,"c103499-g1/c5014-g2",2
"GO:0050771","GO:0050771","negative regulation of axonogenesis","2/62","27/5248",0.0740740740740741,6.2700119474313,3.00159266829834,0.0398892010275566,0.195364319451242,0.161509763768858,"c28978-g1/c80891-g1",2
"GO:0023061","GO:0023061","signal release","4/62","110/5248",0.0363636363636364,3.07800586510264,2.40813695426911,0.0402607042937744,0.196726318428512,0.162635742830389,"c102537-g1/c87684-g1/c95002-g1/c104424-g4",4
"GO:0099503","GO:0099503","secretory vesicle","9/62","396/5248",0.0227272727272727,1.92375366568915,2.09015499487442,0.0413518640312062,0.201391495269816,0.166492494215163,"c98789-g1/c102537-g1/c87684-g1/c95002-g1/c101822-g1/c104424-g3/c98407-g1/c95060-g1/c40816-g1",9
"GO:0006839","GO:0006839","mitochondrial transport","4/62","111/5248",0.036036036036036,3.05027608253415,2.38700963841961,0.0414067034434143,0.201391495269816,0.166492494215163,"c103499-g1/c5014-g2/c93435-g1/c94480-g1",4
"GO:0043068","GO:0043068","positive regulation of programmed cell death","7/62","275/5248",0.0254545454545455,2.15460410557185,2.1504301249997,0.0420109444157691,0.203859559768686,0.168532869424405,"c101822-g1/c104424-g3/c102000-g1/c98750-g1/c98854-g1/c98854-g3/c103705-g1",7
"GO:0010828","GO:0010828","positive regulation of D-glucose transmembrane transport","2/62","28/5248",0.0714285714285714,6.04608294930876,2.92707108881347,0.0426369558294418,0.205948231598175,0.170259596672855,"c101822-g1/c104424-g3",2
"GO:0035023","GO:0035023","regulation of Rho protein signal transduction","2/62","28/5248",0.0714285714285714,6.04608294930876,2.92707108881347,0.0426369558294418,0.205948231598175,0.170259596672855,"c28978-g1/c80891-g1",2
"GO:0098656","GO:0098656","monoatomic anion transmembrane transport","4/62","113/5248",0.0353982300884956,2.99628889523266,2.34545718378424,0.0437543099585703,0.210380312266551,0.173923644968698,"c104424-g3/c103499-g1/c5014-g2/c94480-g1",4
"GO:1901654","GO:1901654","response to ketone","4/62","113/5248",0.0353982300884956,2.99628889523266,2.34545718378424,0.0437543099585703,0.210380312266551,0.173923644968698,"c101822-g1/c102902-g1/c104424-g4/c40816-g1",4
"GO:0050867","GO:0050867","positive regulation of cell activation","3/62","67/5248",0.0447761194029851,3.79008184882041,2.51294318407694,0.0440911045822488,0.211036059659582,0.174465758323061,"c101822-g1/c104424-g3/c98407-g1",3
"GO:0097060","GO:0097060","synaptic membrane","3/62","67/5248",0.0447761194029851,3.79008184882041,2.51294318407694,0.0440911045822488,0.211036059659582,0.174465758323061,"c98789-g1/c87684-g1/c102902-g1",3
"GO:0097305","GO:0097305","response to alcohol","5/62","165/5248",0.0303030303030303,2.56500488758553,2.23322631201767,0.0443740089165184,0.211908532376843,0.175187040811365,"c101822-g1/c102902-g1/c104424-g3/c104424-g4/c40816-g1",5
"GO:0051879","GO:0051879","Hsp90 protein binding","2/62","29/5248",0.0689655172413793,5.83759733036707,2.85607880994206,0.045453726184035,0.216573636523932,0.179043732099057,"c28978-g1/c80891-g1",2
"GO:0050863","GO:0050863","regulation of T cell activation","3/62","68/5248",0.0441176470588235,3.73434535104364,2.48129307061272,0.045748434363944,0.217485785034912,0.179797814988626,"c101822-g1/c104424-g3/c98407-g1",3
"GO:0051259","GO:0051259","protein complex oligomerization","6/62","222/5248",0.027027027027027,2.28770706190061,2.14347016600379,0.0458547150476844,0.217500067320773,0.179809622306472,"c87684-g1/c102000-g1/c96969-g1/c98750-g1/c98854-g1/c98854-g3",6
"GO:0051046","GO:0051046","regulation of secretion","7/62","282/5248",0.024822695035461,2.10112102493709,2.07821929358916,0.047077376003219,0.222797649129841,0.184189189614014,"c102537-g1/c87684-g1/c95002-g1/c101822-g1/c102902-g1/c104424-g3/c104424-g4",7
"GO:0001936","GO:0001936","regulation of endothelial cell proliferation","2/62","30/5248",0.0666666666666667,5.64301075268817,2.78832504769077,0.0483375560742785,0.226767892083757,0.187471431752154,"c101822-g1/c102902-g1",2
"GO:0006820","GO:0006820","monoatomic anion transport","5/62","169/5248",0.029585798816568,2.50429471273144,2.1733130889417,0.0483470007339065,0.226767892083757,0.187471431752154,"c87684-g1/c104424-g3/c103499-g1/c5014-g2/c94480-g1",5
"GO:0031625","GO:0031625","ubiquitin protein ligase binding","5/62","169/5248",0.029585798816568,2.50429471273144,2.1733130889417,0.0483470007339065,0.226767892083757,0.187471431752154,"c102000-g1/c98750-g1/c98854-g1/c98854-g3/c103705-g1",5
"GO:1901653","GO:1901653","cellular response to peptide","5/62","169/5248",0.029585798816568,2.50429471273144,2.1733130889417,0.0483470007339065,0.226767892083757,0.187471431752154,"c101822-g1/c104424-g3/c101482-g1/c101864-g1/c78921-g1",5
"GO:0048870","GO:0048870","cell motility","9/62","408/5248",0.0220588235294118,1.86717267552182,1.99410538464095,0.0485329963363671,0.227134422854198,0.187774446644096,"c103611-g2/c101822-g1/c102902-g1/c104424-g3/c102138-g1/c105479-g1/c110137-g1/c40816-g1/c98000-g2",9
"GO:0070382","GO:0070382","exocytic vesicle","4/62","117/5248",0.0341880341880342,2.89385166804522,2.26502502666794,0.048671922851772,0.227279533316701,0.187894411009058,"c98789-g1/c102537-g1/c87684-g1/c95002-g1",4
"GO:0048749","GO:0048749","compound eye development","5/62","170/5248",0.0294117647058824,2.48956356736243,2.15860050628102,0.049372476202212,0.230040785136855,0.190177167299624,"c103611-g2/c102958-g1/c105908-g1/c12761-g1/c78092-g1",5
"GO:0016197","GO:0016197","endosomal transport","5/62","171/5248",0.0292397660818713,2.4750047160913,2.14399122252995,0.0504108737017986,0.234035039252275,0.193479259720729,"c102000-g1/c98750-g1/c98854-g1/c98854-g3/c95060-g1",5
"GO:0051674","GO:0051674","localization of cell","9/62","411/5248",0.0218978102189781,1.85354367789028,1.97057848948624,0.0504519980154477,0.234035039252275,0.193479259720729,"c103611-g2/c101822-g1/c102902-g1/c104424-g3/c102138-g1/c105479-g1/c110137-g1/c40816-g1/c98000-g2",9
"GO:0003013","GO:0003013","circulatory system process","4/62","119/5248",0.0336134453781513,2.84521550555706,2.22607271832074,0.0512417714289967,0.235314642948416,0.194537121725736,"c103219-g2/c101822-g1/c104424-g3/c101482-g1",4
"GO:0032869","GO:0032869","cellular response to insulin stimulus","4/62","119/5248",0.0336134453781513,2.84521550555706,2.22607271832074,0.0512417714289967,0.235314642948416,0.194537121725736,"c101822-g1/c104424-g3/c101864-g1/c78921-g1",4
"GO:0008154","GO:0008154","actin polymerization or depolymerization","2/62","31/5248",0.0645161290322581,5.46097814776275,2.72355183369332,0.0512865247451675,0.235314642948416,0.194537121725736,"c104992-g1/c88159-g1",2
"GO:0040003","GO:0040003","chitin-based cuticle development","2/62","31/5248",0.0645161290322581,5.46097814776275,2.72355183369332,0.0512865247451675,0.235314642948416,0.194537121725736,"c103219-g2/c101822-g1",2
"GO:0060326","GO:0060326","cell chemotaxis","2/62","31/5248",0.0645161290322581,5.46097814776275,2.72355183369332,0.0512865247451675,0.235314642948416,0.194537121725736,"c102902-g1/c104424-g3",2
"GO:1901652","GO:1901652","response to peptide","6/62","229/5248",0.0262008733624454,2.21777715171151,2.06021282041067,0.0519691532645159,0.237928340815371,0.196697893591554,"c101822-g1/c102902-g1/c104424-g3/c101482-g1/c101864-g1/c78921-g1",6
"GO:0050865","GO:0050865","regulation of cell activation","4/62","120/5248",0.0333333333333333,2.82150537634409,2.20689765318398,0.0525543920322692,0.240085790932666,0.19848148058311,"c101822-g1/c102902-g1/c104424-g3/c98407-g1",4
"GO:0002831","GO:0002831","regulation of response to biotic stimulus","3/62","72/5248",0.0416666666666667,3.52688172043011,2.36041925509885,0.0526835712727058,0.24015498073662,0.198538680530999,"c102902-g1/c104424-g3/c89492-g1",3
"GO:0005938","GO:0005938","cell cortex","6/62","230/5248",0.0260869565217391,2.20813464235624,2.0485616946119,0.0528819190129765,0.240538491233971,0.198855732744033,"c103280-g1/c103330-g1/c101822-g1/c102958-g1/c104992-g1/c88159-g1",6
"GO:0002702","GO:0002702","positive regulation of production of molecular mediator of immune response","2/62","32/5248",0.0625,5.29032258064516,2.66152938583469,0.0542987461655816,0.244344357745117,0.202002083126118,"c104424-g3/c89492-g1",2
"GO:0032587","GO:0032587","ruffle membrane","2/62","32/5248",0.0625,5.29032258064516,2.66152938583469,0.0542987461655816,0.244344357745117,0.202002083126118,"c101822-g1/c40816-g1",2
"GO:0046889","GO:0046889","positive regulation of lipid biosynthetic process","2/62","32/5248",0.0625,5.29032258064516,2.66152938583469,0.0542987461655816,0.244344357745117,0.202002083126118,"c101822-g1/c104424-g3",2
"GO:0048661","GO:0048661","positive regulation of smooth muscle cell proliferation","2/62","32/5248",0.0625,5.29032258064516,2.66152938583469,0.0542987461655816,0.244344357745117,0.202002083126118,"c101822-g1/c102902-g1",2
"GO:2000379","GO:2000379","positive regulation of reactive oxygen species metabolic process","2/62","32/5248",0.0625,5.29032258064516,2.66152938583469,0.0542987461655816,0.244344357745117,0.202002083126118,"c101822-g1/c104424-g3",2
"GO:0007611","GO:0007611","learning or memory","5/62","175/5248",0.0285714285714286,2.4184331797235,2.08655864463966,0.054693903557088,0.245597784416263,0.203038304305743,"c101113-g1/c102902-g1/c102958-g1/c104424-g4/c98000-g2",5
"GO:0140110","GO:0140110","transcription regulator activity","8/62","356/5248",0.0224719101123595,1.90213845596231,1.92748093718488,0.056516537884128,0.253242188902071,0.209358014916792,"c103280-g1/c102902-g1/c102000-g1/c98750-g1/c98854-g1/c98854-g3/c103705-g1/c101482-g1",8
"GO:0005929","GO:0005929","cilium","7/62","294/5248",0.0238095238095238,2.01536098310292,1.95907587087885,0.0566536370341847,0.253317536292979,0.209420305407401,"c101822-g1/c102902-g1/c102000-g1/c98750-g1/c98854-g1/c98854-g3/c98407-g1",7
"GO:0006814","GO:0006814","sodium ion transport","2/62","33/5248",0.0606060606060606,5.13000977517107,2.60205225410136,0.0573723684975933,0.254907611932345,0.210734837874793,"c103499-g1/c5014-g2",2
"GO:0007266","GO:0007266","Rho protein signal transduction","2/62","33/5248",0.0606060606060606,5.13000977517107,2.60205225410136,0.0573723684975933,0.254907611932345,0.210734837874793,"c28978-g1/c80891-g1",2
"GO:0010591","GO:0010591","regulation of lamellipodium assembly","2/62","33/5248",0.0606060606060606,5.13000977517107,2.60205225410136,0.0573723684975933,0.254907611932345,0.210734837874793,"c102958-g1/c40816-g1",2
"GO:0034599","GO:0034599","cellular response to oxidative stress","4/62","124/5248",0.032258064516129,2.73048907388137,2.13211322612812,0.0579888540326038,0.255887080485554,0.211544574960317,"c101822-g1/c104424-g3/c101482-g1/c40816-g1",4
"GO:0043269","GO:0043269","regulation of monoatomic ion transport","5/62","178/5248",0.0280898876404494,2.37767306995288,2.04450092435838,0.058042281910988,0.255887080485554,0.211544574960317,"c87684-g1/c101822-g1/c102902-g1/c104424-g3/c104424-g4",5
"GO:0007297","GO:0007297","follicle cell of egg chamber migration","3/62","75/5248",0.04,3.3858064516129,2.27525313675611,0.0582003378692214,0.255887080485554,0.211544574960317,"c103611-g2/c102138-g1/c98000-g2",3
"GO:0035150","GO:0035150","regulation of tube size","3/62","75/5248",0.04,3.3858064516129,2.27525313675611,0.0582003378692214,0.255887080485554,0.211544574960317,"c103219-g2/c101822-g1/c104424-g3",3
"GO:0097193","GO:0097193","intrinsic apoptotic signaling pathway","3/62","75/5248",0.04,3.3858064516129,2.27525313675611,0.0582003378692214,0.255887080485554,0.211544574960317,"c101822-g1/c102902-g1/c104424-g3",3
"GO:0044389","GO:0044389","ubiquitin-like protein ligase binding","5/62","179/5248",0.0279329608938547,2.36438998017661,2.03066840575755,0.0591843485535934,0.259671329278891,0.214673053744832,"c102000-g1/c98750-g1/c98854-g1/c98854-g3/c103705-g1",5
"GO:0036464","GO:0036464","cytoplasmic ribonucleoprotein granule","4/62","125/5248",0.032,2.70864516129032,2.1138775684608,0.0593932870584385,0.260046283877488,0.214983032705235,"c102000-g1/c98750-g1/c98854-g1/c98854-g3",4
"GO:0019866","GO:0019866","organelle inner membrane","6/62","237/5248",0.0253164556962025,2.14291547570437,1.96861688427154,0.0595484339297095,0.260184651153461,0.21509742240607,"c101392-g1/c78536-g1/c103499-g1/c5014-g2/c93435-g1/c94480-g1",6
"GO:0030658","GO:0030658","transport vesicle membrane","3/62","76/5248",0.0394736842105263,3.34125636672326,2.24782051251292,0.0600981631845611,0.262042922705353,0.216633675290975,"c102537-g1/c87684-g1/c95002-g1",3
"GO:0045913","GO:0045913","positive regulation of carbohydrate metabolic process","2/62","34/5248",0.0588235294117647,4.97912713472486,2.54493609263559,0.0605055735731577,0.263274251952624,0.217651628294917,"c101822-g1/c104424-g4",2
"GO:0050890","GO:0050890","cognition","5/62","181/5248",0.0276243093922652,2.33826412404206,2.00327601614516,0.0615073836786521,0.26708154644792,0.220799159206708,"c101113-g1/c102902-g1/c102958-g1/c104424-g4/c98000-g2",5
"GO:0007596","GO:0007596","blood coagulation","3/62","77/5248",0.038961038961039,3.29786342689569,2.22084079888139,0.0620250463591321,0.267126273276753,0.220836135352501,"c102902-g1/c104424-g3/c104424-g4",3
"GO:0010977","GO:0010977","negative regulation of neuron projection development","3/62","77/5248",0.038961038961039,3.29786342689569,2.22084079888139,0.0620250463591321,0.267126273276753,0.220836135352501,"c102723-g1/c28978-g1/c80891-g1",3
"GO:0030865","GO:0030865","cortical cytoskeleton organization","3/62","77/5248",0.038961038961039,3.29786342689569,2.22084079888139,0.0620250463591321,0.267126273276753,0.220836135352501,"c103219-g2/c105479-g1/c40816-g1",3
"GO:0050817","GO:0050817","coagulation","3/62","77/5248",0.038961038961039,3.29786342689569,2.22084079888139,0.0620250463591321,0.267126273276753,0.220836135352501,"c102902-g1/c104424-g3/c104424-g4",3
"GO:0005543","GO:0005543","phospholipid binding","5/62","182/5248",0.0274725274725275,2.32541651896491,1.98971374876753,0.062688343070062,0.269431939807246,0.222742254431542,"c102537-g1/c87684-g1/c95002-g1/c103330-g1/c101822-g1",5
"GO:0031338","GO:0031338","regulation of vesicle fusion","2/62","35/5248",0.0571428571428571,4.83686635944701,2.49001494109324,0.0636965763780861,0.272181733757435,0.225015538378966,"c87684-g1/c101822-g1",2
"GO:0042552","GO:0042552","myelination","2/62","35/5248",0.0571428571428571,4.83686635944701,2.49001494109324,0.0636965763780861,0.272181733757435,0.225015538378966,"c103219-g2/c101822-g1",2
"GO:0050878","GO:0050878","regulation of body fluid levels","4/62","128/5248",0.03125,2.64516129032258,2.06022003972746,0.0637158569527138,0.272181733757435,0.225015538378966,"c102902-g1/c104424-g3/c104424-g4/c95060-g1",4
"GO:0007599","GO:0007599","hemostasis","3/62","78/5248",0.0384615384615385,3.25558312655087,2.19429992118352,0.0639807414863347,0.272208972869133,0.225038057242738,"c102902-g1/c104424-g3/c104424-g4",3
"GO:0008037","GO:0008037","cell recognition","3/62","78/5248",0.0384615384615385,3.25558312655087,2.19429992118352,0.0639807414863347,0.272208972869133,0.225038057242738,"c105908-g1/c12761-g1/c78092-g1",3
"GO:0035770","GO:0035770","ribonucleoprotein granule","4/62","129/5248",0.0310077519379845,2.62465616404101,2.04267311850524,0.0651929681491031,0.276807239762119,0.228839493460561,"c102000-g1/c98750-g1/c98854-g1/c98854-g3",4
"GO:0006906","GO:0006906","vesicle fusion","3/62","79/5248",0.0379746835443038,3.21437321355655,2.16818442066286,0.0659649965713911,0.278960407187449,0.230619539905053,"c102537-g1/c87684-g1/c95002-g1",3
"GO:1903522","GO:1903522","regulation of blood circulation","3/62","79/5248",0.0379746835443038,3.21437321355655,2.16818442066286,0.0659649965713911,0.278960407187449,0.230619539905053,"c101822-g1/c102902-g1/c104424-g3",3
"GO:0016772","GO:0016772","transferase activity, transferring phosphorus-containing groups","9/62","434/5248",0.0207373271889401,1.75531440463803,1.79620007276174,0.0668659761800191,0.27972871684127,0.231254709679342,"c101822-g1/c102902-g1/c102958-g1/c104424-g3/c104424-g4/c102000-g1/c98750-g1/c98854-g1/c98854-g3",9
"GO:0009620","GO:0009620","response to fungus","2/62","36/5248",0.0555555555555556,4.70250896057348,2.43713892289639,0.0669436245432098,0.27972871684127,0.231254709679342,"c102958-g1/c104424-g3",2
"GO:0010594","GO:0010594","regulation of endothelial cell migration","2/62","36/5248",0.0555555555555556,4.70250896057348,2.43713892289639,0.0669436245432098,0.27972871684127,0.231254709679342,"c101822-g1/c102902-g1",2
"GO:0010771","GO:0010771","negative regulation of cell morphogenesis","2/62","36/5248",0.0555555555555556,4.70250896057348,2.43713892289639,0.0669436245432098,0.27972871684127,0.231254709679342,"c28978-g1/c80891-g1",2
"GO:0072347","GO:0072347","response to anesthetic","2/62","36/5248",0.0555555555555556,4.70250896057348,2.43713892289639,0.0669436245432098,0.27972871684127,0.231254709679342,"c102902-g1/c104424-g4",2
"GO:1902743","GO:1902743","regulation of lamellipodium organization","2/62","36/5248",0.0555555555555556,4.70250896057348,2.43713892289639,0.0669436245432098,0.27972871684127,0.231254709679342,"c102958-g1/c40816-g1",2
"GO:0045177","GO:0045177","apical part of cell","5/62","186/5248",0.0268817204301075,2.27540756156781,1.93633060492782,0.0675416063229774,0.281111902996424,0.2323982044065,"c101113-g1/c103280-g1/c102902-g1/c102958-g1/c95060-g1",5
"GO:0048592","GO:0048592","eye morphogenesis","5/62","186/5248",0.0268817204301075,2.27540756156781,1.93633060492782,0.0675416063229774,0.281111902996424,0.2323982044065,"c103611-g2/c102958-g1/c105908-g1/c12761-g1/c78092-g1",5
"GO:0032386","GO:0032386","regulation of intracellular transport","6/62","245/5248",0.0244897959183673,2.07294272547729,1.88052647049347,0.0677644618892496,0.281483149386114,0.232705117751103,"c103280-g1/c98789-g1/c101822-g1/c104424-g3/c89492-g1/c40816-g1",6
"GO:0030055","GO:0030055","cell-substrate junction","3/62","80/5248",0.0375,3.1741935483871,2.14248142003269,0.0679775537875784,0.281812457237481,0.232977360059376,"c103611-g2/c78536-g1/c40816-g1",3
"GO:0034329","GO:0034329","cell junction assembly","3/62","81/5248",0.037037037037037,3.13500597371565,2.1171785913576,0.0700181497265919,0.28614306664719,0.236557520984882,"c103219-g2/c102902-g1/c102958-g1",3
"GO:0002822","GO:0002822","regulation of adaptive immune response based on somatic recombination of immune receptors built from immunoglobulin superfamily domains","2/62","37/5248",0.0540540540540541,4.57541412380122,2.38617228680365,0.0702449978426388,0.28614306664719,0.236557520984882,"c104424-g3/c98407-g1",2
"GO:0021782","GO:0021782","glial cell development","2/62","37/5248",0.0540540540540541,4.57541412380122,2.38617228680365,0.0702449978426388,0.28614306664719,0.236557520984882,"c103219-g2/c101822-g1",2
"GO:0048679","GO:0048679","regulation of axon regeneration","2/62","37/5248",0.0540540540540541,4.57541412380122,2.38617228680365,0.0702449978426388,0.28614306664719,0.236557520984882,"c101822-g1/c104424-g3",2
"GO:0050679","GO:0050679","positive regulation of epithelial cell proliferation","2/62","37/5248",0.0540540540540541,4.57541412380122,2.38617228680365,0.0702449978426388,0.28614306664719,0.236557520984882,"c101822-g1/c102902-g1",2
"GO:0050775","GO:0050775","positive regulation of dendrite morphogenesis","2/62","37/5248",0.0540540540540541,4.57541412380122,2.38617228680365,0.0702449978426388,0.28614306664719,0.236557520984882,"c103611-g2/c102138-g1",2
"GO:0050851","GO:0050851","antigen receptor-mediated signaling pathway","2/62","37/5248",0.0540540540540541,4.57541412380122,2.38617228680365,0.0702449978426388,0.28614306664719,0.236557520984882,"c102902-g1/c104424-g3",2
"GO:0051952","GO:0051952","regulation of amine transport","2/62","37/5248",0.0540540540540541,4.57541412380122,2.38617228680365,0.0702449978426388,0.28614306664719,0.236557520984882,"c87684-g1/c102902-g1",2
"GO:1990090","GO:1990090","cellular response to nerve growth factor stimulus","2/62","37/5248",0.0540540540540541,4.57541412380122,2.38617228680365,0.0702449978426388,0.28614306664719,0.236557520984882,"c101822-g1/c40816-g1",2
"GO:0032870","GO:0032870","cellular response to hormone stimulus","6/62","250/5248",0.024,2.03148387096774,1.82712996658349,0.073223997099568,0.29467587493183,0.243611684479056,"c101822-g1/c104424-g3/c104424-g4/c101482-g1/c101864-g1/c78921-g1",6
"GO:0002758","GO:0002758","innate immune response-activating signaling pathway","2/62","38/5248",0.0526315789473684,4.45500848896435,2.33699173281746,0.0735990076990231,0.29467587493183,0.243611684479056,"c104424-g3/c104424-g4",2
"GO:0004812","GO:0004812","aminoacyl-tRNA ligase activity","2/62","38/5248",0.0526315789473684,4.45500848896435,2.33699173281746,0.0735990076990231,0.29467587493183,0.243611684479056,"c101864-g1/c78921-g1",2
"GO:0007272","GO:0007272","ensheathment of neurons","2/62","38/5248",0.0526315789473684,4.45500848896435,2.33699173281746,0.0735990076990231,0.29467587493183,0.243611684479056,"c103219-g2/c101822-g1",2
"GO:0008366","GO:0008366","axon ensheathment","2/62","38/5248",0.0526315789473684,4.45500848896435,2.33699173281746,0.0735990076990231,0.29467587493183,0.243611684479056,"c103219-g2/c101822-g1",2
"GO:0016875","GO:0016875","ligase activity, forming carbon-oxygen bonds","2/62","38/5248",0.0526315789473684,4.45500848896435,2.33699173281746,0.0735990076990231,0.29467587493183,0.243611684479056,"c101864-g1/c78921-g1",2
"GO:0043297","GO:0043297","apical junction assembly","2/62","38/5248",0.0526315789473684,4.45500848896435,2.33699173281746,0.0735990076990231,0.29467587493183,0.243611684479056,"c103219-g2/c102958-g1",2
"GO:0072091","GO:0072091","regulation of stem cell proliferation","2/62","38/5248",0.0526315789473684,4.45500848896435,2.33699173281746,0.0735990076990231,0.29467587493183,0.243611684479056,"c103280-g1/c102958-g1",2
"GO:1990089","GO:1990089","response to nerve growth factor","2/62","38/5248",0.0526315789473684,4.45500848896435,2.33699173281746,0.0735990076990231,0.29467587493183,0.243611684479056,"c101822-g1/c40816-g1",2
"GO:0000323","GO:0000323","lytic vacuole","7/62","313/5248",0.0223642172523962,1.89302277646089,1.78125561583137,0.0741758578421516,0.296421929061805,0.245055166026004,"c104424-g3/c102000-g1/c96969-g1/c98750-g1/c98854-g1/c98854-g3/c95060-g1",7
"GO:0032101","GO:0032101","regulation of response to external stimulus","6/62","251/5248",0.0239043824701195,2.02339030972883,1.81659706031654,0.0743458547872342,0.296538579889991,0.245151602508145,"c103611-g2/c101822-g1/c102902-g1/c104424-g3/c104424-g4/c89492-g1",6
"GO:0042803","GO:0042803","protein homodimerization activity","8/62","378/5248",0.0211640211640212,1.79143198498037,1.74634537290554,0.0749201512695111,0.29826434512966,0.246578311013374,"c98789-g1/c87684-g1/c101822-g1/c102000-g1/c98750-g1/c98854-g1/c98854-g3/c103705-g1",8
"GO:0045055","GO:0045055","regulated exocytosis","7/62","314/5248",0.0222929936305732,1.88699404150401,1.7722340421925,0.0751792196757923,0.298731012523054,0.246964109918094,"c102537-g1/c87684-g1/c95002-g1/c104424-g3/c104424-g4/c98407-g1/c95060-g1",7
"GO:0099081","GO:0099081","supramolecular polymer","6/62","253/5248",0.0237154150197628,2.00739512941476,1.79567394742527,0.0766194864576794,0.301993327823461,0.249661100724749,"c102000-g1/c98750-g1/c98854-g1/c98854-g3/c110137-g1/c40816-g1",6
"GO:0099512","GO:0099512","supramolecular fiber","6/62","253/5248",0.0237154150197628,2.00739512941476,1.79567394742527,0.0766194864576794,0.301993327823461,0.249661100724749,"c102000-g1/c98750-g1/c98854-g1/c98854-g3/c110137-g1/c40816-g1",6
"GO:0040008","GO:0040008","regulation of growth","9/62","446/5248",0.0201793721973094,1.70808621437871,1.70913989390701,0.0766556251557462,0.301993327823461,0.249661100724749,"c103611-g2/c87684-g1/c101822-g1/c102902-g1/c104424-g3/c102000-g1/c98750-g1/c98854-g1/c98854-g3",9
"GO:0002028","GO:0002028","regulation of sodium ion transport","2/62","39/5248",0.0512820512820513,4.34077750206782,2.2894849748448,0.0770039966957259,0.301993327823461,0.249661100724749,"c101822-g1/c104424-g4",2
"GO:0003015","GO:0003015","heart process","2/62","39/5248",0.0512820512820513,4.34077750206782,2.2894849748448,0.0770039966957259,0.301993327823461,0.249661100724749,"c103219-g2/c101482-g1",2
"GO:0007616","GO:0007616","long-term memory","2/62","39/5248",0.0512820512820513,4.34077750206782,2.2894849748448,0.0770039966957259,0.301993327823461,0.249661100724749,"c101113-g1/c104424-g4",2
"GO:0070570","GO:0070570","regulation of neuron projection regeneration","2/62","39/5248",0.0512820512820513,4.34077750206782,2.2894849748448,0.0770039966957259,0.301993327823461,0.249661100724749,"c101822-g1/c104424-g3",2
"GO:1901701","GO:1901701","cellular response to oxygen-containing compound","8/62","381/5248",0.020997375328084,1.77732622131911,1.72254371862004,0.0776859627775969,0.304101556895203,0.251403996153679,"c101822-g1/c102902-g1/c104424-g3/c104424-g4/c101482-g1/c101864-g1/c78921-g1/c40816-g1",8
"GO:0031349","GO:0031349","positive regulation of defense response","3/62","85/5248",0.0352941176470588,2.98747628083491,2.01974004073481,0.0784554707293861,0.306544009937082,0.253423198098632,"c102902-g1/c104424-g3/c104424-g4",3
"GO:0006935","GO:0006935","chemotaxis","6/62","255/5248",0.0235294117647059,1.99165085388994,1.77493812504579,0.0789329616208021,0.307838550321128,0.254493408422625,"c101113-g1/c103611-g2/c101822-g1/c102902-g1/c104424-g3/c104424-g4",6
"GO:0099080","GO:0099080","supramolecular complex","6/62","256/5248",0.0234375,1.98387096774194,1.76463935429058,0.0801046200408266,0.310908733999617,0.257031561970993,"c102000-g1/c98750-g1/c98854-g1/c98854-g3/c110137-g1/c40816-g1",6
"GO:0002819","GO:0002819","regulation of adaptive immune response","2/62","40/5248",0.05,4.23225806451613,2.24354950149148,0.0804583380958173,0.310908733999617,0.257031561970993,"c104424-g3/c98407-g1",2
"GO:0007525","GO:0007525","somatic muscle development","2/62","40/5248",0.05,4.23225806451613,2.24354950149148,0.0804583380958173,0.310908733999617,0.257031561970993,"c103219-g2/c101822-g1",2
"GO:0030856","GO:0030856","regulation of epithelial cell differentiation","2/62","40/5248",0.05,4.23225806451613,2.24354950149148,0.0804583380958173,0.310908733999617,0.257031561970993,"c102958-g1/c104424-g4",2
"GO:0051881","GO:0051881","regulation of mitochondrial membrane potential","2/62","40/5248",0.05,4.23225806451613,2.24354950149148,0.0804583380958173,0.310908733999617,0.257031561970993,"c101822-g1/c104424-g4",2
"GO:0050730","GO:0050730","regulation of peptidyl-tyrosine phosphorylation","3/62","86/5248",0.0348837209302326,2.95273818454614,1.99627038894891,0.0806321306105604,0.311009646640733,0.257114987526252,"c102902-g1/c104424-g3/c104424-g4",3
"GO:1903311","GO:1903311","regulation of mRNA metabolic process","4/62","139/5248",0.0287769784172662,2.43583197957763,1.87576397755583,0.0809450337906732,0.311645779091696,0.257640884999083,"c101822-g1/c102902-g1/c104424-g3/c101482-g1",4
"GO:0098793","GO:0098793","presynapse","5/62","197/5248",0.0253807106598985,2.14835434747012,1.79620321072946,0.0819489948211605,0.314935370608329,0.260360425344217,"c98789-g1/c102537-g1/c87684-g1/c95002-g1/c40816-g1",5
"GO:0031401","GO:0031401","positive regulation of protein modification process","9/62","453/5248",0.0198675496688742,1.68169194616535,1.65950314176775,0.0827619495870361,0.317183300131897,0.26221881262466,"c98789-g1/c101822-g1/c102902-g1/c104424-g3/c104424-g4/c102000-g1/c98750-g1/c98854-g1/c98854-g3",9
"GO:0090174","GO:0090174","organelle membrane fusion","3/62","87/5248",0.0344827586206897,2.91879866518354,1.97313693001004,0.0828351448587576,0.317183300131897,0.26221881262466,"c102537-g1/c87684-g1/c95002-g1",3
"GO:0051020","GO:0051020","GTPase binding","6/62","259/5248",0.0231660231660232,1.96089176734338,1.73401449368236,0.0836791573032271,0.319170896903584,0.263861980046248,"c102537-g1/c95002-g1/c104424-g4/c28978-g1/c80891-g1/c89492-g1",6
"GO:0006418","GO:0006418","tRNA aminoacylation for protein translation","2/62","41/5248",0.0487804878048781,4.12903225806452,2.19909150346562,0.0839604353677993,0.319170896903584,0.263861980046248,"c101864-g1/c78921-g1",2
"GO:0043039","GO:0043039","tRNA aminoacylation","2/62","41/5248",0.0487804878048781,4.12903225806452,2.19909150346562,0.0839604353677993,0.319170896903584,0.263861980046248,"c101864-g1/c78921-g1",2
"GO:0043296","GO:0043296","apical junction complex","2/62","41/5248",0.0487804878048781,4.12903225806452,2.19909150346562,0.0839604353677993,0.319170896903584,0.263861980046248,"c103219-g2/c102958-g1",2
"GO:0006811","GO:0006811","monoatomic ion transport","8/62","390/5248",0.0205128205128205,1.73631100082713,1.65234206047546,0.0863554355054443,0.327683868782821,0.270899744572793,"c87684-g1/c102902-g1/c104424-g3/c104424-g4/c103499-g1/c5014-g2/c93435-g1/c94480-g1",8
"GO:0007009","GO:0007009","plasma membrane organization","2/62","42/5248",0.0476190476190476,4.03072196620584,2.15602494171885,0.0875087217179749,0.329912352711645,0.27274205597294,"c103219-g2/c101822-g1",2
"GO:0032507","GO:0032507","maintenance of protein location in cell","2/62","42/5248",0.0476190476190476,4.03072196620584,2.15602494171885,0.0875087217179749,0.329912352711645,0.27274205597294,"c103219-g2/c101822-g1",2
"GO:0043038","GO:0043038","amino acid activation","2/62","42/5248",0.0476190476190476,4.03072196620584,2.15602494171885,0.0875087217179749,0.329912352711645,0.27274205597294,"c101864-g1/c78921-g1",2
"GO:0030133","GO:0030133","transport vesicle","5/62","201/5248",0.0248756218905473,2.10560102712245,1.7474909306718,0.0875693281888934,0.329912352711645,0.27274205597294,"c98789-g1/c102537-g1/c87684-g1/c95002-g1/c95060-g1",5
"GO:0007613","GO:0007613","memory","3/62","90/5248",0.0333333333333333,2.82150537634409,1.90566327212864,0.0895993357171966,0.334567732305702,0.276590707869061,"c101113-g1/c102958-g1/c104424-g4",3
"GO:0014069","GO:0014069","postsynaptic density","3/62","90/5248",0.0333333333333333,2.82150537634409,1.90566327212864,0.0895993357171966,0.334567732305702,0.276590707869061,"c103219-g2/c103330-g1/c102902-g1",3
"GO:0032279","GO:0032279","asymmetric synapse","3/62","90/5248",0.0333333333333333,2.82150537634409,1.90566327212864,0.0895993357171966,0.334567732305702,0.276590707869061,"c103219-g2/c103330-g1/c102902-g1",3
"GO:0090276","GO:0090276","regulation of peptide hormone secretion","3/62","90/5248",0.0333333333333333,2.82150537634409,1.90566327212864,0.0895993357171966,0.334567732305702,0.276590707869061,"c101822-g1/c102902-g1/c104424-g4",3
"GO:0098984","GO:0098984","neuron to neuron synapse","3/62","90/5248",0.0333333333333333,2.82150537634409,1.90566327212864,0.0895993357171966,0.334567732305702,0.276590707869061,"c103219-g2/c103330-g1/c102902-g1",3
"GO:0009636","GO:0009636","response to toxic substance","6/62","264/5248",0.0227272727272727,1.92375366568915,1.68385325990238,0.0898344957078613,0.334852120284524,0.276825814440247,"c98789-g1/c102902-g1/c104424-g3/c104424-g4/c101482-g1/c40816-g1",6
"GO:0060627","GO:0060627","regulation of vesicle-mediated transport","7/62","328/5248",0.0213414634146341,1.80645161290323,1.64917903764338,0.0900808070554789,0.335176995863672,0.277094392541867,"c98789-g1/c102537-g1/c87684-g1/c95002-g1/c101822-g1/c102902-g1/c95060-g1",7
"GO:0046677","GO:0046677","response to antibiotic","5/62","203/5248",0.0246305418719212,2.08485618941681,1.72355332825932,0.0904546650952271,0.335974470353701,0.277753673196892,"c102902-g1/c104424-g3/c104424-g4/c101482-g1/c40816-g1",5
"GO:0046626","GO:0046626","regulation of insulin receptor signaling pathway","2/62","43/5248",0.0465116279069767,3.93698424606152,2.11427073498452,0.0911016596293723,0.336596658209576,0.278268042524435,"c102902-g1/c104424-g3",2
"GO:0048260","GO:0048260","positive regulation of receptor-mediated endocytosis","2/62","43/5248",0.0465116279069767,3.93698424606152,2.11427073498452,0.0911016596293723,0.336596658209576,0.278268042524435,"c98789-g1/c102902-g1",2
"GO:0071222","GO:0071222","cellular response to lipopolysaccharide","2/62","43/5248",0.0465116279069767,3.93698424606152,2.11427073498452,0.0911016596293723,0.336596658209576,0.278268042524435,"c101822-g1/c104424-g4",2
"GO:0001666","GO:0001666","response to hypoxia","4/62","146/5248",0.0273972602739726,2.31904551480336,1.76726266582739,0.0930048876242339,0.343026783426684,0.283583895530432,"c101822-g1/c102902-g1/c104424-g3/c104424-g4",4
"GO:0000132","GO:0000132","establishment of mitotic spindle orientation","2/62","44/5248",0.0454545454545455,3.8475073313783,2.07375604902314,0.0947377404071411,0.345784542976498,0.28586376472391,"c102958-g1/c102138-g1",2
"GO:0008045","GO:0008045","motor neuron axon guidance","2/62","44/5248",0.0454545454545455,3.8475073313783,2.07375604902314,0.0947377404071411,0.345784542976498,0.28586376472391,"c101113-g1/c103611-g2",2
"GO:0010811","GO:0010811","positive regulation of cell-substrate adhesion","2/62","44/5248",0.0454545454545455,3.8475073313783,2.07375604902314,0.0947377404071411,0.345784542976498,0.28586376472391,"c104424-g4/c40816-g1",2
"GO:0043204","GO:0043204","perikaryon","2/62","44/5248",0.0454545454545455,3.8475073313783,2.07375604902314,0.0947377404071411,0.345784542976498,0.28586376472391,"c98789-g1/c40816-g1",2
"GO:0043279","GO:0043279","response to alkaloid","2/62","44/5248",0.0454545454545455,3.8475073313783,2.07375604902314,0.0947377404071411,0.345784542976498,0.28586376472391,"c102902-g1/c104424-g4",2
"GO:0071219","GO:0071219","cellular response to molecule of bacterial origin","2/62","44/5248",0.0454545454545455,3.8475073313783,2.07375604902314,0.0947377404071411,0.345784542976498,0.28586376472391,"c101822-g1/c104424-g4",2
"GO:0099572","GO:0099572","postsynaptic specialization","3/62","93/5248",0.032258064516129,2.73048907388137,1.84090391637155,0.0965898461577315,0.351369792823045,0.290481150262066,"c103219-g2/c103330-g1/c102902-g1",3
"GO:0051090","GO:0051090","regulation of DNA-binding transcription factor activity","4/62","148/5248",0.027027027027027,2.28770706190061,1.73739260112546,0.0966016666878172,0.351369792823045,0.290481150262066,"c101822-g1/c102902-g1/c104424-g3/c104424-g4",4
"GO:0016788","GO:0016788","hydrolase activity, acting on ester bonds","7/62","335/5248",0.0208955223880597,1.76870486278286,1.58980467771281,0.0981274147185842,0.354935726389881,0.293429145523498,"c101113-g1/c102723-g1/c103210-g1/c103280-g1/c103611-g2/c98789-g1/c101482-g1",7
"GO:0002218","GO:0002218","activation of innate immune response","2/62","45/5248",0.0444444444444444,3.76200716845878,2.03441367284457,0.0984154837303317,0.354935726389881,0.293429145523498,"c104424-g3/c104424-g4",2
"GO:0030863","GO:0030863","cortical cytoskeleton","2/62","45/5248",0.0444444444444444,3.76200716845878,2.03441367284457,0.0984154837303317,0.354935726389881,0.293429145523498,"c103330-g1/c102958-g1",2
"GO:0097746","GO:0097746","blood vessel diameter maintenance","2/62","45/5248",0.0444444444444444,3.76200716845878,2.03441367284457,0.0984154837303317,0.354935726389881,0.293429145523498,"c101822-g1/c104424-g3",2
"GO:0030335","GO:0030335","positive regulation of cell migration","4/62","149/5248",0.0268456375838926,2.27235332323014,1.72263583488129,0.0984247218479062,0.354935726389881,0.293429145523498,"c101822-g1/c102902-g1/c104424-g4/c40816-g1",4
"GO:0046890","GO:0046890","regulation of lipid biosynthetic process","3/62","94/5248",0.0319148936170213,2.70144131777625,1.81988445477397,0.0989688569860595,0.356287885149814,0.294546989572546,"c101822-g1/c104424-g3/c101392-g1",3
"GO:0032868","GO:0032868","response to insulin","4/62","150/5248",0.0266666666666667,2.25720430107527,1.70799538434138,0.100264074095647,0.359720851866153,0.297385059722406,"c101822-g1/c104424-g3/c101864-g1/c78921-g1",4
"GO:0036293","GO:0036293","response to decreased oxygen levels","4/62","150/5248",0.0266666666666667,2.25720430107527,1.70799538434138,0.100264074095647,0.359720851866153,0.297385059722406,"c101822-g1/c102902-g1/c104424-g3/c104424-g4",4
"GO:0009617","GO:0009617","response to bacterium","5/62","210/5248",0.0238095238095238,2.01536098310292,1.64186013191146,0.100942405517907,0.360289813675405,0.297855426510281,"c101822-g1/c104424-g3/c104424-g4/c99537-g1/c95060-g1",5
"GO:0051249","GO:0051249","regulation of lymphocyte activation","3/62","95/5248",0.0315789473684211,2.67300509337861,1.79913650330079,0.101371759872824,0.360289813675405,0.297855426510281,"c101822-g1/c104424-g3/c98407-g1",3
"GO:1901699","GO:1901699","cellular response to nitrogen compound","6/62","273/5248",0.021978021978022,1.86033321517192,1.59619737325963,0.101531058180828,0.360289813675405,0.297855426510281,"c101822-g1/c104424-g3/c101482-g1/c101864-g1/c78921-g1/c40816-g1",6
"GO:0002791","GO:0002791","regulation of peptide secretion","4/62","151/5248",0.0264900662251656,2.24225592822047,1.69346940708205,0.102119610746397,0.360289813675405,0.297855426510281,"c101822-g1/c102902-g1/c104424-g3/c104424-g4",4
"GO:1903532","GO:1903532","positive regulation of secretion by cell","4/62","151/5248",0.0264900662251656,2.24225592822047,1.69346940708205,0.102119610746397,0.360289813675405,0.297855426510281,"c87684-g1/c102902-g1/c104424-g3/c104424-g4",4
"GO:0002700","GO:0002700","regulation of production of molecular mediator of immune response","2/62","46/5248",0.0434782608695652,3.68022440392707,1.99618146958593,0.102133437209979,0.360289813675405,0.297855426510281,"c104424-g3/c89492-g1",2
"GO:0022408","GO:0022408","negative regulation of cell-cell adhesion","2/62","46/5248",0.0434782608695652,3.68022440392707,1.99618146958593,0.102133437209979,0.360289813675405,0.297855426510281,"c103611-g2/c104424-g3",2
"GO:0032368","GO:0032368","regulation of lipid transport","2/62","46/5248",0.0434782608695652,3.68022440392707,1.99618146958593,0.102133437209979,0.360289813675405,0.297855426510281,"c101822-g1/c104424-g3",2
"GO:0051258","GO:0051258","protein polymerization","2/62","46/5248",0.0434782608695652,3.68022440392707,1.99618146958593,0.102133437209979,0.360289813675405,0.297855426510281,"c96969-g1/c102138-g1",2
"GO:1905954","GO:1905954","positive regulation of lipid localization","2/62","46/5248",0.0434782608695652,3.68022440392707,1.99618146958593,0.102133437209979,0.360289813675405,0.297855426510281,"c101822-g1/c104424-g3",2
"GO:0009410","GO:0009410","response to xenobiotic stimulus","3/62","96/5248",0.03125,2.64516129032258,1.77865325815385,0.103798234051122,0.364602700339452,0.301420935853178,"c98789-g1/c102902-g1/c104424-g4",3
"GO:0072659","GO:0072659","protein localization to plasma membrane","3/62","96/5248",0.03125,2.64516129032258,1.77865325815385,0.103798234051122,0.364602700339452,0.301420935853178,"c103219-g2/c101822-g1/c102958-g1",3
"GO:2000147","GO:2000147","positive regulation of cell motility","4/62","152/5248",0.0263157894736842,2.22750424448217,1.67905610224661,0.103991217025994,0.364602700339452,0.301420935853178,"c101822-g1/c102902-g1/c104424-g4/c40816-g1",4
"GO:0001933","GO:0001933","negative regulation of protein phosphorylation","5/62","212/5248",0.0235849056603774,1.99634814363968,1.61909117769998,0.104048538890793,0.364602700339452,0.301420935853178,"c98789-g1/c101822-g1/c102902-g1/c104424-g3/c98000-g2",5
"GO:0042330","GO:0042330","taxis","6/62","275/5248",0.0218181818181818,1.84680351906158,1.57715687009782,0.104236769347937,0.364655541938131,0.301464620565636,"c101113-g1/c103611-g2/c101822-g1/c102902-g1/c104424-g3/c104424-g4",6
"GO:0051241","GO:0051241","negative regulation of multicellular organismal process","8/62","408/5248",0.0196078431372549,1.65970904490829,1.51703276161963,0.105366715145018,0.367388320523667,0.303723837729867,"c102723-g1/c98789-g1/c101822-g1/c102902-g1/c104424-g3/c28978-g1/c80891-g1/c89492-g1",8
"GO:0042060","GO:0042060","wound healing","4/62","153/5248",0.0261437908496732,2.21294539321105,1.66475370933602,0.105878776120066,0.367388320523667,0.303723837729867,"c102902-g1/c104424-g3/c104424-g4/c105479-g1",4
"GO:0010565","GO:0010565","regulation of ketone metabolic process","2/62","47/5248",0.0425531914893617,3.601921757035,1.95900189169715,0.105890175953403,0.367388320523667,0.303723837729867,"c101822-g1/c104424-g4",2
"GO:0032091","GO:0032091","negative regulation of protein binding","2/62","47/5248",0.0425531914893617,3.601921757035,1.95900189169715,0.105890175953403,0.367388320523667,0.303723837729867,"c101822-g1/c104424-g3",2
"GO:0070542","GO:0070542","response to fatty acid","2/62","47/5248",0.0425531914893617,3.601921757035,1.95900189169715,0.105890175953403,0.367388320523667,0.303723837729867,"c101822-g1/c104424-g4",2
"GO:0045893","GO:0045893","positive regulation of DNA-templated transcription","9/62","478/5248",0.0188284518828452,1.59373734647051,1.48862136098199,0.106966075571332,0.369025519166545,0.305077327286183,"c101822-g1/c104424-g3/c102000-g1/c98750-g1/c98854-g1/c98854-g3/c103705-g1/c101864-g1/c78921-g1",9
"GO:0008593","GO:0008593","regulation of Notch signaling pathway","3/62","98/5248",0.0306122448979592,2.59117840684661,1.73845486819559,0.108720601921399,0.369025519166545,0.305077327286183,"c105908-g1/c12761-g1/c78092-g1",3
"GO:0031256","GO:0031256","leading edge membrane","2/62","48/5248",0.0416666666666667,3.52688172043011,1.92282155170732,0.109684302134644,0.369025519166545,0.305077327286183,"c101822-g1/c40816-g1",2
"GO:0045921","GO:0045921","positive regulation of exocytosis","2/62","48/5248",0.0416666666666667,3.52688172043011,1.92282155170732,0.109684302134644,0.369025519166545,0.305077327286183,"c87684-g1/c102902-g1",2
"GO:0051219","GO:0051219","phosphoprotein binding","2/62","48/5248",0.0416666666666667,3.52688172043011,1.92282155170732,0.109684302134644,0.369025519166545,0.305077327286183,"c98789-g1/c103330-g1",2
"GO:0060359","GO:0060359","response to ammonium ion","2/62","48/5248",0.0416666666666667,3.52688172043011,1.92282155170732,0.109684302134644,0.369025519166545,0.305077327286183,"c102902-g1/c104424-g4",2
"GO:0034762","GO:0034762","regulation of transmembrane transport","4/62","155/5248",0.0258064516129032,2.1843912591051,1.63647481212446,0.109701275587302,0.369025519166545,0.305077327286183,"c101822-g1/c102902-g1/c104424-g3/c104424-g4",4
"GO:0071214","GO:0071214","cellular response to abiotic stimulus","4/62","155/5248",0.0258064516129032,2.1843912591051,1.63647481212446,0.109701275587302,0.369025519166545,0.305077327286183,"c101822-g1/c102902-g1/c28978-g1/c80891-g1",4
"GO:0104004","GO:0104004","cellular response to environmental stimulus","4/62","155/5248",0.0258064516129032,2.1843912591051,1.63647481212446,0.109701275587302,0.369025519166545,0.305077327286183,"c101822-g1/c102902-g1/c28978-g1/c80891-g1",4
"GO:0002763","GO:0002763","positive regulation of myeloid leukocyte differentiation","1/62","10/5248",0.1,8.46451612903226,2.58317622199185,0.112144507249093,0.369025519166545,0.305077327286183,"c102902-g1",1
"GO:0006895","GO:0006895","Golgi to endosome transport","1/62","10/5248",0.1,8.46451612903226,2.58317622199185,0.112144507249093,0.369025519166545,0.305077327286183,"c95060-g1",1
"GO:0007020","GO:0007020","microtubule nucleation","1/62","10/5248",0.1,8.46451612903226,2.58317622199185,0.112144507249093,0.369025519166545,0.305077327286183,"c102138-g1",1
"GO:0008296","GO:0008296","3'-5'-DNA exonuclease activity","1/62","10/5248",0.1,8.46451612903226,2.58317622199185,0.112144507249093,0.369025519166545,0.305077327286183,"c101482-g1",1
"GO:0008631","GO:0008631","intrinsic apoptotic signaling pathway in response to oxidative stress","1/62","10/5248",0.1,8.46451612903226,2.58317622199185,0.112144507249093,0.369025519166545,0.305077327286183,"c104424-g3",1
"GO:0017075","GO:0017075","syntaxin-1 binding","1/62","10/5248",0.1,8.46451612903226,2.58317622199185,0.112144507249093,0.369025519166545,0.305077327286183,"c87684-g1",1
"GO:0030546","GO:0030546","signaling receptor activator activity","1/62","10/5248",0.1,8.46451612903226,2.58317622199185,0.112144507249093,0.369025519166545,0.305077327286183,"c104424-g4",1
"GO:0031093","GO:0031093","platelet alpha granule lumen","1/62","10/5248",0.1,8.46451612903226,2.58317622199185,0.112144507249093,0.369025519166545,0.305077327286183,"c98407-g1",1
"GO:0031616","GO:0031616","spindle pole centrosome","1/62","10/5248",0.1,8.46451612903226,2.58317622199185,0.112144507249093,0.369025519166545,0.305077327286183,"c102138-g1",1
"GO:0032369","GO:0032369","negative regulation of lipid transport","1/62","10/5248",0.1,8.46451612903226,2.58317622199185,0.112144507249093,0.369025519166545,0.305077327286183,"c101822-g1",1
"GO:0032593","GO:0032593","insulin-responsive compartment","1/62","10/5248",0.1,8.46451612903226,2.58317622199185,0.112144507249093,0.369025519166545,0.305077327286183,"c101822-g1",1
"GO:0033280","GO:0033280","response to vitamin D","1/62","10/5248",0.1,8.46451612903226,2.58317622199185,0.112144507249093,0.369025519166545,0.305077327286183,"c102902-g1",1
"GO:0045124","GO:0045124","regulation of bone resorption","1/62","10/5248",0.1,8.46451612903226,2.58317622199185,0.112144507249093,0.369025519166545,0.305077327286183,"c102902-g1",1
"GO:0045730","GO:0045730","respiratory burst","1/62","10/5248",0.1,8.46451612903226,2.58317622199185,0.112144507249093,0.369025519166545,0.305077327286183,"c104424-g3",1
"GO:0046325","GO:0046325","negative regulation of D-glucose import","1/62","10/5248",0.1,8.46451612903226,2.58317622199185,0.112144507249093,0.369025519166545,0.305077327286183,"c102902-g1",1
"GO:0070227","GO:0070227","lymphocyte apoptotic process","1/62","10/5248",0.1,8.46451612903226,2.58317622199185,0.112144507249093,0.369025519166545,0.305077327286183,"c101822-g1",1
"GO:0071801","GO:0071801","regulation of podosome assembly","1/62","10/5248",0.1,8.46451612903226,2.58317622199185,0.112144507249093,0.369025519166545,0.305077327286183,"c40816-g1",1
"GO:0071803","GO:0071803","positive regulation of podosome assembly","1/62","10/5248",0.1,8.46451612903226,2.58317622199185,0.112144507249093,0.369025519166545,0.305077327286183,"c40816-g1",1
"GO:0090435","GO:0090435","protein localization to nuclear envelope","1/62","10/5248",0.1,8.46451612903226,2.58317622199185,0.112144507249093,0.369025519166545,0.305077327286183,"c89492-g1",1
"GO:1903859","GO:1903859","regulation of dendrite extension","1/62","10/5248",0.1,8.46451612903226,2.58317622199185,0.112144507249093,0.369025519166545,0.305077327286183,"c87684-g1",1
"GO:1904355","GO:1904355","positive regulation of telomere capping","1/62","10/5248",0.1,8.46451612903226,2.58317622199185,0.112144507249093,0.369025519166545,0.305077327286183,"c104424-g3",1
"GO:1904776","GO:1904776","regulation of protein localization to cell cortex","1/62","10/5248",0.1,8.46451612903226,2.58317622199185,0.112144507249093,0.369025519166545,0.305077327286183,"c103330-g1",1
"GO:2000107","GO:2000107","negative regulation of leukocyte apoptotic process","1/62","10/5248",0.1,8.46451612903226,2.58317622199185,0.112144507249093,0.369025519166545,0.305077327286183,"c104424-g3",1
"GO:2000303","GO:2000303","regulation of ceramide biosynthetic process","1/62","10/5248",0.1,8.46451612903226,2.58317622199185,0.112144507249093,0.369025519166545,0.305077327286183,"c104424-g3",1
"GO:0005643","GO:0005643","nuclear pore","2/62","49/5248",0.0408163265306122,3.45490454246215,1.88759084118506,0.11351444457096,0.371352617710586,0.307001164439101,"c101392-g1/c89492-g1",2
"GO:0042113","GO:0042113","B cell activation","2/62","49/5248",0.0408163265306122,3.45490454246215,1.88759084118506,0.11351444457096,0.371352617710586,0.307001164439101,"c102902-g1/c104424-g3",2
"GO:0048660","GO:0048660","regulation of smooth muscle cell proliferation","2/62","49/5248",0.0408163265306122,3.45490454246215,1.88759084118506,0.11351444457096,0.371352617710586,0.307001164439101,"c101822-g1/c102902-g1",2
"GO:0005743","GO:0005743","mitochondrial inner membrane","5/62","218/5248",0.0229357798165138,1.94140278188813,1.55222563752846,0.113653074017716,0.371352617710586,0.307001164439101,"c78536-g1/c103499-g1/c5014-g2/c93435-g1/c94480-g1",5
"GO:0045665","GO:0045665","negative regulation of neuron differentiation","3/62","100/5248",0.03,2.53935483870968,1.69923949094031,0.113733351578029,0.371352617710586,0.307001164439101,"c102723-g1/c28978-g1/c80891-g1",3
"GO:0090596","GO:0090596","sensory organ morphogenesis","5/62","219/5248",0.0228310502283105,1.9325379290028,1.54128469220933,0.115294959028389,0.375868705439299,0.310734662266507,"c103611-g2/c102958-g1/c105908-g1/c12761-g1/c78092-g1",5
"GO:0051047","GO:0051047","positive regulation of secretion","4/62","158/5248",0.0253164556962025,2.14291547570437,1.59484648765586,0.115551638652697,0.376123262755145,0.310945107510876,"c87684-g1/c102902-g1/c104424-g3/c104424-g4",4
"GO:0050877","GO:0050877","nervous system process","7/62","350/5248",0.02,1.69290322580645,1.46700750489331,0.116687672181632,0.376543217987599,0.311292288974604,"c101113-g1/c101822-g1/c102902-g1/c102958-g1/c104424-g4/c103705-g1/c98000-g2",7
"GO:0051050","GO:0051050","positive regulation of transport","8/62","418/5248",0.0191387559808612,1.62000308689613,1.44458648659639,0.11688307117216,0.376543217987599,0.311292288974604,"c98789-g1/c87684-g1/c101822-g1/c102902-g1/c104424-g3/c104424-g4/c89492-g1/c40816-g1",8
"GO:0003018","GO:0003018","vascular process in circulatory system","2/62","50/5248",0.04,3.3858064516129,1.85326359161676,0.117379258305297,0.376543217987599,0.311292288974604,"c101822-g1/c104424-g3",2
"GO:1901698","GO:1901698","response to nitrogen compound","9/62","488/5248",0.0184426229508197,1.56107879428874,1.42287061459605,0.117691555628291,0.376543217987599,0.311292288974604,"c98789-g1/c101822-g1/c102902-g1/c104424-g3/c104424-g4/c101482-g1/c101864-g1/c78921-g1/c40816-g1",9
"GO:0045216","GO:0045216","cell-cell junction organization","3/62","102/5248",0.0294117647058824,2.48956356736243,1.66096070145036,0.118833845051964,0.376543217987599,0.311292288974604,"c103219-g2/c102902-g1/c102958-g1",3
"GO:0007416","GO:0007416","synapse assembly","2/62","51/5248",0.0392156862745098,3.31941808981657,1.81979677185225,0.121277424194655,0.376543217987599,0.311292288974604,"c103611-g2/c102958-g1",2
"GO:0051965","GO:0051965","positive regulation of synapse assembly","2/62","51/5248",0.0392156862745098,3.31941808981657,1.81979677185225,0.121277424194655,0.376543217987599,0.311292288974604,"c103611-g2/c102902-g1",2
"GO:0008509","GO:0008509","monoatomic anion transmembrane transporter activity","3/62","103/5248",0.029126213592233,2.46539304729095,1.64215886858826,0.121416164636253,0.376543217987599,0.311292288974604,"c103499-g1/c5014-g2/c94480-g1",3
"GO:0048284","GO:0048284","organelle fusion","3/62","103/5248",0.029126213592233,2.46539304729095,1.64215886858826,0.121416164636253,0.376543217987599,0.311292288974604,"c102537-g1/c87684-g1/c95002-g1",3
"GO:0097190","GO:0097190","apoptotic signaling pathway","3/62","103/5248",0.029126213592233,2.46539304729095,1.64215886858826,0.121416164636253,0.376543217987599,0.311292288974604,"c101822-g1/c102902-g1/c104424-g3",3
"GO:0098794","GO:0098794","postsynapse","4/62","161/5248",0.0248447204968944,2.10298537367261,1.55412856640028,0.121538897836015,0.376543217987599,0.311292288974604,"c103219-g2/c103330-g1/c102902-g1/c40816-g1",4
"GO:0002756","GO:0002756","MyD88-independent toll-like receptor signaling pathway","1/62","11/5248",0.0909090909090909,7.6950146627566,2.43019827779064,0.122653678793681,0.376543217987599,0.311292288974604,"c104424-g4",1
"GO:0005978","GO:0005978","glycogen biosynthetic process","1/62","11/5248",0.0909090909090909,7.6950146627566,2.43019827779064,0.122653678793681,0.376543217987599,0.311292288974604,"c101822-g1",1
"GO:0005979","GO:0005979","regulation of glycogen biosynthetic process","1/62","11/5248",0.0909090909090909,7.6950146627566,2.43019827779064,0.122653678793681,0.376543217987599,0.311292288974604,"c101822-g1",1
"GO:0007427","GO:0007427","epithelial cell migration, open tracheal system","1/62","11/5248",0.0909090909090909,7.6950146627566,2.43019827779064,0.122653678793681,0.376543217987599,0.311292288974604,"c101822-g1",1
"GO:0007430","GO:0007430","terminal branching, open tracheal system","1/62","11/5248",0.0909090909090909,7.6950146627566,2.43019827779064,0.122653678793681,0.376543217987599,0.311292288974604,"c102958-g1",1
"GO:0008345","GO:0008345","larval locomotory behavior","1/62","11/5248",0.0909090909090909,7.6950146627566,2.43019827779064,0.122653678793681,0.376543217987599,0.311292288974604,"c87684-g1",1
"GO:0010829","GO:0010829","negative regulation of D-glucose transmembrane transport","1/62","11/5248",0.0909090909090909,7.6950146627566,2.43019827779064,0.122653678793681,0.376543217987599,0.311292288974604,"c102902-g1",1
"GO:0014037","GO:0014037","Schwann cell differentiation","1/62","11/5248",0.0909090909090909,7.6950146627566,2.43019827779064,0.122653678793681,0.376543217987599,0.311292288974604,"c101822-g1",1
"GO:0014047","GO:0014047","glutamate secretion","1/62","11/5248",0.0909090909090909,7.6950146627566,2.43019827779064,0.122653678793681,0.376543217987599,0.311292288974604,"c87684-g1",1
"GO:0016064","GO:0016064","immunoglobulin mediated immune response","1/62","11/5248",0.0909090909090909,7.6950146627566,2.43019827779064,0.122653678793681,0.376543217987599,0.311292288974604,"c104424-g3",1
"GO:0019724","GO:0019724","B cell mediated immunity","1/62","11/5248",0.0909090909090909,7.6950146627566,2.43019827779064,0.122653678793681,0.376543217987599,0.311292288974604,"c104424-g3",1
"GO:0031294","GO:0031294","lymphocyte costimulation","1/62","11/5248",0.0909090909090909,7.6950146627566,2.43019827779064,0.122653678793681,0.376543217987599,0.311292288974604,"c101822-g1",1
"GO:0031295","GO:0031295","T cell costimulation","1/62","11/5248",0.0909090909090909,7.6950146627566,2.43019827779064,0.122653678793681,0.376543217987599,0.311292288974604,"c101822-g1",1
"GO:0035510","GO:0035510","DNA dealkylation","1/62","11/5248",0.0909090909090909,7.6950146627566,2.43019827779064,0.122653678793681,0.376543217987599,0.311292288974604,"c101482-g1",1
"GO:0045454","GO:0045454","cell redox homeostasis","1/62","11/5248",0.0909090909090909,7.6950146627566,2.43019827779064,0.122653678793681,0.376543217987599,0.311292288974604,"c101482-g1",1
"GO:0045616","GO:0045616","regulation of keratinocyte differentiation","1/62","11/5248",0.0909090909090909,7.6950146627566,2.43019827779064,0.122653678793681,0.376543217987599,0.311292288974604,"c104424-g4",1
"GO:0045745","GO:0045745","positive regulation of G protein-coupled receptor signaling pathway","1/62","11/5248",0.0909090909090909,7.6950146627566,2.43019827779064,0.122653678793681,0.376543217987599,0.311292288974604,"c102902-g1",1
"GO:0046635","GO:0046635","positive regulation of alpha-beta T cell activation","1/62","11/5248",0.0909090909090909,7.6950146627566,2.43019827779064,0.122653678793681,0.376543217987599,0.311292288974604,"c104424-g3",1
"GO:0046850","GO:0046850","regulation of bone remodeling","1/62","11/5248",0.0909090909090909,7.6950146627566,2.43019827779064,0.122653678793681,0.376543217987599,0.311292288974604,"c102902-g1",1
"GO:0050853","GO:0050853","B cell receptor signaling pathway","1/62","11/5248",0.0909090909090909,7.6950146627566,2.43019827779064,0.122653678793681,0.376543217987599,0.311292288974604,"c102902-g1",1
"GO:0060706","GO:0060706","cell differentiation involved in embryonic placenta development","1/62","11/5248",0.0909090909090909,7.6950146627566,2.43019827779064,0.122653678793681,0.376543217987599,0.311292288974604,"c101822-g1",1
"GO:0060716","GO:0060716","labyrinthine layer blood vessel development","1/62","11/5248",0.0909090909090909,7.6950146627566,2.43019827779064,0.122653678793681,0.376543217987599,0.311292288974604,"c101822-g1",1
"GO:0097440","GO:0097440","apical dendrite","1/62","11/5248",0.0909090909090909,7.6950146627566,2.43019827779064,0.122653678793681,0.376543217987599,0.311292288974604,"c40816-g1",1
"GO:1901099","GO:1901099","negative regulation of signal transduction in absence of ligand","1/62","11/5248",0.0909090909090909,7.6950146627566,2.43019827779064,0.122653678793681,0.376543217987599,0.311292288974604,"c101822-g1",1
"GO:1903170","GO:1903170","negative regulation of calcium ion transmembrane transport","1/62","11/5248",0.0909090909090909,7.6950146627566,2.43019827779064,0.122653678793681,0.376543217987599,0.311292288974604,"c104424-g4",1
"GO:1903409","GO:1903409","reactive oxygen species biosynthetic process","1/62","11/5248",0.0909090909090909,7.6950146627566,2.43019827779064,0.122653678793681,0.376543217987599,0.311292288974604,"c101822-g1",1
"GO:2000010","GO:2000010","positive regulation of protein localization to cell surface","1/62","11/5248",0.0909090909090909,7.6950146627566,2.43019827779064,0.122653678793681,0.376543217987599,0.311292288974604,"c101822-g1",1
"GO:2001240","GO:2001240","negative regulation of extrinsic apoptotic signaling pathway in absence of ligand","1/62","11/5248",0.0909090909090909,7.6950146627566,2.43019827779064,0.122653678793681,0.376543217987599,0.311292288974604,"c101822-g1",1
"GO:0007610","GO:0007610","behavior","8/62","423/5248",0.0189125295508274,1.60085411423778,1.40904766551626,0.122892899337988,0.376728451245709,0.311445423282053,"c101113-g1/c98789-g1/c87684-g1/c101822-g1/c102902-g1/c102958-g1/c104424-g4/c98000-g2",8
"GO:0009611","GO:0009611","response to wounding","5/62","224/5248",0.0223214285714286,1.88940092165899,1.48741408462536,0.123676975200514,0.378580973506224,0.312976923166539,"c102902-g1/c102958-g1/c104424-g3/c104424-g4/c105479-g1",5
"GO:1900006","GO:1900006","positive regulation of dendrite development","2/62","53/5248",0.0377358490566038,3.19415702982349,1.75528638862739,0.12916866250758,0.38895051556898,0.321549534038633,"c103611-g2/c102138-g1",2
"GO:0046883","GO:0046883","regulation of hormone secretion","3/62","106/5248",0.0283018867924528,2.39561777236762,1.58704232226147,0.129287395641151,0.38895051556898,0.321549534038633,"c101822-g1/c102902-g1/c104424-g4",3
"GO:0044306","GO:0044306","neuron projection terminus","3/62","107/5248",0.0280373831775701,2.373228821224,1.56908372331416,0.131951441133592,0.38895051556898,0.321549534038633,"c102723-g1/c87684-g1/c40816-g1",3
"GO:0061025","GO:0061025","membrane fusion","3/62","107/5248",0.0280373831775701,2.373228821224,1.56908372331416,0.131951441133592,0.38895051556898,0.321549534038633,"c102537-g1/c87684-g1/c95002-g1",3
"GO:0001786","GO:0001786","phosphatidylserine binding","1/62","12/5248",0.0833333333333333,7.05376344086022,2.2953629695693,0.133040440663987,0.38895051556898,0.321549534038633,"c87684-g1",1
"GO:0001893","GO:0001893","maternal placenta development","1/62","12/5248",0.0833333333333333,7.05376344086022,2.2953629695693,0.133040440663987,0.38895051556898,0.321549534038633,"c101822-g1",1
"GO:0001910","GO:0001910","regulation of leukocyte mediated cytotoxicity","1/62","12/5248",0.0833333333333333,7.05376344086022,2.2953629695693,0.133040440663987,0.38895051556898,0.321549534038633,"c98407-g1",1
"GO:0003906","GO:0003906","DNA-(apurinic or apyrimidinic site) endonuclease activity","1/62","12/5248",0.0833333333333333,7.05376344086022,2.2953629695693,0.133040440663987,0.38895051556898,0.321549534038633,"c101482-g1",1
"GO:0004529","GO:0004529","DNA exonuclease activity","1/62","12/5248",0.0833333333333333,7.05376344086022,2.2953629695693,0.133040440663987,0.38895051556898,0.321549534038633,"c101482-g1",1
"GO:0007077","GO:0007077","mitotic nuclear membrane disassembly","1/62","12/5248",0.0833333333333333,7.05376344086022,2.2953629695693,0.133040440663987,0.38895051556898,0.321549534038633,"c102902-g1",1
"GO:0007603","GO:0007603","phototransduction, visible light","1/62","12/5248",0.0833333333333333,7.05376344086022,2.2953629695693,0.133040440663987,0.38895051556898,0.321549534038633,"c102902-g1",1
"GO:0009250","GO:0009250","glucan biosynthetic process","1/62","12/5248",0.0833333333333333,7.05376344086022,2.2953629695693,0.133040440663987,0.38895051556898,0.321549534038633,"c101822-g1",1
"GO:0010962","GO:0010962","regulation of glucan biosynthetic process","1/62","12/5248",0.0833333333333333,7.05376344086022,2.2953629695693,0.133040440663987,0.38895051556898,0.321549534038633,"c101822-g1",1
"GO:0016891","GO:0016891","RNA endonuclease activity producing 5'-phosphomonoesters, hydrolytic mechanism","1/62","12/5248",0.0833333333333333,7.05376344086022,2.2953629695693,0.133040440663987,0.38895051556898,0.321549534038633,"c101482-g1",1
"GO:0016895","GO:0016895","DNA exonuclease activity, producing 5'-phosphomonoesters","1/62","12/5248",0.0833333333333333,7.05376344086022,2.2953629695693,0.133040440663987,0.38895051556898,0.321549534038633,"c101482-g1",1
"GO:0030507","GO:0030507","spectrin binding","1/62","12/5248",0.0833333333333333,7.05376344086022,2.2953629695693,0.133040440663987,0.38895051556898,0.321549534038633,"c103330-g1",1
"GO:0032094","GO:0032094","response to food","1/62","12/5248",0.0833333333333333,7.05376344086022,2.2953629695693,0.133040440663987,0.38895051556898,0.321549534038633,"c101822-g1",1
"GO:0035173","GO:0035173","histone kinase activity","1/62","12/5248",0.0833333333333333,7.05376344086022,2.2953629695693,0.133040440663987,0.38895051556898,0.321549534038633,"c102902-g1",1
"GO:0035332","GO:0035332","positive regulation of hippo signaling","1/62","12/5248",0.0833333333333333,7.05376344086022,2.2953629695693,0.133040440663987,0.38895051556898,0.321549534038633,"c103280-g1",1
"GO:0035924","GO:0035924","cellular response to vascular endothelial growth factor stimulus","1/62","12/5248",0.0833333333333333,7.05376344086022,2.2953629695693,0.133040440663987,0.38895051556898,0.321549534038633,"c101822-g1",1
"GO:0071361","GO:0071361","cellular response to ethanol","1/62","12/5248",0.0833333333333333,7.05376344086022,2.2953629695693,0.133040440663987,0.38895051556898,0.321549534038633,"c104424-g4",1
"GO:0071887","GO:0071887","leukocyte apoptotic process","1/62","12/5248",0.0833333333333333,7.05376344086022,2.2953629695693,0.133040440663987,0.38895051556898,0.321549534038633,"c101822-g1",1
"GO:0090153","GO:0090153","regulation of sphingolipid biosynthetic process","1/62","12/5248",0.0833333333333333,7.05376344086022,2.2953629695693,0.133040440663987,0.38895051556898,0.321549534038633,"c104424-g3",1
"GO:0090387","GO:0090387","phagolysosome assembly involved in apoptotic cell clearance","1/62","12/5248",0.0833333333333333,7.05376344086022,2.2953629695693,0.133040440663987,0.38895051556898,0.321549534038633,"c95060-g1",1
"GO:0140104","GO:0140104","molecular carrier activity","1/62","12/5248",0.0833333333333333,7.05376344086022,2.2953629695693,0.133040440663987,0.38895051556898,0.321549534038633,"c89492-g1",1
"GO:1903214","GO:1903214","regulation of protein targeting to mitochondrion","1/62","12/5248",0.0833333333333333,7.05376344086022,2.2953629695693,0.133040440663987,0.38895051556898,0.321549534038633,"c98789-g1",1
"GO:1904385","GO:1904385","cellular response to angiotensin","1/62","12/5248",0.0833333333333333,7.05376344086022,2.2953629695693,0.133040440663987,0.38895051556898,0.321549534038633,"c104424-g3",1
"GO:1905038","GO:1905038","regulation of membrane lipid metabolic process","1/62","12/5248",0.0833333333333333,7.05376344086022,2.2953629695693,0.133040440663987,0.38895051556898,0.321549534038633,"c104424-g3",1
"GO:2000191","GO:2000191","regulation of fatty acid transport","1/62","12/5248",0.0833333333333333,7.05376344086022,2.2953629695693,0.133040440663987,0.38895051556898,0.321549534038633,"c101822-g1",1
"GO:2000648","GO:2000648","positive regulation of stem cell proliferation","1/62","12/5248",0.0833333333333333,7.05376344086022,2.2953629695693,0.133040440663987,0.38895051556898,0.321549534038633,"c102958-g1",1
"GO:2000810","GO:2000810","regulation of bicellular tight junction assembly","1/62","12/5248",0.0833333333333333,7.05376344086022,2.2953629695693,0.133040440663987,0.38895051556898,0.321549534038633,"c104424-g4",1
"GO:0032993","GO:0032993","protein-DNA complex","2/62","54/5248",0.037037037037037,3.13500597371565,1.72417015153497,0.133159222091754,0.38895051556898,0.321549534038633,"c91030-g1/c92636-g1",2
"GO:0099738","GO:0099738","cell cortex region","2/62","54/5248",0.037037037037037,3.13500597371565,1.72417015153497,0.133159222091754,0.38895051556898,0.321549534038633,"c103330-g1/c102958-g1",2
"GO:0006887","GO:0006887","exocytosis","7/62","363/5248",0.0192837465564738,1.63227583755443,1.36509455593437,0.134189447874193,0.391416865959904,0.323588492176579,"c102537-g1/c87684-g1/c95002-g1/c104424-g3/c104424-g4/c98407-g1/c95060-g1",7
"GO:0009267","GO:0009267","cellular response to starvation","3/62","108/5248",0.0277777777777778,2.35125448028674,1.55132426592316,0.134635074433777,0.392173536317475,0.324214039620685,"c104424-g3/c101864-g1/c78921-g1",3
"GO:1902904","GO:1902904","negative regulation of supramolecular fiber organization","2/62","55/5248",0.0363636363636364,3.07800586510264,1.6937685831015,0.137178107368954,0.399029135523506,0.329881636505162,"c104424-g3/c98000-g2",2
"GO:0042326","GO:0042326","negative regulation of phosphorylation","5/62","232/5248",0.021551724137931,1.82424916573971,1.40397335403762,0.137670268543315,0.399738871346729,0.330468382669811,"c98789-g1/c101822-g1/c102902-g1/c104424-g3/c98000-g2",5
"GO:0045944","GO:0045944","positive regulation of transcription by RNA polymerase II","7/62","366/5248",0.0191256830601093,1.61889652741054,1.34213073438966,0.138409403222256,0.399738871346729,0.330468382669811,"c101822-g1/c104424-g3/c102000-g1/c98750-g1/c98854-g1/c98854-g3/c103705-g1",7
"GO:0003682","GO:0003682","chromatin binding","5/62","233/5248",0.0214592274678112,1.8164197701786,1.39377004174615,0.139468311688733,0.399738871346729,0.330468382669811,"c102902-g1/c91030-g1/c92636-g1/c101392-g1/c101482-g1",5
"GO:0031400","GO:0031400","negative regulation of protein modification process","6/62","299/5248",0.020066889632107,1.6985651095048,1.35993727753913,0.139616665658152,0.399738871346729,0.330468382669811,"c98789-g1/c101822-g1/c102902-g1/c104424-g3/c104424-g4/c98000-g2",6
"GO:0005516","GO:0005516","calmodulin binding","2/62","56/5248",0.0357142857142857,3.02304147465438,1.66405079375606,0.141224122293007,0.399738871346729,0.330468382669811,"c87684-g1/c101822-g1",2
"GO:0051294","GO:0051294","establishment of spindle orientation","2/62","56/5248",0.0357142857142857,3.02304147465438,1.66405079375606,0.141224122293007,0.399738871346729,0.330468382669811,"c102958-g1/c102138-g1",2
"GO:0070372","GO:0070372","regulation of ERK1 and ERK2 cascade","2/62","56/5248",0.0357142857142857,3.02304147465438,1.66405079375606,0.141224122293007,0.399738871346729,0.330468382669811,"c98789-g1/c102902-g1",2
"GO:0071495","GO:0071495","cellular response to endogenous stimulus","8/62","438/5248",0.0182648401826484,1.54603034320224,1.30501773902386,0.14190672472139,0.399738871346729,0.330468382669811,"c101822-g1/c104424-g3/c104424-g4/c101482-g1/c95060-g1/c101864-g1/c78921-g1/c40816-g1",8
"GO:0050773","GO:0050773","regulation of dendrite development","3/62","111/5248",0.027027027027027,2.28770706190061,1.49919769069274,0.142800111257811,0.399738871346729,0.330468382669811,"c103611-g2/c101822-g1/c102138-g1",3
"GO:0007005","GO:0007005","mitochondrion organization","5/62","235/5248",0.0212765957446809,1.8009608785175,1.37350898175117,0.143096161212761,0.399738871346729,0.330468382669811,"c101822-g1/c102000-g1/c98750-g1/c98854-g1/c98854-g3",5
"GO:0002220","GO:0002220","innate immune response activating cell surface receptor signaling pathway","1/62","13/5248",0.0769230769230769,6.51116625310174,2.17516379628699,0.143306195568272,0.399738871346729,0.330468382669811,"c104424-g3",1
"GO:0002223","GO:0002223","stimulatory C-type lectin receptor signaling pathway","1/62","13/5248",0.0769230769230769,6.51116625310174,2.17516379628699,0.143306195568272,0.399738871346729,0.330468382669811,"c104424-g3",1
"GO:0002709","GO:0002709","regulation of T cell mediated immunity","1/62","13/5248",0.0769230769230769,6.51116625310174,2.17516379628699,0.143306195568272,0.399738871346729,0.330468382669811,"c98407-g1",1
"GO:0005246","GO:0005246","calcium channel regulator activity","1/62","13/5248",0.0769230769230769,6.51116625310174,2.17516379628699,0.143306195568272,0.399738871346729,0.330468382669811,"c102902-g1",1
"GO:0008594","GO:0008594","photoreceptor cell morphogenesis","1/62","13/5248",0.0769230769230769,6.51116625310174,2.17516379628699,0.143306195568272,0.399738871346729,0.330468382669811,"c103611-g2",1
"GO:0010918","GO:0010918","positive regulation of mitochondrial membrane potential","1/62","13/5248",0.0769230769230769,6.51116625310174,2.17516379628699,0.143306195568272,0.399738871346729,0.330468382669811,"c101822-g1",1
"GO:0031341","GO:0031341","regulation of cell killing","1/62","13/5248",0.0769230769230769,6.51116625310174,2.17516379628699,0.143306195568272,0.399738871346729,0.330468382669811,"c98407-g1",1
"GO:0032946","GO:0032946","positive regulation of mononuclear cell proliferation","1/62","13/5248",0.0769230769230769,6.51116625310174,2.17516379628699,0.143306195568272,0.399738871346729,0.330468382669811,"c104424-g3",1
"GO:0032963","GO:0032963","collagen metabolic process","1/62","13/5248",0.0769230769230769,6.51116625310174,2.17516379628699,0.143306195568272,0.399738871346729,0.330468382669811,"c104424-g3",1
"GO:0034315","GO:0034315","regulation of Arp2/3 complex-mediated actin nucleation","1/62","13/5248",0.0769230769230769,6.51116625310174,2.17516379628699,0.143306195568272,0.399738871346729,0.330468382669811,"c98000-g2",1
"GO:0043029","GO:0043029","T cell homeostasis","1/62","13/5248",0.0769230769230769,6.51116625310174,2.17516379628699,0.143306195568272,0.399738871346729,0.330468382669811,"c101822-g1",1
"GO:0045923","GO:0045923","positive regulation of fatty acid metabolic process","1/62","13/5248",0.0769230769230769,6.51116625310174,2.17516379628699,0.143306195568272,0.399738871346729,0.330468382669811,"c101822-g1",1
"GO:0046320","GO:0046320","regulation of fatty acid oxidation","1/62","13/5248",0.0769230769230769,6.51116625310174,2.17516379628699,0.143306195568272,0.399738871346729,0.330468382669811,"c101822-g1",1
"GO:0048841","GO:0048841","regulation of axon extension involved in axon guidance","1/62","13/5248",0.0769230769230769,6.51116625310174,2.17516379628699,0.143306195568272,0.399738871346729,0.330468382669811,"c103611-g2",1
"GO:0050671","GO:0050671","positive regulation of lymphocyte proliferation","1/62","13/5248",0.0769230769230769,6.51116625310174,2.17516379628699,0.143306195568272,0.399738871346729,0.330468382669811,"c104424-g3",1
"GO:0060292","GO:0060292","long-term synaptic depression","1/62","13/5248",0.0769230769230769,6.51116625310174,2.17516379628699,0.143306195568272,0.399738871346729,0.330468382669811,"c101822-g1",1
"GO:0060674","GO:0060674","placenta blood vessel development","1/62","13/5248",0.0769230769230769,6.51116625310174,2.17516379628699,0.143306195568272,0.399738871346729,0.330468382669811,"c101822-g1",1
"GO:0072327","GO:0072327","vulval cell fate specification","1/62","13/5248",0.0769230769230769,6.51116625310174,2.17516379628699,0.143306195568272,0.399738871346729,0.330468382669811,"c101113-g1",1
"GO:0090322","GO:0090322","regulation of superoxide metabolic process","1/62","13/5248",0.0769230769230769,6.51116625310174,2.17516379628699,0.143306195568272,0.399738871346729,0.330468382669811,"c104424-g3",1
"GO:0090383","GO:0090383","phagosome acidification","1/62","13/5248",0.0769230769230769,6.51116625310174,2.17516379628699,0.143306195568272,0.399738871346729,0.330468382669811,"c95060-g1",1
"GO:1900073","GO:1900073","regulation of neuromuscular synaptic transmission","1/62","13/5248",0.0769230769230769,6.51116625310174,2.17516379628699,0.143306195568272,0.399738871346729,0.330468382669811,"c87684-g1",1
"GO:0005773","GO:0005773","vacuole","7/62","370/5248",0.0189189189189189,1.60139494333043,1.31182183934784,0.14413906707964,0.401530258293282,0.331949341339076,"c104424-g3/c102000-g1/c96969-g1/c98750-g1/c98854-g1/c98854-g3/c95060-g1",7
"GO:0051961","GO:0051961","negative regulation of nervous system development","4/62","172/5248",0.0232558139534884,1.96849212303076,1.41199978382715,0.144604770657078,0.402292166492742,0.332579218962861,"c102723-g1/c101822-g1/c28978-g1/c80891-g1",4
"GO:0050839","GO:0050839","cell adhesion molecule binding","2/62","57/5248",0.0350877192982456,2.97000565930956,1.63498776773241,0.145296094281568,0.402292166492742,0.332579218962861,"c103611-g2/c102902-g1",2
"GO:0050953","GO:0050953","sensory perception of light stimulus","2/62","57/5248",0.0350877192982456,2.97000565930956,1.63498776773241,0.145296094281568,0.402292166492742,0.332579218962861,"c102902-g1/c103705-g1",2
"GO:0071216","GO:0071216","cellular response to biotic stimulus","2/62","57/5248",0.0350877192982456,2.97000565930956,1.63498776773241,0.145296094281568,0.402292166492742,0.332579218962861,"c101822-g1/c104424-g4",2
"GO:0002694","GO:0002694","regulation of leukocyte activation","3/62","112/5248",0.0267857142857143,2.26728110599078,1.48219240799871,0.145558704115608,0.402292166492742,0.332579218962861,"c101822-g1/c104424-g3/c98407-g1",3
"GO:0045471","GO:0045471","response to ethanol","3/62","112/5248",0.0267857142857143,2.26728110599078,1.48219240799871,0.145558704115608,0.402292166492742,0.332579218962861,"c102902-g1/c104424-g3/c104424-g4",3
"GO:0051656","GO:0051656","establishment of organelle localization","6/62","303/5248",0.0198019801980198,1.67614180772916,1.32559567155338,0.146014786179151,0.403023774172074,0.333184046823917,"c102537-g1/c87684-g1/c95002-g1/c102958-g1/c104424-g4/c102138-g1",6
"GO:0005884","GO:0005884","actin filament","2/62","58/5248",0.0344827586206897,2.91879866518354,1.60655221841204,0.149392873843648,0.40666551176278,0.336194710079291,"c110137-g1/c40816-g1",2
"GO:0035296","GO:0035296","regulation of tube diameter","2/62","58/5248",0.0344827586206897,2.91879866518354,1.60655221841204,0.149392873843648,0.40666551176278,0.336194710079291,"c101822-g1/c104424-g3",2
"GO:0040001","GO:0040001","establishment of mitotic spindle localization","2/62","58/5248",0.0344827586206897,2.91879866518354,1.60655221841204,0.149392873843648,0.40666551176278,0.336194710079291,"c102958-g1/c102138-g1",2
"GO:0070482","GO:0070482","response to oxygen levels","4/62","175/5248",0.0228571428571429,1.9347465437788,1.37504079102894,0.151182062671564,0.40666551176278,0.336194710079291,"c101822-g1/c102902-g1/c104424-g3/c104424-g4",4
"GO:0098542","GO:0098542","defense response to other organism","4/62","175/5248",0.0228571428571429,1.9347465437788,1.37504079102894,0.151182062671564,0.40666551176278,0.336194710079291,"c102958-g1/c104424-g3/c99537-g1/c95060-g1",4
"GO:0005764","GO:0005764","lysosome","6/62","307/5248",0.0195439739413681,1.65430282652096,1.29174169446466,0.152548693652635,0.40666551176278,0.336194710079291,"c104424-g3/c102000-g1/c98750-g1/c98854-g1/c98854-g3/c95060-g1",6
"GO:0055085","GO:0055085","transmembrane transport","7/62","376/5248",0.0186170212765957,1.57584076870281,1.26700349344016,0.152950381214795,0.40666551176278,0.336194710079291,"c101822-g1/c104424-g3/c104424-g4/c103499-g1/c5014-g2/c93435-g1/c94480-g1",7
"GO:0005652","GO:0005652","nuclear lamina","1/62","14/5248",0.0714285714285714,6.04608294930876,2.06698185717251,0.153452330405859,0.40666551176278,0.336194710079291,"c101392-g1",1
"GO:0005918","GO:0005918","septate junction","1/62","14/5248",0.0714285714285714,6.04608294930876,2.06698185717251,0.153452330405859,0.40666551176278,0.336194710079291,"c103219-g2",1
"GO:0007157","GO:0007157","heterophilic cell-cell adhesion","1/62","14/5248",0.0714285714285714,6.04608294930876,2.06698185717251,0.153452330405859,0.40666551176278,0.336194710079291,"c103611-g2",1
"GO:0010613","GO:0010613","positive regulation of cardiac muscle hypertrophy","1/62","14/5248",0.0714285714285714,6.04608294930876,2.06698185717251,0.153452330405859,0.40666551176278,0.336194710079291,"c102902-g1",1
"GO:0010765","GO:0010765","positive regulation of sodium ion transport","1/62","14/5248",0.0714285714285714,6.04608294930876,2.06698185717251,0.153452330405859,0.40666551176278,0.336194710079291,"c101822-g1",1
"GO:0014742","GO:0014742","positive regulation of muscle hypertrophy","1/62","14/5248",0.0714285714285714,6.04608294930876,2.06698185717251,0.153452330405859,0.40666551176278,0.336194710079291,"c102902-g1",1
"GO:0016334","GO:0016334","establishment or maintenance of polarity of follicular epithelium","1/62","14/5248",0.0714285714285714,6.04608294930876,2.06698185717251,0.153452330405859,0.40666551176278,0.336194710079291,"c102958-g1",1
"GO:0021955","GO:0021955","central nervous system neuron axonogenesis","1/62","14/5248",0.0714285714285714,6.04608294930876,2.06698185717251,0.153452330405859,0.40666551176278,0.336194710079291,"c102902-g1",1
"GO:0030834","GO:0030834","regulation of actin filament depolymerization","1/62","14/5248",0.0714285714285714,6.04608294930876,2.06698185717251,0.153452330405859,0.40666551176278,0.336194710079291,"c40816-g1",1
"GO:0032148","GO:0032148","activation of protein kinase B activity","1/62","14/5248",0.0714285714285714,6.04608294930876,2.06698185717251,0.153452330405859,0.40666551176278,0.336194710079291,"c101822-g1",1
"GO:0034103","GO:0034103","regulation of tissue remodeling","1/62","14/5248",0.0714285714285714,6.04608294930876,2.06698185717251,0.153452330405859,0.40666551176278,0.336194710079291,"c102902-g1",1
"GO:0034405","GO:0034405","response to fluid shear stress","1/62","14/5248",0.0714285714285714,6.04608294930876,2.06698185717251,0.153452330405859,0.40666551176278,0.336194710079291,"c101822-g1",1
"GO:0045907","GO:0045907","positive regulation of vasoconstriction","1/62","14/5248",0.0714285714285714,6.04608294930876,2.06698185717251,0.153452330405859,0.40666551176278,0.336194710079291,"c101822-g1",1
"GO:0046426","GO:0046426","negative regulation of receptor signaling pathway via JAK-STAT","1/62","14/5248",0.0714285714285714,6.04608294930876,2.06698185717251,0.153452330405859,0.40666551176278,0.336194710079291,"c103611-g2",1
"GO:0051721","GO:0051721","protein phosphatase 2A binding","1/62","14/5248",0.0714285714285714,6.04608294930876,2.06698185717251,0.153452330405859,0.40666551176278,0.336194710079291,"c101822-g1",1
"GO:0051926","GO:0051926","negative regulation of calcium ion transport","1/62","14/5248",0.0714285714285714,6.04608294930876,2.06698185717251,0.153452330405859,0.40666551176278,0.336194710079291,"c104424-g4",1
"GO:0060079","GO:0060079","excitatory postsynaptic potential","1/62","14/5248",0.0714285714285714,6.04608294930876,2.06698185717251,0.153452330405859,0.40666551176278,0.336194710079291,"c101822-g1",1
"GO:0060251","GO:0060251","regulation of glial cell proliferation","1/62","14/5248",0.0714285714285714,6.04608294930876,2.06698185717251,0.153452330405859,0.40666551176278,0.336194710079291,"c104424-g4",1
"GO:0060416","GO:0060416","response to growth hormone","1/62","14/5248",0.0714285714285714,6.04608294930876,2.06698185717251,0.153452330405859,0.40666551176278,0.336194710079291,"c101822-g1",1
"GO:0072325","GO:0072325","vulval cell fate commitment","1/62","14/5248",0.0714285714285714,6.04608294930876,2.06698185717251,0.153452330405859,0.40666551176278,0.336194710079291,"c101113-g1",1
"GO:0097530","GO:0097530","granulocyte migration","1/62","14/5248",0.0714285714285714,6.04608294930876,2.06698185717251,0.153452330405859,0.40666551176278,0.336194710079291,"c102902-g1",1
"GO:1904893","GO:1904893","negative regulation of receptor signaling pathway via STAT","1/62","14/5248",0.0714285714285714,6.04608294930876,2.06698185717251,0.153452330405859,0.40666551176278,0.336194710079291,"c103611-g2",1
"GO:1990266","GO:1990266","neutrophil migration","1/62","14/5248",0.0714285714285714,6.04608294930876,2.06698185717251,0.153452330405859,0.40666551176278,0.336194710079291,"c102902-g1",1
"GO:1990776","GO:1990776","response to angiotensin","1/62","14/5248",0.0714285714285714,6.04608294930876,2.06698185717251,0.153452330405859,0.40666551176278,0.336194710079291,"c104424-g3",1
"GO:0051651","GO:0051651","maintenance of location in cell","2/62","59/5248",0.0338983050847458,2.86932750136687,1.57871845712923,0.153513334212445,0.40666551176278,0.336194710079291,"c103219-g2/c101822-g1",2
"GO:0034765","GO:0034765","regulation of monoatomic ion transmembrane transport","3/62","115/5248",0.0260869565217391,2.20813464235624,1.43223323148307,0.153940467078183,0.406773680886641,0.336284134646126,"c101822-g1/c102902-g1/c104424-g4",3
"GO:0043393","GO:0043393","regulation of protein binding","3/62","115/5248",0.0260869565217391,2.20813464235624,1.43223323148307,0.153940467078183,0.406773680886641,0.336284134646126,"c103330-g1/c101822-g1/c104424-g3",3
"GO:0006979","GO:0006979","response to oxidative stress","5/62","241/5248",0.020746887966805,1.75612367822246,1.31385574541468,0.15422813688658,0.407023128174358,0.336490355375813,"c101822-g1/c102902-g1/c104424-g3/c101482-g1/c40816-g1",5
"GO:0001101","GO:0001101","response to acid chemical","4/62","177/5248",0.0225988700564972,1.91288500091124,1.35079990068293,0.155631234911136,0.410211990892181,0.339126622150081,"c98789-g1/c101822-g1/c104424-g3/c104424-g4",4
"GO:0016324","GO:0016324","apical plasma membrane","3/62","116/5248",0.0258620689655172,2.18909899888765,1.4159202889257,0.156768583801579,0.412322557877276,0.340871450356882,"c101113-g1/c102958-g1/c95060-g1",3
"GO:0048259","GO:0048259","regulation of receptor-mediated endocytosis","2/62","60/5248",0.0333333333333333,2.82150537634409,1.55146227397969,0.157656370983407,0.412322557877276,0.340871450356882,"c98789-g1/c102902-g1",2
"GO:0050727","GO:0050727","regulation of inflammatory response","2/62","60/5248",0.0333333333333333,2.82150537634409,1.55146227397969,0.157656370983407,0.412322557877276,0.340871450356882,"c102902-g1/c104424-g3",2
"GO:0043405","GO:0043405","regulation of MAP kinase activity","3/62","117/5248",0.0256410256410256,2.17038875103391,1.3997716171503,0.159613232773942,0.412322557877276,0.340871450356882,"c98789-g1/c102902-g1/c104424-g3",3
"GO:0033993","GO:0033993","response to lipid","6/62","312/5248",0.0192307692307692,1.62779156327543,1.25008722541236,0.160902143171229,0.412322557877276,0.340871450356882,"c101822-g1/c102902-g1/c104424-g4/c105908-g1/c12761-g1/c78092-g1",6
"GO:0015291","GO:0015291","secondary active transmembrane transporter activity","2/62","61/5248",0.0327868852459016,2.77525118984664,1.52476082935379,0.161820901757453,0.412322557877276,0.340871450356882,"c103499-g1/c5014-g2",2
"GO:0031594","GO:0031594","neuromuscular junction","2/62","61/5248",0.0327868852459016,2.77525118984664,1.52476082935379,0.161820901757453,0.412322557877276,0.340871450356882,"c87684-g1/c104424-g3",2
"GO:0043086","GO:0043086","negative regulation of catalytic activity","5/62","245/5248",0.0204081632653061,1.72745227123107,1.27499187010387,0.161849946178856,0.412322557877276,0.340871450356882,"c98789-g1/c101822-g1/c102902-g1/c104424-g3/c98000-g2",5
"GO:0003713","GO:0003713","transcription coactivator activity","3/62","118/5248",0.0254237288135593,2.15199562602515,1.38378389514947,0.16247407517567,0.412322557877276,0.340871450356882,"c102902-g1/c103705-g1/c101482-g1",3
"GO:0008015","GO:0008015","blood circulation","3/62","118/5248",0.0254237288135593,2.15199562602515,1.38378389514947,0.16247407517567,0.412322557877276,0.340871450356882,"c101822-g1/c104424-g3/c101482-g1",3
"GO:0050770","GO:0050770","regulation of axonogenesis","3/62","118/5248",0.0254237288135593,2.15199562602515,1.38378389514947,0.16247407517567,0.412322557877276,0.340871450356882,"c103611-g2/c28978-g1/c80891-g1",3
"GO:0019991","GO:0019991","septate junction assembly","1/62","15/5248",0.0666666666666667,5.64301075268817,1.96881573769393,0.16348021644232,0.412322557877276,0.340871450356882,"c103219-g2",1
"GO:0022400","GO:0022400","regulation of opsin-mediated signaling pathway","1/62","15/5248",0.0666666666666667,5.64301075268817,1.96881573769393,0.16348021644232,0.412322557877276,0.340871450356882,"c102902-g1",1
"GO:0030421","GO:0030421","defecation","1/62","15/5248",0.0666666666666667,5.64301075268817,1.96881573769393,0.16348021644232,0.412322557877276,0.340871450356882,"c87684-g1",1
"GO:0030947","GO:0030947","regulation of vascular endothelial growth factor receptor signaling pathway","1/62","15/5248",0.0666666666666667,5.64301075268817,1.96881573769393,0.16348021644232,0.412322557877276,0.340871450356882,"c102902-g1",1
"GO:0031018","GO:0031018","endocrine pancreas development","1/62","15/5248",0.0666666666666667,5.64301075268817,1.96881573769393,0.16348021644232,0.412322557877276,0.340871450356882,"c101822-g1",1
"GO:0038061","GO:0038061","non-canonical NF-kappaB signal transduction","1/62","15/5248",0.0666666666666667,5.64301075268817,1.96881573769393,0.16348021644232,0.412322557877276,0.340871450356882,"c101822-g1",1
"GO:0045196","GO:0045196","establishment or maintenance of neuroblast polarity","1/62","15/5248",0.0666666666666667,5.64301075268817,1.96881573769393,0.16348021644232,0.412322557877276,0.340871450356882,"c102958-g1",1
"GO:0045429","GO:0045429","positive regulation of nitric oxide biosynthetic process","1/62","15/5248",0.0666666666666667,5.64301075268817,1.96881573769393,0.16348021644232,0.412322557877276,0.340871450356882,"c101822-g1",1
"GO:0045472","GO:0045472","response to ether","1/62","15/5248",0.0666666666666667,5.64301075268817,1.96881573769393,0.16348021644232,0.412322557877276,0.340871450356882,"c40816-g1",1
"GO:0045822","GO:0045822","negative regulation of heart contraction","1/62","15/5248",0.0666666666666667,5.64301075268817,1.96881573769393,0.16348021644232,0.412322557877276,0.340871450356882,"c102902-g1",1
"GO:0045838","GO:0045838","positive regulation of membrane potential","1/62","15/5248",0.0666666666666667,5.64301075268817,1.96881573769393,0.16348021644232,0.412322557877276,0.340871450356882,"c101822-g1",1
"GO:0050999","GO:0050999","regulation of nitric-oxide synthase activity","1/62","15/5248",0.0666666666666667,5.64301075268817,1.96881573769393,0.16348021644232,0.412322557877276,0.340871450356882,"c101822-g1",1
"GO:0051560","GO:0051560","mitochondrial calcium ion homeostasis","1/62","15/5248",0.0666666666666667,5.64301075268817,1.96881573769393,0.16348021644232,0.412322557877276,0.340871450356882,"c104424-g4",1
"GO:0060711","GO:0060711","labyrinthine layer development","1/62","15/5248",0.0666666666666667,5.64301075268817,1.96881573769393,0.16348021644232,0.412322557877276,0.340871450356882,"c101822-g1",1
"GO:0061180","GO:0061180","mammary gland epithelium development","1/62","15/5248",0.0666666666666667,5.64301075268817,1.96881573769393,0.16348021644232,0.412322557877276,0.340871450356882,"c101822-g1",1
"GO:0070665","GO:0070665","positive regulation of leukocyte proliferation","1/62","15/5248",0.0666666666666667,5.64301075268817,1.96881573769393,0.16348021644232,0.412322557877276,0.340871450356882,"c104424-g3",1
"GO:0070873","GO:0070873","regulation of glycogen metabolic process","1/62","15/5248",0.0666666666666667,5.64301075268817,1.96881573769393,0.16348021644232,0.412322557877276,0.340871450356882,"c101822-g1",1
"GO:0090386","GO:0090386","phagosome maturation involved in apoptotic cell clearance","1/62","15/5248",0.0666666666666667,5.64301075268817,1.96881573769393,0.16348021644232,0.412322557877276,0.340871450356882,"c95060-g1",1
"GO:0097366","GO:0097366","response to bronchodilator","1/62","15/5248",0.0666666666666667,5.64301075268817,1.96881573769393,0.16348021644232,0.412322557877276,0.340871450356882,"c98789-g1",1
"GO:0099172","GO:0099172","presynapse organization","1/62","15/5248",0.0666666666666667,5.64301075268817,1.96881573769393,0.16348021644232,0.412322557877276,0.340871450356882,"c103611-g2",1
"GO:0099565","GO:0099565","chemical synaptic transmission, postsynaptic","1/62","15/5248",0.0666666666666667,5.64301075268817,1.96881573769393,0.16348021644232,0.412322557877276,0.340871450356882,"c101822-g1",1
"GO:1900101","GO:1900101","regulation of endoplasmic reticulum unfolded protein response","1/62","15/5248",0.0666666666666667,5.64301075268817,1.96881573769393,0.16348021644232,0.412322557877276,0.340871450356882,"c103705-g1",1
"GO:1902176","GO:1902176","negative regulation of oxidative stress-induced intrinsic apoptotic signaling pathway","1/62","15/5248",0.0666666666666667,5.64301075268817,1.96881573769393,0.16348021644232,0.412322557877276,0.340871450356882,"c101822-g1",1
"GO:1903307","GO:1903307","positive regulation of regulated secretory pathway","1/62","15/5248",0.0666666666666667,5.64301075268817,1.96881573769393,0.16348021644232,0.412322557877276,0.340871450356882,"c87684-g1",1
"GO:1904353","GO:1904353","regulation of telomere capping","1/62","15/5248",0.0666666666666667,5.64301075268817,1.96881573769393,0.16348021644232,0.412322557877276,0.340871450356882,"c104424-g3",1
"GO:0001654","GO:0001654","eye development","6/62","314/5248",0.0191082802547771,1.61742346414629,1.23362596636286,0.164300065530873,0.413894662689018,0.342171126149665,"c103611-g2/c102958-g1/c103705-g1/c105908-g1/c12761-g1/c78092-g1",6
"GO:0034330","GO:0034330","cell junction organization","3/62","119/5248",0.0252100840336134,2.1339116291678,1.36795389756657,0.16535077268636,0.416043879662453,0.343947906713499,"c103219-g2/c102902-g1/c102958-g1",3
"GO:0045185","GO:0045185","maintenance of protein location","2/62","62/5248",0.032258064516129,2.73048907388137,1.4985925550702,0.166005865789298,0.417193739083844,0.344898507744629,"c103219-g2/c101822-g1",2
"GO:0019216","GO:0019216","regulation of lipid metabolic process","4/62","182/5248",0.021978021978022,1.86033321517192,1.29153122980979,0.166970351755277,0.41911747413184,0.346488879999032,"c101822-g1/c104424-g3/c104424-g4/c101392-g1",4
"GO:0002697","GO:0002697","regulation of immune effector process","3/62","120/5248",0.025,2.11612903225806,1.35227849114815,0.168242987574926,0.421126665777463,0.348149900132915,"c104424-g3/c98407-g1/c89492-g1",3
"GO:0042742","GO:0042742","defense response to bacterium","3/62","120/5248",0.025,2.11612903225806,1.35227849114815,0.168242987574926,0.421126665777463,0.348149900132915,"c104424-g3/c99537-g1/c95060-g1",3
"GO:0060541","GO:0060541","respiratory system development","4/62","183/5248",0.0218579234972678,1.85016745989776,1.27989817263523,0.169273996381388,0.421126665777463,0.348149900132915,"c101113-g1/c103219-g2/c101822-g1/c102958-g1",4
"GO:0071482","GO:0071482","cellular response to light stimulus","2/62","63/5248",0.0317460317460317,2.68714797747056,1.47293706412001,0.170210223640792,0.421126665777463,0.348149900132915,"c101822-g1/c102902-g1",2
"GO:0005912","GO:0005912","adherens junction","3/62","121/5248",0.0247933884297521,2.09864036256998,1.33675463135664,0.171150382787017,0.421126665777463,0.348149900132915,"c103611-g2/c78536-g1/c40816-g1",3
"GO:0043207","GO:0043207","response to external biotic stimulus","6/62","319/5248",0.0188087774294671,1.59207199919102,1.19295915834695,0.172932401203654,0.421126665777463,0.348149900132915,"c101822-g1/c102958-g1/c104424-g3/c104424-g4/c99537-g1/c95060-g1",6
"GO:0051707","GO:0051707","response to other organism","6/62","319/5248",0.0188087774294671,1.59207199919102,1.19295915834695,0.172932401203654,0.421126665777463,0.348149900132915,"c101822-g1/c102958-g1/c104424-g3/c104424-g4/c99537-g1/c95060-g1",6
"GO:0001649","GO:0001649","osteoblast differentiation","1/62","16/5248",0.0625,5.29032258064516,1.87910562000491,0.17339120948275,0.421126665777463,0.348149900132915,"c101822-g1",1
"GO:0002092","GO:0002092","positive regulation of receptor internalization","1/62","16/5248",0.0625,5.29032258064516,1.87910562000491,0.17339120948275,0.421126665777463,0.348149900132915,"c98789-g1",1
"GO:0009954","GO:0009954","proximal/distal pattern formation","1/62","16/5248",0.0625,5.29032258064516,1.87910562000491,0.17339120948275,0.421126665777463,0.348149900132915,"c103219-g2",1
"GO:0014075","GO:0014075","response to amine","1/62","16/5248",0.0625,5.29032258064516,1.87910562000491,0.17339120948275,0.421126665777463,0.348149900132915,"c98789-g1",1
"GO:0016628","GO:0016628","oxidoreductase activity, acting on the CH-CH group of donors, NAD or NADP as acceptor","1/62","16/5248",0.0625,5.29032258064516,1.87910562000491,0.17339120948275,0.421126665777463,0.348149900132915,"c101392-g1",1
"GO:0017056","GO:0017056","structural constituent of nuclear pore","1/62","16/5248",0.0625,5.29032258064516,1.87910562000491,0.17339120948275,0.421126665777463,0.348149900132915,"c89492-g1",1
"GO:0030397","GO:0030397","membrane disassembly","1/62","16/5248",0.0625,5.29032258064516,1.87910562000491,0.17339120948275,0.421126665777463,0.348149900132915,"c102902-g1",1
"GO:0031641","GO:0031641","regulation of myelination","1/62","16/5248",0.0625,5.29032258064516,1.87910562000491,0.17339120948275,0.421126665777463,0.348149900132915,"c101822-g1",1
"GO:0032288","GO:0032288","myelin assembly","1/62","16/5248",0.0625,5.29032258064516,1.87910562000491,0.17339120948275,0.421126665777463,0.348149900132915,"c103219-g2",1
"GO:0032885","GO:0032885","regulation of polysaccharide biosynthetic process","1/62","16/5248",0.0625,5.29032258064516,1.87910562000491,0.17339120948275,0.421126665777463,0.348149900132915,"c101822-g1",1
"GO:0033619","GO:0033619","membrane protein proteolysis","1/62","16/5248",0.0625,5.29032258064516,1.87910562000491,0.17339120948275,0.421126665777463,0.348149900132915,"c104424-g3",1
"GO:0034389","GO:0034389","lipid droplet organization","1/62","16/5248",0.0625,5.29032258064516,1.87910562000491,0.17339120948275,0.421126665777463,0.348149900132915,"c104424-g4",1
"GO:0043325","GO:0043325","phosphatidylinositol-3,4-bisphosphate binding","1/62","16/5248",0.0625,5.29032258064516,1.87910562000491,0.17339120948275,0.421126665777463,0.348149900132915,"c101822-g1",1
"GO:0045600","GO:0045600","positive regulation of fat cell differentiation","1/62","16/5248",0.0625,5.29032258064516,1.87910562000491,0.17339120948275,0.421126665777463,0.348149900132915,"c101822-g1",1
"GO:0046785","GO:0046785","microtubule polymerization","1/62","16/5248",0.0625,5.29032258064516,1.87910562000491,0.17339120948275,0.421126665777463,0.348149900132915,"c102138-g1",1
"GO:0051059","GO:0051059","NF-kappaB binding","1/62","16/5248",0.0625,5.29032258064516,1.87910562000491,0.17339120948275,0.421126665777463,0.348149900132915,"c101482-g1",1
"GO:0051081","GO:0051081","nuclear membrane disassembly","1/62","16/5248",0.0625,5.29032258064516,1.87910562000491,0.17339120948275,0.421126665777463,0.348149900132915,"c102902-g1",1
"GO:0051125","GO:0051125","regulation of actin nucleation","1/62","16/5248",0.0625,5.29032258064516,1.87910562000491,0.17339120948275,0.421126665777463,0.348149900132915,"c98000-g2",1
"GO:0051353","GO:0051353","positive regulation of oxidoreductase activity","1/62","16/5248",0.0625,5.29032258064516,1.87910562000491,0.17339120948275,0.421126665777463,0.348149900132915,"c101822-g1",1
"GO:0090398","GO:0090398","cellular senescence","1/62","16/5248",0.0625,5.29032258064516,1.87910562000491,0.17339120948275,0.421126665777463,0.348149900132915,"c104424-g3",1
"GO:2001239","GO:2001239","regulation of extrinsic apoptotic signaling pathway in absence of ligand","1/62","16/5248",0.0625,5.29032258064516,1.87910562000491,0.17339120948275,0.421126665777463,0.348149900132915,"c101822-g1",1
"GO:0043408","GO:0043408","regulation of MAPK cascade","5/62","251/5248",0.0199203187250996,1.68615859144069,1.21798464209846,0.17356977487884,0.421126665777463,0.348149900132915,"c98789-g1/c101822-g1/c102902-g1/c104424-g3/c104424-g4",5
"GO:0046777","GO:0046777","protein autophosphorylation","3/62","122/5248",0.0245901639344262,2.08143839238498,1.32137935913475,0.174072622029781,0.421763268775445,0.348676186611978,"c101822-g1/c102902-g1/c104424-g3",3
"GO:0010001","GO:0010001","glial cell differentiation","2/62","64/5248",0.03125,2.64516129032258,1.44777506814696,0.174432956839227,0.421763268775445,0.348676186611978,"c103219-g2/c101822-g1",2
"GO:0042335","GO:0042335","cuticle development","2/62","64/5248",0.03125,2.64516129032258,1.44777506814696,0.174432956839227,0.421763268775445,0.348676186611978,"c103219-g2/c101822-g1",2
"GO:0007411","GO:0007411","axon guidance","4/62","186/5248",0.021505376344086,1.82032604925425,1.24542341056685,0.176253748481739,0.425677057686401,0.351911757591497,"c101113-g1/c103611-g2/c102902-g1/c104424-g3",4
"GO:0031396","GO:0031396","regulation of protein ubiquitination","3/62","123/5248",0.024390243902439,2.06451612903226,1.30614979781356,0.177009369854037,0.426523721867964,0.352611703888446,"c101822-g1/c102902-g1/c104424-g4",3
"GO:0070161","GO:0070161","anchoring junction","3/62","123/5248",0.024390243902439,2.06451612903226,1.30614979781356,0.177009369854037,0.426523721867964,0.352611703888446,"c103611-g2/c78536-g1/c40816-g1",3
"GO:0034728","GO:0034728","nucleosome organization","2/62","65/5248",0.0307692307692308,2.60446650124069,1.42308830189104,0.178673067540537,0.429059840638963,0.354708340289321,"c91030-g1/c92636-g1",2
"GO:0050772","GO:0050772","positive regulation of axonogenesis","2/62","65/5248",0.0307692307692308,2.60446650124069,1.42308830189104,0.178673067540537,0.429059840638963,0.354708340289321,"c28978-g1/c80891-g1",2
"GO:0062013","GO:0062013","positive regulation of small molecule metabolic process","2/62","65/5248",0.0307692307692308,2.60446650124069,1.42308830189104,0.178673067540537,0.429059840638963,0.354708340289321,"c101822-g1/c104424-g4",2
"GO:0007186","GO:0007186","G protein-coupled receptor signaling pathway","3/62","124/5248",0.0241935483870968,2.04786680541103,1.29106315015695,0.179960291733907,0.430715241398171,0.356076877729083,"c101822-g1/c102902-g1/c104424-g4",3
"GO:0051054","GO:0051054","positive regulation of DNA metabolic process","3/62","124/5248",0.0241935483870968,2.04786680541103,1.29106315015695,0.179960291733907,0.430715241398171,0.356076877729083,"c101822-g1/c102902-g1/c104424-g3",3
"GO:0043025","GO:0043025","neuronal cell body","6/62","323/5248",0.0185758513931889,1.57235593728153,1.16091241775738,0.179975979311677,0.430715241398171,0.356076877729083,"c101113-g1/c98789-g1/c101822-g1/c102902-g1/c95060-g1/c40816-g1",6
"GO:0045637","GO:0045637","regulation of myeloid cell differentiation","2/62","66/5248",0.0303030303030303,2.56500488758553,1.39885945390984,0.182929578197319,0.432016892487007,0.357152966548463,"c102902-g1/c104424-g3",2
"GO:0001845","GO:0001845","phagolysosome assembly","1/62","17/5248",0.0588235294117647,4.97912713472486,1.79661506312942,0.183186650043161,0.432016892487007,0.357152966548463,"c95060-g1",1
"GO:0007100","GO:0007100","mitotic centrosome separation","1/62","17/5248",0.0588235294117647,4.97912713472486,1.79661506312942,0.183186650043161,0.432016892487007,0.357152966548463,"c102138-g1",1
"GO:0014850","GO:0014850","response to muscle activity","1/62","17/5248",0.0588235294117647,4.97912713472486,1.79661506312942,0.183186650043161,0.432016892487007,0.357152966548463,"c101822-g1",1
"GO:0031091","GO:0031091","platelet alpha granule","1/62","17/5248",0.0588235294117647,4.97912713472486,1.79661506312942,0.183186650043161,0.432016892487007,0.357152966548463,"c98407-g1",1
"GO:0031435","GO:0031435","mitogen-activated protein kinase kinase kinase binding","1/62","17/5248",0.0588235294117647,4.97912713472486,1.79661506312942,0.183186650043161,0.432016892487007,0.357152966548463,"c104424-g3",1
"GO:0042771","GO:0042771","intrinsic apoptotic signaling pathway in response to DNA damage by p53 class mediator","1/62","17/5248",0.0588235294117647,4.97912713472486,1.79661506312942,0.183186650043161,0.432016892487007,0.357152966548463,"c101822-g1",1
"GO:0045742","GO:0045742","positive regulation of epidermal growth factor receptor signaling pathway","1/62","17/5248",0.0588235294117647,4.97912713472486,1.79661506312942,0.183186650043161,0.432016892487007,0.357152966548463,"c101822-g1",1
"GO:0045792","GO:0045792","negative regulation of cell size","1/62","17/5248",0.0588235294117647,4.97912713472486,1.79661506312942,0.183186650043161,0.432016892487007,0.357152966548463,"c101822-g1",1
"GO:0046634","GO:0046634","regulation of alpha-beta T cell activation","1/62","17/5248",0.0588235294117647,4.97912713472486,1.79661506312942,0.183186650043161,0.432016892487007,0.357152966548463,"c104424-g3",1
"GO:0050729","GO:0050729","positive regulation of inflammatory response","1/62","17/5248",0.0588235294117647,4.97912713472486,1.79661506312942,0.183186650043161,0.432016892487007,0.357152966548463,"c102902-g1",1
"GO:1903727","GO:1903727","positive regulation of phospholipid metabolic process","1/62","17/5248",0.0588235294117647,4.97912713472486,1.79661506312942,0.183186650043161,0.432016892487007,0.357152966548463,"c104424-g3",1
"GO:1903747","GO:1903747","regulation of establishment of protein localization to mitochondrion","1/62","17/5248",0.0588235294117647,4.97912713472486,1.79661506312942,0.183186650043161,0.432016892487007,0.357152966548463,"c98789-g1",1
"GO:0030866","GO:0030866","cortical actin cytoskeleton organization","2/62","67/5248",0.0298507462686567,2.52672123254694,1.37507210296945,0.187201531231629,0.440498798629956,0.364165048699928,"c105479-g1/c40816-g1",2
"GO:0051293","GO:0051293","establishment of spindle localization","2/62","67/5248",0.0298507462686567,2.52672123254694,1.37507210296945,0.187201531231629,0.440498798629956,0.364165048699928,"c102958-g1/c102138-g1",2
"GO:0030001","GO:0030001","metal ion transport","4/62","191/5248",0.0209424083769634,1.77267353487587,1.18932723674079,0.188106521063629,0.441020326355171,0.364596201225297,"c102902-g1/c104424-g4/c103499-g1/c5014-g2",4
"GO:0097485","GO:0097485","neuron projection guidance","4/62","191/5248",0.0209424083769634,1.77267353487587,1.18932723674079,0.188106521063629,0.441020326355171,0.364596201225297,"c101113-g1/c103611-g2/c102902-g1/c104424-g3",4
"GO:0007293","GO:0007293","germarium-derived egg chamber formation","2/62","68/5248",0.0294117647058824,2.48956356736243,1.35171065956349,0.191487988712468,0.441020326355171,0.364596201225297,"c102958-g1/c102138-g1",2
"GO:0007298","GO:0007298","border follicle cell migration","2/62","68/5248",0.0294117647058824,2.48956356736243,1.35171065956349,0.191487988712468,0.441020326355171,0.364596201225297,"c102138-g1/c98000-g2",2
"GO:0010810","GO:0010810","regulation of cell-substrate adhesion","2/62","68/5248",0.0294117647058824,2.48956356736243,1.35171065956349,0.191487988712468,0.441020326355171,0.364596201225297,"c104424-g4/c40816-g1",2
"GO:0140101","GO:0140101","catalytic activity, acting on a tRNA","2/62","68/5248",0.0294117647058824,2.48956356736243,1.35171065956349,0.191487988712468,0.441020326355171,0.364596201225297,"c101864-g1/c78921-g1",2
"GO:0051963","GO:0051963","regulation of synapse assembly","3/62","128/5248",0.0234375,1.98387096774194,1.23209237669975,0.191899065859707,0.441020326355171,0.364596201225297,"c103611-g2/c101822-g1/c102902-g1",3
"GO:0002102","GO:0002102","podosome","1/62","18/5248",0.0555555555555556,4.70250896057348,1.72034934719089,0.192867863519996,0.441020326355171,0.364596201225297,"c40816-g1",1
"GO:0004520","GO:0004520","DNA endonuclease activity","1/62","18/5248",0.0555555555555556,4.70250896057348,1.72034934719089,0.192867863519996,0.441020326355171,0.364596201225297,"c101482-g1",1
"GO:0010633","GO:0010633","negative regulation of epithelial cell migration","1/62","18/5248",0.0555555555555556,4.70250896057348,1.72034934719089,0.192867863519996,0.441020326355171,0.364596201225297,"c98789-g1",1
"GO:0010907","GO:0010907","positive regulation of glucose metabolic process","1/62","18/5248",0.0555555555555556,4.70250896057348,1.72034934719089,0.192867863519996,0.441020326355171,0.364596201225297,"c101822-g1",1
"GO:0016327","GO:0016327","apicolateral plasma membrane","1/62","18/5248",0.0555555555555556,4.70250896057348,1.72034934719089,0.192867863519996,0.441020326355171,0.364596201225297,"c102958-g1",1
"GO:0030011","GO:0030011","maintenance of cell polarity","1/62","18/5248",0.0555555555555556,4.70250896057348,1.72034934719089,0.192867863519996,0.441020326355171,0.364596201225297,"c102958-g1",1
"GO:0032943","GO:0032943","mononuclear cell proliferation","1/62","18/5248",0.0555555555555556,4.70250896057348,1.72034934719089,0.192867863519996,0.441020326355171,0.364596201225297,"c104424-g3",1
"GO:0046651","GO:0046651","lymphocyte proliferation","1/62","18/5248",0.0555555555555556,4.70250896057348,1.72034934719089,0.192867863519996,0.441020326355171,0.364596201225297,"c104424-g3",1
"GO:0051402","GO:0051402","neuron apoptotic process","1/62","18/5248",0.0555555555555556,4.70250896057348,1.72034934719089,0.192867863519996,0.441020326355171,0.364596201225297,"c101822-g1",1
"GO:0060078","GO:0060078","regulation of postsynaptic membrane potential","1/62","18/5248",0.0555555555555556,4.70250896057348,1.72034934719089,0.192867863519996,0.441020326355171,0.364596201225297,"c101822-g1",1
"GO:0060170","GO:0060170","ciliary membrane","1/62","18/5248",0.0555555555555556,4.70250896057348,1.72034934719089,0.192867863519996,0.441020326355171,0.364596201225297,"c102902-g1",1
"GO:0070661","GO:0070661","leukocyte proliferation","1/62","18/5248",0.0555555555555556,4.70250896057348,1.72034934719089,0.192867863519996,0.441020326355171,0.364596201225297,"c104424-g3",1
"GO:0071276","GO:0071276","cellular response to cadmium ion","1/62","18/5248",0.0555555555555556,4.70250896057348,1.72034934719089,0.192867863519996,0.441020326355171,0.364596201225297,"c101822-g1",1
"GO:0098739","GO:0098739","import across plasma membrane","1/62","18/5248",0.0555555555555556,4.70250896057348,1.72034934719089,0.192867863519996,0.441020326355171,0.364596201225297,"c104424-g3",1
"GO:1900026","GO:1900026","positive regulation of substrate adhesion-dependent cell spreading","1/62","18/5248",0.0555555555555556,4.70250896057348,1.72034934719089,0.192867863519996,0.441020326355171,0.364596201225297,"c40816-g1",1
"GO:1902306","GO:1902306","negative regulation of sodium ion transmembrane transport","1/62","18/5248",0.0555555555555556,4.70250896057348,1.72034934719089,0.192867863519996,0.441020326355171,0.364596201225297,"c104424-g4",1
"GO:1903523","GO:1903523","negative regulation of blood circulation","1/62","18/5248",0.0555555555555556,4.70250896057348,1.72034934719089,0.192867863519996,0.441020326355171,0.364596201225297,"c102902-g1",1
"GO:1904263","GO:1904263","positive regulation of TORC1 signaling","1/62","18/5248",0.0555555555555556,4.70250896057348,1.72034934719089,0.192867863519996,0.441020326355171,0.364596201225297,"c101822-g1",1
"GO:2000370","GO:2000370","positive regulation of clathrin-dependent endocytosis","1/62","18/5248",0.0555555555555556,4.70250896057348,1.72034934719089,0.192867863519996,0.441020326355171,0.364596201225297,"c102902-g1",1
"GO:0017022","GO:0017022","myosin binding","2/62","69/5248",0.0289855072463768,2.45348293595138,1.32876031207759,0.195788032037913,0.443171053756285,0.366374230475781,"c102958-g1/c95060-g1",2
"GO:0031406","GO:0031406","carboxylic acid binding","2/62","69/5248",0.0289855072463768,2.45348293595138,1.32876031207759,0.195788032037913,0.443171053756285,0.366374230475781,"c28978-g1/c80891-g1",2
"GO:0045089","GO:0045089","positive regulation of innate immune response","2/62","69/5248",0.0289855072463768,2.45348293595138,1.32876031207759,0.195788032037913,0.443171053756285,0.366374230475781,"c104424-g3/c104424-g4",2
"GO:0051653","GO:0051653","spindle localization","2/62","69/5248",0.0289855072463768,2.45348293595138,1.32876031207759,0.195788032037913,0.443171053756285,0.366374230475781,"c102958-g1/c102138-g1",2
"GO:0071456","GO:0071456","cellular response to hypoxia","2/62","69/5248",0.0289855072463768,2.45348293595138,1.32876031207759,0.195788032037913,0.443171053756285,0.366374230475781,"c101822-g1/c104424-g4",2
"GO:0009607","GO:0009607","response to biotic stimulus","6/62","332/5248",0.0180722891566265,1.529731830548,1.09032079452688,0.196250780627817,0.443171053756285,0.366374230475781,"c101822-g1/c102958-g1/c104424-g3/c104424-g4/c99537-g1/c95060-g1",6
"GO:0099568","GO:0099568","cytoplasmic region","6/62","332/5248",0.0180722891566265,1.529731830548,1.09032079452688,0.196250780627817,0.443171053756285,0.366374230475781,"c103280-g1/c103330-g1/c101822-g1/c102958-g1/c104992-g1/c88159-g1",6
"GO:0019898","GO:0019898","extrinsic component of membrane","3/62","130/5248",0.0230769230769231,1.95334987593052,1.20339712720866,0.197944880002075,0.443171053756285,0.366374230475781,"c102537-g1/c95002-g1/c102902-g1",3
"GO:0006812","GO:0006812","monoatomic cation transport","5/62","263/5248",0.0190114068441065,1.60922359867533,1.10829948447712,0.197971857676967,0.443171053756285,0.366374230475781,"c102902-g1/c104424-g4/c103499-g1/c5014-g2/c94480-g1",5
"GO:1902532","GO:1902532","negative regulation of intracellular signal transduction","5/62","264/5248",0.0189393939393939,1.60312805474096,1.09940472101563,0.200059451537375,0.443171053756285,0.366374230475781,"c103611-g2/c98789-g1/c101822-g1/c102902-g1/c104424-g3",5
"GO:0010469","GO:0010469","regulation of signaling receptor activity","2/62","70/5248",0.0285714285714286,2.4184331797235,1.30620697716879,0.20010076162182,0.443171053756285,0.366374230475781,"c104424-g3/c104424-g4",2
"GO:0051494","GO:0051494","negative regulation of cytoskeleton organization","2/62","70/5248",0.0285714285714286,2.4184331797235,1.30620697716879,0.20010076162182,0.443171053756285,0.366374230475781,"c104424-g3/c98000-g2",2
"GO:0071900","GO:0071900","regulation of protein serine/threonine kinase activity","4/62","196/5248",0.0204081632653061,1.72745227123107,1.13484353925311,0.200216703363627,0.443171053756285,0.366374230475781,"c98789-g1/c101822-g1/c102902-g1/c104424-g3",4
"GO:0046983","GO:0046983","protein dimerization activity","8/62","479/5248",0.0167014613778706,1.41369789211395,1.03841875696837,0.200903752854295,0.443171053756285,0.366374230475781,"c98789-g1/c87684-g1/c101822-g1/c102000-g1/c98750-g1/c98854-g1/c98854-g3/c103705-g1",8
"GO:0001784","GO:0001784","phosphotyrosine residue binding","1/62","19/5248",0.0526315789473684,4.45500848896435,1.6494977176616,0.202436160357809,0.443171053756285,0.366374230475781,"c98789-g1",1
"GO:0002026","GO:0002026","regulation of the force of heart contraction","1/62","19/5248",0.0526315789473684,4.45500848896435,1.6494977176616,0.202436160357809,0.443171053756285,0.366374230475781,"c102902-g1",1
"GO:0002708","GO:0002708","positive regulation of lymphocyte mediated immunity","1/62","19/5248",0.0526315789473684,4.45500848896435,1.6494977176616,0.202436160357809,0.443171053756285,0.366374230475781,"c98407-g1",1
"GO:0005637","GO:0005637","nuclear inner membrane","1/62","19/5248",0.0526315789473684,4.45500848896435,1.6494977176616,0.202436160357809,0.443171053756285,0.366374230475781,"c101392-g1",1
"GO:0006695","GO:0006695","cholesterol biosynthetic process","1/62","19/5248",0.0526315789473684,4.45500848896435,1.6494977176616,0.202436160357809,0.443171053756285,0.366374230475781,"c101392-g1",1
"GO:0006984","GO:0006984","ER-nucleus signaling pathway","1/62","19/5248",0.0526315789473684,4.45500848896435,1.6494977176616,0.202436160357809,0.443171053756285,0.366374230475781,"c103705-g1",1
"GO:0009584","GO:0009584","detection of visible light","1/62","19/5248",0.0526315789473684,4.45500848896435,1.6494977176616,0.202436160357809,0.443171053756285,0.366374230475781,"c102902-g1",1
"GO:0009925","GO:0009925","basal plasma membrane","1/62","19/5248",0.0526315789473684,4.45500848896435,1.6494977176616,0.202436160357809,0.443171053756285,0.366374230475781,"c103611-g2",1
"GO:0010766","GO:0010766","negative regulation of sodium ion transport","1/62","19/5248",0.0526315789473684,4.45500848896435,1.6494977176616,0.202436160357809,0.443171053756285,0.366374230475781,"c104424-g4",1
"GO:0014015","GO:0014015","positive regulation of gliogenesis","1/62","19/5248",0.0526315789473684,4.45500848896435,1.6494977176616,0.202436160357809,0.443171053756285,0.366374230475781,"c104424-g4",1
"GO:0014911","GO:0014911","positive regulation of smooth muscle cell migration","1/62","19/5248",0.0526315789473684,4.45500848896435,1.6494977176616,0.202436160357809,0.443171053756285,0.366374230475781,"c40816-g1",1
"GO:0030837","GO:0030837","negative regulation of actin filament polymerization","1/62","19/5248",0.0526315789473684,4.45500848896435,1.6494977176616,0.202436160357809,0.443171053756285,0.366374230475781,"c104424-g3",1
"GO:0033119","GO:0033119","negative regulation of RNA splicing","1/62","19/5248",0.0526315789473684,4.45500848896435,1.6494977176616,0.202436160357809,0.443171053756285,0.366374230475781,"c101822-g1",1
"GO:0044091","GO:0044091","membrane biogenesis","1/62","19/5248",0.0526315789473684,4.45500848896435,1.6494977176616,0.202436160357809,0.443171053756285,0.366374230475781,"c103611-g2",1
"GO:0044304","GO:0044304","main axon","1/62","19/5248",0.0526315789473684,4.45500848896435,1.6494977176616,0.202436160357809,0.443171053756285,0.366374230475781,"c103219-g2",1
"GO:0045604","GO:0045604","regulation of epidermal cell differentiation","1/62","19/5248",0.0526315789473684,4.45500848896435,1.6494977176616,0.202436160357809,0.443171053756285,0.366374230475781,"c104424-g4",1
"GO:0045737","GO:0045737","positive regulation of cyclin-dependent protein serine/threonine kinase activity","1/62","19/5248",0.0526315789473684,4.45500848896435,1.6494977176616,0.202436160357809,0.443171053756285,0.366374230475781,"c101822-g1",1
"GO:0051385","GO:0051385","response to mineralocorticoid","1/62","19/5248",0.0526315789473684,4.45500848896435,1.6494977176616,0.202436160357809,0.443171053756285,0.366374230475781,"c102902-g1",1
"GO:0090199","GO:0090199","regulation of release of cytochrome c from mitochondria","1/62","19/5248",0.0526315789473684,4.45500848896435,1.6494977176616,0.202436160357809,0.443171053756285,0.366374230475781,"c101822-g1",1
"GO:0090207","GO:0090207","regulation of triglyceride metabolic process","1/62","19/5248",0.0526315789473684,4.45500848896435,1.6494977176616,0.202436160357809,0.443171053756285,0.366374230475781,"c101822-g1",1
"GO:0097035","GO:0097035","regulation of membrane lipid distribution","1/62","19/5248",0.0526315789473684,4.45500848896435,1.6494977176616,0.202436160357809,0.443171053756285,0.366374230475781,"c104424-g3",1
"GO:1901186","GO:1901186","positive regulation of ERBB signaling pathway","1/62","19/5248",0.0526315789473684,4.45500848896435,1.6494977176616,0.202436160357809,0.443171053756285,0.366374230475781,"c101822-g1",1
"GO:1903428","GO:1903428","positive regulation of reactive oxygen species biosynthetic process","1/62","19/5248",0.0526315789473684,4.45500848896435,1.6494977176616,0.202436160357809,0.443171053756285,0.366374230475781,"c101822-g1",1
"GO:1904262","GO:1904262","negative regulation of TORC1 signaling","1/62","19/5248",0.0526315789473684,4.45500848896435,1.6494977176616,0.202436160357809,0.443171053756285,0.366374230475781,"c101822-g1",1
"GO:1905898","GO:1905898","positive regulation of response to endoplasmic reticulum stress","1/62","19/5248",0.0526315789473684,4.45500848896435,1.6494977176616,0.202436160357809,0.443171053756285,0.366374230475781,"c103705-g1",1
"GO:1905953","GO:1905953","negative regulation of lipid localization","1/62","19/5248",0.0526315789473684,4.45500848896435,1.6494977176616,0.202436160357809,0.443171053756285,0.366374230475781,"c101822-g1",1
"GO:2001024","GO:2001024","negative regulation of response to drug","1/62","19/5248",0.0526315789473684,4.45500848896435,1.6494977176616,0.202436160357809,0.443171053756285,0.366374230475781,"c104424-g4",1
"GO:0050803","GO:0050803","regulation of synapse structure or activity","4/62","197/5248",0.0203045685279188,1.71868347797609,1.12413173989614,0.202667847582124,0.443217535833804,0.366412657704359,"c103611-g2/c87684-g1/c101822-g1/c102902-g1",4
"GO:0006109","GO:0006109","regulation of carbohydrate metabolic process","2/62","71/5248",0.028169014084507,2.38437074057247,1.2840372539743,0.204425296585043,0.44521165936722,0.368061220869387,"c101822-g1/c104424-g4",2
"GO:0009749","GO:0009749","response to glucose","2/62","71/5248",0.028169014084507,2.38437074057247,1.2840372539743,0.204425296585043,0.44521165936722,0.368061220869387,"c102902-g1/c104424-g3",2
"GO:0043177","GO:0043177","organic acid binding","2/62","71/5248",0.028169014084507,2.38437074057247,1.2840372539743,0.204425296585043,0.44521165936722,0.368061220869387,"c28978-g1/c80891-g1",2
"GO:0050796","GO:0050796","regulation of insulin secretion","2/62","71/5248",0.028169014084507,2.38437074057247,1.2840372539743,0.204425296585043,0.44521165936722,0.368061220869387,"c102902-g1/c104424-g4",2
"GO:0045087","GO:0045087","innate immune response","3/62","133/5248",0.0225563909774436,1.90928935241329,1.16128877376025,0.207101776605606,0.450574732986989,0.372494930954406,"c102958-g1/c104424-g3/c99537-g1",3
"GO:0050708","GO:0050708","regulation of protein secretion","3/62","134/5248",0.0223880597014925,1.89504092441021,1.14749301663374,0.210176295349976,0.453041942202048,0.374534599091412,"c102902-g1/c104424-g3/c104424-g4",3
"GO:0002062","GO:0002062","chondrocyte differentiation","1/62","20/5248",0.05,4.23225806451613,1.58339167313024,0.211892836215108,0.453041942202048,0.374534599091412,"c102902-g1",1
"GO:0007317","GO:0007317","regulation of pole plasm oskar mRNA localization","1/62","20/5248",0.05,4.23225806451613,1.58339167313024,0.211892836215108,0.453041942202048,0.374534599091412,"c87684-g1",1
"GO:0008139","GO:0008139","nuclear localization sequence binding","1/62","20/5248",0.05,4.23225806451613,1.58339167313024,0.211892836215108,0.453041942202048,0.374534599091412,"c101392-g1",1
"GO:0010884","GO:0010884","positive regulation of lipid storage","1/62","20/5248",0.05,4.23225806451613,1.58339167313024,0.211892836215108,0.453041942202048,0.374534599091412,"c101822-g1",1
"GO:0031489","GO:0031489","myosin V binding","1/62","20/5248",0.05,4.23225806451613,1.58339167313024,0.211892836215108,0.453041942202048,0.374534599091412,"c95060-g1",1
"GO:0032881","GO:0032881","regulation of polysaccharide metabolic process","1/62","20/5248",0.05,4.23225806451613,1.58339167313024,0.211892836215108,0.453041942202048,0.374534599091412,"c101822-g1",1
"GO:0042162","GO:0042162","telomeric DNA binding","1/62","20/5248",0.05,4.23225806451613,1.58339167313024,0.211892836215108,0.453041942202048,0.374534599091412,"c101482-g1",1
"GO:0043051","GO:0043051","regulation of nematode pharyngeal pumping","1/62","20/5248",0.05,4.23225806451613,1.58339167313024,0.211892836215108,0.453041942202048,0.374534599091412,"c87684-g1",1
"GO:0045198","GO:0045198","establishment of epithelial cell apical/basal polarity","1/62","20/5248",0.05,4.23225806451613,1.58339167313024,0.211892836215108,0.453041942202048,0.374534599091412,"c102958-g1",1
"GO:0045466","GO:0045466","R7 cell differentiation","1/62","20/5248",0.05,4.23225806451613,1.58339167313024,0.211892836215108,0.453041942202048,0.374534599091412,"c103611-g2",1
"GO:0045652","GO:0045652","regulation of megakaryocyte differentiation","1/62","20/5248",0.05,4.23225806451613,1.58339167313024,0.211892836215108,0.453041942202048,0.374534599091412,"c104424-g3",1
"GO:0070228","GO:0070228","regulation of lymphocyte apoptotic process","1/62","20/5248",0.05,4.23225806451613,1.58339167313024,0.211892836215108,0.453041942202048,0.374534599091412,"c104424-g3",1
"GO:0070821","GO:0070821","tertiary granule membrane","1/62","20/5248",0.05,4.23225806451613,1.58339167313024,0.211892836215108,0.453041942202048,0.374534599091412,"c95060-g1",1
"GO:0120033","GO:0120033","negative regulation of plasma membrane bounded cell projection assembly","1/62","20/5248",0.05,4.23225806451613,1.58339167313024,0.211892836215108,0.453041942202048,0.374534599091412,"c104424-g3",1
"GO:1902175","GO:1902175","regulation of oxidative stress-induced intrinsic apoptotic signaling pathway","1/62","20/5248",0.05,4.23225806451613,1.58339167313024,0.211892836215108,0.453041942202048,0.374534599091412,"c101822-g1",1
"GO:2000179","GO:2000179","positive regulation of neural precursor cell proliferation","1/62","20/5248",0.05,4.23225806451613,1.58339167313024,0.211892836215108,0.453041942202048,0.374534599091412,"c102958-g1",1
"GO:0031072","GO:0031072","heat shock protein binding","2/62","73/5248",0.0273972602739726,2.31904551480336,1.24079820101127,0.213106350846286,0.454713247094506,0.37591628464753,"c28978-g1/c80891-g1",2
"GO:0036294","GO:0036294","cellular response to decreased oxygen levels","2/62","73/5248",0.0273972602739726,2.31904551480336,1.24079820101127,0.213106350846286,0.454713247094506,0.37591628464753,"c101822-g1/c104424-g4",2
"GO:0050768","GO:0050768","negative regulation of neurogenesis","3/62","136/5248",0.0220588235294118,1.86717267552182,1.12024944415972,0.216356741524811,0.461181475355518,0.381263637845767,"c102723-g1/c28978-g1/c80891-g1",3
"GO:0008284","GO:0008284","positive regulation of cell population proliferation","5/62","272/5248",0.0183823529411765,1.55597722960152,1.02952380256748,0.217035469082655,0.462132477823996,0.382049841715844,"c101822-g1/c102902-g1/c102958-g1/c104424-g3/c104424-g4",5
"GO:0005925","GO:0005925","focal adhesion","2/62","74/5248",0.027027027027027,2.28770706190061,1.2197051167506,0.217461199203979,0.462132477823996,0.382049841715844,"c103611-g2/c40816-g1",2
"GO:0009746","GO:0009746","response to hexose","2/62","74/5248",0.027027027027027,2.28770706190061,1.2197051167506,0.217461199203979,0.462132477823996,0.382049841715844,"c102902-g1/c104424-g3",2
"GO:0002224","GO:0002224","toll-like receptor signaling pathway","1/62","21/5248",0.0476190476190476,4.03072196620584,1.52147427816597,0.221239172128395,0.462690860479046,0.38251146260426,"c104424-g4",1
"GO:0005871","GO:0005871","kinesin complex","1/62","21/5248",0.0476190476190476,4.03072196620584,1.52147427816597,0.221239172128395,0.462690860479046,0.38251146260426,"c102138-g1",1
"GO:0030537","GO:0030537","larval behavior","1/62","21/5248",0.0476190476190476,4.03072196620584,1.52147427816597,0.221239172128395,0.462690860479046,0.38251146260426,"c87684-g1",1
"GO:0051019","GO:0051019","mitogen-activated protein kinase binding","1/62","21/5248",0.0476190476190476,4.03072196620584,1.52147427816597,0.221239172128395,0.462690860479046,0.38251146260426,"c98789-g1",1
"GO:0051898","GO:0051898","negative regulation of phosphatidylinositol 3-kinase/protein kinase B signal transduction","1/62","21/5248",0.0476190476190476,4.03072196620584,1.52147427816597,0.221239172128395,0.462690860479046,0.38251146260426,"c101822-g1",1
"GO:0061178","GO:0061178","regulation of insulin secretion involved in cellular response to glucose stimulus","1/62","21/5248",0.0476190476190476,4.03072196620584,1.52147427816597,0.221239172128395,0.462690860479046,0.38251146260426,"c104424-g4",1
"GO:0070988","GO:0070988","demethylation","1/62","21/5248",0.0476190476190476,4.03072196620584,1.52147427816597,0.221239172128395,0.462690860479046,0.38251146260426,"c101482-g1",1
"GO:0072332","GO:0072332","intrinsic apoptotic signaling pathway by p53 class mediator","1/62","21/5248",0.0476190476190476,4.03072196620584,1.52147427816597,0.221239172128395,0.462690860479046,0.38251146260426,"c101822-g1",1
"GO:0090278","GO:0090278","negative regulation of peptide hormone secretion","1/62","21/5248",0.0476190476190476,4.03072196620584,1.52147427816597,0.221239172128395,0.462690860479046,0.38251146260426,"c101822-g1",1
"GO:1900024","GO:1900024","regulation of substrate adhesion-dependent cell spreading","1/62","21/5248",0.0476190476190476,4.03072196620584,1.52147427816597,0.221239172128395,0.462690860479046,0.38251146260426,"c40816-g1",1
"GO:1900078","GO:1900078","positive regulation of cellular response to insulin stimulus","1/62","21/5248",0.0476190476190476,4.03072196620584,1.52147427816597,0.221239172128395,0.462690860479046,0.38251146260426,"c101822-g1",1
"GO:1902875","GO:1902875","regulation of embryonic pattern specification","1/62","21/5248",0.0476190476190476,4.03072196620584,1.52147427816597,0.221239172128395,0.462690860479046,0.38251146260426,"c87684-g1",1
"GO:1903035","GO:1903035","negative regulation of response to wounding","1/62","21/5248",0.0476190476190476,4.03072196620584,1.52147427816597,0.221239172128395,0.462690860479046,0.38251146260426,"c104424-g3",1
"GO:1903793","GO:1903793","positive regulation of monoatomic anion transport","1/62","21/5248",0.0476190476190476,4.03072196620584,1.52147427816597,0.221239172128395,0.462690860479046,0.38251146260426,"c104424-g3",1
"GO:1903998","GO:1903998","regulation of eating behavior","1/62","21/5248",0.0476190476190476,4.03072196620584,1.52147427816597,0.221239172128395,0.462690860479046,0.38251146260426,"c87684-g1",1
"GO:1904580","GO:1904580","regulation of intracellular mRNA localization","1/62","21/5248",0.0476190476190476,4.03072196620584,1.52147427816597,0.221239172128395,0.462690860479046,0.38251146260426,"c87684-g1",1
"GO:0006606","GO:0006606","protein import into nucleus","2/62","75/5248",0.0266666666666667,2.25720430107527,1.19894806539356,0.221824510473425,0.462995459917773,0.382763278204626,"c101822-g1/c89492-g1",2
"GO:0051100","GO:0051100","negative regulation of binding","2/62","75/5248",0.0266666666666667,2.25720430107527,1.19894806539356,0.221824510473425,0.462995459917773,0.382763278204626,"c101822-g1/c104424-g3",2
"GO:1990778","GO:1990778","protein localization to cell periphery","3/62","138/5248",0.0217391304347826,1.84011220196353,1.09345648925714,0.222576954138181,0.464106005361395,0.38368137795159,"c103219-g2/c101822-g1/c102958-g1",3
"GO:0045787","GO:0045787","positive regulation of cell cycle","4/62","206/5248",0.0194174757281553,1.64359536486063,1.03033918726209,0.225128083484851,0.46896117093877,0.387695195048096,"c101822-g1/c102902-g1/c104424-g4/c101482-g1",4
"GO:0001819","GO:0001819","positive regulation of cytokine production","2/62","76/5248",0.0263157894736842,2.22750424448217,1.17851648335521,0.226195492832583,0.470254400696367,0.388764321863244,"c104424-g3/c98407-g1",2
"GO:0030136","GO:0030136","clathrin-coated vesicle","2/62","76/5248",0.0263157894736842,2.22750424448217,1.17851648335521,0.226195492832583,0.470254400696367,0.388764321863244,"c87684-g1/c95060-g1",2
"GO:0030234","GO:0030234","enzyme regulator activity","6/62","348/5248",0.0172413793103448,1.45939933259177,0.969654600984433,0.226521093878029,0.470466887285138,0.388939986789433,"c101822-g1/c104424-g3/c104424-g4/c28978-g1/c80891-g1/c98000-g2",6
"GO:0007265","GO:0007265","Ras protein signal transduction","3/62","140/5248",0.0214285714285714,1.81382488479263,1.06709886891094,0.22883442432984,0.470530542809466,0.388992611489407,"c28978-g1/c80891-g1/c95060-g1",3
"GO:0002449","GO:0002449","lymphocyte mediated immunity","1/62","22/5248",0.0454545454545455,3.8475073313783,1.46327721198272,0.230476434674413,0.470530542809466,0.388992611489407,"c104424-g3",1
"GO:0016028","GO:0016028","rhabdomere","1/62","22/5248",0.0454545454545455,3.8475073313783,1.46327721198272,0.230476434674413,0.470530542809466,0.388992611489407,"c102902-g1",1
"GO:0019894","GO:0019894","kinesin binding","1/62","22/5248",0.0454545454545455,3.8475073313783,1.46327721198272,0.230476434674413,0.470530542809466,0.388992611489407,"c40816-g1",1
"GO:0030595","GO:0030595","leukocyte chemotaxis","1/62","22/5248",0.0454545454545455,3.8475073313783,1.46327721198272,0.230476434674413,0.470530542809466,0.388992611489407,"c102902-g1",1
"GO:0035011","GO:0035011","melanotic encapsulation of foreign target","1/62","22/5248",0.0454545454545455,3.8475073313783,1.46327721198272,0.230476434674413,0.470530542809466,0.388992611489407,"c102958-g1",1
"GO:0042149","GO:0042149","cellular response to glucose starvation","1/62","22/5248",0.0454545454545455,3.8475073313783,1.46327721198272,0.230476434674413,0.470530542809466,0.388992611489407,"c104424-g3",1
"GO:0045167","GO:0045167","asymmetric protein localization involved in cell fate determination","1/62","22/5248",0.0454545454545455,3.8475073313783,1.46327721198272,0.230476434674413,0.470530542809466,0.388992611489407,"c102958-g1",1
"GO:0045428","GO:0045428","regulation of nitric oxide biosynthetic process","1/62","22/5248",0.0454545454545455,3.8475073313783,1.46327721198272,0.230476434674413,0.470530542809466,0.388992611489407,"c101822-g1",1
"GO:0045639","GO:0045639","positive regulation of myeloid cell differentiation","1/62","22/5248",0.0454545454545455,3.8475073313783,1.46327721198272,0.230476434674413,0.470530542809466,0.388992611489407,"c102902-g1",1
"GO:0050975","GO:0050975","sensory perception of touch","1/62","22/5248",0.0454545454545455,3.8475073313783,1.46327721198272,0.230476434674413,0.470530542809466,0.388992611489407,"c104424-g4",1
"GO:0051299","GO:0051299","centrosome separation","1/62","22/5248",0.0454545454545455,3.8475073313783,1.46327721198272,0.230476434674413,0.470530542809466,0.388992611489407,"c102138-g1",1
"GO:1901682","GO:1901682","sulfur compound transmembrane transporter activity","1/62","22/5248",0.0454545454545455,3.8475073313783,1.46327721198272,0.230476434674413,0.470530542809466,0.388992611489407,"c93435-g1",1
"GO:1904031","GO:1904031","positive regulation of cyclin-dependent protein kinase activity","1/62","22/5248",0.0454545454545455,3.8475073313783,1.46327721198272,0.230476434674413,0.470530542809466,0.388992611489407,"c101822-g1",1
"GO:2000647","GO:2000647","negative regulation of stem cell proliferation","1/62","22/5248",0.0454545454545455,3.8475073313783,1.46327721198272,0.230476434674413,0.470530542809466,0.388992611489407,"c103280-g1",1
"GO:2001025","GO:2001025","positive regulation of response to drug","1/62","22/5248",0.0454545454545455,3.8475073313783,1.46327721198272,0.230476434674413,0.470530542809466,0.388992611489407,"c98789-g1",1
"GO:0034764","GO:0034764","positive regulation of transmembrane transport","2/62","77/5248",0.025974025974026,2.19857561793046,1.15840027814032,0.230573371405209,0.470530542809466,0.388992611489407,"c101822-g1/c104424-g3",2
"GO:0071453","GO:0071453","cellular response to oxygen levels","2/62","77/5248",0.025974025974026,2.19857561793046,1.15840027814032,0.230573371405209,0.470530542809466,0.388992611489407,"c101822-g1/c104424-g4",2
"GO:0065004","GO:0065004","protein-DNA complex assembly","2/62","78/5248",0.0256410256410256,2.17038875103391,1.13858980142086,0.234957387982021,0.479012835518041,0.396005013218793,"c91030-g1/c92636-g1",2
"GO:0098655","GO:0098655","monoatomic cation transmembrane transport","4/62","210/5248",0.019047619047619,1.61228878648234,0.990083885900014,0.235321668564095,0.47929152223983,0.396235406500065,"c104424-g4/c103499-g1/c5014-g2/c94480-g1",4
"GO:0030855","GO:0030855","epithelial cell differentiation","6/62","354/5248",0.0169491525423729,1.43466375068343,0.925887439023754,0.23826873325529,0.481957951414619,0.398439771899725,"c103611-g2/c103219-g2/c101822-g1/c102958-g1/c102138-g1/c98000-g2",6
"GO:0031032","GO:0031032","actomyosin structure organization","2/62","79/5248",0.0253164556962025,2.14291547570437,1.11907582397849,0.239346800745933,0.481957951414619,0.398439771899725,"c103219-g2/c103330-g1",2
"GO:0000271","GO:0000271","polysaccharide biosynthetic process","1/62","23/5248",0.0434782608695652,3.68022440392707,1.4084033469143,0.23960587613063,0.481957951414619,0.398439771899725,"c101822-g1",1
"GO:0003382","GO:0003382","epithelial cell morphogenesis","1/62","23/5248",0.0434782608695652,3.68022440392707,1.4084033469143,0.23960587613063,0.481957951414619,0.398439771899725,"c102958-g1",1
"GO:0007589","GO:0007589","body fluid secretion","1/62","23/5248",0.0434782608695652,3.68022440392707,1.4084033469143,0.23960587613063,0.481957951414619,0.398439771899725,"c95060-g1",1
"GO:0032212","GO:0032212","positive regulation of telomere maintenance via telomerase","1/62","23/5248",0.0434782608695652,3.68022440392707,1.4084033469143,0.23960587613063,0.481957951414619,0.398439771899725,"c104424-g3",1
"GO:0032467","GO:0032467","positive regulation of cytokinesis","1/62","23/5248",0.0434782608695652,3.68022440392707,1.4084033469143,0.23960587613063,0.481957951414619,0.398439771899725,"c104424-g4",1
"GO:0035089","GO:0035089","establishment of apical/basal cell polarity","1/62","23/5248",0.0434782608695652,3.68022440392707,1.4084033469143,0.23960587613063,0.481957951414619,0.398439771899725,"c102958-g1",1
"GO:0050750","GO:0050750","low-density lipoprotein particle receptor binding","1/62","23/5248",0.0434782608695652,3.68022440392707,1.4084033469143,0.23960587613063,0.481957951414619,0.398439771899725,"c87684-g1",1
"GO:0060135","GO:0060135","maternal process involved in female pregnancy","1/62","23/5248",0.0434782608695652,3.68022440392707,1.4084033469143,0.23960587613063,0.481957951414619,0.398439771899725,"c101822-g1",1
"GO:0072595","GO:0072595","maintenance of protein localization in organelle","1/62","23/5248",0.0434782608695652,3.68022440392707,1.4084033469143,0.23960587613063,0.481957951414619,0.398439771899725,"c101822-g1",1
"GO:0090303","GO:0090303","positive regulation of wound healing","1/62","23/5248",0.0434782608695652,3.68022440392707,1.4084033469143,0.23960587613063,0.481957951414619,0.398439771899725,"c104424-g4",1
"GO:2000369","GO:2000369","regulation of clathrin-dependent endocytosis","1/62","23/5248",0.0434782608695652,3.68022440392707,1.4084033469143,0.23960587613063,0.481957951414619,0.398439771899725,"c102902-g1",1
"GO:0007267","GO:0007267","cell-cell signaling","6/62","355/5248",0.0169014084507042,1.43062244434348,0.918667497080587,0.240245851730424,0.482758479758803,0.399101577208507,"c102537-g1/c87684-g1/c95002-g1/c101822-g1/c102902-g1/c104424-g4",6
"GO:0001558","GO:0001558","regulation of cell growth","4/62","212/5248",0.0188679245283019,1.59707851491175,0.970267834650994,0.240462319689926,0.482758479758803,0.399101577208507,"c103611-g2/c87684-g1/c101822-g1/c104424-g3",4
"GO:1903320","GO:1903320","regulation of protein modification by small protein conjugation or removal","3/62","144/5248",0.0208333333333333,1.76344086021505,1.01563213574983,0.241451254657641,0.484282230770469,0.400361278399738,"c101822-g1/c102902-g1/c104424-g4",3
"GO:0044297","GO:0044297","cell body","6/62","356/5248",0.0168539325842697,1.42660384197173,0.911468486567536,0.242228263533174,0.485378423407102,0.401267512528289,"c101113-g1/c98789-g1/c101822-g1/c102902-g1/c95060-g1/c40816-g1",6
"GO:0010563","GO:0010563","negative regulation of phosphorus metabolic process","5/62","284/5248",0.0176056338028169,1.49023171285779,0.928709325278424,0.243333666246027,0.486557631949466,0.402242376790332,"c98789-g1/c101822-g1/c102902-g1/c104424-g3/c98000-g2",5
"GO:0045936","GO:0045936","negative regulation of phosphate metabolic process","5/62","284/5248",0.0176056338028169,1.49023171285779,0.928709325278424,0.243333666246027,0.486557631949466,0.402242376790332,"c98789-g1/c101822-g1/c102902-g1/c104424-g3/c98000-g2",5
"GO:0048814","GO:0048814","regulation of dendrite morphogenesis","2/62","80/5248",0.025,2.11612903225806,1.09984951236099,0.243740884001276,0.486557631949466,0.402242376790332,"c103611-g2/c102138-g1",2
"GO:2000045","GO:2000045","regulation of G1/S transition of mitotic cell cycle","2/62","80/5248",0.025,2.11612903225806,1.09984951236099,0.243740884001276,0.486557631949466,0.402242376790332,"c101822-g1/c101482-g1",2
"GO:0048471","GO:0048471","perinuclear region of cytoplasm","6/62","357/5248",0.0168067226890756,1.42260775277853,0.904290268548673,0.244215898370564,0.486628359794721,0.402300848253345,"c98789-g1/c102902-g1/c104424-g4/c101482-g1/c95060-g1/c98000-g2",6
"GO:0001817","GO:0001817","regulation of cytokine production","3/62","145/5248",0.0206896551724138,1.75127919911012,1.00301563337627,0.244624914019512,0.486628359794721,0.402300848253345,"c104424-g3/c98407-g1/c89492-g1",3
"GO:0031667","GO:0031667","response to nutrient levels","5/62","286/5248",0.0174825174825175,1.47981051206858,0.912345881347025,0.247803685551022,0.486628359794721,0.402300848253345,"c101822-g1/c102902-g1/c104424-g3/c101864-g1/c78921-g1",5
"GO:0001709","GO:0001709","cell fate determination","2/62","81/5248",0.0246913580246914,2.0900039824771,1.08090240711542,0.248138927906964,0.486628359794721,0.402300848253345,"c102958-g1/c102138-g1",2
"GO:0001726","GO:0001726","ruffle","2/62","81/5248",0.0246913580246914,2.0900039824771,1.08090240711542,0.248138927906964,0.486628359794721,0.402300848253345,"c101822-g1/c40816-g1",2
"GO:0001750","GO:0001750","photoreceptor outer segment","1/62","24/5248",0.0416666666666667,3.52688172043011,1.35651334651518,0.24862873463396,0.486628359794721,0.402300848253345,"c102902-g1",1
"GO:0007249","GO:0007249","canonical NF-kappaB signal transduction","1/62","24/5248",0.0416666666666667,3.52688172043011,1.35651334651518,0.24862873463396,0.486628359794721,0.402300848253345,"c101822-g1",1
"GO:0007602","GO:0007602","phototransduction","1/62","24/5248",0.0416666666666667,3.52688172043011,1.35651334651518,0.24862873463396,0.486628359794721,0.402300848253345,"c102902-g1",1
"GO:0009593","GO:0009593","detection of chemical stimulus","1/62","24/5248",0.0416666666666667,3.52688172043011,1.35651334651518,0.24862873463396,0.486628359794721,0.402300848253345,"c87684-g1",1
"GO:0030140","GO:0030140","trans-Golgi network transport vesicle","1/62","24/5248",0.0416666666666667,3.52688172043011,1.35651334651518,0.24862873463396,0.486628359794721,0.402300848253345,"c95060-g1",1
"GO:0030859","GO:0030859","polarized epithelial cell differentiation","1/62","24/5248",0.0416666666666667,3.52688172043011,1.35651334651518,0.24862873463396,0.486628359794721,0.402300848253345,"c102958-g1",1
"GO:0033555","GO:0033555","multicellular organismal response to stress","1/62","24/5248",0.0416666666666667,3.52688172043011,1.35651334651518,0.24862873463396,0.486628359794721,0.402300848253345,"c102902-g1",1
"GO:0035006","GO:0035006","melanization defense response","1/62","24/5248",0.0416666666666667,3.52688172043011,1.35651334651518,0.24862873463396,0.486628359794721,0.402300848253345,"c102958-g1",1
"GO:0045682","GO:0045682","regulation of epidermis development","1/62","24/5248",0.0416666666666667,3.52688172043011,1.35651334651518,0.24862873463396,0.486628359794721,0.402300848253345,"c104424-g4",1
"GO:0046825","GO:0046825","regulation of protein export from nucleus","1/62","24/5248",0.0416666666666667,3.52688172043011,1.35651334651518,0.24862873463396,0.486628359794721,0.402300848253345,"c103280-g1",1
"GO:0048015","GO:0048015","phosphatidylinositol-mediated signaling","1/62","24/5248",0.0416666666666667,3.52688172043011,1.35651334651518,0.24862873463396,0.486628359794721,0.402300848253345,"c101822-g1",1
"GO:0051209","GO:0051209","release of sequestered calcium ion into cytosol","1/62","24/5248",0.0416666666666667,3.52688172043011,1.35651334651518,0.24862873463396,0.486628359794721,0.402300848253345,"c104424-g4",1
"GO:0070325","GO:0070325","lipoprotein particle receptor binding","1/62","24/5248",0.0416666666666667,3.52688172043011,1.35651334651518,0.24862873463396,0.486628359794721,0.402300848253345,"c87684-g1",1
"GO:0070373","GO:0070373","negative regulation of ERK1 and ERK2 cascade","1/62","24/5248",0.0416666666666667,3.52688172043011,1.35651334651518,0.24862873463396,0.486628359794721,0.402300848253345,"c98789-g1",1
"GO:1902653","GO:1902653","secondary alcohol biosynthetic process","1/62","24/5248",0.0416666666666667,3.52688172043011,1.35651334651518,0.24862873463396,0.486628359794721,0.402300848253345,"c101392-g1",1
"GO:1904358","GO:1904358","positive regulation of telomere maintenance via telomere lengthening","1/62","24/5248",0.0416666666666667,3.52688172043011,1.35651334651518,0.24862873463396,0.486628359794721,0.402300848253345,"c104424-g3",1
"GO:0031966","GO:0031966","mitochondrial membrane","5/62","288/5248",0.0173611111111111,1.46953405017921,0.896102354951056,0.252296389476643,0.492636121267339,0.407267528653061,"c78536-g1/c103499-g1/c5014-g2/c93435-g1/c94480-g1",5
"GO:0050678","GO:0050678","regulation of epithelial cell proliferation","2/62","82/5248",0.024390243902439,2.06451612903226,1.0622264024733,0.252540238213559,0.492636121267339,0.407267528653061,"c101822-g1/c102902-g1",2
"GO:0031669","GO:0031669","cellular response to nutrient levels","3/62","148/5248",0.0202702702702703,1.71578029642546,0.965740910984427,0.254187790695519,0.492636121267339,0.407267528653061,"c104424-g3/c101864-g1/c78921-g1",3
"GO:0048598","GO:0048598","embryonic morphogenesis","6/62","363/5248",0.0165289256198347,1.39909357504665,0.861649986043746,0.256247433005885,0.492636121267339,0.407267528653061,"c103219-g2/c102958-g1/c101482-g1/c105479-g1/c110137-g1/c40816-g1",6
"GO:0051129","GO:0051129","negative regulation of cellular component organization","6/62","363/5248",0.0165289256198347,1.39909357504665,0.861649986043746,0.256247433005885,0.492636121267339,0.407267528653061,"c102723-g1/c101822-g1/c104424-g3/c28978-g1/c80891-g1/c98000-g2",6
"GO:0022898","GO:0022898","regulation of transmembrane transporter activity","2/62","83/5248",0.0240963855421687,2.03964244073066,1.04381372737463,0.256944136004168,0.492636121267339,0.407267528653061,"c102902-g1/c104424-g4",2
"GO:0030496","GO:0030496","midbody","2/62","83/5248",0.0240963855421687,2.03964244073066,1.04381372737463,0.256944136004168,0.492636121267339,0.407267528653061,"c104992-g1/c88159-g1",2
"GO:0034399","GO:0034399","nuclear periphery","2/62","83/5248",0.0240963855421687,2.03964244073066,1.04381372737463,0.256944136004168,0.492636121267339,0.407267528653061,"c104424-g3/c101392-g1",2
"GO:0050714","GO:0050714","positive regulation of protein secretion","2/62","83/5248",0.0240963855421687,2.03964244073066,1.04381372737463,0.256944136004168,0.492636121267339,0.407267528653061,"c104424-g3/c104424-g4",2
"GO:0001776","GO:0001776","leukocyte homeostasis","1/62","25/5248",0.04,3.3858064516129,1.30731523010842,0.257546234337768,0.492636121267339,0.407267528653061,"c101822-g1",1
"GO:0002090","GO:0002090","regulation of receptor internalization","1/62","25/5248",0.04,3.3858064516129,1.30731523010842,0.257546234337768,0.492636121267339,0.407267528653061,"c98789-g1",1
"GO:0002260","GO:0002260","lymphocyte homeostasis","1/62","25/5248",0.04,3.3858064516129,1.30731523010842,0.257546234337768,0.492636121267339,0.407267528653061,"c101822-g1",1
"GO:0002705","GO:0002705","positive regulation of leukocyte mediated immunity","1/62","25/5248",0.04,3.3858064516129,1.30731523010842,0.257546234337768,0.492636121267339,0.407267528653061,"c98407-g1",1
"GO:0008081","GO:0008081","phosphoric diester hydrolase activity","1/62","25/5248",0.04,3.3858064516129,1.30731523010842,0.257546234337768,0.492636121267339,0.407267528653061,"c101482-g1",1
"GO:0032228","GO:0032228","regulation of synaptic transmission, GABAergic","1/62","25/5248",0.04,3.3858064516129,1.30731523010842,0.257546234337768,0.492636121267339,0.407267528653061,"c104424-g4",1
"GO:0038095","GO:0038095","Fc-epsilon receptor signaling pathway","1/62","25/5248",0.04,3.3858064516129,1.30731523010842,0.257546234337768,0.492636121267339,0.407267528653061,"c104424-g3",1
"GO:0040026","GO:0040026","positive regulation of vulval development","1/62","25/5248",0.04,3.3858064516129,1.30731523010842,0.257546234337768,0.492636121267339,0.407267528653061,"c101113-g1",1
"GO:0046888","GO:0046888","negative regulation of hormone secretion","1/62","25/5248",0.04,3.3858064516129,1.30731523010842,0.257546234337768,0.492636121267339,0.407267528653061,"c101822-g1",1
"GO:0051496","GO:0051496","positive regulation of stress fiber assembly","1/62","25/5248",0.04,3.3858064516129,1.30731523010842,0.257546234337768,0.492636121267339,0.407267528653061,"c104424-g3",1
"GO:0060402","GO:0060402","calcium ion transport into cytosol","1/62","25/5248",0.04,3.3858064516129,1.30731523010842,0.257546234337768,0.492636121267339,0.407267528653061,"c104424-g4",1
"GO:0065002","GO:0065002","intracellular protein transmembrane transport","1/62","25/5248",0.04,3.3858064516129,1.30731523010842,0.257546234337768,0.492636121267339,0.407267528653061,"c101822-g1",1
"GO:0071320","GO:0071320","cellular response to cAMP","1/62","25/5248",0.04,3.3858064516129,1.30731523010842,0.257546234337768,0.492636121267339,0.407267528653061,"c101482-g1",1
"GO:0097529","GO:0097529","myeloid leukocyte migration","1/62","25/5248",0.04,3.3858064516129,1.30731523010842,0.257546234337768,0.492636121267339,0.407267528653061,"c102902-g1",1
"GO:0097553","GO:0097553","calcium ion transmembrane import into cytosol","1/62","25/5248",0.04,3.3858064516129,1.30731523010842,0.257546234337768,0.492636121267339,0.407267528653061,"c104424-g4",1
"GO:2000008","GO:2000008","regulation of protein localization to cell surface","1/62","25/5248",0.04,3.3858064516129,1.30731523010842,0.257546234337768,0.492636121267339,0.407267528653061,"c101822-g1",1
"GO:0036477","GO:0036477","somatodendritic compartment","7/62","441/5248",0.0158730158730159,1.34357398873528,0.824209528850077,0.262822289870054,0.499068760858022,0.412585460318473,"c101113-g1/c98789-g1/c101822-g1/c102902-g1/c102138-g1/c95060-g1/c40816-g1",7
"GO:0034220","GO:0034220","monoatomic ion transmembrane transport","5/62","293/5248",0.0170648464163823,1.44445667730926,0.856005463552318,0.263622033840983,0.499068760858022,0.412585460318473,"c104424-g3/c104424-g4/c103499-g1/c5014-g2/c94480-g1",5
"GO:0006816","GO:0006816","calcium ion transport","2/62","85/5248",0.0235294117647059,1.99165085388994,1.00774884980715,0.265757053504421,0.499068760858022,0.412585460318473,"c102902-g1/c104424-g4",2
"GO:2000377","GO:2000377","regulation of reactive oxygen species metabolic process","2/62","85/5248",0.0235294117647059,1.99165085388994,1.00774884980715,0.265757053504421,0.499068760858022,0.412585460318473,"c101822-g1/c104424-g3",2
"GO:0030425","GO:0030425","dendrite","5/62","294/5248",0.0170068027210884,1.43954355935923,0.848071962258557,0.265902439796895,0.499068760858022,0.412585460318473,"c98789-g1/c101822-g1/c102902-g1/c102138-g1/c40816-g1",5
"GO:0045859","GO:0045859","regulation of protein kinase activity","5/62","294/5248",0.0170068027210884,1.43954355935923,0.848071962258557,0.265902439796895,0.499068760858022,0.412585460318473,"c98789-g1/c101822-g1/c102902-g1/c104424-g3/c98000-g2",5
"GO:0001892","GO:0001892","embryonic placenta development","1/62","26/5248",0.0384615384615385,3.25558312655087,1.26055615688231,0.266359585567149,0.499068760858022,0.412585460318473,"c101822-g1",1
"GO:0002761","GO:0002761","regulation of myeloid leukocyte differentiation","1/62","26/5248",0.0384615384615385,3.25558312655087,1.26055615688231,0.266359585567149,0.499068760858022,0.412585460318473,"c102902-g1",1
"GO:0007588","GO:0007588","excretion","1/62","26/5248",0.0384615384615385,3.25558312655087,1.26055615688231,0.266359585567149,0.499068760858022,0.412585460318473,"c87684-g1",1
"GO:0008637","GO:0008637","apoptotic mitochondrial changes","1/62","26/5248",0.0384615384615385,3.25558312655087,1.26055615688231,0.266359585567149,0.499068760858022,0.412585460318473,"c101822-g1",1
"GO:0016126","GO:0016126","sterol biosynthetic process","1/62","26/5248",0.0384615384615385,3.25558312655087,1.26055615688231,0.266359585567149,0.499068760858022,0.412585460318473,"c101392-g1",1
"GO:0031109","GO:0031109","microtubule polymerization or depolymerization","1/62","26/5248",0.0384615384615385,3.25558312655087,1.26055615688231,0.266359585567149,0.499068760858022,0.412585460318473,"c102138-g1",1
"GO:0032370","GO:0032370","positive regulation of lipid transport","1/62","26/5248",0.0384615384615385,3.25558312655087,1.26055615688231,0.266359585567149,0.499068760858022,0.412585460318473,"c104424-g3",1
"GO:0034333","GO:0034333","adherens junction assembly","1/62","26/5248",0.0384615384615385,3.25558312655087,1.26055615688231,0.266359585567149,0.499068760858022,0.412585460318473,"c102958-g1",1
"GO:0042246","GO:0042246","tissue regeneration","1/62","26/5248",0.0384615384615385,3.25558312655087,1.26055615688231,0.266359585567149,0.499068760858022,0.412585460318473,"c104424-g3",1
"GO:0045540","GO:0045540","regulation of cholesterol biosynthetic process","1/62","26/5248",0.0384615384615385,3.25558312655087,1.26055615688231,0.266359585567149,0.499068760858022,0.412585460318473,"c101392-g1",1
"GO:0045739","GO:0045739","positive regulation of DNA repair","1/62","26/5248",0.0384615384615385,3.25558312655087,1.26055615688231,0.266359585567149,0.499068760858022,0.412585460318473,"c102902-g1",1
"GO:0050728","GO:0050728","negative regulation of inflammatory response","1/62","26/5248",0.0384615384615385,3.25558312655087,1.26055615688231,0.266359585567149,0.499068760858022,0.412585460318473,"c104424-g3",1
"GO:0051283","GO:0051283","negative regulation of sequestering of calcium ion","1/62","26/5248",0.0384615384615385,3.25558312655087,1.26055615688231,0.266359585567149,0.499068760858022,0.412585460318473,"c104424-g4",1
"GO:0060446","GO:0060446","branching involved in open tracheal system development","1/62","26/5248",0.0384615384615385,3.25558312655087,1.26055615688231,0.266359585567149,0.499068760858022,0.412585460318473,"c102958-g1",1
"GO:0072348","GO:0072348","sulfur compound transport","1/62","26/5248",0.0384615384615385,3.25558312655087,1.26055615688231,0.266359585567149,0.499068760858022,0.412585460318473,"c93435-g1",1
"GO:0097194","GO:0097194","execution phase of apoptosis","1/62","26/5248",0.0384615384615385,3.25558312655087,1.26055615688231,0.266359585567149,0.499068760858022,0.412585460318473,"c101822-g1",1
"GO:0106118","GO:0106118","regulation of sterol biosynthetic process","1/62","26/5248",0.0384615384615385,3.25558312655087,1.26055615688231,0.266359585567149,0.499068760858022,0.412585460318473,"c101392-g1",1
"GO:0012501","GO:0012501","programmed cell death","5/62","295/5248",0.0169491525423729,1.43466375068343,0.840166552054007,0.268187699706709,0.501601505845762,0.414679307576794,"c101822-g1/c102902-g1/c102958-g1/c104424-g3/c104424-g4",5
"GO:0097447","GO:0097447","dendritic tree","5/62","295/5248",0.0169491525423729,1.43466375068343,0.840166552054007,0.268187699706709,0.501601505845762,0.414679307576794,"c98789-g1/c101822-g1/c102902-g1/c102138-g1/c40816-g1",5
"GO:0042063","GO:0042063","gliogenesis","2/62","86/5248",0.0232558139534884,1.96849212303076,0.99008262471496,0.270164789763799,0.503665856924204,0.416385928601306,"c103219-g2/c101822-g1",2
"GO:0051170","GO:0051170","import into nucleus","2/62","86/5248",0.0232558139534884,1.96849212303076,0.99008262471496,0.270164789763799,0.503665856924204,0.416385928601306,"c101822-g1/c89492-g1",2
"GO:0030707","GO:0030707","follicle cell of egg chamber development","3/62","153/5248",0.0196078431372549,1.65970904490829,0.905443135149037,0.270248061882407,0.503665856924204,0.416385928601306,"c103611-g2/c102138-g1/c98000-g2",3
"GO:0042594","GO:0042594","response to starvation","3/62","153/5248",0.0196078431372549,1.65970904490829,0.905443135149037,0.270248061882407,0.503665856924204,0.416385928601306,"c104424-g3/c101864-g1/c78921-g1",3
"GO:0044092","GO:0044092","negative regulation of molecular function","6/62","371/5248",0.0161725067385445,1.36892444135293,0.805903655995163,0.272551461246264,0.505054392634807,0.417533845862933,"c98789-g1/c101822-g1/c102902-g1/c104424-g3/c104424-g4/c98000-g2",6
"GO:0007626","GO:0007626","locomotory behavior","3/62","154/5248",0.0194805194805195,1.64893171344784,0.893644958199544,0.273475861074314,0.505054392634807,0.417533845862933,"c87684-g1/c104424-g4/c98000-g2",3
"GO:0034284","GO:0034284","response to monosaccharide","2/62","87/5248",0.0229885057471264,1.94586577678902,0.972651653807847,0.274572546114506,0.505054392634807,0.417533845862933,"c102902-g1/c104424-g3",2
"GO:1902806","GO:1902806","regulation of cell cycle G1/S phase transition","2/62","87/5248",0.0229885057471264,1.94586577678902,0.972651653807847,0.274572546114506,0.505054392634807,0.417533845862933,"c101822-g1/c101482-g1",2
"GO:0002221","GO:0002221","pattern recognition receptor signaling pathway","1/62","27/5248",0.037037037037037,3.13500597371565,1.21601589169103,0.275069984972518,0.505054392634807,0.417533845862933,"c104424-g4",1
"GO:0002460","GO:0002460","adaptive immune response based on somatic recombination of immune receptors built from immunoglobulin superfamily domains","1/62","27/5248",0.037037037037037,3.13500597371565,1.21601589169103,0.275069984972518,0.505054392634807,0.417533845862933,"c104424-g3",1
"GO:0032890","GO:0032890","regulation of organic acid transport","1/62","27/5248",0.037037037037037,3.13500597371565,1.21601589169103,0.275069984972518,0.505054392634807,0.417533845862933,"c101822-g1",1
"GO:0035330","GO:0035330","regulation of hippo signaling","1/62","27/5248",0.037037037037037,3.13500597371565,1.21601589169103,0.275069984972518,0.505054392634807,0.417533845862933,"c103280-g1",1
"GO:0045309","GO:0045309","protein phosphorylated amino acid binding","1/62","27/5248",0.037037037037037,3.13500597371565,1.21601589169103,0.275069984972518,0.505054392634807,0.417533845862933,"c98789-g1",1
"GO:0046717","GO:0046717","acid secretion","1/62","27/5248",0.037037037037037,3.13500597371565,1.21601589169103,0.275069984972518,0.505054392634807,0.417533845862933,"c87684-g1",1
"GO:0050681","GO:0050681","nuclear androgen receptor binding","1/62","27/5248",0.037037037037037,3.13500597371565,1.21601589169103,0.275069984972518,0.505054392634807,0.417533845862933,"c102902-g1",1
"GO:0051966","GO:0051966","regulation of synaptic transmission, glutamatergic","1/62","27/5248",0.037037037037037,3.13500597371565,1.21601589169103,0.275069984972518,0.505054392634807,0.417533845862933,"c87684-g1",1
"GO:0090162","GO:0090162","establishment of epithelial cell polarity","1/62","27/5248",0.037037037037037,3.13500597371565,1.21601589169103,0.275069984972518,0.505054392634807,0.417533845862933,"c102958-g1",1
"GO:0090382","GO:0090382","phagosome maturation","1/62","27/5248",0.037037037037037,3.13500597371565,1.21601589169103,0.275069984972518,0.505054392634807,0.417533845862933,"c95060-g1",1
"GO:1902692","GO:1902692","regulation of neuroblast proliferation","1/62","27/5248",0.037037037037037,3.13500597371565,1.21601589169103,0.275069984972518,0.505054392634807,0.417533845862933,"c102958-g1",1
"GO:2000106","GO:2000106","regulation of leukocyte apoptotic process","1/62","27/5248",0.037037037037037,3.13500597371565,1.21601589169103,0.275069984972518,0.505054392634807,0.417533845862933,"c104424-g3",1
"GO:2000649","GO:2000649","regulation of sodium ion transmembrane transporter activity","1/62","27/5248",0.037037037037037,3.13500597371565,1.21601589169103,0.275069984972518,0.505054392634807,0.417533845862933,"c104424-g4",1
"GO:0007264","GO:0007264","small GTPase-mediated signal transduction","3/62","155/5248",0.0193548387096774,1.63829344432882,0.881930811594747,0.276708254208926,0.507178053406439,0.419289498842531,"c28978-g1/c80891-g1/c95060-g1",3
"GO:0010721","GO:0010721","negative regulation of cell development","3/62","155/5248",0.0193548387096774,1.63829344432882,0.881930811594747,0.276708254208926,0.507178053406439,0.419289498842531,"c102723-g1/c28978-g1/c80891-g1",3
"GO:0031099","GO:0031099","regeneration","2/62","88/5248",0.0227272727272727,1.92375366568915,0.95544959503716,0.278979716546618,0.509315570865544,0.421056607293253,"c101822-g1/c104424-g3",2
"GO:0043270","GO:0043270","positive regulation of monoatomic ion transport","2/62","88/5248",0.0227272727272727,1.92375366568915,0.95544959503716,0.278979716546618,0.509315570865544,0.421056607293253,"c101822-g1/c104424-g3",2
"GO:0071229","GO:0071229","cellular response to acid chemical","2/62","88/5248",0.0227272727272727,1.92375366568915,0.95544959503716,0.278979716546618,0.509315570865544,0.421056607293253,"c101822-g1/c104424-g4",2
"GO:0062012","GO:0062012","regulation of small molecule metabolic process","3/62","156/5248",0.0192307692307692,1.62779156327543,0.870299426533604,0.279944965613589,0.509315570865544,0.421056607293253,"c101822-g1/c104424-g4/c101392-g1",3
"GO:0045861","GO:0045861","negative regulation of proteolysis","2/62","89/5248",0.0224719101123595,1.90213845596231,0.93847035012462,0.283385708905906,0.509315570865544,0.421056607293253,"c101822-g1/c102902-g1",2
"GO:1905952","GO:1905952","regulation of lipid localization","2/62","89/5248",0.0224719101123595,1.90213845596231,0.93847035012462,0.283385708905906,0.509315570865544,0.421056607293253,"c101822-g1/c104424-g3",2
"GO:0004521","GO:0004521","RNA endonuclease activity","1/62","28/5248",0.0357142857142857,3.02304147465438,1.17350155980741,0.283678615681521,0.509315570865544,0.421056607293253,"c101482-g1",1
"GO:0005178","GO:0005178","integrin binding","1/62","28/5248",0.0357142857142857,3.02304147465438,1.17350155980741,0.283678615681521,0.509315570865544,0.421056607293253,"c102902-g1",1
"GO:0005547","GO:0005547","phosphatidylinositol-3,4,5-trisphosphate binding","1/62","28/5248",0.0357142857142857,3.02304147465438,1.17350155980741,0.283678615681521,0.509315570865544,0.421056607293253,"c101822-g1",1
"GO:0005771","GO:0005771","multivesicular body","1/62","28/5248",0.0357142857142857,3.02304147465438,1.17350155980741,0.283678615681521,0.509315570865544,0.421056607293253,"c96969-g1",1
"GO:0010611","GO:0010611","regulation of cardiac muscle hypertrophy","1/62","28/5248",0.0357142857142857,3.02304147465438,1.17350155980741,0.283678615681521,0.509315570865544,0.421056607293253,"c102902-g1",1
"GO:0014743","GO:0014743","regulation of muscle hypertrophy","1/62","28/5248",0.0357142857142857,3.02304147465438,1.17350155980741,0.283678615681521,0.509315570865544,0.421056607293253,"c102902-g1",1
"GO:0021675","GO:0021675","nerve development","1/62","28/5248",0.0357142857142857,3.02304147465438,1.17350155980741,0.283678615681521,0.509315570865544,0.421056607293253,"c102902-g1",1
"GO:0031526","GO:0031526","brush border membrane","1/62","28/5248",0.0357142857142857,3.02304147465438,1.17350155980741,0.283678615681521,0.509315570865544,0.421056607293253,"c102902-g1",1
"GO:0032233","GO:0032233","positive regulation of actin filament bundle assembly","1/62","28/5248",0.0357142857142857,3.02304147465438,1.17350155980741,0.283678615681521,0.509315570865544,0.421056607293253,"c104424-g3",1
"GO:0035010","GO:0035010","encapsulation of foreign target","1/62","28/5248",0.0357142857142857,3.02304147465438,1.17350155980741,0.283678615681521,0.509315570865544,0.421056607293253,"c102958-g1",1
"GO:0045886","GO:0045886","negative regulation of synaptic assembly at neuromuscular junction","1/62","28/5248",0.0357142857142857,3.02304147465438,1.17350155980741,0.283678615681521,0.509315570865544,0.421056607293253,"c101822-g1",1
"GO:0051124","GO:0051124","synaptic assembly at neuromuscular junction","1/62","28/5248",0.0357142857142857,3.02304147465438,1.17350155980741,0.283678615681521,0.509315570865544,0.421056607293253,"c103611-g2",1
"GO:0071806","GO:0071806","protein transmembrane transport","1/62","28/5248",0.0357142857142857,3.02304147465438,1.17350155980741,0.283678615681521,0.509315570865544,0.421056607293253,"c101822-g1",1
"GO:1900087","GO:1900087","positive regulation of G1/S transition of mitotic cell cycle","1/62","28/5248",0.0357142857142857,3.02304147465438,1.17350155980741,0.283678615681521,0.509315570865544,0.421056607293253,"c101482-g1",1
"GO:1901879","GO:1901879","regulation of protein depolymerization","1/62","28/5248",0.0357142857142857,3.02304147465438,1.17350155980741,0.283678615681521,0.509315570865544,0.421056607293253,"c40816-g1",1
"GO:1904063","GO:1904063","negative regulation of cation transmembrane transport","1/62","28/5248",0.0357142857142857,3.02304147465438,1.17350155980741,0.283678615681521,0.509315570865544,0.421056607293253,"c104424-g4",1
"GO:1904397","GO:1904397","negative regulation of neuromuscular junction development","1/62","28/5248",0.0357142857142857,3.02304147465438,1.17350155980741,0.283678615681521,0.509315570865544,0.421056607293253,"c101822-g1",1
"GO:2001237","GO:2001237","negative regulation of extrinsic apoptotic signaling pathway","1/62","28/5248",0.0357142857142857,3.02304147465438,1.17350155980741,0.283678615681521,0.509315570865544,0.421056607293253,"c101822-g1",1
"GO:0043410","GO:0043410","positive regulation of MAPK cascade","3/62","158/5248",0.0189873417721519,1.60718660677828,0.847280002552437,0.286430252686937,0.513817812741643,0.424778658606826,"c102902-g1/c104424-g3/c104424-g4",3
"GO:0009898","GO:0009898","cytoplasmic side of plasma membrane","2/62","90/5248",0.0222222222222222,1.88100358422939,0.921708052517156,0.287789944660195,0.515817551876061,0.426431864249015,"c103330-g1/c101822-g1",2
"GO:0006582","GO:0006582","melanin metabolic process","1/62","29/5248",0.0344827586206897,2.91879866518354,1.13284340012648,0.292186647449289,0.520165726422019,0.430026546459749,"c102958-g1",1
"GO:0007606","GO:0007606","sensory perception of chemical stimulus","1/62","29/5248",0.0344827586206897,2.91879866518354,1.13284340012648,0.292186647449289,0.520165726422019,0.430026546459749,"c104424-g4",1
"GO:0016333","GO:0016333","morphogenesis of follicular epithelium","1/62","29/5248",0.0344827586206897,2.91879866518354,1.13284340012648,0.292186647449289,0.520165726422019,0.430026546459749,"c102958-g1",1
"GO:0032206","GO:0032206","positive regulation of telomere maintenance","1/62","29/5248",0.0344827586206897,2.91879866518354,1.13284340012648,0.292186647449289,0.520165726422019,0.430026546459749,"c104424-g3",1
"GO:0032272","GO:0032272","negative regulation of protein polymerization","1/62","29/5248",0.0344827586206897,2.91879866518354,1.13284340012648,0.292186647449289,0.520165726422019,0.430026546459749,"c104424-g3",1
"GO:0035306","GO:0035306","positive regulation of dephosphorylation","1/62","29/5248",0.0344827586206897,2.91879866518354,1.13284340012648,0.292186647449289,0.520165726422019,0.430026546459749,"c104424-g3",1
"GO:1903524","GO:1903524","positive regulation of blood circulation","1/62","29/5248",0.0344827586206897,2.91879866518354,1.13284340012648,0.292186647449289,0.520165726422019,0.430026546459749,"c101822-g1",1
"GO:0006997","GO:0006997","nucleus organization","2/62","91/5248",0.021978021978022,1.86033321517192,0.905157056064888,0.292191858669159,0.520165726422019,0.430026546459749,"c102902-g1/c101392-g1",2
"GO:0000122","GO:0000122","negative regulation of transcription by RNA polymerase II","4/62","233/5248",0.0171673819742489,1.45313581614288,0.773581371313407,0.295854745523271,0.525354210853295,0.434315921803044,"c102000-g1/c98750-g1/c98854-g1/c98854-g3",4
"GO:0002064","GO:0002064","epithelial cell development","4/62","233/5248",0.0171673819742489,1.45313581614288,0.773581371313407,0.295854745523271,0.525354210853295,0.434315921803044,"c103611-g2/c102958-g1/c102138-g1/c98000-g2",4
"GO:0005635","GO:0005635","nuclear envelope","4/62","233/5248",0.0171673819742489,1.45313581614288,0.773581371313407,0.295854745523271,0.525354210853295,0.434315921803044,"c103705-g1/c101392-g1/c102138-g1/c89492-g1",4
"GO:0030426","GO:0030426","growth cone","2/62","92/5248",0.0217391304347826,1.84011220196353,0.888811924371395,0.296590898957516,0.525774775424688,0.434663607013762,"c110137-g1/c40816-g1",2
"GO:0071248","GO:0071248","cellular response to metal ion","2/62","92/5248",0.0217391304347826,1.84011220196353,0.888811924371395,0.296590898957516,0.525774775424688,0.434663607013762,"c87684-g1/c101822-g1",2
"GO:0004536","GO:0004536","DNA nuclease activity","1/62","30/5248",0.0333333333333333,2.82150537634409,1.09389129939513,0.300595236807048,0.529751940347818,0.437951571617579,"c101482-g1",1
"GO:0031016","GO:0031016","pancreas development","1/62","30/5248",0.0333333333333333,2.82150537634409,1.09389129939513,0.300595236807048,0.529751940347818,0.437951571617579,"c101822-g1",1
"GO:0043198","GO:0043198","dendritic shaft","1/62","30/5248",0.0333333333333333,2.82150537634409,1.09389129939513,0.300595236807048,0.529751940347818,0.437951571617579,"c40816-g1",1
"GO:0050732","GO:0050732","negative regulation of peptidyl-tyrosine phosphorylation","1/62","30/5248",0.0333333333333333,2.82150537634409,1.09389129939513,0.300595236807048,0.529751940347818,0.437951571617579,"c104424-g3",1
"GO:0050852","GO:0050852","T cell receptor signaling pathway","1/62","30/5248",0.0333333333333333,2.82150537634409,1.09389129939513,0.300595236807048,0.529751940347818,0.437951571617579,"c104424-g3",1
"GO:0051279","GO:0051279","regulation of release of sequestered calcium ion into cytosol","1/62","30/5248",0.0333333333333333,2.82150537634409,1.09389129939513,0.300595236807048,0.529751940347818,0.437951571617579,"c104424-g4",1
"GO:0070160","GO:0070160","tight junction","1/62","30/5248",0.0333333333333333,2.82150537634409,1.09389129939513,0.300595236807048,0.529751940347818,0.437951571617579,"c103219-g2",1
"GO:0002793","GO:0002793","positive regulation of peptide secretion","2/62","93/5248",0.021505376344086,1.82032604925425,0.872667420769437,0.300986526491578,0.529998014039518,0.438155003359505,"c104424-g3/c104424-g4",2
"GO:0051253","GO:0051253","negative regulation of RNA metabolic process","6/62","385/5248",0.0155844155844156,1.31914537075827,0.711216625025372,0.301700514653065,0.530811431795619,0.438827464482408,"c101822-g1/c102000-g1/c98750-g1/c98854-g1/c98854-g3/c101482-g1",6
"GO:0032496","GO:0032496","response to lipopolysaccharide","2/62","94/5248",0.0212765957446809,1.8009608785175,0.856718498879073,0.305378214959089,0.536833489736094,0.443805963924376,"c101822-g1/c104424-g4",2
"GO:0008219","GO:0008219","cell death","5/62","312/5248",0.016025641025641,1.35649296939619,0.709865077935082,0.307681140045675,0.538093499009418,0.444847627011335,"c101822-g1/c102902-g1/c102958-g1/c104424-g3/c104424-g4",5
"GO:0002706","GO:0002706","regulation of lymphocyte mediated immunity","1/62","31/5248",0.032258064516129,2.73048907388137,1.05651194295125,0.30890552720911,0.538093499009418,0.444847627011335,"c98407-g1",1
"GO:0004860","GO:0004860","protein kinase inhibitor activity","1/62","31/5248",0.032258064516129,2.73048907388137,1.05651194295125,0.30890552720911,0.538093499009418,0.444847627011335,"c98000-g2",1
"GO:0010466","GO:0010466","negative regulation of peptidase activity","1/62","31/5248",0.032258064516129,2.73048907388137,1.05651194295125,0.30890552720911,0.538093499009418,0.444847627011335,"c101822-g1",1
"GO:0010951","GO:0010951","negative regulation of endopeptidase activity","1/62","31/5248",0.032258064516129,2.73048907388137,1.05651194295125,0.30890552720911,0.538093499009418,0.444847627011335,"c101822-g1",1
"GO:0019217","GO:0019217","regulation of fatty acid metabolic process","1/62","31/5248",0.032258064516129,2.73048907388137,1.05651194295125,0.30890552720911,0.538093499009418,0.444847627011335,"c101822-g1",1
"GO:0030951","GO:0030951","establishment or maintenance of microtubule cytoskeleton polarity","1/62","31/5248",0.032258064516129,2.73048907388137,1.05651194295125,0.30890552720911,0.538093499009418,0.444847627011335,"c102138-g1",1
"GO:0035151","GO:0035151","regulation of tube size, open tracheal system","1/62","31/5248",0.032258064516129,2.73048907388137,1.05651194295125,0.30890552720911,0.538093499009418,0.444847627011335,"c103219-g2",1
"GO:0047496","GO:0047496","vesicle transport along microtubule","1/62","31/5248",0.032258064516129,2.73048907388137,1.05651194295125,0.30890552720911,0.538093499009418,0.444847627011335,"c102138-g1",1
"GO:0051298","GO:0051298","centrosome duplication","1/62","31/5248",0.032258064516129,2.73048907388137,1.05651194295125,0.30890552720911,0.538093499009418,0.444847627011335,"c102138-g1",1
"GO:0090181","GO:0090181","regulation of cholesterol metabolic process","1/62","31/5248",0.032258064516129,2.73048907388137,1.05651194295125,0.30890552720911,0.538093499009418,0.444847627011335,"c101392-g1",1
"GO:0002237","GO:0002237","response to molecule of bacterial origin","2/62","95/5248",0.0210526315789474,1.78200339558574,0.840960293708488,0.309765450552342,0.538700279821001,0.445349259171258,"c101822-g1/c104424-g4",2
"GO:0009408","GO:0009408","response to heat","2/62","95/5248",0.0210526315789474,1.78200339558574,0.840960293708488,0.309765450552342,0.538700279821001,0.445349259171258,"c101822-g1/c104424-g3",2
"GO:0098772","GO:0098772","molecular function regulator activity","7/62","467/5248",0.0149892933618844,1.26877115424466,0.665298961402843,0.312353249534567,0.542752428646698,0.448699213766001,"c101822-g1/c102902-g1/c104424-g3/c104424-g4/c28978-g1/c80891-g1/c98000-g2",7
"GO:0045931","GO:0045931","positive regulation of mitotic cell cycle","2/62","96/5248",0.0208333333333333,1.76344086021505,0.825388113260938,0.314147731754496,0.542969004202771,0.448878259085012,"c102902-g1/c101482-g1",2
"GO:0002792","GO:0002792","negative regulation of peptide secretion","1/62","32/5248",0.03125,2.64516129032258,1.02058645622232,0.317118649178257,0.542969004202771,0.448878259085012,"c101822-g1",1
"GO:0006284","GO:0006284","base-excision repair","1/62","32/5248",0.03125,2.64516129032258,1.02058645622232,0.317118649178257,0.542969004202771,0.448878259085012,"c101482-g1",1
"GO:0008543","GO:0008543","fibroblast growth factor receptor signaling pathway","1/62","32/5248",0.03125,2.64516129032258,1.02058645622232,0.317118649178257,0.542969004202771,0.448878259085012,"c95060-g1",1
"GO:0009583","GO:0009583","detection of light stimulus","1/62","32/5248",0.03125,2.64516129032258,1.02058645622232,0.317118649178257,0.542969004202771,0.448878259085012,"c102902-g1",1
"GO:0031102","GO:0031102","neuron projection regeneration","1/62","32/5248",0.03125,2.64516129032258,1.02058645622232,0.317118649178257,0.542969004202771,0.448878259085012,"c101822-g1",1
"GO:0031929","GO:0031929","TOR signaling","1/62","32/5248",0.03125,2.64516129032258,1.02058645622232,0.317118649178257,0.542969004202771,0.448878259085012,"c101822-g1",1
"GO:0042129","GO:0042129","regulation of T cell proliferation","1/62","32/5248",0.03125,2.64516129032258,1.02058645622232,0.317118649178257,0.542969004202771,0.448878259085012,"c104424-g3",1
"GO:0042734","GO:0042734","presynaptic membrane","1/62","32/5248",0.03125,2.64516129032258,1.02058645622232,0.317118649178257,0.542969004202771,0.448878259085012,"c87684-g1",1
"GO:0046329","GO:0046329","negative regulation of JNK cascade","1/62","32/5248",0.03125,2.64516129032258,1.02058645622232,0.317118649178257,0.542969004202771,0.448878259085012,"c101822-g1",1
"GO:0048306","GO:0048306","calcium-dependent protein binding","1/62","32/5248",0.03125,2.64516129032258,1.02058645622232,0.317118649178257,0.542969004202771,0.448878259085012,"c87684-g1",1
"GO:0050661","GO:0050661","NADP binding","1/62","32/5248",0.03125,2.64516129032258,1.02058645622232,0.317118649178257,0.542969004202771,0.448878259085012,"c101392-g1",1
"GO:0051964","GO:0051964","negative regulation of synapse assembly","1/62","32/5248",0.03125,2.64516129032258,1.02058645622232,0.317118649178257,0.542969004202771,0.448878259085012,"c101822-g1",1
"GO:0070374","GO:0070374","positive regulation of ERK1 and ERK2 cascade","1/62","32/5248",0.03125,2.64516129032258,1.02058645622232,0.317118649178257,0.542969004202771,0.448878259085012,"c102902-g1",1
"GO:0097110","GO:0097110","scaffold protein binding","1/62","32/5248",0.03125,2.64516129032258,1.02058645622232,0.317118649178257,0.542969004202771,0.448878259085012,"c102902-g1",1
"GO:1901799","GO:1901799","negative regulation of proteasomal protein catabolic process","1/62","32/5248",0.03125,2.64516129032258,1.02058645622232,0.317118649178257,0.542969004202771,0.448878259085012,"c102902-g1",1
"GO:1902305","GO:1902305","regulation of sodium ion transmembrane transport","1/62","32/5248",0.03125,2.64516129032258,1.02058645622232,0.317118649178257,0.542969004202771,0.448878259085012,"c104424-g4",1
"GO:1902930","GO:1902930","regulation of alcohol biosynthetic process","1/62","32/5248",0.03125,2.64516129032258,1.02058645622232,0.317118649178257,0.542969004202771,0.448878259085012,"c101392-g1",1
"GO:0005775","GO:0005775","vacuolar lumen","2/62","97/5248",0.0206185567010309,1.74526105753242,0.809997430614048,0.318524569129069,0.544933178380032,0.450502062798307,"c104424-g3/c96969-g1",2
"GO:0005740","GO:0005740","mitochondrial envelope","5/62","317/5248",0.0157728706624606,1.33509718123537,0.67292711030428,0.319485779362358,0.546133970241174,0.451494770219874,"c78536-g1/c103499-g1/c5014-g2/c93435-g1/c94480-g1",5
"GO:0032940","GO:0032940","secretion by cell","7/62","471/5248",0.0148619957537155,1.25799602766934,0.641624550170968,0.320156517129795,0.546399094969785,0.451713951656932,"c102537-g1/c87684-g1/c95002-g1/c104424-g3/c104424-g4/c98407-g1/c95060-g1",7
"GO:0006915","GO:0006915","apoptotic process","4/62","242/5248",0.0165289256198347,1.39909357504665,0.694979696673716,0.320159773595781,0.546399094969785,0.451713951656932,"c101822-g1/c102902-g1/c104424-g3/c104424-g4",4
"GO:0005048","GO:0005048","signal sequence binding","1/62","33/5248",0.0303030303030303,2.56500488758553,0.986008439956514,0.325235720449527,0.548395858500164,0.453364697335568,"c101392-g1",1
"GO:0014013","GO:0014013","regulation of gliogenesis","1/62","33/5248",0.0303030303030303,2.56500488758553,0.986008439956514,0.325235720449527,0.548395858500164,0.453364697335568,"c104424-g4",1
"GO:0019210","GO:0019210","kinase inhibitor activity","1/62","33/5248",0.0303030303030303,2.56500488758553,0.986008439956514,0.325235720449527,0.548395858500164,0.453364697335568,"c98000-g2",1
"GO:0021954","GO:0021954","central nervous system neuron development","1/62","33/5248",0.0303030303030303,2.56500488758553,0.986008439956514,0.325235720449527,0.548395858500164,0.453364697335568,"c102902-g1",1
"GO:0030545","GO:0030545","signaling receptor regulator activity","1/62","33/5248",0.0303030303030303,2.56500488758553,0.986008439956514,0.325235720449527,0.548395858500164,0.453364697335568,"c104424-g4",1
"GO:0030864","GO:0030864","cortical actin cytoskeleton","1/62","33/5248",0.0303030303030303,2.56500488758553,0.986008439956514,0.325235720449527,0.548395858500164,0.453364697335568,"c102958-g1",1
"GO:0030879","GO:0030879","mammary gland development","1/62","33/5248",0.0303030303030303,2.56500488758553,0.986008439956514,0.325235720449527,0.548395858500164,0.453364697335568,"c101822-g1",1
"GO:0050906","GO:0050906","detection of stimulus involved in sensory perception","1/62","33/5248",0.0303030303030303,2.56500488758553,0.986008439956514,0.325235720449527,0.548395858500164,0.453364697335568,"c102902-g1",1
"GO:0055059","GO:0055059","asymmetric neuroblast division","1/62","33/5248",0.0303030303030303,2.56500488758553,0.986008439956514,0.325235720449527,0.548395858500164,0.453364697335568,"c102958-g1",1
"GO:0061162","GO:0061162","establishment of monopolar cell polarity","1/62","33/5248",0.0303030303030303,2.56500488758553,0.986008439956514,0.325235720449527,0.548395858500164,0.453364697335568,"c102958-g1",1
"GO:0061339","GO:0061339","establishment or maintenance of monopolar cell polarity","1/62","33/5248",0.0303030303030303,2.56500488758553,0.986008439956514,0.325235720449527,0.548395858500164,0.453364697335568,"c102958-g1",1
"GO:0071277","GO:0071277","cellular response to calcium ion","1/62","33/5248",0.0303030303030303,2.56500488758553,0.986008439956514,0.325235720449527,0.548395858500164,0.453364697335568,"c87684-g1",1
"GO:0072655","GO:0072655","establishment of protein localization to mitochondrion","1/62","33/5248",0.0303030303030303,2.56500488758553,0.986008439956514,0.325235720449527,0.548395858500164,0.453364697335568,"c101822-g1",1
"GO:0099106","GO:0099106","ion channel regulator activity","1/62","33/5248",0.0303030303030303,2.56500488758553,0.986008439956514,0.325235720449527,0.548395858500164,0.453364697335568,"c102902-g1",1
"GO:1902107","GO:1902107","positive regulation of leukocyte differentiation","1/62","33/5248",0.0303030303030303,2.56500488758553,0.986008439956514,0.325235720449527,0.548395858500164,0.453364697335568,"c102902-g1",1
"GO:0007612","GO:0007612","learning","2/62","99/5248",0.0202020202020202,1.71000325839036,0.779743231939673,0.327260013810162,0.550926929723581,0.455457160875096,"c104424-g4/c98000-g2",2
"GO:0071478","GO:0071478","cellular response to radiation","2/62","99/5248",0.0202020202020202,1.71000325839036,0.779743231939673,0.327260013810162,0.550926929723581,0.455457160875096,"c101822-g1/c102902-g1",2
"GO:0051640","GO:0051640","organelle localization","6/62","398/5248",0.0150753768844221,1.27605770789431,0.626333534814078,0.32932253147525,0.553939245392908,0.457947474323922,"c102537-g1/c87684-g1/c95002-g1/c102958-g1/c104424-g4/c102138-g1",6
"GO:0016604","GO:0016604","nuclear body","5/62","322/5248",0.015527950310559,1.31436585854538,0.636577415198857,0.331353870307794,0.553939245392908,0.457947474323922,"c102000-g1/c98750-g1/c98854-g1/c98854-g3/c101482-g1",5
"GO:0043549","GO:0043549","regulation of kinase activity","5/62","322/5248",0.015527950310559,1.31436585854538,0.636577415198857,0.331353870307794,0.553939245392908,0.457947474323922,"c98789-g1/c101822-g1/c102902-g1/c104424-g3/c98000-g2",5
"GO:0017038","GO:0017038","protein import","2/62","100/5248",0.02,1.69290322580645,0.764871422158381,0.331617700794491,0.553939245392908,0.457947474323922,"c101822-g1/c89492-g1",2
"GO:2000027","GO:2000027","regulation of animal organ morphogenesis","2/62","100/5248",0.02,1.69290322580645,0.764871422158381,0.331617700794491,0.553939245392908,0.457947474323922,"c102902-g1/c102958-g1",2
"GO:0006998","GO:0006998","nuclear envelope organization","1/62","34/5248",0.0294117647058824,2.48956356736243,0.952682323661867,0.333257846112447,0.553939245392908,0.457947474323922,"c102902-g1",1
"GO:0036445","GO:0036445","neuronal stem cell division","1/62","34/5248",0.0294117647058824,2.48956356736243,0.952682323661867,0.333257846112447,0.553939245392908,0.457947474323922,"c102958-g1",1
"GO:0042632","GO:0042632","cholesterol homeostasis","1/62","34/5248",0.0294117647058824,2.48956356736243,0.952682323661867,0.333257846112447,0.553939245392908,0.457947474323922,"c101822-g1",1
"GO:0045444","GO:0045444","fat cell differentiation","1/62","34/5248",0.0294117647058824,2.48956356736243,0.952682323661867,0.333257846112447,0.553939245392908,0.457947474323922,"c101822-g1",1
"GO:0051642","GO:0051642","centrosome localization","1/62","34/5248",0.0294117647058824,2.48956356736243,0.952682323661867,0.333257846112447,0.553939245392908,0.457947474323922,"c102138-g1",1
"GO:0055057","GO:0055057","neuroblast division","1/62","34/5248",0.0294117647058824,2.48956356736243,0.952682323661867,0.333257846112447,0.553939245392908,0.457947474323922,"c102958-g1",1
"GO:0055092","GO:0055092","sterol homeostasis","1/62","34/5248",0.0294117647058824,2.48956356736243,0.952682323661867,0.333257846112447,0.553939245392908,0.457947474323922,"c101822-g1",1
"GO:0060259","GO:0060259","regulation of feeding behavior","1/62","34/5248",0.0294117647058824,2.48956356736243,0.952682323661867,0.333257846112447,0.553939245392908,0.457947474323922,"c87684-g1",1
"GO:0062014","GO:0062014","negative regulation of small molecule metabolic process","1/62","34/5248",0.0294117647058824,2.48956356736243,0.952682323661867,0.333257846112447,0.553939245392908,0.457947474323922,"c101822-g1",1
"GO:0071346","GO:0071346","cellular response to type II interferon","1/62","34/5248",0.0294117647058824,2.48956356736243,0.952682323661867,0.333257846112447,0.553939245392908,0.457947474323922,"c104424-g3",1
"GO:1902808","GO:1902808","positive regulation of cell cycle G1/S phase transition","1/62","34/5248",0.0294117647058824,2.48956356736243,0.952682323661867,0.333257846112447,0.553939245392908,0.457947474323922,"c101482-g1",1
"GO:0051606","GO:0051606","detection of stimulus","2/62","101/5248",0.0198019801980198,1.67614180772916,0.750164509667967,0.335968102907358,0.557809754565811,0.461147265483007,"c87684-g1/c102902-g1",2
"GO:0006952","GO:0006952","defense response","5/62","324/5248",0.0154320987654321,1.30625248904819,0.622197455473037,0.336116134161451,0.557809754565811,0.461147265483007,"c101822-g1/c102958-g1/c104424-g3/c99537-g1/c95060-g1",5
"GO:0007423","GO:0007423","sensory organ development","6/62","402/5248",0.0149253731343284,1.26336061627347,0.600768664300395,0.33790382410501,0.558304557957316,0.46155632471705,"c103611-g2/c102958-g1/c103705-g1/c105908-g1/c12761-g1/c78092-g1",6
"GO:0008324","GO:0008324","monoatomic cation transmembrane transporter activity","3/62","174/5248",0.0172413793103448,1.45939933259177,0.67379048422114,0.33864477180826,0.558304557957316,0.46155632471705,"c103499-g1/c5014-g2/c94480-g1",3
"GO:0030100","GO:0030100","regulation of endocytosis","3/62","174/5248",0.0172413793103448,1.45939933259177,0.67379048422114,0.33864477180826,0.558304557957316,0.46155632471705,"c98789-g1/c102902-g1/c95060-g1",3
"GO:0002576","GO:0002576","platelet degranulation","1/62","35/5248",0.0285714285714286,2.4184331797235,0.920521977982824,0.341186118751693,0.558304557957316,0.46155632471705,"c98407-g1",1
"GO:0003684","GO:0003684","damaged DNA binding","1/62","35/5248",0.0285714285714286,2.4184331797235,0.920521977982824,0.341186118751693,0.558304557957316,0.46155632471705,"c101482-g1",1
"GO:0006805","GO:0006805","xenobiotic metabolic process","1/62","35/5248",0.0285714285714286,2.4184331797235,0.920521977982824,0.341186118751693,0.558304557957316,0.46155632471705,"c102902-g1",1
"GO:0008585","GO:0008585","female gonad development","1/62","35/5248",0.0285714285714286,2.4184331797235,0.920521977982824,0.341186118751693,0.558304557957316,0.46155632471705,"c102902-g1",1
"GO:0010522","GO:0010522","regulation of calcium ion transport into cytosol","1/62","35/5248",0.0285714285714286,2.4184331797235,0.920521977982824,0.341186118751693,0.558304557957316,0.46155632471705,"c104424-g4",1
"GO:0032007","GO:0032007","negative regulation of TOR signaling","1/62","35/5248",0.0285714285714286,2.4184331797235,0.920521977982824,0.341186118751693,0.558304557957316,0.46155632471705,"c101822-g1",1
"GO:0045598","GO:0045598","regulation of fat cell differentiation","1/62","35/5248",0.0285714285714286,2.4184331797235,0.920521977982824,0.341186118751693,0.558304557957316,0.46155632471705,"c101822-g1",1
"GO:0045766","GO:0045766","positive regulation of angiogenesis","1/62","35/5248",0.0285714285714286,2.4184331797235,0.920521977982824,0.341186118751693,0.558304557957316,0.46155632471705,"c102902-g1",1
"GO:0046545","GO:0046545","development of primary female sexual characteristics","1/62","35/5248",0.0285714285714286,2.4184331797235,0.920521977982824,0.341186118751693,0.558304557957316,0.46155632471705,"c102902-g1",1
"GO:0046622","GO:0046622","positive regulation of organ growth","1/62","35/5248",0.0285714285714286,2.4184331797235,0.920521977982824,0.341186118751693,0.558304557957316,0.46155632471705,"c101822-g1",1
"GO:0048488","GO:0048488","synaptic vesicle endocytosis","1/62","35/5248",0.0285714285714286,2.4184331797235,0.920521977982824,0.341186118751693,0.558304557957316,0.46155632471705,"c87684-g1",1
"GO:0051452","GO:0051452","intracellular pH reduction","1/62","35/5248",0.0285714285714286,2.4184331797235,0.920521977982824,0.341186118751693,0.558304557957316,0.46155632471705,"c95060-g1",1
"GO:0060047","GO:0060047","heart contraction","1/62","35/5248",0.0285714285714286,2.4184331797235,0.920521977982824,0.341186118751693,0.558304557957316,0.46155632471705,"c101482-g1",1
"GO:0072341","GO:0072341","modified amino acid binding","1/62","35/5248",0.0285714285714286,2.4184331797235,0.920521977982824,0.341186118751693,0.558304557957316,0.46155632471705,"c87684-g1",1
"GO:1900408","GO:1900408","negative regulation of cellular response to oxidative stress","1/62","35/5248",0.0285714285714286,2.4184331797235,0.920521977982824,0.341186118751693,0.558304557957316,0.46155632471705,"c101822-g1",1
"GO:0009743","GO:0009743","response to carbohydrate","2/62","104/5248",0.0192307692307692,1.62779156327543,0.706995721103983,0.348971333392358,0.562817403325102,0.465287142050141,"c102902-g1/c104424-g3",2
"GO:0034250","GO:0034250","positive regulation of amide metabolic process","2/62","104/5248",0.0192307692307692,1.62779156327543,0.706995721103983,0.348971333392358,0.562817403325102,0.465287142050141,"c104424-g3/c89492-g1",2
"GO:0043679","GO:0043679","axon terminus","2/62","104/5248",0.0192307692307692,1.62779156327543,0.706995721103983,0.348971333392358,0.562817403325102,0.465287142050141,"c87684-g1/c40816-g1",2
"GO:0005977","GO:0005977","glycogen metabolic process","1/62","36/5248",0.0277777777777778,2.35125448028674,0.889449539140307,0.349021618586222,0.562817403325102,0.465287142050141,"c101822-g1",1
"GO:0007520","GO:0007520","myoblast fusion","1/62","36/5248",0.0277777777777778,2.35125448028674,0.889449539140307,0.349021618586222,0.562817403325102,0.465287142050141,"c101822-g1",1
"GO:0008630","GO:0008630","intrinsic apoptotic signaling pathway in response to DNA damage","1/62","36/5248",0.0277777777777778,2.35125448028674,0.889449539140307,0.349021618586222,0.562817403325102,0.465287142050141,"c101822-g1",1
"GO:0030203","GO:0030203","glycosaminoglycan metabolic process","1/62","36/5248",0.0277777777777778,2.35125448028674,0.889449539140307,0.349021618586222,0.562817403325102,0.465287142050141,"c101822-g1",1
"GO:0030952","GO:0030952","establishment or maintenance of cytoskeleton polarity","1/62","36/5248",0.0277777777777778,2.35125448028674,0.889449539140307,0.349021618586222,0.562817403325102,0.465287142050141,"c102138-g1",1
"GO:0035316","GO:0035316","non-sensory hair organization","1/62","36/5248",0.0277777777777778,2.35125448028674,0.889449539140307,0.349021618586222,0.562817403325102,0.465287142050141,"c103219-g2",1
"GO:0035317","GO:0035317","imaginal disc-derived wing hair organization","1/62","36/5248",0.0277777777777778,2.35125448028674,0.889449539140307,0.349021618586222,0.562817403325102,0.465287142050141,"c103219-g2",1
"GO:0043255","GO:0043255","regulation of carbohydrate biosynthetic process","1/62","36/5248",0.0277777777777778,2.35125448028674,0.889449539140307,0.349021618586222,0.562817403325102,0.465287142050141,"c101822-g1",1
"GO:0043502","GO:0043502","regulation of muscle adaptation","1/62","36/5248",0.0277777777777778,2.35125448028674,0.889449539140307,0.349021618586222,0.562817403325102,0.465287142050141,"c102902-g1",1
"GO:0045851","GO:0045851","pH reduction","1/62","36/5248",0.0277777777777778,2.35125448028674,0.889449539140307,0.349021618586222,0.562817403325102,0.465287142050141,"c95060-g1",1
"GO:0050805","GO:0050805","negative regulation of synaptic transmission","1/62","36/5248",0.0277777777777778,2.35125448028674,0.889449539140307,0.349021618586222,0.562817403325102,0.465287142050141,"c101822-g1",1
"GO:0051341","GO:0051341","regulation of oxidoreductase activity","1/62","36/5248",0.0277777777777778,2.35125448028674,0.889449539140307,0.349021618586222,0.562817403325102,0.465287142050141,"c101822-g1",1
"GO:0060281","GO:0060281","regulation of oocyte development","1/62","36/5248",0.0277777777777778,2.35125448028674,0.889449539140307,0.349021618586222,0.562817403325102,0.465287142050141,"c87684-g1",1
"GO:0099518","GO:0099518","vesicle cytoskeletal trafficking","1/62","36/5248",0.0277777777777778,2.35125448028674,0.889449539140307,0.349021618586222,0.562817403325102,0.465287142050141,"c102138-g1",1
"GO:1903426","GO:1903426","regulation of reactive oxygen species biosynthetic process","1/62","36/5248",0.0277777777777778,2.35125448028674,0.889449539140307,0.349021618586222,0.562817403325102,0.465287142050141,"c101822-g1",1
"GO:1905809","GO:1905809","negative regulation of synapse organization","1/62","36/5248",0.0277777777777778,2.35125448028674,0.889449539140307,0.349021618586222,0.562817403325102,0.465287142050141,"c101822-g1",1
"GO:0002066","GO:0002066","columnar/cuboidal epithelial cell development","3/62","178/5248",0.0168539325842697,1.42660384197173,0.633090657187533,0.351718678318703,0.566732621682623,0.46852389476836,"c103611-g2/c102138-g1/c98000-g2",3
"GO:0016874","GO:0016874","ligase activity","2/62","105/5248",0.019047619047619,1.61228878648234,0.692911571129464,0.353288383047056,0.568826708484021,0.470255098631764,"c101864-g1/c78921-g1",2
"GO:0006511","GO:0006511","ubiquitin-dependent protein catabolic process","4/62","255/5248",0.0156862745098039,1.32776723592663,0.586664712590082,0.35555888465946,0.56963454211985,0.47092294330296,"c102000-g1/c98750-g1/c98854-g1/c98854-g3",4
"GO:0000768","GO:0000768","syncytium formation by plasma membrane fusion","1/62","37/5248",0.027027027027027,2.28770706190061,0.85939440809778,0.356765413606877,0.56963454211985,0.47092294330296,"c101822-g1",1
"GO:0032210","GO:0032210","regulation of telomere maintenance via telomerase","1/62","37/5248",0.027027027027027,2.28770706190061,0.85939440809778,0.356765413606877,0.56963454211985,0.47092294330296,"c104424-g3",1
"GO:0033138","GO:0033138","positive regulation of peptidyl-serine phosphorylation","1/62","37/5248",0.027027027027027,2.28770706190061,0.85939440809778,0.356765413606877,0.56963454211985,0.47092294330296,"c101822-g1",1
"GO:0035162","GO:0035162","embryonic hemopoiesis","1/62","37/5248",0.027027027027027,2.28770706190061,0.85939440809778,0.356765413606877,0.56963454211985,0.47092294330296,"c102902-g1",1
"GO:0044042","GO:0044042","glucan metabolic process","1/62","37/5248",0.027027027027027,2.28770706190061,0.85939440809778,0.356765413606877,0.56963454211985,0.47092294330296,"c101822-g1",1
"GO:0046928","GO:0046928","regulation of neurotransmitter secretion","1/62","37/5248",0.027027027027027,2.28770706190061,0.85939440809778,0.356765413606877,0.56963454211985,0.47092294330296,"c87684-g1",1
"GO:0051492","GO:0051492","regulation of stress fiber assembly","1/62","37/5248",0.027027027027027,2.28770706190061,0.85939440809778,0.356765413606877,0.56963454211985,0.47092294330296,"c104424-g3",1
"GO:0061842","GO:0061842","microtubule organizing center localization","1/62","37/5248",0.027027027027027,2.28770706190061,0.85939440809778,0.356765413606877,0.56963454211985,0.47092294330296,"c102138-g1",1
"GO:0072665","GO:0072665","protein localization to vacuole","1/62","37/5248",0.027027027027027,2.28770706190061,0.85939440809778,0.356765413606877,0.56963454211985,0.47092294330296,"c96969-g1",1
"GO:1902883","GO:1902883","negative regulation of response to oxidative stress","1/62","37/5248",0.027027027027027,2.28770706190061,0.85939440809778,0.356765413606877,0.56963454211985,0.47092294330296,"c101822-g1",1
"GO:0051051","GO:0051051","negative regulation of transport","3/62","180/5248",0.0166666666666667,1.41075268817204,0.613103061040568,0.35824855596354,0.571569287014557,0.472522417514908,"c101822-g1/c102902-g1/c104424-g4",3
"GO:0019941","GO:0019941","modification-dependent protein catabolic process","4/62","257/5248",0.0155642023346304,1.31743441697,0.570508224386715,0.361018577530264,0.574020558529927,0.474548909785825,"c102000-g1/c98750-g1/c98854-g1/c98854-g3",4
"GO:0061136","GO:0061136","regulation of proteasomal protein catabolic process","2/62","107/5248",0.0186915887850467,1.58215254748266,0.665181266678296,0.361894087737794,0.574020558529927,0.474548909785825,"c101822-g1/c102902-g1",2
"GO:0098562","GO:0098562","cytoplasmic side of membrane","2/62","107/5248",0.0186915887850467,1.58215254748266,0.665181266678296,0.361894087737794,0.574020558529927,0.474548909785825,"c103330-g1/c101822-g1",2
"GO:0000781","GO:0000781","chromosome, telomeric region","1/62","38/5248",0.0263157894736842,2.22750424448217,0.830292394509594,0.364418559712494,0.574020558529927,0.474548909785825,"c101482-g1",1
"GO:0005902","GO:0005902","microvillus","1/62","38/5248",0.0263157894736842,2.22750424448217,0.830292394509594,0.364418559712494,0.574020558529927,0.474548909785825,"c103210-g1",1
"GO:0006112","GO:0006112","energy reserve metabolic process","1/62","38/5248",0.0263157894736842,2.22750424448217,0.830292394509594,0.364418559712494,0.574020558529927,0.474548909785825,"c101822-g1",1
"GO:0006949","GO:0006949","syncytium formation","1/62","38/5248",0.0263157894736842,2.22750424448217,0.830292394509594,0.364418559712494,0.574020558529927,0.474548909785825,"c101822-g1",1
"GO:0007080","GO:0007080","mitotic metaphase chromosome alignment","1/62","38/5248",0.0263157894736842,2.22750424448217,0.830292394509594,0.364418559712494,0.574020558529927,0.474548909785825,"c102138-g1",1
"GO:0009950","GO:0009950","dorsal/ventral axis specification","1/62","38/5248",0.0263157894736842,2.22750424448217,0.830292394509594,0.364418559712494,0.574020558529927,0.474548909785825,"c104424-g4",1
"GO:0016242","GO:0016242","negative regulation of macroautophagy","1/62","38/5248",0.0263157894736842,2.22750424448217,0.830292394509594,0.364418559712494,0.574020558529927,0.474548909785825,"c101822-g1",1
"GO:0034341","GO:0034341","response to type II interferon","1/62","38/5248",0.0263157894736842,2.22750424448217,0.830292394509594,0.364418559712494,0.574020558529927,0.474548909785825,"c104424-g3",1
"GO:0045179","GO:0045179","apical cortex","1/62","38/5248",0.0263157894736842,2.22750424448217,0.830292394509594,0.364418559712494,0.574020558529927,0.474548909785825,"c102958-g1",1
"GO:0051216","GO:0051216","cartilage development","1/62","38/5248",0.0263157894736842,2.22750424448217,0.830292394509594,0.364418559712494,0.574020558529927,0.474548909785825,"c102902-g1",1
"GO:0061063","GO:0061063","positive regulation of nematode larval development","1/62","38/5248",0.0263157894736842,2.22750424448217,0.830292394509594,0.364418559712494,0.574020558529927,0.474548909785825,"c101113-g1",1
"GO:0070585","GO:0070585","protein localization to mitochondrion","1/62","38/5248",0.0263157894736842,2.22750424448217,0.830292394509594,0.364418559712494,0.574020558529927,0.474548909785825,"c101822-g1",1
"GO:1901888","GO:1901888","regulation of cell junction assembly","1/62","38/5248",0.0263157894736842,2.22750424448217,0.830292394509594,0.364418559712494,0.574020558529927,0.474548909785825,"c104424-g4",1
"GO:1902667","GO:1902667","regulation of axon guidance","1/62","38/5248",0.0263157894736842,2.22750424448217,0.830292394509594,0.364418559712494,0.574020558529927,0.474548909785825,"c103611-g2",1
"GO:0031347","GO:0031347","regulation of defense response","3/62","182/5248",0.0164835164835165,1.39524991137894,0.593348710852044,0.364771431007452,0.574146960913075,0.474653407982319,"c102902-g1/c104424-g3/c104424-g4",3
"GO:0045807","GO:0045807","positive regulation of endocytosis","2/62","108/5248",0.0185185185185185,1.56750298685783,0.65152875889788,0.366181993649191,0.575936727875426,0.47613302739339,"c98789-g1/c102902-g1",2
"GO:0007600","GO:0007600","sensory perception","3/62","184/5248",0.016304347826087,1.38008415147265,0.573821669455113,0.371285641565248,0.579862549502996,0.479378545947896,"c102902-g1/c104424-g4/c103705-g1",3
"GO:0150034","GO:0150034","distal axon","3/62","184/5248",0.016304347826087,1.38008415147265,0.573821669455113,0.371285641565248,0.579862549502996,0.479378545947896,"c87684-g1/c110137-g1/c40816-g1",3
"GO:0002250","GO:0002250","adaptive immune response","1/62","39/5248",0.0256410256410256,2.17038875103391,0.80208498128383,0.371982100844514,0.579862549502996,0.479378545947896,"c104424-g3",1
"GO:0016247","GO:0016247","channel regulator activity","1/62","39/5248",0.0256410256410256,2.17038875103391,0.80208498128383,0.371982100844514,0.579862549502996,0.479378545947896,"c102902-g1",1
"GO:0016627","GO:0016627","oxidoreductase activity, acting on the CH-CH group of donors","1/62","39/5248",0.0256410256410256,2.17038875103391,0.80208498128383,0.371982100844514,0.579862549502996,0.479378545947896,"c101392-g1",1
"GO:0032008","GO:0032008","positive regulation of TOR signaling","1/62","39/5248",0.0256410256410256,2.17038875103391,0.80208498128383,0.371982100844514,0.579862549502996,0.479378545947896,"c101822-g1",1
"GO:0032411","GO:0032411","positive regulation of transporter activity","1/62","39/5248",0.0256410256410256,2.17038875103391,0.80208498128383,0.371982100844514,0.579862549502996,0.479378545947896,"c104424-g3",1
"GO:0035270","GO:0035270","endocrine system development","1/62","39/5248",0.0256410256410256,2.17038875103391,0.80208498128383,0.371982100844514,0.579862549502996,0.479378545947896,"c101822-g1",1
"GO:0045793","GO:0045793","positive regulation of cell size","1/62","39/5248",0.0256410256410256,2.17038875103391,0.80208498128383,0.371982100844514,0.579862549502996,0.479378545947896,"c101822-g1",1
"GO:0048103","GO:0048103","somatic stem cell division","1/62","39/5248",0.0256410256410256,2.17038875103391,0.80208498128383,0.371982100844514,0.579862549502996,0.479378545947896,"c102958-g1",1
"GO:0090630","GO:0090630","activation of GTPase activity","1/62","39/5248",0.0256410256410256,2.17038875103391,0.80208498128383,0.371982100844514,0.579862549502996,0.479378545947896,"c101822-g1",1
"GO:1903432","GO:1903432","regulation of TORC1 signaling","1/62","39/5248",0.0256410256410256,2.17038875103391,0.80208498128383,0.371982100844514,0.579862549502996,0.479378545947896,"c101822-g1",1
"GO:0050807","GO:0050807","regulation of synapse organization","3/62","185/5248",0.0162162162162162,1.37262423714037,0.564141593677113,0.374538989729212,0.581986131961493,0.48113413418519,"c103611-g2/c101822-g1/c102902-g1",3
"GO:0007417","GO:0007417","central nervous system development","6/62","419/5248",0.0143198090692124,1.21210254831011,0.494833867242487,0.374662560457733,0.581986131961493,0.48113413418519,"c101113-g1/c102537-g1/c87684-g1/c95002-g1/c101822-g1/c102902-g1",6
"GO:0030695","GO:0030695","GTPase regulator activity","2/62","110/5248",0.0181818181818182,1.53900293255132,0.624633886811548,0.374726113456688,0.581986131961493,0.48113413418519,"c28978-g1/c80891-g1",2
"GO:0046873","GO:0046873","metal ion transmembrane transporter activity","2/62","110/5248",0.0181818181818182,1.53900293255132,0.624633886811548,0.374726113456688,0.581986131961493,0.48113413418519,"c103499-g1/c5014-g2",2
"GO:0098797","GO:0098797","plasma membrane protein complex","2/62","110/5248",0.0181818181818182,1.53900293255132,0.624633886811548,0.374726113456688,0.581986131961493,0.48113413418519,"c102902-g1/c102958-g1",2
"GO:0030659","GO:0030659","cytoplasmic vesicle membrane","4/62","263/5248",0.0152091254752852,1.28737887894027,0.522799615890859,0.377396950679228,0.583311377786115,0.482229729023958,"c102537-g1/c87684-g1/c95002-g1/c95060-g1",4
"GO:0043632","GO:0043632","modification-dependent macromolecule catabolic process","4/62","263/5248",0.0152091254752852,1.28737887894027,0.522799615890859,0.377396950679228,0.583311377786115,0.482229729023958,"c102000-g1/c98750-g1/c98854-g1/c98854-g3",4
"GO:0030010","GO:0030010","establishment of cell polarity","2/62","111/5248",0.018018018018018,1.52513804126707,0.611385742965875,0.378981636432815,0.583311377786115,0.482229729023958,"c102958-g1/c102138-g1",2
"GO:0030307","GO:0030307","positive regulation of cell growth","2/62","111/5248",0.018018018018018,1.52513804126707,0.611385742965875,0.378981636432815,0.583311377786115,0.482229729023958,"c87684-g1/c101822-g1",2
"GO:1902533","GO:1902533","positive regulation of intracellular signal transduction","5/62","342/5248",0.0146198830409357,1.23750235804565,0.496652158850856,0.379219975143999,0.583311377786115,0.482229729023958,"c103280-g1/c101822-g1/c102902-g1/c104424-g3/c104424-g4",5
"GO:0000079","GO:0000079","regulation of cyclin-dependent protein serine/threonine kinase activity","1/62","40/5248",0.025,2.11612903225806,0.774718690135782,0.379457069120122,0.583311377786115,0.482229729023958,"c101822-g1",1
"GO:0017124","GO:0017124","SH3 domain binding","1/62","40/5248",0.025,2.11612903225806,0.774718690135782,0.379457069120122,0.583311377786115,0.482229729023958,"c104424-g4",1
"GO:0030665","GO:0030665","clathrin-coated vesicle membrane","1/62","40/5248",0.025,2.11612903225806,0.774718690135782,0.379457069120122,0.583311377786115,0.482229729023958,"c87684-g1",1
"GO:0031901","GO:0031901","early endosome membrane","1/62","40/5248",0.025,2.11612903225806,0.774718690135782,0.379457069120122,0.583311377786115,0.482229729023958,"c95060-g1",1
"GO:0032024","GO:0032024","positive regulation of insulin secretion","1/62","40/5248",0.025,2.11612903225806,0.774718690135782,0.379457069120122,0.583311377786115,0.482229729023958,"c104424-g4",1
"GO:0032873","GO:0032873","negative regulation of stress-activated MAPK cascade","1/62","40/5248",0.025,2.11612903225806,0.774718690135782,0.379457069120122,0.583311377786115,0.482229729023958,"c101822-g1",1
"GO:0043244","GO:0043244","regulation of protein-containing complex disassembly","1/62","40/5248",0.025,2.11612903225806,0.774718690135782,0.379457069120122,0.583311377786115,0.482229729023958,"c40816-g1",1
"GO:0051781","GO:0051781","positive regulation of cell division","1/62","40/5248",0.025,2.11612903225806,0.774718690135782,0.379457069120122,0.583311377786115,0.482229729023958,"c104424-g4",1
"GO:0070303","GO:0070303","negative regulation of stress-activated protein kinase signaling cascade","1/62","40/5248",0.025,2.11612903225806,0.774718690135782,0.379457069120122,0.583311377786115,0.482229729023958,"c101822-g1",1
"GO:0044057","GO:0044057","regulation of system process","3/62","187/5248",0.0160427807486631,1.35794376401587,0.5449448541207,0.381037178712979,0.5848865148466,0.483531911609075,"c101822-g1/c102902-g1/c104424-g3",3
"GO:0051098","GO:0051098","regulation of binding","3/62","187/5248",0.0160427807486631,1.35794376401587,0.5449448541207,0.381037178712979,0.5848865148466,0.483531911609075,"c103330-g1/c101822-g1/c104424-g3",3
"GO:0003007","GO:0003007","heart morphogenesis","2/62","112/5248",0.0178571428571429,1.51152073732719,0.598266753774023,0.383225689747673,0.586962401897163,0.485248069544613,"c103219-g2/c101482-g1",2
"GO:0030427","GO:0030427","site of polarized growth","2/62","112/5248",0.0178571428571429,1.51152073732719,0.598266753774023,0.383225689747673,0.586962401897163,0.485248069544613,"c110137-g1/c40816-g1",2
"GO:0034504","GO:0034504","protein localization to nucleus","2/62","112/5248",0.0178571428571429,1.51152073732719,0.598266753774023,0.383225689747673,0.586962401897163,0.485248069544613,"c101822-g1/c89492-g1",2
"GO:1902679","GO:1902679","negative regulation of RNA biosynthetic process","5/62","344/5248",0.0145348837209302,1.23030757689422,0.483111457347797,0.384022746008859,0.587755743528094,0.485903933521001,"c102000-g1/c98750-g1/c98854-g1/c98854-g3/c101482-g1",5
"GO:0030163","GO:0030163","protein catabolic process","5/62","345/5248",0.0144927536231884,1.22674146797569,0.476370298511523,0.386424192786772,0.589077718968935,0.486996824698665,"c101822-g1/c102000-g1/c98750-g1/c98854-g1/c98854-g3",5
"GO:0044344","GO:0044344","cellular response to fibroblast growth factor stimulus","1/62","41/5248",0.024390243902439,2.06451612903226,0.74814453210686,0.38684448496393,0.589077718968935,0.486996824698665,"c95060-g1",1
"GO:0051310","GO:0051310","metaphase chromosome alignment","1/62","41/5248",0.024390243902439,2.06451612903226,0.74814453210686,0.38684448496393,0.589077718968935,0.486996824698665,"c102138-g1",1
"GO:0055038","GO:0055038","recycling endosome membrane","1/62","41/5248",0.024390243902439,2.06451612903226,0.74814453210686,0.38684448496393,0.589077718968935,0.486996824698665,"c95060-g1",1
"GO:0071322","GO:0071322","cellular response to carbohydrate stimulus","1/62","41/5248",0.024390243902439,2.06451612903226,0.74814453210686,0.38684448496393,0.589077718968935,0.486996824698665,"c102902-g1",1
"GO:1904018","GO:1904018","positive regulation of vasculature development","1/62","41/5248",0.024390243902439,2.06451612903226,0.74814453210686,0.38684448496393,0.589077718968935,0.486996824698665,"c102902-g1",1
"GO:1904356","GO:1904356","regulation of telomere maintenance via telomere lengthening","1/62","41/5248",0.024390243902439,2.06451612903226,0.74814453210686,0.38684448496393,0.589077718968935,0.486996824698665,"c104424-g3",1
"GO:0045088","GO:0045088","regulation of innate immune response","2/62","113/5248",0.0176991150442478,1.49814444761633,0.585274243629844,0.387457951047764,0.589159888019199,0.487064754727723,"c104424-g3/c104424-g4",2
"GO:1903706","GO:1903706","regulation of hemopoiesis","2/62","113/5248",0.0176991150442478,1.49814444761633,0.585274243629844,0.387457951047764,0.589159888019199,0.487064754727723,"c102902-g1/c104424-g3",2
"GO:0006399","GO:0006399","tRNA metabolic process","2/62","114/5248",0.0175438596491228,1.48500282965478,0.572405616631708,0.391678106926658,0.59503234576609,0.491919578096222,"c101864-g1/c78921-g1",2
"GO:0006304","GO:0006304","DNA modification","1/62","42/5248",0.0238095238095238,2.01536098310292,0.722317529891616,0.394145357238222,0.59503234576609,0.491919578096222,"c101482-g1",1
"GO:0007565","GO:0007565","female pregnancy","1/62","42/5248",0.0238095238095238,2.01536098310292,0.722317529891616,0.394145357238222,0.59503234576609,0.491919578096222,"c101822-g1",1
"GO:0021510","GO:0021510","spinal cord development","1/62","42/5248",0.0238095238095238,2.01536098310292,0.722317529891616,0.394145357238222,0.59503234576609,0.491919578096222,"c101822-g1",1
"GO:0036465","GO:0036465","synaptic vesicle recycling","1/62","42/5248",0.0238095238095238,2.01536098310292,0.722317529891616,0.394145357238222,0.59503234576609,0.491919578096222,"c87684-g1",1
"GO:0046425","GO:0046425","regulation of receptor signaling pathway via JAK-STAT","1/62","42/5248",0.0238095238095238,2.01536098310292,0.722317529891616,0.394145357238222,0.59503234576609,0.491919578096222,"c103611-g2",1
"GO:0048582","GO:0048582","positive regulation of post-embryonic development","1/62","42/5248",0.0238095238095238,2.01536098310292,0.722317529891616,0.394145357238222,0.59503234576609,0.491919578096222,"c101113-g1",1
"GO:0071774","GO:0071774","response to fibroblast growth factor","1/62","42/5248",0.0238095238095238,2.01536098310292,0.722317529891616,0.394145357238222,0.59503234576609,0.491919578096222,"c95060-g1",1
"GO:1904892","GO:1904892","regulation of receptor signaling pathway via STAT","1/62","42/5248",0.0238095238095238,2.01536098310292,0.722317529891616,0.394145357238222,0.59503234576609,0.491919578096222,"c103611-g2",1
"GO:1905897","GO:1905897","regulation of response to endoplasmic reticulum stress","1/62","42/5248",0.0238095238095238,2.01536098310292,0.722317529891616,0.394145357238222,0.59503234576609,0.491919578096222,"c103705-g1",1
"GO:0006874","GO:0006874","intracellular calcium ion homeostasis","2/62","115/5248",0.0173913043478261,1.47208976157083,0.559658353514281,0.395885852764684,0.596804299157069,0.493384470838103,"c102902-g1/c104424-g4",2
"GO:0010959","GO:0010959","regulation of metal ion transport","2/62","115/5248",0.0173913043478261,1.47208976157083,0.559658353514281,0.395885852764684,0.596804299157069,0.493384470838103,"c101822-g1/c104424-g4",2
"GO:0002119","GO:0002119","nematode larval development","3/62","193/5248",0.0155440414507772,1.3157278957045,0.488614274321217,0.400449898154138,0.599054287158709,0.495244559884293,"c101113-g1/c104424-g4/c101482-g1",3
"GO:1901990","GO:1901990","regulation of mitotic cell cycle phase transition","3/62","193/5248",0.0155440414507772,1.3157278957045,0.488614274321217,0.400449898154138,0.599054287158709,0.495244559884293,"c101822-g1/c104424-g3/c101482-g1",3
"GO:0007173","GO:0007173","epidermal growth factor receptor signaling pathway","1/62","43/5248",0.0232558139534884,1.96849212303076,0.697196301114945,0.401360683371766,0.599054287158709,0.495244559884293,"c101822-g1",1
"GO:0032231","GO:0032231","regulation of actin filament bundle assembly","1/62","43/5248",0.0232558139534884,1.96849212303076,0.697196301114945,0.401360683371766,0.599054287158709,0.495244559884293,"c104424-g3",1
"GO:0032944","GO:0032944","regulation of mononuclear cell proliferation","1/62","43/5248",0.0232558139534884,1.96849212303076,0.697196301114945,0.401360683371766,0.599054287158709,0.495244559884293,"c104424-g3",1
"GO:0050670","GO:0050670","regulation of lymphocyte proliferation","1/62","43/5248",0.0232558139534884,1.96849212303076,0.697196301114945,0.401360683371766,0.599054287158709,0.495244559884293,"c104424-g3",1
"GO:0050810","GO:0050810","regulation of steroid biosynthetic process","1/62","43/5248",0.0232558139534884,1.96849212303076,0.697196301114945,0.401360683371766,0.599054287158709,0.495244559884293,"c101392-g1",1
"GO:0050866","GO:0050866","negative regulation of cell activation","1/62","43/5248",0.0232558139534884,1.96849212303076,0.697196301114945,0.401360683371766,0.599054287158709,0.495244559884293,"c104424-g3",1
"GO:0051647","GO:0051647","nucleus localization","1/62","43/5248",0.0232558139534884,1.96849212303076,0.697196301114945,0.401360683371766,0.599054287158709,0.495244559884293,"c102138-g1",1
"GO:0070663","GO:0070663","regulation of leukocyte proliferation","1/62","43/5248",0.0232558139534884,1.96849212303076,0.697196301114945,0.401360683371766,0.599054287158709,0.495244559884293,"c104424-g3",1
"GO:0097731","GO:0097731","9+0 non-motile cilium","1/62","43/5248",0.0232558139534884,1.96849212303076,0.697196301114945,0.401360683371766,0.599054287158709,0.495244559884293,"c102902-g1",1
"GO:0097733","GO:0097733","photoreceptor cell cilium","1/62","43/5248",0.0232558139534884,1.96849212303076,0.697196301114945,0.401360683371766,0.599054287158709,0.495244559884293,"c102902-g1",1
"GO:0098722","GO:0098722","asymmetric stem cell division","1/62","43/5248",0.0232558139534884,1.96849212303076,0.697196301114945,0.401360683371766,0.599054287158709,0.495244559884293,"c102958-g1",1
"GO:1903051","GO:1903051","negative regulation of proteolysis involved in protein catabolic process","1/62","43/5248",0.0232558139534884,1.96849212303076,0.697196301114945,0.401360683371766,0.599054287158709,0.495244559884293,"c102902-g1",1
"GO:0005815","GO:0005815","microtubule organizing center","5/62","352/5248",0.0142045454545455,1.20234604105572,0.429714946315006,0.403227341806507,0.601414151447949,0.497195484827764,"c101822-g1/c102902-g1/c104424-g3/c102138-g1/c101482-g1",5
"GO:0016358","GO:0016358","dendrite development","2/62","117/5248",0.0170940170940171,1.44692583402261,0.534518207632658,0.404262938828396,0.602105904648233,0.497767364566491,"c101822-g1/c102138-g1",2
"GO:0071824","GO:0071824","protein-DNA complex organization","2/62","117/5248",0.0170940170940171,1.44692583402261,0.534518207632658,0.404262938828396,0.602105904648233,0.497767364566491,"c91030-g1/c92636-g1",2
"GO:0030135","GO:0030135","coated vesicle","2/62","118/5248",0.0169491525423729,1.43466375068343,0.522120643874623,0.40843171233965,0.605406750612308,0.5004962090832,"c87684-g1/c95060-g1",2
"GO:0055074","GO:0055074","calcium ion homeostasis","2/62","118/5248",0.0169491525423729,1.43466375068343,0.522120643874623,0.40843171233965,0.605406750612308,0.5004962090832,"c102902-g1/c104424-g4",2
"GO:0001947","GO:0001947","heart looping","1/62","44/5248",0.0227272727272727,1.92375366568915,0.672742693555397,0.408491449487222,0.605406750612308,0.5004962090832,"c101482-g1",1
"GO:0032465","GO:0032465","regulation of cytokinesis","1/62","44/5248",0.0227272727272727,1.92375366568915,0.672742693555397,0.408491449487222,0.605406750612308,0.5004962090832,"c104424-g4",1
"GO:0032794","GO:0032794","GTPase activating protein binding","1/62","44/5248",0.0227272727272727,1.92375366568915,0.672742693555397,0.408491449487222,0.605406750612308,0.5004962090832,"c101822-g1",1
"GO:2001236","GO:2001236","regulation of extrinsic apoptotic signaling pathway","1/62","44/5248",0.0227272727272727,1.92375366568915,0.672742693555397,0.408491449487222,0.605406750612308,0.5004962090832,"c101822-g1",1
"GO:2001243","GO:2001243","negative regulation of intrinsic apoptotic signaling pathway","1/62","44/5248",0.0227272727272727,1.92375366568915,0.672742693555397,0.408491449487222,0.605406750612308,0.5004962090832,"c101822-g1",1
"GO:0002065","GO:0002065","columnar/cuboidal epithelial cell differentiation","3/62","196/5248",0.0153061224489796,1.2955892034233,0.461126469796061,0.410101120174566,0.607364950131953,0.502115073483406,"c103611-g2/c102138-g1/c98000-g2",3
"GO:0031965","GO:0031965","nuclear membrane","2/62","119/5248",0.0168067226890756,1.42260775277853,0.509835076812404,0.412586942077313,0.61061707660915,0.504803641081388,"c101392-g1/c89492-g1",2
"GO:0006022","GO:0006022","aminoglycan metabolic process","1/62","45/5248",0.0222222222222222,1.88100358422939,0.648921464813385,0.415538630527151,0.612832181995925,0.506634892298325,"c101822-g1",1
"GO:0008408","GO:0008408","3'-5' exonuclease activity","1/62","45/5248",0.0222222222222222,1.88100358422939,0.648921464813385,0.415538630527151,0.612832181995925,0.506634892298325,"c101482-g1",1
"GO:0042051","GO:0042051","compound eye photoreceptor development","1/62","45/5248",0.0222222222222222,1.88100358422939,0.648921464813385,0.415538630527151,0.612832181995925,0.506634892298325,"c103611-g2",1
"GO:0043277","GO:0043277","apoptotic cell clearance","1/62","45/5248",0.0222222222222222,1.88100358422939,0.648921464813385,0.415538630527151,0.612832181995925,0.506634892298325,"c95060-g1",1
"GO:0045178","GO:0045178","basal part of cell","1/62","45/5248",0.0222222222222222,1.88100358422939,0.648921464813385,0.415538630527151,0.612832181995925,0.506634892298325,"c103611-g2",1
"GO:0010639","GO:0010639","negative regulation of organelle organization","3/62","199/5248",0.0150753768844221,1.27605770789431,0.434069080322746,0.419709287156437,0.618117313812207,0.511004167064223,"c101822-g1/c104424-g3/c98000-g2",3
"GO:0010817","GO:0010817","regulation of hormone levels","3/62","199/5248",0.0150753768844221,1.27605770789431,0.434069080322746,0.419709287156437,0.618117313812207,0.511004167064223,"c101822-g1/c102902-g1/c104424-g4",3
"GO:0010906","GO:0010906","regulation of glucose metabolic process","1/62","46/5248",0.0217391304347826,1.84011220196353,0.625700000147552,0.422503190378644,0.618340318928022,0.511188527768755,"c101822-g1",1
"GO:0032456","GO:0032456","endocytic recycling","1/62","46/5248",0.0217391304347826,1.84011220196353,0.625700000147552,0.422503190378644,0.618340318928022,0.511188527768755,"c95060-g1",1
"GO:0035578","GO:0035578","azurophil granule lumen","1/62","46/5248",0.0217391304347826,1.84011220196353,0.625700000147552,0.422503190378644,0.618340318928022,0.511188527768755,"c104424-g3",1
"GO:0045197","GO:0045197","establishment or maintenance of epithelial cell apical/basal polarity","1/62","46/5248",0.0217391304347826,1.84011220196353,0.625700000147552,0.422503190378644,0.618340318928022,0.511188527768755,"c102958-g1",1
"GO:0050829","GO:0050829","defense response to Gram-negative bacterium","1/62","46/5248",0.0217391304347826,1.84011220196353,0.625700000147552,0.422503190378644,0.618340318928022,0.511188527768755,"c99537-g1",1
"GO:0072593","GO:0072593","reactive oxygen species metabolic process","1/62","46/5248",0.0217391304347826,1.84011220196353,0.625700000147552,0.422503190378644,0.618340318928022,0.511188527768755,"c101822-g1",1
"GO:1903708","GO:1903708","positive regulation of hemopoiesis","1/62","46/5248",0.0217391304347826,1.84011220196353,0.625700000147552,0.422503190378644,0.618340318928022,0.511188527768755,"c102902-g1",1
"GO:1903725","GO:1903725","regulation of phospholipid metabolic process","1/62","46/5248",0.0217391304347826,1.84011220196353,0.625700000147552,0.422503190378644,0.618340318928022,0.511188527768755,"c104424-g3",1
"GO:2000573","GO:2000573","positive regulation of DNA biosynthetic process","1/62","46/5248",0.0217391304347826,1.84011220196353,0.625700000147552,0.422503190378644,0.618340318928022,0.511188527768755,"c104424-g3",1
"GO:0045995","GO:0045995","regulation of embryonic development","2/62","122/5248",0.0163934426229508,1.38762559492332,0.473628885205755,0.424968777815354,0.621516837554956,0.513814589551605,"c87684-g1/c95060-g1",2
"GO:0032984","GO:0032984","protein-containing complex disassembly","2/62","123/5248",0.016260162601626,1.37634408602151,0.461770130540147,0.429067280426285,0.62537143062573,0.517001222699534,"c104992-g1/c88159-g1",2
"GO:0061640","GO:0061640","cytoskeleton-dependent cytokinesis","2/62","123/5248",0.016260162601626,1.37634408602151,0.461770130540147,0.429067280426285,0.62537143062573,0.517001222699534,"c104992-g1/c88159-g1",2
"GO:0045833","GO:0045833","negative regulation of lipid metabolic process","1/62","47/5248",0.0212765957446809,1.8009608785175,0.60304806320511,0.429386081996584,0.62537143062573,0.517001222699534,"c101822-g1",1
"GO:0046686","GO:0046686","response to cadmium ion","1/62","47/5248",0.0212765957446809,1.8009608785175,0.60304806320511,0.429386081996584,0.62537143062573,0.517001222699534,"c101822-g1",1
"GO:0071356","GO:0071356","cellular response to tumor necrosis factor","1/62","47/5248",0.0212765957446809,1.8009608785175,0.60304806320511,0.429386081996584,0.62537143062573,0.517001222699534,"c101822-g1",1
"GO:0071466","GO:0071466","cellular response to xenobiotic stimulus","1/62","47/5248",0.0212765957446809,1.8009608785175,0.60304806320511,0.429386081996584,0.62537143062573,0.517001222699534,"c102902-g1",1
"GO:1903050","GO:1903050","regulation of proteolysis involved in protein catabolic process","2/62","124/5248",0.0161290322580645,1.36524453694069,0.45001307418579,0.43315100155239,0.630049690870256,0.520868790273106,"c101822-g1/c102902-g1",2
"GO:0010558","GO:0010558","negative regulation of macromolecule biosynthetic process","6/62","447/5248",0.0134228187919463,1.13617666161507,0.329098355708807,0.435523832539437,0.630049690870256,0.520868790273106,"c102902-g1/c102000-g1/c98750-g1/c98854-g1/c98854-g3/c101482-g1",6
"GO:0001816","GO:0001816","cytokine production","1/62","48/5248",0.0208333333333333,1.76344086021505,0.580937575196681,0.436188247525562,0.630049690870256,0.520868790273106,"c104424-g3",1
"GO:0003143","GO:0003143","embryonic heart tube morphogenesis","1/62","48/5248",0.0208333333333333,1.76344086021505,0.580937575196681,0.436188247525562,0.630049690870256,0.520868790273106,"c101482-g1",1
"GO:0005791","GO:0005791","rough endoplasmic reticulum","1/62","48/5248",0.0208333333333333,1.76344086021505,0.580937575196681,0.436188247525562,0.630049690870256,0.520868790273106,"c95060-g1",1
"GO:0007405","GO:0007405","neuroblast proliferation","1/62","48/5248",0.0208333333333333,1.76344086021505,0.580937575196681,0.436188247525562,0.630049690870256,0.520868790273106,"c102958-g1",1
"GO:0032204","GO:0032204","regulation of telomere maintenance","1/62","48/5248",0.0208333333333333,1.76344086021505,0.580937575196681,0.436188247525562,0.630049690870256,0.520868790273106,"c104424-g3",1
"GO:0040024","GO:0040024","dauer larval development","1/62","48/5248",0.0208333333333333,1.76344086021505,0.580937575196681,0.436188247525562,0.630049690870256,0.520868790273106,"c104424-g4",1
"GO:0048675","GO:0048675","axon extension","1/62","48/5248",0.0208333333333333,1.76344086021505,0.580937575196681,0.436188247525562,0.630049690870256,0.520868790273106,"c103611-g2",1
"GO:0051588","GO:0051588","regulation of neurotransmitter transport","1/62","48/5248",0.0208333333333333,1.76344086021505,0.580937575196681,0.436188247525562,0.630049690870256,0.520868790273106,"c87684-g1",1
"GO:1905879","GO:1905879","regulation of oogenesis","1/62","48/5248",0.0208333333333333,1.76344086021505,0.580937575196681,0.436188247525562,0.630049690870256,0.520868790273106,"c87684-g1",1
"GO:2000177","GO:2000177","regulation of neural precursor cell proliferation","1/62","48/5248",0.0208333333333333,1.76344086021505,0.580937575196681,0.436188247525562,0.630049690870256,0.520868790273106,"c102958-g1",1
"GO:0010608","GO:0010608","post-transcriptional regulation of gene expression","4/62","285/5248",0.0140350877192982,1.18800226372383,0.356819427144604,0.437060254918773,0.630674467260342,0.521385299569454,"c101822-g1/c102902-g1/c104424-g3/c101482-g1",4
"GO:0046649","GO:0046649","lymphocyte activation","2/62","125/5248",0.016,1.35432258064516,0.438355822609376,0.437219716144397,0.630674467260342,0.521385299569454,"c102902-g1/c104424-g3",2
"GO:0002009","GO:0002009","morphogenesis of an epithelium","6/62","449/5248",0.0133630289532294,1.13111574107335,0.317641874400098,0.439855681998929,0.633675110321648,0.523865963148901,"c103219-g2/c102958-g1/c101482-g1/c105479-g1/c110137-g1/c40816-g1",6
"GO:0030667","GO:0030667","secretory granule membrane","2/62","126/5248",0.0158730158730159,1.34357398873528,0.426796533144203,0.44127320633005,0.633675110321648,0.523865963148901,"c87684-g1/c95060-g1",2
"GO:1902850","GO:1902850","microtubule cytoskeleton organization involved in mitosis","2/62","126/5248",0.0158730158730159,1.34357398873528,0.426796533144203,0.44127320633005,0.633675110321648,0.523865963148901,"c102958-g1/c102138-g1",2
"GO:0007601","GO:0007601","visual perception","1/62","49/5248",0.0204081632653061,1.72745227123107,0.559342418747516,0.442910618420449,0.633675110321648,0.523865963148901,"c103705-g1",1
"GO:0010623","GO:0010623","programmed cell death involved in cell development","1/62","49/5248",0.0204081632653061,1.72745227123107,0.559342418747516,0.442910618420449,0.633675110321648,0.523865963148901,"c102958-g1",1
"GO:0016363","GO:0016363","nuclear matrix","1/62","49/5248",0.0204081632653061,1.72745227123107,0.559342418747516,0.442910618420449,0.633675110321648,0.523865963148901,"c104424-g3",1
"GO:0031348","GO:0031348","negative regulation of defense response","1/62","49/5248",0.0204081632653061,1.72745227123107,0.559342418747516,0.442910618420449,0.633675110321648,0.523865963148901,"c104424-g3",1
"GO:0042383","GO:0042383","sarcolemma","1/62","49/5248",0.0204081632653061,1.72745227123107,0.559342418747516,0.442910618420449,0.633675110321648,0.523865963148901,"c104424-g3",1
"GO:0046660","GO:0046660","female sex differentiation","1/62","49/5248",0.0204081632653061,1.72745227123107,0.559342418747516,0.442910618420449,0.633675110321648,0.523865963148901,"c102902-g1",1
"GO:0072384","GO:0072384","organelle transport along microtubule","1/62","49/5248",0.0204081632653061,1.72745227123107,0.559342418747516,0.442910618420449,0.633675110321648,0.523865963148901,"c102138-g1",1
"GO:1903169","GO:1903169","regulation of calcium ion transmembrane transport","1/62","49/5248",0.0204081632653061,1.72745227123107,0.559342418747516,0.442910618420449,0.633675110321648,0.523865963148901,"c104424-g4",1
"GO:1903531","GO:1903531","negative regulation of secretion by cell","1/62","49/5248",0.0204081632653061,1.72745227123107,0.559342418747516,0.442910618420449,0.633675110321648,0.523865963148901,"c101822-g1",1
"GO:0045934","GO:0045934","negative regulation of nucleobase-containing compound metabolic process","6/62","452/5248",0.0132743362831858,1.12360833571225,0.300547077905102,0.446344552486743,0.637549472984022,0.527068940028776,"c101822-g1/c102000-g1/c98750-g1/c98854-g1/c98854-g3/c101482-g1",6
"GO:0006325","GO:0006325","chromatin organization","4/62","289/5248",0.013840830449827,1.17155932581761,0.32802075113925,0.447778289740731,0.637549472984022,0.527068940028776,"c102902-g1/c104424-g3/c91030-g1/c92636-g1",4
"GO:0022857","GO:0022857","transmembrane transporter activity","4/62","289/5248",0.013840830449827,1.17155932581761,0.32802075113925,0.447778289740731,0.637549472984022,0.527068940028776,"c103499-g1/c5014-g2/c93435-g1/c94480-g1",4
"GO:0004519","GO:0004519","endonuclease activity","1/62","50/5248",0.02,1.69290322580645,0.538238263222392,0.449554115565656,0.637549472984022,0.527068940028776,"c101482-g1",1
"GO:0005976","GO:0005976","polysaccharide metabolic process","1/62","50/5248",0.02,1.69290322580645,0.538238263222392,0.449554115565656,0.637549472984022,0.527068940028776,"c101822-g1",1
"GO:0009581","GO:0009581","detection of external stimulus","1/62","50/5248",0.02,1.69290322580645,0.538238263222392,0.449554115565656,0.637549472984022,0.527068940028776,"c102902-g1",1
"GO:0014823","GO:0014823","response to activity","1/62","50/5248",0.02,1.69290322580645,0.538238263222392,0.449554115565656,0.637549472984022,0.527068940028776,"c101822-g1",1
"GO:0014902","GO:0014902","myotube differentiation","1/62","50/5248",0.02,1.69290322580645,0.538238263222392,0.449554115565656,0.637549472984022,0.527068940028776,"c101822-g1",1
"GO:0018958","GO:0018958","phenol-containing compound metabolic process","1/62","50/5248",0.02,1.69290322580645,0.538238263222392,0.449554115565656,0.637549472984022,0.527068940028776,"c102958-g1",1
"GO:0019003","GO:0019003","GDP binding","1/62","50/5248",0.02,1.69290322580645,0.538238263222392,0.449554115565656,0.637549472984022,0.527068940028776,"c95060-g1",1
"GO:0033135","GO:0033135","regulation of peptidyl-serine phosphorylation","1/62","50/5248",0.02,1.69290322580645,0.538238263222392,0.449554115565656,0.637549472984022,0.527068940028776,"c101822-g1",1
"GO:0040025","GO:0040025","vulval development","1/62","50/5248",0.02,1.69290322580645,0.538238263222392,0.449554115565656,0.637549472984022,0.527068940028776,"c101113-g1",1
"GO:0040028","GO:0040028","regulation of vulval development","1/62","50/5248",0.02,1.69290322580645,0.538238263222392,0.449554115565656,0.637549472984022,0.527068940028776,"c101113-g1",1
"GO:0051248","GO:0051248","negative regulation of protein metabolic process","6/62","454/5248",0.013215859030837,1.11865851925536,0.289209767727774,0.450663848073378,0.638693179032661,0.52801445400111,"c98789-g1/c101822-g1/c102902-g1/c104424-g3/c104424-g4/c98000-g2",6
"GO:0012506","GO:0012506","vesicle membrane","4/62","291/5248",0.013745704467354,1.16350737168828,0.31376860954927,0.453116380546357,0.64039198774788,0.529418877260455,"c102537-g1/c87684-g1/c95002-g1/c95060-g1",4
"GO:1901987","GO:1901987","regulation of cell cycle phase transition","3/62","210/5248",0.0142857142857143,1.20921658986175,0.338307639888565,0.45450081536505,0.64039198774788,0.529418877260455,"c101822-g1/c104424-g3/c101482-g1",3
"GO:0005215","GO:0005215","transporter activity","5/62","374/5248",0.0133689839572193,1.13161980334656,0.288768220706252,0.455693155145249,0.64039198774788,0.529418877260455,"c103499-g1/c5014-g2/c93435-g1/c94480-g1/c89492-g1",5
"GO:0002703","GO:0002703","regulation of leukocyte mediated immunity","1/62","51/5248",0.0196078431372549,1.65970904490829,0.517602408792446,0.456119649393077,0.64039198774788,0.529418877260455,"c98407-g1",1
"GO:0007435","GO:0007435","salivary gland morphogenesis","1/62","51/5248",0.0196078431372549,1.65970904490829,0.517602408792446,0.456119649393077,0.64039198774788,0.529418877260455,"c103219-g2",1
"GO:0010883","GO:0010883","regulation of lipid storage","1/62","51/5248",0.0196078431372549,1.65970904490829,0.517602408792446,0.456119649393077,0.64039198774788,0.529418877260455,"c101822-g1",1
"GO:0033273","GO:0033273","response to vitamin","1/62","51/5248",0.0196078431372549,1.65970904490829,0.517602408792446,0.456119649393077,0.64039198774788,0.529418877260455,"c102902-g1",1
"GO:0048278","GO:0048278","vesicle docking","1/62","51/5248",0.0196078431372549,1.65970904490829,0.517602408792446,0.456119649393077,0.64039198774788,0.529418877260455,"c87684-g1",1
"GO:0051117","GO:0051117","ATPase binding","1/62","51/5248",0.0196078431372549,1.65970904490829,0.517602408792446,0.456119649393077,0.64039198774788,0.529418877260455,"c40816-g1",1
"GO:0051591","GO:0051591","response to cAMP","1/62","51/5248",0.0196078431372549,1.65970904490829,0.517602408792446,0.456119649393077,0.64039198774788,0.529418877260455,"c101482-g1",1
"GO:0061371","GO:0061371","determination of heart left/right asymmetry","1/62","51/5248",0.0196078431372549,1.65970904490829,0.517602408792446,0.456119649393077,0.64039198774788,0.529418877260455,"c101482-g1",1
"GO:0072331","GO:0072331","signal transduction by p53 class mediator","1/62","51/5248",0.0196078431372549,1.65970904490829,0.517602408792446,0.456119649393077,0.64039198774788,0.529418877260455,"c101822-g1",1
"GO:0090277","GO:0090277","positive regulation of peptide hormone secretion","1/62","51/5248",0.0196078431372549,1.65970904490829,0.517602408792446,0.456119649393077,0.64039198774788,0.529418877260455,"c104424-g4",1
"GO:1900407","GO:1900407","regulation of cellular response to oxidative stress","1/62","51/5248",0.0196078431372549,1.65970904490829,0.517602408792446,0.456119649393077,0.64039198774788,0.529418877260455,"c101822-g1",1
"GO:0051603","GO:0051603","proteolysis involved in protein catabolic process","4/62","293/5248",0.0136518771331058,1.15556534184741,0.299612514243108,0.458439473695145,0.643220207596253,0.531756996733245,"c102000-g1/c98750-g1/c98854-g1/c98854-g3",4
"GO:0008047","GO:0008047","enzyme activator activity","3/62","212/5248",0.0141509433962264,1.19780888618381,0.321444491602011,0.460742199932594,0.645161617724762,0.53336198116497,"c104424-g3/c104424-g4/c98000-g2",3
"GO:0030003","GO:0030003","intracellular monoatomic cation homeostasis","3/62","212/5248",0.0141509433962264,1.19780888618381,0.321444491602011,0.460742199932594,0.645161617724762,0.53336198116497,"c102902-g1/c104424-g4/c95060-g1",3
"GO:0051052","GO:0051052","regulation of DNA metabolic process","3/62","212/5248",0.0141509433962264,1.19780888618381,0.321444491602011,0.460742199932594,0.645161617724762,0.53336198116497,"c101822-g1/c102902-g1/c104424-g3",3
"GO:0006282","GO:0006282","regulation of DNA repair","1/62","52/5248",0.0192307692307692,1.62779156327543,0.497413646906201,0.462608119998739,0.645200464051222,0.533394095836817,"c102902-g1",1
"GO:0009582","GO:0009582","detection of abiotic stimulus","1/62","52/5248",0.0192307692307692,1.62779156327543,0.497413646906201,0.462608119998739,0.645200464051222,0.533394095836817,"c102902-g1",1
"GO:0032482","GO:0032482","Rab protein signal transduction","1/62","52/5248",0.0192307692307692,1.62779156327543,0.497413646906201,0.462608119998739,0.645200464051222,0.533394095836817,"c95060-g1",1
"GO:0045132","GO:0045132","meiotic chromosome segregation","1/62","52/5248",0.0192307692307692,1.62779156327543,0.497413646906201,0.462608119998739,0.645200464051222,0.533394095836817,"c102138-g1",1
"GO:0046165","GO:0046165","alcohol biosynthetic process","1/62","52/5248",0.0192307692307692,1.62779156327543,0.497413646906201,0.462608119998739,0.645200464051222,0.533394095836817,"c101392-g1",1
"GO:1990542","GO:1990542","mitochondrial transmembrane transport","1/62","52/5248",0.0192307692307692,1.62779156327543,0.497413646906201,0.462608119998739,0.645200464051222,0.533394095836817,"c94480-g1",1
"GO:0071902","GO:0071902","positive regulation of protein serine/threonine kinase activity","2/62","132/5248",0.0151515151515152,1.28250244379277,0.35940078998144,0.465263105232967,0.648473924302203,0.536100300292819,"c101822-g1/c104424-g3",2
"GO:0001503","GO:0001503","ossification","1/62","53/5248",0.0188679245283019,1.59707851491175,0.47765213515769,0.469020417258185,0.649667768625908,0.537087264111187,"c101822-g1",1
"GO:0001890","GO:0001890","placenta development","1/62","53/5248",0.0188679245283019,1.59707851491175,0.47765213515769,0.469020417258185,0.649667768625908,0.537087264111187,"c101822-g1",1
"GO:0007204","GO:0007204","positive regulation of cytosolic calcium ion concentration","1/62","53/5248",0.0188679245283019,1.59707851491175,0.47765213515769,0.469020417258185,0.649667768625908,0.537087264111187,"c104424-g4",1
"GO:0019218","GO:0019218","regulation of steroid metabolic process","1/62","53/5248",0.0188679245283019,1.59707851491175,0.47765213515769,0.469020417258185,0.649667768625908,0.537087264111187,"c101392-g1",1
"GO:0034612","GO:0034612","response to tumor necrosis factor","1/62","53/5248",0.0188679245283019,1.59707851491175,0.47765213515769,0.469020417258185,0.649667768625908,0.537087264111187,"c101822-g1",1
"GO:0035152","GO:0035152","regulation of tube architecture, open tracheal system","1/62","53/5248",0.0188679245283019,1.59707851491175,0.47765213515769,0.469020417258185,0.649667768625908,0.537087264111187,"c103219-g2",1
"GO:0050000","GO:0050000","chromosome localization","1/62","53/5248",0.0188679245283019,1.59707851491175,0.47765213515769,0.469020417258185,0.649667768625908,0.537087264111187,"c102138-g1",1
"GO:0050764","GO:0050764","regulation of phagocytosis","1/62","53/5248",0.0188679245283019,1.59707851491175,0.47765213515769,0.469020417258185,0.649667768625908,0.537087264111187,"c102902-g1",1
"GO:0110020","GO:0110020","regulation of actomyosin structure organization","1/62","53/5248",0.0188679245283019,1.59707851491175,0.47765213515769,0.469020417258185,0.649667768625908,0.537087264111187,"c104424-g3",1
"GO:0000910","GO:0000910","cytokinesis","2/62","133/5248",0.0150375939849624,1.27285956827553,0.348479560010744,0.469204499563156,0.649667768625908,0.537087264111187,"c104992-g1/c88159-g1",2
"GO:0051235","GO:0051235","maintenance of location","2/62","134/5248",0.0149253731343284,1.26336061627347,0.337643184560871,0.473129169323962,0.65346131103188,0.540223426024257,"c103219-g2/c101822-g1",2
"GO:0060589","GO:0060589","nucleoside-triphosphatase regulator activity","2/62","134/5248",0.0149253731343284,1.26336061627347,0.337643184560871,0.473129169323962,0.65346131103188,0.540223426024257,"c28978-g1/c80891-g1",2
"GO:0006006","GO:0006006","glucose metabolic process","1/62","54/5248",0.0185185185185185,1.56750298685783,0.45829928482323,0.47535742094057,0.65346131103188,0.540223426024257,"c101822-g1",1
"GO:0035264","GO:0035264","multicellular organism growth","1/62","54/5248",0.0185185185185185,1.56750298685783,0.45829928482323,0.47535742094057,0.65346131103188,0.540223426024257,"c101822-g1",1
"GO:0050900","GO:0050900","leukocyte migration","1/62","54/5248",0.0185185185185185,1.56750298685783,0.45829928482323,0.47535742094057,0.65346131103188,0.540223426024257,"c102902-g1",1
"GO:0051282","GO:0051282","regulation of sequestering of calcium ion","1/62","54/5248",0.0185185185185185,1.56750298685783,0.45829928482323,0.47535742094057,0.65346131103188,0.540223426024257,"c104424-g4",1
"GO:0061448","GO:0061448","connective tissue development","1/62","54/5248",0.0185185185185185,1.56750298685783,0.45829928482323,0.47535742094057,0.65346131103188,0.540223426024257,"c102902-g1",1
"GO:0070820","GO:0070820","tertiary granule","1/62","54/5248",0.0185185185185185,1.56750298685783,0.45829928482323,0.47535742094057,0.65346131103188,0.540223426024257,"c95060-g1",1
"GO:1902117","GO:1902117","positive regulation of organelle assembly","1/62","54/5248",0.0185185185185185,1.56750298685783,0.45829928482323,0.47535742094057,0.65346131103188,0.540223426024257,"c40816-g1",1
"GO:1905330","GO:1905330","regulation of morphogenesis of an epithelium","1/62","54/5248",0.0185185185185185,1.56750298685783,0.45829928482323,0.47535742094057,0.65346131103188,0.540223426024257,"c102958-g1",1
"GO:1990138","GO:1990138","neuron projection extension","1/62","54/5248",0.0185185185185185,1.56750298685783,0.45829928482323,0.47535742094057,0.65346131103188,0.540223426024257,"c103611-g2",1
"GO:0007163","GO:0007163","establishment or maintenance of cell polarity","3/62","217/5248",0.0138248847926267,1.17020960309202,0.279976698422333,0.476217782837406,0.65421699325217,0.540848156564747,"c103219-g2/c102958-g1/c102138-g1",3
"GO:0032147","GO:0032147","activation of protein kinase activity","2/62","136/5248",0.0147058823529412,1.24478178368121,0.316219208526485,0.480927704945995,0.659487465364196,0.545205311996991,"c101822-g1/c104424-g3",2
"GO:0000776","GO:0000776","kinetochore","1/62","55/5248",0.0181818181818182,1.53900293255132,0.439337659573886,0.481620000821526,0.659487465364196,0.545205311996991,"c102138-g1",1
"GO:0003714","GO:0003714","transcription corepressor activity","1/62","55/5248",0.0181818181818182,1.53900293255132,0.439337659573886,0.481620000821526,0.659487465364196,0.545205311996991,"c101482-g1",1
"GO:0051384","GO:0051384","response to glucocorticoid","1/62","55/5248",0.0181818181818182,1.53900293255132,0.439337659573886,0.481620000821526,0.659487465364196,0.545205311996991,"c102902-g1",1
"GO:0097327","GO:0097327","response to antineoplastic agent","1/62","55/5248",0.0181818181818182,1.53900293255132,0.439337659573886,0.481620000821526,0.659487465364196,0.545205311996991,"c40816-g1",1
"GO:0048729","GO:0048729","tissue morphogenesis","6/62","469/5248",0.0127931769722814,1.0828805282344,0.205639025482332,0.482841731551443,0.66073079054408,0.546233182166196,"c103219-g2/c102958-g1/c101482-g1/c105479-g1/c110137-g1/c40816-g1",6
"GO:0048477","GO:0048477","oogenesis","5/62","386/5248",0.0129533678756477,1.09643991308708,0.215217759558319,0.483875587542872,0.661084806544266,0.546525850964271,"c103611-g2/c101822-g1/c102958-g1/c102138-g1/c98000-g2",5
"GO:0042391","GO:0042391","regulation of membrane potential","2/62","137/5248",0.0145985401459854,1.23569578526018,0.305628802793732,0.484801270433748,0.661084806544266,0.546525850964271,"c101822-g1/c104424-g4",2
"GO:0071103","GO:0071103","DNA conformation change","2/62","137/5248",0.0145985401459854,1.23569578526018,0.305628802793732,0.484801270433748,0.661084806544266,0.546525850964271,"c91030-g1/c92636-g1",2
"GO:0004527","GO:0004527","exonuclease activity","1/62","56/5248",0.0178571428571429,1.51152073732719,0.420750884070438,0.487809016794772,0.661084806544266,0.546525850964271,"c101482-g1",1
"GO:0006937","GO:0006937","regulation of muscle contraction","1/62","56/5248",0.0178571428571429,1.51152073732719,0.420750884070438,0.487809016794772,0.661084806544266,0.546525850964271,"c102902-g1",1
"GO:0006970","GO:0006970","response to osmotic stress","1/62","56/5248",0.0178571428571429,1.51152073732719,0.420750884070438,0.487809016794772,0.661084806544266,0.546525850964271,"c101822-g1",1
"GO:0008277","GO:0008277","regulation of G protein-coupled receptor signaling pathway","1/62","56/5248",0.0178571428571429,1.51152073732719,0.420750884070438,0.487809016794772,0.661084806544266,0.546525850964271,"c102902-g1",1
"GO:0008286","GO:0008286","insulin receptor signaling pathway","1/62","56/5248",0.0178571428571429,1.51152073732719,0.420750884070438,0.487809016794772,0.661084806544266,0.546525850964271,"c101822-g1",1
"GO:0019722","GO:0019722","calcium-mediated signaling","1/62","56/5248",0.0178571428571429,1.51152073732719,0.420750884070438,0.487809016794772,0.661084806544266,0.546525850964271,"c102902-g1",1
"GO:0030968","GO:0030968","endoplasmic reticulum unfolded protein response","1/62","56/5248",0.0178571428571429,1.51152073732719,0.420750884070438,0.487809016794772,0.661084806544266,0.546525850964271,"c103705-g1",1
"GO:0032092","GO:0032092","positive regulation of protein binding","1/62","56/5248",0.0178571428571429,1.51152073732719,0.420750884070438,0.487809016794772,0.661084806544266,0.546525850964271,"c103330-g1",1
"GO:0051048","GO:0051048","negative regulation of secretion","1/62","56/5248",0.0178571428571429,1.51152073732719,0.420750884070438,0.487809016794772,0.661084806544266,0.546525850964271,"c101822-g1",1
"GO:1902105","GO:1902105","regulation of leukocyte differentiation","1/62","56/5248",0.0178571428571429,1.51152073732719,0.420750884070438,0.487809016794772,0.661084806544266,0.546525850964271,"c102902-g1",1
"GO:1902882","GO:1902882","regulation of response to oxidative stress","1/62","56/5248",0.0178571428571429,1.51152073732719,0.420750884070438,0.487809016794772,0.661084806544266,0.546525850964271,"c101822-g1",1
"GO:1903429","GO:1903429","regulation of cell maturation","1/62","56/5248",0.0178571428571429,1.51152073732719,0.420750884070438,0.487809016794772,0.661084806544266,0.546525850964271,"c87684-g1",1
"GO:0009994","GO:0009994","oocyte differentiation","2/62","138/5248",0.0144927536231884,1.22674146797569,0.295117639003736,0.488657510379271,0.661808821131025,0.547124401534821,"c102958-g1/c102138-g1",2
"GO:0001818","GO:0001818","negative regulation of cytokine production","1/62","57/5248",0.0175438596491228,1.48500282965478,0.402523561317631,0.493925318982507,0.66676039807102,0.551217922931707,"c89492-g1",1
"GO:0007422","GO:0007422","peripheral nervous system development","1/62","57/5248",0.0175438596491228,1.48500282965478,0.402523561317631,0.493925318982507,0.66676039807102,0.551217922931707,"c101822-g1",1
"GO:0007431","GO:0007431","salivary gland development","1/62","57/5248",0.0175438596491228,1.48500282965478,0.402523561317631,0.493925318982507,0.66676039807102,0.551217922931707,"c103219-g2",1
"GO:0008203","GO:0008203","cholesterol metabolic process","1/62","57/5248",0.0175438596491228,1.48500282965478,0.402523561317631,0.493925318982507,0.66676039807102,0.551217922931707,"c101392-g1",1
"GO:0051453","GO:0051453","regulation of intracellular pH","1/62","57/5248",0.0175438596491228,1.48500282965478,0.402523561317631,0.493925318982507,0.66676039807102,0.551217922931707,"c95060-g1",1
"GO:0006873","GO:0006873","intracellular monoatomic ion homeostasis","3/62","223/5248",0.0134529147982063,1.13872414291914,0.231457665988431,0.494529791921621,0.66676039807102,0.551217922931707,"c102902-g1/c104424-g4/c95060-g1",3
"GO:0140098","GO:0140098","catalytic activity, acting on RNA","3/62","223/5248",0.0134529147982063,1.13872414291914,0.231457665988431,0.494529791921621,0.66676039807102,0.551217922931707,"c101482-g1/c101864-g1/c78921-g1",3
"GO:0022804","GO:0022804","active transmembrane transporter activity","2/62","140/5248",0.0142857142857143,1.20921658986175,0.274327795291939,0.496317475254689,0.668742548231847,0.552856587582083,"c103499-g1/c5014-g2",2
"GO:0051338","GO:0051338","regulation of transferase activity","5/62","392/5248",0.0127551020408163,1.07965766951942,0.179252991231645,0.497800858362201,0.670312409022248,0.554154408218523,"c98789-g1/c101822-g1/c102902-g1/c104424-g3/c98000-g2",5
"GO:0016798","GO:0016798","hydrolase activity, acting on glycosyl bonds","1/62","58/5248",0.0172413793103448,1.45939933259177,0.384641197799519,0.499969747844593,0.671515490408617,0.555149008414981,"c101482-g1",1
"GO:0034332","GO:0034332","adherens junction organization","1/62","58/5248",0.0172413793103448,1.45939933259177,0.384641197799519,0.499969747844593,0.671515490408617,0.555149008414981,"c102958-g1",1
"GO:0035088","GO:0035088","establishment or maintenance of apical/basal cell polarity","1/62","58/5248",0.0172413793103448,1.45939933259177,0.384641197799519,0.499969747844593,0.671515490408617,0.555149008414981,"c102958-g1",1
"GO:0061245","GO:0061245","establishment or maintenance of bipolar cell polarity","1/62","58/5248",0.0172413793103448,1.45939933259177,0.384641197799519,0.499969747844593,0.671515490408617,0.555149008414981,"c102958-g1",1
"GO:0008406","GO:0008406","gonad development","2/62","142/5248",0.0140845070422535,1.19218537028623,0.253839505125067,0.503906577051976,0.67551066280806,0.558451859991269,"c102902-g1/c102958-g1",2
"GO:0034774","GO:0034774","secretory granule lumen","2/62","142/5248",0.0140845070422535,1.19218537028623,0.253839505125067,0.503906577051976,0.67551066280806,0.558451859991269,"c104424-g3/c98407-g1",2
"GO:0045137","GO:0045137","development of primary sexual characteristics","2/62","142/5248",0.0140845070422535,1.19218537028623,0.253839505125067,0.503906577051976,0.67551066280806,0.558451859991269,"c102902-g1/c102958-g1",2
"GO:0000922","GO:0000922","spindle pole","1/62","59/5248",0.0169491525423729,1.43466375068343,0.367090135541894,0.505943134286526,0.676948056421489,0.559640168601561,"c102138-g1",1
"GO:0031333","GO:0031333","negative regulation of protein-containing complex assembly","1/62","59/5248",0.0169491525423729,1.43466375068343,0.367090135541894,0.505943134286526,0.676948056421489,0.559640168601561,"c104424-g3",1
"GO:2000060","GO:2000060","positive regulation of ubiquitin-dependent protein catabolic process","1/62","59/5248",0.0169491525423729,1.43466375068343,0.367090135541894,0.505943134286526,0.676948056421489,0.559640168601561,"c101822-g1",1
"GO:0005903","GO:0005903","brush border","1/62","60/5248",0.0166666666666667,1.41075268817204,0.349857490354335,0.51184629976624,0.681814236121254,0.56366309119036,"c102902-g1",1
"GO:0006694","GO:0006694","steroid biosynthetic process","1/62","60/5248",0.0166666666666667,1.41075268817204,0.349857490354335,0.51184629976624,0.681814236121254,0.56366309119036,"c101392-g1",1
"GO:0019748","GO:0019748","secondary metabolic process","1/62","60/5248",0.0166666666666667,1.41075268817204,0.349857490354335,0.51184629976624,0.681814236121254,0.56366309119036,"c102958-g1",1
"GO:0035050","GO:0035050","embryonic heart tube development","1/62","60/5248",0.0166666666666667,1.41075268817204,0.349857490354335,0.51184629976624,0.681814236121254,0.56366309119036,"c101482-g1",1
"GO:0035272","GO:0035272","exocrine system development","1/62","60/5248",0.0166666666666667,1.41075268817204,0.349857490354335,0.51184629976624,0.681814236121254,0.56366309119036,"c103219-g2",1
"GO:0042462","GO:0042462","eye photoreceptor cell development","1/62","60/5248",0.0166666666666667,1.41075268817204,0.349857490354335,0.51184629976624,0.681814236121254,0.56366309119036,"c103611-g2",1
"GO:0043467","GO:0043467","regulation of generation of precursor metabolites and energy","1/62","60/5248",0.0166666666666667,1.41075268817204,0.349857490354335,0.51184629976624,0.681814236121254,0.56366309119036,"c101822-g1",1
"GO:0018193","GO:0018193","peptidyl-amino acid modification","5/62","399/5248",0.012531328320802,1.06071630689627,0.137943367511972,0.513883130457051,0.68409473624687,0.565548404934435,"c101822-g1/c102902-g1/c102958-g1/c104424-g3/c104424-g4",5
"GO:0009266","GO:0009266","response to temperature stimulus","2/62","145/5248",0.0137931034482759,1.16751946607341,0.22365139826246,0.515155331745074,0.684390583036918,0.565792984626912,"c101822-g1/c104424-g3",2
"GO:0045165","GO:0045165","cell fate commitment","3/62","230/5248",0.0130434782608696,1.10406732117812,0.176460735709546,0.515506630999157,0.684390583036918,0.565792984626912,"c101113-g1/c102958-g1/c102138-g1",3
"GO:0000723","GO:0000723","telomere maintenance","1/62","61/5248",0.0163934426229508,1.38762559492332,0.332931095596165,0.51768005639972,0.684390583036918,0.565792984626912,"c101482-g1",1
"GO:0007314","GO:0007314","oocyte anterior/posterior axis specification","1/62","61/5248",0.0163934426229508,1.38762559492332,0.332931095596165,0.51768005639972,0.684390583036918,0.565792984626912,"c102958-g1",1
"GO:0008016","GO:0008016","regulation of heart contraction","1/62","61/5248",0.0163934426229508,1.38762559492332,0.332931095596165,0.51768005639972,0.684390583036918,0.565792984626912,"c102902-g1",1
"GO:0021953","GO:0021953","central nervous system neuron differentiation","1/62","61/5248",0.0163934426229508,1.38762559492332,0.332931095596165,0.51768005639972,0.684390583036918,0.565792984626912,"c102902-g1",1
"GO:0030641","GO:0030641","regulation of cellular pH","1/62","61/5248",0.0163934426229508,1.38762559492332,0.332931095596165,0.51768005639972,0.684390583036918,0.565792984626912,"c95060-g1",1
"GO:0032200","GO:0032200","telomere organization","1/62","61/5248",0.0163934426229508,1.38762559492332,0.332931095596165,0.51768005639972,0.684390583036918,0.565792984626912,"c101482-g1",1
"GO:0045765","GO:0045765","regulation of angiogenesis","1/62","61/5248",0.0163934426229508,1.38762559492332,0.332931095596165,0.51768005639972,0.684390583036918,0.565792984626912,"c102902-g1",1
"GO:0046683","GO:0046683","response to organophosphorus","1/62","61/5248",0.0163934426229508,1.38762559492332,0.332931095596165,0.51768005639972,0.684390583036918,0.565792984626912,"c101482-g1",1
"GO:1901992","GO:1901992","positive regulation of mitotic cell cycle phase transition","1/62","61/5248",0.0163934426229508,1.38762559492332,0.332931095596165,0.51768005639972,0.684390583036918,0.565792984626912,"c101482-g1",1
"GO:0008285","GO:0008285","negative regulation of cell population proliferation","3/62","231/5248",0.012987012987013,1.09928780896523,0.168738811969343,0.518467389696154,0.685001457151882,0.566298000764339,"c103280-g1/c102902-g1/c104424-g4",3
"GO:0098552","GO:0098552","side of membrane","2/62","147/5248",0.0136054421768707,1.15163484748738,0.203875549706712,0.522563348507284,0.689415638574026,0.569947251562673,"c103330-g1/c101822-g1",2
"GO:0043200","GO:0043200","response to amino acid","1/62","62/5248",0.0161290322580645,1.36524453694069,0.316299450889742,0.523445207065464,0.689415638574026,0.569947251562673,"c104424-g3",1
"GO:0051592","GO:0051592","response to calcium ion","1/62","62/5248",0.0161290322580645,1.36524453694069,0.316299450889742,0.523445207065464,0.689415638574026,0.569947251562673,"c87684-g1",1
"GO:0051896","GO:0051896","regulation of phosphatidylinositol 3-kinase/protein kinase B signal transduction","1/62","62/5248",0.0161290322580645,1.36524453694069,0.316299450889742,0.523445207065464,0.689415638574026,0.569947251562673,"c101822-g1",1
"GO:1902652","GO:1902652","secondary alcohol metabolic process","1/62","62/5248",0.0161290322580645,1.36524453694069,0.316299450889742,0.523445207065464,0.689415638574026,0.569947251562673,"c101392-g1",1
"GO:0009896","GO:0009896","positive regulation of catabolic process","3/62","234/5248",0.0128205128205128,1.08519437551696,0.145767870191574,0.52729372573185,0.693563226837931,0.573376106957534,"c101822-g1/c104424-g3/c104424-g4",3
"GO:0055080","GO:0055080","monoatomic cation homeostasis","3/62","234/5248",0.0128205128205128,1.08519437551696,0.145767870191574,0.52729372573185,0.693563226837931,0.573376106957534,"c102902-g1/c104424-g4/c95060-g1",3
"GO:0006661","GO:0006661","phosphatidylinositol biosynthetic process","1/62","63/5248",0.0158730158730159,1.34357398873528,0.299951675272997,0.529142545507798,0.693563226837931,0.573376106957534,"c95060-g1",1
"GO:0006885","GO:0006885","regulation of pH","1/62","63/5248",0.0158730158730159,1.34357398873528,0.299951675272997,0.529142545507798,0.693563226837931,0.573376106957534,"c95060-g1",1
"GO:0008358","GO:0008358","maternal determination of anterior/posterior axis, embryo","1/62","63/5248",0.0158730158730159,1.34357398873528,0.299951675272997,0.529142545507798,0.693563226837931,0.573376106957534,"c102958-g1",1
"GO:0010507","GO:0010507","negative regulation of autophagy","1/62","63/5248",0.0158730158730159,1.34357398873528,0.299951675272997,0.529142545507798,0.693563226837931,0.573376106957534,"c101822-g1",1
"GO:0019897","GO:0019897","extrinsic component of plasma membrane","1/62","63/5248",0.0158730158730159,1.34357398873528,0.299951675272997,0.529142545507798,0.693563226837931,0.573376106957534,"c102902-g1",1
"GO:0001701","GO:0001701","in utero embryonic development","2/62","149/5248",0.0134228187919463,1.13617666161507,0.184369225819352,0.529897567158661,0.693563226837931,0.573376106957534,"c98789-g1/c101822-g1",2
"GO:0060205","GO:0060205","cytoplasmic vesicle lumen","2/62","149/5248",0.0134228187919463,1.13617666161507,0.184369225819352,0.529897567158661,0.693563226837931,0.573376106957534,"c104424-g3/c98407-g1",2
"GO:2001233","GO:2001233","regulation of apoptotic signaling pathway","2/62","149/5248",0.0134228187919463,1.13617666161507,0.184369225819352,0.529897567158661,0.693563226837931,0.573376106957534,"c101822-g1/c104424-g3",2
"GO:0048568","GO:0048568","embryonic organ development","3/62","235/5248",0.0127659574468085,1.0805765271105,0.138174768172739,0.530216901808675,0.693563226837931,0.573376106957534,"c101822-g1/c102902-g1/c101482-g1",3
"GO:0042175","GO:0042175","nuclear outer membrane-endoplasmic reticulum membrane network","5/62","408/5248",0.0122549019607843,1.03731815306768,0.0858148925556643,0.534270252885899,0.696925517116726,0.576155748143682,"c98789-g1/c103705-g1/c101392-g1/c95060-g1/c89492-g1",5
"GO:0007140","GO:0007140","male meiotic nuclear division","1/62","64/5248",0.015625,1.32258064516129,0.283877464342542,0.534772856439045,0.696925517116726,0.576155748143682,"c102138-g1",1
"GO:0016051","GO:0016051","carbohydrate biosynthetic process","1/62","64/5248",0.015625,1.32258064516129,0.283877464342542,0.534772856439045,0.696925517116726,0.576155748143682,"c101822-g1",1
"GO:0034620","GO:0034620","cellular response to unfolded protein","1/62","64/5248",0.015625,1.32258064516129,0.283877464342542,0.534772856439045,0.696925517116726,0.576155748143682,"c103705-g1",1
"GO:0044706","GO:0044706","multi-multicellular organism process","1/62","64/5248",0.015625,1.32258064516129,0.283877464342542,0.534772856439045,0.696925517116726,0.576155748143682,"c101822-g1",1
"GO:0072089","GO:0072089","stem cell proliferation","1/62","64/5248",0.015625,1.32258064516129,0.283877464342542,0.534772856439045,0.696925517116726,0.576155748143682,"c102958-g1",1
"GO:0005770","GO:0005770","late endosome","2/62","151/5248",0.0132450331125828,1.12112796411023,0.165124188102412,0.537157320032091,0.698304516041719,0.577295781243066,"c96969-g1/c95060-g1",2
"GO:0005819","GO:0005819","spindle","2/62","151/5248",0.0132450331125828,1.12112796411023,0.165124188102412,0.537157320032091,0.698304516041719,0.577295781243066,"c101822-g1/c102138-g1",2
"GO:0009895","GO:0009895","negative regulation of catabolic process","2/62","151/5248",0.0132450331125828,1.12112796411023,0.165124188102412,0.537157320032091,0.698304516041719,0.577295781243066,"c101822-g1/c102902-g1",2
"GO:0031983","GO:0031983","vesicle lumen","2/62","151/5248",0.0132450331125828,1.12112796411023,0.165124188102412,0.537157320032091,0.698304516041719,0.577295781243066,"c104424-g3/c98407-g1",2
"GO:0017145","GO:0017145","stem cell division","1/62","65/5248",0.0153846153846154,1.30223325062035,0.268067050990302,0.540336915640584,0.701687386168461,0.580092436008714,"c102958-g1",1
"GO:0050808","GO:0050808","synapse organization","2/62","152/5248",0.0131578947368421,1.11375212224109,0.155597176833365,0.540759082503045,0.701687386168461,0.580092436008714,"c103611-g2/c102958-g1",2
"GO:0090068","GO:0090068","positive regulation of cell cycle process","2/62","152/5248",0.0131578947368421,1.11375212224109,0.155597176833365,0.540759082503045,0.701687386168461,0.580092436008714,"c104424-g4/c101482-g1",2
"GO:0051276","GO:0051276","chromosome organization","6/62","497/5248",0.0120724346076459,1.02187317453106,0.0560315476230328,0.541412657101167,0.702102866905824,0.580435918359691,"c102902-g1/c104424-g3/c91030-g1/c92636-g1/c102138-g1/c101482-g1",6
"GO:0008361","GO:0008361","regulation of cell size","2/62","153/5248",0.0130718954248366,1.10647269660552,0.146132560962053,0.544342009928483,0.703937257851949,0.581952428893449,"c103611-g2/c101822-g1",2
"GO:0009890","GO:0009890","negative regulation of biosynthetic process","6/62","499/5248",0.0120240480961924,1.0177774904648,0.0456409591956526,0.545500397648868,0.703937257851949,0.581952428893449,"c102902-g1/c102000-g1/c98750-g1/c98854-g1/c98854-g3/c101482-g1",6
"GO:0004540","GO:0004540","RNA nuclease activity","1/62","66/5248",0.0151515151515152,1.28250244379277,0.252511169381601,0.545835490062788,0.703937257851949,0.581952428893449,"c101482-g1",1
"GO:0006954","GO:0006954","inflammatory response","1/62","66/5248",0.0151515151515152,1.28250244379277,0.252511169381601,0.545835490062788,0.703937257851949,0.581952428893449,"c101822-g1",1
"GO:0007391","GO:0007391","dorsal closure","1/62","66/5248",0.0151515151515152,1.28250244379277,0.252511169381601,0.545835490062788,0.703937257851949,0.581952428893449,"c103219-g2",1
"GO:0031960","GO:0031960","response to corticosteroid","1/62","66/5248",0.0151515151515152,1.28250244379277,0.252511169381601,0.545835490062788,0.703937257851949,0.581952428893449,"c102902-g1",1
"GO:0042058","GO:0042058","regulation of epidermal growth factor receptor signaling pathway","1/62","66/5248",0.0151515151515152,1.28250244379277,0.252511169381601,0.545835490062788,0.703937257851949,0.581952428893449,"c101822-g1",1
"GO:0043235","GO:0043235","receptor complex","1/62","66/5248",0.0151515151515152,1.28250244379277,0.252511169381601,0.545835490062788,0.703937257851949,0.581952428893449,"c101392-g1",1
"GO:0051480","GO:0051480","regulation of cytosolic calcium ion concentration","1/62","66/5248",0.0151515151515152,1.28250244379277,0.252511169381601,0.545835490062788,0.703937257851949,0.581952428893449,"c104424-g4",1
"GO:0046982","GO:0046982","protein heterodimerization activity","2/62","154/5248",0.012987012987013,1.09928780896523,0.136729409356547,0.54790603820288,0.706175101869808,0.583802478378898,"c87684-g1/c103705-g1",2
"GO:0080135","GO:0080135","regulation of cellular response to stress","4/62","328/5248",0.0121951219512195,1.03225806451613,0.0659671615057353,0.54843695693068,0.706427052780436,0.584010768880312,"c101822-g1/c102902-g1/c104424-g3/c103705-g1",4
"GO:0032436","GO:0032436","positive regulation of proteasomal ubiquitin-dependent protein catabolic process","1/62","67/5248",0.0149253731343284,1.26336061627347,0.237201021861965,0.551269337923867,0.708342419565383,0.585594223002521,"c101822-g1",1
"GO:0035315","GO:0035315","hair cell differentiation","1/62","67/5248",0.0149253731343284,1.26336061627347,0.237201021861965,0.551269337923867,0.708342419565383,0.585594223002521,"c103219-g2",1
"GO:0046887","GO:0046887","positive regulation of hormone secretion","1/62","67/5248",0.0149253731343284,1.26336061627347,0.237201021861965,0.551269337923867,0.708342419565383,0.585594223002521,"c104424-g4",1
"GO:2000278","GO:2000278","regulation of DNA biosynthetic process","1/62","67/5248",0.0149253731343284,1.26336061627347,0.237201021861965,0.551269337923867,0.708342419565383,0.585594223002521,"c104424-g3",1
"GO:0003677","GO:0003677","DNA binding","5/62","416/5248",0.0120192307692308,1.01736972704715,0.0403655911450587,0.552088965764331,0.708963025548586,0.586107284579078,"c91030-g1/c92636-g1/c103705-g1/c101392-g1/c101482-g1",5
"GO:0015075","GO:0015075","monoatomic ion transmembrane transporter activity","3/62","243/5248",0.0123456790123457,1.04500199123855,0.0785358497811074,0.553249872341476,0.710020859933668,0.586981807532507,"c103499-g1/c5014-g2/c94480-g1",3
"GO:0034248","GO:0034248","regulation of amide metabolic process","3/62","246/5248",0.0121951219512195,1.03225806451613,0.056659030196397,0.561720853932234,0.718553701857196,0.594035998836308,"c102902-g1/c104424-g3/c89492-g1",3
"GO:0016125","GO:0016125","sterol metabolic process","1/62","69/5248",0.0144927536231884,1.22674146797569,0.207284899117926,0.561945843760115,0.718553701857196,0.594035998836308,"c101392-g1",1
"GO:0030516","GO:0030516","regulation of axon extension","1/62","69/5248",0.0144927536231884,1.22674146797569,0.207284899117926,0.561945843760115,0.718553701857196,0.594035998836308,"c103611-g2",1
"GO:0030662","GO:0030662","coated vesicle membrane","1/62","69/5248",0.0144927536231884,1.22674146797569,0.207284899117926,0.561945843760115,0.718553701857196,0.594035998836308,"c87684-g1",1
"GO:1901184","GO:1901184","regulation of ERBB signaling pathway","1/62","69/5248",0.0144927536231884,1.22674146797569,0.207284899117926,0.561945843760115,0.718553701857196,0.594035998836308,"c101822-g1",1
"GO:2001235","GO:2001235","positive regulation of apoptotic signaling pathway","1/62","69/5248",0.0144927536231884,1.22674146797569,0.207284899117926,0.561945843760115,0.718553701857196,0.594035998836308,"c104424-g3",1
"GO:0048608","GO:0048608","reproductive structure development","3/62","247/5248",0.0121457489878543,1.0280788820687,0.0494236690452322,0.564523806565413,0.719739838907081,0.595016590969317,"c101822-g1/c102902-g1/c102958-g1",3
"GO:0051301","GO:0051301","cell division","3/62","247/5248",0.0121457489878543,1.0280788820687,0.0494236690452322,0.564523806565413,0.719739838907081,0.595016590969317,"c102958-g1/c104992-g1/c88159-g1",3
"GO:0001751","GO:0001751","compound eye photoreceptor cell differentiation","1/62","70/5248",0.0142857142857143,1.20921658986175,0.192663407288704,0.567189975385307,0.719739838907081,0.595016590969317,"c103611-g2",1
"GO:0006892","GO:0006892","post-Golgi vesicle-mediated transport","1/62","70/5248",0.0142857142857143,1.20921658986175,0.192663407288704,0.567189975385307,0.719739838907081,0.595016590969317,"c95060-g1",1
"GO:0007040","GO:0007040","lysosome organization","1/62","70/5248",0.0142857142857143,1.20921658986175,0.192663407288704,0.567189975385307,0.719739838907081,0.595016590969317,"c95060-g1",1
"GO:0014074","GO:0014074","response to purine-containing compound","1/62","70/5248",0.0142857142857143,1.20921658986175,0.192663407288704,0.567189975385307,0.719739838907081,0.595016590969317,"c101482-g1",1
"GO:0042177","GO:0042177","negative regulation of protein catabolic process","1/62","70/5248",0.0142857142857143,1.20921658986175,0.192663407288704,0.567189975385307,0.719739838907081,0.595016590969317,"c102902-g1",1
"GO:0042752","GO:0042752","regulation of circadian rhythm","1/62","70/5248",0.0142857142857143,1.20921658986175,0.192663407288704,0.567189975385307,0.719739838907081,0.595016590969317,"c102902-g1",1
"GO:0080171","GO:0080171","lytic vacuole organization","1/62","70/5248",0.0142857142857143,1.20921658986175,0.192663407288704,0.567189975385307,0.719739838907081,0.595016590969317,"c95060-g1",1
"GO:1901989","GO:1901989","positive regulation of cell cycle phase transition","1/62","70/5248",0.0142857142857143,1.20921658986175,0.192663407288704,0.567189975385307,0.719739838907081,0.595016590969317,"c101482-g1",1
"GO:0045596","GO:0045596","negative regulation of cell differentiation","3/62","248/5248",0.0120967741935484,1.02393340270552,0.0422163233136814,0.567316302272438,0.719739838907081,0.595016590969317,"c102723-g1/c28978-g1/c80891-g1",3
"GO:0061458","GO:0061458","reproductive system development","3/62","248/5248",0.0120967741935484,1.02393340270552,0.0422163233136814,0.567316302272438,0.719739838907081,0.595016590969317,"c101822-g1/c102902-g1/c102958-g1",3
"GO:0098771","GO:0098771","inorganic ion homeostasis","3/62","248/5248",0.0120967741935484,1.02393340270552,0.0422163233136814,0.567316302272438,0.719739838907081,0.595016590969317,"c102902-g1/c104424-g4/c95060-g1",3
"GO:0045892","GO:0045892","negative regulation of DNA-templated transcription","4/62","336/5248",0.0119047619047619,1.00768049155146,0.0159097954503059,0.567977769353927,0.720145203045979,0.595351709820587,"c102000-g1/c98750-g1/c98854-g1/c98854-g3",4
"GO:0002275","GO:0002275","myeloid cell activation involved in immune response","3/62","249/5248",0.0120481927710843,1.01982122036533,0.0350367339756621,0.570098281849289,0.722398905881229,0.597214869959291,"c104424-g3/c104424-g4/c95060-g1",3
"GO:0007292","GO:0007292","female gamete generation","5/62","425/5248",0.0117647058823529,0.995825426944972,-0.00981483539225767,0.571761672733983,0.72310505257396,0.597798648951532,"c103611-g2/c101822-g1/c102958-g1/c102138-g1/c98000-g2",5
"GO:0099513","GO:0099513","polymeric cytoskeletal fiber","2/62","161/5248",0.0124223602484472,1.05149268683631,0.0725542309836278,0.572320505513691,0.72310505257396,0.597798648951532,"c110137-g1/c40816-g1",2
"GO:0017148","GO:0017148","negative regulation of translation","1/62","71/5248",0.0140845070422535,1.19218537028623,0.178256566600306,0.572372327939597,0.72310505257396,0.597798648951532,"c102902-g1",1
"GO:0051924","GO:0051924","regulation of calcium ion transport","1/62","71/5248",0.0140845070422535,1.19218537028623,0.178256566600306,0.572372327939597,0.72310505257396,0.597798648951532,"c104424-g4",1
"GO:0061062","GO:0061062","regulation of nematode larval development","1/62","71/5248",0.0140845070422535,1.19218537028623,0.178256566600306,0.572372327939597,0.72310505257396,0.597798648951532,"c101113-g1",1
"GO:0001228","GO:0001228","DNA-binding transcription activator activity, RNA polymerase II-specific","1/62","72/5248",0.0138888888888889,1.17562724014337,0.164057508510417,0.57749361742535,0.72826440616634,0.602063941520031,"c103705-g1",1
"GO:0043524","GO:0043524","negative regulation of neuron apoptotic process","1/62","72/5248",0.0138888888888889,1.17562724014337,0.164057508510417,0.57749361742535,0.72826440616634,0.602063941520031,"c102902-g1",1
"GO:0061351","GO:0061351","neural precursor cell proliferation","1/62","72/5248",0.0138888888888889,1.17562724014337,0.164057508510417,0.57749361742535,0.72826440616634,0.602063941520031,"c102958-g1",1
"GO:0072359","GO:0072359","circulatory system development","4/62","341/5248",0.0117302052785924,0.992905117775045,-0.0148132199608072,0.579964174796754,0.73094228134169,0.60427776945027,"c103280-g1/c103219-g2/c101822-g1/c101482-g1",4
"GO:0048639","GO:0048639","positive regulation of developmental growth","2/62","164/5248",0.0121951219512195,1.03225806451613,0.0458873079496536,0.582495557374925,0.732016638332473,0.605165951817819,"c87684-g1/c101822-g1",2
"GO:0006986","GO:0006986","response to unfolded protein","1/62","73/5248",0.0136986301369863,1.15952275740168,0.150059681931346,0.582554551683393,0.732016638332473,0.605165951817819,"c103705-g1",1
"GO:0051302","GO:0051302","regulation of cell division","1/62","73/5248",0.0136986301369863,1.15952275740168,0.150059681931346,0.582554551683393,0.732016638332473,0.605165951817819,"c104424-g4",1
"GO:0061387","GO:0061387","regulation of extent of cell growth","1/62","73/5248",0.0136986301369863,1.15952275740168,0.150059681931346,0.582554551683393,0.732016638332473,0.605165951817819,"c103611-g2",1
"GO:1901342","GO:1901342","regulation of vasculature development","1/62","73/5248",0.0136986301369863,1.15952275740168,0.150059681931346,0.582554551683393,0.732016638332473,0.605165951817819,"c102902-g1",1
"GO:0002274","GO:0002274","myeloid leukocyte activation","3/62","254/5248",0.0118110236220472,0.999745999491999,-0.000453693226199264,0.583848483452199,0.732618460035711,0.605663484230052,"c104424-g3/c104424-g4/c95060-g1",3
"GO:0007346","GO:0007346","regulation of mitotic cell cycle","4/62","343/5248",0.0116618075801749,0.987115583560613,-0.0269853110305894,0.584708206094084,0.732618460035711,0.605663484230052,"c101822-g1/c102902-g1/c104424-g3/c101482-g1",4
"GO:0098687","GO:0098687","chromosomal region","2/62","165/5248",0.0121212121212121,1.02600195503421,0.0371041973139726,0.585848565208528,0.732618460035711,0.605663484230052,"c102138-g1/c101482-g1",2
"GO:0002164","GO:0002164","larval development","3/62","255/5248",0.0117647058823529,0.995825426944972,-0.00747199363777416,0.58656621677116,0.732618460035711,0.605663484230052,"c101113-g1/c104424-g4/c101482-g1",3
"GO:0055082","GO:0055082","intracellular chemical homeostasis","3/62","255/5248",0.0117647058823529,0.995825426944972,-0.00747199363777416,0.58656621677116,0.732618460035711,0.605663484230052,"c102902-g1/c104424-g4/c95060-g1",3
"GO:0007623","GO:0007623","circadian rhythm","1/62","74/5248",0.0135135135135135,1.14385353095031,0.136256834301861,0.58755583048448,0.732618460035711,0.605663484230052,"c101822-g1",1
"GO:0008306","GO:0008306","associative learning","1/62","74/5248",0.0135135135135135,1.14385353095031,0.136256834301861,0.58755583048448,0.732618460035711,0.605663484230052,"c104424-g4",1
"GO:0010389","GO:0010389","regulation of G2/M transition of mitotic cell cycle","1/62","74/5248",0.0135135135135135,1.14385353095031,0.136256834301861,0.58755583048448,0.732618460035711,0.605663484230052,"c104424-g3",1
"GO:0022612","GO:0022612","gland morphogenesis","1/62","74/5248",0.0135135135135135,1.14385353095031,0.136256834301861,0.58755583048448,0.732618460035711,0.605663484230052,"c103219-g2",1
"GO:0031968","GO:0031968","organelle outer membrane","1/62","74/5248",0.0135135135135135,1.14385353095031,0.136256834301861,0.58755583048448,0.732618460035711,0.605663484230052,"c89492-g1",1
"GO:0042440","GO:0042440","pigment metabolic process","1/62","74/5248",0.0135135135135135,1.14385353095031,0.136256834301861,0.58755583048448,0.732618460035711,0.605663484230052,"c102958-g1",1
"GO:0048640","GO:0048640","negative regulation of developmental growth","1/62","74/5248",0.0135135135135135,1.14385353095031,0.136256834301861,0.58755583048448,0.732618460035711,0.605663484230052,"c101822-g1",1
"GO:0048754","GO:0048754","branching morphogenesis of an epithelial tube","1/62","74/5248",0.0135135135135135,1.14385353095031,0.136256834301861,0.58755583048448,0.732618460035711,0.605663484230052,"c102958-g1",1
"GO:0006913","GO:0006913","nucleocytoplasmic transport","2/62","166/5248",0.0120481927710843,1.01982122036533,0.0283728017938265,0.589182197794732,0.734211661867281,0.606980601153838,"c101822-g1/c89492-g1",2
"GO:0071396","GO:0071396","cellular response to lipid","2/62","167/5248",0.0119760479041916,1.01371450647093,0.0196924133188139,0.592496437562843,0.73486519121038,0.607520880822696,"c101822-g1/c104424-g4",2
"GO:0007098","GO:0007098","centrosome cycle","1/62","75/5248",0.0133333333333333,1.12860215053763,0.122642994031021,0.592498145619765,0.73486519121038,0.607520880822696,"c102138-g1",1
"GO:0007528","GO:0007528","neuromuscular junction development","1/62","75/5248",0.0133333333333333,1.12860215053763,0.122642994031021,0.592498145619765,0.73486519121038,0.607520880822696,"c103611-g2",1
"GO:0019867","GO:0019867","outer membrane","1/62","75/5248",0.0133333333333333,1.12860215053763,0.122642994031021,0.592498145619765,0.73486519121038,0.607520880822696,"c89492-g1",1
"GO:0046620","GO:0046620","regulation of organ growth","1/62","75/5248",0.0133333333333333,1.12860215053763,0.122642994031021,0.592498145619765,0.73486519121038,0.607520880822696,"c101822-g1",1
"GO:0051087","GO:0051087","protein-folding chaperone binding","1/62","75/5248",0.0133333333333333,1.12860215053763,0.122642994031021,0.592498145619765,0.73486519121038,0.607520880822696,"c101392-g1",1
"GO:0070588","GO:0070588","calcium ion transmembrane transport","1/62","75/5248",0.0133333333333333,1.12860215053763,0.122642994031021,0.592498145619765,0.73486519121038,0.607520880822696,"c104424-g4",1
"GO:2001242","GO:2001242","regulation of intrinsic apoptotic signaling pathway","1/62","75/5248",0.0133333333333333,1.12860215053763,0.122642994031021,0.592498145619765,0.73486519121038,0.607520880822696,"c101822-g1",1
"GO:0043604","GO:0043604","amide biosynthetic process","4/62","347/5248",0.0115273775216138,0.975736729571442,-0.0511336560083385,0.594107670212993,0.736427753660132,0.608812667843184,"c101822-g1/c94480-g1/c101864-g1/c78921-g1",4
"GO:0005813","GO:0005813","centrosome","3/62","258/5248",0.0116279069767442,0.984246061515379,-0.0283716011660131,0.594653929678282,0.736671279942624,0.609013993614785,"c102902-g1/c102138-g1/c101482-g1",3
"GO:0001944","GO:0001944","vasculature development","2/62","168/5248",0.0119047619047619,1.00768049155146,0.0110623379311989,0.595791270006461,0.737646334293713,0.6098200814324,"c103280-g1/c101822-g1",2
"GO:0040014","GO:0040014","regulation of multicellular organism growth","1/62","76/5248",0.0131578947368421,1.11375212224109,0.109212454197509,0.597382180990261,0.739181476595469,0.61108919992448,"c101822-g1",1
"GO:0051169","GO:0051169","nuclear transport","2/62","169/5248",0.0118343195266272,1.00171788509257,0.00248189541942332,0.599066683615836,0.740830555311187,0.612452510863549,"c101822-g1/c89492-g1",2
"GO:0032102","GO:0032102","negative regulation of response to external stimulus","1/62","77/5248",0.012987012987013,1.09928780896523,0.0959597573992507,0.602208612695327,0.74384242717675,0.614942457415077,"c104424-g3",1
"GO:1901800","GO:1901800","positive regulation of proteasomal protein catabolic process","1/62","77/5248",0.012987012987013,1.09928780896523,0.0959597573992507,0.602208612695327,0.74384242717675,0.614942457415077,"c101822-g1",1
"GO:0019725","GO:0019725","cellular homeostasis","4/62","351/5248",0.0113960113960114,0.964617222681739,-0.075026648406702,0.603386790317051,0.744860832595374,0.615784384021967,"c102902-g1/c104424-g4/c101482-g1/c95060-g1",4
"GO:0016072","GO:0016072","rRNA metabolic process","2/62","171/5248",0.0116959064327485,0.990001886436521,-0.0145327452096287,0.605559222878125,0.747104700281975,0.617639413338525,"c101864-g1/c78921-g1",2
"GO:0001708","GO:0001708","cell fate specification","1/62","78/5248",0.0128205128205128,1.08519437551696,0.0828796816581967,0.606978109120175,0.7475414607059,0.618000487833038,"c101113-g1",1
"GO:0032006","GO:0032006","regulation of TOR signaling","1/62","78/5248",0.0128205128205128,1.08519437551696,0.0828796816581967,0.606978109120175,0.7475414607059,0.618000487833038,"c101822-g1",1
"GO:1901796","GO:1901796","regulation of signal transduction by p53 class mediator","1/62","78/5248",0.0128205128205128,1.08519437551696,0.0828796816581967,0.606978109120175,0.7475414607059,0.618000487833038,"c101822-g1",1
"GO:0051093","GO:0051093","negative regulation of developmental process","4/62","353/5248",0.0113314447592068,0.95915196929544,-0.086879487261172,0.607980444487848,0.748338291111284,0.618659236016426,"c102723-g1/c101822-g1/c28978-g1/c80891-g1",4
"GO:0032434","GO:0032434","regulation of proteasomal ubiquitin-dependent protein catabolic process","1/62","79/5248",0.0126582278481013,1.07145773785218,0.0699672272941177,0.611691331022409,0.751149821068918,0.620983557778772,"c101822-g1",1
"GO:0034249","GO:0034249","negative regulation of amide metabolic process","1/62","79/5248",0.0126582278481013,1.07145773785218,0.0699672272941177,0.611691331022409,0.751149821068918,0.620983557778772,"c102902-g1",1
"GO:0046488","GO:0046488","phosphatidylinositol metabolic process","1/62","79/5248",0.0126582278481013,1.07145773785218,0.0699672272941177,0.611691331022409,0.751149821068918,0.620983557778772,"c95060-g1",1
"GO:0061138","GO:0061138","morphogenesis of a branching epithelium","1/62","79/5248",0.0126582278481013,1.07145773785218,0.0699672272941177,0.611691331022409,0.751149821068918,0.620983557778772,"c102958-g1",1
"GO:0007498","GO:0007498","mesoderm development","1/62","80/5248",0.0125,1.05806451612903,0.0572176046893004,0.616348931617613,0.755108115175505,0.624255921677556,"c78536-g1",1
"GO:0008356","GO:0008356","asymmetric cell division","1/62","80/5248",0.0125,1.05806451612903,0.0572176046893004,0.616348931617613,0.755108115175505,0.624255921677556,"c102958-g1",1
"GO:0035967","GO:0035967","cellular response to topologically incorrect protein","1/62","80/5248",0.0125,1.05806451612903,0.0572176046893004,0.616348931617613,0.755108115175505,0.624255921677556,"c103705-g1",1
"GO:0042461","GO:0042461","photoreceptor cell development","1/62","80/5248",0.0125,1.05806451612903,0.0572176046893004,0.616348931617613,0.755108115175505,0.624255921677556,"c103611-g2",1
"GO:0045321","GO:0045321","leukocyte activation","4/62","358/5248",0.0111731843575419,0.945755992070643,-0.11624491791918,0.619328402659288,0.758317218604919,0.626908921663686,"c102902-g1/c104424-g3/c104424-g4/c95060-g1",4
"GO:0046872","GO:0046872","metal ion binding","5/62","448/5248",0.0111607142857143,0.944700460829493,-0.133805825325445,0.620037298998963,0.75874407419629,0.627261807727628,"c102537-g1/c87684-g1/c95002-g1/c101482-g1/c78536-g1",5
"GO:0007052","GO:0007052","mitotic spindle organization","1/62","81/5248",0.0123456790123457,1.04500199123855,0.0446262228732343,0.620951556663996,0.759421590205794,0.627821917429091,"c102138-g1",1
"GO:0050801","GO:0050801","monoatomic ion homeostasis","3/62","269/5248",0.0111524163568773,0.943998081304713,-0.103096305924883,0.623452751094543,0.76056736294116,0.628769139953355,"c102902-g1/c104424-g4/c95060-g1",3
"GO:0004857","GO:0004857","enzyme inhibitor activity","1/62","82/5248",0.0121951219512195,1.03225806451613,0.0321886788628274,0.625499844546101,0.76056736294116,0.628769139953355,"c98000-g2",1
"GO:0005766","GO:0005766","primary lysosome","1/62","82/5248",0.0121951219512195,1.03225806451613,0.0321886788628274,0.625499844546101,0.76056736294116,0.628769139953355,"c104424-g3",1
"GO:0016323","GO:0016323","basolateral plasma membrane","1/62","82/5248",0.0121951219512195,1.03225806451613,0.0321886788628274,0.625499844546101,0.76056736294116,0.628769139953355,"c103611-g2",1
"GO:0019903","GO:0019903","protein phosphatase binding","1/62","82/5248",0.0121951219512195,1.03225806451613,0.0321886788628274,0.625499844546101,0.76056736294116,0.628769139953355,"c101822-g1",1
"GO:0031023","GO:0031023","microtubule organizing center organization","1/62","82/5248",0.0121951219512195,1.03225806451613,0.0321886788628274,0.625499844546101,0.76056736294116,0.628769139953355,"c102138-g1",1
"GO:0042582","GO:0042582","azurophil granule","1/62","82/5248",0.0121951219512195,1.03225806451613,0.0321886788628274,0.625499844546101,0.76056736294116,0.628769139953355,"c104424-g3",1
"GO:0043197","GO:0043197","dendritic spine","1/62","82/5248",0.0121951219512195,1.03225806451613,0.0321886788628274,0.625499844546101,0.76056736294116,0.628769139953355,"c40816-g1",1
"GO:0097730","GO:0097730","non-motile cilium","1/62","82/5248",0.0121951219512195,1.03225806451613,0.0321886788628274,0.625499844546101,0.76056736294116,0.628769139953355,"c102902-g1",1
"GO:1902749","GO:1902749","regulation of cell cycle G2/M phase transition","1/62","82/5248",0.0121951219512195,1.03225806451613,0.0321886788628274,0.625499844546101,0.76056736294116,0.628769139953355,"c104424-g3",1
"GO:0000775","GO:0000775","chromosome, centromeric region","1/62","83/5248",0.0120481927710843,1.01982122036533,0.019900747699479,0.629994426357588,0.764707931936069,0.632192192443774,"c102138-g1",1
"GO:0036064","GO:0036064","ciliary basal body","1/62","83/5248",0.0120481927710843,1.01982122036533,0.019900747699479,0.629994426357588,0.764707931936069,0.632192192443774,"c101822-g1",1
"GO:0051427","GO:0051427","hormone receptor binding","1/62","83/5248",0.0120481927710843,1.01982122036533,0.019900747699479,0.629994426357588,0.764707931936069,0.632192192443774,"c102902-g1",1
"GO:0010564","GO:0010564","regulation of cell cycle process","4/62","364/5248",0.010989010989011,0.930166607585962,-0.150994498781067,0.632684577176545,0.766125034472725,0.633363726204772,"c101822-g1/c104424-g3/c104424-g4/c101482-g1",4
"GO:0006520","GO:0006520","amino acid metabolic process","2/62","180/5248",0.0111111111111111,0.940501792114695,-0.0888089948802218,0.633814103816465,0.766125034472725,0.633363726204772,"c101864-g1/c78921-g1",2
"GO:0009798","GO:0009798","axis specification","2/62","180/5248",0.0111111111111111,0.940501792114695,-0.0888089948802218,0.633814103816465,0.766125034472725,0.633363726204772,"c102958-g1/c104424-g4",2
"GO:0043195","GO:0043195","terminal bouton","1/62","84/5248",0.0119047619047619,1.00768049155146,0.00775837312955508,0.634435925983111,0.766125034472725,0.633363726204772,"c87684-g1",1
"GO:0044309","GO:0044309","neuron spine","1/62","84/5248",0.0119047619047619,1.00768049155146,0.00775837312955508,0.634435925983111,0.766125034472725,0.633363726204772,"c40816-g1",1
"GO:0045335","GO:0045335","phagocytic vesicle","1/62","84/5248",0.0119047619047619,1.00768049155146,0.00775837312955508,0.634435925983111,0.766125034472725,0.633363726204772,"c95060-g1",1
"GO:0048588","GO:0048588","developmental cell growth","1/62","84/5248",0.0119047619047619,1.00768049155146,0.00775837312955508,0.634435925983111,0.766125034472725,0.633363726204772,"c103611-g2",1
"GO:0055088","GO:0055088","lipid homeostasis","1/62","84/5248",0.0119047619047619,1.00768049155146,0.00775837312955508,0.634435925983111,0.766125034472725,0.633363726204772,"c101822-g1",1
"GO:1903052","GO:1903052","positive regulation of proteolysis involved in protein catabolic process","1/62","84/5248",0.0119047619047619,1.00768049155146,0.00775837312955508,0.634435925983111,0.766125034472725,0.633363726204772,"c101822-g1",1
"GO:0006412","GO:0006412","translation","3/62","274/5248",0.0109489051094891,0.926771838945138,-0.136124293774977,0.636089889482341,0.767682124498458,0.634650989114035,"c101822-g1/c101864-g1/c78921-g1",3
"GO:0001763","GO:0001763","morphogenesis of a branching structure","1/62","85/5248",0.0117647058823529,0.995825426944972,-0.00424234112050462,0.638824960179286,0.768780209221473,0.63555878745055,"c102958-g1",1
"GO:0007309","GO:0007309","oocyte axis specification","1/62","85/5248",0.0117647058823529,0.995825426944972,-0.00424234112050462,0.638824960179286,0.768780209221473,0.63555878745055,"c102958-g1",1
"GO:0042593","GO:0042593","glucose homeostasis","1/62","85/5248",0.0117647058823529,0.995825426944972,-0.00424234112050462,0.638824960179286,0.768780209221473,0.63555878745055,"c101822-g1",1
"GO:0048580","GO:0048580","regulation of post-embryonic development","1/62","85/5248",0.0117647058823529,0.995825426944972,-0.00424234112050462,0.638824960179286,0.768780209221473,0.63555878745055,"c101113-g1",1
"GO:2001234","GO:2001234","negative regulation of apoptotic signaling pathway","1/62","85/5248",0.0117647058823529,0.995825426944972,-0.00424234112050462,0.638824960179286,0.768780209221473,0.63555878745055,"c101822-g1",1
"GO:0005795","GO:0005795","Golgi stack","1/62","86/5248",0.0116279069767442,0.984246061515379,-0.0161051395189886,0.643162138654763,0.772234586092891,0.638414557603659,"c95060-g1",1
"GO:0019318","GO:0019318","hexose metabolic process","1/62","86/5248",0.0116279069767442,0.984246061515379,-0.0161051395189886,0.643162138654763,0.772234586092891,0.638414557603659,"c101822-g1",1
"GO:0043484","GO:0043484","regulation of RNA splicing","1/62","86/5248",0.0116279069767442,0.984246061515379,-0.0161051395189886,0.643162138654763,0.772234586092891,0.638414557603659,"c101822-g1",1
"GO:0090257","GO:0090257","regulation of muscle system process","1/62","86/5248",0.0116279069767442,0.984246061515379,-0.0161051395189886,0.643162138654763,0.772234586092891,0.638414557603659,"c102902-g1",1
"GO:0045860","GO:0045860","positive regulation of protein kinase activity","2/62","184/5248",0.0108695652173913,0.920056100981767,-0.120693118667681,0.645868226603795,0.775041871924553,0.64073537070186,"c101822-g1/c104424-g3",2
"GO:0000978","GO:0000978","RNA polymerase II cis-regulatory region sequence-specific DNA binding","1/62","87/5248",0.0114942528735632,0.972932888394512,-0.0278336223943445,0.647448064149416,0.775170905684293,0.64084204428541,"c103705-g1",1
"GO:0005798","GO:0005798","Golgi-associated vesicle","1/62","87/5248",0.0114942528735632,0.972932888394512,-0.0278336223943445,0.647448064149416,0.775170905684293,0.64084204428541,"c95060-g1",1
"GO:0042393","GO:0042393","histone binding","1/62","87/5248",0.0114942528735632,0.972932888394512,-0.0278336223943445,0.647448064149416,0.775170905684293,0.64084204428541,"c102902-g1",1
"GO:0043406","GO:0043406","positive regulation of MAP kinase activity","1/62","87/5248",0.0114942528735632,0.972932888394512,-0.0278336223943445,0.647448064149416,0.775170905684293,0.64084204428541,"c104424-g3",1
"GO:0006955","GO:0006955","immune response","5/62","463/5248",0.0107991360691145,0.914094614366335,-0.211643549646399,0.649823562718741,0.777572967662312,0.642827854507654,"c102958-g1/c104424-g3/c104424-g4/c99537-g1/c95060-g1",5
"GO:0002366","GO:0002366","leukocyte activation involved in immune response","3/62","280/5248",0.0107142857142857,0.906912442396313,-0.175031001724176,0.650874489865616,0.777946467455725,0.643136630765117,"c104424-g3/c104424-g4/c95060-g1",3
"GO:0048589","GO:0048589","developmental growth","3/62","280/5248",0.0107142857142857,0.906912442396313,-0.175031001724176,0.650874489865616,0.777946467455725,0.643136630765117,"c103611-g2/c101822-g1/c104424-g3",3
"GO:0005875","GO:0005875","microtubule associated complex","1/62","88/5248",0.0113636363636364,0.961876832844575,-0.0394312531285176,0.651683332512667,0.778030101061042,0.643205771557436,"c102138-g1",1
"GO:0060560","GO:0060560","developmental growth involved in morphogenesis","1/62","88/5248",0.0113636363636364,0.961876832844575,-0.0394312531285176,0.651683332512667,0.778030101061042,0.643205771557436,"c103611-g2",1
"GO:0002263","GO:0002263","cell activation involved in immune response","3/62","282/5248",0.0106382978723404,0.900480439258751,-0.187829917455077,0.655709976667136,0.780813527437326,0.645506859789742,"c104424-g3/c104424-g4/c95060-g1",3
"GO:0007308","GO:0007308","oocyte construction","1/62","89/5248",0.0112359550561798,0.951069227981153,-0.0509013649123439,0.655868532780926,0.780813527437326,0.645506859789742,"c102958-g1",1
"GO:0019887","GO:0019887","protein kinase regulator activity","1/62","89/5248",0.0112359550561798,0.951069227981153,-0.0509013649123439,0.655868532780926,0.780813527437326,0.645506859789742,"c98000-g2",1
"GO:0098858","GO:0098858","actin-based cell projection","1/62","89/5248",0.0112359550561798,0.951069227981153,-0.0509013649123439,0.655868532780926,0.780813527437326,0.645506859789742,"c103210-g1",1
"GO:0140056","GO:0140056","organelle localization by membrane tethering","1/62","89/5248",0.0112359550561798,0.951069227981153,-0.0509013649123439,0.655868532780926,0.780813527437326,0.645506859789742,"c87684-g1",1
"GO:0008270","GO:0008270","zinc ion binding","2/62","188/5248",0.0106382978723404,0.900480439258751,-0.151931294197311,0.657614446088875,0.782449730770153,0.646859526512637,"c102537-g1/c95002-g1",2
"GO:0000987","GO:0000987","cis-regulatory region sequence-specific DNA binding","1/62","90/5248",0.0111111111111111,0.940501792114695,-0.0622471670943237,0.660004247254193,0.783081095615397,0.647381482555039,"c103705-g1",1
"GO:0001754","GO:0001754","eye photoreceptor cell differentiation","1/62","90/5248",0.0111111111111111,0.940501792114695,-0.0622471670943237,0.660004247254193,0.783081095615397,0.647381482555039,"c103611-g2",1
"GO:0035303","GO:0035303","regulation of dephosphorylation","1/62","90/5248",0.0111111111111111,0.940501792114695,-0.0622471670943237,0.660004247254193,0.783081095615397,0.647381482555039,"c104424-g3",1
"GO:0035966","GO:0035966","response to topologically incorrect protein","1/62","90/5248",0.0111111111111111,0.940501792114695,-0.0622471670943237,0.660004247254193,0.783081095615397,0.647381482555039,"c103705-g1",1
"GO:0098862","GO:0098862","cluster of actin-based cell projections","1/62","90/5248",0.0111111111111111,0.940501792114695,-0.0622471670943237,0.660004247254193,0.783081095615397,0.647381482555039,"c102902-g1",1
"GO:0043043","GO:0043043","peptide biosynthetic process","3/62","285/5248",0.0105263157894737,0.891001697792869,-0.206873635364391,0.662875942807255,0.786045459207252,0.649832153510669,"c101822-g1/c101864-g1/c78921-g1",3
"GO:0009416","GO:0009416","response to light stimulus","2/62","190/5248",0.0105263157894737,0.891001697792869,-0.167317837107552,0.663372732168827,0.786191881793781,0.649953202622539,"c101822-g1/c102902-g1",2
"GO:0007368","GO:0007368","determination of left/right symmetry","1/62","91/5248",0.010989010989011,0.930166607585962,-0.0734717511515382,0.664091051571804,0.786600536901136,0.650291042152486,"c101482-g1",1
"GO:0006351","GO:0006351","DNA-templated transcription","3/62","286/5248",0.0104895104895105,0.887886307241146,-0.213180960521613,0.665241291191102,0.787520044546633,0.651051208916945,"c103705-g1/c101864-g1/c78921-g1",3
"GO:0043169","GO:0043169","cation binding","5/62","472/5248",0.0105932203389831,0.896664844177146,-0.25728949798386,0.667008122950526,0.788280536774314,0.651679915941778,"c102537-g1/c87684-g1/c95002-g1/c101482-g1/c78536-g1",5
"GO:0072657","GO:0072657","protein localization to membrane","3/62","287/5248",0.0104529616724739,0.884792626728111,-0.219468264973823,0.667594974035675,0.788280536774314,0.651679915941778,"c103219-g2/c101822-g1/c102958-g1",3
"GO:0007351","GO:0007351","tripartite regional subdivision","1/62","92/5248",0.0108695652173913,0.920056100981767,-0.0845780963091311,0.668129514787346,0.788280536774314,0.651679915941778,"c102958-g1",1
"GO:0008595","GO:0008595","anterior/posterior axis specification, embryo","1/62","92/5248",0.0108695652173913,0.920056100981767,-0.0845780963091311,0.668129514787346,0.788280536774314,0.651679915941778,"c102958-g1",1
"GO:0050954","GO:0050954","sensory perception of mechanical stimulus","1/62","92/5248",0.0108695652173913,0.920056100981767,-0.0845780963091311,0.668129514787346,0.788280536774314,0.651679915941778,"c104424-g4",1
"GO:0051099","GO:0051099","positive regulation of binding","1/62","92/5248",0.0108695652173913,0.920056100981767,-0.0845780963091311,0.668129514787346,0.788280536774314,0.651679915941778,"c103330-g1",1
"GO:0008017","GO:0008017","microtubule binding","1/62","93/5248",0.010752688172043,0.910163024627125,-0.0955690748326783,0.672120199442734,0.792544871235386,0.655205286661332,"c102138-g1",1
"GO:0009799","GO:0009799","specification of symmetry","1/62","94/5248",0.0106382978723404,0.900480439258751,-0.106447457015823,0.676063661641483,0.795858061160964,0.657944336062495,"c101482-g1",1
"GO:0009855","GO:0009855","determination of bilateral symmetry","1/62","94/5248",0.0106382978723404,0.900480439258751,-0.106447457015823,0.676063661641483,0.795858061160964,0.657944336062495,"c101482-g1",1
"GO:2000058","GO:2000058","regulation of ubiquitin-dependent protein catabolic process","1/62","94/5248",0.0106382978723404,0.900480439258751,-0.106447457015823,0.676063661641483,0.795858061160964,0.657944336062495,"c101822-g1",1
"GO:0032774","GO:0032774","RNA biosynthetic process","3/62","291/5248",0.0103092783505155,0.872630528766212,-0.244420428726855,0.676892953402575,0.796389139589845,0.658383384256313,"c103705-g1/c101864-g1/c78921-g1",3
"GO:0006611","GO:0006611","protein export from nucleus","1/62","95/5248",0.0105263157894737,0.891001697792869,-0.117215915883814,0.679960451121155,0.796438659655813,0.6584243230223,"c89492-g1",1
"GO:0008202","GO:0008202","steroid metabolic process","1/62","95/5248",0.0105263157894737,0.891001697792869,-0.117215915883814,0.679960451121155,0.796438659655813,0.6584243230223,"c101392-g1",1
"GO:0009411","GO:0009411","response to UV","1/62","95/5248",0.0105263157894737,0.891001697792869,-0.117215915883814,0.679960451121155,0.796438659655813,0.6584243230223,"c101822-g1",1
"GO:0009913","GO:0009913","epidermal cell differentiation","1/62","95/5248",0.0105263157894737,0.891001697792869,-0.117215915883814,0.679960451121155,0.796438659655813,0.6584243230223,"c103219-g2",1
"GO:0033500","GO:0033500","carbohydrate homeostasis","1/62","95/5248",0.0105263157894737,0.891001697792869,-0.117215915883814,0.679960451121155,0.796438659655813,0.6584243230223,"c101822-g1",1
"GO:0046328","GO:0046328","regulation of JNK cascade","1/62","95/5248",0.0105263157894737,0.891001697792869,-0.117215915883814,0.679960451121155,0.796438659655813,0.6584243230223,"c101822-g1",1
"GO:0048511","GO:0048511","rhythmic process","1/62","95/5248",0.0105263157894737,0.891001697792869,-0.117215915883814,0.679960451121155,0.796438659655813,0.6584243230223,"c101822-g1",1
"GO:0090287","GO:0090287","regulation of cellular response to growth factor stimulus","1/62","95/5248",0.0105263157894737,0.891001697792869,-0.117215915883814,0.679960451121155,0.796438659655813,0.6584243230223,"c102902-g1",1
"GO:0005615","GO:0005615","extracellular space","2/62","197/5248",0.0101522842639594,0.859341738988046,-0.220011201770513,0.682929335817287,0.798727787271481,0.660316769204294,"c28978-g1/c80891-g1",2
"GO:0033674","GO:0033674","positive regulation of kinase activity","2/62","197/5248",0.0101522842639594,0.859341738988046,-0.220011201770513,0.682929335817287,0.798727787271481,0.660316769204294,"c101822-g1/c104424-g3",2
"GO:0009894","GO:0009894","regulation of catabolic process","5/62","481/5248",0.0103950103950104,0.879887331500235,-0.302185692794634,0.68366058779906,0.798727787271481,0.660316769204294,"c101822-g1/c102902-g1/c104424-g3/c104424-g4/c101482-g1",5
"GO:0001738","GO:0001738","morphogenesis of a polarized epithelium","1/62","96/5248",0.0104166666666667,0.881720430107527,-0.127877031631976,0.683811111325015,0.798727787271481,0.660316769204294,"c102958-g1",1
"GO:0098609","GO:0098609","cell-cell adhesion","1/62","96/5248",0.0104166666666667,0.881720430107527,-0.127877031631976,0.683811111325015,0.798727787271481,0.660316769204294,"c103611-g2",1
"GO:0008582","GO:0008582","regulation of synaptic assembly at neuromuscular junction","1/62","97/5248",0.0103092783505155,0.872630528766212,-0.13843329581668,0.687616179472889,0.80183813619596,0.662888127789333,"c101822-g1",1
"GO:0019207","GO:0019207","kinase regulator activity","1/62","97/5248",0.0103092783505155,0.872630528766212,-0.13843329581668,0.687616179472889,0.80183813619596,0.662888127789333,"c98000-g2",1
"GO:0022406","GO:0022406","membrane docking","1/62","97/5248",0.0103092783505155,0.872630528766212,-0.13843329581668,0.687616179472889,0.80183813619596,0.662888127789333,"c87684-g1",1
"GO:0003690","GO:0003690","double-stranded DNA binding","2/62","199/5248",0.0100502512562814,0.850705138596207,-0.234749044613769,0.688347768079693,0.802247039056908,0.663226172139814,"c103705-g1/c101482-g1",2
"GO:0001775","GO:0001775","cell activation","4/62","391/5248",0.010230179028133,0.865935153865193,-0.301268941570826,0.689122089717695,0.802705266009661,0.663604993242355,"c102902-g1/c104424-g3/c104424-g4/c95060-g1",4
"GO:0040007","GO:0040007","growth","3/62","299/5248",0.0100334448160535,0.8492825547524,-0.293410405671376,0.694928235411317,0.807871430071689,0.667875916098652,"c103611-g2/c101822-g1/c104424-g3",3
"GO:0000070","GO:0000070","mitotic sister chromatid segregation","1/62","99/5248",0.0101010101010101,0.855001629195178,-0.159240816068451,0.695091657782479,0.807871430071689,0.667875916098652,"c102138-g1",1
"GO:0048813","GO:0048813","dendrite morphogenesis","1/62","99/5248",0.0101010101010101,0.855001629195178,-0.159240816068451,0.695091657782479,0.807871430071689,0.667875916098652,"c102138-g1",1
"GO:1904062","GO:1904062","regulation of monoatomic cation transmembrane transport","1/62","99/5248",0.0101010101010101,0.855001629195178,-0.159240816068451,0.695091657782479,0.807871430071689,0.667875916098652,"c104424-g4",1
"GO:0046474","GO:0046474","glycerophospholipid biosynthetic process","1/62","100/5248",0.01,0.846451612903226,-0.169496646623552,0.698763111893468,0.811026696380642,0.670484408363863,"c95060-g1",1
"GO:0051168","GO:0051168","nuclear export","1/62","100/5248",0.01,0.846451612903226,-0.169496646623552,0.698763111893468,0.811026696380642,0.670484408363863,"c89492-g1",1
"GO:0043565","GO:0043565","sequence-specific DNA binding","2/62","203/5248",0.00985221674876847,0.833942475766725,-0.263822063575655,0.69896175400326,0.811026696380642,0.670484408363863,"c103705-g1/c101482-g1",2
"GO:1904396","GO:1904396","regulation of neuromuscular junction development","1/62","101/5248",0.0099009900990099,0.83807090386458,-0.179656781484015,0.702391061983329,0.814557035537936,0.673402977347801,"c101822-g1",1
"GO:0048638","GO:0048638","regulation of developmental growth","3/62","303/5248",0.0099009900990099,0.83807090386458,-0.317466700745189,0.703665896613841,0.815586339168272,0.674253913622393,"c103611-g2/c87684-g1/c101822-g1",3
"GO:0042176","GO:0042176","regulation of protein catabolic process","2/62","205/5248",0.00975609756097561,0.825806451612903,-0.278163173883526,0.704158213466082,0.815708029460709,0.674354516283307,"c101822-g1/c102902-g1",2
"GO:0019902","GO:0019902","phosphatase binding","1/62","102/5248",0.00980392156862745,0.829854522454143,-0.189723324284563,0.705976015190447,0.816915103291803,0.675352417076344,"c101822-g1",1
"GO:0055037","GO:0055037","recycling endosome","1/62","102/5248",0.00980392156862745,0.829854522454143,-0.189723324284563,0.705976015190447,0.816915103291803,0.675352417076344,"c95060-g1",1
"GO:0048872","GO:0048872","homeostasis of number of cells","1/62","103/5248",0.00970873786407767,0.821797682430316,-0.199698310798615,0.709518472838755,0.819663139768742,0.677624248101914,"c101822-g1",1
"GO:0050821","GO:0050821","protein stabilization","1/62","103/5248",0.00970873786407767,0.821797682430316,-0.199698310798615,0.709518472838755,0.819663139768742,0.677624248101914,"c104424-g3",1
"GO:0051346","GO:0051346","negative regulation of hydrolase activity","1/62","103/5248",0.00970873786407767,0.821797682430316,-0.199698310798615,0.709518472838755,0.819663139768742,0.677624248101914,"c101822-g1",1
"GO:0016049","GO:0016049","cell growth","1/62","104/5248",0.00961538461538462,0.813895781637717,-0.209583711789718,0.713018930503283,0.823255409890303,0.680594016073655,"c103611-g2",1
"GO:0007389","GO:0007389","pattern specification process","4/62","404/5248",0.0099009900990099,0.83807090386458,-0.370380938386229,0.714096446478567,0.824047734950062,0.681249039639827,"c103219-g2/c102958-g1/c104424-g4/c101482-g1",4
"GO:0005996","GO:0005996","monosaccharide metabolic process","1/62","105/5248",0.00952380952380952,0.806144393241168,-0.219381435716353,0.716477878074977,0.826343051054711,0.683146601911577,"c101822-g1",1
"GO:0007548","GO:0007548","sex differentiation","2/62","211/5248",0.00947867298578199,0.80232380369974,-0.320438543163762,0.719311295208008,0.828017779590953,0.684531117830477,"c102902-g1/c102958-g1",2
"GO:0000578","GO:0000578","embryonic axis specification","1/62","106/5248",0.00943396226415094,0.798539257455873,-0.229093331298974,0.719895799824803,0.828017779590953,0.684531117830477,"c102958-g1",1
"GO:0007030","GO:0007030","Golgi organization","1/62","106/5248",0.00943396226415094,0.798539257455873,-0.229093331298974,0.719895799824803,0.828017779590953,0.684531117830477,"c104424-g4",1
"GO:0009953","GO:0009953","dorsal/ventral pattern formation","1/62","106/5248",0.00943396226415094,0.798539257455873,-0.229093331298974,0.719895799824803,0.828017779590953,0.684531117830477,"c104424-g4",1
"GO:0045017","GO:0045017","glycerolipid biosynthetic process","1/62","106/5248",0.00943396226415094,0.798539257455873,-0.229093331298974,0.719895799824803,0.828017779590953,0.684531117830477,"c95060-g1",1
"GO:0004518","GO:0004518","nuclease activity","1/62","107/5248",0.00934579439252336,0.791076273741332,-0.238721189957566,0.723273174467133,0.830541606012967,0.686617592015518,"c101482-g1",1
"GO:0010970","GO:0010970","transport along microtubule","1/62","107/5248",0.00934579439252336,0.791076273741332,-0.238721189957566,0.723273174467133,0.830541606012967,0.686617592015518,"c102138-g1",1
"GO:0099111","GO:0099111","microtubule-based transport","1/62","107/5248",0.00934579439252336,0.791076273741332,-0.238721189957566,0.723273174467133,0.830541606012967,0.686617592015518,"c102138-g1",1
"GO:0046530","GO:0046530","photoreceptor cell differentiation","1/62","108/5248",0.00925925925925926,0.783751493428913,-0.248266748127403,0.726610475222441,0.83391916120897,0.689409852871313,"c103611-g2",1
"GO:0006612","GO:0006612","protein targeting to membrane","1/62","109/5248",0.00917431192660551,0.776561112755253,-0.257731689460185,0.729908169879291,0.836791837651489,0.691784725084002,"c103219-g2",1
"GO:0009986","GO:0009986","cell surface","1/62","109/5248",0.00917431192660551,0.776561112755253,-0.257731689460185,0.729908169879291,0.836791837651489,0.691784725084002,"c40816-g1",1
"GO:0010038","GO:0010038","response to metal ion","2/62","216/5248",0.00925925925925926,0.783751493428913,-0.35484998962278,0.731446726727574,0.838099459460431,0.69286574996129,"c87684-g1/c101822-g1",2
"GO:0048232","GO:0048232","male gamete generation","3/62","317/5248",0.00946372239747634,0.801058308741223,-0.399505770010588,0.732788040749017,0.838701311310151,0.693363307295941,"c103611-g2/c102958-g1/c102138-g1",3
"GO:0043523","GO:0043523","regulation of neuron apoptotic process","1/62","110/5248",0.00909090909090909,0.76950146627566,-0.267117646917234,0.733166720855645,0.838701311310151,0.693363307295941,"c102902-g1",1
"GO:0052548","GO:0052548","regulation of endopeptidase activity","1/62","110/5248",0.00909090909090909,0.76950146627566,-0.267117646917234,0.733166720855645,0.838701311310151,0.693363307295941,"c101822-g1",1
"GO:0098791","GO:0098791","Golgi apparatus subcompartment","3/62","318/5248",0.00943396226415094,0.798539257455873,-0.405243120896868,0.734782007424983,0.840092783733449,0.694513652369233,"c104424-g4/c103705-g1/c95060-g1",3
"GO:0016482","GO:0016482","cytosolic transport","1/62","111/5248",0.00900900900900901,0.762569020633537,-0.276426204760996,0.736386585259489,0.841470509254739,0.695652632732212,"c95060-g1",1
"GO:0007350","GO:0007350","blastoderm segmentation","1/62","113/5248",0.00884955752212389,0.749072223808164,-0.294817226447354,0.742712056590758,0.847016555085733,0.700237607893139,"c102958-g1",1
"GO:0032872","GO:0032872","regulation of stress-activated MAPK cascade","1/62","113/5248",0.00884955752212389,0.749072223808164,-0.294817226447354,0.742712056590758,0.847016555085733,0.700237607893139,"c101822-g1",1
"GO:0042277","GO:0042277","peptide binding","1/62","113/5248",0.00884955752212389,0.749072223808164,-0.294817226447354,0.742712056590758,0.847016555085733,0.700237607893139,"c101392-g1",1
"GO:0048878","GO:0048878","chemical homeostasis","4/62","420/5248",0.00952380952380952,0.806144393241168,-0.452850134906895,0.742848802109852,0.847016555085733,0.700237607893139,"c101822-g1/c102902-g1/c104424-g4/c95060-g1",4
"GO:0008654","GO:0008654","phospholipid biosynthetic process","1/62","114/5248",0.0087719298245614,0.742501414827391,-0.303902631933987,0.745818551720529,0.849942570304888,0.702656575840598,"c95060-g1",1
"GO:0000165","GO:0000165","MAPK cascade","1/62","115/5248",0.00869565217391304,0.736044880785414,-0.312916524454509,0.748888136799089,0.851597416900044,0.704024655147035,"c104424-g4",1
"GO:0000819","GO:0000819","sister chromatid segregation","1/62","115/5248",0.00869565217391304,0.736044880785414,-0.312916524454509,0.748888136799089,0.851597416900044,0.704024655147035,"c102138-g1",1
"GO:0030705","GO:0030705","cytoskeleton-dependent intracellular transport","1/62","115/5248",0.00869565217391304,0.736044880785414,-0.312916524454509,0.748888136799089,0.851597416900044,0.704024655147035,"c102138-g1",1
"GO:0070302","GO:0070302","regulation of stress-activated protein kinase signaling cascade","1/62","115/5248",0.00869565217391304,0.736044880785414,-0.312916524454509,0.748888136799089,0.851597416900044,0.704024655147035,"c101822-g1",1
"GO:0045927","GO:0045927","positive regulation of growth","2/62","224/5248",0.00892857142857143,0.755760368663594,-0.408460862617327,0.749955923299697,0.852351416335219,0.704647994511147,"c87684-g1/c101822-g1",2
"GO:2001252","GO:2001252","positive regulation of chromosome organization","1/62","116/5248",0.00862068965517241,0.729699666295884,-0.321860271477029,0.751921243270637,0.85412413070548,0.706113516362705,"c104424-g3",1
"GO:0007584","GO:0007584","response to nutrient","1/62","117/5248",0.00854700854700855,0.723462917011304,-0.330735201884982,0.754918297619277,0.856604490725322,0.708164056410097,"c102902-g1",1
"GO:0140097","GO:0140097","catalytic activity, acting on DNA","1/62","117/5248",0.00854700854700855,0.723462917011304,-0.330735201884982,0.754918297619277,0.856604490725322,0.708164056410097,"c101482-g1",1
"GO:0000977","GO:0000977","RNA polymerase II transcription regulatory region sequence-specific DNA binding","1/62","118/5248",0.00847457627118644,0.717331875341717,-0.339542607400226,0.757879721425085,0.859039124500124,0.710176794083673,"c103705-g1",1
"GO:0010927","GO:0010927","cellular component assembly involved in morphogenesis","1/62","118/5248",0.00847457627118644,0.717331875341717,-0.339542607400226,0.757879721425085,0.859039124500124,0.710176794083673,"c103219-g2",1
"GO:0052547","GO:0052547","regulation of peptidase activity","1/62","119/5248",0.00840336134453781,0.711303876389265,-0.348283743941764,0.760805931419558,0.861892034195583,0.712535324916027,"c101822-g1",1
"GO:0007033","GO:0007033","vacuole organization","1/62","120/5248",0.00833333333333333,0.705376344086022,-0.356959832923501,0.763697339540437,0.864237827550865,0.714474617268522,"c95060-g1",1
"GO:0050795","GO:0050795","regulation of behavior","1/62","120/5248",0.00833333333333333,0.705376344086022,-0.356959832923501,0.763697339540437,0.864237827550865,0.714474617268522,"c87684-g1",1
"GO:0060562","GO:0060562","epithelial tube morphogenesis","3/62","334/5248",0.00898203592814371,0.760285879853197,-0.494976288078319,0.765151711566432,0.865418638323795,0.71545080611164,"c103219-g2/c102958-g1/c101482-g1",3
"GO:0000139","GO:0000139","Golgi membrane","2/62","232/5248",0.00862068965517241,0.729699666295884,-0.460412314481973,0.767381866065694,0.867475152943828,0.717150948652517,"c104424-g4/c103705-g1",2
"GO:0003002","GO:0003002","regionalization","3/62","337/5248",0.00890207715133531,0.753517756293673,-0.511388247067909,0.770529511842822,0.870566068637867,0.719706241578963,"c103219-g2/c102958-g1/c104424-g4",3
"GO:0009948","GO:0009948","anterior/posterior axis specification","1/62","123/5248",0.00813008130081301,0.688172043010753,-0.382609536733265,0.772166801267038,0.871631505534418,0.720587049609601,"c102958-g1",1
"GO:0007420","GO:0007420","brain development","3/62","338/5248",0.00887573964497041,0.751288413819431,-0.516831222326825,0.77230027983249,0.871631505534418,0.720587049609601,"c102537-g1/c87684-g1/c95002-g1",3
"GO:0006518","GO:0006518","peptide metabolic process","3/62","339/5248",0.00884955752212389,0.749072223808164,-0.522260513526291,0.774060183385154,0.87314983728395,0.721842270639103,"c101822-g1/c101864-g1/c78921-g1",3
"GO:0061061","GO:0061061","muscle structure development","2/62","236/5248",0.00847457627118644,0.717331875341717,-0.485805501401862,0.77570122399414,0.874532536258918,0.722985362609212,"c103219-g2/c101822-g1",2
"GO:0045121","GO:0045121","membrane raft","1/62","125/5248",0.008,0.677161290322581,-0.399405050316336,0.777646441080466,0.874958559830295,0.723337560833362,"c102902-g1",1
"GO:0048599","GO:0048599","oocyte development","1/62","125/5248",0.008,0.677161290322581,-0.399405050316336,0.777646441080466,0.874958559830295,0.723337560833362,"c102958-g1",1
"GO:0098857","GO:0098857","membrane microdomain","1/62","125/5248",0.008,0.677161290322581,-0.399405050316336,0.777646441080466,0.874958559830295,0.723337560833362,"c102902-g1",1
"GO:0043312","GO:0043312","neutrophil degranulation","2/62","237/5248",0.00843881856540084,0.714305158568123,-0.492095610347261,0.777740942071373,0.874958559830295,0.723337560833362,"c104424-g3/c95060-g1",2
"GO:0005667","GO:0005667","transcription regulator complex","1/62","126/5248",0.00793650793650794,0.671786994367639,-0.407714720932092,0.78033742695847,0.876942700733478,0.724977871251648,"c101482-g1",1
"GO:0048545","GO:0048545","response to steroid hormone","1/62","126/5248",0.00793650793650794,0.671786994367639,-0.407714720932092,0.78033742695847,0.876942700733478,0.724977871251648,"c102902-g1",1
"GO:0002283","GO:0002283","neutrophil activation involved in immune response","2/62","240/5248",0.00833333333333333,0.705376344086022,-0.510829766032274,0.783765127899993,0.880324991657273,0.72777404718405,"c104424-g3/c95060-g1",2
"GO:0051146","GO:0051146","striated muscle cell differentiation","1/62","128/5248",0.0078125,0.661290322580645,-0.424162949355653,0.785623630038788,0.881604824269694,0.728832098436584,"c101822-g1",1
"GO:0042119","GO:0042119","neutrophil activation","2/62","241/5248",0.00829875518672199,0.702449471288984,-0.517029796788253,0.785741811564205,0.881604824269694,0.728832098436584,"c104424-g3/c95060-g1",2
"GO:0002446","GO:0002446","neutrophil mediated immunity","2/62","242/5248",0.00826446280991736,0.699546787523327,-0.523207827756365,0.787702945672231,0.882864504303203,0.729873489337481,"c104424-g3/c95060-g1",2
"GO:0036230","GO:0036230","granulocyte activation","2/62","242/5248",0.00826446280991736,0.699546787523327,-0.523207827756365,0.787702945672231,0.882864504303203,0.729873489337481,"c104424-g3/c95060-g1",2
"GO:0006457","GO:0006457","protein folding","1/62","130/5248",0.00769230769230769,0.651116625310174,-0.440389474454808,0.790784623231272,0.884435696508263,0.731172410668599,"c103705-g1",1
"GO:0008544","GO:0008544","epidermis development","1/62","130/5248",0.00769230769230769,0.651116625310174,-0.440389474454808,0.790784623231272,0.884435696508263,0.731172410668599,"c103219-g2",1
"GO:0015980","GO:0015980","energy derivation by oxidation of organic compounds","1/62","130/5248",0.00769230769230769,0.651116625310174,-0.440389474454808,0.790784623231272,0.884435696508263,0.731172410668599,"c101822-g1",1
"GO:0140014","GO:0140014","mitotic nuclear division","1/62","130/5248",0.00769230769230769,0.651116625310174,-0.440389474454808,0.790784623231272,0.884435696508263,0.731172410668599,"c102138-g1",1
"GO:0048732","GO:0048732","gland development","2/62","244/5248",0.00819672131147541,0.693812797461661,-0.535498696690263,0.791578901859802,0.884854122779588,0.731518328123876,"c103219-g2/c101822-g1",2
"GO:0007507","GO:0007507","heart development","2/62","245/5248",0.00816326530612245,0.690980908492429,-0.541611931064938,0.793493892778059,0.886054155986528,0.732510408357934,"c103219-g2/c101482-g1",2
"GO:0043299","GO:0043299","leukocyte degranulation","2/62","245/5248",0.00816326530612245,0.690980908492429,-0.541611931064938,0.793493892778059,0.886054155986528,0.732510408357934,"c104424-g3/c95060-g1",2
"GO:0006281","GO:0006281","DNA repair","2/62","246/5248",0.00813008130081301,0.688172043010753,-0.547703958565171,0.795393671784992,0.887704861038258,0.733875063806307,"c99537-g1/c101482-g1",2
"GO:0005576","GO:0005576","extracellular region","4/62","454/5248",0.00881057268722467,0.745772346170243,-0.619636256844296,0.796786295832165,0.888788103295837,0.734770591718556,"c104424-g3/c98407-g1/c28978-g1/c80891-g1",4
"GO:0000785","GO:0000785","chromatin","2/62","247/5248",0.00809716599190283,0.68538592137913,-0.553774970837043,0.797278323745968,0.888866146007946,0.73483511045991,"c91030-g1/c92636-g1",2
"GO:0015631","GO:0015631","tubulin binding","1/62","133/5248",0.0075187969924812,0.636429784137764,-0.464329653738761,0.798297709833999,0.889531733815028,0.735385358989382,"c102138-g1",1
"GO:0060322","GO:0060322","head development","3/62","354/5248",0.00847457627118644,0.717331875341717,-0.60211799493746,0.799177435663124,0.890041078533336,0.735806439693176,"c102537-g1/c87684-g1/c95002-g1",3
"GO:0043603","GO:0043603","amide metabolic process","4/62","456/5248",0.0087719298245614,0.742501414827391,-0.629120713592845,0.799663867766944,0.89011210651014,0.735865159278138,"c101822-g1/c94480-g1/c101864-g1/c78921-g1",4
"GO:0008283","GO:0008283","cell population proliferation","3/62","355/5248",0.00845070422535211,0.71531122217174,-0.607340212777691,0.800768069136714,0.890660743214846,0.736318723085597,"c101822-g1/c102958-g1/c104424-g3",3
"GO:0002444","GO:0002444","myeloid leukocyte mediated immunity","2/62","249/5248",0.00803212851405622,0.679880813576888,-0.565854703620009,0.801002586727881,0.890660743214846,0.736318723085597,"c104424-g3/c95060-g1",2
"GO:0007051","GO:0007051","spindle organization","1/62","135/5248",0.00740740740740741,0.62700119474313,-0.480033503089749,0.803158299739589,0.892586479816134,0.737910750045427,"c102138-g1",1
"GO:0009791","GO:0009791","post-embryonic development","4/62","459/5248",0.00871459694989107,0.737648464403683,-0.643283860519293,0.80392043383277,0.892962254035766,0.73822140659527,"c101113-g1/c103219-g2/c104424-g4/c101482-g1",4
"GO:0000976","GO:0000976","transcription cis-regulatory region binding","1/62","136/5248",0.00735294117647059,0.622390891840607,-0.487811027106748,0.805545193034356,0.893824118298395,0.738933918961136,"c103705-g1",1
"GO:0140013","GO:0140013","meiotic nuclear division","1/62","136/5248",0.00735294117647059,0.622390891840607,-0.487811027106748,0.805545193034356,0.893824118298395,0.738933918961136,"c102138-g1",1
"GO:0005525","GO:0005525","GTP binding","1/62","137/5248",0.0072992700729927,0.617847892630092,-0.4955400069273,0.807903604229949,0.895026296953325,0.739927772859899,"c95060-g1",1
"GO:0005802","GO:0005802","trans-Golgi network","1/62","137/5248",0.0072992700729927,0.617847892630092,-0.4955400069273,0.807903604229949,0.895026296953325,0.739927772859899,"c95060-g1",1
"GO:0045732","GO:0045732","positive regulation of protein catabolic process","1/62","137/5248",0.0072992700729927,0.617847892630092,-0.4955400069273,0.807903604229949,0.895026296953325,0.739927772859899,"c101822-g1",1
"GO:0016241","GO:0016241","regulation of macroautophagy","1/62","138/5248",0.0072463768115942,0.613370733987845,-0.503221211249669,0.810233867688713,0.896664490463704,0.741282084883774,"c101822-g1",1
"GO:0043547","GO:0043547","positive regulation of GTPase activity","1/62","138/5248",0.0072463768115942,0.613370733987845,-0.503221211249669,0.810233867688713,0.896664490463704,0.741282084883774,"c101822-g1",1
"GO:0009880","GO:0009880","embryonic pattern specification","1/62","139/5248",0.00719424460431655,0.608957994894407,-0.510855390687179,0.812536313912451,0.898740271585935,0.742998155247232,"c102958-g1",1
"GO:0006650","GO:0006650","glycerophospholipid metabolic process","1/62","140/5248",0.00714285714285714,0.604608294930876,-0.518443278327057,0.814811269586247,0.899838769663679,0.743906295308505,"c95060-g1",1
"GO:0007476","GO:0007476","imaginal disc-derived wing morphogenesis","1/62","140/5248",0.00714285714285714,0.604608294930876,-0.518443278327057,0.814811269586247,0.899838769663679,0.743906295308505,"c103219-g2",1
"GO:1902115","GO:1902115","regulation of organelle assembly","1/62","140/5248",0.00714285714285714,0.604608294930876,-0.518443278327057,0.814811269586247,0.899838769663679,0.743906295308505,"c40816-g1",1
"GO:0001501","GO:0001501","skeletal system development","1/62","141/5248",0.00709219858156028,0.600320292839167,-0.525985590268017,0.81705905762181,0.901375785935847,0.745176963031884,"c102902-g1",1
"GO:0051260","GO:0051260","protein homooligomerization","1/62","141/5248",0.00709219858156028,0.600320292839167,-0.525985590268017,0.81705905762181,0.901375785935847,0.745176963031884,"c87684-g1",1
"GO:0032550","GO:0032550","purine ribonucleoside binding","1/62","142/5248",0.00704225352112676,0.596092685143117,-0.533483026137552,0.819279997200319,0.902879996914637,0.746420510269811,"c95060-g1",1
"GO:0033218","GO:0033218","amide binding","1/62","142/5248",0.00704225352112676,0.596092685143117,-0.533483026137552,0.819279997200319,0.902879996914637,0.746420510269811,"c101392-g1",1
"GO:0007472","GO:0007472","wing disc morphogenesis","1/62","143/5248",0.00699300699300699,0.591924204827431,-0.54093626958984,0.821474403814808,0.90435185281442,0.747637309219299,"c103219-g2",1
"GO:0032549","GO:0032549","ribonucleoside binding","1/62","143/5248",0.00699300699300699,0.591924204827431,-0.54093626958984,0.821474403814808,0.90435185281442,0.747637309219299,"c95060-g1",1
"GO:0008610","GO:0008610","lipid biosynthetic process","2/62","261/5248",0.00766283524904215,0.648621925596342,-0.636664080950598,0.822122904146153,0.904592913339497,0.747836596522981,"c101392-g1/c95060-g1",2
"GO:0001883","GO:0001883","purine nucleoside binding","1/62","144/5248",0.00694444444444444,0.587813620071685,-0.548345988785118,0.823642589312062,0.905791797958853,0.748827727207449,"c95060-g1",1
"GO:0032561","GO:0032561","guanyl ribonucleotide binding","1/62","145/5248",0.00689655172413793,0.583759733036707,-0.555712836851346,0.825784861934055,0.907200270857131,0.749992126754483,"c95060-g1",1
"GO:0098813","GO:0098813","nuclear chromosome segregation","1/62","145/5248",0.00689655172413793,0.583759733036707,-0.555712836851346,0.825784861934055,0.907200270857131,0.749992126754483,"c102138-g1",1
"GO:0009314","GO:0009314","response to radiation","2/62","264/5248",0.00757575757575758,0.641251221896383,-0.65394089564463,0.827085709809143,0.908104486724941,0.750739651643451,"c101822-g1/c102902-g1",2
"GO:0001882","GO:0001882","nucleoside binding","1/62","146/5248",0.00684931506849315,0.57976137870084,-0.563037452328928,0.827901526358921,0.908104486724941,0.750739651643451,"c95060-g1",1
"GO:0006066","GO:0006066","alcohol metabolic process","1/62","146/5248",0.00684931506849315,0.57976137870084,-0.563037452328928,0.827901526358921,0.908104486724941,0.750739651643451,"c101392-g1",1
"GO:0043009","GO:0043009","chordate embryonic development","2/62","265/5248",0.00754716981132075,0.638831405964699,-0.659663709411469,0.828712689920451,0.908521043712894,0.751084023742253,"c98789-g1/c101822-g1",2
"GO:0030139","GO:0030139","endocytic vesicle","1/62","147/5248",0.00680272108843537,0.575817423743691,-0.570320459599238,0.829992883741466,0.908870535528582,0.751372952348815,"c95060-g1",1
"GO:0042692","GO:0042692","muscle cell differentiation","1/62","147/5248",0.00680272108843537,0.575817423743691,-0.570320459599238,0.829992883741466,0.908870535528582,0.751372952348815,"c101822-g1",1
"GO:0002443","GO:0002443","leukocyte mediated immunity","2/62","266/5248",0.0075187969924812,0.636429784137764,-0.665368712689273,0.83032616826068,0.908870535528582,0.751372952348815,"c104424-g3/c95060-g1",2
"GO:0051345","GO:0051345","positive regulation of hydrolase activity","2/62","267/5248",0.00749063670411985,0.634046151987435,-0.671056053743993,0.83192623017709,0.910148904287247,0.752429793417857,"c101822-g1/c104424-g3",2
"GO:0006974","GO:0006974","DNA damage response","3/62","377/5248",0.00795755968169761,0.673568922734663,-0.719263843159073,0.833230587255281,0.911102604755775,0.753218227753312,"c101822-g1/c99537-g1/c101482-g1",3
"GO:0019001","GO:0019001","guanyl nucleotide binding","1/62","150/5248",0.00666666666666667,0.564301075268817,-0.591925872164836,0.836118073171524,0.913785501867789,0.755436207372081,"c95060-g1",1
"GO:0030031","GO:0030031","cell projection assembly","2/62","270/5248",0.00740740740740741,0.62700119474313,-0.688013559232566,0.836646769361956,0.913889054085207,0.755521815093184,"c105479-g1/c40816-g1",2
"GO:0031503","GO:0031503","protein-containing complex localization","1/62","151/5248",0.00662251655629139,0.560563982055116,-0.599048421387409,0.83811114485912,0.915014033734218,0.756451847751485,"c102958-g1",1
"GO:0046914","GO:0046914","transition metal ion binding","2/62","272/5248",0.00735294117647059,0.622390891840607,-0.699232889798388,0.839728273321913,0.916214006315196,0.757443877865414,"c102537-g1/c95002-g1",2
"GO:0000981","GO:0000981","DNA-binding transcription factor activity, RNA polymerase II-specific","1/62","152/5248",0.00657894736842105,0.556876061120543,-0.606132285873258,0.840080363815121,0.916214006315196,0.757443877865414,"c103705-g1",1
"GO:0005694","GO:0005694","chromosome","4/62","488/5248",0.00819672131147541,0.693812797461661,-0.776476989492094,0.841483258552556,0.91726901786319,0.758316067149356,"c91030-g1/c92636-g1/c102138-g1/c101482-g1",4
"GO:0001568","GO:0001568","blood vessel development","1/62","157/5248",0.00636942675159236,0.53914115471543,-0.64099010546435,0.849578383993734,0.925135510181387,0.764819380136959,"c101822-g1",1
"GO:0048562","GO:0048562","embryonic organ morphogenesis","1/62","157/5248",0.00636942675159236,0.53914115471543,-0.64099010546435,0.849578383993734,0.925135510181387,0.764819380136959,"c101482-g1",1
"GO:0090150","GO:0090150","establishment of protein localization to membrane","1/62","158/5248",0.00632911392405063,0.535728868926092,-0.647852967654419,0.851410271676387,0.926318834231527,0.765797646733116,"c103219-g2",1
"GO:0030162","GO:0030162","regulation of proteolysis","2/62","280/5248",0.00714285714285714,0.604608294930876,-0.743448512273974,0.851544759293559,0.926318834231527,0.765797646733116,"c101822-g1/c102902-g1",2
"GO:1990837","GO:1990837","sequence-specific double-stranded DNA binding","1/62","159/5248",0.00628930817610063,0.532359504970582,-0.65468074646795,0.853220205498796,0.92766223685104,0.766908251987615,"c103705-g1",1
"GO:0035114","GO:0035114","imaginal disc-derived appendage morphogenesis","1/62","160/5248",0.00625,0.529032258064516,-0.66147391497611,0.855008444299951,0.928168960667885,0.767327165964253,"c103219-g2",1
"GO:0035120","GO:0035120","post-embryonic appendage morphogenesis","1/62","160/5248",0.00625,0.529032258064516,-0.66147391497611,0.855008444299951,0.928168960667885,0.767327165964253,"c103219-g2",1
"GO:0043087","GO:0043087","regulation of GTPase activity","1/62","160/5248",0.00625,0.529032258064516,-0.66147391497611,0.855008444299951,0.928168960667885,0.767327165964253,"c101822-g1",1
"GO:2000241","GO:2000241","regulation of reproductive process","1/62","162/5248",0.00617283950617284,0.522500995619275,-0.674958265987095,0.858520857221301,0.931307667483475,0.769921968319922,"c87684-g1",1
"GO:0005789","GO:0005789","endoplasmic reticulum membrane","3/62","397/5248",0.00755667506297229,0.639635979523848,-0.816499945850166,0.858784183405939,0.931307667483475,0.769921968319922,"c98789-g1/c103705-g1/c101392-g1",3
"GO:0007283","GO:0007283","spermatogenesis","2/62","286/5248",0.00699300699300699,0.591924204827431,-0.775944381455932,0.859890862437325,0.931932661994325,0.770438657939028,"c103611-g2/c102958-g1",2
"GO:0048469","GO:0048469","cell maturation","1/62","163/5248",0.00613496932515337,0.519295468038789,-0.681650348008937,0.860245534148607,0.931932661994325,0.770438657939028,"c102958-g1",1
"GO:0098827","GO:0098827","endoplasmic reticulum subcompartment","3/62","399/5248",0.0075187969924812,0.636429784137764,-0.826007088816694,0.861145826947131,0.932428334987484,0.770848436082021,"c98789-g1/c103705-g1/c101392-g1",3
"GO:0034976","GO:0034976","response to endoplasmic reticulum stress","1/62","164/5248",0.00609756097560976,0.516129032258065,-0.688309619244804,0.861949521736176,0.932818958261247,0.771171368503075,"c103705-g1",1
"GO:0035282","GO:0035282","segmentation","1/62","165/5248",0.00606060606060606,0.513000977517106,-0.694936507587261,0.863633064154028,0.933974566845651,0.772126722428504,"c102958-g1",1
"GO:0072594","GO:0072594","establishment of protein localization to organelle","2/62","289/5248",0.0069204152249135,0.585779662908807,-0.791987643121507,0.863904300197212,0.933974566845651,0.772126722428504,"c101822-g1/c89492-g1",2
"GO:0003924","GO:0003924","GTPase activity","1/62","167/5248",0.00598802395209581,0.506857253235465,-0.708094805675098,0.866939776022211,0.936294958103988,0.774045014596889,"c95060-g1",1
"GO:0006644","GO:0006644","phospholipid metabolic process","1/62","167/5248",0.00598802395209581,0.506857253235465,-0.708094805675098,0.866939776022211,0.936294958103988,0.774045014596889,"c95060-g1",1
"GO:0048737","GO:0048737","imaginal disc-derived appendage development","1/62","169/5248",0.00591715976331361,0.500858942546287,-0.721128502421335,0.870167567009826,0.939299280431929,0.776528719865252,"c103219-g2",1
"GO:0008134","GO:0008134","transcription factor binding","2/62","295/5248",0.00677966101694915,0.573865500273373,-0.823680264994834,0.871622930157887,0.940046418643553,0.777146386982774,"c102902-g1/c101482-g1",2
"GO:0005840","GO:0005840","ribosome","1/62","170/5248",0.00588235294117647,0.497912713472486,-0.727599610142623,0.871752448058338,0.940046418643553,0.777146386982774,"c101482-g1",1
"GO:0005769","GO:0005769","early endosome","1/62","171/5248",0.00584795321637427,0.495000943218261,-0.734040734456156,0.873318290559398,0.940771519139689,0.777745835286173,"c95060-g1",1
"GO:0031647","GO:0031647","regulation of protein stability","1/62","171/5248",0.00584795321637427,0.495000943218261,-0.734040734456156,0.873318290559398,0.940771519139689,0.777745835286173,"c104424-g3",1
"GO:0046486","GO:0046486","glycerolipid metabolic process","1/62","174/5248",0.00574712643678161,0.486466444197256,-0.753187910126133,0.877903823707717,0.945227736568739,0.781429837699152,"c95060-g1",1
"GO:0009952","GO:0009952","anterior/posterior pattern specification","1/62","175/5248",0.00571428571428571,0.4836866359447,-0.759512769803207,0.879395735991935,0.946350240163013,0.78235782337663,"c102958-g1",1
"GO:0045862","GO:0045862","positive regulation of proteolysis","1/62","176/5248",0.00568181818181818,0.480938416422287,-0.765809446971968,0.880869708861736,0.947452301768548,0.783268909444284,"c101822-g1",1
"GO:0001067","GO:0001067","transcription regulatory region nucleic acid binding","1/62","177/5248",0.00564971751412429,0.478221250227811,-0.772078282223044,0.882325954534168,0.947566782380906,0.783363551785884,"c103705-g1",1
"GO:0007059","GO:0007059","chromosome segregation","1/62","177/5248",0.00564971751412429,0.478221250227811,-0.772078282223044,0.882325954534168,0.947566782380906,0.783363551785884,"c102138-g1",1
"GO:1903046","GO:1903046","meiotic cell cycle process","1/62","177/5248",0.00564971751412429,0.478221250227811,-0.772078282223044,0.882325954534168,0.947566782380906,0.783363551785884,"c102138-g1",1
"GO:1903047","GO:1903047","mitotic cell cycle process","3/62","430/5248",0.00697674418604651,0.590547636909227,-0.968811605239238,0.893637403932793,0.959225470276484,0.793001913249015,"c102902-g1/c102958-g1/c102138-g1",3
"GO:0007018","GO:0007018","microtubule-based movement","1/62","190/5248",0.00526315789473684,0.445500848896435,-0.851183887839974,0.899736159185053,0.964297379767797,0.797194914847771,"c102138-g1",1
"GO:0007560","GO:0007560","imaginal disc morphogenesis","1/62","190/5248",0.00526315789473684,0.445500848896435,-0.851183887839974,0.899736159185053,0.964297379767797,0.797194914847771,"c103219-g2",1
"GO:0010008","GO:0010008","endosome membrane","1/62","190/5248",0.00526315789473684,0.445500848896435,-0.851183887839974,0.899736159185053,0.964297379767797,0.797194914847771,"c95060-g1",1
"GO:0035220","GO:0035220","wing disc development","1/62","191/5248",0.00523560209424084,0.443168383718966,-0.857095497165989,0.900965174236561,0.96512342672543,0.797877816666098,"c103219-g2",1
"GO:0016607","GO:0016607","nuclear speck","1/62","193/5248",0.00518134715025907,0.438575965234832,-0.868848781071978,0.903378905332306,0.966805976916762,0.799268798830572,"c101482-g1",1
"GO:0019752","GO:0019752","carboxylic acid metabolic process","3/62","441/5248",0.00680272108843537,0.575817423743691,-1.01758378918493,0.903454018315379,0.966805976916762,0.799268798830572,"c101822-g1/c101864-g1/c78921-g1",3
"GO:0051321","GO:0051321","meiotic cell cycle","1/62","195/5248",0.00512820512820513,0.434077750206782,-0.880510514049088,0.905734733703947,0.968754367283145,0.800879553899296,"c102138-g1",1
"GO:0005768","GO:0005768","endosome","3/62","445/5248",0.00674157303370787,0.570641536788692,-1.0350917821515,0.906820646188584,0.969423492829014,0.801432727115104,"c96969-g1/c95060-g1/c40816-g1",3
"GO:0003700","GO:0003700","DNA-binding transcription factor activity","1/62","200/5248",0.005,0.423225806451613,-0.909277125928348,0.911379871844795,0.973625729305982,0.804906760769778,"c103705-g1",1
"GO:0035239","GO:0035239","tube morphogenesis","3/62","451/5248",0.00665188470066519,0.563049853372434,-1.06113446835753,0.911676133994016,0.973625729305982,0.804906760769778,"c103219-g2/c102958-g1/c101482-g1",3
"GO:0033365","GO:0033365","protein localization to organelle","3/62","452/5248",0.00663716814159292,0.561804167856123,-1.06544980273518,0.912463212955042,0.973904640119574,0.805137339310129,"c101822-g1/c96969-g1/c89492-g1",3
"GO:0035639","GO:0035639","purine ribonucleoside triphosphate binding","2/62","334/5248",0.00598802395209581,0.506857253235465,-1.01827112285572,0.912862184043703,0.973904640119574,0.805137339310129,"c101822-g1/c95060-g1",2
"GO:0005524","GO:0005524","ATP binding","1/62","204/5248",0.00490196078431373,0.414927261227071,-0.931906901853815,0.915655326063923,0.975402183455043,0.806375374336303,"c101822-g1",1
"GO:0005975","GO:0005975","carbohydrate metabolic process","1/62","204/5248",0.00490196078431373,0.414927261227071,-0.931906901853815,0.915655326063923,0.975402183455043,0.806375374336303,"c101822-g1",1
"GO:0006417","GO:0006417","regulation of translation","1/62","204/5248",0.00490196078431373,0.414927261227071,-0.931906901853815,0.915655326063923,0.975402183455043,0.806375374336303,"c102902-g1",1
"GO:0035107","GO:0035107","appendage morphogenesis","1/62","205/5248",0.0048780487804878,0.412903225806452,-0.937512919385218,0.916692076615873,0.976012898560682,0.806880259019027,"c103219-g2",1
"GO:0006629","GO:0006629","lipid metabolic process","3/62","460/5248",0.00652173913043478,0.55203366058906,-1.09972056760772,0.918538970189288,0.977485129468742,0.808097367991852,"c101822-g1/c101392-g1/c95060-g1",3
"GO:0000226","GO:0000226","microtubule cytoskeleton organization","2/62","343/5248",0.00583090379008746,0.493557791780307,-1.06069999926806,0.920462503668298,0.979037390265371,0.809380638525978,"c102958-g1/c102138-g1",2
"GO:0043436","GO:0043436","oxoacid metabolic process","3/62","464/5248",0.00646551724137931,0.547274749721913,-1.11669158359319,0.921433665469635,0.979575618111586,0.809825597219255,"c101822-g1/c101864-g1/c78921-g1",3
"GO:0006082","GO:0006082","organic acid metabolic process","3/62","467/5248",0.00642398286937901,0.543759066104856,-1.12934968904286,0.923544068234455,0.981323818214815,0.811270852865149,"c101822-g1/c101864-g1/c78921-g1",3
"GO:0006605","GO:0006605","protein targeting","1/62","216/5248",0.00462962962962963,0.391875746714456,-0.997893064740303,0.927300641429111,0.984322152646023,0.813749607875504,"c103219-g2",1
"GO:0008340","GO:0008340","determination of adult lifespan","1/62","216/5248",0.00462962962962963,0.391875746714456,-0.997893064740303,0.927300641429111,0.984322152646023,0.813749607875504,"c101822-g1",1
"GO:0048193","GO:0048193","Golgi vesicle transport","1/62","217/5248",0.00460829493087558,0.390069867697339,-1.00327021277452,0.928196380743777,0.984776613524632,0.814125315524437,"c95060-g1",1
"GO:0021700","GO:0021700","developmental maturation","1/62","218/5248",0.00458715596330275,0.388280556377627,-1.00862948531007,0.92908125937504,0.985219099820662,0.814491123658407,"c102958-g1",1
"GO:0048707","GO:0048707","instar larval or pupal morphogenesis","1/62","219/5248",0.0045662100456621,0.38650758580056,-1.0139710540281,0.929955406873797,0.985649766923108,0.814847160739152,"c103219-g2",1
"GO:0016491","GO:0016491","oxidoreductase activity","2/62","359/5248",0.00557103064066852,0.471560787132716,-1.1341418160799,0.932482275140993,0.986872378257697,0.815857906551822,"c101392-g1/c101482-g1",2
"GO:0010506","GO:0010506","regulation of autophagy","1/62","222/5248",0.0045045045045045,0.381284510316768,-1.029891217202,0.932514735390702,0.986872378257697,0.815857906551822,"c101822-g1",1
"GO:0048736","GO:0048736","appendage development","1/62","222/5248",0.0045045045045045,0.381284510316768,-1.029891217202,0.932514735390702,0.986872378257697,0.815857906551822,"c103219-g2",1
"GO:0000166","GO:0000166","nucleotide binding","3/62","484/5248",0.00619834710743802,0.524660090642495,-1.19998606859041,0.934572437455895,0.988165868323745,0.816927248566739,"c101822-g1/c101392-g1/c95060-g1",3
"GO:1901265","GO:1901265","nucleoside phosphate binding","3/62","485/5248",0.00618556701030928,0.523578317259727,-1.20408519888521,0.935174196257597,0.988165868323745,0.816927248566739,"c101822-g1/c101392-g1/c95060-g1",3
"GO:0005730","GO:0005730","nucleolus","3/62","486/5248",0.00617283950617284,0.522500995619275,-1.20817829716647,0.935770961871313,0.988165868323745,0.816927248566739,"c101482-g1/c101864-g1/c78921-g1",3
"GO:0032555","GO:0032555","purine ribonucleotide binding","2/62","364/5248",0.00549450549450549,0.465083303792981,-1.15660253127223,0.935878200224529,0.988165868323745,0.816927248566739,"c101822-g1/c95060-g1",2
"GO:0006091","GO:0006091","generation of precursor metabolites and energy","1/62","227/5248",0.00440528634361234,0.372886173085122,-1.05608607179372,0.936577318647842,0.988165868323745,0.816927248566739,"c101822-g1",1
"GO:0006366","GO:0006366","transcription by RNA polymerase II","1/62","228/5248",0.0043859649122807,0.371250707413696,-1.06127563812243,0.937360470658166,0.988165868323745,0.816927248566739,"c103705-g1",1
"GO:0000278","GO:0000278","mitotic cell cycle","3/62","489/5248",0.00613496932515337,0.519295468038789,-1.22042168101763,0.937531647094632,0.988165868323745,0.816927248566739,"c102902-g1/c102958-g1/c102138-g1",3
"GO:0032559","GO:0032559","adenyl ribonucleotide binding","1/62","229/5248",0.00436681222707424,0.369629525285251,-1.0664490886452,0.938134106279519,0.988165868323745,0.816927248566739,"c101822-g1",1
"GO:0060249","GO:0060249","anatomical structure homeostasis","1/62","229/5248",0.00436681222707424,0.369629525285251,-1.0664490886452,0.938134106279519,0.988165868323745,0.816927248566739,"c101482-g1",1
"GO:0098796","GO:0098796","membrane protein complex","2/62","368/5248",0.00543478260869565,0.460028050490884,-1.17441156316743,0.938479910295017,0.988165868323745,0.816927248566739,"c102902-g1/c102958-g1",2
"GO:0007552","GO:0007552","metamorphosis","1/62","230/5248",0.00434782608695652,0.368022440392707,-1.07160657022536,0.938898339276265,0.988165868323745,0.816927248566739,"c103219-g2",1
"GO:0032553","GO:0032553","ribonucleotide binding","2/62","372/5248",0.00537634408602151,0.455081512313562,-1.19208242384054,0.940983107553247,0.989531636965713,0.818056344050228,"c101822-g1/c95060-g1",2
"GO:0030554","GO:0030554","adenyl nucleotide binding","1/62","233/5248",0.00429184549356223,0.363283954035719,-1.08698463998483,0.941135740191037,0.989531636965713,0.818056344050228,"c101822-g1",1
"GO:0000280","GO:0000280","nuclear division","1/62","234/5248",0.00427350427350427,0.361731458505652,-1.09207967473622,0.941863473811806,0.989802632658515,0.818280379075915,"c102138-g1",1
"GO:0009886","GO:0009886","post-embryonic animal morphogenesis","1/62","236/5248",0.00423728813559322,0.358665937670858,-1.10222408731989,0.943292486339937,0.990419613185435,0.818790443449147,"c103219-g2",1
"GO:0017076","GO:0017076","purine nucleotide binding","2/62","376/5248",0.00531914893617021,0.450240219629375,-1.20961835309364,0.943391141524208,0.990419613185435,0.818790443449147,"c101822-g1/c95060-g1",2
"GO:0033044","GO:0033044","regulation of chromosome organization","1/62","238/5248",0.00420168067226891,0.355651938194633,-1.11230851720352,0.944686926142253,0.991285832812947,0.819506556441552,"c104424-g3",1
"GO:0016567","GO:0016567","protein ubiquitination","1/62","240/5248",0.00416666666666667,0.352688172043011,-1.12233401150157,0.946047616266771,0.9922192628774,0.820278233018053,"c101822-g1",1
"GO:0000228","GO:0000228","nuclear chromosome","1/62","247/5248",0.00404858299595142,0.342692960689565,-1.15697361071932,0.950555688718529,0.9964511102246,0.823776746294541,"c101482-g1",1
"GO:0048285","GO:0048285","organelle fission","1/62","249/5248",0.00401606425702811,0.339940406788444,-1.16674614121568,0.951774184003842,0.997232055478652,0.824422362054126,"c102138-g1",1
"GO:0006259","GO:0006259","DNA metabolic process","2/62","398/5248",0.0050251256281407,0.425352569298103,-1.30378883201169,0.955075315629029,1,0.826710651272055,"c99537-g1/c101482-g1",2
"GO:0002165","GO:0002165","instar larval or pupal development","1/62","258/5248",0.00387596899224806,0.328082020505126,-1.21007130687424,0.956901696249495,1,0.826710651272055,"c103219-g2",1
"GO:0032446","GO:0032446","protein modification by small protein conjugation","1/62","258/5248",0.00387596899224806,0.328082020505126,-1.21007130687424,0.956901696249495,1,0.826710651272055,"c101822-g1",1
"GO:0051336","GO:0051336","regulation of hydrolase activity","2/62","405/5248",0.00493827160493827,0.41800079649542,-1.33299275206043,0.958290855897113,1,0.826710651272055,"c101822-g1/c104424-g3",2
"GO:0030097","GO:0030097","hemopoiesis","1/62","263/5248",0.00380228136882129,0.321844719735067,-1.23369998986793,0.959514455093635,1,0.826710651272055,"c102902-g1",1
"GO:0007444","GO:0007444","imaginal disc development","1/62","271/5248",0.003690036900369,0.312343768598976,-1.27088814489383,0.963374241991054,1,0.826710651272055,"c103219-g2",1
"GO:0048534","GO:0048534","hematopoietic or lymphoid organ development","1/62","283/5248",0.00353356890459364,0.299099509859797,-1.32533319496516,0.968494640684618,1,0.826710651272055,"c102902-g1",1
"GO:0090407","GO:0090407","organophosphate biosynthetic process","1/62","286/5248",0.0034965034965035,0.295962102413715,-1.33870780239025,0.969660456713884,1,0.826710651272055,"c95060-g1",1
"GO:0097367","GO:0097367","carbohydrate derivative binding","2/62","441/5248",0.00453514739229025,0.383878282495794,-1.47803211869368,0.971678358086767,1,0.826710651272055,"c101822-g1/c95060-g1",2
"GO:0002520","GO:0002520","immune system development","1/62","295/5248",0.00338983050847458,0.286932750136687,-1.37829587067778,0.972909126664325,1,0.826710651272055,"c102902-g1",1
"GO:0007017","GO:0007017","microtubule-based process","2/62","462/5248",0.00432900432900433,0.366429269655076,-1.55906731471533,0.977488716246751,1,0.826710651272055,"c102958-g1/c102138-g1",2
"GO:0044283","GO:0044283","small molecule biosynthetic process","1/62","325/5248",0.00307692307692308,0.260446650124069,-1.50498229850536,0.981455394155589,1,0.826710651272055,"c101392-g1",1
"GO:0070647","GO:0070647","protein modification by small protein conjugation or removal","1/62","383/5248",0.00261096605744125,0.221005643055673,-1.73112088911029,0.991146835501,1,0.826710651272055,"c101822-g1",1
"GO:0017111","GO:0017111","ribonucleoside triphosphate phosphatase activity","1/62","466/5248",0.00214592274678112,0.18164197701786,-2.02332961190172,0.996974476624981,1,0.826710651272055,"c95060-g1",1
"GO:0016462","GO:0016462","pyrophosphatase activity","1/62","482/5248",0.0020746887966805,0.175612367822246,-2.07640988836538,0.997545427436858,1,0.826710651272055,"c95060-g1",1
"GO:0016817","GO:0016817","hydrolase activity, acting on acid anhydrides","1/62","482/5248",0.0020746887966805,0.175612367822246,-2.07640988836538,0.997545427436858,1,0.826710651272055,"c95060-g1",1
"GO:0016818","GO:0016818","hydrolase activity, acting on acid anhydrides, in phosphorus-containing anhydrides","1/62","482/5248",0.0020746887966805,0.175612367822246,-2.07640988836538,0.997545427436858,1,0.826710651272055,"c95060-g1",1
"GO:1901135","GO:1901135","carbohydrate derivative metabolic process","1/62","490/5248",0.00204081632653061,0.172745227123107,-2.10261725116988,0.997789714312644,1,0.826710651272055,"c101822-g1",1
"GO:0070925","GO:0070925","organelle assembly","1/62","498/5248",0.00200803212851406,0.169970203394222,-2.12861280437412,0.998010042335061,1,0.826710651272055,"c95060-g1",1
"GO:0001570","GO:0001570","vasculogenesis","0/62","30/5248",0,0,-0.600542448900513,1,1,0.826710651272055,"",0
"GO:0001952","GO:0001952","regulation of cell-matrix adhesion","0/62","42/5248",0,0,-0.711389881935616,1,1,0.826710651272055,"",0
"GO:0001954","GO:0001954","positive regulation of cell-matrix adhesion","0/62","21/5248",0,0,-0.502017108507881,1,1,0.826710651272055,"",0
"GO:0002230","GO:0002230","positive regulation of defense response to virus by host","0/62","13/5248",0,0,-0.394683030123213,1,1,0.826710651272055,"",0
"GO:0002244","GO:0002244","hematopoietic progenitor cell differentiation","0/62","37/5248",0,0,-0.667383470608093,1,1,0.826710651272055,"",0
"GO:0002521","GO:0002521","leukocyte differentiation","0/62","117/5248",0,0,-1.19598861140262,1,1,0.826710651272055,"",0
"GO:0002683","GO:0002683","negative regulation of immune system process","0/62","113/5248",0,0,-1.17490869652455,1,1,0.826710651272055,"",0
"GO:0002685","GO:0002685","regulation of leukocyte migration","0/62","43/5248",0,0,-0.719878132754626,1,1,0.826710651272055,"",0
"GO:0002687","GO:0002687","positive regulation of leukocyte migration","0/62","27/5248",0,0,-0.569560884916279,1,1,0.826710651272055,"",0
"GO:0002688","GO:0002688","regulation of leukocyte chemotaxis","0/62","29/5248",0,0,-0.590392009689104,1,1,0.826710651272055,"",0
"GO:0002690","GO:0002690","positive regulation of leukocyte chemotaxis","0/62","20/5248",0,0,-0.489871675319734,1,1,0.826710651272055,"",0
"GO:0002695","GO:0002695","negative regulation of leukocyte activation","0/62","40/5248",0,0,-0.69411212121992,1,1,0.826710651272055,"",0
"GO:0007605","GO:0007605","sensory perception of sound","0/62","65/5248",0,0,-0.886954199910441,1,1,0.826710651272055,"",0
"GO:0008013","GO:0008013","beta-catenin binding","0/62","37/5248",0,0,-0.667383470608093,1,1,0.826710651272055,"",0
"GO:0030098","GO:0030098","lymphocyte differentiation","0/62","81/5248",0,0,-0.99164996136895,1,1,0.826710651272055,"",0
"GO:0030165","GO:0030165","PDZ domain binding","0/62","42/5248",0,0,-0.711389881935616,1,1,0.826710651272055,"",0
"GO:0030217","GO:0030217","T cell differentiation","0/62","55/5248",0,0,-0.815093263953727,1,1,0.826710651272055,"",0
"GO:0030308","GO:0030308","negative regulation of cell growth","0/62","65/5248",0,0,-0.886954199910441,1,1,0.826710651272055,"",0
"GO:0031398","GO:0031398","positive regulation of protein ubiquitination","0/62","66/5248",0,0,-0.893837115146635,1,1,0.826710651272055,"",0
"GO:0032421","GO:0032421","stereocilium bundle","0/62","37/5248",0,0,-0.667383470608093,1,1,0.826710651272055,"",0
"GO:0032479","GO:0032479","regulation of type I interferon production","0/62","46/5248",0,0,-0.744781469290825,1,1,0.826710651272055,"",0
"GO:0032481","GO:0032481","positive regulation of type I interferon production","0/62","23/5248",0,0,-0.525479637022448,1,1,0.826710651272055,"",0
"GO:0032648","GO:0032648","regulation of interferon-beta production","0/62","18/5248",0,0,-0.46464420897024,1,1,0.826710651272055,"",0
"GO:0032675","GO:0032675","regulation of interleukin-6 production","0/62","16/5248",0,0,-0.437987024211672,1,1,0.826710651272055,"",0
"GO:0032680","GO:0032680","regulation of tumor necrosis factor production","0/62","26/5248",0,0,-0.558860430388967,1,1,0.826710651272055,"",0
"GO:0032720","GO:0032720","negative regulation of tumor necrosis factor production","0/62","10/5248",0,0,-0.346060773041259,1,1,0.826710651272055,"",0
"GO:0034121","GO:0034121","regulation of toll-like receptor signaling pathway","0/62","24/5248",0,0,-0.536832941386859,1,1,0.826710651272055,"",0
"GO:0035579","GO:0035579","specific granule membrane","0/62","35/5248",0,0,-0.648970985127592,1,1,0.826710651272055,"",0
"GO:0040036","GO:0040036","regulation of fibroblast growth factor receptor signaling pathway","0/62","17/5248",0,0,-0.451509841806964,1,1,0.826710651272055,"",0
"GO:0042059","GO:0042059","negative regulation of epidermal growth factor receptor signaling pathway","0/62","40/5248",0,0,-0.69411212121992,1,1,0.826710651272055,"",0
"GO:0042110","GO:0042110","T cell activation","0/62","81/5248",0,0,-0.99164996136895,1,1,0.826710651272055,"",0
"GO:0042471","GO:0042471","ear morphogenesis","0/62","46/5248",0,0,-0.744781469290825,1,1,0.826710651272055,"",0
"GO:0042472","GO:0042472","inner ear morphogenesis","0/62","41/5248",0,0,-0.702802439251898,1,1,0.826710651272055,"",0
"GO:0042490","GO:0042490","mechanoreceptor differentiation","0/62","56/5248",0,0,-0.822549025615181,1,1,0.826710651272055,"",0
"GO:0042581","GO:0042581","specific granule","0/62","60/5248",0,0,-0.851747293271024,1,1,0.826710651272055,"",0
"GO:0043506","GO:0043506","regulation of JUN kinase activity","0/62","38/5248",0,0,-0.676406943798273,1,1,0.826710651272055,"",0
"GO:0043583","GO:0043583","ear development","0/62","100/5248",0,0,-1.10386471540549,1,1,0.826710651272055,"",0
"GO:0045744","GO:0045744","negative regulation of G protein-coupled receptor signaling pathway","0/62","12/5248",0,0,-0.37916297721127,1,1,0.826710651272055,"",0
"GO:0048008","GO:0048008","platelet-derived growth factor receptor signaling pathway","0/62","11/5248",0,0,-0.362986251741834,1,1,0.826710651272055,"",0
"GO:0048514","GO:0048514","blood vessel morphogenesis","0/62","129/5248",0,0,-1.25729564428236,1,1,0.826710651272055,"",0
"GO:0048709","GO:0048709","oligodendrocyte differentiation","0/62","24/5248",0,0,-0.536832941386859,1,1,0.826710651272055,"",0
"GO:0048839","GO:0048839","inner ear development","0/62","95/5248",0,0,-1.07539212547612,1,1,0.826710651272055,"",0
"GO:0050688","GO:0050688","regulation of defense response to virus","0/62","37/5248",0,0,-0.667383470608093,1,1,0.826710651272055,"",0
"GO:0050691","GO:0050691","regulation of defense response to virus by host","0/62","13/5248",0,0,-0.394683030123213,1,1,0.826710651272055,"",0
"GO:0050709","GO:0050709","negative regulation of protein secretion","0/62","28/5248",0,0,-0.580067969198652,1,1,0.826710651272055,"",0
"GO:0050856","GO:0050856","regulation of T cell receptor signaling pathway","0/62","14/5248",0,0,-0.409621062106334,1,1,0.826710651272055,"",0
"GO:0050868","GO:0050868","negative regulation of T cell activation","0/62","24/5248",0,0,-0.536832941386859,1,1,0.826710651272055,"",0
"GO:0050885","GO:0050885","neuromuscular process controlling balance","0/62","27/5248",0,0,-0.569560884916279,1,1,0.826710651272055,"",0
"GO:0050905","GO:0050905","neuromuscular process","0/62","51/5248",0,0,-0.784591954267361,1,1,0.826710651272055,"",0
"GO:0050918","GO:0050918","positive chemotaxis","0/62","13/5248",0,0,-0.394683030123213,1,1,0.826710651272055,"",0
"GO:0050974","GO:0050974","detection of mechanical stimulus involved in sensory perception","0/62","13/5248",0,0,-0.394683030123213,1,1,0.826710651272055,"",0
"GO:0050982","GO:0050982","detection of mechanical stimulus","0/62","17/5248",0,0,-0.451509841806964,1,1,0.826710651272055,"",0
"GO:0051224","GO:0051224","negative regulation of protein transport","0/62","57/5248",0,0,-0.829940645097146,1,1,0.826710651272055,"",0
"GO:0051250","GO:0051250","negative regulation of lymphocyte activation","0/62","33/5248",0,0,-0.630035374188329,1,1,0.826710651272055,"",0
"GO:0051893","GO:0051893","regulation of focal adhesion assembly","0/62","26/5248",0,0,-0.558860430388967,1,1,0.826710651272055,"",0
"GO:0051894","GO:0051894","positive regulation of focal adhesion assembly","0/62","14/5248",0,0,-0.409621062106334,1,1,0.826710651272055,"",0
"GO:0051897","GO:0051897","positive regulation of phosphatidylinositol 3-kinase/protein kinase B signal transduction","0/62","39/5248",0,0,-0.685315012277138,1,1,0.826710651272055,"",0
"GO:0060113","GO:0060113","inner ear receptor cell differentiation","0/62","51/5248",0,0,-0.784591954267361,1,1,0.826710651272055,"",0
"GO:0060119","GO:0060119","inner ear receptor cell development","0/62","36/5248",0,0,-0.658239844615771,1,1,0.826710651272055,"",0
"GO:0070851","GO:0070851","growth factor receptor binding","0/62","35/5248",0,0,-0.648970985127592,1,1,0.826710651272055,"",0
"GO:0071622","GO:0071622","regulation of granulocyte chemotaxis","0/62","13/5248",0,0,-0.394683030123213,1,1,0.826710651272055,"",0
"GO:0071675","GO:0071675","regulation of mononuclear cell migration","0/62","10/5248",0,0,-0.346060773041259,1,1,0.826710651272055,"",0
"GO:0090109","GO:0090109","regulation of cell-substrate junction assembly","0/62","26/5248",0,0,-0.558860430388967,1,1,0.826710651272055,"",0
"GO:0090288","GO:0090288","negative regulation of cellular response to growth factor stimulus","0/62","47/5248",0,0,-0.752905765286929,1,1,0.826710651272055,"",0
"GO:1900744","GO:1900744","regulation of p38MAPK cascade","0/62","14/5248",0,0,-0.409621062106334,1,1,0.826710651272055,"",0
"GO:1901185","GO:1901185","negative regulation of ERBB signaling pathway","0/62","41/5248",0,0,-0.702802439251898,1,1,0.826710651272055,"",0
"GO:1901222","GO:1901222","regulation of non-canonical NF-kappaB signal transduction","0/62","27/5248",0,0,-0.569560884916279,1,1,0.826710651272055,"",0
"GO:1901890","GO:1901890","positive regulation of cell junction assembly","0/62","14/5248",0,0,-0.409621062106334,1,1,0.826710651272055,"",0
"GO:1902914","GO:1902914","regulation of protein polyubiquitination","0/62","10/5248",0,0,-0.346060773041259,1,1,0.826710651272055,"",0
"GO:1903038","GO:1903038","negative regulation of leukocyte cell-cell adhesion","0/62","24/5248",0,0,-0.536832941386859,1,1,0.826710651272055,"",0
"GO:1903322","GO:1903322","positive regulation of protein modification by small protein conjugation or removal","0/62","79/5248",0,0,-0.979141369390253,1,1,0.826710651272055,"",0
"GO:1903391","GO:1903391","regulation of adherens junction organization","0/62","31/5248",0,0,-0.610527947790829,1,1,0.826710651272055,"",0
"GO:1903393","GO:1903393","positive regulation of adherens junction organization","0/62","16/5248",0,0,-0.437987024211672,1,1,0.826710651272055,"",0
"GO:1903555","GO:1903555","regulation of tumor necrosis factor superfamily cytokine production","0/62","26/5248",0,0,-0.558860430388967,1,1,0.826710651272055,"",0
"GO:1903556","GO:1903556","negative regulation of tumor necrosis factor superfamily cytokine production","0/62","10/5248",0,0,-0.346060773041259,1,1,0.826710651272055,"",0
"GO:1904950","GO:1904950","negative regulation of establishment of protein localization","0/62","60/5248",0,0,-0.851747293271024,1,1,0.826710651272055,"",0
"GO:2000272","GO:2000272","negative regulation of signaling receptor activity","0/62","14/5248",0,0,-0.409621062106334,1,1,0.826710651272055,"",0
